/*******************************************************************************
 * Size: 20 px
 * Bpp: 4
 * Opts: --font font-tools\build\NotoSansArabic-600-ar.ttf -r 0x20-0xFFFF --size 20 --bpp 4 --format lvgl --lv-include lvgl.h --lv-font-name font_ar20 -o panel-firmware\main\fonts\font_ar20.c
 ******************************************************************************/

#ifdef LV_LVGL_H_INCLUDE_SIMPLE
#include "lvgl.h"
#else
#include "lvgl.h"
#endif

#ifndef FONT_AR20
#define FONT_AR20 1
#endif

#if FONT_AR20

/*-----------------
 *    BITMAPS
 *----------------*/

/*Store the image of the glyphs*/
static LV_ATTRIBUTE_LARGE_CONST const uint8_t glyph_bitmap[] = {
    /* U+0600 "؀" */
    0x0, 0xff, 0xe4, 0x18, 0x7, 0xff, 0x21, 0xbb,
    0x0, 0x3f, 0xf8, 0xef, 0x22, 0x20, 0xf, 0xfe,
    0x3c, 0x3, 0xf0, 0x0, 0x8c, 0xff, 0xf8, 0x6a,
    0x1, 0x1a, 0x95, 0x66, 0x7f, 0xf0, 0xe8, 0x0,
    0xf9, 0x4f, 0xc0, 0x1f, 0xfc, 0x82, 0x70,

    /* U+0601 "؁" */
    0x25, 0x0, 0x67, 0x18, 0x2a, 0xff, 0xf2, 0xc,
    0x2e, 0x81, 0xcc, 0x7a, 0x2a, 0xbf, 0xf9, 0x18,
    0x84, 0x9, 0x4, 0x84, 0xe0, 0x1f, 0xfc, 0x9c,
    0x20, 0xb0, 0x8a, 0x31, 0xcf, 0xff, 0xfe, 0x36,
    0x7, 0x59, 0x3, 0xa8, 0xe7, 0x18, 0x7, 0xff,
    0x1a, 0x85, 0x8b, 0x7e, 0x0, 0x3f, 0xf9, 0x77,
    0x80,

    /* U+0602 "؂" */
    0x0, 0xff, 0xe6, 0x26, 0xff, 0x28, 0x7, 0xff,
    0x14, 0xec, 0x80, 0x68, 0x40, 0x3f, 0xf8, 0x92,
    0xf, 0xe6, 0xa, 0x1, 0xff, 0xc6, 0x45, 0x10,
    0x1, 0x9f, 0xff, 0xc, 0x24, 0xe, 0x88, 0x2f,
    0x33, 0xff, 0x86, 0x66, 0xc5, 0x10, 0xf, 0xfe,
    0x31, 0x0,

    /* U+0603 "؃" */
    0x0, 0xff, 0xe5, 0x47, 0x7b, 0x80, 0x7f, 0xf1,
    0x9a, 0xd8, 0x29, 0xc4, 0x20, 0xc0, 0x3f, 0xf8,
    0xba, 0x82, 0xca, 0x56, 0x40, 0xa6, 0xcd, 0xff,
    0xc3, 0x74, 0x9, 0x80, 0x4c, 0x20, 0x24, 0x99,
    0xff, 0xe1, 0xc0, 0x0, 0x44, 0xc, 0xe0, 0x68,
    0x20, 0x1f, 0xfc, 0x44, 0x94, 0x10, 0x1, 0x46,
    0x0,

    /* U+0604 "؄" */
    0x0, 0xff, 0xed, 0xb5, 0x28, 0x7, 0xff, 0x72,
    0x17, 0xc0, 0x3f, 0xfa, 0xe4, 0x40, 0x9, 0xc1,
    0x0, 0x3f, 0xf9, 0xa2, 0xa8, 0x1, 0xf4, 0x6d,
    0x0, 0x34, 0x4, 0x80, 0x3f, 0xf9, 0x69, 0xf5,
    0x7a, 0x80, 0x1c, 0x81, 0xa0, 0x5, 0x0, 0x30,
    0x7, 0xff, 0x28, 0x6c, 0x40, 0x5, 0x72, 0x1,
    0x20, 0x80, 0x80, 0x7f, 0xf4, 0x24, 0x7, 0x70,
    0xc1, 0xb9, 0xda, 0x80, 0x16, 0xcc, 0xa0, 0x2,
    0x80, 0x7f, 0xf2, 0x8c, 0x18, 0x8f, 0x1c, 0x6,
    0x24, 0x46, 0x29, 0x92, 0x3, 0x8, 0x7, 0xc4,
    0x68, 0x9f, 0xfc, 0x3, 0x10, 0x10, 0xa, 0x31,
    0x44, 0xf, 0x35, 0x0, 0x5, 0x12, 0x0, 0x36,
    0x9c, 0xff, 0x6e, 0x5d, 0xff, 0xf0, 0x31, 0x41,
    0x90, 0x2, 0x3a, 0xef, 0xc2, 0x3b, 0xff, 0x6b,
    0x80, 0x2b, 0x25, 0x8c, 0x3, 0xff, 0x91, 0x6c,
    0x1, 0xff, 0xc4, 0xf0, 0x36, 0x9b, 0xce, 0xff,
    0xff, 0xe1, 0x76, 0x40, 0xb8, 0x7, 0xff, 0x11,
    0x7f, 0x25, 0x90, 0xc4, 0x3, 0xff, 0x84, 0x26,
    0xfc, 0x20, 0x1f, 0xfc, 0x40,

    /* U+0605 "؅" */
    0x0, 0x3f, 0xfb, 0x21, 0x0, 0x3f, 0xf8, 0x46,
    0xa0, 0x6, 0x80, 0x1, 0xbd, 0xfe, 0xdc, 0xbb,
    0xfd, 0x15, 0xd9, 0x60, 0x8, 0x4, 0x84, 0x0,
    0x89, 0x1a, 0x23, 0xe7, 0x51, 0x4, 0x4, 0x12,
    0xb7, 0xbf, 0xb8, 0x53, 0x10, 0xc, 0x24, 0x6b,
    0x19, 0xf4, 0x9, 0x9c, 0x1, 0x91, 0xeb, 0x3b,
    0xff, 0x76, 0xe5, 0x39, 0x80, 0x40,

    /* U+0606 "؆" */
    0x0, 0xff, 0xe2, 0x96, 0x9e, 0x36, 0x0, 0x53,
    0xf4, 0x6, 0x58, 0x72, 0xe0, 0x15, 0x2, 0x80,
    0x83, 0xf6, 0xd8, 0x4, 0x66, 0x6, 0x1, 0xf1,
    0x20, 0xe, 0xa0, 0xa0, 0x83, 0x0, 0xf9, 0x80,
    0xc9, 0x90, 0x33, 0xfe, 0x20, 0x3, 0x5, 0x0,
    0x14, 0xc0, 0x21, 0x0, 0x50, 0x30, 0x2, 0x2,
    0xff, 0xc6, 0x0, 0x32, 0x14, 0x52, 0x34, 0x0,
    0xf5, 0x87, 0xc0, 0x40, 0x7, 0xce, 0x8, 0x46,
    0x80, 0x1f, 0xa, 0x80, 0x20, 0x3, 0xfa, 0x41,
    0x10, 0x1, 0xfc, 0x65, 0x0, 0x1f, 0xf7, 0x18,
    0x7, 0x80,

    /* U+0607 "؇" */
    0x0, 0xe4, 0x80, 0xf, 0xf1, 0xd8, 0x7, 0xd3,
    0xf4, 0x2, 0x2f, 0x0, 0xf5, 0x2, 0x83, 0x82,
    0x88, 0x7, 0x19, 0x81, 0x84, 0x5a, 0xc0, 0x1e,
    0xa0, 0xa4, 0xed, 0x70, 0xf, 0x30, 0x19, 0x9,
    0x6, 0x7f, 0xc4, 0x0, 0x60, 0xa0, 0x2, 0x98,
    0x4, 0x20, 0xa, 0x6, 0x0, 0x40, 0x5f, 0xf8,
    0xc0, 0x6, 0x42, 0x8a, 0x46, 0x80, 0x1e, 0xb0,
    0xf8, 0x8, 0x0, 0xf9, 0xc1, 0x8, 0xd0, 0x3,
    0xe1, 0x50, 0x4, 0x0, 0x7f, 0x48, 0x22, 0x0,
    0x3f, 0x8c, 0xa0, 0x3, 0xfe, 0xe3, 0x0, 0xf0,

    /* U+0608 "؈" */
    0x0, 0xff, 0xe4, 0x2d, 0x30, 0x7, 0xff, 0x8,
    0xd4, 0x40, 0x34, 0xad, 0x0, 0x7f, 0xf0, 0x7,
    0x31, 0x5c, 0xc0, 0x15, 0x81, 0x80, 0x7f, 0xf0,
    0x28, 0xc0, 0x29, 0x30, 0x2, 0x0, 0xc, 0x3,
    0xfc, 0x88, 0xb, 0xe1, 0x9, 0x0, 0x18, 0x1,
    0x80, 0x2, 0xf2, 0x60, 0x1b, 0x0, 0xd0, 0x58,
    0x1c, 0x3, 0xc7, 0x7d, 0xd, 0x84, 0x1, 0xc6,
    0xc8, 0x0, 0x24, 0x44, 0x80, 0x6, 0x90, 0x2,
    0x22, 0x0, 0x56, 0x0, 0x9b, 0x70, 0x5, 0xd9,
    0x80, 0x90, 0x63, 0x4c, 0x10, 0x3, 0x1e, 0x20,
    0x80, 0x78, 0x9b, 0x2, 0x1c, 0x84, 0x3, 0xe3,
    0xbe, 0xf3, 0x6, 0xff, 0x6c, 0x88, 0x6, 0x60,
    0x71, 0x0, 0xfa, 0xc, 0x28, 0x3, 0xfb, 0x40,
    0x71, 0x84, 0x0, 0x4d, 0x8e, 0xa, 0x60, 0x1f,
    0xcc, 0x80, 0x53, 0xdf, 0xed, 0x93, 0x5, 0xa0,
    0xf, 0xfa, 0xdc, 0x40, 0x3c, 0x97, 0x40, 0x1f,
    0xfc, 0x18, 0xec, 0xaa, 0xb3, 0xed, 0x0, 0x3f,
    0x80,

    /* U+0609 "؉" */
    0x7, 0x30, 0xa, 0x58, 0x3, 0x9e, 0x30, 0xc0,
    0x9a, 0x44, 0x3, 0x18, 0x1, 0xc2, 0x1, 0x84,
    0x3, 0x25, 0xd2, 0xa, 0x84, 0x0, 0x79, 0x14,
    0x24, 0x14, 0x40, 0x3f, 0xb, 0x84, 0x0, 0x7f,
    0x30, 0x21, 0x0, 0x7f, 0x48, 0x40, 0x7, 0xf3,
    0x9, 0x98, 0x3, 0xfa, 0xc2, 0x0, 0x3f, 0x94,
    0x88, 0x80, 0x20, 0x10, 0x80, 0x52, 0x16, 0x5,
    0xee, 0x5, 0xf0, 0x6, 0x61, 0x60, 0xe1, 0x85,
    0x81, 0x75, 0x90, 0x90, 0x6, 0x92, 0x2d, 0x1a,
    0x2d, 0xc3, 0x80, 0x7, 0x2c, 0x1, 0x96, 0x0,

    /* U+060A "؊" */
    0x7, 0x30, 0xa, 0x58, 0x3, 0xf9, 0xe3, 0xc,
    0x9, 0xa4, 0x40, 0x3f, 0x18, 0x1, 0xc2, 0x1,
    0x84, 0x3, 0xf2, 0x5d, 0x20, 0xa8, 0x40, 0x7,
    0xf9, 0x14, 0x24, 0x14, 0x40, 0x3f, 0xf8, 0x2,
    0xe1, 0x0, 0x1f, 0xfc, 0x16, 0x4, 0x20, 0xf,
    0xfe, 0xc, 0x84, 0x0, 0x7f, 0xf0, 0x58, 0x4c,
    0xc0, 0x1f, 0xfc, 0x1b, 0x8, 0x0, 0xff, 0xe0,
    0xa9, 0x11, 0x0, 0x40, 0x21, 0x0, 0x84, 0x2,
    0x90, 0xb0, 0x2f, 0x70, 0x2f, 0x80, 0x1c, 0x90,
    0x33, 0xb, 0x7, 0xc, 0x2c, 0xb, 0xac, 0x13,
    0x3c, 0x84, 0x80, 0x34, 0x91, 0x68, 0xd1, 0x65,
    0xd, 0xee, 0x1c, 0x0, 0x39, 0x60, 0xc, 0xb0,
    0x5, 0xe0, 0x0,

    /* U+060B "؋" */
    0x0, 0xce, 0xe0, 0xf, 0x24, 0x40, 0xc0, 0x39,
    0x48, 0xa0, 0xe, 0x1d, 0xd0, 0x80, 0x7f, 0xf0,
    0xa3, 0xbe, 0xc4, 0x2, 0xa7, 0x10, 0x4c, 0x0,
    0x22, 0x83, 0xb8, 0x9, 0x43, 0x41, 0x22, 0x6,
    0x1e, 0x4, 0xe, 0x20, 0xa0, 0xc0, 0x40, 0x7d,
    0xec, 0x2, 0x10, 0x60, 0x1c, 0x20, 0x39, 0xb7,
    0x84, 0xa, 0x8a, 0xa7, 0x3e, 0x20, 0xb9, 0xaa,
    0xa0, 0x82, 0x88, 0x80, 0x11, 0x36, 0xa8, 0x7f,
    0xed, 0x92, 0x0, 0xe6, 0xf1, 0x0, 0xfc, 0x60,
    0x1e, 0x30, 0xf, 0xce, 0xe3, 0x0, 0x80,

    /* U+060C "،" */
    0x7, 0x91, 0x14, 0x30, 0x38, 0x20, 0xf0, 0x23,
    0x51, 0x1, 0x0,

    /* U+060D "؍" */
    0x0, 0xcc, 0x20, 0x19, 0x67, 0x4, 0x0, 0x34,
    0xc, 0x20, 0xb, 0x2, 0xa0, 0x2, 0x28, 0x70,
    0x80, 0x20, 0x18, 0xc0, 0x8, 0x63, 0x0, 0x12,
    0x44, 0x4, 0x2,

    /* U+060E "؎" */
    0x0, 0x36, 0x7f, 0xa8, 0x40, 0x3f, 0xf8, 0x15,
    0x26, 0x0, 0x5d, 0x0, 0xff, 0x95, 0x40, 0xf4,
    0xa0, 0x66, 0x0, 0xff, 0x78, 0x2c, 0x2d, 0x0,
    0x14, 0x3, 0xff, 0x80, 0xe2, 0x1, 0x8c, 0x3,
    0xf3, 0xf, 0x81, 0x75, 0xd0, 0x0, 0x99, 0xba,
    0x2f, 0xe5, 0x96, 0x0, 0x8, 0xa0, 0x8, 0x99,
    0xe7, 0x40, 0x0, 0x83, 0xf4, 0xa9, 0x88, 0x7,
    0x9, 0x23, 0xd7, 0xb0,

    /* U+060F "؏" */
    0x0, 0xe3, 0x42, 0x0, 0xfe, 0x7e, 0xcb, 0xd7,
    0x0, 0xfa, 0x20, 0x20, 0x11, 0x80, 0x7c, 0xe0,
    0x7b, 0xfc, 0x80, 0x1e, 0x20, 0x7, 0x90, 0x8,
    0x7, 0xc6, 0x0, 0x50, 0xc, 0x60, 0x1c, 0x2a,
    0x13, 0xd, 0x7f, 0x82, 0x1, 0xd4, 0x60, 0xf2,
    0x80, 0x5, 0x0, 0xf5, 0x80, 0x4d, 0x9e, 0x80,
    0x1c, 0xb0, 0x9, 0xd2, 0x60, 0x1f, 0x58, 0x2d,
    0x88, 0x12, 0x18, 0x6, 0x61, 0xb, 0x8, 0xed,
    0xbc, 0xf7, 0x0, 0x60, 0x21, 0xeb, 0x88, 0x6,
    0x86, 0x1, 0x7, 0xc2, 0x7, 0xdf, 0xd3, 0xb,
    0x1, 0x3, 0x11, 0x64, 0x10, 0x15, 0x1, 0x6,
    0x0, 0x5a, 0x60, 0x1b, 0x0, 0x41, 0x40, 0x2e,
    0x85, 0x46, 0xb5, 0x9, 0x8, 0x0, 0x89, 0xea,
    0xe5, 0x1, 0x5c, 0x1c, 0x2e, 0xca, 0x40, 0x1,
    0x5b, 0xa0, 0x6, 0x5a, 0x22, 0xb7, 0xfd, 0xd4,
    0x80, 0x0,

    /* U+0610 "ؐ" */
    0x0, 0xff, 0x47, 0xf1, 0xa7, 0x4a, 0xd1, 0xdb,
    0xb, 0x15, 0x5, 0x0, 0x3f, 0x7b, 0x48, 0x20,
    0x8, 0x40, 0x0,

    /* U+0611 "ؑ" */
    0x0, 0x9f, 0x9c, 0x13, 0x42, 0x61, 0x81, 0x8b,
    0x2, 0x3c, 0x2, 0x47, 0x6a, 0x1, 0x14, 0x4c,
    0x20, 0x1f, 0x0, 0x70,

    /* U+0612 "ؒ" */
    0x0, 0xe1, 0x6, 0xfd, 0x66, 0x60, 0x3b, 0x8b,
    0x14, 0x81, 0x1b, 0x29, 0x4, 0x26, 0x43, 0xf3,
    0x61, 0xcc, 0x5b, 0xca, 0x0,

    /* U+0613 "ؓ" */
    0x0, 0xff, 0x2e, 0x9f, 0x70, 0xe5, 0xe, 0x3b,
    0x61, 0x65, 0xc, 0x89, 0x8, 0xc0, 0x6f, 0xe2,
    0xa, 0xaf, 0x1d, 0x4d, 0x0, 0x7f, 0xc1, 0x68,
    0xa3, 0x2, 0x0, 0xbe, 0xa0,

    /* U+0614 "ؔ" */
    0x0, 0xff, 0x8, 0xec, 0x97, 0xa8, 0xee, 0xc4,
    0xd1, 0xf5, 0x77, 0x67, 0xee, 0x94,

    /* U+0615 "ؕ" */
    0xa, 0x50, 0xc, 0xd3, 0xde, 0x80, 0xe7, 0x9,
    0xe2, 0xce, 0xe0, 0x1b, 0x27, 0xe6, 0x8b, 0xcc,
    0x6e, 0x88,

    /* U+0616 "ؖ" */
    0x0, 0x16, 0x25, 0x0, 0x71, 0x83, 0x80, 0x63,
    0x0, 0x18, 0x6, 0x50, 0xe, 0x8f, 0x97, 0x61,
    0x0, 0x3b, 0x64, 0x17, 0x19, 0xa9, 0xfb, 0xfd,
    0xd9, 0x6b, 0xdc, 0xdd, 0x77, 0xc0,

    /* U+0617 "ؗ" */
    0x0, 0xe6, 0xc0, 0x3, 0xd8, 0x80, 0xca, 0x0,
    0x8, 0x80, 0x64, 0x4b, 0xc4, 0x5a, 0xea, 0x0,

    /* U+0618 "ؘ" */
    0x1, 0x59, 0x2e, 0xb1, 0x3d, 0xe8,

    /* U+0619 "ؙ" */
    0x0, 0xf4, 0xfd, 0x81, 0x35, 0xa2, 0xc, 0xc,
    0x1c, 0x16, 0x18, 0xc8, 0x2e, 0x40,

    /* U+061A "ؚ" */
    0x0, 0x88, 0x67, 0xb0, 0xcd, 0x7e,

    /* U+061B "؛" */
    0x0, 0x13, 0x28, 0x2, 0x27, 0x80, 0x54, 0x30,
    0x10, 0x0, 0x61, 0xe0, 0x6, 0x4, 0x0, 0x10,
    0x77, 0xf8, 0x3, 0xff, 0x80, 0x2a, 0x40, 0xf,
    0xad, 0x31, 0x10, 0x1, 0x85, 0x80, 0xd0,

    /* U+061C "؜" */

    /* U+061D "؝" */
    0x0, 0x46, 0xff, 0x48, 0x80, 0x31, 0xc8, 0x5,
    0xb0, 0x14, 0xc2, 0x2d, 0xc0, 0x9f, 0x41, 0x9d,
    0x22, 0x0, 0x18, 0xc0, 0x27, 0xf7, 0xd0, 0x52,
    0x0, 0xe5, 0x20, 0xe0, 0xf, 0x78, 0x1a, 0x80,
    0x71, 0x48, 0x70, 0x7, 0x98, 0x10, 0x3, 0xe4,
    0x3, 0x0, 0xf0, 0x82, 0x39, 0x0, 0x63, 0x8,
    0x87, 0x0, 0x6f, 0x0, 0x84, 0x3, 0x33, 0x0,
    0x64, 0x0,

    /* U+061E "؞" */
    0x0, 0x6e, 0x0, 0x42, 0x46, 0x1, 0x2e, 0x61,
    0x2, 0x6e, 0xd3, 0x6f, 0xe1, 0xba, 0x3,

    /* U+061F "؟" */
    0x1, 0x9e, 0xff, 0x6c, 0x10, 0xf, 0xb0, 0x80,
    0x9, 0xf4, 0xa4, 0x40, 0xa2, 0x8, 0x8, 0x46,
    0x0, 0xe7, 0x75, 0xf4, 0x81, 0x0, 0x18, 0x2,
    0x12, 0xa, 0x0, 0x59, 0x80, 0x71, 0xc0, 0xe,
    0x28, 0x7, 0x3d, 0x0, 0x28, 0x80, 0x39, 0x70,
    0x1, 0x40, 0x1e, 0x32, 0x1, 0x0, 0xfb, 0x7e,
    0x40, 0x3e, 0x35, 0x10, 0xf, 0x26, 0x56, 0x0,
    0x78, 0x80, 0x4, 0x1, 0xe7, 0x20, 0x70, 0x8,

    /* U+0620 "ؠ" */
    0x0, 0xff, 0x26, 0x7f, 0xac, 0xc0, 0x3f, 0xa2,
    0xcc, 0x0, 0x8e, 0x1, 0xf9, 0x9c, 0x12, 0xa8,
    0xc8, 0x1, 0xfa, 0x1, 0xed, 0x55, 0x20, 0x1f,
    0x90, 0x42, 0x0, 0x3d, 0x78, 0x80, 0x10, 0x80,
    0x1c, 0x3, 0x85, 0xc, 0x3, 0x29, 0x4, 0x73,
    0x88, 0x1, 0x40, 0x8, 0x1, 0xb1, 0x80, 0x63,
    0x90, 0x8, 0x3, 0xe1, 0x9e, 0x80, 0x4, 0x0,
    0x61, 0x0, 0xf0, 0xb9, 0x3, 0x82, 0x80, 0x28,
    0x3, 0xc3, 0x44, 0x1e, 0x6, 0x60, 0x4e, 0x96,
    0x57, 0xae, 0x50, 0x74, 0x0, 0x69, 0x80, 0xb4,
    0xd4, 0x28, 0xc, 0xc0, 0x4, 0x39, 0x48, 0x20,
    0x1, 0x49, 0xe6, 0x0, 0xf2, 0xde, 0x10, 0xdd,
    0x98, 0x3, 0xfd, 0x29, 0x16, 0x1, 0xff, 0xc1,
    0x12, 0x10, 0xf, 0xfe, 0x7, 0xbd, 0xc0, 0x7,
    0xff, 0x1, 0x3b, 0x8e, 0x1, 0xf0,

    /* U+0621 "ء" */
    0x0, 0xc6, 0x40, 0x1c, 0xff, 0x9b, 0x20, 0x13,
    0x40, 0x5, 0xe0, 0x15, 0x1, 0xf7, 0xb0, 0x4,
    0x21, 0x62, 0x1, 0xce, 0x16, 0x0, 0x34, 0x0,
    0x58, 0x9f, 0x6e, 0x48, 0x1c, 0x98, 0x9, 0x1,
    0x95, 0xb9, 0x0, 0x16, 0xf8, 0xa8, 0x9a, 0xfe,
    0x90, 0x0,

    /* U+0622 "آ" */
    0x0, 0xfe, 0x6f, 0xf4, 0x12, 0x90, 0x53, 0xcb,
    0x6d, 0x38, 0x64, 0x37, 0x5e, 0xa8, 0x4, 0x22,
    0x42, 0x0, 0xd5, 0xd4, 0x1, 0xc2, 0x1, 0xfc,
    0x20, 0x1c, 0x60, 0x1f, 0xce, 0x1, 0xff, 0xc1,
    0x10, 0x10, 0xf, 0xfe, 0xf, 0x81, 0x80, 0x7f,
    0xf0, 0x44, 0x3, 0xf8, 0x40, 0x3f, 0xc0,

    /* U+0623 "أ" */
    0x0, 0xe3, 0xef, 0x50, 0x82, 0xb4, 0x2, 0x16,
    0x50, 0xf2, 0xdb, 0x2e, 0x6a, 0xf2, 0x88, 0x20,
    0x5, 0x5d, 0x40, 0x1, 0x0, 0xf0, 0x80, 0xc,
    0x3, 0xce, 0x1, 0xf0, 0x80, 0x80, 0x7d, 0xe0,
    0x60, 0x1f, 0x8, 0x7, 0x84, 0x3, 0xc0,

    /* U+0624 "ؤ" */
    0x0, 0xff, 0xe0, 0x4f, 0xe0, 0x7, 0x1b, 0x4f,
    0x80, 0x7c, 0x46, 0x1, 0xc6, 0x6b, 0xd8, 0x0,
    0xc8, 0x60, 0xf8, 0x1, 0x93, 0x3e, 0x90, 0x3,
    0x85, 0x98, 0x20, 0x19, 0x76, 0x65, 0xe4, 0x0,
    0x2a, 0x0, 0x87, 0xc0, 0x16, 0x5, 0xd2, 0x4,
    0x80, 0xe1, 0x62, 0xc2, 0x18, 0x1, 0x52, 0xa8,
    0x0, 0x20, 0x80, 0x75, 0x41, 0x0, 0xa9, 0x84,
    0x4, 0x1, 0xe0, 0x9, 0xef, 0x40, 0x3, 0x80,
    0xd, 0xf5, 0x42, 0x4, 0xff, 0x20, 0x81, 0xdc,
    0x4, 0x1, 0x25, 0xc0, 0x0, 0x66, 0xfa, 0xd0,
    0x2,

    /* U+0625 "إ" */
    0xbf, 0xa0, 0x0, 0x80, 0x78, 0x40, 0x6, 0x1,
    0xe7, 0x0, 0xf8, 0x40, 0x40, 0x3e, 0xf0, 0x30,
    0xf, 0x84, 0x3, 0xc2, 0x0, 0x30, 0xf, 0xe7,
    0x78, 0x0, 0x51, 0x0, 0x2, 0x77, 0xa0, 0x41,
    0x5a, 0x83, 0xa, 0x90, 0x69, 0x76, 0xe, 0xa4,
    0xf0, 0x80,

    /* U+0626 "ئ" */
    0x0, 0xff, 0xe3, 0x16, 0xfa, 0x80, 0x7f, 0xf0,
    0x20, 0x2d, 0x0, 0x32, 0x67, 0xfb, 0x10, 0x0,
    0x60, 0x82, 0x1, 0x45, 0x98, 0x0, 0xdc, 0x1,
    0x45, 0xde, 0x40, 0xce, 0x9, 0x54, 0x63, 0x0,
    0x48, 0x2c, 0x90, 0x40, 0x3d, 0xaa, 0xa4, 0x2,
    0xbf, 0xb6, 0x4, 0x10, 0x80, 0xf, 0x5e, 0xa0,
    0x4, 0x20, 0x7, 0x0, 0xe1, 0x43, 0x0, 0xca,
    0x41, 0x1c, 0xe2, 0x0, 0x50, 0x2, 0x0, 0x6c,
    0x60, 0x18, 0xe4, 0x2, 0x0, 0xf8, 0x67, 0xa0,
    0x1, 0x0, 0x18, 0x40, 0x3c, 0x2e, 0x40, 0xe0,
    0xa0, 0xa, 0x0, 0xf0, 0xd1, 0x7, 0x81, 0x98,
    0x13, 0xa5, 0x95, 0xeb, 0x94, 0x1d, 0x0, 0x1a,
    0x60, 0x2d, 0x35, 0xa, 0x3, 0x30, 0x1, 0xe,
    0x52, 0x8, 0x0, 0x52, 0x79, 0x80, 0x20,

    /* U+0627 "ا" */
    0xbf, 0xa0, 0x10, 0xe, 0x10, 0x30, 0xe, 0x70,
    0xe, 0x10, 0x10, 0xe, 0xf0, 0x30, 0xe, 0x10,
    0xe, 0x10, 0x30, 0xf, 0x9d, 0xe0,

    /* U+0628 "ب" */
    0x0, 0xff, 0xe2, 0x3e, 0x30, 0x2, 0xa0, 0x80,
    0x3f, 0xf8, 0x18, 0x7a, 0x2, 0xae, 0x20, 0x1f,
    0xfc, 0xd, 0x4, 0x5, 0x0, 0x18, 0x7, 0xff,
    0x1, 0x40, 0x4, 0x20, 0x1, 0x0, 0xff, 0xe0,
    0x10, 0x0, 0x44, 0x0, 0x80, 0xf, 0xfe, 0x4,
    0x0, 0x9, 0x4, 0x1b, 0xa9, 0xd9, 0x54, 0xcc,
    0x79, 0xcf, 0x60, 0x51, 0xc, 0x20, 0x15, 0x89,
    0xaa, 0x4c, 0xa1, 0x8c, 0x0, 0xd4, 0x0, 0x2d,
    0xa5, 0x21, 0x0, 0xc2, 0x48, 0xd3, 0xd2, 0x1,
    0xcb, 0x5b, 0xdf, 0xfb, 0xb6, 0xe5, 0x84, 0x3,
    0xff, 0xa6, 0x3d, 0x80, 0x1f, 0xfc, 0x55, 0x13,
    0x10, 0xf, 0xfe, 0x22, 0x4d, 0x88, 0x7, 0xe0,

    /* U+0629 "ة" */
    0x2, 0xeb, 0xd, 0xd0, 0x80, 0x1c, 0x50, 0x8b,
    0x0, 0x16, 0x6c, 0xaa, 0x86, 0x1, 0x32, 0x2,
    0xa8, 0x3, 0x98, 0xc0, 0x3c, 0x73, 0x8a, 0x1,
    0xca, 0x0, 0xa4, 0x0, 0xda, 0x1, 0x59, 0x0,
    0x1d, 0x6, 0x80, 0x10, 0x0, 0x90, 0xb5, 0xa0,
    0x51, 0x41, 0x5, 0x5, 0x0, 0x11, 0x0, 0x40,
    0x3c, 0x40, 0x34, 0xb6, 0x0, 0x34, 0x20, 0x5a,
    0x40, 0x70, 0x6, 0x28, 0x81, 0x44, 0x0,

    /* U+062A "ت" */
    0x0, 0xf8, 0x9c, 0x5, 0xc4, 0x3, 0xff, 0x85,
    0xf1, 0xb, 0x8a, 0x0, 0xff, 0xe1, 0x20, 0x66,
    0x3, 0x0, 0x3f, 0xf8, 0x53, 0xe8, 0xde, 0xe0,
    0x14, 0x73, 0x0, 0x2e, 0x48, 0x3, 0xff, 0x80,
    0x63, 0xa0, 0x28, 0xc2, 0x1, 0xff, 0xc0, 0xd0,
    0x40, 0x50, 0x1, 0x80, 0x7f, 0xf0, 0x10, 0x0,
    0x42, 0x0, 0x10, 0xf, 0xfe, 0x1, 0x80, 0x4,
    0x40, 0xb, 0x0, 0xff, 0x86, 0xc0, 0x4, 0x84,
    0xb, 0xd4, 0xec, 0xaa, 0x66, 0x3c, 0xe7, 0x28,
    0x28, 0x87, 0x90, 0xa, 0xc4, 0xd5, 0x26, 0x50,
    0xc6, 0x0, 0x6a, 0x0, 0x16, 0xd2, 0x90, 0x80,
    0x61, 0x24, 0x69, 0xe9, 0x0, 0x0,

    /* U+062B "ث" */
    0x0, 0xfe, 0xcd, 0x0, 0xff, 0xe2, 0x89, 0x90,
    0x80, 0x7f, 0xf1, 0x17, 0x30, 0xa0, 0x1f, 0xfc,
    0x38, 0xba, 0xa5, 0xc0, 0x7, 0xff, 0xb, 0x43,
    0xfc, 0x1a, 0x1, 0xff, 0xc2, 0x5f, 0x66, 0x7a,
    0x80, 0x51, 0xac, 0x0, 0xb9, 0x20, 0xf, 0xfe,
    0x1, 0x96, 0x80, 0xa3, 0x8, 0x7, 0xff, 0x3,
    0x41, 0x1, 0x40, 0x6, 0x1, 0xff, 0xc0, 0x50,
    0x1, 0x8, 0x0, 0x40, 0x3f, 0xf8, 0x4, 0x0,
    0x11, 0x0, 0x2c, 0x3, 0xfe, 0x1b, 0x0, 0x12,
    0x10, 0x2f, 0x53, 0xb2, 0xa9, 0x98, 0xf3, 0x9c,
    0xa0, 0xa2, 0x1e, 0x40, 0x2b, 0x13, 0x54, 0x99,
    0x43, 0x18, 0x1, 0xa8, 0x0, 0x5b, 0x4a, 0x42,
    0x1, 0x84, 0x91, 0xa7, 0xa4, 0x0,

    /* U+062C "ج" */
    0x3c, 0xff, 0x75, 0xa8, 0x7, 0xc6, 0x0, 0x14,
    0xae, 0x94, 0x10, 0x1, 0xb4, 0xca, 0x14, 0x44,
    0xd7, 0xde, 0x0, 0x96, 0x63, 0xd6, 0x18, 0x6,
    0x10, 0xc, 0x77, 0xa6, 0x2, 0xae, 0x1, 0xa3,
    0x10, 0x1b, 0x3a, 0xa0, 0x40, 0x14, 0xe0, 0xbd,
    0x26, 0x1, 0xce, 0xa1, 0x14, 0x20, 0x1e, 0x18,
    0x6, 0x70, 0xf, 0xce, 0x0, 0x80, 0x1, 0xf5,
    0x0, 0x6c, 0x4, 0x10, 0x5, 0x8a, 0x80, 0x61,
    0x1, 0x0, 0xa5, 0xec, 0x3, 0x8, 0x38, 0x4,
    0x30, 0x80, 0x1b, 0x0, 0x98, 0x3, 0xf9, 0x84,
    0x26, 0x90, 0x40, 0x6, 0xd6, 0x21, 0xa2, 0xb,
    0x7d, 0xfe, 0xc9, 0x46, 0x3, 0xf6, 0x0, 0xf9,
    0x50, 0x0, 0x33, 0xf9, 0x55, 0x6f, 0xd1, 0x80,

    /* U+062D "ح" */
    0x2, 0x55, 0x20, 0x80, 0x7c, 0x9b, 0x54, 0xbe,
    0xc6, 0x10, 0xc, 0xc0, 0x1c, 0x73, 0xd7, 0xe,
    0x5, 0x9f, 0xee, 0xb7, 0x20, 0x47, 0x80, 0x1,
    0x80, 0x5, 0x84, 0xc0, 0x30, 0x80, 0x43, 0x3a,
    0xc2, 0x93, 0xbe, 0x20, 0x2, 0xf6, 0x6, 0xdb,
    0x62, 0x0, 0x87, 0x4, 0x59, 0x24, 0x1, 0xea,
    0x11, 0x61, 0x80, 0x7c, 0x68, 0x16, 0x40, 0x1f,
    0xac, 0x9, 0x40, 0x3f, 0x88, 0x1c, 0x3, 0xfc,
    0x20, 0x20, 0x1f, 0xe2, 0x4, 0x0, 0xff, 0x68,
    0x2, 0xc4, 0x3, 0xc2, 0x8, 0xa0, 0x9d, 0x4e,
    0xcc, 0x8c, 0xe3, 0xa, 0x50, 0x2, 0xc4, 0xc9,
    0xcc, 0x2c, 0x1, 0x58, 0xc4, 0x1, 0x1b, 0x5c,
    0x0,

    /* U+062E "خ" */
    0x0, 0xe3, 0x92, 0x0, 0xff, 0x7b, 0x40, 0x7,
    0xf9, 0x3, 0x0, 0x3f, 0xd1, 0xec, 0x1, 0xe2,
    0x55, 0x20, 0x80, 0x7c, 0x9b, 0x54, 0xbe, 0xc6,
    0x10, 0xc, 0xc0, 0x1c, 0x73, 0xd7, 0xe, 0x5,
    0x9f, 0xee, 0xb7, 0x20, 0x47, 0x80, 0x1, 0x80,
    0x5, 0x84, 0xc0, 0x30, 0x80, 0x43, 0x3a, 0xc2,
    0x93, 0xbe, 0x20, 0x2, 0xf6, 0x6, 0xdb, 0x62,
    0x0, 0x87, 0x4, 0x59, 0x24, 0x1, 0xea, 0x11,
    0x61, 0x80, 0x7c, 0x68, 0x16, 0x40, 0x1f, 0xac,
    0x9, 0x40, 0x3f, 0x88, 0x1c, 0x3, 0xfc, 0x20,
    0x20, 0x1f, 0xe2, 0x4, 0x0, 0xff, 0x68, 0x2,
    0xc4, 0x3, 0xc2, 0x8, 0xa0, 0x9d, 0x4e, 0xcc,
    0x8c, 0xe3, 0xa, 0x50, 0x2, 0xc4, 0xc9, 0xcc,
    0x2c, 0x1, 0x58, 0xc4, 0x1, 0x1b, 0x5c, 0x0,

    /* U+062F "د" */
    0x0, 0xff, 0xe1, 0xd, 0x48, 0x7, 0xd0, 0xac,
    0x80, 0x1e, 0x91, 0x8, 0x0, 0xfa, 0xc0, 0xd4,
    0x3, 0xca, 0x61, 0xc0, 0x1f, 0x50, 0x20, 0x80,
    0x78, 0xc0, 0x4, 0x13, 0x6e, 0xd1, 0x60, 0x2,
    0x16, 0x48, 0x97, 0x10, 0x71, 0x14, 0xa0, 0x80,
    0xe, 0xa0, 0x0,

    /* U+0630 "ذ" */
    0x0, 0xa3, 0xd4, 0x3, 0xe5, 0xf, 0x0, 0xfb,
    0x9a, 0x0, 0x3e, 0x39, 0x20, 0xf, 0xe3, 0x40,
    0xf, 0x9b, 0x28, 0x3, 0xe3, 0x1, 0x80, 0xf,
    0x2a, 0x3, 0x88, 0x7, 0xa4, 0x0, 0xc0, 0x1e,
    0x24, 0xa, 0x0, 0xfb, 0x80, 0x84, 0x3, 0xf8,
    0x82, 0xad, 0xda, 0x2c, 0x0, 0x42, 0xa9, 0x12,
    0xe2, 0x10, 0x22, 0x94, 0x10, 0x1, 0xd3, 0x80,

    /* U+0631 "ر" */
    0x0, 0xf0, 0x80, 0x73, 0xfc, 0x0, 0x76, 0x83,
    0x0, 0x74, 0x0, 0x14, 0x3, 0x11, 0x3, 0x40,
    0x39, 0x80, 0x40, 0x39, 0x80, 0x40, 0x32, 0x10,
    0x60, 0x4, 0x74, 0x4, 0x80, 0x7, 0xc1, 0xf,
    0x5, 0xf8, 0x1, 0xc2, 0x6, 0x0, 0x37, 0x98,
    0x0, 0xe7, 0xa4, 0x40, 0x20,

    /* U+0632 "ز" */
    0x0, 0xcb, 0x2, 0x1, 0xd4, 0xec, 0x1, 0xc8,
    0x8, 0x1, 0xd7, 0xe6, 0x1, 0xff, 0xc1, 0x18,
    0x50, 0xe, 0xd7, 0x80, 0xe, 0x90, 0x23, 0x0,
    0xca, 0x0, 0x40, 0xe, 0x30, 0xe0, 0xf, 0xfe,
    0x0, 0x98, 0x78, 0x6, 0xb0, 0x3, 0x80, 0x6,
    0xd4, 0x20, 0x4a, 0x39, 0x1, 0x5c, 0x11, 0xc0,
    0x11, 0x40, 0x6, 0x27, 0xe7, 0x0, 0xdb, 0x2,
    0x1, 0x80,

    /* U+0633 "س" */
    0x0, 0xff, 0xf1, 0x8c, 0x6a, 0x0, 0x7f, 0xf2,
    0x85, 0xcb, 0x40, 0x3f, 0xf8, 0x8, 0x60, 0x19,
    0x10, 0x1, 0x28, 0x20, 0x7, 0xfd, 0x97, 0x0,
    0x1a, 0x6d, 0x80, 0x18, 0x4, 0x0, 0x31, 0x0,
    0xfa, 0xc1, 0x40, 0x31, 0x1, 0x0, 0x14, 0x0,
    0x41, 0xdc, 0x60, 0xf, 0x20, 0xa, 0x0, 0x10,
    0x0, 0xc0, 0x1e, 0x22, 0x2, 0x80, 0x78, 0xc0,
    0x14, 0xcc, 0xa0, 0x4, 0xb3, 0x3c, 0x0, 0x4e,
    0x0, 0x30, 0xf, 0xe1, 0x99, 0x8, 0x1, 0x26,
    0x46, 0x10, 0x6, 0x1, 0xfc, 0x20, 0x4, 0x10,
    0x2a, 0xc3, 0x0, 0x14, 0xb8, 0x18, 0x1, 0x40,
    0x3c, 0xc0, 0xa, 0xef, 0xd5, 0x3c, 0xff, 0x6b,
    0x0, 0x10, 0x1, 0x4e, 0x20, 0x3, 0x98, 0x5,
    0x10, 0xf, 0xfe, 0x0, 0xd0, 0x2, 0x3b, 0xfd,
    0x8c, 0x5, 0x60, 0x1f, 0xfc, 0x25, 0xb3, 0x0,
    0xe1, 0x7d, 0x10, 0xf, 0xfe, 0x1a, 0x67, 0x5d,
    0x53, 0x3a, 0x0, 0x3f, 0xf8, 0x60,

    /* U+0634 "ش" */
    0x0, 0xff, 0xe2, 0x4f, 0x98, 0x7, 0xff, 0x2d,
    0x41, 0x80, 0x3f, 0xf9, 0x7b, 0x6a, 0x1, 0xff,
    0xc9, 0x2e, 0xb7, 0xe9, 0x0, 0xff, 0xe4, 0x30,
    0xbb, 0xa, 0x80, 0x7f, 0xf2, 0x13, 0x30, 0xb9,
    0xa0, 0x10, 0x80, 0x7f, 0xf1, 0x4c, 0x40, 0xc4,
    0x7, 0x39, 0x40, 0x3f, 0xf9, 0x42, 0x41, 0xe0,
    0x1f, 0xf1, 0x3a, 0x80, 0x66, 0x61, 0x0, 0x1c,
    0x10, 0x3, 0xfe, 0xe8, 0xe0, 0xd, 0x72, 0x80,
    0xc, 0x1, 0x0, 0x21, 0x0, 0x7d, 0x60, 0x80,
    0x18, 0x80, 0x80, 0xc, 0x0, 0x20, 0xad, 0x60,
    0xf, 0x20, 0x1, 0x0, 0xa, 0x0, 0x60, 0xf,
    0x10, 0x82, 0x0, 0x78, 0xc0, 0x14, 0xcc, 0xb0,
    0x4, 0xb3, 0x3c, 0x4, 0x9c, 0x0, 0x40, 0x1f,
    0xc3, 0x32, 0x10, 0x2, 0x4c, 0x8c, 0x24, 0xc,
    0x3, 0xf8, 0x40, 0x8, 0x20, 0x55, 0x86, 0x0,
    0x39, 0x70, 0x30, 0x2, 0x80, 0x7a, 0x40, 0x15,
    0xdf, 0xaa, 0x79, 0xfe, 0xc6, 0x0, 0x28, 0x2,
    0x9c, 0x40, 0x7, 0x2e, 0xa, 0x20, 0x1f, 0xfc,
    0x1a, 0x0, 0x47, 0x7f, 0xb1, 0x80, 0xac, 0x3,
    0xff, 0x84, 0xb8, 0x60, 0x1c, 0x2f, 0xa2, 0x1,
    0xff, 0xc3, 0x3c, 0xeb, 0xaa, 0x67, 0x40, 0x7,
    0xff, 0xc,

    /* U+0635 "ص" */
    0x0, 0xff, 0xe4, 0x9a, 0xa0, 0x80, 0x7f, 0xf2,
    0x5b, 0x72, 0xaf, 0x98, 0x3, 0xff, 0x80, 0x86,
    0x1, 0x87, 0x24, 0x80, 0x34, 0xa0, 0x7, 0xfb,
    0x2e, 0x0, 0x22, 0xf3, 0x6, 0xdf, 0xc1, 0xe,
    0x3, 0x20, 0xf, 0x90, 0x14, 0x0, 0x3e, 0x22,
    0xb9, 0x20, 0x37, 0x1, 0xe, 0xd6, 0x0, 0xf6,
    0x0, 0xb0, 0x69, 0xe, 0x20, 0x4, 0x4e, 0x4,
    0x50, 0x20, 0x7, 0x90, 0x1, 0x3a, 0x60, 0xee,
    0x66, 0x45, 0xe8, 0x85, 0xb8, 0x0, 0x80, 0x3f,
    0xc4, 0x0, 0x6a, 0x99, 0x3a, 0x0, 0xd9, 0x18,
    0x7, 0xf0, 0x80, 0x26, 0x48, 0x40, 0x10, 0x92,
    0xd7, 0x20, 0x18, 0x1, 0x40, 0x3d, 0x20, 0x7,
    0x6b, 0xdf, 0xfb, 0xb6, 0x94, 0x2, 0x51, 0xa,
    0x72, 0x0, 0x1c, 0xb8, 0x30, 0x80, 0x7f, 0xf0,
    0xac, 0x1, 0x1b, 0xfe, 0xc6, 0x3, 0x90, 0xf,
    0xfe, 0x1a, 0xe1, 0x80, 0x70, 0xbe, 0x0, 0x7f,
    0xf1, 0x4f, 0x3a, 0xea, 0x99, 0xd0, 0x1, 0xff,
    0xc4,

    /* U+0636 "ض" */
    0x0, 0xff, 0xe4, 0xe7, 0x8, 0x7, 0xff, 0x2c,
    0x8c, 0x50, 0x3, 0xff, 0x96, 0x53, 0xa, 0x1,
    0xff, 0xcc, 0x67, 0x0, 0xff, 0xe6, 0x9a, 0xa0,
    0x80, 0x7f, 0xf2, 0x5b, 0x72, 0xaf, 0x98, 0x3,
    0xff, 0x80, 0x86, 0x1, 0x87, 0x24, 0x80, 0x34,
    0xa0, 0x7, 0xfb, 0x2e, 0x0, 0x22, 0xf3, 0x6,
    0xdf, 0xc1, 0xe, 0x3, 0x20, 0xf, 0x90, 0x14,
    0x0, 0x3e, 0x22, 0xb9, 0x20, 0x37, 0x1, 0xe,
    0xd6, 0x0, 0xf6, 0x0, 0xb0, 0x69, 0xe, 0x20,
    0x4, 0x4e, 0x4, 0x50, 0x20, 0x7, 0x90, 0x1,
    0x3a, 0x60, 0xee, 0x66, 0x45, 0xe8, 0x85, 0xb8,
    0x0, 0x80, 0x3f, 0xc4, 0x0, 0x6a, 0x99, 0x3a,
    0x0, 0xd9, 0x18, 0x7, 0xf0, 0x80, 0x26, 0x48,
    0x40, 0x10, 0x92, 0xd7, 0x20, 0x18, 0x1, 0x40,
    0x3d, 0x20, 0x7, 0x6b, 0xdf, 0xfb, 0xb6, 0x94,
    0x2, 0x51, 0xa, 0x72, 0x0, 0x1c, 0xb8, 0x30,
    0x80, 0x7f, 0xf0, 0xac, 0x1, 0x1b, 0xfe, 0xc6,
    0x3, 0x90, 0xf, 0xfe, 0x1a, 0xe1, 0x80, 0x70,
    0xbe, 0x0, 0x7f, 0xf1, 0x4f, 0x3a, 0xea, 0x99,
    0xd0, 0x1, 0xff, 0xc4,

    /* U+0637 "ط" */
    0x0, 0x8b, 0xfc, 0x60, 0x1f, 0xfc, 0x3, 0x0,
    0x38, 0x7, 0xff, 0x40, 0x40, 0x2, 0x1, 0xff,
    0xd3, 0x30, 0xf, 0xfe, 0x18, 0x80, 0x46, 0xa8,
    0x1, 0xf0, 0x80, 0x4f, 0xd9, 0x57, 0xca, 0x1,
    0xf6, 0xe4, 0x8, 0x4, 0x34, 0x40, 0x18, 0xc1,
    0x4c, 0x1b, 0x7e, 0xc0, 0x14, 0x1, 0xf0, 0xdc,
    0x90, 0x22, 0x0, 0x40, 0x31, 0x80, 0xe2, 0x0,
    0x46, 0x81, 0xc7, 0xd, 0x42, 0xe, 0xe5, 0x68,
    0xcc, 0x0, 0xb2, 0x3c, 0xa8, 0x1, 0xaa, 0x92,
    0xe6, 0x5, 0x82, 0x22, 0x0, 0xf8, 0x49, 0xab,
    0x48, 0x0,

    /* U+0638 "ظ" */
    0x0, 0x8b, 0xfc, 0x60, 0x1f, 0xfc, 0x3, 0x0,
    0x38, 0x7, 0xff, 0x1d, 0x3e, 0x40, 0x3c, 0x20,
    0x1, 0x0, 0xb4, 0x1c, 0x3, 0xff, 0x83, 0xf,
    0x40, 0x1f, 0xc6, 0x1, 0xc, 0x20, 0x7, 0xf0,
    0x80, 0x46, 0xa8, 0x1, 0xf0, 0x80, 0x4f, 0xd9,
    0x57, 0xca, 0x1, 0xf6, 0xe4, 0x8, 0x4, 0x34,
    0x40, 0x18, 0xc1, 0x4c, 0x1b, 0x7e, 0xc0, 0x14,
    0x1, 0xf0, 0xdc, 0x90, 0x22, 0x0, 0x40, 0x31,
    0x80, 0xe2, 0x0, 0x46, 0x81, 0xc7, 0xd, 0x42,
    0xe, 0xe5, 0x68, 0xcc, 0x0, 0xb2, 0x3c, 0xa8,
    0x1, 0xaa, 0x92, 0xe6, 0x5, 0x82, 0x22, 0x0,
    0xf8, 0x49, 0xab, 0x48, 0x0,

    /* U+0639 "ع" */
    0x0, 0xc8, 0xa8, 0x1, 0xfa, 0x3e, 0xea, 0xdc,
    0x3, 0xd0, 0xe0, 0x18, 0xc0, 0x3c, 0xe0, 0x7b,
    0xfc, 0x80, 0x1c, 0x40, 0xf, 0x20, 0x10, 0xf,
    0x18, 0x1, 0x40, 0x21, 0x40, 0xc, 0x2a, 0x13,
    0x26, 0xce, 0xb1, 0x0, 0xd4, 0x60, 0xd2, 0x60,
    0x5, 0x0, 0xeb, 0x0, 0x96, 0xfd, 0x0, 0x32,
    0xc0, 0x1e, 0xd2, 0x0, 0x7a, 0xc1, 0x30, 0x80,
    0x3e, 0x61, 0xa, 0x0, 0xfe, 0xc0, 0x41, 0x0,
    0xfe, 0x10, 0x10, 0xf, 0xf0, 0x82, 0x0, 0x7f,
    0xbc, 0x6, 0x80, 0x3f, 0x94, 0xc1, 0x7a, 0x59,
    0x5a, 0x73, 0x80, 0x1a, 0x60, 0x2d, 0x35, 0x2c,
    0x62, 0x60, 0x39, 0x6a, 0x40, 0x1, 0x36, 0xb3,

    /* U+063A "غ" */
    0x0, 0xd1, 0xea, 0x1, 0xfe, 0x60, 0xc0, 0xf,
    0xf6, 0xbc, 0x0, 0x7f, 0x8e, 0x4, 0x3, 0xfc,
    0x8a, 0x80, 0x1f, 0xa3, 0xee, 0xad, 0xc0, 0x3d,
    0xe, 0x1, 0x8c, 0x3, 0xce, 0x7, 0xbf, 0xc8,
    0x1, 0xc4, 0x0, 0xf2, 0x1, 0x0, 0xf1, 0x80,
    0x14, 0x2, 0x14, 0x0, 0xc2, 0xa1, 0x32, 0x6c,
    0xeb, 0x10, 0xd, 0x46, 0xd, 0x26, 0x0, 0x50,
    0xe, 0xb0, 0x9, 0x6f, 0xd0, 0x3, 0x2c, 0x1,
    0xed, 0x20, 0x7, 0xac, 0x13, 0x8, 0x3, 0xe6,
    0x10, 0xa0, 0xf, 0xec, 0x4, 0x10, 0xf, 0xe1,
    0x1, 0x0, 0xff, 0x8, 0x20, 0x7, 0xfb, 0xc0,
    0x68, 0x3, 0xf9, 0x4c, 0x17, 0xa5, 0x95, 0xa7,
    0x38, 0x1, 0xa6, 0x2, 0xd3, 0x52, 0xc6, 0x26,
    0x3, 0x96, 0xa4, 0x0, 0x13, 0x6b, 0x30,

    /* U+063B "ػ" */
    0x0, 0xff, 0xea, 0xed, 0x80, 0x7f, 0xf0, 0x8b,
    0xdc, 0x3, 0xff, 0x88, 0x20, 0xd, 0xb4, 0x20,
    0xf, 0xfe, 0x1, 0xfb, 0xae, 0xdc, 0x0, 0x7f,
    0xf0, 0x57, 0x68, 0x80, 0x40, 0x3f, 0xe2, 0xba,
    0x20, 0x5d, 0xb0, 0xf, 0xf0, 0xe2, 0x2, 0xed,
    0x10, 0x7, 0xfc, 0x82, 0xb, 0x44, 0x1, 0xff,
    0xc1, 0x42, 0x5, 0x90, 0xf, 0x54, 0x10, 0x7,
    0xe, 0x20, 0x35, 0x0, 0x61, 0x57, 0x10, 0xf,
    0xd, 0xa8, 0x2b, 0x80, 0x4a, 0x0, 0x30, 0xf,
    0xd4, 0xa1, 0x4, 0x0, 0x10, 0x0, 0x80, 0x7f,
    0x50, 0x2, 0x80, 0x2, 0x0, 0x80, 0xf, 0xf0,
    0x81, 0x0, 0x10, 0x41, 0xba, 0x9d, 0x95, 0x4c,
    0xf3, 0xa2, 0x4, 0x1, 0x61, 0x0, 0xac, 0x4d,
    0x52, 0x61, 0x88, 0x12, 0x0, 0x22, 0xda, 0x52,
    0x10, 0x8, 0x49, 0x1f, 0x2c, 0x2,

    /* U+063C "ؼ" */
    0x0, 0xff, 0xe2, 0x29, 0x80, 0x7f, 0xf0, 0xdb,
    0x6a, 0x40, 0x3f, 0xf8, 0x2b, 0xb2, 0x40, 0x20,
    0x1f, 0xf1, 0x65, 0x10, 0x2e, 0xd8, 0x7, 0xf8,
    0x74, 0xc1, 0x76, 0x88, 0x3, 0xfe, 0x40, 0x2,
    0xd1, 0x0, 0x7f, 0xf0, 0x50, 0xc1, 0x64, 0x3,
    0xd5, 0x4, 0x1, 0xc3, 0x88, 0xd, 0x40, 0x18,
    0x55, 0xc4, 0x3, 0xeb, 0x60, 0x57, 0x0, 0x94,
    0x0, 0x60, 0x1f, 0xa5, 0x42, 0x8, 0x0, 0x20,
    0x1, 0x0, 0xfe, 0xa0, 0x5, 0x0, 0x4, 0x1,
    0x0, 0x1f, 0xe1, 0x2, 0x0, 0x20, 0x83, 0x75,
    0x3b, 0x2a, 0x99, 0xe7, 0x44, 0x8, 0x2, 0xc2,
    0x1, 0x58, 0x9a, 0xa4, 0xc3, 0x10, 0x24, 0x0,
    0x45, 0xb4, 0xa4, 0x20, 0x10, 0x92, 0x3e, 0x58,
    0x7, 0x96, 0xb7, 0xbf, 0xee, 0xdb, 0x83, 0x0,
    0xff, 0x8, 0x80, 0x80, 0x3f, 0xf8, 0x43, 0xde,
    0x5b, 0x80, 0x1f, 0xfc, 0x11, 0x22, 0x18, 0xb0,
    0x7, 0xff, 0xb, 0x6f, 0xb6, 0x80, 0x3f, 0xf8,
    0x7c, 0xc, 0x1, 0xff, 0xc4, 0x9d, 0x50, 0xf,
    0xe0,

    /* U+063D "ؽ" */
    0x0, 0xff, 0xe3, 0xc7, 0x98, 0x7, 0xff, 0x5,
    0xca, 0x0, 0x32, 0x67, 0xfa, 0xcc, 0x0, 0xe7,
    0xe8, 0x80, 0x4, 0x59, 0x80, 0x11, 0xc0, 0x19,
    0x24, 0xc6, 0xc, 0xe0, 0x95, 0x46, 0x40, 0x5,
    0xa8, 0x4b, 0x84, 0x3, 0xda, 0xaa, 0x40, 0x3f,
    0x20, 0x84, 0x0, 0x7a, 0xf1, 0x0, 0x21, 0x0,
    0x38, 0x7, 0xa, 0x18, 0x6, 0x52, 0x8, 0xe7,
    0x10, 0x2, 0x80, 0x10, 0x3, 0x63, 0x0, 0xc7,
    0x20, 0x10, 0x7, 0xc3, 0x3d, 0x0, 0x8, 0x0,
    0xc2, 0x1, 0xe1, 0x72, 0x7, 0x5, 0x0, 0x50,
    0x7, 0x86, 0x88, 0x3c, 0xc, 0xc0, 0x9d, 0x2c,
    0xaf, 0x5c, 0xa0, 0xe8, 0x0, 0xd3, 0x1, 0x69,
    0xa8, 0x50, 0x19, 0x80, 0x8, 0x72, 0x90, 0x40,
    0x2, 0x93, 0xcc, 0x1, 0x0,

    /* U+063E "ؾ" */
    0x0, 0xff, 0x26, 0x7f, 0xac, 0x80, 0x7b, 0x3,
    0x34, 0x42, 0x2c, 0xc0, 0x8, 0xe0, 0xa2, 0x64,
    0x64, 0xac, 0xe0, 0x95, 0x45, 0x50, 0x24, 0xd9,
    0x5c, 0xa4, 0x3, 0xda, 0xaa, 0x80, 0x26, 0x40,
    0x46, 0x41, 0x8, 0x0, 0xf5, 0xd8, 0xc0, 0x21,
    0x0, 0x38, 0x7, 0xa, 0x21, 0x80, 0x25, 0x20,
    0x8e, 0x71, 0x0, 0x28, 0x1, 0x40, 0x36, 0x30,
    0xc, 0x72, 0x1, 0x0, 0x7c, 0x33, 0xd0, 0x0,
    0x80, 0xc, 0x20, 0x1e, 0x17, 0x20, 0x70, 0x50,
    0x5, 0x80, 0x78, 0x68, 0x83, 0xc0, 0xcc, 0xb,
    0xd2, 0xca, 0xf5, 0xca, 0xe, 0x80, 0xd, 0x30,
    0x16, 0x9a, 0x85, 0x1, 0x98, 0x0, 0x87, 0x29,
    0x4, 0x0, 0x29, 0x3c, 0xc0, 0x10,

    /* U+063F "ؿ" */
    0x0, 0x97, 0xdc, 0x3, 0xff, 0x90, 0x99, 0xfe,
    0xb2, 0x0, 0x64, 0x75, 0xe8, 0x2, 0x2c, 0xc0,
    0x8, 0xe0, 0x3, 0x22, 0x19, 0xb, 0x38, 0x25,
    0x51, 0x94, 0x1, 0xb8, 0x7b, 0xa1, 0x80, 0x7b,
    0x55, 0x48, 0x0, 0x48, 0xc0, 0x88, 0x82, 0x10,
    0x1, 0xed, 0xd2, 0x0, 0x42, 0x0, 0x70, 0xe,
    0x13, 0x20, 0xc, 0xa4, 0x11, 0xce, 0x20, 0x5,
    0x0, 0x20, 0x6, 0xc6, 0x1, 0x8e, 0x40, 0x20,
    0x10, 0xe, 0x19, 0xe8, 0x0, 0x40, 0x4, 0x22,
    0x0, 0xf0, 0xb9, 0x3, 0x82, 0x80, 0x28, 0x3,
    0xc3, 0x44, 0x1e, 0x6, 0x80, 0x9d, 0x2c, 0xaf,
    0x5c, 0xa0, 0xe8, 0x0, 0xa3, 0x1, 0x69, 0xa8,
    0x50, 0x19, 0x80, 0x8, 0x72, 0x90, 0x40, 0x2,
    0x93, 0xcc, 0x1, 0x0,

    /* U+0640 "ـ" */
    0x45, 0x5e, 0x20, 0x9a, 0xae, 0xd0, 0x20, 0xe,
    0x50,

    /* U+0641 "ف" */
    0x0, 0xff, 0xe1, 0x3f, 0xb0, 0x7, 0xff, 0x16,
    0xc3, 0x40, 0x3f, 0xf8, 0xbe, 0xd2, 0x1, 0xff,
    0xc5, 0x39, 0x20, 0xf, 0xfe, 0x29, 0x29, 0x80,
    0x7f, 0xf1, 0x1f, 0x6b, 0x2c, 0x3, 0xff, 0x84,
    0xb0, 0x1, 0x24, 0x0, 0x7f, 0xf0, 0x60, 0x1b,
    0xd4, 0x18, 0x1, 0xc, 0x20, 0x1f, 0x11, 0x2,
    0xc2, 0x0, 0x4c, 0x5e, 0x48, 0x3, 0xe1, 0x0,
    0x20, 0x6, 0x65, 0x0, 0x18, 0x7, 0xc4, 0x0,
    0x9f, 0xd0, 0x8, 0x40, 0x3f, 0xc3, 0x20, 0x1e,
    0x11, 0x0, 0x24, 0x3, 0xf3, 0x76, 0x5d, 0x0,
    0x15, 0x4, 0x1b, 0xa9, 0xd9, 0xbc, 0xeb, 0x96,
    0x6, 0x21, 0xa2, 0x2, 0xb1, 0x33, 0xf9, 0xc4,
    0x3c, 0x0, 0x7d, 0x4a, 0x40, 0x1f, 0x89, 0x1f,
    0x4c, 0x0,

    /* U+0642 "ق" */
    0x0, 0xfc, 0x3b, 0xa0, 0xbe, 0x20, 0xf, 0xe2,
    0x2c, 0x82, 0xc0, 0x1f, 0xc7, 0x54, 0x2b, 0x94,
    0x0, 0xff, 0x2a, 0x81, 0x18, 0x3, 0xff, 0x80,
    0x2a, 0x60, 0x1f, 0xfc, 0x7, 0xea, 0xcb, 0x0,
    0xff, 0x2c, 0x0, 0x49, 0x20, 0x1f, 0xd0, 0xb,
    0xec, 0xc, 0x0, 0x8b, 0x40, 0x8, 0x48, 0x20,
    0x20, 0x0, 0x80, 0xc8, 0x60, 0x11, 0x80, 0x21,
    0x10, 0x0, 0x13, 0x10, 0x60, 0x8, 0x84, 0x16,
    0xe8, 0x2, 0x50, 0x0, 0x80, 0x6d, 0x40, 0x0,
    0x80, 0x18, 0x2, 0x10, 0xc, 0x77, 0xfe, 0x80,
    0x1, 0x90, 0x2, 0x80, 0x3e, 0x49, 0x6, 0x4,
    0x20, 0x4e, 0x96, 0x63, 0xce, 0xd8, 0x14, 0x0,
    0x3c, 0x80, 0x5a, 0x65, 0xc, 0x40, 0x98, 0x20,
    0x2, 0xd9, 0x41, 0x0, 0x9, 0xb6, 0x58, 0x80,
    0x0,

    /* U+0643 "ك" */
    0x0, 0xff, 0xe1, 0x4f, 0xd8, 0x7, 0xff, 0x15,
    0xc0, 0x3f, 0xf8, 0x62, 0x2, 0x1, 0xfe, 0x8c,
    0x0, 0xbc, 0xc, 0x3, 0xfb, 0x1c, 0x84, 0x3,
    0xff, 0x82, 0x46, 0x3c, 0x20, 0x1, 0x1, 0x0,
    0xfc, 0x46, 0x2a, 0x1, 0x18, 0x6, 0xa8, 0x20,
    0xd, 0xa1, 0x40, 0x10, 0x80, 0x42, 0xae, 0x20,
    0x14, 0x60, 0x8, 0x7, 0x85, 0x40, 0x6, 0x1,
    0x21, 0x26, 0x0, 0x4e, 0x0, 0x31, 0x0, 0x8,
    0x5, 0xdc, 0xb2, 0x0, 0x9c, 0x2, 0x10, 0x5,
    0x80, 0x44, 0x20, 0x1d, 0xc0, 0x2, 0x41, 0x5,
    0xea, 0x76, 0x55, 0x33, 0xce, 0xa8, 0x28, 0x3,
    0x8, 0x5, 0x62, 0x6a, 0x93, 0xc, 0x40, 0x76,
    0x0, 0x2d, 0xa5, 0x21, 0x0, 0xc4, 0x8f, 0x78,
    0x20,

    /* U+0644 "ل" */
    0x0, 0xff, 0x37, 0xf8, 0x3, 0xfe, 0x30, 0xf,
    0xfe, 0x20, 0x80, 0x7f, 0x84, 0x3, 0xff, 0x88,
    0x60, 0x1f, 0xe7, 0x0, 0xff, 0xe2, 0x8, 0x7,
    0xf8, 0x40, 0x3f, 0xf8, 0x26, 0x0, 0x70, 0xf,
    0xfe, 0x1c, 0x40, 0x80, 0x3c, 0x20, 0x1, 0x7,
    0x78, 0x3, 0xf8, 0x50, 0x0, 0x80, 0x1e, 0x10,
    0x3, 0x90, 0x0, 0x40, 0x3c, 0x40, 0x1, 0x0,
    0xff, 0x20, 0x9, 0x28, 0x2, 0x0, 0x38, 0xa4,
    0x18, 0xc, 0x81, 0xed, 0x91, 0x63, 0x44, 0x52,
    0x0, 0xf2, 0x4, 0x9b, 0xa7, 0x1, 0xd1, 0x0,
    0x16, 0xca, 0x8, 0x0, 0x9f, 0xcc, 0x0,

    /* U+0645 "م" */
    0x0, 0xc6, 0xa8, 0x1, 0xc3, 0x98, 0xab, 0xd2,
    0x0, 0xb0, 0xc0, 0x22, 0xf0, 0x3, 0x90, 0xdf,
    0xc0, 0x12, 0x83, 0xcd, 0x20, 0x39, 0x86, 0x0,
    0x19, 0x8, 0xcc, 0xc0, 0x40, 0x8, 0xed, 0xcc,
    0x28, 0x8, 0x63, 0x88, 0x7, 0x62, 0x98, 0x3f,
    0x7f, 0x64, 0xbe, 0x1, 0x40, 0x80, 0x9b, 0x9,
    0x83, 0x0, 0x7c, 0x60, 0xe0, 0x1f, 0x70, 0x10,
    0x7, 0xc4, 0x2, 0x1, 0xf2, 0x0, 0xc, 0x3,
    0xc2, 0x20, 0x40, 0xf, 0x99, 0x88, 0x1, 0xe0,

    /* U+0646 "ن" */
    0x0, 0xf4, 0x30, 0x7, 0xfc, 0xaf, 0x24, 0x1,
    0xfe, 0x71, 0x32, 0x0, 0xff, 0x17, 0x60, 0x7,
    0xff, 0x10, 0xe8, 0x40, 0x3f, 0xc3, 0x8b, 0x20,
    0x1f, 0xe1, 0x50, 0x60, 0x5, 0xe2, 0x0, 0x7b,
    0xc0, 0x48, 0x50, 0xc0, 0x3e, 0x40, 0x3, 0xa8,
    0x1, 0x0, 0x3c, 0x20, 0x3, 0x20, 0xf, 0xfe,
    0x1, 0x80, 0x42, 0x1, 0xe5, 0x0, 0x3a, 0x80,
    0x20, 0x3, 0x8a, 0xc0, 0xc8, 0xcc, 0xd, 0xb0,
    0xcf, 0x5a, 0x21, 0xe0, 0xd, 0x20, 0x27, 0x98,
    0x50, 0x5, 0x18, 0x0, 0x76, 0x50, 0x40, 0x4,
    0xfc, 0xa0, 0x0,

    /* U+0647 "ه" */
    0x0, 0xe1, 0xb2, 0x0, 0xff, 0xa9, 0x35, 0x40,
    0x3f, 0xc4, 0x0, 0xa9, 0x0, 0xfc, 0xec, 0x1,
    0x35, 0x80, 0x7d, 0x1, 0x7a, 0x0, 0x4c, 0x0,
    0xe2, 0x0, 0x21, 0x10, 0x0, 0x76, 0x1, 0xf1,
    0x14, 0x16, 0x8, 0xc0, 0x11, 0x18, 0x7f, 0x1,
    0xa3, 0x5, 0x14, 0x2a, 0x28, 0x11, 0x82, 0x2a,
    0x80, 0xa, 0xf5, 0x6c, 0x1, 0x9e, 0x8c, 0x2c,
    0x4c, 0x0, 0x2b, 0x50, 0x60, 0x2, 0x87,

    /* U+0648 "و" */
    0x0, 0x89, 0x98, 0x20, 0x19, 0x76, 0x65, 0xe4,
    0x0, 0x2a, 0x0, 0x87, 0xc0, 0x16, 0x5, 0xd2,
    0x4, 0x80, 0xe1, 0x62, 0xc2, 0x18, 0x1, 0x52,
    0xa8, 0x0, 0x20, 0x80, 0x75, 0x41, 0x0, 0xa9,
    0x84, 0x4, 0x1, 0xe0, 0x9, 0xef, 0x40, 0x3,
    0x80, 0xd, 0xf5, 0x42, 0x4, 0xff, 0x20, 0x81,
    0xdc, 0x4, 0x1, 0x25, 0xc0, 0x0, 0x66, 0xfa,
    0xd0, 0x2,

    /* U+0649 "ى" */
    0x0, 0xff, 0x26, 0x7f, 0xac, 0xc0, 0x3f, 0xa2,
    0xcc, 0x0, 0x8e, 0x1, 0xf9, 0x9c, 0x12, 0xa8,
    0xc8, 0x1, 0xfa, 0x1, 0xed, 0x55, 0x20, 0x1f,
    0x90, 0x42, 0x0, 0x3d, 0x78, 0x80, 0x10, 0x80,
    0x1c, 0x3, 0x85, 0xc, 0x3, 0x29, 0x4, 0x73,
    0x88, 0x1, 0x40, 0x8, 0x1, 0xb1, 0x80, 0x63,
    0x90, 0x8, 0x3, 0xe1, 0x9e, 0x80, 0x4, 0x0,
    0x61, 0x0, 0xf0, 0xb9, 0x3, 0x82, 0x80, 0x28,
    0x3, 0xc3, 0x44, 0x1e, 0x6, 0x60, 0x4e, 0x96,
    0x57, 0xae, 0x50, 0x74, 0x0, 0x69, 0x80, 0xb4,
    0xd4, 0x28, 0xc, 0xc0, 0x4, 0x39, 0x48, 0x20,
    0x1, 0x49, 0xe6, 0x0, 0x80,

    /* U+064A "ي" */
    0x0, 0xff, 0x26, 0x7f, 0xac, 0xc0, 0x3f, 0xa2,
    0xcc, 0x0, 0x8e, 0x1, 0xf9, 0x9c, 0x12, 0xa8,
    0xc8, 0x1, 0xfa, 0x1, 0xed, 0x55, 0x20, 0x1f,
    0x90, 0x42, 0x0, 0x3d, 0x78, 0x80, 0x10, 0x80,
    0x1c, 0x3, 0x85, 0xc, 0x3, 0x29, 0x4, 0x73,
    0x88, 0x1, 0x40, 0x8, 0x1, 0xb1, 0x80, 0x63,
    0x90, 0x8, 0x3, 0xe1, 0x9e, 0x80, 0x4, 0x0,
    0x61, 0x0, 0xf0, 0xb9, 0x3, 0x82, 0x80, 0x28,
    0x3, 0xc3, 0x44, 0x1e, 0x6, 0x60, 0x4e, 0x96,
    0x57, 0xae, 0x50, 0x74, 0x0, 0x69, 0x80, 0xb4,
    0xd4, 0x28, 0xc, 0xc0, 0x4, 0x39, 0x48, 0x20,
    0x1, 0x49, 0xe6, 0x0, 0xf2, 0xdf, 0x7f, 0xba,
    0xd8, 0x3, 0xf8, 0x5c, 0x81, 0x8c, 0x3, 0xfd,
    0x10, 0xe5, 0x9c, 0x0, 0xff, 0x60, 0x23, 0x8a,
    0x0, 0x78,

    /* U+064B "ً" */
    0x0, 0x85, 0x90, 0x5f, 0x3a, 0x44, 0xad, 0x2e,
    0xcc, 0x74, 0x77, 0x66, 0x38, 0x2a, 0xe5, 0x3e,
    0x95, 0x10,

    /* U+064C "ٌ" */
    0x0, 0x93, 0xb8, 0x60, 0x14, 0xba, 0x44, 0xfc,
    0x7, 0x6b, 0xd3, 0xac, 0x44, 0x86, 0x7, 0x0,
    0x90, 0x18, 0x8b, 0x96, 0x0,

    /* U+064D "ٍ" */
    0x0, 0xfc, 0x71, 0xac, 0x5d, 0x88, 0xa8, 0x77,
    0x94, 0x68, 0x71, 0x90, 0x48, 0x15, 0xbd, 0x24,

    /* U+064E "َ" */
    0x0, 0xc8, 0x60, 0xd7, 0xf6, 0xc7, 0x5, 0x5c,
    0xa7, 0xd2, 0xa2, 0x0,

    /* U+064F "ُ" */
    0x0, 0x47, 0xe0, 0x81, 0x3d, 0x8b, 0x81, 0x80,
    0x80, 0x65, 0xa0, 0x68, 0xe4, 0x7d, 0x9, 0xee,
    0x40, 0x0,

    /* U+0650 "ِ" */
    0x0, 0xfc, 0x71, 0xac, 0x5d, 0x88, 0xa8, 0x77,
    0xd9, 0x4,

    /* U+0651 "ّ" */
    0x0, 0xe2, 0x0, 0x14, 0x37, 0x2d, 0x3a, 0x11,
    0x42, 0x47, 0x6e, 0x88, 0x8d, 0xd4, 0x9e, 0xf1,
    0x10, 0x0,

    /* U+0652 "ْ" */
    0x0, 0xf4, 0xfd, 0x81, 0xbd, 0xaa, 0x31, 0x29,
    0x92, 0xf, 0x3, 0xe, 0xec, 0x0,

    /* U+0653 "ٓ" */
    0x0, 0xf9, 0x7f, 0xd2, 0x6a, 0x9c, 0xd2, 0xf9,
    0x45, 0x72, 0xdd, 0x7a, 0xc0,

    /* U+0654 "ٔ" */
    0x0, 0xf5, 0xfd, 0x82, 0xa5, 0x40, 0x30, 0x0,
    0x84, 0x45, 0x5d, 0x2c, 0x2f, 0x90,

    /* U+0655 "ٕ" */
    0x0, 0xf5, 0xfd, 0x82, 0xa5, 0x40, 0x30, 0x0,
    0x84, 0x45, 0x5d, 0x2c, 0x2f, 0x90,

    /* U+0656 "ٖ" */
    0x18, 0x30, 0x74, 0x10, 0xf0, 0x8,

    /* U+0657 "ٗ" */
    0x0, 0x1d, 0x6e, 0x3, 0xe3, 0xcf, 0xc, 0x40,
    0x80, 0x88, 0xc, 0x46, 0x6, 0x6e, 0x36, 0x0,
    0x66, 0xf0, 0x80,

    /* U+0658 "٘" */
    0x73, 0xb, 0x3c, 0xb2, 0x41, 0xe7, 0xd5, 0x25,
    0xed, 0xa0,

    /* U+0659 "ٙ" */
    0x6f, 0xfc, 0xcf, 0xbb, 0x9c,

    /* U+065A "ٚ" */
    0x0, 0x84, 0x32, 0x2, 0xa2, 0x5d, 0x11, 0x2a,
    0x76, 0xa2, 0x10, 0x92, 0x0,

    /* U+065B "ٛ" */
    0x0, 0x10, 0x5, 0x5a, 0x80, 0x2a, 0x90, 0x10,
    0x94, 0x6a, 0x10, 0x32, 0x0,

    /* U+065C "ٜ" */
    0x0, 0xc7, 0xfc, 0x56, 0x2, 0x96, 0x24, 0xe0,

    /* U+065D "ٝ" */
    0x4e, 0xe2, 0x80, 0x3d, 0xda, 0x0, 0x23, 0x11,
    0x0, 0x21, 0x5a, 0x40, 0x7, 0xab, 0x5e, 0x60,
    0x55, 0xfa, 0x60,

    /* U+065E "ٞ" */
    0x8, 0xa0, 0x1, 0x81, 0x38, 0xe2, 0x85, 0x77,
    0xab, 0x2, 0xe4, 0xc8, 0xa, 0xec, 0x16, 0x7,
    0x89, 0xca, 0x0,

    /* U+065F "ٟ" */
    0x0, 0x16, 0xfa, 0x0, 0x52, 0xd8, 0xa0, 0x13,
    0x99, 0x84, 0x2, 0xa6, 0x46, 0x9, 0xf9, 0x1b,
    0xd1, 0xcb, 0xcd, 0xfb, 0x10,

    /* U+0660 "٠" */
    0x1, 0xb3, 0x0, 0x6a, 0x61, 0x83, 0x0, 0x14,
    0x29, 0x61, 0x80, 0x14, 0xe0,

    /* U+0661 "١" */
    0x4, 0x81, 0x3, 0xb7, 0x40, 0x30, 0x6, 0x0,
    0x10, 0x14, 0x0, 0x40, 0x60, 0xf, 0x0, 0x8,
    0x10, 0x0, 0x81, 0x80, 0xc, 0x4, 0x0, 0x20,
    0x0, 0x87, 0x80, 0x8, 0x4, 0x0, 0xe0, 0x60,
    0x1, 0x1, 0x0, 0x18, 0x38,

    /* U+0662 "٢" */
    0x3, 0x40, 0xc, 0x84, 0x15, 0x92, 0x1, 0xaf,
    0x4b, 0x0, 0x8c, 0x1, 0x0, 0x2, 0x40, 0x6,
    0x7f, 0x9c, 0x18, 0x8, 0x3, 0xc9, 0x20, 0x2,
    0x4, 0xbb, 0x6d, 0x80, 0x4c, 0x0, 0x44, 0x10,
    0x6, 0x20, 0x60, 0xf, 0xb8, 0x8, 0x3, 0xe2,
    0x0, 0x8, 0x7, 0x98, 0x0, 0x60, 0x1e, 0x10,
    0x0, 0x80, 0x78, 0x80, 0xe, 0x1, 0xff, 0xc3,

    /* U+0663 "٣" */
    0x1, 0x40, 0xf, 0x11, 0x1, 0xba, 0xc4, 0x1a,
    0x8d, 0x76, 0x41, 0x40, 0x8, 0x1a, 0xa0, 0xe0,
    0xa0, 0x60, 0xe, 0x54, 0x4, 0x50, 0x10, 0x1,
    0x2, 0x50, 0x2, 0x20, 0x6, 0x0, 0x70, 0x8,
    0xe0, 0x41, 0x38, 0x0, 0x40, 0xf, 0xc7, 0xef,
    0xb2, 0x0, 0x70, 0x0, 0x40, 0x3f, 0x28, 0x0,
    0xc0, 0x3f, 0x10, 0x1, 0x80, 0x3f, 0x8, 0x0,
    0x40, 0x3f, 0x84, 0xc, 0x3, 0xf8, 0xc0, 0x40,
    0x3f, 0x84, 0x3c, 0x3, 0xe0,

    /* U+0664 "٤" */
    0x0, 0xc8, 0xa0, 0x1c, 0x7b, 0x76, 0x0, 0xc9,
    0x84, 0xa, 0x20, 0x1, 0xa0, 0x2c, 0xb1, 0x0,
    0x20, 0x86, 0x18, 0x7, 0xc4, 0x1, 0xca, 0x41,
    0x9f, 0x80, 0x1b, 0x8, 0x0, 0x20, 0x1a, 0x48,
    0x1b, 0x40, 0x22, 0x70, 0x99, 0x0, 0x65, 0x1,
    0x60, 0xf, 0x86, 0x55, 0x1a, 0x59, 0x82, 0xd,
    0x57, 0x2d, 0x43, 0xec, 0x40, 0x1, 0x49,

    /* U+0665 "٥" */
    0x0, 0x85, 0x10, 0x1, 0xe7, 0xeb, 0xb7, 0x18,
    0x4, 0xd0, 0x1, 0xe, 0x88, 0x2, 0x1, 0x7a,
    0xc0, 0x64, 0x14, 0x42, 0xc5, 0x14, 0x14, 0x34,
    0xc, 0x40, 0x18, 0x4, 0x2, 0xe, 0x1, 0x18,
    0x5, 0xc0, 0xa0, 0x11, 0x0, 0x48, 0x3, 0x6a,
    0xf0, 0x8, 0x6, 0x80, 0x95, 0x0, 0x8, 0x0,
    0x5b, 0x88, 0x1, 0x30, 0xc0,

    /* U+0666 "٦" */
    0x8a, 0x76, 0x56, 0x79, 0x0, 0x22, 0xc4, 0xd4,
    0xc3, 0x0, 0x28, 0xc4, 0x3, 0xe6, 0xce, 0xff,
    0x60, 0x0, 0x40, 0x3c, 0x20, 0x3, 0x0, 0xf1,
    0x80, 0x4, 0x3, 0xc2, 0x0, 0x60, 0xf, 0x84,
    0x8, 0x3, 0xe2, 0xe, 0x0, 0xf9, 0x80, 0x80,
    0x3e, 0x20, 0x60, 0xf, 0xb4, 0x8, 0x3, 0xe6,
    0x0, 0x10, 0x7, 0x8c, 0x8c, 0x40,

    /* U+0667 "٧" */
    0x28, 0x90, 0xe, 0x2a, 0x30, 0xb7, 0x61, 0x0,
    0xd6, 0xb8, 0x36, 0x0, 0x60, 0xc, 0xe0, 0xa2,
    0x46, 0x16, 0x1, 0x28, 0x84, 0x80, 0x28, 0xc,
    0x80, 0x1e, 0x4, 0x60, 0x7, 0x0, 0x28, 0x1,
    0x42, 0x80, 0x21, 0x30, 0xb0, 0x50, 0x3, 0x0,
    0x6b, 0x3, 0x1c, 0x4, 0x10, 0xc, 0xa0, 0x4,
    0x70, 0xe0, 0xe, 0x22, 0x4, 0x8, 0x20, 0x7,
    0x94, 0x8, 0x10, 0x40, 0x3d, 0x60, 0x16, 0x80,
    0x7c, 0x60, 0x12, 0x0, 0x7e, 0x50, 0x22, 0x0,
    0x7e, 0xbf, 0xd0, 0xe,

    /* U+0668 "٨" */
    0x0, 0xc4, 0xf4, 0x1, 0xfd, 0x50, 0xa8, 0x1,
    0xf9, 0x40, 0x18, 0x1, 0xf1, 0x10, 0x0, 0xa0,
    0x1f, 0x28, 0x4, 0x42, 0x1, 0xeb, 0x6, 0x0,
    0x38, 0x7, 0x9, 0x85, 0x18, 0x68, 0x7, 0x30,
    0x9, 0xd8, 0x20, 0x80, 0x6a, 0x7, 0x5, 0x0,
    0x20, 0x4, 0x64, 0x1a, 0x4, 0x40, 0xe0, 0xa,
    0x80, 0x50, 0x0, 0xa0, 0x82, 0x0, 0x60, 0x70,
    0xa, 0x80, 0xc, 0xc, 0x0, 0xa0, 0x8, 0x8c,
    0x28, 0x4, 0x46, 0x60, 0xd, 0x40, 0x1, 0x7e,
    0xe0, 0x7, 0x36, 0x68, 0x80,

    /* U+0669 "٩" */
    0x0, 0x3f, 0x7e, 0xa8, 0x6, 0xa8, 0x10, 0x2a,
    0x30, 0x2, 0x28, 0x3c, 0x80, 0x24, 0x1, 0xa0,
    0x70, 0xce, 0x8, 0x0, 0x30, 0x70, 0x6, 0x0,
    0x88, 0x8, 0x12, 0x17, 0x0, 0x6, 0x12, 0x0,
    0x7a, 0x70, 0x3, 0x0, 0xea, 0x0, 0x8, 0x0,
    0x20, 0x2, 0xbf, 0xf6, 0x88, 0x18, 0x7, 0xc4,
    0x1c, 0x1, 0xf3, 0x1, 0x0, 0x7c, 0x40, 0xc0,
    0x1f, 0x68, 0x10, 0x7, 0xce, 0x8e, 0x0,

    /* U+066A "٪" */
    0x7, 0x30, 0xa, 0x58, 0x1e, 0x30, 0xc0, 0x9a,
    0x44, 0xc0, 0xe, 0x10, 0xc, 0x29, 0x74, 0x82,
    0xa1, 0x0, 0x4, 0x50, 0x90, 0x51, 0x0, 0xc2,
    0xe1, 0x0, 0x1c, 0xc0, 0x84, 0x1, 0xd2, 0x10,
    0x1, 0xcc, 0x26, 0x60, 0xe, 0xb0, 0x80, 0xe,
    0x52, 0x22, 0x0, 0x80, 0x52, 0x16, 0x5, 0xee,
    0x6, 0x61, 0x60, 0xe1, 0x85, 0x90, 0x90, 0x6,
    0x92, 0x2d, 0xc3, 0x80, 0x7, 0x2c, 0x0,

    /* U+066B "٫" */
    0x0, 0x2b, 0x0, 0x53, 0x25, 0x0, 0x69, 0x68,
    0x0, 0xcb, 0x0, 0x1e, 0x48, 0x38, 0x7e, 0x1a,
    0xfe, 0x41, 0x96, 0x20, 0x0,

    /* U+066C "٬" */
    0x0, 0xc6, 0x1, 0x16, 0x68, 0x0, 0xb0, 0x3c,
    0x1, 0x27, 0x82, 0x2, 0x92, 0x1, 0x28, 0x8,
    0x4, 0xa3, 0x60, 0x10, 0xfd, 0x0, 0x40,

    /* U+066D "٭" */
    0x0, 0xff, 0xe1, 0x32, 0x80, 0x7e, 0xdf, 0x0,
    0xf8, 0x51, 0x40, 0x32, 0xff, 0xb8, 0x1, 0xfe,
    0xe4, 0x5e, 0x40, 0xc, 0xbe, 0x80, 0x34, 0x1,
    0xa8, 0x40, 0x26, 0x3, 0x20, 0x50, 0xd, 0x6d,
    0x9a, 0xbc, 0x1, 0xc, 0xc8, 0x1, 0x5c, 0x0,

    /* U+066E "ٮ" */
    0x0, 0xff, 0xe2, 0x3e, 0x30, 0x2, 0xa0, 0x80,
    0x3f, 0xf8, 0x18, 0x7a, 0x2, 0xae, 0x20, 0x1f,
    0xfc, 0xd, 0x4, 0x5, 0x0, 0x18, 0x7, 0xff,
    0x1, 0x40, 0x4, 0x20, 0x1, 0x0, 0xff, 0xe0,
    0x10, 0x0, 0x44, 0x0, 0x80, 0xf, 0xfe, 0x4,
    0x0, 0x9, 0x4, 0x1b, 0xa9, 0xd9, 0x54, 0xcc,
    0x79, 0xcf, 0x60, 0x51, 0xc, 0x20, 0x15, 0x89,
    0xaa, 0x4c, 0xa1, 0x8c, 0x0, 0xd4, 0x0, 0x2d,
    0xa5, 0x21, 0x0, 0xc2, 0x48, 0xd3, 0xd2, 0x0,

    /* U+066F "ٯ" */
    0x0, 0xff, 0xa, 0x98, 0x7, 0xff, 0x1, 0xfa,
    0xb2, 0xc0, 0x3f, 0xcb, 0x0, 0x12, 0x48, 0x7,
    0xf4, 0x2, 0xfb, 0x3, 0x0, 0x22, 0xd0, 0x2,
    0x12, 0x8, 0x8, 0x0, 0x20, 0x32, 0x18, 0x4,
    0x60, 0x8, 0x44, 0x0, 0x4, 0xc4, 0x18, 0x2,
    0x21, 0x5, 0xba, 0x0, 0x94, 0x0, 0x20, 0x1b,
    0x50, 0x0, 0x20, 0x6, 0x0, 0x84, 0x3, 0x1d,
    0xff, 0xa0, 0x0, 0x64, 0x0, 0xa0, 0xf, 0x92,
    0x41, 0x81, 0x8, 0x13, 0xa5, 0x98, 0xf3, 0xb6,
    0x5, 0x0, 0xf, 0x20, 0x16, 0x99, 0x43, 0x10,
    0x26, 0x8, 0x0, 0xb6, 0x50, 0x40, 0x2, 0x6d,
    0x96, 0x20, 0x0,

    /* U+0670 "ٰ" */
    0x8, 0x30, 0x74, 0x0, 0x78, 0x4,

    /* U+0671 "ٱ" */
    0x0, 0xff, 0x47, 0xf2, 0x0, 0x1d, 0xa9, 0x7c,
    0xe, 0x20, 0xa2, 0x7, 0x81, 0x3e, 0x90, 0x7d,
    0xb9, 0xbc, 0x60, 0x26, 0x44, 0x0, 0xd5, 0xd4,
    0x1, 0x84, 0x3, 0xf0, 0x80, 0x63, 0x0, 0xfc,
    0xe0, 0x1f, 0xf0, 0x80, 0x80, 0x7f, 0xde, 0x6,
    0x1, 0xff, 0x8, 0x7, 0xe1, 0x0, 0xfe,

    /* U+0672 "ٲ" */
    0x0, 0xa3, 0xf4, 0x2, 0x27, 0xae, 0x0, 0x88,
    0x48, 0x4c, 0xb7, 0xc6, 0x32, 0xca, 0xb3, 0x1d,
    0xc8, 0x7, 0x22, 0x8, 0x6, 0xae, 0xa0, 0xc,
    0x20, 0x1f, 0x84, 0x3, 0x18, 0x7, 0xe7, 0x0,
    0xff, 0x84, 0x4, 0x3, 0xfe, 0xf0, 0x30, 0xf,
    0xf8, 0x40, 0x3f, 0x8, 0x7, 0xf0,

    /* U+0673 "ٳ" */
    0x0, 0xaf, 0xe8, 0x3, 0x84, 0x3, 0xf8, 0x40,
    0x38, 0xc0, 0x3f, 0x9c, 0x3, 0xff, 0x82, 0x20,
    0x20, 0x1f, 0xfc, 0x1f, 0x3, 0x0, 0xff, 0xe0,
    0x88, 0x7, 0xf0, 0x80, 0x71, 0x80, 0x7f, 0xf0,
    0xdd, 0xe0, 0xe, 0x28, 0x80, 0x7, 0x2f, 0x79,
    0x0, 0x6b, 0x6c, 0x20, 0xc, 0x86, 0x28, 0x0,
    0xbf, 0x54, 0xde, 0x0, 0x6e, 0x63, 0x7e, 0x80,

    /* U+0674 "ٴ" */
    0x0, 0xc6, 0x40, 0x1c, 0xff, 0x9b, 0x20, 0x13,
    0x40, 0x5, 0xe0, 0x15, 0x1, 0xf7, 0xb0, 0x4,
    0x21, 0x62, 0x1, 0xce, 0x16, 0x0, 0x34, 0x0,
    0x58, 0x9f, 0x6e, 0x48, 0x1c, 0x98, 0x9, 0x1,
    0x95, 0xb9, 0x0, 0x16, 0xf8, 0xa8, 0x9a, 0xfe,
    0x90, 0x0,

    /* U+0675 "ٵ" */
    0xbf, 0xa0, 0xf, 0xf0, 0x80, 0x7f, 0xf0, 0x84,
    0x3, 0xfc, 0x60, 0x1f, 0x19, 0x80, 0x39, 0xc0,
    0x25, 0xec, 0xc8, 0x3, 0xe3, 0xa1, 0x0, 0x28,
    0x0, 0x40, 0x40, 0x14, 0x3, 0xbf, 0x0, 0x1f,
    0x18, 0x29, 0x0, 0x80, 0x3c, 0xc, 0x1, 0x80,
    0xa2, 0x4, 0xa0, 0x1e, 0x63, 0x1f, 0xcd, 0xa1,
    0x10, 0x4, 0x4e, 0x0, 0x13, 0x0, 0x28, 0x0,
    0x41, 0xe0, 0xc0, 0x9, 0x5e, 0x86, 0x1, 0x29,
    0x2d, 0x7d, 0xa8, 0x7, 0xdb, 0x4a, 0x1, 0xce,
    0xf0, 0x7, 0xf8,

    /* U+0676 "ٶ" */
    0x0, 0xff, 0xe0, 0x3f, 0x7f, 0x10, 0x7, 0xff,
    0x2, 0x60, 0x40, 0x48, 0x3, 0xfe, 0x16, 0x4,
    0xba, 0x0, 0xe2, 0x66, 0x8, 0x4, 0xa0, 0xa,
    0x45, 0x0, 0xcb, 0xb3, 0x2f, 0x20, 0x3, 0x80,
    0xc, 0x3, 0x8a, 0x80, 0x21, 0xf0, 0x1, 0x90,
    0x71, 0xbe, 0x18, 0x58, 0x17, 0x48, 0x12, 0x0,
    0x24, 0xf, 0x20, 0xe4, 0x1c, 0x2c, 0x58, 0x43,
    0x3, 0xac, 0x3, 0x34, 0x80, 0x54, 0xaa, 0x0,
    0x8, 0x10, 0xa, 0xdf, 0xc9, 0x82, 0x1, 0xd5,
    0x4, 0x2, 0xfc, 0xea, 0x40, 0xd, 0x4c, 0x20,
    0x20, 0xf, 0x3, 0x30, 0x7, 0xe9, 0xef, 0x40,
    0x3, 0x80, 0x7f, 0xc6, 0xfa, 0xa1, 0x2, 0x1,
    0xfc, 0x7f, 0x90, 0x40, 0xee, 0x0, 0xff, 0x10,
    0x4, 0x97, 0x0, 0x1f, 0xf0, 0xcd, 0xf5, 0xa0,
    0x7, 0xff, 0x0,

    /* U+0677 "ٷ" */
    0x0, 0x97, 0xf8, 0xc0, 0x3f, 0xf8, 0x5c, 0x3,
    0x20, 0x1f, 0xfc, 0x29, 0x50, 0x20, 0xf, 0xfe,
    0x1b, 0x85, 0x0, 0x73, 0xf7, 0xf1, 0x0, 0x62,
    0x4c, 0x20, 0xd, 0x30, 0x20, 0x24, 0x1, 0xd2,
    0x60, 0x18, 0x58, 0x12, 0xe8, 0x3, 0x89, 0x98,
    0x20, 0x12, 0x80, 0x29, 0x14, 0x3, 0x2e, 0xcc,
    0xbc, 0x80, 0xe, 0x0, 0x30, 0xe, 0x2a, 0x0,
    0x87, 0xc0, 0x6, 0x41, 0xc6, 0xf8, 0x61, 0x60,
    0x5d, 0x20, 0x48, 0x0, 0x90, 0x3c, 0x83, 0x90,
    0x70, 0xb1, 0x61, 0xc, 0xe, 0xb0, 0xc, 0xd2,
    0x1, 0x52, 0xa8, 0x0, 0x20, 0x40, 0x2b, 0x7f,
    0x26, 0x8, 0x7, 0x54, 0x10, 0xb, 0xf3, 0xa9,
    0x0, 0x35, 0x30, 0x80, 0x80, 0x3c, 0xc, 0xc0,
    0x1f, 0xa7, 0xbd, 0x0, 0xe, 0x1, 0xff, 0x1b,
    0xea, 0x84, 0x8, 0x7, 0xf1, 0xfe, 0x41, 0x3,
    0xb8, 0x3, 0xfc, 0x40, 0x12, 0x5c, 0x0, 0x7f,
    0xc3, 0x37, 0xd6, 0x80, 0x1f, 0xfc, 0x0,

    /* U+0678 "ٸ" */
    0x0, 0xff, 0xe4, 0x19, 0x80, 0x3f, 0xf9, 0x31,
    0xf9, 0x88, 0x0, 0xff, 0xe0, 0x26, 0x7f, 0xa4,
    0x41, 0xdc, 0x1, 0x68, 0x7, 0xfd, 0x16, 0x60,
    0x6, 0x70, 0xa0, 0x3e, 0xf5, 0x0, 0xff, 0x33,
    0x82, 0x55, 0x15, 0x80, 0xc2, 0xc4, 0x3, 0xff,
    0x81, 0x0, 0xf6, 0xaa, 0xa0, 0x3, 0x4, 0x91,
    0xcc, 0x0, 0x7e, 0x41, 0x8, 0x0, 0xf4, 0x18,
    0xee, 0x33, 0x80, 0x2f, 0x10, 0x2, 0x10, 0x3,
    0x80, 0x73, 0xe9, 0x80, 0x42, 0xc2, 0x24, 0x30,
    0xc, 0xa4, 0x11, 0xce, 0x20, 0x11, 0x0, 0x16,
    0xba, 0x45, 0x40, 0x8, 0x1, 0xb1, 0x80, 0x63,
    0x90, 0x15, 0xef, 0xe9, 0x40, 0x22, 0x0, 0xf8,
    0x67, 0xa0, 0x1, 0x0, 0x50, 0x80, 0x1f, 0xc2,
    0x1, 0xe1, 0x72, 0x7, 0x0, 0xff, 0x28, 0x2,
    0x80, 0x3c, 0x34, 0x41, 0xe0, 0x1f, 0xe3, 0x30,
    0x27, 0x4b, 0x2b, 0xd7, 0x28, 0x3a, 0x0, 0x7f,
    0xda, 0x60, 0x2d, 0x35, 0xa, 0x3, 0x30, 0x1,
    0xff, 0xc0, 0x1c, 0xa4, 0x10, 0x0, 0xa4, 0xf3,
    0x0, 0x7f, 0xf0, 0x0,

    /* U+0679 "ٹ" */
    0x0, 0xfd, 0x8e, 0x1, 0xff, 0xc6, 0x7f, 0x0,
    0xff, 0xe3, 0xaf, 0xf9, 0x80, 0x3f, 0xf8, 0x6e,
    0x12, 0x94, 0x1, 0xff, 0xc2, 0xa3, 0x29, 0x58,
    0x0, 0xff, 0xe1, 0x5e, 0xe6, 0xf2, 0x0, 0x62,
    0x10, 0xf, 0xc2, 0x46, 0x40, 0x1d, 0x7a, 0xc0,
    0xd, 0xc3, 0x0, 0xff, 0xe0, 0x8, 0x58, 0x11,
    0xc, 0x40, 0x3f, 0xf8, 0x1e, 0x6, 0xc, 0x0,
    0x20, 0xf, 0xfe, 0x3, 0x80, 0x8, 0x40, 0x2,
    0x1, 0xff, 0xc3, 0x11, 0x0, 0x2c, 0x3, 0xfe,
    0x18, 0x0, 0x12, 0x10, 0x2f, 0x53, 0xb2, 0xa9,
    0x99, 0x13, 0x9c, 0xa0, 0xc2, 0x1e, 0x40, 0x2b,
    0x13, 0x54, 0x99, 0x3b, 0x18, 0x1, 0xe4, 0x0,
    0x5b, 0x4a, 0x42, 0x1, 0x84, 0x91, 0xab, 0xa0,
    0x0,

    /* U+067A "ٺ" */
    0x0, 0xfe, 0x32, 0x0, 0xff, 0xe2, 0x96, 0x68,
    0x7, 0xff, 0x14, 0xc8, 0xc0, 0x3f, 0xf8, 0xa3,
    0xdc, 0x0, 0xff, 0xe2, 0x96, 0x68, 0x7, 0xff,
    0x14, 0xc8, 0xc0, 0x3f, 0xf8, 0xa3, 0xb8, 0x1,
    0xd1, 0xac, 0x0, 0xb9, 0x20, 0xf, 0xfe, 0x1,
    0x96, 0x80, 0xa3, 0x8, 0x7, 0xff, 0x3, 0x41,
    0x1, 0x40, 0x6, 0x1, 0xff, 0xc0, 0x50, 0x1,
    0x8, 0x0, 0x40, 0x3f, 0xf8, 0x4, 0x0, 0x11,
    0x0, 0x2c, 0x3, 0xfe, 0x1b, 0x0, 0x12, 0x10,
    0x2f, 0x53, 0xb2, 0xa9, 0x98, 0xf3, 0x9c, 0xa0,
    0xa2, 0x1e, 0x40, 0x2b, 0x13, 0x54, 0x99, 0x43,
    0x18, 0x1, 0xa8, 0x0, 0x5b, 0x4a, 0x42, 0x1,
    0x84, 0x91, 0xa7, 0xa4, 0x0,

    /* U+067B "ٻ" */
    0x0, 0xff, 0xe2, 0x3e, 0x30, 0x2, 0xa0, 0x80,
    0x3f, 0xf8, 0x18, 0x7a, 0x2, 0xae, 0x20, 0x1f,
    0xfc, 0xd, 0x4, 0x5, 0x0, 0x18, 0x7, 0xff,
    0x1, 0x40, 0x4, 0x20, 0x1, 0x0, 0xff, 0xe0,
    0x10, 0x0, 0x44, 0x0, 0x80, 0xf, 0xfe, 0x4,
    0x0, 0x9, 0x4, 0x1b, 0xa9, 0xd9, 0x54, 0xcc,
    0x79, 0xcf, 0x60, 0x51, 0xc, 0x20, 0x15, 0x89,
    0xaa, 0x4c, 0xa1, 0x8c, 0x0, 0xd4, 0x0, 0x2d,
    0xa5, 0x21, 0x0, 0xc2, 0x48, 0xd3, 0xd2, 0x1,
    0xcb, 0x5b, 0xdf, 0xfb, 0xb6, 0xe5, 0x84, 0x3,
    0xff, 0xa6, 0x3b, 0x80, 0x1f, 0xfc, 0x53, 0x23,
    0x0, 0xff, 0xe2, 0x96, 0x68, 0x7, 0xff, 0x14,
    0x7b, 0x80, 0x1f, 0xfc, 0x53, 0x23, 0x0, 0xff,
    0xe2, 0x96, 0x68, 0x7, 0xf0,

    /* U+067C "ټ" */
    0x0, 0xf8, 0x9c, 0x5, 0xc4, 0x3, 0xff, 0x85,
    0xf1, 0xb, 0x8a, 0x0, 0xff, 0xe1, 0x20, 0x66,
    0x3, 0x0, 0x3f, 0xf8, 0x53, 0xe8, 0xde, 0xe0,
    0x14, 0x73, 0x0, 0x2e, 0x48, 0x3, 0xff, 0x80,
    0x63, 0xa0, 0x28, 0xc2, 0x1, 0xff, 0xc0, 0xd0,
    0x40, 0x50, 0x1, 0x80, 0x7f, 0xf0, 0x10, 0x0,
    0x42, 0x0, 0x10, 0xf, 0xfe, 0x1, 0x80, 0x4,
    0x40, 0xb, 0x0, 0xff, 0x86, 0xc0, 0x4, 0x84,
    0xb, 0xd4, 0xec, 0xaa, 0x66, 0x3c, 0xe7, 0x28,
    0x28, 0x87, 0x90, 0xa, 0xc4, 0xd5, 0x26, 0x50,
    0xc6, 0x0, 0x6a, 0x0, 0x16, 0xd2, 0x90, 0x80,
    0x71, 0x23, 0x4f, 0x48, 0x7, 0x2d, 0x6f, 0x58,
    0x71, 0xbe, 0xdc, 0xb0, 0x80, 0x7f, 0x90, 0xb8,
    0xa8, 0x3, 0xff, 0x89, 0xba, 0xe2, 0x0, 0xfc,

    /* U+067D "ٽ" */
    0x0, 0xf9, 0xbd, 0x5f, 0xd4, 0x3, 0xff, 0x85,
    0xe1, 0xba, 0x2, 0x0, 0xff, 0xe1, 0x4d, 0xda,
    0x6d, 0xc0, 0x3f, 0xf8, 0x6d, 0x9a, 0x80, 0x1f,
    0xfc, 0x43, 0x22, 0x0, 0x7f, 0xf1, 0x47, 0x70,
    0x3, 0xa3, 0x58, 0x1, 0x72, 0x40, 0x1f, 0xfc,
    0x3, 0x2d, 0x1, 0x46, 0x10, 0xf, 0xfe, 0x6,
    0x82, 0x2, 0x80, 0xc, 0x3, 0xff, 0x80, 0xa0,
    0x2, 0x10, 0x0, 0x80, 0x7f, 0xf0, 0x8, 0x0,
    0x22, 0x0, 0x58, 0x7, 0xfc, 0x36, 0x0, 0x24,
    0x20, 0x5e, 0xa7, 0x65, 0x53, 0x31, 0xe7, 0x39,
    0x41, 0x44, 0x3c, 0x80, 0x56, 0x26, 0xa9, 0x32,
    0x86, 0x30, 0x3, 0x50, 0x0, 0xb6, 0x94, 0x84,
    0x3, 0x9, 0x23, 0x4f, 0x48, 0x0,

    /* U+067E "پ" */
    0x0, 0xff, 0xe2, 0x3e, 0x30, 0x2, 0xa0, 0x80,
    0x3f, 0xf8, 0x18, 0x7a, 0x2, 0xae, 0x20, 0x1f,
    0xfc, 0xd, 0x4, 0x5, 0x0, 0x18, 0x7, 0xff,
    0x1, 0x40, 0x4, 0x20, 0x1, 0x0, 0xff, 0xe0,
    0x10, 0x0, 0x44, 0x0, 0x80, 0xf, 0xfe, 0x4,
    0x0, 0x9, 0x4, 0x1b, 0xa9, 0xd9, 0x54, 0xcc,
    0x79, 0xcf, 0x60, 0x51, 0xc, 0x20, 0x15, 0x89,
    0xaa, 0x4c, 0xa1, 0x8c, 0x0, 0xd4, 0x0, 0x2d,
    0xa5, 0x21, 0x0, 0xc2, 0x48, 0xd3, 0xd2, 0x1,
    0xcb, 0x5b, 0xdf, 0xfb, 0xb6, 0xe5, 0x84, 0x3,
    0xfe, 0x20, 0x1, 0x0, 0x7f, 0xf0, 0xe3, 0x5a,
    0xb5, 0x0, 0x3f, 0xf8, 0x5c, 0x4, 0x40, 0x70,
    0xf, 0xfe, 0x13, 0x75, 0x1f, 0x98, 0x7, 0xff,
    0xc, 0xc5, 0x80, 0x3f, 0xf8, 0xa5, 0xb8, 0x1,
    0xfc,

    /* U+067F "ٿ" */
    0x0, 0xf8, 0xfd, 0xdd, 0xe6, 0x1, 0xff, 0xc2,
    0x70, 0xee, 0x3, 0x0, 0x7f, 0xf0, 0x93, 0x66,
    0x5a, 0xa0, 0x1f, 0xfc, 0x23, 0xd7, 0x76, 0x98,
    0x7, 0xff, 0x9, 0x83, 0xb8, 0xc, 0x1, 0xff,
    0xc2, 0x5d, 0x99, 0x6a, 0x80, 0x4d, 0x6a, 0x0,
    0x87, 0x10, 0xc, 0x40, 0x2, 0x0, 0xda, 0x9c,
    0x2, 0xf0, 0x40, 0x1f, 0xfc, 0xd, 0x4, 0x5,
    0x0, 0x18, 0x7, 0xff, 0x1, 0x40, 0x4, 0x20,
    0x1f, 0xfc, 0x31, 0x0, 0x8, 0x80, 0x12, 0x1,
    0xff, 0xc0, 0xb0, 0x1, 0x20, 0x83, 0x75, 0x3b,
    0x2a, 0x99, 0x8f, 0x39, 0xec, 0xa, 0x21, 0xa4,
    0x2, 0xb1, 0x35, 0x49, 0x94, 0x31, 0x80, 0x1a,
    0x80, 0x7, 0xb4, 0xa4, 0x20, 0x18, 0x49, 0x1a,
    0x7a, 0x40, 0x0,

    /* U+0680 "ڀ" */
    0x0, 0xff, 0xe2, 0x3e, 0x30, 0x2, 0xa0, 0x80,
    0x3f, 0xf8, 0x18, 0x7a, 0x2, 0xae, 0x20, 0x1f,
    0xfc, 0xd, 0x4, 0x5, 0x0, 0x18, 0x7, 0xff,
    0x1, 0x40, 0x4, 0x20, 0x1, 0x0, 0xff, 0xe0,
    0x10, 0x0, 0x44, 0x0, 0x80, 0xf, 0xfe, 0x4,
    0x0, 0x9, 0x4, 0x1b, 0xa9, 0xd9, 0x54, 0xcc,
    0x79, 0xcf, 0x60, 0x51, 0xc, 0x20, 0x15, 0x89,
    0xaa, 0x4c, 0xa1, 0x8c, 0x0, 0xd4, 0x0, 0x2d,
    0xa5, 0x21, 0x0, 0xc2, 0x48, 0xd3, 0xd2, 0x1,
    0xcb, 0x5b, 0xdf, 0xfb, 0xb6, 0xe5, 0x84, 0x3,
    0xfe, 0x20, 0x1, 0x0, 0x7f, 0xf0, 0xdb, 0x62,
    0x1a, 0xc0, 0x1f, 0xfc, 0x22, 0xe, 0xe0, 0x10,
    0x7, 0xff, 0x9, 0x35, 0x99, 0xa8, 0x1, 0xff,
    0xc2, 0x6d, 0x88, 0x6b, 0x0, 0x7f, 0xf0, 0x88,
    0x3b, 0x80, 0x40, 0x1f, 0x0,

    /* U+0681 "ځ" */
    0x0, 0xff, 0xe2, 0x9f, 0x7a, 0x80, 0x7f, 0x41,
    0x5a, 0x0, 0x7f, 0x19, 0x2, 0x0, 0x7f, 0x78,
    0xdc, 0x10, 0x7, 0xe1, 0x8d, 0xd1, 0x0, 0x71,
    0x2a, 0x89, 0x88, 0x3, 0xc9, 0xb5, 0x4b, 0xec,
    0x61, 0x0, 0xcc, 0x1, 0xc7, 0x3d, 0x70, 0xe0,
    0x59, 0xfe, 0xeb, 0x72, 0x4, 0x78, 0x0, 0x18,
    0x0, 0x58, 0x4c, 0x3, 0x8, 0x4, 0x33, 0xac,
    0x29, 0x3b, 0xe2, 0x0, 0x2f, 0x60, 0x6d, 0xb6,
    0x20, 0x8, 0x70, 0x45, 0x92, 0x40, 0x1e, 0xa1,
    0x16, 0x18, 0x7, 0xc6, 0x81, 0x64, 0x1, 0xfa,
    0xc0, 0x94, 0x3, 0xf8, 0x81, 0xc0, 0x3f, 0xc2,
    0x2, 0x1, 0xfe, 0x20, 0x40, 0xf, 0xf6, 0x80,
    0x2c, 0x40, 0x3c, 0x20, 0x8a, 0x9, 0xd4, 0xec,
    0xc8, 0xce, 0x30, 0xa5, 0x0, 0x2c, 0x4c, 0x9c,
    0xc2, 0xc0, 0x15, 0x8c, 0x40, 0x11, 0xb5, 0xc0,

    /* U+0682 "ڂ" */
    0x0, 0xf2, 0x0, 0x7f, 0xd3, 0x70, 0x1, 0xfe,
    0xf0, 0xd0, 0xf, 0xf3, 0x5a, 0x80, 0x7f, 0xa6,
    0xe0, 0x3, 0xfd, 0xe1, 0xa0, 0x1f, 0xe6, 0xf5,
    0x0, 0xf1, 0x2a, 0x90, 0x40, 0x3e, 0x4d, 0xaa,
    0x5f, 0x63, 0x8, 0x6, 0x60, 0xe, 0x39, 0xeb,
    0x87, 0x2, 0xcf, 0xf7, 0x5b, 0x90, 0x23, 0xc0,
    0x0, 0xc0, 0x2, 0xc2, 0x60, 0x18, 0x40, 0x21,
    0x9d, 0x61, 0x49, 0xdf, 0x10, 0x1, 0x7b, 0x3,
    0x6d, 0xb1, 0x0, 0x43, 0x82, 0x2c, 0x92, 0x0,
    0xf5, 0x8, 0xb0, 0xc0, 0x3e, 0x34, 0xb, 0x20,
    0xf, 0xd6, 0x4, 0xa0, 0x1f, 0xc4, 0xe, 0x1,
    0xfe, 0x10, 0x10, 0xf, 0xf1, 0x2, 0x0, 0x7f,
    0xb4, 0x1, 0x62, 0x1, 0xe1, 0x4, 0x50, 0x4e,
    0xa7, 0x66, 0x46, 0x71, 0x85, 0x28, 0x1, 0x62,
    0x64, 0xe6, 0x16, 0x0, 0xac, 0x62, 0x0, 0x8d,
    0xae, 0x0,

    /* U+0683 "ڃ" */
    0x3d, 0xff, 0x76, 0x4a, 0x80, 0x78, 0x48, 0x0,
    0x26, 0xd5, 0xf9, 0x2e, 0x60, 0x4f, 0x33, 0x3a,
    0x8, 0x1b, 0x42, 0x0, 0x21, 0x9a, 0x8f, 0x40,
    0xd, 0xe0, 0x1c, 0x9b, 0x6a, 0x51, 0x7d, 0x0,
    0x1a, 0xac, 0x93, 0x35, 0xd0, 0x40, 0x35, 0xa8,
    0x55, 0x98, 0x7, 0xd2, 0x81, 0x8a, 0x1, 0xf8,
    0x98, 0x28, 0xc0, 0x3f, 0x94, 0x9, 0x42, 0xf8,
    0xa7, 0xd0, 0x2, 0xd0, 0x70, 0x2, 0xb, 0xa0,
    0x60, 0x4, 0x20, 0x20, 0xb, 0x95, 0xf8, 0x80,
    0x4, 0x40, 0x82, 0x8, 0xc0, 0x4e, 0x1, 0xa8,
    0x1, 0x84, 0x1, 0xfc, 0x6c, 0x5, 0xb7, 0xc,
    0xc7, 0xae, 0x90, 0x4, 0xb8, 0x1, 0x1e, 0x65,
    0xa, 0x2e, 0x1, 0x47, 0x41, 0x88, 0x0, 0x96,
    0x7c, 0x0,

    /* U+0684 "ڄ" */
    0x3c, 0xff, 0x75, 0xa8, 0x7, 0xc6, 0x0, 0x14,
    0xae, 0x94, 0x10, 0x1, 0xb4, 0xca, 0x14, 0x44,
    0xd7, 0xde, 0x0, 0x96, 0x63, 0xd6, 0x18, 0x6,
    0x10, 0xc, 0x77, 0xa6, 0x2, 0xae, 0x1, 0xa3,
    0x10, 0x1b, 0x3a, 0xa0, 0x40, 0x14, 0xe0, 0xbd,
    0x26, 0x1, 0xce, 0xa1, 0x14, 0x24, 0x1, 0xc3,
    0x0, 0xce, 0x9, 0xb6, 0x1, 0x9c, 0x1, 0x0,
    0x7, 0x12, 0x0, 0xd8, 0x8, 0x20, 0x3, 0xc9,
    0x0, 0xc2, 0x2, 0x1, 0x26, 0xd8, 0x6, 0x10,
    0x70, 0x9, 0x84, 0x80, 0x36, 0x1, 0x30, 0x0,
    0xba, 0x40, 0x33, 0x8, 0x4d, 0x20, 0x80, 0x9,
    0xa8, 0x43, 0x44, 0x16, 0xfb, 0xfd, 0xb2, 0xac,
    0x7, 0xec, 0x1, 0xf2, 0xa0, 0x0, 0x67, 0xf2,
    0xaa, 0xdf, 0xa3,

    /* U+0685 "څ" */
    0x0, 0xe5, 0xf7, 0x0, 0xff, 0x10, 0x70, 0x7,
    0xf1, 0x25, 0xd1, 0x0, 0x7e, 0xdc, 0x7c, 0xd1,
    0x0, 0xf8, 0xc8, 0x86, 0x42, 0x1, 0xf6, 0x68,
    0xe6, 0x80, 0x71, 0x2a, 0x90, 0x40, 0x3e, 0x4d,
    0xaa, 0x5f, 0x63, 0x8, 0x6, 0x60, 0xe, 0x39,
    0xeb, 0x87, 0x2, 0xcf, 0xf7, 0x5b, 0x90, 0x23,
    0xc0, 0x0, 0xc0, 0x2, 0xc2, 0x60, 0x18, 0x40,
    0x21, 0x9d, 0x61, 0x49, 0xdf, 0x10, 0x1, 0x7b,
    0x3, 0x6d, 0xb1, 0x0, 0x43, 0x82, 0x2c, 0x92,
    0x0, 0xf5, 0x8, 0xb0, 0xc0, 0x3e, 0x34, 0xb,
    0x20, 0xf, 0xd6, 0x4, 0xa0, 0x1f, 0xc4, 0xe,
    0x1, 0xfe, 0x10, 0x10, 0xf, 0xf1, 0x2, 0x0,
    0x7f, 0xb4, 0x1, 0x62, 0x1, 0xe1, 0x4, 0x50,
    0x4e, 0xa7, 0x66, 0x46, 0x71, 0x85, 0x28, 0x1,
    0x62, 0x64, 0xe6, 0x16, 0x0, 0xac, 0x62, 0x0,
    0x8d, 0xae, 0x0,

    /* U+0686 "چ" */
    0x2, 0x55, 0x21, 0x0, 0x7e, 0x4d, 0xaa, 0x5e,
    0xf4, 0x10, 0x7, 0x30, 0x7, 0xb, 0xee, 0xa6,
    0xc, 0xb, 0x3f, 0xdd, 0x92, 0x80, 0x4c, 0xe8,
    0x0, 0x30, 0x0, 0x98, 0xb0, 0x6, 0xf0, 0xe,
    0x7e, 0x82, 0x24, 0x5f, 0x40, 0x4, 0x39, 0x2,
    0x99, 0xae, 0x82, 0x1, 0xb0, 0xc2, 0xac, 0xc0,
    0x3e, 0xa2, 0xc, 0x50, 0xf, 0xc4, 0xa1, 0x46,
    0x58, 0x73, 0x0, 0x1a, 0x80, 0x94, 0x4, 0xdc,
    0x8c, 0x3, 0x10, 0x38, 0x0, 0xff, 0xdd, 0x60,
    0x18, 0x40, 0x40, 0x21, 0x52, 0x0, 0xe2, 0x4,
    0x10, 0x0, 0xf3, 0x80, 0x75, 0x0, 0x30, 0x80,
    0x3e, 0x10, 0x36, 0x2, 0xdb, 0x86, 0x63, 0xdf,
    0x58, 0x2, 0x60, 0x0, 0x8f, 0x32, 0x84, 0x14,
    0x0, 0x9f, 0xa0, 0xc4, 0x0, 0x4b, 0x3e, 0x0,

    /* U+0687 "ڇ" */
    0x3d, 0xff, 0x76, 0x4a, 0x80, 0x78, 0x48, 0x0,
    0x26, 0xd5, 0xf9, 0x2e, 0x60, 0x4f, 0x33, 0x3a,
    0x8, 0x1b, 0x42, 0x0, 0x21, 0x9a, 0x8f, 0x40,
    0xd, 0xe0, 0x1c, 0x9b, 0x6a, 0x51, 0x7d, 0x0,
    0x1a, 0xac, 0x93, 0x35, 0xd0, 0x40, 0x35, 0xa8,
    0x55, 0x98, 0x7, 0xd2, 0x81, 0x8a, 0x1, 0xf8,
    0x98, 0x28, 0xdb, 0xce, 0xf4, 0x3, 0x28, 0x12,
    0x80, 0x7f, 0xb4, 0x1c, 0x0, 0xde, 0x77, 0xa0,
    0x18, 0x40, 0x40, 0xd, 0xe7, 0x7a, 0x1, 0x88,
    0x10, 0x40, 0x3f, 0xd4, 0x0, 0xc2, 0x6f, 0x3b,
    0xd0, 0xc, 0x6c, 0x5, 0xb7, 0xc, 0xc7, 0x9c,
    0x90, 0x4, 0xb8, 0x1, 0x1e, 0x65, 0xc, 0x6e,
    0x1, 0x47, 0x41, 0x88, 0x0, 0x96, 0x7c, 0x0,

    /* U+0688 "ڈ" */
    0x0, 0x13, 0x80, 0x7e, 0x68, 0x0, 0xfc, 0xe1,
    0x5f, 0x80, 0x1f, 0x35, 0x1a, 0x0, 0x64, 0x1d,
    0x10, 0x60, 0x8, 0xa0, 0x7a, 0xdc, 0x80, 0x22,
    0xdc, 0xc7, 0x40, 0x7, 0x11, 0x98, 0x40, 0x3f,
    0x95, 0x40, 0x1f, 0x45, 0x50, 0x40, 0x3d, 0x40,
    0xb, 0x0, 0xf1, 0x40, 0x29, 0x80, 0x79, 0xc8,
    0x24, 0x3, 0xea, 0x5, 0x0, 0xf8, 0x80, 0x6,
    0x13, 0x6e, 0xd1, 0x60, 0x2, 0x16, 0x48, 0x97,
    0x10, 0x61, 0x14, 0xa0, 0x80, 0xe, 0x64, 0x0,

    /* U+0689 "ډ" */
    0x0, 0xff, 0xe1, 0x16, 0x50, 0x7, 0xd4, 0x6a,
    0x80, 0x1e, 0x82, 0x9, 0x0, 0xfa, 0x40, 0x94,
    0x3, 0xc8, 0x80, 0x90, 0xf, 0xb4, 0xc, 0x40,
    0x3c, 0x60, 0x2, 0xa, 0xd9, 0x89, 0xa0, 0x1,
    0xa, 0x93, 0x3b, 0x0, 0x1c, 0x45, 0x26, 0x1,
    0x15, 0x40, 0x1, 0xa0, 0x78, 0xe9, 0x40, 0x32,
    0x9f, 0x12, 0x80, 0x70, 0xee, 0xb8, 0x80, 0x20,

    /* U+068A "ڊ" */
    0x0, 0xff, 0xe1, 0xd, 0x48, 0x7, 0xd0, 0xac,
    0x80, 0x1e, 0x91, 0x8, 0x0, 0xfa, 0xc0, 0xd4,
    0x3, 0xca, 0x61, 0xc0, 0x1f, 0x50, 0x20, 0x80,
    0x78, 0xc0, 0x4, 0x13, 0x6e, 0xd1, 0x60, 0x2,
    0x16, 0x48, 0x97, 0x10, 0x71, 0x14, 0xa0, 0x80,
    0xe, 0xa0, 0x0, 0xd7, 0xdf, 0xec, 0x50, 0xf,
    0x31, 0x80, 0x7c, 0xd3, 0xa0, 0x1f, 0x28, 0x20,
    0x6,

    /* U+068B "ڋ" */
    0x0, 0x13, 0x80, 0x7e, 0x68, 0x0, 0xfc, 0xe1,
    0x5f, 0x80, 0x1f, 0x35, 0x1a, 0x0, 0x64, 0x1d,
    0x10, 0x60, 0x8, 0xa0, 0x7a, 0xdc, 0x80, 0x22,
    0xdc, 0xc7, 0x40, 0x7, 0x11, 0x98, 0x40, 0x3f,
    0x95, 0x40, 0x1f, 0x45, 0x50, 0x40, 0x3d, 0x40,
    0xb, 0x0, 0xf1, 0x40, 0x29, 0x80, 0x79, 0xc8,
    0x24, 0x3, 0xea, 0x5, 0x0, 0xf8, 0x80, 0x6,
    0x13, 0x6e, 0xd1, 0x60, 0x2, 0x16, 0x48, 0x97,
    0x10, 0x61, 0x14, 0xa0, 0x80, 0xe, 0x64, 0x0,
    0x6b, 0xef, 0xf6, 0x30, 0x7, 0x98, 0xc0, 0x3e,
    0x69, 0xd0, 0xf, 0x94, 0x10, 0x3, 0x0,

    /* U+068C "ڌ" */
    0x2, 0xeb, 0xd, 0xd0, 0x6, 0x71, 0x42, 0x2c,
    0x1, 0x2c, 0xd9, 0x55, 0x8, 0x3, 0x32, 0x2,
    0xa8, 0x3, 0xf2, 0x28, 0x7, 0xcf, 0x76, 0x10,
    0xf, 0x18, 0xc, 0x80, 0x79, 0x14, 0x1c, 0x40,
    0x3d, 0x0, 0x9, 0x0, 0xf1, 0x28, 0x28, 0x7,
    0xde, 0x4, 0x20, 0x1f, 0xc4, 0x15, 0x6e, 0xd1,
    0x60, 0x3, 0x15, 0x48, 0x97, 0x10, 0x80, 0x19,
    0x41, 0x0, 0x1d, 0x38, 0x0,

    /* U+068D "ڍ" */
    0x0, 0xff, 0xe1, 0xd, 0x48, 0x7, 0xd0, 0xac,
    0x80, 0x1e, 0x91, 0x8, 0x0, 0xfa, 0xc0, 0xd4,
    0x3, 0xca, 0x61, 0xc0, 0x1f, 0x50, 0x20, 0x80,
    0x78, 0xc0, 0x4, 0x13, 0x6e, 0xd1, 0x60, 0x2,
    0x16, 0x48, 0x97, 0x10, 0x71, 0x14, 0xa0, 0x80,
    0xe, 0xa0, 0x0, 0xd7, 0xdf, 0xec, 0x50, 0xf,
    0xfe, 0x15, 0x71, 0x3f, 0xa8, 0x6, 0x51, 0x4b,
    0xc, 0x0, 0xd9, 0x2d, 0xd1, 0x0, 0x0,

    /* U+068E "ڎ" */
    0x0, 0xc8, 0x1, 0xfa, 0x2e, 0x40, 0x3e, 0xd0,
    0xf0, 0xf, 0x6c, 0x75, 0xe0, 0x6, 0x12, 0x2c,
    0x62, 0x1, 0xe, 0xe8, 0xf3, 0x44, 0x3, 0x11,
    0x0, 0xc8, 0x3, 0xe1, 0x99, 0x0, 0x7d, 0xc,
    0xc3, 0x0, 0xf4, 0x8, 0x78, 0x7, 0x86, 0xc0,
    0xd0, 0x3, 0xca, 0x61, 0xe0, 0x1f, 0x50, 0x20,
    0x80, 0x78, 0xc0, 0x4, 0x13, 0x6e, 0xd1, 0x60,
    0x2, 0x16, 0x48, 0x97, 0x10, 0x71, 0x14, 0xa0,
    0x80, 0xe, 0xa0, 0x0,

    /* U+068F "ڏ" */
    0x0, 0x11, 0x0, 0xc8, 0x3, 0xe, 0xe8, 0xf3,
    0x40, 0x38, 0x8c, 0x88, 0x60, 0x18, 0x76, 0xfa,
    0x70, 0x3, 0xda, 0x6, 0x1, 0xf5, 0x5b, 0x80,
    0x7e, 0x40, 0xf, 0xe1, 0xa9, 0x0, 0xfa, 0x15,
    0x8c, 0x3, 0xd2, 0x21, 0xe0, 0x1f, 0x58, 0x1a,
    0x80, 0x79, 0x4c, 0x38, 0x3, 0xea, 0x4, 0x10,
    0xf, 0x18, 0x0, 0x82, 0x6d, 0xda, 0x2c, 0x0,
    0x42, 0xc9, 0x12, 0xe2, 0xe, 0x22, 0x94, 0x10,
    0x1, 0xd4, 0x0,

    /* U+0690 "ڐ" */
    0x0, 0x84, 0x4, 0x3, 0xd9, 0xc7, 0xda, 0x1,
    0xce, 0x23, 0x30, 0x7, 0x8, 0x4, 0x20, 0x1c,
    0xe2, 0x33, 0x80, 0x76, 0xf1, 0xf6, 0x0, 0x78,
    0x40, 0x44, 0x1, 0xf0, 0xdd, 0x0, 0x7d, 0x28,
    0xa8, 0x1, 0xe8, 0x20, 0x90, 0xf, 0xa4, 0x9,
    0x40, 0x3c, 0x86, 0x12, 0x1, 0xf5, 0x1, 0x88,
    0x7, 0x8c, 0x0, 0x41, 0x56, 0xed, 0x16, 0x0,
    0x21, 0x54, 0x89, 0x71, 0x7, 0x11, 0x4a, 0x8,
    0x0, 0xea, 0x0,

    /* U+0691 "ڑ" */
    0x0, 0x96, 0x80, 0x3e, 0x34, 0xcf, 0x90, 0xc,
    0x62, 0xd0, 0xc2, 0x1, 0x61, 0x58, 0x80, 0x80,
    0x15, 0x8b, 0xa6, 0x40, 0x12, 0xee, 0x6f, 0xb0,
    0x6, 0x23, 0x20, 0xf, 0xfe, 0x22, 0xe3, 0x80,
    0x7b, 0x8e, 0x40, 0x3d, 0xe0, 0x28, 0x1, 0xc8,
    0x21, 0x80, 0x1e, 0x50, 0x10, 0xf, 0x38, 0x8,
    0x7, 0x11, 0x86, 0x80, 0x61, 0xf0, 0x15, 0x0,
    0x93, 0xc8, 0x28, 0x0, 0x9b, 0x62, 0x14, 0x80,
    0x11, 0x1, 0xe2, 0x80, 0x48, 0xd7, 0x86, 0x1,
    0x80,

    /* U+0692 "ڒ" */
    0x0, 0xff, 0xac, 0x82, 0xd0, 0x3, 0x49, 0xa2,
    0x80, 0x52, 0x9c, 0xc2, 0x1, 0x12, 0x95, 0x80,
    0x75, 0x79, 0x0, 0x7f, 0xf0, 0xc4, 0x3, 0x9f,
    0xe0, 0x3, 0xb4, 0x18, 0x3, 0xa0, 0x0, 0xa0,
    0x18, 0x88, 0x1a, 0x1, 0xcc, 0x2, 0x1, 0xcc,
    0x2, 0x1, 0x90, 0x83, 0x0, 0x23, 0xa0, 0x24,
    0x0, 0x3e, 0x8, 0x78, 0x2f, 0xc0, 0xe, 0x10,
    0x30, 0x1, 0xbc, 0xc0, 0x7, 0x3d, 0x22, 0x1,
    0x0,

    /* U+0693 "ړ" */
    0x0, 0xc3, 0x8, 0x1, 0xec, 0x78, 0x0, 0xf5,
    0x81, 0x90, 0x7, 0x30, 0x1, 0x40, 0x3c, 0x61,
    0xc0, 0x1e, 0x70, 0xf, 0xca, 0x1c, 0x1, 0xd0,
    0x20, 0xa0, 0x1a, 0x1c, 0x1, 0x60, 0x5, 0xd7,
    0x2, 0xb6, 0x37, 0xa2, 0x1, 0x12, 0x8b, 0xb0,
    0x1d, 0xf8, 0xf1, 0x20, 0xf6, 0x20, 0xee, 0xb0,
    0x0,

    /* U+0694 "ڔ" */
    0x0, 0xc3, 0xa, 0x1, 0xda, 0xf0, 0x1, 0xd2,
    0x4, 0x60, 0x19, 0x40, 0x8, 0x1, 0xc6, 0x1c,
    0x1, 0xff, 0xc0, 0x13, 0xf, 0x0, 0xd6, 0x0,
    0x70, 0x0, 0xda, 0x84, 0x9, 0x47, 0x20, 0x2b,
    0x82, 0x38, 0x2, 0x28, 0x0, 0xc4, 0xfc, 0xe0,
    0x1b, 0x60, 0x40, 0x3e, 0x37, 0x0, 0xf7, 0x44,
    0x0, 0x39, 0x3, 0x0, 0x0,

    /* U+0695 "ڕ" */
    0x0, 0xf0, 0x80, 0x73, 0xfc, 0x0, 0x76, 0x83,
    0x0, 0x74, 0x0, 0x14, 0x3, 0x11, 0x3, 0x40,
    0x39, 0x80, 0x40, 0x39, 0x80, 0x40, 0x32, 0x10,
    0x60, 0x4, 0x74, 0x4, 0x80, 0x7, 0xc1, 0xf,
    0x5, 0xf8, 0x1, 0xc2, 0x6, 0x0, 0x37, 0x98,
    0x0, 0xe7, 0xa4, 0x40, 0x33, 0x12, 0x84, 0x8,
    0x4, 0x36, 0x88, 0x10, 0x8, 0x9e, 0xe4, 0x3,
    0xa2, 0x94, 0x0,

    /* U+0696 "ږ" */
    0x0, 0xe3, 0x20, 0xe, 0xac, 0x80, 0xe, 0x20,
    0x51, 0x0, 0xd2, 0x0, 0x70, 0xc, 0x24, 0x1e,
    0x72, 0x40, 0x6, 0x0, 0x73, 0x40, 0x1, 0x43,
    0x94, 0x3c, 0x18, 0x41, 0x23, 0xd5, 0x52, 0x8,
    0x60, 0x55, 0x40, 0x1a, 0x6, 0xd5, 0x2, 0xc1,
    0x4, 0x1, 0x8d, 0x20, 0x1, 0x5f, 0x38, 0x7,
    0x20, 0x7, 0xf4, 0xfa, 0x0, 0x72, 0x6, 0x0,
    0x77, 0x44, 0x0, 0x0,

    /* U+0697 "ڗ" */
    0x0, 0x9c, 0xc1, 0x90, 0x2, 0x78, 0xe4, 0x9b,
    0x0, 0x8c, 0x11, 0x84, 0xc0, 0x24, 0xf9, 0x2e,
    0xc0, 0xf, 0xfe, 0x10, 0xca, 0x80, 0x7b, 0x5a,
    0x0, 0x3d, 0x20, 0x46, 0x1, 0xca, 0x0, 0x40,
    0xf, 0x18, 0x70, 0x7, 0xff, 0x8, 0x4c, 0x3c,
    0x3, 0xac, 0x0, 0xe0, 0x10, 0xda, 0x84, 0x8,
    0x14, 0xf2, 0x3, 0x38, 0x1, 0x18, 0x1, 0x32,
    0x0, 0x98, 0x9f, 0x98, 0x3, 0xb6, 0x4, 0x3,
    0x80,

    /* U+0698 "ژ" */
    0x0, 0xcf, 0xe8, 0x1, 0xda, 0x4, 0x1, 0x8e,
    0x6d, 0x44, 0x0, 0x79, 0xa1, 0x98, 0x0, 0x10,
    0xab, 0xb, 0x80, 0x7, 0xac, 0xba, 0x80, 0x3f,
    0xf8, 0x3, 0xa, 0x1, 0xda, 0xf0, 0x1, 0xd2,
    0x4, 0x60, 0x19, 0x40, 0x8, 0x1, 0xc6, 0x1c,
    0x1, 0xff, 0xc0, 0x13, 0xf, 0x0, 0xd6, 0x0,
    0x70, 0x0, 0xda, 0x84, 0x9, 0x47, 0x20, 0x2b,
    0x82, 0x38, 0x2, 0x28, 0x0, 0xc4, 0xfc, 0xe0,
    0x1b, 0x60, 0x40, 0x30,

    /* U+0699 "ڙ" */
    0x0, 0xb7, 0xb, 0xa0, 0x2, 0x32, 0x61, 0x20,
    0xb, 0x30, 0x99, 0x40, 0x16, 0x61, 0x32, 0x80,
    0x23, 0x26, 0x12, 0x0, 0xb7, 0xb, 0xa0, 0x3,
    0xff, 0x80, 0x32, 0xa0, 0x1d, 0xad, 0x0, 0x1d,
    0x20, 0x46, 0x1, 0x94, 0x0, 0x80, 0x1c, 0x61,
    0xc0, 0x1f, 0xfc, 0x1, 0x30, 0xf0, 0xd, 0x60,
    0x7, 0x0, 0xd, 0xa8, 0x40, 0x94, 0xf2, 0x3,
    0x38, 0x23, 0x0, 0x26, 0x40, 0x6, 0x27, 0xe6,
    0x0, 0xdb, 0x2, 0x1, 0x80,

    /* U+069A "ښ" */
    0x0, 0xff, 0xe2, 0x5f, 0x10, 0x7, 0xff, 0x28,
    0x50, 0x50, 0x3, 0xff, 0x94, 0x34, 0xec, 0x1,
    0xff, 0xcb, 0x58, 0x0, 0x86, 0x35, 0x0, 0x3f,
    0xf9, 0x42, 0xe5, 0xa0, 0x1f, 0xfc, 0x4, 0x30,
    0xc, 0x88, 0x10, 0x2, 0x82, 0x0, 0x7f, 0xd9,
    0x70, 0x1, 0xa6, 0xdc, 0x1, 0x80, 0x40, 0x3,
    0x10, 0xf, 0xac, 0x14, 0x3, 0x10, 0x10, 0x1,
    0x40, 0x4, 0x1d, 0xc6, 0x0, 0xf2, 0x0, 0xa0,
    0x1, 0x0, 0xc, 0x1, 0xe2, 0x20, 0x20, 0x7,
    0x8c, 0x1, 0x4c, 0xca, 0x0, 0x4b, 0x33, 0xc0,
    0x4, 0xe0, 0x2, 0x0, 0xfe, 0x19, 0x90, 0x80,
    0x12, 0x64, 0x61, 0x0, 0x60, 0x1f, 0xc2, 0x0,
    0x41, 0x2, 0xac, 0x30, 0x1, 0x4b, 0x81, 0x80,
    0x14, 0x3, 0xcc, 0x0, 0xae, 0xfd, 0x53, 0xcf,
    0xf6, 0xb0, 0x1, 0x0, 0x14, 0xe2, 0x0, 0x39,
    0x80, 0x51, 0x0, 0xff, 0xe0, 0xd, 0x0, 0x23,
    0xbf, 0xd8, 0xc0, 0x56, 0x1, 0xf, 0x60, 0x7,
    0xe5, 0xb3, 0x0, 0xe1, 0x7d, 0x10, 0x8, 0x84,
    0xc4, 0x3, 0xf2, 0x67, 0x5d, 0x53, 0x3a, 0x0,
    0x38, 0xef, 0x4, 0x3, 0xc0,

    /* U+069B "ڛ" */
    0x0, 0xff, 0xf1, 0x8c, 0x6a, 0x0, 0x7f, 0xf2,
    0x85, 0xcb, 0x40, 0x3f, 0xf8, 0x8, 0x60, 0x19,
    0x10, 0x1, 0x28, 0x20, 0x7, 0xfd, 0x97, 0x0,
    0x1a, 0x6d, 0x80, 0x18, 0x4, 0x0, 0x31, 0x0,
    0xfa, 0xc1, 0x40, 0x31, 0x1, 0x0, 0x14, 0x0,
    0x41, 0xdc, 0x60, 0xf, 0x20, 0xa, 0x0, 0x10,
    0x0, 0xc0, 0x1e, 0x22, 0x2, 0x80, 0x78, 0xc0,
    0x14, 0xcc, 0xa0, 0x4, 0xb3, 0x3c, 0x0, 0x4e,
    0x0, 0x30, 0xf, 0xe1, 0x99, 0x8, 0x1, 0x26,
    0x46, 0x10, 0x6, 0x1, 0xfc, 0x20, 0x4, 0x10,
    0x2a, 0xc3, 0x0, 0x14, 0xb8, 0x18, 0x1, 0x40,
    0x3c, 0xc0, 0xa, 0xef, 0xd5, 0x3c, 0xff, 0x6b,
    0x0, 0x10, 0x1, 0x4e, 0x20, 0x3, 0x98, 0x5,
    0x10, 0x1, 0x0, 0x8, 0x3, 0xc3, 0x40, 0x8,
    0xef, 0xf6, 0x30, 0x15, 0x80, 0x23, 0x5e, 0x75,
    0x40, 0x3c, 0xb6, 0x60, 0x1c, 0x2f, 0xa2, 0x0,
    0xe0, 0x2e, 0x6, 0x0, 0xf9, 0x33, 0xae, 0xa9,
    0x9d, 0x0, 0x19, 0xba, 0xf3, 0xcc, 0x3, 0xf8,
    0x51, 0x54, 0x60, 0x1f, 0x18, 0xb0, 0x7, 0xff,
    0x2c, 0xb7, 0x0, 0x3e,

    /* U+069C "ڜ" */
    0x0, 0xff, 0xe2, 0x4f, 0x98, 0x7, 0xff, 0x2d,
    0x41, 0x80, 0x3f, 0xf9, 0x7b, 0x6a, 0x1, 0xff,
    0xc9, 0x2e, 0xb7, 0xe9, 0x0, 0xff, 0xe4, 0x30,
    0xbb, 0xa, 0x80, 0x7f, 0xf2, 0x13, 0x30, 0xb9,
    0xa0, 0x10, 0x80, 0x7f, 0xf1, 0x4c, 0x40, 0xc4,
    0x7, 0x39, 0x40, 0x3f, 0xf9, 0x42, 0x41, 0xe0,
    0x1f, 0xf1, 0x3a, 0x80, 0x66, 0x61, 0x0, 0x1c,
    0x10, 0x3, 0xfe, 0xe8, 0xe0, 0xd, 0x72, 0x80,
    0xc, 0x1, 0x0, 0x21, 0x0, 0x7d, 0x60, 0x80,
    0x18, 0x80, 0x80, 0xc, 0x0, 0x20, 0xad, 0x60,
    0xf, 0x20, 0x1, 0x0, 0xa, 0x0, 0x60, 0xf,
    0x10, 0x82, 0x0, 0x78, 0xc0, 0x14, 0xcc, 0xb0,
    0x4, 0xb3, 0x3c, 0x4, 0x9c, 0x0, 0x40, 0x1f,
    0xc3, 0x32, 0x10, 0x2, 0x4c, 0x8c, 0x24, 0xc,
    0x3, 0xf8, 0x40, 0x8, 0x20, 0x55, 0x86, 0x0,
    0x39, 0x70, 0x30, 0x2, 0x80, 0x7a, 0x40, 0x15,
    0xdf, 0xaa, 0x79, 0xfe, 0xc6, 0x0, 0x28, 0x2,
    0x9c, 0x40, 0x7, 0x2e, 0xa, 0x20, 0x2, 0x0,
    0x10, 0x7, 0xd4, 0x0, 0x8e, 0xff, 0x63, 0x1,
    0x58, 0x2, 0x35, 0xe7, 0x54, 0x3, 0xcb, 0x86,
    0x1, 0xc2, 0xfa, 0x20, 0xe, 0x2, 0xe0, 0x60,
    0xf, 0x8f, 0x3a, 0xea, 0x99, 0xd0, 0x1, 0x9b,
    0xaf, 0x3c, 0xc0, 0x3f, 0x85, 0x15, 0x46, 0x1,
    0xf1, 0x8b, 0x0, 0x7f, 0xf2, 0xcb, 0x70, 0x3,
    0xe0,

    /* U+069D "ڝ" */
    0x0, 0xff, 0xe4, 0x9a, 0xa0, 0x80, 0x7f, 0xf2,
    0x5b, 0x72, 0xaf, 0x98, 0x3, 0xff, 0x80, 0x86,
    0x1, 0x87, 0x24, 0x80, 0x34, 0xa0, 0x7, 0xfb,
    0x2e, 0x0, 0x22, 0xf3, 0x6, 0xdf, 0xc1, 0xe,
    0x3, 0x20, 0xf, 0x90, 0x14, 0x0, 0x3e, 0x22,
    0xb9, 0x20, 0x37, 0x1, 0xe, 0xd6, 0x0, 0xf6,
    0x0, 0xb0, 0x69, 0xe, 0x20, 0x4, 0x4e, 0x4,
    0x50, 0x20, 0x7, 0x90, 0x1, 0x3a, 0x60, 0xee,
    0x66, 0x45, 0xe8, 0x85, 0xb8, 0x0, 0x80, 0x3f,
    0xc4, 0x0, 0x6a, 0x99, 0x3a, 0x0, 0xd9, 0x18,
    0x7, 0xf0, 0x80, 0x26, 0x48, 0x40, 0x10, 0x92,
    0xd7, 0x20, 0x18, 0x1, 0x40, 0x3d, 0x20, 0x7,
    0x6b, 0xdf, 0xfb, 0xb6, 0x94, 0x2, 0x51, 0xa,
    0x72, 0x0, 0x1c, 0xb8, 0x30, 0x80, 0x7f, 0xf0,
    0xac, 0x1, 0x1b, 0xfe, 0xc6, 0x3, 0x90, 0xa,
    0xf8, 0xa7, 0xd0, 0x3, 0xcb, 0x86, 0x1, 0xc2,
    0xf8, 0x1, 0x90, 0x5d, 0x40, 0xc0, 0x3e, 0x3c,
    0xeb, 0xaa, 0x67, 0x40, 0x7, 0x6d, 0xae, 0xd3,
    0x80, 0x70,

    /* U+069E "ڞ" */
    0x0, 0xff, 0xe4, 0x89, 0x80, 0x7f, 0xf3, 0x73,
    0x8, 0x1, 0xff, 0xcc, 0x71, 0x60, 0xf, 0xfe,
    0x51, 0xf9, 0x56, 0xc0, 0x7, 0xff, 0x25, 0x80,
    0xc8, 0xc, 0x3, 0xff, 0x92, 0xb7, 0x4d, 0x74,
    0x1, 0xff, 0xca, 0x41, 0x4, 0x10, 0xf, 0xfe,
    0x59, 0xaa, 0x8, 0x7, 0xff, 0x25, 0xb7, 0x2a,
    0xf9, 0x80, 0x3f, 0xf8, 0x8, 0x60, 0x18, 0x72,
    0x48, 0x3, 0x4a, 0x0, 0x7f, 0xb2, 0xe0, 0x2,
    0x2f, 0x30, 0x6d, 0xfc, 0x10, 0xe0, 0x32, 0x0,
    0xf9, 0x1, 0x40, 0x3, 0xe2, 0x2b, 0x92, 0x3,
    0x70, 0x10, 0xed, 0x60, 0xf, 0x60, 0xb, 0x6,
    0x90, 0xe2, 0x0, 0x44, 0xe0, 0x45, 0x2, 0x0,
    0x79, 0x0, 0x13, 0xa6, 0xe, 0xe6, 0x64, 0x5e,
    0x88, 0x5b, 0x80, 0x8, 0x3, 0xfc, 0x40, 0x6,
    0xa9, 0x93, 0xa0, 0xd, 0x91, 0x80, 0x7f, 0x8,
    0x2, 0x64, 0x84, 0x1, 0x9, 0x2d, 0x72, 0x1,
    0x80, 0x14, 0x3, 0xd2, 0x0, 0x76, 0xbd, 0xff,
    0xbb, 0x69, 0x40, 0x25, 0x10, 0xa7, 0x20, 0x1,
    0xcb, 0x83, 0x8, 0x7, 0xff, 0xa, 0xc0, 0x11,
    0xbf, 0xec, 0x60, 0x39, 0x0, 0xff, 0xe1, 0xae,
    0x18, 0x7, 0xb, 0xe0, 0x7, 0xff, 0x14, 0xf3,
    0xae, 0xa9, 0x9d, 0x0, 0x1f, 0xfc, 0x40,

    /* U+069F "ڟ" */
    0x0, 0xff, 0x8c, 0x40, 0x3c, 0x5f, 0xe3, 0x0,
    0x93, 0x30, 0x1, 0xe3, 0x0, 0x38, 0x4, 0xc2,
    0xe0, 0x1f, 0xfc, 0x9, 0xcd, 0xe, 0x20, 0xc,
    0x20, 0x1, 0x0, 0x28, 0xb3, 0x8b, 0x0, 0x7f,
    0xb6, 0xd7, 0x30, 0x80, 0x1f, 0x18, 0x0, 0x50,
    0x4, 0xc0, 0x3f, 0x8, 0x4, 0x6a, 0x80, 0x1f,
    0x8, 0x4, 0xfd, 0x95, 0x7c, 0xa0, 0x1f, 0x6e,
    0x40, 0x80, 0x43, 0x44, 0x1, 0x8c, 0x14, 0xc1,
    0xb7, 0xec, 0x1, 0x40, 0x1f, 0xd, 0xc9, 0x2,
    0x20, 0x4, 0x3, 0x18, 0xe, 0x20, 0x4, 0x68,
    0x1c, 0x70, 0xd4, 0x20, 0xee, 0x56, 0x8c, 0xc0,
    0xb, 0x23, 0xca, 0x80, 0x1a, 0xa9, 0x2e, 0x60,
    0x58, 0x22, 0x20, 0xf, 0x84, 0x9a, 0xb4, 0x80,

    /* U+06A0 "ڠ" */
    0x0, 0xe4, 0x0, 0xff, 0xa6, 0xe0, 0x3, 0xfd,
    0xe1, 0xa0, 0x1f, 0xdb, 0x5d, 0x18, 0x1, 0xf0,
    0x91, 0x91, 0xc, 0x3, 0xe1, 0xdd, 0x1e, 0x68,
    0x7, 0xe2, 0x20, 0x19, 0x0, 0x7c, 0x55, 0xdf,
    0xcc, 0x1, 0xe4, 0xd5, 0x10, 0x13, 0x0, 0xf4,
    0x80, 0x1e, 0xa1, 0x0, 0x38, 0x88, 0x15, 0xa,
    0xe2, 0x1, 0xf8, 0x40, 0x3f, 0x88, 0x42, 0x4,
    0x12, 0x70, 0x3, 0xac, 0xf, 0xb9, 0x6c, 0x66,
    0x0, 0xcb, 0x40, 0x1, 0x1, 0x61, 0x0, 0xe9,
    0x0, 0x1d, 0xf4, 0x90, 0x6, 0x93, 0x8, 0xc4,
    0x0, 0xf1, 0x30, 0x43, 0x80, 0x7e, 0x50, 0x17,
    0x0, 0xfe, 0xd0, 0x50, 0xf, 0xf0, 0x80, 0x80,
    0x7f, 0x88, 0x10, 0x3, 0xfd, 0x80, 0x36, 0x1,
    0xf0, 0x82, 0xa0, 0x27, 0x4b, 0x2b, 0x4e, 0xf8,
    0x2, 0xd0, 0x5, 0xa6, 0xa5, 0x88, 0x4c, 0x1,
    0x76, 0x52, 0x0, 0x9, 0xb5, 0x98,

    /* U+06A1 "ڡ" */
    0x0, 0xff, 0xe1, 0x12, 0x98, 0x7, 0xff, 0x11,
    0xf6, 0xb2, 0xc0, 0x3f, 0xf8, 0x4b, 0x0, 0x12,
    0x40, 0x7, 0xff, 0x6, 0x1, 0xbd, 0x41, 0x80,
    0x10, 0xc2, 0x1, 0xf1, 0x10, 0x2c, 0x20, 0x4,
    0xc5, 0xe4, 0x80, 0x3e, 0x10, 0x2, 0x0, 0x66,
    0x50, 0x1, 0x80, 0x7c, 0x40, 0x9, 0xfd, 0x0,
    0x84, 0x3, 0xfc, 0x32, 0x1, 0xe1, 0x10, 0x2,
    0x40, 0x3f, 0x37, 0x65, 0xd0, 0x1, 0x50, 0x41,
    0xba, 0x9d, 0x9b, 0xce, 0xb9, 0x60, 0x62, 0x1a,
    0x20, 0x2b, 0x13, 0x3f, 0x9c, 0x43, 0xc0, 0x7,
    0xd4, 0xa4, 0x1, 0xf8, 0x91, 0xf4, 0xc0,

    /* U+06A2 "ڢ" */
    0x0, 0xff, 0xe1, 0x12, 0x98, 0x7, 0xff, 0x11,
    0xf6, 0xb2, 0xc0, 0x3f, 0xf8, 0x4b, 0x0, 0x12,
    0x40, 0x7, 0xff, 0x6, 0x1, 0xbd, 0x41, 0x80,
    0x10, 0xc2, 0x1, 0xf1, 0x10, 0x2c, 0x20, 0x4,
    0xc5, 0xe4, 0x80, 0x3e, 0x10, 0x2, 0x0, 0x66,
    0x50, 0x1, 0x80, 0x7c, 0x40, 0x9, 0xfd, 0x0,
    0x84, 0x3, 0xfc, 0x32, 0x1, 0xe1, 0x10, 0x2,
    0x40, 0x3f, 0x37, 0x65, 0xd0, 0x1, 0x50, 0x41,
    0xba, 0x9d, 0x9b, 0xce, 0xb9, 0x60, 0x62, 0x1a,
    0x20, 0x2b, 0x13, 0x3f, 0x9c, 0x43, 0xc0, 0x7,
    0xd4, 0xa4, 0x1, 0xf8, 0x91, 0xf4, 0xc0, 0x32,
    0xd6, 0xff, 0xfe, 0xdb, 0x82, 0x0, 0xff, 0xec,
    0x3f, 0xb0, 0x7, 0xff, 0x17, 0x3, 0x0, 0x3f,
    0xf8, 0xb3, 0x16, 0x1, 0x0,

    /* U+06A3 "ڣ" */
    0x0, 0xff, 0xe1, 0x3f, 0xb0, 0x7, 0xff, 0x16,
    0xc3, 0x40, 0x3f, 0xf8, 0xbe, 0xd2, 0x1, 0xff,
    0xc5, 0x39, 0x20, 0xf, 0xfe, 0x29, 0x29, 0x80,
    0x7f, 0xf1, 0x1f, 0x6b, 0x2c, 0x3, 0xff, 0x84,
    0xb0, 0x1, 0x24, 0x0, 0x7f, 0xf0, 0x60, 0x1b,
    0xd4, 0x18, 0x1, 0xc, 0x20, 0x1f, 0x11, 0x2,
    0xc2, 0x0, 0x4c, 0x5e, 0x48, 0x3, 0xe1, 0x0,
    0x20, 0x6, 0x65, 0x0, 0x18, 0x7, 0xc4, 0x0,
    0x9f, 0xd0, 0x8, 0x40, 0x3f, 0xc3, 0x20, 0x1e,
    0x11, 0x0, 0x24, 0x3, 0xf3, 0x76, 0x5d, 0x0,
    0x15, 0x4, 0x1b, 0xa9, 0xd9, 0xbc, 0xeb, 0x96,
    0x6, 0x21, 0xa2, 0x2, 0xb1, 0x33, 0xf9, 0xc4,
    0x3c, 0x0, 0x7d, 0x4a, 0x40, 0x1f, 0x89, 0x1f,
    0x4c, 0x3, 0x2d, 0x6f, 0xff, 0xed, 0xb8, 0x20,
    0xf, 0xfe, 0xc3, 0xfb, 0x0, 0x7f, 0xf1, 0x70,
    0x30, 0x3, 0xff, 0x8b, 0x31, 0x60, 0x10,

    /* U+06A4 "ڤ" */
    0x0, 0xff, 0xe1, 0x2f, 0xb8, 0x7, 0xff, 0x14,
    0x83, 0x80, 0x3f, 0xf8, 0x84, 0x97, 0x44, 0x1,
    0xff, 0xc3, 0xdc, 0x7c, 0xd1, 0x0, 0xff, 0xe1,
    0x19, 0x10, 0xc8, 0x40, 0x3f, 0xf8, 0x59, 0xa3,
    0x9a, 0x1, 0xff, 0xc4, 0x25, 0x30, 0xf, 0xfe,
    0x23, 0xed, 0x65, 0x80, 0x7f, 0xf0, 0x96, 0x0,
    0x24, 0x80, 0xf, 0xfe, 0xc, 0x3, 0x7a, 0x83,
    0x0, 0x21, 0x84, 0x3, 0xe2, 0x20, 0x58, 0x40,
    0x9, 0x8b, 0xc9, 0x0, 0x7c, 0x20, 0x4, 0x0,
    0xcc, 0xa0, 0x3, 0x0, 0xf8, 0x80, 0x13, 0xfa,
    0x1, 0x8, 0x7, 0xf8, 0x64, 0x3, 0xc2, 0x20,
    0x4, 0x80, 0x7e, 0x6e, 0xcb, 0xa0, 0x2, 0xa0,
    0x83, 0x75, 0x3b, 0x37, 0x9d, 0x72, 0xc0, 0xc4,
    0x34, 0x40, 0x56, 0x26, 0x7f, 0x38, 0x87, 0x80,
    0xf, 0xa9, 0x48, 0x3, 0xf1, 0x23, 0xe9, 0x80,

    /* U+06A5 "ڥ" */
    0x0, 0xff, 0xe1, 0x12, 0x98, 0x7, 0xff, 0x11,
    0xf6, 0xb2, 0xc0, 0x3f, 0xf8, 0x4b, 0x0, 0x12,
    0x40, 0x7, 0xff, 0x6, 0x1, 0xbd, 0x41, 0x80,
    0x10, 0xc2, 0x1, 0xf1, 0x10, 0x2c, 0x20, 0x4,
    0xc5, 0xe4, 0x80, 0x3e, 0x10, 0x2, 0x0, 0x66,
    0x50, 0x1, 0x80, 0x7c, 0x40, 0x9, 0xfd, 0x0,
    0x84, 0x3, 0xfc, 0x32, 0x1, 0xe1, 0x10, 0x2,
    0x40, 0x3f, 0x37, 0x65, 0xd0, 0x1, 0x50, 0x41,
    0xba, 0x9d, 0x9b, 0xce, 0xb9, 0x60, 0x62, 0x1a,
    0x20, 0x2b, 0x13, 0x3f, 0x9c, 0x43, 0xc0, 0x7,
    0xd4, 0xa4, 0x1, 0xf8, 0x91, 0xf4, 0xc0, 0x32,
    0xd6, 0xff, 0xfe, 0xdb, 0x82, 0x0, 0xff, 0xe1,
    0x88, 0x80, 0x84, 0x3, 0xff, 0x87, 0xde, 0x5b,
    0x80, 0x1f, 0xfc, 0x32, 0x21, 0x8b, 0x0, 0x7f,
    0xf0, 0xf6, 0xba, 0xac, 0x3, 0xff, 0x89, 0xe0,
    0x40, 0x1f, 0xfc, 0x59, 0xd6, 0x0, 0x80,

    /* U+06A6 "ڦ" */
    0x0, 0xff, 0xe1, 0x8, 0x8, 0x7, 0xff, 0x13,
    0x38, 0xfb, 0x40, 0x3f, 0xf8, 0x6c, 0x22, 0x26,
    0x0, 0xff, 0xe1, 0xd7, 0x96, 0x50, 0x7, 0xff,
    0xf, 0x38, 0xfb, 0x0, 0x3f, 0xf8, 0x6c, 0x22,
    0x26, 0x0, 0xff, 0xe1, 0xd7, 0x16, 0xd8, 0x7,
    0xff, 0x10, 0x94, 0xc0, 0x3f, 0xf8, 0x8f, 0xb5,
    0x96, 0x1, 0xff, 0xc2, 0x58, 0x0, 0x92, 0x0,
    0x3f, 0xf8, 0x30, 0xd, 0xea, 0xc, 0x0, 0x86,
    0x10, 0xf, 0x88, 0x81, 0x61, 0x0, 0x26, 0x2f,
    0x24, 0x1, 0xf0, 0x80, 0x10, 0x3, 0x32, 0x80,
    0xc, 0x3, 0xe2, 0x0, 0x4f, 0xe8, 0x4, 0x20,
    0x1f, 0xe1, 0x90, 0xf, 0x8, 0x80, 0x12, 0x1,
    0xf9, 0xbb, 0x2e, 0x80, 0xa, 0x82, 0xd, 0xd4,
    0xec, 0xde, 0x75, 0xcb, 0x3, 0x10, 0xd1, 0x1,
    0x58, 0x99, 0xfc, 0xe2, 0x1e, 0x0, 0x3e, 0xa5,
    0x20, 0xf, 0xc4, 0x8f, 0xa6, 0x0,

    /* U+06A7 "ڧ" */
    0x0, 0xff, 0x37, 0xb8, 0x7, 0xff, 0x7, 0x42,
    0xc0, 0x3f, 0xf8, 0x32, 0xde, 0x1, 0xff, 0xc1,
    0x29, 0x30, 0xf, 0xfe, 0x8, 0xa9, 0x80, 0x7f,
    0xf0, 0x1f, 0xab, 0x2c, 0x3, 0xfc, 0xb0, 0x1,
    0x24, 0x80, 0x7f, 0x40, 0x2f, 0xb0, 0x30, 0x2,
    0x2d, 0x0, 0x21, 0x20, 0x80, 0x80, 0x2, 0x3,
    0x21, 0x80, 0x46, 0x0, 0x84, 0x40, 0x0, 0x4c,
    0x41, 0x80, 0x22, 0x10, 0x5b, 0xa0, 0x9, 0x40,
    0x2, 0x1, 0xb5, 0x0, 0x2, 0x0, 0x60, 0x8,
    0x40, 0x31, 0xdf, 0xfa, 0x0, 0x6, 0x40, 0xa,
    0x0, 0xf9, 0x24, 0x18, 0x10, 0x81, 0x3a, 0x59,
    0x8f, 0x3b, 0x60, 0x50, 0x0, 0xf2, 0x1, 0x69,
    0x94, 0x31, 0x2, 0x60, 0x80, 0xb, 0x65, 0x4,
    0x0, 0x26, 0xd9, 0x62, 0x0,

    /* U+06A8 "ڨ" */
    0x0, 0xff, 0x90, 0x40, 0x3f, 0xf8, 0x2d, 0x74,
    0x1, 0xff, 0xc1, 0x50, 0x30, 0xf, 0xfe, 0x5,
    0xef, 0x26, 0x88, 0x7, 0xf9, 0x44, 0x8c, 0x8c,
    0x3, 0xfd, 0x98, 0x3d, 0xc2, 0x0, 0xff, 0x11,
    0x81, 0x18, 0x7, 0xff, 0x0, 0x54, 0xc0, 0x3f,
    0xf8, 0xf, 0xd5, 0x96, 0x1, 0xfe, 0x58, 0x0,
    0x92, 0x40, 0x3f, 0xa0, 0x17, 0xd8, 0x18, 0x1,
    0x16, 0x80, 0x10, 0x90, 0x40, 0x40, 0x1, 0x1,
    0x90, 0xc0, 0x23, 0x0, 0x42, 0x20, 0x0, 0x26,
    0x20, 0xc0, 0x11, 0x8, 0x2d, 0xd0, 0x4, 0xa0,
    0x1, 0x0, 0xda, 0x80, 0x1, 0x0, 0x30, 0x4,
    0x20, 0x18, 0xef, 0xfd, 0x0, 0x3, 0x20, 0x5,
    0x0, 0x7c, 0x92, 0xc, 0x8, 0x40, 0x9d, 0x2c,
    0xc7, 0x9d, 0xb0, 0x28, 0x0, 0x79, 0x0, 0xb4,
    0xca, 0x18, 0x81, 0x30, 0x40, 0x5, 0xb2, 0x82,
    0x0, 0x13, 0x6c, 0xb1, 0x0, 0x0,

    /* U+06A9 "ک" */
    0x0, 0xff, 0xe2, 0x29, 0x80, 0x7f, 0xf0, 0xdb,
    0x6a, 0x40, 0x3f, 0xf8, 0x2b, 0xb2, 0x40, 0x20,
    0x1f, 0xf1, 0x65, 0x10, 0x2e, 0xd8, 0x7, 0xf8,
    0x74, 0xc1, 0x76, 0x88, 0x3, 0xfe, 0x40, 0x2,
    0xd1, 0x0, 0x7f, 0xf0, 0x50, 0xc1, 0x64, 0x3,
    0xd5, 0x4, 0x1, 0xc3, 0x88, 0xd, 0x40, 0x18,
    0x55, 0xc4, 0x3, 0xeb, 0x60, 0x57, 0x0, 0x94,
    0x0, 0x60, 0x1f, 0xa5, 0x42, 0x8, 0x0, 0x20,
    0x1, 0x0, 0xfe, 0xa0, 0x5, 0x0, 0x4, 0x1,
    0x0, 0x1f, 0xe1, 0x2, 0x0, 0x20, 0x83, 0x75,
    0x3b, 0x2a, 0x99, 0xe7, 0x44, 0x8, 0x2, 0xc2,
    0x1, 0x58, 0x9a, 0xa4, 0xc3, 0x10, 0x24, 0x0,
    0x45, 0xb4, 0xa4, 0x20, 0x10, 0x92, 0x3e, 0x58,
    0x4,

    /* U+06AA "ڪ" */
    0x0, 0xff, 0xe0, 0x90, 0x7, 0xff, 0x8, 0x9f,
    0x3f, 0x0, 0x3f, 0xf8, 0x5, 0x5b, 0x6, 0x2,
    0x20, 0xf, 0xf2, 0x6a, 0x81, 0x35, 0x70, 0x80,
    0x7f, 0xa8, 0xf, 0x36, 0x54, 0x40, 0x3f, 0xc2,
    0x20, 0x41, 0x0, 0xff, 0xe1, 0x9, 0x3, 0xef,
    0xfb, 0x72, 0x98, 0x40, 0x3f, 0x63, 0x98, 0x4,
    0x46, 0xb3, 0xd2, 0x1, 0xf0, 0xc6, 0x7f, 0x65,
    0xcb, 0x10, 0x33, 0x0, 0x3f, 0xc2, 0x68, 0xd3,
    0xa6, 0x1e, 0xac, 0xdf, 0xfc, 0x17, 0xa3, 0xe,
    0xb9, 0x9f, 0xfe, 0xc, 0x28, 0x1b, 0x18, 0x7,
    0xfc, 0x24, 0x6d, 0x78, 0x20,

    /* U+06AB "ګ" */
    0x0, 0xff, 0xe1, 0x95, 0x28, 0x7, 0xff, 0x8,
    0xab, 0x56, 0x0, 0x3f, 0xf8, 0x3, 0x3a, 0xa0,
    0x7, 0x0, 0xff, 0x97, 0xd8, 0x0, 0xce, 0xe0,
    0xf, 0xf1, 0x50, 0x83, 0xf, 0xf0, 0x7, 0xfc,
    0xe0, 0x6, 0x98, 0x99, 0x58, 0x7, 0xf9, 0x50,
    0x1a, 0x5b, 0xb8, 0xc0, 0x9, 0x71, 0x0, 0xf5,
    0xb0, 0x34, 0x88, 0x80, 0x2, 0xd0, 0x40, 0x1f,
    0x4b, 0x83, 0x38, 0x4, 0xa0, 0x3, 0x0, 0xfd,
    0xc, 0x10, 0x40, 0x1, 0x0, 0x8, 0x7, 0xf4,
    0x88, 0x50, 0x0, 0x40, 0x10, 0x1, 0xff, 0xc0,
    0x20, 0x2, 0x8, 0x37, 0x53, 0xb2, 0xa9, 0x9e,
    0x74, 0x40, 0x80, 0x2c, 0x20, 0x15, 0x89, 0xaa,
    0x4c, 0x31, 0x2, 0x40, 0x4, 0x5b, 0x4a, 0x42,
    0x1, 0x9, 0x23, 0xe5, 0x80, 0x40,

    /* U+06AC "ڬ" */
    0x0, 0xfd, 0x3e, 0x80, 0x1f, 0xfc, 0x37, 0xd,
    0x0, 0xa7, 0xec, 0x3, 0xfa, 0x9e, 0x0, 0x39,
    0xc0, 0x3f, 0x92, 0x4, 0x2, 0x10, 0x10, 0xf,
    0xf2, 0x40, 0x5, 0xe0, 0x60, 0x1f, 0xd3, 0x6e,
    0x20, 0x1f, 0xfc, 0x12, 0x61, 0xd1, 0x0, 0x8,
    0x8, 0x7, 0xe2, 0x20, 0x88, 0x2, 0x30, 0xd,
    0xc, 0x20, 0x1b, 0xc3, 0x40, 0x21, 0x0, 0x85,
    0xe4, 0x80, 0x26, 0x90, 0xf, 0xc2, 0xa0, 0x3,
    0x0, 0xad, 0xf, 0x40, 0x27, 0x0, 0x18, 0x80,
    0x7b, 0xb7, 0xc, 0x2, 0x70, 0x8, 0x40, 0x12,
    0x1, 0x19, 0x0, 0x77, 0x0, 0x9, 0x4, 0x1b,
    0xa5, 0xd9, 0x54, 0xcf, 0x3a, 0xa0, 0xa0, 0xd,
    0x10, 0x16, 0x89, 0xaa, 0x4c, 0x31, 0x1, 0xd8,
    0x0, 0xfa, 0x94, 0x80, 0x38, 0x91, 0xef, 0x4,
    0x0,

    /* U+06AD "ڭ" */
    0x0, 0xfc, 0xde, 0x60, 0x1f, 0xfc, 0x31, 0x0,
    0xff, 0xe2, 0x5d, 0x6e, 0xa0, 0x3, 0xff, 0x82,
    0xe6, 0x2, 0x20, 0x4, 0xfd, 0x80, 0x7e, 0xce,
    0x2f, 0x90, 0xc, 0xe0, 0x1f, 0xf1, 0x0, 0x42,
    0x2, 0x1, 0xfc, 0x5b, 0x80, 0x17, 0x81, 0x80,
    0x7f, 0x61, 0x20, 0x80, 0x7f, 0xf0, 0x48, 0x4a,
    0x84, 0x0, 0x20, 0x20, 0x1f, 0x89, 0x49, 0xc0,
    0x23, 0x0, 0xdb, 0x66, 0x1, 0xac, 0x20, 0x2,
    0x10, 0x8, 0x49, 0x4, 0x2, 0xae, 0x2, 0x0,
    0xf0, 0xa8, 0x0, 0x80, 0x26, 0x17, 0xc0, 0x9,
    0xc0, 0x6, 0x20, 0x1, 0x0, 0xb7, 0xa0, 0x40,
    0x27, 0x0, 0x84, 0x1, 0x60, 0x10, 0x80, 0x7b,
    0x80, 0x4, 0x84, 0xb, 0xd4, 0xec, 0xaa, 0x67,
    0x9d, 0x50, 0x50, 0x7, 0x90, 0xa, 0xc4, 0xd5,
    0x26, 0x18, 0x80, 0xec, 0x0, 0x5b, 0x4a, 0x42,
    0x1, 0x89, 0x1e, 0xf0, 0x40,

    /* U+06AE "ڮ" */
    0x0, 0xff, 0xe1, 0x4f, 0xd8, 0x7, 0xff, 0x15,
    0xc0, 0x3f, 0xf8, 0x62, 0x2, 0x1, 0xfe, 0x8c,
    0x0, 0xbc, 0xc, 0x3, 0xfb, 0x1c, 0x84, 0x3,
    0xff, 0x82, 0x46, 0x3c, 0x20, 0x1, 0x1, 0x0,
    0xfc, 0x46, 0x2a, 0x1, 0x18, 0x6, 0xa8, 0x20,
    0xd, 0xa1, 0x40, 0x10, 0x80, 0x42, 0xae, 0x20,
    0x14, 0x60, 0x8, 0x7, 0x85, 0x40, 0x6, 0x1,
    0x21, 0x26, 0x0, 0x4e, 0x0, 0x31, 0x0, 0x8,
    0x5, 0xdc, 0xb2, 0x0, 0x9c, 0x2, 0x10, 0x5,
    0x80, 0x44, 0x20, 0x1d, 0xc0, 0x2, 0x41, 0x5,
    0xea, 0x76, 0x55, 0x33, 0xce, 0xa8, 0x28, 0x3,
    0x8, 0x5, 0x62, 0x6a, 0x93, 0xc, 0x40, 0x76,
    0x0, 0x2d, 0xa5, 0x21, 0x0, 0xc4, 0x8f, 0x78,
    0x20, 0x19, 0x6b, 0x7b, 0xff, 0x6d, 0xc2, 0x0,
    0x7f, 0x8, 0x80, 0x80, 0x3f, 0xf8, 0x23, 0xde,
    0x5b, 0x80, 0x1f, 0xfc, 0x1, 0x22, 0x18, 0xb0,
    0x7, 0xff, 0x7, 0x6f, 0xb6, 0x80, 0x3f, 0xf8,
    0x5c, 0xc, 0x1, 0xff, 0xc3, 0x9d, 0x50, 0xf,
    0xc0,

    /* U+06AF "گ" */
    0x0, 0xff, 0xe1, 0x98, 0x7, 0xff, 0x10, 0xef,
    0x10, 0x3, 0xff, 0x82, 0x55, 0x88, 0x86, 0x0,
    0xff, 0xe0, 0x46, 0xaa, 0x65, 0xb9, 0x80, 0x7f,
    0xad, 0xca, 0xec, 0xbb, 0x52, 0x1, 0xfe, 0x89,
    0xd1, 0xd9, 0x20, 0x10, 0xf, 0xf1, 0xa6, 0x51,
    0x2, 0xed, 0x80, 0x7f, 0x87, 0x4c, 0x17, 0x68,
    0x80, 0x3f, 0xe4, 0x0, 0x2d, 0x10, 0x7, 0xff,
    0x5, 0xc, 0x16, 0x40, 0x3d, 0x50, 0x40, 0x1c,
    0x38, 0x80, 0xd4, 0x1, 0x85, 0x5c, 0x40, 0x3e,
    0xb6, 0x5, 0x70, 0x9, 0x40, 0x6, 0x1, 0xfa,
    0x54, 0x20, 0x80, 0x2, 0x0, 0x10, 0xf, 0xea,
    0x0, 0x50, 0x0, 0x40, 0x10, 0x1, 0xfe, 0x10,
    0x20, 0x2, 0x8, 0x37, 0x53, 0xb2, 0xa9, 0x9e,
    0x74, 0x40, 0x80, 0x2c, 0x20, 0x15, 0x89, 0xaa,
    0x4c, 0x31, 0x2, 0x40, 0x4, 0x5b, 0x4a, 0x42,
    0x1, 0x9, 0x23, 0xe5, 0x80, 0x40,

    /* U+06B0 "ڰ" */
    0x0, 0xff, 0xe1, 0xc, 0x0, 0x7f, 0xf1, 0x23,
    0x9d, 0x80, 0x3f, 0xf8, 0x2d, 0xce, 0x32, 0xc0,
    0x1f, 0xf2, 0x6c, 0x84, 0x72, 0x52, 0x80, 0x7f,
    0xb8, 0x9f, 0xd6, 0xb5, 0x60, 0x3, 0xfd, 0x7b,
    0x31, 0xaa, 0x0, 0x70, 0xf, 0xf0, 0xbf, 0xb0,
    0x1, 0x9d, 0xc0, 0x1f, 0xe2, 0xa1, 0x6, 0x1f,
    0xe0, 0xf, 0xf9, 0xc0, 0xd, 0x31, 0x32, 0xb0,
    0xf, 0xf2, 0xa0, 0x34, 0xb7, 0x71, 0x80, 0x12,
    0xe2, 0x1, 0xeb, 0x60, 0x69, 0x11, 0x0, 0x5,
    0xa0, 0x80, 0x3e, 0x97, 0x6, 0x70, 0x9, 0x40,
    0x6, 0x1, 0xfa, 0x18, 0x20, 0x80, 0x2, 0x0,
    0x10, 0xf, 0xe9, 0x10, 0xa0, 0x0, 0x80, 0x20,
    0x3, 0xff, 0x80, 0x40, 0x4, 0x10, 0x6e, 0xa7,
    0x65, 0x53, 0x3c, 0xe8, 0x81, 0x0, 0x58, 0x40,
    0x2b, 0x13, 0x54, 0x98, 0x62, 0x4, 0x80, 0x8,
    0xb6, 0x94, 0x84, 0x2, 0x12, 0x47, 0xcb, 0x0,
    0x80,

    /* U+06B1 "ڱ" */
    0x0, 0xff, 0x97, 0xe0, 0x3, 0xff, 0x82, 0x30,
    0x9e, 0xa, 0x1, 0xff, 0xc1, 0x67, 0xb8, 0x6e,
    0x5, 0x0, 0xff, 0x90, 0x50, 0xa5, 0xb6, 0x94,
    0x3, 0xfc, 0x7d, 0x67, 0x94, 0x50, 0xa0, 0x1f,
    0xf1, 0x56, 0x1b, 0x73, 0x42, 0x0, 0x7f, 0xa5,
    0x53, 0x62, 0x1c, 0xf0, 0x1, 0xfe, 0x9b, 0xb5,
    0x73, 0x0, 0x14, 0x3, 0xfc, 0x41, 0xce, 0x0,
    0x7e, 0x90, 0xf, 0xf1, 0x58, 0x83, 0xf4, 0x8,
    0x7, 0xfc, 0xe0, 0x5, 0x81, 0x0, 0xff, 0xe0,
    0xaa, 0x2, 0xd0, 0x7, 0xae, 0x48, 0x3, 0xd6,
    0xa0, 0xb6, 0x1, 0x85, 0x18, 0x40, 0x3e, 0xa7,
    0x4, 0x80, 0x9, 0x40, 0x6, 0x1, 0xfa, 0x18,
    0x1c, 0x80, 0x2, 0x0, 0x10, 0xf, 0xe9, 0x0,
    0x50, 0x0, 0x40, 0x16, 0x1, 0xfe, 0x10, 0x20,
    0x2, 0x10, 0x2f, 0x53, 0xb2, 0xa9, 0x9e, 0x74,
    0x43, 0x40, 0x2f, 0x20, 0x15, 0x89, 0xaa, 0x4c,
    0x31, 0x2, 0xb8, 0x4, 0x5b, 0x4a, 0x42, 0x1,
    0x9, 0x23, 0xe5, 0x0, 0x40,

    /* U+06B2 "ڲ" */
    0x0, 0xff, 0xe1, 0x98, 0x7, 0xff, 0x10, 0xef,
    0x10, 0x3, 0xff, 0x82, 0x55, 0x88, 0x86, 0x0,
    0xff, 0xe0, 0x46, 0xaa, 0x65, 0xb9, 0x80, 0x7f,
    0xad, 0xca, 0xec, 0xbb, 0x52, 0x1, 0xfe, 0x89,
    0xd1, 0xd9, 0x20, 0x10, 0xf, 0xf1, 0xa6, 0x51,
    0x2, 0xed, 0x80, 0x7f, 0x87, 0x4c, 0x17, 0x68,
    0x80, 0x3f, 0xe4, 0x0, 0x2d, 0x10, 0x7, 0xff,
    0x5, 0xc, 0x16, 0x40, 0x3d, 0x50, 0x40, 0x1c,
    0x38, 0x80, 0xd4, 0x1, 0x85, 0x5c, 0x40, 0x3e,
    0xb6, 0x5, 0x70, 0x9, 0x40, 0x6, 0x1, 0xfa,
    0x54, 0x20, 0x80, 0x2, 0x0, 0x10, 0xf, 0xea,
    0x0, 0x50, 0x0, 0x40, 0x10, 0x1, 0xfe, 0x10,
    0x20, 0x2, 0x8, 0x37, 0x53, 0xb2, 0xa9, 0x9e,
    0x74, 0x40, 0x80, 0x2c, 0x20, 0x15, 0x89, 0xaa,
    0x4c, 0x31, 0x2, 0x40, 0x4, 0x5b, 0x4a, 0x42,
    0x1, 0x9, 0x23, 0xe5, 0x80, 0x79, 0x6b, 0x7b,
    0xfe, 0xed, 0xb8, 0x30, 0xf, 0xfe, 0x80, 0xf6,
    0x6, 0x68, 0x80, 0x7f, 0xf0, 0x14, 0x4c, 0x8c,
    0x94, 0x3, 0xff, 0x80, 0x93, 0x65, 0x72, 0x80,
    0x1f, 0x0,

    /* U+06B3 "ڳ" */
    0x0, 0xff, 0xe1, 0x98, 0x7, 0xff, 0x10, 0xef,
    0x10, 0x3, 0xff, 0x82, 0x55, 0x88, 0x86, 0x0,
    0xff, 0xe0, 0x46, 0xaa, 0x65, 0xb9, 0x80, 0x7f,
    0xad, 0xca, 0xec, 0xbb, 0x52, 0x1, 0xfe, 0x89,
    0xd1, 0xd9, 0x20, 0x10, 0xf, 0xf1, 0xa6, 0x51,
    0x2, 0xed, 0x80, 0x7f, 0x87, 0x4c, 0x17, 0x68,
    0x80, 0x3f, 0xe4, 0x0, 0x2d, 0x10, 0x7, 0xff,
    0x5, 0xc, 0x16, 0x40, 0x3d, 0x50, 0x40, 0x1c,
    0x38, 0x80, 0xd4, 0x1, 0x85, 0x5c, 0x40, 0x3e,
    0xb6, 0x5, 0x70, 0x9, 0x40, 0x6, 0x1, 0xfa,
    0x54, 0x20, 0x80, 0x2, 0x0, 0x10, 0xf, 0xea,
    0x0, 0x50, 0x0, 0x40, 0x10, 0x1, 0xfe, 0x10,
    0x20, 0x2, 0x8, 0x37, 0x53, 0xb2, 0xa9, 0x9e,
    0x74, 0x40, 0x80, 0x2c, 0x20, 0x15, 0x89, 0xaa,
    0x4c, 0x31, 0x2, 0x40, 0x4, 0x5b, 0x4a, 0x42,
    0x1, 0x9, 0x23, 0xe5, 0x80, 0x79, 0x6b, 0x7b,
    0xfe, 0xed, 0xb8, 0x30, 0xf, 0xfe, 0x2, 0x0,
    0x7f, 0xf1, 0x6a, 0xdc, 0x3, 0xff, 0x89, 0xa0,
    0x40, 0x1f, 0xfc, 0x47, 0xf5, 0x0, 0xff, 0xe2,
    0x37, 0xa8, 0x7, 0xff, 0x13, 0x3, 0x40, 0x3f,
    0xf8, 0x95, 0x70, 0x1, 0xfc,

    /* U+06B4 "ڴ" */
    0x0, 0xfe, 0x9c, 0x0, 0xff, 0xe2, 0xa9, 0x93,
    0x80, 0x7f, 0xf0, 0xf7, 0x55, 0xe, 0x6, 0x1,
    0xff, 0xc0, 0xcd, 0xb7, 0x2b, 0xc4, 0x0, 0xff,
    0x95, 0x4, 0xa9, 0x10, 0xc0, 0x1f, 0xf4, 0x1e,
    0xaa, 0x65, 0xb9, 0x80, 0x7f, 0xad, 0xca, 0xec,
    0xbb, 0x52, 0x1, 0xfe, 0x89, 0xd1, 0xd9, 0x20,
    0x10, 0xf, 0xf1, 0xa6, 0x51, 0x2, 0xed, 0x80,
    0x7f, 0x87, 0x4c, 0x17, 0x68, 0x80, 0x3f, 0xe4,
    0x0, 0x2d, 0x10, 0x7, 0xff, 0x5, 0xc, 0x16,
    0x40, 0x3d, 0x50, 0x40, 0x1c, 0x38, 0x80, 0xd4,
    0x1, 0x85, 0x5c, 0x40, 0x3e, 0xb6, 0x5, 0x70,
    0x9, 0x40, 0x6, 0x1, 0xfa, 0x54, 0x20, 0x80,
    0x2, 0x0, 0x10, 0xf, 0xea, 0x0, 0x50, 0x0,
    0x40, 0x10, 0x1, 0xfe, 0x10, 0x20, 0x2, 0x8,
    0x37, 0x53, 0xb2, 0xa9, 0x9e, 0x74, 0x40, 0x80,
    0x2c, 0x20, 0x15, 0x89, 0xaa, 0x4c, 0x31, 0x2,
    0x40, 0x4, 0x5b, 0x4a, 0x42, 0x1, 0x9, 0x23,
    0xe5, 0x80, 0x40,

    /* U+06B5 "ڵ" */
    0x0, 0xff, 0x10, 0xa, 0x0, 0x7f, 0x9f, 0x1,
    0xa0, 0x3, 0xfc, 0xe0, 0xf3, 0x20, 0xf, 0xfa,
    0x20, 0x6a, 0x1, 0xff, 0x33, 0xc8, 0x7, 0xff,
    0x6, 0x10, 0x3, 0xff, 0x9e, 0xdf, 0xe0, 0xf,
    0xfe, 0x1, 0x80, 0x7f, 0xf1, 0x44, 0x3, 0xfe,
    0x10, 0xf, 0xfe, 0x29, 0x80, 0x7f, 0xce, 0x1,
    0xff, 0xc5, 0x10, 0xf, 0xf8, 0x40, 0x3f, 0xf8,
    0x46, 0x0, 0x70, 0xf, 0xfe, 0x2c, 0x40, 0x80,
    0x3c, 0x20, 0x1, 0x0, 0x3b, 0xc0, 0x1f, 0xc2,
    0x8, 0x0, 0x40, 0xf, 0x8, 0x1, 0xc0, 0x80,
    0x2, 0x1, 0xe2, 0x0, 0x8, 0x7, 0xfc, 0x80,
    0x24, 0xa, 0x0, 0x80, 0xe, 0x29, 0x6, 0x0,
    0x19, 0x3, 0xdb, 0x22, 0xc6, 0x88, 0xa4, 0x2,
    0xf2, 0x4, 0x9b, 0xa7, 0x1, 0xd1, 0x0, 0x8b,
    0x65, 0x4, 0x0, 0x4f, 0xe6, 0x1, 0x0,

    /* U+06B6 "ڶ" */
    0x0, 0xff, 0xc, 0x28, 0x7, 0xfc, 0xcf, 0x40,
    0x1f, 0xf2, 0xa, 0x0, 0x7f, 0xc7, 0xd6, 0x1,
    0xff, 0xcd, 0x6f, 0xf0, 0x7, 0xfc, 0x60, 0x1f,
    0xfc, 0x41, 0x0, 0xff, 0x8, 0x7, 0xff, 0x10,
    0xc0, 0x3f, 0xce, 0x1, 0xff, 0xc4, 0x10, 0xf,
    0xf0, 0x80, 0x7f, 0xf0, 0x4c, 0x0, 0xe0, 0x1f,
    0xfc, 0x38, 0x81, 0x0, 0x78, 0x40, 0x2, 0xe,
    0xf0, 0x7, 0xf0, 0xa0, 0x1, 0x0, 0x3c, 0x20,
    0x7, 0x20, 0x0, 0x80, 0x78, 0x80, 0x2, 0x1,
    0xfe, 0x40, 0x12, 0x50, 0x4, 0x0, 0x71, 0x48,
    0x30, 0x19, 0x3, 0xdb, 0x22, 0xc6, 0x88, 0xa4,
    0x1, 0xe4, 0x9, 0x37, 0x4e, 0x3, 0xa2, 0x0,
    0x2d, 0x94, 0x10, 0x1, 0x3f, 0x98, 0x0,

    /* U+06B7 "ڷ" */
    0x0, 0xff, 0xf, 0x58, 0x7, 0xff, 0x0, 0x85,
    0x40, 0x3f, 0xe1, 0x7c, 0xd4, 0x0, 0xff, 0x55,
    0xaf, 0xda, 0x80, 0x7f, 0x18, 0x2a, 0x3, 0x0,
    0x7f, 0x47, 0x9c, 0x79, 0x80, 0x7f, 0xf3, 0x5b,
    0xfc, 0x1, 0xff, 0xc0, 0x30, 0xf, 0xfe, 0x28,
    0x80, 0x7f, 0xc2, 0x1, 0xff, 0xc5, 0x30, 0xf,
    0xf9, 0xc0, 0x3f, 0xf8, 0xa2, 0x1, 0xff, 0x8,
    0x7, 0xff, 0x8, 0xc0, 0xe, 0x1, 0xff, 0xc5,
    0x88, 0x10, 0x7, 0x84, 0x0, 0x20, 0x7, 0x78,
    0x3, 0xf8, 0x41, 0x0, 0x8, 0x1, 0xe1, 0x0,
    0x38, 0x10, 0x0, 0x40, 0x3c, 0x40, 0x1, 0x0,
    0xff, 0x90, 0x4, 0x81, 0x40, 0x10, 0x1, 0xc5,
    0x20, 0xc0, 0x3, 0x20, 0x7b, 0x64, 0x58, 0xd1,
    0x14, 0x80, 0x5e, 0x40, 0x93, 0x74, 0xe0, 0x3a,
    0x20, 0x11, 0x6c, 0xa0, 0x80, 0x9, 0xfc, 0xc0,
    0x20,

    /* U+06B8 "ڸ" */
    0x0, 0xff, 0x37, 0xf8, 0x3, 0xfe, 0x30, 0xf,
    0xfe, 0x20, 0x80, 0x7f, 0x84, 0x3, 0xff, 0x88,
    0x60, 0x1f, 0xe7, 0x0, 0xff, 0xe2, 0x8, 0x7,
    0xf8, 0x40, 0x3f, 0xf8, 0x26, 0x0, 0x70, 0xf,
    0xfe, 0x1c, 0x40, 0x80, 0x3c, 0x20, 0x1, 0x7,
    0x78, 0x3, 0xf8, 0x50, 0x0, 0x80, 0x1e, 0x10,
    0x3, 0x90, 0x0, 0x40, 0x3c, 0x40, 0x1, 0x0,
    0xff, 0x20, 0x9, 0x28, 0x2, 0x0, 0x38, 0xa4,
    0x18, 0xc, 0x81, 0xed, 0x91, 0x63, 0x44, 0x52,
    0x0, 0xf2, 0x4, 0x9b, 0xa7, 0x1, 0xd1, 0x0,
    0x16, 0xca, 0x8, 0x0, 0x9f, 0xcc, 0x3, 0x9a,
    0xfb, 0xfd, 0xb0, 0x20, 0x1f, 0x9, 0x0, 0x88,
    0x3, 0xfb, 0x34, 0xbf, 0x84, 0x3, 0xf3, 0x9,
    0x91, 0x4, 0x3, 0xf5, 0xd7, 0x56, 0x80, 0x7f,
    0x88, 0x3c, 0x3, 0xfe, 0x6c, 0x90, 0xf, 0x0,

    /* U+06B9 "ڹ" */
    0x0, 0xf4, 0x30, 0x7, 0xfc, 0xaf, 0x24, 0x1,
    0xfe, 0x71, 0x32, 0x0, 0xff, 0x17, 0x60, 0x7,
    0xff, 0x10, 0xe8, 0x40, 0x3f, 0xc3, 0x8b, 0x20,
    0x1f, 0xe1, 0x50, 0x60, 0x5, 0xe2, 0x0, 0x7b,
    0xc0, 0x48, 0x50, 0xc0, 0x3e, 0x40, 0x3, 0xa8,
    0x1, 0x0, 0x3c, 0x20, 0x3, 0x20, 0xf, 0xfe,
    0x1, 0x80, 0x42, 0x1, 0xe5, 0x0, 0x3a, 0x80,
    0x20, 0x3, 0x8a, 0xc0, 0xc8, 0xcc, 0xd, 0xb0,
    0xcf, 0x5a, 0x21, 0xe0, 0xd, 0x20, 0x27, 0x98,
    0x50, 0x5, 0x18, 0x0, 0x76, 0x50, 0x40, 0x4,
    0xfc, 0xa0, 0x1c, 0xd7, 0xdf, 0xed, 0x81, 0x0,
    0xfc, 0x2e, 0x40, 0x1f, 0xf4, 0xc7, 0x0, 0x7f,
    0xda, 0x8, 0x1, 0xe0,

    /* U+06BA "ں" */
    0x0, 0xff, 0x98, 0x3, 0xfe, 0x1e, 0x96, 0x0,
    0xff, 0xa, 0x85, 0x80, 0x26, 0x44, 0x1, 0xed,
    0x2, 0x10, 0x66, 0x38, 0x7, 0x9c, 0x0, 0xa8,
    0x0, 0x40, 0xf, 0x8, 0x0, 0x88, 0x0, 0x10,
    0xf, 0xe3, 0x0, 0xff, 0x20, 0x1, 0xd4, 0x1,
    0x20, 0x1c, 0x52, 0x6, 0x46, 0x40, 0xdb, 0xc,
    0xca, 0xd2, 0xf, 0x0, 0x79, 0x1, 0x3c, 0xc9,
    0x40, 0x14, 0x60, 0x2, 0xd9, 0x41, 0x0, 0x13,
    0xf2, 0x80, 0x0,

    /* U+06BB "ڻ" */
    0x0, 0xe6, 0x30, 0xf, 0xfe, 0x5, 0x20, 0x7,
    0xff, 0x1, 0xef, 0xbd, 0x0, 0x3f, 0xc7, 0x9,
    0xe0, 0x1f, 0x85, 0x5d, 0xc0, 0x20, 0x1f, 0xac,
    0x5f, 0x9a, 0x0, 0x3f, 0x5e, 0x63, 0x74, 0x40,
    0x1f, 0x84, 0xcc, 0x40, 0x10, 0x80, 0x7f, 0xc3,
    0x5c, 0x80, 0x1f, 0xe1, 0x70, 0xf0, 0x3, 0x28,
    0x7, 0xd4, 0x8, 0x0, 0x8a, 0x60, 0xf, 0x28,
    0x1, 0xc, 0x41, 0xc0, 0x3c, 0x40, 0x2, 0x50,
    0x0, 0x80, 0x7f, 0x18, 0x7, 0xf9, 0x0, 0xc,
    0x40, 0x8, 0x0, 0xe1, 0x90, 0x23, 0x42, 0x7,
    0xd8, 0x66, 0x4f, 0x10, 0x48, 0x3, 0xc4, 0x9,
    0xe6, 0x4c, 0x0, 0x94, 0x0, 0x17, 0x41, 0x88,
    0x0, 0x9b, 0x58, 0x0,

    /* U+06BC "ڼ" */
    0x0, 0xe2, 0xec, 0x0, 0xff, 0x9c, 0x4c, 0x80,
    0x3f, 0xca, 0xf2, 0x40, 0x1f, 0xf4, 0x30, 0x4,
    0x20, 0x1f, 0xf0, 0xd7, 0x20, 0x7, 0xf8, 0x5c,
    0x3c, 0x0, 0xa8, 0x1, 0xf5, 0x2, 0x0, 0x2e,
    0xce, 0x1, 0xe4, 0x0, 0x19, 0x84, 0x14, 0x3,
    0xc6, 0x0, 0x65, 0x0, 0x10, 0x7, 0xf1, 0x80,
    0x7f, 0x88, 0x0, 0xa6, 0x0, 0x40, 0xf, 0x40,
    0x9, 0xa0, 0x2, 0xdc, 0x80, 0x7, 0x6a, 0x12,
    0x3, 0x20, 0x8, 0xdf, 0xf6, 0x20, 0x23, 0x80,
    0x1a, 0xc8, 0x3, 0x86, 0x2c, 0x3, 0x26, 0xe8,
    0x4c, 0x57, 0x9c, 0x3, 0xe2, 0x1f, 0x96, 0x0,
    0xff, 0x36, 0x44, 0x80, 0x7f, 0xa7, 0x79, 0x40,
    0x38,

    /* U+06BD "ڽ" */
    0x0, 0xf1, 0x10, 0x3, 0xfe, 0x1d, 0xd0, 0x80,
    0x7f, 0x84, 0x8c, 0x40, 0x3f, 0x9b, 0xe2, 0xfd,
    0x40, 0x3f, 0x78, 0x6f, 0x1, 0x0, 0x7e, 0x9b,
    0x89, 0xb7, 0x0, 0xfe, 0x40, 0x2, 0x0, 0x18,
    0x3, 0xfe, 0x1e, 0x96, 0x0, 0xff, 0x9, 0x5,
    0x0, 0x26, 0x44, 0x1, 0xea, 0x3, 0x10, 0x66,
    0x38, 0x7, 0x9c, 0x0, 0xa8, 0x0, 0x40, 0xf,
    0x8, 0x0, 0x88, 0x0, 0x10, 0xf, 0xe3, 0x0,
    0xff, 0x20, 0x1, 0xd4, 0x1, 0x20, 0x1c, 0x52,
    0x6, 0x46, 0x40, 0xdb, 0xc, 0xca, 0xd2, 0x8,
    0x0, 0x79, 0x1, 0x3c, 0xc9, 0x40, 0x14, 0x80,
    0x2, 0xd9, 0x41, 0x0, 0x13, 0xf2, 0x80, 0x0,

    /* U+06BE "ھ" */
    0x0, 0xe1, 0xb2, 0x0, 0xff, 0xa9, 0x35, 0x40,
    0x3f, 0xc4, 0x0, 0xa9, 0x0, 0xfc, 0xec, 0x1,
    0x35, 0x80, 0x7d, 0x1, 0x7a, 0x0, 0x4c, 0x0,
    0xe2, 0x0, 0x21, 0x10, 0x0, 0x76, 0x1, 0xf1,
    0x14, 0x16, 0x8, 0xc0, 0x11, 0x18, 0x7f, 0x1,
    0xa3, 0x5, 0x14, 0x2a, 0x28, 0x11, 0x82, 0x2a,
    0x80, 0xa, 0xf5, 0x6c, 0x1, 0x9e, 0x8c, 0x2c,
    0x4c, 0x0, 0x2b, 0x50, 0x60, 0x2, 0x87,

    /* U+06BF "ڿ" */
    0x0, 0xe3, 0xeb, 0x0, 0xff, 0x90, 0x50, 0x3,
    0xfe, 0x67, 0xa0, 0xf, 0xf8, 0x61, 0x40, 0x3e,
    0x25, 0x52, 0x10, 0x7, 0xe4, 0xda, 0xa5, 0xef,
    0x41, 0x0, 0x73, 0x0, 0x70, 0xbe, 0xea, 0x60,
    0xc0, 0xb3, 0xfd, 0xd9, 0x28, 0x4, 0xce, 0x80,
    0x3, 0x0, 0x9, 0x8b, 0x0, 0x6f, 0x0, 0xe7,
    0xe8, 0x22, 0x45, 0xf4, 0x0, 0x43, 0x90, 0x29,
    0x9a, 0xe8, 0x20, 0x1b, 0xc, 0x2a, 0xcc, 0x3,
    0xea, 0x20, 0xc5, 0x0, 0xfc, 0x4a, 0x14, 0x65,
    0x87, 0x30, 0x1, 0xa8, 0x9, 0x40, 0x4d, 0xc8,
    0xc0, 0x31, 0x3, 0x80, 0xf, 0xfd, 0xd6, 0x1,
    0x84, 0x4, 0x2, 0x15, 0x20, 0xe, 0x20, 0x41,
    0x0, 0xf, 0x38, 0x7, 0x50, 0x3, 0x8, 0x3,
    0xe1, 0x3, 0x60, 0x2d, 0xb8, 0x66, 0x3d, 0xf5,
    0x80, 0x26, 0x0, 0x8, 0xf3, 0x28, 0x41, 0x40,
    0x9, 0xfa, 0xc, 0x40, 0x4, 0xb3, 0xe0,

    /* U+06C0 "ۀ" */
    0x0, 0xff, 0x93, 0xbd, 0x0, 0x3b, 0xca, 0xd4,
    0x3, 0x84, 0x4a, 0x40, 0x1d, 0xa5, 0xd8, 0x20,
    0x1b, 0x96, 0x78, 0x40, 0x34, 0xdb, 0x8, 0x7,
    0xb6, 0xc0, 0x3d, 0x6, 0x98, 0x20, 0x1b, 0xc0,
    0x7, 0xa0, 0x12, 0x40, 0x30, 0x1c, 0x0, 0x24,
    0x22, 0x60, 0x1c, 0xc, 0x81, 0xc1, 0xc0, 0x6,
    0xa0, 0x20, 0x1c, 0xe6, 0x3, 0x4b, 0x60, 0x5,
    0x51, 0x2, 0xd2, 0x3, 0x8, 0x62, 0x88, 0x14,
    0x48, 0x0,

    /* U+06C1 "ہ" */
    0x0, 0x84, 0x3, 0xe1, 0xcc, 0x8, 0x7, 0x49,
    0x1e, 0x8, 0x6, 0xf0, 0x1, 0x60, 0x4, 0x90,
    0xc, 0x5, 0x0, 0x9, 0x8, 0x98, 0x7, 0x4,
    0x20, 0x70, 0x70, 0x1, 0x90, 0x8, 0x7, 0x39,
    0x80, 0xd2, 0xd8, 0x1, 0x54, 0x40, 0xb4, 0x80,
    0xc2, 0x18, 0xa2, 0x5, 0x12, 0x0,

    /* U+06C2 "ۂ" */
    0x0, 0xff, 0x93, 0xbd, 0x0, 0x3b, 0xca, 0xd4,
    0x3, 0x84, 0x4a, 0x40, 0x1d, 0xa5, 0xd8, 0x20,
    0x1b, 0x96, 0x78, 0x40, 0x34, 0xdb, 0x8, 0x7,
    0xb6, 0xc0, 0x3d, 0x6, 0x98, 0x20, 0x1b, 0xc0,
    0x7, 0xa0, 0x12, 0x40, 0x30, 0x1c, 0x0, 0x24,
    0x22, 0x60, 0x1c, 0xc, 0x81, 0xc1, 0xc0, 0x6,
    0xa0, 0x20, 0x1c, 0xe6, 0x3, 0x4b, 0x60, 0x5,
    0x51, 0x2, 0xd2, 0x3, 0x8, 0x62, 0x88, 0x14,
    0x48, 0x0,

    /* U+06C3 "ۃ" */
    0x2, 0xeb, 0xd, 0xd0, 0x80, 0x1c, 0x50, 0x8b,
    0x0, 0x16, 0x6c, 0xaa, 0x86, 0x1, 0x32, 0x2,
    0xa8, 0x3, 0x98, 0xc0, 0x3c, 0x73, 0x8a, 0x1,
    0xca, 0x0, 0xa4, 0x0, 0xda, 0x1, 0x59, 0x0,
    0x1d, 0x6, 0x80, 0x10, 0x0, 0x90, 0xb5, 0xa0,
    0x51, 0x41, 0x5, 0x5, 0x0, 0x11, 0x0, 0x40,
    0x3c, 0x40, 0x34, 0xb6, 0x0, 0x34, 0x20, 0x5a,
    0x40, 0x70, 0x6, 0x28, 0x81, 0x44, 0x0,

    /* U+06C4 "ۄ" */
    0x0, 0xc8, 0x80, 0xe, 0x4e, 0xbb, 0x69, 0x0,
    0xa, 0xc4, 0x0, 0x5e, 0x0, 0xb0, 0x3e, 0x90,
    0x24, 0x4, 0xa, 0x16, 0x10, 0xc0, 0x30, 0xa5,
    0x51, 0x80, 0x82, 0x1, 0xd5, 0x8, 0x2, 0xb5,
    0x10, 0x10, 0x0, 0x82, 0x20, 0x33, 0x0, 0xc,
    0xb, 0x87, 0xf9, 0x1, 0x40, 0xc, 0x68, 0x12,
    0x6, 0x32, 0xc0, 0x5, 0x70, 0x10, 0x8, 0xaa,
    0x80, 0x2, 0xab, 0xed, 0x50, 0x8,

    /* U+06C5 "ۅ" */
    0x0, 0xc8, 0x80, 0xe, 0x4e, 0xbb, 0x69, 0x0,
    0xa, 0xc4, 0x0, 0x5e, 0x0, 0xb0, 0x3e, 0x90,
    0x24, 0x4, 0xa, 0x16, 0x10, 0xc0, 0x30, 0xa5,
    0x51, 0x80, 0x82, 0x1, 0xd5, 0x8, 0x2, 0xb5,
    0x10, 0x10, 0x0, 0x81, 0xc6, 0x6d, 0x0, 0x30,
    0xb7, 0x75, 0x80, 0xa1, 0x54, 0x28, 0x5, 0x20,
    0x75, 0xa, 0x0, 0x57, 0x1, 0x0, 0x8a, 0xa8,
    0x0, 0x2a, 0xbe, 0xd5, 0x0, 0x80,

    /* U+06C6 "ۆ" */
    0x0, 0xb, 0x0, 0x20, 0x3, 0x14, 0x9b, 0x28,
    0x6, 0x35, 0x8b, 0xb0, 0x7, 0x42, 0x1b, 0x0,
    0x71, 0x5e, 0x80, 0x7c, 0x86, 0x1, 0xe2, 0x66,
    0x8, 0x6, 0x5d, 0x99, 0x79, 0x0, 0xa, 0x80,
    0x21, 0xf0, 0x5, 0x81, 0x74, 0x81, 0x20, 0x38,
    0x58, 0xb0, 0x86, 0x0, 0x54, 0xaa, 0x0, 0x8,
    0x20, 0x1d, 0x50, 0x40, 0x2a, 0x61, 0x1, 0x0,
    0x78, 0x2, 0x7b, 0xd0, 0x0, 0xe0, 0x3, 0x7d,
    0x50, 0x81, 0x3f, 0xc8, 0x20, 0x77, 0x1, 0x0,
    0x49, 0x70, 0x0, 0x19, 0xbe, 0xb4, 0x0, 0x80,

    /* U+06C7 "ۇ" */
    0x0, 0x97, 0xf8, 0xc0, 0x3b, 0x80, 0x64, 0x3,
    0xa5, 0x80, 0xc0, 0x38, 0xc8, 0x28, 0x3, 0xcd,
    0x26, 0x1, 0xc3, 0xac, 0x1, 0xe2, 0x66, 0x8,
    0x6, 0x5d, 0x99, 0x79, 0x0, 0xa, 0x80, 0x21,
    0xf0, 0x5, 0x81, 0x74, 0x81, 0x20, 0x38, 0x58,
    0xb0, 0x86, 0x0, 0x54, 0xaa, 0x0, 0x8, 0x20,
    0x1d, 0x50, 0x40, 0x2a, 0x61, 0x1, 0x0, 0x78,
    0x2, 0x7b, 0xd0, 0x0, 0xe0, 0x3, 0x7d, 0x50,
    0x81, 0x3f, 0xc8, 0x20, 0x77, 0x1, 0x0, 0x49,
    0x70, 0x0, 0x19, 0xbe, 0xb4, 0x0, 0x80,

    /* U+06C8 "ۈ" */
    0x0, 0xde, 0xe0, 0x1f, 0xbc, 0x3, 0xff, 0x89,
    0x18, 0x1, 0xf3, 0xa0, 0x7, 0xff, 0xc, 0x99,
    0x82, 0x1, 0x97, 0x66, 0x5e, 0x40, 0x2, 0xa0,
    0x8, 0x7c, 0x1, 0x60, 0x5d, 0x20, 0x48, 0xe,
    0x16, 0x2c, 0x21, 0x80, 0x15, 0x2a, 0x80, 0x2,
    0x8, 0x7, 0x54, 0x10, 0xa, 0x98, 0x40, 0x40,
    0x1e, 0x0, 0x9e, 0xf4, 0x0, 0x38, 0x0, 0xdf,
    0x54, 0x20, 0x4f, 0xf2, 0x8, 0x1d, 0xc0, 0x40,
    0x12, 0x5c, 0x0, 0x6, 0x6f, 0xad, 0x0, 0x20,

    /* U+06C9 "ۉ" */
    0x0, 0xd0, 0x80, 0x1e, 0x57, 0xa0, 0xf, 0x4c,
    0x3, 0x80, 0x64, 0x37, 0x89, 0x0, 0xcb, 0x60,
    0xd4, 0x1, 0x85, 0x0, 0x8, 0x1, 0xc4, 0xcc,
    0x10, 0xc, 0xbb, 0x32, 0xf2, 0x0, 0x15, 0x0,
    0x43, 0xe0, 0xb, 0x2, 0xe9, 0x2, 0x40, 0x70,
    0xb1, 0x61, 0xc, 0x0, 0xa9, 0x54, 0x0, 0x10,
    0x40, 0x3a, 0xa0, 0x80, 0x54, 0xc2, 0x2, 0x0,
    0xf0, 0x4, 0xf7, 0xa0, 0x1, 0xc0, 0x6, 0xfa,
    0xa1, 0x2, 0x7f, 0x90, 0x40, 0xee, 0x2, 0x0,
    0x92, 0xe0, 0x0, 0x33, 0x7d, 0x68, 0x1, 0x0,

    /* U+06CA "ۊ" */
    0x0, 0x4f, 0xa3, 0x7b, 0x80, 0x48, 0x19, 0x80,
    0xc0, 0xb, 0xe2, 0x17, 0x12, 0x1, 0x13, 0x80,
    0xb9, 0x0, 0x62, 0x66, 0x8, 0x6, 0x5d, 0x99,
    0x79, 0x0, 0xa, 0x80, 0x21, 0xf0, 0x5, 0x81,
    0x74, 0x81, 0x20, 0x38, 0x58, 0xb0, 0x86, 0x0,
    0x54, 0xaa, 0x0, 0x8, 0x20, 0x1d, 0x50, 0x40,
    0x2a, 0x61, 0x1, 0x0, 0x78, 0x2, 0x7b, 0xd0,
    0x0, 0xe0, 0x3, 0x7d, 0x50, 0x81, 0x3f, 0xc8,
    0x20, 0x77, 0x1, 0x0, 0x49, 0x70, 0x0, 0x19,
    0xbe, 0xb4, 0x0, 0x80,

    /* U+06CB "ۋ" */
    0x0, 0xd9, 0xa0, 0x1e, 0x13, 0x21, 0x0, 0xe1,
    0xdd, 0x8, 0x6, 0x5f, 0x44, 0x7a, 0x80, 0x5a,
    0x1d, 0xe1, 0xa0, 0x14, 0x5c, 0x4d, 0xc0, 0x6,
    0x40, 0x2, 0x0, 0x71, 0x33, 0x4, 0x3, 0x2e,
    0xcc, 0xbc, 0x80, 0x5, 0x40, 0x10, 0xf8, 0x2,
    0xc0, 0xba, 0x40, 0x90, 0x1c, 0x2c, 0x58, 0x43,
    0x0, 0x2a, 0x55, 0x0, 0x4, 0x10, 0xe, 0xa8,
    0x20, 0x15, 0x30, 0x80, 0x80, 0x3c, 0x1, 0x3d,
    0xe8, 0x0, 0x70, 0x1, 0xbe, 0xa8, 0x40, 0x9f,
    0xe4, 0x10, 0x3b, 0x80, 0x80, 0x24, 0xb8, 0x0,
    0xc, 0xdf, 0x5a, 0x0, 0x40,

    /* U+06CC "ی" */
    0x0, 0xff, 0x26, 0x7f, 0xac, 0xc0, 0x3f, 0xa2,
    0xcc, 0x0, 0x8e, 0x1, 0xf9, 0x9c, 0x12, 0xa8,
    0xc8, 0x1, 0xfa, 0x1, 0xed, 0x55, 0x20, 0x1f,
    0x90, 0x42, 0x0, 0x3d, 0x78, 0x80, 0x10, 0x80,
    0x1c, 0x3, 0x85, 0xc, 0x3, 0x29, 0x4, 0x73,
    0x88, 0x1, 0x40, 0x8, 0x1, 0xb1, 0x80, 0x63,
    0x90, 0x8, 0x3, 0xe1, 0x9e, 0x80, 0x4, 0x0,
    0x61, 0x0, 0xf0, 0xb9, 0x3, 0x82, 0x80, 0x28,
    0x3, 0xc3, 0x44, 0x1e, 0x6, 0x60, 0x4e, 0x96,
    0x57, 0xae, 0x50, 0x74, 0x0, 0x69, 0x80, 0xb4,
    0xd4, 0x28, 0xc, 0xc0, 0x4, 0x39, 0x48, 0x20,
    0x1, 0x49, 0xe6, 0x0, 0x80,

    /* U+06CD "ۍ" */
    0x0, 0xff, 0xe0, 0xa6, 0x7f, 0xac, 0xc0, 0x3f,
    0xf8, 0x11, 0x66, 0x0, 0x47, 0x0, 0xff, 0x99,
    0xc1, 0x2a, 0x8c, 0x80, 0x1f, 0xf4, 0x3, 0xda,
    0xaa, 0x40, 0x38, 0x80, 0x39, 0x4, 0x20, 0x3,
    0xc4, 0xfb, 0xb2, 0x0, 0x42, 0x0, 0x70, 0xe,
    0x4d, 0x82, 0x2, 0x0, 0xca, 0x41, 0x1c, 0xe2,
    0x0, 0x10, 0x35, 0x0, 0x20, 0x6, 0xc6, 0x1,
    0x8e, 0x40, 0x7e, 0xcc, 0x0, 0x7c, 0x33, 0xd0,
    0x0, 0x80, 0x21, 0x0, 0xc2, 0x1, 0xe1, 0x72,
    0x7, 0x0, 0xca, 0x0, 0xa0, 0xf, 0xd, 0x10,
    0x78, 0x6, 0x33, 0x2, 0x74, 0xb2, 0xbd, 0x72,
    0x83, 0xa0, 0x7, 0x69, 0x80, 0xb4, 0xd4, 0x28,
    0xc, 0xc0, 0x7, 0x87, 0x29, 0x4, 0x0, 0x29,
    0x3c, 0xc0, 0x10,

    /* U+06CE "ێ" */
    0x0, 0xff, 0xe3, 0x5b, 0x84, 0xc8, 0x3, 0xfe,
    0xd8, 0x26, 0xa0, 0x9, 0x33, 0xfd, 0x66, 0x0,
    0x62, 0xc3, 0x30, 0x2, 0x2c, 0xc0, 0x8, 0xe0,
    0x14, 0x1c, 0x0, 0x19, 0xc1, 0x2a, 0x8c, 0x80,
    0x12, 0xea, 0x0, 0x20, 0x1e, 0xd5, 0x52, 0x1,
    0xf9, 0x4, 0x20, 0x3, 0xd7, 0x88, 0x1, 0x8,
    0x1, 0xc0, 0x38, 0x50, 0xc0, 0x32, 0x90, 0x47,
    0x38, 0x80, 0x14, 0x0, 0x80, 0x1b, 0x18, 0x6,
    0x39, 0x0, 0x80, 0x3e, 0x19, 0xe8, 0x0, 0x40,
    0x6, 0x10, 0xf, 0xb, 0x90, 0x38, 0x28, 0x2,
    0x80, 0x3c, 0x34, 0x41, 0xe0, 0x66, 0x4, 0xe9,
    0x65, 0x7a, 0xe5, 0x7, 0x40, 0x6, 0x98, 0xb,
    0x4d, 0x42, 0x80, 0xcc, 0x0, 0x43, 0x94, 0x82,
    0x0, 0x14, 0x9e, 0x60, 0x8,

    /* U+06CF "ۏ" */
    0x0, 0x87, 0xb0, 0x3, 0xc8, 0x26, 0x40, 0x1c,
    0xaf, 0x24, 0x1, 0xe8, 0x60, 0xf, 0x13, 0x30,
    0x40, 0x32, 0xec, 0xcb, 0xc8, 0x0, 0x54, 0x1,
    0xf, 0x80, 0x2c, 0xb, 0xa4, 0x9, 0x1, 0xc2,
    0xc5, 0x84, 0x30, 0x2, 0xa5, 0x50, 0x0, 0x41,
    0x0, 0xea, 0x82, 0x1, 0x53, 0x8, 0x8, 0x3,
    0xc0, 0x13, 0xde, 0x80, 0x7, 0x0, 0x1b, 0xea,
    0x84, 0x9, 0xfe, 0x41, 0x3, 0xb8, 0x8, 0x2,
    0x4b, 0x80, 0x0, 0xcd, 0xf5, 0xa0, 0x4,

    /* U+06D0 "ې" */
    0x0, 0xff, 0x26, 0x7f, 0xac, 0xc0, 0x3f, 0xa2,
    0xcc, 0x0, 0x8e, 0x1, 0xf9, 0x9c, 0x12, 0xa8,
    0xc8, 0x1, 0xfa, 0x1, 0xed, 0x55, 0x20, 0x1f,
    0x90, 0x42, 0x0, 0x3d, 0x78, 0x80, 0x10, 0x80,
    0x1c, 0x3, 0x85, 0xc, 0x3, 0x29, 0x4, 0x73,
    0x88, 0x1, 0x40, 0x8, 0x1, 0xb1, 0x80, 0x63,
    0x90, 0x8, 0x3, 0xe1, 0x9e, 0x80, 0x4, 0x0,
    0x61, 0x0, 0xf0, 0xb9, 0x3, 0x82, 0x80, 0x28,
    0x3, 0xc3, 0x44, 0x1e, 0x6, 0x60, 0x4e, 0x96,
    0x57, 0xae, 0x50, 0x74, 0x0, 0x69, 0x80, 0xb4,
    0xd4, 0x28, 0xc, 0xc0, 0x4, 0x39, 0x48, 0x20,
    0x1, 0x49, 0xe6, 0x0, 0xf2, 0xdf, 0x7f, 0xba,
    0xd8, 0x3, 0xfe, 0x23, 0x0, 0xff, 0xe1, 0x66,
    0x8, 0x3, 0xff, 0x82, 0x42, 0x60, 0x1f, 0xfc,
    0x1d, 0xd0, 0x80, 0x7f, 0xf0, 0x7f, 0xc, 0x3,
    0xff, 0x82, 0xa2, 0x40, 0x1f, 0x0,

    /* U+06D1 "ۑ" */
    0x0, 0xff, 0x2e, 0x7f, 0xac, 0xc0, 0x3f, 0xa6,
    0x8c, 0x0, 0x8e, 0x1, 0xf9, 0xd8, 0x16, 0xa8,
    0xc8, 0x1, 0xf0, 0xc0, 0x3d, 0x2a, 0xa4, 0x0,
    0x40, 0x1c, 0x80, 0x8, 0x0, 0xf7, 0xf9, 0x40,
    0x21, 0x0, 0x51, 0x0, 0x62, 0x20, 0x30, 0x4,
    0x8e, 0xb, 0xb6, 0x80, 0x7, 0x0, 0x18, 0x6,
    0x8c, 0x60, 0x4b, 0x70, 0x30, 0xf, 0xc7, 0x3e,
    0x41, 0x40, 0x60, 0x5, 0x0, 0xf8, 0xc8, 0x10,
    0x10, 0x1, 0x50, 0x60, 0x1, 0x4a, 0xc0, 0x18,
    0x1, 0xa0, 0x3, 0xe7, 0xfb, 0xad, 0x40, 0xb0,
    0x40, 0xb, 0x86, 0x1, 0xe2, 0x9d, 0x20, 0xc,
    0x79, 0xd7, 0x54, 0xbe, 0xd6, 0x0, 0xfc, 0x28,
    0xaa, 0x41, 0x0, 0xff, 0x1f, 0xba, 0xfa, 0x80,
    0x7f, 0x98, 0x38, 0x83, 0x40, 0x3f, 0xcb, 0xb0,
    0xbb, 0x0, 0x1f, 0xf1, 0x7e, 0x98, 0x7, 0xff,
    0x4, 0x88, 0x20, 0x1f, 0x0,

    /* U+06D2 "ے" */
    0x0, 0xc3, 0x7f, 0x62, 0x1, 0xff, 0xc2, 0xd4,
    0x4, 0xc0, 0xf, 0xfe, 0xc, 0x98, 0x50, 0x13,
    0x80, 0x7f, 0xd0, 0xc1, 0x2a, 0xc1, 0x40, 0x1f,
    0xe7, 0x70, 0x3b, 0x5, 0x8d, 0x0, 0x7f, 0x1c,
    0x4, 0xc0, 0x0, 0xb9, 0xc0, 0x3f, 0x94, 0x0,
    0x80, 0x1f, 0xfc, 0x35, 0x0, 0x6e, 0x54, 0x3b,
    0x37, 0x9e, 0x2b, 0x48, 0xe4, 0x0, 0x6a, 0xf1,
    0x33, 0xe8, 0x75, 0x22, 0x3, 0x74, 0xa9, 0x88,
    0x7, 0xc2, 0x6b, 0x20,

    /* U+06D3 "ۓ" */
    0x0, 0xff, 0xe4, 0xb7, 0xf8, 0x40, 0x3f, 0xf8,
    0x72, 0xb6, 0x20, 0x1f, 0xfc, 0x31, 0x34, 0x20,
    0xf, 0xfe, 0x1b, 0xb7, 0xe0, 0x7, 0xff, 0xd,
    0xd2, 0x30, 0x3, 0xff, 0x87, 0xd6, 0xe0, 0xa2,
    0x1, 0xff, 0xc3, 0x3d, 0xae, 0x50, 0xf, 0xfe,
    0x8, 0xe8, 0x5, 0x42, 0x1, 0xff, 0xc0, 0xd1,
    0x16, 0x80, 0x24, 0x3, 0xfe, 0xb3, 0xa, 0x28,
    0x6, 0x0, 0xff, 0x52, 0x4, 0xa0, 0x31, 0xd0,
    0x7, 0xf1, 0xa8, 0x53, 0x0, 0x7, 0x10, 0x3,
    0xf9, 0x40, 0xc, 0x1, 0xff, 0xc3, 0x50, 0x6,
    0x6d, 0x43, 0xb3, 0x79, 0xe2, 0xf4, 0x8e, 0x40,
    0x4, 0xaf, 0x13, 0x3e, 0x87, 0x42, 0x20, 0x37,
    0xd3, 0x18, 0x80, 0x7c, 0x26, 0xb2, 0x0,

    /* U+06D4 "۔" */
    0xb, 0xbd, 0x24, 0x89, 0x94,

    /* U+06D5 "ە" */
    0x0, 0x84, 0x3, 0xe1, 0xcc, 0x8, 0x7, 0x49,
    0x1e, 0x8, 0x6, 0xf0, 0x1, 0x60, 0x4, 0x90,
    0xc, 0x5, 0x0, 0x9, 0x8, 0x98, 0x7, 0x4,
    0x20, 0x70, 0x70, 0x1, 0x90, 0x8, 0x7, 0x39,
    0x80, 0xd2, 0xd8, 0x1, 0x54, 0x40, 0xb4, 0x80,
    0xc2, 0x18, 0xa2, 0x5, 0x12, 0x0,

    /* U+06D6 "ۖ" */
    0x0, 0x1a, 0x80, 0x7c, 0xbe, 0x1, 0xf8, 0x46,
    0x5e, 0x60, 0x9, 0xe2, 0x26, 0xd5, 0xdd, 0x2,
    0x39, 0x2f, 0x81, 0xa1, 0x6f, 0x7e, 0xa0,

    /* U+06D7 "ۗ" */
    0x0, 0x11, 0xc4, 0xc, 0x0, 0x92, 0xa, 0x1,
    0x84, 0xc1, 0x4f, 0x65, 0x90, 0x12, 0x87, 0x31,
    0xfa, 0x54, 0x39, 0xe0, 0x10,

    /* U+06D8 "ۘ" */
    0x0, 0x88, 0xc0, 0x25, 0xfd, 0x30, 0x6a, 0xb5,
    0x56, 0x5c, 0x4a, 0x23, 0x74, 0xff, 0xc4,

    /* U+06D9 "ۙ" */
    0x37, 0x3f, 0x0, 0x40, 0x4, 0x62, 0xa0, 0x4,
    0x9c, 0x0, 0x16, 0x5, 0x80,

    /* U+06DA "ۚ" */
    0x1e, 0xd7, 0x10, 0x1d, 0x68, 0xe1, 0xf, 0x58,
    0xc1, 0x33, 0x64, 0x10, 0x4, 0x3a, 0x60, 0x6d,
    0x9b, 0xa2, 0x9, 0xed, 0xf2,

    /* U+06DB "ۛ" */
    0x0, 0xf1, 0xfb, 0x80, 0x42, 0x20, 0x6c, 0xa8,
    0xa0, 0xe,

    /* U+06DC "ۜ" */
    0x0, 0xff, 0xe0, 0x9, 0x89, 0xd2, 0x91, 0x82,
    0xf3, 0xc1, 0xed, 0xd8, 0x18, 0xa5, 0x1b, 0xc,
    0x41, 0x4b, 0xbf, 0x93, 0x9b, 0xe2, 0x44, 0x4,
    0x13, 0xf7, 0xd0, 0x3, 0x0,

    /* U+06DD "۝" */
    0x0, 0xf8, 0xe2, 0xf7, 0xb9, 0x92, 0xa0, 0x1f,
    0xfc, 0x13, 0xcd, 0x1e, 0xe6, 0x62, 0x3a, 0x79,
    0xc0, 0x3f, 0x26, 0x63, 0x67, 0xa5, 0x4c, 0x88,
    0x8f, 0x9b, 0x7d, 0x74, 0x1, 0xdf, 0x98, 0xa,
    0xff, 0xfe, 0xc3, 0x9b, 0xc5, 0x0, 0xcc, 0x22,
    0x2d, 0xdf, 0xfa, 0xbc, 0x4, 0xc0, 0x26, 0x2a,
    0xa7, 0x91, 0x7f, 0xcb, 0xf7, 0x54, 0x0, 0xa2,
    0x17, 0x63, 0x0, 0xff, 0xe0, 0x3d, 0xe1, 0x28,
    0x28, 0x38, 0x7, 0xff, 0x14, 0x67, 0x83, 0xdc,
    0x3, 0xff, 0x8e, 0xc8, 0x2f, 0x80, 0x1f, 0xfc,
    0x71, 0x25, 0x27, 0x0, 0xff, 0xe4, 0x38, 0x81,
    0x80, 0x7f, 0xf2, 0xc, 0xc2, 0x60, 0x1f, 0xfc,
    0x83, 0x31, 0x30, 0x7, 0xff, 0x21, 0x9d, 0x34,
    0x3, 0xff, 0x8e, 0x24, 0x4a, 0x70, 0xf, 0xfe,
    0x3b, 0x38, 0x12, 0xb8, 0x7, 0xff, 0x1a, 0x6c,
    0x1, 0x31, 0x74, 0x20, 0x1f, 0xfc, 0x5, 0xbd,
    0x72, 0x0, 0x11, 0xd4, 0xc0, 0x7, 0xfc, 0x3d,
    0x75, 0x80, 0x19, 0xc4, 0xdf, 0xff, 0xfe, 0xec,
    0x5, 0xd0, 0xe, 0x13, 0x35, 0xee, 0xff, 0xa3,
    0x1, 0x74, 0x3, 0x45, 0x48, 0x5c, 0x20, 0x11,
    0x61, 0x5f, 0x80, 0xbe, 0x50, 0xc, 0x77, 0x5b,
    0x85, 0x5b, 0xff, 0xb7, 0x2b, 0xae, 0xd2, 0x1,
    0xfc, 0x71, 0x9f, 0xdd, 0x7f, 0x5b, 0x88, 0x7,
    0x80,

    /* U+06DE "۞" */
    0x0, 0xfe, 0x33, 0x0, 0x7f, 0xf1, 0x53, 0xb8,
    0x60, 0x1f, 0xfc, 0x34, 0x9f, 0xf7, 0x20, 0x7,
    0xf9, 0xf7, 0x5d, 0x61, 0xfe, 0xb, 0xed, 0xd3,
    0x80, 0x7b, 0xe2, 0xcb, 0xb7, 0x77, 0x14, 0x43,
    0xc0, 0x3e, 0x9d, 0xc1, 0x0, 0xc3, 0x9d, 0xc0,
    0xf, 0x89, 0xec, 0x3, 0xf5, 0x81, 0x0, 0x74,
    0xa7, 0x0, 0x47, 0x54, 0x30, 0xb, 0x96, 0x0,
    0x2a, 0x16, 0x0, 0xd1, 0x76, 0x80, 0xc, 0xe1,
    0x20, 0x1, 0x0, 0xff, 0xe2, 0x10, 0x2, 0xcd,
    0x80, 0x34, 0x55, 0x20, 0x3, 0x31, 0xd8, 0x5,
    0x65, 0x80, 0x11, 0xdd, 0x8c, 0x2, 0xc2, 0xb0,
    0xe, 0x47, 0x80, 0xf, 0xd0, 0xc8, 0x1, 0xf5,
    0x9c, 0x0, 0x7a, 0xe, 0x40, 0x3f, 0xac, 0xe0,
    0x3, 0x41, 0xd9, 0x80, 0x7d, 0xf7, 0xca, 0xff,
    0xdc, 0xf7, 0x5e, 0xbf, 0x0, 0xf3, 0xf7, 0x5e,
    0x8c, 0xc4, 0xfe, 0xe9, 0xc0, 0x3f, 0xeb, 0x33,
    0x58, 0x7, 0xff, 0x16, 0xec, 0x1, 0xfc,

    /* U+06DF "۟" */
    0x0, 0xf5, 0x7e, 0x2, 0x2d, 0x13, 0x8, 0x90,
    0xc5, 0x3, 0x8d, 0x87, 0xb3, 0x84,

    /* U+06E0 "۠" */
    0x1c, 0xfa, 0x9, 0xc, 0x54, 0x24, 0x33, 0x11,
    0x98, 0x8, 0x96, 0xbe, 0x48, 0x5d, 0xb8, 0x0,

    /* U+06E1 "ۡ" */
    0x8, 0xfc, 0x50, 0xa, 0xd6, 0x8c, 0x21, 0xd4,
    0xcc, 0x1b, 0x8b, 0x80, 0xc, 0xf9, 0x0, 0x0,

    /* U+06E2 "ۢ" */
    0x0, 0xf4, 0xfd, 0x80, 0x3e, 0xd0, 0xc3, 0x28,
    0x0, 0x6b, 0x56, 0x62, 0x8, 0x80, 0x2a, 0x0,
    0x80,

    /* U+06E3 "ۣ" */
    0x0, 0xff, 0xe0, 0x9, 0x89, 0xca, 0x91, 0x82,
    0xf3, 0xc1, 0xed, 0xd8, 0x18, 0xa5, 0x17, 0xc,
    0x41, 0x4b, 0xbf, 0x93, 0x9b, 0xe2, 0x44, 0x4,
    0x13, 0xf7, 0xd0, 0x3, 0x0,

    /* U+06E4 "ۤ" */
    0x0, 0xf9, 0x7f, 0xd2, 0x6a, 0x9c, 0xd2, 0xf9,
    0x45, 0x72, 0xdd, 0x7a, 0xc0,

    /* U+06E5 "ۥ" */
    0xb, 0xf5, 0x45, 0x88, 0x28, 0x41, 0x8e, 0x1a,
    0x3e, 0xb5, 0x80,

    /* U+06E6 "ۦ" */
    0x3, 0xf8, 0x0, 0x87, 0x99, 0x82, 0x0, 0x93,
    0xdd, 0x12, 0xa5, 0x2d, 0xe6, 0x20, 0x80,

    /* U+06E7 "ۧ" */
    0x1, 0xc6, 0x0, 0xd4, 0x12, 0x20, 0x7, 0x5d,
    0xd0, 0x91, 0xc, 0x3b, 0x7f, 0x69, 0x3b, 0x9b,
    0xaf, 0x80,

    /* U+06E8 "ۨ" */
    0x0, 0xfd, 0xcc, 0x1, 0xb5, 0x64, 0x13, 0xc,
    0x98, 0x88, 0x22, 0x20, 0x2, 0x1f, 0x62, 0x91,
    0x3b, 0x7a, 0x80,

    /* U+06E9 "۩" */
    0x0, 0xe2, 0x20, 0x7, 0xe7, 0xdd, 0xba, 0x4,
    0x2, 0x2d, 0x84, 0xbc, 0x67, 0xf4, 0x0, 0x78,
    0x6c, 0xa1, 0xc7, 0x15, 0x89, 0x12, 0xc8, 0x3,
    0xf, 0x82, 0x18, 0x78, 0x7, 0x94, 0x4, 0x4c,
    0xc8, 0x0, 0xcd, 0x26, 0x81, 0x2a, 0x80, 0x1b,
    0xf, 0x0, 0x22, 0x0, 0xf3, 0x80, 0x7f, 0xf4,
    0x5, 0xc0, 0x31, 0x80, 0x72, 0x90, 0x6, 0x15,
    0x0, 0xa4, 0xf9, 0x13, 0x70, 0xd8, 0x0, 0x82,
    0x2e, 0xf4, 0x83, 0x0,

    /* U+06EA "۪" */
    0x0, 0xa, 0x0, 0x43, 0x96, 0xa0, 0x38, 0xd3,
    0x4a, 0x2c, 0xfe, 0x2e, 0x16, 0xee, 0xc2, 0x0,
    0x5f, 0x90, 0x0,

    /* U+06EB "۫" */
    0x0, 0x42, 0x80, 0x50, 0xf4, 0xa0, 0xcf, 0x6f,
    0x44, 0xc9, 0x2f, 0x4, 0x16, 0xd0, 0xe0, 0x15,
    0xb8, 0x0,

    /* U+06EC "۬" */
    0x0, 0xc7, 0xfc, 0x56, 0x2, 0x96, 0x24, 0xe0,

    /* U+06ED "ۭ" */
    0x0, 0xf4, 0xfd, 0x80, 0x3e, 0xd0, 0xc3, 0x28,
    0x0, 0x6b, 0x56, 0x62, 0x8, 0x80, 0x2a, 0x0,
    0x80,

    /* U+06EE "ۮ" */
    0x0, 0xc2, 0x1, 0xfa, 0xb8, 0xc0, 0x3c, 0x2a,
    0x70, 0x1, 0xe8, 0x4e, 0x44, 0x0, 0x71, 0xc1,
    0x38, 0x80, 0x75, 0x18, 0x42, 0x80, 0x7f, 0xf1,
    0x46, 0xa4, 0x3, 0xe8, 0x56, 0x40, 0xf, 0x48,
    0x84, 0x0, 0x7d, 0x60, 0x6a, 0x1, 0xe5, 0x30,
    0xe0, 0xf, 0xa8, 0x10, 0x40, 0x3c, 0x60, 0x2,
    0x9, 0xb7, 0x68, 0xb0, 0x1, 0xb, 0x24, 0x4b,
    0x88, 0x38, 0x8a, 0x50, 0x40, 0x7, 0x50, 0x0,

    /* U+06EF "ۯ" */
    0x0, 0xd3, 0x80, 0x1c, 0x4c, 0x4e, 0x1, 0xad,
    0x66, 0x40, 0x19, 0xa5, 0xcd, 0x0, 0x2e, 0x30,
    0xd4, 0x0, 0x84, 0x3, 0xfc, 0x20, 0x1c, 0xff,
    0x0, 0x1d, 0xa0, 0xc0, 0x1d, 0x0, 0x5, 0x0,
    0xc4, 0x40, 0xd0, 0xe, 0x60, 0x10, 0xe, 0x60,
    0x10, 0xc, 0x84, 0x18, 0x1, 0x1d, 0x1, 0x20,
    0x1, 0xf0, 0x43, 0xc1, 0x7e, 0x0, 0x70, 0x81,
    0x80, 0xd, 0xe6, 0x0, 0x39, 0xe9, 0x10, 0x8,

    /* U+06F0 "۰" */
    0x1, 0xb3, 0x0, 0x6a, 0x61, 0x83, 0x0, 0x14,
    0x29, 0x61, 0x80, 0x14, 0xe0,

    /* U+06F1 "۱" */
    0x4, 0x81, 0x3, 0xb7, 0x40, 0x30, 0x6, 0x0,
    0x10, 0x14, 0x0, 0x40, 0x60, 0xf, 0x0, 0x8,
    0x10, 0x0, 0x81, 0x80, 0xc, 0x4, 0x0, 0x20,
    0x0, 0x87, 0x80, 0x8, 0x4, 0x0, 0xe0, 0x60,
    0x1, 0x1, 0x0, 0x18, 0x38,

    /* U+06F2 "۲" */
    0x3, 0x40, 0xc, 0x84, 0x15, 0x92, 0x1, 0xaf,
    0x4b, 0x0, 0x8c, 0x1, 0x0, 0x2, 0x40, 0x6,
    0x7f, 0x9c, 0x18, 0x8, 0x3, 0xc9, 0x20, 0x2,
    0x4, 0xbb, 0x6d, 0x80, 0x4c, 0x0, 0x44, 0x10,
    0x6, 0x20, 0x60, 0xf, 0xb8, 0x8, 0x3, 0xe2,
    0x0, 0x8, 0x7, 0x98, 0x0, 0x60, 0x1e, 0x10,
    0x0, 0x80, 0x78, 0x80, 0xe, 0x1, 0xff, 0xc3,

    /* U+06F3 "۳" */
    0x1, 0x40, 0xf, 0x11, 0x1, 0xba, 0xc4, 0x1a,
    0x8d, 0x76, 0x41, 0x40, 0x8, 0x1a, 0xa0, 0xe0,
    0xa0, 0x60, 0xe, 0x54, 0x4, 0x50, 0x10, 0x1,
    0x2, 0x50, 0x2, 0x20, 0x6, 0x0, 0x70, 0x8,
    0xe0, 0x41, 0x38, 0x0, 0x40, 0xf, 0xc7, 0xef,
    0xb2, 0x0, 0x70, 0x0, 0x40, 0x3f, 0x28, 0x0,
    0xc0, 0x3f, 0x10, 0x1, 0x80, 0x3f, 0x8, 0x0,
    0x40, 0x3f, 0x84, 0xc, 0x3, 0xf8, 0xc0, 0x40,
    0x3f, 0x84, 0x3c, 0x3, 0xe0,

    /* U+06F4 "۴" */
    0x6b, 0x80, 0x1b, 0xff, 0x20, 0x62, 0x20, 0x29,
    0x0, 0x36, 0x81, 0x83, 0x4, 0xf2, 0x1, 0x80,
    0x11, 0x1, 0x8b, 0x20, 0xa0, 0xb, 0x60, 0x5b,
    0x62, 0x10, 0xf, 0x13, 0x98, 0x18, 0x2f, 0xfd,
    0xb0, 0x20, 0xc0, 0xc0, 0x1f, 0x10, 0x8, 0x7,
    0xde, 0x4, 0x1, 0xf1, 0x0, 0x7f, 0x8, 0x0,
    0x40, 0x3c, 0xc0, 0x3, 0x0, 0xf1, 0x80, 0x7e,

    /* U+06F5 "۵" */
    0x0, 0xe1, 0x0, 0xfe, 0x7e, 0x30, 0xf, 0x86,
    0x43, 0x48, 0x3, 0xc2, 0x40, 0x3e, 0x1, 0xe9,
    0x30, 0x1, 0x40, 0x6, 0x46, 0xa, 0x60, 0x72,
    0x0, 0xa4, 0x19, 0x60, 0x1, 0x60, 0x5, 0x20,
    0x80, 0x17, 0x6, 0x0, 0x70, 0x30, 0x80, 0x28,
    0x0, 0x60, 0xa1, 0x80, 0x11, 0x0, 0x14, 0x4,
    0x4, 0x50, 0x60, 0x20, 0x20, 0x17, 0x33, 0xc3,
    0x8, 0x18, 0x28, 0x2c, 0x2, 0x48, 0xa, 0x5,
    0xa0, 0xd, 0x20, 0x16, 0x80,

    /* U+06F6 "۶" */
    0x0, 0xc4, 0x62, 0x1, 0x93, 0x75, 0x9c, 0x80,
    0x3, 0xb2, 0x0, 0x98, 0x1, 0x20, 0xc, 0xfd,
    0x20, 0x3, 0x2, 0x98, 0x10, 0x4, 0xa0, 0x82,
    0x0, 0x20, 0x5, 0x80, 0xe2, 0xd6, 0xa0, 0x15,
    0x89, 0x52, 0x86, 0x80, 0x13, 0x40, 0x28, 0x90,
    0x0, 0xf0, 0x2, 0x5c, 0x2, 0xb2, 0x8, 0x60,
    0x9, 0x54, 0xa, 0xe0, 0x1a, 0x0, 0x6c, 0x3,
    0x19, 0x4, 0x8, 0x6, 0x3f, 0x86, 0x0, 0xe0,

    /* U+06F7 "۷" */
    0x28, 0x90, 0xe, 0x2a, 0x30, 0xb7, 0x61, 0x0,
    0xd6, 0xb8, 0x36, 0x0, 0x60, 0xc, 0xe0, 0xa2,
    0x46, 0x16, 0x1, 0x28, 0x84, 0x80, 0x28, 0xc,
    0x80, 0x1e, 0x4, 0x60, 0x7, 0x0, 0x28, 0x1,
    0x42, 0x80, 0x21, 0x30, 0xb0, 0x50, 0x3, 0x0,
    0x6b, 0x3, 0x1c, 0x4, 0x10, 0xc, 0xa0, 0x4,
    0x70, 0xe0, 0xe, 0x22, 0x4, 0x8, 0x20, 0x7,
    0x94, 0x8, 0x10, 0x40, 0x3d, 0x60, 0x16, 0x80,
    0x7c, 0x60, 0x12, 0x0, 0x7e, 0x50, 0x22, 0x0,
    0x7e, 0xbf, 0xd0, 0xe,

    /* U+06F8 "۸" */
    0x0, 0xc4, 0xf4, 0x1, 0xfd, 0x50, 0xa8, 0x1,
    0xf9, 0x40, 0x18, 0x1, 0xf1, 0x10, 0x0, 0xa0,
    0x1f, 0x28, 0x4, 0x42, 0x1, 0xeb, 0x6, 0x0,
    0x38, 0x7, 0x9, 0x85, 0x18, 0x68, 0x7, 0x30,
    0x9, 0xd8, 0x20, 0x80, 0x6a, 0x7, 0x5, 0x0,
    0x20, 0x4, 0x64, 0x1a, 0x4, 0x40, 0xe0, 0xa,
    0x80, 0x50, 0x0, 0xa0, 0x82, 0x0, 0x60, 0x70,
    0xa, 0x80, 0xc, 0xc, 0x0, 0xa0, 0x8, 0x8c,
    0x28, 0x4, 0x46, 0x60, 0xd, 0x40, 0x1, 0x7e,
    0xe0, 0x7, 0x36, 0x68, 0x80,

    /* U+06F9 "۹" */
    0x0, 0x3f, 0x7e, 0xa8, 0x6, 0xa8, 0x10, 0x2a,
    0x30, 0x2, 0x28, 0x3c, 0x80, 0x24, 0x1, 0xa0,
    0x70, 0xce, 0x8, 0x0, 0x30, 0x70, 0x6, 0x0,
    0x88, 0x8, 0x12, 0x17, 0x0, 0x6, 0x12, 0x0,
    0x7a, 0x70, 0x3, 0x0, 0xea, 0x0, 0x8, 0x0,
    0x20, 0x2, 0xbf, 0xf6, 0x88, 0x18, 0x7, 0xc4,
    0x1c, 0x1, 0xf3, 0x1, 0x0, 0x7c, 0x40, 0xc0,
    0x1f, 0x68, 0x10, 0x7, 0xce, 0x8e, 0x0,

    /* U+06FA "ۺ" */
    0x0, 0xff, 0xe2, 0x4f, 0x98, 0x7, 0xff, 0x2d,
    0x41, 0x80, 0x3f, 0xf9, 0x7b, 0x6a, 0x1, 0xff,
    0xc9, 0x2e, 0xb7, 0xe9, 0x0, 0xff, 0xe4, 0x30,
    0xbb, 0xa, 0x80, 0x7f, 0xf2, 0x13, 0x30, 0xb9,
    0xa0, 0x10, 0x80, 0x7f, 0xf1, 0x4c, 0x40, 0xc4,
    0x7, 0x39, 0x40, 0x3f, 0xf9, 0x42, 0x41, 0xe0,
    0x1f, 0xf1, 0x3a, 0x80, 0x66, 0x61, 0x0, 0x1c,
    0x10, 0x3, 0xfe, 0xe8, 0xe0, 0xd, 0x72, 0x80,
    0xc, 0x1, 0x0, 0x21, 0x0, 0x7d, 0x60, 0x80,
    0x18, 0x80, 0x80, 0xc, 0x0, 0x20, 0xad, 0x60,
    0xf, 0x20, 0x1, 0x0, 0xa, 0x0, 0x60, 0xf,
    0x10, 0x82, 0x0, 0x78, 0xc0, 0x14, 0xcc, 0xb0,
    0x4, 0xb3, 0x3c, 0x4, 0x9c, 0x0, 0x40, 0x1f,
    0xc3, 0x32, 0x10, 0x2, 0x4c, 0x8c, 0x24, 0xc,
    0x3, 0xf8, 0x40, 0x8, 0x20, 0x55, 0x86, 0x0,
    0x39, 0x70, 0x30, 0x2, 0x80, 0x7a, 0x40, 0x15,
    0xdf, 0xaa, 0x79, 0xfe, 0xc6, 0x0, 0x28, 0x2,
    0x9c, 0x40, 0x7, 0x2e, 0xa, 0x20, 0x1f, 0xfc,
    0x1a, 0x0, 0x47, 0x7f, 0xb1, 0x80, 0xac, 0x2,
    0x1e, 0xc0, 0xf, 0xcb, 0x86, 0x1, 0xc2, 0xfa,
    0x20, 0x11, 0x9, 0x88, 0x7, 0xe3, 0xce, 0xba,
    0xa6, 0x74, 0x0, 0x71, 0xde, 0x8, 0x7, 0x80,

    /* U+06FB "ۻ" */
    0x0, 0xff, 0xe4, 0xe7, 0x8, 0x7, 0xff, 0x2c,
    0x8c, 0x50, 0x3, 0xff, 0x96, 0x53, 0xa, 0x1,
    0xff, 0xcc, 0x67, 0x0, 0xff, 0xe6, 0x9a, 0xa0,
    0x80, 0x7f, 0xf2, 0x5b, 0x72, 0xaf, 0x98, 0x3,
    0xff, 0x80, 0x86, 0x1, 0x87, 0x24, 0x80, 0x34,
    0xa0, 0x7, 0xfb, 0x2e, 0x0, 0x22, 0xf3, 0x6,
    0xdf, 0xc1, 0xe, 0x3, 0x20, 0xf, 0x90, 0x14,
    0x0, 0x3e, 0x22, 0xb9, 0x20, 0x37, 0x1, 0xe,
    0xd6, 0x0, 0xf6, 0x0, 0xb0, 0x69, 0xe, 0x20,
    0x4, 0x4e, 0x4, 0x50, 0x20, 0x7, 0x90, 0x1,
    0x3a, 0x60, 0xee, 0x66, 0x45, 0xe8, 0x85, 0xb8,
    0x0, 0x80, 0x3f, 0xc4, 0x0, 0x6a, 0x99, 0x3a,
    0x0, 0xd9, 0x18, 0x7, 0xf0, 0x80, 0x26, 0x48,
    0x40, 0x10, 0x92, 0xd7, 0x20, 0x18, 0x1, 0x40,
    0x3d, 0x20, 0x7, 0x6b, 0xdf, 0xfb, 0xb6, 0x94,
    0x2, 0x51, 0xa, 0x72, 0x0, 0x1c, 0xb8, 0x30,
    0x80, 0x7f, 0xf0, 0xac, 0x1, 0x1b, 0xfe, 0xc6,
    0x3, 0x90, 0xc, 0x9f, 0x20, 0x1f, 0x97, 0xc,
    0x3, 0x85, 0xf0, 0x3, 0x8c, 0x10, 0x3, 0xf8,
    0xf3, 0xae, 0xa9, 0x9d, 0x0, 0x1e, 0x7a, 0xc0,
    0xf, 0x80,

    /* U+06FC "ۼ" */
    0x0, 0xc7, 0x2, 0x1, 0xfe, 0xe7, 0x80, 0xf,
    0xf2, 0x6, 0x0, 0x7f, 0xa7, 0xd4, 0x3, 0xfc,
    0x8a, 0x80, 0x1f, 0x9f, 0xee, 0xad, 0xc0, 0x3d,
    0x10, 0x0, 0xc6, 0x1, 0xe7, 0x3, 0xdf, 0xe4,
    0x0, 0xe2, 0x0, 0x79, 0x0, 0x80, 0x78, 0xc0,
    0xa, 0x1, 0x88, 0x3, 0xa, 0x4, 0xba, 0xdf,
    0xe8, 0x80, 0x6a, 0x20, 0x8a, 0x40, 0x2, 0x0,
    0x61, 0xb0, 0x8, 0xa3, 0x14, 0x3, 0x1c, 0x80,
    0xd6, 0xb9, 0x80, 0x77, 0x1, 0x7a, 0x80, 0x7c,
    0xa4, 0x1e, 0x20, 0x1f, 0xb0, 0xc, 0x81, 0xfd,
    0x80, 0x38, 0x81, 0x80, 0x16, 0x18, 0x1, 0xc2,
    0xc, 0x0, 0xf7, 0x80, 0xe, 0xd0, 0x35, 0x3,
    0x82, 0x0, 0xe6, 0x0, 0x54, 0x98, 0x0, 0x4d,
    0xe4, 0x6, 0xc0, 0xd, 0x9f, 0xee, 0xc8, 0x62,
    0x4, 0xd5, 0x0, 0xf0, 0xa8, 0x4, 0x55, 0xf9,
    0x54, 0xbd, 0xea, 0x20,

    /* U+06FD "۽" */
    0x0, 0x26, 0x7f, 0x9c, 0x2, 0x3b, 0x30, 0xf,
    0x40, 0xd, 0x5a, 0x80, 0x4c, 0xc, 0xa8, 0x40,
    0x13, 0x1, 0x0, 0x42, 0x0, 0x80, 0x5a, 0x9e,
    0xd0, 0x9, 0x1, 0x58, 0x4c, 0xa7, 0x10, 0x0,
    0x2d, 0x85, 0xa0, 0x2d, 0x7d, 0x26, 0x9, 0xbd,
    0xa0, 0x6a, 0x1, 0x10, 0x77, 0x12, 0x40, 0x38,
    0xc4, 0x4, 0x3, 0xfe,

    /* U+06FE "۾" */
    0x0, 0xc6, 0xa8, 0x1, 0xc3, 0x98, 0xab, 0xd2,
    0x0, 0xb0, 0xc0, 0x22, 0xf0, 0x3, 0x90, 0xdf,
    0xc0, 0x12, 0x83, 0xcd, 0x20, 0x39, 0x86, 0x0,
    0x19, 0x8, 0xcc, 0xc0, 0x40, 0x8, 0xfd, 0xcc,
    0x28, 0x8, 0x63, 0x80, 0x7b, 0x14, 0xc1, 0xfb,
    0xfb, 0x25, 0xb0, 0xa, 0x10, 0xd5, 0xd8, 0xc,
    0x18, 0x26, 0xfb, 0x80, 0x3, 0x7, 0x7, 0x3,
    0x10, 0x7, 0x1, 0x0, 0x4, 0x3, 0x18, 0x8,
    0x5c, 0xca, 0xc0, 0xa, 0x0, 0x40, 0xf, 0x9,
    0x6, 0x0, 0x7d, 0x71, 0x40, 0x1e,

    /* U+06FF "ۿ" */
    0x0, 0xf3, 0x20, 0x7, 0xfc, 0x93, 0x40, 0x1f,
    0xf7, 0xb8, 0x38, 0x7, 0xf1, 0xa4, 0xc4, 0x88,
    0x7, 0xe2, 0xa1, 0x6b, 0x10, 0xf, 0xc2, 0xa0,
    0x5, 0x0, 0xff, 0xd, 0x90, 0x7, 0xfd, 0x49,
    0xaa, 0x1, 0xfe, 0x20, 0x5, 0x48, 0x7, 0xe7,
    0x60, 0x9, 0xac, 0x3, 0xe8, 0xb, 0xd0, 0x2,
    0x60, 0x7, 0x10, 0x1, 0x8, 0x80, 0x3, 0xb0,
    0xf, 0x88, 0xa0, 0xb0, 0x46, 0x0, 0x88, 0xc3,
    0xf8, 0xd, 0x18, 0x28, 0xa1, 0x51, 0x40, 0x8c,
    0x11, 0x54, 0x0, 0x57, 0xab, 0x60, 0xc, 0xf4,
    0x61, 0x62, 0x60, 0x1, 0x5a, 0x83, 0x0, 0x14,
    0x38,

    /* U+0750 "ݐ" */
    0x0, 0xff, 0xe2, 0x3e, 0x30, 0x2, 0xa0, 0x80,
    0x3f, 0xf8, 0x18, 0x7a, 0x2, 0xae, 0x20, 0x1f,
    0xfc, 0xd, 0x4, 0x5, 0x0, 0x18, 0x7, 0xff,
    0x1, 0x40, 0x4, 0x20, 0x1, 0x0, 0xff, 0xe0,
    0x10, 0x0, 0x44, 0x0, 0x80, 0xf, 0xfe, 0x4,
    0x0, 0x9, 0x4, 0x1b, 0xa9, 0xd9, 0x54, 0xcc,
    0x79, 0xcf, 0x60, 0x51, 0xc, 0x20, 0x15, 0x89,
    0xaa, 0x4c, 0xa1, 0x8c, 0x0, 0xd4, 0x0, 0x2d,
    0xa5, 0x21, 0x0, 0xc2, 0x48, 0xd3, 0xd2, 0x1,
    0xcb, 0x5b, 0xdf, 0xfb, 0xb6, 0xe5, 0x84, 0x3,
    0xfc, 0x20, 0x18, 0x40, 0x3f, 0xf8, 0x33, 0xcb,
    0xd8, 0xfc, 0xa0, 0x1f, 0xfc, 0xe, 0x1, 0x37,
    0x10, 0x10, 0xf, 0x0,

    /* U+0751 "ݑ" */
    0x0, 0xfe, 0xcd, 0x0, 0xff, 0xe2, 0x89, 0x90,
    0x80, 0x7f, 0xf1, 0x17, 0x30, 0xa0, 0x1f, 0xfc,
    0x38, 0xba, 0xa5, 0xc0, 0x7, 0xff, 0xb, 0x43,
    0xfc, 0x1a, 0x1, 0xff, 0xc2, 0x5f, 0x66, 0x7a,
    0x80, 0x51, 0xac, 0x0, 0xb9, 0x20, 0xf, 0xfe,
    0x1, 0x96, 0x80, 0xa3, 0x8, 0x7, 0xff, 0x3,
    0x41, 0x1, 0x40, 0x6, 0x1, 0xff, 0xc0, 0x50,
    0x1, 0x8, 0x0, 0x40, 0x3f, 0xf8, 0x4, 0x0,
    0x11, 0x0, 0x2c, 0x3, 0xfe, 0x1b, 0x0, 0x12,
    0x10, 0x2f, 0x53, 0xb2, 0xa9, 0x98, 0xf3, 0x9c,
    0xa0, 0xa2, 0x1e, 0x40, 0x2b, 0x13, 0x54, 0x99,
    0x43, 0x18, 0x1, 0xa8, 0x0, 0x5b, 0x4a, 0x42,
    0x1, 0x84, 0x91, 0xa7, 0xa4, 0x3, 0x96, 0xb7,
    0xbf, 0xf7, 0x6d, 0xcb, 0x8, 0x7, 0xff, 0x4c,
    0x7b, 0x0, 0x3f, 0xf8, 0xaa, 0x26, 0x20, 0x1f,
    0xfc, 0x44, 0x9b, 0x10, 0xf, 0xc0,

    /* U+0752 "ݒ" */
    0x0, 0xff, 0xe2, 0x3e, 0x30, 0x2, 0xa0, 0x80,
    0x3f, 0xf8, 0x18, 0x7a, 0x2, 0xae, 0x20, 0x1f,
    0xfc, 0xd, 0x4, 0x5, 0x0, 0x18, 0x7, 0xff,
    0x1, 0x40, 0x4, 0x20, 0x1, 0x0, 0xff, 0xe0,
    0x10, 0x0, 0x44, 0x0, 0x80, 0xf, 0xfe, 0x4,
    0x0, 0x9, 0x4, 0x1b, 0xa9, 0xd9, 0x54, 0xcc,
    0x79, 0xcf, 0x60, 0x51, 0xc, 0x20, 0x15, 0x89,
    0xaa, 0x4c, 0xa1, 0x8c, 0x0, 0xd4, 0x0, 0x2d,
    0xa5, 0x21, 0x0, 0xc2, 0x48, 0xd3, 0xd2, 0x1,
    0xcb, 0x5b, 0xdf, 0xfb, 0xb6, 0xe5, 0x84, 0x3,
    0xff, 0x80, 0x22, 0x0, 0xff, 0xe2, 0x8f, 0x78,
    0x7, 0xff, 0x18, 0x54, 0x3, 0xff, 0x88, 0xdd,
    0x47, 0xe6, 0x1, 0xff, 0xc2, 0xf0, 0x22, 0x3,
    0x80, 0x7f, 0xf0, 0xa7, 0x1a, 0xb5, 0x0, 0x3e,

    /* U+0753 "ݓ" */
    0x0, 0xf8, 0x9c, 0x5, 0xc4, 0x3, 0xff, 0x85,
    0xf1, 0xb, 0x8a, 0x0, 0xff, 0xe1, 0x20, 0x66,
    0x3, 0x0, 0x3f, 0xf8, 0x53, 0xe8, 0xde, 0xe0,
    0x14, 0x73, 0x0, 0x2e, 0x48, 0x3, 0xff, 0x80,
    0x63, 0xa0, 0x28, 0xc2, 0x1, 0xff, 0xc0, 0xd0,
    0x40, 0x50, 0x1, 0x80, 0x7f, 0xf0, 0x10, 0x0,
    0x42, 0x0, 0x10, 0xf, 0xfe, 0x1, 0x80, 0x4,
    0x40, 0xb, 0x0, 0xff, 0x86, 0xc0, 0x4, 0x84,
    0xb, 0xd4, 0xec, 0xaa, 0x66, 0x3c, 0xe7, 0x28,
    0x28, 0x87, 0x90, 0xa, 0xc4, 0xd5, 0x26, 0x50,
    0xc6, 0x0, 0x6a, 0x0, 0x16, 0xd2, 0x90, 0x80,
    0x61, 0x24, 0x69, 0xe9, 0x0, 0xe5, 0xad, 0xef,
    0xfd, 0xdb, 0x72, 0xc2, 0x1, 0xff, 0xc0, 0x11,
    0x0, 0x7f, 0xf1, 0x47, 0xbc, 0x3, 0xff, 0x8c,
    0x2a, 0x1, 0xff, 0xc4, 0x6e, 0xa3, 0xf3, 0x0,
    0xff, 0xe1, 0x78, 0x11, 0x1, 0xc0, 0x3f, 0xf8,
    0x53, 0x8d, 0x5a, 0x80, 0x1f, 0x0,

    /* U+0754 "ݔ" */
    0x0, 0xfe, 0x76, 0x0, 0xff, 0xe2, 0xac, 0x49,
    0x0, 0x7f, 0xf1, 0x1c, 0x4c, 0x80, 0x3f, 0xf8,
    0x85, 0xd8, 0x1, 0xd1, 0xac, 0x0, 0xb9, 0x20,
    0xf, 0xfe, 0x1, 0x96, 0x80, 0xa3, 0x8, 0x7,
    0xff, 0x3, 0x41, 0x1, 0x40, 0x6, 0x1, 0xff,
    0xc0, 0x50, 0x1, 0x8, 0x0, 0x40, 0x3f, 0xf8,
    0x4, 0x0, 0x11, 0x0, 0x2c, 0x3, 0xfe, 0x1b,
    0x0, 0x12, 0x10, 0x2f, 0x53, 0xb2, 0xa9, 0x98,
    0xf3, 0x9c, 0xa0, 0xa2, 0x1e, 0x40, 0x2b, 0x13,
    0x54, 0x99, 0x43, 0x18, 0x1, 0xa8, 0x0, 0x5b,
    0x4a, 0x42, 0x1, 0x84, 0x91, 0xa7, 0xa4, 0x3,
    0x96, 0xb7, 0xbf, 0xf7, 0x6d, 0xcb, 0x8, 0x7,
    0xff, 0x4a, 0x3d, 0x55, 0xee, 0x1, 0xff, 0xc2,
    0x40, 0xcc, 0x5, 0x80, 0x7f, 0xf0, 0xba, 0x23,
    0x70, 0x7, 0xc0,

    /* U+0755 "ݕ" */
    0x0, 0xff, 0xe2, 0x3e, 0x30, 0x2, 0xa0, 0x80,
    0x3f, 0xf8, 0x18, 0x7a, 0x2, 0xae, 0x20, 0x1f,
    0xfc, 0xd, 0x4, 0x5, 0x0, 0x18, 0x7, 0xff,
    0x1, 0x40, 0x4, 0x20, 0x1, 0x0, 0xff, 0xe0,
    0x10, 0x0, 0x44, 0x0, 0x80, 0xf, 0xfe, 0x4,
    0x0, 0x9, 0x4, 0x1b, 0xa9, 0xd9, 0x54, 0xcc,
    0x79, 0xcf, 0x60, 0x51, 0xc, 0x20, 0x15, 0x89,
    0xaa, 0x4c, 0xa1, 0x8c, 0x0, 0xd4, 0x0, 0x2d,
    0xa5, 0x21, 0x0, 0xc2, 0x48, 0xd3, 0xd2, 0x1,
    0xcb, 0x5b, 0xdf, 0xfb, 0xb6, 0xe5, 0x84, 0x3,
    0xff, 0x81, 0x2e, 0x1, 0xff, 0xc5, 0x56, 0x81,
    0x0, 0xff, 0xe2, 0x44, 0x9d, 0x80, 0x7f, 0xf0,
    0xd0, 0xdb, 0xd4, 0x40, 0x3f, 0xf8, 0x49, 0xe0,
    0x7e, 0x20, 0x1f, 0x0,

    /* U+0756 "ݖ" */
    0x0, 0xfc, 0x60, 0x4, 0x0, 0xff, 0xe1, 0xae,
    0xa, 0x50, 0x7, 0xff, 0xd, 0x4e, 0x3d, 0x80,
    0x3f, 0xf8, 0x90, 0xc9, 0x20, 0x1f, 0xfc, 0x44,
    0x79, 0x10, 0xf, 0xfe, 0x2c, 0x30, 0x7, 0x3e,
    0x30, 0x2, 0xa0, 0x80, 0x3f, 0xf8, 0x18, 0x7a,
    0x2, 0xae, 0x20, 0x1f, 0xfc, 0xd, 0x4, 0x5,
    0x0, 0x18, 0x7, 0xff, 0x1, 0x40, 0x4, 0x20,
    0x1, 0x0, 0xff, 0xe0, 0x10, 0x0, 0x44, 0x0,
    0x80, 0xf, 0xfe, 0x4, 0x0, 0x9, 0x4, 0x1b,
    0xa9, 0xd9, 0x54, 0xcc, 0x79, 0xcf, 0x60, 0x51,
    0xc, 0x20, 0x15, 0x89, 0xaa, 0x4c, 0xa1, 0x8c,
    0x0, 0xd4, 0x0, 0x2d, 0xa5, 0x21, 0x0, 0xc2,
    0x48, 0xd3, 0xd2, 0x0,

    /* U+0757 "ݗ" */
    0x0, 0xcc, 0x80, 0x8a, 0x1, 0xf2, 0x4d, 0x95,
    0xd1, 0x80, 0x79, 0x84, 0xc8, 0xc8, 0x80, 0x1e,
    0x2e, 0xc0, 0xcd, 0x10, 0xc, 0x4a, 0xa4, 0x10,
    0xf, 0x93, 0x6a, 0x97, 0xd8, 0xc2, 0x1, 0x98,
    0x3, 0x8e, 0x7a, 0xe1, 0xc0, 0xb3, 0xfd, 0xd6,
    0xe4, 0x8, 0xf0, 0x0, 0x30, 0x0, 0xb0, 0x98,
    0x6, 0x10, 0x8, 0x67, 0x58, 0x52, 0x77, 0xc4,
    0x0, 0x5e, 0xc0, 0xdb, 0x6c, 0x40, 0x10, 0xe0,
    0x8b, 0x24, 0x80, 0x3d, 0x42, 0x2c, 0x30, 0xf,
    0x8d, 0x2, 0xc8, 0x3, 0xf5, 0x81, 0x28, 0x7,
    0xf1, 0x3, 0x80, 0x7f, 0x84, 0x4, 0x3, 0xfc,
    0x40, 0x80, 0x1f, 0xed, 0x0, 0x58, 0x80, 0x78,
    0x41, 0x14, 0x13, 0xa9, 0xd9, 0x91, 0x9c, 0x61,
    0x4a, 0x0, 0x58, 0x99, 0x39, 0x85, 0x80, 0x2b,
    0x18, 0x80, 0x23, 0x6b, 0x80,

    /* U+0758 "ݘ" */
    0x2, 0x55, 0x21, 0x0, 0x7e, 0x4d, 0xaa, 0x5e,
    0xf4, 0x10, 0x7, 0x30, 0x7, 0xb, 0xee, 0xa6,
    0xc, 0xb, 0x3f, 0xdd, 0x92, 0x80, 0x4c, 0xe8,
    0x0, 0x30, 0x0, 0x98, 0xb0, 0x6, 0xf0, 0xe,
    0x7e, 0x82, 0x24, 0x5f, 0x40, 0x4, 0x39, 0x2,
    0x99, 0xae, 0x82, 0x1, 0xb0, 0xc2, 0xac, 0xc0,
    0x3e, 0xa2, 0xc, 0x50, 0x31, 0x0, 0xe2, 0x50,
    0xa3, 0x4, 0xcc, 0x0, 0x75, 0x1, 0x28, 0x1,
    0x85, 0xc0, 0x38, 0x81, 0xc0, 0x13, 0x9a, 0x1c,
    0x40, 0x10, 0x80, 0x80, 0x14, 0x59, 0xc5, 0x80,
    0x22, 0x4, 0x10, 0xdb, 0x5c, 0xc2, 0x0, 0x54,
    0x0, 0xc2, 0x14, 0x1, 0x30, 0x0, 0x81, 0xb0,
    0x16, 0xdc, 0x33, 0x22, 0xfe, 0xc0, 0x13, 0x0,
    0x4, 0x79, 0x93, 0xa0, 0x20, 0x4, 0xfd, 0x6,
    0x20, 0x2, 0x59, 0xf0,

    /* U+0759 "ݙ" */
    0x0, 0x13, 0x80, 0x7e, 0x68, 0x0, 0xfc, 0xe1,
    0x5f, 0x80, 0x1f, 0x35, 0x1a, 0x0, 0x64, 0x1d,
    0x10, 0x60, 0x8, 0xa0, 0x7a, 0xdc, 0x80, 0x22,
    0xdc, 0xc7, 0x40, 0x7, 0x11, 0x98, 0x40, 0x3f,
    0x95, 0x40, 0x1f, 0x45, 0x50, 0x40, 0x3d, 0x40,
    0xb, 0x0, 0xf1, 0x40, 0x29, 0x80, 0x79, 0xc8,
    0x24, 0x3, 0xea, 0x5, 0x0, 0xf8, 0x80, 0x6,
    0x13, 0x6e, 0xd1, 0x60, 0x2, 0x16, 0x48, 0x97,
    0x10, 0x61, 0x14, 0xa0, 0x80, 0xe, 0x64, 0x0,
    0x6b, 0xef, 0xf6, 0x30, 0x7, 0x90, 0x40, 0x3e,
    0x4b, 0xc0, 0xf, 0x9c, 0x5c, 0x3, 0xe3, 0xea,
    0x0, 0xf8, 0xba, 0x80, 0x3e, 0x61, 0x70, 0xf,
    0x93, 0x30, 0x1, 0x80,

    /* U+075A "ݚ" */
    0x0, 0xff, 0xe1, 0xd, 0x48, 0x7, 0xd0, 0xac,
    0x80, 0x1e, 0x91, 0x8, 0x0, 0xfa, 0xc0, 0xd4,
    0x3, 0xca, 0x61, 0xc0, 0x1f, 0x50, 0x20, 0x80,
    0x78, 0xc0, 0x4, 0x13, 0x6e, 0xd1, 0x60, 0x2,
    0x16, 0x48, 0x97, 0x10, 0x71, 0x14, 0xa0, 0x80,
    0xe, 0xa0, 0x0, 0xd7, 0xdf, 0xec, 0x50, 0xe,
    0x2c, 0x60, 0xf, 0xac, 0xe0, 0x3, 0xc2, 0xd8,
    0x10, 0x1, 0xce, 0x87, 0x68, 0x1, 0xcd, 0x60,
    0xb8, 0x1, 0x0,

    /* U+075B "ݛ" */
    0x0, 0xe5, 0x30, 0xf, 0x65, 0x40, 0x7, 0xac,
    0x10, 0x80, 0x39, 0x80, 0x8, 0x1, 0xc2, 0x61,
    0xe0, 0x1e, 0x70, 0xc, 0x8e, 0xf2, 0x81, 0x30,
    0x6c, 0x44, 0x20, 0x96, 0x13, 0xee, 0x0, 0x6f,
    0xd0, 0x5d, 0x70, 0x39, 0x0, 0x3d, 0x10, 0x2e,
    0x0, 0x4c, 0x7, 0x74, 0x1, 0x87, 0xb1, 0x0,
    0x38,

    /* U+075C "ݜ" */
    0x0, 0xff, 0xe1, 0xed, 0x9f, 0xb8, 0x7, 0xff,
    0x20, 0x49, 0x98, 0x1c, 0x1, 0xff, 0xc8, 0x1e,
    0xd5, 0xd9, 0x0, 0xff, 0xf1, 0xf, 0x6a, 0x6c,
    0x80, 0x7f, 0xf2, 0x4, 0x4c, 0xe1, 0xc0, 0x1f,
    0xfc, 0x9e, 0xb3, 0xf7, 0x0, 0x1b, 0x90, 0x7,
    0xff, 0x28, 0x72, 0x28, 0x3, 0xff, 0x80, 0x22,
    0x0, 0xc4, 0x1, 0xa, 0x2, 0x0, 0x7f, 0xd7,
    0xd6, 0x1, 0xbb, 0xd8, 0x1, 0x80, 0x60, 0x2,
    0x0, 0xfc, 0x60, 0x80, 0x18, 0xc0, 0x80, 0x8,
    0x0, 0x20, 0xff, 0x28, 0x7, 0xb0, 0x4, 0xc0,
    0x8, 0x0, 0x60, 0x0, 0x80, 0x44, 0x40, 0x60,
    0xf, 0x20, 0x3, 0x99, 0x92, 0x0, 0x96, 0x67,
    0x0, 0x9, 0xc0, 0x6, 0x1, 0xfc, 0x53, 0x22,
    0x0, 0x24, 0xc8, 0xc1, 0xc0, 0xc0, 0x3f, 0xf8,
    0x8, 0x20, 0x55, 0x86, 0x0, 0x28, 0x80, 0x18,
    0x1, 0x0, 0x3c, 0xe0, 0xa, 0xef, 0xd5, 0x3c,
    0xff, 0x6b, 0x80, 0x10, 0x1, 0x6e, 0x20, 0x3,
    0x98, 0x5, 0x10, 0xf, 0xfe, 0x0, 0xc8, 0x2,
    0x3b, 0xfd, 0x8c, 0x5, 0x60, 0x1f, 0xfc, 0x26,
    0xb3, 0x0, 0xe1, 0x7d, 0x10, 0xf, 0xfe, 0x1a,
    0x67, 0x5d, 0x53, 0x3a, 0x0, 0x3f, 0xf8, 0x60,

    /* U+075D "ݝ" */
    0x0, 0x17, 0x58, 0x6e, 0x80, 0x3e, 0x41, 0x42,
    0x2c, 0x1, 0xe6, 0x9c, 0x2a, 0xa1, 0x0, 0x7c,
    0xc6, 0xa, 0xa0, 0xf, 0xe4, 0x54, 0x0, 0xfd,
    0x1f, 0x75, 0x6e, 0x1, 0xe8, 0x70, 0xc, 0x60,
    0x1e, 0x70, 0x3d, 0xfe, 0x40, 0xe, 0x20, 0x7,
    0x90, 0x8, 0x7, 0x8c, 0x0, 0xa0, 0x10, 0xa0,
    0x6, 0x15, 0x9, 0x93, 0x67, 0x58, 0x80, 0x6a,
    0x30, 0x69, 0x30, 0x2, 0x80, 0x75, 0x80, 0x4b,
    0x7e, 0x80, 0x19, 0x60, 0xf, 0x69, 0x0, 0x3d,
    0x60, 0x98, 0x40, 0x1f, 0x30, 0x85, 0x0, 0x7f,
    0x60, 0x20, 0x80, 0x7f, 0x8, 0x8, 0x7, 0xf8,
    0x41, 0x0, 0x3f, 0xde, 0x3, 0x40, 0x1f, 0xca,
    0x60, 0xbd, 0x2c, 0xad, 0x39, 0xc0, 0xd, 0x30,
    0x16, 0x9a, 0x96, 0x31, 0x30, 0x1c, 0xb5, 0x20,
    0x0, 0x9b, 0x59, 0x80,

    /* U+075E "ݞ" */
    0x0, 0x8c, 0x80, 0xc8, 0x3, 0xe2, 0xcd, 0x3c,
    0xc0, 0x7, 0xc6, 0x46, 0x42, 0x40, 0x1f, 0xe,
    0xdf, 0x56, 0x0, 0x7f, 0x68, 0x10, 0x7, 0xfa,
    0xad, 0x80, 0x3f, 0xe4, 0x0, 0xfe, 0x2a, 0xef,
    0xe6, 0x0, 0xf2, 0x6a, 0x88, 0x9, 0x80, 0x7a,
    0x40, 0xf, 0x50, 0x80, 0x1c, 0x44, 0xa, 0x85,
    0x71, 0x0, 0xfc, 0x20, 0x1f, 0xc4, 0x21, 0x2,
    0x9, 0x38, 0x1, 0xd6, 0x7, 0xdc, 0xb6, 0x33,
    0x0, 0x65, 0xa0, 0x0, 0x80, 0xb0, 0x80, 0x74,
    0x80, 0xe, 0xfa, 0x48, 0x3, 0x49, 0x84, 0x62,
    0x0, 0x78, 0x98, 0x21, 0xc0, 0x3f, 0x28, 0xb,
    0x80, 0x7f, 0x68, 0x28, 0x7, 0xf8, 0x40, 0x40,
    0x3f, 0xc4, 0x8, 0x1, 0xfe, 0xc0, 0x1b, 0x0,
    0xf8, 0x41, 0x50, 0x13, 0xa5, 0x95, 0xa7, 0x7c,
    0x1, 0x68, 0x2, 0xd3, 0x52, 0xc4, 0x26, 0x0,
    0xbb, 0x29, 0x0, 0x4, 0xda, 0xcc,

    /* U+075F "ݟ" */
    0x0, 0xcf, 0xe8, 0x1, 0xfe, 0xc0, 0x30, 0xf,
    0xf5, 0xd9, 0xc0, 0x3f, 0xcf, 0x68, 0x1, 0xfe,
    0xd0, 0x30, 0xf, 0xf5, 0xd9, 0xc0, 0x3f, 0xc2,
    0x80, 0x1f, 0xc5, 0x5d, 0xfc, 0xc0, 0x1e, 0x4d,
    0x51, 0x1, 0x30, 0xf, 0x48, 0x1, 0xea, 0x10,
    0x3, 0x88, 0x81, 0x50, 0xae, 0x20, 0x1f, 0x84,
    0x3, 0xf8, 0x84, 0x20, 0x41, 0x27, 0x0, 0x3a,
    0xc0, 0xfb, 0x96, 0xc6, 0x60, 0xc, 0xb4, 0x0,
    0x10, 0x16, 0x10, 0xe, 0x90, 0x1, 0xdf, 0x49,
    0x0, 0x69, 0x30, 0x8c, 0x40, 0xf, 0x13, 0x4,
    0x38, 0x7, 0xe5, 0x1, 0x70, 0xf, 0xed, 0x5,
    0x0, 0xff, 0x8, 0x8, 0x7, 0xf8, 0x81, 0x0,
    0x3f, 0xd8, 0x3, 0x60, 0x1f, 0x8, 0x2a, 0x2,
    0x74, 0xb2, 0xb4, 0xef, 0x80, 0x2d, 0x0, 0x5a,
    0x6a, 0x58, 0x84, 0xc0, 0x17, 0x65, 0x20, 0x0,
    0x9b, 0x59, 0x80,

    /* U+0760 "ݠ" */
    0x0, 0xff, 0xe1, 0x12, 0x98, 0x7, 0xff, 0x11,
    0xf6, 0xb2, 0xc0, 0x3f, 0xf8, 0x4b, 0x0, 0x12,
    0x40, 0x7, 0xff, 0x6, 0x1, 0xbd, 0x41, 0x80,
    0x10, 0xc2, 0x1, 0xf1, 0x10, 0x2c, 0x20, 0x4,
    0xc5, 0xe4, 0x80, 0x3e, 0x10, 0x2, 0x0, 0x66,
    0x50, 0x1, 0x80, 0x7c, 0x40, 0x9, 0xfd, 0x0,
    0x84, 0x3, 0xfc, 0x32, 0x1, 0xe1, 0x10, 0x2,
    0x40, 0x3f, 0x37, 0x65, 0xd0, 0x1, 0x50, 0x41,
    0xba, 0x9d, 0x9b, 0xce, 0xb9, 0x60, 0x62, 0x1a,
    0x20, 0x2b, 0x13, 0x3f, 0x9c, 0x43, 0xc0, 0x7,
    0xd4, 0xa4, 0x1, 0xf8, 0x91, 0xf4, 0xc0, 0x32,
    0xd6, 0xff, 0xfe, 0xdb, 0x82, 0x0, 0xff, 0xeb,
    0xe, 0xe8, 0x2f, 0x88, 0x3, 0xff, 0x82, 0x45,
    0x90, 0x58, 0x3, 0xff, 0x82, 0x75, 0x42, 0xb9,
    0x40,

    /* U+0761 "ݡ" */
    0x0, 0xff, 0xe1, 0x12, 0x98, 0x7, 0xff, 0x11,
    0xf6, 0xb2, 0xc0, 0x3f, 0xf8, 0x4b, 0x0, 0x12,
    0x40, 0x7, 0xff, 0x6, 0x1, 0xbd, 0x41, 0x80,
    0x10, 0xc2, 0x1, 0xf1, 0x10, 0x2c, 0x20, 0x4,
    0xc5, 0xe4, 0x80, 0x3e, 0x10, 0x2, 0x0, 0x66,
    0x50, 0x1, 0x80, 0x7c, 0x40, 0x9, 0xfd, 0x0,
    0x84, 0x3, 0xfc, 0x32, 0x1, 0xe1, 0x10, 0x2,
    0x40, 0x3f, 0x37, 0x65, 0xd0, 0x1, 0x50, 0x41,
    0xba, 0x9d, 0x9b, 0xce, 0xb9, 0x60, 0x62, 0x1a,
    0x20, 0x2b, 0x13, 0x3f, 0x9c, 0x43, 0xc0, 0x7,
    0xd4, 0xa4, 0x1, 0xf8, 0x91, 0xf4, 0xc0, 0x32,
    0xd6, 0xff, 0xfe, 0xdb, 0x82, 0x0, 0xff, 0xe2,
    0x90, 0x7, 0xff, 0x1a, 0x35, 0xc0, 0x3f, 0xf8,
    0xbc, 0x4, 0x1, 0xff, 0xc4, 0xda, 0xeb, 0xb0,
    0x7, 0xff, 0xc, 0x8c, 0xc2, 0xc0, 0x1f, 0xfc,
    0x3e, 0xe1, 0x6e, 0x0, 0x0,

    /* U+0762 "ݢ" */
    0x0, 0xff, 0x8e, 0x44, 0x3, 0xff, 0x89, 0xcd,
    0x60, 0x1f, 0xfc, 0x45, 0xf, 0x0, 0xff, 0xe2,
    0x47, 0xa8, 0x1, 0x8c, 0x3, 0xff, 0x86, 0xfd,
    0x30, 0x1, 0xff, 0xc1, 0x6e, 0x81, 0x1, 0x0,
    0xff, 0x8f, 0x64, 0x41, 0xb6, 0x80, 0x3f, 0xc3,
    0x84, 0xb, 0xb2, 0x40, 0x1f, 0xf2, 0x0, 0x16,
    0x88, 0x3, 0xff, 0x82, 0x86, 0xb, 0x40, 0x1e,
    0xa8, 0x20, 0xe, 0x1c, 0x50, 0x5a, 0x0, 0xc2,
    0xae, 0x20, 0x1f, 0x53, 0x2, 0xb8, 0x4, 0xa0,
    0x3, 0x0, 0xfd, 0x2a, 0x10, 0x40, 0x1, 0x0,
    0x8, 0x7, 0xf5, 0x0, 0x28, 0x0, 0x20, 0xb,
    0x0, 0xff, 0x8, 0x10, 0x1, 0x4, 0x17, 0xa9,
    0xd9, 0x54, 0xcf, 0x3a, 0x20, 0x40, 0x16, 0x10,
    0xa, 0xc4, 0xd5, 0x26, 0x18, 0x81, 0x20, 0x2,
    0x2d, 0xa5, 0x21, 0x0, 0x84, 0x91, 0xf2, 0xc0,
    0x20,

    /* U+0763 "ݣ" */
    0x0, 0xff, 0x12, 0x0, 0x7f, 0xf1, 0x7e, 0xc8,
    0x3, 0xff, 0x89, 0xe, 0xef, 0x40, 0xf, 0xfe,
    0x11, 0x89, 0x80, 0x82, 0x98, 0x7, 0xfd, 0x6c,
    0xfe, 0x7b, 0x52, 0x1, 0xff, 0x7e, 0x26, 0xc9,
    0x0, 0x80, 0x7f, 0xf0, 0x3e, 0x88, 0x17, 0x6c,
    0x3, 0xfc, 0x3a, 0x60, 0xbb, 0x44, 0x1, 0xff,
    0x20, 0x1, 0x68, 0x80, 0x3f, 0xf8, 0x28, 0x60,
    0xb2, 0x1, 0xea, 0x82, 0x0, 0xe1, 0xc4, 0x6,
    0xa0, 0xc, 0x2a, 0xe2, 0x1, 0xf5, 0xb0, 0x2b,
    0x80, 0x4a, 0x0, 0x30, 0xf, 0xd2, 0xa1, 0x4,
    0x0, 0x10, 0x0, 0x80, 0x7f, 0x50, 0x2, 0x80,
    0x2, 0x0, 0x80, 0xf, 0xf0, 0x81, 0x0, 0x10,
    0x41, 0xba, 0x9d, 0x95, 0x4c, 0xf3, 0xa2, 0x4,
    0x1, 0x61, 0x0, 0xac, 0x4d, 0x52, 0x61, 0x88,
    0x12, 0x0, 0x22, 0xda, 0x52, 0x10, 0x8, 0x49,
    0x1f, 0x2c, 0x2,

    /* U+0764 "ݤ" */
    0x0, 0xff, 0xe2, 0x29, 0x80, 0x7f, 0xf0, 0xdb,
    0x6a, 0x40, 0x3f, 0xf8, 0x2b, 0xb2, 0x40, 0x20,
    0x1f, 0xf1, 0x65, 0x10, 0x2e, 0xd8, 0x7, 0xf8,
    0x74, 0xc1, 0x76, 0x88, 0x3, 0xfe, 0x40, 0x2,
    0xd1, 0x0, 0x7f, 0xf0, 0x50, 0xc1, 0x64, 0x3,
    0xd5, 0x4, 0x1, 0xc3, 0x88, 0xd, 0x40, 0x18,
    0x55, 0xc4, 0x3, 0xeb, 0x60, 0x57, 0x0, 0x94,
    0x0, 0x60, 0x1f, 0xa5, 0x42, 0x8, 0x0, 0x20,
    0x1, 0x0, 0xfe, 0xa0, 0x5, 0x0, 0x4, 0x1,
    0x0, 0x1f, 0xe1, 0x2, 0x0, 0x20, 0x83, 0x75,
    0x3b, 0x2a, 0x99, 0xe7, 0x44, 0x8, 0x2, 0xc2,
    0x1, 0x58, 0x9a, 0xa4, 0xc3, 0x10, 0x24, 0x0,
    0x45, 0xb4, 0xa4, 0x20, 0x10, 0x92, 0x3e, 0x58,
    0x7, 0x96, 0xb7, 0xbf, 0xee, 0xdb, 0x83, 0x0,
    0xff, 0xe0, 0x10, 0x7, 0xff, 0x16, 0x75, 0x80,
    0x3f, 0xf8, 0x9c, 0x4, 0x1, 0xff, 0xc3, 0xdb,
    0xea, 0xa0, 0x7, 0xff, 0x4, 0x48, 0x86, 0x2e,
    0x1, 0xff, 0xc1, 0x1d, 0xf2, 0xdc, 0x0, 0xfc,

    /* U+0765 "ݥ" */
    0x0, 0xcd, 0xee, 0x1, 0xf6, 0x85, 0x80, 0x7d,
    0x2f, 0xe0, 0x1f, 0x14, 0x18, 0x7, 0xc6, 0xa8,
    0x1, 0xc3, 0x98, 0xab, 0xd2, 0x0, 0xb0, 0xc0,
    0x22, 0xf0, 0x3, 0x90, 0xdf, 0xc0, 0x12, 0x83,
    0xcd, 0x20, 0x39, 0x86, 0x0, 0x19, 0x8, 0xcc,
    0xc0, 0x40, 0x8, 0xed, 0xcc, 0x28, 0x8, 0x63,
    0x88, 0x7, 0x62, 0x98, 0x3f, 0x7f, 0x64, 0xbe,
    0x1, 0x40, 0x80, 0x9b, 0x9, 0x83, 0x0, 0x7c,
    0x60, 0xe0, 0x1f, 0x70, 0x10, 0x7, 0xc4, 0x2,
    0x1, 0xf2, 0x0, 0xc, 0x3, 0xc2, 0x20, 0x40,
    0xf, 0x99, 0x88, 0x1, 0xe0,

    /* U+0766 "ݦ" */
    0x0, 0x97, 0x7f, 0x9c, 0x3, 0x45, 0x10, 0xc,
    0x40, 0x0, 0x8e, 0x9, 0x24, 0xe, 0x40, 0x20,
    0x96, 0xd8, 0x0, 0x50, 0x5d, 0x90, 0x0, 0xa0,
    0x68, 0x0, 0x8a, 0x33, 0x8, 0x8, 0x2, 0x7f,
    0x73, 0xa, 0x4, 0x18, 0xc0, 0x1e, 0xc5, 0x30,
    0x7e, 0xfe, 0xca, 0x5c, 0x2, 0x81, 0x1, 0x35,
    0x3, 0x6, 0x0, 0x31, 0x80, 0x46, 0xe, 0xd,
    0x38, 0x1, 0x70, 0x10, 0x28, 0xa0, 0x4, 0x60,
    0x22, 0x3e, 0xb0, 0x9, 0x40, 0xa, 0x1, 0xe1,
    0x20, 0xc0, 0xf, 0xa2, 0xa4, 0x3, 0xc0,

    /* U+0767 "ݧ" */
    0x0, 0xf4, 0x30, 0x7, 0xfc, 0xaf, 0x24, 0x1,
    0xfe, 0x71, 0x32, 0x0, 0xff, 0x17, 0x60, 0x7,
    0xff, 0x11, 0x6c, 0x80, 0x3f, 0xc3, 0x49, 0x60,
    0x2, 0x0, 0xf8, 0x58, 0x1c, 0x1, 0xfe, 0x50,
    0xf, 0x68, 0x9, 0x91, 0x1, 0x80, 0x3c, 0x80,
    0x6, 0x70, 0x1, 0x80, 0x7f, 0x19, 0x80, 0x3f,
    0x88, 0x0, 0x46, 0x0, 0x40, 0xf, 0x58, 0x1,
    0x10, 0x0, 0xb6, 0x20, 0x1, 0xd3, 0x3, 0x80,
    0xc8, 0x2, 0x77, 0xfd, 0x8a, 0x9, 0x0, 0x6,
    0xa2, 0x0, 0xe1, 0x8b, 0x0, 0xcb, 0xba, 0xa9,
    0xac, 0xe7, 0x0, 0xf8, 0x95, 0x94, 0xc0, 0x3f,
    0x91, 0x80, 0x9c, 0x3, 0xf0, 0xdc, 0xa7, 0xc3,
    0x80, 0x7c, 0x26, 0x2c, 0x80, 0x60, 0x18,

    /* U+0768 "ݨ" */
    0x0, 0xe4, 0x10, 0xf, 0xfe, 0x4, 0x20, 0x7,
    0xff, 0x1, 0xe7, 0xf0, 0x3, 0xfc, 0xee, 0xb3,
    0x20, 0xf, 0xd2, 0x69, 0x68, 0x40, 0x1f, 0xa3,
    0x31, 0xd6, 0x1, 0xfc, 0x22, 0xdd, 0x0, 0x7f,
    0xce, 0x26, 0x40, 0x1f, 0xe5, 0x79, 0x20, 0xf,
    0xfa, 0x18, 0x2, 0x10, 0xf, 0xf8, 0x6b, 0x90,
    0x3, 0xfc, 0x2e, 0x1e, 0x0, 0x54, 0x0, 0xfa,
    0x81, 0x0, 0x17, 0x67, 0x0, 0xf2, 0x0, 0xc,
    0xc2, 0xa, 0x1, 0xe3, 0x0, 0x32, 0x80, 0x8,
    0x3, 0xf8, 0xc0, 0x3f, 0xc4, 0x0, 0x53, 0x0,
    0x20, 0x7, 0xa0, 0x4, 0xd0, 0x1, 0x6e, 0x40,
    0x3, 0xb5, 0x9, 0x1, 0x90, 0x4, 0x6f, 0xfb,
    0x10, 0x11, 0xc0, 0xd, 0x64, 0x1, 0xc3, 0x16,
    0x1, 0x93, 0x75, 0x53, 0x59, 0xce, 0x1, 0x0,

    /* U+0769 "ݩ" */
    0x0, 0xe1, 0x0, 0x10, 0x7, 0xf3, 0x60, 0x2e,
    0x0, 0x7f, 0x39, 0xb4, 0xc8, 0x3, 0xf8, 0x66,
    0x46, 0xe0, 0x1f, 0xe7, 0x48, 0x0, 0xff, 0xe0,
    0x18, 0x80, 0x7f, 0xca, 0xf2, 0x40, 0x1f, 0xe7,
    0x13, 0x20, 0xf, 0xf1, 0x76, 0x0, 0x7f, 0xf1,
    0xe, 0x84, 0x3, 0xfc, 0x38, 0xb2, 0x1, 0xfe,
    0x15, 0x6, 0x0, 0x5e, 0x20, 0x7, 0xbc, 0x4,
    0x85, 0xc, 0x3, 0xe4, 0x0, 0x3a, 0x80, 0x10,
    0x3, 0xc2, 0x0, 0x32, 0x0, 0xff, 0xe0, 0x18,
    0x4, 0x20, 0x1e, 0x50, 0x3, 0xa8, 0x2, 0x0,
    0x38, 0xac, 0xc, 0x8c, 0xc0, 0xdb, 0xc, 0xf5,
    0xa2, 0x1e, 0x0, 0xd2, 0x2, 0x79, 0x85, 0x0,
    0x51, 0x80, 0x7, 0x65, 0x4, 0x0, 0x4f, 0xca,
    0x0,

    /* U+076A "ݪ" */
    0x0, 0xff, 0x37, 0xf8, 0x3, 0xff, 0x80, 0x60,
    0x1f, 0xfc, 0x51, 0x0, 0xff, 0x84, 0x3, 0xff,
    0x80, 0x24, 0x20, 0x2, 0x10, 0xf, 0xd9, 0xb4,
    0x0, 0xcb, 0x0, 0xfd, 0x35, 0x0, 0x8, 0x90,
    0xf, 0xc8, 0xaa, 0x0, 0x21, 0x80, 0x7f, 0x8c,
    0x0, 0xe0, 0x1f, 0xfc, 0x57, 0x70, 0x80, 0x78,
    0x40, 0x2, 0x0, 0x88, 0x38, 0x7, 0xf0, 0x82,
    0x0, 0x1c, 0x3, 0xc2, 0x0, 0x70, 0x20, 0x0,
    0x80, 0x78, 0x80, 0x2, 0x1, 0xff, 0x20, 0x9,
    0x1, 0x0, 0x20, 0x3, 0x8a, 0x41, 0x80, 0x8,
    0x40, 0xf6, 0xc8, 0xb1, 0xa2, 0x29, 0x0, 0xbc,
    0x81, 0x26, 0xe9, 0xc0, 0x74, 0x40, 0x22, 0xd8,
    0x31, 0x0, 0x13, 0xf9, 0x80, 0x40,

    /* U+076B "ݫ" */
    0x0, 0xd3, 0xc6, 0x1, 0xc8, 0x2c, 0x1, 0xd9,
    0x6a, 0x1, 0xd1, 0x46, 0x1, 0xca, 0x2c, 0x1,
    0xdb, 0x6a, 0x1, 0xc2, 0x80, 0x1f, 0x19, 0x0,
    0x75, 0x64, 0x0, 0x71, 0x2, 0x88, 0x6, 0x90,
    0x3, 0x80, 0x61, 0x30, 0xf0, 0xe, 0x70, 0xf,
    0x94, 0x38, 0x3, 0x30, 0x82, 0x0, 0x4b, 0x20,
    0x86, 0x7, 0x74, 0x5, 0x40, 0xf8, 0x80, 0x78,
    0x20, 0xa0, 0x33, 0x82, 0x0, 0x2c, 0xe6, 0x0,
    0xc0,

    /* U+076C "ݬ" */
    0x0, 0xff, 0x97, 0xfc, 0x40, 0x1a, 0xd6, 0xc8,
    0x3, 0x10, 0xa1, 0x0, 0x65, 0x4f, 0xd0, 0xc,
    0xaa, 0x9e, 0x0, 0xd9, 0x4c, 0x20, 0x1e, 0x53,
    0x0, 0xec, 0xa8, 0x0, 0xeb, 0x4, 0x20, 0xc,
    0xc0, 0x4, 0x0, 0xc2, 0x61, 0xe0, 0x1c, 0xe0,
    0x1f, 0x28, 0x70, 0x6, 0x81, 0x5, 0x0, 0xa1,
    0xc1, 0x88, 0x1b, 0x5c, 0xe, 0x41, 0xe4, 0x81,
    0xb0, 0x0, 0xc0, 0x99, 0x20, 0x10, 0xf5, 0x98,
    0x6,

    /* U+076D "ݭ" */
    0x0, 0xff, 0xe2, 0x57, 0x10, 0x7, 0xff, 0x2d,
    0x5, 0x80, 0x3f, 0xf9, 0x7f, 0x88, 0x1, 0xff,
    0xcb, 0xbd, 0x20, 0xf, 0xfe, 0x5b, 0x8b, 0x0,
    0x7f, 0xf2, 0xf3, 0x8, 0x1, 0x84, 0x3, 0xff,
    0x8c, 0x26, 0x1, 0xe, 0x72, 0x80, 0x7f, 0xf2,
    0x84, 0x83, 0xc0, 0x3f, 0xe2, 0x65, 0x0, 0xcc,
    0xc2, 0x0, 0x20, 0x20, 0x7, 0xfd, 0xd3, 0xc0,
    0x1a, 0xe5, 0x0, 0x1e, 0x2, 0x0, 0x42, 0x0,
    0xfa, 0xc1, 0x0, 0x31, 0x1, 0x0, 0x18, 0x0,
    0x41, 0x5a, 0xc0, 0x1e, 0x40, 0x2, 0x0, 0x14,
    0x0, 0xc0, 0x1e, 0x21, 0x4, 0x0, 0xf1, 0x80,
    0x29, 0x99, 0x60, 0x9, 0x66, 0x78, 0x9, 0x38,
    0x0, 0x80, 0x3f, 0x86, 0x64, 0x20, 0x4, 0x99,
    0x18, 0x48, 0x18, 0x7, 0xf0, 0x80, 0x10, 0x40,
    0xab, 0xc, 0x0, 0x72, 0xe0, 0x60, 0x5, 0x0,
    0xf4, 0x80, 0x2b, 0xbf, 0x54, 0xf3, 0xfd, 0x8c,
    0x0, 0x50, 0x5, 0x38, 0x80, 0xe, 0x5c, 0x14,
    0x40, 0x3f, 0xf8, 0x34, 0x0, 0x8e, 0xff, 0x63,
    0x1, 0x58, 0x7, 0xff, 0x9, 0x70, 0xc0, 0x38,
    0x5f, 0x44, 0x3, 0xff, 0x86, 0x79, 0xd7, 0x54,
    0xce, 0x80, 0xf, 0xfe, 0x18,

    /* U+076E "ݮ" */
    0x2, 0x55, 0x21, 0x0, 0x7e, 0x4d, 0xaa, 0x5e,
    0xf4, 0x10, 0x7, 0x30, 0x7, 0xb, 0xee, 0xa6,
    0xc, 0xb, 0x3f, 0xdd, 0x92, 0x80, 0x4c, 0xe8,
    0x0, 0x30, 0x0, 0x98, 0xb0, 0x6, 0xf0, 0xe,
    0x7e, 0x82, 0x24, 0x5f, 0x40, 0x4, 0x39, 0x2,
    0x99, 0xae, 0x82, 0x1, 0xb0, 0xc2, 0xac, 0xc0,
    0x3e, 0xa2, 0xc, 0x55, 0x8, 0x7, 0x89, 0x42,
    0x8c, 0x2d, 0x40, 0x3d, 0x40, 0x4a, 0x0, 0x38,
    0xfc, 0x0, 0xc4, 0xe, 0x1, 0x1b, 0x59, 0x90,
    0x4, 0x20, 0x20, 0xb, 0x15, 0xb5, 0x20, 0x8,
    0x81, 0x4, 0x2b, 0x75, 0xd4, 0x1, 0xa8, 0x1,
    0x84, 0x24, 0x41, 0x0, 0x88, 0xd, 0x80, 0xb6,
    0xe1, 0x99, 0x17, 0xf0, 0x0, 0x98, 0x0, 0x23,
    0xcc, 0x9d, 0x1, 0x0, 0x27, 0xe8, 0x31, 0x0,
    0x12, 0xcf, 0x80,

    /* U+076F "ݯ" */
    0x2, 0x55, 0x21, 0x0, 0x7e, 0x4d, 0xaa, 0x5e,
    0xf4, 0x10, 0x7, 0x30, 0x7, 0xb, 0xee, 0xa6,
    0xc, 0xb, 0x3f, 0xdd, 0x92, 0x80, 0x4c, 0xe8,
    0x0, 0x30, 0x0, 0x98, 0xb0, 0x6, 0xf0, 0xe,
    0x7e, 0x82, 0x24, 0x5f, 0x40, 0x4, 0x39, 0x2,
    0x99, 0xae, 0x82, 0x1, 0xb0, 0xc2, 0xac, 0xc0,
    0x3e, 0xa2, 0xc, 0x57, 0x40, 0xf, 0x12, 0x85,
    0x18, 0x2, 0x39, 0x40, 0x35, 0x1, 0x28, 0x3,
    0xd6, 0xfc, 0x3, 0x10, 0x38, 0x0, 0x99, 0x26,
    0x0, 0x30, 0x80, 0x80, 0x8, 0x60, 0xd8, 0x3,
    0x10, 0x20, 0x80, 0x31, 0x71, 0x0, 0x35, 0x0,
    0x30, 0x80, 0xc0, 0xc0, 0x4, 0x60, 0x6c, 0x5,
    0xb7, 0xc, 0xc8, 0xcd, 0x80, 0x4, 0xc0, 0x1,
    0x1e, 0x64, 0xe6, 0xa, 0x1, 0x3f, 0x41, 0x88,
    0x0, 0x96, 0x7c, 0x0,

    /* U+0770 "ݰ" */
    0x0, 0xff, 0xe1, 0xb5, 0x0, 0x7f, 0xf3, 0x44,
    0x3, 0xff, 0x98, 0x6b, 0xbc, 0x60, 0x1f, 0xfc,
    0x92, 0x8, 0x2b, 0x0, 0xff, 0xe4, 0x1c, 0xd,
    0xd, 0x0, 0x7f, 0xf2, 0xc, 0xcf, 0x2c, 0x40,
    0x1f, 0xfc, 0x91, 0x0, 0x28, 0x80, 0xd7, 0x28,
    0x7, 0xff, 0x13, 0x61, 0xb8, 0x40, 0x54, 0x70,
    0x3, 0xfe, 0x15, 0x40, 0xc, 0xaa, 0x10, 0x2,
    0x82, 0x0, 0x7f, 0xdb, 0x5e, 0x1, 0xa2, 0x9c,
    0x1, 0x80, 0x40, 0x3, 0x10, 0xf, 0xac, 0x10,
    0x3, 0x10, 0x10, 0x1, 0x40, 0x4, 0x1d, 0xc6,
    0x0, 0xf2, 0x0, 0x10, 0x0, 0xa0, 0x6, 0x0,
    0xf1, 0x10, 0x10, 0x3, 0xc6, 0x0, 0xa6, 0x65,
    0x80, 0x25, 0x99, 0xe0, 0x2, 0x70, 0x1, 0x0,
    0x7f, 0xc, 0xc8, 0x40, 0x9, 0x32, 0x30, 0x80,
    0x30, 0xf, 0xe1, 0x0, 0x20, 0x81, 0x56, 0x18,
    0x0, 0xa5, 0xc0, 0xc0, 0xa, 0x1, 0xe9, 0x0,
    0x57, 0x7e, 0xa9, 0xe7, 0xfb, 0x58, 0x0, 0xa0,
    0xa, 0x71, 0x0, 0x1c, 0xb8, 0x28, 0x80, 0x7f,
    0xf0, 0x68, 0x1, 0x1d, 0xfe, 0xc6, 0x2, 0xb0,
    0xf, 0xfe, 0x12, 0xd9, 0x80, 0x70, 0xbe, 0x88,
    0x7, 0xff, 0xd, 0x33, 0xae, 0xa9, 0x9d, 0x0,
    0x1f, 0xfc, 0x30,

    /* U+0771 "ݱ" */
    0x0, 0x96, 0xc0, 0x3c, 0x2b, 0xbc, 0x80, 0x10,
    0x8a, 0x17, 0x40, 0x5, 0x41, 0x4b, 0x40, 0x2,
    0xed, 0xee, 0x18, 0x5, 0xb6, 0x9c, 0x40, 0x13,
    0x70, 0x91, 0x80, 0x54, 0xee, 0xe1, 0x0, 0xd5,
    0x90, 0x1, 0xc4, 0xa, 0x20, 0x1a, 0x40, 0xe,
    0x1, 0x84, 0xc3, 0xc0, 0x39, 0xc0, 0x3e, 0x50,
    0xe0, 0xc, 0xc2, 0x8, 0x1, 0x34, 0x82, 0x18,
    0x1d, 0xc8, 0x15, 0x3, 0xe2, 0x1, 0xe0, 0x82,
    0x81, 0x4e, 0x8, 0x0, 0xb3, 0x58, 0x3, 0x0,

    /* U+0772 "ݲ" */
    0x0, 0xc7, 0xe0, 0x1f, 0xfc, 0xc1, 0xd, 0xfd,
    0x10, 0xf, 0x9c, 0x12, 0x49, 0x40, 0x3c, 0x34,
    0xd, 0x28, 0x80, 0xf, 0xe, 0xe6, 0x3a, 0xc0,
    0x3f, 0x11, 0x98, 0x40, 0x3c, 0x4a, 0xa4, 0x10,
    0xf, 0x93, 0x6a, 0x97, 0xd8, 0xc2, 0x1, 0x98,
    0x3, 0x8e, 0x7a, 0xe1, 0xc0, 0xb3, 0xfd, 0xd6,
    0xe4, 0x8, 0xf0, 0x0, 0x30, 0x0, 0xb0, 0x98,
    0x6, 0x10, 0x8, 0x67, 0x58, 0x52, 0x77, 0xc4,
    0x0, 0x5e, 0xc0, 0xdb, 0x6c, 0x40, 0x10, 0xe0,
    0x8b, 0x24, 0x80, 0x3d, 0x42, 0x2c, 0x30, 0xf,
    0x8d, 0x2, 0xc8, 0x3, 0xf5, 0x81, 0x28, 0x7,
    0xf1, 0x3, 0x80, 0x7f, 0x84, 0x4, 0x3, 0xfc,
    0x40, 0x80, 0x1f, 0xed, 0x0, 0x58, 0x80, 0x78,
    0x41, 0x14, 0x13, 0xa9, 0xd9, 0x91, 0x9c, 0x61,
    0x4a, 0x0, 0x58, 0x99, 0x39, 0x85, 0x80, 0x2b,
    0x18, 0x80, 0x23, 0x6b, 0x80,

    /* U+0773 "ݳ" */
    0x3, 0x10, 0x30, 0xb, 0x19, 0x9a, 0x1, 0x14,
    0x4b, 0x0, 0x4c, 0x79, 0x0, 0x10, 0xb9, 0x80,
    0x68, 0x92, 0xff, 0x18, 0x11, 0xc, 0x3, 0xf9,
    0xc0, 0x21, 0x0, 0xfe, 0x10, 0xf, 0xfe, 0x9,
    0x80, 0x7f, 0xc2, 0x1, 0xf8, 0x40, 0x31, 0x80,
    0x7e, 0xf0, 0xc, 0x20, 0x1f, 0x84, 0x3, 0x4b,
    0xe8,

    /* U+0774 "ݴ" */
    0x6, 0x15, 0x39, 0x0, 0x4b, 0x5a, 0xb0, 0x0,
    0xa0, 0x64, 0x80, 0xc, 0x9d, 0xba, 0x0, 0x8,
    0x9, 0x0, 0x51, 0x25, 0xfe, 0x30, 0x22, 0x18,
    0x7, 0xf3, 0x80, 0x42, 0x1, 0xfc, 0x20, 0x1f,
    0xfc, 0x13, 0x0, 0xff, 0x84, 0x3, 0xf0, 0x80,
    0x63, 0x0, 0xfd, 0xe0, 0x18, 0x40, 0x3f, 0x8,
    0x6, 0x97, 0xd0,

    /* U+0775 "ݵ" */
    0x0, 0x88, 0x80, 0x60, 0x1f, 0xfc, 0xf, 0x84,
    0xc1, 0x0, 0xff, 0x99, 0x6d, 0x44, 0x0, 0x99,
    0xfe, 0xb2, 0x0, 0x88, 0x99, 0x40, 0x8, 0xb3,
    0x0, 0x23, 0x80, 0x42, 0x6, 0x0, 0x67, 0x4,
    0xaa, 0x32, 0x80, 0x51, 0x80, 0x14, 0x3, 0xda,
    0xaa, 0x40, 0x38, 0x40, 0x8, 0x21, 0x0, 0x1e,
    0xbc, 0x40, 0x8, 0x40, 0xe, 0x1, 0xc2, 0x86,
    0x1, 0x94, 0x82, 0x39, 0xc4, 0x0, 0xa0, 0x4,
    0x0, 0xd8, 0xc0, 0x31, 0xc8, 0x4, 0x1, 0xf0,
    0xcf, 0x40, 0x2, 0x0, 0x30, 0x80, 0x78, 0x5c,
    0x81, 0xc1, 0x40, 0x14, 0x1, 0xe1, 0xa2, 0xf,
    0x3, 0x30, 0x27, 0x4b, 0x2b, 0xd7, 0x28, 0x3a,
    0x0, 0x34, 0xc0, 0x5a, 0x6a, 0x14, 0x6, 0x60,
    0x2, 0x1c, 0xa4, 0x10, 0x0, 0xa4, 0xf3, 0x0,
    0x40,

    /* U+0776 "ݶ" */
    0x0, 0x94, 0xd0, 0xe8, 0x3, 0xfe, 0x9a, 0xf5,
    0x51, 0x80, 0x7f, 0x99, 0x89, 0x22, 0x40, 0x99,
    0xfe, 0xb3, 0x0, 0x8c, 0xbb, 0xa1, 0x8b, 0x30,
    0x2, 0x38, 0x4, 0x20, 0x22, 0x6, 0x70, 0x4a,
    0xa3, 0x20, 0x5, 0x18, 0x1, 0x40, 0x3d, 0xaa,
    0xa4, 0x3, 0x84, 0x0, 0x82, 0x10, 0x1, 0xeb,
    0xc4, 0x0, 0x84, 0x0, 0xe0, 0x1c, 0x28, 0x60,
    0x19, 0x48, 0x23, 0x9c, 0x40, 0xa, 0x0, 0x40,
    0xd, 0x8c, 0x3, 0x1c, 0x80, 0x40, 0x1f, 0xc,
    0xf4, 0x0, 0x20, 0x3, 0x8, 0x7, 0x85, 0xc8,
    0x1c, 0x14, 0x1, 0x40, 0x1e, 0x1a, 0x20, 0xf0,
    0x33, 0x2, 0x74, 0xb2, 0xbd, 0x72, 0x83, 0xa0,
    0x3, 0x4c, 0x5, 0xa6, 0xa1, 0x40, 0x66, 0x0,
    0x21, 0xca, 0x41, 0x0, 0xa, 0x4f, 0x30, 0x4,

    /* U+0777 "ݷ" */
    0x0, 0xff, 0x26, 0x7f, 0xac, 0xc0, 0x3f, 0xa2,
    0xcc, 0x0, 0x8e, 0x1, 0xf9, 0x9c, 0x12, 0xa8,
    0xc8, 0x1, 0xfa, 0x1, 0xed, 0x55, 0x20, 0x1f,
    0x90, 0x42, 0x0, 0x3d, 0x78, 0x80, 0x10, 0x80,
    0x1c, 0x3, 0x85, 0xc, 0x3, 0x29, 0x4, 0x73,
    0x88, 0x1, 0x40, 0x8, 0x1, 0xb1, 0x80, 0x63,
    0x90, 0x8, 0x3, 0xe1, 0x9e, 0x80, 0x4, 0x0,
    0x61, 0x0, 0xf0, 0xb9, 0x3, 0x82, 0x80, 0x28,
    0x3, 0xc3, 0x44, 0x1e, 0x6, 0x60, 0x4e, 0x96,
    0x57, 0xae, 0x50, 0x74, 0x0, 0x69, 0x80, 0xb4,
    0xd4, 0x28, 0xc, 0xc0, 0x4, 0x39, 0x48, 0x20,
    0x1, 0x49, 0xe6, 0x0, 0xf2, 0xdf, 0x7f, 0xd4,
    0xc0, 0x1f, 0xf6, 0xfe, 0xd8, 0x7, 0xfc, 0x64,
    0xe7, 0xe0, 0x1f, 0xf1, 0x6, 0xd2, 0x80, 0x7f,
    0xc2, 0x5a, 0xa0, 0x1f, 0xfc, 0x15, 0xf0, 0xf,
    0xc0,

    /* U+0778 "ݸ" */
    0x2, 0x10, 0x30, 0xe, 0xd9, 0x6c, 0x0, 0xe3,
    0x79, 0x60, 0xe, 0x63, 0xc9, 0x0, 0xe3, 0x3,
    0x0, 0xf4, 0xe9, 0x33, 0x4, 0x3, 0x26, 0xcc,
    0xbc, 0x80, 0x5, 0x40, 0x10, 0xf8, 0x2, 0xc0,
    0xba, 0x40, 0x90, 0x1c, 0x2c, 0x58, 0x43, 0x0,
    0x2a, 0x55, 0x0, 0x4, 0x10, 0xe, 0xa8, 0x20,
    0x15, 0x30, 0x80, 0x80, 0x3c, 0x1, 0x3d, 0xe8,
    0x0, 0x70, 0x1, 0xbe, 0xa8, 0x40, 0x9f, 0xe4,
    0x10, 0x3b, 0x80, 0x80, 0x24, 0xb8, 0x0, 0xc,
    0xdf, 0x5a, 0x0, 0x40,

    /* U+0779 "ݹ" */
    0x6, 0x25, 0x39, 0x0, 0xd1, 0x50, 0xac, 0x20,
    0x11, 0x39, 0x48, 0x88, 0x2, 0x63, 0xed, 0xf0,
    0xc, 0x60, 0x24, 0x20, 0x1a, 0x70, 0x99, 0x82,
    0x1, 0x97, 0x66, 0x5e, 0x40, 0x2, 0xa0, 0x8,
    0x7c, 0x1, 0x60, 0x5d, 0x20, 0x48, 0xe, 0x16,
    0x2c, 0x21, 0x80, 0x15, 0x2a, 0x80, 0x2, 0x8,
    0x7, 0x54, 0x10, 0xa, 0x98, 0x40, 0x40, 0x1e,
    0x0, 0x9e, 0xf4, 0x0, 0x38, 0x0, 0xdf, 0x54,
    0x20, 0x4f, 0xf2, 0x8, 0x1d, 0xc0, 0x40, 0x12,
    0x5c, 0x0, 0x6, 0x6f, 0xad, 0x0, 0x20,

    /* U+077A "ݺ" */
    0x1, 0x30, 0x30, 0xf, 0xfe, 0x1b, 0x60, 0xf3,
    0x0, 0x7f, 0xf0, 0x88, 0x38, 0xdc, 0x3, 0xff,
    0x84, 0xc1, 0x3e, 0x20, 0x1f, 0xfc, 0x21, 0x5,
    0x10, 0xf, 0xfe, 0x19, 0x59, 0x8e, 0x7e, 0x8,
    0x7, 0xff, 0x1, 0x3, 0x4c, 0xf, 0x0, 0x3f,
    0xf8, 0x32, 0x61, 0x40, 0x4e, 0x1, 0xff, 0x43,
    0x4, 0xab, 0x4, 0x80, 0x7f, 0x9d, 0xc0, 0xec,
    0x16, 0x32, 0x1, 0xfc, 0x70, 0x13, 0x0, 0x2,
    0xe7, 0x0, 0xfe, 0x50, 0x2, 0x0, 0x7f, 0xf0,
    0xd4, 0x1, 0xb9, 0x50, 0xec, 0xde, 0x78, 0xad,
    0x23, 0x90, 0x1, 0xab, 0xc4, 0xcf, 0xa1, 0xd4,
    0x88, 0xd, 0xd2, 0xa6, 0x20, 0x1f, 0x9, 0xac,
    0x80,

    /* U+077B "ݻ" */
    0x2, 0x51, 0x56, 0x40, 0xf, 0xfe, 0xa, 0xd3,
    0xce, 0x60, 0x3, 0xff, 0x82, 0x41, 0x26, 0xba,
    0x1, 0xff, 0xc1, 0x60, 0xae, 0xd5, 0x0, 0xff,
    0xe0, 0x88, 0x30, 0x91, 0x0, 0x3f, 0xf8, 0x25,
    0xa6, 0x5b, 0xae, 0x30, 0xf, 0xfe, 0x1, 0x7,
    0x90, 0xe, 0x80, 0x7f, 0xf0, 0x68, 0x82, 0xc0,
    0x5c, 0x3, 0xfe, 0x95, 0xa, 0x47, 0x9, 0x0,
    0xff, 0x43, 0x4, 0x28, 0x49, 0x40, 0x7, 0xf1,
    0xb8, 0x53, 0x80, 0x7, 0x58, 0x3, 0xf9, 0x40,
    0xc, 0x1, 0xff, 0xc3, 0x50, 0x6, 0x6d, 0x43,
    0xb3, 0x79, 0xe2, 0xb4, 0x8e, 0x40, 0x4, 0xaf,
    0x13, 0x3e, 0x87, 0x52, 0x20, 0x37, 0x4b, 0x18,
    0x80, 0x7c, 0x26, 0xb2, 0x0,

    /* U+077C "ݼ" */
    0x2, 0x55, 0x21, 0x0, 0x7e, 0x4d, 0xaa, 0x5e,
    0xf4, 0x10, 0x7, 0x30, 0x7, 0xb, 0xee, 0xa6,
    0xc, 0xb, 0x3f, 0xdd, 0x92, 0x80, 0x4c, 0xe8,
    0x0, 0x30, 0x0, 0x98, 0xb0, 0x6, 0xf0, 0xe,
    0x7e, 0x82, 0x24, 0x5f, 0x40, 0x4, 0x39, 0x2,
    0x99, 0xae, 0x82, 0x1, 0xb0, 0xc2, 0xac, 0xc0,
    0x3e, 0xa2, 0xc, 0x52, 0x43, 0x40, 0xc, 0x4a,
    0x14, 0x65, 0xb7, 0x86, 0x1, 0xa8, 0x9, 0x41,
    0x82, 0x81, 0x40, 0x31, 0x3, 0x80, 0x14, 0x1,
    0xc4, 0x1, 0x84, 0x4, 0x0, 0x22, 0x21, 0x0,
    0xe2, 0x4, 0x10, 0x4, 0x18, 0x7, 0xa8, 0x1,
    0x84, 0xc, 0x80, 0x18, 0x40, 0xd8, 0xb, 0x6e,
    0x19, 0x8f, 0x7f, 0x60, 0x9, 0x80, 0x2, 0x3c,
    0xca, 0x10, 0x10, 0x2, 0x7e, 0x83, 0x10, 0x1,
    0x2c, 0xf8, 0x0,

    /* U+077D "ݽ" */
    0x0, 0xff, 0xe3, 0x8, 0x7, 0xff, 0x28, 0x77,
    0xb6, 0x40, 0x3f, 0xf9, 0x28, 0x4e, 0x74, 0x1,
    0xff, 0xc9, 0x60, 0xa9, 0x30, 0xf, 0xfe, 0x49,
    0x82, 0xb0, 0x7, 0xff, 0x2d, 0x4, 0x3, 0xff,
    0x99, 0x6e, 0x1, 0xc6, 0x20, 0x1f, 0xfc, 0xa1,
    0xec, 0x70, 0xf, 0xfe, 0x50, 0x80, 0x30, 0x3,
    0xfe, 0x38, 0x60, 0xc, 0xee, 0x20, 0x3, 0x82,
    0x0, 0x7f, 0xd0, 0xfa, 0x1, 0xaa, 0x10, 0x1,
    0x80, 0x22, 0x4, 0x20, 0xf, 0xb0, 0x10, 0x3,
    0x10, 0x10, 0x1, 0x80, 0x6, 0x15, 0xac, 0x1,
    0xe4, 0x0, 0x20, 0x1, 0x40, 0xe, 0x1, 0xe3,
    0x10, 0x40, 0xf, 0x18, 0x2, 0x99, 0x96, 0x0,
    0x86, 0x67, 0x80, 0x93, 0x0, 0x8, 0x3, 0xf8,
    0x66, 0x42, 0x0, 0x49, 0x91, 0x84, 0x81, 0x80,
    0x7f, 0x8, 0x1, 0x4, 0xa, 0xb0, 0xc0, 0x7,
    0x2e, 0x6, 0x0, 0x50, 0xf, 0x48, 0x2, 0xbb,
    0xf5, 0x4f, 0x3f, 0xd8, 0xc0, 0x5, 0x10, 0xa7,
    0x10, 0x1, 0xcb, 0x82, 0x88, 0x7, 0xff, 0x6,
    0xc0, 0x11, 0xdf, 0xec, 0x60, 0x2b, 0x0, 0xff,
    0xe1, 0x2e, 0x18, 0x7, 0xb, 0xe8, 0x80, 0x7f,
    0xf0, 0xcf, 0x3a, 0xea, 0x99, 0xd0, 0x1, 0xff,
    0xc3,

    /* U+077E "ݾ" */
    0x0, 0xff, 0xe2, 0x4d, 0x0, 0x7f, 0xf2, 0xcd,
    0x95, 0x40, 0x1f, 0xfc, 0xa9, 0x66, 0x40, 0x7,
    0xff, 0x24, 0x56, 0xe0, 0xd0, 0x3, 0xff, 0x90,
    0x3c, 0x43, 0xe8, 0x1, 0xff, 0xc9, 0x10, 0x0,
    0x80, 0x6, 0x35, 0x0, 0x3f, 0xf9, 0x42, 0xe5,
    0xa0, 0x1f, 0xfc, 0x4, 0x30, 0xc, 0x88, 0x0,
    0x94, 0x10, 0x3, 0xfe, 0xcb, 0x80, 0xd, 0x36,
    0xc0, 0xc, 0x2, 0x0, 0x18, 0x80, 0x7d, 0x60,
    0xa0, 0x18, 0x80, 0x80, 0xa, 0x0, 0x20, 0xee,
    0x30, 0x7, 0x90, 0x5, 0x0, 0x8, 0x0, 0x60,
    0xf, 0x11, 0x1, 0x40, 0x3c, 0x60, 0xa, 0x66,
    0x50, 0x2, 0x59, 0x9e, 0x0, 0x27, 0x0, 0x18,
    0x7, 0xf0, 0xcc, 0x84, 0x0, 0x93, 0x23, 0x8,
    0x3, 0x0, 0xfe, 0x10, 0x2, 0x8, 0x15, 0x61,
    0x80, 0xa, 0x5c, 0xc, 0x0, 0xa0, 0x1e, 0x60,
    0x5, 0x77, 0xea, 0x9e, 0x7f, 0xb5, 0x80, 0x8,
    0x0, 0xa7, 0x10, 0x1, 0xcc, 0x2, 0x88, 0x7,
    0xff, 0x0, 0x68, 0x1, 0x1d, 0xfe, 0xc6, 0x2,
    0xb0, 0xf, 0xfe, 0x12, 0xd9, 0x80, 0x70, 0xbe,
    0x88, 0x7, 0xff, 0xd, 0x33, 0xae, 0xa9, 0x9d,
    0x0, 0x1f, 0xfc, 0x30,

    /* U+077F "ݿ" */
    0x0, 0xf1, 0xf5, 0xe, 0xe0, 0x7, 0xff, 0x1,
    0x45, 0x48, 0x86, 0x41, 0x3f, 0x60, 0x1f, 0x34,
    0xe1, 0xd5, 0x8, 0x2, 0x70, 0xf, 0xcc, 0x60,
    0xaa, 0x0, 0x8, 0x8, 0x7, 0xf9, 0xa8, 0x2,
    0xf0, 0x30, 0xf, 0xea, 0x95, 0x10, 0xf, 0xfe,
    0x9, 0x28, 0xf0, 0x80, 0x4, 0x4, 0x3, 0xf1,
    0x10, 0x54, 0x2, 0x30, 0xd, 0x2e, 0x20, 0x1b,
    0x2, 0x80, 0x21, 0x0, 0x85, 0xa0, 0x80, 0x27,
    0xd0, 0xf, 0xc2, 0xa0, 0x3, 0x0, 0xa8, 0xcd,
    0xa0, 0x13, 0x80, 0xc, 0x40, 0x3d, 0xdc, 0xc3,
    0x0, 0x9c, 0x2, 0x10, 0x4, 0x80, 0x46, 0x20,
    0x1d, 0xc0, 0x2, 0x41, 0x6, 0xea, 0x76, 0x55,
    0x33, 0xce, 0xa8, 0x28, 0x3, 0x48, 0x5, 0x62,
    0x6a, 0x93, 0xc, 0x40, 0x76, 0x0, 0x3d, 0xa5,
    0x21, 0x0, 0xc4, 0x8f, 0x78, 0x20,

    /* U+FB50 "ﭐ" */
    0x0, 0xff, 0x47, 0xf2, 0x0, 0x1d, 0xa9, 0x7c,
    0xe, 0x20, 0xa2, 0x7, 0x81, 0x3e, 0x90, 0x7d,
    0xb9, 0xbc, 0x60, 0x26, 0x44, 0x0, 0xd5, 0xd4,
    0x1, 0x84, 0x3, 0xf0, 0x80, 0x63, 0x0, 0xfc,
    0xe0, 0x1f, 0xf0, 0x80, 0x80, 0x7f, 0xde, 0x6,
    0x1, 0xff, 0x8, 0x7, 0xe1, 0x0, 0xfe,

    /* U+FB51 "ﭑ" */
    0x0, 0xff, 0x8f, 0x7e, 0x40, 0x30, 0xea, 0x53,
    0x10, 0x0, 0xac, 0xa4, 0x40, 0x37, 0x29, 0xfd,
    0xb9, 0x0, 0x33, 0x73, 0x7e, 0x0, 0x31, 0x46,
    0xd0, 0x7, 0x84, 0x4, 0x3, 0xff, 0x86, 0x60,
    0xe0, 0x1e, 0x10, 0x10, 0xf, 0xfe, 0x1f, 0x81,
    0x80, 0x7e, 0x10, 0xf, 0x8, 0x7, 0xe3, 0x0,
    0xff, 0x84, 0x3, 0x84, 0x0, 0x40, 0x1c, 0xc0,
    0xf, 0x65, 0x0, 0x88, 0x80, 0x73, 0x4e, 0x1,
    0x62, 0x88, 0x0, 0xc0,

    /* U+FB52 "ﭒ" */
    0x0, 0xff, 0xe2, 0x3e, 0x30, 0x2, 0xa0, 0x80,
    0x3f, 0xf8, 0x18, 0x7a, 0x2, 0xae, 0x20, 0x1f,
    0xfc, 0xd, 0x4, 0x5, 0x0, 0x18, 0x7, 0xff,
    0x1, 0x40, 0x4, 0x20, 0x1, 0x0, 0xff, 0xe0,
    0x10, 0x0, 0x44, 0x0, 0x80, 0xf, 0xfe, 0x4,
    0x0, 0x9, 0x4, 0x1b, 0xa9, 0xd9, 0x54, 0xcc,
    0x79, 0xcf, 0x60, 0x51, 0xc, 0x20, 0x15, 0x89,
    0xaa, 0x4c, 0xa1, 0x8c, 0x0, 0xd4, 0x0, 0x2d,
    0xa5, 0x21, 0x0, 0xc2, 0x48, 0xd3, 0xd2, 0x1,
    0xcb, 0x5b, 0xdf, 0xfb, 0xb6, 0xe5, 0x84, 0x3,
    0xff, 0xa6, 0x3b, 0x80, 0x1f, 0xfc, 0x53, 0x23,
    0x0, 0xff, 0xe2, 0x96, 0x68, 0x7, 0xff, 0x14,
    0x7b, 0x80, 0x1f, 0xfc, 0x53, 0x23, 0x0, 0xff,
    0xe2, 0x96, 0x68, 0x7, 0xf0,

    /* U+FB53 "ﭓ" */
    0x5, 0x30, 0xf, 0xfe, 0x55, 0x62, 0x0, 0x7f,
    0xf2, 0xc, 0x0, 0x80, 0x1f, 0xfc, 0x11, 0xb6,
    0x0, 0xcc, 0x1, 0xff, 0xc3, 0x2c, 0x49, 0x20,
    0x8, 0x40, 0x10, 0x1, 0xfe, 0x29, 0xd2, 0x0,
    0x18, 0x4, 0x82, 0xf, 0xd2, 0xec, 0xac, 0xc8,
    0xad, 0xd3, 0x0, 0x6d, 0x75, 0x20, 0xd1, 0x1,
    0x68, 0x9a, 0x99, 0x3a, 0x90, 0x1, 0xb6, 0x0,
    0xe2, 0xb8, 0xf, 0xa5, 0x48, 0x3, 0x9, 0x23,
    0xdf, 0xc9, 0x3d, 0x18, 0x1, 0x0, 0x26, 0xad,
    0xff, 0xdd, 0xb7, 0x8, 0x1, 0x97, 0x3f, 0xd0,
    0x1, 0xff, 0xd4, 0x3f, 0x80, 0xf, 0xfe, 0x4a,
    0x82, 0x0, 0x7f, 0xf2, 0x5a, 0xf4, 0x3, 0xff,
    0x92, 0x77, 0x0, 0x1f, 0xfc, 0x96, 0x5, 0x0,
    0xff, 0xe4, 0xad, 0xe8, 0x7, 0xff, 0x4,

    /* U+FB54 "ﭔ" */
    0x0, 0xf1, 0x4f, 0x8, 0x1, 0x85, 0xc0, 0x88,
    0x18, 0x0, 0x50, 0x70, 0x7, 0x1, 0x0, 0x72,
    0x3c, 0x1, 0xcc, 0x8, 0x41, 0xa, 0x62, 0x7f,
    0x59, 0x80, 0x5, 0x0, 0x2a, 0xb6, 0x0, 0x18,
    0x10, 0x2, 0x3d, 0x0, 0xf, 0xe8, 0x0, 0xd0,
    0x30, 0x5, 0x5b, 0x80,

    /* U+FB55 "ﭕ" */
    0x0, 0x9d, 0x0, 0x3c, 0x51, 0x64, 0x1, 0xce,
    0x0, 0x20, 0xe, 0xf0, 0xf, 0x24, 0x28, 0x2,
    0xd9, 0x46, 0x5c, 0x4, 0x12, 0x6a, 0xc8, 0x5b,
    0xe4, 0x80, 0x19, 0xfd, 0x22, 0xdb, 0xfe, 0x60,
    0x9, 0x0, 0x3e, 0x8b, 0x90, 0xf, 0x68, 0x78,
    0x7, 0x97, 0xd8, 0x3, 0xcb, 0xec, 0x1, 0xed,
    0xf, 0x0, 0xf4, 0x5c, 0x80, 0x60,

    /* U+FB56 "ﭖ" */
    0x0, 0xff, 0xe2, 0x3e, 0x30, 0x2, 0xa0, 0x80,
    0x3f, 0xf8, 0x18, 0x7a, 0x2, 0xae, 0x20, 0x1f,
    0xfc, 0xd, 0x4, 0x5, 0x0, 0x18, 0x7, 0xff,
    0x1, 0x40, 0x4, 0x20, 0x1, 0x0, 0xff, 0xe0,
    0x10, 0x0, 0x44, 0x0, 0x80, 0xf, 0xfe, 0x4,
    0x0, 0x9, 0x4, 0x1b, 0xa9, 0xd9, 0x54, 0xcc,
    0x79, 0xcf, 0x60, 0x51, 0xc, 0x20, 0x15, 0x89,
    0xaa, 0x4c, 0xa1, 0x8c, 0x0, 0xd4, 0x0, 0x2d,
    0xa5, 0x21, 0x0, 0xc2, 0x48, 0xd3, 0xd2, 0x1,
    0xcb, 0x5b, 0xdf, 0xfb, 0xb6, 0xe5, 0x84, 0x3,
    0xfe, 0x20, 0x1, 0x0, 0x7f, 0xf0, 0xe3, 0x5a,
    0xb5, 0x0, 0x3f, 0xf8, 0x5c, 0x4, 0x40, 0x70,
    0xf, 0xfe, 0x13, 0x75, 0x1f, 0x98, 0x7, 0xff,
    0xc, 0xc5, 0x80, 0x3f, 0xf8, 0xa5, 0xb8, 0x1,
    0xfc,

    /* U+FB57 "ﭗ" */
    0x5, 0x30, 0xf, 0xfe, 0x55, 0x62, 0x0, 0x7f,
    0xf2, 0xc, 0x0, 0x80, 0x1f, 0xfc, 0x11, 0xb6,
    0x0, 0xcc, 0x1, 0xff, 0xc3, 0x2c, 0x49, 0x20,
    0x8, 0x40, 0x10, 0x1, 0xfe, 0x29, 0xd2, 0x0,
    0x18, 0x4, 0x82, 0xf, 0xd2, 0xec, 0xac, 0xc8,
    0xad, 0xd3, 0x0, 0x6d, 0x75, 0x20, 0xd1, 0x1,
    0x68, 0x9a, 0x99, 0x3a, 0x90, 0x1, 0xb6, 0x0,
    0xe2, 0xb8, 0xf, 0xa5, 0x48, 0x3, 0x9, 0x23,
    0xdf, 0xc9, 0x3d, 0x18, 0x1, 0x0, 0x26, 0xad,
    0xff, 0xdd, 0xb7, 0x8, 0x1, 0x97, 0x3f, 0xd0,
    0x1, 0xf8, 0x80, 0x44, 0x1, 0xff, 0xc7, 0xcd,
    0x2f, 0xe1, 0x0, 0xff, 0xe3, 0x30, 0x9a, 0x90,
    0x80, 0x7f, 0xf1, 0xaa, 0x9d, 0x9a, 0x1, 0xff,
    0xc8, 0x10, 0xe0, 0xf, 0xfe, 0x4a, 0xec, 0x80,
    0x7f, 0xf0, 0x40,

    /* U+FB58 "ﭘ" */
    0x0, 0xfc, 0xb7, 0x40, 0x16, 0x22, 0x80, 0x5a,
    0x0, 0x30, 0x2, 0x0, 0x14, 0x2, 0x20, 0x10,
    0xf, 0x23, 0x51, 0x1, 0xcc, 0x94, 0xd, 0x8,
    0x4e, 0x30, 0x3f, 0xb1, 0xc0, 0x22, 0x0, 0x10,
    0x56, 0xa6, 0x69, 0x90, 0x3b, 0x9, 0x46, 0xe8,
    0xf8, 0x40, 0x44, 0x40, 0x11, 0xed, 0x80, 0x0,

    /* U+FB59 "ﭙ" */
    0x0, 0x91, 0x48, 0x3, 0xef, 0xaa, 0x0, 0x7c,
    0x81, 0xa0, 0x1e, 0x50, 0xf, 0x92, 0x28, 0x1,
    0x70, 0xc8, 0x12, 0xe0, 0x1, 0x13, 0xcd, 0x99,
    0xa, 0x66, 0x14, 0x40, 0x89, 0xfd, 0x66, 0x55,
    0xdf, 0xa2, 0x0, 0x20, 0x11, 0x0, 0x76, 0x69,
    0xe7, 0x8, 0x6, 0x61, 0x13, 0x8, 0x7, 0x56,
    0xeb, 0x38, 0x40, 0x39, 0x83, 0x80, 0x3e, 0x5d,
    0x90, 0xe,

    /* U+FB5A "ﭚ" */
    0x0, 0xff, 0xe2, 0x3e, 0x30, 0x2, 0xa0, 0x80,
    0x3f, 0xf8, 0x18, 0x7a, 0x2, 0xae, 0x20, 0x1f,
    0xfc, 0xd, 0x4, 0x5, 0x0, 0x18, 0x7, 0xff,
    0x1, 0x40, 0x4, 0x20, 0x1, 0x0, 0xff, 0xe0,
    0x10, 0x0, 0x44, 0x0, 0x80, 0xf, 0xfe, 0x4,
    0x0, 0x9, 0x4, 0x1b, 0xa9, 0xd9, 0x54, 0xcc,
    0x79, 0xcf, 0x60, 0x51, 0xc, 0x20, 0x15, 0x89,
    0xaa, 0x4c, 0xa1, 0x8c, 0x0, 0xd4, 0x0, 0x2d,
    0xa5, 0x21, 0x0, 0xc2, 0x48, 0xd3, 0xd2, 0x1,
    0xcb, 0x5b, 0xdf, 0xfb, 0xb6, 0xe5, 0x84, 0x3,
    0xfe, 0x20, 0x1, 0x0, 0x7f, 0xf0, 0xdb, 0x62,
    0x1a, 0xc0, 0x1f, 0xfc, 0x22, 0xe, 0xe0, 0x10,
    0x7, 0xff, 0x9, 0x35, 0x99, 0xa8, 0x1, 0xff,
    0xc2, 0x6d, 0x88, 0x6b, 0x0, 0x7f, 0xf0, 0x88,
    0x3b, 0x80, 0x40, 0x1f, 0x0,

    /* U+FB5B "ﭛ" */
    0x5, 0x30, 0xf, 0xfe, 0x55, 0x62, 0x0, 0x7f,
    0xf2, 0xc, 0x0, 0x80, 0x1f, 0xfc, 0x11, 0xb6,
    0x0, 0xcc, 0x1, 0xff, 0xc3, 0x2c, 0x49, 0x20,
    0x8, 0x40, 0x10, 0x1, 0xfe, 0x29, 0xd2, 0x0,
    0x18, 0x4, 0x82, 0xf, 0xd2, 0xec, 0xac, 0xc8,
    0xad, 0xd3, 0x0, 0x6d, 0x75, 0x20, 0xd1, 0x1,
    0x68, 0x9a, 0x99, 0x3a, 0x90, 0x1, 0xb6, 0x0,
    0xe2, 0xb8, 0xf, 0xa5, 0x48, 0x3, 0x9, 0x23,
    0xdf, 0xc9, 0x3d, 0x18, 0x1, 0x0, 0x26, 0xad,
    0xff, 0xdd, 0xb7, 0x8, 0x1, 0x97, 0x3f, 0xd0,
    0x1, 0xf8, 0x80, 0x2, 0x1, 0xff, 0xc7, 0xad,
    0x4b, 0xe2, 0x0, 0xff, 0xe3, 0x10, 0x38, 0x88,
    0xc0, 0x3f, 0xf8, 0xd1, 0xa7, 0x5e, 0x20, 0x1f,
    0xfc, 0x6a, 0xd4, 0xce, 0x20, 0xf, 0xfe, 0x31,
    0x3, 0xb0, 0x98, 0x7, 0xfc,

    /* U+FB5C "ﭜ" */
    0x0, 0xfc, 0xb7, 0x40, 0x16, 0x22, 0x80, 0x5a,
    0x0, 0x30, 0x2, 0x0, 0x14, 0x2, 0x20, 0x10,
    0xf, 0x23, 0x51, 0x1, 0xcc, 0x94, 0xd, 0x8,
    0x4e, 0x30, 0x3f, 0xb1, 0xc0, 0x22, 0x0, 0x10,
    0x46, 0xb5, 0x6a, 0x70, 0x11, 0x1, 0xdb, 0x52,
    0x34, 0xe3, 0x5a, 0xb5, 0x38, 0x8, 0x80, 0xe0,

    /* U+FB5D "ﭝ" */
    0x0, 0x91, 0x48, 0x3, 0xef, 0xaa, 0x0, 0x7c,
    0x81, 0xa0, 0x1e, 0x50, 0xf, 0x92, 0x28, 0x1,
    0x70, 0xc8, 0x12, 0xe0, 0x1, 0x13, 0xcd, 0x99,
    0xa, 0x66, 0x14, 0x40, 0x89, 0xfd, 0x66, 0x55,
    0xdf, 0xa2, 0x0, 0x20, 0x0, 0x80, 0x74, 0xea,
    0x5f, 0x10, 0x6, 0xe0, 0x72, 0x10, 0xe, 0x7d,
    0x39, 0xf2, 0x0, 0xd3, 0xa9, 0x7c, 0x40, 0x1b,
    0x81, 0xc8, 0x4c, 0x2,

    /* U+FB5E "ﭞ" */
    0x0, 0xfe, 0x32, 0x0, 0xff, 0xe2, 0x96, 0x68,
    0x7, 0xff, 0x14, 0xc8, 0xc0, 0x3f, 0xf8, 0xa3,
    0xdc, 0x0, 0xff, 0xe2, 0x96, 0x68, 0x7, 0xff,
    0x14, 0xc8, 0xc0, 0x3f, 0xf8, 0xa3, 0xb8, 0x1,
    0xd1, 0xac, 0x0, 0xb9, 0x20, 0xf, 0xfe, 0x1,
    0x96, 0x80, 0xa3, 0x8, 0x7, 0xff, 0x3, 0x41,
    0x1, 0x40, 0x6, 0x1, 0xff, 0xc0, 0x50, 0x1,
    0x8, 0x0, 0x40, 0x3f, 0xf8, 0x4, 0x0, 0x11,
    0x0, 0x2c, 0x3, 0xfe, 0x1b, 0x0, 0x12, 0x10,
    0x2f, 0x53, 0xb2, 0xa9, 0x98, 0xf3, 0x9c, 0xa0,
    0xa2, 0x1e, 0x40, 0x2b, 0x13, 0x54, 0x99, 0x43,
    0x18, 0x1, 0xa8, 0x0, 0x5b, 0x4a, 0x42, 0x1,
    0x84, 0x91, 0xa7, 0xa4, 0x0,

    /* U+FB5F "ﭟ" */
    0x0, 0xfe, 0x13, 0x0, 0xff, 0xe5, 0x7e, 0x18,
    0x7, 0xff, 0x25, 0x44, 0x40, 0x1f, 0xfc, 0x9a,
    0xd2, 0x0, 0xff, 0xe4, 0xe6, 0x10, 0x3, 0xff,
    0x92, 0xe2, 0xc0, 0x1f, 0xfc, 0x9a, 0xe2, 0x0,
    0xff, 0xe0, 0xd4, 0x10, 0x7, 0xff, 0x20, 0x55,
    0xc4, 0x3, 0xff, 0x90, 0xa0, 0x3, 0x0, 0xff,
    0xe0, 0x97, 0x50, 0x80, 0x42, 0x0, 0x10, 0xf,
    0xfe, 0x2, 0x60, 0xa9, 0x80, 0x42, 0x0, 0x80,
    0xf, 0xf1, 0xd5, 0x88, 0x0, 0xc0, 0x24, 0x10,
    0x6e, 0xa7, 0x65, 0x66, 0x45, 0x76, 0x28, 0x6,
    0xc7, 0x52, 0xc, 0x20, 0x15, 0x89, 0xa9, 0x93,
    0xa8, 0x80, 0x1b, 0xa0, 0xa, 0x2b, 0x80, 0xb6,
    0x94, 0x84, 0x2, 0x12, 0x47, 0xbf, 0x91, 0x7a,
    0x30, 0x2, 0x0,

    /* U+FB60 "ﭠ" */
    0x0, 0x90, 0x3, 0x55, 0xb8, 0x5, 0xa0, 0x60,
    0x13, 0xda, 0x0, 0x55, 0x6e, 0x1, 0x68, 0x10,
    0x4, 0xfe, 0xa0, 0x1f, 0xcf, 0xb6, 0x1, 0x79,
    0x20, 0x5, 0x60, 0x3, 0x0, 0x18, 0x1, 0x40,
    0x22, 0x1, 0x0, 0xf2, 0x35, 0x10, 0x1c, 0xc9,
    0x40, 0xd0, 0x84, 0xe3, 0x0,

    /* U+FB61 "ﭡ" */
    0x0, 0x9f, 0xd0, 0x3, 0xed, 0x3, 0x0, 0xfa,
    0xad, 0xc0, 0x3e, 0x7b, 0x50, 0xf, 0xb4, 0x8,
    0x3, 0xea, 0xb7, 0x0, 0xfc, 0x80, 0x1f, 0x99,
    0xcc, 0x3, 0xea, 0x8b, 0x0, 0xf8, 0xc3, 0x40,
    0x3c, 0xa0, 0x1f, 0x24, 0x50, 0x2, 0xe1, 0x90,
    0x25, 0xc0, 0x2, 0x27, 0x9b, 0x32, 0x14, 0xcc,
    0x28, 0x81, 0x10,

    /* U+FB62 "ﭢ" */
    0x0, 0xf8, 0xfd, 0xdd, 0xe6, 0x1, 0xff, 0xc2,
    0x70, 0xee, 0x3, 0x0, 0x7f, 0xf0, 0x93, 0x66,
    0x5a, 0xa0, 0x1f, 0xfc, 0x23, 0xd7, 0x76, 0x98,
    0x7, 0xff, 0x9, 0x83, 0xb8, 0xc, 0x1, 0xff,
    0xc2, 0x5d, 0x99, 0x6a, 0x80, 0x4d, 0x6a, 0x0,
    0x87, 0x10, 0xc, 0x40, 0x2, 0x0, 0xda, 0x9c,
    0x2, 0xf0, 0x40, 0x1f, 0xfc, 0xd, 0x4, 0x5,
    0x0, 0x18, 0x7, 0xff, 0x1, 0x40, 0x4, 0x20,
    0x1f, 0xfc, 0x31, 0x0, 0x8, 0x80, 0x12, 0x1,
    0xff, 0xc0, 0xb0, 0x1, 0x20, 0x83, 0x75, 0x3b,
    0x2a, 0x99, 0x8f, 0x39, 0xec, 0xa, 0x21, 0xa4,
    0x2, 0xb1, 0x35, 0x49, 0x94, 0x31, 0x80, 0x1a,
    0x80, 0x7, 0xb4, 0xa4, 0x20, 0x18, 0x49, 0x1a,
    0x7a, 0x40, 0x0,

    /* U+FB63 "ﭣ" */
    0x0, 0xfd, 0xb6, 0x7e, 0xe0, 0x1f, 0xfc, 0x61,
    0x26, 0x70, 0xe0, 0xf, 0xfe, 0x30, 0xf6, 0xa7,
    0x48, 0x7, 0xff, 0x1f, 0x2c, 0xf9, 0xc0, 0x3f,
    0xf8, 0xc2, 0x4a, 0xe1, 0xc0, 0x1f, 0xfc, 0x61,
    0xef, 0x4d, 0x90, 0xf, 0xfe, 0x4, 0x30, 0x80,
    0x61, 0x10, 0x10, 0x7, 0xff, 0x0, 0x5e, 0x48,
    0x3, 0xff, 0x90, 0xa0, 0x3, 0x0, 0xff, 0xe0,
    0x96, 0xc0, 0x80, 0x42, 0x1, 0xff, 0xc3, 0x3c,
    0x27, 0x30, 0x8, 0x40, 0x12, 0x1, 0xfe, 0x3a,
    0xc1, 0x0, 0x18, 0x4, 0x82, 0xd, 0xd2, 0xec,
    0xac, 0xc8, 0xae, 0xc5, 0x0, 0xd8, 0xea, 0x41,
    0xa2, 0x2, 0xd1, 0x35, 0x32, 0x75, 0x10, 0x3,
    0x6c, 0x1, 0x45, 0x70, 0x1f, 0x52, 0x90, 0x6,
    0x12, 0x47, 0xbf, 0x92, 0x7a, 0x30, 0x2, 0x0,

    /* U+FB64 "ﭤ" */
    0xb, 0xe2, 0xea, 0x6, 0x11, 0x98, 0x37, 0x8f,
    0xb0, 0x2f, 0xb, 0xe8, 0x18, 0x84, 0x4e, 0x19,
    0xc7, 0xda, 0x2, 0x20, 0x10, 0x9, 0x6e, 0x40,
    0x2c, 0x46, 0x0, 0xb4, 0x0, 0x60, 0x4, 0x0,
    0x28, 0x4, 0x40, 0x20, 0x1e, 0x46, 0xa2, 0x3,
    0x99, 0x28, 0x1a, 0x10, 0x9c, 0x60, 0x0,

    /* U+FB65 "ﭥ" */
    0x0, 0x84, 0x4, 0x3, 0xdb, 0xc7, 0xd8, 0x1,
    0xcc, 0x23, 0x30, 0x7, 0x8c, 0x3, 0xf3, 0x10,
    0x89, 0xc0, 0x3b, 0x38, 0xfb, 0x40, 0x38, 0x44,
    0x2, 0x1, 0xf3, 0xca, 0x0, 0x7d, 0x6d, 0x80,
    0x1f, 0x18, 0x68, 0x7, 0x94, 0x0, 0x60, 0x19,
    0x22, 0x80, 0x11, 0x6, 0x40, 0x97, 0x0, 0x8,
    0x9e, 0x6c, 0xc8, 0x53, 0x30, 0xa2, 0x4, 0x40,

    /* U+FB66 "ﭦ" */
    0x0, 0xfd, 0x8e, 0x1, 0xff, 0xc6, 0x7f, 0x0,
    0xff, 0xe3, 0xaf, 0xf9, 0x80, 0x3f, 0xf8, 0x6e,
    0x12, 0x94, 0x1, 0xff, 0xc2, 0xa3, 0x29, 0x58,
    0x0, 0xff, 0xe1, 0x5e, 0xe6, 0xf2, 0x0, 0x62,
    0x10, 0xf, 0xc2, 0x46, 0x40, 0x1d, 0x7a, 0xc0,
    0xd, 0xc3, 0x0, 0xff, 0xe0, 0x8, 0x58, 0x11,
    0xc, 0x40, 0x3f, 0xf8, 0x1e, 0x6, 0xc, 0x0,
    0x20, 0xf, 0xfe, 0x3, 0x80, 0x8, 0x40, 0x2,
    0x1, 0xff, 0xc3, 0x11, 0x0, 0x2c, 0x3, 0xfe,
    0x18, 0x0, 0x12, 0x10, 0x2f, 0x53, 0xb2, 0xa9,
    0x99, 0x13, 0x9c, 0xa0, 0xc2, 0x1e, 0x40, 0x2b,
    0x13, 0x54, 0x99, 0x3b, 0x18, 0x1, 0xe4, 0x0,
    0x5b, 0x4a, 0x42, 0x1, 0x84, 0x91, 0xab, 0xa0,
    0x0,

    /* U+FB67 "ﭧ" */
    0x0, 0xfc, 0xf6, 0x1, 0xff, 0xcb, 0x70, 0xf,
    0xfe, 0x50, 0x96, 0xfd, 0x0, 0x7f, 0xf1, 0xfc,
    0x69, 0x94, 0x3, 0xff, 0x8c, 0xcc, 0x8, 0x67,
    0x0, 0xff, 0xe3, 0x36, 0xe6, 0xfc, 0x0, 0x7f,
    0xf1, 0xc8, 0xc8, 0x3, 0xff, 0x85, 0xb6, 0x40,
    0x1f, 0xfc, 0x81, 0x24, 0x0, 0xff, 0xe1, 0x90,
    0x7, 0x28, 0x0, 0x80, 0x3f, 0xf8, 0x27, 0xb6,
    0x20, 0x10, 0x80, 0x4, 0x3, 0xff, 0x80, 0xb8,
    0x8, 0x1, 0x84, 0x1, 0x60, 0x1f, 0xe3, 0xba,
    0x0, 0xf9, 0x8, 0x17, 0xa9, 0xd9, 0x59, 0x91,
    0x5d, 0x88, 0x1, 0xb1, 0xd4, 0x83, 0xc8, 0x5,
    0x62, 0x6a, 0x64, 0xea, 0x20, 0x6, 0xe8, 0x2,
    0x8a, 0xe0, 0x2d, 0xa5, 0x21, 0x0, 0x84, 0x91,
    0xef, 0xe4, 0x5e, 0x8c, 0x0, 0x80,

    /* U+FB68 "ﭨ" */
    0x7, 0x20, 0xd, 0x2e, 0x1, 0x8e, 0x3f, 0xc8,
    0x26, 0x34, 0x5b, 0x82, 0x74, 0x75, 0x99, 0x6f,
    0x18, 0x99, 0x88, 0x3, 0x8c, 0x2, 0x3e, 0xc3,
    0x0, 0x10, 0x82, 0x0, 0x4, 0xc3, 0x0, 0x24,
    0x5, 0x0, 0xb8, 0x4, 0x3, 0xe4, 0x78, 0x4,
    0x9, 0x81, 0x8, 0x2, 0x15, 0xc3, 0x0,

    /* U+FB69 "ﭩ" */
    0x0, 0x27, 0x80, 0x7f, 0xf1, 0x9c, 0x2f, 0xec,
    0x3, 0xe7, 0xa4, 0x30, 0xc, 0x83, 0xa0, 0x1,
    0x0, 0x8a, 0x7, 0xa9, 0xc8, 0x2, 0x2d, 0xcc,
    0x74, 0x0, 0x71, 0x19, 0x84, 0x3, 0xe3, 0x30,
    0x80, 0x7d, 0x19, 0x20, 0x1f, 0x20, 0x70, 0x7,
    0x94, 0x0, 0x60, 0x19, 0x22, 0x80, 0x17, 0xc,
    0x81, 0x2e, 0x0, 0x11, 0x3c, 0xd9, 0x90, 0xa6,
    0x61, 0x44, 0x8, 0x80,

    /* U+FB6A "ﭪ" */
    0x0, 0xff, 0xe1, 0x2f, 0xb8, 0x7, 0xff, 0x14,
    0x83, 0x80, 0x3f, 0xf8, 0x84, 0x97, 0x44, 0x1,
    0xff, 0xc3, 0xdc, 0x7c, 0xd1, 0x0, 0xff, 0xe1,
    0x19, 0x10, 0xc8, 0x40, 0x3f, 0xf8, 0x59, 0xa3,
    0x9a, 0x1, 0xff, 0xc4, 0x25, 0x30, 0xf, 0xfe,
    0x23, 0xed, 0x65, 0x80, 0x7f, 0xf0, 0x96, 0x0,
    0x24, 0x80, 0xf, 0xfe, 0xc, 0x3, 0x7a, 0x83,
    0x0, 0x21, 0x84, 0x3, 0xe2, 0x20, 0x58, 0x40,
    0x9, 0x8b, 0xc9, 0x0, 0x7c, 0x20, 0x4, 0x0,
    0xcc, 0xa0, 0x3, 0x0, 0xf8, 0x80, 0x13, 0xfa,
    0x1, 0x8, 0x7, 0xf8, 0x64, 0x3, 0xc2, 0x20,
    0x4, 0x80, 0x7e, 0x6e, 0xcb, 0xa0, 0x2, 0xa0,
    0x83, 0x75, 0x3b, 0x37, 0x9d, 0x72, 0xc0, 0xc4,
    0x34, 0x40, 0x56, 0x26, 0x7f, 0x38, 0x87, 0x80,
    0xf, 0xa9, 0x48, 0x3, 0xf1, 0x23, 0xe9, 0x80,

    /* U+FB6B "ﭫ" */
    0x0, 0xff, 0xe2, 0x57, 0x10, 0x7, 0xff, 0x7c,
    0xfc, 0xf7, 0x50, 0x1, 0xff, 0xc6, 0x60, 0x55,
    0x1, 0x80, 0x7f, 0xf1, 0x96, 0xf5, 0xae, 0x80,
    0x3f, 0xf8, 0xe8, 0x20, 0x82, 0x1, 0xff, 0xc8,
    0x34, 0x10, 0xf, 0xfe, 0x39, 0x6e, 0x5f, 0x28,
    0x7, 0x3a, 0x80, 0x7f, 0x87, 0x8, 0x2, 0xa3,
    0x0, 0xd1, 0x48, 0x1, 0xfd, 0x22, 0x19, 0xa2,
    0x12, 0x1, 0x20, 0x1, 0x0, 0x3f, 0x8c, 0x14,
    0xc9, 0x81, 0xc0, 0x21, 0x0, 0xff, 0xe0, 0x8,
    0x30, 0x0, 0x80, 0x40, 0x21, 0x0, 0x48, 0x7,
    0xf4, 0x81, 0xcc, 0x94, 0x28, 0x2, 0x41, 0x6,
    0xe9, 0x75, 0x5e, 0x64, 0x20, 0x66, 0x0, 0x32,
    0xa4, 0x83, 0x44, 0x5, 0xa2, 0xab, 0xa6, 0x8,
    0x3, 0x95, 0x4d, 0x40, 0x7d, 0x4a, 0x40, 0x1e,
    0x12, 0x47, 0xbb, 0x31, 0x88, 0x2, 0xc0,

    /* U+FB6C "ﭬ" */
    0x0, 0xd9, 0xa2, 0x1, 0xe2, 0x21, 0x80, 0x72,
    0x66, 0x18, 0x3, 0x3d, 0xc5, 0xda, 0x40, 0x22,
    0xc, 0xd0, 0xf0, 0x9, 0x7d, 0x97, 0xd8, 0x3,
    0xff, 0x83, 0x1d, 0xf6, 0x20, 0x15, 0x38, 0x82,
    0x60, 0x1, 0x14, 0x1d, 0xc0, 0x4a, 0x1a, 0x9,
    0x10, 0x30, 0xf0, 0x20, 0x71, 0x5, 0x6, 0x2,
    0x3, 0xef, 0x60, 0x10, 0x83, 0x0, 0xe1, 0x1,
    0xcd, 0xbc, 0x20, 0x54, 0x55, 0x39, 0xf1, 0x5,
    0xcd, 0x55, 0x4, 0x14, 0x44, 0x0, 0x89, 0xb5,
    0x40,

    /* U+FB6D "ﭭ" */
    0x0, 0xcf, 0xe8, 0x1, 0xfd, 0xa0, 0x40, 0x1f,
    0x8e, 0x2d, 0x44, 0x3, 0xc7, 0x98, 0xc, 0xc0,
    0x7, 0x88, 0x55, 0x85, 0xc0, 0x3c, 0x3d, 0x65,
    0xd4, 0x1, 0xff, 0xc7, 0x7e, 0xfc, 0x40, 0xf,
    0x54, 0x8, 0x1d, 0xa0, 0x6, 0x45, 0x5, 0xa1,
    0x8, 0x0, 0xd8, 0x3, 0x4b, 0x0, 0x60, 0x1e,
    0x30, 0xf, 0xeb, 0x2, 0x73, 0x80, 0x50, 0x9,
    0x18, 0xc2, 0x30, 0x43, 0x15, 0x43, 0x34, 0x60,
    0x1d, 0x35, 0x4b, 0x20, 0x1, 0xbc, 0xa9, 0x88,
    0x3, 0x0,

    /* U+FB6E "ﭮ" */
    0x0, 0xff, 0xe1, 0x8, 0x8, 0x7, 0xff, 0x13,
    0x38, 0xfb, 0x40, 0x3f, 0xf8, 0x6c, 0x22, 0x26,
    0x0, 0xff, 0xe1, 0xd7, 0x96, 0x50, 0x7, 0xff,
    0xf, 0x38, 0xfb, 0x0, 0x3f, 0xf8, 0x6c, 0x22,
    0x26, 0x0, 0xff, 0xe1, 0xd7, 0x16, 0xd8, 0x7,
    0xff, 0x10, 0x94, 0xc0, 0x3f, 0xf8, 0x8f, 0xb5,
    0x96, 0x1, 0xff, 0xc2, 0x58, 0x0, 0x92, 0x0,
    0x3f, 0xf8, 0x30, 0xd, 0xea, 0xc, 0x0, 0x86,
    0x10, 0xf, 0x88, 0x81, 0x61, 0x0, 0x26, 0x2f,
    0x24, 0x1, 0xf0, 0x80, 0x10, 0x3, 0x32, 0x80,
    0xc, 0x3, 0xe2, 0x0, 0x4f, 0xe8, 0x4, 0x20,
    0x1f, 0xe1, 0x90, 0xf, 0x8, 0x80, 0x12, 0x1,
    0xf9, 0xbb, 0x2e, 0x80, 0xa, 0x82, 0xd, 0xd4,
    0xec, 0xde, 0x75, 0xcb, 0x3, 0x10, 0xd1, 0x1,
    0x58, 0x99, 0xfc, 0xe2, 0x1e, 0x0, 0x3e, 0xa5,
    0x20, 0xf, 0xc4, 0x8f, 0xa6, 0x0,

    /* U+FB6F "ﭯ" */
    0x0, 0xff, 0xe1, 0x88, 0x0, 0x80, 0x3f, 0xf8,
    0xe5, 0xd8, 0xbb, 0x0, 0x1f, 0xfc, 0x63, 0x16,
    0x10, 0xe0, 0xf, 0xfe, 0x30, 0xfd, 0x26, 0xb0,
    0x7, 0xff, 0x18, 0xbb, 0x17, 0x60, 0x3, 0xff,
    0x8c, 0x62, 0xc2, 0x1c, 0x1, 0xff, 0xc6, 0x1e,
    0xa4, 0xf6, 0x0, 0xff, 0xe4, 0x1a, 0x8, 0x7,
    0xff, 0x1c, 0xb7, 0x2f, 0x94, 0x3, 0x9d, 0x40,
    0x3f, 0xc3, 0x84, 0x1, 0x51, 0x80, 0x68, 0xa4,
    0x0, 0xfe, 0x91, 0xc, 0xd1, 0x9, 0x0, 0x90,
    0x0, 0x80, 0x1f, 0xc6, 0xa, 0x64, 0xc0, 0xe0,
    0x10, 0x80, 0x7f, 0xf0, 0x4, 0x18, 0x0, 0x40,
    0x20, 0x10, 0x80, 0x24, 0x3, 0xfa, 0x40, 0xe6,
    0x4a, 0x14, 0x1, 0x20, 0x83, 0x74, 0xba, 0xaf,
    0x32, 0x10, 0x33, 0x0, 0x19, 0x52, 0x41, 0xa2,
    0x2, 0xd1, 0x55, 0xd3, 0x4, 0x1, 0xca, 0xa6,
    0xa0, 0x3e, 0xa5, 0x20, 0xf, 0x9, 0x23, 0xdd,
    0x98, 0xc4, 0x1, 0x60,

    /* U+FB70 "ﭰ" */
    0x0, 0x17, 0xc3, 0x7a, 0x0, 0x4c, 0x5, 0xc0,
    0x40, 0x12, 0x5d, 0x45, 0xb0, 0x4, 0x97, 0x51,
    0x6c, 0x1, 0x38, 0x17, 0x1, 0x0, 0x47, 0xf0,
    0xde, 0x80, 0x1f, 0xfc, 0x18, 0xef, 0xb1, 0x0,
    0xa9, 0xc4, 0x13, 0x0, 0x8, 0xa0, 0xee, 0x2,
    0x50, 0xd0, 0x48, 0x81, 0x87, 0x81, 0x3, 0x88,
    0x28, 0x30, 0x10, 0x1f, 0x7b, 0x0, 0x84, 0x18,
    0x7, 0x8, 0xe, 0x6d, 0xe1, 0x2, 0xa2, 0xa9,
    0xcf, 0x88, 0x2e, 0x6a, 0xa8, 0x20, 0xa2, 0x20,
    0x4, 0x4d, 0xaa, 0x0,

    /* U+FB71 "ﭱ" */
    0x0, 0xb7, 0xb, 0xa0, 0x3, 0xe2, 0x23, 0x9,
    0x0, 0x7d, 0xb8, 0x97, 0x40, 0x1f, 0x66, 0x12,
    0xe8, 0x3, 0xe3, 0x26, 0x12, 0x0, 0xfb, 0x70,
    0xba, 0x0, 0x3f, 0xf8, 0xef, 0xdf, 0x88, 0x1,
    0xea, 0x81, 0x3, 0xb4, 0x0, 0xc8, 0xa0, 0xb4,
    0x21, 0x0, 0x1b, 0x0, 0x69, 0x60, 0xc, 0x3,
    0xc6, 0x1, 0xfd, 0x60, 0x4e, 0x70, 0xa, 0x1,
    0x23, 0x18, 0x46, 0x8, 0x62, 0xa8, 0x66, 0x8c,
    0x3, 0xa6, 0xa9, 0x64, 0x0, 0x37, 0x95, 0x31,
    0x0, 0x60,

    /* U+FB72 "ﭲ" */
    0x3c, 0xff, 0x75, 0xa8, 0x7, 0xc6, 0x0, 0x14,
    0xae, 0x94, 0x10, 0x1, 0xb4, 0xca, 0x14, 0x44,
    0xd7, 0xde, 0x0, 0x96, 0x63, 0xd6, 0x18, 0x6,
    0x10, 0xc, 0x77, 0xa6, 0x2, 0xae, 0x1, 0xa3,
    0x10, 0x1b, 0x3a, 0xa0, 0x40, 0x14, 0xe0, 0xbd,
    0x26, 0x1, 0xce, 0xa1, 0x14, 0x24, 0x1, 0xc3,
    0x0, 0xce, 0x9, 0xb6, 0x1, 0x9c, 0x1, 0x0,
    0x7, 0x12, 0x0, 0xd8, 0x8, 0x20, 0x3, 0xc9,
    0x0, 0xc2, 0x2, 0x1, 0x26, 0xd8, 0x6, 0x10,
    0x70, 0x9, 0x84, 0x80, 0x36, 0x1, 0x30, 0x0,
    0xba, 0x40, 0x33, 0x8, 0x4d, 0x20, 0x80, 0x9,
    0xa8, 0x43, 0x44, 0x16, 0xfb, 0xfd, 0xb2, 0xac,
    0x7, 0xec, 0x1, 0xf2, 0xa0, 0x0, 0x67, 0xf2,
    0xaa, 0xdf, 0xa3,

    /* U+FB73 "ﭳ" */
    0x3c, 0xff, 0x75, 0xa8, 0x7, 0xf8, 0xc0, 0x2,
    0x95, 0xd2, 0x82, 0x1, 0xc6, 0xd3, 0x28, 0x51,
    0x13, 0x5f, 0x78, 0x7, 0x4b, 0x31, 0xeb, 0xc,
    0x3, 0x8, 0x7, 0xc7, 0x7a, 0x60, 0x3, 0x70,
    0xf, 0xa3, 0x10, 0x1a, 0x1, 0xa0, 0x40, 0x3a,
    0x9c, 0x17, 0xa5, 0x81, 0x48, 0x3, 0x9d, 0x42,
    0x28, 0x48, 0x48, 0x36, 0x59, 0x40, 0x60, 0x19,
    0xc1, 0x36, 0xe4, 0x0, 0xd3, 0x4c, 0xe0, 0x8,
    0x0, 0x38, 0x92, 0x62, 0x88, 0xa, 0xe0, 0x20,
    0x80, 0xf, 0x24, 0xe, 0xbb, 0xf8, 0xc4, 0x4,
    0x2, 0x4d, 0xb0, 0xf, 0x84, 0x1c, 0x2, 0x61,
    0x20, 0xf, 0xb0, 0x9, 0x80, 0x5, 0xd2, 0x1,
    0xf3, 0x8, 0x4d, 0x20, 0x80, 0x9, 0xa8, 0x40,
    0x36, 0x88, 0x2d, 0xf7, 0xfb, 0x65, 0x58, 0x3,
    0x1f, 0xb0, 0x7, 0xca, 0x80, 0x1c, 0x33, 0xf9,
    0x55, 0x6f, 0xd1, 0x80, 0x40,

    /* U+FB74 "ﭴ" */
    0xa, 0xff, 0x75, 0xb8, 0x80, 0x7e, 0x14, 0x8e,
    0xa4, 0x0, 0xaf, 0xfd, 0xd8, 0xe2, 0xb7, 0xee,
    0x2, 0x0, 0x13, 0x86, 0x0, 0xb8, 0x3, 0x9b,
    0x5c, 0xe, 0x6d, 0x1a, 0x33, 0xe4, 0x86, 0xb1,
    0x8a, 0x64, 0xe6, 0x3, 0x1c, 0xa0, 0x11, 0x1,
    0x35, 0x73, 0x80, 0x77, 0xfb, 0x65, 0x40, 0x3f,
    0xf8, 0x6, 0x40, 0x1f, 0xc7, 0x98, 0x0, 0xfe,
    0x21, 0x50, 0xf, 0xe1, 0xda, 0x0, 0xfe, 0x2c,
    0xf0, 0xf, 0xe3, 0x12, 0x0, 0xe0,

    /* U+FB75 "ﭵ" */
    0xa, 0xff, 0x75, 0xb8, 0x80, 0x7f, 0xc2, 0x91,
    0xd4, 0x80, 0x1e, 0xbf, 0xf7, 0x63, 0x8a, 0xdf,
    0xb8, 0x6, 0x10, 0x0, 0x9c, 0x30, 0x5, 0xc0,
    0x1f, 0x9b, 0x5c, 0x1, 0x16, 0x1, 0x23, 0x46,
    0x7c, 0x90, 0x98, 0x4d, 0x32, 0x4, 0xc9, 0xcc,
    0x6, 0x3b, 0x82, 0x27, 0x9b, 0x32, 0x2, 0x6a,
    0xe7, 0x2, 0xc5, 0x10, 0x22, 0x7f, 0xb6, 0x54,
    0x3, 0x15, 0x77, 0xe8, 0x80, 0x72, 0x0, 0x7f,
    0xf0, 0x62, 0xe0, 0x3, 0xff, 0x81, 0xc1, 0xc0,
    0x1f, 0xfc, 0x6, 0xb6, 0x0, 0xff, 0xe0, 0x45,
    0xc8, 0x7, 0xff, 0x3, 0x43, 0xc0, 0x3f, 0x0,

    /* U+FB76 "ﭶ" */
    0x3d, 0xff, 0x76, 0x4a, 0x80, 0x78, 0x48, 0x0,
    0x26, 0xd5, 0xf9, 0x2e, 0x60, 0x4f, 0x33, 0x3a,
    0x8, 0x1b, 0x42, 0x0, 0x21, 0x9a, 0x8f, 0x40,
    0xd, 0xe0, 0x1c, 0x9b, 0x6a, 0x51, 0x7d, 0x0,
    0x1a, 0xac, 0x93, 0x35, 0xd0, 0x40, 0x35, 0xa8,
    0x55, 0x98, 0x7, 0xd2, 0x81, 0x8a, 0x1, 0xf8,
    0x98, 0x28, 0xc0, 0x3f, 0x94, 0x9, 0x42, 0xf8,
    0xa7, 0xd0, 0x2, 0xd0, 0x70, 0x2, 0xb, 0xa0,
    0x60, 0x4, 0x20, 0x20, 0xb, 0x95, 0xf8, 0x80,
    0x4, 0x40, 0x82, 0x8, 0xc0, 0x4e, 0x1, 0xa8,
    0x1, 0x84, 0x1, 0xfc, 0x6c, 0x5, 0xb7, 0xc,
    0xc7, 0xae, 0x90, 0x4, 0xb8, 0x1, 0x1e, 0x65,
    0xa, 0x2e, 0x1, 0x47, 0x41, 0x88, 0x0, 0x96,
    0x7c, 0x0,

    /* U+FB77 "ﭷ" */
    0x3d, 0xff, 0x76, 0x4a, 0x80, 0x7f, 0x9, 0x0,
    0x4, 0xda, 0xbf, 0x25, 0xcc, 0x3, 0x13, 0xcc,
    0xce, 0x82, 0x6, 0xd0, 0x80, 0x1d, 0xc, 0xd4,
    0x7a, 0x0, 0x6f, 0x0, 0xfc, 0x9b, 0x6a, 0x46,
    0x13, 0x0, 0x1f, 0x55, 0x92, 0x66, 0xd0, 0x68,
    0x7, 0xd6, 0xa1, 0x56, 0x60, 0xe0, 0x98, 0xec,
    0x80, 0x9, 0x40, 0xc5, 0x0, 0x85, 0xc0, 0xe2,
    0x6c, 0xc9, 0x82, 0x8c, 0x3, 0xa2, 0x8c, 0x40,
    0x88, 0xa0, 0x4a, 0x17, 0xc5, 0x3e, 0x8b, 0x9d,
    0xfa, 0x3a, 0xe, 0x0, 0x41, 0x74, 0xc, 0x0,
    0xf0, 0x80, 0x80, 0x2e, 0x57, 0xe2, 0x0, 0x1e,
    0x20, 0x41, 0x4, 0x60, 0x27, 0x0, 0xfa, 0x80,
    0x18, 0x40, 0x1f, 0xfc, 0x3, 0x60, 0x2d, 0xb8,
    0x66, 0x3d, 0x74, 0x80, 0x74, 0xb8, 0x1, 0x1e,
    0x65, 0xa, 0x2e, 0x1, 0xe8, 0xe8, 0x31, 0x0,
    0x12, 0xcf, 0x80, 0x60,

    /* U+FB78 "ﭸ" */
    0xa, 0xff, 0x75, 0xb8, 0x80, 0x7e, 0x14, 0x8e,
    0xa4, 0x0, 0xaf, 0xfd, 0xd8, 0xe2, 0xb7, 0xee,
    0x2, 0x0, 0x13, 0x86, 0x0, 0xb8, 0x3, 0x9b,
    0x5c, 0xe, 0x6d, 0x1a, 0x33, 0xe4, 0x86, 0xb1,
    0x8a, 0x64, 0xe6, 0x3, 0x1c, 0xa0, 0x11, 0x1,
    0x35, 0x73, 0x80, 0x77, 0xfb, 0x65, 0x40, 0x3f,
    0xf9, 0x53, 0xe8, 0xde, 0xc0, 0x1e, 0x40, 0xcc,
    0x6, 0x0, 0x7b, 0xe2, 0x17, 0x16, 0x1, 0x0,

    /* U+FB79 "ﭹ" */
    0xa, 0xff, 0x75, 0xb8, 0x80, 0x7f, 0xc2, 0x91,
    0xd4, 0x80, 0x1e, 0xbf, 0xf7, 0x63, 0x8a, 0xdf,
    0xb8, 0x6, 0x10, 0x0, 0x9c, 0x30, 0x5, 0xc0,
    0x1f, 0x9b, 0x5c, 0x1, 0x16, 0x1, 0x23, 0x46,
    0x7c, 0x90, 0x98, 0x4d, 0x32, 0x4, 0xc9, 0xcc,
    0x6, 0x3b, 0x82, 0x27, 0x9b, 0x32, 0x2, 0x6a,
    0xe7, 0x2, 0xc5, 0x10, 0x22, 0x7f, 0xb6, 0x54,
    0x3, 0x15, 0x77, 0xe8, 0x80, 0x4a, 0xa0, 0x36,
    0x0, 0xfe, 0x3a, 0xa1, 0x64, 0xa8, 0x7, 0xe2,
    0x2c, 0x82, 0xe0, 0x1e,

    /* U+FB7A "ﭺ" */
    0x2, 0x55, 0x21, 0x0, 0x7e, 0x4d, 0xaa, 0x5e,
    0xf4, 0x10, 0x7, 0x30, 0x7, 0xb, 0xee, 0xa6,
    0xc, 0xb, 0x3f, 0xdd, 0x92, 0x80, 0x4c, 0xe8,
    0x0, 0x30, 0x0, 0x98, 0xb0, 0x6, 0xf0, 0xe,
    0x7e, 0x82, 0x24, 0x5f, 0x40, 0x4, 0x39, 0x2,
    0x99, 0xae, 0x82, 0x1, 0xb0, 0xc2, 0xac, 0xc0,
    0x3e, 0xa2, 0xc, 0x50, 0xf, 0xc4, 0xa1, 0x46,
    0x58, 0x73, 0x0, 0x1a, 0x80, 0x94, 0x4, 0xdc,
    0x8c, 0x3, 0x10, 0x38, 0x0, 0xff, 0xdd, 0x60,
    0x18, 0x40, 0x40, 0x21, 0x52, 0x0, 0xe2, 0x4,
    0x10, 0x0, 0xf3, 0x80, 0x75, 0x0, 0x30, 0x80,
    0x3e, 0x10, 0x36, 0x2, 0xdb, 0x86, 0x63, 0xdf,
    0x58, 0x2, 0x60, 0x0, 0x8f, 0x32, 0x84, 0x14,
    0x0, 0x9f, 0xa0, 0xc4, 0x0, 0x4b, 0x3e, 0x0,

    /* U+FB7B "ﭻ" */
    0x2, 0x55, 0x21, 0x0, 0x7f, 0xc9, 0xb5, 0x4b,
    0xde, 0x82, 0x0, 0xfc, 0xc0, 0x1c, 0x2f, 0xba,
    0x98, 0x30, 0xc, 0x59, 0xfe, 0xec, 0x94, 0x2,
    0x67, 0x40, 0xe, 0x30, 0x0, 0x98, 0xb0, 0x6,
    0xf0, 0xf, 0xcf, 0xd0, 0x44, 0x30, 0xa8, 0x0,
    0xf0, 0xe4, 0xa, 0x66, 0xd8, 0x68, 0x7, 0xd8,
    0x61, 0x56, 0x60, 0x60, 0xc2, 0x1, 0xd4, 0x41,
    0x8a, 0x1, 0x20, 0x8b, 0xe1, 0x90, 0x9, 0x42,
    0x8c, 0xb0, 0xe6, 0x2c, 0x5, 0xe6, 0xce, 0x80,
    0x94, 0x4, 0xdc, 0x8d, 0x6d, 0x4, 0x8, 0xa0,
    0x70, 0x1, 0xff, 0xba, 0xc1, 0x2f, 0xbf, 0x44,
    0x40, 0x20, 0x10, 0xa9, 0x0, 0x7e, 0x20, 0x41,
    0x0, 0xf, 0x38, 0x7, 0xea, 0x0, 0x61, 0x0,
    0x7c, 0x20, 0x18, 0xd8, 0xb, 0x6e, 0x19, 0x8f,
    0x7d, 0x60, 0x1d, 0x30, 0x0, 0x47, 0x99, 0x42,
    0xa, 0x0, 0x79, 0xfa, 0xc, 0x40, 0x4, 0xb3,
    0xe0, 0x18,

    /* U+FB7C "ﭼ" */
    0xa, 0xff, 0x75, 0xb8, 0x80, 0x7e, 0x14, 0x8e,
    0xa4, 0x0, 0xaf, 0xfd, 0xd8, 0xe2, 0xb7, 0xee,
    0x2, 0x0, 0x13, 0x86, 0x0, 0xb8, 0x3, 0x9b,
    0x5c, 0xe, 0x6d, 0x1a, 0x33, 0xe4, 0x86, 0xb1,
    0x8a, 0x64, 0xe6, 0x3, 0x1c, 0xa0, 0x11, 0x1,
    0x35, 0x73, 0x80, 0x77, 0xfb, 0x65, 0x40, 0x3f,
    0xe2, 0x0, 0x10, 0x7, 0xd5, 0xab, 0x7a, 0x60,
    0x1e, 0x20, 0x62, 0x11, 0x0, 0x7a, 0x37, 0x41,
    0xc4, 0x1, 0xf0, 0x89, 0x40, 0x3f, 0x8f, 0x70,
    0x3, 0x80,

    /* U+FB7D "ﭽ" */
    0xa, 0xff, 0x75, 0xb8, 0x80, 0x7f, 0xc2, 0x91,
    0xd4, 0x80, 0x1e, 0xbf, 0xf7, 0x63, 0x8a, 0xdf,
    0xb8, 0x6, 0x10, 0x0, 0x9c, 0x30, 0x5, 0xc0,
    0x1f, 0x9b, 0x5c, 0x1, 0x16, 0x1, 0x23, 0x46,
    0x7c, 0x90, 0x98, 0x4d, 0x32, 0x4, 0xc9, 0xcc,
    0x6, 0x3b, 0x82, 0x27, 0x9b, 0x32, 0x2, 0x6a,
    0xe7, 0x2, 0xc5, 0x10, 0x22, 0x7f, 0xb6, 0x54,
    0x3, 0x15, 0x77, 0xe8, 0x80, 0x42, 0x20, 0x11,
    0x0, 0x7f, 0xbf, 0x8b, 0xb0, 0x3, 0xfc, 0x44,
    0x31, 0x60, 0xf, 0xf6, 0x5f, 0x5d, 0x80, 0x3f,
    0xee, 0x3, 0x0, 0xff, 0xe0, 0x46, 0xb0, 0x7,
    0xe0,

    /* U+FB7E "ﭾ" */
    0x3d, 0xff, 0x76, 0x4a, 0x80, 0x78, 0x48, 0x0,
    0x26, 0xd5, 0xf9, 0x2e, 0x60, 0x4f, 0x33, 0x3a,
    0x8, 0x1b, 0x42, 0x0, 0x21, 0x9a, 0x8f, 0x40,
    0xd, 0xe0, 0x1c, 0x9b, 0x6a, 0x51, 0x7d, 0x0,
    0x1a, 0xac, 0x93, 0x35, 0xd0, 0x40, 0x35, 0xa8,
    0x55, 0x98, 0x7, 0xd2, 0x81, 0x8a, 0x1, 0xf8,
    0x98, 0x28, 0xdb, 0xce, 0xf4, 0x3, 0x28, 0x12,
    0x80, 0x7f, 0xb4, 0x1c, 0x0, 0xde, 0x77, 0xa0,
    0x18, 0x40, 0x40, 0xd, 0xe7, 0x7a, 0x1, 0x88,
    0x10, 0x40, 0x3f, 0xd4, 0x0, 0xc2, 0x6f, 0x3b,
    0xd0, 0xc, 0x6c, 0x5, 0xb7, 0xc, 0xc7, 0x9c,
    0x90, 0x4, 0xb8, 0x1, 0x1e, 0x65, 0xc, 0x6e,
    0x1, 0x47, 0x41, 0x88, 0x0, 0x96, 0x7c, 0x0,

    /* U+FB7F "ﭿ" */
    0x3d, 0xff, 0x76, 0x4a, 0x80, 0x7f, 0x9, 0x0,
    0x4, 0xda, 0xbf, 0x25, 0xcc, 0x3, 0x13, 0xcc,
    0xce, 0x82, 0x6, 0xd0, 0x80, 0x1d, 0xc, 0xd4,
    0x7a, 0x0, 0x6f, 0x0, 0xfc, 0x9b, 0x6a, 0x46,
    0x15, 0x0, 0x1f, 0x55, 0x92, 0x66, 0xd8, 0x10,
    0x7, 0xd6, 0xa1, 0x56, 0x60, 0x61, 0x22, 0x1,
    0xd2, 0x81, 0x8a, 0x1, 0x20, 0x8b, 0xe1, 0x90,
    0x9, 0x82, 0x8d, 0xbc, 0xef, 0x6c, 0x5, 0xe6,
    0xcd, 0x40, 0x94, 0x3, 0xcb, 0x68, 0x20, 0x44,
    0xd0, 0x70, 0x3, 0x79, 0xde, 0x82, 0x5f, 0x7e,
    0x88, 0x80, 0x40, 0xd, 0xe7, 0x7a, 0x1, 0xf1,
    0x2, 0x8, 0x7, 0xff, 0x6, 0x80, 0x18, 0x4d,
    0xe7, 0x7a, 0x1, 0xf1, 0xb0, 0x16, 0xdc, 0x33,
    0x1e, 0x72, 0x40, 0x3a, 0x5c, 0x0, 0x8f, 0x32,
    0x86, 0x37, 0x0, 0xf4, 0x74, 0x18, 0x80, 0x9,
    0x67, 0xc0, 0x30,

    /* U+FB80 "ﮀ" */
    0xa, 0xff, 0x75, 0xb8, 0x80, 0x7e, 0x14, 0x8e,
    0xa4, 0x0, 0xaf, 0xfd, 0xd8, 0xe2, 0xb7, 0xee,
    0x2, 0x0, 0x13, 0x86, 0x0, 0xb8, 0x3, 0x9b,
    0x5c, 0xe, 0x6d, 0x1a, 0x33, 0xe4, 0x86, 0xb1,
    0x8a, 0x64, 0xe6, 0x3, 0x1c, 0xa0, 0x11, 0x1,
    0x35, 0x73, 0x80, 0x77, 0xfb, 0x65, 0x40, 0x3f,
    0xe2, 0x0, 0x10, 0x7, 0xcf, 0xad, 0x3a, 0x80,
    0x1e, 0x20, 0x3e, 0x7, 0x0, 0xf2, 0xea, 0xbe,
    0x98, 0x7, 0x9f, 0x5a, 0x75, 0x0, 0x3c, 0x40,
    0x7c, 0xe, 0x1, 0x0,

    /* U+FB81 "ﮁ" */
    0xa, 0xff, 0x75, 0xb8, 0x80, 0x7f, 0xc2, 0x91,
    0xd4, 0x80, 0x1e, 0xbf, 0xf7, 0x63, 0x8a, 0xdf,
    0xb8, 0x6, 0x10, 0x0, 0x9c, 0x30, 0x5, 0xc0,
    0x1f, 0x9b, 0x5c, 0x1, 0x16, 0x1, 0x23, 0x46,
    0x7c, 0x90, 0x98, 0x4d, 0x32, 0x4, 0xc9, 0xcc,
    0x6, 0x3b, 0x82, 0x27, 0x9b, 0x32, 0x2, 0x6a,
    0xe7, 0x2, 0xc5, 0x10, 0x22, 0x7f, 0xb6, 0x54,
    0x3, 0x15, 0x77, 0xe8, 0x80, 0x61, 0x1, 0x10,
    0x7, 0xfb, 0x38, 0xbf, 0xc0, 0x1f, 0xe7, 0x13,
    0x23, 0x0, 0xff, 0x8, 0x4, 0x20, 0x1f, 0xe7,
    0x13, 0x22, 0x0, 0x7f, 0xb7, 0x8b, 0xfc, 0x1,
    0xf0,

    /* U+FB82 "ﮂ" */
    0x0, 0xff, 0xe1, 0xd, 0x48, 0x7, 0xd0, 0xac,
    0x80, 0x1e, 0x91, 0x8, 0x0, 0xfa, 0xc0, 0xd4,
    0x3, 0xca, 0x61, 0xc0, 0x1f, 0x50, 0x20, 0x80,
    0x78, 0xc0, 0x4, 0x13, 0x6e, 0xd1, 0x60, 0x2,
    0x16, 0x48, 0x97, 0x10, 0x71, 0x14, 0xa0, 0x80,
    0xe, 0xa0, 0x0, 0xd7, 0xdf, 0xec, 0x50, 0xf,
    0xfe, 0x15, 0x71, 0x3f, 0xa8, 0x6, 0x51, 0x4b,
    0xc, 0x0, 0xd9, 0x2d, 0xd1, 0x0, 0x0,

    /* U+FB83 "ﮃ" */
    0x0, 0xff, 0xe2, 0x8d, 0x48, 0x7, 0xfa, 0x15,
    0x8c, 0x3, 0xfa, 0x4, 0x3c, 0x3, 0xf8, 0x60,
    0xd, 0x0, 0x3f, 0x98, 0x83, 0xc0, 0x3f, 0xd6,
    0x8, 0x20, 0x1f, 0xc6, 0x0, 0x60, 0xd, 0x34,
    0xea, 0xf6, 0x0, 0x88, 0x28, 0xb, 0x2c, 0x54,
    0x8, 0x8, 0x3d, 0x30, 0xca, 0x8, 0x0, 0xeb,
    0xd4, 0x0, 0xa0, 0xd7, 0xdf, 0xec, 0x51, 0xaf,
    0xf1, 0x80, 0x7f, 0xf0, 0xef, 0x8a, 0x3d, 0x0,
    0x3e, 0x41, 0x74, 0xc, 0x0, 0xfb, 0x25, 0x7a,
    0x20, 0x1, 0xc0,

    /* U+FB84 "ﮄ" */
    0x2, 0xeb, 0xd, 0xd0, 0x6, 0x71, 0x42, 0x2c,
    0x1, 0x2c, 0xd9, 0x55, 0x8, 0x3, 0x32, 0x2,
    0xa8, 0x3, 0xf2, 0x28, 0x7, 0xcf, 0x76, 0x10,
    0xf, 0x18, 0xc, 0x80, 0x79, 0x14, 0x1c, 0x40,
    0x3d, 0x0, 0x9, 0x0, 0xf1, 0x28, 0x28, 0x7,
    0xde, 0x4, 0x20, 0x1f, 0xc4, 0x15, 0x6e, 0xd1,
    0x60, 0x3, 0x15, 0x48, 0x97, 0x10, 0x80, 0x19,
    0x41, 0x0, 0x1d, 0x38, 0x0,

    /* U+FB85 "ﮅ" */
    0x2, 0xeb, 0xc, 0xd1, 0x0, 0xf3, 0x8a, 0x11,
    0x91, 0x0, 0x3c, 0xb3, 0x65, 0x54, 0x30, 0xf,
    0x99, 0x1, 0x54, 0x1, 0xff, 0x22, 0x0, 0x3f,
    0xcf, 0x74, 0x1, 0xfe, 0x30, 0x17, 0x0, 0xfe,
    0x44, 0x4, 0x0, 0x7f, 0xa0, 0x0, 0xc0, 0x1f,
    0xc6, 0x81, 0x60, 0x1f, 0xed, 0x2, 0x20, 0x7,
    0xf1, 0x80, 0x14, 0x3, 0x55, 0xba, 0xbd, 0x80,
    0x22, 0xa, 0x2, 0xa9, 0x15, 0x2, 0x2, 0xf,
    0x4c, 0x32, 0x82, 0x0, 0x3a, 0xf5, 0x0, 0x28,

    /* U+FB86 "ﮆ" */
    0x0, 0xc8, 0x1, 0xfa, 0x2e, 0x40, 0x3e, 0xd0,
    0xf0, 0xf, 0x6c, 0x75, 0xe0, 0x6, 0x12, 0x2c,
    0x62, 0x1, 0xe, 0xe8, 0xf3, 0x44, 0x3, 0x11,
    0x0, 0xc8, 0x3, 0xe1, 0x99, 0x0, 0x7d, 0xc,
    0xc3, 0x0, 0xf4, 0x8, 0x78, 0x7, 0x86, 0xc0,
    0xd0, 0x3, 0xca, 0x61, 0xe0, 0x1f, 0x50, 0x20,
    0x80, 0x78, 0xc0, 0x4, 0x13, 0x6e, 0xd1, 0x60,
    0x2, 0x16, 0x48, 0x97, 0x10, 0x71, 0x14, 0xa0,
    0x80, 0xe, 0xa0, 0x0,

    /* U+FB87 "ﮇ" */
    0x0, 0xc8, 0x1, 0xff, 0x3d, 0xc8, 0x7, 0xf8,
    0x83, 0xc0, 0x3f, 0xb2, 0x3a, 0xf4, 0x3, 0xf1,
    0x91, 0x61, 0x0, 0xfb, 0x70, 0xf7, 0x42, 0x1,
    0xf1, 0x18, 0x11, 0x0, 0x3f, 0xe9, 0x80, 0xf,
    0xf4, 0xb3, 0x98, 0x7, 0xf4, 0x8, 0x78, 0x7,
    0xf0, 0xc0, 0x1a, 0x0, 0x7f, 0x31, 0x7, 0x80,
    0x7f, 0xac, 0x10, 0x40, 0x3f, 0x8c, 0x0, 0xc0,
    0x1a, 0x69, 0xd5, 0xec, 0x1, 0x10, 0x50, 0x16,
    0x58, 0xa8, 0x10, 0x10, 0x7a, 0x61, 0x94, 0x10,
    0x1, 0xd7, 0xa8, 0x1, 0x40,

    /* U+FB88 "ﮈ" */
    0x0, 0x13, 0x80, 0x7e, 0x68, 0x0, 0xfc, 0xe1,
    0x5f, 0x80, 0x1f, 0x35, 0x1a, 0x0, 0x64, 0x1d,
    0x10, 0x60, 0x8, 0xa0, 0x7a, 0xdc, 0x80, 0x22,
    0xdc, 0xc7, 0x40, 0x7, 0x11, 0x98, 0x40, 0x3f,
    0x95, 0x40, 0x1f, 0x45, 0x50, 0x40, 0x3d, 0x40,
    0xb, 0x0, 0xf1, 0x40, 0x29, 0x80, 0x79, 0xc8,
    0x24, 0x3, 0xea, 0x5, 0x0, 0xf8, 0x80, 0x6,
    0x13, 0x6e, 0xd1, 0x60, 0x2, 0x16, 0x48, 0x97,
    0x10, 0x61, 0x14, 0xa0, 0x80, 0xe, 0x64, 0x0,

    /* U+FB89 "ﮉ" */
    0x0, 0xb, 0x80, 0x7f, 0xc5, 0x0, 0x1f, 0xf0,
    0x85, 0x7e, 0x0, 0x7f, 0x9a, 0x8d, 0x0, 0x3e,
    0x40, 0xe1, 0x7, 0x0, 0xf0, 0xc8, 0x6d, 0xb1,
    0x80, 0x78, 0x77, 0x31, 0xd2, 0x1, 0xf8, 0x8c,
    0xc2, 0x1, 0xff, 0xc0, 0x55, 0x0, 0x7f, 0xa2,
    0xa8, 0x20, 0x1f, 0xd4, 0x0, 0xb0, 0xf, 0xe2,
    0x80, 0x53, 0x0, 0xfe, 0x71, 0x9, 0x0, 0xff,
    0x48, 0x28, 0x80, 0x7f, 0x10, 0x1, 0xc0, 0x34,
    0xd3, 0xab, 0xd8, 0x2, 0x61, 0x40, 0x59, 0x62,
    0xa0, 0x40, 0x41, 0xe9, 0x86, 0x50, 0x40, 0x7,
    0x5e, 0xa0, 0x5,

    /* U+FB8A "ﮊ" */
    0x0, 0xcf, 0xe8, 0x1, 0xda, 0x4, 0x1, 0x8e,
    0x6d, 0x44, 0x0, 0x79, 0xa1, 0x98, 0x0, 0x10,
    0xab, 0xb, 0x80, 0x7, 0xac, 0xba, 0x80, 0x3f,
    0xf8, 0x3, 0xa, 0x1, 0xda, 0xf0, 0x1, 0xd2,
    0x4, 0x60, 0x19, 0x40, 0x8, 0x1, 0xc6, 0x1c,
    0x1, 0xff, 0xc0, 0x13, 0xf, 0x0, 0xd6, 0x0,
    0x70, 0x0, 0xda, 0x84, 0x9, 0x47, 0x20, 0x2b,
    0x82, 0x38, 0x2, 0x28, 0x0, 0xc4, 0xfc, 0xe0,
    0x1b, 0x60, 0x40, 0x30,

    /* U+FB8B "ﮋ" */
    0x0, 0xd9, 0xa2, 0x1, 0xf8, 0xc8, 0xc0, 0x3f,
    0x6e, 0x10, 0x7, 0x97, 0xd5, 0xbd, 0x80, 0x38,
    0x83, 0xb4, 0x3c, 0x3, 0x9e, 0xe6, 0x2e, 0x40,
    0x3c, 0x80, 0x4, 0x0, 0xfe, 0x22, 0x0, 0x7e,
    0xad, 0x80, 0xf, 0xc6, 0xa, 0x20, 0x1f, 0x58,
    0x1, 0xc0, 0x3e, 0x22, 0x5, 0x0, 0x7e, 0x60,
    0x3a, 0x62, 0x0, 0xe6, 0x0, 0x2c, 0xe0, 0x6,
    0x52, 0x7, 0x20, 0x40, 0x8, 0xe8, 0xe, 0x37,
    0xe8, 0x6, 0x30, 0x1, 0xc0, 0x19, 0x79, 0xc0,
    0x70, 0x80, 0x33, 0x0, 0x1b, 0x8c, 0x3, 0x8e,
    0xba, 0x40, 0x3e,

    /* U+FB8C "ﮌ" */
    0x0, 0x96, 0x80, 0x3e, 0x34, 0xcf, 0x90, 0xc,
    0x62, 0xd0, 0xc2, 0x1, 0x61, 0x58, 0x80, 0x80,
    0x15, 0x8b, 0xa6, 0x40, 0x12, 0xee, 0x6f, 0xb0,
    0x6, 0x23, 0x20, 0xf, 0xfe, 0x22, 0xe3, 0x80,
    0x7b, 0x8e, 0x40, 0x3d, 0xe0, 0x28, 0x1, 0xc8,
    0x21, 0x80, 0x1e, 0x50, 0x10, 0xf, 0x38, 0x8,
    0x7, 0x11, 0x86, 0x80, 0x61, 0xf0, 0x15, 0x0,
    0x93, 0xc8, 0x28, 0x0, 0x9b, 0x62, 0x14, 0x80,
    0x11, 0x1, 0xe2, 0x80, 0x48, 0xd7, 0x86, 0x1,
    0x80,

    /* U+FB8D "ﮍ" */
    0x0, 0x95, 0x0, 0x3f, 0xbb, 0x0, 0x3f, 0x85,
    0x3b, 0xd4, 0x3, 0xe3, 0x95, 0x80, 0xe, 0x17,
    0x66, 0x3, 0x0, 0x74, 0x13, 0x72, 0x40, 0x7,
    0x46, 0x63, 0x78, 0xc0, 0x38, 0x4c, 0xc4, 0x1,
    0xff, 0xc8, 0x7e, 0x80, 0xf, 0xda, 0x2e, 0x1,
    0xfa, 0x40, 0xa, 0x1, 0xf1, 0x90, 0x70, 0x7,
    0xe6, 0x4, 0xa6, 0x20, 0xe, 0x60, 0x2, 0xce,
    0x0, 0x64, 0x20, 0x72, 0x4, 0x0, 0x8e, 0x80,
    0xe3, 0x7e, 0x80, 0x63, 0x4, 0x38, 0x3, 0x2f,
    0x38, 0xe, 0x10, 0x6, 0x60, 0x3, 0x71, 0x80,
    0x71, 0xd7, 0x48, 0x7, 0xc0,

    /* U+FB8E "ﮎ" */
    0x0, 0xff, 0xe2, 0x29, 0x80, 0x7f, 0xf0, 0xdb,
    0x6a, 0x40, 0x3f, 0xf8, 0x2b, 0xb2, 0x40, 0x20,
    0x1f, 0xf1, 0x65, 0x10, 0x2e, 0xd8, 0x7, 0xf8,
    0x74, 0xc1, 0x76, 0x88, 0x3, 0xfe, 0x40, 0x2,
    0xd1, 0x0, 0x7f, 0xf0, 0x50, 0xc1, 0x64, 0x3,
    0xd5, 0x4, 0x1, 0xc3, 0x88, 0xd, 0x40, 0x18,
    0x55, 0xc4, 0x3, 0xeb, 0x60, 0x57, 0x0, 0x94,
    0x0, 0x60, 0x1f, 0xa5, 0x42, 0x8, 0x0, 0x20,
    0x1, 0x0, 0xfe, 0xa0, 0x5, 0x0, 0x4, 0x1,
    0x0, 0x1f, 0xe1, 0x2, 0x0, 0x20, 0x83, 0x75,
    0x3b, 0x2a, 0x99, 0xe7, 0x44, 0x8, 0x2, 0xc2,
    0x1, 0x58, 0x9a, 0xa4, 0xc3, 0x10, 0x24, 0x0,
    0x45, 0xb4, 0xa4, 0x20, 0x10, 0x92, 0x3e, 0x58,
    0x4,

    /* U+FB8F "ﮏ" */
    0x0, 0xff, 0xe2, 0x8, 0x7, 0xff, 0x18, 0xa7,
    0x98, 0x3, 0xff, 0x86, 0x55, 0xac, 0x14, 0x1,
    0xff, 0xc2, 0x9d, 0x50, 0x18, 0xd0, 0xf, 0xfe,
    0x0, 0xeb, 0x0, 0xc7, 0x38, 0x80, 0x7f, 0xf0,
    0x1c, 0x81, 0xb9, 0xc0, 0x3f, 0xf8, 0x6a, 0x0,
    0x51, 0x0, 0xfc, 0xa6, 0x1, 0xe3, 0xc0, 0x3c,
    0x10, 0xf, 0xab, 0x10, 0x3, 0xc7, 0x82, 0x5a,
    0x1, 0xe3, 0x0, 0x20, 0x7, 0xc7, 0xa0, 0x74,
    0x1, 0xcc, 0x1, 0xff, 0x1d, 0x2, 0xa8, 0x3,
    0x8, 0x2, 0x0, 0x3f, 0x94, 0x1, 0x62, 0x1,
    0x20, 0x83, 0xf4, 0xbb, 0x2a, 0x99, 0xe7, 0x40,
    0x3, 0xee, 0xa0, 0xd, 0x10, 0x16, 0x89, 0xaa,
    0x4c, 0x31, 0x2, 0x0, 0xc5, 0x40, 0x1f, 0x4a,
    0x90, 0x7, 0x9, 0xb5, 0xdb, 0x10, 0x43, 0x0,

    /* U+FB90 "ﮐ" */
    0x0, 0xf8, 0x40, 0x3c, 0x55, 0xca, 0x1, 0x15,
    0x6a, 0x87, 0x0, 0x27, 0x54, 0x6, 0x6c, 0x75,
    0x80, 0xa7, 0x98, 0x1c, 0x81, 0xf5, 0x80, 0x23,
    0x0, 0x31, 0x0, 0x65, 0xa0, 0x1c, 0x30, 0xc,
    0xb8, 0x22, 0xd1, 0x0, 0xc7, 0x82, 0x2d, 0x0,
    0xe2, 0xb0, 0x33, 0x0, 0x72, 0x80, 0x10, 0x11,
    0x54, 0xd6, 0x0, 0x10, 0x9a, 0xa4, 0xa0, 0x13,
    0x81, 0x0, 0x47, 0x18, 0x20,

    /* U+FB91 "ﮑ" */
    0x0, 0xf8, 0x40, 0x3f, 0x8a, 0x79, 0x40, 0x3c,
    0x55, 0xac, 0x1c, 0x1, 0xd1, 0xaa, 0x3, 0x36,
    0x1, 0xe, 0xb8, 0xc, 0xf3, 0x0, 0x66, 0x20,
    0x7e, 0x60, 0xf, 0x10, 0x1, 0x4, 0x3, 0xe5,
    0x90, 0x3c, 0x10, 0xf, 0x9a, 0x80, 0xb4, 0x3,
    0xf2, 0xc8, 0x1c, 0x80, 0x7e, 0x67, 0x6, 0x40,
    0xf, 0xd0, 0x0, 0x91, 0x0, 0x91, 0x54, 0xd4,
    0x0, 0x2f, 0x75, 0x9, 0xaa, 0x4a, 0x81, 0x80,
    0xc5, 0x39, 0x0, 0x47, 0x19, 0x84, 0x10, 0x30,

    /* U+FB92 "ﮒ" */
    0x0, 0xff, 0xe1, 0x98, 0x7, 0xff, 0x10, 0xef,
    0x10, 0x3, 0xff, 0x82, 0x55, 0x88, 0x86, 0x0,
    0xff, 0xe0, 0x46, 0xaa, 0x65, 0xb9, 0x80, 0x7f,
    0xad, 0xca, 0xec, 0xbb, 0x52, 0x1, 0xfe, 0x89,
    0xd1, 0xd9, 0x20, 0x10, 0xf, 0xf1, 0xa6, 0x51,
    0x2, 0xed, 0x80, 0x7f, 0x87, 0x4c, 0x17, 0x68,
    0x80, 0x3f, 0xe4, 0x0, 0x2d, 0x10, 0x7, 0xff,
    0x5, 0xc, 0x16, 0x40, 0x3d, 0x50, 0x40, 0x1c,
    0x38, 0x80, 0xd4, 0x1, 0x85, 0x5c, 0x40, 0x3e,
    0xb6, 0x5, 0x70, 0x9, 0x40, 0x6, 0x1, 0xfa,
    0x54, 0x20, 0x80, 0x2, 0x0, 0x10, 0xf, 0xea,
    0x0, 0x50, 0x0, 0x40, 0x10, 0x1, 0xfe, 0x10,
    0x20, 0x2, 0x8, 0x37, 0x53, 0xb2, 0xa9, 0x9e,
    0x74, 0x40, 0x80, 0x2c, 0x20, 0x15, 0x89, 0xaa,
    0x4c, 0x31, 0x2, 0x40, 0x4, 0x5b, 0x4a, 0x42,
    0x1, 0x9, 0x23, 0xe5, 0x80, 0x40,

    /* U+FB93 "ﮓ" */
    0x0, 0xff, 0xeb, 0xbe, 0x80, 0x7f, 0xf1, 0x5b,
    0xa0, 0xcc, 0x1, 0xff, 0xc2, 0x4d, 0x90, 0x8e,
    0x20, 0xf, 0xfe, 0xd, 0xd8, 0x9f, 0xd6, 0x79,
    0x80, 0x3f, 0xf8, 0x4, 0xbb, 0x57, 0xac, 0x14,
    0x1, 0xff, 0xc0, 0x9a, 0xbd, 0x50, 0x18, 0xd0,
    0xf, 0xfe, 0x0, 0xeb, 0x0, 0xc7, 0x38, 0x80,
    0x7f, 0xf0, 0x1c, 0x81, 0xb9, 0xc0, 0x3f, 0xf8,
    0x6a, 0x0, 0x51, 0x0, 0xfc, 0xa6, 0x1, 0xe3,
    0xc0, 0x3c, 0x10, 0xf, 0xab, 0x10, 0x3, 0xc7,
    0x82, 0x5a, 0x1, 0xe3, 0x0, 0x20, 0x7, 0xc7,
    0xa0, 0x74, 0x1, 0xcc, 0x1, 0xff, 0x1d, 0x2,
    0xa8, 0x3, 0x8, 0x2, 0x0, 0x3f, 0x94, 0x1,
    0x62, 0x1, 0x20, 0x83, 0xf4, 0xbb, 0x2a, 0x99,
    0xe7, 0x40, 0x3, 0xee, 0xa0, 0xd, 0x10, 0x16,
    0x89, 0xaa, 0x4c, 0x31, 0x2, 0x0, 0xc5, 0x40,
    0x1f, 0x4a, 0x90, 0x7, 0x9, 0xb5, 0xdb, 0x10,
    0x43, 0x0,

    /* U+FB94 "ﮔ" */
    0x0, 0xff, 0xe2, 0x3e, 0x80, 0x79, 0xba, 0xc,
    0xc0, 0x12, 0xec, 0x84, 0x71, 0x0, 0x2e, 0x89,
    0xf9, 0x6b, 0x94, 0x9, 0x7a, 0xa9, 0xaa, 0x1c,
    0x13, 0x51, 0xaa, 0x3, 0x36, 0x3, 0xac, 0x5,
    0x3c, 0xc0, 0x7, 0x20, 0x7d, 0x60, 0xc, 0x60,
    0x6, 0x20, 0xe, 0x5a, 0x1, 0xc3, 0x0, 0xe5,
    0xc1, 0x16, 0x88, 0x7, 0x1e, 0x8, 0xb4, 0x3,
    0xc5, 0x60, 0x66, 0x0, 0xf2, 0x80, 0x10, 0x0,
    0x8a, 0xa6, 0xb0, 0x0, 0x80, 0x26, 0xa9, 0x28,
    0x4, 0xe0, 0x2, 0x0, 0x8e, 0x30, 0x40,

    /* U+FB95 "ﮕ" */
    0x0, 0xff, 0xe3, 0xbe, 0x80, 0x7f, 0x37, 0x41,
    0x98, 0x3, 0xcb, 0xb2, 0x11, 0xc4, 0x1, 0xd7,
    0x44, 0xfc, 0xb3, 0xca, 0x1, 0x89, 0x7a, 0xa9,
    0xac, 0x1c, 0x1, 0xa6, 0xa7, 0x54, 0x6, 0x6c,
    0x3, 0xe, 0xb8, 0xc, 0xf3, 0x0, 0x73, 0x10,
    0x3f, 0x30, 0x7, 0xc4, 0x0, 0x41, 0x0, 0xfc,
    0xb2, 0x7, 0x82, 0x1, 0xf9, 0xa8, 0xb, 0x40,
    0x3f, 0x96, 0x40, 0xe4, 0x3, 0xf9, 0x9c, 0x19,
    0x0, 0x3f, 0xa0, 0x1, 0x22, 0x1, 0x91, 0x54,
    0xd4, 0x0, 0x2f, 0x75, 0x0, 0x4d, 0x52, 0x54,
    0xc, 0x6, 0x29, 0xc0, 0x80, 0x23, 0x8c, 0xc2,
    0x8, 0x18,

    /* U+FB96 "ﮖ" */
    0x0, 0xff, 0xe1, 0x98, 0x7, 0xff, 0x10, 0xef,
    0x10, 0x3, 0xff, 0x82, 0x55, 0x88, 0x86, 0x0,
    0xff, 0xe0, 0x46, 0xaa, 0x65, 0xb9, 0x80, 0x7f,
    0xad, 0xca, 0xec, 0xbb, 0x52, 0x1, 0xfe, 0x89,
    0xd1, 0xd9, 0x20, 0x10, 0xf, 0xf1, 0xa6, 0x51,
    0x2, 0xed, 0x80, 0x7f, 0x87, 0x4c, 0x17, 0x68,
    0x80, 0x3f, 0xe4, 0x0, 0x2d, 0x10, 0x7, 0xff,
    0x5, 0xc, 0x16, 0x40, 0x3d, 0x50, 0x40, 0x1c,
    0x38, 0x80, 0xd4, 0x1, 0x85, 0x5c, 0x40, 0x3e,
    0xb6, 0x5, 0x70, 0x9, 0x40, 0x6, 0x1, 0xfa,
    0x54, 0x20, 0x80, 0x2, 0x0, 0x10, 0xf, 0xea,
    0x0, 0x50, 0x0, 0x40, 0x10, 0x1, 0xfe, 0x10,
    0x20, 0x2, 0x8, 0x37, 0x53, 0xb2, 0xa9, 0x9e,
    0x74, 0x40, 0x80, 0x2c, 0x20, 0x15, 0x89, 0xaa,
    0x4c, 0x31, 0x2, 0x40, 0x4, 0x5b, 0x4a, 0x42,
    0x1, 0x9, 0x23, 0xe5, 0x80, 0x79, 0x6b, 0x7b,
    0xfe, 0xed, 0xb8, 0x30, 0xf, 0xfe, 0x2, 0x0,
    0x7f, 0xf1, 0x6a, 0xdc, 0x3, 0xff, 0x89, 0xa0,
    0x40, 0x1f, 0xfc, 0x47, 0xf5, 0x0, 0xff, 0xe2,
    0x37, 0xa8, 0x7, 0xff, 0x13, 0x3, 0x40, 0x3f,
    0xf8, 0x95, 0x70, 0x1, 0xfc,

    /* U+FB97 "ﮗ" */
    0x0, 0xff, 0xeb, 0xbe, 0x80, 0x7f, 0xf1, 0x5b,
    0xa0, 0xcc, 0x1, 0xff, 0xc2, 0x4d, 0x90, 0x8e,
    0x20, 0xf, 0xfe, 0xd, 0xd8, 0x9f, 0xd6, 0x79,
    0x80, 0x3f, 0xf8, 0x4, 0xbb, 0x57, 0xac, 0x14,
    0x1, 0xff, 0xc0, 0x9a, 0xbd, 0x50, 0x18, 0xd0,
    0xf, 0xfe, 0x0, 0xeb, 0x0, 0xc7, 0x38, 0x80,
    0x7f, 0xf0, 0x1c, 0x81, 0xb9, 0xc0, 0x3f, 0xf8,
    0x6a, 0x0, 0x51, 0x0, 0xfc, 0xa6, 0x1, 0xe3,
    0xc0, 0x3c, 0x10, 0xf, 0xab, 0x10, 0x3, 0xc7,
    0x82, 0x5a, 0x1, 0xe3, 0x0, 0x20, 0x7, 0xc7,
    0xa0, 0x74, 0x1, 0xcc, 0x1, 0xff, 0x1d, 0x2,
    0xa8, 0x3, 0x8, 0x2, 0x0, 0x3f, 0x94, 0x1,
    0x62, 0x1, 0x20, 0x83, 0xf4, 0xbb, 0x2a, 0x99,
    0xe7, 0x40, 0x3, 0xee, 0xa0, 0xd, 0x10, 0x16,
    0x89, 0xaa, 0x4c, 0x31, 0x2, 0x0, 0xc5, 0x40,
    0x1f, 0x4a, 0x90, 0x7, 0x9, 0xb5, 0xdb, 0x10,
    0x43, 0x0, 0x26, 0xad, 0xff, 0xee, 0xc9, 0x40,
    0x3b, 0xef, 0x40, 0xf, 0xc8, 0x1, 0xff, 0xc7,
    0x7b, 0xa0, 0xf, 0xfe, 0x31, 0x81, 0x0, 0x7f,
    0xf1, 0x93, 0xe0, 0x3, 0xff, 0x8c, 0x9f, 0x0,
    0x1f, 0xfc, 0x62, 0x3, 0x0, 0xff, 0xe3, 0x35,
    0xd8, 0x3, 0xfe,

    /* U+FB98 "ﮘ" */
    0x0, 0xff, 0xe2, 0x3e, 0x80, 0x79, 0xba, 0xc,
    0xc0, 0x12, 0xec, 0x84, 0x71, 0x0, 0x2e, 0x89,
    0xf9, 0x6b, 0x94, 0x9, 0x7a, 0xa9, 0xaa, 0x1c,
    0x13, 0x51, 0xaa, 0x3, 0x36, 0x3, 0xac, 0x5,
    0x3c, 0xc0, 0x7, 0x20, 0x7d, 0x60, 0xc, 0x60,
    0x6, 0x20, 0xe, 0x5a, 0x1, 0xc3, 0x0, 0xe5,
    0xc1, 0x16, 0x88, 0x7, 0x1e, 0x8, 0xb4, 0x3,
    0xc5, 0x60, 0x66, 0x0, 0xf2, 0x80, 0x10, 0x0,
    0x8a, 0xa6, 0xb0, 0x0, 0x80, 0x26, 0xa9, 0x28,
    0x4, 0xe0, 0x2, 0x0, 0x8e, 0x30, 0x40, 0x1f,
    0xfb, 0x1c, 0x40, 0x3c, 0x82, 0x1, 0xf3, 0x5d,
    0x0, 0x7c, 0xa0, 0x40, 0x1f, 0x1d, 0xc0, 0x7,
    0xcb, 0x7a, 0x1, 0xf3, 0x2, 0x80, 0x60,

    /* U+FB99 "ﮙ" */
    0x0, 0xff, 0xe3, 0xbe, 0x80, 0x7f, 0x37, 0x41,
    0x98, 0x3, 0xcb, 0xb2, 0x11, 0xc4, 0x1, 0xd7,
    0x44, 0xfc, 0xb3, 0xca, 0x1, 0x89, 0x7a, 0xa9,
    0xac, 0x1c, 0x1, 0xa6, 0xa7, 0x54, 0x6, 0x6c,
    0x3, 0xe, 0xb8, 0xc, 0xf3, 0x0, 0x73, 0x10,
    0x3f, 0x30, 0x7, 0xc4, 0x0, 0x41, 0x0, 0xfc,
    0xb2, 0x7, 0x82, 0x1, 0xf9, 0xa8, 0xb, 0x40,
    0x3f, 0x96, 0x40, 0xe4, 0x3, 0xf9, 0x9c, 0x19,
    0x0, 0x3f, 0xa0, 0x1, 0x22, 0x1, 0x91, 0x54,
    0xd4, 0x0, 0x2f, 0x75, 0x0, 0x4d, 0x52, 0x54,
    0xc, 0x6, 0x29, 0xc0, 0x80, 0x23, 0x8c, 0xc2,
    0x8, 0x18, 0x7f, 0xec, 0x70, 0x3b, 0xef, 0x40,
    0xc, 0x82, 0x1, 0xfe, 0x6b, 0xa0, 0xf, 0xf2,
    0x81, 0x0, 0x7f, 0x8e, 0xe0, 0x3, 0xfc, 0xb7,
    0xa0, 0x1f, 0xe6, 0x5, 0x0, 0xf8,

    /* U+FB9A "ﮚ" */
    0x0, 0xff, 0x97, 0xe0, 0x3, 0xff, 0x82, 0x30,
    0x9e, 0xa, 0x1, 0xff, 0xc1, 0x67, 0xb8, 0x6e,
    0x5, 0x0, 0xff, 0x90, 0x50, 0xa5, 0xb6, 0x94,
    0x3, 0xfc, 0x7d, 0x67, 0x94, 0x50, 0xa0, 0x1f,
    0xf1, 0x56, 0x1b, 0x73, 0x42, 0x0, 0x7f, 0xa5,
    0x53, 0x62, 0x1c, 0xf0, 0x1, 0xfe, 0x9b, 0xb5,
    0x73, 0x0, 0x14, 0x3, 0xfc, 0x41, 0xce, 0x0,
    0x7e, 0x90, 0xf, 0xf1, 0x58, 0x83, 0xf4, 0x8,
    0x7, 0xfc, 0xe0, 0x5, 0x81, 0x0, 0xff, 0xe0,
    0xaa, 0x2, 0xd0, 0x7, 0xae, 0x48, 0x3, 0xd6,
    0xa0, 0xb6, 0x1, 0x85, 0x18, 0x40, 0x3e, 0xa7,
    0x4, 0x80, 0x9, 0x40, 0x6, 0x1, 0xfa, 0x18,
    0x1c, 0x80, 0x2, 0x0, 0x10, 0xf, 0xe9, 0x0,
    0x50, 0x0, 0x40, 0x16, 0x1, 0xfe, 0x10, 0x20,
    0x2, 0x10, 0x2f, 0x53, 0xb2, 0xa9, 0x9e, 0x74,
    0x43, 0x40, 0x2f, 0x20, 0x15, 0x89, 0xaa, 0x4c,
    0x31, 0x2, 0xb8, 0x4, 0x5b, 0x4a, 0x42, 0x1,
    0x9, 0x23, 0xe5, 0x0, 0x40,

    /* U+FB9B "ﮛ" */
    0x0, 0xff, 0x9f, 0xd8, 0x3, 0xff, 0x86, 0x30,
    0x76, 0x1a, 0x1, 0xff, 0xc3, 0xb7, 0xef, 0x69,
    0x4, 0x0, 0xff, 0xe0, 0xf8, 0x29, 0xca, 0x75,
    0x98, 0x7, 0xff, 0x1, 0x7e, 0x13, 0x64, 0x24,
    0xc0, 0x3f, 0xf8, 0x25, 0x76, 0x27, 0xe7, 0x82,
    0x0, 0xff, 0xe0, 0x7a, 0x2e, 0xcc, 0x73, 0xd8,
    0x7, 0xff, 0x2, 0x72, 0xa9, 0xce, 0x1, 0xff,
    0xc3, 0x47, 0xe7, 0x0, 0x2e, 0xc8, 0x7, 0xff,
    0x0, 0xec, 0x41, 0x76, 0x88, 0x3, 0xff, 0x82,
    0xa0, 0x9, 0xa2, 0x0, 0xff, 0xe1, 0xb8, 0x84,
    0x18, 0x7, 0xe8, 0x61, 0x0, 0xe1, 0xf2, 0x1d,
    0x20, 0xf, 0xb, 0xc9, 0x0, 0x78, 0x70, 0x87,
    0x4, 0x3, 0x94, 0x0, 0x60, 0x1f, 0xe, 0x8,
    0xa8, 0x3, 0x84, 0x3, 0xfe, 0x1a, 0x4, 0x50,
    0xc, 0x20, 0x9, 0x0, 0xfe, 0x40, 0x5, 0x88,
    0x4, 0x82, 0xd, 0xd2, 0xec, 0xaa, 0x67, 0x9e,
    0x0, 0xf, 0xba, 0x80, 0x34, 0x40, 0x5a, 0x26,
    0xa9, 0x30, 0xc2, 0x8, 0x3, 0x15, 0x0, 0x7d,
    0x4a, 0x40, 0x1c, 0x26, 0xd7, 0x6c, 0x41, 0xc,

    /* U+FB9C "ﮜ" */
    0x0, 0x8e, 0x48, 0x3, 0xef, 0x68, 0x0, 0xcd,
    0xf0, 0x81, 0x80, 0x1b, 0x1, 0x23, 0xda, 0x34,
    0x1, 0xf, 0xe0, 0xdc, 0xe6, 0x60, 0x28, 0x7d,
    0x91, 0x8e, 0x20, 0x5, 0x59, 0x37, 0x2c, 0xf2,
    0x80, 0x13, 0x62, 0x1a, 0xc1, 0xc1, 0x57, 0x5c,
    0xc0, 0x31, 0x60, 0x3a, 0xe0, 0x33, 0xce, 0x0,
    0x72, 0x6, 0xe6, 0x0, 0xc6, 0x0, 0x72, 0x0,
    0xe5, 0xa0, 0x1c, 0x30, 0xe, 0x5c, 0x1, 0xd1,
    0x0, 0xe3, 0xc0, 0x1a, 0x0, 0xf1, 0xd0, 0x21,
    0x80, 0x79, 0x40, 0x8, 0x0, 0x45, 0x53, 0x58,
    0x0, 0x40, 0x13, 0x54, 0x94, 0x2, 0x70, 0x1,
    0x0, 0x47, 0x18, 0x20,

    /* U+FB9D "ﮝ" */
    0x0, 0x8e, 0x48, 0x3, 0xfd, 0xed, 0x0, 0x1f,
    0x37, 0xc2, 0x6, 0x0, 0x7d, 0x80, 0x91, 0xed,
    0x1a, 0x1, 0xd0, 0xfe, 0xd, 0xce, 0x66, 0x0,
    0xc5, 0xf, 0xb2, 0x31, 0xc4, 0x1, 0xd5, 0x64,
    0xdc, 0xd3, 0xca, 0x1, 0xc9, 0xb1, 0xe, 0x60,
    0xe0, 0xd, 0x57, 0x5c, 0xc0, 0x31, 0x60, 0x18,
    0x75, 0xc0, 0x67, 0x9c, 0x3, 0x98, 0x81, 0xf9,
    0x80, 0x3e, 0x20, 0x2, 0x8, 0x7, 0xe5, 0x90,
    0x3d, 0x10, 0xf, 0xcd, 0x20, 0x7a, 0x1, 0xfc,
    0xd2, 0x7, 0x20, 0x1f, 0xcc, 0xe0, 0xc8, 0x1,
    0xfd, 0x0, 0x9, 0x10, 0xc, 0x8a, 0xa6, 0xa0,
    0x1, 0x7b, 0xa8, 0x2, 0x6a, 0x92, 0xa0, 0x60,
    0x31, 0x4e, 0x4, 0x1, 0x1c, 0x66, 0x10, 0x40,
    0xc0,

    /* U+FB9E "ﮞ" */
    0x0, 0xff, 0x98, 0x3, 0xfe, 0x1e, 0x96, 0x0,
    0xff, 0xa, 0x85, 0x80, 0x26, 0x44, 0x1, 0xed,
    0x2, 0x10, 0x66, 0x38, 0x7, 0x9c, 0x0, 0xa8,
    0x0, 0x40, 0xf, 0x8, 0x0, 0x88, 0x0, 0x10,
    0xf, 0xe3, 0x0, 0xff, 0x20, 0x1, 0xd4, 0x1,
    0x20, 0x1c, 0x52, 0x6, 0x46, 0x40, 0xdb, 0xc,
    0xca, 0xd2, 0xf, 0x0, 0x79, 0x1, 0x3c, 0xc9,
    0x40, 0x14, 0x60, 0x2, 0xd9, 0x41, 0x0, 0x13,
    0xf2, 0x80, 0x0,

    /* U+FB9F "ﮟ" */
    0x0, 0xff, 0x90, 0xc0, 0x3f, 0xf8, 0x59, 0x70,
    0x1, 0xc6, 0x20, 0x1f, 0x20, 0x28, 0x7, 0x77,
    0x18, 0x3, 0xd6, 0x2, 0x80, 0x11, 0x10, 0x14,
    0x3, 0xc6, 0x0, 0xa8, 0x52, 0x70, 0x1, 0x80,
    0x7f, 0xb, 0xd7, 0x98, 0x7, 0xff, 0x1, 0x48,
    0x10, 0xc0, 0x8, 0x1, 0xe7, 0x0, 0x5e, 0xfc,
    0xa0, 0x2, 0xd8, 0x40, 0x7, 0x30, 0xa, 0x20,
    0x10, 0xc8, 0x2, 0x7b, 0xfd, 0x8c, 0x5, 0x60,
    0x1c, 0xd4, 0x40, 0x1e, 0x7d, 0x10, 0xf, 0x2e,
    0xea, 0xea, 0x99, 0xf0, 0x1, 0xe0,

    /* U+FBA0 "ﮠ" */
    0x0, 0xe6, 0x30, 0xf, 0xfe, 0x5, 0x20, 0x7,
    0xff, 0x1, 0xef, 0xbd, 0x0, 0x3f, 0xc7, 0x9,
    0xe0, 0x1f, 0x85, 0x5d, 0xc0, 0x20, 0x1f, 0xac,
    0x5f, 0x9a, 0x0, 0x3f, 0x5e, 0x63, 0x74, 0x40,
    0x1f, 0x84, 0xcc, 0x40, 0x10, 0x80, 0x7f, 0xc3,
    0x5c, 0x80, 0x1f, 0xe1, 0x70, 0xf0, 0x3, 0x28,
    0x7, 0xd4, 0x8, 0x0, 0x8a, 0x60, 0xf, 0x28,
    0x1, 0xc, 0x41, 0xc0, 0x3c, 0x40, 0x2, 0x50,
    0x0, 0x80, 0x7f, 0x18, 0x7, 0xf9, 0x0, 0xc,
    0x40, 0x8, 0x0, 0xe1, 0x90, 0x23, 0x42, 0x7,
    0xd8, 0x66, 0x4f, 0x10, 0x48, 0x3, 0xc4, 0x9,
    0xe6, 0x4c, 0x0, 0x94, 0x0, 0x17, 0x41, 0x88,
    0x0, 0x9b, 0x58, 0x0,

    /* U+FBA1 "ﮡ" */
    0x0, 0xec, 0x70, 0xf, 0xfe, 0xa3, 0xd7, 0xf9,
    0x80, 0x3f, 0xf8, 0xc, 0x12, 0x7a, 0x1, 0xff,
    0x51, 0x12, 0x4b, 0xc0, 0x3f, 0xeb, 0xcc, 0x6f,
    0x20, 0x7, 0xfc, 0x26, 0x62, 0x0, 0xff, 0xe3,
    0x8a, 0xa0, 0x7, 0xff, 0xb, 0x6b, 0xc0, 0x38,
    0xc4, 0x3, 0xeb, 0x4, 0x0, 0xee, 0xe3, 0x0,
    0x79, 0x0, 0x8, 0x1, 0x11, 0x1, 0x40, 0x3c,
    0x60, 0xa, 0x85, 0x27, 0x0, 0x18, 0x7, 0xf0,
    0xbd, 0x79, 0x80, 0x7f, 0xf0, 0x14, 0x81, 0xc,
    0x0, 0x80, 0x1e, 0x70, 0x5, 0xef, 0xca, 0x0,
    0x2d, 0x84, 0x0, 0x73, 0x0, 0xa2, 0x1, 0xc,
    0x80, 0x27, 0xbf, 0xd8, 0xc0, 0x56, 0x1, 0xcd,
    0x44, 0x1, 0xe7, 0xd1, 0x0, 0xf2, 0xee, 0xae,
    0xa9, 0x9f, 0x0, 0x1e,

    /* U+FBA2 "ﮢ" */
    0x7, 0x20, 0xd, 0x2e, 0x1, 0x8e, 0x3f, 0xc8,
    0x26, 0x34, 0x5b, 0x82, 0x74, 0x75, 0x99, 0x6f,
    0x18, 0x99, 0x88, 0x3, 0x8c, 0x2, 0x3e, 0xc3,
    0x0, 0x10, 0x82, 0x0, 0x4, 0xc3, 0x0, 0x24,
    0x5, 0x0, 0xb8, 0x4, 0x3, 0xe4, 0x78, 0x4,
    0x9, 0x81, 0x8, 0x2, 0x15, 0xc3, 0x0,

    /* U+FBA3 "ﮣ" */
    0x0, 0x27, 0x80, 0x7f, 0xf1, 0x9c, 0x2f, 0xec,
    0x3, 0xe7, 0xa4, 0x30, 0xc, 0x83, 0xa0, 0x1,
    0x0, 0x8a, 0x7, 0xa9, 0xc8, 0x2, 0x2d, 0xcc,
    0x74, 0x0, 0x71, 0x19, 0x84, 0x3, 0xe3, 0x30,
    0x80, 0x7d, 0x19, 0x20, 0x1f, 0x20, 0x70, 0x7,
    0x94, 0x0, 0x60, 0x19, 0x22, 0x80, 0x17, 0xc,
    0x81, 0x2e, 0x0, 0x11, 0x3c, 0xd9, 0x90, 0xa6,
    0x61, 0x44, 0x8, 0x80,

    /* U+FBA4 "ﮤ" */
    0x0, 0xff, 0x93, 0xbd, 0x0, 0x3b, 0xca, 0xd4,
    0x3, 0x84, 0x4a, 0x40, 0x1d, 0xa5, 0xd8, 0x20,
    0x1b, 0x96, 0x78, 0x40, 0x34, 0xdb, 0x8, 0x7,
    0xb6, 0xc0, 0x3d, 0x6, 0x98, 0x20, 0x1b, 0xc0,
    0x7, 0xa0, 0x12, 0x40, 0x30, 0x1c, 0x0, 0x24,
    0x22, 0x60, 0x1c, 0xc, 0x81, 0xc1, 0xc0, 0x6,
    0xa0, 0x20, 0x1c, 0xe6, 0x3, 0x4b, 0x60, 0x5,
    0x51, 0x2, 0xd2, 0x3, 0x8, 0x62, 0x88, 0x14,
    0x48, 0x0,

    /* U+FBA5 "ﮥ" */
    0x0, 0xff, 0xe1, 0x9e, 0xfa, 0x0, 0x7e, 0x81,
    0xb5, 0x0, 0xff, 0x20, 0x80, 0x7e, 0xf3, 0xdf,
    0x10, 0xf, 0xbc, 0x6, 0x0, 0x3f, 0x4f, 0x63,
    0x88, 0x7, 0xc4, 0x20, 0x1f, 0xfc, 0x1, 0xff,
    0x20, 0x7, 0xc2, 0xe0, 0x1, 0x0, 0xe2, 0xae,
    0x90, 0x1, 0x80, 0x64, 0xd5, 0x0, 0xc2, 0x1,
    0xa8, 0xa, 0xfc, 0x40, 0x39, 0x44, 0x31, 0x0,
    0xc3, 0xc0, 0x23, 0x0, 0x20, 0x0, 0x40, 0x40,
    0x24, 0x0, 0x57, 0xf8, 0xc1, 0x40, 0x22, 0xa1,
    0x0, 0xe3, 0x96, 0x20, 0x5e, 0xba, 0xa8, 0x0,
    0xd3, 0x80, 0x12, 0x2a, 0xd8, 0x82, 0x8,

    /* U+FBA6 "ﮦ" */
    0x0, 0x84, 0x3, 0xe1, 0xcc, 0x8, 0x7, 0x49,
    0x1e, 0x8, 0x6, 0xf0, 0x1, 0x60, 0x4, 0x90,
    0xc, 0x5, 0x0, 0x9, 0x8, 0x98, 0x7, 0x4,
    0x20, 0x70, 0x70, 0x1, 0x90, 0x8, 0x7, 0x39,
    0x80, 0xd2, 0xd8, 0x1, 0x54, 0x40, 0xb4, 0x80,
    0xc2, 0x18, 0xa2, 0x5, 0x12, 0x0,

    /* U+FBA7 "ﮧ" */
    0x0, 0x85, 0x14, 0x80, 0x3f, 0x4f, 0x5d, 0x6c,
    0x0, 0x7b, 0x18, 0x3, 0x38, 0x7, 0x31, 0x84,
    0x76, 0x80, 0x18, 0x3, 0x60, 0x23, 0x89, 0x28,
    0x58, 0x6, 0x30, 0xe, 0x90, 0x2c, 0x64, 0xc,
    0x4, 0x0, 0x8d, 0x40, 0xe6, 0xcd, 0x5a, 0xc0,
    0x35, 0x39, 0x1, 0x10,

    /* U+FBA8 "ﮨ" */
    0x0, 0xf1, 0x4f, 0x8, 0x1, 0x85, 0xc0, 0x88,
    0x18, 0x0, 0x50, 0x70, 0x7, 0x1, 0x0, 0x72,
    0x3c, 0x1, 0xcc, 0x8, 0x41, 0xa, 0x62, 0x7f,
    0x68, 0x80, 0x12, 0xc, 0x1, 0x83, 0x0, 0xa,
    0x5d, 0x0,

    /* U+FBA9 "ﮩ" */
    0x0, 0x56, 0x18, 0x7, 0xcb, 0x6a, 0x60, 0x18,
    0xd4, 0xc2, 0xd0, 0x3, 0x1f, 0x65, 0x60, 0x1,
    0x4, 0x1c, 0x34, 0x40, 0x8, 0x1d, 0x68, 0x18,
    0xa2, 0x2c, 0xfb, 0x0, 0xbc, 0x1b, 0x42, 0xc,
    0x3, 0x94, 0x44, 0xe0, 0xa0, 0x1f, 0x48, 0x4,
    0x20, 0x1f, 0x3a, 0x4, 0x10, 0x7, 0xeb, 0xe7,
    0x0, 0xe0,

    /* U+FBAA "ﮪ" */
    0x0, 0xe1, 0xb2, 0x0, 0xff, 0xa9, 0x35, 0x40,
    0x3f, 0xc4, 0x0, 0xa9, 0x0, 0xfc, 0xec, 0x1,
    0x35, 0x80, 0x7d, 0x1, 0x7a, 0x0, 0x4c, 0x0,
    0xe2, 0x0, 0x21, 0x10, 0x0, 0x76, 0x1, 0xf1,
    0x14, 0x16, 0x8, 0xc0, 0x11, 0x18, 0x7f, 0x1,
    0xa3, 0x5, 0x14, 0x2a, 0x28, 0x11, 0x82, 0x2a,
    0x80, 0xa, 0xf5, 0x6c, 0x1, 0x9e, 0x8c, 0x2c,
    0x4c, 0x0, 0x2b, 0x50, 0x60, 0x2, 0x87,

    /* U+FBAB "ﮫ" */
    0x0, 0xf8, 0x50, 0x80, 0x3f, 0xe7, 0xeb, 0xd5,
    0x0, 0xfe, 0x78, 0x0, 0xa8, 0x3, 0xf0, 0xc0,
    0x36, 0x0, 0x10, 0x3, 0xe9, 0x1, 0x93, 0x0,
    0x8, 0x7, 0xca, 0xc, 0x4, 0x0, 0x70, 0xf,
    0x9, 0x6, 0x4, 0x82, 0x10, 0x4, 0x50, 0xcc,
    0x0, 0x77, 0x10, 0x0, 0xec, 0xa1, 0x4f, 0x30,
    0x0, 0x51, 0x0, 0x24, 0x4d, 0x3f, 0x10, 0x6,
    0x7b, 0xa3, 0x0, 0xc6, 0xdb, 0xfe, 0x0, 0x91,
    0x74, 0x1, 0xde, 0x80, 0x19, 0x1, 0xd4, 0x14,
    0x0, 0x40, 0x1e, 0x90, 0x5, 0x7d, 0x80, 0x98,
    0x7, 0x8b, 0x8, 0x2, 0x1a, 0x0, 0xfc, 0x7b,
    0xaa, 0xbe, 0x40, 0x8,

    /* U+FBAC "ﮬ" */
    0x0, 0x9a, 0x40, 0x3f, 0x8a, 0x5b, 0x8, 0x3,
    0xe3, 0x20, 0x3d, 0x40, 0xf, 0x61, 0x0, 0x56,
    0xc0, 0x19, 0x88, 0x9c, 0xe0, 0x9, 0x70, 0xb,
    0x81, 0x6, 0xc0, 0x28, 0x60, 0x7, 0x82, 0x2,
    0x1, 0xc0, 0x48, 0x82, 0x81, 0x5c, 0x5, 0x38,
    0x83, 0xaa, 0x84, 0x10, 0x0, 0x30, 0x20, 0x37,
    0x2, 0x1, 0xa1, 0xc0, 0xa, 0x22, 0x48, 0xb6,
    0x20, 0x1, 0xd9, 0x0,

    /* U+FBAD "ﮭ" */
    0x0, 0xe2, 0x41, 0x0, 0xfe, 0xad, 0xbf, 0x30,
    0xf, 0xa9, 0x40, 0x3, 0xe0, 0x1e, 0x45, 0x9,
    0x90, 0x18, 0x7, 0xa0, 0x11, 0x94, 0x0, 0x20,
    0x18, 0x4c, 0x3c, 0x14, 0x4, 0x40, 0x19, 0x40,
    0x8, 0x36, 0x12, 0x1, 0x93, 0x80, 0x13, 0xc4,
    0x1c, 0xec, 0x81, 0x2a, 0x0, 0x60, 0x9, 0xa2,
    0x6c, 0xcc, 0x1, 0x4d, 0xc8, 0x80, 0x44, 0x4e,
    0xb0, 0x1, 0x23, 0x50, 0xf, 0xe8, 0x82, 0x8,
    0x51, 0x86, 0x0, 0x80, 0x75, 0x80, 0xe7, 0xb8,
    0x20, 0x7, 0x2c, 0x88, 0x4, 0x52, 0x1, 0xe6,
    0xec, 0xac, 0xd2, 0x0, 0x80,

    /* U+FBAE "ﮮ" */
    0x0, 0xc3, 0x7f, 0x62, 0x1, 0xff, 0xc2, 0xd4,
    0x4, 0xc0, 0xf, 0xfe, 0xc, 0x98, 0x50, 0x13,
    0x80, 0x7f, 0xd0, 0xc1, 0x2a, 0xc1, 0x40, 0x1f,
    0xe7, 0x70, 0x3b, 0x5, 0x8d, 0x0, 0x7f, 0x1c,
    0x4, 0xc0, 0x0, 0xb9, 0xc0, 0x3f, 0x94, 0x0,
    0x80, 0x1f, 0xfc, 0x35, 0x0, 0x6e, 0x54, 0x3b,
    0x37, 0x9e, 0x2b, 0x48, 0xe4, 0x0, 0x6a, 0xf1,
    0x33, 0xe8, 0x75, 0x22, 0x3, 0x74, 0xa9, 0x88,
    0x7, 0xc2, 0x6b, 0x20,

    /* U+FBAF "ﮯ" */
    0x0, 0xf8, 0x91, 0x56, 0x0, 0xcb, 0x5d, 0xfb,
    0x75, 0x53, 0x82, 0xf5, 0x28, 0x80, 0x79, 0x16,
    0x84, 0x16, 0x2f, 0x7b, 0xfe, 0x38, 0x4, 0xea,
    0x74, 0x21, 0x0, 0xc4, 0x4, 0x20, 0x1f, 0xc8,
    0xd, 0xb0, 0xc8, 0x9c, 0xe1, 0x46, 0x4, 0xf3,
    0x77, 0xd2, 0x3, 0x96, 0xc6, 0x20, 0x1c, 0xa0,

    /* U+FBB0 "ﮰ" */
    0x0, 0xff, 0xe4, 0xb7, 0xf8, 0x40, 0x3f, 0xf8,
    0x72, 0xb6, 0x20, 0x1f, 0xfc, 0x31, 0x34, 0x20,
    0xf, 0xfe, 0x1b, 0xb7, 0xe0, 0x7, 0xff, 0xd,
    0xd2, 0x30, 0x3, 0xff, 0x87, 0xd6, 0xe0, 0xa2,
    0x1, 0xff, 0xc3, 0x3d, 0xae, 0x50, 0xf, 0xfe,
    0x8, 0xe8, 0x5, 0x42, 0x1, 0xff, 0xc0, 0xd1,
    0x16, 0x80, 0x24, 0x3, 0xfe, 0xb3, 0xa, 0x28,
    0x6, 0x0, 0xff, 0x52, 0x4, 0xa0, 0x31, 0xd0,
    0x7, 0xf1, 0xa8, 0x53, 0x0, 0x7, 0x10, 0x3,
    0xf9, 0x40, 0xc, 0x1, 0xff, 0xc3, 0x50, 0x6,
    0x6d, 0x43, 0xb3, 0x79, 0xe2, 0xf4, 0x8e, 0x40,
    0x4, 0xaf, 0x13, 0x3e, 0x87, 0x42, 0x20, 0x37,
    0xd3, 0x18, 0x80, 0x7c, 0x26, 0xb2, 0x0,

    /* U+FBB1 "ﮱ" */
    0x0, 0xff, 0xe1, 0xd7, 0xd8, 0x7, 0xf2, 0xaa,
    0xa0, 0x3, 0xf9, 0x80, 0x4c, 0x40, 0x3f, 0x11,
    0x2f, 0xe4, 0x3, 0xf2, 0x9a, 0xd4, 0x0, 0x7e,
    0x4e, 0xa5, 0x0, 0x12, 0x2a, 0xc0, 0x19, 0x6b,
    0xbf, 0x6e, 0xaa, 0x70, 0x5e, 0xa5, 0x10, 0xf,
    0x22, 0xd0, 0x82, 0xc5, 0xef, 0x7f, 0xc7, 0x0,
    0x9d, 0x4e, 0x84, 0x20, 0x18, 0x80, 0x84, 0x3,
    0xf9, 0x1, 0xb6, 0x19, 0x13, 0x9c, 0x28, 0xc0,
    0x9e, 0x6e, 0xfa, 0x40, 0x72, 0xd8, 0xc4, 0x3,
    0x94, 0x0,

    /* U+FBB2 "﮲" */
    0x8, 0x50, 0x67, 0xa0, 0x51, 0x40,

    /* U+FBB3 "﮳" */
    0x6, 0x30, 0x69, 0xc0, 0x51, 0x50,

    /* U+FBB4 "﮴" */
    0x6, 0x30, 0x55, 0x3, 0x4e, 0x1d, 0x50, 0x94,
    0x50, 0x8b, 0x0,

    /* U+FBB5 "﮵" */
    0x37, 0x1, 0x71, 0xd8, 0x7a, 0x8b, 0x70, 0x4c,
    0xc,

    /* U+FBB6 "﮶" */
    0x0, 0x6e, 0x0, 0x42, 0x46, 0x1, 0x2e, 0x61,
    0x2, 0x6e, 0xd3, 0x6f, 0xe1, 0xba, 0x3,

    /* U+FBB7 "﮷" */
    0x1, 0xeb, 0x0, 0xc2, 0xc0, 0x11, 0x76, 0x18,
    0x4e, 0x3d, 0xe2, 0x78, 0x11, 0x1, 0xc0,

    /* U+FBB8 "﮸" */
    0x6f, 0x56, 0xf5, 0xe0, 0xdf, 0xd, 0x8b, 0xbd,
    0x0, 0xb9, 0xa8, 0x1, 0x11, 0x80, 0x0,

    /* U+FBB9 "﮹" */
    0x6f, 0x48, 0xf3, 0xf0, 0x22, 0x3, 0xce, 0xa5,
    0xea, 0x0, 0x37, 0x8, 0x0, 0x62, 0xc0, 0x0,

    /* U+FBBA "﮺" */
    0x4f, 0x68, 0xf3, 0x20, 0xe2, 0x7, 0x6b, 0x8a,
    0xb4, 0x5b, 0x8a, 0xb4, 0x10, 0xe2, 0x7,

    /* U+FBBB "﮻" */
    0x4f, 0x65, 0xf4, 0x20, 0xed, 0x2, 0x6a, 0x88,
    0x53, 0x2d, 0x44, 0x29, 0x84, 0x3b, 0x80, 0x60,

    /* U+FBBC "﮼" */
    0x6, 0x16, 0x21, 0x92, 0x97, 0x0, 0x84, 0xc4,
    0x1c, 0x0,

    /* U+FBBD "﮽" */
    0x4, 0x15, 0xbd, 0x60, 0x53, 0xb8, 0x5b, 0xd6,
    0x5,

    /* U+FBBE "﮾" */
    0x4, 0x15, 0xbd, 0x60, 0x53, 0xc8, 0x5c, 0xd6,
    0x16,

    /* U+FBBF "﮿" */
    0x1b, 0xf7, 0x6, 0x7b, 0x82, 0xf7, 0x50, 0x5,
    0x2f, 0x21, 0x13, 0xb6, 0xc0,

    /* U+FBC0 "﯀" */
    0xa, 0x50, 0xc, 0xd3, 0xde, 0x80, 0xe7, 0x9,
    0xe2, 0xce, 0xe0, 0x1b, 0x27, 0xe6, 0x8b, 0xcc,
    0x6e, 0x88,

    /* U+FBC1 "﯁" */
    0x4, 0x10, 0xd, 0x2a, 0x1, 0x86, 0x3f, 0x0,
    0x2, 0xf4, 0x66, 0xa2, 0x4a, 0x53, 0xad, 0xd7,
    0x50, 0x0,

    /* U+FBC2 "﯂" */
    0x0, 0xff, 0x57, 0xe8, 0x80, 0x29, 0xec, 0x24,
    0x55, 0x5e, 0xa1, 0xed, 0x41, 0xbc, 0x2c, 0xfd,
    0xba, 0xec, 0x10,

    /* U+FBD3 "ﯓ" */
    0x0, 0xfc, 0xde, 0x60, 0x1f, 0xfc, 0x31, 0x0,
    0xff, 0xe2, 0x5d, 0x6e, 0xa0, 0x3, 0xff, 0x82,
    0xe6, 0x2, 0x20, 0x4, 0xfd, 0x80, 0x7e, 0xce,
    0x2f, 0x90, 0xc, 0xe0, 0x1f, 0xf1, 0x0, 0x42,
    0x2, 0x1, 0xfc, 0x5b, 0x80, 0x17, 0x81, 0x80,
    0x7f, 0x61, 0x20, 0x80, 0x7f, 0xf0, 0x48, 0x4a,
    0x84, 0x0, 0x20, 0x20, 0x1f, 0x89, 0x49, 0xc0,
    0x23, 0x0, 0xdb, 0x66, 0x1, 0xac, 0x20, 0x2,
    0x10, 0x8, 0x49, 0x4, 0x2, 0xae, 0x2, 0x0,
    0xf0, 0xa8, 0x0, 0x80, 0x26, 0x17, 0xc0, 0x9,
    0xc0, 0x6, 0x20, 0x1, 0x0, 0xb7, 0xa0, 0x40,
    0x27, 0x0, 0x84, 0x1, 0x60, 0x10, 0x80, 0x7b,
    0x80, 0x4, 0x84, 0xb, 0xd4, 0xec, 0xaa, 0x67,
    0x9d, 0x50, 0x50, 0x7, 0x90, 0xa, 0xc4, 0xd5,
    0x26, 0x18, 0x80, 0xec, 0x0, 0x5b, 0x4a, 0x42,
    0x1, 0x89, 0x1e, 0xf0, 0x40,

    /* U+FBD4 "ﯔ" */
    0x0, 0xfc, 0xde, 0x60, 0x1f, 0xfc, 0x61, 0x0,
    0xff, 0xe4, 0x3f, 0x98, 0x7, 0xff, 0x17, 0x38,
    0xbe, 0x40, 0x13, 0xf6, 0x1, 0xff, 0x39, 0x80,
    0x88, 0x3, 0x38, 0x7, 0xfd, 0x7a, 0x5d, 0x0,
    0x1, 0x1, 0x0, 0xff, 0xe0, 0x8a, 0x0, 0x5e,
    0x1, 0xff, 0xc2, 0x4f, 0xb1, 0x0, 0xc6, 0x1,
    0xff, 0xd, 0x8c, 0x88, 0x0, 0x40, 0x40, 0x3f,
    0xf8, 0x22, 0xe0, 0x11, 0x80, 0x7c, 0x84, 0x1,
    0x86, 0x87, 0x40, 0x21, 0x0, 0xfa, 0xf5, 0x0,
    0x22, 0x20, 0x18, 0x7, 0x84, 0x2, 0x30, 0x2,
    0x80, 0x59, 0x1, 0x0, 0x13, 0x80, 0xc, 0x2,
    0x60, 0x0, 0x80, 0x53, 0x1c, 0xe0, 0x13, 0x80,
    0x4, 0x2, 0x10, 0x4, 0x0, 0x4e, 0xe1, 0x0,
    0xdc, 0x0, 0x40, 0x9, 0x4, 0x1f, 0x61, 0x95,
    0x10, 0xad, 0x1a, 0xa0, 0x8, 0x82, 0x80, 0x34,
    0x40, 0x9e, 0x6a, 0xed, 0x52, 0xe4, 0x2, 0x40,
    0xf4, 0xc0, 0x7d, 0x2a, 0x40, 0x1e, 0x13, 0x8e,
    0xf4, 0x1, 0x50,

    /* U+FBD5 "ﯕ" */
    0x2, 0x40, 0xf, 0xba, 0xc8, 0x3, 0xd2, 0xcc,
    0xe4, 0x0, 0xc6, 0x4, 0x22, 0x1, 0x0, 0x5b,
    0x27, 0x3d, 0x72, 0x87, 0xd8, 0x5e, 0xa8, 0x70,
    0x16, 0xe9, 0x40, 0x66, 0xc7, 0x58, 0xa, 0x79,
    0x81, 0xc8, 0x1f, 0x58, 0x2, 0x30, 0x3, 0x10,
    0x6, 0x5a, 0x1, 0xc3, 0x0, 0xcb, 0x82, 0x2d,
    0x10, 0xc, 0x78, 0x22, 0xd0, 0xe, 0x2b, 0x3,
    0x30, 0x7, 0x28, 0x1, 0x1, 0x15, 0x4d, 0x60,
    0x1, 0x9, 0xaa, 0x4a, 0x1, 0x38, 0x10, 0x4,
    0x71, 0x82, 0x0,

    /* U+FBD6 "ﯖ" */
    0x3, 0x10, 0xf, 0xe2, 0xcd, 0x0, 0xfe, 0x25,
    0xa9, 0xc0, 0xf, 0xc4, 0x45, 0x31, 0x1, 0x0,
    0xc6, 0xf1, 0x9c, 0x73, 0xca, 0x1, 0x1d, 0x71,
    0x5e, 0xb0, 0x70, 0x6, 0x5a, 0xd5, 0x1, 0x9b,
    0x0, 0x87, 0x5c, 0x6, 0x79, 0x80, 0x33, 0x10,
    0x3f, 0x30, 0x7, 0x88, 0x0, 0x82, 0x1, 0xf2,
    0xc8, 0x1e, 0x8, 0x7, 0xcd, 0x40, 0x5a, 0x1,
    0xf9, 0x64, 0xe, 0x40, 0x3f, 0x33, 0x83, 0x20,
    0x7, 0xe8, 0x0, 0x48, 0x80, 0x48, 0xaa, 0x6a,
    0x0, 0x17, 0xba, 0x84, 0xd5, 0x25, 0x40, 0xc0,
    0x62, 0x9c, 0x80, 0x23, 0x8c, 0xc2, 0x8, 0x18,

    /* U+FBD7 "ﯗ" */
    0x0, 0x97, 0xf8, 0xc0, 0x3b, 0x80, 0x64, 0x3,
    0xa5, 0x80, 0xc0, 0x38, 0xc8, 0x28, 0x3, 0xcd,
    0x26, 0x1, 0xc3, 0xac, 0x1, 0xe2, 0x66, 0x8,
    0x6, 0x5d, 0x99, 0x79, 0x0, 0xa, 0x80, 0x21,
    0xf0, 0x5, 0x81, 0x74, 0x81, 0x20, 0x38, 0x58,
    0xb0, 0x86, 0x0, 0x54, 0xaa, 0x0, 0x8, 0x20,
    0x1d, 0x50, 0x40, 0x2a, 0x61, 0x1, 0x0, 0x78,
    0x2, 0x7b, 0xd0, 0x0, 0xe0, 0x3, 0x7d, 0x50,
    0x81, 0x3f, 0xc8, 0x20, 0x77, 0x1, 0x0, 0x49,
    0x70, 0x0, 0x19, 0xbe, 0xb4, 0x0, 0x80,

    /* U+FBD8 "ﯘ" */
    0x0, 0x97, 0xf8, 0xc0, 0x3f, 0x70, 0xc, 0x80,
    0x7e, 0x96, 0x0, 0xff, 0x10, 0x3, 0xc0, 0x3f,
    0x1b, 0x2a, 0x80, 0x3f, 0x1e, 0xd0, 0x7, 0xf8,
    0x80, 0x3f, 0xc4, 0xcc, 0x10, 0xf, 0x97, 0x66,
    0x5e, 0x60, 0x1c, 0x54, 0x1, 0xf, 0x0, 0x75,
    0x81, 0x74, 0x81, 0x28, 0x6, 0x70, 0xa1, 0x61,
    0xd, 0x0, 0xf5, 0xaa, 0x18, 0x1a, 0x20, 0x0,
    0x80, 0x75, 0x64, 0x9, 0x76, 0x50, 0xa6, 0x10,
    0xf, 0xb, 0x0, 0x27, 0xbd, 0x40, 0x1d, 0xfc,
    0x60, 0x2, 0x6d, 0x50, 0x81, 0x0, 0x8f, 0xf6,
    0x48, 0x19, 0xc0, 0x31, 0x0, 0x47, 0x72, 0x1,
    0xc3, 0x35, 0xd8, 0x80, 0x1e,

    /* U+FBD9 "ﯙ" */
    0x0, 0xb, 0x0, 0x20, 0x3, 0x14, 0x9b, 0x28,
    0x6, 0x35, 0x8b, 0xb0, 0x7, 0x42, 0x1b, 0x0,
    0x71, 0x5e, 0x80, 0x7c, 0x86, 0x1, 0xe2, 0x66,
    0x8, 0x6, 0x5d, 0x99, 0x79, 0x0, 0xa, 0x80,
    0x21, 0xf0, 0x5, 0x81, 0x74, 0x81, 0x20, 0x38,
    0x58, 0xb0, 0x86, 0x0, 0x54, 0xaa, 0x0, 0x8,
    0x20, 0x1d, 0x50, 0x40, 0x2a, 0x61, 0x1, 0x0,
    0x78, 0x2, 0x7b, 0xd0, 0x0, 0xe0, 0x3, 0x7d,
    0x50, 0x81, 0x3f, 0xc8, 0x20, 0x77, 0x1, 0x0,
    0x49, 0x70, 0x0, 0x19, 0xbe, 0xb4, 0x0, 0x80,

    /* U+FBDA "ﯚ" */
    0x0, 0x1d, 0x0, 0xe0, 0x7, 0xc4, 0xaa, 0x97,
    0x0, 0xf8, 0x5e, 0x1b, 0xc0, 0x3f, 0x49, 0x1a,
    0x0, 0x7e, 0x1e, 0xd0, 0xf, 0xf0, 0x80, 0x7f,
    0x89, 0x98, 0x20, 0x1f, 0x2e, 0xcc, 0xbc, 0xc0,
    0x38, 0xa8, 0x2, 0x1e, 0x0, 0xeb, 0x2, 0xe9,
    0x2, 0x50, 0xc, 0xe1, 0x42, 0xc2, 0x1a, 0x1,
    0xeb, 0x54, 0x30, 0x34, 0x40, 0x1, 0x0, 0xea,
    0xc8, 0x12, 0xec, 0xa1, 0x4c, 0x20, 0x1e, 0x16,
    0x0, 0x4f, 0x7a, 0x80, 0x3b, 0xf8, 0xc0, 0x4,
    0xda, 0xa1, 0x2, 0x1, 0x1f, 0xec, 0x90, 0x33,
    0x80, 0x62, 0x0, 0x8e, 0xe4, 0x3, 0x86, 0x6b,
    0xb1, 0x0, 0x3c,

    /* U+FBDB "ﯛ" */
    0x0, 0xde, 0xe0, 0x1f, 0xbc, 0x3, 0xff, 0x89,
    0x18, 0x1, 0xf3, 0xa0, 0x7, 0xff, 0xc, 0x99,
    0x82, 0x1, 0x97, 0x66, 0x5e, 0x40, 0x2, 0xa0,
    0x8, 0x7c, 0x1, 0x60, 0x5d, 0x20, 0x48, 0xe,
    0x16, 0x2c, 0x21, 0x80, 0x15, 0x2a, 0x80, 0x2,
    0x8, 0x7, 0x54, 0x10, 0xa, 0x98, 0x40, 0x40,
    0x1e, 0x0, 0x9e, 0xf4, 0x0, 0x38, 0x0, 0xdf,
    0x54, 0x20, 0x4f, 0xf2, 0x8, 0x1d, 0xc0, 0x40,
    0x12, 0x5c, 0x0, 0x6, 0x6f, 0xad, 0x0, 0x20,

    /* U+FBDC "ﯜ" */
    0x0, 0xde, 0xe0, 0x1f, 0xf7, 0x80, 0x7f, 0xf2,
    0xa3, 0x0, 0x3f, 0xce, 0x80, 0x1f, 0xfc, 0x92,
    0x66, 0x8, 0x7, 0xcb, 0xb3, 0x2f, 0x30, 0xe,
    0x2a, 0x0, 0x87, 0x80, 0x3a, 0xc0, 0xba, 0x40,
    0x94, 0x3, 0x38, 0x50, 0xb0, 0x86, 0x80, 0x7a,
    0xd5, 0xc, 0xd, 0x10, 0x0, 0x40, 0x3a, 0xb2,
    0x4, 0xbb, 0x28, 0x53, 0x8, 0x7, 0x85, 0x80,
    0x13, 0xde, 0xa0, 0xe, 0xfe, 0x30, 0x1, 0x36,
    0xa8, 0x40, 0x80, 0x47, 0xfb, 0x24, 0xc, 0xe0,
    0x18, 0x80, 0x23, 0xb9, 0x0, 0xe1, 0x9a, 0xec,
    0x40, 0xf, 0x0,

    /* U+FBDD "ﯝ" */
    0x0, 0x97, 0xf8, 0xc0, 0x3f, 0xf8, 0x5c, 0x3,
    0x20, 0x1f, 0xfc, 0x29, 0x50, 0x20, 0xf, 0xfe,
    0x1b, 0x85, 0x0, 0x73, 0xf7, 0xf1, 0x0, 0x62,
    0x4c, 0x20, 0xd, 0x30, 0x20, 0x24, 0x1, 0xd2,
    0x60, 0x18, 0x58, 0x12, 0xe8, 0x3, 0x89, 0x98,
    0x20, 0x12, 0x80, 0x29, 0x14, 0x3, 0x2e, 0xcc,
    0xbc, 0x80, 0xe, 0x0, 0x30, 0xe, 0x2a, 0x0,
    0x87, 0xc0, 0x6, 0x41, 0xc6, 0xf8, 0x61, 0x60,
    0x5d, 0x20, 0x48, 0x0, 0x90, 0x3c, 0x83, 0x90,
    0x70, 0xb1, 0x61, 0xc, 0xe, 0xb0, 0xc, 0xd2,
    0x1, 0x52, 0xa8, 0x0, 0x20, 0x40, 0x2b, 0x7f,
    0x26, 0x8, 0x7, 0x54, 0x10, 0xb, 0xf3, 0xa9,
    0x0, 0x35, 0x30, 0x80, 0x80, 0x3c, 0xc, 0xc0,
    0x1f, 0xa7, 0xbd, 0x0, 0xe, 0x1, 0xff, 0x1b,
    0xea, 0x84, 0x8, 0x7, 0xf1, 0xfe, 0x41, 0x3,
    0xb8, 0x3, 0xfc, 0x40, 0x12, 0x5c, 0x0, 0x7f,
    0xc3, 0x37, 0xd6, 0x80, 0x1f, 0xfc, 0x0,

    /* U+FBDE "ﯞ" */
    0x0, 0xd9, 0xa0, 0x1e, 0x13, 0x21, 0x0, 0xe1,
    0xdd, 0x8, 0x6, 0x5f, 0x44, 0x7a, 0x80, 0x5a,
    0x1d, 0xe1, 0xa0, 0x14, 0x5c, 0x4d, 0xc0, 0x6,
    0x40, 0x2, 0x0, 0x71, 0x33, 0x4, 0x3, 0x2e,
    0xcc, 0xbc, 0x80, 0x5, 0x40, 0x10, 0xf8, 0x2,
    0xc0, 0xba, 0x40, 0x90, 0x1c, 0x2c, 0x58, 0x43,
    0x0, 0x2a, 0x55, 0x0, 0x4, 0x10, 0xe, 0xa8,
    0x20, 0x15, 0x30, 0x80, 0x80, 0x3c, 0x1, 0x3d,
    0xe8, 0x0, 0x70, 0x1, 0xbe, 0xa8, 0x40, 0x9f,
    0xe4, 0x10, 0x3b, 0x80, 0x80, 0x24, 0xb8, 0x0,
    0xc, 0xdf, 0x5a, 0x0, 0x40,

    /* U+FBDF "ﯟ" */
    0x0, 0xd9, 0xa0, 0x1f, 0xe3, 0x21, 0x0, 0xfe,
    0xdd, 0x8, 0x7, 0xcb, 0xe8, 0x8f, 0x50, 0xf,
    0x68, 0x77, 0x86, 0x80, 0x7a, 0x2e, 0x26, 0xe0,
    0x3, 0xe4, 0x0, 0x20, 0x7, 0xe2, 0x66, 0x8,
    0x7, 0xcb, 0xb3, 0x2f, 0x30, 0xe, 0x2a, 0x0,
    0x87, 0x80, 0x3a, 0xc0, 0xba, 0x40, 0x94, 0x3,
    0x38, 0x50, 0xb0, 0x86, 0x80, 0x7a, 0xd5, 0xc,
    0xd, 0x10, 0x0, 0x40, 0x3a, 0xb2, 0x4, 0xbb,
    0x28, 0x53, 0x8, 0x7, 0x85, 0x80, 0x13, 0xde,
    0xa0, 0xe, 0xfe, 0x30, 0x1, 0x36, 0xa8, 0x40,
    0x80, 0x47, 0xfb, 0x24, 0xc, 0xe0, 0x18, 0x80,
    0x23, 0xb9, 0x0, 0xe1, 0x9a, 0xec, 0x40, 0xf,
    0x0,

    /* U+FBE0 "ﯠ" */
    0x0, 0xc8, 0x80, 0xe, 0x4e, 0xbb, 0x69, 0x0,
    0xa, 0xc4, 0x0, 0x5e, 0x0, 0xb0, 0x3e, 0x90,
    0x24, 0x4, 0xa, 0x16, 0x10, 0xc0, 0x30, 0xa5,
    0x51, 0x80, 0x82, 0x1, 0xd5, 0x8, 0x2, 0xb5,
    0x10, 0x10, 0x0, 0x81, 0xc6, 0x6d, 0x0, 0x30,
    0xb7, 0x75, 0x80, 0xa1, 0x54, 0x28, 0x5, 0x20,
    0x75, 0xa, 0x0, 0x57, 0x1, 0x0, 0x8a, 0xa8,
    0x0, 0x2a, 0xbe, 0xd5, 0x0, 0x80,

    /* U+FBE1 "ﯡ" */
    0x0, 0x85, 0x98, 0x20, 0x1f, 0x2f, 0x4c, 0xbc,
    0x80, 0x38, 0xa8, 0x2, 0x1f, 0x0, 0xeb, 0x2,
    0xe9, 0x2, 0x40, 0xc, 0x81, 0x42, 0xc2, 0x18,
    0x1, 0x8c, 0x2d, 0x94, 0xc1, 0x15, 0x40, 0x4,
    0x3, 0x9a, 0x20, 0x3a, 0xa3, 0x5, 0x30, 0x80,
    0x78, 0x54, 0x6, 0xf3, 0x74, 0x0, 0x9f, 0xe3,
    0xc, 0xdd, 0xc0, 0x4, 0x0, 0xd3, 0x26, 0x10,
    0x2, 0x90, 0x4, 0x77, 0x2c, 0x20, 0x56, 0x1,
    0x84, 0x2, 0x17, 0xd1, 0x0, 0xc5, 0x57, 0xbd,
    0x0, 0x1e,

    /* U+FBE2 "ﯢ" */
    0x0, 0xd0, 0x80, 0x1e, 0x57, 0xa0, 0xf, 0x4c,
    0x3, 0x80, 0x64, 0x37, 0x89, 0x0, 0xcb, 0x60,
    0xd4, 0x1, 0x85, 0x0, 0x8, 0x1, 0xc4, 0xcc,
    0x10, 0xc, 0xbb, 0x32, 0xf2, 0x0, 0x15, 0x0,
    0x43, 0xe0, 0xb, 0x2, 0xe9, 0x2, 0x40, 0x70,
    0xb1, 0x61, 0xc, 0x0, 0xa9, 0x54, 0x0, 0x10,
    0x40, 0x3a, 0xa0, 0x80, 0x54, 0xc2, 0x2, 0x0,
    0xf0, 0x4, 0xf7, 0xa0, 0x1, 0xc0, 0x6, 0xfa,
    0xa1, 0x2, 0x7f, 0x90, 0x40, 0xee, 0x2, 0x0,
    0x92, 0xe0, 0x0, 0x33, 0x7d, 0x68, 0x1, 0x0,

    /* U+FBE3 "ﯣ" */
    0x0, 0x87, 0x1c, 0x3, 0xf9, 0x8a, 0x4, 0x3,
    0xf4, 0xd9, 0xc0, 0x7, 0xca, 0xb, 0xe, 0x1,
    0xf2, 0xf8, 0x27, 0x0, 0x7e, 0x10, 0xf, 0xf8,
    0x99, 0x82, 0x1, 0xf2, 0xec, 0xcb, 0xcc, 0x3,
    0x8a, 0x80, 0x21, 0xe0, 0xe, 0xb0, 0x2e, 0x90,
    0x25, 0x0, 0xce, 0x14, 0x2c, 0x21, 0xa0, 0x1e,
    0xb5, 0x43, 0x3, 0x44, 0x0, 0x10, 0xe, 0xac,
    0x81, 0x2e, 0xca, 0x14, 0xc2, 0x1, 0xe1, 0x60,
    0x4, 0xf7, 0xa8, 0x3, 0xbf, 0x8c, 0x0, 0x4d,
    0xaa, 0x10, 0x20, 0x11, 0xfe, 0xc9, 0x3, 0x38,
    0x6, 0x20, 0x8, 0xee, 0x40, 0x38, 0x66, 0xbb,
    0x10, 0x3, 0xc0,

    /* U+FBE4 "ﯤ" */
    0x0, 0xff, 0x26, 0x7f, 0xac, 0xc0, 0x3f, 0xa2,
    0xcc, 0x0, 0x8e, 0x1, 0xf9, 0x9c, 0x12, 0xa8,
    0xc8, 0x1, 0xfa, 0x1, 0xed, 0x55, 0x20, 0x1f,
    0x90, 0x42, 0x0, 0x3d, 0x78, 0x80, 0x10, 0x80,
    0x1c, 0x3, 0x85, 0xc, 0x3, 0x29, 0x4, 0x73,
    0x88, 0x1, 0x40, 0x8, 0x1, 0xb1, 0x80, 0x63,
    0x90, 0x8, 0x3, 0xe1, 0x9e, 0x80, 0x4, 0x0,
    0x61, 0x0, 0xf0, 0xb9, 0x3, 0x82, 0x80, 0x28,
    0x3, 0xc3, 0x44, 0x1e, 0x6, 0x60, 0x4e, 0x96,
    0x57, 0xae, 0x50, 0x74, 0x0, 0x69, 0x80, 0xb4,
    0xd4, 0x28, 0xc, 0xc0, 0x4, 0x39, 0x48, 0x20,
    0x1, 0x49, 0xe6, 0x0, 0xf2, 0xdf, 0x7f, 0xba,
    0xd8, 0x3, 0xfe, 0x23, 0x0, 0xff, 0xe1, 0x66,
    0x8, 0x3, 0xff, 0x82, 0x42, 0x60, 0x1f, 0xfc,
    0x1d, 0xd0, 0x80, 0x7f, 0xf0, 0x7f, 0xc, 0x3,
    0xff, 0x82, 0xa2, 0x40, 0x1f, 0x0,

    /* U+FBE5 "ﯥ" */
    0x3, 0x10, 0xf, 0xfe, 0x1f, 0x71, 0x80, 0x3c,
    0xea, 0x1, 0xc4, 0x40, 0x50, 0xf, 0x45, 0x7d,
    0xba, 0x93, 0x80, 0xc, 0x3, 0x84, 0x80, 0x9,
    0x15, 0xe6, 0x1, 0xf8, 0x77, 0x8, 0x2, 0x43,
    0x0, 0x28, 0x7, 0xc6, 0xc0, 0x9f, 0x28, 0x0,
    0xa9, 0x31, 0x0, 0x12, 0xda, 0x6, 0x0, 0x6,
    0x80, 0xd, 0x9d, 0xfe, 0xda, 0x40, 0x57, 0x0,
    0x97, 0x10, 0x3, 0xe4, 0xba, 0x0, 0xe3, 0xbe,
    0xca, 0xa5, 0xef, 0xda, 0x0, 0x7e, 0x13, 0x55,
    0x21, 0x0, 0x7f, 0xf0, 0x6b, 0x88, 0x3, 0xff,
    0x84, 0x82, 0xc0, 0x1f, 0xfc, 0x2c, 0xc2, 0x0,
    0x7f, 0xf0, 0x8c, 0x3, 0xff, 0x89, 0x98, 0x40,
    0xf, 0xfe, 0x13, 0x8b, 0x0, 0x7e,

    /* U+FBE6 "ﯦ" */
    0x0, 0xfc, 0xb7, 0x40, 0x16, 0x22, 0x80, 0x5a,
    0x0, 0x30, 0x2, 0x0, 0x14, 0x2, 0x20, 0x10,
    0xf, 0x23, 0x51, 0x1, 0xcc, 0x94, 0xd, 0x8,
    0x4e, 0x30, 0x3f, 0xb1, 0xc0, 0x31, 0x88, 0x4,
    0x99, 0x80, 0x9, 0x85, 0xc0, 0x22, 0xea, 0x0,
    0x8b, 0xa8, 0x2, 0x11, 0x20, 0x4, 0x79, 0xe0,
    0x0,

    /* U+FBE7 "ﯧ" */
    0x0, 0x91, 0x48, 0x3, 0xef, 0xaa, 0x0, 0x7c,
    0x81, 0xa0, 0x1e, 0x50, 0xf, 0x92, 0x28, 0x1,
    0x70, 0xc8, 0x12, 0xe0, 0x1, 0x13, 0xcd, 0x99,
    0xa, 0x66, 0x14, 0x40, 0x89, 0xfd, 0x66, 0x55,
    0xdf, 0xa2, 0x1, 0x20, 0x80, 0x7c, 0xb7, 0xa0,
    0x1f, 0x30, 0x28, 0x7, 0xc7, 0xf2, 0x1, 0xf1,
    0xf4, 0x80, 0x7c, 0xc2, 0xa0, 0x1f, 0x2e, 0x68,
    0x7, 0x0,

    /* U+FBE8 "ﯨ" */
    0x0, 0xf1, 0x4f, 0x8, 0x1, 0x85, 0xc0, 0x88,
    0x18, 0x0, 0x50, 0x70, 0x7, 0x1, 0x0, 0x72,
    0x3c, 0x1, 0xcc, 0x8, 0x41, 0xa, 0x62, 0x0,

    /* U+FBE9 "ﯩ" */
    0x0, 0x9d, 0x0, 0x3c, 0x51, 0x64, 0x1, 0xce,
    0x0, 0x20, 0xe, 0xf0, 0xf, 0x24, 0x28, 0x2,
    0xd9, 0x46, 0x5c, 0x4, 0x12, 0x6a, 0xc8, 0x5b,
    0xe4, 0x80, 0x18,

    /* U+FBEA "ﯪ" */
    0xbf, 0xa0, 0xa, 0x7f, 0x0, 0x2, 0x2, 0x0,
    0x36, 0x88, 0x0, 0x7c, 0x20, 0x48, 0x20, 0x60,
    0xe0, 0x3, 0x35, 0x7c, 0x0, 0x80, 0x80, 0x8,
    0x8d, 0x52, 0x1, 0xe3, 0xe9, 0x50, 0x7, 0x81,
    0x80, 0x43, 0x1a, 0x80, 0x10, 0x80, 0x42, 0xe5,
    0x80, 0x20, 0x1e, 0x50, 0x40, 0x30, 0xf, 0x60,
    0x18, 0x6, 0x10, 0x9, 0x40, 0x2, 0x20, 0x1,
    0x0, 0x7c, 0xc0, 0xf, 0x66, 0xb8, 0x4, 0x44,
    0x40, 0x39, 0x98, 0x82, 0x0, 0x18, 0xa2, 0x0,
    0x14, 0xa6, 0x0,

    /* U+FBEB "ﯫ" */
    0xbf, 0xa0, 0xf, 0xf8, 0x40, 0x40, 0x3f, 0xf8,
    0xd5, 0xf6, 0x1, 0x8c, 0x1c, 0x2, 0x45, 0x98,
    0x0, 0xc2, 0x2, 0x1, 0x38, 0x19, 0x84, 0x3,
    0xf8, 0x89, 0x5f, 0x0, 0x17, 0x81, 0x80, 0x44,
    0x6b, 0x52, 0x1, 0xc2, 0x1, 0x1f, 0x52, 0x80,
    0x61, 0x0, 0xfa, 0x18, 0x40, 0x23, 0x0, 0xf9,
    0xe5, 0x40, 0x3c, 0x20, 0x11, 0x80, 0x18, 0x2,
    0x10, 0x1, 0x0, 0x48, 0x1, 0xe6, 0x0, 0x7b,
    0x32, 0x20, 0x0, 0xf7, 0x52, 0x28, 0xe, 0x64,
    0xe0, 0x20, 0x51, 0x5e, 0x18, 0xa2, 0x0, 0x15,
    0xcb, 0x30, 0x2, 0x0,

    /* U+FBEC "ﯬ" */
    0x0, 0xff, 0x86, 0xfe, 0x0, 0x3f, 0xf8, 0xc,
    0x95, 0x40, 0xf, 0xfe, 0x0, 0x83, 0x98, 0x7,
    0xff, 0x1, 0x43, 0x79, 0x80, 0x3f, 0xe4, 0x26,
    0xb6, 0x0, 0xff, 0x9f, 0x65, 0x0, 0x3f, 0xf8,
    0x25, 0x18, 0x1, 0x85, 0x14, 0x80, 0x38, 0x5c,
    0xd0, 0x1, 0x3d, 0x75, 0xb0, 0x1, 0x8c, 0x43,
    0x3, 0x18, 0x3, 0x38, 0x7, 0x20, 0x23, 0x18,
    0x47, 0x68, 0x1, 0x80, 0x36, 0x81, 0x60, 0x23,
    0x89, 0x28, 0x58, 0x7, 0xc6, 0x1, 0xd2, 0x5,
    0x8c, 0xc7, 0x90, 0x4c, 0x4, 0x0, 0x8d, 0x40,
    0xe6, 0x50, 0x21, 0x2a, 0xd6, 0x1, 0xa9, 0xc8,
    0x0, 0x2b, 0x86,

    /* U+FBED "ﯭ" */
    0x0, 0xff, 0xea, 0xe, 0x7c, 0x0, 0x7f, 0xf1,
    0x24, 0xae, 0x80, 0x3f, 0xf8, 0x9e, 0xa, 0x40,
    0x1f, 0xfc, 0x45, 0x1f, 0xf2, 0x80, 0x7f, 0xf0,
    0xe8, 0x16, 0x50, 0x3, 0xc2, 0x8a, 0x40, 0x1d,
    0x1f, 0x6c, 0x20, 0x1d, 0x3d, 0x75, 0xb0, 0x1,
    0xe5, 0x20, 0xe, 0xc6, 0x0, 0xce, 0x1, 0xc7,
    0x5a, 0x20, 0x13, 0x18, 0x47, 0x68, 0x1, 0x80,
    0x32, 0x80, 0x88, 0x2, 0xc0, 0x47, 0x12, 0x50,
    0xb0, 0xd, 0xa0, 0x1e, 0x30, 0xe, 0x90, 0x2c,
    0x66, 0x4a, 0x0, 0xdb, 0x28, 0xe0, 0x20, 0x4,
    0x6a, 0x7, 0x32, 0x60, 0x10, 0x49, 0xa8, 0x56,
    0xb0, 0xd, 0x4e, 0x40, 0x1, 0x6e, 0x82, 0x0,
    0x60,

    /* U+FBEE "ﯮ" */
    0x0, 0xff, 0xab, 0xec, 0x3, 0xff, 0x80, 0x8b,
    0x30, 0x1, 0xff, 0xc0, 0x70, 0x23, 0x10, 0xf,
    0xf8, 0x89, 0x7f, 0x20, 0x1f, 0xf2, 0x9a, 0xcc,
    0x80, 0x3f, 0xe4, 0xea, 0x61, 0x0, 0xff, 0xe0,
    0xb, 0x59, 0x0, 0x62, 0x66, 0x8, 0x7, 0x4a,
    0x28, 0x4, 0xbb, 0x32, 0xf3, 0x0, 0x84, 0xc3,
    0x0, 0x5, 0x40, 0x10, 0xf0, 0x6, 0x40, 0x50,
    0x5, 0x81, 0x74, 0x81, 0x28, 0x5, 0xa0, 0x20,
    0x7, 0xa, 0x16, 0x10, 0xd0, 0xf, 0xf5, 0xb2,
    0x98, 0x22, 0xb3, 0xc0, 0x10, 0x1, 0x0, 0xe6,
    0x88, 0xe, 0xa6, 0x8, 0x20, 0x1, 0x4c, 0x20,
    0x1f, 0xa, 0x5a, 0x80, 0x53, 0xde, 0xa0, 0xe,
    0xff, 0x75, 0xa0, 0x6, 0x26, 0xd5, 0x8, 0x10,
    0xf, 0x8f, 0xf6, 0x48, 0x19, 0xc0, 0x3f, 0x10,
    0x4, 0x77, 0x20, 0x1f, 0xc3, 0x35, 0xd8, 0x80,
    0x1f, 0xe0,

    /* U+FBEF "ﯯ" */
    0x0, 0xff, 0xe9, 0xd7, 0xd0, 0x7, 0xff, 0xd,
    0x55, 0x52, 0x1, 0xff, 0xc5, 0x73, 0x0, 0xff,
    0xe1, 0xa1, 0x6f, 0x38, 0x7, 0xff, 0x9, 0xc8,
    0x8c, 0xa0, 0x1e, 0x26, 0x60, 0x80, 0x66, 0xed,
    0x82, 0x0, 0xe5, 0xd9, 0x97, 0x98, 0x6, 0x13,
    0x10, 0xe, 0x2a, 0x0, 0x87, 0x80, 0x3b, 0x38,
    0xc0, 0x35, 0x81, 0x74, 0x81, 0x28, 0x4, 0x60,
    0x2, 0x0, 0xce, 0x14, 0x2c, 0x21, 0xa0, 0x15,
    0x80, 0x4, 0x3, 0xd6, 0xca, 0x60, 0x8a, 0xd0,
    0xe0, 0xc, 0x65, 0x10, 0x40, 0x39, 0xa2, 0x3,
    0xa9, 0x70, 0x10, 0x39, 0xaa, 0x5, 0x30, 0x80,
    0x7c, 0x2b, 0xf4, 0x60, 0xc, 0x0, 0x4f, 0x7a,
    0x80, 0x3b, 0xfd, 0xd4, 0x2b, 0x9f, 0xe7, 0x0,
    0x13, 0x6a, 0x84, 0x8, 0x7, 0xf8, 0xff, 0x64,
    0x81, 0x9c, 0x3, 0xfe, 0x20, 0x8, 0xee, 0x40,
    0x3f, 0xf8, 0x3, 0x35, 0xd8, 0x80, 0x1f, 0xfc,
    0x10,

    /* U+FBF0 "ﯰ" */
    0x0, 0x97, 0xf8, 0xc0, 0x35, 0xfd, 0x80, 0x77,
    0x0, 0xc8, 0x4, 0xa9, 0x30, 0x1, 0xd2, 0xc0,
    0x1c, 0x83, 0x52, 0xc0, 0x18, 0x84, 0x3c, 0x2,
    0x41, 0x31, 0x20, 0xc, 0x4e, 0xaa, 0x0, 0x92,
    0xfe, 0xd0, 0x3, 0x16, 0xd0, 0x6, 0x14, 0x0,
    0xfc, 0x40, 0x1e, 0x19, 0xf3, 0x0, 0xc4, 0xcc,
    0x10, 0xe, 0x60, 0xb0, 0x9, 0x76, 0x65, 0xe6,
    0x1, 0xa, 0x1, 0x80, 0xa, 0x80, 0x21, 0xe0,
    0xd, 0x80, 0xa0, 0xb, 0x2, 0xe9, 0x2, 0x50,
    0x8, 0x80, 0x40, 0xe, 0x14, 0x2c, 0x21, 0xa0,
    0x1f, 0xeb, 0x65, 0x30, 0x45, 0x67, 0x80, 0x20,
    0x2, 0x1, 0xcd, 0x10, 0x1d, 0x4c, 0x10, 0x40,
    0x2, 0x98, 0x40, 0x3e, 0x14, 0xb5, 0x0, 0xa7,
    0xbd, 0x40, 0x1d, 0xfe, 0xeb, 0x40, 0xc, 0x4d,
    0xaa, 0x10, 0x20, 0x1f, 0x1f, 0xec, 0x90, 0x33,
    0x80, 0x7e, 0x20, 0x8, 0xee, 0x40, 0x3f, 0x86,
    0x6b, 0xb1, 0x0, 0x3f, 0xc0,

    /* U+FBF1 "ﯱ" */
    0x0, 0x97, 0xf4, 0x80, 0x3f, 0xf8, 0x7c, 0x5,
    0x60, 0x1f, 0xfc, 0x39, 0x60, 0x30, 0xe, 0xaf,
    0xa0, 0xf, 0x8b, 0xc3, 0x0, 0x32, 0xaa, 0xa4,
    0x3, 0xe3, 0x92, 0x60, 0xf, 0x39, 0x80, 0x7c,
    0x73, 0x80, 0x1c, 0x85, 0xbc, 0xe0, 0x1f, 0x30,
    0x80, 0x73, 0x91, 0x19, 0x40, 0x3c, 0x4c, 0xc1,
    0x0, 0xcd, 0xdb, 0x4, 0x1, 0xcb, 0xb3, 0x2f,
    0x30, 0xc, 0x26, 0x20, 0x1c, 0x54, 0x1, 0xf,
    0x0, 0x76, 0x71, 0x80, 0x6b, 0x2, 0xe9, 0x2,
    0x50, 0x8, 0xc0, 0x4, 0x1, 0x9c, 0x28, 0x58,
    0x43, 0x40, 0x2b, 0x0, 0x8, 0x7, 0xad, 0x94,
    0xc1, 0x15, 0xa1, 0xc0, 0x18, 0xca, 0x20, 0x80,
    0x73, 0x44, 0x7, 0x52, 0xe0, 0x20, 0x73, 0x54,
    0xa, 0x61, 0x0, 0xf8, 0x57, 0xe8, 0xc0, 0x18,
    0x0, 0x9e, 0xf5, 0x0, 0x77, 0xfb, 0xa8, 0x57,
    0x3f, 0xce, 0x0, 0x26, 0xd5, 0x8, 0x10, 0xf,
    0xf1, 0xfe, 0xc9, 0x3, 0x38, 0x7, 0xfc, 0x40,
    0x11, 0xdc, 0x80, 0x7f, 0xf0, 0x6, 0x6b, 0xb1,
    0x0, 0x3f, 0xf8, 0x20,

    /* U+FBF2 "ﯲ" */
    0x0, 0xff, 0xab, 0xec, 0x3, 0x26, 0x1, 0x70,
    0x80, 0x11, 0x66, 0x0, 0x32, 0x9b, 0x5a, 0x88,
    0x1, 0xc0, 0x8c, 0x40, 0x21, 0x88, 0x34, 0x0,
    0x44, 0x4b, 0xf9, 0x0, 0xce, 0x4, 0x60, 0x12,
    0x9a, 0xcc, 0x80, 0x3b, 0xb4, 0x3, 0x27, 0x53,
    0x8, 0x7, 0xff, 0x0, 0x5a, 0xc8, 0x3, 0x13,
    0x30, 0x40, 0x3a, 0x51, 0x40, 0x25, 0xd9, 0x97,
    0x98, 0x4, 0x26, 0x18, 0x0, 0x2a, 0x0, 0x87,
    0x80, 0x32, 0x2, 0x80, 0x2c, 0xb, 0xa4, 0x9,
    0x40, 0x2d, 0x1, 0x0, 0x38, 0x50, 0xb0, 0x86,
    0x80, 0x7f, 0xad, 0x94, 0xc1, 0x15, 0x9e, 0x0,
    0x80, 0x8, 0x7, 0x34, 0x40, 0x75, 0x30, 0x41,
    0x0, 0xa, 0x61, 0x0, 0xf8, 0x52, 0xd4, 0x2,
    0x9e, 0xf5, 0x0, 0x77, 0xfb, 0xad, 0x0, 0x31,
    0x36, 0xa8, 0x40, 0x80, 0x7c, 0x7f, 0xb2, 0x40,
    0xce, 0x1, 0xf8, 0x80, 0x23, 0xb9, 0x0, 0xfe,
    0x19, 0xae, 0xc4, 0x0, 0xff, 0x0,

    /* U+FBF3 "ﯳ" */
    0x0, 0x88, 0x0, 0x60, 0x1f, 0xfc, 0x25, 0xd1,
    0x4c, 0x0, 0xff, 0xe1, 0x29, 0x4f, 0xb8, 0x7,
    0x57, 0xd0, 0x7, 0xd0, 0xe9, 0x40, 0x19, 0x55,
    0x52, 0x1, 0xf2, 0xa3, 0x10, 0x7, 0x9c, 0xc0,
    0x3f, 0x5c, 0x80, 0x72, 0x16, 0xf3, 0x80, 0x7f,
    0xf0, 0x9c, 0x88, 0xca, 0x1, 0xe2, 0x66, 0x8,
    0x6, 0x6e, 0xd8, 0x20, 0xe, 0x5d, 0x99, 0x79,
    0x80, 0x61, 0x31, 0x0, 0xe2, 0xa0, 0x8, 0x78,
    0x3, 0xb3, 0x8c, 0x3, 0x58, 0x17, 0x48, 0x12,
    0x80, 0x46, 0x0, 0x20, 0xc, 0xe1, 0x42, 0xc2,
    0x1a, 0x1, 0x58, 0x0, 0x40, 0x3d, 0x6c, 0xa6,
    0x8, 0xad, 0xe, 0x0, 0xc6, 0x51, 0x4, 0x3,
    0x9a, 0x20, 0x3a, 0x97, 0x1, 0x3, 0x9a, 0xa0,
    0x53, 0x8, 0x7, 0xc2, 0xbf, 0x46, 0x0, 0xc0,
    0x4, 0xf7, 0xa8, 0x3, 0xbf, 0xdd, 0x42, 0xb9,
    0xfe, 0x70, 0x1, 0x36, 0xa8, 0x40, 0x80, 0x7f,
    0x8f, 0xf6, 0x48, 0x19, 0xc0, 0x3f, 0xe2, 0x0,
    0x8e, 0xe4, 0x3, 0xff, 0x80, 0x33, 0x5d, 0x88,
    0x1, 0xff, 0xc1,

    /* U+FBF4 "ﯴ" */
    0x0, 0xff, 0xab, 0xec, 0x3, 0xde, 0xe0, 0x19,
    0x16, 0x60, 0x3, 0xef, 0x0, 0xce, 0x4, 0x41,
    0x0, 0xff, 0x84, 0xaf, 0xa4, 0x3, 0xa3, 0x0,
    0x30, 0x83, 0xdc, 0x0, 0x73, 0xa0, 0x6, 0x3d,
    0x84, 0x0, 0xff, 0xe0, 0x8b, 0xe1, 0x0, 0x62,
    0x66, 0x8, 0x7, 0x41, 0xa8, 0x4, 0xbb, 0x32,
    0xf3, 0x0, 0x84, 0xc3, 0x0, 0x5, 0x40, 0x10,
    0xf0, 0x6, 0xb0, 0x50, 0x5, 0x81, 0x74, 0x81,
    0x28, 0x4, 0x40, 0x20, 0x7, 0xa, 0x16, 0x10,
    0xd0, 0xf, 0xf5, 0xb2, 0x98, 0x22, 0xb3, 0xc0,
    0x10, 0x1, 0x0, 0xe6, 0x88, 0xe, 0xa6, 0x8,
    0x20, 0x1, 0x4c, 0x20, 0x1f, 0xa, 0x5a, 0x80,
    0x53, 0xde, 0xa0, 0xe, 0xff, 0x75, 0xa0, 0x6,
    0x26, 0xd5, 0x8, 0x10, 0xf, 0x8f, 0xf6, 0x48,
    0x19, 0xc0, 0x3f, 0x10, 0x4, 0x77, 0x20, 0x1f,
    0xc3, 0x35, 0xd8, 0x80, 0x1f, 0xe0,

    /* U+FBF5 "ﯵ" */
    0x0, 0xde, 0xe0, 0x1f, 0xfc, 0x6f, 0x0, 0xf5,
    0x7d, 0x0, 0x7f, 0xf0, 0xd5, 0x55, 0x20, 0x1f,
    0xa3, 0x0, 0x3e, 0x73, 0x0, 0xfc, 0xe8, 0x1,
    0xca, 0x59, 0xae, 0x1, 0xff, 0xc2, 0x62, 0x4,
    0x40, 0x7, 0x89, 0x98, 0x20, 0x19, 0xf7, 0xa4,
    0xc0, 0x39, 0x76, 0x65, 0xe6, 0x1, 0x9, 0x18,
    0x80, 0x71, 0x50, 0x4, 0x3c, 0x1, 0xd9, 0xc6,
    0x1, 0xac, 0xb, 0xa4, 0x9, 0x40, 0x23, 0x0,
    0x10, 0x6, 0x70, 0xa1, 0x61, 0xd, 0x0, 0xac,
    0x0, 0x20, 0x1e, 0xb6, 0x53, 0x4, 0x56, 0x87,
    0x0, 0x63, 0x28, 0x82, 0x1, 0xcd, 0x10, 0x1d,
    0x4b, 0x80, 0x81, 0xcd, 0x50, 0x29, 0x84, 0x3,
    0xe1, 0x5f, 0xa3, 0x0, 0x60, 0x2, 0x7b, 0xd4,
    0x1, 0xdf, 0xee, 0xa1, 0x5c, 0xff, 0x38, 0x0,
    0x9b, 0x54, 0x20, 0x40, 0x3f, 0xc7, 0xfb, 0x24,
    0xc, 0xe0, 0x1f, 0xf1, 0x0, 0x47, 0x72, 0x1,
    0xff, 0xc0, 0x19, 0xae, 0xc4, 0x0, 0xff, 0xe0,
    0x80,

    /* U+FBF6 "ﯶ" */
    0x0, 0xff, 0xe2, 0x2f, 0x79, 0x0, 0x7f, 0xf1,
    0x6d, 0x68, 0x80, 0x3f, 0xf8, 0xa4, 0xa, 0x40,
    0x1f, 0xfc, 0x54, 0x47, 0xe8, 0x7, 0xff, 0x15,
    0x11, 0x1a, 0x1, 0xff, 0xc5, 0xcb, 0x72, 0x0,
    0xff, 0xe3, 0x2d, 0xc8, 0x7, 0xff, 0x1b, 0x11,
    0xc0, 0x3f, 0xf8, 0xda, 0x2, 0x40, 0x1f, 0xfc,
    0x54, 0x0, 0x38, 0x18, 0x80, 0x7f, 0xf0, 0xc8,
    0x8, 0x3b, 0x8c, 0x1, 0xe7, 0x50, 0xf, 0xe2,
    0x20, 0x28, 0x7, 0xa2, 0xbe, 0xdd, 0x99, 0x44,
    0x6, 0xe0, 0x3, 0x0, 0xe1, 0x20, 0x2, 0x44,
    0xc9, 0x40, 0xd0, 0xc0, 0x3f, 0xe, 0xe1, 0x0,
    0x62, 0x7c, 0x3, 0x0, 0x28, 0x7, 0xc6, 0xc0,
    0x9f, 0xed, 0x80, 0x2, 0x0, 0x2a, 0x4c, 0x40,
    0x4, 0xb6, 0x81, 0x80, 0x1e, 0x1a, 0x0, 0x36,
    0x77, 0xfb, 0x69, 0x1, 0x5c, 0x3, 0xe5, 0xc4,
    0x0, 0xf9, 0x2e, 0x80, 0x3f, 0x8e, 0xfb, 0x2a,
    0x97, 0xbf, 0x68, 0x1, 0xff, 0xc0, 0x13, 0x55,
    0x21, 0x0, 0x7f, 0xf1, 0x6b, 0x88, 0x3, 0xff,
    0x8c, 0x82, 0xc0, 0x1f, 0xfc, 0x6c, 0xc2, 0x0,
    0x7f, 0xf1, 0x8c, 0x3, 0xff, 0x91, 0x98, 0x40,
    0xf, 0xfe, 0x33, 0x8b, 0x0, 0x7f, 0xf0, 0x0,

    /* U+FBF7 "ﯷ" */
    0x0, 0xff, 0xef, 0x2f, 0x78, 0x80, 0x7f, 0xf2,
    0x6d, 0x2c, 0x40, 0x3f, 0xf9, 0x26, 0x8, 0x40,
    0x1f, 0xfc, 0x94, 0x5f, 0xc0, 0xf, 0xfe, 0x4a,
    0x22, 0x30, 0x3, 0xff, 0x93, 0xb6, 0xe4, 0x1,
    0xff, 0xca, 0x47, 0x40, 0xf, 0xfe, 0x57, 0x47,
    0x0, 0x71, 0x90, 0x7, 0xff, 0xd, 0xc3, 0x40,
    0x3b, 0xb5, 0x80, 0x3d, 0xa, 0x1, 0xc4, 0x40,
    0xf0, 0xc, 0x44, 0x4, 0x0, 0xf3, 0xd7, 0xdb,
    0xb3, 0xf8, 0x1, 0xe1, 0x90, 0x1c, 0x0, 0x40,
    0x1c, 0x24, 0x0, 0x48, 0x98, 0x20, 0x10, 0x79,
    0xb3, 0x30, 0x7, 0xe1, 0xdc, 0x20, 0xc, 0x75,
    0xea, 0x20, 0x44, 0x30, 0x2, 0x80, 0x7c, 0x6c,
    0x9, 0xfe, 0xc5, 0x1a, 0xef, 0xd1, 0x40, 0x5,
    0x49, 0x88, 0x0, 0x96, 0xd0, 0x30, 0x3, 0xfc,
    0x34, 0x0, 0x6c, 0xef, 0xf6, 0xd2, 0x2, 0xb8,
    0x7, 0xfc, 0xb8, 0x80, 0x1f, 0x25, 0xd0, 0x7,
    0xff, 0x4, 0xef, 0xb2, 0xa9, 0x7b, 0xf6, 0x80,
    0x1f, 0xfc, 0x41, 0x35, 0x52, 0x10, 0x7, 0xff,
    0x26, 0xb8, 0x80, 0x3f, 0xf9, 0x48, 0x2c, 0x1,
    0xff, 0xca, 0xcc, 0x20, 0x7, 0xff, 0x28, 0xc0,
    0x3f, 0xf9, 0x99, 0x84, 0x0, 0xff, 0xe5, 0x38,
    0xb0, 0x7, 0xff, 0x10,

    /* U+FBF8 "ﯸ" */
    0x0, 0xfc, 0x37, 0xf0, 0x1, 0xfc, 0xc9, 0x54,
    0x0, 0xfe, 0x10, 0x73, 0x0, 0xfe, 0x51, 0xde,
    0x60, 0xf, 0xca, 0x6f, 0x6c, 0x1, 0xf9, 0xb6,
    0x10, 0x3, 0xfc, 0x53, 0xa0, 0x1f, 0xe1, 0x62,
    0x40, 0x9, 0x14, 0x80, 0x23, 0x10, 0xc0, 0xb,
    0xea, 0x80, 0x19, 0x0, 0xc0, 0x24, 0xe, 0x0,
    0xda, 0xc, 0x0, 0x50, 0x1, 0x80, 0x7c, 0x91,
    0x40, 0xb, 0x86, 0x63, 0xc8, 0x3c, 0xb8, 0x0,
    0x44, 0xf3, 0x28, 0x10, 0x92, 0x14, 0xcc, 0x28,
    0x80, 0x5, 0x70, 0xff, 0xac, 0xca, 0xbb, 0xfd,
    0xd4, 0x60, 0x19, 0x4, 0x3, 0xfc, 0xb7, 0xa0,
    0x1f, 0xe6, 0x5, 0x0, 0xff, 0x1f, 0xc8, 0x7,
    0xf8, 0xfa, 0x40, 0x3f, 0xcc, 0x2a, 0x1, 0xfe,
    0x5c, 0xd0, 0xf, 0xc0,

    /* U+FBF9 "ﯹ" */
    0x0, 0xff, 0xe2, 0x2f, 0x79, 0x0, 0x7f, 0xf1,
    0x6d, 0x68, 0x80, 0x3f, 0xf8, 0xa4, 0xa, 0x40,
    0x1f, 0xfc, 0x54, 0x47, 0xe8, 0x7, 0xff, 0x15,
    0x11, 0x1a, 0x1, 0xff, 0xc5, 0xcb, 0x72, 0x0,
    0xff, 0xe3, 0x2d, 0xc8, 0x7, 0xff, 0x1b, 0x11,
    0xc0, 0x3f, 0xf8, 0xda, 0x2, 0x40, 0x1f, 0xfc,
    0x54, 0x0, 0x38, 0x18, 0x80, 0x7f, 0xf0, 0xc8,
    0x8, 0x3b, 0x8c, 0x1, 0xe7, 0x50, 0xf, 0xe2,
    0x20, 0x28, 0x7, 0xa2, 0xbe, 0xdd, 0x99, 0x44,
    0x6, 0xe0, 0x3, 0x0, 0xe1, 0x20, 0x2, 0x44,
    0xc9, 0x40, 0xd0, 0xc0, 0x3f, 0xe, 0xe1, 0x0,
    0x62, 0x7c, 0x3, 0x0, 0x28, 0x7, 0xc6, 0xc0,
    0x9f, 0xed, 0x80, 0x2, 0x0, 0x2a, 0x4c, 0x40,
    0x4, 0xb6, 0x81, 0x80, 0x1e, 0x1a, 0x0, 0x36,
    0x77, 0xfb, 0x69, 0x1, 0x5c, 0x3, 0xe5, 0xc4,
    0x0, 0xf9, 0x2e, 0x80, 0x3f, 0x8e, 0xfb, 0x2a,
    0x97, 0xbf, 0x68, 0x1, 0xf8,

    /* U+FBFA "ﯺ" */
    0x0, 0xff, 0xef, 0x2f, 0x78, 0x80, 0x7f, 0xf2,
    0x6d, 0x2c, 0x40, 0x3f, 0xf9, 0x26, 0x8, 0x40,
    0x1f, 0xfc, 0x94, 0x5f, 0xc0, 0xf, 0xfe, 0x4a,
    0x22, 0x30, 0x3, 0xff, 0x93, 0xb6, 0xe4, 0x1,
    0xff, 0xca, 0x47, 0x40, 0xf, 0xfe, 0x57, 0x47,
    0x0, 0x71, 0x90, 0x7, 0xff, 0xd, 0xc3, 0x40,
    0x3b, 0xb5, 0x80, 0x3d, 0xa, 0x1, 0xc4, 0x40,
    0xf0, 0xc, 0x44, 0x4, 0x0, 0xf3, 0xd7, 0xdb,
    0xb3, 0xf8, 0x1, 0xe1, 0x90, 0x1c, 0x0, 0x40,
    0x1c, 0x24, 0x0, 0x48, 0x98, 0x20, 0x10, 0x79,
    0xb3, 0x30, 0x7, 0xe1, 0xdc, 0x20, 0xc, 0x75,
    0xea, 0x20, 0x44, 0x30, 0x2, 0x80, 0x7c, 0x6c,
    0x9, 0xfe, 0xc5, 0x1a, 0xef, 0xd1, 0x40, 0x5,
    0x49, 0x88, 0x0, 0x96, 0xd0, 0x30, 0x3, 0xfc,
    0x34, 0x0, 0x6c, 0xef, 0xf6, 0xd2, 0x2, 0xb8,
    0x7, 0xfc, 0xb8, 0x80, 0x1f, 0x25, 0xd0, 0x7,
    0xff, 0x4, 0xef, 0xb2, 0xa9, 0x7b, 0xf6, 0x80,
    0x1f, 0xfc, 0x0,

    /* U+FBFB "ﯻ" */
    0x0, 0xfc, 0xdd, 0xe0, 0x1f, 0xe9, 0x7a, 0x0,
    0xff, 0x8, 0x94, 0x80, 0x3f, 0x91, 0xff, 0xc0,
    0x1f, 0xc8, 0xb3, 0x80, 0x1f, 0xdd, 0x4c, 0x20,
    0x1f, 0xe7, 0xc7, 0x0, 0xff, 0x61, 0xd8, 0x6,
    0x64, 0x0, 0xd8, 0x6, 0x1, 0x14, 0xd9, 0x0,
    0x4a, 0x0, 0x30, 0x3, 0x80, 0x8, 0x2, 0x20,
    0x3, 0x0, 0x3c, 0x3, 0xfc, 0x90, 0xa0, 0xb,
    0x66, 0xac, 0x0, 0xf2, 0xe0, 0x20, 0x93, 0x32,
    0x2, 0x91, 0x5, 0xbe, 0x48, 0x2, 0x38, 0xa0,

    /* U+FBFC "ﯼ" */
    0x0, 0xff, 0x26, 0x7f, 0xac, 0xc0, 0x3f, 0xa2,
    0xcc, 0x0, 0x8e, 0x1, 0xf9, 0x9c, 0x12, 0xa8,
    0xc8, 0x1, 0xfa, 0x1, 0xed, 0x55, 0x20, 0x1f,
    0x90, 0x42, 0x0, 0x3d, 0x78, 0x80, 0x10, 0x80,
    0x1c, 0x3, 0x85, 0xc, 0x3, 0x29, 0x4, 0x73,
    0x88, 0x1, 0x40, 0x8, 0x1, 0xb1, 0x80, 0x63,
    0x90, 0x8, 0x3, 0xe1, 0x9e, 0x80, 0x4, 0x0,
    0x61, 0x0, 0xf0, 0xb9, 0x3, 0x82, 0x80, 0x28,
    0x3, 0xc3, 0x44, 0x1e, 0x6, 0x60, 0x4e, 0x96,
    0x57, 0xae, 0x50, 0x74, 0x0, 0x69, 0x80, 0xb4,
    0xd4, 0x28, 0xc, 0xc0, 0x4, 0x39, 0x48, 0x20,
    0x1, 0x49, 0xe6, 0x0, 0x80,

    /* U+FBFD "ﯽ" */
    0x3, 0x10, 0xf, 0xfe, 0x1f, 0x71, 0x80, 0x3c,
    0xea, 0x1, 0xc4, 0x40, 0x50, 0xf, 0x45, 0x7d,
    0xba, 0x93, 0x80, 0xc, 0x3, 0x84, 0x80, 0x9,
    0x15, 0xe6, 0x1, 0xf8, 0x77, 0x8, 0x2, 0x43,
    0x0, 0x28, 0x7, 0xc6, 0xc0, 0x9f, 0x28, 0x0,
    0xa9, 0x31, 0x0, 0x12, 0xda, 0x6, 0x0, 0x6,
    0x80, 0xd, 0x9d, 0xfe, 0xda, 0x40, 0x57, 0x0,
    0x97, 0x10, 0x3, 0xe4, 0xba, 0x0, 0xe3, 0xbe,
    0xca, 0xa5, 0xef, 0xda, 0x0, 0x60,

    /* U+FBFE "ﯾ" */
    0x0, 0xfc, 0xb7, 0x40, 0x16, 0x22, 0x80, 0x5a,
    0x0, 0x30, 0x2, 0x0, 0x14, 0x2, 0x20, 0x10,
    0xf, 0x23, 0x51, 0x1, 0xcc, 0x94, 0xd, 0x8,
    0x4e, 0x30, 0x3f, 0xb1, 0xc0, 0x3f, 0x57, 0x1b,
    0xfa, 0xa0, 0xae, 0x6, 0x6c, 0x34, 0xc4, 0x0,

    /* U+FBFF "ﯿ" */
    0x0, 0x91, 0x48, 0x3, 0xef, 0xaa, 0x0, 0x7c,
    0x81, 0xa0, 0x1e, 0x50, 0xf, 0x92, 0x28, 0x1,
    0x70, 0xc8, 0x12, 0xe0, 0x1, 0x13, 0xcd, 0x99,
    0xa, 0x66, 0x14, 0x40, 0x89, 0xfd, 0x66, 0x55,
    0xdf, 0xa2, 0x1, 0xff, 0x5f, 0x14, 0x7a, 0x0,
    0x64, 0x17, 0x40, 0xc0, 0xd, 0x92, 0xbd, 0x10,
    0x0, 0x80,

    /* U+FC00 "ﰀ" */
    0x0, 0xff, 0xe1, 0xcf, 0xd8, 0x7, 0xff, 0x11,
    0x1a, 0x20, 0x1, 0xff, 0xc6, 0x43, 0x0, 0xff,
    0xe2, 0x21, 0x66, 0xc0, 0x7, 0xff, 0xd, 0x48,
    0x89, 0x60, 0x1f, 0xfc, 0x35, 0xed, 0x93, 0x3,
    0xcf, 0xf7, 0x5a, 0x80, 0x7e, 0x10, 0x51, 0x0,
    0x18, 0x0, 0x52, 0xba, 0x50, 0x40, 0x31, 0x7d,
    0x38, 0x1b, 0x4c, 0xa1, 0x44, 0x4d, 0x7d, 0xe0,
    0x11, 0x10, 0x30, 0x1, 0x2c, 0xc7, 0xac, 0x30,
    0xc, 0x20, 0x12, 0x82, 0x0, 0x71, 0xde, 0x98,
    0x0, 0x9c, 0x3, 0x68, 0x8, 0x6, 0x8c, 0x40,
    0x69, 0x0, 0x40, 0x80, 0x42, 0x1, 0xd4, 0xe0,
    0xbd, 0x2c, 0x5, 0xb0, 0xcc, 0x79, 0x1, 0x0,
    0x3a, 0x84, 0x50, 0x80, 0x20, 0x9, 0xe6, 0x50,
    0x41, 0x0, 0x30, 0xc, 0xe0, 0x19, 0xe9, 0x4,
    0x0, 0x29, 0x4c, 0xe, 0x0, 0x80, 0x1, 0xf5,
    0x2, 0xdf, 0x7f, 0xba, 0xd4, 0x1, 0x80, 0x82,
    0x0, 0xb1, 0x50, 0xf, 0xf8, 0x40, 0x40, 0x29,
    0x7b, 0x0, 0xff, 0x84, 0x1c, 0x2, 0x18, 0x40,
    0xf, 0xfb, 0x0, 0x98, 0x3, 0xff, 0x88, 0xc2,
    0x13, 0x48, 0x20, 0x3, 0x6b, 0x10, 0xf, 0xda,
    0x20, 0xb7, 0xdf, 0xec, 0x94, 0x60, 0xf, 0xc7,
    0xec, 0x1, 0xf2, 0xa0, 0x7, 0xf0, 0xcf, 0xe5,
    0x55, 0xbf, 0x46, 0x1, 0xf0,

    /* U+FC01 "ﰁ" */
    0x0, 0xff, 0xe1, 0xd7, 0xd8, 0x7, 0xff, 0x11,
    0x16, 0x60, 0x3, 0xff, 0x88, 0xe0, 0x46, 0x20,
    0x1f, 0xfc, 0x32, 0x25, 0xfc, 0x0, 0x7f, 0xf0,
    0xd4, 0xd6, 0xa4, 0x0, 0x4a, 0xa4, 0x10, 0xf,
    0xc9, 0xd4, 0xa0, 0x4, 0xda, 0xa5, 0xf6, 0x30,
    0x80, 0x78, 0x5f, 0x8, 0x18, 0x3, 0x8e, 0x7a,
    0xe1, 0xc0, 0x34, 0x1a, 0x81, 0x67, 0xfb, 0xad,
    0xc8, 0x11, 0xe0, 0x2, 0x14, 0xc, 0x0, 0x18,
    0x0, 0x58, 0x4c, 0x3, 0x8, 0x5, 0x80, 0xa0,
    0x18, 0x67, 0x58, 0x48, 0x17, 0xc4, 0x2, 0x30,
    0x10, 0x8, 0xbd, 0x81, 0xb7, 0x81, 0x4, 0x3,
    0xf8, 0x70, 0x45, 0x92, 0x46, 0x22, 0xf8, 0x66,
    0x3c, 0x81, 0x0, 0x28, 0x45, 0x86, 0x1, 0x58,
    0xb, 0xcc, 0xa0, 0x82, 0x0, 0xd0, 0x2c, 0x80,
    0x32, 0xda, 0x8, 0x0, 0x52, 0xd4, 0x2c, 0x9,
    0x40, 0x3c, 0x97, 0xdf, 0xee, 0xb4, 0x0, 0x10,
    0x38, 0x7, 0xff, 0x14, 0x40, 0x40, 0x3f, 0xf8,
    0xa4, 0x8, 0x1, 0xff, 0xc5, 0xd0, 0x5, 0x88,
    0x7, 0x84, 0x3, 0xf2, 0x28, 0x27, 0x53, 0xb3,
    0x23, 0x38, 0xc0, 0x3f, 0x52, 0x80, 0x16, 0x26,
    0x4e, 0x61, 0x60, 0x1f, 0xd5, 0x8c, 0x40, 0x11,
    0xb5, 0xc0, 0x7, 0xc0,

    /* U+FC02 "ﰂ" */
    0x0, 0xff, 0xe0, 0xaf, 0x78, 0x80, 0x7f, 0xf0,
    0xa9, 0x68, 0x40, 0x3f, 0xf8, 0x46, 0x8, 0x60,
    0x1f, 0xfc, 0x26, 0x4e, 0xe0, 0x7, 0xff, 0xd,
    0xf3, 0x40, 0x3f, 0xf8, 0x55, 0x4, 0x40, 0xf,
    0x91, 0x88, 0x3, 0xab, 0xa0, 0x3, 0x9b, 0xae,
    0x74, 0x80, 0x31, 0x2, 0x80, 0x6b, 0x91, 0x0,
    0xa0, 0x3, 0x60, 0x0, 0x80, 0x16, 0x80, 0x7b,
    0x60, 0xa2, 0x1, 0x20, 0x1, 0xc2, 0x10, 0x7,
    0x9, 0xc, 0x18, 0x3, 0x8, 0x10, 0xb8, 0x0,
    0x5c, 0x1, 0x41, 0x20, 0x1e, 0x17, 0x0, 0x18,
    0x45, 0xb6, 0x0, 0xe3, 0x32, 0x84, 0x17, 0x0,
    0xb1, 0x1, 0x25, 0x40, 0x7, 0x32, 0x50, 0x43,
    0x10, 0x70, 0xb9, 0x30, 0x1a, 0x81, 0x0, 0x1c,
    0x58, 0x7, 0x9b, 0x3f, 0x95, 0xfb, 0xfd, 0x8e,
    0x0, 0x20, 0x10, 0xf, 0xfe, 0x1f, 0x2, 0x80,
    0x7f, 0xf0, 0xcc, 0x4, 0x40, 0x1f, 0xfc, 0x25,
    0x0, 0x28, 0x7, 0xff, 0x8, 0x44, 0x18, 0x1,
    0xff, 0xc3, 0x40, 0x40, 0xf, 0xfe, 0x1c, 0xde,
    0x0, 0x7f, 0xf0, 0x80,

    /* U+FC03 "ﰃ" */
    0x0, 0xff, 0xe2, 0x2f, 0x79, 0x0, 0x7f, 0xf1,
    0x6d, 0x68, 0x80, 0x3f, 0xf8, 0xa4, 0xa, 0x40,
    0x1f, 0xfc, 0x54, 0x47, 0xe8, 0x7, 0xff, 0x15,
    0x11, 0x1a, 0x1, 0xff, 0xc5, 0xcb, 0x72, 0x0,
    0xff, 0xe3, 0x2d, 0xc8, 0x7, 0xff, 0x1b, 0x11,
    0xc0, 0x3f, 0xf8, 0xda, 0x2, 0x40, 0x1f, 0xfc,
    0x54, 0x0, 0x38, 0x18, 0x80, 0x7f, 0xf0, 0xc8,
    0x8, 0x3b, 0x8c, 0x1, 0xe7, 0x50, 0xf, 0xe2,
    0x20, 0x28, 0x7, 0xa2, 0xbe, 0xdd, 0x99, 0x44,
    0x6, 0xe0, 0x3, 0x0, 0xe1, 0x20, 0x2, 0x44,
    0xc9, 0x40, 0xd0, 0xc0, 0x3f, 0xe, 0xe1, 0x0,
    0x62, 0x7c, 0x3, 0x0, 0x28, 0x7, 0xc6, 0xc0,
    0x9f, 0xed, 0x80, 0x2, 0x0, 0x2a, 0x4c, 0x40,
    0x4, 0xb6, 0x81, 0x80, 0x1e, 0x1a, 0x0, 0x36,
    0x77, 0xfb, 0x69, 0x1, 0x5c, 0x3, 0xe5, 0xc4,
    0x0, 0xf9, 0x2e, 0x80, 0x3f, 0x8e, 0xfb, 0x2a,
    0x97, 0xbf, 0x68, 0x1, 0xf8,

    /* U+FC04 "ﰄ" */
    0x0, 0xff, 0xe2, 0x2f, 0x79, 0x0, 0x7f, 0xf1,
    0x6d, 0x68, 0x80, 0x3f, 0xf8, 0xa4, 0xa, 0x40,
    0x1f, 0xfc, 0x54, 0x47, 0xe8, 0x7, 0xff, 0x15,
    0x11, 0x1a, 0x1, 0xff, 0xc5, 0xcb, 0x72, 0x0,
    0xff, 0xe3, 0x2d, 0xc8, 0x7, 0xff, 0x1b, 0x11,
    0xc0, 0x3f, 0xf8, 0xda, 0x2, 0x40, 0x1f, 0xfc,
    0x54, 0x0, 0x38, 0x18, 0x80, 0x7f, 0xf0, 0xc8,
    0x8, 0x3b, 0x8c, 0x1, 0xe7, 0x50, 0xf, 0xe2,
    0x20, 0x28, 0x7, 0xa2, 0xbe, 0xdd, 0x99, 0x44,
    0x6, 0xe0, 0x3, 0x0, 0xe1, 0x20, 0x2, 0x44,
    0xc9, 0x40, 0xd0, 0xc0, 0x3f, 0xe, 0xe1, 0x0,
    0x62, 0x7c, 0x3, 0x0, 0x28, 0x7, 0xc6, 0xc0,
    0x9f, 0xed, 0x80, 0x2, 0x0, 0x2a, 0x4c, 0x40,
    0x4, 0xb6, 0x81, 0x80, 0x1e, 0x1a, 0x0, 0x36,
    0x77, 0xfb, 0x69, 0x1, 0x5c, 0x3, 0xe5, 0xc4,
    0x0, 0xf9, 0x2e, 0x80, 0x3f, 0x8e, 0xfb, 0x2a,
    0x97, 0xbf, 0x68, 0x1, 0xff, 0xc0, 0x13, 0x55,
    0x21, 0x0, 0x7f, 0xf1, 0x1c, 0x81, 0x90, 0x3,
    0xff, 0x87, 0x10, 0xf4, 0x9b, 0x0, 0xff, 0xe1,
    0xe0, 0x23, 0xa, 0x0, 0x7f, 0xc0,

    /* U+FC05 "ﰅ" */
    0x3c, 0xff, 0x75, 0xa8, 0x7, 0xf9, 0x44, 0x0,
    0x60, 0x1, 0x4a, 0xe9, 0x41, 0x0, 0xc5, 0xf4,
    0xe0, 0x6d, 0x32, 0x85, 0x11, 0x35, 0xf7, 0x80,
    0x44, 0x40, 0xc0, 0x4, 0xb3, 0x1e, 0xb0, 0xc0,
    0x30, 0x80, 0x4a, 0x8, 0x1, 0xc7, 0x7a, 0x60,
    0x2, 0x70, 0xd, 0xa0, 0x20, 0x1a, 0x31, 0x1,
    0xa4, 0x1, 0x2, 0x1, 0x8, 0x7, 0x53, 0x82,
    0xf4, 0xb0, 0x16, 0xc3, 0x31, 0xe4, 0x4, 0x0,
    0xea, 0x11, 0x42, 0x0, 0x80, 0x27, 0x99, 0x41,
    0x4, 0x0, 0xc0, 0x33, 0x80, 0x67, 0xa4, 0x10,
    0x0, 0xa5, 0x30, 0x38, 0x2, 0x0, 0x7, 0xd4,
    0xb, 0x7d, 0xfe, 0xeb, 0x50, 0x6, 0x2, 0x8,
    0x2, 0xc5, 0x40, 0x3f, 0xe1, 0x1, 0x0, 0xa5,
    0xec, 0x3, 0xcf, 0xea, 0x0, 0x10, 0x70, 0x8,
    0x61, 0x0, 0x3d, 0x81, 0xe0, 0xc, 0x2, 0x60,
    0xf, 0xfa, 0x62, 0xc0, 0xc, 0x21, 0x34, 0x82,
    0x0, 0x38, 0xe2, 0x0, 0x13, 0x88, 0x5, 0xa2,
    0xb, 0x7d, 0xfe, 0xc7, 0x15, 0x0, 0xfc, 0x7e,
    0xc0, 0x1f, 0x2a, 0x0, 0x7f, 0xc, 0xfe, 0x55,
    0x5b, 0xf4, 0x60, 0x1f, 0x0,

    /* U+FC06 "ﰆ" */
    0x2, 0x55, 0x20, 0x80, 0x7f, 0xf0, 0x93, 0x6a,
    0x97, 0xd8, 0xc2, 0x1, 0xe1, 0x7c, 0x20, 0x60,
    0xe, 0x39, 0xeb, 0x87, 0x0, 0xd0, 0x6a, 0x5,
    0x9f, 0xee, 0xb7, 0x20, 0x47, 0x80, 0x8, 0x50,
    0x30, 0x0, 0x60, 0x1, 0x61, 0x30, 0xc, 0x20,
    0x16, 0x2, 0x80, 0x61, 0x9d, 0x61, 0x20, 0x5f,
    0x10, 0x8, 0xc0, 0x40, 0x22, 0xf6, 0x6, 0xde,
    0x4, 0x10, 0xf, 0xe1, 0xc1, 0x16, 0x49, 0x18,
    0x8b, 0xe1, 0x98, 0xf2, 0x4, 0x0, 0xa1, 0x16,
    0x18, 0x5, 0x60, 0x2f, 0x32, 0x82, 0x8, 0x3,
    0x40, 0xb2, 0x0, 0xcb, 0x68, 0x20, 0x1, 0x4b,
    0x50, 0xb0, 0x25, 0x0, 0xf2, 0x5f, 0x7f, 0xba,
    0xd0, 0x0, 0x40, 0xe0, 0x1f, 0xfc, 0x51, 0x1,
    0x0, 0xff, 0xe0, 0x3f, 0xa8, 0x0, 0x81, 0x0,
    0x3f, 0xf8, 0x18, 0x1e, 0x0, 0xd0, 0x5, 0x88,
    0x7, 0x84, 0x2, 0x98, 0xb0, 0x2, 0x28, 0x27,
    0x53, 0xb3, 0x23, 0x38, 0xc0, 0x4, 0xe2, 0x1,
    0x52, 0x80, 0x16, 0x26, 0x4e, 0x61, 0x60, 0x1f,
    0xd5, 0x8c, 0x40, 0x11, 0xb5, 0xc0, 0x7, 0xc0,

    /* U+FC07 "ﰇ" */
    0x0, 0xe7, 0xf6, 0x0, 0xff, 0xe2, 0xd8, 0x68,
    0x7, 0xff, 0x17, 0xda, 0x40, 0x3f, 0xf8, 0xa7,
    0x24, 0x1, 0xff, 0xc1, 0x25, 0x52, 0x8, 0x7,
    0xff, 0x9, 0x36, 0xa9, 0x7d, 0x8c, 0x20, 0x1e,
    0x17, 0xc2, 0x6, 0x0, 0xe3, 0x9e, 0xb8, 0x70,
    0xd, 0x6, 0xa0, 0x59, 0xfe, 0xeb, 0x72, 0x4,
    0x78, 0x0, 0x85, 0x3, 0x0, 0x6, 0x0, 0x16,
    0x13, 0x0, 0xc2, 0x1, 0x60, 0x28, 0x6, 0x19,
    0xd6, 0x12, 0x5, 0xf1, 0x0, 0x8c, 0x4, 0x2,
    0x2f, 0x60, 0x6d, 0xe0, 0x41, 0x0, 0xfe, 0x1c,
    0x11, 0x64, 0x91, 0x88, 0xbe, 0x19, 0x8f, 0x20,
    0x40, 0xa, 0x11, 0x61, 0x80, 0x56, 0x2, 0xf3,
    0x28, 0x20, 0x80, 0x34, 0xb, 0x20, 0xc, 0xb6,
    0x82, 0x0, 0x14, 0xb5, 0xb, 0x2, 0x50, 0xf,
    0x25, 0xf7, 0xfb, 0xad, 0x0, 0x4, 0xe, 0x1,
    0xff, 0xc5, 0x10, 0x10, 0xf, 0xfe, 0x3, 0xfa,
    0x80, 0x8, 0x10, 0x3, 0xff, 0x81, 0x81, 0xe0,
    0xd, 0x0, 0x58, 0x80, 0x78, 0x40, 0x29, 0x8b,
    0x0, 0x22, 0x82, 0x75, 0x3b, 0x32, 0x33, 0x8c,
    0x0, 0x4e, 0x20, 0x15, 0x28, 0x1, 0x62, 0x64,
    0xe6, 0x16, 0x1, 0xfd, 0x58, 0xc4, 0x1, 0x1b,
    0x5c, 0x0, 0x7c,

    /* U+FC08 "ﰈ" */
    0x0, 0xff, 0xe1, 0x89, 0x0, 0x7c, 0x8c, 0x40,
    0x1d, 0x5d, 0x20, 0x1c, 0xdd, 0x73, 0xa4, 0x1,
    0x88, 0x10, 0x3, 0x5c, 0x88, 0x5, 0x0, 0x1b,
    0x0, 0x4, 0x0, 0xb4, 0x3, 0xdb, 0x5, 0x10,
    0x9, 0x0, 0xe, 0x10, 0x80, 0x38, 0x48, 0x60,
    0xc0, 0x18, 0x40, 0x85, 0xc0, 0x2, 0xe0, 0xa,
    0x9, 0x0, 0xf0, 0xb8, 0x0, 0xc2, 0x2d, 0xb0,
    0x7, 0x19, 0x94, 0x20, 0xb8, 0x5, 0x88, 0x9,
    0x2a, 0x0, 0x39, 0x92, 0x82, 0x18, 0x83, 0x85,
    0xc9, 0x80, 0xd4, 0x8, 0x0, 0xe2, 0xc0, 0x3c,
    0xd9, 0xfc, 0xaf, 0xdf, 0xec, 0x70, 0x1, 0x0,
    0x80, 0x7f, 0xcc, 0x60, 0xe, 0x5, 0x0, 0xff,
    0x2c, 0xe0, 0x0, 0xc0, 0x44, 0x1, 0xfc, 0xc2,
    0x80, 0x5, 0x0, 0x28, 0x7, 0xf1, 0xf5, 0x80,
    0x4, 0x41, 0x80, 0x1f, 0xfc, 0x34, 0x4, 0x0,
    0xff, 0xe1, 0xcd, 0xe0, 0x7, 0xff, 0x8,

    /* U+FC09 "ﰉ" */
    0x0, 0xff, 0xed, 0x35, 0xc8, 0x7, 0xff, 0x1b,
    0xd1, 0xc0, 0x3f, 0xf8, 0xda, 0x2, 0x40, 0x1f,
    0xfc, 0x54, 0x0, 0x38, 0x18, 0x80, 0x7f, 0xf0,
    0xc8, 0x8, 0x3b, 0x8c, 0x1, 0xe7, 0x50, 0xf,
    0xe2, 0x20, 0x28, 0x7, 0xa2, 0xbe, 0xdd, 0x99,
    0x44, 0x6, 0xe0, 0x3, 0x0, 0xe1, 0x20, 0x2,
    0x44, 0xc9, 0x40, 0xd0, 0xc0, 0x3f, 0xe, 0xe1,
    0x0, 0x62, 0x7c, 0x3, 0x0, 0x28, 0x7, 0xc6,
    0xc0, 0x9f, 0xed, 0x80, 0x2, 0x0, 0x2a, 0x4c,
    0x40, 0x4, 0xb6, 0x81, 0x80, 0x1e, 0x1a, 0x0,
    0x36, 0x77, 0xfb, 0x69, 0x1, 0x5c, 0xb, 0xb0,
    0x2, 0x5c, 0x40, 0xf, 0x92, 0xe8, 0x0, 0xe2,
    0x60, 0x18, 0xef, 0xb2, 0xa9, 0x7b, 0xf6, 0x80,
    0x12, 0xde, 0x80, 0x0,

    /* U+FC0A "ﰊ" */
    0x0, 0xff, 0xed, 0x35, 0xc8, 0x7, 0xff, 0x1b,
    0xd1, 0xc0, 0x3f, 0xf8, 0xda, 0x2, 0x40, 0x1f,
    0xfc, 0x54, 0x0, 0x38, 0x18, 0x80, 0x7f, 0xf0,
    0xc8, 0x8, 0x3b, 0x8c, 0x1, 0xe7, 0x50, 0xf,
    0xe2, 0x20, 0x28, 0x7, 0xa2, 0xbe, 0xdd, 0x99,
    0x44, 0x6, 0xe0, 0x3, 0x0, 0xe1, 0x20, 0x2,
    0x44, 0xc9, 0x40, 0xd0, 0xc0, 0x3f, 0xe, 0xe1,
    0x0, 0x62, 0x7c, 0x3, 0x0, 0x28, 0x7, 0xc6,
    0xc0, 0x9f, 0xed, 0x80, 0x2, 0x0, 0x2a, 0x4c,
    0x40, 0x4, 0xb6, 0x81, 0x80, 0x1e, 0x1a, 0x0,
    0x36, 0x77, 0xfb, 0x69, 0x1, 0x5c, 0xb, 0xb0,
    0x2, 0x5c, 0x40, 0xf, 0x92, 0xe8, 0x0, 0xe2,
    0x60, 0x18, 0xef, 0xb2, 0xa9, 0x7b, 0xf6, 0x80,
    0x12, 0xde, 0x80, 0x78, 0x4d, 0x54, 0x84, 0x1,
    0xf2, 0x10, 0x7, 0xce, 0x40, 0xc8, 0x1, 0xff,
    0xc3, 0x88, 0x7a, 0x4d, 0x80, 0x7f, 0xf0, 0xf0,
    0x11, 0x85, 0x0, 0x3f, 0xe0,

    /* U+FC0B "ﰋ" */
    0x0, 0xff, 0xe1, 0x57, 0x1b, 0xfa, 0x80, 0x7f,
    0xf0, 0x90, 0x57, 0x3, 0x0, 0x3f, 0xf8, 0x5b,
    0xd, 0x31, 0x0, 0xf, 0xfe, 0x11, 0xb8, 0x13,
    0x89, 0xe7, 0xfb, 0xad, 0x40, 0x3f, 0xca, 0x20,
    0x3, 0x0, 0xa, 0x57, 0x4a, 0x8, 0x6, 0x2f,
    0xa7, 0x3, 0x69, 0x94, 0x28, 0x89, 0xaf, 0xbc,
    0x2, 0x22, 0x6, 0x0, 0x25, 0x98, 0xf5, 0x86,
    0x1, 0x84, 0x2, 0x50, 0x40, 0xe, 0x3b, 0xd3,
    0x0, 0x13, 0x80, 0x6d, 0x1, 0x0, 0xd1, 0x88,
    0xd, 0x20, 0x8, 0x10, 0x8, 0x40, 0x3a, 0x9c,
    0x17, 0xa5, 0x80, 0xb6, 0x19, 0x8f, 0x20, 0x20,
    0x7, 0x50, 0x8a, 0x10, 0x4, 0x1, 0x3c, 0xca,
    0x8, 0x20, 0x6, 0x1, 0x9c, 0x3, 0x3d, 0x20,
    0x80, 0x5, 0x29, 0x81, 0xc0, 0x10, 0x0, 0x3e,
    0xa0, 0x5b, 0xef, 0xf7, 0x5a, 0x80, 0x30, 0x10,
    0x40, 0x16, 0x2a, 0x1, 0xff, 0x8, 0x8, 0x5,
    0x2f, 0x60, 0x1f, 0xf0, 0x83, 0x80, 0x43, 0x8,
    0x1, 0xff, 0x60, 0x13, 0x0, 0x7f, 0xf1, 0x18,
    0x42, 0x69, 0x4, 0x0, 0x6d, 0x62, 0x1, 0xfb,
    0x44, 0x16, 0xfb, 0xfd, 0x92, 0x8c, 0x1, 0xf8,
    0xfd, 0x80, 0x3e, 0x54, 0x0, 0xfe, 0x19, 0xfc,
    0xaa, 0xb7, 0xe8, 0xc0, 0x3e,

    /* U+FC0C "ﰌ" */
    0x0, 0xff, 0xe1, 0x1b, 0x1, 0x38, 0x80, 0x7f,
    0xf0, 0xb6, 0x5a, 0x62, 0x0, 0x1f, 0xfc, 0x24,
    0x5, 0xc0, 0xc0, 0xf, 0xfe, 0x15, 0x79, 0xbf,
    0xa8, 0x12, 0xa9, 0x4, 0x3, 0xff, 0x84, 0x9b,
    0x54, 0xbe, 0xc6, 0x10, 0xf, 0xb, 0xe1, 0x3,
    0x0, 0x71, 0xcf, 0x5c, 0x38, 0x6, 0x83, 0x50,
    0x2c, 0xff, 0x75, 0xb9, 0x2, 0x3c, 0x0, 0x42,
    0x81, 0x80, 0x3, 0x0, 0xb, 0x9, 0x80, 0x61,
    0x0, 0xb0, 0x14, 0x3, 0xc, 0xeb, 0x9, 0x2,
    0xf8, 0x80, 0x46, 0x2, 0x1, 0x17, 0xb0, 0x36,
    0xf0, 0x20, 0x80, 0x7f, 0xe, 0x8, 0xb2, 0x48,
    0xc4, 0x5f, 0xc, 0xc7, 0x90, 0x20, 0x5, 0x8,
    0xb0, 0xc0, 0x2b, 0x1, 0x79, 0x94, 0x10, 0x40,
    0x1a, 0x5, 0x90, 0x6, 0x5b, 0x41, 0x0, 0xa,
    0x5a, 0x85, 0x81, 0x28, 0x7, 0x92, 0xfb, 0xfd,
    0xd6, 0x80, 0x2, 0x7, 0x0, 0xff, 0xe2, 0x88,
    0x8, 0x7, 0xff, 0x14, 0x81, 0x0, 0x3f, 0xf8,
    0xba, 0x0, 0xb1, 0x0, 0xf0, 0x80, 0x7e, 0x45,
    0x4, 0xea, 0x76, 0x64, 0x67, 0x18, 0x7, 0xea,
    0x50, 0x2, 0xc4, 0xc9, 0xcc, 0x2c, 0x3, 0xfa,
    0xb1, 0x88, 0x2, 0x36, 0xb8, 0x0, 0xf8,

    /* U+FC0D "ﰍ" */
    0x0, 0xe7, 0xf6, 0x0, 0xf1, 0xb0, 0x13, 0x88,
    0x7, 0x58, 0x68, 0x7, 0xb6, 0x5a, 0x62, 0x0,
    0x1d, 0xed, 0x20, 0x1e, 0x40, 0x5c, 0xc, 0x0,
    0xe3, 0x92, 0x0, 0xf5, 0x79, 0xbf, 0xa8, 0x12,
    0xa9, 0x4, 0x3, 0xff, 0x84, 0x9b, 0x54, 0xbe,
    0xc6, 0x10, 0xf, 0xb, 0xe1, 0x3, 0x0, 0x71,
    0xcf, 0x5c, 0x38, 0x6, 0x83, 0x50, 0x2c, 0xff,
    0x75, 0xb9, 0x2, 0x3c, 0x0, 0x42, 0x81, 0x80,
    0x3, 0x0, 0xb, 0x9, 0x80, 0x61, 0x0, 0xb0,
    0x14, 0x3, 0xc, 0xeb, 0x9, 0x2, 0xf8, 0x80,
    0x46, 0x2, 0x1, 0x17, 0xb0, 0x36, 0xf0, 0x20,
    0x80, 0x7f, 0xe, 0x8, 0xb2, 0x48, 0xc4, 0x5f,
    0xc, 0xc7, 0x90, 0x20, 0x5, 0x8, 0xb0, 0xc0,
    0x2b, 0x1, 0x79, 0x94, 0x10, 0x40, 0x1a, 0x5,
    0x90, 0x6, 0x5b, 0x41, 0x0, 0xa, 0x5a, 0x85,
    0x81, 0x28, 0x7, 0x92, 0xfb, 0xfd, 0xd6, 0x80,
    0x2, 0x7, 0x0, 0xff, 0xe2, 0x88, 0x8, 0x7,
    0xff, 0x14, 0x81, 0x0, 0x3f, 0xf8, 0xba, 0x0,
    0xb1, 0x0, 0xf0, 0x80, 0x7e, 0x45, 0x4, 0xea,
    0x76, 0x64, 0x67, 0x18, 0x7, 0xea, 0x50, 0x2,
    0xc4, 0xc9, 0xcc, 0x2c, 0x3, 0xfa, 0xb1, 0x88,
    0x2, 0x36, 0xb8, 0x0, 0xf8,

    /* U+FC0E "ﰎ" */
    0x0, 0xff, 0xe0, 0xb9, 0x3, 0x20, 0x7, 0xff,
    0x6, 0x21, 0xcb, 0x36, 0x1, 0xff, 0xc1, 0xc0,
    0x47, 0x14, 0x0, 0xff, 0xe0, 0xa7, 0xc1, 0x75,
    0x80, 0x7f, 0xf1, 0x4, 0x80, 0x3f, 0x23, 0x10,
    0x7, 0x57, 0x40, 0x7, 0x9b, 0xae, 0x74, 0x80,
    0x31, 0x2, 0x80, 0x75, 0xc8, 0x80, 0x50, 0x1,
    0xb0, 0x0, 0x40, 0x15, 0xa0, 0x1e, 0xd8, 0x28,
    0x80, 0x48, 0x0, 0x70, 0x4, 0x20, 0xe, 0x12,
    0x18, 0x30, 0x6, 0x10, 0x20, 0x17, 0x0, 0xb,
    0x80, 0x28, 0x24, 0x3, 0xc2, 0xe, 0x0, 0x30,
    0x8b, 0x6c, 0x1, 0xc6, 0x65, 0x8, 0x28, 0x60,
    0x16, 0x20, 0x24, 0xa8, 0x0, 0xe6, 0x4a, 0x8,
    0x60, 0x20, 0xe1, 0x72, 0x60, 0x35, 0x2, 0x0,
    0x38, 0xb0, 0xf, 0x9b, 0x3f, 0x95, 0xfb, 0xfd,
    0x8e, 0x1, 0x10, 0x8, 0x7, 0xff, 0x13, 0x81,
    0x40, 0x3f, 0xf8, 0x86, 0x2, 0x20, 0xf, 0xfe,
    0x1a, 0x80, 0x14, 0x3, 0xff, 0x86, 0x22, 0xc,
    0x0, 0xff, 0xe2, 0x20, 0x20, 0x7, 0xff, 0x12,
    0x6f, 0x0, 0x3f, 0xf8, 0x60,

    /* U+FC0F "ﰏ" */
    0x0, 0xff, 0xe2, 0x39, 0x83, 0x20, 0x7, 0xff,
    0x11, 0xe3, 0x92, 0x6c, 0x3, 0xff, 0x88, 0x60,
    0x8c, 0x26, 0x1, 0xff, 0xc4, 0x4f, 0x92, 0xec,
    0x0, 0xff, 0xee, 0x3f, 0x50, 0x7, 0xff, 0x1f,
    0x85, 0x40, 0x3f, 0xf8, 0xfa, 0x0, 0x20, 0xf,
    0xfe, 0x32, 0x0, 0x10, 0x0, 0x62, 0x1, 0xff,
    0xc3, 0x20, 0x10, 0x7, 0x71, 0x80, 0x3d, 0xa,
    0x1, 0xfe, 0x22, 0x2, 0x0, 0x79, 0xeb, 0xed,
    0xd9, 0x94, 0x40, 0x60, 0xe0, 0x2, 0x0, 0xe1,
    0x20, 0x2, 0x44, 0xc9, 0x41, 0x10, 0x6, 0x1,
    0xf8, 0x77, 0x8, 0x3, 0x14, 0x58, 0x0, 0xc0,
    0xa, 0x1, 0xf1, 0xb0, 0x27, 0xfb, 0x5c, 0x2,
    0x40, 0x5, 0x49, 0x88, 0x0, 0x96, 0xd0, 0x30,
    0x3, 0xe1, 0xa0, 0x3, 0x67, 0x7f, 0xb6, 0x90,
    0x15, 0xc0, 0x3f, 0x2e, 0x20, 0x7, 0xc9, 0x74,
    0x1, 0xfe, 0x3b, 0xec, 0xaa, 0x5e, 0xfd, 0xa0,
    0x7, 0xf0,

    /* U+FC10 "ﰐ" */
    0x0, 0xff, 0xe2, 0x39, 0x83, 0x20, 0x7, 0xff,
    0x11, 0xe3, 0x92, 0x6c, 0x3, 0xff, 0x88, 0x60,
    0x8c, 0x26, 0x1, 0xff, 0xc4, 0x4f, 0x92, 0xec,
    0x0, 0xff, 0xee, 0x3f, 0x50, 0x7, 0xff, 0x1f,
    0x85, 0x40, 0x3f, 0xf8, 0xfa, 0x0, 0x20, 0xf,
    0xfe, 0x32, 0x0, 0x10, 0x0, 0x62, 0x1, 0xff,
    0xc3, 0x20, 0x10, 0x7, 0x71, 0x80, 0x3d, 0xa,
    0x1, 0xfe, 0x22, 0x2, 0x0, 0x79, 0xeb, 0xed,
    0xd9, 0x94, 0x40, 0x60, 0xe0, 0x2, 0x0, 0xe1,
    0x20, 0x2, 0x44, 0xc9, 0x41, 0x10, 0x6, 0x1,
    0xf8, 0x77, 0x8, 0x3, 0x14, 0x58, 0x0, 0xc0,
    0xa, 0x1, 0xf1, 0xb0, 0x27, 0xfb, 0x5c, 0x2,
    0x40, 0x5, 0x49, 0x88, 0x0, 0x96, 0xd0, 0x30,
    0x3, 0xe1, 0xa0, 0x3, 0x67, 0x7f, 0xb6, 0x90,
    0x15, 0xc0, 0x3f, 0x2e, 0x20, 0x7, 0xc9, 0x74,
    0x1, 0xfe, 0x3b, 0xec, 0xaa, 0x5e, 0xfd, 0xa0,
    0x7, 0xff, 0x4, 0x4d, 0x54, 0x84, 0x1, 0xff,
    0xc5, 0x72, 0x6, 0x40, 0xf, 0xfe, 0x24, 0x43,
    0xd2, 0x6c, 0x3, 0xff, 0x89, 0x80, 0x8c, 0x28,
    0x1, 0xff, 0xc0,

    /* U+FC11 "ﰑ" */
    0x0, 0xff, 0xe2, 0x19, 0x0, 0x7f, 0xf1, 0x47,
    0x34, 0x3, 0xff, 0x8a, 0x24, 0x60, 0x1f, 0xfc,
    0x46, 0xf8, 0xbf, 0x40, 0xf, 0xfe, 0x17, 0x81,
    0x68, 0x18, 0x7, 0xff, 0xa, 0x6d, 0xea, 0xdc,
    0x3, 0xff, 0x86, 0x80, 0x4, 0x3, 0xcf, 0xf7,
    0x5a, 0x80, 0x7f, 0x94, 0x40, 0x6, 0x0, 0x14,
    0xae, 0x94, 0x10, 0xc, 0x5f, 0x4e, 0x6, 0xd3,
    0x28, 0x51, 0x13, 0x5f, 0x78, 0x4, 0x44, 0xc,
    0x0, 0x4b, 0x31, 0xeb, 0xc, 0x3, 0x8, 0x4,
    0xa0, 0x80, 0x1c, 0x77, 0xa6, 0x0, 0x27, 0x0,
    0xda, 0x2, 0x1, 0xa3, 0x10, 0x1a, 0x40, 0x10,
    0x20, 0x10, 0x80, 0x75, 0x38, 0x2f, 0x4b, 0x1,
    0x6c, 0x33, 0x1e, 0x40, 0x40, 0xe, 0xa1, 0x14,
    0x20, 0x8, 0x2, 0x79, 0x94, 0x10, 0x40, 0xc,
    0x3, 0x38, 0x6, 0x7a, 0x41, 0x0, 0xa, 0x53,
    0x3, 0x80, 0x20, 0x0, 0x7d, 0x40, 0xb7, 0xdf,
    0xee, 0xb5, 0x0, 0x60, 0x20, 0x80, 0x2c, 0x54,
    0x3, 0xfe, 0x10, 0x10, 0xa, 0x5e, 0xc0, 0x3f,
    0xe1, 0x7, 0x0, 0x86, 0x10, 0x3, 0xfe, 0xc0,
    0x26, 0x0, 0xff, 0xe2, 0x30, 0x84, 0xd2, 0x8,
    0x0, 0xda, 0xc4, 0x3, 0xf6, 0x88, 0x2d, 0xf7,
    0xfb, 0x25, 0x18, 0x3, 0xf1, 0xfb, 0x0, 0x7c,
    0xa8, 0x1, 0xfc, 0x33, 0xf9, 0x55, 0x6f, 0xd1,
    0x80, 0x7c,

    /* U+FC12 "ﰒ" */
    0x0, 0xff, 0xe1, 0x47, 0x98, 0x7, 0xff, 0xc,
    0xc1, 0x40, 0x3f, 0xf8, 0x47, 0x36, 0xa2, 0x1,
    0xff, 0xc0, 0x3c, 0xc0, 0x66, 0x0, 0x3f, 0xf8,
    0x4, 0x2a, 0xc2, 0xe0, 0x1f, 0xfc, 0x1, 0xeb,
    0x2e, 0xa0, 0xf, 0xfe, 0x18, 0x90, 0x7, 0xc8,
    0xc4, 0x1, 0xd5, 0xd0, 0x1, 0xcd, 0xd7, 0x3a,
    0x40, 0x18, 0x81, 0x40, 0x35, 0xc8, 0x80, 0x50,
    0x1, 0xb0, 0x0, 0x40, 0xb, 0x40, 0x3d, 0xb0,
    0x51, 0x0, 0x90, 0x0, 0xe1, 0x8, 0x3, 0x84,
    0x86, 0xc, 0x1, 0x84, 0x8, 0x5c, 0x0, 0x2e,
    0x0, 0xa0, 0x90, 0xf, 0xb, 0x80, 0xc, 0x22,
    0xdb, 0x0, 0x71, 0x99, 0x42, 0xb, 0x80, 0x58,
    0x80, 0x92, 0xa0, 0x3, 0x99, 0x28, 0x21, 0x88,
    0x38, 0x5c, 0x98, 0xd, 0x40, 0x80, 0xe, 0x2c,
    0x3, 0xcd, 0x9f, 0xca, 0xfd, 0xfe, 0xc7, 0x0,
    0x10, 0x8, 0x7, 0xff, 0xf, 0x81, 0x40, 0x3f,
    0xf8, 0x66, 0x2, 0x20, 0xf, 0xfe, 0x12, 0x80,
    0x14, 0x3, 0xff, 0x84, 0x22, 0xc, 0x0, 0xff,
    0xe1, 0xa0, 0x20, 0x7, 0xff, 0xe, 0x6f, 0x0,
    0x3f, 0xf8, 0x40,

    /* U+FC13 "ﰓ" */
    0x0, 0xff, 0xe2, 0x8a, 0x0, 0x7f, 0xf1, 0xea,
    0xdc, 0x3, 0xff, 0x8a, 0x7a, 0xa4, 0x20, 0x1f,
    0xfc, 0x33, 0xc8, 0x9a, 0xf0, 0xf, 0xfe, 0x19,
    0xa, 0x90, 0xa8, 0x7, 0xff, 0xc, 0x7a, 0xc7,
    0xac, 0x3, 0xff, 0xb4, 0xfb, 0x40, 0x1f, 0xfc,
    0x6e, 0x25, 0x0, 0xff, 0xe3, 0x68, 0x0, 0x80,
    0x3f, 0xf8, 0xa8, 0x0, 0x40, 0x31, 0x0, 0xff,
    0xe1, 0x90, 0x8, 0x77, 0x18, 0x3, 0xd0, 0xa0,
    0x1f, 0xc4, 0x40, 0x40, 0xf, 0x3d, 0x7d, 0xbb,
    0x32, 0x88, 0xd, 0xc0, 0x4, 0x1, 0xc2, 0x40,
    0x4, 0x89, 0x92, 0x81, 0xa1, 0x80, 0x7e, 0x1d,
    0xc2, 0x0, 0xc5, 0x18, 0x6, 0x0, 0x50, 0xf,
    0x8d, 0x81, 0x3f, 0xda, 0xe0, 0x4, 0x0, 0x54,
    0x98, 0x80, 0x9, 0x6d, 0x3, 0x0, 0x3c, 0x34,
    0x0, 0x6c, 0xef, 0xf6, 0xd2, 0x2, 0xb8, 0x7,
    0xcb, 0x88, 0x1, 0xf2, 0x5d, 0x0, 0x7f, 0x1d,
    0xf6, 0x55, 0x2f, 0x7e, 0xd0, 0x3, 0xf0,

    /* U+FC14 "ﰔ" */
    0x0, 0xff, 0xe2, 0x8a, 0x0, 0x7f, 0xf1, 0xea,
    0xdc, 0x3, 0xff, 0x8a, 0x7a, 0xa4, 0x20, 0x1f,
    0xfc, 0x33, 0xc8, 0x9a, 0xf0, 0xf, 0xfe, 0x19,
    0xa, 0x90, 0xa8, 0x7, 0xff, 0xc, 0x7a, 0xc7,
    0xac, 0x3, 0xff, 0xb4, 0xfb, 0x40, 0x1f, 0xfc,
    0x6e, 0x25, 0x0, 0xff, 0xe3, 0x68, 0x0, 0x80,
    0x3f, 0xf8, 0xa8, 0x0, 0x40, 0x31, 0x0, 0xff,
    0xe1, 0x90, 0x8, 0x77, 0x18, 0x3, 0xd0, 0xa0,
    0x1f, 0xc4, 0x40, 0x40, 0xf, 0x3d, 0x7d, 0xbb,
    0x32, 0x88, 0xd, 0xc0, 0x4, 0x1, 0xc2, 0x40,
    0x4, 0x89, 0x92, 0x81, 0xa1, 0x80, 0x7e, 0x1d,
    0xc2, 0x0, 0xc5, 0x18, 0x6, 0x0, 0x50, 0xf,
    0x8d, 0x81, 0x3f, 0xda, 0xe0, 0x4, 0x0, 0x54,
    0x98, 0x80, 0x9, 0x6d, 0x3, 0x0, 0x3c, 0x34,
    0x0, 0x6c, 0xef, 0xf6, 0xd2, 0x2, 0xb8, 0x7,
    0xcb, 0x88, 0x1, 0xf2, 0x5d, 0x0, 0x7f, 0x1d,
    0xf6, 0x55, 0x2f, 0x7e, 0xd0, 0x3, 0xff, 0x80,
    0x26, 0xaa, 0x42, 0x0, 0xff, 0xe2, 0x39, 0x3,
    0x20, 0x7, 0xff, 0xe, 0x21, 0xe9, 0x36, 0x1,
    0xff, 0xc3, 0xc0, 0x46, 0x14, 0x0, 0xff, 0x80,

    /* U+FC15 "ﰕ" */
    0x2, 0x55, 0x20, 0x80, 0x7f, 0xf2, 0x13, 0x6a,
    0x97, 0xd8, 0xc2, 0x1, 0xff, 0xc5, 0x60, 0xe,
    0x39, 0xeb, 0x87, 0x0, 0xa7, 0xbf, 0xd8, 0xe4,
    0x1, 0x8b, 0x7f, 0xed, 0xa2, 0x4, 0x78, 0x0,
    0xc2, 0x0, 0x38, 0xda, 0x40, 0x8, 0x80, 0x25,
    0xb2, 0x0, 0xc2, 0x0, 0x8f, 0xf7, 0x5b, 0x2,
    0xdf, 0xc8, 0x4, 0x7b, 0x2, 0x4, 0xb, 0xe2,
    0x0, 0x10, 0x0, 0xa4, 0xc8, 0x2, 0x30, 0x2,
    0xe1, 0x3, 0x6f, 0x82, 0x90, 0x7, 0xc7, 0x52,
    0x5, 0x30, 0x7, 0x40, 0x39, 0x24, 0x41, 0xc,
    0x86, 0x6a, 0x2f, 0xb1, 0x46, 0x75, 0x88, 0x38,
    0x7, 0xc, 0x2, 0xb0, 0x17, 0x99, 0x9d, 0x4,
    0x1f, 0xd8, 0x2, 0x42, 0xb, 0x20, 0xc, 0xb8,
    0x82, 0x1, 0x12, 0xd7, 0xc0, 0x80, 0x6c, 0x2,
    0x50, 0xf, 0x1d, 0xf7, 0xfd, 0xb4, 0xa0, 0x1f,
    0x18, 0x38, 0x7, 0xff, 0x11, 0x50, 0x3, 0xe1,
    0x0, 0xff, 0xe1, 0x9d, 0x59, 0x0, 0x63, 0x4,
    0x0, 0xff, 0xe1, 0x90, 0x91, 0x0, 0x35, 0x80,
    0x2c, 0x40, 0x3c, 0xa0, 0x1e, 0x1e, 0xd0, 0xe,
    0x35, 0x4, 0xea, 0x76, 0x64, 0xf5, 0x20, 0x7,
    0xff, 0xa, 0x98, 0x0, 0xb1, 0x32, 0x61, 0xc,
    0x0, 0xff, 0xe1, 0xce, 0x31, 0x0, 0x46, 0xd7,
    0x0, 0x1f, 0xfc, 0x10,

    /* U+FC16 "ﰖ" */
    0x0, 0xf1, 0xb1, 0x0, 0x72, 0x32, 0x98, 0x7,
    0xfc, 0xdd, 0x93, 0xa4, 0x1, 0x2d, 0xcd, 0x67,
    0x40, 0x80, 0x7d, 0x52, 0x20, 0x14, 0x0, 0x4e,
    0x1, 0x85, 0xfa, 0x8, 0x3, 0x5a, 0x82, 0x6d,
    0x82, 0x88, 0x0, 0xbb, 0xfd, 0xb4, 0x60, 0xfb,
    0xe0, 0x7, 0x40, 0x1b, 0x24, 0x30, 0x60, 0x8,
    0x40, 0x4, 0xbe, 0x20, 0x10, 0x8a, 0x0, 0x2,
    0xe0, 0xa, 0x9, 0x0, 0xf1, 0xd6, 0x8, 0x3d,
    0x8b, 0x80, 0x10, 0x22, 0xdb, 0x0, 0x71, 0x98,
    0xf5, 0xd8, 0xa0, 0xdd, 0x8, 0x1e, 0x5, 0x68,
    0x9, 0x2a, 0x0, 0x39, 0x94, 0x28, 0x82, 0x64,
    0x88, 0x4, 0x40, 0xe1, 0x72, 0x60, 0x35, 0x2,
    0x0, 0x14, 0x8d, 0xb3, 0x0, 0xff, 0x36, 0x7f,
    0x2b, 0xf7, 0xfb, 0xad, 0xc8, 0x3, 0xe2, 0x1,
    0x0, 0xff, 0xe1, 0x1b, 0x80, 0x7b, 0x81, 0x40,
    0x3f, 0xf8, 0x5d, 0xe, 0x1, 0xc4, 0x2, 0x20,
    0xf, 0xfe, 0xa, 0x1, 0x80, 0x73, 0x80, 0x14,
    0x3, 0xff, 0x83, 0x3e, 0x80, 0x1c, 0x42, 0x18,
    0x1, 0xff, 0xca, 0x40, 0x40, 0xf, 0xfe, 0x54,
    0xd6, 0x80, 0x7f, 0xf2, 0x40,

    /* U+FC17 "ﰗ" */
    0x3d, 0xff, 0x75, 0xa8, 0x7, 0xff, 0x1c, 0x48,
    0x0, 0x29, 0x5d, 0x28, 0x20, 0x19, 0xb7, 0xfa,
    0xd0, 0x3, 0x89, 0xe6, 0x50, 0xc6, 0x2d, 0x7d,
    0xe0, 0x16, 0x10, 0xa, 0x5e, 0x18, 0x6, 0x86,
    0x63, 0xc5, 0x90, 0x6, 0x10, 0x6, 0x3c, 0xc2,
    0x1, 0xe4, 0xa0, 0x80, 0x67, 0xe8, 0x20, 0x1,
    0x38, 0x4, 0xd0, 0xcf, 0x7c, 0x80, 0xd7, 0x0,
    0x1, 0xc8, 0x0, 0x34, 0x80, 0x20, 0x40, 0x3e,
    0x50, 0xc, 0x40, 0xc, 0x30, 0x5e, 0x96, 0x2,
    0xd8, 0x66, 0x9e, 0x73, 0xed, 0x6, 0x36, 0xc2,
    0x48, 0x22, 0x84, 0x1, 0x0, 0x4f, 0x33, 0x43,
    0x18, 0x14, 0xf3, 0x90, 0x13, 0x3, 0x38, 0x6,
    0x7a, 0x41, 0x0, 0x89, 0x1f, 0x35, 0x80, 0x32,
    0x80, 0x20, 0x0, 0x7d, 0x40, 0xb7, 0xdf, 0xf6,
    0xdc, 0x18, 0x7, 0xb4, 0x10, 0x40, 0x16, 0x2a,
    0x1, 0xff, 0xc5, 0x10, 0x10, 0xa, 0x5e, 0xc0,
    0x3f, 0xf8, 0xa2, 0xe, 0x1, 0xc, 0x20, 0x7,
    0xff, 0x17, 0x0, 0x98, 0x3, 0xff, 0x94, 0xc4,
    0x13, 0x48, 0x20, 0x3, 0x6b, 0x10, 0xf, 0xfe,
    0x17, 0x88, 0x2d, 0xf7, 0xfb, 0x25, 0x18, 0x3,
    0xff, 0x84, 0x5e, 0xc0, 0x1f, 0x2a, 0x0, 0x7f,
    0xf0, 0xc6, 0x7f, 0x2a, 0xad, 0xfa, 0x30, 0xf,
    0xfe, 0x8,

    /* U+FC18 "ﰘ" */
    0x0, 0xf1, 0xb1, 0x0, 0x72, 0x32, 0x98, 0x7,
    0xfc, 0xdd, 0x93, 0xa4, 0x1, 0x2d, 0xcd, 0x67,
    0x40, 0x80, 0x7d, 0x52, 0x20, 0x14, 0x0, 0x4e,
    0x1, 0x85, 0xfa, 0x8, 0x3, 0x5a, 0x82, 0x6d,
    0x82, 0x88, 0x0, 0xbb, 0xfd, 0xb4, 0x60, 0xfb,
    0xe0, 0x7, 0x40, 0x1b, 0x24, 0x30, 0x60, 0x8,
    0x40, 0x4, 0xbe, 0x20, 0x10, 0x8a, 0x0, 0x2,
    0xe0, 0xa, 0x9, 0x0, 0xf1, 0xd6, 0x8, 0x3d,
    0x8b, 0x80, 0x10, 0x22, 0xdb, 0x0, 0x71, 0x98,
    0xf5, 0xd8, 0xa0, 0xdd, 0x8, 0x1e, 0x7, 0x68,
    0x9, 0x2a, 0x0, 0x39, 0x94, 0x28, 0x82, 0x64,
    0x88, 0x4, 0x40, 0xc1, 0x72, 0x60, 0x35, 0x2,
    0x0, 0x14, 0x8d, 0xb3, 0x0, 0xff, 0x36, 0x7f,
    0x2b, 0xf7, 0xfb, 0xad, 0xc8, 0x3, 0xe2, 0x6,
    0x0, 0xff, 0xe5, 0x70, 0x10, 0x7, 0xff, 0x28,
    0x80, 0x44, 0x1, 0xff, 0xc9, 0x70, 0x2, 0x80,
    0x7f, 0xf2, 0x48, 0x43, 0x0, 0x3f, 0xf9, 0x48,
    0x8, 0x1, 0xff, 0xca, 0x9b, 0xc0, 0xf, 0xfe,
    0x48,

    /* U+FC19 "ﰙ" */
    0x0, 0xff, 0xe2, 0x37, 0xb8, 0x7, 0xff, 0x2f,
    0x42, 0xc0, 0x3f, 0xf9, 0x72, 0xfc, 0x1, 0xf1,
    0xef, 0xfb, 0xad, 0x40, 0x3f, 0x8a, 0x8, 0x3,
    0xe1, 0x20, 0x0, 0xa5, 0x74, 0xa0, 0x80, 0x66,
    0xdf, 0xeb, 0x40, 0xe, 0x27, 0x99, 0x43, 0x18,
    0xb5, 0xf7, 0x80, 0x58, 0x40, 0x29, 0x78, 0x60,
    0x1a, 0x19, 0x8f, 0x16, 0x40, 0x18, 0x40, 0x18,
    0xf3, 0x8, 0x7, 0x92, 0x82, 0x1, 0x9f, 0xa0,
    0x80, 0x4, 0xe0, 0x13, 0x43, 0x3d, 0xf2, 0x3,
    0x5c, 0x0, 0x7, 0x20, 0x0, 0xd2, 0x0, 0x81,
    0x0, 0xf9, 0x40, 0x31, 0x0, 0x30, 0xc1, 0x7a,
    0x58, 0xb, 0x61, 0x9a, 0x79, 0xcf, 0xb4, 0x18,
    0xdb, 0x9, 0x20, 0x8a, 0x10, 0x4, 0x1, 0x3c,
    0xcd, 0xc, 0x60, 0x53, 0xce, 0x40, 0x4c, 0xc,
    0xe0, 0x19, 0xe9, 0x4, 0x2, 0x24, 0x7c, 0xd6,
    0x0, 0xca, 0x0, 0x80, 0x1, 0xf5, 0x2, 0xdf,
    0x7f, 0xdb, 0x70, 0x60, 0x1e, 0xd0, 0x41, 0x0,
    0x58, 0xa8, 0x7, 0xff, 0x14, 0x40, 0x40, 0x29,
    0x7b, 0x0, 0xff, 0xe2, 0x88, 0x38, 0x4, 0x30,
    0x80, 0x1f, 0xfc, 0x5c, 0x2, 0x60, 0xf, 0xfe,
    0x53, 0x10, 0x4d, 0x20, 0x80, 0xd, 0xac, 0x40,
    0x3f, 0xf8, 0x5e, 0x20, 0xb7, 0xdf, 0xec, 0x94,
    0x60, 0xf, 0xfe, 0x11, 0x7b, 0x0, 0x7c, 0xa8,
    0x1, 0xff, 0xc3, 0x19, 0xfc, 0xaa, 0xb7, 0xe8,
    0xc0, 0x3f, 0xf8, 0x20,

    /* U+FC1A "ﰚ" */
    0x0, 0xff, 0xe2, 0x14, 0x10, 0x7, 0xff, 0x2e,
    0x5e, 0x40, 0x3f, 0xf9, 0x78, 0x18, 0x1, 0xf8,
    0x95, 0x48, 0x20, 0x1f, 0xe7, 0xf7, 0x0, 0xf9,
    0x36, 0xa9, 0x7d, 0x8c, 0x20, 0x1f, 0xfc, 0x56,
    0x0, 0xe3, 0x9e, 0xb8, 0x70, 0xa, 0x7b, 0xfd,
    0x8e, 0x40, 0x18, 0xb7, 0xfe, 0xda, 0x20, 0x47,
    0x80, 0xc, 0x20, 0x3, 0x8d, 0xa4, 0x0, 0x88,
    0x2, 0x5b, 0x20, 0xc, 0x20, 0x8, 0xff, 0x75,
    0xb0, 0x2d, 0xfc, 0x80, 0x47, 0xb0, 0x20, 0x40,
    0xbe, 0x20, 0x1, 0x0, 0xa, 0x4c, 0x80, 0x23,
    0x0, 0x2e, 0x10, 0x36, 0xf8, 0x29, 0x0, 0x7c,
    0x75, 0x20, 0x53, 0x0, 0x74, 0x3, 0x92, 0x44,
    0x10, 0xc8, 0x66, 0xa2, 0xfb, 0x14, 0x67, 0x58,
    0x83, 0x80, 0x70, 0xc0, 0x2b, 0x1, 0x79, 0x99,
    0xd0, 0x41, 0xfd, 0x80, 0x24, 0x20, 0xb2, 0x0,
    0xcb, 0x88, 0x20, 0x11, 0x2d, 0x7c, 0x8, 0x6,
    0xc0, 0x25, 0x0, 0xf1, 0xdf, 0x7f, 0xdb, 0x4a,
    0x1, 0xf1, 0x83, 0x80, 0x7f, 0xf3, 0x44, 0x3,
    0xff, 0x96, 0x60, 0x80, 0x1f, 0xfc, 0xbb, 0x0,
    0x58, 0x80, 0x78, 0x40, 0x3f, 0xf8, 0x46, 0xa0,
    0x9d, 0x4e, 0xcc, 0x8c, 0xe3, 0x0, 0xff, 0xe1,
    0x53, 0x0, 0x16, 0x26, 0x4e, 0x61, 0x60, 0x1f,
    0xfc, 0x39, 0xc6, 0x20, 0x8, 0xda, 0xe0, 0x3,
    0xff, 0x82,

    /* U+FC1B "ﰛ" */
    0x0, 0xff, 0xe1, 0x17, 0x60, 0x7, 0xff, 0x29,
    0x4, 0xc4, 0x3, 0xff, 0x92, 0xcf, 0x22, 0x1,
    0xff, 0xca, 0x86, 0x0, 0xff, 0xe1, 0x1b, 0x10,
    0x7, 0x23, 0x29, 0x80, 0x7f, 0xcd, 0xd9, 0x3a,
    0x40, 0x12, 0xdc, 0xd6, 0x74, 0x8, 0x7, 0xd5,
    0x22, 0x1, 0x40, 0x4, 0xe0, 0x18, 0x5f, 0xa0,
    0x80, 0x35, 0xa8, 0x26, 0xd8, 0x28, 0x80, 0xb,
    0xbf, 0xdb, 0x46, 0xf, 0xbe, 0x0, 0x74, 0x1,
    0xb2, 0x43, 0x6, 0x0, 0x84, 0x0, 0x4b, 0xe2,
    0x1, 0x8, 0xa0, 0x0, 0x2e, 0x0, 0xa0, 0x90,
    0xf, 0x1d, 0x60, 0x83, 0xd8, 0xb8, 0x1, 0x2,
    0x2d, 0xb0, 0x7, 0x19, 0x8f, 0x5d, 0x8a, 0xd,
    0xd0, 0x81, 0xe0, 0x76, 0x80, 0x92, 0xa0, 0x3,
    0x99, 0x42, 0x88, 0x26, 0x48, 0x80, 0x44, 0xc,
    0x17, 0x26, 0x3, 0x50, 0x20, 0x1, 0x48, 0xdb,
    0x30, 0xf, 0xf3, 0x67, 0xf2, 0xbf, 0x7f, 0xba,
    0xdc, 0x80, 0x3e, 0x20, 0x60, 0xf, 0xfe, 0x57,
    0x1, 0x0, 0x7f, 0xf2, 0x88, 0x4, 0x40, 0x1f,
    0xfc, 0x97, 0x0, 0x28, 0x7, 0xff, 0x24, 0x84,
    0x30, 0x3, 0xff, 0x94, 0x80, 0x80, 0x1f, 0xfc,
    0xa9, 0xbc, 0x0, 0xff, 0xe4, 0x80,

    /* U+FC1C "ﰜ" */
    0x3c, 0xff, 0x75, 0xa8, 0x7, 0xff, 0x24, 0x54,
    0x0, 0x60, 0x1, 0x4a, 0xe9, 0x41, 0x0, 0xff,
    0xe2, 0x37, 0x51, 0x1b, 0x4c, 0xa1, 0x44, 0x4d,
    0x7d, 0xe0, 0x1f, 0xfc, 0x34, 0x0, 0x20, 0x4b,
    0x31, 0xeb, 0xc, 0x3, 0x8, 0x6, 0xa7, 0x0,
    0x87, 0x68, 0x40, 0x8c, 0x30, 0x3, 0x1d, 0xe9,
    0x80, 0x9, 0xc0, 0x32, 0x2c, 0x0, 0x4a, 0x4a,
    0x20, 0x4, 0x6, 0x0, 0xa3, 0x10, 0x1a, 0x40,
    0x10, 0x20, 0x16, 0x80, 0x80, 0x58, 0x2, 0x1,
    0xc2, 0x0, 0xa7, 0x5, 0xe9, 0x60, 0x2d, 0x86,
    0x64, 0x30, 0xc, 0x2b, 0xb8, 0x6, 0x19, 0xd8,
    0x1c, 0x1d, 0x42, 0x28, 0x40, 0x10, 0x4, 0xf3,
    0x27, 0x1, 0x7, 0xa8, 0x1, 0x7, 0x98, 0x10,
    0x91, 0x80, 0x67, 0x0, 0xcf, 0x48, 0x20, 0x1,
    0x5f, 0x71, 0x0, 0x26, 0x41, 0x0, 0x13, 0xd,
    0xc0, 0x10, 0x0, 0x3e, 0xa0, 0x5b, 0xef, 0xf7,
    0x50, 0xc7, 0x7f, 0xac, 0x9f, 0x7f, 0xd6, 0x61,
    0x80, 0x82, 0x0, 0xb1, 0x50, 0xf, 0xfe, 0x50,
    0x80, 0x80, 0x52, 0xf6, 0x1, 0xff, 0xca, 0x10,
    0x70, 0x8, 0x61, 0x0, 0x3f, 0xf9, 0x58, 0x4,
    0xc0, 0x1f, 0xfc, 0xf6, 0x10, 0x9a, 0x41, 0x0,
    0x1b, 0x58, 0x80, 0x7f, 0xf1, 0xf4, 0x41, 0x6f,
    0xbf, 0xd9, 0x28, 0xc0, 0x1f, 0xfc, 0x73, 0xf6,
    0x0, 0xf9, 0x50, 0x3, 0xff, 0x90, 0x33, 0xf9,
    0x55, 0x6f, 0xd1, 0x80, 0x7f, 0xf1, 0x80,

    /* U+FC1D "ﰝ" */
    0x2, 0x55, 0x20, 0x80, 0x7f, 0xf3, 0x53, 0x6a,
    0x97, 0xd8, 0xc2, 0x1, 0xff, 0xc6, 0x28, 0xc0,
    0x60, 0xe, 0x39, 0xeb, 0x87, 0x0, 0xff, 0xe1,
    0xbb, 0x8c, 0xc5, 0x9f, 0xee, 0xb7, 0x20, 0x47,
    0x80, 0xe, 0x10, 0xe, 0x41, 0x0, 0x20, 0x1,
    0x0, 0xc0, 0x2, 0xc2, 0x60, 0x18, 0x40, 0x21,
    0xee, 0x8, 0x0, 0xaf, 0x88, 0x5, 0x3, 0x0,
    0x21, 0x9d, 0x61, 0x20, 0x5f, 0x10, 0x9, 0x0,
    0x44, 0x0, 0x70, 0x1, 0x0, 0xc, 0x18, 0x0,
    0x5e, 0xc0, 0xdb, 0xc0, 0x82, 0x1, 0xbc, 0x4,
    0x2, 0xc0, 0x10, 0xf, 0x87, 0x4, 0x59, 0x24,
    0x62, 0x2f, 0x86, 0x64, 0x28, 0xc, 0x2c, 0x30,
    0xc, 0x33, 0xb8, 0x1c, 0x28, 0x45, 0x86, 0x1,
    0x58, 0xb, 0xcc, 0x9c, 0x4, 0x1e, 0x9c, 0x4,
    0x1e, 0x60, 0x1, 0x6, 0x81, 0x64, 0x1, 0x96,
    0xd0, 0x40, 0x2, 0xbe, 0xe2, 0x0, 0x4c, 0x82,
    0x0, 0x26, 0x15, 0x81, 0x28, 0x7, 0x92, 0xfb,
    0xfd, 0xd4, 0x31, 0xdf, 0xeb, 0x27, 0xdf, 0xf5,
    0x98, 0x10, 0x38, 0x7, 0xff, 0x40, 0x40, 0x40,
    0x3f, 0xfa, 0x4, 0x8, 0x1, 0xff, 0xd0, 0xd0,
    0x5, 0x88, 0x7, 0x84, 0x3, 0xff, 0x8e, 0x8a,
    0x9, 0xd4, 0xec, 0xc8, 0xce, 0x30, 0xf, 0xfe,
    0x3d, 0x28, 0x1, 0x62, 0x64, 0xe6, 0x16, 0x1,
    0xff, 0xc8, 0xac, 0x62, 0x0, 0x8d, 0xae, 0x0,
    0x3f, 0xf8, 0xc0,

    /* U+FC1E "ﰞ" */
    0x0, 0xe7, 0xf6, 0x0, 0xff, 0xe8, 0x58, 0x68,
    0x7, 0xff, 0x43, 0xda, 0x40, 0x3f, 0xfa, 0x7,
    0x24, 0x1, 0xff, 0xcc, 0x25, 0x52, 0x8, 0x7,
    0xff, 0x35, 0x36, 0xa9, 0x7d, 0x8c, 0x20, 0x1f,
    0xfc, 0x62, 0x8c, 0x6, 0x0, 0xe3, 0x9e, 0xb8,
    0x70, 0xf, 0xfe, 0x1b, 0xb8, 0xcc, 0x59, 0xfe,
    0xeb, 0x72, 0x4, 0x78, 0x0, 0xe1, 0x0, 0xe4,
    0x10, 0x2, 0x0, 0x10, 0xc, 0x0, 0x2c, 0x26,
    0x1, 0x84, 0x2, 0x1e, 0xe0, 0x80, 0xa, 0xf8,
    0x80, 0x50, 0x30, 0x2, 0x19, 0xd6, 0x12, 0x5,
    0xf1, 0x0, 0x90, 0x4, 0x40, 0x7, 0x0, 0x10,
    0x0, 0xc1, 0x80, 0x5, 0xec, 0xd, 0xbc, 0x8,
    0x20, 0x1b, 0xc0, 0x40, 0x2c, 0x1, 0x0, 0xf8,
    0x70, 0x45, 0x92, 0x46, 0x22, 0xf8, 0x66, 0x42,
    0x80, 0xc2, 0xc3, 0x0, 0xc3, 0x3b, 0x81, 0xc2,
    0x84, 0x58, 0x60, 0x15, 0x80, 0xbc, 0xc9, 0xc0,
    0x41, 0xe9, 0xc0, 0x41, 0xe6, 0x0, 0x10, 0x68,
    0x16, 0x40, 0x19, 0x6d, 0x4, 0x0, 0x2b, 0xee,
    0x20, 0x4, 0xc8, 0x20, 0x2, 0x61, 0x58, 0x12,
    0x80, 0x79, 0x2f, 0xbf, 0xdd, 0x43, 0x1d, 0xfe,
    0xb2, 0x7d, 0xff, 0x59, 0x81, 0x3, 0x80, 0x7f,
    0xf4, 0x4, 0x4, 0x3, 0xff, 0xa0, 0x40, 0x80,
    0x1f, 0xfd, 0xd, 0x0, 0x58, 0x80, 0x78, 0x40,
    0x3f, 0xf8, 0xe8, 0xa0, 0x9d, 0x4e, 0xcc, 0x8c,
    0xe3, 0x0, 0xff, 0xe3, 0xd2, 0x80, 0x16, 0x26,
    0x4e, 0x61, 0x60, 0x1f, 0xfc, 0x8a, 0xc6, 0x20,
    0x8, 0xda, 0xe0, 0x3, 0xff, 0x8c,

    /* U+FC1F "ﰟ" */
    0x0, 0xff, 0xe7, 0x90, 0x80, 0x7c, 0x8c, 0x40,
    0x1f, 0xfc, 0x41, 0xdd, 0x38, 0x7, 0x37, 0x5c,
    0xe9, 0x0, 0x7f, 0xf0, 0xc4, 0x1, 0xa0, 0x1a,
    0xe4, 0x40, 0x28, 0x0, 0xe6, 0x72, 0x0, 0xa2,
    0x90, 0x0, 0x80, 0xa0, 0x15, 0xa0, 0x1e, 0xd8,
    0x28, 0x80, 0x6a, 0x85, 0x0, 0x91, 0x4c, 0x1,
    0xa0, 0x22, 0x8, 0x40, 0x1c, 0x24, 0x30, 0x60,
    0xc, 0x60, 0x60, 0x11, 0x81, 0x0, 0x14, 0x0,
    0x42, 0xe0, 0x1, 0x70, 0x5, 0x4, 0x80, 0x4a,
    0x1, 0xc8, 0x0, 0x10, 0x1, 0x80, 0x5, 0xc0,
    0x6, 0x11, 0x6d, 0x80, 0x38, 0xcf, 0x60, 0x8,
    0x66, 0x48, 0x2, 0x19, 0x9c, 0x2, 0x58, 0x5,
    0x88, 0x9, 0x2a, 0x0, 0x39, 0x81, 0x0, 0x1c,
    0xc8, 0x80, 0x4e, 0x64, 0x61, 0x20, 0x20, 0xe1,
    0x72, 0x60, 0x35, 0x2, 0x0, 0x3b, 0xc3, 0x0,
    0x14, 0xe9, 0x80, 0xa, 0x5c, 0x3, 0xcd, 0x9f,
    0xca, 0xfd, 0xfe, 0xc4, 0x3c, 0xff, 0x6b, 0x1e,
    0x7f, 0xb5, 0x80, 0x4, 0x2, 0x1, 0xff, 0xcf,
    0xe0, 0x50, 0xf, 0xfe, 0x79, 0x80, 0x88, 0x3,
    0xff, 0x9c, 0xa0, 0x5, 0x0, 0xff, 0xe7, 0x8,
    0x83, 0x0, 0x3f, 0xf9, 0xe8, 0x8, 0x1, 0xff,
    0xcf, 0x9b, 0xc0, 0xf, 0xfe, 0x70,

    /* U+FC20 "ﰠ" */
    0x2b, 0xff, 0x75, 0xa8, 0x7, 0xff, 0x38, 0x50,
    0x0, 0x29, 0x5d, 0x28, 0x20, 0x1f, 0xfc, 0x31,
    0x45, 0x30, 0x8, 0xd6, 0x26, 0x10, 0x5, 0xaf,
    0xbc, 0x3, 0xff, 0x80, 0x55, 0xd7, 0x59, 0x81,
    0x0, 0x53, 0xb3, 0xdf, 0x28, 0x6, 0x10, 0x8,
    0x58, 0x40, 0x33, 0x6a, 0x80, 0x63, 0xd0, 0xf,
    0x36, 0x28, 0x0, 0xdc, 0x3, 0x24, 0xf8, 0x4,
    0xf2, 0x3, 0x5d, 0xc6, 0x3, 0x10, 0x8, 0xf6,
    0x49, 0xa0, 0x16, 0x4, 0x2, 0xc0, 0x50, 0x3,
    0xc0, 0x2f, 0x28, 0x8a, 0xc0, 0x4, 0x0, 0x6c,
    0x25, 0xe9, 0x60, 0x62, 0x0, 0xce, 0x1, 0x24,
    0x3, 0x50, 0x6, 0xa0, 0x1, 0x82, 0x48, 0x45,
    0x8, 0x9, 0x6, 0x43, 0x32, 0xc4, 0x13, 0x28,
    0x7, 0xd5, 0x9e, 0x79, 0xc1, 0x80, 0x14, 0xc,
    0xe0, 0x1a, 0x40, 0x5e, 0x64, 0x80, 0xc0, 0x62,
    0x3, 0x35, 0x30, 0xc2, 0xd, 0x20, 0xa2, 0x10,
    0x1, 0xc9, 0x8a, 0x20, 0x2, 0x99, 0x73, 0x98,
    0x80, 0x61, 0x47, 0xd9, 0x0, 0x60, 0x20, 0x80,
    0x78, 0xeb, 0xbf, 0xda, 0xc0, 0x31, 0x9d, 0xff,
    0xba, 0xe0, 0x80, 0x22, 0x1, 0x0, 0xff, 0xe9,
    0x8, 0x38, 0x7, 0xff, 0x4b, 0x40, 0x98, 0x3,
    0xff, 0xa2, 0xc2, 0x13, 0x48, 0x20, 0x2, 0x6a,
    0x10, 0xf, 0xfe, 0x40, 0xe8, 0x1, 0x6f, 0xbf,
    0xdb, 0x2a, 0xc0, 0x1f, 0xfc, 0x93, 0xe6, 0x0,
    0xf9, 0x50, 0x3, 0xff, 0x94, 0x33, 0xf9, 0x55,
    0x6f, 0xd1, 0x80, 0x7f, 0xf2, 0x0,

    /* U+FC21 "ﰡ" */
    0x0, 0xe2, 0x7a, 0x50, 0xf, 0xfe, 0x19, 0xc5,
    0x4a, 0x0, 0x7a, 0x76, 0x16, 0x8c, 0x3, 0xff,
    0x80, 0x57, 0x8e, 0xad, 0x72, 0x1, 0xe, 0xb0,
    0x6, 0x80, 0xe, 0x76, 0x10, 0x9, 0x35, 0x0,
    0x90, 0x41, 0x8c, 0x1, 0x84, 0x7, 0xb6, 0x8,
    0x20, 0x1a, 0x25, 0x40, 0x9, 0x60, 0x37, 0xb7,
    0xe2, 0x16, 0x12, 0x40, 0x38, 0x48, 0x60, 0xc0,
    0x11, 0x80, 0x14, 0xe, 0xc0, 0xfd, 0x0, 0x2,
    0x40, 0x22, 0x60, 0x0, 0xb8, 0x2, 0x82, 0x40,
    0x2b, 0x0, 0x18, 0xf0, 0x16, 0x88, 0x4, 0x86,
    0x1e, 0xc0, 0x3, 0x8, 0xb6, 0xc0, 0x1c, 0x68,
    0x70, 0x6, 0x69, 0x2, 0xa3, 0x3c, 0xe5, 0x81,
    0x36, 0x81, 0x62, 0x2, 0x4a, 0x80, 0xe, 0x5c,
    0xd, 0x4, 0xc0, 0xf, 0x53, 0xc, 0x60, 0x7e,
    0x2, 0xe, 0x17, 0x26, 0x3, 0x72, 0x40, 0x2b,
    0xb7, 0x2a, 0x42, 0x1, 0x9, 0xb5, 0xe1, 0x0,
    0x79, 0xb3, 0xf9, 0x1b, 0x7f, 0xa8, 0x41, 0xab,
    0x7b, 0xfe, 0xec, 0x94, 0x0, 0x88, 0x4, 0x3,
    0xff, 0xa1, 0xc0, 0xa0, 0x1f, 0xfd, 0x3, 0x1,
    0x10, 0x7, 0xff, 0x3d, 0x40, 0xa, 0x1, 0xff,
    0xcf, 0x11, 0x6, 0x0, 0x7f, 0xf4, 0x10, 0x10,
    0x3, 0xff, 0xa1, 0x37, 0x80, 0x1f, 0xfc, 0xf0,

    /* U+FC22 "ﰢ" */
    0x0, 0xff, 0xe7, 0xc, 0x20, 0x7, 0xff, 0x4a,
    0x1e, 0x80, 0x3f, 0xfa, 0x58, 0xe, 0x1, 0xff,
    0xd2, 0x5f, 0x90, 0xc, 0x7b, 0xfe, 0xeb, 0x50,
    0xf, 0xfe, 0x70, 0x90, 0x0, 0x52, 0xba, 0x50,
    0x40, 0x3f, 0xf8, 0x4b, 0x7f, 0xed, 0x70, 0x1,
    0x3c, 0xca, 0x18, 0xc5, 0xaf, 0xbc, 0x3, 0xfe,
    0x2d, 0xa4, 0x0, 0x14, 0x48, 0x2, 0x19, 0x8f,
    0x34, 0x40, 0x18, 0x40, 0x23, 0xd8, 0x0, 0x97,
    0x48, 0x12, 0x64, 0x40, 0xc2, 0x1, 0x9b, 0xa4,
    0x80, 0x4, 0xe0, 0x19, 0x9, 0x0, 0xb, 0x40,
    0x59, 0x6c, 0xcf, 0x0, 0x10, 0x0, 0x6e, 0x44,
    0x1a, 0x40, 0x10, 0x20, 0x15, 0x3, 0x81, 0xd0,
    0x26, 0x98, 0x4, 0x80, 0x2, 0x0, 0x6a, 0x2,
    0xf4, 0xb0, 0x16, 0xc3, 0x32, 0x88, 0x12, 0xf4,
    0x1, 0xaa, 0xcf, 0x3b, 0x20, 0xa2, 0x12, 0x61,
    0x14, 0x20, 0x8, 0x2, 0x79, 0x92, 0x83, 0x2,
    0x8, 0x2, 0x6a, 0x61, 0x88, 0x16, 0x80, 0x98,
    0x19, 0xc0, 0x33, 0xd2, 0x8, 0x0, 0xa6, 0x5a,
    0xe6, 0x20, 0x18, 0x4d, 0xf6, 0x80, 0xa, 0x0,
    0x80, 0x1, 0xf5, 0x2, 0xdf, 0x7f, 0xb5, 0x80,
    0xa3, 0x3b, 0xff, 0x76, 0x41, 0x0, 0x5a, 0x8,
    0x20, 0xb, 0x15, 0x0, 0xff, 0xe6, 0x8, 0x8,
    0x5, 0x2f, 0x60, 0x1f, 0xfc, 0xc1, 0x7, 0x0,
    0x86, 0x10, 0x3, 0xff, 0x99, 0x80, 0x4c, 0x1,
    0xff, 0xd1, 0x61, 0x9, 0xa4, 0x10, 0x1, 0xb5,
    0x88, 0x7, 0xff, 0x27, 0x44, 0x16, 0xfb, 0xfd,
    0x92, 0x8c, 0x1, 0xff, 0xc9, 0x3f, 0x60, 0xf,
    0x95, 0x0, 0x3f, 0xf9, 0x43, 0x3f, 0x95, 0x56,
    0xfd, 0x18, 0x7, 0xff, 0x20,

    /* U+FC23 "ﰣ" */
    0x0, 0xff, 0xe7, 0x27, 0xc8, 0x7, 0xff, 0x4b,
    0x41, 0xc0, 0x3f, 0xfa, 0x50, 0xf4, 0x1, 0x8a,
    0xff, 0xdd, 0x6a, 0x1, 0xff, 0xc7, 0x18, 0x40,
    0xc, 0x28, 0x0, 0x14, 0xae, 0x94, 0x10, 0xf,
    0xfe, 0x18, 0xa2, 0x98, 0x4, 0x6b, 0x13, 0x8,
    0x2, 0xd7, 0xde, 0x1, 0xff, 0xc0, 0x2a, 0xeb,
    0xac, 0xc0, 0x80, 0x29, 0xd9, 0xef, 0x94, 0x3,
    0x8, 0x4, 0x2c, 0x20, 0x19, 0xb5, 0x40, 0x31,
    0xe8, 0x7, 0x9b, 0x14, 0x0, 0x6e, 0x1, 0x92,
    0x7c, 0x2, 0x79, 0x1, 0xae, 0xe3, 0x1, 0x88,
    0x4, 0x7b, 0x24, 0xd0, 0xb, 0x2, 0x1, 0x60,
    0x28, 0x1, 0xe0, 0x17, 0x94, 0x45, 0x60, 0x2,
    0x0, 0x36, 0x12, 0xf4, 0xb0, 0x31, 0x0, 0x67,
    0x0, 0x92, 0x1, 0xa8, 0x3, 0x50, 0x0, 0xc1,
    0x24, 0x22, 0x84, 0x4, 0x83, 0x21, 0x99, 0x62,
    0x9, 0x94, 0x3, 0xea, 0xcf, 0x3c, 0xe0, 0xc0,
    0xa, 0x6, 0x70, 0xd, 0x20, 0x2f, 0x32, 0x40,
    0x60, 0x31, 0x1, 0x9a, 0x98, 0x61, 0x6, 0x90,
    0x51, 0x8, 0x0, 0xe4, 0xc5, 0x10, 0x1, 0x4c,
    0xb9, 0xcc, 0x40, 0x30, 0xa3, 0xec, 0x80, 0x30,
    0x10, 0x40, 0x3c, 0x75, 0xdf, 0xed, 0x60, 0x18,
    0xce, 0xff, 0xdd, 0x70, 0x40, 0x11, 0x0, 0x80,
    0x7f, 0xf4, 0x84, 0x1c, 0x3, 0xff, 0xa5, 0xa0,
    0x4c, 0x1, 0xff, 0xd1, 0x61, 0x9, 0xa4, 0x10,
    0x1, 0x35, 0x8, 0x7, 0xff, 0x20, 0x74, 0x0,
    0xb7, 0xdf, 0xed, 0x95, 0x60, 0xf, 0xfe, 0x49,
    0xf3, 0x0, 0x7c, 0xa8, 0x1, 0xff, 0xca, 0x19,
    0xfc, 0xaa, 0xb7, 0xe8, 0xc0, 0x3f, 0xf9, 0x0,

    /* U+FC24 "ﰤ" */
    0x0, 0xe7, 0xf6, 0x0, 0xff, 0xe9, 0x58, 0x68,
    0x7, 0xff, 0x19, 0x3e, 0x40, 0x3f, 0xbd, 0xa4,
    0x3, 0xff, 0x8d, 0xa0, 0xe0, 0x1f, 0xc7, 0x24,
    0x1, 0xff, 0xc6, 0x87, 0xa0, 0xc, 0x57, 0xfe,
    0xeb, 0x50, 0xf, 0xfe, 0x38, 0xc2, 0x0, 0x61,
    0x40, 0x0, 0xa5, 0x74, 0xa0, 0x80, 0x7f, 0xf0,
    0xc5, 0x14, 0xc0, 0x23, 0x58, 0x98, 0x40, 0x16,
    0xbe, 0xf0, 0xf, 0xfe, 0x1, 0x57, 0x5d, 0x66,
    0x4, 0x1, 0x4e, 0xcf, 0x7c, 0xa0, 0x18, 0x40,
    0x21, 0x61, 0x0, 0xcd, 0xaa, 0x1, 0x8f, 0x40,
    0x3c, 0xd8, 0xa0, 0x3, 0x70, 0xc, 0x93, 0xe0,
    0x13, 0xc8, 0xd, 0x77, 0x18, 0xc, 0x40, 0x23,
    0xd9, 0x26, 0x80, 0x58, 0x10, 0xb, 0x1, 0x40,
    0xf, 0x0, 0xbc, 0xa2, 0x2b, 0x0, 0x10, 0x1,
    0xb0, 0x97, 0xa5, 0x81, 0x88, 0x3, 0x38, 0x4,
    0x90, 0xd, 0x40, 0x1a, 0x80, 0x6, 0x9, 0x21,
    0x14, 0x20, 0x24, 0x19, 0xc, 0xcb, 0x10, 0x4c,
    0xa0, 0x1f, 0x56, 0x79, 0xe7, 0x6, 0x0, 0x50,
    0x33, 0x80, 0x69, 0x1, 0x79, 0x92, 0x3, 0x1,
    0x88, 0xc, 0xd4, 0xc3, 0x8, 0x34, 0x82, 0x88,
    0x40, 0x7, 0x26, 0x28, 0x80, 0xa, 0x65, 0xce,
    0x62, 0x1, 0x85, 0x1f, 0x64, 0x1, 0x80, 0x82,
    0x1, 0xe3, 0xae, 0xff, 0x6b, 0x0, 0xc6, 0x77,
    0xfe, 0xeb, 0x82, 0x0, 0x88, 0x4, 0x3, 0xff,
    0xa4, 0x20, 0xe0, 0x1f, 0xfd, 0x2d, 0x2, 0x60,
    0xf, 0xfe, 0x8b, 0x8, 0x4d, 0x20, 0x80, 0x9,
    0xa8, 0x40, 0x3f, 0xf9, 0x3, 0xa0, 0x5, 0xbe,
    0xff, 0x6c, 0xab, 0x0, 0x7f, 0xf2, 0x4f, 0x98,
    0x3, 0xe5, 0x40, 0xf, 0xfe, 0x50, 0xcf, 0xe5,
    0x55, 0xbf, 0x46, 0x1, 0xff, 0xc8,

    /* U+FC25 "ﰥ" */
    0x0, 0xff, 0xe6, 0xee, 0x84, 0x3, 0xff, 0x9e,
    0x64, 0x45, 0x0, 0xff, 0xe7, 0x9c, 0xc2, 0x0,
    0x7f, 0xf4, 0x19, 0xc0, 0x3f, 0x89, 0xe9, 0x40,
    0x3f, 0xf8, 0x67, 0x15, 0x28, 0x1, 0xe9, 0xd8,
    0x5a, 0x30, 0xf, 0xfe, 0x1, 0x5e, 0x3a, 0xb5,
    0xc8, 0x4, 0x3a, 0xc0, 0x1a, 0x0, 0x39, 0xd8,
    0x40, 0x24, 0xd4, 0x2, 0x41, 0x6, 0x30, 0x6,
    0x10, 0x1e, 0xd8, 0x20, 0x80, 0x68, 0x95, 0x0,
    0x25, 0x80, 0xde, 0xdf, 0x88, 0x58, 0x49, 0x0,
    0xe1, 0x21, 0x83, 0x0, 0x46, 0x0, 0x50, 0x3b,
    0x3, 0xf4, 0x0, 0x9, 0x0, 0x89, 0x80, 0x2,
    0xe0, 0xa, 0x9, 0x0, 0xac, 0x0, 0x63, 0xc0,
    0x5a, 0x20, 0x12, 0x18, 0x7b, 0x0, 0xc, 0x22,
    0xdb, 0x0, 0x71, 0xa1, 0xc0, 0x19, 0xa4, 0xa,
    0x8c, 0xf3, 0x96, 0x4, 0xda, 0x5, 0x88, 0x9,
    0x2a, 0x0, 0x39, 0x70, 0x34, 0x13, 0x0, 0x3d,
    0x4c, 0x31, 0x81, 0xf8, 0x8, 0x38, 0x5c, 0x98,
    0xd, 0xc9, 0x0, 0xae, 0xdc, 0xa9, 0x8, 0x4,
    0x26, 0xd7, 0x84, 0x1, 0xe6, 0xcf, 0xe4, 0x6d,
    0xfe, 0xa1, 0x6, 0xad, 0xef, 0xfb, 0xb2, 0x50,
    0x2, 0x20, 0x10, 0xf, 0xfe, 0x87, 0x2, 0x80,
    0x7f, 0xf4, 0xc, 0x4, 0x40, 0x1f, 0xfc, 0xf5,
    0x0, 0x28, 0x7, 0xff, 0x3c, 0x44, 0x18, 0x1,
    0xff, 0xd0, 0x40, 0x40, 0xf, 0xfe, 0x84, 0xde,
    0x0, 0x7f, 0xf3, 0xc0,

    /* U+FC26 "ﰦ" */
    0x0, 0xff, 0xe1, 0xa7, 0xf8, 0x40, 0x3f, 0xfd,
    0xe, 0x0, 0x30, 0xf, 0xff, 0x40, 0x80, 0x4,
    0x3, 0xfc, 0x4a, 0xa4, 0x10, 0xf, 0xe3, 0x0,
    0x38, 0x7, 0xf2, 0x6d, 0x52, 0xfb, 0x18, 0x40,
    0x3f, 0xf8, 0x26, 0xa8, 0x1, 0x30, 0x7, 0x1c,
    0xf5, 0xc3, 0x80, 0x42, 0x0, 0x10, 0x7e, 0xca,
    0xbe, 0x40, 0x2c, 0xff, 0x75, 0xb9, 0x2, 0x3c,
    0x0, 0x78, 0xb6, 0x4, 0x2, 0x1b, 0x10, 0x30,
    0x0, 0xb0, 0x98, 0x6, 0x10, 0xe, 0x82, 0x7,
    0xdf, 0xa0, 0x3, 0x80, 0x43, 0x3a, 0xc2, 0x40,
    0xde, 0x20, 0x1e, 0x1c, 0x82, 0x5, 0x30, 0xe0,
    0x1, 0x7b, 0x3, 0x6f, 0x3, 0x88, 0x7, 0x87,
    0xc, 0x2, 0x33, 0x7, 0x0, 0xe0, 0x8b, 0x24,
    0x8c, 0x45, 0x8e, 0xa9, 0x20, 0x6, 0x62, 0xb4,
    0x66, 0x0, 0x5c, 0x28, 0x45, 0x86, 0x1, 0x58,
    0x14, 0x55, 0xb0, 0x1, 0xee, 0xa5, 0xcc, 0xb,
    0x44, 0xd0, 0x2c, 0x80, 0x32, 0xda, 0x8, 0x7,
    0xf1, 0x2d, 0x69, 0x85, 0x81, 0x28, 0x7, 0x92,
    0xfb, 0xff, 0xfb, 0x69, 0x40, 0x22, 0x7, 0x0,
    0xff, 0xe6, 0x88, 0x8, 0x7, 0xff, 0x34, 0x81,
    0x0, 0x3f, 0xf9, 0xba, 0x0, 0xb1, 0x0, 0xf0,
    0x80, 0x7f, 0xf1, 0x11, 0x41, 0x3a, 0x9d, 0x99,
    0x19, 0xc6, 0x1, 0xff, 0xc4, 0xa5, 0x0, 0x2c,
    0x4c, 0x9c, 0xc2, 0xc0, 0x3f, 0xf8, 0xb5, 0x8c,
    0x40, 0x11, 0xb5, 0xc0, 0x7, 0xff, 0xc,

    /* U+FC27 "ﰧ" */
    0x0, 0xff, 0xe1, 0x77, 0xb8, 0x7, 0xff, 0x94,
    0xc3, 0xc0, 0x3f, 0xfc, 0xa2, 0x2, 0x1, 0xff,
    0xcb, 0x70, 0x30, 0xf, 0xfe, 0x1a, 0x31, 0x0,
    0x7f, 0x9b, 0x3f, 0xd6, 0x60, 0x1c, 0xdd, 0x73,
    0xa4, 0x1, 0x84, 0x4, 0x59, 0x26, 0x0, 0x4c,
    0x20, 0xa, 0xe4, 0x40, 0x28, 0x0, 0xf3, 0x79,
    0x82, 0xcb, 0x80, 0x20, 0x1, 0x68, 0x7, 0xb6,
    0xa, 0x20, 0x11, 0x81, 0x8, 0xae, 0x9a, 0x1c,
    0x10, 0x21, 0x0, 0x70, 0x90, 0xc1, 0xc0, 0x3c,
    0x38, 0x80, 0x17, 0x0, 0x5, 0xc0, 0x2, 0xe0,
    0xa, 0xb, 0x0, 0x8c, 0x1, 0x44, 0x1, 0x15,
    0x82, 0xb8, 0x0, 0xc2, 0x29, 0x70, 0xa, 0xd5,
    0x94, 0x10, 0x15, 0xa2, 0xf4, 0x82, 0x30, 0xb,
    0x10, 0x16, 0x94, 0x0, 0x95, 0x20, 0x4, 0xba,
    0x97, 0x40, 0x5, 0x18, 0x83, 0x85, 0xc9, 0x0,
    0xcc, 0x8, 0x7, 0xe1, 0x49, 0xe5, 0x0, 0xf3,
    0x6f, 0xf3, 0x3f, 0x7f, 0xfe, 0xeb, 0x61, 0x0,
    0x10, 0x8, 0x7, 0xff, 0x2f, 0x81, 0x40, 0x3f,
    0xf9, 0x66, 0x2, 0x20, 0xf, 0xfe, 0x52, 0x80,
    0x14, 0x3, 0xff, 0x94, 0x22, 0xc, 0x0, 0xff,
    0xe5, 0xa0, 0x20, 0x7, 0xff, 0x2e, 0x6f, 0x0,
    0x3f, 0xf9, 0x40,

    /* U+FC28 "ﰨ" */
    0x0, 0xff, 0xe1, 0x77, 0xb8, 0x7, 0xff, 0x94,
    0xc3, 0xc0, 0x2b, 0xe3, 0x0, 0xff, 0xe5, 0xa0,
    0xa0, 0x7, 0xff, 0x14, 0x40, 0x40, 0x2a, 0x76,
    0x0, 0xff, 0xe2, 0xb8, 0x18, 0x4, 0xb0, 0x20,
    0x1f, 0xc8, 0xc4, 0x1, 0xfe, 0x6c, 0xff, 0x59,
    0x80, 0x73, 0x75, 0xce, 0x90, 0x6, 0x10, 0x11,
    0x64, 0x98, 0x1, 0x30, 0x80, 0x2b, 0x91, 0x0,
    0xa0, 0x3, 0xcd, 0xe6, 0xb, 0x2e, 0x0, 0x80,
    0x5, 0xa0, 0x1e, 0xd8, 0x28, 0x80, 0x46, 0x4,
    0x22, 0xba, 0x68, 0x70, 0x40, 0x84, 0x1, 0xc2,
    0x43, 0x7, 0x0, 0xf0, 0xe2, 0x0, 0x5c, 0x0,
    0x17, 0x0, 0xb, 0x80, 0x28, 0x2c, 0x2, 0x30,
    0x5, 0x10, 0x4, 0x56, 0xa, 0xe0, 0x3, 0x8,
    0xa5, 0xc0, 0x2b, 0x56, 0x50, 0x40, 0x56, 0x8b,
    0xd2, 0x8, 0xc0, 0x2c, 0x40, 0x5a, 0x50, 0x2,
    0x54, 0x80, 0x12, 0xea, 0x5d, 0x0, 0x14, 0x62,
    0xe, 0x17, 0x24, 0x3, 0x30, 0x20, 0x1f, 0x85,
    0x27, 0x94, 0x3, 0xcd, 0xbf, 0xcc, 0xfd, 0xff,
    0xfb, 0xad, 0x84, 0x0, 0x40, 0x20, 0x1f, 0xfc,
    0xbe, 0x5, 0x0, 0xff, 0xe5, 0x98, 0x8, 0x80,
    0x3f, 0xf9, 0x4a, 0x0, 0x50, 0xf, 0xfe, 0x50,
    0x88, 0x30, 0x3, 0xff, 0x96, 0x80, 0x80, 0x1f,
    0xfc, 0xb9, 0xbc, 0x0, 0xff, 0xe5, 0x0,

    /* U+FC29 "ﰩ" */
    0x2b, 0xff, 0x75, 0xa8, 0x7, 0xf9, 0x73, 0xfd,
    0xc6, 0x0, 0x14, 0x0, 0xa, 0x57, 0x4a, 0x8,
    0x7, 0x45, 0x18, 0x0, 0x44, 0x0, 0x35, 0x9a,
    0x85, 0x11, 0x35, 0xf7, 0x80, 0x44, 0xe0, 0x31,
    0x50, 0x40, 0x15, 0x32, 0xbd, 0x7a, 0x0, 0x61,
    0x0, 0x38, 0x3, 0x1d, 0x5c, 0x3, 0xe2, 0xae,
    0x40, 0x1, 0x38, 0x4, 0x20, 0x1f, 0xfc, 0x7,
    0xd5, 0x6, 0x90, 0x4, 0x8, 0x1, 0xc, 0x38,
    0x80, 0xdd, 0x80, 0x29, 0x80, 0x5e, 0x96, 0x2,
    0xd8, 0x66, 0xac, 0xf, 0x7f, 0x22, 0x0, 0x6,
    0x60, 0x45, 0x8, 0x2, 0x0, 0x9e, 0x66, 0x80,
    0xe, 0x4b, 0x1, 0x90, 0x67, 0x0, 0xcf, 0x48,
    0x20, 0x10, 0x92, 0x35, 0x75, 0xa8, 0x38, 0x2,
    0x0, 0x7, 0xd4, 0xb, 0x7d, 0xff, 0x76, 0xdc,
    0xa8, 0x80, 0x58, 0x8, 0x20, 0xb, 0x15, 0x0,
    0xff, 0xe2, 0x8, 0x8, 0x5, 0x2f, 0x60, 0x1f,
    0xfc, 0x41, 0x7, 0x0, 0x86, 0x10, 0x3, 0xff,
    0x89, 0x80, 0x4c, 0x1, 0xff, 0xc9, 0x61, 0x9,
    0xa4, 0x10, 0x1, 0xb5, 0x88, 0x7, 0xff, 0x7,
    0x44, 0x16, 0xfb, 0xfd, 0x92, 0x8c, 0x1, 0xff,
    0xc1, 0x3f, 0x60, 0xf, 0x95, 0x0, 0x3f, 0xf8,
    0x43, 0x3f, 0x95, 0x56, 0xfd, 0x18, 0x7, 0xff,
    0x0,

    /* U+FC2A "ﰪ" */
    0x0, 0xff, 0xe1, 0x8c, 0xf7, 0xf4, 0x0, 0x7e,
    0x46, 0x20, 0xe, 0x1f, 0x61, 0x1, 0x0, 0xf9,
    0xba, 0xe7, 0x48, 0x3, 0x40, 0x82, 0xd4, 0xd8,
    0x7, 0x5c, 0x88, 0x5, 0x0, 0x19, 0xc1, 0xa9,
    0x58, 0xc0, 0x35, 0xa0, 0x1e, 0xd8, 0x28, 0x80,
    0x42, 0x1e, 0x1, 0xf4, 0x20, 0xe, 0x12, 0x18,
    0x30, 0x4, 0x61, 0x40, 0x18, 0xc0, 0x5c, 0x0,
    0x2e, 0x0, 0xa0, 0x90, 0xa, 0x0, 0xec, 0xdb,
    0x70, 0x5c, 0x0, 0x61, 0x16, 0xd8, 0x3, 0x8e,
    0xc4, 0x60, 0x99, 0x24, 0x9, 0x80, 0x58, 0x80,
    0x92, 0xa0, 0x3, 0x89, 0x91, 0x80, 0x65, 0xb5,
    0x10, 0x70, 0xb9, 0x30, 0x1a, 0x92, 0x0, 0x89,
    0x1a, 0xba, 0x90, 0x3, 0xcd, 0x9f, 0xca, 0xdb,
    0xff, 0x6d, 0xca, 0x88, 0x4, 0x40, 0x20, 0x1f,
    0xfc, 0x8e, 0x5, 0x0, 0xff, 0xe4, 0x18, 0x8,
    0x80, 0x3f, 0xf8, 0xea, 0x0, 0x50, 0xf, 0xfe,
    0x38, 0x88, 0x30, 0x3, 0xff, 0x90, 0x80, 0x80,
    0x1f, 0xfc, 0x89, 0xbc, 0x0, 0xff, 0xe3, 0x80,

    /* U+FC2B "ﰫ" */
    0x0, 0xff, 0xe3, 0x37, 0xb8, 0x7, 0xff, 0x2b,
    0x42, 0xc0, 0x3f, 0xf9, 0x52, 0xfc, 0x1, 0xff,
    0xca, 0x28, 0x20, 0xf, 0xff, 0x51, 0x5f, 0xfb,
    0xad, 0x40, 0x3f, 0xcb, 0x9f, 0xee, 0x30, 0x0,
    0xa0, 0x0, 0x52, 0xba, 0x50, 0x40, 0x3a, 0x28,
    0xc0, 0x2, 0x20, 0x1, 0xac, 0xd4, 0x28, 0x89,
    0xaf, 0xbc, 0x2, 0x27, 0x1, 0x8a, 0x82, 0x0,
    0xa9, 0x95, 0xeb, 0xd0, 0x3, 0x8, 0x1, 0xc0,
    0x18, 0xea, 0xe0, 0x1f, 0x15, 0x72, 0x0, 0x9,
    0xc0, 0x21, 0x0, 0xff, 0xe0, 0x3e, 0xa8, 0x34,
    0x80, 0x20, 0x40, 0x8, 0x61, 0xc4, 0x6, 0xec,
    0x1, 0x4c, 0x2, 0xf4, 0xb0, 0x16, 0xc3, 0x35,
    0x60, 0x7b, 0xf9, 0x10, 0x0, 0x33, 0x2, 0x28,
    0x40, 0x10, 0x4, 0xf3, 0x34, 0x0, 0x72, 0x58,
    0xc, 0x83, 0x38, 0x6, 0x7a, 0x41, 0x0, 0x84,
    0x91, 0xab, 0xad, 0x41, 0xc0, 0x10, 0x0, 0x3e,
    0xa0, 0x5b, 0xef, 0xfb, 0xb6, 0xe5, 0x44, 0x2,
    0xc0, 0x41, 0x0, 0x58, 0xa8, 0x7, 0xff, 0x10,
    0x40, 0x40, 0x29, 0x7b, 0x0, 0xff, 0xe2, 0x8,
    0x38, 0x4, 0x30, 0x80, 0x1f, 0xfc, 0x4c, 0x2,
    0x60, 0xf, 0xfe, 0x4b, 0x8, 0x4d, 0x20, 0x80,
    0xd, 0xac, 0x40, 0x3f, 0xf8, 0x3a, 0x20, 0xb7,
    0xdf, 0xec, 0x94, 0x60, 0xf, 0xfe, 0x9, 0xfb,
    0x0, 0x7c, 0xa8, 0x1, 0xff, 0xc2, 0x19, 0xfc,
    0xaa, 0xb7, 0xe8, 0xc0, 0x3f, 0xf8, 0x0,

    /* U+FC2C "ﰬ" */
    0x0, 0xff, 0xe2, 0x17, 0x60, 0x7, 0xff, 0x21,
    0xc4, 0xc8, 0x3, 0xff, 0x8e, 0xb1, 0x24, 0x1,
    0xff, 0xc8, 0x76, 0x0, 0xff, 0xef, 0xc, 0xf7,
    0xf4, 0x0, 0x7e, 0x46, 0x20, 0xe, 0x1f, 0x61,
    0x1, 0x0, 0xf9, 0xba, 0xe7, 0x48, 0x3, 0x40,
    0x82, 0xd4, 0xd8, 0x7, 0x5c, 0x88, 0x5, 0x0,
    0x19, 0xc1, 0xa9, 0x58, 0xc0, 0x35, 0xa0, 0x1e,
    0xd8, 0x28, 0x80, 0x42, 0x1e, 0x1, 0xf4, 0x20,
    0xe, 0x12, 0x18, 0x30, 0x4, 0x61, 0x40, 0x18,
    0xc0, 0x5c, 0x0, 0x2e, 0x0, 0xa0, 0x90, 0xa,
    0x0, 0xec, 0xdb, 0x70, 0x5c, 0x0, 0x61, 0x16,
    0xd8, 0x3, 0x8e, 0xc4, 0x60, 0x99, 0x24, 0x9,
    0x80, 0x58, 0x80, 0x92, 0xa0, 0x3, 0x89, 0x91,
    0x80, 0x65, 0xb5, 0x10, 0x70, 0xb9, 0x30, 0x1a,
    0x92, 0x0, 0x89, 0x1a, 0xba, 0x90, 0x3, 0xcd,
    0x9f, 0xca, 0xdb, 0xff, 0x6d, 0xca, 0x88, 0x4,
    0x40, 0x20, 0x1f, 0xfc, 0x8e, 0x5, 0x0, 0xff,
    0xe4, 0x18, 0x8, 0x80, 0x3f, 0xf8, 0xea, 0x0,
    0x50, 0xf, 0xfe, 0x38, 0x88, 0x30, 0x3, 0xff,
    0x90, 0x80, 0x80, 0x1f, 0xfc, 0x89, 0xbc, 0x0,
    0xff, 0xe3, 0x80,

    /* U+FC2D "ﰭ" */
    0x0, 0xff, 0xe3, 0x67, 0x8, 0x7, 0xff, 0x1c,
    0x8c, 0x54, 0x3, 0xff, 0x8e, 0x53, 0x8, 0x1,
    0xff, 0xc8, 0x67, 0x0, 0xff, 0xe4, 0xa2, 0x88,
    0x7, 0xff, 0x18, 0x76, 0xeb, 0x9c, 0xa, 0xff,
    0xdd, 0x6a, 0x1, 0xfd, 0xa4, 0x1, 0x41, 0x8a,
    0x0, 0x5, 0x2b, 0xa5, 0x4, 0x3, 0x21, 0x86,
    0x70, 0x85, 0x1b, 0x4c, 0xa1, 0x44, 0x4d, 0x7d,
    0xe0, 0x16, 0x2, 0x18, 0xb0, 0x20, 0x4b, 0x31,
    0xeb, 0xc, 0x3, 0x8, 0x0, 0x41, 0x19, 0x8,
    0xc, 0x3, 0x1d, 0xe9, 0x80, 0x9, 0xc0, 0x2c,
    0x0, 0x4d, 0xa8, 0x7, 0x46, 0x20, 0x34, 0x80,
    0x20, 0x40, 0xb, 0x4, 0x1, 0x94, 0x1, 0x4e,
    0xb, 0xd2, 0xc0, 0x5a, 0xea, 0xb1, 0x44, 0xc,
    0x1, 0xe0, 0xea, 0x11, 0x42, 0x0, 0x80, 0x28,
    0xaa, 0xe8, 0x30, 0x74, 0x18, 0x6, 0x70, 0xc,
    0xf4, 0x82, 0x1, 0xc4, 0xb7, 0x0, 0xe0, 0x8,
    0x0, 0x1f, 0x50, 0x2d, 0xf7, 0xff, 0x6d, 0x20,
    0x3, 0x1, 0x4, 0x1, 0x62, 0xa0, 0x1f, 0xfc,
    0x21, 0x1, 0x0, 0xa5, 0xec, 0x3, 0xff, 0x84,
    0x20, 0xe0, 0x10, 0xc2, 0x0, 0x7f, 0xf0, 0xb0,
    0x9, 0x80, 0x3f, 0xf8, 0xec, 0x21, 0x34, 0x82,
    0x0, 0x36, 0xb1, 0x0, 0xff, 0xb4, 0x41, 0x6f,
    0xbf, 0xd9, 0x28, 0xc0, 0x1f, 0xf1, 0xfb, 0x0,
    0x7c, 0xa8, 0x1, 0xff, 0xc0, 0x19, 0xfc, 0xaa,
    0xb7, 0xe8, 0xc0, 0x3f, 0xc0,

    /* U+FC2E "ﰮ" */
    0x0, 0xff, 0xe3, 0x33, 0x80, 0x7f, 0xf2, 0xa,
    0x61, 0x0, 0x3f, 0xf8, 0xe4, 0x41, 0x50, 0xf,
    0xfe, 0x46, 0xf0, 0x80, 0x7f, 0xf7, 0x9f, 0xbe,
    0xc8, 0x0, 0x4a, 0xa4, 0x10, 0xf, 0xf4, 0xc0,
    0x82, 0x60, 0x26, 0xd5, 0x2f, 0xb1, 0x84, 0x3,
    0xc4, 0xc0, 0xd0, 0x2, 0xcc, 0x0, 0xe3, 0x9e,
    0xb8, 0x70, 0xa, 0x80, 0xe5, 0xd4, 0x34, 0xb7,
    0xfd, 0xd9, 0x24, 0x8, 0xf0, 0x1, 0x8, 0x8,
    0x80, 0x81, 0x40, 0x80, 0x2, 0xb6, 0x40, 0x18,
    0x40, 0x1c, 0x5, 0xde, 0xe0, 0x1c, 0x7b, 0x24,
    0x4, 0xb, 0xe2, 0x0, 0x74, 0x0, 0xe3, 0x0,
    0x26, 0x10, 0x36, 0xf8, 0x20, 0x80, 0x6b, 0xdb,
    0xc2, 0x7, 0x3, 0xb0, 0x1c, 0x92, 0x20, 0x8b,
    0xdd, 0x57, 0x39, 0xf9, 0x4, 0x87, 0x0, 0xe1,
    0x80, 0x56, 0x3, 0x15, 0x5d, 0x6, 0x10, 0x68,
    0x41, 0x64, 0x1, 0x97, 0x10, 0x40, 0x38, 0x9b,
    0x1c, 0x30, 0x9, 0x40, 0x3c, 0x77, 0xdf, 0xfd,
    0xb2, 0x60, 0x3, 0x7, 0x0, 0xff, 0xe5, 0x8,
    0x7, 0xff, 0x20, 0x81, 0x0, 0x3f, 0xf9, 0x14,
    0x0, 0xb1, 0x0, 0xf0, 0x80, 0x7f, 0xc6, 0xa0,
    0x9d, 0x4e, 0xcc, 0x8c, 0xe3, 0x0, 0xff, 0xa9,
    0x80, 0xb, 0x13, 0x27, 0x30, 0xb0, 0xf, 0xfe,
    0x4, 0xe3, 0x10, 0x4, 0x6d, 0x70, 0x1, 0xfe,

    /* U+FC2F "ﰯ" */
    0x0, 0xff, 0xe3, 0x33, 0x80, 0x7f, 0xf2, 0xa,
    0x61, 0x0, 0x3e, 0x7f, 0x60, 0xf, 0xe2, 0x20,
    0xa8, 0x7, 0xd6, 0x1a, 0x1, 0xfe, 0xde, 0x10,
    0xf, 0xbd, 0xa4, 0x3, 0xff, 0x90, 0x72, 0x40,
    0x1f, 0xcf, 0xdf, 0x64, 0x0, 0x25, 0x52, 0x8,
    0x7, 0xfa, 0x60, 0x41, 0x30, 0x13, 0x6a, 0x97,
    0xd8, 0xc2, 0x1, 0xe2, 0x60, 0x68, 0x1, 0x66,
    0x0, 0x71, 0xcf, 0x5c, 0x38, 0x5, 0x40, 0x72,
    0xea, 0x1a, 0x5b, 0xfe, 0xec, 0x92, 0x4, 0x78,
    0x0, 0x84, 0x4, 0x40, 0x40, 0xa0, 0x40, 0x1,
    0x5b, 0x20, 0xc, 0x20, 0xe, 0x2, 0xef, 0x70,
    0xe, 0x3d, 0x92, 0x2, 0x5, 0xf1, 0x0, 0x3a,
    0x0, 0x71, 0x80, 0x13, 0x8, 0x1b, 0x7c, 0x10,
    0x40, 0x35, 0xed, 0xe1, 0x3, 0x81, 0xd8, 0xe,
    0x49, 0x10, 0x45, 0xee, 0xab, 0x9c, 0xfc, 0x82,
    0x43, 0x80, 0x70, 0xc0, 0x2b, 0x1, 0x8a, 0xae,
    0x83, 0x8, 0x34, 0x20, 0xb2, 0x0, 0xcb, 0x88,
    0x20, 0x1c, 0x4d, 0x8e, 0x18, 0x4, 0xa0, 0x1e,
    0x3b, 0xef, 0xfe, 0xd9, 0x30, 0x1, 0x83, 0x80,
    0x7f, 0xf2, 0x84, 0x3, 0xff, 0x90, 0x40, 0x80,
    0x1f, 0xfc, 0x8a, 0x0, 0x58, 0x80, 0x78, 0x40,
    0x3f, 0xe3, 0x50, 0x4e, 0xa7, 0x66, 0x46, 0x71,
    0x80, 0x7f, 0xd4, 0xc0, 0x5, 0x89, 0x93, 0x98,
    0x58, 0x7, 0xff, 0x2, 0x71, 0x88, 0x2, 0x36,
    0xb8, 0x0, 0xff, 0x0,

    /* U+FC30 "ﰰ" */
    0x0, 0xff, 0xe2, 0x47, 0xb0, 0x7, 0xff, 0x1d,
    0x43, 0x0, 0x3f, 0xf8, 0xfc, 0xd0, 0x1, 0xff,
    0xc7, 0x39, 0x20, 0xf, 0xfe, 0x39, 0x29, 0x80,
    0x7f, 0xf1, 0xa3, 0x6b, 0x2c, 0x3, 0xff, 0x88,
    0xae, 0x1, 0x23, 0x80, 0x7c, 0x8c, 0x40, 0x1d,
    0x0, 0xde, 0xa1, 0x20, 0x1c, 0xdd, 0x73, 0xa4,
    0x1, 0x11, 0x2, 0xc2, 0x40, 0x48, 0x2, 0xb9,
    0x10, 0xa, 0x0, 0x21, 0x0, 0x38, 0x8, 0x1,
    0x80, 0x16, 0x80, 0x7b, 0x60, 0xa2, 0x0, 0x20,
    0x5, 0x7e, 0x80, 0x68, 0x40, 0x1c, 0x24, 0x30,
    0x60, 0x0, 0xc8, 0x7, 0x9c, 0x5c, 0x0, 0x2e,
    0x0, 0xa0, 0xa0, 0x9, 0xbb, 0x2d, 0xc0, 0x6,
    0xe0, 0x3, 0x8, 0xa5, 0xc0, 0x2b, 0x55, 0x91,
    0x79, 0xc1, 0xc3, 0x0, 0xb1, 0x1, 0x69, 0x40,
    0x9, 0x55, 0xa5, 0x41, 0x20, 0x4, 0x1c, 0x2e,
    0x4c, 0x6, 0x60, 0x40, 0x30, 0xa5, 0x58, 0x7,
    0xcd, 0x9f, 0xcc, 0xfd, 0xff, 0xba, 0xd4, 0x2,
    0x20, 0x10, 0xf, 0xfe, 0x3f, 0x2, 0x80, 0x7f,
    0xf1, 0xcc, 0x4, 0x40, 0x1f, 0xfc, 0x65, 0x0,
    0x28, 0x7, 0xff, 0x18, 0x44, 0x18, 0x1, 0xff,
    0xc7, 0x40, 0x40, 0xf, 0xfe, 0x3c, 0xde, 0x0,
    0x7f, 0xf1, 0x80,

    /* U+FC31 "ﰱ" */
    0x0, 0xff, 0xe3, 0x9c, 0x90, 0x7, 0xff, 0x2b,
    0xda, 0x40, 0x3f, 0xf9, 0x56, 0x1a, 0x1, 0xff,
    0xca, 0x7f, 0x60, 0xf, 0xff, 0x11, 0xe7, 0xf3,
    0x0, 0x7f, 0xf1, 0xcb, 0xc, 0x6, 0x54, 0x3,
    0xff, 0x8d, 0x20, 0x52, 0x41, 0x0, 0x1f, 0xfc,
    0x51, 0x40, 0xe6, 0xe0, 0x22, 0x0, 0x7f, 0xf1,
    0x8, 0x0, 0xc0, 0x40, 0x6, 0x0, 0xff, 0xe2,
    0x10, 0x2, 0xbf, 0x80, 0x2, 0x8, 0x60, 0x1f,
    0xfc, 0x11, 0x90, 0xf, 0x8, 0x56, 0x30, 0x7,
    0xa5, 0x84, 0x3, 0x37, 0xe5, 0xc0, 0x1, 0x4c,
    0x41, 0x0, 0x3c, 0xd3, 0xd6, 0xea, 0xbd, 0xb0,
    0xa, 0x2a, 0x0, 0x20, 0xe, 0x11, 0x0, 0x12,
    0x2a, 0xb4, 0xb0, 0x1d, 0x80, 0x7f, 0x87, 0xac,
    0x80, 0x3c, 0x29, 0x38, 0x20, 0x60, 0x6, 0x0,
    0xf9, 0x18, 0x13, 0xff, 0x75, 0xb0, 0x4, 0xa0,
    0x9, 0x91, 0x88, 0x0, 0x96, 0xd0, 0x30, 0x3,
    0xfe, 0xa0, 0x3, 0x67, 0x7f, 0xb6, 0x90, 0x15,
    0xc0, 0x3f, 0xe5, 0xc4, 0x0, 0xf9, 0x2e, 0x80,
    0x3f, 0xf8, 0x27, 0x7f, 0x95, 0x4b, 0xdf, 0xb4,
    0x0, 0xff, 0xe0, 0x0,

    /* U+FC32 "ﰲ" */
    0x0, 0xff, 0xe3, 0x9c, 0x90, 0x7, 0xff, 0x2b,
    0xda, 0x40, 0x3f, 0xf9, 0x56, 0x1a, 0x1, 0xff,
    0xca, 0x7f, 0x60, 0xf, 0xff, 0x11, 0xe7, 0xf3,
    0x0, 0x7f, 0xf1, 0xcb, 0xc, 0x6, 0x54, 0x3,
    0xff, 0x8d, 0x20, 0x52, 0x41, 0x0, 0x1f, 0xfc,
    0x51, 0x40, 0xe6, 0xe0, 0x22, 0x0, 0x7f, 0xf1,
    0x8, 0x0, 0xc0, 0x40, 0x6, 0x0, 0xff, 0xe2,
    0x10, 0x2, 0xbf, 0x80, 0x2, 0x8, 0x60, 0x1f,
    0xfc, 0x11, 0x90, 0xf, 0x8, 0x56, 0x30, 0x7,
    0xa5, 0x84, 0x3, 0x37, 0xe5, 0xc0, 0x1, 0x4c,
    0x41, 0x0, 0x3c, 0xd3, 0xd6, 0xea, 0xbd, 0xb0,
    0xa, 0x2a, 0x0, 0x20, 0xe, 0x11, 0x0, 0x12,
    0x2a, 0xb4, 0xb0, 0x1d, 0x80, 0x7f, 0x87, 0xac,
    0x80, 0x3c, 0x29, 0x38, 0x20, 0x60, 0x6, 0x0,
    0xf9, 0x18, 0x13, 0xff, 0x75, 0xb0, 0x4, 0xa0,
    0x9, 0x91, 0x88, 0x0, 0x96, 0xd0, 0x30, 0x3,
    0xfe, 0xa0, 0x3, 0x67, 0x7f, 0xb6, 0x90, 0x15,
    0xc0, 0x3f, 0xe5, 0xc4, 0x0, 0xf9, 0x2e, 0x80,
    0x3f, 0xf8, 0x27, 0x7f, 0x95, 0x4b, 0xdf, 0xb4,
    0x0, 0xff, 0xe2, 0x9a, 0xa9, 0x8, 0x3, 0xff,
    0x90, 0xe4, 0xc, 0x80, 0x1f, 0xfc, 0x78, 0x87,
    0xa4, 0xd8, 0x7, 0xff, 0x1f, 0x1, 0x18, 0x50,
    0x3, 0xff, 0x86,

    /* U+FC33 "ﰳ" */
    0x0, 0xff, 0xe2, 0xb, 0x88, 0x39, 0x0, 0x7f,
    0xf1, 0x6a, 0x2d, 0xe3, 0xc0, 0x3f, 0xf8, 0xb8,
    0x18, 0x60, 0x80, 0x1f, 0xfc, 0x57, 0xf6, 0x4f,
    0x90, 0xf, 0xfe, 0xeb, 0xf7, 0xd9, 0x0, 0x9,
    0x54, 0x82, 0x1, 0xfe, 0x98, 0x10, 0x4c, 0x4,
    0xda, 0xa5, 0xf6, 0x30, 0x80, 0x78, 0x98, 0x1a,
    0x0, 0x59, 0x80, 0x1c, 0x73, 0xd7, 0xe, 0x1,
    0x50, 0x1c, 0xba, 0x86, 0x96, 0xff, 0xbb, 0x24,
    0x81, 0x1e, 0x0, 0x21, 0x1, 0x10, 0x10, 0x28,
    0x10, 0x0, 0x56, 0xc8, 0x3, 0x8, 0x3, 0x80,
    0xbb, 0xdc, 0x3, 0x8f, 0x64, 0x80, 0x81, 0x7c,
    0x40, 0xe, 0x80, 0x1c, 0x60, 0x4, 0xc2, 0x6,
    0xdf, 0x4, 0x10, 0xd, 0x7b, 0x78, 0x40, 0xe0,
    0x76, 0x3, 0x92, 0x44, 0x11, 0x7b, 0xaa, 0xe7,
    0x3f, 0x20, 0x90, 0xe0, 0x1c, 0x30, 0xa, 0xc0,
    0x62, 0xab, 0xa0, 0xc2, 0xd, 0x8, 0x2c, 0x80,
    0x32, 0xe2, 0x8, 0x7, 0x13, 0x63, 0x86, 0x1,
    0x28, 0x7, 0x8e, 0xfb, 0xff, 0xb6, 0x4c, 0x0,
    0x60, 0xe0, 0x1f, 0xfc, 0xa1, 0x0, 0xff, 0xe4,
    0x10, 0x20, 0x7, 0xff, 0x22, 0x80, 0x16, 0x20,
    0x1e, 0x10, 0xf, 0xf8, 0xd4, 0x13, 0xa9, 0xd9,
    0x91, 0x9c, 0x60, 0x1f, 0xf5, 0x30, 0x1, 0x62,
    0x64, 0xe6, 0x16, 0x1, 0xff, 0xc0, 0x9c, 0x62,
    0x0, 0x8d, 0xae, 0x0, 0x3f, 0xc0,

    /* U+FC34 "ﰴ" */
    0x0, 0xff, 0xe1, 0x17, 0x58, 0x66, 0x88, 0x7,
    0xff, 0xd, 0xc5, 0x8, 0xc8, 0x80, 0x1f, 0xfc,
    0x35, 0x9b, 0x2a, 0xa1, 0x80, 0x7f, 0xf1, 0x19,
    0x1, 0x54, 0x1, 0xff, 0xc6, 0x25, 0x30, 0xf,
    0xfe, 0x34, 0x6d, 0x65, 0x80, 0x7f, 0xf1, 0x15,
    0xc0, 0x24, 0x70, 0xf, 0x91, 0x88, 0x3, 0xa0,
    0x1b, 0xd4, 0x24, 0x3, 0x9b, 0xae, 0x74, 0x80,
    0x22, 0x20, 0x58, 0x48, 0x9, 0x0, 0x57, 0x22,
    0x1, 0x40, 0x4, 0x20, 0x7, 0x1, 0x0, 0x30,
    0x2, 0xd0, 0xf, 0x6c, 0x14, 0x40, 0x4, 0x0,
    0xaf, 0xd0, 0xd, 0x8, 0x3, 0x84, 0x86, 0xc,
    0x0, 0x19, 0x0, 0xf3, 0x8b, 0x80, 0x5, 0xc0,
    0x14, 0x14, 0x1, 0x37, 0x65, 0xb8, 0x0, 0xdc,
    0x0, 0x61, 0x14, 0xb8, 0x5, 0x6a, 0xb2, 0x2f,
    0x38, 0x38, 0x60, 0x16, 0x20, 0x2d, 0x28, 0x1,
    0x2a, 0xb4, 0xa8, 0x24, 0x0, 0x83, 0x85, 0xc9,
    0x80, 0xcc, 0x8, 0x6, 0x14, 0xab, 0x0, 0xf9,
    0xb3, 0xf9, 0x9f, 0xbf, 0xf7, 0x5a, 0x80, 0x44,
    0x2, 0x1, 0xff, 0xc7, 0xe0, 0x50, 0xf, 0xfe,
    0x39, 0x80, 0x88, 0x3, 0xff, 0x8c, 0xa0, 0x5,
    0x0, 0xff, 0xe3, 0x8, 0x83, 0x0, 0x3f, 0xf8,
    0xe8, 0x8, 0x1, 0xff, 0xc7, 0x9b, 0xc0, 0xf,
    0xfe, 0x30,

    /* U+FC35 "ﰵ" */
    0x0, 0xff, 0xe3, 0x32, 0x2, 0x28, 0x7, 0xff,
    0x1d, 0x26, 0xca, 0xe8, 0xc0, 0x3f, 0xf8, 0xca,
    0x26, 0x46, 0x24, 0x1, 0xff, 0xc6, 0x1e, 0xc0,
    0xce, 0x10, 0xf, 0xff, 0x1, 0xe7, 0xf3, 0x0,
    0x7f, 0xf1, 0xcb, 0xc, 0x6, 0x54, 0x3, 0xff,
    0x8d, 0x20, 0x52, 0x41, 0x0, 0x1f, 0xfc, 0x51,
    0x40, 0xe6, 0xe0, 0x22, 0x0, 0x7f, 0xf1, 0x8,
    0x0, 0xc0, 0x40, 0x6, 0x0, 0xff, 0xe2, 0x10,
    0x2, 0xbf, 0x80, 0x2, 0x8, 0x60, 0x1f, 0xfc,
    0x11, 0x90, 0xf, 0x8, 0x56, 0x30, 0x7, 0xa5,
    0x84, 0x3, 0x37, 0xe5, 0xc0, 0x1, 0x4c, 0x41,
    0x0, 0x3c, 0xd3, 0xd6, 0xea, 0xbd, 0xb0, 0xa,
    0x2a, 0x0, 0x20, 0xe, 0x11, 0x0, 0x12, 0x2a,
    0xb4, 0xb0, 0x1d, 0x80, 0x7f, 0x87, 0xac, 0x80,
    0x3c, 0x29, 0x38, 0x20, 0x60, 0x6, 0x0, 0xf9,
    0x18, 0x13, 0xff, 0x75, 0xb0, 0x4, 0xa0, 0x9,
    0x91, 0x88, 0x0, 0x96, 0xd0, 0x30, 0x3, 0xfe,
    0xa0, 0x3, 0x67, 0x7f, 0xb6, 0x90, 0x15, 0xc0,
    0x3f, 0xe5, 0xc4, 0x0, 0xf9, 0x2e, 0x80, 0x3f,
    0xf8, 0x27, 0x7f, 0x95, 0x4b, 0xdf, 0xb4, 0x0,
    0xff, 0xe0, 0x0,

    /* U+FC36 "ﰶ" */
    0x0, 0xff, 0xe3, 0x32, 0x2, 0x28, 0x7, 0xff,
    0x1d, 0x26, 0xca, 0xe8, 0xc0, 0x3f, 0xf8, 0xca,
    0x26, 0x46, 0x24, 0x1, 0xff, 0xc6, 0x1e, 0xc0,
    0xce, 0x10, 0xf, 0xff, 0x1, 0xe7, 0xf3, 0x0,
    0x7f, 0xf1, 0xcb, 0xc, 0x6, 0x54, 0x3, 0xff,
    0x8d, 0x20, 0x52, 0x41, 0x0, 0x1f, 0xfc, 0x51,
    0x40, 0xe6, 0xe0, 0x22, 0x0, 0x7f, 0xf1, 0x8,
    0x0, 0xc0, 0x40, 0x6, 0x0, 0xff, 0xe2, 0x10,
    0x2, 0xbf, 0x80, 0x2, 0x8, 0x60, 0x1f, 0xfc,
    0x11, 0x90, 0xf, 0x8, 0x56, 0x30, 0x7, 0xa5,
    0x84, 0x3, 0x37, 0xe5, 0xc0, 0x1, 0x4c, 0x41,
    0x0, 0x3c, 0xd3, 0xd6, 0xea, 0xbd, 0xb0, 0xa,
    0x2a, 0x0, 0x20, 0xe, 0x11, 0x0, 0x12, 0x2a,
    0xb4, 0xb0, 0x1d, 0x80, 0x7f, 0x87, 0xac, 0x80,
    0x3c, 0x29, 0x38, 0x20, 0x60, 0x6, 0x0, 0xf9,
    0x18, 0x13, 0xff, 0x75, 0xb0, 0x4, 0xa0, 0x9,
    0x91, 0x88, 0x0, 0x96, 0xd0, 0x30, 0x3, 0xfe,
    0xa0, 0x3, 0x67, 0x7f, 0xb6, 0x90, 0x15, 0xc0,
    0x3f, 0xe5, 0xc4, 0x0, 0xf9, 0x2e, 0x80, 0x3f,
    0xf8, 0x27, 0x7f, 0x95, 0x4b, 0xdf, 0xb4, 0x0,
    0xff, 0xe2, 0x9a, 0xa9, 0x8, 0x3, 0xff, 0x90,
    0xe4, 0xc, 0x80, 0x1f, 0xfc, 0x78, 0x87, 0xa4,
    0xd8, 0x7, 0xff, 0x1f, 0x1, 0x18, 0x50, 0x3,
    0xff, 0x86,

    /* U+FC37 "ﰷ" */
    0xbf, 0xa0, 0xf, 0xe6, 0x30, 0x10, 0x10, 0xf,
    0x9b, 0xa6, 0x40, 0x1f, 0xcb, 0xd2, 0x20, 0x20,
    0x60, 0xe0, 0x11, 0x65, 0x8, 0x2e, 0x58, 0x8,
    0x8, 0x0, 0x70, 0xc1, 0x32, 0x8c, 0x3, 0xe4,
    0x10, 0x6b, 0x30, 0xd, 0xe0, 0x60, 0x4, 0x10,
    0x67, 0x0, 0xf8, 0x40, 0x3, 0xe4, 0x10, 0xe0,
    0x18, 0x40, 0x38, 0x70, 0xc2, 0x14, 0x2, 0x30,
    0xf, 0xe, 0x18, 0x58, 0x80, 0x70, 0x80, 0x77,
    0x0, 0xb0, 0x0, 0x40, 0x4, 0x1, 0xc4, 0x40,
    0xd0, 0x3, 0x0, 0x3d, 0x98, 0xaa, 0x69, 0x20,
    0x30, 0x1, 0x10, 0xe, 0x65, 0x54, 0x96, 0x1,
    0xb0, 0xb, 0x14, 0x40, 0x38, 0x9f, 0xc8, 0x0,

    /* U+FC38 "ﰸ" */
    0x0, 0xff, 0xe4, 0x14, 0x98, 0x7, 0xff, 0x1c,
    0xeb, 0x5a, 0x0, 0x3f, 0xf8, 0xa5, 0x78, 0xa0,
    0x38, 0x1, 0xff, 0xc4, 0x8d, 0x40, 0x19, 0xe7,
    0x0, 0xff, 0xe1, 0xa3, 0x80, 0xc7, 0x30, 0x4,
    0x79, 0xfe, 0xeb, 0x50, 0xf, 0x84, 0x0, 0xae,
    0x1, 0xe3, 0x0, 0xa, 0x57, 0x4a, 0x8, 0x4,
    0xb0, 0x9, 0x82, 0x1, 0x8d, 0xa6, 0x50, 0xa2,
    0x26, 0xbe, 0xf0, 0x9, 0xec, 0xf, 0x4, 0x3,
    0x4b, 0x31, 0xeb, 0xc, 0x3, 0x8, 0x4, 0x98,
    0x25, 0x60, 0x1f, 0x1d, 0xe9, 0x80, 0x9, 0xc0,
    0x38, 0xe8, 0x15, 0x0, 0x3a, 0x31, 0x1, 0xa4,
    0x1, 0x2, 0x1, 0xc8, 0x21, 0x80, 0x1a, 0x9c,
    0x17, 0xa5, 0x80, 0xb6, 0x19, 0x8a, 0xa6, 0x91,
    0x0, 0xe7, 0x50, 0x8a, 0x10, 0x4, 0x1, 0x3c,
    0xca, 0xa9, 0x2c, 0x3, 0x40, 0x1, 0x80, 0x67,
    0x0, 0xcf, 0x48, 0x20, 0x1c, 0x4f, 0xe4, 0x0,
    0x70, 0x4, 0x0, 0xf, 0xa8, 0x16, 0xfb, 0xff,
    0xb6, 0x4, 0x2, 0xc0, 0x41, 0x0, 0x58, 0xa8,
    0x7, 0xff, 0xc, 0x40, 0x40, 0x29, 0x7b, 0x0,
    0xff, 0xe1, 0x88, 0x38, 0x4, 0x30, 0x80, 0x1f,
    0xfc, 0x3c, 0x2, 0x60, 0xf, 0xfe, 0x43, 0x8,
    0x4d, 0x20, 0x80, 0xd, 0xac, 0x40, 0x3f, 0xf8,
    0x1a, 0x20, 0xb7, 0xdf, 0xec, 0x94, 0x60, 0xf,
    0xfe, 0x1, 0xfb, 0x0, 0x7c, 0xa8, 0x1, 0xff,
    0xc1, 0x19, 0xfc, 0xaa, 0xb7, 0xe8, 0xc0, 0x3f,
    0xe0,

    /* U+FC39 "ﰹ" */
    0x0, 0xff, 0xef, 0x8c, 0x73, 0x0, 0x7f, 0xf1,
    0x86, 0x39, 0xc6, 0xc0, 0x3f, 0xf8, 0xad, 0xce,
    0x0, 0x7c, 0x0, 0xff, 0xe2, 0x64, 0x80, 0x1f,
    0xa0, 0x40, 0x4, 0xaa, 0x41, 0x0, 0xfc, 0xa6,
    0xb, 0xd0, 0x20, 0x12, 0x6d, 0x52, 0xfb, 0x18,
    0x40, 0x38, 0x40, 0x8, 0x40, 0x1c, 0xc0, 0x1c,
    0x73, 0xd7, 0xe, 0x0, 0x4b, 0x1, 0xc3, 0x0,
    0xc5, 0x9f, 0xee, 0xb7, 0x20, 0x47, 0x80, 0x9,
    0x30, 0x43, 0x8, 0x3, 0x18, 0x0, 0x58, 0x4c,
    0x3, 0x8, 0x4, 0x78, 0x21, 0xe0, 0x1e, 0x19,
    0xd6, 0x12, 0x5, 0xf1, 0x0, 0xc5, 0xa0, 0x4a,
    0x1, 0x8b, 0xd8, 0x1b, 0x78, 0x10, 0x40, 0x3c,
    0x62, 0x18, 0x1, 0xe, 0x8, 0xb2, 0x48, 0xc4,
    0x5f, 0xc, 0xc5, 0x53, 0x50, 0x80, 0x80, 0x54,
    0x22, 0xc3, 0x0, 0xac, 0x5, 0xe6, 0x55, 0x49,
    0x50, 0x19, 0x0, 0x1a, 0x5, 0x90, 0x6, 0x5b,
    0x41, 0x0, 0xe2, 0x7f, 0x10, 0x5, 0x81, 0x28,
    0x7, 0x92, 0xfb, 0xff, 0xb6, 0x4, 0x2, 0x20,
    0x70, 0xf, 0xfe, 0x48, 0x80, 0x80, 0x7f, 0xf2,
    0x48, 0x10, 0x3, 0xff, 0x93, 0xa0, 0xb, 0x10,
    0xf, 0x8, 0x7, 0xff, 0x1, 0x14, 0x13, 0xa9,
    0xd9, 0x91, 0x9c, 0x60, 0x1f, 0xfc, 0xa, 0x50,
    0x2, 0xc4, 0xc9, 0xcc, 0x2c, 0x3, 0xff, 0x83,
    0x58, 0xc4, 0x1, 0x1b, 0x5c, 0x0, 0x7f, 0xc0,

    /* U+FC3A "ﰺ" */
    0x0, 0xff, 0xe4, 0x88, 0x7, 0xcf, 0xec, 0x1,
    0xff, 0xc, 0xf3, 0x80, 0x7a, 0xc3, 0x40, 0x3f,
    0x86, 0x79, 0x82, 0x80, 0x3d, 0xed, 0x20, 0x1f,
    0x9f, 0x98, 0x6, 0x30, 0x3, 0xc7, 0x24, 0x1,
    0xf6, 0x40, 0x2, 0x39, 0xc4, 0x0, 0x4a, 0xa4,
    0x10, 0xf, 0xca, 0x60, 0xbc, 0xe0, 0x19, 0x36,
    0xa9, 0x7d, 0x8c, 0x20, 0x1c, 0xc0, 0x4, 0x20,
    0xe, 0x60, 0xe, 0x39, 0xeb, 0x87, 0x0, 0x1d,
    0x80, 0xe1, 0x80, 0x62, 0xcf, 0xf7, 0x5b, 0x90,
    0x23, 0xc0, 0x4, 0x9a, 0x21, 0x84, 0x1, 0x8c,
    0x0, 0x2c, 0x26, 0x1, 0x84, 0x2, 0x2c, 0x10,
    0xf0, 0xf, 0xc, 0xeb, 0x9, 0x2, 0xf8, 0x80,
    0x62, 0xd0, 0x25, 0x0, 0xc5, 0xec, 0xd, 0xbc,
    0x8, 0x20, 0x1e, 0x31, 0xc, 0x0, 0x87, 0x4,
    0x59, 0x24, 0x62, 0x2f, 0x86, 0x62, 0xa9, 0xa8,
    0x40, 0x40, 0x2a, 0x11, 0x61, 0x80, 0x56, 0x2,
    0xf3, 0x2a, 0xa4, 0xa8, 0xc, 0x80, 0xd, 0x2,
    0xc8, 0x3, 0x2d, 0xa0, 0x80, 0x71, 0x3f, 0x88,
    0x2, 0xc0, 0x94, 0x3, 0xc9, 0x7d, 0xff, 0xdb,
    0x2, 0x1, 0x10, 0x38, 0x7, 0xff, 0x24, 0x40,
    0x40, 0x3f, 0xf9, 0x24, 0x8, 0x1, 0xff, 0xc9,
    0xd0, 0x5, 0x88, 0x7, 0x84, 0x3, 0xff, 0x80,
    0x8a, 0x9, 0xd4, 0xec, 0xc8, 0xce, 0x30, 0xf,
    0xfe, 0x5, 0x28, 0x1, 0x62, 0x64, 0xe6, 0x16,
    0x1, 0xff, 0xc1, 0xac, 0x62, 0x0, 0x8d, 0xae,
    0x0, 0x3f, 0xe0,

    /* U+FC3B "ﰻ" */
    0x0, 0xff, 0x37, 0xf8, 0x3, 0xf9, 0x14, 0x3,
    0xff, 0x92, 0xbb, 0x70, 0x1, 0xff, 0x18, 0x7,
    0xc7, 0x94, 0x40, 0x22, 0x0, 0xff, 0xe2, 0xd,
    0x61, 0x81, 0xde, 0x8, 0x7, 0xf8, 0x40, 0x2,
    0x0, 0xd5, 0x2, 0xbc, 0x40, 0xf, 0xfe, 0x3,
    0x80, 0x61, 0x30, 0x3d, 0x40, 0xf, 0xfe, 0x29,
    0x80, 0x98, 0x1d, 0x0, 0x7f, 0xf0, 0xc4, 0x3,
    0xb1, 0x1, 0x68, 0x3, 0xff, 0x8a, 0x20, 0x15,
    0xa8, 0x2c, 0x0, 0x7f, 0xf0, 0x4c, 0x0, 0xe0,
    0x1a, 0x94, 0x1c, 0xc0, 0x23, 0x20, 0xf, 0xfe,
    0x25, 0x8, 0x48, 0x5, 0xda, 0xc0, 0x1e, 0x10,
    0x6, 0x0, 0x79, 0x1, 0xc0, 0x4, 0x40, 0x40,
    0xf, 0xe7, 0x86, 0x55, 0x34, 0x28, 0x8, 0x1,
    0xc0, 0x4, 0x1, 0xe1, 0x0, 0x9e, 0x6a, 0x92,
    0xe0, 0x8, 0x0, 0x18, 0x7, 0xf2, 0x80, 0x1c,
    0x40, 0x31, 0x36, 0xa0, 0x0, 0xc0, 0xa, 0x1,
    0xe8, 0x1, 0x8e, 0xff, 0xdb, 0x24, 0x1, 0x28,
    0x85, 0x38, 0x80, 0xa5, 0x98, 0x40, 0x7, 0xff,
    0x6, 0x80, 0x11, 0xdf, 0xd6, 0x80, 0xac, 0x1,
    0xff, 0xc1, 0x4c, 0x40, 0xe, 0x29, 0xa0, 0xf,
    0xfe, 0x19, 0xdf, 0xe5, 0xe7, 0x6b, 0x0, 0x7f,
    0xf0, 0x80,

    /* U+FC3C "ﰼ" */
    0x0, 0xff, 0xe3, 0x9a, 0x80, 0x7f, 0xf1, 0x8e,
    0xf2, 0x80, 0x3f, 0xf8, 0x85, 0x78, 0x80, 0x44,
    0x0, 0xff, 0xe1, 0x46, 0xa0, 0x1d, 0xe9, 0x0,
    0x7f, 0xf0, 0x69, 0xc0, 0xef, 0x10, 0x3, 0xff,
    0x86, 0xa0, 0x38, 0x80, 0x1f, 0xe4, 0x62, 0x0,
    0xc8, 0x3, 0x82, 0x1, 0xf9, 0xba, 0xe7, 0x48,
    0x2, 0xb5, 0x3, 0xc1, 0x0, 0xf5, 0xc8, 0x80,
    0x50, 0x1, 0xa9, 0xc0, 0xa8, 0x3, 0xad, 0x0,
    0xf6, 0xc1, 0x44, 0x3, 0x43, 0x82, 0x28, 0x5,
    0x8, 0x3, 0x84, 0x86, 0xc, 0x1, 0xd0, 0x61,
    0x20, 0x1, 0x70, 0x0, 0xb8, 0x2, 0x82, 0x40,
    0x3c, 0x80, 0x60, 0x7, 0x0, 0x18, 0x45, 0xb6,
    0x0, 0xe3, 0x2a, 0xce, 0xc0, 0x40, 0xc, 0x2,
    0xc4, 0x4, 0x95, 0x0, 0x1c, 0xd5, 0x50, 0x21,
    0x0, 0x1, 0x7, 0xb, 0x93, 0x1, 0xa8, 0x10,
    0xc, 0x4b, 0x8a, 0x1, 0xf3, 0x67, 0xf2, 0xbf,
    0x7f, 0xed, 0xa3, 0x0, 0x88, 0x4, 0x3, 0xff,
    0x8f, 0xc0, 0xa0, 0x1f, 0xfc, 0x73, 0x1, 0x10,
    0x7, 0xff, 0x19, 0x40, 0xa, 0x1, 0xff, 0xc6,
    0x11, 0x6, 0x0, 0x7f, 0xf1, 0xd0, 0x10, 0x3,
    0xff, 0x8f, 0x37, 0x80, 0x1f, 0xfc, 0x60,

    /* U+FC3D "ﰽ" */
    0x0, 0xff, 0xe5, 0x88, 0x7, 0xff, 0x29, 0xb7,
    0x0, 0x3f, 0xf9, 0xd, 0xb2, 0x44, 0x40, 0xf,
    0xfe, 0x2a, 0x6c, 0x90, 0x2e, 0x20, 0x7, 0xff,
    0x11, 0xec, 0x81, 0x76, 0x8c, 0x3, 0xff, 0x8b,
    0x20, 0x3b, 0x44, 0x1, 0xff, 0xc7, 0x20, 0x1b,
    0x0, 0xff, 0xe4, 0xe2, 0x3, 0x50, 0x7, 0xff,
    0x26, 0xd4, 0x16, 0x0, 0x3f, 0xf9, 0x34, 0xc0,
    0xe8, 0x1, 0x18, 0x80, 0x7f, 0xf1, 0x24, 0xc2,
    0x0, 0x2e, 0xe3, 0x0, 0x79, 0xd4, 0x3, 0xf5,
    0x81, 0x80, 0x8, 0x80, 0xa0, 0x1e, 0x8a, 0xfb,
    0x76, 0x62, 0xa9, 0xe4, 0x3, 0x38, 0x0, 0xc0,
    0x38, 0x48, 0x0, 0x91, 0x32, 0xaa, 0x40, 0x84,
    0x0, 0xc, 0x3, 0xf0, 0xee, 0x10, 0x7, 0x85,
    0x6d, 0xc0, 0x6, 0x0, 0x50, 0xf, 0x8d, 0x81,
    0x3f, 0xf7, 0x52, 0x0, 0x48, 0x0, 0xa9, 0x31,
    0x0, 0x12, 0xda, 0x6, 0x0, 0x7f, 0x86, 0x80,
    0xd, 0x9d, 0xfe, 0xda, 0x40, 0x57, 0x0, 0xff,
    0x97, 0x10, 0x3, 0xe4, 0xba, 0x0, 0xff, 0xe0,
    0x9d, 0xf6, 0x55, 0x2f, 0x7e, 0xd0, 0x3, 0xff,
    0x80,

    /* U+FC3E "ﰾ" */
    0x0, 0xff, 0xe5, 0x88, 0x7, 0xff, 0x29, 0xb7,
    0x0, 0x3f, 0xf9, 0xd, 0xb2, 0x44, 0x40, 0xf,
    0xfe, 0x2a, 0x6c, 0x90, 0x2e, 0x20, 0x7, 0xff,
    0x11, 0xec, 0x81, 0x76, 0x8c, 0x3, 0xff, 0x8b,
    0x20, 0x3b, 0x44, 0x1, 0xff, 0xc7, 0x20, 0x1b,
    0x0, 0xff, 0xe4, 0xe2, 0x3, 0x50, 0x7, 0xff,
    0x26, 0xd4, 0x16, 0x0, 0x3f, 0xf9, 0x34, 0xc0,
    0xe8, 0x1, 0x18, 0x80, 0x7f, 0xf1, 0x24, 0xc2,
    0x0, 0x2e, 0xe3, 0x0, 0x79, 0xd4, 0x3, 0xf5,
    0x81, 0x80, 0x8, 0x80, 0xa0, 0x1e, 0x8a, 0xfb,
    0x76, 0x62, 0xa9, 0xe4, 0x3, 0x38, 0x0, 0xc0,
    0x38, 0x48, 0x0, 0x91, 0x32, 0xaa, 0x40, 0x84,
    0x0, 0xc, 0x3, 0xf0, 0xee, 0x10, 0x7, 0x85,
    0x6d, 0xc0, 0x6, 0x0, 0x50, 0xf, 0x8d, 0x81,
    0x3f, 0xf7, 0x52, 0x0, 0x48, 0x0, 0xa9, 0x31,
    0x0, 0x12, 0xda, 0x6, 0x0, 0x7f, 0x86, 0x80,
    0xd, 0x9d, 0xfe, 0xda, 0x40, 0x57, 0x0, 0xff,
    0x97, 0x10, 0x3, 0xe4, 0xba, 0x0, 0xff, 0xe0,
    0x9d, 0xf6, 0x55, 0x2f, 0x7e, 0xd0, 0x3, 0xff,
    0x88, 0x26, 0xaa, 0x42, 0x0, 0xff, 0xe4, 0x39,
    0x3, 0x20, 0x7, 0xff, 0x1e, 0x21, 0xe9, 0x36,
    0x1, 0xff, 0xc7, 0xc0, 0x46, 0x14, 0x0, 0xff,
    0xe1, 0x80,

    /* U+FC3F "ﰿ" */
    0x0, 0xff, 0xe1, 0x8f, 0xf9, 0x0, 0x3f, 0xf8,
    0xc2, 0x1, 0xff, 0xc3, 0x10, 0xf, 0xfe, 0x49,
    0x80, 0x7f, 0xf1, 0x84, 0x3, 0xff, 0x88, 0x20,
    0x3, 0xcf, 0xf7, 0x5a, 0x80, 0x7f, 0xde, 0x6,
    0x0, 0x14, 0xae, 0x94, 0x10, 0xe, 0x30, 0x1,
    0xb4, 0xca, 0x14, 0x44, 0xd7, 0xde, 0x1, 0x84,
    0x4, 0x25, 0x98, 0xf5, 0x86, 0x1, 0x84, 0x3,
    0x8c, 0x3, 0x1d, 0xe9, 0x80, 0x9, 0xc0, 0x33,
    0x80, 0x74, 0x62, 0x3, 0x48, 0x2, 0x4, 0x2,
    0x70, 0xd, 0x4e, 0xb, 0xd2, 0xc0, 0x5b, 0xc,
    0xc8, 0x30, 0xd0, 0x75, 0x8, 0xa1, 0x0, 0x40,
    0x13, 0xcc, 0x9c, 0x0, 0xa3, 0x0, 0xce, 0x1,
    0x9e, 0x90, 0x40, 0x2, 0xb8, 0x4e, 0x0, 0x80,
    0x1, 0xf5, 0x2, 0xdf, 0x7f, 0xba, 0x8c, 0x30,
    0x10, 0x40, 0x16, 0x2a, 0x1, 0xfe, 0x10, 0x10,
    0xa, 0x5e, 0xc0, 0x3f, 0xc2, 0xe, 0x1, 0xc,
    0x20, 0x7, 0xfb, 0x0, 0x98, 0x3, 0xff, 0x86,
    0xc2, 0x13, 0x48, 0x20, 0x3, 0x6b, 0x10, 0xf,
    0xb4, 0x41, 0x6f, 0xbf, 0xd9, 0x28, 0xc0, 0x1f,
    0x1f, 0xb0, 0x7, 0xca, 0x80, 0x1f, 0x86, 0x7f,
    0x2a, 0xad, 0xfa, 0x30, 0xf, 0x0,

    /* U+FC40 "ﱀ" */
    0x0, 0xff, 0xe1, 0x8f, 0xf9, 0x0, 0x3f, 0xf8,
    0xc2, 0x1, 0xff, 0xc3, 0x10, 0xf, 0xfe, 0x49,
    0x80, 0x7f, 0xf1, 0x84, 0x9, 0x54, 0x82, 0x1,
    0xfe, 0x10, 0x2, 0x6d, 0x52, 0xfb, 0x18, 0x40,
    0x3f, 0xbd, 0x80, 0x38, 0xe7, 0xae, 0x1c, 0x3,
    0x18, 0x0, 0xb3, 0xfd, 0xd6, 0xe4, 0x8, 0xf0,
    0x1, 0x84, 0x4, 0xc, 0x0, 0x2c, 0x26, 0x1,
    0x84, 0x3, 0x8c, 0x2, 0x19, 0xd6, 0x12, 0x5,
    0xf1, 0x0, 0x9c, 0x3, 0x17, 0xb0, 0x36, 0xf0,
    0x20, 0x80, 0x67, 0x0, 0x87, 0x4, 0x59, 0x24,
    0x62, 0x2f, 0x86, 0x64, 0x18, 0x68, 0x50, 0x8b,
    0xc, 0x2, 0xb0, 0x17, 0x99, 0x38, 0x1, 0x4d,
    0x2, 0xc8, 0x3, 0x2d, 0xa0, 0x80, 0x5, 0x70,
    0xac, 0x9, 0x40, 0x3c, 0x97, 0xdf, 0xee, 0xa3,
    0x2, 0x7, 0x0, 0xff, 0xe2, 0x8, 0x8, 0x7,
    0xff, 0x10, 0x81, 0x0, 0x3f, 0xf8, 0x9a, 0x0,
    0xb1, 0x0, 0xf0, 0x80, 0x7c, 0x8a, 0x9, 0xd4,
    0xec, 0xc8, 0xce, 0x30, 0xf, 0xa9, 0x40, 0xb,
    0x13, 0x27, 0x30, 0xb0, 0xf, 0xd5, 0x8c, 0x40,
    0x11, 0xb5, 0xc0, 0x7, 0x80,

    /* U+FC41 "ﱁ" */
    0x0, 0xff, 0xe1, 0x8f, 0xf9, 0x0, 0x39, 0xfd,
    0x80, 0x3f, 0xc2, 0x1, 0xd6, 0x1a, 0x1, 0xf0,
    0x80, 0x7e, 0xf6, 0x90, 0xf, 0xf1, 0x80, 0x71,
    0xc9, 0x0, 0x7f, 0x84, 0x9, 0x54, 0x82, 0x1,
    0xfe, 0x10, 0x2, 0x6d, 0x52, 0xfb, 0x18, 0x40,
    0x3f, 0xbd, 0x80, 0x38, 0xe7, 0xae, 0x1c, 0x3,
    0x18, 0x0, 0xb3, 0xfd, 0xd6, 0xe4, 0x8, 0xf0,
    0x1, 0x84, 0x4, 0xc, 0x0, 0x2c, 0x26, 0x1,
    0x84, 0x3, 0x8c, 0x2, 0x19, 0xd6, 0x12, 0x5,
    0xf1, 0x0, 0x9c, 0x3, 0x17, 0xb0, 0x36, 0xf0,
    0x20, 0x80, 0x67, 0x0, 0x87, 0x4, 0x59, 0x24,
    0x62, 0x2f, 0x86, 0x64, 0x18, 0x68, 0x50, 0x8b,
    0xc, 0x2, 0xb0, 0x17, 0x99, 0x38, 0x1, 0x4d,
    0x2, 0xc8, 0x3, 0x2d, 0xa0, 0x80, 0x5, 0x70,
    0xac, 0x9, 0x40, 0x3c, 0x97, 0xdf, 0xee, 0xa3,
    0x2, 0x7, 0x0, 0xff, 0xe2, 0x8, 0x8, 0x7,
    0xff, 0x10, 0x81, 0x0, 0x3f, 0xf8, 0x9a, 0x0,
    0xb1, 0x0, 0xf0, 0x80, 0x7c, 0x8a, 0x9, 0xd4,
    0xec, 0xc8, 0xce, 0x30, 0xf, 0xa9, 0x40, 0xb,
    0x13, 0x27, 0x30, 0xb0, 0xf, 0xd5, 0x8c, 0x40,
    0x11, 0xb5, 0xc0, 0x7, 0x80,

    /* U+FC42 "ﱂ" */
    0x0, 0xff, 0xe1, 0x5f, 0xd0, 0x7, 0xff, 0xc,
    0x40, 0x40, 0x3f, 0xfa, 0xa6, 0xe, 0x1, 0xff,
    0xc5, 0x10, 0xf, 0xfe, 0x18, 0x80, 0x7f, 0x23,
    0x10, 0x7, 0x78, 0x18, 0x7, 0x37, 0x5c, 0xe9,
    0x0, 0x78, 0x40, 0x35, 0xc8, 0x80, 0x50, 0x1,
    0x84, 0x3, 0xad, 0x0, 0xf6, 0xc1, 0x44, 0x3,
    0xf4, 0x20, 0xe, 0x12, 0x18, 0x30, 0x4, 0x60,
    0x10, 0xb8, 0x0, 0x5c, 0x1, 0x41, 0x20, 0x11,
    0x80, 0x4e, 0x0, 0x30, 0x8b, 0x6c, 0x1, 0xc6,
    0x65, 0x81, 0x6, 0x1, 0x62, 0x2, 0x4a, 0x80,
    0xe, 0x64, 0x41, 0x40, 0x20, 0xe1, 0x72, 0x60,
    0x35, 0x2, 0x0, 0x39, 0x70, 0xf, 0x36, 0x7f,
    0x2b, 0xf7, 0xfb, 0x18, 0x0, 0x40, 0x20, 0x1f,
    0xfc, 0x3e, 0x5, 0x0, 0xff, 0xe1, 0x98, 0x8,
    0x80, 0x3f, 0xf8, 0x4a, 0x0, 0x50, 0xf, 0xfe,
    0x10, 0x88, 0x30, 0x3, 0xff, 0x86, 0x80, 0x80,
    0x1f, 0xfc, 0x39, 0xbc, 0x0, 0xff, 0xe1, 0x0,

    /* U+FC43 "ﱃ" */
    0x0, 0xff, 0xe2, 0xdf, 0xd8, 0x7, 0xff, 0x18,
    0x40, 0x3f, 0xf9, 0x6, 0xe, 0x1, 0xff, 0xc8,
    0x10, 0xf, 0xfe, 0x30, 0x80, 0x7f, 0xf2, 0x3c,
    0xc, 0x3, 0xff, 0x90, 0x20, 0x1f, 0xfc, 0x61,
    0x0, 0xff, 0xee, 0x98, 0x6, 0x32, 0x0, 0xff,
    0xe2, 0x88, 0x76, 0xb0, 0x7, 0xa1, 0x40, 0x3f,
    0x9, 0x10, 0x10, 0x3, 0xcf, 0x5f, 0x6e, 0xcc,
    0x80, 0x10, 0x70, 0x1, 0x0, 0x70, 0x90, 0x1,
    0x22, 0x64, 0x41, 0x20, 0x60, 0x1f, 0x87, 0x70,
    0x80, 0x31, 0xcb, 0x81, 0x80, 0x14, 0x3, 0xe3,
    0x60, 0x4f, 0xf6, 0x30, 0x1, 0x0, 0x15, 0x26,
    0x20, 0x2, 0x5b, 0x40, 0xc0, 0xf, 0xd, 0x0,
    0x1b, 0x3b, 0xfd, 0xb4, 0x80, 0xae, 0x1, 0xf2,
    0xe2, 0x0, 0x7c, 0x97, 0x40, 0x1f, 0xc7, 0x7d,
    0x95, 0x4b, 0xdf, 0xb4, 0x0, 0xfc,

    /* U+FC44 "ﱄ" */
    0x0, 0xff, 0xe2, 0xdf, 0xd8, 0x7, 0xff, 0x18,
    0x40, 0x3f, 0xf9, 0x6, 0xe, 0x1, 0xff, 0xc8,
    0x10, 0xf, 0xfe, 0x30, 0x80, 0x7f, 0xf2, 0x3c,
    0xc, 0x3, 0xff, 0x90, 0x20, 0x1f, 0xfc, 0x61,
    0x0, 0xff, 0xee, 0x98, 0x6, 0x32, 0x0, 0xff,
    0xe2, 0x88, 0x76, 0xb0, 0x7, 0xa1, 0x40, 0x3f,
    0x9, 0x10, 0x10, 0x3, 0xcf, 0x5f, 0x6e, 0xcc,
    0x80, 0x10, 0x70, 0x1, 0x0, 0x70, 0x90, 0x1,
    0x22, 0x64, 0x41, 0x20, 0x60, 0x1f, 0x87, 0x70,
    0x80, 0x31, 0xcb, 0x81, 0x80, 0x14, 0x3, 0xe3,
    0x60, 0x4f, 0xf6, 0x30, 0x1, 0x0, 0x15, 0x26,
    0x20, 0x2, 0x5b, 0x40, 0xc0, 0xf, 0xd, 0x0,
    0x1b, 0x3b, 0xfd, 0xb4, 0x80, 0xae, 0x1, 0xf2,
    0xe2, 0x0, 0x7c, 0x97, 0x40, 0x1f, 0xc7, 0x7d,
    0x95, 0x4b, 0xdf, 0xb4, 0x0, 0xff, 0xe0, 0x9,
    0xaa, 0x90, 0x80, 0x3f, 0xf8, 0x8e, 0x40, 0xc8,
    0x1, 0xff, 0xc3, 0x88, 0x7a, 0x4d, 0x80, 0x7f,
    0xf0, 0xf0, 0x11, 0x85, 0x0, 0x3f, 0xe0,

    /* U+FC45 "ﱅ" */
    0x2c, 0xff, 0x75, 0xa8, 0x7, 0xff, 0x18, 0x4c,
    0x0, 0x29, 0x5d, 0x28, 0x20, 0x1f, 0x8d, 0x48,
    0x2, 0x36, 0x99, 0x42, 0x88, 0x9a, 0xfb, 0xc0,
    0x38, 0x6f, 0x2b, 0x68, 0x2, 0x96, 0x63, 0xd6,
    0x20, 0x6, 0x10, 0xd, 0x48, 0x1, 0x2c, 0x0,
    0x71, 0x5e, 0xa0, 0x0, 0x9c, 0x3, 0x2a, 0x4,
    0xfa, 0x83, 0x80, 0x67, 0xd4, 0x6, 0x90, 0x18,
    0x10, 0xa, 0xc1, 0x18, 0x2c, 0x0, 0x60, 0xa,
    0x80, 0x5e, 0x96, 0x3, 0xc6, 0x44, 0x60, 0x83,
    0x3a, 0x30, 0x0, 0x41, 0xd4, 0x22, 0x84, 0x1,
    0x0, 0x73, 0x76, 0x30, 0x1, 0x45, 0xc0, 0x19,
    0xc, 0x3, 0x38, 0x6, 0x7a, 0x41, 0x0, 0x14,
    0x73, 0x90, 0x1, 0x74, 0x1c, 0x1, 0x0, 0x3,
    0xea, 0x5, 0xbe, 0xff, 0x6b, 0x8c, 0x6f, 0xfa,
    0x84, 0x30, 0x10, 0x40, 0x16, 0x2a, 0x1, 0xff,
    0xc4, 0x10, 0x10, 0xa, 0x5e, 0xc0, 0x3f, 0xf8,
    0x82, 0xe, 0x1, 0xc, 0x20, 0x7, 0xff, 0x13,
    0x0, 0x98, 0x3, 0xff, 0x92, 0xc2, 0x13, 0x48,
    0x20, 0x3, 0x6b, 0x10, 0xf, 0xfe, 0xe, 0x88,
    0x2d, 0xf7, 0xfb, 0x25, 0x18, 0x3, 0xff, 0x82,
    0x7e, 0xc0, 0x1f, 0x2a, 0x0, 0x7f, 0xf0, 0x86,
    0x7f, 0x2a, 0xad, 0xfa, 0x30, 0xf, 0xfe, 0x0,

    /* U+FC46 "ﱆ" */
    0x2, 0x55, 0x20, 0x80, 0x7f, 0xf1, 0xd3, 0x6a,
    0x97, 0xd8, 0xc2, 0x1, 0xff, 0xc4, 0x60, 0xe,
    0x39, 0xeb, 0x87, 0x0, 0xf2, 0xef, 0xe1, 0x80,
    0xb, 0x3f, 0xdd, 0x90, 0x60, 0x8f, 0x0, 0x1c,
    0xb4, 0x40, 0x78, 0x60, 0x3, 0x0, 0xb, 0xe1,
    0x80, 0x61, 0x0, 0xd6, 0x7, 0x22, 0x1e, 0x1,
    0x86, 0xec, 0x80, 0x40, 0xbe, 0x20, 0x13, 0x88,
    0x6b, 0x50, 0x19, 0x0, 0xf, 0xd0, 0x1b, 0x78,
    0x10, 0x40, 0x21, 0x80, 0x71, 0x4, 0x0, 0x8,
    0x16, 0x8, 0xb2, 0x48, 0xc4, 0x58, 0xe8, 0x8d,
    0x0, 0x34, 0x24, 0x0, 0x8, 0x38, 0x7, 0xc,
    0x2, 0xb0, 0x28, 0xbb, 0x18, 0x0, 0x5e, 0xdc,
    0x14, 0x4c, 0xc1, 0x64, 0x1, 0x96, 0xd0, 0x40,
    0x5, 0x3d, 0x6, 0x0, 0x6a, 0xb, 0x2, 0x50,
    0xf, 0x25, 0xf7, 0xfb, 0x58, 0x5f, 0x3f, 0xd2,
    0x0, 0x20, 0x70, 0xf, 0xfe, 0x50, 0x80, 0x80,
    0x7f, 0xf2, 0x88, 0x10, 0x3, 0xff, 0x95, 0xa0,
    0xb, 0x10, 0xf, 0x8, 0x7, 0xff, 0x5, 0x14,
    0x13, 0xa9, 0xd9, 0x91, 0x9c, 0x60, 0x1f, 0xfc,
    0x1a, 0x60, 0x2, 0xc4, 0xc9, 0xcc, 0x2c, 0x3,
    0xff, 0x85, 0x38, 0xc4, 0x1, 0x1b, 0x5c, 0x0,
    0x7f, 0xf0, 0x0,

    /* U+FC47 "ﱇ" */
    0x0, 0xe7, 0xf6, 0x0, 0xff, 0xe5, 0x58, 0x68,
    0x7, 0xff, 0x2b, 0xda, 0x40, 0x3f, 0xf9, 0x47,
    0x24, 0x1, 0xff, 0xc6, 0x25, 0x52, 0x8, 0x7,
    0xff, 0x1d, 0x36, 0xa9, 0x7d, 0x8c, 0x20, 0x1f,
    0xfc, 0x46, 0x0, 0xe3, 0x9e, 0xb8, 0x70, 0xf,
    0x2e, 0xfe, 0x18, 0x0, 0xb3, 0xfd, 0xd9, 0x6,
    0x8, 0xf0, 0x1, 0xcb, 0x44, 0x7, 0x86, 0x0,
    0x30, 0x0, 0xbe, 0x18, 0x6, 0x10, 0xd, 0x60,
    0x72, 0x21, 0xe0, 0x18, 0x6e, 0xc8, 0x4, 0xb,
    0xe2, 0x1, 0x38, 0x86, 0xb5, 0x1, 0x90, 0x0,
    0xfd, 0x1, 0xb7, 0x81, 0x4, 0x2, 0x18, 0x7,
    0x10, 0x40, 0x0, 0x81, 0x60, 0x8b, 0x24, 0x8c,
    0x45, 0x8e, 0x88, 0xd0, 0x3, 0x42, 0x40, 0x0,
    0x83, 0x80, 0x70, 0xc0, 0x2b, 0x2, 0x8b, 0xb1,
    0x80, 0x5, 0xed, 0xc1, 0x44, 0xcc, 0x16, 0x40,
    0x19, 0x6d, 0x4, 0x0, 0x53, 0xd0, 0x60, 0x6,
    0xa0, 0xb0, 0x25, 0x0, 0xf2, 0x5f, 0x7f, 0xb5,
    0x85, 0xf3, 0xfd, 0x20, 0x2, 0x7, 0x0, 0xff,
    0xe5, 0x8, 0x8, 0x7, 0xff, 0x28, 0x81, 0x0,
    0x3f, 0xf9, 0x5a, 0x0, 0xb1, 0x0, 0xf0, 0x80,
    0x7f, 0xf0, 0x51, 0x41, 0x3a, 0x9d, 0x99, 0x19,
    0xc6, 0x1, 0xff, 0xc1, 0xa6, 0x0, 0x2c, 0x4c,
    0x9c, 0xc2, 0xc0, 0x3f, 0xf8, 0x53, 0x8c, 0x40,
    0x11, 0xb5, 0xc0, 0x7, 0xff, 0x0,

    /* U+FC48 "ﱈ" */
    0x0, 0xf1, 0xa8, 0x80, 0x7e, 0x15, 0x40, 0xf,
    0x97, 0x72, 0xbc, 0x40, 0x3c, 0x9d, 0x57, 0x82,
    0x1, 0xaa, 0x84, 0x0, 0x18, 0x0, 0xe2, 0xb0,
    0x8, 0xf4, 0x2, 0xb5, 0x3, 0xdb, 0x6, 0x10,
    0xd, 0x20, 0x5d, 0x20, 0x68, 0xe, 0x80, 0x38,
    0x48, 0x60, 0xe0, 0x11, 0x20, 0x48, 0xb1, 0x6,
    0xc, 0x0, 0x5, 0x80, 0x14, 0x16, 0x1, 0x48,
    0x12, 0x0, 0x1c, 0x5, 0xc0, 0x4, 0x13, 0x49,
    0xe0, 0x56, 0x90, 0x80, 0x56, 0xaa, 0x40, 0xef,
    0x2, 0xd3, 0x5, 0xb6, 0x0, 0x25, 0xb8, 0x8,
    0x25, 0x50, 0x44, 0xc4, 0xe, 0x19, 0x24, 0x3,
    0x30, 0x20, 0x2d, 0xd4, 0x82, 0x7, 0xa2, 0x1,
    0xcd, 0xbf, 0xcc, 0xfd, 0xfd, 0x20, 0xb7, 0xdf,
    0x86, 0x4, 0x2, 0x1, 0xff, 0xc8, 0xe0, 0x50,
    0xf, 0xfe, 0x41, 0x0, 0x88, 0x3, 0xff, 0x8e,
    0xe0, 0x5, 0x0, 0xff, 0xe3, 0x90, 0x86, 0x0,
    0x7f, 0xf2, 0x10, 0x10, 0x3, 0xff, 0x91, 0x37,
    0x80, 0x1f, 0xfc, 0x70,

    /* U+FC49 "ﱉ" */
    0x0, 0xff, 0xe3, 0x8d, 0x7f, 0x40, 0x7, 0xff,
    0x27, 0x14, 0x5, 0xe4, 0x3, 0xff, 0x8f, 0x4,
    0x10, 0x80, 0xc6, 0x4, 0x20, 0x1f, 0xfc, 0x21,
    0x70, 0x87, 0xb2, 0xb, 0xf, 0xe5, 0x0, 0xf3,
    0xa0, 0x7, 0x40, 0xb, 0x80, 0x10, 0x8, 0xa0,
    0x60, 0xf, 0x4d, 0xf4, 0xb2, 0x43, 0x0, 0xd2,
    0xa9, 0xc0, 0x9c, 0x0, 0x60, 0x1c, 0x20, 0x1,
    0x69, 0xb7, 0x0, 0x96, 0xa8, 0x21, 0x46, 0x1,
    0xf8, 0x7a, 0xc4, 0x3, 0x2f, 0x5a, 0x8, 0x1e,
    0x11, 0x80, 0x14, 0x3, 0xe4, 0x40, 0x27, 0xfa,
    0x85, 0x2f, 0xbf, 0xc, 0x10, 0x1, 0x52, 0x62,
    0x0, 0x25, 0xb5, 0xc, 0x0, 0xff, 0x86, 0x80,
    0xd, 0x9d, 0xfe, 0xda, 0x40, 0x57, 0x0, 0xff,
    0xe0, 0x2e, 0x20, 0x7, 0xc9, 0x74, 0x1, 0xff,
    0xc2, 0x3b, 0xec, 0xaa, 0x5e, 0xfd, 0xa0, 0x7,
    0xff, 0x4,

    /* U+FC4A "ﱊ" */
    0x0, 0xff, 0xe3, 0x8d, 0x7f, 0x40, 0x7, 0xff,
    0x27, 0x14, 0x5, 0xe4, 0x3, 0xff, 0x8f, 0x4,
    0x10, 0x80, 0xc6, 0x4, 0x20, 0x1f, 0xfc, 0x21,
    0x70, 0x87, 0xb2, 0xb, 0xf, 0xe5, 0x0, 0xf3,
    0xa0, 0x7, 0x40, 0xb, 0x80, 0x10, 0x8, 0xa0,
    0x60, 0xf, 0x4d, 0xf4, 0xb2, 0x43, 0x0, 0xd2,
    0xa9, 0xc0, 0x9c, 0x0, 0x60, 0x1c, 0x20, 0x1,
    0x69, 0xb7, 0x0, 0x96, 0xa8, 0x21, 0x46, 0x1,
    0xf8, 0x7a, 0xc4, 0x3, 0x2f, 0x5a, 0x8, 0x1e,
    0x11, 0x80, 0x14, 0x3, 0xe4, 0x40, 0x27, 0xfa,
    0x85, 0x2f, 0xbf, 0xc, 0x10, 0x1, 0x52, 0x62,
    0x0, 0x25, 0xb5, 0xc, 0x0, 0xff, 0x86, 0x80,
    0xd, 0x9d, 0xfe, 0xda, 0x40, 0x57, 0x0, 0xff,
    0xe0, 0x2e, 0x20, 0x7, 0xc9, 0x74, 0x1, 0xff,
    0xc2, 0x3b, 0xec, 0xaa, 0x5e, 0xfd, 0xa0, 0x7,
    0xff, 0x14, 0x4d, 0x54, 0x84, 0x1, 0xff, 0xc9,
    0x72, 0x6, 0x40, 0xf, 0xfe, 0x44, 0x43, 0xd2,
    0x6c, 0x3, 0xff, 0x91, 0x80, 0x8c, 0x28, 0x1,
    0xff, 0xc4,

    /* U+FC4B "ﱋ" */
    0x0, 0xff, 0xe1, 0x97, 0x60, 0x7, 0xff, 0x15,
    0x4, 0xc4, 0x3, 0xff, 0x88, 0xcf, 0x42, 0x1,
    0xff, 0xc5, 0x85, 0x0, 0x1e, 0x7f, 0xba, 0xd4,
    0x3, 0xfc, 0xa2, 0x0, 0x30, 0x0, 0xa5, 0x74,
    0xa0, 0x80, 0x62, 0xfa, 0x70, 0x36, 0x99, 0x42,
    0x88, 0x9a, 0xfb, 0xc0, 0x22, 0x20, 0x60, 0x2,
    0x59, 0x8f, 0x58, 0x60, 0x18, 0x40, 0x25, 0x4,
    0x0, 0xe3, 0xbd, 0x30, 0x1, 0x38, 0x6, 0xd0,
    0x10, 0xd, 0x18, 0x80, 0xd2, 0x0, 0x81, 0x0,
    0x84, 0x3, 0xa9, 0xc1, 0x7a, 0x58, 0xb, 0x61,
    0x98, 0xf2, 0x2, 0x0, 0x75, 0x8, 0xa1, 0x0,
    0x40, 0x13, 0xcc, 0xa0, 0x82, 0x0, 0x60, 0x19,
    0xc0, 0x33, 0xd2, 0x8, 0x0, 0x52, 0x98, 0x1c,
    0x1, 0x0, 0x3, 0xea, 0x5, 0xbe, 0xff, 0x75,
    0xa8, 0x3, 0x1, 0x4, 0x1, 0x62, 0xa0, 0x1f,
    0xf0, 0x80, 0x80, 0x52, 0xf6, 0x1, 0xff, 0x8,
    0x38, 0x4, 0x30, 0x80, 0x1f, 0xf6, 0x1, 0x30,
    0x7, 0xff, 0x11, 0x84, 0x26, 0x90, 0x40, 0x6,
    0xd6, 0x20, 0x1f, 0xb4, 0x41, 0x6f, 0xbf, 0xd9,
    0x28, 0xc0, 0x1f, 0x8f, 0xd8, 0x3, 0xe5, 0x40,
    0xf, 0xe1, 0x9f, 0xca, 0xab, 0x7e, 0x8c, 0x3,
    0xe0,

    /* U+FC4C "ﱌ" */
    0x0, 0xff, 0xe2, 0x42, 0x80, 0x7f, 0xf1, 0x59,
    0xe8, 0x40, 0x3f, 0xf8, 0x88, 0x26, 0x20, 0x1f,
    0xfc, 0x42, 0xec, 0x0, 0x89, 0x54, 0x82, 0x1,
    0xff, 0xc2, 0x4d, 0xaa, 0x5f, 0x63, 0x8, 0x7,
    0x85, 0xf0, 0x81, 0x80, 0x38, 0xe7, 0xae, 0x1c,
    0x3, 0x41, 0xa8, 0x16, 0x7f, 0xba, 0xdc, 0x81,
    0x1e, 0x0, 0x21, 0x40, 0xc0, 0x1, 0x80, 0x5,
    0x84, 0xc0, 0x30, 0x80, 0x58, 0xa, 0x1, 0x86,
    0x75, 0x84, 0x81, 0x7c, 0x40, 0x23, 0x1, 0x0,
    0x8b, 0xd8, 0x1b, 0x78, 0x10, 0x40, 0x3f, 0x87,
    0x4, 0x59, 0x24, 0x62, 0x2f, 0x86, 0x63, 0xc8,
    0x10, 0x2, 0x84, 0x58, 0x60, 0x15, 0x80, 0xbc,
    0xca, 0x8, 0x20, 0xd, 0x2, 0xc8, 0x3, 0x2d,
    0xa0, 0x80, 0x5, 0x2d, 0x42, 0xc0, 0x94, 0x3,
    0xc9, 0x7d, 0xfe, 0xeb, 0x40, 0x1, 0x3, 0x80,
    0x7f, 0xf1, 0x44, 0x4, 0x3, 0xff, 0x8a, 0x40,
    0x80, 0x1f, 0xfc, 0x5d, 0x0, 0x58, 0x80, 0x78,
    0x40, 0x3f, 0x22, 0x82, 0x75, 0x3b, 0x32, 0x33,
    0x8c, 0x3, 0xf5, 0x28, 0x1, 0x62, 0x64, 0xe6,
    0x16, 0x1, 0xfd, 0x58, 0xc4, 0x1, 0x1b, 0x5c,
    0x0, 0x7c,

    /* U+FC4D "ﱍ" */
    0x0, 0xe7, 0xf6, 0x0, 0xfd, 0xa, 0x1, 0xf5,
    0x86, 0x80, 0x7c, 0xcf, 0x42, 0x1, 0xef, 0x69,
    0x0, 0xf9, 0x4, 0xc4, 0x3, 0xc7, 0x24, 0x1,
    0xf1, 0x76, 0x0, 0x44, 0xaa, 0x41, 0x0, 0xff,
    0xe1, 0x26, 0xd5, 0x2f, 0xb1, 0x84, 0x3, 0xc2,
    0xf8, 0x40, 0xc0, 0x1c, 0x73, 0xd7, 0xe, 0x1,
    0xa0, 0xd4, 0xb, 0x3f, 0xdd, 0x6e, 0x40, 0x8f,
    0x0, 0x10, 0xa0, 0x60, 0x0, 0xc0, 0x2, 0xc2,
    0x60, 0x18, 0x40, 0x2c, 0x5, 0x0, 0xc3, 0x3a,
    0xc2, 0x40, 0xbe, 0x20, 0x11, 0x80, 0x80, 0x45,
    0xec, 0xd, 0xbc, 0x8, 0x20, 0x1f, 0xc3, 0x82,
    0x2c, 0x92, 0x31, 0x17, 0xc3, 0x31, 0xe4, 0x8,
    0x1, 0x42, 0x2c, 0x30, 0xa, 0xc0, 0x5e, 0x65,
    0x4, 0x10, 0x6, 0x81, 0x64, 0x1, 0x96, 0xd0,
    0x40, 0x2, 0x96, 0xa1, 0x60, 0x4a, 0x1, 0xe4,
    0xbe, 0xff, 0x75, 0xa0, 0x0, 0x81, 0xc0, 0x3f,
    0xf8, 0xa2, 0x2, 0x1, 0xff, 0xc5, 0x20, 0x40,
    0xf, 0xfe, 0x2e, 0x80, 0x2c, 0x40, 0x3c, 0x20,
    0x1f, 0x91, 0x41, 0x3a, 0x9d, 0x99, 0x19, 0xc6,
    0x1, 0xfa, 0x94, 0x0, 0xb1, 0x32, 0x73, 0xb,
    0x0, 0xfe, 0xac, 0x62, 0x0, 0x8d, 0xae, 0x0,
    0x3e,

    /* U+FC4E "ﱎ" */
    0x0, 0xff, 0xe1, 0x24, 0x0, 0x7f, 0xf1, 0x2d,
    0xdc, 0x1, 0xff, 0xc3, 0x41, 0x40, 0xf, 0xfe,
    0x1d, 0xf1, 0x80, 0x7f, 0xf1, 0x4, 0x80, 0x3e,
    0x46, 0x20, 0xe, 0xae, 0x80, 0xe, 0x6e, 0xb9,
    0xd2, 0x0, 0xc4, 0xa, 0x1, 0xae, 0x44, 0x2,
    0x80, 0xd, 0x80, 0x2, 0x0, 0x5a, 0x1, 0xed,
    0x82, 0x88, 0x4, 0x80, 0x7, 0x8, 0x40, 0x1c,
    0x24, 0x30, 0x60, 0xc, 0x20, 0x42, 0xe0, 0x1,
    0x70, 0x5, 0x4, 0x80, 0x78, 0x5c, 0x0, 0x61,
    0x16, 0xd8, 0x3, 0x8c, 0xca, 0x10, 0x5c, 0x2,
    0xc4, 0x4, 0x95, 0x0, 0x1c, 0xc9, 0x41, 0xc,
    0x41, 0xc2, 0xe4, 0xc0, 0x6a, 0x4, 0x0, 0x71,
    0x60, 0x1e, 0x6c, 0xfe, 0x57, 0xef, 0xf6, 0x38,
    0x0, 0x80, 0x40, 0x3f, 0xf8, 0x7c, 0xa, 0x1,
    0xff, 0xc3, 0x30, 0x11, 0x0, 0x7f, 0xf0, 0x94,
    0x0, 0xa0, 0x1f, 0xfc, 0x21, 0x10, 0x60, 0x7,
    0xff, 0xd, 0x1, 0x0, 0x3f, 0xf8, 0x73, 0x78,
    0x1, 0xff, 0xc2,

    /* U+FC4F "ﱏ" */
    0x0, 0xff, 0xe2, 0xa4, 0x8, 0x7, 0xff, 0x1a,
    0xde, 0x40, 0x3f, 0xf8, 0xca, 0x18, 0x1, 0xff,
    0xc6, 0xaf, 0x40, 0xf, 0xfe, 0xdb, 0xed, 0x0,
    0x7f, 0xf1, 0xb8, 0x94, 0x3, 0xff, 0x8d, 0xa0,
    0x2, 0x0, 0xff, 0xe2, 0xa0, 0x1, 0x0, 0xc4,
    0x3, 0xff, 0x86, 0x40, 0x21, 0xdc, 0x60, 0xf,
    0x42, 0x80, 0x7f, 0x11, 0x1, 0x0, 0x3c, 0xf5,
    0xf6, 0xec, 0xca, 0x20, 0x37, 0x0, 0x10, 0x7,
    0x9, 0x0, 0x12, 0x26, 0x4a, 0x6, 0x86, 0x1,
    0xf8, 0x77, 0x8, 0x3, 0x14, 0x60, 0x18, 0x1,
    0x40, 0x3e, 0x36, 0x4, 0xff, 0x6b, 0x80, 0x10,
    0x1, 0x52, 0x62, 0x0, 0x25, 0xb4, 0xc, 0x0,
    0xf0, 0xd0, 0x1, 0xb3, 0xbf, 0xdb, 0x48, 0xa,
    0xe0, 0x1f, 0x2e, 0x20, 0x7, 0xc9, 0x74, 0x1,
    0xfc, 0x77, 0xd9, 0x54, 0xbd, 0xfb, 0x40, 0xf,
    0xc0,

    /* U+FC50 "ﱐ" */
    0x0, 0xff, 0xe2, 0xa4, 0x8, 0x7, 0xff, 0x1a,
    0xde, 0x40, 0x3f, 0xf8, 0xca, 0x18, 0x1, 0xff,
    0xc6, 0xaf, 0x40, 0xf, 0xfe, 0xdb, 0xed, 0x0,
    0x7f, 0xf1, 0xb8, 0x94, 0x3, 0xff, 0x8d, 0xa0,
    0x2, 0x0, 0xff, 0xe2, 0xa0, 0x1, 0x0, 0xc4,
    0x3, 0xff, 0x86, 0x40, 0x21, 0xdc, 0x60, 0xf,
    0x42, 0x80, 0x7f, 0x11, 0x1, 0x0, 0x3c, 0xf5,
    0xf6, 0xec, 0xca, 0x20, 0x37, 0x0, 0x10, 0x7,
    0x9, 0x0, 0x12, 0x26, 0x4a, 0x6, 0x86, 0x1,
    0xf8, 0x77, 0x8, 0x3, 0x14, 0x60, 0x18, 0x1,
    0x40, 0x3e, 0x36, 0x4, 0xff, 0x6b, 0x80, 0x10,
    0x1, 0x52, 0x62, 0x0, 0x25, 0xb4, 0xc, 0x0,
    0xf0, 0xd0, 0x1, 0xb3, 0xbf, 0xdb, 0x48, 0xa,
    0xe0, 0x1f, 0x2e, 0x20, 0x7, 0xc9, 0x74, 0x1,
    0xfc, 0x77, 0xd9, 0x54, 0xbd, 0xfb, 0x40, 0xf,
    0xfe, 0x0, 0x9a, 0xa9, 0x8, 0x3, 0xff, 0x88,
    0xe4, 0xc, 0x80, 0x1f, 0xfc, 0x38, 0x87, 0xa4,
    0xd8, 0x7, 0xff, 0xf, 0x1, 0x18, 0x50, 0x3,
    0xfe,

    /* U+FC51 "ﱑ" */
    0x0, 0xff, 0xe3, 0x8, 0x7, 0xff, 0x32, 0x3d,
    0x40, 0x3c, 0x79, 0xfe, 0xeb, 0x50, 0xf, 0xe1,
    0x61, 0xa9, 0x0, 0xf1, 0x80, 0x5, 0x2b, 0xa5,
    0x4, 0x3, 0x88, 0x80, 0x6, 0xd2, 0x0, 0x8d,
    0x62, 0x61, 0x44, 0x4d, 0x7d, 0xe0, 0x10, 0xe9,
    0x90, 0x81, 0x61, 0x80, 0x54, 0xec, 0xf5, 0x88,
    0x1, 0x84, 0x0, 0xe2, 0x7b, 0xa0, 0x0, 0xe1,
    0x80, 0x71, 0x5e, 0xa0, 0x0, 0x9c, 0x3, 0xf8,
    0x5c, 0x34, 0x40, 0x27, 0xd4, 0x6, 0x90, 0x4,
    0x8, 0x1, 0x0, 0xe3, 0x81, 0x20, 0x85, 0x80,
    0x15, 0x0, 0xbd, 0x2c, 0x5, 0xd2, 0xee, 0x51,
    0x7, 0x20, 0x37, 0x20, 0xf0, 0x75, 0x8, 0xa1,
    0x0, 0x40, 0xb, 0x44, 0x42, 0x1, 0x9a, 0x0,
    0x18, 0x30, 0xc, 0xe0, 0x19, 0xe9, 0x4, 0x0,
    0x26, 0xf6, 0xc4, 0x0, 0x2a, 0x47, 0x0, 0x40,
    0x0, 0xfa, 0x81, 0x6f, 0xbf, 0xdd, 0x90, 0x93,
    0xbf, 0xed, 0x50, 0xc0, 0x41, 0x0, 0x58, 0xa8,
    0x7, 0xff, 0x14, 0x40, 0x40, 0x29, 0x7b, 0x0,
    0xff, 0xe2, 0x88, 0x38, 0x4, 0x30, 0x80, 0x1f,
    0xfc, 0x5c, 0x2, 0x60, 0xf, 0xfe, 0x53, 0x8,
    0x4d, 0x20, 0x80, 0xd, 0xac, 0x40, 0x3f, 0xf8,
    0x5a, 0x20, 0xb7, 0xdf, 0xec, 0x94, 0x60, 0xf,
    0xfe, 0x11, 0xfb, 0x0, 0x7c, 0xa8, 0x1, 0xff,
    0xc3, 0x19, 0xfc, 0xaa, 0xb7, 0xe8, 0xc0, 0x3f,
    0xf8, 0x20,

    /* U+FC52 "ﱒ" */
    0x0, 0xff, 0xe2, 0x59, 0x80, 0x7f, 0xf2, 0x65,
    0x31, 0xc0, 0x3f, 0xf9, 0x1e, 0x0, 0x8a, 0x0,
    0xfc, 0x31, 0xbf, 0x60, 0x1c, 0xb2, 0x1, 0x2e,
    0x8, 0x7, 0x2f, 0xb9, 0x2, 0x40, 0x6, 0xb0,
    0x9e, 0x10, 0x3c, 0x10, 0x9, 0xa8, 0x41, 0x94,
    0x18, 0x3, 0x8, 0x38, 0xa8, 0x0, 0xb0, 0x0,
    0x92, 0x3, 0xb3, 0x44, 0x2c, 0x1, 0xc8, 0x8,
    0x14, 0x25, 0x1, 0x20, 0x1, 0x40, 0x5, 0x5,
    0x80, 0x4a, 0x17, 0x80, 0x2b, 0x0, 0xc8, 0x40,
    0x61, 0x36, 0xf8, 0x5, 0x8e, 0xe0, 0x0, 0x98,
    0x2b, 0xd0, 0x3, 0x40, 0xb1, 0x1, 0x21, 0x0,
    0x7, 0x10, 0x50, 0xc, 0x90, 0x60, 0xe4, 0xe,
    0x17, 0x26, 0x3, 0x52, 0x20, 0x2, 0x6a, 0x94,
    0x10, 0x17, 0x90, 0xe, 0x6c, 0xfe, 0x56, 0xef,
    0xf6, 0xca, 0xb5, 0xf7, 0xf4, 0x0, 0x80, 0x80,
    0x7f, 0xf2, 0x48, 0x14, 0x3, 0xff, 0x93, 0xa0,
    0x20, 0x1f, 0xfc, 0x97, 0x0, 0x20, 0x7, 0xff,
    0x20, 0x80, 0x6, 0x1, 0xff, 0xc9, 0x40, 0xc0,
    0xf, 0xfe, 0x4f, 0x44, 0x0, 0x3f, 0xf9, 0x0,

    /* U+FC53 "ﱓ" */
    0x0, 0xff, 0xe3, 0xd9, 0x80, 0x7f, 0xf3, 0x25,
    0x31, 0xc0, 0x3f, 0xf9, 0x7e, 0x0, 0x8a, 0x0,
    0xff, 0xe4, 0xac, 0x80, 0x4b, 0xa2, 0x1, 0xff,
    0xc7, 0x80, 0x8e, 0x10, 0x2f, 0x20, 0xf, 0xfe,
    0x31, 0x3, 0xa, 0x0, 0x7, 0xc0, 0x8, 0x40,
    0x1f, 0xfc, 0x44, 0x4, 0xa, 0x22, 0x48, 0x56,
    0xb0, 0x7, 0xa5, 0x84, 0x3, 0x28, 0x5d, 0x84,
    0x4b, 0x60, 0xe6, 0x20, 0x80, 0x1e, 0x69, 0xec,
    0x87, 0x71, 0x80, 0xa0, 0x2b, 0x50, 0xb, 0x0,
    0x8, 0x3, 0x84, 0xc0, 0x6, 0xf1, 0x6, 0x0,
    0xc9, 0x26, 0xa, 0x60, 0x1f, 0x87, 0x34, 0x80,
    0x31, 0x35, 0x4a, 0x8, 0xb, 0x51, 0x80, 0x18,
    0x3, 0xe2, 0x60, 0x4f, 0xf6, 0xca, 0xb5, 0xf7,
    0xf4, 0x82, 0x80, 0x26, 0x46, 0x20, 0x2, 0x5c,
    0x40, 0xc0, 0xf, 0xfe, 0xd, 0x0, 0x1b, 0x3b,
    0xfd, 0xb4, 0x60, 0xae, 0x1, 0xff, 0xc1, 0x5c,
    0x40, 0xf, 0x92, 0xe8, 0x3, 0xff, 0x86, 0x77,
    0xf9, 0x54, 0xbd, 0xfb, 0x40, 0xf, 0xfe, 0x10,

    /* U+FC54 "ﱔ" */
    0x0, 0xff, 0xe3, 0xd9, 0x80, 0x7f, 0xf3, 0x25,
    0x31, 0xc0, 0x3f, 0xf9, 0x7e, 0x0, 0x8a, 0x0,
    0xff, 0xe4, 0xac, 0x80, 0x4b, 0xa2, 0x1, 0xff,
    0xc7, 0x80, 0x8e, 0x10, 0x2f, 0x20, 0xf, 0xfe,
    0x31, 0x3, 0xa, 0x0, 0x7, 0xc0, 0x8, 0x40,
    0x1f, 0xfc, 0x44, 0x4, 0xa, 0x22, 0x48, 0x56,
    0xb0, 0x7, 0xa5, 0x84, 0x3, 0x28, 0x5d, 0x84,
    0x4b, 0x60, 0xe6, 0x20, 0x80, 0x1e, 0x69, 0xec,
    0x87, 0x71, 0x80, 0xa0, 0x2b, 0x50, 0xb, 0x0,
    0x8, 0x3, 0x84, 0xc0, 0x6, 0xf1, 0x6, 0x0,
    0xc9, 0x26, 0xa, 0x60, 0x1f, 0x87, 0x34, 0x80,
    0x31, 0x35, 0x4a, 0x8, 0xb, 0x51, 0x80, 0x18,
    0x3, 0xe2, 0x60, 0x4f, 0xf6, 0xca, 0xb5, 0xf7,
    0xf4, 0x82, 0x80, 0x26, 0x46, 0x20, 0x2, 0x5c,
    0x40, 0xc0, 0xf, 0xfe, 0xd, 0x0, 0x1b, 0x3b,
    0xfd, 0xb4, 0x60, 0xae, 0x1, 0xff, 0xc1, 0x5c,
    0x40, 0xf, 0x92, 0xe8, 0x3, 0xff, 0x86, 0x77,
    0xf9, 0x54, 0xbd, 0xfb, 0x40, 0xf, 0xfe, 0x39,
    0xaa, 0x90, 0x80, 0x3f, 0xf9, 0x4e, 0x40, 0xc8,
    0x1, 0xff, 0xc9, 0x88, 0x7a, 0x4d, 0x80, 0x7f,
    0xf2, 0x70, 0x11, 0x85, 0x0, 0x3f, 0xf8, 0xa0,

    /* U+FC55 "ﱕ" */
    0x3c, 0xff, 0x75, 0xa8, 0x7, 0xf8, 0x90, 0x0,
    0x60, 0x1, 0x4a, 0xe9, 0x41, 0x0, 0xe9, 0xda,
    0x3, 0x69, 0x94, 0x28, 0x89, 0xaf, 0xbc, 0x3,
    0x68, 0x9, 0x84, 0xb3, 0x1e, 0xb0, 0xc0, 0x30,
    0x80, 0x48, 0x0, 0x40, 0xc, 0x77, 0xa6, 0x0,
    0x27, 0x0, 0xe3, 0xe, 0x0, 0xa3, 0x10, 0x1a,
    0x40, 0x10, 0x20, 0x19, 0xc0, 0x35, 0x38, 0x2f,
    0x4b, 0x1, 0x6c, 0x33, 0x52, 0x81, 0xc0, 0xea,
    0x11, 0x42, 0x0, 0x80, 0x27, 0x99, 0x98, 0x5,
    0x86, 0x1, 0x9c, 0x3, 0x3d, 0x20, 0x80, 0x46,
    0xfe, 0x2e, 0x0, 0x80, 0x1, 0xf5, 0x2, 0xdf,
    0x7f, 0xd9, 0x2, 0x18, 0x8, 0x20, 0xb, 0x15,
    0x0, 0xff, 0x84, 0x4, 0x2, 0x97, 0xb0, 0xe,
    0x27, 0x1, 0x72, 0x10, 0x70, 0x8, 0x61, 0x0,
    0x3b, 0xa2, 0x34, 0xe0, 0x13, 0x0, 0x7f, 0x90,
    0x33, 0xc3, 0x18, 0x42, 0x69, 0x4, 0x0, 0x4b,
    0x42, 0x11, 0xe8, 0xde, 0xe1, 0xa2, 0xb, 0x7d,
    0xfe, 0xda, 0x56, 0x0, 0xfc, 0x7e, 0xc0, 0x1f,
    0x2a, 0x0, 0x7f, 0xc, 0xfe, 0x55, 0x5b, 0xf4,
    0x60, 0x1f, 0x0,

    /* U+FC56 "ﱖ" */
    0x2, 0x55, 0x20, 0x80, 0x7f, 0xf0, 0x93, 0x6a,
    0x97, 0xd8, 0xc2, 0x1, 0xf2, 0x4d, 0x3, 0x0,
    0x71, 0xcf, 0x5c, 0x38, 0x6, 0xc6, 0x50, 0x2c,
    0xff, 0x75, 0xb9, 0x2, 0x3c, 0x0, 0x6b, 0x0,
    0x20, 0x18, 0x0, 0x58, 0x4c, 0x3, 0x8, 0x4,
    0x62, 0x6, 0x1, 0xc, 0xeb, 0x9, 0x2, 0xf8,
    0x80, 0x65, 0xe, 0x0, 0x17, 0xb0, 0x36, 0xf0,
    0x20, 0x80, 0x73, 0x80, 0x43, 0x82, 0x2c, 0x92,
    0x31, 0x17, 0xc3, 0x35, 0x26, 0x1e, 0x14, 0x22,
    0xc3, 0x0, 0xac, 0x5, 0xe6, 0x66, 0x2, 0x63,
    0x40, 0xb2, 0x0, 0xcb, 0x68, 0x20, 0x11, 0xbe,
    0x5, 0x81, 0x28, 0x7, 0x92, 0xfb, 0xfe, 0xc8,
    0x10, 0x20, 0x70, 0xf, 0xfe, 0x28, 0x80, 0x80,
    0x7f, 0xd1, 0xe8, 0xbe, 0xe4, 0x8, 0x1, 0xff,
    0x20, 0x66, 0x3, 0x34, 0x1, 0x62, 0x1, 0xe1,
    0x0, 0x74, 0x46, 0x94, 0x50, 0x4e, 0xa7, 0x66,
    0x46, 0x71, 0x81, 0x38, 0xb, 0x90, 0x52, 0x80,
    0x16, 0x26, 0x4e, 0x61, 0x60, 0x1f, 0xd5, 0x8c,
    0x40, 0x11, 0xb5, 0xc0, 0x7, 0xc0,

    /* U+FC57 "ﱗ" */
    0x0, 0xe7, 0xf6, 0x0, 0xff, 0xe2, 0xd8, 0x68,
    0x7, 0xff, 0x17, 0xda, 0x40, 0x3f, 0xf8, 0xa7,
    0x24, 0x1, 0xff, 0xc1, 0x25, 0x52, 0x8, 0x7,
    0xff, 0x9, 0x36, 0xa9, 0x7d, 0x8c, 0x20, 0x1f,
    0x24, 0xd0, 0x30, 0x7, 0x1c, 0xf5, 0xc3, 0x80,
    0x6c, 0x65, 0x2, 0xcf, 0xf7, 0x5b, 0x90, 0x23,
    0xc0, 0x6, 0xb0, 0x2, 0x1, 0x80, 0x5, 0x84,
    0xc0, 0x30, 0x80, 0x46, 0x20, 0x60, 0x10, 0xce,
    0xb0, 0x90, 0x2f, 0x88, 0x6, 0x50, 0xe0, 0x1,
    0x7b, 0x3, 0x6f, 0x2, 0x8, 0x7, 0x38, 0x4,
    0x38, 0x22, 0xc9, 0x23, 0x11, 0x7c, 0x33, 0x52,
    0x61, 0xe1, 0x42, 0x2c, 0x30, 0xa, 0xc0, 0x5e,
    0x66, 0x60, 0x26, 0x34, 0xb, 0x20, 0xc, 0xb6,
    0x82, 0x1, 0x1b, 0xe0, 0x58, 0x12, 0x80, 0x79,
    0x2f, 0xbf, 0xec, 0x81, 0x2, 0x7, 0x0, 0xff,
    0xe2, 0x88, 0x8, 0x7, 0xfd, 0x1e, 0x8b, 0xee,
    0x40, 0x80, 0x1f, 0xf2, 0x6, 0x60, 0x33, 0x40,
    0x16, 0x20, 0x1e, 0x10, 0x7, 0x44, 0x69, 0x45,
    0x4, 0xea, 0x76, 0x64, 0x67, 0x18, 0x13, 0x80,
    0xb9, 0x5, 0x28, 0x1, 0x62, 0x64, 0xe6, 0x16,
    0x1, 0xfd, 0x58, 0xc4, 0x1, 0x1b, 0x5c, 0x0,
    0x7c,

    /* U+FC58 "ﱘ" */
    0x0, 0xff, 0xe2, 0x20, 0x7, 0xe4, 0x62, 0x0,
    0xe3, 0xeb, 0x40, 0xe, 0x6e, 0xb9, 0xd2, 0x0,
    0xc6, 0x21, 0x80, 0x1a, 0xe4, 0x40, 0x28, 0x0,
    0xe4, 0x3, 0x0, 0xb1, 0x0, 0xf6, 0xc1, 0x44,
    0x3, 0x60, 0x28, 0x2, 0xc, 0x7, 0x9, 0xc,
    0x18, 0x3, 0x10, 0x8, 0xb, 0x80, 0x5, 0xc0,
    0x14, 0x12, 0x1, 0x8c, 0x2, 0x70, 0x1, 0x84,
    0x5b, 0x60, 0xe, 0x33, 0x1e, 0x0, 0xc3, 0x0,
    0xb1, 0x1, 0x25, 0x40, 0x7, 0x32, 0x81, 0x8,
    0x1, 0x7, 0xb, 0x93, 0x1, 0xa8, 0x10, 0x1,
    0x2e, 0x20, 0x7, 0x9b, 0x3f, 0x95, 0xfb, 0xfd,
    0xb4, 0x60, 0x2, 0x1, 0x0, 0xff, 0x31, 0x82,
    0xa0, 0x70, 0x28, 0x7, 0xf3, 0x4e, 0x9d, 0x58,
    0x98, 0x8, 0x80, 0x3f, 0x28, 0xa1, 0x10, 0xc5,
    0x40, 0xa, 0x1, 0xf8, 0xfa, 0x87, 0x70, 0x4,
    0x41, 0x80, 0x1f, 0xfc, 0x44, 0x4, 0x0, 0xff,
    0xe2, 0x46, 0x60, 0x3, 0xff, 0x86,

    /* U+FC59 "ﱙ" */
    0x0, 0xff, 0xed, 0x8c, 0xf1, 0x80, 0x7f, 0xf1,
    0xd8, 0x50, 0x3, 0xff, 0x8c, 0x28, 0x18, 0x1,
    0xff, 0xc7, 0xc0, 0x50, 0x1, 0x88, 0x7, 0xff,
    0xc, 0x80, 0x40, 0x1d, 0xc6, 0x0, 0xf3, 0xa8,
    0x7, 0xf8, 0x88, 0xa, 0x1, 0xe8, 0xaf, 0xb7,
    0x66, 0x3d, 0x81, 0x3, 0x80, 0xc, 0x3, 0x84,
    0x80, 0x9, 0x13, 0x28, 0x10, 0x80, 0x30, 0xf,
    0xc3, 0xb8, 0x40, 0x18, 0x97, 0x14, 0x8, 0x0,
    0xa0, 0x1f, 0x1b, 0x2, 0x7f, 0xb6, 0x8c, 0x0,
    0x82, 0x15, 0x26, 0x20, 0x2, 0x5b, 0x40, 0xc0,
    0x42, 0x3, 0x30, 0x2, 0x80, 0xd, 0x9d, 0xfe,
    0xda, 0x40, 0x77, 0x2d, 0xe1, 0x66, 0x4, 0x13,
    0x9c, 0x80, 0x38, 0xdf, 0x60, 0x4, 0x8, 0xc0,
    0x40, 0x21, 0x8d, 0xfd, 0xd7, 0x7e, 0x41, 0x0,
    0x13, 0xb0, 0x7f, 0x84,

    /* U+FC5A "ﱚ" */
    0x0, 0xff, 0xed, 0x8c, 0xf1, 0x80, 0x7f, 0xf1,
    0xd8, 0x50, 0x3, 0xff, 0x8c, 0x28, 0x18, 0x1,
    0xff, 0xc7, 0xc0, 0x50, 0x1, 0x88, 0x7, 0xff,
    0xc, 0x80, 0x40, 0x1d, 0xc6, 0x0, 0xf3, 0xa8,
    0x7, 0xf8, 0x88, 0xa, 0x1, 0xe8, 0xaf, 0xb7,
    0x66, 0x3d, 0x81, 0x3, 0x80, 0xc, 0x3, 0x84,
    0x80, 0x9, 0x13, 0x28, 0x10, 0x80, 0x30, 0xf,
    0xc3, 0xb8, 0x40, 0x18, 0x97, 0x14, 0x8, 0x0,
    0xa0, 0x1f, 0x1b, 0x2, 0x7f, 0xb6, 0x8c, 0x0,
    0x82, 0x15, 0x26, 0x20, 0x2, 0x5b, 0x40, 0xc0,
    0x42, 0x3, 0x30, 0x2, 0x80, 0xd, 0x9d, 0xfe,
    0xda, 0x40, 0x77, 0x2d, 0xe1, 0x66, 0x4, 0x13,
    0x9c, 0x80, 0x38, 0xdf, 0x60, 0x4, 0x8, 0xc0,
    0x40, 0x21, 0x8d, 0xfd, 0xd7, 0x7e, 0x41, 0x0,
    0x13, 0xb0, 0x7f, 0x84, 0x3, 0xc4, 0x41, 0x0,
    0xf8, 0x40, 0x3f, 0xce, 0x40, 0xc8, 0x1, 0xff,
    0xc4, 0x88, 0x7a, 0x4d, 0x80, 0x7f, 0xf1, 0x30,
    0x11, 0x85, 0x0, 0x3f, 0xf8, 0x0,

    /* U+FC5B "ﱛ" */
    0x0, 0x99, 0x80, 0x1f, 0xb6, 0xc0, 0x3f, 0xf8,
    0xc2, 0x60, 0x1f, 0xab, 0x80, 0x3f, 0xf8, 0xd1,
    0xea, 0x1, 0xf2, 0x87, 0x80, 0x7d, 0xcd, 0x0,
    0x1f, 0x1c, 0x90, 0x7, 0xf1, 0xa0, 0x7, 0xcd,
    0x94, 0x1, 0xf1, 0x80, 0xc0, 0x7, 0x95, 0x1,
    0xc4, 0x3, 0xd2, 0x0, 0x60, 0xf, 0x12, 0x5,
    0x0, 0x7d, 0xc0, 0x42, 0x1, 0xfc, 0x41, 0x56,
    0xed, 0x16, 0x0, 0x21, 0x54, 0x89, 0x71, 0x8,
    0x11, 0x4a, 0x8, 0x0, 0xe9, 0xc0,

    /* U+FC5C "ﱜ" */
    0x0, 0xcc, 0xc0, 0xf, 0x6d, 0x80, 0x78, 0x4c,
    0x3, 0xc6, 0x1, 0xf4, 0xf0, 0x7, 0xff, 0x28,
    0xa9, 0x80, 0x3b, 0x96, 0xc0, 0x3a, 0x40, 0x8c,
    0x3, 0x28, 0x82, 0x0, 0x72, 0x87, 0x0, 0x73,
    0x80, 0x78, 0x4c, 0x3c, 0x3, 0x50, 0x1, 0x80,
    0x5, 0x88, 0x12, 0x7, 0x5a, 0x60, 0xec, 0xc,
    0xa0, 0x35, 0x0, 0x5, 0x38, 0xe5, 0x0, 0x80,

    /* U+FC5D "ﱝ" */
    0x0, 0xff, 0xe3, 0xbf, 0x80, 0x7f, 0xf1, 0x4,
    0x3, 0x26, 0x7f, 0xac, 0xc0, 0x21, 0x3, 0x0,
    0xa2, 0xcc, 0x0, 0x8e, 0x1, 0x3d, 0x90, 0x1,
    0x9c, 0x12, 0xa8, 0xc8, 0x1, 0xa, 0x0, 0x50,
    0xf, 0x6a, 0xa9, 0x0, 0xfc, 0x82, 0x10, 0x1,
    0xeb, 0xc4, 0x0, 0x84, 0x0, 0xe0, 0x1c, 0x28,
    0x60, 0x19, 0x48, 0x23, 0x9c, 0x40, 0xa, 0x0,
    0x40, 0xd, 0x8c, 0x3, 0x1c, 0x80, 0x40, 0x1f,
    0xc, 0xf4, 0x0, 0x20, 0x3, 0x8, 0x7, 0x85,
    0xc8, 0x1c, 0x14, 0x1, 0x40, 0x1e, 0x1a, 0x20,
    0xf0, 0x33, 0x2, 0x74, 0xb2, 0xbd, 0x72, 0x83,
    0xa0, 0x3, 0x4c, 0x5, 0xa6, 0xa1, 0x40, 0x66,
    0x0, 0x21, 0xca, 0x41, 0x0, 0xa, 0x4f, 0x30,
    0x4,

    /* U+FC5E "ﱞ" */
    0x0, 0x93, 0xb8, 0xcf, 0xf5, 0xed, 0x70, 0xb2,
    0xbc, 0xd0, 0x44, 0x0, 0x40, 0x8b, 0x81, 0x22,
    0xf3, 0x40, 0x4, 0xe9, 0x6f, 0xc0, 0xb6, 0xe8,
    0x44, 0x2, 0x2, 0x3b, 0x70, 0x44, 0x46, 0xea,
    0x40, 0xf7, 0x88, 0x80,

    /* U+FC5F "ﱟ" */
    0x0, 0xc2, 0x20, 0x2, 0xaa, 0x9a, 0x9b, 0xf4,
    0xb9, 0x81, 0x9d, 0xb1, 0x24, 0x3b, 0x8b, 0x1b,
    0x86, 0xc8, 0x37, 0xdb, 0x40, 0x65, 0x19, 0x60,
    0x79, 0x59, 0x22, 0x56, 0x99, 0xea,

    /* U+FC60 "ﱠ" */
    0x0, 0xfc, 0xb3, 0xc8, 0x8f, 0xa2, 0x85, 0x6b,
    0xfb, 0x63, 0x24, 0x28, 0x6e, 0x5a, 0x74, 0x22,
    0x84, 0x8e, 0xdd, 0x11, 0x1b, 0xa9, 0x3d, 0xe2,
    0x20, 0x0,

    /* U+FC61 "ﱡ" */
    0x0, 0x1e, 0xf2, 0x80, 0x50, 0xf3, 0x0, 0x10,
    0x88, 0x3, 0xb9, 0x22, 0x0, 0x3f, 0x69, 0x8a,
    0x3, 0xbf, 0x4e, 0x92, 0xd, 0x29, 0x0, 0xe0,
    0x64, 0x43, 0xb4, 0x3, 0x48, 0xdd, 0x50, 0x26,
    0xf1, 0x10, 0x0,

    /* U+FC62 "ﱢ" */
    0x0, 0xc2, 0x20, 0x2, 0x2d, 0xcc, 0x9b, 0x74,
    0x64, 0x41, 0x27, 0x6f, 0xc8, 0x6e, 0xe2, 0xbe,
    0xe8, 0x44, 0x0, 0x20, 0x49, 0x51, 0xaf, 0xb5,
    0x63, 0x35, 0x76, 0x18,

    /* U+FC63 "ﱣ" */
    0x0, 0x3a, 0x80, 0x6a, 0xf0, 0xe, 0x10, 0xc,
    0x2e, 0x1, 0xb3, 0xd2, 0x12, 0x17, 0xc1, 0x8c,
    0xc4, 0x76, 0x86, 0x91, 0xba, 0xa4, 0xde, 0x22,
    0x0,

    /* U+FC64 "ﱤ" */
    0x0, 0xff, 0xe9, 0x27, 0x79, 0x80, 0x7f, 0xf0,
    0xe5, 0x6c, 0xc0, 0x3f, 0xf8, 0x62, 0x8, 0x40,
    0x1f, 0xfc, 0x3b, 0x4f, 0xd0, 0xf, 0xfe, 0x1d,
    0x9c, 0x68, 0x7, 0xf1, 0x90, 0x6, 0xcc, 0x39,
    0x0, 0x7e, 0xbc, 0x80, 0xe, 0x48, 0x40, 0xf,
    0xc6, 0xa, 0x20, 0x1b, 0x1f, 0xc0, 0x3f, 0x50,
    0x1, 0xc0, 0x31, 0x81, 0x0, 0x7e, 0x22, 0x5,
    0x0, 0x42, 0x80, 0x1f, 0xf3, 0x1, 0xd3, 0x33,
    0x40, 0xd, 0x2c, 0x80, 0x1e, 0x60, 0x2, 0xcc,
    0x8c, 0x4, 0x1a, 0x6d, 0x0, 0x32, 0x90, 0x39,
    0x0, 0xe, 0x7d, 0x44, 0x5, 0x80, 0x23, 0xa0,
    0x38, 0xdf, 0xf6, 0x30, 0xd7, 0x7f, 0x10, 0xc,
    0x60, 0x3, 0x80, 0x3f, 0xf8, 0xb, 0xce, 0x3,
    0x84, 0x1, 0xff, 0xc0, 0x60, 0x3, 0x71, 0x80,
    0x7f, 0xf0, 0x4e, 0xba, 0x40, 0x3f, 0xf8, 0x60,

    /* U+FC65 "ﱥ" */
    0x0, 0xff, 0xe9, 0x27, 0x79, 0x0, 0x7c, 0x3b,
    0xa1, 0x0, 0xd2, 0xb6, 0x40, 0x1f, 0x29, 0x14,
    0x1, 0xc4, 0x80, 0x1f, 0x92, 0x20, 0x60, 0x1a,
    0x1a, 0xb4, 0x3, 0xf3, 0xb8, 0x3, 0xa0, 0x1a,
    0x80, 0x3f, 0xc2, 0x1, 0xbb, 0x98, 0xe0, 0x1f,
    0x9f, 0xa0, 0x3, 0x19, 0x90, 0x80, 0x3f, 0x68,
    0xb0, 0x7, 0x55, 0xc8, 0x7, 0xe8, 0x0, 0x28,
    0x6, 0x30, 0x20, 0xf, 0xc4, 0x40, 0xe0, 0x8,
    0x50, 0x3, 0xfe, 0x60, 0x4a, 0x66, 0x68, 0x1,
    0xa1, 0x90, 0x3, 0xcc, 0x0, 0x59, 0x91, 0x80,
    0x83, 0xcd, 0xa0, 0x6, 0x42, 0x7, 0x20, 0x1,
    0xcf, 0xa8, 0x80, 0xb0, 0x4, 0x74, 0x7, 0x1b,
    0xfe, 0xc6, 0x1a, 0xef, 0xe2, 0x1, 0x8c, 0x10,
    0xe0, 0xf, 0xfe, 0x2, 0xf3, 0x80, 0xe1, 0x0,
    0x7f, 0xf0, 0x18, 0x0, 0xdc, 0x60, 0x1f, 0xfc,
    0x13, 0xae, 0x90, 0xf, 0xfe, 0x18,

    /* U+FC66 "ﱦ" */
    0x0, 0xff, 0xec, 0x37, 0xf8, 0x40, 0x3f, 0xf8,
    0xd2, 0xd6, 0x20, 0x1f, 0xfc, 0x62, 0x35, 0x30,
    0xf, 0xfe, 0x33, 0xaf, 0x68, 0x7, 0xf9, 0x18,
    0x80, 0x38, 0x5a, 0xf8, 0x3, 0xf3, 0x75, 0xce,
    0x90, 0x6, 0xb9, 0x40, 0xf, 0xd7, 0x22, 0x1,
    0x40, 0x7, 0x3d, 0xb0, 0x7, 0xad, 0x0, 0xf6,
    0xc1, 0x44, 0x3, 0x62, 0x78, 0x7, 0x42, 0x0,
    0xe1, 0x21, 0x83, 0x0, 0x65, 0xe, 0x0, 0xc2,
    0xe0, 0x1, 0x70, 0x5, 0x4, 0x80, 0x46, 0x20,
    0x1e, 0x70, 0x1, 0x84, 0x5b, 0x60, 0xe, 0x33,
    0xf0, 0x2, 0x20, 0xc8, 0x18, 0x5, 0x88, 0x9,
    0x2a, 0x0, 0x39, 0x82, 0x1, 0x7, 0x9b, 0x21,
    0x7, 0xb, 0x93, 0x1, 0xa8, 0x10, 0x1, 0xd6,
    0x20, 0x81, 0x10, 0x3, 0x9b, 0x3f, 0x95, 0xfb,
    0xfd, 0x8a, 0x57, 0xdf, 0xa0, 0x40, 0x20, 0x1f,
    0xfc, 0x7e, 0x5, 0x0, 0xff, 0xe3, 0x98, 0x8,
    0x80, 0x3f, 0xf8, 0xca, 0x0, 0x50, 0xf, 0xfe,
    0x30, 0x88, 0x30, 0x3, 0xff, 0x8e, 0x80, 0x80,
    0x1f, 0xfc, 0x79, 0xbc, 0x0, 0xff, 0xe3, 0x0,

    /* U+FC67 "ﱧ" */
    0x0, 0xff, 0xef, 0x27, 0x79, 0x0, 0x7f, 0xf2,
    0x65, 0x6c, 0x80, 0x3f, 0xd0, 0xc0, 0x1f, 0xc6,
    0x64, 0x0, 0xff, 0x2b, 0xc9, 0x0, 0x7e, 0x87,
    0xab, 0x0, 0xfe, 0x71, 0x32, 0x0, 0xfd, 0x0,
    0xe6, 0x1, 0xfc, 0x5d, 0x80, 0x1f, 0xdb, 0xdb,
    0x0, 0x1f, 0xfc, 0x32, 0x20, 0x6, 0x33, 0x20,
    0x80, 0x7f, 0xf0, 0xb3, 0x60, 0x3, 0xae, 0xd4,
    0x1, 0xc4, 0x1, 0xf9, 0x1, 0x0, 0x39, 0x40,
    0xc0, 0x3b, 0xfc, 0xa0, 0x1e, 0xc0, 0x14, 0x0,
    0x84, 0xc0, 0x3c, 0x44, 0x6, 0x0, 0xf2, 0x0,
    0x2a, 0x19, 0x9a, 0x0, 0x78, 0x64, 0x7, 0x0,
    0x18, 0x7, 0xf0, 0xbc, 0xc8, 0xc0, 0x41, 0xe6,
    0xcc, 0xc0, 0x1f, 0xfc, 0x5, 0x20, 0x1, 0xd7,
    0xa8, 0x81, 0x10, 0xc0, 0x8, 0x1, 0xe7, 0x0,
    0x5e, 0xff, 0xb1, 0x46, 0xbb, 0xf4, 0x50, 0x1,
    0x6c, 0x20, 0x3, 0x98, 0x5, 0x10, 0xf, 0xf8,
    0x64, 0x1, 0x3d, 0xfe, 0xc6, 0x2, 0xb0, 0xf,
    0xfe, 0xb, 0x51, 0x0, 0x79, 0xf4, 0x40, 0x3f,
    0xf8, 0x4b, 0xba, 0xba, 0xa6, 0x7c, 0x0, 0x7f,
    0xf0, 0x80,

    /* U+FC68 "ﱨ" */
    0x0, 0xff, 0xef, 0x2f, 0x78, 0x80, 0x7f, 0xf2,
    0x6d, 0x2c, 0x40, 0x3f, 0xf9, 0x26, 0x8, 0x40,
    0x1f, 0xfc, 0x94, 0x5f, 0xc0, 0xf, 0xfe, 0x4a,
    0x22, 0x30, 0x3, 0xff, 0x93, 0xb6, 0xe4, 0x1,
    0xff, 0xca, 0x47, 0x40, 0xf, 0xfe, 0x57, 0x47,
    0x0, 0x71, 0x90, 0x7, 0xff, 0xd, 0xc3, 0x40,
    0x3b, 0xb5, 0x80, 0x3d, 0xa, 0x1, 0xc4, 0x40,
    0xf0, 0xc, 0x44, 0x4, 0x0, 0xf3, 0xd7, 0xdb,
    0xb3, 0xf8, 0x1, 0xe1, 0x90, 0x1c, 0x0, 0x40,
    0x1c, 0x24, 0x0, 0x48, 0x98, 0x20, 0x10, 0x79,
    0xb3, 0x30, 0x7, 0xe1, 0xdc, 0x20, 0xc, 0x75,
    0xea, 0x20, 0x44, 0x30, 0x2, 0x80, 0x7c, 0x6c,
    0x9, 0xfe, 0xc5, 0x1a, 0xef, 0xd1, 0x40, 0x5,
    0x49, 0x88, 0x0, 0x96, 0xd0, 0x30, 0x3, 0xfc,
    0x34, 0x0, 0x6c, 0xef, 0xf6, 0xd2, 0x2, 0xb8,
    0x7, 0xfc, 0xb8, 0x80, 0x1f, 0x25, 0xd0, 0x7,
    0xff, 0x4, 0xef, 0xb2, 0xa9, 0x7b, 0xf6, 0x80,
    0x1f, 0xfc, 0x0,

    /* U+FC69 "ﱩ" */
    0x0, 0xff, 0xef, 0x2f, 0x78, 0x80, 0x7f, 0xf2,
    0x6d, 0x2c, 0x40, 0x3f, 0xf9, 0x26, 0x8, 0x40,
    0x1f, 0xfc, 0x94, 0x5f, 0xc0, 0xf, 0xfe, 0x4a,
    0x22, 0x30, 0x3, 0xff, 0x93, 0xb6, 0xe4, 0x1,
    0xff, 0xca, 0x47, 0x40, 0xf, 0xfe, 0x57, 0x47,
    0x0, 0x71, 0x90, 0x7, 0xff, 0xd, 0xc3, 0x40,
    0x3b, 0xb5, 0x80, 0x3d, 0xa, 0x1, 0xc4, 0x40,
    0xf0, 0xc, 0x44, 0x4, 0x0, 0xf3, 0xd7, 0xdb,
    0xb3, 0xf8, 0x1, 0xe1, 0x90, 0x1c, 0x0, 0x40,
    0x1c, 0x24, 0x0, 0x48, 0x98, 0x20, 0x10, 0x79,
    0xb3, 0x30, 0x7, 0xe1, 0xdc, 0x20, 0xc, 0x75,
    0xea, 0x20, 0x44, 0x30, 0x2, 0x80, 0x7c, 0x6c,
    0x9, 0xfe, 0xc5, 0x1a, 0xef, 0xd1, 0x40, 0x5,
    0x49, 0x88, 0x0, 0x96, 0xd0, 0x30, 0x3, 0xfc,
    0x34, 0x0, 0x6c, 0xef, 0xf6, 0xd2, 0x2, 0xb8,
    0x7, 0xfc, 0xb8, 0x80, 0x1f, 0x25, 0xd0, 0x7,
    0xff, 0x4, 0xef, 0xb2, 0xa9, 0x7b, 0xf6, 0x80,
    0x1f, 0xfc, 0x41, 0x35, 0x52, 0x10, 0x7, 0xff,
    0x21, 0xc8, 0x19, 0x0, 0x3f, 0xf8, 0xf1, 0xf,
    0x49, 0xb0, 0xf, 0xfe, 0x3e, 0x2, 0x30, 0xa0,
    0x7, 0xff, 0xc,

    /* U+FC6A "ﱪ" */
    0x0, 0xe1, 0x10, 0x7, 0xff, 0x12, 0x7a, 0x0,
    0x38, 0xd8, 0xc0, 0x3f, 0xcc, 0x1, 0xd7, 0x30,
    0x1, 0xfa, 0xc0, 0xc, 0x1, 0x8c, 0x8, 0x3,
    0xf1, 0x10, 0x28, 0x2, 0x14, 0x0, 0xff, 0x98,
    0xe, 0x99, 0x9a, 0x0, 0x68, 0x64, 0x0, 0xf3,
    0x0, 0x16, 0x64, 0x60, 0x20, 0xf3, 0x68, 0x1,
    0x8c, 0x81, 0xc8, 0x0, 0x73, 0xea, 0x20, 0x2c,
    0x1, 0xf, 0x1, 0x46, 0xff, 0xb1, 0x86, 0xbb,
    0xf8, 0x80, 0xb, 0xe4, 0x12, 0x1, 0xff, 0xc0,
    0x4c, 0xa1, 0xa, 0x40, 0xe, 0xce, 0x10, 0xe,
    0x30, 0x3c, 0x50, 0xe, 0x13, 0x15, 0x0, 0xc8,
    0xd7, 0x86, 0x1, 0xe1, 0xb9, 0x40, 0xc,

    /* U+FC6B "ﱫ" */
    0x0, 0x87, 0x74, 0x20, 0x1f, 0xfc, 0x35, 0x22,
    0x80, 0x3f, 0xf8, 0x69, 0x10, 0x30, 0xf, 0xfe,
    0x23, 0xb8, 0x3, 0xff, 0x8e, 0x20, 0x1f, 0xfc,
    0x47, 0xe8, 0x0, 0xe2, 0x42, 0x0, 0xfd, 0xa2,
    0xc0, 0x1d, 0x57, 0x20, 0x1f, 0xa4, 0x0, 0xa0,
    0x18, 0xc0, 0x80, 0x3f, 0x19, 0x7, 0x0, 0x42,
    0x80, 0x1f, 0xf3, 0x2, 0x53, 0x33, 0x40, 0xd,
    0xc, 0x80, 0x1e, 0x70, 0x2, 0xcc, 0x8c, 0x4,
    0x1e, 0x6d, 0x0, 0x31, 0x98, 0x1c, 0x80, 0x7,
    0x3e, 0xa2, 0x2, 0xc0, 0x10, 0xf0, 0x14, 0x6f,
    0xfb, 0x18, 0x6b, 0xbf, 0x88, 0x0, 0x9e, 0x41,
    0x20, 0x1f, 0xfc, 0x4, 0xcb, 0x10, 0xa4, 0x0,
    0xec, 0xe1, 0x0, 0xe3, 0x3, 0xc5, 0x0, 0xe1,
    0x31, 0x50, 0xc, 0x8d, 0x78, 0x60, 0x1e, 0x1b,
    0x94, 0x0, 0xc0,

    /* U+FC6C "ﱬ" */
    0x0, 0xf2, 0x31, 0x0, 0x7f, 0xf1, 0x5b, 0xae,
    0x74, 0x80, 0x3f, 0xf8, 0x77, 0x22, 0x1, 0x40,
    0x7, 0x3d, 0xb0, 0x7, 0xad, 0x0, 0xf6, 0xc1,
    0x44, 0x3, 0x62, 0x78, 0x7, 0x42, 0x0, 0xe1,
    0x21, 0x83, 0x0, 0x65, 0xe, 0x0, 0xc2, 0xe0,
    0x1, 0x70, 0x5, 0x4, 0x80, 0x46, 0x20, 0x1e,
    0x70, 0x1, 0x84, 0x5b, 0x60, 0xe, 0x33, 0xf0,
    0x2, 0x20, 0xc8, 0x18, 0x5, 0x88, 0x9, 0x2a,
    0x0, 0x39, 0x82, 0x1, 0x7, 0x9b, 0x21, 0x7,
    0xb, 0x93, 0x1, 0xa8, 0x10, 0x1, 0xd6, 0x20,
    0x81, 0x10, 0x3, 0x9b, 0x3f, 0x95, 0xfb, 0xfd,
    0x8a, 0x57, 0xdf, 0xa0, 0x40, 0x20, 0x1f, 0xfc,
    0x5, 0x50, 0x7, 0x70, 0x28, 0x7, 0xfc, 0x75,
    0x42, 0x0, 0xc6, 0x2, 0x20, 0xf, 0xf1, 0x16,
    0x0, 0xca, 0x0, 0x50, 0xf, 0xf0, 0xee, 0x80,
    0x38, 0x44, 0x18, 0x1, 0xff, 0xc7, 0x40, 0x40,
    0xf, 0xfe, 0x3c, 0xde, 0x0, 0x7f, 0xf1, 0x80,

    /* U+FC6D "ﱭ" */
    0x0, 0xf4, 0x30, 0x7, 0xff, 0x29, 0x5e, 0x48,
    0x3, 0xff, 0x92, 0xe2, 0x64, 0x1, 0xff, 0xc9,
    0x2e, 0xc0, 0xf, 0xfe, 0x81, 0x10, 0x3, 0x89,
    0x4, 0x3, 0xff, 0x85, 0x9b, 0x0, 0x1d, 0x76,
    0xa0, 0xe, 0x20, 0xf, 0xc8, 0x8, 0x1, 0xca,
    0x6, 0x1, 0xdf, 0xe5, 0x0, 0xf6, 0x0, 0xa0,
    0x4, 0x26, 0x1, 0xe2, 0x20, 0x30, 0x7, 0x90,
    0x1, 0x50, 0xcc, 0xd0, 0x3, 0xc3, 0x20, 0x38,
    0x0, 0xc0, 0x3f, 0x85, 0xe6, 0x46, 0x2, 0xf,
    0x36, 0x66, 0x0, 0xff, 0xe0, 0x29, 0x0, 0xe,
    0xbd, 0x44, 0x8, 0x86, 0x0, 0x40, 0xf, 0x38,
    0x2, 0xf7, 0xfd, 0x8a, 0x35, 0xdf, 0xa2, 0x80,
    0xb, 0x61, 0x0, 0x1c, 0xc0, 0x28, 0x80, 0x7f,
    0xc3, 0x20, 0x9, 0xef, 0xf6, 0x30, 0x15, 0x80,
    0x76, 0xe8, 0x40, 0x39, 0xa8, 0x80, 0x3c, 0xfa,
    0x20, 0x18, 0x8b, 0x0, 0x79, 0x77, 0x57, 0x54,
    0xcf, 0x80, 0xf, 0x16, 0x60, 0xc0, 0x30,

    /* U+FC6E "ﱮ" */
    0x0, 0xff, 0xe3, 0x1a, 0x90, 0x7, 0xff, 0x2a,
    0xa9, 0x0, 0x1c, 0x62, 0x1, 0xff, 0xc3, 0x40,
    0xd0, 0xe, 0xee, 0x30, 0x7, 0x9d, 0x40, 0x38,
    0x88, 0x1e, 0x1, 0x88, 0x80, 0xa0, 0x1e, 0x8a,
    0xfb, 0x76, 0x67, 0x80, 0x1e, 0x19, 0x1, 0xc0,
    0x6, 0x1, 0xc2, 0x40, 0x4, 0x89, 0x91, 0x0,
    0x83, 0xcd, 0x99, 0x80, 0x3f, 0xe, 0xe1, 0x0,
    0x63, 0xaf, 0x51, 0x2, 0x21, 0x80, 0x14, 0x3,
    0xe3, 0x60, 0x4f, 0xf6, 0x28, 0xd7, 0x7e, 0x8a,
    0x0, 0x2a, 0x4c, 0x40, 0x4, 0xb6, 0x81, 0x80,
    0x1f, 0xe1, 0xa0, 0x3, 0x67, 0x7f, 0xb6, 0x90,
    0x15, 0xc0, 0x3, 0xba, 0x10, 0xe, 0x5c, 0x40,
    0xf, 0x92, 0xe8, 0x2, 0x32, 0x21, 0x80, 0x78,
    0xef, 0xb2, 0xa9, 0x7b, 0xf6, 0x80, 0x18, 0xb3,
    0x4, 0x1, 0x80,

    /* U+FC6F "ﱯ" */
    0x0, 0xff, 0xe3, 0x1a, 0x90, 0x7, 0xff, 0x2a,
    0xa9, 0x0, 0x1c, 0x62, 0x1, 0xff, 0xc3, 0x40,
    0xd0, 0xe, 0xee, 0x30, 0x7, 0x9d, 0x40, 0x38,
    0x88, 0x1e, 0x1, 0x88, 0x80, 0xa0, 0x1e, 0x8a,
    0xfb, 0x76, 0x67, 0x80, 0x1e, 0x19, 0x1, 0xc0,
    0x6, 0x1, 0xc2, 0x40, 0x4, 0x89, 0x91, 0x0,
    0x83, 0xcd, 0x99, 0x80, 0x3f, 0xe, 0xe1, 0x0,
    0x63, 0xaf, 0x51, 0x2, 0x21, 0x80, 0x14, 0x3,
    0xe3, 0x60, 0x4f, 0xf6, 0x28, 0xd7, 0x7e, 0x8a,
    0x0, 0x2a, 0x4c, 0x40, 0x4, 0xb6, 0x81, 0x80,
    0x1f, 0xe1, 0xa0, 0x3, 0x67, 0x7f, 0xb6, 0x90,
    0x15, 0xc0, 0x3, 0xba, 0x10, 0xe, 0x5c, 0x40,
    0xf, 0x92, 0xe8, 0x2, 0x32, 0x21, 0x80, 0x78,
    0xef, 0xb2, 0xa9, 0x7b, 0xf6, 0x80, 0x18, 0xb3,
    0x4, 0x1, 0xf8, 0x4d, 0x54, 0x84, 0x1, 0xf8,
    0xcc, 0x1, 0xfe, 0x72, 0x6, 0x40, 0xf, 0xfe,
    0x3c, 0x43, 0xd2, 0x6c, 0x3, 0xff, 0x8f, 0x80,
    0x8c, 0x28, 0x1, 0xff, 0xc3,

    /* U+FC70 "ﱰ" */
    0x0, 0xff, 0xa3, 0xd5, 0x5e, 0xe0, 0x1f, 0xfc,
    0x14, 0xc, 0xc0, 0x58, 0x7, 0xff, 0x7, 0xa2,
    0x37, 0x0, 0x7c, 0x44, 0x0, 0xc4, 0xe2, 0x27,
    0x20, 0xf, 0x4e, 0xc0, 0x7, 0x9d, 0x40, 0x3f,
    0xca, 0x20, 0x18, 0xa2, 0x88, 0x3, 0xeb, 0x0,
    0x38, 0x6, 0x40, 0x1, 0x0, 0x7c, 0x44, 0xa,
    0x0, 0xd4, 0x1, 0xff, 0x30, 0x1d, 0x33, 0x28,
    0xc0, 0x16, 0xea, 0x40, 0x1c, 0xc0, 0x5, 0x99,
    0x28, 0x8, 0x24, 0x57, 0x0, 0x65, 0x20, 0x72,
    0x0, 0x13, 0xf5, 0x18, 0x1, 0x0, 0x23, 0xa0,
    0x38, 0xdf, 0xf6, 0xc0, 0x2e, 0x7f, 0xa0, 0x6,
    0x30, 0x1, 0xc0, 0x1f, 0xfc, 0x5, 0xe7, 0x1,
    0xc2, 0x0, 0xff, 0xe0, 0x30, 0x1, 0xb8, 0xc0,
    0x3f, 0xf8, 0x27, 0x5d, 0x20, 0x1f, 0xfc, 0x30,

    /* U+FC71 "ﱱ" */
    0x0, 0x87, 0x74, 0x20, 0x1f, 0xfc, 0x35, 0x22,
    0x80, 0x34, 0x7a, 0xab, 0xdc, 0x3, 0x92, 0x20,
    0x60, 0x19, 0x3, 0x30, 0x16, 0x1, 0xe7, 0x70,
    0x7, 0x74, 0x46, 0xe0, 0xf, 0x88, 0x80, 0x18,
    0x9c, 0x44, 0xe4, 0x1, 0xe9, 0xd8, 0x0, 0xf3,
    0xa8, 0x7, 0xf9, 0x44, 0x3, 0x14, 0x51, 0x0,
    0x7d, 0x60, 0x7, 0x0, 0xc8, 0x0, 0x20, 0xf,
    0x88, 0x81, 0x40, 0x1a, 0x80, 0x3f, 0xe6, 0x3,
    0xa6, 0x65, 0x18, 0x2, 0xdd, 0x48, 0x3, 0x98,
    0x0, 0xb3, 0x25, 0x1, 0x4, 0x8a, 0xe0, 0xc,
    0xa4, 0xe, 0x40, 0x2, 0x7e, 0xa3, 0x0, 0x20,
    0x4, 0x74, 0x7, 0x1b, 0xfe, 0xd8, 0x5, 0xcf,
    0xf4, 0x0, 0xc6, 0x0, 0x38, 0x3, 0xff, 0x80,
    0xbc, 0xe0, 0x38, 0x40, 0x1f, 0xfc, 0x6, 0x0,
    0x37, 0x18, 0x7, 0xff, 0x4, 0xeb, 0xa4, 0x3,
    0xff, 0x86,

    /* U+FC72 "ﱲ" */
    0x0, 0xff, 0xe1, 0x4f, 0x9b, 0xfb, 0x0, 0x7f,
    0xf1, 0x1c, 0x13, 0x3, 0x0, 0x3f, 0x23, 0x10,
    0x7, 0x6c, 0x3c, 0xc5, 0x80, 0x79, 0xba, 0xe7,
    0x48, 0x3, 0x1b, 0x81, 0x38, 0x80, 0x75, 0xc8,
    0x80, 0x50, 0x1, 0xc5, 0x94, 0x1, 0xeb, 0x40,
    0x3d, 0xb0, 0x51, 0x0, 0xce, 0x6a, 0x1, 0xd0,
    0x80, 0x38, 0x48, 0x60, 0xc0, 0x1b, 0x40, 0x80,
    0x30, 0xb8, 0x0, 0x5c, 0x1, 0x41, 0x20, 0x19,
    0x80, 0x3c, 0xe0, 0x3, 0x8, 0xb6, 0xc0, 0x1c,
    0x66, 0x60, 0x81, 0x5b, 0x28, 0xe0, 0x16, 0x20,
    0x24, 0xa8, 0x0, 0xe6, 0x46, 0x4, 0x9, 0x35,
    0x41, 0x7, 0xb, 0x93, 0x1, 0xa8, 0x10, 0x1,
    0x46, 0xc1, 0x0, 0x30, 0x3, 0x9b, 0x3f, 0x95,
    0xfb, 0xfd, 0xae, 0xf, 0xbf, 0xe7, 0x20, 0x10,
    0xf, 0xfe, 0x3f, 0x2, 0x80, 0x7f, 0xf1, 0xcc,
    0x4, 0x40, 0x1f, 0xfc, 0x65, 0x0, 0x28, 0x7,
    0xff, 0x18, 0x44, 0x18, 0x1, 0xff, 0xc7, 0x40,
    0x40, 0xf, 0xfe, 0x3c, 0xde, 0x0, 0x7f, 0xf1,
    0x80,

    /* U+FC73 "ﱳ" */
    0x0, 0xe2, 0xec, 0x0, 0xfe, 0x9f, 0x46, 0xf7,
    0x0, 0xf9, 0x4, 0xc8, 0x3, 0xf2, 0x6, 0x60,
    0x30, 0x3, 0xe6, 0x57, 0x20, 0xf, 0xdf, 0x10,
    0xb8, 0x90, 0xf, 0xd5, 0x0, 0x1f, 0xc4, 0xe0,
    0x2e, 0x40, 0x1f, 0xfc, 0x1, 0x54, 0x0, 0xf3,
    0xa0, 0x7, 0xff, 0xb, 0x6b, 0xc0, 0x38, 0xe2,
    0xc4, 0x3, 0x18, 0x80, 0x7d, 0x60, 0xa0, 0x1c,
    0x80, 0x22, 0x0, 0xdd, 0xc6, 0x0, 0xf2, 0x0,
    0xa0, 0x6, 0xb0, 0xf, 0x11, 0x1, 0x40, 0x3c,
    0x60, 0xa, 0x86, 0x65, 0x98, 0xd, 0xb2, 0x8b,
    0x80, 0xc, 0x3, 0xf8, 0x5e, 0x64, 0x80, 0x20,
    0x93, 0x54, 0x30, 0xf, 0xfe, 0x2, 0x90, 0x0,
    0x9f, 0xa4, 0xc0, 0x18, 0x60, 0x4, 0x0, 0xf3,
    0x80, 0x2f, 0x7f, 0xdb, 0x0, 0xd9, 0xfe, 0x74,
    0x0, 0x5b, 0x8, 0x0, 0xe6, 0x1, 0x44, 0x3,
    0xfe, 0x19, 0x0, 0x4f, 0x7f, 0xb1, 0x80, 0xac,
    0x3, 0xff, 0x82, 0xd4, 0x40, 0x1e, 0x7d, 0x10,
    0xf, 0xfe, 0x12, 0xee, 0xae, 0xa9, 0x9f, 0x0,
    0x1f, 0xfc, 0x20,

    /* U+FC74 "ﱴ" */
    0x0, 0xff, 0xe2, 0xcf, 0xa3, 0x7b, 0x0, 0x7f,
    0xf1, 0xd0, 0x33, 0x1, 0x80, 0x1f, 0xfc, 0x7e,
    0x88, 0x5c, 0x58, 0x7, 0xff, 0x1c, 0xdc, 0x5,
    0xc4, 0x3, 0xff, 0x92, 0xea, 0x1, 0xff, 0xca,
    0x38, 0xa0, 0xe, 0x31, 0x0, 0xff, 0xe1, 0xa0,
    0x8, 0x7, 0x77, 0x18, 0x3, 0xd0, 0xa0, 0x1e,
    0xa0, 0xf, 0x11, 0x1, 0x0, 0x3c, 0xf5, 0xf6,
    0xec, 0xcb, 0x20, 0x1b, 0x65, 0x17, 0x0, 0x10,
    0x7, 0x9, 0x0, 0x12, 0x26, 0x48, 0x2, 0x9,
    0x35, 0x43, 0x0, 0xfc, 0x3b, 0x84, 0x1, 0x89,
    0xfa, 0x48, 0x1, 0x86, 0x0, 0x50, 0xf, 0x8d,
    0x81, 0x3f, 0xdb, 0x0, 0xdb, 0xfe, 0x74, 0x0,
    0x54, 0x98, 0x80, 0x9, 0x6d, 0x3, 0x0, 0x3f,
    0xc3, 0x40, 0x6, 0xce, 0xff, 0x6d, 0x20, 0x2b,
    0x80, 0x7f, 0xcb, 0x88, 0x1, 0xf2, 0x5d, 0x0,
    0x7f, 0xf0, 0x4e, 0xfb, 0x2a, 0x97, 0xbf, 0x68,
    0x1, 0xff, 0xc0,

    /* U+FC75 "ﱵ" */
    0x0, 0xff, 0xe2, 0xcf, 0xa3, 0x7b, 0x0, 0x7f,
    0xf1, 0xd0, 0x33, 0x1, 0x80, 0x1f, 0xfc, 0x7e,
    0x88, 0x5c, 0x58, 0x7, 0xff, 0x1c, 0xdc, 0x5,
    0xc4, 0x3, 0xff, 0x92, 0xea, 0x1, 0xff, 0xca,
    0x38, 0xa0, 0xe, 0x31, 0x0, 0xff, 0xe1, 0xa0,
    0x8, 0x7, 0x77, 0x18, 0x3, 0xd0, 0xa0, 0x1e,
    0xa0, 0xf, 0x11, 0x1, 0x0, 0x3c, 0xf5, 0xf6,
    0xec, 0xcb, 0x20, 0x1b, 0x65, 0x17, 0x0, 0x10,
    0x7, 0x9, 0x0, 0x12, 0x26, 0x48, 0x2, 0x9,
    0x35, 0x43, 0x0, 0xfc, 0x3b, 0x84, 0x1, 0x89,
    0xfa, 0x48, 0x1, 0x86, 0x0, 0x50, 0xf, 0x8d,
    0x81, 0x3f, 0xdb, 0x0, 0xdb, 0xfe, 0x74, 0x0,
    0x54, 0x98, 0x80, 0x9, 0x6d, 0x3, 0x0, 0x3f,
    0xc3, 0x40, 0x6, 0xce, 0xff, 0x6d, 0x20, 0x2b,
    0x80, 0x7f, 0xcb, 0x88, 0x1, 0xf2, 0x5d, 0x0,
    0x7f, 0xf0, 0x4e, 0xfb, 0x2a, 0x97, 0xbf, 0x68,
    0x1, 0xff, 0xc4, 0x13, 0x55, 0x21, 0x0, 0x7f,
    0xf2, 0x1c, 0x81, 0x90, 0x3, 0xff, 0x8f, 0x10,
    0xf4, 0x9b, 0x0, 0xff, 0xe3, 0xe0, 0x23, 0xa,
    0x0, 0x7f, 0xf0, 0xc0,

    /* U+FC76 "ﱶ" */
    0x0, 0xff, 0xe0, 0x91, 0x80, 0x7f, 0xf1, 0x73,
    0x4, 0x1, 0xff, 0xc4, 0x21, 0x30, 0xf, 0xfe,
    0x12, 0x7d, 0xdb, 0x98, 0x3, 0xff, 0x82, 0x61,
    0xba, 0xf, 0x0, 0xff, 0xe0, 0xbd, 0xd4, 0x5c,
    0x80, 0x7c, 0x84, 0x1, 0xc8, 0x0, 0x40, 0xf,
    0xae, 0xd0, 0x1, 0xe9, 0x61, 0x0, 0xf8, 0xc1,
    0x44, 0x3, 0x13, 0x48, 0x7, 0xe9, 0x0, 0x38,
    0x6, 0x40, 0x0, 0x80, 0x7c, 0x24, 0x14, 0x1,
    0xa8, 0x3, 0xfe, 0x60, 0x3a, 0x66, 0x59, 0x80,
    0x31, 0xd4, 0x80, 0x39, 0x80, 0xb, 0x32, 0x40,
    0x10, 0x38, 0xae, 0x0, 0xca, 0x40, 0xe4, 0x0,
    0x27, 0xea, 0x30, 0x2, 0x0, 0x47, 0x40, 0x71,
    0xbf, 0xed, 0x80, 0x5c, 0xff, 0x40, 0xc, 0x60,
    0x3, 0x80, 0x3f, 0xf8, 0xb, 0xce, 0x3, 0x84,
    0x1, 0xff, 0xc0, 0x60, 0x3, 0x71, 0x80, 0x7f,
    0xf0, 0x4e, 0xba, 0x40, 0x3f, 0xf8, 0x60,

    /* U+FC77 "ﱷ" */
    0x0, 0xff, 0xe0, 0x91, 0x80, 0x7f, 0xf1, 0x73,
    0x4, 0x1, 0xe1, 0xdd, 0x8, 0x7, 0x88, 0x4c,
    0x3, 0xca, 0x45, 0x0, 0x64, 0xfb, 0xb7, 0x30,
    0x7, 0x24, 0x40, 0xc0, 0x31, 0x86, 0xe8, 0x3c,
    0x3, 0xce, 0xe0, 0xe, 0x7b, 0xa8, 0xb9, 0x0,
    0xf9, 0x8, 0x3, 0x90, 0x0, 0x80, 0x1f, 0x5d,
    0xa0, 0x3, 0xd2, 0xc2, 0x1, 0xf1, 0x82, 0x88,
    0x6, 0x26, 0x90, 0xf, 0xd2, 0x0, 0x70, 0xc,
    0x80, 0x1, 0x0, 0xf8, 0x48, 0x28, 0x3, 0x50,
    0x7, 0xfc, 0xc0, 0x74, 0xcc, 0xb3, 0x0, 0x63,
    0xa9, 0x0, 0x73, 0x0, 0x16, 0x64, 0x80, 0x20,
    0x71, 0x5c, 0x1, 0x94, 0x81, 0xc8, 0x0, 0x4f,
    0xd4, 0x60, 0x4, 0x0, 0x8e, 0x80, 0xe3, 0x7f,
    0xdb, 0x0, 0xb9, 0xfe, 0x80, 0x18, 0xc0, 0x7,
    0x0, 0x7f, 0xf0, 0x17, 0x9c, 0x7, 0x8, 0x3,
    0xff, 0x80, 0xc0, 0x6, 0xe3, 0x0, 0xff, 0xe0,
    0x9d, 0x74, 0x80, 0x7f, 0xf0, 0xc0,

    /* U+FC78 "ﱸ" */
    0x0, 0xff, 0xe2, 0x11, 0x0, 0x3f, 0xf8, 0xe3,
    0xba, 0x10, 0xf, 0xfe, 0x30, 0x91, 0x88, 0x7,
    0xff, 0x15, 0xbe, 0x2f, 0xd4, 0x3, 0xff, 0x89,
    0xe1, 0xbc, 0x4, 0x1, 0xf9, 0x18, 0x80, 0x3a,
    0x6e, 0x26, 0xdc, 0x3, 0xcd, 0xd7, 0x3a, 0x40,
    0x1c, 0x80, 0x4, 0x0, 0xf5, 0xc8, 0x80, 0x50,
    0x1, 0xc5, 0x94, 0x1, 0xeb, 0x40, 0x3d, 0xb0,
    0x51, 0x0, 0xce, 0x6a, 0x1, 0xd0, 0x80, 0x38,
    0x48, 0x60, 0xc0, 0x1b, 0x40, 0x80, 0x30, 0xb8,
    0x0, 0x5c, 0x1, 0x41, 0x20, 0x19, 0x80, 0x3c,
    0xe0, 0x3, 0x8, 0xb6, 0xc0, 0x1c, 0x66, 0x60,
    0x81, 0x5b, 0x28, 0xe0, 0x16, 0x20, 0x24, 0xa8,
    0x0, 0xe6, 0x46, 0x4, 0x9, 0x35, 0x41, 0x7,
    0xb, 0x93, 0x1, 0xa8, 0x10, 0x1, 0x46, 0xc1,
    0x0, 0x30, 0x3, 0x9b, 0x3f, 0x95, 0xfb, 0xfd,
    0xae, 0xf, 0xbf, 0xe7, 0x20, 0x10, 0xf, 0xfe,
    0x3f, 0x2, 0x80, 0x7f, 0xf1, 0xcc, 0x4, 0x40,
    0x1f, 0xfc, 0x65, 0x0, 0x28, 0x7, 0xff, 0x18,
    0x44, 0x18, 0x1, 0xff, 0xc7, 0x40, 0x40, 0xf,
    0xfe, 0x3c, 0xde, 0x0, 0x7f, 0xf1, 0x80,

    /* U+FC79 "ﱹ" */
    0x0, 0xff, 0xe3, 0x91, 0x0, 0x3f, 0xf9, 0x7b,
    0xa1, 0x0, 0xff, 0xe5, 0x19, 0x8, 0x7, 0xf4,
    0x30, 0x7, 0xf1, 0x4f, 0x7c, 0x90, 0x7, 0xca,
    0xf2, 0x40, 0x1f, 0xad, 0xa2, 0xda, 0xc0, 0x3e,
    0x71, 0x32, 0x0, 0xfd, 0x6b, 0x34, 0xb4, 0x1,
    0xf1, 0x76, 0x0, 0x7f, 0x15, 0x19, 0xa8, 0xc0,
    0x3f, 0xf8, 0x24, 0x40, 0xf, 0x29, 0x0, 0x7f,
    0xf0, 0xb3, 0x60, 0x3, 0x8a, 0xb4, 0x40, 0x31,
    0x0, 0x7e, 0x40, 0x40, 0xe, 0x40, 0x11, 0x0,
    0x6f, 0xf2, 0x80, 0x7b, 0x0, 0x50, 0x3, 0x50,
    0x7, 0x88, 0x80, 0xc0, 0x1e, 0x40, 0x5, 0x43,
    0x32, 0xcc, 0x6, 0xd9, 0x45, 0xc0, 0x6, 0x1,
    0xfc, 0x2f, 0x32, 0x40, 0x10, 0x49, 0xaa, 0x18,
    0x7, 0xff, 0x1, 0x48, 0x0, 0x4f, 0xd2, 0x60,
    0xc, 0x30, 0x2, 0x0, 0x79, 0xc0, 0x17, 0xbf,
    0xed, 0x80, 0x6c, 0xff, 0x3a, 0x0, 0x2d, 0x84,
    0x0, 0x73, 0x0, 0xa2, 0x1, 0xff, 0xc, 0x80,
    0x27, 0xbf, 0xd8, 0xc0, 0x56, 0x1, 0xff, 0xc1,
    0x6a, 0x20, 0xf, 0x3e, 0x88, 0x7, 0xff, 0x9,
    0x77, 0x57, 0x54, 0xcf, 0x80, 0xf, 0xfe, 0x10,

    /* U+FC7A "ﱺ" */
    0x0, 0xff, 0xe3, 0x91, 0x0, 0x3f, 0xf9, 0x43,
    0xba, 0x10, 0xf, 0xfe, 0x48, 0x99, 0x8, 0x7,
    0xff, 0x21, 0x7e, 0xaf, 0xd4, 0x3, 0xff, 0x8f,
    0xa1, 0xde, 0x1a, 0x1, 0xff, 0xc7, 0x8b, 0x89,
    0xb8, 0x0, 0xff, 0xe4, 0x20, 0x1, 0x0, 0x3f,
    0xf9, 0x23, 0x2c, 0x1, 0xff, 0xca, 0x56, 0x90,
    0xe, 0x32, 0x0, 0xff, 0xe1, 0x98, 0x8, 0x7,
    0x76, 0xb0, 0x7, 0xa1, 0x40, 0x3d, 0x40, 0x1e,
    0x22, 0x2, 0x0, 0x79, 0xeb, 0xed, 0xd9, 0x96,
    0x40, 0x36, 0xca, 0x2e, 0x0, 0x20, 0xe, 0x12,
    0x0, 0x24, 0x4c, 0x90, 0x4, 0x12, 0x6a, 0x86,
    0x1, 0xf8, 0x77, 0x8, 0x3, 0x13, 0xf4, 0x90,
    0x3, 0xc, 0x0, 0xa0, 0x1f, 0x1b, 0x2, 0x7f,
    0xb6, 0x1, 0xb7, 0xfc, 0xe8, 0x0, 0xa9, 0x31,
    0x0, 0x12, 0xda, 0x6, 0x0, 0x7f, 0x86, 0x80,
    0xd, 0x9d, 0xfe, 0xda, 0x40, 0x57, 0x0, 0xff,
    0x97, 0x10, 0x3, 0xe4, 0xba, 0x0, 0xff, 0xe0,
    0x9d, 0xf6, 0x55, 0x2f, 0x7e, 0xd0, 0x3, 0xff,
    0x80,

    /* U+FC7B "ﱻ" */
    0x0, 0xff, 0xe3, 0x91, 0x0, 0x3f, 0xf9, 0x43,
    0xba, 0x10, 0xf, 0xfe, 0x48, 0x99, 0x8, 0x7,
    0xff, 0x21, 0x7e, 0xaf, 0xd4, 0x3, 0xff, 0x8f,
    0xa1, 0xde, 0x1a, 0x1, 0xff, 0xc7, 0x8b, 0x89,
    0xb8, 0x0, 0xff, 0xe4, 0x20, 0x1, 0x0, 0x3f,
    0xf9, 0x23, 0x2c, 0x1, 0xff, 0xca, 0x56, 0x90,
    0xe, 0x32, 0x0, 0xff, 0xe1, 0x98, 0x8, 0x7,
    0x76, 0xb0, 0x7, 0xa1, 0x40, 0x3d, 0x40, 0x1e,
    0x22, 0x2, 0x0, 0x79, 0xeb, 0xed, 0xd9, 0x96,
    0x40, 0x36, 0xca, 0x2e, 0x0, 0x20, 0xe, 0x12,
    0x0, 0x24, 0x4c, 0x90, 0x4, 0x12, 0x6a, 0x86,
    0x1, 0xf8, 0x77, 0x8, 0x3, 0x13, 0xf4, 0x90,
    0x3, 0xc, 0x0, 0xa0, 0x1f, 0x1b, 0x2, 0x7f,
    0xb6, 0x1, 0xb7, 0xfc, 0xe8, 0x0, 0xa9, 0x31,
    0x0, 0x12, 0xda, 0x6, 0x0, 0x7f, 0x86, 0x80,
    0xd, 0x9d, 0xfe, 0xda, 0x40, 0x57, 0x0, 0xff,
    0x97, 0x10, 0x3, 0xe4, 0xba, 0x0, 0xff, 0xe0,
    0x9d, 0xf6, 0x55, 0x2f, 0x7e, 0xd0, 0x3, 0xff,
    0x88, 0x26, 0xaa, 0x42, 0x0, 0xff, 0xe4, 0x39,
    0x3, 0x20, 0x7, 0xff, 0x1e, 0x21, 0xe9, 0x36,
    0x1, 0xff, 0xc7, 0xc0, 0x46, 0x14, 0x0, 0xff,
    0xe1, 0x80,

    /* U+FC7C "ﱼ" */
    0x0, 0xff, 0xe4, 0x42, 0x0, 0x7f, 0xf3, 0x5d,
    0xd6, 0x1, 0xff, 0xcd, 0x41, 0x40, 0xf, 0xfe,
    0x69, 0xf5, 0x80, 0x7f, 0xfa, 0xe, 0xff, 0xa4,
    0x3, 0xff, 0x94, 0x78, 0x80, 0x2d, 0x80, 0x1f,
    0xfc, 0x9f, 0x1, 0x96, 0x3, 0x40, 0xf, 0xfe,
    0x41, 0x84, 0x34, 0x88, 0x60, 0x6, 0x20, 0xf,
    0xfe, 0x29, 0x80, 0x6f, 0x0, 0xdf, 0xe5, 0x0,
    0xf3, 0xa0, 0x7, 0x28, 0x41, 0x48, 0x82, 0x80,
    0x44, 0x40, 0x60, 0xf, 0x4d, 0xf5, 0x3a, 0xab,
    0x40, 0xb5, 0x80, 0xdd, 0x4c, 0x1c, 0x0, 0x60,
    0x1c, 0x26, 0x2, 0xb1, 0x54, 0x80, 0xe, 0x3a,
    0xa6, 0x11, 0x80, 0x7e, 0x1d, 0xb2, 0x0, 0xe1,
    0x49, 0x74, 0x20, 0x1, 0x10, 0xc0, 0xa, 0x1,
    0xf2, 0x30, 0x27, 0xfd, 0xd6, 0xd1, 0x7b, 0xfe,
    0xd0, 0x40, 0x5, 0x49, 0x88, 0x0, 0x96, 0xd0,
    0x30, 0x3, 0xff, 0x82, 0x32, 0x0, 0x6c, 0xef,
    0xf6, 0xd2, 0x2, 0xb8, 0x7, 0xff, 0x9, 0xb1,
    0x0, 0x3e, 0x4b, 0xa0, 0xf, 0xfe, 0x21, 0xdf,
    0x65, 0x52, 0xf7, 0xed, 0x0, 0x3f, 0xf8, 0x60,

    /* U+FC7D "ﱽ" */
    0x0, 0xff, 0xe4, 0x42, 0x0, 0x7f, 0xf3, 0x5d,
    0xd6, 0x1, 0xff, 0xcd, 0x41, 0x40, 0xf, 0xfe,
    0x69, 0xf5, 0x80, 0x7f, 0xfa, 0xe, 0xff, 0xa4,
    0x3, 0xff, 0x94, 0x78, 0x80, 0x2d, 0x80, 0x1f,
    0xfc, 0x9f, 0x1, 0x96, 0x3, 0x40, 0xf, 0xfe,
    0x41, 0x84, 0x34, 0x88, 0x60, 0x6, 0x20, 0xf,
    0xfe, 0x29, 0x80, 0x6f, 0x0, 0xdf, 0xe5, 0x0,
    0xf3, 0xa0, 0x7, 0x28, 0x41, 0x48, 0x82, 0x80,
    0x44, 0x40, 0x60, 0xf, 0x4d, 0xf5, 0x3a, 0xab,
    0x40, 0xb5, 0x80, 0xdd, 0x4c, 0x1c, 0x0, 0x60,
    0x1c, 0x26, 0x2, 0xb1, 0x54, 0x80, 0xe, 0x3a,
    0xa6, 0x11, 0x80, 0x7e, 0x1d, 0xb2, 0x0, 0xe1,
    0x49, 0x74, 0x20, 0x1, 0x10, 0xc0, 0xa, 0x1,
    0xf2, 0x30, 0x27, 0xfd, 0xd6, 0xd1, 0x7b, 0xfe,
    0xd0, 0x40, 0x5, 0x49, 0x88, 0x0, 0x96, 0xd0,
    0x30, 0x3, 0xff, 0x82, 0x32, 0x0, 0x6c, 0xef,
    0xf6, 0xd2, 0x2, 0xb8, 0x7, 0xff, 0x9, 0xb1,
    0x0, 0x3e, 0x4b, 0xa0, 0xf, 0xfe, 0x21, 0xdf,
    0x65, 0x52, 0xf7, 0xed, 0x0, 0x3f, 0xf8, 0xe2,
    0x6a, 0xa4, 0x20, 0xf, 0xfe, 0x5b, 0x90, 0x32,
    0x0, 0x7f, 0xf2, 0xa2, 0x1e, 0x93, 0x60, 0x1f,
    0xfc, 0xac, 0x4, 0x61, 0x40, 0xf, 0xfe, 0x30,

    /* U+FC7E "ﱾ" */
    0x0, 0xff, 0xe3, 0x1b, 0x1, 0x38, 0x80, 0x7f,
    0xf2, 0xb2, 0x57, 0xa2, 0x40, 0x3f, 0xf9, 0x48,
    0x2c, 0x81, 0xa0, 0x1f, 0xfc, 0xab, 0xe3, 0x8f,
    0x50, 0xf, 0xff, 0x31, 0xdf, 0xf4, 0x80, 0x7f,
    0xf2, 0x8f, 0x10, 0x5, 0xb0, 0x3, 0xff, 0x93,
    0xe0, 0x32, 0xc0, 0x68, 0x1, 0xff, 0xc8, 0x30,
    0x86, 0x91, 0xc, 0x0, 0xc4, 0x1, 0xff, 0xc5,
    0x30, 0xd, 0xe0, 0x1b, 0xfc, 0xa0, 0x1e, 0x74,
    0x0, 0xe5, 0x8, 0x29, 0x10, 0x50, 0x8, 0x88,
    0xc, 0x1, 0xe9, 0xbe, 0xa7, 0x55, 0x68, 0x16,
    0xb0, 0x1b, 0xa9, 0x83, 0x80, 0xc, 0x3, 0x84,
    0xc0, 0x56, 0x2a, 0x90, 0x1, 0xc7, 0x54, 0xc2,
    0x30, 0xf, 0xc3, 0xb6, 0x40, 0x1c, 0x29, 0x2e,
    0x84, 0x0, 0x22, 0x18, 0x1, 0x40, 0x3e, 0x46,
    0x4, 0xff, 0xba, 0xda, 0x2f, 0x7f, 0xda, 0x8,
    0x0, 0xa9, 0x31, 0x0, 0x12, 0xda, 0x6, 0x0,
    0x7f, 0xf0, 0x46, 0x40, 0xd, 0x9d, 0xfe, 0xda,
    0x40, 0x57, 0x0, 0xff, 0xe1, 0x36, 0x20, 0x7,
    0xc9, 0x74, 0x1, 0xff, 0xc4, 0x3b, 0xec, 0xaa,
    0x5e, 0xfd, 0xa0, 0x7, 0xff, 0xc,

    /* U+FC7F "ﱿ" */
    0x0, 0xff, 0xe3, 0x1b, 0x1, 0x38, 0x80, 0x7f,
    0xf2, 0xb2, 0x57, 0xa2, 0x40, 0x3f, 0xf9, 0x48,
    0x2c, 0x81, 0xa0, 0x1f, 0xfc, 0xab, 0xe3, 0x8f,
    0x50, 0xf, 0xff, 0x31, 0xdf, 0xf4, 0x80, 0x7f,
    0xf2, 0x8f, 0x10, 0x5, 0xb0, 0x3, 0xff, 0x93,
    0xe0, 0x32, 0xc0, 0x68, 0x1, 0xff, 0xc8, 0x30,
    0x86, 0x91, 0xc, 0x0, 0xc4, 0x1, 0xff, 0xc5,
    0x30, 0xd, 0xe0, 0x1b, 0xfc, 0xa0, 0x1e, 0x74,
    0x0, 0xe5, 0x8, 0x29, 0x10, 0x50, 0x8, 0x88,
    0xc, 0x1, 0xe9, 0xbe, 0xa7, 0x55, 0x68, 0x16,
    0xb0, 0x1b, 0xa9, 0x83, 0x80, 0xc, 0x3, 0x84,
    0xc0, 0x56, 0x2a, 0x90, 0x1, 0xc7, 0x54, 0xc2,
    0x30, 0xf, 0xc3, 0xb6, 0x40, 0x1c, 0x29, 0x2e,
    0x84, 0x0, 0x22, 0x18, 0x1, 0x40, 0x3e, 0x46,
    0x4, 0xff, 0xba, 0xda, 0x2f, 0x7f, 0xda, 0x8,
    0x0, 0xa9, 0x31, 0x0, 0x12, 0xda, 0x6, 0x0,
    0x7f, 0xf0, 0x46, 0x40, 0xd, 0x9d, 0xfe, 0xda,
    0x40, 0x57, 0x0, 0xff, 0xe1, 0x36, 0x20, 0x7,
    0xc9, 0x74, 0x1, 0xff, 0xc4, 0x3b, 0xec, 0xaa,
    0x5e, 0xfd, 0xa0, 0x7, 0xff, 0x1c, 0x4d, 0x54,
    0x84, 0x1, 0xff, 0xcb, 0x72, 0x6, 0x40, 0xf,
    0xfe, 0x54, 0x43, 0xd2, 0x6c, 0x3, 0xff, 0x95,
    0x80, 0x8c, 0x28, 0x1, 0xff, 0xc6,

    /* U+FC80 "ﲀ" */
    0xbf, 0xa0, 0xf, 0xe6, 0x30, 0x8, 0x40, 0x40,
    0x3e, 0x6e, 0x99, 0x0, 0x7f, 0xcb, 0xb2, 0x20,
    0x20, 0x11, 0x83, 0x80, 0x45, 0x94, 0x40, 0x99,
    0x60, 0x10, 0x80, 0x80, 0x7, 0xc, 0x13, 0x2c,
    0xc0, 0x3f, 0x90, 0x41, 0xec, 0xc0, 0x3d, 0xe0,
    0x60, 0x4, 0x10, 0x74, 0x0, 0xfe, 0x10, 0x0,
    0xe0, 0x85, 0x98, 0x7, 0x84, 0x3, 0x8b, 0x4,
    0x34, 0x80, 0x38, 0xc0, 0x3c, 0x58, 0x3, 0xc0,
    0x1f, 0x84, 0x3, 0x15, 0x81, 0xb8, 0x6, 0x10,
    0x1, 0x0, 0x72, 0x10, 0x41, 0x0, 0x4c, 0x0,
    0xf6, 0x62, 0xa9, 0xa4, 0x80, 0x1b, 0xa, 0x24,
    0x40, 0x39, 0x95, 0x52, 0x58, 0x8, 0x41, 0xea,
    0xc3, 0x14, 0x40, 0x38, 0x9f, 0x3d, 0x84, 0x30,

    /* U+FC81 "ﲁ" */
    0x0, 0xff, 0x37, 0xf8, 0x3, 0xf9, 0x14, 0x3,
    0xff, 0x96, 0x99, 0x70, 0x1, 0xff, 0xc1, 0x30,
    0xf, 0x8f, 0x2c, 0xc0, 0x2, 0x1, 0xff, 0xc6,
    0x1a, 0xc3, 0x3, 0xbd, 0x10, 0xf, 0xfe, 0x0,
    0x80, 0x4, 0x1, 0xaa, 0x5, 0x78, 0x80, 0x1f,
    0xfc, 0x27, 0x0, 0xc4, 0x60, 0x9a, 0x80, 0x1f,
    0xfc, 0x73, 0x2, 0x30, 0x47, 0x0, 0xff, 0xe2,
    0x88, 0x7, 0x69, 0x84, 0x30, 0x7, 0xff, 0x1c,
    0x40, 0x3, 0x86, 0x12, 0x80, 0x1f, 0xfc, 0x33,
    0x0, 0x38, 0x6, 0xd2, 0xa, 0x10, 0xe, 0x32,
    0x0, 0xff, 0xe1, 0x8f, 0x80, 0xd8, 0x7, 0x76,
    0xb0, 0x7, 0x84, 0x1, 0x80, 0x1c, 0x4a, 0xa,
    0xa0, 0x8, 0x88, 0x8, 0x1, 0xfc, 0xf0, 0xca,
    0xa6, 0x85, 0x0, 0x54, 0xb1, 0x38, 0x0, 0x80,
    0x3c, 0x20, 0x13, 0xcd, 0x52, 0x5c, 0x4, 0x81,
    0xa7, 0xcc, 0x3, 0xf9, 0x40, 0xe, 0x20, 0x18,
    0x57, 0x35, 0xc8, 0x10, 0xc0, 0xa, 0x1, 0xe8,
    0x1, 0x8e, 0xff, 0xdd, 0x44, 0x11, 0xbf, 0x2a,
    0x21, 0x4e, 0x20, 0x29, 0x66, 0x10, 0x1, 0xff,
    0xc3, 0xa0, 0x4, 0x77, 0xf5, 0xa0, 0x2b, 0x0,
    0x7f, 0xf0, 0xd3, 0x10, 0x3, 0x8a, 0x68, 0x3,
    0xff, 0x8a, 0x77, 0xf9, 0x79, 0xda, 0xc0, 0x1f,
    0xfc, 0x40,

    /* U+FC82 "ﲂ" */
    0x0, 0xff, 0xe3, 0x9a, 0x80, 0x7f, 0xf2, 0x4e,
    0xf2, 0x80, 0x3f, 0xf8, 0xe5, 0x78, 0x80, 0x44,
    0x0, 0xff, 0xe2, 0xc6, 0xa0, 0x1d, 0xe9, 0x0,
    0x7f, 0xf1, 0x29, 0xc0, 0xef, 0x10, 0x3, 0xff,
    0x8c, 0xa0, 0x78, 0x80, 0x1f, 0xfc, 0x14, 0x62,
    0x0, 0xc8, 0x7, 0x40, 0x1f, 0xfc, 0x6, 0xeb,
    0x9d, 0x20, 0xa, 0xd0, 0x16, 0x40, 0x3f, 0xd7,
    0x22, 0x1, 0x40, 0x6, 0xb4, 0x6, 0x70, 0xf,
    0xd6, 0x80, 0x7b, 0x60, 0xa2, 0x1, 0xac, 0xc2,
    0xc, 0x3, 0xd0, 0x80, 0x38, 0x48, 0x60, 0xc0,
    0x1d, 0xa2, 0x1e, 0x1, 0xc2, 0xe0, 0x1, 0x70,
    0x5, 0x4, 0x80, 0x70, 0xb0, 0x1b, 0x80, 0x67,
    0x0, 0x18, 0x45, 0xb6, 0x0, 0xe3, 0x2a, 0xce,
    0xc0, 0x8, 0xb6, 0x20, 0xc0, 0x2c, 0x40, 0x49,
    0x50, 0x1, 0xcd, 0x55, 0x2, 0x6, 0x9, 0x3a,
    0x2, 0xe, 0x17, 0x26, 0x3, 0x50, 0x20, 0x18,
    0x57, 0x31, 0x4, 0xa, 0x1, 0xe6, 0xcf, 0xe5,
    0x7e, 0xff, 0xdd, 0x46, 0xf, 0xbf, 0x40, 0x40,
    0x20, 0x1f, 0xfc, 0xae, 0x5, 0x0, 0xff, 0xe5,
    0x18, 0x8, 0x80, 0x3f, 0xf9, 0x2a, 0x0, 0x50,
    0xf, 0xfe, 0x48, 0x88, 0x30, 0x3, 0xff, 0x94,
    0x80, 0x80, 0x1f, 0xfc, 0xa9, 0xbc, 0x0, 0xff,
    0xe4, 0x80,

    /* U+FC83 "ﲃ" */
    0x0, 0xff, 0xe5, 0x88, 0x7, 0xff, 0x35, 0x77,
    0x0, 0x3f, 0xf9, 0x6b, 0xb4, 0x44, 0x40, 0xf,
    0xfe, 0x41, 0xed, 0x10, 0x2e, 0x20, 0x7, 0xff,
    0x1d, 0xf0, 0x81, 0x76, 0x8c, 0x3, 0xff, 0x91,
    0x20, 0x59, 0x44, 0x1, 0xff, 0xca, 0x20, 0x25,
    0x0, 0xff, 0xe6, 0x69, 0x4, 0xb0, 0x7, 0xff,
    0x2c, 0x74, 0xc2, 0x54, 0x3, 0xff, 0x99, 0x86,
    0x14, 0x40, 0x1e, 0x31, 0x0, 0xff, 0xe2, 0x68,
    0x87, 0x0, 0x7b, 0xb8, 0xc0, 0x1e, 0x75, 0x0,
    0xf8, 0x58, 0xd, 0xc0, 0x31, 0x10, 0x14, 0x3,
    0xd1, 0x5f, 0x6e, 0xcc, 0x55, 0x3a, 0x80, 0x22,
    0xd8, 0xc1, 0xc0, 0x6, 0x1, 0xc2, 0x40, 0x4,
    0x89, 0x95, 0x52, 0x8, 0xc, 0x12, 0x70, 0xc,
    0x3, 0xf0, 0xee, 0x10, 0x7, 0x85, 0x73, 0x10,
    0x40, 0x80, 0x60, 0x5, 0x0, 0xf8, 0xd8, 0x13,
    0xff, 0x75, 0x18, 0x3e, 0xfd, 0x82, 0x0, 0x2a,
    0x4c, 0x40, 0x4, 0xb6, 0x81, 0x80, 0x1f, 0xfc,
    0x11, 0xa0, 0x3, 0x67, 0x7f, 0xb6, 0x90, 0x15,
    0xc0, 0x3f, 0xf8, 0x4b, 0x88, 0x1, 0xf2, 0x5d,
    0x0, 0x7f, 0xf1, 0xe, 0xfb, 0x2a, 0x97, 0xbf,
    0x68, 0x1, 0xff, 0xc3,

    /* U+FC84 "ﲄ" */
    0x0, 0xff, 0xe5, 0x88, 0x7, 0xff, 0x35, 0x77,
    0x0, 0x3f, 0xf9, 0x6b, 0xb4, 0x44, 0x40, 0xf,
    0xfe, 0x41, 0xed, 0x10, 0x2e, 0x20, 0x7, 0xff,
    0x1d, 0xf0, 0x81, 0x76, 0x8c, 0x3, 0xff, 0x91,
    0x20, 0x59, 0x44, 0x1, 0xff, 0xca, 0x20, 0x25,
    0x0, 0xff, 0xe6, 0x69, 0x4, 0xb0, 0x7, 0xff,
    0x2c, 0x74, 0xc2, 0x54, 0x3, 0xff, 0x99, 0x86,
    0x14, 0x40, 0x1e, 0x31, 0x0, 0xff, 0xe2, 0x68,
    0x87, 0x0, 0x7b, 0xb8, 0xc0, 0x1e, 0x75, 0x0,
    0xf8, 0x58, 0xd, 0xc0, 0x31, 0x10, 0x14, 0x3,
    0xd1, 0x5f, 0x6e, 0xcc, 0x55, 0x3a, 0x80, 0x22,
    0xd8, 0xc1, 0xc0, 0x6, 0x1, 0xc2, 0x40, 0x4,
    0x89, 0x95, 0x52, 0x8, 0xc, 0x12, 0x70, 0xc,
    0x3, 0xf0, 0xee, 0x10, 0x7, 0x85, 0x73, 0x10,
    0x40, 0x80, 0x60, 0x5, 0x0, 0xf8, 0xd8, 0x13,
    0xff, 0x75, 0x18, 0x3e, 0xfd, 0x82, 0x0, 0x2a,
    0x4c, 0x40, 0x4, 0xb6, 0x81, 0x80, 0x1f, 0xfc,
    0x11, 0xa0, 0x3, 0x67, 0x7f, 0xb6, 0x90, 0x15,
    0xc0, 0x3f, 0xf8, 0x4b, 0x88, 0x1, 0xf2, 0x5d,
    0x0, 0x7f, 0xf1, 0xe, 0xfb, 0x2a, 0x97, 0xbf,
    0x68, 0x1, 0xff, 0xc7, 0x13, 0x55, 0x21, 0x0,
    0x7f, 0xf2, 0xdc, 0x81, 0x90, 0x3, 0xff, 0x95,
    0x10, 0xf4, 0x9b, 0x0, 0xff, 0xe5, 0x60, 0x23,
    0xa, 0x0, 0x7f, 0xf1, 0x80,

    /* U+FC85 "ﲅ" */
    0x0, 0xff, 0xe1, 0x5f, 0xd8, 0x7, 0xff, 0x18,
    0x41, 0xc0, 0x3f, 0xf8, 0xc6, 0x1, 0xff, 0xca,
    0x10, 0xf, 0xfe, 0x30, 0x80, 0x7f, 0xf2, 0x8c,
    0x3, 0xfc, 0x8c, 0x40, 0x1d, 0xe0, 0x1f, 0xe6,
    0xeb, 0x9d, 0x20, 0xf, 0x8, 0x7, 0xd7, 0x22,
    0x1, 0x40, 0x6, 0x10, 0xf, 0xd6, 0x80, 0x7b,
    0x60, 0xa2, 0x1, 0xff, 0x42, 0x0, 0xe1, 0x21,
    0x83, 0x0, 0x46, 0x0, 0x10, 0x8, 0x5c, 0x0,
    0x2e, 0x0, 0xa0, 0x90, 0x8, 0xc0, 0xa, 0x1,
    0x38, 0x0, 0xc2, 0x2d, 0xb0, 0x7, 0x19, 0x96,
    0x0, 0xa7, 0x40, 0xc0, 0x2c, 0x40, 0x49, 0x50,
    0x1, 0xcc, 0x88, 0x4, 0x51, 0x6a, 0x20, 0xe1,
    0x72, 0x60, 0x35, 0x2, 0x0, 0x3c, 0xd4, 0x1,
    0x70, 0xe, 0x6c, 0xfe, 0x57, 0xef, 0xf6, 0x19,
    0xaf, 0xf8, 0x88, 0x2, 0x1, 0xff, 0xc6, 0xe0,
    0x50, 0xf, 0xfe, 0x31, 0x80, 0x88, 0x3, 0xff,
    0x8a, 0xa0, 0x5, 0x0, 0xff, 0xe2, 0x88, 0x83,
    0x0, 0x3f, 0xf8, 0xc8, 0x8, 0x1, 0xff, 0xc6,
    0x9b, 0xc0, 0xf, 0xfe, 0x28,

    /* U+FC86 "ﲆ" */
    0x0, 0xff, 0xe2, 0xd7, 0xe0, 0x7, 0xff, 0x24,
    0xc0, 0x3f, 0xf9, 0xa2, 0x1, 0xff, 0xc9, 0x10,
    0xf, 0xfe, 0x69, 0x80, 0x7f, 0xf2, 0x7c, 0x3,
    0xff, 0x9a, 0x20, 0x1f, 0xfc, 0x91, 0x0, 0xff,
    0xe5, 0x98, 0x7, 0xff, 0x38, 0x40, 0x31, 0x90,
    0x7, 0xff, 0x2b, 0xb5, 0x80, 0x3d, 0xa, 0x1,
    0xf9, 0x0, 0x22, 0x20, 0x20, 0x7, 0x9e, 0xbe,
    0xdd, 0x99, 0x0, 0xb, 0x75, 0x7, 0x0, 0x10,
    0x7, 0x9, 0x0, 0x12, 0x26, 0x44, 0x2, 0x28,
    0xa5, 0x30, 0xf, 0xc3, 0xb8, 0x40, 0x18, 0xef,
    0x10, 0x5, 0xcc, 0x0, 0xa0, 0x1f, 0x1b, 0x2,
    0x7f, 0xb1, 0xa, 0xff, 0x89, 0x0, 0x15, 0x26,
    0x20, 0x2, 0x5b, 0x40, 0xc0, 0xf, 0xe1, 0xa0,
    0x3, 0x67, 0x7f, 0xb6, 0x90, 0x15, 0xc0, 0x3f,
    0xcb, 0x88, 0x1, 0xf2, 0x5d, 0x0, 0x7f, 0xf0,
    0xe, 0xfb, 0x2a, 0x97, 0xbf, 0x68, 0x1, 0xff,
    0x0,

    /* U+FC87 "ﲇ" */
    0x0, 0xff, 0xe2, 0xd7, 0xe0, 0x7, 0xff, 0x24,
    0xc0, 0x3f, 0xf9, 0xa2, 0x1, 0xff, 0xc9, 0x10,
    0xf, 0xfe, 0x69, 0x80, 0x7f, 0xf2, 0x7c, 0x3,
    0xff, 0x9a, 0x20, 0x1f, 0xfc, 0x91, 0x0, 0xff,
    0xe5, 0x98, 0x7, 0xff, 0x38, 0x40, 0x31, 0x90,
    0x7, 0xff, 0x2b, 0xb5, 0x80, 0x3d, 0xa, 0x1,
    0xf9, 0x0, 0x22, 0x20, 0x20, 0x7, 0x9e, 0xbe,
    0xdd, 0x99, 0x0, 0xb, 0x75, 0x7, 0x0, 0x10,
    0x7, 0x9, 0x0, 0x12, 0x26, 0x44, 0x2, 0x28,
    0xa5, 0x30, 0xf, 0xc3, 0xb8, 0x40, 0x18, 0xef,
    0x10, 0x5, 0xcc, 0x0, 0xa0, 0x1f, 0x1b, 0x2,
    0x7f, 0xb1, 0xa, 0xff, 0x89, 0x0, 0x15, 0x26,
    0x20, 0x2, 0x5b, 0x40, 0xc0, 0xf, 0xe1, 0xa0,
    0x3, 0x67, 0x7f, 0xb6, 0x90, 0x15, 0xc0, 0x3f,
    0xcb, 0x88, 0x1, 0xf2, 0x5d, 0x0, 0x7f, 0xf0,
    0xe, 0xfb, 0x2a, 0x97, 0xbf, 0x68, 0x1, 0xff,
    0xc3, 0x13, 0x55, 0x21, 0x0, 0x7f, 0xf1, 0xdc,
    0x81, 0x90, 0x3, 0xff, 0x8d, 0x10, 0xf4, 0x9b,
    0x0, 0xff, 0xe3, 0x60, 0x23, 0xa, 0x0, 0x7f,
    0xf0, 0x80,

    /* U+FC88 "ﲈ" */
    0xbf, 0xa0, 0xf, 0xfe, 0x20, 0x80, 0x80, 0x7f,
    0xf5, 0xcc, 0x1c, 0x3, 0xff, 0x88, 0x20, 0x20,
    0x1f, 0xfd, 0x7f, 0x3, 0x0, 0xf8, 0x50, 0x80,
    0x3f, 0x8, 0x7, 0xa3, 0xaf, 0x5c, 0x3, 0x84,
    0x3, 0xe8, 0x70, 0xa, 0x10, 0x3, 0x18, 0x7,
    0x89, 0xc2, 0x78, 0x82, 0x0, 0x3e, 0x10, 0xa,
    0x41, 0x58, 0x64, 0xc, 0xc0, 0x10, 0x80, 0x8,
    0x0, 0x68, 0x8, 0x40, 0x82, 0x10, 0x1, 0x30,
    0x3, 0xd9, 0xf8, 0x0, 0x38, 0xec, 0x20, 0x94,
    0xa2, 0x44, 0x3, 0x98, 0x20, 0xb2, 0x18, 0x90,
    0x9, 0x6a, 0x3, 0x14, 0x40, 0x5, 0x69, 0x8e,
    0x20, 0x9c, 0xc2, 0x18,

    /* U+FC89 "ﲉ" */
    0x0, 0xf1, 0x20, 0x80, 0x7f, 0x21, 0x80, 0x7f,
    0x93, 0x75, 0x7e, 0x20, 0x1e, 0x4e, 0xbc, 0xc0,
    0x7, 0xea, 0xb2, 0x0, 0xc, 0x0, 0x71, 0xd8,
    0x80, 0xe, 0x40, 0x3d, 0x4a, 0x7, 0xb6, 0xc,
    0x20, 0x1b, 0x81, 0x79, 0xc1, 0x84, 0x3, 0x3a,
    0x80, 0xe1, 0x21, 0x83, 0x80, 0x4a, 0x43, 0x43,
    0x2, 0x12, 0x1, 0xa0, 0x0, 0x2e, 0x0, 0xa0,
    0x80, 0xa, 0x0, 0x54, 0x0, 0xe0, 0xc2, 0x0,
    0x60, 0x1, 0x84, 0x5b, 0x60, 0xe, 0x35, 0x10,
    0x2, 0xa5, 0x50, 0x7, 0x18, 0xbc, 0xb, 0x10,
    0x12, 0x54, 0x0, 0x72, 0xa1, 0xa, 0xd, 0x44,
    0x0, 0x29, 0xc2, 0x7, 0xb, 0x93, 0x1, 0xb9,
    0x20, 0x17, 0x75, 0x49, 0x81, 0x64, 0x90, 0x20,
    0x7, 0x36, 0x7f, 0x23, 0x6f, 0xf4, 0x0, 0x1b,
    0x3f, 0x4d, 0xb7, 0xe8, 0x80, 0x40, 0x3f, 0xf9,
    0x7c, 0xa, 0x1, 0xff, 0xcb, 0x20, 0x11, 0x0,
    0x7f, 0xf2, 0x9c, 0x0, 0xa0, 0x1f, 0xfc, 0xa2,
    0x10, 0xc0, 0xf, 0xfe, 0x5a, 0x2, 0x0, 0x7f,
    0xf2, 0xe6, 0xf0, 0x3, 0xff, 0x94,

    /* U+FC8A "ﲊ" */
    0x0, 0xff, 0xe0, 0x4f, 0xa0, 0x7, 0xff, 0x11,
    0x83, 0x0, 0x3f, 0xf8, 0x96, 0xf2, 0x1, 0xff,
    0xc4, 0x48, 0x10, 0xf, 0xcf, 0xd0, 0x1, 0xc4,
    0x82, 0x1, 0xfb, 0x45, 0xc0, 0x3a, 0xaf, 0x40,
    0x3f, 0x48, 0x1, 0x40, 0x31, 0x82, 0x80, 0x7e,
    0x32, 0xe, 0x0, 0x85, 0x0, 0x3f, 0xe6, 0x4,
    0xa6, 0x66, 0x80, 0x1a, 0x19, 0x0, 0x3c, 0xc0,
    0x5, 0x99, 0x18, 0x8, 0x3c, 0xda, 0x0, 0x64,
    0x20, 0x72, 0x0, 0x1c, 0xfa, 0x88, 0xb, 0x0,
    0x47, 0x40, 0x71, 0xbf, 0xec, 0x61, 0xae, 0xfe,
    0x20, 0x18, 0xc1, 0xe, 0x0, 0xff, 0xe0, 0x2f,
    0x38, 0xe, 0x10, 0x7, 0xff, 0x1, 0x80, 0xd,
    0xc6, 0x1, 0xff, 0xc1, 0x3a, 0xe9, 0x0, 0xff,
    0xe1, 0x80,

    /* U+FC8B "ﲋ" */
    0x0, 0x87, 0x74, 0x20, 0x1f, 0xfc, 0x35, 0x22,
    0x80, 0x3a, 0x7d, 0x0, 0x3e, 0x48, 0x81, 0x80,
    0x73, 0x6, 0x0, 0x7e, 0x77, 0x0, 0x7a, 0xde,
    0x40, 0x3f, 0xf8, 0x89, 0x2, 0x1, 0xf9, 0xfa,
    0x0, 0x38, 0x90, 0x40, 0x3f, 0x68, 0xb8, 0x7,
    0x55, 0xe8, 0x7, 0xe9, 0x0, 0x28, 0x6, 0x30,
    0x50, 0xf, 0xc6, 0x41, 0xc0, 0x10, 0xa0, 0x7,
    0xfc, 0xc0, 0x94, 0xcc, 0xd0, 0x3, 0x43, 0x20,
    0x7, 0x98, 0x0, 0xb3, 0x23, 0x1, 0x7, 0x9b,
    0x40, 0xc, 0x84, 0xe, 0x40, 0x3, 0x9f, 0x51,
    0x1, 0x60, 0x8, 0xe8, 0xe, 0x37, 0xfd, 0x8c,
    0x35, 0xdf, 0xc4, 0x3, 0x18, 0x21, 0xc0, 0x1f,
    0xfc, 0x5, 0xe7, 0x1, 0xc2, 0x0, 0xff, 0xe0,
    0x30, 0x1, 0xb8, 0xc0, 0x3f, 0xf8, 0x27, 0x5d,
    0x20, 0x1f, 0xfc, 0x30,

    /* U+FC8C "ﲌ" */
    0x0, 0xff, 0xe1, 0xac, 0x0, 0x7f, 0xf2, 0x29,
    0xd8, 0x3, 0xff, 0x8e, 0x82, 0xa0, 0x1f, 0xe4,
    0x62, 0x0, 0xf5, 0xf1, 0x80, 0x7e, 0x6e, 0xb9,
    0xd2, 0x0, 0xff, 0xe1, 0xdc, 0x88, 0x5, 0x0,
    0x1c, 0xf6, 0xc0, 0x1e, 0xb4, 0x3, 0xdb, 0x5,
    0x10, 0xd, 0x89, 0xe0, 0x1d, 0x8, 0x3, 0x84,
    0x86, 0xc, 0x1, 0x94, 0x38, 0x3, 0xb, 0x80,
    0x5, 0xc0, 0x14, 0x12, 0x1, 0x18, 0x80, 0x79,
    0xc0, 0x6, 0x11, 0x6d, 0x80, 0x38, 0xcf, 0xc0,
    0x8, 0x83, 0x20, 0x60, 0x16, 0x20, 0x24, 0xa8,
    0x0, 0xe6, 0x8, 0x4, 0x1e, 0x6c, 0x84, 0x1c,
    0x2e, 0x4c, 0x6, 0xa0, 0x40, 0x7, 0x58, 0x82,
    0x4, 0x40, 0xe, 0x6c, 0xfe, 0x57, 0xef, 0xf6,
    0x29, 0x5f, 0x7e, 0x81, 0x0, 0x80, 0x7f, 0xf1,
    0xf8, 0x14, 0x3, 0xff, 0x8e, 0x60, 0x22, 0x0,
    0xff, 0xe3, 0x28, 0x1, 0x40, 0x3f, 0xf8, 0xc2,
    0x20, 0xc0, 0xf, 0xfe, 0x3a, 0x2, 0x0, 0x7f,
    0xf1, 0xe6, 0xf0, 0x3, 0xff, 0x8c,

    /* U+FC8D "ﲍ" */
    0x0, 0xf4, 0x30, 0x7, 0xfa, 0xb8, 0xc0, 0x3f,
    0x95, 0xe4, 0x80, 0x3f, 0x94, 0x6c, 0x3, 0xf9,
    0xc4, 0xc8, 0x3, 0xfa, 0x9e, 0x40, 0x3f, 0x8b,
    0xb0, 0x3, 0xfc, 0xb0, 0x20, 0x1f, 0xfc, 0x32,
    0x20, 0x7, 0x12, 0x8, 0x7, 0xff, 0xb, 0x36,
    0x0, 0x3a, 0xed, 0x40, 0x1c, 0x40, 0x1f, 0x90,
    0x10, 0x3, 0x94, 0xc, 0x3, 0xbf, 0xca, 0x1,
    0xec, 0x1, 0x40, 0x8, 0x4c, 0x3, 0xc4, 0x40,
    0x60, 0xf, 0x20, 0x2, 0xa1, 0x99, 0xa0, 0x7,
    0x86, 0x40, 0x70, 0x1, 0x80, 0x7f, 0xb, 0xcc,
    0x8c, 0x4, 0x1e, 0x6c, 0xcc, 0x1, 0xff, 0xc0,
    0x52, 0x0, 0x1d, 0x7a, 0x88, 0x11, 0xc, 0x0,
    0x80, 0x1e, 0x70, 0x5, 0xef, 0xfb, 0x14, 0x6b,
    0xbf, 0x45, 0x0, 0x16, 0xc2, 0x0, 0x39, 0x80,
    0x51, 0x0, 0xff, 0x86, 0x40, 0x13, 0xdf, 0xec,
    0x60, 0x2b, 0x0, 0xff, 0xe0, 0xb5, 0x10, 0x7,
    0x9f, 0x44, 0x3, 0xff, 0x84, 0xbb, 0xab, 0xaa,
    0x67, 0xc0, 0x7, 0xff, 0x8,

    /* U+FC8E "ﲎ" */
    0x0, 0xff, 0xe3, 0x5f, 0x18, 0x7, 0xff, 0x29,
    0x5, 0x0, 0x3f, 0xf9, 0x54, 0xee, 0x0, 0xff,
    0xe5, 0x2c, 0x0, 0x7f, 0xf2, 0xc9, 0x4, 0x3,
    0xff, 0x95, 0x77, 0x0, 0x71, 0x0, 0x7f, 0xf1,
    0x14, 0x8, 0x3, 0xbf, 0xca, 0x1, 0xe7, 0x40,
    0xe, 0x13, 0xf, 0x0, 0xc4, 0x40, 0x60, 0xf,
    0x45, 0xfd, 0xbb, 0x33, 0x0, 0x11, 0x6, 0x40,
    0x70, 0x1, 0x80, 0x70, 0x90, 0x1, 0x22, 0x64,
    0x40, 0x20, 0xf3, 0x66, 0x60, 0xf, 0xc3, 0xb8,
    0x40, 0x18, 0xeb, 0xd4, 0x40, 0x88, 0x60, 0x5,
    0x0, 0xf8, 0xd8, 0x13, 0xfd, 0x8a, 0x35, 0xdf,
    0xa2, 0x80, 0xa, 0x93, 0x10, 0x1, 0x2d, 0xa0,
    0x60, 0x7, 0xf8, 0x68, 0x0, 0xd9, 0xdf, 0xed,
    0xa4, 0x5, 0x70, 0xf, 0xf9, 0x71, 0x0, 0x3e,
    0x4b, 0xa0, 0xf, 0xfe, 0x9, 0xdf, 0x65, 0x52,
    0xf7, 0xed, 0x0, 0x3f, 0xf8, 0x0,

    /* U+FC8F "ﲏ" */
    0x0, 0xff, 0xe3, 0x5f, 0x18, 0x7, 0xff, 0x29,
    0x5, 0x0, 0x3f, 0xf9, 0x54, 0xee, 0x0, 0xff,
    0xe5, 0x2c, 0x0, 0x7f, 0xf2, 0xc9, 0x4, 0x3,
    0xff, 0x95, 0x77, 0x0, 0x71, 0x0, 0x7f, 0xf1,
    0x14, 0x8, 0x3, 0xbf, 0xca, 0x1, 0xe7, 0x40,
    0xe, 0x13, 0xf, 0x0, 0xc4, 0x40, 0x60, 0xf,
    0x45, 0xfd, 0xbb, 0x33, 0x0, 0x11, 0x6, 0x40,
    0x70, 0x1, 0x80, 0x70, 0x90, 0x1, 0x22, 0x64,
    0x40, 0x20, 0xf3, 0x66, 0x60, 0xf, 0xc3, 0xb8,
    0x40, 0x18, 0xeb, 0xd4, 0x40, 0x88, 0x60, 0x5,
    0x0, 0xf8, 0xd8, 0x13, 0xfd, 0x8a, 0x35, 0xdf,
    0xa2, 0x80, 0xa, 0x93, 0x10, 0x1, 0x2d, 0xa0,
    0x60, 0x7, 0xf8, 0x68, 0x0, 0xd9, 0xdf, 0xed,
    0xa4, 0x5, 0x70, 0xf, 0xf9, 0x71, 0x0, 0x3e,
    0x4b, 0xa0, 0xf, 0xfe, 0x9, 0xdf, 0x65, 0x52,
    0xf7, 0xed, 0x0, 0x3f, 0xf8, 0x82, 0x6a, 0xa4,
    0x20, 0xf, 0xfe, 0x43, 0x90, 0x32, 0x0, 0x7f,
    0xf1, 0xe2, 0x1e, 0x93, 0x60, 0x1f, 0xfc, 0x7c,
    0x4, 0x61, 0x40, 0xf, 0xfe, 0x18,

    /* U+FC90 "ﲐ" */
    0x0, 0x9f, 0xc0, 0x3f, 0xf8, 0xa2, 0x1, 0xff,
    0xc2, 0x10, 0xf, 0xfe, 0x22, 0xb8, 0x7, 0xff,
    0xc, 0xe0, 0x40, 0x3f, 0xf8, 0x4, 0x1, 0xff,
    0xc4, 0xff, 0x28, 0x7, 0x9d, 0x0, 0x38, 0x88,
    0xc, 0x1, 0xe9, 0xbe, 0xa7, 0x52, 0x70, 0x1,
    0x80, 0x70, 0x98, 0xa, 0xc5, 0x79, 0x80, 0x7e,
    0x1d, 0xc2, 0x0, 0x90, 0xc0, 0xa, 0x1, 0xf1,
    0xb0, 0x27, 0xca, 0x0, 0x2a, 0x4c, 0x40, 0x4,
    0xb6, 0x81, 0x80, 0x1, 0x90, 0x3, 0x67, 0x7f,
    0xb6, 0x90, 0x15, 0xc0, 0x26, 0xc4, 0x0, 0xf9,
    0x2e, 0x80, 0x38, 0xef, 0xb2, 0xa9, 0x7b, 0xf6,
    0x80, 0x18,

    /* U+FC91 "ﲑ" */
    0x0, 0xe1, 0x10, 0x7, 0xff, 0x12, 0x7a, 0x0,
    0x3c, 0xe8, 0x1, 0xfe, 0x60, 0xe, 0x28, 0xb2,
    0x0, 0xfa, 0xc0, 0xc, 0x1, 0x90, 0x0, 0x40,
    0x1f, 0x11, 0x2, 0x80, 0x36, 0x80, 0x7f, 0xcc,
    0x7, 0x4c, 0xca, 0x40, 0x5, 0xba, 0x90, 0x7,
    0x30, 0x1, 0x66, 0x4a, 0x2, 0x9, 0x15, 0xc0,
    0x18, 0xc8, 0x1c, 0x80, 0x4, 0xfd, 0x46, 0x0,
    0x40, 0x8, 0xb4, 0xa, 0x37, 0xfd, 0xb0, 0xb,
    0x9f, 0xe8, 0x0, 0x36, 0x8, 0x70, 0x7, 0xff,
    0x1, 0x36, 0x44, 0x2c, 0xc0, 0x23, 0xea, 0x1d,
    0xc0, 0xc, 0x40, 0x9a, 0x80, 0x19, 0x45, 0x8,
    0x86, 0x40, 0x4, 0x7c, 0xb2, 0x0, 0xe6, 0x9d,
    0x3a, 0xa1, 0x0, 0x0,

    /* U+FC92 "ﲒ" */
    0x0, 0x87, 0x74, 0x20, 0x1f, 0xfc, 0x35, 0x22,
    0x80, 0x3f, 0xf8, 0x69, 0x10, 0x30, 0xf, 0xfe,
    0x23, 0xb8, 0x3, 0xff, 0x8e, 0x20, 0x1f, 0xfc,
    0x47, 0xe8, 0x0, 0xf2, 0x98, 0x7, 0xed, 0x16,
    0x0, 0xe2, 0xac, 0x20, 0xf, 0xa4, 0x0, 0xa0,
    0x19, 0xc0, 0x4, 0x1, 0xf1, 0x90, 0x70, 0x6,
    0xe0, 0xf, 0xf9, 0x81, 0x29, 0x99, 0x48, 0x0,
    0xb7, 0x52, 0x0, 0xe6, 0x0, 0x2c, 0xc9, 0x40,
    0x41, 0x22, 0xb8, 0x3, 0x19, 0x3, 0x90, 0x0,
    0x9f, 0xa8, 0xc0, 0x8, 0x1, 0x16, 0x81, 0x46,
    0xff, 0xb6, 0x1, 0x73, 0xfd, 0x0, 0x5, 0xc1,
    0xe, 0x0, 0xff, 0xe0, 0x26, 0xd0, 0x85, 0x98,
    0x4, 0x7d, 0x43, 0xb8, 0x1, 0x88, 0x13, 0x50,
    0x3, 0x28, 0xa1, 0x10, 0xc8, 0x0, 0x8f, 0x96,
    0x40, 0x1c, 0xd3, 0xa7, 0x54, 0x20, 0x0,

    /* U+FC93 "ﲓ" */
    0x0, 0xf2, 0x31, 0x0, 0x7f, 0xf1, 0x5b, 0xae,
    0x74, 0x80, 0x3f, 0xf8, 0x77, 0x22, 0x1, 0x40,
    0x7, 0x16, 0x50, 0x7, 0xb1, 0x0, 0xf6, 0xc1,
    0x44, 0x3, 0x39, 0xa8, 0x7, 0x41, 0x80, 0xe1,
    0x21, 0x83, 0x0, 0x6d, 0x2, 0x0, 0xc2, 0xe0,
    0x1, 0x70, 0x5, 0x4, 0x80, 0x66, 0x0, 0xf3,
    0x80, 0xc, 0x22, 0xdb, 0x0, 0x71, 0x99, 0x82,
    0x5, 0x6c, 0xa3, 0x80, 0x58, 0x80, 0x92, 0xa0,
    0x3, 0x99, 0x18, 0x10, 0x24, 0xd5, 0x4, 0x1c,
    0x2e, 0x4c, 0x6, 0xa0, 0x40, 0x5, 0x1b, 0x4,
    0x0, 0xc0, 0xe, 0x6c, 0xfe, 0x57, 0xef, 0xf6,
    0xb8, 0x3e, 0xff, 0x9c, 0x80, 0x40, 0x3f, 0xe7,
    0x20, 0x63, 0x0, 0xb8, 0x14, 0x3, 0xfd, 0x10,
    0xe5, 0x9c, 0x0, 0x8c, 0x4, 0x40, 0x1f, 0xd8,
    0x8, 0xe2, 0x80, 0x12, 0x80, 0x14, 0x3, 0xf9,
    0x3e, 0xb, 0xac, 0x2, 0x11, 0x6, 0x0, 0x7f,
    0xf1, 0xd0, 0x10, 0x3, 0xff, 0x8f, 0x19, 0x80,
    0xf, 0xfe, 0x30,

    /* U+FC94 "ﲔ" */
    0x0, 0xf4, 0x30, 0x7, 0xff, 0x29, 0x5e, 0x48,
    0x3, 0xff, 0x92, 0xe2, 0x64, 0x1, 0xff, 0xc9,
    0x2e, 0xc0, 0xf, 0xfe, 0x81, 0x10, 0x3, 0xca,
    0x40, 0x1f, 0xfc, 0x2c, 0xd8, 0x0, 0xe2, 0xad,
    0x10, 0xc, 0x40, 0x1f, 0x90, 0x10, 0x3, 0x90,
    0x4, 0x40, 0x1b, 0xfc, 0xa0, 0x1e, 0xc0, 0x14,
    0x0, 0xd4, 0x1, 0xe2, 0x20, 0x30, 0x7, 0x90,
    0x1, 0x50, 0xcc, 0xb3, 0x1, 0xb6, 0x51, 0x70,
    0x1, 0x80, 0x7f, 0xb, 0xcc, 0x90, 0x4, 0x12,
    0x6a, 0x86, 0x1, 0xff, 0xc0, 0x52, 0x0, 0x13,
    0xf4, 0x98, 0x3, 0xc, 0x0, 0x80, 0x1e, 0x70,
    0x5, 0xef, 0xfb, 0x60, 0x1b, 0x3f, 0xce, 0xa2,
    0x16, 0xc2, 0x0, 0x39, 0x80, 0x61, 0x0, 0x90,
    0x40, 0xc8, 0x3, 0x50, 0x2, 0x7b, 0xfd, 0x8c,
    0x9, 0x20, 0x13, 0x5e, 0x1e, 0x68, 0x6, 0x4d,
    0x50, 0xe, 0x39, 0xb0, 0xc, 0x60, 0xc2, 0x2,
    0x1, 0xc5, 0x5f, 0xdb, 0xdf, 0x8c, 0x1, 0xcb,
    0xd6, 0x5d, 0xc0, 0x8,

    /* U+FC95 "ﲕ" */
    0x0, 0xff, 0xe3, 0xba, 0x0, 0x7f, 0xf2, 0x8e,
    0x2c, 0x3, 0x8c, 0x40, 0x3f, 0xf8, 0x68, 0x2,
    0x1, 0xdd, 0xc6, 0x0, 0xf3, 0xa8, 0x7, 0xac,
    0x3, 0xc4, 0x40, 0x50, 0xf, 0x45, 0x7d, 0xbb,
    0x32, 0xcc, 0x6, 0xd9, 0x45, 0xc0, 0x6, 0x1,
    0xc2, 0x40, 0x4, 0x89, 0x92, 0x0, 0x82, 0x4d,
    0x50, 0xc0, 0x3f, 0xe, 0xe1, 0x0, 0x62, 0x7e,
    0x92, 0x0, 0x61, 0x0, 0x14, 0x3, 0xe3, 0x60,
    0x4f, 0xf6, 0xc0, 0x36, 0xff, 0x9d, 0x4, 0x2a,
    0x4c, 0x40, 0x4, 0xb6, 0x81, 0x80, 0x4, 0x10,
    0x42, 0x0, 0xd4, 0x0, 0x6c, 0xef, 0xf6, 0xd2,
    0x3, 0xb8, 0x1e, 0xf1, 0x2f, 0x40, 0x32, 0x73,
    0x90, 0x7, 0x1b, 0xec, 0x0, 0x8, 0x19, 0x80,
    0x40, 0x1c, 0x31, 0xbf, 0xba, 0xef, 0xc8, 0x20,
    0x9, 0x7a, 0xcb, 0xb4, 0x2,

    /* U+FC96 "ﲖ" */
    0x0, 0xff, 0xe3, 0xba, 0x0, 0x7f, 0xf2, 0x8e,
    0x2c, 0x3, 0x8c, 0x40, 0x3f, 0xf8, 0x68, 0x2,
    0x1, 0xdd, 0xc6, 0x0, 0xf3, 0xa8, 0x7, 0xac,
    0x3, 0xc4, 0x40, 0x50, 0xf, 0x45, 0x7d, 0xbb,
    0x32, 0xcc, 0x6, 0xd9, 0x45, 0xc0, 0x6, 0x1,
    0xc2, 0x40, 0x4, 0x89, 0x92, 0x0, 0x82, 0x4d,
    0x50, 0xc0, 0x3f, 0xe, 0xe1, 0x0, 0x62, 0x7e,
    0x92, 0x0, 0x61, 0x0, 0x14, 0x3, 0xe3, 0x60,
    0x4f, 0xf6, 0xc0, 0x36, 0xff, 0x9d, 0x4, 0x2a,
    0x4c, 0x40, 0x4, 0xb6, 0x81, 0x80, 0x4, 0x10,
    0x42, 0x0, 0xd4, 0x0, 0x6c, 0xef, 0xf6, 0xd2,
    0x3, 0xb8, 0x1e, 0xf1, 0x2f, 0x40, 0x32, 0x73,
    0x90, 0x7, 0x1b, 0xec, 0x0, 0x8, 0x19, 0x80,
    0x40, 0x1c, 0x31, 0xbf, 0xba, 0xef, 0xc8, 0x20,
    0x9, 0x7a, 0xcb, 0xb4, 0x3, 0xf8, 0x88, 0x20,
    0x1f, 0x84, 0x0, 0x20, 0x1f, 0xce, 0x40, 0xc8,
    0x1, 0xff, 0xc7, 0x88, 0x7a, 0x4d, 0x80, 0x7f,
    0xf1, 0xf0, 0x11, 0x85, 0x0, 0x3f, 0xf8, 0x60,

    /* U+FC97 "ﲗ" */
    0x0, 0xff, 0xe1, 0x5f, 0xc0, 0x7, 0xff, 0x9,
    0xd2, 0xac, 0x3, 0xff, 0x84, 0x20, 0xe6, 0x1,
    0xff, 0xc2, 0x41, 0xdf, 0x60, 0xf, 0xfe, 0xa,
    0x2, 0xd3, 0x0, 0x7f, 0xf0, 0x5b, 0xa9, 0x40,
    0x3f, 0xf8, 0x62, 0xf8, 0x0, 0xaf, 0xf7, 0x5b,
    0x88, 0x7, 0x8a, 0xd, 0x40, 0x30, 0xa4, 0x75,
    0x20, 0x6, 0x31, 0xc, 0xb, 0xff, 0x76, 0x38,
    0xad, 0xfb, 0x80, 0x4e, 0xa, 0x2, 0x0, 0x13,
    0x86, 0x0, 0xb8, 0x2, 0xf0, 0x20, 0xe, 0x6d,
    0x70, 0x4, 0x58, 0x7, 0x91, 0xa3, 0x3e, 0x48,
    0x4c, 0x26, 0x99, 0x8f, 0x0, 0xb3, 0x27, 0x30,
    0x18, 0xee, 0x8, 0x9e, 0x65, 0x2, 0x10, 0x40,
    0x4d, 0x5c, 0xe0, 0x58, 0xa2, 0x0, 0x15, 0xc3,
    0xff, 0x6c, 0xa8, 0x6, 0x2a, 0xef, 0xf7, 0x51,
    0x80, 0x70, 0xb8, 0x80, 0x7f, 0xf0, 0xea, 0x2c,
    0x3, 0xff, 0x87, 0x81, 0x80, 0x1f, 0xf0,

    /* U+FC98 "ﲘ" */
    0x0, 0xff, 0xe1, 0x5f, 0xc0, 0x7, 0xff, 0x9,
    0xd2, 0xac, 0x3, 0xff, 0x84, 0x20, 0xe6, 0x1,
    0xff, 0xc2, 0x41, 0xdf, 0x60, 0xf, 0xfe, 0xa,
    0x2, 0xd3, 0x0, 0x7f, 0xf0, 0x5b, 0xa9, 0x40,
    0x3f, 0xf8, 0x62, 0xf8, 0x0, 0xaf, 0xf7, 0x5b,
    0x88, 0x7, 0x8a, 0xd, 0x40, 0x30, 0xa4, 0x75,
    0x20, 0x6, 0x31, 0xc, 0xb, 0xff, 0x76, 0x38,
    0xad, 0xfb, 0x80, 0x4e, 0xa, 0x2, 0x0, 0x13,
    0x86, 0x0, 0xb8, 0x2, 0xf0, 0x20, 0xe, 0x6d,
    0x70, 0x4, 0x58, 0x7, 0x91, 0xa3, 0x3e, 0x48,
    0x4c, 0x26, 0x99, 0x8f, 0x0, 0xb3, 0x27, 0x30,
    0x18, 0xee, 0x8, 0x9e, 0x65, 0x2, 0x10, 0x40,
    0x4d, 0x5c, 0xe0, 0x58, 0xa2, 0x0, 0x15, 0xc3,

    /* U+FC99 "ﲙ" */
    0x0, 0xff, 0xe0, 0x8d, 0xfc, 0x0, 0x7f, 0xf0,
    0x99, 0x2a, 0x80, 0x14, 0xfa, 0x0, 0x7e, 0x30,
    0x3, 0x10, 0x1, 0x83, 0x0, 0x3f, 0x86, 0xad,
    0xc0, 0x16, 0xf2, 0x1, 0xfc, 0xf5, 0xca, 0x0,
    0x48, 0x10, 0xf, 0xc9, 0x2a, 0x20, 0x1f, 0xfc,
    0x31, 0x8d, 0x10, 0xaf, 0xf7, 0x5b, 0x88, 0x7,
    0x89, 0xc9, 0x0, 0x30, 0xa4, 0x75, 0x20, 0x6,
    0x31, 0xc, 0xb, 0xff, 0x76, 0x38, 0xad, 0xfb,
    0x80, 0x4e, 0xa, 0x2, 0x0, 0x13, 0x86, 0x0,
    0xb8, 0x2, 0xf0, 0x20, 0xe, 0x6d, 0x70, 0x4,
    0x58, 0x7, 0x91, 0xa3, 0x3e, 0x48, 0x4c, 0x26,
    0x99, 0x8f, 0x0, 0xb3, 0x27, 0x30, 0x18, 0xee,
    0x8, 0x9e, 0x65, 0x2, 0x10, 0x40, 0x4d, 0x5c,
    0xe0, 0x58, 0xa2, 0x0, 0x15, 0xc3,

    /* U+FC9A "ﲚ" */
    0x0, 0xff, 0xe0, 0xcf, 0xd8, 0x7, 0xff, 0x9,
    0x1a, 0x3c, 0x3, 0xff, 0x84, 0xc0, 0x2a, 0x40,
    0x1f, 0xfc, 0x22, 0x9e, 0xa0, 0xf, 0xfe, 0x13,
    0x46, 0xc0, 0x7, 0xff, 0x4, 0xad, 0xc0, 0x3f,
    0x12, 0x8, 0x7, 0xe, 0xe9, 0x40, 0x3a, 0xb6,
    0xf9, 0x40, 0x30, 0x98, 0x60, 0x6, 0xa5, 0x0,
    0xa8, 0x80, 0x33, 0x82, 0x0, 0x4a, 0xa0, 0xbd,
    0x10, 0xb0, 0xd, 0xe0, 0x40, 0x14, 0x3, 0xa1,
    0x40, 0x30, 0x80, 0x4a, 0x0, 0x10, 0x52, 0x4,
    0x10, 0x60, 0x4, 0x80, 0x4e, 0x1, 0x2d, 0x80,
    0xf, 0x1e, 0x0, 0xf, 0x2c, 0xf2, 0x2, 0x28,
    0x11, 0x58, 0x94, 0x38, 0x4, 0xd3, 0x4, 0x16,
    0x6, 0x6c, 0x4f, 0x61, 0x6, 0xe5, 0x0, 0xa,
    0x5a, 0x80,

    /* U+FC9B "ﲛ" */
    0x0, 0xff, 0x86, 0xfe, 0x0, 0x3f, 0xf8, 0xc,
    0x95, 0x40, 0xf, 0xfe, 0x1, 0x3, 0x0, 0x80,
    0x7f, 0xcc, 0x39, 0xae, 0x1, 0xff, 0x32, 0xc6,
    0xb0, 0x7, 0x12, 0x8, 0x4, 0xb6, 0xe4, 0x1,
    0xd5, 0xb7, 0xe6, 0x1, 0x1e, 0x78, 0x80, 0x54,
    0xa0, 0x1, 0xf0, 0x8, 0x4c, 0x1c, 0x0, 0x8a,
    0x13, 0x20, 0x30, 0x8, 0x88, 0x1e, 0x0, 0x80,
    0x46, 0x50, 0x0, 0x80, 0x48, 0xa, 0x2, 0x61,
    0xe0, 0xa0, 0x22, 0x0, 0xb8, 0x8, 0x14, 0x0,
    0x83, 0x61, 0x20, 0x1f, 0x27, 0x0, 0x27, 0x88,
    0x39, 0xd9, 0x8f, 0x20, 0x92, 0xa0, 0x6, 0x0,
    0x9a, 0x26, 0x50, 0x21, 0x26, 0x1, 0x4d, 0xc8,
    0x80, 0x61, 0x5c, 0x3e, 0xb0, 0x1, 0x23, 0x50,
    0xf, 0xfb, 0xa8, 0xc0, 0x8, 0x21, 0x46, 0x18,
    0x2, 0x1, 0xfa, 0xc0, 0x73, 0xdc, 0x10, 0x3,
    0xf2, 0xc8, 0x80, 0x45, 0x20, 0x1f, 0xcd, 0xd9,
    0x59, 0xa4, 0x1, 0xe0,

    /* U+FC9C "ﲜ" */
    0x0, 0xff, 0xe1, 0xb, 0xd8, 0x2, 0xbf, 0xdd,
    0x6e, 0x20, 0x1e, 0x28, 0x45, 0x0, 0xc2, 0x91,
    0xd4, 0x80, 0x18, 0xc4, 0x30, 0x2f, 0xfd, 0xd8,
    0xe2, 0xb7, 0xee, 0x1, 0x38, 0x28, 0x8, 0x0,
    0x4e, 0x18, 0x2, 0xe0, 0xb, 0xc0, 0x80, 0x39,
    0xb5, 0xc0, 0x11, 0x60, 0x1e, 0x46, 0x8c, 0xf9,
    0x21, 0x30, 0x9a, 0x66, 0x3c, 0x2, 0xcc, 0x9c,
    0xc0, 0x63, 0xb8, 0x22, 0x79, 0x94, 0x8, 0x41,
    0x1, 0x35, 0x73, 0x81, 0x62, 0x88, 0x0, 0x57,
    0xf, 0xfd, 0xb2, 0xa0, 0x18, 0xab, 0xbf, 0xdd,
    0x46, 0x1, 0xff, 0xcb, 0x7f, 0x60, 0xf, 0xa7,
    0xcc, 0x3, 0xb0, 0x30, 0x3, 0xe7, 0x4, 0x0,
    0xe9, 0x8b, 0x0, 0xfb, 0x61, 0xc0,

    /* U+FC9D "ﲝ" */
    0x0, 0xff, 0xe1, 0xb, 0xd8, 0x2, 0xbf, 0xdd,
    0x6e, 0x20, 0x1e, 0x28, 0x45, 0x0, 0xc2, 0x91,
    0xd4, 0x80, 0x18, 0xc4, 0x30, 0x2f, 0xfd, 0xd8,
    0xe2, 0xb7, 0xee, 0x1, 0x38, 0x28, 0x8, 0x0,
    0x4e, 0x18, 0x2, 0xe0, 0xb, 0xc0, 0x80, 0x39,
    0xb5, 0xc0, 0x11, 0x60, 0x1e, 0x46, 0x8c, 0xf9,
    0x21, 0x30, 0x9a, 0x66, 0x3c, 0x2, 0xcc, 0x9c,
    0xc0, 0x63, 0xb8, 0x22, 0x79, 0x94, 0x8, 0x41,
    0x1, 0x35, 0x73, 0x81, 0x62, 0x88, 0x0, 0x57,
    0xf, 0xfd, 0xb2, 0xa0, 0x18, 0xab, 0xbf, 0xdd,
    0x46, 0x1, 0xff, 0xd5, 0x9f, 0x30, 0xf, 0xfe,
    0x1b, 0x82, 0x0, 0x7f, 0xf0, 0xf6, 0x1c, 0x0,

    /* U+FC9E "ﲞ" */
    0x0, 0x4f, 0xa0, 0x7, 0xff, 0xd, 0x83, 0x0,
    0x3f, 0xf8, 0x76, 0xf2, 0x1, 0xff, 0xc3, 0x48,
    0x10, 0xf, 0xfe, 0x78, 0xc6, 0x88, 0x57, 0xfb,
    0xad, 0xc4, 0x3, 0xc4, 0xe4, 0x80, 0x18, 0x52,
    0x3a, 0x90, 0x3, 0x18, 0x86, 0x5, 0xff, 0xbb,
    0x1c, 0x56, 0xfd, 0xc0, 0x27, 0x5, 0x1, 0x0,
    0x9, 0xc3, 0x0, 0x5c, 0x1, 0x78, 0x10, 0x7,
    0x36, 0xb8, 0x2, 0x2c, 0x3, 0xc8, 0xd1, 0x9f,
    0x24, 0x26, 0x13, 0x4c, 0xc7, 0x80, 0x59, 0x93,
    0x98, 0xc, 0x77, 0x4, 0x4f, 0x32, 0x81, 0x8,
    0x20, 0x26, 0xae, 0x70, 0x2c, 0x51, 0x0, 0xa,
    0xe1, 0xff, 0xb6, 0x54, 0x3, 0x15, 0x77, 0xfb,
    0xa8, 0xc0, 0x3f, 0xfa, 0xb3, 0xe6, 0x1, 0xff,
    0xc3, 0x70, 0x40, 0xf, 0xfe, 0x1e, 0xc3, 0x80,

    /* U+FC9F "ﲟ" */
    0x0, 0xff, 0xe1, 0x90, 0x7, 0xc4, 0x82, 0x1,
    0xc3, 0xba, 0x50, 0xe, 0xad, 0xbe, 0x50, 0xc,
    0x26, 0x18, 0x1, 0xa9, 0x40, 0x2a, 0x20, 0xc,
    0xe0, 0x80, 0x12, 0xa8, 0x2f, 0x44, 0x2c, 0x3,
    0x78, 0x10, 0x5, 0x0, 0xe8, 0x50, 0xc, 0x20,
    0x12, 0x80, 0x4, 0x14, 0x81, 0x4, 0x18, 0x1,
    0x20, 0x13, 0x80, 0x4b, 0x60, 0x3, 0xc7, 0x80,
    0x3, 0xcb, 0x3c, 0x81, 0xc, 0x8, 0xac, 0x4a,
    0x1c, 0x2, 0x69, 0x82, 0x8, 0x3, 0x36, 0x27,
    0xb0, 0x83, 0x72, 0x80, 0x5, 0x2d, 0x43, 0xb0,
    0x80, 0x67, 0xbe, 0x46, 0xbf, 0xdd, 0x68, 0x1,
    0xff, 0xc3, 0x27, 0x10, 0xf, 0xfe, 0x1c, 0xc5,
    0x80, 0x7f, 0xf0, 0xf0, 0x30, 0x0,

    /* U+FCA0 "ﲠ" */
    0x0, 0xe2, 0x41, 0x0, 0xff, 0xe0, 0x56, 0xdf,
    0x98, 0x4, 0x79, 0xe2, 0x1, 0x52, 0x80, 0x7,
    0xc0, 0x21, 0x30, 0x70, 0x2, 0x28, 0x4c, 0x80,
    0xc0, 0x22, 0x20, 0x78, 0x3, 0xc1, 0x19, 0x40,
    0x2, 0x1, 0x20, 0x28, 0xa, 0x7, 0x82, 0x80,
    0x88, 0x2, 0xe0, 0x20, 0x50, 0x2, 0xd, 0x84,
    0x80, 0x7c, 0x9c, 0x0, 0x9e, 0x20, 0xe7, 0x66,
    0x3c, 0x82, 0x4a, 0x80, 0x18, 0x2, 0x68, 0x99,
    0x40, 0x84, 0x98, 0x5, 0x37, 0x22, 0x1, 0x85,
    0x70, 0xfa, 0xc0, 0x4, 0x8d, 0x40, 0x5f, 0xee,
    0xa3, 0x0, 0x20, 0x2, 0x8c, 0x30, 0x8, 0x3,
    0xf4, 0x0, 0xe7, 0xb8, 0x18, 0x2, 0xb8, 0xc0,
    0x27, 0x70, 0x6, 0x1f, 0x0, 0x20, 0xa0, 0x6,
    0x8e, 0x98, 0x9f, 0x30, 0x6, 0xc3, 0x80,

    /* U+FCA1 "ﲡ" */
    0x0, 0xff, 0xe0, 0xa3, 0x1, 0xb8, 0x7, 0xff,
    0x4, 0x6e, 0x53, 0xa1, 0xc0, 0x3f, 0xf8, 0x2,
    0x62, 0xc8, 0x6, 0x1, 0xff, 0xc1, 0xce, 0x29,
    0xf4, 0x0, 0xff, 0xea, 0x8c, 0x68, 0x80, 0x2b,
    0xfd, 0xd6, 0xe2, 0x1, 0xe2, 0x72, 0x40, 0xe,
    0x14, 0x8e, 0xa4, 0x0, 0xc6, 0x21, 0x80, 0xb,
    0xff, 0x76, 0x38, 0xad, 0xfb, 0x80, 0x4e, 0xa,
    0x0, 0x10, 0x0, 0x9c, 0x30, 0x5, 0xc0, 0x17,
    0x81, 0x0, 0x79, 0xb5, 0xc0, 0x11, 0x60, 0x1f,
    0x23, 0x46, 0x7c, 0x90, 0x98, 0x4d, 0x33, 0x1e,
    0x1, 0x42, 0x64, 0xe6, 0x3, 0x1d, 0xc1, 0x13,
    0xcc, 0xa0, 0x42, 0x0, 0x80, 0x9a, 0xb9, 0xc0,
    0xb1, 0x44, 0x0, 0x2b, 0x86, 0x1f, 0xed, 0x95,
    0x0, 0xc5, 0x5d, 0xfe, 0xea, 0x30, 0xf, 0xb,
    0x88, 0x7, 0xff, 0x12, 0xa2, 0xc0, 0x3f, 0xf8,
    0x98, 0x18, 0x1, 0xff, 0xc0,

    /* U+FCA2 "ﲢ" */
    0x0, 0xff, 0xe0, 0xa3, 0x1, 0xb8, 0x7, 0xff,
    0x4, 0x6e, 0x53, 0xa1, 0xc0, 0x3f, 0xf8, 0x2,
    0x62, 0xc8, 0x6, 0x1, 0xff, 0xc1, 0xce, 0x29,
    0xf4, 0x0, 0xff, 0xea, 0x8c, 0x68, 0x80, 0x2b,
    0xfd, 0xd6, 0xe2, 0x1, 0xe2, 0x72, 0x40, 0xe,
    0x14, 0x8e, 0xa4, 0x0, 0xc6, 0x21, 0x80, 0xb,
    0xff, 0x76, 0x38, 0xad, 0xfb, 0x80, 0x4e, 0xa,
    0x0, 0x10, 0x0, 0x9c, 0x30, 0x5, 0xc0, 0x17,
    0x81, 0x0, 0x79, 0xb5, 0xc0, 0x11, 0x60, 0x1f,
    0x23, 0x46, 0x7c, 0x90, 0x98, 0x4d, 0x33, 0x1e,
    0x1, 0x42, 0x64, 0xe6, 0x3, 0x1d, 0xc1, 0x13,
    0xcc, 0xa0, 0x42, 0x0, 0x80, 0x9a, 0xb9, 0xc0,
    0xb1, 0x44, 0x0, 0x2b, 0x86, 0x0,

    /* U+FCA3 "ﲣ" */
    0x0, 0xff, 0xe0, 0xa3, 0x1, 0xb8, 0x5, 0x3e,
    0x80, 0x1f, 0xd, 0xca, 0x74, 0x38, 0x1, 0x83,
    0x0, 0x3e, 0x13, 0x16, 0x40, 0x30, 0x5, 0xbc,
    0x80, 0x7e, 0xce, 0x29, 0xf4, 0x0, 0x24, 0x8,
    0x7, 0xff, 0x40, 0x63, 0x44, 0x1, 0x5f, 0xee,
    0xb7, 0x10, 0xf, 0x13, 0x92, 0x0, 0x70, 0xa4,
    0x75, 0x20, 0x6, 0x31, 0xc, 0x0, 0x5f, 0xfb,
    0xb1, 0xc5, 0x6f, 0xdc, 0x2, 0x70, 0x50, 0x0,
    0x80, 0x4, 0xe1, 0x80, 0x2e, 0x0, 0xbc, 0x8,
    0x3, 0xcd, 0xae, 0x0, 0x8b, 0x0, 0xf9, 0x1a,
    0x33, 0xe4, 0x84, 0xc2, 0x69, 0x98, 0xf0, 0xa,
    0x13, 0x27, 0x30, 0x18, 0xee, 0x8, 0x9e, 0x65,
    0x2, 0x10, 0x4, 0x4, 0xd5, 0xce, 0x5, 0x8a,
    0x20, 0x1, 0x5c, 0x30,

    /* U+FCA4 "ﲤ" */
    0x0, 0xff, 0xe0, 0x1b, 0x80, 0xb8, 0x80, 0x7f,
    0xf0, 0x3a, 0x1e, 0xe2, 0xc0, 0x3f, 0xf8, 0x8,
    0x7, 0x81, 0x80, 0x1f, 0xfc, 0x9, 0xf4, 0x6f,
    0x60, 0xf, 0xfe, 0x19, 0x0, 0x7c, 0x48, 0x20,
    0x1c, 0x3b, 0xa5, 0x0, 0xea, 0xdb, 0xe5, 0x0,
    0xc2, 0x61, 0x80, 0x1a, 0x94, 0x2, 0xa2, 0x0,
    0xce, 0x8, 0x1, 0x2a, 0x82, 0xf4, 0x42, 0xc0,
    0x37, 0x81, 0x0, 0x50, 0xe, 0x85, 0x0, 0xc2,
    0x1, 0x28, 0x0, 0x41, 0x48, 0x10, 0x41, 0x80,
    0x12, 0x1, 0x38, 0x4, 0xb6, 0x0, 0x3c, 0x78,
    0x0, 0x3c, 0xb3, 0xc8, 0x8, 0xa0, 0x45, 0x62,
    0x50, 0xe0, 0x13, 0x4c, 0x10, 0x58, 0x19, 0xb1,
    0x3d, 0x84, 0x1b, 0x94, 0x0, 0x29, 0x6a, 0x0,

    /* U+FCA5 "ﲥ" */
    0x0, 0xff, 0x91, 0x80, 0xdc, 0x3, 0xfe, 0x1b,
    0x94, 0xe8, 0x70, 0xf, 0xf0, 0x98, 0xaa, 0x2,
    0x0, 0x7f, 0xd9, 0xc3, 0x3e, 0x60, 0x1c, 0x48,
    0x20, 0x1f, 0xfc, 0x1a, 0xdb, 0xf3, 0x0, 0x8f,
    0x3c, 0x40, 0x35, 0x28, 0x0, 0x7c, 0x2, 0x13,
    0x7, 0x0, 0x91, 0x42, 0x64, 0x6, 0x1, 0x11,
    0x3, 0xc0, 0x28, 0x4, 0x65, 0x0, 0x8, 0x4,
    0x80, 0xa0, 0x1, 0x30, 0xf0, 0x50, 0x11, 0x0,
    0x5c, 0x4, 0x0, 0x50, 0x2, 0xd, 0x84, 0x80,
    0x7e, 0x4e, 0x0, 0x4f, 0x10, 0x73, 0xb3, 0x1e,
    0x41, 0x2, 0x54, 0x0, 0xc0, 0x13, 0x44, 0xca,
    0x4, 0x24, 0xc, 0x2, 0x9b, 0x91, 0x0, 0xc2,
    0xb8, 0x61, 0xd6, 0x0, 0x24, 0x6a, 0x1, 0xff,
    0x75, 0x18, 0x4, 0x82, 0x14, 0x61, 0x80, 0x20,
    0x1f, 0xd6, 0x3, 0x9e, 0xe0, 0x80, 0x1f, 0xcb,
    0x22, 0x1, 0x14, 0x80, 0x7f, 0x9b, 0xb2, 0xb3,
    0x48, 0x3, 0xe0,

    /* U+FCA6 "ﲦ" */
    0x0, 0xff, 0xe1, 0x6e, 0x80, 0x3f, 0xf8, 0x62,
    0x44, 0x10, 0xf, 0xfe, 0x12, 0xe6, 0x14, 0x3,
    0xff, 0x83, 0x37, 0x6a, 0xb8, 0x0, 0xff, 0xe0,
    0x78, 0x6f, 0x86, 0x80, 0x7f, 0xf0, 0x1b, 0xd5,
    0xbd, 0x40, 0x3f, 0xf8, 0x64, 0x1, 0xf1, 0x20,
    0x80, 0x70, 0xee, 0x94, 0x3, 0xab, 0x6f, 0x94,
    0x3, 0x9, 0x86, 0x0, 0x6a, 0x50, 0xa, 0x88,
    0x3, 0x38, 0x20, 0x4, 0xaa, 0xb, 0xd1, 0xb,
    0x0, 0xde, 0x4, 0x1, 0x40, 0x3a, 0x14, 0x3,
    0x8, 0x4, 0xa0, 0x1, 0x5, 0x20, 0x41, 0x6,
    0x0, 0x48, 0x4, 0xe0, 0x12, 0xd8, 0x0, 0xf1,
    0xe0, 0x0, 0xf2, 0xcf, 0x20, 0x22, 0x81, 0x15,
    0x89, 0x43, 0x80, 0x4d, 0x30, 0x41, 0x60, 0x66,
    0xc4, 0xf6, 0x10, 0x6e, 0x50, 0x0, 0xa5, 0xa8,
    0x0,

    /* U+FCA7 "ﲧ" */
    0xa, 0xff, 0x75, 0xb8, 0x80, 0x7a, 0xff, 0xdd,
    0x6e, 0x20, 0x1f, 0x85, 0x23, 0xa9, 0x0, 0x3e,
    0x14, 0x8e, 0x93, 0x0, 0xaf, 0xfd, 0xd8, 0xe2,
    0xb7, 0xee, 0x0, 0xaf, 0xf7, 0x63, 0x83, 0x67,
    0xb0, 0x8, 0x0, 0x4e, 0x18, 0x2, 0xe0, 0x0,
    0x80, 0x4, 0xe1, 0x80, 0x2e, 0x0, 0xe6, 0xd7,
    0x0, 0x45, 0x80, 0x70, 0xb6, 0xb0, 0x1d, 0x51,
    0x1a, 0x33, 0xe4, 0x84, 0xc2, 0x69, 0x9a, 0x8c,
    0xe9, 0x22, 0x5e, 0x29, 0x4c, 0x9c, 0xc0, 0x63,
    0xb8, 0x22, 0x79, 0x99, 0xcc, 0x6, 0x35, 0x0,
    0x22, 0x2, 0x6a, 0xe7, 0x2, 0xc5, 0x10, 0x0,
    0x93, 0x57, 0x38, 0x7, 0x7f, 0xb6, 0x54, 0x3,
    0x15, 0x77, 0xfb, 0xb6, 0x54, 0x3, 0xff, 0x9a,
    0xc6, 0x1, 0xff, 0xca, 0x69, 0xc0, 0xf, 0xfe,
    0x52, 0x8a, 0x0, 0x70,

    /* U+FCA8 "ﲨ" */
    0x0, 0xe3, 0x62, 0x0, 0xe2, 0x56, 0x52, 0x0,
    0xff, 0x5e, 0x4e, 0xb0, 0x6, 0x8a, 0x9a, 0xdd,
    0x28, 0x7, 0xd6, 0x80, 0x14, 0x90, 0x5, 0xa0,
    0x18, 0xab, 0x54, 0x3, 0x2a, 0x5, 0xe8, 0x84,
    0x0, 0x4f, 0xff, 0x64, 0x9, 0x57, 0xc8, 0x2,
    0x1, 0xd0, 0xa0, 0x14, 0x40, 0x3c, 0x6f, 0x0,
    0x11, 0x2, 0x90, 0x20, 0x83, 0x0, 0x24, 0x3,
    0xcb, 0x92, 0x5, 0x30, 0xb6, 0x0, 0x3c, 0x78,
    0x0, 0x3c, 0xb3, 0x22, 0xfe, 0x8c, 0x67, 0x58,
    0xe0, 0x45, 0x62, 0x50, 0xe0, 0x13, 0x4c, 0x9d,
    0x0, 0xf, 0xec, 0x1, 0x19, 0xb1, 0x3d, 0x84,
    0x1b, 0x94, 0x2, 0x25, 0x9e, 0x81, 0x0, 0xdd,
    0x84, 0x3, 0x3d, 0xf2, 0x35, 0xff, 0x6d, 0x30,
    0x80, 0x7f, 0xf2, 0xd5, 0x40, 0x1f, 0xfc, 0x93,
    0xaa, 0x10, 0x7, 0xff, 0x20, 0x8b, 0x0, 0x60,

    /* U+FCA9 "ﲩ" */
    0xa, 0xff, 0x75, 0xb8, 0x80, 0x7a, 0xff, 0xdd,
    0x6e, 0x20, 0x1f, 0x85, 0x23, 0xa9, 0x0, 0x3e,
    0x14, 0x8e, 0x93, 0x0, 0xaf, 0xfd, 0xd8, 0xe2,
    0xb7, 0xee, 0x0, 0xaf, 0xf7, 0x63, 0x83, 0x67,
    0xb0, 0x8, 0x0, 0x4e, 0x18, 0x2, 0xe0, 0x0,
    0x80, 0x4, 0xe1, 0x80, 0x2e, 0x0, 0xe6, 0xd7,
    0x0, 0x45, 0x80, 0x70, 0xb6, 0xb0, 0x1d, 0x51,
    0x1a, 0x33, 0xe4, 0x84, 0xc2, 0x69, 0x9a, 0x8c,
    0xe9, 0x22, 0x5e, 0x29, 0x4c, 0x9c, 0xc0, 0x63,
    0xb8, 0x22, 0x79, 0x99, 0xcc, 0x6, 0x35, 0x0,
    0x22, 0x2, 0x6a, 0xe7, 0x2, 0xc5, 0x10, 0x0,
    0x93, 0x57, 0x38, 0x7, 0x7f, 0xb6, 0x54, 0x3,
    0x15, 0x77, 0xfb, 0xb6, 0x54, 0x3, 0xfe, 0x17,
    0x10, 0xf, 0xfe, 0x55, 0x45, 0x80, 0x7f, 0xf2,
    0xb0, 0x30, 0x3, 0xff, 0x8c,

    /* U+FCAA "ﲪ" */
    0x0, 0xe3, 0x62, 0x0, 0xe2, 0x56, 0x52, 0x0,
    0xff, 0x5e, 0x4e, 0xb0, 0x6, 0x8a, 0x9a, 0xdd,
    0x28, 0x7, 0xd6, 0x80, 0x14, 0x90, 0x5, 0xa0,
    0x18, 0xab, 0x54, 0x3, 0x2a, 0x5, 0xe8, 0x84,
    0x0, 0x4f, 0xff, 0x64, 0x9, 0x57, 0xc8, 0x2,
    0x1, 0xd0, 0xa0, 0x14, 0x40, 0x3c, 0x6f, 0x0,
    0x11, 0x2, 0x90, 0x20, 0x83, 0x0, 0x24, 0x3,
    0xcb, 0x92, 0x5, 0x30, 0xb6, 0x0, 0x3c, 0x78,
    0x0, 0x3c, 0xb3, 0x22, 0xfe, 0x8c, 0x67, 0x58,
    0xe0, 0x45, 0x62, 0x50, 0xe0, 0x13, 0x4c, 0x9d,
    0x0, 0xf, 0xec, 0x1, 0x19, 0xb1, 0x3d, 0x84,
    0x1b, 0x94, 0x2, 0x25, 0x9e, 0x81, 0x0, 0xc0,

    /* U+FCAB "ﲫ" */
    0x0, 0xff, 0xe1, 0x9c, 0x8, 0x7, 0xff, 0x2b,
    0x5e, 0x0, 0x3f, 0xf9, 0x4e, 0x18, 0x1, 0xff,
    0xca, 0x9f, 0x50, 0xf, 0xfe, 0xad, 0x7f, 0xba,
    0xdc, 0x40, 0x3d, 0x7f, 0xee, 0xb7, 0x10, 0xf,
    0xc2, 0x91, 0xd4, 0x80, 0x1f, 0xa, 0x47, 0x49,
    0x80, 0x57, 0xfe, 0xec, 0x71, 0x5b, 0xf7, 0x0,
    0x57, 0xfb, 0xb1, 0xc1, 0xb3, 0xd8, 0x4, 0x0,
    0x27, 0xc, 0x1, 0x70, 0x0, 0x40, 0x2, 0x70,
    0xc0, 0x17, 0x0, 0x73, 0x6b, 0x80, 0x22, 0xc0,
    0x38, 0x5b, 0x58, 0xe, 0xa8, 0x8d, 0x19, 0xf2,
    0x42, 0x61, 0x34, 0xcd, 0x46, 0x74, 0x91, 0x2f,
    0x14, 0xa6, 0x4e, 0x60, 0x31, 0xdc, 0x11, 0x3c,
    0xcc, 0xe6, 0x3, 0x1a, 0x80, 0x11, 0x1, 0x35,
    0x73, 0x81, 0x62, 0x88, 0x0, 0x49, 0xab, 0x9c,
    0x3, 0xbf, 0xdb, 0x2a, 0x1, 0x8a, 0xbb, 0xfd,
    0xdb, 0x2a, 0x1, 0xff, 0xb, 0x88, 0x7, 0xff,
    0x2a, 0xa2, 0xc0, 0x3f, 0xf9, 0x58, 0x18, 0x1,
    0xff, 0xc6,

    /* U+FCAC "ﲬ" */
    0x0, 0xff, 0xe1, 0x37, 0xb8, 0x7, 0xff, 0x27,
    0x42, 0xc0, 0x3f, 0xf9, 0x32, 0xde, 0x1, 0xff,
    0xc9, 0x29, 0x30, 0xf, 0xfe, 0x1, 0xb1, 0x0,
    0x71, 0x2b, 0x29, 0x0, 0x7f, 0xaf, 0x27, 0x58,
    0x3, 0x45, 0x4d, 0x6e, 0x94, 0x3, 0xeb, 0x40,
    0xa, 0x48, 0x2, 0xd0, 0xc, 0x55, 0xaa, 0x1,
    0x95, 0x2, 0xf4, 0x42, 0x0, 0x27, 0xff, 0xb2,
    0x4, 0xab, 0xe4, 0x1, 0x0, 0xe8, 0x50, 0xa,
    0x20, 0x1e, 0x37, 0x80, 0x8, 0x81, 0x48, 0x10,
    0x41, 0x80, 0x12, 0x1, 0xe5, 0xc9, 0x2, 0x98,
    0x5b, 0x0, 0x1e, 0x3c, 0x0, 0x1e, 0x59, 0x91,
    0x7f, 0x46, 0x33, 0xac, 0x70, 0x22, 0xb1, 0x28,
    0x70, 0x9, 0xa6, 0x4e, 0x80, 0x7, 0xf6, 0x0,
    0x8c, 0xd8, 0x9e, 0xc2, 0xd, 0xca, 0x1, 0x12,
    0xcf, 0x40, 0x80, 0x60,

    /* U+FCAD "ﲭ" */
    0x0, 0xff, 0xe7, 0x14, 0x48, 0x2, 0xbf, 0xdd,
    0x6e, 0x20, 0x1f, 0xfc, 0x6a, 0x76, 0x10, 0xc,
    0x29, 0x1d, 0x48, 0x1, 0xc2, 0xa4, 0x1, 0xb,
    0xa8, 0x2, 0x80, 0x8, 0x17, 0xfe, 0xec, 0x71,
    0x5b, 0xf7, 0x0, 0x96, 0xb4, 0x2, 0x58, 0xa0,
    0x1, 0x8, 0x68, 0x8, 0x0, 0x4e, 0x18, 0x2,
    0xe0, 0xb, 0x0, 0xc0, 0x23, 0x2, 0x0, 0x90,
    0x8, 0x3, 0x9b, 0x5c, 0x1, 0x16, 0x1, 0x28,
    0x38, 0x5, 0x60, 0x20, 0x1e, 0x46, 0x8c, 0xf9,
    0x21, 0x30, 0x9a, 0x66, 0x51, 0x2, 0x43, 0x49,
    0x81, 0xc2, 0xc2, 0x86, 0xcc, 0x9c, 0xc0, 0x63,
    0xb8, 0x22, 0x79, 0x92, 0x80, 0x83, 0xcb, 0x0,
    0x83, 0xd3, 0x80, 0xb1, 0x1, 0x35, 0x73, 0x81,
    0x62, 0x88, 0x0, 0x9f, 0xd8, 0x40, 0x57, 0xdc,
    0x40, 0x57, 0x7, 0xfd, 0xb2, 0xa0, 0x18, 0xab,
    0xbf, 0xdb, 0x3, 0x3d, 0xfd, 0x43, 0x1d, 0xfd,
    0x44, 0x1, 0xc2, 0xe2, 0x1, 0xff, 0xcf, 0xa8,
    0xb0, 0xf, 0xfe, 0x7e, 0x6, 0x0, 0x7f, 0xf2,
    0xc0,

    /* U+FCAE "ﲮ" */
    0x0, 0xff, 0xe7, 0x14, 0x48, 0x2, 0xbf, 0xdd,
    0x6e, 0x20, 0x1f, 0xfc, 0x6a, 0x76, 0x10, 0xc,
    0x29, 0x1d, 0x48, 0x1, 0xc2, 0xa4, 0x1, 0xb,
    0xa8, 0x2, 0x80, 0x8, 0x17, 0xfe, 0xec, 0x71,
    0x5b, 0xf7, 0x0, 0x96, 0xb4, 0x2, 0x58, 0xa0,
    0x1, 0x8, 0x68, 0x8, 0x0, 0x4e, 0x18, 0x2,
    0xe0, 0xb, 0x0, 0xc0, 0x23, 0x2, 0x0, 0x90,
    0x8, 0x3, 0x9b, 0x5c, 0x1, 0x16, 0x1, 0x28,
    0x38, 0x5, 0x60, 0x20, 0x1e, 0x46, 0x8c, 0xf9,
    0x21, 0x30, 0x9a, 0x66, 0x51, 0x2, 0x43, 0x49,
    0x81, 0xc2, 0xc2, 0x86, 0xcc, 0x9c, 0xc0, 0x63,
    0xb8, 0x22, 0x79, 0x92, 0x80, 0x83, 0xcb, 0x0,
    0x83, 0xd3, 0x80, 0xb1, 0x1, 0x35, 0x73, 0x81,
    0x62, 0x88, 0x0, 0x9f, 0xd8, 0x40, 0x57, 0xdc,
    0x40, 0x57, 0x4,

    /* U+FCAF "ﲯ" */
    0x0, 0x4f, 0xa0, 0x7, 0xff, 0x3d, 0x83, 0x0,
    0x3f, 0xf9, 0xf6, 0xf2, 0x1, 0xff, 0xcf, 0x48,
    0x10, 0xf, 0xff, 0x39, 0xcd, 0x80, 0x2b, 0xfd,
    0xd6, 0xe2, 0x1, 0xff, 0xc6, 0xb6, 0x41, 0x0,
    0xc2, 0x91, 0xd4, 0x80, 0x1c, 0x2a, 0x40, 0x10,
    0xba, 0x80, 0x28, 0x0, 0x81, 0x7f, 0xee, 0xc7,
    0x15, 0xbf, 0x70, 0x9, 0x6b, 0x40, 0x25, 0x8a,
    0x0, 0x10, 0x86, 0x80, 0x80, 0x4, 0xe1, 0x80,
    0x2e, 0x0, 0xb0, 0xc, 0x2, 0x30, 0x20, 0x9,
    0x0, 0x80, 0x39, 0xb5, 0xc0, 0x11, 0x60, 0x12,
    0x83, 0x80, 0x56, 0x2, 0x1, 0xe4, 0x68, 0xcf,
    0x92, 0x13, 0x9, 0xa6, 0x65, 0x10, 0x24, 0x34,
    0x98, 0x1c, 0x2c, 0x28, 0x6c, 0xc9, 0xcc, 0x6,
    0x3b, 0x82, 0x27, 0x99, 0x28, 0x8, 0x3c, 0xb0,
    0x8, 0x3d, 0x38, 0xb, 0x10, 0x13, 0x57, 0x38,
    0x16, 0x28, 0x80, 0x9, 0xfd, 0x84, 0x5, 0x7d,
    0xc4, 0x5, 0x70, 0x40,

    /* U+FCB0 "ﲰ" */
    0x0, 0xff, 0xe7, 0x90, 0x7, 0x89, 0x4, 0x3,
    0xff, 0x8a, 0xbd, 0xa2, 0x1, 0xab, 0x6f, 0x94,
    0x3, 0xff, 0x88, 0xc2, 0x8, 0x1, 0x52, 0x80,
    0x54, 0x40, 0x1d, 0xa, 0x1, 0xaa, 0x4, 0xc,
    0x43, 0x0, 0xa, 0xa0, 0xbd, 0x10, 0xb0, 0xc,
    0x4f, 0x44, 0x0, 0x25, 0x73, 0x0, 0x20, 0x28,
    0x2, 0x1, 0xd0, 0xa0, 0x18, 0x40, 0x27, 0x0,
    0x10, 0x1, 0xc0, 0x4, 0x0, 0xd0, 0x10, 0x52,
    0x4, 0x10, 0x60, 0x4, 0x80, 0x5e, 0x2, 0x1,
    0x60, 0x7, 0xe5, 0xb0, 0x1, 0xe3, 0xc0, 0x1,
    0xe5, 0xa1, 0x40, 0x65, 0xa1, 0x80, 0x12, 0xaf,
    0x20, 0x90, 0x22, 0xb1, 0x28, 0x70, 0x9, 0xa5,
    0xc0, 0x41, 0xa5, 0xc0, 0x41, 0xaa, 0x4, 0x2c,
    0xcd, 0x89, 0xec, 0x20, 0xdc, 0xa0, 0x1, 0x5f,
    0x81, 0x0, 0x1e, 0x49, 0x0, 0x13, 0x8,

    /* U+FCB1 "ﲱ" */
    0x1, 0x45, 0x41, 0x0, 0xff, 0xe3, 0x8a, 0xa8,
    0x80, 0x36, 0xdd, 0x5f, 0x5a, 0x0, 0x7f, 0xf0,
    0xce, 0xfa, 0xa9, 0xb6, 0x1, 0x30, 0x6, 0x4b,
    0xc4, 0x0, 0xe1, 0x41, 0x0, 0xcf, 0x88, 0x1,
    0x92, 0x40, 0x17, 0xfe, 0xec, 0x71, 0x3b, 0xf7,
    0x0, 0x9e, 0xf4, 0x2, 0xa8, 0x2, 0xbf, 0xe4,
    0x6, 0x0, 0x8, 0x0, 0x4e, 0x18, 0x2, 0xe0,
    0xb, 0x41, 0x40, 0x12, 0xa0, 0xfa, 0x80, 0x3e,
    0x0, 0x10, 0xe, 0x6d, 0x70, 0x4, 0x58, 0x0,
    0x50, 0x2, 0x66, 0x4, 0x40, 0x3, 0x70, 0x8,
    0x91, 0xa3, 0x3e, 0x48, 0x4c, 0x26, 0x99, 0x9a,
    0x0, 0x6b, 0x90, 0x22, 0x2b, 0x3d, 0x72, 0x84,
    0x4, 0xc9, 0xcc, 0x6, 0x3b, 0x82, 0x27, 0x99,
    0x18, 0x38, 0x20, 0x0, 0xaa, 0x93, 0xa, 0x21,
    0xc, 0x4, 0x4, 0xd5, 0xce, 0x5, 0x8a, 0x20,
    0x3, 0xa8, 0xd7, 0x31, 0x0, 0xc4, 0x91, 0xce,
    0x0,

    /* U+FCB2 "ﲲ" */
    0x0, 0x4f, 0xa0, 0x7, 0xff, 0x45, 0x83, 0x0,
    0x3f, 0xfa, 0x36, 0xf2, 0x1, 0xff, 0xd1, 0x48,
    0x10, 0xf, 0xfe, 0x80, 0xa2, 0xa0, 0x80, 0x7f,
    0xf1, 0xc5, 0x54, 0x40, 0x1b, 0x6e, 0xaf, 0xad,
    0x0, 0x3f, 0xf8, 0x67, 0x7d, 0x54, 0xdb, 0x0,
    0x98, 0x3, 0x25, 0xe2, 0x0, 0x70, 0xa0, 0x80,
    0x67, 0xc4, 0x0, 0xc9, 0x20, 0xb, 0xff, 0x76,
    0x38, 0x9d, 0xfb, 0x80, 0x4f, 0x7a, 0x1, 0x54,
    0x1, 0x5f, 0xf2, 0x3, 0x0, 0x4, 0x0, 0x27,
    0xc, 0x1, 0x70, 0x5, 0xa0, 0xa0, 0x9, 0x50,
    0x7d, 0x40, 0x1f, 0x0, 0x8, 0x7, 0x36, 0xb8,
    0x2, 0x2c, 0x0, 0x28, 0x1, 0x33, 0x2, 0x20,
    0x1, 0xb8, 0x4, 0x48, 0xd1, 0x9f, 0x24, 0x26,
    0x13, 0x4c, 0xcd, 0x0, 0x35, 0xc8, 0x11, 0x15,
    0x9e, 0xb9, 0x42, 0x2, 0x64, 0xe6, 0x3, 0x1d,
    0xc1, 0x13, 0xcc, 0x8c, 0x1c, 0x10, 0x0, 0x55,
    0x49, 0x85, 0x10, 0x86, 0x2, 0x2, 0x6a, 0xe7,
    0x2, 0xc5, 0x10, 0x1, 0xd4, 0x6b, 0x98, 0x80,
    0x62, 0x48, 0xe7, 0x0, 0x0,

    /* U+FCB3 "ﲳ" */
    0x0, 0xff, 0xe6, 0xa, 0x29, 0x80, 0x7c, 0xdd,
    0xfa, 0x60, 0x1f, 0xfc, 0x12, 0xae, 0xba, 0xcc,
    0x10, 0x6, 0x89, 0x10, 0x2d, 0x10, 0xe, 0x40,
    0xe, 0x5d, 0x50, 0xc, 0x7c, 0x1, 0x23, 0x85,
    0xe8, 0x8a, 0x40, 0x31, 0xdf, 0x80, 0x4f, 0x40,
    0x33, 0xde, 0xc0, 0x64, 0x0, 0x80, 0x74, 0x28,
    0x7, 0x0, 0xd6, 0x6, 0x0, 0x68, 0x4, 0xf6,
    0x10, 0x80, 0x3, 0x2, 0x98, 0x28, 0x83, 0x0,
    0x20, 0x2, 0x50, 0x9, 0x24, 0x16, 0xc4, 0x2,
    0x60, 0x2, 0xaa, 0xc0, 0x5, 0xef, 0x0, 0x7,
    0x96, 0xa2, 0x3, 0xca, 0x0, 0x62, 0xb3, 0xce,
    0xc0, 0x30, 0xc0, 0x8a, 0xc4, 0x50, 0xe0, 0x13,
    0x4a, 0x83, 0x1, 0x88, 0x2, 0x6a, 0x61, 0x88,
    0x16, 0x40, 0xcd, 0x89, 0xec, 0x20, 0xda, 0xa0,
    0x2, 0x99, 0x73, 0xa0, 0x80, 0x61, 0x37, 0xda,
    0x0, 0x0,

    /* U+FCB4 "ﲴ" */
    0x0, 0xff, 0xe6, 0xb7, 0xb8, 0x7, 0xff, 0x47,
    0x42, 0xc0, 0x3f, 0xfa, 0x32, 0xfc, 0x1, 0xff,
    0xd1, 0x28, 0x20, 0xe, 0x14, 0x54, 0x10, 0xf,
    0xfe, 0x38, 0xaa, 0x88, 0x3, 0x6d, 0xd5, 0xf5,
    0xa0, 0x7, 0xff, 0xc, 0xef, 0xaa, 0x9b, 0x60,
    0x13, 0x0, 0x64, 0xbc, 0x40, 0xe, 0x14, 0x10,
    0xc, 0xf8, 0x80, 0x19, 0x24, 0x1, 0x7f, 0xee,
    0xc7, 0x13, 0xbf, 0x70, 0x9, 0xef, 0x40, 0x2a,
    0x80, 0x2b, 0xfe, 0x40, 0x60, 0x0, 0x80, 0x4,
    0xe1, 0x80, 0x2e, 0x0, 0xb4, 0x14, 0x1, 0x2a,
    0xf, 0xa8, 0x3, 0xe0, 0x1, 0x0, 0xe6, 0xd7,
    0x0, 0x45, 0x80, 0x5, 0x0, 0x26, 0x60, 0x44,
    0x0, 0x37, 0x0, 0x89, 0x1a, 0x33, 0xe4, 0x84,
    0xc2, 0x69, 0x99, 0xa0, 0x6, 0xb9, 0x2, 0x22,
    0xb3, 0xd7, 0x28, 0x40, 0x4c, 0x9c, 0xc0, 0x63,
    0xb8, 0x22, 0x79, 0x91, 0x83, 0x82, 0x0, 0xa,
    0xa9, 0x30, 0xa2, 0x10, 0xc0, 0x40, 0x4d, 0x5c,
    0xe0, 0x58, 0xa2, 0x0, 0x3a, 0x8d, 0x73, 0x10,
    0xc, 0x49, 0x1c, 0xe0, 0xf, 0xf6, 0xca, 0x80,
    0x62, 0xae, 0xff, 0x62, 0x81, 0x46, 0x77, 0xfe,
    0xdb, 0x71, 0x0, 0xf8, 0x5c, 0x40, 0x3f, 0xfa,
    0x35, 0x16, 0x1, 0xff, 0xd1, 0xc0, 0xc0, 0xf,
    0xfe, 0x68,

    /* U+FCB5 "ﲵ" */
    0x0, 0xff, 0xe6, 0xb7, 0xb8, 0x7, 0xff, 0x47,
    0x42, 0xc0, 0x3f, 0xfa, 0x32, 0xfc, 0x1, 0xff,
    0xd1, 0x28, 0x20, 0xe, 0x14, 0x54, 0x10, 0xf,
    0xfe, 0x38, 0xaa, 0x88, 0x3, 0x6d, 0xd5, 0xf5,
    0xa0, 0x7, 0xff, 0xc, 0xef, 0xaa, 0x9b, 0x60,
    0x13, 0x0, 0x64, 0xbc, 0x40, 0xe, 0x14, 0x10,
    0xc, 0xf8, 0x80, 0x19, 0x24, 0x1, 0x7f, 0xee,
    0xc7, 0x13, 0xbf, 0x70, 0x9, 0xef, 0x40, 0x2a,
    0x80, 0x2b, 0xfe, 0x40, 0x60, 0x0, 0x80, 0x4,
    0xe1, 0x80, 0x2e, 0x0, 0xb4, 0x14, 0x1, 0x2a,
    0xf, 0xa8, 0x3, 0xe0, 0x1, 0x0, 0xe6, 0xd7,
    0x0, 0x45, 0x80, 0x5, 0x0, 0x26, 0x60, 0x44,
    0x0, 0x37, 0x0, 0x89, 0x1a, 0x33, 0xe4, 0x84,
    0xc2, 0x69, 0x99, 0xa0, 0x6, 0xb9, 0x2, 0x22,
    0xb3, 0xd7, 0x28, 0x40, 0x4c, 0x9c, 0xc0, 0x63,
    0xb8, 0x22, 0x79, 0x91, 0x83, 0x82, 0x0, 0xa,
    0xa9, 0x30, 0xa2, 0x10, 0xc0, 0x40, 0x4d, 0x5c,
    0xe0, 0x58, 0xa2, 0x0, 0x3a, 0x8d, 0x73, 0x10,
    0xc, 0x49, 0x1c, 0xe0, 0x0,

    /* U+FCB6 "ﲶ" */
    0x0, 0x4f, 0xa0, 0x7, 0xff, 0x21, 0xbd, 0xc0,
    0x3c, 0xc1, 0x80, 0x1f, 0xfc, 0x8d, 0xb, 0x0,
    0xf5, 0xbc, 0x80, 0x7f, 0xf2, 0x25, 0xf8, 0x3,
    0xc9, 0x2, 0x1, 0xff, 0xc8, 0x28, 0x20, 0xe,
    0x14, 0x54, 0x10, 0xf, 0xfe, 0x38, 0xaa, 0x88,
    0x3, 0x6d, 0xd5, 0xf5, 0xa0, 0x7, 0xff, 0xc,
    0xef, 0xaa, 0x9b, 0x60, 0x13, 0x0, 0x64, 0xbc,
    0x40, 0xe, 0x14, 0x10, 0xc, 0xf8, 0x80, 0x19,
    0x24, 0x1, 0x7f, 0xee, 0xc7, 0x13, 0xbf, 0x70,
    0x9, 0xef, 0x40, 0x2a, 0x80, 0x2b, 0xfe, 0x40,
    0x60, 0x0, 0x80, 0x4, 0xe1, 0x80, 0x2e, 0x0,
    0xb4, 0x14, 0x1, 0x2a, 0xf, 0xa8, 0x3, 0xe0,
    0x1, 0x0, 0xe6, 0xd7, 0x0, 0x45, 0x80, 0x5,
    0x0, 0x26, 0x60, 0x44, 0x0, 0x37, 0x0, 0x89,
    0x1a, 0x33, 0xe4, 0x84, 0xc2, 0x69, 0x99, 0xa0,
    0x6, 0xb9, 0x2, 0x22, 0xb3, 0xd7, 0x28, 0x40,
    0x4c, 0x9c, 0xc0, 0x63, 0xb8, 0x22, 0x79, 0x91,
    0x83, 0x82, 0x0, 0xa, 0xa9, 0x30, 0xa2, 0x10,
    0xc0, 0x40, 0x4d, 0x5c, 0xe0, 0x58, 0xa2, 0x0,
    0x3a, 0x8d, 0x73, 0x10, 0xc, 0x49, 0x1c, 0xe0,
    0x0,

    /* U+FCB7 "ﲷ" */
    0x0, 0xff, 0xe6, 0x27, 0xc8, 0x7, 0xff, 0x43,
    0x1, 0x80, 0x3f, 0xfa, 0x12, 0xf6, 0x1, 0xff,
    0xd0, 0x18, 0x40, 0xf, 0xfe, 0x80, 0xa2, 0x98,
    0x7, 0xcd, 0xdf, 0xa6, 0x1, 0xff, 0xc1, 0x2a,
    0xeb, 0xac, 0xc1, 0x0, 0x68, 0x91, 0x2, 0xd1,
    0x0, 0xe4, 0x0, 0xe5, 0xd5, 0x0, 0xc7, 0xc0,
    0x12, 0x38, 0x5e, 0x88, 0xa4, 0x3, 0x1d, 0xf8,
    0x4, 0xf4, 0x3, 0x3d, 0xec, 0x6, 0x40, 0x8,
    0x7, 0x42, 0x80, 0x70, 0xd, 0x60, 0x60, 0x6,
    0x80, 0x4f, 0x61, 0x8, 0x0, 0x30, 0x29, 0x82,
    0x88, 0x30, 0x2, 0x0, 0x25, 0x0, 0x92, 0x41,
    0x6c, 0x40, 0x26, 0x0, 0x2a, 0xac, 0x0, 0x5e,
    0xf0, 0x0, 0x79, 0x6a, 0x20, 0x3c, 0xa0, 0x6,
    0x2b, 0x3c, 0xec, 0x3, 0xc, 0x8, 0xac, 0x45,
    0xe, 0x1, 0x34, 0xa8, 0x30, 0x18, 0x80, 0x26,
    0xa6, 0x18, 0x81, 0x64, 0xc, 0xd8, 0x9e, 0xc2,
    0xd, 0xaa, 0x0, 0x29, 0x97, 0x3a, 0x8, 0x6,
    0x13, 0x7d, 0xa0, 0x0,

    /* U+FCB8 "ﲸ" */
    0x0, 0xff, 0xe1, 0x37, 0xf8, 0x3, 0xff, 0xce,
    0x60, 0x1f, 0xfe, 0x91, 0x0, 0x8, 0x7, 0xff,
    0x99, 0xc0, 0x6, 0x1, 0x22, 0x98, 0x6, 0xaf,
    0xf7, 0x5b, 0x88, 0x7, 0xf8, 0x67, 0xee, 0xb3,
    0x48, 0x3, 0x85, 0x23, 0xa9, 0x0, 0x30, 0x80,
    0x13, 0xd8, 0x3, 0x17, 0x80, 0x2f, 0xfd, 0xd8,
    0xe2, 0xb7, 0xee, 0x1, 0xd2, 0x21, 0x1d, 0xf0,
    0x4, 0x80, 0x20, 0x1, 0x38, 0x60, 0xb, 0x80,
    0x6, 0x1, 0x16, 0xb8, 0x83, 0x80, 0x8, 0x3,
    0x97, 0x5c, 0x1, 0x16, 0x0, 0x30, 0x1, 0x61,
    0x0, 0x4a, 0x0, 0x23, 0x57, 0xbf, 0xa2, 0x13,
    0x9, 0x54, 0x44, 0x80, 0x2d, 0x54, 0xd3, 0xb4,
    0x4, 0x9d, 0x50, 0x80, 0x31, 0xdc, 0x11, 0x45,
    0xd9, 0x0, 0x13, 0x75, 0x2c, 0x40, 0x7e, 0x4,
    0x4, 0xd5, 0xce, 0x5, 0x8a, 0x20, 0x1f, 0xc4,
    0xd7, 0x84, 0x0,

    /* U+FCB9 "ﲹ" */
    0x0, 0xff, 0xe0, 0xa7, 0xf8, 0x40, 0x3f, 0xf9,
    0x4e, 0x0, 0x30, 0xf, 0xfe, 0x50, 0x80, 0x71,
    0x76, 0x0, 0x7f, 0xf2, 0x4, 0x0, 0xe2, 0x64,
    0x1, 0xff, 0xc4, 0x30, 0x3, 0x80, 0x15, 0xe4,
    0x80, 0x3f, 0xf9, 0x70, 0xc0, 0x1f, 0xc4, 0x82,
    0x1, 0xc2, 0x0, 0x10, 0x18, 0xdf, 0xe9, 0x0,
    0xf5, 0x6d, 0xf2, 0x80, 0x7e, 0x6e, 0x72, 0x1,
    0x6c, 0x0, 0xd4, 0xa0, 0x15, 0x8, 0x7, 0xa2,
    0x40, 0x5e, 0x50, 0xd, 0x0, 0xa, 0xa0, 0xbd,
    0x10, 0x80, 0xf, 0x10, 0x27, 0xc3, 0x58, 0x86,
    0x0, 0x20, 0x1d, 0xa, 0x1, 0x80, 0x30, 0x80,
    0x16, 0xc4, 0x2, 0x20, 0x10, 0x52, 0x4, 0x10,
    0x60, 0x4, 0x0, 0x4, 0x40, 0x74, 0x1, 0x94,
    0xc3, 0xd2, 0xc0, 0x7, 0x8f, 0x0, 0x7, 0x84,
    0xa0, 0x5, 0x22, 0xb4, 0xed, 0x1, 0x34, 0x88,
    0xac, 0x4a, 0x1c, 0x2, 0x7b, 0x40, 0x4, 0xdd,
    0x4b, 0x10, 0x17, 0x81, 0x9b, 0x13, 0xd8, 0x41,
    0xb5, 0x40, 0x3f, 0x89, 0x6f, 0x48, 0x0,

    /* U+FCBA "ﲺ" */
    0x0, 0xff, 0xe2, 0x92, 0xa8, 0xc0, 0x3f, 0xf8,
    0xa3, 0x7b, 0x54, 0xc1, 0x0, 0x57, 0x7f, 0x5b,
    0x88, 0x7, 0xd8, 0x80, 0x10, 0x88, 0x2, 0x10,
    0x14, 0x8e, 0xa4, 0x0, 0xca, 0x40, 0xfd, 0xfe,
    0x0, 0xaf, 0xfd, 0xd8, 0xe2, 0xb7, 0xee, 0x0,
    0x20, 0x18, 0x10, 0x10, 0x8, 0x40, 0x2, 0x70,
    0xc0, 0x17, 0x0, 0x8, 0x4, 0x80, 0x22, 0x20,
    0x6, 0x16, 0xd7, 0x0, 0x45, 0x80, 0x14, 0x83,
    0x19, 0x6b, 0x69, 0x5e, 0x73, 0xa4, 0x84, 0xc2,
    0x69, 0x9a, 0x50, 0x19, 0xa5, 0x5, 0xb8, 0x63,
    0x1, 0x8e, 0xe0, 0x89, 0xe6, 0x67, 0x0, 0xe5,
    0xe1, 0x2, 0x6a, 0xe7, 0x2, 0xc5, 0x10, 0x8,
    0x49, 0x5e, 0xfe, 0x8f, 0xfd, 0xb2, 0xa0, 0x18,
    0xab, 0xbf, 0xee, 0xda, 0x84, 0x0, 0xf8, 0x5c,
    0x40, 0x3f, 0xf9, 0x15, 0x16, 0x1, 0xff, 0xc8,
    0xc0, 0xc0, 0xf, 0xfe, 0x20,

    /* U+FCBB "ﲻ" */
    0x0, 0xff, 0xe1, 0x9d, 0xff, 0xb4, 0xc0, 0x3e,
    0x24, 0x10, 0xf, 0x2e, 0x20, 0x0, 0x84, 0x3,
    0xd5, 0xb7, 0xca, 0x1, 0xd6, 0x3, 0x15, 0x4,
    0x1, 0xd4, 0xa0, 0x15, 0x10, 0x4, 0x82, 0x14,
    0xea, 0xe0, 0x1c, 0xaa, 0xb, 0xd1, 0xb, 0x0,
    0xf2, 0x80, 0x7e, 0x80, 0x74, 0x28, 0x6, 0x10,
    0x3, 0x0, 0x1c, 0x3, 0x10, 0x1, 0x48, 0x10,
    0x41, 0x80, 0x12, 0x0, 0x26, 0x9, 0x73, 0x8e,
    0x90, 0x5b, 0x0, 0x1e, 0x3c, 0x0, 0x1e, 0x59,
    0x9e, 0x0, 0x8c, 0x71, 0x40, 0xb1, 0x15, 0x89,
    0x43, 0x80, 0x4d, 0x33, 0x0, 0x61, 0x7e, 0x0,
    0x1e, 0x27, 0xb0, 0x83, 0x72, 0x80, 0x42, 0x49,
    0x19, 0xd0, 0x20,

    /* U+FCBC "ﲼ" */
    0x0, 0xff, 0xe2, 0xc7, 0xa8, 0x7, 0xff, 0x21,
    0x83, 0x0, 0x3f, 0xf9, 0x1a, 0xf0, 0x1, 0xff,
    0xc8, 0x38, 0x10, 0xf, 0xfe, 0xf9, 0x2a, 0x8c,
    0x3, 0xff, 0x8a, 0x37, 0xb5, 0x4c, 0x10, 0x5,
    0x77, 0xf5, 0xb8, 0x80, 0x7d, 0x88, 0x1, 0x8,
    0x80, 0x21, 0x1, 0x48, 0xea, 0x40, 0xc, 0xa4,
    0xf, 0xdf, 0xe0, 0xa, 0xff, 0xdd, 0x8e, 0x2b,
    0x7e, 0xe0, 0x2, 0x1, 0x81, 0x1, 0x0, 0x84,
    0x0, 0x27, 0xc, 0x1, 0x70, 0x0, 0x80, 0x48,
    0x2, 0x22, 0x0, 0x61, 0x6d, 0x70, 0x4, 0x58,
    0x1, 0x48, 0x31, 0x96, 0xb6, 0x95, 0xe7, 0x3a,
    0x48, 0x4c, 0x26, 0x99, 0xa5, 0x1, 0x9a, 0x50,
    0x5b, 0x86, 0x30, 0x18, 0xee, 0x8, 0x9e, 0x66,
    0x70, 0xe, 0x5e, 0x10, 0x26, 0xae, 0x70, 0x2c,
    0x51, 0x0, 0x84, 0x95, 0xef, 0xe8, 0xff, 0xdb,
    0x2a, 0x1, 0x8a, 0xbb, 0xfe, 0xed, 0xa8, 0x40,
    0xf, 0x85, 0xc4, 0x3, 0xff, 0x91, 0x51, 0x60,
    0x1f, 0xfc, 0x8c, 0xc, 0x0, 0xff, 0xe2, 0x0,

    /* U+FCBD "ﲽ" */
    0x0, 0xff, 0xe2, 0x37, 0xb8, 0x7, 0xff, 0x23,
    0x42, 0xc0, 0x3f, 0xf9, 0x12, 0xfe, 0x1, 0xff,
    0xc8, 0x28, 0x30, 0xf, 0xfe, 0xf1, 0xdf, 0xfb,
    0x4c, 0x3, 0xe2, 0x41, 0x0, 0xf2, 0xe2, 0x0,
    0x8, 0x40, 0x3d, 0x5b, 0x7c, 0xa0, 0x1d, 0x60,
    0x31, 0x50, 0x40, 0x1d, 0x4a, 0x1, 0x51, 0x0,
    0x48, 0x21, 0x4e, 0xae, 0x1, 0xca, 0xa0, 0xbd,
    0x10, 0xb0, 0xf, 0x28, 0x7, 0xe8, 0x7, 0x42,
    0x80, 0x61, 0x0, 0x30, 0x1, 0xc0, 0x31, 0x0,
    0x14, 0x81, 0x4, 0x18, 0x1, 0x20, 0x2, 0x60,
    0x97, 0x38, 0xe9, 0x5, 0xb0, 0x1, 0xe3, 0xc0,
    0x1, 0xe5, 0x99, 0xe0, 0x8, 0xc7, 0x14, 0xb,
    0x11, 0x58, 0x94, 0x38, 0x4, 0xd3, 0x30, 0x6,
    0x17, 0xe0, 0x1, 0xe2, 0x7b, 0x8, 0x37, 0x28,
    0x4, 0x24, 0x91, 0x9d, 0x2, 0x0,

    /* U+FCBE "ﲾ" */
    0x0, 0xff, 0xe2, 0xc3, 0x0, 0x7f, 0xf1, 0xd5,
    0xe4, 0x80, 0x3f, 0xf8, 0xce, 0x26, 0x40, 0x1f,
    0xfc, 0x62, 0xec, 0x0, 0xff, 0xee, 0xcf, 0x7d,
    0x8, 0x7, 0xff, 0x12, 0xd8, 0x41, 0x74, 0x3,
    0xff, 0x86, 0x88, 0x8, 0x70, 0x34, 0xa, 0xff,
    0x75, 0xb8, 0x80, 0x7b, 0x81, 0x5e, 0xc, 0x34,
    0x3, 0xa, 0x47, 0x52, 0x0, 0x66, 0x6, 0x10,
    0x60, 0x20, 0xe9, 0x94, 0x31, 0x2, 0xdf, 0xb8,
    0x1, 0x40, 0xfb, 0xd4, 0x1c, 0x11, 0x98, 0xf3,
    0xae, 0x1, 0x70, 0x2, 0x8, 0x3, 0x9c, 0x3,
    0x92, 0xdc, 0x0, 0xf4, 0x0, 0x1d, 0xd5, 0xe0,
    0x81, 0xa3, 0x3d, 0x75, 0xa0, 0x98, 0x32, 0x2a,
    0xe7, 0x3e, 0x10, 0x99, 0xa1, 0x44, 0x51, 0xdc,
    0x1, 0x8a, 0xae, 0x82, 0xa, 0x12, 0x2, 0x6a,
    0xe7, 0x2, 0xd5, 0x10, 0xe, 0x26, 0xd5, 0xf,
    0xf6, 0xca, 0x80, 0x62, 0xae, 0xff, 0xed, 0x92,
    0x0, 0xf0, 0xb8, 0x80, 0x7f, 0xf1, 0xea, 0x2c,
    0x3, 0xff, 0x8f, 0x81, 0x80, 0x1f, 0xfc, 0x30,

    /* U+FCBF "ﲿ" */
    0x0, 0xff, 0xe2, 0xc3, 0x0, 0x7f, 0xf1, 0xd5,
    0xe4, 0x80, 0x3f, 0xf8, 0xce, 0x26, 0x40, 0x1f,
    0xfc, 0x62, 0xec, 0x0, 0xff, 0xee, 0xcf, 0x7d,
    0x8, 0x7, 0xff, 0x12, 0xd8, 0x41, 0x74, 0x3,
    0xff, 0x86, 0x88, 0x8, 0x70, 0x34, 0xa, 0xff,
    0x75, 0xb8, 0x80, 0x7b, 0x81, 0x5e, 0xc, 0x34,
    0x3, 0xa, 0x47, 0x52, 0x0, 0x66, 0x6, 0x10,
    0x60, 0x20, 0xe9, 0x94, 0x31, 0x2, 0xdf, 0xb8,
    0x1, 0x40, 0xfb, 0xd4, 0x1c, 0x11, 0x98, 0xf3,
    0xae, 0x1, 0x70, 0x2, 0x8, 0x3, 0x9c, 0x3,
    0x92, 0xdc, 0x0, 0xf4, 0x0, 0x1d, 0xd5, 0xe0,
    0x81, 0xa3, 0x3d, 0x75, 0xa0, 0x98, 0x32, 0x2a,
    0xe7, 0x3e, 0x10, 0x99, 0xa1, 0x44, 0x51, 0xdc,
    0x1, 0x8a, 0xae, 0x82, 0xa, 0x12, 0x2, 0x6a,
    0xe7, 0x2, 0xd5, 0x10, 0xe, 0x26, 0xd5, 0x0,

    /* U+FCC0 "ﳀ" */
    0x0, 0xff, 0xe2, 0xc3, 0x0, 0x7f, 0xf1, 0xd5,
    0xe4, 0x80, 0x3f, 0xf8, 0xce, 0x26, 0x40, 0x19,
    0x20, 0x40, 0x3f, 0xe2, 0xec, 0x0, 0xea, 0x79,
    0x0, 0xff, 0xe3, 0xa0, 0x60, 0x7, 0xfd, 0x3d,
    0xf4, 0x20, 0x15, 0x7a, 0x0, 0x7f, 0xad, 0x84,
    0x17, 0x40, 0x3f, 0xf8, 0x68, 0x80, 0x87, 0x3,
    0x40, 0xaf, 0xf7, 0x5b, 0x88, 0x7, 0xb8, 0x15,
    0xe0, 0xc3, 0x40, 0x30, 0xa4, 0x75, 0x20, 0x6,
    0x60, 0x61, 0x6, 0x2, 0xe, 0x99, 0x43, 0x10,
    0x2d, 0xfb, 0x80, 0x14, 0xf, 0xbd, 0x41, 0xc1,
    0x19, 0x8f, 0x3a, 0xe0, 0x17, 0x0, 0x20, 0x80,
    0x39, 0xc0, 0x39, 0x2d, 0xc0, 0xf, 0x40, 0x1,
    0xdd, 0x5e, 0x8, 0x1a, 0x33, 0xd7, 0x5a, 0x9,
    0x83, 0x22, 0xae, 0x73, 0xe1, 0x9, 0x9a, 0x14,
    0x45, 0x1d, 0xc0, 0x18, 0xaa, 0xe8, 0x20, 0xa1,
    0x20, 0x26, 0xae, 0x70, 0x2d, 0x51, 0x0, 0xe2,
    0x6d, 0x50,

    /* U+FCC1 "ﳁ" */
    0x0, 0xff, 0xe2, 0x67, 0x8, 0x7, 0xff, 0x14,
    0x8c, 0x50, 0x3, 0xff, 0x8a, 0x52, 0xea, 0x1,
    0xff, 0xc6, 0x68, 0x0, 0xff, 0xe3, 0x9a, 0x88,
    0x7, 0xff, 0x10, 0x73, 0x15, 0xcc, 0x1, 0xff,
    0xc3, 0xa3, 0x0, 0xa4, 0x80, 0x38, 0x90, 0x40,
    0x38, 0xd0, 0x2f, 0x44, 0x2c, 0x3, 0x56, 0xdf,
    0x28, 0x6, 0x40, 0x34, 0x26, 0x4, 0x0, 0xa9,
    0x40, 0x2a, 0x10, 0xb, 0x80, 0x88, 0x1e, 0x4,
    0x0, 0x55, 0x5, 0xe8, 0x84, 0x0, 0x5e, 0x3,
    0xbf, 0x0, 0x1a, 0x1, 0xd0, 0xa0, 0x18, 0x40,
    0xc, 0x80, 0x1c, 0x20, 0xa4, 0x8, 0x20, 0xc0,
    0x9, 0x0, 0xaf, 0x6f, 0xc, 0x11, 0x6c, 0x0,
    0x78, 0xf0, 0x0, 0x78, 0x55, 0x9c, 0xfc, 0xc2,
    0x60, 0x45, 0x62, 0x50, 0xe0, 0x13, 0xd5, 0x68,
    0x30, 0x83, 0x3b, 0x13, 0xd8, 0x41, 0xb5, 0x40,
    0x38, 0x9b, 0x1c, 0x0,

    /* U+FCC2 "ﳂ" */
    0x0, 0xff, 0xe1, 0x93, 0x80, 0xb8, 0x80, 0x7f,
    0xf1, 0x3e, 0x21, 0x71, 0x40, 0x1f, 0xfc, 0x44,
    0xc, 0xc0, 0x60, 0x7, 0xff, 0x12, 0x7d, 0x1b,
    0xdc, 0x3, 0xff, 0xb7, 0x3d, 0xf4, 0x20, 0x1f,
    0xfc, 0x4b, 0x61, 0x5, 0xd0, 0xf, 0xfe, 0x1a,
    0x20, 0x21, 0xc0, 0xd0, 0x2b, 0xfd, 0xd6, 0xe2,
    0x1, 0xee, 0x5, 0x78, 0x30, 0xd0, 0xc, 0x29,
    0x1d, 0x48, 0x1, 0x98, 0x18, 0x41, 0x80, 0x83,
    0xa6, 0x50, 0xc4, 0xb, 0x7e, 0xe0, 0x5, 0x3,
    0xef, 0x50, 0x70, 0x46, 0x63, 0xce, 0xb8, 0x5,
    0xc0, 0x8, 0x20, 0xe, 0x70, 0xe, 0x4b, 0x70,
    0x3, 0xd0, 0x0, 0x77, 0x57, 0x82, 0x6, 0x8c,
    0xf5, 0xd6, 0x82, 0x60, 0xc8, 0xab, 0x9c, 0xf8,
    0x42, 0x66, 0x85, 0x11, 0x47, 0x70, 0x6, 0x2a,
    0xba, 0x8, 0x28, 0x48, 0x9, 0xab, 0x9c, 0xb,
    0x54, 0x40, 0x38, 0x9b, 0x54, 0x0,

    /* U+FCC3 "ﳃ" */
    0x0, 0xff, 0xe1, 0x37, 0xb9, 0xfc, 0x80, 0x7f,
    0xf0, 0xf0, 0x31, 0x1, 0x0, 0x3f, 0xf8, 0x77,
    0x12, 0xf1, 0xc0, 0x1f, 0xfc, 0x31, 0x72, 0x7,
    0x30, 0xf, 0xfe, 0x29, 0xa8, 0x80, 0x7f, 0xf1,
    0x7, 0x31, 0x5c, 0xc0, 0x1f, 0xfc, 0x3a, 0x30,
    0xa, 0x48, 0x3, 0x89, 0x4, 0x3, 0x8d, 0x2,
    0xf4, 0x42, 0xc0, 0x35, 0x6d, 0xf2, 0x80, 0x64,
    0x3, 0x42, 0x60, 0x40, 0xa, 0x94, 0x2, 0xa1,
    0x0, 0xb8, 0x8, 0x81, 0xe0, 0x40, 0x5, 0x50,
    0x5e, 0x88, 0x40, 0x5, 0xe0, 0x3b, 0xf0, 0x1,
    0xa0, 0x1d, 0xa, 0x1, 0x84, 0x0, 0xc8, 0x1,
    0xc2, 0xa, 0x40, 0x82, 0xc, 0x0, 0x90, 0xa,
    0xf6, 0xf0, 0xc1, 0x16, 0xc0, 0x7, 0x8f, 0x0,
    0x7, 0x85, 0x59, 0xcf, 0xcc, 0x26, 0x4, 0x56,
    0x25, 0xe, 0x1, 0x3d, 0x56, 0x83, 0x8, 0x33,
    0xb1, 0x3d, 0x84, 0x1b, 0x54, 0x3, 0x89, 0xb1,
    0xc0,

    /* U+FCC4 "ﳄ" */
    0x0, 0xff, 0xee, 0xb, 0xf1, 0x80, 0x7f, 0xf1,
    0x6, 0x3a, 0x6, 0x0, 0x3f, 0xf8, 0x6f, 0xce,
    0x0, 0x7a, 0x0, 0xff, 0xe0, 0x8e, 0x40, 0x1,
    0xfa, 0x4, 0x3, 0xff, 0x82, 0xc6, 0xd, 0xd0,
    0x20, 0x1f, 0xfc, 0x31, 0x0, 0x28, 0x7, 0xab,
    0xfd, 0xd6, 0xe2, 0x1, 0xcd, 0x20, 0x78, 0x20,
    0x1f, 0xa, 0x47, 0x52, 0x0, 0x66, 0xb0, 0x2c,
    0x10, 0xa, 0xff, 0xdd, 0x8e, 0x2b, 0x7e, 0xe0,
    0x12, 0x60, 0x15, 0x80, 0x42, 0x0, 0x13, 0x86,
    0x0, 0xb8, 0x3, 0x1c, 0x82, 0x90, 0x7, 0x9b,
    0x5c, 0x1, 0x16, 0x1, 0xcc, 0x0, 0x50, 0x46,
    0x8c, 0xf9, 0x21, 0x30, 0x9a, 0x66, 0x2a, 0x9a,
    0xc0, 0x2, 0x13, 0x27, 0x30, 0x18, 0xee, 0x8,
    0x9e, 0x65, 0x54, 0x94, 0x2, 0x60, 0x20, 0x26,
    0xae, 0x70, 0x2c, 0x51, 0x0, 0xc2, 0x71, 0xa0,
    0xf, 0xf6, 0xca, 0x80, 0x62, 0xae, 0xff, 0xdd,
    0x8e, 0x1, 0xf0, 0xb8, 0x80, 0x7f, 0xf1, 0xea,
    0x2c, 0x3, 0xff, 0x8f, 0x81, 0x80, 0x1f, 0xfc,
    0x30,

    /* U+FCC5 "ﳅ" */
    0x0, 0xff, 0xee, 0xb, 0xf1, 0x80, 0x7f, 0xf1,
    0x6, 0x3a, 0x6, 0x0, 0x3f, 0xf8, 0x6f, 0xce,
    0x0, 0x7a, 0x0, 0xff, 0xe0, 0x8e, 0x40, 0x1,
    0xfa, 0x4, 0x3, 0xff, 0x82, 0xc6, 0xd, 0xd0,
    0x20, 0x1f, 0xfc, 0x31, 0x0, 0x28, 0x7, 0xab,
    0xfd, 0xd6, 0xe2, 0x1, 0xcd, 0x20, 0x78, 0x20,
    0x1f, 0xa, 0x47, 0x52, 0x0, 0x66, 0xb0, 0x2c,
    0x10, 0xa, 0xff, 0xdd, 0x8e, 0x2b, 0x7e, 0xe0,
    0x12, 0x60, 0x15, 0x80, 0x42, 0x0, 0x13, 0x86,
    0x0, 0xb8, 0x3, 0x1c, 0x82, 0x90, 0x7, 0x9b,
    0x5c, 0x1, 0x16, 0x1, 0xcc, 0x0, 0x50, 0x46,
    0x8c, 0xf9, 0x21, 0x30, 0x9a, 0x66, 0x2a, 0x9a,
    0xc0, 0x2, 0x13, 0x27, 0x30, 0x18, 0xee, 0x8,
    0x9e, 0x65, 0x54, 0x94, 0x2, 0x60, 0x20, 0x26,
    0xae, 0x70, 0x2c, 0x51, 0x0, 0xc2, 0x71, 0xa0,
    0x0,

    /* U+FCC6 "ﳆ" */
    0x0, 0xff, 0xe4, 0x20, 0x7, 0xff, 0x1d, 0x76,
    0xd8, 0x1, 0x3e, 0x80, 0x1f, 0xf2, 0x6d, 0x10,
    0x60, 0x1, 0x83, 0x0, 0x3f, 0x8a, 0xec, 0x40,
    0x77, 0x40, 0xb, 0x79, 0x0, 0xfc, 0x5a, 0x80,
    0x57, 0x88, 0x1, 0x24, 0x8, 0x7, 0xe5, 0x0,
    0x3e, 0xa0, 0x7, 0xff, 0x10, 0xc0, 0xc, 0x60,
    0x1d, 0x5f, 0xee, 0xb7, 0x10, 0xe, 0x4b, 0x1,
    0xc3, 0x0, 0xf8, 0x52, 0x3a, 0x90, 0x3, 0x26,
    0x8, 0x69, 0x0, 0x57, 0xfe, 0xec, 0x71, 0x5b,
    0xf7, 0x0, 0x8f, 0x4, 0x5c, 0x1, 0x8, 0x0,
    0x4e, 0x18, 0x2, 0xe0, 0xc, 0x56, 0x6, 0x60,
    0xf, 0x36, 0xb8, 0x2, 0x2c, 0x3, 0x94, 0x0,
    0x80, 0x8d, 0x19, 0xf2, 0x42, 0x61, 0x34, 0xcc,
    0x55, 0x35, 0x80, 0x4, 0x26, 0x4e, 0x60, 0x31,
    0xdc, 0x11, 0x3c, 0xca, 0xa9, 0x28, 0x4, 0xc0,
    0x40, 0x4d, 0x5c, 0xe0, 0x58, 0xa2, 0x1, 0x84,
    0xe3, 0x40, 0x0,

    /* U+FCC7 "ﳇ" */
    0x2, 0xff, 0x18, 0x7, 0xe3, 0x60, 0xe, 0x70,
    0xf, 0x1d, 0xe4, 0x88, 0x18, 0x7, 0xc5, 0x78,
    0x80, 0x24, 0x1, 0x84, 0x2, 0x8d, 0x40, 0x29,
    0xe3, 0x1, 0x0, 0x18, 0x2, 0x9c, 0x6, 0x75,
    0x80, 0x3f, 0x90, 0x7, 0xd8, 0x3, 0xf0, 0x80,
    0x10, 0x7, 0x44, 0x3, 0xc2, 0x1, 0xa9, 0x80,
    0xf4, 0x3, 0xf7, 0x80, 0x53, 0x0, 0x76, 0x1,
    0xc6, 0x1, 0xe7, 0x80, 0x45, 0x0, 0xf0, 0x80,
    0x73, 0x98, 0x40, 0x7, 0x94, 0x3, 0xd6, 0x4,
    0x0, 0x48, 0x20, 0x3a, 0x66, 0x2a, 0x9e, 0x40,
    0x40, 0x12, 0xe0, 0x20, 0xb3, 0x2a, 0xa4, 0x8,
    0x40, 0x0, 0x85, 0xb9, 0xc4, 0x3, 0xa, 0xdb,
    0x0, 0x0,

    /* U+FCC8 "ﳈ" */
    0x0, 0xff, 0xe3, 0xa9, 0x0, 0x7f, 0xf1, 0x97,
    0x6a, 0x0, 0x3f, 0xf8, 0x8b, 0xb4, 0x40, 0x20,
    0x1f, 0xfc, 0x21, 0xba, 0x20, 0x5d, 0xb0, 0xf,
    0xfe, 0x8, 0xfa, 0x2, 0xed, 0x10, 0x7, 0xff,
    0x9, 0x4, 0x1a, 0x88, 0x3, 0xf8, 0x90, 0x40,
    0x33, 0x88, 0x34, 0x0, 0x7f, 0x56, 0xdf, 0x28,
    0x4, 0x58, 0x40, 0xf0, 0x1, 0xf5, 0x28, 0x5,
    0x44, 0x1, 0x16, 0x10, 0x3a, 0x80, 0x72, 0xa8,
    0x2f, 0x44, 0x2c, 0x3, 0xe, 0x10, 0x58, 0x80,
    0x68, 0x7, 0x42, 0x80, 0x61, 0x0, 0xc3, 0xe0,
    0x2e, 0x1, 0x29, 0x2, 0x8, 0x30, 0x2, 0x40,
    0x38, 0x88, 0x18, 0x0, 0x5b, 0x0, 0x1e, 0x3c,
    0x0, 0x1e, 0x59, 0x54, 0xd2, 0x40, 0x40, 0x8,
    0x11, 0x58, 0x94, 0x38, 0x4, 0xd3, 0x54, 0x96,
    0x1, 0x90, 0x1, 0x9b, 0x13, 0xd8, 0x41, 0xb9,
    0x40, 0x38, 0x9f, 0xc4, 0x0,

    /* U+FCC9 "ﳉ" */
    0x0, 0xff, 0xe1, 0x27, 0xf8, 0x80, 0x3f, 0xf8,
    0x4e, 0x1, 0xff, 0xc5, 0x10, 0x0, 0x80, 0x7f,
    0xf1, 0x5c, 0x3, 0xff, 0x84, 0x60, 0x1f, 0xfc,
    0x51, 0x0, 0x8, 0x7, 0xff, 0x14, 0xc2, 0xbf,
    0xdd, 0x6e, 0x20, 0x1f, 0xfc, 0x21, 0x48, 0xea,
    0x40, 0xf, 0x84, 0x2f, 0xfd, 0xd8, 0xe2, 0xb7,
    0xee, 0x1, 0x8, 0x4, 0x20, 0x1, 0x38, 0x60,
    0xb, 0x80, 0x3b, 0xc0, 0x39, 0xb5, 0xc0, 0x11,
    0x60, 0x1d, 0xe8, 0xd1, 0x9f, 0x24, 0x26, 0x13,
    0x4c, 0xc9, 0x10, 0x29, 0x93, 0x98, 0xc, 0x77,
    0x4, 0x4f, 0x32, 0x60, 0x15, 0x20, 0x26, 0xae,
    0x70, 0x2c, 0x51, 0x0, 0xa, 0xf8, 0x7f, 0xb6,
    0x54, 0x3, 0x15, 0x77, 0xfb, 0xa8, 0x40, 0x38,
    0x5c, 0x40, 0x3f, 0xf8, 0x75, 0x16, 0x1, 0xff,
    0xc3, 0xc0, 0xc0, 0xf, 0xf8,

    /* U+FCCA "ﳊ" */
    0x0, 0xff, 0xe1, 0x27, 0xf8, 0x80, 0x3f, 0xf8,
    0x4e, 0x1, 0xff, 0xc5, 0x10, 0x0, 0x80, 0x7f,
    0xf1, 0x5c, 0x3, 0xff, 0x84, 0x60, 0x1f, 0xfc,
    0x51, 0x0, 0x8, 0x7, 0xff, 0x14, 0xc2, 0xbf,
    0xdd, 0x6e, 0x20, 0x1f, 0xfc, 0x21, 0x48, 0xea,
    0x40, 0xf, 0x84, 0x2f, 0xfd, 0xd8, 0xe2, 0xb7,
    0xee, 0x1, 0x8, 0x4, 0x20, 0x1, 0x38, 0x60,
    0xb, 0x80, 0x3b, 0xc0, 0x39, 0xb5, 0xc0, 0x11,
    0x60, 0x1d, 0xe8, 0xd1, 0x9f, 0x24, 0x26, 0x13,
    0x4c, 0xc9, 0x10, 0x29, 0x93, 0x98, 0xc, 0x77,
    0x4, 0x4f, 0x32, 0x60, 0x15, 0x20, 0x26, 0xae,
    0x70, 0x2c, 0x51, 0x0, 0xa, 0xf8, 0x0,

    /* U+FCCB "ﳋ" */
    0x0, 0xff, 0xe1, 0x27, 0xf8, 0x80, 0x3f, 0xf8,
    0x4e, 0x1, 0xd3, 0xe8, 0x1, 0xfc, 0x20, 0x1,
    0x0, 0x30, 0x60, 0x7, 0xff, 0x1, 0xc0, 0x16,
    0xf2, 0x1, 0xfc, 0x60, 0x1c, 0x90, 0x20, 0x1f,
    0xc2, 0x0, 0x10, 0xf, 0xfe, 0x29, 0x85, 0x7f,
    0xba, 0xdc, 0x40, 0x3f, 0xf8, 0x42, 0x91, 0xd4,
    0x80, 0x1f, 0x8, 0x5f, 0xfb, 0xb1, 0xc5, 0x6f,
    0xdc, 0x2, 0x10, 0x8, 0x40, 0x2, 0x70, 0xc0,
    0x17, 0x0, 0x77, 0x80, 0x73, 0x6b, 0x80, 0x22,
    0xc0, 0x3b, 0xd1, 0xa3, 0x3e, 0x48, 0x4c, 0x26,
    0x99, 0x92, 0x20, 0x53, 0x27, 0x30, 0x18, 0xee,
    0x8, 0x9e, 0x64, 0xc0, 0x2a, 0x40, 0x4d, 0x5c,
    0xe0, 0x58, 0xa2, 0x0, 0x15, 0xf0,

    /* U+FCCC "ﳌ" */
    0x0, 0xff, 0xe0, 0x8f, 0xf9, 0x40, 0x3f, 0xf8,
    0x22, 0x1, 0xff, 0xc7, 0x30, 0xf, 0xfe, 0x20,
    0x80, 0x7f, 0xf0, 0x84, 0x3, 0xff, 0x8d, 0xe0,
    0x1c, 0x48, 0x20, 0x1e, 0x30, 0xf, 0x56, 0xdf,
    0x28, 0x7, 0x8, 0x8, 0x5, 0x4a, 0x1, 0x51,
    0x0, 0x78, 0xc0, 0xa, 0xa0, 0xbd, 0x10, 0xb0,
    0xc, 0xe0, 0x1a, 0x1, 0xd0, 0xa0, 0x18, 0x40,
    0x38, 0x41, 0x48, 0x10, 0x41, 0x80, 0x12, 0x1,
    0xc2, 0xb6, 0x0, 0x3c, 0x78, 0x0, 0x3c, 0xb4,
    0x20, 0x14, 0x8, 0xac, 0x4a, 0x1c, 0x2, 0x69,
    0x70, 0x5, 0x19, 0xb1, 0x3d, 0x84, 0x1b, 0x94,
    0x0, 0x29, 0x84,

    /* U+FCCD "ﳍ" */
    0x0, 0xff, 0xe0, 0x27, 0xf8, 0x40, 0x3f, 0xf8,
    0xe, 0x0, 0x30, 0xf, 0xfe, 0x18, 0x80, 0x7f,
    0xf0, 0x4, 0x3, 0xff, 0x86, 0x60, 0x7, 0x0,
    0xe2, 0x41, 0x0, 0xf8, 0x40, 0x35, 0x6d, 0xf9,
    0x80, 0x42, 0x1, 0xea, 0x50, 0x0, 0xf8, 0x7,
    0x8c, 0x0, 0x8a, 0x13, 0x20, 0x30, 0xf, 0x8,
    0x2, 0x1, 0x19, 0x40, 0x2, 0x1, 0x8, 0x4,
    0x26, 0x1e, 0xa, 0x2, 0x20, 0xe, 0xf0, 0x50,
    0x2, 0xd, 0x84, 0x80, 0x7b, 0xd3, 0x80, 0x13,
    0xc4, 0x1c, 0xec, 0xc9, 0x10, 0x29, 0x50, 0x3,
    0x0, 0x4d, 0x13, 0x26, 0x1, 0x53, 0x0, 0xa6,
    0xe4, 0x40, 0x30, 0xb7, 0x87, 0x58, 0x0, 0x91,
    0xa8, 0x7, 0xfd, 0xd2, 0x20, 0x4, 0x10, 0xa3,
    0xc, 0x1, 0x0, 0xfd, 0x60, 0x39, 0xee, 0x8,
    0x1, 0xf9, 0x64, 0x40, 0x22, 0x90, 0xf, 0xe6,
    0xec, 0xac, 0xd2, 0x0, 0xf0,

    /* U+FCCE "ﳎ" */
    0xb, 0xff, 0x75, 0xb8, 0x80, 0x7f, 0x37, 0x7d,
    0x90, 0x4, 0x20, 0x1, 0x48, 0xea, 0x40, 0xf,
    0x3c, 0x88, 0x26, 0x10, 0x2, 0x6a, 0x92, 0xe6,
    0xb, 0x7e, 0xe0, 0x11, 0x40, 0x2c, 0x0, 0xc0,
    0x0, 0xd5, 0x4d, 0x18, 0xe0, 0x17, 0x0, 0x50,
    0x5, 0x4f, 0x0, 0xa0, 0x1e, 0x4c, 0x70, 0x4,
    0x58, 0x0, 0x94, 0x2c, 0x0, 0xa0, 0x1, 0x35,
    0x7a, 0xeb, 0x31, 0x30, 0xa5, 0x45, 0xf0, 0x4,
    0xc2, 0x58, 0x0, 0x7a, 0xa1, 0x44, 0x51, 0xdc,
    0x12, 0x8b, 0xa2, 0x0, 0x9e, 0xd8, 0x1c, 0x8,
    0x9, 0xab, 0x9c, 0xb, 0x14, 0x40, 0x5, 0x5c,
    0xe4, 0x2, 0xf0, 0x1f, 0xed, 0x95, 0x0, 0xc5,
    0x5d, 0xfe, 0xd5, 0x18, 0xdf, 0xe8, 0x0, 0xff,
    0xe9, 0x3f, 0xb0, 0x7, 0xff, 0x27, 0x3, 0x0,
    0x3f, 0xf9, 0x33, 0x16, 0x1, 0xff, 0xc5,

    /* U+FCCF "ﳏ" */
    0xb, 0xff, 0x75, 0xb8, 0x80, 0x7f, 0x37, 0x7d,
    0x90, 0x4, 0x20, 0x1, 0x48, 0xea, 0x40, 0xf,
    0x3c, 0x88, 0x26, 0x10, 0x2, 0x6a, 0x92, 0xe6,
    0xb, 0x7e, 0xe0, 0x11, 0x40, 0x2c, 0x0, 0xc0,
    0x0, 0xd5, 0x4d, 0x18, 0xe0, 0x17, 0x0, 0x50,
    0x5, 0x4f, 0x0, 0xa0, 0x1e, 0x4c, 0x70, 0x4,
    0x58, 0x0, 0x94, 0x2c, 0x0, 0xa0, 0x1, 0x35,
    0x7a, 0xeb, 0x31, 0x30, 0xa5, 0x45, 0xf0, 0x4,
    0xc2, 0x58, 0x0, 0x7a, 0xa1, 0x44, 0x51, 0xdc,
    0x12, 0x8b, 0xa2, 0x0, 0x9e, 0xd8, 0x1c, 0x8,
    0x9, 0xab, 0x9c, 0xb, 0x14, 0x40, 0x5, 0x5c,
    0xe4, 0x2, 0xf0, 0x0,

    /* U+FCD0 "ﳐ" */
    0x0, 0x24, 0x8, 0x7, 0xff, 0x26, 0x9e, 0x40,
    0x3f, 0xf9, 0x28, 0x18, 0x1, 0xff, 0xc9, 0xaf,
    0x40, 0xf, 0xff, 0x5, 0xff, 0xba, 0xdc, 0x40,
    0x3f, 0x9b, 0xbe, 0xc8, 0x2, 0x10, 0x0, 0xa4,
    0x75, 0x20, 0x7, 0x9e, 0x44, 0x13, 0x8, 0x1,
    0x35, 0x49, 0x73, 0x5, 0xbf, 0x70, 0x8, 0xa0,
    0x16, 0x0, 0x60, 0x0, 0x6a, 0xa6, 0x8c, 0x70,
    0xb, 0x80, 0x28, 0x2, 0xa7, 0x80, 0x50, 0xf,
    0x26, 0x38, 0x2, 0x2c, 0x0, 0x4a, 0x16, 0x0,
    0x50, 0x0, 0x9a, 0xbd, 0x75, 0x98, 0x98, 0x52,
    0xa2, 0xf8, 0x2, 0x61, 0x2c, 0x0, 0x3d, 0x50,
    0xa2, 0x28, 0xee, 0x9, 0x45, 0xd1, 0x0, 0x4f,
    0x6c, 0xe, 0x4, 0x4, 0xd5, 0xce, 0x5, 0x8a,
    0x20, 0x2, 0xae, 0x72, 0x1, 0x78, 0x0,

    /* U+FCD1 "ﳑ" */
    0x0, 0xe3, 0x51, 0x0, 0xfe, 0x25, 0x20, 0xf,
    0xab, 0x2b, 0x94, 0x3, 0xe9, 0xda, 0xd9, 0x0,
    0xea, 0x50, 0xa, 0x88, 0x3, 0x9d, 0x80, 0x26,
    0x70, 0x9, 0x54, 0x17, 0xa2, 0x16, 0x1, 0x86,
    0x1, 0xfd, 0x2, 0x40, 0x28, 0x7, 0x42, 0x80,
    0x60, 0xd, 0x20, 0x30, 0x12, 0x2, 0x60, 0xa4,
    0x8, 0x20, 0xc0, 0x8, 0x0, 0xb, 0x84, 0x80,
    0x8, 0x0, 0xe9, 0x60, 0x3, 0xc7, 0x80, 0x3,
    0xb9, 0x34, 0x1, 0x12, 0x8e, 0x0, 0x59, 0x11,
    0x58, 0x94, 0x38, 0x5, 0x16, 0x60, 0x40, 0xd7,
    0x0, 0x82, 0x66, 0xc4, 0xf6, 0x10, 0x6d, 0x50,
    0x1, 0x4e, 0xd1, 0x80, 0x16, 0xc0,

    /* U+FCD2 "ﳒ" */
    0x0, 0xff, 0xe1, 0xc, 0x20, 0x7, 0xff, 0xe,
    0x5e, 0xc0, 0x3f, 0xf8, 0x78, 0xa, 0x1, 0xff,
    0xc3, 0x4f, 0xa0, 0xf, 0xfe, 0xa8, 0xc6, 0x88,
    0x57, 0xfb, 0xad, 0xc4, 0x3, 0xc4, 0xe4, 0x80,
    0x18, 0x52, 0x3a, 0x90, 0x3, 0x18, 0x86, 0x5,
    0xff, 0xbb, 0x1c, 0x56, 0xfd, 0xc0, 0x27, 0x5,
    0x1, 0x0, 0x9, 0xc3, 0x0, 0x5c, 0x1, 0x78,
    0x10, 0x7, 0x36, 0xb8, 0x2, 0x2c, 0x3, 0xc8,
    0xd1, 0x9f, 0x24, 0x26, 0x13, 0x4c, 0xc7, 0x80,
    0x59, 0x93, 0x98, 0xc, 0x77, 0x4, 0x4f, 0x32,
    0x81, 0x8, 0x20, 0x26, 0xae, 0x70, 0x2c, 0x51,
    0x0, 0xa, 0xe1, 0xff, 0xb6, 0x54, 0x3, 0x15,
    0x77, 0xfb, 0xa8, 0xc0, 0x38, 0x5c, 0x40, 0x3f,
    0xf8, 0x75, 0x16, 0x1, 0xff, 0xc3, 0xc0, 0xc0,
    0xf, 0xf8,

    /* U+FCD3 "ﳓ" */
    0x0, 0xff, 0xe1, 0xc, 0x20, 0x7, 0xff, 0xe,
    0x5e, 0xc0, 0x3f, 0xf8, 0x78, 0xa, 0x1, 0xff,
    0xc3, 0x4f, 0xa0, 0xf, 0xfe, 0xa8, 0xc6, 0x88,
    0x57, 0xfb, 0xad, 0xc4, 0x3, 0xc4, 0xe4, 0x80,
    0x18, 0x52, 0x3a, 0x90, 0x3, 0x18, 0x86, 0x5,
    0xff, 0xbb, 0x1c, 0x56, 0xfd, 0xc0, 0x27, 0x5,
    0x1, 0x0, 0x9, 0xc3, 0x0, 0x5c, 0x1, 0x78,
    0x10, 0x7, 0x36, 0xb8, 0x2, 0x2c, 0x3, 0xc8,
    0xd1, 0x9f, 0x24, 0x26, 0x13, 0x4c, 0xc7, 0x80,
    0x59, 0x93, 0x98, 0xc, 0x77, 0x4, 0x4f, 0x32,
    0x81, 0x8, 0x20, 0x26, 0xae, 0x70, 0x2c, 0x51,
    0x0, 0xa, 0xe1, 0x80,

    /* U+FCD4 "ﳔ" */
    0x0, 0xff, 0xe1, 0xc, 0x20, 0x5, 0x3e, 0x80,
    0x1f, 0xd2, 0xf6, 0x1, 0x30, 0x60, 0x7, 0xf6,
    0x2, 0x80, 0x56, 0xf2, 0x1, 0xfc, 0x9f, 0x40,
    0x12, 0x40, 0x80, 0x7f, 0xf3, 0xc6, 0x34, 0x42,
    0xbf, 0xdd, 0x6e, 0x20, 0x1e, 0x27, 0x24, 0x0,
    0xc2, 0x91, 0xd4, 0x80, 0x18, 0xc4, 0x30, 0x2f,
    0xfd, 0xd8, 0xe2, 0xb7, 0xee, 0x1, 0x38, 0x28,
    0x8, 0x0, 0x4e, 0x18, 0x2, 0xe0, 0xb, 0xc0,
    0x80, 0x39, 0xb5, 0xc0, 0x11, 0x60, 0x1e, 0x46,
    0x8c, 0xf9, 0x21, 0x30, 0x9a, 0x66, 0x3c, 0x2,
    0xcc, 0x9c, 0xc0, 0x63, 0xb8, 0x22, 0x79, 0x94,
    0x8, 0x41, 0x1, 0x35, 0x73, 0x81, 0x62, 0x88,
    0x0, 0x57, 0xc,

    /* U+FCD5 "ﳕ" */
    0x0, 0xff, 0xe1, 0x3b, 0x0, 0x7f, 0xf0, 0xd6,
    0x24, 0x80, 0x3f, 0xf8, 0x4e, 0x26, 0x40, 0x1f,
    0xfc, 0x22, 0xec, 0x0, 0xff, 0xe2, 0x90, 0x7,
    0xc4, 0x82, 0x1, 0xc3, 0xba, 0x50, 0xe, 0xad,
    0xbe, 0x50, 0xc, 0x26, 0x18, 0x1, 0xa9, 0x40,
    0x2a, 0x20, 0xc, 0xe0, 0x80, 0x12, 0xa8, 0x2f,
    0x44, 0x2c, 0x3, 0x78, 0x10, 0x5, 0x0, 0xe8,
    0x50, 0xc, 0x20, 0x12, 0x80, 0x4, 0x14, 0x81,
    0x4, 0x18, 0x1, 0x20, 0x13, 0x80, 0x4b, 0x60,
    0x3, 0xc7, 0x80, 0x3, 0xcb, 0x3c, 0x80, 0x8a,
    0x4, 0x56, 0x25, 0xe, 0x1, 0x34, 0xc1, 0x5,
    0x81, 0x9b, 0x13, 0xd8, 0x41, 0xb9, 0x40, 0x2,
    0x96, 0xa0,

    /* U+FCD6 "ﳖ" */
    0x0, 0xff, 0xe0, 0xc, 0x20, 0x7, 0xff, 0x6,
    0x5e, 0x80, 0x3f, 0xf8, 0x38, 0x8, 0x1, 0xff,
    0xc1, 0x4f, 0xa0, 0xf, 0x12, 0x8, 0x7, 0xff,
    0x2, 0xb6, 0xfc, 0xc0, 0x23, 0xcf, 0x10, 0xa,
    0x94, 0x0, 0x3e, 0x1, 0x9, 0x83, 0x80, 0x11,
    0x42, 0x64, 0x6, 0x1, 0x11, 0x3, 0xc0, 0x10,
    0x8, 0xca, 0x0, 0x10, 0x9, 0x1, 0x40, 0x4c,
    0x3c, 0x14, 0x4, 0x40, 0x17, 0x1, 0x2, 0x80,
    0x10, 0x6c, 0x24, 0x3, 0xe4, 0xe0, 0x4, 0xf1,
    0x7, 0x3b, 0x31, 0xe4, 0x12, 0x54, 0x0, 0xc0,
    0x13, 0x44, 0xca, 0x4, 0x24, 0xc0, 0x29, 0xb9,
    0x10, 0xc, 0x2b, 0x87, 0xd6, 0x0, 0x24, 0x6a,
    0x1, 0xff, 0x75, 0x18, 0x1, 0x4, 0x28, 0xc3,
    0x0, 0x40, 0x3f, 0x58, 0xe, 0x7b, 0x82, 0x0,
    0x7e, 0x59, 0x10, 0x8, 0xa4, 0x3, 0xf9, 0xbb,
    0x2b, 0x34, 0x80, 0x3c,

    /* U+FCD7 "ﳗ" */
    0x0, 0xff, 0xe2, 0x3c, 0x0, 0x7f, 0xf2, 0x8a,
    0x1f, 0x4, 0x3, 0xc4, 0xac, 0xa2, 0x1, 0xfc,
    0x64, 0x7, 0xe8, 0x1, 0xdd, 0x53, 0x5d, 0x88,
    0x1, 0xf6, 0x10, 0x0, 0x6d, 0x80, 0x33, 0x0,
    0x63, 0xbc, 0x40, 0xc, 0xc4, 0x4e, 0x70, 0x4,
    0xb8, 0x5, 0x7f, 0xee, 0xc7, 0x13, 0xbf, 0x70,
    0x7, 0x82, 0xd, 0x80, 0x50, 0xa0, 0x1, 0x0,
    0x9, 0xc3, 0x80, 0x5c, 0x0, 0x10, 0x50, 0xb0,
    0x47, 0xa, 0x10, 0xc, 0x2d, 0xcc, 0x0, 0x7b,
    0x0, 0x58, 0x1d, 0xb8, 0x6c, 0x8, 0x3a, 0xbc,
    0xef, 0x48, 0x88, 0xc1, 0xad, 0xdc, 0x82, 0x8,
    0x0, 0x18, 0x10, 0x5, 0xc3, 0x10, 0xc, 0x77,
    0x4, 0x4d, 0x11, 0x8, 0x6, 0x87, 0x0, 0x38,
    0x81, 0x35, 0x73, 0x81, 0x62, 0x88, 0x0, 0x52,
    0x2d, 0x88, 0x0, 0x78, 0x3f, 0xed, 0x95, 0x0,
    0xc5, 0x5d, 0xfe, 0xeb, 0x74, 0x9d, 0xff, 0x61,
    0x80, 0x70, 0xb8, 0x80, 0x7f, 0xf2, 0xaa, 0x2c,
    0x3, 0xff, 0x95, 0x81, 0x80, 0x1f, 0xfc, 0x60,

    /* U+FCD8 "ﳘ" */
    0x0, 0xff, 0xe1, 0xa5, 0x8, 0x7, 0xff, 0x26,
    0x97, 0xc, 0x3, 0xff, 0x90, 0x40, 0x58, 0xc0,
    0x1f, 0x97, 0x7f, 0x8, 0x3, 0xac, 0xc0, 0x29,
    0x80, 0xf, 0x3d, 0x10, 0x1e, 0x8, 0x4, 0x68,
    0x1b, 0x40, 0x7, 0x90, 0xc, 0x90, 0xd, 0x0,
    0x32, 0x1, 0x28, 0x21, 0x20, 0x4, 0xd0, 0x1,
    0x48, 0x2c, 0xbb, 0x3, 0x80, 0x46, 0xa, 0x8,
    0x3, 0x40, 0xe6, 0xa, 0x40, 0x1a, 0x0, 0x10,
    0x0, 0x40, 0x1c, 0xb0, 0x75, 0x30, 0xb6, 0xb0,
    0x2, 0xd9, 0xa8, 0x1, 0xe9, 0xd8, 0x80, 0xc4,
    0x5, 0xcc, 0x6, 0x4, 0x52, 0x9, 0x96, 0x1,
    0x2c, 0x40, 0x80, 0x33, 0xc0, 0x3, 0x40, 0xf5,
    0xb5, 0x44, 0x17, 0x54, 0x0, 0x26, 0xf6, 0xe6,
    0x0, 0x2a, 0x40,

    /* U+FCD9 "ﳙ" */
    0x0, 0xd0, 0x80, 0x1f, 0xe7, 0xc0, 0xf, 0xf8,
    0x40, 0x3f, 0xc2, 0x1, 0xff, 0x74, 0x80, 0x7f,
    0xf2, 0x5a, 0x40, 0x3f, 0x8a, 0x5b, 0x48, 0x3,
    0xe3, 0x20, 0x2d, 0x50, 0xf, 0x61, 0x0, 0x54,
    0xe0, 0x19, 0x88, 0x9c, 0xe0, 0x8, 0x80, 0x5,
    0xc0, 0x83, 0x60, 0x13, 0xb0, 0x3, 0xc1, 0x1,
    0x0, 0xe0, 0x24, 0x41, 0x40, 0xae, 0x2, 0x9c,
    0x41, 0xd5, 0x42, 0x8, 0x0, 0x18, 0x10, 0x1b,
    0x81, 0x0, 0xd0, 0xe0, 0x5, 0x11, 0x24, 0x5b,
    0x10, 0x0, 0xec, 0x80,

    /* U+FCDA "ﳚ" */
    0x0, 0xff, 0xe1, 0xa4, 0xb8, 0x2, 0xbf, 0xdd,
    0x6e, 0x20, 0x1f, 0x73, 0x48, 0x7, 0xa, 0x47,
    0x52, 0x0, 0x77, 0x80, 0x90, 0x5f, 0xfb, 0xb1,
    0xc5, 0x6f, 0xdc, 0x2, 0x40, 0x3, 0x80, 0x80,
    0x4, 0xe1, 0x80, 0x2e, 0x0, 0x84, 0x80, 0x80,
    0x39, 0xb5, 0xc0, 0x11, 0x60, 0x1f, 0x23, 0x46,
    0x7c, 0x90, 0x98, 0x4d, 0x33, 0x54, 0x40, 0x73,
    0x27, 0x30, 0x18, 0xee, 0x8, 0x9e, 0x66, 0x50,
    0x34, 0x20, 0x26, 0xae, 0x70, 0x2c, 0x51, 0x0,
    0x9, 0xc6, 0x7, 0xfb, 0x65, 0x40, 0x31, 0x57,
    0x7f, 0xbb, 0x1c, 0x3, 0xff, 0x9a, 0xfe, 0xc0,
    0x1e, 0xae, 0x27, 0xf5, 0x0, 0xd8, 0x18, 0x1,
    0xe5, 0x14, 0xb0, 0xc0, 0xd, 0x31, 0x60, 0x1e,
    0xc9, 0x6e, 0x88, 0x0,

    /* U+FCDB "ﳛ" */
    0x0, 0xff, 0xe1, 0xa4, 0xb8, 0x2, 0xbf, 0xdd,
    0x6e, 0x20, 0x1f, 0x73, 0x48, 0x7, 0xa, 0x47,
    0x52, 0x0, 0x77, 0x80, 0x90, 0x5f, 0xfb, 0xb1,
    0xc5, 0x6f, 0xdc, 0x2, 0x40, 0x3, 0x80, 0x80,
    0x4, 0xe1, 0x80, 0x2e, 0x0, 0x84, 0x80, 0x80,
    0x39, 0xb5, 0xc0, 0x11, 0x60, 0x1f, 0x23, 0x46,
    0x7c, 0x90, 0x98, 0x4d, 0x33, 0x54, 0x40, 0x73,
    0x27, 0x30, 0x18, 0xee, 0x8, 0x9e, 0x66, 0x50,
    0x34, 0x20, 0x26, 0xae, 0x70, 0x2c, 0x51, 0x0,
    0x9, 0xc6, 0x7, 0xfb, 0x65, 0x40, 0x31, 0x57,
    0x7f, 0xbb, 0x1c, 0x3, 0xff, 0xad, 0x5c, 0x4f,
    0xea, 0x1, 0xff, 0xc1, 0x51, 0x4b, 0xc, 0x0,
    0xff, 0xe0, 0xe4, 0xb7, 0x44, 0x0,

    /* U+FCDC "ﳜ" */
    0x0, 0x4f, 0xa0, 0x7, 0xff, 0x11, 0x83, 0x0,
    0x3f, 0xf8, 0x96, 0xf2, 0x1, 0xff, 0xc4, 0x48,
    0x10, 0xf, 0xfe, 0x8a, 0xdc, 0x80, 0x2b, 0xfd,
    0xd6, 0xe2, 0x1, 0xf7, 0xa3, 0x80, 0x70, 0xa4,
    0x75, 0x20, 0x7, 0x78, 0x9, 0x5, 0xff, 0xbb,
    0x1c, 0x56, 0xfd, 0xc0, 0x24, 0x0, 0x38, 0x8,
    0x0, 0x4e, 0x18, 0x2, 0xe0, 0x8, 0x48, 0x8,
    0x3, 0x9b, 0x5c, 0x1, 0x16, 0x1, 0xf2, 0x34,
    0x67, 0xc9, 0x9, 0x84, 0xd3, 0x35, 0x44, 0x7,
    0x32, 0x73, 0x1, 0x8e, 0xe0, 0x89, 0xe6, 0x65,
    0x4, 0x41, 0x1, 0x35, 0x73, 0x81, 0x62, 0x88,
    0x0, 0x4e, 0x2c, 0x3f, 0xdb, 0x2a, 0x1, 0x8a,
    0xbb, 0xfd, 0xd8, 0xe0, 0x1f, 0xfd, 0x6a, 0xe2,
    0x7f, 0x50, 0xf, 0xfe, 0xa, 0x8a, 0x58, 0x60,
    0x7, 0xff, 0x7, 0x25, 0xba, 0x20,

    /* U+FCDD "ﳝ" */
    0x0, 0xff, 0xe2, 0x10, 0x7, 0x89, 0x4, 0x3,
    0xcf, 0xf8, 0x1, 0xd5, 0xb7, 0xca, 0x1, 0xc4,
    0x2, 0x40, 0x15, 0x28, 0x5, 0x44, 0x1, 0x90,
    0x0, 0x80, 0x5, 0x50, 0x5e, 0x88, 0x58, 0x6,
    0x12, 0xf, 0x0, 0x40, 0x3a, 0x14, 0x3, 0x8,
    0x6, 0x70, 0x30, 0x52, 0x4, 0x10, 0x60, 0x4,
    0x80, 0x61, 0x3, 0x5b, 0x0, 0x1e, 0x3c, 0x0,
    0x1e, 0x59, 0x92, 0x81, 0xf0, 0x22, 0xb1, 0x28,
    0x70, 0x9, 0xa6, 0x4c, 0x4, 0xc6, 0x6c, 0x4f,
    0x61, 0x6, 0xe5, 0x0, 0x8d, 0xf0, 0x3b, 0x8,
    0x6, 0x7b, 0xe4, 0x6b, 0xfe, 0xc8, 0x10, 0xf,
    0xfe, 0x9, 0x38, 0x89, 0xc8, 0x3, 0xff, 0x81,
    0xd1, 0x1a, 0x40, 0x3f, 0xf8, 0x8, 0x19, 0x80,
    0xc0,

    /* U+FCDE "ﳞ" */
    0x0, 0xe2, 0x41, 0x0, 0xff, 0xe0, 0xd6, 0xdf,
    0x98, 0x6, 0x8e, 0xa0, 0xd, 0x4a, 0x0, 0x1f,
    0x0, 0xc2, 0x24, 0x0, 0x91, 0x42, 0x64, 0x6,
    0x1, 0xb4, 0x4, 0x80, 0x1e, 0x8, 0xca, 0x0,
    0x10, 0x9, 0x0, 0xe, 0x2, 0x81, 0xe0, 0xa0,
    0x22, 0x0, 0xc2, 0x4, 0xa, 0x0, 0x41, 0xb0,
    0x90, 0xf, 0x85, 0x38, 0x1, 0x3c, 0x41, 0xce,
    0xcd, 0x50, 0x82, 0xca, 0x80, 0x18, 0x2, 0x68,
    0x99, 0x94, 0x10, 0xcc, 0x1, 0x4d, 0xc8, 0x80,
    0x61, 0x38, 0xb0, 0xeb, 0x0, 0x12, 0x35, 0x1,
    0x7f, 0xbb, 0x1c, 0x2, 0x40, 0x5, 0x18, 0x60,
    0x10, 0x7, 0xf4, 0x0, 0xe7, 0xb8, 0x18, 0x5f,
    0x14, 0x7a, 0x80, 0x1d, 0xc0, 0x18, 0x7c, 0x10,
    0x5d, 0x3, 0x40, 0x28, 0xe9, 0x89, 0xf3, 0xc,
    0x95, 0xe8, 0x90,

    /* U+FCDF "ﳟ" */
    0x0, 0xff, 0xeb, 0xd7, 0xd8, 0x7, 0xff, 0x15,
    0x16, 0xa0, 0x3, 0xff, 0x8a, 0xe0, 0x2, 0x10,
    0xf, 0xfe, 0x20, 0x95, 0x74, 0x80, 0x7e, 0x24,
    0x10, 0xe, 0x11, 0x3e, 0x40, 0x7, 0xd5, 0xb7,
    0xca, 0x1, 0x8f, 0x20, 0xc0, 0x3e, 0xa5, 0x0,
    0xa8, 0x80, 0x3a, 0xe4, 0x80, 0x39, 0x54, 0x17,
    0xa2, 0x16, 0x1, 0xc8, 0xc2, 0x1, 0xd0, 0xe,
    0x85, 0x0, 0xc2, 0x1, 0x18, 0x0, 0x80, 0x32,
    0x90, 0x20, 0x83, 0x0, 0x24, 0x2, 0xb0, 0x1,
    0x80, 0x4b, 0x60, 0x3, 0xc7, 0x80, 0x3, 0xcb,
    0x43, 0x80, 0x3d, 0xd4, 0xa0, 0x45, 0x62, 0x50,
    0xe0, 0x13, 0x4b, 0x80, 0x81, 0x45, 0x71, 0x9b,
    0x13, 0xd8, 0x41, 0xb9, 0x40, 0x2, 0xb9, 0x46,
    0x0, 0x40,

    /* U+FCE0 "ﳠ" */
    0x0, 0xff, 0xea, 0xe, 0x7c, 0x0, 0x7f, 0xf1,
    0x24, 0xae, 0x80, 0x3f, 0xf8, 0x9e, 0x2a, 0x60,
    0x1f, 0xc4, 0x82, 0x1, 0x90, 0x3b, 0x8a, 0x1,
    0xf5, 0x6d, 0xf9, 0x80, 0x48, 0x2d, 0x4a, 0x1,
    0xea, 0x50, 0x0, 0xf8, 0x4, 0xfd, 0x2a, 0x1,
    0xe4, 0x50, 0x99, 0x1, 0x80, 0x74, 0xb0, 0x7,
    0xa0, 0x11, 0x94, 0x0, 0x20, 0x11, 0xb4, 0x88,
    0x6, 0x13, 0xf, 0x5, 0x1, 0x10, 0x4, 0xa0,
    0x22, 0x0, 0xca, 0x0, 0x41, 0xb0, 0x90, 0xd,
    0xa0, 0x1e, 0x4e, 0x0, 0x4f, 0x10, 0x73, 0xb3,
    0x25, 0x0, 0x6d, 0x94, 0x65, 0x40, 0xc, 0x1,
    0x34, 0x4c, 0x98, 0x4, 0x12, 0x6a, 0xc, 0x2,
    0x9b, 0x91, 0x0, 0xc2, 0xdf, 0x4, 0x0, 0xfe,
    0xb0, 0x1, 0x23, 0x50, 0xf, 0xfb, 0xa4, 0x5f,
    0x7f, 0xcc, 0x8, 0x21, 0x46, 0x18, 0x2, 0x1,
    0xff, 0xc0, 0xb0, 0x1c, 0xf7, 0x4, 0x0, 0xff,
    0xe0, 0x2c, 0x88, 0x4, 0x52, 0x1, 0xff, 0xc1,
    0x6e, 0xca, 0xcd, 0x20, 0xf, 0xf0,

    /* U+FCE1 "ﳡ" */
    0x0, 0xe2, 0x41, 0x0, 0xff, 0xe2, 0xd6, 0xdf,
    0x28, 0x7, 0xff, 0xe, 0x94, 0x2, 0xa2, 0x0,
    0xeb, 0x92, 0x0, 0xe5, 0x50, 0x5e, 0x88, 0x58,
    0x7, 0x23, 0x8, 0x7, 0x40, 0x3a, 0x14, 0x3,
    0x8, 0x4, 0x60, 0x2, 0x0, 0xca, 0x40, 0x82,
    0xc, 0x0, 0x90, 0xa, 0xc0, 0x6, 0x1, 0x2d,
    0x80, 0xf, 0x1e, 0x0, 0xf, 0x2d, 0xe, 0x0,
    0xf7, 0x52, 0x81, 0x15, 0x89, 0x43, 0x80, 0x4d,
    0x2e, 0x2, 0x5, 0x15, 0xc6, 0x6c, 0x4f, 0x61,
    0x6, 0xe5, 0x0, 0xa, 0xe5, 0x18, 0x1, 0x3b,
    0x8, 0x6, 0x7b, 0xe4, 0x6b, 0xfd, 0xd4, 0x4b,
    0x9f, 0xe8, 0x0, 0xff, 0xe1, 0xb, 0x90, 0x7,
    0xff, 0x1a, 0x63, 0x80, 0x3f, 0xf8, 0xda, 0x8,
    0x1, 0x80,

    /* U+FCE2 "ﳢ" */
    0x0, 0xe2, 0x41, 0x0, 0xff, 0xe2, 0x56, 0xdf,
    0x98, 0x7, 0xff, 0xa, 0x94, 0x0, 0x3e, 0x1,
    0xff, 0xc1, 0x45, 0x9, 0x90, 0x18, 0x7, 0x4b,
    0x0, 0x7b, 0xc1, 0x19, 0x40, 0x2, 0x1, 0x1b,
    0x48, 0x80, 0x61, 0x40, 0xf0, 0x50, 0x11, 0x0,
    0x4a, 0x2, 0x20, 0xc, 0xa0, 0x4, 0x1b, 0x9,
    0x0, 0xda, 0x1, 0xe4, 0xe0, 0x4, 0xf1, 0x7,
    0x3b, 0x32, 0x50, 0x6, 0xd9, 0x46, 0x54, 0x0,
    0xc0, 0x13, 0x44, 0xc9, 0x80, 0x41, 0x26, 0xa0,
    0xc0, 0x29, 0xb9, 0x10, 0xc, 0x2d, 0xf0, 0x40,
    0xf, 0xeb, 0x0, 0x12, 0x35, 0x1, 0x7f, 0xba,
    0x45, 0xf7, 0xfc, 0xc0, 0x80, 0xa, 0x30, 0xc0,
    0x20, 0xf, 0xfe, 0x4, 0x0, 0xe7, 0xb8, 0x18,
    0x4, 0xfe, 0xa0, 0x1e, 0x77, 0x0, 0x61, 0xf0,
    0xa, 0xc3, 0x0, 0x3e, 0x8e, 0x98, 0x9f, 0x30,
    0xb, 0xa2, 0x0, 0x18,

    /* U+FCE3 "ﳣ" */
    0x0, 0xff, 0xe0, 0x8e, 0xe0, 0x5f, 0x8, 0x7,
    0xff, 0xc, 0x88, 0x64, 0x82, 0xa0, 0x1f, 0x12,
    0x8, 0x7, 0x1d, 0x50, 0xae, 0x50, 0x3, 0xd5,
    0xb7, 0xca, 0x1, 0xca, 0xa0, 0x46, 0x0, 0xf5,
    0x28, 0x5, 0x44, 0x1, 0xcd, 0x6c, 0x1, 0xe5,
    0x50, 0x5e, 0x88, 0x58, 0x7, 0x62, 0x60, 0x7,
    0xa0, 0x1d, 0xa, 0x1, 0x84, 0x3, 0x20, 0x68,
    0x7, 0x29, 0x2, 0x8, 0x30, 0x2, 0x40, 0x23,
    0x10, 0xf0, 0xc, 0xb6, 0x0, 0x3c, 0x78, 0x0,
    0x3c, 0xb3, 0xe8, 0x1, 0xe5, 0x90, 0x20, 0x45,
    0x62, 0x50, 0xe0, 0x13, 0x4c, 0x8, 0x8, 0x34,
    0xda, 0x99, 0xb1, 0x3d, 0x84, 0x1b, 0x94, 0x0,
    0x29, 0x7e, 0xc2, 0x2, 0xe0,

    /* U+FCE4 "ﳤ" */
    0x0, 0xff, 0xe0, 0x1f, 0x50, 0xee, 0x0, 0x7e,
    0x24, 0x10, 0xc, 0x82, 0x84, 0x43, 0x10, 0xf,
    0x56, 0xdf, 0x98, 0x4, 0xf3, 0xa7, 0x56, 0x20,
    0x1d, 0x4a, 0x0, 0x1f, 0x0, 0xcc, 0x60, 0xa8,
    0x1, 0xc8, 0xa1, 0x32, 0x3, 0x0, 0xe6, 0x73,
    0x0, 0xf4, 0x2, 0x32, 0x80, 0x4, 0x3, 0x5c,
    0x20, 0x7, 0x9, 0x87, 0x82, 0x80, 0x88, 0x2,
    0x12, 0x2, 0x0, 0xe5, 0x0, 0x20, 0xd8, 0x48,
    0x6, 0x70, 0xf, 0x93, 0x80, 0x13, 0xc4, 0x1c,
    0xec, 0xc8, 0x90, 0x5, 0xc2, 0xa0, 0x4a, 0x80,
    0x18, 0x2, 0x68, 0x99, 0x38, 0x0, 0x44, 0xf5,
    0x64, 0x60, 0x14, 0xdc, 0x88, 0x6, 0x15, 0xdc,
    0x41, 0x2, 0x27, 0x58, 0x0, 0x91, 0xa8, 0x7,
    0xfd, 0xd4, 0x44, 0xbe, 0xfd, 0x0, 0x20, 0x85,
    0x18, 0x60, 0x8, 0x7, 0xff, 0x6, 0xc0, 0x73,
    0xdc, 0x10, 0x3, 0xff, 0x82, 0xb2, 0x20, 0x11,
    0x48, 0x7, 0xff, 0x9, 0xbb, 0x2b, 0x34, 0x80,
    0x3f, 0xe0,

    /* U+FCE5 "ﳥ" */
    0x0, 0xff, 0xe2, 0x20, 0x80, 0x7f, 0xf1, 0xda,
    0xe8, 0x3, 0xff, 0x8e, 0xa0, 0x60, 0x1f, 0xfc,
    0x6b, 0xde, 0x4d, 0x10, 0xf, 0xfe, 0x22, 0x89,
    0x19, 0x18, 0x7, 0xc4, 0x82, 0x1, 0xec, 0xc1,
    0xee, 0x10, 0x7, 0xab, 0x6f, 0x94, 0x3, 0x88,
    0xc0, 0x8c, 0x3, 0xd4, 0xa0, 0x15, 0x10, 0x7,
    0x35, 0xb0, 0x7, 0x95, 0x41, 0x7a, 0x21, 0x60,
    0x1d, 0x89, 0x80, 0x1e, 0x80, 0x74, 0x28, 0x6,
    0x10, 0xc, 0x81, 0xa0, 0x1c, 0xa4, 0x8, 0x20,
    0xc0, 0x9, 0x0, 0x8c, 0x43, 0xc0, 0x32, 0xd8,
    0x0, 0xf1, 0xe0, 0x0, 0xf2, 0xcf, 0xa0, 0x7,
    0x96, 0x40, 0x81, 0x15, 0x89, 0x43, 0x80, 0x4d,
    0x30, 0x20, 0x20, 0xd3, 0x6a, 0x66, 0xc4, 0xf6,
    0x10, 0x6e, 0x50, 0x0, 0xa5, 0xfb, 0x8, 0xb,
    0x80,

    /* U+FCE6 "ﳦ" */
    0x0, 0xff, 0xe1, 0xa0, 0x7, 0xff, 0x1e, 0x6d,
    0xc0, 0x3f, 0xf8, 0xde, 0x4, 0x1, 0xff, 0xc4,
    0x1d, 0xae, 0xbc, 0x0, 0xfc, 0x48, 0x20, 0x18,
    0xc8, 0xc8, 0x48, 0x3, 0xea, 0xdb, 0xf3, 0x0,
    0x8b, 0x34, 0xf3, 0x0, 0x1e, 0xa5, 0x0, 0xf,
    0x80, 0x63, 0x20, 0x32, 0x0, 0xe4, 0x50, 0x99,
    0x1, 0x80, 0x73, 0x39, 0x80, 0x7a, 0x1, 0x19,
    0x40, 0x2, 0x1, 0xae, 0x10, 0x3, 0x84, 0xc3,
    0xc1, 0x40, 0x44, 0x1, 0x9, 0x1, 0x0, 0x72,
    0x80, 0x10, 0x6c, 0x24, 0x3, 0x38, 0x7, 0xc9,
    0xc0, 0x9, 0xe2, 0xe, 0x76, 0x64, 0x48, 0x2,
    0xe1, 0x50, 0x25, 0x40, 0xc, 0x1, 0x34, 0x4c,
    0x9c, 0x0, 0x22, 0x7a, 0xb2, 0x30, 0xa, 0x6e,
    0x44, 0x3, 0xa, 0xee, 0x20, 0x81, 0x13, 0xac,
    0x0, 0x48, 0xd4, 0x3, 0xfe, 0xea, 0x22, 0x5f,
    0x7e, 0x80, 0x10, 0x42, 0x8c, 0x30, 0x4, 0x3,
    0xff, 0x83, 0x60, 0x39, 0xee, 0x8, 0x1, 0xff,
    0xc1, 0x59, 0x10, 0x8, 0xa4, 0x3, 0xff, 0x84,
    0xdd, 0x95, 0x9a, 0x40, 0x1f, 0xf0,

    /* U+FCE7 "ﳧ" */
    0x0, 0xe2, 0x41, 0x0, 0xff, 0xe8, 0xd6, 0xdf,
    0x28, 0x7, 0xff, 0x16, 0x7e, 0x0, 0x3e, 0xa5,
    0x0, 0xa8, 0x80, 0x3a, 0x14, 0x3, 0x54, 0x8,
    0x0, 0x40, 0x40, 0x3c, 0xaa, 0xb, 0xd1, 0xb,
    0x0, 0xc4, 0xf4, 0x40, 0x2, 0x57, 0x30, 0x7,
    0x81, 0x0, 0x7a, 0x1, 0xd0, 0xa0, 0x18, 0x40,
    0x27, 0x0, 0x10, 0x1, 0xc0, 0x4, 0x0, 0x10,
    0x50, 0xe, 0x52, 0x4, 0x10, 0x60, 0x4, 0x80,
    0x5e, 0x1, 0xd8, 0x1, 0xdc, 0x2, 0x80, 0x12,
    0xd8, 0x0, 0xf1, 0xe0, 0x0, 0xf2, 0xd0, 0xa0,
    0x9, 0x58, 0x60, 0x4, 0xab, 0xb8, 0x1, 0x4e,
    0xa1, 0x2, 0x2b, 0x12, 0x87, 0x0, 0x9a, 0x5c,
    0x4, 0x1a, 0x9c, 0x4, 0x1a, 0xa0, 0x14, 0x86,
    0x2a, 0xc, 0xd8, 0x9e, 0xc2, 0xd, 0xca, 0x0,
    0x15, 0xf7, 0x10, 0x2, 0x64, 0x8, 0xa, 0xd6,
    0x28, 0x3, 0x40,

    /* U+FCE8 "ﳨ" */
    0x0, 0xe2, 0x41, 0x0, 0xff, 0xe8, 0x56, 0xdf,
    0x98, 0x7, 0xff, 0x3a, 0x94, 0x0, 0x3e, 0x1,
    0xff, 0xc4, 0xae, 0x40, 0xf, 0x22, 0x84, 0xc8,
    0xc, 0x3, 0xa, 0x8, 0x4, 0x2e, 0x80, 0x10,
    0x88, 0x80, 0x3d, 0x0, 0x8c, 0xa0, 0x1, 0x0,
    0x92, 0xf8, 0x2, 0x48, 0xb0, 0x8, 0x43, 0x80,
    0x38, 0x4c, 0x3c, 0x14, 0x4, 0x40, 0x16, 0x81,
    0x80, 0x5a, 0x4, 0x1, 0xc6, 0x1, 0xca, 0x0,
    0x41, 0xb0, 0x90, 0xc, 0xa0, 0xe0, 0x12, 0x3,
    0x0, 0x42, 0x8, 0x20, 0x12, 0x70, 0x2, 0x78,
    0x83, 0x9d, 0x99, 0x44, 0x9, 0xd, 0x26, 0x9,
    0xb, 0x8, 0x0, 0xc6, 0x40, 0x95, 0x0, 0x30,
    0x4, 0xd1, 0x32, 0x50, 0x10, 0x79, 0x60, 0x10,
    0x7a, 0x70, 0x60, 0x29, 0xb5, 0x30, 0xa, 0x6e,
    0x44, 0x3, 0x13, 0xfa, 0x88, 0xa, 0xfb, 0x8,
    0xb, 0xce, 0x18, 0xb, 0xf5, 0x80, 0x9, 0x1a,
    0x80, 0x7f, 0xdb, 0x3, 0x5d, 0xfd, 0x43, 0x3d,
    0xfd, 0x0, 0x79, 0xfc, 0x40, 0x82, 0x14, 0x61,
    0x80, 0x20, 0x1f, 0xfc, 0xcb, 0x1, 0xcf, 0x70,
    0x40, 0xf, 0xfe, 0x62, 0xc8, 0x80, 0x45, 0x20,
    0x1f, 0xfc, 0xd6, 0xec, 0xac, 0xd2, 0x0, 0xff,
    0xe5, 0x0,

    /* U+FCE9 "ﳩ" */
    0x0, 0xff, 0xe4, 0x17, 0x50, 0x7, 0xff, 0x49,
    0x85, 0xc0, 0x3f, 0xfa, 0x49, 0x98, 0x0, 0xff,
    0xe8, 0xcf, 0x5, 0xf1, 0x0, 0x7f, 0xf3, 0xd4,
    0x59, 0xc5, 0x80, 0x3f, 0xf9, 0xfb, 0x8b, 0x98,
    0x40, 0xf, 0xfe, 0x9, 0x20, 0x80, 0x7f, 0xc2,
    0x60, 0x26, 0x1, 0xff, 0xc1, 0xad, 0xbe, 0x50,
    0xf, 0xfe, 0x2c, 0xfc, 0x0, 0x7d, 0x4a, 0x1,
    0x51, 0x0, 0x74, 0x28, 0x6, 0xa8, 0x10, 0x0,
    0x80, 0x80, 0x79, 0x54, 0x17, 0xa2, 0x16, 0x1,
    0x89, 0xe8, 0x80, 0x4, 0xae, 0x60, 0xf, 0x2,
    0x0, 0xf4, 0x3, 0xa1, 0x40, 0x30, 0x80, 0x4e,
    0x0, 0x20, 0x3, 0x80, 0x8, 0x0, 0x20, 0xa0,
    0x1c, 0xa4, 0x8, 0x20, 0xc0, 0x9, 0x0, 0xbc,
    0x3, 0xb0, 0x3, 0xb8, 0x5, 0x0, 0x25, 0xb0,
    0x1, 0xe3, 0xc0, 0x1, 0xe5, 0xa1, 0x40, 0x12,
    0xb0, 0xc0, 0x9, 0x57, 0x70, 0x2, 0x9d, 0x42,
    0x4, 0x56, 0x25, 0xe, 0x1, 0x34, 0xb8, 0x8,
    0x35, 0x38, 0x8, 0x35, 0x40, 0x29, 0xc, 0x54,
    0x19, 0xb1, 0x3d, 0x84, 0x1b, 0x94, 0x0, 0x2b,
    0xee, 0x20, 0x4, 0xc8, 0x10, 0x15, 0xac, 0x50,
    0x6, 0x80,

    /* U+FCEA "ﳪ" */
    0x0, 0xff, 0xe3, 0xa7, 0xb8, 0x7, 0xff, 0x44,
    0xc3, 0x80, 0x3f, 0xfa, 0x2f, 0x72, 0x1, 0xff,
    0xd0, 0xcd, 0x5c, 0xd0, 0xf, 0xfe, 0x79, 0x91,
    0xc, 0x84, 0x3, 0xff, 0x82, 0x48, 0x20, 0x1f,
    0xed, 0xc3, 0xdd, 0x8, 0x7, 0xff, 0x2, 0xb6,
    0xfc, 0xc0, 0x3f, 0x88, 0xc0, 0x88, 0x1, 0xff,
    0xc0, 0xa5, 0x0, 0xf, 0x80, 0x7f, 0xf1, 0x2b,
    0x90, 0x3, 0xc8, 0xa1, 0x32, 0x3, 0x0, 0xc2,
    0x82, 0x1, 0xb, 0xa0, 0x4, 0x22, 0x20, 0xf,
    0x40, 0x23, 0x28, 0x0, 0x40, 0x24, 0xbe, 0x0,
    0x92, 0x2c, 0x2, 0x10, 0xe0, 0xe, 0x13, 0xf,
    0x5, 0x1, 0x10, 0x5, 0xa0, 0x60, 0x16, 0x81,
    0x0, 0x71, 0x80, 0x72, 0x80, 0x10, 0x6c, 0x24,
    0x3, 0x28, 0x38, 0x4, 0x80, 0xc0, 0x10, 0x82,
    0x8, 0x4, 0x9c, 0x0, 0x9e, 0x20, 0xe7, 0x66,
    0x51, 0x2, 0x43, 0x49, 0x82, 0x42, 0xc2, 0x0,
    0x31, 0x90, 0x25, 0x40, 0xc, 0x1, 0x34, 0x4c,
    0x94, 0x4, 0x1e, 0x58, 0x4, 0x1e, 0x9c, 0x18,
    0xa, 0x6d, 0x4c, 0x2, 0x9b, 0x91, 0x0, 0xc4,
    0xfe, 0xa2, 0x2, 0xbe, 0xc2, 0x2, 0xf3, 0x86,
    0x2, 0xfd, 0x60, 0x2, 0x46, 0xa0, 0x1f, 0xf6,
    0xc0, 0xd7, 0x7f, 0x50, 0xcf, 0x7f, 0x40, 0x1e,
    0x7f, 0x10, 0x20, 0x85, 0x18, 0x60, 0x8, 0x7,
    0xff, 0x32, 0xc0, 0x73, 0xdc, 0x10, 0x3, 0xff,
    0x98, 0xb2, 0x20, 0x11, 0x48, 0x7, 0xff, 0x35,
    0xbb, 0x2b, 0x34, 0x80, 0x3f, 0xf9, 0x40,

    /* U+FCEB "ﳫ" */
    0x2, 0xff, 0x18, 0x7, 0xe3, 0x60, 0xf, 0xce,
    0x1, 0xe3, 0xbc, 0x91, 0x0, 0xc6, 0x1, 0xf1,
    0x5e, 0x20, 0x9, 0x0, 0x7c, 0x20, 0x14, 0x6a,
    0x1, 0x4f, 0x18, 0x6, 0x10, 0x1, 0x80, 0x29,
    0xc0, 0x67, 0x58, 0x3, 0xff, 0x80, 0xa0, 0x5c,
    0xc0, 0x1f, 0xf0, 0x80, 0x14, 0xa, 0x40, 0x3f,
    0xc2, 0x1, 0xa9, 0x41, 0xa4, 0x3, 0xfe, 0xf0,
    0xa, 0x94, 0x19, 0xc0, 0x3f, 0x18, 0x7, 0xa9,
    0x2, 0xc, 0x3, 0xf8, 0x40, 0x3a, 0xc8, 0x38,
    0x3, 0xf9, 0x40, 0x3d, 0x40, 0x50, 0x1, 0x92,
    0x8, 0xe, 0x99, 0x8a, 0xa7, 0xa0, 0x3, 0xdb,
    0x18, 0x4b, 0x80, 0x82, 0xcc, 0xaa, 0x90, 0x40,
    0x60, 0x93, 0x80, 0x42, 0xdc, 0xe2, 0x1, 0x85,
    0x33, 0x10, 0x40, 0x80,

    /* U+FCEC "ﳬ" */
    0x0, 0xff, 0xe3, 0xa9, 0x0, 0x7f, 0xf2, 0x17,
    0x6a, 0x0, 0x3f, 0xf8, 0xc9, 0xb4, 0x40, 0x20,
    0x1f, 0xfc, 0x41, 0xbb, 0x10, 0x2e, 0x58, 0x7,
    0xff, 0xc, 0x7d, 0x1, 0x76, 0x8c, 0x3, 0xff,
    0x88, 0x82, 0x11, 0x44, 0x1, 0xff, 0x12, 0x8,
    0x6, 0x71, 0x8, 0x40, 0xf, 0xfa, 0xb6, 0xf9,
    0x40, 0x22, 0xd1, 0xb, 0x40, 0xf, 0xea, 0x50,
    0xa, 0x88, 0x2, 0x3c, 0x10, 0xb2, 0x0, 0xf9,
    0x54, 0x17, 0xa2, 0x16, 0x1, 0x8b, 0x40, 0x1c,
    0x1, 0xf4, 0x3, 0xa1, 0x40, 0x30, 0x80, 0x63,
    0xa0, 0x37, 0x0, 0xe5, 0x20, 0x41, 0x6, 0x0,
    0x48, 0x7, 0x28, 0x84, 0x10, 0x4, 0xb6, 0x0,
    0x3c, 0x78, 0x0, 0x3c, 0xb2, 0xa9, 0xa4, 0x40,
    0x1b, 0xa, 0x30, 0x22, 0xb1, 0x28, 0x70, 0x9,
    0xa6, 0xa9, 0x2c, 0x6, 0x20, 0xf5, 0x6, 0x6c,
    0x4f, 0x61, 0x6, 0xe5, 0x0, 0xe2, 0x7c, 0xc2,
    0x88, 0x60,

    /* U+FCED "ﳭ" */
    0x0, 0xff, 0xe1, 0x7f, 0x98, 0x3, 0xff, 0xba,
    0x20, 0x1f, 0xfc, 0x61, 0x0, 0xff, 0xe5, 0x78,
    0x7, 0xff, 0x18, 0xc0, 0x3f, 0xe2, 0x41, 0x0,
    0xfc, 0x20, 0x1f, 0xab, 0x6f, 0x94, 0x3, 0x84,
    0x3, 0xfa, 0x94, 0x2, 0xa2, 0x0, 0xf1, 0x80,
    0x79, 0x54, 0x17, 0xa2, 0x16, 0x1, 0x9c, 0x4,
    0x3, 0xd0, 0xe, 0x85, 0x0, 0xc2, 0x1, 0xff,
    0x29, 0x2, 0x8, 0x30, 0x2, 0x40, 0x39, 0x40,
    0x32, 0xd8, 0x0, 0xf1, 0xe0, 0x0, 0xf2, 0xd0,
    0x80, 0x36, 0xc6, 0x10, 0x22, 0xb1, 0x28, 0x70,
    0x9, 0xa5, 0xc0, 0x41, 0x27, 0x0, 0xcd, 0x89,
    0xec, 0x20, 0xdc, 0xa0, 0x1, 0x5f, 0x92, 0x4,
    0x0,

    /* U+FCEE "ﳮ" */
    0x0, 0xff, 0xe1, 0xc2, 0x80, 0x7f, 0xf1, 0x99,
    0xe8, 0x40, 0x3f, 0xf8, 0xa8, 0x26, 0x20, 0x1f,
    0x89, 0x4, 0x3, 0xc5, 0xd8, 0x1, 0xfa, 0xb6,
    0xf9, 0x40, 0x3f, 0xf8, 0x74, 0xa0, 0x15, 0x10,
    0x7, 0x5c, 0x90, 0x7, 0x2a, 0x82, 0xf4, 0x42,
    0xc0, 0x39, 0x18, 0x40, 0x3a, 0x1, 0xd0, 0xa0,
    0x18, 0x40, 0x23, 0x0, 0x10, 0x6, 0x52, 0x4,
    0x10, 0x60, 0x4, 0x80, 0x56, 0x0, 0x30, 0x9,
    0x6c, 0x0, 0x78, 0xf0, 0x0, 0x79, 0x68, 0x70,
    0x7, 0xba, 0x94, 0x8, 0xac, 0x4a, 0x1c, 0x2,
    0x69, 0x70, 0x10, 0x28, 0xae, 0x33, 0x62, 0x7b,
    0x8, 0x37, 0x28, 0x0, 0x57, 0x28, 0xc0, 0x8,

    /* U+FCEF "ﳯ" */
    0x0, 0xff, 0xe0, 0xa7, 0xc8, 0x7, 0xf1, 0x20,
    0x80, 0x76, 0x83, 0x80, 0x7e, 0xad, 0xbf, 0x30,
    0xd, 0xf, 0x40, 0x1f, 0x52, 0x80, 0x7, 0xc0,
    0x30, 0xc2, 0x0, 0x79, 0x14, 0x26, 0x40, 0x60,
    0x1d, 0x2c, 0x1, 0xe8, 0x4, 0x65, 0x0, 0x8,
    0x4, 0x6d, 0x22, 0x1, 0x84, 0xc3, 0xc1, 0x40,
    0x44, 0x1, 0x28, 0x8, 0x80, 0x32, 0x80, 0x10,
    0x6c, 0x24, 0x3, 0x68, 0x7, 0x93, 0x80, 0x13,
    0xc4, 0x1c, 0xec, 0xc9, 0x40, 0x1b, 0x65, 0x19,
    0x50, 0x3, 0x0, 0x4d, 0x13, 0x26, 0x1, 0x4,
    0x9a, 0x83, 0x0, 0xa6, 0xe4, 0x40, 0x30, 0xb7,
    0xc1, 0x0, 0x3f, 0xac, 0x0, 0x48, 0xd4, 0x3,
    0xfe, 0xe9, 0x17, 0xdf, 0xf3, 0x2, 0x8, 0x51,
    0x86, 0x0, 0x80, 0x7f, 0xf0, 0x2c, 0x7, 0x3d,
    0xc1, 0x0, 0x3f, 0xf8, 0xb, 0x22, 0x1, 0x14,
    0x80, 0x7f, 0xf0, 0x5b, 0xb2, 0xb3, 0x48, 0x3,
    0xfc,

    /* U+FCF0 "ﳰ" */
    0x0, 0xe2, 0x41, 0x0, 0xff, 0xe3, 0x56, 0xdf,
    0x28, 0x7, 0xff, 0x12, 0x94, 0x2, 0xa2, 0x0,
    0xe6, 0xb6, 0x0, 0xf2, 0xa8, 0x2f, 0x44, 0x2c,
    0x3, 0xb1, 0x30, 0x3, 0xd0, 0xe, 0x85, 0x0,
    0xc2, 0x1, 0x90, 0x34, 0x3, 0x94, 0x81, 0x4,
    0x18, 0x1, 0x20, 0x11, 0x88, 0x78, 0x6, 0x5b,
    0x0, 0x1e, 0x3c, 0x0, 0x1e, 0x59, 0xf4, 0x0,
    0xf2, 0xc8, 0x10, 0x22, 0xb1, 0x28, 0x70, 0x9,
    0xa6, 0x4, 0x4, 0x1a, 0x6d, 0x4c, 0xd8, 0x9e,
    0xc2, 0xd, 0xca, 0x0, 0x14, 0xbf, 0x61, 0x1,
    0x7e, 0xc2, 0x1, 0x9e, 0xf9, 0x1a, 0xff, 0x75,
    0xa0, 0xcf, 0x7f, 0x10, 0x7, 0xff, 0x4, 0x9c,
    0x5, 0xc4, 0x3, 0xff, 0x89, 0xf0, 0xf7, 0x16,
    0x1, 0xff, 0xc4, 0x40, 0x3c, 0xc, 0x0, 0x80,

    /* U+FCF1 "ﳱ" */
    0x0, 0xe2, 0x41, 0x0, 0xff, 0xe2, 0xd6, 0xdf,
    0x98, 0x7, 0xff, 0xe, 0x94, 0x0, 0x3e, 0x1,
    0xff, 0xc2, 0x45, 0x9, 0x90, 0x18, 0x7, 0x33,
    0x98, 0x7, 0xbc, 0x11, 0x94, 0x0, 0x20, 0x1a,
    0xe1, 0x0, 0x38, 0x50, 0x3c, 0x14, 0x4, 0x40,
    0x10, 0x90, 0x10, 0x7, 0x28, 0x1, 0x6, 0xc2,
    0x40, 0x33, 0x80, 0x7c, 0x9c, 0x0, 0x9e, 0x20,
    0xe7, 0x66, 0x44, 0x80, 0x2e, 0x15, 0x2, 0x54,
    0x0, 0xc0, 0x13, 0x44, 0xc9, 0xc0, 0x2, 0x27,
    0xab, 0x23, 0x0, 0xa6, 0xe4, 0x40, 0x30, 0xae,
    0xe2, 0x8, 0x11, 0x3a, 0xc0, 0x4, 0x8d, 0x40,
    0x5f, 0xee, 0xa2, 0x25, 0xf7, 0xe8, 0x1, 0x0,
    0x14, 0x61, 0x80, 0x40, 0x1f, 0xfc, 0x18, 0x1,
    0xcf, 0x70, 0x30, 0x6, 0x70, 0xcf, 0x98, 0x7,
    0x3b, 0x80, 0x30, 0xf8, 0x9, 0x8a, 0xa0, 0x20,
    0x7, 0xa3, 0xa6, 0x27, 0xcc, 0x6, 0xe5, 0x3a,
    0x1c, 0x2,

    /* U+FCF2 "ﳲ" */
    0x0, 0xff, 0x92, 0x79, 0xc0, 0x22, 0xfb, 0x29,
    0x60, 0x8, 0xeb, 0xed, 0xcc, 0x2, 0x15, 0x19,
    0x3d, 0x0, 0x8f, 0x4d, 0x84, 0x4, 0x0, 0xe0,
    0xe1, 0xa6, 0x20, 0x5, 0x2a, 0xbd, 0xc0, 0x8,
    0x7b, 0x88, 0x40, 0x1c, 0x22, 0x0, 0xff, 0xeb,
    0x22, 0xaf, 0x10, 0x2, 0x6a, 0xbb, 0x40, 0x4,
    0x1, 0xca, 0x0,

    /* U+FCF3 "ﳳ" */
    0x0, 0xe, 0x7c, 0x0, 0x7a, 0x42, 0x9c, 0x40,
    0x3b, 0xc4, 0x0, 0x20, 0x1c, 0xa7, 0x4e, 0x1,
    0xdd, 0xa5, 0x50, 0x1, 0xdf, 0xec, 0x12, 0xb0,
    0xc, 0x76, 0x56, 0x8, 0x20, 0x13, 0x34, 0x1a,
    0x42, 0x1, 0x29, 0x5d, 0xb7, 0x40, 0x18, 0x7b,
    0x88, 0x40, 0x1e, 0x11, 0x0, 0x7f, 0xf6, 0x91,
    0x57, 0x88, 0x2, 0x9a, 0xae, 0xd0, 0x8, 0x80,
    0x39, 0x40,

    /* U+FCF4 "ﳴ" */
    0x0, 0xe2, 0x0, 0xe1, 0x84, 0xc0, 0x9, 0x71,
    0x19, 0xc4, 0x2, 0x63, 0xa0, 0xc4, 0x0, 0x8f,
    0x7b, 0x9b, 0x60, 0x18, 0x84, 0x49, 0x0, 0x19,
    0xf7, 0xa0, 0x3, 0xb5, 0x73, 0xa0, 0x3, 0x54,
    0x18, 0x7, 0xff, 0x79, 0x15, 0x78, 0x80, 0x13,
    0x55, 0xda, 0x0, 0x20, 0xe, 0x50,

    /* U+FCF5 "ﳵ" */
    0x0, 0xff, 0xe2, 0xef, 0xc0, 0x7, 0xff, 0xac,
    0x40, 0x40, 0x3f, 0xfd, 0x6e, 0x6, 0x1, 0xff,
    0xeb, 0x10, 0x10, 0x8, 0x95, 0x44, 0x1, 0xff,
    0xcb, 0x3c, 0xda, 0xa6, 0xc8, 0x7, 0xff, 0x18,
    0xc1, 0xe3, 0xc, 0x3, 0x33, 0x80, 0x7f, 0xf1,
    0xcd, 0xc0, 0xef, 0xf8, 0xc2, 0x80, 0x80, 0x3f,
    0xf8, 0x62, 0x1, 0x3e, 0x20, 0xd, 0x1, 0x7,
    0xf9, 0x40, 0x3c, 0xc6, 0x1, 0xc2, 0x0, 0x78,
    0x0, 0xda, 0x4, 0x50, 0x30, 0x7, 0xa3, 0x3a,
    0x59, 0x15, 0x80, 0xb1, 0x15, 0xeb, 0xd0, 0x2d,
    0xc0, 0x6, 0x1, 0xc2, 0x0, 0x16, 0x9b, 0xa0,
    0x1, 0x5d, 0xaa, 0x14, 0x0, 0xec, 0x60, 0x1f,
    0x87, 0xac, 0x40, 0x3f, 0xc2, 0x71, 0xd0, 0x6,
    0x0, 0x50, 0xf, 0x91, 0x41, 0x3f, 0xff, 0x76,
    0x38, 0x80, 0x10, 0x1, 0x52, 0x62, 0x0, 0x25,
    0xb4, 0xc, 0x0, 0xff, 0xe1, 0xc, 0x80, 0x1b,
    0x3b, 0xfd, 0xb4, 0x80, 0xae, 0x1, 0xff, 0xc3,
    0x6c, 0x40, 0xf, 0x92, 0xe8, 0x3, 0xff, 0x8a,
    0x77, 0xd9, 0x54, 0xbd, 0xfb, 0x40, 0xf, 0xfe,
    0x20,

    /* U+FCF6 "ﳶ" */
    0x0, 0xff, 0xe2, 0xef, 0xc0, 0x7, 0xff, 0xac,
    0x40, 0x40, 0x3f, 0xfd, 0x6e, 0x6, 0x1, 0xff,
    0xeb, 0x10, 0x10, 0x8, 0x95, 0x44, 0x1, 0xff,
    0xcb, 0x3c, 0xda, 0xa6, 0xc8, 0x7, 0xff, 0x18,
    0xc1, 0xe3, 0xc, 0x3, 0x33, 0x80, 0x7f, 0xf1,
    0xcd, 0xc0, 0xef, 0xf8, 0xc2, 0x80, 0x80, 0x3f,
    0xf8, 0x62, 0x1, 0x3e, 0x20, 0xd, 0x1, 0x7,
    0xf9, 0x40, 0x3c, 0xc6, 0x1, 0xc2, 0x0, 0x78,
    0x0, 0xda, 0x4, 0x50, 0x30, 0x7, 0xa3, 0x3a,
    0x59, 0x15, 0x80, 0xb1, 0x15, 0xeb, 0xd0, 0x2d,
    0xc0, 0x6, 0x1, 0xc2, 0x0, 0x16, 0x9b, 0xa0,
    0x1, 0x5d, 0xaa, 0x14, 0x0, 0xec, 0x60, 0x1f,
    0x87, 0xac, 0x40, 0x3f, 0xc2, 0x71, 0xd0, 0x6,
    0x0, 0x50, 0xf, 0x91, 0x41, 0x3f, 0xff, 0x76,
    0x38, 0x80, 0x10, 0x1, 0x52, 0x62, 0x0, 0x25,
    0xb4, 0xc, 0x0, 0xff, 0xe1, 0xc, 0x80, 0x1b,
    0x3b, 0xfd, 0xb4, 0x80, 0xae, 0x1, 0xff, 0xc3,
    0x6c, 0x40, 0xf, 0x92, 0xe8, 0x3, 0xff, 0x8a,
    0x77, 0xd9, 0x54, 0xbd, 0xfb, 0x40, 0xf, 0xfe,
    0x40, 0x9a, 0xa9, 0x8, 0x3, 0xff, 0x98, 0xe4,
    0xc, 0x80, 0x1f, 0xfc, 0xb8, 0x87, 0xa4, 0xd8,
    0x7, 0xff, 0x2f, 0x1, 0x18, 0x50, 0x3, 0xff,
    0x8e,

    /* U+FCF7 "ﳷ" */
    0x0, 0xff, 0xe4, 0x1a, 0xa0, 0x80, 0x7f, 0xf2,
    0x17, 0xb2, 0xae, 0xc0, 0x1f, 0xfc, 0x75, 0xa1,
    0x0, 0xb4, 0x3, 0xff, 0x8f, 0x20, 0x37, 0xfe,
    0x60, 0xf, 0xfe, 0x39, 0x4, 0xa0, 0x0, 0x40,
    0x22, 0x0, 0xff, 0xe1, 0x90, 0x68, 0x7, 0xdf,
    0xe5, 0x0, 0xf3, 0xa0, 0x7, 0x48, 0x2c, 0x9,
    0xcf, 0x1, 0x10, 0x18, 0x3, 0xd3, 0x7f, 0x6e,
    0xcc, 0x33, 0x3, 0xf6, 0x30, 0xb3, 0x80, 0xc,
    0x3, 0x84, 0xc0, 0x9, 0x13, 0x31, 0x80, 0x62,
    0x87, 0x30, 0xf, 0xc3, 0xb8, 0x40, 0x1c, 0x26,
    0xd3, 0xba, 0x71, 0x30, 0x2, 0x80, 0x7c, 0x6c,
    0x9, 0xff, 0x76, 0x4b, 0x10, 0x4, 0x80, 0xa,
    0x93, 0x10, 0x1, 0x2d, 0xa0, 0x60, 0x7, 0xfc,
    0x32, 0x0, 0x6c, 0xef, 0xf6, 0xd2, 0x2, 0xb8,
    0x7, 0xff, 0x1, 0xb1, 0x0, 0x3e, 0x4b, 0xa0,
    0xf, 0xfe, 0x11, 0xdf, 0x65, 0x52, 0xf7, 0xed,
    0x0, 0x3f, 0xf8, 0x20,

    /* U+FCF8 "ﳸ" */
    0x0, 0xff, 0xe4, 0x1a, 0xa0, 0x80, 0x7f, 0xf2,
    0x17, 0xb2, 0xae, 0xc0, 0x1f, 0xfc, 0x75, 0xa1,
    0x0, 0xb4, 0x3, 0xff, 0x8f, 0x20, 0x37, 0xfe,
    0x60, 0xf, 0xfe, 0x39, 0x4, 0xa0, 0x0, 0x40,
    0x22, 0x0, 0xff, 0xe1, 0x90, 0x68, 0x7, 0xdf,
    0xe5, 0x0, 0xf3, 0xa0, 0x7, 0x48, 0x2c, 0x9,
    0xcf, 0x1, 0x10, 0x18, 0x3, 0xd3, 0x7f, 0x6e,
    0xcc, 0x33, 0x3, 0xf6, 0x30, 0xb3, 0x80, 0xc,
    0x3, 0x84, 0xc0, 0x9, 0x13, 0x31, 0x80, 0x62,
    0x87, 0x30, 0xf, 0xc3, 0xb8, 0x40, 0x1c, 0x26,
    0xd3, 0xba, 0x71, 0x30, 0x2, 0x80, 0x7c, 0x6c,
    0x9, 0xff, 0x76, 0x4b, 0x10, 0x4, 0x80, 0xa,
    0x93, 0x10, 0x1, 0x2d, 0xa0, 0x60, 0x7, 0xfc,
    0x32, 0x0, 0x6c, 0xef, 0xf6, 0xd2, 0x2, 0xb8,
    0x7, 0xff, 0x1, 0xb1, 0x0, 0x3e, 0x4b, 0xa0,
    0xf, 0xfe, 0x11, 0xdf, 0x65, 0x52, 0xf7, 0xed,
    0x0, 0x3f, 0xf8, 0xa2, 0x6a, 0xa4, 0x20, 0xf,
    0xfe, 0x4b, 0x90, 0x32, 0x0, 0x7f, 0xf2, 0x22,
    0x1e, 0x93, 0x60, 0x1f, 0xfc, 0x8c, 0x4, 0x61,
    0x40, 0xf, 0xfe, 0x20,

    /* U+FCF9 "ﳹ" */
    0x0, 0xff, 0xe3, 0x8f, 0x60, 0x7, 0xff, 0x2d,
    0x44, 0xc8, 0x3, 0xff, 0x94, 0x91, 0x24, 0x1,
    0xff, 0xcb, 0x76, 0x0, 0xff, 0xf3, 0x1a, 0xa0,
    0x80, 0x7f, 0xf2, 0x17, 0xb2, 0xae, 0xc0, 0x1f,
    0xfc, 0x75, 0xa1, 0x0, 0xb4, 0x3, 0xff, 0x8f,
    0x20, 0x37, 0xfe, 0x60, 0xf, 0xfe, 0x39, 0x4,
    0xa0, 0x0, 0x40, 0x22, 0x0, 0xff, 0xe1, 0x90,
    0x68, 0x7, 0xdf, 0xe5, 0x0, 0xf3, 0xa0, 0x7,
    0x48, 0x2c, 0x9, 0xcf, 0x1, 0x10, 0x18, 0x3,
    0xd3, 0x7f, 0x6e, 0xcc, 0x33, 0x3, 0xf6, 0x30,
    0xb3, 0x80, 0xc, 0x3, 0x84, 0xc0, 0x9, 0x13,
    0x31, 0x80, 0x62, 0x87, 0x30, 0xf, 0xc3, 0xb8,
    0x40, 0x1c, 0x26, 0xd3, 0xba, 0x71, 0x30, 0x2,
    0x80, 0x7c, 0x6c, 0x9, 0xff, 0x76, 0x4b, 0x10,
    0x4, 0x80, 0xa, 0x93, 0x10, 0x1, 0x2d, 0xa0,
    0x60, 0x7, 0xfc, 0x32, 0x0, 0x6c, 0xef, 0xf6,
    0xd2, 0x2, 0xb8, 0x7, 0xff, 0x1, 0xb1, 0x0,
    0x3e, 0x4b, 0xa0, 0xf, 0xfe, 0x11, 0xdf, 0x65,
    0x52, 0xf7, 0xed, 0x0, 0x3f, 0xf8, 0x20,

    /* U+FCFA "ﳺ" */
    0x0, 0xff, 0xe3, 0x8f, 0x60, 0x7, 0xff, 0x2d,
    0x44, 0xc8, 0x3, 0xff, 0x94, 0x91, 0x24, 0x1,
    0xff, 0xcb, 0x76, 0x0, 0xff, 0xf3, 0x1a, 0xa0,
    0x80, 0x7f, 0xf2, 0x17, 0xb2, 0xae, 0xc0, 0x1f,
    0xfc, 0x75, 0xa1, 0x0, 0xb4, 0x3, 0xff, 0x8f,
    0x20, 0x37, 0xfe, 0x60, 0xf, 0xfe, 0x39, 0x4,
    0xa0, 0x0, 0x40, 0x22, 0x0, 0xff, 0xe1, 0x90,
    0x68, 0x7, 0xdf, 0xe5, 0x0, 0xf3, 0xa0, 0x7,
    0x48, 0x2c, 0x9, 0xcf, 0x1, 0x10, 0x18, 0x3,
    0xd3, 0x7f, 0x6e, 0xcc, 0x33, 0x3, 0xf6, 0x30,
    0xb3, 0x80, 0xc, 0x3, 0x84, 0xc0, 0x9, 0x13,
    0x31, 0x80, 0x62, 0x87, 0x30, 0xf, 0xc3, 0xb8,
    0x40, 0x1c, 0x26, 0xd3, 0xba, 0x71, 0x30, 0x2,
    0x80, 0x7c, 0x6c, 0x9, 0xff, 0x76, 0x4b, 0x10,
    0x4, 0x80, 0xa, 0x93, 0x10, 0x1, 0x2d, 0xa0,
    0x60, 0x7, 0xfc, 0x32, 0x0, 0x6c, 0xef, 0xf6,
    0xd2, 0x2, 0xb8, 0x7, 0xff, 0x1, 0xb1, 0x0,
    0x3e, 0x4b, 0xa0, 0xf, 0xfe, 0x11, 0xdf, 0x65,
    0x52, 0xf7, 0xed, 0x0, 0x3f, 0xf8, 0xa2, 0x6a,
    0xa4, 0x20, 0xf, 0xfe, 0x4b, 0x90, 0x32, 0x0,
    0x7f, 0xf2, 0x22, 0x1e, 0x93, 0x60, 0x1f, 0xfc,
    0x8c, 0x4, 0x61, 0x40, 0xf, 0xfe, 0x20,

    /* U+FCFB "ﳻ" */
    0x0, 0xff, 0xf9, 0x3e, 0x28, 0x7, 0xff, 0x4a,
    0x4f, 0xc0, 0x3f, 0xf8, 0xe4, 0x20, 0x18, 0xd0,
    0x40, 0xe, 0x8, 0x1, 0xff, 0xc7, 0x9e, 0x80,
    0xa, 0x2e, 0x40, 0x1a, 0x2, 0x20, 0x31, 0x0,
    0xff, 0xe1, 0xa8, 0x70, 0x4, 0xa1, 0xc0, 0x5,
    0x0, 0x10, 0x77, 0x18, 0x3, 0xce, 0xa0, 0x1c,
    0x82, 0x4, 0x0, 0x31, 0x3, 0x0, 0xf1, 0x10,
    0x14, 0x3, 0xd1, 0x5f, 0x6e, 0xcc, 0x90, 0x4,
    0x33, 0x38, 0x1, 0x2c, 0xcd, 0x0, 0x13, 0x80,
    0xc, 0x3, 0x84, 0x80, 0x9, 0x13, 0x22, 0x1,
    0x39, 0x91, 0x0, 0x9c, 0xc8, 0xc1, 0xc4, 0xc0,
    0x3f, 0xe, 0xe1, 0x0, 0x63, 0xbd, 0x30, 0x1,
    0x4e, 0x18, 0x0, 0xa2, 0x0, 0x60, 0x5, 0x0,
    0xf8, 0xd8, 0x13, 0xfd, 0x88, 0x79, 0xfe, 0xd6,
    0x2c, 0xff, 0x6b, 0x80, 0x10, 0x1, 0x52, 0x62,
    0x0, 0x25, 0xb4, 0xc, 0x0, 0xff, 0xe3, 0xd,
    0x0, 0x1b, 0x3b, 0xfd, 0xb4, 0x80, 0xae, 0x1,
    0xff, 0xc7, 0x5c, 0x40, 0xf, 0x92, 0xe8, 0x3,
    0xff, 0x92, 0x77, 0xd9, 0x54, 0xbd, 0xfb, 0x40,
    0xf, 0xfe, 0x40,

    /* U+FCFC "ﳼ" */
    0x0, 0xff, 0xf9, 0x3e, 0x28, 0x7, 0xff, 0x4a,
    0x4f, 0xc0, 0x3f, 0xf8, 0xe4, 0x20, 0x18, 0xd0,
    0x40, 0xe, 0x8, 0x1, 0xff, 0xc7, 0x9e, 0x80,
    0xa, 0x2e, 0x40, 0x1a, 0x2, 0x20, 0x31, 0x0,
    0xff, 0xe1, 0xa8, 0x70, 0x4, 0xa1, 0xc0, 0x5,
    0x0, 0x10, 0x77, 0x18, 0x3, 0xce, 0xa0, 0x1c,
    0x82, 0x4, 0x0, 0x31, 0x3, 0x0, 0xf1, 0x10,
    0x14, 0x3, 0xd1, 0x5f, 0x6e, 0xcc, 0x90, 0x4,
    0x33, 0x38, 0x1, 0x2c, 0xcd, 0x0, 0x13, 0x80,
    0xc, 0x3, 0x84, 0x80, 0x9, 0x13, 0x22, 0x1,
    0x39, 0x91, 0x0, 0x9c, 0xc8, 0xc1, 0xc4, 0xc0,
    0x3f, 0xe, 0xe1, 0x0, 0x63, 0xbd, 0x30, 0x1,
    0x4e, 0x18, 0x0, 0xa2, 0x0, 0x60, 0x5, 0x0,
    0xf8, 0xd8, 0x13, 0xfd, 0x88, 0x79, 0xfe, 0xd6,
    0x2c, 0xff, 0x6b, 0x80, 0x10, 0x1, 0x52, 0x62,
    0x0, 0x25, 0xb4, 0xc, 0x0, 0xff, 0xe3, 0xd,
    0x0, 0x1b, 0x3b, 0xfd, 0xb4, 0x80, 0xae, 0x1,
    0xff, 0xc7, 0x5c, 0x40, 0xf, 0x92, 0xe8, 0x3,
    0xff, 0x92, 0x77, 0xd9, 0x54, 0xbd, 0xfb, 0x40,
    0xf, 0xfe, 0x60, 0x9a, 0xa9, 0x8, 0x3, 0xff,
    0xa0, 0xe4, 0xc, 0x80, 0x1f, 0xfc, 0xf8, 0x87,
    0xa4, 0xd8, 0x7, 0xff, 0x3f, 0x1, 0x18, 0x50,
    0x3, 0xff, 0x96,

    /* U+FCFD "ﳽ" */
    0x0, 0xff, 0xe6, 0x4f, 0x98, 0x7, 0xff, 0x49,
    0x41, 0x80, 0x3f, 0xfa, 0x5b, 0x6a, 0x1, 0xff,
    0xd0, 0x2e, 0xb7, 0xe9, 0x0, 0xff, 0xe7, 0xb0,
    0xbb, 0xa, 0x80, 0x7f, 0xf3, 0xd3, 0x30, 0xb9,
    0xa0, 0x1, 0x10, 0x7, 0xff, 0x30, 0xc4, 0xc,
    0x43, 0x39, 0x80, 0x3f, 0xfa, 0x42, 0x18, 0x1,
    0xff, 0xc7, 0x44, 0x0, 0x65, 0x73, 0x0, 0x28,
    0x20, 0x7, 0xff, 0x1f, 0xee, 0x0, 0x2e, 0x8b,
    0x0, 0x60, 0x0, 0x81, 0x8, 0x3, 0xff, 0x86,
    0x81, 0xa0, 0x12, 0x87, 0x0, 0x14, 0x0, 0x21,
    0x5a, 0xc0, 0x1e, 0x85, 0x0, 0xe4, 0x0, 0x8,
    0x0, 0xc4, 0xc, 0x3, 0xc4, 0x20, 0x80, 0x1e,
    0x7a, 0xfb, 0x76, 0x79, 0x0, 0x43, 0x33, 0x80,
    0x12, 0xcc, 0xd0, 0x1, 0xb8, 0x0, 0x80, 0x38,
    0x48, 0x0, 0x91, 0x30, 0x40, 0x27, 0x32, 0x20,
    0x13, 0x99, 0x18, 0x38, 0x18, 0x7, 0xe1, 0xdc,
    0x20, 0xc, 0x77, 0xa6, 0x0, 0x29, 0xc3, 0x0,
    0x14, 0xc0, 0x18, 0x1, 0x40, 0x3e, 0x36, 0x4,
    0xff, 0x62, 0x1e, 0x7f, 0xb5, 0x8b, 0x3f, 0xda,
    0xc0, 0x4, 0x0, 0x54, 0x98, 0x80, 0x9, 0x6d,
    0x3, 0x0, 0x3f, 0xf8, 0xc3, 0x40, 0x6, 0xce,
    0xff, 0x6d, 0x20, 0x2b, 0x80, 0x7f, 0xf1, 0xd7,
    0x10, 0x3, 0xe4, 0xba, 0x0, 0xff, 0xe4, 0x9d,
    0xf6, 0x55, 0x2f, 0x7e, 0xd0, 0x3, 0xff, 0x90,

    /* U+FCFE "ﳾ" */
    0x0, 0xff, 0xe6, 0x4f, 0x98, 0x7, 0xff, 0x49,
    0x41, 0x80, 0x3f, 0xfa, 0x5b, 0x6a, 0x1, 0xff,
    0xd0, 0x2e, 0xb7, 0xe9, 0x0, 0xff, 0xe7, 0xb0,
    0xbb, 0xa, 0x80, 0x7f, 0xf3, 0xd3, 0x30, 0xb9,
    0xa0, 0x1, 0x10, 0x7, 0xff, 0x30, 0xc4, 0xc,
    0x43, 0x39, 0x80, 0x3f, 0xfa, 0x42, 0x18, 0x1,
    0xff, 0xc7, 0x44, 0x0, 0x65, 0x73, 0x0, 0x28,
    0x20, 0x7, 0xff, 0x1f, 0xee, 0x0, 0x2e, 0x8b,
    0x0, 0x60, 0x0, 0x81, 0x8, 0x3, 0xff, 0x86,
    0x81, 0xa0, 0x12, 0x87, 0x0, 0x14, 0x0, 0x21,
    0x5a, 0xc0, 0x1e, 0x85, 0x0, 0xe4, 0x0, 0x8,
    0x0, 0xc4, 0xc, 0x3, 0xc4, 0x20, 0x80, 0x1e,
    0x7a, 0xfb, 0x76, 0x79, 0x0, 0x43, 0x33, 0x80,
    0x12, 0xcc, 0xd0, 0x1, 0xb8, 0x0, 0x80, 0x38,
    0x48, 0x0, 0x91, 0x30, 0x40, 0x27, 0x32, 0x20,
    0x13, 0x99, 0x18, 0x38, 0x18, 0x7, 0xe1, 0xdc,
    0x20, 0xc, 0x77, 0xa6, 0x0, 0x29, 0xc3, 0x0,
    0x14, 0xc0, 0x18, 0x1, 0x40, 0x3e, 0x36, 0x4,
    0xff, 0x62, 0x1e, 0x7f, 0xb5, 0x8b, 0x3f, 0xda,
    0xc0, 0x4, 0x0, 0x54, 0x98, 0x80, 0x9, 0x6d,
    0x3, 0x0, 0x3f, 0xf8, 0xc3, 0x40, 0x6, 0xce,
    0xff, 0x6d, 0x20, 0x2b, 0x80, 0x7f, 0xf1, 0xd7,
    0x10, 0x3, 0xe4, 0xba, 0x0, 0xff, 0xe4, 0x9d,
    0xf6, 0x55, 0x2f, 0x7e, 0xd0, 0x3, 0xff, 0x98,
    0x26, 0xaa, 0x42, 0x0, 0xff, 0xe8, 0x39, 0x3,
    0x20, 0x7, 0xff, 0x3e, 0x21, 0xe9, 0x36, 0x1,
    0xff, 0xcf, 0xc0, 0x46, 0x14, 0x0, 0xff, 0xe5,
    0x80,

    /* U+FCFF "ﳿ" */
    0x0, 0xff, 0xe2, 0x1f, 0x7f, 0xb6, 0x50, 0x3,
    0xff, 0x92, 0x22, 0x0, 0x13, 0x5e, 0xb8, 0x80,
    0x7f, 0xf1, 0x8b, 0xbf, 0xdb, 0x48, 0x51, 0xde,
    0x0, 0x65, 0x0, 0xff, 0xe1, 0x8, 0x0, 0x96,
    0x44, 0x2, 0x10, 0x8a, 0x60, 0xf, 0x5c, 0x8,
    0x7, 0xc7, 0x3a, 0x20, 0xf6, 0x26, 0x20, 0x80,
    0x1e, 0x47, 0xec, 0x86, 0x63, 0xd7, 0x63, 0x2,
    0xf4, 0x20, 0x28, 0x0, 0x80, 0x38, 0x48, 0x0,
    0x6f, 0x32, 0x85, 0x10, 0x4c, 0xa1, 0x0, 0xff,
    0xe0, 0xe, 0xe1, 0x0, 0x61, 0x48, 0xdb, 0x30,
    0xe, 0x30, 0x3, 0x0, 0x7c, 0x6c, 0x9, 0xfe,
    0xeb, 0x72, 0x0, 0xf9, 0x44, 0x26, 0x46, 0x20,
    0x2, 0x5b, 0x40, 0xc0, 0xf, 0xfe, 0x15, 0x80,
    0x1b, 0x3b, 0xfd, 0xb4, 0x80, 0xae, 0x1, 0xff,
    0xc2, 0x5c, 0x40, 0xf, 0x92, 0xe8, 0x3, 0xff,
    0x88, 0x77, 0xf9, 0x54, 0xbd, 0xfb, 0x40, 0xf,
    0xfe, 0x18,

    /* U+FD00 "ﴀ" */
    0x0, 0xff, 0xe2, 0x1f, 0x7f, 0xb6, 0x50, 0x3,
    0xff, 0x92, 0x22, 0x0, 0x13, 0x5e, 0xb8, 0x80,
    0x7f, 0xf1, 0x8b, 0xbf, 0xdb, 0x48, 0x51, 0xde,
    0x0, 0x65, 0x0, 0xff, 0xe1, 0x8, 0x0, 0x96,
    0x44, 0x2, 0x10, 0x8a, 0x60, 0xf, 0x5c, 0x8,
    0x7, 0xc7, 0x3a, 0x20, 0xf6, 0x26, 0x20, 0x80,
    0x1e, 0x47, 0xec, 0x86, 0x63, 0xd7, 0x63, 0x2,
    0xf4, 0x20, 0x28, 0x0, 0x80, 0x38, 0x48, 0x0,
    0x6f, 0x32, 0x85, 0x10, 0x4c, 0xa1, 0x0, 0xff,
    0xe0, 0xe, 0xe1, 0x0, 0x61, 0x48, 0xdb, 0x30,
    0xe, 0x30, 0x3, 0x0, 0x7c, 0x6c, 0x9, 0xfe,
    0xeb, 0x72, 0x0, 0xf9, 0x44, 0x26, 0x46, 0x20,
    0x2, 0x5b, 0x40, 0xc0, 0xf, 0xfe, 0x15, 0x80,
    0x1b, 0x3b, 0xfd, 0xb4, 0x80, 0xae, 0x1, 0xff,
    0xc2, 0x5c, 0x40, 0xf, 0x92, 0xe8, 0x3, 0xff,
    0x88, 0x77, 0xf9, 0x54, 0xbd, 0xfb, 0x40, 0xf,
    0xfe, 0x41, 0xaa, 0x90, 0x80, 0x3f, 0xf9, 0x6e,
    0x40, 0xc8, 0x1, 0xff, 0xca, 0x88, 0x7a, 0x4d,
    0x80, 0x7f, 0xf2, 0xb0, 0x11, 0x85, 0x0, 0x3f,
    0xf8, 0xc0,

    /* U+FD01 "ﴁ" */
    0x0, 0xff, 0xe2, 0x1f, 0x7f, 0xb6, 0x50, 0x3,
    0xff, 0x92, 0x22, 0x0, 0x13, 0x5e, 0xb8, 0x80,
    0x7f, 0xf1, 0x8b, 0xbf, 0xdb, 0x48, 0x51, 0xde,
    0x0, 0x65, 0x0, 0xff, 0xe1, 0x8, 0x0, 0x96,
    0x44, 0x2, 0x10, 0x8a, 0x60, 0xf, 0x5c, 0x8,
    0x7, 0xc7, 0x3a, 0x20, 0xf6, 0x26, 0x20, 0x80,
    0x1e, 0x47, 0xec, 0x86, 0x63, 0xd7, 0x63, 0x2,
    0xf4, 0x20, 0x28, 0x0, 0x80, 0x38, 0x48, 0x0,
    0x6f, 0x32, 0x85, 0x10, 0x4c, 0xa1, 0x0, 0xff,
    0xe0, 0xe, 0xe1, 0x0, 0x61, 0x48, 0xdb, 0x30,
    0xe, 0x30, 0x3, 0x0, 0x7c, 0x6c, 0x9, 0xfe,
    0xeb, 0x72, 0x0, 0xf9, 0x44, 0x26, 0x46, 0x20,
    0x2, 0x5b, 0x40, 0xc0, 0xe, 0x27, 0x0, 0xfa,
    0xc0, 0xd, 0x9d, 0xfe, 0xda, 0x40, 0x57, 0x0,
    0xef, 0x88, 0x0, 0x79, 0x71, 0x0, 0x3e, 0x4b,
    0xa0, 0xf, 0x20, 0x60, 0x7, 0xc7, 0x7f, 0x95,
    0x4b, 0xdf, 0xb4, 0x0, 0xfa, 0x7d, 0x0, 0x38,

    /* U+FD02 "ﴂ" */
    0x0, 0xff, 0xe2, 0x1f, 0x7f, 0xb6, 0x50, 0x3,
    0xff, 0x92, 0x22, 0x0, 0x13, 0x5e, 0xb8, 0x80,
    0x7f, 0xf1, 0x8b, 0xbf, 0xdb, 0x48, 0x51, 0xde,
    0x0, 0x65, 0x0, 0xff, 0xe1, 0x8, 0x0, 0x96,
    0x44, 0x2, 0x10, 0x8a, 0x60, 0xf, 0x5c, 0x8,
    0x7, 0xc7, 0x3a, 0x20, 0xf6, 0x26, 0x20, 0x80,
    0x1e, 0x47, 0xec, 0x86, 0x63, 0xd7, 0x63, 0x2,
    0xf4, 0x20, 0x28, 0x0, 0x80, 0x38, 0x48, 0x0,
    0x6f, 0x32, 0x85, 0x10, 0x4c, 0xa1, 0x0, 0xff,
    0xe0, 0xe, 0xe1, 0x0, 0x61, 0x48, 0xdb, 0x30,
    0xe, 0x30, 0x3, 0x0, 0x7c, 0x6c, 0x9, 0xfe,
    0xeb, 0x72, 0x0, 0xf9, 0x44, 0x26, 0x46, 0x20,
    0x2, 0x5b, 0x40, 0xc0, 0xe, 0x27, 0x0, 0xfa,
    0xc0, 0xd, 0x9d, 0xfe, 0xda, 0x40, 0x57, 0x0,
    0xef, 0x88, 0x0, 0x79, 0x71, 0x0, 0x3e, 0x4b,
    0xa0, 0xf, 0x20, 0x60, 0x7, 0xc7, 0x7f, 0x95,
    0x4b, 0xdf, 0xb4, 0x0, 0xfa, 0x7d, 0x0, 0x3f,
    0xc6, 0xaa, 0x42, 0x0, 0xff, 0xe5, 0xb9, 0x3,
    0x20, 0x7, 0xff, 0x2a, 0x21, 0xe9, 0x36, 0x1,
    0xff, 0xca, 0xc0, 0x46, 0x14, 0x0, 0xff, 0xe3,
    0x0,

    /* U+FD03 "ﴃ" */
    0x0, 0xff, 0xe3, 0x3b, 0x0, 0x7f, 0xf3, 0x52,
    0x24, 0x80, 0x3f, 0xf9, 0x8a, 0x24, 0x40, 0xf,
    0xfe, 0x60, 0xf6, 0x80, 0x7f, 0xfa, 0xf, 0xbf,
    0xdb, 0x28, 0x1, 0xff, 0xc9, 0x11, 0x0, 0x9,
    0xaf, 0x5c, 0x40, 0x3f, 0xf8, 0xc5, 0xdf, 0xed,
    0xa4, 0x28, 0xef, 0x0, 0x32, 0x80, 0x7f, 0xf0,
    0x84, 0x0, 0x4b, 0x22, 0x1, 0x8, 0x45, 0x30,
    0x7, 0xae, 0x4, 0x3, 0xe3, 0x9d, 0x10, 0x7b,
    0x13, 0x10, 0x40, 0xf, 0x23, 0xf6, 0x43, 0x31,
    0xeb, 0xb1, 0x81, 0x7a, 0x10, 0x14, 0x0, 0x40,
    0x1c, 0x24, 0x0, 0x37, 0x99, 0x42, 0x88, 0x26,
    0x50, 0x80, 0x7f, 0xf0, 0x7, 0x70, 0x80, 0x30,
    0xa4, 0x6d, 0x98, 0x7, 0x18, 0x1, 0x80, 0x3e,
    0x36, 0x4, 0xff, 0x75, 0xb9, 0x0, 0x7c, 0xa2,
    0x13, 0x23, 0x10, 0x1, 0x2d, 0xa0, 0x60, 0x7,
    0xff, 0xa, 0xc0, 0xd, 0x9d, 0xfe, 0xda, 0x40,
    0x57, 0x0, 0xff, 0xe1, 0x2e, 0x20, 0x7, 0xc9,
    0x74, 0x1, 0xff, 0xc4, 0x3b, 0xfc, 0xaa, 0x5e,
    0xfd, 0xa0, 0x7, 0xff, 0xc,

    /* U+FD04 "ﴄ" */
    0x0, 0xff, 0xe3, 0x3b, 0x0, 0x7f, 0xf3, 0x52,
    0x24, 0x80, 0x3f, 0xf9, 0x8a, 0x24, 0x40, 0xf,
    0xfe, 0x60, 0xf6, 0x80, 0x7f, 0xfa, 0xf, 0xbf,
    0xdb, 0x28, 0x1, 0xff, 0xc9, 0x11, 0x0, 0x9,
    0xaf, 0x5c, 0x40, 0x3f, 0xf8, 0xc5, 0xdf, 0xed,
    0xa4, 0x28, 0xef, 0x0, 0x32, 0x80, 0x7f, 0xf0,
    0x84, 0x0, 0x4b, 0x22, 0x1, 0x8, 0x45, 0x30,
    0x7, 0xae, 0x4, 0x3, 0xe3, 0x9d, 0x10, 0x7b,
    0x13, 0x10, 0x40, 0xf, 0x23, 0xf6, 0x43, 0x31,
    0xeb, 0xb1, 0x81, 0x7a, 0x10, 0x14, 0x0, 0x40,
    0x1c, 0x24, 0x0, 0x37, 0x99, 0x42, 0x88, 0x26,
    0x50, 0x80, 0x7f, 0xf0, 0x7, 0x70, 0x80, 0x30,
    0xa4, 0x6d, 0x98, 0x7, 0x18, 0x1, 0x80, 0x3e,
    0x36, 0x4, 0xff, 0x75, 0xb9, 0x0, 0x7c, 0xa2,
    0x13, 0x23, 0x10, 0x1, 0x2d, 0xa0, 0x60, 0x7,
    0xff, 0xa, 0xc0, 0xd, 0x9d, 0xfe, 0xda, 0x40,
    0x57, 0x0, 0xff, 0xe1, 0x2e, 0x20, 0x7, 0xc9,
    0x74, 0x1, 0xff, 0xc4, 0x3b, 0xfc, 0xaa, 0x5e,
    0xfd, 0xa0, 0x7, 0xff, 0x20, 0xd5, 0x48, 0x40,
    0x1f, 0xfc, 0xb7, 0x20, 0x64, 0x0, 0xff, 0xe5,
    0x44, 0x3d, 0x26, 0xc0, 0x3f, 0xf9, 0x58, 0x8,
    0xc2, 0x80, 0x1f, 0xfc, 0x60,

    /* U+FD05 "ﴅ" */
    0x0, 0xff, 0xe8, 0x1a, 0xa0, 0x7, 0xff, 0x45,
    0xfb, 0x2a, 0xfd, 0x40, 0x3f, 0xf8, 0xe6, 0x20,
    0x18, 0xb2, 0x4, 0x3, 0x51, 0x80, 0x7f, 0xf1,
    0xbb, 0x8a, 0x0, 0x2c, 0x30, 0x6d, 0xfb, 0x0,
    0x58, 0x18, 0x80, 0x7f, 0xf0, 0x88, 0x80, 0xe0,
    0x58, 0x22, 0xc9, 0x20, 0x44, 0x1, 0x7, 0x71,
    0x80, 0x3d, 0xa, 0x1, 0xca, 0x1, 0xbc, 0x45,
    0x86, 0x1, 0x12, 0x6, 0x91, 0x1, 0x0, 0x3c,
    0xf5, 0xf6, 0xec, 0xf0, 0x0, 0xcc, 0x10, 0x3b,
    0x99, 0x91, 0x9a, 0x2, 0xce, 0x0, 0x20, 0xe,
    0x15, 0x0, 0x24, 0x4c, 0x1, 0xa0, 0x98, 0x1,
    0xaa, 0x64, 0xe6, 0x5, 0x82, 0x60, 0x1f, 0x86,
    0xb8, 0xc0, 0x21, 0x5d, 0xba, 0x52, 0x10, 0x8,
    0x49, 0xab, 0x48, 0xc, 0x0, 0xa0, 0x1f, 0xb,
    0x82, 0x7f, 0x50, 0x82, 0xd6, 0xf7, 0xfd, 0xdb,
    0x2a, 0x1, 0x20, 0x2, 0xa4, 0xc4, 0x0, 0x4d,
    0x88, 0x18, 0x1, 0xff, 0xc7, 0x1a, 0x0, 0x36,
    0x77, 0xfb, 0x64, 0xc1, 0x5c, 0x3, 0xff, 0x90,
    0xb8, 0x80, 0x1f, 0x25, 0xd0, 0x7, 0xff, 0x28,
    0xef, 0xb2, 0xa9, 0x7b, 0xf6, 0x80, 0x1f, 0xfc,
    0x90,

    /* U+FD06 "ﴆ" */
    0x0, 0xff, 0xe8, 0x1a, 0xa0, 0x7, 0xff, 0x45,
    0xfb, 0x2a, 0xfd, 0x40, 0x3f, 0xf8, 0xe6, 0x20,
    0x18, 0xb2, 0x4, 0x3, 0x51, 0x80, 0x7f, 0xf1,
    0xbb, 0x8a, 0x0, 0x2c, 0x30, 0x6d, 0xfb, 0x0,
    0x58, 0x18, 0x80, 0x7f, 0xf0, 0x88, 0x80, 0xe0,
    0x58, 0x22, 0xc9, 0x20, 0x44, 0x1, 0x7, 0x71,
    0x80, 0x3d, 0xa, 0x1, 0xca, 0x1, 0xbc, 0x45,
    0x86, 0x1, 0x12, 0x6, 0x91, 0x1, 0x0, 0x3c,
    0xf5, 0xf6, 0xec, 0xf0, 0x0, 0xcc, 0x10, 0x3b,
    0x99, 0x91, 0x9a, 0x2, 0xce, 0x0, 0x20, 0xe,
    0x15, 0x0, 0x24, 0x4c, 0x1, 0xa0, 0x98, 0x1,
    0xaa, 0x64, 0xe6, 0x5, 0x82, 0x60, 0x1f, 0x86,
    0xb8, 0xc0, 0x21, 0x5d, 0xba, 0x52, 0x10, 0x8,
    0x49, 0xab, 0x48, 0xc, 0x0, 0xa0, 0x1f, 0xb,
    0x82, 0x7f, 0x50, 0x82, 0xd6, 0xf7, 0xfd, 0xdb,
    0x2a, 0x1, 0x20, 0x2, 0xa4, 0xc4, 0x0, 0x4d,
    0x88, 0x18, 0x1, 0xff, 0xc7, 0x1a, 0x0, 0x36,
    0x77, 0xfb, 0x64, 0xc1, 0x5c, 0x3, 0xff, 0x90,
    0xb8, 0x80, 0x1f, 0x25, 0xd0, 0x7, 0xff, 0x28,
    0xef, 0xb2, 0xa9, 0x7b, 0xf6, 0x80, 0x1f, 0xfc,
    0xd1, 0x35, 0x52, 0x10, 0x7, 0xff, 0x41, 0x3e,
    0x4b, 0xac, 0x3, 0xff, 0xa1, 0x80, 0x8c, 0x28,
    0x1, 0xff, 0xd0, 0x88, 0x7a, 0x4d, 0x80, 0x7f,
    0xf3, 0x0,

    /* U+FD07 "ﴇ" */
    0x0, 0xff, 0xe8, 0x67, 0x8, 0x7, 0xff, 0x48,
    0x8c, 0x50, 0x3, 0xff, 0xa4, 0x53, 0xa, 0x1,
    0xff, 0xd3, 0x67, 0x0, 0xff, 0xea, 0x1a, 0xa0,
    0x7, 0xff, 0x45, 0xfb, 0x2a, 0xfd, 0x40, 0x3f,
    0xf8, 0xe6, 0x20, 0x18, 0xb2, 0x4, 0x3, 0x51,
    0x80, 0x7f, 0xf1, 0xbb, 0x8a, 0x0, 0x2c, 0x30,
    0x6d, 0xfb, 0x0, 0x58, 0x18, 0x80, 0x7f, 0xf0,
    0x88, 0x80, 0xe0, 0x58, 0x22, 0xc9, 0x20, 0x44,
    0x1, 0x7, 0x71, 0x80, 0x3d, 0xa, 0x1, 0xca,
    0x1, 0xbc, 0x45, 0x86, 0x1, 0x12, 0x6, 0x91,
    0x1, 0x0, 0x3c, 0xf5, 0xf6, 0xec, 0xf0, 0x0,
    0xcc, 0x10, 0x3b, 0x99, 0x91, 0x9a, 0x2, 0xce,
    0x0, 0x20, 0xe, 0x15, 0x0, 0x24, 0x4c, 0x1,
    0xa0, 0x98, 0x1, 0xaa, 0x64, 0xe6, 0x5, 0x82,
    0x60, 0x1f, 0x86, 0xb8, 0xc0, 0x21, 0x5d, 0xba,
    0x52, 0x10, 0x8, 0x49, 0xab, 0x48, 0xc, 0x0,
    0xa0, 0x1f, 0xb, 0x82, 0x7f, 0x50, 0x82, 0xd6,
    0xf7, 0xfd, 0xdb, 0x2a, 0x1, 0x20, 0x2, 0xa4,
    0xc4, 0x0, 0x4d, 0x88, 0x18, 0x1, 0xff, 0xc7,
    0x1a, 0x0, 0x36, 0x77, 0xfb, 0x64, 0xc1, 0x5c,
    0x3, 0xff, 0x90, 0xb8, 0x80, 0x1f, 0x25, 0xd0,
    0x7, 0xff, 0x28, 0xef, 0xb2, 0xa9, 0x7b, 0xf6,
    0x80, 0x1f, 0xfc, 0x90,

    /* U+FD08 "ﴈ" */
    0x0, 0xff, 0xe8, 0x67, 0x8, 0x7, 0xff, 0x48,
    0x8c, 0x50, 0x3, 0xff, 0xa4, 0x53, 0xa, 0x1,
    0xff, 0xd3, 0x67, 0x0, 0xff, 0xea, 0x1a, 0xa0,
    0x7, 0xff, 0x45, 0xfb, 0x2a, 0xfd, 0x40, 0x3f,
    0xf8, 0xe6, 0x20, 0x18, 0xb2, 0x4, 0x3, 0x51,
    0x80, 0x7f, 0xf1, 0xbb, 0x8a, 0x0, 0x2c, 0x30,
    0x6d, 0xfb, 0x0, 0x58, 0x18, 0x80, 0x7f, 0xf0,
    0x88, 0x80, 0xe0, 0x58, 0x22, 0xc9, 0x20, 0x44,
    0x1, 0x7, 0x71, 0x80, 0x3d, 0xa, 0x1, 0xca,
    0x1, 0xbc, 0x45, 0x86, 0x1, 0x12, 0x6, 0x91,
    0x1, 0x0, 0x3c, 0xf5, 0xf6, 0xec, 0xf0, 0x0,
    0xcc, 0x10, 0x3b, 0x99, 0x91, 0x9a, 0x2, 0xce,
    0x0, 0x20, 0xe, 0x15, 0x0, 0x24, 0x4c, 0x1,
    0xa0, 0x98, 0x1, 0xaa, 0x64, 0xe6, 0x5, 0x82,
    0x60, 0x1f, 0x86, 0xb8, 0xc0, 0x21, 0x5d, 0xba,
    0x52, 0x10, 0x8, 0x49, 0xab, 0x48, 0xc, 0x0,
    0xa0, 0x1f, 0xb, 0x82, 0x7f, 0x50, 0x82, 0xd6,
    0xf7, 0xfd, 0xdb, 0x2a, 0x1, 0x20, 0x2, 0xa4,
    0xc4, 0x0, 0x4d, 0x88, 0x18, 0x1, 0xff, 0xc7,
    0x1a, 0x0, 0x36, 0x77, 0xfb, 0x64, 0xc1, 0x5c,
    0x3, 0xff, 0x90, 0xb8, 0x80, 0x1f, 0x25, 0xd0,
    0x7, 0xff, 0x28, 0xef, 0xb2, 0xa9, 0x7b, 0xf6,
    0x80, 0x1f, 0xfc, 0xd1, 0x35, 0x52, 0x10, 0x7,
    0xff, 0x41, 0x3e, 0x4b, 0xac, 0x3, 0xff, 0xa1,
    0x80, 0x8c, 0x28, 0x1, 0xff, 0xd0, 0x88, 0x7a,
    0x4d, 0x80, 0x7f, 0xf3, 0x0,

    /* U+FD09 "ﴉ" */
    0x0, 0xff, 0xe5, 0xf, 0x58, 0x7, 0xff, 0x40,
    0x85, 0x40, 0x3f, 0xfa, 0x7, 0x98, 0x0, 0xff,
    0xe7, 0x8a, 0x19, 0x90, 0x3, 0xff, 0x9d, 0x56,
    0xd5, 0x6a, 0x1, 0xff, 0xcd, 0x30, 0x53, 0x6,
    0x0, 0xc7, 0xbf, 0xee, 0xb5, 0x0, 0xff, 0xe1,
    0x47, 0x9c, 0x79, 0x81, 0x30, 0x0, 0x80, 0x2,
    0x95, 0xd2, 0x82, 0x1, 0xff, 0xc4, 0x6d, 0x92,
    0x36, 0x99, 0x42, 0x88, 0x9a, 0xfb, 0xc0, 0x3f,
    0xf8, 0x68, 0x0, 0x40, 0x96, 0x63, 0xd6, 0x18,
    0x6, 0x10, 0xd, 0x4e, 0x1, 0xe, 0xd0, 0x81,
    0x18, 0x60, 0x6, 0x3b, 0xd3, 0x0, 0x13, 0x80,
    0x64, 0x58, 0x0, 0x94, 0x94, 0x40, 0x8, 0xc,
    0x1, 0x46, 0x20, 0x34, 0x80, 0x20, 0x40, 0x2d,
    0x1, 0x0, 0xb0, 0x4, 0x3, 0x84, 0x1, 0x4e,
    0xb, 0xd2, 0xc0, 0x5b, 0xc, 0xc8, 0x60, 0x18,
    0x57, 0x70, 0xc, 0x33, 0xb0, 0x38, 0x3a, 0x84,
    0x50, 0x80, 0x20, 0x9, 0xe6, 0x4e, 0x2, 0xf,
    0x50, 0x2, 0xf, 0x30, 0x21, 0x23, 0x0, 0xce,
    0x1, 0x9e, 0x90, 0x40, 0x2, 0xbe, 0xe2, 0x0,
    0x4c, 0x82, 0x0, 0x26, 0x1b, 0x80, 0x20, 0x0,
    0x7d, 0x40, 0xb7, 0xdf, 0xee, 0xa1, 0x8e, 0xff,
    0x59, 0x3e, 0xff, 0xac, 0xc3, 0x1, 0x4, 0x1,
    0x62, 0xa0, 0x1f, 0xfc, 0xa1, 0x1, 0x0, 0xa5,
    0xec, 0x3, 0xff, 0x94, 0x20, 0xe0, 0x10, 0xc2,
    0x0, 0x7f, 0xf2, 0xb0, 0x9, 0x80, 0x3f, 0xf9,
    0xec, 0x21, 0x34, 0x82, 0x0, 0x36, 0xb1, 0x0,
    0xff, 0xe3, 0xe8, 0x82, 0xdf, 0x7f, 0xb2, 0x51,
    0x80, 0x3f, 0xf8, 0xe7, 0xec, 0x1, 0xf2, 0xa0,
    0x7, 0xff, 0x20, 0x67, 0xf2, 0xaa, 0xdf, 0xa3,
    0x0, 0xff, 0xe3, 0x0,

    /* U+FD0A "ﴊ" */
    0x0, 0xff, 0xe5, 0xf, 0x58, 0x7, 0xff, 0x40,
    0x85, 0x40, 0x3f, 0xfa, 0x7, 0x98, 0x0, 0xff,
    0xe7, 0xc7, 0xbd, 0x79, 0x80, 0x7f, 0xf3, 0x4c,
    0x8, 0xc1, 0x80, 0x30, 0xa2, 0xa9, 0x4, 0x3,
    0xff, 0x87, 0x56, 0xd5, 0x6a, 0x0, 0x10, 0x5b,
    0xaa, 0x5f, 0x63, 0x8, 0x7, 0xff, 0x0, 0x50,
    0x5, 0x0, 0xef, 0x81, 0x40, 0x38, 0xe7, 0xae,
    0x1c, 0x3, 0xff, 0x86, 0xc8, 0x8, 0x39, 0xfe,
    0xeb, 0x72, 0x4, 0x78, 0x0, 0xe1, 0x0, 0xe4,
    0x10, 0x2, 0x80, 0x30, 0xc, 0x0, 0x2c, 0x26,
    0x1, 0x84, 0x2, 0x1e, 0xe0, 0x80, 0xa, 0xf8,
    0x80, 0x8, 0x6, 0x1, 0xc, 0xeb, 0x9, 0x2,
    0xf8, 0x80, 0x48, 0x2, 0x20, 0x3, 0x80, 0x8,
    0x0, 0x60, 0xc0, 0x2, 0xf6, 0x6, 0xde, 0x4,
    0x10, 0xd, 0xe0, 0x20, 0x16, 0x0, 0x80, 0x70,
    0x80, 0xe0, 0x8b, 0x24, 0x8c, 0x45, 0xf0, 0xcc,
    0x85, 0x1, 0x85, 0x86, 0x1, 0x86, 0x77, 0x2,
    0x85, 0x8, 0xb0, 0xc0, 0x2b, 0x1, 0x79, 0x93,
    0x80, 0x83, 0xd3, 0x80, 0x83, 0xcc, 0x0, 0x2c,
    0xd0, 0x2c, 0x80, 0x32, 0xda, 0x8, 0x0, 0x57,
    0xdc, 0x40, 0x9, 0x90, 0x40, 0x4, 0xd2, 0xb0,
    0x25, 0x0, 0xf2, 0x5f, 0x7f, 0xba, 0x86, 0x3b,
    0xfd, 0x64, 0xfb, 0xfe, 0xb2, 0x2, 0x7, 0x0,
    0xff, 0xe8, 0x8, 0x8, 0x7, 0xff, 0x40, 0x81,
    0x0, 0x3f, 0xfa, 0x1a, 0x0, 0xb1, 0x0, 0xf0,
    0x80, 0x7f, 0xf1, 0xd1, 0x41, 0x3a, 0x9d, 0x99,
    0x19, 0xc6, 0x1, 0xff, 0xc7, 0xa5, 0x0, 0x2c,
    0x4c, 0x9c, 0xc2, 0xc0, 0x3f, 0xf9, 0x15, 0x8c,
    0x40, 0x11, 0xb5, 0xc0, 0x7, 0xff, 0x18,

    /* U+FD0B "ﴋ" */
    0x0, 0xe7, 0xf6, 0x0, 0xff, 0xe1, 0xf, 0x58,
    0x7, 0xfd, 0x41, 0xa0, 0x1f, 0xfc, 0x22, 0x15,
    0x0, 0xff, 0xa1, 0x20, 0x3, 0xff, 0x84, 0x79,
    0x80, 0xf, 0xf9, 0x6c, 0xc0, 0x3f, 0xf8, 0x31,
    0xef, 0x5e, 0x60, 0x1f, 0xfc, 0xd3, 0x2, 0x30,
    0x60, 0xc, 0x28, 0xaa, 0x41, 0x0, 0xff, 0xe1,
    0xd5, 0xb5, 0x5a, 0x80, 0x4, 0x16, 0xea, 0x97,
    0xd8, 0xc2, 0x1, 0xff, 0xc0, 0x14, 0x1, 0x40,
    0x3b, 0xe0, 0x50, 0xe, 0x39, 0xeb, 0x87, 0x0,
    0xff, 0xe1, 0xb2, 0x2, 0xe, 0x7f, 0xba, 0xdc,
    0x81, 0x1e, 0x0, 0x38, 0x40, 0x39, 0x4, 0x0,
    0xa0, 0xc, 0x3, 0x0, 0xb, 0x9, 0x80, 0x61,
    0x0, 0x87, 0xb8, 0x20, 0x2, 0xbe, 0x20, 0x2,
    0x1, 0x80, 0x43, 0x3a, 0xc2, 0x40, 0xbe, 0x20,
    0x12, 0x0, 0x88, 0x0, 0xe0, 0x2, 0x0, 0x18,
    0x30, 0x0, 0xbd, 0x81, 0xb7, 0x81, 0x4, 0x3,
    0x78, 0x8, 0x5, 0x80, 0x20, 0x1c, 0x20, 0x38,
    0x22, 0xc9, 0x23, 0x11, 0x7c, 0x33, 0x21, 0x40,
    0x61, 0x61, 0x80, 0x61, 0x9d, 0xc0, 0xa1, 0x42,
    0x2c, 0x30, 0xa, 0xc0, 0x5e, 0x64, 0xe0, 0x20,
    0xf4, 0xe0, 0x20, 0xf3, 0x0, 0xb, 0x34, 0xb,
    0x20, 0xc, 0xb6, 0x82, 0x0, 0x15, 0xf7, 0x10,
    0x2, 0x64, 0x10, 0x1, 0x34, 0xac, 0x9, 0x40,
    0x3c, 0x97, 0xdf, 0xee, 0xa1, 0x8e, 0xff, 0x59,
    0x3e, 0xff, 0xac, 0x80, 0x81, 0xc0, 0x3f, 0xfa,
    0x2, 0x2, 0x1, 0xff, 0xd0, 0x20, 0x40, 0xf,
    0xfe, 0x86, 0x80, 0x2c, 0x40, 0x3c, 0x20, 0x1f,
    0xfc, 0x74, 0x50, 0x4e, 0xa7, 0x66, 0x46, 0x71,
    0x80, 0x7f, 0xf1, 0xe9, 0x40, 0xb, 0x13, 0x27,
    0x30, 0xb0, 0xf, 0xfe, 0x45, 0x63, 0x10, 0x4,
    0x6d, 0x70, 0x1, 0xff, 0xc6,

    /* U+FD0C "ﴌ" */
    0x0, 0xff, 0xe4, 0xd7, 0x10, 0x7, 0xff, 0x3d,
    0x85, 0x80, 0x3f, 0xf9, 0xfb, 0x88, 0x1, 0xff,
    0xcd, 0x3e, 0x80, 0xf8, 0x0, 0xff, 0xe6, 0x30,
    0xab, 0x1, 0x80, 0x7f, 0xf3, 0x17, 0x35, 0x6e,
    0x80, 0x4, 0x20, 0x1f, 0x23, 0x10, 0x7, 0xfc,
    0x62, 0x8, 0x22, 0xdd, 0x38, 0x7, 0x37, 0x5c,
    0xe9, 0x0, 0x7f, 0xf0, 0xc4, 0x1, 0xa0, 0x1a,
    0xe4, 0x40, 0x28, 0x0, 0xe6, 0x72, 0x0, 0xa2,
    0x90, 0x0, 0x80, 0xa0, 0x15, 0xa0, 0x1e, 0xd8,
    0x28, 0x80, 0x6a, 0x85, 0x0, 0x91, 0x4c, 0x1,
    0xa0, 0x22, 0x8, 0x40, 0x1c, 0x24, 0x30, 0x60,
    0xc, 0x60, 0x60, 0x11, 0x81, 0x0, 0x14, 0x0,
    0x42, 0xe0, 0x1, 0x70, 0x5, 0x4, 0x80, 0x4a,
    0x1, 0xc8, 0x0, 0x10, 0x1, 0x80, 0x5, 0xc0,
    0x6, 0x11, 0x6d, 0x80, 0x38, 0xcf, 0x60, 0x8,
    0x66, 0x48, 0x2, 0x19, 0x9c, 0x2, 0x58, 0x5,
    0x88, 0x9, 0x2a, 0x0, 0x39, 0x81, 0x0, 0x1c,
    0xc8, 0x80, 0x4e, 0x64, 0x61, 0x20, 0x20, 0xe1,
    0x72, 0x60, 0x35, 0x2, 0x0, 0x3b, 0xc3, 0x0,
    0x14, 0xe9, 0x80, 0xa, 0x5c, 0x3, 0xcd, 0x9f,
    0xca, 0xfd, 0xfe, 0xc4, 0x3c, 0xff, 0x6b, 0x1e,
    0x7f, 0xb5, 0x80, 0x4, 0x2, 0x1, 0xff, 0xcf,
    0xe0, 0x50, 0xf, 0xfe, 0x79, 0x80, 0x88, 0x3,
    0xff, 0x9c, 0xa0, 0x5, 0x0, 0xff, 0xe7, 0x8,
    0x83, 0x0, 0x3f, 0xf9, 0xe8, 0x8, 0x1, 0xff,
    0xcf, 0x9b, 0xc0, 0xf, 0xfe, 0x70,

    /* U+FD0D "ﴍ" */
    0x0, 0xff, 0xe3, 0x3f, 0xa0, 0x7, 0xff, 0x33,
    0x40, 0x80, 0x3f, 0xf9, 0x95, 0x6c, 0x1, 0xff,
    0xca, 0x1e, 0xb6, 0xea, 0x0, 0xff, 0xe4, 0x90,
    0xa8, 0x89, 0xc0, 0x3f, 0xf9, 0x27, 0x9e, 0x79,
    0x80, 0x0, 0x88, 0x3, 0xff, 0x8c, 0x62, 0x6,
    0x21, 0x7d, 0x20, 0x1e, 0x43, 0x0, 0xff, 0xe2,
    0x38, 0x28, 0x7, 0x5d, 0xa0, 0x3, 0x8d, 0x4,
    0x2, 0x57, 0x30, 0x5, 0x81, 0x0, 0x71, 0x82,
    0x8, 0x6, 0x9b, 0x80, 0xb, 0xe2, 0x80, 0xa,
    0x0, 0x30, 0xd, 0x20, 0x7, 0x0, 0xc8, 0x1c,
    0x1, 0x38, 0x70, 0x0, 0x80, 0xc, 0x1, 0x84,
    0xc2, 0x80, 0x23, 0x10, 0x10, 0x1, 0x10, 0x4,
    0x3, 0x84, 0x3, 0x9c, 0xe, 0x99, 0xf8, 0x1,
    0x6c, 0xce, 0x0, 0x5b, 0x32, 0xc0, 0xa, 0x1,
    0xcc, 0x0, 0x59, 0x82, 0x1, 0x29, 0x91, 0x80,
    0x94, 0xc9, 0x1, 0x84, 0x3, 0x29, 0x3, 0x90,
    0x0, 0xeb, 0xc, 0x0, 0x31, 0x88, 0x0, 0x28,
    0x90, 0xc, 0x94, 0x7, 0x1b, 0xfe, 0xc5, 0x2c,
    0xff, 0x73, 0x95, 0xff, 0xb5, 0xc0, 0x21, 0x8b,
    0x0, 0x70, 0x7, 0xff, 0x21, 0x79, 0xc0, 0x70,
    0x80, 0x3f, 0xf9, 0xc, 0x0, 0x6e, 0x30, 0xf,
    0xfe, 0x49, 0xd7, 0x48, 0x7, 0xff, 0x2c,

    /* U+FD0E "ﴎ" */
    0x0, 0xff, 0xf3, 0x3e, 0x30, 0x7, 0x84, 0x40,
    0x1f, 0xfc, 0x4a, 0x3a, 0x0, 0xe9, 0xe8, 0x0,
    0xe2, 0x10, 0xc, 0x68, 0x20, 0x5, 0x3, 0x0,
    0xf9, 0x80, 0x3a, 0x3a, 0x40, 0x29, 0xbb, 0x0,
    0x2c, 0x0, 0x60, 0x1a, 0xc0, 0xc, 0x1, 0x9c,
    0x38, 0x2, 0x70, 0xd0, 0x1, 0x80, 0x18, 0x3,
    0x11, 0x2, 0x80, 0x22, 0x20, 0x8, 0x0, 0x48,
    0x4, 0x3, 0xfe, 0x60, 0x3a, 0x66, 0x78, 0x2,
    0xd9, 0x9a, 0x0, 0xb6, 0x65, 0x80, 0x10, 0x3,
    0x98, 0x0, 0xb3, 0x22, 0x1, 0x29, 0x91, 0x80,
    0x94, 0xc9, 0x1, 0x84, 0x3, 0x21, 0x3, 0x90,
    0x0, 0xeb, 0xc, 0x0, 0x31, 0x88, 0x0, 0x28,
    0x90, 0xc, 0x74, 0x7, 0x1b, 0xfe, 0xc5, 0x2c,
    0xff, 0x73, 0x95, 0xff, 0xb5, 0xc0, 0x21, 0x8c,
    0x10, 0xe0, 0xf, 0xfe, 0x42, 0xf3, 0x80, 0xe1,
    0x0, 0x7f, 0xf2, 0x18, 0x0, 0xdc, 0x60, 0x1f,
    0xfc, 0x93, 0xae, 0x90, 0xf, 0xfe, 0x58,

    /* U+FD0F "ﴏ" */
    0x0, 0xff, 0xe5, 0x1a, 0xa0, 0x80, 0x7c, 0x44,
    0x0, 0xff, 0xe0, 0xb7, 0x65, 0x5f, 0x30, 0x7,
    0x56, 0xc0, 0x7, 0x18, 0x80, 0x61, 0xc9, 0x10,
    0xd, 0x28, 0x1, 0x88, 0x14, 0x40, 0x37, 0xf3,
    0x0, 0xb, 0xc, 0x1b, 0x7f, 0x4, 0x34, 0x3,
    0x50, 0x1, 0xc0, 0x21, 0x30, 0x50, 0x1f, 0x20,
    0xb9, 0x20, 0x34, 0x2, 0x0, 0xc4, 0x61, 0x40,
    0x13, 0x80, 0x6d, 0x21, 0xc4, 0x0, 0x89, 0x0,
    0xc0, 0x39, 0xc0, 0xe9, 0x9e, 0x0, 0x1b, 0x86,
    0xe, 0xcd, 0x45, 0xe8, 0x84, 0x80, 0x72, 0x80,
    0x16, 0x60, 0x49, 0x44, 0xc0, 0xd, 0x53, 0x27,
    0x40, 0x1c, 0x10, 0xc, 0xc2, 0x12, 0x40, 0x5,
    0xca, 0xa2, 0x90, 0x80, 0x42, 0x4b, 0x5c, 0x60,
    0x19, 0xa4, 0x15, 0xb7, 0xfd, 0x42, 0xb, 0x5b,
    0xdf, 0xf7, 0x6d, 0x28, 0x6, 0x4c, 0x90, 0x2b,
    0x0, 0xff, 0xe4, 0xbd, 0x98, 0x2e, 0x88, 0x7,
    0xff, 0x25, 0x80, 0xee, 0x80, 0x3f, 0xf9, 0x63,
    0xd8, 0x80, 0x1f, 0xfc, 0xc0,

    /* U+FD10 "ﴐ" */
    0x0, 0xff, 0xe5, 0x67, 0x10, 0x7, 0xff, 0x30,
    0x4c, 0x50, 0x3, 0xff, 0x98, 0x34, 0xec, 0x1,
    0xff, 0xcd, 0x58, 0x0, 0xff, 0xe7, 0x1a, 0xa0,
    0x80, 0x7c, 0x44, 0x0, 0xff, 0xe0, 0xb7, 0x65,
    0x5f, 0x30, 0x7, 0x56, 0xc0, 0x7, 0x18, 0x80,
    0x61, 0xc9, 0x10, 0xd, 0x28, 0x1, 0x88, 0x14,
    0x40, 0x37, 0xf3, 0x0, 0xb, 0xc, 0x1b, 0x7f,
    0x4, 0x34, 0x3, 0x50, 0x1, 0xc0, 0x21, 0x30,
    0x50, 0x1f, 0x20, 0xb9, 0x20, 0x34, 0x2, 0x0,
    0xc4, 0x61, 0x40, 0x13, 0x80, 0x6d, 0x21, 0xc4,
    0x0, 0x89, 0x0, 0xc0, 0x39, 0xc0, 0xe9, 0x9e,
    0x0, 0x1b, 0x86, 0xe, 0xcd, 0x45, 0xe8, 0x84,
    0x80, 0x72, 0x80, 0x16, 0x60, 0x49, 0x44, 0xc0,
    0xd, 0x53, 0x27, 0x40, 0x1c, 0x10, 0xc, 0xc2,
    0x12, 0x40, 0x5, 0xca, 0xa2, 0x90, 0x80, 0x42,
    0x4b, 0x5c, 0x60, 0x19, 0xa4, 0x15, 0xb7, 0xfd,
    0x42, 0xb, 0x5b, 0xdf, 0xf7, 0x6d, 0x28, 0x6,
    0x4c, 0x90, 0x2b, 0x0, 0xff, 0xe4, 0xbd, 0x98,
    0x2e, 0x88, 0x7, 0xff, 0x25, 0x80, 0xee, 0x80,
    0x3f, 0xf9, 0x63, 0xd8, 0x80, 0x1f, 0xfc, 0xc0,

    /* U+FD11 "ﴑ" */
    0x0, 0xff, 0xe2, 0xef, 0xc0, 0x7, 0xff, 0xc4,
    0x40, 0x40, 0x3f, 0xfe, 0x2e, 0x6, 0x1, 0xff,
    0xf1, 0x10, 0x10, 0x8, 0x95, 0x44, 0x1, 0xff,
    0xce, 0x4c, 0xda, 0xa6, 0xc8, 0x7, 0xff, 0x24,
    0xc1, 0xe2, 0xcc, 0x3, 0x33, 0x80, 0x7f, 0xf2,
    0x8d, 0xc0, 0xef, 0xf8, 0xc2, 0x80, 0x31, 0x0,
    0x7f, 0xf0, 0xc4, 0x2, 0x7c, 0x40, 0x1a, 0x2,
    0x0, 0xdf, 0xe5, 0x0, 0xf3, 0xa0, 0x7, 0x8,
    0x2, 0x20, 0x1, 0xd, 0x1, 0x0, 0x44, 0x40,
    0x60, 0xf, 0x45, 0xfd, 0xbb, 0x3b, 0x1, 0x11,
    0x9e, 0x2f, 0x8c, 0x5, 0x94, 0x5c, 0x0, 0x60,
    0x1c, 0x24, 0x0, 0x48, 0x98, 0x0, 0x15, 0x4c,
    0x3a, 0x0, 0x47, 0x35, 0x66, 0x1, 0xf8, 0x77,
    0x8, 0x3, 0xfc, 0x27, 0x16, 0xe6, 0x0, 0xc3,
    0x0, 0x28, 0x7, 0xc6, 0xc0, 0x9f, 0xff, 0xbb,
    0x1d, 0x23, 0x3f, 0xcc, 0x80, 0xa, 0x93, 0x10,
    0x1, 0x2d, 0xa0, 0x60, 0x7, 0xff, 0x14, 0x68,
    0x0, 0xd9, 0xdf, 0xed, 0xa4, 0x5, 0x70, 0xf,
    0xfe, 0x32, 0xe2, 0x0, 0x7c, 0x97, 0x40, 0x1f,
    0xfc, 0x83, 0xbe, 0xca, 0xa5, 0xef, 0xda, 0x0,
    0x7f, 0xf1, 0xc0,

    /* U+FD12 "ﴒ" */
    0x0, 0xff, 0xe2, 0xef, 0xc0, 0x7, 0xff, 0xc4,
    0x40, 0x40, 0x3f, 0xfe, 0x2e, 0x6, 0x1, 0xff,
    0xf1, 0x10, 0x10, 0x8, 0x95, 0x44, 0x1, 0xff,
    0xce, 0x4c, 0xda, 0xa6, 0xc8, 0x7, 0xff, 0x24,
    0xc1, 0xe2, 0xcc, 0x3, 0x33, 0x80, 0x7f, 0xf2,
    0x8d, 0xc0, 0xef, 0xf8, 0xc2, 0x80, 0x31, 0x0,
    0x7f, 0xf0, 0xc4, 0x2, 0x7c, 0x40, 0x1a, 0x2,
    0x0, 0xdf, 0xe5, 0x0, 0xf3, 0xa0, 0x7, 0x8,
    0x2, 0x20, 0x1, 0xd, 0x1, 0x0, 0x44, 0x40,
    0x60, 0xf, 0x45, 0xfd, 0xbb, 0x3b, 0x1, 0x11,
    0x9e, 0x2f, 0x8c, 0x5, 0x94, 0x5c, 0x0, 0x60,
    0x1c, 0x24, 0x0, 0x48, 0x98, 0x0, 0x15, 0x4c,
    0x3a, 0x0, 0x47, 0x35, 0x66, 0x1, 0xf8, 0x77,
    0x8, 0x3, 0xfc, 0x27, 0x16, 0xe6, 0x0, 0xc3,
    0x0, 0x28, 0x7, 0xc6, 0xc0, 0x9f, 0xff, 0xbb,
    0x1d, 0x23, 0x3f, 0xcc, 0x80, 0xa, 0x93, 0x10,
    0x1, 0x2d, 0xa0, 0x60, 0x7, 0xff, 0x14, 0x68,
    0x0, 0xd9, 0xdf, 0xed, 0xa4, 0x5, 0x70, 0xf,
    0xfe, 0x32, 0xe2, 0x0, 0x7c, 0x97, 0x40, 0x1f,
    0xfc, 0x83, 0xbe, 0xca, 0xa5, 0xef, 0xda, 0x0,
    0x7f, 0xf2, 0xc4, 0xd5, 0x48, 0x40, 0x1f, 0xfc,
    0xf7, 0x20, 0x64, 0x0, 0xff, 0xe7, 0x44, 0x3d,
    0x26, 0xc0, 0x3f, 0xf9, 0xd8, 0x8, 0xc2, 0x80,
    0x1f, 0xfc, 0xa0,

    /* U+FD13 "ﴓ" */
    0x0, 0xff, 0xe3, 0x1d, 0x77, 0xf4, 0x88, 0x7,
    0xff, 0x22, 0x31, 0x44, 0x5, 0xa8, 0x3, 0xff,
    0x8e, 0x8e, 0x11, 0xba, 0x50, 0x40, 0xf, 0xfe,
    0x3b, 0x0, 0x34, 0x89, 0xe0, 0x1e, 0x21, 0x0,
    0xff, 0xe0, 0x93, 0x82, 0xd0, 0xc8, 0x28, 0x6,
    0xfe, 0x60, 0xf, 0x3a, 0x80, 0x74, 0x40, 0x17,
    0x8c, 0x6c, 0x2, 0x22, 0x2, 0x80, 0x7a, 0x2b,
    0xed, 0xd9, 0x8f, 0xa0, 0x18, 0xe5, 0x94, 0x5c,
    0x0, 0x60, 0x1c, 0x24, 0x0, 0x48, 0x99, 0x42,
    0x80, 0x62, 0x79, 0xab, 0x30, 0xf, 0xc3, 0xb8,
    0x40, 0x18, 0x92, 0x7b, 0x90, 0x82, 0x0, 0xc3,
    0x0, 0x28, 0x7, 0xc6, 0xc0, 0x9f, 0xed, 0xb6,
    0x11, 0x3d, 0xf7, 0xf9, 0x90, 0x1, 0x52, 0x62,
    0x0, 0x25, 0xb4, 0xc, 0x0, 0xff, 0xe0, 0x8d,
    0x0, 0x1b, 0x3b, 0xfd, 0xb4, 0x80, 0xae, 0x1,
    0xff, 0xc2, 0x5c, 0x40, 0xf, 0x92, 0xe8, 0x3,
    0xff, 0x88, 0x77, 0xd9, 0x54, 0xbd, 0xfb, 0x40,
    0xf, 0xfe, 0x18,

    /* U+FD14 "ﴔ" */
    0x0, 0xff, 0xe3, 0x1d, 0x77, 0xf4, 0x88, 0x7,
    0xff, 0x22, 0x31, 0x44, 0x5, 0xa8, 0x3, 0xff,
    0x8e, 0x8e, 0x11, 0xba, 0x50, 0x40, 0xf, 0xfe,
    0x3b, 0x0, 0x34, 0x89, 0xe0, 0x1e, 0x21, 0x0,
    0xff, 0xe0, 0x93, 0x82, 0xd0, 0xc8, 0x28, 0x6,
    0xfe, 0x60, 0xf, 0x3a, 0x80, 0x74, 0x40, 0x17,
    0x8c, 0x6c, 0x2, 0x22, 0x2, 0x80, 0x7a, 0x2b,
    0xed, 0xd9, 0x8f, 0xa0, 0x18, 0xe5, 0x94, 0x5c,
    0x0, 0x60, 0x1c, 0x24, 0x0, 0x48, 0x99, 0x42,
    0x80, 0x62, 0x79, 0xab, 0x30, 0xf, 0xc3, 0xb8,
    0x40, 0x18, 0x92, 0x7b, 0x90, 0x82, 0x0, 0xc3,
    0x0, 0x28, 0x7, 0xc6, 0xc0, 0x9f, 0xed, 0xb6,
    0x11, 0x3d, 0xf7, 0xf9, 0x90, 0x1, 0x52, 0x62,
    0x0, 0x25, 0xb4, 0xc, 0x0, 0xff, 0xe0, 0x8d,
    0x0, 0x1b, 0x3b, 0xfd, 0xb4, 0x80, 0xae, 0x1,
    0xff, 0xc2, 0x5c, 0x40, 0xf, 0x92, 0xe8, 0x3,
    0xff, 0x88, 0x77, 0xd9, 0x54, 0xbd, 0xfb, 0x40,
    0xf, 0xfe, 0x38, 0x9a, 0xa9, 0x8, 0x3, 0xff,
    0x96, 0xe4, 0xc, 0x80, 0x1f, 0xfc, 0xa8, 0x87,
    0xa4, 0xd8, 0x7, 0xff, 0x2b, 0x1, 0x18, 0x50,
    0x3, 0xff, 0x8c,

    /* U+FD15 "ﴕ" */
    0x0, 0xff, 0xe4, 0x24, 0x8, 0x7, 0xff, 0x36,
    0x9e, 0x40, 0x3f, 0xf9, 0xa8, 0x18, 0x1, 0xff,
    0xcd, 0xaf, 0x40, 0xf, 0xff, 0x39, 0xd7, 0x7f,
    0x48, 0x80, 0x7f, 0xf2, 0x23, 0x14, 0x40, 0x5a,
    0x80, 0x3f, 0xf8, 0xe8, 0xe1, 0x1b, 0xa5, 0x4,
    0x0, 0xff, 0xe3, 0xb0, 0x3, 0x48, 0x9e, 0x1,
    0xe2, 0x10, 0xf, 0xfe, 0x9, 0x38, 0x2d, 0xc,
    0x82, 0x80, 0x6f, 0xe6, 0x0, 0xf3, 0xa8, 0x7,
    0x44, 0x1, 0x78, 0xc6, 0xc0, 0x22, 0x20, 0x28,
    0x7, 0xa2, 0xbe, 0xdd, 0x98, 0xfa, 0x1, 0x8e,
    0x59, 0x45, 0xc0, 0x6, 0x1, 0xc2, 0x40, 0x4,
    0x89, 0x94, 0x28, 0x6, 0x27, 0x9a, 0xb3, 0x0,
    0xfc, 0x3b, 0x84, 0x1, 0x89, 0x27, 0xb9, 0x8,
    0x20, 0xc, 0x30, 0x2, 0x80, 0x7c, 0x6c, 0x9,
    0xfe, 0xdb, 0x61, 0x13, 0xdf, 0x7f, 0x99, 0x0,
    0x15, 0x26, 0x20, 0x2, 0x5b, 0x40, 0xc0, 0xf,
    0xfe, 0x8, 0xd0, 0x1, 0xb3, 0xbf, 0xdb, 0x48,
    0xa, 0xe0, 0x1f, 0xfc, 0x25, 0xc4, 0x0, 0xf9,
    0x2e, 0x80, 0x3f, 0xf8, 0x87, 0x7d, 0x95, 0x4b,
    0xdf, 0xb4, 0x0, 0xff, 0xe1, 0x80,

    /* U+FD16 "ﴖ" */
    0x0, 0xff, 0xe4, 0x24, 0x8, 0x7, 0xff, 0x36,
    0x9e, 0x40, 0x3f, 0xf9, 0xa8, 0x18, 0x1, 0xff,
    0xcd, 0xaf, 0x40, 0xf, 0xff, 0x39, 0xd7, 0x7f,
    0x48, 0x80, 0x7f, 0xf2, 0x23, 0x14, 0x40, 0x5a,
    0x80, 0x3f, 0xf8, 0xe8, 0xe1, 0x1b, 0xa5, 0x4,
    0x0, 0xff, 0xe3, 0xb0, 0x3, 0x48, 0x9e, 0x1,
    0xe2, 0x10, 0xf, 0xfe, 0x9, 0x38, 0x2d, 0xc,
    0x82, 0x80, 0x6f, 0xe6, 0x0, 0xf3, 0xa8, 0x7,
    0x44, 0x1, 0x78, 0xc6, 0xc0, 0x22, 0x20, 0x28,
    0x7, 0xa2, 0xbe, 0xdd, 0x98, 0xfa, 0x1, 0x8e,
    0x59, 0x45, 0xc0, 0x6, 0x1, 0xc2, 0x40, 0x4,
    0x89, 0x94, 0x28, 0x6, 0x27, 0x9a, 0xb3, 0x0,
    0xfc, 0x3b, 0x84, 0x1, 0x89, 0x27, 0xb9, 0x8,
    0x20, 0xc, 0x30, 0x2, 0x80, 0x7c, 0x6c, 0x9,
    0xfe, 0xdb, 0x61, 0x13, 0xdf, 0x7f, 0x99, 0x0,
    0x15, 0x26, 0x20, 0x2, 0x5b, 0x40, 0xc0, 0xf,
    0xfe, 0x8, 0xd0, 0x1, 0xb3, 0xbf, 0xdb, 0x48,
    0xa, 0xe0, 0x1f, 0xfc, 0x25, 0xc4, 0x0, 0xf9,
    0x2e, 0x80, 0x3f, 0xf8, 0x87, 0x7d, 0x95, 0x4b,
    0xdf, 0xb4, 0x0, 0xff, 0xe3, 0x89, 0xaa, 0x90,
    0x80, 0x3f, 0xf9, 0x6e, 0x40, 0xc8, 0x1, 0xff,
    0xca, 0x88, 0x7a, 0x4d, 0x80, 0x7f, 0xf2, 0xb0,
    0x11, 0x85, 0x0, 0x3f, 0xf8, 0xc0,

    /* U+FD17 "ﴗ" */
    0x0, 0xff, 0xe8, 0x95, 0xd0, 0x7, 0xff, 0x28,
    0x84, 0x3, 0x1a, 0x8, 0x4, 0x8a, 0x1, 0xff,
    0xca, 0x9e, 0x80, 0xa, 0x2e, 0x40, 0x6, 0x0,
    0x10, 0xc, 0x62, 0x1, 0xff, 0xc3, 0x50, 0xe0,
    0x9, 0x43, 0x80, 0x2, 0x0, 0x50, 0xd, 0xdc,
    0x60, 0xf, 0x3a, 0x80, 0x72, 0x8, 0x10, 0x0,
    0xc4, 0xc, 0x0, 0x20, 0xd, 0x0, 0x88, 0x80,
    0xa0, 0x1e, 0x8a, 0xfb, 0x76, 0x64, 0x80, 0x21,
    0x99, 0xc0, 0x9, 0x66, 0x68, 0x1, 0xa5, 0x89,
    0xc0, 0x6, 0x1, 0xc2, 0x40, 0x4, 0x89, 0x91,
    0x0, 0xe, 0x64, 0x40, 0x27, 0x32, 0x30, 0x60,
    0x69, 0xc3, 0x0, 0xfc, 0x3b, 0x84, 0x1, 0x8e,
    0xf0, 0xc0, 0x5, 0x3a, 0x60, 0x3, 0xc9, 0x82,
    0x4, 0x30, 0x2, 0x80, 0x7c, 0x6c, 0x9, 0xfe,
    0xc4, 0x3c, 0xff, 0x6b, 0x1e, 0x7f, 0xb0, 0xc1,
    0xf7, 0xe9, 0x0, 0x15, 0x26, 0x20, 0x2, 0x5b,
    0x40, 0xc0, 0xf, 0xfe, 0x48, 0xd0, 0x1, 0xb3,
    0xbf, 0xdb, 0x48, 0xa, 0xe0, 0x1f, 0xfc, 0xa5,
    0xc4, 0x0, 0xf9, 0x2e, 0x80, 0x3f, 0xf9, 0x87,
    0x7d, 0x95, 0x4b, 0xdf, 0xb4, 0x0, 0xff, 0xe5,
    0x80,

    /* U+FD18 "ﴘ" */
    0x0, 0xff, 0xe8, 0x95, 0xd0, 0x7, 0xff, 0x28,
    0x84, 0x3, 0x1a, 0x8, 0x4, 0x8a, 0x1, 0xff,
    0xca, 0x9e, 0x80, 0xa, 0x2e, 0x40, 0x6, 0x0,
    0x10, 0xc, 0x62, 0x1, 0xff, 0xc3, 0x50, 0xe0,
    0x9, 0x43, 0x80, 0x2, 0x0, 0x50, 0xd, 0xdc,
    0x60, 0xf, 0x3a, 0x80, 0x72, 0x8, 0x10, 0x0,
    0xc4, 0xc, 0x0, 0x20, 0xd, 0x0, 0x88, 0x80,
    0xa0, 0x1e, 0x8a, 0xfb, 0x76, 0x64, 0x80, 0x21,
    0x99, 0xc0, 0x9, 0x66, 0x68, 0x1, 0xa5, 0x89,
    0xc0, 0x6, 0x1, 0xc2, 0x40, 0x4, 0x89, 0x91,
    0x0, 0xe, 0x64, 0x40, 0x27, 0x32, 0x30, 0x60,
    0x69, 0xc3, 0x0, 0xfc, 0x3b, 0x84, 0x1, 0x8e,
    0xf0, 0xc0, 0x5, 0x3a, 0x60, 0x3, 0xc9, 0x82,
    0x4, 0x30, 0x2, 0x80, 0x7c, 0x6c, 0x9, 0xfe,
    0xc4, 0x3c, 0xff, 0x6b, 0x1e, 0x7f, 0xb0, 0xc1,
    0xf7, 0xe9, 0x0, 0x15, 0x26, 0x20, 0x2, 0x5b,
    0x40, 0xc0, 0xf, 0xfe, 0x48, 0xd0, 0x1, 0xb3,
    0xbf, 0xdb, 0x48, 0xa, 0xe0, 0x1f, 0xfc, 0xa5,
    0xc4, 0x0, 0xf9, 0x2e, 0x80, 0x3f, 0xf9, 0x87,
    0x7d, 0x95, 0x4b, 0xdf, 0xb4, 0x0, 0xff, 0xe7,
    0x89, 0xaa, 0x90, 0x80, 0x3f, 0xfa, 0x6e, 0x40,
    0xc8, 0x1, 0xff, 0xd2, 0x88, 0x7a, 0x4d, 0x80,
    0x7f, 0xf4, 0xb0, 0x11, 0x85, 0x0, 0x3f, 0xf9,
    0xc0,

    /* U+FD19 "ﴙ" */
    0x0, 0xff, 0xe6, 0x5f, 0x8, 0x7, 0xff, 0x55,
    0x44, 0x80, 0x3f, 0xfa, 0xbf, 0x86, 0x1, 0xff,
    0xd3, 0x4f, 0x97, 0xf7, 0x0, 0xff, 0xe9, 0x10,
    0x19, 0x83, 0x40, 0x3f, 0xfa, 0x4d, 0x74, 0xf7,
    0x40, 0x1f, 0xfd, 0x34, 0x10, 0x40, 0xf, 0xfe,
    0xd1, 0xf7, 0x0, 0x3f, 0xf9, 0x48, 0x80, 0xc,
    0xae, 0x60, 0x1, 0x18, 0x3, 0xff, 0x95, 0xf7,
    0x0, 0x17, 0x45, 0x80, 0xc, 0x0, 0x20, 0x19,
    0x8, 0x3, 0xff, 0x86, 0x81, 0xc0, 0x12, 0x87,
    0x0, 0x4, 0x0, 0xa0, 0x1a, 0xb5, 0x80, 0x3d,
    0xa, 0x1, 0xc8, 0x0, 0x20, 0x1, 0x88, 0x18,
    0x0, 0x80, 0x1c, 0x1, 0x10, 0x82, 0x0, 0x79,
    0xeb, 0xed, 0xd9, 0xe4, 0x1, 0x2c, 0xce, 0x0,
    0x4b, 0x33, 0x80, 0xb, 0x2c, 0x4e, 0x0, 0x20,
    0xe, 0x12, 0x0, 0x24, 0x4c, 0x10, 0x0, 0xa6,
    0x44, 0x2, 0x73, 0x23, 0x6, 0x6, 0x9c, 0x30,
    0xf, 0xc3, 0xb8, 0x40, 0x18, 0xef, 0xc, 0x0,
    0x53, 0xa6, 0x0, 0x3c, 0x98, 0x20, 0x43, 0x0,
    0x28, 0x7, 0xc6, 0xc0, 0x9f, 0xec, 0x43, 0xcf,
    0xf6, 0xb1, 0xe7, 0xfb, 0xc, 0x1f, 0x7e, 0x90,
    0x1, 0x52, 0x62, 0x0, 0x25, 0xb4, 0xc, 0x0,
    0xff, 0xe4, 0x8d, 0x0, 0x1b, 0x3b, 0xfd, 0xb4,
    0x80, 0xae, 0x1, 0xff, 0xca, 0x5c, 0x40, 0xf,
    0x92, 0xe8, 0x3, 0xff, 0x98, 0x77, 0xd9, 0x54,
    0xbd, 0xfb, 0x40, 0xf, 0xfe, 0x58,

    /* U+FD1A "ﴚ" */
    0x0, 0xff, 0xe6, 0x5f, 0x8, 0x7, 0xff, 0x55,
    0x44, 0x80, 0x3f, 0xfa, 0xbf, 0x86, 0x1, 0xff,
    0xd3, 0x4f, 0x97, 0xf7, 0x0, 0xff, 0xe9, 0x10,
    0x19, 0x83, 0x40, 0x3f, 0xfa, 0x4d, 0x74, 0xf7,
    0x40, 0x1f, 0xfd, 0x34, 0x10, 0x40, 0xf, 0xfe,
    0xd1, 0xf7, 0x0, 0x3f, 0xf9, 0x48, 0x80, 0xc,
    0xae, 0x60, 0x1, 0x18, 0x3, 0xff, 0x95, 0xf7,
    0x0, 0x17, 0x45, 0x80, 0xc, 0x0, 0x20, 0x19,
    0x8, 0x3, 0xff, 0x86, 0x81, 0xc0, 0x12, 0x87,
    0x0, 0x4, 0x0, 0xa0, 0x1a, 0xb5, 0x80, 0x3d,
    0xa, 0x1, 0xc8, 0x0, 0x20, 0x1, 0x88, 0x18,
    0x0, 0x80, 0x1c, 0x1, 0x10, 0x82, 0x0, 0x79,
    0xeb, 0xed, 0xd9, 0xe4, 0x1, 0x2c, 0xce, 0x0,
    0x4b, 0x33, 0x80, 0xb, 0x2c, 0x4e, 0x0, 0x20,
    0xe, 0x12, 0x0, 0x24, 0x4c, 0x10, 0x0, 0xa6,
    0x44, 0x2, 0x73, 0x23, 0x6, 0x6, 0x9c, 0x30,
    0xf, 0xc3, 0xb8, 0x40, 0x18, 0xef, 0xc, 0x0,
    0x53, 0xa6, 0x0, 0x3c, 0x98, 0x20, 0x43, 0x0,
    0x28, 0x7, 0xc6, 0xc0, 0x9f, 0xec, 0x43, 0xcf,
    0xf6, 0xb1, 0xe7, 0xfb, 0xc, 0x1f, 0x7e, 0x90,
    0x1, 0x52, 0x62, 0x0, 0x25, 0xb4, 0xc, 0x0,
    0xff, 0xe4, 0x8d, 0x0, 0x1b, 0x3b, 0xfd, 0xb4,
    0x80, 0xae, 0x1, 0xff, 0xca, 0x5c, 0x40, 0xf,
    0x92, 0xe8, 0x3, 0xff, 0x98, 0x77, 0xd9, 0x54,
    0xbd, 0xfb, 0x40, 0xf, 0xfe, 0x78, 0x9a, 0xa9,
    0x8, 0x3, 0xff, 0xa6, 0xe4, 0xc, 0x80, 0x1f,
    0xfd, 0x28, 0x87, 0xa4, 0xd8, 0x7, 0xff, 0x4b,
    0x1, 0x18, 0x50, 0x3, 0xff, 0x9c,

    /* U+FD1B "ﴛ" */
    0x0, 0xff, 0xe2, 0x1f, 0x7f, 0xb6, 0x50, 0x3,
    0xff, 0x96, 0x22, 0x0, 0x13, 0x5e, 0xb8, 0x80,
    0x7f, 0xf2, 0xb, 0xbf, 0xdb, 0x48, 0x51, 0xde,
    0x1, 0x99, 0x40, 0x3f, 0xf8, 0x42, 0x0, 0x25,
    0x91, 0x0, 0x84, 0x2, 0x8a, 0x60, 0xf, 0x5c,
    0x8, 0x7, 0xc7, 0x3a, 0x20, 0x56, 0x20, 0x3,
    0x10, 0x40, 0xf, 0x23, 0xf6, 0x43, 0x31, 0xeb,
    0xb1, 0x81, 0x40, 0xbd, 0xd4, 0x94, 0x0, 0x40,
    0x1c, 0x24, 0x0, 0x37, 0x99, 0x42, 0x88, 0x26,
    0x53, 0x82, 0x45, 0x70, 0x7, 0xf0, 0xee, 0x10,
    0x6, 0x14, 0x8d, 0xb3, 0x8, 0x93, 0x0, 0x21,
    0x80, 0x18, 0x3, 0xe3, 0x60, 0x4f, 0xf7, 0x5b,
    0x90, 0x6, 0x6c, 0xff, 0x42, 0x88, 0x4c, 0x8c,
    0x40, 0x4, 0xb6, 0x81, 0x80, 0x1f, 0xfc, 0x4b,
    0x0, 0x36, 0x77, 0xfb, 0x69, 0x1, 0x5c, 0x3,
    0xff, 0x88, 0xb8, 0x80, 0x1f, 0x25, 0xd0, 0x7,
    0xff, 0x18, 0xef, 0xf2, 0xa9, 0x7b, 0xf6, 0x80,
    0x1f, 0xfc, 0x50,

    /* U+FD1C "ﴜ" */
    0x0, 0xff, 0xe2, 0x1f, 0x7f, 0xb6, 0x50, 0x3,
    0xff, 0x96, 0x22, 0x0, 0x13, 0x5e, 0xb8, 0x80,
    0x7f, 0xf2, 0xb, 0xbf, 0xdb, 0x48, 0x51, 0xde,
    0x1, 0x99, 0x40, 0x3f, 0xf8, 0x42, 0x0, 0x25,
    0x91, 0x0, 0x84, 0x2, 0x8a, 0x60, 0xf, 0x5c,
    0x8, 0x7, 0xc7, 0x3a, 0x20, 0x56, 0x20, 0x3,
    0x10, 0x40, 0xf, 0x23, 0xf6, 0x43, 0x31, 0xeb,
    0xb1, 0x81, 0x40, 0xbd, 0xd4, 0x94, 0x0, 0x40,
    0x1c, 0x24, 0x0, 0x37, 0x99, 0x42, 0x88, 0x26,
    0x53, 0x82, 0x45, 0x70, 0x7, 0xf0, 0xee, 0x10,
    0x6, 0x14, 0x8d, 0xb3, 0x8, 0x93, 0x0, 0x21,
    0x80, 0x18, 0x3, 0xe3, 0x60, 0x4f, 0xf7, 0x5b,
    0x90, 0x6, 0x6c, 0xff, 0x42, 0x88, 0x4c, 0x8c,
    0x40, 0x4, 0xb6, 0x81, 0x80, 0x1f, 0xfc, 0x4b,
    0x0, 0x36, 0x77, 0xfb, 0x69, 0x1, 0x5c, 0x3,
    0xff, 0x88, 0xb8, 0x80, 0x1f, 0x25, 0xd0, 0x7,
    0xff, 0x18, 0xef, 0xf2, 0xa9, 0x7b, 0xf6, 0x80,
    0x1f, 0xfc, 0xa3, 0x55, 0x21, 0x0, 0x7f, 0xf3,
    0x5c, 0x81, 0x90, 0x3, 0xff, 0x99, 0x10, 0xf4,
    0x9b, 0x0, 0xff, 0xe6, 0x60, 0x23, 0xa, 0x0,
    0x7f, 0xf2, 0x0,

    /* U+FD1D "ﴝ" */
    0x0, 0xff, 0xe2, 0x1f, 0x7f, 0xb6, 0x50, 0x3,
    0xff, 0x96, 0x22, 0x0, 0x13, 0x5e, 0xb8, 0x80,
    0x7f, 0xf2, 0xb, 0xbf, 0xdb, 0x48, 0x51, 0xde,
    0x1, 0x99, 0x40, 0x3f, 0xf8, 0x42, 0x0, 0x25,
    0x91, 0x0, 0x84, 0x2, 0x8a, 0x60, 0xf, 0x5c,
    0x8, 0x7, 0xc7, 0x3a, 0x20, 0x56, 0x20, 0x3,
    0x10, 0x40, 0xf, 0x23, 0xf6, 0x43, 0x31, 0xeb,
    0xb1, 0x81, 0x40, 0xbd, 0xd4, 0x94, 0x0, 0x40,
    0x1c, 0x24, 0x0, 0x37, 0x99, 0x42, 0x88, 0x26,
    0x53, 0x82, 0x45, 0x70, 0x7, 0xf0, 0xee, 0x10,
    0x6, 0x14, 0x8d, 0xb3, 0x8, 0x93, 0x0, 0x21,
    0x80, 0x18, 0x3, 0xe3, 0x60, 0x4f, 0xf7, 0x5b,
    0x90, 0x6, 0x6c, 0xff, 0x42, 0x88, 0x4c, 0x8c,
    0x40, 0x4, 0xb6, 0x81, 0x80, 0x1c, 0xaa, 0x0,
    0xfe, 0xb0, 0x3, 0x67, 0x7f, 0xb6, 0x90, 0x15,
    0xc0, 0x31, 0x55, 0xc, 0x3, 0xf2, 0xe2, 0x0,
    0x7c, 0x97, 0x40, 0x1c, 0x64, 0x50, 0x7, 0xf1,
    0xdf, 0xe5, 0x52, 0xf7, 0xed, 0x0, 0x3c, 0x3b,
    0xa1, 0x0, 0xf8,

    /* U+FD1E "ﴞ" */
    0x0, 0xff, 0xe2, 0x1f, 0x7f, 0xb6, 0x50, 0x3,
    0xff, 0x96, 0x22, 0x0, 0x13, 0x5e, 0xb8, 0x80,
    0x7f, 0xf2, 0xb, 0xbf, 0xdb, 0x48, 0x51, 0xde,
    0x1, 0x99, 0x40, 0x3f, 0xf8, 0x42, 0x0, 0x25,
    0x91, 0x0, 0x84, 0x2, 0x8a, 0x60, 0xf, 0x5c,
    0x8, 0x7, 0xc7, 0x3a, 0x20, 0x56, 0x20, 0x3,
    0x10, 0x40, 0xf, 0x23, 0xf6, 0x43, 0x31, 0xeb,
    0xb1, 0x81, 0x40, 0xbd, 0xd4, 0x94, 0x0, 0x40,
    0x1c, 0x24, 0x0, 0x37, 0x99, 0x42, 0x88, 0x26,
    0x53, 0x82, 0x45, 0x70, 0x7, 0xf0, 0xee, 0x10,
    0x6, 0x14, 0x8d, 0xb3, 0x8, 0x93, 0x0, 0x21,
    0x80, 0x18, 0x3, 0xe3, 0x60, 0x4f, 0xf7, 0x5b,
    0x90, 0x6, 0x6c, 0xff, 0x42, 0x88, 0x4c, 0x8c,
    0x40, 0x4, 0xb6, 0x81, 0x80, 0x1c, 0xaa, 0x0,
    0xfe, 0xb0, 0x3, 0x67, 0x7f, 0xb6, 0x90, 0x15,
    0xc0, 0x31, 0x55, 0xc, 0x3, 0xf2, 0xe2, 0x0,
    0x7c, 0x97, 0x40, 0x1c, 0x64, 0x50, 0x7, 0xf1,
    0xdf, 0xe5, 0x52, 0xf7, 0xed, 0x0, 0x3c, 0x3b,
    0xa1, 0x0, 0xff, 0xe0, 0x1a, 0xa9, 0x8, 0x3,
    0xff, 0x9a, 0xe4, 0xc, 0x80, 0x1f, 0xfc, 0xc8,
    0x87, 0xa4, 0xd8, 0x7, 0xff, 0x33, 0x1, 0x18,
    0x50, 0x3, 0xff, 0x90,

    /* U+FD1F "ﴟ" */
    0x0, 0xff, 0xe2, 0x97, 0x60, 0x7, 0xff, 0x3d,
    0x4, 0xc4, 0x3, 0xff, 0x9c, 0xcf, 0x42, 0x1,
    0xff, 0xcf, 0x85, 0x0, 0xff, 0xf6, 0x1f, 0x7f,
    0xb6, 0x50, 0x3, 0xff, 0x96, 0x22, 0x0, 0x13,
    0x5e, 0xb8, 0x80, 0x7f, 0xf2, 0xb, 0xbf, 0xdb,
    0x48, 0x51, 0xde, 0x1, 0x99, 0x40, 0x3f, 0xf8,
    0x42, 0x0, 0x25, 0x91, 0x0, 0x84, 0x2, 0x8a,
    0x60, 0xf, 0x5c, 0x8, 0x7, 0xc7, 0x3a, 0x20,
    0x56, 0x20, 0x3, 0x10, 0x40, 0xf, 0x23, 0xf6,
    0x43, 0x31, 0xeb, 0xb1, 0x81, 0x40, 0xbd, 0xd4,
    0x94, 0x0, 0x40, 0x1c, 0x24, 0x0, 0x37, 0x99,
    0x42, 0x88, 0x26, 0x53, 0x82, 0x45, 0x70, 0x7,
    0xf0, 0xee, 0x10, 0x6, 0x14, 0x8d, 0xb3, 0x8,
    0x93, 0x0, 0x21, 0x80, 0x18, 0x3, 0xe3, 0x60,
    0x4f, 0xf7, 0x5b, 0x90, 0x6, 0x6c, 0xff, 0x42,
    0x88, 0x4c, 0x8c, 0x40, 0x4, 0xb6, 0x81, 0x80,
    0x1f, 0xfc, 0x4b, 0x0, 0x36, 0x77, 0xfb, 0x69,
    0x1, 0x5c, 0x3, 0xff, 0x88, 0xb8, 0x80, 0x1f,
    0x25, 0xd0, 0x7, 0xff, 0x18, 0xef, 0xf2, 0xa9,
    0x7b, 0xf6, 0x80, 0x1f, 0xfc, 0x50,

    /* U+FD20 "ﴠ" */
    0x0, 0xff, 0xe2, 0x97, 0x60, 0x7, 0xff, 0x3d,
    0x4, 0xc4, 0x3, 0xff, 0x9c, 0xcf, 0x42, 0x1,
    0xff, 0xcf, 0x85, 0x0, 0xff, 0xf6, 0x1f, 0x7f,
    0xb6, 0x50, 0x3, 0xff, 0x96, 0x22, 0x0, 0x13,
    0x5e, 0xb8, 0x80, 0x7f, 0xf2, 0xb, 0xbf, 0xdb,
    0x48, 0x51, 0xde, 0x1, 0x99, 0x40, 0x3f, 0xf8,
    0x42, 0x0, 0x25, 0x91, 0x0, 0x84, 0x2, 0x8a,
    0x60, 0xf, 0x5c, 0x8, 0x7, 0xc7, 0x3a, 0x20,
    0x56, 0x20, 0x3, 0x10, 0x40, 0xf, 0x23, 0xf6,
    0x43, 0x31, 0xeb, 0xb1, 0x81, 0x40, 0xbd, 0xd4,
    0x94, 0x0, 0x40, 0x1c, 0x24, 0x0, 0x37, 0x99,
    0x42, 0x88, 0x26, 0x53, 0x82, 0x45, 0x70, 0x7,
    0xf0, 0xee, 0x10, 0x6, 0x14, 0x8d, 0xb3, 0x8,
    0x93, 0x0, 0x21, 0x80, 0x18, 0x3, 0xe3, 0x60,
    0x4f, 0xf7, 0x5b, 0x90, 0x6, 0x6c, 0xff, 0x42,
    0x88, 0x4c, 0x8c, 0x40, 0x4, 0xb6, 0x81, 0x80,
    0x1f, 0xfc, 0x4b, 0x0, 0x36, 0x77, 0xfb, 0x69,
    0x1, 0x5c, 0x3, 0xff, 0x88, 0xb8, 0x80, 0x1f,
    0x25, 0xd0, 0x7, 0xff, 0x18, 0xef, 0xf2, 0xa9,
    0x7b, 0xf6, 0x80, 0x1f, 0xfc, 0xa3, 0x55, 0x21,
    0x0, 0x7f, 0xf3, 0x5c, 0x81, 0x90, 0x3, 0xff,
    0x99, 0x10, 0xf4, 0x9b, 0x0, 0xff, 0xe6, 0x60,
    0x23, 0xa, 0x0, 0x7f, 0xf2, 0x0,

    /* U+FD21 "ﴡ" */
    0x0, 0xff, 0xe8, 0x1a, 0xa0, 0x7, 0xff, 0x51,
    0xfb, 0x2a, 0xfd, 0x40, 0x3f, 0xf9, 0x46, 0x20,
    0x18, 0xb2, 0x4, 0x3, 0x51, 0x80, 0x7f, 0xf2,
    0x7b, 0x8a, 0x0, 0x2c, 0x30, 0x6d, 0xfb, 0x0,
    0x58, 0x6, 0x31, 0x0, 0xff, 0xe1, 0x11, 0x1,
    0xc0, 0xb0, 0x45, 0x92, 0x40, 0x88, 0x2, 0x0,
    0xdd, 0xc6, 0x0, 0xf4, 0x28, 0x7, 0x28, 0x6,
    0xf1, 0x16, 0x18, 0x4, 0x48, 0x1a, 0x1, 0x11,
    0x1, 0x0, 0x3c, 0xf5, 0xf6, 0xec, 0xf0, 0x0,
    0xcc, 0x10, 0x3b, 0x99, 0x91, 0x9a, 0x0, 0xe6,
    0x50, 0x70, 0x1, 0x0, 0x70, 0xa8, 0x1, 0x22,
    0x60, 0xd, 0x4, 0xc0, 0xd, 0x53, 0x27, 0x30,
    0x9, 0xa6, 0x9c, 0xc0, 0x3f, 0xd, 0x71, 0x80,
    0x42, 0xbb, 0x74, 0xa4, 0x20, 0x10, 0x93, 0x56,
    0x31, 0x0, 0xc, 0xc0, 0x5, 0x0, 0xf8, 0x5c,
    0x13, 0xfa, 0x84, 0x16, 0xb7, 0xbf, 0xee, 0xd9,
    0x53, 0x9d, 0xff, 0x22, 0x0, 0x15, 0x26, 0x20,
    0x2, 0x6c, 0x40, 0xc0, 0xf, 0xfe, 0x50, 0xd0,
    0x1, 0xb3, 0xbf, 0xdb, 0x26, 0xa, 0xe0, 0x1f,
    0xfc, 0xb5, 0xc4, 0x0, 0xf9, 0x2e, 0x80, 0x3f,
    0xf9, 0xa7, 0x7d, 0x95, 0x4b, 0xdf, 0xb4, 0x0,
    0xff, 0xe6, 0x0,

    /* U+FD22 "ﴢ" */
    0x0, 0xff, 0xe8, 0x1a, 0xa0, 0x7, 0xff, 0x51,
    0xfb, 0x2a, 0xfd, 0x40, 0x3f, 0xf9, 0x46, 0x20,
    0x18, 0xb2, 0x4, 0x3, 0x51, 0x80, 0x7f, 0xf2,
    0x7b, 0x8a, 0x0, 0x2c, 0x30, 0x6d, 0xfb, 0x0,
    0x58, 0x6, 0x31, 0x0, 0xff, 0xe1, 0x11, 0x1,
    0xc0, 0xb0, 0x45, 0x92, 0x40, 0x88, 0x2, 0x0,
    0xdd, 0xc6, 0x0, 0xf4, 0x28, 0x7, 0x28, 0x6,
    0xf1, 0x16, 0x18, 0x4, 0x48, 0x1a, 0x1, 0x11,
    0x1, 0x0, 0x3c, 0xf5, 0xf6, 0xec, 0xf0, 0x0,
    0xcc, 0x10, 0x3b, 0x99, 0x91, 0x9a, 0x0, 0xe6,
    0x50, 0x70, 0x1, 0x0, 0x70, 0xa8, 0x1, 0x22,
    0x60, 0xd, 0x4, 0xc0, 0xd, 0x53, 0x27, 0x30,
    0x9, 0xa6, 0x9c, 0xc0, 0x3f, 0xd, 0x71, 0x80,
    0x42, 0xbb, 0x74, 0xa4, 0x20, 0x10, 0x93, 0x56,
    0x31, 0x0, 0xc, 0xc0, 0x5, 0x0, 0xf8, 0x5c,
    0x13, 0xfa, 0x84, 0x16, 0xb7, 0xbf, 0xee, 0xd9,
    0x53, 0x9d, 0xff, 0x22, 0x0, 0x15, 0x26, 0x20,
    0x2, 0x6c, 0x40, 0xc0, 0xf, 0xfe, 0x50, 0xd0,
    0x1, 0xb3, 0xbf, 0xdb, 0x26, 0xa, 0xe0, 0x1f,
    0xfc, 0xb5, 0xc4, 0x0, 0xf9, 0x2e, 0x80, 0x3f,
    0xf9, 0xa7, 0x7d, 0x95, 0x4b, 0xdf, 0xb4, 0x0,
    0xff, 0xe8, 0x9, 0xaa, 0x90, 0x80, 0x3f, 0xfa,
    0x69, 0xf2, 0x5d, 0x60, 0x1f, 0xfd, 0x3c, 0x4,
    0x61, 0x40, 0xf, 0xfe, 0x9c, 0x43, 0xd2, 0x6c,
    0x3, 0xff, 0x9e,

    /* U+FD23 "ﴣ" */
    0x0, 0xff, 0xe8, 0x67, 0x8, 0x7, 0xff, 0x54,
    0x8c, 0x50, 0x3, 0xff, 0xaa, 0x53, 0xa, 0x1,
    0xff, 0xd6, 0x67, 0x0, 0xff, 0xeb, 0x9a, 0xa0,
    0x7, 0xff, 0x51, 0xfb, 0x2a, 0xfd, 0x40, 0x3f,
    0xf9, 0x46, 0x20, 0x18, 0xb2, 0x4, 0x3, 0x51,
    0x80, 0x7f, 0xf2, 0x7b, 0x8a, 0x0, 0x2c, 0x30,
    0x6d, 0xfb, 0x0, 0x58, 0x6, 0x31, 0x0, 0xff,
    0xe1, 0x11, 0x1, 0xc0, 0xb0, 0x45, 0x92, 0x40,
    0x88, 0x2, 0x0, 0xdd, 0xc6, 0x0, 0xf4, 0x28,
    0x7, 0x28, 0x6, 0xf1, 0x16, 0x18, 0x4, 0x48,
    0x1a, 0x1, 0x11, 0x1, 0x0, 0x3c, 0xf5, 0xf6,
    0xec, 0xf0, 0x0, 0xcc, 0x10, 0x3b, 0x99, 0x91,
    0x9a, 0x0, 0xe6, 0x50, 0x70, 0x1, 0x0, 0x70,
    0xa8, 0x1, 0x22, 0x60, 0xd, 0x4, 0xc0, 0xd,
    0x53, 0x27, 0x30, 0x9, 0xa6, 0x9c, 0xc0, 0x3f,
    0xd, 0x71, 0x80, 0x42, 0xbb, 0x74, 0xa4, 0x20,
    0x10, 0x93, 0x56, 0x31, 0x0, 0xc, 0xc0, 0x5,
    0x0, 0xf8, 0x5c, 0x13, 0xfa, 0x84, 0x16, 0xb7,
    0xbf, 0xee, 0xd9, 0x53, 0x9d, 0xff, 0x22, 0x0,
    0x15, 0x26, 0x20, 0x2, 0x6c, 0x40, 0xc0, 0xf,
    0xfe, 0x50, 0xd0, 0x1, 0xb3, 0xbf, 0xdb, 0x26,
    0xa, 0xe0, 0x1f, 0xfc, 0xb5, 0xc4, 0x0, 0xf9,
    0x2e, 0x80, 0x3f, 0xf9, 0xa7, 0x7d, 0x95, 0x4b,
    0xdf, 0xb4, 0x0, 0xff, 0xe6, 0x0,

    /* U+FD24 "ﴤ" */
    0x0, 0xff, 0xe8, 0x67, 0x8, 0x7, 0xff, 0x54,
    0x8c, 0x50, 0x3, 0xff, 0xaa, 0x53, 0xa, 0x1,
    0xff, 0xd6, 0x67, 0x0, 0xff, 0xeb, 0x9a, 0xa0,
    0x7, 0xff, 0x51, 0xfb, 0x2a, 0xfd, 0x40, 0x3f,
    0xf9, 0x46, 0x20, 0x18, 0xb2, 0x4, 0x3, 0x51,
    0x80, 0x7f, 0xf2, 0x7b, 0x8a, 0x0, 0x2c, 0x30,
    0x6d, 0xfb, 0x0, 0x58, 0x6, 0x31, 0x0, 0xff,
    0xe1, 0x11, 0x1, 0xc0, 0xb0, 0x45, 0x92, 0x40,
    0x88, 0x2, 0x0, 0xdd, 0xc6, 0x0, 0xf4, 0x28,
    0x7, 0x28, 0x6, 0xf1, 0x16, 0x18, 0x4, 0x48,
    0x1a, 0x1, 0x11, 0x1, 0x0, 0x3c, 0xf5, 0xf6,
    0xec, 0xf0, 0x0, 0xcc, 0x10, 0x3b, 0x99, 0x91,
    0x9a, 0x0, 0xe6, 0x50, 0x70, 0x1, 0x0, 0x70,
    0xa8, 0x1, 0x22, 0x60, 0xd, 0x4, 0xc0, 0xd,
    0x53, 0x27, 0x30, 0x9, 0xa6, 0x9c, 0xc0, 0x3f,
    0xd, 0x71, 0x80, 0x42, 0xbb, 0x74, 0xa4, 0x20,
    0x10, 0x93, 0x56, 0x31, 0x0, 0xc, 0xc0, 0x5,
    0x0, 0xf8, 0x5c, 0x13, 0xfa, 0x84, 0x16, 0xb7,
    0xbf, 0xee, 0xd9, 0x53, 0x9d, 0xff, 0x22, 0x0,
    0x15, 0x26, 0x20, 0x2, 0x6c, 0x40, 0xc0, 0xf,
    0xfe, 0x50, 0xd0, 0x1, 0xb3, 0xbf, 0xdb, 0x26,
    0xa, 0xe0, 0x1f, 0xfc, 0xb5, 0xc4, 0x0, 0xf9,
    0x2e, 0x80, 0x3f, 0xf9, 0xa7, 0x7d, 0x95, 0x4b,
    0xdf, 0xb4, 0x0, 0xff, 0xe8, 0x9, 0xaa, 0x90,
    0x80, 0x3f, 0xfa, 0x69, 0xf2, 0x5d, 0x60, 0x1f,
    0xfd, 0x3c, 0x4, 0x61, 0x40, 0xf, 0xfe, 0x9c,
    0x43, 0xd2, 0x6c, 0x3, 0xff, 0x9e,

    /* U+FD25 "ﴥ" */
    0x0, 0xff, 0xe5, 0x1f, 0x48, 0x7, 0xff, 0x51,
    0xc5, 0x40, 0x3f, 0xfa, 0x89, 0x9a, 0x1, 0xff,
    0xd3, 0x13, 0x30, 0x18, 0x7, 0xff, 0x4b, 0x30,
    0x99, 0x83, 0x0, 0xff, 0xe8, 0xb8, 0xb3, 0x88,
    0x80, 0x3f, 0x1e, 0xff, 0xba, 0xd4, 0x3, 0xff,
    0x85, 0x5c, 0x55, 0xc4, 0x1, 0xfc, 0x40, 0x1,
    0x4a, 0xe9, 0x41, 0x0, 0xff, 0xe3, 0x8, 0x80,
    0x31, 0xb4, 0xca, 0x14, 0x44, 0xd7, 0xde, 0x1,
    0xff, 0xc4, 0xae, 0x90, 0xe, 0x96, 0x63, 0xd6,
    0x18, 0x6, 0x10, 0xd, 0x4e, 0x1, 0xe, 0xd0,
    0x80, 0x8, 0x4, 0x3, 0xf1, 0xde, 0x98, 0x0,
    0x9c, 0x3, 0x22, 0xc0, 0x4, 0xa4, 0xa2, 0x0,
    0xf0, 0x50, 0xf, 0xa3, 0x10, 0x1a, 0x40, 0x10,
    0x20, 0x16, 0x80, 0x80, 0x58, 0x2, 0x1, 0x78,
    0x19, 0x0, 0x75, 0x38, 0x2f, 0x4b, 0x1, 0x6c,
    0x33, 0x21, 0x80, 0x61, 0x5d, 0xc0, 0x30, 0xae,
    0xc0, 0xf, 0x75, 0x0, 0x3a, 0x84, 0x50, 0x80,
    0x20, 0x9, 0xe6, 0x4e, 0x1, 0x3d, 0x40, 0x8,
    0x3d, 0x40, 0xa8, 0x94, 0x54, 0xc, 0x3, 0x38,
    0x6, 0x7a, 0x41, 0x0, 0xa, 0xf3, 0x88, 0x1,
    0x32, 0x4, 0x5, 0xab, 0x10, 0x1, 0x8e, 0x0,
    0x80, 0x1, 0xf5, 0x2, 0xdf, 0x7f, 0xba, 0x86,
    0x3b, 0xfd, 0x64, 0xfd, 0xfd, 0x20, 0x57, 0xfe,
    0x4c, 0x4, 0x10, 0x5, 0x8a, 0x80, 0x7f, 0xf3,
    0x84, 0x4, 0x2, 0x97, 0xb0, 0xf, 0xfe, 0x70,
    0x83, 0x80, 0x43, 0x8, 0x1, 0xff, 0xce, 0xc0,
    0x26, 0x0, 0xff, 0xe9, 0xb0, 0x84, 0xd2, 0x8,
    0x0, 0xda, 0xc4, 0x3, 0xff, 0x97, 0xa2, 0xb,
    0x7d, 0xfe, 0xc9, 0x46, 0x0, 0xff, 0xe5, 0x9f,
    0xb0, 0x7, 0xca, 0x80, 0x1f, 0xfc, 0xc1, 0x9f,
    0xca, 0xab, 0x7e, 0x8c, 0x3, 0xff, 0x94,

    /* U+FD26 "ﴦ" */
    0x0, 0xff, 0xe5, 0x1f, 0x48, 0x7, 0xff, 0x51,
    0xc5, 0x40, 0x3f, 0xfa, 0x89, 0x9a, 0x1, 0xff,
    0xd3, 0xae, 0x1b, 0xe2, 0x0, 0xff, 0xe8, 0xb8,
    0xb3, 0x88, 0x80, 0x3f, 0xa, 0x2a, 0x90, 0x40,
    0x3f, 0xf8, 0x79, 0x84, 0xcc, 0x18, 0x7, 0xe5,
    0xba, 0xa5, 0xf6, 0x30, 0x80, 0x7f, 0xf0, 0x4,
    0xc0, 0x4c, 0x3, 0xf9, 0x40, 0x38, 0xe7, 0xae,
    0x1c, 0x3, 0xff, 0x88, 0xb2, 0xa0, 0x18, 0x73,
    0xfd, 0xd6, 0xe4, 0x8, 0xf0, 0x1, 0xc2, 0x1,
    0xc8, 0x20, 0x16, 0x36, 0x80, 0x71, 0x80, 0x5,
    0x84, 0xc0, 0x30, 0x80, 0x43, 0xdc, 0x10, 0x1,
    0x5f, 0x10, 0x0, 0x40, 0x80, 0x3e, 0x19, 0xd6,
    0x12, 0x5, 0xf1, 0x0, 0x90, 0x4, 0x40, 0x7,
    0x0, 0x10, 0x3, 0xc1, 0xc0, 0x3c, 0x5e, 0xc0,
    0xdb, 0xc0, 0x82, 0x1, 0xbc, 0x4, 0x2, 0xc0,
    0x10, 0xb, 0xc0, 0x88, 0x1, 0x87, 0x4, 0x59,
    0x24, 0x62, 0x2f, 0x86, 0x64, 0x28, 0xc, 0x2c,
    0x30, 0xc, 0x33, 0xb8, 0x1, 0x8e, 0xa0, 0xa,
    0x11, 0x61, 0x80, 0x56, 0x2, 0xf3, 0x27, 0x1,
    0x7, 0xa7, 0x1, 0x7, 0x98, 0x5, 0x11, 0x45,
    0x41, 0xa0, 0x59, 0x0, 0x65, 0xb4, 0x10, 0x0,
    0xaf, 0xb8, 0x80, 0x13, 0x20, 0x40, 0x5a, 0xb1,
    0x0, 0x19, 0x60, 0x4a, 0x1, 0xe4, 0xbe, 0xff,
    0x75, 0xc, 0x77, 0xfa, 0xc9, 0xfb, 0xfa, 0x40,
    0xaf, 0xfc, 0x84, 0xe, 0x1, 0xff, 0xd4, 0x10,
    0x10, 0xf, 0xfe, 0xa1, 0x2, 0x0, 0x7f, 0xf5,
    0x34, 0x1, 0x62, 0x1, 0xe1, 0x0, 0xff, 0xe5,
    0xa2, 0x82, 0x75, 0x3b, 0x32, 0x33, 0x8c, 0x3,
    0xff, 0x97, 0x4a, 0x0, 0x58, 0x99, 0x39, 0x85,
    0x80, 0x7f, 0xf3, 0x2b, 0x18, 0x80, 0x23, 0x6b,
    0x80, 0xf, 0xfe, 0x50,

    /* U+FD27 "ﴧ" */
    0x0, 0xe7, 0xf6, 0x0, 0xff, 0xe1, 0x1f, 0x48,
    0x7, 0xff, 0xe, 0x83, 0x40, 0x3f, 0xf8, 0x4e,
    0x2a, 0x1, 0xff, 0xc3, 0x84, 0x80, 0xf, 0xfe,
    0x12, 0x66, 0x80, 0x7f, 0xf0, 0xd6, 0xcc, 0x3,
    0xff, 0x83, 0x5c, 0x37, 0xc4, 0x1, 0xff, 0xd1,
    0x71, 0x67, 0x11, 0x0, 0x7e, 0x14, 0x55, 0x20,
    0x80, 0x7f, 0xf0, 0xf3, 0x9, 0x98, 0x30, 0xf,
    0xcb, 0x75, 0x4b, 0xec, 0x61, 0x0, 0xff, 0xe0,
    0x9, 0x80, 0x98, 0x7, 0xf2, 0x80, 0x71, 0xcf,
    0x5c, 0x38, 0x7, 0xff, 0x11, 0x65, 0x40, 0x30,
    0xe7, 0xfb, 0xad, 0xc8, 0x11, 0xe0, 0x3, 0x84,
    0x3, 0x90, 0x40, 0x2c, 0x6d, 0x0, 0xe3, 0x0,
    0xb, 0x9, 0x80, 0x61, 0x0, 0x87, 0xb8, 0x20,
    0x2, 0xbe, 0x20, 0x0, 0x81, 0x0, 0x7c, 0x33,
    0xac, 0x24, 0xb, 0xe2, 0x1, 0x20, 0x8, 0x80,
    0xe, 0x0, 0x20, 0x7, 0x83, 0x80, 0x78, 0xbd,
    0x81, 0xb7, 0x81, 0x4, 0x3, 0x78, 0x8, 0x5,
    0x80, 0x20, 0x17, 0x81, 0x10, 0x3, 0xe, 0x8,
    0xb2, 0x48, 0xc4, 0x5f, 0xc, 0xc8, 0x50, 0x18,
    0x58, 0x60, 0x18, 0x67, 0x70, 0x3, 0x1d, 0x40,
    0x14, 0x22, 0xc3, 0x0, 0xac, 0x5, 0xe6, 0x4e,
    0x2, 0xf, 0x4e, 0x2, 0xf, 0x30, 0xa, 0x22,
    0x8a, 0x83, 0x40, 0xb2, 0x0, 0xcb, 0x68, 0x20,
    0x1, 0x5f, 0x71, 0x0, 0x26, 0x40, 0x80, 0xb5,
    0x62, 0x0, 0x32, 0xc0, 0x94, 0x3, 0xc9, 0x7d,
    0xfe, 0xea, 0x18, 0xef, 0xf5, 0x93, 0xf7, 0xf4,
    0x81, 0x5f, 0xf9, 0x8, 0x1c, 0x3, 0xff, 0xa8,
    0x20, 0x20, 0x1f, 0xfd, 0x42, 0x4, 0x0, 0xff,
    0xea, 0x68, 0x2, 0xc4, 0x3, 0xc2, 0x1, 0xff,
    0xcb, 0x45, 0x4, 0xea, 0x76, 0x64, 0x67, 0x18,
    0x7, 0xff, 0x2e, 0x94, 0x0, 0xb1, 0x32, 0x73,
    0xb, 0x0, 0xff, 0xe6, 0x56, 0x31, 0x0, 0x46,
    0xd7, 0x0, 0x1f, 0xfc, 0xa0,

    /* U+FD28 "ﴨ" */
    0x0, 0xff, 0xe4, 0xdf, 0x8, 0x7, 0xff, 0x49,
    0x44, 0xc0, 0x3f, 0xfa, 0x59, 0x82, 0x0, 0xff,
    0xe8, 0x27, 0xab, 0x7b, 0x80, 0x7f, 0xf3, 0xcc,
    0x34, 0x83, 0x80, 0x3f, 0xf9, 0xef, 0x74, 0xf7,
    0x20, 0x1f, 0xfc, 0x24, 0x62, 0x0, 0xff, 0x90,
    0x0, 0x80, 0x18, 0x40, 0x3f, 0x37, 0x5c, 0xe9,
    0x0, 0x7f, 0xf1, 0x13, 0xf0, 0x3, 0xeb, 0x91,
    0x0, 0xa0, 0x3, 0x99, 0xc8, 0x2, 0x8a, 0x40,
    0x3, 0x1, 0x0, 0x7a, 0xd0, 0xf, 0x6c, 0x14,
    0x40, 0x35, 0x42, 0x80, 0x48, 0xa6, 0x0, 0x30,
    0x0, 0x80, 0x68, 0x40, 0x1c, 0x24, 0x30, 0x60,
    0xc, 0x60, 0x60, 0x11, 0x81, 0x0, 0x72, 0x80,
    0x42, 0xe0, 0x1, 0x70, 0x5, 0x4, 0x80, 0x4a,
    0x1, 0xc8, 0x0, 0x10, 0x1, 0x80, 0x34, 0x2,
    0x70, 0x1, 0x84, 0x5b, 0x60, 0xe, 0x33, 0xd8,
    0x2, 0x19, 0x92, 0x0, 0x86, 0x67, 0x0, 0x1a,
    0x58, 0xb0, 0xb, 0x10, 0x12, 0x54, 0x0, 0x73,
    0x2, 0x0, 0x39, 0x91, 0x0, 0xe, 0x64, 0x62,
    0xc0, 0xd3, 0x82, 0xe, 0x17, 0x26, 0x3, 0x50,
    0x20, 0x3, 0xbb, 0x10, 0x0, 0xab, 0xc, 0x0,
    0x7b, 0x2e, 0x20, 0x80, 0x1c, 0xd9, 0xfc, 0xaf,
    0xdf, 0xec, 0x44, 0x6f, 0xfb, 0x54, 0xf3, 0xfd,
    0x86, 0x11, 0xdf, 0x44, 0x2, 0x1, 0xff, 0xd2,
    0xe0, 0x50, 0xf, 0xfe, 0x91, 0x80, 0x88, 0x3,
    0xff, 0xa2, 0xa0, 0x5, 0x0, 0xff, 0xe8, 0x88,
    0x83, 0x0, 0x3f, 0xfa, 0x48, 0x8, 0x1, 0xff,
    0xd2, 0x9b, 0xc0, 0xf, 0xfe, 0x88,

    /* U+FD29 "ﴩ" */
    0x0, 0xff, 0xe3, 0x57, 0x10, 0x7, 0xff, 0x41,
    0x85, 0x80, 0x3f, 0xfa, 0x1b, 0x88, 0x1, 0xff,
    0xce, 0x3e, 0x80, 0xf8, 0x0, 0xff, 0xe6, 0xb0,
    0xab, 0x1, 0x80, 0x7f, 0xf3, 0x57, 0x35, 0x6e,
    0x80, 0x3f, 0xf9, 0xc6, 0x20, 0x82, 0x1, 0xff,
    0xc2, 0x43, 0x0, 0xff, 0xe2, 0x17, 0x78, 0x7,
    0xf5, 0xda, 0x0, 0x38, 0xd0, 0x40, 0x25, 0x73,
    0x0, 0x18, 0x80, 0x80, 0x7e, 0x30, 0x41, 0x0,
    0xd3, 0x76, 0x0, 0xbe, 0x28, 0x0, 0x20, 0x2,
    0x0, 0xfd, 0x20, 0x7, 0x0, 0xc8, 0x1a, 0x1,
    0x38, 0x70, 0x7, 0x30, 0x7, 0xe1, 0x30, 0xa0,
    0x8, 0xc4, 0x4, 0x0, 0x44, 0x1, 0x0, 0xee,
    0x0, 0xfe, 0x70, 0x3a, 0x67, 0xe0, 0x5, 0xb3,
    0x38, 0x1, 0x6c, 0xcb, 0x0, 0x25, 0x31, 0x80,
    0x79, 0x80, 0xb, 0x30, 0x40, 0x25, 0x32, 0x30,
    0x12, 0x99, 0x20, 0x30, 0x2c, 0xe0, 0x7, 0x29,
    0x3, 0x90, 0x0, 0xeb, 0xc, 0x0, 0x51, 0x86,
    0x0, 0x3b, 0x99, 0x10, 0x20, 0x6, 0x4a, 0x3,
    0x8d, 0xff, 0x62, 0x96, 0x7f, 0xb5, 0xcb, 0x3f,
    0xd8, 0x80, 0xdb, 0xf6, 0x0, 0x18, 0xb0, 0x7,
    0x0, 0x7f, 0xf3, 0x17, 0x9c, 0x7, 0x8, 0x3,
    0xff, 0x98, 0xc0, 0x6, 0xe3, 0x0, 0xff, 0xe6,
    0x9d, 0x74, 0x80, 0x7f, 0xf3, 0xc0,

    /* U+FD2A "ﴪ" */
    0x0, 0xe1, 0x10, 0x7, 0xff, 0x10, 0x6e, 0xc0,
    0x1f, 0xd3, 0xd0, 0x1, 0xc4, 0x20, 0x18, 0xd0,
    0x40, 0x24, 0x40, 0x7, 0xfc, 0xc0, 0x1d, 0x1d,
    0x20, 0x14, 0xdd, 0x80, 0x2, 0x0, 0x20, 0xf,
    0xd6, 0x0, 0x60, 0xc, 0xe1, 0xc0, 0x13, 0x86,
    0x80, 0x73, 0x80, 0x7e, 0x22, 0x5, 0x0, 0x44,
    0x40, 0x10, 0x0, 0x90, 0x8, 0x7, 0x70, 0x7,
    0xf3, 0x1, 0xd3, 0x33, 0xc0, 0x16, 0xcc, 0xd0,
    0x5, 0xb3, 0x2c, 0x0, 0x94, 0xc6, 0x1, 0xe6,
    0x0, 0x2c, 0xc8, 0x80, 0x4a, 0x64, 0x60, 0x25,
    0x32, 0x40, 0x60, 0x59, 0xc0, 0xe, 0x42, 0x7,
    0x20, 0x1, 0xd6, 0x18, 0x0, 0xa3, 0xc, 0x0,
    0x77, 0x32, 0x20, 0x40, 0xc, 0x74, 0x7, 0x1b,
    0xfe, 0xc5, 0x2c, 0xff, 0x6b, 0x96, 0x7f, 0xb1,
    0x1, 0xb7, 0xec, 0x0, 0x31, 0x82, 0x1c, 0x1,
    0xff, 0xcc, 0x5e, 0x70, 0x1c, 0x20, 0xf, 0xfe,
    0x63, 0x0, 0x1b, 0x8c, 0x3, 0xff, 0x9a, 0x75,
    0xd2, 0x1, 0xff, 0xcf,

    /* U+FD2B "ﴫ" */
    0x0, 0xff, 0xe5, 0x1a, 0xa0, 0x80, 0x7f, 0x88,
    0x80, 0x1f, 0xfc, 0x16, 0xec, 0xab, 0xe6, 0x0,
    0xfd, 0x5b, 0x0, 0x1c, 0x62, 0x1, 0x87, 0x24,
    0x40, 0x34, 0xa0, 0x7, 0xc4, 0xa, 0x20, 0x1b,
    0xf9, 0x80, 0x5, 0x86, 0xd, 0xbf, 0x82, 0x1a,
    0x1, 0xf5, 0x0, 0x1c, 0x2, 0x13, 0x5, 0x1,
    0xf2, 0xb, 0x92, 0x3, 0x40, 0x20, 0xf, 0x88,
    0xc2, 0x80, 0x27, 0x0, 0xda, 0x43, 0x88, 0x1,
    0x12, 0x1, 0x80, 0x7e, 0x70, 0x3a, 0x67, 0x80,
    0x6, 0xe1, 0x83, 0xb3, 0x51, 0x7a, 0x20, 0x4c,
    0xa0, 0x1e, 0x50, 0x2, 0xcc, 0x9, 0x28, 0x98,
    0x1, 0xaa, 0x64, 0xe8, 0x1, 0x2c, 0xd4, 0x80,
    0x66, 0x10, 0x92, 0x0, 0x2e, 0x55, 0x14, 0x84,
    0x2, 0x12, 0x5a, 0xd7, 0x30, 0x6, 0x0, 0x4d,
    0x20, 0xad, 0xbf, 0xea, 0x10, 0x5a, 0xde, 0xff,
    0xbb, 0x69, 0x4a, 0x33, 0xfc, 0xa0, 0x99, 0x20,
    0x56, 0x1, 0xff, 0xcc, 0x7b, 0x30, 0x5d, 0x10,
    0xf, 0xfe, 0x63, 0x1, 0xdd, 0x0, 0x7f, 0xf3,
    0x87, 0xb1, 0x0, 0x3f, 0xf9, 0xe0,

    /* U+FD2C "ﴬ" */
    0x0, 0xff, 0xe5, 0x67, 0x10, 0x7, 0xff, 0x3c,
    0x4c, 0x50, 0x3, 0xff, 0x9e, 0x34, 0xec, 0x1,
    0xff, 0xd0, 0x58, 0x0, 0xff, 0xe8, 0x9a, 0xa0,
    0x80, 0x7f, 0x88, 0x80, 0x1f, 0xfc, 0x16, 0xec,
    0xab, 0xe6, 0x0, 0xfd, 0x5b, 0x0, 0x1c, 0x62,
    0x1, 0x87, 0x24, 0x40, 0x34, 0xa0, 0x7, 0xc4,
    0xa, 0x20, 0x1b, 0xf9, 0x80, 0x5, 0x86, 0xd,
    0xbf, 0x82, 0x1a, 0x1, 0xf5, 0x0, 0x1c, 0x2,
    0x13, 0x5, 0x1, 0xf2, 0xb, 0x92, 0x3, 0x40,
    0x20, 0xf, 0x88, 0xc2, 0x80, 0x27, 0x0, 0xda,
    0x43, 0x88, 0x1, 0x12, 0x1, 0x80, 0x7e, 0x70,
    0x3a, 0x67, 0x80, 0x6, 0xe1, 0x83, 0xb3, 0x51,
    0x7a, 0x20, 0x4c, 0xa0, 0x1e, 0x50, 0x2, 0xcc,
    0x9, 0x28, 0x98, 0x1, 0xaa, 0x64, 0xe8, 0x1,
    0x2c, 0xd4, 0x80, 0x66, 0x10, 0x92, 0x0, 0x2e,
    0x55, 0x14, 0x84, 0x2, 0x12, 0x5a, 0xd7, 0x30,
    0x6, 0x0, 0x4d, 0x20, 0xad, 0xbf, 0xea, 0x10,
    0x5a, 0xde, 0xff, 0xbb, 0x69, 0x4a, 0x33, 0xfc,
    0xa0, 0x99, 0x20, 0x56, 0x1, 0xff, 0xcc, 0x7b,
    0x30, 0x5d, 0x10, 0xf, 0xfe, 0x63, 0x1, 0xdd,
    0x0, 0x7f, 0xf3, 0x87, 0xb1, 0x0, 0x3f, 0xf9,
    0xe0,

    /* U+FD2D "ﴭ" */
    0x0, 0xff, 0xe4, 0x9f, 0x48, 0x7, 0xff, 0x3d,
    0x85, 0x40, 0x3f, 0xf9, 0xeb, 0x9a, 0x1, 0xff,
    0xce, 0xae, 0x1a, 0xe2, 0x0, 0xff, 0xe6, 0x38,
    0xb2, 0x88, 0x80, 0x3f, 0xf9, 0x99, 0x84, 0xfc,
    0x30, 0xf, 0xfe, 0x60, 0x98, 0x9, 0x81, 0xde,
    0x80, 0x2b, 0xfd, 0xd6, 0xe2, 0x1, 0xff, 0xc6,
    0xb4, 0x22, 0x0, 0x61, 0x48, 0xea, 0x40, 0xe,
    0x15, 0x20, 0x8, 0x5d, 0x40, 0x14, 0x0, 0x40,
    0xbf, 0xf7, 0x63, 0x8a, 0xdf, 0xb8, 0x4, 0xb5,
    0xa0, 0x12, 0xc5, 0x0, 0x8, 0x43, 0xc0, 0x40,
    0x2, 0x70, 0xc0, 0x17, 0x0, 0x58, 0x6, 0x1,
    0x18, 0x10, 0x4, 0x80, 0x60, 0x1c, 0xda, 0xe0,
    0x8, 0xb0, 0x9, 0x41, 0xc0, 0x2b, 0x1, 0x0,
    0xf2, 0x34, 0x67, 0xc9, 0x9, 0x84, 0xd3, 0x32,
    0x88, 0x12, 0x1a, 0x4c, 0xe, 0x16, 0x14, 0x36,
    0x64, 0xe6, 0x3, 0x1d, 0xc1, 0x13, 0xcc, 0x94,
    0x4, 0x1e, 0x58, 0x4, 0x1e, 0x9c, 0x5, 0x88,
    0x9, 0xab, 0x9c, 0xb, 0x14, 0x40, 0x4, 0xfe,
    0xc2, 0x2, 0xbe, 0xe2, 0x2, 0xbe, 0x3f, 0xed,
    0x95, 0x0, 0xc5, 0x5d, 0xfe, 0xd8, 0x19, 0xef,
    0xea, 0x18, 0xef, 0xea, 0x10, 0xe, 0x17, 0x10,
    0xf, 0xfe, 0x7d, 0x45, 0x80, 0x7f, 0xf3, 0xf0,
    0x30, 0x3, 0xff, 0x96,

    /* U+FD2E "ﴮ" */
    0x0, 0xff, 0xe4, 0x9f, 0x48, 0x7, 0xff, 0x3d,
    0x85, 0x40, 0x3f, 0xf9, 0xeb, 0x9a, 0x1, 0xff,
    0xce, 0xae, 0x1a, 0xe2, 0x0, 0xff, 0xe6, 0x38,
    0xb2, 0x88, 0x80, 0x3f, 0xf9, 0x99, 0x84, 0xfc,
    0x30, 0xf, 0xfe, 0x60, 0x98, 0x9, 0x81, 0xde,
    0x80, 0x2b, 0xfd, 0xd6, 0xe2, 0x1, 0xff, 0xc6,
    0xb4, 0x22, 0x0, 0x61, 0x48, 0xea, 0x40, 0xe,
    0x15, 0x20, 0x8, 0x5d, 0x40, 0x14, 0x0, 0x40,
    0xbf, 0xf7, 0x63, 0x8a, 0xdf, 0xb8, 0x4, 0xb5,
    0xa0, 0x12, 0xc5, 0x0, 0x8, 0x43, 0xc0, 0x40,
    0x2, 0x70, 0xc0, 0x17, 0x0, 0x58, 0x6, 0x1,
    0x18, 0x10, 0x4, 0x80, 0x60, 0x1c, 0xda, 0xe0,
    0x8, 0xb0, 0x9, 0x41, 0xc0, 0x2b, 0x1, 0x0,
    0xf2, 0x34, 0x67, 0xc9, 0x9, 0x84, 0xd3, 0x32,
    0x88, 0x12, 0x1a, 0x4c, 0xe, 0x16, 0x14, 0x36,
    0x64, 0xe6, 0x3, 0x1d, 0xc1, 0x13, 0xcc, 0x94,
    0x4, 0x1e, 0x58, 0x4, 0x1e, 0x9c, 0x5, 0x88,
    0x9, 0xab, 0x9c, 0xb, 0x14, 0x40, 0x4, 0xfe,
    0xc2, 0x2, 0xbe, 0xe2, 0x2, 0xbe, 0x20,

    /* U+FD2F "ﴯ" */
    0x0, 0xff, 0xe4, 0x9f, 0x48, 0x7, 0xff, 0x3d,
    0x85, 0x40, 0x3f, 0x4f, 0xa0, 0x7, 0xff, 0x11,
    0x73, 0x40, 0x3f, 0x30, 0x60, 0x7, 0xff, 0xe,
    0xb8, 0x6b, 0x88, 0x3, 0xd6, 0xf2, 0x1, 0xff,
    0xc3, 0x71, 0x65, 0x11, 0x0, 0x79, 0x20, 0x40,
    0x3f, 0xf8, 0x79, 0x84, 0xfc, 0x30, 0xf, 0xfe,
    0x60, 0x98, 0x9, 0x81, 0xde, 0x80, 0x2b, 0xfd,
    0xd6, 0xe2, 0x1, 0xff, 0xc6, 0xb4, 0x22, 0x0,
    0x61, 0x48, 0xea, 0x40, 0xe, 0x15, 0x20, 0x8,
    0x5d, 0x40, 0x14, 0x0, 0x40, 0xbf, 0xf7, 0x63,
    0x8a, 0xdf, 0xb8, 0x4, 0xb5, 0xa0, 0x12, 0xc5,
    0x0, 0x8, 0x43, 0xc0, 0x40, 0x2, 0x70, 0xc0,
    0x17, 0x0, 0x58, 0x6, 0x1, 0x18, 0x10, 0x4,
    0x80, 0x60, 0x1c, 0xda, 0xe0, 0x8, 0xb0, 0x9,
    0x41, 0xc0, 0x2b, 0x1, 0x0, 0xf2, 0x34, 0x67,
    0xc9, 0x9, 0x84, 0xd3, 0x32, 0x88, 0x12, 0x1a,
    0x4c, 0xe, 0x16, 0x14, 0x36, 0x64, 0xe6, 0x3,
    0x1d, 0xc1, 0x13, 0xcc, 0x94, 0x4, 0x1e, 0x58,
    0x4, 0x1e, 0x9c, 0x5, 0x88, 0x9, 0xab, 0x9c,
    0xb, 0x14, 0x40, 0x4, 0xfe, 0xc2, 0x2, 0xbe,
    0xe2, 0x2, 0xbe, 0x20,

    /* U+FD30 "ﴰ" */
    0x0, 0xff, 0xe4, 0xe, 0xe0, 0x7, 0xff, 0x38,
    0xc8, 0x80, 0x1f, 0xfc, 0xe2, 0xcc, 0x0, 0x7f,
    0xf3, 0x5f, 0xde, 0xbd, 0x0, 0x3f, 0xf9, 0x7a,
    0x6, 0x60, 0x20, 0xf, 0xfe, 0x5d, 0x5b, 0xd5,
    0xb0, 0x0, 0x80, 0x3c, 0x48, 0x20, 0x1f, 0xfc,
    0x4, 0x1, 0x40, 0x5e, 0xd1, 0x0, 0xd5, 0xb7,
    0xca, 0x1, 0xff, 0xc4, 0x61, 0x4, 0x0, 0xa9,
    0x40, 0x2a, 0x20, 0xe, 0x85, 0x0, 0xd5, 0x2,
    0x6, 0x21, 0x80, 0x5, 0x50, 0x5e, 0x88, 0x58,
    0x6, 0x27, 0xa2, 0x0, 0x12, 0xb9, 0x80, 0x10,
    0x14, 0x1, 0x0, 0xe8, 0x50, 0xc, 0x20, 0x13,
    0x80, 0x8, 0x0, 0xe0, 0x2, 0x0, 0x68, 0x8,
    0x29, 0x2, 0x8, 0x30, 0x2, 0x40, 0x2f, 0x1,
    0x0, 0xb0, 0x3, 0xf2, 0xd8, 0x0, 0xf1, 0xe0,
    0x0, 0xf2, 0xd0, 0xa0, 0x32, 0xd0, 0xc0, 0x9,
    0x57, 0x90, 0x48, 0x11, 0x58, 0x94, 0x38, 0x4,
    0xd2, 0xe0, 0x20, 0xd2, 0xe0, 0x20, 0xd5, 0x2,
    0x16, 0x66, 0xc4, 0xf6, 0x10, 0x6e, 0x50, 0x0,
    0xaf, 0xc0, 0x80, 0xf, 0x24, 0x80, 0x9, 0x84,

    /* U+FD31 "ﴱ" */
    0x0, 0xe2, 0x41, 0x0, 0xff, 0xe6, 0x56, 0xdf,
    0x98, 0x7, 0xff, 0xd, 0xb3, 0x40, 0x35, 0x28,
    0x0, 0x7c, 0x3, 0xff, 0x86, 0x26, 0x42, 0x0,
    0x45, 0x9, 0x90, 0x18, 0x6, 0x14, 0x10, 0x8,
    0x5d, 0x0, 0xa, 0x0, 0x40, 0x4, 0x2, 0x32,
    0x80, 0x4, 0x2, 0x4b, 0xe0, 0x9, 0x22, 0xc0,
    0x4, 0x40, 0xd0, 0x13, 0xf, 0x5, 0x1, 0x10,
    0x5, 0xa0, 0x60, 0x16, 0x81, 0x0, 0x4e, 0x4,
    0xa, 0x0, 0x41, 0xb0, 0x90, 0xc, 0xa0, 0xe0,
    0x12, 0x3, 0x0, 0x42, 0x0, 0x4e, 0x0, 0x4f,
    0x10, 0x73, 0xb3, 0x28, 0x81, 0x1d, 0xa4, 0xc1,
    0x21, 0x61, 0x3, 0x65, 0x40, 0xc, 0x1, 0x34,
    0x4c, 0x94, 0x4, 0x22, 0x58, 0x4, 0x1e, 0x9c,
    0x9, 0xcc, 0x2, 0x9b, 0x91, 0x0, 0xc4, 0xfe,
    0xc2, 0x2, 0xbe, 0xc2, 0x2, 0xb8, 0x1d, 0x60,
    0x2, 0x46, 0xa0, 0x1f, 0xf6, 0xc0, 0xcf, 0x7f,
    0x50, 0xcf, 0x7f, 0x50, 0x80, 0x10, 0x42, 0x8c,
    0x30, 0x4, 0x3, 0xff, 0x91, 0x60, 0x39, 0xee,
    0x8, 0x1, 0xff, 0xc8, 0x59, 0x10, 0x8, 0xa4,
    0x3, 0xff, 0x92, 0xdd, 0x95, 0x9a, 0x40, 0x1f,
    0xfc, 0x60,

    /* U+FD32 "ﴲ" */
    0x0, 0xff, 0xe3, 0x9f, 0xc8, 0x7, 0xff, 0x35,
    0x81, 0x40, 0x3f, 0xf9, 0xab, 0x7a, 0x1, 0xff,
    0xcc, 0xae, 0x6a, 0xe1, 0x0, 0xff, 0xe5, 0x38,
    0x89, 0x44, 0x80, 0x3f, 0x89, 0x4, 0x3, 0xfd,
    0x98, 0x3f, 0xc3, 0x0, 0xfd, 0x5b, 0x7e, 0x60,
    0x1f, 0xc2, 0x60, 0x26, 0xd, 0x9a, 0x1, 0xa9,
    0x40, 0x3, 0xe0, 0x1f, 0xfc, 0x31, 0x32, 0x10,
    0x2, 0x28, 0x4c, 0x80, 0xc0, 0x30, 0xa0, 0x80,
    0x42, 0xe8, 0x0, 0x50, 0x2, 0x0, 0x20, 0x11,
    0x94, 0x0, 0x20, 0x12, 0x5f, 0x0, 0x49, 0x16,
    0x0, 0x22, 0x6, 0x80, 0x98, 0x78, 0x28, 0x8,
    0x80, 0x2d, 0x3, 0x0, 0xb4, 0x8, 0x2, 0x70,
    0x20, 0x50, 0x2, 0xd, 0x84, 0x80, 0x65, 0x7,
    0x0, 0x90, 0x18, 0x2, 0x10, 0x2, 0x70, 0x2,
    0x78, 0x83, 0x9d, 0x99, 0x44, 0x8, 0xed, 0x26,
    0x9, 0xb, 0x8, 0x1b, 0x2a, 0x0, 0x60, 0x9,
    0xa2, 0x64, 0xa0, 0x21, 0x12, 0xc0, 0x20, 0xf4,
    0xe0, 0x4e, 0x60, 0x14, 0xdc, 0x88, 0x6, 0x27,
    0xf6, 0x10, 0x15, 0xf6, 0x10, 0x15, 0xc0, 0xeb,
    0x0, 0x12, 0x35, 0x0, 0xff, 0xb6, 0x6, 0x7b,
    0xfa, 0x86, 0x7b, 0xfa, 0x84, 0x0, 0x82, 0x14,
    0x61, 0x80, 0x20, 0x1f, 0xfc, 0x8b, 0x1, 0xcf,
    0x70, 0x40, 0xf, 0xfe, 0x42, 0xc8, 0x80, 0x45,
    0x20, 0x1f, 0xfc, 0x96, 0xec, 0xac, 0xd2, 0x0,
    0xff, 0xe3, 0x0,

    /* U+FD33 "ﴳ" */
    0x0, 0xff, 0xe0, 0xa7, 0xf8, 0x40, 0x3f, 0xf9,
    0x4e, 0x0, 0x30, 0xf, 0xfe, 0x50, 0x80, 0x7f,
    0xf4, 0x4, 0x3, 0xff, 0x94, 0x60, 0x7, 0x0,
    0xff, 0xee, 0x12, 0x8, 0x7, 0x8, 0x0, 0x40,
    0x63, 0x7f, 0xa4, 0x3, 0xd5, 0xb7, 0xca, 0x1,
    0xf9, 0xb9, 0xc8, 0x5, 0xb0, 0x3, 0x52, 0x80,
    0x54, 0x20, 0x1e, 0x89, 0x1, 0x79, 0x40, 0x34,
    0x0, 0x2a, 0x82, 0xf4, 0x42, 0x0, 0x3c, 0x40,
    0x9f, 0xd, 0x62, 0x18, 0x0, 0x80, 0x74, 0x28,
    0x6, 0x0, 0xc2, 0x0, 0x5b, 0x10, 0x8, 0x80,
    0x41, 0x48, 0x10, 0x41, 0x80, 0x10, 0x0, 0x11,
    0x1, 0xd0, 0x6, 0x53, 0xf, 0x4b, 0x0, 0x1e,
    0x3c, 0x0, 0x1e, 0x12, 0x80, 0x14, 0x8a, 0xd3,
    0xb4, 0x4, 0xd2, 0x22, 0xb1, 0x28, 0x70, 0x9,
    0xed, 0x0, 0x13, 0x75, 0x2c, 0x40, 0x5e, 0x6,
    0x6c, 0x4f, 0x61, 0x6, 0xd5, 0x0, 0xfe, 0x25,
    0xbd, 0x20,

    /* U+FD34 "ﴴ" */
    0xa, 0xff, 0x75, 0xb8, 0x80, 0x7f, 0xf1, 0xde,
    0x8c, 0x3, 0xf0, 0xa4, 0x75, 0x20, 0x7, 0xa,
    0x90, 0x4, 0x2e, 0xa0, 0x16, 0x2a, 0x80, 0x3a,
    0xff, 0xdd, 0x8e, 0x2b, 0x7e, 0xe0, 0x12, 0xd6,
    0x80, 0x4b, 0x14, 0x1, 0x8, 0x70, 0x7, 0x8,
    0x0, 0x4e, 0x18, 0x2, 0xe0, 0xb, 0x0, 0xc0,
    0x23, 0x2, 0x0, 0x8c, 0xc, 0x3, 0xf9, 0xb5,
    0xc0, 0x11, 0x60, 0x12, 0x83, 0x80, 0x56, 0x2,
    0x1, 0x18, 0x20, 0x80, 0x48, 0xd1, 0x9f, 0x24,
    0x26, 0x13, 0x4c, 0xca, 0x20, 0x48, 0x69, 0x30,
    0x38, 0x58, 0x50, 0x6, 0x32, 0x4, 0xc9, 0xcc,
    0x6, 0x3b, 0x82, 0x27, 0x99, 0x28, 0x8, 0x3c,
    0xb0, 0x8, 0x3d, 0x38, 0x30, 0x14, 0xda, 0x90,
    0x13, 0x57, 0x38, 0x16, 0x28, 0x80, 0x9, 0xfd,
    0x84, 0x5, 0x7d, 0x84, 0x5, 0xe7, 0x10, 0x5,
    0xbf, 0xdb, 0x2a, 0x1, 0x8a, 0xbb, 0xfd, 0xb0,
    0x33, 0xdf, 0xd4, 0x33, 0xdf, 0xd0, 0x7, 0x7f,
    0xc6, 0x1, 0x85, 0xc4, 0x3, 0xff, 0xa7, 0x51,
    0x60, 0x1f, 0xfd, 0x3c, 0xc, 0x0, 0xff, 0xe7,
    0x80,

    /* U+FD35 "ﴵ" */
    0xa, 0xff, 0x75, 0xb8, 0x80, 0x7f, 0xf1, 0xde,
    0x8c, 0x3, 0xf0, 0xa4, 0x75, 0x20, 0x7, 0xa,
    0x90, 0x4, 0x2e, 0xa0, 0x16, 0x2a, 0x80, 0x3a,
    0xff, 0xdd, 0x8e, 0x2b, 0x7e, 0xe0, 0x12, 0xd6,
    0x80, 0x4b, 0x14, 0x1, 0x8, 0x70, 0x7, 0x8,
    0x0, 0x4e, 0x18, 0x2, 0xe0, 0xb, 0x0, 0xc0,
    0x23, 0x2, 0x0, 0x8c, 0xc, 0x3, 0xf9, 0xb5,
    0xc0, 0x11, 0x60, 0x12, 0x83, 0x80, 0x56, 0x2,
    0x1, 0x18, 0x20, 0x80, 0x48, 0xd1, 0x9f, 0x24,
    0x26, 0x13, 0x4c, 0xca, 0x20, 0x48, 0x69, 0x30,
    0x38, 0x58, 0x50, 0x6, 0x32, 0x4, 0xc9, 0xcc,
    0x6, 0x3b, 0x82, 0x27, 0x99, 0x28, 0x8, 0x3c,
    0xb0, 0x8, 0x3d, 0x38, 0x30, 0x14, 0xda, 0x90,
    0x13, 0x57, 0x38, 0x16, 0x28, 0x80, 0x9, 0xfd,
    0x84, 0x5, 0x7d, 0x84, 0x5, 0xe7, 0x10, 0x5,
    0x80,

    /* U+FD36 "ﴶ" */
    0x0, 0x4f, 0xa0, 0x7, 0xff, 0x4d, 0x83, 0x0,
    0x3f, 0xfa, 0x76, 0xf2, 0x1, 0xff, 0xd3, 0x48,
    0x10, 0xf, 0xff, 0xa5, 0x7f, 0xba, 0xdc, 0x40,
    0x3f, 0xf8, 0xef, 0x46, 0x1, 0xf8, 0x52, 0x3a,
    0x90, 0x3, 0x85, 0x48, 0x2, 0x17, 0x50, 0xb,
    0x15, 0x40, 0x1d, 0x7f, 0xee, 0xc7, 0x15, 0xbf,
    0x70, 0x9, 0x6b, 0x40, 0x25, 0x8a, 0x0, 0x84,
    0x38, 0x3, 0x84, 0x0, 0x27, 0xc, 0x1, 0x70,
    0x5, 0x80, 0x60, 0x11, 0x81, 0x0, 0x46, 0x6,
    0x1, 0xfc, 0xda, 0xe0, 0x8, 0xb0, 0x9, 0x41,
    0xc0, 0x2b, 0x1, 0x0, 0x8c, 0x10, 0x40, 0x24,
    0x68, 0xcf, 0x92, 0x13, 0x9, 0xa6, 0x65, 0x10,
    0x24, 0x34, 0x98, 0x1c, 0x2c, 0x28, 0x3, 0x19,
    0x2, 0x64, 0xe6, 0x3, 0x1d, 0xc1, 0x13, 0xcc,
    0x94, 0x4, 0x1e, 0x58, 0x4, 0x1e, 0x9c, 0x18,
    0xa, 0x6d, 0x48, 0x9, 0xab, 0x9c, 0xb, 0x14,
    0x40, 0x4, 0xfe, 0xc2, 0x2, 0xbe, 0xc2, 0x2,
    0xf3, 0x88, 0x2, 0xc0,

    /* U+FD37 "ﴷ" */
    0x0, 0xff, 0xe4, 0xa7, 0xb8, 0x7, 0xff, 0x4c,
    0xc3, 0x40, 0x3f, 0xfa, 0x6f, 0x74, 0x1, 0xff,
    0xd2, 0xcd, 0x5c, 0xd1, 0x0, 0xff, 0xe8, 0x11,
    0xc, 0xc4, 0x1, 0xff, 0xd1, 0xcc, 0x16, 0xe8,
    0x40, 0x3f, 0xfa, 0x4, 0x60, 0x44, 0x0, 0xff,
    0x57, 0xfb, 0xad, 0xc4, 0x3, 0xff, 0x8e, 0xf4,
    0x60, 0x1f, 0x85, 0x23, 0xa9, 0x0, 0x38, 0x54,
    0x80, 0x21, 0x75, 0x0, 0xb1, 0x54, 0x1, 0xd7,
    0xfe, 0xec, 0x71, 0x5b, 0xf7, 0x0, 0x96, 0xb4,
    0x2, 0x58, 0xa0, 0x8, 0x43, 0x80, 0x38, 0x40,
    0x2, 0x70, 0xc0, 0x17, 0x0, 0x58, 0x6, 0x1,
    0x18, 0x10, 0x4, 0x60, 0x60, 0x1f, 0xcd, 0xae,
    0x0, 0x8b, 0x0, 0x94, 0x1c, 0x2, 0xb0, 0x10,
    0x8, 0xc1, 0x4, 0x2, 0x46, 0x8c, 0xf9, 0x21,
    0x30, 0x9a, 0x66, 0x51, 0x2, 0x43, 0x49, 0x81,
    0xc2, 0xc2, 0x80, 0x31, 0x90, 0x26, 0x4e, 0x60,
    0x31, 0xdc, 0x11, 0x3c, 0xc9, 0x40, 0x41, 0xe5,
    0x80, 0x41, 0xe9, 0xc1, 0x80, 0xa6, 0xd4, 0x80,
    0x9a, 0xb9, 0xc0, 0xb1, 0x44, 0x0, 0x4f, 0xec,
    0x20, 0x2b, 0xec, 0x20, 0x2f, 0x38, 0x80, 0x2d,
    0xfe, 0xd9, 0x50, 0xc, 0x55, 0xdf, 0xed, 0x81,
    0x9e, 0xfe, 0xa1, 0x9e, 0xfe, 0x80, 0x3b, 0xfe,
    0x30, 0xc, 0x2e, 0x20, 0x1f, 0xfd, 0x3a, 0x8b,
    0x0, 0xff, 0xe9, 0xe0, 0x60, 0x7, 0xff, 0x3c,

    /* U+FD38 "ﴸ" */
    0x0, 0xff, 0xe4, 0xa7, 0xb8, 0x7, 0xff, 0x4c,
    0xc3, 0x40, 0x3f, 0xfa, 0x6f, 0x74, 0x1, 0xff,
    0xd2, 0xcd, 0x5c, 0xd1, 0x0, 0xff, 0xe8, 0x11,
    0xc, 0xc4, 0x1, 0xff, 0xd1, 0xcc, 0x16, 0xe8,
    0x40, 0x3f, 0xfa, 0x4, 0x60, 0x44, 0x0, 0xff,
    0x57, 0xfb, 0xad, 0xc4, 0x3, 0xff, 0x8e, 0xf4,
    0x60, 0x1f, 0x85, 0x23, 0xa9, 0x0, 0x38, 0x54,
    0x80, 0x21, 0x75, 0x0, 0xb1, 0x54, 0x1, 0xd7,
    0xfe, 0xec, 0x71, 0x5b, 0xf7, 0x0, 0x96, 0xb4,
    0x2, 0x58, 0xa0, 0x8, 0x43, 0x80, 0x38, 0x40,
    0x2, 0x70, 0xc0, 0x17, 0x0, 0x58, 0x6, 0x1,
    0x18, 0x10, 0x4, 0x60, 0x60, 0x1f, 0xcd, 0xae,
    0x0, 0x8b, 0x0, 0x94, 0x1c, 0x2, 0xb0, 0x10,
    0x8, 0xc1, 0x4, 0x2, 0x46, 0x8c, 0xf9, 0x21,
    0x30, 0x9a, 0x66, 0x51, 0x2, 0x43, 0x49, 0x81,
    0xc2, 0xc2, 0x80, 0x31, 0x90, 0x26, 0x4e, 0x60,
    0x31, 0xdc, 0x11, 0x3c, 0xc9, 0x40, 0x41, 0xe5,
    0x80, 0x41, 0xe9, 0xc1, 0x80, 0xa6, 0xd4, 0x80,
    0x9a, 0xb9, 0xc0, 0xb1, 0x44, 0x0, 0x4f, 0xec,
    0x20, 0x2b, 0xec, 0x20, 0x2f, 0x38, 0x80, 0x2c,

    /* U+FD39 "ﴹ" */
    0x0, 0xff, 0xe4, 0xa7, 0xb8, 0x7, 0xff, 0x4c,
    0xc3, 0x40, 0x3f, 0xf8, 0x13, 0xe8, 0x1, 0xff,
    0xc4, 0x7b, 0xa0, 0xf, 0xfe, 0x3, 0x6, 0x0,
    0x7f, 0xf0, 0xf3, 0x57, 0x34, 0x40, 0x3f, 0xd6,
    0xf2, 0x1, 0xff, 0xc3, 0x22, 0x19, 0x88, 0x3,
    0xfe, 0x48, 0x10, 0xf, 0xfe, 0x1e, 0x60, 0xb7,
    0x42, 0x1, 0xff, 0xd0, 0x23, 0x2, 0x20, 0x7,
    0xfa, 0xbf, 0xdd, 0x6e, 0x20, 0x1f, 0xfc, 0x77,
    0xa3, 0x0, 0xfc, 0x29, 0x1d, 0x48, 0x1, 0xc2,
    0xa4, 0x1, 0xb, 0xa8, 0x5, 0x8a, 0xa0, 0xe,
    0xbf, 0xf7, 0x63, 0x8a, 0xdf, 0xb8, 0x4, 0xb5,
    0xa0, 0x12, 0xc5, 0x0, 0x42, 0x1c, 0x1, 0xc2,
    0x0, 0x13, 0x86, 0x0, 0xb8, 0x2, 0xc0, 0x30,
    0x8, 0xc0, 0x80, 0x23, 0x3, 0x0, 0xfe, 0x6d,
    0x70, 0x4, 0x58, 0x4, 0xa0, 0xe0, 0x15, 0x80,
    0x80, 0x46, 0x8, 0x20, 0x12, 0x34, 0x67, 0xc9,
    0x9, 0x84, 0xd3, 0x32, 0x88, 0x12, 0x1a, 0x4c,
    0xe, 0x16, 0x14, 0x1, 0x8c, 0x81, 0x32, 0x73,
    0x1, 0x8e, 0xe0, 0x89, 0xe6, 0x4a, 0x2, 0xf,
    0x2c, 0x2, 0xf, 0x4e, 0xc, 0x5, 0x36, 0xa4,
    0x4, 0xd5, 0xce, 0x5, 0x8a, 0x20, 0x2, 0x7f,
    0x61, 0x1, 0x5f, 0x61, 0x1, 0x79, 0xc4, 0x1,
    0x60,

    /* U+FD3A "ﴺ" */
    0x0, 0xff, 0xe0, 0xa7, 0xf8, 0x40, 0x3f, 0xf9,
    0xae, 0x0, 0x30, 0xf, 0xfe, 0x68, 0x80, 0x7f,
    0xf4, 0xc4, 0x3, 0xff, 0x9a, 0x60, 0x7, 0x0,
    0xff, 0xf1, 0x12, 0x8, 0x7, 0x8, 0x0, 0x40,
    0x63, 0x7f, 0xa4, 0x3, 0xfa, 0xb6, 0xf9, 0x40,
    0x3f, 0x37, 0x39, 0x0, 0xb6, 0x0, 0x7d, 0x4a,
    0x1, 0x51, 0x0, 0x7a, 0x24, 0x5, 0xe5, 0x0,
    0xd0, 0x3, 0x95, 0x41, 0x7a, 0x21, 0x60, 0x1e,
    0x20, 0x5f, 0x86, 0xb1, 0xc, 0x0, 0xe8, 0x7,
    0x42, 0x80, 0x61, 0x0, 0x84, 0x0, 0xb4, 0x20,
    0x11, 0x0, 0x80, 0x65, 0x20, 0x41, 0x6, 0x0,
    0x48, 0x0, 0x44, 0x7, 0x40, 0x19, 0x8c, 0x3c,
    0x2, 0x5b, 0x0, 0x1e, 0x3c, 0x0, 0x1e, 0x5a,
    0x80, 0x16, 0xad, 0x15, 0xd2, 0x0, 0xe6, 0x40,
    0x81, 0x15, 0x89, 0x43, 0x80, 0x4d, 0x28, 0x0,
    0x8a, 0x97, 0x51, 0x0, 0x9e, 0x6d, 0xc, 0xd8,
    0x9e, 0xc2, 0xd, 0xca, 0x1, 0xfc, 0x4b, 0x76,
    0x62, 0x1, 0x60,

    /* U+FD3B "ﴻ" */
    0x0, 0xff, 0xe0, 0xa7, 0xf8, 0x40, 0x3f, 0xf9,
    0xae, 0x0, 0x30, 0xf, 0xfe, 0x68, 0x80, 0x71,
    0x76, 0x0, 0x7f, 0xf2, 0xc4, 0x0, 0xe2, 0x64,
    0x1, 0xff, 0xc7, 0x30, 0x3, 0x80, 0x15, 0xe4,
    0x80, 0x3f, 0xf9, 0xd0, 0xc0, 0x1f, 0xfc, 0x2,
    0x41, 0x0, 0xe1, 0x0, 0x8, 0xc, 0x6f, 0xf4,
    0x80, 0x7f, 0x56, 0xdf, 0x28, 0x7, 0xe6, 0xe7,
    0x20, 0x16, 0xc0, 0xf, 0xa9, 0x40, 0x2a, 0x20,
    0xf, 0x44, 0x80, 0xbc, 0xa0, 0x1a, 0x0, 0x72,
    0xa8, 0x2f, 0x44, 0x2c, 0x3, 0xc4, 0xb, 0xf0,
    0xd6, 0x21, 0x80, 0x1d, 0x0, 0xe8, 0x50, 0xc,
    0x20, 0x10, 0x80, 0x16, 0x84, 0x2, 0x20, 0x10,
    0xc, 0xa4, 0x8, 0x20, 0xc0, 0x9, 0x0, 0x8,
    0x80, 0xe8, 0x3, 0x31, 0x87, 0x80, 0x4b, 0x60,
    0x3, 0xc7, 0x80, 0x3, 0xcb, 0x50, 0x2, 0xd5,
    0xa2, 0xba, 0x40, 0x1c, 0xc8, 0x10, 0x22, 0xb1,
    0x28, 0x70, 0x9, 0xa5, 0x0, 0x11, 0x52, 0xea,
    0x20, 0x13, 0xcd, 0xa1, 0x9b, 0x13, 0xd8, 0x41,
    0xb9, 0x40, 0x3f, 0x89, 0x6e, 0xcc, 0x40, 0x2c,

    /* U+FD3C "ﴼ" */
    0x0, 0xfc, 0x20, 0x1c, 0x93, 0xd1, 0x7f, 0x41,
    0xf6, 0xb3, 0x62, 0x2, 0x15, 0xb5, 0x96, 0x1,
    0xa7, 0x60, 0x68, 0xc1, 0xc1, 0x33, 0xa8, 0xc4,
    0x4, 0x20, 0xc0, 0x3f, 0xf8, 0x1e, 0x6, 0x1,
    0xf8, 0x40, 0x3c, 0x20, 0x1f, 0x8c, 0x3, 0xfe,
    0x10, 0xe, 0x10, 0x1, 0x0, 0x73, 0x0, 0x3d,
    0x94, 0x2, 0x22, 0x1, 0xcd, 0x38, 0x5, 0x8a,
    0x20, 0x3, 0x0, 0x0,

    /* U+FD3D "ﴽ" */
    0x0, 0xfc, 0x20, 0x18, 0x56, 0xb9, 0xef, 0xe8,
    0xba, 0x82, 0x1c, 0x40, 0x7, 0x76, 0x2b, 0x70,
    0x0, 0x9d, 0x5a, 0x53, 0x98, 0x0, 0xef, 0xb1,
    0xc4, 0x0, 0xe2, 0xa2, 0x1, 0xff, 0xc0, 0x10,
    0x10, 0xf, 0xfe, 0x1f, 0x81, 0x80, 0x7f, 0xf0,
    0xc4, 0x3, 0xfc, 0x20, 0x1e, 0x30, 0xf, 0xfe,
    0x2b, 0xbc, 0x1, 0xe0,

    /* U+FD3E "﴾" */
    0x0, 0xeb, 0xf7, 0x0, 0xca, 0x84, 0xe0, 0x1a,
    0x2, 0xc0, 0x32, 0x10, 0x30, 0x6, 0xe0, 0x50,
    0xe, 0x40, 0xc0, 0xc, 0x62, 0x4, 0x1, 0xa3,
    0xa8, 0xc0, 0x7, 0x6b, 0x53, 0x54, 0x19, 0xa5,
    0xb9, 0xac, 0x79, 0xa5, 0xb9, 0xac, 0x73, 0xb5,
    0xa9, 0xaa, 0x8, 0x2, 0x3a, 0x8c, 0x3, 0x18,
    0x81, 0x0, 0x72, 0x6, 0x0, 0x77, 0x2, 0x80,
    0x72, 0x10, 0x30, 0x7, 0x40, 0x58, 0x7, 0x2a,
    0x13, 0x80,

    /* U+FD3F "﴿" */
    0xc, 0xf6, 0x0, 0xf7, 0x84, 0x88, 0x7, 0x1a,
    0x4, 0x80, 0x7b, 0xc1, 0xc0, 0x3c, 0x80, 0x4,
    0x0, 0xf2, 0x6, 0x0, 0x78, 0x81, 0x40, 0x3c,
    0x5f, 0x6c, 0x1, 0x25, 0xad, 0xd5, 0xd0, 0x87,
    0xd2, 0xdc, 0xd6, 0xa0, 0x7d, 0x2d, 0xcd, 0x6a,
    0x2, 0x5a, 0xdd, 0x5d, 0x8, 0x4, 0x5f, 0x6c,
    0x1, 0xca, 0xa, 0x1, 0xe3, 0xc, 0x0, 0xe5,
    0x0, 0x20, 0x7, 0x70, 0x38, 0x7, 0x1a, 0x4,
    0x80, 0x77, 0x84, 0x88, 0x6,

    /* U+FD40 "﵀" */
    0x0, 0xff, 0xe1, 0x42, 0x80, 0x7f, 0xf4, 0x3c,
    0x3, 0xff, 0xa0, 0x28, 0xc, 0x1, 0xff, 0xce,
    0x59, 0xf2, 0xc, 0x41, 0xc2, 0x0, 0xff, 0xe4,
    0x27, 0x92, 0x1, 0x90, 0x18, 0x80, 0x7f, 0xf1,
    0x4b, 0xcc, 0x9, 0x40, 0x2, 0x20, 0xf, 0xfe,
    0x30, 0xd6, 0x83, 0x80, 0x71, 0x80, 0x80, 0x7f,
    0xf1, 0x74, 0x70, 0x2, 0x13, 0x0, 0xbc, 0x0,
    0xe0, 0x1f, 0xfc, 0x33, 0xd2, 0x1, 0x3, 0x10,
    0x0, 0x80, 0x7f, 0xf1, 0xd6, 0x78, 0x30, 0x8,
    0xc, 0x4, 0x2, 0x10, 0xf, 0xf8, 0x40, 0x2a,
    0xdc, 0x86, 0xf8, 0xc, 0xf3, 0xa0, 0xf, 0xfe,
    0x1, 0x4f, 0x20, 0x4, 0x46, 0xfd, 0x9b, 0xfb,
    0xae, 0x20, 0xc4, 0x0, 0xfc, 0x9a, 0xc0, 0x1f,
    0x84, 0xc8, 0x8, 0x80, 0x1, 0x31, 0x0, 0xfd,
    0x49, 0xa0, 0x20, 0x1f, 0x93, 0xbd, 0x80, 0x1d,
    0xfd, 0x26, 0x0, 0x1c, 0x30, 0x1c, 0x30, 0x30,
    0xf, 0x86, 0x99, 0xe4, 0x42, 0xed, 0xb, 0x94,
    0x2, 0x2b, 0x7, 0x8e, 0xa, 0x54, 0x4f, 0x50,
    0x96, 0x86, 0xa8, 0xe5, 0x13, 0xc8, 0x1, 0x4c,
    0x23, 0x72, 0x86, 0xae, 0xfc, 0xb4, 0x34, 0x63,
    0x56, 0x97, 0xd0, 0x60, 0x3, 0x20, 0x1, 0x1a,
    0xef, 0xff, 0xdc, 0xb7, 0xf9, 0xbf, 0xd8, 0xe0,
    0x1a, 0x52, 0xc0, 0x3f, 0xf9, 0xa3, 0xef, 0x84,
    0x1, 0xff, 0xcd, 0x1b, 0xe3, 0x0,

    /* U+FD41 "﵁" */
    0x0, 0xff, 0xe3, 0x68, 0x7, 0xff, 0xfc, 0x2,
    0x3b, 0x71, 0x0, 0xff, 0xec, 0x28, 0xf0, 0xaf,
    0x84, 0x60, 0x7, 0xff, 0x4d, 0xb3, 0x0, 0x1b,
    0xc0, 0x3f, 0xfa, 0x2f, 0x60, 0x5, 0x20, 0x10,
    0x8, 0x40, 0x3f, 0xf9, 0xf1, 0x2c, 0x0, 0x30,
    0xc, 0x22, 0x0, 0xff, 0xe7, 0xeb, 0x99, 0x80,
    0x2f, 0x7, 0x0, 0xff, 0xe8, 0xa9, 0x6d, 0x80,
    0x42, 0x0, 0x10, 0x30, 0x30, 0xf, 0xfe, 0x69,
    0x88, 0x0, 0x40, 0x21, 0x0, 0xc6, 0x1, 0xff,
    0xce, 0x70, 0xd9, 0x3, 0x1, 0x42, 0x40, 0x30,
    0x10, 0xf, 0xfe, 0x31, 0x0, 0x42, 0x0, 0x1e,
    0xcd, 0x3c, 0xf0, 0x1d, 0x95, 0x10, 0xf, 0x8f,
    0xc4, 0x3, 0xf8, 0xf5, 0x0, 0x7c, 0x40, 0x23,
    0x2c, 0xdd, 0xb3, 0x75, 0x40, 0x98, 0x1, 0xc7,
    0x82, 0x1, 0xf0, 0xde, 0x0, 0x43, 0xc2, 0x3,
    0x7f, 0xe0, 0x22, 0x0, 0x8, 0x80, 0x1, 0x30,
    0xc, 0x57, 0x9c, 0x80, 0x1e, 0xd6, 0xa0, 0x10,
    0x5, 0x98, 0x4a, 0xd6, 0x0, 0x7f, 0xcc, 0xe0,
    0x78, 0x16, 0xb2, 0x0, 0xa7, 0x0, 0x1d, 0x20,
    0x18, 0xa, 0x0, 0x3c, 0x94, 0xc0, 0x6, 0x1,
    0xfa, 0xbc, 0x75, 0x2d, 0x30, 0xc0, 0x19, 0x20,
    0x6, 0x8e, 0xb, 0x7a, 0x8, 0x70, 0x3c, 0xbe,
    0x1c, 0x40, 0xb, 0x69, 0xe4, 0xdb, 0x47, 0x5e,
    0xa1, 0x80, 0x4, 0x20, 0x9, 0xdc, 0xb0, 0x86,
    0x85, 0x88, 0xb, 0x9e, 0x10, 0x28, 0x4, 0xaa,
    0x86, 0x77, 0x10, 0x44, 0x1a, 0x20, 0x0, 0xd2,
    0x0, 0x88, 0xd3, 0x7f, 0x5f, 0xbf, 0xdd, 0x70,
    0x42, 0x16, 0x42, 0x2d, 0x18, 0xf8, 0x9e, 0xff,
    0xb1, 0xc0, 0xa9, 0xa4, 0x3, 0xff, 0x8a, 0x52,
    0xbb, 0xdc, 0xa7, 0x70, 0x7, 0xfb, 0x9b, 0x10,
    0x3, 0xff, 0x8c, 0xdf, 0x99, 0x7c, 0x80, 0x7f,
    0xdb, 0x86, 0x1, 0xff, 0xc9, 0xc4, 0xd0, 0xf,
    0xfe, 0x8, 0x80, 0x7f, 0xf2, 0xf1, 0xf0, 0x3,
    0xff, 0x8c,

    /* U+FD42 "﵂" */
    0x0, 0xff, 0xe4, 0x68, 0x7, 0xff, 0xfc, 0x3,
    0xf9, 0x2e, 0x4, 0x3, 0xff, 0xb6, 0x5c, 0x22,
    0x5f, 0x8, 0xc0, 0xf, 0xfe, 0xb3, 0x1e, 0x80,
    0x7f, 0xf6, 0x5e, 0xc0, 0xa, 0x40, 0x20, 0xf,
    0x10, 0xf, 0xfe, 0x94, 0x4b, 0x0, 0xc, 0x40,
    0x21, 0x0, 0xff, 0xe9, 0xeb, 0x98, 0x7, 0x9c,
    0x0, 0x20, 0x1f, 0xfd, 0x15, 0x2d, 0xb3, 0x0,
    0xf, 0x80, 0x46, 0x6, 0x1, 0xff, 0xd0, 0x31,
    0x0, 0xf0, 0x80, 0x80, 0x7f, 0xf2, 0x30, 0xc0,
    0x3f, 0xce, 0x1b, 0x22, 0x60, 0x2a, 0x2c, 0x6,
    0x61, 0x0, 0xff, 0xe2, 0x1b, 0x0, 0x7e, 0x10,
    0x1e, 0xcd, 0x3c, 0xf0, 0x1e, 0xb5, 0x10, 0xf,
    0xef, 0x30, 0xf, 0x84, 0xc0, 0x3f, 0x62, 0x0,
    0xc, 0xb3, 0x77, 0xd4, 0x9, 0x80, 0x1f, 0x61,
    0x80, 0x7f, 0xc5, 0xbe, 0x60, 0xd, 0x40, 0x4,
    0xff, 0x80, 0x80, 0x4, 0x40, 0x0, 0x98, 0x7,
    0xd, 0x67, 0xb0, 0x7, 0x8c, 0x40, 0x1e, 0xe9,
    0x40, 0x8, 0x60, 0x56, 0xac, 0x20, 0xf, 0xf2,
    0x48, 0xe, 0x35, 0xbc, 0x80, 0x1e, 0x80, 0x3,
    0xe0, 0x85, 0x6c, 0x20, 0x6, 0x0, 0x8, 0x0,
    0x5c, 0x1c, 0xc0, 0x22, 0x0, 0xb4, 0x83, 0x47,
    0x13, 0x0, 0x41, 0x14, 0x41, 0xd5, 0xfc, 0x34,
    0x88, 0xf4, 0x36, 0xe6, 0x35, 0xb0, 0x50, 0xc0,
    0x17, 0xec, 0xc3, 0x26, 0x1a, 0x3c, 0xd2, 0x8,
    0x10, 0x10, 0x79, 0xc2, 0x1, 0x82, 0xc2, 0x40,
    0x44, 0x0, 0xdf, 0x8, 0x4, 0x2, 0x53, 0x67,
    0x58, 0x10, 0x78, 0x46, 0xb0, 0x3, 0x81, 0x82,
    0x77, 0xd8, 0x55, 0x3, 0xb8, 0xfb, 0xfe, 0xec,
    0x83, 0x2, 0x83, 0x11, 0x61, 0x2f, 0xd3, 0xef,
    0xfd, 0xb0, 0x3, 0x13, 0x20, 0xe, 0x45, 0xaa,
    0x10, 0x80, 0x7f, 0xb8, 0x73, 0xb9, 0x6f, 0x60,
    0x1f, 0xe9, 0x5a, 0x60, 0xf, 0x56, 0xe6, 0x80,
    0x7f, 0xc7, 0xb9, 0x97, 0xd8, 0x80, 0x7f, 0xa3,
    0x54, 0x3, 0xf1, 0x18, 0x7, 0xff, 0xb, 0x93,
    0x4, 0x3, 0xff, 0xb7, 0xef, 0x82, 0x1, 0xff,
    0xc5,

    /* U+FD43 "﵃" */
    0x0, 0xff, 0xe5, 0x49, 0x80, 0x7f, 0xf8, 0x9c,
    0x3, 0xff, 0xc0, 0x5a, 0x4a, 0x1, 0xff, 0xdf,
    0xa3, 0xc7, 0x0, 0xff, 0xef, 0xe7, 0x51, 0x6,
    0x19, 0x60, 0x7, 0xff, 0x69, 0x3e, 0x0, 0x6,
    0xe2, 0x62, 0x1, 0xff, 0xd6, 0x5f, 0x10, 0xf4,
    0x0, 0x84, 0x40, 0x60, 0x1f, 0xfd, 0x43, 0xda,
    0x3, 0x1, 0x0, 0xc6, 0x1, 0xff, 0xd7, 0xd4,
    0xc0, 0x10, 0xf1, 0x0, 0x8, 0x18, 0x7, 0xff,
    0x54, 0x45, 0xce, 0xe, 0x1, 0xc6, 0x20, 0x1,
    0x0, 0xff, 0xe9, 0x8b, 0xcd, 0x86, 0xe, 0x92,
    0x11, 0x88, 0x80, 0x3f, 0xfa, 0xa3, 0x1d, 0xf4,
    0x9e, 0x31, 0x38, 0x8c, 0x2, 0x1, 0xfd, 0xe8,
    0x1, 0xff, 0xc9, 0xd4, 0x0, 0x2e, 0x75, 0xbe,
    0xf5, 0x0, 0x38, 0xc0, 0x3f, 0x62, 0x0, 0x7f,
    0x4f, 0xe0, 0x4, 0x5b, 0xe6, 0x0, 0xc4, 0x0,
    0x4f, 0xf8, 0xc0, 0x3f, 0xf8, 0x43, 0x39, 0xee,
    0x1, 0xf6, 0x3d, 0x12, 0x0, 0x3d, 0xd2, 0x40,
    0x10, 0xc0, 0xad, 0x58, 0x60, 0x1f, 0xe3, 0x90,
    0x1c, 0x5b, 0x78, 0x10, 0x7a, 0x0, 0x41, 0xba,
    0xb7, 0x1, 0x95, 0xb9, 0x80, 0x18, 0x0, 0x20,
    0x1, 0x70, 0x74, 0x0, 0x88, 0x2, 0xa2, 0xd,
    0x1c, 0x4b, 0x0, 0x91, 0x44, 0x18, 0xda, 0x8d,
    0x62, 0x1, 0xa6, 0x4f, 0x23, 0x6e, 0x63, 0x5b,
    0x5, 0x24, 0x1, 0x76, 0xcc, 0x32, 0x59, 0xab,
    0xce, 0x98, 0x81, 0x81, 0x0, 0xcc, 0x91, 0x4d,
    0xd0, 0xc, 0x12, 0x1d, 0xc3, 0x10, 0x3, 0x7c,
    0x21, 0x30, 0xa, 0xcd, 0x9d, 0x61, 0x81, 0xa1,
    0x1b, 0x0, 0xc, 0x4, 0x1, 0x37, 0x73, 0x3e,
    0xc2, 0xac, 0x3b, 0x91, 0x9f, 0xee, 0xc8, 0x30,
    0x28, 0x31, 0x11, 0x92, 0x7d, 0x3e, 0xff, 0xdb,
    0x0, 0x31, 0x30, 0x20, 0x7a, 0x1, 0xc8, 0xd5,
    0x62, 0x20, 0xf, 0xf7, 0x6, 0x77, 0x2d, 0xe8,
    0x3, 0xfd, 0x2d, 0x4e, 0x0, 0x53, 0x0, 0xf4,
    0xee, 0x70, 0x7, 0xfc, 0x7b, 0xab, 0xcf, 0xb1,
    0x0, 0xff, 0x47, 0x28, 0x5, 0x58, 0x1, 0xf1,
    0x18, 0x7, 0xff, 0xb, 0xcf, 0x8, 0x3, 0xff,
    0x8c, 0x6e, 0x1, 0xff, 0xcb, 0xf7, 0xc2, 0x0,
    0xff, 0xe2, 0x80,

    /* U+FD44 "﵄" */
    0x0, 0xff, 0xe5, 0xb3, 0x0, 0x3f, 0xfc, 0x66,
    0x1, 0xff, 0xe4, 0x73, 0x80, 0xf, 0xff, 0xa,
    0x2c, 0xf0, 0x7, 0xff, 0x85, 0xb7, 0x4c, 0x14,
    0xa1, 0x86, 0x1, 0xff, 0xdb, 0x2e, 0xb0, 0x3,
    0x90, 0x1b, 0x80, 0x7f, 0xf6, 0x7, 0xd0, 0x9,
    0x40, 0x3, 0xe0, 0x1, 0x0, 0xff, 0xeb, 0xcf,
    0x0, 0x81, 0x80, 0x4e, 0x20, 0x20, 0x1f, 0xfd,
    0x7a, 0x5c, 0x13, 0x1, 0x0, 0xf8, 0xc0, 0x3f,
    0xfa, 0xc8, 0x82, 0x1, 0x0, 0x84, 0x4, 0xc0,
    0xc0, 0x3f, 0xfa, 0xee, 0xee, 0x1d, 0x1, 0x4,
    0x6, 0x30, 0x0, 0x80, 0x7f, 0xf1, 0xb0, 0xc0,
    0x3f, 0xf8, 0x53, 0xb9, 0x4d, 0xd0, 0xf1, 0xcf,
    0x60, 0xc2, 0x1, 0xff, 0xc6, 0x36, 0x0, 0xff,
    0xe1, 0x99, 0x97, 0x3b, 0x63, 0x7a, 0xc8, 0x2d,
    0x80, 0x3f, 0x97, 0x80, 0x3e, 0x13, 0x0, 0xff,
    0xe1, 0x1f, 0x80, 0x7f, 0xf2, 0x97, 0x40, 0x3f,
    0xe2, 0xdf, 0x40, 0x9, 0xbf, 0x0, 0x7, 0xc0,
    0x2, 0xcf, 0xd0, 0xf, 0xfe, 0x19, 0xe6, 0x34,
    0x80, 0x38, 0xc4, 0x1, 0xc8, 0xd2, 0x0, 0x39,
    0x91, 0xa0, 0x3, 0x8, 0x20, 0x2f, 0xc0, 0x3f,
    0xe8, 0x50, 0x4c, 0x5b, 0x19, 0x0, 0x62, 0x80,
    0xf8, 0x21, 0xd4, 0x12, 0x5, 0x22, 0x1, 0xc0,
    0xce, 0x0, 0xb, 0xa, 0x84, 0x88, 0x4, 0x40,
    0x13, 0x19, 0x5c, 0x4a, 0x2b, 0x80, 0x13, 0x81,
    0xd5, 0xe4, 0x36, 0x42, 0x9d, 0x1b, 0x2, 0xdf,
    0xc2, 0xdc, 0x89, 0xb9, 0x28, 0xc2, 0x0, 0x2d,
    0xb8, 0xa1, 0xbf, 0x10, 0x8b, 0x6a, 0x0, 0x72,
    0x87, 0x9c, 0x5, 0xab, 0x98, 0x41, 0x10, 0x41,
    0xe0, 0x61, 0x21, 0xc5, 0x23, 0x48, 0x3, 0x1a,
    0xa3, 0xa4, 0xb9, 0x8c, 0x3b, 0xa9, 0x80, 0x1a,
    0xa0, 0x9d, 0xfa, 0x97, 0xf9, 0xde, 0xc3, 0xac,
    0x9f, 0xaf, 0xdf, 0xee, 0xb7, 0x15, 0x9, 0x21,
    0x3c, 0xa, 0xe6, 0xae, 0xff, 0xb1, 0x40, 0xed,
    0x24, 0x3, 0xfe, 0x83, 0xd6, 0x20, 0xf, 0xf1,
    0xc3, 0x6f, 0x6c, 0x3a, 0x80, 0x7f, 0xb4, 0x34,
    0x80, 0x3f, 0xe1, 0xdc, 0xd9, 0x0, 0xff, 0x9f,
    0xf3, 0x1b, 0xd0, 0x1, 0xff, 0x7d, 0x90, 0x7,
    0xff, 0x8, 0xc8, 0x3, 0xff, 0x82, 0x58, 0x9c,
    0x1, 0xff, 0xc1, 0x10, 0xf, 0xfe, 0x99, 0x6b,
    0xf0, 0x7, 0xff, 0x14,

    /* U+FD45 "﵅" */
    0x0, 0xff, 0xe5, 0x60, 0x7, 0xff, 0x90, 0x40,
    0x3f, 0xfc, 0x5a, 0x82, 0x1, 0xff, 0xe0, 0x79,
    0x25, 0x0, 0xff, 0xf0, 0x10, 0x1, 0xf, 0xc5,
    0xb8, 0x3, 0xff, 0xb2, 0x40, 0xa4, 0x1, 0xff,
    0xdf, 0x8c, 0x0, 0x37, 0x0, 0x81, 0x98, 0x40,
    0x3f, 0xfa, 0xc9, 0xce, 0x20, 0x7, 0x0, 0xc2,
    0x1, 0xff, 0xd7, 0x2b, 0x9a, 0x0, 0x84, 0xc0,
    0xc0, 0x2, 0x1, 0xff, 0xd6, 0x70, 0x51, 0x1,
    0x0, 0x8, 0x8, 0x38, 0x7, 0xff, 0x5d, 0xb,
    0x6c, 0x14, 0x5, 0x44, 0x81, 0xc0, 0x3f, 0xfa,
    0xe3, 0xb9, 0xab, 0x7e, 0xa5, 0xda, 0x66, 0x70,
    0x10, 0xf, 0xfe, 0x48, 0x80, 0x7f, 0xf0, 0x8,
    0x95, 0xba, 0xec, 0xdd, 0x60, 0x1e, 0x8, 0x7,
    0xf3, 0x60, 0x7, 0xf0, 0xf8, 0x80, 0x7f, 0x93,
    0x0, 0x4, 0x40, 0x1, 0x10, 0x2, 0x30, 0xf,
    0xf3, 0x78, 0x7, 0xf0, 0xf0, 0x80, 0x74, 0x7d,
    0x80, 0x13, 0x40, 0x7, 0xbf, 0x60, 0x1f, 0xfc,
    0x34, 0xdc, 0xd2, 0x0, 0xff, 0x43, 0x80, 0x11,
    0xe5, 0x8, 0x7, 0x0, 0x1e, 0xd7, 0x20, 0x1f,
    0xf4, 0xa0, 0x35, 0xad, 0x85, 0x80, 0x38, 0xc1,
    0xd0, 0x2, 0xfa, 0x0, 0x7b, 0x10, 0x18, 0x21,
    0x80, 0x1d, 0xcc, 0xc4, 0x19, 0x0, 0xc2, 0x1,
    0x30, 0x1c, 0xca, 0x11, 0x8c, 0x0, 0x92, 0x12,
    0x40, 0x11, 0x94, 0xba, 0xaa, 0xc2, 0x5e, 0x2,
    0x5c, 0x8f, 0x6f, 0xdd, 0xc0, 0x12, 0x75, 0xc5,
    0x84, 0xe9, 0xc, 0x62, 0x78, 0x0, 0x98, 0x4,
    0xc0, 0x21, 0x4, 0x81, 0x30, 0x3, 0xc0, 0xbb,
    0xa1, 0x89, 0x66, 0xc4, 0xc0, 0x26, 0x54, 0x75,
    0x97, 0x2, 0x86, 0x7a, 0x50, 0x2, 0xa8, 0xa,
    0x4c, 0x4e, 0xb, 0x7d, 0xf, 0x51, 0xbf, 0x23,
    0xbf, 0xdb, 0x4c, 0x6, 0x50, 0x42, 0x18, 0x19,
    0xcd, 0x5d, 0xfe, 0xeb, 0x50, 0x4c, 0x38, 0xe,
    0x1c, 0xec, 0xf, 0x0, 0x49, 0x6a, 0x70, 0x7,
    0xf9, 0x1d, 0xdb, 0xdb, 0x10, 0x30, 0xf, 0xf5,
    0xb7, 0x88, 0x1e, 0xeb, 0x37, 0x44, 0x0, 0x2e,
    0xcd, 0x70, 0xf, 0xfa, 0x3f, 0x2f, 0x79, 0xc0,
    0x3f, 0xee, 0xa1, 0x0, 0xc4, 0x64, 0x1, 0xe3,
    0x20, 0xf, 0xfe, 0xa, 0x6e, 0x40, 0x7, 0xff,
    0x4, 0x40, 0x3f, 0xfa, 0x49, 0x93, 0x60, 0x1f,
    0xfc, 0x50,

    /* U+FD46 "﵆" */
    0x0, 0xc6, 0xc8, 0x1, 0xff, 0xc7, 0x4f, 0x50,
    0xf, 0xf8, 0x58, 0x3, 0xc9, 0x83, 0x61, 0x60,
    0x16, 0x1, 0xb, 0xc0, 0x80, 0x65, 0xa3, 0xe0,
    0x8, 0x4a, 0x18, 0x6, 0x5, 0xe5, 0xc0, 0x29,
    0x31, 0x0, 0x84, 0x40, 0x8, 0x60, 0x10, 0xd,
    0x19, 0x0, 0x80, 0xe0, 0xe0, 0x3, 0x30, 0x8,
    0x0, 0x44, 0xeb, 0x5b, 0x8a, 0x1e, 0xb, 0x8b,
    0x88, 0x50, 0x15, 0xad, 0xa9, 0xde, 0xfd, 0x72,
    0x4, 0xdb, 0x93, 0x84, 0x41, 0x22, 0x45, 0x62,
    0x4d, 0x6d, 0xd9, 0x1, 0x7b, 0xc0, 0x2f, 0x9c,
    0xbf, 0x52, 0x0, 0xea, 0xb0, 0x4, 0xf3, 0x84,
    0x81, 0xde, 0x59, 0x5d, 0x0, 0x65, 0x2b, 0x0,
    0x3d, 0x88, 0x20, 0x80, 0x65, 0xb8, 0x45, 0x20,
    0x62, 0x3, 0xb, 0xb2, 0xea, 0xee, 0xfb, 0x2f,
    0x2a, 0x77, 0x9e, 0x9c, 0x2, 0x8d, 0x8c, 0xdd,
    0xd9, 0x8b, 0x8f, 0xbc, 0xdd, 0x52, 0x0, 0x7f,
    0x64, 0x90, 0x4, 0xe3, 0x81, 0x1c, 0x40, 0x77,
    0x80, 0x1d, 0x92, 0x40, 0x13, 0x98, 0x1, 0x2a,
    0x81, 0xda, 0x20, 0x1f, 0xf0, 0x80, 0x68, 0x10,
    0x58, 0x30, 0xf, 0xf9, 0x8c, 0x1, 0x97, 0xa1,
    0x1d, 0xb3, 0x2a, 0xa5, 0xdf, 0x66, 0xd8, 0xb0,
    0xd8, 0x20,

    /* U+FD47 "﵇" */
    0x0, 0xff, 0xf9, 0xa5, 0xc8, 0x7, 0xff, 0x53,
    0x8, 0x3, 0x35, 0xd0, 0x7, 0x5a, 0x81, 0xe0,
    0x7, 0xff, 0x28, 0xd8, 0x3, 0x3c, 0x59, 0x80,
    0x66, 0x20, 0x73, 0x0, 0xff, 0xe3, 0x49, 0x0,
    0x42, 0x1, 0xb4, 0x88, 0x60, 0x1d, 0xe0, 0xe0,
    0x1f, 0xfc, 0x7f, 0xc3, 0x0, 0xfa, 0x2a, 0x80,
    0x1c, 0x20, 0x18, 0x40, 0x3f, 0xf8, 0xf, 0xfe,
    0x60, 0x69, 0xd2, 0x3, 0x0, 0xfc, 0xac, 0x0,
    0x71, 0x0, 0xff, 0xe1, 0x8c, 0xc9, 0xe4, 0x41,
    0xdd, 0x80, 0x20, 0xb, 0x30, 0x88, 0x1, 0x50,
    0x7, 0x8, 0x18, 0x7, 0xfc, 0x38, 0x1e, 0xa,
    0x22, 0xc1, 0xd, 0x4, 0x43, 0xa, 0x90, 0x71,
    0x98, 0x1c, 0x31, 0x40, 0x3f, 0xf8, 0x2b, 0xb7,
    0x60, 0x6f, 0xea, 0x68, 0x5f, 0xb3, 0xae, 0x5,
    0xf6, 0x66, 0x79, 0xd1, 0x78, 0x7, 0xf8, 0xbc,
    0xe5, 0xb7, 0x3c, 0xb3, 0x7a, 0x5f, 0xb3, 0x73,
    0xb7, 0x5d, 0x9f, 0x3d, 0x9e, 0x66, 0xfc, 0x20,
    0xf, 0xd, 0xe8, 0x38, 0xf0, 0x6, 0x22, 0x8,
    0x0, 0x4c, 0x80, 0x48, 0x4, 0xc0, 0x2, 0x60,
    0x18, 0xc2, 0x7f, 0xc2, 0x0, 0xd6, 0xa0, 0x16,
    0xe0, 0xf, 0xfe, 0x41, 0x18, 0x0, 0x7c, 0x19,
    0x93, 0x62, 0x0, 0x3a, 0x40, 0x33, 0x28, 0x7,
    0xff, 0x22, 0xe0, 0x2, 0x10, 0x0, 0xb2, 0x0,
    0x4d, 0x1c, 0x14, 0xe, 0x8a, 0x88, 0x54, 0x42,
    0xa2, 0x7f, 0xcc, 0xd2, 0xa8, 0x9d, 0x4c, 0x32,
    0xb8, 0x1, 0x3b, 0x94, 0x2e, 0x97, 0x57, 0x6a,
    0xbb, 0x55, 0xdf, 0xfd, 0x2c, 0xf5, 0x44, 0x45,
    0x50, 0x0, 0x74, 0x1, 0x11, 0xae, 0xff, 0xff,
    0xf2, 0xa6, 0xbf, 0xd5, 0x4f, 0xf7, 0x64, 0xa0,
    0x7, 0xff, 0x42, 0xdf, 0x90, 0x3, 0xff, 0xb3,
    0x2d, 0x88, 0x1, 0xfe,

    /* U+FD48 "﵈" */
    0x0, 0xff, 0xe7, 0xa, 0xd0, 0x80, 0x7f, 0xf6,
    0x59, 0x0, 0x31, 0x1c, 0x98, 0x6, 0x45, 0x6,
    0x40, 0xf, 0xfe, 0x61, 0x18, 0x3, 0x70, 0x3,
    0x28, 0xc8, 0x80, 0x6d, 0xe0, 0xac, 0x0, 0xff,
    0xe6, 0x46, 0x88, 0x0, 0x40, 0x32, 0xed, 0x18,
    0x6, 0x17, 0x7, 0x0, 0xff, 0xe6, 0xc0, 0x68,
    0x9, 0x80, 0x63, 0xa0, 0xf, 0xf0, 0x80, 0x7f,
    0xf1, 0xdb, 0xfc, 0xc0, 0x5a, 0x70, 0x20, 0x1f,
    0xc5, 0x20, 0xf, 0x10, 0x10, 0xf, 0xfe, 0x38,
    0xcc, 0x9e, 0x44, 0xe, 0x5d, 0x44, 0x0, 0xee,
    0x4, 0xc0, 0x16, 0x0, 0x8c, 0x0, 0x60, 0x1f,
    0xfc, 0x61, 0xe6, 0x90, 0x40, 0x3, 0x18, 0xb8,
    0x2, 0xfc, 0xc, 0x40, 0x40, 0xc0, 0x40, 0x6,
    0x1, 0xff, 0xc7, 0x2d, 0xfe, 0x6, 0x65, 0x61,
    0xa1, 0xcd, 0x1b, 0x44, 0x94, 0xf0, 0x74, 0x59,
    0x0, 0x4, 0x3, 0xff, 0x8d, 0x3, 0x9b, 0x46,
    0x0, 0x5c, 0xb8, 0x20, 0xa9, 0x26, 0xa3, 0x5e,
    0x53, 0x4e, 0xf, 0x66, 0x0, 0x7f, 0xf1, 0x5e,
    0x8c, 0x94, 0x1a, 0xa4, 0xc1, 0xee, 0x95, 0xea,
    0x16, 0xa4, 0x62, 0xe4, 0x81, 0x99, 0xe0, 0x1f,
    0xfc, 0x56, 0xf0, 0xf, 0xff, 0x9, 0x18, 0x7,
    0xff, 0x10, 0x73, 0xd4, 0x3, 0xc2, 0x60, 0x8,
    0xff, 0x18, 0x7, 0xc9, 0xde, 0xd8, 0x1, 0xff,
    0xc5, 0xb0, 0x59, 0x0, 0x9, 0x0, 0x42, 0x6,
    0xf1, 0x66, 0x1, 0xe1, 0xb6, 0x79, 0x4b, 0x0,
    0xff, 0xe1, 0x8a, 0xfe, 0x80, 0x4f, 0xe0, 0x3,
    0x0, 0x38, 0x3a, 0x0, 0x48, 0x93, 0xf8, 0x16,
    0x86, 0xaa, 0x27, 0xff, 0xd, 0x82, 0xe5, 0x95,
    0x56, 0x6c, 0xaa, 0x45, 0x2, 0xd9, 0xe2, 0xa,
    0xbb, 0x4b, 0xe0, 0xd1, 0x95, 0x5d, 0xff, 0xf0,
    0xe0, 0x1c, 0x56, 0xa8, 0xcf, 0x34, 0xd, 0x56,
    0x62, 0x14, 0x41, 0xdf, 0xee, 0x93, 0xbf, 0xce,
    0xff, 0xff, 0xe2, 0x70, 0x3e, 0x6, 0x7d, 0xcf,
    0xfb, 0x27, 0xfd, 0xd9, 0x28, 0x1, 0xff, 0xd0,
    0x18, 0x7c, 0x1, 0x8a, 0xc6, 0x0, 0xff, 0xed,
    0x3f, 0x5f, 0x14, 0xdf, 0x30, 0x7, 0xf8,

    /* U+FD49 "﵉" */
    0x0, 0xff, 0xe5, 0x10, 0x7, 0xff, 0x5e, 0x69,
    0x80, 0x3f, 0xfa, 0x9, 0xe0, 0x1d, 0x59, 0x80,
    0xc, 0x5e, 0x69, 0xe0, 0x1f, 0xfc, 0x45, 0x0,
    0xfe, 0xac, 0x0, 0xe3, 0x0, 0xff, 0xe3, 0x95,
    0x40, 0x38, 0x8, 0x7, 0x74, 0x0, 0x61, 0x7,
    0x70, 0x7, 0xff, 0x10, 0x99, 0xd4, 0x40, 0xc0,
    0x34, 0xa0, 0x7, 0xc2, 0x0, 0x10, 0xf, 0xe1,
    0xcf, 0xc1, 0x9, 0x4b, 0x60, 0xf, 0xf3, 0x98,
    0x6, 0x10, 0xf, 0xfa, 0x2, 0xc6, 0x0, 0x16,
    0x74, 0x2, 0x3, 0x82, 0x16, 0xa1, 0x88, 0x1,
    0x18, 0x0, 0xc0, 0x3f, 0xa7, 0x55, 0x60, 0xa,
    0x44, 0x1c, 0x10, 0xc4, 0x10, 0x2, 0xc0, 0xf,
    0xfe, 0x23, 0xf7, 0x1d, 0xc3, 0x77, 0x20, 0xcd,
    0x58, 0x56, 0x4, 0xd2, 0x22, 0xac, 0x14, 0xc0,
    0x40, 0x3d, 0x46, 0x68, 0x9e, 0xc9, 0x2, 0x25,
    0x5e, 0x20, 0x4e, 0x1a, 0xe2, 0x1d, 0xe1, 0x8d,
    0x8d, 0xa8, 0x80, 0x79, 0x59, 0x80, 0xc2, 0x64,
    0x33, 0x25, 0x2, 0x9a, 0x73, 0x99, 0x1c, 0x4a,
    0x1c, 0xd2, 0xa, 0xd9, 0x0, 0x78, 0x4d, 0x80,
    0x3f, 0xfb, 0x26, 0x6, 0x1, 0xff, 0xc2, 0x6f,
    0xc0, 0xf, 0x8, 0x18, 0x16, 0x7d, 0x80, 0xc,
    0x41, 0x6f, 0xbd, 0x80, 0x3f, 0xc5, 0x30, 0x68,
    0x0, 0x20, 0xc, 0x21, 0x21, 0x70, 0x0, 0x1f,
    0xb, 0x66, 0x3c, 0x88, 0x7, 0xf5, 0x23, 0x80,
    0x6c, 0x50, 0x30, 0x9, 0xd1, 0x6, 0x0, 0x74,
    0x5a, 0x12, 0xd0, 0xd5, 0x44, 0x2a, 0x2a, 0x24,
    0xa1, 0x60, 0x2b, 0x23, 0xea, 0xc1, 0x28, 0x87,
    0x9b, 0xa0, 0xf2, 0xa5, 0xa1, 0xa3, 0x2a, 0xbb,
    0x55, 0xd5, 0xdc, 0x48, 0x80, 0xaa, 0x3b, 0xd5,
    0x2e, 0xeb, 0x71, 0x2c, 0x80, 0x4e, 0xfe, 0x5b,
    0xfc, 0xef, 0xff, 0xe6, 0x1c, 0x64, 0xfe, 0x8d,
    0xfe, 0x8d, 0xff, 0x75, 0xb9, 0x0, 0x7f, 0xf1,
    0xe0, 0xf1, 0x88, 0x3d, 0xb8, 0x3, 0xff, 0xa2,
    0x3b, 0x98, 0x90, 0xc6, 0xc0, 0xf, 0xf0,

    /* U+FD4A "﵊" */
    0x0, 0xf0, 0x98, 0x4, 0x26, 0xce, 0xe2, 0x60,
    0xe, 0x3b, 0x50, 0x3, 0xd5, 0x52, 0xcc, 0x47,
    0x70, 0x60, 0x4d, 0x80, 0x3f, 0xd8, 0x0, 0x48,
    0xaa, 0x4b, 0xa9, 0x1a, 0x18, 0x11, 0xd8, 0x5,
    0xe4, 0x0, 0x21, 0x0, 0xf5, 0x88, 0x9, 0xbb,
    0x90, 0x32, 0xc3, 0x33, 0xfc, 0x5d, 0xa1, 0xa3,
    0xce, 0x1, 0x5e, 0x67, 0xfa, 0xaf, 0x2f, 0x31,
    0x26, 0xe, 0xe1, 0x0, 0x39, 0x83, 0x38, 0x80,
    0x78, 0xa5, 0x94, 0x19, 0x6, 0x48, 0x1c, 0x19,
    0xc4, 0x3, 0xc6, 0x40, 0x60, 0xdc, 0x71, 0xdc,
    0x10, 0xc, 0x20, 0x9, 0xc6, 0x10, 0xd, 0x7d,
    0x63, 0xc, 0x60, 0x1a, 0x56, 0xf7, 0xb4, 0x1c,
    0xc4, 0x17, 0xee, 0xa2, 0x6b, 0x33, 0x1f, 0x34,
    0x4b, 0xe5, 0x8, 0x82, 0x68, 0x6b, 0x1a, 0x73,
    0x35, 0xdb, 0x7e, 0x65, 0x8c, 0x8c, 0xe, 0x3e,
    0x2, 0x12, 0x1, 0xf2, 0x3f, 0x8, 0x18, 0x0,
    0x70, 0xca, 0x8c, 0x3, 0xf0, 0x98, 0x9d, 0xc3,
    0x5, 0xdb, 0x8a, 0xfc, 0xc2, 0xe, 0x4e, 0x84,
    0x3, 0x1b, 0x8, 0x8, 0x0, 0xf1, 0x99, 0x87,
    0xe5, 0xe7, 0x54, 0x42, 0x4, 0x77, 0x6, 0x80,
    0xf, 0x2a, 0x72, 0xf2, 0xf2, 0x6f, 0xa, 0xb,
    0x28, 0x0,

    /* U+FD4B "﵋" */
    0x0, 0xff, 0xe8, 0x96, 0x8, 0x7, 0xff, 0x18,
    0x64, 0x3, 0x31, 0xe0, 0x1, 0xd4, 0x3, 0xf8,
    0x40, 0x6, 0x20, 0xc8, 0x1, 0x4c, 0x4, 0x6,
    0xc8, 0x7, 0xe3, 0xe0, 0x6, 0xa0, 0x91, 0x80,
    0x10, 0x9e, 0xd4, 0x3c, 0xd0, 0x47, 0xe9, 0x2,
    0x41, 0x31, 0x0, 0xc2, 0x5, 0xc2, 0x2, 0x17,
    0xdd, 0xf2, 0x9e, 0xd9, 0xcf, 0x1b, 0x0, 0x10,
    0xb5, 0xe4, 0x34, 0xb6, 0xef, 0xee, 0xcc, 0x6e,
    0x6e, 0x70, 0x80, 0x7, 0x73, 0x96, 0x1a, 0x9,
    0x13, 0xe1, 0x3, 0x20, 0x23, 0x0, 0xf1, 0x8d,
    0xbc, 0x28, 0x7, 0xff, 0x6, 0x2b, 0x18, 0x3,
    0xd1, 0xce, 0x1, 0xff, 0xc2, 0x98, 0xe6, 0x0,
    0xf1, 0x88, 0x7, 0xfc, 0x60, 0x11, 0x66, 0xa0,
    0x7, 0xff, 0x4, 0xb0, 0x40, 0xd, 0x84, 0x0,
    0xe7, 0x59, 0x0, 0xf8, 0x8c, 0x0, 0x82, 0x66,
    0x40, 0x3, 0x15, 0x80, 0x96, 0xf9, 0x0, 0x4,
    0x3, 0x5f, 0x80, 0x2d, 0x44, 0xc8, 0x2, 0x86,
    0x11, 0x15, 0xd0, 0x5, 0xae, 0x1, 0x61, 0xb3,
    0x86, 0x21, 0x8, 0x99, 0x30, 0x2d, 0x26, 0x9,
    0x0, 0x6, 0x40, 0x10, 0x84, 0x41, 0x99, 0x6a,
    0xcb, 0x16, 0xec, 0x97, 0x69, 0x7a, 0x0, 0x14,
    0x90, 0x9c, 0x27, 0x7c, 0xf7, 0xd8, 0x27, 0x7f,
    0x4f, 0x7f, 0xba, 0x84, 0x1, 0xc3, 0xbd, 0x81,
    0x40, 0x1f, 0xfc, 0x83, 0xdd, 0x67, 0x60, 0x80,
    0x7f, 0xf1, 0xc0,

    /* U+FD4C "﵌" */
    0x0, 0xfc, 0x20, 0x1f, 0xfc, 0xc7, 0x78, 0xc1,
    0x2, 0xe, 0xc, 0x1, 0x62, 0x42, 0xef, 0x8,
    0x6, 0x1a, 0x5, 0x0, 0x10, 0x70, 0xfb, 0xfb,
    0xab, 0x88, 0x48, 0xbb, 0xc2, 0x1, 0x3d, 0xb0,
    0x18, 0x90, 0x0, 0xcc, 0x2, 0x22, 0x67, 0x3,
    0x0, 0xcd, 0x96, 0x0, 0xbc, 0x10, 0x16, 0x50,
    0x1, 0x88, 0x80, 0x6, 0x40, 0x6c, 0x9, 0xf,
    0xd8, 0x24, 0x1a, 0x75, 0x77, 0xe3, 0x88, 0x33,
    0x12, 0xf4, 0xfd, 0x38, 0x6c, 0xeb, 0x8, 0x5,
    0x4a, 0xef, 0xd3, 0x6e, 0xe0, 0x1f, 0x5a, 0xb4,
    0xa9, 0xcb, 0xa6, 0x0, 0x1e, 0xd8, 0x7, 0xe8,
    0xec, 0xc6, 0xc0, 0x7, 0x9f, 0x8, 0x1, 0x18,
    0x40, 0x1f, 0x86, 0xb3, 0x10, 0xe2, 0x1, 0x86,
    0xf0, 0x80, 0x3, 0x44, 0x61, 0xa0, 0x1f, 0x89,
    0xe0, 0xc1, 0x90, 0x3, 0x10, 0x2, 0xa9, 0xb1,
    0xa5, 0x99, 0xf6, 0xc8, 0x5f, 0x65, 0x76, 0x68,
    0xd2, 0x80, 0x42, 0x77, 0xa5, 0x99, 0xf6, 0xd6,
    0xfe, 0x61, 0xe7, 0x7b, 0x69, 0xc0, 0x29, 0xe2,
    0x0, 0xf9, 0x25, 0x7f, 0xac, 0x2, 0xe4, 0x54,
    0xe5, 0x0, 0x52, 0xd5, 0x80, 0x47, 0x43, 0x68,
    0x5d, 0xfc, 0x55, 0x80, 0x17, 0xfd, 0xc0, 0x7,
    0x48, 0x4c, 0x6c, 0xf6, 0xd7, 0xcd, 0x1a, 0x1f,
    0xc1, 0x0, 0x8, 0x15, 0x38, 0x5, 0x19, 0xb9,
    0x79, 0x8d, 0xd6, 0x23, 0x57, 0x62, 0x41, 0x80,
    0x43, 0x3e, 0x80, 0x1, 0x12, 0xcc, 0xf5, 0xc4,
    0xe8, 0x51, 0x3c, 0xf4, 0xda, 0xb7, 0x56, 0x40,
    0x3, 0x85, 0x66, 0x7a, 0xa6, 0x4a, 0x14, 0xe0,
    0x13, 0xdc, 0x13, 0xd4, 0x0, 0x0,

    /* U+FD4D "﵍" */
    0x0, 0xff, 0xf7, 0x4d, 0xa0, 0x7, 0xff, 0x41,
    0xa4, 0x3, 0xaa, 0x4, 0x3, 0x25, 0x80, 0x29,
    0x40, 0x3f, 0xf8, 0x68, 0x0, 0x14, 0x0, 0xc4,
    0x9e, 0x40, 0x1c, 0x80, 0x7, 0x20, 0xf, 0xfe,
    0x12, 0xdb, 0x0, 0x98, 0x6, 0x2c, 0xe7, 0x0,
    0xfc, 0x20, 0x1f, 0xe2, 0xdf, 0x90, 0x55, 0x4a,
    0x88, 0x7, 0xac, 0x80, 0x12, 0x20, 0xe0, 0x20,
    0xf, 0x0, 0xfe, 0xf7, 0x96, 0x40, 0xa6, 0xac,
    0x10, 0x1, 0xd0, 0x3, 0x8, 0x18, 0x80, 0x40,
    0xc0, 0x3f, 0xf8, 0x1d, 0x4c, 0x78, 0x0, 0x95,
    0x40, 0x9, 0x1c, 0x8, 0xc0, 0x2, 0xc0, 0x1c,
    0xe2, 0x1, 0xeb, 0x30, 0x4, 0xd9, 0x8, 0x11,
    0x80, 0x46, 0x36, 0x2, 0xa0, 0x24, 0x3c, 0x2c,
    0xb, 0x40, 0x1f, 0x91, 0x8f, 0x10, 0xf, 0x17,
    0x71, 0xf0, 0xb3, 0x88, 0x3a, 0xf, 0x35, 0x5b,
    0xac, 0xc5, 0x4, 0x3, 0xe1, 0x3b, 0x2d, 0xbd,
    0x55, 0x66, 0xe8, 0xf7, 0x59, 0xdb, 0x9b, 0x9b,
    0xaa, 0xdc, 0xdc, 0x31, 0x8b, 0x0, 0xfe, 0x10,
    0xe, 0x32, 0x0, 0x88, 0xc0, 0x7, 0x5f, 0x4,
    0x0, 0x32, 0x0, 0x88, 0x89, 0xbf, 0x20, 0x3,
    0x1e, 0x20, 0xf, 0xfe, 0x12, 0xbc, 0x29, 0x0,
    0x14, 0x40, 0x40, 0x2a, 0x6b, 0xb0, 0x0, 0x7d,
    0x4, 0x80, 0x3f, 0xf8, 0x3c, 0xca, 0x6, 0x3,
    0x44, 0x1, 0x8, 0x3, 0x50, 0x80, 0xe, 0x8f,
    0xc, 0xa8, 0x85, 0x44, 0x2a, 0x27, 0x94, 0xf8,
    0x51, 0x6c, 0x2d, 0x74, 0x21, 0x11, 0x37, 0xd0,
    0x1e, 0x55, 0x17, 0x57, 0x6a, 0xbb, 0x55, 0xdf,
    0x85, 0x4c, 0x6a, 0x8f, 0xd, 0x4e, 0xf5, 0xa9,
    0x4, 0x48, 0x27, 0x7f, 0xff, 0xf1, 0xc, 0xda,
    0x8d, 0xfa, 0xfd, 0xfd, 0x1d, 0xfe, 0xdb, 0x61,
    0x0, 0xff, 0xe3, 0xf9, 0x6a, 0x71, 0xfb, 0xe0,
    0x7, 0xff, 0x44, 0xfb, 0x35, 0xcf, 0x1b, 0x80,
    0x3f, 0xc0,

    /* U+FD4E "﵎" */
    0x0, 0xc4, 0x40, 0x8, 0x84, 0x46, 0x1, 0x9,
    0x0, 0x7c, 0x44, 0x0, 0xce, 0xc4, 0x1, 0x74,
    0xb7, 0x0, 0xd, 0xc0, 0x2d, 0x7f, 0x26, 0x61,
    0x0, 0x67, 0x40, 0xc, 0xe2, 0x23, 0x0, 0x1b,
    0x10, 0x3, 0xdf, 0x9, 0x90, 0x3, 0xfe, 0x13,
    0x30, 0x80, 0x7c, 0x40, 0x60, 0x1f, 0xfc, 0x86,
    0xdf, 0xd2, 0xa, 0x70, 0xf, 0xfe, 0x11, 0x88,
    0x80, 0x3, 0x2b, 0x86, 0x80, 0x76, 0x19, 0xf6,
    0x8, 0x80, 0x8, 0xcc, 0x20, 0x60, 0xe0, 0x83,
    0x2f, 0x20, 0x80, 0x22, 0x72, 0x94, 0x59, 0x20,
    0xa, 0xf3, 0xbd, 0x78, 0xca, 0xfe, 0x45, 0x87,
    0x7d, 0xe8, 0x45, 0x21, 0xa4, 0x60, 0x14, 0x39,
    0x67, 0x28, 0x6e, 0xb3, 0xb9, 0x9d, 0x98, 0xe7,
    0x6d, 0xc1, 0xf2, 0x83, 0x1, 0x56, 0x53, 0x10,
    0x8, 0x8c, 0x40, 0x2, 0x66, 0x10, 0x16, 0x91,
    0x5f, 0xc, 0xfe, 0xb6, 0x80, 0xf, 0xfe, 0x1d,
    0x5b, 0xe1, 0x13, 0x7b, 0x37, 0xa1, 0x7c, 0x3,
    0xdc, 0xc0, 0x1e, 0xae, 0xd3, 0x0, 0x84, 0xc8,
    0x0, 0x20, 0x1f, 0xfc, 0x31, 0xf, 0x6e, 0x0,
    0xd1, 0x60, 0xe0, 0x1f, 0x18, 0x80, 0x7c, 0x38,
    0xd8, 0x1, 0x97, 0xc0, 0x21, 0x0, 0xe1, 0xf0,
    0xf, 0xc5, 0x21, 0xc, 0x0, 0x58, 0x1, 0x3,
    0x3, 0xa0, 0xf, 0xe2, 0x20, 0xb, 0xa2, 0x88,
    0x19, 0x78, 0x7, 0xa, 0x98, 0x38, 0x80, 0x74,
    0x40, 0x0, 0xbe, 0x34, 0x85, 0x44, 0x4b, 0x3,
    0x2, 0x15, 0x1, 0x51, 0x0, 0x89, 0x4, 0x67,
    0xf, 0xb, 0xef, 0xed, 0x79, 0x10, 0x11, 0x10,
    0x79, 0xf7, 0xfd, 0xa6, 0xbd, 0xc2, 0xb3, 0xde,
    0xcc, 0xbb, 0x8c, 0x7, 0x86, 0x80, 0xbd, 0x99,
    0xdb, 0xd9, 0x8e, 0x20, 0x0, 0x99, 0xc2, 0x0,
    0x5c, 0x7c, 0x0, 0x84, 0xcf, 0xb5, 0x4c, 0xc0,
    0x1f, 0xf2, 0xed, 0x0, 0x7f, 0xbd, 0x40, 0x30,

    /* U+FD4F "﵏" */
    0x0, 0xff, 0xe2, 0x3a, 0x0, 0x7f, 0xf5, 0x7c,
    0x40, 0x3f, 0xfa, 0x83, 0x66, 0xc0, 0x1f, 0xfd,
    0x37, 0x4c, 0x50, 0xf, 0xfe, 0x9a, 0xf5, 0x18,
    0x62, 0xe, 0x10, 0x7, 0xff, 0x34, 0xf2, 0x0,
    0x4, 0x40, 0x31, 0x0, 0xff, 0xe5, 0x17, 0x98,
    0x12, 0x80, 0x42, 0x1, 0xff, 0xcb, 0x1a, 0xd0,
    0x70, 0x1, 0x80, 0xc, 0x4, 0x3, 0xff, 0x95,
    0xad, 0x60, 0x10, 0x80, 0x43, 0xe0, 0x7, 0x0,
    0xff, 0xe4, 0x1c, 0xa0, 0x8, 0x18, 0x80, 0x7f,
    0xf3, 0xd6, 0xbc, 0x30, 0x8, 0xc, 0x4, 0x2,
    0x10, 0xf, 0xfe, 0x45, 0x6d, 0xbb, 0x7c, 0x1e,
    0x79, 0xd0, 0x8, 0x7, 0xff, 0x28, 0x92, 0x3b,
    0x3b, 0x37, 0x38, 0x83, 0x50, 0x3, 0xff, 0x96,
    0xdd, 0xe2, 0x4, 0x60, 0x11, 0x88, 0x80, 0x3f,
    0xf8, 0x69, 0xde, 0xc0, 0x3, 0x98, 0x34, 0x0,
    0x3f, 0xf1, 0x2, 0x77, 0xeb, 0x88, 0x1, 0x2c,
    0x3, 0xc3, 0x6e, 0xe9, 0x10, 0xa4, 0x70, 0x9,
    0x62, 0x8b, 0x81, 0x2e, 0xd5, 0x3c, 0xa0, 0xc8,
    0x60, 0x89, 0x3f, 0x81, 0xe8, 0x6a, 0xa0, 0x50,
    0xa, 0xd8, 0x6a, 0x1c, 0x29, 0x6d, 0x1c, 0xa0,
    0x11, 0x14, 0x2a, 0xed, 0x2f, 0x83, 0x46, 0x54,
    0x48, 0xa1, 0x54, 0x59, 0x57, 0x47, 0xa8, 0x39,
    0xd6, 0x10, 0x22, 0x83, 0xbf, 0xdd, 0x27, 0x7f,
    0x9d, 0xec, 0x5a, 0xc9, 0xf6, 0xdb, 0xf7, 0xfe,
    0xea, 0x40, 0x9, 0x3d, 0x10, 0x1, 0xff, 0xc0,
    0x80, 0xd6, 0x20, 0xf, 0xfe, 0xb, 0x5a, 0x58,
    0x7, 0xff, 0x4, 0x77, 0x36, 0x40, 0x3f, 0xf8,
    0x2d, 0xb2, 0x0,

    /* U+FD50 "ﵐ" */
    0x0, 0xff, 0xe6, 0x9b, 0x1, 0x38, 0x80, 0x7f,
    0xf3, 0x76, 0x5a, 0x62, 0x0, 0x1f, 0xfc, 0xd4,
    0x5, 0xc0, 0xc0, 0xf, 0xfe, 0x6d, 0x79, 0xbf,
    0xa8, 0x7, 0xff, 0x40, 0x40, 0x3e, 0x36, 0x20,
    0xe, 0x25, 0x65, 0x20, 0xf, 0xc5, 0xbc, 0x80,
    0x1d, 0x79, 0x3a, 0xc0, 0x1a, 0x2a, 0x6b, 0x74,
    0xa0, 0x1e, 0x22, 0x6, 0x0, 0x6b, 0x40, 0xa,
    0x48, 0x2, 0xd0, 0xc, 0x55, 0xaa, 0x1, 0xca,
    0x8, 0x1, 0x2a, 0x5, 0xe8, 0x84, 0x0, 0x4f,
    0xff, 0x64, 0x9, 0x57, 0xc8, 0x5, 0xa0, 0x60,
    0x14, 0x3, 0xa1, 0x40, 0x28, 0x80, 0x78, 0xde,
    0x0, 0x22, 0x0, 0x8c, 0x3, 0x29, 0x2, 0x8,
    0x30, 0x2, 0x40, 0x3c, 0xb9, 0x20, 0x6, 0x80,
    0x8, 0x40, 0x25, 0xb0, 0x1, 0xe3, 0xc0, 0x1,
    0xe5, 0x99, 0x17, 0xf4, 0x62, 0x80, 0xd4, 0xcc,
    0x78, 0x2, 0x8, 0x11, 0x58, 0x94, 0x38, 0x4,
    0xd3, 0x27, 0x40, 0x3, 0xfd, 0x10, 0x34, 0xca,
    0x8, 0x20, 0xc, 0xd8, 0x9e, 0xc2, 0xd, 0xca,
    0x1, 0x12, 0xcf, 0x40, 0x8b, 0x18, 0x80, 0x2,
    0x96, 0xa1, 0xd8, 0x40, 0x33, 0xdf, 0x23, 0x5f,
    0xf6, 0xd3, 0x8, 0x4, 0x33, 0xbf, 0xee, 0xb4,
    0x0, 0xff, 0xe3, 0xb, 0x90, 0x7, 0xff, 0x42,
    0x63, 0x80, 0x3f, 0xfa, 0x1a, 0x8, 0x1, 0xff,
    0xc0,

    /* U+FD51 "ﵑ" */
    0x0, 0xff, 0xe8, 0xb2, 0x2, 0x28, 0x7, 0xff,
    0x4d, 0x26, 0xca, 0xe8, 0xc0, 0x7, 0x9f, 0xee,
    0xb5, 0x0, 0xff, 0xe4, 0xb0, 0x99, 0x16, 0x0,
    0x9, 0x80, 0x5, 0x2b, 0xa5, 0x4, 0x3, 0x36,
    0xff, 0x5a, 0x0, 0x7c, 0x5d, 0x81, 0xba, 0x10,
    0x1, 0x3c, 0xca, 0x18, 0xc5, 0xaf, 0xbc, 0x2,
    0xc2, 0x1, 0x4b, 0xc3, 0x0, 0xf8, 0x44, 0x1,
    0xe8, 0x66, 0x3c, 0x59, 0x0, 0x61, 0x0, 0x63,
    0xcc, 0x20, 0x1e, 0x4a, 0x8, 0x6, 0xbe, 0x90,
    0xf, 0xcf, 0xd0, 0x40, 0x2, 0x70, 0x9, 0xa1,
    0x9e, 0xf9, 0x1, 0xae, 0x0, 0x33, 0x87, 0x0,
    0x78, 0x72, 0x0, 0xd, 0x20, 0x8, 0x10, 0xf,
    0x94, 0x3, 0x10, 0x4, 0x64, 0x2, 0x1, 0xec,
    0x30, 0x5e, 0x96, 0x2, 0xd8, 0x66, 0x9e, 0x73,
    0xed, 0x0, 0x2, 0x6c, 0xc7, 0xd0, 0x4, 0x41,
    0x90, 0x1, 0x24, 0x11, 0x42, 0x0, 0x80, 0x27,
    0x99, 0xa1, 0x8c, 0xa, 0x70, 0x5, 0xe6, 0x50,
    0x20, 0x22, 0x79, 0xb4, 0x26, 0x6, 0x70, 0xc,
    0xf4, 0x82, 0x1, 0x12, 0x3e, 0x6b, 0x1e, 0xa8,
    0x80, 0x5, 0x33, 0xd4, 0x40, 0x59, 0x40, 0x10,
    0x0, 0x3e, 0xa0, 0x5b, 0xef, 0xfb, 0x6e, 0xc,
    0x2, 0x2a, 0xef, 0xf7, 0x59, 0x8d, 0x77, 0xf1,
    0x68, 0x20, 0x80, 0x2c, 0x54, 0x3, 0xff, 0xa0,
    0x20, 0x20, 0x14, 0xbd, 0x80, 0x7f, 0xf4, 0x4,
    0x1c, 0x2, 0x18, 0x40, 0xf, 0xfe, 0x86, 0x1,
    0x30, 0x7, 0xff, 0x55, 0x88, 0x26, 0x90, 0x40,
    0x6, 0xd6, 0x20, 0x1f, 0xfc, 0xdf, 0x10, 0x5b,
    0xef, 0xf6, 0x4a, 0x30, 0x7, 0xff, 0x34, 0xbd,
    0x80, 0x3e, 0x54, 0x0, 0xff, 0xe7, 0xc, 0xfe,
    0x55, 0x5b, 0xf4, 0x60, 0x1f, 0xfc, 0xc0,

    /* U+FD52 "ﵒ" */
    0x0, 0xff, 0xe7, 0x22, 0x81, 0xb0, 0x7, 0xff,
    0x38, 0x6e, 0x8f, 0x65, 0x80, 0x3f, 0xf9, 0xa2,
    0x62, 0x4e, 0x2a, 0x1, 0xff, 0xce, 0xce, 0x19,
    0xe3, 0x0, 0xff, 0xf7, 0x94, 0x68, 0x5, 0x5f,
    0xee, 0xb7, 0x10, 0xf, 0x5f, 0xfb, 0xad, 0xc4,
    0x3, 0xcc, 0xe4, 0x80, 0x1c, 0x29, 0x1d, 0x48,
    0x1, 0xf0, 0xa4, 0x74, 0x98, 0x6, 0x41, 0xc,
    0x0, 0x5f, 0xfb, 0xb1, 0xc5, 0x6f, 0xdc, 0x1,
    0x5f, 0xee, 0xc7, 0x6, 0xcf, 0x60, 0x9, 0x0,
    0xc0, 0x2, 0x0, 0x13, 0x86, 0x0, 0xb8, 0x0,
    0x20, 0x1, 0x38, 0x60, 0xb, 0x80, 0x2d, 0x6,
    0x0, 0xf3, 0x6b, 0x80, 0x22, 0xc0, 0x38, 0x5b,
    0x58, 0x1, 0x14, 0x1, 0xf2, 0x34, 0x67, 0xc9,
    0x9, 0x84, 0xd3, 0x35, 0x19, 0xd2, 0x44, 0x30,
    0x9a, 0x66, 0x3c, 0x83, 0x84, 0xc9, 0xcc, 0x6,
    0x3b, 0x82, 0x27, 0x99, 0x9c, 0xc0, 0x63, 0x78,
    0x5, 0xe6, 0x50, 0x21, 0x20, 0x40, 0x4d, 0x5c,
    0xe0, 0x58, 0xa2, 0x0, 0x12, 0x6a, 0xe7, 0x2,
    0xd5, 0x10, 0x0, 0xae, 0x18, 0x7f, 0xb6, 0x54,
    0x3, 0x15, 0x77, 0xfb, 0xb6, 0x54, 0x3, 0x15,
    0x77, 0xfb, 0xa8, 0xc0, 0x3c, 0x2e, 0x20, 0x1f,
    0xfd, 0x1a, 0x8b, 0x0, 0xff, 0xe8, 0xe0, 0x60,
    0x7, 0xff, 0x34,

    /* U+FD53 "ﵓ" */
    0x0, 0xff, 0xe6, 0x9b, 0x1, 0x38, 0x80, 0x7f,
    0xf3, 0x76, 0x5a, 0x62, 0x0, 0x1f, 0xfc, 0xd4,
    0x5, 0xc0, 0xc0, 0xf, 0xfe, 0x6d, 0x79, 0xbf,
    0xa8, 0x7, 0xff, 0x40, 0x40, 0x3e, 0x36, 0x20,
    0xe, 0x25, 0x65, 0x20, 0xf, 0xc5, 0xbc, 0x80,
    0x1d, 0x79, 0x3a, 0xc0, 0x1a, 0x2a, 0x6b, 0x74,
    0xa0, 0x1e, 0x22, 0x6, 0x0, 0x6b, 0x40, 0xa,
    0x48, 0x2, 0xd0, 0xc, 0x55, 0xaa, 0x1, 0xca,
    0x8, 0x1, 0x2a, 0x5, 0xe8, 0x84, 0x0, 0x4f,
    0xff, 0x64, 0x9, 0x57, 0xc8, 0x5, 0xa0, 0x60,
    0x14, 0x3, 0xa1, 0x40, 0x28, 0x80, 0x78, 0xde,
    0x0, 0x22, 0x0, 0x8c, 0x3, 0x29, 0x2, 0x8,
    0x30, 0x2, 0x40, 0x3c, 0xb9, 0x20, 0x6, 0x80,
    0x8, 0x40, 0x25, 0xb0, 0x1, 0xe3, 0xc0, 0x1,
    0xe5, 0x99, 0x17, 0xf4, 0x62, 0x80, 0xd4, 0xcc,
    0x78, 0x2, 0x8, 0x11, 0x58, 0x94, 0x38, 0x4,
    0xd3, 0x27, 0x40, 0x3, 0xfd, 0x10, 0x34, 0xca,
    0x8, 0x20, 0xc, 0xd8, 0x9e, 0xc2, 0xd, 0xca,
    0x1, 0x12, 0xcf, 0x40, 0x8b, 0x18, 0x80, 0x2,
    0x96, 0xa0,

    /* U+FD54 "ﵔ" */
    0x0, 0xff, 0xe6, 0x9b, 0x1, 0x38, 0x80, 0x7f,
    0xf0, 0x9f, 0xd8, 0x3, 0xf6, 0xcb, 0x4c, 0x40,
    0x3, 0xff, 0x85, 0x61, 0xa0, 0x1f, 0x90, 0x17,
    0x3, 0x0, 0x3f, 0xf8, 0x5e, 0xd2, 0x1, 0xfa,
    0xbc, 0xdf, 0xd4, 0x3, 0xff, 0x84, 0x72, 0x40,
    0x1f, 0xf0, 0x80, 0x7c, 0x6c, 0x40, 0x1c, 0x4a,
    0xca, 0x40, 0x1f, 0x8b, 0x79, 0x0, 0x3a, 0xf2,
    0x75, 0x80, 0x34, 0x54, 0xd6, 0xe9, 0x40, 0x3c,
    0x44, 0xc, 0x0, 0xd6, 0x80, 0x14, 0x90, 0x5,
    0xa0, 0x18, 0xab, 0x54, 0x3, 0x94, 0x10, 0x2,
    0x54, 0xb, 0xd1, 0x8, 0x0, 0x9f, 0xfe, 0xc8,
    0x12, 0xaf, 0x90, 0xb, 0x40, 0xc0, 0x28, 0x7,
    0x42, 0x80, 0x51, 0x0, 0xf1, 0xbc, 0x0, 0x44,
    0x1, 0x18, 0x6, 0x52, 0x4, 0x10, 0x60, 0x4,
    0x80, 0x79, 0x72, 0x40, 0xd, 0x0, 0x10, 0x80,
    0x4b, 0x60, 0x3, 0xc7, 0x80, 0x3, 0xcb, 0x32,
    0x2f, 0xe8, 0xc5, 0x1, 0xa9, 0x98, 0xf0, 0x4,
    0x10, 0x22, 0xb1, 0x28, 0x70, 0x9, 0xa6, 0x4e,
    0x80, 0x7, 0xfa, 0x20, 0x69, 0x94, 0x10, 0x40,
    0x19, 0xb1, 0x3d, 0x84, 0x1b, 0x94, 0x2, 0x25,
    0x9e, 0x81, 0x16, 0x31, 0x0, 0x5, 0x2d, 0x40,

    /* U+FD55 "ﵕ" */
    0x0, 0xff, 0xe6, 0x9b, 0x1, 0x38, 0x80, 0x7f,
    0xf3, 0x76, 0x5a, 0x62, 0x0, 0x1f, 0xfc, 0xd4,
    0x5, 0xc0, 0xc0, 0xf, 0xfe, 0x6d, 0x79, 0xbf,
    0xa8, 0x7, 0xff, 0x40, 0x80, 0x22, 0x45, 0x30,
    0xf, 0xfe, 0x9, 0x20, 0x80, 0x71, 0x6e, 0x90,
    0x1, 0xd7, 0x59, 0xf6, 0x80, 0x1f, 0xd7, 0xb7,
    0xc8, 0x1, 0x88, 0x81, 0x80, 0x5, 0x0, 0xc9,
    0x78, 0x80, 0x1e, 0xb4, 0x0, 0xac, 0x40, 0x32,
    0x82, 0x0, 0x27, 0xfd, 0xd8, 0xe2, 0x77, 0xee,
    0x1, 0x2a, 0x6, 0x68, 0x84, 0x0, 0x6d, 0x3,
    0x0, 0xe1, 0x38, 0x60, 0xb, 0x80, 0x28, 0x8,
    0x32, 0x90, 0x60, 0xc, 0x60, 0x1f, 0x9b, 0x5c,
    0x1, 0x16, 0x0, 0x62, 0xb, 0x0, 0x30, 0x2,
    0x0, 0x21, 0x0, 0x91, 0xa3, 0x3e, 0x48, 0x4c,
    0x26, 0x99, 0xe0, 0x0, 0x7a, 0xf2, 0x0, 0x78,
    0x67, 0x80, 0x20, 0x99, 0x39, 0x80, 0xc7, 0x70,
    0x44, 0xf3, 0x2, 0x2b, 0x2, 0x87, 0x0, 0x9e,
    0x60, 0x82, 0x0, 0x80, 0x9a, 0xb9, 0xc0, 0xb1,
    0x44, 0x0, 0x78, 0x9a, 0xa2, 0xd, 0xca, 0x0,
    0x14, 0xb5, 0xf, 0xf6, 0xca, 0x80, 0x62, 0xae,
    0xff, 0x61, 0x1, 0x57, 0x7c, 0x8d, 0x7f, 0xba,
    0xd0, 0x3, 0xc2, 0xe2, 0x1, 0xff, 0xd0, 0xa8,
    0xb0, 0xf, 0xfe, 0x86, 0x6, 0x0, 0x7f, 0xf3,
    0x0,

    /* U+FD56 "ﵖ" */
    0x0, 0xff, 0xe6, 0x9b, 0x1, 0x38, 0x80, 0x7f,
    0xf3, 0x76, 0x5a, 0x62, 0x0, 0x1f, 0xfc, 0xd4,
    0x5, 0xc0, 0xc0, 0xf, 0xfe, 0x6d, 0x79, 0xbf,
    0xa8, 0x7, 0xff, 0x40, 0x80, 0x22, 0x45, 0x30,
    0xf, 0xfe, 0x9, 0x20, 0x80, 0x71, 0x6e, 0x90,
    0x1, 0xd7, 0x59, 0xf6, 0x80, 0x1f, 0xd7, 0xb7,
    0xc8, 0x1, 0x88, 0x81, 0x80, 0x5, 0x0, 0xc9,
    0x78, 0x80, 0x1e, 0xb4, 0x0, 0xac, 0x40, 0x32,
    0x82, 0x0, 0x27, 0xfd, 0xd8, 0xe2, 0x77, 0xee,
    0x1, 0x2a, 0x6, 0x68, 0x84, 0x0, 0x6d, 0x3,
    0x0, 0xe1, 0x38, 0x60, 0xb, 0x80, 0x28, 0x8,
    0x32, 0x90, 0x60, 0xc, 0x60, 0x1f, 0x9b, 0x5c,
    0x1, 0x16, 0x0, 0x62, 0xb, 0x0, 0x30, 0x2,
    0x0, 0x21, 0x0, 0x91, 0xa3, 0x3e, 0x48, 0x4c,
    0x26, 0x99, 0xe0, 0x0, 0x7a, 0xf2, 0x0, 0x78,
    0x67, 0x80, 0x20, 0x99, 0x39, 0x80, 0xc7, 0x70,
    0x44, 0xf3, 0x2, 0x2b, 0x2, 0x87, 0x0, 0x9e,
    0x60, 0x82, 0x0, 0x80, 0x9a, 0xb9, 0xc0, 0xb1,
    0x44, 0x0, 0x78, 0x9a, 0xa2, 0xd, 0xca, 0x0,
    0x14, 0xb5, 0x0,

    /* U+FD57 "ﵗ" */
    0x0, 0xff, 0xe6, 0x9b, 0x1, 0x38, 0x80, 0x27,
    0xd0, 0x3, 0xff, 0x91, 0xb2, 0xd3, 0x10, 0x0,
    0x30, 0x60, 0x7, 0xff, 0x21, 0x1, 0x70, 0x30,
    0x1, 0x6f, 0x20, 0x1f, 0xfc, 0x8a, 0xf3, 0x7f,
    0x50, 0x2, 0x40, 0x80, 0x7f, 0xf2, 0xc8, 0x2,
    0x24, 0x53, 0x0, 0xff, 0xe0, 0x92, 0x8, 0x7,
    0x16, 0xe9, 0x0, 0x1d, 0x75, 0x9f, 0x68, 0x1,
    0xfd, 0x7b, 0x7c, 0x80, 0x18, 0x88, 0x18, 0x0,
    0x50, 0xc, 0x97, 0x88, 0x1, 0xeb, 0x40, 0xa,
    0xc4, 0x3, 0x28, 0x20, 0x2, 0x7f, 0xdd, 0x8e,
    0x27, 0x7e, 0xe0, 0x12, 0xa0, 0x66, 0x88, 0x40,
    0x6, 0xd0, 0x30, 0xe, 0x13, 0x86, 0x0, 0xb8,
    0x2, 0x80, 0x83, 0x29, 0x6, 0x0, 0xc6, 0x1,
    0xf9, 0xb5, 0xc0, 0x11, 0x60, 0x6, 0x20, 0xb0,
    0x3, 0x0, 0x20, 0x2, 0x10, 0x9, 0x1a, 0x33,
    0xe4, 0x84, 0xc2, 0x69, 0x9e, 0x0, 0x7, 0xaf,
    0x20, 0x7, 0x86, 0x78, 0x2, 0x9, 0x93, 0x98,
    0xc, 0x77, 0x4, 0x4f, 0x30, 0x22, 0xb0, 0x28,
    0x70, 0x9, 0xe6, 0x8, 0x20, 0x8, 0x9, 0xab,
    0x9c, 0xb, 0x14, 0x40, 0x7, 0x89, 0xaa, 0x20,
    0xdc, 0xa0, 0x1, 0x4b, 0x50,

    /* U+FD58 "ﵘ" */
    0x2b, 0xff, 0x75, 0xa8, 0x7, 0xff, 0x58, 0x50,
    0x0, 0x29, 0x5d, 0x28, 0x20, 0x1f, 0x8d, 0x8c,
    0x3, 0x89, 0x59, 0x48, 0x3, 0xf8, 0xd6, 0x65,
    0xa, 0x2, 0xd7, 0xde, 0x1, 0xea, 0xc9, 0xc7,
    0x0, 0xd5, 0x49, 0xad, 0xd3, 0x0, 0x7e, 0xa6,
    0x63, 0xd7, 0x20, 0x6, 0x10, 0xd, 0x2a, 0x1,
    0x41, 0x80, 0x5c, 0x1, 0x8a, 0x75, 0x84, 0x3,
    0xf0, 0xcf, 0x20, 0x0, 0xdc, 0x3, 0x23, 0x5,
    0x71, 0x4, 0x0, 0x4d, 0xff, 0x6c, 0x91, 0x27,
    0xac, 0x3, 0xcd, 0xcc, 0xd, 0x0, 0xd0, 0x20,
    0x14, 0x3, 0x28, 0xc0, 0x21, 0x0, 0x78, 0x9a,
    0x0, 0x26, 0x0, 0xe8, 0x90, 0x5e, 0x96, 0x5,
    0x20, 0x9, 0xc, 0x10, 0x41, 0x44, 0x20, 0x3,
    0xcb, 0x94, 0x0, 0x5e, 0x0, 0xcc, 0xe1, 0x14,
    0x20, 0x26, 0x19, 0xc, 0xf4, 0x0, 0x2f, 0x77,
    0x8, 0x2d, 0x33, 0x22, 0xfe, 0x8c, 0x10, 0x16,
    0x99, 0x40, 0x10, 0xc, 0xe0, 0x1b, 0xc0, 0x5e,
    0x60, 0x42, 0xc4, 0x51, 0x0, 0x9, 0x66, 0x4e,
    0x80, 0x6, 0xeb, 0x30, 0x69, 0xa7, 0x61, 0x8,
    0x0, 0xe3, 0xc5, 0x10, 0x1, 0x5a, 0x7b, 0x8,
    0x2f, 0x30, 0x80, 0x9, 0x67, 0xa4, 0x43, 0x1c,
    0x80, 0x7, 0xe0, 0x82, 0x1, 0xe3, 0xae, 0xff,
    0x6a, 0x0, 0xcf, 0x7d, 0xc, 0xf7, 0xfb, 0x69,
    0x84, 0x3, 0x46, 0xff, 0x90, 0x80, 0x40, 0x3f,
    0xfa, 0xe, 0x60, 0x1f, 0x84, 0x1c, 0x3, 0xff,
    0x9e, 0xf1, 0xa0, 0x1f, 0xb0, 0x9, 0x80, 0x3f,
    0xf9, 0xc8, 0x8, 0x1, 0xf9, 0x84, 0x26, 0x90,
    0x40, 0x4, 0xb0, 0x20, 0x1f, 0xfc, 0x53, 0xfa,
    0x0, 0xfe, 0xd1, 0x5, 0xbe, 0xff, 0x6d, 0x3b,
    0x0, 0x7f, 0xf4, 0x4f, 0xd8, 0x3, 0xe5, 0x40,
    0xf, 0xfe, 0x90, 0xcf, 0xe5, 0x55, 0xbf, 0x46,
    0x1, 0xff, 0xd0,

    /* U+FD59 "ﵙ" */
    0x2, 0x56, 0x51, 0x0, 0xff, 0xe0, 0x23, 0x10,
    0x7, 0x12, 0xb2, 0x90, 0x7, 0xdd, 0x53, 0x5d,
    0x88, 0x1, 0xf8, 0x72, 0xe7, 0x54, 0x3, 0x4d,
    0x4d, 0x6e, 0x28, 0x7, 0x30, 0x6, 0x3b, 0xc4,
    0x0, 0xf5, 0x18, 0x5, 0x42, 0x1, 0x18, 0x6,
    0x3a, 0xc5, 0x0, 0xaf, 0xfd, 0xd8, 0xe2, 0x77,
    0xee, 0x1, 0x32, 0x6, 0x68, 0x84, 0x0, 0x53,
    0xff, 0x63, 0x89, 0xd7, 0xc0, 0x8, 0x0, 0x4e,
    0x18, 0x2, 0xe0, 0xa, 0x2, 0xc, 0xa4, 0x18,
    0x2, 0x10, 0x8, 0xe2, 0x40, 0x22, 0x0, 0xe6,
    0xd7, 0x0, 0x45, 0x80, 0x18, 0x42, 0xc0, 0xc,
    0x0, 0x80, 0xf, 0x2e, 0xc0, 0x14, 0xc2, 0x34,
    0x67, 0xc9, 0x9, 0x84, 0xd3, 0x3c, 0x0, 0xf,
    0x5e, 0x40, 0xf, 0x2c, 0xc8, 0xbf, 0xa2, 0x1a,
    0xd6, 0x29, 0x93, 0x98, 0xc, 0x77, 0x4, 0x4f,
    0x30, 0x22, 0xb0, 0x28, 0x70, 0x9, 0xa6, 0x4e,
    0x80, 0x7, 0xe5, 0x0, 0x88, 0x9, 0xab, 0x9c,
    0xb, 0x14, 0x40, 0x7, 0x89, 0xaa, 0x20, 0xdc,
    0xa0, 0x11, 0x2d, 0x7c, 0x0, 0x77, 0xfb, 0x65,
    0x40, 0x31, 0x57, 0x7f, 0xb0, 0x80, 0xab, 0xbe,
    0x46, 0xbf, 0xed, 0xa5, 0x0, 0xff, 0xec, 0xaa,
    0x0, 0x7f, 0xf5, 0x8e, 0xac, 0x40, 0x3f, 0xfa,
    0xa4, 0x26, 0x20, 0x18,

    /* U+FD5A "ﵚ" */
    0x0, 0xff, 0xe4, 0xa, 0xa8, 0x3, 0xc6, 0xcc,
    0x40, 0xf, 0xfe, 0x82, 0xf5, 0x53, 0x44, 0x2,
    0x2c, 0x99, 0x5f, 0xc9, 0x0, 0x7f, 0xf3, 0xe,
    0x80, 0x22, 0xb0, 0x8, 0x80, 0x39, 0xb6, 0x48,
    0x3, 0xff, 0x95, 0xc0, 0x9c, 0xe0, 0xa4, 0x1,
    0x77, 0xfb, 0xa9, 0x41, 0xb7, 0xc8, 0x2, 0x65,
    0x0, 0xff, 0xe1, 0x29, 0x5, 0xc, 0x8, 0x50,
    0x4, 0x20, 0x1, 0x5b, 0x30, 0x8, 0x40, 0x28,
    0xa6, 0x0, 0xf5, 0xc0, 0x80, 0x68, 0x0, 0x38,
    0x1, 0x81, 0xc4, 0x3, 0x8a, 0x38, 0xc0, 0x6c,
    0x80, 0x6, 0x20, 0x80, 0x1e, 0x47, 0xec, 0x86,
    0xa2, 0x0, 0x4d, 0x32, 0x0, 0x31, 0xd9, 0xe7,
    0x74, 0xe0, 0x80, 0x30, 0xca, 0x4a, 0x0, 0x20,
    0xe, 0x15, 0x0, 0x1b, 0xca, 0x84, 0x30, 0x2c,
    0x98, 0x0, 0xa2, 0x61, 0x88, 0xe, 0xed, 0x20,
    0x71, 0x58, 0x1, 0xfc, 0x35, 0xc6, 0x1, 0xb,
    0xba, 0x68, 0xc0, 0xae, 0x88, 0x0, 0x26, 0xf9,
    0x84, 0x6, 0xa4, 0x10, 0x43, 0x0, 0x30, 0x7,
    0xc2, 0xe0, 0x9f, 0xd0, 0x0, 0x5c, 0xfd, 0x45,
    0xdf, 0xf7, 0x64, 0x18, 0x6, 0x5b, 0xef, 0xa5,
    0x10, 0x99, 0x18, 0x80, 0x9, 0xb1, 0x3, 0x0,
    0x3f, 0xfa, 0x16, 0x0, 0x6c, 0xef, 0xf6, 0xc9,
    0x82, 0xb8, 0x7, 0xff, 0x41, 0x71, 0x0, 0x3e,
    0x4b, 0xa0, 0xf, 0xfe, 0x91, 0xdf, 0xe5, 0x52,
    0xf7, 0xed, 0x0, 0x3f, 0xfa, 0xc6, 0xaa, 0x42,
    0x0, 0xff, 0xec, 0x27, 0xc9, 0x75, 0x80, 0x7f,
    0xf6, 0x30, 0x11, 0x85, 0x0, 0x3f, 0xfb, 0x11,
    0xf, 0x49, 0xb0, 0xf, 0xfe, 0xa0,

    /* U+FD5B "ﵛ" */
    0x0, 0xff, 0xe4, 0xa, 0xa8, 0x3, 0xc6, 0xcc,
    0x40, 0xf, 0xfe, 0x82, 0xf5, 0x53, 0x44, 0x2,
    0x2c, 0x99, 0x5f, 0xc9, 0x0, 0x7f, 0xf3, 0xe,
    0x80, 0x22, 0xb0, 0x8, 0x80, 0x39, 0xb6, 0x48,
    0x3, 0xff, 0x95, 0xc0, 0x9c, 0xe0, 0xa4, 0x1,
    0x77, 0xfb, 0xa9, 0x41, 0xb7, 0xc8, 0x2, 0x65,
    0x0, 0xff, 0xe1, 0x29, 0x5, 0xc, 0x8, 0x50,
    0x4, 0x20, 0x1, 0x5b, 0x30, 0x8, 0x40, 0x28,
    0xa6, 0x0, 0xf5, 0xc0, 0x80, 0x68, 0x0, 0x38,
    0x1, 0x81, 0xc4, 0x3, 0x8a, 0x38, 0xc0, 0x6c,
    0x80, 0x6, 0x20, 0x80, 0x1e, 0x47, 0xec, 0x86,
    0xa2, 0x0, 0x4d, 0x32, 0x0, 0x31, 0xd9, 0xe7,
    0x74, 0xe0, 0x80, 0x30, 0xca, 0x4a, 0x0, 0x20,
    0xe, 0x15, 0x0, 0x1b, 0xca, 0x84, 0x30, 0x2c,
    0x98, 0x0, 0xa2, 0x61, 0x88, 0xe, 0xed, 0x20,
    0x71, 0x58, 0x1, 0xfc, 0x35, 0xc6, 0x1, 0xb,
    0xba, 0x68, 0xc0, 0xae, 0x88, 0x0, 0x26, 0xf9,
    0x84, 0x6, 0xa4, 0x10, 0x43, 0x0, 0x30, 0x7,
    0xc2, 0xe0, 0x9f, 0xd0, 0x0, 0x5c, 0xfd, 0x45,
    0xdf, 0xf7, 0x64, 0x18, 0x6, 0x5b, 0xef, 0xa5,
    0x10, 0x99, 0x18, 0x80, 0x9, 0xb1, 0x3, 0x0,
    0x3f, 0xfa, 0x16, 0x0, 0x6c, 0xef, 0xf6, 0xc9,
    0x82, 0xb8, 0x7, 0xff, 0x41, 0x71, 0x0, 0x3e,
    0x4b, 0xa0, 0xf, 0xfe, 0x91, 0xdf, 0xe5, 0x52,
    0xf7, 0xed, 0x0, 0x3f, 0xfa, 0x20,

    /* U+FD5C "ﵜ" */
    0x0, 0xff, 0xed, 0x9c, 0x48, 0x2, 0xbf, 0xdd,
    0x6e, 0x20, 0x1e, 0xbf, 0xf7, 0x5b, 0x88, 0x7,
    0xff, 0x1a, 0x9d, 0x80, 0x38, 0x52, 0x3a, 0x90,
    0x3, 0xe1, 0x48, 0xe9, 0x30, 0xe, 0x15, 0x20,
    0x8, 0x9d, 0x40, 0x1a, 0x0, 0x40, 0xbf, 0xf7,
    0x63, 0x8a, 0xdf, 0xb8, 0x2, 0xbf, 0xdd, 0x8e,
    0xd, 0x9e, 0xc0, 0x12, 0x56, 0x0, 0x4f, 0x16,
    0x0, 0x41, 0x3, 0x1, 0x0, 0x9, 0xc3, 0x0,
    0x5c, 0x0, 0x10, 0x0, 0x9c, 0x30, 0x5, 0xc0,
    0x16, 0x2, 0x80, 0x5a, 0x4, 0x1, 0x28, 0x70,
    0x7, 0x36, 0xb8, 0x2, 0x2c, 0x3, 0x85, 0xb5,
    0x80, 0x11, 0x40, 0x12, 0x0, 0x80, 0x4a, 0xe,
    0x1, 0xe4, 0x68, 0xcf, 0x92, 0x13, 0x9, 0xa6,
    0x6a, 0x33, 0xa4, 0x88, 0x61, 0x34, 0xcc, 0xa2,
    0x5, 0x76, 0x92, 0x4, 0x75, 0x84, 0xf, 0x99,
    0x39, 0x80, 0xc7, 0x70, 0x44, 0xf3, 0x33, 0x98,
    0xc, 0x6f, 0x0, 0xbc, 0xc9, 0x40, 0x42, 0x25,
    0x80, 0x42, 0x29, 0xc0, 0x98, 0x80, 0x9a, 0xb9,
    0xc0, 0xb1, 0x44, 0x0, 0x24, 0xd5, 0xce, 0x5,
    0xaa, 0x20, 0x2, 0x7f, 0x51, 0x1, 0x5f, 0x61,
    0x1, 0x5c, 0xf, 0xf6, 0xca, 0x80, 0x62, 0xae,
    0xff, 0x76, 0xca, 0x80, 0x62, 0xae, 0xff, 0x6c,
    0xd, 0x77, 0xf5, 0xc, 0xf7, 0xf5, 0x8, 0x7,
    0xb, 0x88, 0x7, 0xff, 0x72, 0xa2, 0xc0, 0x3f,
    0xfb, 0x98, 0x18, 0x1, 0xff, 0xd8,

    /* U+FD5D "ﵝ" */
    0x0, 0xff, 0xed, 0x9c, 0x48, 0x2, 0xbf, 0xdd,
    0x6e, 0x20, 0x1e, 0xbf, 0xf7, 0x5b, 0x88, 0x7,
    0xff, 0x1a, 0x9d, 0x80, 0x38, 0x52, 0x3a, 0x90,
    0x3, 0xe1, 0x48, 0xe9, 0x30, 0xe, 0x15, 0x20,
    0x8, 0x9d, 0x40, 0x1a, 0x0, 0x40, 0xbf, 0xf7,
    0x63, 0x8a, 0xdf, 0xb8, 0x2, 0xbf, 0xdd, 0x8e,
    0xd, 0x9e, 0xc0, 0x12, 0x56, 0x0, 0x4f, 0x16,
    0x0, 0x41, 0x3, 0x1, 0x0, 0x9, 0xc3, 0x0,
    0x5c, 0x0, 0x10, 0x0, 0x9c, 0x30, 0x5, 0xc0,
    0x16, 0x2, 0x80, 0x5a, 0x4, 0x1, 0x28, 0x70,
    0x7, 0x36, 0xb8, 0x2, 0x2c, 0x3, 0x85, 0xb5,
    0x80, 0x11, 0x40, 0x12, 0x0, 0x80, 0x4a, 0xe,
    0x1, 0xe4, 0x68, 0xcf, 0x92, 0x13, 0x9, 0xa6,
    0x6a, 0x33, 0xa4, 0x88, 0x61, 0x34, 0xcc, 0xa2,
    0x5, 0x76, 0x92, 0x4, 0x75, 0x84, 0xf, 0x99,
    0x39, 0x80, 0xc7, 0x70, 0x44, 0xf3, 0x33, 0x98,
    0xc, 0x6f, 0x0, 0xbc, 0xc9, 0x40, 0x42, 0x25,
    0x80, 0x42, 0x29, 0xc0, 0x98, 0x80, 0x9a, 0xb9,
    0xc0, 0xb1, 0x44, 0x0, 0x24, 0xd5, 0xce, 0x5,
    0xaa, 0x20, 0x2, 0x7f, 0x51, 0x1, 0x5f, 0x61,
    0x1, 0x5c, 0xf, 0xf6, 0xca, 0x80, 0x62, 0xae,
    0xff, 0x76, 0xca, 0x80, 0x62, 0xae, 0xff, 0x6c,
    0xd, 0x77, 0xf5, 0xc, 0xf7, 0xf5, 0x8, 0x7,
    0xff, 0x18, 0x9c, 0x40, 0x3f, 0xfb, 0x93, 0x16,
    0x1, 0xff, 0xdc, 0xc0, 0xc0, 0xf, 0xfe, 0x58,

    /* U+FD5E "ﵞ" */
    0x0, 0xff, 0xe2, 0x1f, 0x7f, 0xb6, 0x50, 0x3,
    0xff, 0x8e, 0x53, 0x0, 0x1f, 0xfc, 0x81, 0x10,
    0x0, 0x9a, 0xf5, 0xc4, 0x3, 0x91, 0x2, 0x1,
    0x2b, 0x10, 0x0, 0x59, 0x80, 0x1f, 0xfc, 0x82,
    0xef, 0xf6, 0xd2, 0x14, 0x77, 0x80, 0x68, 0xb6,
    0x0, 0xa6, 0x4a, 0x0, 0x10, 0x10, 0xe, 0x65,
    0x0, 0xff, 0xe1, 0x8, 0x0, 0x96, 0x44, 0x2,
    0x10, 0x8, 0xc0, 0xc0, 0x23, 0x2, 0x0, 0x18,
    0x0, 0xc0, 0x34, 0x53, 0x0, 0x7a, 0xe0, 0x40,
    0x3e, 0x39, 0xd1, 0x2, 0xb1, 0x0, 0x28, 0x1,
    0xc0, 0x8, 0x0, 0x10, 0x1, 0x80, 0x2c, 0x2,
    0x31, 0x4, 0x0, 0xf2, 0x3f, 0x64, 0x33, 0x1e,
    0xbb, 0x18, 0x14, 0xb, 0xdd, 0x9e, 0xc0, 0x1e,
    0xcc, 0x90, 0x4, 0x33, 0x38, 0x0, 0xf2, 0xa4,
    0xa0, 0x2, 0x0, 0xe1, 0x20, 0x1, 0xbc, 0xca,
    0x14, 0x41, 0x32, 0x9c, 0x12, 0x26, 0x4, 0x0,
    0x73, 0x22, 0x0, 0x1c, 0xc8, 0xc5, 0x81, 0xab,
    0xc0, 0x3f, 0x87, 0x70, 0x80, 0x30, 0xa4, 0x6d,
    0x98, 0x44, 0x98, 0x4, 0x77, 0x62, 0x0, 0x15,
    0x61, 0x80, 0xf, 0x65, 0xc4, 0x10, 0xc0, 0xc,
    0x1, 0xf1, 0xb0, 0x27, 0xfb, 0xad, 0xc8, 0x3,
    0x36, 0x7f, 0xd8, 0x88, 0xdf, 0xf6, 0xa9, 0xe7,
    0xfb, 0xc, 0x23, 0xbe, 0x54, 0x42, 0x64, 0x62,
    0x0, 0x25, 0xb4, 0xc, 0x0, 0xe5, 0x50, 0x7,
    0xff, 0x42, 0xc0, 0xd, 0x9d, 0xfe, 0xda, 0x40,
    0x57, 0x0, 0xc5, 0x54, 0x30, 0xf, 0xfe, 0x7a,
    0xe2, 0x0, 0x7c, 0x97, 0x40, 0x1c, 0x64, 0x50,
    0x7, 0xff, 0x40, 0xef, 0xf2, 0xa9, 0x7b, 0xf6,
    0x80, 0x1e, 0x1d, 0xd0, 0x80, 0x7f, 0xf3, 0x80,

    /* U+FD5F "ﵟ" */
    0x2c, 0xff, 0x75, 0xa8, 0x7, 0xff, 0x70, 0x4c,
    0x0, 0x29, 0x5d, 0x28, 0x20, 0x1f, 0x89, 0x8,
    0x3, 0xff, 0x8e, 0x22, 0x0, 0xc6, 0xd3, 0x28,
    0x51, 0x13, 0x5f, 0x78, 0x7, 0xa7, 0x6f, 0x58,
    0x3, 0xff, 0x8b, 0x1d, 0x60, 0x1d, 0x2c, 0xc7,
    0xaf, 0x40, 0xc, 0x20, 0x1a, 0x58, 0x2, 0x93,
    0x0, 0xe9, 0x61, 0x0, 0xae, 0x88, 0x1, 0xc0,
    0x20, 0x1f, 0x8a, 0xb9, 0x0, 0x6, 0xe0, 0x18,
    0xd8, 0x2b, 0x88, 0x20, 0x3, 0x9a, 0x48, 0x2,
    0x45, 0x10, 0x1, 0x83, 0x0, 0x7c, 0xfa, 0xa0,
    0xd0, 0xd, 0x2, 0x1, 0x78, 0x32, 0x8c, 0x2,
    0x10, 0x4, 0x80, 0x2, 0x0, 0x18, 0x0, 0x80,
    0x31, 0x0, 0x7a, 0x60, 0x17, 0xa5, 0x81, 0x48,
    0x2, 0x43, 0x4, 0x10, 0x51, 0x8, 0x0, 0xb4,
    0x0, 0x20, 0xb, 0x0, 0x8, 0x0, 0xc0, 0xa,
    0x1, 0x99, 0x81, 0x14, 0x20, 0x24, 0x19, 0xc,
    0xf4, 0x0, 0x2f, 0x77, 0x8, 0x2d, 0x34, 0x30,
    0x2, 0x99, 0xdc, 0x0, 0xa6, 0x78, 0x0, 0x54,
    0x28, 0x8a, 0x41, 0x9c, 0x3, 0x48, 0xb, 0xcc,
    0x8, 0x58, 0x8a, 0x20, 0x1, 0x2c, 0xb8, 0x8,
    0x2c, 0xc0, 0x4, 0xb3, 0x2, 0x66, 0x7, 0xab,
    0x70, 0x4, 0x0, 0x72, 0x62, 0x88, 0x0, 0xad,
    0x3d, 0x84, 0x17, 0x98, 0x40, 0x57, 0x24, 0x40,
    0x7, 0x92, 0x40, 0x2b, 0xba, 0x61, 0xc, 0xf0,
    0x41, 0x0, 0xf1, 0xd7, 0x7f, 0xb5, 0x0, 0x67,
    0xbe, 0x86, 0x7b, 0xfa, 0x89, 0xbb, 0xfd, 0x86,
    0xdb, 0xfd, 0x42, 0x29, 0xef, 0x62, 0x1, 0x0,
    0xff, 0xf0, 0x8, 0x38, 0x7, 0xff, 0x83, 0x0,
    0x98, 0x3, 0xff, 0xbe, 0xc2, 0x13, 0x48, 0x20,
    0x2, 0x6a, 0x10, 0xf, 0xfe, 0xbe, 0x88, 0x2d,
    0xf7, 0xfb, 0x65, 0x58, 0x3, 0xff, 0xae, 0x7e,
    0xc0, 0x1f, 0x2a, 0x0, 0x7f, 0xf6, 0x6, 0x7f,
    0x2a, 0xad, 0xfa, 0x30, 0xf, 0xfe, 0xb0,

    /* U+FD60 "ﵠ" */
    0x0, 0xff, 0xee, 0x10, 0x0, 0x91, 0x4c, 0x3,
    0xff, 0x82, 0x48, 0x20, 0x1f, 0xfc, 0x56, 0xed,
    0x0, 0x75, 0xd6, 0x7d, 0xa0, 0x7, 0xf5, 0xed,
    0xf2, 0x0, 0x7f, 0xf1, 0x8, 0x41, 0x1, 0x40,
    0x32, 0x5e, 0x20, 0x7, 0xad, 0x0, 0x2b, 0x10,
    0xe, 0x74, 0x0, 0xd4, 0xe2, 0x8, 0x0, 0xc0,
    0x9f, 0xf7, 0x63, 0x89, 0xdf, 0xb8, 0x4, 0xa8,
    0x19, 0xa2, 0x10, 0x1, 0x8e, 0x2c, 0x40, 0x6,
    0xb0, 0x1, 0x20, 0x18, 0x6, 0x13, 0x86, 0x0,
    0xb8, 0x2, 0x80, 0x83, 0x29, 0x6, 0x0, 0xca,
    0x2, 0x20, 0x2, 0x80, 0x4, 0x0, 0x60, 0xe0,
    0x1c, 0xda, 0xe0, 0x8, 0xb0, 0x3, 0x10, 0x58,
    0x1, 0x80, 0x10, 0x1, 0x68, 0x18, 0x5, 0x80,
    0x20, 0x1e, 0x46, 0x8c, 0xf9, 0x21, 0x30, 0x9a,
    0x67, 0x80, 0x1, 0xeb, 0xc8, 0x1, 0xe1, 0xa5,
    0x0, 0xa5, 0x61, 0x40, 0x61, 0x9d, 0xc0, 0x93,
    0x27, 0x30, 0x18, 0xee, 0x8, 0x9e, 0x60, 0x45,
    0x60, 0x50, 0xe0, 0x13, 0xcb, 0x0, 0x83, 0x53,
    0x80, 0x83, 0xcc, 0x0, 0x24, 0x80, 0x9a, 0xb9,
    0xc0, 0xb1, 0x44, 0x0, 0x78, 0x9a, 0xa2, 0xd,
    0xca, 0x0, 0x16, 0xf7, 0x10, 0x2, 0x64, 0x8,
    0x1, 0x34, 0x40,

    /* U+FD61 "ﵡ" */
    0x0, 0xff, 0xee, 0x10, 0x0, 0x91, 0x4c, 0x3,
    0xff, 0x82, 0x48, 0x20, 0x1f, 0xfc, 0x56, 0xed,
    0x0, 0x75, 0xd6, 0x7d, 0xa0, 0x7, 0xf5, 0xed,
    0xf2, 0x0, 0x7f, 0xf1, 0x8, 0x41, 0x1, 0x40,
    0x32, 0x5e, 0x20, 0x7, 0xad, 0x0, 0x2b, 0x10,
    0xe, 0x74, 0x0, 0xd4, 0xe2, 0x8, 0x0, 0xc0,
    0x9f, 0xf7, 0x63, 0x89, 0xdf, 0xb8, 0x4, 0xa8,
    0x19, 0xa2, 0x10, 0x1, 0x8e, 0x2c, 0x40, 0x6,
    0xb0, 0x1, 0x20, 0x18, 0x6, 0x13, 0x86, 0x0,
    0xb8, 0x2, 0x80, 0x83, 0x29, 0x6, 0x0, 0xca,
    0x2, 0x20, 0x2, 0x80, 0x4, 0x0, 0x60, 0xe0,
    0x1c, 0xda, 0xe0, 0x8, 0xb0, 0x3, 0x10, 0x58,
    0x1, 0x80, 0x10, 0x1, 0x68, 0x18, 0x5, 0x80,
    0x20, 0x1e, 0x46, 0x8c, 0xf9, 0x21, 0x30, 0x9a,
    0x67, 0x80, 0x1, 0xeb, 0xc8, 0x1, 0xe1, 0xa5,
    0x0, 0xa5, 0x61, 0x40, 0x61, 0x9d, 0xc0, 0x93,
    0x27, 0x30, 0x18, 0xee, 0x8, 0x9e, 0x60, 0x45,
    0x60, 0x50, 0xe0, 0x13, 0xcb, 0x0, 0x83, 0x53,
    0x80, 0x83, 0xcc, 0x0, 0x24, 0x80, 0x9a, 0xb9,
    0xc0, 0xb1, 0x44, 0x0, 0x78, 0x9a, 0xa2, 0xd,
    0xca, 0x0, 0x16, 0xf7, 0x10, 0x2, 0x64, 0x8,
    0x1, 0x34, 0x7f, 0xdb, 0x2a, 0x1, 0x8a, 0xbb,
    0xfd, 0x84, 0x5, 0x5d, 0xf2, 0x35, 0xfe, 0xe9,
    0x18, 0xef, 0xf5, 0x93, 0xf7, 0xfa, 0xc8, 0x3,
    0x85, 0xc4, 0x3, 0xff, 0xb7, 0x51, 0x60, 0x1f,
    0xfd, 0xbc, 0xc, 0x0, 0xff, 0xeb, 0x80,

    /* U+FD62 "ﵢ" */
    0x0, 0xf1, 0x20, 0x80, 0x7f, 0x21, 0x80, 0x7f,
    0xf2, 0x4, 0x3, 0xf9, 0x37, 0x57, 0xe2, 0x1,
    0xe4, 0xeb, 0xcc, 0x0, 0x7f, 0xf1, 0x4b, 0xf8,
    0x3, 0xf5, 0x59, 0x0, 0x6, 0x0, 0x38, 0xec,
    0x40, 0x7, 0x20, 0x1c, 0x8c, 0x40, 0x13, 0x4a,
    0x0, 0x8, 0x0, 0x20, 0x1e, 0xa5, 0x3, 0xdb,
    0x6, 0x10, 0xd, 0xc0, 0xbc, 0xe0, 0xc2, 0x1,
    0xba, 0x6c, 0x2, 0xc6, 0xd0, 0xe, 0x20, 0xe,
    0x75, 0x1, 0xc2, 0x43, 0x7, 0x0, 0x94, 0x86,
    0x86, 0x4, 0x24, 0x3, 0x20, 0x70, 0x4, 0xe1,
    0xc0, 0x1c, 0xa0, 0x1d, 0x0, 0x1, 0x70, 0x5,
    0x4, 0x0, 0x50, 0x2, 0xa0, 0x7, 0x6, 0x10,
    0x1, 0x88, 0x8, 0x0, 0x88, 0x2, 0x1, 0xda,
    0x1, 0x98, 0x0, 0x61, 0x16, 0xd8, 0x3, 0x8d,
    0x44, 0x0, 0xa9, 0x54, 0x1, 0xc6, 0x7e, 0x0,
    0x5b, 0x33, 0x80, 0x16, 0xcc, 0xb0, 0x2, 0x53,
    0x18, 0x78, 0x16, 0x20, 0x24, 0xa8, 0x0, 0xe5,
    0x42, 0x14, 0x1a, 0x88, 0x0, 0x53, 0x4, 0x2,
    0x53, 0x23, 0x1, 0x29, 0x92, 0x3, 0x2, 0xce,
    0x1, 0x3, 0x85, 0xc9, 0x80, 0xdc, 0x90, 0xb,
    0xba, 0xa4, 0xc0, 0xb2, 0x48, 0x0, 0x75, 0x86,
    0x0, 0x28, 0xc3, 0x0, 0x1d, 0xcc, 0x88, 0x10,
    0x3, 0xcd, 0x9f, 0xc8, 0xdb, 0xfd, 0x0, 0x6,
    0xcf, 0xd3, 0x6d, 0xff, 0x62, 0x96, 0x7f, 0xb5,
    0xcb, 0x3f, 0xd8, 0x80, 0xdb, 0xf6, 0x4, 0x2,
    0x1, 0xff, 0xdf, 0xe0, 0x50, 0xf, 0xfe, 0xf9,
    0x0, 0x88, 0x3, 0xff, 0xbc, 0xe0, 0x5, 0x0,
    0xff, 0xef, 0x10, 0x86, 0x0, 0x7f, 0xf7, 0xd0,
    0x10, 0x3, 0xff, 0xbf, 0x37, 0x80, 0x1f, 0xfd,
    0xe0,

    /* U+FD63 "ﵣ" */
    0x0, 0xff, 0xed, 0x98, 0x7, 0x89, 0x4, 0x3,
    0xf8, 0x50, 0x80, 0x3f, 0xf8, 0xa7, 0xd8, 0x60,
    0x1a, 0xb6, 0xf9, 0x40, 0x3e, 0x8e, 0xbd, 0x70,
    0xf, 0xfe, 0x21, 0x8, 0x20, 0x5, 0x4a, 0x1,
    0x51, 0x0, 0x74, 0x38, 0x5, 0x6, 0x1, 0xce,
    0xa2, 0x1, 0x4c, 0x10, 0x9, 0x86, 0x0, 0x15,
    0x41, 0x7a, 0x21, 0x60, 0x18, 0xdc, 0x2b, 0x88,
    0x3c, 0x3, 0xa2, 0x94, 0x2, 0x67, 0x60, 0x2,
    0x2, 0x80, 0x20, 0x1d, 0xa, 0x1, 0x84, 0x2,
    0x80, 0x55, 0xc, 0x81, 0x90, 0x4, 0x60, 0x5,
    0x0, 0x18, 0x1, 0x80, 0x1a, 0x2, 0xa, 0x40,
    0x82, 0xc, 0x0, 0x90, 0x1, 0xa0, 0x20, 0x82,
    0x8, 0x40, 0x5, 0x60, 0x1, 0x0, 0x20, 0x0,
    0xc0, 0x39, 0x6c, 0x0, 0x78, 0xf0, 0x0, 0x79,
    0x7e, 0x0, 0xf, 0xbb, 0x8, 0x2d, 0x33, 0xb8,
    0x1, 0x4c, 0xf0, 0x0, 0xb6, 0x7b, 0x4, 0x81,
    0x15, 0x89, 0x43, 0x80, 0x4d, 0x4, 0x16, 0x43,
    0x12, 0x1, 0x2c, 0xc0, 0x8, 0x2c, 0xc0, 0x8,
    0x2c, 0xc0, 0x87, 0x99, 0xb1, 0x3d, 0x84, 0x1b,
    0x94, 0x0, 0x56, 0x98, 0xe2, 0x9, 0xcc, 0x20,
    0x29, 0x92, 0x40, 0x3, 0xda, 0x20, 0x1, 0xda,
    0x0,

    /* U+FD64 "ﵤ" */
    0x2b, 0xff, 0x75, 0xa8, 0x7, 0xff, 0x78, 0x50,
    0x0, 0x29, 0x5d, 0x28, 0x20, 0x18, 0x91, 0x50,
    0x40, 0x3f, 0xf8, 0xe2, 0x8a, 0x60, 0x1e, 0x35,
    0x89, 0x84, 0x1, 0x6b, 0xef, 0x0, 0xa2, 0xea,
    0xfb, 0x14, 0x3, 0xff, 0x86, 0x57, 0xd7, 0x59,
    0x81, 0x0, 0xea, 0x76, 0x7b, 0xe5, 0x0, 0xc2,
    0x0, 0x20, 0xc, 0x75, 0x8a, 0x1, 0xc2, 0xc4,
    0x1, 0x9b, 0x50, 0x3, 0x1d, 0x0, 0x7f, 0x36,
    0x28, 0x0, 0xdc, 0x2, 0x8f, 0xfb, 0x20, 0x4e,
    0xbe, 0x40, 0x24, 0x9c, 0x0, 0xa2, 0x40, 0xab,
    0xf9, 0x41, 0x4, 0x3, 0xc7, 0xb2, 0x4d, 0x0,
    0xd0, 0x20, 0x1e, 0x37, 0x90, 0x8, 0xc0, 0x2c,
    0x4, 0x0, 0x3b, 0x81, 0x75, 0x40, 0x60, 0x0,
    0x60, 0x1c, 0xd8, 0x4b, 0xd2, 0xc0, 0xa4, 0x1,
    0xf2, 0xec, 0x0, 0x1a, 0x0, 0x27, 0x1, 0x5,
    0x80, 0x6a, 0x0, 0xd6, 0x0, 0x20, 0xc, 0x92,
    0x11, 0x42, 0x2, 0x61, 0x90, 0xcd, 0x45, 0xfd,
    0x10, 0xa0, 0x35, 0xb3, 0x2c, 0x41, 0x32, 0x80,
    0x71, 0x59, 0xe7, 0x98, 0x5, 0xd8, 0xc0, 0x14,
    0xc, 0xe0, 0x1b, 0xc0, 0x5e, 0x66, 0x74, 0x0,
    0x3f, 0xd0, 0x83, 0x4c, 0x90, 0x1c, 0xc, 0x0,
    0x35, 0x49, 0x86, 0x10, 0x0, 0xc4, 0xe0, 0x28,
    0x84, 0x0, 0x71, 0xe2, 0x88, 0x4, 0x4b, 0x5f,
    0x2, 0x2f, 0x62, 0x0, 0x14, 0xc6, 0xb9, 0x88,
    0x6, 0x14, 0x7d, 0xa4, 0x10, 0x40, 0xc0, 0x41,
    0x0, 0xf1, 0xd7, 0x7f, 0xdb, 0x4a, 0x1, 0x86,
    0x77, 0xfd, 0xac, 0x5, 0x19, 0xdf, 0xfb, 0xae,
    0x9, 0x6f, 0xbe, 0xc0, 0x80, 0x40, 0x3f, 0xfc,
    0x42, 0xe, 0x1, 0xff, 0xe2, 0xd0, 0x26, 0x0,
    0xff, 0xf0, 0xb0, 0x84, 0xd2, 0x8, 0x0, 0x9a,
    0x84, 0x3, 0xff, 0xb0, 0x3a, 0x0, 0x5b, 0xef,
    0xf6, 0xca, 0xb0, 0x7, 0xff, 0x64, 0xf9, 0x80,
    0x3e, 0x54, 0x0, 0xff, 0xed, 0xc, 0xfe, 0x55,
    0x5b, 0xf4, 0x60, 0x1f, 0xfd, 0x80,

    /* U+FD65 "ﵥ" */
    0x1, 0x45, 0x41, 0x0, 0xfc, 0x28, 0xa8, 0x20,
    0x1f, 0xfc, 0x72, 0x55, 0x10, 0x6, 0xdb, 0xab,
    0xeb, 0x40, 0xf, 0x65, 0xd5, 0xf5, 0xa0, 0x7,
    0xff, 0xc, 0xf3, 0x6a, 0x9b, 0x40, 0x13, 0x0,
    0x64, 0xbc, 0x40, 0xc, 0xe0, 0x19, 0x2e, 0xc8,
    0x1, 0xc2, 0x62, 0x1, 0xa3, 0xc, 0x3, 0x2c,
    0x0, 0x2f, 0xfd, 0xd8, 0xe2, 0x77, 0xee, 0x0,
    0xbf, 0xf7, 0x63, 0x82, 0x5f, 0xb0, 0x4, 0xd9,
    0x40, 0x15, 0x38, 0x1d, 0xff, 0x18, 0x30, 0x0,
    0x40, 0x2, 0x70, 0xc0, 0x17, 0x0, 0x4, 0x0,
    0x27, 0xc, 0x1, 0x70, 0x5, 0x80, 0x60, 0xa,
    0x50, 0x7c, 0x40, 0x19, 0x1, 0x0, 0xf3, 0x6b,
    0x80, 0x22, 0xc0, 0x38, 0x5b, 0x58, 0x1, 0x14,
    0x0, 0x14, 0x0, 0x9d, 0x42, 0x60, 0x3, 0x70,
    0x10, 0x23, 0x46, 0x7c, 0x90, 0x98, 0x4d, 0x33,
    0x51, 0x9d, 0x24, 0x43, 0x9, 0xa6, 0x7d, 0x0,
    0x3d, 0xc0, 0x19, 0x95, 0xa2, 0xb9, 0x2, 0x2,
    0x64, 0xe6, 0x3, 0x1d, 0xc1, 0x13, 0xcc, 0xce,
    0x60, 0x31, 0xbc, 0x2, 0xf3, 0x6, 0xe, 0x8,
    0x0, 0x3a, 0xa4, 0xba, 0x88, 0x42, 0x81, 0x1,
    0x35, 0x73, 0x81, 0x62, 0x88, 0x0, 0x49, 0xab,
    0x9c, 0xb, 0x54, 0x40, 0x7, 0x71, 0x8c, 0x62,
    0x1, 0x89, 0x23, 0x9c, 0x0,

    /* U+FD66 "ﵦ" */
    0x0, 0xf1, 0xa8, 0x80, 0x7e, 0x15, 0x40, 0xf,
    0xfe, 0x21, 0x3d, 0x4a, 0x80, 0x7f, 0x2e, 0xe5,
    0x71, 0x0, 0x79, 0x7a, 0xaf, 0x0, 0x3f, 0xf8,
    0x23, 0x5b, 0xa, 0xd5, 0x60, 0x1f, 0x55, 0x8,
    0x2, 0x80, 0xe, 0x3a, 0x3, 0x3, 0x90, 0xe,
    0x66, 0x8, 0x4, 0x7e, 0xa0, 0x28, 0x20, 0x8a,
    0x1, 0xd6, 0xa0, 0x7b, 0x60, 0xa2, 0x1, 0xb8,
    0x23, 0x28, 0x18, 0x40, 0x35, 0xcb, 0x80, 0xf,
    0x4, 0x55, 0xd7, 0xc4, 0x1e, 0x1, 0x9d, 0x0,
    0x70, 0x90, 0xc1, 0x80, 0x26, 0x21, 0x70, 0x52,
    0x9, 0x0, 0x84, 0x81, 0x40, 0xb4, 0xb, 0x14,
    0x2, 0x70, 0x10, 0x8, 0x60, 0x0, 0x2e, 0x0,
    0xa0, 0x90, 0xa, 0xc0, 0x5c, 0x0, 0xa0, 0xe2,
    0x0, 0x70, 0x3, 0x87, 0x8, 0xbc, 0x80, 0x23,
    0x40, 0x30, 0x9, 0xc0, 0x6, 0x11, 0x6d, 0x80,
    0x38, 0xd4, 0x40, 0x8, 0xa6, 0x50, 0x6, 0x33,
    0xc8, 0x2, 0xf0, 0xc1, 0xdc, 0xcc, 0x8c, 0xc0,
    0x81, 0x32, 0x87, 0x81, 0x62, 0x2, 0x4a, 0x80,
    0xe, 0x54, 0x21, 0x41, 0x64, 0x80, 0x5, 0x30,
    0x4, 0xa0, 0x60, 0x6, 0xa9, 0x93, 0x98, 0x4,
    0xb3, 0x52, 0x40, 0xe1, 0x72, 0x60, 0x37, 0x24,
    0x2, 0xee, 0xa9, 0x30, 0x2c, 0x92, 0x0, 0x2e,
    0x55, 0x14, 0x84, 0x2, 0x12, 0x5a, 0xd7, 0x30,
    0x6, 0x0, 0x73, 0x67, 0xf2, 0x36, 0xff, 0x40,
    0x1, 0xb3, 0xf4, 0xdb, 0x7f, 0xd4, 0x20, 0xb5,
    0xbd, 0xff, 0x76, 0xd2, 0x94, 0x67, 0xf9, 0x48,
    0x4, 0x3, 0xff, 0xbf, 0xc0, 0xa0, 0x1f, 0xfd,
    0xf2, 0x1, 0x10, 0x7, 0xff, 0x79, 0xc0, 0xa,
    0x1, 0xff, 0xde, 0x21, 0xc, 0x0, 0xff, 0xef,
    0xa0, 0x20, 0x7, 0xff, 0x7e, 0x6f, 0x0, 0x3f,
    0xfb, 0xc0,

    /* U+FD67 "ﵧ" */
    0x0, 0xff, 0xeb, 0x66, 0x88, 0x7, 0xff, 0x7c,
    0xc8, 0x3, 0xff, 0xc1, 0xb8, 0x20, 0x1f, 0xfd,
    0xd5, 0xf4, 0x6f, 0x60, 0xf, 0xfe, 0xe1, 0x7,
    0xe8, 0x70, 0x7, 0xff, 0x71, 0xee, 0x62, 0xe0,
    0x3, 0xff, 0x84, 0x6c, 0x40, 0x1c, 0x8c, 0xa6,
    0x1, 0xff, 0xc3, 0x40, 0x2, 0x0, 0x7f, 0xf0,
    0x5b, 0xb2, 0x74, 0x80, 0x25, 0xb9, 0xac, 0xe8,
    0x10, 0xf, 0xfe, 0x32, 0xfe, 0x0, 0x7d, 0x52,
    0x20, 0x14, 0x0, 0x4e, 0x1, 0x85, 0xfa, 0x8,
    0x3, 0x95, 0x42, 0x1, 0x3c, 0x18, 0x0, 0x40,
    0x80, 0x3d, 0x6a, 0x9, 0xb6, 0xa, 0x20, 0x2,
    0xef, 0xf6, 0xd1, 0x83, 0xef, 0x80, 0x68, 0xa7,
    0x0, 0xa9, 0xd4, 0x0, 0xc0, 0x20, 0x1c, 0xe8,
    0x3, 0x64, 0x86, 0xc, 0x1, 0x8, 0x0, 0x97,
    0xc4, 0x2, 0x10, 0x0, 0x90, 0x10, 0x4, 0x40,
    0x40, 0x1c, 0x60, 0x10, 0xc0, 0x0, 0x5c, 0x1,
    0x41, 0x20, 0x1e, 0x3a, 0xc1, 0x2, 0xb1, 0x0,
    0x38, 0x1, 0xc0, 0xa, 0x0, 0x70, 0x0, 0x80,
    0x2c, 0x2, 0x70, 0x2, 0x4, 0x5b, 0x60, 0xe,
    0x33, 0x1e, 0xbb, 0x14, 0x14, 0xb, 0xdd, 0x9e,
    0x0, 0x1e, 0xcc, 0xb0, 0x7, 0xb3, 0x38, 0x0,
    0xf2, 0xa5, 0xe0, 0x76, 0x80, 0x92, 0xa0, 0x3,
    0x99, 0x42, 0x88, 0x26, 0x53, 0x2, 0x44, 0xc0,
    0x80, 0xe, 0x64, 0x20, 0x3, 0x99, 0x10, 0xb0,
    0x35, 0x79, 0x3, 0x5, 0xc9, 0x80, 0xd4, 0x8,
    0x0, 0x52, 0x36, 0xcc, 0x26, 0x46, 0x1, 0x26,
    0x59, 0x0, 0xa, 0xac, 0x80, 0x7, 0x92, 0xe2,
    0x8, 0x1, 0xcd, 0x9f, 0xca, 0xfd, 0xfe, 0xeb,
    0x72, 0x0, 0xcd, 0x9f, 0xf5, 0x9a, 0x6f, 0xfb,
    0x55, 0x37, 0xfd, 0x84, 0x11, 0xdf, 0x24, 0xc,
    0x1, 0xff, 0xdf, 0xe0, 0x20, 0xf, 0xfe, 0xf9,
    0x0, 0x88, 0x3, 0xff, 0xbc, 0xe0, 0x5, 0x0,
    0xff, 0xef, 0x10, 0x86, 0x0, 0x7f, 0xf7, 0xd0,
    0x10, 0x3, 0xff, 0xbf, 0x37, 0x80, 0x1f, 0xfd,
    0xe0,

    /* U+FD68 "ﵨ" */
    0x0, 0xff, 0xea, 0x8f, 0x58, 0x7, 0xff, 0x6c,
    0x85, 0x40, 0x3f, 0xfb, 0x67, 0x9e, 0x1, 0xff,
    0xda, 0x8f, 0x8, 0xf3, 0x0, 0xff, 0xec, 0x18,
    0x2a, 0x81, 0x80, 0x3f, 0xfb, 0x15, 0x6d, 0xb6,
    0xa0, 0x2, 0x0, 0xf1, 0xb1, 0x0, 0x71, 0x2b,
    0x29, 0x0, 0x7f, 0xf0, 0x85, 0x0, 0x50, 0x17,
    0xb4, 0x3, 0xaf, 0x27, 0x58, 0x3, 0x45, 0x4d,
    0x6e, 0x94, 0x3, 0xff, 0x8c, 0x22, 0x4, 0x0,
    0xad, 0x0, 0x29, 0x20, 0xb, 0x40, 0x31, 0x56,
    0xa8, 0x7, 0x9c, 0xc0, 0x34, 0xb8, 0x82, 0x0,
    0x30, 0x0, 0xa8, 0x17, 0xa2, 0x10, 0x1, 0x3f,
    0xfd, 0x90, 0x25, 0x5f, 0x20, 0x11, 0xc6, 0x8,
    0x0, 0xda, 0x0, 0x24, 0x3, 0x0, 0x40, 0x3a,
    0x14, 0x2, 0x88, 0x7, 0x8d, 0xe0, 0x2, 0x20,
    0x9, 0x40, 0x44, 0x0, 0x50, 0x0, 0x80, 0xc,
    0x1c, 0x14, 0x81, 0x4, 0x18, 0x1, 0x20, 0x1e,
    0x5c, 0x90, 0x3, 0x40, 0x5, 0xa0, 0x60, 0x16,
    0x0, 0x80, 0x79, 0x6c, 0x0, 0x78, 0xf0, 0x0,
    0x79, 0x66, 0x45, 0xfd, 0x18, 0xa0, 0x35, 0x33,
    0x25, 0x0, 0xa5, 0x61, 0x40, 0x61, 0x9d, 0xc0,
    0x90, 0x22, 0xb1, 0x28, 0x70, 0x9, 0xa6, 0x4e,
    0x80, 0x7, 0xfa, 0x20, 0x69, 0x93, 0x0, 0x83,
    0x53, 0x80, 0x83, 0xcc, 0x0, 0xc9, 0x9b, 0x13,
    0xd8, 0x41, 0xb9, 0x40, 0x22, 0x59, 0xe8, 0x11,
    0x63, 0x10, 0x0, 0x5b, 0xdc, 0x40, 0x9, 0x90,
    0x20, 0x4, 0xc1,

    /* U+FD69 "ﵩ" */
    0x0, 0xff, 0xec, 0xe7, 0x8, 0x7, 0xff, 0x88,
    0x84, 0xc0, 0x3f, 0xfc, 0x59, 0x82, 0x0, 0xff,
    0xf0, 0x27, 0xab, 0x7b, 0x0, 0x7f, 0xf7, 0xcc,
    0x34, 0x83, 0xc0, 0x3f, 0xfb, 0xef, 0x74, 0xf7,
    0x20, 0x1f, 0xfe, 0x4, 0x0, 0x20, 0x7, 0xff,
    0x34, 0xfb, 0xfd, 0xb2, 0x80, 0x1f, 0xfc, 0x72,
    0x98, 0x0, 0xff, 0xe4, 0x8, 0x80, 0x4, 0xd7,
    0xae, 0x20, 0x1c, 0x88, 0x10, 0x9, 0x58, 0x80,
    0x2, 0xcc, 0x0, 0xff, 0xe4, 0x17, 0x7f, 0xb6,
    0x90, 0xa3, 0xbc, 0x3, 0x45, 0xb0, 0x5, 0x32,
    0x50, 0x0, 0x80, 0x80, 0x73, 0x28, 0x7, 0xff,
    0x8, 0x40, 0x4, 0xb2, 0x20, 0x10, 0x80, 0x46,
    0x6, 0x1, 0x18, 0x10, 0x0, 0xc0, 0x6, 0x1,
    0xa2, 0x98, 0x3, 0xd7, 0x2, 0x1, 0xf1, 0xce,
    0x88, 0x15, 0x88, 0x1, 0x40, 0xe, 0x0, 0x40,
    0x0, 0x80, 0xc, 0x1, 0x60, 0x11, 0x88, 0x20,
    0x7, 0x91, 0xfb, 0x21, 0x98, 0xf5, 0xd8, 0xc0,
    0xa0, 0x5e, 0xec, 0xf6, 0x0, 0xf6, 0x64, 0x80,
    0x21, 0x99, 0xc0, 0x7, 0x95, 0x25, 0x0, 0x10,
    0x7, 0x9, 0x0, 0xd, 0xe6, 0x50, 0xa2, 0x9,
    0x94, 0xe0, 0x91, 0x30, 0x20, 0x3, 0x99, 0x10,
    0x0, 0xe6, 0x46, 0x2c, 0xd, 0x5e, 0x1, 0xfc,
    0x3b, 0x84, 0x1, 0x85, 0x23, 0x6c, 0xc2, 0x24,
    0xc0, 0x23, 0xbb, 0x10, 0x0, 0xab, 0xc, 0x0,
    0x7b, 0x2e, 0x20, 0x86, 0x0, 0x60, 0xf, 0x8d,
    0x81, 0x3f, 0xdd, 0x6e, 0x40, 0x19, 0xb3, 0xfe,
    0xc4, 0x46, 0xff, 0xb5, 0x4f, 0x3f, 0xd8, 0x61,
    0x1d, 0xf2, 0xa2, 0x13, 0x23, 0x10, 0x1, 0x2d,
    0xa0, 0x60, 0x7, 0x2a, 0x80, 0x3f, 0xfa, 0x16,
    0x0, 0x6c, 0xef, 0xf6, 0xd2, 0x2, 0xb8, 0x6,
    0x2a, 0xa1, 0x80, 0x7f, 0xf3, 0xd7, 0x10, 0x3,
    0xe4, 0xba, 0x0, 0xe3, 0x22, 0x80, 0x3f, 0xfa,
    0x7, 0x7f, 0x95, 0x4b, 0xdf, 0xb4, 0x0, 0xf0,
    0xee, 0x84, 0x3, 0xff, 0xa6, 0x6a, 0xa4, 0x20,
    0xf, 0xff, 0x3, 0x90, 0x32, 0x0, 0x7f, 0xf7,
    0xe2, 0x1e, 0x93, 0x60, 0x1f, 0xfd, 0xfc, 0x4,
    0x61, 0x40, 0xf, 0xfe, 0xd8,

    /* U+FD6A "ﵪ" */
    0x0, 0xe7, 0xf6, 0x0, 0xff, 0xe7, 0xf, 0x58,
    0x7, 0xff, 0xe, 0x83, 0x40, 0x3f, 0xf9, 0xc6,
    0x2a, 0x1, 0xff, 0xc3, 0x84, 0x80, 0xf, 0xfe,
    0x71, 0x66, 0x0, 0x3f, 0xf8, 0x6b, 0x66, 0x1,
    0xff, 0xcd, 0x8f, 0x7a, 0xf3, 0x0, 0xff, 0xee,
    0x90, 0x11, 0x82, 0x80, 0x7e, 0x2b, 0xef, 0xeb,
    0x50, 0xf, 0xfe, 0x75, 0x5b, 0x55, 0xb0, 0x7,
    0xe1, 0x41, 0x1, 0x4a, 0xe9, 0x41, 0x0, 0xfc,
    0x48, 0x40, 0x1f, 0xfc, 0x4, 0x1, 0x40, 0x8,
    0x44, 0x1, 0x8d, 0xa6, 0x50, 0xa2, 0x26, 0xbe,
    0xf0, 0xf, 0x4e, 0xde, 0xb0, 0x7, 0xff, 0x16,
    0x3a, 0xc0, 0x3a, 0x59, 0x8f, 0x5e, 0x80, 0x18,
    0x40, 0x34, 0xb0, 0x5, 0x26, 0x1, 0xd2, 0xc2,
    0x1, 0x5d, 0x10, 0x3, 0x80, 0x40, 0x3f, 0x15,
    0x72, 0x0, 0xd, 0xc0, 0x31, 0xb0, 0x57, 0x10,
    0x40, 0x7, 0x34, 0x90, 0x4, 0x8a, 0x20, 0x3,
    0x6, 0x0, 0xf9, 0xf5, 0x41, 0xa0, 0x1a, 0x4,
    0x2, 0xf0, 0x65, 0x18, 0x4, 0x20, 0x9, 0x0,
    0x4, 0x0, 0x30, 0x1, 0x0, 0x62, 0x0, 0xf4,
    0xc0, 0x2f, 0x4b, 0x2, 0x90, 0x4, 0x86, 0x8,
    0x20, 0xa2, 0x10, 0x1, 0x68, 0x0, 0x40, 0x16,
    0x0, 0x10, 0x1, 0x80, 0x14, 0x3, 0x33, 0x2,
    0x28, 0x40, 0x48, 0x32, 0x19, 0xe8, 0x0, 0x5e,
    0xee, 0x10, 0x5a, 0x68, 0x60, 0x5, 0x33, 0xb8,
    0x1, 0x4c, 0xf0, 0x0, 0xa8, 0x51, 0x14, 0x83,
    0x38, 0x6, 0x90, 0x17, 0x98, 0x10, 0xb1, 0x14,
    0x40, 0x2, 0x59, 0x70, 0x10, 0x59, 0x80, 0x9,
    0x66, 0x4, 0xcc, 0xf, 0x56, 0xe0, 0x8, 0x0,
    0xe4, 0xc5, 0x10, 0x1, 0x5a, 0x7b, 0x8, 0x2f,
    0x30, 0x80, 0xae, 0x48, 0x80, 0xf, 0x24, 0x80,
    0x57, 0x74, 0xc2, 0x19, 0xe0, 0x82, 0x1, 0xe3,
    0xae, 0xff, 0x6a, 0x0, 0xcf, 0x7d, 0xc, 0xf7,
    0xf5, 0x13, 0x77, 0xfb, 0xd, 0xb7, 0xfa, 0x84,
    0x53, 0xde, 0xc4, 0x2, 0x1, 0xff, 0xe0, 0x10,
    0x70, 0xf, 0xff, 0x6, 0x1, 0x30, 0x7, 0xff,
    0x7d, 0x84, 0x26, 0x90, 0x40, 0x4, 0xd4, 0x20,
    0x1f, 0xfd, 0x7d, 0x10, 0x5b, 0xef, 0xf6, 0xca,
    0xb0, 0x7, 0xff, 0x5c, 0xfd, 0x80, 0x3e, 0x54,
    0x0, 0xff, 0xec, 0xc, 0xfe, 0x55, 0x5b, 0xf4,
    0x60, 0x1f, 0xfd, 0x60,

    /* U+FD6B "ﵫ" */
    0x0, 0xff, 0xea, 0x8f, 0x58, 0x7, 0xff, 0x6c,
    0x85, 0x40, 0x3f, 0x4f, 0xa0, 0x7, 0xff, 0x40,
    0xf3, 0xc0, 0x3f, 0x30, 0x60, 0x7, 0xff, 0x3e,
    0x3c, 0x23, 0xcc, 0x3, 0xd6, 0xf2, 0x1, 0xff,
    0xcf, 0x30, 0x55, 0x3, 0x0, 0x79, 0x20, 0x40,
    0x3f, 0xf9, 0xf5, 0x6d, 0xb6, 0xa0, 0x2, 0x0,
    0x12, 0x29, 0x80, 0x7f, 0xf0, 0x49, 0x4, 0x3,
    0xfe, 0x14, 0x1, 0x40, 0x6e, 0xd0, 0x7, 0x5d,
    0x67, 0xda, 0x0, 0x7f, 0x5e, 0xdf, 0x20, 0x7,
    0xff, 0x10, 0x84, 0x10, 0x14, 0x3, 0x25, 0xe2,
    0x0, 0x7a, 0xd0, 0x2, 0xb1, 0x0, 0xe7, 0x40,
    0xd, 0x4e, 0x20, 0x80, 0xc, 0x9, 0xff, 0x76,
    0x38, 0x9d, 0xfb, 0x80, 0x4a, 0x81, 0x9a, 0x21,
    0x0, 0x18, 0xe2, 0xc4, 0x0, 0x6b, 0x0, 0x12,
    0x1, 0x80, 0x61, 0x38, 0x60, 0xb, 0x80, 0x28,
    0x8, 0x32, 0x90, 0x60, 0xc, 0xa0, 0x22, 0x0,
    0x28, 0x0, 0x40, 0x6, 0xe, 0x1, 0xcd, 0xae,
    0x0, 0x8b, 0x0, 0x31, 0x5, 0x80, 0x18, 0x1,
    0x0, 0x16, 0x81, 0x80, 0x58, 0x2, 0x1, 0xe4,
    0x68, 0xcf, 0x92, 0x13, 0x9, 0xa6, 0x78, 0x0,
    0x1e, 0xbc, 0x80, 0x1e, 0x1a, 0x50, 0xa, 0x56,
    0x14, 0x6, 0x19, 0xdc, 0x9, 0x32, 0x73, 0x1,
    0x8e, 0xe0, 0x89, 0xe6, 0x4, 0x56, 0x5, 0xe,
    0x1, 0x3c, 0xb0, 0x8, 0x35, 0x38, 0x8, 0x3c,
    0xc0, 0x2, 0x48, 0x9, 0xab, 0x9c, 0xb, 0x14,
    0x40, 0x7, 0x89, 0xaa, 0x20, 0xdc, 0xa0, 0x1,
    0x6f, 0x71, 0x0, 0x26, 0x40, 0x80, 0x13, 0x44,

    /* U+FD6C "ﵬ" */
    0x0, 0xff, 0xea, 0xd7, 0x10, 0x7, 0xff, 0x7d,
    0x85, 0x80, 0x3f, 0xfb, 0xfb, 0x88, 0x1, 0xff,
    0xdd, 0x3e, 0x80, 0xf8, 0x0, 0xff, 0xee, 0x30,
    0xab, 0x1, 0x80, 0x7f, 0xf7, 0x17, 0x35, 0x6e,
    0x80, 0x3f, 0xf8, 0x64, 0x82, 0x1, 0xfc, 0x86,
    0x1, 0xff, 0xc0, 0x31, 0x4, 0x10, 0x8, 0x40,
    0x3f, 0x93, 0x75, 0x7e, 0x20, 0x1e, 0x4e, 0xbc,
    0xc0, 0x7, 0xff, 0x14, 0xbf, 0x80, 0x3f, 0x55,
    0x90, 0x0, 0x60, 0x3, 0x8e, 0xc4, 0x0, 0x72,
    0x1, 0xc8, 0xc4, 0x1, 0x34, 0xa0, 0x0, 0x80,
    0x2, 0x1, 0xea, 0x50, 0x3d, 0xb0, 0x61, 0x0,
    0xdc, 0xb, 0xce, 0xc, 0x20, 0x1b, 0xa6, 0xc0,
    0x2c, 0x6d, 0x0, 0xe2, 0x0, 0xe7, 0x50, 0x1c,
    0x24, 0x30, 0x70, 0x9, 0x48, 0x68, 0x60, 0x42,
    0x40, 0x32, 0x7, 0x0, 0x4e, 0x1c, 0x1, 0xca,
    0x1, 0xd0, 0x0, 0x17, 0x0, 0x50, 0x40, 0x5,
    0x0, 0x2a, 0x0, 0x70, 0x61, 0x0, 0x18, 0x80,
    0x80, 0x8, 0x80, 0x20, 0x1d, 0xa0, 0x19, 0x80,
    0x6, 0x11, 0x6d, 0x80, 0x38, 0xd4, 0x40, 0xa,
    0x95, 0x40, 0x1c, 0x67, 0xe0, 0x5, 0xb3, 0x38,
    0x1, 0x6c, 0xcb, 0x0, 0x25, 0x31, 0x87, 0x81,
    0x62, 0x2, 0x4a, 0x80, 0xe, 0x54, 0x21, 0x41,
    0xa8, 0x80, 0x5, 0x30, 0x40, 0x25, 0x32, 0x30,
    0x12, 0x99, 0x20, 0x30, 0x2c, 0xe0, 0x10, 0x38,
    0x5c, 0x98, 0xd, 0xc9, 0x0, 0xbb, 0xaa, 0x4c,
    0xb, 0x24, 0x80, 0x7, 0x58, 0x60, 0x2, 0x8c,
    0x30, 0x1, 0xdc, 0xc8, 0x81, 0x0, 0x3c, 0xd9,
    0xfc, 0x8d, 0xbf, 0xd0, 0x0, 0x6c, 0xfd, 0x36,
    0xdf, 0xf6, 0x29, 0x67, 0xfb, 0x5c, 0xb3, 0xfd,
    0x88, 0xd, 0xbf, 0x60, 0x40, 0x20, 0x1f, 0xfd,
    0xfe, 0x5, 0x0, 0xff, 0xef, 0x90, 0x8, 0x80,
    0x3f, 0xfb, 0xce, 0x0, 0x50, 0xf, 0xfe, 0xf1,
    0x8, 0x60, 0x7, 0xff, 0x7d, 0x1, 0x0, 0x3f,
    0xfb, 0xf3, 0x78, 0x1, 0xff, 0xde,

    /* U+FD6D "ﵭ" */
    0x0, 0xff, 0xea, 0xe6, 0x80, 0x7f, 0xf6, 0xcc,
    0x84, 0x3, 0xff, 0xb5, 0xba, 0x10, 0xf, 0xfe,
    0xc2, 0xfa, 0x23, 0xd4, 0x3, 0xff, 0xaf, 0xa1,
    0xfc, 0x1a, 0x1, 0xff, 0xd7, 0x8b, 0x98, 0xb8,
    0x0, 0x18, 0x7, 0x89, 0x4, 0x3, 0xf8, 0x50,
    0x80, 0x3f, 0xf8, 0x8, 0x0, 0x40, 0x3e, 0xc3,
    0x0, 0xd5, 0xb7, 0xca, 0x1, 0xf4, 0x75, 0xeb,
    0x80, 0x7f, 0xf1, 0x8, 0x41, 0x0, 0x2a, 0x50,
    0xa, 0x88, 0x3, 0xa1, 0xc0, 0x28, 0x30, 0xe,
    0x75, 0x10, 0xa, 0x60, 0x80, 0x4c, 0x30, 0x0,
    0xaa, 0xb, 0xd1, 0xb, 0x0, 0xc6, 0xe1, 0x5c,
    0x41, 0xe0, 0x1d, 0x14, 0xa0, 0x13, 0x3b, 0x0,
    0x10, 0x14, 0x1, 0x0, 0xe8, 0x50, 0xc, 0x20,
    0x14, 0x2, 0xa8, 0x64, 0xc, 0x80, 0x23, 0x0,
    0x28, 0x0, 0xc0, 0xc, 0x0, 0xd0, 0x10, 0x52,
    0x4, 0x10, 0x60, 0x4, 0x80, 0xd, 0x1, 0x4,
    0x10, 0x42, 0x0, 0x2b, 0x0, 0x8, 0x1, 0x0,
    0x6, 0x1, 0xcb, 0x60, 0x3, 0xc7, 0x80, 0x3,
    0xcb, 0xf0, 0x0, 0x7d, 0xd8, 0x41, 0x69, 0x9d,
    0xc0, 0xa, 0x67, 0x80, 0x5, 0xb3, 0xd8, 0x24,
    0x8, 0xac, 0x4a, 0x1c, 0x2, 0x68, 0x20, 0xb2,
    0x18, 0x90, 0x9, 0x66, 0x0, 0x41, 0x66, 0x0,
    0x41, 0x66, 0x4, 0x3c, 0xcd, 0x89, 0xec, 0x20,
    0xdc, 0xa0, 0x2, 0xb4, 0xc7, 0x10, 0x4e, 0x61,
    0x1, 0x4c, 0x92, 0x0, 0x1e, 0xd1, 0x0, 0xe,
    0xd0,

    /* U+FD6E "ﵮ" */
    0x0, 0xff, 0xee, 0xe, 0xe8, 0x40, 0x3f, 0xfc,
    0x44, 0x52, 0x80, 0x7f, 0xf8, 0x8e, 0x20, 0x80,
    0x1f, 0xfe, 0x37, 0x70, 0x7, 0xff, 0x30, 0x95,
    0x46, 0x1, 0xff, 0xc8, 0x35, 0x40, 0xf, 0xfe,
    0x52, 0x6d, 0x53, 0x3a, 0x4, 0x3, 0xff, 0x86,
    0xfd, 0x95, 0x7c, 0xa0, 0x1f, 0xfc, 0x85, 0x0,
    0xc2, 0xfd, 0x4, 0x1, 0xc6, 0x40, 0x18, 0xb6,
    0x4, 0x2, 0x1a, 0x20, 0xf, 0xfe, 0x38, 0xf7,
    0xfb, 0x69, 0x1, 0xf7, 0xc0, 0x36, 0xe9, 0x0,
    0x7, 0x84, 0xf, 0xbf, 0x40, 0x5, 0x0, 0xcc,
    0xa0, 0x1f, 0xfc, 0x21, 0x0, 0x12, 0xc8, 0x80,
    0x42, 0x0, 0x31, 0x5, 0x2, 0xd1, 0x16, 0x41,
    0x2, 0x98, 0x70, 0x6, 0x8a, 0x60, 0xf, 0x5c,
    0x8, 0x7, 0xc7, 0x3a, 0x20, 0x56, 0x20, 0xb,
    0x0, 0xde, 0x25, 0xe6, 0x1, 0x19, 0x83, 0xc0,
    0x23, 0x10, 0x40, 0xf, 0x23, 0xf6, 0x43, 0x31,
    0xeb, 0xb1, 0x81, 0x40, 0xbd, 0xda, 0x1c, 0x1,
    0xf8, 0x40, 0xa8, 0xcf, 0x19, 0x80, 0x7, 0xb2,
    0x82, 0x80, 0x8, 0x3, 0x85, 0x40, 0x6, 0xf3,
    0x28, 0x51, 0x4, 0xca, 0x70, 0x48, 0x97, 0x3,
    0x30, 0x98, 0x1, 0xea, 0x61, 0xcc, 0x2, 0x69,
    0xa6, 0x0, 0xfe, 0x1a, 0xe3, 0x0, 0xc2, 0x91,
    0xb6, 0x61, 0x12, 0x60, 0x1, 0x6d, 0xc9, 0x52,
    0x0, 0xc2, 0x6d, 0x78, 0xc4, 0x2, 0xa6, 0x0,
    0x60, 0xf, 0x85, 0xc1, 0x3f, 0xdd, 0x6e, 0x40,
    0x19, 0xb3, 0xfd, 0xd2, 0x20, 0xd5, 0xbf, 0xfb,
    0xb2, 0x50, 0xe7, 0x7f, 0x8d, 0x44, 0x26, 0x46,
    0x20, 0x2, 0x6c, 0x40, 0xc0, 0xf, 0xfe, 0xc5,
    0x80, 0x1b, 0x3b, 0xfd, 0xb2, 0x60, 0xae, 0x1,
    0xff, 0xd8, 0x5c, 0x40, 0xf, 0x92, 0xe8, 0x3,
    0xff, 0xb4, 0x77, 0xf9, 0x54, 0xbd, 0xfb, 0x40,
    0xf, 0xfe, 0xc8,

    /* U+FD6F "ﵯ" */
    0x0, 0xff, 0xe1, 0x1f, 0x58, 0x7, 0xff, 0x20,
    0x77, 0x42, 0x1, 0xff, 0xc8, 0x41, 0x40, 0xf,
    0xfe, 0x42, 0x91, 0x40, 0x1f, 0xfc, 0x87, 0x75,
    0x0, 0x7f, 0xf2, 0x12, 0x20, 0x60, 0x1f, 0xfc,
    0x98, 0x50, 0xf, 0xfe, 0x4b, 0xb8, 0x3, 0xff,
    0x80, 0x4f, 0x4a, 0x1, 0x85, 0xea, 0x5c, 0x80,
    0x3f, 0xf8, 0xc7, 0x15, 0x26, 0x1, 0xfd, 0x3b,
    0xb, 0x46, 0x1, 0x2c, 0x2b, 0x46, 0xd9, 0x0,
    0x7f, 0xf0, 0x8b, 0x30, 0xea, 0xd9, 0x0, 0x1e,
    0x1d, 0x60, 0xd, 0x0, 0x13, 0x12, 0x20, 0x81,
    0x36, 0x48, 0x3, 0x9d, 0x40, 0x32, 0xe9, 0x81,
    0x20, 0x1, 0xcc, 0x3, 0xb0, 0x81, 0x36, 0xc1,
    0x4, 0x0, 0x5b, 0x76, 0xdd, 0x30, 0x36, 0xf8,
    0x6, 0x8a, 0x30, 0x2, 0xd0, 0x15, 0xed, 0xe8,
    0x1, 0x0, 0x34, 0x90, 0xd, 0x92, 0x18, 0x30,
    0x7, 0xc5, 0x42, 0x1, 0x8, 0x1, 0x0, 0x6,
    0x7, 0x40, 0x78, 0x80, 0x2, 0x20, 0x78, 0x4,
    0x2c, 0x0, 0x18, 0x0, 0x50, 0x48, 0x7, 0x8e,
    0xb0, 0x40, 0xac, 0x40, 0x1a, 0x0, 0x11, 0x68,
    0x1e, 0x8, 0x4, 0x84, 0x1a, 0x1, 0x30, 0x1,
    0x1, 0xed, 0xb0, 0x7, 0x19, 0x8f, 0x5d, 0x8a,
    0xa, 0x5, 0xee, 0xd0, 0xc0, 0xf, 0xc1, 0xb,
    0x56, 0x79, 0xdb, 0x0, 0x63, 0x28, 0x68, 0x1d,
    0xa0, 0x24, 0xa8, 0x0, 0xe6, 0x50, 0xa2, 0x9,
    0x94, 0xc0, 0x91, 0x2e, 0x8, 0x62, 0x40, 0x8,
    0xa9, 0x86, 0x20, 0x9, 0xa6, 0x98, 0x41, 0x82,
    0xe4, 0xc0, 0x6e, 0x48, 0x0, 0x29, 0x1b, 0x66,
    0x13, 0x23, 0x0, 0xb, 0x5e, 0x4a, 0x10, 0x6,
    0x13, 0x6b, 0xc6, 0x20, 0x15, 0x0, 0xe6, 0xcf,
    0xe4, 0x6d, 0xff, 0x75, 0xb9, 0x0, 0x66, 0xcf,
    0xf7, 0x48, 0x1, 0xaf, 0x7f, 0xf7, 0x64, 0xa1,
    0xce, 0xff, 0x19, 0x3, 0x0, 0x7f, 0xf8, 0x38,
    0x8, 0x3, 0xff, 0xc0, 0x60, 0x22, 0x0, 0xff,
    0xef, 0xa8, 0x1, 0x40, 0x3f, 0xfb, 0xe2, 0x20,
    0xc0, 0xf, 0xff, 0x2, 0x2, 0x0, 0x7f, 0xf8,
    0x26, 0xf0, 0x3, 0xff, 0xbe,

    /* U+FD70 "ﵰ" */
    0x0, 0xff, 0xe1, 0x3f, 0xb0, 0x7, 0xff, 0x21,
    0x3e, 0x40, 0x3f, 0xf8, 0xd6, 0x1a, 0x1, 0xff,
    0xc8, 0xd0, 0x70, 0xf, 0xfe, 0x37, 0xb4, 0x80,
    0x7f, 0xf2, 0x21, 0xe8, 0x3, 0xff, 0x8c, 0x72,
    0x40, 0x1f, 0xfc, 0x81, 0x84, 0x0, 0xff, 0xe3,
    0x22, 0xa0, 0x80, 0x7f, 0xf1, 0xc5, 0x14, 0xc0,
    0x3e, 0x6e, 0xfd, 0x30, 0xd, 0x57, 0x57, 0xd8,
    0xa0, 0x1f, 0xfc, 0x32, 0xae, 0xba, 0xcc, 0x8,
    0x6, 0x89, 0x10, 0x2d, 0x10, 0xb, 0x40, 0x31,
    0xd6, 0xa8, 0x7, 0x90, 0x40, 0x33, 0x6a, 0x80,
    0x63, 0xa0, 0x9, 0x1c, 0x2f, 0x44, 0x52, 0x1,
    0x3f, 0xfd, 0x90, 0x25, 0x5f, 0x20, 0x12, 0x5f,
    0x80, 0x51, 0x20, 0x55, 0xfe, 0x60, 0x41, 0x0,
    0x40, 0x3a, 0x14, 0x3, 0x80, 0x7c, 0x6f, 0x0,
    0x11, 0x0, 0x5a, 0xa, 0x0, 0x77, 0x2, 0xea,
    0x80, 0x2c, 0x0, 0x40, 0xa6, 0xa, 0x20, 0xc0,
    0x8, 0x0, 0xf2, 0xe4, 0x80, 0x1a, 0x0, 0x27,
    0x0, 0x92, 0x1, 0xa8, 0x3, 0x50, 0x0, 0xd6,
    0xc0, 0x5, 0xef, 0x0, 0x7, 0x96, 0x64, 0x5f,
    0xd1, 0x8a, 0x3, 0x53, 0x32, 0xc4, 0x13, 0x2c,
    0x7, 0x15, 0x9e, 0x79, 0xc1, 0xc2, 0x4, 0x56,
    0x22, 0x87, 0x0, 0x9a, 0x64, 0xe8, 0x0, 0x7f,
    0xa2, 0x6, 0x99, 0x20, 0x38, 0x18, 0x0, 0x6a,
    0x93, 0xc, 0x20, 0xd0, 0x6, 0x6c, 0x4f, 0x61,
    0x6, 0xd5, 0x0, 0x89, 0x67, 0xa0, 0x45, 0x8c,
    0x40, 0x2, 0x98, 0xd7, 0x31, 0x0, 0xc2, 0x8f,
    0xb2, 0x0,

    /* U+FD71 "ﵱ" */
    0x0, 0xff, 0xe7, 0x97, 0xf8, 0xc0, 0x3f, 0xfb,
    0x66, 0x0, 0x70, 0xf, 0xff, 0xf8, 0x7, 0xc2,
    0x0, 0x10, 0xf, 0xff, 0x59, 0xe7, 0xfb, 0xad,
    0x40, 0x3f, 0xf9, 0x66, 0x1, 0xff, 0xc1, 0x30,
    0x0, 0xa5, 0x74, 0xa0, 0x80, 0x7e, 0x24, 0x20,
    0xf, 0xf0, 0xc6, 0xff, 0x50, 0x80, 0x63, 0x69,
    0x94, 0x28, 0x89, 0xaf, 0xbc, 0x3, 0xd3, 0xb7,
    0xac, 0x1, 0xc2, 0x2, 0xbe, 0xe4, 0x2, 0xb8,
    0x1, 0xd2, 0xcc, 0x7a, 0xc3, 0x0, 0xc2, 0x1,
    0xa5, 0x80, 0x29, 0x30, 0xf, 0x55, 0x4, 0x1e,
    0x54, 0x9, 0x80, 0x3e, 0x3c, 0xd3, 0x0, 0x1b,
    0x80, 0x63, 0x60, 0xae, 0x20, 0x80, 0xc, 0x60,
    0x40, 0x7d, 0xd, 0x46, 0x18, 0x1, 0xe8, 0xc3,
    0x6, 0x80, 0x68, 0x10, 0xb, 0xc1, 0x94, 0x60,
    0x10, 0x80, 0x21, 0x0, 0x26, 0x8, 0x4, 0xe0,
    0x1f, 0x53, 0x82, 0xf4, 0xb0, 0x29, 0x0, 0x48,
    0x60, 0x82, 0xa, 0x21, 0x0, 0x1, 0x20, 0x2b,
    0x0, 0xca, 0x81, 0xa0, 0x19, 0xd4, 0x22, 0x84,
    0x4, 0x83, 0x21, 0x9e, 0x80, 0x5, 0xee, 0xe1,
    0x5, 0xa6, 0xa1, 0x5, 0x53, 0x3d, 0x75, 0x0,
    0x39, 0x94, 0x6, 0x1, 0x9c, 0x3, 0x48, 0xb,
    0xcc, 0x8, 0x58, 0x8a, 0x20, 0x1, 0x2c, 0xa0,
    0x1, 0xea, 0x61, 0x44, 0x2, 0x69, 0xa6, 0x70,
    0x4, 0x0, 0x72, 0x62, 0x88, 0x0, 0xad, 0x3d,
    0x84, 0x17, 0x98, 0x40, 0x3f, 0x12, 0xd6, 0x31,
    0x0, 0xae, 0x2, 0x8, 0x7, 0x8e, 0xbb, 0xfd,
    0xa8, 0x3, 0x3d, 0xf4, 0x33, 0xdf, 0xff, 0xb6,
    0x94, 0xe7, 0x7f, 0x8c, 0x40, 0x40, 0x3f, 0xfb,
    0x82, 0xe, 0x1, 0xff, 0xdc, 0xc0, 0x26, 0x0,
    0xff, 0xed, 0xb0, 0x84, 0xd2, 0x8, 0x0, 0x9a,
    0x84, 0x3, 0xff, 0xa7, 0xa2, 0xb, 0x7d, 0xfe,
    0xd9, 0x56, 0x0, 0xff, 0xe9, 0x9f, 0xb0, 0x7,
    0xca, 0x80, 0x1f, 0xfd, 0x41, 0x9f, 0xca, 0xab,
    0x7e, 0x8c, 0x3, 0xff, 0xa4,

    /* U+FD72 "ﵲ" */
    0x0, 0xff, 0xe7, 0x27, 0xf8, 0x40, 0x3f, 0xff,
    0xce, 0x0, 0x30, 0xf, 0xff, 0xf0, 0x80, 0x4,
    0x3, 0xff, 0xca, 0x68, 0xa6, 0x1, 0xff, 0xc1,
    0x24, 0x10, 0xe, 0x30, 0x3, 0x81, 0x4f, 0x7f,
    0x40, 0x5, 0xf7, 0x59, 0xf6, 0x80, 0x1f, 0xd5,
    0xb7, 0xc8, 0x1, 0xf0, 0xb6, 0xb0, 0x80, 0xbd,
    0x80, 0x14, 0x3, 0x25, 0xe2, 0x0, 0x7a, 0xd4,
    0x2, 0xb1, 0x0, 0x84, 0x1, 0x12, 0x2, 0xf2,
    0x80, 0x86, 0x13, 0xfe, 0xec, 0x71, 0x3b, 0xf7,
    0x0, 0x95, 0x3, 0x34, 0x42, 0x40, 0x3c, 0x40,
    0xbd, 0xd, 0x62, 0x8, 0x1, 0x84, 0xe1, 0x80,
    0x2e, 0x0, 0xa0, 0x20, 0xca, 0x41, 0x80, 0x3e,
    0x6a, 0x0, 0xc6, 0x1e, 0x1, 0xcb, 0xae, 0x0,
    0x8b, 0x0, 0x29, 0x5, 0x80, 0x18, 0x5, 0xc0,
    0x4, 0x0, 0x49, 0x0, 0xcc, 0x41, 0xa6, 0xaf,
    0x7f, 0x44, 0x26, 0x12, 0xa8, 0xb6, 0x0, 0x3d,
    0x79, 0x0, 0x43, 0xa7, 0x0, 0x39, 0x15, 0xa7,
    0x64, 0x9, 0x7a, 0xa1, 0x0, 0x63, 0xb8, 0x22,
    0x8b, 0xa1, 0x15, 0x81, 0x43, 0x80, 0x51, 0x66,
    0x0, 0xab, 0xa9, 0x62, 0x3, 0xc0, 0x20, 0x26,
    0xae, 0x70, 0x2c, 0x51, 0x0, 0x1e, 0x26, 0xa8,
    0x83, 0x6a, 0x80, 0x7f, 0x13, 0x5e, 0x8, 0x0,

    /* U+FD73 "ﵳ" */
    0x0, 0xff, 0xe6, 0x97, 0xf8, 0xc0, 0x3f, 0xfa,
    0xc6, 0x0, 0x70, 0xf, 0xfe, 0xb0, 0x80, 0x7f,
    0xf7, 0x4, 0x3, 0xff, 0xb2, 0x60, 0x1f, 0xfe,
    0x82, 0x41, 0x0, 0xfe, 0x14, 0x20, 0xf, 0x8,
    0x8, 0xc, 0x6f, 0xf5, 0x8, 0x7, 0x56, 0xdf,
    0x28, 0x7, 0xd1, 0xd7, 0xae, 0x1, 0xf9, 0x3d,
    0xc8, 0x5, 0x70, 0x3, 0x52, 0x80, 0x54, 0x20,
    0x1d, 0xe, 0x1, 0x41, 0x80, 0x63, 0xa, 0xb1,
    0x6, 0x95, 0x2, 0x60, 0x2, 0xa8, 0x2f, 0x44,
    0x20, 0x3, 0x13, 0x85, 0x71, 0x4, 0x0, 0x78,
    0x80, 0xfa, 0x5a, 0x8c, 0x30, 0x1, 0x0, 0xe8,
    0x50, 0xc, 0x1, 0xa4, 0x15, 0x43, 0x20, 0x84,
    0x1, 0x8, 0x1, 0x30, 0x40, 0x26, 0x1, 0x5,
    0x20, 0x41, 0x6, 0x0, 0x40, 0x0, 0xd0, 0x10,
    0x41, 0x4, 0x20, 0x2, 0x20, 0x2b, 0x0, 0xc8,
    0xa0, 0x69, 0x60, 0x3, 0xc7, 0x80, 0x3, 0xc2,
    0xf0, 0x0, 0x7d, 0xd8, 0x41, 0x65, 0x28, 0x42,
    0x91, 0x5a, 0x32, 0xc0, 0x66, 0x42, 0x2b, 0x12,
    0x87, 0x0, 0x9e, 0x88, 0x2c, 0x86, 0x24, 0x2,
    0x6b, 0x50, 0x4, 0x5d, 0x4b, 0x98, 0x16, 0x89,
    0x9b, 0x13, 0xd8, 0x41, 0xb5, 0x40, 0x5, 0x69,
    0x8e, 0x20, 0x9a, 0xc2, 0x1, 0xf8, 0x96, 0xb4,
    0xc0,

    /* U+FD74 "ﵴ" */
    0x0, 0xff, 0xe8, 0xdf, 0xd0, 0x7, 0xff, 0xfc,
    0x3, 0xfc, 0x20, 0x20, 0x1f, 0xfd, 0xd3, 0x0,
    0xff, 0xf0, 0xb8, 0x7, 0xff, 0x74, 0x40, 0x40,
    0x3f, 0xfa, 0xa8, 0x60, 0x1f, 0xf2, 0xdf, 0xfb,
    0x10, 0x3, 0xff, 0x96, 0x9d, 0x79, 0x80, 0xe,
    0xf0, 0x31, 0xba, 0x40, 0x1, 0xda, 0x0, 0x7f,
    0xf2, 0x4e, 0xc4, 0x0, 0x72, 0x1, 0xe1, 0xc4,
    0x4, 0x98, 0x10, 0x90, 0xf, 0xfe, 0x4f, 0x82,
    0x73, 0x83, 0x10, 0x4, 0x20, 0x2, 0xa, 0xb6,
    0x7b, 0x2, 0x10, 0x9, 0x4c, 0x3, 0xff, 0x84,
    0xa6, 0x14, 0x30, 0x21, 0x40, 0x1f, 0x62, 0x80,
    0x42, 0x1, 0xeb, 0xc6, 0x0, 0xf4, 0xb0, 0x80,
    0x68, 0x0, 0x38, 0x1, 0x81, 0xc4, 0x1, 0xe0,
    0xb, 0x30, 0x8, 0xa0, 0x4, 0x40, 0x3, 0x10,
    0x40, 0xf, 0x34, 0xf5, 0xbb, 0x51, 0x0, 0x26,
    0x99, 0x0, 0x18, 0xce, 0xc0, 0x62, 0xcf, 0x39,
    0xa6, 0x6, 0xca, 0x4a, 0x0, 0x20, 0xe, 0x15,
    0x0, 0x24, 0x4a, 0x84, 0x30, 0x2c, 0x98, 0x0,
    0xa6, 0x0, 0x7, 0x53, 0xc, 0x60, 0x11, 0x4d,
    0x70, 0x7, 0xf0, 0xd7, 0x18, 0x4, 0x2e, 0xe9,
    0xa3, 0x2, 0xba, 0x20, 0xf, 0xc2, 0x71, 0xb0,
    0x82, 0x8, 0x60, 0x6, 0x0, 0xf8, 0x5c, 0x13,
    0xfa, 0x0, 0xb, 0x9f, 0xa8, 0xbb, 0xff, 0xfb,
    0xb1, 0xc9, 0xef, 0xbe, 0x14, 0x1, 0x32, 0x31,
    0x0, 0x13, 0x62, 0x6, 0x0, 0x7f, 0xf4, 0xa8,
    0x0, 0xd9, 0xdf, 0xed, 0x93, 0x5, 0x70, 0xf,
    0xfe, 0x92, 0xe2, 0x0, 0x7c, 0x97, 0x40, 0x1f,
    0xfd, 0x43, 0xbf, 0xca, 0xa5, 0xef, 0xda, 0x0,
    0x7f, 0xf6, 0xd, 0x54, 0x84, 0x1, 0xff, 0xda,
    0x4f, 0x92, 0xeb, 0x0, 0xff, 0xed, 0x60, 0x23,
    0xa, 0x0, 0x7f, 0xf6, 0xa2, 0x1e, 0x93, 0x60,
    0x1f, 0xfd, 0x60,

    /* U+FD75 "ﵵ" */
    0x0, 0xff, 0xe9, 0x88, 0x7, 0xff, 0x0, 0xd8,
    0x80, 0x39, 0x19, 0x4c, 0x3, 0xfc, 0xb9, 0xfd,
    0xf4, 0x20, 0x1f, 0x37, 0x64, 0xe9, 0x0, 0x4b,
    0x73, 0x59, 0xd0, 0x20, 0x1e, 0xba, 0x30, 0x9,
    0x68, 0x3, 0xd5, 0x22, 0x1, 0x40, 0x4, 0xe0,
    0x18, 0x5f, 0xa0, 0x80, 0x25, 0x40, 0xbf, 0xf2,
    0x82, 0x80, 0x75, 0xa8, 0x26, 0xd8, 0x28, 0x80,
    0xb, 0xbf, 0xdb, 0x46, 0xf, 0xbe, 0x0, 0x10,
    0x7, 0x80, 0x34, 0xc, 0x3, 0x3a, 0x0, 0xd9,
    0x21, 0x83, 0x0, 0x42, 0x0, 0x25, 0xf1, 0x0,
    0x84, 0x11, 0x81, 0x28, 0x64, 0x28, 0x2, 0x18,
    0x0, 0xb, 0x80, 0x28, 0x24, 0x3, 0xc7, 0x58,
    0x20, 0x56, 0x20, 0x9, 0x70, 0x5e, 0x12, 0x70,
    0x9, 0xc0, 0x8, 0x11, 0x6d, 0x80, 0x38, 0xcc,
    0x7a, 0xec, 0x50, 0x50, 0x2f, 0x76, 0x64, 0x18,
    0x6, 0x18, 0x65, 0xf, 0x2, 0xb4, 0x4, 0x95,
    0x0, 0x1c, 0xca, 0x14, 0x41, 0x32, 0x98, 0x12,
    0x26, 0x4e, 0x80, 0x18, 0xde, 0x6a, 0x8, 0x1c,
    0x2e, 0x4c, 0x6, 0xa0, 0x40, 0x2, 0x91, 0xb6,
    0x61, 0x32, 0x30, 0x8, 0x96, 0x7b, 0x90, 0x82,
    0x0, 0xc0, 0xe, 0x6c, 0xfe, 0x57, 0xef, 0xf7,
    0x5b, 0x90, 0x6, 0x6c, 0xff, 0xb6, 0x98, 0x44,
    0xf7, 0xdf, 0xe4, 0x20, 0x10, 0xf, 0xfe, 0x12,
    0xa8, 0x3, 0xff, 0x8f, 0xc0, 0xa0, 0x1f, 0xfc,
    0x13, 0xaa, 0x10, 0x7, 0xff, 0x18, 0x80, 0x44,
    0x1, 0xff, 0xc0, 0x22, 0xc0, 0x1f, 0xfc, 0x67,
    0x0, 0x28, 0x7, 0xff, 0x0, 0x77, 0x40, 0x1f,
    0xfc, 0x72, 0x10, 0xc0, 0xf, 0xfe, 0xba, 0x82,
    0x0, 0x7f, 0xf5, 0xfe, 0xb4, 0x3, 0xff, 0xac,

    /* U+FD76 "ﵶ" */
    0x0, 0xff, 0xe9, 0x8, 0x7, 0xff, 0x0, 0x90,
    0x40, 0x3f, 0x90, 0xc0, 0x3e, 0x4b, 0xfe, 0xfc,
    0x20, 0xf, 0x93, 0x75, 0x7e, 0x20, 0x1e, 0x4e,
    0xbc, 0xc0, 0x7, 0x45, 0xa0, 0x4, 0x7e, 0x1,
    0xea, 0xb2, 0x0, 0xc, 0x0, 0x71, 0xd8, 0x80,
    0xe, 0x40, 0x23, 0x70, 0x9e, 0xf8, 0x2, 0x10,
    0xd, 0x4a, 0x7, 0xb6, 0xc, 0x20, 0x1b, 0x81,
    0x79, 0xc1, 0x84, 0x0, 0x40, 0xb, 0x0, 0x18,
    0x0, 0x40, 0x27, 0x50, 0x1c, 0x24, 0x30, 0x70,
    0x9, 0x48, 0x68, 0x60, 0x42, 0x40, 0x3, 0x20,
    0x58, 0x30, 0xa, 0x1, 0xa0, 0x0, 0x2e, 0x0,
    0xa0, 0x80, 0xa, 0x0, 0x54, 0x0, 0xe0, 0xc2,
    0x0, 0x6a, 0x2, 0xe3, 0x18, 0x0, 0x98, 0x0,
    0x61, 0x16, 0xd8, 0x3, 0x8d, 0x44, 0x0, 0xa9,
    0x54, 0x1, 0xc6, 0x63, 0xf8, 0x6, 0x3a, 0x65,
    0x1f, 0x2, 0xc4, 0x4, 0x95, 0x0, 0x1c, 0xa8,
    0x42, 0x83, 0x51, 0x0, 0xa, 0x65, 0xa, 0x1,
    0x89, 0xe6, 0xa8, 0x40, 0xe1, 0x72, 0x60, 0x37,
    0x24, 0x2, 0xee, 0xa9, 0x30, 0x2c, 0x92, 0x0,
    0xa, 0x47, 0x72, 0x50, 0x40, 0x18, 0x1, 0xcd,
    0x9f, 0xc8, 0xdb, 0xfd, 0x0, 0x6, 0xcf, 0xd3,
    0x6d, 0xff, 0x75, 0xb8, 0x89, 0xaf, 0xbf, 0xce,
    0x40, 0x20, 0x1f, 0xfd, 0x6e, 0x5, 0x0, 0xff,
    0xeb, 0x10, 0x8, 0x80, 0x3f, 0xfa, 0xae, 0x0,
    0x50, 0xf, 0xfe, 0xa9, 0x8, 0x60, 0x7, 0xff,
    0x59, 0x1, 0x0, 0x3f, 0xfa, 0xd3, 0x78, 0x1,
    0xff, 0xd5,

    /* U+FD77 "ﵷ" */
    0x0, 0xff, 0xe7, 0x95, 0x77, 0xf2, 0x80, 0x7c,
    0x48, 0x20, 0x1f, 0xc2, 0x84, 0x1, 0xe3, 0xd5,
    0x10, 0x11, 0x0, 0x7a, 0xb6, 0xf9, 0x40, 0x3e,
    0x8e, 0xbd, 0x70, 0xe, 0xe0, 0x3, 0xd4, 0x28,
    0x7, 0x52, 0x80, 0x54, 0x40, 0x1d, 0xe, 0x1,
    0x41, 0x80, 0x44, 0x40, 0x98, 0x57, 0x10, 0xc,
    0xaa, 0xb, 0xd1, 0xb, 0x0, 0xc6, 0xe1, 0x5c,
    0x41, 0xe0, 0x10, 0x80, 0x14, 0x3, 0xf4, 0x3,
    0xa1, 0x40, 0x30, 0x80, 0x50, 0xa, 0xa1, 0x90,
    0x32, 0x0, 0x18, 0x2, 0xc0, 0x31, 0x0, 0x14,
    0x81, 0x4, 0x18, 0x1, 0x20, 0x3, 0x40, 0x41,
    0x4, 0x10, 0x90, 0x9, 0xc1, 0xe0, 0xdf, 0x7c,
    0x16, 0xc0, 0x7, 0x8f, 0x0, 0x7, 0x97, 0xe0,
    0x0, 0xfb, 0xb0, 0x82, 0x53, 0xb7, 0x8, 0x3e,
    0x41, 0x15, 0x62, 0x2b, 0x12, 0x87, 0x0, 0x9a,
    0x8, 0x2c, 0x86, 0x24, 0x2, 0x58, 0x99, 0x8,
    0x6, 0x6d, 0x20, 0x3c, 0x4f, 0x61, 0x6, 0xe5,
    0x0, 0x15, 0xa6, 0x38, 0x82, 0x73, 0x8, 0x0,
    0x49, 0x1e, 0xfe, 0x48, 0x0,

    /* U+FD78 "ﵸ" */
    0x0, 0xff, 0xea, 0x88, 0x7, 0xff, 0x3d, 0xc,
    0x3, 0xe3, 0xbf, 0xef, 0xc3, 0x0, 0xff, 0xe5,
    0x27, 0x5e, 0x60, 0x3, 0x9f, 0x10, 0x2, 0x3d,
    0x0, 0xff, 0xe4, 0x9d, 0x88, 0x0, 0xe4, 0x2,
    0x28, 0x9, 0xef, 0x80, 0x12, 0x0, 0xff, 0xe4,
    0x78, 0x27, 0x38, 0x31, 0x0, 0x8, 0x1, 0x6,
    0x8, 0x0, 0x30, 0x9, 0x4c, 0x3, 0xff, 0x84,
    0xa6, 0x14, 0x30, 0x21, 0x40, 0x14, 0x80, 0xf8,
    0xc0, 0x20, 0x80, 0x57, 0x8c, 0x1, 0xe9, 0x61,
    0x0, 0xd0, 0x0, 0x70, 0x3, 0x3, 0x88, 0x1,
    0xac, 0xb, 0x90, 0x24, 0x2, 0x31, 0x4, 0x0,
    0xf3, 0x4f, 0x5b, 0xb5, 0x10, 0x2, 0x69, 0x90,
    0x1, 0x8e, 0xcf, 0xc0, 0x18, 0xa9, 0x94, 0x54,
    0x0, 0x40, 0x1c, 0x2a, 0x0, 0x48, 0x95, 0x8,
    0x60, 0x59, 0x30, 0x1, 0x44, 0xc2, 0x80, 0x62,
    0x79, 0xad, 0x0, 0xfe, 0x1a, 0xe3, 0x0, 0x85,
    0xdd, 0x34, 0x60, 0x57, 0x44, 0x0, 0x14, 0x8d,
    0xf9, 0x42, 0x0, 0x21, 0x80, 0x18, 0x3, 0xe1,
    0x70, 0x4f, 0xe8, 0x0, 0x2e, 0x7e, 0xa2, 0xef,
    0xfb, 0xad, 0xc8, 0x1a, 0xf7, 0xfd, 0xa, 0x0,
    0x99, 0x18, 0x80, 0x9, 0xb1, 0x3, 0x0, 0x3f,
    0xf9, 0xd4, 0x0, 0x6c, 0xef, 0xf6, 0xc9, 0x82,
    0xb8, 0x7, 0xff, 0x39, 0x71, 0x0, 0x3e, 0x4b,
    0xa0, 0xf, 0xfe, 0x81, 0xdf, 0xe5, 0x52, 0xf7,
    0xed, 0x0, 0x3f, 0xf9, 0xe0,

    /* U+FD79 "ﵹ" */
    0x0, 0xff, 0xe8, 0xc7, 0xa8, 0x7, 0xff, 0x59,
    0x43, 0xc0, 0x3f, 0xfa, 0xdc, 0xd0, 0x1, 0xff,
    0xd6, 0x39, 0x20, 0xf, 0xfe, 0xb8, 0x80, 0x7f,
    0xf0, 0x9, 0x4, 0x3, 0xf9, 0xc, 0x3, 0xe4,
    0xbf, 0xef, 0xc2, 0x0, 0xf9, 0x37, 0x57, 0xe2,
    0x1, 0xe4, 0xeb, 0xcc, 0x0, 0x74, 0x5a, 0x0,
    0x47, 0xe0, 0x1e, 0xab, 0x20, 0x0, 0xc0, 0x7,
    0x1d, 0x88, 0x0, 0xe4, 0x2, 0x37, 0x9, 0xef,
    0x80, 0x21, 0x0, 0xd4, 0xa0, 0x7b, 0x60, 0xc2,
    0x1, 0xb8, 0x17, 0x9c, 0x18, 0x40, 0x4, 0x0,
    0xb0, 0x1, 0x80, 0x4, 0x2, 0x75, 0x1, 0xc2,
    0x43, 0x7, 0x0, 0x94, 0x86, 0x86, 0x4, 0x24,
    0x0, 0x32, 0x5, 0x83, 0x0, 0xa0, 0x1a, 0x0,
    0x2, 0xe0, 0xa, 0x8, 0x0, 0xa0, 0x5, 0x40,
    0xe, 0xc, 0x20, 0x6, 0xa0, 0x2e, 0x31, 0x80,
    0x9, 0x80, 0x6, 0x11, 0x6d, 0x80, 0x38, 0xd4,
    0x40, 0xa, 0x95, 0x40, 0x1c, 0x66, 0x3f, 0x80,
    0x63, 0xa6, 0x51, 0xf0, 0x2c, 0x40, 0x49, 0x50,
    0x1, 0xca, 0x84, 0x28, 0x35, 0x10, 0x0, 0xa6,
    0x50, 0xa0, 0x18, 0x9e, 0x6a, 0x84, 0xe, 0x17,
    0x26, 0x3, 0x72, 0x40, 0x2e, 0xea, 0x93, 0x2,
    0xc9, 0x20, 0x0, 0xa4, 0x77, 0x25, 0x4, 0x1,
    0x80, 0x1c, 0xd9, 0xfc, 0x8d, 0xbf, 0xd0, 0x0,
    0x6c, 0xfd, 0x36, 0xdf, 0xf7, 0x5b, 0x88, 0x9a,
    0xfb, 0xfc, 0xe4, 0x2, 0x1, 0xff, 0xd6, 0xe0,
    0x50, 0xf, 0xfe, 0xb1, 0x0, 0x88, 0x3, 0xff,
    0xaa, 0xe0, 0x5, 0x0, 0xff, 0xea, 0x90, 0x86,
    0x0, 0x7f, 0xf5, 0x90, 0x10, 0x3, 0xff, 0xad,
    0x37, 0x80, 0x1f, 0xfd, 0x50,

    /* U+FD7A "ﵺ" */
    0x0, 0xff, 0xea, 0x3f, 0xb0, 0x7, 0xff, 0x66,
    0xc3, 0x40, 0x3f, 0xfb, 0x3e, 0xd2, 0x1, 0xff,
    0xd9, 0x39, 0x20, 0xf, 0xfe, 0xd0, 0x80, 0x7f,
    0xf3, 0xd0, 0xc0, 0x3e, 0x3b, 0xfe, 0xfc, 0x30,
    0xf, 0xfe, 0x52, 0x75, 0xe6, 0x0, 0x39, 0xf1,
    0x0, 0x23, 0xd0, 0xf, 0xfe, 0x49, 0xd8, 0x80,
    0xe, 0x40, 0x22, 0x80, 0x9e, 0xf8, 0x1, 0x20,
    0xf, 0xfe, 0x47, 0x82, 0x73, 0x83, 0x10, 0x0,
    0x80, 0x10, 0x60, 0x80, 0x3, 0x0, 0x94, 0xc0,
    0x3f, 0xf8, 0x4a, 0x61, 0x43, 0x2, 0x14, 0x1,
    0x48, 0xf, 0x8c, 0x2, 0x8, 0x5, 0x78, 0xc0,
    0x1e, 0x96, 0x10, 0xd, 0x0, 0x7, 0x0, 0x30,
    0x38, 0x80, 0x1a, 0xc0, 0xb9, 0x2, 0x40, 0x23,
    0x10, 0x40, 0xf, 0x34, 0xf5, 0xbb, 0x51, 0x0,
    0x26, 0x99, 0x0, 0x18, 0xec, 0xfc, 0x1, 0x8a,
    0x99, 0x45, 0x40, 0x4, 0x1, 0xc2, 0xa0, 0x4,
    0x89, 0x50, 0x86, 0x5, 0x93, 0x0, 0x14, 0x4c,
    0x28, 0x6, 0x27, 0x9a, 0xd0, 0xf, 0xe1, 0xae,
    0x30, 0x8, 0x5d, 0xd3, 0x46, 0x5, 0x74, 0x40,
    0x1, 0x48, 0xdf, 0x94, 0x20, 0x2, 0x18, 0x1,
    0x80, 0x3e, 0x17, 0x4, 0xfe, 0x80, 0x2, 0xe7,
    0xea, 0x2e, 0xff, 0xba, 0xdc, 0x81, 0xaf, 0x7f,
    0xd0, 0xa0, 0x9, 0x91, 0x88, 0x0, 0x9b, 0x10,
    0x30, 0x3, 0xff, 0x9d, 0x40, 0x6, 0xce, 0xff,
    0x6c, 0x98, 0x2b, 0x80, 0x7f, 0xf3, 0x97, 0x10,
    0x3, 0xe4, 0xba, 0x0, 0xff, 0xe8, 0x1d, 0xfe,
    0x55, 0x2f, 0x7e, 0xd0, 0x3, 0xff, 0xa8, 0x6a,
    0xa4, 0x20, 0xf, 0xfe, 0xb2, 0x7c, 0x97, 0x58,
    0x7, 0xff, 0x5b, 0x1, 0x18, 0x50, 0x3, 0xff,
    0xad, 0x10, 0xf4, 0x9b, 0x0, 0xff, 0xe9, 0x0,

    /* U+FD7B "ﵻ" */
    0x0, 0xff, 0xea, 0x3f, 0xb0, 0x7, 0xff, 0x66,
    0xc3, 0x40, 0x3f, 0xfb, 0x3e, 0xd2, 0x1, 0xff,
    0xd9, 0x39, 0x20, 0xf, 0xfe, 0xd0, 0x80, 0x7f,
    0xf3, 0xd0, 0xc0, 0x3e, 0x3b, 0xfe, 0xfc, 0x30,
    0xf, 0xfe, 0x52, 0x75, 0xe6, 0x0, 0x39, 0xf1,
    0x0, 0x23, 0xd0, 0xf, 0xfe, 0x49, 0xd8, 0x80,
    0xe, 0x40, 0x22, 0x80, 0x9e, 0xf8, 0x1, 0x20,
    0xf, 0xfe, 0x47, 0x82, 0x73, 0x83, 0x10, 0x0,
    0x80, 0x10, 0x60, 0x80, 0x3, 0x0, 0x94, 0xc0,
    0x3f, 0xf8, 0x4a, 0x61, 0x43, 0x2, 0x14, 0x1,
    0x48, 0xf, 0x8c, 0x2, 0x8, 0x5, 0x78, 0xc0,
    0x1e, 0x96, 0x10, 0xd, 0x0, 0x7, 0x0, 0x30,
    0x38, 0x80, 0x1a, 0xc0, 0xb9, 0x2, 0x40, 0x23,
    0x10, 0x40, 0xf, 0x34, 0xf5, 0xbb, 0x51, 0x0,
    0x26, 0x99, 0x0, 0x18, 0xec, 0xfc, 0x1, 0x8a,
    0x99, 0x45, 0x40, 0x4, 0x1, 0xc2, 0xa0, 0x4,
    0x89, 0x50, 0x86, 0x5, 0x93, 0x0, 0x14, 0x4c,
    0x28, 0x6, 0x27, 0x9a, 0xd0, 0xf, 0xe1, 0xae,
    0x30, 0x8, 0x5d, 0xd3, 0x46, 0x5, 0x74, 0x40,
    0x1, 0x48, 0xdf, 0x94, 0x20, 0x2, 0x18, 0x1,
    0x80, 0x3e, 0x17, 0x4, 0xfe, 0x80, 0x2, 0xe7,
    0xea, 0x2e, 0xff, 0xba, 0xdc, 0x81, 0xaf, 0x7f,
    0xd0, 0xa0, 0x9, 0x91, 0x88, 0x0, 0x9b, 0x10,
    0x30, 0x3, 0xff, 0x9d, 0x40, 0x6, 0xce, 0xff,
    0x6c, 0x98, 0x2b, 0x80, 0x7f, 0xf3, 0x97, 0x10,
    0x3, 0xe4, 0xba, 0x0, 0xff, 0xe8, 0x1d, 0xfe,
    0x55, 0x2f, 0x7e, 0xd0, 0x3, 0xff, 0x9e,

    /* U+FD7C "ﵼ" */
    0x0, 0xff, 0xe8, 0xa7, 0xc8, 0x7, 0xff, 0x20,
    0xfa, 0xc0, 0x3f, 0xf8, 0x18, 0xc, 0x1, 0xff,
    0xc8, 0x41, 0x40, 0xf, 0xfe, 0x4, 0xbd, 0x80,
    0x7f, 0xf2, 0x1d, 0xd4, 0x1, 0xff, 0xc0, 0x18,
    0x40, 0xf, 0xfe, 0x4c, 0x28, 0x7, 0xff, 0x0,
    0x50, 0xc0, 0x3f, 0xf8, 0x6, 0xc4, 0x1, 0xc8,
    0xca, 0x60, 0x1f, 0xe7, 0xeb, 0xcc, 0x8, 0x7,
    0xe6, 0xec, 0x9d, 0x20, 0x9, 0x6e, 0x6b, 0x3a,
    0x4, 0x3, 0xcd, 0x0, 0x11, 0xe8, 0x7, 0xd5,
    0x22, 0x1, 0x40, 0x4, 0xe0, 0x18, 0x5f, 0xa0,
    0x80, 0x34, 0x2, 0x7c, 0x1, 0xa0, 0x7, 0x5a,
    0x82, 0x6d, 0x82, 0x88, 0x0, 0xbb, 0xfd, 0xb4,
    0x60, 0xfb, 0xe0, 0x2, 0x10, 0x80, 0x70, 0x1,
    0x0, 0x67, 0x40, 0x1b, 0x24, 0x30, 0x60, 0x8,
    0x40, 0x4, 0xbc, 0x20, 0x10, 0x81, 0x80, 0x18,
    0x4, 0x0, 0x60, 0x10, 0xc0, 0x0, 0x5c, 0x1,
    0x41, 0x20, 0x1e, 0x29, 0xd1, 0x3, 0xb1, 0x1,
    0x40, 0xb3, 0xa0, 0x14, 0x0, 0x9c, 0x0, 0x81,
    0x16, 0xb8, 0x3, 0x6c, 0xaf, 0x3b, 0xa6, 0x5,
    0x3, 0xe6, 0x55, 0x60, 0xe, 0x20, 0x22, 0x14,
    0xc3, 0xc0, 0xad, 0x1, 0x29, 0x40, 0x9, 0x35,
    0xc, 0x40, 0x99, 0x4c, 0xb, 0x35, 0x48, 0x0,
    0xe5, 0xaa, 0x60, 0x90, 0x38, 0x5c, 0x98, 0xc,
    0xc0, 0x80, 0x5, 0x23, 0x6c, 0xc2, 0x64, 0x60,
    0x18, 0x96, 0x5d, 0x8, 0x0, 0x62, 0x1, 0xcd,
    0x9f, 0xcc, 0xfd, 0xfe, 0xeb, 0x72, 0x0, 0xcd,
    0x9f, 0xfb, 0x69, 0xa2, 0xf7, 0xfd, 0x80, 0x40,
    0x20, 0x1f, 0xfd, 0x7e, 0x5, 0x0, 0xff, 0xeb,
    0x90, 0x8, 0x80, 0x3f, 0xfa, 0xce, 0x0, 0x50,
    0xf, 0xfe, 0xb1, 0x8, 0x60, 0x7, 0xff, 0x5d,
    0x1, 0x0, 0x3f, 0xfa, 0xf3, 0x78, 0x1, 0xff,
    0xd6,

    /* U+FD7D "ﵽ" */
    0x0, 0xff, 0xe8, 0xee, 0x84, 0x3, 0xff, 0xa4,
    0x64, 0x45, 0x0, 0xff, 0xe9, 0x1c, 0xc2, 0x0,
    0x7f, 0xf1, 0x1f, 0xd8, 0x3, 0xff, 0x80, 0xce,
    0x1, 0xff, 0xc5, 0xb0, 0xd0, 0xf, 0xfe, 0x1,
    0xa8, 0x80, 0x7f, 0xf1, 0x3d, 0xa4, 0x3, 0xfc,
    0x39, 0x8a, 0xe5, 0x0, 0xff, 0xe1, 0x9c, 0x90,
    0x7, 0xfb, 0x4c, 0x2, 0xa2, 0x0, 0xe3, 0x62,
    0x0, 0xe2, 0x56, 0x52, 0x0, 0xfc, 0x86, 0x19,
    0xa2, 0x14, 0x1, 0xaf, 0x27, 0x58, 0x3, 0x45,
    0x4d, 0x6e, 0x94, 0x3, 0xd8, 0x6, 0x62, 0x70,
    0x40, 0xa, 0xd0, 0x2, 0x92, 0x0, 0xb4, 0x3,
    0x15, 0x6a, 0x80, 0x62, 0x1, 0x10, 0x8, 0x10,
    0x1, 0x50, 0x2f, 0x44, 0x2c, 0x2, 0x6f, 0xfb,
    0x1c, 0x4a, 0xbe, 0x40, 0x1a, 0x5, 0xde, 0xe0,
    0x1a, 0x1, 0xd0, 0xa0, 0x18, 0x40, 0x2, 0x1,
    0x1c, 0x40, 0x2, 0x20, 0x3, 0xa0, 0x7, 0x18,
    0x29, 0x2, 0x8, 0x30, 0x2, 0x40, 0x3c, 0x97,
    0x20, 0x6, 0x80, 0xa, 0xf6, 0xf0, 0x81, 0x16,
    0xc0, 0x7, 0x8f, 0x0, 0x7, 0x85, 0x53, 0xd7,
    0x5a, 0x1, 0x83, 0x5a, 0xae, 0x73, 0xe2, 0xb,
    0x81, 0x15, 0x89, 0x43, 0x80, 0x4f, 0x54, 0x85,
    0x10, 0x6e, 0xd1, 0x7, 0xaa, 0xe8, 0x20, 0x92,
    0x33, 0x62, 0x7b, 0x8, 0x36, 0xa8, 0x4, 0x4b,
    0x3d, 0x22, 0x2f, 0x62, 0x0, 0xe2, 0x6d, 0x60,

    /* U+FD7E "ﵾ" */
    0x0, 0xff, 0xe8, 0xf, 0x60, 0x66, 0x88, 0x7,
    0xff, 0x4d, 0x44, 0xc8, 0xc9, 0x40, 0x3f, 0xfa,
    0x69, 0x36, 0x57, 0x28, 0x1, 0xff, 0xd4, 0x64,
    0x4, 0x60, 0xc, 0x2d, 0x13, 0xa, 0x20, 0x1f,
    0xfc, 0xb2, 0x42, 0x0, 0xe5, 0x97, 0x67, 0xae,
    0xc7, 0x30, 0xf, 0xe2, 0x42, 0x0, 0xfa, 0xb6,
    0xf6, 0xc0, 0x32, 0x80, 0x78, 0xe3, 0x3f, 0xc0,
    0x1e, 0x9d, 0xbd, 0x60, 0xe, 0xa5, 0x0, 0x92,
    0x80, 0x21, 0xff, 0xdb, 0x44, 0x1, 0x84, 0x3,
    0x4b, 0x0, 0x52, 0x60, 0x11, 0x28, 0x37, 0xb0,
    0x28, 0x80, 0x78, 0x6a, 0x84, 0x0, 0x37, 0x0,
    0xc6, 0xc1, 0x5c, 0x41, 0x0, 0x13, 0x80, 0x20,
    0x2c, 0x0, 0xa0, 0x1c, 0xbe, 0xe0, 0xd0, 0xd,
    0x2, 0x1, 0x40, 0x32, 0x8c, 0x2, 0x10, 0x1,
    0x80, 0x6, 0x2, 0x0, 0x60, 0xd, 0x14, 0x2b,
    0xd2, 0xc0, 0xa4, 0x1, 0x22, 0x1, 0x4, 0x14,
    0x42, 0x0, 0x6, 0x60, 0x93, 0xe0, 0x22, 0x0,
    0x4a, 0xe1, 0x14, 0x20, 0x24, 0x19, 0xa, 0xd2,
    0x0, 0x2f, 0x77, 0x8, 0x2c, 0xaa, 0xac, 0x13,
    0x8, 0x15, 0x62, 0xb, 0x6, 0x70, 0xd, 0x20,
    0x2f, 0x52, 0x41, 0x62, 0x28, 0x80, 0x4, 0xd5,
    0x48, 0x0, 0xe7, 0xaa, 0x7b, 0x8, 0x40, 0x7,
    0x26, 0x28, 0x80, 0xa, 0xd3, 0xd8, 0x41, 0x79,
    0x84, 0x2, 0x26, 0xa7, 0x41, 0x0, 0x27, 0x82,
    0x8, 0x7, 0x8e, 0xbb, 0xfd, 0xa8, 0x3, 0x3d,
    0xf4, 0x33, 0xdf, 0xf6, 0xca, 0xc5, 0xf7, 0xfa,
    0x48, 0x4, 0x3, 0xff, 0xae, 0x20, 0xe0, 0x1f,
    0xfd, 0x7c, 0x2, 0x60, 0xf, 0xfe, 0xb3, 0x88,
    0x4d, 0x20, 0x80, 0x9, 0xa8, 0x40, 0x3f, 0xf9,
    0xa3, 0xa2, 0xb, 0x7d, 0xfe, 0xd9, 0x56, 0x0,
    0xff, 0xe7, 0x1f, 0xb0, 0x7, 0xca, 0x80, 0x1f,
    0xfc, 0xf1, 0x9f, 0xca, 0xab, 0x7e, 0x8c, 0x3,
    0xff, 0x9a,

    /* U+FD7F "ﵿ" */
    0x0, 0xff, 0xe7, 0xcf, 0x9b, 0xfb, 0x0, 0x7f,
    0xf4, 0xdc, 0x13, 0x3, 0x0, 0x3f, 0xfa, 0x7b,
    0xf, 0x31, 0x60, 0x1f, 0xfd, 0x33, 0x70, 0x27,
    0x10, 0xf, 0xfe, 0xaa, 0x18, 0x7, 0xff, 0x0,
    0x90, 0x40, 0x3f, 0x90, 0xc0, 0x3e, 0x6f, 0xbc,
    0xe3, 0x0, 0xfc, 0x9b, 0xab, 0xf1, 0x0, 0xf2,
    0x75, 0xe6, 0x0, 0x39, 0x24, 0x2, 0x1d, 0x10,
    0xf, 0x55, 0x90, 0x0, 0x60, 0x3, 0x8e, 0xc4,
    0x0, 0x72, 0x1, 0xa0, 0xb, 0xac, 0x5, 0x80,
    0x3a, 0x94, 0xf, 0x6c, 0x18, 0x40, 0x37, 0x2,
    0xf3, 0x83, 0x8, 0x4, 0x61, 0x62, 0x86, 0x1c,
    0x1, 0x9d, 0x40, 0x70, 0x90, 0xc1, 0xc0, 0x25,
    0x21, 0xa1, 0x81, 0x9, 0x0, 0x88, 0x4, 0x0,
    0x20, 0x20, 0x1a, 0x0, 0x2, 0xe0, 0xa, 0xb,
    0x0, 0xa0, 0x5, 0x40, 0xe, 0xc, 0x20, 0xb,
    0x8, 0x49, 0x20, 0xb0, 0x9, 0x80, 0x6, 0x11,
    0x6d, 0x80, 0x56, 0xd4, 0x40, 0xa, 0x95, 0x40,
    0x1c, 0x65, 0x31, 0xb, 0x60, 0x36, 0x54, 0xf,
    0x2, 0xc4, 0x4, 0x95, 0x0, 0x24, 0xa8, 0x42,
    0x83, 0x51, 0x0, 0xa, 0x6a, 0x82, 0x1, 0x8e,
    0xa9, 0x66, 0x40, 0xe1, 0x72, 0x40, 0x37, 0x24,
    0x2, 0xee, 0xa9, 0x30, 0x2c, 0x92, 0x0, 0x85,
    0x26, 0x4a, 0x40, 0x2, 0x20, 0x7, 0x36, 0xff,
    0x23, 0x6f, 0xf4, 0x0, 0x1b, 0x3f, 0x4d, 0xb7,
    0xfe, 0xeb, 0x66, 0x56, 0xff, 0xb4, 0x48, 0x4,
    0x3, 0xff, 0xad, 0xc0, 0xa0, 0x1f, 0xfd, 0x62,
    0x1, 0x10, 0x7, 0xff, 0x55, 0xc0, 0xa, 0x1,
    0xff, 0xd5, 0x21, 0xc, 0x0, 0xff, 0xeb, 0x20,
    0x20, 0x7, 0xff, 0x5a, 0x6f, 0x0, 0x3f, 0xfa,
    0xa0,

    /* U+FD80 "ﶀ" */
    0x0, 0xff, 0xe7, 0xe7, 0xd0, 0x7, 0xff, 0x4d,
    0xc0, 0x40, 0x3f, 0xfa, 0x62, 0x1, 0xff, 0xd7,
    0x70, 0xf, 0xfe, 0x99, 0x80, 0x7f, 0xf5, 0xc4,
    0x3, 0xfc, 0x6c, 0x40, 0x1c, 0x8c, 0xa6, 0x1,
    0xfc, 0x20, 0x1f, 0xe6, 0xec, 0x9d, 0x20, 0x9,
    0x6e, 0x6b, 0x3a, 0x4, 0x3, 0xf1, 0x80, 0x7d,
    0x52, 0x20, 0x14, 0x0, 0x4e, 0x1, 0x85, 0xfa,
    0x8, 0x3, 0x78, 0x7, 0xeb, 0x50, 0x4d, 0xb0,
    0x51, 0x0, 0x17, 0x7f, 0xb6, 0x8c, 0x1f, 0x7c,
    0x3, 0x84, 0x3, 0x9d, 0x0, 0x6c, 0x90, 0xc1,
    0x80, 0x21, 0x0, 0x12, 0xf8, 0x80, 0x42, 0x0,
    0x10, 0xf, 0xc, 0x0, 0x5, 0xc0, 0x14, 0x12,
    0x1, 0xe3, 0xac, 0x10, 0x2b, 0x10, 0x0, 0x80,
    0xc, 0x2, 0x70, 0x2, 0x4, 0x5b, 0x60, 0xe,
    0x33, 0x1e, 0xbb, 0x14, 0x14, 0xb, 0xdd, 0x9e,
    0x40, 0x1c, 0xe8, 0x1e, 0x7, 0x68, 0x9, 0x2a,
    0x0, 0x39, 0x94, 0x28, 0x82, 0x65, 0x30, 0x24,
    0x4c, 0x8, 0x0, 0xa2, 0xd0, 0x81, 0x82, 0xe4,
    0xc0, 0x6a, 0x4, 0x0, 0x29, 0x1b, 0x66, 0x13,
    0x23, 0x0, 0x93, 0x30, 0x60, 0x2a, 0x1, 0xcd,
    0x9f, 0xca, 0xfd, 0xfe, 0xeb, 0x72, 0x0, 0xcd,
    0x9f, 0xf5, 0x99, 0xb3, 0xf8, 0x48, 0x18, 0x3,
    0xff, 0xa7, 0xc0, 0x40, 0x1f, 0xfd, 0x32, 0x1,
    0x10, 0x7, 0xff, 0x49, 0xc0, 0xa, 0x1, 0xff,
    0xd2, 0x21, 0xc, 0x0, 0xff, 0xe9, 0xa0, 0x20,
    0x7, 0xff, 0x4e, 0x6f, 0x0, 0x3f, 0xfa, 0x40,

    /* U+FD81 "ﶁ" */
    0x0, 0xff, 0xe9, 0x5f, 0xd8, 0x7, 0xff, 0x58,
    0x40, 0x3f, 0xfb, 0x4e, 0x1, 0xff, 0xd6, 0x30,
    0xf, 0xfe, 0xd0, 0x80, 0x7f, 0xf5, 0x84, 0x3,
    0xff, 0xb4, 0x60, 0x1f, 0xfc, 0x83, 0xef, 0xf6,
    0xca, 0x0, 0x7d, 0xe0, 0x1f, 0xfc, 0xa1, 0x10,
    0x0, 0x9a, 0xf5, 0xc4, 0x3, 0x8, 0x8, 0x7,
    0xff, 0x20, 0xbb, 0xfd, 0xb4, 0x85, 0x1d, 0xe0,
    0x1f, 0xf3, 0x28, 0x7, 0xff, 0x8, 0x40, 0x4,
    0xb2, 0x20, 0x10, 0x80, 0x7f, 0xa2, 0x98, 0x3,
    0xd7, 0x2, 0x1, 0xf1, 0xce, 0x88, 0x15, 0x88,
    0x7, 0x20, 0x4, 0x62, 0x8, 0x1, 0xe4, 0x7e,
    0xc8, 0x66, 0x3d, 0x76, 0x30, 0x28, 0x17, 0xbb,
    0x32, 0xc0, 0x14, 0xe8, 0xa, 0x0, 0x20, 0xe,
    0x12, 0x0, 0x1b, 0xcc, 0xa1, 0x44, 0x13, 0x29,
    0xc1, 0x22, 0x64, 0x40, 0x22, 0x8b, 0x40, 0xf,
    0xe1, 0xdc, 0x20, 0xc, 0x29, 0x1b, 0x66, 0x11,
    0x26, 0x1, 0x1e, 0x69, 0x80, 0xb1, 0x80, 0x18,
    0x3, 0xe3, 0x60, 0x4f, 0xf7, 0x5b, 0x90, 0x6,
    0x6c, 0xff, 0xb0, 0xcd, 0x9f, 0xc4, 0xa2, 0x13,
    0x23, 0x10, 0x1, 0x2d, 0xa0, 0x60, 0x7, 0xff,
    0x2e, 0xc0, 0xd, 0x9d, 0xfe, 0xda, 0x40, 0x57,
    0x0, 0xff, 0xe5, 0xae, 0x20, 0x7, 0xc9, 0x74,
    0x1, 0xff, 0xcd, 0x3b, 0xfc, 0xaa, 0x5e, 0xfd,
    0xa0, 0x7, 0xff, 0x44, 0xd5, 0x48, 0x40, 0x1f,
    0xfd, 0x47, 0x20, 0x64, 0x0, 0xff, 0xe9, 0xc4,
    0x3d, 0x26, 0xc0, 0x3f, 0xfa, 0x78, 0x8, 0xc2,
    0x80, 0x1f, 0xfc, 0xf0,

    /* U+FD82 "ﶂ" */
    0x0, 0xff, 0xe9, 0x5f, 0xd8, 0x7, 0xff, 0x58,
    0x40, 0x3f, 0xfb, 0x4e, 0x1, 0xff, 0xd6, 0x30,
    0xf, 0xfe, 0xd0, 0x80, 0x7f, 0xf5, 0x84, 0x3,
    0xff, 0xb4, 0x60, 0x1f, 0xfc, 0x83, 0xef, 0xf6,
    0xca, 0x0, 0x7d, 0xe0, 0x1f, 0xfc, 0xa1, 0x10,
    0x0, 0x9a, 0xf5, 0xc4, 0x3, 0x8, 0x8, 0x7,
    0xff, 0x20, 0xbb, 0xfd, 0xb4, 0x85, 0x1d, 0xe0,
    0x1f, 0xf3, 0x28, 0x7, 0xff, 0x8, 0x40, 0x4,
    0xb2, 0x20, 0x10, 0x80, 0x7f, 0xa2, 0x98, 0x3,
    0xd7, 0x2, 0x1, 0xf1, 0xce, 0x88, 0x15, 0x88,
    0x7, 0x20, 0x4, 0x62, 0x8, 0x1, 0xe4, 0x7e,
    0xc8, 0x66, 0x3d, 0x76, 0x30, 0x28, 0x17, 0xbb,
    0x32, 0xc0, 0x14, 0xe8, 0xa, 0x0, 0x20, 0xe,
    0x12, 0x0, 0x1b, 0xcc, 0xa1, 0x44, 0x13, 0x29,
    0xc1, 0x22, 0x64, 0x40, 0x22, 0x8b, 0x40, 0xf,
    0xe1, 0xdc, 0x20, 0xc, 0x29, 0x1b, 0x66, 0x11,
    0x26, 0x1, 0x1e, 0x69, 0x80, 0xb1, 0x80, 0x18,
    0x3, 0xe3, 0x60, 0x4f, 0xf7, 0x5b, 0x90, 0x6,
    0x6c, 0xff, 0xb0, 0xcd, 0x9f, 0xc4, 0xa2, 0x13,
    0x23, 0x10, 0x1, 0x2d, 0xa0, 0x60, 0x7, 0xff,
    0x2e, 0xc0, 0xd, 0x9d, 0xfe, 0xda, 0x40, 0x57,
    0x0, 0xff, 0xe5, 0xae, 0x20, 0x7, 0xc9, 0x74,
    0x1, 0xff, 0xcd, 0x3b, 0xfc, 0xaa, 0x5e, 0xfd,
    0xa0, 0x7, 0xff, 0x30,

    /* U+FD83 "ﶃ" */
    0x0, 0xff, 0xe7, 0xa7, 0xf8, 0x40, 0x3f, 0xfd,
    0xce, 0x0, 0x30, 0xf, 0xfe, 0x78, 0x80, 0x4,
    0x3, 0xff, 0xdc, 0x60, 0x7, 0x0, 0xff, 0xe9,
    0x8, 0x57, 0xfb, 0xad, 0xc4, 0x3, 0xd7, 0xfe,
    0xeb, 0x71, 0x0, 0xf0, 0x80, 0x7c, 0x29, 0x1d,
    0x48, 0x1, 0xf0, 0xa4, 0x74, 0x98, 0x7, 0xc6,
    0x17, 0xfe, 0xec, 0x71, 0x5b, 0xf7, 0x0, 0x57,
    0xfb, 0xb1, 0xc1, 0xb3, 0xd8, 0x3, 0xe1, 0x0,
    0x9, 0xc3, 0x0, 0x5c, 0x0, 0x10, 0x0, 0x9c,
    0x30, 0x5, 0xc0, 0x1c, 0x20, 0x1c, 0xda, 0xe0,
    0x8, 0xb0, 0xe, 0x16, 0xd6, 0x0, 0x45, 0x0,
    0x70, 0xa3, 0x46, 0x7c, 0x90, 0x98, 0x4d, 0x33,
    0x51, 0x9d, 0x24, 0x43, 0x9, 0xa6, 0x64, 0x80,
    0xa, 0x64, 0xe6, 0x3, 0x1d, 0xc1, 0x13, 0xcc,
    0xce, 0x60, 0x31, 0xbc, 0x2, 0xf3, 0x26, 0x2,
    0x42, 0x2, 0x6a, 0xe7, 0x2, 0xc5, 0x10, 0x0,
    0x93, 0x57, 0x38, 0x16, 0xa8, 0x80, 0x5, 0xb0,
    0x3f, 0xdb, 0x2a, 0x1, 0x8a, 0xbb, 0xfd, 0xdb,
    0x2a, 0x1, 0x8a, 0xbb, 0xfd, 0xd2, 0x20, 0x1c,
    0x2e, 0x20, 0x1f, 0xe2, 0x71, 0x0, 0xff, 0xe1,
    0xd4, 0x58, 0x7, 0xfa, 0x62, 0xc0, 0x3f, 0xf8,
    0x78, 0x18, 0x1, 0xfe, 0xc0, 0xc0, 0xf, 0xf8,

    /* U+FD84 "ﶄ" */
    0x0, 0xff, 0xe8, 0xf, 0xf9, 0x0, 0x3f, 0xfa,
    0xc2, 0x1, 0xff, 0xd3, 0x10, 0xf, 0xfe, 0xc9,
    0x80, 0x7f, 0xf5, 0x84, 0x3, 0xff, 0xb4, 0x7b,
    0xfe, 0xeb, 0x50, 0xf, 0xfe, 0x50, 0x87, 0x80,
    0x42, 0x40, 0x1, 0x4a, 0xe9, 0x41, 0x0, 0xcd,
    0xbf, 0xd6, 0x80, 0x1f, 0x8c, 0x3, 0x89, 0xe6,
    0x50, 0xc6, 0x2d, 0x7d, 0xe0, 0x16, 0x10, 0xa,
    0x5e, 0x18, 0x7, 0xe1, 0x0, 0xd0, 0xcc, 0x78,
    0xb2, 0x0, 0xc2, 0x0, 0xc7, 0x98, 0x40, 0x3c,
    0x94, 0x10, 0x8, 0x40, 0x3f, 0x9f, 0xa0, 0x80,
    0x4, 0xe0, 0x13, 0x43, 0x3d, 0xf2, 0x3, 0x5c,
    0x0, 0x71, 0x80, 0x70, 0xe4, 0x0, 0x1a, 0x40,
    0x10, 0x20, 0x1f, 0x28, 0x6, 0x20, 0x8, 0x41,
    0xc0, 0x3b, 0xc, 0x17, 0xa5, 0x80, 0xb6, 0x19,
    0xa7, 0x9c, 0xfb, 0x40, 0x0, 0x9b, 0x32, 0x8,
    0xa, 0x98, 0x82, 0x48, 0x22, 0x84, 0x1, 0x0,
    0x4f, 0x33, 0x43, 0x18, 0x14, 0xe0, 0xb, 0xcc,
    0x9c, 0x4, 0x16, 0x70, 0x98, 0x19, 0xc0, 0x33,
    0xd2, 0x8, 0x4, 0x48, 0xf9, 0xac, 0x7a, 0xa2,
    0x0, 0x16, 0xf8, 0x20, 0x45, 0x0, 0x40, 0x0,
    0xfa, 0x81, 0x6f, 0xbf, 0xed, 0xb8, 0x30, 0x8,
    0xab, 0xbf, 0xdd, 0x22, 0xfb, 0xf5, 0xa0, 0x82,
    0x0, 0xb1, 0x50, 0xf, 0xfe, 0x70, 0x80, 0x80,
    0x52, 0xf6, 0x1, 0xfc, 0xbf, 0x0, 0x1f, 0xfc,
    0x21, 0x7, 0x0, 0x86, 0x10, 0x3, 0xfb, 0x1,
    0x0, 0x3f, 0xf8, 0x58, 0x4, 0xc0, 0x1f, 0xfc,
    0x28, 0x87, 0x0, 0x7f, 0xf0, 0x98, 0x82, 0x69,
    0x4, 0x0, 0x6f, 0xa4, 0x1, 0xc2, 0xe4, 0x1,
    0xff, 0xc3, 0xf1, 0x5, 0xbe, 0xff, 0x64, 0x12,
    0x80, 0x7f, 0xf2, 0xcb, 0xd8, 0x3, 0xe5, 0x40,
    0xf, 0xfe, 0x60, 0xcf, 0xe5, 0x55, 0xbf, 0x46,
    0x1, 0xff, 0xca,

    /* U+FD85 "ﶅ" */
    0x0, 0xff, 0xe7, 0xe7, 0xd0, 0x7, 0xff, 0x4d,
    0xc0, 0x40, 0x3f, 0xf8, 0xc7, 0xd6, 0x1, 0xfe,
    0x10, 0xf, 0xfe, 0x42, 0xa, 0x0, 0x7f, 0xf0,
    0x1c, 0x3, 0xff, 0x8c, 0xee, 0xa0, 0xf, 0xf1,
    0x80, 0x7f, 0xf2, 0x61, 0x40, 0x3f, 0xf8, 0x2,
    0x1, 0xfe, 0x36, 0x20, 0xe, 0x46, 0x53, 0x0,
    0xfe, 0x10, 0xf, 0xf3, 0x76, 0x4e, 0x90, 0x4,
    0xb7, 0x35, 0x9d, 0x2, 0x1, 0xf8, 0xc0, 0x3e,
    0xa9, 0x10, 0xa, 0x0, 0x27, 0x0, 0xc2, 0xfd,
    0x4, 0x1, 0xbc, 0x3, 0xf5, 0xa8, 0x26, 0xd8,
    0x28, 0x80, 0xb, 0xbf, 0xdb, 0x46, 0xf, 0xbe,
    0x1, 0xc2, 0x1, 0xce, 0x80, 0x36, 0x48, 0x60,
    0xc0, 0x10, 0x80, 0x9, 0x7c, 0x40, 0x21, 0x0,
    0x8, 0x7, 0x86, 0x0, 0x2, 0xe0, 0xa, 0x9,
    0x0, 0xf1, 0xd6, 0x8, 0x15, 0x88, 0x0, 0x40,
    0x6, 0x1, 0x38, 0x1, 0x2, 0x2d, 0xb0, 0x7,
    0x19, 0x8f, 0x5d, 0x8a, 0xa, 0x5, 0xee, 0xcf,
    0x20, 0xe, 0x74, 0xf, 0x3, 0xb4, 0x4, 0x95,
    0x0, 0x1c, 0xca, 0x14, 0x41, 0x32, 0x98, 0x12,
    0x26, 0x4, 0x0, 0x51, 0x68, 0x40, 0xc1, 0x72,
    0x60, 0x35, 0x2, 0x0, 0x14, 0x8d, 0xb3, 0x9,
    0x91, 0x80, 0x49, 0x98, 0x30, 0x15, 0x0, 0xe6,
    0xcf, 0xe5, 0x7e, 0xff, 0x75, 0xb9, 0x0, 0x66,
    0xcf, 0xfa, 0xcc, 0xd9, 0xfc, 0x24, 0xc, 0x1,
    0xff, 0xd3, 0xe0, 0x20, 0xf, 0xfe, 0x99, 0x0,
    0x88, 0x3, 0xff, 0xa4, 0xe0, 0x5, 0x0, 0xff,
    0xe9, 0x10, 0x86, 0x0, 0x7f, 0xf4, 0xd0, 0x10,
    0x3, 0xff, 0xa7, 0x37, 0x80, 0x1f, 0xfd, 0x20,

    /* U+FD86 "ﶆ" */
    0x0, 0xff, 0xe7, 0x17, 0xf9, 0x0, 0x3f, 0xf9,
    0xc6, 0x1, 0xff, 0xc5, 0x7f, 0x60, 0xf, 0xe1,
    0x0, 0x8, 0x7, 0xff, 0xa, 0xc3, 0x40, 0x3f,
    0xf8, 0x6, 0x1, 0xff, 0xc2, 0xf6, 0x90, 0xf,
    0xfe, 0x79, 0xc9, 0x0, 0x7f, 0xf0, 0x4, 0x3,
    0x8d, 0x88, 0x3, 0x89, 0x59, 0x48, 0x3, 0xf8,
    0x40, 0x3d, 0x79, 0x3a, 0xc0, 0x1a, 0x2a, 0x6b,
    0x74, 0xa0, 0x1f, 0x18, 0x78, 0x5, 0x68, 0x1,
    0x49, 0x0, 0x5a, 0x1, 0x8a, 0xb5, 0x40, 0x3e,
    0x10, 0x2, 0xa0, 0x5e, 0x88, 0x40, 0x4, 0xff,
    0xf6, 0x40, 0x95, 0x7c, 0x80, 0x42, 0x1, 0xa0,
    0x1d, 0xa, 0x1, 0x44, 0x3, 0xc6, 0xf0, 0x1,
    0x10, 0x7, 0x18, 0x29, 0x2, 0x8, 0x30, 0x2,
    0x40, 0x3c, 0xb9, 0x20, 0x6, 0x80, 0xe, 0x35,
    0xb0, 0x1, 0xe3, 0xc0, 0x1, 0xe5, 0x99, 0x17,
    0xf4, 0x62, 0x80, 0xd4, 0xcc, 0x83, 0xe, 0x81,
    0x15, 0x89, 0x43, 0x80, 0x4d, 0x32, 0x74, 0x0,
    0x3f, 0xd1, 0x3, 0x4c, 0x9c, 0x0, 0xc6, 0x6c,
    0x4f, 0x61, 0x6, 0xe5, 0x0, 0x89, 0x67, 0xa0,
    0x45, 0x8c, 0x40, 0x1, 0x5d, 0x10,

    /* U+FD87 "ﶇ" */
    0x0, 0xff, 0xe8, 0x77, 0xb8, 0x7, 0xff, 0x5b,
    0xc0, 0x3f, 0xfa, 0x86, 0x1, 0xff, 0xd8, 0x10,
    0xf, 0xfe, 0xa0, 0x80, 0x78, 0xb3, 0xfd, 0xd6,
    0xa0, 0x1f, 0xfc, 0xb3, 0x0, 0xc2, 0x60, 0x1,
    0x4a, 0xe9, 0x41, 0x0, 0xfc, 0x48, 0x40, 0x1e,
    0x70, 0xf, 0x1b, 0x4c, 0xa1, 0x44, 0x4d, 0x7d,
    0xe0, 0x1e, 0x9d, 0xbd, 0x60, 0xe, 0x10, 0x10,
    0xe, 0x96, 0x63, 0xd7, 0xa0, 0x6, 0x10, 0xd,
    0x2c, 0x1, 0x49, 0x80, 0x7f, 0xf0, 0xca, 0xb9,
    0x0, 0x6, 0xe0, 0x18, 0xd8, 0x2b, 0x88, 0x20,
    0x3, 0x18, 0x38, 0x7, 0xcf, 0xaa, 0xd, 0x0,
    0xd0, 0x20, 0x17, 0x83, 0x28, 0xc0, 0x21, 0x0,
    0x70, 0x80, 0x7a, 0x60, 0x17, 0xa5, 0x81, 0x48,
    0x2, 0x43, 0x4, 0x10, 0x51, 0x8, 0x0, 0x8c,
    0x8, 0x40, 0x33, 0x30, 0x22, 0x84, 0x4, 0x83,
    0x21, 0x9e, 0x80, 0x5, 0xee, 0xe1, 0x5, 0xa6,
    0x75, 0x0, 0x6b, 0x18, 0xc, 0x83, 0x38, 0x6,
    0x90, 0x17, 0x98, 0x10, 0xb1, 0x14, 0x40, 0x2,
    0x59, 0x80, 0x10, 0x39, 0xc1, 0x70, 0x4, 0x0,
    0x72, 0x62, 0x88, 0x0, 0xad, 0x3d, 0x84, 0x17,
    0x98, 0x40, 0x57, 0x28, 0x80, 0xc7, 0xc1, 0x4,
    0x3, 0xc7, 0x5d, 0xfe, 0xd4, 0x1, 0x9e, 0xfa,
    0x19, 0xef, 0xea, 0x25, 0xdf, 0xc0, 0x20, 0x10,
    0xf, 0xfe, 0xa0, 0x83, 0x80, 0x7f, 0xf5, 0x30,
    0x9, 0x80, 0x3f, 0xfa, 0x6c, 0x21, 0x34, 0x82,
    0x0, 0x26, 0xa1, 0x0, 0xff, 0xe5, 0xe8, 0x82,
    0xdf, 0x7f, 0xb6, 0x55, 0x80, 0x3f, 0xf9, 0x67,
    0xec, 0x1, 0xf2, 0xa0, 0x7, 0xff, 0x30, 0x67,
    0xf2, 0xaa, 0xdf, 0xa3, 0x0, 0xff, 0xe5, 0x0,

    /* U+FD88 "ﶈ" */
    0x0, 0xff, 0xe7, 0x17, 0xf9, 0x0, 0x3f, 0xf9,
    0xc6, 0x1, 0xff, 0xd1, 0x10, 0x0, 0x80, 0x7f,
    0xf4, 0x4c, 0x3, 0xff, 0xde, 0x20, 0x48, 0xa6,
    0x1, 0xff, 0xc1, 0x24, 0x10, 0xf, 0x8, 0x5,
    0xd7, 0x59, 0xf6, 0x80, 0x1f, 0xd7, 0xb7, 0xc8,
    0x1, 0xc6, 0x1e, 0xa, 0x1, 0x92, 0xf1, 0x0,
    0x3d, 0x68, 0x1, 0x58, 0x80, 0x78, 0x42, 0x7f,
    0xdd, 0x8e, 0x27, 0x7e, 0xe0, 0x12, 0xa0, 0x66,
    0x88, 0x40, 0x6, 0x10, 0xf, 0x9, 0xc3, 0x0,
    0x5c, 0x1, 0x40, 0x41, 0x94, 0x83, 0x0, 0x78,
    0xc0, 0x39, 0xb5, 0xc0, 0x11, 0x60, 0x6, 0x20,
    0xb0, 0x3, 0x0, 0x20, 0x3, 0x8d, 0x1a, 0x33,
    0xe4, 0x84, 0xc2, 0x69, 0x9e, 0x0, 0x7, 0xaf,
    0x20, 0x7, 0x86, 0x83, 0xe, 0x99, 0x39, 0x80,
    0xc7, 0x70, 0x44, 0xf3, 0x2, 0x2b, 0x2, 0x87,
    0x0, 0x9e, 0x5c, 0x0, 0xc4, 0x4, 0xd5, 0xce,
    0x5, 0x8a, 0x20, 0x3, 0xc4, 0xd5, 0x10, 0x6e,
    0x50, 0x0, 0xae, 0x88,

    /* U+FD89 "ﶉ" */
    0xb, 0xff, 0x75, 0xb8, 0x80, 0x7b, 0x3f, 0xdd,
    0x6e, 0x20, 0x1f, 0xcf, 0xdf, 0x64, 0x1, 0x8,
    0x0, 0x52, 0x3a, 0x90, 0x3, 0x38, 0x0, 0x52,
    0x3a, 0x4c, 0x3, 0xd1, 0x1, 0x4, 0xc1, 0x0,
    0x4d, 0x52, 0x5c, 0xc1, 0x6f, 0xdc, 0x1, 0x15,
    0x49, 0x73, 0x6, 0xcf, 0x60, 0x8, 0x9c, 0x16,
    0x0, 0x60, 0x0, 0x6a, 0xa6, 0x8c, 0x70, 0xb,
    0x80, 0x6, 0xaa, 0x68, 0xc6, 0x0, 0xb8, 0x2,
    0x90, 0x2a, 0x77, 0x3, 0x0, 0x79, 0x31, 0xc0,
    0x11, 0x60, 0x1e, 0x4c, 0x60, 0x4, 0xd0, 0x0,
    0xd0, 0x20, 0x1, 0x60, 0x11, 0xab, 0xd7, 0x59,
    0x89, 0x85, 0x2a, 0x21, 0x5e, 0xba, 0xcc, 0x8c,
    0x2d, 0x10, 0xba, 0x0, 0xb7, 0x49, 0x1, 0xe,
    0xa8, 0x51, 0x14, 0x77, 0x4, 0xa2, 0xed, 0x50,
    0xa2, 0x28, 0xde, 0x2, 0x9b, 0xa1, 0x0, 0xc,
    0x5a, 0x84, 0x81, 0x1, 0x35, 0x73, 0x81, 0x62,
    0x88, 0x0, 0x49, 0xab, 0x9c, 0xb, 0x54, 0x40,
    0x7, 0x7a, 0xc4, 0x3, 0xe, 0x1f, 0xed, 0x95,
    0x0, 0xc5, 0x5d, 0xfe, 0xed, 0x95, 0x0, 0xc5,
    0x5d, 0xfe, 0xc4, 0x29, 0xdf, 0xe7, 0x0, 0xff,
    0xef, 0xbf, 0xb0, 0x7, 0xff, 0x5b, 0x3, 0x0,
    0x3f, 0xfa, 0xd3, 0x16, 0x1, 0xff, 0xd2,

    /* U+FD8A "ﶊ" */
    0x0, 0xe3, 0x51, 0x0, 0xe2, 0x55, 0x20, 0x80,
    0x7f, 0xf0, 0xd, 0x48, 0x3, 0xea, 0xca, 0xe5,
    0x0, 0xd1, 0x54, 0xbe, 0xc5, 0x0, 0xfe, 0xac,
    0xad, 0x80, 0xe, 0xa5, 0x0, 0xa8, 0x80, 0x2d,
    0x0, 0xc7, 0x5a, 0xa0, 0x1e, 0x85, 0x0, 0x9d,
    0x80, 0x25, 0x50, 0x5e, 0x88, 0x58, 0x4, 0xff,
    0xf6, 0x41, 0x12, 0xbe, 0x40, 0x21, 0x70, 0x8e,
    0x30, 0x80, 0xa, 0x1, 0xd0, 0xa0, 0x18, 0x3,
    0xe3, 0x7a, 0x0, 0x88, 0x2, 0x80, 0x27, 0x1f,
    0x1, 0x20, 0x52, 0x4, 0x10, 0x60, 0x4, 0x0,
    0x79, 0x32, 0x0, 0xd, 0x0, 0x1, 0x60, 0xa0,
    0x1, 0x80, 0x5, 0x2c, 0x0, 0x78, 0xf0, 0x0,
    0x77, 0x22, 0xbd, 0x75, 0x98, 0xa0, 0x3a, 0x21,
    0x74, 0x1, 0x12, 0x90, 0x0, 0x29, 0x11, 0x58,
    0x94, 0x38, 0x5, 0x17, 0x50, 0xa2, 0xf, 0xf4,
    0x43, 0x17, 0x46, 0x4, 0xd, 0x6e, 0xc, 0x26,
    0x6c, 0x4f, 0x61, 0x6, 0xd5, 0x0, 0x89, 0x67,
    0xa0, 0x45, 0x8c, 0x40, 0x2, 0xad, 0x93, 0x0,
    0x34, 0x80,

    /* U+FD8B "ﶋ" */
    0x0, 0xff, 0xe2, 0x9a, 0xa1, 0x0, 0x7f, 0xf0,
    0x50, 0xc0, 0x3f, 0xf9, 0x49, 0x95, 0x7b, 0xce,
    0x20, 0x1f, 0x93, 0xaf, 0x2c, 0x3, 0xff, 0x92,
    0xa0, 0x18, 0x63, 0xa0, 0x80, 0x38, 0xec, 0x40,
    0x9, 0x0, 0x1f, 0xfc, 0x81, 0xef, 0xf6, 0xd2,
    0x3, 0xef, 0x80, 0x6e, 0x5, 0xf6, 0x7, 0x10,
    0xc, 0xca, 0x1, 0xff, 0xc2, 0x10, 0x1, 0x2c,
    0x88, 0x4, 0x20, 0x6, 0x21, 0xa0, 0x91, 0x6,
    0x0, 0xd1, 0x4c, 0x1, 0xeb, 0x81, 0x0, 0xf8,
    0xe7, 0x44, 0xa, 0xc4, 0x1, 0x60, 0x2a, 0x0,
    0x70, 0x91, 0x0, 0x18, 0x82, 0x0, 0x79, 0x1f,
    0xb2, 0x19, 0x8f, 0x5d, 0x8c, 0xa, 0x5, 0xee,
    0xd6, 0x40, 0xa, 0x96, 0x40, 0x1c, 0x62, 0x50,
    0x1, 0x0, 0x70, 0xa8, 0x0, 0xde, 0x65, 0xa,
    0x20, 0x99, 0x4e, 0x9, 0x12, 0x81, 0x2a, 0xd,
    0x24, 0x0, 0x29, 0xc0, 0xf, 0xe1, 0xae, 0x30,
    0xc, 0x29, 0x1b, 0x66, 0x11, 0x26, 0x0, 0x17,
    0x6a, 0x93, 0x2, 0xc9, 0x20, 0x43, 0x0, 0x30,
    0x7, 0xc2, 0xe0, 0x9f, 0xee, 0xb7, 0x20, 0xc,
    0xd9, 0xfe, 0xe8, 0x0, 0x36, 0x7e, 0x9b, 0x6f,
    0xd2, 0x88, 0x4c, 0x8c, 0x40, 0x4, 0xd8, 0x81,
    0x80, 0x1f, 0xfd, 0xb, 0x0, 0x36, 0x77, 0xfb,
    0x64, 0xc1, 0x5c, 0x3, 0xff, 0xa0, 0xb8, 0x80,
    0x1f, 0x25, 0xd0, 0x7, 0xff, 0x48, 0xef, 0xf2,
    0xa9, 0x7b, 0xf6, 0x80, 0x1f, 0xfd, 0x63, 0x55,
    0x21, 0x0, 0x7f, 0xf6, 0x13, 0xe4, 0xba, 0xc0,
    0x3f, 0xfb, 0x18, 0x8, 0xc2, 0x80, 0x1f, 0xfd,
    0x88, 0x87, 0xa4, 0xd8, 0x7, 0xff, 0x50,

    /* U+FD8C "ﶌ" */
    0xb, 0xff, 0x75, 0xb8, 0x80, 0x7b, 0x3f, 0xdd,
    0x6e, 0x20, 0x1f, 0xcf, 0xdf, 0x64, 0x1, 0x8,
    0x0, 0x52, 0x3a, 0x90, 0x3, 0x38, 0x0, 0x52,
    0x3a, 0x4c, 0x3, 0xd1, 0x1, 0x4, 0xc1, 0x0,
    0x4d, 0x52, 0x5c, 0xc1, 0x6f, 0xdc, 0x1, 0x15,
    0x49, 0x73, 0x6, 0xcf, 0x60, 0x8, 0x9c, 0x16,
    0x0, 0x60, 0x0, 0x6a, 0xa6, 0x8c, 0x70, 0xb,
    0x80, 0x6, 0xaa, 0x68, 0xc6, 0x0, 0xb8, 0x2,
    0x90, 0x2a, 0x77, 0x3, 0x0, 0x79, 0x31, 0xc0,
    0x11, 0x60, 0x1e, 0x4c, 0x60, 0x4, 0xd0, 0x0,
    0xd0, 0x20, 0x1, 0x60, 0x11, 0xab, 0xd7, 0x59,
    0x89, 0x85, 0x2a, 0x21, 0x5e, 0xba, 0xcc, 0x8c,
    0x2d, 0x10, 0xba, 0x0, 0xb7, 0x49, 0x1, 0xe,
    0xa8, 0x51, 0x14, 0x77, 0x4, 0xa2, 0xed, 0x50,
    0xa2, 0x28, 0xde, 0x2, 0x9b, 0xa1, 0x0, 0xc,
    0x5a, 0x84, 0x81, 0x1, 0x35, 0x73, 0x81, 0x62,
    0x88, 0x0, 0x49, 0xab, 0x9c, 0xb, 0x54, 0x40,
    0x7, 0x7a, 0xc4, 0x3, 0xe, 0x1f, 0xed, 0x95,
    0x0, 0xc5, 0x5d, 0xfe, 0xed, 0x95, 0x0, 0xc5,
    0x5d, 0xfe, 0xc4, 0x29, 0xdf, 0xe7, 0x0, 0xff,
    0xf6, 0x3f, 0xb0, 0x7, 0xff, 0x5b, 0x3, 0x0,
    0x3f, 0xfa, 0xd3, 0x16, 0x1, 0xff, 0xc5,

    /* U+FD8D "ﶍ" */
    0x0, 0xe3, 0x51, 0x0, 0xe2, 0x55, 0x20, 0x80,
    0x7f, 0xf0, 0xd, 0x48, 0x3, 0xea, 0xca, 0xe5,
    0x0, 0xd1, 0x54, 0xbe, 0xc5, 0x0, 0xfe, 0xac,
    0xad, 0x80, 0xe, 0xa5, 0x0, 0xa8, 0x80, 0x2d,
    0x0, 0xc7, 0x5a, 0xa0, 0x1e, 0x85, 0x0, 0x9d,
    0x80, 0x25, 0x50, 0x5e, 0x88, 0x58, 0x4, 0xff,
    0xf6, 0x41, 0x12, 0xbe, 0x40, 0x21, 0x70, 0x8e,
    0x30, 0x80, 0xa, 0x1, 0xd0, 0xa0, 0x18, 0x3,
    0xe3, 0x7a, 0x0, 0x88, 0x2, 0x80, 0x27, 0x1f,
    0x1, 0x20, 0x52, 0x4, 0x10, 0x60, 0x4, 0x0,
    0x79, 0x32, 0x0, 0xd, 0x0, 0x1, 0x60, 0xa0,
    0x1, 0x80, 0x5, 0x2c, 0x0, 0x78, 0xf0, 0x0,
    0x77, 0x22, 0xbd, 0x75, 0x98, 0xa0, 0x3a, 0x21,
    0x74, 0x1, 0x12, 0x90, 0x0, 0x29, 0x11, 0x58,
    0x94, 0x38, 0x5, 0x17, 0x50, 0xa2, 0xf, 0xf4,
    0x43, 0x17, 0x46, 0x4, 0xd, 0x6e, 0xc, 0x26,
    0x6c, 0x4f, 0x61, 0x6, 0xd5, 0x0, 0x89, 0x67,
    0xa0, 0x45, 0x8c, 0x40, 0x2, 0xad, 0x93, 0x0,
    0x34, 0x87, 0x61, 0x0, 0xcf, 0x7c, 0x95, 0x7f,
    0xdb, 0x4c, 0x20, 0x10, 0xce, 0xff, 0xb5, 0x41,
    0xb3, 0xfd, 0x20, 0x1f, 0xfc, 0x61, 0x72, 0x0,
    0xff, 0xea, 0xcc, 0x70, 0x7, 0xff, 0x57, 0x41,
    0x0, 0x3f, 0xf8, 0xa0,

    /* U+FD8E "ﶎ" */
    0x0, 0xff, 0xe1, 0xa4, 0x8, 0x7, 0xff, 0x5a,
    0xde, 0x40, 0x3f, 0xfa, 0xca, 0x18, 0x1, 0xff,
    0xd6, 0xaf, 0x40, 0xf, 0xff, 0x6d, 0xff, 0xba,
    0xdc, 0x40, 0x3d, 0x9f, 0xee, 0xb7, 0x10, 0xf,
    0xe7, 0xef, 0xb2, 0x0, 0x84, 0x0, 0x29, 0x1d,
    0x48, 0x1, 0x9c, 0x0, 0x29, 0x1d, 0x26, 0x1,
    0xe8, 0x80, 0x82, 0x60, 0x80, 0x26, 0xa9, 0x2e,
    0x60, 0xb7, 0xee, 0x0, 0x8a, 0xa4, 0xb9, 0x83,
    0x67, 0xb0, 0x4, 0x4e, 0xb, 0x0, 0x30, 0x0,
    0x35, 0x53, 0x46, 0x38, 0x5, 0xc0, 0x3, 0x55,
    0x34, 0x63, 0x0, 0x5c, 0x1, 0x48, 0x15, 0x3b,
    0x81, 0x80, 0x3c, 0x98, 0xe0, 0x8, 0xb0, 0xf,
    0x26, 0x30, 0x2, 0x68, 0x0, 0x68, 0x10, 0x0,
    0xb0, 0x8, 0xd5, 0xeb, 0xac, 0xc4, 0xc2, 0x95,
    0x10, 0xaf, 0x5d, 0x66, 0x46, 0x16, 0x88, 0x5d,
    0x0, 0x5b, 0xa4, 0x80, 0x87, 0x54, 0x28, 0x8a,
    0x3b, 0x82, 0x51, 0x76, 0xa8, 0x51, 0x14, 0x6f,
    0x1, 0x4d, 0xd0, 0x80, 0x6, 0x2d, 0x42, 0x40,
    0x80, 0x9a, 0xb9, 0xc0, 0xb1, 0x44, 0x0, 0x24,
    0xd5, 0xce, 0x5, 0xaa, 0x20, 0x3, 0xbd, 0x62,
    0x1, 0x87, 0xf, 0xf6, 0xca, 0x80, 0x62, 0xae,
    0xff, 0x76, 0xca, 0x80, 0x62, 0xae, 0xff, 0x62,
    0x14, 0xef, 0xf3, 0x80, 0x7f, 0xf7, 0xdf, 0xd8,
    0x3, 0xff, 0xad, 0x81, 0x80, 0x1f, 0xfd, 0x69,
    0x8b, 0x0, 0xff, 0xe9, 0x0,

    /* U+FD8F "ﶏ" */
    0x0, 0xff, 0xe1, 0x3f, 0xb0, 0x7, 0xff, 0x56,
    0xc3, 0x40, 0x3f, 0xfa, 0xbe, 0xd2, 0x1, 0xff,
    0xd5, 0x39, 0x20, 0xf, 0xfe, 0x61, 0xa8, 0x80,
    0x71, 0x2a, 0x90, 0x40, 0x3f, 0xf8, 0x6, 0xa4,
    0x1, 0xf5, 0x65, 0x72, 0x80, 0x68, 0xaa, 0x5f,
    0x62, 0x80, 0x7f, 0x56, 0x56, 0xc0, 0x7, 0x52,
    0x80, 0x54, 0x40, 0x16, 0x80, 0x63, 0xad, 0x50,
    0xf, 0x42, 0x80, 0x4e, 0xc0, 0x12, 0xa8, 0x2f,
    0x44, 0x2c, 0x2, 0x7f, 0xfb, 0x20, 0x89, 0x5f,
    0x20, 0x10, 0xb8, 0x47, 0x18, 0x40, 0x5, 0x0,
    0xe8, 0x50, 0xc, 0x1, 0xf1, 0xbd, 0x0, 0x44,
    0x1, 0x40, 0x13, 0x8f, 0x80, 0x90, 0x29, 0x2,
    0x8, 0x30, 0x2, 0x0, 0x3c, 0x99, 0x0, 0x6,
    0x80, 0x0, 0xb0, 0x50, 0x0, 0xc0, 0x2, 0x96,
    0x0, 0x3c, 0x78, 0x0, 0x3b, 0x91, 0x5e, 0xba,
    0xcc, 0x50, 0x1d, 0x10, 0xba, 0x0, 0x89, 0x48,
    0x0, 0x14, 0x88, 0xac, 0x4a, 0x1c, 0x2, 0x8b,
    0xa8, 0x51, 0x7, 0xfa, 0x21, 0x8b, 0xa3, 0x2,
    0x6, 0xb7, 0x6, 0x13, 0x36, 0x27, 0xb0, 0x83,
    0x6a, 0x80, 0x44, 0xb3, 0xd0, 0x22, 0xc6, 0x20,
    0x1, 0x56, 0xc9, 0x80, 0x1a, 0x40,

    /* U+FD92 "ﶒ" */
    0x0, 0x24, 0x8, 0x7, 0xff, 0x5a, 0x9e, 0x40,
    0x3f, 0xfa, 0xc8, 0x18, 0x1, 0xff, 0xd6, 0xaf,
    0x40, 0xf, 0xff, 0xd5, 0xff, 0xba, 0xdc, 0x40,
    0x3d, 0x9f, 0xee, 0xb7, 0x10, 0xf, 0xe7, 0xef,
    0xb2, 0x0, 0x84, 0x0, 0x29, 0x1d, 0x48, 0x1,
    0x9c, 0x0, 0x29, 0x1d, 0x26, 0x1, 0xe8, 0x80,
    0x82, 0x60, 0x80, 0x26, 0xa9, 0x2e, 0x60, 0xb7,
    0xee, 0x0, 0x8a, 0xa4, 0xb9, 0x83, 0x67, 0xb0,
    0x4, 0x4e, 0xb, 0x0, 0x30, 0x0, 0x35, 0x53,
    0x46, 0x38, 0x5, 0xc0, 0x3, 0x55, 0x34, 0x63,
    0x0, 0x5c, 0x1, 0x48, 0x15, 0x3b, 0x81, 0x80,
    0x3c, 0x98, 0xe0, 0x8, 0xb0, 0xf, 0x26, 0x30,
    0x2, 0x68, 0x0, 0x68, 0x10, 0x0, 0xb0, 0x8,
    0xd5, 0xeb, 0xac, 0xc4, 0xc2, 0x95, 0x10, 0xaf,
    0x5d, 0x66, 0x46, 0x16, 0x88, 0x5d, 0x0, 0x5b,
    0xa4, 0x80, 0x87, 0x54, 0x28, 0x8a, 0x3b, 0x82,
    0x51, 0x76, 0xa8, 0x51, 0x14, 0x6f, 0x1, 0x4d,
    0xd0, 0x80, 0x6, 0x2d, 0x42, 0x40, 0x80, 0x9a,
    0xb9, 0xc0, 0xb1, 0x44, 0x0, 0x24, 0xd5, 0xce,
    0x5, 0xaa, 0x20, 0x3, 0xbd, 0x62, 0x1, 0x87,
    0xf, 0xf6, 0xca, 0x80, 0x62, 0xae, 0xff, 0x76,
    0xca, 0x80, 0x62, 0xae, 0xff, 0x62, 0x14, 0xef,
    0xf3, 0x80, 0x7f, 0xfb, 0x1f, 0xd8, 0x3, 0xff,
    0xad, 0x81, 0x80, 0x1f, 0xfd, 0x69, 0x8b, 0x0,
    0xff, 0xe2, 0x80,

    /* U+FD93 "ﶓ" */
    0x0, 0xff, 0xe8, 0x2d, 0x0, 0x7f, 0xf5, 0x86,
    0xd7, 0x48, 0x3, 0xff, 0xa8, 0x24, 0x5, 0xaa,
    0x1, 0xd7, 0xfe, 0xeb, 0x71, 0x0, 0xfe, 0x6d,
    0xfb, 0x20, 0xe, 0xc3, 0x0, 0xa9, 0xc0, 0x30,
    0x80, 0x5, 0x23, 0xa9, 0x0, 0x3d, 0x12, 0x40,
    0x9e, 0x1, 0x90, 0xc7, 0xa4, 0x1, 0x12, 0x1,
    0x4d, 0x52, 0x5c, 0xc1, 0x6f, 0xdc, 0x2, 0x47,
    0x6, 0x80, 0x28, 0x0, 0x8c, 0x10, 0x5c, 0x2,
    0x67, 0x0, 0x1a, 0xa9, 0xa3, 0x1c, 0x2, 0xe0,
    0xa, 0x41, 0xa5, 0xd8, 0x18, 0x2, 0x10, 0x40,
    0x70, 0x29, 0x8, 0x20, 0xe, 0x5c, 0x70, 0x4,
    0x58, 0x1, 0x88, 0x3, 0x58, 0xc, 0x0, 0x1c,
    0x6, 0xe4, 0x15, 0x88, 0x15, 0x4f, 0x39, 0xf4,
    0x62, 0x61, 0x36, 0xf1, 0x20, 0x6, 0xb3, 0x70,
    0x3, 0xcb, 0xb1, 0x2, 0x0, 0x4e, 0x41, 0xf7,
    0xc, 0x60, 0x31, 0xdc, 0x11, 0x34, 0x38, 0xc,
    0x82, 0x65, 0x0, 0x4d, 0x10, 0x20, 0xc, 0xf0,
    0x0, 0xb1, 0x2, 0x6a, 0xe7, 0x2, 0xc5, 0x10,
    0x1, 0xeb, 0x6a, 0x88, 0x36, 0xa8, 0x0, 0x4d,
    0xed, 0xc8, 0x0, 0x76, 0x7f, 0xed, 0x95, 0x0,
    0xc5, 0x5d, 0xfe, 0xc3, 0x2, 0xae, 0xf9, 0x2a,
    0xff, 0x76, 0x42, 0x46, 0xff, 0xb1, 0x0, 0x38,
    0x5c, 0x40, 0x3f, 0xfa, 0xd5, 0x16, 0x1, 0xff,
    0xd6, 0xc0, 0xc0, 0xf, 0xfe, 0x90,

    /* U+FD94 "ﶔ" */
    0x0, 0xff, 0xe7, 0x95, 0x88, 0x7, 0xff, 0x57,
    0xd3, 0xd0, 0x3, 0xff, 0xa8, 0xe0, 0x36, 0xe0,
    0x1f, 0x97, 0x7f, 0x8, 0x3, 0xe4, 0xcf, 0xd3,
    0x0, 0xe9, 0x50, 0xa, 0x28, 0x3, 0xcf, 0x44,
    0x7, 0x82, 0x1, 0xcb, 0x66, 0x5, 0x84, 0x1,
    0xb, 0x6, 0x60, 0x0, 0xb6, 0x1, 0x92, 0x1,
    0xa0, 0x6, 0x40, 0x31, 0x50, 0x2c, 0x80, 0x20,
    0x2, 0x50, 0x23, 0x30, 0x4, 0x94, 0x1, 0x48,
    0x2c, 0xbb, 0x3, 0x80, 0x68, 0x3, 0xa6, 0x80,
    0x52, 0x0, 0x38, 0x11, 0xc, 0x1, 0x60, 0xaa,
    0x5, 0x20, 0xd, 0x0, 0x8, 0x0, 0x1a, 0x80,
    0x67, 0x0, 0x40, 0x0, 0xc4, 0x3f, 0x81, 0x51,
    0x43, 0xda, 0xc0, 0xb, 0x66, 0xa0, 0x7, 0xa7,
    0xd0, 0x1, 0xe2, 0x18, 0x1, 0x6d, 0xdc, 0x40,
    0x44, 0x3, 0x74, 0x1, 0x81, 0x14, 0x82, 0x65,
    0x80, 0x4b, 0x2, 0x12, 0x27, 0x78, 0x1, 0x24,
    0x40, 0xc0, 0x33, 0x40, 0x87, 0x1, 0xeb, 0x6a,
    0x88, 0x2e, 0xa8, 0x0, 0xa9, 0xbd, 0x84, 0x13,
    0x58, 0x40, 0x6, 0xf7, 0x6, 0x0, 0x29, 0x50,

    /* U+FD95 "ﶕ" */
    0x0, 0xff, 0xe7, 0xc2, 0x80, 0x7f, 0xf4, 0x19,
    0xe8, 0x40, 0x3f, 0xf9, 0xe8, 0x26, 0x20, 0x1f,
    0xfc, 0xf2, 0xec, 0x0, 0xff, 0xe9, 0x8, 0x7,
    0xc6, 0xc4, 0x1, 0xc4, 0xac, 0xa4, 0x1, 0xf8,
    0xb7, 0x90, 0x3, 0xaf, 0x27, 0x58, 0x3, 0x45,
    0x4d, 0x6e, 0x94, 0x3, 0xc4, 0x40, 0xc0, 0xd,
    0x68, 0x1, 0x49, 0x0, 0x5a, 0x1, 0x8a, 0xb5,
    0x40, 0x39, 0x41, 0x0, 0x25, 0x40, 0xbd, 0x10,
    0x80, 0x9, 0xff, 0xec, 0x81, 0x2a, 0xf9, 0x0,
    0xb4, 0xc, 0x2, 0x80, 0x74, 0x28, 0x5, 0x10,
    0xf, 0x1b, 0xc0, 0x4, 0x40, 0x11, 0x80, 0x65,
    0x20, 0x41, 0x6, 0x0, 0x48, 0x7, 0x97, 0x24,
    0x0, 0xd0, 0x1, 0x8, 0x4, 0xb6, 0x0, 0x3c,
    0x78, 0x0, 0x3c, 0xb3, 0x22, 0xfe, 0x8c, 0x50,
    0x1a, 0x99, 0x8f, 0x0, 0x41, 0x2, 0x2b, 0x12,
    0x87, 0x0, 0x9a, 0x64, 0xe8, 0x0, 0x7f, 0xa2,
    0x6, 0x99, 0x41, 0x4, 0x1, 0x9b, 0x13, 0xd8,
    0x41, 0xb9, 0x40, 0x22, 0x59, 0xe8, 0x11, 0x63,
    0x10, 0x0, 0x52, 0xd4, 0x0,

    /* U+FD96 "ﶖ" */
    0x0, 0xff, 0xe9, 0xdf, 0x10, 0x7, 0xff, 0x58,
    0x50, 0x50, 0x3, 0xff, 0xac, 0x34, 0xec, 0x1,
    0xff, 0xc8, 0x3e, 0xff, 0x6c, 0xa0, 0x7, 0xe5,
    0x80, 0xf, 0xfe, 0x48, 0x88, 0x0, 0x4d, 0x7a,
    0xe2, 0x1, 0xcb, 0x8, 0x1, 0xff, 0xc8, 0x2e,
    0xff, 0x6d, 0x21, 0x47, 0x78, 0x6, 0xe7, 0xd0,
    0xe, 0x65, 0x0, 0xff, 0xe1, 0x8, 0x0, 0x96,
    0x44, 0x2, 0x10, 0x9, 0x43, 0xc0, 0x3a, 0x29,
    0x80, 0x3d, 0x70, 0x20, 0x1f, 0x1c, 0xe8, 0x81,
    0x58, 0x80, 0xc, 0x40, 0x40, 0x31, 0x88, 0x20,
    0x7, 0x91, 0xfb, 0x21, 0x98, 0xf5, 0xd8, 0xc0,
    0xa0, 0x5e, 0xec, 0xfc, 0x0, 0x98, 0x64, 0x5,
    0x0, 0x10, 0x7, 0x9, 0x0, 0xd, 0xe6, 0x50,
    0xa2, 0x9, 0x94, 0xe0, 0x91, 0x30, 0x40, 0x22,
    0x79, 0xb2, 0x0, 0xfe, 0x1d, 0xc2, 0x0, 0xc2,
    0x91, 0xb6, 0x61, 0x12, 0x60, 0x11, 0xde, 0x20,
    0x81, 0x10, 0xc0, 0xc, 0x1, 0xf1, 0xb0, 0x27,
    0xfb, 0xad, 0xc8, 0x3, 0x36, 0x7f, 0xd8, 0x85,
    0x7d, 0xfa, 0xa, 0x21, 0x32, 0x31, 0x0, 0x12,
    0xda, 0x6, 0x0, 0x7f, 0xf3, 0x2c, 0x0, 0xd9,
    0xdf, 0xed, 0xa4, 0x5, 0x70, 0xf, 0xfe, 0x62,
    0xe2, 0x0, 0x7c, 0x97, 0x40, 0x1f, 0xfc, 0xe3,
    0xbf, 0xca, 0xa5, 0xef, 0xda, 0x0, 0x7f, 0xf3,
    0x40,

    /* U+FD97 "ﶗ" */
    0x0, 0xff, 0xe8, 0x2b, 0x80, 0x7f, 0xf5, 0x6,
    0xa1, 0x40, 0x3f, 0xfa, 0x62, 0x62, 0xe0, 0x1f,
    0xe3, 0x62, 0x0, 0xe4, 0x65, 0x30, 0xf, 0xf6,
    0x71, 0x0, 0x7e, 0x6e, 0xc9, 0xd2, 0x0, 0x96,
    0xe6, 0xb3, 0xa0, 0x40, 0x3f, 0xf8, 0xb5, 0x22,
    0x1, 0x40, 0x4, 0xe0, 0x18, 0x5f, 0xa0, 0x80,
    0x39, 0xe5, 0x0, 0x3d, 0x6a, 0x9, 0xb6, 0xa,
    0x20, 0x2, 0xef, 0xf6, 0xd1, 0x83, 0xef, 0x80,
    0x6b, 0x6c, 0x0, 0xe7, 0x40, 0x1b, 0x24, 0x30,
    0x60, 0x8, 0x40, 0x4, 0xbe, 0x20, 0x10, 0x80,
    0x46, 0x1c, 0x1, 0x86, 0x0, 0x2, 0xe0, 0xa,
    0x9, 0x0, 0xf1, 0xd6, 0x8, 0x15, 0x88, 0x0,
    0xc0, 0x3e, 0x70, 0x2, 0x4, 0x5b, 0x60, 0xe,
    0x33, 0x1e, 0xbb, 0x14, 0x14, 0xb, 0xdd, 0x9f,
    0x80, 0x11, 0x6, 0x30, 0xf0, 0x2b, 0x40, 0x49,
    0x50, 0x1, 0xcc, 0xa1, 0x44, 0x13, 0x29, 0x81,
    0x22, 0x60, 0x80, 0x44, 0xf3, 0x82, 0x40, 0xe1,
    0x72, 0x60, 0x35, 0x2, 0x0, 0x14, 0x8d, 0xb3,
    0x9, 0x91, 0x80, 0x47, 0x78, 0x82, 0x6, 0x20,
    0x1c, 0xd9, 0xfc, 0xaf, 0xdf, 0xee, 0xb7, 0x20,
    0xc, 0xd9, 0xff, 0x62, 0x15, 0xf7, 0xe0, 0x10,
    0x8, 0x7, 0xff, 0x9, 0x54, 0x1, 0xff, 0xc4,
    0xe0, 0x50, 0xf, 0xfe, 0x9, 0xd5, 0x8, 0x3,
    0xff, 0x86, 0x40, 0x22, 0x0, 0xff, 0xe0, 0x11,
    0x60, 0xf, 0xfe, 0x1b, 0x80, 0x14, 0x3, 0xff,
    0x80, 0x3b, 0xa0, 0xf, 0xfe, 0x21, 0x8, 0x60,
    0x7, 0xff, 0x51, 0x41, 0x0, 0x3f, 0xfa, 0x9f,
    0x5a, 0x1, 0xff, 0xd3,

    /* U+FD98 "ﶘ" */
    0x0, 0xff, 0xe7, 0xc2, 0x80, 0x7f, 0xf4, 0x19,
    0xe8, 0x40, 0x3f, 0xf9, 0xe8, 0x26, 0x20, 0x1f,
    0xfc, 0xf2, 0xec, 0x0, 0xff, 0xe9, 0x8, 0x7,
    0xc6, 0xc4, 0x1, 0xc4, 0xac, 0xa4, 0x1, 0xf8,
    0xb7, 0x90, 0x3, 0xaf, 0x27, 0x58, 0x3, 0x45,
    0x4d, 0x6e, 0x94, 0x3, 0xc4, 0x40, 0xc0, 0xd,
    0x68, 0x1, 0x49, 0x0, 0x5a, 0x1, 0x8a, 0xb5,
    0x40, 0x39, 0x41, 0x0, 0x25, 0x40, 0xbd, 0x10,
    0x80, 0x9, 0xff, 0xec, 0x81, 0x2a, 0xf9, 0x0,
    0xb4, 0xc, 0x2, 0x80, 0x74, 0x28, 0x5, 0x10,
    0xf, 0x1b, 0xc0, 0x4, 0x40, 0x11, 0x80, 0x65,
    0x20, 0x41, 0x6, 0x0, 0x48, 0x7, 0x97, 0x24,
    0x0, 0xd0, 0x1, 0x8, 0x4, 0xb6, 0x0, 0x3c,
    0x78, 0x0, 0x3c, 0xb3, 0x22, 0xfe, 0x8c, 0x50,
    0x1a, 0x99, 0x8f, 0x0, 0x41, 0x2, 0x2b, 0x12,
    0x87, 0x0, 0x9a, 0x64, 0xe8, 0x0, 0x7f, 0xa2,
    0x6, 0x99, 0x41, 0x4, 0x1, 0x9b, 0x13, 0xd8,
    0x41, 0xb9, 0x40, 0x22, 0x59, 0xe8, 0x11, 0x63,
    0x10, 0x0, 0x52, 0xd4, 0x3b, 0x8, 0x6, 0x7b,
    0xe4, 0x6b, 0xfe, 0xda, 0x61, 0x0, 0x86, 0x77,
    0xfd, 0xd6, 0x80, 0x1f, 0xfc, 0x61, 0x72, 0x0,
    0xff, 0xe8, 0x4c, 0x70, 0x7, 0xff, 0x43, 0x41,
    0x0, 0x3f, 0xf8, 0x0,

    /* U+FD99 "ﶙ" */
    0x0, 0xff, 0xe9, 0xdf, 0x10, 0x7, 0xff, 0x58,
    0x50, 0x50, 0x3, 0xff, 0xac, 0x34, 0xec, 0x1,
    0xff, 0xc8, 0x3e, 0xff, 0x6c, 0xa0, 0x7, 0xe5,
    0x80, 0xf, 0xfe, 0x48, 0x88, 0x0, 0x4d, 0x7a,
    0xe2, 0x1, 0xcb, 0x8, 0x1, 0xff, 0xc8, 0x2e,
    0xff, 0x6d, 0x21, 0x47, 0x78, 0x6, 0xe7, 0xd0,
    0xe, 0x65, 0x0, 0xff, 0xe1, 0x8, 0x0, 0x96,
    0x44, 0x2, 0x10, 0x9, 0x43, 0xc0, 0x3a, 0x29,
    0x80, 0x3d, 0x70, 0x20, 0x1f, 0x1c, 0xe8, 0x81,
    0x58, 0x80, 0xc, 0x40, 0x40, 0x31, 0x88, 0x20,
    0x7, 0x91, 0xfb, 0x21, 0x98, 0xf5, 0xd8, 0xc0,
    0xa0, 0x5e, 0xec, 0xfc, 0x0, 0x98, 0x64, 0x5,
    0x0, 0x10, 0x7, 0x9, 0x0, 0xd, 0xe6, 0x50,
    0xa2, 0x9, 0x94, 0xe0, 0x91, 0x30, 0x40, 0x22,
    0x79, 0xb2, 0x0, 0xfe, 0x1d, 0xc2, 0x0, 0xc2,
    0x91, 0xb6, 0x61, 0x12, 0x60, 0x11, 0xde, 0x20,
    0x81, 0x10, 0xc0, 0xc, 0x1, 0xf1, 0xb0, 0x27,
    0xfb, 0xad, 0xc8, 0x3, 0x36, 0x7f, 0xd8, 0x85,
    0x7d, 0xfa, 0xa, 0x21, 0x32, 0x31, 0x0, 0x12,
    0xda, 0x6, 0x0, 0x72, 0xa8, 0x3, 0xff, 0x8b,
    0x60, 0x6, 0xce, 0xff, 0x6d, 0x20, 0x2b, 0x80,
    0x62, 0xaa, 0x18, 0x7, 0xff, 0x11, 0x71, 0x0,
    0x3e, 0x4b, 0xa0, 0xe, 0x32, 0x28, 0x3, 0xff,
    0x8a, 0x77, 0xf9, 0x54, 0xbd, 0xfb, 0x40, 0xf,
    0xe, 0xe8, 0x40, 0x3f, 0xf8, 0x60,

    /* U+FD9A "ﶚ" */
    0x0, 0xff, 0xe9, 0x1c, 0x8, 0x7, 0xff, 0x5b,
    0x5e, 0x0, 0x3f, 0xfa, 0xce, 0x18, 0x1, 0xff,
    0xcd, 0x43, 0x0, 0xfa, 0x7d, 0x40, 0x3f, 0xf9,
    0x69, 0xd7, 0x98, 0x0, 0xff, 0xe9, 0x9d, 0x88,
    0x0, 0xe4, 0x3, 0x92, 0xdc, 0x3, 0xff, 0x95,
    0xe0, 0x9c, 0xe0, 0xc4, 0x1, 0xb1, 0x2c, 0x3,
    0x94, 0xc0, 0x3f, 0xf8, 0x4a, 0x61, 0x43, 0x2,
    0x14, 0x1, 0x8c, 0x14, 0x3, 0xaf, 0x18, 0x3,
    0xd2, 0xc2, 0x1, 0xa0, 0x0, 0xe0, 0x6, 0x7,
    0x10, 0x9, 0x0, 0xc0, 0x31, 0x88, 0x20, 0x7,
    0x9a, 0x7a, 0xdd, 0xa8, 0x80, 0x13, 0x4c, 0x80,
    0xc, 0x66, 0x60, 0x1, 0x65, 0x90, 0x14, 0x0,
    0x40, 0x1c, 0x2a, 0x0, 0x48, 0x95, 0x8, 0x60,
    0x59, 0x30, 0x1, 0x4c, 0x8c, 0x4, 0x1a, 0x6d,
    0x40, 0x3f, 0x86, 0xb8, 0xc0, 0x21, 0x77, 0x4d,
    0x18, 0x15, 0xd1, 0x0, 0xa, 0x7d, 0x84, 0x5,
    0xcc, 0x0, 0xc0, 0x1f, 0xb, 0x82, 0x7f, 0x40,
    0x1, 0x73, 0xf5, 0x17, 0x7f, 0xda, 0xc3, 0x3d,
    0xfc, 0x4a, 0x0, 0x99, 0x18, 0x80, 0x9, 0xb1,
    0x3, 0x0, 0x3f, 0xf9, 0x74, 0x0, 0x6c, 0xef,
    0xf6, 0xc9, 0x82, 0xb8, 0x7, 0xff, 0x2d, 0x71,
    0x0, 0x3e, 0x4b, 0xa0, 0xf, 0xfe, 0x69, 0xdf,
    0xe5, 0x52, 0xf7, 0xed, 0x0, 0x3f, 0xfa, 0x26,
    0xaa, 0x42, 0x0, 0xff, 0xe9, 0xa7, 0xc9, 0x75,
    0x80, 0x7f, 0xf4, 0xf0, 0x11, 0x85, 0x0, 0x3f,
    0xfa, 0x71, 0xf, 0x49, 0xb0, 0xf, 0xfe, 0x78,

    /* U+FD9B "ﶛ" */
    0x0, 0xff, 0xe9, 0x1c, 0x8, 0x7, 0xff, 0x5b,
    0x5e, 0x0, 0x3f, 0xfa, 0xce, 0x18, 0x1, 0xff,
    0xcd, 0x43, 0x0, 0xfa, 0x7d, 0x40, 0x3f, 0xf9,
    0x69, 0xd7, 0x98, 0x0, 0xff, 0xe9, 0x9d, 0x88,
    0x0, 0xe4, 0x3, 0x92, 0xdc, 0x3, 0xff, 0x95,
    0xe0, 0x9c, 0xe0, 0xc4, 0x1, 0xb1, 0x2c, 0x3,
    0x94, 0xc0, 0x3f, 0xf8, 0x4a, 0x61, 0x43, 0x2,
    0x14, 0x1, 0x8c, 0x14, 0x3, 0xaf, 0x18, 0x3,
    0xd2, 0xc2, 0x1, 0xa0, 0x0, 0xe0, 0x6, 0x7,
    0x10, 0x9, 0x0, 0xc0, 0x31, 0x88, 0x20, 0x7,
    0x9a, 0x7a, 0xdd, 0xa8, 0x80, 0x13, 0x4c, 0x80,
    0xc, 0x66, 0x60, 0x1, 0x65, 0x90, 0x14, 0x0,
    0x40, 0x1c, 0x2a, 0x0, 0x48, 0x95, 0x8, 0x60,
    0x59, 0x30, 0x1, 0x4c, 0x8c, 0x4, 0x1a, 0x6d,
    0x40, 0x3f, 0x86, 0xb8, 0xc0, 0x21, 0x77, 0x4d,
    0x18, 0x15, 0xd1, 0x0, 0xa, 0x7d, 0x84, 0x5,
    0xcc, 0x0, 0xc0, 0x1f, 0xb, 0x82, 0x7f, 0x40,
    0x1, 0x73, 0xf5, 0x17, 0x7f, 0xda, 0xc3, 0x3d,
    0xfc, 0x4a, 0x0, 0x99, 0x18, 0x80, 0x9, 0xb1,
    0x3, 0x0, 0x3f, 0xf9, 0x74, 0x0, 0x6c, 0xef,
    0xf6, 0xc9, 0x82, 0xb8, 0x7, 0xff, 0x2d, 0x71,
    0x0, 0x3e, 0x4b, 0xa0, 0xf, 0xfe, 0x69, 0xdf,
    0xe5, 0x52, 0xf7, 0xed, 0x0, 0x3f, 0xf9, 0x80,

    /* U+FD9C "ﶜ" */
    0x0, 0xf1, 0x20, 0x80, 0x7f, 0x21, 0x80, 0x7f,
    0xf1, 0x97, 0x75, 0x7e, 0x20, 0x1e, 0x4e, 0xbc,
    0xc0, 0x7, 0xff, 0x12, 0xa8, 0x40, 0x1, 0x80,
    0xe, 0x3b, 0x10, 0x1, 0xc8, 0x7, 0xb2, 0x44,
    0x3, 0xad, 0x40, 0xf6, 0xc1, 0x84, 0x3, 0x70,
    0x2f, 0x38, 0x30, 0x80, 0x63, 0x33, 0x0, 0x73,
    0xa0, 0xe, 0x12, 0x18, 0x38, 0x4, 0xa4, 0x34,
    0x30, 0x21, 0x20, 0x19, 0x40, 0x2, 0x1, 0xc,
    0x0, 0x5, 0xc0, 0x14, 0x10, 0x1, 0x40, 0xa,
    0x80, 0x1c, 0x18, 0x40, 0x2a, 0x0, 0xf3, 0x80,
    0xc, 0x22, 0xdb, 0x0, 0x71, 0xa8, 0x80, 0x15,
    0x2a, 0x80, 0x38, 0xcc, 0xb3, 0x0, 0x63, 0xa9,
    0x78, 0x16, 0x20, 0x24, 0xa8, 0x0, 0xe5, 0x42,
    0x14, 0x1a, 0x88, 0x0, 0x53, 0x24, 0x1, 0x3,
    0x8a, 0xe2, 0x7, 0xb, 0x93, 0x1, 0xb9, 0x20,
    0x17, 0x75, 0x49, 0x81, 0x64, 0x90, 0x0, 0x9f,
    0xa8, 0xc0, 0x8, 0x1, 0xcd, 0x9f, 0xc8, 0xdb,
    0xfd, 0x0, 0x6, 0xcf, 0xd3, 0x6d, 0xff, 0x6c,
    0x2, 0xe7, 0xfa, 0x8, 0x4, 0x3, 0xff, 0x96,
    0xc6, 0xa, 0xa0, 0xb, 0x81, 0x40, 0x3f, 0xf9,
    0x4d, 0x38, 0x75, 0x42, 0x0, 0x18, 0x8, 0x80,
    0x3f, 0xf9, 0x2a, 0x28, 0x45, 0x80, 0xa, 0x0,
    0x50, 0xf, 0xfe, 0x49, 0xf5, 0x8e, 0xe8, 0x2,
    0x11, 0x6, 0x0, 0x7f, 0xf4, 0xd0, 0x10, 0x3,
    0xff, 0xa7, 0x19, 0x80, 0xf, 0xfe, 0x90,

    /* U+FD9D "ﶝ" */
    0x0, 0xff, 0xe8, 0x18, 0x7, 0x89, 0x4, 0x3,
    0xf8, 0x50, 0x80, 0x3c, 0xbf, 0x80, 0x1d, 0x5b,
    0x7c, 0xa0, 0x1f, 0x47, 0x5e, 0xb8, 0x7, 0x30,
    0x1, 0x0, 0x2a, 0x50, 0xa, 0x88, 0x3, 0xa1,
    0xc0, 0x28, 0x30, 0xc, 0x62, 0x18, 0x0, 0x55,
    0x5, 0xe8, 0x85, 0x80, 0x63, 0x70, 0xae, 0x20,
    0xf0, 0xe, 0x50, 0x20, 0x4, 0x3, 0xa1, 0x40,
    0x30, 0x80, 0x50, 0xa, 0xa1, 0x90, 0x32, 0x0,
    0xc6, 0xc, 0xa, 0x40, 0x82, 0xc, 0x0, 0x90,
    0x1, 0xa0, 0x20, 0x82, 0x8, 0x40, 0x6, 0x10,
    0x75, 0xb0, 0x1, 0xe3, 0xc0, 0x1, 0xe5, 0xf8,
    0x0, 0x3e, 0xec, 0x20, 0xb4, 0xcc, 0x86, 0x3,
    0x81, 0x15, 0x89, 0x43, 0x80, 0x4d, 0x4, 0x16,
    0x43, 0x12, 0x1, 0x2c, 0xc9, 0xc0, 0x64, 0xcd,
    0x89, 0xec, 0x20, 0xdc, 0xa0, 0x2, 0xb4, 0xc7,
    0x10, 0x4e, 0x61, 0x0, 0x13, 0x78, 0xf6, 0x10,
    0xc, 0xf7, 0xc8, 0xd7, 0xfb, 0x50, 0x6, 0x3b,
    0xec, 0x67, 0xbf, 0xdb, 0x22, 0x1, 0xff, 0xcd,
    0x17, 0x20, 0x63, 0x0, 0xff, 0xe6, 0x5c, 0x4b,
    0x4e, 0x80, 0x7f, 0xf3, 0x30, 0x31, 0x45, 0x0,

    /* U+FD9E "ﶞ" */
    0x0, 0xff, 0xe2, 0x97, 0x60, 0x7, 0xff, 0x5d,
    0x4, 0xc4, 0x3, 0xff, 0xac, 0xcf, 0x42, 0x1,
    0xff, 0xd7, 0x85, 0x0, 0xff, 0xfe, 0x1f, 0x7f,
    0xb6, 0x50, 0x3, 0xff, 0xa6, 0x22, 0x0, 0x13,
    0x5e, 0xb8, 0x80, 0x72, 0xc2, 0x0, 0x7f, 0xf2,
    0xb, 0xbf, 0xdb, 0x48, 0x51, 0xde, 0x1, 0xb9,
    0xf4, 0x3, 0x99, 0x40, 0x3f, 0xf8, 0x42, 0x0,
    0x25, 0x91, 0x0, 0x84, 0x2, 0x50, 0xf0, 0xe,
    0x8a, 0x60, 0xf, 0x5c, 0x8, 0x7, 0xc7, 0x3a,
    0x20, 0x56, 0x20, 0x3, 0x10, 0x10, 0xc, 0x62,
    0x8, 0x1, 0xe4, 0x7e, 0xc8, 0x66, 0x3d, 0x76,
    0x30, 0x28, 0x17, 0xbb, 0x3f, 0x0, 0x26, 0x19,
    0x1, 0x40, 0x4, 0x1, 0xc2, 0x40, 0x3, 0x79,
    0x94, 0x28, 0x82, 0x65, 0x38, 0x24, 0x4c, 0x10,
    0x8, 0x9e, 0x6c, 0x80, 0x3f, 0x87, 0x70, 0x80,
    0x30, 0xa4, 0x6d, 0x98, 0x44, 0x98, 0x4, 0x77,
    0x88, 0x20, 0x44, 0x30, 0x3, 0x0, 0x7c, 0x6c,
    0x9, 0xfe, 0xeb, 0x72, 0x0, 0xcd, 0x9f, 0xf6,
    0x21, 0x5f, 0x7e, 0x82, 0x88, 0x4c, 0x8c, 0x40,
    0x4, 0xb6, 0x81, 0x80, 0x1f, 0xfc, 0xcb, 0x0,
    0x36, 0x77, 0xfb, 0x69, 0x1, 0x5c, 0x3, 0xff,
    0x86, 0x3b, 0xa0, 0xf, 0x2e, 0x20, 0x7, 0xc9,
    0x74, 0x1, 0xff, 0xc4, 0x22, 0xc0, 0x1e, 0x3b,
    0xfc, 0xaa, 0x5e, 0xfd, 0xa0, 0x7, 0xff, 0x14,
    0xf3, 0x4, 0x1, 0xfc, 0x6a, 0xa4, 0x20, 0xf,
    0xfe, 0x49, 0x98, 0x3, 0xfc, 0xe4, 0xc, 0x80,
    0x1f, 0xfd, 0x48, 0x87, 0xa4, 0xd8, 0x7, 0xff,
    0x53, 0x1, 0x18, 0x50, 0x3, 0xff, 0xa0,

    /* U+FD9F "ﶟ" */
    0x0, 0xff, 0xe9, 0x4f, 0x9b, 0xfb, 0x0, 0x7f,
    0xf5, 0x1c, 0x13, 0x3, 0x0, 0x3f, 0xfa, 0x9b,
    0xf, 0x31, 0x60, 0x1f, 0xfc, 0x63, 0xef, 0xf6,
    0xca, 0x0, 0x7c, 0x6e, 0x4, 0xe2, 0x1, 0xff,
    0xc6, 0x11, 0x0, 0x9, 0xaf, 0x5c, 0x40, 0x38,
    0x65, 0x80, 0x3f, 0xf9, 0x5, 0xdf, 0xed, 0xa4,
    0x28, 0xef, 0x0, 0xca, 0xd2, 0x1, 0xcc, 0xa0,
    0x1f, 0xfc, 0x21, 0x0, 0x12, 0xc8, 0x80, 0x42,
    0x1, 0x60, 0x10, 0x7, 0x45, 0x30, 0x7, 0xae,
    0x4, 0x3, 0xe3, 0x9d, 0x10, 0x2b, 0x10, 0x9,
    0x40, 0x3c, 0x62, 0x8, 0x1, 0xe4, 0x7e, 0xc8,
    0x66, 0x3d, 0x76, 0x30, 0x28, 0x17, 0xbb, 0x33,
    0x8, 0xa, 0xd9, 0x45, 0x40, 0x4, 0x1, 0xc2,
    0x40, 0x3, 0x79, 0x94, 0x28, 0x82, 0x65, 0x38,
    0x24, 0x4c, 0x8c, 0x4, 0x12, 0x6a, 0xc0, 0x3f,
    0x87, 0x70, 0x80, 0x30, 0xa4, 0x6d, 0x98, 0x44,
    0x98, 0x4, 0x51, 0xd0, 0x40, 0xc, 0x30, 0x3,
    0x0, 0x7c, 0x6c, 0x9, 0xfe, 0xeb, 0x72, 0x0,
    0xcd, 0x9f, 0xf6, 0xb8, 0x3e, 0xff, 0x99, 0x44,
    0x26, 0x46, 0x20, 0x2, 0x5b, 0x40, 0xc0, 0xe,
    0x55, 0x0, 0x7f, 0xf1, 0x6c, 0x0, 0xd9, 0xdf,
    0xed, 0xa4, 0x5, 0x70, 0xc, 0x55, 0x43, 0x0,
    0xff, 0xe2, 0x2e, 0x20, 0x7, 0xc9, 0x74, 0x1,
    0xc6, 0x45, 0x0, 0x7f, 0xf1, 0x4e, 0xff, 0x2a,
    0x97, 0xbf, 0x68, 0x1, 0xe1, 0xdd, 0x8, 0x7,
    0xff, 0x20, 0xd5, 0x48, 0x40, 0x1f, 0xfd, 0x57,
    0x20, 0x64, 0x0, 0xff, 0xea, 0x44, 0x3d, 0x26,
    0xc0, 0x3f, 0xfa, 0x98, 0x8, 0xc2, 0x80, 0x1f,
    0xfd, 0x0,

    /* U+FDA0 "ﶠ" */
    0x0, 0xff, 0xe9, 0x4f, 0x9b, 0xfb, 0x0, 0x7f,
    0xf5, 0x1c, 0x13, 0x3, 0x0, 0x3f, 0xfa, 0x9b,
    0xf, 0x31, 0x60, 0x1f, 0xfc, 0x63, 0xef, 0xf6,
    0xca, 0x0, 0x7c, 0x6e, 0x4, 0xe2, 0x1, 0xff,
    0xc6, 0x11, 0x0, 0x9, 0xaf, 0x5c, 0x40, 0x38,
    0x65, 0x80, 0x3f, 0xf9, 0x5, 0xdf, 0xed, 0xa4,
    0x28, 0xef, 0x0, 0xca, 0xd2, 0x1, 0xcc, 0xa0,
    0x1f, 0xfc, 0x21, 0x0, 0x12, 0xc8, 0x80, 0x42,
    0x1, 0x60, 0x10, 0x7, 0x45, 0x30, 0x7, 0xae,
    0x4, 0x3, 0xe3, 0x9d, 0x10, 0x2b, 0x10, 0x9,
    0x40, 0x3c, 0x62, 0x8, 0x1, 0xe4, 0x7e, 0xc8,
    0x66, 0x3d, 0x76, 0x30, 0x28, 0x17, 0xbb, 0x33,
    0x8, 0xa, 0xd9, 0x45, 0x40, 0x4, 0x1, 0xc2,
    0x40, 0x3, 0x79, 0x94, 0x28, 0x82, 0x65, 0x38,
    0x24, 0x4c, 0x8c, 0x4, 0x12, 0x6a, 0xc0, 0x3f,
    0x87, 0x70, 0x80, 0x30, 0xa4, 0x6d, 0x98, 0x44,
    0x98, 0x4, 0x51, 0xd0, 0x40, 0xc, 0x30, 0x3,
    0x0, 0x7c, 0x6c, 0x9, 0xfe, 0xeb, 0x72, 0x0,
    0xcd, 0x9f, 0xf6, 0xb8, 0x3e, 0xff, 0x99, 0x44,
    0x26, 0x46, 0x20, 0x2, 0x5b, 0x40, 0xc0, 0xe,
    0x55, 0x0, 0x7f, 0xf1, 0x6c, 0x0, 0xd9, 0xdf,
    0xed, 0xa4, 0x5, 0x70, 0xc, 0x55, 0x43, 0x0,
    0xff, 0xe2, 0x2e, 0x20, 0x7, 0xc9, 0x74, 0x1,
    0xc6, 0x45, 0x0, 0x7f, 0xf1, 0x4e, 0xff, 0x2a,
    0x97, 0xbf, 0x68, 0x1, 0xe1, 0xdd, 0x8, 0x7,
    0xff, 0xc,

    /* U+FDA1 "ﶡ" */
    0x0, 0xff, 0xe2, 0x97, 0x60, 0x7, 0xff, 0x5d,
    0x4, 0xc4, 0x3, 0xff, 0xac, 0xcf, 0x42, 0x1,
    0xfd, 0x3e, 0x6f, 0xec, 0x1, 0xff, 0xc8, 0x85,
    0x0, 0xff, 0x38, 0x26, 0x6, 0x0, 0x7f, 0xf5,
    0x36, 0x1e, 0x62, 0xc0, 0x3f, 0xf8, 0xc7, 0xdf,
    0xed, 0x94, 0x0, 0xf8, 0xdc, 0x9, 0xc4, 0x3,
    0xff, 0x8c, 0x22, 0x0, 0x13, 0x5e, 0xb8, 0x80,
    0x70, 0xcb, 0x0, 0x7f, 0xf2, 0xb, 0xbf, 0xdb,
    0x48, 0x51, 0xde, 0x1, 0x95, 0xa4, 0x3, 0x99,
    0x40, 0x3f, 0xf8, 0x42, 0x0, 0x25, 0x91, 0x0,
    0x84, 0x2, 0xc0, 0x20, 0xe, 0x8a, 0x60, 0xf,
    0x5c, 0x8, 0x7, 0xc7, 0x3a, 0x20, 0x56, 0x20,
    0x12, 0x80, 0x78, 0xc4, 0x10, 0x3, 0xc8, 0xfd,
    0x90, 0xcc, 0x7a, 0xec, 0x60, 0x50, 0x2f, 0x76,
    0x66, 0x10, 0x15, 0xb2, 0x8a, 0x80, 0x8, 0x3,
    0x84, 0x80, 0x6, 0xf3, 0x28, 0x51, 0x4, 0xca,
    0x70, 0x48, 0x99, 0x18, 0x8, 0x24, 0xd5, 0x80,
    0x7f, 0xe, 0xe1, 0x0, 0x61, 0x48, 0xdb, 0x30,
    0x89, 0x30, 0x8, 0xa3, 0xa0, 0x80, 0x18, 0x60,
    0x6, 0x0, 0xf8, 0xd8, 0x13, 0xfd, 0xd6, 0xe4,
    0x1, 0x9b, 0x3f, 0xed, 0x70, 0x7d, 0xff, 0x32,
    0x88, 0x4c, 0x8c, 0x40, 0x4, 0xb6, 0x81, 0x80,
    0x1f, 0xfc, 0xcb, 0x0, 0x36, 0x77, 0xfb, 0x69,
    0x1, 0x5c, 0x3, 0xff, 0x98, 0xb8, 0x80, 0x1f,
    0x25, 0xd0, 0x7, 0xff, 0x38, 0xef, 0xf2, 0xa9,
    0x7b, 0xf6, 0x80, 0x1f, 0xfd, 0x23, 0x55, 0x21,
    0x0, 0x7f, 0xf5, 0x5c, 0x81, 0x90, 0x3, 0xff,
    0xa9, 0x10, 0xf4, 0x9b, 0x0, 0xff, 0xea, 0x60,
    0x23, 0xa, 0x0, 0x7f, 0xf4, 0x0,

    /* U+FDA2 "ﶢ" */
    0x0, 0xff, 0xe2, 0x97, 0x60, 0x7, 0xff, 0x5d,
    0x4, 0xc4, 0x3, 0xff, 0xac, 0xcf, 0x42, 0x1,
    0xfd, 0x3e, 0x6f, 0xec, 0x1, 0xff, 0xc8, 0x85,
    0x0, 0xff, 0x38, 0x26, 0x6, 0x0, 0x7f, 0xf5,
    0x36, 0x1e, 0x62, 0xc0, 0x3f, 0xf8, 0xc7, 0xdf,
    0xed, 0x94, 0x0, 0xf8, 0xdc, 0x9, 0xc4, 0x3,
    0xff, 0x8c, 0x22, 0x0, 0x13, 0x5e, 0xb8, 0x80,
    0x70, 0xcb, 0x0, 0x7f, 0xf2, 0xb, 0xbf, 0xdb,
    0x48, 0x51, 0xde, 0x1, 0x95, 0xa4, 0x3, 0x99,
    0x40, 0x3f, 0xf8, 0x42, 0x0, 0x25, 0x91, 0x0,
    0x84, 0x2, 0xc0, 0x20, 0xe, 0x8a, 0x60, 0xf,
    0x5c, 0x8, 0x7, 0xc7, 0x3a, 0x20, 0x56, 0x20,
    0x12, 0x80, 0x78, 0xc4, 0x10, 0x3, 0xc8, 0xfd,
    0x90, 0xcc, 0x7a, 0xec, 0x60, 0x50, 0x2f, 0x76,
    0x66, 0x10, 0x15, 0xb2, 0x8a, 0x80, 0x8, 0x3,
    0x84, 0x80, 0x6, 0xf3, 0x28, 0x51, 0x4, 0xca,
    0x70, 0x48, 0x99, 0x18, 0x8, 0x24, 0xd5, 0x80,
    0x7f, 0xe, 0xe1, 0x0, 0x61, 0x48, 0xdb, 0x30,
    0x89, 0x30, 0x8, 0xa3, 0xa0, 0x80, 0x18, 0x60,
    0x6, 0x0, 0xf8, 0xd8, 0x13, 0xfd, 0xd6, 0xe4,
    0x1, 0x9b, 0x3f, 0xed, 0x70, 0x7d, 0xff, 0x32,
    0x88, 0x4c, 0x8c, 0x40, 0x4, 0xb6, 0x81, 0x80,
    0x1f, 0xfc, 0xcb, 0x0, 0x36, 0x77, 0xfb, 0x69,
    0x1, 0x5c, 0x3, 0xff, 0x98, 0xb8, 0x80, 0x1f,
    0x25, 0xd0, 0x7, 0xff, 0x38, 0xef, 0xf2, 0xa9,
    0x7b, 0xf6, 0x80, 0x1f, 0xfc, 0xd0,

    /* U+FDA3 "ﶣ" */
    0x0, 0xff, 0xe8, 0xbf, 0xb2, 0x7c, 0x0, 0x7f,
    0xf4, 0xf0, 0x33, 0x0, 0x80, 0x1f, 0xfc, 0xb4,
    0x30, 0xf, 0x4c, 0x5c, 0x43, 0x80, 0x3f, 0xf9,
    0x29, 0xd7, 0x98, 0x0, 0xe2, 0x71, 0x7, 0x20,
    0xf, 0xfe, 0x41, 0xd8, 0x80, 0xe, 0x40, 0x3d,
    0x72, 0x40, 0x1f, 0xfc, 0x9f, 0x4, 0xe7, 0x6,
    0x20, 0xc, 0x48, 0xc0, 0x1c, 0xa6, 0x1, 0xff,
    0xc2, 0x53, 0xa, 0x18, 0x10, 0xa0, 0xc, 0xe0,
    0x2, 0x0, 0xd7, 0x8c, 0x1, 0xe9, 0x61, 0x0,
    0xd0, 0x0, 0x70, 0x3, 0x3, 0x88, 0x5, 0xc0,
    0x1, 0x0, 0x8c, 0x41, 0x0, 0x3c, 0xd3, 0xd6,
    0xed, 0x44, 0x0, 0x9a, 0x64, 0x0, 0x63, 0x32,
    0x90, 0x1, 0xae, 0xa4, 0xa0, 0x2, 0x0, 0xe1,
    0x50, 0x2, 0x44, 0xa8, 0x43, 0x2, 0xc9, 0x80,
    0xa, 0x64, 0xa0, 0x20, 0x71, 0x5e, 0x1, 0xfc,
    0x35, 0xc6, 0x1, 0xb, 0xba, 0x68, 0xc0, 0xae,
    0x88, 0x0, 0x4d, 0xf4, 0x60, 0x4, 0x30, 0x3,
    0x0, 0x7c, 0x2e, 0x9, 0xfd, 0x0, 0x5, 0xcf,
    0xd4, 0x5d, 0xff, 0x6c, 0x8a, 0xe7, 0xfa, 0x54,
    0x1, 0x32, 0x31, 0x0, 0x13, 0x62, 0x6, 0x0,
    0x7f, 0xf2, 0xe8, 0x0, 0xd9, 0xdf, 0xed, 0x93,
    0x5, 0x70, 0xf, 0xfe, 0x5a, 0xe2, 0x0, 0x7c,
    0x97, 0x40, 0x1f, 0xfc, 0xd3, 0xbf, 0xca, 0xa5,
    0xef, 0xda, 0x0, 0x7f, 0xf4, 0x4d, 0x54, 0x84,
    0x1, 0xff, 0xd3, 0x4f, 0x92, 0xeb, 0x0, 0xff,
    0xe9, 0xe0, 0x23, 0xa, 0x0, 0x7f, 0xf4, 0xe2,
    0x1e, 0x93, 0x60, 0x1f, 0xfc, 0xf0,

    /* U+FDA4 "ﶤ" */
    0x0, 0xff, 0xe8, 0xbf, 0xb2, 0x7c, 0x0, 0x7f,
    0xf4, 0xf0, 0x33, 0x0, 0x80, 0x1f, 0xfc, 0xb4,
    0x30, 0xf, 0x4c, 0x5c, 0x43, 0x80, 0x3f, 0xf9,
    0x29, 0xd7, 0x98, 0x0, 0xe2, 0x71, 0x7, 0x20,
    0xf, 0xfe, 0x41, 0xd8, 0x80, 0xe, 0x40, 0x3d,
    0x72, 0x40, 0x1f, 0xfc, 0x9f, 0x4, 0xe7, 0x6,
    0x20, 0xc, 0x48, 0xc0, 0x1c, 0xa6, 0x1, 0xff,
    0xc2, 0x53, 0xa, 0x18, 0x10, 0xa0, 0xc, 0xe0,
    0x2, 0x0, 0xd7, 0x8c, 0x1, 0xe9, 0x61, 0x0,
    0xd0, 0x0, 0x70, 0x3, 0x3, 0x88, 0x5, 0xc0,
    0x1, 0x0, 0x8c, 0x41, 0x0, 0x3c, 0xd3, 0xd6,
    0xed, 0x44, 0x0, 0x9a, 0x64, 0x0, 0x63, 0x32,
    0x90, 0x1, 0xae, 0xa4, 0xa0, 0x2, 0x0, 0xe1,
    0x50, 0x2, 0x44, 0xa8, 0x43, 0x2, 0xc9, 0x80,
    0xa, 0x64, 0xa0, 0x20, 0x71, 0x5e, 0x1, 0xfc,
    0x35, 0xc6, 0x1, 0xb, 0xba, 0x68, 0xc0, 0xae,
    0x88, 0x0, 0x4d, 0xf4, 0x60, 0x4, 0x30, 0x3,
    0x0, 0x7c, 0x2e, 0x9, 0xfd, 0x0, 0x5, 0xcf,
    0xd4, 0x5d, 0xff, 0x6c, 0x8a, 0xe7, 0xfa, 0x54,
    0x1, 0x32, 0x31, 0x0, 0x13, 0x62, 0x6, 0x0,
    0x7f, 0xf2, 0xe8, 0x0, 0xd9, 0xdf, 0xed, 0x93,
    0x5, 0x70, 0xf, 0xfe, 0x5a, 0xe2, 0x0, 0x7c,
    0x97, 0x40, 0x1f, 0xfc, 0xd3, 0xbf, 0xca, 0xa5,
    0xef, 0xda, 0x0, 0x7f, 0xf3, 0x0,

    /* U+FDA5 "ﶥ" */
    0x0, 0xff, 0xe4, 0xa, 0xa8, 0x3, 0xc6, 0xcc,
    0x40, 0xf, 0xfe, 0x82, 0xf5, 0x53, 0x44, 0x2,
    0x2c, 0x99, 0x5f, 0xc9, 0x0, 0x7f, 0xf3, 0xe,
    0x80, 0x22, 0xb0, 0x8, 0x80, 0x39, 0xb6, 0x48,
    0x3, 0xff, 0x95, 0xc0, 0x9c, 0xe0, 0xa4, 0x1,
    0x77, 0xfb, 0xa9, 0x41, 0xb7, 0xc8, 0x2, 0x65,
    0x0, 0xff, 0xe1, 0x29, 0x5, 0xc, 0x8, 0x50,
    0x4, 0x20, 0x1, 0x5b, 0x30, 0x8, 0x40, 0x28,
    0xa6, 0x0, 0xf5, 0xc0, 0x80, 0x68, 0x0, 0x38,
    0x1, 0x81, 0xc4, 0x3, 0x8a, 0x38, 0xc0, 0x6c,
    0x80, 0x6, 0x20, 0x80, 0x1e, 0x47, 0xec, 0x86,
    0xa2, 0x0, 0x4d, 0x32, 0x0, 0x31, 0xd9, 0xe7,
    0x74, 0xe0, 0x80, 0x30, 0xca, 0x4a, 0x0, 0x20,
    0xe, 0x15, 0x0, 0x1b, 0xca, 0x84, 0x30, 0x2c,
    0x98, 0x0, 0xa2, 0x61, 0x88, 0xe, 0xed, 0x20,
    0x71, 0x58, 0x1, 0xfc, 0x35, 0xc6, 0x1, 0xb,
    0xba, 0x68, 0xc0, 0xae, 0x88, 0x0, 0x26, 0xf9,
    0x84, 0x6, 0xa4, 0x10, 0x43, 0x0, 0x30, 0x7,
    0xc2, 0xe0, 0x9f, 0xd0, 0x0, 0x5c, 0xfd, 0x45,
    0xdf, 0xf7, 0x64, 0x18, 0x6, 0x5b, 0xef, 0xa5,
    0x10, 0x99, 0x18, 0x80, 0x9, 0xb1, 0x3, 0x0,
    0x3f, 0xf8, 0xa8, 0xc0, 0x1f, 0xd6, 0x0, 0x6c,
    0xef, 0xf6, 0xc9, 0x82, 0xb8, 0x7, 0xff, 0x16,
    0xe5, 0x40, 0x3f, 0x2e, 0x20, 0x7, 0xc9, 0x74,
    0x1, 0xff, 0xc6, 0x31, 0x70, 0xf, 0xe3, 0xbf,
    0xca, 0xa5, 0xef, 0xda, 0x0, 0x7f, 0xf1, 0xf3,
    0x88, 0x3, 0xff, 0x80, 0x6a, 0xa4, 0x20, 0xf,
    0xfe, 0xc2, 0x7c, 0x97, 0x58, 0x7, 0xff, 0x63,
    0x1, 0x18, 0x50, 0x3, 0xff, 0xb1, 0x10, 0xf4,
    0x9b, 0x0, 0xff, 0xea, 0x0,

    /* U+FDA6 "ﶦ" */
    0x0, 0xff, 0xe2, 0x1f, 0x7f, 0xb6, 0x50, 0x3,
    0xc9, 0xdf, 0xed, 0x94, 0x0, 0xff, 0xe4, 0x88,
    0x80, 0x4, 0xd7, 0xae, 0x20, 0x13, 0x88, 0x0,
    0x9a, 0xf5, 0x84, 0x3, 0xff, 0x8c, 0x5d, 0xfe,
    0xda, 0x42, 0x8e, 0xf0, 0x1, 0xf7, 0xfb, 0x64,
    0xca, 0x7b, 0x80, 0x6, 0x50, 0xf, 0xfe, 0x10,
    0x80, 0x9, 0x64, 0x40, 0x21, 0x0, 0x8, 0x0,
    0x9b, 0xc4, 0x0, 0x20, 0x8, 0xa6, 0x0, 0xf5,
    0xc0, 0x80, 0x7c, 0x73, 0xa2, 0x5, 0x62, 0x1,
    0xc7, 0x58, 0x20, 0xf6, 0x6, 0x20, 0x80, 0x1e,
    0x47, 0xec, 0x86, 0x63, 0xd7, 0x63, 0x2, 0x81,
    0x7b, 0xb3, 0x1e, 0xbb, 0x14, 0x1b, 0xa1, 0x1,
    0x40, 0x4, 0x1, 0xc2, 0x40, 0x3, 0x79, 0x94,
    0x28, 0x82, 0x65, 0x38, 0x24, 0x4c, 0xa1, 0x44,
    0x13, 0x24, 0x40, 0x3f, 0xf8, 0x3, 0xb8, 0x40,
    0x18, 0x52, 0x36, 0xcc, 0x22, 0x4c, 0x2, 0x14,
    0x8d, 0xb3, 0x0, 0xe3, 0x0, 0x30, 0x7, 0xc6,
    0xc0, 0x9f, 0xee, 0xb7, 0x20, 0xc, 0xd9, 0xff,
    0x75, 0xb9, 0x0, 0x7c, 0xa2, 0x13, 0x23, 0x10,
    0x1, 0x2d, 0xa0, 0x60, 0x7, 0xff, 0x18, 0xdc,
    0x3, 0xeb, 0x0, 0x36, 0x77, 0xfb, 0x69, 0x1,
    0x5c, 0x3, 0xff, 0x8d, 0xd0, 0xe0, 0x1e, 0x5c,
    0x40, 0xf, 0x92, 0xe8, 0x3, 0xff, 0x8e, 0x80,
    0x60, 0x1f, 0x1d, 0xfe, 0x55, 0x2f, 0x7e, 0xd0,
    0x3, 0xff, 0x91, 0x3e, 0x80, 0x1c,

    /* U+FDA7 "ﶧ" */
    0x0, 0xff, 0xe4, 0xa, 0xa8, 0x3, 0xc6, 0xcc,
    0x40, 0xf, 0xfe, 0x82, 0xf5, 0x53, 0x44, 0x2,
    0x2c, 0x99, 0x5f, 0xc9, 0x0, 0x7f, 0xf3, 0xe,
    0x80, 0x22, 0xb0, 0x8, 0x80, 0x39, 0xb6, 0x48,
    0x3, 0xff, 0x95, 0xc0, 0x9c, 0xe0, 0xa4, 0x1,
    0x77, 0xfb, 0xa9, 0x41, 0xb7, 0xc8, 0x2, 0x65,
    0x0, 0xff, 0xe1, 0x29, 0x5, 0xc, 0x8, 0x50,
    0x4, 0x20, 0x1, 0x5b, 0x30, 0x8, 0x40, 0x28,
    0xa6, 0x0, 0xf5, 0xc0, 0x80, 0x68, 0x0, 0x38,
    0x1, 0x81, 0xc4, 0x3, 0x8a, 0x38, 0xc0, 0x6c,
    0x80, 0x6, 0x20, 0x80, 0x1e, 0x47, 0xec, 0x86,
    0xa2, 0x0, 0x4d, 0x32, 0x0, 0x31, 0xd9, 0xe7,
    0x74, 0xe0, 0x80, 0x30, 0xca, 0x4a, 0x0, 0x20,
    0xe, 0x15, 0x0, 0x1b, 0xca, 0x84, 0x30, 0x2c,
    0x98, 0x0, 0xa2, 0x61, 0x88, 0xe, 0xed, 0x20,
    0x71, 0x58, 0x1, 0xfc, 0x35, 0xc6, 0x1, 0xb,
    0xba, 0x68, 0xc0, 0xae, 0x88, 0x0, 0x26, 0xf9,
    0x84, 0x6, 0xa4, 0x10, 0x43, 0x0, 0x30, 0x7,
    0xc2, 0xe0, 0x9f, 0xd0, 0x0, 0x5c, 0xfd, 0x45,
    0xdf, 0xf7, 0x64, 0x18, 0x6, 0x5b, 0xef, 0xa5,
    0x10, 0x99, 0x18, 0x80, 0x9, 0xb1, 0x3, 0x0,
    0x3f, 0xf8, 0xa8, 0xc0, 0x1f, 0xd6, 0x0, 0x6c,
    0xef, 0xf6, 0xc9, 0x82, 0xb8, 0x7, 0xff, 0x16,
    0xe5, 0x40, 0x3f, 0x2e, 0x20, 0x7, 0xc9, 0x74,
    0x1, 0xff, 0xc6, 0x31, 0x70, 0xf, 0xe3, 0xbf,
    0xca, 0xa5, 0xef, 0xda, 0x0, 0x7f, 0xf1, 0xf3,
    0x88, 0x3, 0xe0,

    /* U+FDA8 "ﶨ" */
    0x0, 0xff, 0xe2, 0x97, 0x60, 0x7, 0xff, 0x89,
    0x4, 0xc4, 0x3, 0xff, 0xc2, 0xcf, 0x42, 0x1,
    0xff, 0xe2, 0x85, 0x0, 0xff, 0xff, 0x80, 0x7f,
    0xf1, 0xcf, 0xbf, 0xdb, 0x28, 0x1, 0xff, 0xc7,
    0x29, 0x80, 0xf, 0xfe, 0x40, 0x88, 0x0, 0x4d,
    0x7a, 0xe2, 0x1, 0xc8, 0x81, 0x0, 0x95, 0x88,
    0x0, 0x2c, 0xc0, 0xf, 0xfe, 0x41, 0x77, 0xfb,
    0x69, 0xa, 0x3b, 0xc0, 0x34, 0x5b, 0x0, 0x53,
    0x25, 0x0, 0x8, 0x8, 0x7, 0x32, 0x80, 0x7f,
    0xf0, 0x84, 0x0, 0x4b, 0x22, 0x1, 0x8, 0x4,
    0x60, 0x60, 0x11, 0x81, 0x0, 0xc, 0x0, 0x60,
    0x1a, 0x29, 0x80, 0x3d, 0x70, 0x20, 0x1f, 0x1c,
    0xe8, 0x81, 0x58, 0x80, 0x14, 0x0, 0xe0, 0x4,
    0x0, 0x8, 0x0, 0xc0, 0x16, 0x1, 0x18, 0x82,
    0x0, 0x79, 0x1f, 0xb2, 0x19, 0x8f, 0x5d, 0x8c,
    0xa, 0x5, 0xee, 0xcf, 0x60, 0xf, 0x66, 0x48,
    0x2, 0x19, 0x9c, 0x0, 0x79, 0x52, 0x50, 0x1,
    0x0, 0x70, 0x90, 0x0, 0xde, 0x65, 0xa, 0x20,
    0x99, 0x4e, 0x9, 0x13, 0x2, 0x0, 0x39, 0x91,
    0x0, 0xe, 0x64, 0x62, 0xc0, 0xd5, 0xe0, 0x1f,
    0xc3, 0xb8, 0x40, 0x18, 0x52, 0x36, 0xcc, 0x22,
    0x4c, 0x2, 0x3b, 0xb1, 0x0, 0xa, 0xb0, 0xc0,
    0x7, 0xb2, 0xe2, 0x8, 0x60, 0x6, 0x0, 0xf8,
    0xd8, 0x13, 0xfd, 0xd6, 0xe4, 0x1, 0x9b, 0x3f,
    0xec, 0x44, 0x6f, 0xfb, 0x54, 0xf3, 0xfd, 0x86,
    0x11, 0xdf, 0x2a, 0x21, 0x32, 0x31, 0x0, 0x12,
    0xda, 0x6, 0x0, 0x7f, 0xf5, 0xec, 0x0, 0xd9,
    0xdf, 0xed, 0xa4, 0x5, 0x70, 0xf, 0xfe, 0xba,
    0xe2, 0x0, 0x7c, 0x97, 0x40, 0x1f, 0xfd, 0x93,
    0xbf, 0xca, 0xa5, 0xef, 0xda, 0x0, 0x7f, 0xf6,
    0x0,

    /* U+FDA9 "ﶩ" */
    0x0, 0xff, 0xe2, 0x92, 0xa8, 0xc0, 0x3f, 0xf9,
    0x6, 0xa8, 0x1, 0xff, 0xca, 0x4d, 0xaa, 0x67,
    0x40, 0x80, 0x7f, 0xf0, 0xdf, 0xb2, 0xaf, 0x94,
    0x3, 0xff, 0x90, 0xa0, 0x18, 0x5f, 0xa0, 0x80,
    0x38, 0xc8, 0x3, 0x16, 0xc0, 0x80, 0x43, 0x44,
    0x1, 0xff, 0xc7, 0x1e, 0xff, 0x6d, 0x20, 0x3e,
    0xf8, 0x6, 0xdd, 0x20, 0x0, 0xf0, 0x81, 0xf7,
    0xe8, 0x0, 0xa0, 0x19, 0x94, 0x3, 0xff, 0x84,
    0x20, 0x2, 0x59, 0x10, 0x8, 0x40, 0x6, 0x20,
    0xa0, 0x5a, 0x22, 0xc8, 0x20, 0x53, 0xe, 0x0,
    0xd1, 0x4c, 0x1, 0xeb, 0x81, 0x0, 0xf8, 0xe7,
    0x44, 0xa, 0xc4, 0x1, 0x60, 0x1b, 0xc4, 0xbc,
    0xc0, 0x23, 0x30, 0x78, 0x4, 0x62, 0x8, 0x1,
    0xe4, 0x7e, 0xc8, 0x66, 0x3d, 0x76, 0x30, 0x28,
    0x17, 0xbb, 0x43, 0x80, 0x3f, 0x8, 0x15, 0x19,
    0xe3, 0x30, 0x0, 0xf6, 0x50, 0x50, 0x1, 0x0,
    0x70, 0xa8, 0x0, 0xde, 0x65, 0xa, 0x20, 0x99,
    0x4e, 0x9, 0x12, 0xe0, 0x66, 0x13, 0x0, 0x3d,
    0x4c, 0x39, 0x80, 0x4d, 0x34, 0xc0, 0x1f, 0xc3,
    0x5c, 0x60, 0x18, 0x52, 0x36, 0xcc, 0x22, 0x4c,
    0x0, 0x2d, 0xb9, 0x2a, 0x40, 0x18, 0x4d, 0xaf,
    0x18, 0x80, 0x54, 0xc0, 0xc, 0x1, 0xf0, 0xb8,
    0x27, 0xfb, 0xad, 0xc8, 0x3, 0x36, 0x7f, 0xba,
    0x44, 0x1a, 0xb7, 0xff, 0x76, 0x4a, 0x1c, 0xef,
    0xf1, 0xa8, 0x84, 0xc8, 0xc4, 0x0, 0x4d, 0x88,
    0x18, 0x1, 0xff, 0xd8, 0xb0, 0x3, 0x67, 0x7f,
    0xb6, 0x4c, 0x15, 0xc0, 0x3f, 0xfb, 0xb, 0x88,
    0x1, 0xf2, 0x5d, 0x0, 0x7f, 0xf6, 0x8e, 0xff,
    0x2a, 0x97, 0xbf, 0x68, 0x1, 0xff, 0xde, 0x35,
    0x52, 0x10, 0x7, 0xff, 0x81, 0x3e, 0x4b, 0xac,
    0x3, 0xff, 0xc1, 0x80, 0x8c, 0x28, 0x1, 0xff,
    0xe0, 0x88, 0x7a, 0x4d, 0x80, 0x7f, 0xf7, 0x0,

    /* U+FDAA "ﶪ" */
    0x0, 0xff, 0xec, 0xe7, 0x8, 0x7, 0xff, 0x88,
    0x84, 0xc0, 0x3f, 0xfc, 0x59, 0x82, 0x0, 0xff,
    0xf0, 0x27, 0xab, 0x7b, 0x0, 0x7f, 0xf7, 0xcc,
    0x34, 0x83, 0xc0, 0x3f, 0xfb, 0xef, 0x74, 0xf7,
    0x20, 0x1f, 0xfe, 0x4, 0x0, 0x20, 0x7, 0xff,
    0x34, 0xfb, 0xfd, 0xb2, 0x80, 0x1f, 0xfc, 0x72,
    0x98, 0x0, 0xff, 0xe4, 0x8, 0x80, 0x4, 0xd7,
    0xae, 0x20, 0x1c, 0x88, 0x10, 0x9, 0x58, 0x80,
    0x2, 0xcc, 0x0, 0xff, 0xe4, 0x17, 0x7f, 0xb6,
    0x90, 0xa3, 0xbc, 0x3, 0x45, 0xb0, 0x5, 0x32,
    0x50, 0x0, 0x80, 0x80, 0x73, 0x28, 0x7, 0xff,
    0x8, 0x40, 0x4, 0xb2, 0x20, 0x10, 0x80, 0x46,
    0x6, 0x1, 0x18, 0x10, 0x0, 0xc0, 0x6, 0x1,
    0xa2, 0x98, 0x3, 0xd7, 0x2, 0x1, 0xf1, 0xce,
    0x88, 0x15, 0x88, 0x1, 0x40, 0xe, 0x0, 0x40,
    0x0, 0x80, 0xc, 0x1, 0x60, 0x11, 0x88, 0x20,
    0x7, 0x91, 0xfb, 0x21, 0x98, 0xf5, 0xd8, 0xc0,
    0xa0, 0x5e, 0xec, 0xf6, 0x0, 0xf6, 0x64, 0x80,
    0x21, 0x99, 0xc0, 0x7, 0x95, 0x25, 0x0, 0x10,
    0x7, 0x9, 0x0, 0xd, 0xe6, 0x50, 0xa2, 0x9,
    0x94, 0xe0, 0x91, 0x30, 0x20, 0x3, 0x99, 0x10,
    0x0, 0xe6, 0x46, 0x2c, 0xd, 0x5e, 0x1, 0xfc,
    0x3b, 0x84, 0x1, 0x85, 0x23, 0x6c, 0xc2, 0x24,
    0xc0, 0x23, 0xbb, 0x10, 0x0, 0xab, 0xc, 0x0,
    0x7b, 0x2e, 0x20, 0x86, 0x0, 0x60, 0xf, 0x8d,
    0x81, 0x3f, 0xdd, 0x6e, 0x40, 0x19, 0xb3, 0xfe,
    0xc4, 0x46, 0xff, 0xb5, 0x4f, 0x3f, 0xd8, 0x61,
    0x1d, 0xf2, 0xa2, 0x13, 0x23, 0x10, 0x1, 0x2d,
    0xa0, 0x60, 0x7, 0xff, 0x5e, 0xc0, 0xd, 0x9d,
    0xfe, 0xda, 0x40, 0x57, 0x0, 0xff, 0xeb, 0xae,
    0x20, 0x7, 0xc9, 0x74, 0x1, 0xff, 0xd9, 0x3b,
    0xfc, 0xaa, 0x5e, 0xfd, 0xa0, 0x7, 0xff, 0x74,
    0xd5, 0x48, 0x40, 0x1f, 0xfe, 0x7, 0x20, 0x64,
    0x0, 0xff, 0xef, 0xc4, 0x3d, 0x26, 0xc0, 0x3f,
    0xfb, 0xf8, 0x8, 0xc2, 0x80, 0x1f, 0xfd, 0xb0,

    /* U+FDAB "ﶫ" */
    0x0, 0xff, 0xee, 0xe, 0xe8, 0x40, 0x3f, 0xfc,
    0x44, 0x52, 0x80, 0x7f, 0xf8, 0x8e, 0x20, 0x80,
    0x1f, 0xfe, 0x37, 0x70, 0x7, 0xff, 0x30, 0x95,
    0x46, 0x1, 0xff, 0xc8, 0x35, 0x40, 0xf, 0xfe,
    0x52, 0x6d, 0x53, 0x3a, 0x4, 0x3, 0xff, 0x86,
    0xfd, 0x95, 0x7c, 0xa0, 0x1f, 0xfc, 0x85, 0x0,
    0xc2, 0xfd, 0x4, 0x1, 0xc6, 0x40, 0x18, 0xb6,
    0x4, 0x2, 0x1a, 0x20, 0xf, 0xfe, 0x38, 0xf7,
    0xfb, 0x69, 0x1, 0xf7, 0xc0, 0x36, 0xe9, 0x0,
    0x7, 0x84, 0xf, 0xbf, 0x40, 0x5, 0x0, 0xcc,
    0xa0, 0x1f, 0xfc, 0x21, 0x0, 0x12, 0xc8, 0x80,
    0x42, 0x0, 0x31, 0x5, 0x2, 0xd1, 0x16, 0x41,
    0x2, 0x98, 0x70, 0x6, 0x8a, 0x60, 0xf, 0x5c,
    0x8, 0x7, 0xc7, 0x3a, 0x20, 0x56, 0x20, 0xb,
    0x0, 0xde, 0x25, 0xe6, 0x1, 0x19, 0x83, 0xc0,
    0x23, 0x10, 0x40, 0xf, 0x23, 0xf6, 0x43, 0x31,
    0xeb, 0xb1, 0x81, 0x40, 0xbd, 0xda, 0x1c, 0x1,
    0xf8, 0x40, 0xa8, 0xcf, 0x19, 0x80, 0x7, 0xb2,
    0x82, 0x80, 0x8, 0x3, 0x85, 0x40, 0x6, 0xf3,
    0x28, 0x51, 0x4, 0xca, 0x70, 0x48, 0x97, 0x3,
    0x30, 0x98, 0x1, 0xea, 0x61, 0xcc, 0x2, 0x69,
    0xa6, 0x0, 0xfe, 0x1a, 0xe3, 0x0, 0xc2, 0x91,
    0xb6, 0x61, 0x12, 0x60, 0x1, 0x6d, 0xc9, 0x52,
    0x0, 0xc2, 0x6d, 0x78, 0xc4, 0x2, 0xa6, 0x0,
    0x60, 0xf, 0x85, 0xc1, 0x3f, 0xdd, 0x6e, 0x40,
    0x19, 0xb3, 0xfd, 0xd2, 0x20, 0xd5, 0xbf, 0xfb,
    0xb2, 0x50, 0xe7, 0x7f, 0x8d, 0x44, 0x26, 0x46,
    0x20, 0x2, 0x6c, 0x40, 0xc0, 0xf, 0xfe, 0xc5,
    0x80, 0x1b, 0x3b, 0xfd, 0xb2, 0x60, 0xae, 0x1,
    0xff, 0xd8, 0x5c, 0x40, 0xf, 0x92, 0xe8, 0x3,
    0xff, 0xb4, 0x77, 0xf9, 0x54, 0xbd, 0xfb, 0x40,
    0xf, 0xfe, 0xf1, 0xaa, 0x90, 0x80, 0x3f, 0xfc,
    0x9, 0xf2, 0x5d, 0x60, 0x1f, 0xfe, 0xc, 0x4,
    0x61, 0x40, 0xf, 0xff, 0x4, 0x43, 0xd2, 0x6c,
    0x3, 0xff, 0xb8,

    /* U+FDAC "ﶬ" */
    0x0, 0xff, 0xe9, 0x5f, 0xd8, 0x7, 0xff, 0x58,
    0x40, 0x3f, 0xfb, 0x4e, 0x1, 0xff, 0xd6, 0x30,
    0xf, 0xfe, 0xd0, 0x80, 0x7f, 0xf5, 0x84, 0x3,
    0xff, 0xb4, 0x60, 0x1f, 0xfc, 0x83, 0xef, 0xf6,
    0xca, 0x0, 0x7d, 0xe0, 0x1f, 0xfc, 0xa1, 0x10,
    0x0, 0x9a, 0xf5, 0xc4, 0x3, 0x8, 0x8, 0x7,
    0xff, 0x20, 0xbb, 0xfd, 0xb4, 0x85, 0x1d, 0xe0,
    0x1f, 0xf3, 0x28, 0x7, 0xff, 0x8, 0x40, 0x4,
    0xb2, 0x20, 0x10, 0x80, 0x7f, 0xa2, 0x98, 0x3,
    0xd7, 0x2, 0x1, 0xf1, 0xce, 0x88, 0x15, 0x88,
    0x7, 0x20, 0x4, 0x62, 0x8, 0x1, 0xe4, 0x7e,
    0xc8, 0x66, 0x3d, 0x76, 0x30, 0x28, 0x17, 0xbb,
    0x32, 0xc0, 0x14, 0xe8, 0xa, 0x0, 0x20, 0xe,
    0x12, 0x0, 0x1b, 0xcc, 0xa1, 0x44, 0x13, 0x29,
    0xc1, 0x22, 0x64, 0x40, 0x22, 0x8b, 0x40, 0xf,
    0xe1, 0xdc, 0x20, 0xc, 0x29, 0x1b, 0x66, 0x11,
    0x26, 0x1, 0x1e, 0x69, 0x80, 0xb1, 0x80, 0x18,
    0x3, 0xe3, 0x60, 0x4f, 0xf7, 0x5b, 0x90, 0x6,
    0x6c, 0xff, 0xb0, 0xcd, 0x9f, 0xc4, 0xa2, 0x13,
    0x23, 0x10, 0x1, 0x2d, 0xa0, 0x60, 0x7, 0x2a,
    0x80, 0x3f, 0xf8, 0x96, 0x0, 0x6c, 0xef, 0xf6,
    0xd2, 0x2, 0xb8, 0x6, 0x2a, 0xa1, 0x80, 0x7f,
    0xf0, 0xd7, 0x10, 0x3, 0xe4, 0xba, 0x0, 0xe3,
    0x22, 0x80, 0x3f, 0xf8, 0x87, 0x7f, 0x95, 0x4b,
    0xdf, 0xb4, 0x0, 0xf0, 0xee, 0x84, 0x3, 0xff,
    0x8e, 0x6a, 0xa4, 0x20, 0xf, 0xfe, 0xa3, 0x90,
    0x32, 0x0, 0x7f, 0xf4, 0xe2, 0x1e, 0x93, 0x60,
    0x1f, 0xfd, 0x3c, 0x4, 0x61, 0x40, 0xf, 0xfe,
    0x78,

    /* U+FDAD "ﶭ" */
    0x0, 0xff, 0xe8, 0xc7, 0xf0, 0x7, 0xff, 0x57,
    0xc0, 0x3f, 0xfb, 0x22, 0x1, 0xff, 0xd5, 0x10,
    0xf, 0xfe, 0xb9, 0x80, 0x7f, 0xf6, 0x84, 0x3,
    0xff, 0x98, 0x86, 0x1, 0xe1, 0x0, 0xff, 0xe6,
    0xa7, 0x5e, 0x60, 0x3, 0xf1, 0x80, 0x7f, 0xf2,
    0x4e, 0xc4, 0x0, 0x72, 0x1, 0x9c, 0x3, 0xff,
    0x99, 0xe0, 0x9c, 0xe0, 0xc4, 0x1, 0xe1, 0x0,
    0xca, 0x60, 0x1f, 0xfc, 0x25, 0x30, 0xa1, 0x81,
    0xa, 0x0, 0x84, 0x0, 0xe0, 0x1a, 0xf1, 0x80,
    0x3d, 0x2c, 0x20, 0x1a, 0x0, 0xe, 0x0, 0x60,
    0x71, 0x0, 0x8, 0x0, 0xc0, 0x23, 0x10, 0x40,
    0xf, 0x34, 0xf5, 0xbb, 0x51, 0x0, 0x26, 0x99,
    0x0, 0x18, 0xcc, 0xf0, 0x4, 0x41, 0x41, 0x40,
    0x4, 0x1, 0xc2, 0xa0, 0x4, 0x89, 0x50, 0x86,
    0x5, 0x93, 0x0, 0x14, 0xc8, 0xc0, 0x41, 0xea,
    0x0, 0x3f, 0x86, 0xb8, 0xc0, 0x21, 0x77, 0x4d,
    0x18, 0x15, 0xd1, 0x0, 0xe, 0xbd, 0x40, 0x18,
    0x60, 0x6, 0x0, 0xf8, 0x5c, 0x13, 0xfa, 0x0,
    0xb, 0x9f, 0xa8, 0xbb, 0xfe, 0xc5, 0x1a, 0xff,
    0x22, 0x80, 0x26, 0x46, 0x20, 0x2, 0x6c, 0x40,
    0xc0, 0xf, 0xfe, 0x55, 0x0, 0x1b, 0x3b, 0xfd,
    0xb2, 0x60, 0xae, 0x1, 0xff, 0xca, 0x5c, 0x40,
    0xf, 0x92, 0xe8, 0x3, 0xff, 0x98, 0x77, 0xf9,
    0x54, 0xbd, 0xfb, 0x40, 0xf, 0xfe, 0x81, 0xaa,
    0x90, 0x80, 0x3f, 0xfa, 0x49, 0xf2, 0x5d, 0x60,
    0x1f, 0xfd, 0x2c, 0x4, 0x61, 0x40, 0xf, 0xfe,
    0x94, 0x43, 0xd2, 0x6c, 0x3, 0xff, 0x9c,

    /* U+FDAE "ﶮ" */
    0x0, 0xff, 0xe2, 0x1f, 0x7f, 0xb6, 0x50, 0x3,
    0xff, 0xa6, 0x22, 0x0, 0x13, 0x5e, 0xb8, 0x80,
    0x70, 0xcb, 0x0, 0x7f, 0xf2, 0xb, 0xbf, 0xdb,
    0x48, 0x51, 0xde, 0x1, 0x95, 0xa4, 0x3, 0x99,
    0x40, 0x3f, 0xf8, 0x42, 0x0, 0x25, 0x91, 0x0,
    0x84, 0x2, 0xc0, 0x20, 0xe, 0x8a, 0x60, 0xf,
    0x5c, 0x8, 0x7, 0xc7, 0x3a, 0x20, 0x56, 0x20,
    0x12, 0x80, 0x78, 0xc4, 0x10, 0x3, 0xc8, 0xfd,
    0x90, 0xcc, 0x7a, 0xec, 0x60, 0x50, 0x2f, 0x76,
    0x66, 0x10, 0x15, 0xb2, 0x8a, 0x80, 0x8, 0x3,
    0x84, 0x80, 0x6, 0xf3, 0x28, 0x51, 0x4, 0xca,
    0x70, 0x48, 0x99, 0x18, 0x8, 0x24, 0xd5, 0x80,
    0x7f, 0xe, 0xe1, 0x0, 0x61, 0x48, 0xdb, 0x30,
    0x89, 0x30, 0x8, 0xa3, 0xa0, 0x80, 0x18, 0x40,
    0x6, 0x0, 0xf8, 0xd8, 0x13, 0xfd, 0xd6, 0xe4,
    0x1, 0x9b, 0x3f, 0xed, 0x70, 0x7d, 0xff, 0x32,
    0x8, 0x4c, 0x8c, 0x40, 0x4, 0xb6, 0x81, 0x80,
    0x1f, 0xfc, 0x34, 0x10, 0x42, 0x0, 0xda, 0x20,
    0xd9, 0xdf, 0xed, 0xa4, 0x7, 0x70, 0x7, 0xff,
    0x9, 0xef, 0x52, 0xf0, 0x3, 0x1f, 0xb9, 0x0,
    0x71, 0xbe, 0xc0, 0x7, 0xff, 0xc, 0x41, 0x9c,
    0xc, 0x3, 0x86, 0x37, 0xfb, 0x7b, 0xf2, 0x8,
    0x3, 0xff, 0x88, 0xdd, 0x47, 0xda, 0x1, 0xfc,
    0x24, 0x20, 0x1f, 0xfc, 0x91, 0x0, 0x8, 0x7,
    0xf3, 0x90, 0x32, 0x0, 0x7f, 0xf5, 0x22, 0x1e,
    0x93, 0x60, 0x1f, 0xfd, 0x4c, 0x4, 0x61, 0x40,
    0xf, 0xfe, 0x80,

    /* U+FDAF "ﶯ" */
    0x0, 0xff, 0xe2, 0x1f, 0x7f, 0xb6, 0x50, 0x3,
    0xff, 0xa6, 0x22, 0x0, 0x13, 0x5e, 0xb8, 0x80,
    0x70, 0xcb, 0x0, 0x7f, 0xf2, 0xb, 0xbf, 0xdb,
    0x48, 0x51, 0xde, 0x1, 0x95, 0xa4, 0x3, 0x99,
    0x40, 0x3f, 0xf8, 0x42, 0x0, 0x25, 0x91, 0x0,
    0x84, 0x2, 0xc0, 0x20, 0xe, 0x8a, 0x60, 0xf,
    0x5c, 0x8, 0x7, 0xc7, 0x3a, 0x20, 0x56, 0x20,
    0x12, 0x80, 0x78, 0xc4, 0x10, 0x3, 0xc8, 0xfd,
    0x90, 0xcc, 0x7a, 0xec, 0x60, 0x50, 0x2f, 0x76,
    0x66, 0x10, 0x15, 0xb2, 0x8a, 0x80, 0x8, 0x3,
    0x84, 0x80, 0x6, 0xf3, 0x28, 0x51, 0x4, 0xca,
    0x70, 0x48, 0x99, 0x18, 0x8, 0x24, 0xd5, 0x80,
    0x7f, 0xe, 0xe1, 0x0, 0x61, 0x48, 0xdb, 0x30,
    0x89, 0x30, 0x8, 0xa3, 0xa0, 0x80, 0x18, 0x40,
    0x6, 0x0, 0xf8, 0xd8, 0x13, 0xfd, 0xd6, 0xe4,
    0x1, 0x9b, 0x3f, 0xed, 0x70, 0x7d, 0xff, 0x32,
    0x8, 0x4c, 0x8c, 0x40, 0x4, 0xb6, 0x81, 0x80,
    0x1c, 0x66, 0x0, 0xfc, 0x82, 0x8, 0x40, 0x1b,
    0x44, 0x1b, 0x3b, 0xfd, 0xb4, 0x80, 0xee, 0x0,
    0xc5, 0x98, 0x20, 0xf, 0x3d, 0xea, 0x5e, 0x0,
    0x63, 0xf7, 0x20, 0xe, 0x37, 0xd8, 0x0, 0xe3,
    0x0, 0x18, 0x7, 0x84, 0x19, 0xc0, 0xc0, 0x38,
    0x63, 0x7f, 0xb7, 0xbf, 0x20, 0x80, 0x3c, 0x3f,
    0xe1, 0x0, 0xf3, 0x75, 0x1f, 0x68, 0x7, 0xf0,
    0x90, 0x80, 0x7f, 0xf2, 0x44, 0x0, 0x20, 0x1f,
    0xce, 0x40, 0xc8, 0x1, 0xff, 0xd4, 0x88, 0x7a,
    0x4d, 0x80, 0x7f, 0xf5, 0x30, 0x11, 0x85, 0x0,
    0x3f, 0xfa, 0x0,

    /* U+FDB0 "ﶰ" */
    0x0, 0xff, 0xe4, 0xa1, 0x80, 0x7f, 0xf5, 0x53,
    0xaf, 0x30, 0x1, 0xff, 0xd3, 0x3b, 0x10, 0x1,
    0xc8, 0x7, 0xae, 0x48, 0x3, 0xff, 0x93, 0xe0,
    0x9c, 0xe0, 0xc4, 0x1, 0x89, 0x18, 0x3, 0x94,
    0xc0, 0x3f, 0xf8, 0x4a, 0x61, 0x43, 0x2, 0x14,
    0x1, 0x9c, 0x0, 0x40, 0x1a, 0xf1, 0x80, 0x3d,
    0x2c, 0x20, 0x1a, 0x0, 0xe, 0x0, 0x60, 0x71,
    0x0, 0xb8, 0x0, 0x20, 0x11, 0x88, 0x20, 0x7,
    0x9a, 0x7a, 0xdd, 0xa8, 0x80, 0x13, 0x4c, 0x80,
    0xc, 0x66, 0x52, 0x0, 0x35, 0xd4, 0x94, 0x0,
    0x40, 0x1c, 0x2a, 0x0, 0x48, 0x95, 0x8, 0x60,
    0x59, 0x30, 0x1, 0x4c, 0x94, 0x4, 0xe, 0x2b,
    0xc0, 0x3f, 0x86, 0xb8, 0xc0, 0x21, 0x77, 0x4d,
    0x18, 0x15, 0xd1, 0x0, 0x9, 0xbe, 0x8c, 0x0,
    0x84, 0x0, 0x70, 0xf, 0x84, 0x0, 0x9f, 0xd0,
    0x0, 0x5c, 0xfd, 0x45, 0xdf, 0xf6, 0xc8, 0xae,
    0x7f, 0xa5, 0x8, 0x22, 0xd4, 0xc8, 0x89, 0x1a,
    0x61, 0xa0, 0x1f, 0xfc, 0x26, 0x30, 0x55, 0x0,
    0x6f, 0x20, 0x4a, 0xcd, 0xd5, 0xb9, 0x4, 0x30,
    0x7, 0xff, 0x5, 0x67, 0xa, 0xa8, 0x40, 0x11,
    0x6c, 0xa0, 0x80, 0x44, 0xb3, 0xce, 0x1, 0xff,
    0xc2, 0x71, 0x42, 0x2c, 0x1, 0xcd, 0x7d, 0xff,
    0x6d, 0x30, 0x80, 0x7f, 0xf0, 0xcb, 0xac, 0x37,
    0x40, 0x1f, 0xfe, 0x4, 0xf9, 0x2e, 0xb0, 0xf,
    0xfe, 0x9e, 0x2, 0x30, 0xa0, 0x7, 0xff, 0x4e,
    0x21, 0xe9, 0x36, 0x1, 0xff, 0xcf,

    /* U+FDB1 "ﶱ" */
    0x0, 0xff, 0xe4, 0xa1, 0x80, 0x7f, 0x91, 0x0,
    0x1f, 0xfc, 0xe4, 0xeb, 0xcc, 0x0, 0x7c, 0x5b,
    0x76, 0xd1, 0x0, 0xff, 0xe5, 0x9d, 0x88, 0x0,
    0xe4, 0x3, 0x87, 0x8, 0x0, 0x5a, 0x1, 0xff,
    0xcb, 0xf0, 0x4e, 0x70, 0x62, 0x0, 0xd6, 0x27,
    0xd2, 0x6, 0x80, 0x1c, 0xa6, 0x1, 0xff, 0xc2,
    0x53, 0xa, 0x18, 0x10, 0xa0, 0x8, 0xd4, 0x38,
    0x58, 0xc3, 0xc0, 0x3a, 0xf1, 0x80, 0x3d, 0x2c,
    0x20, 0x1a, 0x0, 0xe, 0x0, 0x60, 0x71, 0x0,
    0x40, 0x2, 0x80, 0x14, 0x8, 0x60, 0x11, 0x88,
    0x20, 0x7, 0x9a, 0x7a, 0xdd, 0xa8, 0x80, 0x13,
    0x4c, 0x80, 0xc, 0x69, 0x40, 0x3, 0xdb, 0x68,
    0x3, 0x5c, 0xc1, 0x40, 0x4, 0x1, 0xc2, 0xa0,
    0x4, 0x89, 0x50, 0x86, 0x5, 0x93, 0x0, 0x14,
    0xb0, 0x34, 0x2, 0x4a, 0x0, 0x6, 0x30, 0x40,
    0x3f, 0x86, 0xb8, 0xc0, 0x21, 0x77, 0x4d, 0x18,
    0x15, 0xd1, 0x0, 0x1a, 0x5e, 0xd0, 0x6, 0xac,
    0xc0, 0xc4, 0xc0, 0xc, 0x1, 0xf0, 0xb8, 0x27,
    0xf4, 0x0, 0x17, 0x3f, 0x51, 0x77, 0xfd, 0x20,
    0x4, 0xbf, 0xe5, 0x4c, 0xfc, 0x5, 0x0, 0x4c,
    0x8c, 0x40, 0x4, 0xd8, 0x81, 0x80, 0x1f, 0xfd,
    0xa, 0x0, 0x36, 0x77, 0xfb, 0x64, 0xc1, 0x5c,
    0x3, 0xff, 0xa0, 0xb8, 0x80, 0x1f, 0x25, 0xd0,
    0x7, 0xff, 0x48, 0xef, 0xf2, 0xa9, 0x7b, 0xf6,
    0x80, 0x1f, 0xfd, 0x63, 0x55, 0x21, 0x0, 0x7f,
    0xf6, 0x13, 0xe4, 0xba, 0xc0, 0x3f, 0xfb, 0x18,
    0x8, 0xc2, 0x80, 0x1f, 0xfd, 0x88, 0x87, 0xa4,
    0xd8, 0x7, 0xff, 0x50,

    /* U+FDB2 "ﶲ" */
    0x0, 0xff, 0xe9, 0x4f, 0xa3, 0x7b, 0x0, 0x7f,
    0xf5, 0x90, 0x33, 0x1, 0x80, 0x1f, 0xfd, 0x6e,
    0x88, 0x5c, 0x58, 0x7, 0xff, 0x58, 0xdc, 0x5,
    0xc4, 0x3, 0xff, 0xb0, 0x86, 0x1, 0xff, 0xcf,
    0x43, 0x0, 0xf9, 0x7a, 0xf3, 0x90, 0x3, 0xff,
    0x96, 0x9d, 0x79, 0x80, 0xe, 0x4a, 0x10, 0x0,
    0xd8, 0x80, 0x7f, 0xf2, 0x4a, 0xc4, 0x0, 0x72,
    0x1, 0xbc, 0x7, 0x70, 0x1, 0x20, 0x1f, 0xfc,
    0x9e, 0x4, 0xe7, 0x6, 0x20, 0x9, 0x42, 0x48,
    0xd0, 0x8, 0x3, 0x29, 0x80, 0x7f, 0xf0, 0x94,
    0xc2, 0x86, 0x4, 0x28, 0x2, 0x20, 0xf0, 0x3,
    0x81, 0x80, 0x6b, 0xc6, 0x0, 0xf4, 0xb0, 0x7,
    0x40, 0x1, 0xc0, 0xc, 0xe, 0x20, 0x9, 0x7,
    0x49, 0x30, 0xd0, 0x8, 0xc4, 0x10, 0x3, 0xcd,
    0x3f, 0x6e, 0xb4, 0x40, 0x9, 0xa6, 0x40, 0x6,
    0x32, 0x81, 0x5, 0xb0, 0x10, 0xaa, 0x2, 0x80,
    0x8, 0x3, 0x85, 0x40, 0x9, 0x14, 0xa1, 0xc,
    0xb, 0x26, 0x0, 0x29, 0xaa, 0x10, 0x6, 0x2a,
    0xa5, 0xa0, 0x7, 0xf0, 0xd7, 0x10, 0x4, 0x2e,
    0xe9, 0xa3, 0x2, 0xba, 0x20, 0x8, 0x52, 0x64,
    0xa4, 0x20, 0x2c, 0x60, 0x6, 0x0, 0xf8, 0x58,
    0x13, 0xfa, 0x0, 0xb, 0x9f, 0xa8, 0xbb, 0xff,
    0x75, 0xb3, 0x2b, 0x7b, 0xf8, 0x94, 0x1, 0x32,
    0x31, 0x0, 0x13, 0x62, 0x6, 0x0, 0x7f, 0xf3,
    0xa8, 0x0, 0xd9, 0xdf, 0xed, 0x93, 0x5, 0x70,
    0xf, 0xfe, 0x72, 0xe2, 0x0, 0x7c, 0x97, 0x40,
    0x1f, 0xfd, 0x3, 0xbf, 0xca, 0xa5, 0xef, 0xda,
    0x0, 0x7f, 0xf5, 0xd, 0x54, 0x84, 0x1, 0xff,
    0xd6, 0x4f, 0x92, 0xeb, 0x0, 0xff, 0xeb, 0x60,
    0x23, 0xa, 0x0, 0x7f, 0xf5, 0xa2, 0x1e, 0x93,
    0x60, 0x1f, 0xfd, 0x20,

    /* U+FDB3 "ﶳ" */
    0x0, 0xff, 0xe9, 0xdf, 0x10, 0x7, 0xff, 0x58,
    0x50, 0x50, 0x3, 0xff, 0xac, 0x34, 0xec, 0x1,
    0xff, 0xc8, 0x3e, 0xff, 0x6c, 0xa0, 0x7, 0xe5,
    0x80, 0xf, 0xfe, 0x48, 0x88, 0x0, 0x4d, 0x7a,
    0xe2, 0x1, 0xcb, 0x8, 0x1, 0xff, 0xc8, 0x2e,
    0xff, 0x6d, 0x21, 0x47, 0x78, 0x6, 0xe7, 0xd0,
    0xe, 0x65, 0x0, 0xff, 0xe1, 0x8, 0x0, 0x96,
    0x44, 0x2, 0x10, 0x9, 0x43, 0xc0, 0x3a, 0x29,
    0x80, 0x3d, 0x70, 0x20, 0x1f, 0x1c, 0xe8, 0x81,
    0x58, 0x80, 0xc, 0x40, 0x40, 0x31, 0x88, 0x20,
    0x7, 0x91, 0xfb, 0x21, 0x98, 0xf5, 0xd8, 0xc0,
    0xa0, 0x5e, 0xec, 0xfc, 0x0, 0x98, 0x64, 0x5,
    0x0, 0x10, 0x7, 0x9, 0x0, 0xd, 0xe6, 0x50,
    0xa2, 0x9, 0x94, 0xe0, 0x91, 0x30, 0x40, 0x22,
    0x79, 0xb2, 0x0, 0xfe, 0x1d, 0xc2, 0x0, 0xc2,
    0x91, 0xb6, 0x61, 0x12, 0x60, 0x11, 0xde, 0x20,
    0x81, 0x10, 0xc0, 0xc, 0x1, 0xf1, 0xb0, 0x27,
    0xfb, 0xad, 0xc8, 0x3, 0x36, 0x7f, 0xd8, 0x85,
    0x7d, 0xfa, 0xa, 0x21, 0x32, 0x31, 0x0, 0x12,
    0xda, 0x6, 0x0, 0x7f, 0xf3, 0x2c, 0x0, 0xd9,
    0xdf, 0xed, 0xa4, 0x5, 0x70, 0xf, 0xfe, 0x62,
    0xe2, 0x0, 0x7c, 0x97, 0x40, 0x1f, 0xfc, 0xe3,
    0xbf, 0xca, 0xa5, 0xef, 0xda, 0x0, 0x7f, 0xf4,
    0x8d, 0x54, 0x84, 0x1, 0xff, 0xd5, 0x72, 0x6,
    0x40, 0xf, 0xfe, 0xa4, 0x43, 0xd2, 0x6c, 0x3,
    0xff, 0xa9, 0x80, 0x8c, 0x28, 0x1, 0xff, 0xd0,

    /* U+FDB4 "ﶴ" */
    0x0, 0xff, 0xe7, 0xbf, 0xb2, 0x7c, 0x0, 0x7f,
    0xf4, 0x30, 0x33, 0x0, 0x80, 0x1f, 0xfd, 0x9,
    0x8b, 0x88, 0x70, 0x7, 0xff, 0x40, 0x9c, 0x41,
    0xc8, 0x3, 0xff, 0xa4, 0x6a, 0x20, 0x1f, 0xfd,
    0x11, 0xcc, 0x57, 0x28, 0x7, 0xff, 0x43, 0x4c,
    0x2, 0xa2, 0x2, 0x45, 0x30, 0xf, 0xfe, 0x9,
    0x20, 0x80, 0x72, 0x18, 0x66, 0x88, 0x50, 0x75,
    0xd6, 0x7d, 0xa0, 0x7, 0xf5, 0xed, 0xf2, 0x0,
    0x6c, 0x3, 0x31, 0x38, 0x20, 0x28, 0x6, 0x4b,
    0xc4, 0x0, 0xf5, 0xa0, 0x5, 0x62, 0x1, 0x10,
    0x8, 0x80, 0x40, 0x82, 0x3f, 0xdd, 0x8e, 0x7,
    0x7e, 0xe0, 0x12, 0xa0, 0x66, 0x88, 0x48, 0x5,
    0xa0, 0x5d, 0xee, 0x1, 0x8, 0x0, 0x4e, 0x1c,
    0x2, 0xe0, 0xa, 0x2, 0xc, 0xa4, 0x1c, 0x2,
    0x74, 0x0, 0xe3, 0x0, 0xe5, 0xd7, 0x0, 0x3d,
    0x0, 0x18, 0x82, 0xc0, 0xc, 0x0, 0x70, 0xa,
    0xf6, 0xf0, 0x81, 0x10, 0xd1, 0x7f, 0x44, 0x26,
    0xc, 0x8a, 0xd0, 0x0, 0x3d, 0x79, 0x0, 0x44,
    0x15, 0x67, 0x3e, 0x20, 0xb9, 0x93, 0xa0, 0xc,
    0x77, 0x0, 0x62, 0xa4, 0x45, 0x60, 0x50, 0xe0,
    0x13, 0xd5, 0x68, 0x20, 0x92, 0x20, 0x13, 0x57,
    0x38, 0x16, 0xa8, 0x80, 0xf, 0x13, 0x54, 0x41,
    0xb5, 0x40, 0x38, 0x9b, 0x58, 0x0,

    /* U+FDB5 "ﶵ" */
    0x0, 0xff, 0xe7, 0x17, 0xf9, 0x0, 0x3f, 0xf9,
    0xc6, 0x1, 0xff, 0xd1, 0x10, 0x0, 0x80, 0x7f,
    0xf4, 0x4c, 0x3, 0xff, 0xde, 0x20, 0x1c, 0x6c,
    0x40, 0x1c, 0x4a, 0xca, 0x40, 0x1f, 0xc2, 0x1,
    0xeb, 0xc9, 0xd6, 0x0, 0xd1, 0x53, 0x5b, 0xa5,
    0x0, 0xf8, 0xc3, 0xc0, 0x2b, 0x40, 0xa, 0x48,
    0x2, 0xd0, 0xc, 0x55, 0xaa, 0x1, 0xf0, 0x80,
    0x15, 0x2, 0xf4, 0x42, 0x0, 0x27, 0xff, 0xb2,
    0x4, 0xab, 0xe4, 0x2, 0x10, 0xd, 0x0, 0xe8,
    0x50, 0xa, 0x20, 0x1e, 0x37, 0x80, 0x8, 0x80,
    0x38, 0xc1, 0x48, 0x10, 0x41, 0x80, 0x12, 0x1,
    0xe5, 0xc9, 0x0, 0x34, 0x0, 0x71, 0xad, 0x80,
    0xf, 0x1e, 0x0, 0xf, 0x2c, 0xc8, 0xbf, 0xa3,
    0x14, 0x6, 0xa6, 0x64, 0x18, 0x74, 0x8, 0xac,
    0x4a, 0x1c, 0x2, 0x69, 0x93, 0xa0, 0x1, 0xfe,
    0x88, 0x1a, 0x64, 0xe0, 0x6, 0x33, 0x62, 0x7b,
    0x8, 0x37, 0x28, 0x4, 0x4b, 0x3d, 0x2, 0x2c,
    0x62, 0x0, 0xa, 0xe8, 0x80,

    /* U+FDB6 "ﶶ" */
    0x0, 0xff, 0xea, 0x88, 0x7, 0xff, 0x3d, 0xc,
    0x3, 0xe3, 0xbf, 0xef, 0xc3, 0x0, 0xff, 0xe5,
    0x27, 0x5e, 0x60, 0x3, 0x9f, 0x10, 0x2, 0x3d,
    0x0, 0xff, 0xe4, 0x9d, 0x88, 0x0, 0xe4, 0x2,
    0x28, 0x9, 0xef, 0x80, 0x12, 0x0, 0xff, 0xe4,
    0x78, 0x27, 0x38, 0x31, 0x0, 0x8, 0x1, 0x6,
    0x8, 0x0, 0x30, 0x9, 0x4c, 0x3, 0xff, 0x84,
    0xa6, 0x14, 0x30, 0x21, 0x40, 0x14, 0x80, 0xf8,
    0xc0, 0x20, 0x80, 0x57, 0x8c, 0x1, 0xe9, 0x61,
    0x0, 0xd0, 0x0, 0x70, 0x3, 0x3, 0x88, 0x1,
    0xac, 0xb, 0x90, 0x24, 0x2, 0x31, 0x4, 0x0,
    0xf3, 0x4f, 0x5b, 0xb5, 0x10, 0x2, 0x69, 0x90,
    0x1, 0x8e, 0xcf, 0xc0, 0x18, 0xa9, 0x94, 0x54,
    0x0, 0x40, 0x1c, 0x2a, 0x0, 0x48, 0x95, 0x8,
    0x60, 0x59, 0x30, 0x1, 0x44, 0xc2, 0x80, 0x62,
    0x79, 0xad, 0x0, 0xfe, 0x1a, 0xe3, 0x0, 0x85,
    0xdd, 0x34, 0x60, 0x57, 0x44, 0x0, 0x14, 0x8d,
    0xf9, 0x42, 0x0, 0x21, 0x80, 0x18, 0x3, 0xe1,
    0x70, 0x4f, 0xe8, 0x0, 0x2e, 0x7e, 0xa2, 0xef,
    0xfb, 0xad, 0xc8, 0x1a, 0xf7, 0xfd, 0xa, 0x0,
    0x99, 0x18, 0x80, 0x9, 0xb1, 0x3, 0x0, 0x3f,
    0xf9, 0xd4, 0x0, 0x6c, 0xef, 0xf6, 0xc9, 0x82,
    0xb8, 0x7, 0xff, 0x39, 0x71, 0x0, 0x3e, 0x4b,
    0xa0, 0xf, 0xfe, 0x81, 0xdf, 0xe5, 0x52, 0xf7,
    0xed, 0x0, 0x3f, 0xfa, 0x86, 0xaa, 0x42, 0x0,
    0xff, 0xeb, 0x27, 0xc9, 0x75, 0x80, 0x7f, 0xf5,
    0xb0, 0x11, 0x85, 0x0, 0x3f, 0xfa, 0xd1, 0xf,
    0x49, 0xb0, 0xf, 0xfe, 0x90,

    /* U+FDB7 "ﶷ" */
    0x0, 0xff, 0xeb, 0xb, 0x0, 0x7f, 0xf6, 0x6,
    0x7a, 0x48, 0x3, 0xff, 0xaa, 0x31, 0xcc, 0x2,
    0xc0, 0x1f, 0xfd, 0x45, 0xf7, 0x1, 0x9e, 0x40,
    0xf, 0xfe, 0x9b, 0xd0, 0x8a, 0x79, 0x80, 0x3f,
    0xfa, 0xb4, 0x3, 0xec, 0x1, 0xff, 0xd0, 0x43,
    0x0, 0xe4, 0x1, 0xa0, 0xf, 0xfe, 0x7a, 0x75,
    0xe6, 0x0, 0x34, 0xb0, 0x25, 0x80, 0x7f, 0xf3,
    0x4e, 0xc4, 0x0, 0x72, 0x1, 0xa5, 0x81, 0x24,
    0x3, 0xff, 0x99, 0xe0, 0x9c, 0xe0, 0xc4, 0x1,
    0xa5, 0x81, 0x94, 0x3, 0xca, 0x60, 0x1f, 0xfc,
    0x25, 0x30, 0xa1, 0x81, 0xa, 0x0, 0xe9, 0x30,
    0xb1, 0x0, 0xeb, 0xc6, 0x0, 0xf4, 0xb0, 0x80,
    0x68, 0x0, 0x38, 0x1, 0x81, 0xc4, 0x3, 0xa4,
    0x6, 0xc0, 0x31, 0x88, 0x20, 0x7, 0x9a, 0x7a,
    0xdd, 0xa8, 0x80, 0x13, 0x4c, 0x80, 0xc, 0x66,
    0x2a, 0x9e, 0x0, 0xb, 0x8c, 0x60, 0xa0, 0x2,
    0x0, 0xe1, 0x50, 0x2, 0x44, 0xa8, 0x43, 0x2,
    0xc9, 0x80, 0xa, 0x65, 0x54, 0x82, 0x4, 0x3,
    0x9c, 0x20, 0xf, 0xe1, 0xae, 0x30, 0x8, 0x5d,
    0xd3, 0x46, 0x5, 0x74, 0x40, 0x18, 0x52, 0xed,
    0x46, 0x4, 0x43, 0x0, 0x30, 0x7, 0xc2, 0xe0,
    0x9f, 0xd0, 0x0, 0x5c, 0xfd, 0x45, 0xdf, 0xfd,
    0xd6, 0x80, 0xb9, 0xfa, 0xa, 0x0, 0x99, 0x18,
    0x80, 0x9, 0xb1, 0x3, 0x0, 0x3f, 0xf9, 0xd4,
    0x0, 0x6c, 0xef, 0xf6, 0xc9, 0x82, 0xb8, 0x7,
    0xff, 0x39, 0x71, 0x0, 0x3e, 0x4b, 0xa0, 0xf,
    0xfe, 0x81, 0xdf, 0xe5, 0x52, 0xf7, 0xed, 0x0,
    0x3f, 0xfa, 0x86, 0xaa, 0x42, 0x0, 0xff, 0xeb,
    0x27, 0xc9, 0x75, 0x80, 0x7f, 0xf5, 0xb0, 0x11,
    0x85, 0x0, 0x3f, 0xfa, 0xd1, 0xf, 0x49, 0xb0,
    0xf, 0xfe, 0x90,

    /* U+FDB8 "ﶸ" */
    0x0, 0xff, 0xe7, 0x8c, 0x18, 0x7, 0xff, 0x42,
    0x1f, 0x40, 0x3f, 0xfa, 0x18, 0xe, 0x1, 0xff,
    0xd0, 0x5f, 0x90, 0xf, 0xff, 0x79, 0x46, 0x80,
    0x2b, 0xfd, 0xd6, 0xe2, 0x1, 0xeb, 0xff, 0x75,
    0xb8, 0x80, 0x79, 0x9c, 0x90, 0x3, 0xa, 0x47,
    0x52, 0x0, 0x7c, 0x29, 0x1d, 0x26, 0x1, 0x90,
    0x43, 0x2, 0xff, 0xdd, 0x8e, 0x2b, 0x7e, 0xe0,
    0xa, 0xff, 0x76, 0x38, 0x36, 0x7b, 0x0, 0x48,
    0x6, 0x2, 0x0, 0x13, 0x86, 0x0, 0xb8, 0x0,
    0x20, 0x1, 0x38, 0x60, 0xb, 0x80, 0x2d, 0x6,
    0x0, 0xe6, 0xd7, 0x0, 0x45, 0x80, 0x70, 0xb6,
    0xb0, 0x2, 0x28, 0x3, 0xc8, 0xd1, 0x9f, 0x24,
    0x26, 0x13, 0x4c, 0xd4, 0x67, 0x49, 0x10, 0xc2,
    0x69, 0x98, 0xf2, 0xf, 0x32, 0x73, 0x1, 0x8e,
    0xe0, 0x89, 0xe6, 0x67, 0x30, 0x18, 0xde, 0x1,
    0x79, 0x94, 0x8, 0x49, 0x1, 0x35, 0x73, 0x81,
    0x62, 0x88, 0x0, 0x49, 0xab, 0x9c, 0xb, 0x54,
    0x40, 0x2, 0xb8, 0x7f, 0xed, 0x95, 0x0, 0xc5,
    0x5d, 0xfe, 0xed, 0x95, 0x0, 0xc5, 0x5d, 0xfe,
    0xea, 0x30, 0xf, 0xfe, 0x31, 0x38, 0x80, 0x7f,
    0xf4, 0x26, 0x2c, 0x3, 0xff, 0xa1, 0x81, 0x80,
    0x1f, 0xf0,

    /* U+FDB9 "ﶹ" */
    0x0, 0xff, 0xe2, 0x97, 0x60, 0x7, 0xff, 0x6d,
    0x4, 0xc4, 0x3, 0xff, 0xb4, 0xcf, 0x42, 0x1,
    0xff, 0xdb, 0x85, 0x0, 0xff, 0xed, 0x9a, 0xa1,
    0x0, 0x7f, 0xf0, 0x50, 0xc0, 0x3f, 0xf9, 0x49,
    0x95, 0x7b, 0xce, 0x20, 0x1f, 0x93, 0xaf, 0x2c,
    0x3, 0xff, 0x92, 0xa0, 0x18, 0x63, 0xa0, 0x80,
    0x38, 0xec, 0x40, 0x9, 0x0, 0x1f, 0xfc, 0x81,
    0xef, 0xf6, 0xd2, 0x3, 0xef, 0x80, 0x6e, 0x5,
    0xf6, 0x7, 0x10, 0xc, 0xca, 0x1, 0xff, 0xc2,
    0x10, 0x1, 0x2c, 0x88, 0x4, 0x20, 0x6, 0x21,
    0xa0, 0x91, 0x6, 0x0, 0xd1, 0x4c, 0x1, 0xeb,
    0x81, 0x0, 0xf8, 0xe7, 0x44, 0xa, 0xc4, 0x1,
    0x60, 0x2a, 0x0, 0x70, 0x91, 0x0, 0x18, 0x82,
    0x0, 0x79, 0x1f, 0xb2, 0x19, 0x8f, 0x5d, 0x8c,
    0xa, 0x5, 0xee, 0xd6, 0x40, 0xa, 0x96, 0x40,
    0x1c, 0x62, 0x50, 0x1, 0x0, 0x70, 0xa8, 0x0,
    0xde, 0x65, 0xa, 0x20, 0x99, 0x4e, 0x9, 0x12,
    0x81, 0x2a, 0xd, 0x24, 0x0, 0x29, 0xc0, 0xf,
    0xe1, 0xae, 0x30, 0xc, 0x29, 0x1b, 0x66, 0x11,
    0x26, 0x0, 0x17, 0x6a, 0x93, 0x2, 0xc9, 0x20,
    0x43, 0x0, 0x30, 0x7, 0xc2, 0xe0, 0x9f, 0xee,
    0xb7, 0x20, 0xc, 0xd9, 0xfe, 0xe8, 0x0, 0x36,
    0x7e, 0x9b, 0x6f, 0xd2, 0x88, 0x4c, 0x8c, 0x40,
    0x4, 0xd8, 0x81, 0x80, 0x1f, 0xfd, 0xb, 0x0,
    0x36, 0x77, 0xfb, 0x64, 0xc1, 0x5c, 0x3, 0xff,
    0xa0, 0xb8, 0x80, 0x1f, 0x25, 0xd0, 0x7, 0xff,
    0x48, 0xef, 0xf2, 0xa9, 0x7b, 0xf6, 0x80, 0x1f,
    0xfd, 0x63, 0x55, 0x21, 0x0, 0x7f, 0xf6, 0x13,
    0xe4, 0xba, 0xc0, 0x3f, 0xfb, 0x18, 0x8, 0xc2,
    0x80, 0x1f, 0xfd, 0x88, 0x87, 0xa4, 0xd8, 0x7,
    0xff, 0x50,

    /* U+FDBA "ﶺ" */
    0x0, 0xff, 0xe7, 0x17, 0xf9, 0x0, 0x3f, 0xf9,
    0xc6, 0x1, 0xff, 0xd1, 0x10, 0x0, 0x80, 0x7f,
    0xf4, 0x4c, 0x3, 0xff, 0xde, 0x20, 0x1c, 0x6c,
    0x40, 0x1c, 0x4a, 0xca, 0x40, 0x1f, 0xc2, 0x1,
    0xeb, 0xc9, 0xd6, 0x0, 0xd1, 0x53, 0x5b, 0xa5,
    0x0, 0xf8, 0xc3, 0xc0, 0x2b, 0x40, 0xa, 0x48,
    0x2, 0xd0, 0xc, 0x55, 0xaa, 0x1, 0xf0, 0x80,
    0x15, 0x2, 0xf4, 0x42, 0x0, 0x27, 0xff, 0xb2,
    0x4, 0xab, 0xe4, 0x2, 0x10, 0xd, 0x0, 0xe8,
    0x50, 0xa, 0x20, 0x1e, 0x37, 0x80, 0x8, 0x80,
    0x38, 0xc1, 0x48, 0x10, 0x41, 0x80, 0x12, 0x1,
    0xe5, 0xc9, 0x0, 0x34, 0x0, 0x71, 0xad, 0x80,
    0xf, 0x1e, 0x0, 0xf, 0x2c, 0xc8, 0xbf, 0xa3,
    0x14, 0x6, 0xa6, 0x64, 0x18, 0x74, 0x8, 0xac,
    0x4a, 0x1c, 0x2, 0x69, 0x93, 0xa0, 0x1, 0xfe,
    0x88, 0x1a, 0x64, 0xe0, 0x6, 0x33, 0x62, 0x7b,
    0x8, 0x37, 0x28, 0x4, 0x4b, 0x3d, 0x2, 0x2c,
    0x62, 0x0, 0xa, 0xe8, 0xf6, 0x10, 0xc, 0xf7,
    0xc8, 0xd7, 0xfd, 0xb4, 0xc2, 0x1, 0xc, 0xef,
    0xfb, 0xa8, 0x80, 0x3f, 0xf8, 0xa2, 0xe4, 0x1,
    0xff, 0xcf, 0x98, 0xe0, 0xf, 0xfe, 0x7e, 0x82,
    0x0, 0x7f, 0xc0,

    /* U+FDBB "ﶻ" */
    0x0, 0xff, 0xe9, 0x92, 0x80, 0x7f, 0xf5, 0x4a,
    0x76, 0x84, 0x3, 0xff, 0xa4, 0x33, 0xac, 0x2,
    0xa0, 0x1f, 0xfd, 0x16, 0xe6, 0x2, 0x9e, 0x40,
    0xf, 0xfe, 0x84, 0x48, 0xc, 0xeb, 0x0, 0x7f,
    0xf4, 0x98, 0x7, 0x98, 0x3, 0xff, 0x82, 0x48,
    0x20, 0x1f, 0xc8, 0x60, 0x1c, 0xe0, 0x36, 0x1,
    0xff, 0xc0, 0x4d, 0xd5, 0xf8, 0x80, 0x79, 0x3a,
    0xf3, 0x0, 0x1a, 0x54, 0x12, 0x80, 0x3f, 0xd5,
    0x64, 0x0, 0x18, 0x0, 0xe3, 0xb1, 0x0, 0x1c,
    0x80, 0x6a, 0x50, 0x58, 0x0, 0xfd, 0x4a, 0x7,
    0xb6, 0xc, 0x20, 0x1b, 0x81, 0x79, 0xc1, 0x84,
    0x3, 0x52, 0x83, 0xa0, 0x7, 0x9d, 0x40, 0x70,
    0x90, 0xc1, 0xc0, 0x25, 0x21, 0xa1, 0x81, 0x9,
    0x0, 0xea, 0x20, 0xa0, 0xf, 0x40, 0x0, 0x5c,
    0x1, 0x41, 0x0, 0x14, 0x0, 0xa8, 0x1, 0xc1,
    0x84, 0x3, 0xac, 0x6, 0x40, 0x33, 0x0, 0xc,
    0x22, 0xdb, 0x0, 0x71, 0xa8, 0x80, 0x15, 0x2a,
    0x80, 0x38, 0xcc, 0x55, 0x3d, 0x80, 0x1a, 0xd8,
    0xc3, 0xc0, 0xb1, 0x1, 0x25, 0x40, 0x7, 0x2a,
    0x10, 0xa0, 0xd4, 0x40, 0x2, 0x99, 0x55, 0x20,
    0x81, 0x1, 0x27, 0x4, 0x81, 0xc2, 0xe4, 0xc0,
    0x6e, 0x48, 0x5, 0xdd, 0x52, 0x60, 0x59, 0x24,
    0x1, 0x85, 0x32, 0xe4, 0x80, 0xc4, 0x3, 0x9b,
    0x3f, 0x91, 0xb7, 0xfa, 0x0, 0xd, 0x9f, 0xa6,
    0xdb, 0xff, 0xba, 0xcc, 0x1b, 0x7f, 0x0, 0x80,
    0x40, 0x3f, 0xfa, 0xdc, 0xa, 0x1, 0xff, 0xd6,
    0x20, 0x11, 0x0, 0x7f, 0xf5, 0x5c, 0x0, 0xa0,
    0x1f, 0xfd, 0x52, 0x10, 0xc0, 0xf, 0xfe, 0xb2,
    0x2, 0x0, 0x7f, 0xf5, 0xa6, 0xf0, 0x3, 0xff,
    0xaa,

    /* U+FDBC "ﶼ" */
    0x0, 0xff, 0xe7, 0xe7, 0xd0, 0x7, 0xff, 0x4d,
    0xc0, 0x40, 0x3f, 0xfa, 0x62, 0x1, 0xff, 0xd7,
    0x70, 0xf, 0xfe, 0x99, 0x80, 0x7f, 0xf5, 0xc4,
    0x3, 0xfc, 0x6c, 0x40, 0x1c, 0x8c, 0xa6, 0x1,
    0xfc, 0x20, 0x1f, 0xe6, 0xec, 0x9d, 0x20, 0x9,
    0x6e, 0x6b, 0x3a, 0x4, 0x3, 0xf1, 0x80, 0x7d,
    0x52, 0x20, 0x14, 0x0, 0x4e, 0x1, 0x85, 0xfa,
    0x8, 0x3, 0x78, 0x7, 0xeb, 0x50, 0x4d, 0xb0,
    0x51, 0x0, 0x17, 0x7f, 0xb6, 0x8c, 0x1f, 0x7c,
    0x3, 0x84, 0x3, 0x9d, 0x0, 0x6c, 0x90, 0xc1,
    0x80, 0x21, 0x0, 0x12, 0xf8, 0x80, 0x42, 0x0,
    0x10, 0xf, 0xc, 0x0, 0x5, 0xc0, 0x14, 0x12,
    0x1, 0xe3, 0xac, 0x10, 0x2b, 0x10, 0x0, 0x80,
    0xc, 0x2, 0x70, 0x2, 0x4, 0x5b, 0x60, 0xe,
    0x33, 0x1e, 0xbb, 0x14, 0x14, 0xb, 0xdd, 0x9e,
    0x40, 0x1c, 0xe8, 0x1e, 0x5, 0x68, 0x9, 0x2a,
    0x0, 0x39, 0x94, 0x28, 0x82, 0x65, 0x30, 0x24,
    0x4c, 0x8, 0x0, 0xa2, 0xd0, 0x81, 0xc2, 0xe4,
    0xc0, 0x6a, 0x4, 0x0, 0x29, 0x1b, 0x66, 0x13,
    0x23, 0x0, 0x93, 0x30, 0x60, 0x2a, 0x1, 0xcd,
    0x9f, 0xca, 0xfd, 0xfe, 0xeb, 0x72, 0x0, 0xcd,
    0x9f, 0xf5, 0x99, 0xb3, 0xf8, 0x48, 0x4, 0x3,
    0xff, 0x84, 0xaa, 0x0, 0xff, 0xe1, 0xf0, 0x28,
    0x7, 0xff, 0x4, 0xea, 0x84, 0x1, 0xff, 0xc2,
    0x20, 0x11, 0x0, 0x7f, 0xf0, 0x8, 0xb0, 0x7,
    0xff, 0x9, 0xc0, 0xa, 0x1, 0xff, 0xc0, 0x1d,
    0xd0, 0x7, 0xff, 0xc, 0x84, 0x30, 0x3, 0xff,
    0xa6, 0xa0, 0x80, 0x1f, 0xfd, 0x3f, 0xad, 0x0,
    0xff, 0xe9, 0x0,

    /* U+FDBD "ﶽ" */
    0x0, 0xff, 0xe8, 0x9f, 0x58, 0x7, 0x12, 0xa9,
    0x4, 0x3, 0xff, 0x96, 0x82, 0x80, 0x19, 0x36,
    0xa9, 0x7d, 0x8c, 0x20, 0x1f, 0xfc, 0x87, 0x75,
    0x0, 0x66, 0x0, 0xe3, 0x9e, 0xb8, 0x70, 0xa,
    0x7b, 0xfd, 0x8e, 0x40, 0x1f, 0xa1, 0x40, 0x31,
    0x6f, 0xfd, 0xb4, 0x40, 0x8f, 0x0, 0x18, 0x40,
    0x7, 0x1b, 0x48, 0x1, 0xe8, 0x61, 0x0, 0xc4,
    0x1, 0x2d, 0x90, 0x6, 0x10, 0x4, 0x7f, 0xba,
    0xd8, 0x16, 0xfe, 0x40, 0x21, 0x79, 0x30, 0xf,
    0x1e, 0xc0, 0x81, 0x2, 0xf8, 0x80, 0x4, 0x0,
    0x29, 0x32, 0x0, 0x8c, 0x2, 0x50, 0x1, 0x0,
    0x72, 0xe1, 0x3, 0x6f, 0x82, 0x90, 0x7, 0xc7,
    0x52, 0x0, 0x78, 0x0, 0xb4, 0x3, 0xe3, 0xa0,
    0x1c, 0x92, 0x20, 0x86, 0x43, 0x35, 0x17, 0xd8,
    0xa2, 0x80, 0xd4, 0xcc, 0x86, 0x0, 0x63, 0xa8,
    0x87, 0x0, 0xe1, 0x80, 0x56, 0x2, 0xf3, 0x33,
    0xa0, 0x83, 0xfd, 0x8, 0x9e, 0x64, 0xe0, 0x20,
    0x71, 0x54, 0x42, 0xb, 0x20, 0xc, 0xb8, 0x82,
    0x1, 0x12, 0xd7, 0xc0, 0x8b, 0xd8, 0x80, 0x2,
    0xbf, 0x24, 0x0, 0xcc, 0x1, 0x28, 0x7, 0x8e,
    0xfb, 0xfe, 0xda, 0x50, 0xc, 0x33, 0xbf, 0xee,
    0xa1, 0x6d, 0xff, 0x39, 0x83, 0x80, 0x7f, 0xf0,
    0xc5, 0xc8, 0x3, 0xff, 0x8a, 0x20, 0x1f, 0xfc,
    0x38, 0x87, 0x0, 0x7f, 0xf0, 0xcc, 0x10, 0x3,
    0xff, 0x87, 0x80, 0x80, 0x1f, 0xfc, 0x3b, 0x0,
    0x58, 0x80, 0x79, 0x0, 0x3c, 0xbf, 0x0, 0x1f,
    0xfc, 0x33, 0x50, 0x4e, 0xa7, 0x66, 0x4f, 0x5a,
    0x0, 0x7f, 0xf3, 0x29, 0x80, 0xb, 0x13, 0x26,
    0x10, 0xc0, 0xf, 0xfe, 0x6c, 0xe3, 0x10, 0x4,
    0x6d, 0x70, 0x1, 0xff, 0xcb,

    /* U+FDBE "ﶾ" */
    0x0, 0xff, 0xe2, 0x1f, 0x7f, 0xb6, 0x50, 0x3,
    0xc9, 0xdf, 0xed, 0x94, 0x0, 0xff, 0xe5, 0x88,
    0x80, 0x4, 0xd7, 0xae, 0x20, 0x13, 0x88, 0x0,
    0x9a, 0xf5, 0x84, 0x3, 0xff, 0x90, 0x5d, 0xfe,
    0xda, 0x42, 0x8e, 0xf0, 0x1, 0xf7, 0xfb, 0x64,
    0xca, 0x7b, 0x80, 0x19, 0x94, 0x3, 0xff, 0x84,
    0x20, 0x2, 0x59, 0x10, 0x8, 0x40, 0x2, 0x0,
    0x26, 0xf1, 0x0, 0x8, 0x6, 0x8a, 0x60, 0xf,
    0x5c, 0x8, 0x7, 0xc7, 0x3a, 0x20, 0x56, 0x20,
    0x1c, 0x75, 0x82, 0x7, 0x60, 0x11, 0x88, 0x20,
    0x7, 0x91, 0xfb, 0x21, 0x98, 0xf5, 0xd8, 0xc0,
    0xa0, 0x5e, 0xec, 0xc7, 0xae, 0xc5, 0x5, 0x3,
    0xf6, 0x51, 0x50, 0x1, 0x0, 0x70, 0x90, 0x0,
    0xde, 0x65, 0xa, 0x20, 0x99, 0x4e, 0x9, 0x13,
    0x28, 0x51, 0x4, 0xca, 0x60, 0x49, 0xaa, 0x0,
    0x7f, 0xe, 0xe1, 0x0, 0x61, 0x48, 0xdb, 0x30,
    0x89, 0x30, 0x8, 0x52, 0x36, 0xcc, 0x26, 0x46,
    0x0, 0xc3, 0x0, 0x30, 0x7, 0xc6, 0xc0, 0x9f,
    0xee, 0xb7, 0x20, 0xc, 0xd9, 0xff, 0x75, 0xb9,
    0x0, 0x66, 0xcf, 0xf3, 0xa8, 0x84, 0xc8, 0xc4,
    0x0, 0x4b, 0x68, 0x18, 0x1, 0xff, 0xc6, 0x55,
    0x0, 0x7f, 0x58, 0x1, 0xb3, 0xbf, 0xdb, 0x48,
    0xa, 0xe0, 0x1f, 0xfc, 0x53, 0xaa, 0x10, 0x7,
    0xe5, 0xc4, 0x0, 0xf9, 0x2e, 0x80, 0x3f, 0xf8,
    0xc4, 0x58, 0x3, 0xf8, 0xef, 0xf2, 0xa9, 0x7b,
    0xf6, 0x80, 0x1f, 0xfc, 0x71, 0xdd, 0x0, 0x7f,
    0xf0, 0x4d, 0x54, 0x84, 0x1, 0xff, 0xda, 0x72,
    0x6, 0x40, 0xf, 0xfe, 0xcc, 0x43, 0xd2, 0x6c,
    0x3, 0xff, 0xb3, 0x80, 0x8c, 0x28, 0x1, 0xff,
    0xd5,

    /* U+FDBF "ﶿ" */
    0x0, 0xff, 0xe2, 0x1f, 0x7f, 0xb6, 0x50, 0x3,
    0xc9, 0xdf, 0xed, 0x94, 0x0, 0xff, 0xe5, 0x88,
    0x80, 0x4, 0xd7, 0xae, 0x20, 0x13, 0x88, 0x0,
    0x9a, 0xf5, 0x84, 0x3, 0xff, 0x90, 0x5d, 0xfe,
    0xda, 0x42, 0x8e, 0xf0, 0x1, 0xf7, 0xfb, 0x64,
    0xca, 0x7b, 0x80, 0x19, 0x94, 0x3, 0xff, 0x84,
    0x20, 0x2, 0x59, 0x10, 0x8, 0x40, 0x2, 0x0,
    0x26, 0xf1, 0x0, 0x8, 0x6, 0x8a, 0x60, 0xf,
    0x5c, 0x8, 0x7, 0xc7, 0x3a, 0x20, 0x56, 0x20,
    0x1c, 0x75, 0x82, 0x7, 0x60, 0x11, 0x88, 0x20,
    0x7, 0x91, 0xfb, 0x21, 0x98, 0xf5, 0xd8, 0xc0,
    0xa0, 0x5e, 0xec, 0xc7, 0xae, 0xc5, 0x5, 0x3,
    0xf6, 0x51, 0x50, 0x1, 0x0, 0x70, 0x90, 0x0,
    0xde, 0x65, 0xa, 0x20, 0x99, 0x4e, 0x9, 0x13,
    0x28, 0x51, 0x4, 0xca, 0x60, 0x49, 0xaa, 0x0,
    0x7f, 0xe, 0xe1, 0x0, 0x61, 0x48, 0xdb, 0x30,
    0x89, 0x30, 0x8, 0x52, 0x36, 0xcc, 0x26, 0x46,
    0x0, 0xc3, 0x0, 0x30, 0x7, 0xc6, 0xc0, 0x9f,
    0xee, 0xb7, 0x20, 0xc, 0xd9, 0xff, 0x75, 0xb9,
    0x0, 0x66, 0xcf, 0xf3, 0xa8, 0x84, 0xc8, 0xc4,
    0x0, 0x4b, 0x68, 0x18, 0x1, 0xca, 0xa0, 0xf,
    0xfe, 0x55, 0x80, 0x1b, 0x3b, 0xfd, 0xb4, 0x80,
    0xae, 0x1, 0x8a, 0xa8, 0x60, 0x1f, 0xfc, 0x95,
    0xc4, 0x0, 0xf9, 0x2e, 0x80, 0x38, 0xc8, 0xa0,
    0xf, 0xfe, 0x51, 0xdf, 0xe5, 0x52, 0xf7, 0xed,
    0x0, 0x3c, 0x3b, 0xa1, 0x0, 0xff, 0xe6, 0x9a,
    0xa9, 0x8, 0x3, 0xff, 0xb4, 0xe4, 0xc, 0x80,
    0x1f, 0xfd, 0x98, 0x87, 0xa4, 0xd8, 0x7, 0xff,
    0x67, 0x1, 0x18, 0x50, 0x3, 0xff, 0xaa,

    /* U+FDC0 "ﷀ" */
    0x0, 0xff, 0xe2, 0x9a, 0xa1, 0x0, 0x7f, 0xf0,
    0x50, 0xc0, 0x3f, 0xf9, 0x49, 0x95, 0x7b, 0xce,
    0x20, 0x1f, 0x93, 0xaf, 0x2c, 0x3, 0xff, 0x92,
    0xa0, 0x18, 0x63, 0xa0, 0x80, 0x38, 0xec, 0x40,
    0x9, 0x0, 0x1f, 0xfc, 0x81, 0xef, 0xf6, 0xd2,
    0x3, 0xef, 0x80, 0x6e, 0x5, 0xf6, 0x7, 0x10,
    0xc, 0xca, 0x1, 0xff, 0xc2, 0x10, 0x1, 0x2c,
    0x88, 0x4, 0x20, 0x6, 0x21, 0xa0, 0x91, 0x6,
    0x0, 0xd1, 0x4c, 0x1, 0xeb, 0x81, 0x0, 0xf8,
    0xe7, 0x44, 0xa, 0xc4, 0x1, 0x60, 0x2a, 0x0,
    0x70, 0x91, 0x0, 0x18, 0x82, 0x0, 0x79, 0x1f,
    0xb2, 0x19, 0x8f, 0x5d, 0x8c, 0xa, 0x5, 0xee,
    0xd6, 0x40, 0xa, 0x96, 0x40, 0x1c, 0x62, 0x50,
    0x1, 0x0, 0x70, 0xa8, 0x0, 0xde, 0x65, 0xa,
    0x20, 0x99, 0x4e, 0x9, 0x12, 0x81, 0x2a, 0xd,
    0x24, 0x0, 0x29, 0xc0, 0xf, 0xe1, 0xae, 0x30,
    0xc, 0x29, 0x1b, 0x66, 0x11, 0x26, 0x0, 0x17,
    0x6a, 0x93, 0x2, 0xc9, 0x20, 0x43, 0x0, 0x30,
    0x7, 0xc2, 0xe0, 0x9f, 0xee, 0xb7, 0x20, 0xc,
    0xd9, 0xfe, 0xe8, 0x0, 0x36, 0x7e, 0x9b, 0x6f,
    0xd2, 0x88, 0x4c, 0x8c, 0x40, 0x4, 0xd8, 0x81,
    0x80, 0x1c, 0xaa, 0x0, 0xff, 0xe4, 0xd8, 0x1,
    0xb3, 0xbf, 0xdb, 0x26, 0xa, 0xe0, 0x18, 0xaa,
    0x86, 0x1, 0xff, 0xc8, 0x5c, 0x40, 0xf, 0x92,
    0xe8, 0x3, 0x8c, 0x8a, 0x0, 0xff, 0xe4, 0x9d,
    0xfe, 0x55, 0x2f, 0x7e, 0xd0, 0x3, 0xc3, 0xba,
    0x10, 0xf, 0xfe, 0x61, 0xaa, 0x90, 0x80, 0x3f,
    0xfb, 0x9, 0xf2, 0x5d, 0x60, 0x1f, 0xfd, 0x8c,
    0x4, 0x61, 0x40, 0xf, 0xfe, 0xc4, 0x43, 0xd2,
    0x6c, 0x3, 0xff, 0xa8,

    /* U+FDC1 "ﷁ" */
    0x0, 0xff, 0xe9, 0x8f, 0x60, 0x7, 0xff, 0x65,
    0x4, 0xc8, 0x3, 0xff, 0xb0, 0xb1, 0x24, 0x1,
    0xff, 0xd9, 0x76, 0x0, 0xff, 0xed, 0x21, 0x80,
    0x7f, 0xf3, 0xd0, 0xc0, 0x3e, 0x5e, 0xbc, 0xe4,
    0x0, 0xff, 0xe5, 0xa7, 0x5e, 0x60, 0x3, 0x92,
    0x84, 0x0, 0x36, 0x20, 0x1f, 0xfc, 0x92, 0xb1,
    0x0, 0x1c, 0x80, 0x6f, 0x1, 0xdc, 0x0, 0x48,
    0x7, 0xff, 0x27, 0x81, 0x39, 0xc1, 0x88, 0x2,
    0x50, 0x92, 0x34, 0x2, 0x0, 0xca, 0x60, 0x1f,
    0xfc, 0x25, 0x30, 0xa1, 0x81, 0xa, 0x0, 0x88,
    0x3c, 0x0, 0xe0, 0x60, 0x1a, 0xf1, 0x80, 0x3d,
    0x2c, 0x1, 0xd0, 0x0, 0x70, 0x3, 0x3, 0x88,
    0x2, 0x41, 0xd2, 0x4c, 0x34, 0x2, 0x31, 0x4,
    0x0, 0xf3, 0x4f, 0xdb, 0xad, 0x10, 0x2, 0x69,
    0x90, 0x1, 0x8c, 0xa0, 0x41, 0x6c, 0x4, 0x2a,
    0x80, 0xa0, 0x2, 0x0, 0xe1, 0x50, 0x2, 0x45,
    0x28, 0x43, 0x2, 0xc9, 0x80, 0xa, 0x6a, 0x84,
    0x1, 0x8a, 0xa9, 0x68, 0x1, 0xfc, 0x35, 0xc4,
    0x1, 0xb, 0xba, 0x68, 0xc0, 0xae, 0x88, 0x2,
    0x14, 0x99, 0x29, 0x8, 0xb, 0x18, 0x1, 0x80,
    0x3e, 0x16, 0x4, 0xfe, 0x80, 0x2, 0xe7, 0xea,
    0x2e, 0xff, 0xdd, 0x6c, 0xca, 0xde, 0xfe, 0x25,
    0x0, 0x4c, 0x8c, 0x40, 0x4, 0xd8, 0x81, 0x80,
    0x1f, 0xfc, 0xea, 0x0, 0x36, 0x77, 0xfb, 0x64,
    0xc1, 0x5c, 0x3, 0xff, 0x9c, 0xb8, 0x80, 0x1f,
    0x25, 0xd0, 0x7, 0xff, 0x40, 0xef, 0xf2, 0xa9,
    0x7b, 0xf6, 0x80, 0x1f, 0xfd, 0x43, 0x55, 0x21,
    0x0, 0x7f, 0xf5, 0x93, 0xe4, 0xba, 0xc0, 0x3f,
    0xfa, 0xd8, 0x8, 0xc2, 0x80, 0x1f, 0xfd, 0x68,
    0x87, 0xa4, 0xd8, 0x7, 0xff, 0x48,

    /* U+FDC2 "ﷂ" */
    0x0, 0xff, 0xe2, 0x1f, 0x7f, 0xb6, 0x50, 0x3,
    0xff, 0xa6, 0x22, 0x0, 0x13, 0x5e, 0xb8, 0x80,
    0x72, 0xc2, 0x0, 0x7f, 0xf2, 0xb, 0xbf, 0xdb,
    0x48, 0x51, 0xde, 0x1, 0xb9, 0xf4, 0x3, 0x99,
    0x40, 0x3f, 0xf8, 0x42, 0x0, 0x25, 0x91, 0x0,
    0x84, 0x2, 0x50, 0xf0, 0xe, 0x8a, 0x60, 0xf,
    0x5c, 0x8, 0x7, 0xc7, 0x3a, 0x20, 0x56, 0x20,
    0x3, 0x10, 0x10, 0xc, 0x62, 0x8, 0x1, 0xe4,
    0x7e, 0xc8, 0x66, 0x3d, 0x76, 0x30, 0x28, 0x17,
    0xbb, 0x3f, 0x0, 0x26, 0x19, 0x1, 0x40, 0x4,
    0x1, 0xc2, 0x40, 0x3, 0x79, 0x94, 0x28, 0x82,
    0x65, 0x38, 0x24, 0x4c, 0x10, 0x8, 0x9e, 0x6c,
    0x80, 0x3f, 0x87, 0x70, 0x80, 0x30, 0xa4, 0x6d,
    0x98, 0x44, 0x98, 0x4, 0x77, 0x88, 0x20, 0x44,
    0x30, 0x3, 0x0, 0x7c, 0x6c, 0x9, 0xfe, 0xeb,
    0x72, 0x0, 0xcd, 0x9f, 0xf6, 0x21, 0x5f, 0x7e,
    0x82, 0x88, 0x4c, 0x8c, 0x40, 0x4, 0xb6, 0x81,
    0x80, 0x1f, 0xfc, 0xcb, 0x0, 0x36, 0x77, 0xfb,
    0x69, 0x1, 0x5c, 0x3, 0xff, 0x86, 0x3b, 0xa0,
    0xf, 0x2e, 0x20, 0x7, 0xc9, 0x74, 0x1, 0xff,
    0xc4, 0x22, 0xc0, 0x1e, 0x3b, 0xfc, 0xaa, 0x5e,
    0xfd, 0xa0, 0x7, 0xff, 0x14, 0xf3, 0x4, 0x1,
    0xfc, 0x6a, 0xa4, 0x20, 0xf, 0xfe, 0x49, 0x98,
    0x3, 0xfc, 0xe4, 0xc, 0x80, 0x1f, 0xfd, 0x48,
    0x87, 0xa4, 0xd8, 0x7, 0xff, 0x53, 0x1, 0x18,
    0x50, 0x3, 0xff, 0xa0,

    /* U+FDC3 "ﷃ" */
    0x0, 0xff, 0xe9, 0xa1, 0x80, 0x7f, 0xf4, 0x93,
    0x2f, 0xc0, 0x3f, 0xfa, 0x7, 0x96, 0x60, 0x1f,
    0xfd, 0x1, 0xac, 0x30, 0x4c, 0xc0, 0x7, 0xff,
    0x3b, 0x14, 0x13, 0x2c, 0xc0, 0x3f, 0xf9, 0xc6,
    0x40, 0x96, 0x60, 0x1f, 0xc4, 0x82, 0x1, 0xfc,
    0x28, 0x40, 0x18, 0x88, 0x9, 0x40, 0x1f, 0xd5,
    0xb7, 0xca, 0x1, 0xf4, 0x75, 0xeb, 0x80, 0x43,
    0x86, 0xb, 0x40, 0x1f, 0x52, 0x80, 0x54, 0x40,
    0x1d, 0xe, 0x1, 0x41, 0x80, 0x43, 0x88, 0xa,
    0xe0, 0x1c, 0xaa, 0xb, 0xd1, 0xb, 0x0, 0xc6,
    0xe1, 0x5c, 0x41, 0xe0, 0x1d, 0x68, 0x10, 0x40,
    0x1a, 0x1, 0xd0, 0xa0, 0x18, 0x40, 0x28, 0x5,
    0x50, 0xc8, 0x19, 0x0, 0x75, 0x0, 0x28, 0x2,
    0x52, 0x4, 0x10, 0x60, 0x4, 0x80, 0xd, 0x1,
    0x4, 0x10, 0x42, 0x0, 0x38, 0x50, 0x10, 0x0,
    0xb6, 0x0, 0x3c, 0x78, 0x0, 0x3c, 0xbf, 0x0,
    0x7, 0xdd, 0x84, 0x16, 0x99, 0x54, 0xd0, 0x80,
    0xc0, 0x8, 0x11, 0x58, 0x94, 0x38, 0x4, 0xd0,
    0x41, 0x64, 0x31, 0x20, 0x12, 0xcd, 0x52, 0x5c,
    0x1, 0x20, 0x3, 0x36, 0x27, 0xb0, 0x83, 0x72,
    0x80, 0xa, 0xd3, 0x1c, 0x41, 0x39, 0x84, 0x3,
    0x13, 0x69, 0x80, 0x0,

    /* U+FDC4 "ﷄ" */
    0x0, 0xff, 0xe8, 0x25, 0xff, 0xb4, 0x80, 0x3e,
    0x36, 0x20, 0xe, 0x25, 0x65, 0x20, 0xf, 0xe6,
    0xb4, 0x0, 0x11, 0x80, 0x7a, 0xf2, 0x75, 0x80,
    0x34, 0x54, 0xd6, 0xe9, 0x40, 0x3c, 0x32, 0x3,
    0x15, 0x2, 0x1, 0xd6, 0x80, 0x14, 0x90, 0x5,
    0xa0, 0x18, 0xab, 0x54, 0x3, 0x28, 0x3, 0x5d,
    0x5c, 0x3, 0x95, 0x2, 0xf4, 0x42, 0x0, 0x27,
    0xff, 0xb2, 0x4, 0xab, 0xe4, 0x0, 0x20, 0x3,
    0x0, 0xfd, 0x0, 0xe8, 0x50, 0xa, 0x20, 0x1e,
    0x37, 0x90, 0x8, 0x80, 0xe, 0x0, 0x60, 0x8,
    0x48, 0x0, 0xa4, 0x8, 0x20, 0xc0, 0x8, 0x0,
    0xf2, 0xe4, 0x0, 0x1a, 0x0, 0x4, 0xa1, 0x30,
    0xb5, 0xd2, 0xb, 0x60, 0x3, 0xc7, 0x80, 0x3,
    0x4b, 0xb4, 0x5f, 0xd1, 0x8a, 0x3, 0x53, 0x35,
    0xa0, 0x7, 0xa5, 0x4, 0xb, 0x11, 0x58, 0x94,
    0x38, 0x4, 0xd1, 0x2e, 0x80, 0x7, 0xfa, 0x20,
    0x69, 0x9a, 0x0, 0x30, 0xbf, 0x0, 0xf, 0x13,
    0xd8, 0x41, 0xb9, 0x40, 0x22, 0x59, 0xe8, 0x11,
    0x63, 0x10, 0x4, 0x24, 0xb1, 0x9d, 0x2, 0x1d,
    0x84, 0x3, 0x3d, 0xf2, 0x35, 0xff, 0x6d, 0x30,
    0x80, 0x43, 0x3b, 0xff, 0x76, 0xd3, 0x98, 0x7,
    0xff, 0x20, 0x5c, 0x80, 0x3f, 0xfa, 0xb3, 0x1c,
    0x1, 0xff, 0xd5, 0xd0, 0x40, 0xf, 0xfe, 0x28,

    /* U+FDC5 "ﷅ" */
    0x0, 0xff, 0xec, 0xa2, 0x98, 0x7, 0xcd, 0xdf,
    0xa6, 0x1, 0xf2, 0xef, 0xf2, 0x0, 0x7f, 0xf0,
    0x46, 0x7e, 0xeb, 0x34, 0x80, 0x34, 0x48, 0x81,
    0x68, 0x80, 0x73, 0x51, 0x0, 0xd9, 0x0, 0x72,
    0x0, 0x72, 0x7b, 0x0, 0x62, 0xc0, 0x9, 0x1c,
    0x2f, 0x44, 0x52, 0x1, 0x8a, 0x42, 0xb8, 0x82,
    0x40, 0x31, 0x5f, 0x88, 0x1, 0x6c, 0x45, 0x1d,
    0xf0, 0x2, 0x80, 0x8, 0x7, 0x42, 0x80, 0x70,
    0xd, 0x0, 0xaa, 0x19, 0x4, 0x20, 0x9, 0x0,
    0x44, 0x9, 0x40, 0x7e, 0xe2, 0xe, 0x0, 0x10,
    0x53, 0x5, 0x10, 0x60, 0x4, 0x0, 0xd, 0x41,
    0x8, 0x10, 0x42, 0x0, 0x2d, 0x0, 0x8a, 0xc1,
    0x30, 0x40, 0x26, 0x0, 0x32, 0xd8, 0x0, 0xbd,
    0xe0, 0x0, 0xf2, 0xfc, 0x0, 0x1c, 0x87, 0x10,
    0x5a, 0x69, 0x40, 0x1d, 0xf0, 0x6, 0xab, 0x3c,
    0xec, 0x82, 0x1c, 0x8, 0xac, 0x45, 0xe, 0x1,
    0x34, 0x10, 0x59, 0xb, 0xc0, 0x4, 0xb2, 0xc0,
    0xa2, 0x44, 0x0, 0x4d, 0x4c, 0x31, 0x2, 0x50,
    0x19, 0xb1, 0x3d, 0x84, 0x1b, 0x54, 0x0, 0x56,
    0x98, 0xe2, 0x9, 0xcc, 0x20, 0x2f, 0x5f, 0x8,
    0x40, 0x18, 0x4d, 0xf2, 0xc4, 0x0,

    /* U+FDC6 "ﷆ" */
    0x0, 0xff, 0xe2, 0x97, 0x60, 0x7, 0xff, 0x89,
    0x4, 0xc4, 0x3, 0xff, 0xc2, 0xcf, 0x42, 0x1,
    0xff, 0xe2, 0x85, 0x0, 0xff, 0xff, 0x80, 0x7f,
    0xf1, 0xcf, 0xbf, 0xdb, 0x28, 0x1, 0xff, 0xc7,
    0x29, 0x80, 0xf, 0xfe, 0x40, 0x88, 0x0, 0x4d,
    0x7a, 0xe2, 0x1, 0xc8, 0x81, 0x0, 0x95, 0x88,
    0x0, 0x2c, 0xc0, 0xf, 0xfe, 0x41, 0x77, 0xfb,
    0x69, 0xa, 0x3b, 0xc0, 0x34, 0x5b, 0x0, 0x53,
    0x25, 0x0, 0x8, 0x8, 0x7, 0x32, 0x80, 0x7f,
    0xf0, 0x84, 0x0, 0x4b, 0x22, 0x1, 0x8, 0x4,
    0x60, 0x60, 0x11, 0x81, 0x0, 0xc, 0x0, 0x60,
    0x1a, 0x29, 0x80, 0x3d, 0x70, 0x20, 0x1f, 0x1c,
    0xe8, 0x81, 0x58, 0x80, 0x14, 0x0, 0xe0, 0x4,
    0x0, 0x8, 0x0, 0xc0, 0x16, 0x1, 0x18, 0x82,
    0x0, 0x79, 0x1f, 0xb2, 0x19, 0x8f, 0x5d, 0x8c,
    0xa, 0x5, 0xee, 0xcf, 0x60, 0xf, 0x66, 0x48,
    0x2, 0x19, 0x9c, 0x0, 0x79, 0x52, 0x50, 0x1,
    0x0, 0x70, 0x90, 0x0, 0xde, 0x65, 0xa, 0x20,
    0x99, 0x4e, 0x9, 0x13, 0x2, 0x0, 0x39, 0x91,
    0x0, 0xe, 0x64, 0x62, 0xc0, 0xd5, 0xe0, 0x1f,
    0xc3, 0xb8, 0x40, 0x18, 0x52, 0x36, 0xcc, 0x22,
    0x4c, 0x2, 0x3b, 0xb1, 0x0, 0xa, 0xb0, 0xc0,
    0x7, 0xb2, 0xe2, 0x8, 0x60, 0x6, 0x0, 0xf8,
    0xd8, 0x13, 0xfd, 0xd6, 0xe4, 0x1, 0x9b, 0x3f,
    0xec, 0x44, 0x6f, 0xfb, 0x54, 0xf3, 0xfd, 0x86,
    0x11, 0xdf, 0x2a, 0x21, 0x32, 0x31, 0x0, 0x12,
    0xda, 0x6, 0x0, 0x7f, 0xf5, 0xec, 0x0, 0xd9,
    0xdf, 0xed, 0xa4, 0x5, 0x70, 0xf, 0xfe, 0xba,
    0xe2, 0x0, 0x7c, 0x97, 0x40, 0x1f, 0xfd, 0x93,
    0xbf, 0xca, 0xa5, 0xef, 0xda, 0x0, 0x7f, 0xf7,
    0x4d, 0x54, 0x84, 0x1, 0xff, 0xe0, 0x72, 0x6,
    0x40, 0xf, 0xfe, 0xfc, 0x43, 0xd2, 0x6c, 0x3,
    0xff, 0xbf, 0x80, 0x8c, 0x28, 0x1, 0xff, 0xdb,

    /* U+FDC7 "ﷇ" */
    0x0, 0xff, 0xe9, 0xdf, 0x10, 0x7, 0xff, 0x58,
    0x50, 0x50, 0x3, 0xff, 0xac, 0x34, 0xec, 0x1,
    0xff, 0xc8, 0x3e, 0xff, 0x6c, 0xa0, 0x7, 0xe5,
    0x80, 0xf, 0xfe, 0x48, 0x88, 0x0, 0x4d, 0x7a,
    0xe2, 0x1, 0xcb, 0x8, 0x1, 0xff, 0xc8, 0x2e,
    0xff, 0x6d, 0x21, 0x47, 0x78, 0x6, 0xe7, 0xd0,
    0xe, 0x65, 0x0, 0xff, 0xe1, 0x8, 0x0, 0x96,
    0x44, 0x2, 0x10, 0x9, 0x43, 0xc0, 0x3a, 0x29,
    0x80, 0x3d, 0x70, 0x20, 0x1f, 0x1c, 0xe8, 0x81,
    0x58, 0x80, 0xc, 0x40, 0x40, 0x31, 0x88, 0x20,
    0x7, 0x91, 0xfb, 0x21, 0x98, 0xf5, 0xd8, 0xc0,
    0xa0, 0x5e, 0xec, 0xfc, 0x0, 0x98, 0x64, 0x5,
    0x0, 0x10, 0x7, 0x9, 0x0, 0xd, 0xe6, 0x50,
    0xa2, 0x9, 0x94, 0xe0, 0x91, 0x30, 0x40, 0x22,
    0x79, 0xb2, 0x0, 0xfe, 0x1d, 0xc2, 0x0, 0xc2,
    0x91, 0xb6, 0x61, 0x12, 0x60, 0x11, 0xde, 0x20,
    0x81, 0x10, 0xc0, 0xc, 0x1, 0xf1, 0xb0, 0x27,
    0xfb, 0xad, 0xc8, 0x3, 0x36, 0x7f, 0xd8, 0x85,
    0x7d, 0xfa, 0xa, 0x21, 0x32, 0x31, 0x0, 0x12,
    0xda, 0x6, 0x0, 0x72, 0xa8, 0x3, 0xff, 0x8b,
    0x60, 0x6, 0xce, 0xff, 0x6d, 0x20, 0x2b, 0x80,
    0x62, 0xaa, 0x18, 0x7, 0xff, 0x11, 0x71, 0x0,
    0x3e, 0x4b, 0xa0, 0xe, 0x32, 0x28, 0x3, 0xff,
    0x8a, 0x77, 0xf9, 0x54, 0xbd, 0xfb, 0x40, 0xf,
    0xe, 0xe8, 0x40, 0x3f, 0xf9, 0x6, 0xaa, 0x42,
    0x0, 0xff, 0xea, 0xb9, 0x3, 0x20, 0x7, 0xff,
    0x52, 0x21, 0xe9, 0x36, 0x1, 0xff, 0xd4, 0xc0,
    0x46, 0x14, 0x0, 0xff, 0xe8, 0x0,

    /* U+FDCF "﷏" */
    0x0, 0xff, 0xeb, 0xcd, 0x80, 0x68, 0xc1, 0x0,
    0xff, 0x8e, 0x6c, 0x3, 0xf9, 0xc4, 0x3, 0x39,
    0x80, 0x61, 0xf3, 0x0, 0xeb, 0xb0, 0x7, 0xcc,
    0x7e, 0x20, 0x5, 0x2f, 0x20, 0x20, 0xc, 0xe0,
    0x18, 0xc8, 0x3, 0xf3, 0x53, 0xf8, 0x82, 0xd2,
    0x0, 0x32, 0x40, 0x40, 0x3f, 0xf8, 0x83, 0x76,
    0x0, 0xfd, 0x4d, 0x0, 0x1, 0x0, 0xfc, 0xe4,
    0x1, 0xb0, 0x68, 0xc, 0x1, 0x1f, 0xa2, 0x96,
    0xea, 0x6, 0x0, 0x10, 0x1, 0x0, 0x21, 0x40,
    0xa, 0x85, 0xcc, 0x2, 0x8, 0xf4, 0x36, 0x9,
    0x34, 0x1, 0xf, 0x28, 0x4c, 0x2, 0xe8, 0x2,
    0x84, 0xef, 0x1, 0x6, 0x49, 0x10, 0xc4, 0x40,
    0xb, 0x5, 0x83, 0xc9, 0x0, 0x44, 0x1, 0xd9,
    0xb8, 0xb1, 0xc0, 0xe, 0x7a, 0xdd, 0x4b, 0xb9,
    0x7a, 0x5, 0x74, 0xdf, 0x92, 0x40, 0x2, 0x60,
    0x47, 0x5b, 0x9b, 0xb9, 0xb7, 0x3e, 0x21, 0xb9,
    0xc8, 0x79, 0x8e, 0xce, 0x30, 0x8, 0x40, 0x31,
    0x18, 0x0, 0x88, 0x4, 0x60, 0x11, 0x18, 0x9b,
    0x98, 0x4e, 0x79, 0x0, 0xc, 0x3, 0xae, 0x0,
    0x39, 0x60, 0x0, 0x56, 0x1, 0x38, 0x23, 0xf7,
    0x8, 0x0, 0x3e, 0x1, 0xa6, 0x40, 0x1d, 0xe4,
    0x0, 0x74, 0x0, 0x8, 0x6, 0x20, 0x50, 0x3,
    0xaa, 0x91, 0x26, 0x54, 0x4c, 0xaa, 0x45, 0x54,
    0x3, 0xaa, 0x1b, 0x8, 0xb3, 0xe8, 0x83, 0xc2,
    0xae, 0xff, 0xa9, 0x55, 0x54, 0x17, 0x9a, 0x7,
    0x9a, 0x3, 0x6c, 0x20, 0x4d, 0xff, 0xff, 0xaa,
    0xff, 0xd9, 0x1d, 0xf9, 0x1f, 0xee, 0xc9, 0x30,
    0xf, 0xfe, 0x32, 0xed, 0x48, 0x7, 0xff, 0x3d,
    0x7e, 0xe0, 0x3, 0xfc,

    /* U+FDF0 "ﷰ" */
    0x0, 0xff, 0xe0, 0xff, 0x94, 0x3, 0xff, 0xae,
    0x60, 0x1f, 0xff, 0xb1, 0x0, 0xff, 0xea, 0x88,
    0x78, 0x7, 0xff, 0xe4, 0xc0, 0x40, 0x3f, 0xf8,
    0x46, 0xa8, 0x20, 0x1f, 0xfc, 0x31, 0x0, 0xff,
    0xe1, 0x2e, 0xe5, 0x5f, 0x38, 0x7, 0xff, 0x10,
    0xc0, 0x31, 0x10, 0x3, 0xd, 0xd1, 0x0, 0x68,
    0x50, 0xf, 0xfe, 0xb, 0x80, 0x7a, 0x75, 0xc0,
    0x3, 0x88, 0xb, 0x9f, 0x82, 0x1c, 0x1, 0xff,
    0xc3, 0x10, 0xc, 0x80, 0x60, 0xc, 0x20, 0xaa,
    0x18, 0x1b, 0x3, 0x80, 0x7f, 0xf0, 0x5c, 0x14,
    0x2, 0x50, 0x0, 0x85, 0x90, 0x62, 0x80, 0x42,
    0xa0, 0xa0, 0x1e, 0x13, 0x45, 0x53, 0x41, 0x80,
    0xdb, 0x3d, 0x80, 0x2a, 0xd0, 0x15, 0x9a, 0x8b,
    0xe2, 0xb, 0x0, 0xb, 0xdf, 0x73, 0x2e, 0xa9,
    0x2e, 0x2, 0x9, 0x30, 0x22, 0x60, 0x40, 0x2,
    0xd4, 0xc9, 0xd0, 0x6, 0xc8, 0x23, 0xa1, 0x4,
    0x3, 0xc2, 0xdf, 0x24, 0x0, 0x4c, 0x9b, 0x52,
    0x10, 0xc, 0x4b, 0x3c, 0x81, 0xe, 0x4, 0xf5,
    0x9b, 0xdf, 0xf7, 0x48, 0xb6, 0xff, 0xac, 0x81,
    0x2b, 0x7b, 0xff, 0x6d, 0x30, 0x4, 0xe0, 0xfb,
    0xa, 0x64, 0x20, 0x1f, 0xfc, 0xf1, 0x6, 0x73,
    0x10, 0xe, 0x20, 0xf, 0xfe, 0x65, 0x80, 0xc6,
    0x77, 0xff, 0x68, 0x7, 0xff, 0x31, 0x75, 0x88,
    0x3, 0xe2, 0x0, 0xff, 0xe6, 0x94, 0xef, 0xee,
    0x5d, 0xd9, 0x80, 0xf, 0xfe, 0x60,

    /* U+FDF1 "ﷱ" */
    0x0, 0xff, 0xe4, 0x22, 0x81, 0xb0, 0x7, 0xff,
    0xf, 0xfc, 0xa0, 0x10, 0xdd, 0x1e, 0xcb, 0x0,
    0x7f, 0xf1, 0xc, 0x2, 0x13, 0x12, 0x41, 0x50,
    0xf, 0xfe, 0x4e, 0x70, 0xd7, 0x18, 0x7, 0xff,
    0x10, 0x40, 0x3f, 0xf9, 0x82, 0x1e, 0x1, 0x8a,
    0xff, 0xa0, 0x3, 0xff, 0x92, 0x38, 0x80, 0x2f,
    0x0, 0x1f, 0xfc, 0x23, 0x1, 0x0, 0xa0, 0x45,
    0x28, 0xe, 0x1, 0xff, 0xc2, 0x10, 0xe, 0x70,
    0x86, 0xa0, 0x2, 0x0, 0x7f, 0xf0, 0xcc, 0x2,
    0x10, 0xe0, 0x0, 0x81, 0x80, 0x7f, 0xf0, 0x5c,
    0x3, 0x84, 0x1f, 0xf8, 0x43, 0xc0, 0x3f, 0xf8,
    0x62, 0x1, 0x50, 0x80, 0x77, 0x80, 0x7f, 0xf0,
    0x5c, 0x14, 0x2, 0x4e, 0xcb, 0xa0, 0x2, 0x0,
    0x7c, 0x46, 0x88, 0x57, 0x30, 0x1a, 0x55, 0xec,
    0xa0, 0x33, 0x0, 0x4b, 0x5b, 0xfb, 0x97, 0x6a,
    0x80, 0x10, 0x5a, 0xad, 0x2e, 0x5, 0xc0, 0x5,
    0xea, 0x52, 0x0, 0xf0, 0xaf, 0xc1, 0x0, 0x61,
    0x38, 0xd2, 0x5, 0xa1, 0x5, 0x8b, 0xde, 0xff,
    0xba, 0x85, 0xf7, 0xff, 0x76, 0x38, 0x5, 0x0,
    0x9d, 0x4e, 0x84, 0x20, 0x1f, 0xfc, 0x62, 0x2,
    0x10, 0xf, 0xfe, 0x5a, 0x3, 0x6c, 0x32, 0x27,
    0x38, 0x7, 0xff, 0xe, 0x8c, 0x9, 0xe6, 0xef,
    0xa4, 0x3, 0xff, 0x86, 0x39, 0x6c, 0x62, 0x1,
    0xca, 0x1, 0xff, 0xc3,

    /* U+FDF2 "ﷲ" */
    0x0, 0xff, 0xe0, 0x23, 0x80, 0x7f, 0xf3, 0x72,
    0x0, 0x3f, 0xfd, 0x1e, 0x1, 0xff, 0xce, 0x7f,
    0x19, 0x0, 0xff, 0xe5, 0x18, 0x70, 0x31, 0x0,
    0x7f, 0xf2, 0xb, 0x8, 0x4c, 0x4, 0x3, 0xff,
    0x90, 0x43, 0xa7, 0xa6, 0x60, 0x1f, 0xf2, 0x80,
    0x3b, 0xdc, 0x3, 0xfe, 0xef, 0xcf, 0xc0, 0x0,
    0x80, 0x7f, 0xf2, 0x1f, 0xf4, 0x3, 0xc6, 0x0,
    0x30, 0xf0, 0xf, 0x55, 0x8, 0x3, 0x8c, 0x3,
    0xc2, 0x1, 0xfe, 0x15, 0x53, 0x80, 0x70, 0x80,
    0x61, 0x0, 0xc2, 0x1, 0xc5, 0x3e, 0x0, 0x30,
    0x8, 0x40, 0x3f, 0x78, 0x6, 0x10, 0x4, 0x6b,
    0x8, 0x7, 0xff, 0x4, 0xc0, 0x33, 0x80, 0x52,
    0xe0, 0x2e, 0x0, 0x10, 0x8, 0xc0, 0x3c, 0x20,
    0x20, 0x18, 0xc9, 0x81, 0xba, 0x4, 0x3c, 0x3,
    0xc2, 0x1, 0xc6, 0x0, 0x10, 0x2, 0x0, 0x24,
    0x0, 0x60, 0x1c, 0x20, 0x1e, 0x70, 0xf, 0x8,
    0x4, 0xc2, 0x1, 0x8, 0x7, 0x8c, 0x3, 0x84,
    0x3, 0x9c, 0x1, 0x3d, 0xe4, 0xa, 0x1, 0xe7,
    0x0, 0xe1, 0x0, 0x18, 0x38, 0xe1, 0x80, 0x71,
    0xc2, 0x23, 0xc0, 0x16, 0xc8, 0xc8, 0x4, 0x1,
    0xe3, 0xcd, 0xbb, 0x60, 0x1, 0xee, 0xc8, 0x2,
    0x29, 0xb9, 0x0, 0x50, 0x0, 0x40, 0x38, 0x91,
    0x7, 0xaa, 0x20, 0x3, 0xac, 0x40, 0x0, 0xa6,
    0x10, 0x6, 0x10,

    /* U+FDF3 "ﷳ" */
    0x0, 0xff, 0xf6, 0xbf, 0xf8, 0x3, 0xff, 0xa1,
    0xd, 0x60, 0x1f, 0xfd, 0x2, 0x35, 0x30, 0xf,
    0xfe, 0x7b, 0xaf, 0x70, 0x3, 0xff, 0x9e, 0x2f,
    0x7a, 0x1, 0xff, 0xcb, 0x18, 0xe4, 0xb9, 0x50,
    0xf, 0xfe, 0x50, 0xc7, 0x38, 0xf8, 0x77, 0x18,
    0x3, 0xff, 0x90, 0xfc, 0xe0, 0x31, 0x40, 0x1f,
    0xfc, 0xa1, 0xc8, 0x1, 0x8e, 0x71, 0x1, 0x0,
    0xff, 0xe4, 0x31, 0x83, 0xf3, 0x80, 0x78, 0x40,
    0x3f, 0xf8, 0xc2, 0x0, 0x51, 0x0, 0xff, 0xe1,
    0x88, 0x7, 0xf9, 0xa0, 0xb, 0xc8, 0x3, 0x18,
    0x78, 0x7, 0x47, 0xc0, 0x7, 0x12, 0x8, 0x4,
    0xf4, 0x3, 0xe2, 0x1, 0xff, 0x10, 0x30, 0x7,
    0x55, 0xe8, 0x6, 0x5b, 0x2, 0xb0, 0x8, 0x40,
    0x40, 0x3a, 0x40, 0xa, 0x1, 0x8c, 0x14, 0x3,
    0x92, 0x41, 0x48, 0x3, 0xfc, 0x64, 0x1c, 0x1,
    0x90, 0x3, 0xf3, 0x0, 0x14, 0x0, 0xe0, 0x1f,
    0x98, 0x12, 0x11, 0x6c, 0x0, 0xce, 0x89, 0x96,
    0x40, 0x2, 0x1, 0x8c, 0x3, 0xce, 0x0, 0x7b,
    0xa4, 0x1, 0x8, 0xbb, 0xd4, 0xc0, 0x4c, 0x0,
    0x10, 0xf, 0x8c, 0xc0, 0xc4, 0x0, 0x29, 0xf5,
    0x10, 0xc, 0x27, 0x1a, 0x1, 0xc2, 0x1, 0x87,
    0x80, 0xa7, 0x7f, 0xda, 0xc3, 0x5d, 0xff, 0xbb,
    0x1c, 0x3, 0x57, 0xd8, 0x4, 0x9e, 0x41, 0x20,
    0x1f, 0xfc, 0xc4, 0xcb, 0x10, 0xa4, 0x0, 0xec,
    0xe1, 0x0, 0xff, 0xe2, 0x98, 0x1e, 0x28, 0x7,
    0x9, 0x8a, 0x80, 0x7f, 0xf1, 0x11, 0xaf, 0xc,
    0x3, 0xc3, 0x72, 0x80, 0x1f, 0xfc, 0x40,

    /* U+FDF4 "ﷴ" */
    0x0, 0xff, 0xf9, 0xa, 0xd7, 0x8, 0x7, 0xff,
    0x75, 0xfa, 0x82, 0x4, 0x3, 0xff, 0xba, 0x79,
    0xf4, 0xc2, 0x1, 0xff, 0xc9, 0x6e, 0xd2, 0x0,
    0xff, 0xe2, 0x21, 0x99, 0x66, 0x0, 0x3f, 0xf9,
    0x33, 0xd, 0x60, 0x1f, 0xfc, 0x48, 0x7b, 0xc1,
    0x20, 0xe, 0x16, 0xbb, 0x0, 0x7f, 0xf0, 0x7,
    0x9c, 0x40, 0x3f, 0xf8, 0x85, 0xa8, 0xcf, 0xa0,
    0x1a, 0xfa, 0x7, 0xc0, 0x3f, 0xf8, 0x12, 0xe5,
    0x40, 0x1f, 0xfc, 0x4c, 0x51, 0xee, 0x30, 0x6,
    0xdc, 0xea, 0x40, 0xf, 0xf3, 0x7c, 0x37, 0x90,
    0x7, 0xc2, 0x20, 0xf, 0x9b, 0x74, 0x22, 0x0,
    0xe6, 0x30, 0xf, 0xfe, 0xb, 0x77, 0xc8, 0x80,
    0x7c, 0x9f, 0x40, 0x1f, 0x88, 0x3, 0xff, 0x98,
    0x20, 0x1f, 0xe3, 0x14, 0x50, 0xf, 0xc4, 0xa4,
    0x1, 0xc4, 0x8a, 0x84, 0x1, 0xff, 0xc0, 0x25,
    0x20, 0xf, 0x9c, 0x82, 0x0, 0x3e, 0x9d, 0xad,
    0x70, 0xd, 0x57, 0x57, 0xba, 0x60, 0xf, 0xe8,
    0xda, 0xda, 0x0, 0xfa, 0x40, 0x94, 0x3, 0xa1,
    0x80, 0x28, 0x30, 0xb, 0x40, 0x31, 0x4e, 0xb0,
    0x80, 0x73, 0x38, 0x4, 0xb0, 0x1, 0xe4, 0x30,
    0xe0, 0xc, 0x6e, 0x15, 0xc4, 0x10, 0x1, 0x2f,
    0xfd, 0xb2, 0x44, 0x9e, 0xb0, 0xd, 0x0, 0xde,
    0xa0, 0xe2, 0x1, 0xea, 0x4, 0x10, 0xa, 0x1,
    0x54, 0x32, 0x8, 0x40, 0x1e, 0x26, 0x80, 0x9,
    0x80, 0x26, 0x11, 0x48, 0x58, 0x1, 0x40, 0x3c,
    0x60, 0x7, 0x0, 0x1a, 0x2, 0x8, 0x20, 0x84,
    0x0, 0x79, 0x2e, 0x80, 0xb, 0xc0, 0x14, 0x3,
    0x80, 0x4, 0x40, 0x21, 0x56, 0xc8, 0xd0, 0x0,
    0x96, 0x4e, 0x0, 0xf, 0xbb, 0x84, 0x16, 0x11,
    0x5a, 0xba, 0xd0, 0x10, 0x16, 0xd5, 0x2c, 0x41,
    0xa9, 0x5c, 0x41, 0x85, 0x52, 0x6e, 0x48, 0x4,
    0x26, 0xc8, 0x2c, 0x86, 0x20, 0x1, 0x3d, 0xd4,
    0xa8, 0x83, 0x75, 0x98, 0x3d, 0x5a, 0x1, 0x2,
    0xd4, 0x1, 0x98, 0x65, 0x4, 0x0, 0x75, 0xe8,
    0x0, 0x2b, 0x4c, 0x71, 0x5, 0xd6, 0x10, 0x1,
    0x2c, 0xf4, 0x88, 0x63, 0x90, 0x0, 0x63, 0x69,
    0x0, 0xb, 0xa0,

    /* U+FDF5 "ﷵ" */
    0x0, 0xff, 0xe6, 0xf7, 0xc0, 0x7, 0xff, 0x84,
    0xc0, 0x3f, 0xfc, 0xa2, 0x1, 0xff, 0xe1, 0x10,
    0xf, 0xff, 0x29, 0x80, 0x7f, 0xf6, 0x84, 0x3,
    0xce, 0x2, 0x1, 0xff, 0xcd, 0x27, 0xa5, 0x0,
    0xf2, 0xe7, 0xf7, 0xd8, 0x80, 0x7f, 0xf1, 0xc5,
    0xea, 0x58, 0x3, 0xd3, 0xb0, 0xb4, 0x60, 0x1a,
    0xa8, 0x60, 0x12, 0x50, 0x4, 0x20, 0xe0, 0x1f,
    0xfc, 0x8, 0xe8, 0x56, 0x9d, 0x10, 0x0, 0xeb,
    0x0, 0x68, 0x0, 0x91, 0x42, 0xff, 0xcc, 0x8,
    0x1, 0x18, 0x7, 0x8d, 0x88, 0x2, 0x1c, 0x70,
    0x14, 0x20, 0x28, 0x0, 0x61, 0x1, 0xed, 0x82,
    0x8, 0x1, 0xc0, 0x10, 0x0, 0xf0, 0x10, 0xe,
    0x10, 0xd, 0x53, 0x0, 0x1, 0xc3, 0x7, 0xeb,
    0xd5, 0x7, 0x9, 0x20, 0x1c, 0x24, 0x30, 0x60,
    0x1, 0xb8, 0x1e, 0xd, 0x83, 0x0, 0x42, 0x6,
    0x1, 0x90, 0x30, 0x1, 0xa4, 0x17, 0x0, 0x16,
    0x0, 0x5, 0x80, 0x2, 0xe0, 0xa, 0x9, 0x0,
    0xa2, 0x0, 0x7c, 0x44, 0x90, 0x8, 0x40, 0x44,
    0x0, 0x32, 0x1, 0x9, 0x30, 0xb4, 0x0, 0x86,
    0xc1, 0x58, 0x0, 0x61, 0x16, 0xd8, 0x3, 0x8c,
    0xc7, 0xd0, 0xe, 0x96, 0x63, 0xb8, 0x1, 0xac,
    0xfc, 0x0, 0x8b, 0x60, 0x41, 0x56, 0x8b, 0xe2,
    0x8, 0xd0, 0x2c, 0x40, 0x49, 0x50, 0x1, 0xcc,
    0xa1, 0x40, 0x31, 0x3c, 0xca, 0x4, 0x40, 0x73,
    0x4, 0xe, 0x8, 0x0, 0x4a, 0xa4, 0xba, 0x0,
    0xd1, 0x88, 0x38, 0x5c, 0x98, 0xd, 0xc9, 0x0,
    0x9, 0x67, 0xb9, 0x8, 0x20, 0x1, 0x5c, 0xa2,
    0x0, 0x1e, 0x46, 0x31, 0x88, 0x6, 0x25, 0x9e,
    0x50, 0xf, 0x36, 0x7f, 0x23, 0x6f, 0xfb, 0x69,
    0x84, 0x4f, 0x7d, 0xfe, 0xea, 0x25, 0xdf, 0xf6,
    0x18, 0x1c, 0xe7, 0x7f, 0xed, 0xa6, 0x0, 0x88,
    0x4, 0x3, 0xff, 0xc3, 0xc0, 0xa0, 0x1f, 0xfe,
    0x13, 0x1, 0x10, 0x7, 0xff, 0x81, 0x40, 0xa,
    0x1, 0xff, 0xe0, 0x11, 0x6, 0x0, 0x7f, 0xf8,
    0x50, 0x10, 0x3, 0xff, 0xc3, 0x37, 0x80, 0x1f,
    0xfe, 0x0,

    /* U+FDF6 "ﷶ" */
    0x0, 0xff, 0x37, 0xf8, 0x3, 0xff, 0xc4, 0x60,
    0x1f, 0xfe, 0x71, 0x0, 0xff, 0xf0, 0x88, 0x7,
    0xff, 0x9c, 0xc0, 0x3f, 0xfc, 0x2e, 0x1, 0xff,
    0xe7, 0x10, 0xf, 0xfe, 0x62, 0xda, 0x80, 0x7f,
    0xf1, 0x84, 0x3, 0xe5, 0x74, 0x0, 0xff, 0xe2,
    0xda, 0x78, 0x7, 0x84, 0x3, 0xfe, 0x30, 0x3,
    0x80, 0x7, 0x2a, 0x2e, 0x80, 0x3f, 0xe1, 0x10,
    0x4, 0xe0, 0x80, 0x18, 0xf3, 0x0, 0x1f, 0xfc,
    0x5b, 0x30, 0x9, 0x58, 0x3, 0x57, 0x38, 0x5,
    0x7d, 0x20, 0xd, 0x1, 0x20, 0x9, 0x8c, 0x90,
    0x4, 0x3, 0xf0, 0x80, 0x62, 0x50, 0x9e, 0x20,
    0xb0, 0xc, 0x82, 0x1, 0x9c, 0x38, 0x0, 0xa0,
    0x6, 0x0, 0x94, 0x83, 0x83, 0x79, 0x40, 0x3f,
    0x84, 0x10, 0x5, 0x86, 0xc0, 0x80, 0x23, 0x10,
    0x20, 0x1, 0x10, 0x8, 0x3, 0xfc, 0xa0, 0xe4,
    0x62, 0xc0, 0x1e, 0x10, 0x0, 0x80, 0x43, 0xb,
    0xc0, 0x6, 0x6b, 0x80, 0x12, 0xcc, 0xe0, 0x4,
    0xb3, 0x28, 0x0, 0xa0, 0x1b, 0x80, 0xdc, 0x0,
    0x60, 0x1e, 0x30, 0x3, 0x2, 0x0, 0x1e, 0x9c,
    0x1, 0x33, 0x10, 0x9, 0xcc, 0x8c, 0x4, 0xe6,
    0x48, 0xc, 0x20, 0x1b, 0xc0, 0x8c, 0x3, 0xf9,
    0x0, 0x4, 0x5, 0x66, 0x1, 0xf8, 0xeb, 0x4c,
    0x0, 0x33, 0x88, 0x0, 0x28, 0x90, 0xc, 0x4c,
    0x16, 0x60, 0x4, 0x0, 0xf5, 0x82, 0x80, 0x49,
    0x9f, 0x20, 0x8, 0xff, 0xb1, 0x4f, 0x3f, 0xdc,
    0xc5, 0x7f, 0xed, 0x70, 0xc, 0x78, 0x2, 0xc8,
    0x0, 0xb7, 0x10, 0x2, 0x61, 0x4, 0x0, 0x9,
    0x23, 0x64, 0xd, 0xc0, 0x3f, 0xf8, 0xe7, 0x58,
    0x21, 0xa2, 0x2a, 0x0, 0x47, 0x7f, 0xac, 0xc2,
    0x48, 0x1, 0x36, 0xe4, 0x9, 0xa0, 0x1f, 0xfc,
    0x72, 0xc5, 0x2, 0xd3, 0x0, 0x2e, 0x20, 0x7,
    0x1d, 0xb0, 0x4, 0x60, 0x4, 0xbb, 0x8, 0x7,
    0xff, 0x1c, 0x8c, 0x67, 0x48, 0x3, 0x1d, 0xfe,
    0x5e, 0x76, 0x20, 0x6, 0x9d, 0xfb, 0x40, 0xf,
    0xfe, 0x56, 0xf3, 0x0, 0x60,

    /* U+FDF7 "ﷷ" */
    0x0, 0xff, 0xe4, 0x57, 0xd8, 0x7, 0xff, 0x5d,
    0xc0, 0x3f, 0xfa, 0xa6, 0x1, 0xff, 0xc9, 0x11,
    0x0, 0x7f, 0xf0, 0x84, 0x3, 0xff, 0x8c, 0x3d,
    0xc4, 0x0, 0xff, 0x84, 0xc, 0x3, 0xff, 0x8a,
    0x4e, 0x0, 0x10, 0xf, 0xfe, 0x40, 0xa2, 0x98,
    0x7, 0x15, 0xec, 0x80, 0xc, 0x3, 0xfe, 0xf0,
    0x10, 0xc, 0x35, 0xd7, 0x58, 0x60, 0x12, 0x6a,
    0x0, 0x61, 0x0, 0xff, 0x84, 0x3, 0xda, 0xa0,
    0x18, 0xc0, 0x3, 0x40, 0x33, 0xc2, 0x1, 0xf1,
    0x88, 0x7, 0xf9, 0xc, 0x1b, 0xbf, 0x80, 0x24,
    0x10, 0xf6, 0x13, 0xf, 0x0, 0xc3, 0x9c, 0x40,
    0x11, 0x80, 0x71, 0x0, 0x24, 0x40, 0x40, 0x23,
    0x0, 0x28, 0x0, 0x40, 0x40, 0x32, 0x0, 0x8,
    0x3, 0xc2, 0x0, 0x20, 0x1, 0x0, 0x79, 0x0,
    0x17, 0xfe, 0x30, 0x50, 0xd, 0xc0, 0x1f, 0xca,
    0x0, 0x43, 0xf, 0x42, 0x6c, 0x80, 0x2a, 0x10,
    0xe, 0x39, 0x67, 0xa4, 0x0, 0x5b, 0xb3, 0xc0,
    0x2, 0x9d, 0x99, 0x60, 0x57, 0xb2, 0x6c, 0x0,
    0x5e, 0xba, 0xa8, 0x0, 0xd3, 0xa, 0x2, 0x9,
    0x13, 0x4, 0x2, 0x28, 0x99, 0x40, 0x7, 0x2d,
    0x0, 0x64, 0x55, 0xb1, 0x4, 0x0, 0x4f, 0xd4,
    0x60, 0x11, 0xde, 0x20, 0x4, 0x24, 0x8f, 0x7f,
    0x48, 0x1, 0xf8, 0xef, 0xbf, 0xdb, 0x0, 0xb9,
    0xff, 0x62, 0x15, 0xff, 0xdd, 0xb7, 0x8, 0x1,
    0xff, 0xe7, 0x3e, 0xa1, 0xdc, 0x0, 0xff, 0xe9,
    0x28, 0xa1, 0x10, 0xc8, 0x3, 0xff, 0xa2, 0xd3,
    0xa7, 0x54, 0x20, 0xf, 0xfe, 0x30,

    /* U+FDF8 "ﷸ" */
    0x0, 0xff, 0xe1, 0x5f, 0xd8, 0x7, 0xff, 0x7c,
    0x41, 0xc0, 0x3f, 0xfb, 0xe6, 0x1, 0xff, 0xe3,
    0x10, 0xf, 0xfe, 0xf8, 0x80, 0x7f, 0xf8, 0xcc,
    0x3, 0xff, 0xbf, 0xe0, 0x1f, 0xfc, 0x53, 0x9c,
    0x0, 0xff, 0xe1, 0x8c, 0x6f, 0xd8, 0x7, 0xc2,
    0x1, 0xff, 0xc3, 0x46, 0x32, 0x0, 0xc6, 0xea,
    0x1, 0xe5, 0xf7, 0x20, 0x47, 0x0, 0xc2, 0x1,
    0xf0, 0x80, 0x72, 0x8, 0x1, 0x80, 0x8, 0x1,
    0x4e, 0x45, 0x60, 0x80, 0x4d, 0x42, 0xc, 0xa1,
    0x20, 0x1f, 0xf1, 0xf7, 0x0, 0x23, 0xbe, 0x10,
    0x12, 0xf, 0x0, 0x33, 0x0, 0x23, 0x80, 0x2,
    0x48, 0xe, 0xcd, 0x8, 0x94, 0x2, 0x30, 0x0,
    0x80, 0x4a, 0x1, 0xca, 0x2, 0x20, 0x2, 0x1,
    0x0, 0x2c, 0x17, 0xd4, 0x18, 0x1, 0x20, 0x1,
    0x60, 0x4, 0x84, 0x0, 0x46, 0x0, 0x50, 0xb,
    0x40, 0x80, 0x2c, 0x3, 0x0, 0xf8, 0x48, 0x24,
    0x20, 0x0, 0x88, 0x20, 0x20, 0xba, 0x5d, 0x2,
    0xb5, 0x55, 0x80, 0x25, 0x96, 0x10, 0xd, 0xd5,
    0xd4, 0x9, 0xd5, 0xd8, 0xc, 0xc, 0x1, 0x2a,
    0x80, 0x1, 0xd0, 0x2d, 0x30, 0x5a, 0x50, 0x2,
    0x55, 0x8, 0x4, 0xa6, 0x9c, 0x4, 0x22, 0xa0,
    0x4, 0x22, 0xa0, 0x6, 0x40, 0x84, 0x16, 0xa4,
    0x2, 0x20, 0x70, 0xc9, 0x20, 0x1a, 0x81, 0x0,
    0x1d, 0xe9, 0x80, 0x5, 0xbd, 0xc4, 0x0, 0x9e,
    0xe2, 0x0, 0x4c, 0x10, 0x6, 0x20, 0x0, 0x40,
    0xe, 0x1, 0xcd, 0xbf, 0xca, 0xfd, 0xfe, 0xc4,
    0x3c, 0xff, 0x74, 0x8c, 0x77, 0xfa, 0xc6, 0x3b,
    0xfd, 0x64, 0x1, 0x15, 0xff, 0x18, 0x19, 0x8,
    0x8, 0x7, 0xff, 0x61, 0x23, 0xc8, 0x20, 0x8,
    0x18, 0x3, 0xff, 0xac, 0xff, 0x6e, 0x21, 0x48,
    0x1a, 0x4, 0x1, 0xff, 0xd6, 0x30, 0x9, 0x75,
    0x40, 0xe, 0x0, 0x40, 0xf, 0xfe, 0xaa, 0xce,
    0x7d, 0x10, 0x4, 0x40, 0x3, 0x0, 0xff, 0xea,
    0x8b, 0x18, 0x7, 0xc8, 0x18, 0x1, 0xff, 0xdf,
    0xe7, 0x80, 0xf, 0xfe, 0xf0,

    /* U+FDF9 "ﷹ" */
    0x0, 0xff, 0xe2, 0xd7, 0xe0, 0x7, 0xff, 0x68,
    0xc0, 0x3f, 0xfb, 0xc2, 0x1, 0xff, 0xda, 0x10,
    0xf, 0xfe, 0xf1, 0x80, 0x7f, 0xf6, 0xbc, 0x3,
    0xff, 0xbc, 0x20, 0x1f, 0xfc, 0x21, 0x45, 0x30,
    0xf, 0xfe, 0x40, 0x80, 0x7f, 0xf0, 0x8a, 0xfa,
    0xeb, 0x30, 0x20, 0x1f, 0xfc, 0x63, 0x0, 0xf8,
    0xc0, 0x39, 0xb5, 0x0, 0x31, 0xd0, 0x7, 0xff,
    0x24, 0x40, 0x25, 0xce, 0x0, 0xa2, 0x40, 0xab,
    0xf9, 0x41, 0x4, 0xc, 0x40, 0x3f, 0xf9, 0x38,
    0xa, 0x0, 0x77, 0x2, 0xea, 0x80, 0xc0, 0x0,
    0xc3, 0xb8, 0xc0, 0x1e, 0x85, 0x0, 0xfc, 0x80,
    0x13, 0x80, 0x4b, 0x0, 0xd4, 0x1, 0xac, 0x0,
    0x45, 0x2, 0x0, 0x79, 0xeb, 0xed, 0xd9, 0x90,
    0x0, 0xb7, 0x6b, 0x10, 0x4c, 0xa0, 0x1c, 0x56,
    0x79, 0xe6, 0x7, 0x7, 0x0, 0x10, 0x7, 0xa,
    0x80, 0x12, 0x26, 0x44, 0x2, 0x28, 0x94, 0x7,
    0x3, 0x0, 0xd, 0x52, 0x61, 0x84, 0x1a, 0x0,
    0xc0, 0x3f, 0xd, 0x71, 0x80, 0x63, 0xbc, 0x40,
    0x1, 0x4c, 0x6b, 0x98, 0x80, 0x61, 0x47, 0xd9,
    0x0, 0x18, 0x1, 0x40, 0x3e, 0x17, 0x4, 0xff,
    0x62, 0x15, 0xff, 0xb5, 0x80, 0xa3, 0x3b, 0xff,
    0x75, 0xc1, 0x0, 0x48, 0x0, 0xa9, 0x31, 0x0,
    0x13, 0x62, 0x6, 0x0, 0x7f, 0xf3, 0x86, 0x80,
    0xd, 0x9d, 0xfe, 0xd9, 0x30, 0x57, 0x0, 0xff,
    0xe7, 0xae, 0x20, 0x7, 0xc9, 0x74, 0x1, 0xff,
    0xd1, 0x3b, 0xec, 0xaa, 0x5e, 0xfd, 0xa0, 0x7,
    0xff, 0x40,

    /* U+FDFA "ﷺ" */
    0x0, 0xc6, 0xc8, 0x1, 0xff, 0xc7, 0x4f, 0x50,
    0xf, 0xfe, 0x2, 0x0, 0x79, 0x20, 0x6c, 0x2c,
    0x2, 0xc0, 0x9, 0xb7, 0x40, 0x1e, 0x3d, 0x0,
    0xfe, 0x74, 0xd, 0x90, 0x8, 0xf2, 0x81, 0xc0,
    0x46, 0x56, 0x10, 0x1d, 0x46, 0x5, 0xc7, 0xf,
    0xd1, 0x0, 0xf2, 0x30, 0x80, 0x89, 0x54, 0x99,
    0x8b, 0x0, 0x43, 0x83, 0x0, 0xf, 0x8, 0x80,
    0x22, 0xf, 0x8, 0x92, 0x0, 0x64, 0x26, 0x2e,
    0x21, 0x30, 0xce, 0xad, 0x26, 0xe0, 0x5c, 0x70,
    0x0, 0x73, 0x11, 0x84, 0x40, 0x22, 0x44, 0x2d,
    0x1e, 0x72, 0xe8, 0x81, 0xfb, 0xc0, 0x2f, 0x9c,
    0xbf, 0x44, 0x0, 0x61, 0xbb, 0x0, 0x2a, 0x18,
    0x30, 0xe, 0xeb, 0xd5, 0x18, 0xd4, 0x41, 0xa,
    0xc4, 0x30, 0xdf, 0x57, 0x37, 0x51, 0x5d, 0x3d,
    0x51, 0xba, 0x84, 0xa5, 0x1, 0x59, 0xd9, 0xcd,
    0xd4, 0x5e, 0xc2, 0x53, 0x64, 0xee, 0xa9, 0x0,
    0xae, 0x54, 0x6a, 0xc0, 0xcc, 0xe1, 0x64, 0x65,
    0xe3, 0x1c, 0x41, 0x21, 0x5c, 0x35, 0x60, 0x5c,
    0xe9, 0x7, 0x62, 0x64, 0x95, 0x40, 0x7d, 0xc0,
    0xbb, 0xdc, 0x37, 0x81, 0xc9, 0xe6, 0x60, 0x81,
    0x0, 0x36, 0x5d, 0xf4, 0xca, 0xf2, 0xf3, 0xfa,
    0xc3, 0x13, 0x41, 0xc0, 0x3a, 0x67, 0xd5, 0x34,
    0x60, 0x37, 0xc8, 0x10, 0x1, 0xd3, 0x3e, 0xa9,
    0x90, 0x80, 0xdb, 0x0,

    /* U+FDFB "ﷻ" */
    0x0, 0xf9, 0xa0, 0xb0, 0x3, 0xff, 0x87, 0x46,
    0x60, 0x31, 0xd, 0x0, 0xff, 0xe1, 0x38, 0x8,
    0x7, 0x4e, 0xe2, 0x0, 0x7e, 0x31, 0x10, 0x9,
    0x80, 0x8a, 0x77, 0x6a, 0x10, 0xf, 0xe3, 0x0,
    0xf8, 0x64, 0x34, 0xc0, 0x38, 0x4d, 0xc0, 0x33,
    0xb0, 0xb, 0x5f, 0x61, 0x80, 0x7e, 0x10, 0x8,
    0x73, 0x14, 0x17, 0xcc, 0x1, 0xef, 0x11, 0x0,
    0x74, 0x65, 0xb0, 0x5b, 0x0, 0x78, 0x40, 0xe,
    0x6, 0x6, 0x17, 0xb8, 0xe0, 0x1c, 0x4a, 0x0,
    0xf3, 0x0, 0x84, 0x1, 0x7b, 0xa1, 0xc9, 0x11,
    0x46, 0x60, 0xc, 0x40, 0x40, 0x58, 0x18, 0x51,
    0xb5, 0xb8, 0x2f, 0xb4, 0xc0, 0x21, 0x0, 0xb1,
    0xef, 0x78, 0x65, 0x1c, 0x7e, 0x30, 0x40, 0x4c,
    0xc, 0x1e, 0x65, 0x79, 0x4c, 0x5a, 0x0, 0x5e,
    0xe3, 0x80, 0x98, 0x7, 0x78, 0x7, 0x10, 0x6,
    0x19, 0x96, 0xd0, 0x38, 0x39, 0x8, 0x80, 0x3f,
    0xca, 0x55, 0x7, 0x2a, 0xe0, 0x8a, 0x1, 0xff,
    0x62, 0xcf, 0xf7, 0x29, 0x90, 0x40, 0x3f, 0xe7,
    0xb4, 0xce, 0xa6, 0xa9, 0x0, 0xff, 0xe0, 0xef,
    0x6e, 0xc1, 0x80, 0x1f, 0xc0,

    /* U+FDFC "﷼" */
    0x0, 0xff, 0x1f, 0xf8, 0xd3, 0xfc, 0x40, 0x1f,
    0xfc, 0x51, 0x0, 0x3b, 0x80, 0x2, 0x1, 0xff,
    0xc5, 0x30, 0x8, 0x40, 0x31, 0x8, 0x7, 0xff,
    0x26, 0x7b, 0x7a, 0x80, 0x3f, 0xf8, 0x22, 0x0,
    0x13, 0x0, 0x28, 0x80, 0x16, 0x0, 0x3f, 0x39,
    0x0, 0x79, 0xc0, 0x3, 0x5f, 0x0, 0x80, 0x1f,
    0x34, 0x60, 0x80, 0x68, 0x90, 0x4, 0x28, 0x3e,
    0xe0, 0x7, 0xd2, 0x10, 0x20, 0x18, 0x80, 0x3e,
    0x19, 0x80, 0xe, 0x40, 0x3, 0x0, 0xc, 0x2,
    0x90, 0x0, 0x80, 0x48, 0xce, 0x0, 0x10, 0x1,
    0x0, 0x4, 0x51, 0x80, 0x7, 0x61, 0xf, 0x0,
    0x94, 0x0, 0x61, 0xbc, 0xaa, 0x0, 0x77, 0x1c,
    0x3, 0xfe, 0x21, 0x6, 0x13, 0x11, 0x1b, 0x0,
    0x45, 0x44, 0x1, 0x18, 0x10, 0x6, 0x30, 0x37,
    0x0, 0x20, 0x4e, 0xde, 0xe9, 0x4c, 0x38, 0x18,
    0x15, 0xd1, 0x10, 0x40, 0x5c, 0x4, 0x1, 0x12,
    0x10, 0x0, 0x40, 0x83, 0x80, 0x11, 0x76, 0x70,
    0x24, 0x0, 0x18, 0x7, 0xca, 0x0, 0x50, 0x59,
    0x30, 0x8, 0x9b, 0x3, 0x40, 0x5c, 0x3, 0x86,
    0x1, 0x44, 0x0, 0xd9, 0xff, 0x6c, 0x88, 0x28,
    0x84, 0x5b, 0x22, 0xc7, 0x90, 0x40, 0x7, 0x8c,
    0x4, 0xc0, 0x2c, 0x10, 0x49, 0xba, 0x71, 0xb,
    0x20, 0xe, 0xbc, 0x7c, 0xc2, 0x80, 0xb, 0xa1,
    0x4, 0x0, 0x4f, 0xc8, 0x1, 0xe2, 0x3, 0x71,
    0x60,

    /* U+FDFD "﷽" */
    0x0, 0xff, 0xff, 0x80, 0x7f, 0xff, 0xc0, 0x3f,
    0xff, 0xe0, 0x1f, 0xfc, 0xf9, 0xfc, 0x10, 0xf,
    0xfe, 0xf9, 0xef, 0xb0, 0x7, 0xe1, 0x6b, 0xf2,
    0x0, 0xf5, 0x7d, 0x80, 0x7f, 0xff, 0xc0, 0x3f,
    0xfe, 0xe, 0x5c, 0x24, 0x1, 0xff, 0xde, 0x2d,
    0x99, 0x68, 0x7, 0xe4, 0x18, 0xf2, 0x0, 0xe9,
    0xe, 0x52, 0x0, 0xff, 0xff, 0x80, 0x7f, 0xf9,
    0x92, 0x8c, 0x3, 0x9e, 0x13, 0xdc, 0xc0, 0x3f,
    0xfa, 0xa4, 0xf2, 0x1, 0xec, 0x1a, 0xbf, 0x0,
    0xfc, 0x8d, 0x6b, 0x0, 0x1a, 0x19, 0x7d, 0xc8,
    0x3, 0xff, 0xfe, 0x1, 0xff, 0xe4, 0x5e, 0x8d,
    0x20, 0xe, 0x7f, 0xf7, 0x50, 0x7, 0xff, 0x57,
    0x31, 0xda, 0x1, 0xee, 0xfe, 0xd4, 0x0, 0xfd,
    0x8, 0xc2, 0x40, 0x1a, 0x3f, 0xdd, 0x20, 0x1f,
    0xff, 0xf0, 0xf, 0xff, 0x2a, 0x76, 0x39, 0x0,
    0x5f, 0x80, 0xe, 0xe0, 0x7, 0xff, 0x31, 0x7a,
    0xd0, 0x3, 0xdd, 0xc9, 0x70, 0xa, 0x3d, 0x41,
    0xbd, 0xc0, 0x3f, 0xbe, 0x96, 0xbc, 0x7, 0xf0,
    0x1, 0xfa, 0x1, 0xff, 0xff, 0x0, 0xe8, 0xea,
    0x10, 0xf, 0xfe, 0xe9, 0x26, 0x27, 0x80, 0x61,
    0x0, 0x84, 0x3, 0xff, 0x98, 0xbe, 0x18, 0x1,
    0xe5, 0x49, 0x84, 0x0, 0x78, 0x18, 0x7, 0xff,
    0x5, 0xbe, 0xf9, 0x40, 0x21, 0x0, 0x8c, 0x3,
    0xff, 0xfe, 0x1, 0xdb, 0xa4, 0x70, 0xf, 0xfe,
    0xea, 0x10, 0xcd, 0x80, 0x63, 0x0, 0x18, 0x7,
    0xff, 0x35, 0x6b, 0xa0, 0x3, 0xd2, 0x4e, 0xca,
    0x1, 0x84, 0xc, 0x3c, 0x3, 0xfc, 0x7a, 0xe0,
    0x1, 0x0, 0xff, 0xff, 0x80, 0x7f, 0xdf, 0xeb,
    0x60, 0xf, 0xfe, 0xea, 0x5d, 0xb5, 0xc0, 0x30,
    0x80, 0x7f, 0x17, 0x38, 0x7, 0xff, 0x11, 0x6d,
    0x40, 0x3e, 0x4a, 0xfd, 0x10, 0x0, 0x80, 0x7f,
    0xcf, 0xca, 0x0, 0x72, 0xd0, 0xc, 0x60, 0x1,
    0x10, 0x7, 0xff, 0xfc, 0x3, 0xab, 0x14, 0x3,
    0xff, 0xbc, 0x7a, 0xc0, 0x1c, 0x20, 0x1c, 0x20,
    0x18, 0x45, 0xe0, 0x1f, 0xfc, 0xea, 0xc1, 0x0,
    0xf7, 0x80, 0x42, 0x1, 0xb, 0xd0, 0x98, 0x1,
    0xc0, 0x40, 0x30, 0x80, 0x7f, 0xff, 0xc0, 0x3f,
    0xf9, 0x22, 0x1, 0xe3, 0x30, 0x7, 0xff, 0xc,
    0xd0, 0xc4, 0x3, 0xff, 0x82, 0x60, 0x10, 0x80,
    0x78, 0xfe, 0x0, 0x33, 0x70, 0x7, 0xf8, 0x91,
    0x4, 0x1, 0xff, 0xc1, 0x30, 0x8, 0x40, 0x32,
    0xf4, 0x10, 0x8, 0x7, 0xff, 0x0, 0xc0, 0x3e,
    0x33, 0x0, 0x7f, 0xff, 0xc0, 0x3e, 0x1f, 0xf0,
    0x6, 0x6e, 0xcc, 0x28, 0x6, 0x12, 0x0, 0xf8,
    0xf2, 0xf3, 0xad, 0x0, 0x39, 0x68, 0x3, 0xc2,
    0x1, 0x18, 0x7, 0xf1, 0x1, 0x80, 0x43, 0x5f,
    0xa8, 0x1, 0x45, 0xdb, 0x7a, 0x4, 0x3, 0xc,
    0x30, 0x7, 0x8, 0x4, 0x60, 0x94, 0x30, 0xe1,
    0xe0, 0x1, 0x7, 0x0, 0x84, 0x3, 0xf9, 0x7b,
    0x30, 0xe0, 0x1f, 0xff, 0xc1, 0x10, 0x1, 0xbd,
    0x40, 0x2, 0x62, 0x40, 0xa, 0x91, 0x40, 0x80,
    0xc, 0xfa, 0xc0, 0x1e, 0x35, 0x52, 0xa, 0x5f,
    0x60, 0x5, 0xea, 0xc0, 0x10, 0x80, 0x4e, 0x1,
    0xfe, 0x9d, 0x56, 0x20, 0x6, 0x2a, 0x15, 0x8,
    0x3, 0xd5, 0x46, 0x2f, 0xda, 0xc0, 0x3, 0x78,
    0x0, 0x84, 0xc, 0x1c, 0x2, 0xf0, 0xd7, 0xd0,
    0xc, 0x60, 0x20, 0x11, 0x80, 0x70, 0x80, 0x22,
    0x85, 0x2, 0x0, 0x3f, 0xfe, 0xf1, 0xe6, 0x0,
    0xde, 0x0, 0x10, 0x10, 0x4, 0x80, 0xe1, 0xa,
    0x1b, 0x6e, 0x4a, 0x1, 0x60, 0x10, 0x7, 0xd5,
    0x4b, 0xea, 0x1, 0x31, 0x0, 0x48, 0x50, 0x7,
    0x18, 0x7, 0x19, 0x0, 0x77, 0x86, 0x1e, 0x4,
    0x95, 0x5c, 0x8c, 0x0, 0x16, 0xa9, 0x9c, 0x60,
    0x5e, 0x0, 0x24, 0x14, 0x0, 0xff, 0x38, 0x30,
    0x4, 0x20, 0x1f, 0xe1, 0x1, 0x0, 0x99, 0xc2,
    0xed, 0x20, 0xc0, 0x1f, 0xff, 0x64, 0x2, 0x0,
    0x10, 0x80, 0x1c, 0x34, 0x2, 0xe0, 0x22, 0x38,
    0x2, 0xc6, 0x42, 0x4, 0xd, 0x40, 0xc0, 0x3f,
    0x12, 0xd5, 0x6, 0x78, 0x40, 0x6, 0x6, 0x60,
    0x0, 0x81, 0x80, 0x80, 0x86, 0xe0, 0x7, 0x20,
    0x39, 0x1, 0xb0, 0x78, 0xb0, 0x31, 0x80, 0x47,
    0x18, 0x6b, 0x92, 0x1, 0x60, 0x78, 0x0, 0x80,
    0xc0, 0x40, 0x41, 0x2, 0xbe, 0x81, 0x0, 0x4,
    0x4, 0x60, 0x3, 0x1, 0x0, 0x8c, 0x64, 0x1,
    0xc2, 0xc1, 0x2, 0x1, 0xff, 0xf4, 0x33, 0x1,
    0x82, 0x88, 0x4, 0xa0, 0xa4, 0x0, 0xf0, 0x1a,
    0x9, 0x26, 0xee, 0x1, 0x77, 0xe0, 0x2, 0x3f,
    0xdd, 0xdb, 0xfd, 0xb4, 0xaf, 0xcc, 0x20, 0x1e,
    0xcf, 0xf1, 0x10, 0x40, 0x31, 0x8a, 0x0, 0x71,
    0x0, 0xef, 0x60, 0xa, 0xf7, 0x80, 0x33, 0xfe,
    0xc7, 0x1c, 0xa3, 0x0, 0xf2, 0x7f, 0xa4, 0x30,
    0x3, 0xa2, 0x6, 0x48, 0x5, 0xfd, 0x80, 0xc,
    0xef, 0x13, 0x0, 0x38, 0x1, 0xc1, 0xd1, 0x7b,
    0xc0, 0x7b, 0xfb, 0xbf, 0x7f, 0x77, 0xef, 0xee,
    0xfd, 0xfd, 0xdf, 0xbf, 0xbb, 0xf7, 0xf7, 0x7e,
    0xfe, 0xef, 0xdf, 0x80, 0xd, 0xea, 0x1, 0xfe,
    0x92, 0xd, 0xff, 0x30, 0x21, 0x82, 0x6b, 0x8,
    0x32, 0x80, 0x9, 0xf0, 0xc0, 0x2, 0x38, 0x5,
    0x27, 0xa0, 0x3, 0xc8, 0x4, 0x40, 0x2, 0x78,
    0x0, 0xc1, 0xd8, 0x8, 0x3, 0xe1, 0x31, 0x13,
    0xf3, 0x88, 0x23, 0x88, 0x0, 0x9a, 0xf0, 0xc0,
    0x3d, 0x60, 0x80, 0x2, 0x85, 0x3, 0x7, 0x0,
    0x3e, 0x6d, 0xd8, 0xc0, 0x44, 0xf0, 0x23, 0x27,
    0x0, 0x61, 0xc0, 0xcb, 0x71, 0x4, 0x60, 0x0,
    0x8f, 0xe0, 0x11, 0xfc, 0x2, 0x3f, 0x80, 0x47,
    0xf0, 0x8, 0xfe, 0x1, 0x1f, 0xc0, 0x23, 0xf8,
    0x6, 0x24, 0x46, 0x97, 0x1, 0x3f, 0xa2, 0x0,
    0x26, 0x13, 0x81, 0x84, 0xf7, 0xcd, 0x7f, 0xb6,
    0xf, 0x3f, 0xfe, 0xeb, 0x61, 0x0, 0xf1, 0x50,
    0x46, 0xff, 0xac, 0x80, 0x13, 0xe8, 0x20, 0x60,
    0x1c, 0x80, 0x99, 0xfd, 0x1, 0x1d, 0xf7, 0x1d,
    0xfe, 0xd9, 0x40, 0xf, 0xa0, 0xca, 0xff, 0xda,
    0xe0, 0x1, 0xfc, 0x0, 0xf2, 0x6f, 0xfb, 0xa1,
    0xfb, 0xfa, 0xc8, 0x1, 0x7e, 0x60, 0x7, 0x8,
    0xef, 0xb9, 0xff, 0xff, 0xfa, 0xf3, 0xb7, 0x7f,
    0x34, 0x7f, 0xb0, 0x97, 0x7f, 0xd6, 0x60, 0xe0,
    0x40, 0xb5, 0xe4, 0x1, 0x18, 0x88, 0xc0, 0x3f,
    0x8a, 0x36, 0x40, 0x26, 0xc1, 0x55, 0x0, 0x7f,
    0x90, 0x52, 0x4, 0x5, 0x68, 0x24, 0x3, 0xff,
    0x92, 0x56, 0xe1, 0xc0, 0x1f, 0xfc, 0x23, 0x8d,
    0x80, 0xf, 0xfe, 0x19, 0x83, 0x2, 0x57, 0x98,
    0x7, 0xff, 0xfc, 0x3, 0xe4, 0x0, 0x10, 0x34,
    0x4e, 0xe1, 0x0, 0xf, 0x2e, 0xd8, 0x40, 0x1f,
    0x16, 0xc, 0x48, 0x2, 0xa4, 0x5a, 0x80, 0x3f,
    0xf8, 0x14, 0xf, 0xdf, 0xd4, 0x32, 0x60, 0x1f,
    0xfc, 0x83, 0xd4, 0x2c, 0x30, 0xf, 0xfe, 0x8,
    0xf0, 0xcc, 0x80, 0x3f, 0xf8, 0x7c, 0x4, 0xf0,
    0x58, 0x60, 0x1f, 0xff, 0xf0, 0xf, 0x4d, 0xa0,
    0x78, 0x6c, 0x63, 0x98, 0x4, 0x6d, 0xdc, 0x62,
    0x0, 0xf8, 0xba, 0x54, 0x2, 0xf5, 0xc9, 0x0,
    0xff, 0xe0, 0xa7, 0x4b, 0x2a, 0xa3, 0x98, 0x3,
    0xff, 0x92, 0x69, 0x1a, 0x60, 0x1f, 0xfc, 0x21,
    0xd9, 0x40, 0xf, 0xfe, 0x21, 0x6, 0xbe, 0x41,
    0x80, 0x7f, 0xff, 0xc0, 0x3e, 0xa5, 0x50, 0x28,
    0x18, 0x7, 0xe9, 0x44, 0x48, 0x7, 0xff, 0xd,
    0x68, 0xc0, 0x3f, 0xf8, 0x62, 0xd3, 0x56, 0xa2,
    0x1, 0xff, 0xcb, 0xb7, 0x0, 0xff, 0xec, 0x20,
    0x38, 0x7, 0xff, 0xfc, 0x3, 0xfe, 0x3a, 0x43,
    0x30, 0x20, 0x7, 0xff, 0x8d, 0xf3, 0x94, 0x3,
    0xff, 0xe4, 0x24, 0x41, 0x0, 0xff, 0xff, 0x80,
    0x7f, 0x15, 0xff, 0x0, 0x2f, 0x40, 0x3f, 0xfc,
    0x43, 0xd1, 0xee, 0x1, 0xff, 0xf3, 0x9d, 0x10,
    0xf, 0xff, 0xf8, 0x7, 0xf1, 0xf7, 0xd9, 0x80,

    /* U+FDFE "﷾" */
    0x0, 0xfe, 0x1d, 0x20, 0x27, 0x60, 0xc, 0x94,
    0xc0, 0x1d, 0x10, 0x0, 0xff, 0x55, 0x0, 0x84,
    0x38, 0x58, 0x3, 0x2f, 0x60, 0x7, 0x21, 0x0,
    0x7d, 0xe6, 0x1d, 0xc0, 0xd, 0x8c, 0x1, 0xc4,
    0x4a, 0x0, 0xe4, 0x60, 0xf, 0x20, 0x38, 0x2a,
    0x84, 0x1c, 0x3, 0xf1, 0xb0, 0x7, 0x38, 0xe8,
    0x8, 0x1, 0x29, 0xc0, 0x41, 0xfc, 0x0, 0x21,
    0x9f, 0xd0, 0x20, 0x11, 0x0, 0x73, 0xc0, 0x86,
    0xc0, 0x5e, 0x90, 0x18, 0x20, 0x90, 0x5, 0xf7,
    0x62, 0xea, 0x0, 0x7b, 0x80, 0x35, 0x82, 0x70,
    0x2d, 0x41, 0x23, 0x83, 0x4, 0x40, 0x22, 0xc1,
    0x20, 0xd5, 0x3, 0x13, 0x2f, 0x13, 0x21, 0x12,
    0xb8, 0xf9, 0x85, 0xee, 0x3a, 0xf6, 0x19, 0x9d,
    0xbb, 0x96, 0x79, 0xd, 0xd8, 0x6f, 0xd8, 0x71,
    0xc6, 0xbc, 0xec, 0x0, 0x23, 0x8d, 0xcd, 0xc0,
    0x9d, 0xcc, 0x7d, 0x9b, 0xf6, 0x6e, 0x76, 0x6e,
    0x76, 0x77, 0x33, 0x60, 0x3, 0x88, 0xc8, 0x2,
    0x23, 0x30, 0x6, 0x13, 0x20, 0x13, 0x20, 0x13,
    0x0, 0x19, 0x0, 0x7f, 0xc8, 0xc0, 0xc8, 0x1,
    0x16, 0x80, 0x7f, 0xf2, 0xf2, 0xc3, 0x74, 0x1,
    0x16, 0x80, 0x77, 0xb7, 0x1, 0x3c, 0x0, 0x7f,
    0xde, 0x1, 0xff, 0xc2, 0xc6, 0xc0, 0x44, 0x40,
    0x7, 0xfc, 0x26, 0x2, 0x60, 0x1c, 0xdb, 0xf4,
    0x7, 0x6c, 0xc, 0x60, 0x1f, 0xfc, 0x11, 0x3,
    0x10, 0xc, 0x93, 0x14, 0xa6, 0xd, 0x81, 0x5f,
    0x40, 0x1, 0x0, 0xfc, 0x60, 0x13, 0x80, 0x65,
    0x1e, 0x10, 0x20, 0x72, 0x54, 0xa5, 0x40, 0x6c,
    0x0, 0x9a, 0xc, 0x8, 0x0, 0x24, 0x20, 0x10,
    0xda, 0x5b, 0x0, 0x88, 0x34, 0x94, 0xf0, 0x35,
    0x40, 0x23, 0x6c, 0xf8, 0x60, 0xb1, 0xef, 0xfd,
    0x46, 0x66, 0xee, 0x2c, 0xe1, 0xf9, 0x80, 0x4,
    0xc0, 0x25, 0xa0, 0xbe, 0x90, 0x3f, 0xcc, 0xef,
    0xcc, 0x76, 0x63, 0x8d, 0x3a, 0xc3, 0x83, 0x15,
    0x84, 0x12, 0xd, 0x4, 0x3, 0x19, 0xf0, 0x4,
    0x26, 0x60, 0x0, 0xa4, 0x8b, 0x3, 0xb4, 0xf7,
    0xdb, 0x68, 0x7, 0xff, 0x1e, 0xa8, 0x38, 0x1,
    0x4f, 0x66, 0x3e, 0x84, 0x3, 0xff, 0x8f, 0x5d,
    0x84, 0x0,

    /* U+FDFF "﷿" */
    0x0, 0xff, 0xe0, 0x9c, 0x0, 0x7f, 0xf1, 0x99,
    0x2c, 0x3, 0xff, 0x82, 0xba, 0x1, 0x33, 0x98,
    0x7, 0xff, 0x5, 0x78, 0x3, 0xff, 0x90, 0x60,
    0x14, 0x7f, 0x8c, 0x3, 0xff, 0x80, 0x34, 0x20,
    0x6f, 0x16, 0x60, 0x1f, 0xfc, 0x1, 0x46, 0x6,
    0x7, 0x40, 0xf, 0xfe, 0x3, 0x52, 0x50, 0xa1,
    0x64, 0xf0, 0x80, 0x7f, 0x85, 0xc0, 0xbb, 0x84,
    0x6b, 0x20, 0x4f, 0x0, 0x1f, 0x9, 0x2d, 0xe6,
    0x37, 0xf1, 0xc5, 0xe, 0x0, 0x3c, 0x3a, 0xc,
    0x84, 0x64, 0x1, 0x99, 0x0, 0x3e, 0x16, 0x9,
    0x2e, 0xfd, 0x72, 0x0, 0x57, 0xe0, 0x0, 0x40,
    0x34, 0x0, 0xa, 0xee, 0x9d, 0x75, 0x4a, 0x36,
    0xd, 0x70, 0x8, 0x41, 0xd0, 0x72, 0xce, 0x57,
    0x4c, 0x4b, 0xc0, 0xcc, 0x1, 0x10, 0x55, 0xd8,
    0xe3, 0x58, 0xac, 0x2c, 0x84, 0xb, 0xc4, 0xa,
    0xdb, 0x7f, 0xad, 0xc0, 0x23, 0xe5, 0xa, 0xf,
    0x7e, 0xfd, 0x79, 0x0, 0x93, 0x40, 0x2a, 0xc7,
    0xc2, 0x2, 0xce, 0xdf, 0xa0, 0xc, 0x9c, 0x1,
    0x46, 0xe8, 0xc0,

    /* U+FE70 "ﹰ" */
    0x0, 0x85, 0x90, 0x5f, 0x3a, 0x44, 0xad, 0x2e,
    0xcc, 0x74, 0x77, 0x66, 0x38, 0x2a, 0xe5, 0x3e,
    0x95, 0x10,

    /* U+FE71 "ﹱ" */
    0x0, 0x95, 0xc0, 0x26, 0xbf, 0xae, 0x0, 0xb4,
    0xae, 0xde, 0x1, 0x79, 0xd5, 0xe0, 0x5, 0x1,
    0x1d, 0x40, 0x16, 0x53, 0x8, 0x7, 0xff, 0x61,
    0x15, 0x78, 0x82, 0x6a, 0xbb, 0x40, 0x80, 0x39,
    0x40,

    /* U+FE72 "ﹲ" */
    0x0, 0xd7, 0xf2, 0x1, 0x95, 0x56, 0xc4, 0x7d,
    0xc2, 0x5, 0x1, 0x3b, 0x2, 0x3f, 0x13, 0x4,
    0x19, 0x20, 0xa0, 0x0, 0xaa, 0xa7, 0xd0, 0x0,

    /* U+FE73 "ﹳ" */
    0x9, 0x91, 0x0, 0x66, 0x63, 0x80, 0x48, 0x0,
    0x40, 0x8, 0x80, 0x2, 0x1, 0xe1, 0x0, 0x94,
    0x1, 0x0, 0x11, 0x98, 0x1b, 0x5d, 0x3, 0x48,
    0xa, 0x38, 0x7, 0x64, 0xc4, 0x0,

    /* U+FE74 "ﹴ" */
    0x0, 0xfc, 0x71, 0xac, 0x5d, 0x88, 0xa8, 0x77,
    0x94, 0x68, 0x71, 0x90, 0x48, 0x15, 0xbd, 0x24,

    /* U+FE76 "ﹶ" */
    0x0, 0xc8, 0x60, 0xd7, 0xf6, 0xc7, 0x5, 0x5c,
    0xa7, 0xd2, 0xa2, 0x0,

    /* U+FE77 "ﹷ" */
    0x0, 0x8d, 0x80, 0x24, 0xae, 0xcc, 0x0, 0x50,
    0x11, 0xd4, 0x1, 0x65, 0x30, 0x80, 0x7f, 0xf6,
    0x11, 0x57, 0x88, 0x26, 0xab, 0xb4, 0x8, 0x3,
    0x94, 0x0,

    /* U+FE78 "ﹸ" */
    0x0, 0x47, 0xe0, 0x81, 0x3d, 0x8b, 0x81, 0x80,
    0x80, 0x65, 0xa0, 0x68, 0xe4, 0x7d, 0x9, 0xee,
    0x40, 0x0,

    /* U+FE79 "ﹹ" */
    0x0, 0x4f, 0xe0, 0x7, 0x13, 0x58, 0xb0, 0x6,
    0x30, 0x13, 0x30, 0x7, 0x2d, 0x1a, 0x80, 0x53,
    0xc8, 0xfa, 0x1, 0xa3, 0xb9, 0x0, 0x1c, 0x22,
    0x0, 0xff, 0xeb, 0xa2, 0xaf, 0x10, 0x2, 0x6a,
    0xbb, 0x40, 0x4, 0x1, 0xca, 0x0,

    /* U+FE7A "ﹺ" */
    0x0, 0xfc, 0x71, 0xac, 0x5d, 0x88, 0xa8, 0x77,
    0xd9, 0x4,

    /* U+FE7B "ﹻ" */
    0x45, 0x5e, 0x20, 0x9a, 0xae, 0xd0, 0x20, 0xe,
    0x50, 0xff, 0xf5, 0x0, 0x49, 0x3d, 0x0, 0x1,
    0xfb, 0x28, 0x90, 0x0, 0xdf, 0xdb, 0x8, 0x0,

    /* U+FE7C "ﹼ" */
    0x0, 0xe2, 0x0, 0x14, 0x37, 0x2d, 0x3a, 0x11,
    0x42, 0x47, 0x6e, 0x88, 0x8d, 0xd4, 0x9e, 0xf1,
    0x10, 0x0,

    /* U+FE7D "ﹽ" */
    0x0, 0xe2, 0x0, 0xe1, 0x93, 0xd0, 0x8, 0xf4,
    0xd8, 0x40, 0x40, 0xe, 0xe, 0x1a, 0x62, 0x0,
    0x52, 0xab, 0xdc, 0x0, 0x87, 0xb8, 0x84, 0x1,
    0xc2, 0x20, 0xf, 0xfe, 0xb2, 0x2a, 0xf1, 0x0,
    0x26, 0xab, 0xb4, 0x0, 0x40, 0x1c, 0xa0,

    /* U+FE7E "ﹾ" */
    0x0, 0xf4, 0xfd, 0x81, 0xbd, 0xaa, 0x31, 0x29,
    0x92, 0xf, 0x3, 0xe, 0xec, 0x0,

    /* U+FE7F "ﹿ" */
    0x0, 0xfe, 0xaf, 0x90, 0xc, 0xaf, 0x6c, 0x60,
    0x11, 0xb2, 0x8b, 0x80, 0x4e, 0xbc, 0x48, 0x1,
    0xf, 0x6e, 0x0, 0x78, 0x80, 0x3f, 0xfb, 0x28,
    0xab, 0xc4, 0x13, 0x55, 0xda, 0x4, 0x1, 0xca,
    0x0,

    /* U+FE80 "ﺀ" */
    0x0, 0xc6, 0x40, 0x1c, 0xff, 0x9b, 0x20, 0x13,
    0x40, 0x5, 0xe0, 0x15, 0x1, 0xf7, 0xb0, 0x4,
    0x21, 0x62, 0x1, 0xce, 0x16, 0x0, 0x34, 0x0,
    0x58, 0x9f, 0x6e, 0x48, 0x1c, 0x98, 0x9, 0x1,
    0x95, 0xb9, 0x0, 0x16, 0xf8, 0xa8, 0x9a, 0xfe,
    0x90, 0x0,

    /* U+FE81 "ﺁ" */
    0x0, 0xfe, 0x6f, 0xf4, 0x12, 0x90, 0x53, 0xcb,
    0x6d, 0x38, 0x64, 0x37, 0x5e, 0xa8, 0x4, 0x22,
    0x42, 0x0, 0xd5, 0xd4, 0x1, 0xc2, 0x1, 0xfc,
    0x20, 0x1c, 0x60, 0x1f, 0xce, 0x1, 0xff, 0xc1,
    0x10, 0x10, 0xf, 0xfe, 0xf, 0x81, 0x80, 0x7f,
    0xf0, 0x44, 0x3, 0xf8, 0x40, 0x3f, 0xc0,

    /* U+FE82 "ﺂ" */
    0x0, 0x84, 0x88, 0x20, 0x19, 0xbf, 0xb7, 0x5c,
    0xc0, 0x12, 0xdd, 0xd5, 0x6e, 0x1, 0x1a, 0x24,
    0xa8, 0x20, 0x1d, 0x7f, 0x40, 0x1f, 0x8, 0x8,
    0x7, 0xff, 0x14, 0xc1, 0xc0, 0x3e, 0x10, 0x10,
    0xf, 0xfe, 0x2f, 0x81, 0x80, 0x7f, 0x8, 0x7,
    0xc2, 0x1, 0xfc, 0x60, 0x1f, 0xfc, 0x1, 0x0,
    0xf0, 0x80, 0x8, 0x3, 0xcc, 0x0, 0xf6, 0x50,
    0xc, 0x44, 0x3, 0x9a, 0x70, 0xd, 0x8a, 0x20,
    0x3,

    /* U+FE83 "ﺃ" */
    0x0, 0xe3, 0xef, 0x50, 0x82, 0xb4, 0x2, 0x16,
    0x50, 0xf2, 0xdb, 0x2e, 0x6a, 0xf2, 0x88, 0x20,
    0x5, 0x5d, 0x40, 0x1, 0x0, 0xf0, 0x80, 0xc,
    0x3, 0xce, 0x1, 0xf0, 0x80, 0x80, 0x7d, 0xe0,
    0x60, 0x1f, 0x8, 0x7, 0x84, 0x3, 0xc0,

    /* U+FE84 "ﺄ" */
    0x0, 0xfc, 0x5b, 0xec, 0x1, 0xa0, 0x2d, 0xc0,
    0x31, 0x1b, 0x10, 0x6, 0xd1, 0xdc, 0x30, 0x8,
    0x96, 0x78, 0xc0, 0x27, 0xa6, 0x10, 0xe, 0xbf,
    0xa0, 0xe, 0x10, 0x10, 0xf, 0xfe, 0x9, 0x83,
    0x80, 0x70, 0x80, 0x80, 0x7f, 0xf0, 0x7c, 0xc,
    0x3, 0xe1, 0x0, 0xe1, 0x0, 0xf8, 0xc0, 0x3f,
    0xc2, 0x1, 0x84, 0x0, 0x40, 0x19, 0x80, 0x1e,
    0xca, 0x0, 0x22, 0x1, 0xcd, 0x38, 0x3, 0x14,
    0x40, 0x6,

    /* U+FE85 "ﺅ" */
    0x0, 0xff, 0xe0, 0x4f, 0xe0, 0x7, 0x1b, 0x4f,
    0x80, 0x7c, 0x46, 0x1, 0xc6, 0x6b, 0xd8, 0x0,
    0xc8, 0x60, 0xf8, 0x1, 0x93, 0x3e, 0x90, 0x3,
    0x85, 0x98, 0x20, 0x19, 0x76, 0x65, 0xe4, 0x0,
    0x2a, 0x0, 0x87, 0xc0, 0x16, 0x5, 0xd2, 0x4,
    0x80, 0xe1, 0x62, 0xc2, 0x18, 0x1, 0x52, 0xa8,
    0x0, 0x20, 0x80, 0x75, 0x41, 0x0, 0xa9, 0x84,
    0x4, 0x1, 0xe0, 0x9, 0xef, 0x40, 0x3, 0x80,
    0xd, 0xf5, 0x42, 0x4, 0xff, 0x20, 0x81, 0xdc,
    0x4, 0x1, 0x25, 0xc0, 0x0, 0x66, 0xfa, 0xd0,
    0x2,

    /* U+FE86 "ﺆ" */
    0x0, 0xff, 0xe1, 0xcf, 0xe0, 0x7, 0xe3, 0x69,
    0xf0, 0xf, 0xf1, 0x18, 0x80, 0x7c, 0x66, 0xbe,
    0x80, 0xf, 0x8c, 0xc4, 0xd6, 0x1, 0xf1, 0xf6,
    0xc1, 0x0, 0x7e, 0x36, 0x60, 0x80, 0x7c, 0xbb,
    0x32, 0xf3, 0x0, 0xe2, 0xa0, 0x8, 0x78, 0x3,
    0xac, 0xb, 0xa4, 0x9, 0x40, 0x33, 0x85, 0xb,
    0x8, 0x68, 0x7, 0xad, 0x50, 0xc0, 0xd1, 0x0,
    0x4, 0x3, 0xab, 0x20, 0x4b, 0xb2, 0x85, 0x30,
    0x80, 0x78, 0x58, 0x1, 0x3d, 0xea, 0x0, 0xef,
    0xe3, 0x0, 0x13, 0x6a, 0x84, 0x8, 0x4, 0x7f,
    0xb2, 0x40, 0xce, 0x1, 0x88, 0x2, 0x3b, 0x90,
    0xe, 0x19, 0xae, 0xc4, 0x0, 0xf0,

    /* U+FE87 "ﺇ" */
    0xbf, 0xa0, 0x0, 0x80, 0x78, 0x40, 0x6, 0x1,
    0xe7, 0x0, 0xf8, 0x40, 0x40, 0x3e, 0xf0, 0x30,
    0xf, 0x84, 0x3, 0xc2, 0x0, 0x30, 0xf, 0xe7,
    0x78, 0x0, 0x51, 0x0, 0x2, 0x77, 0xa0, 0x41,
    0x5a, 0x83, 0xa, 0x90, 0x69, 0x76, 0xe, 0xa4,
    0xf0, 0x80,

    /* U+FE88 "ﺈ" */
    0xbf, 0xa0, 0xc, 0x20, 0x20, 0x1f, 0xf1, 0x83,
    0x80, 0x61, 0x1, 0x0, 0xff, 0xbc, 0xc, 0x3,
    0xc2, 0x1, 0x84, 0x3, 0xc6, 0x1, 0xfc, 0x20,
    0x10, 0x80, 0x8, 0x2, 0x60, 0x7, 0xb2, 0x81,
    0x10, 0xe, 0x69, 0xc3, 0x14, 0x40, 0x6, 0x3,
    0x5d, 0xfe, 0x41, 0xdf, 0x70, 0xa, 0x4e, 0xd4,
    0x2, 0xf1, 0x60, 0xc, 0x61, 0xba, 0x50, 0x1,
    0xa4, 0x6a, 0x80, 0x0,

    /* U+FE89 "ﺉ" */
    0x0, 0xff, 0xe3, 0x16, 0xfa, 0x80, 0x7f, 0xf0,
    0x20, 0x2d, 0x0, 0x32, 0x67, 0xfb, 0x10, 0x0,
    0x60, 0x82, 0x1, 0x45, 0x98, 0x0, 0xdc, 0x1,
    0x45, 0xde, 0x40, 0xce, 0x9, 0x54, 0x63, 0x0,
    0x48, 0x2c, 0x90, 0x40, 0x3d, 0xaa, 0xa4, 0x2,
    0xbf, 0xb6, 0x4, 0x10, 0x80, 0xf, 0x5e, 0xa0,
    0x4, 0x20, 0x7, 0x0, 0xe1, 0x43, 0x0, 0xca,
    0x41, 0x1c, 0xe2, 0x0, 0x50, 0x2, 0x0, 0x6c,
    0x60, 0x18, 0xe4, 0x2, 0x0, 0xf8, 0x67, 0xa0,
    0x1, 0x0, 0x18, 0x40, 0x3c, 0x2e, 0x40, 0xe0,
    0xa0, 0xa, 0x0, 0xf0, 0xd1, 0x7, 0x81, 0x98,
    0x13, 0xa5, 0x95, 0xeb, 0x94, 0x1d, 0x0, 0x1a,
    0x60, 0x2d, 0x35, 0xa, 0x3, 0x30, 0x1, 0xe,
    0x52, 0x8, 0x0, 0x52, 0x79, 0x80, 0x20,

    /* U+FE8A "ﺊ" */
    0x0, 0xff, 0xe3, 0x9e, 0xfa, 0x80, 0x7f, 0xf0,
    0x64, 0x2d, 0x0, 0x3f, 0xf8, 0x26, 0xa, 0x40,
    0x1f, 0xfc, 0x1c, 0x2e, 0xc3, 0x0, 0xff, 0xe0,
    0x6a, 0x46, 0x98, 0x7, 0xfc, 0x73, 0x6e, 0x40,
    0x1f, 0xfc, 0xe, 0xe3, 0x0, 0x79, 0xd4, 0x3,
    0x88, 0x80, 0x80, 0x1e, 0x8a, 0xfb, 0x75, 0x27,
    0x0, 0x10, 0x7, 0x9, 0x0, 0x12, 0x2b, 0xcc,
    0x3, 0xf0, 0xee, 0x10, 0x4, 0x86, 0x0, 0x50,
    0xf, 0x8d, 0x81, 0x3e, 0x50, 0x1, 0x52, 0x62,
    0x0, 0x25, 0xb4, 0xc, 0x0, 0xd, 0x0, 0x1b,
    0x3b, 0xfd, 0xb4, 0x80, 0xae, 0x1, 0x2e, 0x20,
    0x7, 0xc9, 0x74, 0x1, 0xc7, 0x7d, 0x95, 0x4b,
    0xdf, 0xb4, 0x0, 0xc0,

    /* U+FE8B "ﺋ" */
    0xb, 0xf9, 0x6, 0x49, 0xa0, 0x30, 0x52, 0x17,
    0x1c, 0xe6, 0x73, 0x6b, 0x75, 0xd9, 0x40, 0x1,
    0x4e, 0x88, 0x1, 0x89, 0xc0, 0x88, 0x18, 0x0,
    0x50, 0x70, 0x7, 0x1, 0x0, 0x72, 0x3c, 0x1,
    0xcc, 0x8, 0x41, 0xa, 0x62, 0x0,

    /* U+FE8C "ﺌ" */
    0x0, 0xff, 0xe, 0x7c, 0x80, 0x73, 0x1d, 0xd8,
    0x3, 0x88, 0x1c, 0xc4, 0x3, 0x38, 0xe7, 0x38,
    0x6, 0x43, 0x6b, 0x60, 0xc, 0xdb, 0x28, 0x1,
    0xf4, 0xb0, 0x80, 0x71, 0x34, 0x98, 0x7, 0x38,
    0x0, 0x80, 0x3b, 0xc0, 0x3c, 0x92, 0xa0, 0xc,
    0x65, 0x19, 0x60, 0x10, 0x39, 0xab, 0x21, 0x6f,
    0x92, 0x0, 0x60,

    /* U+FE8D "ﺍ" */
    0xbf, 0xa0, 0x10, 0xe, 0x10, 0x30, 0xe, 0x70,
    0xe, 0x10, 0x10, 0xe, 0xf0, 0x30, 0xe, 0x10,
    0xe, 0x10, 0x30, 0xf, 0x9d, 0xe0,

    /* U+FE8E "ﺎ" */
    0xbf, 0xa0, 0xc, 0x20, 0x20, 0x1f, 0xf1, 0x83,
    0x80, 0x61, 0x1, 0x0, 0xff, 0xbc, 0xc, 0x3,
    0xc2, 0x1, 0x84, 0x3, 0xc6, 0x1, 0xfc, 0x20,
    0x10, 0x80, 0x8, 0x2, 0x60, 0x7, 0xb2, 0x81,
    0x10, 0xe, 0x69, 0xc3, 0x14, 0x40, 0x6,

    /* U+FE8F "ﺏ" */
    0x0, 0xff, 0xe2, 0x3e, 0x30, 0x2, 0xa0, 0x80,
    0x3f, 0xf8, 0x18, 0x7a, 0x2, 0xae, 0x20, 0x1f,
    0xfc, 0xd, 0x4, 0x5, 0x0, 0x18, 0x7, 0xff,
    0x1, 0x40, 0x4, 0x20, 0x1, 0x0, 0xff, 0xe0,
    0x10, 0x0, 0x44, 0x0, 0x80, 0xf, 0xfe, 0x4,
    0x0, 0x9, 0x4, 0x1b, 0xa9, 0xd9, 0x54, 0xcc,
    0x79, 0xcf, 0x60, 0x51, 0xc, 0x20, 0x15, 0x89,
    0xaa, 0x4c, 0xa1, 0x8c, 0x0, 0xd4, 0x0, 0x2d,
    0xa5, 0x21, 0x0, 0xc2, 0x48, 0xd3, 0xd2, 0x1,
    0xcb, 0x5b, 0xdf, 0xfb, 0xb6, 0xe5, 0x84, 0x3,
    0xff, 0xa6, 0x3d, 0x80, 0x1f, 0xfc, 0x55, 0x13,
    0x10, 0xf, 0xfe, 0x22, 0x4d, 0x88, 0x7, 0xe0,

    /* U+FE90 "ﺐ" */
    0x5, 0x30, 0xf, 0xfe, 0x55, 0x62, 0x0, 0x7f,
    0xf2, 0xc, 0x0, 0x80, 0x1f, 0xfc, 0x11, 0xb6,
    0x0, 0xcc, 0x1, 0xff, 0xc3, 0x2c, 0x49, 0x20,
    0x8, 0x40, 0x10, 0x1, 0xfe, 0x29, 0xd2, 0x0,
    0x18, 0x4, 0x82, 0xf, 0xd2, 0xec, 0xac, 0xc8,
    0xad, 0xd3, 0x0, 0x6d, 0x75, 0x20, 0xd1, 0x1,
    0x68, 0x9a, 0x99, 0x3a, 0x90, 0x1, 0xb6, 0x0,
    0xe2, 0xb8, 0xf, 0xa5, 0x48, 0x3, 0x9, 0x23,
    0xdf, 0xc9, 0x3d, 0x18, 0x1, 0x0, 0x26, 0xad,
    0xff, 0xdd, 0xb7, 0x8, 0x1, 0x97, 0x3f, 0xd0,
    0x1, 0xff, 0xd4, 0x4f, 0x90, 0xf, 0xfe, 0x4e,
    0x2, 0x0, 0x7f, 0xf2, 0x62, 0x1c, 0x1, 0xff,
    0xc1,

    /* U+FE91 "ﺑ" */
    0x0, 0xf1, 0x4f, 0x8, 0x1, 0x85, 0xc0, 0x88,
    0x18, 0x0, 0x50, 0x70, 0x7, 0x1, 0x0, 0x72,
    0x3c, 0x1, 0xcc, 0x8, 0x41, 0xa, 0x62, 0x7f,
    0x59, 0x80, 0x7d, 0x3e, 0x80, 0x4, 0xc, 0x0,
    0x7c, 0x40, 0x0,

    /* U+FE92 "ﺒ" */
    0x0, 0x9d, 0x0, 0x3c, 0x51, 0x64, 0x1, 0xce,
    0x0, 0x20, 0xe, 0xf0, 0xf, 0x24, 0x28, 0x2,
    0xd9, 0x46, 0x5c, 0x4, 0x12, 0x6a, 0xc8, 0x5b,
    0xe4, 0x80, 0x19, 0xfd, 0x22, 0xdb, 0xfe, 0x60,
    0xf, 0xf9, 0xbd, 0x80, 0x3d, 0x81, 0xa0, 0x1e,
    0xb8, 0xa0, 0xc,

    /* U+FE93 "ﺓ" */
    0x2, 0xeb, 0xd, 0xd0, 0x80, 0x1c, 0x50, 0x8b,
    0x0, 0x16, 0x6c, 0xaa, 0x86, 0x1, 0x32, 0x2,
    0xa8, 0x3, 0x98, 0xc0, 0x3c, 0x73, 0x8a, 0x1,
    0xca, 0x0, 0xa4, 0x0, 0xda, 0x1, 0x59, 0x0,
    0x1d, 0x6, 0x80, 0x10, 0x0, 0x90, 0xb5, 0xa0,
    0x51, 0x41, 0x5, 0x5, 0x0, 0x11, 0x0, 0x40,
    0x3c, 0x40, 0x34, 0xb6, 0x0, 0x34, 0x20, 0x5a,
    0x40, 0x70, 0x6, 0x28, 0x81, 0x44, 0x0,

    /* U+FE94 "ﺔ" */
    0x0, 0x17, 0x58, 0x6e, 0x84, 0x3, 0x9c, 0x50,
    0x8b, 0x0, 0x72, 0xcd, 0x95, 0x50, 0xc0, 0x3c,
    0xc8, 0xa, 0xa0, 0xf, 0xfe, 0x48, 0xff, 0x90,
    0x3, 0xe1, 0x70, 0x0, 0x80, 0x71, 0x57, 0x48,
    0x0, 0xc0, 0x32, 0x6a, 0x80, 0x61, 0x0, 0xd4,
    0x5, 0x7e, 0x20, 0x1c, 0xa2, 0x18, 0x80, 0x61,
    0xe0, 0x11, 0x80, 0x10, 0x0, 0x20, 0x20, 0x12,
    0x0, 0x2b, 0xfc, 0x60, 0xa0, 0x11, 0x50, 0x80,
    0x71, 0xcb, 0x10, 0x2f, 0x5d, 0x54, 0x0, 0x69,
    0xc0, 0x9, 0x15, 0x6c, 0x41, 0x4,

    /* U+FE95 "ﺕ" */
    0x0, 0xf8, 0x9c, 0x5, 0xc4, 0x3, 0xff, 0x85,
    0xf1, 0xb, 0x8a, 0x0, 0xff, 0xe1, 0x20, 0x66,
    0x3, 0x0, 0x3f, 0xf8, 0x53, 0xe8, 0xde, 0xe0,
    0x14, 0x73, 0x0, 0x2e, 0x48, 0x3, 0xff, 0x80,
    0x63, 0xa0, 0x28, 0xc2, 0x1, 0xff, 0xc0, 0xd0,
    0x40, 0x50, 0x1, 0x80, 0x7f, 0xf0, 0x10, 0x0,
    0x42, 0x0, 0x10, 0xf, 0xfe, 0x1, 0x80, 0x4,
    0x40, 0xb, 0x0, 0xff, 0x86, 0xc0, 0x4, 0x84,
    0xb, 0xd4, 0xec, 0xaa, 0x66, 0x3c, 0xe7, 0x28,
    0x28, 0x87, 0x90, 0xa, 0xc4, 0xd5, 0x26, 0x50,
    0xc6, 0x0, 0x6a, 0x0, 0x16, 0xd2, 0x90, 0x80,
    0x61, 0x24, 0x69, 0xe9, 0x0, 0x0,

    /* U+FE96 "ﺖ" */
    0x0, 0xf8, 0x5c, 0x81, 0x8c, 0x3, 0xff, 0x8d,
    0x10, 0xe5, 0x9c, 0x0, 0xff, 0xe3, 0x60, 0x23,
    0x8a, 0x80, 0x7f, 0xf1, 0x97, 0xe0, 0xba, 0x80,
    0x3f, 0xf8, 0x15, 0x4, 0x1, 0xff, 0xc8, 0x15,
    0x71, 0x0, 0xff, 0xe4, 0x28, 0x0, 0xc0, 0x3f,
    0xf8, 0x25, 0xd4, 0x20, 0x10, 0x80, 0x4, 0x3,
    0xff, 0x80, 0x98, 0x2a, 0x60, 0x10, 0x80, 0x20,
    0x3, 0xfc, 0x75, 0x62, 0x0, 0x30, 0x9, 0x4,
    0x1b, 0xa9, 0xd9, 0x59, 0x91, 0x5d, 0x8a, 0x1,
    0xb1, 0xd4, 0x83, 0x8, 0x5, 0x62, 0x6a, 0x64,
    0xea, 0x20, 0x6, 0xe8, 0x2, 0x8a, 0xe0, 0x2d,
    0xa5, 0x21, 0x0, 0x84, 0x91, 0xef, 0xe4, 0x5e,
    0x8c, 0x0, 0x80,

    /* U+FE97 "ﺗ" */
    0x4, 0x60, 0x27, 0x0, 0x5c, 0xaf, 0x44, 0x1,
    0x5, 0xd0, 0x30, 0x2f, 0x8a, 0x3d, 0x0, 0x3f,
    0x8a, 0xfc, 0x80, 0x23, 0x40, 0x50, 0x8, 0x4c,
    0x34, 0x3, 0x20, 0x38, 0x6, 0xe0, 0x20, 0xf,
    0xe4, 0x78, 0x4, 0x0, 0x4c, 0x8, 0x78, 0x0,
    0x85, 0x31, 0x0,

    /* U+FE98 "ﺘ" */
    0x2, 0xeb, 0xd, 0xd0, 0x6, 0x71, 0x42, 0x2c,
    0x1, 0x2c, 0xd9, 0x55, 0x8, 0x3, 0x32, 0x2,
    0xa8, 0x3, 0xca, 0xc4, 0x1, 0xf4, 0xca, 0x80,
    0x3e, 0x30, 0xd0, 0xf, 0x28, 0x7, 0xc9, 0x14,
    0x0, 0xb8, 0x64, 0x9, 0x70, 0x0, 0x89, 0xe6,
    0xcc, 0x85, 0x33, 0xa, 0x20, 0x44,

    /* U+FE99 "ﺙ" */
    0x0, 0xfe, 0xcd, 0x0, 0xff, 0xe2, 0x89, 0x90,
    0x80, 0x7f, 0xf1, 0x17, 0x30, 0xa0, 0x1f, 0xfc,
    0x38, 0xba, 0xa5, 0xc0, 0x7, 0xff, 0xb, 0x43,
    0xfc, 0x1a, 0x1, 0xff, 0xc2, 0x5f, 0x66, 0x7a,
    0x80, 0x51, 0xac, 0x0, 0xb9, 0x20, 0xf, 0xfe,
    0x1, 0x96, 0x80, 0xa3, 0x8, 0x7, 0xff, 0x3,
    0x41, 0x1, 0x40, 0x6, 0x1, 0xff, 0xc0, 0x50,
    0x1, 0x8, 0x0, 0x40, 0x3f, 0xf8, 0x4, 0x0,
    0x11, 0x0, 0x2c, 0x3, 0xfe, 0x1b, 0x0, 0x12,
    0x10, 0x2f, 0x53, 0xb2, 0xa9, 0x98, 0xf3, 0x9c,
    0xa0, 0xa2, 0x1e, 0x40, 0x2b, 0x13, 0x54, 0x99,
    0x43, 0x18, 0x1, 0xa8, 0x0, 0x5b, 0x4a, 0x42,
    0x1, 0x84, 0x91, 0xa7, 0xa4, 0x0,

    /* U+FE9A "ﺚ" */
    0x0, 0xfe, 0x8f, 0x30, 0xf, 0xfe, 0x49, 0x83,
    0x0, 0x7f, 0xf2, 0xe, 0x6d, 0x84, 0x3, 0xff,
    0x8c, 0x99, 0xe1, 0x9a, 0x1, 0xff, 0xc6, 0x61,
    0x76, 0x15, 0x0, 0xff, 0xe3, 0x17, 0x51, 0x74,
    0x80, 0x7f, 0xf0, 0x2a, 0x8, 0x3, 0xff, 0x90,
    0x2a, 0xe2, 0x1, 0xff, 0xc8, 0x50, 0x1, 0x80,
    0x7f, 0xf0, 0x4b, 0xa8, 0x40, 0x21, 0x0, 0x8,
    0x7, 0xff, 0x1, 0x30, 0x54, 0xc0, 0x21, 0x0,
    0x40, 0x7, 0xf8, 0xea, 0xc4, 0x0, 0x60, 0x12,
    0x8, 0x37, 0x53, 0xb2, 0xb3, 0x22, 0xbb, 0x14,
    0x3, 0x63, 0xa9, 0x6, 0x10, 0xa, 0xc4, 0xd4,
    0xc9, 0xd4, 0x40, 0xd, 0xd0, 0x5, 0x15, 0xc0,
    0x5b, 0x4a, 0x42, 0x1, 0x9, 0x23, 0xdf, 0xc8,
    0xbd, 0x18, 0x1, 0x0,

    /* U+FE9B "ﺛ" */
    0x0, 0x19, 0x0, 0x47, 0x98, 0x0, 0xb, 0xb3,
    0x10, 0x2a, 0xfc, 0xed, 0x4c, 0x14, 0xc1, 0xa3,
    0xce, 0x3c, 0xc0, 0x3e, 0x2b, 0xf2, 0x0, 0x1a,
    0x2, 0x0, 0x4, 0xc3, 0x0, 0x24, 0x7, 0x0,
    0xb8, 0x8, 0x3, 0xe4, 0x78, 0x4, 0x9, 0x81,
    0xf, 0x2, 0x14, 0xc4, 0x0,

    /* U+FE9C "ﺜ" */
    0x0, 0xc8, 0x1, 0xfa, 0x2e, 0x0, 0x3e, 0xd0,
    0xd0, 0xf, 0x6c, 0x74, 0x60, 0x6, 0x12, 0x2c,
    0x60, 0x18, 0x77, 0x47, 0x9a, 0x1, 0xc4, 0x40,
    0x32, 0x0, 0xf3, 0x41, 0x80, 0x7d, 0x4f, 0x60,
    0x1f, 0x18, 0x68, 0x7, 0x94, 0x0, 0x60, 0x19,
    0x22, 0x80, 0x11, 0x6, 0x40, 0x97, 0x0, 0x8,
    0x9e, 0x6c, 0xc8, 0x53, 0x30, 0xa2, 0x4, 0x40,

    /* U+FE9D "ﺝ" */
    0x3c, 0xff, 0x75, 0xa8, 0x7, 0xc6, 0x0, 0x14,
    0xae, 0x94, 0x10, 0x1, 0xb4, 0xca, 0x14, 0x44,
    0xd7, 0xde, 0x0, 0x96, 0x63, 0xd6, 0x18, 0x6,
    0x10, 0xc, 0x77, 0xa6, 0x2, 0xae, 0x1, 0xa3,
    0x10, 0x1b, 0x3a, 0xa0, 0x40, 0x14, 0xe0, 0xbd,
    0x26, 0x1, 0xce, 0xa1, 0x14, 0x20, 0x1e, 0x18,
    0x6, 0x70, 0xf, 0xce, 0x0, 0x80, 0x1, 0xf5,
    0x0, 0x6c, 0x4, 0x10, 0x5, 0x8a, 0x80, 0x61,
    0x1, 0x0, 0xa5, 0xec, 0x3, 0x8, 0x38, 0x4,
    0x30, 0x80, 0x1b, 0x0, 0x98, 0x3, 0xf9, 0x84,
    0x26, 0x90, 0x40, 0x6, 0xd6, 0x21, 0xa2, 0xb,
    0x7d, 0xfe, 0xc9, 0x46, 0x3, 0xf6, 0x0, 0xf9,
    0x50, 0x0, 0x33, 0xf9, 0x55, 0x6f, 0xd1, 0x80,

    /* U+FE9E "ﺞ" */
    0x3c, 0xff, 0x75, 0xa8, 0x7, 0xf8, 0xc0, 0x2,
    0x95, 0xd2, 0x82, 0x1, 0xc6, 0xd3, 0x28, 0x51,
    0x13, 0x5f, 0x78, 0x7, 0x4b, 0x31, 0xeb, 0xc,
    0x3, 0x8, 0x7, 0xc7, 0x7a, 0x60, 0x2, 0x70,
    0xf, 0xa3, 0x10, 0x1a, 0x40, 0x10, 0x20, 0x1d,
    0x4e, 0xb, 0xd2, 0xc0, 0x5b, 0xc, 0xa0, 0x7,
    0x50, 0x8a, 0x10, 0x4, 0x1, 0x3c, 0xd3, 0xc,
    0x3, 0x38, 0x6, 0x7a, 0x41, 0x1, 0x57, 0x0,
    0x40, 0x0, 0xfa, 0x81, 0x6f, 0xbf, 0x8f, 0x1,
    0x4, 0x1, 0x62, 0xa0, 0x1f, 0x8, 0x8, 0x5,
    0x2f, 0x60, 0x1f, 0x8, 0x38, 0x4, 0x30, 0x80,
    0x1f, 0x60, 0x13, 0x0, 0x7f, 0xf0, 0x18, 0x42,
    0x69, 0x4, 0x0, 0x6d, 0x62, 0x1, 0xb4, 0x41,
    0x6f, 0xbf, 0xd9, 0x28, 0xc0, 0x18, 0xfd, 0x80,
    0x3e, 0x54, 0x0, 0xe1, 0x9f, 0xca, 0xab, 0x7e,
    0x8c, 0x2,

    /* U+FE9F "ﺟ" */
    0xa, 0xff, 0x75, 0xb8, 0x80, 0x7e, 0x14, 0x8e,
    0xa4, 0x0, 0xaf, 0xfd, 0xd8, 0xe2, 0xb7, 0xee,
    0x2, 0x0, 0x13, 0x86, 0x0, 0xb8, 0x3, 0x9b,
    0x5c, 0xe, 0x6d, 0x1a, 0x33, 0xe4, 0x86, 0xb1,
    0x8a, 0x64, 0xe6, 0x3, 0x1c, 0xa0, 0x11, 0x1,
    0x35, 0x73, 0x80, 0x77, 0xfb, 0x65, 0x40, 0x3f,
    0xf8, 0xc, 0x80, 0x1f, 0xcb, 0x36, 0x1, 0xfc,
    0xe2, 0x60, 0x1c,

    /* U+FEA0 "ﺠ" */
    0xa, 0xff, 0x75, 0xb8, 0x80, 0x7f, 0xc2, 0x91,
    0xd4, 0x80, 0x1e, 0xbf, 0xf7, 0x63, 0x8a, 0xdf,
    0xb8, 0x6, 0x10, 0x0, 0x9c, 0x30, 0x5, 0xc0,
    0x1f, 0x9b, 0x5c, 0x1, 0x16, 0x1, 0x23, 0x46,
    0x7c, 0x90, 0x98, 0x4d, 0x32, 0x4, 0xc9, 0xcc,
    0x6, 0x3b, 0x82, 0x27, 0x9b, 0x32, 0x2, 0x6a,
    0xe7, 0x2, 0xc5, 0x10, 0x22, 0x7f, 0xb6, 0x54,
    0x3, 0x15, 0x77, 0xe8, 0x80, 0x61, 0x71, 0x0,
    0xff, 0xe0, 0x54, 0x58, 0x7, 0xff, 0x3, 0x3,
    0x0, 0x3f, 0x0,

    /* U+FEA1 "ﺡ" */
    0x2, 0x55, 0x20, 0x80, 0x7c, 0x9b, 0x54, 0xbe,
    0xc6, 0x10, 0xc, 0xc0, 0x1c, 0x73, 0xd7, 0xe,
    0x5, 0x9f, 0xee, 0xb7, 0x20, 0x47, 0x80, 0x1,
    0x80, 0x5, 0x84, 0xc0, 0x30, 0x80, 0x43, 0x3a,
    0xc2, 0x93, 0xbe, 0x20, 0x2, 0xf6, 0x6, 0xdb,
    0x62, 0x0, 0x87, 0x4, 0x59, 0x24, 0x1, 0xea,
    0x11, 0x61, 0x80, 0x7c, 0x68, 0x16, 0x40, 0x1f,
    0xac, 0x9, 0x40, 0x3f, 0x88, 0x1c, 0x3, 0xfc,
    0x20, 0x20, 0x1f, 0xe2, 0x4, 0x0, 0xff, 0x68,
    0x2, 0xc4, 0x3, 0xc2, 0x8, 0xa0, 0x9d, 0x4e,
    0xcc, 0x8c, 0xe3, 0xa, 0x50, 0x2, 0xc4, 0xc9,
    0xcc, 0x2c, 0x1, 0x58, 0xc4, 0x1, 0x1b, 0x5c,
    0x0,

    /* U+FEA2 "ﺢ" */
    0x2, 0x55, 0x20, 0x80, 0x7f, 0x93, 0x6a, 0x97,
    0xd8, 0xc2, 0x1, 0xf3, 0x0, 0x71, 0xcf, 0x5c,
    0x38, 0x6, 0x2c, 0xff, 0x75, 0xb9, 0x2, 0x3c,
    0x0, 0x71, 0x80, 0x5, 0x84, 0xc0, 0x30, 0x80,
    0x78, 0x67, 0x58, 0x48, 0x17, 0xc4, 0x3, 0x8b,
    0xd8, 0x1b, 0x78, 0x10, 0x40, 0x38, 0x70, 0x45,
    0x92, 0x46, 0x22, 0xf8, 0x65, 0x0, 0x50, 0x8b,
    0xc, 0x2, 0xb0, 0x17, 0x9a, 0x63, 0x40, 0xb2,
    0x0, 0xcb, 0x68, 0x20, 0x2b, 0x60, 0x4a, 0x1,
    0xe4, 0xbe, 0xfe, 0x32, 0x7, 0x0, 0xff, 0xe0,
    0x88, 0x8, 0x7, 0xff, 0x4, 0x81, 0x0, 0x3f,
    0xf8, 0x3a, 0x0, 0xb1, 0x0, 0xf0, 0x80, 0x64,
    0x50, 0x4e, 0xa7, 0x66, 0x46, 0x71, 0x80, 0x6a,
    0x50, 0x2, 0xc4, 0xc9, 0xcc, 0x2c, 0x3, 0xab,
    0x18, 0x80, 0x23, 0x6b, 0x80, 0x8,

    /* U+FEA3 "ﺣ" */
    0xa, 0xff, 0x75, 0xb8, 0x80, 0x7e, 0x14, 0x8e,
    0xa4, 0x0, 0xaf, 0xfd, 0xd8, 0xe2, 0xb7, 0xee,
    0x2, 0x0, 0x13, 0x86, 0x0, 0xb8, 0x3, 0x9b,
    0x5c, 0xe, 0x6d, 0x1a, 0x33, 0xe4, 0x86, 0xb1,
    0x8a, 0x64, 0xe6, 0x3, 0x1c, 0xa0, 0x11, 0x1,
    0x35, 0x73, 0x80, 0x70,

    /* U+FEA4 "ﺤ" */
    0xa, 0xff, 0x75, 0xb8, 0x80, 0x7f, 0xc2, 0x91,
    0xd4, 0x80, 0x1e, 0xbf, 0xf7, 0x63, 0x8a, 0xdf,
    0xb8, 0x6, 0x10, 0x0, 0x9c, 0x30, 0x5, 0xc0,
    0x1f, 0x9b, 0x5c, 0x1, 0x16, 0x1, 0x23, 0x46,
    0x7c, 0x90, 0x98, 0x4d, 0x32, 0x4, 0xc9, 0xcc,
    0x6, 0x3b, 0x82, 0x27, 0x9b, 0x32, 0x2, 0x6a,
    0xe7, 0x2, 0xc5, 0x10, 0x22, 0x0,

    /* U+FEA5 "ﺥ" */
    0x0, 0xe3, 0x92, 0x0, 0xff, 0x7b, 0x40, 0x7,
    0xf9, 0x3, 0x0, 0x3f, 0xd1, 0xec, 0x1, 0xe2,
    0x55, 0x20, 0x80, 0x7c, 0x9b, 0x54, 0xbe, 0xc6,
    0x10, 0xc, 0xc0, 0x1c, 0x73, 0xd7, 0xe, 0x5,
    0x9f, 0xee, 0xb7, 0x20, 0x47, 0x80, 0x1, 0x80,
    0x5, 0x84, 0xc0, 0x30, 0x80, 0x43, 0x3a, 0xc2,
    0x93, 0xbe, 0x20, 0x2, 0xf6, 0x6, 0xdb, 0x62,
    0x0, 0x87, 0x4, 0x59, 0x24, 0x1, 0xea, 0x11,
    0x61, 0x80, 0x7c, 0x68, 0x16, 0x40, 0x1f, 0xac,
    0x9, 0x40, 0x3f, 0x88, 0x1c, 0x3, 0xfc, 0x20,
    0x20, 0x1f, 0xe2, 0x4, 0x0, 0xff, 0x68, 0x2,
    0xc4, 0x3, 0xc2, 0x8, 0xa0, 0x9d, 0x4e, 0xcc,
    0x8c, 0xe3, 0xa, 0x50, 0x2, 0xc4, 0xc9, 0xcc,
    0x2c, 0x1, 0x58, 0xc4, 0x1, 0x1b, 0x5c, 0x0,

    /* U+FEA6 "ﺦ" */
    0x0, 0xe7, 0xf6, 0x0, 0xff, 0xe0, 0xd8, 0x68,
    0x7, 0xff, 0x7, 0xda, 0x40, 0x3f, 0xf8, 0x27,
    0x24, 0x1, 0xfc, 0x4a, 0xa4, 0x10, 0xf, 0xf2,
    0x6d, 0x52, 0xfb, 0x18, 0x40, 0x3e, 0x60, 0xe,
    0x39, 0xeb, 0x87, 0x0, 0xc5, 0x9f, 0xee, 0xb7,
    0x20, 0x47, 0x80, 0xe, 0x30, 0x0, 0xb0, 0x98,
    0x6, 0x10, 0xf, 0xc, 0xeb, 0x9, 0x2, 0xf8,
    0x80, 0x71, 0x7b, 0x3, 0x6f, 0x2, 0x8, 0x7,
    0xe, 0x8, 0xb2, 0x48, 0xc4, 0x5f, 0xc, 0xa0,
    0xa, 0x11, 0x61, 0x80, 0x56, 0x2, 0xf3, 0x4c,
    0x68, 0x16, 0x40, 0x19, 0x6d, 0x4, 0x5, 0x6c,
    0x9, 0x40, 0x3c, 0x97, 0xdf, 0xc6, 0x40, 0xe0,
    0x1f, 0xfc, 0x11, 0x1, 0x0, 0xff, 0xe0, 0x90,
    0x20, 0x7, 0xff, 0x7, 0x40, 0x16, 0x20, 0x1e,
    0x10, 0xc, 0x8a, 0x9, 0xd4, 0xec, 0xc8, 0xce,
    0x30, 0xd, 0x4a, 0x0, 0x58, 0x99, 0x39, 0x85,
    0x80, 0x75, 0x63, 0x10, 0x4, 0x6d, 0x70, 0x1,
    0x0,

    /* U+FEA7 "ﺧ" */
    0x0, 0x1c, 0x8, 0x7, 0xf7, 0x3d, 0x80, 0x7f,
    0x28, 0x60, 0x7, 0xf4, 0x7b, 0x0, 0x7f, 0xf2,
    0x2b, 0xfd, 0xd6, 0xe2, 0x1, 0xf8, 0x52, 0x3a,
    0x90, 0x2, 0xbf, 0xf7, 0x63, 0x8a, 0xdf, 0xb8,
    0x8, 0x0, 0x4e, 0x18, 0x2, 0xe0, 0xe, 0x6d,
    0x70, 0x39, 0xb4, 0x68, 0xcf, 0x92, 0x1a, 0xc6,
    0x29, 0x93, 0x98, 0xc, 0x72, 0x80, 0x44, 0x4,
    0xd5, 0xce, 0x1, 0xc0,

    /* U+FEA8 "ﺨ" */
    0x0, 0x4f, 0xa0, 0x7, 0xff, 0x1, 0x83, 0x0,
    0x3f, 0xf8, 0x16, 0xf2, 0x1, 0xff, 0xc0, 0x48,
    0x10, 0xf, 0xfe, 0x75, 0x7f, 0xba, 0xdc, 0x40,
    0x3f, 0xe1, 0x48, 0xea, 0x40, 0xf, 0x5f, 0xfb,
    0xb1, 0xc5, 0x6f, 0xdc, 0x3, 0x8, 0x0, 0x4e,
    0x18, 0x2, 0xe0, 0xf, 0xcd, 0xae, 0x0, 0x8b,
    0x0, 0x91, 0xa3, 0x3e, 0x48, 0x4c, 0x26, 0x99,
    0x2, 0x64, 0xe6, 0x3, 0x1d, 0xc1, 0x13, 0xcd,
    0x99, 0x1, 0x35, 0x73, 0x81, 0x62, 0x88, 0x11,
    0x0,

    /* U+FEA9 "ﺩ" */
    0x0, 0xff, 0xe1, 0xd, 0x48, 0x7, 0xd0, 0xac,
    0x80, 0x1e, 0x91, 0x8, 0x0, 0xfa, 0xc0, 0xd4,
    0x3, 0xca, 0x61, 0xc0, 0x1f, 0x50, 0x20, 0x80,
    0x78, 0xc0, 0x4, 0x13, 0x6e, 0xd1, 0x60, 0x2,
    0x16, 0x48, 0x97, 0x10, 0x71, 0x14, 0xa0, 0x80,
    0xe, 0xa0, 0x0,

    /* U+FEAA "ﺪ" */
    0x0, 0xff, 0xe2, 0x8d, 0x48, 0x7, 0xfa, 0x15,
    0x8c, 0x3, 0xfa, 0x4, 0x3c, 0x3, 0xf8, 0x60,
    0xd, 0x0, 0x3f, 0x98, 0x83, 0xc0, 0x3f, 0xd6,
    0x8, 0x20, 0x1f, 0xc6, 0x0, 0x60, 0xd, 0x34,
    0xea, 0xf6, 0x0, 0x88, 0x28, 0xb, 0x2c, 0x54,
    0x8, 0x8, 0x3d, 0x30, 0xca, 0x8, 0x0, 0xeb,
    0xd4, 0x0, 0xa0,

    /* U+FEAB "ﺫ" */
    0x0, 0xa3, 0xd4, 0x3, 0xe5, 0xf, 0x0, 0xfb,
    0x9a, 0x0, 0x3e, 0x39, 0x20, 0xf, 0xe3, 0x40,
    0xf, 0x9b, 0x28, 0x3, 0xe3, 0x1, 0x80, 0xf,
    0x2a, 0x3, 0x88, 0x7, 0xa4, 0x0, 0xc0, 0x1e,
    0x24, 0xa, 0x0, 0xfb, 0x80, 0x84, 0x3, 0xf8,
    0x82, 0xad, 0xda, 0x2c, 0x0, 0x42, 0xa9, 0x12,
    0xe2, 0x10, 0x22, 0x94, 0x10, 0x1, 0xd3, 0x80,

    /* U+FEAC "ﺬ" */
    0x0, 0x9f, 0xd8, 0x3, 0xfd, 0x61, 0xa0, 0x1f,
    0xef, 0x69, 0x0, 0xff, 0x1c, 0x90, 0x7, 0xff,
    0x0, 0xcc, 0x1, 0xfe, 0x6c, 0xe0, 0xf, 0xf1,
    0x81, 0x38, 0x7, 0xf2, 0x98, 0x48, 0x7, 0xfb,
    0xc0, 0x58, 0x3, 0xf8, 0xd0, 0x28, 0x3, 0xfd,
    0xa0, 0x62, 0x1, 0xfc, 0x60, 0x6, 0x0, 0xd5,
    0x6e, 0xaf, 0x60, 0x8, 0x82, 0x80, 0xaa, 0x45,
    0x40, 0x80, 0x83, 0xd3, 0xc, 0xa0, 0x80, 0xe,
    0xbd, 0x40, 0xa,

    /* U+FEAD "ﺭ" */
    0x0, 0xf0, 0x80, 0x73, 0xfc, 0x0, 0x76, 0x83,
    0x0, 0x74, 0x0, 0x14, 0x3, 0x11, 0x3, 0x40,
    0x39, 0x80, 0x40, 0x39, 0x80, 0x40, 0x32, 0x10,
    0x60, 0x4, 0x74, 0x4, 0x80, 0x7, 0xc1, 0xf,
    0x5, 0xf8, 0x1, 0xc2, 0x6, 0x0, 0x37, 0x98,
    0x0, 0xe7, 0xa4, 0x40, 0x20,

    /* U+FEAE "ﺮ" */
    0x0, 0xe1, 0x10, 0x7, 0xe9, 0xe8, 0x0, 0xff,
    0x30, 0x7, 0xeb, 0x0, 0x30, 0x7, 0xc4, 0x40,
    0xa0, 0xf, 0xcc, 0x7, 0x4c, 0x40, 0x1c, 0xc0,
    0x5, 0x9c, 0x0, 0xc8, 0x40, 0xe4, 0x8, 0x1,
    0x1d, 0x1, 0xc6, 0xfd, 0x0, 0xc6, 0x8, 0x70,
    0x6, 0x5e, 0x70, 0x1c, 0x20, 0xc, 0xc0, 0x6,
    0xe3, 0x0, 0xe3, 0xae, 0x90, 0xf, 0x80,

    /* U+FEAF "ﺯ" */
    0x0, 0xcb, 0x2, 0x1, 0xd4, 0xec, 0x1, 0xc8,
    0x8, 0x1, 0xd7, 0xe6, 0x1, 0xff, 0xc1, 0x18,
    0x50, 0xe, 0xd7, 0x80, 0xe, 0x90, 0x23, 0x0,
    0xca, 0x0, 0x40, 0xe, 0x30, 0xe0, 0xf, 0xfe,
    0x0, 0x98, 0x78, 0x6, 0xb0, 0x3, 0x80, 0x6,
    0xd4, 0x20, 0x4a, 0x39, 0x1, 0x5c, 0x11, 0xc0,
    0x11, 0x40, 0x6, 0x27, 0xe7, 0x0, 0xdb, 0x2,
    0x1, 0x80,

    /* U+FEB0 "ﺰ" */
    0x0, 0x87, 0x74, 0x20, 0x1f, 0x29, 0x14, 0x1,
    0xf2, 0x44, 0xc, 0x3, 0xf3, 0xb8, 0x3, 0xfe,
    0x10, 0xf, 0xcf, 0xd0, 0x1, 0xfb, 0x45, 0x80,
    0x3f, 0x40, 0x1, 0x40, 0x3e, 0x22, 0x7, 0x0,
    0x7e, 0x60, 0x4a, 0x62, 0x0, 0xe6, 0x0, 0x2c,
    0xe0, 0x6, 0x42, 0x7, 0x20, 0x40, 0x8, 0xe8,
    0xe, 0x37, 0xe8, 0x6, 0x30, 0x43, 0x80, 0x32,
    0xf3, 0x80, 0xe1, 0x0, 0x66, 0x0, 0x37, 0x18,
    0x7, 0x1d, 0x74, 0x80, 0x7c,

    /* U+FEB1 "ﺱ" */
    0x0, 0xff, 0xf1, 0x8c, 0x6a, 0x0, 0x7f, 0xf2,
    0x85, 0xcb, 0x40, 0x3f, 0xf8, 0x8, 0x60, 0x19,
    0x10, 0x1, 0x28, 0x20, 0x7, 0xfd, 0x97, 0x0,
    0x1a, 0x6d, 0x80, 0x18, 0x4, 0x0, 0x31, 0x0,
    0xfa, 0xc1, 0x40, 0x31, 0x1, 0x0, 0x14, 0x0,
    0x41, 0xdc, 0x60, 0xf, 0x20, 0xa, 0x0, 0x10,
    0x0, 0xc0, 0x1e, 0x22, 0x2, 0x80, 0x78, 0xc0,
    0x14, 0xcc, 0xa0, 0x4, 0xb3, 0x3c, 0x0, 0x4e,
    0x0, 0x30, 0xf, 0xe1, 0x99, 0x8, 0x1, 0x26,
    0x46, 0x10, 0x6, 0x1, 0xfc, 0x20, 0x4, 0x10,
    0x2a, 0xc3, 0x0, 0x14, 0xb8, 0x18, 0x1, 0x40,
    0x3c, 0xc0, 0xa, 0xef, 0xd5, 0x3c, 0xff, 0x6b,
    0x0, 0x10, 0x1, 0x4e, 0x20, 0x3, 0x98, 0x5,
    0x10, 0xf, 0xfe, 0x0, 0xd0, 0x2, 0x3b, 0xfd,
    0x8c, 0x5, 0x60, 0x1f, 0xfc, 0x25, 0xb3, 0x0,
    0xe1, 0x7d, 0x10, 0xf, 0xfe, 0x1a, 0x67, 0x5d,
    0x53, 0x3a, 0x0, 0x3f, 0xf8, 0x60,

    /* U+FEB2 "ﺲ" */
    0x0, 0xff, 0xe5, 0x25, 0xc8, 0x7, 0xff, 0xd,
    0xc, 0x3, 0x22, 0x0, 0x32, 0x20, 0x3, 0xff,
    0x85, 0x97, 0x20, 0x1a, 0x6d, 0x80, 0xe, 0x4,
    0x1, 0xc6, 0x20, 0x1f, 0x58, 0x20, 0x6, 0x20,
    0x20, 0xe, 0x20, 0xd, 0xdc, 0x60, 0xf, 0x20,
    0xa, 0x0, 0x10, 0x0, 0xc0, 0x7, 0x0, 0x28,
    0x4, 0x44, 0x5, 0x0, 0xf1, 0x80, 0x29, 0x99,
    0x40, 0x9, 0x66, 0x48, 0x2, 0x20, 0xa4, 0xe0,
    0x3, 0x0, 0xfe, 0x19, 0x90, 0x80, 0x12, 0x64,
    0x40, 0x60, 0xf5, 0xc6, 0x1, 0xfc, 0x20, 0x4,
    0x10, 0x2a, 0xc3, 0x0, 0x1d, 0xe3, 0x88, 0x21,
    0x80, 0x14, 0x3, 0xcc, 0x0, 0xae, 0xfd, 0x53,
    0xcf, 0xf6, 0x20, 0x47, 0x7c, 0x20, 0x2, 0x9c,
    0x40, 0x7, 0x30, 0xa, 0x20, 0x1f, 0xfc, 0x31,
    0xa0, 0x4, 0x77, 0xfb, 0x18, 0xa, 0xc0, 0x3f,
    0xf8, 0xab, 0x66, 0x1, 0xc2, 0xfa, 0x20, 0x1f,
    0xfc, 0x64, 0xce, 0xba, 0xa6, 0x74, 0x0, 0x7f,
    0xf1, 0x80,

    /* U+FEB3 "ﺳ" */
    0x0, 0xff, 0xe9, 0x25, 0x60, 0x7, 0xff, 0x8,
    0xd4, 0xc8, 0x2, 0x30, 0xe, 0x53, 0x0, 0x30,
    0x1, 0x0, 0x7, 0x9e, 0x1, 0x1d, 0x60, 0x0,
    0x48, 0x3c, 0x0, 0x80, 0x40, 0x12, 0x80, 0x80,
    0x48, 0x4, 0x0, 0xb0, 0x10, 0xb, 0x40, 0x80,
    0x23, 0x0, 0x24, 0x98, 0x1c, 0x2c, 0x20, 0x1c,
    0x2c, 0x28, 0x1c, 0xb0, 0x8, 0x3d, 0x38, 0x8,
    0x3d, 0x38, 0xc, 0x90, 0xb7, 0xb0, 0x80, 0x13,
    0xdc, 0x40, 0xb, 0x82,

    /* U+FEB4 "ﺴ" */
    0x0, 0xff, 0xe1, 0x45, 0xa0, 0x7, 0xc6, 0x1,
    0xca, 0x60, 0x11, 0x21, 0x80, 0x78, 0xf3, 0xc0,
    0x23, 0xac, 0x0, 0x8c, 0x38, 0x3, 0xc8, 0x4,
    0x1, 0x28, 0x8, 0x7, 0x10, 0x7, 0xac, 0x4,
    0x2, 0xd0, 0x20, 0x8, 0xc1, 0x4, 0x2, 0x49,
    0x30, 0x38, 0x58, 0x40, 0x38, 0x58, 0x50, 0x6,
    0x3a, 0x84, 0xb0, 0x8, 0x3d, 0x38, 0x8, 0x3d,
    0x38, 0x30, 0x94, 0x53, 0x10, 0xb7, 0xb0, 0x80,
    0xaf, 0xb0, 0x80, 0xbc, 0xea, 0x0, 0xa8,

    /* U+FEB5 "ﺵ" */
    0x0, 0xff, 0xe2, 0x4f, 0x98, 0x7, 0xff, 0x2d,
    0x41, 0x80, 0x3f, 0xf9, 0x7b, 0x6a, 0x1, 0xff,
    0xc9, 0x2e, 0xb7, 0xe9, 0x0, 0xff, 0xe4, 0x30,
    0xbb, 0xa, 0x80, 0x7f, 0xf2, 0x13, 0x30, 0xb9,
    0xa0, 0x10, 0x80, 0x7f, 0xf1, 0x4c, 0x40, 0xc4,
    0x7, 0x39, 0x40, 0x3f, 0xf9, 0x42, 0x41, 0xe0,
    0x1f, 0xf1, 0x3a, 0x80, 0x66, 0x61, 0x0, 0x1c,
    0x10, 0x3, 0xfe, 0xe8, 0xe0, 0xd, 0x72, 0x80,
    0xc, 0x1, 0x0, 0x21, 0x0, 0x7d, 0x60, 0x80,
    0x18, 0x80, 0x80, 0xc, 0x0, 0x20, 0xad, 0x60,
    0xf, 0x20, 0x1, 0x0, 0xa, 0x0, 0x60, 0xf,
    0x10, 0x82, 0x0, 0x78, 0xc0, 0x14, 0xcc, 0xb0,
    0x4, 0xb3, 0x3c, 0x4, 0x9c, 0x0, 0x40, 0x1f,
    0xc3, 0x32, 0x10, 0x2, 0x4c, 0x8c, 0x24, 0xc,
    0x3, 0xf8, 0x40, 0x8, 0x20, 0x55, 0x86, 0x0,
    0x39, 0x70, 0x30, 0x2, 0x80, 0x7a, 0x40, 0x15,
    0xdf, 0xaa, 0x79, 0xfe, 0xc6, 0x0, 0x28, 0x2,
    0x9c, 0x40, 0x7, 0x2e, 0xa, 0x20, 0x1f, 0xfc,
    0x1a, 0x0, 0x47, 0x7f, 0xb1, 0x80, 0xac, 0x3,
    0xff, 0x84, 0xb8, 0x60, 0x1c, 0x2f, 0xa2, 0x1,
    0xff, 0xc3, 0x3c, 0xeb, 0xaa, 0x67, 0x40, 0x7,
    0xff, 0xc,

    /* U+FEB6 "ﺶ" */
    0x0, 0xff, 0xe2, 0x4f, 0x98, 0x7, 0xff, 0x39,
    0x41, 0x80, 0x3f, 0xf9, 0xdb, 0x6a, 0x1, 0xff,
    0xcc, 0x2e, 0xb7, 0xe9, 0x0, 0xff, 0xe5, 0xb0,
    0xbb, 0xa, 0x80, 0x7f, 0xf2, 0xd3, 0x30, 0xb9,
    0xa0, 0x1f, 0xfc, 0xc3, 0x10, 0x31, 0x0, 0xff,
    0xe9, 0xaf, 0xe0, 0x7, 0xff, 0x8, 0x9d, 0x40,
    0x33, 0x30, 0x80, 0x2, 0x2, 0x1, 0xff, 0xc2,
    0xe8, 0xe0, 0xd, 0x72, 0x80, 0x7, 0x2, 0x0,
    0xe4, 0x20, 0xf, 0xac, 0x10, 0x3, 0x10, 0x10,
    0x7, 0x10, 0x6, 0xad, 0x60, 0xf, 0x20, 0x1,
    0x0, 0xa, 0x0, 0x60, 0x3, 0x80, 0x14, 0x2,
    0x21, 0x4, 0x0, 0xf1, 0x80, 0x29, 0x99, 0x60,
    0x9, 0x66, 0x48, 0x2, 0x20, 0xa4, 0xe0, 0x2,
    0x0, 0xfe, 0x19, 0x90, 0x80, 0x12, 0x64, 0x40,
    0x60, 0xf5, 0xc6, 0x1, 0xfc, 0x20, 0x4, 0x10,
    0x2a, 0xc3, 0x0, 0x1d, 0xe3, 0x88, 0x21, 0x80,
    0x14, 0x3, 0xd2, 0x0, 0xae, 0xfd, 0x53, 0xcf,
    0xf6, 0x20, 0x47, 0x7c, 0x28, 0x2, 0x9c, 0x40,
    0x7, 0x2e, 0xa, 0x20, 0x1f, 0xfc, 0x4a, 0x0,
    0x47, 0x7f, 0xb1, 0x80, 0xac, 0x3, 0xff, 0x8a,
    0xb8, 0x60, 0x1c, 0x2f, 0xa2, 0x1, 0xff, 0xc6,
    0x3c, 0xeb, 0xaa, 0x67, 0x40, 0x7, 0xff, 0x18,

    /* U+FEB7 "ﺷ" */
    0x0, 0xfc, 0x5d, 0x40, 0x1f, 0xfc, 0x26, 0x16,
    0x0, 0xff, 0xe1, 0x26, 0x68, 0x7, 0xff, 0x6,
    0xb8, 0x2f, 0x88, 0x3, 0xfe, 0x61, 0x77, 0xb,
    0x0, 0x7f, 0xdb, 0x89, 0x98, 0x40, 0x1, 0x0,
    0x7e, 0x13, 0x1, 0x30, 0x6e, 0xc0, 0xf, 0xfe,
    0x11, 0x88, 0x8c, 0x2, 0x62, 0x0, 0x86, 0x14,
    0x0, 0x80, 0x4, 0x0, 0x24, 0xe8, 0x4, 0xaf,
    0x40, 0x1, 0x30, 0xe0, 0x1, 0x81, 0x0, 0x46,
    0x2, 0x1, 0x28, 0x10, 0x2, 0xc0, 0x40, 0x2c,
    0x2, 0x0, 0x8c, 0x0, 0x92, 0x60, 0x70, 0xb2,
    0x80, 0x70, 0xb0, 0xa1, 0x92, 0xc0, 0x20, 0xf4,
    0xc0, 0x20, 0xf4, 0xe0, 0x2c, 0x42, 0xde, 0xc2,
    0x0, 0x4f, 0x71, 0x0, 0x2e, 0x8,

    /* U+FEB8 "ﺸ" */
    0x0, 0xfc, 0x9f, 0x0, 0x1f, 0xfc, 0x62, 0x3,
    0x0, 0xff, 0xe3, 0x35, 0xd0, 0x7, 0xff, 0x16,
    0xf9, 0x77, 0x42, 0x1, 0xff, 0xc3, 0x51, 0x22,
    0x8c, 0x3, 0xff, 0x87, 0x98, 0x3c, 0xc1, 0x0,
    0x7f, 0xf0, 0xc8, 0xc0, 0x8c, 0x3, 0xff, 0x97,
    0x7e, 0xc0, 0x1f, 0x31, 0x0, 0x43, 0xa, 0x1,
    0x8, 0x8, 0x7, 0x92, 0x74, 0x2, 0x57, 0xa0,
    0x8, 0xc3, 0x80, 0x3c, 0x60, 0x40, 0x11, 0x80,
    0x80, 0x72, 0x80, 0x7a, 0xc0, 0x40, 0x2c, 0x2,
    0x0, 0x8c, 0xc, 0x80, 0x24, 0x93, 0x3, 0x85,
    0x94, 0x3, 0x85, 0x85, 0x0, 0x7b, 0xa8, 0x4b,
    0x0, 0x83, 0xd3, 0x0, 0x83, 0xd3, 0x83, 0x9,
    0x45, 0x31, 0xb, 0x7b, 0x8, 0xa, 0xfb, 0x8,
    0xb, 0xce, 0xa0, 0xa, 0x80,

    /* U+FEB9 "ﺹ" */
    0x0, 0xff, 0xe4, 0x9a, 0xa0, 0x80, 0x7f, 0xf2,
    0x5b, 0x72, 0xaf, 0x98, 0x3, 0xff, 0x80, 0x86,
    0x1, 0x87, 0x24, 0x80, 0x34, 0xa0, 0x7, 0xfb,
    0x2e, 0x0, 0x22, 0xf3, 0x6, 0xdf, 0xc1, 0xe,
    0x3, 0x20, 0xf, 0x90, 0x14, 0x0, 0x3e, 0x22,
    0xb9, 0x20, 0x37, 0x1, 0xe, 0xd6, 0x0, 0xf6,
    0x0, 0xb0, 0x69, 0xe, 0x20, 0x4, 0x4e, 0x4,
    0x50, 0x20, 0x7, 0x90, 0x1, 0x3a, 0x60, 0xee,
    0x66, 0x45, 0xe8, 0x85, 0xb8, 0x0, 0x80, 0x3f,
    0xc4, 0x0, 0x6a, 0x99, 0x3a, 0x0, 0xd9, 0x18,
    0x7, 0xf0, 0x80, 0x26, 0x48, 0x40, 0x10, 0x92,
    0xd7, 0x20, 0x18, 0x1, 0x40, 0x3d, 0x20, 0x7,
    0x6b, 0xdf, 0xfb, 0xb6, 0x94, 0x2, 0x51, 0xa,
    0x72, 0x0, 0x1c, 0xb8, 0x30, 0x80, 0x7f, 0xf0,
    0xac, 0x1, 0x1b, 0xfe, 0xc6, 0x3, 0x90, 0xf,
    0xfe, 0x1a, 0xe1, 0x80, 0x70, 0xbe, 0x0, 0x7f,
    0xf1, 0x4f, 0x3a, 0xea, 0x99, 0xd0, 0x1, 0xff,
    0xc4,

    /* U+FEBA "ﺺ" */
    0x0, 0xff, 0xe4, 0x9a, 0xa0, 0x80, 0x7f, 0xf3,
    0x1b, 0x72, 0xaf, 0x98, 0x3, 0xff, 0x86, 0x66,
    0x0, 0xc3, 0x72, 0x40, 0x1a, 0x50, 0x3, 0xff,
    0x83, 0x98, 0x90, 0x8, 0x71, 0x1, 0x73, 0xf0,
    0x43, 0x80, 0x31, 0x8, 0x7, 0xc8, 0x8, 0x1,
    0x61, 0x5, 0x50, 0xc0, 0xdc, 0x4, 0x3, 0x7f,
    0x30, 0x7, 0xb0, 0x5, 0x82, 0x88, 0x2d, 0x40,
    0x22, 0x70, 0x20, 0x8, 0x88, 0xa, 0x1, 0xe4,
    0x0, 0x4e, 0xa8, 0x28, 0xb3, 0x22, 0xf4, 0x40,
    0xd9, 0x41, 0xc0, 0x6, 0x1, 0xfe, 0x20, 0x2,
    0xd4, 0xc9, 0xd0, 0x2, 0x59, 0xa7, 0x30, 0xf,
    0xe1, 0x0, 0x44, 0x10, 0x80, 0x21, 0x25, 0xab,
    0x62, 0x0, 0x19, 0x80, 0xa, 0x1, 0xe9, 0x0,
    0x33, 0xde, 0xff, 0xdd, 0xb4, 0xa9, 0x3b, 0xfe,
    0x44, 0x0, 0x29, 0xc8, 0x0, 0x72, 0xe0, 0xa2,
    0x1, 0xff, 0xc4, 0x1a, 0x0, 0x46, 0xff, 0xb1,
    0x80, 0xac, 0x3, 0xff, 0x8c, 0xb8, 0x60, 0x1c,
    0x2f, 0xa2, 0x1, 0xff, 0xc7, 0x3c, 0xeb, 0xaa,
    0x67, 0x40, 0x7, 0xff, 0x1c,

    /* U+FEBB "ﺻ" */
    0x0, 0xff, 0xe0, 0xa, 0x29, 0x0, 0x7f, 0xf0,
    0x4a, 0xfa, 0xeb, 0x6c, 0x40, 0x21, 0x30, 0xe,
    0x7d, 0x40, 0xc, 0x96, 0x1, 0x3e, 0x68, 0x5,
    0x30, 0x5, 0x5f, 0xca, 0xa, 0x1, 0x60, 0x38,
    0x2, 0x18, 0x1b, 0x54, 0x6, 0x40, 0x2, 0x0,
    0x50, 0x9, 0x9c, 0x1e, 0x40, 0x35, 0x0, 0x89,
    0x6c, 0x0, 0xb7, 0x20, 0x5a, 0xac, 0xf5, 0xcc,
    0x12, 0x10, 0x80, 0xe0, 0x80, 0x2, 0xaa, 0x4c,
    0x28, 0x83, 0xb8, 0xc, 0xaa, 0x35, 0xcc, 0x40,
    0x30, 0xa4, 0x6c, 0x0, 0x0,

    /* U+FEBC "ﺼ" */
    0x0, 0xff, 0xe0, 0xa, 0x29, 0x0, 0x7f, 0xf1,
    0xa, 0xfa, 0xeb, 0x6c, 0x40, 0x3c, 0x26, 0x1,
    0xcf, 0xa8, 0x1, 0x92, 0xc0, 0x3c, 0xf9, 0xa0,
    0x14, 0xc0, 0x15, 0x7f, 0x28, 0x28, 0x7, 0xb0,
    0x1c, 0x1, 0xc, 0xd, 0xaa, 0x3, 0x20, 0x1,
    0x0, 0xe5, 0x0, 0x99, 0xc1, 0xe4, 0x3, 0x50,
    0x8, 0x80, 0x25, 0xb0, 0x2, 0xdc, 0x81, 0x6a,
    0xb3, 0xd7, 0x30, 0x1b, 0xa9, 0x84, 0x20, 0x38,
    0x20, 0x0, 0xaa, 0x93, 0xa, 0x20, 0x2, 0x8a,
    0xc0, 0x32, 0xa8, 0xd7, 0x31, 0x0, 0xc2, 0x91,
    0xb2, 0x82, 0x8, 0x0,

    /* U+FEBD "ﺽ" */
    0x0, 0xff, 0xe4, 0xe7, 0x8, 0x7, 0xff, 0x2c,
    0x8c, 0x50, 0x3, 0xff, 0x96, 0x53, 0xa, 0x1,
    0xff, 0xcc, 0x67, 0x0, 0xff, 0xe6, 0x9a, 0xa0,
    0x80, 0x7f, 0xf2, 0x5b, 0x72, 0xaf, 0x98, 0x3,
    0xff, 0x80, 0x86, 0x1, 0x87, 0x24, 0x80, 0x34,
    0xa0, 0x7, 0xfb, 0x2e, 0x0, 0x22, 0xf3, 0x6,
    0xdf, 0xc1, 0xe, 0x3, 0x20, 0xf, 0x90, 0x14,
    0x0, 0x3e, 0x22, 0xb9, 0x20, 0x37, 0x1, 0xe,
    0xd6, 0x0, 0xf6, 0x0, 0xb0, 0x69, 0xe, 0x20,
    0x4, 0x4e, 0x4, 0x50, 0x20, 0x7, 0x90, 0x1,
    0x3a, 0x60, 0xee, 0x66, 0x45, 0xe8, 0x85, 0xb8,
    0x0, 0x80, 0x3f, 0xc4, 0x0, 0x6a, 0x99, 0x3a,
    0x0, 0xd9, 0x18, 0x7, 0xf0, 0x80, 0x26, 0x48,
    0x40, 0x10, 0x92, 0xd7, 0x20, 0x18, 0x1, 0x40,
    0x3d, 0x20, 0x7, 0x6b, 0xdf, 0xfb, 0xb6, 0x94,
    0x2, 0x51, 0xa, 0x72, 0x0, 0x1c, 0xb8, 0x30,
    0x80, 0x7f, 0xf0, 0xac, 0x1, 0x1b, 0xfe, 0xc6,
    0x3, 0x90, 0xf, 0xfe, 0x1a, 0xe1, 0x80, 0x70,
    0xbe, 0x0, 0x7f, 0xf1, 0x4f, 0x3a, 0xea, 0x99,
    0xd0, 0x1, 0xff, 0xc4,

    /* U+FEBE "ﺾ" */
    0x0, 0xff, 0xe4, 0xe7, 0x8, 0x7, 0xff, 0x38,
    0x8c, 0x50, 0x3, 0xff, 0x9c, 0x53, 0xa, 0x1,
    0xff, 0xcf, 0x67, 0x0, 0xff, 0xe8, 0x1a, 0xa0,
    0x80, 0x7f, 0xf3, 0x1b, 0x72, 0xaf, 0x98, 0x3,
    0xff, 0x86, 0x66, 0x0, 0xc3, 0x72, 0x40, 0x1a,
    0x50, 0x3, 0xff, 0x83, 0x98, 0x90, 0x8, 0x71,
    0x1, 0x73, 0xf0, 0x43, 0x80, 0x31, 0x8, 0x7,
    0xc8, 0x8, 0x1, 0x61, 0x5, 0x50, 0xc0, 0xdc,
    0x4, 0x3, 0x7f, 0x30, 0x7, 0xb0, 0x5, 0x82,
    0x88, 0x2d, 0x40, 0x22, 0x70, 0x20, 0x8, 0x88,
    0xa, 0x1, 0xe4, 0x0, 0x4e, 0xa8, 0x28, 0xb3,
    0x22, 0xf4, 0x40, 0xd9, 0x41, 0xc0, 0x6, 0x1,
    0xfe, 0x20, 0x2, 0xd4, 0xc9, 0xd0, 0x2, 0x59,
    0xa7, 0x30, 0xf, 0xe1, 0x0, 0x44, 0x10, 0x80,
    0x21, 0x25, 0xab, 0x62, 0x0, 0x19, 0x80, 0xa,
    0x1, 0xe9, 0x0, 0x33, 0xde, 0xff, 0xdd, 0xb4,
    0xa9, 0x3b, 0xfe, 0x44, 0x0, 0x29, 0xc8, 0x0,
    0x72, 0xe0, 0xa2, 0x1, 0xff, 0xc4, 0x1a, 0x0,
    0x46, 0xff, 0xb1, 0x80, 0xac, 0x3, 0xff, 0x8c,
    0xb8, 0x60, 0x1c, 0x2f, 0xa2, 0x1, 0xff, 0xc7,
    0x3c, 0xeb, 0xaa, 0x67, 0x40, 0x7, 0xff, 0x1c,

    /* U+FEBF "ﺿ" */
    0x0, 0xff, 0xe0, 0x2f, 0xc0, 0x7, 0xff, 0x13,
    0xc1, 0x0, 0x3f, 0xf8, 0x90, 0xde, 0x1, 0xff,
    0xc4, 0x29, 0x30, 0xf, 0xfe, 0x20, 0xa2, 0x90,
    0x7, 0xff, 0x4, 0xaf, 0xae, 0xb6, 0xc4, 0x2,
    0x13, 0x0, 0xe7, 0xd4, 0x0, 0xc9, 0x60, 0x13,
    0xe6, 0x80, 0x53, 0x0, 0x55, 0xfc, 0xa0, 0xa0,
    0x16, 0x3, 0x80, 0x21, 0x81, 0xb5, 0x40, 0x64,
    0x0, 0x20, 0x5, 0x0, 0x99, 0xc1, 0xe4, 0x3,
    0x50, 0x8, 0x96, 0xc0, 0xb, 0x72, 0x5, 0xaa,
    0xcf, 0x5c, 0xc1, 0x21, 0x8, 0xe, 0x8, 0x0,
    0x2a, 0xa4, 0xc2, 0x88, 0x3b, 0x80, 0xca, 0xa3,
    0x5c, 0xc4, 0x3, 0xa, 0x46, 0xc0, 0x0,

    /* U+FEC0 "ﻀ" */
    0x0, 0xff, 0xe0, 0x2f, 0xc0, 0x7, 0xff, 0x1f,
    0xc1, 0x0, 0x3f, 0xf8, 0xf0, 0xde, 0x1, 0xff,
    0xc7, 0x29, 0x30, 0xf, 0xfe, 0x38, 0xa2, 0x90,
    0x7, 0xff, 0x10, 0xaf, 0xae, 0xb6, 0xc4, 0x3,
    0xc2, 0x60, 0x1c, 0xfa, 0x80, 0x19, 0x2c, 0x3,
    0xcf, 0x9a, 0x1, 0x4c, 0x1, 0x57, 0xf2, 0x82,
    0x80, 0x7b, 0x1, 0xc0, 0x10, 0xc0, 0xda, 0xa0,
    0x32, 0x0, 0x10, 0xe, 0x50, 0x9, 0x9c, 0x1e,
    0x40, 0x35, 0x0, 0x88, 0x2, 0x5b, 0x0, 0x2d,
    0xc8, 0x16, 0xab, 0x3d, 0x73, 0x1, 0xba, 0x98,
    0x42, 0x3, 0x82, 0x0, 0xa, 0xa9, 0x30, 0xa2,
    0x0, 0x28, 0xac, 0x3, 0x2a, 0x8d, 0x73, 0x10,
    0xc, 0x29, 0x1b, 0x28, 0x20, 0x80,

    /* U+FEC1 "ﻁ" */
    0x0, 0x8b, 0xfc, 0x60, 0x1f, 0xfc, 0x3, 0x0,
    0x38, 0x7, 0xff, 0x40, 0x40, 0x2, 0x1, 0xff,
    0xd3, 0x30, 0xf, 0xfe, 0x18, 0x80, 0x46, 0xa8,
    0x1, 0xf0, 0x80, 0x4f, 0xd9, 0x57, 0xca, 0x1,
    0xf6, 0xe4, 0x8, 0x4, 0x34, 0x40, 0x18, 0xc1,
    0x4c, 0x1b, 0x7e, 0xc0, 0x14, 0x1, 0xf0, 0xdc,
    0x90, 0x22, 0x0, 0x40, 0x31, 0x80, 0xe2, 0x0,
    0x46, 0x81, 0xc7, 0xd, 0x42, 0xe, 0xe5, 0x68,
    0xcc, 0x0, 0xb2, 0x3c, 0xa8, 0x1, 0xaa, 0x92,
    0xe6, 0x5, 0x82, 0x22, 0x0, 0xf8, 0x49, 0xab,
    0x48, 0x0,

    /* U+FEC2 "ﻂ" */
    0x0, 0x8b, 0xfc, 0x60, 0x1f, 0xfc, 0x33, 0x0,
    0x38, 0x7, 0xff, 0x58, 0x40, 0x2, 0x1, 0xff,
    0xd9, 0x30, 0xf, 0xfe, 0x30, 0x80, 0x46, 0xa8,
    0x1, 0xfe, 0x10, 0x9, 0xfb, 0x2a, 0xf9, 0x40,
    0x3f, 0xdd, 0x90, 0x20, 0x10, 0xd1, 0x0, 0x7c,
    0x60, 0xc6, 0xd, 0xbf, 0x60, 0xa, 0x0, 0xff,
    0xae, 0x48, 0x11, 0x0, 0x20, 0x1f, 0xec, 0x40,
    0x8, 0xd0, 0x38, 0x2, 0x37, 0x69, 0x20, 0x56,
    0x6a, 0x33, 0x0, 0xe, 0x64, 0x4, 0x89, 0x60,
    0x2, 0xd4, 0xc9, 0xcc, 0x2, 0x69, 0xb4, 0x1,
    0x0, 0xf8, 0x49, 0xaa, 0x8a, 0x40, 0x2c,

    /* U+FEC3 "ﻃ" */
    0x6, 0xff, 0x0, 0x7f, 0xc6, 0x1, 0xff, 0xcf,
    0x10, 0x0, 0x80, 0x7f, 0xf3, 0x1c, 0x0, 0x60,
    0x1f, 0xfc, 0x54, 0x53, 0x0, 0xc2, 0x0, 0x10,
    0x8f, 0xba, 0xcd, 0x30, 0xe, 0x5d, 0x70, 0xc,
    0x5a, 0x0, 0x30, 0x4, 0x90, 0x3f, 0x7c, 0x80,
    0xa8, 0x7, 0x16, 0xc0, 0x83, 0x8, 0x10, 0x6,
    0x2c, 0x20, 0x9, 0x44, 0x8, 0xe8, 0x1, 0x4a,
    0xa6, 0x9c, 0xa0, 0x25, 0xe4, 0x0, 0x45, 0xd4,
    0xb1, 0x81, 0x78, 0x10, 0x7, 0xc4, 0xd7, 0xa4,
    0x0,

    /* U+FEC4 "ﻄ" */
    0x6, 0xff, 0x0, 0x7f, 0xf0, 0x8c, 0x3, 0xff,
    0xaa, 0x20, 0x1, 0x0, 0xff, 0xe9, 0x38, 0x0,
    0xc0, 0x3f, 0xf9, 0x8, 0xa6, 0x1, 0xf0, 0x80,
    0x4, 0x23, 0xee, 0xb3, 0x4c, 0x3, 0xf2, 0x73,
    0x80, 0x62, 0xd0, 0xe, 0x30, 0x4, 0x8, 0x47,
    0x7c, 0x80, 0xa8, 0x7, 0xe2, 0xd7, 0x10, 0x61,
    0x2, 0x0, 0xf8, 0xb0, 0x80, 0x25, 0x10, 0x20,
    0x9, 0x28, 0x0, 0xa8, 0xcf, 0x3b, 0x40, 0x2,
    0x64, 0x9, 0x40, 0x3, 0xd4, 0xc3, 0x10, 0x5,
    0x13, 0x64, 0x40, 0xf, 0x89, 0xaa, 0x50, 0x40,
    0x88,

    /* U+FEC5 "ﻅ" */
    0x0, 0x8b, 0xfc, 0x60, 0x1f, 0xfc, 0x3, 0x0,
    0x38, 0x7, 0xff, 0x1d, 0x3e, 0x40, 0x3c, 0x20,
    0x1, 0x0, 0xb4, 0x1c, 0x3, 0xff, 0x83, 0xf,
    0x40, 0x1f, 0xc6, 0x1, 0xc, 0x20, 0x7, 0xf0,
    0x80, 0x46, 0xa8, 0x1, 0xf0, 0x80, 0x4f, 0xd9,
    0x57, 0xca, 0x1, 0xf6, 0xe4, 0x8, 0x4, 0x34,
    0x40, 0x18, 0xc1, 0x4c, 0x1b, 0x7e, 0xc0, 0x14,
    0x1, 0xf0, 0xdc, 0x90, 0x22, 0x0, 0x40, 0x31,
    0x80, 0xe2, 0x0, 0x46, 0x81, 0xc7, 0xd, 0x42,
    0xe, 0xe5, 0x68, 0xcc, 0x0, 0xb2, 0x3c, 0xa8,
    0x1, 0xaa, 0x92, 0xe6, 0x5, 0x82, 0x22, 0x0,
    0xf8, 0x49, 0xab, 0x48, 0x0,

    /* U+FEC6 "ﻆ" */
    0x0, 0x8b, 0xfc, 0x60, 0x1f, 0xfc, 0x33, 0x0,
    0x38, 0x7, 0xff, 0x2b, 0x78, 0x40, 0x3f, 0x84,
    0x0, 0x20, 0x3, 0x21, 0x50, 0xf, 0xfe, 0x19,
    0xcc, 0x20, 0x7, 0xff, 0x0, 0xc0, 0x26, 0x70,
    0xf, 0xfe, 0x8, 0x80, 0x46, 0xa8, 0x1, 0xfe,
    0x10, 0x9, 0xfb, 0x2a, 0xf9, 0x40, 0x3f, 0xdd,
    0x90, 0x20, 0x10, 0xd1, 0x0, 0x7c, 0x60, 0xc6,
    0xd, 0xbf, 0x60, 0xa, 0x0, 0xff, 0xae, 0x48,
    0x11, 0x0, 0x20, 0x1f, 0xec, 0x40, 0x8, 0xd0,
    0x38, 0x2, 0x37, 0x69, 0x20, 0x56, 0x6a, 0x33,
    0x0, 0xe, 0x64, 0x4, 0x89, 0x60, 0x2, 0xd4,
    0xc9, 0xcc, 0x2, 0x69, 0xb4, 0x1, 0x0, 0xf8,
    0x49, 0xaa, 0x8a, 0x40, 0x2c,

    /* U+FEC7 "ﻇ" */
    0x6, 0xff, 0x0, 0x7f, 0xc6, 0x1, 0xff, 0xc7,
    0x3e, 0xa0, 0xe, 0x10, 0x0, 0x80, 0x2c, 0x54,
    0x3, 0xfe, 0x97, 0xa0, 0xe, 0x70, 0x1, 0x80,
    0x6, 0x14, 0x3, 0xff, 0x80, 0x8a, 0x60, 0x18,
    0x40, 0x2, 0x11, 0xf7, 0x59, 0xa6, 0x1, 0xcb,
    0xae, 0x1, 0x8b, 0x40, 0x6, 0x0, 0x92, 0x7,
    0xef, 0x90, 0x15, 0x0, 0xe2, 0xd8, 0x10, 0x61,
    0x2, 0x0, 0xc5, 0x84, 0x1, 0x28, 0x81, 0x1d,
    0x0, 0x29, 0x54, 0xd3, 0x94, 0x4, 0xbc, 0x80,
    0x8, 0xba, 0x96, 0x30, 0x2f, 0x2, 0x0, 0xf8,
    0x9a, 0xf4, 0x80,

    /* U+FEC8 "ﻈ" */
    0x6, 0xff, 0x0, 0x7f, 0xf0, 0x8c, 0x3, 0xff,
    0x94, 0x7d, 0x40, 0x1f, 0x84, 0x0, 0x20, 0xb,
    0x15, 0x0, 0xff, 0xe1, 0x4b, 0xd0, 0x7, 0xe7,
    0x0, 0x18, 0x0, 0x61, 0x40, 0x3f, 0xf8, 0x68,
    0xa6, 0x1, 0xf0, 0x80, 0x4, 0x23, 0xee, 0xb3,
    0x4c, 0x3, 0xf2, 0x73, 0x80, 0x62, 0xd0, 0xe,
    0x30, 0x4, 0x8, 0x47, 0x7c, 0x80, 0xa8, 0x7,
    0xe2, 0xd7, 0x10, 0x61, 0x2, 0x0, 0xf8, 0xb0,
    0x80, 0x25, 0x10, 0x20, 0x9, 0x28, 0x0, 0xa8,
    0xcf, 0x3b, 0x40, 0x2, 0x64, 0x9, 0x40, 0x3,
    0xd4, 0xc3, 0x10, 0x5, 0x13, 0x64, 0x40, 0xf,
    0x89, 0xaa, 0x50, 0x40, 0x88,

    /* U+FEC9 "ﻉ" */
    0x0, 0xc8, 0xa8, 0x1, 0xfa, 0x3e, 0xea, 0xdc,
    0x3, 0xd0, 0xe0, 0x18, 0xc0, 0x3c, 0xe0, 0x7b,
    0xfc, 0x80, 0x1c, 0x40, 0xf, 0x20, 0x10, 0xf,
    0x18, 0x1, 0x40, 0x21, 0x40, 0xc, 0x2a, 0x13,
    0x26, 0xce, 0xb1, 0x0, 0xd4, 0x60, 0xd2, 0x60,
    0x5, 0x0, 0xeb, 0x0, 0x96, 0xfd, 0x0, 0x32,
    0xc0, 0x1e, 0xd2, 0x0, 0x7a, 0xc1, 0x30, 0x80,
    0x3e, 0x61, 0xa, 0x0, 0xfe, 0xc0, 0x41, 0x0,
    0xfe, 0x10, 0x10, 0xf, 0xf0, 0x82, 0x0, 0x7f,
    0xbc, 0x6, 0x80, 0x3f, 0x94, 0xc1, 0x7a, 0x59,
    0x5a, 0x73, 0x80, 0x1a, 0x60, 0x2d, 0x35, 0x2c,
    0x62, 0x60, 0x39, 0x6a, 0x40, 0x1, 0x36, 0xb3,

    /* U+FECA "ﻊ" */
    0x0, 0x92, 0xfb, 0xfa, 0x0, 0x3d, 0x56, 0x82,
    0x2, 0xee, 0x0, 0xcc, 0xa3, 0x3b, 0x84, 0x16,
    0x1, 0x8c, 0x4, 0x44, 0x68, 0xe, 0x1, 0x95,
    0x2, 0x1c, 0x98, 0x34, 0x3, 0xad, 0x42, 0x34,
    0xd, 0x80, 0x3d, 0x60, 0x19, 0xdc, 0xca, 0x1,
    0x1f, 0x80, 0x64, 0x89, 0xa6, 0x4, 0xc1, 0xa,
    0xd7, 0x31, 0x1, 0x51, 0xa0, 0x2d, 0x52, 0x8c,
    0xef, 0xe3, 0x91, 0xf, 0x20, 0xf, 0xc6, 0xa,
    0x40, 0x1f, 0xce, 0x6, 0x1, 0xfe, 0x60, 0x72,
    0x0, 0xf1, 0x0, 0x38, 0x7, 0x69, 0x95, 0xeb,
    0xb0, 0x0, 0x8e, 0x0, 0x59, 0xa8, 0x51, 0x11,
    0x80, 0x23, 0x18, 0x80, 0x2, 0x91, 0xc6, 0x0,

    /* U+FECB "ﻋ" */
    0x0, 0xc2, 0x8a, 0x60, 0x1c, 0x37, 0xd7, 0x58,
    0x40, 0x1b, 0x10, 0x3, 0x10, 0x4, 0x84, 0xd,
    0xdf, 0xc0, 0x18, 0xc0, 0x12, 0x20, 0x20, 0x18,
    0x80, 0x4, 0x1, 0xf2, 0x90, 0x7a, 0xb, 0x64,
    0x2, 0x32, 0x81, 0x5f, 0x49, 0xa8, 0x54, 0xb8,
    0x7, 0x2f, 0x0, 0x80, 0x92, 0x3d, 0xfd, 0x18,
    0x0,

    /* U+FECC "ﻌ" */
    0x0, 0xcf, 0x9f, 0xec, 0x50, 0xf, 0x16, 0xc1,
    0x80, 0xe, 0x8c, 0x3, 0xb8, 0x92, 0xf6, 0xc0,
    0x16, 0x1, 0xce, 0xa, 0xe4, 0x84, 0x1e, 0x1,
    0xd2, 0x22, 0xc3, 0x62, 0x5, 0x0, 0xe2, 0xf1,
    0xc, 0x90, 0x72, 0x0, 0xca, 0xd0, 0x60, 0x18,
    0x5d, 0x8c, 0x1, 0x72, 0xc4, 0x1, 0x9a, 0x27,
    0x4, 0x4, 0x46, 0xd7, 0xf6, 0xc4, 0x0, 0x31,

    /* U+FECD "ﻍ" */
    0x0, 0xd1, 0xea, 0x1, 0xfe, 0x60, 0xc0, 0xf,
    0xf6, 0xbc, 0x0, 0x7f, 0x8e, 0x4, 0x3, 0xfc,
    0x8a, 0x80, 0x1f, 0xa3, 0xee, 0xad, 0xc0, 0x3d,
    0xe, 0x1, 0x8c, 0x3, 0xce, 0x7, 0xbf, 0xc8,
    0x1, 0xc4, 0x0, 0xf2, 0x1, 0x0, 0xf1, 0x80,
    0x14, 0x2, 0x14, 0x0, 0xc2, 0xa1, 0x32, 0x6c,
    0xeb, 0x10, 0xd, 0x46, 0xd, 0x26, 0x0, 0x50,
    0xe, 0xb0, 0x9, 0x6f, 0xd0, 0x3, 0x2c, 0x1,
    0xed, 0x20, 0x7, 0xac, 0x13, 0x8, 0x3, 0xe6,
    0x10, 0xa0, 0xf, 0xec, 0x4, 0x10, 0xf, 0xe1,
    0x1, 0x0, 0xff, 0x8, 0x20, 0x7, 0xfb, 0xc0,
    0x68, 0x3, 0xf9, 0x4c, 0x17, 0xa5, 0x95, 0xa7,
    0x38, 0x1, 0xa6, 0x2, 0xd3, 0x52, 0xc6, 0x26,
    0x3, 0x96, 0xa4, 0x0, 0x13, 0x6b, 0x30,

    /* U+FECE "ﻎ" */
    0x0, 0xe5, 0x80, 0xf, 0xfa, 0x9d, 0xc0, 0x1f,
    0xe4, 0x14, 0x0, 0xff, 0x5f, 0x18, 0x7, 0xff,
    0x25, 0x2f, 0xbf, 0xa0, 0x3, 0xd5, 0x68, 0x20,
    0x2e, 0xe0, 0xc, 0xca, 0x33, 0xb8, 0x41, 0x60,
    0x18, 0xc0, 0x44, 0x46, 0x80, 0xe0, 0x19, 0x50,
    0x21, 0xc9, 0x83, 0x40, 0x3a, 0xd4, 0x23, 0x40,
    0xd8, 0x3, 0xd6, 0x1, 0x9d, 0xcc, 0xa0, 0x11,
    0xf8, 0x6, 0x48, 0x9a, 0x60, 0x4c, 0x10, 0xad,
    0x73, 0x10, 0x15, 0x1a, 0x2, 0xd5, 0x28, 0xce,
    0xfe, 0x39, 0x10, 0xf2, 0x0, 0xfc, 0x60, 0xa4,
    0x1, 0xfc, 0xe0, 0x60, 0x1f, 0xe6, 0x7, 0x20,
    0xf, 0x10, 0x3, 0x80, 0x76, 0x99, 0x5e, 0xbb,
    0x0, 0x8, 0xe0, 0x5, 0x9a, 0x85, 0x11, 0x18,
    0x2, 0x31, 0x88, 0x0, 0x29, 0x1c, 0x60,

    /* U+FECF "ﻏ" */
    0x0, 0xd1, 0xea, 0x1, 0xf9, 0x43, 0xc0, 0x3f,
    0x73, 0xc0, 0x7, 0xe3, 0x82, 0x0, 0xff, 0xe3,
    0x8a, 0x29, 0x80, 0x70, 0xdf, 0x5d, 0x61, 0x0,
    0x6c, 0x40, 0xc, 0x40, 0x12, 0x10, 0x37, 0x7f,
    0x0, 0x63, 0x0, 0x48, 0x80, 0x80, 0x62, 0x0,
    0x10, 0x7, 0xca, 0x41, 0xe8, 0x2d, 0x90, 0x8,
    0xca, 0x5, 0x7d, 0x26, 0xa1, 0x52, 0xe0, 0x1c,
    0xbc, 0x2, 0x2, 0x48, 0xf7, 0xf4, 0x60,

    /* U+FED0 "ﻐ" */
    0x0, 0xf4, 0x28, 0x7, 0xfc, 0xee, 0xa0, 0xf,
    0xf9, 0x5, 0x0, 0x3f, 0xe3, 0xeb, 0x0, 0xff,
    0xe6, 0x3e, 0x7f, 0xb1, 0x40, 0x3c, 0x5b, 0x6,
    0x0, 0x3a, 0x30, 0xe, 0xe2, 0x4b, 0xdb, 0x0,
    0x58, 0x7, 0x38, 0x2b, 0x92, 0x10, 0x78, 0x7,
    0x48, 0x8b, 0xd, 0x88, 0x14, 0x3, 0x8b, 0xc4,
    0x32, 0x41, 0xc8, 0x3, 0x2b, 0x41, 0x80, 0x61,
    0x76, 0x30, 0x5, 0xcb, 0x10, 0x6, 0x68, 0x9c,
    0x10, 0x11, 0x1b, 0x5f, 0xdb, 0x10, 0x0, 0xc4,

    /* U+FED1 "ﻑ" */
    0x0, 0xff, 0xe1, 0x3f, 0xb0, 0x7, 0xff, 0x16,
    0xc3, 0x40, 0x3f, 0xf8, 0xbe, 0xd2, 0x1, 0xff,
    0xc5, 0x39, 0x20, 0xf, 0xfe, 0x29, 0x29, 0x80,
    0x7f, 0xf1, 0x1f, 0x6b, 0x2c, 0x3, 0xff, 0x84,
    0xb0, 0x1, 0x24, 0x0, 0x7f, 0xf0, 0x60, 0x1b,
    0xd4, 0x18, 0x1, 0xc, 0x20, 0x1f, 0x11, 0x2,
    0xc2, 0x0, 0x4c, 0x5e, 0x48, 0x3, 0xe1, 0x0,
    0x20, 0x6, 0x65, 0x0, 0x18, 0x7, 0xc4, 0x0,
    0x9f, 0xd0, 0x8, 0x40, 0x3f, 0xc3, 0x20, 0x1e,
    0x11, 0x0, 0x24, 0x3, 0xf3, 0x76, 0x5d, 0x0,
    0x15, 0x4, 0x1b, 0xa9, 0xd9, 0xbc, 0xeb, 0x96,
    0x6, 0x21, 0xa2, 0x2, 0xb1, 0x33, 0xf9, 0xc4,
    0x3c, 0x0, 0x7d, 0x4a, 0x40, 0x1f, 0x89, 0x1f,
    0x4c, 0x0,

    /* U+FED2 "ﻒ" */
    0x0, 0xff, 0xe2, 0x67, 0x10, 0x7, 0xff, 0x20,
    0x8c, 0x5c, 0x3, 0xff, 0x90, 0x53, 0xa, 0x1,
    0xff, 0xc9, 0x67, 0x0, 0xff, 0xe5, 0x1a, 0x8,
    0x7, 0xff, 0x1c, 0xb7, 0x2f, 0x94, 0x3, 0x9d,
    0x40, 0x3f, 0xc3, 0x84, 0x1, 0x51, 0x80, 0x68,
    0xa4, 0x0, 0xfe, 0x91, 0xc, 0xd1, 0x9, 0x0,
    0x90, 0x0, 0x80, 0x1f, 0xc6, 0xa, 0x64, 0xc0,
    0xe0, 0x10, 0x80, 0x7f, 0xf0, 0x4, 0x18, 0x0,
    0x40, 0x20, 0x10, 0x80, 0x24, 0x3, 0xfa, 0x40,
    0xe6, 0x4a, 0x14, 0x1, 0x20, 0x83, 0x74, 0xba,
    0xaf, 0x32, 0x10, 0x33, 0x0, 0x19, 0x52, 0x41,
    0xa2, 0x2, 0xd1, 0x55, 0xd3, 0x4, 0x1, 0xca,
    0xa6, 0xa0, 0x3e, 0xa5, 0x20, 0xf, 0x9, 0x23,
    0xdd, 0x98, 0xc4, 0x1, 0x60,

    /* U+FED3 "ﻓ" */
    0x0, 0xce, 0xe0, 0xf, 0x24, 0x40, 0xc0, 0x39,
    0x48, 0xa0, 0xe, 0x1d, 0xd0, 0x80, 0x7f, 0xf0,
    0xa3, 0xbe, 0xc4, 0x2, 0xa7, 0x10, 0x4c, 0x0,
    0x22, 0x83, 0xb8, 0x9, 0x43, 0x41, 0x22, 0x6,
    0x1e, 0x4, 0xe, 0x20, 0xa0, 0xc0, 0x40, 0x7d,
    0xec, 0x2, 0x10, 0x60, 0x1c, 0x20, 0x39, 0xb7,
    0x84, 0xa, 0x8a, 0xa7, 0x3e, 0x20, 0xb9, 0xaa,
    0xa0, 0x82, 0x88, 0x80, 0x11, 0x36, 0xa8, 0x0,

    /* U+FED4 "ﻔ" */
    0x0, 0xc9, 0x0, 0x1f, 0xeb, 0x77, 0x0, 0x7f,
    0x20, 0x18, 0x7, 0xf5, 0xfa, 0x0, 0x7f, 0xf2,
    0x1f, 0xbf, 0x10, 0x3, 0xd5, 0x2, 0x7, 0x68,
    0x1, 0x91, 0x41, 0x68, 0x42, 0x0, 0x36, 0x0,
    0xd2, 0xc0, 0x18, 0x7, 0x8c, 0x3, 0xfa, 0xc0,
    0x9c, 0xe0, 0x14, 0x2, 0x46, 0x30, 0x8c, 0x10,
    0xc5, 0x50, 0xcd, 0x18, 0x7, 0x4d, 0x52, 0xc8,
    0x0, 0x6f, 0x2a, 0x62, 0x0, 0xc0,

    /* U+FED5 "ﻕ" */
    0x0, 0xfc, 0x3b, 0xa0, 0xbe, 0x20, 0xf, 0xe2,
    0x2c, 0x82, 0xc0, 0x1f, 0xc7, 0x54, 0x2b, 0x94,
    0x0, 0xff, 0x2a, 0x81, 0x18, 0x3, 0xff, 0x80,
    0x2a, 0x60, 0x1f, 0xfc, 0x7, 0xea, 0xcb, 0x0,
    0xff, 0x2c, 0x0, 0x49, 0x20, 0x1f, 0xd0, 0xb,
    0xec, 0xc, 0x0, 0x8b, 0x40, 0x8, 0x48, 0x20,
    0x20, 0x0, 0x80, 0xc8, 0x60, 0x11, 0x80, 0x21,
    0x10, 0x0, 0x13, 0x10, 0x60, 0x8, 0x84, 0x16,
    0xe8, 0x2, 0x50, 0x0, 0x80, 0x6d, 0x40, 0x0,
    0x80, 0x18, 0x2, 0x10, 0xc, 0x77, 0xfe, 0x80,
    0x1, 0x90, 0x2, 0x80, 0x3e, 0x49, 0x6, 0x4,
    0x20, 0x4e, 0x96, 0x63, 0xce, 0xd8, 0x14, 0x0,
    0x3c, 0x80, 0x5a, 0x65, 0xc, 0x40, 0x98, 0x20,
    0x2, 0xd9, 0x41, 0x0, 0x9, 0xb6, 0x58, 0x80,
    0x0,

    /* U+FED6 "ﻖ" */
    0x0, 0xfe, 0xdd, 0xd, 0x71, 0x0, 0x7f, 0xf0,
    0x8, 0xb2, 0xa, 0x0, 0x7f, 0xf0, 0xa, 0xa8,
    0x7b, 0x2c, 0x1, 0xff, 0xc1, 0x55, 0x1, 0xb0,
    0x7, 0xff, 0xc, 0x54, 0xc0, 0x3f, 0xf8, 0x6f,
    0xd5, 0x98, 0x0, 0xff, 0xe0, 0xac, 0x0, 0x47,
    0x20, 0x1f, 0xfc, 0x8, 0x5, 0xf6, 0x6, 0x0,
    0xe5, 0x60, 0xc, 0x24, 0x10, 0x10, 0x0, 0x40,
    0xd, 0x13, 0x20, 0xf, 0x42, 0xa0, 0x3, 0x54,
    0x80, 0x88, 0x14, 0x1, 0x9, 0x82, 0xd5, 0x0,
    0xd, 0x5a, 0x2e, 0x0, 0x30, 0xd, 0xac, 0x40,
    0x1e, 0x31, 0x30, 0xf, 0x86, 0x77, 0xe4, 0x1,
    0xfe, 0xc0, 0x30, 0x3, 0x0, 0x7c, 0x50, 0xc,
    0x1, 0x90, 0x1, 0x30, 0x60, 0x1, 0x49, 0xd1,
    0x14, 0x0, 0x61, 0x90, 0x3, 0xe7, 0xfb, 0xad,
    0x80, 0x74, 0x40, 0x39, 0xac, 0xc0, 0x3c, 0x31,
    0xc6, 0x1, 0xf2, 0x67, 0x5d, 0x52, 0xfb, 0x8e,
    0x1, 0xf0,

    /* U+FED7 "ﻗ" */
    0x0, 0x13, 0x88, 0x9c, 0x80, 0x2e, 0x89, 0x88,
    0x48, 0x4, 0x81, 0xb8, 0x18, 0x1, 0x47, 0xaa,
    0xbd, 0xc0, 0x3f, 0xf8, 0x31, 0xdf, 0x62, 0x1,
    0x53, 0x88, 0x26, 0x0, 0x11, 0x41, 0xdc, 0x4,
    0xa1, 0xa0, 0x91, 0x3, 0xf, 0x2, 0x7, 0x10,
    0x50, 0x60, 0x20, 0x3e, 0xf6, 0x1, 0x8, 0x30,
    0xe, 0x10, 0x1c, 0xdb, 0xc2, 0x5, 0x45, 0x53,
    0x9f, 0x10, 0x5c, 0xd5, 0x50, 0x41, 0x44, 0x40,
    0x8, 0x9b, 0x54, 0x0,

    /* U+FED8 "ﻘ" */
    0x0, 0x9c, 0xc1, 0x90, 0x3, 0xcf, 0x1c, 0x93,
    0x60, 0x1e, 0x30, 0x46, 0x13, 0x0, 0xf2, 0x7c,
    0x97, 0x60, 0x7, 0xff, 0x1d, 0xfb, 0xf1, 0x0,
    0x3d, 0x50, 0x20, 0x76, 0x80, 0x19, 0x14, 0x16,
    0x84, 0x20, 0x3, 0x60, 0xd, 0x2c, 0x1, 0x80,
    0x78, 0xc0, 0x3f, 0xac, 0x9, 0xce, 0x1, 0x40,
    0x24, 0x63, 0x8, 0xc1, 0xc, 0x55, 0xc, 0xd1,
    0x80, 0x74, 0xd5, 0x2c, 0x80, 0x6, 0xf2, 0xa6,
    0x20, 0xc,

    /* U+FED9 "ﻙ" */
    0x0, 0xff, 0xe1, 0x4f, 0xd8, 0x7, 0xff, 0x15,
    0xc0, 0x3f, 0xf8, 0x62, 0x2, 0x1, 0xfe, 0x8c,
    0x0, 0xbc, 0xc, 0x3, 0xfb, 0x1c, 0x84, 0x3,
    0xff, 0x82, 0x46, 0x3c, 0x20, 0x1, 0x1, 0x0,
    0xfc, 0x46, 0x2a, 0x1, 0x18, 0x6, 0xa8, 0x20,
    0xd, 0xa1, 0x40, 0x10, 0x80, 0x42, 0xae, 0x20,
    0x14, 0x60, 0x8, 0x7, 0x85, 0x40, 0x6, 0x1,
    0x21, 0x26, 0x0, 0x4e, 0x0, 0x31, 0x0, 0x8,
    0x5, 0xdc, 0xb2, 0x0, 0x9c, 0x2, 0x10, 0x5,
    0x80, 0x44, 0x20, 0x1d, 0xc0, 0x2, 0x41, 0x5,
    0xea, 0x76, 0x55, 0x33, 0xce, 0xa8, 0x28, 0x3,
    0x8, 0x5, 0x62, 0x6a, 0x93, 0xc, 0x40, 0x76,
    0x0, 0x2d, 0xa5, 0x21, 0x0, 0xc4, 0x8f, 0x78,
    0x20,

    /* U+FEDA "ﻚ" */
    0x0, 0xff, 0xe1, 0x4f, 0xd8, 0x7, 0xff, 0x21,
    0xc0, 0x3f, 0xf8, 0xc2, 0x2, 0x1, 0xff, 0xc1,
    0x6a, 0x0, 0xbc, 0x3, 0xff, 0x85, 0x52, 0xa2,
    0x1, 0x8c, 0x3, 0xfe, 0x25, 0x1e, 0x10, 0x0,
    0x80, 0x80, 0x7f, 0xc4, 0x22, 0x20, 0x8, 0xc0,
    0x3e, 0x75, 0x10, 0xd, 0x81, 0xa0, 0x10, 0x80,
    0x7d, 0x14, 0xa0, 0x12, 0x40, 0x8, 0x7, 0x84,
    0x2, 0x40, 0x2, 0x0, 0x52, 0xa3, 0x40, 0x13,
    0x80, 0xc, 0x2, 0x10, 0xf, 0x45, 0xf2, 0x80,
    0x4e, 0x0, 0x10, 0x8, 0x40, 0x10, 0x1, 0x2a,
    0x0, 0x77, 0x0, 0x10, 0x2, 0x41, 0x7, 0xd8,
    0x65, 0x44, 0x2b, 0x46, 0xa8, 0x2, 0x20, 0xa0,
    0xd, 0x10, 0x27, 0x9a, 0xbb, 0x54, 0xb9, 0x0,
    0x90, 0x3d, 0x30, 0x1f, 0x52, 0x90, 0x7, 0x84,
    0xe3, 0xbd, 0x0, 0x54,

    /* U+FEDB "ﻛ" */
    0x0, 0xf8, 0x40, 0x3c, 0x55, 0xca, 0x1, 0x15,
    0x6a, 0x87, 0x0, 0x27, 0x54, 0x6, 0x6c, 0x75,
    0x80, 0xa7, 0x98, 0x1c, 0x81, 0xf5, 0x80, 0x23,
    0x0, 0x31, 0x0, 0x65, 0xa0, 0x1c, 0x30, 0xc,
    0xb8, 0x22, 0xd1, 0x0, 0xc7, 0x82, 0x2d, 0x0,
    0xe2, 0xb0, 0x33, 0x0, 0x72, 0x80, 0x10, 0x11,
    0x54, 0xd6, 0x0, 0x10, 0x9a, 0xa4, 0xa0, 0x13,
    0x81, 0x0, 0x47, 0x18, 0x20,

    /* U+FEDC "ﻜ" */
    0x0, 0xf8, 0x40, 0x3f, 0x8a, 0x79, 0x40, 0x3c,
    0x55, 0xac, 0x1c, 0x1, 0xd1, 0xaa, 0x3, 0x36,
    0x1, 0xe, 0xb8, 0xc, 0xf3, 0x0, 0x66, 0x20,
    0x7e, 0x60, 0xf, 0x10, 0x1, 0x4, 0x3, 0xe5,
    0x90, 0x3c, 0x10, 0xf, 0x9a, 0x80, 0xb4, 0x3,
    0xf2, 0xc8, 0x1c, 0x80, 0x7e, 0x67, 0x6, 0x40,
    0xf, 0xd0, 0x0, 0x91, 0x0, 0x91, 0x54, 0xd4,
    0x0, 0x2f, 0x75, 0x9, 0xaa, 0x4a, 0x81, 0x80,
    0xc5, 0x39, 0x0, 0x47, 0x19, 0x84, 0x10, 0x30,

    /* U+FEDD "ﻝ" */
    0x0, 0xff, 0x37, 0xf8, 0x3, 0xfe, 0x30, 0xf,
    0xfe, 0x20, 0x80, 0x7f, 0x84, 0x3, 0xff, 0x88,
    0x60, 0x1f, 0xe7, 0x0, 0xff, 0xe2, 0x8, 0x7,
    0xf8, 0x40, 0x3f, 0xf8, 0x26, 0x0, 0x70, 0xf,
    0xfe, 0x1c, 0x40, 0x80, 0x3c, 0x20, 0x1, 0x7,
    0x78, 0x3, 0xf8, 0x50, 0x0, 0x80, 0x1e, 0x10,
    0x3, 0x90, 0x0, 0x40, 0x3c, 0x40, 0x1, 0x0,
    0xff, 0x20, 0x9, 0x28, 0x2, 0x0, 0x38, 0xa4,
    0x18, 0xc, 0x81, 0xed, 0x91, 0x63, 0x44, 0x52,
    0x0, 0xf2, 0x4, 0x9b, 0xa7, 0x1, 0xd1, 0x0,
    0x16, 0xca, 0x8, 0x0, 0x9f, 0xcc, 0x0,

    /* U+FEDE "ﻞ" */
    0x0, 0xff, 0x37, 0xf8, 0x3, 0xff, 0xa6, 0x60,
    0x1f, 0xfd, 0x51, 0x0, 0x8, 0x7, 0xff, 0x5,
    0xc0, 0x3f, 0xf8, 0xe6, 0x1, 0xff, 0xc1, 0x10,
    0xf, 0xfe, 0x38, 0x80, 0x7f, 0xf0, 0x4c, 0x0,
    0xe0, 0x18, 0xc8, 0x3, 0xff, 0x87, 0xda, 0xc0,
    0x1e, 0x10, 0x6, 0x0, 0x44, 0x40, 0x40, 0xf,
    0xe7, 0x85, 0x17, 0x0, 0x10, 0x7, 0x84, 0x2,
    0x7a, 0xb3, 0x0, 0xfe, 0x50, 0x3, 0x88, 0x61,
    0x80, 0x14, 0x3, 0xd0, 0x3, 0x1d, 0xec, 0xa2,
    0x14, 0xe2, 0x2, 0x96, 0x61, 0x0, 0x1d, 0x40,
    0x8, 0xef, 0xeb, 0x40, 0x56, 0x0, 0xe4, 0xc4,
    0x0, 0xe2, 0x9a, 0x0, 0xf8, 0xef, 0xf2, 0xf3,
    0xb5, 0x80, 0x3c,

    /* U+FEDF "ﻟ" */
    0x3, 0xff, 0x10, 0x8, 0x0, 0x40, 0x33, 0x81,
    0x80, 0x61, 0x0, 0x8, 0x6, 0x30, 0xf, 0xe1,
    0x0, 0x8, 0x78, 0x0, 0xc0, 0x3c, 0x20, 0x18,
    0x52, 0x8, 0x3a, 0x5c, 0x5, 0xc8, 0x57, 0x4,

    /* U+FEE0 "ﻠ" */
    0x2, 0xff, 0x18, 0x7, 0xce, 0x1, 0x8c, 0x3,
    0xfc, 0x20, 0x18, 0x40, 0x6, 0x1, 0xff, 0xc3,
    0x10, 0xe, 0x10, 0xf, 0xef, 0x0, 0xe3, 0x0,
    0xfe, 0x10, 0xf, 0x94, 0x2, 0x48, 0x20, 0x3a,
    0x62, 0x97, 0x1, 0x5, 0x9f, 0x21, 0x6e, 0x71,
    0x4,

    /* U+FEE1 "ﻡ" */
    0x0, 0xc6, 0xa8, 0x1, 0xc3, 0x98, 0xab, 0xd2,
    0x0, 0xb0, 0xc0, 0x22, 0xf0, 0x3, 0x90, 0xdf,
    0xc0, 0x12, 0x83, 0xcd, 0x20, 0x39, 0x86, 0x0,
    0x19, 0x8, 0xcc, 0xc0, 0x40, 0x8, 0xed, 0xcc,
    0x28, 0x8, 0x63, 0x88, 0x7, 0x62, 0x98, 0x3f,
    0x7f, 0x64, 0xbe, 0x1, 0x40, 0x80, 0x9b, 0x9,
    0x83, 0x0, 0x7c, 0x60, 0xe0, 0x1f, 0x70, 0x10,
    0x7, 0xc4, 0x2, 0x1, 0xf2, 0x0, 0xc, 0x3,
    0xc2, 0x20, 0x40, 0xf, 0x99, 0x88, 0x1, 0xe0,

    /* U+FEE2 "ﻢ" */
    0x0, 0xf2, 0x31, 0x0, 0x7f, 0x37, 0x5c, 0xe9,
    0x0, 0x7d, 0x72, 0x20, 0x14, 0x0, 0x7a, 0xd0,
    0xf, 0x6c, 0x14, 0x40, 0x34, 0x20, 0xe, 0x12,
    0x18, 0x30, 0x4, 0x2e, 0x0, 0x17, 0x0, 0x50,
    0x48, 0x4, 0xe0, 0x3, 0x8, 0xb6, 0xc0, 0x1c,
    0x61, 0xc0, 0x2c, 0x40, 0x49, 0x50, 0x1, 0xce,
    0x88, 0x38, 0x5c, 0x98, 0xd, 0x40, 0x82, 0x0,
    0x73, 0x67, 0xf2, 0xbf, 0x7c, 0x10, 0x8, 0x7,
    0xfd, 0xc0, 0xa0, 0x1f, 0xf1, 0x80, 0x88, 0x3,
    0xfc, 0xa0, 0x5, 0x0, 0xff, 0x8, 0x83, 0x0,
    0x3f, 0xe4, 0x4, 0x0, 0xff, 0xa6, 0xf0, 0x3,
    0xfc,

    /* U+FEE3 "ﻣ" */
    0x0, 0xcd, 0xbf, 0x86, 0x1, 0xcd, 0x24, 0x7,
    0x84, 0x1, 0xc, 0x82, 0x40, 0x2, 0x40, 0x28,
    0x1, 0xb7, 0x90, 0x40, 0x1, 0x30, 0x40, 0x1,
    0x0, 0x4, 0x9e, 0x0, 0x87, 0x4b, 0x0, 0x14,
    0x90, 0x0, 0x62, 0xd8, 0x18, 0xc, 0xab, 0x9c,
    0x80, 0x5e, 0x40,

    /* U+FEE4 "ﻤ" */
    0x0, 0xe2, 0x41, 0x0, 0xff, 0x56, 0xdf, 0x28,
    0x7, 0xea, 0x50, 0xa, 0x88, 0x3, 0xca, 0xa0,
    0xbd, 0x10, 0xb0, 0xf, 0x40, 0x3a, 0x14, 0x3,
    0x8, 0x6, 0x52, 0x4, 0x10, 0x60, 0x4, 0x80,
    0x4b, 0x60, 0x3, 0xc7, 0x80, 0x3, 0xca, 0x84,
    0x8, 0xac, 0x4a, 0x1c, 0x2, 0x6a, 0x63, 0x36,
    0x27, 0xb0, 0x83, 0x72, 0x80, 0x14,

    /* U+FEE5 "ﻥ" */
    0x0, 0xf4, 0x30, 0x7, 0xfc, 0xaf, 0x24, 0x1,
    0xfe, 0x71, 0x32, 0x0, 0xff, 0x17, 0x60, 0x7,
    0xff, 0x10, 0xe8, 0x40, 0x3f, 0xc3, 0x8b, 0x20,
    0x1f, 0xe1, 0x50, 0x60, 0x5, 0xe2, 0x0, 0x7b,
    0xc0, 0x48, 0x50, 0xc0, 0x3e, 0x40, 0x3, 0xa8,
    0x1, 0x0, 0x3c, 0x20, 0x3, 0x20, 0xf, 0xfe,
    0x1, 0x80, 0x42, 0x1, 0xe5, 0x0, 0x3a, 0x80,
    0x20, 0x3, 0x8a, 0xc0, 0xc8, 0xcc, 0xd, 0xb0,
    0xcf, 0x5a, 0x21, 0xe0, 0xd, 0x20, 0x27, 0x98,
    0x50, 0x5, 0x18, 0x0, 0x76, 0x50, 0x40, 0x4,
    0xfc, 0xa0, 0x0,

    /* U+FEE6 "ﻦ" */
    0x0, 0xf4, 0x30, 0x7, 0xff, 0x9, 0x5e, 0x48,
    0x3, 0xff, 0x82, 0xe2, 0x64, 0x1, 0xff, 0xc1,
    0x2e, 0xc0, 0xf, 0xfe, 0x41, 0x10, 0x3, 0xff,
    0x85, 0x9b, 0x0, 0x1c, 0x40, 0x1f, 0x90, 0x10,
    0x3, 0xbf, 0xca, 0x1, 0xec, 0x1, 0x40, 0x8,
    0x88, 0xc, 0x1, 0xe4, 0x0, 0x54, 0x29, 0x38,
    0x0, 0xc0, 0x3f, 0x85, 0xeb, 0xcc, 0x3, 0xff,
    0x80, 0xa4, 0x8, 0x60, 0x4, 0x0, 0xf3, 0x80,
    0x2f, 0x7e, 0x50, 0x1, 0x6c, 0x20, 0x3, 0x98,
    0x5, 0x10, 0x8, 0x64, 0x1, 0x3d, 0xfe, 0xc6,
    0x2, 0xb0, 0xe, 0x6a, 0x20, 0xf, 0x3e, 0x88,
    0x7, 0x97, 0x75, 0x75, 0x4c, 0xf8, 0x0, 0xf0,

    /* U+FEE7 "ﻧ" */
    0x0, 0x42, 0x0, 0x1d, 0xd6, 0x0, 0x30, 0x40,
    0x2, 0x7d, 0x80, 0x7c, 0x57, 0xe4, 0x6, 0x80,
    0x80, 0x26, 0x18, 0x0, 0x40, 0x70, 0x7, 0x1,
    0x0, 0x72, 0x3c, 0x2, 0x4c, 0x8, 0x79, 0xa,
    0x62, 0x0,

    /* U+FEE8 "ﻨ" */
    0x0, 0x27, 0xd0, 0x7, 0xb0, 0x14, 0x3, 0xd2,
    0xf6, 0x1, 0xe1, 0x84, 0x0, 0xf9, 0x48, 0x3,
    0xc3, 0x5a, 0x40, 0x1c, 0x80, 0x2, 0x0, 0xef,
    0x0, 0xf2, 0x42, 0x80, 0x2d, 0x94, 0x65, 0xc0,
    0x41, 0x26, 0xac, 0x85, 0xbe, 0x48, 0x1, 0x80,

    /* U+FEE9 "ﻩ" */
    0x0, 0x84, 0x3, 0xe1, 0xcc, 0x8, 0x7, 0x49,
    0x1e, 0x8, 0x6, 0xf0, 0x1, 0x60, 0x4, 0x90,
    0xc, 0x5, 0x0, 0x9, 0x8, 0x98, 0x7, 0x4,
    0x20, 0x70, 0x70, 0x1, 0x90, 0x8, 0x7, 0x39,
    0x80, 0xd2, 0xd8, 0x1, 0x54, 0x40, 0xb4, 0x80,
    0xc2, 0x18, 0xa2, 0x5, 0x12, 0x0,

    /* U+FEEA "ﻪ" */
    0x0, 0xe1, 0xff, 0x20, 0x7, 0xc2, 0xe0, 0x1,
    0x0, 0xe2, 0xae, 0x90, 0x1, 0x80, 0x64, 0xd5,
    0x0, 0xc2, 0x1, 0xa8, 0xa, 0xfc, 0x40, 0x39,
    0x44, 0x31, 0x0, 0xc3, 0xc0, 0x23, 0x0, 0x20,
    0x0, 0x40, 0x40, 0x24, 0x0, 0x57, 0xf8, 0xc1,
    0x40, 0x22, 0xa1, 0x0, 0xe3, 0x96, 0x20, 0x5e,
    0xba, 0xa8, 0x0, 0xd3, 0x80, 0x12, 0x2a, 0xd8,
    0x82, 0x8,

    /* U+FEEB "ﻫ" */
    0x0, 0x9a, 0x40, 0x3f, 0x8a, 0x5b, 0x8, 0x3,
    0xe3, 0x20, 0x3d, 0x40, 0xf, 0x61, 0x0, 0x56,
    0xc0, 0x19, 0x88, 0x9c, 0xe0, 0x9, 0x70, 0xb,
    0x81, 0x6, 0xc0, 0x28, 0x60, 0x7, 0x82, 0x2,
    0x1, 0xc0, 0x48, 0x82, 0x81, 0x5c, 0x5, 0x38,
    0x83, 0xaa, 0x84, 0x10, 0x0, 0x30, 0x20, 0x37,
    0x2, 0x1, 0xa1, 0xc0, 0xa, 0x22, 0x48, 0xb6,
    0x20, 0x1, 0xd9, 0x0,

    /* U+FEEC "ﻬ" */
    0x0, 0xe2, 0x41, 0x0, 0xfe, 0xad, 0xbf, 0x30,
    0xf, 0xa9, 0x40, 0x3, 0xe0, 0x1e, 0x45, 0x9,
    0x90, 0x18, 0x7, 0xa0, 0x11, 0x94, 0x0, 0x20,
    0x18, 0x4c, 0x3c, 0x14, 0x4, 0x40, 0x19, 0x40,
    0x8, 0x36, 0x12, 0x1, 0x93, 0x80, 0x13, 0xc4,
    0x1c, 0xec, 0x81, 0x2a, 0x0, 0x60, 0x9, 0xa2,
    0x6c, 0xcc, 0x1, 0x4d, 0xc8, 0x80, 0x44, 0x4e,
    0xb0, 0x1, 0x23, 0x50, 0xf, 0xe8, 0x82, 0x8,
    0x51, 0x86, 0x0, 0x80, 0x75, 0x80, 0xe7, 0xb8,
    0x20, 0x7, 0x2c, 0x88, 0x4, 0x52, 0x1, 0xe6,
    0xec, 0xac, 0xd2, 0x0, 0x80,

    /* U+FEED "ﻭ" */
    0x0, 0x89, 0x98, 0x20, 0x19, 0x76, 0x65, 0xe4,
    0x0, 0x2a, 0x0, 0x87, 0xc0, 0x16, 0x5, 0xd2,
    0x4, 0x80, 0xe1, 0x62, 0xc2, 0x18, 0x1, 0x52,
    0xa8, 0x0, 0x20, 0x80, 0x75, 0x41, 0x0, 0xa9,
    0x84, 0x4, 0x1, 0xe0, 0x9, 0xef, 0x40, 0x3,
    0x80, 0xd, 0xf5, 0x42, 0x4, 0xff, 0x20, 0x81,
    0xdc, 0x4, 0x1, 0x25, 0xc0, 0x0, 0x66, 0xfa,
    0xd0, 0x2,

    /* U+FEEE "ﻮ" */
    0x0, 0x89, 0x98, 0x20, 0x1f, 0x2e, 0xcc, 0xbc,
    0xc0, 0x38, 0xa8, 0x2, 0x1e, 0x0, 0xeb, 0x2,
    0xe9, 0x2, 0x50, 0xc, 0xe1, 0x42, 0xc2, 0x1a,
    0x1, 0xeb, 0x54, 0x30, 0x34, 0x40, 0x1, 0x0,
    0xea, 0xc8, 0x12, 0xec, 0xa1, 0x4c, 0x20, 0x1e,
    0x16, 0x0, 0x4f, 0x7a, 0x80, 0x3b, 0xf8, 0xc0,
    0x4, 0xda, 0xa1, 0x2, 0x1, 0x1f, 0xec, 0x90,
    0x33, 0x80, 0x62, 0x0, 0x8e, 0xe4, 0x3, 0x86,
    0x6b, 0xb1, 0x0, 0x3c,

    /* U+FEEF "ﻯ" */
    0x0, 0xff, 0x26, 0x7f, 0xac, 0xc0, 0x3f, 0xa2,
    0xcc, 0x0, 0x8e, 0x1, 0xf9, 0x9c, 0x12, 0xa8,
    0xc8, 0x1, 0xfa, 0x1, 0xed, 0x55, 0x20, 0x1f,
    0x90, 0x42, 0x0, 0x3d, 0x78, 0x80, 0x10, 0x80,
    0x1c, 0x3, 0x85, 0xc, 0x3, 0x29, 0x4, 0x73,
    0x88, 0x1, 0x40, 0x8, 0x1, 0xb1, 0x80, 0x63,
    0x90, 0x8, 0x3, 0xe1, 0x9e, 0x80, 0x4, 0x0,
    0x61, 0x0, 0xf0, 0xb9, 0x3, 0x82, 0x80, 0x28,
    0x3, 0xc3, 0x44, 0x1e, 0x6, 0x60, 0x4e, 0x96,
    0x57, 0xae, 0x50, 0x74, 0x0, 0x69, 0x80, 0xb4,
    0xd4, 0x28, 0xc, 0xc0, 0x4, 0x39, 0x48, 0x20,
    0x1, 0x49, 0xe6, 0x0, 0x80,

    /* U+FEF0 "ﻰ" */
    0x3, 0x10, 0xf, 0xfe, 0x1f, 0x71, 0x80, 0x3c,
    0xea, 0x1, 0xc4, 0x40, 0x50, 0xf, 0x45, 0x7d,
    0xba, 0x93, 0x80, 0xc, 0x3, 0x84, 0x80, 0x9,
    0x15, 0xe6, 0x1, 0xf8, 0x77, 0x8, 0x2, 0x43,
    0x0, 0x28, 0x7, 0xc6, 0xc0, 0x9f, 0x28, 0x0,
    0xa9, 0x31, 0x0, 0x12, 0xda, 0x6, 0x0, 0x6,
    0x80, 0xd, 0x9d, 0xfe, 0xda, 0x40, 0x57, 0x0,
    0x97, 0x10, 0x3, 0xe4, 0xba, 0x0, 0xe3, 0xbe,
    0xca, 0xa5, 0xef, 0xda, 0x0, 0x60,

    /* U+FEF1 "ﻱ" */
    0x0, 0xff, 0x26, 0x7f, 0xac, 0xc0, 0x3f, 0xa2,
    0xcc, 0x0, 0x8e, 0x1, 0xf9, 0x9c, 0x12, 0xa8,
    0xc8, 0x1, 0xfa, 0x1, 0xed, 0x55, 0x20, 0x1f,
    0x90, 0x42, 0x0, 0x3d, 0x78, 0x80, 0x10, 0x80,
    0x1c, 0x3, 0x85, 0xc, 0x3, 0x29, 0x4, 0x73,
    0x88, 0x1, 0x40, 0x8, 0x1, 0xb1, 0x80, 0x63,
    0x90, 0x8, 0x3, 0xe1, 0x9e, 0x80, 0x4, 0x0,
    0x61, 0x0, 0xf0, 0xb9, 0x3, 0x82, 0x80, 0x28,
    0x3, 0xc3, 0x44, 0x1e, 0x6, 0x60, 0x4e, 0x96,
    0x57, 0xae, 0x50, 0x74, 0x0, 0x69, 0x80, 0xb4,
    0xd4, 0x28, 0xc, 0xc0, 0x4, 0x39, 0x48, 0x20,
    0x1, 0x49, 0xe6, 0x0, 0xf2, 0xdf, 0x7f, 0xba,
    0xd8, 0x3, 0xf8, 0x5c, 0x81, 0x8c, 0x3, 0xfd,
    0x10, 0xe5, 0x9c, 0x0, 0xff, 0x60, 0x23, 0x8a,
    0x0, 0x78,

    /* U+FEF2 "ﻲ" */
    0x3, 0x10, 0xf, 0xfe, 0x1f, 0x71, 0x80, 0x3c,
    0xea, 0x1, 0xc4, 0x40, 0x50, 0xf, 0x45, 0x7d,
    0xba, 0x93, 0x80, 0xc, 0x3, 0x84, 0x80, 0x9,
    0x15, 0xe6, 0x1, 0xf8, 0x77, 0x8, 0x2, 0x43,
    0x0, 0x28, 0x7, 0xc6, 0xc0, 0x9f, 0x28, 0x0,
    0xa9, 0x31, 0x0, 0x12, 0xda, 0x6, 0x0, 0x6,
    0x80, 0xd, 0x9d, 0xfe, 0xda, 0x40, 0x57, 0x0,
    0x97, 0x10, 0x3, 0xe4, 0xba, 0x0, 0xe3, 0xbe,
    0xca, 0xa5, 0xef, 0xda, 0x0, 0x7e, 0x13, 0x55,
    0x21, 0x0, 0x7f, 0xf0, 0x1c, 0x81, 0x90, 0x3,
    0xfe, 0x88, 0x7a, 0x4d, 0x80, 0x7f, 0xd8, 0x8,
    0xc2, 0x80, 0x1f, 0x0,

    /* U+FEF3 "ﻳ" */
    0x0, 0xfc, 0xb7, 0x40, 0x16, 0x22, 0x80, 0x5a,
    0x0, 0x30, 0x2, 0x0, 0x14, 0x2, 0x20, 0x10,
    0xf, 0x23, 0x51, 0x1, 0xcc, 0x94, 0xd, 0x8,
    0x4e, 0x30, 0x3f, 0xb1, 0xc0, 0x3f, 0x57, 0x1b,
    0xfa, 0xa0, 0xae, 0x6, 0x6c, 0x34, 0xc4, 0x0,

    /* U+FEF4 "ﻴ" */
    0x0, 0x91, 0x48, 0x3, 0xef, 0xaa, 0x0, 0x7c,
    0x81, 0xa0, 0x1e, 0x50, 0xf, 0x92, 0x28, 0x1,
    0x70, 0xc8, 0x12, 0xe0, 0x1, 0x13, 0xcd, 0x99,
    0xa, 0x66, 0x14, 0x40, 0x89, 0xfd, 0x66, 0x55,
    0xdf, 0xa2, 0x1, 0xff, 0x5f, 0x14, 0x7a, 0x0,
    0x64, 0x17, 0x40, 0xc0, 0xd, 0x92, 0xbd, 0x10,
    0x0, 0x80,

    /* U+FEF5 "ﻵ" */
    0x0, 0x84, 0x3, 0xfe, 0x9f, 0xef, 0xf8, 0x80,
    0xa7, 0x40, 0x2c, 0xaa, 0x4c, 0xa8, 0xc1, 0x18,
    0x80, 0x25, 0x59, 0x19, 0x44, 0x8, 0x0, 0x40,
    0x1a, 0x75, 0xc0, 0x26, 0x0, 0x8, 0x6, 0x40,
    0x8b, 0x10, 0xc, 0x20, 0x1b, 0x58, 0x13, 0xcc,
    0x40, 0x6, 0x1, 0xd3, 0x40, 0x39, 0x0, 0x22,
    0x0, 0xf2, 0xe9, 0x2, 0x3, 0x80, 0x7e, 0x2c,
    0x30, 0x7, 0x80, 0x7f, 0x19, 0x80, 0x12, 0x40,
    0x1f, 0x16, 0x1, 0x98, 0x24, 0x3, 0xc7, 0x82,
    0x7b, 0xe0, 0x80, 0x1c, 0xb8, 0x22, 0x95, 0xa0,
    0x0, 0x80, 0x6e, 0x0, 0xd, 0x5b, 0x1, 0x88,
    0x7, 0xfc, 0xba, 0x0,

    /* U+FEF6 "ﻶ" */
    0x0, 0xff, 0xe1, 0xaf, 0xfa, 0x0, 0xcc, 0x1,
    0xfb, 0x9a, 0x5b, 0xf1, 0x3, 0x7e, 0x0, 0x35,
    0xcb, 0x7c, 0xe3, 0x80, 0x7f, 0xc2, 0xc6, 0x0,
    0x10, 0x10, 0xe, 0x17, 0x0, 0xe7, 0x3, 0x0,
    0xec, 0x89, 0x0, 0xff, 0xe0, 0x50, 0x34, 0x80,
    0x42, 0x2, 0x1, 0xcf, 0x0, 0xd2, 0x1, 0x9c,
    0x3, 0xcf, 0x0, 0xce, 0x1, 0xff, 0x3b, 0x4,
    0x28, 0x80, 0x80, 0x7e, 0x94, 0xa, 0x50, 0x30,
    0xf, 0xea, 0x10, 0x10, 0xf, 0xf8, 0x5c, 0x2,
    0x10, 0xe, 0x78, 0x85, 0x73, 0x1, 0x0, 0x2d,
    0x90, 0x1, 0x4e, 0xe5, 0x10, 0x4c, 0x10, 0x49,
    0xb4, 0x0, 0xc2, 0xb5, 0x63, 0x8a, 0x20, 0x2c,

    /* U+FEF7 "ﻷ" */
    0x0, 0xff, 0xe0, 0x2f, 0x79, 0x0, 0x7e, 0xb5,
    0xb2, 0x0, 0xfc, 0xae, 0xa6, 0x1, 0xc2, 0x0,
    0x23, 0xed, 0x0, 0x9b, 0xf8, 0x0, 0x6d, 0x7c,
    0x1, 0x18, 0x0, 0x42, 0xac, 0xc0, 0x33, 0x0,
    0xc, 0x1, 0xd1, 0x84, 0x0, 0x10, 0x0, 0x80,
    0x2c, 0xf, 0x58, 0x4, 0x0, 0x20, 0x7, 0xd3,
    0x9, 0xa4, 0x0, 0x10, 0x4, 0x58, 0xe0, 0xb0,
    0x8, 0x1, 0xe8, 0xa0, 0xb, 0x40, 0x3e, 0x41,
    0x0, 0x40, 0x80, 0x70, 0xe0, 0x91, 0x6, 0x0,
    0x31, 0xf9, 0x13, 0x24, 0x18, 0x2, 0x5c, 0x11,
    0x42, 0xe8, 0x0, 0x40, 0x1c, 0x0, 0x1a, 0xb6,
    0x3, 0x10, 0xf, 0xe4, 0xd0,

    /* U+FEF8 "ﻸ" */
    0x0, 0xff, 0xe2, 0x1e, 0xfb, 0x0, 0x7f, 0xd2,
    0x16, 0xe0, 0x1f, 0xf6, 0x10, 0xb8, 0x7, 0xfc,
    0x21, 0x56, 0x40, 0xd, 0xf8, 0x0, 0xe2, 0x9d,
    0xd1, 0x0, 0x7f, 0x95, 0x88, 0x3, 0x8, 0x8,
    0x7, 0x26, 0x8, 0x6, 0x70, 0x30, 0xe, 0xa3,
    0xc1, 0x0, 0xff, 0xa8, 0xb, 0x40, 0x21, 0x1,
    0x0, 0xe4, 0xb0, 0x3b, 0x0, 0xce, 0x1, 0xe4,
    0xa0, 0x4a, 0x0, 0xff, 0x96, 0x1, 0x58, 0x40,
    0x40, 0x3f, 0x3a, 0x84, 0xa0, 0x18, 0x7, 0xf5,
    0x10, 0x7, 0xff, 0x9, 0x0, 0x21, 0x0, 0xe7,
    0x88, 0x57, 0x30, 0x10, 0x2, 0xd9, 0x0, 0x14,
    0xee, 0x51, 0x4, 0xc1, 0x4, 0x9b, 0x40, 0xc,
    0x2b, 0x76, 0x1c, 0x51, 0x1, 0x60,

    /* U+FEF9 "ﻹ" */
    0x0, 0xf8, 0x95, 0xc0, 0x3f, 0x92, 0xa0, 0x3,
    0xf8, 0x80, 0x2, 0x0, 0x5c, 0x20, 0x9, 0x80,
    0x4, 0x0, 0xb3, 0xd6, 0x0, 0xfd, 0xa4, 0x13,
    0x40, 0x20, 0x2, 0x0, 0x1e, 0xb0, 0x2e, 0xd0,
    0x8, 0x80, 0x34, 0xd0, 0x13, 0x2, 0x0, 0x79,
    0x74, 0x40, 0x18, 0x1, 0xf8, 0x40, 0x10, 0x20,
    0x1c, 0x58, 0x4, 0x41, 0xb0, 0xc, 0x78, 0x25,
    0x9c, 0xa, 0x1, 0x2e, 0x8, 0xa1, 0x68, 0x0,
    0x20, 0xe, 0x0, 0xd, 0x5b, 0x1, 0x88, 0x7,
    0xf2, 0xe8, 0x5, 0x7f, 0xfe, 0xa1, 0x0, 0x93,
    0xbc, 0xc0, 0x3f, 0x42, 0xd9, 0x80, 0x7e, 0x77,
    0x29, 0x80, 0x7e, 0xc3, 0xec, 0x10, 0xf, 0xb5,
    0x67, 0x84, 0x3, 0x80,

    /* U+FEFA "ﻺ" */
    0x0, 0xfd, 0xbf, 0x0, 0x1f, 0xfc, 0xf1, 0x1,
    0x0, 0xe4, 0xc1, 0x0, 0xce, 0x6, 0x1, 0xd4,
    0x78, 0x20, 0x1f, 0xf5, 0x1, 0x68, 0x4, 0x20,
    0x20, 0x1c, 0x96, 0x7, 0x60, 0x19, 0xc0, 0x3c,
    0x94, 0x9, 0x40, 0x1f, 0xf2, 0xc0, 0x2b, 0x8,
    0x8, 0x7, 0xe7, 0x50, 0x94, 0x3, 0x0, 0xfe,
    0xa2, 0x0, 0xff, 0xe1, 0x20, 0x4, 0x20, 0x1c,
    0xf1, 0xa, 0xe6, 0x2, 0x0, 0x5b, 0x20, 0x2,
    0x9d, 0xca, 0x20, 0x98, 0x20, 0x93, 0x68, 0x1,
    0x85, 0x6e, 0xc3, 0x8a, 0x20, 0x2c, 0x1b, 0xfe,
    0xea, 0x40, 0x1, 0x57, 0x7f, 0x10, 0x5, 0x7f,
    0x60, 0x1f, 0xf2, 0xa5, 0x40, 0x7, 0xfc, 0xc0,
    0x2, 0x10, 0xf, 0xf0, 0x95, 0x74, 0x80, 0x7f,
    0x98, 0x5f, 0x20, 0x3, 0xf0,

    /* U+FEFB "ﻻ" */
    0x0, 0xf8, 0x95, 0xc0, 0x3f, 0x92, 0xa0, 0x3,
    0xf8, 0x80, 0x2, 0x0, 0x5c, 0x20, 0x9, 0x80,
    0x4, 0x0, 0xb3, 0xd6, 0x0, 0xfd, 0xa4, 0x13,
    0x40, 0x20, 0x2, 0x0, 0x1e, 0xb0, 0x2e, 0xd0,
    0x8, 0x80, 0x34, 0xd0, 0x13, 0x2, 0x0, 0x79,
    0x74, 0x40, 0x18, 0x1, 0xf8, 0x40, 0x10, 0x20,
    0x1c, 0x58, 0x4, 0x41, 0xb0, 0xc, 0x78, 0x25,
    0x9c, 0xa, 0x1, 0x2e, 0x8, 0xa1, 0x68, 0x0,
    0x20, 0xe, 0x0, 0xd, 0x5b, 0x1, 0x88, 0x7,
    0xf2, 0xe8, 0x0,

    /* U+FEFC "ﻼ" */
    0x0, 0xfd, 0xbf, 0x0, 0x1f, 0xfc, 0xf1, 0x1,
    0x0, 0xe4, 0xc1, 0x0, 0xce, 0x6, 0x1, 0xd4,
    0x78, 0x20, 0x1f, 0xf5, 0x1, 0x68, 0x4, 0x20,
    0x20, 0x1c, 0x96, 0x7, 0x60, 0x19, 0xc0, 0x3c,
    0x94, 0x9, 0x40, 0x1f, 0xf2, 0xc0, 0x2b, 0x8,
    0x8, 0x7, 0xe7, 0x50, 0x94, 0x3, 0x0, 0xfe,
    0xa2, 0x0, 0xff, 0xe1, 0x20, 0x4, 0x20, 0x1c,
    0xf1, 0xa, 0xe6, 0x2, 0x0, 0x5b, 0x20, 0x2,
    0x9d, 0xca, 0x20, 0x98, 0x20, 0x93, 0x68, 0x1,
    0x85, 0x6e, 0xc3, 0x8a, 0x20, 0x2c,

    /* U+FEFF "﻿" */

};


/*---------------------
 *  GLYPH DESCRIPTION
 *--------------------*/

static const lv_font_fmt_txt_glyph_dsc_t glyph_dsc[] = {
    {.bitmap_index = 0, .adv_w = 0, .box_w = 0, .box_h = 0, .ofs_x = 0, .ofs_y = 0} /* id = 0 reserved */,
    {.bitmap_index = 0, .adv_w = 365, .box_w = 23, .box_h = 7, .ofs_x = 0, .ofs_y = -3},
    {.bitmap_index = 39, .adv_w = 477, .box_w = 30, .box_h = 6, .ofs_x = 0, .ofs_y = -7},
    {.bitmap_index = 88, .adv_w = 356, .box_w = 23, .box_h = 7, .ofs_x = 0, .ofs_y = -3},
    {.bitmap_index = 130, .adv_w = 429, .box_w = 27, .box_h = 6, .ofs_x = 0, .ofs_y = -3},
    {.bitmap_index = 179, .adv_w = 680, .box_w = 43, .box_h = 13, .ofs_x = 0, .ofs_y = -5},
    {.bitmap_index = 328, .adv_w = 395, .box_w = 25, .box_h = 5, .ofs_x = 0, .ofs_y = 11},
    {.bitmap_index = 382, .adv_w = 201, .box_w = 13, .box_h = 16, .ofs_x = 0, .ofs_y = 0},
    {.bitmap_index = 464, .adv_w = 201, .box_w = 13, .box_h = 16, .ofs_x = 0, .ofs_y = 0},
    {.bitmap_index = 544, .adv_w = 379, .box_w = 24, .box_h = 15, .ofs_x = 0, .ofs_y = -6},
    {.bitmap_index = 681, .adv_w = 229, .box_w = 13, .box_h = 15, .ofs_x = 1, .ofs_y = -1},
    {.bitmap_index = 761, .adv_w = 294, .box_w = 17, .box_h = 15, .ofs_x = 1, .ofs_y = -1},
    {.bitmap_index = 860, .adv_w = 155, .box_w = 9, .box_h = 21, .ofs_x = 0, .ofs_y = -5},
    {.bitmap_index = 939, .adv_w = 104, .box_w = 4, .box_h = 5, .ofs_x = 1, .ofs_y = 0},
    {.bitmap_index = 950, .adv_w = 117, .box_w = 7, .box_h = 8, .ofs_x = 0, .ofs_y = -4},
    {.bitmap_index = 977, .adv_w = 304, .box_w = 19, .box_h = 8, .ofs_x = 0, .ofs_y = 0},
    {.bitmap_index = 1037, .adv_w = 187, .box_w = 14, .box_h = 20, .ofs_x = -1, .ofs_y = -9},
    {.bitmap_index = 1159, .adv_w = 0, .box_w = 7, .box_h = 6, .ofs_x = 0, .ofs_y = 11},
    {.bitmap_index = 1178, .adv_w = 0, .box_w = 7, .box_h = 6, .ofs_x = 0, .ofs_y = 11},
    {.bitmap_index = 1198, .adv_w = 0, .box_w = 7, .box_h = 6, .ofs_x = 0, .ofs_y = 11},
    {.bitmap_index = 1219, .adv_w = 0, .box_w = 9, .box_h = 7, .ofs_x = 0, .ofs_y = 11},
    {.bitmap_index = 1248, .adv_w = 0, .box_w = 9, .box_h = 4, .ofs_x = 0, .ofs_y = 12},
    {.bitmap_index = 1262, .adv_w = 0, .box_w = 6, .box_h = 6, .ofs_x = 0, .ofs_y = 21},
    {.bitmap_index = 1280, .adv_w = 0, .box_w = 8, .box_h = 8, .ofs_x = 0, .ofs_y = 21},
    {.bitmap_index = 1310, .adv_w = 0, .box_w = 4, .box_h = 8, .ofs_x = 0, .ofs_y = 21},
    {.bitmap_index = 1326, .adv_w = 0, .box_w = 4, .box_h = 3, .ofs_x = 0, .ofs_y = 11},
    {.bitmap_index = 1332, .adv_w = 0, .box_w = 5, .box_h = 6, .ofs_x = 0, .ofs_y = 11},
    {.bitmap_index = 1346, .adv_w = 0, .box_w = 4, .box_h = 3, .ofs_x = 0, .ofs_y = -4},
    {.bitmap_index = 1352, .adv_w = 109, .box_w = 5, .box_h = 13, .ofs_x = 0, .ofs_y = 0},
    {.bitmap_index = 1383, .adv_w = 192, .box_w = 0, .box_h = 0, .ofs_x = 0, .ofs_y = 0},
    {.bitmap_index = 1383, .adv_w = 188, .box_w = 9, .box_h = 15, .ofs_x = 1, .ofs_y = 0},
    {.bitmap_index = 1441, .adv_w = 92, .box_w = 6, .box_h = 5, .ofs_x = 0, .ofs_y = 0},
    {.bitmap_index = 1456, .adv_w = 155, .box_w = 10, .box_h = 15, .ofs_x = 0, .ofs_y = 0},
    {.bitmap_index = 1520, .adv_w = 255, .box_w = 16, .box_h = 19, .ofs_x = 0, .ofs_y = -10},
    {.bitmap_index = 1638, .adv_w = 143, .box_w = 9, .box_h = 10, .ofs_x = 0, .ofs_y = -1},
    {.bitmap_index = 1680, .adv_w = 82, .box_w = 8, .box_h = 18, .ofs_x = -2, .ofs_y = 0},
    {.bitmap_index = 1727, .adv_w = 82, .box_w = 5, .box_h = 20, .ofs_x = 0, .ofs_y = 0},
    {.bitmap_index = 1766, .adv_w = 153, .box_w = 9, .box_h = 20, .ofs_x = 0, .ofs_y = -5},
    {.bitmap_index = 1847, .adv_w = 83, .box_w = 5, .box_h = 21, .ofs_x = 1, .ofs_y = -6},
    {.bitmap_index = 1889, .adv_w = 255, .box_w = 16, .box_h = 16, .ofs_x = 0, .ofs_y = -5},
    {.bitmap_index = 2000, .adv_w = 83, .box_w = 4, .box_h = 15, .ofs_x = 1, .ofs_y = 0},
    {.bitmap_index = 2022, .adv_w = 324, .box_w = 20, .box_h = 14, .ofs_x = 0, .ofs_y = -5},
    {.bitmap_index = 2118, .adv_w = 143, .box_w = 9, .box_h = 15, .ofs_x = 0, .ofs_y = 0},
    {.bitmap_index = 2181, .adv_w = 324, .box_w = 20, .box_h = 12, .ofs_x = 0, .ofs_y = 0},
    {.bitmap_index = 2275, .adv_w = 324, .box_w = 20, .box_h = 14, .ofs_x = 0, .ofs_y = 0},
    {.bitmap_index = 2377, .adv_w = 214, .box_w = 13, .box_h = 18, .ofs_x = 0, .ofs_y = -9},
    {.bitmap_index = 2481, .adv_w = 214, .box_w = 13, .box_h = 18, .ofs_x = 0, .ofs_y = -8},
    {.bitmap_index = 2578, .adv_w = 214, .box_w = 13, .box_h = 22, .ofs_x = 0, .ofs_y = -8},
    {.bitmap_index = 2690, .adv_w = 161, .box_w = 10, .box_h = 11, .ofs_x = 0, .ofs_y = 0},
    {.bitmap_index = 2733, .adv_w = 161, .box_w = 10, .box_h = 15, .ofs_x = 0, .ofs_y = 0},
    {.bitmap_index = 2789, .adv_w = 126, .box_w = 8, .box_h = 13, .ofs_x = -1, .ofs_y = -5},
    {.bitmap_index = 2834, .adv_w = 126, .box_w = 8, .box_h = 18, .ofs_x = -1, .ofs_y = -6},
    {.bitmap_index = 2892, .adv_w = 419, .box_w = 26, .box_h = 15, .ofs_x = 0, .ofs_y = -5},
    {.bitmap_index = 3026, .adv_w = 419, .box_w = 26, .box_h = 20, .ofs_x = 0, .ofs_y = -5},
    {.bitmap_index = 3196, .adv_w = 441, .box_w = 27, .box_h = 14, .ofs_x = 0, .ofs_y = -5},
    {.bitmap_index = 3333, .adv_w = 441, .box_w = 27, .box_h = 18, .ofs_x = 0, .ofs_y = -5},
    {.bitmap_index = 3489, .adv_w = 263, .box_w = 16, .box_h = 15, .ofs_x = 0, .ofs_y = 0},
    {.bitmap_index = 3571, .adv_w = 263, .box_w = 16, .box_h = 15, .ofs_x = 0, .ofs_y = 0},
    {.bitmap_index = 3664, .adv_w = 175, .box_w = 13, .box_h = 19, .ofs_x = 0, .ofs_y = -8},
    {.bitmap_index = 3760, .adv_w = 175, .box_w = 13, .box_h = 23, .ofs_x = 0, .ofs_y = -8},
    {.bitmap_index = 3871, .adv_w = 287, .box_w = 19, .box_h = 18, .ofs_x = 0, .ofs_y = 0},
    {.bitmap_index = 3989, .adv_w = 287, .box_w = 19, .box_h = 22, .ofs_x = 0, .ofs_y = -7},
    {.bitmap_index = 4134, .adv_w = 255, .box_w = 16, .box_h = 16, .ofs_x = 0, .ofs_y = -5},
    {.bitmap_index = 4243, .adv_w = 255, .box_w = 16, .box_h = 14, .ofs_x = 0, .ofs_y = -5},
    {.bitmap_index = 4345, .adv_w = 255, .box_w = 16, .box_h = 15, .ofs_x = 0, .ofs_y = -5},
    {.bitmap_index = 4453, .adv_w = 90, .box_w = 8, .box_h = 3, .ofs_x = 0, .ofs_y = 0},
    {.bitmap_index = 4462, .adv_w = 323, .box_w = 20, .box_h = 16, .ofs_x = 0, .ofs_y = 0},
    {.bitmap_index = 4568, .adv_w = 259, .box_w = 16, .box_h = 17, .ofs_x = 0, .ofs_y = -4},
    {.bitmap_index = 4681, .adv_w = 292, .box_w = 18, .box_h = 15, .ofs_x = 0, .ofs_y = 0},
    {.bitmap_index = 4786, .adv_w = 232, .box_w = 14, .box_h = 19, .ofs_x = 0, .ofs_y = -4},
    {.bitmap_index = 4873, .adv_w = 168, .box_w = 10, .box_h = 17, .ofs_x = 0, .ofs_y = -8},
    {.bitmap_index = 4945, .adv_w = 230, .box_w = 14, .box_h = 16, .ofs_x = 0, .ofs_y = -5},
    {.bitmap_index = 5028, .adv_w = 235, .box_w = 14, .box_h = 11, .ofs_x = 0, .ofs_y = 0},
    {.bitmap_index = 5091, .adv_w = 153, .box_w = 9, .box_h = 13, .ofs_x = 0, .ofs_y = -5},
    {.bitmap_index = 5149, .adv_w = 255, .box_w = 16, .box_h = 14, .ofs_x = 0, .ofs_y = -5},
    {.bitmap_index = 5242, .adv_w = 255, .box_w = 16, .box_h = 18, .ofs_x = 0, .ofs_y = -9},
    {.bitmap_index = 5356, .adv_w = 0, .box_w = 6, .box_h = 6, .ofs_x = 0, .ofs_y = 11},
    {.bitmap_index = 5374, .adv_w = 0, .box_w = 7, .box_h = 6, .ofs_x = 0, .ofs_y = 11},
    {.bitmap_index = 5395, .adv_w = 0, .box_w = 6, .box_h = 6, .ofs_x = 0, .ofs_y = -6},
    {.bitmap_index = 5411, .adv_w = 0, .box_w = 6, .box_h = 4, .ofs_x = 0, .ofs_y = 11},
    {.bitmap_index = 5423, .adv_w = 0, .box_w = 6, .box_h = 6, .ofs_x = 0, .ofs_y = 11},
    {.bitmap_index = 5441, .adv_w = 0, .box_w = 6, .box_h = 4, .ofs_x = 0, .ofs_y = -4},
    {.bitmap_index = 5451, .adv_w = 0, .box_w = 6, .box_h = 6, .ofs_x = 0, .ofs_y = 11},
    {.bitmap_index = 5469, .adv_w = 0, .box_w = 5, .box_h = 6, .ofs_x = 0, .ofs_y = 12},
    {.bitmap_index = 5483, .adv_w = 0, .box_w = 7, .box_h = 4, .ofs_x = 0, .ofs_y = 11},
    {.bitmap_index = 5496, .adv_w = 0, .box_w = 5, .box_h = 6, .ofs_x = 0, .ofs_y = 11},
    {.bitmap_index = 5510, .adv_w = 0, .box_w = 5, .box_h = 6, .ofs_x = 0, .ofs_y = -6},
    {.bitmap_index = 5524, .adv_w = 0, .box_w = 3, .box_h = 4, .ofs_x = 0, .ofs_y = -5},
    {.bitmap_index = 5530, .adv_w = 0, .box_w = 6, .box_h = 6, .ofs_x = 0, .ofs_y = 11},
    {.bitmap_index = 5549, .adv_w = 0, .box_w = 5, .box_h = 4, .ofs_x = 0, .ofs_y = 11},
    {.bitmap_index = 5559, .adv_w = 0, .box_w = 6, .box_h = 2, .ofs_x = 0, .ofs_y = 12},
    {.bitmap_index = 5564, .adv_w = 0, .box_w = 5, .box_h = 5, .ofs_x = 0, .ofs_y = 11},
    {.bitmap_index = 5577, .adv_w = 0, .box_w = 5, .box_h = 5, .ofs_x = 0, .ofs_y = 11},
    {.bitmap_index = 5590, .adv_w = 0, .box_w = 4, .box_h = 4, .ofs_x = 0, .ofs_y = -4},
    {.bitmap_index = 5598, .adv_w = 0, .box_w = 6, .box_h = 6, .ofs_x = 1, .ofs_y = 11},
    {.bitmap_index = 5617, .adv_w = 0, .box_w = 6, .box_h = 6, .ofs_x = 0, .ofs_y = 12},
    {.bitmap_index = 5636, .adv_w = 0, .box_w = 7, .box_h = 6, .ofs_x = 0, .ofs_y = -7},
    {.bitmap_index = 5657, .adv_w = 183, .box_w = 5, .box_h = 5, .ofs_x = 3, .ofs_y = 3},
    {.bitmap_index = 5670, .adv_w = 183, .box_w = 5, .box_h = 14, .ofs_x = 3, .ofs_y = 0},
    {.bitmap_index = 5707, .adv_w = 183, .box_w = 10, .box_h = 14, .ofs_x = 1, .ofs_y = 0},
    {.bitmap_index = 5763, .adv_w = 183, .box_w = 12, .box_h = 14, .ofs_x = 0, .ofs_y = 0},
    {.bitmap_index = 5832, .adv_w = 183, .box_w = 9, .box_h = 14, .ofs_x = 1, .ofs_y = 0},
    {.bitmap_index = 5887, .adv_w = 183, .box_w = 10, .box_h = 11, .ofs_x = 1, .ofs_y = 0},
    {.bitmap_index = 5940, .adv_w = 183, .box_w = 10, .box_h = 14, .ofs_x = 1, .ofs_y = 0},
    {.bitmap_index = 5994, .adv_w = 183, .box_w = 12, .box_h = 15, .ofs_x = 0, .ofs_y = -1},
    {.bitmap_index = 6070, .adv_w = 183, .box_w = 12, .box_h = 15, .ofs_x = 0, .ofs_y = -1},
    {.bitmap_index = 6147, .adv_w = 183, .box_w = 10, .box_h = 14, .ofs_x = 1, .ofs_y = 0},
    {.bitmap_index = 6210, .adv_w = 165, .box_w = 9, .box_h = 15, .ofs_x = 1, .ofs_y = -1},
    {.bitmap_index = 6273, .adv_w = 84, .box_w = 5, .box_h = 8, .ofs_x = 0, .ofs_y = -4},
    {.bitmap_index = 6294, .adv_w = 84, .box_w = 6, .box_h = 8, .ofs_x = 0, .ofs_y = 6},
    {.bitmap_index = 6317, .adv_w = 159, .box_w = 10, .box_h = 10, .ofs_x = 0, .ofs_y = 0},
    {.bitmap_index = 6357, .adv_w = 324, .box_w = 20, .box_h = 9, .ofs_x = 0, .ofs_y = 0},
    {.bitmap_index = 6429, .adv_w = 259, .box_w = 16, .box_h = 13, .ofs_x = 0, .ofs_y = -4},
    {.bitmap_index = 6520, .adv_w = 0, .box_w = 3, .box_h = 4, .ofs_x = 0, .ofs_y = 12},
    {.bitmap_index = 6526, .adv_w = 82, .box_w = 7, .box_h = 20, .ofs_x = -1, .ofs_y = 0},
    {.bitmap_index = 6573, .adv_w = 82, .box_w = 7, .box_h = 19, .ofs_x = -1, .ofs_y = 0},
    {.bitmap_index = 6619, .adv_w = 83, .box_w = 8, .box_h = 21, .ofs_x = -2, .ofs_y = -6},
    {.bitmap_index = 6675, .adv_w = 143, .box_w = 9, .box_h = 10, .ofs_x = 0, .ofs_y = 2},
    {.bitmap_index = 6717, .adv_w = 227, .box_w = 13, .box_h = 15, .ofs_x = 1, .ofs_y = 0},
    {.bitmap_index = 6792, .adv_w = 297, .box_w = 18, .box_h = 16, .ofs_x = 0, .ofs_y = -5},
    {.bitmap_index = 6907, .adv_w = 297, .box_w = 18, .box_h = 19, .ofs_x = 0, .ofs_y = -5},
    {.bitmap_index = 7042, .adv_w = 399, .box_w = 25, .box_h = 16, .ofs_x = 0, .ofs_y = -5},
    {.bitmap_index = 7190, .adv_w = 324, .box_w = 20, .box_h = 15, .ofs_x = 0, .ofs_y = 0},
    {.bitmap_index = 7295, .adv_w = 324, .box_w = 20, .box_h = 15, .ofs_x = 0, .ofs_y = 0},
    {.bitmap_index = 7396, .adv_w = 324, .box_w = 20, .box_h = 17, .ofs_x = 0, .ofs_y = -8},
    {.bitmap_index = 7505, .adv_w = 324, .box_w = 20, .box_h = 15, .ofs_x = 0, .ofs_y = -3},
    {.bitmap_index = 7617, .adv_w = 324, .box_w = 20, .box_h = 14, .ofs_x = 0, .ofs_y = 0},
    {.bitmap_index = 7719, .adv_w = 324, .box_w = 20, .box_h = 16, .ofs_x = 0, .ofs_y = -7},
    {.bitmap_index = 7832, .adv_w = 324, .box_w = 20, .box_h = 14, .ofs_x = 0, .ofs_y = 0},
    {.bitmap_index = 7939, .adv_w = 324, .box_w = 20, .box_h = 16, .ofs_x = 0, .ofs_y = -7},
    {.bitmap_index = 8056, .adv_w = 214, .box_w = 13, .box_h = 24, .ofs_x = 0, .ofs_y = -8},
    {.bitmap_index = 8176, .adv_w = 214, .box_w = 13, .box_h = 25, .ofs_x = 0, .ofs_y = -8},
    {.bitmap_index = 8298, .adv_w = 216, .box_w = 14, .box_h = 17, .ofs_x = 0, .ofs_y = -8},
    {.bitmap_index = 8404, .adv_w = 214, .box_w = 13, .box_h = 18, .ofs_x = 0, .ofs_y = -8},
    {.bitmap_index = 8511, .adv_w = 214, .box_w = 13, .box_h = 24, .ofs_x = 0, .ofs_y = -8},
    {.bitmap_index = 8634, .adv_w = 216, .box_w = 14, .box_h = 18, .ofs_x = 0, .ofs_y = -7},
    {.bitmap_index = 8746, .adv_w = 216, .box_w = 14, .box_h = 17, .ofs_x = 0, .ofs_y = -7},
    {.bitmap_index = 8850, .adv_w = 161, .box_w = 10, .box_h = 18, .ofs_x = 0, .ofs_y = 0},
    {.bitmap_index = 8922, .adv_w = 161, .box_w = 10, .box_h = 14, .ofs_x = 0, .ofs_y = -3},
    {.bitmap_index = 8978, .adv_w = 161, .box_w = 10, .box_h = 15, .ofs_x = 0, .ofs_y = -4},
    {.bitmap_index = 9035, .adv_w = 161, .box_w = 10, .box_h = 22, .ofs_x = 0, .ofs_y = -4},
    {.bitmap_index = 9122, .adv_w = 161, .box_w = 10, .box_h = 15, .ofs_x = 0, .ofs_y = 0},
    {.bitmap_index = 9183, .adv_w = 161, .box_w = 10, .box_h = 16, .ofs_x = 0, .ofs_y = -5},
    {.bitmap_index = 9246, .adv_w = 161, .box_w = 10, .box_h = 17, .ofs_x = 0, .ofs_y = 0},
    {.bitmap_index = 9314, .adv_w = 161, .box_w = 10, .box_h = 17, .ofs_x = 0, .ofs_y = 0},
    {.bitmap_index = 9381, .adv_w = 161, .box_w = 10, .box_h = 17, .ofs_x = 0, .ofs_y = 0},
    {.bitmap_index = 9448, .adv_w = 126, .box_w = 9, .box_h = 20, .ofs_x = -1, .ofs_y = -5},
    {.bitmap_index = 9521, .adv_w = 126, .box_w = 8, .box_h = 20, .ofs_x = -1, .ofs_y = -5},
    {.bitmap_index = 9586, .adv_w = 126, .box_w = 9, .box_h = 13, .ofs_x = -1, .ofs_y = -5},
    {.bitmap_index = 9635, .adv_w = 126, .box_w = 8, .box_h = 16, .ofs_x = -1, .ofs_y = -9},
    {.bitmap_index = 9688, .adv_w = 126, .box_w = 8, .box_h = 17, .ofs_x = -1, .ofs_y = -9},
    {.bitmap_index = 9747, .adv_w = 126, .box_w = 8, .box_h = 17, .ofs_x = -1, .ofs_y = -9},
    {.bitmap_index = 9807, .adv_w = 126, .box_w = 9, .box_h = 18, .ofs_x = -1, .ofs_y = -6},
    {.bitmap_index = 9872, .adv_w = 126, .box_w = 8, .box_h = 20, .ofs_x = -1, .ofs_y = -5},
    {.bitmap_index = 9940, .adv_w = 126, .box_w = 8, .box_h = 20, .ofs_x = -1, .ofs_y = -5},
    {.bitmap_index = 10009, .adv_w = 419, .box_w = 26, .box_h = 17, .ofs_x = 0, .ofs_y = -5},
    {.bitmap_index = 10166, .adv_w = 419, .box_w = 26, .box_h = 17, .ofs_x = 0, .ofs_y = -7},
    {.bitmap_index = 10322, .adv_w = 419, .box_w = 26, .box_h = 22, .ofs_x = 0, .ofs_y = -7},
    {.bitmap_index = 10515, .adv_w = 441, .box_w = 27, .box_h = 14, .ofs_x = 0, .ofs_y = -5},
    {.bitmap_index = 10661, .adv_w = 441, .box_w = 27, .box_h = 21, .ofs_x = 0, .ofs_y = -5},
    {.bitmap_index = 10836, .adv_w = 263, .box_w = 16, .box_h = 16, .ofs_x = 0, .ofs_y = 0},
    {.bitmap_index = 10940, .adv_w = 175, .box_w = 13, .box_h = 26, .ofs_x = 0, .ofs_y = -8},
    {.bitmap_index = 11066, .adv_w = 323, .box_w = 20, .box_h = 12, .ofs_x = 0, .ofs_y = 0},
    {.bitmap_index = 11153, .adv_w = 323, .box_w = 20, .box_h = 17, .ofs_x = 0, .ofs_y = -5},
    {.bitmap_index = 11262, .adv_w = 323, .box_w = 20, .box_h = 21, .ofs_x = 0, .ofs_y = -5},
    {.bitmap_index = 11389, .adv_w = 323, .box_w = 20, .box_h = 18, .ofs_x = 0, .ofs_y = 0},
    {.bitmap_index = 11509, .adv_w = 323, .box_w = 20, .box_h = 19, .ofs_x = 0, .ofs_y = -7},
    {.bitmap_index = 11636, .adv_w = 323, .box_w = 20, .box_h = 19, .ofs_x = 0, .ofs_y = 0},
    {.bitmap_index = 11762, .adv_w = 259, .box_w = 16, .box_h = 17, .ofs_x = 0, .ofs_y = -4},
    {.bitmap_index = 11871, .adv_w = 259, .box_w = 16, .box_h = 20, .ofs_x = 0, .ofs_y = -4},
    {.bitmap_index = 11997, .adv_w = 287, .box_w = 19, .box_h = 15, .ofs_x = 0, .ofs_y = 0},
    {.bitmap_index = 12102, .adv_w = 329, .box_w = 19, .box_h = 13, .ofs_x = 1, .ofs_y = 0},
    {.bitmap_index = 12187, .adv_w = 287, .box_w = 19, .box_h = 15, .ofs_x = 0, .ofs_y = 0},
    {.bitmap_index = 12297, .adv_w = 292, .box_w = 18, .box_h = 16, .ofs_x = 0, .ofs_y = 0},
    {.bitmap_index = 12410, .adv_w = 292, .box_w = 18, .box_h = 18, .ofs_x = 0, .ofs_y = 0},
    {.bitmap_index = 12535, .adv_w = 292, .box_w = 18, .box_h = 22, .ofs_x = 0, .ofs_y = -7},
    {.bitmap_index = 12680, .adv_w = 287, .box_w = 19, .box_h = 18, .ofs_x = 0, .ofs_y = 0},
    {.bitmap_index = 12806, .adv_w = 287, .box_w = 19, .box_h = 18, .ofs_x = 0, .ofs_y = 0},
    {.bitmap_index = 12935, .adv_w = 287, .box_w = 19, .box_h = 20, .ofs_x = 0, .ofs_y = 0},
    {.bitmap_index = 13076, .adv_w = 287, .box_w = 19, .box_h = 23, .ofs_x = 0, .ofs_y = -5},
    {.bitmap_index = 13230, .adv_w = 287, .box_w = 19, .box_h = 26, .ofs_x = 0, .ofs_y = -8},
    {.bitmap_index = 13395, .adv_w = 287, .box_w = 19, .box_h = 20, .ofs_x = 0, .ofs_y = 0},
    {.bitmap_index = 13534, .adv_w = 232, .box_w = 15, .box_h = 26, .ofs_x = 0, .ofs_y = -4},
    {.bitmap_index = 13653, .adv_w = 232, .box_w = 14, .box_h = 24, .ofs_x = 0, .ofs_y = -4},
    {.bitmap_index = 13756, .adv_w = 232, .box_w = 15, .box_h = 26, .ofs_x = 0, .ofs_y = -4},
    {.bitmap_index = 13877, .adv_w = 232, .box_w = 14, .box_h = 26, .ofs_x = 0, .ofs_y = -11},
    {.bitmap_index = 13997, .adv_w = 230, .box_w = 14, .box_h = 20, .ofs_x = 0, .ofs_y = -9},
    {.bitmap_index = 14097, .adv_w = 230, .box_w = 14, .box_h = 12, .ofs_x = 0, .ofs_y = -5},
    {.bitmap_index = 14164, .adv_w = 230, .box_w = 14, .box_h = 19, .ofs_x = 0, .ofs_y = -5},
    {.bitmap_index = 14264, .adv_w = 230, .box_w = 14, .box_h = 19, .ofs_x = 0, .ofs_y = -8},
    {.bitmap_index = 14361, .adv_w = 230, .box_w = 14, .box_h = 18, .ofs_x = 0, .ofs_y = -5},
    {.bitmap_index = 14457, .adv_w = 235, .box_w = 14, .box_h = 11, .ofs_x = 0, .ofs_y = 0},
    {.bitmap_index = 14520, .adv_w = 216, .box_w = 14, .box_h = 22, .ofs_x = 0, .ofs_y = -7},
    {.bitmap_index = 14647, .adv_w = 143, .box_w = 9, .box_h = 17, .ofs_x = 0, .ofs_y = 0},
    {.bitmap_index = 14713, .adv_w = 143, .box_w = 9, .box_h = 11, .ofs_x = 0, .ofs_y = 0},
    {.bitmap_index = 14759, .adv_w = 143, .box_w = 9, .box_h = 17, .ofs_x = 0, .ofs_y = 0},
    {.bitmap_index = 14825, .adv_w = 143, .box_w = 9, .box_h = 15, .ofs_x = 0, .ofs_y = 0},
    {.bitmap_index = 14888, .adv_w = 153, .box_w = 9, .box_h = 14, .ofs_x = 0, .ofs_y = -6},
    {.bitmap_index = 14950, .adv_w = 153, .box_w = 9, .box_h = 14, .ofs_x = 0, .ofs_y = -6},
    {.bitmap_index = 15012, .adv_w = 153, .box_w = 9, .box_h = 19, .ofs_x = 0, .ofs_y = -5},
    {.bitmap_index = 15092, .adv_w = 153, .box_w = 9, .box_h = 19, .ofs_x = 0, .ofs_y = -5},
    {.bitmap_index = 15171, .adv_w = 153, .box_w = 9, .box_h = 19, .ofs_x = 0, .ofs_y = -5},
    {.bitmap_index = 15243, .adv_w = 153, .box_w = 9, .box_h = 19, .ofs_x = 0, .ofs_y = -5},
    {.bitmap_index = 15323, .adv_w = 153, .box_w = 9, .box_h = 17, .ofs_x = 0, .ofs_y = -5},
    {.bitmap_index = 15399, .adv_w = 153, .box_w = 9, .box_h = 20, .ofs_x = 0, .ofs_y = -5},
    {.bitmap_index = 15484, .adv_w = 255, .box_w = 16, .box_h = 14, .ofs_x = 0, .ofs_y = -5},
    {.bitmap_index = 15577, .adv_w = 255, .box_w = 19, .box_h = 14, .ofs_x = -3, .ofs_y = -5},
    {.bitmap_index = 15684, .adv_w = 255, .box_w = 16, .box_h = 16, .ofs_x = 0, .ofs_y = -5},
    {.bitmap_index = 15793, .adv_w = 153, .box_w = 9, .box_h = 17, .ofs_x = 0, .ofs_y = -5},
    {.bitmap_index = 15864, .adv_w = 255, .box_w = 16, .box_h = 21, .ofs_x = 0, .ofs_y = -12},
    {.bitmap_index = 15990, .adv_w = 255, .box_w = 16, .box_h = 20, .ofs_x = 0, .ofs_y = -11},
    {.bitmap_index = 16115, .adv_w = 301, .box_w = 19, .box_h = 10, .ofs_x = 0, .ofs_y = 0},
    {.bitmap_index = 16183, .adv_w = 301, .box_w = 19, .box_h = 17, .ofs_x = 0, .ofs_y = 0},
    {.bitmap_index = 16286, .adv_w = 101, .box_w = 6, .box_h = 2, .ofs_x = 0, .ofs_y = 0},
    {.bitmap_index = 16291, .adv_w = 143, .box_w = 9, .box_h = 11, .ofs_x = 0, .ofs_y = 0},
    {.bitmap_index = 16337, .adv_w = 0, .box_w = 9, .box_h = 6, .ofs_x = 0, .ofs_y = 22},
    {.bitmap_index = 16360, .adv_w = 0, .box_w = 7, .box_h = 6, .ofs_x = 0, .ofs_y = 22},
    {.bitmap_index = 16381, .adv_w = 0, .box_w = 6, .box_h = 5, .ofs_x = 1, .ofs_y = 21},
    {.bitmap_index = 16396, .adv_w = 0, .box_w = 5, .box_h = 5, .ofs_x = 0, .ofs_y = 22},
    {.bitmap_index = 16409, .adv_w = 0, .box_w = 6, .box_h = 7, .ofs_x = 0, .ofs_y = 21},
    {.bitmap_index = 16430, .adv_w = 0, .box_w = 5, .box_h = 5, .ofs_x = 0, .ofs_y = 22},
    {.bitmap_index = 16440, .adv_w = 0, .box_w = 9, .box_h = 7, .ofs_x = 0, .ofs_y = 21},
    {.bitmap_index = 16469, .adv_w = 438, .box_w = 24, .box_h = 24, .ofs_x = 2, .ofs_y = -7},
    {.bitmap_index = 16654, .adv_w = 320, .box_w = 20, .box_h = 19, .ofs_x = 0, .ofs_y = -4},
    {.bitmap_index = 16789, .adv_w = 0, .box_w = 5, .box_h = 6, .ofs_x = 0, .ofs_y = 11},
    {.bitmap_index = 16803, .adv_w = 0, .box_w = 5, .box_h = 6, .ofs_x = 0, .ofs_y = 11},
    {.bitmap_index = 16819, .adv_w = 0, .box_w = 6, .box_h = 5, .ofs_x = 0, .ofs_y = 12},
    {.bitmap_index = 16835, .adv_w = 0, .box_w = 5, .box_h = 7, .ofs_x = 0, .ofs_y = 9},
    {.bitmap_index = 16852, .adv_w = 0, .box_w = 9, .box_h = 7, .ofs_x = 0, .ofs_y = -6},
    {.bitmap_index = 16881, .adv_w = 0, .box_w = 7, .box_h = 4, .ofs_x = 0, .ofs_y = 11},
    {.bitmap_index = 16894, .adv_w = 64, .box_w = 4, .box_h = 5, .ofs_x = 0, .ofs_y = 0},
    {.bitmap_index = 16905, .adv_w = 112, .box_w = 7, .box_h = 4, .ofs_x = 0, .ofs_y = 0},
    {.bitmap_index = 16920, .adv_w = 0, .box_w = 7, .box_h = 5, .ofs_x = 0, .ofs_y = 11},
    {.bitmap_index = 16938, .adv_w = 0, .box_w = 6, .box_h = 7, .ofs_x = 0, .ofs_y = 21},
    {.bitmap_index = 16957, .adv_w = 195, .box_w = 12, .box_h = 15, .ofs_x = 0, .ofs_y = 0},
    {.bitmap_index = 17025, .adv_w = 0, .box_w = 6, .box_h = 6, .ofs_x = 0, .ofs_y = -7},
    {.bitmap_index = 17044, .adv_w = 0, .box_w = 6, .box_h = 6, .ofs_x = 0, .ofs_y = 11},
    {.bitmap_index = 17062, .adv_w = 0, .box_w = 4, .box_h = 4, .ofs_x = 0, .ofs_y = 12},
    {.bitmap_index = 17070, .adv_w = 0, .box_w = 5, .box_h = 7, .ofs_x = 0, .ofs_y = -8},
    {.bitmap_index = 17087, .adv_w = 161, .box_w = 10, .box_h = 17, .ofs_x = 0, .ofs_y = 0},
    {.bitmap_index = 17151, .adv_w = 126, .box_w = 8, .box_h = 19, .ofs_x = -1, .ofs_y = -5},
    {.bitmap_index = 17215, .adv_w = 183, .box_w = 5, .box_h = 5, .ofs_x = 3, .ofs_y = 3},
    {.bitmap_index = 17228, .adv_w = 183, .box_w = 5, .box_h = 14, .ofs_x = 3, .ofs_y = 0},
    {.bitmap_index = 17265, .adv_w = 183, .box_w = 10, .box_h = 14, .ofs_x = 1, .ofs_y = 0},
    {.bitmap_index = 17321, .adv_w = 183, .box_w = 12, .box_h = 14, .ofs_x = 0, .ofs_y = 0},
    {.bitmap_index = 17390, .adv_w = 183, .box_w = 10, .box_h = 14, .ofs_x = 1, .ofs_y = 0},
    {.bitmap_index = 17446, .adv_w = 183, .box_w = 11, .box_h = 14, .ofs_x = 0, .ofs_y = 0},
    {.bitmap_index = 17515, .adv_w = 183, .box_w = 9, .box_h = 15, .ofs_x = 1, .ofs_y = -1},
    {.bitmap_index = 17579, .adv_w = 183, .box_w = 12, .box_h = 15, .ofs_x = 0, .ofs_y = -1},
    {.bitmap_index = 17655, .adv_w = 183, .box_w = 12, .box_h = 15, .ofs_x = 0, .ofs_y = -1},
    {.bitmap_index = 17732, .adv_w = 183, .box_w = 10, .box_h = 14, .ofs_x = 1, .ofs_y = 0},
    {.bitmap_index = 17795, .adv_w = 419, .box_w = 26, .box_h = 20, .ofs_x = 0, .ofs_y = -5},
    {.bitmap_index = 17971, .adv_w = 441, .box_w = 27, .box_h = 18, .ofs_x = 0, .ofs_y = -5},
    {.bitmap_index = 18133, .adv_w = 175, .box_w = 13, .box_h = 24, .ofs_x = 0, .ofs_y = -8},
    {.bitmap_index = 18257, .adv_w = 143, .box_w = 9, .box_h = 13, .ofs_x = 0, .ofs_y = -5},
    {.bitmap_index = 18309, .adv_w = 168, .box_w = 10, .box_h = 17, .ofs_x = 0, .ofs_y = -8},
    {.bitmap_index = 18387, .adv_w = 235, .box_w = 14, .box_h = 17, .ofs_x = 0, .ofs_y = 0},
    {.bitmap_index = 18476, .adv_w = 324, .box_w = 20, .box_h = 13, .ofs_x = 0, .ofs_y = -4},
    {.bitmap_index = 18576, .adv_w = 324, .box_w = 20, .box_h = 19, .ofs_x = 0, .ofs_y = -5},
    {.bitmap_index = 18702, .adv_w = 324, .box_w = 20, .box_h = 16, .ofs_x = 0, .ofs_y = -7},
    {.bitmap_index = 18814, .adv_w = 324, .box_w = 20, .box_h = 19, .ofs_x = 0, .ofs_y = -7},
    {.bitmap_index = 18948, .adv_w = 324, .box_w = 20, .box_h = 17, .ofs_x = 0, .ofs_y = -5},
    {.bitmap_index = 19063, .adv_w = 324, .box_w = 20, .box_h = 15, .ofs_x = 0, .ofs_y = -6},
    {.bitmap_index = 19171, .adv_w = 324, .box_w = 20, .box_h = 14, .ofs_x = 0, .ofs_y = 0},
    {.bitmap_index = 19271, .adv_w = 214, .box_w = 13, .box_h = 22, .ofs_x = 0, .ofs_y = -8},
    {.bitmap_index = 19388, .adv_w = 216, .box_w = 14, .box_h = 18, .ofs_x = 0, .ofs_y = -8},
    {.bitmap_index = 19504, .adv_w = 161, .box_w = 10, .box_h = 26, .ofs_x = 0, .ofs_y = -8},
    {.bitmap_index = 19604, .adv_w = 161, .box_w = 10, .box_h = 17, .ofs_x = 0, .ofs_y = -6},
    {.bitmap_index = 19671, .adv_w = 126, .box_w = 9, .box_h = 13, .ofs_x = -1, .ofs_y = -5},
    {.bitmap_index = 19720, .adv_w = 419, .box_w = 26, .box_h = 20, .ofs_x = 0, .ofs_y = -5},
    {.bitmap_index = 19888, .adv_w = 175, .box_w = 13, .box_h = 23, .ofs_x = 0, .ofs_y = -8},
    {.bitmap_index = 20004, .adv_w = 175, .box_w = 13, .box_h = 26, .ofs_x = 0, .ofs_y = -8},
    {.bitmap_index = 20130, .adv_w = 175, .box_w = 13, .box_h = 26, .ofs_x = 0, .ofs_y = -8},
    {.bitmap_index = 20253, .adv_w = 323, .box_w = 20, .box_h = 17, .ofs_x = 0, .ofs_y = -5},
    {.bitmap_index = 20366, .adv_w = 323, .box_w = 20, .box_h = 19, .ofs_x = 0, .ofs_y = -7},
    {.bitmap_index = 20491, .adv_w = 287, .box_w = 19, .box_h = 18, .ofs_x = 0, .ofs_y = 0},
    {.bitmap_index = 20612, .adv_w = 287, .box_w = 19, .box_h = 18, .ofs_x = 0, .ofs_y = 0},
    {.bitmap_index = 20735, .adv_w = 287, .box_w = 19, .box_h = 22, .ofs_x = 0, .ofs_y = -7},
    {.bitmap_index = 20879, .adv_w = 168, .box_w = 10, .box_h = 21, .ofs_x = 0, .ofs_y = -8},
    {.bitmap_index = 20964, .adv_w = 168, .box_w = 10, .box_h = 17, .ofs_x = 0, .ofs_y = -8},
    {.bitmap_index = 21043, .adv_w = 230, .box_w = 14, .box_h = 20, .ofs_x = 0, .ofs_y = -9},
    {.bitmap_index = 21146, .adv_w = 230, .box_w = 14, .box_h = 22, .ofs_x = 0, .ofs_y = -5},
    {.bitmap_index = 21258, .adv_w = 230, .box_w = 14, .box_h = 21, .ofs_x = 0, .ofs_y = -5},
    {.bitmap_index = 21363, .adv_w = 232, .box_w = 15, .box_h = 19, .ofs_x = 0, .ofs_y = -4},
    {.bitmap_index = 21465, .adv_w = 126, .box_w = 8, .box_h = 20, .ofs_x = -1, .ofs_y = -5},
    {.bitmap_index = 21530, .adv_w = 126, .box_w = 8, .box_h = 20, .ofs_x = -1, .ofs_y = -5},
    {.bitmap_index = 21595, .adv_w = 419, .box_w = 26, .box_h = 20, .ofs_x = 0, .ofs_y = -5},
    {.bitmap_index = 21760, .adv_w = 216, .box_w = 14, .box_h = 18, .ofs_x = 0, .ofs_y = -8},
    {.bitmap_index = 21875, .adv_w = 216, .box_w = 14, .box_h = 18, .ofs_x = 0, .ofs_y = -8},
    {.bitmap_index = 21991, .adv_w = 419, .box_w = 26, .box_h = 20, .ofs_x = 0, .ofs_y = -5},
    {.bitmap_index = 22162, .adv_w = 126, .box_w = 8, .box_h = 20, .ofs_x = -1, .ofs_y = -5},
    {.bitmap_index = 22234, .adv_w = 214, .box_w = 13, .box_h = 25, .ofs_x = 0, .ofs_y = -8},
    {.bitmap_index = 22359, .adv_w = 108, .box_w = 7, .box_h = 20, .ofs_x = -1, .ofs_y = 0},
    {.bitmap_index = 22408, .adv_w = 108, .box_w = 7, .box_h = 20, .ofs_x = -1, .ofs_y = 0},
    {.bitmap_index = 22459, .adv_w = 255, .box_w = 16, .box_h = 16, .ofs_x = 0, .ofs_y = -5},
    {.bitmap_index = 22572, .adv_w = 255, .box_w = 16, .box_h = 16, .ofs_x = 0, .ofs_y = -5},
    {.bitmap_index = 22684, .adv_w = 255, .box_w = 16, .box_h = 20, .ofs_x = 0, .ofs_y = -11},
    {.bitmap_index = 22805, .adv_w = 153, .box_w = 9, .box_h = 18, .ofs_x = 0, .ofs_y = -5},
    {.bitmap_index = 22881, .adv_w = 153, .box_w = 9, .box_h = 18, .ofs_x = 0, .ofs_y = -5},
    {.bitmap_index = 22960, .adv_w = 301, .box_w = 19, .box_h = 15, .ofs_x = 0, .ofs_y = 0},
    {.bitmap_index = 23057, .adv_w = 301, .box_w = 19, .box_h = 15, .ofs_x = 0, .ofs_y = 0},
    {.bitmap_index = 23158, .adv_w = 216, .box_w = 14, .box_h = 18, .ofs_x = 0, .ofs_y = -8},
    {.bitmap_index = 23273, .adv_w = 419, .box_w = 26, .box_h = 21, .ofs_x = 0, .ofs_y = -5},
    {.bitmap_index = 23442, .adv_w = 419, .box_w = 26, .box_h = 19, .ofs_x = 0, .ofs_y = -5},
    {.bitmap_index = 23606, .adv_w = 292, .box_w = 18, .box_h = 16, .ofs_x = 0, .ofs_y = 0},
    {.bitmap_index = 23724, .adv_w = 82, .box_w = 7, .box_h = 20, .ofs_x = -1, .ofs_y = 0},
    {.bitmap_index = 23771, .adv_w = 99, .box_w = 9, .box_h = 21, .ofs_x = -1, .ofs_y = 0},
    {.bitmap_index = 23839, .adv_w = 324, .box_w = 20, .box_h = 17, .ofs_x = 0, .ofs_y = -8},
    {.bitmap_index = 23948, .adv_w = 360, .box_w = 24, .box_h = 16, .ofs_x = 0, .ofs_y = -8},
    {.bitmap_index = 24059, .adv_w = 96, .box_w = 5, .box_h = 18, .ofs_x = 0, .ofs_y = -8},
    {.bitmap_index = 24103, .adv_w = 118, .box_w = 9, .box_h = 15, .ofs_x = 0, .ofs_y = -8},
    {.bitmap_index = 24157, .adv_w = 324, .box_w = 20, .box_h = 16, .ofs_x = 0, .ofs_y = -7},
    {.bitmap_index = 24270, .adv_w = 360, .box_w = 24, .box_h = 15, .ofs_x = 0, .ofs_y = -7},
    {.bitmap_index = 24385, .adv_w = 108, .box_w = 6, .box_h = 17, .ofs_x = 0, .ofs_y = -7},
    {.bitmap_index = 24433, .adv_w = 126, .box_w = 10, .box_h = 14, .ofs_x = 0, .ofs_y = -7},
    {.bitmap_index = 24491, .adv_w = 324, .box_w = 20, .box_h = 16, .ofs_x = 0, .ofs_y = -7},
    {.bitmap_index = 24608, .adv_w = 360, .box_w = 24, .box_h = 15, .ofs_x = 0, .ofs_y = -7},
    {.bitmap_index = 24725, .adv_w = 108, .box_w = 6, .box_h = 17, .ofs_x = 0, .ofs_y = -7},
    {.bitmap_index = 24773, .adv_w = 126, .box_w = 10, .box_h = 14, .ofs_x = 0, .ofs_y = -7},
    {.bitmap_index = 24833, .adv_w = 324, .box_w = 20, .box_h = 15, .ofs_x = 0, .ofs_y = 0},
    {.bitmap_index = 24934, .adv_w = 360, .box_w = 24, .box_h = 15, .ofs_x = 0, .ofs_y = 0},
    {.bitmap_index = 25041, .adv_w = 108, .box_w = 6, .box_h = 17, .ofs_x = 0, .ofs_y = 0},
    {.bitmap_index = 25086, .adv_w = 126, .box_w = 10, .box_h = 14, .ofs_x = 0, .ofs_y = 0},
    {.bitmap_index = 25137, .adv_w = 324, .box_w = 20, .box_h = 14, .ofs_x = 0, .ofs_y = 0},
    {.bitmap_index = 25244, .adv_w = 360, .box_w = 24, .box_h = 14, .ofs_x = 0, .ofs_y = 0},
    {.bitmap_index = 25356, .adv_w = 108, .box_w = 6, .box_h = 16, .ofs_x = 0, .ofs_y = 0},
    {.bitmap_index = 25403, .adv_w = 126, .box_w = 10, .box_h = 14, .ofs_x = 0, .ofs_y = 0},
    {.bitmap_index = 25459, .adv_w = 324, .box_w = 20, .box_h = 15, .ofs_x = 0, .ofs_y = 0},
    {.bitmap_index = 25564, .adv_w = 360, .box_w = 24, .box_h = 15, .ofs_x = 0, .ofs_y = 0},
    {.bitmap_index = 25674, .adv_w = 96, .box_w = 6, .box_h = 17, .ofs_x = 0, .ofs_y = 0},
    {.bitmap_index = 25721, .adv_w = 126, .box_w = 10, .box_h = 15, .ofs_x = 0, .ofs_y = 0},
    {.bitmap_index = 25781, .adv_w = 323, .box_w = 20, .box_h = 18, .ofs_x = 0, .ofs_y = 0},
    {.bitmap_index = 25901, .adv_w = 355, .box_w = 24, .box_h = 16, .ofs_x = 0, .ofs_y = 0},
    {.bitmap_index = 26020, .adv_w = 155, .box_w = 9, .box_h = 18, .ofs_x = 0, .ofs_y = 0},
    {.bitmap_index = 26093, .adv_w = 165, .box_w = 12, .box_h = 16, .ofs_x = 0, .ofs_y = 0},
    {.bitmap_index = 26167, .adv_w = 323, .box_w = 20, .box_h = 19, .ofs_x = 0, .ofs_y = 0},
    {.bitmap_index = 26293, .adv_w = 355, .box_w = 24, .box_h = 17, .ofs_x = 0, .ofs_y = 0},
    {.bitmap_index = 26425, .adv_w = 155, .box_w = 9, .box_h = 18, .ofs_x = 0, .ofs_y = 0},
    {.bitmap_index = 26501, .adv_w = 165, .box_w = 12, .box_h = 16, .ofs_x = 0, .ofs_y = 0},
    {.bitmap_index = 26575, .adv_w = 214, .box_w = 13, .box_h = 18, .ofs_x = 0, .ofs_y = -8},
    {.bitmap_index = 26682, .adv_w = 226, .box_w = 16, .box_h = 18, .ofs_x = 0, .ofs_y = -8},
    {.bitmap_index = 26807, .adv_w = 196, .box_w = 12, .box_h = 15, .ofs_x = 0, .ofs_y = -7},
    {.bitmap_index = 26877, .adv_w = 207, .box_w = 15, .box_h = 15, .ofs_x = 0, .ofs_y = -7},
    {.bitmap_index = 26965, .adv_w = 216, .box_w = 14, .box_h = 17, .ofs_x = 0, .ofs_y = -8},
    {.bitmap_index = 27071, .adv_w = 238, .box_w = 17, .box_h = 17, .ofs_x = 0, .ofs_y = -8},
    {.bitmap_index = 27195, .adv_w = 196, .box_w = 12, .box_h = 13, .ofs_x = 0, .ofs_y = -5},
    {.bitmap_index = 27259, .adv_w = 207, .box_w = 15, .box_h = 12, .ofs_x = 0, .ofs_y = -4},
    {.bitmap_index = 27335, .adv_w = 216, .box_w = 14, .box_h = 18, .ofs_x = 0, .ofs_y = -7},
    {.bitmap_index = 27447, .adv_w = 238, .box_w = 17, .box_h = 18, .ofs_x = 0, .ofs_y = -7},
    {.bitmap_index = 27577, .adv_w = 196, .box_w = 12, .box_h = 15, .ofs_x = 0, .ofs_y = -7},
    {.bitmap_index = 27651, .adv_w = 207, .box_w = 15, .box_h = 15, .ofs_x = 0, .ofs_y = -7},
    {.bitmap_index = 27740, .adv_w = 216, .box_w = 14, .box_h = 17, .ofs_x = 0, .ofs_y = -7},
    {.bitmap_index = 27844, .adv_w = 238, .box_w = 17, .box_h = 17, .ofs_x = 0, .ofs_y = -7},
    {.bitmap_index = 27967, .adv_w = 196, .box_w = 12, .box_h = 15, .ofs_x = 0, .ofs_y = -7},
    {.bitmap_index = 28043, .adv_w = 207, .box_w = 15, .box_h = 15, .ofs_x = 0, .ofs_y = -7},
    {.bitmap_index = 28132, .adv_w = 161, .box_w = 10, .box_h = 16, .ofs_x = 0, .ofs_y = -5},
    {.bitmap_index = 28195, .adv_w = 178, .box_w = 13, .box_h = 16, .ofs_x = 0, .ofs_y = -5},
    {.bitmap_index = 28270, .adv_w = 161, .box_w = 10, .box_h = 15, .ofs_x = 0, .ofs_y = 0},
    {.bitmap_index = 28331, .adv_w = 178, .box_w = 13, .box_h = 15, .ofs_x = 0, .ofs_y = 0},
    {.bitmap_index = 28403, .adv_w = 161, .box_w = 10, .box_h = 17, .ofs_x = 0, .ofs_y = 0},
    {.bitmap_index = 28471, .adv_w = 178, .box_w = 13, .box_h = 17, .ofs_x = 0, .ofs_y = 0},
    {.bitmap_index = 28548, .adv_w = 161, .box_w = 10, .box_h = 18, .ofs_x = 0, .ofs_y = 0},
    {.bitmap_index = 28620, .adv_w = 178, .box_w = 13, .box_h = 18, .ofs_x = 0, .ofs_y = 0},
    {.bitmap_index = 28703, .adv_w = 126, .box_w = 8, .box_h = 20, .ofs_x = -1, .ofs_y = -5},
    {.bitmap_index = 28771, .adv_w = 138, .box_w = 11, .box_h = 20, .ofs_x = -1, .ofs_y = -5},
    {.bitmap_index = 28854, .adv_w = 126, .box_w = 9, .box_h = 20, .ofs_x = -1, .ofs_y = -5},
    {.bitmap_index = 28927, .adv_w = 138, .box_w = 11, .box_h = 21, .ofs_x = -1, .ofs_y = -5},
    {.bitmap_index = 29012, .adv_w = 287, .box_w = 19, .box_h = 15, .ofs_x = 0, .ofs_y = 0},
    {.bitmap_index = 29117, .adv_w = 308, .box_w = 21, .box_h = 15, .ofs_x = 0, .ofs_y = 0},
    {.bitmap_index = 29229, .adv_w = 140, .box_w = 9, .box_h = 15, .ofs_x = 0, .ofs_y = 0},
    {.bitmap_index = 29290, .adv_w = 163, .box_w = 12, .box_h = 15, .ofs_x = 0, .ofs_y = 0},
    {.bitmap_index = 29362, .adv_w = 287, .box_w = 19, .box_h = 18, .ofs_x = 0, .ofs_y = 0},
    {.bitmap_index = 29488, .adv_w = 308, .box_w = 21, .box_h = 18, .ofs_x = 0, .ofs_y = 0},
    {.bitmap_index = 29618, .adv_w = 140, .box_w = 10, .box_h = 18, .ofs_x = -1, .ofs_y = 0},
    {.bitmap_index = 29697, .adv_w = 163, .box_w = 13, .box_h = 18, .ofs_x = -1, .ofs_y = 0},
    {.bitmap_index = 29787, .adv_w = 287, .box_w = 19, .box_h = 26, .ofs_x = 0, .ofs_y = -8},
    {.bitmap_index = 29952, .adv_w = 308, .box_w = 21, .box_h = 26, .ofs_x = 0, .ofs_y = -8},
    {.bitmap_index = 30123, .adv_w = 140, .box_w = 10, .box_h = 25, .ofs_x = -1, .ofs_y = -7},
    {.bitmap_index = 30226, .adv_w = 163, .box_w = 13, .box_h = 25, .ofs_x = -1, .ofs_y = -7},
    {.bitmap_index = 30344, .adv_w = 287, .box_w = 19, .box_h = 20, .ofs_x = 0, .ofs_y = 0},
    {.bitmap_index = 30485, .adv_w = 308, .box_w = 21, .box_h = 20, .ofs_x = 0, .ofs_y = 0},
    {.bitmap_index = 30637, .adv_w = 140, .box_w = 10, .box_h = 20, .ofs_x = -1, .ofs_y = 0},
    {.bitmap_index = 30729, .adv_w = 163, .box_w = 13, .box_h = 20, .ofs_x = -1, .ofs_y = 0},
    {.bitmap_index = 30834, .adv_w = 230, .box_w = 14, .box_h = 12, .ofs_x = 0, .ofs_y = -5},
    {.bitmap_index = 30901, .adv_w = 249, .box_w = 17, .box_h = 12, .ofs_x = 0, .ofs_y = -5},
    {.bitmap_index = 30979, .adv_w = 230, .box_w = 14, .box_h = 19, .ofs_x = 0, .ofs_y = -5},
    {.bitmap_index = 31079, .adv_w = 249, .box_w = 17, .box_h = 19, .ofs_x = 0, .ofs_y = -5},
    {.bitmap_index = 31187, .adv_w = 96, .box_w = 6, .box_h = 17, .ofs_x = 0, .ofs_y = 0},
    {.bitmap_index = 31234, .adv_w = 126, .box_w = 10, .box_h = 15, .ofs_x = 0, .ofs_y = 0},
    {.bitmap_index = 31294, .adv_w = 143, .box_w = 9, .box_h = 17, .ofs_x = 0, .ofs_y = 0},
    {.bitmap_index = 31360, .adv_w = 170, .box_w = 12, .box_h = 19, .ofs_x = 0, .ofs_y = 0},
    {.bitmap_index = 31447, .adv_w = 143, .box_w = 9, .box_h = 11, .ofs_x = 0, .ofs_y = 0},
    {.bitmap_index = 31493, .adv_w = 175, .box_w = 13, .box_h = 8, .ofs_x = 0, .ofs_y = 0},
    {.bitmap_index = 31537, .adv_w = 96, .box_w = 5, .box_h = 14, .ofs_x = 0, .ofs_y = -4},
    {.bitmap_index = 31571, .adv_w = 156, .box_w = 12, .box_h = 10, .ofs_x = 0, .ofs_y = -6},
    {.bitmap_index = 31621, .adv_w = 235, .box_w = 14, .box_h = 11, .ofs_x = 0, .ofs_y = 0},
    {.bitmap_index = 31684, .adv_w = 211, .box_w = 15, .box_h = 15, .ofs_x = 0, .ofs_y = -5},
    {.bitmap_index = 31776, .adv_w = 197, .box_w = 12, .box_h = 11, .ofs_x = 0, .ofs_y = 0},
    {.bitmap_index = 31836, .adv_w = 175, .box_w = 13, .box_h = 15, .ofs_x = 0, .ofs_y = -5},
    {.bitmap_index = 31921, .adv_w = 301, .box_w = 19, .box_h = 10, .ofs_x = 0, .ofs_y = 0},
    {.bitmap_index = 31989, .adv_w = 178, .box_w = 13, .box_h = 9, .ofs_x = 0, .ofs_y = -6},
    {.bitmap_index = 32037, .adv_w = 301, .box_w = 19, .box_h = 17, .ofs_x = 0, .ofs_y = 0},
    {.bitmap_index = 32140, .adv_w = 178, .box_w = 13, .box_h = 15, .ofs_x = 0, .ofs_y = -6},
    {.bitmap_index = 32214, .adv_w = 58, .box_w = 4, .box_h = 3, .ofs_x = 0, .ofs_y = 11},
    {.bitmap_index = 32220, .adv_w = 57, .box_w = 4, .box_h = 3, .ofs_x = 0, .ofs_y = -4},
    {.bitmap_index = 32226, .adv_w = 108, .box_w = 7, .box_h = 3, .ofs_x = 0, .ofs_y = 11},
    {.bitmap_index = 32237, .adv_w = 92, .box_w = 6, .box_h = 3, .ofs_x = 0, .ofs_y = -4},
    {.bitmap_index = 32246, .adv_w = 92, .box_w = 6, .box_h = 5, .ofs_x = 0, .ofs_y = 11},
    {.bitmap_index = 32261, .adv_w = 92, .box_w = 6, .box_h = 5, .ofs_x = 0, .ofs_y = -6},
    {.bitmap_index = 32276, .adv_w = 92, .box_w = 6, .box_h = 5, .ofs_x = 0, .ofs_y = 11},
    {.bitmap_index = 32291, .adv_w = 92, .box_w = 6, .box_h = 5, .ofs_x = 0, .ofs_y = -6},
    {.bitmap_index = 32307, .adv_w = 92, .box_w = 6, .box_h = 5, .ofs_x = 0, .ofs_y = 11},
    {.bitmap_index = 32322, .adv_w = 92, .box_w = 6, .box_h = 5, .ofs_x = 0, .ofs_y = -7},
    {.bitmap_index = 32338, .adv_w = 85, .box_w = 5, .box_h = 4, .ofs_x = 0, .ofs_y = -4},
    {.bitmap_index = 32348, .adv_w = 55, .box_w = 3, .box_h = 6, .ofs_x = 0, .ofs_y = 11},
    {.bitmap_index = 32357, .adv_w = 55, .box_w = 3, .box_h = 6, .ofs_x = 0, .ofs_y = -7},
    {.bitmap_index = 32366, .adv_w = 74, .box_w = 5, .box_h = 5, .ofs_x = 0, .ofs_y = -1},
    {.bitmap_index = 32379, .adv_w = 99, .box_w = 6, .box_h = 6, .ofs_x = 0, .ofs_y = 11},
    {.bitmap_index = 32397, .adv_w = 92, .box_w = 6, .box_h = 6, .ofs_x = 0, .ofs_y = -6},
    {.bitmap_index = 32415, .adv_w = 115, .box_w = 7, .box_h = 6, .ofs_x = 0, .ofs_y = 11},
    {.bitmap_index = 32434, .adv_w = 292, .box_w = 18, .box_h = 18, .ofs_x = 0, .ofs_y = 0},
    {.bitmap_index = 32559, .adv_w = 305, .box_w = 21, .box_h = 18, .ofs_x = 0, .ofs_y = 0},
    {.bitmap_index = 32698, .adv_w = 140, .box_w = 9, .box_h = 18, .ofs_x = 0, .ofs_y = 0},
    {.bitmap_index = 32773, .adv_w = 163, .box_w = 12, .box_h = 18, .ofs_x = 0, .ofs_y = 0},
    {.bitmap_index = 32861, .adv_w = 153, .box_w = 9, .box_h = 19, .ofs_x = 0, .ofs_y = -5},
    {.bitmap_index = 32940, .adv_w = 161, .box_w = 12, .box_h = 20, .ofs_x = 0, .ofs_y = -5},
    {.bitmap_index = 33033, .adv_w = 153, .box_w = 9, .box_h = 19, .ofs_x = 0, .ofs_y = -5},
    {.bitmap_index = 33113, .adv_w = 161, .box_w = 12, .box_h = 19, .ofs_x = 0, .ofs_y = -5},
    {.bitmap_index = 33204, .adv_w = 153, .box_w = 9, .box_h = 19, .ofs_x = 0, .ofs_y = -5},
    {.bitmap_index = 33276, .adv_w = 161, .box_w = 12, .box_h = 19, .ofs_x = 0, .ofs_y = -5},
    {.bitmap_index = 33359, .adv_w = 297, .box_w = 18, .box_h = 19, .ofs_x = 0, .ofs_y = -5},
    {.bitmap_index = 33494, .adv_w = 153, .box_w = 9, .box_h = 20, .ofs_x = 0, .ofs_y = -5},
    {.bitmap_index = 33579, .adv_w = 161, .box_w = 12, .box_h = 20, .ofs_x = 0, .ofs_y = -5},
    {.bitmap_index = 33676, .adv_w = 153, .box_w = 9, .box_h = 14, .ofs_x = 0, .ofs_y = -6},
    {.bitmap_index = 33738, .adv_w = 161, .box_w = 12, .box_h = 14, .ofs_x = 0, .ofs_y = -6},
    {.bitmap_index = 33812, .adv_w = 153, .box_w = 9, .box_h = 19, .ofs_x = 0, .ofs_y = -5},
    {.bitmap_index = 33892, .adv_w = 161, .box_w = 12, .box_h = 19, .ofs_x = 0, .ofs_y = -5},
    {.bitmap_index = 33983, .adv_w = 255, .box_w = 16, .box_h = 21, .ofs_x = 0, .ofs_y = -12},
    {.bitmap_index = 34109, .adv_w = 248, .box_w = 17, .box_h = 17, .ofs_x = 0, .ofs_y = -12},
    {.bitmap_index = 34211, .adv_w = 108, .box_w = 6, .box_h = 18, .ofs_x = 0, .ofs_y = -8},
    {.bitmap_index = 34260, .adv_w = 126, .box_w = 10, .box_h = 15, .ofs_x = 0, .ofs_y = -8},
    {.bitmap_index = 34318, .adv_w = 96, .box_w = 5, .box_h = 10, .ofs_x = 0, .ofs_y = 0},
    {.bitmap_index = 34342, .adv_w = 118, .box_w = 9, .box_h = 7, .ofs_x = 0, .ofs_y = 0},
    {.bitmap_index = 34369, .adv_w = 194, .box_w = 11, .box_h = 15, .ofs_x = 1, .ofs_y = 0},
    {.bitmap_index = 34444, .adv_w = 216, .box_w = 14, .box_h = 15, .ofs_x = 1, .ofs_y = 0},
    {.bitmap_index = 34528, .adv_w = 270, .box_w = 16, .box_h = 15, .ofs_x = 0, .ofs_y = 0},
    {.bitmap_index = 34619, .adv_w = 292, .box_w = 20, .box_h = 14, .ofs_x = 0, .ofs_y = 0},
    {.bitmap_index = 34716, .adv_w = 257, .box_w = 16, .box_h = 20, .ofs_x = 0, .ofs_y = -5},
    {.bitmap_index = 34838, .adv_w = 279, .box_w = 19, .box_h = 19, .ofs_x = 0, .ofs_y = -5},
    {.bitmap_index = 34967, .adv_w = 257, .box_w = 16, .box_h = 20, .ofs_x = 0, .ofs_y = -5},
    {.bitmap_index = 35100, .adv_w = 279, .box_w = 19, .box_h = 20, .ofs_x = 0, .ofs_y = -5},
    {.bitmap_index = 35248, .adv_w = 257, .box_w = 16, .box_h = 20, .ofs_x = 0, .ofs_y = -5},
    {.bitmap_index = 35382, .adv_w = 279, .box_w = 19, .box_h = 20, .ofs_x = 0, .ofs_y = -5},
    {.bitmap_index = 35529, .adv_w = 257, .box_w = 16, .box_h = 20, .ofs_x = 0, .ofs_y = -5},
    {.bitmap_index = 35655, .adv_w = 279, .box_w = 19, .box_h = 19, .ofs_x = 0, .ofs_y = -5},
    {.bitmap_index = 35792, .adv_w = 344, .box_w = 21, .box_h = 27, .ofs_x = 0, .ofs_y = -12},
    {.bitmap_index = 35960, .adv_w = 366, .box_w = 25, .box_h = 26, .ofs_x = 0, .ofs_y = -12},
    {.bitmap_index = 36132, .adv_w = 222, .box_w = 13, .box_h = 23, .ofs_x = 0, .ofs_y = -8},
    {.bitmap_index = 36240, .adv_w = 344, .box_w = 21, .box_h = 20, .ofs_x = 0, .ofs_y = -5},
    {.bitmap_index = 36373, .adv_w = 366, .box_w = 25, .box_h = 19, .ofs_x = 0, .ofs_y = -5},
    {.bitmap_index = 36512, .adv_w = 213, .box_w = 13, .box_h = 15, .ofs_x = 0, .ofs_y = 0},
    {.bitmap_index = 36584, .adv_w = 255, .box_w = 16, .box_h = 14, .ofs_x = 0, .ofs_y = -5},
    {.bitmap_index = 36677, .adv_w = 248, .box_w = 17, .box_h = 10, .ofs_x = 0, .ofs_y = -5},
    {.bitmap_index = 36747, .adv_w = 108, .box_w = 6, .box_h = 15, .ofs_x = 0, .ofs_y = -5},
    {.bitmap_index = 36787, .adv_w = 126, .box_w = 10, .box_h = 12, .ofs_x = 0, .ofs_y = -5},
    {.bitmap_index = 36837, .adv_w = 321, .box_w = 20, .box_h = 24, .ofs_x = 0, .ofs_y = -9},
    {.bitmap_index = 37018, .adv_w = 321, .box_w = 20, .box_h = 23, .ofs_x = 0, .ofs_y = -8},
    {.bitmap_index = 37190, .adv_w = 295, .box_w = 18, .box_h = 23, .ofs_x = 0, .ofs_y = -8},
    {.bitmap_index = 37338, .adv_w = 344, .box_w = 21, .box_h = 20, .ofs_x = 0, .ofs_y = -5},
    {.bitmap_index = 37471, .adv_w = 344, .box_w = 21, .box_h = 24, .ofs_x = 0, .ofs_y = -9},
    {.bitmap_index = 37629, .adv_w = 321, .box_w = 20, .box_h = 18, .ofs_x = 0, .ofs_y = -9},
    {.bitmap_index = 37786, .adv_w = 321, .box_w = 20, .box_h = 18, .ofs_x = 0, .ofs_y = -8},
    {.bitmap_index = 37938, .adv_w = 321, .box_w = 20, .box_h = 22, .ofs_x = 0, .ofs_y = -8},
    {.bitmap_index = 38109, .adv_w = 295, .box_w = 18, .box_h = 18, .ofs_x = 0, .ofs_y = -8},
    {.bitmap_index = 38236, .adv_w = 344, .box_w = 21, .box_h = 15, .ofs_x = 0, .ofs_y = -5},
    {.bitmap_index = 38344, .adv_w = 344, .box_w = 21, .box_h = 19, .ofs_x = 0, .ofs_y = -9},
    {.bitmap_index = 38477, .adv_w = 321, .box_w = 20, .box_h = 22, .ofs_x = 0, .ofs_y = -9},
    {.bitmap_index = 38650, .adv_w = 321, .box_w = 20, .box_h = 22, .ofs_x = 0, .ofs_y = -8},
    {.bitmap_index = 38817, .adv_w = 321, .box_w = 20, .box_h = 22, .ofs_x = 0, .ofs_y = -8},
    {.bitmap_index = 38990, .adv_w = 295, .box_w = 19, .box_h = 22, .ofs_x = 0, .ofs_y = -8},
    {.bitmap_index = 39139, .adv_w = 344, .box_w = 22, .box_h = 19, .ofs_x = 0, .ofs_y = -5},
    {.bitmap_index = 39269, .adv_w = 344, .box_w = 22, .box_h = 23, .ofs_x = 0, .ofs_y = -9},
    {.bitmap_index = 39424, .adv_w = 321, .box_w = 20, .box_h = 25, .ofs_x = 0, .ofs_y = -9},
    {.bitmap_index = 39610, .adv_w = 295, .box_w = 18, .box_h = 24, .ofs_x = 0, .ofs_y = -8},
    {.bitmap_index = 39765, .adv_w = 344, .box_w = 21, .box_h = 21, .ofs_x = 0, .ofs_y = -5},
    {.bitmap_index = 39900, .adv_w = 344, .box_w = 21, .box_h = 25, .ofs_x = 0, .ofs_y = -9},
    {.bitmap_index = 40060, .adv_w = 422, .box_w = 26, .box_h = 18, .ofs_x = 0, .ofs_y = -8},
    {.bitmap_index = 40240, .adv_w = 396, .box_w = 25, .box_h = 17, .ofs_x = 0, .ofs_y = -8},
    {.bitmap_index = 40397, .adv_w = 422, .box_w = 26, .box_h = 18, .ofs_x = 0, .ofs_y = -9},
    {.bitmap_index = 40575, .adv_w = 396, .box_w = 25, .box_h = 17, .ofs_x = 0, .ofs_y = -8},
    {.bitmap_index = 40720, .adv_w = 422, .box_w = 26, .box_h = 21, .ofs_x = 0, .ofs_y = -9},
    {.bitmap_index = 40916, .adv_w = 422, .box_w = 26, .box_h = 21, .ofs_x = 0, .ofs_y = -8},
    {.bitmap_index = 41102, .adv_w = 396, .box_w = 25, .box_h = 21, .ofs_x = 0, .ofs_y = -8},
    {.bitmap_index = 41268, .adv_w = 509, .box_w = 31, .box_h = 18, .ofs_x = 0, .ofs_y = -9},
    {.bitmap_index = 41467, .adv_w = 509, .box_w = 31, .box_h = 18, .ofs_x = 0, .ofs_y = -8},
    {.bitmap_index = 41662, .adv_w = 509, .box_w = 31, .box_h = 22, .ofs_x = 0, .ofs_y = -8},
    {.bitmap_index = 41876, .adv_w = 484, .box_w = 30, .box_h = 18, .ofs_x = 0, .ofs_y = -8},
    {.bitmap_index = 42050, .adv_w = 529, .box_w = 33, .box_h = 18, .ofs_x = 0, .ofs_y = -8},
    {.bitmap_index = 42256, .adv_w = 503, .box_w = 31, .box_h = 17, .ofs_x = 0, .ofs_y = -8},
    {.bitmap_index = 42432, .adv_w = 529, .box_w = 33, .box_h = 22, .ofs_x = 0, .ofs_y = -9},
    {.bitmap_index = 42661, .adv_w = 529, .box_w = 33, .box_h = 21, .ofs_x = 0, .ofs_y = -8},
    {.bitmap_index = 42885, .adv_w = 529, .box_w = 33, .box_h = 22, .ofs_x = 0, .ofs_y = -8},
    {.bitmap_index = 43123, .adv_w = 503, .box_w = 31, .box_h = 21, .ofs_x = 0, .ofs_y = -8},
    {.bitmap_index = 43319, .adv_w = 454, .box_w = 28, .box_h = 23, .ofs_x = 0, .ofs_y = -8},
    {.bitmap_index = 43518, .adv_w = 428, .box_w = 26, .box_h = 23, .ofs_x = 0, .ofs_y = -8},
    {.bitmap_index = 43689, .adv_w = 428, .box_w = 26, .box_h = 23, .ofs_x = 0, .ofs_y = -8},
    {.bitmap_index = 43872, .adv_w = 397, .box_w = 25, .box_h = 18, .ofs_x = 0, .ofs_y = -9},
    {.bitmap_index = 44049, .adv_w = 371, .box_w = 23, .box_h = 18, .ofs_x = 0, .ofs_y = -8},
    {.bitmap_index = 44193, .adv_w = 397, .box_w = 25, .box_h = 24, .ofs_x = 0, .ofs_y = -9},
    {.bitmap_index = 44392, .adv_w = 371, .box_w = 23, .box_h = 23, .ofs_x = 0, .ofs_y = -8},
    {.bitmap_index = 44555, .adv_w = 380, .box_w = 23, .box_h = 24, .ofs_x = 0, .ofs_y = -9},
    {.bitmap_index = 44752, .adv_w = 380, .box_w = 23, .box_h = 24, .ofs_x = 0, .ofs_y = -8},
    {.bitmap_index = 44936, .adv_w = 380, .box_w = 23, .box_h = 24, .ofs_x = 0, .ofs_y = -8},
    {.bitmap_index = 45132, .adv_w = 354, .box_w = 22, .box_h = 24, .ofs_x = 0, .ofs_y = -8},
    {.bitmap_index = 45303, .adv_w = 403, .box_w = 25, .box_h = 21, .ofs_x = 0, .ofs_y = -5},
    {.bitmap_index = 45459, .adv_w = 403, .box_w = 25, .box_h = 25, .ofs_x = 0, .ofs_y = -9},
    {.bitmap_index = 45638, .adv_w = 380, .box_w = 23, .box_h = 24, .ofs_x = 0, .ofs_y = -8},
    {.bitmap_index = 45828, .adv_w = 354, .box_w = 22, .box_h = 24, .ofs_x = 0, .ofs_y = -8},
    {.bitmap_index = 46006, .adv_w = 403, .box_w = 25, .box_h = 21, .ofs_x = 0, .ofs_y = -5},
    {.bitmap_index = 46169, .adv_w = 403, .box_w = 25, .box_h = 25, .ofs_x = 0, .ofs_y = -9},
    {.bitmap_index = 46355, .adv_w = 239, .box_w = 15, .box_h = 15, .ofs_x = 1, .ofs_y = 0},
    {.bitmap_index = 46451, .adv_w = 366, .box_w = 24, .box_h = 23, .ofs_x = 0, .ofs_y = -9},
    {.bitmap_index = 46652, .adv_w = 366, .box_w = 24, .box_h = 23, .ofs_x = 0, .ofs_y = -8},
    {.bitmap_index = 46844, .adv_w = 366, .box_w = 24, .box_h = 23, .ofs_x = 0, .ofs_y = -8},
    {.bitmap_index = 47047, .adv_w = 386, .box_w = 25, .box_h = 20, .ofs_x = 0, .ofs_y = -5},
    {.bitmap_index = 47217, .adv_w = 340, .box_w = 22, .box_h = 23, .ofs_x = 0, .ofs_y = -8},
    {.bitmap_index = 47384, .adv_w = 388, .box_w = 25, .box_h = 20, .ofs_x = 0, .ofs_y = -5},
    {.bitmap_index = 47537, .adv_w = 388, .box_w = 25, .box_h = 24, .ofs_x = 0, .ofs_y = -9},
    {.bitmap_index = 47715, .adv_w = 316, .box_w = 19, .box_h = 24, .ofs_x = 0, .ofs_y = -9},
    {.bitmap_index = 47881, .adv_w = 316, .box_w = 19, .box_h = 23, .ofs_x = 0, .ofs_y = -8},
    {.bitmap_index = 48038, .adv_w = 316, .box_w = 19, .box_h = 23, .ofs_x = 0, .ofs_y = -8},
    {.bitmap_index = 48203, .adv_w = 290, .box_w = 18, .box_h = 23, .ofs_x = 0, .ofs_y = -8},
    {.bitmap_index = 48339, .adv_w = 339, .box_w = 21, .box_h = 20, .ofs_x = 0, .ofs_y = -5},
    {.bitmap_index = 48457, .adv_w = 339, .box_w = 21, .box_h = 24, .ofs_x = 0, .ofs_y = -9},
    {.bitmap_index = 48600, .adv_w = 405, .box_w = 25, .box_h = 18, .ofs_x = 0, .ofs_y = -9},
    {.bitmap_index = 48776, .adv_w = 405, .box_w = 25, .box_h = 18, .ofs_x = 0, .ofs_y = -8},
    {.bitmap_index = 48947, .adv_w = 405, .box_w = 25, .box_h = 22, .ofs_x = 0, .ofs_y = -8},
    {.bitmap_index = 49137, .adv_w = 379, .box_w = 23, .box_h = 17, .ofs_x = 0, .ofs_y = -8},
    {.bitmap_index = 49277, .adv_w = 428, .box_w = 26, .box_h = 13, .ofs_x = 0, .ofs_y = -5},
    {.bitmap_index = 49399, .adv_w = 428, .box_w = 26, .box_h = 17, .ofs_x = 0, .ofs_y = -9},
    {.bitmap_index = 49545, .adv_w = 321, .box_w = 20, .box_h = 22, .ofs_x = 0, .ofs_y = -9},
    {.bitmap_index = 49714, .adv_w = 321, .box_w = 20, .box_h = 22, .ofs_x = 0, .ofs_y = -8},
    {.bitmap_index = 49876, .adv_w = 321, .box_w = 20, .box_h = 22, .ofs_x = 0, .ofs_y = -8},
    {.bitmap_index = 50045, .adv_w = 295, .box_w = 18, .box_h = 22, .ofs_x = 0, .ofs_y = -8},
    {.bitmap_index = 50184, .adv_w = 344, .box_w = 21, .box_h = 19, .ofs_x = 0, .ofs_y = -5},
    {.bitmap_index = 50305, .adv_w = 344, .box_w = 21, .box_h = 23, .ofs_x = 0, .ofs_y = -9},
    {.bitmap_index = 50450, .adv_w = 423, .box_w = 26, .box_h = 20, .ofs_x = 0, .ofs_y = -9},
    {.bitmap_index = 50644, .adv_w = 396, .box_w = 24, .box_h = 19, .ofs_x = 0, .ofs_y = -8},
    {.bitmap_index = 50796, .adv_w = 445, .box_w = 27, .box_h = 16, .ofs_x = 0, .ofs_y = -5},
    {.bitmap_index = 50940, .adv_w = 445, .box_w = 27, .box_h = 20, .ofs_x = 0, .ofs_y = -9},
    {.bitmap_index = 51108, .adv_w = 333, .box_w = 20, .box_h = 18, .ofs_x = 0, .ofs_y = -9},
    {.bitmap_index = 51263, .adv_w = 333, .box_w = 20, .box_h = 18, .ofs_x = 0, .ofs_y = -8},
    {.bitmap_index = 51413, .adv_w = 333, .box_w = 20, .box_h = 22, .ofs_x = 0, .ofs_y = -8},
    {.bitmap_index = 51582, .adv_w = 307, .box_w = 19, .box_h = 18, .ofs_x = 0, .ofs_y = -8},
    {.bitmap_index = 51716, .adv_w = 356, .box_w = 22, .box_h = 15, .ofs_x = 0, .ofs_y = -5},
    {.bitmap_index = 51832, .adv_w = 356, .box_w = 22, .box_h = 19, .ofs_x = 0, .ofs_y = -9},
    {.bitmap_index = 51974, .adv_w = 161, .box_w = 10, .box_h = 21, .ofs_x = 0, .ofs_y = 0},
    {.bitmap_index = 52044, .adv_w = 126, .box_w = 8, .box_h = 19, .ofs_x = -1, .ofs_y = -5},
    {.bitmap_index = 52100, .adv_w = 255, .box_w = 16, .box_h = 16, .ofs_x = 0, .ofs_y = -5},
    {.bitmap_index = 52205, .adv_w = 103, .box_w = 7, .box_h = 10, .ofs_x = -1, .ofs_y = 11},
    {.bitmap_index = 52241, .adv_w = 100, .box_w = 6, .box_h = 10, .ofs_x = 0, .ofs_y = 12},
    {.bitmap_index = 52271, .adv_w = 103, .box_w = 6, .box_h = 9, .ofs_x = 0, .ofs_y = 11},
    {.bitmap_index = 52297, .adv_w = 103, .box_w = 7, .box_h = 10, .ofs_x = -1, .ofs_y = 11},
    {.bitmap_index = 52332, .adv_w = 100, .box_w = 6, .box_h = 9, .ofs_x = 0, .ofs_y = 12},
    {.bitmap_index = 52360, .adv_w = 103, .box_w = 6, .box_h = 9, .ofs_x = 0, .ofs_y = 11},
    {.bitmap_index = 52385, .adv_w = 255, .box_w = 19, .box_h = 19, .ofs_x = -1, .ofs_y = -5},
    {.bitmap_index = 52505, .adv_w = 255, .box_w = 19, .box_h = 19, .ofs_x = -1, .ofs_y = -5},
    {.bitmap_index = 52631, .adv_w = 317, .box_w = 22, .box_h = 22, .ofs_x = 0, .ofs_y = -8},
    {.bitmap_index = 52783, .adv_w = 366, .box_w = 25, .box_h = 19, .ofs_x = 0, .ofs_y = -5},
    {.bitmap_index = 52937, .adv_w = 366, .box_w = 25, .box_h = 19, .ofs_x = 0, .ofs_y = -5},
    {.bitmap_index = 53076, .adv_w = 366, .box_w = 25, .box_h = 23, .ofs_x = 0, .ofs_y = -9},
    {.bitmap_index = 53239, .adv_w = 255, .box_w = 19, .box_h = 13, .ofs_x = -1, .ofs_y = -5},
    {.bitmap_index = 53334, .adv_w = 255, .box_w = 19, .box_h = 17, .ofs_x = -1, .ofs_y = -5},
    {.bitmap_index = 53449, .adv_w = 317, .box_w = 22, .box_h = 17, .ofs_x = 0, .ofs_y = -8},
    {.bitmap_index = 53585, .adv_w = 366, .box_w = 25, .box_h = 16, .ofs_x = 0, .ofs_y = -5},
    {.bitmap_index = 53720, .adv_w = 366, .box_w = 25, .box_h = 12, .ofs_x = 0, .ofs_y = -5},
    {.bitmap_index = 53835, .adv_w = 366, .box_w = 25, .box_h = 16, .ofs_x = 0, .ofs_y = -9},
    {.bitmap_index = 53976, .adv_w = 264, .box_w = 19, .box_h = 16, .ofs_x = -1, .ofs_y = -5},
    {.bitmap_index = 54088, .adv_w = 264, .box_w = 19, .box_h = 17, .ofs_x = -1, .ofs_y = -5},
    {.bitmap_index = 54210, .adv_w = 326, .box_w = 22, .box_h = 19, .ofs_x = 0, .ofs_y = -8},
    {.bitmap_index = 54355, .adv_w = 375, .box_w = 25, .box_h = 16, .ofs_x = 0, .ofs_y = -5},
    {.bitmap_index = 54502, .adv_w = 375, .box_w = 25, .box_h = 16, .ofs_x = 0, .ofs_y = -5},
    {.bitmap_index = 54633, .adv_w = 375, .box_w = 25, .box_h = 20, .ofs_x = 0, .ofs_y = -9},
    {.bitmap_index = 54789, .adv_w = 264, .box_w = 19, .box_h = 19, .ofs_x = -1, .ofs_y = -5},
    {.bitmap_index = 54916, .adv_w = 264, .box_w = 19, .box_h = 19, .ofs_x = -1, .ofs_y = -5},
    {.bitmap_index = 55050, .adv_w = 326, .box_w = 22, .box_h = 22, .ofs_x = 0, .ofs_y = -8},
    {.bitmap_index = 55209, .adv_w = 375, .box_w = 25, .box_h = 19, .ofs_x = 0, .ofs_y = -5},
    {.bitmap_index = 55369, .adv_w = 375, .box_w = 25, .box_h = 19, .ofs_x = 0, .ofs_y = -5},
    {.bitmap_index = 55514, .adv_w = 375, .box_w = 25, .box_h = 23, .ofs_x = 0, .ofs_y = -9},
    {.bitmap_index = 55684, .adv_w = 413, .box_w = 28, .box_h = 19, .ofs_x = 0, .ofs_y = -5},
    {.bitmap_index = 55836, .adv_w = 413, .box_w = 28, .box_h = 23, .ofs_x = 0, .ofs_y = -9},
    {.bitmap_index = 56012, .adv_w = 413, .box_w = 28, .box_h = 19, .ofs_x = 0, .ofs_y = -5},
    {.bitmap_index = 56170, .adv_w = 413, .box_w = 28, .box_h = 23, .ofs_x = 0, .ofs_y = -9},
    {.bitmap_index = 56352, .adv_w = 261, .box_w = 17, .box_h = 15, .ofs_x = 1, .ofs_y = 0},
    {.bitmap_index = 56456, .adv_w = 408, .box_w = 27, .box_h = 20, .ofs_x = 0, .ofs_y = -5},
    {.bitmap_index = 56634, .adv_w = 362, .box_w = 25, .box_h = 23, .ofs_x = 0, .ofs_y = -8},
    {.bitmap_index = 56812, .adv_w = 411, .box_w = 28, .box_h = 20, .ofs_x = 0, .ofs_y = -5},
    {.bitmap_index = 56976, .adv_w = 411, .box_w = 28, .box_h = 24, .ofs_x = 0, .ofs_y = -9},
    {.bitmap_index = 57165, .adv_w = 304, .box_w = 21, .box_h = 23, .ofs_x = 0, .ofs_y = -8},
    {.bitmap_index = 57314, .adv_w = 353, .box_w = 24, .box_h = 20, .ofs_x = 0, .ofs_y = -5},
    {.bitmap_index = 57443, .adv_w = 353, .box_w = 24, .box_h = 24, .ofs_x = 0, .ofs_y = -9},
    {.bitmap_index = 57597, .adv_w = 292, .box_w = 19, .box_h = 15, .ofs_x = 1, .ofs_y = 0},
    {.bitmap_index = 57689, .adv_w = 394, .box_w = 26, .box_h = 17, .ofs_x = 0, .ofs_y = -8},
    {.bitmap_index = 57839, .adv_w = 255, .box_w = 19, .box_h = 16, .ofs_x = -1, .ofs_y = -5},
    {.bitmap_index = 57945, .adv_w = 255, .box_w = 19, .box_h = 17, .ofs_x = -1, .ofs_y = -5},
    {.bitmap_index = 58061, .adv_w = 317, .box_w = 22, .box_h = 20, .ofs_x = 0, .ofs_y = -8},
    {.bitmap_index = 58203, .adv_w = 366, .box_w = 25, .box_h = 16, .ofs_x = 0, .ofs_y = -5},
    {.bitmap_index = 58344, .adv_w = 366, .box_w = 25, .box_h = 16, .ofs_x = 0, .ofs_y = -5},
    {.bitmap_index = 58470, .adv_w = 366, .box_w = 25, .box_h = 20, .ofs_x = 0, .ofs_y = -9},
    {.bitmap_index = 58620, .adv_w = 248, .box_w = 17, .box_h = 15, .ofs_x = 0, .ofs_y = -5},
    {.bitmap_index = 58710, .adv_w = 264, .box_w = 19, .box_h = 13, .ofs_x = -1, .ofs_y = -5},
    {.bitmap_index = 58810, .adv_w = 264, .box_w = 19, .box_h = 17, .ofs_x = -1, .ofs_y = -5},
    {.bitmap_index = 58929, .adv_w = 326, .box_w = 22, .box_h = 17, .ofs_x = 0, .ofs_y = -8},
    {.bitmap_index = 59068, .adv_w = 375, .box_w = 25, .box_h = 16, .ofs_x = 0, .ofs_y = -5},
    {.bitmap_index = 59208, .adv_w = 375, .box_w = 25, .box_h = 12, .ofs_x = 0, .ofs_y = -5},
    {.bitmap_index = 59325, .adv_w = 375, .box_w = 25, .box_h = 16, .ofs_x = 0, .ofs_y = -9},
    {.bitmap_index = 59469, .adv_w = 303, .box_w = 18, .box_h = 19, .ofs_x = 0, .ofs_y = -4},
    {.bitmap_index = 59596, .adv_w = 303, .box_w = 18, .box_h = 15, .ofs_x = 0, .ofs_y = 0},
    {.bitmap_index = 59700, .adv_w = 303, .box_w = 18, .box_h = 15, .ofs_x = 0, .ofs_y = 0},
    {.bitmap_index = 59810, .adv_w = 290, .box_w = 18, .box_h = 15, .ofs_x = 0, .ofs_y = 0},
    {.bitmap_index = 59916, .adv_w = 271, .box_w = 16, .box_h = 20, .ofs_x = 0, .ofs_y = -5},
    {.bitmap_index = 60048, .adv_w = 303, .box_w = 18, .box_h = 14, .ofs_x = 0, .ofs_y = -5},
    {.bitmap_index = 60150, .adv_w = 303, .box_w = 18, .box_h = 14, .ofs_x = 0, .ofs_y = -5},
    {.bitmap_index = 60246, .adv_w = 303, .box_w = 18, .box_h = 18, .ofs_x = 0, .ofs_y = -5},
    {.bitmap_index = 60358, .adv_w = 290, .box_w = 18, .box_h = 14, .ofs_x = 0, .ofs_y = -4},
    {.bitmap_index = 60460, .adv_w = 271, .box_w = 16, .box_h = 15, .ofs_x = 0, .ofs_y = -5},
    {.bitmap_index = 60571, .adv_w = 303, .box_w = 19, .box_h = 18, .ofs_x = 0, .ofs_y = -4},
    {.bitmap_index = 60696, .adv_w = 303, .box_w = 19, .box_h = 14, .ofs_x = 0, .ofs_y = 0},
    {.bitmap_index = 60798, .adv_w = 303, .box_w = 19, .box_h = 14, .ofs_x = 0, .ofs_y = 0},
    {.bitmap_index = 60906, .adv_w = 290, .box_w = 18, .box_h = 14, .ofs_x = 0, .ofs_y = 0},
    {.bitmap_index = 61010, .adv_w = 271, .box_w = 17, .box_h = 19, .ofs_x = 0, .ofs_y = -5},
    {.bitmap_index = 61141, .adv_w = 290, .box_w = 18, .box_h = 16, .ofs_x = 0, .ofs_y = 0},
    {.bitmap_index = 61254, .adv_w = 404, .box_w = 25, .box_h = 12, .ofs_x = 0, .ofs_y = -4},
    {.bitmap_index = 61370, .adv_w = 391, .box_w = 24, .box_h = 13, .ofs_x = 0, .ofs_y = -4},
    {.bitmap_index = 61490, .adv_w = 404, .box_w = 25, .box_h = 12, .ofs_x = 0, .ofs_y = -4},
    {.bitmap_index = 61607, .adv_w = 391, .box_w = 24, .box_h = 9, .ofs_x = 0, .ofs_y = 0},
    {.bitmap_index = 61703, .adv_w = 404, .box_w = 25, .box_h = 17, .ofs_x = 0, .ofs_y = -4},
    {.bitmap_index = 61841, .adv_w = 391, .box_w = 24, .box_h = 13, .ofs_x = 0, .ofs_y = 0},
    {.bitmap_index = 61957, .adv_w = 491, .box_w = 30, .box_h = 13, .ofs_x = 0, .ofs_y = -4},
    {.bitmap_index = 62102, .adv_w = 491, .box_w = 30, .box_h = 9, .ofs_x = 0, .ofs_y = 0},
    {.bitmap_index = 62217, .adv_w = 491, .box_w = 30, .box_h = 13, .ofs_x = 0, .ofs_y = 0},
    {.bitmap_index = 62349, .adv_w = 478, .box_w = 29, .box_h = 10, .ofs_x = 0, .ofs_y = 0},
    {.bitmap_index = 62468, .adv_w = 510, .box_w = 32, .box_h = 9, .ofs_x = 0, .ofs_y = 0},
    {.bitmap_index = 62597, .adv_w = 510, .box_w = 32, .box_h = 13, .ofs_x = 0, .ofs_y = 0},
    {.bitmap_index = 62746, .adv_w = 497, .box_w = 31, .box_h = 9, .ofs_x = 0, .ofs_y = 0},
    {.bitmap_index = 62868, .adv_w = 510, .box_w = 32, .box_h = 17, .ofs_x = 0, .ofs_y = -4},
    {.bitmap_index = 63046, .adv_w = 510, .box_w = 32, .box_h = 13, .ofs_x = 0, .ofs_y = 0},
    {.bitmap_index = 63195, .adv_w = 510, .box_w = 32, .box_h = 13, .ofs_x = 0, .ofs_y = 0},
    {.bitmap_index = 63356, .adv_w = 497, .box_w = 31, .box_h = 13, .ofs_x = 0, .ofs_y = 0},
    {.bitmap_index = 63496, .adv_w = 436, .box_w = 27, .box_h = 15, .ofs_x = 0, .ofs_y = 0},
    {.bitmap_index = 63619, .adv_w = 423, .box_w = 26, .box_h = 15, .ofs_x = 0, .ofs_y = 0},
    {.bitmap_index = 63762, .adv_w = 379, .box_w = 23, .box_h = 14, .ofs_x = 0, .ofs_y = -4},
    {.bitmap_index = 63887, .adv_w = 366, .box_w = 23, .box_h = 10, .ofs_x = 0, .ofs_y = 0},
    {.bitmap_index = 63986, .adv_w = 379, .box_w = 23, .box_h = 19, .ofs_x = 0, .ofs_y = -4},
    {.bitmap_index = 64130, .adv_w = 366, .box_w = 23, .box_h = 15, .ofs_x = 0, .ofs_y = 0},
    {.bitmap_index = 64248, .adv_w = 362, .box_w = 22, .box_h = 20, .ofs_x = 0, .ofs_y = -4},
    {.bitmap_index = 64392, .adv_w = 362, .box_w = 22, .box_h = 16, .ofs_x = 0, .ofs_y = 0},
    {.bitmap_index = 64512, .adv_w = 362, .box_w = 22, .box_h = 16, .ofs_x = 0, .ofs_y = 0},
    {.bitmap_index = 64642, .adv_w = 349, .box_w = 21, .box_h = 16, .ofs_x = 0, .ofs_y = 0},
    {.bitmap_index = 64766, .adv_w = 362, .box_w = 22, .box_h = 16, .ofs_x = 0, .ofs_y = 0},
    {.bitmap_index = 64892, .adv_w = 349, .box_w = 21, .box_h = 16, .ofs_x = 0, .ofs_y = 0},
    {.bitmap_index = 65021, .adv_w = 348, .box_w = 22, .box_h = 19, .ofs_x = 0, .ofs_y = -4},
    {.bitmap_index = 65166, .adv_w = 348, .box_w = 22, .box_h = 15, .ofs_x = 0, .ofs_y = 0},
    {.bitmap_index = 65287, .adv_w = 348, .box_w = 22, .box_h = 15, .ofs_x = 0, .ofs_y = 0},
    {.bitmap_index = 65418, .adv_w = 245, .box_w = 16, .box_h = 15, .ofs_x = 0, .ofs_y = 0},
    {.bitmap_index = 65516, .adv_w = 334, .box_w = 22, .box_h = 15, .ofs_x = 0, .ofs_y = 0},
    {.bitmap_index = 65641, .adv_w = 298, .box_w = 18, .box_h = 19, .ofs_x = 0, .ofs_y = -4},
    {.bitmap_index = 65758, .adv_w = 298, .box_w = 18, .box_h = 15, .ofs_x = 0, .ofs_y = 0},
    {.bitmap_index = 65853, .adv_w = 298, .box_w = 18, .box_h = 15, .ofs_x = 0, .ofs_y = 0},
    {.bitmap_index = 65955, .adv_w = 285, .box_w = 17, .box_h = 15, .ofs_x = 0, .ofs_y = 0},
    {.bitmap_index = 66046, .adv_w = 266, .box_w = 16, .box_h = 20, .ofs_x = 0, .ofs_y = -5},
    {.bitmap_index = 66171, .adv_w = 387, .box_w = 24, .box_h = 13, .ofs_x = 0, .ofs_y = -5},
    {.bitmap_index = 66290, .adv_w = 387, .box_w = 24, .box_h = 8, .ofs_x = 0, .ofs_y = 0},
    {.bitmap_index = 66382, .adv_w = 387, .box_w = 24, .box_h = 13, .ofs_x = 0, .ofs_y = 0},
    {.bitmap_index = 66493, .adv_w = 373, .box_w = 23, .box_h = 9, .ofs_x = 0, .ofs_y = 0},
    {.bitmap_index = 66587, .adv_w = 303, .box_w = 18, .box_h = 18, .ofs_x = 0, .ofs_y = -4},
    {.bitmap_index = 66701, .adv_w = 303, .box_w = 18, .box_h = 14, .ofs_x = 0, .ofs_y = 0},
    {.bitmap_index = 66793, .adv_w = 303, .box_w = 18, .box_h = 14, .ofs_x = 0, .ofs_y = 0},
    {.bitmap_index = 66892, .adv_w = 290, .box_w = 18, .box_h = 14, .ofs_x = 0, .ofs_y = 0},
    {.bitmap_index = 66990, .adv_w = 271, .box_w = 16, .box_h = 19, .ofs_x = 0, .ofs_y = -5},
    {.bitmap_index = 67114, .adv_w = 404, .box_w = 25, .box_h = 15, .ofs_x = 0, .ofs_y = -4},
    {.bitmap_index = 67258, .adv_w = 391, .box_w = 24, .box_h = 11, .ofs_x = 0, .ofs_y = 0},
    {.bitmap_index = 67365, .adv_w = 197, .box_w = 12, .box_h = 17, .ofs_x = 0, .ofs_y = 0},
    {.bitmap_index = 67441, .adv_w = 315, .box_w = 19, .box_h = 14, .ofs_x = 0, .ofs_y = -5},
    {.bitmap_index = 67549, .adv_w = 315, .box_w = 19, .box_h = 14, .ofs_x = 0, .ofs_y = -5},
    {.bitmap_index = 67651, .adv_w = 315, .box_w = 19, .box_h = 18, .ofs_x = 0, .ofs_y = -5},
    {.bitmap_index = 67769, .adv_w = 302, .box_w = 18, .box_h = 14, .ofs_x = 0, .ofs_y = -4},
    {.bitmap_index = 67874, .adv_w = 283, .box_w = 17, .box_h = 15, .ofs_x = 0, .ofs_y = -5},
    {.bitmap_index = 67989, .adv_w = 312, .box_w = 21, .box_h = 14, .ofs_x = 0, .ofs_y = 0},
    {.bitmap_index = 68095, .adv_w = 293, .box_w = 20, .box_h = 19, .ofs_x = 0, .ofs_y = -5},
    {.bitmap_index = 68237, .adv_w = 312, .box_w = 21, .box_h = 13, .ofs_x = 0, .ofs_y = -4},
    {.bitmap_index = 68343, .adv_w = 293, .box_w = 20, .box_h = 15, .ofs_x = 0, .ofs_y = -5},
    {.bitmap_index = 68467, .adv_w = 321, .box_w = 22, .box_h = 11, .ofs_x = 0, .ofs_y = 0},
    {.bitmap_index = 68568, .adv_w = 301, .box_w = 21, .box_h = 16, .ofs_x = 0, .ofs_y = -5},
    {.bitmap_index = 68706, .adv_w = 321, .box_w = 22, .box_h = 14, .ofs_x = 0, .ofs_y = 0},
    {.bitmap_index = 68819, .adv_w = 301, .box_w = 21, .box_h = 19, .ofs_x = 0, .ofs_y = -5},
    {.bitmap_index = 68969, .adv_w = 500, .box_w = 33, .box_h = 9, .ofs_x = 0, .ofs_y = 0},
    {.bitmap_index = 69092, .adv_w = 481, .box_w = 32, .box_h = 15, .ofs_x = 0, .ofs_y = -5},
    {.bitmap_index = 69262, .adv_w = 500, .box_w = 33, .box_h = 15, .ofs_x = 0, .ofs_y = 0},
    {.bitmap_index = 69424, .adv_w = 481, .box_w = 32, .box_h = 20, .ofs_x = 0, .ofs_y = -5},
    {.bitmap_index = 69631, .adv_w = 267, .box_w = 19, .box_h = 15, .ofs_x = 0, .ofs_y = 0},
    {.bitmap_index = 69739, .adv_w = 357, .box_w = 24, .box_h = 15, .ofs_x = 0, .ofs_y = 0},
    {.bitmap_index = 69869, .adv_w = 299, .box_w = 21, .box_h = 15, .ofs_x = 0, .ofs_y = 0},
    {.bitmap_index = 69966, .adv_w = 312, .box_w = 21, .box_h = 12, .ofs_x = 0, .ofs_y = 0},
    {.bitmap_index = 70062, .adv_w = 293, .box_w = 20, .box_h = 16, .ofs_x = 0, .ofs_y = -5},
    {.bitmap_index = 70191, .adv_w = 321, .box_w = 22, .box_h = 13, .ofs_x = 0, .ofs_y = -4},
    {.bitmap_index = 70303, .adv_w = 301, .box_w = 21, .box_h = 15, .ofs_x = 0, .ofs_y = -5},
    {.bitmap_index = 70433, .adv_w = 90, .box_w = 9, .box_h = 16, .ofs_x = -1, .ofs_y = 0},
    {.bitmap_index = 70484, .adv_w = 90, .box_w = 10, .box_h = 17, .ofs_x = -2, .ofs_y = 0},
    {.bitmap_index = 70542, .adv_w = 90, .box_w = 9, .box_h = 16, .ofs_x = -1, .ofs_y = 0},
    {.bitmap_index = 70588, .adv_w = 477, .box_w = 29, .box_h = 20, .ofs_x = 0, .ofs_y = -5},
    {.bitmap_index = 70741, .adv_w = 477, .box_w = 29, .box_h = 24, .ofs_x = 0, .ofs_y = -9},
    {.bitmap_index = 70918, .adv_w = 420, .box_w = 26, .box_h = 15, .ofs_x = 0, .ofs_y = -5},
    {.bitmap_index = 71050, .adv_w = 420, .box_w = 26, .box_h = 19, .ofs_x = 0, .ofs_y = -9},
    {.bitmap_index = 71206, .adv_w = 420, .box_w = 26, .box_h = 20, .ofs_x = 0, .ofs_y = -5},
    {.bitmap_index = 71357, .adv_w = 420, .box_w = 26, .box_h = 24, .ofs_x = 0, .ofs_y = -9},
    {.bitmap_index = 71532, .adv_w = 532, .box_w = 33, .box_h = 15, .ofs_x = 0, .ofs_y = -5},
    {.bitmap_index = 71687, .adv_w = 532, .box_w = 33, .box_h = 19, .ofs_x = 0, .ofs_y = -9},
    {.bitmap_index = 71866, .adv_w = 532, .box_w = 33, .box_h = 20, .ofs_x = 0, .ofs_y = -5},
    {.bitmap_index = 72058, .adv_w = 532, .box_w = 33, .box_h = 24, .ofs_x = 0, .ofs_y = -9},
    {.bitmap_index = 72275, .adv_w = 445, .box_w = 28, .box_h = 13, .ofs_x = 0, .ofs_y = -5},
    {.bitmap_index = 72405, .adv_w = 445, .box_w = 28, .box_h = 17, .ofs_x = 0, .ofs_y = -9},
    {.bitmap_index = 72559, .adv_w = 445, .box_w = 28, .box_h = 13, .ofs_x = 0, .ofs_y = -5},
    {.bitmap_index = 72695, .adv_w = 445, .box_w = 28, .box_h = 17, .ofs_x = 0, .ofs_y = -9},
    {.bitmap_index = 72856, .adv_w = 445, .box_w = 28, .box_h = 18, .ofs_x = 0, .ofs_y = -5},
    {.bitmap_index = 73005, .adv_w = 445, .box_w = 28, .box_h = 22, .ofs_x = 0, .ofs_y = -9},
    {.bitmap_index = 73178, .adv_w = 551, .box_w = 34, .box_h = 14, .ofs_x = 0, .ofs_y = -5},
    {.bitmap_index = 73339, .adv_w = 551, .box_w = 34, .box_h = 18, .ofs_x = 0, .ofs_y = -9},
    {.bitmap_index = 73525, .adv_w = 551, .box_w = 34, .box_h = 18, .ofs_x = 0, .ofs_y = -5},
    {.bitmap_index = 73705, .adv_w = 551, .box_w = 34, .box_h = 22, .ofs_x = 0, .ofs_y = -9},
    {.bitmap_index = 73910, .adv_w = 509, .box_w = 31, .box_h = 24, .ofs_x = 0, .ofs_y = -9},
    {.bitmap_index = 74146, .adv_w = 509, .box_w = 31, .box_h = 23, .ofs_x = 0, .ofs_y = -8},
    {.bitmap_index = 74377, .adv_w = 509, .box_w = 31, .box_h = 23, .ofs_x = 0, .ofs_y = -8},
    {.bitmap_index = 74622, .adv_w = 484, .box_w = 30, .box_h = 23, .ofs_x = 0, .ofs_y = -8},
    {.bitmap_index = 74828, .adv_w = 421, .box_w = 27, .box_h = 20, .ofs_x = -1, .ofs_y = -5},
    {.bitmap_index = 75003, .adv_w = 421, .box_w = 27, .box_h = 15, .ofs_x = -1, .ofs_y = -5},
    {.bitmap_index = 75138, .adv_w = 441, .box_w = 28, .box_h = 14, .ofs_x = -1, .ofs_y = -5},
    {.bitmap_index = 75279, .adv_w = 441, .box_w = 28, .box_h = 18, .ofs_x = -1, .ofs_y = -5},
    {.bitmap_index = 75439, .adv_w = 486, .box_w = 32, .box_h = 20, .ofs_x = 0, .ofs_y = -5},
    {.bitmap_index = 75602, .adv_w = 486, .box_w = 32, .box_h = 24, .ofs_x = 0, .ofs_y = -9},
    {.bitmap_index = 75789, .adv_w = 421, .box_w = 28, .box_h = 14, .ofs_x = 0, .ofs_y = -5},
    {.bitmap_index = 75928, .adv_w = 421, .box_w = 28, .box_h = 18, .ofs_x = 0, .ofs_y = -9},
    {.bitmap_index = 76091, .adv_w = 421, .box_w = 28, .box_h = 19, .ofs_x = 0, .ofs_y = -5},
    {.bitmap_index = 76249, .adv_w = 421, .box_w = 28, .box_h = 23, .ofs_x = 0, .ofs_y = -9},
    {.bitmap_index = 76431, .adv_w = 554, .box_w = 36, .box_h = 13, .ofs_x = 0, .ofs_y = -5},
    {.bitmap_index = 76592, .adv_w = 554, .box_w = 36, .box_h = 17, .ofs_x = 0, .ofs_y = -9},
    {.bitmap_index = 76777, .adv_w = 554, .box_w = 36, .box_h = 20, .ofs_x = 0, .ofs_y = -5},
    {.bitmap_index = 76975, .adv_w = 554, .box_w = 36, .box_h = 24, .ofs_x = 0, .ofs_y = -9},
    {.bitmap_index = 77197, .adv_w = 455, .box_w = 30, .box_h = 13, .ofs_x = 0, .ofs_y = -5},
    {.bitmap_index = 77336, .adv_w = 455, .box_w = 30, .box_h = 17, .ofs_x = 0, .ofs_y = -9},
    {.bitmap_index = 77499, .adv_w = 455, .box_w = 30, .box_h = 13, .ofs_x = 0, .ofs_y = -5},
    {.bitmap_index = 77646, .adv_w = 455, .box_w = 30, .box_h = 17, .ofs_x = 0, .ofs_y = -9},
    {.bitmap_index = 77818, .adv_w = 455, .box_w = 30, .box_h = 18, .ofs_x = 0, .ofs_y = -5},
    {.bitmap_index = 77976, .adv_w = 455, .box_w = 30, .box_h = 22, .ofs_x = 0, .ofs_y = -9},
    {.bitmap_index = 78158, .adv_w = 563, .box_w = 37, .box_h = 14, .ofs_x = 0, .ofs_y = -5},
    {.bitmap_index = 78329, .adv_w = 563, .box_w = 37, .box_h = 18, .ofs_x = 0, .ofs_y = -9},
    {.bitmap_index = 78524, .adv_w = 563, .box_w = 37, .box_h = 18, .ofs_x = 0, .ofs_y = -5},
    {.bitmap_index = 78714, .adv_w = 563, .box_w = 37, .box_h = 22, .ofs_x = 0, .ofs_y = -9},
    {.bitmap_index = 78928, .adv_w = 531, .box_w = 35, .box_h = 24, .ofs_x = 0, .ofs_y = -9},
    {.bitmap_index = 79175, .adv_w = 531, .box_w = 35, .box_h = 23, .ofs_x = 0, .ofs_y = -8},
    {.bitmap_index = 79419, .adv_w = 531, .box_w = 35, .box_h = 23, .ofs_x = 0, .ofs_y = -8},
    {.bitmap_index = 79680, .adv_w = 505, .box_w = 33, .box_h = 23, .ofs_x = 0, .ofs_y = -8},
    {.bitmap_index = 79894, .adv_w = 443, .box_w = 31, .box_h = 20, .ofs_x = -1, .ofs_y = -5},
    {.bitmap_index = 80076, .adv_w = 443, .box_w = 31, .box_h = 13, .ofs_x = -1, .ofs_y = -5},
    {.bitmap_index = 80216, .adv_w = 452, .box_w = 31, .box_h = 14, .ofs_x = -1, .ofs_y = -5},
    {.bitmap_index = 80366, .adv_w = 452, .box_w = 31, .box_h = 18, .ofs_x = -1, .ofs_y = -5},
    {.bitmap_index = 80535, .adv_w = 491, .box_w = 30, .box_h = 19, .ofs_x = 0, .ofs_y = -4},
    {.bitmap_index = 80715, .adv_w = 491, .box_w = 30, .box_h = 15, .ofs_x = 0, .ofs_y = 0},
    {.bitmap_index = 80866, .adv_w = 491, .box_w = 30, .box_h = 15, .ofs_x = 0, .ofs_y = 0},
    {.bitmap_index = 81030, .adv_w = 478, .box_w = 29, .box_h = 15, .ofs_x = 0, .ofs_y = 0},
    {.bitmap_index = 81182, .adv_w = 459, .box_w = 28, .box_h = 15, .ofs_x = 0, .ofs_y = -5},
    {.bitmap_index = 81344, .adv_w = 459, .box_w = 28, .box_h = 20, .ofs_x = 0, .ofs_y = -5},
    {.bitmap_index = 81539, .adv_w = 423, .box_w = 26, .box_h = 15, .ofs_x = 0, .ofs_y = 0},
    {.bitmap_index = 81669, .adv_w = 513, .box_w = 34, .box_h = 12, .ofs_x = 0, .ofs_y = -4},
    {.bitmap_index = 81822, .adv_w = 513, .box_w = 34, .box_h = 8, .ofs_x = 0, .ofs_y = 0},
    {.bitmap_index = 81943, .adv_w = 513, .box_w = 34, .box_h = 13, .ofs_x = 0, .ofs_y = 0},
    {.bitmap_index = 82083, .adv_w = 513, .box_w = 34, .box_h = 19, .ofs_x = 0, .ofs_y = -4},
    {.bitmap_index = 82275, .adv_w = 513, .box_w = 34, .box_h = 15, .ofs_x = 0, .ofs_y = 0},
    {.bitmap_index = 82435, .adv_w = 513, .box_w = 34, .box_h = 15, .ofs_x = 0, .ofs_y = 0},
    {.bitmap_index = 82612, .adv_w = 432, .box_w = 29, .box_h = 15, .ofs_x = 0, .ofs_y = 0},
    {.bitmap_index = 82751, .adv_w = 432, .box_w = 29, .box_h = 15, .ofs_x = 0, .ofs_y = 0},
    {.bitmap_index = 82903, .adv_w = 99, .box_w = 9, .box_h = 17, .ofs_x = 1, .ofs_y = 0},
    {.bitmap_index = 82963, .adv_w = 83, .box_w = 9, .box_h = 17, .ofs_x = 1, .ofs_y = 0},
    {.bitmap_index = 83015, .adv_w = 139, .box_w = 8, .box_h = 19, .ofs_x = 0, .ofs_y = -4},
    {.bitmap_index = 83081, .adv_w = 139, .box_w = 9, .box_h = 19, .ofs_x = 0, .ofs_y = -4},
    {.bitmap_index = 83150, .adv_w = 492, .box_w = 30, .box_h = 20, .ofs_x = 0, .ofs_y = -3},
    {.bitmap_index = 83340, .adv_w = 640, .box_w = 40, .box_h = 23, .ofs_x = 0, .ofs_y = -5},
    {.bitmap_index = 83606, .adv_w = 692, .box_w = 43, .box_h = 23, .ofs_x = 0, .ofs_y = -5},
    {.bitmap_index = 83887, .adv_w = 756, .box_w = 47, .box_h = 23, .ofs_x = 0, .ofs_y = -5},
    {.bitmap_index = 84186, .adv_w = 798, .box_w = 49, .box_h = 24, .ofs_x = 0, .ofs_y = -5},
    {.bitmap_index = 84502, .adv_w = 780, .box_w = 48, .box_h = 24, .ofs_x = 0, .ofs_y = -5},
    {.bitmap_index = 84816, .adv_w = 367, .box_w = 22, .box_h = 18, .ofs_x = 0, .ofs_y = -2},
    {.bitmap_index = 84986, .adv_w = 659, .box_w = 41, .box_h = 19, .ofs_x = 0, .ofs_y = -3},
    {.bitmap_index = 85230, .adv_w = 757, .box_w = 47, .box_h = 20, .ofs_x = 0, .ofs_y = -3},
    {.bitmap_index = 85517, .adv_w = 621, .box_w = 38, .box_h = 21, .ofs_x = 0, .ofs_y = -3},
    {.bitmap_index = 85788, .adv_w = 362, .box_w = 22, .box_h = 17, .ofs_x = 0, .ofs_y = -3},
    {.bitmap_index = 85958, .adv_w = 433, .box_w = 27, .box_h = 19, .ofs_x = 0, .ofs_y = -3},
    {.bitmap_index = 86153, .adv_w = 451, .box_w = 28, .box_h = 18, .ofs_x = 0, .ofs_y = -3},
    {.bitmap_index = 86375, .adv_w = 619, .box_w = 38, .box_h = 19, .ofs_x = 0, .ofs_y = -3},
    {.bitmap_index = 86633, .adv_w = 479, .box_w = 28, .box_h = 22, .ofs_x = 1, .ofs_y = -5},
    {.bitmap_index = 86889, .adv_w = 566, .box_w = 35, .box_h = 21, .ofs_x = 0, .ofs_y = -3},
    {.bitmap_index = 87108, .adv_w = 497, .box_w = 31, .box_h = 18, .ofs_x = 0, .ofs_y = -4},
    {.bitmap_index = 87293, .adv_w = 559, .box_w = 37, .box_h = 20, .ofs_x = 0, .ofs_y = -9},
    {.bitmap_index = 87532, .adv_w = 510, .box_w = 32, .box_h = 18, .ofs_x = 0, .ofs_y = -4},
    {.bitmap_index = 87711, .adv_w = 497, .box_w = 31, .box_h = 14, .ofs_x = 0, .ofs_y = 0},
    {.bitmap_index = 87865, .adv_w = 497, .box_w = 31, .box_h = 14, .ofs_x = 0, .ofs_y = 0},
    {.bitmap_index = 88033, .adv_w = 497, .box_w = 31, .box_h = 18, .ofs_x = 0, .ofs_y = -4},
    {.bitmap_index = 88218, .adv_w = 497, .box_w = 31, .box_h = 14, .ofs_x = 0, .ofs_y = 0},
    {.bitmap_index = 88373, .adv_w = 497, .box_w = 31, .box_h = 14, .ofs_x = 0, .ofs_y = 0},
    {.bitmap_index = 88538, .adv_w = 627, .box_w = 41, .box_h = 18, .ofs_x = 0, .ofs_y = -8},
    {.bitmap_index = 88789, .adv_w = 598, .box_w = 37, .box_h = 13, .ofs_x = 0, .ofs_y = -4},
    {.bitmap_index = 88969, .adv_w = 650, .box_w = 42, .box_h = 18, .ofs_x = 0, .ofs_y = -9},
    {.bitmap_index = 89191, .adv_w = 650, .box_w = 42, .box_h = 14, .ofs_x = 0, .ofs_y = -5},
    {.bitmap_index = 89389, .adv_w = 699, .box_w = 43, .box_h = 13, .ofs_x = 0, .ofs_y = -4},
    {.bitmap_index = 89587, .adv_w = 699, .box_w = 43, .box_h = 13, .ofs_x = 0, .ofs_y = -4},
    {.bitmap_index = 89787, .adv_w = 761, .box_w = 49, .box_h = 13, .ofs_x = 0, .ofs_y = -5},
    {.bitmap_index = 90019, .adv_w = 725, .box_w = 47, .box_h = 18, .ofs_x = 0, .ofs_y = -8},
    {.bitmap_index = 90282, .adv_w = 685, .box_w = 42, .box_h = 10, .ofs_x = 0, .ofs_y = 0},
    {.bitmap_index = 90453, .adv_w = 685, .box_w = 42, .box_h = 14, .ofs_x = 0, .ofs_y = -4},
    {.bitmap_index = 90660, .adv_w = 700, .box_w = 46, .box_h = 17, .ofs_x = 0, .ofs_y = -8},
    {.bitmap_index = 90893, .adv_w = 672, .box_w = 41, .box_h = 10, .ofs_x = 0, .ofs_y = 0},
    {.bitmap_index = 91062, .adv_w = 748, .box_w = 49, .box_h = 18, .ofs_x = 0, .ofs_y = -8},
    {.bitmap_index = 91332, .adv_w = 717, .box_w = 45, .box_h = 9, .ofs_x = 0, .ofs_y = 0},
    {.bitmap_index = 91513, .adv_w = 708, .box_w = 46, .box_h = 17, .ofs_x = 0, .ofs_y = -8},
    {.bitmap_index = 91755, .adv_w = 713, .box_w = 46, .box_h = 23, .ofs_x = 0, .ofs_y = -8},
    {.bitmap_index = 92028, .adv_w = 685, .box_w = 42, .box_h = 15, .ofs_x = 0, .ofs_y = 0},
    {.bitmap_index = 92231, .adv_w = 761, .box_w = 49, .box_h = 24, .ofs_x = 0, .ofs_y = -9},
    {.bitmap_index = 92524, .adv_w = 725, .box_w = 47, .box_h = 23, .ofs_x = 0, .ofs_y = -8},
    {.bitmap_index = 92840, .adv_w = 685, .box_w = 42, .box_h = 15, .ofs_x = 0, .ofs_y = 0},
    {.bitmap_index = 93056, .adv_w = 700, .box_w = 46, .box_h = 23, .ofs_x = 0, .ofs_y = -8},
    {.bitmap_index = 93326, .adv_w = 672, .box_w = 41, .box_h = 15, .ofs_x = 0, .ofs_y = 0},
    {.bitmap_index = 93527, .adv_w = 770, .box_w = 50, .box_h = 18, .ofs_x = 0, .ofs_y = -5},
    {.bitmap_index = 93778, .adv_w = 722, .box_w = 47, .box_h = 21, .ofs_x = 0, .ofs_y = -8},
    {.bitmap_index = 94063, .adv_w = 704, .box_w = 44, .box_h = 13, .ofs_x = 0, .ofs_y = 0},
    {.bitmap_index = 94273, .adv_w = 657, .box_w = 43, .box_h = 23, .ofs_x = 0, .ofs_y = -8},
    {.bitmap_index = 94542, .adv_w = 630, .box_w = 39, .box_h = 15, .ofs_x = 0, .ofs_y = 0},
    {.bitmap_index = 94718, .adv_w = 617, .box_w = 38, .box_h = 15, .ofs_x = 0, .ofs_y = 0},
    {.bitmap_index = 94895, .adv_w = 680, .box_w = 44, .box_h = 24, .ofs_x = 0, .ofs_y = -9},
    {.bitmap_index = 95146, .adv_w = 580, .box_w = 38, .box_h = 18, .ofs_x = 0, .ofs_y = -8},
    {.bitmap_index = 95378, .adv_w = 567, .box_w = 37, .box_h = 18, .ofs_x = 0, .ofs_y = -8},
    {.bitmap_index = 95588, .adv_w = 560, .box_w = 35, .box_h = 10, .ofs_x = 0, .ofs_y = 0},
    {.bitmap_index = 95737, .adv_w = 615, .box_w = 40, .box_h = 15, .ofs_x = 0, .ofs_y = -5},
    {.bitmap_index = 95934, .adv_w = 567, .box_w = 37, .box_h = 22, .ofs_x = 0, .ofs_y = -8},
    {.bitmap_index = 96163, .adv_w = 615, .box_w = 40, .box_h = 23, .ofs_x = 0, .ofs_y = -9},
    {.bitmap_index = 96403, .adv_w = 615, .box_w = 40, .box_h = 19, .ofs_x = 0, .ofs_y = -5},
    {.bitmap_index = 96618, .adv_w = 572, .box_w = 38, .box_h = 22, .ofs_x = 0, .ofs_y = -8},
    {.bitmap_index = 96867, .adv_w = 556, .box_w = 34, .box_h = 16, .ofs_x = 0, .ofs_y = 0},
    {.bitmap_index = 97059, .adv_w = 585, .box_w = 38, .box_h = 22, .ofs_x = 0, .ofs_y = -8},
    {.bitmap_index = 97317, .adv_w = 559, .box_w = 37, .box_h = 22, .ofs_x = 0, .ofs_y = -8},
    {.bitmap_index = 97550, .adv_w = 512, .box_w = 34, .box_h = 23, .ofs_x = 0, .ofs_y = -8},
    {.bitmap_index = 97758, .adv_w = 560, .box_w = 37, .box_h = 24, .ofs_x = 0, .ofs_y = -9},
    {.bitmap_index = 97970, .adv_w = 560, .box_w = 37, .box_h = 20, .ofs_x = 0, .ofs_y = -5},
    {.bitmap_index = 98158, .adv_w = 505, .box_w = 31, .box_h = 19, .ofs_x = 0, .ofs_y = -4},
    {.bitmap_index = 98334, .adv_w = 538, .box_w = 35, .box_h = 24, .ofs_x = 0, .ofs_y = -9},
    {.bitmap_index = 98585, .adv_w = 512, .box_w = 34, .box_h = 23, .ofs_x = 0, .ofs_y = -8},
    {.bitmap_index = 98809, .adv_w = 492, .box_w = 30, .box_h = 15, .ofs_x = 0, .ofs_y = 0},
    {.bitmap_index = 98967, .adv_w = 524, .box_w = 35, .box_h = 23, .ofs_x = 0, .ofs_y = -8},
    {.bitmap_index = 99199, .adv_w = 492, .box_w = 30, .box_h = 15, .ofs_x = 0, .ofs_y = 0},
    {.bitmap_index = 99339, .adv_w = 594, .box_w = 37, .box_h = 13, .ofs_x = 0, .ofs_y = -5},
    {.bitmap_index = 99514, .adv_w = 581, .box_w = 36, .box_h = 9, .ofs_x = 0, .ofs_y = 0},
    {.bitmap_index = 99660, .adv_w = 650, .box_w = 42, .box_h = 18, .ofs_x = 0, .ofs_y = -9},
    {.bitmap_index = 99883, .adv_w = 594, .box_w = 37, .box_h = 13, .ofs_x = 0, .ofs_y = -5},
    {.bitmap_index = 100058, .adv_w = 581, .box_w = 36, .box_h = 13, .ofs_x = 0, .ofs_y = -4},
    {.bitmap_index = 100238, .adv_w = 594, .box_w = 37, .box_h = 18, .ofs_x = 0, .ofs_y = -5},
    {.bitmap_index = 100435, .adv_w = 581, .box_w = 36, .box_h = 13, .ofs_x = 0, .ofs_y = 0},
    {.bitmap_index = 100601, .adv_w = 594, .box_w = 37, .box_h = 18, .ofs_x = 0, .ofs_y = -5},
    {.bitmap_index = 100796, .adv_w = 598, .box_w = 37, .box_h = 15, .ofs_x = 0, .ofs_y = -4},
    {.bitmap_index = 100986, .adv_w = 585, .box_w = 36, .box_h = 11, .ofs_x = 0, .ofs_y = 0},
    {.bitmap_index = 101138, .adv_w = 497, .box_w = 31, .box_h = 14, .ofs_x = 0, .ofs_y = 0},
    {.bitmap_index = 101287, .adv_w = 573, .box_w = 38, .box_h = 16, .ofs_x = 0, .ofs_y = -5},
    {.bitmap_index = 101472, .adv_w = 525, .box_w = 35, .box_h = 20, .ofs_x = 0, .ofs_y = -8},
    {.bitmap_index = 101692, .adv_w = 497, .box_w = 31, .box_h = 18, .ofs_x = 0, .ofs_y = -4},
    {.bitmap_index = 101872, .adv_w = 573, .box_w = 38, .box_h = 16, .ofs_x = 0, .ofs_y = -5},
    {.bitmap_index = 102070, .adv_w = 560, .box_w = 37, .box_h = 21, .ofs_x = 0, .ofs_y = -9},
    {.bitmap_index = 102278, .adv_w = 560, .box_w = 37, .box_h = 17, .ofs_x = 0, .ofs_y = -5},
    {.bitmap_index = 102462, .adv_w = 520, .box_w = 34, .box_h = 17, .ofs_x = 0, .ofs_y = -8},
    {.bitmap_index = 102661, .adv_w = 496, .box_w = 30, .box_h = 14, .ofs_x = 0, .ofs_y = -4},
    {.bitmap_index = 102821, .adv_w = 573, .box_w = 38, .box_h = 22, .ofs_x = 0, .ofs_y = -9},
    {.bitmap_index = 103044, .adv_w = 582, .box_w = 38, .box_h = 20, .ofs_x = 0, .ofs_y = -9},
    {.bitmap_index = 103270, .adv_w = 582, .box_w = 38, .box_h = 16, .ofs_x = 0, .ofs_y = -5},
    {.bitmap_index = 103472, .adv_w = 582, .box_w = 38, .box_h = 22, .ofs_x = 0, .ofs_y = -9},
    {.bitmap_index = 103702, .adv_w = 582, .box_w = 38, .box_h = 18, .ofs_x = 0, .ofs_y = -5},
    {.bitmap_index = 103908, .adv_w = 569, .box_w = 37, .box_h = 20, .ofs_x = 0, .ofs_y = -9},
    {.bitmap_index = 104122, .adv_w = 569, .box_w = 37, .box_h = 16, .ofs_x = 0, .ofs_y = -5},
    {.bitmap_index = 104312, .adv_w = 650, .box_w = 42, .box_h = 18, .ofs_x = 0, .ofs_y = -9},
    {.bitmap_index = 104549, .adv_w = 652, .box_w = 41, .box_h = 13, .ofs_x = 0, .ofs_y = -5},
    {.bitmap_index = 104747, .adv_w = 650, .box_w = 42, .box_h = 14, .ofs_x = 0, .ofs_y = -5},
    {.bitmap_index = 104958, .adv_w = 761, .box_w = 49, .box_h = 18, .ofs_x = 0, .ofs_y = -5},
    {.bitmap_index = 105199, .adv_w = 770, .box_w = 50, .box_h = 18, .ofs_x = 0, .ofs_y = -9},
    {.bitmap_index = 105455, .adv_w = 761, .box_w = 49, .box_h = 24, .ofs_x = 0, .ofs_y = -9},
    {.bitmap_index = 105735, .adv_w = 770, .box_w = 50, .box_h = 22, .ofs_x = 0, .ofs_y = -9},
    {.bitmap_index = 106010, .adv_w = 560, .box_w = 37, .box_h = 24, .ofs_x = 0, .ofs_y = -9},
    {.bitmap_index = 106235, .adv_w = 547, .box_w = 36, .box_h = 24, .ofs_x = 0, .ofs_y = -9},
    {.bitmap_index = 106450, .adv_w = 582, .box_w = 38, .box_h = 17, .ofs_x = 0, .ofs_y = -9},
    {.bitmap_index = 106661, .adv_w = 582, .box_w = 38, .box_h = 17, .ofs_x = 0, .ofs_y = -9},
    {.bitmap_index = 106880, .adv_w = 569, .box_w = 37, .box_h = 18, .ofs_x = 0, .ofs_y = -9},
    {.bitmap_index = 107086, .adv_w = 636, .box_w = 42, .box_h = 18, .ofs_x = 0, .ofs_y = -9},
    {.bitmap_index = 107306, .adv_w = 608, .box_w = 40, .box_h = 23, .ofs_x = 0, .ofs_y = -9},
    {.bitmap_index = 107550, .adv_w = 573, .box_w = 38, .box_h = 20, .ofs_x = 0, .ofs_y = -9},
    {.bitmap_index = 107758, .adv_w = 556, .box_w = 34, .box_h = 16, .ofs_x = 0, .ofs_y = 0},
    {.bitmap_index = 107940, .adv_w = 492, .box_w = 30, .box_h = 15, .ofs_x = 0, .ofs_y = 0},
    {.bitmap_index = 108081, .adv_w = 615, .box_w = 40, .box_h = 19, .ofs_x = 0, .ofs_y = -9},
    {.bitmap_index = 108302, .adv_w = 605, .box_w = 40, .box_h = 24, .ofs_x = 0, .ofs_y = -9},
    {.bitmap_index = 108545, .adv_w = 510, .box_w = 31, .box_h = 18, .ofs_x = 0, .ofs_y = -4},
    {.bitmap_index = 108715, .adv_w = 650, .box_w = 42, .box_h = 22, .ofs_x = 0, .ofs_y = -9},
    {.bitmap_index = 108957, .adv_w = 492, .box_w = 30, .box_h = 19, .ofs_x = 0, .ofs_y = -4},
    {.bitmap_index = 109128, .adv_w = 556, .box_w = 37, .box_h = 23, .ofs_x = 0, .ofs_y = -8},
    {.bitmap_index = 109361, .adv_w = 512, .box_w = 34, .box_h = 23, .ofs_x = 0, .ofs_y = -8},
    {.bitmap_index = 109588, .adv_w = 551, .box_w = 36, .box_h = 19, .ofs_x = 0, .ofs_y = -8},
    {.bitmap_index = 109825, .adv_w = 663, .box_w = 43, .box_h = 17, .ofs_x = 0, .ofs_y = -9},
    {.bitmap_index = 110058, .adv_w = 663, .box_w = 43, .box_h = 17, .ofs_x = 0, .ofs_y = -9},
    {.bitmap_index = 110289, .adv_w = 650, .box_w = 42, .box_h = 18, .ofs_x = 0, .ofs_y = -9},
    {.bitmap_index = 110525, .adv_w = 608, .box_w = 40, .box_h = 23, .ofs_x = 0, .ofs_y = -9},
    {.bitmap_index = 110763, .adv_w = 573, .box_w = 38, .box_h = 17, .ofs_x = 0, .ofs_y = -9},
    {.bitmap_index = 110967, .adv_w = 528, .box_w = 34, .box_h = 15, .ofs_x = 0, .ofs_y = 0},
    {.bitmap_index = 111139, .adv_w = 573, .box_w = 36, .box_h = 14, .ofs_x = 0, .ofs_y = -4},
    {.bitmap_index = 111323, .adv_w = 692, .box_w = 43, .box_h = 9, .ofs_x = 0, .ofs_y = 0},
    {.bitmap_index = 111489, .adv_w = 761, .box_w = 49, .box_h = 22, .ofs_x = 0, .ofs_y = -9},
    {.bitmap_index = 111753, .adv_w = 573, .box_w = 38, .box_h = 20, .ofs_x = 0, .ofs_y = -9},
    {.bitmap_index = 111975, .adv_w = 501, .box_w = 31, .box_h = 19, .ofs_x = 0, .ofs_y = -3},
    {.bitmap_index = 112203, .adv_w = 586, .box_w = 36, .box_h = 21, .ofs_x = 0, .ofs_y = -6},
    {.bitmap_index = 112401, .adv_w = 437, .box_w = 27, .box_h = 22, .ofs_x = 0, .ofs_y = -6},
    {.bitmap_index = 112589, .adv_w = 448, .box_w = 27, .box_h = 22, .ofs_x = 0, .ofs_y = 0},
    {.bitmap_index = 112776, .adv_w = 478, .box_w = 31, .box_h = 25, .ofs_x = -1, .ofs_y = -5},
    {.bitmap_index = 112991, .adv_w = 759, .box_w = 47, .box_h = 19, .ofs_x = 0, .ofs_y = 0},
    {.bitmap_index = 113282, .adv_w = 780, .box_w = 48, .box_h = 23, .ofs_x = 0, .ofs_y = -8},
    {.bitmap_index = 113564, .adv_w = 803, .box_w = 49, .box_h = 20, .ofs_x = 0, .ofs_y = -5},
    {.bitmap_index = 113841, .adv_w = 572, .box_w = 36, .box_h = 20, .ofs_x = 0, .ofs_y = -5},
    {.bitmap_index = 114055, .adv_w = 741, .box_w = 46, .box_h = 23, .ofs_x = 0, .ofs_y = -8},
    {.bitmap_index = 114332, .adv_w = 656, .box_w = 41, .box_h = 20, .ofs_x = 0, .ofs_y = -5},
    {.bitmap_index = 114542, .adv_w = 367, .box_w = 22, .box_h = 19, .ofs_x = 0, .ofs_y = -3},
    {.bitmap_index = 114730, .adv_w = 330, .box_w = 21, .box_h = 19, .ofs_x = 0, .ofs_y = -4},
    {.bitmap_index = 114887, .adv_w = 405, .box_w = 25, .box_h = 19, .ofs_x = 0, .ofs_y = -4},
    {.bitmap_index = 115080, .adv_w = 3348, .box_w = 209, .box_h = 24, .ofs_x = 0, .ofs_y = -7},
    {.bitmap_index = 116144, .adv_w = 544, .box_w = 33, .box_h = 22, .ofs_x = 0, .ofs_y = -5},
    {.bitmap_index = 116442, .adv_w = 346, .box_w = 21, .box_h = 18, .ofs_x = 0, .ofs_y = -3},
    {.bitmap_index = 116589, .adv_w = 100, .box_w = 6, .box_h = 6, .ofs_x = 0, .ofs_y = 11},
    {.bitmap_index = 116607, .adv_w = 90, .box_w = 8, .box_h = 13, .ofs_x = 0, .ofs_y = 0},
    {.bitmap_index = 116640, .adv_w = 127, .box_w = 8, .box_h = 6, .ofs_x = 0, .ofs_y = 11},
    {.bitmap_index = 116664, .adv_w = 85, .box_w = 7, .box_h = 9, .ofs_x = 0, .ofs_y = -5},
    {.bitmap_index = 116694, .adv_w = 100, .box_w = 6, .box_h = 6, .ofs_x = 0, .ofs_y = -6},
    {.bitmap_index = 116710, .adv_w = 100, .box_w = 6, .box_h = 4, .ofs_x = 0, .ofs_y = 11},
    {.bitmap_index = 116722, .adv_w = 90, .box_w = 8, .box_h = 11, .ofs_x = 0, .ofs_y = 0},
    {.bitmap_index = 116748, .adv_w = 107, .box_w = 6, .box_h = 6, .ofs_x = 0, .ofs_y = 11},
    {.bitmap_index = 116766, .adv_w = 90, .box_w = 9, .box_h = 13, .ofs_x = -1, .ofs_y = 0},
    {.bitmap_index = 116804, .adv_w = 100, .box_w = 6, .box_h = 4, .ofs_x = 0, .ofs_y = -4},
    {.bitmap_index = 116814, .adv_w = 90, .box_w = 8, .box_h = 7, .ofs_x = 0, .ofs_y = -4},
    {.bitmap_index = 116838, .adv_w = 103, .box_w = 6, .box_h = 6, .ofs_x = 0, .ofs_y = 11},
    {.bitmap_index = 116856, .adv_w = 90, .box_w = 9, .box_h = 13, .ofs_x = -1, .ofs_y = 0},
    {.bitmap_index = 116895, .adv_w = 80, .box_w = 5, .box_h = 6, .ofs_x = 0, .ofs_y = 12},
    {.bitmap_index = 116909, .adv_w = 90, .box_w = 8, .box_h = 14, .ofs_x = 0, .ofs_y = 0},
    {.bitmap_index = 116942, .adv_w = 143, .box_w = 9, .box_h = 10, .ofs_x = 0, .ofs_y = -1},
    {.bitmap_index = 116984, .adv_w = 82, .box_w = 8, .box_h = 18, .ofs_x = -2, .ofs_y = 0},
    {.bitmap_index = 117031, .adv_w = 99, .box_w = 10, .box_h = 19, .ofs_x = -2, .ofs_y = 0},
    {.bitmap_index = 117096, .adv_w = 82, .box_w = 5, .box_h = 20, .ofs_x = 0, .ofs_y = 0},
    {.bitmap_index = 117135, .adv_w = 99, .box_w = 8, .box_h = 22, .ofs_x = 0, .ofs_y = 0},
    {.bitmap_index = 117201, .adv_w = 153, .box_w = 9, .box_h = 20, .ofs_x = 0, .ofs_y = -5},
    {.bitmap_index = 117282, .adv_w = 161, .box_w = 12, .box_h = 20, .ofs_x = 0, .ofs_y = -5},
    {.bitmap_index = 117376, .adv_w = 83, .box_w = 5, .box_h = 21, .ofs_x = 1, .ofs_y = -6},
    {.bitmap_index = 117418, .adv_w = 99, .box_w = 7, .box_h = 21, .ofs_x = 1, .ofs_y = -6},
    {.bitmap_index = 117478, .adv_w = 255, .box_w = 16, .box_h = 16, .ofs_x = 0, .ofs_y = -5},
    {.bitmap_index = 117589, .adv_w = 248, .box_w = 17, .box_h = 16, .ofs_x = 0, .ofs_y = -5},
    {.bitmap_index = 117689, .adv_w = 96, .box_w = 5, .box_h = 15, .ofs_x = 0, .ofs_y = 0},
    {.bitmap_index = 117727, .adv_w = 118, .box_w = 9, .box_h = 14, .ofs_x = 0, .ofs_y = 0},
    {.bitmap_index = 117778, .adv_w = 83, .box_w = 4, .box_h = 15, .ofs_x = 1, .ofs_y = 0},
    {.bitmap_index = 117800, .adv_w = 99, .box_w = 7, .box_h = 15, .ofs_x = 1, .ofs_y = 0},
    {.bitmap_index = 117839, .adv_w = 324, .box_w = 20, .box_h = 14, .ofs_x = 0, .ofs_y = -5},
    {.bitmap_index = 117935, .adv_w = 360, .box_w = 24, .box_h = 13, .ofs_x = 0, .ofs_y = -5},
    {.bitmap_index = 118032, .adv_w = 96, .box_w = 5, .box_h = 15, .ofs_x = 0, .ofs_y = -5},
    {.bitmap_index = 118067, .adv_w = 118, .box_w = 9, .box_h = 12, .ofs_x = 0, .ofs_y = -5},
    {.bitmap_index = 118110, .adv_w = 143, .box_w = 9, .box_h = 15, .ofs_x = 0, .ofs_y = 0},
    {.bitmap_index = 118173, .adv_w = 170, .box_w = 12, .box_h = 16, .ofs_x = 0, .ofs_y = 0},
    {.bitmap_index = 118251, .adv_w = 324, .box_w = 20, .box_h = 12, .ofs_x = 0, .ofs_y = 0},
    {.bitmap_index = 118345, .adv_w = 360, .box_w = 24, .box_h = 12, .ofs_x = 0, .ofs_y = 0},
    {.bitmap_index = 118444, .adv_w = 96, .box_w = 7, .box_h = 14, .ofs_x = -1, .ofs_y = 0},
    {.bitmap_index = 118487, .adv_w = 126, .box_w = 10, .box_h = 11, .ofs_x = 0, .ofs_y = 0},
    {.bitmap_index = 118533, .adv_w = 324, .box_w = 20, .box_h = 14, .ofs_x = 0, .ofs_y = 0},
    {.bitmap_index = 118635, .adv_w = 360, .box_w = 24, .box_h = 14, .ofs_x = 0, .ofs_y = 0},
    {.bitmap_index = 118743, .adv_w = 96, .box_w = 6, .box_h = 16, .ofs_x = 0, .ofs_y = 0},
    {.bitmap_index = 118788, .adv_w = 126, .box_w = 10, .box_h = 14, .ofs_x = 0, .ofs_y = 0},
    {.bitmap_index = 118844, .adv_w = 214, .box_w = 13, .box_h = 18, .ofs_x = 0, .ofs_y = -9},
    {.bitmap_index = 118948, .adv_w = 226, .box_w = 16, .box_h = 18, .ofs_x = 0, .ofs_y = -9},
    {.bitmap_index = 119070, .adv_w = 196, .box_w = 12, .box_h = 12, .ofs_x = 0, .ofs_y = -4},
    {.bitmap_index = 119129, .adv_w = 207, .box_w = 15, .box_h = 12, .ofs_x = 0, .ofs_y = -4},
    {.bitmap_index = 119204, .adv_w = 214, .box_w = 13, .box_h = 18, .ofs_x = 0, .ofs_y = -8},
    {.bitmap_index = 119301, .adv_w = 226, .box_w = 16, .box_h = 18, .ofs_x = 0, .ofs_y = -8},
    {.bitmap_index = 119419, .adv_w = 196, .box_w = 12, .box_h = 8, .ofs_x = 0, .ofs_y = 0},
    {.bitmap_index = 119463, .adv_w = 207, .box_w = 15, .box_h = 8, .ofs_x = 0, .ofs_y = 0},
    {.bitmap_index = 119517, .adv_w = 214, .box_w = 13, .box_h = 22, .ofs_x = 0, .ofs_y = -8},
    {.bitmap_index = 119629, .adv_w = 226, .box_w = 16, .box_h = 22, .ofs_x = 0, .ofs_y = -8},
    {.bitmap_index = 119766, .adv_w = 196, .box_w = 12, .box_h = 13, .ofs_x = 0, .ofs_y = 0},
    {.bitmap_index = 119826, .adv_w = 207, .box_w = 15, .box_h = 13, .ofs_x = 0, .ofs_y = 0},
    {.bitmap_index = 119899, .adv_w = 161, .box_w = 10, .box_h = 11, .ofs_x = 0, .ofs_y = 0},
    {.bitmap_index = 119942, .adv_w = 178, .box_w = 13, .box_h = 11, .ofs_x = 0, .ofs_y = 0},
    {.bitmap_index = 119993, .adv_w = 161, .box_w = 10, .box_h = 15, .ofs_x = 0, .ofs_y = 0},
    {.bitmap_index = 120049, .adv_w = 178, .box_w = 13, .box_h = 15, .ofs_x = 0, .ofs_y = 0},
    {.bitmap_index = 120116, .adv_w = 126, .box_w = 8, .box_h = 13, .ofs_x = -1, .ofs_y = -5},
    {.bitmap_index = 120161, .adv_w = 138, .box_w = 11, .box_h = 13, .ofs_x = -1, .ofs_y = -5},
    {.bitmap_index = 120216, .adv_w = 126, .box_w = 8, .box_h = 18, .ofs_x = -1, .ofs_y = -6},
    {.bitmap_index = 120274, .adv_w = 138, .box_w = 11, .box_h = 17, .ofs_x = -1, .ofs_y = -5},
    {.bitmap_index = 120343, .adv_w = 419, .box_w = 26, .box_h = 15, .ofs_x = 0, .ofs_y = -5},
    {.bitmap_index = 120477, .adv_w = 440, .box_w = 29, .box_h = 13, .ofs_x = 0, .ofs_y = -5},
    {.bitmap_index = 120615, .adv_w = 284, .box_w = 17, .box_h = 10, .ofs_x = 0, .ofs_y = 0},
    {.bitmap_index = 120683, .adv_w = 306, .box_w = 21, .box_h = 8, .ofs_x = 0, .ofs_y = 0},
    {.bitmap_index = 120754, .adv_w = 419, .box_w = 26, .box_h = 20, .ofs_x = 0, .ofs_y = -5},
    {.bitmap_index = 120924, .adv_w = 440, .box_w = 29, .box_h = 20, .ofs_x = 0, .ofs_y = -5},
    {.bitmap_index = 121100, .adv_w = 284, .box_w = 17, .box_h = 15, .ofs_x = 0, .ofs_y = 0},
    {.bitmap_index = 121202, .adv_w = 306, .box_w = 21, .box_h = 15, .ofs_x = 0, .ofs_y = 0},
    {.bitmap_index = 121311, .adv_w = 441, .box_w = 27, .box_h = 14, .ofs_x = 0, .ofs_y = -5},
    {.bitmap_index = 121448, .adv_w = 451, .box_w = 30, .box_h = 14, .ofs_x = 0, .ofs_y = -5},
    {.bitmap_index = 121597, .adv_w = 303, .box_w = 19, .box_h = 9, .ofs_x = 0, .ofs_y = 0},
    {.bitmap_index = 121674, .adv_w = 315, .box_w = 22, .box_h = 9, .ofs_x = 0, .ofs_y = 0},
    {.bitmap_index = 121758, .adv_w = 441, .box_w = 27, .box_h = 18, .ofs_x = 0, .ofs_y = -5},
    {.bitmap_index = 121914, .adv_w = 451, .box_w = 30, .box_h = 18, .ofs_x = 0, .ofs_y = -5},
    {.bitmap_index = 122082, .adv_w = 303, .box_w = 19, .box_h = 13, .ofs_x = 0, .ofs_y = 0},
    {.bitmap_index = 122177, .adv_w = 315, .box_w = 22, .box_h = 13, .ofs_x = 0, .ofs_y = 0},
    {.bitmap_index = 122279, .adv_w = 263, .box_w = 16, .box_h = 15, .ofs_x = 0, .ofs_y = 0},
    {.bitmap_index = 122361, .adv_w = 272, .box_w = 19, .box_h = 15, .ofs_x = 0, .ofs_y = 0},
    {.bitmap_index = 122448, .adv_w = 228, .box_w = 14, .box_h = 15, .ofs_x = 0, .ofs_y = 0},
    {.bitmap_index = 122521, .adv_w = 237, .box_w = 17, .box_h = 15, .ofs_x = 0, .ofs_y = 0},
    {.bitmap_index = 122602, .adv_w = 263, .box_w = 16, .box_h = 15, .ofs_x = 0, .ofs_y = 0},
    {.bitmap_index = 122695, .adv_w = 272, .box_w = 19, .box_h = 15, .ofs_x = 0, .ofs_y = 0},
    {.bitmap_index = 122796, .adv_w = 228, .box_w = 14, .box_h = 15, .ofs_x = 0, .ofs_y = 0},
    {.bitmap_index = 122879, .adv_w = 237, .box_w = 17, .box_h = 15, .ofs_x = 0, .ofs_y = 0},
    {.bitmap_index = 122972, .adv_w = 175, .box_w = 13, .box_h = 19, .ofs_x = 0, .ofs_y = -8},
    {.bitmap_index = 123068, .adv_w = 178, .box_w = 13, .box_h = 17, .ofs_x = 0, .ofs_y = -8},
    {.bitmap_index = 123164, .adv_w = 172, .box_w = 11, .box_h = 10, .ofs_x = 0, .ofs_y = 0},
    {.bitmap_index = 123213, .adv_w = 173, .box_w = 14, .box_h = 9, .ofs_x = -1, .ofs_y = 0},
    {.bitmap_index = 123269, .adv_w = 175, .box_w = 13, .box_h = 23, .ofs_x = 0, .ofs_y = -8},
    {.bitmap_index = 123380, .adv_w = 178, .box_w = 13, .box_h = 22, .ofs_x = 0, .ofs_y = -8},
    {.bitmap_index = 123491, .adv_w = 172, .box_w = 11, .box_h = 15, .ofs_x = 0, .ofs_y = 0},
    {.bitmap_index = 123554, .adv_w = 173, .box_w = 14, .box_h = 14, .ofs_x = -1, .ofs_y = 0},
    {.bitmap_index = 123626, .adv_w = 323, .box_w = 20, .box_h = 16, .ofs_x = 0, .ofs_y = 0},
    {.bitmap_index = 123732, .adv_w = 355, .box_w = 24, .box_h = 14, .ofs_x = 0, .ofs_y = 0},
    {.bitmap_index = 123841, .adv_w = 155, .box_w = 9, .box_h = 16, .ofs_x = 0, .ofs_y = 0},
    {.bitmap_index = 123905, .adv_w = 165, .box_w = 12, .box_h = 14, .ofs_x = 0, .ofs_y = 0},
    {.bitmap_index = 123967, .adv_w = 259, .box_w = 16, .box_h = 17, .ofs_x = 0, .ofs_y = -4},
    {.bitmap_index = 124080, .adv_w = 268, .box_w = 19, .box_h = 18, .ofs_x = 0, .ofs_y = -6},
    {.bitmap_index = 124210, .adv_w = 155, .box_w = 9, .box_h = 16, .ofs_x = 0, .ofs_y = 0},
    {.bitmap_index = 124278, .adv_w = 165, .box_w = 12, .box_h = 14, .ofs_x = 0, .ofs_y = 0},
    {.bitmap_index = 124344, .adv_w = 292, .box_w = 18, .box_h = 15, .ofs_x = 0, .ofs_y = 0},
    {.bitmap_index = 124449, .adv_w = 305, .box_w = 21, .box_h = 15, .ofs_x = 0, .ofs_y = 0},
    {.bitmap_index = 124565, .adv_w = 140, .box_w = 9, .box_h = 15, .ofs_x = 0, .ofs_y = 0},
    {.bitmap_index = 124626, .adv_w = 163, .box_w = 12, .box_h = 15, .ofs_x = 0, .ofs_y = 0},
    {.bitmap_index = 124698, .adv_w = 232, .box_w = 14, .box_h = 19, .ofs_x = 0, .ofs_y = -4},
    {.bitmap_index = 124785, .adv_w = 246, .box_w = 17, .box_h = 20, .ofs_x = 0, .ofs_y = -5},
    {.bitmap_index = 124884, .adv_w = 91, .box_w = 5, .box_h = 15, .ofs_x = 0, .ofs_y = 0},
    {.bitmap_index = 124916, .adv_w = 105, .box_w = 8, .box_h = 15, .ofs_x = 0, .ofs_y = 0},
    {.bitmap_index = 124957, .adv_w = 168, .box_w = 10, .box_h = 17, .ofs_x = 0, .ofs_y = -8},
    {.bitmap_index = 125029, .adv_w = 200, .box_w = 14, .box_h = 17, .ofs_x = 0, .ofs_y = -8},
    {.bitmap_index = 125118, .adv_w = 180, .box_w = 11, .box_h = 8, .ofs_x = 0, .ofs_y = 0},
    {.bitmap_index = 125161, .adv_w = 194, .box_w = 14, .box_h = 9, .ofs_x = 0, .ofs_y = 0},
    {.bitmap_index = 125215, .adv_w = 230, .box_w = 14, .box_h = 16, .ofs_x = 0, .ofs_y = -5},
    {.bitmap_index = 125298, .adv_w = 249, .box_w = 17, .box_h = 16, .ofs_x = 0, .ofs_y = -5},
    {.bitmap_index = 125394, .adv_w = 96, .box_w = 5, .box_h = 14, .ofs_x = 0, .ofs_y = 0},
    {.bitmap_index = 125428, .adv_w = 118, .box_w = 9, .box_h = 11, .ofs_x = 0, .ofs_y = 0},
    {.bitmap_index = 125468, .adv_w = 143, .box_w = 9, .box_h = 11, .ofs_x = 0, .ofs_y = 0},
    {.bitmap_index = 125514, .adv_w = 170, .box_w = 12, .box_h = 11, .ofs_x = 0, .ofs_y = 0},
    {.bitmap_index = 125572, .adv_w = 197, .box_w = 12, .box_h = 11, .ofs_x = 0, .ofs_y = 0},
    {.bitmap_index = 125632, .adv_w = 175, .box_w = 13, .box_h = 15, .ofs_x = 0, .ofs_y = -5},
    {.bitmap_index = 125717, .adv_w = 153, .box_w = 9, .box_h = 13, .ofs_x = 0, .ofs_y = -5},
    {.bitmap_index = 125775, .adv_w = 161, .box_w = 12, .box_h = 13, .ofs_x = 0, .ofs_y = -5},
    {.bitmap_index = 125843, .adv_w = 255, .box_w = 16, .box_h = 14, .ofs_x = 0, .ofs_y = -5},
    {.bitmap_index = 125936, .adv_w = 248, .box_w = 17, .box_h = 10, .ofs_x = 0, .ofs_y = -5},
    {.bitmap_index = 126006, .adv_w = 255, .box_w = 16, .box_h = 18, .ofs_x = 0, .ofs_y = -9},
    {.bitmap_index = 126120, .adv_w = 248, .box_w = 17, .box_h = 14, .ofs_x = 0, .ofs_y = -9},
    {.bitmap_index = 126212, .adv_w = 108, .box_w = 6, .box_h = 15, .ofs_x = 0, .ofs_y = -5},
    {.bitmap_index = 126252, .adv_w = 126, .box_w = 10, .box_h = 12, .ofs_x = 0, .ofs_y = -5},
    {.bitmap_index = 126302, .adv_w = 196, .box_w = 14, .box_h = 16, .ofs_x = -2, .ofs_y = 0},
    {.bitmap_index = 126394, .adv_w = 208, .box_w = 15, .box_h = 17, .ofs_x = 0, .ofs_y = 0},
    {.bitmap_index = 126490, .adv_w = 196, .box_w = 12, .box_h = 18, .ofs_x = 0, .ofs_y = 0},
    {.bitmap_index = 126583, .adv_w = 208, .box_w = 15, .box_h = 19, .ofs_x = 0, .ofs_y = 0},
    {.bitmap_index = 126685, .adv_w = 196, .box_w = 12, .box_h = 21, .ofs_x = 0, .ofs_y = -6},
    {.bitmap_index = 126785, .adv_w = 208, .box_w = 15, .box_h = 21, .ofs_x = 0, .ofs_y = -6},
    {.bitmap_index = 126894, .adv_w = 196, .box_w = 12, .box_h = 15, .ofs_x = 0, .ofs_y = 0},
    {.bitmap_index = 126969, .adv_w = 208, .box_w = 15, .box_h = 15, .ofs_x = 0, .ofs_y = 0},
    {.bitmap_index = 127047, .adv_w = 0, .box_w = 0, .box_h = 0, .ofs_x = 0, .ofs_y = 0}
};

/*---------------------
 *  CHARACTER MAPPING
 *--------------------*/



/*Collect the unicode lists and glyph_id offsets*/
static const lv_font_fmt_txt_cmap_t cmaps[] =
{
    {
        .range_start = 1536, .range_length = 256, .glyph_id_start = 1,
        .unicode_list = NULL, .glyph_id_ofs_list = NULL, .list_length = 0, .type = LV_FONT_FMT_TXT_CMAP_FORMAT0_TINY
    },
    {
        .range_start = 1872, .range_length = 48, .glyph_id_start = 257,
        .unicode_list = NULL, .glyph_id_ofs_list = NULL, .list_length = 0, .type = LV_FONT_FMT_TXT_CMAP_FORMAT0_TINY
    },
    {
        .range_start = 64336, .range_length = 115, .glyph_id_start = 305,
        .unicode_list = NULL, .glyph_id_ofs_list = NULL, .list_length = 0, .type = LV_FONT_FMT_TXT_CMAP_FORMAT0_TINY
    },
    {
        .range_start = 64467, .range_length = 189, .glyph_id_start = 420,
        .unicode_list = NULL, .glyph_id_ofs_list = NULL, .list_length = 0, .type = LV_FONT_FMT_TXT_CMAP_FORMAT0_TINY
    },
    {
        .range_start = 64656, .range_length = 256, .glyph_id_start = 609,
        .unicode_list = NULL, .glyph_id_ofs_list = NULL, .list_length = 0, .type = LV_FONT_FMT_TXT_CMAP_FORMAT0_TINY
    },
    {
        .range_start = 64914, .range_length = 54, .glyph_id_start = 865,
        .unicode_list = NULL, .glyph_id_ofs_list = NULL, .list_length = 0, .type = LV_FONT_FMT_TXT_CMAP_FORMAT0_TINY
    },
    {
        .range_start = 64975, .range_length = 1, .glyph_id_start = 919,
        .unicode_list = NULL, .glyph_id_ofs_list = NULL, .list_length = 0, .type = LV_FONT_FMT_TXT_CMAP_FORMAT0_TINY
    },
    {
        .range_start = 65008, .range_length = 16, .glyph_id_start = 920,
        .unicode_list = NULL, .glyph_id_ofs_list = NULL, .list_length = 0, .type = LV_FONT_FMT_TXT_CMAP_FORMAT0_TINY
    },
    {
        .range_start = 65136, .range_length = 5, .glyph_id_start = 936,
        .unicode_list = NULL, .glyph_id_ofs_list = NULL, .list_length = 0, .type = LV_FONT_FMT_TXT_CMAP_FORMAT0_TINY
    },
    {
        .range_start = 65142, .range_length = 135, .glyph_id_start = 941,
        .unicode_list = NULL, .glyph_id_ofs_list = NULL, .list_length = 0, .type = LV_FONT_FMT_TXT_CMAP_FORMAT0_TINY
    },
    {
        .range_start = 65279, .range_length = 1, .glyph_id_start = 1076,
        .unicode_list = NULL, .glyph_id_ofs_list = NULL, .list_length = 0, .type = LV_FONT_FMT_TXT_CMAP_FORMAT0_TINY
    }
};



/*--------------------
 *  ALL CUSTOM DATA
 *--------------------*/

#if LVGL_VERSION_MAJOR == 8
/*Store all the custom data of the font*/
static  lv_font_fmt_txt_glyph_cache_t cache;
#endif

#if LVGL_VERSION_MAJOR >= 8
static const lv_font_fmt_txt_dsc_t font_dsc = {
#else
static lv_font_fmt_txt_dsc_t font_dsc = {
#endif
    .glyph_bitmap = glyph_bitmap,
    .glyph_dsc = glyph_dsc,
    .cmaps = cmaps,
    .kern_dsc = NULL,
    .kern_scale = 0,
    .cmap_num = 11,
    .bpp = 4,
    .kern_classes = 0,
    .bitmap_format = 1,
#if LVGL_VERSION_MAJOR == 8
    .cache = &cache
#endif
};



/*-----------------
 *  PUBLIC FONT
 *----------------*/

/*Initialize a public general font descriptor*/
#if LVGL_VERSION_MAJOR >= 8
const lv_font_t font_ar20 = {
#else
lv_font_t font_ar20 = {
#endif
    .get_glyph_dsc = lv_font_get_glyph_dsc_fmt_txt,    /*Function pointer to get glyph's data*/
    .get_glyph_bitmap = lv_font_get_bitmap_fmt_txt,    /*Function pointer to get glyph's bitmap*/
    .line_height = 41,          /*The maximum line height required by the font*/
    .base_line = 12,             /*Baseline measured from the bottom of the line*/
#if !(LVGL_VERSION_MAJOR == 6 && LVGL_VERSION_MINOR == 0)
    .subpx = LV_FONT_SUBPX_NONE,
#endif
#if LV_VERSION_CHECK(7, 4, 0) || LVGL_VERSION_MAJOR >= 8
    .underline_position = -2,
    .underline_thickness = 1,
#endif
    .dsc = &font_dsc,          /*The custom font data. Will be accessed by `get_glyph_bitmap/dsc` */
#if LV_VERSION_CHECK(8, 2, 0) || LVGL_VERSION_MAJOR >= 9
    .fallback = NULL,
#endif
    .user_data = NULL,
};



#endif /*#if FONT_AR20*/

