/*******************************************************************************
 * Size: 18 px
 * Bpp: 4
 * Opts: --font font-tools\build\Manrope-700-latin.ttf -r 0x20-0xFFFF --size 18 --bpp 4 --format lvgl --lv-include lvgl.h --lv-font-name font_etiket -o panel-firmware\main\fonts\font_etiket.c
 ******************************************************************************/

#ifdef LV_LVGL_H_INCLUDE_SIMPLE
#include "lvgl.h"
#else
#include "lvgl.h"
#endif

#ifndef FONT_ETIKET
#define FONT_ETIKET 1
#endif

#if FONT_ETIKET

/*-----------------
 *    BITMAPS
 *----------------*/

/*Store the image of the glyphs*/
static LV_ATTRIBUTE_LARGE_CONST const uint8_t glyph_bitmap[] = {
    /* U+0020 " " */

    /* U+0021 "!" */
    0xdf, 0x50, 0xf, 0xfe, 0x62, 0x21, 0xa6, 0xcf,
    0x7d, 0x40, 0x20,

    /* U+0022 "\"" */
    0xef, 0x49, 0xf9, 0x0, 0xff, 0xe0, 0x6d, 0xad,
    0xdc,

    /* U+0023 "#" */
    0x0, 0xe4, 0xfd, 0x0, 0x7f, 0x88, 0x3, 0xed,
    0x5, 0x4, 0x2, 0x20, 0x7, 0xc8, 0x16, 0x18,
    0x8, 0x1, 0x9b, 0xfe, 0x20, 0xcf, 0x70, 0x6f,
    0xf4, 0x6, 0x0, 0x7f, 0xf0, 0x30, 0x2b, 0xfc,
    0x81, 0x1f, 0x20, 0x9f, 0xf2, 0x0, 0x64, 0x5,
    0xc, 0xc, 0x0, 0xd1, 0xff, 0x0, 0x37, 0xd4,
    0x23, 0xfc, 0xe0, 0x80, 0x1f, 0xfc, 0x5, 0xc,
    0xff, 0x18, 0x57, 0xc0, 0x2f, 0xfc, 0x40, 0x18,
    0xc1, 0x3, 0x3, 0x0, 0x3e, 0x40, 0x21, 0x5,
    0x4, 0x0, 0xf8, 0xc1, 0xc0, 0x84, 0x8, 0x3,
    0x80,

    /* U+0024 "$" */
    0x0, 0xcb, 0xfa, 0x1, 0xff, 0xc5, 0x2a, 0xb0,
    0x2b, 0x50, 0x8, 0xb5, 0x49, 0x91, 0x15, 0x0,
    0x8, 0x6, 0xc9, 0xba, 0x7, 0x30, 0x70, 0xf0,
    0x9, 0x5d, 0xc2, 0xc, 0x12, 0xe2, 0x0, 0x88,
    0x10, 0x40, 0x2, 0x3b, 0x60, 0x80, 0x23, 0xd5,
    0x0, 0x13, 0xec, 0x0, 0x45, 0x5f, 0x6c, 0x20,
    0xe8, 0x6, 0xa0, 0x4, 0x9e, 0x30, 0xd2, 0xca,
    0x30, 0xc, 0xa0, 0x2, 0x30, 0xd5, 0x11, 0x33,
    0x3, 0x43, 0x84, 0x55, 0xdc, 0x90, 0x54, 0x2,
    0xf7, 0x10, 0x1, 0xcd, 0x0, 0x43, 0x16, 0x5,
    0x8c, 0x1, 0xe5, 0xdc, 0x0, 0xc0,

    /* U+0025 "%" */
    0x7, 0xef, 0xc3, 0x0, 0xe2, 0x50, 0x3, 0xc0,
    0x88, 0xf0, 0x80, 0x23, 0xca, 0x40, 0xa0, 0xde,
    0x70, 0x50, 0x1, 0xe0, 0xa2, 0x0, 0x3f, 0x93,
    0x1, 0x2c, 0x1, 0x41, 0xbc, 0xe0, 0xa9, 0x60,
    0xb6, 0x1, 0x3c, 0x8, 0x8f, 0x1e, 0xc1, 0xa8,
    0x3, 0x9f, 0xbf, 0x16, 0x81, 0xbb, 0x71, 0x80,
    0x3c, 0xd2, 0xe, 0x70, 0x47, 0x2e, 0x1, 0x9e,
    0x42, 0x29, 0x4b, 0xb0, 0x24, 0x2, 0x88, 0x4,
    0x3b, 0x81, 0x44, 0xcc, 0x22, 0x8, 0x70, 0x97,
    0x6, 0x4, 0x1, 0x30, 0x12, 0x70, 0xa6, 0x0,
    0x19, 0xdf, 0xc0, 0xe0, 0x59, 0x4a, 0x1, 0xb5,
    0x40, 0x5e, 0x0,

    /* U+0026 "&" */
    0x0, 0xa7, 0xbf, 0xa8, 0x80, 0x3b, 0x18, 0x40,
    0x57, 0x4, 0x2, 0x43, 0xa, 0xfc, 0x10, 0x40,
    0x8, 0xc0, 0xd4, 0xf, 0xb8, 0xa0, 0x11, 0x81,
    0x90, 0x7, 0xe4, 0x40, 0x61, 0x80, 0x7c, 0x6a,
    0x3, 0x88, 0xf, 0xa8, 0x0, 0xf1, 0x36, 0xb,
    0x6f, 0x22, 0x0, 0xc, 0x3a, 0x60, 0x25, 0x80,
    0xc0, 0x30, 0x83, 0xd0, 0x8, 0x6, 0x20, 0xf3,
    0x17, 0x40, 0x7, 0x0, 0x24, 0xf, 0x3b, 0x50,
    0x5, 0x24, 0x13, 0x14, 0x40, 0x52, 0xf1, 0x64,

    /* U+0027 "'" */
    0xef, 0x40, 0xf, 0x6d, 0xa8,

    /* U+0028 "(" */
    0x0, 0x84, 0x3, 0xb7, 0x4, 0x0, 0xe6, 0x20,
    0x1, 0x80, 0x91, 0x6, 0x4, 0x40, 0x2, 0xc3,
    0xc0, 0x2, 0x62, 0x80, 0x5, 0x5, 0x0, 0x88,
    0x8, 0x2, 0x10, 0x10, 0xf, 0xe1, 0x1, 0x0,
    0x88, 0x8, 0x2, 0x50, 0x50, 0x8, 0x48, 0x4c,
    0x2, 0xa0, 0x90, 0x9, 0x81, 0x4c, 0x0, 0x2e,
    0x1c, 0x1, 0x41, 0x1, 0x0, 0x5f, 0xa4,

    /* U+0029 ")" */
    0x0, 0x8, 0x6, 0xbf, 0x10, 0x9, 0xc6, 0xc0,
    0x2e, 0x5, 0x20, 0x1, 0x38, 0x58, 0x5, 0x20,
    0xe0, 0x10, 0x98, 0x98, 0x4, 0xa0, 0xa0, 0x17,
    0x87, 0x80, 0x46, 0x6, 0x1, 0xfc, 0x60, 0x60,
    0x17, 0x7, 0x0, 0x48, 0x8, 0x0, 0x13, 0x3,
    0x0, 0x48, 0x28, 0x0, 0x5c, 0x24, 0x1, 0x40,
    0x86, 0x2, 0xe3, 0x40, 0x1, 0xcc, 0x8, 0x0,

    /* U+002A "*" */
    0x0, 0xbf, 0x40, 0x33, 0x90, 0x9, 0x38, 0x1c,
    0x68, 0x1e, 0xc0, 0x94, 0x90, 0x1, 0x28, 0x44,
    0x84, 0x0, 0x64, 0x0, 0x20, 0x4b, 0x92, 0x80,
    0x1b, 0x1a, 0x35, 0x0,

    /* U+002B "+" */
    0x0, 0x84, 0x80, 0x3e, 0xad, 0x0, 0xff, 0xe5,
    0x77, 0xf9, 0x3, 0xfe, 0x34, 0x48, 0x41, 0x12,
    0x1a, 0xbb, 0x28, 0x5d, 0xc4, 0x1, 0xff, 0xc6,

    /* U+002C "," */
    0x45, 0x1a, 0xa2, 0x80, 0x5c, 0x61, 0x24, 0x9b,
    0xe0,

    /* U+002D "-" */
    0xab, 0xbc, 0xa8, 0x9c, 0x40,

    /* U+002E "." */
    0x13, 0x27, 0xcf, 0x0, 0x80,

    /* U+002F "/" */
    0x0, 0xa7, 0xe4, 0x2, 0x40, 0xc0, 0x1, 0x10,
    0x10, 0x0, 0x80, 0x62, 0x0, 0xc0, 0x40, 0x9,
    0x3, 0x0, 0x6, 0x20, 0x80, 0x4, 0x4, 0x0,
    0xb0, 0x30, 0x2, 0x40, 0x40, 0x2, 0x0, 0x98,
    0x3, 0x1, 0x0, 0x24, 0xc, 0x0, 0x80,

    /* U+0030 "0" */
    0x0, 0x36, 0xff, 0xb1, 0x40, 0x2a, 0x92, 0x0,
    0x1d, 0x38, 0x22, 0x83, 0xf6, 0xa8, 0x41, 0x70,
    0x2c, 0x9, 0x51, 0x2, 0x88, 0x68, 0x6, 0x70,
    0xe0, 0xf, 0xfe, 0xe0, 0x86, 0x80, 0x67, 0xe,
    0xe0, 0x2c, 0x9, 0x51, 0x2, 0xa2, 0x83, 0xf6,
    0xa8, 0x41, 0x5, 0x49, 0x0, 0xe, 0x9c, 0x0,

    /* U+0031 "1" */
    0x6, 0xef, 0xbb, 0x48, 0x80, 0x14, 0x4c, 0x0,
    0xdf, 0x60, 0x8, 0x10, 0xf, 0xfe, 0xf8,

    /* U+0032 "2" */
    0x0, 0x15, 0x77, 0xf4, 0x0, 0x45, 0xaa, 0x20,
    0x2f, 0x80, 0x9, 0x1, 0xce, 0xa0, 0x37, 0x4,
    0xa, 0x31, 0x57, 0xc, 0xc, 0xc2, 0x0, 0x5e,
    0xe, 0x6, 0x60, 0xd, 0x40, 0xc0, 0x1c, 0x36,
    0x41, 0x0, 0x18, 0xb1, 0x2, 0xc8, 0x2, 0x3c,
    0x21, 0xd4, 0x0, 0x93, 0x4, 0xbc, 0x80, 0x26,
    0xb0, 0x3c, 0x10, 0x8, 0x64, 0x0, 0x7d, 0xff,
    0x68, 0x7, 0xf8,

    /* U+0033 "3" */
    0xc, 0xff, 0xf8, 0x80, 0x3f, 0xec, 0xff, 0xb4,
    0x81, 0x8, 0x3, 0x17, 0x92, 0x58, 0x6, 0x3c,
    0x24, 0xb0, 0xe, 0xd1, 0x5, 0x80, 0xe, 0x61,
    0x19, 0xe8, 0x3, 0x47, 0x72, 0x1, 0x48, 0x3,
    0xce, 0x20, 0xe0, 0x6c, 0x1, 0xf0, 0xe4, 0xc8,
    0x4a, 0x84, 0x10, 0x64, 0x1b, 0xb5, 0x42, 0x84,
    0x1a, 0xcc, 0x0, 0x96, 0xa0,

    /* U+0034 "4" */
    0x0, 0xc7, 0xfe, 0x40, 0xf, 0xa4, 0x9, 0x0,
    0x3c, 0x4a, 0x16, 0x1, 0xf5, 0x80, 0xb0, 0x7,
    0x85, 0x82, 0x40, 0x3e, 0x60, 0x17, 0x38, 0x70,
    0xd, 0x20, 0xc0, 0xcf, 0x40, 0x13, 0x8, 0x48,
    0x7, 0xd6, 0xc, 0x20, 0x60, 0x18, 0x48, 0x1b,
    0xfd, 0x20, 0x5e, 0x1, 0xff, 0xc0, 0x1f, 0xfe,
    0xa0, 0x2f, 0x0, 0xff, 0xe0, 0x0,

    /* U+0035 "5" */
    0x4, 0xff, 0xf6, 0x0, 0x4, 0x3, 0xf8, 0xc1,
    0x7f, 0xf6, 0x0, 0x4, 0x8, 0x3, 0xef, 0x4,
    0xdf, 0xd7, 0x0, 0x84, 0xc, 0x80, 0xa2, 0x80,
    0x1a, 0xad, 0xdf, 0x0, 0xa6, 0x9, 0x52, 0x20,
    0xe8, 0x16, 0x1, 0xf1, 0x81, 0x3, 0xe1, 0x0,
    0x48, 0x4, 0x16, 0x7c, 0x65, 0x26, 0x14, 0x1c,
    0x7, 0x9a, 0xc1, 0x24, 0x5, 0xaa, 0x0, 0x3b,
    0x60,

    /* U+0036 "6" */
    0x0, 0x36, 0x7f, 0xb1, 0x40, 0x2a, 0x93, 0x0,
    0x1d, 0x10, 0x22, 0x84, 0x77, 0x27, 0x48, 0x34,
    0x19, 0xc4, 0x4c, 0x40, 0x2, 0x0, 0x4f, 0x7d,
    0x98, 0x6, 0x66, 0x8, 0x26, 0x18, 0x6, 0x8f,
    0xd3, 0xe, 0x0, 0x95, 0xc0, 0xb8, 0x8, 0x80,
    0xd, 0x0, 0x88, 0x0, 0x24, 0x18, 0x1, 0x18,
    0x0, 0xb4, 0x12, 0x4, 0xf8, 0x10, 0x51, 0x41,
    0xfb, 0x8, 0x64, 0x1, 0x52, 0x40, 0x2b, 0xe4,
    0x0,

    /* U+0037 "7" */
    0x4f, 0xff, 0xac, 0x3, 0xf9, 0x3b, 0xb8, 0x80,
    0xc0, 0x47, 0x11, 0x2, 0x80, 0x3a, 0x81, 0x8,
    0x3, 0xb, 0x7, 0x80, 0x73, 0x80, 0xa0, 0x7,
    0x58, 0x48, 0x7, 0x21, 0x3, 0x0, 0x77, 0x2,
    0x88, 0x6, 0x15, 0xe, 0x0, 0xe6, 0x2, 0x40,
    0xe, 0xa0, 0xa0, 0xc,

    /* U+0038 "8" */
    0x1, 0x9e, 0xfe, 0x91, 0x1, 0xc6, 0x10, 0x16,
    0xf1, 0x62, 0xb, 0xeb, 0x1, 0x6e, 0x4, 0x40,
    0xa2, 0x3, 0xbc, 0x11, 0x2, 0x88, 0xf, 0x62,
    0xb, 0xeb, 0x2, 0x61, 0x30, 0xe, 0x32, 0xb1,
    0x16, 0x7e, 0x10, 0xc2, 0x4, 0x98, 0x1d, 0x82,
    0x0, 0x7f, 0x20, 0x4a, 0xa, 0x40, 0x25, 0x88,
    0xaf, 0xac, 0x45, 0x63, 0xec, 0x20, 0x2d, 0xe2,

    /* U+0039 "9" */
    0x0, 0xc, 0xf7, 0xf4, 0x0, 0x43, 0xec, 0x20,
    0x2f, 0x80, 0xb, 0x11, 0x5f, 0x50, 0x9b, 0x82,
    0x85, 0x20, 0xac, 0x5, 0x80, 0x4e, 0x1, 0x18,
    0x10, 0x18, 0x71, 0x1, 0xd8, 0x5, 0xe0, 0x5b,
    0xf8, 0x20, 0x11, 0xe2, 0x0, 0x12, 0x0, 0x31,
    0xdf, 0xfa, 0xcc, 0x3, 0xfb, 0x0, 0x80, 0x5,
    0x44, 0x2c, 0xe1, 0x60, 0xc, 0x5d, 0xe9, 0x3,
    0x70, 0x6, 0xa0, 0x0, 0x9f, 0x0,

    /* U+003A ":" */
    0x3, 0x30, 0x3, 0x30, 0x60, 0x1d, 0xfe, 0x30,
    0xe, 0x33, 0x0, 0x33, 0x6, 0x1, 0x80,

    /* U+003B ";" */
    0xf, 0xf1, 0x80, 0x76, 0x60, 0xc0, 0xcc, 0x1,
    0xff, 0xc2, 0x55, 0x8, 0x55, 0x8, 0x3, 0xbc,
    0x44, 0x16, 0x64, 0x1d, 0x80,

    /* U+003C "<" */
    0x0, 0xd4, 0xa0, 0x1a, 0x96, 0x0, 0x2a, 0x52,
    0xf0, 0x5, 0x29, 0x61, 0x1, 0xa8, 0x58, 0x80,
    0xe, 0x82, 0x54, 0x2, 0x5a, 0xa, 0x50, 0x9,
    0x68, 0x20, 0x3, 0x2d, 0xe0, 0x0,

    /* U+003D "=" */
    0xdf, 0xff, 0xca, 0x89, 0xfc, 0xd3, 0x77, 0xf8,
    0xe6, 0xef, 0xf1, 0xa2, 0x7f, 0x30,

    /* U+003E ">" */
    0x1b, 0x30, 0x9, 0x93, 0x4c, 0x0, 0xee, 0x1d,
    0x30, 0x4, 0x40, 0x74, 0xc0, 0xe, 0x22, 0x90,
    0x1c, 0x14, 0xa1, 0xd3, 0x4b, 0x7, 0x34, 0xb0,
    0x3, 0x4d, 0x80, 0x40,

    /* U+003F "?" */
    0x0, 0x26, 0x7f, 0xb1, 0x40, 0x24, 0xb3, 0x0,
    0x1d, 0x28, 0x2, 0x41, 0x7b, 0x50, 0x20, 0x0,
    0x8d, 0x2, 0x5e, 0x4, 0x0, 0x99, 0x10, 0x0,
    0x80, 0x40, 0x3c, 0x70, 0x12, 0x1, 0xc9, 0x82,
    0x8e, 0x1, 0xd4, 0xb, 0x60, 0x1c, 0x82, 0x16,
    0x1, 0xe7, 0x74, 0x8, 0x7, 0x87, 0x88, 0x3,
    0xe4, 0x9b, 0x0, 0xff, 0xe1, 0x0,

    /* U+0040 "@" */
    0x0, 0xc7, 0x15, 0x72, 0xc0, 0x1f, 0xd, 0xe3,
    0xaa, 0x34, 0xf3, 0x0, 0x61, 0xc4, 0x45, 0xff,
    0xb6, 0x2, 0x5c, 0x2, 0xb2, 0x7b, 0x40, 0x1,
    0x3f, 0x8c, 0x10, 0xa, 0x94, 0xd, 0x7f, 0xaa,
    0xce, 0x82, 0xc1, 0xc2, 0x82, 0x94, 0x8d, 0x50,
    0x50, 0x10, 0x38, 0xc, 0x90, 0xf7, 0x18, 0x2,
    0x22, 0x0, 0x61, 0x5, 0x0, 0x78, 0x7, 0xbc,
    0x8, 0x80, 0xe4, 0x3a, 0xa, 0x44, 0x30, 0x30,
    0xd1, 0x71, 0xde, 0x40, 0x9d, 0xa, 0x4, 0x24,
    0x44, 0x52, 0xaa, 0xf1, 0x55, 0x2c, 0x0, 0xe0,
    0xb6, 0x5a, 0xa2, 0x1d, 0x51, 0x80, 0x23, 0xb1,
    0x9f, 0xcb, 0xda, 0x0, 0xf9, 0x3d, 0xcc, 0xc8,
    0x66, 0x0, 0xe0,

    /* U+0041 "A" */
    0x0, 0xd7, 0xfe, 0xc0, 0xf, 0xc8, 0x0, 0x31,
    0x0, 0xf2, 0x80, 0x90, 0x38, 0x7, 0xbc, 0x1d,
    0x43, 0x40, 0x3c, 0xa1, 0xb6, 0x8, 0x20, 0x19,
    0x0, 0x50, 0xc4, 0x10, 0x3, 0x68, 0x20, 0x1,
    0xc3, 0xc0, 0x33, 0x87, 0x80, 0x34, 0x14, 0x2,
    0x31, 0xa, 0xff, 0x58, 0x1, 0x0, 0x16, 0x1,
    0xfb, 0x40, 0xa, 0x13, 0xff, 0xa8, 0x1c, 0x8,
    0x80, 0xe0, 0x19, 0x40, 0x4d, 0x40, 0xc4, 0x3,
    0x94, 0x2c,

    /* U+0042 "B" */
    0xbf, 0xfe, 0xe7, 0x0, 0xfc, 0x31, 0x20, 0x14,
    0x7f, 0xd0, 0xc, 0x20, 0x1e, 0x70, 0x1, 0x0,
    0x79, 0x80, 0x4, 0x0, 0x8f, 0xfa, 0x42, 0x4,
    0x3, 0xf6, 0x80, 0x51, 0xff, 0x60, 0xab, 0x80,
    0x78, 0xe4, 0x2c, 0x3, 0xff, 0x88, 0x72, 0xa,
    0x0, 0x8f, 0xfb, 0x4, 0x2c, 0x3, 0xe4, 0xc2,

    /* U+0043 "C" */
    0x0, 0x8e, 0xbb, 0xfd, 0x8e, 0x1, 0xcf, 0x8a,
    0x20, 0x3, 0x8d, 0x10, 0x2, 0xc0, 0x2e, 0x77,
    0x24, 0x4b, 0x40, 0x10, 0xb, 0x46, 0x22, 0x6d,
    0x3, 0x53, 0x20, 0x80, 0xe, 0x39, 0xa4, 0x50,
    0x12, 0x0, 0xf3, 0x28, 0x88, 0xc, 0x3, 0xfc,
    0x20, 0x60, 0x1f, 0xe5, 0x1, 0x20, 0xf, 0x32,
    0x81, 0x90, 0x40, 0x7, 0x1c, 0xd2, 0x84, 0x2,
    0xd1, 0x88, 0x9b, 0x40, 0xd4, 0x16, 0x1, 0x73,
    0xb9, 0x22, 0x5a, 0x1, 0x3e, 0x28, 0x80, 0xe,
    0x34, 0x40,

    /* U+0044 "D" */
    0xbf, 0xfe, 0xd7, 0x0, 0xfe, 0x28, 0xd1, 0x0,
    0xa3, 0xfd, 0xd4, 0x25, 0x40, 0x1e, 0x15, 0xa0,
    0x43, 0x0, 0xf9, 0x8, 0x2c, 0x3, 0xf3, 0x81,
    0x0, 0x7e, 0x30, 0x10, 0xf, 0xc6, 0x2, 0x1,
    0xf9, 0xc0, 0x80, 0x3e, 0x42, 0xb, 0x0, 0xe1,
    0x5a, 0x4, 0x30, 0x4, 0x7f, 0xba, 0x84, 0xa8,
    0x3, 0xe2, 0x7d, 0x10,

    /* U+0045 "E" */
    0xbf, 0xff, 0xa8, 0x3, 0xfe, 0x8f, 0xfe, 0xa0,
    0x0, 0x80, 0x7f, 0xf1, 0x67, 0xff, 0x40, 0x7,
    0xff, 0x2, 0x3f, 0xf4, 0x0, 0x42, 0x1, 0xff,
    0xc5, 0x10, 0xf, 0xd1, 0xff, 0xd4, 0x1, 0xfc,

    /* U+0046 "F" */
    0xbf, 0xff, 0x84, 0x3, 0xfe, 0x7d, 0xde, 0x10,
    0x7, 0x11, 0x70, 0x7, 0xff, 0x3, 0x88, 0xb0,
    0x6, 0x7d, 0xdc, 0x1, 0xff, 0xc1, 0x9f, 0xfc,
    0x1, 0xff, 0xda,

    /* U+0047 "G" */
    0x0, 0x8e, 0xbb, 0xfd, 0x8e, 0x1, 0xcf, 0x8a,
    0x20, 0x3, 0x8c, 0x10, 0x2, 0xc0, 0x2e, 0x76,
    0xc0, 0x1d, 0x80, 0x2c, 0x16, 0x8c, 0x49, 0xe8,
    0x14, 0x4c, 0x42, 0x0, 0x39, 0x6f, 0x45, 0x40,
    0x48, 0x3, 0xc8, 0x40, 0x20, 0x60, 0x1d, 0xff,
    0xa8, 0x40, 0xc0, 0x39, 0x10, 0x20, 0x6a, 0x2,
    0x40, 0x1a, 0xec, 0x0, 0xe3, 0x20, 0x80, 0xe,
    0x51, 0x5, 0x8, 0x5, 0xa3, 0x1, 0x7a, 0x6,
    0x20, 0x58, 0x5, 0xcf, 0xe8, 0x4, 0x90, 0x9,
    0xf1, 0x44, 0x0, 0x95, 0x60, 0x0,

    /* U+0048 "H" */
    0xbf, 0x60, 0xe, 0x7f, 0xb0, 0xf, 0xff, 0x14,
    0xff, 0xf4, 0x0, 0x7f, 0xf0, 0xe3, 0xff, 0xa0,
    0x3, 0x8, 0x7, 0xff, 0xa0,

    /* U+0049 "I" */
    0x9f, 0x90, 0xf, 0xfe, 0xc0,

    /* U+004A "J" */
    0x0, 0xea, 0xf9, 0x0, 0xff, 0xfa, 0x98, 0x80,
    0x61, 0xcc, 0x58, 0x9a, 0x7, 0xc8, 0x2f, 0x60,
    0x89, 0x96, 0xcc, 0x0, 0xb8, 0x20,

    /* U+004B "K" */
    0xbf, 0x60, 0xd, 0x9f, 0x80, 0x1f, 0x51, 0x96,
    0x80, 0x7a, 0x14, 0x7c, 0x40, 0x39, 0x9c, 0x34,
    0x80, 0x39, 0x24, 0x28, 0xc0, 0x3b, 0xec, 0x21,
    0x40, 0x3c, 0xc0, 0x2e, 0x1, 0xf3, 0x8, 0xac,
    0x3, 0xef, 0xd0, 0x49, 0x0, 0xf8, 0xec, 0x1a,
    0x0, 0x3e, 0x4a, 0x7, 0x60, 0xf, 0x96, 0x2,
    0x50, 0x3, 0xe7, 0x60, 0xb3,

    /* U+004C "L" */
    0x9f, 0x90, 0xf, 0xff, 0xf8, 0x7, 0xff, 0x2d,
    0xbf, 0xf9, 0x40, 0x3f, 0x80,

    /* U+004D "M" */
    0xbf, 0x70, 0xf, 0x87, 0xfc, 0x40, 0x9, 0x0,
    0xfa, 0x0, 0x38, 0x58, 0x3, 0x85, 0x80, 0x3d,
    0x0, 0x1d, 0x20, 0x1f, 0xb, 0x0, 0x42, 0xe0,
    0x1e, 0x60, 0xb0, 0xa, 0x41, 0x4, 0x3, 0x69,
    0x11, 0x80, 0xe, 0x10, 0x1, 0xe8, 0xb, 0x7,
    0x3, 0x30, 0x7, 0x94, 0x88, 0xd2, 0x10, 0x1,
    0xfa, 0xc2, 0x44, 0xd0, 0x3, 0xf3, 0x8, 0x2,
    0x40, 0x3f, 0xd2, 0x4, 0xa0, 0x1f, 0xe7, 0x18,
    0x0, 0xf0,

    /* U+004E "N" */
    0xbf, 0xc0, 0xe, 0x8f, 0xa0, 0x1, 0xb8, 0x7,
    0xfa, 0x8, 0x3, 0xfd, 0xc0, 0x1f, 0x98, 0xd,
    0x80, 0x3e, 0xe8, 0x9, 0x10, 0xf, 0x9c, 0xc2,
    0x80, 0x3f, 0x70, 0x23, 0x0, 0x7c, 0x50, 0x12,
    0x40, 0x1f, 0x39, 0x82, 0x80, 0x7e, 0xf0, 0xf,
    0xf1, 0xb8, 0x7, 0xfa, 0x8, 0x0,

    /* U+004F "O" */
    0x0, 0x8e, 0xbb, 0xfd, 0x8e, 0x1, 0xcf, 0x8a,
    0x20, 0x3, 0x8d, 0x10, 0x2, 0xc0, 0x2e, 0x77,
    0x24, 0x4b, 0x0, 0x10, 0xb, 0x46, 0x22, 0x6d,
    0x2, 0x63, 0x20, 0x80, 0xe, 0x35, 0xd, 0x50,
    0x12, 0x0, 0xf6, 0x2, 0x88, 0x18, 0x7, 0xc6,
    0x2, 0x20, 0x30, 0xf, 0x8c, 0x5, 0x40, 0x48,
    0x3, 0xd8, 0xa, 0x64, 0x10, 0x1, 0xc6, 0xa1,
    0xa1, 0x0, 0xb4, 0x60, 0x2d, 0xa0, 0x4c, 0xb,
    0x0, 0xb9, 0xfd, 0x22, 0x58, 0x1, 0x3e, 0x28,
    0x80, 0xe, 0x34, 0x40,

    /* U+0050 "P" */
    0xbf, 0xff, 0x59, 0x80, 0x7e, 0x4c, 0x30, 0x4,
    0x7f, 0xda, 0x41, 0x0, 0x1, 0x0, 0x8a, 0x1,
    0x40, 0x3f, 0xf8, 0x85, 0x20, 0xa0, 0x9, 0xff,
    0xb4, 0xc2, 0x0, 0x3e, 0x3b, 0x30, 0x4, 0xff,
    0xec, 0x40, 0xf, 0xfe, 0xe8,

    /* U+0051 "Q" */
    0x0, 0x8e, 0xbb, 0xfd, 0x8e, 0x1, 0xcf, 0x8a,
    0x20, 0x3, 0x8d, 0x10, 0x2, 0xc0, 0x2e, 0x77,
    0x24, 0x4b, 0x0, 0x10, 0xb, 0x46, 0x22, 0x6d,
    0x2, 0x63, 0x20, 0x80, 0xe, 0x35, 0xd, 0x50,
    0x12, 0x0, 0xf6, 0x2, 0x88, 0x18, 0x7, 0xc6,
    0x2, 0x20, 0x30, 0xf, 0x8c, 0x5, 0x40, 0x48,
    0x3, 0x2b, 0xe0, 0x29, 0x90, 0x40, 0x4, 0x35,
    0xa, 0x1a, 0x10, 0xb, 0x46, 0x0, 0x60, 0x0,
    0xb0, 0x2c, 0x2, 0xe7, 0xf3, 0x0, 0x5, 0xc0,
    0xf, 0x8a, 0x20, 0x3, 0x8c, 0x46,

    /* U+0052 "R" */
    0xbf, 0xff, 0x59, 0x80, 0x7f, 0x26, 0x18, 0x5,
    0x1f, 0xf6, 0x90, 0x40, 0x4, 0x20, 0x11, 0x40,
    0x28, 0x7, 0xff, 0x18, 0xa4, 0x14, 0x2, 0x9f,
    0xfb, 0x4c, 0x20, 0x3, 0xf0, 0xe1, 0x80, 0x51,
    0xfe, 0xa0, 0x11, 0x0, 0x61, 0x0, 0x29, 0x5,
    0x80, 0x7e, 0xb0, 0x61, 0x0, 0xf9, 0x84, 0x18,
    0x3, 0xf3, 0x4, 0x80,

    /* U+0053 "S" */
    0x0, 0xc, 0xef, 0xfb, 0x5c, 0x3, 0xf, 0xb1,
    0x0, 0xa, 0x30, 0x2, 0x81, 0x15, 0x77, 0x20,
    0xe, 0x40, 0xa, 0xc, 0xa2, 0x27, 0x70, 0x28,
    0x1, 0x81, 0x4c, 0x2, 0x8f, 0xc0, 0x4, 0x81,
    0x66, 0xca, 0x0, 0x71, 0xeb, 0x9, 0x35, 0xfc,
    0x80, 0x62, 0x9e, 0xc8, 0x30, 0x6b, 0x0, 0xa,
    0x0, 0xd, 0xf2, 0x41, 0x4, 0xfa, 0xd4, 0x3,
    0x28, 0x4, 0x66, 0xa, 0x71, 0x4, 0xe0, 0x21,
    0xe, 0x10, 0x8e, 0xfb, 0x20, 0xe0, 0x1, 0x7b,
    0x90, 0x0, 0x9b, 0x8c, 0x0,

    /* U+0054 "T" */
    0xdf, 0xff, 0xeb, 0x0, 0xff, 0xb7, 0xfe, 0x50,
    0x6f, 0xfa, 0xc0, 0x3c, 0x20, 0x1f, 0xff, 0xf0,
    0xf, 0xfe, 0x80,

    /* U+0055 "U" */
    0xbf, 0x70, 0xe, 0x8f, 0xb0, 0xf, 0xff, 0xf8,
    0x6, 0xf0, 0xe, 0x10, 0x13, 0x5, 0x0, 0xe7,
    0x2, 0xa0, 0x2b, 0x31, 0x3c, 0x10, 0xa2, 0x90,
    0x4c, 0xec, 0x30, 0x92, 0x6, 0xc5, 0x10, 0x15,
    0xc6, 0x0,

    /* U+0056 "V" */
    0xcf, 0x70, 0xf, 0x7f, 0x92, 0x82, 0xc0, 0x39,
    0x0, 0x8, 0xe0, 0x62, 0x1, 0xb4, 0x14, 0x4,
    0xc1, 0xc0, 0x33, 0x87, 0x80, 0x2c, 0x34, 0x2,
    0x31, 0x5, 0x0, 0x28, 0x20, 0x80, 0x2c, 0x10,
    0x2, 0x22, 0x2, 0x0, 0x14, 0x34, 0x3, 0x28,
    0x78, 0x11, 0x1, 0xc0, 0x35, 0x82, 0x85, 0x1,
    0x88, 0x6, 0x31, 0x4, 0x50, 0xb0, 0xf, 0x38,
    0x41, 0x2, 0x80, 0x7b, 0x40, 0xc0, 0x88, 0x1,
    0xe4, 0x0, 0x94, 0x3, 0x0,

    /* U+0057 "W" */
    0xaf, 0x90, 0xc, 0xff, 0xe1, 0x0, 0x87, 0xfc,
    0x7e, 0xe, 0x1, 0xac, 0x0, 0x80, 0x12, 0x0,
    0x9a, 0x0, 0x90, 0x0, 0x4c, 0x1, 0x80, 0x16,
    0x2, 0x0, 0x98, 0x28, 0x1, 0x0, 0x27, 0x0,
    0x9c, 0x3c, 0x1, 0x61, 0x80, 0xc, 0x6, 0x1,
    0x20, 0x21, 0x4, 0x0, 0x20, 0x20, 0x1, 0x3,
    0x50, 0x10, 0x10, 0xc, 0x40, 0x6, 0x20, 0x84,
    0x40, 0x4d, 0xd, 0xd, 0xb, 0x0, 0xce, 0x18,
    0x80, 0x80, 0x80, 0x80, 0x80, 0xa0, 0x1b, 0x1,
    0x74, 0x34, 0x8, 0x81, 0x0, 0x24, 0x1, 0x94,
    0x9, 0x1, 0x0, 0x8, 0xe, 0xe, 0x1, 0xe4,
    0x0, 0x11, 0x0, 0x1a, 0x1, 0x68, 0x7, 0xb0,
    0x0, 0x80, 0x12, 0x0, 0x48, 0x1, 0xe5, 0x0,
    0x68, 0x6, 0x40, 0x40, 0xc,

    /* U+0058 "X" */
    0x5f, 0xf2, 0x0, 0x67, 0xff, 0x1a, 0xa0, 0x50,
    0x4, 0x50, 0xe, 0x61, 0x42, 0x29, 0x0, 0x70,
    0x14, 0x0, 0x6, 0xc1, 0x8d, 0x8c, 0x38, 0x3,
    0x2a, 0x7, 0x48, 0x39, 0x80, 0x75, 0x1, 0x1,
    0x40, 0x7, 0x85, 0x80, 0x16, 0x1, 0xf1, 0x30,
    0x2, 0x4, 0x3, 0xdc, 0x6, 0x22, 0xb0, 0xe,
    0x73, 0xe, 0xa0, 0x54, 0x0, 0x8a, 0x2, 0x9,
    0x14, 0x28, 0x40, 0x1c, 0x6, 0xe0, 0xb, 0x11,
    0x58, 0x39, 0x87, 0x80, 0x43, 0x60, 0xa8,

    /* U+0059 "Y" */
    0xbf, 0xd0, 0xe, 0xcf, 0xb9, 0x2, 0x60, 0x9,
    0x4c, 0x24, 0x98, 0x20, 0x2, 0xb0, 0x62, 0x8,
    0x11, 0x40, 0x40, 0x8a, 0x0, 0x3, 0x0, 0xe8,
    0xe1, 0x2, 0x1, 0x31, 0x5, 0x81, 0x30, 0x7,
    0x48, 0x5, 0x20, 0x1e, 0x44, 0x2, 0x20, 0x3,
    0xe2, 0x2, 0x0, 0xff, 0xf2, 0x0,

    /* U+005A "Z" */
    0xa, 0xff, 0xfd, 0xc0, 0x1f, 0xf5, 0x80, 0x2b,
    0xff, 0x70, 0x82, 0x28, 0x7, 0xd0, 0x21, 0x20,
    0x1f, 0x1b, 0x3, 0x90, 0x7, 0xde, 0x3, 0x0,
    0x1f, 0x31, 0x85, 0x80, 0x7c, 0x30, 0x6, 0xa0,
    0x1f, 0x40, 0x87, 0x0, 0x7c, 0x6c, 0xe, 0x40,
    0x1f, 0x78, 0xc, 0x80, 0x7c, 0xa6, 0x3, 0xdf,
    0xfb, 0x80, 0x16, 0x1, 0xfe,

    /* U+005B "[" */
    0x7f, 0xf9, 0xc0, 0x21, 0x10, 0x2, 0x39, 0x80,
    0x3f, 0xff, 0xe0, 0x8, 0xf6, 0x0, 0xc2,

    /* U+005C "\\" */
    0xcf, 0x60, 0x9, 0x3, 0x0, 0x2c, 0x4, 0x0,
    0x90, 0x4, 0xc0, 0x24, 0x4, 0x0, 0xb0, 0x30,
    0x2, 0x40, 0x40, 0x8, 0xc4, 0x10, 0x2, 0x40,
    0xc0, 0xb, 0x1, 0x0, 0x24, 0x3, 0x10, 0x1,
    0x10, 0x10, 0x2, 0x40, 0xc0,

    /* U+005D "]" */
    0xdf, 0xf8, 0x46, 0x0, 0xb3, 0x88, 0x3, 0xff,
    0xfe, 0x0, 0xcf, 0x20, 0x0, 0x80, 0x60,

    /* U+005E "^" */
    0x0, 0xe1, 0x0, 0xfd, 0x18, 0x20, 0x1e, 0x87,
    0x2c, 0x10, 0xd, 0xe, 0x2a, 0x58, 0x20, 0x8,
    0x71, 0xca, 0x52, 0xc1, 0x2, 0x1d, 0x20, 0xa5,
    0x33, 0x5, 0x61, 0x80, 0x55, 0x84,

    /* U+005F "_" */
    0xbb, 0xff, 0xa5, 0x13, 0xfe, 0x70,

    /* U+0060 "`" */
    0x5, 0x30, 0x7, 0x68, 0x3, 0xc5, 0x41, 0x6,
    0x40,

    /* U+0061 "a" */
    0x0, 0x26, 0x7f, 0xb6, 0x0, 0x24, 0xb3, 0x0,
    0x13, 0xd8, 0x3, 0x81, 0xbb, 0xe8, 0x10, 0x82,
    0xb6, 0x44, 0xc0, 0x26, 0x0, 0x2e, 0xfe, 0x50,
    0x6, 0xc8, 0x23, 0x79, 0x10, 0x1, 0x98, 0x37,
    0x21, 0x84, 0x3, 0x9, 0x0, 0x28, 0x2, 0x31,
    0x17, 0x5f, 0x29, 0x0, 0x58, 0x82, 0x85, 0x68,
    0x0,

    /* U+0062 "b" */
    0xcf, 0x60, 0xf, 0xfe, 0x8e, 0x63, 0xfd, 0x64,
    0x1, 0x94, 0xc0, 0x9, 0xa6, 0x1, 0xe, 0xfe,
    0x98, 0x70, 0x5, 0x4, 0x5, 0xe0, 0x46, 0x0,
    0x20, 0x8, 0xc0, 0xc, 0x1, 0xff, 0xc0, 0x20,
    0x8, 0xc0, 0xe, 0x0, 0x82, 0x1, 0xf0, 0x22,
    0x0, 0x7, 0x7f, 0x8c, 0x38, 0x2, 0x83, 0x0,
    0x26, 0x18, 0x0,

    /* U+0063 "c" */
    0x0, 0xc, 0xf7, 0xf4, 0x88, 0x0, 0xbd, 0x84,
    0x5, 0xbc, 0x42, 0x44, 0xb3, 0xec, 0x45, 0x2,
    0x81, 0x26, 0x9, 0x53, 0x6a, 0x0, 0x40, 0x9,
    0x18, 0x80, 0x3f, 0xca, 0x0, 0x40, 0x8, 0xd0,
    0x44, 0x81, 0x26, 0x7, 0xb7, 0x1, 0x22, 0x59,
    0xf8, 0x22, 0x80, 0x2f, 0x61, 0x1, 0x6f, 0x10,

    /* U+0064 "d" */
    0x0, 0xf9, 0x7f, 0x40, 0x3f, 0xf9, 0x45, 0x5d,
    0xfb, 0xe0, 0x11, 0x62, 0x88, 0x12, 0x80, 0x52,
    0x25, 0xbf, 0xa4, 0x0, 0x14, 0x9, 0x20, 0x28,
    0x0, 0x28, 0x1, 0x0, 0x26, 0x0, 0xff, 0xe0,
    0x28, 0x1, 0x0, 0x26, 0x0, 0xa, 0x4, 0x90,
    0x14, 0x0, 0x52, 0x5, 0xbf, 0xa4, 0x1, 0x16,
    0xa8, 0x0, 0xe4, 0x0,

    /* U+0065 "e" */
    0x0, 0xc, 0xf7, 0xf4, 0x88, 0x4, 0x3e, 0xc2,
    0x33, 0x78, 0x80, 0x28, 0x4b, 0x7b, 0x88, 0x30,
    0x2, 0x81, 0x24, 0x3, 0x0, 0xe0, 0x40, 0xb,
    0xff, 0xb0, 0x4, 0x4e, 0x0, 0x55, 0xe3, 0x51,
    0x50, 0x7, 0x55, 0x57, 0xd4, 0x2, 0x81, 0x26,
    0x7, 0xba, 0xb0, 0x5, 0x9, 0x67, 0xe1, 0x84,
    0x0, 0x7, 0xdc, 0x40, 0x57, 0x4c, 0x0,

    /* U+0066 "f" */
    0x0, 0xd, 0xff, 0xa8, 0x1, 0x68, 0x7, 0xa0,
    0x7, 0xa, 0xc7, 0x77, 0x90, 0x57, 0xd1, 0x20,
    0x0, 0xd3, 0x56, 0xc4, 0x22, 0xdc, 0x3, 0xff,
    0xca,

    /* U+0067 "g" */
    0x0, 0x15, 0x77, 0xeb, 0x7e, 0x81, 0x62, 0x88,
    0x14, 0x80, 0x52, 0x25, 0xbf, 0xa4, 0x0, 0x14,
    0x9, 0x20, 0x28, 0x0, 0x28, 0x1, 0x0, 0x26,
    0x0, 0xff, 0xe0, 0x28, 0x1, 0x0, 0x26, 0x0,
    0xa, 0x4, 0x90, 0x14, 0x0, 0x52, 0x5, 0xbf,
    0xa4, 0x1, 0x16, 0xa8, 0x0, 0xd4, 0x3, 0x15,
    0x7f, 0xb3, 0x0, 0x20, 0x31, 0x86, 0x29, 0x0,
    0xa0, 0x6c, 0x79, 0xd6, 0x21, 0x60, 0x5e, 0xc2,
    0x2, 0xba, 0x40,

    /* U+0068 "h" */
    0xcf, 0x20, 0xf, 0xfe, 0x8b, 0x4f, 0x7e, 0xb0,
    0x6, 0xb6, 0x10, 0x29, 0x60, 0xd, 0x3d, 0x84,
    0x16, 0x1, 0x2b, 0x9, 0xc8, 0x10, 0x80, 0x8,
    0x2, 0x50, 0x1, 0x80, 0x3c, 0x2, 0x10, 0xf,
    0xfe, 0xf8,

    /* U+0069 "i" */
    0x9f, 0x91, 0x0, 0x47, 0xcc, 0xbe, 0x40, 0x3f,
    0xf9, 0xe0,

    /* U+006A "j" */
    0x0, 0x27, 0xf0, 0x7, 0xc9, 0xfc, 0x0, 0x4f,
    0xe0, 0xf, 0xff, 0x46, 0x80, 0xf, 0xd8, 0x14,
    0x2, 0x39,

    /* U+006B "k" */
    0xbf, 0x70, 0xf, 0xfe, 0x7b, 0x80, 0x65, 0xff,
    0x28, 0x7, 0x15, 0x3, 0x28, 0x7, 0x70, 0x1c,
    0x80, 0x74, 0x98, 0x70, 0x7, 0x5b, 0x5, 0x10,
    0x7, 0xff, 0xe, 0xdc, 0x28, 0xc0, 0x3d, 0x8,
    0x1a, 0x20, 0x1e, 0xa1, 0x16, 0x80, 0x78, 0x74,
    0xe, 0x80,

    /* U+006C "l" */
    0x9f, 0x90, 0xf, 0xfe, 0xc0,

    /* U+006D "m" */
    0xcf, 0x4b, 0xff, 0x50, 0x9e, 0x7f, 0x48, 0x6,
    0xb4, 0x0, 0x2e, 0x60, 0xc0, 0x5a, 0x40, 0x21,
    0xdf, 0x80, 0x23, 0xef, 0x60, 0x60, 0x9, 0x88,
    0x1c, 0x1, 0x22, 0x16, 0x0, 0x10, 0x7, 0x0,
    0x42, 0x2, 0x0, 0x30, 0xf, 0xff, 0xf8, 0x4,

    /* U+006E "n" */
    0xcf, 0x4a, 0xef, 0xd6, 0x0, 0xd6, 0xa2, 0x5,
    0x2c, 0x1, 0xa7, 0xb0, 0x82, 0xc0, 0x25, 0x61,
    0x39, 0x2, 0x10, 0x1, 0x0, 0x4a, 0x0, 0x30,
    0x7, 0x80, 0x42, 0x1, 0xff, 0xdf,

    /* U+006F "o" */
    0x0, 0xc, 0xf7, 0xf5, 0x10, 0x4, 0x3e, 0xc2,
    0x2, 0xba, 0x60, 0xa, 0x12, 0xcf, 0xc2, 0xe,
    0x1, 0x40, 0x93, 0x3, 0xf0, 0x23, 0x50, 0x2,
    0x0, 0x44, 0x0, 0x50, 0xf, 0xf9, 0x40, 0x8,
    0x1, 0x10, 0x1, 0x45, 0x2, 0x90, 0xf, 0xc0,
    0x8c, 0x28, 0x45, 0x7f, 0x84, 0x1c, 0x0, 0x1f,
    0x61, 0x1, 0x5d, 0x30,

    /* U+0070 "p" */
    0xcf, 0x7c, 0xff, 0x59, 0x0, 0x68, 0x30, 0x2,
    0x69, 0x80, 0x43, 0xbf, 0xa6, 0x1c, 0x1, 0x41,
    0x1, 0x78, 0x11, 0x80, 0x8, 0x2, 0x30, 0x3,
    0x0, 0x7f, 0xf0, 0x8, 0x2, 0x30, 0x3, 0x80,
    0x20, 0x80, 0x7c, 0x8, 0x80, 0x1, 0xdf, 0xe3,
    0xe, 0x0, 0x94, 0xc0, 0x9, 0x86, 0x1, 0x66,
    0x3f, 0xd6, 0x60, 0x1f, 0xfd, 0x40,

    /* U+0071 "q" */
    0x0, 0x15, 0x77, 0xeb, 0x7e, 0x81, 0x62, 0x88,
    0x14, 0x80, 0x52, 0x25, 0xbf, 0xa4, 0x0, 0x14,
    0x9, 0x20, 0x28, 0x0, 0x28, 0x1, 0x0, 0x26,
    0x0, 0xff, 0xe0, 0x28, 0x1, 0x0, 0x26, 0x0,
    0xa, 0x4, 0x90, 0x14, 0x0, 0x52, 0x5, 0xbf,
    0xa4, 0x1, 0x16, 0xa8, 0x0, 0xd4, 0x3, 0x15,
    0x7f, 0xb3, 0xc0, 0x3f, 0xfa, 0x80,

    /* U+0072 "r" */
    0xbf, 0x3a, 0xfb, 0x0, 0x6a, 0x80, 0x61, 0x8f,
    0xb0, 0x2, 0x38, 0x6, 0xc0, 0xf, 0xfe, 0xa8,

    /* U+0073 "s" */
    0x0, 0x3e, 0xff, 0xb1, 0x40, 0x28, 0x81, 0x8,
    0x1d, 0x30, 0x1, 0x82, 0x7b, 0xd8, 0x28, 0x0,
    0x61, 0x84, 0x13, 0xd8, 0x0, 0x90, 0x5d, 0xe9,
    0x20, 0x9, 0x3e, 0x54, 0x5b, 0x20, 0x0, 0x48,
    0xd5, 0xf0, 0xe, 0x5, 0xb6, 0xe0, 0x1, 0x0,
    0x89, 0x82, 0x3f, 0xa4, 0x18, 0x1, 0x32, 0x30,
    0x12, 0x89, 0x0,

    /* U+0074 "t" */
    0x0, 0x44, 0x0, 0x30, 0xbb, 0x84, 0x3, 0xfb,
    0x78, 0x1, 0xdf, 0xe4, 0x40, 0x1, 0x10, 0xb3,
    0x40, 0xa, 0xba, 0x0, 0xff, 0xe5, 0x8, 0x7,
    0xf3, 0x80, 0x63, 0x9, 0xfe, 0x0, 0x6a, 0x0,
    0xc,

    /* U+0075 "u" */
    0xef, 0x40, 0x8, 0xbf, 0xc0, 0x1f, 0xfd, 0xa1,
    0x0, 0x98, 0x0, 0x61, 0xa0, 0x11, 0x0, 0x10,
    0x1d, 0x45, 0x20, 0x1, 0x60, 0xa, 0xeb, 0x10,
    0x1, 0x61, 0x80, 0x13, 0x4, 0x0,

    /* U+0076 "v" */
    0x7f, 0xb0, 0xd, 0x7e, 0xcc, 0x4, 0x10, 0x0,
    0xa0, 0x38, 0x98, 0x38, 0x1, 0xc1, 0x4, 0x28,
    0x34, 0x1, 0x41, 0xc0, 0x7, 0x4, 0x11, 0x18,
    0x28, 0x0, 0x50, 0x1d, 0xc0, 0xa0, 0x1b, 0x83,
    0x68, 0x38, 0x3, 0x28, 0x21, 0x8a, 0x0, 0x72,
    0x80, 0x1c, 0x3, 0xdc, 0x0, 0xa0, 0x8,

    /* U+0077 "w" */
    0x7f, 0xa0, 0xb, 0x7d, 0x0, 0x5, 0xfc, 0x8,
    0x8, 0x0, 0x22, 0x6, 0x80, 0x14, 0x10, 0xc,
    0x44, 0x60, 0xa0, 0x7, 0x0, 0x58, 0x78, 0x1,
    0xc2, 0xc3, 0x0, 0xc4, 0x84, 0xc1, 0x0, 0x1a,
    0xa, 0x8, 0x72, 0xa, 0xe0, 0x82, 0x0, 0x40,
    0x27, 0xb, 0x50, 0xbc, 0xc, 0x0, 0xc8, 0x10,
    0xa, 0x8, 0x6a, 0xa, 0x1, 0xb4, 0x0, 0x44,
    0xd, 0x0, 0x11, 0x0, 0x33, 0x80, 0x28, 0x0,
    0xe0, 0x5, 0x0, 0xe1, 0x20, 0x50, 0x0, 0xa0,
    0x60, 0x4,

    /* U+0078 "x" */
    0x6f, 0xf1, 0x0, 0xf, 0xfc, 0xac, 0x81, 0xe0,
    0xe, 0x5, 0x50, 0x50, 0x94, 0x40, 0x86, 0x80,
    0x3, 0x40, 0xee, 0xd, 0x0, 0xc8, 0xc0, 0x7,
    0x30, 0xe, 0x30, 0x0, 0x80, 0x72, 0xa8, 0x0,
    0xca, 0x1, 0x15, 0x4, 0x40, 0x2c, 0x40, 0x1c,
    0x6, 0xee, 0x31, 0xa0, 0x73, 0xe, 0x0, 0x70,
    0x23, 0x80,

    /* U+0079 "y" */
    0x9f, 0xa0, 0xc, 0xbf, 0x94, 0xa, 0x20, 0x14,
    0x85, 0x19, 0x81, 0x80, 0x4, 0x60, 0xc1, 0x21,
    0x40, 0xa, 0x5, 0x0, 0x28, 0x91, 0x83, 0x4,
    0x80, 0x4c, 0x14, 0x82, 0x46, 0x1, 0x50, 0x37,
    0x85, 0x0, 0x62, 0x40, 0x40, 0x60, 0xe, 0xe0,
    0x2, 0x8, 0x7, 0x28, 0x3, 0x80, 0x3c, 0x60,
    0x2a, 0x1, 0xeb, 0x6, 0x0, 0xf9, 0x82, 0x80,
    0x3c, 0x82, 0x64, 0x1, 0x80,

    /* U+007A "z" */
    0x2f, 0xff, 0xac, 0xc4, 0x70, 0x5, 0x23, 0xdd,
    0x88, 0x20, 0x80, 0x34, 0x11, 0xb8, 0x6, 0x37,
    0xe, 0x0, 0xee, 0x8, 0x20, 0xd, 0x4, 0x6e,
    0x1, 0x8d, 0xc3, 0x80, 0x3b, 0x80, 0x19, 0xdd,
    0x4b, 0x90, 0x0, 0x47, 0x18,

    /* U+007B "{" */
    0x0, 0x3f, 0x7a, 0x81, 0xc0, 0x80, 0x4a, 0x9,
    0xea, 0x1, 0x8, 0x7, 0xff, 0x3f, 0x0, 0x80,
    0xa, 0xa0, 0xa0, 0xf, 0xca, 0xa0, 0xb0, 0xb,
    0x0, 0xc0, 0x3f, 0xfa, 0x22, 0x1, 0x28, 0x27,
    0xa8, 0x1c, 0x8, 0x0,

    /* U+007C "|" */
    0x6f, 0xc0, 0xf, 0xfe, 0xc0,

    /* U+007D "}" */
    0x4f, 0xe8, 0x0, 0xc2, 0xe8, 0x9, 0xea, 0x6,
    0x1, 0x18, 0x7, 0xff, 0x47, 0x82, 0xc0, 0x26,
    0x13, 0x60, 0xf, 0xcc, 0x28, 0xc0, 0xe, 0xc,
    0x0, 0xff, 0xe7, 0x98, 0x4, 0x9e, 0xa0, 0x60,
    0x19, 0xd0, 0x0,

    /* U+007E "~" */
    0x4, 0xdf, 0xb2, 0x1, 0xa8, 0x9, 0x20, 0x4d,
    0x77, 0x2b, 0x1, 0x5, 0x30, 0x44, 0x82, 0x82,
    0xad, 0x38, 0x60, 0x52,

    /* U+00A0 " " */

    /* U+00A1 "¡" */
    0xdf, 0x50, 0xb, 0x7d, 0x66, 0xcd, 0x10, 0xc0,
    0x1f, 0xfc, 0xc0,

    /* U+00A2 "¢" */
    0x0, 0xc9, 0xee, 0x1, 0xf1, 0x87, 0x0, 0x72,
    0xf4, 0x3, 0x72, 0x80, 0x12, 0x84, 0x94, 0x45,
    0x48, 0x12, 0xb, 0xb5, 0xc6, 0x1a, 0x44, 0x9,
    0x0, 0xbb, 0x92, 0xc0, 0x3, 0x0, 0x88, 0x41,
    0xc0, 0x2, 0x1, 0xe2, 0x0, 0x20, 0x4, 0x8a,
    0x42, 0x81, 0x66, 0x7, 0x54, 0xb0, 0x91, 0x16,
    0x7e, 0x8, 0xa0, 0xb, 0xd4, 0x0, 0x2d, 0xe2,
    0x0, 0x1a, 0xb0, 0x99, 0x8, 0x7, 0x32, 0x98,
    0x4,

    /* U+00A3 "£" */
    0x0, 0x8e, 0xff, 0xd4, 0x1, 0x8b, 0x10, 0x0,
    0xb8, 0x1, 0x58, 0x16, 0xe8, 0x4d, 0x40, 0x4,
    0x14, 0x44, 0xaa, 0x20, 0x7, 0xc8, 0xa2, 0xbe,
    0x81, 0x1f, 0xe3, 0x0, 0xff, 0xe0, 0x2f, 0x98,
    0x3f, 0xf8, 0xc0, 0x33, 0x87, 0x80, 0x7f, 0xf1,
    0xd, 0x0, 0x3e, 0x5c, 0x0, 0x47, 0xfd, 0x60,
    0x1f, 0xf0,

    /* U+00A4 "¤" */
    0x3, 0x20, 0xf, 0x11, 0x81, 0x6e, 0x24, 0xee,
    0xa5, 0x33, 0x6, 0x4a, 0x36, 0xc4, 0x46, 0xb1,
    0x32, 0xa, 0x0, 0x47, 0x72, 0x0, 0x1c, 0x20,
    0xe0, 0xce, 0x22, 0x77, 0x5, 0x0, 0x30, 0x28,
    0x3, 0x50, 0x18, 0x7, 0xf1, 0x80, 0x6d, 0xb,
    0x0, 0xce, 0x6, 0x0, 0x60, 0x75, 0x0, 0x24,
    0x85, 0x0, 0x2c, 0x1, 0x5d, 0xcb, 0x0, 0x48,
    0x1a, 0x84, 0x20, 0x89, 0x24, 0x11, 0x7, 0x56,
    0xf7, 0xfe, 0xb6, 0xca, 0x40,

    /* U+00A5 "¥" */
    0xbf, 0xd0, 0xe, 0xcf, 0xb9, 0x2, 0x60, 0x9,
    0x8c, 0x24, 0x9c, 0x24, 0x40, 0x60, 0x1c, 0x82,
    0x4, 0x2c, 0x20, 0x45, 0x0, 0x15, 0x82, 0xbb,
    0x5, 0x80, 0x65, 0x40, 0x80, 0x45, 0x0, 0x8a,
    0xdc, 0x2, 0x7b, 0x20, 0x0, 0xa1, 0x80, 0x46,
    0x82, 0x0, 0x3f, 0xf3, 0x3, 0x7f, 0x8c, 0x0,
    0x57, 0x67, 0x7, 0xbb, 0x10, 0x0, 0x51, 0x2,
    0x2, 0x88, 0x10, 0x1, 0xff, 0x98, 0x1b, 0xfc,
    0x60, 0x1f, 0xfc, 0x0,

    /* U+00A6 "¦" */
    0x6f, 0xc0, 0xf, 0xfe, 0x32, 0x54, 0x12, 0xa3,
    0x7e, 0x0, 0x7f, 0xf1, 0x92, 0xa0,

    /* U+00A7 "§" */
    0x0, 0x25, 0xee, 0x38, 0x6, 0x6b, 0x42, 0x38,
    0xc0, 0xa, 0xc2, 0x3e, 0xc0, 0xd0, 0x0, 0x60,
    0x12, 0x56, 0x20, 0x1, 0xc2, 0x3a, 0x80, 0xc0,
    0x28, 0x10, 0x15, 0xae, 0x40, 0x6, 0x8b, 0xe4,
    0x90, 0xd0, 0x9, 0x84, 0x9b, 0x70, 0x8, 0x8,
    0x83, 0xe1, 0x28, 0xc, 0x1, 0xa4, 0x2f, 0x6c,
    0x1c, 0x0, 0x3d, 0xb7, 0x20, 0x5, 0x0, 0xd,
    0x96, 0x35, 0xc1, 0x40, 0x1b, 0x34, 0x0, 0x10,
    0x60, 0x4, 0x2, 0x7f, 0x98, 0x38, 0x0, 0xd6,
    0x60, 0x3, 0xa5, 0x0,

    /* U+00A8 "¨" */
    0xdf, 0x22, 0x7e, 0x80, 0x78,

    /* U+00A9 "©" */
    0x0, 0xc5, 0x3b, 0xfe, 0xd8, 0x20, 0xf, 0x9f,
    0x58, 0x80, 0x4, 0xfa, 0xc0, 0x1d, 0x10, 0x5,
    0xbe, 0xe5, 0xa0, 0x4b, 0x80, 0x48, 0xe1, 0x54,
    0x66, 0x48, 0x5c, 0x84, 0x20, 0x2, 0x42, 0x15,
    0x5b, 0xf, 0x72, 0xce, 0x10, 0x4, 0x41, 0x71,
    0xa1, 0xde, 0x36, 0x38, 0x3, 0x24, 0x4, 0x4,
    0x8, 0x21, 0xde, 0x30, 0x40, 0x71, 0x3, 0x2,
    0x2, 0x0, 0x8, 0x80, 0x2, 0x6, 0x20, 0x60,
    0x40, 0x40, 0x1, 0x0, 0x84, 0xd, 0x1, 0x1,
    0x2, 0xc8, 0x77, 0xc8, 0x10, 0x1c, 0x88, 0x2e,
    0x32, 0x5b, 0xc6, 0xc5, 0x0, 0x64, 0x12, 0x10,
    0xad, 0x90, 0xf7, 0x2c, 0xe1, 0x0, 0x4, 0x70,
    0xaa, 0x3, 0x48, 0x5c, 0x84, 0x20, 0x5, 0x10,
    0x5, 0xce, 0xe5, 0xa0, 0x4b, 0x80, 0x73, 0xeb,
    0x10, 0x0, 0x9f, 0x58, 0x2,

    /* U+00AA "ª" */
    0x7, 0xed, 0x60, 0x7, 0x55, 0x24, 0x0, 0x75,
    0x60, 0x3, 0x5e, 0x90, 0x1, 0x9b, 0xfc, 0x0,

    /* U+00AB "«" */
    0x0, 0xa4, 0xc0, 0x64, 0x2, 0x76, 0x50, 0xd6,
    0x20, 0x48, 0x66, 0x49, 0xd9, 0x12, 0x8e, 0x59,
    0x90, 0x80, 0xc2, 0xc1, 0xe0, 0x60, 0x4, 0x85,
    0x69, 0x3b, 0x20, 0x3, 0xac, 0x9e, 0x8f, 0x80,
    0x54, 0x4a, 0x3a, 0x4, 0x1, 0x6b, 0x1, 0xe9,
    0x0,

    /* U+00AC "¬" */
    0xab, 0xbf, 0xa1, 0x13, 0xf1, 0xf7, 0xff, 0x80,
    0x3f, 0xe0,

    /* U+00AD "­" */
    0xab, 0xbc, 0xa8, 0x9c, 0x40,

    /* U+00AE "®" */
    0x0, 0xc2, 0x20, 0xf, 0x37, 0x75, 0xa8, 0x1,
    0x4c, 0x92, 0xa4, 0x6d, 0x40, 0xda, 0xb, 0xb7,
    0xd6, 0x86, 0x85, 0xc6, 0x21, 0x56, 0xe, 0x4a,
    0x0, 0xfd, 0xa1, 0x17, 0xb, 0x0, 0x3d, 0x0,
    0x45, 0xfe, 0x25, 0xc2, 0x86, 0x90, 0x55, 0x25,
    0x11, 0x8e, 0x3b, 0x88, 0x2d, 0xa3, 0x71, 0xa2,
    0x0, 0x14, 0xf5, 0xdb, 0xdc, 0x0,

    /* U+00AF "¯" */
    0x9b, 0xba, 0x91, 0x32, 0x80,

    /* U+00B0 "°" */
    0x0, 0x46, 0xe2, 0x0, 0x56, 0xe4, 0x76, 0xa0,
    0x88, 0x3e, 0xb0, 0x80, 0x30, 0xa1, 0x42, 0x20,
    0x10, 0x68, 0x19, 0x8, 0x29, 0x27, 0x60, 0x40,
    0x3, 0x10, 0x45, 0xc, 0x0,

    /* U+00B1 "±" */
    0x0, 0x9f, 0xd0, 0x3, 0xff, 0x81, 0xdf, 0xe8,
    0xb, 0xff, 0x5a, 0x24, 0x40, 0x68, 0x83, 0xab,
    0xb5, 0x4, 0x5d, 0xa0, 0x2, 0x23, 0x70, 0xf,
    0x2e, 0x18, 0x5, 0xdf, 0xff, 0x5a, 0x27, 0xe3,

    /* U+00B2 "²" */
    0x2, 0xcf, 0xe6, 0x0, 0x78, 0xd3, 0xca, 0x3,
    0xca, 0xc8, 0x18, 0x52, 0x2, 0x81, 0x0, 0x4d,
    0x4c, 0xa0, 0x9, 0x94, 0x48, 0x2, 0xd9, 0x49,
    0x48, 0x50, 0x16, 0xaa,

    /* U+00B3 "³" */
    0xf, 0xfe, 0x10, 0xaa, 0x48, 0x18, 0x82, 0xb4,
    0x26, 0x0, 0x50, 0x2a, 0xa0, 0xa, 0xb9, 0xe8,
    0x0, 0x42, 0x2d, 0x2, 0x1d, 0xb6, 0x81, 0x21,
    0xb6, 0x90, 0xc0,

    /* U+00B4 "´" */
    0x0, 0x29, 0x81, 0xd2, 0x84, 0x83, 0xa, 0xb0,
    0x0,

    /* U+00B5 "µ" */
    0xcf, 0x70, 0xd, 0xfe, 0x20, 0xf, 0xff, 0x46,
    0x0, 0x48, 0x1, 0xc8, 0xc2, 0x72, 0x1, 0xe9,
    0xec, 0x20, 0xe, 0x20, 0x1, 0xd1, 0x80, 0x6f,
    0xfb, 0x17, 0x3c, 0x80, 0x3f, 0xfa, 0x40,

    /* U+00B6 "¶" */
    0x0, 0x26, 0x7f, 0xe3, 0x2f, 0xf0, 0x2d, 0x98,
    0x7, 0xf4, 0x0, 0x7f, 0x84, 0x80, 0x3f, 0xf9,
    0x42, 0x1, 0xff, 0xc0, 0x60, 0xf, 0xfa, 0x50,
    0x3, 0xfe, 0xbc, 0x99, 0x0, 0x7f, 0x1b, 0x30,
    0x3, 0xff, 0xf9, 0xe, 0x46, 0xee,

    /* U+00B7 "·" */
    0x49, 0x2a, 0x68, 0x70, 0xc0,

    /* U+00B8 "¸" */
    0x6, 0x30, 0x29, 0x50, 0x2, 0xc9, 0x30, 0x0,
    0x75, 0x58, 0xc0,

    /* U+00B9 "¹" */
    0x5e, 0xf0, 0xb3, 0x0, 0x65, 0x80, 0x8, 0x3,
    0xff, 0x8e,

    /* U+00BA "º" */
    0x5, 0xde, 0x80, 0x1a, 0x8d, 0x66, 0x28, 0x29,
    0xa7, 0xa8, 0x29, 0x27, 0x8d, 0x5e, 0xbb, 0x0,

    /* U+00BB "»" */
    0x47, 0x0, 0x41, 0x80, 0x59, 0xa, 0xb, 0xa2,
    0x0, 0x84, 0xa2, 0xf0, 0xd0, 0xa, 0x8b, 0xce,
    0x8e, 0x40, 0x2, 0xc4, 0x6c, 0xa, 0x0, 0x84,
    0xa2, 0xf1, 0xd0, 0x57, 0x72, 0xd1, 0x68, 0x81,
    0x24, 0x3, 0x49, 0x80, 0x1e, 0xc0, 0x18, 0xc0,
    0x10,

    /* U+00BC "¼" */
    0x0, 0xff, 0xe2, 0x2f, 0x78, 0x7, 0xc5, 0xa6,
    0x1, 0x59, 0x80, 0x7e, 0xf2, 0x10, 0xb, 0x2c,
    0x3, 0xea, 0x2a, 0x20, 0x8, 0x80, 0x3e, 0x65,
    0x65, 0x0, 0xff, 0x8a, 0x4a, 0x40, 0x44, 0x1,
    0xfd, 0xe1, 0xe0, 0x3d, 0x0, 0x1f, 0xa8, 0xa8,
    0x82, 0x42, 0xc0, 0x3e, 0x65, 0x65, 0x1, 0x76,
    0x20, 0x9, 0xb8, 0xa, 0x4a, 0x40, 0x12, 0x10,
    0xf0, 0x1, 0x8, 0x78, 0x78, 0x0, 0x5d, 0x83,
    0x10, 0x3, 0x51, 0x51, 0x0, 0x14, 0x1b, 0x90,
    0xdc, 0x0, 0x8a, 0xca, 0x1, 0x2d, 0xdc, 0x66,
    0x60, 0x2, 0x44, 0x80, 0x61, 0x44, 0x9d, 0xc2,

    /* U+00BD "½" */
    0x0, 0xff, 0xe2, 0xa7, 0x78, 0x7, 0xc5, 0xa6,
    0x1, 0xa8, 0x3, 0xfb, 0x88, 0x40, 0x35, 0x40,
    0x7, 0xd0, 0x72, 0x40, 0x19, 0x0, 0x3e, 0x47,
    0x46, 0x0, 0xff, 0xe0, 0xd, 0xd, 0x0, 0x7f,
    0xf0, 0x6c, 0x68, 0x57, 0xbf, 0x94, 0x3, 0xe6,
    0x56, 0x41, 0xa5, 0xb4, 0xa1, 0x0, 0xe2, 0x92,
    0x90, 0x4, 0x52, 0x40, 0x20, 0x37, 0x0, 0x38,
    0x3c, 0x0, 0x2e, 0x20, 0xa0, 0xc0, 0x1, 0x8,
    0x39, 0x20, 0xe, 0x78, 0x63, 0x0, 0x91, 0xd1,
    0x80, 0x3a, 0x61, 0xe4, 0x2, 0x1a, 0x1a, 0x0,
    0xea, 0x68, 0x91, 0x0, 0x88, 0x68, 0x40, 0x32,
    0x28, 0x47, 0x71, 0x40, 0x7, 0xc8, 0x1, 0xcb,
    0x77, 0xc8,

    /* U+00BE "¾" */
    0x1, 0x1e, 0x0, 0xff, 0xe0, 0xf7, 0x70, 0x80,
    0x71, 0x72, 0x0, 0x6b, 0xb4, 0x81, 0x88, 0x7,
    0x78, 0xb0, 0x6, 0x47, 0x84, 0xc0, 0xe, 0x92,
    0x92, 0x0, 0xe8, 0x15, 0x40, 0xc, 0xac, 0xac,
    0x1, 0xea, 0xc5, 0xa0, 0x8, 0xa8, 0xa8, 0x8,
    0x80, 0x18, 0x4f, 0xc4, 0x80, 0x1c, 0x1e, 0x3,
    0xb4, 0x0, 0x1e, 0x71, 0xe0, 0x20, 0x93, 0x92,
    0x8, 0x9, 0x0, 0xc, 0xc7, 0x2d, 0x2, 0xb2,
    0xb0, 0xb, 0x38, 0x80, 0x4f, 0xd9, 0xea, 0x56,
    0x54, 0x0, 0x80, 0x98, 0x80, 0x4, 0x26, 0x0,
    0xe1, 0xe0, 0x0, 0xb3, 0x1, 0xc, 0x3, 0xd0,
    0x72, 0x60, 0x4, 0x6, 0xe3, 0x46, 0x0, 0xc6,
    0xea, 0xc0, 0x12, 0x5d, 0xc6, 0x67, 0x0, 0xc7,
    0x36, 0x1, 0x85, 0x12, 0x76, 0x10,

    /* U+00BF "¿" */
    0x0, 0xdf, 0xe5, 0x0, 0xff, 0xe2, 0xd4, 0xb8,
    0x7, 0xc5, 0xc0, 0x1f, 0xc, 0x38, 0x80, 0x7a,
    0x80, 0x4c, 0x3, 0xad, 0x2, 0x80, 0x39, 0xd0,
    0x75, 0x0, 0x3a, 0x42, 0x8, 0x3, 0x84, 0x40,
    0xa0, 0x2, 0x99, 0x0, 0x88, 0x24, 0x45, 0xc,
    0xa0, 0x8, 0x5, 0xee, 0x28, 0x40, 0x1, 0xa4,
    0x80, 0x7, 0x68, 0x1, 0x36, 0xff, 0xb1, 0x0,
    0x0,

    /* U+00C0 "À" */
    0x0, 0x8f, 0xdc, 0x3, 0xf8, 0xcd, 0x40, 0x1f,
    0xe9, 0x24, 0x0, 0xfe, 0x5a, 0x70, 0xf, 0xf2,
    0x98, 0x7, 0xf5, 0xff, 0xb0, 0x3, 0xf2, 0x0,
    0xc, 0x40, 0x3c, 0xa0, 0x24, 0xe, 0x1, 0xef,
    0x7, 0xa0, 0xd0, 0xf, 0x28, 0x6a, 0x82, 0x8,
    0x6, 0x40, 0x2, 0x11, 0x1, 0x0, 0x36, 0x82,
    0x80, 0x14, 0x3c, 0x3, 0x38, 0x78, 0x2, 0xc1,
    0x40, 0x23, 0x10, 0xaf, 0xf6, 0x0, 0x10, 0x1,
    0x60, 0x1f, 0xb4, 0x0, 0xa1, 0x3f, 0xfa, 0x81,
    0xc0, 0x88, 0xe, 0x1, 0x94, 0x4, 0xd4, 0xc,
    0x40, 0x39, 0x42, 0xc0,

    /* U+00C1 "Á" */
    0x0, 0xf3, 0x7a, 0x0, 0x7f, 0x51, 0x20, 0x7,
    0xe3, 0x35, 0x80, 0x7f, 0xd, 0x30, 0x7, 0xf1,
    0x28, 0x7, 0xf5, 0xff, 0xb0, 0x3, 0xf2, 0x0,
    0xc, 0x40, 0x3c, 0xa0, 0x24, 0xe, 0x1, 0xef,
    0x7, 0x50, 0xd0, 0xf, 0x28, 0x6d, 0x82, 0x8,
    0x6, 0x40, 0x14, 0x31, 0x4, 0x0, 0xda, 0x8,
    0x0, 0x70, 0xf0, 0xc, 0xe1, 0xe0, 0xd, 0x5,
    0x0, 0x8c, 0x42, 0xbf, 0xd6, 0x0, 0x40, 0x5,
    0x80, 0x7e, 0xd0, 0x2, 0x84, 0xff, 0xea, 0x7,
    0x2, 0x20, 0x38, 0x6, 0x50, 0x13, 0x50, 0x31,
    0x0, 0xe5, 0xb,

    /* U+00C2 "Â" */
    0x0, 0xcd, 0xfe, 0x60, 0xf, 0x9a, 0x55, 0xa5,
    0x80, 0x38, 0x45, 0x15, 0x32, 0x11, 0x0, 0x61,
    0x77, 0x0, 0x19, 0xc4, 0x3, 0xd7, 0xfe, 0xc0,
    0xf, 0xc8, 0x0, 0x31, 0x0, 0xf2, 0x80, 0x90,
    0x38, 0x7, 0xbc, 0x1d, 0x43, 0x40, 0x3c, 0xa1,
    0xb6, 0x8, 0x20, 0x19, 0x0, 0x50, 0xc4, 0x10,
    0x3, 0x68, 0x20, 0x1, 0xc3, 0xc0, 0x33, 0x87,
    0x80, 0x34, 0x14, 0x2, 0x31, 0xa, 0xff, 0x58,
    0x1, 0x0, 0x16, 0x1, 0xfb, 0x40, 0xa, 0x13,
    0xff, 0xa8, 0x1c, 0x8, 0x80, 0xe0, 0x19, 0x40,
    0x4d, 0x40, 0xc4, 0x3, 0x94, 0x2c,

    /* U+00C3 "Ã" */
    0x0, 0x9f, 0x20, 0xf, 0x48, 0x3, 0xa0, 0x9f,
    0xa0, 0x80, 0x38, 0x42, 0xf9, 0x10, 0xa4, 0x1,
    0x87, 0xd4, 0x6b, 0xe8, 0x3, 0xff, 0x8f, 0x7f,
    0xec, 0x0, 0xfc, 0x80, 0x3, 0x10, 0xf, 0x28,
    0x9, 0x3, 0x80, 0x7b, 0xc1, 0xd4, 0x34, 0x3,
    0xca, 0x1b, 0x60, 0x82, 0x1, 0x90, 0x5, 0xc,
    0x41, 0x0, 0x36, 0x82, 0x0, 0x1c, 0x3c, 0x3,
    0x38, 0x78, 0x3, 0x41, 0x40, 0x23, 0x10, 0xaf,
    0xf5, 0x80, 0x10, 0x1, 0x60, 0x1f, 0xb4, 0x0,
    0xa1, 0x3f, 0xfa, 0x81, 0xc0, 0x88, 0xe, 0x1,
    0x94, 0x4, 0xd4, 0xc, 0x40, 0x39, 0x42, 0xc0,

    /* U+00C4 "Ä" */
    0x0, 0xb7, 0xc8, 0x7f, 0x80, 0x3c, 0x20, 0x1f,
    0xf6, 0x79, 0xf, 0xf0, 0x7, 0xd7, 0xfe, 0xc0,
    0xf, 0xc8, 0x0, 0x31, 0x0, 0xf2, 0x80, 0x90,
    0x38, 0x7, 0xbc, 0x1d, 0x43, 0x40, 0x3c, 0xa1,
    0xb6, 0x8, 0x20, 0x19, 0x0, 0x50, 0xc4, 0x10,
    0x3, 0x68, 0x20, 0x1, 0xc3, 0xc0, 0x33, 0x87,
    0x80, 0x34, 0x14, 0x2, 0x31, 0xa, 0xff, 0x58,
    0x1, 0x0, 0x16, 0x1, 0xfb, 0x40, 0xa, 0x13,
    0xff, 0xa8, 0x1c, 0x8, 0x80, 0xe0, 0x19, 0x40,
    0x4d, 0x40, 0xc4, 0x3, 0x94, 0x2c,

    /* U+00C5 "Å" */
    0x0, 0xff, 0xe2, 0x2f, 0xf9, 0x80, 0x3e, 0x1a,
    0x68, 0x92, 0x0, 0xf2, 0x84, 0x38, 0x38, 0x7,
    0x98, 0x1d, 0x41, 0x80, 0x3c, 0x4f, 0x34, 0xc6,
    0x1, 0xf4, 0x6e, 0xa4, 0x3, 0xf5, 0xee, 0xb0,
    0x3, 0xf2, 0x0, 0xc, 0x40, 0x3c, 0xa0, 0x24,
    0xe, 0x1, 0xef, 0x7, 0x50, 0xd0, 0xf, 0x28,
    0x6d, 0x82, 0x8, 0x6, 0x40, 0x14, 0x31, 0x4,
    0x0, 0xda, 0x8, 0x0, 0x70, 0xf0, 0xc, 0xe1,
    0xe0, 0xd, 0x5, 0x0, 0x8c, 0x42, 0xbf, 0xd6,
    0x0, 0x40, 0x5, 0x80, 0x7e, 0xd0, 0x2, 0x84,
    0xff, 0xea, 0x7, 0x2, 0x20, 0x38, 0x6, 0x50,
    0x13, 0x50, 0x31, 0x0, 0xe5, 0xb,

    /* U+00C6 "Æ" */
    0x0, 0xd7, 0xff, 0xff, 0x0, 0x64, 0x0, 0xff,
    0xe1, 0x28, 0xf, 0xc8, 0x1f, 0xff, 0x80, 0x2f,
    0x7, 0x0, 0xff, 0xe0, 0xa8, 0x68, 0x7, 0xff,
    0x1, 0x0, 0x50, 0x2, 0x3f, 0xfd, 0xc0, 0x16,
    0x82, 0x0, 0x7f, 0xf0, 0x5c, 0x3c, 0x3, 0x1f,
    0xfe, 0xe0, 0x1, 0x88, 0x57, 0xfa, 0x40, 0x3f,
    0xac, 0x3, 0xff, 0x86, 0xa1, 0x3f, 0xf4, 0x80,
    0x7e, 0x22, 0x3, 0x80, 0x71, 0xff, 0xf9, 0x40,
    0xc4, 0x3, 0xff, 0x80,

    /* U+00C7 "Ç" */
    0x0, 0x8e, 0xbb, 0xfd, 0x8e, 0x1, 0xcf, 0x8a,
    0x20, 0x3, 0x8d, 0x10, 0x2, 0xc0, 0x2e, 0x77,
    0x24, 0x4b, 0x40, 0x10, 0xb, 0x46, 0x22, 0x6d,
    0x3, 0x53, 0x20, 0x80, 0xe, 0x39, 0xa4, 0x50,
    0x12, 0x0, 0xf3, 0x28, 0x88, 0xc, 0x3, 0xfc,
    0x20, 0x60, 0x1f, 0xe5, 0x1, 0x20, 0xf, 0x32,
    0x81, 0x90, 0x40, 0x7, 0x1c, 0xd2, 0x84, 0x2,
    0xd1, 0x88, 0x9b, 0x40, 0xd4, 0x16, 0x1, 0x73,
    0xb9, 0x22, 0x5a, 0x1, 0x3e, 0x28, 0x80, 0xe,
    0x34, 0x40, 0x31, 0xd7, 0x3, 0x63, 0x80, 0x7e,
    0x16, 0x62, 0x0, 0x7f, 0x10, 0x0, 0x40, 0x3f,
    0x91, 0x91, 0x40, 0x30,

    /* U+00C8 "È" */
    0x0, 0x2f, 0xa0, 0x7, 0x94, 0x7c, 0x3, 0xe6,
    0x41, 0x0, 0xf4, 0xd1, 0x80, 0x78, 0x54, 0x80,
    0x2b, 0xff, 0xfa, 0x80, 0x3f, 0xe8, 0xff, 0xea,
    0x0, 0x8, 0x7, 0xff, 0x16, 0x7f, 0xf4, 0x0,
    0x7f, 0xf0, 0x23, 0xff, 0x40, 0x4, 0x20, 0x1f,
    0xfc, 0x51, 0x0, 0xfd, 0x1f, 0xfd, 0x40, 0x1f,
    0xc0,

    /* U+00C9 "É" */
    0x0, 0xee, 0xb0, 0xf, 0x28, 0xf8, 0x7, 0xa4,
    0x90, 0x3, 0xd3, 0xc0, 0x1f, 0x29, 0x80, 0x57,
    0xff, 0xf5, 0x0, 0x7f, 0xd1, 0xff, 0xd4, 0x0,
    0x10, 0xf, 0xfe, 0x2c, 0xff, 0xe8, 0x0, 0xff,
    0xe0, 0x47, 0xfe, 0x80, 0x8, 0x40, 0x3f, 0xf8,
    0xa2, 0x1, 0xfa, 0x3f, 0xfa, 0x80, 0x3f, 0x80,

    /* U+00CA "Ê" */
    0x0, 0x17, 0x7d, 0x80, 0x62, 0xc3, 0x94, 0xb0,
    0x9, 0x1b, 0x1a, 0xcc, 0xc0, 0x6, 0x81, 0x4,
    0x83, 0xb, 0xff, 0xfa, 0x80, 0x3f, 0xe8, 0xff,
    0xea, 0x0, 0x8, 0x7, 0xff, 0x16, 0x7f, 0xf4,
    0x0, 0x7f, 0xf0, 0x23, 0xff, 0x40, 0x4, 0x20,
    0x1f, 0xfc, 0x51, 0x0, 0xfd, 0x1f, 0xfd, 0x40,
    0x1f, 0xc0,

    /* U+00CB "Ë" */
    0x7, 0xf8, 0xc, 0xf3, 0x0, 0xf3, 0x80, 0x67,
    0xf8, 0xb, 0xf3, 0xb, 0xff, 0xfa, 0x80, 0x3f,
    0xe8, 0xff, 0xea, 0x0, 0x8, 0x7, 0xff, 0x16,
    0x7f, 0xf4, 0x0, 0x7f, 0xf0, 0x23, 0xff, 0x40,
    0x4, 0x20, 0x1f, 0xfc, 0x51, 0x0, 0xfd, 0x1f,
    0xfd, 0x40, 0x1f, 0xc0,

    /* U+00CC "Ì" */
    0x8f, 0x20, 0x90, 0xa0, 0x15, 0x60, 0x4, 0x58,
    0x81, 0x28, 0x84, 0xfc, 0x80, 0x7f, 0xf9, 0x0,

    /* U+00CD "Í" */
    0x1, 0xf8, 0x9, 0xa, 0x6, 0x42, 0x1b, 0x90,
    0x15, 0x20, 0x9f, 0x90, 0xf, 0xff, 0x28,

    /* U+00CE "Î" */
    0x1, 0xdf, 0xd1, 0x1, 0xc3, 0xa3, 0xd1, 0x45,
    0xd5, 0xd4, 0x42, 0xc1, 0x81, 0xc2, 0x80, 0x27,
    0xe4, 0x3, 0xff, 0xfe, 0x1, 0xff, 0x0,

    /* U+00CF "Ï" */
    0x5f, 0xa0, 0x9f, 0x60, 0xf, 0x1a, 0xfd, 0x4,
    0xfa, 0x80, 0x27, 0xe4, 0x3, 0xff, 0xfe, 0x1,
    0xff, 0x0,

    /* U+00D0 "Ð" */
    0xb, 0xff, 0xed, 0x80, 0xf, 0xf1, 0x3e, 0x88,
    0x6, 0x7f, 0xf7, 0x50, 0x95, 0x0, 0x6f, 0x0,
    0xa, 0xd0, 0x21, 0x80, 0x7e, 0x42, 0xb, 0x0,
    0xfe, 0x40, 0x3d, 0x40, 0x8f, 0xf2, 0x0, 0x4,
    0x1d, 0x4, 0x9, 0x10, 0xc0, 0x1, 0x7, 0x95,
    0xa, 0xbb, 0x10, 0x1, 0x0, 0xc0, 0x3f, 0x21,
    0x5, 0x80, 0x5e, 0x0, 0x15, 0xa0, 0x43, 0x0,
    0x9f, 0xfd, 0xd4, 0x25, 0x40, 0x1f, 0x89, 0xf4,
    0x40,

    /* U+00D1 "Ñ" */
    0x0, 0xe, 0xfc, 0x4, 0xe0, 0x6, 0x62, 0x57,
    0xe6, 0x70, 0xc, 0x27, 0x5a, 0x87, 0x0, 0x19,
    0xb0, 0xa, 0xb0, 0xc0, 0x17, 0xf8, 0x1, 0xd1,
    0xf4, 0x0, 0x37, 0x0, 0xff, 0x41, 0x0, 0x7f,
    0xb8, 0x3, 0xf3, 0x1, 0xb0, 0x7, 0xdd, 0x1,
    0x22, 0x1, 0xf3, 0x98, 0x50, 0x7, 0xee, 0x4,
    0x60, 0xf, 0x8a, 0x2, 0x48, 0x3, 0xe7, 0x30,
    0x50, 0xf, 0xde, 0x1, 0xfe, 0x37, 0x0, 0xff,
    0x41, 0x0, 0x0,

    /* U+00D2 "Ò" */
    0x0, 0xcf, 0xe4, 0x1, 0xfe, 0x60, 0xb0, 0xf,
    0xf0, 0xab, 0x8, 0x7, 0xfa, 0xe8, 0x3, 0xfe,
    0x15, 0x10, 0xf, 0xc7, 0x5d, 0xfe, 0xc7, 0x0,
    0xe7, 0xc5, 0x10, 0x1, 0xc6, 0x88, 0x1, 0x60,
    0x17, 0x3b, 0x92, 0x25, 0x80, 0x8, 0x5, 0xa3,
    0x11, 0x36, 0x81, 0x31, 0x90, 0x40, 0x7, 0x1a,
    0x86, 0xa8, 0x9, 0x0, 0x7b, 0x1, 0x44, 0xc,
    0x3, 0xe3, 0x1, 0x10, 0x18, 0x7, 0xc6, 0x2,
    0xa0, 0x24, 0x1, 0xec, 0x5, 0x32, 0x8, 0x0,
    0xe3, 0x50, 0xd0, 0x80, 0x5a, 0x30, 0x16, 0xd0,
    0x26, 0x5, 0x80, 0x5c, 0xfe, 0x91, 0x2c, 0x0,
    0x9f, 0x14, 0x40, 0x7, 0x1a, 0x20,

    /* U+00D3 "Ó" */
    0x0, 0xfb, 0x74, 0x1, 0xfe, 0x32, 0xb0, 0xf,
    0xf4, 0x83, 0x0, 0x7f, 0xbe, 0xc0, 0x3f, 0xe5,
    0x40, 0xf, 0xc7, 0x5d, 0xfe, 0xc7, 0x0, 0xe7,
    0xc5, 0x10, 0x1, 0xc6, 0x88, 0x1, 0x60, 0x17,
    0x3b, 0x92, 0x25, 0x80, 0x8, 0x5, 0xa3, 0x11,
    0x36, 0x81, 0x31, 0x90, 0x40, 0x7, 0x1a, 0x86,
    0xa8, 0x9, 0x0, 0x7b, 0x1, 0x44, 0xc, 0x3,
    0xe3, 0x1, 0x10, 0x18, 0x7, 0xc6, 0x2, 0xa0,
    0x24, 0x1, 0xec, 0x5, 0x32, 0x8, 0x0, 0xe3,
    0x50, 0xd0, 0x80, 0x5a, 0x30, 0x16, 0xd0, 0x26,
    0x5, 0x80, 0x5c, 0xfe, 0x91, 0x2c, 0x0, 0x9f,
    0x14, 0x40, 0x7, 0x1a, 0x20,

    /* U+00D4 "Ô" */
    0x0, 0xe3, 0x86, 0x0, 0xfe, 0x1d, 0x79, 0x70,
    0xf, 0xda, 0x38, 0x90, 0x80, 0x1e, 0x34, 0xb3,
    0xa8, 0x20, 0xf, 0x1c, 0x20, 0xb, 0xb0, 0x7,
    0x8e, 0xbb, 0xfd, 0x8e, 0x1, 0xcf, 0x8a, 0x20,
    0x3, 0x8d, 0x10, 0x2, 0xc0, 0x2e, 0x77, 0x24,
    0x4b, 0x0, 0x10, 0xb, 0x46, 0x22, 0x6d, 0x2,
    0x63, 0x20, 0x80, 0xe, 0x35, 0xd, 0x50, 0x12,
    0x0, 0xf6, 0x2, 0x88, 0x18, 0x7, 0xc6, 0x2,
    0x20, 0x30, 0xf, 0x8c, 0x5, 0x40, 0x48, 0x3,
    0xd8, 0xa, 0x64, 0x10, 0x1, 0xc6, 0xa1, 0xa1,
    0x0, 0xb4, 0x60, 0x2d, 0xa0, 0x4c, 0xb, 0x0,
    0xb9, 0xfd, 0x22, 0x58, 0x1, 0x3e, 0x28, 0x80,
    0xe, 0x34, 0x40,

    /* U+00D5 "Õ" */
    0x0, 0xd3, 0x8e, 0xb, 0xa0, 0x1e, 0x36, 0x18,
    0xd9, 0x20, 0xf, 0x38, 0x7e, 0x9, 0xb8, 0x7,
    0x93, 0xc8, 0xf3, 0xe0, 0x3, 0xff, 0x8e, 0x75,
    0xdf, 0xec, 0x70, 0xe, 0x7c, 0x51, 0x0, 0x1c,
    0x68, 0x80, 0x16, 0x1, 0x73, 0xb9, 0x22, 0x58,
    0x0, 0x80, 0x5a, 0x31, 0x13, 0x68, 0x13, 0x19,
    0x4, 0x0, 0x71, 0xa8, 0x6a, 0x80, 0x90, 0x7,
    0xb0, 0x14, 0x40, 0xc0, 0x3e, 0x30, 0x11, 0x1,
    0x80, 0x7c, 0x60, 0x2a, 0x2, 0x40, 0x1e, 0xc0,
    0x53, 0x20, 0x80, 0xe, 0x35, 0xd, 0x8, 0x5,
    0xa3, 0x1, 0x6d, 0x2, 0x60, 0x58, 0x5, 0xcf,
    0xe9, 0x12, 0xc0, 0x9, 0xf1, 0x44, 0x0, 0x71,
    0xa2, 0x0,

    /* U+00D6 "Ö" */
    0x0, 0x87, 0xf4, 0x1b, 0xe4, 0x3, 0xf1, 0x80,
    0x7f, 0x87, 0xf8, 0x1b, 0xe4, 0x3, 0xff, 0x8e,
    0x75, 0xdf, 0xec, 0x70, 0xe, 0x7c, 0x51, 0x0,
    0x1c, 0x68, 0x80, 0x16, 0x1, 0x73, 0xb9, 0x22,
    0x58, 0x0, 0x80, 0x5a, 0x31, 0x13, 0x68, 0x13,
    0x19, 0x4, 0x0, 0x71, 0xa8, 0x6a, 0x80, 0x90,
    0x7, 0xb0, 0x14, 0x40, 0xc0, 0x3e, 0x30, 0x11,
    0x1, 0x80, 0x7c, 0x60, 0x2a, 0x2, 0x40, 0x1e,
    0xc0, 0x53, 0x20, 0x80, 0xe, 0x35, 0xd, 0x8,
    0x5, 0xa3, 0x1, 0x6d, 0x2, 0x60, 0x58, 0x5,
    0xcf, 0xe9, 0x12, 0xc0, 0x9, 0xf1, 0x44, 0x0,
    0x71, 0xa2, 0x0,

    /* U+00D7 "×" */
    0x3a, 0x0, 0xa5, 0x42, 0x96, 0xc2, 0x9b, 0x82,
    0x55, 0x39, 0x52, 0xc0, 0x14, 0x42, 0x14, 0x1,
    0x51, 0x8, 0x50, 0x2, 0x55, 0x39, 0x52, 0xc2,
    0x92, 0xc2, 0x9b, 0x80,

    /* U+00D8 "Ø" */
    0x0, 0x8e, 0xbb, 0xfd, 0x8e, 0x36, 0x40, 0x13,
    0xe2, 0x88, 0x0, 0xe3, 0x93, 0x80, 0xb, 0x0,
    0xb9, 0xdc, 0x90, 0xb, 0x80, 0x10, 0xb, 0x46,
    0x22, 0xc0, 0x9, 0x0, 0xc8, 0x20, 0x2, 0x95,
    0x13, 0xd, 0x5, 0x1, 0x20, 0x4, 0x30, 0x6d,
    0x2, 0x80, 0x81, 0x80, 0x1d, 0xc1, 0x86, 0x60,
    0x10, 0x10, 0x30, 0x68, 0xb, 0x30, 0x30, 0x10,
    0x50, 0x17, 0x90, 0xa4, 0x0, 0x60, 0x28, 0x19,
    0x4, 0x4, 0xa8, 0x0, 0xd4, 0x34, 0x1, 0x40,
    0x2, 0x50, 0x16, 0xd0, 0x26, 0x1, 0x80, 0x1,
    0x67, 0xf4, 0x89, 0x60, 0x0, 0x69, 0x71, 0x44,
    0x0, 0x71, 0xa2, 0x0,

    /* U+00D9 "Ù" */
    0x0, 0x97, 0xd0, 0x3, 0xf2, 0x8f, 0x80, 0x7f,
    0x32, 0x10, 0x7, 0xe9, 0xa0, 0xf, 0xe1, 0x52,
    0x0, 0xd7, 0xee, 0x1, 0xd1, 0xf6, 0x1, 0xff,
    0xff, 0x0, 0xde, 0x1, 0xc2, 0x2, 0x60, 0xa0,
    0x1c, 0xe0, 0x54, 0x5, 0x66, 0x27, 0x82, 0x14,
    0x52, 0x9, 0x9d, 0x86, 0x12, 0x40, 0xd8, 0xa2,
    0x2, 0xb8, 0xc0,

    /* U+00DA "Ú" */
    0x0, 0xe3, 0xf6, 0x0, 0xfd, 0x20, 0xc0, 0x1f,
    0xa, 0xb0, 0x7, 0xf5, 0x40, 0x7, 0xe1, 0x51,
    0x0, 0xd7, 0xee, 0x1, 0xd1, 0xf6, 0x1, 0xff,
    0xff, 0x0, 0xde, 0x1, 0xc2, 0x2, 0x60, 0xa0,
    0x1c, 0xe0, 0x54, 0x5, 0x66, 0x27, 0x82, 0x14,
    0x52, 0x9, 0x9d, 0x86, 0x12, 0x40, 0xd8, 0xa2,
    0x2, 0xb8, 0xc0,

    /* U+00DB "Û" */
    0x0, 0xcb, 0x8, 0x1, 0xf2, 0x53, 0xd9, 0x80,
    0x71, 0x59, 0x68, 0xe8, 0x80, 0x67, 0x77, 0x96,
    0xb2, 0x80, 0x65, 0x82, 0x3, 0x84, 0x0, 0x5f,
    0xb8, 0x7, 0x47, 0xd8, 0x7, 0xff, 0xfc, 0x3,
    0x78, 0x7, 0x8, 0x9, 0x82, 0x80, 0x73, 0x81,
    0x50, 0x15, 0x98, 0x9e, 0x8, 0x51, 0x48, 0x26,
    0x76, 0x18, 0x49, 0x3, 0x62, 0x88, 0xa, 0xe3,
    0x0,

    /* U+00DC "Ü" */
    0x0, 0x2f, 0xc8, 0x57, 0xa8, 0x6, 0x30, 0xf,
    0xf3, 0x7c, 0x85, 0x7a, 0x80, 0x7f, 0xf0, 0x6f,
    0xdc, 0x3, 0xa3, 0xec, 0x3, 0xff, 0xfe, 0x1,
    0xbc, 0x3, 0x84, 0x4, 0xc1, 0x40, 0x39, 0xc0,
    0xa8, 0xa, 0xcc, 0x4f, 0x4, 0x28, 0xa4, 0x13,
    0x3b, 0xc, 0x24, 0x81, 0xb1, 0x44, 0x5, 0x71,
    0x80,

    /* U+00DD "Ý" */
    0x0, 0xe3, 0xf7, 0x0, 0xfd, 0x40, 0xc0, 0x1f,
    0xb, 0x30, 0x40, 0x3f, 0x54, 0x0, 0x7e, 0x15,
    0x10, 0xd, 0x7f, 0xa0, 0x1d, 0x9f, 0x72, 0x4,
    0xc0, 0x12, 0x98, 0x49, 0x30, 0x40, 0x5, 0x60,
    0xc4, 0x10, 0x22, 0x80, 0x81, 0x14, 0x0, 0x6,
    0x1, 0xd1, 0xc2, 0x4, 0x2, 0x62, 0xb, 0x2,
    0x60, 0xe, 0x90, 0xa, 0x40, 0x3c, 0x88, 0x4,
    0x40, 0x7, 0xc4, 0x4, 0x1, 0xff, 0xe4,

    /* U+00DE "Þ" */
    0xbf, 0x70, 0xf, 0xfe, 0x3c, 0x7f, 0xda, 0xe0,
    0x1f, 0x8a, 0x28, 0x2, 0x8e, 0xea, 0x41, 0x50,
    0x2, 0x11, 0x99, 0x81, 0xc0, 0x1f, 0x78, 0x30,
    0x7, 0xde, 0xc, 0x1, 0xe6, 0x60, 0x78, 0x2,
    0x3f, 0xe9, 0x5, 0x50, 0x7, 0x8a, 0x28, 0x2,
    0x8f, 0xfb, 0x5c, 0x3, 0xff, 0x80,

    /* U+00DF "ß" */
    0x3, 0xbe, 0xfd, 0x60, 0x8, 0xb1, 0x4, 0xa,
    0x64, 0x0, 0xb0, 0x1c, 0xe8, 0x6, 0x20, 0x50,
    0x63, 0x17, 0x0, 0x30, 0x5, 0xe0, 0x6, 0x0,
    0x28, 0x7, 0x5c, 0x83, 0x88, 0x7, 0xe7, 0x60,
    0xe, 0xbe, 0x60, 0x91, 0x0, 0xe1, 0x91, 0x5,
    0x0, 0xff, 0xe0, 0x91, 0xe, 0x44, 0x14, 0x2,
    0x5d, 0xc6, 0x6, 0x10, 0xf, 0x14, 0x48, 0x0,

    /* U+00E0 "à" */
    0x0, 0xaf, 0x80, 0x3f, 0x78, 0xa8, 0x7, 0xc8,
    0x52, 0x1, 0xfb, 0xa4, 0x3, 0xf1, 0xa8, 0x7,
    0x93, 0x3f, 0xdb, 0x0, 0x12, 0x59, 0x80, 0x9,
    0xec, 0x1, 0xc0, 0xdd, 0xf4, 0x8, 0x41, 0x5b,
    0x22, 0x60, 0x13, 0x0, 0x17, 0x7f, 0x28, 0x3,
    0x64, 0x11, 0xbc, 0x88, 0x0, 0xcc, 0x1b, 0x90,
    0xc2, 0x1, 0x84, 0x80, 0x14, 0x1, 0x18, 0x8b,
    0xaf, 0x94, 0x80, 0x2c, 0x41, 0x42, 0xb4, 0x0,
    0x0,

    /* U+00E1 "á" */
    0x0, 0xe4, 0xf5, 0x0, 0xfb, 0xc5, 0x40, 0x3c,
    0x48, 0xc0, 0x1f, 0xaa, 0x40, 0x3e, 0x25, 0x10,
    0xe, 0x4c, 0xff, 0x6c, 0x0, 0x49, 0x66, 0x0,
    0x27, 0xb0, 0x7, 0x3, 0x77, 0xd0, 0x21, 0x5,
    0x6c, 0x89, 0x80, 0x4c, 0x0, 0x5d, 0xfc, 0xa0,
    0xd, 0x90, 0x46, 0xf2, 0x20, 0x3, 0x30, 0x6e,
    0x43, 0x8, 0x6, 0x12, 0x0, 0x50, 0x4, 0x62,
    0x2e, 0xbe, 0x52, 0x0, 0xb1, 0x5, 0xa, 0xd0,
    0x0,

    /* U+00E2 "â" */
    0x0, 0x8b, 0xbe, 0xc0, 0x38, 0xb0, 0xe5, 0x28,
    0x3, 0x23, 0x63, 0x59, 0x18, 0x4, 0xd0, 0x20,
    0x90, 0x60, 0x12, 0x67, 0xfb, 0x60, 0x2, 0x4b,
    0x30, 0x1, 0x3d, 0x80, 0x38, 0x1b, 0xbe, 0x81,
    0x8, 0x2b, 0x64, 0x4c, 0x2, 0x60, 0x2, 0xef,
    0xe5, 0x0, 0x6c, 0x82, 0x37, 0x91, 0x0, 0x19,
    0x83, 0x72, 0x18, 0x40, 0x30, 0x90, 0x2, 0x80,
    0x23, 0x11, 0x75, 0xf2, 0x90, 0x5, 0x88, 0x28,
    0x56, 0x80, 0x0,

    /* U+00E3 "ã" */
    0x0, 0x1f, 0x72, 0x7, 0x64, 0x2, 0x90, 0x97,
    0xe2, 0x10, 0x8, 0x91, 0xf1, 0x11, 0x40, 0x14,
    0x50, 0x1d, 0xd8, 0x80, 0x24, 0xcf, 0xf6, 0xc0,
    0x4, 0x96, 0x60, 0x2, 0x7b, 0x0, 0x70, 0x37,
    0x7d, 0x2, 0x10, 0x56, 0xc8, 0x98, 0x4, 0xc0,
    0x5, 0xdf, 0xca, 0x0, 0xd9, 0x4, 0x6f, 0x22,
    0x0, 0x33, 0x6, 0xe4, 0x30, 0x80, 0x61, 0x20,
    0x5, 0x0, 0x46, 0x22, 0xeb, 0xe5, 0x20, 0xb,
    0x10, 0x50, 0xad, 0x0, 0x0,

    /* U+00E4 "ä" */
    0x0, 0x47, 0xb8, 0x67, 0x98, 0x5, 0xe0, 0x1f,
    0xcf, 0xee, 0x19, 0xe6, 0x1, 0x26, 0x7f, 0xb6,
    0x0, 0x24, 0xb3, 0x0, 0x13, 0xd8, 0x3, 0x81,
    0xbb, 0xe8, 0x10, 0x82, 0xb6, 0x44, 0xc0, 0x26,
    0x0, 0x2e, 0xfe, 0x50, 0x6, 0xc8, 0x23, 0x79,
    0x10, 0x1, 0x98, 0x37, 0x21, 0x84, 0x3, 0x9,
    0x0, 0x28, 0x2, 0x31, 0x17, 0x5f, 0x29, 0x0,
    0x58, 0x82, 0x85, 0x68, 0x0,

    /* U+00E5 "å" */
    0x0, 0xff, 0xe0, 0x96, 0xfd, 0x0, 0x7b, 0x9a,
    0x95, 0x80, 0x38, 0xf9, 0x53, 0xc0, 0x38, 0xbc,
    0x97, 0x80, 0x3a, 0x57, 0x4d, 0x80, 0x39, 0x3b,
    0x34, 0x40, 0x32, 0x67, 0x66, 0xc0, 0x4, 0x96,
    0x60, 0x2, 0x7b, 0x0, 0x70, 0x37, 0x7d, 0x2,
    0x10, 0x56, 0xc8, 0x98, 0x4, 0xc0, 0x5, 0xdf,
    0xca, 0x0, 0xd9, 0x4, 0x6f, 0x22, 0x0, 0x33,
    0x6, 0xe4, 0x30, 0x80, 0x61, 0x20, 0x5, 0x0,
    0x46, 0x22, 0xeb, 0xe5, 0x20, 0xb, 0x10, 0x50,
    0xad, 0x0, 0x0,

    /* U+00E6 "æ" */
    0x0, 0x15, 0x7f, 0xb5, 0xc1, 0xb7, 0xfd, 0x64,
    0x1, 0x1e, 0xa8, 0x9, 0x47, 0x49, 0x8, 0x26,
    0x8, 0x2, 0x41, 0xbf, 0xa8, 0x4, 0x2f, 0xbd,
    0x86, 0xc0, 0x15, 0xb2, 0x0, 0x51, 0x5, 0x40,
    0x4, 0x2, 0x0, 0x43, 0x17, 0xbe, 0x20, 0xbf,
    0xf7, 0x0, 0x88, 0x27, 0x1d, 0x9d, 0x84, 0x9,
    0x13, 0x1a, 0x1, 0x30, 0x66, 0xd4, 0x88, 0x3d,
    0xde, 0xeb, 0x16, 0x1, 0x30, 0x4, 0x80, 0x15,
    0xc4, 0xab, 0x6c, 0x10, 0x45, 0xd7, 0xcc, 0x8c,
    0x11, 0xda, 0xa1, 0xe0, 0xc, 0x41, 0x43, 0x8b,
    0x9a, 0x30, 0x2, 0x62, 0x0,

    /* U+00E7 "ç" */
    0x0, 0xc, 0xf7, 0xf4, 0x88, 0x0, 0xbd, 0x84,
    0x5, 0xbc, 0x42, 0x44, 0xb3, 0xec, 0x45, 0x2,
    0x81, 0x26, 0x9, 0x53, 0x6a, 0x0, 0x40, 0x9,
    0x18, 0x80, 0x3f, 0xca, 0x0, 0x40, 0x8, 0xd0,
    0x44, 0x81, 0x26, 0x7, 0xb7, 0x1, 0x22, 0x59,
    0xf8, 0x22, 0x80, 0x2f, 0x61, 0x1, 0x6f, 0x10,
    0x0, 0xcd, 0x86, 0xc8, 0x80, 0x73, 0x1e, 0x80,
    0x7c, 0xa0, 0x20, 0x1f, 0x59, 0xc8, 0x4,

    /* U+00E8 "è" */
    0x0, 0x9b, 0xcc, 0x3, 0xf3, 0x4, 0x80, 0x7f,
    0x32, 0x88, 0x7, 0xe8, 0xa0, 0xf, 0xe1, 0x51,
    0x0, 0xf0, 0xcf, 0x7f, 0x48, 0x80, 0x43, 0xec,
    0x23, 0x37, 0x88, 0x2, 0x84, 0xb7, 0xb8, 0x83,
    0x0, 0x28, 0x12, 0x40, 0x30, 0xe, 0x4, 0x0,
    0xbf, 0xfb, 0x0, 0x44, 0xe0, 0x5, 0x5e, 0x35,
    0x15, 0x0, 0x75, 0x55, 0x7d, 0x40, 0x28, 0x12,
    0x60, 0x7b, 0xab, 0x0, 0x50, 0x96, 0x7e, 0x18,
    0x40, 0x0, 0x7d, 0xc4, 0x5, 0x74, 0xc0,

    /* U+00E9 "é" */
    0x0, 0xf7, 0x60, 0x7, 0xe4, 0x19, 0x0, 0xfd,
    0xe2, 0xa0, 0x1f, 0xbb, 0x40, 0x3f, 0x94, 0xc0,
    0x3c, 0x33, 0xdf, 0xd2, 0x20, 0x10, 0xfb, 0x8,
    0xcd, 0xe2, 0x0, 0xa1, 0x2d, 0xee, 0x20, 0xc0,
    0xa, 0x4, 0x90, 0xc, 0x3, 0x81, 0x0, 0x2f,
    0xfe, 0xc0, 0x11, 0x38, 0x1, 0x57, 0x8d, 0x45,
    0x40, 0x1d, 0x55, 0x5f, 0x50, 0xa, 0x4, 0x98,
    0x1e, 0xea, 0xc0, 0x14, 0x25, 0x9f, 0x86, 0x10,
    0x0, 0x1f, 0x71, 0x1, 0x5d, 0x30,

    /* U+00EA "ê" */
    0x0, 0x87, 0x3f, 0x44, 0x3, 0x87, 0x4e, 0x8f,
    0x4, 0x3, 0x2a, 0x62, 0xea, 0xa0, 0x6, 0x48,
    0x30, 0x38, 0x50, 0xc, 0x33, 0xdf, 0xd2, 0x20,
    0x10, 0xfb, 0x8, 0xcd, 0xe2, 0x0, 0xa1, 0x2d,
    0xee, 0x20, 0xc0, 0xa, 0x4, 0x90, 0xc, 0x3,
    0x81, 0x0, 0x2f, 0xfe, 0xc0, 0x11, 0x38, 0x1,
    0x57, 0x8d, 0x45, 0x40, 0x1d, 0x55, 0x5f, 0x50,
    0xa, 0x4, 0x98, 0x1e, 0xea, 0xc0, 0x14, 0x25,
    0x9f, 0x86, 0x10, 0x0, 0x1f, 0x71, 0x1, 0x5d,
    0x30,

    /* U+00EB "ë" */
    0x0, 0x27, 0xd8, 0x4f, 0xb0, 0x7, 0x84, 0x3,
    0xf2, 0x7d, 0x4, 0xfb, 0x0, 0x61, 0x9e, 0xfe,
    0x91, 0x0, 0x87, 0xd8, 0x46, 0x6f, 0x10, 0x5,
    0x9, 0x6f, 0x71, 0x6, 0x0, 0x50, 0x24, 0x80,
    0x60, 0x1c, 0x8, 0x1, 0x7f, 0xf6, 0x0, 0x89,
    0xc0, 0xa, 0xbc, 0x6a, 0x2a, 0x0, 0xea, 0xaa,
    0xfa, 0x80, 0x50, 0x24, 0xc0, 0xf7, 0x56, 0x0,
    0xa1, 0x2c, 0xfc, 0x30, 0x80, 0x0, 0xfb, 0x88,
    0xa, 0xe9, 0x80,

    /* U+00EC "ì" */
    0x35, 0x0, 0x35, 0x20, 0x28, 0xf8, 0x1, 0x90,
    0x42, 0x3c, 0x42, 0x7e, 0x40, 0x3f, 0xfb, 0x0,

    /* U+00ED "í" */
    0x0, 0x29, 0x81, 0xd2, 0x84, 0x83, 0xa, 0xb0,
    0xf, 0xc8, 0x4f, 0xc8, 0x7, 0xff, 0x64,

    /* U+00EE "î" */
    0x0, 0x57, 0xf0, 0x80, 0x50, 0xaa, 0x1d, 0x0,
    0x2b, 0xa5, 0x49, 0xc8, 0x2f, 0xd8, 0x37, 0xc8,
    0x5, 0x3f, 0x20, 0x1f, 0xff, 0xf0,

    /* U+00EF "ï" */
    0x5f, 0xa0, 0x9f, 0x60, 0xf, 0x1a, 0xfd, 0x4,
    0xfa, 0x80, 0x27, 0xe4, 0x3, 0xff, 0xea,

    /* U+00F0 "ð" */
    0x0, 0xf9, 0x40, 0x3c, 0x3f, 0xb9, 0x48, 0x1,
    0xc3, 0x24, 0x62, 0xa0, 0x1e, 0x73, 0x92, 0xa0,
    0xc, 0x35, 0xe7, 0x6a, 0x88, 0x0, 0x17, 0xa8,
    0x81, 0x30, 0x70, 0x2, 0x44, 0xfb, 0xf0, 0x41,
    0xc0, 0x50, 0x38, 0x40, 0xe0, 0x8, 0x14, 0x4,
    0x80, 0x25, 0x0, 0xff, 0xe1, 0x28, 0x9, 0x0,
    0x4a, 0x2, 0x2, 0x81, 0x22, 0x7, 0x0, 0xe0,
    0x9, 0x14, 0xef, 0xc1, 0x14, 0x0, 0xb, 0x14,
    0x40, 0x5b, 0xc4, 0x0,

    /* U+00F1 "ñ" */
    0x1, 0xdf, 0x92, 0xac, 0x0, 0x98, 0xa1, 0xf5,
    0x5c, 0x2, 0x13, 0x7f, 0x53, 0x80, 0x9, 0xb0,
    0x6, 0xb0, 0xc0, 0x19, 0xe9, 0x5d, 0xfa, 0xc0,
    0x1a, 0xd4, 0x40, 0xa5, 0x80, 0x34, 0xf6, 0x10,
    0x58, 0x4, 0xac, 0x27, 0x20, 0x42, 0x0, 0x20,
    0x9, 0x40, 0x6, 0x0, 0xf0, 0x8, 0x40, 0x3f,
    0xfb, 0xe0,

    /* U+00F2 "ò" */
    0x0, 0xa3, 0xc4, 0x3, 0xf5, 0x4, 0x80, 0x7e,
    0x24, 0x60, 0xf, 0xe9, 0xb1, 0x0, 0xfc, 0x4a,
    0x20, 0x1e, 0x19, 0xef, 0xea, 0x20, 0x8, 0x7d,
    0x84, 0x5, 0x74, 0xc0, 0x14, 0x25, 0x9f, 0x84,
    0x1c, 0x2, 0x81, 0x26, 0x7, 0xe0, 0x46, 0xa0,
    0x4, 0x0, 0x88, 0x0, 0xa0, 0x1f, 0xf2, 0x80,
    0x10, 0x2, 0x20, 0x2, 0x8a, 0x5, 0x20, 0x1f,
    0x81, 0x18, 0x50, 0x8a, 0xff, 0x8, 0x38, 0x0,
    0x3e, 0xc2, 0x2, 0xba, 0x60,

    /* U+00F3 "ó" */
    0x0, 0xe1, 0xf9, 0x0, 0xfc, 0xc1, 0x60, 0x1f,
    0xa4, 0xc8, 0x3, 0xf5, 0xf0, 0x7, 0xf2, 0x90,
    0x7, 0x86, 0x7b, 0xfa, 0x88, 0x2, 0x1f, 0x61,
    0x1, 0x5d, 0x30, 0x5, 0x9, 0x67, 0xe1, 0x7,
    0x0, 0xa0, 0x49, 0x81, 0xf8, 0x11, 0xa8, 0x1,
    0x0, 0x22, 0x0, 0x28, 0x7, 0xfc, 0xa0, 0x4,
    0x0, 0x88, 0x0, 0xa2, 0x81, 0x48, 0x7, 0xe0,
    0x46, 0x14, 0x22, 0xbf, 0xc2, 0xe, 0x0, 0xf,
    0xb0, 0x80, 0xae, 0x98, 0x0,

    /* U+00F4 "ô" */
    0x0, 0xd9, 0xfa, 0x20, 0x1e, 0xc3, 0xa3, 0xc1,
    0x0, 0xc8, 0x8c, 0x5c, 0x54, 0x0, 0xc9, 0x6,
    0x5, 0xa, 0x1, 0x86, 0x7b, 0xfa, 0x88, 0x2,
    0x1f, 0x61, 0x1, 0x5d, 0x30, 0x5, 0x9, 0x67,
    0xe1, 0x7, 0x0, 0xa0, 0x49, 0x81, 0xf8, 0x11,
    0xa8, 0x1, 0x0, 0x22, 0x0, 0x28, 0x7, 0xfc,
    0xa0, 0x4, 0x0, 0x88, 0x0, 0xa2, 0x81, 0x48,
    0x7, 0xe0, 0x46, 0x14, 0x22, 0xbf, 0xc2, 0xe,
    0x0, 0xf, 0xb0, 0x80, 0xae, 0x98, 0x0,

    /* U+00F5 "õ" */
    0x0, 0x17, 0x72, 0x46, 0xec, 0x1, 0xa8, 0x65,
    0xb9, 0x4, 0x3, 0x7a, 0x3e, 0xa1, 0xc0, 0x6,
    0x7b, 0x2, 0xbc, 0x20, 0xc, 0x33, 0xdf, 0xd4,
    0x40, 0x10, 0xfb, 0x8, 0xa, 0xe9, 0x80, 0x28,
    0x4b, 0x3f, 0x8, 0x38, 0x5, 0x2, 0x4c, 0xf,
    0xc0, 0x8d, 0x40, 0x8, 0x1, 0x10, 0x1, 0x40,
    0x3f, 0xe5, 0x0, 0x20, 0x4, 0x40, 0x5, 0x14,
    0xa, 0x40, 0x3f, 0x2, 0x30, 0xa1, 0x15, 0xfe,
    0x10, 0x70, 0x0, 0x7d, 0x84, 0x5, 0x74, 0xc0,

    /* U+00F6 "ö" */
    0x0, 0x27, 0xd8, 0x4f, 0xb0, 0x7, 0xe1, 0x0,
    0xf2, 0x7d, 0x84, 0x7b, 0x0, 0x61, 0x9e, 0xfe,
    0xa2, 0x0, 0x87, 0xd8, 0x40, 0x57, 0x4c, 0x1,
    0x42, 0x59, 0xf8, 0x41, 0xc0, 0x28, 0x12, 0x60,
    0x7e, 0x4, 0x6a, 0x0, 0x40, 0x8, 0x80, 0xa,
    0x1, 0xff, 0x28, 0x1, 0x0, 0x22, 0x0, 0x28,
    0xa0, 0x52, 0x1, 0xf8, 0x11, 0x85, 0x8, 0xaf,
    0xf0, 0x83, 0x80, 0x3, 0xec, 0x20, 0x2b, 0xa6,
    0x0,

    /* U+00F7 "÷" */
    0x0, 0x17, 0xf0, 0x7, 0xff, 0x4, 0xbf, 0x80,
    0x2a, 0xbb, 0xf3, 0xa2, 0x7d, 0xbd, 0xff, 0xea,
    0x0, 0x17, 0xf0, 0x7, 0xfc,

    /* U+00F8 "ø" */
    0x0, 0xc, 0xf7, 0xf5, 0x35, 0x0, 0x7, 0xd8,
    0x40, 0x56, 0x55, 0x82, 0x84, 0xb3, 0xe8, 0x0,
    0x2c, 0x28, 0x12, 0x65, 0x60, 0x1, 0x35, 0x0,
    0x21, 0x60, 0xd8, 0x1, 0x40, 0x23, 0xc1, 0xb4,
    0x0, 0x94, 0x1, 0x83, 0x88, 0x40, 0x5, 0x12,
    0x0, 0x41, 0x9b, 0xc0, 0x8d, 0x8, 0x1, 0x1f,
    0x84, 0x1c, 0x8, 0xf0, 0xc2, 0x2, 0xba, 0x60,

    /* U+00F9 "ù" */
    0x0, 0x3f, 0x98, 0x7, 0x98, 0x28, 0x3, 0xc2,
    0xcc, 0x10, 0xf, 0x45, 0x0, 0x7c, 0x2a, 0x20,
    0x17, 0x7a, 0x0, 0x45, 0xfe, 0x0, 0xff, 0xed,
    0x8, 0x4, 0xc0, 0x3, 0xd, 0x0, 0x88, 0x0,
    0x80, 0xea, 0x29, 0x0, 0xb, 0x0, 0x57, 0x58,
    0x80, 0xb, 0xc, 0x0, 0x98, 0x20,

    /* U+00FA "ú" */
    0x0, 0xc7, 0xee, 0x1, 0xea, 0x6, 0x0, 0xe1,
    0x66, 0x8, 0x7, 0xaa, 0x0, 0x3c, 0x2a, 0x20,
    0x17, 0x7a, 0x0, 0x45, 0xfe, 0x0, 0xff, 0xed,
    0x8, 0x4, 0xc0, 0x3, 0xd, 0x0, 0x88, 0x0,
    0x80, 0xea, 0x29, 0x0, 0xb, 0x0, 0x57, 0x58,
    0x80, 0xb, 0xc, 0x0, 0x98, 0x20,

    /* U+00FB "û" */
    0x0, 0x92, 0x14, 0x3, 0x8e, 0xde, 0x90, 0x2,
    0x1d, 0x1d, 0x2a, 0x20, 0x2, 0x36, 0x17, 0xb3,
    0x80, 0x16, 0x8, 0xa, 0x14, 0x3b, 0xd0, 0x2,
    0x2f, 0xf0, 0x7, 0xff, 0x68, 0x40, 0x26, 0x0,
    0x18, 0x68, 0x4, 0x40, 0x4, 0x7, 0x51, 0x48,
    0x0, 0x58, 0x2, 0xba, 0xc4, 0x0, 0x58, 0x60,
    0x4, 0xc1, 0x0,

    /* U+00FC "ü" */
    0x5, 0xfa, 0x9, 0xf6, 0x0, 0x8, 0x7, 0xe4,
    0xfa, 0x9, 0xf6, 0xe, 0xf4, 0x0, 0x8b, 0xfc,
    0x1, 0xff, 0xda, 0x10, 0x9, 0x80, 0x6, 0x1a,
    0x1, 0x10, 0x1, 0x1, 0xd4, 0x52, 0x0, 0x16,
    0x0, 0xae, 0xb1, 0x0, 0x16, 0x18, 0x1, 0x30,
    0x40,

    /* U+00FD "ý" */
    0x0, 0xe7, 0xf2, 0x0, 0xfa, 0x50, 0x80, 0x3c,
    0xa3, 0xc0, 0x1f, 0x35, 0x28, 0x7, 0xc6, 0xa0,
    0x1a, 0x7e, 0x80, 0x32, 0xfe, 0x50, 0x28, 0x80,
    0x52, 0x14, 0x66, 0x6, 0x0, 0x11, 0x83, 0x4,
    0x85, 0x0, 0x28, 0x14, 0x0, 0xa2, 0x46, 0xc,
    0x12, 0x1, 0x30, 0x52, 0x9, 0x18, 0x5, 0x40,
    0xde, 0x14, 0x1, 0x89, 0x1, 0x1, 0x80, 0x3b,
    0x80, 0x8, 0x20, 0x1c, 0xa0, 0xe, 0x0, 0xf1,
    0x80, 0xa8, 0x7, 0xac, 0x18, 0x3, 0xe6, 0xa,
    0x0, 0xf2, 0x9, 0x90, 0x6,

    /* U+00FE "þ" */
    0xbf, 0x70, 0xf, 0xfe, 0x7b, 0x86, 0x63, 0xfd,
    0x64, 0x1, 0x90, 0xc0, 0x9, 0xa6, 0x1, 0xe,
    0xfe, 0x98, 0x70, 0x5, 0x4, 0x5, 0xe0, 0x46,
    0x0, 0x20, 0x8, 0xc0, 0xc, 0x1, 0xff, 0xc0,
    0x20, 0x8, 0xc0, 0xe, 0x0, 0x82, 0x1, 0xf0,
    0x22, 0x0, 0x7, 0x7f, 0x8c, 0x38, 0x2, 0x53,
    0x0, 0x26, 0x18, 0x5, 0x98, 0xff, 0x59, 0x80,
    0x7f, 0xf5, 0x0,

    /* U+00FF "ÿ" */
    0x0, 0x5f, 0xa0, 0x7f, 0x80, 0x3f, 0xf8, 0x57,
    0xe8, 0x1f, 0xe0, 0x4, 0xfd, 0x0, 0x65, 0xfc,
    0xa0, 0x51, 0x0, 0xa4, 0x28, 0xcc, 0xc, 0x0,
    0x23, 0x6, 0x9, 0xa, 0x0, 0x50, 0x28, 0x1,
    0x44, 0x8c, 0x18, 0x24, 0x2, 0x60, 0xa4, 0x12,
    0x30, 0xa, 0x81, 0xbc, 0x28, 0x3, 0x12, 0x2,
    0x3, 0x0, 0x77, 0x0, 0x10, 0x40, 0x39, 0x40,
    0x1c, 0x1, 0xe3, 0x1, 0x50, 0xf, 0x58, 0x30,
    0x7, 0xcc, 0x14, 0x1, 0xe4, 0x13, 0x20, 0xc,

    /* U+0100 "Ā" */
    0x0, 0x8e, 0xef, 0x20, 0x7, 0x99, 0x13, 0x18,
    0x7, 0x97, 0xff, 0x38, 0x7, 0xff, 0x1e, 0xff,
    0xd8, 0x1, 0xf9, 0x0, 0x6, 0x20, 0x1e, 0x50,
    0x12, 0x7, 0x0, 0xf7, 0x83, 0xa8, 0x68, 0x7,
    0x94, 0x36, 0xc1, 0x4, 0x3, 0x20, 0xa, 0x18,
    0x82, 0x0, 0x6d, 0x4, 0x0, 0x38, 0x78, 0x6,
    0x70, 0xf0, 0x6, 0x82, 0x80, 0x46, 0x21, 0x5f,
    0xeb, 0x0, 0x20, 0x2, 0xc0, 0x3f, 0x68, 0x1,
    0x42, 0x7f, 0xf5, 0x3, 0x81, 0x10, 0x1c, 0x3,
    0x28, 0x9, 0xa8, 0x18, 0x80, 0x72, 0x85, 0x80,

    /* U+0101 "ā" */
    0x0, 0xb7, 0xff, 0x0, 0x72, 0x2a, 0xe0, 0xe,
    0x9a, 0xac, 0x1, 0xff, 0xc2, 0x4c, 0xff, 0x6c,
    0x0, 0x49, 0x66, 0x0, 0x27, 0xb0, 0x7, 0x3,
    0x77, 0xd0, 0x21, 0x5, 0x6c, 0x89, 0x80, 0x4c,
    0x0, 0x5d, 0xfc, 0xa0, 0xd, 0x90, 0x46, 0xf2,
    0x20, 0x3, 0x30, 0x6e, 0x43, 0x8, 0x6, 0x12,
    0x0, 0x50, 0x4, 0x62, 0x2e, 0xbe, 0x52, 0x0,
    0xb1, 0x5, 0xa, 0xd0, 0x0,

    /* U+0102 "Ă" */
    0x0, 0xab, 0xc8, 0x3e, 0xc0, 0x3d, 0xc1, 0x9a,
    0x1a, 0x1, 0xe4, 0x80, 0x27, 0x60, 0xf, 0x9f,
    0xbe, 0x0, 0x3f, 0x5f, 0xfb, 0x0, 0x3f, 0x20,
    0x0, 0xc4, 0x3, 0xca, 0x2, 0x40, 0xe0, 0x1e,
    0xf0, 0x75, 0xd, 0x0, 0xf2, 0x86, 0xd8, 0x20,
    0x80, 0x64, 0x1, 0x43, 0x10, 0x40, 0xd, 0xa0,
    0x80, 0x7, 0xf, 0x0, 0xce, 0x1e, 0x0, 0xd0,
    0x50, 0x8, 0xc4, 0x2b, 0xfd, 0x60, 0x4, 0x0,
    0x58, 0x7, 0xed, 0x0, 0x28, 0x4f, 0xfe, 0xa0,
    0x70, 0x22, 0x3, 0x80, 0x65, 0x1, 0x35, 0x3,
    0x10, 0xe, 0x50, 0xb0,

    /* U+0103 "ă" */
    0x0, 0x1c, 0x90, 0x34, 0x0, 0x61, 0x6c, 0xc4,
    0x98, 0x6, 0x2a, 0x33, 0x25, 0x0, 0x72, 0xef,
    0xd8, 0x80, 0x64, 0xcf, 0xf6, 0xc0, 0x4, 0x96,
    0x60, 0x2, 0x7b, 0x0, 0x70, 0x37, 0x7d, 0x2,
    0x10, 0x56, 0xc8, 0x98, 0x4, 0xc0, 0x5, 0xdf,
    0xca, 0x0, 0xd9, 0x4, 0x6f, 0x22, 0x0, 0x33,
    0x6, 0xe4, 0x30, 0x80, 0x61, 0x20, 0x5, 0x0,
    0x46, 0x22, 0xeb, 0xe5, 0x20, 0xb, 0x10, 0x50,
    0xad, 0x0, 0x0,

    /* U+0104 "Ą" */
    0x0, 0xd7, 0xfe, 0xc0, 0xf, 0xc8, 0x0, 0x31,
    0x0, 0xf2, 0x80, 0x90, 0x38, 0x7, 0xbc, 0x1d,
    0x43, 0x40, 0x3c, 0xa1, 0xb6, 0x8, 0x20, 0x19,
    0x0, 0x50, 0xc4, 0x10, 0x3, 0x68, 0x20, 0x1,
    0xc3, 0xc0, 0x33, 0x87, 0x80, 0x34, 0x14, 0x2,
    0x31, 0xa, 0xff, 0x58, 0x1, 0x0, 0x16, 0x1,
    0xfb, 0x40, 0xa, 0x13, 0xff, 0xa8, 0x1c, 0x8,
    0x80, 0xe0, 0x19, 0x40, 0x4d, 0x40, 0xc4, 0x3,
    0x90, 0x29, 0xff, 0x0, 0x39, 0x50, 0xec, 0x3,
    0xf4, 0x16, 0x10, 0x7, 0xe3, 0x2a, 0x30, 0xf,
    0xd6, 0x28, 0xe0,

    /* U+0105 "ą" */
    0x0, 0x26, 0x7f, 0xb6, 0x0, 0x24, 0xb3, 0x0,
    0x13, 0xd8, 0x3, 0x81, 0xbb, 0xe8, 0x10, 0x82,
    0xb6, 0x44, 0xc0, 0x26, 0x0, 0x2e, 0xfe, 0x50,
    0x6, 0xc8, 0x23, 0x79, 0x10, 0x1, 0x98, 0x37,
    0x21, 0x84, 0x3, 0x9, 0x0, 0x28, 0x2, 0x31,
    0x17, 0x5f, 0x29, 0x0, 0x58, 0x82, 0x85, 0x40,
    0x18, 0xaf, 0xfd, 0x92, 0x50, 0x80, 0x1c, 0x87,
    0xe, 0x1, 0xe1, 0xb, 0xa0, 0xf, 0x2a, 0x8c,
    0x40,

    /* U+0106 "Ć" */
    0x0, 0xfa, 0xf8, 0x3, 0xfc, 0x28, 0xc0, 0x1f,
    0xe9, 0xa, 0x0, 0xff, 0x65, 0x90, 0x7, 0xf9,
    0x10, 0x1, 0xf8, 0xeb, 0xbf, 0xd8, 0xe0, 0x1c,
    0xf8, 0xa2, 0x0, 0x38, 0xd1, 0x0, 0x2c, 0x2,
    0xe7, 0x72, 0x44, 0xb4, 0x1, 0x0, 0xb4, 0x62,
    0x26, 0xd0, 0x35, 0x32, 0x8, 0x0, 0xe3, 0x9a,
    0x45, 0x1, 0x20, 0xf, 0x32, 0x88, 0x80, 0xc0,
    0x3f, 0xc2, 0x6, 0x1, 0xfe, 0x50, 0x12, 0x0,
    0xf3, 0x28, 0x19, 0x4, 0x0, 0x71, 0xcd, 0x28,
    0x40, 0x2d, 0x18, 0x89, 0xb4, 0xd, 0x41, 0x60,
    0x17, 0x3b, 0x92, 0x25, 0xa0, 0x13, 0xe2, 0x88,
    0x0, 0xe3, 0x44, 0x0,

    /* U+0107 "ć" */
    0x0, 0xe2, 0xf8, 0x0, 0xfa, 0x82, 0x40, 0x3e,
    0x64, 0x10, 0xf, 0xd, 0xc8, 0x7, 0xc2, 0xa4,
    0x1, 0xc3, 0x3d, 0xfd, 0x22, 0x0, 0x2f, 0x61,
    0x1, 0x6f, 0x10, 0x91, 0x2c, 0xfb, 0x11, 0x40,
    0xa0, 0x49, 0x82, 0x54, 0xda, 0x80, 0x10, 0x2,
    0x46, 0x20, 0xf, 0xf2, 0x80, 0x10, 0x2, 0x34,
    0x11, 0x20, 0x49, 0x81, 0xed, 0xc0, 0x48, 0x96,
    0x7e, 0x8, 0xa0, 0xb, 0xd8, 0x40, 0x5b, 0xc4,

    /* U+0108 "Ĉ" */
    0x0, 0xe3, 0x86, 0x0, 0xfe, 0x1d, 0x79, 0x70,
    0xf, 0xda, 0x38, 0x90, 0x80, 0x1e, 0x34, 0xb3,
    0xa8, 0x20, 0xf, 0x1c, 0x20, 0xb, 0xb0, 0x7,
    0x8e, 0xbb, 0xfd, 0x8e, 0x1, 0xcf, 0x8a, 0x20,
    0x3, 0x8d, 0x10, 0x2, 0xc0, 0x2e, 0x77, 0x24,
    0x4b, 0x40, 0x10, 0xb, 0x46, 0x22, 0x6d, 0x3,
    0x53, 0x20, 0x80, 0xe, 0x39, 0xa4, 0x50, 0x12,
    0x0, 0xf3, 0x28, 0x88, 0xc, 0x3, 0xfc, 0x20,
    0x60, 0x1f, 0xe5, 0x1, 0x20, 0xf, 0x32, 0x81,
    0x90, 0x40, 0x7, 0x1c, 0xd2, 0x84, 0x2, 0xd1,
    0x88, 0x9b, 0x40, 0xd4, 0x16, 0x1, 0x73, 0xb9,
    0x22, 0x5a, 0x1, 0x3e, 0x28, 0x80, 0xe, 0x34,
    0x40,

    /* U+0109 "ĉ" */
    0x0, 0xd9, 0xfa, 0x20, 0x1d, 0x87, 0x47, 0x82,
    0x1, 0x22, 0x31, 0x71, 0x50, 0x2, 0x48, 0x30,
    0x28, 0x50, 0x8, 0x67, 0xbf, 0xa4, 0x40, 0x5,
    0xec, 0x20, 0x2d, 0xe2, 0x12, 0x25, 0x9f, 0x62,
    0x28, 0x14, 0x9, 0x30, 0x4a, 0x9b, 0x50, 0x2,
    0x0, 0x48, 0xc4, 0x1, 0xfe, 0x50, 0x2, 0x0,
    0x46, 0x82, 0x24, 0x9, 0x30, 0x3d, 0xb8, 0x9,
    0x12, 0xcf, 0xc1, 0x14, 0x1, 0x7b, 0x8, 0xb,
    0x78, 0x80,

    /* U+010A "Ċ" */
    0x0, 0xe1, 0x33, 0x0, 0x7f, 0x97, 0x30, 0x1,
    0xff, 0xcb, 0x4f, 0xf0, 0x7, 0xff, 0x24, 0xeb,
    0xbf, 0xd8, 0xe0, 0x1c, 0xf8, 0xa2, 0x0, 0x38,
    0xd1, 0x0, 0x2c, 0x2, 0xe7, 0x72, 0x44, 0xb4,
    0x1, 0x0, 0xb4, 0x62, 0x26, 0xd0, 0x35, 0x32,
    0x8, 0x0, 0xe3, 0x9a, 0x45, 0x1, 0x20, 0xf,
    0x32, 0x88, 0x80, 0xc0, 0x3f, 0xc2, 0x6, 0x1,
    0xfe, 0x50, 0x12, 0x0, 0xf3, 0x28, 0x19, 0x4,
    0x0, 0x71, 0xcd, 0x28, 0x40, 0x2d, 0x18, 0x89,
    0xb4, 0xd, 0x41, 0x60, 0x17, 0x3b, 0x92, 0x25,
    0xa0, 0x13, 0xe2, 0x88, 0x0, 0xe3, 0x44, 0x0,

    /* U+010B "ċ" */
    0x0, 0xc2, 0x66, 0x0, 0xf9, 0x33, 0x40, 0x3f,
    0xf8, 0xab, 0xfc, 0x1, 0xff, 0xc3, 0x19, 0xef,
    0xe9, 0x10, 0x1, 0x7b, 0x8, 0xb, 0x78, 0x84,
    0x89, 0x67, 0xd8, 0x8a, 0x5, 0x2, 0x4c, 0x12,
    0xa6, 0xd4, 0x0, 0x80, 0x12, 0x31, 0x0, 0x7f,
    0x94, 0x0, 0x80, 0x11, 0xa0, 0x89, 0x2, 0x4c,
    0xf, 0x6e, 0x2, 0x44, 0xb3, 0xf0, 0x45, 0x0,
    0x5e, 0xc2, 0x2, 0xde, 0x20,

    /* U+010C "Č" */
    0x0, 0x8e, 0x10, 0x0, 0xee, 0x0, 0xf1, 0xa5,
    0x9d, 0xc1, 0x80, 0x7d, 0xa3, 0x89, 0x8, 0x1,
    0xf0, 0xe3, 0xcb, 0x80, 0x7f, 0x14, 0x30, 0x7,
    0xe3, 0xae, 0xff, 0x63, 0x80, 0x73, 0xe2, 0x88,
    0x0, 0xe3, 0x44, 0x0, 0xb0, 0xb, 0x9d, 0xc9,
    0x12, 0xd0, 0x4, 0x2, 0xd1, 0x88, 0x9b, 0x40,
    0xd4, 0xc8, 0x20, 0x3, 0x8e, 0x69, 0x14, 0x4,
    0x80, 0x3c, 0xca, 0x22, 0x3, 0x0, 0xff, 0x8,
    0x18, 0x7, 0xf9, 0x40, 0x48, 0x3, 0xcc, 0xa0,
    0x64, 0x10, 0x1, 0xc7, 0x34, 0xa1, 0x0, 0xb4,
    0x62, 0x26, 0xd0, 0x35, 0x5, 0x80, 0x5c, 0xee,
    0x48, 0x96, 0x80, 0x4f, 0x8a, 0x20, 0x3, 0x8d,
    0x10,

    /* U+010D "č" */
    0x0, 0x37, 0xc8, 0x57, 0xa8, 0x4, 0xd2, 0xda,
    0xb2, 0xa0, 0x19, 0xa9, 0x69, 0x80, 0x3c, 0xb0,
    0xa0, 0x1c, 0x33, 0xdf, 0xd2, 0x20, 0x2, 0xf6,
    0x10, 0x16, 0xf1, 0x9, 0x12, 0xcf, 0xb1, 0x14,
    0xa, 0x4, 0x98, 0x25, 0x4d, 0xa8, 0x1, 0x0,
    0x24, 0x62, 0x0, 0xff, 0x28, 0x1, 0x0, 0x23,
    0x41, 0x12, 0x4, 0x98, 0x1e, 0xdc, 0x4, 0x89,
    0x67, 0xe0, 0x8a, 0x0, 0xbd, 0x84, 0x5, 0xbc,
    0x40,

    /* U+010E "Ď" */
    0x4, 0xfb, 0x8, 0xf7, 0x0, 0xc9, 0x49, 0xaf,
    0xe, 0x1, 0xcb, 0x6b, 0x2e, 0x1, 0xf2, 0x43,
    0x0, 0x75, 0xff, 0xf6, 0xb8, 0x7, 0xf1, 0x46,
    0x88, 0x5, 0x1f, 0xee, 0xa1, 0x2a, 0x0, 0xf0,
    0xad, 0x2, 0x18, 0x7, 0xc8, 0x41, 0x60, 0x1f,
    0x9c, 0x8, 0x3, 0xf1, 0x80, 0x80, 0x7e, 0x30,
    0x10, 0xf, 0xce, 0x4, 0x1, 0xf2, 0x10, 0x58,
    0x7, 0xa, 0xd0, 0x21, 0x80, 0x23, 0xfd, 0xd4,
    0x25, 0x40, 0x1f, 0x13, 0xe8, 0x80,

    /* U+010F "ď" */
    0x0, 0xf9, 0x7f, 0x42, 0xfe, 0x0, 0x3f, 0xf9,
    0xb0, 0xa0, 0x11, 0x57, 0x7e, 0xf8, 0x6, 0x7d,
    0x2, 0xc5, 0x10, 0x25, 0x0, 0x96, 0x94, 0x24,
    0x4b, 0x7f, 0x48, 0x2, 0x67, 0x1, 0x40, 0x92,
    0x2, 0x80, 0xf, 0x28, 0x1, 0x0, 0x26, 0x0,
    0xff, 0xe4, 0x28, 0x1, 0x0, 0x26, 0x0, 0xf0,
    0xa0, 0x49, 0x1, 0x40, 0x7, 0xd2, 0x5, 0xbf,
    0xa4, 0x1, 0xf1, 0x6a, 0x80, 0xe, 0x40, 0x3c,

    /* U+0110 "Đ" */
    0xb, 0xff, 0xed, 0x80, 0xf, 0xf1, 0x3e, 0x88,
    0x6, 0x7f, 0xf7, 0x50, 0x95, 0x0, 0x6f, 0x0,
    0xa, 0xd0, 0x21, 0x80, 0x7e, 0x42, 0xb, 0x0,
    0xfe, 0x40, 0x3d, 0x40, 0x8f, 0xf2, 0x0, 0x4,
    0x1d, 0x4, 0x9, 0x10, 0xc0, 0x1, 0x7, 0x95,
    0xa, 0xbb, 0x10, 0x1, 0x0, 0xc0, 0x3f, 0x21,
    0x5, 0x80, 0x5e, 0x0, 0x15, 0xa0, 0x43, 0x0,
    0x9f, 0xfd, 0xd4, 0x25, 0x40, 0x1f, 0x89, 0xf4,
    0x40,

    /* U+0111 "đ" */
    0x0, 0xf4, 0x67, 0xfa, 0xc0, 0x3c, 0xa6, 0x0,
    0x40, 0xf, 0x6d, 0x1, 0x78, 0x0, 0xab, 0xbf,
    0x7c, 0x3, 0x16, 0x28, 0x81, 0x28, 0x6, 0x91,
    0x2d, 0xfd, 0x20, 0x8, 0x50, 0x24, 0x80, 0xa0,
    0x2, 0x50, 0x2, 0x0, 0x4c, 0x1, 0xff, 0xc2,
    0x50, 0x2, 0x0, 0x4c, 0x1, 0xa, 0x4, 0x90,
    0x14, 0x0, 0x69, 0x2, 0xdf, 0xd2, 0x0, 0xc5,
    0xaa, 0x0, 0x39, 0x0, 0x80,

    /* U+0112 "Ē" */
    0x0, 0x4d, 0xdd, 0x40, 0x19, 0xd1, 0x30, 0x6,
    0xef, 0xfb, 0x80, 0x3f, 0xeb, 0xff, 0xfa, 0x80,
    0x3f, 0xe8, 0xff, 0xea, 0x0, 0x8, 0x7, 0xff,
    0x16, 0x7f, 0xf4, 0x0, 0x7f, 0xf0, 0x23, 0xff,
    0x40, 0x4, 0x20, 0x1f, 0xfc, 0x51, 0x0, 0xfd,
    0x1f, 0xfd, 0x40, 0x1f, 0xc0,

    /* U+0113 "ē" */
    0x0, 0xab, 0xff, 0x10, 0x7, 0x6a, 0xae, 0x30,
    0xe, 0x7a, 0xac, 0x20, 0x1f, 0xfc, 0x31, 0x9e,
    0xfe, 0x91, 0x0, 0x87, 0xd8, 0x46, 0x6f, 0x10,
    0x5, 0x9, 0x6f, 0x71, 0x6, 0x0, 0x50, 0x24,
    0x80, 0x60, 0x1c, 0x8, 0x1, 0x7f, 0xf6, 0x0,
    0x89, 0xc0, 0xa, 0xbc, 0x6a, 0x2a, 0x0, 0xea,
    0xaa, 0xfa, 0x80, 0x50, 0x24, 0xc0, 0xf7, 0x56,
    0x0, 0xa1, 0x2c, 0xfc, 0x30, 0x80, 0x0, 0xfb,
    0x88, 0xa, 0xe9, 0x80,

    /* U+0116 "Ė" */
    0x0, 0x88, 0xc4, 0x3, 0xd1, 0x92, 0x1, 0xff,
    0xc3, 0xaf, 0x80, 0xf, 0xfe, 0x5, 0xff, 0xfd,
    0x40, 0x1f, 0xf4, 0x7f, 0xf5, 0x0, 0x4, 0x3,
    0xff, 0x8b, 0x3f, 0xfa, 0x0, 0x3f, 0xf8, 0x11,
    0xff, 0xa0, 0x2, 0x10, 0xf, 0xfe, 0x28, 0x80,
    0x7e, 0x8f, 0xfe, 0xa0, 0xf, 0xe0,

    /* U+0117 "ė" */
    0x0, 0xc2, 0x64, 0x1, 0xfa, 0x72, 0x0, 0x3f,
    0xf8, 0xf1, 0xf4, 0x1, 0xff, 0xc5, 0x19, 0xef,
    0xe9, 0x10, 0x8, 0x7d, 0x84, 0x66, 0xf1, 0x0,
    0x50, 0x96, 0xf7, 0x10, 0x60, 0x5, 0x2, 0x48,
    0x6, 0x1, 0xc0, 0x80, 0x17, 0xff, 0x60, 0x8,
    0x9c, 0x0, 0xab, 0xc6, 0xa2, 0xa0, 0xe, 0xaa,
    0xaf, 0xa8, 0x5, 0x2, 0x4c, 0xf, 0x75, 0x60,
    0xa, 0x12, 0xcf, 0xc3, 0x8, 0x0, 0xf, 0xb8,
    0x80, 0xae, 0x98, 0x0,

    /* U+0118 "Ę" */
    0xbf, 0xff, 0xa8, 0x3, 0xfe, 0x8f, 0xfe, 0xa0,
    0x0, 0x80, 0x7e, 0x10, 0xf, 0xd1, 0xff, 0xa0,
    0x3, 0xff, 0x81, 0x3f, 0xfa, 0x0, 0x3f, 0xf9,
    0x22, 0x1, 0xfa, 0x3f, 0xfa, 0x80, 0x3f, 0xaf,
    0xff, 0x50, 0x25, 0x80, 0x75, 0x9d, 0x88, 0x7,
    0x9, 0x59, 0x0, 0x74, 0x8b, 0x8,

    /* U+0119 "ę" */
    0x0, 0xc, 0xf7, 0xf4, 0x88, 0x4, 0x3e, 0xc2,
    0x33, 0x78, 0x80, 0x28, 0x4b, 0x7b, 0x88, 0x30,
    0x2, 0x81, 0x24, 0x3, 0x0, 0xe0, 0x40, 0xb,
    0xff, 0xb0, 0x4, 0x4e, 0x0, 0x55, 0xe3, 0x51,
    0x50, 0x7, 0x55, 0x57, 0xd4, 0x2, 0x81, 0x26,
    0x7, 0xba, 0xb0, 0x5, 0x9, 0x67, 0xe1, 0x87,
    0x80, 0x7, 0xdc, 0x40, 0x26, 0x40, 0x8, 0x63,
    0xbd, 0x2, 0x0, 0x3e, 0x14, 0x61, 0x0, 0xfe,
    0x4a, 0x10, 0xf, 0xc, 0x12, 0x10, 0x7, 0xcf,
    0xfc, 0x60,

    /* U+011A "Ě" */
    0x6, 0xfa, 0xa, 0xf6, 0x0, 0x34, 0xae, 0xac,
    0xb0, 0x4, 0xd4, 0xb4, 0xc0, 0x1c, 0xb0, 0xa0,
    0x15, 0xff, 0xfd, 0x40, 0x1f, 0xf4, 0x7f, 0xf5,
    0x0, 0x4, 0x3, 0xff, 0x8b, 0x3f, 0xfa, 0x0,
    0x3f, 0xf8, 0x11, 0xff, 0xa0, 0x2, 0x10, 0xf,
    0xfe, 0x28, 0x80, 0x7e, 0x8f, 0xfe, 0xa0, 0xf,
    0xe0,

    /* U+011B "ě" */
    0x0, 0x2f, 0xd0, 0x4f, 0xb0, 0x6, 0x59, 0x5d,
    0x69, 0x60, 0xe, 0x6a, 0x5a, 0x60, 0xf, 0x96,
    0x14, 0x3, 0xc3, 0x3d, 0xfd, 0x22, 0x1, 0xf,
    0xb0, 0x8c, 0xde, 0x20, 0xa, 0x12, 0xde, 0xe2,
    0xc, 0x0, 0xa0, 0x49, 0x0, 0xc0, 0x38, 0x10,
    0x2, 0xff, 0xec, 0x1, 0x13, 0x80, 0x15, 0x78,
    0xd4, 0x54, 0x1, 0xd5, 0x55, 0xf5, 0x0, 0xa0,
    0x49, 0x81, 0xee, 0xac, 0x1, 0x42, 0x59, 0xf8,
    0x61, 0x0, 0x1, 0xf7, 0x10, 0x15, 0xd3, 0x0,

    /* U+011C "Ĝ" */
    0x0, 0xe4, 0x85, 0x0, 0xfe, 0x3b, 0x7a, 0x40,
    0xf, 0x87, 0x47, 0x4a, 0x88, 0x3, 0xc8, 0xd8,
    0x5e, 0xce, 0x1, 0xe5, 0x82, 0x2, 0x85, 0x0,
    0xf1, 0xd7, 0x7f, 0xb1, 0xc0, 0x39, 0xf1, 0x44,
    0x0, 0x71, 0x82, 0x0, 0x58, 0x5, 0xce, 0xd8,
    0x3, 0xb0, 0x5, 0x82, 0xd1, 0x89, 0x3d, 0x2,
    0x89, 0x88, 0x40, 0x7, 0x2d, 0xe8, 0xa8, 0x9,
    0x0, 0x79, 0x8, 0x4, 0xc, 0x3, 0xbf, 0xf5,
    0x8, 0x18, 0x7, 0x22, 0x4, 0xd, 0x40, 0x48,
    0x3, 0x5d, 0x80, 0x1c, 0x64, 0x10, 0x1, 0xca,
    0x20, 0xa1, 0x0, 0xb4, 0x60, 0x2f, 0x40, 0xc4,
    0xb, 0x0, 0xb9, 0xfd, 0x0, 0x92, 0x1, 0x3e,
    0x28, 0x80, 0x12, 0xac, 0x0,

    /* U+011D "ĝ" */
    0x0, 0xc9, 0xa, 0x1, 0xe2, 0xb7, 0xa5, 0x0,
    0xc3, 0x83, 0xa5, 0x44, 0x1, 0x2b, 0x69, 0x7b,
    0xb8, 0x2, 0x48, 0x30, 0x28, 0x50, 0x8, 0xab,
    0xbf, 0x5b, 0xf4, 0xb, 0x14, 0x40, 0xa4, 0x2,
    0x91, 0x2d, 0xfd, 0x20, 0x0, 0xa0, 0x49, 0x1,
    0x40, 0x1, 0x40, 0x8, 0x1, 0x30, 0x7, 0xff,
    0x1, 0x40, 0x8, 0x1, 0x30, 0x0, 0x50, 0x24,
    0x80, 0xa0, 0x2, 0x90, 0x2d, 0xfd, 0x20, 0x8,
    0xb5, 0x40, 0x6, 0xa0, 0x18, 0xab, 0xfd, 0x98,
    0x1, 0x1, 0x8c, 0x31, 0x48, 0x5, 0x3, 0x63,
    0xce, 0xb1, 0xb, 0x2, 0xf6, 0x10, 0x15, 0xd2,

    /* U+011E "Ğ" */
    0x0, 0xdf, 0x81, 0x1e, 0xa0, 0x1f, 0x31, 0xfb,
    0x92, 0x80, 0x7d, 0x32, 0x57, 0xc0, 0xf, 0xe6,
    0xa8, 0x10, 0xf, 0x8e, 0xbb, 0xfd, 0x8e, 0x1,
    0xcf, 0x8a, 0x20, 0x3, 0x8c, 0x10, 0x2, 0xc0,
    0x2e, 0x76, 0xc0, 0x1d, 0x80, 0x2c, 0x16, 0x8c,
    0x49, 0xe8, 0x14, 0x4c, 0x42, 0x0, 0x39, 0x6f,
    0x45, 0x40, 0x48, 0x3, 0xc8, 0x40, 0x20, 0x60,
    0x1d, 0xff, 0xa8, 0x40, 0xc0, 0x39, 0x10, 0x20,
    0x6a, 0x2, 0x40, 0x1a, 0xec, 0x0, 0xe3, 0x20,
    0x80, 0xe, 0x51, 0x5, 0x8, 0x5, 0xa3, 0x1,
    0x7a, 0x6, 0x20, 0x58, 0x5, 0xcf, 0xe8, 0x4,
    0x90, 0x9, 0xf1, 0x44, 0x0, 0x95, 0x60, 0x0,

    /* U+011F "ğ" */
    0x0, 0xa7, 0xd0, 0xbe, 0xc0, 0x35, 0x85, 0xe8,
    0x70, 0x6, 0x2c, 0x65, 0xb5, 0x0, 0xe3, 0x9a,
    0x40, 0xc, 0x55, 0xdf, 0xad, 0xfa, 0x5, 0x8a,
    0x20, 0x52, 0x1, 0x48, 0x96, 0xfe, 0x90, 0x0,
    0x50, 0x24, 0x80, 0xa0, 0x0, 0xa0, 0x4, 0x0,
    0x98, 0x3, 0xff, 0x80, 0xa0, 0x4, 0x0, 0x98,
    0x0, 0x28, 0x12, 0x40, 0x50, 0x1, 0x48, 0x16,
    0xfe, 0x90, 0x4, 0x5a, 0xa0, 0x3, 0x50, 0xc,
    0x55, 0xfe, 0xcc, 0x0, 0x80, 0xc6, 0x18, 0xa4,
    0x2, 0x81, 0xb1, 0xe7, 0x58, 0x85, 0x81, 0x7b,
    0x8, 0xa, 0xe9, 0x0,

    /* U+0120 "Ġ" */
    0x0, 0xe1, 0x33, 0x0, 0x7f, 0x97, 0x34, 0x3,
    0xff, 0x96, 0x9f, 0xc0, 0x1f, 0xfc, 0x93, 0xae,
    0xff, 0x63, 0x80, 0x73, 0xe2, 0x88, 0x0, 0xe3,
    0x4, 0x0, 0xb0, 0xb, 0x9d, 0xb0, 0x7, 0x60,
    0xb, 0x5, 0xa3, 0x12, 0x7a, 0x5, 0x13, 0x10,
    0x80, 0xe, 0x5b, 0xd1, 0x50, 0x12, 0x0, 0xf2,
    0x10, 0x8, 0x18, 0x7, 0x7f, 0xea, 0x10, 0x30,
    0xe, 0x44, 0x8, 0x1a, 0x80, 0x90, 0x6, 0xbb,
    0x0, 0x38, 0xc8, 0x20, 0x3, 0x94, 0x41, 0x42,
    0x1, 0x68, 0xc0, 0x5e, 0x81, 0x88, 0x16, 0x1,
    0x73, 0xfa, 0x1, 0x24, 0x2, 0x7c, 0x51, 0x0,
    0x25, 0x58, 0x0,

    /* U+0121 "ġ" */
    0x0, 0xe3, 0x30, 0x7, 0xc5, 0x98, 0x10, 0xf,
    0xfe, 0x21, 0x7f, 0x84, 0x3, 0xff, 0x84, 0x55,
    0xdf, 0xad, 0xfa, 0x5, 0x8a, 0x20, 0x52, 0x1,
    0x48, 0x96, 0xfe, 0x90, 0x0, 0x50, 0x24, 0x80,
    0xa0, 0x0, 0xa0, 0x4, 0x0, 0x98, 0x3, 0xff,
    0x80, 0xa0, 0x4, 0x0, 0x98, 0x0, 0x28, 0x12,
    0x40, 0x50, 0x1, 0x48, 0x16, 0xfe, 0x90, 0x4,
    0x5a, 0xa0, 0x3, 0x50, 0xc, 0x55, 0xfe, 0xcc,
    0x0, 0x80, 0xc6, 0x18, 0xa4, 0x2, 0x81, 0xb1,
    0xe7, 0x58, 0x85, 0x81, 0x7b, 0x8, 0xa, 0xe9,
    0x0,

    /* U+0122 "Ģ" */
    0x0, 0x8e, 0xbb, 0xfd, 0x8e, 0x1, 0xcf, 0x8a,
    0x20, 0x3, 0x8c, 0x10, 0x2, 0xc0, 0x2e, 0x76,
    0xc0, 0x1d, 0x80, 0x2c, 0x16, 0x8c, 0x49, 0xe8,
    0x14, 0x4c, 0x42, 0x0, 0x39, 0x6f, 0x45, 0x40,
    0x48, 0x3, 0xc8, 0x40, 0x20, 0x60, 0x1d, 0xff,
    0xa8, 0x40, 0xc0, 0x39, 0x10, 0x20, 0x6a, 0x2,
    0x40, 0x1a, 0xec, 0x0, 0xe3, 0x20, 0x80, 0xe,
    0x51, 0x5, 0x8, 0x5, 0xa3, 0x1, 0x7a, 0x6,
    0x20, 0x58, 0x5, 0xcf, 0xe8, 0x4, 0x90, 0x9,
    0xf1, 0x44, 0x0, 0x95, 0x60, 0x1c, 0x75, 0xdf,
    0xeb, 0x50, 0xf, 0xc5, 0xfe, 0x0, 0xff, 0xe5,
    0x95, 0x88, 0x7, 0xf8, 0xaa, 0xc0, 0x38,

    /* U+0123 "ģ" */
    0x0, 0xe2, 0x50, 0xf, 0x87, 0x30, 0x1, 0xf2,
    0x2c, 0x0, 0x7e, 0x4d, 0x0, 0xff, 0xe2, 0xaf,
    0xe0, 0x7, 0xff, 0xc, 0xab, 0xbf, 0x5b, 0xf4,
    0xb, 0x14, 0x40, 0xa4, 0x2, 0x91, 0x2d, 0xfd,
    0x20, 0x0, 0xa0, 0x49, 0x1, 0x40, 0x1, 0x40,
    0x8, 0x1, 0x30, 0x7, 0xff, 0x1, 0x40, 0x8,
    0x1, 0x30, 0x0, 0x50, 0x24, 0x80, 0xa0, 0x2,
    0x90, 0x2d, 0xfd, 0x20, 0x8, 0xb5, 0x40, 0x6,
    0xa0, 0x18, 0xab, 0xfd, 0x98, 0x1, 0x1, 0x8c,
    0x31, 0x48, 0x5, 0x3, 0x63, 0xce, 0xb1, 0xb,
    0x2, 0xf6, 0x10, 0x15, 0xd2,

    /* U+0124 "Ĥ" */
    0x0, 0x87, 0x7f, 0x4, 0x3, 0x87, 0xe, 0x8f,
    0x40, 0x39, 0x17, 0x17, 0x11, 0x0, 0x19, 0x60,
    0x80, 0xe1, 0x0, 0x17, 0xec, 0x1, 0xcf, 0xf6,
    0x1, 0xff, 0xe2, 0x9f, 0xfe, 0x80, 0xf, 0xfe,
    0x1c, 0x7f, 0xf4, 0x0, 0x61, 0x0, 0xff, 0xf4,
    0x0,

    /* U+0125 "ĥ" */
    0x0, 0x27, 0xfa, 0x40, 0x3f, 0x25, 0x9c, 0x34,
    0x80, 0x7c, 0x71, 0x8f, 0x42, 0x40, 0x1e, 0x77,
    0x0, 0x16, 0x8, 0x3, 0xf6, 0x79, 0x0, 0x7f,
    0xf6, 0x9a, 0x7b, 0xf5, 0x80, 0x3e, 0xb6, 0x10,
    0x29, 0x60, 0xf, 0xa7, 0xb0, 0x82, 0xc0, 0x3c,
    0xac, 0x27, 0x20, 0x42, 0x1, 0xc4, 0x1, 0x28,
    0x0, 0xc0, 0x3b, 0xc0, 0x21, 0x0, 0xff, 0xf5,
    0x80,

    /* U+0126 "Ħ" */
    0x9, 0xf9, 0x0, 0xe4, 0xfe, 0x0, 0xff, 0xe2,
    0x6b, 0x3, 0x7f, 0xf5, 0x80, 0xf9, 0x0, 0x7f,
    0xf0, 0xb5, 0x81, 0x7f, 0xfa, 0xc0, 0x7c, 0x80,
    0x25, 0xff, 0xeb, 0x0, 0xff, 0xe4, 0xb7, 0xff,
    0x58, 0x7, 0xff, 0xf8,

    /* U+0127 "ħ" */
    0xc, 0xf2, 0x0, 0xfa, 0xcc, 0x37, 0xc4, 0x3,
    0x8c, 0x41, 0x10, 0x20, 0x1d, 0x4, 0x1e, 0x5d,
    0xfa, 0xc0, 0x1d, 0x6c, 0x20, 0x52, 0xc0, 0x1d,
    0x3d, 0x84, 0x16, 0x1, 0x95, 0x84, 0xe4, 0x8,
    0x40, 0x22, 0x0, 0x94, 0x0, 0x60, 0x17, 0x80,
    0x42, 0x1, 0xff, 0xe3,

    /* U+0128 "Ĩ" */
    0x3e, 0xe3, 0x6, 0x55, 0x5, 0x27, 0x4c, 0xc2,
    0xb5, 0x8c, 0x97, 0x14, 0x7, 0x76, 0x20, 0x4,
    0xfc, 0x80, 0x7f, 0xff, 0xc0, 0x3f, 0xe0,

    /* U+0129 "ĩ" */
    0x3e, 0xe4, 0xe, 0x55, 0x2, 0x5f, 0x8c, 0xc2,
    0x8f, 0xa8, 0x77, 0x14, 0x5, 0x78, 0x40, 0x9,
    0xf9, 0x0, 0xff, 0xfa, 0x80,

    /* U+012A "Ī" */
    0x9b, 0xba, 0x9d, 0x13, 0x77, 0xfd, 0xc0, 0x1e,
    0x9f, 0x90, 0xf, 0xff, 0x88,

    /* U+012B "ī" */
    0x9a, 0xaa, 0x5d, 0x56, 0x7e, 0xff, 0xb8, 0x3,
    0xd3, 0xf2, 0x1, 0xff, 0xe2,

    /* U+012E "Į" */
    0x0, 0x4f, 0xc8, 0x7, 0xff, 0xb4, 0xc0, 0x26,
    0x54, 0x80, 0x83, 0xb1, 0x1, 0x2b, 0x20, 0x91,
    0x61,

    /* U+012F "į" */
    0x0, 0x4f, 0xc8, 0x0, 0x40, 0x34, 0x7c, 0x80,
    0x27, 0xe4, 0x3, 0xff, 0xbc, 0x60, 0x13, 0x2a,
    0x40, 0x49, 0xd8, 0x80, 0xa, 0xc8, 0x24, 0x58,
    0x40,

    /* U+0130 "İ" */
    0x23, 0x2b, 0xc8, 0x0, 0xa7, 0xe8, 0x2, 0x9f,
    0x90, 0xf, 0xfe, 0xc0,

    /* U+0131 "ı" */
    0x9f, 0x90, 0xf, 0xfe, 0x78,

    /* U+0134 "Ĵ" */
    0x0, 0xe5, 0x84, 0x0, 0xf2, 0x53, 0xd9, 0x80,
    0x62, 0xb2, 0xd1, 0xd1, 0x0, 0x9d, 0xde, 0x5a,
    0xca, 0x1, 0x2c, 0x10, 0x1c, 0x20, 0x7, 0x57,
    0xc8, 0x7, 0xff, 0xfc, 0x3, 0xf1, 0x88, 0x6,
    0x10, 0x6, 0x62, 0xc4, 0xd0, 0x3c, 0x1, 0x20,
    0xbd, 0x82, 0x26, 0x0, 0x2d, 0x98, 0x1, 0x70,
    0x40, 0x0,

    /* U+0135 "ĵ" */
    0x0, 0x14, 0x38, 0x6, 0x1f, 0x78, 0x80, 0x5,
    0x45, 0x6a, 0xea, 0x4, 0x74, 0x95, 0x4, 0x5,
    0xa, 0x0, 0x77, 0x0, 0x49, 0xfc, 0x1, 0xff,
    0xff, 0x0, 0xff, 0x68, 0x7, 0x1f, 0xb0, 0x28,
    0x7, 0x8e, 0x40, 0x20,

    /* U+0136 "Ķ" */
    0xbf, 0x60, 0xd, 0x9f, 0x80, 0x1f, 0x51, 0x96,
    0x80, 0x7a, 0x14, 0x7c, 0x40, 0x39, 0x9c, 0x34,
    0x80, 0x39, 0x24, 0x28, 0xc0, 0x3b, 0xec, 0x21,
    0x40, 0x3c, 0xc0, 0x2e, 0x1, 0xf3, 0x8, 0xac,
    0x3, 0xef, 0xd0, 0x49, 0x0, 0xf8, 0xec, 0x1a,
    0x0, 0x3e, 0x4a, 0x7, 0x60, 0xf, 0x96, 0x2,
    0x50, 0x3, 0xe7, 0x60, 0xb3, 0xbf, 0x60, 0xd,
    0x3f, 0xe3, 0x0, 0xc2, 0x20, 0xf, 0xec, 0xe4,
    0x0, 0xff, 0xe3, 0xc9, 0x28, 0x7, 0xe2, 0xf1,
    0x0, 0xc0,

    /* U+0137 "ķ" */
    0xbf, 0x70, 0xf, 0xfe, 0x7b, 0x80, 0x65, 0xff,
    0x28, 0x7, 0x15, 0x3, 0x28, 0x7, 0x70, 0x1c,
    0x80, 0x74, 0x98, 0x70, 0x7, 0x5b, 0x5, 0x10,
    0x7, 0xff, 0xe, 0xdc, 0x28, 0xc0, 0x3d, 0x8,
    0x1a, 0x20, 0x1e, 0xa1, 0x16, 0x80, 0x78, 0x74,
    0xe, 0x83, 0x3d, 0xc0, 0x7, 0xfe, 0xa0, 0xc,
    0x22, 0x0, 0xfd, 0x7c, 0xe0, 0x1f, 0xc2, 0x1,
    0xf4, 0x9a, 0x80, 0x7c, 0xde, 0x60, 0x18,

    /* U+0139 "Ĺ" */
    0x1, 0xf8, 0x0, 0xf4, 0x85, 0x0, 0x79, 0x90,
    0x80, 0x38, 0x6e, 0x40, 0x3c, 0x2a, 0x40, 0x1e,
    0x9f, 0x90, 0xf, 0xff, 0xf8, 0x7, 0xff, 0x2d,
    0xbf, 0xf9, 0x40, 0x3f, 0x80,

    /* U+013A "ĺ" */
    0x1, 0xf8, 0x9, 0xa, 0x6, 0x42, 0x1b, 0x90,
    0x15, 0x20, 0x9f, 0x90, 0xf, 0xff, 0x28,

    /* U+013B "Ļ" */
    0x9f, 0x90, 0xf, 0xff, 0xf8, 0x7, 0xff, 0x2d,
    0xbf, 0xf9, 0x40, 0x3f, 0xa7, 0xff, 0xe5, 0x0,
    0x84, 0x40, 0x1f, 0x5f, 0x38, 0x7, 0xe1, 0x0,
    0xf4, 0x9a, 0x80, 0x79, 0xbc, 0xc0, 0x20,

    /* U+013C "ļ" */
    0x9f, 0x90, 0xf, 0xfe, 0xc4, 0xfc, 0x80, 0x8a,
    0x3a, 0x0, 0x2a, 0x5f, 0x6e, 0x60,

    /* U+013D "Ľ" */
    0x9f, 0x90, 0x2f, 0xf0, 0x80, 0x7f, 0xf0, 0x8a,
    0xc0, 0x3f, 0x60, 0x88, 0x3, 0xc3, 0xa0, 0x1f,
    0x49, 0x80, 0x7f, 0xf9, 0x5b, 0xff, 0x94, 0x3,
    0xf8,

    /* U+013E "ľ" */
    0x9f, 0x90, 0xff, 0x20, 0x7, 0xfc, 0xe2, 0x1,
    0xd4, 0xc, 0x1, 0xa5, 0x88, 0x3, 0x5c, 0x0,
    0x7f, 0xf9, 0x80,

    /* U+0141 "Ł" */
    0x4, 0xfe, 0x0, 0xff, 0xee, 0xa4, 0x80, 0x78,
    0x6e, 0xca, 0x1, 0xf2, 0x5, 0x80, 0x49, 0x40,
    0x5, 0xe7, 0x0, 0x8c, 0x40, 0x68, 0x40, 0x31,
    0x30, 0x7, 0xe5, 0xd0, 0xf, 0xf8, 0x7f, 0xfa,
    0x80, 0x3f, 0xc0,

    /* U+0142 "ł" */
    0x0, 0x47, 0xd0, 0x7, 0xff, 0x28, 0x80, 0x33,
    0x5c, 0x0, 0x63, 0x40, 0x3, 0xb8, 0x0, 0xd6,
    0xf0, 0x0, 0x49, 0x1f, 0x24, 0x1, 0x0, 0x56,
    0x98, 0x6, 0x20, 0xf, 0xfe, 0x40,

    /* U+0143 "Ń" */
    0x0, 0xe1, 0xf9, 0x0, 0xfc, 0xc1, 0x60, 0x1f,
    0xa8, 0xc8, 0x3, 0xf4, 0x70, 0x7, 0xf2, 0x90,
    0x6, 0xbf, 0xc0, 0xe, 0x8f, 0xa0, 0x1, 0xb8,
    0x7, 0xfa, 0x8, 0x3, 0xfd, 0xc0, 0x1f, 0x98,
    0xd, 0x80, 0x3e, 0xe8, 0x9, 0x10, 0xf, 0x9c,
    0xc2, 0x80, 0x3f, 0x70, 0x23, 0x0, 0x7c, 0x50,
    0x12, 0x40, 0x1f, 0x39, 0x82, 0x80, 0x7e, 0xf0,
    0xf, 0xf1, 0xb8, 0x7, 0xfa, 0x8, 0x0,

    /* U+0144 "ń" */
    0x0, 0xe4, 0x40, 0x7, 0xc3, 0x7a, 0x1, 0xf3,
    0x5, 0x80, 0x7d, 0x46, 0x40, 0x1f, 0x6e, 0x0,
    0x6c, 0xf4, 0xae, 0xfd, 0x60, 0xd, 0x6a, 0x20,
    0x52, 0xc0, 0x1a, 0x7b, 0x8, 0x2c, 0x2, 0x56,
    0x13, 0x90, 0x21, 0x0, 0x10, 0x4, 0xa0, 0x3,
    0x0, 0x78, 0x4, 0x20, 0x1f, 0xfd, 0xf0,

    /* U+0145 "Ņ" */
    0xbf, 0xc0, 0xe, 0x8f, 0xa0, 0x1, 0xb8, 0x7,
    0xfa, 0x8, 0x3, 0xfd, 0xc0, 0x1f, 0x98, 0xd,
    0x80, 0x3e, 0xe8, 0x9, 0x10, 0xf, 0x9c, 0xc2,
    0x80, 0x3f, 0x70, 0x23, 0x0, 0x7c, 0x50, 0x12,
    0x40, 0x1f, 0x39, 0x82, 0x80, 0x7e, 0xf0, 0xf,
    0xf1, 0xb8, 0x7, 0xfa, 0x8, 0x1, 0x7e, 0xe0,
    0x1d, 0xbf, 0x40, 0x1c, 0x22, 0x0, 0xfc, 0xdd,
    0x40, 0x1f, 0xe1, 0x0, 0xfc, 0xed, 0xa0, 0x1f,
    0x8b, 0x1c, 0x3, 0x0,

    /* U+0146 "ņ" */
    0xcf, 0x4a, 0xef, 0xd6, 0x0, 0xd6, 0xa2, 0x5,
    0x2c, 0x1, 0xa7, 0xb0, 0x82, 0xc0, 0x25, 0x61,
    0x39, 0x2, 0x10, 0x1, 0x0, 0x4a, 0x0, 0x30,
    0x7, 0x80, 0x42, 0x1, 0xff, 0xdf, 0xcf, 0x70,
    0xd, 0xfe, 0x20, 0xc, 0x22, 0x0, 0xf9, 0x3b,
    0x0, 0x3f, 0x84, 0x3, 0xe5, 0x75, 0x0, 0xf8,
    0xf6, 0x40, 0x30,

    /* U+0147 "Ň" */
    0x0, 0x27, 0xd8, 0x47, 0xc0, 0x6, 0x4b, 0x4d,
    0x77, 0x40, 0x7, 0x25, 0xac, 0xc0, 0x7, 0xc9,
    0xc, 0x1, 0xaf, 0xf0, 0x3, 0xa3, 0xe8, 0x0,
    0x6e, 0x1, 0xfe, 0x82, 0x0, 0xff, 0x70, 0x7,
    0xe6, 0x3, 0x60, 0xf, 0xba, 0x2, 0x44, 0x3,
    0xe7, 0x30, 0xa0, 0xf, 0xdc, 0x8, 0xc0, 0x1f,
    0x14, 0x4, 0x90, 0x7, 0xce, 0x60, 0xa0, 0x1f,
    0xbc, 0x3, 0xfc, 0x6e, 0x1, 0xfe, 0x82, 0x0,
    0x0,

    /* U+0148 "ň" */
    0x5, 0xfa, 0x6, 0xf8, 0x0, 0x95, 0xd6, 0xa5,
    0x20, 0x3, 0x43, 0x21, 0xd8, 0x7, 0xa7, 0xb0,
    0x3, 0x67, 0xa5, 0x77, 0xeb, 0x0, 0x6b, 0x51,
    0x2, 0x96, 0x0, 0xd3, 0xd8, 0x41, 0x60, 0x12,
    0xb0, 0x9c, 0x81, 0x8, 0x0, 0x80, 0x25, 0x0,
    0x18, 0x3, 0xc0, 0x21, 0x0, 0xff, 0xef, 0x80,

    /* U+014A "Ŋ" */
    0xbf, 0xc0, 0xe, 0x8f, 0xa0, 0x1, 0xb8, 0x7,
    0xfa, 0x8, 0x3, 0xfd, 0xc0, 0x1f, 0x98, 0xd,
    0x80, 0x3e, 0xe8, 0x9, 0x10, 0xf, 0x9c, 0xc2,
    0x80, 0x3f, 0x70, 0x23, 0x0, 0x7c, 0x50, 0x12,
    0x40, 0x1f, 0x39, 0x82, 0x80, 0x7e, 0xe0, 0xf,
    0xf1, 0x40, 0x7, 0xf9, 0xcc, 0x1, 0x7e, 0xe0,
    0x1d, 0x20, 0x1f, 0xe6, 0x0, 0xfc, 0x39, 0xa0,
    0x40, 0x1f, 0x18, 0xa4, 0x80,

    /* U+014B "ŋ" */
    0xcf, 0x49, 0xef, 0xd6, 0x0, 0xd6, 0xc2, 0x5,
    0x2c, 0x1, 0xa7, 0xb0, 0x82, 0xc0, 0x25, 0x61,
    0x39, 0x2, 0x10, 0x1, 0x0, 0x4a, 0x0, 0x30,
    0x7, 0x80, 0x42, 0x1, 0xff, 0xdf, 0xcf, 0x70,
    0xf, 0xfe, 0x52, 0xd8, 0x0, 0xc0, 0x3b, 0xd0,
    0x1c, 0x40, 0x3a, 0xb7, 0xa0, 0x0,

    /* U+014C "Ō" */
    0x0, 0xd5, 0xff, 0x88, 0x3, 0xed, 0x44, 0xc6,
    0x1, 0xf3, 0xdd, 0xe1, 0x0, 0xff, 0xe3, 0x9d,
    0x77, 0xfb, 0x1c, 0x3, 0x9f, 0x14, 0x40, 0x7,
    0x1a, 0x20, 0x5, 0x80, 0x5c, 0xee, 0x48, 0x96,
    0x0, 0x20, 0x16, 0x8c, 0x44, 0xda, 0x4, 0xc6,
    0x41, 0x0, 0x1c, 0x6a, 0x1a, 0xa0, 0x24, 0x1,
    0xec, 0x5, 0x10, 0x30, 0xf, 0x8c, 0x4, 0x40,
    0x60, 0x1f, 0x18, 0xa, 0x80, 0x90, 0x7, 0xb0,
    0x14, 0xc8, 0x20, 0x3, 0x8d, 0x43, 0x42, 0x1,
    0x68, 0xc0, 0x5b, 0x40, 0x98, 0x16, 0x1, 0x73,
    0xfa, 0x44, 0xb0, 0x2, 0x7c, 0x51, 0x0, 0x1c,
    0x68, 0x80,

    /* U+014D "ō" */
    0x0, 0xb7, 0xff, 0x0, 0x79, 0x57, 0x80, 0x3d,
    0x15, 0x58, 0x3, 0xff, 0x88, 0x33, 0xdf, 0xd4,
    0x40, 0x10, 0xfb, 0x8, 0xa, 0xe9, 0x80, 0x28,
    0x4b, 0x3f, 0x8, 0x38, 0x5, 0x2, 0x4c, 0xf,
    0xc0, 0x8d, 0x40, 0x8, 0x1, 0x10, 0x1, 0x40,
    0x3f, 0xe5, 0x0, 0x20, 0x4, 0x40, 0x5, 0x14,
    0xa, 0x40, 0x3f, 0x2, 0x30, 0xa1, 0x15, 0xfe,
    0x10, 0x70, 0x0, 0x7d, 0x84, 0x5, 0x74, 0xc0,

    /* U+0150 "Ő" */
    0x0, 0xee, 0xc0, 0x3f, 0x70, 0xf, 0x20, 0xc8,
    0x50, 0x30, 0x7, 0xbc, 0x54, 0x59, 0x44, 0x3,
    0xdd, 0xa0, 0xa, 0xb0, 0xf, 0x94, 0xc0, 0x54,
    0x40, 0x3c, 0x75, 0xdf, 0xec, 0x70, 0xe, 0x7c,
    0x51, 0x0, 0x1c, 0x68, 0x80, 0x16, 0x1, 0x73,
    0xb9, 0x22, 0x58, 0x0, 0x80, 0x5a, 0x31, 0x13,
    0x68, 0x13, 0x19, 0x4, 0x0, 0x71, 0xa8, 0x6a,
    0x80, 0x90, 0x7, 0xb0, 0x14, 0x40, 0xc0, 0x3e,
    0x30, 0x11, 0x1, 0x80, 0x7c, 0x60, 0x2a, 0x2,
    0x40, 0x1e, 0xc0, 0x53, 0x20, 0x80, 0xe, 0x35,
    0xd, 0x8, 0x5, 0xa3, 0x1, 0x6d, 0x2, 0x60,
    0x58, 0x5, 0xcf, 0xe9, 0x12, 0xc0, 0x9, 0xf1,
    0x44, 0x0, 0x71, 0xa2, 0x0,

    /* U+0151 "ő" */
    0x0, 0x87, 0xe0, 0x1b, 0xcc, 0x3, 0x48, 0x50,
    0x59, 0x18, 0x6, 0x64, 0x23, 0x2b, 0x0, 0xc3,
    0x72, 0x3, 0x4c, 0x1, 0x85, 0x48, 0x9, 0x40,
    0x38, 0x67, 0xbf, 0xa8, 0x80, 0x21, 0xf6, 0x10,
    0x15, 0xd3, 0x0, 0x50, 0x96, 0x7e, 0x10, 0x70,
    0xa, 0x4, 0x98, 0x1f, 0x81, 0x1a, 0x80, 0x10,
    0x2, 0x20, 0x2, 0x80, 0x7f, 0xca, 0x0, 0x40,
    0x8, 0x80, 0xa, 0x28, 0x14, 0x80, 0x7e, 0x4,
    0x61, 0x42, 0x2b, 0xfc, 0x20, 0xe0, 0x0, 0xfb,
    0x8, 0xa, 0xe9, 0x80,

    /* U+0152 "Œ" */
    0x0, 0x8e, 0xbb, 0xfd, 0x8e, 0x9f, 0xff, 0x88,
    0x0, 0xf8, 0xa2, 0x0, 0x38, 0xb0, 0xf, 0xf2,
    0xc0, 0x2e, 0x77, 0x24, 0x40, 0x2f, 0xff, 0x10,
    0x40, 0x2d, 0x18, 0x89, 0xb4, 0x3, 0xfc, 0x64,
    0x10, 0x1, 0xc6, 0xa0, 0x1f, 0xca, 0x2, 0x40,
    0x1e, 0xc0, 0x7, 0xff, 0x0, 0x4, 0xc, 0x3,
    0xe3, 0x0, 0xfe, 0x10, 0x30, 0xf, 0x8c, 0x1,
    0xff, 0xc0, 0x5, 0x1, 0x20, 0xf, 0x60, 0x7,
    0xf1, 0x90, 0x40, 0x7, 0x1a, 0x80, 0x7f, 0xa0,
    0x16, 0x8c, 0x5, 0xb4, 0x3, 0xfe, 0x58, 0x5,
    0xcf, 0xe9, 0x10, 0xb, 0xff, 0xc4, 0x0, 0x7c,
    0x51, 0x0, 0x1c, 0x58, 0x7, 0xf0,

    /* U+0153 "œ" */
    0x0, 0xc, 0xf7, 0xf5, 0x10, 0x36, 0x7f, 0xb1,
    0x0, 0x21, 0xf6, 0x11, 0x97, 0x6e, 0x4c, 0x0,
    0x76, 0xc0, 0xa, 0x13, 0xee, 0x90, 0x10, 0x2b,
    0xfd, 0x21, 0x22, 0x24, 0xf, 0x10, 0x19, 0x0,
    0x2a, 0x80, 0xc, 0x40, 0x8a, 0x0, 0x30, 0x8,
    0x80, 0xb, 0xff, 0x88, 0x8, 0x2, 0x10, 0xf,
    0x12, 0xae, 0x44, 0x12, 0x80, 0x10, 0x2, 0x30,
    0x3, 0xd5, 0x68, 0xb5, 0x14, 0xb, 0x40, 0x3e,
    0x0, 0x2b, 0x88, 0xa3, 0x3c, 0x82, 0x84, 0x57,
    0xf8, 0x40, 0x81, 0x1d, 0xc7, 0x6, 0x20, 0x1f,
    0x61, 0x1, 0x5d, 0xba, 0x30, 0x1, 0xd4, 0x80,

    /* U+0154 "Ŕ" */
    0x0, 0xee, 0xa0, 0xf, 0xcc, 0x3c, 0x1, 0xfa,
    0x89, 0x0, 0x3f, 0x4f, 0x0, 0x7f, 0x29, 0x80,
    0x75, 0xff, 0xfa, 0xcc, 0x3, 0xf9, 0x30, 0xc0,
    0x28, 0xff, 0xb4, 0x82, 0x0, 0x21, 0x0, 0x8a,
    0x1, 0x40, 0x3f, 0xf8, 0xc5, 0x20, 0xa0, 0x14,
    0xff, 0xda, 0x61, 0x0, 0x1f, 0x87, 0xc, 0x2,
    0x8f, 0xf5, 0x0, 0x88, 0x3, 0x8, 0x1, 0x48,
    0x2c, 0x3, 0xf5, 0x83, 0x8, 0x7, 0xcc, 0x20,
    0xc0, 0x1f, 0x98, 0x24, 0x0,

    /* U+0155 "ŕ" */
    0x0, 0x94, 0xc0, 0x25, 0xa6, 0x0, 0xa4, 0x54,
    0x0, 0x47, 0x20, 0x11, 0x7b, 0x80, 0x2f, 0xce,
    0xbe, 0xc0, 0x1a, 0xa0, 0x18, 0x63, 0xec, 0x0,
    0x8e, 0x1, 0xb0, 0x3, 0xff, 0xaa,

    /* U+0156 "Ŗ" */
    0xbf, 0xff, 0x59, 0x80, 0x7f, 0x26, 0x18, 0x5,
    0x1f, 0xf6, 0x90, 0x40, 0x4, 0x20, 0x11, 0x40,
    0x28, 0x7, 0xff, 0x18, 0xa4, 0x14, 0x2, 0x9f,
    0xfb, 0x4c, 0x20, 0x3, 0xf0, 0xe1, 0x80, 0x51,
    0xfe, 0xa0, 0x11, 0x0, 0x61, 0x0, 0x29, 0x5,
    0x80, 0x7e, 0xb0, 0x61, 0x0, 0xf9, 0x84, 0x18,
    0x3, 0xf3, 0x4, 0x85, 0xfb, 0x0, 0x68, 0xfe,
    0x0, 0xe1, 0x10, 0x7, 0xe2, 0xee, 0x0, 0x7f,
    0xf1, 0xca, 0x4c, 0x3, 0xf0, 0x86, 0x0, 0x70,

    /* U+0157 "ŗ" */
    0xbf, 0x3a, 0xfb, 0x0, 0x6a, 0x80, 0x61, 0x8f,
    0xb0, 0x2, 0x38, 0x6, 0xc0, 0xf, 0xfe, 0xad,
    0xfb, 0x80, 0x42, 0x20, 0xd, 0x5c, 0xc0, 0x1f,
    0xd0, 0x6a, 0x1, 0x37, 0x98, 0x4,

    /* U+0158 "Ř" */
    0x6, 0xfa, 0xa, 0xf6, 0x0, 0xcd, 0x2b, 0xab,
    0x2c, 0x1, 0xcd, 0x4b, 0x4c, 0x1, 0xf2, 0xc2,
    0x80, 0x75, 0xff, 0xfa, 0xcc, 0x3, 0xf9, 0x30,
    0xc0, 0x28, 0xff, 0xb4, 0x82, 0x0, 0x21, 0x0,
    0x8a, 0x1, 0x40, 0x3f, 0xf8, 0xc5, 0x20, 0xa0,
    0x14, 0xff, 0xda, 0x61, 0x0, 0x1f, 0x87, 0xc,
    0x2, 0x8f, 0xf5, 0x0, 0x88, 0x3, 0x8, 0x1,
    0x48, 0x2c, 0x3, 0xf5, 0x83, 0x8, 0x7, 0xcc,
    0x20, 0xc0, 0x1f, 0x98, 0x24, 0x0,

    /* U+0159 "ř" */
    0x1e, 0xe0, 0x97, 0xe8, 0x8b, 0x47, 0x7c, 0x3c,
    0x40, 0xe8, 0xca, 0xc8, 0x2, 0x5f, 0xf2, 0x0,
    0x57, 0xe7, 0x5f, 0x60, 0x1b, 0x54, 0x3, 0xc3,
    0x1f, 0x60, 0x19, 0x1c, 0x3, 0xd8, 0x1, 0xff,
    0xe0,

    /* U+015A "Ś" */
    0x0, 0xf4, 0xf8, 0x80, 0x7e, 0x16, 0x60, 0x80,
    0x7e, 0x60, 0xa0, 0xf, 0xe3, 0xa3, 0x0, 0xfe,
    0x45, 0x0, 0xf8, 0x67, 0x7f, 0xda, 0xe0, 0x18,
    0x7d, 0x88, 0x0, 0x51, 0x80, 0x14, 0x8, 0xab,
    0xb9, 0x0, 0x72, 0x0, 0x50, 0x65, 0x11, 0x3b,
    0x81, 0x40, 0xc, 0xa, 0x60, 0x14, 0x7e, 0x0,
    0x24, 0xb, 0x36, 0x50, 0x3, 0x8f, 0x58, 0x49,
    0xaf, 0xe4, 0x3, 0x14, 0xf6, 0x41, 0x83, 0x58,
    0x0, 0x50, 0x0, 0x6f, 0x92, 0x8, 0x27, 0xd6,
    0xa0, 0x19, 0x40, 0x23, 0x30, 0x53, 0x88, 0x27,
    0x1, 0x8, 0x70, 0x84, 0x77, 0xd9, 0x7, 0x0,
    0xb, 0xdc, 0x80, 0x4, 0xdc, 0x60,

    /* U+015B "ś" */
    0x0, 0xec, 0xd0, 0xf, 0x8c, 0xd4, 0x1, 0xf5,
    0x3, 0x0, 0x7d, 0xb6, 0x20, 0x1f, 0x22, 0x0,
    0x3c, 0xfb, 0xfe, 0xc5, 0x0, 0xa2, 0x4, 0x20,
    0x74, 0xc0, 0x6, 0x9, 0xef, 0x60, 0xa0, 0x1,
    0x86, 0x10, 0x4f, 0x60, 0x2, 0x41, 0x77, 0xa4,
    0x80, 0x24, 0xf9, 0x51, 0x6c, 0x80, 0x1, 0x23,
    0x57, 0xc0, 0x38, 0x16, 0xdb, 0x80, 0x4, 0x2,
    0x26, 0x8, 0xfe, 0x90, 0x60, 0x4, 0xc8, 0xc0,
    0x4a, 0x24, 0x0,

    /* U+015C "Ŝ" */
    0x0, 0xe7, 0x81, 0x0, 0xfd, 0x50, 0xfa, 0x1,
    0xf3, 0xab, 0xc9, 0xc8, 0x7, 0x8, 0x44, 0x1a,
    0x44, 0x40, 0x18, 0x5d, 0xc0, 0x6, 0x81, 0x0,
    0xc3, 0x3b, 0xfe, 0xd7, 0x0, 0xc3, 0xec, 0x40,
    0x2, 0x8c, 0x0, 0xa0, 0x45, 0x5d, 0xc8, 0x3,
    0x90, 0x2, 0x83, 0x28, 0x89, 0xdc, 0xa, 0x0,
    0x60, 0x53, 0x0, 0xa3, 0xf0, 0x1, 0x20, 0x59,
    0xb2, 0x80, 0x1c, 0x7a, 0xc2, 0x4d, 0x7f, 0x20,
    0x18, 0xa7, 0xb2, 0xc, 0x1a, 0xc0, 0x2, 0x80,
    0x3, 0x7c, 0x90, 0x41, 0x3e, 0xb5, 0x0, 0xca,
    0x1, 0x19, 0x82, 0x9c, 0x41, 0x38, 0x8, 0x43,
    0x84, 0x23, 0xbe, 0xc8, 0x38, 0x0, 0x5e, 0xe4,
    0x0, 0x26, 0xe3, 0x0,

    /* U+015D "ŝ" */
    0x0, 0x9b, 0xfc, 0xc0, 0x1c, 0xd2, 0xad, 0x2c,
    0x1, 0x86, 0x2a, 0x64, 0x22, 0x0, 0x9d, 0xc0,
    0x6, 0x71, 0x0, 0x9f, 0x7f, 0xd8, 0xa0, 0x14,
    0x40, 0x84, 0xe, 0x98, 0x0, 0xc1, 0x3d, 0xec,
    0x14, 0x0, 0x30, 0xc2, 0x9, 0xec, 0x0, 0x48,
    0x2e, 0xf4, 0x90, 0x4, 0x9f, 0x2a, 0x2d, 0x90,
    0x0, 0x24, 0x6a, 0xf8, 0x7, 0x2, 0xdb, 0x70,
    0x0, 0x80, 0x44, 0xc1, 0x1f, 0xd2, 0xc, 0x0,
    0x99, 0x18, 0x9, 0x44, 0x80,

    /* U+015E "Ş" */
    0x0, 0xc, 0xef, 0xfb, 0x5c, 0x3, 0xf, 0xb1,
    0x0, 0xa, 0x30, 0x2, 0x81, 0x15, 0x77, 0x20,
    0xe, 0x40, 0xa, 0xc, 0xa2, 0x27, 0x70, 0x28,
    0x1, 0x81, 0x4c, 0x2, 0x8f, 0xc0, 0x4, 0x81,
    0x66, 0xca, 0x0, 0x71, 0xeb, 0x9, 0x35, 0xfc,
    0x80, 0x62, 0x9e, 0xc8, 0x30, 0x6b, 0x0, 0xa,
    0x0, 0xd, 0xf2, 0x41, 0x4, 0xfa, 0xd4, 0x3,
    0x28, 0x4, 0x66, 0xa, 0x71, 0x4, 0xe0, 0x21,
    0xe, 0x10, 0x8e, 0xfb, 0x20, 0xe0, 0x1, 0x7b,
    0x90, 0x0, 0x9b, 0x8c, 0x2, 0x18, 0xd8, 0xf,
    0x91, 0x0, 0xf8, 0xcb, 0xc0, 0x3f, 0x8c, 0xc,
    0x3, 0xfa, 0x4e, 0xc0, 0x30,

    /* U+015F "ş" */
    0x0, 0x3e, 0xff, 0xb1, 0x40, 0x28, 0x81, 0x8,
    0x1d, 0x30, 0x1, 0x82, 0x7b, 0xd8, 0x28, 0x0,
    0x61, 0x84, 0x13, 0xd8, 0x0, 0x90, 0x5d, 0xe9,
    0x20, 0x9, 0x3e, 0x54, 0x5b, 0x20, 0x0, 0x48,
    0xd5, 0xf0, 0xe, 0x5, 0xb6, 0xe0, 0x1, 0x0,
    0x89, 0x82, 0x3f, 0xa4, 0x18, 0x1, 0x32, 0x30,
    0x12, 0x89, 0x0, 0x9b, 0xc, 0xda, 0xe0, 0x1e,
    0xb3, 0x70, 0xf, 0xf, 0x87, 0x80, 0x79, 0x5c,
    0xa4, 0x2,

    /* U+0160 "Š" */
    0x0, 0x9d, 0xc0, 0x5, 0x82, 0x0, 0xe1, 0x89,
    0x5a, 0x22, 0x0, 0x73, 0x35, 0x47, 0x40, 0x1f,
    0x4c, 0x3e, 0x80, 0x7f, 0x3c, 0x8, 0x7, 0x86,
    0x77, 0xfd, 0xae, 0x1, 0x87, 0xd8, 0x80, 0x5,
    0x18, 0x1, 0x40, 0x8a, 0xbb, 0x90, 0x7, 0x20,
    0x5, 0x6, 0x51, 0x13, 0xb8, 0x14, 0x0, 0xc0,
    0xa6, 0x1, 0x47, 0xe0, 0x2, 0x40, 0xb3, 0x65,
    0x0, 0x38, 0xf5, 0x84, 0x9a, 0xfe, 0x40, 0x31,
    0x4f, 0x64, 0x18, 0x35, 0x80, 0x5, 0x0, 0x6,
    0xf9, 0x20, 0x82, 0x7d, 0x6a, 0x1, 0x94, 0x2,
    0x33, 0x5, 0x38, 0x82, 0x70, 0x10, 0x87, 0x8,
    0x47, 0x7d, 0x90, 0x70, 0x0, 0xbd, 0xc8, 0x0,
    0x4d, 0xc6, 0x0,

    /* U+0161 "š" */
    0x1, 0xcf, 0x33, 0x7e, 0x8, 0x0, 0x74, 0xb7,
    0x45, 0xa2, 0x1, 0xe, 0x4c, 0xb0, 0x40, 0x38,
    0x5d, 0xc2, 0x1, 0xcf, 0xbf, 0xec, 0x50, 0xa,
    0x20, 0x42, 0x7, 0x4c, 0x0, 0x60, 0x9e, 0xf6,
    0xa, 0x0, 0x18, 0x61, 0x4, 0xf6, 0x0, 0x24,
    0x17, 0x7a, 0x48, 0x2, 0x4f, 0x95, 0x16, 0xc8,
    0x0, 0x12, 0x35, 0x7c, 0x3, 0x81, 0x6d, 0xb8,
    0x0, 0x40, 0x22, 0x60, 0x8f, 0xe9, 0x6, 0x0,
    0x4c, 0x8c, 0x4, 0xa2, 0x40,

    /* U+0162 "Ţ" */
    0xdf, 0xff, 0xeb, 0x0, 0xff, 0xb7, 0xfe, 0x50,
    0x6f, 0xfa, 0xc0, 0x3c, 0x20, 0x1f, 0xff, 0xf0,
    0xf, 0xfe, 0xa6, 0x84, 0x0, 0x7e, 0x21, 0xb0,
    0xf, 0xc4, 0x6c, 0x1, 0xf0, 0xc9, 0xc0, 0x6,

    /* U+0163 "ţ" */
    0x1, 0xff, 0x8, 0x7, 0xff, 0x13, 0x78, 0x1,
    0xdf, 0xe4, 0x40, 0x1, 0x10, 0xb3, 0x40, 0xa,
    0xba, 0x0, 0xff, 0xe5, 0x8, 0x7, 0xf3, 0x80,
    0x64, 0x9, 0xee, 0x0, 0x29, 0x0, 0x4c, 0x0,
    0x3c, 0x1b, 0xa0, 0x9, 0x8b, 0xc0, 0x32, 0x89,
    0x0, 0x6b, 0x39, 0x0,

    /* U+0164 "Ť" */
    0x0, 0x3f, 0xc8, 0x5f, 0xa8, 0x6, 0x78, 0x6d,
    0x4a, 0x50, 0xe, 0x7a, 0x5b, 0x50, 0xf, 0x96,
    0x10, 0x3, 0x6f, 0xff, 0xf5, 0x80, 0x7f, 0xdb,
    0xff, 0x28, 0x37, 0xfd, 0x60, 0x1e, 0x10, 0xf,
    0xff, 0xf8, 0x7, 0xff, 0x40,

    /* U+0165 "ť" */
    0x0, 0xf2, 0x28, 0x80, 0x7a, 0xa8, 0x80, 0x1f,
    0xf2, 0xa8, 0x1, 0xc6, 0x20, 0x35, 0x41, 0xb,
    0x14, 0x0, 0xf4, 0xe8, 0x6f, 0x0, 0x3b, 0xf4,
    0x0, 0x88, 0x0, 0x22, 0x14, 0x1, 0x34, 0x0,
    0xab, 0xa0, 0xf, 0xfe, 0x90, 0x80, 0x7f, 0xce,
    0x1, 0xe3, 0x9, 0xfe, 0x0, 0xda, 0x80, 0x3,
    0x0, 0x0,

    /* U+0166 "Ŧ" */
    0xdf, 0xff, 0xeb, 0x0, 0xff, 0xb7, 0xfe, 0x50,
    0x6f, 0xfa, 0xc0, 0x3c, 0x20, 0x1f, 0xfc, 0x42,
    0x28, 0x40, 0x8a, 0x10, 0x7, 0x6e, 0x90, 0x17,
    0x75, 0x40, 0x1f, 0xfc, 0x1c, 0xff, 0x28, 0x3f,
    0xfa, 0xc0, 0x3f, 0xfc, 0x20,

    /* U+0167 "ŧ" */
    0x0, 0x44, 0x0, 0x38, 0x5d, 0xc2, 0x1, 0xff,
    0x6f, 0x0, 0x3b, 0xfc, 0x8, 0x80, 0x2, 0x21,
    0x42, 0x68, 0x1, 0x57, 0x40, 0x1f, 0xdb, 0xc0,
    0xe, 0xff, 0x22, 0x40, 0x4, 0x49, 0xa6, 0xc0,
    0x15, 0x76, 0x20, 0xc, 0x80, 0x1c, 0x61, 0x5d,
    0xc0, 0xb, 0x50, 0x4, 0xc0,

    /* U+0168 "Ũ" */
    0x0, 0xd, 0xe2, 0x84, 0x48, 0x6, 0x64, 0x1a,
    0xb6, 0x20, 0xe, 0x1d, 0xa6, 0x1e, 0x0, 0xcf,
    0xc0, 0xbb, 0xea, 0x1, 0xff, 0xc1, 0xbf, 0x70,
    0xe, 0x8f, 0xb0, 0xf, 0xff, 0xf8, 0x6, 0xf0,
    0xe, 0x10, 0x13, 0x5, 0x0, 0xe7, 0x2, 0xa0,
    0x2b, 0x31, 0x3c, 0x10, 0xa2, 0x90, 0x4c, 0xec,
    0x30, 0x92, 0x6, 0xc5, 0x10, 0x15, 0xc6, 0x0,

    /* U+0169 "ũ" */
    0x1, 0xdf, 0xa2, 0x9d, 0x0, 0x39, 0x42, 0x6b,
    0x8, 0x0, 0xc9, 0xfd, 0x4e, 0x0, 0xb, 0xa0,
    0x35, 0x88, 0x1d, 0xe8, 0x1, 0x17, 0xf8, 0x3,
    0xff, 0xb4, 0x20, 0x13, 0x0, 0xc, 0x34, 0x2,
    0x20, 0x2, 0x3, 0xa8, 0xa4, 0x0, 0x2c, 0x1,
    0x5d, 0x62, 0x0, 0x2c, 0x30, 0x2, 0x60, 0x80,

    /* U+016A "Ū" */
    0x0, 0xbb, 0xfe, 0xe0, 0xf, 0x22, 0x67, 0x0,
    0xf5, 0x5d, 0xd2, 0x1, 0xff, 0xc2, 0xbf, 0x70,
    0xe, 0x8f, 0xb0, 0xf, 0xff, 0xf8, 0x6, 0xf0,
    0xe, 0x10, 0x13, 0x5, 0x0, 0xe7, 0x2, 0xa0,
    0x2b, 0x31, 0x3c, 0x10, 0xa2, 0x90, 0x4c, 0xec,
    0x30, 0x92, 0x6, 0xc5, 0x10, 0x15, 0xc6, 0x0,

    /* U+016B "ū" */
    0x0, 0x6f, 0xfe, 0x0, 0xc8, 0xab, 0x80, 0x34,
    0xd5, 0x60, 0xf, 0xfb, 0xbd, 0x0, 0x22, 0xff,
    0x0, 0x7f, 0xf6, 0x84, 0x2, 0x60, 0x1, 0x86,
    0x80, 0x44, 0x0, 0x40, 0x75, 0x14, 0x80, 0x5,
    0x80, 0x2b, 0xac, 0x40, 0x5, 0x86, 0x0, 0x4c,
    0x10,

    /* U+016C "Ŭ" */
    0x0, 0x1f, 0xd0, 0x57, 0x90, 0x6, 0x33, 0x2f,
    0xaa, 0x10, 0x7, 0x63, 0xa4, 0x58, 0x7, 0xd1,
    0x6e, 0x1, 0xaf, 0xdc, 0x3, 0xa3, 0xec, 0x3,
    0xff, 0xfe, 0x1, 0xbc, 0x3, 0x84, 0x4, 0xc1,
    0x40, 0x39, 0xc0, 0xa8, 0xa, 0xcc, 0x4f, 0x4,
    0x28, 0xa4, 0x13, 0x3b, 0xc, 0x24, 0x81, 0xb1,
    0x44, 0x5, 0x71, 0x80,

    /* U+016D "ŭ" */
    0x2, 0xf9, 0x8, 0xf3, 0x0, 0x11, 0xb6, 0x39,
    0x18, 0x5, 0xa6, 0x77, 0x80, 0x61, 0xcf, 0xc2,
    0x0, 0x77, 0xa0, 0x4, 0x5f, 0xe0, 0xf, 0xfe,
    0xd0, 0x80, 0x4c, 0x0, 0x30, 0xd0, 0x8, 0x80,
    0x8, 0xe, 0xa2, 0x90, 0x0, 0xb0, 0x5, 0x75,
    0x88, 0x0, 0xb0, 0xc0, 0x9, 0x82, 0x0,

    /* U+016E "Ů" */
    0x0, 0xff, 0xe1, 0x16, 0x7e, 0x90, 0x7, 0xa0,
    0x6c, 0x64, 0x3, 0xc2, 0xca, 0xce, 0x1, 0xe8,
    0x5e, 0x58, 0x0, 0xf1, 0xf6, 0x72, 0x0, 0x7e,
    0x31, 0x0, 0xd7, 0xee, 0x1, 0xd1, 0xf6, 0x1,
    0xff, 0xff, 0x0, 0xde, 0x1, 0xc2, 0x2, 0x60,
    0xa0, 0x1c, 0xe0, 0x54, 0x5, 0x66, 0x27, 0x82,
    0x14, 0x52, 0x9, 0x9d, 0x86, 0x12, 0x40, 0xd8,
    0xa2, 0x2, 0xb8, 0xc0,

    /* U+016F "ů" */
    0x0, 0xff, 0xe0, 0x5f, 0xe0, 0x80, 0x68, 0x5a,
    0x1b, 0x0, 0xc8, 0xeb, 0x4e, 0x1, 0x99, 0xa,
    0xd8, 0x3, 0x41, 0xe9, 0x40, 0x6, 0x2e, 0xcf,
    0x30, 0x7, 0x7a, 0x1, 0x89, 0x7f, 0x80, 0x3f,
    0xfb, 0x42, 0x1, 0x30, 0x0, 0xc3, 0x40, 0x22,
    0x0, 0x20, 0x3a, 0x8a, 0x40, 0x2, 0xc0, 0x15,
    0xd6, 0x20, 0x2, 0xc3, 0x0, 0x26, 0x8, 0x0,

    /* U+0170 "Ű" */
    0x0, 0x8f, 0xd8, 0x23, 0xc8, 0x3, 0x48, 0x30,
    0x32, 0x10, 0x4, 0x2a, 0xc0, 0xa3, 0xe0, 0x1d,
    0x50, 0xd, 0x48, 0x1, 0x85, 0x44, 0xd, 0x40,
    0x2b, 0xf7, 0x0, 0xe8, 0xfb, 0x0, 0xff, 0xff,
    0x80, 0x6f, 0x0, 0xe1, 0x1, 0x30, 0x50, 0xe,
    0x70, 0x2a, 0x2, 0xb3, 0x13, 0xc1, 0xa, 0x29,
    0x4, 0xce, 0xc3, 0x9, 0x20, 0x6c, 0x51, 0x1,
    0x5c, 0x60,

    /* U+0171 "ű" */
    0x0, 0xf, 0xc8, 0x2f, 0xa0, 0x1, 0x82, 0xc2,
    0x49, 0x0, 0x12, 0x84, 0x66, 0xa0, 0x0, 0xdc,
    0x80, 0xd3, 0x80, 0x5, 0x48, 0x9, 0x40, 0x1d,
    0xe8, 0x1, 0x17, 0xf8, 0x3, 0xff, 0xb4, 0x20,
    0x13, 0x0, 0xc, 0x34, 0x2, 0x20, 0x2, 0x3,
    0xa8, 0xa4, 0x0, 0x2c, 0x1, 0x5d, 0x62, 0x0,
    0x2c, 0x30, 0x2, 0x60, 0x80,

    /* U+0172 "Ų" */
    0xbf, 0x70, 0xe, 0x8f, 0xb0, 0xf, 0xff, 0xf8,
    0x6, 0xf0, 0xe, 0x10, 0x13, 0x5, 0x0, 0xe7,
    0x2, 0xa0, 0x2b, 0x31, 0x3c, 0x10, 0xa2, 0x90,
    0x4c, 0xec, 0x30, 0x92, 0x6, 0xc5, 0x10, 0x1,
    0x63, 0x0, 0x47, 0x5c, 0x22, 0xc3, 0x0, 0xf1,
    0xb, 0x80, 0x7e, 0x21, 0x6e, 0x40, 0xf, 0xb1,
    0xa5, 0x0, 0x0,

    /* U+0173 "ų" */
    0xef, 0x40, 0x8, 0xbf, 0xc0, 0x1f, 0xfd, 0xa1,
    0x0, 0x98, 0x0, 0x61, 0xa0, 0x11, 0x0, 0x10,
    0x1d, 0x45, 0x20, 0x1, 0x60, 0xa, 0xeb, 0x10,
    0x1, 0x61, 0x80, 0x12, 0x0, 0x23, 0xcf, 0xf4,
    0xc0, 0xd8, 0x7, 0x58, 0x6a, 0x0, 0x7d, 0x2e,
    0x1, 0xd6, 0x4b, 0xe0,

    /* U+0174 "Ŵ" */
    0x0, 0xfa, 0xbf, 0xc6, 0x1, 0xff, 0xc1, 0x95,
    0x93, 0xc3, 0x0, 0xff, 0x8c, 0x69, 0xb6, 0x14,
    0x3, 0xfe, 0x38, 0x50, 0x17, 0x60, 0xf, 0x57,
    0xc8, 0x6, 0x7f, 0xf0, 0x80, 0x43, 0xfe, 0x3f,
    0x7, 0x0, 0xd6, 0x0, 0x40, 0x9, 0x0, 0x4d,
    0x0, 0x48, 0x0, 0x26, 0x0, 0xc0, 0xb, 0x1,
    0x0, 0x4c, 0x14, 0x0, 0x80, 0x13, 0x80, 0x4e,
    0x1e, 0x0, 0xb0, 0xc0, 0x6, 0x3, 0x0, 0x90,
    0x10, 0x82, 0x0, 0x10, 0x10, 0x0, 0x81, 0xa8,
    0x8, 0x8, 0x6, 0x20, 0x3, 0x10, 0x42, 0x20,
    0x26, 0x86, 0x86, 0x85, 0x80, 0x67, 0xc, 0x40,
    0x40, 0x40, 0x40, 0x40, 0x50, 0xd, 0x80, 0xba,
    0x1a, 0x4, 0x40, 0x80, 0x12, 0x0, 0xca, 0x4,
    0x80, 0x80, 0x4, 0x7, 0x7, 0x0, 0xf2, 0x0,
    0x8, 0x80, 0xd, 0x0, 0xb4, 0x3, 0xd8, 0x0,
    0x40, 0x9, 0x0, 0x24, 0x0, 0xf2, 0x80, 0x34,
    0x3, 0x20, 0x20, 0x6,

    /* U+0175 "ŵ" */
    0x0, 0xe2, 0xff, 0x40, 0x7, 0xf8, 0x7c, 0x51,
    0xd4, 0x3, 0xfa, 0x8a, 0xac, 0xa8, 0xc0, 0x3f,
    0x5f, 0xa0, 0x6f, 0x98, 0x6, 0x7f, 0xa0, 0xb,
    0x7d, 0x0, 0x5, 0xfc, 0x8, 0x8, 0x0, 0x22,
    0x6, 0x80, 0x14, 0x10, 0xc, 0x44, 0x60, 0xa0,
    0x7, 0x0, 0x58, 0x78, 0x1, 0xc2, 0xc3, 0x0,
    0xc4, 0x84, 0xc1, 0x0, 0x1a, 0xa, 0x8, 0x72,
    0xa, 0xe0, 0x82, 0x0, 0x40, 0x27, 0xb, 0x50,
    0xbc, 0xc, 0x0, 0xc8, 0x10, 0xa, 0x8, 0x6a,
    0xa, 0x1, 0xb4, 0x0, 0x44, 0xd, 0x0, 0x11,
    0x0, 0x33, 0x80, 0x28, 0x0, 0xe0, 0x5, 0x0,
    0xe1, 0x20, 0x50, 0x0, 0xa0, 0x60, 0x4,

    /* U+0176 "Ŷ" */
    0x0, 0xc2, 0x62, 0x1, 0xf1, 0x7e, 0x78, 0x80,
    0x70, 0xf8, 0x50, 0xe0, 0x7, 0x3a, 0x6a, 0xda,
    0x28, 0x6, 0x69, 0x30, 0x49, 0x50, 0x5, 0xfe,
    0x80, 0x76, 0x7d, 0xc8, 0x13, 0x0, 0x4a, 0x61,
    0x24, 0xc1, 0x0, 0x15, 0x83, 0x10, 0x40, 0x8a,
    0x2, 0x4, 0x50, 0x0, 0x18, 0x7, 0x47, 0x8,
    0x10, 0x9, 0x88, 0x2c, 0x9, 0x80, 0x3a, 0x40,
    0x29, 0x0, 0xf2, 0x20, 0x11, 0x0, 0x1f, 0x10,
    0x10, 0x7, 0xff, 0x90,

    /* U+0177 "ŷ" */
    0x0, 0x93, 0xfd, 0x0, 0x1c, 0x76, 0x6c, 0xee,
    0x0, 0xd4, 0xbb, 0x2f, 0xa4, 0x1, 0x4d, 0x8,
    0x45, 0x10, 0x4f, 0xd0, 0x6, 0x5f, 0xca, 0x5,
    0x10, 0xb, 0x82, 0x8c, 0xc0, 0xe0, 0x1, 0x40,
    0x60, 0xa0, 0xa0, 0x3, 0x2, 0x80, 0x18, 0xc,
    0x82, 0x82, 0x40, 0x26, 0xa, 0x32, 0x21, 0x80,
    0x56, 0xd, 0x41, 0x40, 0x18, 0x8c, 0x58, 0x18,
    0x3, 0xa4, 0x0, 0x82, 0x1, 0xca, 0x0, 0xe0,
    0xf, 0x10, 0xa, 0x80, 0x7a, 0x81, 0x80, 0x3e,
    0x60, 0xa0, 0xf, 0x20, 0x99, 0x0, 0x60,

    /* U+0178 "Ÿ" */
    0x0, 0x2f, 0xd0, 0x57, 0xa8, 0x7, 0xe3, 0x0,
    0xf2, 0xfd, 0x4, 0xfa, 0x80, 0x2f, 0xf4, 0x3,
    0xb3, 0xee, 0x40, 0x98, 0x2, 0x53, 0x9, 0x26,
    0x8, 0x0, 0xac, 0x18, 0x82, 0x4, 0x50, 0x10,
    0x22, 0x80, 0x0, 0xc0, 0x3a, 0x38, 0x40, 0x80,
    0x4c, 0x41, 0x60, 0x4c, 0x1, 0xd2, 0x1, 0x48,
    0x7, 0x91, 0x0, 0x88, 0x0, 0xf8, 0x80, 0x80,
    0x3f, 0xfc, 0x80,

    /* U+0179 "Ź" */
    0x0, 0xf4, 0xf8, 0x80, 0x7f, 0x32, 0x88, 0x7,
    0xe6, 0x9, 0x0, 0xfe, 0x5a, 0x30, 0xf, 0xe3,
    0x50, 0xf, 0x57, 0xff, 0xee, 0x0, 0xff, 0xac,
    0x1, 0x5f, 0xfb, 0x84, 0x11, 0x40, 0x3e, 0x81,
    0x9, 0x0, 0xf8, 0xd8, 0x1c, 0x80, 0x3e, 0xf0,
    0x18, 0x0, 0xf9, 0x8c, 0x2c, 0x3, 0xe1, 0x80,
    0x35, 0x0, 0xfa, 0x4, 0x38, 0x3, 0xe3, 0x60,
    0x72, 0x0, 0xfb, 0xc0, 0x64, 0x3, 0xe5, 0x30,
    0x1e, 0xff, 0xdc, 0x0, 0xb0, 0xf, 0xf0,

    /* U+017A "ź" */
    0x0, 0xe3, 0x50, 0xf, 0xba, 0x40, 0x3c, 0x85,
    0x40, 0x1e, 0xe1, 0x60, 0xf, 0x57, 0x0, 0x45,
    0xff, 0xf5, 0x98, 0x8e, 0x0, 0xa4, 0x7b, 0xb1,
    0x4, 0x10, 0x6, 0x82, 0x37, 0x0, 0xc6, 0xe1,
    0xc0, 0x1d, 0xc1, 0x4, 0x1, 0xa0, 0x8d, 0xc0,
    0x31, 0xb8, 0x70, 0x7, 0x70, 0x3, 0x3b, 0xa9,
    0x72, 0x0, 0x8, 0xe3,

    /* U+017B "Ż" */
    0x0, 0xe2, 0x31, 0x0, 0xfe, 0xfc, 0x70, 0xf,
    0xfe, 0x4e, 0xfb, 0x0, 0x7f, 0xf1, 0x6b, 0xff,
    0xf7, 0x0, 0x7f, 0xd6, 0x0, 0xaf, 0xfd, 0xc2,
    0x8, 0xa0, 0x1f, 0x40, 0x84, 0x80, 0x7c, 0x6c,
    0xe, 0x40, 0x1f, 0x78, 0xc, 0x0, 0x7c, 0xc6,
    0x16, 0x1, 0xf0, 0xc0, 0x1a, 0x80, 0x7d, 0x2,
    0x1c, 0x1, 0xf1, 0xb0, 0x39, 0x0, 0x7d, 0xe0,
    0x32, 0x1, 0xf2, 0x98, 0xf, 0x7f, 0xee, 0x0,
    0x58, 0x7, 0xf8,

    /* U+017C "ż" */
    0x0, 0x87, 0xfc, 0x20, 0x1f, 0xfc, 0x21, 0xcc,
    0x8, 0x7, 0x8c, 0xc0, 0x11, 0x7f, 0xfd, 0x66,
    0x23, 0x80, 0x29, 0x1e, 0xec, 0x41, 0x4, 0x1,
    0xa0, 0x8d, 0xc0, 0x31, 0xb8, 0x70, 0x7, 0x70,
    0x41, 0x0, 0x68, 0x23, 0x70, 0xc, 0x6e, 0x1c,
    0x1, 0xdc, 0x0, 0xce, 0xea, 0x5c, 0x80, 0x2,
    0x38, 0xc0,

    /* U+017D "Ž" */
    0x0, 0xaf, 0xd0, 0xbb, 0x44, 0x3, 0xac, 0xef,
    0xf, 0x4, 0x3, 0xd9, 0xd, 0xe2, 0x1, 0xf9,
    0xe0, 0x80, 0x3a, 0xbf, 0xff, 0x70, 0x7, 0xfd,
    0x60, 0xa, 0xff, 0xdc, 0x20, 0x8a, 0x1, 0xf4,
    0x8, 0x48, 0x7, 0xc6, 0xc0, 0xe4, 0x1, 0xf7,
    0x80, 0xc0, 0x7, 0xcc, 0x61, 0x60, 0x1f, 0xc,
    0x1, 0xa8, 0x7, 0xd0, 0x21, 0xc0, 0x1f, 0x1b,
    0x3, 0x90, 0x7, 0xde, 0x3, 0x20, 0x1f, 0x29,
    0x80, 0xf7, 0xfe, 0xe0, 0x5, 0x80, 0x7f, 0x80,

    /* U+017E "ž" */
    0x1, 0xee, 0x9, 0x7e, 0x88, 0xe, 0x8e, 0xf8,
    0x78, 0x80, 0xe, 0x8c, 0xac, 0x80, 0x32, 0xff,
    0x90, 0x0, 0x5f, 0xff, 0x59, 0x88, 0xe0, 0xa,
    0x47, 0xbb, 0x10, 0x41, 0x0, 0x68, 0x23, 0x70,
    0xc, 0x6e, 0x1c, 0x1, 0xdc, 0x10, 0x40, 0x1a,
    0x8, 0xdc, 0x3, 0x1b, 0x87, 0x0, 0x77, 0x0,
    0x33, 0xba, 0x97, 0x20, 0x0, 0x8e, 0x30,

    /* U+0374 "ʹ" */
    0xb, 0xe0, 0x24, 0x90, 0xb0, 0x60, 0xdb, 0x10,

    /* U+0375 "͵" */
    0x3, 0x50, 0x7, 0x48, 0x21, 0x48, 0x78, 0xa8,
    0x0,

    /* U+037E ";" */
    0xf, 0xf1, 0x80, 0x76, 0x60, 0xc0, 0xcc, 0x1,
    0xff, 0xc2, 0x55, 0x8, 0x55, 0x8, 0x3, 0xbc,
    0x44, 0x16, 0x64, 0x1d, 0x80,

    /* U+0384 "΄" */
    0x0, 0x22, 0x0, 0xac, 0xc2, 0xc1, 0x81, 0x94,
    0x40,

    /* U+0385 "΅" */
    0x0, 0xc4, 0x80, 0x1f, 0x74, 0x80, 0x4b, 0xec,
    0x66, 0xa9, 0xf2, 0x0, 0xa4, 0x1c, 0xc0, 0x0,

    /* U+0386 "Ά" */
    0x5, 0xf5, 0x7f, 0xf8, 0x3, 0xb8, 0x56, 0xc0,
    0x25, 0x0, 0x89, 0x18, 0x4c, 0xc, 0x3c, 0x3,
    0x54, 0xb8, 0x14, 0x2, 0x80, 0x44, 0xa3, 0xa0,
    0xa8, 0x0, 0x40, 0xe, 0x40, 0xb0, 0x50, 0xd0,
    0xc, 0xa0, 0x26, 0x1e, 0xe, 0x1, 0xbc, 0x1c,
    0x0, 0xa0, 0x26, 0x1, 0x28, 0x37, 0xfc, 0x0,
    0xb0, 0x2, 0x0, 0x7e, 0x50, 0x6, 0x82, 0xff,
    0xee, 0x2, 0x20, 0x38, 0x78, 0x6, 0x14, 0x5,
    0x31, 0x5, 0x0, 0xed, 0xb,

    /* U+0387 "·" */
    0x49, 0x2a, 0x68, 0x70, 0xc0,

    /* U+0388 "Έ" */
    0x8, 0xf2, 0xcf, 0xff, 0xa4, 0x19, 0x8, 0x3,
    0xf9, 0x47, 0xc0, 0x29, 0xff, 0xe9, 0x6a, 0x40,
    0xf, 0xf1, 0xa8, 0x7, 0xff, 0x16, 0x7f, 0xf4,
    0x0, 0x7f, 0xf2, 0x27, 0xff, 0x40, 0x7, 0xff,
    0x8a, 0x7f, 0xfa, 0x40, 0x3f, 0xf8, 0x20,

    /* U+0389 "Ή" */
    0xb, 0xe0, 0xff, 0x18, 0x7, 0x57, 0xb8, 0xa3,
    0x0, 0x7f, 0xf0, 0x24, 0x28, 0x3, 0xff, 0x81,
    0x96, 0x40, 0x1f, 0xfc, 0x4, 0x40, 0x7, 0xff,
    0x1f, 0x3f, 0xf9, 0x40, 0x3f, 0xf9, 0x79, 0xff,
    0xca, 0x1, 0xff, 0xff, 0x0, 0x0,

    /* U+038A "Ί" */
    0xb, 0xe0, 0xff, 0x10, 0xa3, 0x0, 0x69, 0xa,
    0x0, 0xd9, 0x64, 0x1, 0x91, 0x0, 0x1f, 0xff,
    0x10,

    /* U+038C "Ό" */
    0x9, 0xf1, 0x3, 0xae, 0xff, 0x63, 0x80, 0x42,
    0xcc, 0x17, 0xc5, 0x10, 0x1, 0xc6, 0x88, 0x30,
    0x52, 0xc0, 0x2e, 0x77, 0x24, 0x4b, 0x40, 0xe8,
    0xec, 0x16, 0x8c, 0x44, 0xda, 0x6, 0xa8, 0xa6,
    0x21, 0x0, 0x1c, 0x6a, 0x1c, 0x0, 0x50, 0x12,
    0x0, 0xf6, 0x83, 0x0, 0x4, 0xc, 0x3, 0xe2,
    0x3, 0x0, 0x8, 0x18, 0x7, 0xc4, 0x6, 0x0,
    0x50, 0x11, 0x0, 0x7b, 0x41, 0x80, 0x6, 0x21,
    0x60, 0x1c, 0x6a, 0x1c, 0x1, 0x58, 0x2d, 0x18,
    0x89, 0xb4, 0xd, 0x40, 0x25, 0x80, 0x5c, 0xee,
    0x48, 0x96, 0x80, 0x73, 0xe2, 0x88, 0x0, 0xe3,
    0x44, 0x0,

    /* U+038E "Ύ" */
    0x7, 0xf2, 0xbf, 0xd0, 0xe, 0xcf, 0xb0, 0x5,
    0x19, 0x48, 0x13, 0x0, 0x4a, 0x61, 0x20, 0x85,
    0x20, 0x4e, 0x10, 0x1, 0x58, 0x31, 0x3, 0xd2,
    0x80, 0x24, 0x45, 0x1, 0x2, 0x28, 0x0, 0x1a,
    0x80, 0x43, 0x0, 0xe8, 0xe1, 0x2, 0x1, 0xf9,
    0x88, 0x2c, 0x9, 0x80, 0x3f, 0xd2, 0x1, 0x48,
    0x7, 0xfc, 0x88, 0x4, 0x40, 0x7, 0xff, 0x0,
    0x80, 0x80, 0x3f, 0xff, 0x20,

    /* U+038F "Ώ" */
    0x7, 0xf2, 0x1, 0x9d, 0xff, 0x63, 0x80, 0x74,
    0x99, 0x27, 0x31, 0x0, 0xe, 0x34, 0x80, 0x8,
    0x32, 0x76, 0x5, 0x7d, 0xc9, 0x2, 0xc0, 0x3,
    0xd2, 0xf8, 0xe, 0x20, 0x89, 0xb0, 0x6, 0x0,
    0xd4, 0x4c, 0x2c, 0x40, 0x31, 0xb0, 0x28, 0x4,
    0xa0, 0x4, 0x0, 0xf6, 0x1, 0x0, 0x42, 0x0,
    0x10, 0xf, 0x30, 0x0, 0x40, 0xc, 0x1, 0xfc,
    0xe0, 0x1, 0x0, 0x18, 0x82, 0x80, 0x7b, 0x1,
    0x0, 0x34, 0x84, 0x80, 0x70, 0xb8, 0x78, 0x6,
    0x73, 0x35, 0x80, 0x45, 0xa0, 0xe8, 0x1, 0x17,
    0x98, 0x23, 0x0, 0x2c, 0xc1, 0xfc, 0x3, 0xff,
    0x8a,

    /* U+0390 "ΐ" */
    0x0, 0xc4, 0x80, 0x1f, 0x67, 0x80, 0x4f, 0xe8,
    0xa3, 0xd7, 0xe0, 0x1b, 0x89, 0x40, 0x27, 0xf4,
    0xbd, 0xb, 0xf0, 0x8, 0x7f, 0xc2, 0x1, 0xff,
    0xef, 0x10, 0x3, 0x80, 0x79, 0x2, 0x7f, 0x80,
    0x35, 0x28, 0x6,

    /* U+0391 "Α" */
    0x0, 0xd7, 0xfe, 0xc0, 0xf, 0xc8, 0x0, 0x31,
    0x0, 0xf2, 0x80, 0x90, 0x38, 0x7, 0xbc, 0x1d,
    0x43, 0x40, 0x3c, 0xa1, 0xb6, 0x8, 0x20, 0x19,
    0x0, 0x50, 0xc4, 0x10, 0x3, 0x68, 0x20, 0x1,
    0xc3, 0xc0, 0x33, 0x87, 0x80, 0x34, 0x14, 0x2,
    0x31, 0xa, 0xff, 0x58, 0x1, 0x0, 0x16, 0x1,
    0xfb, 0x40, 0xa, 0x13, 0xff, 0xa8, 0x1c, 0x8,
    0x80, 0xe0, 0x19, 0x40, 0x4d, 0x40, 0xc4, 0x3,
    0x94, 0x2c,

    /* U+0392 "Β" */
    0xbf, 0xfe, 0xe7, 0x0, 0xfc, 0x31, 0x20, 0x14,
    0x7f, 0xd0, 0xc, 0x20, 0x1e, 0x70, 0x1, 0x0,
    0x79, 0x80, 0x4, 0x0, 0x8f, 0xfa, 0x42, 0x4,
    0x3, 0xf6, 0x80, 0x51, 0xff, 0x60, 0xab, 0x80,
    0x78, 0xe4, 0x2c, 0x3, 0xff, 0x88, 0x72, 0xa,
    0x0, 0x8f, 0xfb, 0x4, 0x2c, 0x3, 0xe4, 0xc2,

    /* U+0393 "Γ" */
    0xbf, 0xff, 0xa8, 0x3, 0xfe, 0x8f, 0xfe, 0xa0,
    0x0, 0x80, 0x7f, 0xff, 0xc0, 0x3f, 0xf8, 0x0,

    /* U+0394 "Δ" */
    0x0, 0xd7, 0xfe, 0xc0, 0xf, 0xc8, 0x0, 0x31,
    0x0, 0xf2, 0x80, 0x90, 0x38, 0x7, 0xbc, 0x1d,
    0x43, 0x40, 0x3c, 0xa1, 0xb6, 0x8, 0x20, 0x19,
    0x0, 0x50, 0xc4, 0x10, 0x3, 0x68, 0x20, 0x1,
    0xc3, 0xc0, 0x33, 0x87, 0x80, 0x34, 0x14, 0x2,
    0x31, 0x5, 0x0, 0x20, 0x82, 0x0, 0x2c, 0x10,
    0x3, 0x20, 0x68, 0x1, 0x43, 0x40, 0x37, 0x83,
    0x81, 0x10, 0x27, 0xff, 0x50, 0x9, 0xa8, 0x7,
    0xfa, 0xc0,

    /* U+0395 "Ε" */
    0xbf, 0xff, 0xa8, 0x3, 0xfe, 0x8f, 0xfe, 0xa0,
    0x0, 0x80, 0x7f, 0xf1, 0x67, 0xff, 0x40, 0x7,
    0xff, 0x2, 0x3f, 0xf4, 0x0, 0x42, 0x1, 0xff,
    0xc5, 0x10, 0xf, 0xd1, 0xff, 0xd4, 0x1, 0xfc,

    /* U+0396 "Ζ" */
    0xa, 0xff, 0xfd, 0xc0, 0x1f, 0xf5, 0x80, 0x2b,
    0xff, 0x70, 0x82, 0x28, 0x7, 0xd0, 0x21, 0x20,
    0x1f, 0x1b, 0x3, 0x90, 0x7, 0xde, 0x3, 0x0,
    0x1f, 0x31, 0x85, 0x80, 0x7c, 0x30, 0x6, 0xa0,
    0x1f, 0x40, 0x87, 0x0, 0x7c, 0x6c, 0xe, 0x40,
    0x1f, 0x78, 0xc, 0x80, 0x7c, 0xa6, 0x3, 0xdf,
    0xfb, 0x80, 0x16, 0x1, 0xfe,

    /* U+0397 "Η" */
    0xbf, 0x60, 0xe, 0x7f, 0xb0, 0xf, 0xff, 0x14,
    0xff, 0xf4, 0x0, 0x7f, 0xf0, 0xe3, 0xff, 0xa0,
    0x3, 0x8, 0x7, 0xff, 0xa0,

    /* U+0398 "Θ" */
    0x0, 0x8e, 0xbb, 0xfd, 0x8e, 0x1, 0xcf, 0x8a,
    0x20, 0x3, 0x8d, 0x10, 0x2, 0xc0, 0x2e, 0x77,
    0x24, 0x4b, 0x0, 0x10, 0xb, 0x46, 0x22, 0x6d,
    0x2, 0x63, 0x20, 0x80, 0xe, 0x35, 0xd, 0x50,
    0x12, 0x7b, 0xbc, 0x38, 0xa, 0x20, 0x61, 0xa8,
    0x98, 0xcc, 0x2, 0x20, 0x30, 0xaf, 0xfc, 0x46,
    0x2, 0xa0, 0x24, 0x1, 0xec, 0x5, 0x32, 0x8,
    0x0, 0xe3, 0x50, 0xd0, 0x80, 0x5a, 0x30, 0x16,
    0xd0, 0x26, 0x5, 0x80, 0x5c, 0xfe, 0x91, 0x2c,
    0x0, 0x9f, 0x14, 0x40, 0x7, 0x1a, 0x20,

    /* U+0399 "Ι" */
    0x9f, 0x90, 0xf, 0xfe, 0xc0,

    /* U+039A "Κ" */
    0xbf, 0x60, 0xd, 0x9f, 0x80, 0x1f, 0x51, 0x96,
    0x80, 0x7a, 0x14, 0x7c, 0x40, 0x39, 0x9c, 0x34,
    0x80, 0x39, 0x24, 0x28, 0xc0, 0x3b, 0xec, 0x21,
    0x40, 0x3c, 0xc0, 0x2e, 0x1, 0xf3, 0x8, 0xac,
    0x3, 0xef, 0xd0, 0x49, 0x0, 0xf8, 0xec, 0x1a,
    0x0, 0x3e, 0x4a, 0x7, 0x60, 0xf, 0x96, 0x2,
    0x50, 0x3, 0xe7, 0x60, 0xb3,

    /* U+039B "Λ" */
    0x0, 0xdf, 0xf4, 0x0, 0x7c, 0x80, 0x12, 0x80,
    0x7d, 0xa0, 0x60, 0x44, 0x0, 0xf3, 0x84, 0x10,
    0x28, 0x7, 0x18, 0x82, 0x28, 0x58, 0x7, 0x58,
    0x28, 0x50, 0x18, 0x80, 0x65, 0xf, 0x2, 0x20,
    0x38, 0x4, 0x44, 0x4, 0x0, 0x28, 0x68, 0x4,
    0xa0, 0x82, 0x0, 0xb0, 0x40, 0xa, 0xc3, 0x40,
    0x23, 0x10, 0x50, 0x13, 0x7, 0x0, 0xce, 0x1e,
    0xe, 0x6, 0x20, 0x1b, 0x41, 0x42, 0x82, 0xc0,
    0x39, 0x0, 0x8,

    /* U+039C "Μ" */
    0xbf, 0x70, 0xf, 0x87, 0xfc, 0x40, 0x9, 0x0,
    0xfa, 0x0, 0x38, 0x58, 0x3, 0x85, 0x80, 0x3d,
    0x0, 0x1d, 0x20, 0x1f, 0xb, 0x0, 0x42, 0xe0,
    0x1e, 0x60, 0xb0, 0xa, 0x41, 0x4, 0x3, 0x69,
    0x11, 0x80, 0xe, 0x10, 0x1, 0xe8, 0xb, 0x7,
    0x3, 0x30, 0x7, 0x94, 0x88, 0xd2, 0x10, 0x1,
    0xfa, 0xc2, 0x44, 0xd0, 0x3, 0xf3, 0x8, 0x2,
    0x40, 0x3f, 0xd2, 0x4, 0xa0, 0x1f, 0xe7, 0x18,
    0x0, 0xf0,

    /* U+039D "Ν" */
    0xbf, 0xc0, 0xe, 0x8f, 0xa0, 0x1, 0xb8, 0x7,
    0xfa, 0x8, 0x3, 0xfd, 0xc0, 0x1f, 0x98, 0xd,
    0x80, 0x3e, 0xe8, 0x9, 0x10, 0xf, 0x9c, 0xc2,
    0x80, 0x3f, 0x70, 0x23, 0x0, 0x7c, 0x50, 0x12,
    0x40, 0x1f, 0x39, 0x82, 0x80, 0x7e, 0xf0, 0xf,
    0xf1, 0xb8, 0x7, 0xfa, 0x8, 0x0,

    /* U+039E "Ξ" */
    0xbf, 0xff, 0xec, 0x0, 0xff, 0xaf, 0xff, 0xfb,
    0x0, 0x3f, 0xf9, 0x7b, 0xff, 0xf6, 0x80, 0x7f,
    0xf0, 0x77, 0xff, 0xed, 0x0, 0xff, 0xeb, 0x5f,
    0xff, 0xf6, 0x0, 0x7f, 0xc0,

    /* U+039F "Ο" */
    0x0, 0x8e, 0xbb, 0xfd, 0x8e, 0x1, 0xcf, 0x8a,
    0x20, 0x3, 0x8d, 0x10, 0x2, 0xc0, 0x2e, 0x77,
    0x24, 0x4b, 0x0, 0x10, 0xb, 0x46, 0x22, 0x6d,
    0x2, 0x63, 0x20, 0x80, 0xe, 0x35, 0xd, 0x50,
    0x12, 0x0, 0xf6, 0x2, 0x88, 0x18, 0x7, 0xc6,
    0x2, 0x20, 0x30, 0xf, 0x8c, 0x5, 0x40, 0x48,
    0x3, 0xd8, 0xa, 0x64, 0x10, 0x1, 0xc6, 0xa1,
    0xa1, 0x0, 0xb4, 0x60, 0x2d, 0xa0, 0x4c, 0xb,
    0x0, 0xb9, 0xfd, 0x22, 0x58, 0x1, 0x3e, 0x28,
    0x80, 0xe, 0x34, 0x40,

    /* U+03A0 "Π" */
    0xbf, 0xff, 0xec, 0x0, 0xff, 0xe0, 0xc7, 0xff,
    0x48, 0x6, 0x10, 0xf, 0xff, 0xf8, 0x7, 0xff,
    0x50,

    /* U+03A1 "Ρ" */
    0xbf, 0xff, 0x59, 0x80, 0x7e, 0x4c, 0x30, 0x4,
    0x7f, 0xda, 0x41, 0x0, 0x1, 0x0, 0x8a, 0x1,
    0x40, 0x3f, 0xf8, 0x85, 0x20, 0xa0, 0x9, 0xff,
    0xb4, 0xc2, 0x0, 0x3e, 0x3b, 0x30, 0x4, 0xff,
    0xec, 0x40, 0xf, 0xfe, 0xe8,

    /* U+03A3 "Σ" */
    0xbf, 0xff, 0xc4, 0x1, 0xfe, 0xf0, 0x4, 0x7f,
    0xf1, 0x25, 0x84, 0x30, 0x7, 0x92, 0xc2, 0x58,
    0x3, 0xc9, 0x61, 0x2c, 0x1, 0xe4, 0x70, 0x91,
    0x0, 0xe4, 0x70, 0x91, 0x0, 0xc9, 0x61, 0x2c,
    0x1, 0x92, 0xc2, 0x18, 0x3, 0x1d, 0x84, 0x38,
    0x7, 0x40, 0x2, 0x3f, 0xf8, 0x40, 0x3f, 0xc0,

    /* U+03A4 "Τ" */
    0xdf, 0xff, 0xeb, 0x0, 0xff, 0xb7, 0xfe, 0x50,
    0x6f, 0xfa, 0xc0, 0x3c, 0x20, 0x1f, 0xff, 0xf0,
    0xf, 0xfe, 0x80,

    /* U+03A5 "Υ" */
    0xbf, 0xd0, 0xe, 0xcf, 0xb9, 0x2, 0x60, 0x9,
    0x4c, 0x24, 0x98, 0x20, 0x2, 0xb0, 0x62, 0x8,
    0x11, 0x40, 0x40, 0x8a, 0x0, 0x3, 0x0, 0xe8,
    0xe1, 0x2, 0x1, 0x31, 0x5, 0x81, 0x30, 0x7,
    0x48, 0x5, 0x20, 0x1e, 0x44, 0x2, 0x20, 0x3,
    0xe2, 0x2, 0x0, 0xff, 0xf2, 0x0,

    /* U+03A6 "Φ" */
    0x0, 0xe7, 0xfb, 0x0, 0xf9, 0x77, 0xe0, 0x13,
    0xf9, 0xc0, 0x25, 0xa2, 0x0, 0xe1, 0x8a, 0x0,
    0x58, 0x2f, 0xc0, 0x27, 0xc0, 0x29, 0xa0, 0x85,
    0x0, 0x73, 0x98, 0x51, 0x1, 0x80, 0x7c, 0x80,
    0x42, 0x1, 0xfd, 0xe0, 0x2, 0x2, 0x0, 0xfb,
    0x40, 0x90, 0x5, 0xc0, 0x38, 0xd4, 0x30, 0x5c,
    0x23, 0xa4, 0x13, 0x70, 0xd, 0x42, 0x1c, 0x4,
    0x40, 0x2, 0x4, 0xd0, 0xa, 0x3f, 0x1c, 0xf,
    0x3a, 0xc4, 0x3, 0x8f, 0xc1, 0xcc, 0x40, 0x20,

    /* U+03A7 "Χ" */
    0x5f, 0xf2, 0x0, 0x67, 0xff, 0x1a, 0xa0, 0x50,
    0x4, 0x50, 0xe, 0x61, 0x42, 0x29, 0x0, 0x70,
    0x14, 0x0, 0x6, 0xc1, 0x8d, 0x8c, 0x38, 0x3,
    0x2a, 0x7, 0x48, 0x39, 0x80, 0x75, 0x1, 0x1,
    0x40, 0x7, 0x85, 0x80, 0x16, 0x1, 0xf1, 0x30,
    0x2, 0x4, 0x3, 0xdc, 0x6, 0x22, 0xb0, 0xe,
    0x73, 0xe, 0xa0, 0x54, 0x0, 0x8a, 0x2, 0x9,
    0x14, 0x28, 0x40, 0x1c, 0x6, 0xe0, 0xb, 0x11,
    0x58, 0x39, 0x87, 0x80, 0x43, 0x60, 0xa8,

    /* U+03A8 "Ψ" */
    0xbf, 0x40, 0x4f, 0xd0, 0x5, 0xfa, 0x0, 0x7f,
    0xfc, 0x4, 0xc, 0x3, 0xca, 0xf, 0x81, 0x28,
    0x20, 0x1, 0x91, 0x11, 0xb1, 0xd, 0xd0, 0x17,
    0x30, 0x40, 0x3, 0x5c, 0x80, 0x31, 0xdb, 0x0,
    0x51, 0xb6, 0x5, 0xf8, 0x80, 0x1f, 0xfc, 0xe0,

    /* U+03A9 "Ω" */
    0x0, 0x8a, 0x7b, 0xfd, 0x8c, 0x1, 0xcd, 0xac,
    0x20, 0x3, 0x9c, 0x10, 0x2, 0xc8, 0x1d, 0xf6,
    0xc0, 0x1e, 0x80, 0x20, 0xf, 0x10, 0x49, 0xec,
    0xd, 0x4c, 0x83, 0xc0, 0x39, 0x10, 0x1c, 0xa0,
    0x26, 0x1, 0xec, 0x5, 0x10, 0x30, 0xf, 0x88,
    0x4, 0x80, 0xc0, 0x3e, 0x30, 0x24, 0x1, 0x20,
    0xf, 0x60, 0x20, 0xb0, 0x48, 0x7, 0x1a, 0x85,
    0x84, 0x12, 0x48, 0x4, 0x5a, 0x12, 0x4b, 0xc4,
    0xc, 0x80, 0x9, 0x10, 0x9c, 0x0, 0xff, 0xe0,
    0x80,

    /* U+03AA "Ϊ" */
    0x5f, 0xa0, 0x9f, 0x60, 0xf, 0x1a, 0xfd, 0x4,
    0xfa, 0x80, 0x27, 0xe4, 0x3, 0xff, 0xfe, 0x1,
    0xff, 0x0,

    /* U+03AB "Ϋ" */
    0x0, 0x2f, 0xd0, 0x57, 0xa8, 0x7, 0xe3, 0x0,
    0xf2, 0xfd, 0x4, 0xfa, 0x80, 0x2f, 0xf4, 0x3,
    0xb3, 0xee, 0x40, 0x98, 0x2, 0x53, 0x9, 0x26,
    0x8, 0x0, 0xac, 0x18, 0x82, 0x4, 0x50, 0x10,
    0x22, 0x80, 0x0, 0xc0, 0x3a, 0x38, 0x40, 0x80,
    0x4c, 0x41, 0x60, 0x4c, 0x1, 0xd2, 0x1, 0x48,
    0x7, 0x91, 0x0, 0x88, 0x0, 0xf8, 0x80, 0x80,
    0x3f, 0xfc, 0x80,

    /* U+03AC "ά" */
    0x0, 0xe1, 0xf9, 0x0, 0xfc, 0xc1, 0x60, 0x1f,
    0xa4, 0xc8, 0x3, 0xf5, 0xf0, 0x7, 0xf2, 0x90,
    0x7, 0x8a, 0xbb, 0xf5, 0x77, 0xc0, 0x5, 0x8a,
    0x20, 0x54, 0x40, 0x14, 0x89, 0x6f, 0xe9, 0x0,
    0x42, 0x81, 0x24, 0x5, 0x20, 0x12, 0x80, 0x10,
    0x2, 0x50, 0xf, 0xfe, 0x12, 0x80, 0x10, 0x2,
    0x40, 0x8, 0x50, 0x24, 0x80, 0xa0, 0x3, 0x48,
    0x96, 0xfe, 0x90, 0x6, 0x2c, 0x50, 0x1, 0xd1,
    0x0, 0x0,

    /* U+03AD "έ" */
    0x0, 0xc9, 0xea, 0x1, 0xef, 0x15, 0x0, 0xe2,
    0x46, 0x0, 0xfa, 0xa4, 0x3, 0xc4, 0xa2, 0x1,
    0xd1, 0xbf, 0xd4, 0x60, 0x9, 0x72, 0x1, 0x5c,
    0x40, 0x70, 0x7f, 0xe7, 0x54, 0x0, 0xe1, 0x8a,
    0x0, 0x48, 0x3f, 0xf0, 0x6, 0xa0, 0x13, 0x40,
    0x8, 0xc8, 0x3b, 0x28, 0x4, 0x3, 0x28, 0x14,
    0xf3, 0x99, 0x82, 0xbf, 0x58, 0x4, 0x31, 0xc4,
    0x5, 0x31, 0x80,

    /* U+03AE "ή" */
    0x0, 0xe4, 0x40, 0x7, 0xc3, 0x7a, 0x1, 0xf3,
    0x5, 0x80, 0x7d, 0x46, 0x40, 0x1f, 0x6e, 0x0,
    0x6c, 0xf4, 0xae, 0xfd, 0x60, 0xd, 0x6a, 0x20,
    0x52, 0xc0, 0x1a, 0x7b, 0x8, 0x2c, 0x2, 0x56,
    0x13, 0x90, 0x21, 0x0, 0x10, 0x4, 0xa0, 0x3,
    0x0, 0x78, 0x4, 0x20, 0x1f, 0xfd, 0xf0,

    /* U+03AF "ί" */
    0x0, 0x29, 0x80, 0x47, 0x4a, 0x1, 0x48, 0x30,
    0x0, 0x55, 0x80, 0x21, 0xf9, 0x0, 0xa3, 0xe4,
    0x3, 0xff, 0xba, 0x82, 0x0, 0xb0, 0x2e, 0xe3,
    0x9c, 0x90, 0x8, 0x80,

    /* U+03B0 "ΰ" */
    0x0, 0xc2, 0x82, 0x1, 0xf5, 0xd8, 0x40, 0x23,
    0xf9, 0x15, 0x67, 0xf4, 0x1, 0x1, 0x60, 0xb0,
    0xc, 0x5f, 0xf, 0xe4, 0xfe, 0x81, 0xde, 0x80,
    0x11, 0x7f, 0x80, 0x3f, 0xfb, 0xe2, 0x1, 0x8,
    0x4, 0x61, 0xa0, 0x12, 0x0, 0x82, 0x3, 0xa8,
    0xa4, 0x82, 0x85, 0x80, 0x2b, 0xac, 0x42, 0x0,
    0xb5, 0x44, 0x0, 0x98, 0x60,

    /* U+03B1 "α" */
    0x0, 0x15, 0x77, 0xea, 0xef, 0x80, 0xb, 0x14,
    0x40, 0xa8, 0x80, 0x29, 0x12, 0xdf, 0xd2, 0x0,
    0x85, 0x2, 0x48, 0xa, 0x40, 0x25, 0x0, 0x20,
    0x4, 0xa0, 0x1f, 0xfc, 0x25, 0x0, 0x20, 0x4,
    0x80, 0x10, 0xa0, 0x49, 0x1, 0x40, 0x6, 0x91,
    0x2d, 0xfd, 0x20, 0xc, 0x58, 0xa0, 0x3, 0xa2,
    0x0, 0x0,

    /* U+03B2 "β" */
    0x3, 0xbe, 0xfd, 0x60, 0x8, 0xb1, 0x4, 0xa,
    0x64, 0x0, 0xb0, 0x2c, 0xe8, 0x6, 0x10, 0x50,
    0x53, 0x17, 0x0, 0x28, 0x5, 0xe0, 0x3, 0x0,
    0x30, 0x7, 0x4e, 0x3, 0x10, 0x7, 0x10, 0x1,
    0xd0, 0x3, 0xaf, 0x14, 0x68, 0x3, 0xc7, 0x42,
    0x24, 0x0, 0xff, 0xe0, 0x4a, 0x0, 0xc8, 0x82,
    0x80, 0x6, 0xff, 0x98, 0x1c, 0x40, 0x6, 0x40,
    0x3, 0xa8, 0x0, 0xab, 0x7f, 0xd8, 0xa0, 0x1f,
    0xfd, 0x40,

    /* U+03B3 "γ" */
    0x7f, 0xb0, 0xd, 0x9e, 0xcc, 0x4, 0x10, 0x0,
    0x98, 0x38, 0xa0, 0x38, 0x1, 0x81, 0x4, 0x34,
    0x34, 0x1, 0x61, 0xc0, 0x6, 0x4, 0x12, 0x30,
    0x50, 0x9, 0x41, 0x94, 0x18, 0x3, 0x70, 0x5d,
    0x5, 0x0, 0x64, 0x13, 0x22, 0x18, 0x7, 0x38,
    0x1, 0x40, 0x3d, 0x40, 0xa, 0x0, 0xf1, 0x0,
    0xc, 0x3, 0xff, 0x96,

    /* U+03B4 "δ" */
    0x0, 0xd, 0xff, 0xe7, 0x0, 0xd6, 0x80, 0x67,
    0x10, 0x6, 0x70, 0x9c, 0xc9, 0x40, 0x32, 0x4,
    0x30, 0x80, 0x7a, 0x4c, 0x67, 0xac, 0xc0, 0x21,
    0xc3, 0x0, 0x93, 0x14, 0x1, 0x46, 0x39, 0xfa,
    0x61, 0x60, 0x48, 0x10, 0x60, 0x5e, 0x2, 0x8c,
    0x0, 0x50, 0x8, 0x80, 0x4, 0xe0, 0x5, 0x0,
    0x94, 0x0, 0x46, 0x21, 0x6, 0x7, 0x20, 0x28,
    0x14, 0x3, 0x9f, 0x84, 0x14, 0x0, 0x4d, 0x51,
    0x1, 0x5c, 0x40,

    /* U+03B5 "ε" */
    0x0, 0x46, 0xff, 0x51, 0x80, 0x25, 0xc8, 0x5,
    0x71, 0x1, 0xc1, 0xff, 0x9d, 0x50, 0x3, 0x86,
    0x28, 0x1, 0x20, 0xff, 0xc0, 0x1a, 0x80, 0x4d,
    0x0, 0x23, 0x20, 0xec, 0xa0, 0x10, 0xc, 0xa0,
    0x53, 0xce, 0x66, 0xa, 0xfd, 0x60, 0x10, 0xc7,
    0x10, 0x14, 0xc6,

    /* U+03B6 "ζ" */
    0xb, 0xff, 0xf9, 0x80, 0x3f, 0x8c, 0x2f, 0xfe,
    0x70, 0x4, 0x28, 0x6, 0xa7, 0x9, 0x70, 0xd,
    0x4a, 0x14, 0xc0, 0x1a, 0x54, 0x2d, 0x40, 0x32,
    0xb0, 0x5a, 0x0, 0x75, 0x83, 0xa0, 0x7, 0x10,
    0x85, 0x0, 0x79, 0x80, 0x4, 0x1, 0xe6, 0x0,
    0x49, 0x0, 0x71, 0x18, 0x36, 0xff, 0xb5, 0x0,
    0x1a, 0xc2, 0x1, 0x15, 0x88, 0xc, 0xf7, 0xfb,
    0x4, 0x10, 0x3, 0xc6, 0x80, 0x0,

    /* U+03B7 "η" */
    0xcf, 0x4a, 0xef, 0xd6, 0x0, 0xd6, 0xa2, 0x5,
    0x2c, 0x1, 0xa7, 0xb0, 0x82, 0xc0, 0x25, 0x61,
    0x39, 0x2, 0x10, 0x1, 0x0, 0x4a, 0x0, 0x30,
    0x7, 0x80, 0x42, 0x1, 0xff, 0xdf,

    /* U+03B8 "θ" */
    0x0, 0x97, 0x3f, 0xdb, 0x0, 0x1d, 0x34, 0x60,
    0x2, 0x7d, 0x10, 0x2, 0xb0, 0x36, 0xf5, 0x1,
    0x58, 0x2, 0x41, 0x24, 0x85, 0x68, 0x14, 0x84,
    0xc3, 0xc0, 0x32, 0x88, 0x29, 0x0, 0x22, 0xef,
    0x80, 0x1c, 0xe0, 0x3, 0x44, 0xe1, 0x3, 0x70,
    0x7, 0x7f, 0xf2, 0x1, 0x90, 0x1, 0x40, 0x39,
    0x43, 0x84, 0xc3, 0xc0, 0x32, 0x88, 0x28, 0x48,
    0x24, 0x90, 0xad, 0x2, 0x10, 0x2b, 0x3, 0x6f,
    0x50, 0x15, 0x0, 0x53, 0x46, 0x0, 0x27, 0xd1,
    0x0,

    /* U+03B9 "ι" */
    0x8f, 0x90, 0xf, 0xfe, 0xea, 0x8, 0x2, 0xc0,
    0xbb, 0x8e, 0x72, 0x40, 0x22,

    /* U+03BA "κ" */
    0xbf, 0x70, 0x2, 0xff, 0x94, 0x3, 0x8a, 0x81,
    0x94, 0x3, 0xb8, 0xe, 0x40, 0xe, 0x0, 0x93,
    0xe, 0x0, 0xeb, 0x60, 0xa2, 0x0, 0xff, 0xe1,
    0xdb, 0x85, 0x18, 0x7, 0xa1, 0x3, 0x44, 0x3,
    0xd4, 0x22, 0xd0, 0xf, 0xe, 0x81, 0xd0, 0x0,

    /* U+03BB "λ" */
    0x5, 0xfe, 0x90, 0xf, 0x84, 0x4d, 0x0, 0x1c,
    0xbd, 0x40, 0xe2, 0x1, 0xe5, 0x20, 0x60, 0xf,
    0x11, 0x2, 0x80, 0x3d, 0x40, 0x2, 0x30, 0xe,
    0x50, 0x40, 0xb0, 0xc, 0x84, 0x49, 0x6, 0x0,
    0xda, 0x14, 0x46, 0x28, 0x1, 0x30, 0x28, 0x58,
    0x70, 0x1, 0x40, 0xc8, 0x18, 0x14, 0x43, 0x82,
    0x80, 0x2, 0x80, 0xe2, 0x80, 0xe0, 0x16, 0x85,
    0x0,

    /* U+03BC "μ" */
    0xcf, 0x70, 0xd, 0xfe, 0x20, 0xf, 0xff, 0x46,
    0x0, 0x48, 0x1, 0xc8, 0xc2, 0x72, 0x1, 0xe9,
    0xec, 0x20, 0xe, 0x20, 0x1, 0xd1, 0x80, 0x6f,
    0xfb, 0x17, 0x3c, 0x80, 0x3f, 0xfa, 0x40,

    /* U+03BD "ν" */
    0x7f, 0xb0, 0xd, 0x7e, 0xcc, 0x4, 0x10, 0x0,
    0xa0, 0x38, 0x98, 0x38, 0x1, 0xc1, 0x4, 0x28,
    0x34, 0x1, 0x41, 0xc0, 0x7, 0x4, 0x11, 0x18,
    0x28, 0x0, 0x50, 0x1d, 0xc0, 0xa0, 0x1b, 0x83,
    0x68, 0x38, 0x3, 0x28, 0x21, 0x8a, 0x0, 0x72,
    0x80, 0x1c, 0x3, 0xdc, 0x0, 0xa0, 0x8,

    /* U+03BE "ξ" */
    0x0, 0x15, 0x77, 0xfa, 0xd4, 0x2, 0x2d, 0x51,
    0x0, 0x25, 0x50, 0x1, 0x0, 0x39, 0xfd, 0x1,
    0xa0, 0x6, 0x7, 0x30, 0x17, 0xe7, 0x0, 0x28,
    0x3a, 0x0, 0x42, 0x1, 0x40, 0x8a, 0xff, 0xc4,
    0x1, 0x94, 0x3, 0xfd, 0x42, 0x97, 0xba, 0x20,
    0x8, 0xc4, 0x29, 0x8, 0x80, 0x19, 0xc0, 0x3f,
    0xca, 0x0, 0xd3, 0x10, 0xe, 0x18, 0x3, 0xce,
    0xff, 0x61, 0x80, 0x1e, 0x90, 0x40, 0x23, 0xd0,
    0x9, 0x6f, 0xbf, 0xd8, 0x2, 0x80, 0x1f, 0x1a,
    0x0, 0x0,

    /* U+03BF "ο" */
    0x0, 0xc, 0xf7, 0xf5, 0x10, 0x4, 0x3e, 0xc2,
    0x2, 0xba, 0x60, 0xa, 0x12, 0xcf, 0xc2, 0xe,
    0x1, 0x40, 0x93, 0x3, 0xf0, 0x23, 0x50, 0x2,
    0x0, 0x44, 0x0, 0x50, 0xf, 0xf9, 0x40, 0x8,
    0x1, 0x10, 0x1, 0x45, 0x2, 0x90, 0xf, 0xc0,
    0x8c, 0x28, 0x45, 0x7f, 0x84, 0x1c, 0x0, 0x1f,
    0x61, 0x1, 0x5d, 0x30,

    /* U+03C0 "π" */
    0x5f, 0xff, 0xf4, 0x0, 0x80, 0x42, 0x20, 0x8,
    0x7d, 0x78, 0xc2, 0x7b, 0x98, 0x3, 0xce, 0x1,
    0xff, 0xff, 0x0, 0xfe,

    /* U+03C1 "ρ" */
    0x0, 0x2e, 0x7f, 0xb1, 0x40, 0x28, 0xa3, 0x0,
    0x1d, 0x40, 0x1b, 0x84, 0xff, 0xa4, 0x1c, 0xec,
    0x15, 0x80, 0xc, 0x81, 0x66, 0x1a, 0x1, 0xb0,
    0xd, 0xc0, 0x3f, 0xed, 0x0, 0xd8, 0x6, 0x0,
    0x56, 0x0, 0x3a, 0x5, 0x0, 0x53, 0xfe, 0x80,
    0x72, 0x0, 0x3a, 0x88, 0x14, 0xc0, 0x5, 0xd5,
    0xdf, 0xac, 0x1, 0xff, 0xd4,

    /* U+03C2 "ς" */
    0x0, 0xc, 0xf7, 0xf4, 0x88, 0x0, 0x7d, 0x84,
    0x5, 0xbc, 0x42, 0xc4, 0x59, 0xf6, 0x3, 0x0,
    0xa1, 0x26, 0x9, 0x51, 0x66, 0x0, 0x40, 0x9,
    0x5c, 0x9c, 0x0, 0x20, 0x1e, 0x60, 0x3, 0x80,
    0x78, 0x84, 0x2d, 0x0, 0x3d, 0x60, 0x37, 0xfe,
    0xe8, 0x0, 0x2d, 0x98, 0x4, 0x2e, 0xa0, 0x4,
    0xcf, 0xf6, 0x98, 0x78, 0x7, 0x8a, 0x40, 0x0,

    /* U+03C3 "σ" */
    0x0, 0xc, 0xf7, 0xff, 0x80, 0x7d, 0x84, 0x40,
    0x18, 0x82, 0x84, 0xb7, 0xb8, 0x60, 0x7a, 0x28,
    0x12, 0x40, 0x3c, 0x6, 0x65, 0x0, 0x20, 0x4,
    0x42, 0xa, 0x1, 0x8, 0x6, 0x10, 0x2, 0x80,
    0x10, 0x2, 0x30, 0x2, 0x8a, 0x85, 0xa0, 0x1f,
    0x1, 0x98, 0x2c, 0x86, 0xff, 0x8, 0x78, 0x0,
    0x38, 0xc2, 0x2, 0xde, 0x40,

    /* U+03C4 "τ" */
    0x8f, 0xff, 0xc2, 0x2, 0x20, 0x8, 0x46, 0x8,
    0xee, 0x58, 0xf, 0x74, 0x20, 0x1f, 0xfe, 0x11,
    0x30, 0xf, 0x20, 0x86, 0x7d, 0x80, 0x76, 0x98,
    0x0, 0x40,

    /* U+03C5 "υ" */
    0xef, 0x40, 0x8, 0xbf, 0xc0, 0x1f, 0xfd, 0xf1,
    0x0, 0x84, 0x2, 0x30, 0xd0, 0x9, 0x0, 0x41,
    0x1, 0xd4, 0x52, 0x41, 0x42, 0xc0, 0x15, 0xd6,
    0x21, 0x0, 0x5a, 0xa2, 0x0, 0x4c, 0x30,

    /* U+03C6 "φ" */
    0x0, 0xe3, 0xfb, 0x0, 0xff, 0xe5, 0xb, 0x83,
    0x88, 0x7, 0x93, 0x7a, 0xc0, 0xfb, 0xe8, 0x40,
    0x9, 0x64, 0x2, 0x0, 0x10, 0x5d, 0x0, 0x48,
    0x27, 0xe8, 0x27, 0x60, 0x1a, 0x91, 0x2, 0x40,
    0x38, 0xd8, 0x3d, 0x80, 0x4, 0x1, 0xef, 0x6,
    0x0, 0xff, 0xe0, 0xb0, 0x0, 0x80, 0x3d, 0xe0,
    0xc4, 0x40, 0x90, 0xe, 0x36, 0xc, 0x9, 0x4,
    0xee, 0x2, 0x6e, 0x1, 0xb0, 0x25, 0x10, 0x90,
    0x0, 0x81, 0x74, 0x2, 0x5d, 0xeb, 0x3, 0xdf,
    0xa1, 0x0, 0xe1, 0x70, 0x72, 0x0, 0xff, 0xe9,
    0x0,

    /* U+03C7 "χ" */
    0x6f, 0xf1, 0x0, 0xf, 0xfc, 0xac, 0x81, 0xe0,
    0xe, 0x5, 0x50, 0x50, 0x94, 0x40, 0x86, 0x80,
    0x3, 0x40, 0xee, 0xd, 0x0, 0xc8, 0xc0, 0x7,
    0x30, 0xe, 0x30, 0x0, 0x80, 0x72, 0xa8, 0x0,
    0xca, 0x1, 0x15, 0x4, 0x40, 0x2c, 0x40, 0x1c,
    0x6, 0xee, 0x31, 0xa0, 0x73, 0xe, 0x0, 0x70,
    0x23, 0x80,

    /* U+03C8 "ψ" */
    0xef, 0x10, 0x7f, 0xa0, 0x7, 0x79, 0x0, 0x7f,
    0xfb, 0xcc, 0xc0, 0xa0, 0x1c, 0x22, 0x1, 0x40,
    0x92, 0x0, 0x8a, 0x80, 0xc2, 0x4, 0xb6, 0x1,
    0x75, 0x3, 0xc0, 0x71, 0x84, 0x2, 0x14, 0xc3,
    0x0, 0x14, 0xf4, 0x2, 0xf5, 0x98, 0x7, 0xff,
    0x68,

    /* U+03C9 "ω" */
    0x0, 0x84, 0x3, 0xc2, 0x1, 0xd1, 0xc6, 0x1,
    0xdb, 0xa1, 0x0, 0x2b, 0x84, 0x80, 0x64, 0x32,
    0xa0, 0x4, 0x81, 0xd0, 0x6, 0x48, 0x4, 0x21,
    0x30, 0x80, 0x3, 0x40, 0x83, 0x88, 0x29, 0x0,
    0x10, 0x1, 0x6e, 0x40, 0x5, 0xe, 0x70, 0xf,
    0xfe, 0xb, 0x0, 0xc, 0x0, 0x60, 0xe0, 0x5,
    0x1, 0x22, 0x7, 0x8a, 0x88, 0x70, 0xb8, 0x85,
    0x84, 0x1, 0xf5, 0x1, 0x2f, 0x40, 0x29, 0x82,
    0xd1, 0x1, 0x56, 0x20, 0xb, 0x50, 0x0,

    /* U+03CA "ϊ" */
    0x5f, 0xa0, 0x9f, 0x60, 0xf, 0x8c, 0x17, 0xe8,
    0x27, 0xd4, 0x2, 0x8f, 0x90, 0xf, 0xff, 0x5a,
    0x8, 0x6, 0xb0, 0x2e, 0xe3, 0x80, 0xe, 0x48,
    0x4, 0x40,

    /* U+03CB "ϋ" */
    0x4, 0xfb, 0x9, 0xf6, 0x0, 0xe1, 0x0, 0xf9,
    0x3e, 0x82, 0x7d, 0x80, 0x1d, 0xe8, 0x1, 0x17,
    0xf8, 0x3, 0xff, 0xbe, 0x20, 0x10, 0x80, 0x46,
    0x1a, 0x1, 0x20, 0x8, 0x20, 0x3a, 0x8a, 0x48,
    0x28, 0x58, 0x2, 0xba, 0xc4, 0x20, 0xb, 0x54,
    0x40, 0x9, 0x86, 0x0,

    /* U+03CC "ό" */
    0x0, 0xe1, 0xf9, 0x0, 0xfc, 0xc1, 0x60, 0x1f,
    0xa4, 0xc8, 0x3, 0xf5, 0xf0, 0x7, 0xf2, 0x90,
    0x7, 0x86, 0x7b, 0xfa, 0x88, 0x2, 0x1f, 0x61,
    0x1, 0x5d, 0x30, 0x5, 0x9, 0x67, 0xe1, 0x7,
    0x0, 0xa0, 0x49, 0x81, 0xf8, 0x11, 0xa8, 0x1,
    0x0, 0x22, 0x0, 0x28, 0x7, 0xfc, 0xa0, 0x4,
    0x0, 0x88, 0x0, 0xa2, 0x81, 0x48, 0x7, 0xe0,
    0x46, 0x14, 0x22, 0xbf, 0xc2, 0xe, 0x0, 0xf,
    0xb0, 0x80, 0xae, 0x98, 0x0,

    /* U+03CD "ύ" */
    0x0, 0xcb, 0xe8, 0x1, 0xf4, 0x92, 0x0, 0x78,
    0xcd, 0x40, 0x1f, 0xd, 0x30, 0x7, 0xc4, 0xa2,
    0x1, 0xbb, 0xd0, 0x2, 0x2f, 0xf0, 0x7, 0xff,
    0x7c, 0x40, 0x21, 0x0, 0x8c, 0x34, 0x2, 0x40,
    0x10, 0x40, 0x75, 0x14, 0x90, 0x50, 0xb0, 0x5,
    0x75, 0x88, 0x40, 0x16, 0xa8, 0x80, 0x13, 0xc,
    0x0,

    /* U+03CE "ώ" */
    0x0, 0xfb, 0xac, 0x3, 0xfe, 0x51, 0xf0, 0xf,
    0xfa, 0x49, 0x0, 0x3f, 0xe9, 0xe0, 0xf, 0xe4,
    0x0, 0x29, 0x80, 0x8, 0x80, 0x1a, 0xec, 0x80,
    0x18, 0x7f, 0x8, 0x0, 0xc8, 0x1a, 0x1, 0x94,
    0x87, 0x80, 0x16, 0x9, 0x20, 0x19, 0x28, 0xc,
    0xc4, 0x40, 0x80, 0x3, 0xc8, 0x82, 0x90, 0x23,
    0x0, 0xc, 0x1, 0x4c, 0x40, 0x7, 0xe, 0x0,
    0xff, 0x84, 0x0, 0xc0, 0x4, 0x0, 0x18, 0x38,
    0x1, 0x43, 0x88, 0x81, 0x2, 0xa2, 0x1c, 0x2e,
    0x20, 0x81, 0x0, 0x7d, 0x40, 0x4b, 0xd0, 0xa,
    0x60, 0xb4, 0x40, 0x55, 0x88, 0x2, 0xd4, 0x0,

    /* U+0400 "Ѐ" */
    0x0, 0x2f, 0xa0, 0x7, 0x94, 0x7c, 0x3, 0xe6,
    0x41, 0x0, 0xf4, 0xd1, 0x80, 0x78, 0x54, 0x80,
    0x2b, 0xff, 0xfa, 0x80, 0x3f, 0xe8, 0xff, 0xea,
    0x0, 0x8, 0x7, 0xff, 0x16, 0x7f, 0xf4, 0x0,
    0x7f, 0xf0, 0x23, 0xff, 0x40, 0x4, 0x20, 0x1f,
    0xfc, 0x51, 0x0, 0xfd, 0x1f, 0xfd, 0x40, 0x1f,
    0xc0,

    /* U+0401 "Ё" */
    0x7, 0xf8, 0xc, 0xf3, 0x0, 0xf3, 0x80, 0x67,
    0xf8, 0xb, 0xf3, 0xb, 0xff, 0xfa, 0x80, 0x3f,
    0xe8, 0xff, 0xea, 0x0, 0x8, 0x7, 0xff, 0x16,
    0x7f, 0xf4, 0x0, 0x7f, 0xf0, 0x23, 0xff, 0x40,
    0x4, 0x20, 0x1f, 0xfc, 0x51, 0x0, 0xfd, 0x1f,
    0xfd, 0x40, 0x1f, 0xc0,

    /* U+0402 "Ђ" */
    0xff, 0xf1, 0x80, 0x7f, 0xf1, 0x7d, 0x82, 0xbf,
    0xc6, 0x1, 0xf8, 0xe3, 0x7f, 0xd8, 0xa0, 0x1d,
    0x2e, 0x40, 0x3, 0xa6, 0x0, 0xe4, 0xce, 0xc3,
    0x9, 0x10, 0x8, 0x6c, 0xc4, 0xf0, 0x0, 0x80,
    0x12, 0x0, 0x71, 0x81, 0x80, 0x46, 0x1, 0xff,
    0xc4, 0x13, 0x2, 0x0, 0xf0, 0xae, 0x80, 0x10,
    0x3, 0xcf, 0x46, 0x14, 0x1, 0xf1, 0x82, 0x5a,
    0x80,

    /* U+0403 "Ѓ" */
    0x0, 0x87, 0xe0, 0x3, 0xd2, 0x14, 0x1, 0xe6,
    0x42, 0x0, 0xe1, 0xb9, 0x0, 0xf0, 0xa9, 0x0,
    0x6b, 0xff, 0xfa, 0x80, 0x3f, 0xe8, 0xff, 0xea,
    0x0, 0x8, 0x7, 0xff, 0xfc, 0x3, 0xff, 0x80,

    /* U+0404 "Є" */
    0x0, 0x8e, 0xbb, 0xfd, 0x8e, 0x1, 0xcf, 0x8a,
    0x20, 0x3, 0x8d, 0x20, 0x2, 0x40, 0x2e, 0x77,
    0x28, 0x4b, 0xc0, 0x12, 0xd, 0x46, 0x22, 0x5c,
    0x2, 0x52, 0x20, 0x40, 0x7, 0x16, 0xf2, 0xb8,
    0x3, 0xbf, 0xe8, 0x0, 0x10, 0x81, 0x80, 0x7f,
    0xf0, 0xc, 0x1, 0xdf, 0xf4, 0x0, 0x73, 0x80,
    0x14, 0x3, 0xd4, 0xe2, 0x46, 0x10, 0x1, 0xcc,
    0xb0, 0x61, 0x0, 0x78, 0x82, 0x4f, 0x20, 0xa4,
    0x9, 0x20, 0x77, 0xdb, 0x0, 0x74, 0x1, 0x36,
    0x28, 0x80, 0xe, 0x70, 0x0,

    /* U+0405 "Ѕ" */
    0x0, 0xc, 0xef, 0xfb, 0x5c, 0x3, 0xf, 0xb1,
    0x0, 0xa, 0x30, 0x2, 0x81, 0x15, 0x77, 0x20,
    0xe, 0x40, 0xa, 0xc, 0xa2, 0x27, 0x70, 0x28,
    0x1, 0x81, 0x4c, 0x2, 0x8f, 0xc0, 0x4, 0x81,
    0x66, 0xca, 0x0, 0x71, 0xeb, 0x9, 0x35, 0xfc,
    0x80, 0x62, 0x9e, 0xc8, 0x30, 0x6b, 0x0, 0xa,
    0x0, 0xd, 0xf2, 0x41, 0x4, 0xfa, 0xd4, 0x3,
    0x28, 0x4, 0x66, 0xa, 0x71, 0x4, 0xe0, 0x21,
    0xe, 0x10, 0x8e, 0xfb, 0x20, 0xe0, 0x1, 0x7b,
    0x90, 0x0, 0x9b, 0x8c, 0x0,

    /* U+0406 "І" */
    0x9f, 0x90, 0xf, 0xfe, 0xc0,

    /* U+0407 "Ї" */
    0x5f, 0xa0, 0x9f, 0x60, 0xf, 0x1a, 0xfd, 0x4,
    0xfa, 0x80, 0x27, 0xe4, 0x3, 0xff, 0xfe, 0x1,
    0xff, 0x0,

    /* U+0408 "Ј" */
    0x0, 0xea, 0xf9, 0x0, 0xff, 0xfa, 0x98, 0x80,
    0x61, 0xcc, 0x58, 0x9a, 0x7, 0xc8, 0x2f, 0x60,
    0x89, 0x96, 0xcc, 0x0, 0xb8, 0x20,

    /* U+0409 "Љ" */
    0x0, 0x17, 0xff, 0xe9, 0x0, 0xff, 0xe9, 0x8,
    0x17, 0xfe, 0x30, 0xf, 0xfe, 0x3, 0x0, 0x80,
    0x67, 0x0, 0xff, 0xe0, 0x18, 0x38, 0x7, 0xff,
    0x17, 0x80, 0x80, 0x3c, 0xdf, 0xfb, 0x10, 0x3,
    0x10, 0x8, 0x7, 0xfc, 0x76, 0xa0, 0x13, 0x7,
    0x0, 0x79, 0xbf, 0xee, 0x40, 0x80, 0x8, 0xc1,
    0x40, 0x3f, 0xc3, 0x0, 0x40, 0x2, 0x0, 0x18,
    0x7, 0xff, 0x12, 0x0, 0x80, 0x3f, 0xe2, 0x80,
    0x20, 0xd5, 0x5, 0x0, 0xf9, 0xbf, 0xed, 0x40,
    0x80, 0x8, 0xe0, 0x3, 0xff, 0x80, 0x76, 0xa1,
    0x9d, 0x80, 0x1e, 0xbf, 0xff, 0x62, 0x0, 0x0,

    /* U+040A "Њ" */
    0xbf, 0x60, 0xe, 0x9f, 0x90, 0xf, 0xff, 0xb8,
    0x80, 0x7f, 0xf1, 0xa3, 0xff, 0x98, 0x1b, 0xff,
    0x6a, 0x80, 0x7f, 0xf1, 0x4a, 0x98, 0x2, 0x9f,
    0xfe, 0x60, 0x6f, 0xfb, 0x90, 0x20, 0x3, 0xff,
    0x86, 0x32, 0x2, 0x20, 0xf, 0xfe, 0xa9, 0x48,
    0x8, 0x80, 0x3f, 0xcd, 0xff, 0x6a, 0x4, 0x0,
    0x7f, 0xf1, 0xe, 0x98, 0x0,

    /* U+040B "Ћ" */
    0xff, 0xf1, 0x80, 0x7f, 0xf0, 0xfd, 0x2, 0x3f,
    0xc6, 0x1, 0xff, 0xc6, 0xcb, 0xef, 0xe9, 0x10,
    0xc, 0x88, 0x10, 0x16, 0xc0, 0xc, 0x55, 0xdc,
    0x90, 0x27, 0x0, 0xa9, 0x44, 0x4c, 0xc0, 0xc0,
    0xf, 0xd8, 0xa, 0x1, 0xf8, 0x40, 0x3f, 0xfa,
    0xe0,

    /* U+040C "Ќ" */
    0x0, 0xeb, 0xe0, 0xf, 0xc4, 0x8c, 0x1, 0xfa,
    0x82, 0x40, 0x3f, 0x65, 0x88, 0x7, 0xe4, 0x40,
    0x7, 0x5f, 0xb0, 0x6, 0xcf, 0xc0, 0xf, 0xa8,
    0xcb, 0x40, 0x3d, 0xa, 0x3e, 0x20, 0x1c, 0xce,
    0x1a, 0x40, 0x1c, 0x92, 0x14, 0x60, 0x1d, 0xf6,
    0x10, 0xa0, 0x1e, 0x60, 0x17, 0x0, 0xf9, 0x84,
    0x56, 0x1, 0xf7, 0xe8, 0x24, 0x80, 0x7c, 0x76,
    0xd, 0x0, 0x1f, 0x25, 0x3, 0xb0, 0x7, 0xcb,
    0x1, 0x28, 0x1, 0xf3, 0xb0, 0x59, 0x80,

    /* U+040D "Ѝ" */
    0x0, 0x97, 0xd0, 0x3, 0xf2, 0x8f, 0x80, 0x7f,
    0x32, 0x10, 0x7, 0xe9, 0xa0, 0xf, 0xe1, 0x52,
    0x0, 0xd7, 0xee, 0x1, 0xdb, 0xf4, 0x1, 0xf4,
    0x10, 0x7, 0xe3, 0x70, 0xf, 0xef, 0x0, 0xfe,
    0x73, 0x5, 0x0, 0xf1, 0x40, 0x49, 0x0, 0x7b,
    0x81, 0x18, 0x3, 0xce, 0x61, 0x40, 0x1e, 0xe8,
    0x9, 0x10, 0xf, 0x30, 0x1b, 0x0, 0x7f, 0x70,
    0x7, 0xf4, 0x10, 0x7, 0xe3, 0x70, 0xf, 0x80,

    /* U+040E "Ў" */
    0x0, 0xab, 0x0, 0x76, 0x0, 0x3d, 0xa7, 0xbe,
    0x5a, 0x1, 0xe7, 0x71, 0x4, 0x28, 0x7, 0xd1,
    0xfc, 0xe0, 0x1a, 0x7f, 0x40, 0x38, 0xbf, 0xc5,
    0x0, 0x4a, 0x1, 0xac, 0x14, 0x85, 0x82, 0x40,
    0x21, 0x60, 0x90, 0x5, 0x81, 0x98, 0x1, 0x20,
    0x86, 0x0, 0x25, 0x9, 0x0, 0x30, 0x78, 0x6,
    0x90, 0x51, 0x61, 0x34, 0x0, 0xc6, 0x81, 0x36,
    0x12, 0x1, 0xef, 0x7, 0x22, 0x28, 0x7, 0x90,
    0xc0, 0x16, 0x1, 0xfa, 0xc0, 0x58, 0x3, 0xf5,
    0x84, 0x80, 0x7e, 0x43, 0x17, 0x0, 0xfd, 0x0,
    0xc0, 0x1e,

    /* U+040F "Џ" */
    0xbf, 0x60, 0xf, 0x4f, 0xc8, 0x7, 0xff, 0xfc,
    0x3, 0xff, 0xae, 0x20, 0x1f, 0xf4, 0x7f, 0xf9,
    0x80, 0x3f, 0xf8, 0x57, 0xff, 0x68, 0x3, 0xff,
    0x48, 0x7, 0xff, 0x0,

    /* U+0410 "А" */
    0x0, 0xd7, 0xfe, 0xc0, 0xf, 0xc8, 0x0, 0x31,
    0x0, 0xf2, 0x80, 0x90, 0x38, 0x7, 0xbc, 0x1d,
    0x43, 0x40, 0x3c, 0xa1, 0xb6, 0x8, 0x20, 0x19,
    0x0, 0x50, 0xc4, 0x10, 0x3, 0x68, 0x20, 0x1,
    0xc3, 0xc0, 0x33, 0x87, 0x80, 0x34, 0x14, 0x2,
    0x31, 0xa, 0xff, 0x58, 0x1, 0x0, 0x16, 0x1,
    0xfb, 0x40, 0xa, 0x13, 0xff, 0xa8, 0x1c, 0x8,
    0x80, 0xe0, 0x19, 0x40, 0x4d, 0x40, 0xc4, 0x3,
    0x94, 0x2c,

    /* U+0411 "Б" */
    0xbf, 0xff, 0xb8, 0x3, 0xff, 0x83, 0x1f, 0xfd,
    0xc0, 0x10, 0x80, 0x7f, 0x8, 0x7, 0xf4, 0x7f,
    0xec, 0x40, 0xf, 0xc7, 0x66, 0x0, 0x9f, 0xfb,
    0x8c, 0x20, 0x3, 0xc3, 0x0, 0xa0, 0x1f, 0x8,
    0x7, 0xe2, 0x90, 0x50, 0x4, 0xff, 0xda, 0x61,
    0x0, 0x1f, 0x1d, 0x98,

    /* U+0412 "В" */
    0xbf, 0xfe, 0xe7, 0x0, 0xfc, 0x31, 0x20, 0x14,
    0x7f, 0xd0, 0xc, 0x20, 0x1e, 0x70, 0x1, 0x0,
    0x79, 0x80, 0x4, 0x0, 0x8f, 0xfa, 0x42, 0x4,
    0x3, 0xf6, 0x80, 0x51, 0xff, 0x60, 0xab, 0x80,
    0x78, 0xe4, 0x2c, 0x3, 0xff, 0x88, 0x72, 0xa,
    0x0, 0x8f, 0xfb, 0x4, 0x2c, 0x3, 0xe4, 0xc2,

    /* U+0413 "Г" */
    0xbf, 0xff, 0xa8, 0x3, 0xfe, 0x8f, 0xfe, 0xa0,
    0x0, 0x80, 0x7f, 0xff, 0xc0, 0x3f, 0xf8, 0x0,

    /* U+0414 "Д" */
    0x0, 0xab, 0xff, 0xed, 0x0, 0xc2, 0x1, 0xff,
    0xc0, 0x70, 0xaf, 0xfa, 0x80, 0x3c, 0x20, 0x20,
    0x1f, 0xe3, 0x7, 0x0, 0xff, 0x8, 0x8, 0x7,
    0xff, 0x0, 0xc0, 0x3f, 0x88, 0x0, 0x20, 0x1f,
    0xcc, 0x2, 0x1, 0xfe, 0xd0, 0x40, 0xf, 0xe5,
    0x60, 0xe0, 0xf, 0xcf, 0x40, 0xb, 0xff, 0xd4,
    0x5, 0xa0, 0x1f, 0xfc, 0x34, 0xff, 0xfa, 0x80,
    0x3f, 0xf8, 0x6d, 0xb4, 0x1, 0xf2, 0xef, 0x80,

    /* U+0415 "Е" */
    0xbf, 0xff, 0xa8, 0x3, 0xfe, 0x8f, 0xfe, 0xa0,
    0x0, 0x80, 0x7f, 0xf1, 0x67, 0xff, 0x40, 0x7,
    0xff, 0x2, 0x3f, 0xf4, 0x0, 0x42, 0x1, 0xff,
    0xc5, 0x10, 0xf, 0xd1, 0xff, 0xd4, 0x1, 0xfc,

    /* U+0416 "Ж" */
    0x2f, 0xf3, 0x80, 0x5b, 0xea, 0x0, 0x1e, 0xf9,
    0x2, 0x90, 0x83, 0x0, 0xfa, 0x84, 0xa4, 0x0,
    0xca, 0x1c, 0x1, 0xe6, 0x40, 0xf0, 0xd, 0x62,
    0x50, 0x1, 0x86, 0x42, 0x8, 0x3, 0xd, 0x3,
    0x98, 0x5, 0x40, 0x8e, 0x1, 0xe4, 0x70, 0xe3,
    0xe, 0x41, 0xa0, 0xf, 0xd4, 0x4, 0x20, 0x80,
    0xe2, 0x1, 0xfb, 0x80, 0x84, 0x10, 0x19, 0x0,
    0x3e, 0x83, 0xf, 0x30, 0xe5, 0xa, 0x10, 0xe,
    0x37, 0x9, 0x20, 0xa, 0x88, 0x68, 0x3, 0xe,
    0x82, 0xb0, 0x7, 0x70, 0x23, 0x80, 0x54, 0x22,
    0xb0, 0xf, 0x1c, 0x4, 0x18, 0x3a, 0x6, 0x88,
    0x7, 0xce, 0x81, 0xc0,

    /* U+0417 "З" */
    0x0, 0x9f, 0x7f, 0xda, 0xe0, 0x10, 0xec, 0x10,
    0x0, 0xa3, 0x0, 0x2, 0xe5, 0x7d, 0xc9, 0x3,
    0x50, 0x5, 0x6a, 0x8, 0x98, 0x80, 0x80, 0x3e,
    0x62, 0x3, 0x0, 0xcd, 0xfe, 0x90, 0x44, 0x0,
    0x7f, 0x38, 0x80, 0x66, 0xed, 0xa1, 0x3a, 0x0,
    0xe1, 0x25, 0xb0, 0x40, 0x5c, 0x0, 0xe3, 0x0,
    0xd, 0x1e, 0x20, 0x89, 0x60, 0x14, 0x68, 0xe,
    0xfb, 0x94, 0x25, 0x60, 0xba, 0xc2, 0x0, 0x38,
    0xd1,

    /* U+0418 "И" */
    0xbf, 0x70, 0xe, 0xdf, 0xa0, 0xf, 0xa0, 0x80,
    0x3f, 0x1b, 0x80, 0x7f, 0x78, 0x7, 0xf3, 0x98,
    0x28, 0x7, 0x8a, 0x2, 0x48, 0x3, 0xdc, 0x8,
    0xc0, 0x1e, 0x73, 0xa, 0x0, 0xf7, 0x40, 0x48,
    0x80, 0x79, 0x80, 0xd8, 0x3, 0xfb, 0x80, 0x3f,
    0xa0, 0x80, 0x3f, 0x1b, 0x80, 0x7c,

    /* U+0419 "Й" */
    0x0, 0x1f, 0xc0, 0x57, 0x90, 0x6, 0x32, 0x7c,
    0x53, 0x20, 0xe, 0xf3, 0x3b, 0x40, 0x3c, 0x59,
    0xf8, 0x20, 0x15, 0xfb, 0x80, 0x76, 0xfd, 0x0,
    0x7d, 0x4, 0x1, 0xf8, 0xdc, 0x3, 0xfb, 0xc0,
    0x3f, 0x9c, 0xc1, 0x40, 0x3c, 0x50, 0x12, 0x40,
    0x1e, 0xe0, 0x46, 0x0, 0xf3, 0x98, 0x50, 0x7,
    0xba, 0x2, 0x44, 0x3, 0xcc, 0x6, 0xc0, 0x1f,
    0xdc, 0x1, 0xfd, 0x4, 0x1, 0xf8, 0xdc, 0x3,
    0xe0,

    /* U+041A "К" */
    0xbf, 0x60, 0xd, 0x9f, 0x80, 0x1f, 0x51, 0x96,
    0x80, 0x7a, 0x14, 0x7c, 0x40, 0x39, 0x9c, 0x34,
    0x80, 0x39, 0x24, 0x28, 0xc0, 0x3b, 0xec, 0x21,
    0x40, 0x3c, 0xc0, 0x2e, 0x1, 0xf3, 0x8, 0xac,
    0x3, 0xef, 0xd0, 0x49, 0x0, 0xf8, 0xec, 0x1a,
    0x0, 0x3e, 0x4a, 0x7, 0x60, 0xf, 0x96, 0x2,
    0x50, 0x3, 0xe7, 0x60, 0xb3,

    /* U+041B "Л" */
    0x0, 0xbf, 0xff, 0x60, 0x7, 0xff, 0x8, 0x40,
    0x1d, 0xff, 0x40, 0x6, 0x30, 0x0, 0x80, 0x42,
    0x1, 0x84, 0x4, 0x3, 0xf9, 0x80, 0x80, 0x3f,
    0x8c, 0x1c, 0x3, 0xfb, 0xc0, 0x80, 0x3f, 0x88,
    0x3c, 0x3, 0xf9, 0x41, 0x40, 0x3f, 0x20, 0x81,
    0x80, 0x7d, 0x16, 0xa, 0x1, 0xf8, 0x80, 0xa0,
    0x3, 0xf5, 0x76, 0x90, 0x7, 0x37, 0xe0,

    /* U+041C "М" */
    0xbf, 0x70, 0xf, 0x87, 0xfc, 0x40, 0x9, 0x0,
    0xfa, 0x0, 0x38, 0x58, 0x3, 0x85, 0x80, 0x3d,
    0x0, 0x1d, 0x20, 0x1f, 0xb, 0x0, 0x42, 0xe0,
    0x1e, 0x60, 0xb0, 0xa, 0x41, 0x4, 0x3, 0x69,
    0x11, 0x80, 0xe, 0x10, 0x1, 0xe8, 0xb, 0x7,
    0x3, 0x30, 0x7, 0x94, 0x88, 0xd2, 0x10, 0x1,
    0xfa, 0xc2, 0x44, 0xd0, 0x3, 0xf3, 0x8, 0x2,
    0x40, 0x3f, 0xd2, 0x4, 0xa0, 0x1f, 0xe7, 0x18,
    0x0, 0xf0,

    /* U+041D "Н" */
    0xbf, 0x60, 0xe, 0x7f, 0xb0, 0xf, 0xff, 0x14,
    0xff, 0xf4, 0x0, 0x7f, 0xf0, 0xe3, 0xff, 0xa0,
    0x3, 0x8, 0x7, 0xff, 0xa0,

    /* U+041E "О" */
    0x0, 0x8e, 0xbb, 0xfd, 0x8e, 0x1, 0xcf, 0x8a,
    0x20, 0x3, 0x8d, 0x10, 0x2, 0xc0, 0x2e, 0x77,
    0x24, 0x4b, 0x0, 0x10, 0xb, 0x46, 0x22, 0x6d,
    0x2, 0x63, 0x20, 0x80, 0xe, 0x35, 0xd, 0x50,
    0x12, 0x0, 0xf6, 0x2, 0x88, 0x18, 0x7, 0xc6,
    0x2, 0x20, 0x30, 0xf, 0x8c, 0x5, 0x40, 0x48,
    0x3, 0xd8, 0xa, 0x64, 0x10, 0x1, 0xc6, 0xa1,
    0xa1, 0x0, 0xb4, 0x60, 0x2d, 0xa0, 0x4c, 0xb,
    0x0, 0xb9, 0xfd, 0x22, 0x58, 0x1, 0x3e, 0x28,
    0x80, 0xe, 0x34, 0x40,

    /* U+041F "П" */
    0xbf, 0xff, 0xec, 0x0, 0xff, 0xe0, 0xc7, 0xff,
    0x48, 0x6, 0x10, 0xf, 0xff, 0xf8, 0x7, 0xff,
    0x50,

    /* U+0420 "Р" */
    0xbf, 0xff, 0x59, 0x80, 0x7e, 0x4c, 0x30, 0x4,
    0x7f, 0xda, 0x41, 0x0, 0x1, 0x0, 0x8a, 0x1,
    0x40, 0x3f, 0xf8, 0x85, 0x20, 0xa0, 0x9, 0xff,
    0xb4, 0xc2, 0x0, 0x3e, 0x3b, 0x30, 0x4, 0xff,
    0xec, 0x40, 0xf, 0xfe, 0xe8,

    /* U+0421 "С" */
    0x0, 0x8e, 0xbb, 0xfd, 0x8e, 0x1, 0xcf, 0x8a,
    0x20, 0x3, 0x8d, 0x10, 0x2, 0xc0, 0x2e, 0x77,
    0x24, 0x4b, 0x40, 0x10, 0xb, 0x46, 0x22, 0x6d,
    0x3, 0x53, 0x20, 0x80, 0xe, 0x39, 0xa4, 0x50,
    0x12, 0x0, 0xf3, 0x28, 0x88, 0xc, 0x3, 0xfc,
    0x20, 0x60, 0x1f, 0xe5, 0x1, 0x20, 0xf, 0x32,
    0x81, 0x90, 0x40, 0x7, 0x1c, 0xd2, 0x84, 0x2,
    0xd1, 0x88, 0x9b, 0x40, 0xd4, 0x16, 0x1, 0x73,
    0xb9, 0x22, 0x5a, 0x1, 0x3e, 0x28, 0x80, 0xe,
    0x34, 0x40,

    /* U+0422 "Т" */
    0xdf, 0xff, 0xeb, 0x0, 0xff, 0xb7, 0xfe, 0x50,
    0x6f, 0xfa, 0xc0, 0x3c, 0x20, 0x1f, 0xff, 0xf0,
    0xf, 0xfe, 0x80,

    /* U+0423 "У" */
    0x9f, 0xd0, 0xe, 0x2f, 0xf1, 0x40, 0x12, 0x80,
    0x6b, 0x5, 0x21, 0x60, 0x90, 0x8, 0x58, 0x24,
    0x1, 0x60, 0x66, 0x0, 0x48, 0x21, 0x80, 0x9,
    0x42, 0x40, 0xc, 0x1e, 0x1, 0xa4, 0x14, 0x58,
    0x4d, 0x0, 0x31, 0xa0, 0x4d, 0x84, 0x80, 0x7b,
    0xc1, 0xc8, 0x8a, 0x1, 0xe4, 0x30, 0x5, 0x80,
    0x7e, 0xb0, 0x16, 0x0, 0xfd, 0x61, 0x20, 0x1f,
    0x90, 0xc5, 0xc0, 0x3f, 0x40, 0x30, 0x7, 0x80,

    /* U+0424 "Ф" */
    0x0, 0xe7, 0xfb, 0x0, 0xf9, 0x77, 0xe0, 0x13,
    0xf9, 0xc0, 0x25, 0xa2, 0x0, 0xe1, 0x8a, 0x0,
    0x58, 0x2f, 0xc0, 0x27, 0xc0, 0x29, 0xa0, 0x85,
    0x0, 0x73, 0x98, 0x51, 0x1, 0x80, 0x7c, 0x80,
    0x42, 0x1, 0xfd, 0xe0, 0x2, 0x2, 0x0, 0xfb,
    0x40, 0x90, 0x5, 0xc0, 0x38, 0xd4, 0x30, 0x5c,
    0x23, 0xa4, 0x13, 0x70, 0xd, 0x42, 0x1c, 0x4,
    0x40, 0x2, 0x4, 0xd0, 0xa, 0x3f, 0x1c, 0xf,
    0x3a, 0xc4, 0x3, 0x8f, 0xc1, 0xcc, 0x40, 0x20,

    /* U+0425 "Х" */
    0x5f, 0xf2, 0x0, 0x67, 0xff, 0x1a, 0xa0, 0x50,
    0x4, 0x50, 0xe, 0x61, 0x42, 0x29, 0x0, 0x70,
    0x14, 0x0, 0x6, 0xc1, 0x8d, 0x8c, 0x38, 0x3,
    0x2a, 0x7, 0x48, 0x39, 0x80, 0x75, 0x1, 0x1,
    0x40, 0x7, 0x85, 0x80, 0x16, 0x1, 0xf1, 0x30,
    0x2, 0x4, 0x3, 0xdc, 0x6, 0x22, 0xb0, 0xe,
    0x73, 0xe, 0xa0, 0x54, 0x0, 0x8a, 0x2, 0x9,
    0x14, 0x28, 0x40, 0x1c, 0x6, 0xe0, 0xb, 0x11,
    0x58, 0x39, 0x87, 0x80, 0x43, 0x60, 0xa8,

    /* U+0426 "Ц" */
    0xbf, 0x60, 0xe, 0x4f, 0xe0, 0xf, 0xff, 0xf8,
    0x7, 0xff, 0xbe, 0x7b, 0xba, 0xc0, 0x79, 0x0,
    0x21, 0x1e, 0x0, 0x84, 0x57, 0xff, 0xfc, 0x40,
    0x1f, 0xfc, 0xdd, 0xf5,

    /* U+0427 "Ч" */
    0xbf, 0x70, 0xc, 0x9f, 0xc0, 0x1f, 0xfd, 0x4f,
    0x0, 0xf8, 0x81, 0x0, 0x3e, 0xd0, 0x38, 0x21,
    0x48, 0x0, 0x22, 0x1, 0xf7, 0xac, 0xc0, 0x2b,
    0x71, 0x0, 0x1b, 0x0, 0x68, 0xef, 0xf6, 0x68,
    0x7, 0xff, 0x50,

    /* U+0428 "Ш" */
    0xbf, 0x60, 0xa, 0x7e, 0x40, 0x26, 0xfc, 0x0,
    0xff, 0xff, 0x80, 0x7f, 0xfc, 0x84, 0x3, 0xff,
    0x85, 0x1f, 0xf3, 0x3, 0x7f, 0xd2, 0x1, 0xff,
    0xc5,

    /* U+0429 "Щ" */
    0xbf, 0x60, 0xa, 0x7e, 0x40, 0x26, 0xfc, 0x0,
    0xff, 0xff, 0x80, 0x7f, 0xff, 0xc0, 0x3f, 0xf9,
    0x93, 0xdd, 0x30, 0x37, 0x75, 0x20, 0x7c, 0x60,
    0x10, 0x8c, 0x1, 0x8, 0xc0, 0x10, 0x85, 0xff,
    0xff, 0xf0, 0x40, 0x3f, 0xf9, 0x0,

    /* U+042A "Ъ" */
    0xf, 0xfb, 0x80, 0x3f, 0x90, 0xc0, 0x3f, 0xeb,
    0x80, 0xf, 0xfe, 0xe0, 0xff, 0xee, 0x80, 0xf,
    0xf8, 0x5e, 0x80, 0x38, 0x7f, 0xf4, 0x2, 0x98,
    0x7, 0xf3, 0x90, 0x28, 0x7, 0xff, 0x29, 0xc8,
    0x14, 0x3, 0xf, 0xfe, 0x80, 0x43, 0x0, 0xfe,
    0x17, 0xb0,

    /* U+042B "Ы" */
    0xcf, 0x60, 0xf, 0xd9, 0xec, 0x1, 0xff, 0xee,
    0x9f, 0xfd, 0x66, 0x1, 0xff, 0xc0, 0x4c, 0x30,
    0xf, 0x4f, 0xfd, 0xa4, 0x10, 0x1, 0xfe, 0x28,
    0x5, 0x0, 0xff, 0xe6, 0x14, 0x2, 0x80, 0x7a,
    0x7f, 0xed, 0x20, 0x80, 0xf, 0xf9, 0x30, 0xc0,
    0x30,

    /* U+042C "Ь" */
    0xcf, 0x60, 0xf, 0xff, 0x2c, 0xff, 0xeb, 0x30,
    0xf, 0xc9, 0x86, 0x0, 0x9f, 0xfb, 0x48, 0x20,
    0x3, 0xc5, 0x0, 0xa0, 0x1f, 0xfc, 0x42, 0x80,
    0x50, 0x4, 0xff, 0xda, 0x41, 0x0, 0x1f, 0x26,
    0x18,

    /* U+042D "Э" */
    0x0, 0x9f, 0x3f, 0xdd, 0x46, 0x1, 0x8b, 0x60,
    0xc0, 0x2, 0xb8, 0xe0, 0x17, 0x90, 0xcf, 0x73,
    0x14, 0x21, 0x1, 0x8, 0x31, 0x84, 0x47, 0x4e,
    0x12, 0x9, 0xda, 0x40, 0x1d, 0x20, 0x44, 0x1,
    0x20, 0x4, 0x7f, 0xdc, 0x0, 0x70, 0xf, 0xfe,
    0x1, 0x80, 0x74, 0x7f, 0xdc, 0x0, 0x31, 0x79,
    0x0, 0xf2, 0x80, 0x1c, 0xe1, 0x98, 0x1, 0xd0,
    0x4, 0x53, 0x4, 0xc1, 0xa, 0x61, 0x84, 0x80,
    0x24, 0xc1, 0xf7, 0xac, 0xc2, 0x50, 0x2, 0xc9,
    0x30, 0x0, 0xae, 0x30, 0x0,

    /* U+042E "Ю" */
    0xbf, 0x60, 0xc, 0xd9, 0xfe, 0xd7, 0x0, 0xfe,
    0xb9, 0x30, 0x1, 0x46, 0x0, 0x7c, 0xe8, 0xf,
    0xdc, 0x80, 0x38, 0x0, 0xf4, 0x83, 0x40, 0x89,
    0xe0, 0x1c, 0x3, 0x8c, 0x42, 0xc0, 0x33, 0x0,
    0x10, 0x1, 0x3f, 0x80, 0x2, 0x0, 0xc2, 0x40,
    0x60, 0x1e, 0x10, 0xf, 0x8, 0x6, 0x7d, 0x80,
    0x10, 0xf, 0x8, 0x6, 0xe2, 0x40, 0x1, 0x0,
    0x61, 0x20, 0x30, 0xc, 0x62, 0x14, 0x1, 0x98,
    0x0, 0x80, 0x1d, 0x20, 0xee, 0x11, 0x3c, 0x3,
    0x80, 0x79, 0xd0, 0x23, 0xb9, 0x0, 0x70, 0x1,
    0xf5, 0xc9, 0x80, 0xa, 0x30, 0x0,

    /* U+042F "Я" */
    0x0, 0x26, 0x7f, 0xfa, 0x81, 0x6c, 0xc0, 0x3f,
    0x40, 0x26, 0xff, 0xcc, 0x1, 0x10, 0x41, 0x0,
    0x42, 0x1, 0xff, 0xc2, 0x20, 0x81, 0x0, 0xfa,
    0x1, 0x3b, 0xfe, 0x70, 0x9, 0x6c, 0x3, 0xfc,
    0xe0, 0xc, 0xff, 0x30, 0x6, 0x80, 0x43, 0x0,
    0x8, 0x4, 0x48, 0x1e, 0x1, 0xf5, 0x81, 0x20,
    0x7, 0x85, 0x82, 0xc0, 0x3e,

    /* U+0430 "а" */
    0x0, 0x26, 0x7f, 0xb6, 0x0, 0x24, 0xb3, 0x0,
    0x13, 0xd8, 0x3, 0x81, 0xbb, 0xe8, 0x10, 0x82,
    0xb6, 0x44, 0xc0, 0x26, 0x0, 0x2e, 0xfe, 0x50,
    0x6, 0xc8, 0x23, 0x79, 0x10, 0x1, 0x98, 0x37,
    0x21, 0x84, 0x3, 0x9, 0x0, 0x28, 0x2, 0x31,
    0x17, 0x5f, 0x29, 0x0, 0x58, 0x82, 0x85, 0x68,
    0x0,

    /* U+0431 "б" */
    0x0, 0xfc, 0x20, 0x1c, 0x2d, 0x5b, 0xfc, 0x20,
    0x12, 0x7c, 0xa9, 0x1, 0x18, 0x0, 0xec, 0x56,
    0xfb, 0xf4, 0x80, 0x10, 0x11, 0x48, 0x20, 0x1c,
    0x80, 0x59, 0xfe, 0xc3, 0x0, 0x10, 0x2, 0x8c,
    0x0, 0x78, 0x40, 0x20, 0x3, 0xdf, 0xc1, 0x9,
    0x7, 0x0, 0x79, 0x1, 0xc0, 0x20, 0x38, 0x0,
    0x80, 0x25, 0x0, 0x8c, 0x0, 0x40, 0x12, 0x80,
    0x80, 0x10, 0x3c, 0xc1, 0x20, 0x1c, 0x1, 0x22,
    0x79, 0xf6, 0x25, 0x0, 0x2, 0xc5, 0x10, 0x27,
    0xc1, 0x0,

    /* U+0432 "в" */
    0xcf, 0xfe, 0xb1, 0x0, 0x89, 0x10, 0x9, 0xa0,
    0x15, 0x5d, 0xc0, 0x60, 0x1f, 0xfc, 0xa, 0xbb,
    0x82, 0x40, 0x22, 0x44, 0x0, 0x34, 0x2, 0x8f,
    0xf7, 0x12, 0x30, 0x7, 0x8, 0x80, 0x40, 0x15,
    0x56, 0x18, 0x20, 0x0, 0x95, 0x46, 0x52, 0x60,

    /* U+0433 "г" */
    0xbf, 0xff, 0x18, 0x7, 0xfa, 0x3f, 0xf1, 0x80,
    0x4, 0x3, 0xff, 0xd2,

    /* U+0434 "д" */
    0x0, 0x37, 0xff, 0xb8, 0x3, 0x89, 0x10, 0x60,
    0x1c, 0x20, 0xb7, 0x68, 0x0, 0xef, 0xf, 0x0,
    0xfc, 0x40, 0x40, 0x1f, 0x98, 0x4, 0x3, 0xf1,
    0x3, 0x0, 0x7c, 0x62, 0x22, 0x0, 0xf2, 0xe0,
    0x1d, 0xdd, 0x0, 0x32, 0x40, 0x2, 0x44, 0x8c,
    0x0, 0x80, 0x6, 0xff, 0xec, 0x0, 0xff, 0xe0,
    0xb6, 0xc0, 0x7, 0x1e, 0xf8,

    /* U+0435 "е" */
    0x0, 0xc, 0xf7, 0xf4, 0x88, 0x4, 0x3e, 0xc2,
    0x33, 0x78, 0x80, 0x28, 0x4b, 0x7b, 0x88, 0x30,
    0x2, 0x81, 0x24, 0x3, 0x0, 0xe0, 0x40, 0xb,
    0xff, 0xb0, 0x4, 0x4e, 0x0, 0x55, 0xe3, 0x51,
    0x50, 0x7, 0x55, 0x57, 0xd4, 0x2, 0x81, 0x26,
    0x7, 0xba, 0xb0, 0x5, 0x9, 0x67, 0xe1, 0x84,
    0x0, 0x7, 0xdc, 0x40, 0x57, 0x4c, 0x0,

    /* U+0436 "ж" */
    0x4f, 0xf1, 0x0, 0xfe, 0x80, 0x17, 0xfc, 0x28,
    0xc1, 0x20, 0x1c, 0x36, 0x12, 0x21, 0x22, 0x8c,
    0x1, 0xa0, 0x51, 0x80, 0x2a, 0x9, 0x30, 0x2,
    0x30, 0x50, 0x6, 0x46, 0xe, 0x3, 0x90, 0xa1,
    0x0, 0xff, 0xe0, 0x18, 0x7, 0x2b, 0x7, 0x1,
    0xf0, 0x49, 0x0, 0x43, 0x61, 0x46, 0x0, 0x36,
    0xe, 0x0, 0xa8, 0x51, 0x40, 0x34, 0x91, 0xc0,
    0x3a, 0xd, 0x0, 0x7b, 0x81, 0xd0,

    /* U+0437 "з" */
    0x0, 0x46, 0xff, 0xa8, 0x80, 0x1a, 0xe4, 0x0,
    0x5c, 0x10, 0x84, 0xcf, 0xc0, 0x14, 0x5, 0xb3,
    0x0, 0xcc, 0x1, 0x47, 0xe0, 0x11, 0x80, 0x5c,
    0x84, 0x4, 0x60, 0x13, 0x5e, 0xa8, 0x51, 0xee,
    0x90, 0x9, 0xc0, 0x2, 0x65, 0x7f, 0xa4, 0x14,
    0x5e, 0xe4, 0x0, 0x4c, 0x30,

    /* U+0438 "и" */
    0xcf, 0x50, 0x9, 0xbe, 0xc0, 0x38, 0xa4, 0x3,
    0xef, 0x0, 0xfa, 0x48, 0x40, 0x39, 0x58, 0xa0,
    0x3, 0x15, 0x87, 0x0, 0x74, 0xc, 0x18, 0x7,
    0x91, 0xc0, 0x3c, 0x34, 0x1, 0xf5, 0x88, 0x7,
    0x0,

    /* U+0439 "й" */
    0x0, 0x3b, 0x1, 0x41, 0x80, 0x59, 0x39, 0x87,
    0x0, 0xd4, 0x86, 0x14, 0x60, 0x10, 0xdf, 0xf2,
    0x80, 0x33, 0xd4, 0x2, 0x6f, 0xb0, 0xe, 0x29,
    0x0, 0xfb, 0xc0, 0x3e, 0x92, 0x10, 0xe, 0x56,
    0x28, 0x0, 0xc5, 0x61, 0xc0, 0x1d, 0x3, 0x6,
    0x1, 0xe4, 0x70, 0xf, 0xd, 0x0, 0x7d, 0x62,
    0x1, 0xc0,

    /* U+043A "к" */
    0xbf, 0x70, 0x2, 0xff, 0x94, 0x3, 0x8a, 0x81,
    0x94, 0x3, 0xb8, 0xe, 0x40, 0xe, 0x0, 0x93,
    0xe, 0x0, 0xeb, 0x60, 0xa2, 0x0, 0xff, 0xe1,
    0xdb, 0x85, 0x18, 0x7, 0xa1, 0x3, 0x44, 0x3,
    0xd4, 0x22, 0xd0, 0xf, 0xe, 0x81, 0xd0, 0x0,

    /* U+043B "л" */
    0x0, 0x47, 0xff, 0xa8, 0x0, 0x20, 0x1f, 0xc6,
    0x15, 0xfe, 0x70, 0xc, 0xc0, 0x20, 0x1f, 0x8,
    0x30, 0x7, 0xc4, 0x6, 0x1, 0xe1, 0x0, 0x8,
    0x7, 0x9c, 0xc, 0x3, 0xd1, 0x20, 0x80, 0x1e,
    0x20, 0x19, 0x0, 0xf5, 0x6f, 0x8, 0x5, 0x1f,
    0x40,

    /* U+043C "м" */
    0xcf, 0x40, 0xe, 0x4f, 0xc0, 0x4, 0x0, 0x74,
    0x0, 0x63, 0x40, 0x9, 0xc, 0x3, 0xa0, 0x2,
    0x80, 0xe, 0x13, 0x40, 0x43, 0x10, 0xc, 0xc1,
    0x1, 0x1, 0x20, 0x1b, 0x54, 0xe4, 0xd0, 0xc0,
    0x3a, 0x1, 0x82, 0x0, 0x3c, 0x4a, 0x8, 0x60,
    0x1f, 0x40, 0x40, 0x6,

    /* U+043D "н" */
    0xcf, 0x60, 0x8, 0xff, 0xc0, 0x1f, 0xfd, 0x19,
    0xff, 0xb0, 0x3, 0xff, 0x83, 0x3f, 0xf6, 0x0,
    0x7f, 0xf4, 0x40,

    /* U+043E "о" */
    0x0, 0xc, 0xf7, 0xf5, 0x10, 0x4, 0x3e, 0xc2,
    0x2, 0xba, 0x60, 0xa, 0x12, 0xcf, 0xc2, 0xe,
    0x1, 0x40, 0x93, 0x3, 0xf0, 0x23, 0x50, 0x2,
    0x0, 0x44, 0x0, 0x50, 0xf, 0xf9, 0x40, 0x8,
    0x1, 0x10, 0x1, 0x45, 0x2, 0x90, 0xf, 0xc0,
    0x8c, 0x28, 0x45, 0x7f, 0x84, 0x1c, 0x0, 0x1f,
    0x61, 0x1, 0x5d, 0x30,

    /* U+043F "п" */
    0xcf, 0xff, 0xac, 0x3, 0xfe, 0x9f, 0xf9, 0xc0,
    0x3f, 0x78, 0x7, 0xff, 0xb0,

    /* U+0440 "р" */
    0xcf, 0x7c, 0xff, 0x59, 0x0, 0x68, 0x30, 0x2,
    0x69, 0x80, 0x43, 0xbf, 0xa6, 0x1c, 0x1, 0x41,
    0x1, 0x78, 0x11, 0x80, 0x8, 0x2, 0x30, 0x3,
    0x0, 0x7f, 0xf0, 0x8, 0x2, 0x30, 0x3, 0x80,
    0x20, 0x80, 0x7c, 0x8, 0x80, 0x1, 0xdf, 0xe3,
    0xe, 0x0, 0x94, 0xc0, 0x9, 0x86, 0x1, 0x66,
    0x3f, 0xd6, 0x60, 0x1f, 0xfd, 0x40,

    /* U+0441 "с" */
    0x0, 0xc, 0xf7, 0xf4, 0x88, 0x0, 0xbd, 0x84,
    0x5, 0xbc, 0x42, 0x44, 0xb3, 0xec, 0x45, 0x2,
    0x81, 0x26, 0x9, 0x53, 0x6a, 0x0, 0x40, 0x9,
    0x18, 0x80, 0x3f, 0xca, 0x0, 0x40, 0x8, 0xd0,
    0x44, 0x81, 0x26, 0x7, 0xb7, 0x1, 0x22, 0x59,
    0xf8, 0x22, 0x80, 0x2f, 0x61, 0x1, 0x6f, 0x10,

    /* U+0442 "т" */
    0x8f, 0xff, 0xc2, 0x2, 0x20, 0x8, 0x46, 0x8,
    0xee, 0x58, 0xf, 0x74, 0x20, 0x1f, 0xff, 0xa0,

    /* U+0443 "у" */
    0x9f, 0xa0, 0xc, 0xbf, 0x94, 0xa, 0x20, 0x14,
    0x85, 0x19, 0x81, 0x80, 0x4, 0x60, 0xc1, 0x21,
    0x40, 0xa, 0x5, 0x0, 0x28, 0x91, 0x83, 0x4,
    0x80, 0x4c, 0x14, 0x82, 0x46, 0x1, 0x50, 0x37,
    0x85, 0x0, 0x62, 0x40, 0x40, 0x60, 0xe, 0xe0,
    0x2, 0x8, 0x7, 0x28, 0x3, 0x80, 0x3c, 0x60,
    0x2a, 0x1, 0xeb, 0x6, 0x0, 0xf9, 0x82, 0x80,
    0x3c, 0x82, 0x64, 0x1, 0x80,

    /* U+0444 "ф" */
    0x0, 0xe3, 0xfb, 0x0, 0xff, 0xe5, 0xb, 0x83,
    0x88, 0x7, 0x93, 0x7a, 0xc0, 0xfb, 0xe8, 0x40,
    0x9, 0x64, 0x2, 0x0, 0x10, 0x5d, 0x0, 0x48,
    0x27, 0xe8, 0x27, 0x60, 0x1a, 0x91, 0x2, 0x40,
    0x38, 0xd8, 0x3d, 0x80, 0x4, 0x1, 0xef, 0x6,
    0x0, 0xff, 0xe0, 0xb0, 0x0, 0x80, 0x3d, 0xe0,
    0xc4, 0x40, 0x90, 0xe, 0x36, 0xc, 0x9, 0x4,
    0xee, 0x2, 0x6e, 0x1, 0xb0, 0x25, 0x10, 0x90,
    0x0, 0x81, 0x74, 0x2, 0x5d, 0xeb, 0x3, 0xdf,
    0xa1, 0x0, 0xe1, 0x70, 0x72, 0x0, 0xff, 0xe9,
    0x0,

    /* U+0445 "х" */
    0x6f, 0xf1, 0x0, 0xf, 0xfc, 0xac, 0x81, 0xe0,
    0xe, 0x5, 0x50, 0x50, 0x94, 0x40, 0x86, 0x80,
    0x3, 0x40, 0xee, 0xd, 0x0, 0xc8, 0xc0, 0x7,
    0x30, 0xe, 0x30, 0x0, 0x80, 0x72, 0xa8, 0x0,
    0xca, 0x1, 0x15, 0x4, 0x40, 0x2c, 0x40, 0x1c,
    0x6, 0xee, 0x31, 0xa0, 0x73, 0xe, 0x0, 0x70,
    0x23, 0x80,

    /* U+0446 "ц" */
    0xcf, 0x60, 0x9, 0xfe, 0xc0, 0x3f, 0xff, 0xde,
    0x1, 0xe9, 0xff, 0x9c, 0x13, 0xe4, 0x3, 0xfe,
    0xcf, 0xff, 0x98, 0x3, 0xff, 0x93, 0x3f, 0x20,

    /* U+0447 "ч" */
    0x4f, 0xe0, 0x8, 0x7f, 0xc2, 0x1, 0xff, 0xc8,
    0x70, 0x10, 0xf, 0x88, 0x0, 0xe0, 0x4, 0x0,
    0x85, 0x42, 0x3f, 0xd4, 0x1, 0xa9, 0x84, 0x5,
    0x40, 0x3a, 0x7b, 0xfa, 0xc0, 0x3f, 0xf9, 0x60,

    /* U+0448 "ш" */
    0xcf, 0x50, 0x7, 0xf8, 0x80, 0x7f, 0xc0, 0x1f,
    0xff, 0xf0, 0xf, 0xfa, 0xbb, 0x80, 0xc, 0xef,
    0x0, 0xe1, 0x10, 0x0, 0x46, 0x0, 0x0,

    /* U+0449 "щ" */
    0xcf, 0x50, 0x7, 0xf8, 0x80, 0x7f, 0xc0, 0x1f,
    0xff, 0xf0, 0xf, 0xfe, 0x3d, 0x77, 0x0, 0x19,
    0xde, 0x0, 0xc0, 0x8, 0x44, 0x0, 0x11, 0x80,
    0x5, 0x9f, 0xff, 0xd6, 0x1, 0xff, 0xcd, 0x4f,
    0xe0,

    /* U+044A "ъ" */
    0xaf, 0xf8, 0x3, 0xed, 0x30, 0xf, 0xe7, 0xf0,
    0xf, 0xfe, 0xd, 0xda, 0xa4, 0xc0, 0x3c, 0x88,
    0x56, 0xc5, 0x0, 0xef, 0xf9, 0x42, 0xc0, 0x3f,
    0x48, 0x8, 0x7, 0xe5, 0x0, 0xfa, 0xee, 0x90,
    0x60, 0xe, 0x44, 0x85, 0xe4, 0x0,

    /* U+044B "ы" */
    0xcf, 0x60, 0xe, 0x2f, 0xf0, 0x7, 0xff, 0x3e,
    0xed, 0x50, 0x40, 0x1f, 0x12, 0x2b, 0xe9, 0x80,
    0x7a, 0x7f, 0x8c, 0x20, 0x3, 0xf0, 0xd0, 0x30,
    0x7, 0xf7, 0x80, 0x80, 0x7a, 0xed, 0x8c, 0x14,
    0x1, 0xe2, 0x43, 0x29, 0x60, 0xc,

    /* U+044C "ь" */
    0xcf, 0x60, 0xf, 0xfe, 0x75, 0xdd, 0x4c, 0x1,
    0x89, 0x10, 0xb3, 0x80, 0x14, 0xff, 0xac, 0xd,
    0x40, 0x39, 0x10, 0x1a, 0x1, 0xe5, 0xe, 0x0,
    0x5d, 0xdc, 0x20, 0xe0, 0x2, 0x44, 0xa, 0x60,
    0x80,

    /* U+044D "э" */
    0x0, 0x3e, 0xff, 0xb1, 0x0, 0x2a, 0x82, 0x0,
    0x1d, 0xb0, 0x22, 0x84, 0x77, 0x18, 0x24, 0x93,
    0x29, 0xc4, 0x52, 0x40, 0xa0, 0x6a, 0x1f, 0xf1,
    0x6, 0x80, 0x65, 0x44, 0x8, 0x4, 0x8e, 0x15,
    0x76, 0x0, 0x69, 0xdc, 0x40, 0x45, 0x42, 0xa,
    0x6c, 0xf, 0xdc, 0x50, 0x82, 0x9, 0x91, 0x80,
    0xe, 0xdc, 0x0,

    /* U+044E "ю" */
    0xcf, 0x60, 0x9, 0xf7, 0xfd, 0x66, 0x1, 0xf5,
    0x41, 0x0, 0x13, 0x14, 0x3, 0x91, 0x42, 0xbb,
    0x50, 0x28, 0x40, 0x1c, 0x5c, 0x10, 0xa2, 0x56,
    0x0, 0x70, 0x3, 0xea, 0x82, 0x0, 0x63, 0xf,
    0x0, 0xf3, 0x80, 0x7f, 0x4f, 0xb0, 0x18, 0x6,
    0x30, 0xf0, 0xd, 0xa1, 0xa, 0x25, 0x60, 0x7,
    0x0, 0xc8, 0xc1, 0x5d, 0xa8, 0x14, 0x20, 0x1d,
    0x32, 0x20, 0x2, 0x62, 0x80,

    /* U+044F "я" */
    0x0, 0x47, 0x7f, 0xf2, 0x4, 0x38, 0x9a, 0x20,
    0x3, 0x30, 0x46, 0x5d, 0x84, 0x2, 0x10, 0x40,
    0xf, 0x88, 0x24, 0x40, 0x3d, 0x0, 0xbd, 0xfe,
    0x10, 0x9, 0x68, 0x0, 0x88, 0x0, 0xee, 0x7,
    0xbb, 0x8, 0x4, 0xa8, 0x30, 0x1, 0xc3, 0x61,
    0x40, 0x1e,

    /* U+0450 "ѐ" */
    0x0, 0x9b, 0xcc, 0x3, 0xf3, 0x4, 0x80, 0x7f,
    0x32, 0x88, 0x7, 0xe8, 0xa0, 0xf, 0xe1, 0x51,
    0x0, 0xf0, 0xcf, 0x7f, 0x48, 0x80, 0x43, 0xec,
    0x23, 0x37, 0x88, 0x2, 0x84, 0xb7, 0xb8, 0x83,
    0x0, 0x28, 0x12, 0x40, 0x30, 0xe, 0x4, 0x0,
    0xbf, 0xfb, 0x0, 0x44, 0xe0, 0x5, 0x5e, 0x35,
    0x15, 0x0, 0x75, 0x55, 0x7d, 0x40, 0x28, 0x12,
    0x60, 0x7b, 0xab, 0x0, 0x50, 0x96, 0x7e, 0x18,
    0x40, 0x0, 0x7d, 0xc4, 0x5, 0x74, 0xc0,

    /* U+0451 "ё" */
    0x0, 0x27, 0xd8, 0x4f, 0xb0, 0x7, 0x84, 0x3,
    0xf2, 0x7d, 0x4, 0xfb, 0x0, 0x61, 0x9e, 0xfe,
    0x91, 0x0, 0x87, 0xd8, 0x46, 0x6f, 0x10, 0x5,
    0x9, 0x6f, 0x71, 0x6, 0x0, 0x50, 0x24, 0x80,
    0x60, 0x1c, 0x8, 0x1, 0x7f, 0xf6, 0x0, 0x89,
    0xc0, 0xa, 0xbc, 0x6a, 0x2a, 0x0, 0xea, 0xaa,
    0xfa, 0x80, 0x50, 0x24, 0xc0, 0xf7, 0x56, 0x0,
    0xa1, 0x2c, 0xfc, 0x30, 0x80, 0x0, 0xfb, 0x88,
    0xa, 0xe9, 0x80,

    /* U+0452 "ђ" */
    0xb, 0xf2, 0x0, 0xfa, 0xd0, 0x37, 0xc4, 0x3,
    0x8c, 0x41, 0x10, 0x20, 0x1d, 0xa, 0x1e, 0x5d,
    0xfa, 0xc0, 0x1d, 0x4c, 0x20, 0x52, 0xc0, 0x18,
    0x67, 0xb0, 0x82, 0xc0, 0x32, 0xb0, 0x9c, 0x81,
    0x8, 0x5, 0xa0, 0x12, 0x80, 0xc, 0x3, 0xe1,
    0x0, 0xff, 0xf2, 0x5f, 0xb8, 0x7, 0xff, 0x31,
    0x6c, 0x0, 0x60, 0x1e, 0xf4, 0x7, 0x10, 0xf,
    0x56, 0xf4, 0x0,

    /* U+0453 "ѓ" */
    0x0, 0x85, 0x48, 0x3, 0xa6, 0x80, 0x3c, 0xc8,
    0x40, 0x19, 0x47, 0xc0, 0x39, 0x7d, 0x0, 0x2b,
    0xff, 0xf1, 0x80, 0x7f, 0xa3, 0xff, 0x18, 0x0,
    0x40, 0x3f, 0xfd, 0x20,

    /* U+0454 "є" */
    0x0, 0xc, 0xf7, 0xf4, 0x88, 0x0, 0xbd, 0x84,
    0x5, 0xbc, 0x82, 0x44, 0xb3, 0xec, 0x45, 0x2,
    0x81, 0x26, 0x9, 0xb7, 0x4a, 0x0, 0xbf, 0xf2,
    0x9a, 0x0, 0x64, 0x49, 0x80, 0x25, 0x0, 0x75,
    0xd8, 0xd1, 0x88, 0x50, 0x2d, 0x1, 0x2a, 0x6c,
    0x24, 0x45, 0x7f, 0x62, 0x28, 0x2, 0xf6, 0x10,
    0x16, 0xf1,

    /* U+0455 "ѕ" */
    0x0, 0x3e, 0xff, 0xb1, 0x40, 0x28, 0x81, 0x8,
    0x1d, 0x30, 0x1, 0x82, 0x7b, 0xd8, 0x28, 0x0,
    0x61, 0x84, 0x13, 0xd8, 0x0, 0x90, 0x5d, 0xe9,
    0x20, 0x9, 0x3e, 0x54, 0x5b, 0x20, 0x0, 0x48,
    0xd5, 0xf0, 0xe, 0x5, 0xb6, 0xe0, 0x1, 0x0,
    0x89, 0x82, 0x3f, 0xa4, 0x18, 0x1, 0x32, 0x30,
    0x12, 0x89, 0x0,

    /* U+0456 "і" */
    0x9f, 0x91, 0x0, 0x47, 0xcc, 0xbe, 0x40, 0x3f,
    0xf9, 0xe0,

    /* U+0457 "ї" */
    0x5f, 0xa0, 0x9f, 0x60, 0xf, 0x1a, 0xfd, 0x4,
    0xfa, 0x80, 0x27, 0xe4, 0x3, 0xff, 0xea,

    /* U+0458 "ј" */
    0x0, 0x27, 0xf0, 0x7, 0xc9, 0xfc, 0x0, 0x4f,
    0xe0, 0xf, 0xff, 0x46, 0x80, 0xf, 0xd8, 0x14,
    0x2, 0x39,

    /* U+0459 "љ" */
    0x0, 0x47, 0xff, 0x90, 0x3, 0xe1, 0x0, 0xff,
    0xe1, 0x18, 0x57, 0xf8, 0x40, 0x3f, 0x98, 0x4,
    0x3, 0x45, 0xd9, 0xc4, 0x2, 0x10, 0x60, 0xc,
    0x68, 0x88, 0xf1, 0x0, 0x10, 0x18, 0x6, 0xbf,
    0xd1, 0x14, 0x80, 0x80, 0x4, 0x3, 0xc4, 0xc0,
    0x40, 0x80, 0x60, 0x1f, 0x90, 0xe, 0x28, 0x10,
    0x3, 0xa2, 0xf4, 0xc2, 0x88, 0x6, 0x40, 0x38,
    0xd0, 0x8e, 0xce, 0xb7, 0x84, 0x2, 0xef, 0xfd,
    0x88, 0x0,

    /* U+045A "њ" */
    0xcf, 0x60, 0x2, 0x7e, 0x80, 0x7f, 0xf6, 0x2e,
    0xe8, 0x2, 0xbb, 0x52, 0x80, 0x62, 0x44, 0x18,
    0x1, 0x10, 0xb5, 0x20, 0x14, 0xff, 0xac, 0xb,
    0xfd, 0x20, 0xc4, 0x1, 0xfe, 0x61, 0x6, 0x0,
    0xff, 0x10, 0x83, 0x80, 0x7c, 0x57, 0x6d, 0x2,
    0x30, 0xf, 0xc8, 0x80, 0x5c, 0x0,

    /* U+045B "ћ" */
    0xc, 0xf2, 0x0, 0xfa, 0xcc, 0x37, 0xc4, 0x3,
    0x8c, 0x41, 0x10, 0x20, 0x1d, 0x4, 0x1e, 0x5d,
    0xfa, 0xc0, 0x1d, 0x6c, 0x20, 0x52, 0xc0, 0x1d,
    0x3d, 0x84, 0x16, 0x1, 0x95, 0x84, 0xe4, 0x8,
    0x40, 0x22, 0x0, 0x94, 0x0, 0x60, 0x17, 0x80,
    0x42, 0x1, 0xff, 0xe3,

    /* U+045C "ќ" */
    0x0, 0xca, 0x80, 0x1f, 0x1d, 0x18, 0x7, 0xd4,
    0xc, 0x1, 0xe1, 0x66, 0x8, 0x7, 0x87, 0xe4,
    0x3, 0xaf, 0xdc, 0x0, 0xbf, 0xe5, 0x0, 0xe2,
    0xa0, 0x65, 0x0, 0xee, 0x3, 0x90, 0x3, 0x80,
    0x24, 0xc3, 0x80, 0x3a, 0xd8, 0x28, 0x80, 0x3f,
    0xf8, 0x76, 0xe1, 0x46, 0x1, 0xe8, 0x40, 0xd1,
    0x0, 0xf5, 0x8, 0xb4, 0x3, 0xc3, 0xa0, 0x74,
    0x0,

    /* U+045D "ѝ" */
    0x0, 0x91, 0x0, 0x1f, 0x6d, 0x88, 0x7, 0xa8,
    0x18, 0x3, 0xc6, 0x6a, 0x0, 0xfb, 0x34, 0x2,
    0xcf, 0x50, 0x9, 0xbe, 0xc0, 0x38, 0xa4, 0x3,
    0xef, 0x0, 0xfa, 0x48, 0x40, 0x39, 0x58, 0xa0,
    0x3, 0x15, 0x87, 0x0, 0x74, 0xc, 0x18, 0x7,
    0x91, 0xc0, 0x3c, 0x34, 0x1, 0xf5, 0x88, 0x7,
    0x0,

    /* U+045E "ў" */
    0x0, 0x37, 0x30, 0xe6, 0x80, 0x67, 0x9, 0xe3,
    0x50, 0xc, 0x38, 0xcb, 0x30, 0x1, 0xc5, 0x34,
    0xc0, 0x14, 0xfd, 0x0, 0x65, 0xfc, 0xa0, 0x51,
    0x0, 0xa4, 0x28, 0xcc, 0xc, 0x0, 0x23, 0x6,
    0x9, 0xa, 0x0, 0x50, 0x28, 0x1, 0x44, 0x8c,
    0x18, 0x24, 0x2, 0x60, 0xa4, 0x12, 0x30, 0xa,
    0x81, 0xbc, 0x28, 0x3, 0x12, 0x2, 0x3, 0x0,
    0x77, 0x0, 0x10, 0x40, 0x39, 0x40, 0x1c, 0x1,
    0xe3, 0x1, 0x50, 0xf, 0x58, 0x30, 0x7, 0xcc,
    0x14, 0x1, 0xe4, 0x13, 0x20, 0xc,

    /* U+045F "џ" */
    0xcf, 0x60, 0x9, 0xfe, 0xc0, 0x3f, 0xfe, 0x1e,
    0x1, 0xa7, 0xfe, 0x70, 0xf, 0xfb, 0x3f, 0xd0,
    0xb, 0xfe, 0xb0, 0xf, 0xe0,

    /* U+0490 "Ґ" */
    0x0, 0xf2, 0xfe, 0x80, 0x7f, 0x5f, 0xff, 0x50,
    0x7, 0xff, 0x6, 0x3f, 0xfb, 0x40, 0x2, 0x1,
    0xff, 0xff, 0x0, 0xff, 0xe0, 0x0,

    /* U+0491 "ґ" */
    0x0, 0xef, 0xf1, 0x80, 0x7e, 0xbf, 0xfc, 0x1,
    0xff, 0xc1, 0x8f, 0xfc, 0x60, 0x1, 0x0, 0xff,
    0xf4, 0x80,

    /* U+04AE "Ү" */
    0xbf, 0xd0, 0xe, 0xcf, 0xb9, 0x2, 0x60, 0x9,
    0x4c, 0x24, 0x98, 0x20, 0x2, 0xb0, 0x62, 0x8,
    0x11, 0x40, 0x40, 0x8a, 0x0, 0x3, 0x0, 0xe8,
    0xe1, 0x2, 0x1, 0x31, 0x5, 0x81, 0x30, 0x7,
    0x48, 0x5, 0x20, 0x1e, 0x44, 0x2, 0x20, 0x3,
    0xe2, 0x2, 0x0, 0xff, 0xf2, 0x0,

    /* U+04AF "ү" */
    0x7f, 0xb0, 0xd, 0x9e, 0xcc, 0x4, 0x10, 0x0,
    0x98, 0x38, 0xa0, 0x38, 0x1, 0x81, 0x4, 0x34,
    0x34, 0x1, 0x61, 0xc0, 0x6, 0x4, 0x12, 0x30,
    0x50, 0x9, 0x41, 0x94, 0x18, 0x3, 0x70, 0x5d,
    0x5, 0x0, 0x64, 0x13, 0x22, 0x18, 0x7, 0x38,
    0x1, 0x40, 0x3d, 0x40, 0xa, 0x0, 0xf1, 0x0,
    0xc, 0x3, 0xff, 0x96,

    /* U+04BA "Һ" */
    0xbf, 0x70, 0xf, 0xfe, 0xde, 0x5f, 0x7f, 0x48,
    0x80, 0x48, 0x81, 0x1, 0x6c, 0x0, 0x8a, 0xbb,
    0x92, 0x4, 0xe0, 0xa, 0x51, 0x13, 0x30, 0x30,
    0x3, 0xec, 0x5, 0x0, 0xf8, 0x40, 0x3f, 0xfa,
    0x80,

    /* U+04BB "һ" */
    0xaf, 0x80, 0xf, 0xfe, 0x72, 0x67, 0xfb, 0xc,
    0x2, 0x33, 0x8, 0x1e, 0x10, 0x1, 0x7b, 0x9a,
    0x20, 0xa0, 0x2, 0x10, 0x27, 0xd, 0x0, 0xf0,
    0x80, 0x80, 0x7f, 0xf1, 0x80,

    /* U+04E8 "Ө" */
    0x0, 0x8e, 0xbb, 0xfd, 0x8e, 0x1, 0xcf, 0x8a,
    0x20, 0x3, 0x8d, 0x10, 0x2, 0xc0, 0x2e, 0x77,
    0x24, 0x4b, 0x0, 0x10, 0xb, 0x46, 0x22, 0x6d,
    0x2, 0x63, 0x20, 0x80, 0xe, 0x35, 0xd, 0x50,
    0x6, 0xff, 0xf9, 0x41, 0x44, 0x3, 0xfe, 0x11,
    0x0, 0x37, 0x7e, 0x70, 0x15, 0x0, 0x88, 0xbe,
    0x5, 0x32, 0x8, 0x0, 0xe3, 0x50, 0xd0, 0x80,
    0x5a, 0x30, 0x16, 0xd0, 0x26, 0x5, 0x80, 0x5c,
    0xfe, 0x91, 0x2c, 0x0, 0x9f, 0x14, 0x40, 0x7,
    0x1a, 0x20,

    /* U+04E9 "ө" */
    0x0, 0xc, 0xf7, 0xf5, 0x10, 0x4, 0x3e, 0xc2,
    0x2, 0xba, 0x60, 0xa, 0x12, 0xcf, 0xc2, 0xe,
    0x1, 0x40, 0x93, 0x3, 0xf0, 0x23, 0x50, 0x5,
    0xff, 0xda, 0x0, 0x50, 0x9, 0x13, 0x80, 0x25,
    0x0, 0x7d, 0xdd, 0x20, 0x5, 0x14, 0xa, 0x40,
    0x3f, 0x2, 0x30, 0xa1, 0x15, 0xfe, 0x10, 0x70,
    0x0, 0x7d, 0x84, 0x5, 0x74, 0xc0,

    /* U+2013 "–" */
    0xab, 0xbf, 0x3a, 0x27, 0xda,

    /* U+2014 "—" */
    0xab, 0xbf, 0xf5, 0x22, 0x7f, 0xca,

    /* U+2018 "‘" */
    0xaf, 0x90, 0x8, 0xda, 0xb8, 0x88, 0xc2, 0xe0,

    /* U+2019 "’" */
    0x7f, 0xc0, 0x9, 0x5d, 0xc6, 0x62, 0x52, 0x80,

    /* U+201C "“" */
    0x7, 0x60, 0x76, 0x65, 0x2a, 0xa9, 0x79, 0xc3,
    0x5c, 0x5, 0x64, 0x16, 0x40, 0x3c,

    /* U+201D "”" */
    0x9f, 0xa8, 0xfa, 0x0, 0xf5, 0xb0, 0x53, 0x0,
    0x17, 0x40, 0xb5, 0xd1, 0xdc, 0x6e,

    /* U+2022 "•" */
    0x0, 0x84, 0x2, 0x5e, 0xe6, 0x90, 0xd0, 0x81,
    0x49, 0x0, 0x65, 0x31, 0x0, 0x90, 0x34, 0x81,
    0x2c,

    /* U+2026 "…" */
    0x23, 0x20, 0x23, 0x10, 0x33, 0xd, 0xe4, 0x4,
    0xe4, 0x86, 0xe2, 0x0, 0x7f, 0xc0,

    /* U+2212 "−" */
    0x11, 0xfd, 0xfd, 0xde, 0xb6, 0x6f, 0xbc
};


/*---------------------
 *  GLYPH DESCRIPTION
 *--------------------*/

static const lv_font_fmt_txt_glyph_dsc_t glyph_dsc[] = {
    {.bitmap_index = 0, .adv_w = 0, .box_w = 0, .box_h = 0, .ofs_x = 0, .ofs_y = 0} /* id = 0 reserved */,
    {.bitmap_index = 0, .adv_w = 58, .box_w = 0, .box_h = 0, .ofs_x = 0, .ofs_y = 0},
    {.bitmap_index = 0, .adv_w = 104, .box_w = 3, .box_h = 13, .ofs_x = 2, .ofs_y = 0},
    {.bitmap_index = 11, .adv_w = 134, .box_w = 6, .box_h = 4, .ofs_x = 1, .ofs_y = 9},
    {.bitmap_index = 20, .adv_w = 268, .box_w = 15, .box_h = 13, .ofs_x = 1, .ofs_y = 0},
    {.bitmap_index = 101, .adv_w = 181, .box_w = 11, .box_h = 17, .ofs_x = 0, .ofs_y = -2},
    {.bitmap_index = 187, .adv_w = 259, .box_w = 15, .box_h = 13, .ofs_x = 1, .ofs_y = 0},
    {.bitmap_index = 278, .adv_w = 193, .box_w = 12, .box_h = 13, .ofs_x = 0, .ofs_y = 0},
    {.bitmap_index = 350, .adv_w = 75, .box_w = 3, .box_h = 4, .ofs_x = 1, .ofs_y = 9},
    {.bitmap_index = 355, .adv_w = 130, .box_w = 6, .box_h = 20, .ofs_x = 2, .ofs_y = -4},
    {.bitmap_index = 410, .adv_w = 130, .box_w = 6, .box_h = 20, .ofs_x = 0, .ofs_y = -4},
    {.bitmap_index = 466, .adv_w = 134, .box_w = 8, .box_h = 7, .ofs_x = 0, .ofs_y = 6},
    {.bitmap_index = 494, .adv_w = 165, .box_w = 9, .box_h = 9, .ofs_x = 1, .ofs_y = 2},
    {.bitmap_index = 518, .adv_w = 87, .box_w = 3, .box_h = 6, .ofs_x = 1, .ofs_y = -3},
    {.bitmap_index = 527, .adv_w = 121, .box_w = 6, .box_h = 2, .ofs_x = 1, .ofs_y = 5},
    {.bitmap_index = 532, .adv_w = 87, .box_w = 3, .box_h = 3, .ofs_x = 1, .ofs_y = 0},
    {.bitmap_index = 537, .adv_w = 125, .box_w = 6, .box_h = 13, .ofs_x = 1, .ofs_y = 0},
    {.bitmap_index = 576, .adv_w = 190, .box_w = 10, .box_h = 13, .ofs_x = 1, .ofs_y = 0},
    {.bitmap_index = 624, .adv_w = 126, .box_w = 5, .box_h = 13, .ofs_x = 1, .ofs_y = 0},
    {.bitmap_index = 639, .adv_w = 172, .box_w = 10, .box_h = 13, .ofs_x = 0, .ofs_y = 0},
    {.bitmap_index = 698, .adv_w = 167, .box_w = 10, .box_h = 13, .ofs_x = 0, .ofs_y = 0},
    {.bitmap_index = 751, .adv_w = 175, .box_w = 11, .box_h = 13, .ofs_x = 0, .ofs_y = 0},
    {.bitmap_index = 805, .adv_w = 169, .box_w = 10, .box_h = 13, .ofs_x = 0, .ofs_y = 0},
    {.bitmap_index = 862, .adv_w = 179, .box_w = 10, .box_h = 13, .ofs_x = 1, .ofs_y = 0},
    {.bitmap_index = 927, .adv_w = 154, .box_w = 9, .box_h = 13, .ofs_x = 0, .ofs_y = 0},
    {.bitmap_index = 971, .adv_w = 176, .box_w = 9, .box_h = 13, .ofs_x = 1, .ofs_y = 0},
    {.bitmap_index = 1027, .adv_w = 179, .box_w = 10, .box_h = 13, .ofs_x = 0, .ofs_y = 0},
    {.bitmap_index = 1089, .adv_w = 99, .box_w = 4, .box_h = 8, .ofs_x = 1, .ofs_y = 1},
    {.bitmap_index = 1104, .adv_w = 99, .box_w = 4, .box_h = 13, .ofs_x = 1, .ofs_y = -3},
    {.bitmap_index = 1125, .adv_w = 184, .box_w = 7, .box_h = 9, .ofs_x = 2, .ofs_y = 1},
    {.bitmap_index = 1155, .adv_w = 216, .box_w = 10, .box_h = 5, .ofs_x = 2, .ofs_y = 4},
    {.bitmap_index = 1169, .adv_w = 184, .box_w = 6, .box_h = 9, .ofs_x = 3, .ofs_y = 1},
    {.bitmap_index = 1197, .adv_w = 159, .box_w = 10, .box_h = 13, .ofs_x = 0, .ofs_y = 0},
    {.bitmap_index = 1251, .adv_w = 263, .box_w = 15, .box_h = 14, .ofs_x = 1, .ofs_y = -2},
    {.bitmap_index = 1350, .adv_w = 193, .box_w = 12, .box_h = 13, .ofs_x = 0, .ofs_y = 0},
    {.bitmap_index = 1416, .adv_w = 182, .box_w = 10, .box_h = 13, .ofs_x = 1, .ofs_y = 0},
    {.bitmap_index = 1464, .adv_w = 213, .box_w = 13, .box_h = 13, .ofs_x = 0, .ofs_y = 0},
    {.bitmap_index = 1538, .adv_w = 202, .box_w = 11, .box_h = 13, .ofs_x = 1, .ofs_y = 0},
    {.bitmap_index = 1590, .adv_w = 168, .box_w = 9, .box_h = 13, .ofs_x = 1, .ofs_y = 0},
    {.bitmap_index = 1622, .adv_w = 151, .box_w = 9, .box_h = 13, .ofs_x = 1, .ofs_y = 0},
    {.bitmap_index = 1649, .adv_w = 211, .box_w = 13, .box_h = 13, .ofs_x = 0, .ofs_y = 0},
    {.bitmap_index = 1727, .adv_w = 208, .box_w = 11, .box_h = 13, .ofs_x = 1, .ofs_y = 0},
    {.bitmap_index = 1748, .adv_w = 81, .box_w = 3, .box_h = 13, .ofs_x = 1, .ofs_y = 0},
    {.bitmap_index = 1753, .adv_w = 144, .box_w = 8, .box_h = 13, .ofs_x = 0, .ofs_y = 0},
    {.bitmap_index = 1775, .adv_w = 186, .box_w = 11, .box_h = 13, .ofs_x = 1, .ofs_y = 0},
    {.bitmap_index = 1828, .adv_w = 154, .box_w = 9, .box_h = 13, .ofs_x = 1, .ofs_y = 0},
    {.bitmap_index = 1841, .adv_w = 246, .box_w = 14, .box_h = 13, .ofs_x = 1, .ofs_y = 0},
    {.bitmap_index = 1907, .adv_w = 207, .box_w = 11, .box_h = 13, .ofs_x = 1, .ofs_y = 0},
    {.bitmap_index = 1953, .adv_w = 216, .box_w = 13, .box_h = 13, .ofs_x = 0, .ofs_y = 0},
    {.bitmap_index = 2029, .adv_w = 184, .box_w = 10, .box_h = 13, .ofs_x = 1, .ofs_y = 0},
    {.bitmap_index = 2066, .adv_w = 216, .box_w = 13, .box_h = 13, .ofs_x = 0, .ofs_y = 0},
    {.bitmap_index = 2144, .adv_w = 190, .box_w = 11, .box_h = 13, .ofs_x = 1, .ofs_y = 0},
    {.bitmap_index = 2196, .adv_w = 189, .box_w = 12, .box_h = 13, .ofs_x = 0, .ofs_y = 0},
    {.bitmap_index = 2273, .adv_w = 175, .box_w = 11, .box_h = 13, .ofs_x = 0, .ofs_y = 0},
    {.bitmap_index = 2292, .adv_w = 207, .box_w = 11, .box_h = 13, .ofs_x = 1, .ofs_y = 0},
    {.bitmap_index = 2326, .adv_w = 184, .box_w = 12, .box_h = 13, .ofs_x = 0, .ofs_y = 0},
    {.bitmap_index = 2395, .adv_w = 281, .box_w = 18, .box_h = 13, .ofs_x = 0, .ofs_y = 0},
    {.bitmap_index = 2504, .adv_w = 189, .box_w = 12, .box_h = 13, .ofs_x = 0, .ofs_y = 0},
    {.bitmap_index = 2575, .adv_w = 176, .box_w = 11, .box_h = 13, .ofs_x = 0, .ofs_y = 0},
    {.bitmap_index = 2621, .adv_w = 191, .box_w = 12, .box_h = 13, .ofs_x = 0, .ofs_y = 0},
    {.bitmap_index = 2674, .adv_w = 122, .box_w = 5, .box_h = 20, .ofs_x = 2, .ofs_y = -4},
    {.bitmap_index = 2689, .adv_w = 125, .box_w = 6, .box_h = 13, .ofs_x = 1, .ofs_y = 0},
    {.bitmap_index = 2726, .adv_w = 122, .box_w = 5, .box_h = 20, .ofs_x = 1, .ofs_y = -4},
    {.bitmap_index = 2741, .adv_w = 196, .box_w = 10, .box_h = 7, .ofs_x = 1, .ofs_y = 7},
    {.bitmap_index = 2771, .adv_w = 190, .box_w = 12, .box_h = 2, .ofs_x = 0, .ofs_y = -2},
    {.bitmap_index = 2777, .adv_w = 155, .box_w = 4, .box_h = 4, .ofs_x = 2, .ofs_y = 14},
    {.bitmap_index = 2786, .adv_w = 166, .box_w = 10, .box_h = 10, .ofs_x = 0, .ofs_y = 0},
    {.bitmap_index = 2835, .adv_w = 177, .box_w = 10, .box_h = 13, .ofs_x = 1, .ofs_y = 0},
    {.bitmap_index = 2886, .adv_w = 166, .box_w = 10, .box_h = 10, .ofs_x = 0, .ofs_y = 0},
    {.bitmap_index = 2934, .adv_w = 178, .box_w = 10, .box_h = 13, .ofs_x = 0, .ofs_y = 0},
    {.bitmap_index = 2986, .adv_w = 173, .box_w = 11, .box_h = 10, .ofs_x = 0, .ofs_y = 0},
    {.bitmap_index = 3041, .adv_w = 109, .box_w = 7, .box_h = 13, .ofs_x = 0, .ofs_y = 0},
    {.bitmap_index = 3066, .adv_w = 177, .box_w = 10, .box_h = 14, .ofs_x = 0, .ofs_y = -4},
    {.bitmap_index = 3133, .adv_w = 180, .box_w = 10, .box_h = 13, .ofs_x = 1, .ofs_y = 0},
    {.bitmap_index = 3167, .adv_w = 81, .box_w = 3, .box_h = 13, .ofs_x = 1, .ofs_y = 0},
    {.bitmap_index = 3177, .adv_w = 83, .box_w = 5, .box_h = 17, .ofs_x = -1, .ofs_y = -4},
    {.bitmap_index = 3195, .adv_w = 155, .box_w = 10, .box_h = 13, .ofs_x = 1, .ofs_y = 0},
    {.bitmap_index = 3237, .adv_w = 81, .box_w = 3, .box_h = 13, .ofs_x = 1, .ofs_y = 0},
    {.bitmap_index = 3242, .adv_w = 259, .box_w = 15, .box_h = 10, .ofs_x = 1, .ofs_y = 0},
    {.bitmap_index = 3282, .adv_w = 180, .box_w = 10, .box_h = 10, .ofs_x = 1, .ofs_y = 0},
    {.bitmap_index = 3312, .adv_w = 178, .box_w = 11, .box_h = 10, .ofs_x = 0, .ofs_y = 0},
    {.bitmap_index = 3364, .adv_w = 177, .box_w = 10, .box_h = 14, .ofs_x = 1, .ofs_y = -4},
    {.bitmap_index = 3418, .adv_w = 178, .box_w = 10, .box_h = 14, .ofs_x = 0, .ofs_y = -4},
    {.bitmap_index = 3472, .adv_w = 115, .box_w = 6, .box_h = 10, .ofs_x = 1, .ofs_y = 0},
    {.bitmap_index = 3488, .adv_w = 156, .box_w = 10, .box_h = 10, .ofs_x = 0, .ofs_y = 0},
    {.bitmap_index = 3539, .adv_w = 125, .box_w = 7, .box_h = 13, .ofs_x = 0, .ofs_y = 0},
    {.bitmap_index = 3572, .adv_w = 180, .box_w = 9, .box_h = 10, .ofs_x = 1, .ofs_y = 0},
    {.bitmap_index = 3602, .adv_w = 159, .box_w = 10, .box_h = 10, .ofs_x = 0, .ofs_y = 0},
    {.bitmap_index = 3649, .adv_w = 231, .box_w = 15, .box_h = 10, .ofs_x = 0, .ofs_y = 0},
    {.bitmap_index = 3723, .adv_w = 160, .box_w = 10, .box_h = 10, .ofs_x = 0, .ofs_y = 0},
    {.bitmap_index = 3773, .adv_w = 161, .box_w = 10, .box_h = 14, .ofs_x = 0, .ofs_y = -4},
    {.bitmap_index = 3834, .adv_w = 154, .box_w = 9, .box_h = 10, .ofs_x = 0, .ofs_y = 0},
    {.bitmap_index = 3871, .adv_w = 129, .box_w = 6, .box_h = 20, .ofs_x = 2, .ofs_y = -4},
    {.bitmap_index = 3907, .adv_w = 87, .box_w = 3, .box_h = 13, .ofs_x = 1, .ofs_y = 0},
    {.bitmap_index = 3912, .adv_w = 129, .box_w = 6, .box_h = 20, .ofs_x = 0, .ofs_y = -4},
    {.bitmap_index = 3947, .adv_w = 206, .box_w = 10, .box_h = 4, .ofs_x = 1, .ofs_y = 4},
    {.bitmap_index = 3967, .adv_w = 58, .box_w = 0, .box_h = 0, .ofs_x = 0, .ofs_y = 0},
    {.bitmap_index = 3967, .adv_w = 104, .box_w = 3, .box_h = 13, .ofs_x = 2, .ofs_y = -3},
    {.bitmap_index = 3978, .adv_w = 166, .box_w = 10, .box_h = 14, .ofs_x = 0, .ofs_y = -1},
    {.bitmap_index = 4043, .adv_w = 164, .box_w = 10, .box_h = 13, .ofs_x = 0, .ofs_y = 0},
    {.bitmap_index = 4093, .adv_w = 193, .box_w = 12, .box_h = 12, .ofs_x = 0, .ofs_y = 1},
    {.bitmap_index = 4162, .adv_w = 176, .box_w = 11, .box_h = 13, .ofs_x = 0, .ofs_y = 0},
    {.bitmap_index = 4230, .adv_w = 87, .box_w = 3, .box_h = 17, .ofs_x = 1, .ofs_y = -4},
    {.bitmap_index = 4244, .adv_w = 156, .box_w = 10, .box_h = 15, .ofs_x = 0, .ofs_y = -3},
    {.bitmap_index = 4320, .adv_w = 160, .box_w = 6, .box_h = 2, .ofs_x = 2, .ofs_y = 14},
    {.bitmap_index = 4325, .adv_w = 255, .box_w = 16, .box_h = 15, .ofs_x = 0, .ofs_y = -1},
    {.bitmap_index = 4442, .adv_w = 92, .box_w = 6, .box_h = 5, .ofs_x = 0, .ofs_y = 5},
    {.bitmap_index = 4458, .adv_w = 169, .box_w = 9, .box_h = 9, .ofs_x = 1, .ofs_y = 0},
    {.bitmap_index = 4499, .adv_w = 173, .box_w = 9, .box_h = 4, .ofs_x = 1, .ofs_y = 3},
    {.bitmap_index = 4509, .adv_w = 121, .box_w = 6, .box_h = 2, .ofs_x = 1, .ofs_y = 5},
    {.bitmap_index = 4514, .adv_w = 189, .box_w = 10, .box_h = 11, .ofs_x = 1, .ofs_y = 4},
    {.bitmap_index = 4568, .adv_w = 146, .box_w = 5, .box_h = 2, .ofs_x = 2, .ofs_y = 15},
    {.bitmap_index = 4573, .adv_w = 130, .box_w = 8, .box_h = 7, .ofs_x = 0, .ofs_y = 7},
    {.bitmap_index = 4602, .adv_w = 173, .box_w = 9, .box_h = 9, .ofs_x = 1, .ofs_y = 1},
    {.bitmap_index = 4634, .adv_w = 119, .box_w = 7, .box_h = 8, .ofs_x = 0, .ofs_y = 5},
    {.bitmap_index = 4662, .adv_w = 116, .box_w = 7, .box_h = 8, .ofs_x = 0, .ofs_y = 5},
    {.bitmap_index = 4689, .adv_w = 155, .box_w = 4, .box_h = 4, .ofs_x = 3, .ofs_y = 14},
    {.bitmap_index = 4698, .adv_w = 183, .box_w = 10, .box_h = 14, .ofs_x = 1, .ofs_y = -4},
    {.bitmap_index = 4729, .adv_w = 206, .box_w = 12, .box_h = 16, .ofs_x = 0, .ofs_y = -3},
    {.bitmap_index = 4767, .adv_w = 77, .box_w = 3, .box_h = 3, .ofs_x = 1, .ofs_y = 4},
    {.bitmap_index = 4772, .adv_w = 119, .box_w = 4, .box_h = 5, .ofs_x = 2, .ofs_y = -4},
    {.bitmap_index = 4783, .adv_w = 99, .box_w = 4, .box_h = 8, .ofs_x = 1, .ofs_y = 5},
    {.bitmap_index = 4793, .adv_w = 101, .box_w = 6, .box_h = 5, .ofs_x = 0, .ofs_y = 5},
    {.bitmap_index = 4809, .adv_w = 169, .box_w = 9, .box_h = 9, .ofs_x = 1, .ofs_y = 0},
    {.bitmap_index = 4850, .adv_w = 298, .box_w = 16, .box_h = 14, .ofs_x = 1, .ofs_y = 0},
    {.bitmap_index = 4938, .adv_w = 292, .box_w = 17, .box_h = 15, .ofs_x = 1, .ofs_y = -1},
    {.bitmap_index = 5036, .adv_w = 296, .box_w = 18, .box_h = 14, .ofs_x = 0, .ofs_y = 0},
    {.bitmap_index = 5146, .adv_w = 159, .box_w = 10, .box_h = 14, .ofs_x = 0, .ofs_y = -4},
    {.bitmap_index = 5203, .adv_w = 193, .box_w = 12, .box_h = 18, .ofs_x = 0, .ofs_y = 0},
    {.bitmap_index = 5287, .adv_w = 193, .box_w = 12, .box_h = 18, .ofs_x = 0, .ofs_y = 0},
    {.bitmap_index = 5370, .adv_w = 193, .box_w = 12, .box_h = 17, .ofs_x = 0, .ofs_y = 0},
    {.bitmap_index = 5456, .adv_w = 193, .box_w = 12, .box_h = 18, .ofs_x = 0, .ofs_y = 0},
    {.bitmap_index = 5544, .adv_w = 193, .box_w = 12, .box_h = 16, .ofs_x = 0, .ofs_y = 0},
    {.bitmap_index = 5622, .adv_w = 193, .box_w = 12, .box_h = 20, .ofs_x = 0, .ofs_y = 0},
    {.bitmap_index = 5716, .adv_w = 270, .box_w = 16, .box_h = 13, .ofs_x = 0, .ofs_y = 0},
    {.bitmap_index = 5784, .adv_w = 213, .box_w = 13, .box_h = 17, .ofs_x = 0, .ofs_y = -4},
    {.bitmap_index = 5876, .adv_w = 168, .box_w = 9, .box_h = 18, .ofs_x = 1, .ofs_y = 0},
    {.bitmap_index = 5925, .adv_w = 168, .box_w = 9, .box_h = 18, .ofs_x = 1, .ofs_y = 0},
    {.bitmap_index = 5973, .adv_w = 168, .box_w = 9, .box_h = 17, .ofs_x = 1, .ofs_y = 0},
    {.bitmap_index = 6023, .adv_w = 168, .box_w = 9, .box_h = 16, .ofs_x = 1, .ofs_y = 0},
    {.bitmap_index = 6067, .adv_w = 81, .box_w = 4, .box_h = 18, .ofs_x = 0, .ofs_y = 0},
    {.bitmap_index = 6083, .adv_w = 81, .box_w = 4, .box_h = 18, .ofs_x = 1, .ofs_y = 0},
    {.bitmap_index = 6098, .adv_w = 81, .box_w = 7, .box_h = 17, .ofs_x = -1, .ofs_y = 0},
    {.bitmap_index = 6121, .adv_w = 81, .box_w = 7, .box_h = 16, .ofs_x = -1, .ofs_y = 0},
    {.bitmap_index = 6139, .adv_w = 202, .box_w = 12, .box_h = 13, .ofs_x = 0, .ofs_y = 0},
    {.bitmap_index = 6204, .adv_w = 207, .box_w = 11, .box_h = 17, .ofs_x = 1, .ofs_y = 0},
    {.bitmap_index = 6271, .adv_w = 216, .box_w = 13, .box_h = 18, .ofs_x = 0, .ofs_y = 0},
    {.bitmap_index = 6365, .adv_w = 216, .box_w = 13, .box_h = 18, .ofs_x = 0, .ofs_y = 0},
    {.bitmap_index = 6458, .adv_w = 216, .box_w = 13, .box_h = 18, .ofs_x = 0, .ofs_y = 0},
    {.bitmap_index = 6557, .adv_w = 216, .box_w = 13, .box_h = 18, .ofs_x = 0, .ofs_y = 0},
    {.bitmap_index = 6655, .adv_w = 216, .box_w = 13, .box_h = 17, .ofs_x = 0, .ofs_y = 0},
    {.bitmap_index = 6746, .adv_w = 146, .box_w = 8, .box_h = 7, .ofs_x = 1, .ofs_y = 3},
    {.bitmap_index = 6774, .adv_w = 216, .box_w = 14, .box_h = 13, .ofs_x = 0, .ofs_y = 0},
    {.bitmap_index = 6866, .adv_w = 207, .box_w = 11, .box_h = 18, .ofs_x = 1, .ofs_y = 0},
    {.bitmap_index = 6917, .adv_w = 207, .box_w = 11, .box_h = 18, .ofs_x = 1, .ofs_y = 0},
    {.bitmap_index = 6968, .adv_w = 207, .box_w = 11, .box_h = 18, .ofs_x = 1, .ofs_y = 0},
    {.bitmap_index = 7025, .adv_w = 207, .box_w = 11, .box_h = 17, .ofs_x = 1, .ofs_y = 0},
    {.bitmap_index = 7074, .adv_w = 176, .box_w = 11, .box_h = 18, .ofs_x = 0, .ofs_y = 0},
    {.bitmap_index = 7137, .adv_w = 181, .box_w = 10, .box_h = 13, .ofs_x = 1, .ofs_y = 0},
    {.bitmap_index = 7183, .adv_w = 183, .box_w = 10, .box_h = 13, .ofs_x = 1, .ofs_y = 0},
    {.bitmap_index = 7239, .adv_w = 166, .box_w = 10, .box_h = 15, .ofs_x = 0, .ofs_y = 0},
    {.bitmap_index = 7304, .adv_w = 166, .box_w = 10, .box_h = 15, .ofs_x = 0, .ofs_y = 0},
    {.bitmap_index = 7369, .adv_w = 166, .box_w = 10, .box_h = 14, .ofs_x = 0, .ofs_y = 0},
    {.bitmap_index = 7436, .adv_w = 166, .box_w = 10, .box_h = 14, .ofs_x = 0, .ofs_y = 0},
    {.bitmap_index = 7505, .adv_w = 166, .box_w = 10, .box_h = 13, .ofs_x = 0, .ofs_y = 0},
    {.bitmap_index = 7566, .adv_w = 166, .box_w = 10, .box_h = 17, .ofs_x = 0, .ofs_y = 0},
    {.bitmap_index = 7641, .adv_w = 270, .box_w = 17, .box_h = 10, .ofs_x = 0, .ofs_y = 0},
    {.bitmap_index = 7726, .adv_w = 166, .box_w = 10, .box_h = 14, .ofs_x = 0, .ofs_y = -4},
    {.bitmap_index = 7789, .adv_w = 173, .box_w = 11, .box_h = 15, .ofs_x = 0, .ofs_y = 0},
    {.bitmap_index = 7860, .adv_w = 173, .box_w = 11, .box_h = 15, .ofs_x = 0, .ofs_y = 0},
    {.bitmap_index = 7930, .adv_w = 173, .box_w = 11, .box_h = 14, .ofs_x = 0, .ofs_y = 0},
    {.bitmap_index = 8003, .adv_w = 173, .box_w = 11, .box_h = 13, .ofs_x = 0, .ofs_y = 0},
    {.bitmap_index = 8070, .adv_w = 81, .box_w = 4, .box_h = 15, .ofs_x = 0, .ofs_y = 0},
    {.bitmap_index = 8086, .adv_w = 81, .box_w = 4, .box_h = 15, .ofs_x = 1, .ofs_y = 0},
    {.bitmap_index = 8101, .adv_w = 81, .box_w = 8, .box_h = 14, .ofs_x = -1, .ofs_y = 0},
    {.bitmap_index = 8123, .adv_w = 81, .box_w = 7, .box_h = 13, .ofs_x = -1, .ofs_y = 0},
    {.bitmap_index = 8138, .adv_w = 172, .box_w = 11, .box_h = 14, .ofs_x = 0, .ofs_y = 0},
    {.bitmap_index = 8206, .adv_w = 180, .box_w = 10, .box_h = 14, .ofs_x = 1, .ofs_y = 0},
    {.bitmap_index = 8256, .adv_w = 178, .box_w = 11, .box_h = 15, .ofs_x = 0, .ofs_y = 0},
    {.bitmap_index = 8325, .adv_w = 178, .box_w = 11, .box_h = 15, .ofs_x = 0, .ofs_y = 0},
    {.bitmap_index = 8394, .adv_w = 178, .box_w = 11, .box_h = 14, .ofs_x = 0, .ofs_y = 0},
    {.bitmap_index = 8465, .adv_w = 178, .box_w = 11, .box_h = 14, .ofs_x = 0, .ofs_y = 0},
    {.bitmap_index = 8537, .adv_w = 178, .box_w = 11, .box_h = 13, .ofs_x = 0, .ofs_y = 0},
    {.bitmap_index = 8602, .adv_w = 156, .box_w = 8, .box_h = 8, .ofs_x = 1, .ofs_y = 3},
    {.bitmap_index = 8623, .adv_w = 178, .box_w = 11, .box_h = 10, .ofs_x = 0, .ofs_y = 0},
    {.bitmap_index = 8679, .adv_w = 180, .box_w = 9, .box_h = 15, .ofs_x = 1, .ofs_y = 0},
    {.bitmap_index = 8725, .adv_w = 180, .box_w = 9, .box_h = 15, .ofs_x = 1, .ofs_y = 0},
    {.bitmap_index = 8771, .adv_w = 180, .box_w = 9, .box_h = 15, .ofs_x = 1, .ofs_y = 0},
    {.bitmap_index = 8822, .adv_w = 180, .box_w = 9, .box_h = 13, .ofs_x = 1, .ofs_y = 0},
    {.bitmap_index = 8863, .adv_w = 161, .box_w = 10, .box_h = 19, .ofs_x = 0, .ofs_y = -4},
    {.bitmap_index = 8940, .adv_w = 177, .box_w = 10, .box_h = 17, .ofs_x = 1, .ofs_y = -4},
    {.bitmap_index = 8999, .adv_w = 161, .box_w = 10, .box_h = 17, .ofs_x = 0, .ofs_y = -4},
    {.bitmap_index = 9071, .adv_w = 193, .box_w = 12, .box_h = 17, .ofs_x = 0, .ofs_y = 0},
    {.bitmap_index = 9151, .adv_w = 166, .box_w = 10, .box_h = 14, .ofs_x = 0, .ofs_y = 0},
    {.bitmap_index = 9212, .adv_w = 193, .box_w = 12, .box_h = 17, .ofs_x = 0, .ofs_y = 0},
    {.bitmap_index = 9296, .adv_w = 166, .box_w = 10, .box_h = 14, .ofs_x = 0, .ofs_y = 0},
    {.bitmap_index = 9363, .adv_w = 193, .box_w = 12, .box_h = 17, .ofs_x = 0, .ofs_y = -4},
    {.bitmap_index = 9446, .adv_w = 166, .box_w = 10, .box_h = 14, .ofs_x = 0, .ofs_y = -4},
    {.bitmap_index = 9511, .adv_w = 213, .box_w = 13, .box_h = 18, .ofs_x = 0, .ofs_y = 0},
    {.bitmap_index = 9603, .adv_w = 166, .box_w = 10, .box_h = 15, .ofs_x = 0, .ofs_y = 0},
    {.bitmap_index = 9667, .adv_w = 213, .box_w = 13, .box_h = 18, .ofs_x = 0, .ofs_y = 0},
    {.bitmap_index = 9764, .adv_w = 166, .box_w = 10, .box_h = 14, .ofs_x = 0, .ofs_y = 0},
    {.bitmap_index = 9830, .adv_w = 213, .box_w = 13, .box_h = 18, .ofs_x = 0, .ofs_y = 0},
    {.bitmap_index = 9918, .adv_w = 166, .box_w = 10, .box_h = 15, .ofs_x = 0, .ofs_y = 0},
    {.bitmap_index = 9979, .adv_w = 213, .box_w = 13, .box_h = 18, .ofs_x = 0, .ofs_y = 0},
    {.bitmap_index = 10076, .adv_w = 166, .box_w = 10, .box_h = 14, .ofs_x = 0, .ofs_y = 0},
    {.bitmap_index = 10141, .adv_w = 202, .box_w = 11, .box_h = 17, .ofs_x = 1, .ofs_y = 0},
    {.bitmap_index = 10211, .adv_w = 226, .box_w = 14, .box_h = 13, .ofs_x = 0, .ofs_y = 0},
    {.bitmap_index = 10275, .adv_w = 202, .box_w = 12, .box_h = 13, .ofs_x = 0, .ofs_y = 0},
    {.bitmap_index = 10340, .adv_w = 178, .box_w = 11, .box_h = 13, .ofs_x = 0, .ofs_y = 0},
    {.bitmap_index = 10401, .adv_w = 168, .box_w = 9, .box_h = 17, .ofs_x = 1, .ofs_y = 0},
    {.bitmap_index = 10446, .adv_w = 173, .box_w = 11, .box_h = 14, .ofs_x = 0, .ofs_y = 0},
    {.bitmap_index = 10514, .adv_w = 168, .box_w = 9, .box_h = 18, .ofs_x = 1, .ofs_y = 0},
    {.bitmap_index = 10560, .adv_w = 173, .box_w = 11, .box_h = 15, .ofs_x = 0, .ofs_y = 0},
    {.bitmap_index = 10628, .adv_w = 168, .box_w = 9, .box_h = 17, .ofs_x = 1, .ofs_y = -4},
    {.bitmap_index = 10674, .adv_w = 173, .box_w = 11, .box_h = 15, .ofs_x = 0, .ofs_y = -5},
    {.bitmap_index = 10748, .adv_w = 168, .box_w = 9, .box_h = 17, .ofs_x = 1, .ofs_y = 0},
    {.bitmap_index = 10797, .adv_w = 173, .box_w = 11, .box_h = 14, .ofs_x = 0, .ofs_y = 0},
    {.bitmap_index = 10869, .adv_w = 211, .box_w = 13, .box_h = 18, .ofs_x = 0, .ofs_y = 0},
    {.bitmap_index = 10970, .adv_w = 177, .box_w = 10, .box_h = 19, .ofs_x = 0, .ofs_y = -4},
    {.bitmap_index = 11058, .adv_w = 211, .box_w = 13, .box_h = 17, .ofs_x = 0, .ofs_y = 0},
    {.bitmap_index = 11154, .adv_w = 177, .box_w = 10, .box_h = 18, .ofs_x = 0, .ofs_y = -4},
    {.bitmap_index = 11238, .adv_w = 211, .box_w = 13, .box_h = 18, .ofs_x = 0, .ofs_y = 0},
    {.bitmap_index = 11329, .adv_w = 177, .box_w = 10, .box_h = 19, .ofs_x = 0, .ofs_y = -4},
    {.bitmap_index = 11410, .adv_w = 211, .box_w = 13, .box_h = 18, .ofs_x = 0, .ofs_y = -5},
    {.bitmap_index = 11505, .adv_w = 177, .box_w = 10, .box_h = 21, .ofs_x = 0, .ofs_y = -4},
    {.bitmap_index = 11590, .adv_w = 208, .box_w = 11, .box_h = 17, .ofs_x = 1, .ofs_y = 0},
    {.bitmap_index = 11631, .adv_w = 180, .box_w = 13, .box_h = 17, .ofs_x = -2, .ofs_y = 0},
    {.bitmap_index = 11688, .adv_w = 214, .box_w = 14, .box_h = 13, .ofs_x = 0, .ofs_y = 0},
    {.bitmap_index = 11724, .adv_w = 180, .box_w = 11, .box_h = 13, .ofs_x = 0, .ofs_y = 0},
    {.bitmap_index = 11768, .adv_w = 81, .box_w = 7, .box_h = 17, .ofs_x = -1, .ofs_y = 0},
    {.bitmap_index = 11791, .adv_w = 81, .box_w = 7, .box_h = 14, .ofs_x = -1, .ofs_y = 0},
    {.bitmap_index = 11812, .adv_w = 81, .box_w = 5, .box_h = 17, .ofs_x = 0, .ofs_y = 0},
    {.bitmap_index = 11825, .adv_w = 81, .box_w = 5, .box_h = 14, .ofs_x = 0, .ofs_y = 0},
    {.bitmap_index = 11838, .adv_w = 81, .box_w = 5, .box_h = 17, .ofs_x = -1, .ofs_y = -4},
    {.bitmap_index = 11855, .adv_w = 81, .box_w = 5, .box_h = 17, .ofs_x = -1, .ofs_y = -4},
    {.bitmap_index = 11880, .adv_w = 81, .box_w = 3, .box_h = 18, .ofs_x = 1, .ofs_y = 0},
    {.bitmap_index = 11892, .adv_w = 81, .box_w = 3, .box_h = 10, .ofs_x = 1, .ofs_y = 0},
    {.bitmap_index = 11897, .adv_w = 144, .box_w = 10, .box_h = 18, .ofs_x = 0, .ofs_y = 0},
    {.bitmap_index = 11947, .adv_w = 83, .box_w = 8, .box_h = 19, .ofs_x = -1, .ofs_y = -4},
    {.bitmap_index = 11983, .adv_w = 186, .box_w = 11, .box_h = 19, .ofs_x = 1, .ofs_y = -6},
    {.bitmap_index = 12057, .adv_w = 155, .box_w = 10, .box_h = 19, .ofs_x = 1, .ofs_y = -6},
    {.bitmap_index = 12120, .adv_w = 154, .box_w = 9, .box_h = 18, .ofs_x = 1, .ofs_y = 0},
    {.bitmap_index = 12149, .adv_w = 81, .box_w = 4, .box_h = 18, .ofs_x = 1, .ofs_y = 0},
    {.bitmap_index = 12164, .adv_w = 154, .box_w = 9, .box_h = 19, .ofs_x = 1, .ofs_y = -6},
    {.bitmap_index = 12195, .adv_w = 81, .box_w = 3, .box_h = 19, .ofs_x = 1, .ofs_y = -6},
    {.bitmap_index = 12209, .adv_w = 154, .box_w = 9, .box_h = 13, .ofs_x = 1, .ofs_y = 0},
    {.bitmap_index = 12234, .adv_w = 126, .box_w = 7, .box_h = 13, .ofs_x = 1, .ofs_y = 0},
    {.bitmap_index = 12253, .adv_w = 158, .box_w = 10, .box_h = 13, .ofs_x = 0, .ofs_y = 0},
    {.bitmap_index = 12288, .adv_w = 115, .box_w = 7, .box_h = 13, .ofs_x = 0, .ofs_y = 0},
    {.bitmap_index = 12318, .adv_w = 207, .box_w = 11, .box_h = 18, .ofs_x = 1, .ofs_y = 0},
    {.bitmap_index = 12381, .adv_w = 180, .box_w = 10, .box_h = 15, .ofs_x = 1, .ofs_y = 0},
    {.bitmap_index = 12428, .adv_w = 207, .box_w = 11, .box_h = 19, .ofs_x = 1, .ofs_y = -6},
    {.bitmap_index = 12496, .adv_w = 180, .box_w = 10, .box_h = 16, .ofs_x = 1, .ofs_y = -6},
    {.bitmap_index = 12547, .adv_w = 207, .box_w = 11, .box_h = 17, .ofs_x = 1, .ofs_y = 0},
    {.bitmap_index = 12612, .adv_w = 180, .box_w = 10, .box_h = 14, .ofs_x = 1, .ofs_y = 0},
    {.bitmap_index = 12660, .adv_w = 207, .box_w = 11, .box_h = 17, .ofs_x = 1, .ofs_y = -4},
    {.bitmap_index = 12721, .adv_w = 180, .box_w = 10, .box_h = 15, .ofs_x = 1, .ofs_y = -5},
    {.bitmap_index = 12767, .adv_w = 216, .box_w = 13, .box_h = 17, .ofs_x = 0, .ofs_y = 0},
    {.bitmap_index = 12857, .adv_w = 178, .box_w = 11, .box_h = 14, .ofs_x = 0, .ofs_y = 0},
    {.bitmap_index = 12921, .adv_w = 216, .box_w = 13, .box_h = 18, .ofs_x = 0, .ofs_y = 0},
    {.bitmap_index = 13022, .adv_w = 178, .box_w = 11, .box_h = 15, .ofs_x = 0, .ofs_y = 0},
    {.bitmap_index = 13098, .adv_w = 321, .box_w = 20, .box_h = 13, .ofs_x = 0, .ofs_y = 0},
    {.bitmap_index = 13192, .adv_w = 292, .box_w = 18, .box_h = 10, .ofs_x = 0, .ofs_y = 0},
    {.bitmap_index = 13280, .adv_w = 190, .box_w = 11, .box_h = 18, .ofs_x = 1, .ofs_y = 0},
    {.bitmap_index = 13349, .adv_w = 115, .box_w = 6, .box_h = 15, .ofs_x = 1, .ofs_y = 0},
    {.bitmap_index = 13379, .adv_w = 190, .box_w = 11, .box_h = 19, .ofs_x = 1, .ofs_y = -6},
    {.bitmap_index = 13451, .adv_w = 115, .box_w = 6, .box_h = 16, .ofs_x = 1, .ofs_y = -6},
    {.bitmap_index = 13481, .adv_w = 190, .box_w = 11, .box_h = 17, .ofs_x = 1, .ofs_y = 0},
    {.bitmap_index = 13551, .adv_w = 115, .box_w = 8, .box_h = 14, .ofs_x = 0, .ofs_y = 0},
    {.bitmap_index = 13584, .adv_w = 189, .box_w = 12, .box_h = 18, .ofs_x = 0, .ofs_y = 0},
    {.bitmap_index = 13678, .adv_w = 156, .box_w = 10, .box_h = 15, .ofs_x = 0, .ofs_y = 0},
    {.bitmap_index = 13745, .adv_w = 189, .box_w = 12, .box_h = 18, .ofs_x = 0, .ofs_y = 0},
    {.bitmap_index = 13845, .adv_w = 156, .box_w = 10, .box_h = 14, .ofs_x = 0, .ofs_y = 0},
    {.bitmap_index = 13914, .adv_w = 189, .box_w = 12, .box_h = 17, .ofs_x = 0, .ofs_y = -4},
    {.bitmap_index = 14007, .adv_w = 156, .box_w = 10, .box_h = 14, .ofs_x = 0, .ofs_y = -4},
    {.bitmap_index = 14073, .adv_w = 189, .box_w = 12, .box_h = 18, .ofs_x = 0, .ofs_y = 0},
    {.bitmap_index = 14172, .adv_w = 156, .box_w = 10, .box_h = 14, .ofs_x = 0, .ofs_y = 0},
    {.bitmap_index = 14241, .adv_w = 175, .box_w = 11, .box_h = 17, .ofs_x = 0, .ofs_y = -4},
    {.bitmap_index = 14273, .adv_w = 125, .box_w = 7, .box_h = 17, .ofs_x = 0, .ofs_y = -4},
    {.bitmap_index = 14317, .adv_w = 175, .box_w = 11, .box_h = 17, .ofs_x = 0, .ofs_y = 0},
    {.bitmap_index = 14354, .adv_w = 125, .box_w = 9, .box_h = 16, .ofs_x = 0, .ofs_y = 0},
    {.bitmap_index = 14404, .adv_w = 175, .box_w = 11, .box_h = 13, .ofs_x = 0, .ofs_y = 0},
    {.bitmap_index = 14441, .adv_w = 130, .box_w = 8, .box_h = 13, .ofs_x = 0, .ofs_y = 0},
    {.bitmap_index = 14486, .adv_w = 207, .box_w = 11, .box_h = 18, .ofs_x = 1, .ofs_y = 0},
    {.bitmap_index = 14542, .adv_w = 180, .box_w = 9, .box_h = 14, .ofs_x = 1, .ofs_y = 0},
    {.bitmap_index = 14590, .adv_w = 207, .box_w = 11, .box_h = 17, .ofs_x = 1, .ofs_y = 0},
    {.bitmap_index = 14638, .adv_w = 180, .box_w = 9, .box_h = 14, .ofs_x = 1, .ofs_y = 0},
    {.bitmap_index = 14679, .adv_w = 207, .box_w = 11, .box_h = 17, .ofs_x = 1, .ofs_y = 0},
    {.bitmap_index = 14731, .adv_w = 180, .box_w = 9, .box_h = 14, .ofs_x = 1, .ofs_y = 0},
    {.bitmap_index = 14778, .adv_w = 207, .box_w = 11, .box_h = 20, .ofs_x = 1, .ofs_y = 0},
    {.bitmap_index = 14838, .adv_w = 180, .box_w = 9, .box_h = 17, .ofs_x = 1, .ofs_y = 0},
    {.bitmap_index = 14894, .adv_w = 207, .box_w = 11, .box_h = 18, .ofs_x = 1, .ofs_y = 0},
    {.bitmap_index = 14952, .adv_w = 180, .box_w = 9, .box_h = 15, .ofs_x = 1, .ofs_y = 0},
    {.bitmap_index = 15005, .adv_w = 207, .box_w = 11, .box_h = 17, .ofs_x = 1, .ofs_y = -4},
    {.bitmap_index = 15056, .adv_w = 180, .box_w = 9, .box_h = 14, .ofs_x = 1, .ofs_y = -4},
    {.bitmap_index = 15100, .adv_w = 281, .box_w = 18, .box_h = 17, .ofs_x = 0, .ofs_y = 0},
    {.bitmap_index = 15232, .adv_w = 231, .box_w = 15, .box_h = 14, .ofs_x = 0, .ofs_y = 0},
    {.bitmap_index = 15327, .adv_w = 176, .box_w = 11, .box_h = 18, .ofs_x = 0, .ofs_y = 0},
    {.bitmap_index = 15395, .adv_w = 161, .box_w = 10, .box_h = 18, .ofs_x = 0, .ofs_y = -4},
    {.bitmap_index = 15474, .adv_w = 176, .box_w = 11, .box_h = 16, .ofs_x = 0, .ofs_y = 0},
    {.bitmap_index = 15533, .adv_w = 191, .box_w = 12, .box_h = 18, .ofs_x = 0, .ofs_y = 0},
    {.bitmap_index = 15604, .adv_w = 154, .box_w = 9, .box_h = 15, .ofs_x = 0, .ofs_y = 0},
    {.bitmap_index = 15656, .adv_w = 191, .box_w = 12, .box_h = 18, .ofs_x = 0, .ofs_y = 0},
    {.bitmap_index = 15723, .adv_w = 154, .box_w = 9, .box_h = 14, .ofs_x = 0, .ofs_y = 0},
    {.bitmap_index = 15773, .adv_w = 191, .box_w = 12, .box_h = 17, .ofs_x = 0, .ofs_y = 0},
    {.bitmap_index = 15845, .adv_w = 154, .box_w = 9, .box_h = 14, .ofs_x = 0, .ofs_y = 0},
    {.bitmap_index = 15900, .adv_w = 89, .box_w = 4, .box_h = 4, .ofs_x = 1, .ofs_y = 9},
    {.bitmap_index = 15908, .adv_w = 89, .box_w = 4, .box_h = 4, .ofs_x = 1, .ofs_y = -4},
    {.bitmap_index = 15917, .adv_w = 99, .box_w = 4, .box_h = 13, .ofs_x = 1, .ofs_y = -3},
    {.bitmap_index = 15938, .adv_w = 173, .box_w = 4, .box_h = 4, .ofs_x = 3, .ofs_y = 10},
    {.bitmap_index = 15947, .adv_w = 173, .box_w = 9, .box_h = 4, .ofs_x = 1, .ofs_y = 11},
    {.bitmap_index = 15963, .adv_w = 197, .box_w = 12, .box_h = 13, .ofs_x = 0, .ofs_y = 0},
    {.bitmap_index = 16032, .adv_w = 173, .box_w = 3, .box_h = 3, .ofs_x = 1, .ofs_y = 4},
    {.bitmap_index = 16037, .adv_w = 216, .box_w = 13, .box_h = 13, .ofs_x = 0, .ofs_y = 0},
    {.bitmap_index = 16076, .adv_w = 252, .box_w = 15, .box_h = 13, .ofs_x = 0, .ofs_y = 0},
    {.bitmap_index = 16114, .adv_w = 119, .box_w = 7, .box_h = 13, .ofs_x = 0, .ofs_y = 0},
    {.bitmap_index = 16131, .adv_w = 247, .box_w = 15, .box_h = 13, .ofs_x = 0, .ofs_y = 0},
    {.bitmap_index = 16221, .adv_w = 240, .box_w = 16, .box_h = 13, .ofs_x = 0, .ofs_y = 0},
    {.bitmap_index = 16282, .adv_w = 251, .box_w = 16, .box_h = 13, .ofs_x = 0, .ofs_y = 0},
    {.bitmap_index = 16371, .adv_w = 141, .box_w = 9, .box_h = 15, .ofs_x = 0, .ofs_y = 0},
    {.bitmap_index = 16406, .adv_w = 193, .box_w = 12, .box_h = 13, .ofs_x = 0, .ofs_y = 0},
    {.bitmap_index = 16472, .adv_w = 182, .box_w = 10, .box_h = 13, .ofs_x = 1, .ofs_y = 0},
    {.bitmap_index = 16520, .adv_w = 157, .box_w = 9, .box_h = 13, .ofs_x = 1, .ofs_y = 0},
    {.bitmap_index = 16536, .adv_w = 193, .box_w = 12, .box_h = 13, .ofs_x = 0, .ofs_y = 0},
    {.bitmap_index = 16602, .adv_w = 168, .box_w = 9, .box_h = 13, .ofs_x = 1, .ofs_y = 0},
    {.bitmap_index = 16634, .adv_w = 191, .box_w = 12, .box_h = 13, .ofs_x = 0, .ofs_y = 0},
    {.bitmap_index = 16687, .adv_w = 208, .box_w = 11, .box_h = 13, .ofs_x = 1, .ofs_y = 0},
    {.bitmap_index = 16708, .adv_w = 216, .box_w = 13, .box_h = 13, .ofs_x = 0, .ofs_y = 0},
    {.bitmap_index = 16787, .adv_w = 81, .box_w = 3, .box_h = 13, .ofs_x = 1, .ofs_y = 0},
    {.bitmap_index = 16792, .adv_w = 186, .box_w = 11, .box_h = 13, .ofs_x = 1, .ofs_y = 0},
    {.bitmap_index = 16845, .adv_w = 184, .box_w = 12, .box_h = 13, .ofs_x = 0, .ofs_y = 0},
    {.bitmap_index = 16912, .adv_w = 246, .box_w = 14, .box_h = 13, .ofs_x = 1, .ofs_y = 0},
    {.bitmap_index = 16978, .adv_w = 207, .box_w = 11, .box_h = 13, .ofs_x = 1, .ofs_y = 0},
    {.bitmap_index = 17024, .adv_w = 208, .box_w = 11, .box_h = 13, .ofs_x = 1, .ofs_y = 0},
    {.bitmap_index = 17053, .adv_w = 216, .box_w = 13, .box_h = 13, .ofs_x = 0, .ofs_y = 0},
    {.bitmap_index = 17129, .adv_w = 208, .box_w = 11, .box_h = 13, .ofs_x = 1, .ofs_y = 0},
    {.bitmap_index = 17146, .adv_w = 184, .box_w = 10, .box_h = 13, .ofs_x = 1, .ofs_y = 0},
    {.bitmap_index = 17183, .adv_w = 183, .box_w = 10, .box_h = 13, .ofs_x = 1, .ofs_y = 0},
    {.bitmap_index = 17231, .adv_w = 175, .box_w = 11, .box_h = 13, .ofs_x = 0, .ofs_y = 0},
    {.bitmap_index = 17250, .adv_w = 176, .box_w = 11, .box_h = 13, .ofs_x = 0, .ofs_y = 0},
    {.bitmap_index = 17296, .adv_w = 213, .box_w = 13, .box_h = 13, .ofs_x = 0, .ofs_y = 0},
    {.bitmap_index = 17368, .adv_w = 189, .box_w = 12, .box_h = 13, .ofs_x = 0, .ofs_y = 0},
    {.bitmap_index = 17439, .adv_w = 217, .box_w = 12, .box_h = 13, .ofs_x = 1, .ofs_y = 0},
    {.bitmap_index = 17479, .adv_w = 216, .box_w = 13, .box_h = 13, .ofs_x = 0, .ofs_y = 0},
    {.bitmap_index = 17552, .adv_w = 81, .box_w = 7, .box_h = 16, .ofs_x = -1, .ofs_y = 0},
    {.bitmap_index = 17570, .adv_w = 176, .box_w = 11, .box_h = 16, .ofs_x = 0, .ofs_y = 0},
    {.bitmap_index = 17629, .adv_w = 181, .box_w = 11, .box_h = 15, .ofs_x = 0, .ofs_y = 0},
    {.bitmap_index = 17695, .adv_w = 150, .box_w = 9, .box_h = 15, .ofs_x = 0, .ofs_y = 0},
    {.bitmap_index = 17754, .adv_w = 180, .box_w = 10, .box_h = 15, .ofs_x = 1, .ofs_y = 0},
    {.bitmap_index = 17801, .adv_w = 117, .box_w = 6, .box_h = 15, .ofs_x = 1, .ofs_y = 0},
    {.bitmap_index = 17829, .adv_w = 178, .box_w = 10, .box_h = 15, .ofs_x = 1, .ofs_y = 0},
    {.bitmap_index = 17882, .adv_w = 181, .box_w = 11, .box_h = 10, .ofs_x = 0, .ofs_y = 0},
    {.bitmap_index = 17932, .adv_w = 174, .box_w = 10, .box_h = 17, .ofs_x = 1, .ofs_y = -4},
    {.bitmap_index = 17998, .adv_w = 159, .box_w = 10, .box_h = 13, .ofs_x = 0, .ofs_y = -3},
    {.bitmap_index = 18050, .adv_w = 178, .box_w = 11, .box_h = 13, .ofs_x = 0, .ofs_y = 0},
    {.bitmap_index = 18117, .adv_w = 150, .box_w = 9, .box_h = 10, .ofs_x = 0, .ofs_y = 0},
    {.bitmap_index = 18160, .adv_w = 151, .box_w = 10, .box_h = 15, .ofs_x = 0, .ofs_y = -2},
    {.bitmap_index = 18222, .adv_w = 180, .box_w = 10, .box_h = 10, .ofs_x = 1, .ofs_y = 0},
    {.bitmap_index = 18252, .adv_w = 198, .box_w = 12, .box_h = 13, .ofs_x = 0, .ofs_y = 0},
    {.bitmap_index = 18325, .adv_w = 117, .box_w = 6, .box_h = 10, .ofs_x = 1, .ofs_y = 0},
    {.bitmap_index = 18338, .adv_w = 155, .box_w = 10, .box_h = 10, .ofs_x = 1, .ofs_y = 0},
    {.bitmap_index = 18378, .adv_w = 165, .box_w = 10, .box_h = 13, .ofs_x = 0, .ofs_y = 0},
    {.bitmap_index = 18435, .adv_w = 183, .box_w = 10, .box_h = 14, .ofs_x = 1, .ofs_y = -4},
    {.bitmap_index = 18466, .adv_w = 159, .box_w = 10, .box_h = 10, .ofs_x = 0, .ofs_y = 0},
    {.bitmap_index = 18513, .adv_w = 165, .box_w = 11, .box_h = 15, .ofs_x = 0, .ofs_y = -2},
    {.bitmap_index = 18587, .adv_w = 178, .box_w = 11, .box_h = 10, .ofs_x = 0, .ofs_y = 0},
    {.bitmap_index = 18639, .adv_w = 194, .box_w = 12, .box_h = 10, .ofs_x = 0, .ofs_y = 0},
    {.bitmap_index = 18659, .adv_w = 183, .box_w = 10, .box_h = 14, .ofs_x = 1, .ofs_y = -4},
    {.bitmap_index = 18712, .adv_w = 166, .box_w = 10, .box_h = 12, .ofs_x = 0, .ofs_y = -2},
    {.bitmap_index = 18768, .adv_w = 183, .box_w = 11, .box_h = 10, .ofs_x = 0, .ofs_y = 0},
    {.bitmap_index = 18821, .adv_w = 159, .box_w = 10, .box_h = 10, .ofs_x = 0, .ofs_y = 0},
    {.bitmap_index = 18847, .adv_w = 178, .box_w = 10, .box_h = 10, .ofs_x = 1, .ofs_y = 0},
    {.bitmap_index = 18878, .adv_w = 218, .box_w = 13, .box_h = 17, .ofs_x = 0, .ofs_y = -4},
    {.bitmap_index = 18959, .adv_w = 160, .box_w = 10, .box_h = 10, .ofs_x = 0, .ofs_y = 0},
    {.bitmap_index = 19009, .adv_w = 211, .box_w = 12, .box_h = 14, .ofs_x = 1, .ofs_y = -4},
    {.bitmap_index = 19050, .adv_w = 230, .box_w = 14, .box_h = 11, .ofs_x = 0, .ofs_y = 0},
    {.bitmap_index = 19121, .adv_w = 116, .box_w = 8, .box_h = 13, .ofs_x = -1, .ofs_y = 0},
    {.bitmap_index = 19147, .adv_w = 178, .box_w = 10, .box_h = 13, .ofs_x = 1, .ofs_y = 0},
    {.bitmap_index = 19191, .adv_w = 178, .box_w = 11, .box_h = 15, .ofs_x = 0, .ofs_y = 0},
    {.bitmap_index = 19260, .adv_w = 178, .box_w = 10, .box_h = 15, .ofs_x = 1, .ofs_y = 0},
    {.bitmap_index = 19309, .adv_w = 230, .box_w = 14, .box_h = 15, .ofs_x = 0, .ofs_y = 0},
    {.bitmap_index = 19397, .adv_w = 168, .box_w = 9, .box_h = 18, .ofs_x = 1, .ofs_y = 0},
    {.bitmap_index = 19446, .adv_w = 168, .box_w = 9, .box_h = 16, .ofs_x = 1, .ofs_y = 0},
    {.bitmap_index = 19490, .adv_w = 195, .box_w = 12, .box_h = 13, .ofs_x = 0, .ofs_y = 0},
    {.bitmap_index = 19547, .adv_w = 157, .box_w = 9, .box_h = 18, .ofs_x = 1, .ofs_y = 0},
    {.bitmap_index = 19579, .adv_w = 208, .box_w = 13, .box_h = 13, .ofs_x = 0, .ofs_y = 0},
    {.bitmap_index = 19656, .adv_w = 189, .box_w = 12, .box_h = 13, .ofs_x = 0, .ofs_y = 0},
    {.bitmap_index = 19733, .adv_w = 81, .box_w = 3, .box_h = 13, .ofs_x = 1, .ofs_y = 0},
    {.bitmap_index = 19738, .adv_w = 81, .box_w = 7, .box_h = 16, .ofs_x = -1, .ofs_y = 0},
    {.bitmap_index = 19756, .adv_w = 144, .box_w = 8, .box_h = 13, .ofs_x = 0, .ofs_y = 0},
    {.bitmap_index = 19778, .adv_w = 317, .box_w = 20, .box_h = 14, .ofs_x = 0, .ofs_y = -1},
    {.bitmap_index = 19866, .adv_w = 318, .box_w = 19, .box_h = 13, .ofs_x = 1, .ofs_y = 0},
    {.bitmap_index = 19919, .adv_w = 195, .box_w = 11, .box_h = 13, .ofs_x = 0, .ofs_y = 0},
    {.bitmap_index = 19960, .adv_w = 186, .box_w = 11, .box_h = 18, .ofs_x = 1, .ofs_y = 0},
    {.bitmap_index = 20031, .adv_w = 207, .box_w = 11, .box_h = 18, .ofs_x = 1, .ofs_y = 0},
    {.bitmap_index = 20095, .adv_w = 183, .box_w = 12, .box_h = 17, .ofs_x = 0, .ofs_y = 0},
    {.bitmap_index = 20177, .adv_w = 221, .box_w = 12, .box_h = 15, .ofs_x = 1, .ofs_y = -2},
    {.bitmap_index = 20205, .adv_w = 193, .box_w = 12, .box_h = 13, .ofs_x = 0, .ofs_y = 0},
    {.bitmap_index = 20271, .adv_w = 184, .box_w = 10, .box_h = 13, .ofs_x = 1, .ofs_y = 0},
    {.bitmap_index = 20315, .adv_w = 182, .box_w = 10, .box_h = 13, .ofs_x = 1, .ofs_y = 0},
    {.bitmap_index = 20363, .adv_w = 157, .box_w = 9, .box_h = 13, .ofs_x = 1, .ofs_y = 0},
    {.bitmap_index = 20379, .adv_w = 217, .box_w = 13, .box_h = 16, .ofs_x = 0, .ofs_y = -3},
    {.bitmap_index = 20443, .adv_w = 168, .box_w = 9, .box_h = 13, .ofs_x = 1, .ofs_y = 0},
    {.bitmap_index = 20475, .adv_w = 264, .box_w = 17, .box_h = 13, .ofs_x = 0, .ofs_y = 0},
    {.bitmap_index = 20567, .adv_w = 187, .box_w = 11, .box_h = 13, .ofs_x = 0, .ofs_y = 0},
    {.bitmap_index = 20632, .adv_w = 207, .box_w = 11, .box_h = 13, .ofs_x = 1, .ofs_y = 0},
    {.bitmap_index = 20678, .adv_w = 207, .box_w = 11, .box_h = 17, .ofs_x = 1, .ofs_y = 0},
    {.bitmap_index = 20743, .adv_w = 186, .box_w = 11, .box_h = 13, .ofs_x = 1, .ofs_y = 0},
    {.bitmap_index = 20796, .adv_w = 208, .box_w = 12, .box_h = 14, .ofs_x = 0, .ofs_y = -1},
    {.bitmap_index = 20851, .adv_w = 246, .box_w = 14, .box_h = 13, .ofs_x = 1, .ofs_y = 0},
    {.bitmap_index = 20917, .adv_w = 208, .box_w = 11, .box_h = 13, .ofs_x = 1, .ofs_y = 0},
    {.bitmap_index = 20938, .adv_w = 216, .box_w = 13, .box_h = 13, .ofs_x = 0, .ofs_y = 0},
    {.bitmap_index = 21014, .adv_w = 208, .box_w = 11, .box_h = 13, .ofs_x = 1, .ofs_y = 0},
    {.bitmap_index = 21031, .adv_w = 184, .box_w = 10, .box_h = 13, .ofs_x = 1, .ofs_y = 0},
    {.bitmap_index = 21068, .adv_w = 213, .box_w = 13, .box_h = 13, .ofs_x = 0, .ofs_y = 0},
    {.bitmap_index = 21142, .adv_w = 175, .box_w = 11, .box_h = 13, .ofs_x = 0, .ofs_y = 0},
    {.bitmap_index = 21161, .adv_w = 183, .box_w = 12, .box_h = 13, .ofs_x = 0, .ofs_y = 0},
    {.bitmap_index = 21225, .adv_w = 213, .box_w = 13, .box_h = 13, .ofs_x = 0, .ofs_y = 0},
    {.bitmap_index = 21297, .adv_w = 189, .box_w = 12, .box_h = 13, .ofs_x = 0, .ofs_y = 0},
    {.bitmap_index = 21368, .adv_w = 216, .box_w = 13, .box_h = 16, .ofs_x = 1, .ofs_y = -3},
    {.bitmap_index = 21396, .adv_w = 195, .box_w = 10, .box_h = 13, .ofs_x = 1, .ofs_y = 0},
    {.bitmap_index = 21431, .adv_w = 273, .box_w = 15, .box_h = 13, .ofs_x = 1, .ofs_y = 0},
    {.bitmap_index = 21456, .adv_w = 278, .box_w = 17, .box_h = 15, .ofs_x = 1, .ofs_y = -2},
    {.bitmap_index = 21494, .adv_w = 190, .box_w = 13, .box_h = 13, .ofs_x = -1, .ofs_y = 0},
    {.bitmap_index = 21536, .adv_w = 250, .box_w = 14, .box_h = 13, .ofs_x = 1, .ofs_y = 0},
    {.bitmap_index = 21577, .adv_w = 186, .box_w = 10, .box_h = 13, .ofs_x = 1, .ofs_y = 0},
    {.bitmap_index = 21610, .adv_w = 207, .box_w = 13, .box_h = 13, .ofs_x = 0, .ofs_y = 0},
    {.bitmap_index = 21687, .adv_w = 273, .box_w = 16, .box_h = 13, .ofs_x = 1, .ofs_y = 0},
    {.bitmap_index = 21773, .adv_w = 190, .box_w = 11, .box_h = 13, .ofs_x = 0, .ofs_y = 0},
    {.bitmap_index = 21826, .adv_w = 166, .box_w = 10, .box_h = 10, .ofs_x = 0, .ofs_y = 0},
    {.bitmap_index = 21875, .adv_w = 172, .box_w = 11, .box_h = 14, .ofs_x = 0, .ofs_y = 0},
    {.bitmap_index = 21949, .adv_w = 161, .box_w = 9, .box_h = 10, .ofs_x = 1, .ofs_y = 0},
    {.bitmap_index = 21989, .adv_w = 138, .box_w = 8, .box_h = 10, .ofs_x = 1, .ofs_y = 0},
    {.bitmap_index = 22001, .adv_w = 182, .box_w = 11, .box_h = 13, .ofs_x = 0, .ofs_y = -3},
    {.bitmap_index = 22054, .adv_w = 173, .box_w = 11, .box_h = 10, .ofs_x = 0, .ofs_y = 0},
    {.bitmap_index = 22109, .adv_w = 220, .box_w = 14, .box_h = 10, .ofs_x = 0, .ofs_y = 0},
    {.bitmap_index = 22171, .adv_w = 150, .box_w = 9, .box_h = 10, .ofs_x = 0, .ofs_y = 0},
    {.bitmap_index = 22216, .adv_w = 175, .box_w = 9, .box_h = 10, .ofs_x = 1, .ofs_y = 0},
    {.bitmap_index = 22249, .adv_w = 175, .box_w = 9, .box_h = 14, .ofs_x = 1, .ofs_y = 0},
    {.bitmap_index = 22299, .adv_w = 155, .box_w = 10, .box_h = 10, .ofs_x = 1, .ofs_y = 0},
    {.bitmap_index = 22339, .adv_w = 174, .box_w = 10, .box_h = 11, .ofs_x = 0, .ofs_y = -1},
    {.bitmap_index = 22380, .adv_w = 209, .box_w = 11, .box_h = 10, .ofs_x = 1, .ofs_y = 0},
    {.bitmap_index = 22424, .adv_w = 179, .box_w = 9, .box_h = 10, .ofs_x = 1, .ofs_y = 0},
    {.bitmap_index = 22443, .adv_w = 178, .box_w = 11, .box_h = 10, .ofs_x = 0, .ofs_y = 0},
    {.bitmap_index = 22495, .adv_w = 175, .box_w = 9, .box_h = 10, .ofs_x = 1, .ofs_y = 0},
    {.bitmap_index = 22508, .adv_w = 177, .box_w = 10, .box_h = 14, .ofs_x = 1, .ofs_y = -4},
    {.bitmap_index = 22562, .adv_w = 166, .box_w = 10, .box_h = 10, .ofs_x = 0, .ofs_y = 0},
    {.bitmap_index = 22610, .adv_w = 153, .box_w = 10, .box_h = 10, .ofs_x = 0, .ofs_y = 0},
    {.bitmap_index = 22626, .adv_w = 161, .box_w = 10, .box_h = 14, .ofs_x = 0, .ofs_y = -4},
    {.bitmap_index = 22687, .adv_w = 217, .box_w = 13, .box_h = 17, .ofs_x = 0, .ofs_y = -4},
    {.bitmap_index = 22768, .adv_w = 160, .box_w = 10, .box_h = 10, .ofs_x = 0, .ofs_y = 0},
    {.bitmap_index = 22818, .adv_w = 188, .box_w = 11, .box_h = 13, .ofs_x = 1, .ofs_y = -3},
    {.bitmap_index = 22842, .adv_w = 166, .box_w = 10, .box_h = 10, .ofs_x = 0, .ofs_y = 0},
    {.bitmap_index = 22874, .adv_w = 228, .box_w = 12, .box_h = 10, .ofs_x = 1, .ofs_y = 0},
    {.bitmap_index = 22897, .adv_w = 225, .box_w = 13, .box_h = 13, .ofs_x = 1, .ofs_y = -3},
    {.bitmap_index = 22930, .adv_w = 172, .box_w = 11, .box_h = 10, .ofs_x = 0, .ofs_y = 0},
    {.bitmap_index = 22968, .adv_w = 213, .box_w = 12, .box_h = 10, .ofs_x = 1, .ofs_y = 0},
    {.bitmap_index = 23006, .adv_w = 164, .box_w = 9, .box_h = 10, .ofs_x = 1, .ofs_y = 0},
    {.bitmap_index = 23039, .adv_w = 166, .box_w = 10, .box_h = 10, .ofs_x = 0, .ofs_y = 0},
    {.bitmap_index = 23090, .adv_w = 245, .box_w = 14, .box_h = 10, .ofs_x = 1, .ofs_y = 0},
    {.bitmap_index = 23151, .adv_w = 168, .box_w = 10, .box_h = 10, .ofs_x = 0, .ofs_y = 0},
    {.bitmap_index = 23193, .adv_w = 173, .box_w = 11, .box_h = 15, .ofs_x = 0, .ofs_y = 0},
    {.bitmap_index = 23264, .adv_w = 173, .box_w = 11, .box_h = 13, .ofs_x = 0, .ofs_y = 0},
    {.bitmap_index = 23331, .adv_w = 180, .box_w = 11, .box_h = 18, .ofs_x = 0, .ofs_y = -5},
    {.bitmap_index = 23390, .adv_w = 138, .box_w = 8, .box_h = 15, .ofs_x = 1, .ofs_y = 0},
    {.bitmap_index = 23418, .adv_w = 166, .box_w = 10, .box_h = 10, .ofs_x = 0, .ofs_y = 0},
    {.bitmap_index = 23468, .adv_w = 156, .box_w = 10, .box_h = 10, .ofs_x = 0, .ofs_y = 0},
    {.bitmap_index = 23519, .adv_w = 81, .box_w = 3, .box_h = 13, .ofs_x = 1, .ofs_y = 0},
    {.bitmap_index = 23529, .adv_w = 81, .box_w = 7, .box_h = 13, .ofs_x = -1, .ofs_y = 0},
    {.bitmap_index = 23544, .adv_w = 83, .box_w = 5, .box_h = 17, .ofs_x = -1, .ofs_y = -4},
    {.bitmap_index = 23562, .adv_w = 247, .box_w = 15, .box_h = 11, .ofs_x = 0, .ofs_y = -1},
    {.bitmap_index = 23628, .adv_w = 240, .box_w = 14, .box_h = 10, .ofs_x = 1, .ofs_y = 0},
    {.bitmap_index = 23674, .adv_w = 180, .box_w = 11, .box_h = 13, .ofs_x = 0, .ofs_y = 0},
    {.bitmap_index = 23718, .adv_w = 155, .box_w = 10, .box_h = 15, .ofs_x = 1, .ofs_y = 0},
    {.bitmap_index = 23775, .adv_w = 175, .box_w = 9, .box_h = 15, .ofs_x = 1, .ofs_y = 0},
    {.bitmap_index = 23824, .adv_w = 161, .box_w = 10, .box_h = 18, .ofs_x = 0, .ofs_y = -4},
    {.bitmap_index = 23902, .adv_w = 175, .box_w = 9, .box_h = 12, .ofs_x = 1, .ofs_y = -2},
    {.bitmap_index = 23923, .adv_w = 160, .box_w = 9, .box_h = 15, .ofs_x = 1, .ofs_y = 0},
    {.bitmap_index = 23945, .adv_w = 138, .box_w = 8, .box_h = 12, .ofs_x = 1, .ofs_y = 0},
    {.bitmap_index = 23963, .adv_w = 176, .box_w = 11, .box_h = 13, .ofs_x = 0, .ofs_y = 0},
    {.bitmap_index = 24009, .adv_w = 159, .box_w = 10, .box_h = 13, .ofs_x = 0, .ofs_y = -3},
    {.bitmap_index = 24061, .adv_w = 195, .box_w = 10, .box_h = 13, .ofs_x = 1, .ofs_y = 0},
    {.bitmap_index = 24094, .adv_w = 167, .box_w = 9, .box_h = 10, .ofs_x = 1, .ofs_y = 0},
    {.bitmap_index = 24123, .adv_w = 222, .box_w = 13, .box_h = 13, .ofs_x = 0, .ofs_y = 0},
    {.bitmap_index = 24197, .adv_w = 178, .box_w = 11, .box_h = 10, .ofs_x = 0, .ofs_y = 0},
    {.bitmap_index = 24251, .adv_w = 156, .box_w = 8, .box_h = 2, .ofs_x = 1, .ofs_y = 5},
    {.bitmap_index = 24256, .adv_w = 225, .box_w = 12, .box_h = 2, .ofs_x = 1, .ofs_y = 5},
    {.bitmap_index = 24262, .adv_w = 82, .box_w = 3, .box_h = 5, .ofs_x = 1, .ofs_y = 8},
    {.bitmap_index = 24270, .adv_w = 82, .box_w = 3, .box_h = 5, .ofs_x = 1, .ofs_y = 8},
    {.bitmap_index = 24278, .adv_w = 130, .box_w = 6, .box_h = 5, .ofs_x = 1, .ofs_y = 8},
    {.bitmap_index = 24292, .adv_w = 130, .box_w = 6, .box_h = 5, .ofs_x = 1, .ofs_y = 8},
    {.bitmap_index = 24306, .adv_w = 203, .box_w = 6, .box_h = 6, .ofs_x = 3, .ofs_y = 3},
    {.bitmap_index = 24323, .adv_w = 204, .box_w = 11, .box_h = 3, .ofs_x = 1, .ofs_y = 0},
    {.bitmap_index = 24337, .adv_w = 156, .box_w = 8, .box_h = 3, .ofs_x = 1, .ofs_y = 5}
};

/*---------------------
 *  CHARACTER MAPPING
 *--------------------*/

static const uint8_t glyph_id_ofs_list_3[] = {
    0, 1, 2, 3, 0, 0, 4, 5,
    6, 7, 0, 8, 9, 10, 11, 12,
    13, 0, 0, 14, 15, 16, 17, 18,
    19, 20, 21, 0, 22, 23, 24, 25
};

static const uint16_t unicode_list_5[] = {
    0x0, 0x1, 0xa, 0x10, 0x11, 0x12, 0x13, 0x14,
    0x15, 0x16, 0x18
};

static const uint16_t unicode_list_9[] = {
    0x0, 0x1, 0x1e, 0x1f, 0x2a, 0x2b, 0x58, 0x59,
    0x1b83, 0x1b84, 0x1b88, 0x1b89, 0x1b8c, 0x1b8d, 0x1b92, 0x1b96,
    0x1d82
};

/*Collect the unicode lists and glyph_id offsets*/
static const lv_font_fmt_txt_cmap_t cmaps[] =
{
    {
        .range_start = 32, .range_length = 95, .glyph_id_start = 1,
        .unicode_list = NULL, .glyph_id_ofs_list = NULL, .list_length = 0, .type = LV_FONT_FMT_TXT_CMAP_FORMAT0_TINY
    },
    {
        .range_start = 160, .range_length = 116, .glyph_id_start = 96,
        .unicode_list = NULL, .glyph_id_ofs_list = NULL, .list_length = 0, .type = LV_FONT_FMT_TXT_CMAP_FORMAT0_TINY
    },
    {
        .range_start = 278, .range_length = 22, .glyph_id_start = 212,
        .unicode_list = NULL, .glyph_id_ofs_list = NULL, .list_length = 0, .type = LV_FONT_FMT_TXT_CMAP_FORMAT0_TINY
    },
    {
        .range_start = 302, .range_length = 32, .glyph_id_start = 234,
        .unicode_list = NULL, .glyph_id_ofs_list = glyph_id_ofs_list_3, .list_length = 32, .type = LV_FONT_FMT_TXT_CMAP_FORMAT0_FULL
    },
    {
        .range_start = 336, .range_length = 47, .glyph_id_start = 260,
        .unicode_list = NULL, .glyph_id_ofs_list = NULL, .list_length = 0, .type = LV_FONT_FMT_TXT_CMAP_FORMAT0_TINY
    },
    {
        .range_start = 884, .range_length = 25, .glyph_id_start = 307,
        .unicode_list = unicode_list_5, .glyph_id_ofs_list = NULL, .list_length = 11, .type = LV_FONT_FMT_TXT_CMAP_SPARSE_TINY
    },
    {
        .range_start = 910, .range_length = 20, .glyph_id_start = 318,
        .unicode_list = NULL, .glyph_id_ofs_list = NULL, .list_length = 0, .type = LV_FONT_FMT_TXT_CMAP_FORMAT0_TINY
    },
    {
        .range_start = 931, .range_length = 44, .glyph_id_start = 338,
        .unicode_list = NULL, .glyph_id_ofs_list = NULL, .list_length = 0, .type = LV_FONT_FMT_TXT_CMAP_FORMAT0_TINY
    },
    {
        .range_start = 1024, .range_length = 96, .glyph_id_start = 382,
        .unicode_list = NULL, .glyph_id_ofs_list = NULL, .list_length = 0, .type = LV_FONT_FMT_TXT_CMAP_FORMAT0_TINY
    },
    {
        .range_start = 1168, .range_length = 7555, .glyph_id_start = 478,
        .unicode_list = unicode_list_9, .glyph_id_ofs_list = NULL, .list_length = 17, .type = LV_FONT_FMT_TXT_CMAP_SPARSE_TINY
    }
};

/*-----------------
 *    KERNING
 *----------------*/


/*Map glyph_ids to kern left classes*/
static const uint8_t kern_left_class_mapping[] =
{
    0, 0, 0, 1, 0, 2, 0, 0,
    3, 4, 5, 0, 0, 6, 7, 8,
    9, 0, 10, 11, 0, 12, 13, 14,
    15, 0, 16, 17, 0, 0, 0, 0,
    0, 0, 18, 19, 20, 21, 22, 23,
    24, 0, 25, 26, 27, 28, 0, 0,
    29, 30, 31, 32, 33, 34, 35, 36,
    36, 37, 38, 39, 4, 0, 5, 0,
    0, 0, 40, 41, 42, 25, 43, 44,
    45, 46, 47, 0, 48, 47, 49, 49,
    50, 50, 25, 51, 52, 53, 25, 54,
    54, 55, 56, 57, 4, 0, 5, 0,
    0, 0, 58, 0, 59, 60, 0, 0,
    0, 0, 0, 0, 0, 0, 0, 0,
    0, 0, 0, 0, 0, 0, 0, 0,
    0, 0, 0, 0, 0, 0, 0, 0,
    18, 18, 18, 18, 18, 18, 22, 20,
    22, 22, 22, 22, 0, 0, 0, 0,
    21, 0, 29, 29, 29, 29, 29, 0,
    29, 35, 35, 35, 35, 38, 61, 62,
    40, 40, 40, 40, 40, 40, 43, 42,
    43, 43, 43, 43, 47, 47, 47, 47,
    62, 0, 50, 50, 50, 50, 50, 0,
    50, 25, 25, 25, 25, 56, 63, 56,
    18, 40, 18, 40, 18, 40, 20, 42,
    20, 42, 20, 42, 20, 42, 21, 64,
    21, 0, 22, 43, 22, 43, 0, 43,
    22, 43, 24, 45, 24, 45, 24, 45,
    24, 45, 0, 46, 0, 46, 0, 47,
    0, 47, 0, 47, 0, 47, 26, 0,
    27, 48, 28, 0, 0, 0, 28, 64,
    28, 55, 0, 0, 0, 0, 0, 0,
    0, 0, 29, 50, 29, 50, 22, 43,
    0, 51, 32, 51, 32, 51, 0, 52,
    33, 52, 33, 52, 33, 52, 34, 53,
    34, 64, 37, 53, 35, 25, 35, 25,
    35, 25, 35, 25, 35, 25, 35, 25,
    36, 54, 38, 56, 38, 39, 57, 39,
    57, 39, 57, 64, 64, 0, 0, 0,
    18, 0, 22, 0, 0, 29, 38, 29,
    65, 18, 19, 34, 18, 0, 39, 0,
    29, 25, 27, 18, 0, 0, 0, 29,
    0, 0, 0, 34, 38, 29, 37, 0,
    29, 0, 38, 25, 55, 49, 65, 49,
    25, 0, 54, 50, 50, 55, 49, 29,
    65, 48, 66, 25, 54, 67, 50, 44,
    50, 42, 68, 53, 49, 50, 55, 46,
    50, 65, 49, 50, 49, 50, 22, 22,
    62, 0, 20, 0, 25, 0, 0, 69,
    69, 19, 0, 0, 0, 0, 18, 61,
    19, 34, 0, 22, 27, 19, 0, 0,
    27, 0, 0, 0, 29, 0, 61, 20,
    34, 38, 29, 37, 0, 0, 0, 0,
    19, 0, 19, 29, 29, 0, 40, 50,
    0, 51, 25, 43, 55, 0, 25, 25,
    48, 25, 25, 25, 50, 25, 63, 42,
    51, 56, 50, 55, 0, 25, 25, 0,
    62, 25, 62, 50, 50, 25, 43, 43,
    46, 0, 42, 0, 47, 47, 0, 62,
    62, 46, 0, 25, 56, 0, 34, 51,
    38, 54, 19, 0, 29, 50, 70, 0,
    0, 71, 72, 73, 0, 0, 0
};

/*Map glyph_ids to kern right classes*/
static const uint8_t kern_right_class_mapping[] =
{
    0, 1, 0, 2, 0, 3, 0, 0,
    4, 5, 6, 0, 0, 7, 8, 7,
    9, 0, 10, 11, 12, 13, 0, 0,
    14, 0, 15, 16, 17, 0, 0, 0,
    0, 0, 18, 0, 19, 0, 0, 0,
    20, 0, 21, 22, 0, 0, 0, 0,
    20, 0, 23, 0, 24, 25, 26, 27,
    27, 28, 29, 30, 5, 0, 6, 0,
    0, 0, 31, 21, 32, 32, 32, 33,
    34, 35, 36, 0, 35, 36, 37, 37,
    32, 37, 38, 39, 40, 41, 42, 43,
    43, 44, 45, 46, 5, 0, 6, 0,
    1, 0, 47, 0, 48, 49, 0, 0,
    0, 0, 0, 0, 0, 0, 0, 0,
    0, 0, 0, 0, 0, 0, 0, 0,
    0, 0, 0, 0, 0, 0, 0, 0,
    18, 18, 18, 18, 18, 18, 18, 20,
    0, 0, 0, 0, 0, 0, 0, 0,
    0, 50, 20, 20, 20, 20, 20, 0,
    20, 26, 26, 26, 26, 29, 0, 0,
    31, 31, 31, 31, 31, 31, 31, 32,
    51, 51, 51, 51, 36, 36, 36, 36,
    52, 21, 32, 32, 32, 32, 32, 0,
    32, 42, 42, 42, 42, 45, 53, 45,
    18, 31, 18, 31, 18, 31, 20, 32,
    19, 32, 20, 32, 20, 32, 0, 52,
    0, 52, 0, 51, 0, 51, 0, 51,
    0, 51, 20, 34, 20, 34, 54, 34,
    54, 34, 0, 35, 0, 35, 0, 36,
    0, 36, 0, 36, 0, 36, 22, 0,
    0, 35, 0, 55, 0, 55, 0, 55,
    0, 32, 50, 21, 50, 21, 50, 21,
    50, 21, 20, 32, 20, 32, 20, 32,
    0, 39, 0, 39, 0, 39, 0, 40,
    24, 40, 24, 40, 24, 40, 25, 41,
    25, 41, 28, 41, 26, 42, 26, 42,
    26, 42, 26, 42, 26, 42, 26, 42,
    27, 43, 29, 45, 29, 30, 46, 30,
    46, 30, 46, 56, 56, 0, 0, 0,
    18, 0, 0, 0, 0, 20, 29, 20,
    42, 18, 0, 0, 18, 0, 30, 0,
    20, 21, 0, 18, 0, 0, 0, 20,
    0, 0, 0, 25, 29, 20, 28, 0,
    20, 0, 29, 32, 57, 37, 42, 42,
    32, 0, 43, 32, 57, 32, 37, 20,
    42, 35, 58, 53, 43, 59, 32, 33,
    60, 32, 32, 61, 42, 32, 44, 42,
    32, 42, 42, 32, 42, 32, 0, 0,
    25, 0, 19, 0, 21, 0, 0, 28,
    0, 27, 0, 0, 0, 0, 18, 50,
    0, 0, 18, 0, 28, 20, 50, 50,
    0, 18, 0, 0, 20, 0, 0, 20,
    25, 28, 20, 28, 0, 0, 0, 0,
    25, 0, 0, 28, 0, 50, 31, 62,
    21, 39, 32, 51, 44, 44, 21, 21,
    35, 32, 37, 21, 32, 21, 53, 32,
    61, 45, 32, 44, 21, 21, 21, 21,
    0, 21, 21, 32, 21, 31, 51, 51,
    35, 0, 59, 0, 36, 36, 0, 21,
    21, 35, 0, 21, 45, 0, 0, 39,
    29, 43, 0, 21, 20, 32, 63, 64,
    0, 65, 66, 67, 0, 0, 0
};

/*Kern values between classes*/
static const int8_t kern_class_values[] =
{
    0, 0, 0, 0, 0, 0, -60, 0,
    0, 0, 0, 0, 0, 0, 0, 0,
    0, 0, 0, 0, 0, 0, 0, 0,
    0, 0, 0, 0, 0, 0, 0, -9,
    0, -9, 0, 0, 0, -9, 0, -9,
    0, 0, 0, 0, 0, 0, -9, 0,
    0, 0, 0, -9, 0, 0, 0, 0,
    0, 0, -9, 0, 0, 0, 0, 0,
    0, 0, 0, 0, 0, 4, 0, 0,
    -17, -7, 0, 0, 0, 0, 0, 0,
    0, 0, 0, 0, 0, 0, 0, 0,
    0, 0, 0, 0, 0, 0, 0, 0,
    0, 0, 0, 0, 0, 0, 0, 0,
    0, 0, 0, 0, 0, 0, 0, 0,
    0, 0, 0, -9, 0, 0, 0, 0,
    0, 0, 0, 0, 0, 0, 0, 0,
    0, 0, 0, 0, 0, 0, 0, 0,
    -14, 3, 0, 0, 0, 0, 0, 0,
    0, 0, -35, 0, 0, 0, 0, 0,
    0, 0, 0, 0, 0, 0, 0, 0,
    0, 0, 0, 0, 0, 0, 0, 0,
    0, 0, 0, 0, 0, 0, 0, 0,
    0, 0, 0, 0, -9, 0, 0, 0,
    0, 0, 0, 0, 0, 0, 0, 0,
    0, 0, 0, 0, 0, 0, 3, 0,
    0, 0, 0, -3, 0, 0, 0, 0,
    0, 0, 0, 0, 0, 0, 2, 0,
    0, 0, 0, 0, 0, 0, 0, 0,
    0, 0, 0, 0, 0, 0, 0, 0,
    0, 0, 0, 0, 0, 0, 0, 0,
    0, 0, 0, 0, 0, 0, 0, 0,
    -15, 0, 0, 0, 0, 0, 0, 0,
    0, 0, 0, 0, 0, 0, 0, 0,
    0, 0, 0, 0, 0, 0, 0, 0,
    0, 0, 0, 0, 0, 0, 0, 0,
    0, 0, 0, 0, 0, 0, 0, 0,
    0, 0, 0, 0, 0, 0, 0, 0,
    0, 0, 0, 0, 0, 0, 0, 0,
    0, 0, 0, 0, 0, 0, -2, 0,
    0, 0, 0, 0, 0, 0, 0, 0,
    0, 0, 0, 0, 0, 0, 0, 0,
    0, 0, 0, 0, 0, 0, 0, 0,
    0, 0, 0, 0, 0, 0, 0, 0,
    -35, 0, 0, 0, 0, 0, 0, 0,
    0, 0, 0, 0, 0, 0, 0, 0,
    0, 0, 0, 0, 0, 0, 0, 0,
    0, 0, 0, 0, 0, 0, 0, 0,
    0, 0, 0, 0, 0, 0, 0, 0,
    0, 0, 0, 0, 0, 0, 0, 0,
    0, 0, 0, 0, 0, 0, 0, 0,
    0, 0, 0, 0, 0, 0, 0, 0,
    0, 0, 0, 0, 0, -12, -3, 0,
    0, 0, 0, -6, 0, 0, 0, -9,
    0, 0, -23, 0, -13, -14, -23, 0,
    0, 0, 0, 0, 0, 0, 0, 0,
    0, 0, 0, 0, 0, -6, 0, 0,
    0, 0, -23, 0, 0, 0, 0, 0,
    0, 0, 0, 0, 0, 0, 0, 0,
    0, 0, 0, 0, 0, 0, 0, 0,
    0, 0, 0, 0, 0, 0, -35, 0,
    0, 0, 0, 0, 0, 0, 0, 0,
    0, 0, 0, 0, 0, 0, 0, 0,
    0, 0, 0, 0, 0, 0, 0, 0,
    0, 0, 0, 0, 0, 0, 0, 0,
    0, 0, 0, 0, 0, 0, 0, 0,
    0, 0, 0, 0, 0, 0, 0, 0,
    0, 0, 0, 0, 0, 0, 0, -32,
    0, 0, 0, 0, 0, 0, 0, 0,
    -40, 0, 0, 0, 0, 0, 0, 0,
    0, 0, 0, 0, 0, 0, 0, 0,
    0, 0, 0, 0, 0, 0, -9, -14,
    0, 0, 0, 0, -9, 0, 0, -9,
    0, 0, 0, -6, 0, 0, 0, 0,
    0, 0, 0, 0, 0, 0, 0, 0,
    0, 0, 0, 0, 0, 0, 0, 0,
    0, 0, 0, 0, 0, 0, 0, 0,
    0, -12, 0, 0, 0, 0, 0, 0,
    0, 0, 0, 0, 0, 0, 0, 0,
    0, 0, 0, 0, 0, 0, 0, 0,
    0, 0, 0, 0, 0, 0, 0, 0,
    0, 0, 0, 0, 0, 0, 0, 0,
    0, 0, 0, 0, 0, 0, 0, 0,
    0, 0, 0, 0, 0, 0, 0, 0,
    0, 0, -1, 0, 0, 0, 0, 0,
    0, 0, 0, 0, 0, 0, 0, 0,
    0, 0, -6, 0, 0, 0, 0, -6,
    0, 0, 0, 0, 0, 0, 0, 0,
    0, 0, 0, 0, 0, 0, 0, 0,
    0, 0, 0, 0, 0, 0, 0, 0,
    0, 0, 0, 0, 0, 0, 0, 0,
    0, 0, 0, 0, 0, 0, 0, 0,
    0, 0, 0, 0, 0, 0, 0, 0,
    0, 0, -9, 0, -9, 0, -12, -6,
    0, 0, 0, 0, 0, -4, 0, -7,
    0, 0, 0, 0, 0, 0, 0, 0,
    0, 0, 0, 0, 0, 0, 0, 0,
    0, 0, 0, 0, 0, 0, 0, 0,
    0, 0, 0, 0, 0, 0, 0, 0,
    0, -23, 0, 0, 0, 0, 0, 0,
    0, 0, 0, 0, 0, 0, 0, 0,
    0, -6, -9, -9, 0, 0, 0, 0,
    0, 0, 0, 0, 0, 0, -7, 0,
    0, 0, 0, 0, 0, 0, 0, 0,
    0, 0, 0, 0, 0, 0, 0, 0,
    0, 0, 0, 0, 0, 0, 0, 0,
    0, 0, 0, 0, 0, 0, 0, 0,
    0, 0, 0, 0, 0, 0, 0, 0,
    0, 0, 0, 0, 0, 0, 0, 0,
    0, 0, 0, 0, 0, 0, 0, 0,
    0, 0, 0, 0, 0, 0, 0, 0,
    -4, 0, 0, 0, 0, -7, 0, 0,
    0, 0, 0, 0, 0, 0, 0, 0,
    0, 0, 0, 0, 0, 0, 0, 0,
    0, 0, 0, 0, 0, 0, 0, 0,
    0, 0, 0, 0, 0, 0, 0, 0,
    0, 0, 0, 0, 0, 0, 0, 0,
    0, 0, 0, 0, 0, 0, 0, 0,
    0, 0, 0, 0, 0, 0, 0, 0,
    -5, -1, 0, 0, 0, 0, -12, 2,
    0, 0, 0, -12, 0, 0, 0, 0,
    0, 0, 0, 0, 0, 0, 0, 0,
    0, 0, 0, 0, 0, 0, 0, 0,
    0, 0, 0, 0, 0, 0, 0, 0,
    0, 0, 0, 0, 0, 0, 0, 0,
    0, 0, 0, 0, 0, 0, 0, 0,
    -1, 0, 0, 0, 0, 0, 0, 0,
    0, 0, 0, -1, 0, 0, 0, 0,
    0, 0, -1, 0, 0, 0, 0, 0,
    0, 0, 0, 0, 0, 0, 0, 0,
    0, 0, 0, 0, 0, 0, 0, 0,
    0, 0, 0, 0, 0, 0, 0, 0,
    0, 0, 0, 0, 0, 0, 0, 0,
    0, 0, 0, 0, 0, 0, 0, 0,
    0, 0, 0, 0, 0, 0, 0, 0,
    0, 0, 0, 0, 0, 0, 0, 0,
    -23, 0, 0, 0, 0, 0, 0, 0,
    0, 0, 0, 0, 0, 0, 0, 0,
    0, 0, 0, 0, 0, 0, 0, 0,
    0, 0, 0, 0, 0, 0, 0, 0,
    0, 0, 0, 0, 0, 0, 0, 0,
    0, 0, 0, 0, 0, 0, 0, 0,
    0, 0, 0, 0, 0, 0, 0, 0,
    0, 0, 0, 0, -29, -6, -29, 0,
    0, 0, -12, 0, 0, 0, 0, 9,
    0, 0, 0, 0, 9, -6, -6, 0,
    0, -6, -6, -17, -6, -20, 0, -17,
    0, 0, 0, -7, 0, 0, 0, 0,
    0, 0, 0, -6, 0, -12, 0, -14,
    0, 0, -6, -17, 0, 0, 0, 0,
    -6, 0, -29, 0, 0, 0, 0, 0,
    0, 0, 0, -23, -35, -23, 0, 0,
    0, 0, 0, 0, -9, 0, 0, 0,
    0, 0, 0, 0, 0, 0, 0, 0,
    0, 0, 0, 0, 0, 0, -6, 0,
    -9, -9, -9, 0, 0, 0, 0, 0,
    0, 0, 0, 0, 0, 0, 0, 0,
    0, 0, 0, 0, 0, 0, -9, 0,
    0, 0, 0, 0, 0, 0, 0, 0,
    0, 0, 0, 0, 0, 0, 0, 0,
    0, 0, 0, 9, 0, 0, -17, -14,
    0, 0, 0, 0, 0, -6, 0, 0,
    0, 0, -6, 0, 0, 0, 0, 0,
    9, 0, 0, -6, -9, -9, 0, 0,
    0, 0, 0, 0, 0, 0, 0, 0,
    0, 0, 0, 0, 0, 0, 0, 0,
    0, -9, 0, 0, 0, 0, 0, 0,
    0, 0, 0, 0, 0, 0, 0, 0,
    0, 0, 0, 0, 0, 0, 0, 0,
    0, -17, -14, 0, 0, 0, 0, 0,
    -6, 0, 0, 0, 0, -6, 0, 0,
    0, 0, 0, 0, -6, 0, -9, -9,
    -9, -6, 0, 0, 0, 0, 0, 0,
    0, 0, 0, 0, 0, 0, 0, 0,
    0, 0, 0, 0, -9, 0, 0, 0,
    0, 0, 0, 0, 0, 0, 0, 0,
    0, 0, 0, 0, 0, 0, 0, 0,
    0, -2, 0, 0, 0, 0, 0, 0,
    0, 0, 0, 0, 0, 0, 0, 0,
    0, -7, -9, 0, 0, -9, -2, 0,
    0, 0, 0, 0, 0, 0, 0, 0,
    0, 0, 0, 0, 0, 0, 0, 0,
    0, 0, 0, 0, 0, 0, -9, 0,
    0, 0, 0, 0, 0, 0, 0, 0,
    0, 0, 0, 0, 0, 0, 0, 0,
    0, 0, 0, 0, 0, 0, 0, 0,
    -33, 0, 0, 0, 0, 0, -3, 0,
    0, 0, 0, -3, 0, 0, 0, -12,
    0, 0, 0, 0, 0, 0, 0, 0,
    -6, -4, 0, 0, 0, 0, 0, -6,
    0, 0, 0, 0, 0, 0, 0, 0,
    -6, 0, 0, 0, -6, 0, 0, 0,
    0, 0, 0, 0, -6, 0, 0, 0,
    0, 0, 0, 0, 0, 0, 0, 0,
    0, 0, 0, -14, 0, 0, 0, 0,
    0, -6, 0, 0, 0, 0, -6, 0,
    0, 0, 0, 0, 0, -6, 0, -9,
    -9, -9, 0, 0, 0, 0, 0, 0,
    0, 0, 0, 0, 0, 0, 0, 0,
    0, 0, 0, 0, 0, -9, 0, 0,
    0, 0, 0, 0, 0, 0, 0, 0,
    0, 0, 0, 0, 0, 0, 0, 0,
    0, 0, 0, 0, 0, 0, 0, 0,
    0, 0, 0, 0, 0, 0, 0, 0,
    0, 0, 0, 0, 0, 0, 0, 0,
    0, 0, 0, 0, -12, 0, 0, 0,
    0, 0, 0, 0, 0, 0, 0, 0,
    0, 0, 0, 0, 0, 0, 0, 0,
    -12, 0, 0, 0, 0, 0, 0, 0,
    0, 0, 0, 0, 0, 0, 0, 0,
    0, 0, 0, 0, 0, 0, 0, 0,
    0, -14, 0, 0, 0, 0, 0, -6,
    0, 0, 0, 0, -6, 0, 0, 0,
    0, 0, 0, 0, 0, 0, 0, 0,
    0, 0, 0, 0, 0, 0, 0, 0,
    0, 0, 0, 0, 0, 0, 0, 0,
    0, 0, 0, 0, 0, 0, 0, 0,
    0, 0, 0, 0, 0, 0, 0, 0,
    0, 0, 0, 0, 0, 0, -6, 0,
    -9, 0, 0, 0, 0, -14, 0, 0,
    0, 0, 0, 0, 0, 0, 0, 0,
    -7, -11, 0, 0, -9, -9, 0, 0,
    0, 0, 0, 0, 0, -12, 0, -9,
    0, 0, 0, -10, 0, -6, -9, -10,
    0, 0, -13, 0, -10, -11, 0, 0,
    -9, -10, 0, -7, 0, 0, 0, 0,
    -10, 0, 0, 0, 0, 0, 0, -6,
    0, -14, -35, 0, -35, 0, -9, 0,
    -23, 0, 0, 0, 0, 0, 0, 0,
    0, 0, 0, 0, -6, 0, 0, -6,
    0, -29, 0, -23, 0, -29, 0, 0,
    0, -6, 0, 0, 0, 0, 0, 0,
    0, -7, 0, -10, 0, -14, 0, 0,
    -6, -29, 0, 0, 0, 0, 0, 0,
    -35, 0, 0, 0, 0, 0, 0, 0,
    0, -35, -35, -35, 0, 0, 0, 0,
    0, -17, -14, 0, 0, 0, 0, 0,
    -6, 0, 0, 0, 0, -6, 0, 0,
    0, 0, 0, 0, -6, 0, -9, -14,
    -9, 0, 0, 0, 0, 0, 0, 0,
    0, 0, 0, 0, 0, 0, 0, -6,
    0, 0, 0, 0, -9, 0, 0, 0,
    0, 0, 0, 0, 0, 0, 0, 0,
    0, 0, 0, 0, 0, 0, 0, 0,
    0, 0, 0, 0, -17, -46, 0, 0,
    0, 0, 0, -14, 0, 0, 0, 0,
    -14, 0, 0, 0, -12, 0, 0, 0,
    0, 0, -9, 0, 0, -4, -2, 12,
    0, 0, 0, 0, 0, 0, 0, 0,
    0, 0, 0, 0, 0, 0, 0, 0,
    0, 0, 0, 0, 0, 0, 0, 0,
    0, 0, 0, 0, 0, 0, 0, 0,
    0, 0, 0, 0, 0, 0, 0, -17,
    -9, 0, 0, 0, 0, 0, -6, 0,
    0, 0, 0, -6, 0, 0, 0, 0,
    0, 0, -6, 0, -9, -9, -9, 0,
    0, 0, 0, 0, 0, 0, 0, 0,
    0, 0, 0, 0, 0, -6, 0, 0,
    0, 0, -9, 0, 0, 0, 0, 0,
    0, 0, 0, 0, 0, 0, 0, 0,
    0, 0, 0, 0, 0, 0, 0, 0,
    0, 0, 0, 0, 0, 0, 0, 0,
    0, 0, 0, 0, 0, 0, 0, -7,
    0, 0, 0, 0, 0, 0, 0, 0,
    0, -4, 0, 0, 0, 0, 0, 0,
    0, 0, 0, 0, 0, 0, 0, 0,
    0, 0, 0, 0, 0, -4, 9, 0,
    0, 0, 0, 0, 0, 0, 0, 0,
    0, 0, 0, 0, 0, 0, 0, 0,
    0, 0, 4, 0, 0, -17, -7, 0,
    0, 0, 0, 0, 0, 0, 0, 0,
    0, 0, 0, 0, 0, 0, 0, 4,
    0, 0, -6, -9, -9, 0, 0, 0,
    0, 0, 0, 0, 0, 0, 0, 0,
    0, 0, 0, 0, -3, 0, 0, 0,
    -9, 0, 0, 0, 0, 0, 0, 0,
    0, 0, 0, 0, 0, 0, 0, 0,
    0, 0, 0, -9, 0, 0, 0, 0,
    0, -29, -29, 0, 0, 0, 0, -6,
    0, 0, -29, -26, -6, 0, 0, 0,
    -23, 0, 0, 17, 0, 0, 0, 9,
    0, -20, -23, 0, -23, 0, 0, -14,
    -23, -14, -17, 0, -14, -17, -20, -20,
    -17, -20, 0, 9, 0, -20, -20, -14,
    0, 0, 0, -23, 0, -20, 0, -9,
    0, 0, 0, 0, 0, 12, 0, 0,
    -9, 0, 0, 0, -6, 0, 0, 0,
    0, 0, -9, 0, 0, 0, 0, -9,
    0, 0, 0, 0, 0, -9, 0, 0,
    0, 0, 0, 0, 0, 0, 0, 0,
    0, 0, 0, 0, 0, 0, 0, 0,
    0, 0, 0, 0, 0, 0, 0, 0,
    0, 0, 0, 0, 0, 0, 0, 0,
    0, 0, 0, 0, 0, 0, 0, 0,
    0, 0, 0, -6, 0, 0, 0, -17,
    -13, 0, 0, 0, 0, -20, 0, 0,
    -14, -14, -20, -6, -6, 0, -9, -6,
    -6, 0, 0, 0, 0, 0, 0, -13,
    -17, 0, -13, 0, -6, -9, -13, 0,
    -9, 0, -9, -9, -9, 0, -6, -13,
    -6, 0, 0, -13, 0, -9, -6, 0,
    0, 0, 0, -13, 0, 0, 0, 0,
    0, 0, 0, 0, 0, 0, -6, 0,
    0, 0, 0, -9, 12, 0, 0, 0,
    0, 0, 0, 0, 0, 0, -9, -9,
    0, 0, -9, -6, 12, 0, 0, 0,
    0, 0, 0, -6, 0, 0, 0, 0,
    0, 0, 0, 0, 0, 0, 0, 0,
    0, 0, 0, -9, 0, 0, 0, 0,
    0, -9, 0, 0, 0, 0, 0, 0,
    0, 0, 0, 0, 0, 0, 0, -12,
    0, -9, 0, 0, 0, -40, -29, 0,
    0, 0, 0, -20, 0, 0, -10, -23,
    -20, -12, -12, -12, -23, -12, -9, 9,
    0, 0, -6, 9, 0, -23, -23, 0,
    -23, 0, 0, -14, -23, -12, -23, 0,
    -12, -10, -9, -10, -10, -23, -12, 9,
    0, -23, 0, -12, -12, 0, 0, 0,
    0, -23, 0, 0, -10, 0, 0, 0,
    0, 0, 0, 0, 0, 0, 0, 0,
    0, 0, 0, 0, 0, 0, 0, 0,
    0, 0, 0, 0, 0, 0, 0, 0,
    0, 0, 12, 0, 0, 0, 0, 0,
    0, 0, 0, 0, 0, 0, 0, 0,
    0, 0, 0, 0, -17, 0, 0, 0,
    0, 0, 0, 0, 0, 0, 0, 0,
    0, 0, 0, 0, 0, 0, 0, 0,
    0, 0, 0, 0, 0, 0, -6, 0,
    -6, 0, -6, 0, 0, 0, 0, 0,
    0, 0, 0, 0, 0, 0, 0, 0,
    0, 0, 0, 0, 0, -17, 0, -9,
    0, -17, 0, 0, 0, 0, 0, 0,
    0, 0, 0, 0, 0, 0, 0, -6,
    0, -9, 0, 0, 0, -17, 0, 0,
    0, 0, 0, 0, -6, 0, 0, 0,
    0, 0, 0, 0, 0, -9, -9, -6,
    0, -6, 0, -6, 0, -12, -6, 0,
    0, 0, 0, 0, -4, 0, -7, 0,
    0, -4, 0, 0, 0, 0, 0, 0,
    -17, 0, -9, -6, -23, 0, 0, 0,
    0, 0, 0, 0, 0, 0, 0, -4,
    0, 0, -6, -6, -11, -6, 0, 0,
    -23, 0, 0, 0, 0, 0, 0, -6,
    0, -12, 0, 0, -3, 0, 0, 0,
    -9, -9, -6, 0, -6, 0, -6, 0,
    -12, -6, 0, 0, 0, 0, 0, 0,
    0, 0, 0, 0, 0, 0, 0, 0,
    0, 0, 0, -17, 0, -9, 0, -17,
    0, -2, -4, 0, 0, 0, -4, 0,
    0, 0, 0, 0, 0, 0, 0, -6,
    0, 0, 0, -17, 0, 0, 0, 0,
    0, 0, -6, 0, 0, 0, 0, -1,
    0, 0, 0, -9, -9, -6, 0, 0,
    0, 0, -10, -12, -6, 0, 0, 0,
    0, 0, 0, 0, 0, 0, 0, 0,
    0, 0, 0, 0, 0, 0, -17, 0,
    -9, 0, -17, 0, -3, 0, 0, 0,
    0, 0, -4, 0, 0, 0, 0, 0,
    -6, -6, -3, 0, 0, 0, -17, 0,
    0, 0, 0, 0, 0, 0, 0, 0,
    0, 0, -5, 0, 0, 0, 0, 0,
    -9, 0, 0, 0, 9, 0, 0, -14,
    0, 0, 0, 0, 0, 0, 0, 0,
    0, 0, 0, 0, 0, 9, 0, 0,
    0, 17, 0, 0, 0, 0, 0, -4,
    -6, 0, 0, 9, 4, 0, 0, 0,
    0, 0, 0, 0, 0, 0, 0, 0,
    0, 0, 0, 0, 0, 0, 0, 3,
    9, 0, 0, 0, 0, 0, 0, 0,
    0, 9, 12, 9, 0, 0, 0, 0,
    0, 0, 0, 0, 0, 0, 0, 0,
    0, 0, 0, 0, 0, 0, 0, 0,
    0, 0, 0, 0, -14, 0, 0, 0,
    -14, 0, 0, 0, 0, 0, 0, 0,
    0, 0, 0, 0, 0, 0, 0, 0,
    0, 0, 0, 0, -14, 0, 0, 0,
    0, 0, 0, 0, 0, 0, 0, 0,
    0, 0, 0, 0, 0, -14, 0, 0,
    -6, 0, -6, 0, -6, 0, 0, 0,
    0, 0, 0, 0, 0, 0, 0, 0,
    0, 0, 0, 0, 0, 0, 0, -17,
    0, 0, 0, 0, 0, 0, 0, 0,
    0, 0, 0, 0, 0, 0, 0, 0,
    0, 0, 0, 0, 0, 0, 0, 0,
    0, 0, 0, 0, 0, 0, -6, 0,
    0, 0, 0, 0, 0, 0, 0, -6,
    -9, -6, 0, 0, 0, -15, 0, 0,
    0, 0, 0, 0, 0, 0, 0, 0,
    0, 0, 0, 0, 0, 0, 0, 0,
    0, 0, 0, 0, 0, 0, 0, 0,
    0, 0, 0, 0, 0, 0, 0, 0,
    0, 0, 0, 0, 0, 0, 0, 0,
    0, 0, 0, 0, 0, 0, 0, 0,
    0, -15, 0, 0, 0, 0, 0, 0,
    0, 0, -15, 0, 0, 0, 0, 0,
    0, 0, 0, 0, -9, 0, 0, 0,
    0, 0, 0, 0, 0, 0, 0, 0,
    0, 0, 0, 0, 0, 0, 0, 0,
    0, 0, 0, 0, -3, 0, 0, 0,
    0, 0, -9, 0, -3, 0, 0, 0,
    0, 0, 0, -6, 0, 0, 0, -6,
    0, 0, 0, 0, 0, 0, 0, -6,
    0, 0, 0, 0, 0, 0, 0, 0,
    0, -6, 0, -12, 0, -6, 0, 0,
    0, 0, 0, 0, 0, 0, 0, 0,
    0, 0, 0, 0, 0, 0, 0, 0,
    -17, 0, 0, 0, -20, 0, 0, -2,
    0, 0, 0, 0, 0, 0, 0, 0,
    0, 0, 0, 0, -6, 0, 0, 0,
    -20, 0, 0, 0, 0, 0, 0, -12,
    0, 0, 0, 0, 0, 0, 0, 0,
    -12, -6, -6, 0, -9, 0, -9, 0,
    -12, -6, 0, 0, 0, 0, 0, -4,
    0, -7, 0, 0, -4, 0, 0, 0,
    0, 0, 0, -17, 0, -9, -6, -23,
    0, 0, 0, 0, 0, 0, 0, 0,
    0, 0, -4, 0, 0, -6, -5, -6,
    -6, 0, 0, -23, 0, 0, 0, 0,
    0, 0, -9, 0, -12, 0, 0, -3,
    0, 0, 0, -6, -9, -9, 0, 0,
    0, 0, 0, -6, -23, 0, 0, 0,
    0, 0, 0, 0, 0, 0, 0, 0,
    0, 0, 0, 0, 0, 0, 0, 0,
    0, 0, -6, 0, -4, -3, 0, -6,
    0, 0, 0, 0, 0, -6, 0, 0,
    0, 0, -5, 0, 0, 0, -6, 0,
    0, 0, 0, 0, 0, 0, 0, 0,
    0, 0, 0, 0, 0, 0, 0, 0,
    0, 0, -6, 0, -6, 0, -2, 0,
    0, 0, 0, 0, 0, 0, 0, 0,
    0, 0, 0, 0, 0, 0, 0, 0,
    0, -14, 0, -9, 0, -17, 0, 0,
    0, 0, 0, 0, 0, 0, 0, 0,
    0, 0, 0, -6, -6, -6, 0, 0,
    0, -17, 0, 0, 0, 0, 0, 0,
    -6, 0, 0, 0, 0, 0, 0, 0,
    0, -6, -9, -9, 0, 0, 0, 0,
    0, 0, 0, 0, 0, 0, 0, 0,
    0, 0, 0, 0, 0, 0, 0, 0,
    0, 0, 0, 0, 0, 0, 0, 0,
    -6, 0, 0, -8, 0, 0, 0, 0,
    0, 0, 0, 0, 0, 0, 0, 0,
    -4, 0, 0, 0, -6, 0, 0, 0,
    0, 0, 0, 0, 0, 0, 0, 0,
    0, 0, 0, 0, 0, 0, 0, 0,
    0, 0, 0, -12, -6, -23, 0, 0,
    0, 0, 0, -10, 0, 0, 0, 0,
    -10, 0, 0, 0, 0, 0, 0, -17,
    0, 0, 0, -10, 0, -9, -6, 0,
    -6, 0, 0, 0, -6, 0, -6, 0,
    0, 0, 0, -1, 0, 0, 0, -10,
    0, 0, 0, 0, 0, 0, 0, 0,
    0, 0, -9, 0, 0, 0, 0, 0,
    0, 0, 0, 0, 0, 0, 0, 0,
    0, 0, 0, 0, 0, 0, 0, 0,
    0, 0, 0, 0, 0, 0, 0, 0,
    0, 0, -14, 0, 0, 0, -9, 0,
    -6, -6, 0, -6, 0, 0, 0, -6,
    0, 0, 0, 0, -3, 0, 0, 0,
    -6, 0, -9, 0, -6, -6, 0, 0,
    0, 0, 0, 0, -6, 0, 0, 0,
    0, 0, 0, 0, 0, 0, 0, 0,
    0, 0, 0, -23, 0, 0, 0, 0,
    0, -7, 0, 0, 0, 0, -7, 0,
    0, 0, 0, 0, 0, -12, 0, 0,
    0, -10, 0, -6, -6, 12, -5, 0,
    0, 0, 0, 0, 0, 12, 0, 0,
    0, 0, 0, 0, 0, -10, 0, 0,
    0, 0, 0, 0, 0, 0, 0, 0,
    0, 0, 0, 0, 0, 0, 0, 9,
    0, 0, 0, 0, 0, 0, 0, 0,
    0, 0, 0, 0, 0, 0, 0, 0,
    0, 0, 0, 0, 0, 0, 0, 0,
    -14, 0, 0, 0, -10, 0, -9, -12,
    0, 0, 0, 0, 0, -9, 0, 0,
    0, 0, 0, 0, -3, 0, -9, 0,
    -10, 0, -9, -9, 0, 0, 0, 0,
    0, 0, -9, 0, 0, 0, 0, 0,
    0, 0, 0, 0, -6, 0, -6, 0,
    -12, -6, 0, 0, 0, 0, 0, 0,
    0, 0, 0, 0, 0, 0, 0, 0,
    0, 0, 0, 0, 0, 0, 0, 0,
    0, 0, 0, 0, 0, 0, 0, 0,
    0, 0, 0, 0, 0, 0, 0, 0,
    0, 0, 0, -17, 0, 0, 0, 0,
    0, 0, 0, 0, 0, 0, 0, 0,
    0, 0, 0, -9, -9, -6, 0, 0,
    0, 0, 0, -17, -14, 0, 0, 0,
    0, 0, -6, 0, 0, 0, 0, 0,
    0, 0, 0, 0, 0, 0, 0, 0,
    0, 0, 0, 0, 0, 0, 0, 0,
    0, 0, 0, 0, 0, 0, 0, 0,
    0, 0, 0, 0, 0, 0, -9, 0,
    0, 0, 0, 0, 0, 0, 0, 0,
    0, 0, 0, 0, 0, 0, 0, 0,
    0, -12, 0, -9, 0, 0, 0, -40,
    -29, 0, 0, 0, 0, -20, 0, 0,
    -10, -23, 0, 0, 0, 0, 0, 0,
    0, 0, 0, 0, 0, 0, 0, 0,
    0, 0, 0, 0, 0, 0, 0, 0,
    0, 0, 0, 0, 0, 0, 0, -23,
    -12, 9, 0, 0, 0, 0, 0, 0,
    0, 0, 0, 0, 0, 0, 0, 0,
    0, 0, 0, 0, 0, 0, 0, 0,
    0, 0, 0, 0, 0, 0, 0, 0,
    -14, 0, 0, 0, 0, -14, 0, 0,
    0, 0, 0, 0, 0, 0, 0, 0,
    0, 0, 0, 0, 0, 0, 0, 0,
    0, 0, 0, 0, 0, 0, 0, 0,
    0, 0, 0, 0, 0, 0, 0, 0,
    0, 0, 0, 0, 0, 0, 0, 0,
    0, 0, 0, 0, 0, 0, 0, 0,
    0, 0, 0, 0, 0, 0, 0, 0,
    0, 0, 0, -6, 0, 0, 0, 0,
    -6, 0, 0, -4, 0, 0, 0, 0,
    0, 0, 0, 0, 0, 0, 0, 0,
    0, 0, 0, 0, 0, 0, 0, 0,
    0, 0, 0, 0, 0, 0, 0, 0,
    0, 0, 0, 0, 0, 0, 0, 0,
    0, 0, 0, 0, 0, 0, 0, 0,
    0, 0, 0, 0, 0, 0, 0, 0,
    0, 0, 0, 0, 0, 0, 0, 0,
    0, 0, 0, 0, 0, 0, 0, 0,
    0, 0, -17, 0, 0, 0, -17, 0,
    0, 0, 0, 0, 0, 0, 0, 0,
    0, 0, 0, 0, 0, -6, -6, 0,
    0, 0, -17, 0, 0, 0, 0, 0,
    -3, 0, 0, 0, 0, 0, 0, 0,
    0, 0, 0, 0, 0, 0, 0, -14,
    3, 0, 0, 0, 0, 0, 0, 0,
    0, -35, 0, 0, 0, 0, -35, 0,
    0, 0, 0, 0, -14, 0, 0, 0,
    0, 0, 0, -9, -24, 0, -9, 0,
    9, 0, -9, 0, -23, 0, 0, 0,
    0, 0, 0, -9, 0, 0, 0, 0,
    -9, 0, 0, 0, 3, 0, 0, -9,
    0, 0, 0, 0, 0, 3, 0, 0,
    0, 0, 0, 0, 0, 0, 0, 0,
    0, 0, 0, 0, 0, 0, 0, 0,
    0, 0, 0, 0, 0, 0, 0, 0,
    0, 0, 0, 0, 0, 0, 0, -9,
    -9, 0, 0, 0, 0, 0, 0, 0,
    0, 0, -16, 0, 0, 0, 0, 0,
    0, 0, 0, 0, 0, 0, 0, 0,
    0, 0, 0, 0, -16, 0, 0, 0,
    0, 0, 0, 0, 0, 0, 0, 0,
    0, 0, 0, 0, 0, 0, 0, 0,
    0, 0, 0, 0, 0, 0, 0, 0,
    0, 0, 0, 0, 0, 0, 0, 0,
    0, 0, -9, 0, 0, 0, 0, 0,
    0, 0, 0, 0, 0, 0, 0, 0,
    0, 0, 0, 0, 0, 0, 0, 0,
    0, 0, 0, 0, 0, 0, 0, -12,
    0, 0, 0, 0, 0, 0, 0, 0,
    0, 0, 0, 0, 0, 0, 0, 0,
    0, 0, 0, 0, 0, 0, 0, 0,
    0, 0, 0, 0, 0, 0, 0, 0,
    0, 0, 0, 0, 0, -9, 0, 0,
    0, 0, 0, 0, 0, 0, 0, -9,
    0, 0, 0, 0, 0, 0, 0, 0,
    0, 0, 0, 0, 0, 0, 0, 0,
    0, 0, 0, 0, 0, 0, 0, 0,
    0, 0, 0, 0, 0, 0, 0, 0,
    0, 0, 0, 0, 0, 0, 0, 0,
    0, 0, 0, 0, 0, 0, 0, 0,
    0, 0, 0, 0, 0, 0, 0, 0,
    0, 0, 0, 0, 0, 0, 0, 0,
    0, 0, 0, 0, 0, 0, 0, 0,
    0, 0, 0, 0, 0, 0, 0, 0,
    0, 0, -4, 0, 0, -6, 0, 0,
    0, 0, 0, 0, 0, 0, 0, 0,
    0, 0, 0, 0, 0, 0, 0, 0,
    0, 0, 0, 0, 0, 0, 0, 0,
    0, 0, 0, 0, 0, 0, 0, 0,
    0, 0, 0, 0, 0, 0, 0, 0,
    0, 0, 0, 0, 0, 0, 0, 0,
    -12, 0, 0, 0, 0, 0, 0, 0,
    0, 0, 0, 0, 0, 0, 0, 0,
    0, 0, 0, 0, 0, 0, 0, 0,
    0, 0, 0, 0, 0, 0, 0, 0,
    -1, 0, 0, 1, -2, 0, 0, 0,
    1, 0, 0, 0, 0, 0, 0, 0,
    0, 0, 0, 0, 0, 0, 0, 0,
    0, 0, 0, 0, 0, 0, 0, 0,
    0, 0, 0, 0, 0, 0, 0, 0,
    0, 0, 0, 0, 0, 0, 0, 0,
    0, 0, 0, 0, 0, 0, 0, 0,
    0, 0, 0, 0, -14, 3, 0, 0,
    0, 0, 0, 0, 0, 0, -35, 0,
    0, 0, 0, 0, 0, 0, 0, 0,
    0, 0, 0, 0, 0, 0, 0, 0,
    0, 0, 0, 0, 0, 0, 0, 0,
    0, 0, 0, 0, 0, 0, 0, 0,
    -12, 0, 0, 0, 0, 0, 0, 0,
    0, 0, 0, 0, 0, 0, 0, 0,
    0, 0, 3, 0, 0, 0, 0, 0,
    0, 0, 0, 0, 0, 0, 0, 0,
    0, -35, 0, 0, 0, 0, -35, 0,
    0, 0, -35, 0, 0, 0, 0, 0,
    0, 0, 0, -9, -9, 0, -9, 0,
    0, 0, -9, 0, -9, 9, 0, 0,
    0, 0, 0, -9, 0, 0, 0, 0,
    -9, 0, 0, 0, 0, 0, 0, -9,
    0, 0, 0, 0, 0, 0, 0, 0,
    0, 0, 0, 0, 0, 0, -52, 0,
    0, 0, 0, 0, -35, 0, 0, -40,
    -40, -35, 0, 0, 0, -29, 0, 0,
    0, 0, 0, 0, 0, 0, 0, -9,
    -9, -12, 0, 0, 0, -9, 0, -9,
    0, 0, 0, 0, 0, 0, -9, 0,
    0, 0, 0, -9, 0, 0, 0, 0,
    0, 0, -9, 0, 0, 0, 0, 0,
    0, 0, 0
};


/*Collect the kern class' data in one place*/
static const lv_font_fmt_txt_kern_classes_t kern_classes =
{
    .class_pair_values   = kern_class_values,
    .left_class_mapping  = kern_left_class_mapping,
    .right_class_mapping = kern_right_class_mapping,
    .left_class_cnt      = 73,
    .right_class_cnt     = 67,
};

/*--------------------
 *  ALL CUSTOM DATA
 *--------------------*/

#if LVGL_VERSION_MAJOR == 8
/*Store all the custom data of the font*/
static  lv_font_fmt_txt_glyph_cache_t cache;
#endif

#if LVGL_VERSION_MAJOR >= 8
static const lv_font_fmt_txt_dsc_t font_dsc = {
#else
static lv_font_fmt_txt_dsc_t font_dsc = {
#endif
    .glyph_bitmap = glyph_bitmap,
    .glyph_dsc = glyph_dsc,
    .cmaps = cmaps,
    .kern_dsc = &kern_classes,
    .kern_scale = 16,
    .cmap_num = 10,
    .bpp = 4,
    .kern_classes = 1,
    .bitmap_format = 1,
#if LVGL_VERSION_MAJOR == 8
    .cache = &cache
#endif
};



/*-----------------
 *  PUBLIC FONT
 *----------------*/

/*Initialize a public general font descriptor*/
#if LVGL_VERSION_MAJOR >= 8
const lv_font_t font_etiket = {
#else
lv_font_t font_etiket = {
#endif
    .get_glyph_dsc = lv_font_get_glyph_dsc_fmt_txt,    /*Function pointer to get glyph's data*/
    .get_glyph_bitmap = lv_font_get_bitmap_fmt_txt,    /*Function pointer to get glyph's bitmap*/
    .line_height = 26,          /*The maximum line height required by the font*/
    .base_line = 6,             /*Baseline measured from the bottom of the line*/
#if !(LVGL_VERSION_MAJOR == 6 && LVGL_VERSION_MINOR == 0)
    .subpx = LV_FONT_SUBPX_NONE,
#endif
#if LV_VERSION_CHECK(7, 4, 0) || LVGL_VERSION_MAJOR >= 8
    .underline_position = -1,
    .underline_thickness = 0,
#endif
    .dsc = &font_dsc,          /*The custom font data. Will be accessed by `get_glyph_bitmap/dsc` */
#if LV_VERSION_CHECK(8, 2, 0) || LVGL_VERSION_MAJOR >= 9
    .fallback = NULL,
#endif
    .user_data = NULL,
};



#endif /*#if FONT_ETIKET*/

