/*******************************************************************************
 * Size: 22 px
 * Bpp: 4
 * Opts: --font font-tools\build\Manrope-600-latin.ttf -r 0x20-0xFFFF --size 22 --bpp 4 --format lvgl --lv-include lvgl.h --lv-font-name font_govde_b -o panel-firmware\main\fonts\font_govde_b.c --lv-fallback font_jp22
 ******************************************************************************/

#ifdef LV_LVGL_H_INCLUDE_SIMPLE
#include "lvgl.h"
#else
#include "lvgl.h"
#endif

#ifndef FONT_GOVDE_B
#define FONT_GOVDE_B 1
#endif

#if FONT_GOVDE_B

/*-----------------
 *    BITMAPS
 *----------------*/

/*Store the image of the glyphs*/
static LV_ATTRIBUTE_LARGE_CONST const uint8_t glyph_bitmap[] = {
    /* U+0020 " " */

    /* U+0021 "!" */
    0x5f, 0xf0, 0x7, 0xff, 0x49, 0x91, 0x4e, 0xe8,
    0x4c, 0xc9, 0x98, 0x0, 0x80,

    /* U+0022 "\"" */
    0xbf, 0xa0, 0xcf, 0x80, 0xf, 0xfe, 0x11, 0x9,
    0x3, 0x8f, 0x80,

    /* U+0023 "#" */
    0x0, 0xfa, 0x7e, 0x80, 0xb, 0xfc, 0x1, 0xff,
    0x38, 0x78, 0x3, 0x1, 0x0, 0x3f, 0xc4, 0x20,
    0x80, 0x7, 0xf, 0x0, 0xff, 0x28, 0x18, 0x81,
    0x8, 0x20, 0x7, 0xbb, 0xfe, 0x80, 0x3f, 0xf6,
    0x80, 0x3b, 0xfd, 0xc0, 0x2, 0x10, 0xf, 0xfe,
    0x12, 0x0, 0xb, 0x76, 0xa0, 0x6, 0xec, 0x0,
    0xad, 0xda, 0xc0, 0x22, 0x2c, 0x6, 0x44, 0x10,
    0x2, 0x11, 0x42, 0x1, 0xed, 0x5, 0x0, 0x28,
    0x10, 0x80, 0x78, 0x8b, 0x20, 0x71, 0x13, 0x1,
    0x88, 0xa1, 0x0, 0x26, 0xee, 0x10, 0x8d, 0xd2,
    0x82, 0x6e, 0xd2, 0x0, 0xc0, 0xf, 0xfe, 0x1e,
    0x0, 0x23, 0xfe, 0x50, 0x6f, 0xf4, 0x81, 0x7f,
    0xe4, 0x0, 0xf2, 0x86, 0x80, 0x34, 0x14, 0x3,
    0xfc, 0x80, 0x4, 0x0, 0x20, 0x58, 0x7, 0xfb,
    0x41, 0x40, 0x8, 0x2, 0x60, 0x1f, 0x0,

    /* U+0024 "$" */
    0x0, 0xe4, 0xff, 0x0, 0x7f, 0xf2, 0x4e, 0xa8,
    0x0, 0xc7, 0x0, 0xe6, 0xc5, 0x10, 0x1, 0xc6,
    0x88, 0x0, 0xa4, 0xe, 0xf7, 0x1c, 0xb, 0x40,
    0x14, 0x3, 0x88, 0x47, 0x14, 0x6, 0x80, 0x20,
    0xa0, 0x1c, 0xa8, 0x80, 0x7, 0x2, 0x28, 0x7,
    0x5d, 0x90, 0x18, 0x42, 0xb6, 0xc, 0x3, 0xc3,
    0x86, 0x4, 0xf9, 0xf4, 0x60, 0x18, 0xb3, 0x60,
    0xc0, 0xb, 0x90, 0x1, 0xc4, 0xf9, 0xd2, 0x60,
    0xea, 0x1, 0xf0, 0xb6, 0x18, 0x78, 0xef, 0xa0,
    0x7, 0x94, 0x4, 0x40, 0x9, 0x10, 0xe, 0x40,
    0x20, 0x90, 0x2f, 0x63, 0x25, 0xd2, 0xb, 0x4,
    0x90, 0x19, 0xcd, 0xa2, 0xa, 0x20, 0x3, 0x6b,
    0x8, 0x0, 0x9b, 0x54, 0x3, 0x14, 0xd0, 0x3,
    0x64, 0x80, 0x3f, 0xf8, 0x60,

    /* U+0025 "%" */
    0x0, 0x47, 0x7e, 0x20, 0x7, 0xc2, 0xc0, 0x15,
    0xb8, 0x81, 0xda, 0x80, 0x70, 0xe4, 0xb8, 0x32,
    0xe, 0xfc, 0x5, 0x80, 0x61, 0xc2, 0x4, 0xc,
    0x8, 0x20, 0x72, 0x13, 0x0, 0xe, 0x10, 0x61,
    0x80, 0x7f, 0xc3, 0x84, 0x38, 0x60, 0xc, 0x8,
    0x30, 0x82, 0x13, 0x1c, 0x21, 0xd3, 0x0, 0x98,
    0xc7, 0x3d, 0xc2, 0xc7, 0x8, 0x70, 0xc0, 0x3b,
    0x1c, 0x40, 0xed, 0xfc, 0x87, 0x8, 0x3, 0xe8,
    0xef, 0xc6, 0xc1, 0x16, 0x3e, 0xfe, 0xb0, 0x7,
    0xc5, 0x82, 0x2c, 0x5a, 0x20, 0x29, 0x90, 0x7,
    0x16, 0x8, 0xb0, 0xe0, 0x2b, 0xe8, 0x18, 0x80,
    0x22, 0xc1, 0x16, 0x12, 0x2, 0xa8, 0x15, 0x81,
    0x0, 0x5, 0x82, 0x5e, 0x40, 0x60, 0x1f, 0x8,
    0x1e, 0x9, 0x60, 0x80, 0x10, 0x15, 0x40, 0x8c,
    0x8, 0x1e, 0x25, 0x82, 0x1, 0x13, 0x85, 0x7d,
    0x83, 0x18, 0x6a, 0xe0, 0x80, 0x74, 0x49, 0x1,
    0x44, 0x80,

    /* U+0026 "&" */
    0x0, 0xc, 0xef, 0xfb, 0x18, 0x3, 0xc5, 0xec,
    0x40, 0x3, 0x99, 0x0, 0x74, 0x88, 0xa7, 0x71,
    0x41, 0x90, 0x3, 0x20, 0x43, 0x11, 0xd4, 0xe2,
    0x0, 0x42, 0x0, 0x20, 0xc, 0xc6, 0x1, 0x84,
    0x83, 0xc0, 0x3f, 0xe9, 0x4, 0x90, 0xf, 0xf3,
    0x8, 0x35, 0x80, 0x42, 0x62, 0x0, 0x1d, 0x10,
    0x2, 0x60, 0x84, 0xe4, 0x80, 0x20, 0x7, 0x6c,
    0xf, 0x4, 0x3, 0x90, 0x18, 0x93, 0x44, 0xbc,
    0x80, 0x31, 0x87, 0x80, 0xb, 0xc8, 0x54, 0x3c,
    0x0, 0xa1, 0x60, 0x10, 0xe1, 0x80, 0x3c, 0x1,
    0xc0, 0x78, 0xa6, 0x66, 0x30, 0x3, 0xb8, 0x15,
    0x80, 0xeb, 0x31, 0x0, 0x2a, 0x10, 0x21, 0x36,
    0x82, 0x0, 0x38, 0xfa, 0x7c, 0x10,

    /* U+0027 "'" */
    0xbf, 0xa0, 0xf, 0x10, 0x90,

    /* U+0028 "(" */
    0x0, 0xc2, 0x1, 0xa3, 0xd4, 0x0, 0x6e, 0x26,
    0x0, 0xf0, 0x56, 0x4, 0x30, 0xb0, 0x7, 0x83,
    0x88, 0xa, 0x5, 0x0, 0x1c, 0xc, 0x80, 0x1e,
    0x8, 0x1, 0x28, 0x68, 0x4, 0x40, 0x20, 0x1c,
    0xe0, 0x1f, 0xc6, 0xe, 0x1, 0x30, 0x10, 0x4,
    0x61, 0xe0, 0x16, 0x3, 0x80, 0x48, 0x2, 0x60,
    0x12, 0x84, 0x80, 0x50, 0xa, 0x60, 0x2, 0x50,
    0xe0, 0xa, 0xc4, 0xa4, 0x0, 0x34, 0x90, 0x1,
    0x25, 0x88,

    /* U+0029 ")" */
    0x0, 0x8, 0x7, 0x3f, 0x20, 0x6, 0xd0, 0xa1,
    0x0, 0xa8, 0x86, 0x0, 0x34, 0x83, 0x8, 0x4,
    0x86, 0xc, 0x1, 0xa4, 0x28, 0x3, 0x28, 0x11,
    0x0, 0x31, 0x82, 0x0, 0x65, 0xe, 0x0, 0xdc,
    0x4, 0x1, 0x84, 0x3, 0xff, 0x82, 0x20, 0x60,
    0x1b, 0x43, 0x80, 0x33, 0x81, 0x0, 0x42, 0x40,
    0x80, 0x13, 0x1, 0x88, 0x5, 0x21, 0x40, 0x13,
    0x88, 0x98, 0x0, 0x50, 0x10, 0x1, 0x70, 0x1b,
    0x0, 0x5e, 0x7c, 0x1, 0x8f, 0x8, 0x2,

    /* U+002A "*" */
    0x0, 0x97, 0xe8, 0x3, 0x10, 0x8, 0x4, 0x20,
    0xd, 0xd7, 0x3, 0x5f, 0x29, 0x14, 0xa0, 0x68,
    0x24, 0x4d, 0xc0, 0xa, 0x39, 0xc0, 0x1e, 0x8,
    0x10, 0x40, 0x2, 0x2a, 0xd8, 0x14, 0x0, 0x5f,
    0xe0, 0x9c, 0x70,

    /* U+002B "+" */
    0x0, 0xcf, 0x86, 0x1, 0xfb, 0x8c, 0x3, 0xff,
    0x9f, 0x1b, 0xb3, 0x87, 0x6e, 0xc6, 0x62, 0x28,
    0x40, 0x8b, 0x3d, 0xff, 0xcc, 0x19, 0xff, 0x20,
    0x7, 0xff, 0x54,

    /* U+002C "," */
    0x69, 0x7d, 0x6b, 0x0, 0xae, 0x5d, 0x23, 0x6,
    0x1c,

    /* U+002D "-" */
    0x8d, 0xde, 0xc3, 0x22, 0xf0,

    /* U+002E "." */
    0x6, 0x61, 0xc, 0xc9, 0xc0, 0x30,

    /* U+002F "/" */
    0x0, 0xd3, 0xf6, 0x1, 0x90, 0x30, 0x2, 0x12,
    0x4, 0x0, 0x9c, 0x4, 0xc0, 0x2c, 0x4, 0x0,
    0xc8, 0x18, 0x1, 0x10, 0x82, 0x0, 0x4a, 0x2,
    0x40, 0x16, 0x3, 0x80, 0x64, 0xc, 0x0, 0x8c,
    0x0, 0x80, 0x12, 0x1, 0x8, 0x5, 0x60, 0x80,
    0x18, 0xc3, 0x40, 0x24, 0x0, 0x20, 0x5, 0x80,
    0x60, 0x18,

    /* U+0030 "0" */
    0x0, 0x9f, 0x3f, 0xda, 0xe0, 0x18, 0x72, 0xc,
    0x0, 0x51, 0xa4, 0x0, 0xb3, 0x6, 0xcc, 0x38,
    0x17, 0x1, 0x28, 0x44, 0x99, 0xa2, 0x80, 0xd1,
    0x0, 0x7, 0x0, 0xca, 0x41, 0x82, 0x2, 0x1,
    0xe1, 0x1, 0x0, 0xff, 0xf8, 0x8, 0x8, 0x7,
    0x84, 0x5, 0x0, 0xe, 0x1, 0x94, 0x83, 0x9,
    0x42, 0x24, 0xcd, 0x14, 0x6, 0x81, 0x66, 0xd,
    0x98, 0x70, 0x2e, 0x0, 0xe, 0x41, 0x80, 0xa,
    0x34, 0x80,

    /* U+0031 "1" */
    0x0, 0x47, 0xfa, 0x93, 0x9c, 0x2, 0xf1, 0x1,
    0x0, 0x97, 0x94, 0x1, 0x34, 0x20, 0x11, 0x0,
    0x7f, 0xfd, 0x40,

    /* U+0032 "2" */
    0x0, 0x15, 0x77, 0xf5, 0x10, 0x4, 0xba, 0xa2,
    0x2, 0xba, 0xa0, 0x54, 0x5, 0x5b, 0x44, 0x14,
    0x56, 0x3, 0x8a, 0x4b, 0x82, 0x14, 0xa0, 0xe2,
    0x1, 0xa, 0x2, 0x6e, 0xa0, 0x3, 0x8c, 0x0,
    0x24, 0x20, 0x1c, 0x80, 0xc0, 0x1f, 0x51, 0x7,
    0x0, 0x7a, 0xd4, 0x1d, 0x0, 0x30, 0xe2, 0x3,
    0xc0, 0x6, 0x2c, 0x30, 0x88, 0x0, 0x63, 0xc2,
    0xa, 0x70, 0xc, 0x98, 0x21, 0x8a, 0x1, 0x96,
    0xc0, 0x14, 0x24, 0x58, 0x6c, 0x2, 0xad, 0xde,
    0xc0, 0xf, 0xf8,

    /* U+0033 "3" */
    0x8, 0xff, 0xfe, 0x0, 0xff, 0xe1, 0x4e, 0xef,
    0x50, 0x1, 0x40, 0x2, 0x45, 0x9a, 0x81, 0x68,
    0x3, 0xcd, 0x60, 0xb4, 0x1, 0xe7, 0x90, 0x5a,
    0x0, 0xf3, 0x40, 0x1, 0x24, 0x40, 0x39, 0xc0,
    0x21, 0x6f, 0x10, 0xc, 0x3b, 0xfe, 0xa0, 0x1a,
    0x0, 0xe2, 0x0, 0x2c, 0x82, 0x8, 0x7, 0xe4,
    0x0, 0x10, 0x7, 0xff, 0x6, 0xfd, 0xc0, 0x35,
    0x0, 0xc, 0x4, 0x22, 0x6, 0x69, 0x70, 0x70,
    0x5, 0x18, 0x3e, 0x61, 0x81, 0x20, 0x2, 0xc9,
    0x30, 0x1, 0xcd, 0x80, 0x0,

    /* U+0034 "4" */
    0x0, 0xee, 0xfa, 0x0, 0xfc, 0xe2, 0x10, 0x1,
    0xfa, 0x41, 0x8, 0x3, 0xe6, 0x10, 0x80, 0xf,
    0xd6, 0x6, 0x60, 0xf, 0x94, 0x82, 0x0, 0x3f,
    0x48, 0x12, 0x0, 0x4, 0x3, 0x21, 0x84, 0x0,
    0x33, 0xa4, 0x2, 0xf0, 0x15, 0x0, 0xf8, 0xd0,
    0x20, 0x3, 0xf4, 0x80, 0xb0, 0x7, 0xe4, 0x1,
    0xff, 0xc6, 0xd, 0xe4, 0x1, 0xff, 0xc0, 0xcd,
    0xdf, 0x18, 0x2e, 0x91, 0x7e, 0x0, 0x19, 0x0,
    0x7f, 0xf0, 0x40,

    /* U+0035 "5" */
    0xe, 0xff, 0xfa, 0x80, 0x2, 0x1, 0xff, 0xc0,
    0xbd, 0xde, 0xb0, 0x10, 0x2, 0x91, 0x70, 0x81,
    0x80, 0x4, 0x3, 0xe1, 0x0, 0xff, 0x38, 0xc,
    0x77, 0xfa, 0xcc, 0x0, 0x20, 0x2e, 0x20, 0x4,
    0xc6, 0x6, 0x20, 0x8e, 0xfc, 0x20, 0x92, 0x3d,
    0xe7, 0x10, 0x3c, 0x10, 0xa0, 0x0, 0x80, 0x61,
    0x40, 0x30, 0x21, 0x0, 0xf8, 0x6f, 0x68, 0x3,
    0x12, 0x86, 0xf0, 0x26, 0x21, 0xb6, 0x0, 0xba,
    0xc0, 0x1d, 0xe4, 0x88, 0xb0, 0x0, 0xf6, 0x80,
    0x2, 0x7f, 0x20,

    /* U+0036 "6" */
    0x0, 0x9b, 0x3f, 0xdb, 0x2, 0x1, 0xae, 0x4c,
    0x0, 0x4f, 0xe4, 0x0, 0x94, 0x6, 0xcd, 0x90,
    0x52, 0x1, 0x60, 0x79, 0x32, 0x6d, 0xb0, 0x2,
    0x0, 0x20, 0x3, 0x10, 0x4, 0x40, 0x20, 0x1f,
    0xfc, 0x3, 0xbf, 0xf7, 0x48, 0x80, 0x61, 0xc4,
    0x0, 0xb, 0x79, 0x0, 0x74, 0xff, 0xa4, 0x7,
    0x80, 0x35, 0xb0, 0x1, 0xa8, 0xc, 0xc0, 0x12,
    0x0, 0x65, 0x0, 0x29, 0x0, 0x7f, 0x8d, 0x0,
    0xc, 0x1, 0x9c, 0x0, 0xe2, 0xc1, 0x30, 0x66,
    0x98, 0x5, 0x20, 0x93, 0x7, 0xcc, 0x30, 0x25,
    0x0, 0x59, 0x26, 0x0, 0x39, 0xb0, 0x0,

    /* U+0037 "7" */
    0x2f, 0xff, 0xe6, 0x0, 0xff, 0x8b, 0x77, 0xd4,
    0x0, 0x20, 0x22, 0xf6, 0x1, 0x20, 0x7, 0xcc,
    0x14, 0x1, 0xf3, 0x0, 0x18, 0x3, 0xeb, 0x5,
    0x10, 0xf, 0x19, 0x7, 0x0, 0x7d, 0x40, 0x48,
    0x1, 0xe1, 0x60, 0xa0, 0xf, 0x9c, 0x0, 0xc0,
    0x1f, 0x58, 0x28, 0x80, 0x78, 0xc8, 0x38, 0x3,
    0xe9, 0x2, 0x40, 0xf, 0xa, 0x85, 0x0, 0x7c,
    0xc0, 0x6, 0x0, 0xe0,

    /* U+0038 "8" */
    0x0, 0x15, 0x77, 0xfa, 0xd0, 0x2, 0x5d, 0x51,
    0x0, 0x25, 0xc0, 0x2, 0xc0, 0xab, 0x6c, 0xc1,
    0xc8, 0xc4, 0x25, 0x49, 0x34, 0x0, 0xa0, 0x13,
    0x80, 0x42, 0x1, 0x18, 0x3, 0xc8, 0x6, 0x40,
    0x8, 0x14, 0x7, 0xbf, 0xcc, 0xc, 0x60, 0x20,
    0x1f, 0x70, 0xd, 0x81, 0x56, 0x59, 0x84, 0x23,
    0x0, 0x3d, 0x4d, 0x30, 0x83, 0xb4, 0xc, 0x80,
    0x32, 0x3, 0x80, 0x7f, 0xda, 0x6, 0x40, 0x19,
    0x1, 0x98, 0x0, 0xf5, 0x24, 0xc2, 0xf, 0x1a,
    0x2, 0xad, 0xb3, 0x7, 0x40, 0x5d, 0x51, 0x1,
    0x4b, 0x80,

    /* U+0039 "9" */
    0x0, 0xc, 0x6f, 0xf5, 0x98, 0x6, 0x3f, 0x72,
    0x1, 0x4c, 0x70, 0x0, 0xe8, 0x8a, 0x72, 0xcc,
    0x21, 0x1, 0x84, 0x31, 0x8d, 0x31, 0x2, 0x3,
    0x1, 0x48, 0x3, 0x78, 0x18, 0x7, 0xff, 0x0,
    0x8c, 0x10, 0x40, 0x37, 0x0, 0x54, 0x3, 0xa6,
    0x3, 0x2a, 0x1, 0x14, 0x81, 0xe7, 0xf3, 0x0,
    0x73, 0x62, 0x0, 0x5, 0xec, 0x3, 0x8e, 0xff,
    0xdd, 0xe, 0x1, 0xff, 0x28, 0x0, 0x80, 0x4,
    0x1, 0xd6, 0x6, 0x0, 0x3c, 0xd5, 0x25, 0xc2,
    0x8, 0x0, 0x28, 0x95, 0x6d, 0x18, 0x42, 0x0,
    0x1b, 0x14, 0x40, 0x57, 0x1c, 0x0,

    /* U+003A ":" */
    0x36, 0x5a, 0x98, 0x0, 0xa7, 0xf4, 0x3, 0xc6,
    0xcb, 0x53, 0x0, 0x10,

    /* U+003B ";" */
    0x9f, 0xd0, 0xa, 0xa6, 0xd, 0x94, 0x3, 0xff,
    0x86, 0xb3, 0x18, 0xca, 0x1, 0x4d, 0x1, 0xc2,
    0x3d, 0x48,

    /* U+003C "<" */
    0x0, 0xc7, 0x60, 0x18, 0xf1, 0x1c, 0x0, 0x78,
    0xa, 0xe0, 0x98, 0xd, 0x40, 0x96, 0xd, 0x20,
    0xd, 0x0, 0x50, 0x5, 0x2c, 0x18, 0x80, 0x14,
    0xb0, 0x5a, 0x0, 0x52, 0xe1, 0x6a, 0x1, 0x43,
    0x83, 0x0, 0x68, 0xe3,

    /* U+003D "=" */
    0x4d, 0xdf, 0xf5, 0x89, 0x17, 0xf9, 0x97, 0xff,
    0xfd, 0xa0, 0x1f, 0xfc, 0x4, 0xdd, 0xff, 0x58,
    0x91, 0x7f, 0x98,

    /* U+003E ">" */
    0x1b, 0x20, 0xd, 0x69, 0x84, 0x1, 0x51, 0x8e,
    0x10, 0x5, 0x88, 0x38, 0x40, 0x15, 0xa0, 0xe1,
    0x0, 0x5c, 0x2, 0x80, 0x6, 0xa0, 0x96, 0x6,
    0x90, 0x96, 0x7, 0x90, 0x96, 0x0, 0x10, 0x4b,
    0x0, 0x4b, 0xac, 0x1, 0x80,

    /* U+003F "?" */
    0x0, 0x36, 0x7f, 0xb1, 0xc0, 0x2b, 0x93, 0x0,
    0x1c, 0x58, 0x32, 0x3, 0xe6, 0x18, 0x11, 0xe8,
    0x16, 0xc, 0xd2, 0x81, 0x71, 0x50, 0x1, 0x88,
    0x5, 0x14, 0x80, 0x32, 0x83, 0x0, 0x79, 0xcc,
    0x3c, 0x3, 0xa6, 0x1, 0x90, 0x3, 0x4b, 0x3,
    0x48, 0x6, 0x26, 0x7, 0x90, 0xe, 0x40, 0x4,
    0x0, 0x7c, 0x68, 0x1, 0xf3, 0x65, 0x80, 0x7c,
    0xb5, 0x20, 0x1f, 0x6a, 0xb0, 0x7, 0xff, 0x8,

    /* U+0040 "@" */
    0x0, 0xe5, 0xae, 0xff, 0x75, 0xb0, 0x7, 0xe2,
    0xda, 0x51, 0x22, 0xa, 0x4f, 0x20, 0x7, 0x1e,
    0x92, 0x5f, 0xee, 0xbf, 0x14, 0x6d, 0x80, 0x36,
    0x84, 0x5a, 0x0, 0x63, 0xaa, 0x4, 0x90, 0x1,
    0xc5, 0x5c, 0xa, 0x73, 0xd, 0x8, 0xae, 0x10,
    0x0, 0xa0, 0x80, 0x2d, 0x63, 0x34, 0xbe, 0x4,
    0x82, 0x80, 0x90, 0x90, 0x48, 0x37, 0xf2, 0x0,
    0x42, 0x40, 0x64, 0x4, 0x0, 0x40, 0x90, 0x1f,
    0x0, 0xcc, 0xe, 0x1, 0xff, 0xc3, 0x70, 0x71,
    0x2, 0x0, 0x18, 0x40, 0xf, 0x81, 0x0, 0xc,
    0xc, 0x84, 0x44, 0x10, 0xf, 0xfc, 0x80, 0xb7,
    0xa0, 0xc0, 0x6, 0x8, 0x4, 0xb3, 0x1, 0x7c,
    0x34, 0x36, 0x90, 0x4, 0x8a, 0xc0, 0x26, 0x7f,
    0x41, 0xe7, 0xf4, 0x80, 0x43, 0xa0, 0xf6, 0x80,
    0x18, 0xc0, 0x3f, 0x1e, 0x12, 0x5f, 0xee, 0xbf,
    0x18, 0x3, 0xf1, 0xed, 0x28, 0x91, 0x4a, 0xa0,
    0xe,

    /* U+0041 "A" */
    0x0, 0xe9, 0xff, 0x84, 0x3, 0xfc, 0xe0, 0x13,
    0x80, 0x7f, 0x18, 0x81, 0x6, 0x80, 0x7f, 0x58,
    0x15, 0x82, 0x0, 0x7f, 0x28, 0x2b, 0x80, 0x14,
    0x3, 0xe2, 0x20, 0x58, 0xa0, 0x78, 0x7, 0xd4,
    0x4, 0x61, 0xa0, 0xa0, 0x1f, 0x28, 0x28, 0x1,
    0xc0, 0xa, 0x1, 0xc4, 0x40, 0xb0, 0x0, 0x98,
    0x78, 0x7, 0x28, 0x9, 0x80, 0x56, 0xa, 0x1,
    0xd6, 0x3, 0xff, 0xa0, 0x0, 0x80, 0x10, 0x98,
    0x7, 0xf6, 0x80, 0x4e, 0x3, 0xbb, 0xe7, 0x7,
    0x0, 0xa8, 0x10, 0x8b, 0xd4, 0x2, 0x60, 0x26,
    0x1c, 0x1, 0xe2, 0x20, 0x50, 0x38, 0x1, 0x0,
    0x3e, 0x50, 0x70,

    /* U+0042 "B" */
    0x7f, 0xff, 0xac, 0xc0, 0x3f, 0xe4, 0xc4, 0x0,
    0xc3, 0xbb, 0xac, 0x82, 0x80, 0x38, 0x8b, 0x27,
    0x0, 0x98, 0x7, 0xf1, 0x80, 0x18, 0x3, 0xf8,
    0xc0, 0xc, 0x1, 0x88, 0xb2, 0x70, 0x11, 0x80,
    0x43, 0xbb, 0xac, 0x87, 0xc0, 0x3f, 0xe1, 0x80,
    0xc, 0x3f, 0xfd, 0x40, 0xb0, 0x1, 0xfc, 0xb0,
    0xe, 0x1, 0xfe, 0x30, 0x0, 0x80, 0x7f, 0x60,
    0x0, 0x40, 0x22, 0x2c, 0x70, 0xe0, 0x80, 0x10,
    0xee, 0xec, 0x70, 0x19, 0x0, 0xfe, 0x16, 0xf2,
    0x0,

    /* U+0043 "C" */
    0x0, 0xc7, 0x3b, 0xfe, 0xeb, 0x50, 0xf, 0xa3,
    0x18, 0x80, 0x2, 0x95, 0x82, 0x1, 0xa5, 0xc0,
    0xe7, 0x36, 0xd4, 0xf, 0x0, 0x24, 0x60, 0x5c,
    0x63, 0x24, 0xaa, 0x1, 0x40, 0x3, 0xc0, 0xa8,
    0x3, 0xca, 0xc0, 0xe0, 0x4, 0xa, 0x0, 0xfd,
    0x73, 0xa0, 0x60, 0x4, 0x0, 0xfc, 0x4c, 0x40,
    0xc0, 0x2, 0x0, 0xff, 0xe8, 0x30, 0x0, 0x80,
    0x3f, 0xf8, 0x6, 0x0, 0x40, 0xf, 0xc4, 0xc4,
    0x0, 0x40, 0xa0, 0xf, 0xd7, 0x3a, 0x0, 0xf0,
    0x2a, 0x0, 0xf2, 0xb0, 0x38, 0x1, 0x18, 0x17,
    0x18, 0xc9, 0x2a, 0x80, 0x50, 0x1, 0x4b, 0x81,
    0xce, 0x6d, 0xa8, 0x1e, 0x0, 0x74, 0x63, 0x10,
    0x0, 0x52, 0xb0, 0x40, 0x0,

    /* U+0044 "D" */
    0x7f, 0xff, 0x75, 0xa0, 0x7, 0xfc, 0x29, 0x74,
    0x1, 0xc3, 0xbb, 0xad, 0x1, 0x64, 0x3, 0x88,
    0xb2, 0x5b, 0x3, 0x18, 0x7, 0xfa, 0x44, 0x28,
    0x3, 0xfe, 0x70, 0x70, 0xf, 0xfb, 0xc0, 0x44,
    0x1, 0xfe, 0x20, 0x1, 0x80, 0x7f, 0xf3, 0x8,
    0x0, 0x60, 0x1f, 0xef, 0x1, 0x10, 0x7, 0xf9,
    0xc1, 0xc0, 0x3f, 0xd2, 0x21, 0x40, 0x18, 0x8b,
    0x25, 0x30, 0x39, 0x80, 0x43, 0xbb, 0xad, 0x41,
    0xa0, 0x3, 0xf8, 0x52, 0xe4, 0x2,

    /* U+0045 "E" */
    0x7f, 0xff, 0xea, 0x0, 0xff, 0xe0, 0x96, 0xef,
    0xd6, 0x1, 0x11, 0x7c, 0x20, 0x1f, 0xfc, 0xd2,
    0x2f, 0x0, 0x62, 0xdd, 0xf2, 0x80, 0x7f, 0xf0,
    0x8b, 0xff, 0xca, 0x1, 0xff, 0xd9, 0x22, 0xf8,
    0x40, 0x5, 0xbb, 0xf5, 0x80, 0x7f, 0xc0,

    /* U+0046 "F" */
    0x7f, 0xff, 0xdc, 0x1, 0xff, 0xc0, 0x1b, 0xbf,
    0x68, 0x0, 0xd1, 0x3c, 0x60, 0x1f, 0xfd, 0x42,
    0xff, 0xe9, 0x0, 0xff, 0xe0, 0x8d, 0xdf, 0x80,
    0x23, 0x44, 0xe2, 0x0, 0xff, 0xf3, 0x80,

    /* U+0047 "G" */
    0x0, 0xc7, 0x3b, 0xfe, 0xeb, 0x50, 0xf, 0xa3,
    0x18, 0x80, 0x2, 0x95, 0x82, 0x1, 0xa5, 0xc0,
    0xe7, 0x36, 0xd0, 0xf, 0x40, 0x24, 0x60, 0x5c,
    0x63, 0x24, 0xb8, 0x3, 0x50, 0x7, 0x81, 0x50,
    0x7, 0x9d, 0x50, 0xc0, 0x50, 0x28, 0x3, 0xf5,
    0x5b, 0x1, 0x0, 0x10, 0x3, 0xff, 0x80, 0xc0,
    0x1, 0x0, 0xe4, 0xdd, 0xe2, 0x0, 0xfe, 0x12,
    0x2e, 0x16, 0x0, 0x8, 0x7, 0x2f, 0xfa, 0x80,
    0x2, 0x60, 0x4, 0x0, 0xfd, 0xa0, 0x2, 0x4,
    0xa, 0x0, 0xfc, 0xc0, 0xa0, 0xf, 0x2, 0x90,
    0xf, 0x48, 0x84, 0x80, 0x11, 0x81, 0xb1, 0x48,
    0x8b, 0x6c, 0xe, 0x60, 0x14, 0xb8, 0x1d, 0x6e,
    0xa9, 0x1, 0xe0, 0x3, 0xa3, 0x18, 0x80, 0x2,
    0xb9, 0x0, 0x10,

    /* U+0048 "H" */
    0x7f, 0xd0, 0xf, 0x8f, 0xfc, 0x20, 0x1f, 0xff,
    0xf0, 0xf, 0xf8, 0xbf, 0xfe, 0xc0, 0xf, 0xfe,
    0x39, 0x6e, 0xfd, 0x40, 0x1e, 0x22, 0xf9, 0x80,
    0x3f, 0xff, 0xa0,

    /* U+0049 "I" */
    0x3f, 0xf0, 0x80, 0x7f, 0xfc, 0x0,

    /* U+004A "J" */
    0x0, 0xf2, 0xff, 0x80, 0x3f, 0xff, 0xe0, 0x1f,
    0xfc, 0x93, 0x0, 0x3d, 0xb0, 0x5, 0xc0, 0x3a,
    0x92, 0xc4, 0xce, 0x9, 0x64, 0x13, 0xb2, 0x3,
    0x63, 0x8c, 0x20, 0x2d, 0xe2,

    /* U+004B "K" */
    0x7f, 0xd0, 0xe, 0x1e, 0xfd, 0x10, 0xf, 0xda,
    0x22, 0xc1, 0x0, 0xfa, 0xcc, 0x70, 0x40, 0x3e,
    0xa4, 0xd, 0x20, 0xf, 0xa1, 0x42, 0xcc, 0x3,
    0xe6, 0x70, 0x94, 0x0, 0xf9, 0x24, 0x1d, 0x80,
    0x3e, 0x2b, 0x5, 0x80, 0xf, 0xc2, 0x20, 0x71,
    0x0, 0xfc, 0x78, 0x25, 0x82, 0x1, 0xf8, 0xb4,
    0xb, 0x40, 0x3f, 0x8e, 0xc0, 0xec, 0x3, 0xf9,
    0x28, 0x12, 0x80, 0x3f, 0x96, 0x41, 0x60, 0x3,
    0xf9, 0xa0, 0x1d, 0xc0, 0x1f, 0xce, 0xe0, 0x86,

    /* U+004C "L" */
    0x3f, 0xf0, 0x80, 0x7f, 0xff, 0xc0, 0x3f, 0xfe,
    0xe6, 0x45, 0xe0, 0xd, 0xbb, 0xf1, 0x80, 0x7f,
    0xc0,

    /* U+004D "M" */
    0x7f, 0xd0, 0xf, 0xf1, 0x7f, 0x88, 0x0, 0x4a,
    0x1, 0xfd, 0x0, 0x1e, 0x80, 0xf, 0xc4, 0xa0,
    0x1e, 0x24, 0x0, 0xfa, 0xc0, 0x3f, 0x40, 0x7,
    0x85, 0x80, 0x3c, 0x60, 0x66, 0x0, 0xe9, 0x3,
    0x0, 0xe7, 0x60, 0x80, 0xc, 0x2e, 0x12, 0x1,
    0xeb, 0x4, 0x30, 0x9, 0x80, 0x94, 0x3, 0xc4,
    0xa1, 0x20, 0x14, 0x85, 0x80, 0x7e, 0x90, 0x52,
    0x6, 0x11, 0x30, 0x7, 0xe3, 0x40, 0xb0, 0x80,
    0x90, 0xf, 0xf7, 0x83, 0x40, 0x89, 0xc0, 0x3f,
    0xc8, 0x40, 0xe0, 0xc0, 0x1f, 0xfc, 0x8, 0x0,
    0xa4, 0x3, 0xff, 0x80, 0xa4, 0xc, 0x20, 0x1f,
    0xfc, 0x1b, 0xb, 0x0, 0xf8,

    /* U+004E "N" */
    0x7f, 0xf1, 0x80, 0x79, 0x7f, 0xc0, 0x17, 0x0,
    0x7f, 0xf0, 0xa, 0x0, 0x3f, 0xf8, 0xe, 0x60,
    0x1f, 0xc2, 0x41, 0xe0, 0x1f, 0xee, 0x3, 0x70,
    0xf, 0xe3, 0x70, 0x82, 0x0, 0xfe, 0x82, 0xe,
    0x0, 0xff, 0x70, 0x1b, 0x80, 0x7f, 0x1b, 0x4,
    0x10, 0x7, 0xf4, 0x88, 0x70, 0x7, 0xfa, 0x80,
    0xf8, 0x3, 0xf9, 0x18, 0x10, 0x3, 0xfd, 0x2,
    0x1, 0xff, 0xd, 0x80, 0x7f, 0xf0, 0x15, 0x40,
    0x0,

    /* U+004F "O" */
    0x0, 0xc7, 0x3b, 0xfe, 0xeb, 0x50, 0xf, 0xa3,
    0x18, 0x80, 0x2, 0x95, 0x82, 0x1, 0xa5, 0xc0,
    0xe7, 0x36, 0x94, 0xf, 0x0, 0x24, 0x60, 0x5c,
    0x63, 0x25, 0xaa, 0x1, 0x48, 0x3, 0xc0, 0xa8,
    0x3, 0xca, 0xc0, 0xc0, 0x4, 0xa, 0x0, 0xfd,
    0x60, 0x5, 0x30, 0x2, 0x0, 0x7e, 0x20, 0x6,
    0xb0, 0x0, 0x40, 0x3f, 0x88, 0x4, 0x3, 0xff,
    0x88, 0xc0, 0x1, 0x0, 0xfe, 0x20, 0x13, 0x0,
    0x20, 0x7, 0xe2, 0x0, 0x68, 0x20, 0x50, 0x7,
    0xeb, 0x0, 0x20, 0x78, 0x14, 0x80, 0x79, 0x58,
    0x18, 0x41, 0x18, 0x1b, 0x14, 0x88, 0x95, 0x40,
    0x29, 0x0, 0xa5, 0xc0, 0xeb, 0x75, 0x6a, 0x7,
    0x80, 0x1d, 0x18, 0xc4, 0x0, 0x14, 0xac, 0x10,
    0x0,

    /* U+0050 "P" */
    0x7f, 0xff, 0xb6, 0x4, 0x3, 0xfc, 0x4f, 0x82,
    0x1, 0x17, 0x76, 0xd8, 0x2, 0x80, 0xc, 0x23,
    0x89, 0xd8, 0x18, 0x3, 0xfd, 0xa0, 0x1, 0x0,
    0xff, 0xe5, 0x60, 0x0, 0x40, 0x3f, 0x33, 0x82,
    0x80, 0x45, 0xff, 0xd2, 0x3, 0x60, 0x1f, 0xe5,
    0xc1, 0x0, 0x8b, 0x77, 0x77, 0xd1, 0x0, 0x71,
    0x16, 0x10, 0xf, 0xff, 0x68,

    /* U+0051 "Q" */
    0x0, 0xc7, 0x3b, 0xfe, 0xeb, 0x50, 0xf, 0xa3,
    0x18, 0x80, 0x2, 0x95, 0x82, 0x1, 0xa5, 0xc0,
    0xe7, 0x36, 0x94, 0xf, 0x0, 0x24, 0x60, 0x5c,
    0x63, 0x25, 0xaa, 0x1, 0x48, 0x3, 0xc0, 0xa8,
    0x3, 0xca, 0xc0, 0xc0, 0x4, 0xa, 0x0, 0xfd,
    0x60, 0x5, 0x30, 0x2, 0x0, 0x7e, 0x20, 0x6,
    0xb0, 0x0, 0x40, 0x3f, 0x88, 0x4, 0x3, 0xff,
    0x88, 0xc0, 0x1, 0x0, 0xfe, 0x20, 0x13, 0x0,
    0x20, 0x7, 0x91, 0x4, 0x0, 0xd0, 0x40, 0xa0,
    0xe, 0x3b, 0xb7, 0x0, 0x10, 0x3c, 0xa, 0x40,
    0x31, 0xa8, 0x18, 0x30, 0x82, 0x30, 0x36, 0x29,
    0x11, 0x0, 0x37, 0x80, 0x52, 0xe0, 0x75, 0xba,
    0xb5, 0x1, 0x9, 0x20, 0xa, 0x31, 0x88, 0x0,
    0x29, 0x5c, 0xf0, 0x40,

    /* U+0052 "R" */
    0x7f, 0xff, 0xb6, 0x4, 0x3, 0xfc, 0x4f, 0x82,
    0x1, 0x17, 0x76, 0xd8, 0x2, 0x80, 0xc, 0x23,
    0x89, 0xd8, 0x18, 0x3, 0xfd, 0xa0, 0x1, 0x0,
    0xff, 0xe5, 0x60, 0x0, 0x40, 0x3f, 0x33, 0x83,
    0x0, 0x45, 0xff, 0xd2, 0x3, 0x0, 0x1f, 0xe3,
    0xf1, 0x0, 0x8b, 0x77, 0x18, 0x0, 0x40, 0x38,
    0x8b, 0x48, 0x1a, 0x0, 0x7f, 0x29, 0x4, 0x0,
    0x7f, 0xac, 0xc, 0xc0, 0x1f, 0xcc, 0x21, 0x0,
    0x1f, 0xe9, 0x4, 0x30,

    /* U+0053 "S" */
    0x0, 0x8a, 0x77, 0xfd, 0xb2, 0x60, 0x1c, 0xba,
    0xc4, 0x0, 0x26, 0xc7, 0x0, 0x8a, 0x80, 0x67,
    0x75, 0x24, 0x10, 0xc0, 0x5, 0x0, 0x7b, 0x11,
    0x1b, 0x48, 0x20, 0x1, 0xc0, 0x22, 0x0, 0xe8,
    0x34, 0x10, 0xf0, 0x17, 0x0, 0xe5, 0xca, 0x10,
    0x62, 0x8, 0xe9, 0x50, 0xf, 0xd8, 0xa0, 0x2d,
    0x5f, 0x8c, 0x1, 0xc3, 0x5d, 0x28, 0x0, 0x39,
    0xe3, 0x0, 0xe1, 0x6b, 0xfb, 0x60, 0x1d, 0x0,
    0xfe, 0x49, 0xa0, 0x14, 0x1d, 0xf6, 0x0, 0xf2,
    0x0, 0x4, 0x40, 0x8, 0x20, 0xe, 0x70, 0x3,
    0x4, 0x80, 0xec, 0x19, 0x24, 0xc8, 0xc, 0xc0,
    0x94, 0x0, 0x7c, 0xdb, 0x60, 0x3d, 0x0, 0x97,
    0x9c, 0x80, 0x2, 0x93, 0x82, 0x0,

    /* U+0054 "T" */
    0xcf, 0xff, 0xfe, 0x0, 0x80, 0x7f, 0xf0, 0xb7,
    0x79, 0x80, 0xb7, 0x78, 0x44, 0x45, 0x84, 0x4,
    0x8b, 0x80, 0x3f, 0xff, 0xe0, 0x1f, 0xff, 0xf0,
    0xf, 0xfe, 0x38,

    /* U+0055 "U" */
    0x7f, 0xe0, 0xf, 0x8b, 0xfc, 0x40, 0x1f, 0xff,
    0xf0, 0xf, 0xff, 0x38, 0x80, 0x7f, 0x8, 0x4,
    0x40, 0x26, 0x1, 0xeb, 0x0, 0x12, 0x8, 0x78,
    0x7, 0x1b, 0x82, 0x80, 0x20, 0xf, 0x58, 0x8e,
    0x30, 0x1, 0x0, 0x6, 0x80, 0x29, 0xdc, 0x70,
    0x1b, 0x20, 0x9, 0xf1, 0x44, 0x0, 0x4f, 0xe8,
    0x0,

    /* U+0056 "V" */
    0xbf, 0xa0, 0xf, 0xdb, 0xf1, 0xa0, 0xa0, 0x1f,
    0x11, 0x2, 0xdc, 0x0, 0x80, 0x1e, 0x50, 0x13,
    0x13, 0xe, 0x0, 0xf5, 0x83, 0x80, 0x2c, 0x10,
    0x3, 0x88, 0xc3, 0x40, 0xc, 0x2, 0x80, 0x19,
    0x40, 0x50, 0x0, 0x26, 0x1a, 0x1, 0xac, 0x1c,
    0x3, 0x58, 0x38, 0x4, 0x26, 0x1a, 0x1, 0x94,
    0x4, 0xc0, 0xe, 0x0, 0x40, 0xc, 0x44, 0xb,
    0x0, 0x50, 0x28, 0x7, 0x94, 0x18, 0x4, 0xc3,
    0xc0, 0x3d, 0x40, 0x26, 0xe0, 0x5, 0x0, 0xf1,
    0x10, 0x2f, 0x41, 0x0, 0x3f, 0x28, 0x32, 0x7,
    0x0, 0x7e, 0xb0, 0x10, 0x2, 0x0, 0x7e, 0x31,
    0x0, 0x20, 0x80, 0x60,

    /* U+0057 "W" */
    0x9f, 0xd0, 0xf, 0x67, 0xf0, 0x7, 0xab, 0xef,
    0x40, 0x84, 0x3, 0x8c, 0x4, 0xc0, 0x39, 0x43,
    0x10, 0x0, 0xe0, 0x19, 0x40, 0x24, 0x0, 0xc6,
    0x0, 0x50, 0x40, 0xc0, 0xd, 0x80, 0x15, 0x80,
    0x6b, 0x2, 0x20, 0x68, 0x20, 0x6, 0x40, 0x40,
    0x30, 0xc, 0x80, 0x80, 0x4, 0x1, 0x30, 0x1,
    0x10, 0x20, 0x0, 0x80, 0x1, 0x30, 0xd0, 0x1,
    0x10, 0x10, 0x0, 0x80, 0x26, 0x81, 0xa0, 0x4,
    0x0, 0x20, 0x4, 0xa1, 0x60, 0xd, 0x7, 0xc,
    0x4, 0x0, 0x60, 0x20, 0x6, 0xc0, 0x30, 0x2,
    0x6, 0x2, 0x81, 0x10, 0x1c, 0x34, 0x3, 0x20,
    0x1, 0x50, 0x0, 0xa0, 0x44, 0x4, 0x21, 0x4,
    0x0, 0xe4, 0xc, 0xc0, 0x20, 0x4, 0x81, 0xaa,
    0x4, 0x40, 0xe, 0xd0, 0x44, 0x6, 0x0, 0x5a,
    0x9, 0x80, 0x80, 0x1e, 0x70, 0x23, 0x5, 0x0,
    0x90, 0x0, 0x81, 0xa0, 0x1e, 0x12, 0x0, 0x9,
    0x0, 0x64, 0x0, 0x90, 0x3, 0xe5, 0x0, 0x38,
    0x7, 0x60, 0x1, 0x0, 0x3f, 0x60, 0x3, 0x0,
    0x39, 0x40, 0x1a, 0x1, 0x80,

    /* U+0058 "X" */
    0x5f, 0xf3, 0x80, 0x79, 0xff, 0xcc, 0xaa, 0x8,
    0x20, 0xc, 0x50, 0x8, 0xc1, 0x62, 0x1c, 0x1,
    0xa4, 0x1, 0x40, 0x1, 0xb0, 0x37, 0x0, 0x32,
    0x4, 0x88, 0x4, 0xaa, 0x8, 0x21, 0x80, 0x46,
    0x0, 0xeb, 0x10, 0xeb, 0x10, 0xa0, 0xf, 0xd,
    0x81, 0xa8, 0x48, 0x80, 0x7c, 0xaa, 0x0, 0x23,
    0x0, 0x7f, 0x30, 0x1, 0x80, 0x3f, 0x9c, 0xc0,
    0x5, 0x0, 0x1f, 0x14, 0x2, 0xb8, 0x39, 0x80,
    0x7b, 0x80, 0x6e, 0x8, 0x38, 0x3, 0x9c, 0xc2,
    0xc4, 0x24, 0xa, 0x0, 0x22, 0x80, 0x55, 0x0,
    0x11, 0x81, 0xcc, 0x1, 0xc0, 0x36, 0x1, 0xa0,
    0x43, 0x81, 0xcc, 0x20, 0x40, 0x30, 0xd0, 0x14,
    0x0,

    /* U+0059 "Y" */
    0xbf, 0xe0, 0xf, 0xbb, 0xf0, 0x24, 0x6, 0x0,
    0x3a, 0x4, 0x3c, 0x9, 0x81, 0xc8, 0x2, 0x17,
    0x6, 0x30, 0x4, 0x8, 0x40, 0x5, 0x60, 0x8,
    0x0, 0x86, 0x1, 0x50, 0xd, 0x42, 0x4, 0x3,
    0x31, 0x4, 0x87, 0x80, 0xb8, 0x7, 0xa4, 0xa,
    0xcc, 0x2c, 0x3, 0xe4, 0x40, 0x20, 0x1a, 0x80,
    0x7e, 0x90, 0xb, 0xc0, 0x3f, 0x89, 0x41, 0xc,
    0x3, 0xff, 0xfe, 0x1, 0xff, 0xc2,

    /* U+005A "Z" */
    0x7f, 0xff, 0xf8, 0x40, 0x3f, 0xe8, 0x16, 0xdd,
    0xf6, 0x0, 0x9, 0xc0, 0x48, 0xbd, 0x20, 0x9,
    0x0, 0xfc, 0x6a, 0xa, 0x80, 0x1f, 0xb8, 0x1,
    0x60, 0x1f, 0x98, 0x82, 0x4, 0x3, 0xe1, 0x90,
    0x27, 0x0, 0xfd, 0x60, 0x9, 0x0, 0xfc, 0x6a,
    0x8, 0x80, 0xf, 0xdc, 0x0, 0x90, 0xf, 0xcc,
    0x40, 0xe4, 0x1, 0xf0, 0xc8, 0x14, 0x0, 0x7e,
    0xb0, 0x5, 0x11, 0x7c, 0x6, 0xa0, 0x8, 0xdd,
    0xf8, 0x3c, 0x3, 0xff, 0x80,

    /* U+005B "[" */
    0xef, 0xfa, 0x80, 0x3e, 0xdf, 0xa0, 0xf, 0xff,
    0xf8, 0x7, 0xff, 0x2b, 0x7e, 0x80, 0x38,

    /* U+005C "\\" */
    0x8f, 0xc0, 0xd, 0x80, 0x60, 0x19, 0x0, 0x8,
    0x1, 0x8c, 0x34, 0x3, 0x58, 0x20, 0x6, 0x40,
    0x21, 0x0, 0x8c, 0x0, 0x80, 0x19, 0x3, 0x0,
    0x36, 0x3, 0x80, 0x65, 0x1, 0x20, 0x8, 0x84,
    0x10, 0x3, 0x20, 0x60, 0x6, 0xc0, 0x40, 0xc,
    0xe0, 0x26, 0x1, 0x9, 0x2, 0x0, 0x64, 0xc,

    /* U+005D "]" */
    0x7f, 0xfc, 0x20, 0x1e, 0x7f, 0xf0, 0x7, 0xff,
    0xfc, 0x3, 0xff, 0xbc, 0xff, 0xe0, 0xf, 0xe0,

    /* U+005E "^" */
    0x0, 0xc3, 0x44, 0x1, 0xf0, 0xea, 0xe1, 0x0,
    0x70, 0xe9, 0x80, 0xe1, 0x0, 0x43, 0x86, 0x6e,
    0x41, 0xc2, 0x1, 0xc2, 0x26, 0x8d, 0xa0, 0xe1,
    0x21, 0x13, 0x4, 0x1, 0x68, 0x2a, 0xaa, 0xc1,
    0x0, 0xd7, 0x2e,

    /* U+005F "_" */
    0xdd, 0xff, 0xe1, 0x31, 0x17, 0xff, 0xb, 0x80,

    /* U+0060 "`" */
    0x2c, 0x70, 0x1, 0xc, 0x0, 0x56, 0xc, 0x0,
    0x60, 0xa0,

    /* U+0061 "a" */
    0x0, 0x9b, 0x3f, 0xdd, 0x46, 0x1, 0xaa, 0x4c,
    0x0, 0x2b, 0x8a, 0x0, 0x65, 0x7, 0xde, 0xb2,
    0xb, 0x0, 0x2b, 0x3c, 0x10, 0xa7, 0x0, 0x90,
    0x1c, 0xc0, 0x12, 0xbc, 0x80, 0x4, 0x0, 0x77,
    0xfb, 0x50, 0xa0, 0x19, 0xb1, 0x1, 0x1e, 0x68,
    0x3, 0x40, 0x2f, 0xdc, 0x33, 0x0, 0x21, 0x10,
    0x48, 0x6, 0xa0, 0x8, 0x40, 0x14, 0x1, 0x3b,
    0x0, 0x68, 0x6, 0xfd, 0xf8, 0x42, 0x0, 0x9e,
    0x48, 0x8, 0xe2, 0xc0, 0x20,

    /* U+0062 "b" */
    0x7f, 0xd0, 0xf, 0xff, 0x22, 0xe7, 0xfb, 0x5c,
    0x3, 0x8a, 0x8c, 0x0, 0x51, 0x80, 0x1c, 0x57,
    0xfa, 0xe0, 0x72, 0x1, 0xbd, 0x0, 0xa1, 0x81,
    0x84, 0x0, 0x64, 0x1, 0xac, 0x0, 0x80, 0x6,
    0x0, 0xe2, 0x0, 0x10, 0x7, 0xff, 0x9, 0x80,
    0x38, 0x80, 0x4, 0x0, 0x32, 0x0, 0xd6, 0x0,
    0x40, 0xb, 0xd0, 0x4a, 0x18, 0x18, 0x40, 0x2,
    0x57, 0xda, 0xe0, 0x72, 0x1, 0x3d, 0x18, 0x0,
    0xa3, 0x0, 0x0,

    /* U+0063 "c" */
    0x0, 0x8e, 0xbb, 0xfd, 0x6a, 0x1, 0x9b, 0x14,
    0x40, 0x9, 0x52, 0x0, 0x39, 0x3, 0xbd, 0xb4,
    0x6, 0x60, 0x48, 0xe, 0xa1, 0x25, 0x99, 0x8,
    0x28, 0x30, 0x80, 0x6c, 0xd7, 0x10, 0x6, 0x80,
    0x7f, 0xf2, 0x4, 0x1, 0xa0, 0x1f, 0xca, 0xc,
    0x20, 0x1b, 0x30, 0xc1, 0x20, 0x38, 0xa4, 0x96,
    0x67, 0x1, 0xc8, 0x15, 0x6d, 0xa0, 0x32, 0x80,
    0x1b, 0x14, 0x40, 0x52, 0xe4, 0x0,

    /* U+0064 "d" */
    0x0, 0xfe, 0x7f, 0xd0, 0xf, 0xfe, 0xda, 0x5f,
    0x7e, 0xc7, 0x80, 0x67, 0xb4, 0x10, 0x27, 0x70,
    0x4, 0x70, 0x7, 0x9f, 0xac, 0x1, 0xa0, 0x7,
    0xc, 0xa, 0x4c, 0x2, 0x40, 0x60, 0xe, 0xa0,
    0x0, 0x80, 0x34, 0x3, 0x88, 0x3, 0xff, 0x84,
    0x20, 0xd, 0x0, 0xe2, 0x0, 0x90, 0x18, 0x3,
    0xa8, 0x2, 0x80, 0x1c, 0x31, 0x2a, 0x30, 0x8,
    0xe0, 0xf, 0x3b, 0x54, 0x40, 0x33, 0xda, 0x0,
    0x9, 0xe8, 0x0,

    /* U+0065 "e" */
    0x0, 0x8a, 0x7b, 0xfd, 0x6a, 0x1, 0xcb, 0xac,
    0x20, 0x4, 0xa9, 0x0, 0x8a, 0x81, 0x33, 0xfa,
    0x1, 0x94, 0x1, 0x0, 0x56, 0x60, 0x2e, 0xc1,
    0x20, 0x5, 0x5, 0x0, 0xea, 0x3, 0x11, 0x0,
    0x1f, 0xff, 0xb0, 0x0, 0x40, 0x11, 0x19, 0xfe,
    0x11, 0x0, 0x17, 0x33, 0xf1, 0x2, 0x83, 0x8,
    0x6, 0x6a, 0x50, 0x4, 0x80, 0xe2, 0x91, 0xc4,
    0xaf, 0x80, 0xe, 0x80, 0xab, 0x71, 0xc0, 0xe8,
    0x2, 0x5d, 0x61, 0x0, 0x1c, 0xe0, 0x0,

    /* U+0066 "f" */
    0x0, 0x8f, 0x7f, 0xe0, 0xb, 0x48, 0x8, 0xc0,
    0x8, 0x21, 0x9b, 0x80, 0x1, 0x1, 0x30, 0x2,
    0xfd, 0x0, 0xff, 0xc2, 0x42, 0x0, 0x22, 0x1a,
    0x6c, 0x0, 0xee, 0xb0, 0x3, 0xff, 0xf8,

    /* U+0067 "g" */
    0x0, 0x92, 0xfb, 0xf6, 0x13, 0xf4, 0x0, 0xf6,
    0x82, 0x4, 0xf6, 0x1, 0x1c, 0x1, 0xe7, 0xeb,
    0x0, 0x68, 0x1, 0xc3, 0x2, 0x93, 0x0, 0x90,
    0x18, 0x3, 0xa8, 0x0, 0x20, 0xd, 0x0, 0xe2,
    0x0, 0xff, 0xe1, 0x8, 0x3, 0x40, 0x38, 0x80,
    0x24, 0x6, 0x0, 0xea, 0x0, 0xa0, 0x7, 0xc,
    0x4a, 0x8c, 0x2, 0x38, 0x3, 0xce, 0xd5, 0x0,
    0xe7, 0xb4, 0x0, 0x13, 0xb8, 0x3, 0x92, 0xff,
    0xdb, 0x0, 0x1, 0x0, 0x94, 0x3, 0x94, 0x1c,
    0x7, 0x6b, 0x14, 0x92, 0xc8, 0x38, 0x6, 0x80,
    0xeb, 0x6d, 0x1, 0x54, 0x0, 0x7c, 0x51, 0x1,
    0x49, 0xa0,

    /* U+0068 "h" */
    0x7f, 0x90, 0xf, 0xff, 0x21, 0x57, 0x7f, 0x50,
    0x80, 0x65, 0xd5, 0x10, 0x15, 0xf1, 0x0, 0x8c,
    0x23, 0x71, 0x80, 0x60, 0x3, 0x4b, 0x91, 0xca,
    0x3, 0x0, 0x66, 0x0, 0xdc, 0x0, 0x20, 0xf,
    0xce, 0x0, 0x10, 0x1, 0x0, 0x7f, 0xfe, 0x40,

    /* U+0069 "i" */
    0x3f, 0xf0, 0x80, 0x63, 0xcc, 0x8, 0x19, 0x80,
    0xff, 0xc2, 0x1, 0xff, 0xe0,

    /* U+006A "j" */
    0x0, 0xb7, 0xdc, 0x3, 0xfb, 0xf1, 0x80, 0x22,
    0x31, 0x0, 0xb7, 0xdc, 0x3, 0xff, 0xfe, 0x60,
    0x11, 0x38, 0x80, 0x9e, 0xc0, 0x1, 0x0, 0x22,
    0xa2,

    /* U+006B "k" */
    0x7f, 0xe0, 0xf, 0xff, 0x26, 0xff, 0x10, 0x7,
    0xa8, 0x82, 0x88, 0x3, 0x9d, 0x42, 0x50, 0x3,
    0x92, 0x1, 0x98, 0x1, 0xc5, 0x60, 0x72, 0x1,
    0xef, 0x2, 0xd0, 0xf, 0xe3, 0x0, 0xfd, 0x82,
    0x2c, 0x10, 0xf, 0xe, 0x81, 0x68, 0x7, 0xc7,
    0x60, 0x76, 0x1, 0xf2, 0x40, 0x24, 0x80, 0x7c,
    0xec, 0xd, 0x0,

    /* U+006C "l" */
    0x3f, 0xf0, 0x80, 0x7f, 0xfc, 0x0,

    /* U+006D "m" */
    0x7f, 0x94, 0xcf, 0xf6, 0x18, 0x1d, 0xff, 0xb1,
    0x0, 0x32, 0x59, 0x80, 0xf, 0x23, 0x10, 0x0,
    0x76, 0x80, 0x11, 0x26, 0xfd, 0x0, 0x1c, 0xb7,
    0xec, 0x42, 0x40, 0x35, 0x10, 0x2b, 0x80, 0x38,
    0x81, 0x20, 0x8, 0x2, 0x11, 0x0, 0x5a, 0x0,
    0x30, 0x9, 0x40, 0x2, 0x0, 0x30, 0xf, 0xff,
    0xf8, 0x7, 0xff, 0x90,

    /* U+006E "n" */
    0x7f, 0x92, 0xae, 0xfe, 0xa1, 0x0, 0xcb, 0xaa,
    0x20, 0x2b, 0xe2, 0x1, 0x18, 0x46, 0xe3, 0x0,
    0xc0, 0x6, 0x97, 0x23, 0x94, 0x6, 0x0, 0xcc,
    0x1, 0xb8, 0x0, 0x40, 0x1f, 0x9c, 0x0, 0x20,
    0x2, 0x0, 0xff, 0xfc, 0x80,

    /* U+006F "o" */
    0x0, 0x8a, 0x7b, 0xfd, 0x8a, 0x1, 0xcb, 0xac,
    0x20, 0x3, 0xab, 0x0, 0x8e, 0x80, 0xab, 0x71,
    0x81, 0x24, 0x1, 0x20, 0x38, 0xa4, 0x72, 0xe0,
    0xc2, 0xa, 0xc, 0x20, 0x1a, 0x40, 0x8, 0x20,
    0xd, 0x0, 0xe1, 0x0, 0x68, 0x7, 0xff, 0x4,
    0x40, 0x1a, 0x1, 0xc4, 0x0, 0xd0, 0x50, 0x61,
    0x0, 0xd6, 0x0, 0x40, 0x90, 0x1c, 0x52, 0x39,
    0x60, 0x61, 0x3, 0xa0, 0x2a, 0xdc, 0x60, 0x49,
    0x0, 0x97, 0x54, 0x40, 0x7, 0x56, 0x0,

    /* U+0070 "p" */
    0x7f, 0x95, 0xcf, 0xf6, 0xb8, 0x7, 0x35, 0x18,
    0x0, 0xa3, 0x0, 0x38, 0xaf, 0xf5, 0xc0, 0xe4,
    0x3, 0x7a, 0x1, 0x43, 0x3, 0x8, 0x0, 0xc8,
    0x3, 0x58, 0x1, 0x0, 0xc, 0x1, 0xc4, 0x0,
    0x20, 0xf, 0xfe, 0x13, 0x0, 0x71, 0x0, 0x8,
    0x0, 0x64, 0x1, 0xac, 0x0, 0x80, 0x17, 0xa0,
    0x94, 0x30, 0x30, 0x80, 0x45, 0x7d, 0xae, 0x7,
    0x20, 0x11, 0x51, 0x80, 0xa, 0x30, 0x3, 0x97,
    0x3f, 0xda, 0xe0, 0x1f, 0xfe, 0x70,

    /* U+0071 "q" */
    0x0, 0x92, 0xfb, 0xf6, 0x13, 0xf4, 0x0, 0xf6,
    0x82, 0x4, 0xf6, 0x1, 0x1c, 0x1, 0xe7, 0xeb,
    0x0, 0x68, 0x1, 0xc3, 0x2, 0x93, 0x0, 0x90,
    0x18, 0x3, 0xa8, 0x0, 0x20, 0xd, 0x0, 0xe2,
    0x0, 0xff, 0xe1, 0x8, 0x3, 0x40, 0x38, 0x80,
    0x24, 0x6, 0x0, 0xea, 0x0, 0xa0, 0x7, 0xc,
    0x4a, 0x8c, 0x2, 0x38, 0x3, 0xce, 0xd5, 0x0,
    0xe7, 0xb4, 0x0, 0x13, 0xb8, 0x3, 0x92, 0xff,
    0xdb, 0x1e, 0x1, 0xff, 0xe6,

    /* U+0072 "r" */
    0x7f, 0x92, 0xbf, 0xf0, 0x1, 0x75, 0x0, 0x31,
    0x84, 0x6f, 0x0, 0x50, 0xe4, 0x20, 0x13, 0x80,
    0x70, 0x80, 0x78, 0xc0, 0x3f, 0xfb, 0x60,

    /* U+0073 "s" */
    0x0, 0xc, 0xf7, 0xfb, 0x60, 0x2, 0x2f, 0x61,
    0x0, 0x13, 0xe8, 0x85, 0x88, 0xb3, 0xfd, 0x20,
    0x50, 0x4, 0x8, 0x60, 0x6, 0x86, 0xc0, 0xc0,
    0x59, 0x40, 0x3, 0xca, 0x83, 0xb0, 0x35, 0xfd,
    0xb0, 0x6, 0x9e, 0x95, 0x14, 0x9e, 0x30, 0x8,
    0x5a, 0xba, 0xc8, 0x7c, 0x27, 0x14, 0x2, 0x45,
    0x2, 0x5, 0x3a, 0x60, 0x1, 0xb0, 0x28, 0x70,
    0x84, 0xff, 0xb0, 0x42, 0x0, 0xbd, 0xc8, 0x0,
    0x2d, 0xa6,

    /* U+0074 "t" */
    0x0, 0x47, 0xe8, 0x7, 0xff, 0x2b, 0x3d, 0xc0,
    0xbf, 0xe5, 0x62, 0x10, 0x1, 0x14, 0x35, 0xac,
    0x5, 0xbb, 0x20, 0x7, 0xff, 0x8f, 0xc0, 0x3f,
    0x8, 0x13, 0x0, 0x73, 0x88, 0x4f, 0xf9, 0x40,
    0x3, 0xa8, 0x0, 0x11, 0x0,

    /* U+0075 "u" */
    0xbf, 0xa0, 0xe, 0x5f, 0xf0, 0x7, 0xff, 0xac,
    0x40, 0x40, 0x38, 0xc0, 0x6, 0xc, 0x1, 0xdc,
    0x0, 0xf0, 0x23, 0x0, 0xca, 0x0, 0x70, 0x6,
    0xa9, 0x25, 0x90, 0x0, 0x60, 0x6, 0xb6, 0xd0,
    0xc0, 0x27, 0xa3, 0x0, 0x14, 0x68, 0x0,

    /* U+0076 "v" */
    0x6f, 0xe0, 0xe, 0x1f, 0xf1, 0xb0, 0xa, 0x0,
    0x66, 0x2, 0x30, 0x50, 0xe0, 0xd, 0x61, 0x40,
    0xe, 0x5, 0x0, 0x88, 0xc1, 0x40, 0x8, 0x20,
    0xa0, 0x5, 0x3, 0x20, 0x9, 0xc3, 0xc0, 0x14,
    0x14, 0x1, 0xa8, 0x14, 0x8, 0x80, 0xe0, 0x18,
    0xc8, 0x16, 0x81, 0x4, 0x3, 0x94, 0x39, 0x43,
    0x80, 0x3d, 0x40, 0x84, 0xa, 0x1, 0xe2, 0x30,
    0x3, 0x0, 0x7e, 0xa0, 0x6, 0x80, 0x60,

    /* U+0077 "w" */
    0x6f, 0xd0, 0xc, 0xdf, 0xa0, 0x19, 0xff, 0x1c,
    0x8, 0x80, 0x16, 0x81, 0x10, 0x2, 0xb0, 0x41,
    0x30, 0x50, 0x0, 0xa0, 0x1, 0x40, 0x2, 0x61,
    0x60, 0x81, 0x60, 0x4, 0x2, 0xb, 0x0, 0x20,
    0x9, 0x85, 0x81, 0x88, 0x78, 0x40, 0x98, 0x87,
    0x83, 0x80, 0xc, 0x41, 0xc1, 0x41, 0x5c, 0x10,
    0x14, 0x34, 0x2, 0x70, 0xc4, 0x5, 0xd, 0xf,
    0x40, 0x2, 0x0, 0x5a, 0xb, 0xa1, 0xe0, 0x80,
    0xba, 0x8, 0x1, 0x90, 0x0, 0xc0, 0x80, 0x5,
    0x6, 0xd, 0x0, 0xe4, 0x0, 0x20, 0x80, 0x3c,
    0x2, 0x70, 0xe, 0xd0, 0x6, 0x80, 0x4a, 0x0,
    0x31, 0x0, 0xe7, 0x0, 0x38, 0x6, 0x40, 0xb0,
    0x8,

    /* U+0078 "x" */
    0x5f, 0xf3, 0x0, 0x66, 0xff, 0x22, 0xb0, 0x49,
    0x0, 0xa, 0x41, 0xd0, 0x24, 0x83, 0x80, 0x1e,
    0x7, 0x0, 0x17, 0x81, 0xc4, 0x8, 0x38, 0x3,
    0x14, 0x83, 0xb8, 0x28, 0x80, 0x39, 0x94, 0x0,
    0xaa, 0x0, 0xf8, 0x40, 0x2, 0x1, 0xf3, 0xa0,
    0x1, 0x1c, 0x3, 0x8e, 0x2, 0x20, 0x10, 0x60,
    0x10, 0xe8, 0x23, 0xb9, 0x3, 0x80, 0x2b, 0x11,
    0x50, 0x2, 0x84, 0xa8, 0x19, 0x42, 0xc4, 0x0,
    0x36, 0xa, 0xc0,

    /* U+0079 "y" */
    0x8f, 0xe0, 0xf, 0x57, 0xdc, 0x80, 0xa0, 0x7,
    0x28, 0x70, 0xa8, 0x70, 0x6, 0x60, 0x15, 0xe,
    0x5, 0x10, 0xa, 0x81, 0x80, 0x8, 0x40, 0xc0,
    0x2, 0x30, 0xa0, 0xa, 0x82, 0x80, 0x14, 0x6,
    0x40, 0x13, 0x1, 0x20, 0x30, 0x50, 0x6, 0x15,
    0xe, 0x41, 0x6, 0x0, 0xe9, 0x5, 0xf0, 0x60,
    0xf, 0x19, 0x81, 0x2, 0x80, 0x3e, 0xa0, 0x1,
    0x18, 0x7, 0xcc, 0x0, 0xa0, 0xf, 0xc6, 0x0,
    0x60, 0xf, 0xd4, 0xa, 0x20, 0x1f, 0x9c, 0x38,
    0x3, 0xf2, 0x8, 0x90, 0x3, 0xf7, 0x3, 0x0,
    0x78,

    /* U+007A "z" */
    0xf, 0xff, 0xeb, 0x0, 0xfe, 0x1a, 0xf, 0xfe,
    0xc0, 0x5, 0x88, 0x7, 0xb8, 0x15, 0x40, 0x1e,
    0x82, 0x1b, 0x0, 0xf2, 0x38, 0x50, 0x80, 0x70,
    0xd0, 0x3a, 0x0, 0x7a, 0xc4, 0xa0, 0x3, 0xca,
    0xa0, 0xf0, 0xf, 0xd, 0x4, 0x10, 0x7, 0xb4,
    0x1, 0x1f, 0xfd, 0xc, 0x60, 0x1f, 0xc0,

    /* U+007B "{" */
    0x0, 0x3f, 0x7e, 0x2, 0x40, 0x80, 0x5a, 0x7,
    0xba, 0x3, 0x5, 0x21, 0x0, 0xff, 0xea, 0x88,
    0x0, 0x94, 0x38, 0x1, 0xc0, 0x4c, 0x1, 0xfb,
    0x80, 0x98, 0x0, 0x4a, 0x1c, 0x1, 0xc2, 0x1,
    0xff, 0xd5, 0x30, 0x52, 0x10, 0xd0, 0x3d, 0xd0,
    0x24, 0x8, 0x0,

    /* U+007C "|" */
    0xf, 0xf2, 0x0, 0x7f, 0xfc, 0x0,

    /* U+007D "}" */
    0x1f, 0xf6, 0x18, 0x7, 0x1e, 0x80, 0x7, 0x6c,
    0x4, 0xc0, 0x4, 0x82, 0xe, 0x1, 0xff, 0xe2,
    0x50, 0xf0, 0xd, 0x0, 0x8c, 0x1, 0xfe, 0x80,
    0x46, 0x0, 0x94, 0x3c, 0x3, 0xff, 0xc0, 0x46,
    0x20, 0xe0, 0x3b, 0x80, 0x26, 0x1, 0x8f, 0x40,
    0x0,

    /* U+007E "~" */
    0x0, 0x22, 0x88, 0x7, 0xdb, 0x75, 0xd0, 0x0,
    0x4f, 0xd6, 0x20, 0x9, 0xf9, 0xfc, 0x1, 0xc0,
    0x7f, 0x42, 0x28, 0x40, 0x4c, 0x5a, 0x5, 0xe7,
    0x10, 0x48,

    /* U+00A0 " " */

    /* U+00A1 "¡" */
    0x5f, 0xf0, 0x4, 0x99, 0x81, 0x33, 0x2f, 0xf8,
    0x3, 0xff, 0xa4, 0xca, 0xa0,

    /* U+00A2 "¢" */
    0x0, 0xe3, 0xfa, 0x0, 0xff, 0xe3, 0x9d, 0x68,
    0x2e, 0x28, 0x6, 0x6c, 0x51, 0x0, 0x1d, 0x50,
    0x0, 0x72, 0x7, 0x7d, 0x88, 0xa, 0xc1, 0x20,
    0x38, 0x82, 0x76, 0x64, 0x0, 0x50, 0x60, 0xe,
    0xcd, 0x61, 0x0, 0x68, 0x7, 0xff, 0x20, 0x40,
    0x1a, 0x1, 0xfc, 0x80, 0xc0, 0x1d, 0x54, 0x50,
    0xf0, 0x1b, 0x20, 0x19, 0x55, 0x18, 0x24, 0x2,
    0x6f, 0xf3, 0x2, 0xb0, 0x1, 0xe8, 0xc0, 0x22,
    0x9a, 0x0, 0xcb, 0x98, 0x5, 0xd6, 0x0, 0xff,
    0xe3, 0x9f, 0x50, 0x6,

    /* U+00A3 "£" */
    0x0, 0xc3, 0x3d, 0xfa, 0xa0, 0x1c, 0x3e, 0xc2,
    0x5, 0x4e, 0x1, 0xac, 0x42, 0xb1, 0x82, 0x8,
    0x2, 0x50, 0x85, 0x39, 0x30, 0xb0, 0xe, 0x20,
    0xb, 0xea, 0x40, 0x3f, 0x8d, 0x40, 0x3f, 0xf8,
    0x27, 0xfe, 0x0, 0x57, 0xfb, 0x80, 0x3f, 0xf8,
    0x67, 0xba, 0x0, 0x4e, 0xeb, 0x0, 0x31, 0x10,
    0x0, 0x64, 0x50, 0x7, 0xff, 0x14, 0x40, 0x3f,
    0xc5, 0x60, 0x3, 0x22, 0xc2, 0x7, 0xaa, 0x0,
    0x9d, 0xdd, 0xe0, 0x1f, 0xfc, 0x10,

    /* U+00A4 "¤" */
    0x2, 0x70, 0xf, 0xc3, 0x0, 0x39, 0x10, 0x4b,
    0xff, 0x6c, 0x9e, 0x3c, 0xb, 0x83, 0xda, 0x0,
    0x9, 0xb0, 0x86, 0x82, 0x4c, 0x6, 0x7f, 0xda,
    0xa0, 0xb, 0x20, 0x13, 0xd, 0x60, 0x1, 0x52,
    0x87, 0x80, 0x1c, 0x14, 0xc0, 0x3a, 0xc1, 0x40,
    0x2, 0x4, 0x1, 0xe1, 0x0, 0xc2, 0x4, 0x1,
    0xe1, 0x0, 0xce, 0xa, 0x60, 0x1d, 0x60, 0xa0,
    0x1, 0x40, 0xd5, 0x0, 0x15, 0x28, 0x70, 0x1,
    0xd0, 0x6, 0xbf, 0xda, 0xa0, 0xa, 0x21, 0x80,
    0x6a, 0x40, 0x1, 0x35, 0x88, 0xac, 0x72, 0x25,
    0x6f, 0xfd, 0xb2, 0x98, 0xf2,

    /* U+00A5 "¥" */
    0xbf, 0xe0, 0xf, 0xbb, 0xf0, 0x24, 0x6, 0x0,
    0x3a, 0x4, 0x38, 0x9, 0xc1, 0xc8, 0x2, 0x27,
    0x6, 0x20, 0x4, 0x8, 0x48, 0x5, 0x0, 0x30,
    0x1, 0xa0, 0x11, 0x0, 0x8a, 0x10, 0x20, 0x19,
    0x8c, 0x24, 0x24, 0x9, 0x80, 0x3d, 0xe0, 0x58,
    0x41, 0x20, 0x1f, 0x1a, 0x81, 0x82, 0xa0, 0x7,
    0xaf, 0x5c, 0x2, 0x4d, 0xc0, 0xe, 0x52, 0x20,
    0x4, 0x24, 0x40, 0xe, 0xef, 0xf2, 0x82, 0x7f,
    0xb8, 0x3, 0xff, 0x8f, 0xdf, 0xe5, 0x4, 0xff,
    0x70, 0x7, 0x29, 0x10, 0x2, 0x22, 0x80, 0x3a,
    0xf7, 0x4a, 0x9, 0xba, 0xc0, 0xf, 0xfe, 0x28,

    /* U+00A6 "¦" */
    0xf, 0xf2, 0x0, 0x7f, 0xf4, 0x5d, 0xcc, 0x11,
    0x2, 0x0, 0xef, 0xf2, 0x0, 0x7f, 0xf4, 0x5d,
    0xcc,

    /* U+00A7 "§" */
    0x1, 0x9d, 0xfe, 0xb3, 0x0, 0xf, 0xb1, 0x0,
    0xa6, 0x30, 0x48, 0x8b, 0x3f, 0x4c, 0x24, 0x8,
    0x14, 0xc0, 0xb9, 0x1c, 0x74, 0x12, 0x94, 0x4a,
    0xe0, 0x5d, 0xc0, 0xb5, 0xd8, 0xe2, 0x2, 0x60,
    0x28, 0x27, 0x1c, 0x94, 0x8b, 0xd7, 0xd6, 0x41,
    0x28, 0x18, 0x1, 0x25, 0x81, 0x20, 0x4c, 0x20,
    0x2, 0x81, 0x29, 0x1, 0xef, 0xf8, 0xca, 0x46,
    0xf6, 0xc, 0x4, 0x0, 0x60, 0x2, 0x7c, 0xfa,
    0x2, 0x97, 0xb9, 0x0, 0x95, 0x0, 0xbd, 0x1a,
    0x4, 0x11, 0x1, 0xb0, 0x60, 0xfd, 0xf6, 0x4,
    0xc1, 0x90, 0x60, 0x2, 0x7c, 0x10,

    /* U+00A8 "¨" */
    0x12, 0x20, 0x0, 0x88, 0x9, 0xbe, 0x0, 0xcd,
    0x40, 0xf, 0xc0,

    /* U+00A9 "©" */
    0x0, 0xfc, 0x24, 0x20, 0x1f, 0xfc, 0x13, 0xaf,
    0xed, 0xee, 0x51, 0x80, 0x7e, 0x1a, 0xc5, 0x0,
    0xc2, 0xb9, 0x20, 0x1e, 0x1c, 0x50, 0x5b, 0xef,
    0xea, 0x40, 0x6b, 0x0, 0xea, 0x21, 0xba, 0x41,
    0x1, 0x5b, 0xa0, 0x4a, 0x0, 0x95, 0x3, 0x50,
    0x23, 0x7f, 0xa4, 0x56, 0x81, 0x4c, 0x1, 0x0,
    0xc6, 0x16, 0xe6, 0x86, 0xd8, 0xa, 0x81, 0x0,
    0x24, 0x16, 0xa, 0x87, 0xd7, 0xa8, 0x68, 0x1e,
    0x8, 0xa, 0x2, 0x41, 0x81, 0x20, 0x15, 0xf2,
    0x2, 0x0, 0x8, 0x40, 0xc0, 0x4, 0xc, 0x1,
    0xfe, 0x11, 0x1, 0x0, 0x8, 0x18, 0x3, 0xe1,
    0x0, 0xa, 0x80, 0xc, 0x30, 0x24, 0x2, 0xbd,
    0x30, 0x40, 0x1, 0xa, 0x4, 0x82, 0xa1, 0xf5,
    0xea, 0x1, 0x84, 0x82, 0x80, 0x3c, 0x15, 0x41,
    0x6e, 0x8, 0x6d, 0x80, 0xe6, 0x10, 0x0, 0x46,
    0xa, 0x60, 0x8e, 0xfe, 0x91, 0x88, 0x3, 0x90,
    0x5, 0x28, 0x13, 0xae, 0x64, 0x6f, 0xae, 0xd,
    0x0, 0x1d, 0x6e, 0x5, 0x19, 0xb9, 0x4, 0x13,
    0x20, 0xf, 0xa3, 0x9c, 0xc0, 0x2, 0x71, 0xcc,
    0x1, 0x80,

    /* U+00AA "ª" */
    0x3, 0xdf, 0xe6, 0x0, 0x53, 0xe3, 0x48, 0x2,
    0x36, 0x54, 0x4, 0x3f, 0x3e, 0xc0, 0x2, 0x2e,
    0x4d, 0x0, 0xb, 0xd7, 0x98, 0x0,

    /* U+00AB "«" */
    0x0, 0xca, 0x1, 0x19, 0x0, 0x64, 0xaa, 0x0,
    0xef, 0x80, 0x45, 0x63, 0x61, 0xa3, 0xc0, 0x1,
    0xf0, 0xc1, 0xa3, 0x93, 0x0, 0x51, 0x51, 0x3a,
    0xb3, 0x0, 0x26, 0x7, 0xd, 0xc, 0x0, 0xde,
    0x1e, 0x34, 0x54, 0x60, 0x11, 0x51, 0x50, 0x78,
    0x68, 0x80, 0x4a, 0xe9, 0x5, 0x63, 0xa0, 0x1a,
    0x16, 0xc1, 0x22, 0x80,

    /* U+00AC "¬" */
    0x8d, 0xdf, 0xeb, 0x32, 0x2f, 0xe5, 0xbf, 0xff,
    0xc0, 0x1f, 0xfc, 0xa8, 0x90,

    /* U+00AD "­" */
    0x8d, 0xde, 0xc3, 0x22, 0xf0,

    /* U+00AE "®" */
    0x0, 0x97, 0x3f, 0xd8, 0xe0, 0x1d, 0x54, 0x26,
    0x60, 0xc6, 0x8, 0x2, 0x15, 0xfa, 0x65, 0xb2,
    0x74, 0x2, 0xe9, 0x15, 0xdc, 0xa6, 0x84, 0x48,
    0x3c, 0x7, 0x79, 0x8d, 0x83, 0x8, 0x18, 0x1,
    0xbc, 0xe6, 0x20, 0x44, 0x6, 0x0, 0x6d, 0x88,
    0x8, 0x12, 0x7, 0x80, 0x89, 0x58, 0x64, 0x30,
    0x5d, 0x26, 0x88, 0x31, 0xdc, 0x88, 0x8, 0x56,
    0xea, 0x9d, 0x93, 0xa0, 0xa, 0xa8, 0x4a, 0xc3,
    0x18, 0x20,

    /* U+00AF "¯" */
    0x4d, 0xde, 0x51, 0x22, 0xe3,

    /* U+00B0 "°" */
    0x0, 0x26, 0x7e, 0xb8, 0x4, 0xd6, 0x60, 0x51,
    0x40, 0x32, 0x11, 0xf6, 0xa, 0x8a, 0x6, 0xe0,
    0x8e, 0x18, 0x0, 0x70, 0xb, 0xc0, 0xa, 0x8,
    0xc0, 0x72, 0x18, 0x30, 0x13, 0xf8, 0x28, 0x80,
    0x7a, 0x20, 0x17, 0xb0,

    /* U+00B1 "±" */
    0x0, 0xcb, 0xf0, 0x1, 0xff, 0xc3, 0x8d, 0xda,
    0x1, 0xb7, 0x6b, 0x32, 0x2c, 0x2, 0x45, 0x2d,
    0xff, 0xd4, 0xf, 0xff, 0x70, 0x7, 0xff, 0xc,
    0x45, 0xe0, 0x1f, 0x93, 0x9c, 0x3, 0x4e, 0xef,
    0xf5, 0x91, 0x7f, 0x94,

    /* U+00B2 "²" */
    0x6, 0xdf, 0xd6, 0x6, 0x91, 0x81, 0x96, 0xa1,
    0xc7, 0xc1, 0xaf, 0xc0, 0x8, 0x84, 0xc8, 0x0,
    0x86, 0x80, 0x12, 0xd9, 0x40, 0x1, 0xe8, 0xf0,
    0x42, 0x61, 0x70, 0x42, 0x98, 0x75, 0xdc, 0xc8,
    0x3, 0x11, 0x80,

    /* U+00B3 "³" */
    0xb, 0xff, 0xe5, 0xe, 0x88, 0x84, 0x18, 0x15,
    0xdd, 0xc3, 0x46, 0x1, 0x53, 0x4a, 0x80, 0x4a,
    0xa0, 0xb4, 0x0, 0x96, 0xac, 0x6c, 0x80, 0x25,
    0x4e, 0x4, 0x6, 0x50, 0x3, 0x0, 0x5b, 0x53,
    0x14, 0x2e, 0x14, 0xce, 0xe5, 0xc1,

    /* U+00B4 "´" */
    0x1, 0xc8, 0x9, 0x3c, 0x6, 0x14, 0x51, 0x90,

    /* U+00B5 "µ" */
    0x7f, 0xd0, 0xe, 0x2f, 0xf1, 0x80, 0x7f, 0xfc,
    0x8c, 0x3, 0xfe, 0x11, 0x0, 0x66, 0x0, 0xf3,
    0x0, 0x6e, 0x0, 0xf4, 0x39, 0x1d, 0x28, 0x7,
    0xd1, 0xb8, 0xa4, 0x20, 0x18, 0xd0, 0x0, 0x4f,
    0x86, 0x1, 0x96, 0xff, 0xdb, 0x3, 0xbe, 0x60,
    0x1f, 0xfe, 0x40,

    /* U+00B6 "¶" */
    0x0, 0x2e, 0x7f, 0xec, 0x6, 0xfe, 0x8, 0xa3,
    0x0, 0xfe, 0x37, 0x0, 0xff, 0xa8, 0x3, 0xff,
    0x80, 0x40, 0x1f, 0xfc, 0xd3, 0x0, 0xff, 0xe0,
    0x58, 0x7, 0xff, 0x0, 0xdc, 0x3, 0xff, 0x81,
    0x16, 0x82, 0x1, 0xfe, 0x4b, 0xef, 0x70, 0xf,
    0xff, 0xf8, 0x7, 0xff, 0x43, 0x5a, 0xc1, 0x59,
    0x80,

    /* U+00B7 "·" */
    0x3d, 0xa0, 0x92, 0x53, 0xe0, 0x33, 0x0,

    /* U+00B8 "¸" */
    0x0, 0x41, 0x80, 0x15, 0xc4, 0x1, 0xa1, 0xc0,
    0x8, 0x81, 0xa0, 0x55, 0x1, 0xc9, 0xa, 0xc,

    /* U+00B9 "¹" */
    0x19, 0xfc, 0xb6, 0x0, 0x6e, 0x88, 0x1c, 0x80,
    0x3f, 0xf9, 0xc0,

    /* U+00BA "º" */
    0x0, 0xfc, 0x37, 0xfd, 0x0, 0xd, 0x7b, 0xb3,
    0xb8, 0x4e, 0x51, 0x55, 0x80, 0x1f, 0x9, 0xc2,
    0x32, 0xe8, 0x6b, 0x5c, 0x3b, 0x0,

    /* U+00BB "»" */
    0x5, 0x0, 0x90, 0x40, 0x25, 0xa8, 0x2, 0xbd,
    0x0, 0x95, 0x1d, 0x4a, 0xe, 0x80, 0x2b, 0x2a,
    0x37, 0x65, 0x70, 0xb, 0xc7, 0x46, 0x4e, 0x10,
    0x0, 0x46, 0x24, 0xa, 0x6, 0x0, 0xa2, 0x93,
    0x66, 0x2b, 0x83, 0xab, 0x30, 0xe4, 0xa8, 0x12,
    0xe, 0x47, 0x47, 0xc0, 0xa, 0xad, 0x1, 0x7a,
    0x20, 0x0,

    /* U+00BC "¼" */
    0x5, 0xb9, 0x0, 0xfe, 0x56, 0x0, 0xd3, 0x48,
    0xa0, 0x1f, 0x8a, 0xa4, 0x40, 0x35, 0x10, 0x7,
    0xf7, 0x5, 0x8, 0x5, 0x2a, 0x1, 0xfd, 0x26,
    0xca, 0x1, 0xff, 0xc2, 0x56, 0x39, 0x0, 0xff,
    0xe1, 0x15, 0x7, 0x0, 0x7f, 0xf0, 0xf8, 0x28,
    0x81, 0x39, 0xc0, 0x3f, 0xd2, 0x6c, 0xa0, 0xf,
    0x16, 0x0, 0xfe, 0x56, 0x39, 0x0, 0x1a, 0x30,
    0x80, 0x7e, 0x2a, 0xe, 0x0, 0xa4, 0x20, 0x3,
    0xb7, 0x0, 0x1c, 0x14, 0x40, 0x2, 0x55, 0xc,
    0xb8, 0x7, 0xa4, 0xd9, 0x40, 0x2b, 0x8, 0x4,
    0xc0, 0xe, 0x56, 0x39, 0x0, 0x85, 0x8c, 0x8,
    0x1c, 0x40, 0x22, 0xa0, 0xe0, 0xc, 0xa0, 0x7b,
    0xa2, 0x3b, 0x0, 0xb8, 0x28, 0x80, 0x32, 0xd5,
    0x61, 0x39, 0x0, 0xa9, 0xd4, 0x3, 0x85, 0x57,
    0x1b, 0x98,

    /* U+00BD "½" */
    0x0, 0xff, 0xe4, 0x15, 0x7e, 0x0, 0x7f, 0x45,
    0x88, 0x6, 0x96, 0x10, 0xf, 0xe5, 0x77, 0x8,
    0x6, 0x9c, 0x30, 0xf, 0xc5, 0x43, 0xa0, 0x1c,
    0x40, 0x1f, 0xef, 0xa, 0x10, 0xf, 0xfe, 0x1c,
    0x94, 0x20, 0x0, 0x40, 0x3f, 0xf8, 0xc, 0xc4,
    0x70, 0xaf, 0xee, 0x28, 0x7, 0xf1, 0xc8, 0xd0,
    0x4a, 0xb5, 0x15, 0x10, 0x7, 0xc3, 0xc1, 0xa2,
    0xc, 0x92, 0xba, 0x14, 0x1, 0xf5, 0x14, 0x18,
    0xb, 0x78, 0x0, 0x40, 0x40, 0x8, 0xa0, 0x7,
    0x45, 0x70, 0x0, 0xca, 0x0, 0x1c, 0x3c, 0x1,
    0x32, 0x4, 0x82, 0xa0, 0xf, 0x9e, 0xd, 0x80,
    0x30, 0xd0, 0x78, 0x7, 0xd1, 0x4, 0xc0, 0xe,
    0xd1, 0x92, 0x0, 0xf4, 0xba, 0xd8, 0x7, 0x41,
    0xb3, 0x0, 0x3d, 0x4c, 0x90, 0x44, 0x10, 0x9,
    0xa, 0x40, 0x3c, 0x4a, 0x9, 0xbb, 0x58, 0x5,
    0x98, 0x0, 0xf8, 0xaa, 0xbd, 0x20,

    /* U+00BE "¾" */
    0x1, 0x22, 0xe0, 0xf, 0xfe, 0x1d, 0x6e, 0xf2,
    0x80, 0x7c, 0x9c, 0x80, 0x1a, 0x2a, 0x90, 0x4,
    0xe0, 0x1e, 0x1a, 0x17, 0x0, 0xc6, 0xa5, 0xb,
    0x84, 0x1, 0xed, 0x19, 0x30, 0xe, 0x58, 0x7,
    0x50, 0xf, 0x49, 0xb3, 0x0, 0x3c, 0xb5, 0x61,
    0x62, 0x1, 0x99, 0x87, 0x20, 0x1f, 0x95, 0x38,
    0x1c, 0x2, 0x39, 0x1d, 0x0, 0x65, 0x0, 0x44,
    0x40, 0x0, 0x80, 0x61, 0xd0, 0xa1, 0x7, 0x3f,
    0x0, 0xb3, 0x8, 0x72, 0x8, 0x0, 0xa1, 0x84,
    0x0, 0x49, 0x28, 0x5, 0xa1, 0x78, 0x94, 0x41,
    0x8, 0xae, 0x0, 0x61, 0x80, 0xc, 0x7d, 0x97,
    0xca, 0xa, 0xe5, 0x40, 0x15, 0x92, 0xb5, 0x0,
    0x63, 0x41, 0x2, 0xa0, 0xf0, 0x9, 0x4a, 0xc3,
    0xd4, 0x3, 0xf7, 0x85, 0x10, 0x5, 0x0, 0x84,
    0x60, 0x20, 0x1e, 0xa2, 0x75, 0x0, 0xc4, 0x1b,
    0xa5, 0xe, 0x0, 0xe6, 0x53, 0x80, 0xe, 0xaa,
    0xc8, 0x16, 0x1, 0xc8, 0x8d, 0x0, 0xf2, 0xae,
    0x20, 0x40,

    /* U+00BF "¿" */
    0x0, 0xdf, 0xe7, 0x0, 0xff, 0xe2, 0xb2, 0x98,
    0x7, 0xd3, 0x48, 0x1, 0xf5, 0xe2, 0x80, 0x78,
    0x50, 0xc0, 0x3e, 0x80, 0x2, 0x0, 0x74, 0xb0,
    0x38, 0x80, 0x69, 0x60, 0x78, 0x0, 0xc8, 0xc1,
    0x30, 0x1, 0xde, 0x6, 0xc0, 0x1e, 0x50, 0x50,
    0xc, 0x6a, 0x86, 0x4, 0x1, 0xa2, 0xbe, 0x81,
    0x20, 0xcd, 0x8, 0x1c, 0xe6, 0xf, 0x98, 0x70,
    0x55, 0x6, 0x41, 0x0, 0xe, 0x68, 0x0,

    /* U+00C0 "À" */
    0x0, 0xc9, 0xf0, 0x1, 0xff, 0xc0, 0x42, 0x60,
    0xf, 0xfe, 0xd, 0x8b, 0x0, 0x7f, 0xf0, 0x18,
    0xfc, 0x3, 0xff, 0x83, 0x92, 0x1, 0xff, 0xc0,
    0x9f, 0xf8, 0x40, 0x3f, 0xce, 0x1, 0x38, 0x7,
    0xf1, 0x88, 0x10, 0x68, 0x7, 0xf5, 0x81, 0x40,
    0x20, 0x7, 0xf2, 0x82, 0xa8, 0x0, 0xa0, 0x1f,
    0x11, 0x2, 0xc1, 0x3, 0xc0, 0x3e, 0xa0, 0x13,
    0xd, 0x5, 0x0, 0xf9, 0x41, 0xc0, 0xe, 0x0,
    0x50, 0xe, 0x22, 0x6, 0x80, 0x5, 0x3, 0xc0,
    0x39, 0x40, 0x50, 0x2, 0xd0, 0x50, 0xe, 0xb0,
    0x1f, 0xfd, 0x20, 0x4, 0x0, 0x84, 0xc0, 0x3f,
    0xb4, 0x2, 0x70, 0x6, 0xef, 0x9c, 0x1c, 0x2,
    0xa0, 0x52, 0x2f, 0x50, 0x9, 0x80, 0x98, 0x78,
    0x7, 0x88, 0x81, 0x40, 0xe0, 0x5, 0x0, 0xf9,
    0x41, 0xc0,

    /* U+00C1 "Á" */
    0x0, 0xf8, 0x7e, 0xc0, 0x3f, 0xf8, 0xc, 0x1c,
    0x1, 0xff, 0xc0, 0x91, 0x50, 0xf, 0xf8, 0xca,
    0x0, 0x3f, 0xf8, 0x7, 0x8c, 0x1, 0xff, 0x4f,
    0xfc, 0x20, 0x1f, 0xe7, 0x0, 0x9c, 0x3, 0xf8,
    0xc4, 0x8, 0x34, 0x3, 0xfa, 0xc0, 0xac, 0x10,
    0x3, 0xf9, 0x41, 0x5c, 0x0, 0xa0, 0x1f, 0x11,
    0x2, 0xc5, 0x3, 0xc0, 0x3e, 0xa0, 0x23, 0xd,
    0x5, 0x0, 0xf9, 0x41, 0x40, 0xe, 0x0, 0x50,
    0xe, 0x22, 0x5, 0x80, 0x4, 0xc3, 0xc0, 0x39,
    0x40, 0x4c, 0x2, 0xb0, 0x50, 0xe, 0xb0, 0x1f,
    0xfd, 0x0, 0x4, 0x0, 0x84, 0xc0, 0x3f, 0xb4,
    0x2, 0x70, 0x1d, 0xdf, 0x38, 0x38, 0x5, 0x40,
    0x84, 0x5e, 0xa0, 0x13, 0x1, 0x30, 0xe0, 0xf,
    0x11, 0x2, 0x81, 0xc0, 0x8, 0x1, 0xf2, 0x83,
    0x80,

    /* U+00C2 "Â" */
    0x0, 0xf3, 0xc1, 0x80, 0x7f, 0xd7, 0xf, 0x86,
    0x1, 0xfd, 0x48, 0xfa, 0x3a, 0x40, 0x1f, 0x19,
    0x4c, 0x16, 0x32, 0x0, 0x7c, 0x70, 0xc0, 0x2,
    0x86, 0x0, 0xfe, 0x9f, 0xf8, 0x40, 0x3f, 0xce,
    0x1, 0x38, 0x7, 0xf1, 0x88, 0x10, 0x68, 0x7,
    0xf5, 0x81, 0x58, 0x20, 0x7, 0xf2, 0x82, 0xb8,
    0x1, 0x40, 0x3e, 0x22, 0x5, 0x8a, 0x7, 0x80,
    0x7d, 0x40, 0x46, 0x1a, 0xa, 0x1, 0xf2, 0x82,
    0x80, 0x1c, 0x0, 0xa0, 0x1c, 0x44, 0xb, 0x0,
    0x9, 0x87, 0x80, 0x72, 0x80, 0x98, 0x5, 0x60,
    0xa0, 0x1d, 0x60, 0x3f, 0xfa, 0x0, 0x8, 0x1,
    0x9, 0x80, 0x7f, 0x68, 0x4, 0xe0, 0x3b, 0xbe,
    0x70, 0x70, 0xa, 0x81, 0x8, 0xbd, 0x40, 0x26,
    0x2, 0x61, 0xc0, 0x1e, 0x22, 0x5, 0x3, 0x80,
    0x10, 0x3, 0xe5, 0x7, 0x0,

    /* U+00C3 "Ã" */
    0x0, 0xd9, 0xf6, 0x81, 0x3c, 0x1, 0xf3, 0x19,
    0x96, 0xf1, 0x8c, 0x3, 0xe3, 0x2d, 0xe7, 0x21,
    0x80, 0xf, 0x97, 0x44, 0x23, 0xb8, 0xa0, 0x1f,
    0xfc, 0xc9, 0xff, 0x84, 0x3, 0xfc, 0xe0, 0x13,
    0x80, 0x7f, 0x18, 0x81, 0x6, 0x80, 0x7f, 0x58,
    0x15, 0x82, 0x0, 0x7f, 0x28, 0x2b, 0x80, 0x14,
    0x3, 0xe2, 0x20, 0x58, 0xa0, 0x78, 0x7, 0xd4,
    0x4, 0x61, 0xa0, 0xa0, 0x1f, 0x28, 0x28, 0x1,
    0xc0, 0xa, 0x1, 0xc4, 0x40, 0xb0, 0x0, 0x98,
    0x78, 0x7, 0x28, 0x9, 0x80, 0x56, 0xa, 0x1,
    0xd6, 0x3, 0xff, 0xa0, 0x0, 0x80, 0x10, 0x98,
    0x7, 0xf6, 0x80, 0x4e, 0x3, 0xbb, 0xe7, 0x7,
    0x0, 0xa8, 0x10, 0x8b, 0xd4, 0x2, 0x60, 0x26,
    0x1c, 0x1, 0xe2, 0x20, 0x50, 0x38, 0x1, 0x0,
    0x3e, 0x50, 0x70,

    /* U+00C4 "Ä" */
    0x0, 0x87, 0xfc, 0x41, 0x5f, 0x20, 0x1f, 0xfc,
    0xa1, 0xdd, 0x10, 0x5e, 0xc0, 0x7, 0xe2, 0x20,
    0x0, 0x48, 0x40, 0x3f, 0xa7, 0xfe, 0x10, 0xf,
    0xf3, 0x80, 0x4e, 0x1, 0xfc, 0x62, 0x4, 0x1a,
    0x1, 0xfd, 0x60, 0x56, 0x8, 0x1, 0xfc, 0xa0,
    0xae, 0x0, 0x50, 0xf, 0x88, 0x81, 0x62, 0x81,
    0xe0, 0x1f, 0x50, 0x11, 0x86, 0x82, 0x80, 0x7c,
    0xa0, 0xa0, 0x7, 0x0, 0x28, 0x7, 0x11, 0x2,
    0xc0, 0x2, 0x61, 0xe0, 0x1c, 0xa0, 0x26, 0x1,
    0x58, 0x28, 0x7, 0x58, 0xf, 0xfe, 0x80, 0x2,
    0x0, 0x42, 0x60, 0x1f, 0xda, 0x1, 0x38, 0xe,
    0xef, 0x9c, 0x1c, 0x2, 0xa0, 0x42, 0x2f, 0x50,
    0x9, 0x80, 0x98, 0x70, 0x7, 0x88, 0x81, 0x40,
    0xe0, 0x4, 0x0, 0xf9, 0x41, 0xc0,

    /* U+00C5 "Å" */
    0x0, 0xf8, 0x40, 0x3f, 0xf8, 0xd, 0xfd, 0x82,
    0x1, 0xfc, 0x72, 0xb2, 0x54, 0x1, 0xfc, 0xa1,
    0x6c, 0xea, 0x1, 0xfc, 0x40, 0xc6, 0x84, 0x1,
    0xfc, 0x8b, 0x18, 0x7e, 0x1, 0xfe, 0xac, 0xbf,
    0x30, 0xf, 0xf4, 0xe5, 0xf0, 0x80, 0x7f, 0x9c,
    0x2, 0x70, 0xf, 0xe3, 0x10, 0x20, 0xd0, 0xf,
    0xeb, 0x2, 0xb0, 0x40, 0xf, 0xe5, 0x5, 0x70,
    0x2, 0x80, 0x7c, 0x44, 0xb, 0x14, 0xf, 0x0,
    0xfa, 0x80, 0x8c, 0x34, 0x14, 0x3, 0xe5, 0x5,
    0x0, 0x38, 0x1, 0x40, 0x38, 0x88, 0x16, 0x0,
    0x13, 0xf, 0x0, 0xe5, 0x1, 0x30, 0xa, 0xc1,
    0x40, 0x3a, 0xc0, 0x7f, 0xf4, 0x0, 0x10, 0x2,
    0x13, 0x0, 0xfe, 0xd0, 0x9, 0xc0, 0x77, 0x7c,
    0xe0, 0xe0, 0x15, 0x2, 0x11, 0x7a, 0x80, 0x4c,
    0x4, 0xc3, 0x80, 0x3c, 0x44, 0xa, 0x7, 0x0,
    0x20, 0x7, 0xca, 0xe, 0x0,

    /* U+00C6 "Æ" */
    0x0, 0xe9, 0xff, 0xff, 0xe0, 0xb0, 0x7, 0x38,
    0x7, 0xff, 0x18, 0xc4, 0x2f, 0x4c, 0x17, 0x77,
    0xe6, 0x0, 0xd6, 0x4, 0x84, 0xe0, 0x64, 0x5f,
    0x0, 0x72, 0x82, 0x80, 0x7f, 0xf1, 0x8, 0x81,
    0x60, 0x1f, 0xfc, 0x4a, 0x2, 0x30, 0xc, 0x64,
    0x5e, 0x0, 0xe5, 0x5, 0x0, 0xe5, 0xdd, 0xf0,
    0x80, 0x44, 0x40, 0xb0, 0xf, 0xfe, 0x22, 0x80,
    0x98, 0x7, 0x37, 0xff, 0x84, 0x2, 0xb0, 0x1f,
    0xfc, 0x80, 0x1f, 0xf0, 0x98, 0x7, 0xff, 0x19,
    0xc0, 0x77, 0x78, 0xc0, 0x3f, 0xea, 0x4, 0x22,
    0xe7, 0x3, 0x22, 0xf8, 0x4, 0xc3, 0x80, 0x3e,
    0x5d, 0xdf, 0x99, 0xc0, 0x8, 0x1, 0xff, 0xc4,

    /* U+00C7 "Ç" */
    0x0, 0xc7, 0x3b, 0xfe, 0xeb, 0x50, 0xf, 0xa3,
    0x18, 0x80, 0x2, 0x95, 0x82, 0x1, 0xa5, 0xc0,
    0xe7, 0x36, 0xd4, 0xf, 0x0, 0x24, 0x60, 0x5c,
    0x63, 0x24, 0xaa, 0x1, 0x40, 0x3, 0xc0, 0xa8,
    0x3, 0xca, 0xc0, 0xe0, 0x4, 0xa, 0x0, 0xfd,
    0x73, 0xa0, 0x60, 0x4, 0x0, 0xfc, 0x4c, 0x40,
    0xc0, 0x2, 0x0, 0xff, 0xe8, 0x30, 0x0, 0x80,
    0x3f, 0xf8, 0x6, 0x0, 0x40, 0xf, 0xc4, 0xc4,
    0x0, 0x40, 0xa0, 0xf, 0xd7, 0x3a, 0x0, 0xf0,
    0x2a, 0x0, 0xf2, 0xb0, 0x38, 0x1, 0x18, 0x17,
    0x18, 0xc9, 0x2a, 0x80, 0x50, 0x1, 0x4b, 0x81,
    0xce, 0x6d, 0xa8, 0x1e, 0x0, 0x74, 0x63, 0x10,
    0x0, 0x52, 0xb0, 0x40, 0x3c, 0x73, 0xae, 0x1d,
    0x6a, 0x1, 0xff, 0x18, 0x58, 0x7, 0xff, 0x6,
    0xd9, 0x8, 0x3, 0xfe, 0x2a, 0x70, 0x20, 0xf,
    0xf9, 0xd4, 0x28, 0x3, 0xc0,

    /* U+00C8 "È" */
    0x0, 0x9b, 0xd8, 0x3, 0xf3, 0x5, 0x0, 0x7f,
    0x31, 0x98, 0x3, 0xf5, 0x9a, 0x0, 0x7e, 0x2c,
    0x70, 0xc, 0xff, 0xff, 0xd4, 0x1, 0xff, 0xc1,
    0x2d, 0xdf, 0xac, 0x2, 0x22, 0xf8, 0x40, 0x3f,
    0xf9, 0xa4, 0x5e, 0x0, 0xc5, 0xbb, 0xe5, 0x0,
    0xff, 0xe1, 0x17, 0xff, 0x94, 0x3, 0xff, 0xb2,
    0x45, 0xf0, 0x80, 0xb, 0x77, 0xeb, 0x0, 0xff,
    0x80,

    /* U+00C9 "É" */
    0x0, 0xf5, 0x79, 0x0, 0x7c, 0x2a, 0x84, 0x1,
    0xf3, 0x7, 0x0, 0x7e, 0xd4, 0x50, 0xf, 0xd5,
    0x60, 0x19, 0xff, 0xff, 0xa8, 0x3, 0xff, 0x82,
    0x5b, 0xbf, 0x58, 0x4, 0x45, 0xf0, 0x80, 0x7f,
    0xf3, 0x48, 0xbc, 0x1, 0x8b, 0x77, 0xca, 0x1,
    0xff, 0xc2, 0x2f, 0xff, 0x28, 0x7, 0xff, 0x64,
    0x8b, 0xe1, 0x0, 0x16, 0xef, 0xd6, 0x1, 0xff,
    0x0,

    /* U+00CA "Ê" */
    0x0, 0xcd, 0xa, 0x1, 0xf3, 0xcb, 0xd3, 0x0,
    0x73, 0x42, 0x71, 0xca, 0x80, 0x42, 0x28, 0xb1,
    0xd8, 0x20, 0x8, 0x5d, 0xc0, 0x1, 0x77, 0x0,
    0x1f, 0xff, 0xfa, 0x80, 0x3f, 0xf8, 0x25, 0xbb,
    0xf5, 0x80, 0x44, 0x5f, 0x8, 0x7, 0xff, 0x34,
    0x8b, 0xc0, 0x18, 0xb7, 0x7c, 0xa0, 0x1f, 0xfc,
    0x22, 0xff, 0xf2, 0x80, 0x7f, 0xf6, 0x48, 0xbe,
    0x10, 0x1, 0x6e, 0xfd, 0x60, 0x1f, 0xf0,

    /* U+00CB "Ë" */
    0x0, 0x6f, 0xa8, 0x37, 0xe0, 0x7, 0xff, 0xf,
    0xf5, 0x1, 0xf7, 0x80, 0x31, 0x10, 0x40, 0x48,
    0x80, 0x7, 0xff, 0xfe, 0xa0, 0xf, 0xfe, 0x9,
    0x6e, 0xfd, 0x60, 0x11, 0x17, 0xc2, 0x1, 0xff,
    0xcd, 0x22, 0xf0, 0x6, 0x2d, 0xdf, 0x28, 0x7,
    0xff, 0x8, 0xbf, 0xfc, 0xa0, 0x1f, 0xfd, 0x92,
    0x2f, 0x84, 0x0, 0x5b, 0xbf, 0x58, 0x7, 0xfc,

    /* U+00CC "Ì" */
    0x6f, 0x60, 0x3, 0xd, 0x80, 0x4c, 0x46, 0x0,
    0xa3, 0x40, 0x1, 0x63, 0x80, 0xf, 0xfc, 0x20,
    0x1f, 0xff, 0xf0,

    /* U+00CD "Í" */
    0x0, 0x4f, 0x98, 0x1, 0x8c, 0xc0, 0xc1, 0x40,
    0xf, 0x36, 0x0, 0x4e, 0x0, 0xf, 0xfc, 0x20,
    0x1f, 0xff, 0xf0,

    /* U+00CE "Î" */
    0x0, 0x14, 0x38, 0x80, 0x45, 0x8f, 0x1a, 0x0,
    0x1c, 0x1c, 0x93, 0xb0, 0x46, 0xc3, 0x6a, 0x33,
    0x2c, 0x18, 0x1, 0x60, 0xc0, 0x7, 0xfe, 0x10,
    0xf, 0xff, 0xf8, 0x7, 0xff, 0x8c,

    /* U+00CF "Ï" */
    0x6f, 0xc0, 0x7, 0xf8, 0xc0, 0x3f, 0x3e, 0xf0,
    0x3, 0x74, 0x62, 0x44, 0x0, 0x11, 0x0, 0x23,
    0xff, 0x8, 0x7, 0xff, 0xfc, 0x3, 0xff, 0xc6,

    /* U+00D0 "Ð" */
    0x7, 0xff, 0xf7, 0x5a, 0x0, 0x7f, 0xf0, 0x5,
    0x2e, 0x40, 0x3c, 0x3b, 0xba, 0xd0, 0x1a, 0x0,
    0x3c, 0x45, 0x92, 0xd8, 0x1c, 0x80, 0x3f, 0xe9,
    0x10, 0xb0, 0xf, 0xfe, 0x2, 0x2, 0x0, 0x7f,
    0xf0, 0x30, 0x8, 0x2a, 0x40, 0x77, 0x66, 0x0,
    0x8c, 0x0, 0x2c, 0x20, 0x2, 0x28, 0x40, 0x3e,
    0xc8, 0x1, 0xff, 0x9c, 0x2, 0x30, 0x0, 0x80,
    0x7f, 0xde, 0x4, 0x1, 0xff, 0xc0, 0x70, 0x40,
    0xf, 0xfa, 0x44, 0x2c, 0x3, 0x88, 0xb2, 0x5b,
    0x3, 0x90, 0x6, 0x1d, 0xdd, 0x68, 0xd, 0x0,
    0x1f, 0xe1, 0x5b, 0x90, 0x8,

    /* U+00D1 "Ñ" */
    0x0, 0xd1, 0x48, 0x0, 0x97, 0x0, 0xe8, 0x75,
    0xb9, 0x17, 0xc0, 0xe, 0x21, 0xe7, 0x6e, 0x13,
    0x0, 0xeb, 0xc1, 0x8c, 0x57, 0x80, 0xe, 0x12,
    0x0, 0x1d, 0x40, 0x4, 0xff, 0xe3, 0x0, 0xf2,
    0xff, 0x80, 0x2e, 0x0, 0xff, 0xe0, 0x14, 0x0,
    0x7f, 0xf0, 0x1c, 0xc0, 0x3f, 0x84, 0x83, 0xc0,
    0x3f, 0xdc, 0x6, 0xe0, 0x1f, 0xc6, 0xe1, 0x4,
    0x1, 0xfd, 0x4, 0x1c, 0x1, 0xfe, 0xe0, 0x37,
    0x0, 0xfe, 0x36, 0x8, 0x20, 0xf, 0xe9, 0x10,
    0xe0, 0xf, 0xf5, 0x1, 0xf0, 0x7, 0xf2, 0x30,
    0x20, 0x7, 0xfa, 0x4, 0x3, 0xfe, 0x1b, 0x0,
    0xff, 0xe0, 0x2a, 0x80, 0x0,

    /* U+00D2 "Ò" */
    0x0, 0xe4, 0xc5, 0x0, 0xff, 0xe0, 0xa1, 0x40,
    0x7, 0xff, 0x9, 0x89, 0x0, 0x3f, 0xf8, 0x34,
    0x1c, 0x1, 0xff, 0xc1, 0x2f, 0xa0, 0xf, 0xfe,
    0x79, 0xce, 0xff, 0xba, 0xd4, 0x3, 0xe8, 0xc6,
    0x20, 0x0, 0xa5, 0x60, 0x80, 0x69, 0x70, 0x39,
    0xcd, 0xa5, 0x3, 0xc0, 0x9, 0x18, 0x17, 0x18,
    0xc9, 0x6a, 0x80, 0x52, 0x0, 0xf0, 0x2a, 0x0,
    0xf2, 0xb0, 0x30, 0x1, 0x2, 0x80, 0x3f, 0x58,
    0x1, 0x4c, 0x0, 0x80, 0x1f, 0x88, 0x1, 0xac,
    0x0, 0x10, 0xf, 0xe2, 0x1, 0x0, 0xff, 0xe2,
    0x30, 0x0, 0x40, 0x3f, 0x88, 0x4, 0xc0, 0x8,
    0x1, 0xf8, 0x80, 0x1a, 0x8, 0x14, 0x1, 0xfa,
    0xc0, 0x8, 0x1e, 0x5, 0x20, 0x1e, 0x56, 0x6,
    0x10, 0x46, 0x6, 0xc5, 0x22, 0x25, 0x50, 0xa,
    0x40, 0x29, 0x70, 0x3a, 0xdd, 0x5a, 0x81, 0xe0,
    0x7, 0x46, 0x31, 0x0, 0x5, 0x2b, 0x4, 0x0,

    /* U+00D3 "Ó" */
    0x0, 0xfc, 0x58, 0xe0, 0x1f, 0xfc, 0x1b, 0x34,
    0x0, 0xff, 0xe0, 0xb1, 0x98, 0x3, 0xff, 0x80,
    0xc1, 0x40, 0x1f, 0xfc, 0x16, 0xf6, 0x0, 0xff,
    0xe7, 0x1c, 0xef, 0xfb, 0xad, 0x40, 0x3e, 0x8c,
    0x62, 0x0, 0xa, 0x56, 0x8, 0x6, 0x97, 0x3,
    0x9c, 0xda, 0x50, 0x3c, 0x0, 0x91, 0x81, 0x71,
    0x8c, 0x96, 0xa8, 0x5, 0x20, 0xf, 0x2, 0xa0,
    0xf, 0x2b, 0x3, 0x0, 0x10, 0x28, 0x3, 0xf5,
    0x80, 0x14, 0xc0, 0x8, 0x1, 0xf8, 0x80, 0x1a,
    0xc0, 0x1, 0x0, 0xfe, 0x20, 0x10, 0xf, 0xfe,
    0x23, 0x0, 0x4, 0x3, 0xf8, 0x80, 0x4c, 0x0,
    0x80, 0x1f, 0x88, 0x1, 0xa0, 0x81, 0x40, 0x1f,
    0xac, 0x0, 0x81, 0xe0, 0x52, 0x1, 0xe5, 0x60,
    0x61, 0x4, 0x60, 0x6c, 0x52, 0x22, 0x55, 0x0,
    0xa4, 0x2, 0x97, 0x3, 0xad, 0xd5, 0xa8, 0x1e,
    0x0, 0x74, 0x63, 0x10, 0x0, 0x52, 0xb0, 0x40,
    0x0,

    /* U+00D4 "Ô" */
    0x0, 0xf2, 0x7f, 0xa0, 0x3, 0xfe, 0x2b, 0x2,
    0x75, 0x0, 0xfe, 0x1f, 0xb, 0xc1, 0xa2, 0x0,
    0xfc, 0xaa, 0xa4, 0x1d, 0x74, 0x0, 0xfc, 0x90,
    0xa0, 0x3, 0x86, 0x0, 0xfc, 0x73, 0xbf, 0xee,
    0xb5, 0x0, 0xfa, 0x31, 0x88, 0x0, 0x29, 0x58,
    0x20, 0x1a, 0x5c, 0xe, 0x73, 0x69, 0x40, 0xf0,
    0x2, 0x46, 0x5, 0xc6, 0x32, 0x5a, 0xa0, 0x14,
    0x80, 0x3c, 0xa, 0x80, 0x3c, 0xac, 0xc, 0x0,
    0x40, 0xa0, 0xf, 0xd6, 0x0, 0x53, 0x0, 0x20,
    0x7, 0xe2, 0x0, 0x6b, 0x0, 0x4, 0x3, 0xf8,
    0x80, 0x40, 0x3f, 0xf8, 0x8c, 0x0, 0x10, 0xf,
    0xe2, 0x1, 0x30, 0x2, 0x0, 0x7e, 0x20, 0x6,
    0x82, 0x5, 0x0, 0x7e, 0xb0, 0x2, 0x7, 0x81,
    0x48, 0x7, 0x95, 0x81, 0x84, 0x11, 0x81, 0xb1,
    0x48, 0x89, 0x54, 0x2, 0x90, 0xa, 0x5c, 0xe,
    0xb7, 0x56, 0xa0, 0x78, 0x1, 0xd1, 0x8c, 0x40,
    0x1, 0x4a, 0xc1, 0x0, 0x0,

    /* U+00D5 "Õ" */
    0x0, 0xe6, 0xa8, 0x20, 0x6a, 0x0, 0xfc, 0x92,
    0xaf, 0xb9, 0x8, 0x1, 0xf8, 0x83, 0x30, 0xc4,
    0x30, 0x1, 0xf9, 0xb4, 0xcd, 0x3d, 0xec, 0x1,
    0xfc, 0x40, 0x1f, 0xfc, 0x23, 0x9d, 0xff, 0x75,
    0xa8, 0x7, 0xd1, 0x8c, 0x40, 0x1, 0x4a, 0xc1,
    0x0, 0xd2, 0xe0, 0x73, 0x9b, 0x4a, 0x7, 0x80,
    0x12, 0x30, 0x2e, 0x31, 0x92, 0xd5, 0x0, 0xa4,
    0x1, 0xe0, 0x54, 0x1, 0xe5, 0x60, 0x60, 0x2,
    0x5, 0x0, 0x7e, 0xb0, 0x2, 0x98, 0x1, 0x0,
    0x3f, 0x10, 0x3, 0x58, 0x0, 0x20, 0x1f, 0xc4,
    0x2, 0x1, 0xff, 0xc4, 0x60, 0x0, 0x80, 0x7f,
    0x10, 0x9, 0x80, 0x10, 0x3, 0xf1, 0x0, 0x34,
    0x10, 0x28, 0x3, 0xf5, 0x80, 0x10, 0x3c, 0xa,
    0x40, 0x3c, 0xac, 0xc, 0x20, 0x8c, 0xd, 0x8a,
    0x44, 0x4a, 0xa0, 0x14, 0x80, 0x52, 0xe0, 0x75,
    0xba, 0xb5, 0x3, 0xc0, 0xe, 0x8c, 0x62, 0x0,
    0xa, 0x56, 0x8, 0x0,

    /* U+00D6 "Ö" */
    0x0, 0xc5, 0xfe, 0x0, 0x5f, 0xb8, 0x7, 0xff,
    0x30, 0xb7, 0x40, 0x9, 0xd6, 0x0, 0xfe, 0x22,
    0x0, 0x8, 0x82, 0x1, 0xf8, 0xe7, 0x7f, 0xdd,
    0x6a, 0x1, 0xf4, 0x63, 0x10, 0x0, 0x52, 0xb0,
    0x40, 0x34, 0xb8, 0x1c, 0xe6, 0xd2, 0x81, 0xe0,
    0x4, 0x8c, 0xb, 0x8c, 0x64, 0xb5, 0x40, 0x29,
    0x0, 0x78, 0x15, 0x0, 0x79, 0x58, 0x18, 0x0,
    0x81, 0x40, 0x1f, 0xac, 0x0, 0xa6, 0x0, 0x40,
    0xf, 0xc4, 0x0, 0xd6, 0x0, 0x8, 0x7, 0xf1,
    0x0, 0x80, 0x7f, 0xf1, 0x18, 0x0, 0x20, 0x1f,
    0xc4, 0x2, 0x60, 0x4, 0x0, 0xfc, 0x40, 0xd,
    0x4, 0xa, 0x0, 0xfd, 0x60, 0x4, 0xf, 0x2,
    0x90, 0xf, 0x2b, 0x3, 0x8, 0x23, 0x3, 0x62,
    0x91, 0x12, 0xa8, 0x5, 0x20, 0x14, 0xb8, 0x1d,
    0x6e, 0xad, 0x40, 0xf0, 0x3, 0xa3, 0x18, 0x80,
    0x2, 0x95, 0x82, 0x0,

    /* U+00D7 "×" */
    0xa, 0x20, 0x8, 0xa8, 0x19, 0x70, 0x80, 0xb1,
    0x59, 0x8e, 0x38, 0xb8, 0x2e, 0xc1, 0xe, 0x34,
    0x2f, 0x0, 0x15, 0x80, 0x56, 0x1, 0x1e, 0x82,
    0x6, 0x98, 0x1e, 0xc, 0x5c, 0xe, 0x1b, 0x84,
    0x38, 0x3c, 0x3, 0xa7, 0x38, 0x4, 0xfc, 0x80,

    /* U+00D8 "Ø" */
    0x0, 0xc7, 0x3b, 0xfe, 0xeb, 0x50, 0x3a, 0x0,
    0xd1, 0x8c, 0x40, 0x1, 0x4a, 0xcc, 0x2c, 0x80,
    0x25, 0xc0, 0xe7, 0x36, 0x94, 0xc, 0xa, 0x1,
    0x18, 0x17, 0x18, 0xc9, 0x6c, 0x40, 0x8, 0x21,
    0xe0, 0x54, 0x1, 0x87, 0x4, 0x0, 0xc0, 0x4,
    0xa, 0x0, 0xed, 0x21, 0xa0, 0x2, 0x98, 0x1,
    0x0, 0x35, 0x98, 0xe2, 0x80, 0x35, 0x80, 0x2,
    0x1, 0x52, 0x6, 0x90, 0x10, 0x8, 0x7, 0xa5,
    0x42, 0xcc, 0x3, 0x98, 0x0, 0x21, 0xc, 0x14,
    0x80, 0x11, 0x0, 0x98, 0x1, 0x1d, 0xc1, 0x2a,
    0x1, 0x10, 0x3, 0x41, 0x2, 0x20, 0x10, 0xc0,
    0x1a, 0xc0, 0x8, 0x1e, 0x1, 0x3b, 0x80, 0x32,
    0xb0, 0x30, 0x80, 0x80, 0x48, 0xa4, 0x44, 0xaa,
    0x1, 0x48, 0xd, 0x1, 0x1, 0xd6, 0xea, 0xd4,
    0xf, 0x0, 0x3, 0x8b, 0xb8, 0xc4, 0x0, 0x14,
    0xac, 0x10, 0x0,

    /* U+00D9 "Ù" */
    0x0, 0xc7, 0x8c, 0x1, 0xff, 0x18, 0xc0, 0x7,
    0xff, 0x2, 0x85, 0x40, 0x3f, 0xe6, 0x9, 0x0,
    0xff, 0x87, 0xf0, 0x3, 0xff, 0x90, 0xff, 0xc0,
    0x1f, 0x17, 0xf8, 0x80, 0x3f, 0xff, 0xe0, 0x1f,
    0xfe, 0x71, 0x0, 0xfe, 0x10, 0x8, 0x80, 0x4c,
    0x3, 0xd6, 0x0, 0x24, 0x10, 0xf0, 0xe, 0x37,
    0x5, 0x0, 0x40, 0x1e, 0xb1, 0x1c, 0x60, 0x2,
    0x0, 0xd, 0x0, 0x53, 0xb8, 0xe0, 0x36, 0x40,
    0x13, 0xe2, 0x88, 0x0, 0x9f, 0xd0, 0x0,

    /* U+00DA "Ú" */
    0x0, 0xfa, 0x70, 0x40, 0x3f, 0xc2, 0xce, 0x20,
    0x1f, 0xe9, 0xf, 0x0, 0xff, 0x98, 0x90, 0x3,
    0xfe, 0xed, 0x0, 0xff, 0xe4, 0x3f, 0xf0, 0x7,
    0xc5, 0xfe, 0x20, 0xf, 0xff, 0xf8, 0x7, 0xff,
    0x9c, 0x40, 0x3f, 0x84, 0x2, 0x20, 0x13, 0x0,
    0xf5, 0x80, 0x9, 0x4, 0x3c, 0x3, 0x8d, 0xc1,
    0x40, 0x10, 0x7, 0xac, 0x47, 0x18, 0x0, 0x80,
    0x3, 0x40, 0x14, 0xee, 0x38, 0xd, 0x90, 0x4,
    0xf8, 0xa2, 0x0, 0x27, 0xf4, 0x0, 0x0,

    /* U+00DB "Û" */
    0x0, 0xe9, 0xff, 0x18, 0x7, 0xf3, 0x30, 0xc3,
    0x44, 0x3, 0xe3, 0x91, 0xda, 0x1d, 0x0, 0xf9,
    0x5f, 0x45, 0x69, 0xc, 0x3, 0xcd, 0x6, 0x0,
    0x58, 0x30, 0x9, 0xff, 0x80, 0x3e, 0x2f, 0xf1,
    0x0, 0x7f, 0xff, 0xc0, 0x3f, 0xfc, 0xe2, 0x1,
    0xfc, 0x20, 0x11, 0x0, 0x98, 0x7, 0xac, 0x0,
    0x48, 0x21, 0xe0, 0x1c, 0x6e, 0xa, 0x0, 0x80,
    0x3d, 0x62, 0x38, 0xc0, 0x4, 0x0, 0x1a, 0x0,
    0xa7, 0x71, 0xc0, 0x6c, 0x80, 0x27, 0xc5, 0x10,
    0x1, 0x3f, 0xa0, 0x0,

    /* U+00DC "Ü" */
    0x0, 0x9f, 0xf0, 0x1, 0xfe, 0x20, 0xf, 0xfe,
    0x43, 0x6f, 0x0, 0x37, 0x44, 0x1, 0xe1, 0x22,
    0x0, 0x8, 0x80, 0x19, 0xff, 0x80, 0x3e, 0x2f,
    0xf1, 0x0, 0x7f, 0xff, 0xc0, 0x3f, 0xfc, 0xe2,
    0x1, 0xfc, 0x20, 0x11, 0x0, 0x98, 0x7, 0xac,
    0x0, 0x48, 0x21, 0xe0, 0x1c, 0x6e, 0xa, 0x0,
    0x80, 0x3d, 0x62, 0x38, 0xc0, 0x4, 0x0, 0x1a,
    0x0, 0xa7, 0x71, 0xc0, 0x6c, 0x80, 0x27, 0xc5,
    0x10, 0x1, 0x3f, 0xa0, 0x0,

    /* U+00DD "Ý" */
    0x0, 0xf1, 0x7d, 0x0, 0x7f, 0xd4, 0x1c, 0x1,
    0xff, 0x31, 0x20, 0x7, 0xf9, 0xa, 0x0, 0x3f,
    0xe4, 0xc5, 0x0, 0xf5, 0xff, 0x0, 0x7d, 0xdf,
    0x81, 0x20, 0x30, 0x1, 0xd0, 0x21, 0xe0, 0x4c,
    0xe, 0x40, 0x10, 0xb8, 0x31, 0x80, 0x20, 0x42,
    0x0, 0x2b, 0x0, 0x40, 0x4, 0x30, 0xa, 0x80,
    0x6a, 0x10, 0x20, 0x19, 0x88, 0x24, 0x3c, 0x5,
    0xc0, 0x3d, 0x20, 0x56, 0x61, 0x60, 0x1f, 0x22,
    0x1, 0x0, 0xd4, 0x3, 0xf4, 0x80, 0x5e, 0x1,
    0xfc, 0x4a, 0x8, 0x60, 0x1f, 0xff, 0xf0, 0xf,
    0xfe, 0x10,

    /* U+00DE "Þ" */
    0x7f, 0xe0, 0xf, 0xfe, 0xb8, 0xff, 0xf5, 0x98,
    0x7, 0xf9, 0x31, 0x80, 0x21, 0xdd, 0xd6, 0x61,
    0x26, 0x1, 0x11, 0x64, 0xc2, 0x9, 0x0, 0xfe,
    0xa0, 0x40, 0xf, 0xfe, 0x4d, 0x82, 0x80, 0x7c,
    0x54, 0x61, 0xe0, 0x1, 0xff, 0xda, 0xa0, 0xe8,
    0x1, 0xf8, 0xaa, 0x0, 0x21, 0xdd, 0xdd, 0xaa,
    0x1, 0xc4, 0x58, 0x40, 0x3f, 0xf8, 0x80,

    /* U+00DF "ß" */
    0x0, 0x2d, 0xff, 0xb6, 0x4, 0x3, 0x3d, 0x20,
    0x0, 0x9f, 0x4, 0x0, 0x50, 0x7, 0x7b, 0x20,
    0x56, 0x0, 0x40, 0x7, 0x21, 0x34, 0x2, 0x80,
    0x4, 0x4, 0x80, 0x23, 0x0, 0xff, 0xb8, 0x8,
    0x3, 0xe5, 0xc5, 0x8, 0x0, 0xfb, 0x8c, 0x4,
    0x3, 0xf6, 0xa8, 0x8a, 0x98, 0x3, 0xcd, 0x5c,
    0xc1, 0x22, 0x1, 0xfa, 0x40, 0xa, 0x1, 0xff,
    0x8, 0x7, 0xe4, 0x0, 0x30, 0x6, 0x44, 0xa2,
    0xc0, 0x4c, 0x3, 0x7d, 0xd9, 0xc0, 0x14, 0x1,
    0xf8, 0x57, 0x10, 0x0,

    /* U+00E0 "à" */
    0x0, 0xd7, 0x60, 0xf, 0xf1, 0xa2, 0x0, 0x3f,
    0xa4, 0x3c, 0x3, 0xf8, 0x51, 0x2, 0x1, 0xfd,
    0x7e, 0x20, 0x1f, 0xfc, 0x76, 0xcf, 0xf7, 0x51,
    0x80, 0x6a, 0x93, 0x0, 0xa, 0xe2, 0x80, 0x19,
    0x41, 0xf7, 0xac, 0x82, 0xc0, 0xa, 0xcf, 0x4,
    0x29, 0xc0, 0x24, 0x7, 0x30, 0x4, 0xaf, 0x20,
    0x1, 0x0, 0x1d, 0xfe, 0xd4, 0x28, 0x6, 0x6c,
    0x40, 0x47, 0x9a, 0x0, 0xd0, 0xb, 0xf7, 0xc,
    0xc0, 0x8, 0x44, 0x12, 0x1, 0xa8, 0x2, 0x10,
    0x5, 0x0, 0x4e, 0xc0, 0x1a, 0x1, 0xbf, 0x7e,
    0x10, 0x80, 0x27, 0x92, 0x2, 0x38, 0xb0, 0x8,

    /* U+00E1 "á" */
    0x0, 0xfb, 0x24, 0x3, 0xf9, 0x8f, 0xc0, 0x3f,
    0xac, 0x58, 0x3, 0xf2, 0x13, 0x0, 0x7f, 0x27,
    0xc0, 0x7, 0xff, 0x1d, 0xb3, 0xfd, 0xd4, 0x60,
    0x1a, 0xa4, 0xc0, 0x2, 0xb8, 0xa0, 0x6, 0x50,
    0x7d, 0xeb, 0x20, 0xb0, 0x2, 0xb3, 0xc1, 0xa,
    0x70, 0x9, 0x1, 0xcc, 0x1, 0x2b, 0xc8, 0x0,
    0x40, 0x7, 0x7f, 0xb5, 0xa, 0x1, 0x9b, 0x10,
    0x11, 0xe6, 0x80, 0x34, 0x2, 0xfd, 0xc3, 0x30,
    0x2, 0x11, 0x4, 0x80, 0x6a, 0x0, 0x84, 0x1,
    0x40, 0x13, 0xb0, 0x6, 0x80, 0x6f, 0xdf, 0x84,
    0x20, 0x9, 0xe4, 0x80, 0x8e, 0x2c, 0x2,

    /* U+00E2 "â" */
    0x0, 0xc3, 0xdf, 0x80, 0x1f, 0xb4, 0x50, 0xe8,
    0x3, 0xd2, 0x6d, 0x68, 0xac, 0x1, 0x84, 0x51,
    0x21, 0x4e, 0x20, 0x18, 0x61, 0xc0, 0x3, 0xe,
    0x1, 0xcd, 0x9f, 0xee, 0xa3, 0x0, 0xd5, 0x26,
    0x0, 0x15, 0xc5, 0x0, 0x32, 0x83, 0xef, 0x59,
    0x5, 0x80, 0x15, 0x9e, 0x8, 0x53, 0x80, 0x48,
    0xe, 0x60, 0x9, 0x5e, 0x40, 0x2, 0x0, 0x3b,
    0xfd, 0xa8, 0x50, 0xc, 0xd8, 0x80, 0x8f, 0x34,
    0x1, 0xa0, 0x17, 0xee, 0x19, 0x80, 0x10, 0x88,
    0x24, 0x3, 0x50, 0x4, 0x20, 0xa, 0x0, 0x9d,
    0x80, 0x34, 0x3, 0x7e, 0xfc, 0x21, 0x0, 0x4f,
    0x24, 0x4, 0x71, 0x60, 0x10,

    /* U+00E3 "ã" */
    0x0, 0xa3, 0xfa, 0x49, 0x7d, 0x0, 0x33, 0x89,
    0x36, 0xd0, 0x30, 0x6, 0x28, 0xcd, 0x75, 0xa2,
    0x0, 0xda, 0xc0, 0x51, 0x4a, 0x1, 0xff, 0xc5,
    0x6c, 0xff, 0x75, 0x18, 0x6, 0xa9, 0x30, 0x0,
    0xae, 0x28, 0x1, 0x94, 0x1f, 0x7a, 0xc8, 0x2c,
    0x0, 0xac, 0xf0, 0x42, 0x9c, 0x2, 0x40, 0x73,
    0x0, 0x4a, 0xf2, 0x0, 0x10, 0x1, 0xdf, 0xed,
    0x42, 0x80, 0x66, 0xc4, 0x4, 0x79, 0xa0, 0xd,
    0x0, 0xbf, 0x70, 0xcc, 0x0, 0x84, 0x41, 0x20,
    0x1a, 0x80, 0x21, 0x0, 0x50, 0x4, 0xec, 0x1,
    0xa0, 0x1b, 0xf7, 0xe1, 0x8, 0x2, 0x79, 0x20,
    0x23, 0x8b, 0x0, 0x80,

    /* U+00E4 "ä" */
    0x0, 0xb7, 0xd8, 0x1b, 0xf0, 0x3, 0xff, 0x8b,
    0xfa, 0xc0, 0xfb, 0xc0, 0x1c, 0x44, 0x0, 0x9,
    0x10, 0x3, 0x9b, 0x3f, 0xdd, 0x46, 0x1, 0xaa,
    0x4c, 0x0, 0x2b, 0x8a, 0x0, 0x65, 0x7, 0xde,
    0xb2, 0xb, 0x0, 0x2b, 0x3c, 0x10, 0xa7, 0x0,
    0x90, 0x1c, 0xc0, 0x12, 0xbc, 0x80, 0x4, 0x0,
    0x77, 0xfb, 0x50, 0xa0, 0x19, 0xb1, 0x1, 0x1e,
    0x68, 0x3, 0x40, 0x2f, 0xdc, 0x33, 0x0, 0x21,
    0x10, 0x48, 0x6, 0xa0, 0x8, 0x40, 0x14, 0x1,
    0x3b, 0x0, 0x68, 0x6, 0xfd, 0xf8, 0x42, 0x0,
    0x9e, 0x48, 0x8, 0xe2, 0xc0, 0x20,

    /* U+00E5 "å" */
    0x0, 0xf0, 0x80, 0x7f, 0x37, 0xf7, 0x10, 0x3,
    0xc5, 0x2b, 0x45, 0x60, 0x1e, 0x10, 0x27, 0x60,
    0xf, 0x8d, 0x9f, 0x56, 0x40, 0x3e, 0x9d, 0xbe,
    0x60, 0xf, 0xc4, 0x82, 0x1, 0xf3, 0x67, 0xfb,
    0xa8, 0xc0, 0x35, 0x49, 0x80, 0x5, 0x71, 0x40,
    0xc, 0xa0, 0xfb, 0xd6, 0x41, 0x60, 0x5, 0x67,
    0x82, 0x14, 0xe0, 0x12, 0x3, 0x98, 0x2, 0x57,
    0x90, 0x0, 0x80, 0xe, 0xff, 0x6a, 0x14, 0x3,
    0x36, 0x20, 0x23, 0xcd, 0x0, 0x68, 0x5, 0xfb,
    0x86, 0x60, 0x4, 0x22, 0x9, 0x0, 0xd4, 0x1,
    0x8, 0x2, 0x80, 0x27, 0x60, 0xd, 0x0, 0xdf,
    0xbf, 0x8, 0x40, 0x13, 0xc9, 0x1, 0x1c, 0x58,
    0x4,

    /* U+00E6 "æ" */
    0x0, 0x92, 0xff, 0xdd, 0x44, 0x5, 0x5d, 0xfd,
    0x44, 0x1, 0xa2, 0xd0, 0x0, 0x2b, 0xb1, 0xaa,
    0x20, 0x2b, 0xa6, 0x0, 0x57, 0x7, 0xef, 0xc2,
    0x7, 0x5, 0xdf, 0xd5, 0xd, 0x0, 0x33, 0x1e,
    0x4, 0xe, 0x40, 0x5, 0x44, 0x5, 0x42, 0x25,
    0x3, 0x98, 0x0, 0xca, 0x0, 0xa0, 0xe, 0x70,
    0xc0, 0x9, 0x67, 0x37, 0xb8, 0x0, 0x8f, 0xfe,
    0x60, 0x20, 0x3e, 0xa6, 0x30, 0x32, 0x0, 0x9,
    0x17, 0xe0, 0xd1, 0x4d, 0xfd, 0xd7, 0x80, 0x1b,
    0x77, 0xe9, 0x11, 0x4, 0x10, 0x5, 0x40, 0x6,
    0x0, 0xe9, 0x72, 0x10, 0x5, 0x80, 0x4e, 0xe1,
    0x1, 0xc4, 0x24, 0xb6, 0x81, 0x7, 0x7, 0xed,
    0xf8, 0x1d, 0xb0, 0x3b, 0xdb, 0x40, 0x93, 0x8,
    0x92, 0x12, 0x23, 0x79, 0xa6, 0xa8, 0x80, 0xae,
    0x30, 0x0,

    /* U+00E7 "ç" */
    0x0, 0x8e, 0xbb, 0xfd, 0x6a, 0x1, 0x9b, 0x14,
    0x40, 0x9, 0x52, 0x0, 0x39, 0x3, 0xbd, 0xb4,
    0x6, 0x60, 0x48, 0xe, 0xa1, 0x25, 0x99, 0x8,
    0x28, 0x30, 0x80, 0x6c, 0xd7, 0x10, 0x6, 0x80,
    0x7f, 0xf2, 0x4, 0x1, 0xa0, 0x1f, 0xca, 0xc,
    0x20, 0x1b, 0x30, 0xc1, 0x20, 0x38, 0xa4, 0x96,
    0x67, 0x1, 0xc8, 0x15, 0x6d, 0xa0, 0x32, 0x80,
    0x1b, 0x14, 0x40, 0x9, 0x72, 0x1, 0x8e, 0xa8,
    0x19, 0x68, 0x1, 0xf1, 0x86, 0x88, 0x7, 0xe7,
    0xa1, 0x70, 0xf, 0xd3, 0x0, 0x40, 0x1f, 0x13,
    0x93, 0xa0, 0x4,

    /* U+00E8 "è" */
    0x0, 0xcd, 0x86, 0x1, 0xfe, 0x43, 0x90, 0xf,
    0xf1, 0x1a, 0x88, 0x7, 0xfa, 0x41, 0x80, 0x3f,
    0xcb, 0xee, 0x1, 0xff, 0xc9, 0x29, 0xef, 0xf5,
    0xa8, 0x7, 0x2e, 0xb0, 0x80, 0x12, 0xa4, 0x2,
    0x2a, 0x4, 0xcf, 0xe8, 0x6, 0x50, 0x4, 0x1,
    0x59, 0x80, 0xbb, 0x4, 0x80, 0x14, 0x14, 0x3,
    0xa8, 0xc, 0x44, 0x0, 0x7f, 0xfe, 0xc0, 0x1,
    0x0, 0x44, 0x67, 0xf8, 0x44, 0x0, 0x5c, 0xcf,
    0xc4, 0xa, 0xc, 0x20, 0x19, 0xa9, 0x40, 0x12,
    0x3, 0x8a, 0x47, 0x12, 0xbe, 0x0, 0x3a, 0x2,
    0xad, 0xc7, 0x3, 0xa0, 0x9, 0x75, 0x84, 0x0,
    0x73, 0x80, 0x0,

    /* U+00E9 "é" */
    0x0, 0xf9, 0xf0, 0xc0, 0x3f, 0xd2, 0x26, 0x1,
    0xfc, 0xa3, 0x40, 0x1f, 0xe9, 0x6, 0x0, 0xff,
    0x67, 0x88, 0x7, 0xff, 0x20, 0xa7, 0xbf, 0xd6,
    0xa0, 0x1c, 0xba, 0xc2, 0x0, 0x4a, 0x90, 0x8,
    0xa8, 0x13, 0x3f, 0xa0, 0x19, 0x40, 0x10, 0x5,
    0x66, 0x2, 0xec, 0x12, 0x0, 0x50, 0x50, 0xe,
    0xa0, 0x31, 0x10, 0x1, 0xff, 0xfb, 0x0, 0x4,
    0x1, 0x11, 0x9f, 0xe1, 0x10, 0x1, 0x73, 0x3f,
    0x10, 0x28, 0x30, 0x80, 0x66, 0xa5, 0x0, 0x48,
    0xe, 0x29, 0x1c, 0x4a, 0xf8, 0x0, 0xe8, 0xa,
    0xb7, 0x1c, 0xe, 0x80, 0x25, 0xd6, 0x10, 0x1,
    0xce, 0x0, 0x0,

    /* U+00EA "ê" */
    0x0, 0xeb, 0xfe, 0x20, 0xf, 0xd0, 0x86, 0x3e,
    0x1, 0xf2, 0xb9, 0xe4, 0x15, 0x0, 0x78, 0x9f,
    0x41, 0xe0, 0x88, 0x1, 0xcf, 0x2, 0x0, 0x78,
    0x20, 0xe, 0x29, 0xef, 0xf5, 0xa8, 0x7, 0x2e,
    0xb0, 0x80, 0x12, 0xa4, 0x2, 0x2a, 0x4, 0xcf,
    0xe8, 0x6, 0x50, 0x4, 0x1, 0x59, 0x80, 0xbb,
    0x4, 0x80, 0x14, 0x14, 0x3, 0xa8, 0xc, 0x44,
    0x0, 0x7f, 0xfe, 0xc0, 0x1, 0x0, 0x44, 0x67,
    0xf8, 0x44, 0x0, 0x5c, 0xcf, 0xc4, 0xa, 0xc,
    0x20, 0x19, 0xa9, 0x40, 0x12, 0x3, 0x8a, 0x47,
    0x12, 0xbe, 0x0, 0x3a, 0x2, 0xad, 0xc7, 0x3,
    0xa0, 0x9, 0x75, 0x84, 0x0, 0x73, 0x80, 0x0,

    /* U+00EB "ë" */
    0x0, 0xab, 0xe4, 0xf, 0xfc, 0x1, 0xff, 0xc7,
    0xbd, 0x80, 0x3d, 0xd0, 0x7, 0x84, 0x84, 0x0,
    0x44, 0x0, 0xf1, 0x4f, 0x7f, 0xad, 0x40, 0x39,
    0x75, 0x84, 0x0, 0x95, 0x20, 0x11, 0x50, 0x26,
    0x7f, 0x40, 0x32, 0x80, 0x20, 0xa, 0xcc, 0x5,
    0xd8, 0x24, 0x0, 0xa0, 0xa0, 0x1d, 0x40, 0x62,
    0x20, 0x3, 0xff, 0xf6, 0x0, 0x8, 0x2, 0x23,
    0x3f, 0xc2, 0x20, 0x2, 0xe6, 0x7e, 0x20, 0x50,
    0x61, 0x0, 0xcd, 0x4a, 0x0, 0x90, 0x1c, 0x52,
    0x38, 0x95, 0xf0, 0x1, 0xd0, 0x15, 0x6e, 0x38,
    0x1d, 0x0, 0x4b, 0xac, 0x20, 0x3, 0x9c, 0x0,
    0x0,

    /* U+00EC "ì" */
    0x6f, 0x60, 0x3, 0x5, 0x80, 0x4c, 0x46, 0x0,
    0xb3, 0x40, 0x1, 0x63, 0x80, 0xf, 0xfc, 0x20,
    0x1f, 0xfe, 0xb0,

    /* U+00ED "í" */
    0x0, 0x4f, 0x98, 0x1, 0x8c, 0xc0, 0xc1, 0x40,
    0xc, 0x36, 0x0, 0x56, 0x0, 0xf, 0xfc, 0x20,
    0x1f, 0xfe, 0xc0,

    /* U+00EE "î" */
    0x0, 0xc, 0x40, 0x80, 0x21, 0xc7, 0x77, 0x88,
    0x3, 0x4a, 0xac, 0xb0, 0x51, 0x14, 0xa9, 0x6a,
    0x88, 0x85, 0x0, 0x24, 0x28, 0x0, 0xff, 0xc2,
    0x1, 0xff, 0xff, 0x0, 0xff, 0xe1, 0x80,

    /* U+00EF "ï" */
    0x6f, 0xc0, 0x7, 0xf8, 0xc0, 0x3f, 0x3e, 0xf0,
    0x3, 0x74, 0x62, 0x44, 0x0, 0x11, 0x0, 0x23,
    0xff, 0x8, 0x7, 0xff, 0xfc, 0x3, 0xff, 0x86,

    /* U+00F0 "ð" */
    0x0, 0xfc, 0x6a, 0x1, 0xf1, 0x7e, 0xce, 0x50,
    0x80, 0x7c, 0xe6, 0xc0, 0xe2, 0x1, 0xe2, 0xa1,
    0x2, 0x74, 0x0, 0xf8, 0xa7, 0x34, 0xa8, 0x3,
    0x8e, 0xba, 0x76, 0x6c, 0x58, 0x2, 0x6c, 0x51,
    0x1, 0x69, 0xd, 0x0, 0x1c, 0x82, 0xef, 0xea,
    0x80, 0x14, 0x1, 0x20, 0x74, 0x40, 0x54, 0x60,
    0x20, 0x5, 0xa, 0x0, 0xea, 0x0, 0x8, 0x80,
    0xa, 0x1, 0xca, 0x0, 0x30, 0xf, 0xfe, 0x8,
    0x80, 0x14, 0x3, 0x94, 0x0, 0x40, 0xa1, 0x40,
    0x1d, 0x40, 0x60, 0x9, 0x3, 0xa2, 0x2, 0xa3,
    0x9, 0x0, 0x1c, 0x82, 0xef, 0xea, 0x83, 0x28,
    0x4, 0xd8, 0xa2, 0x2, 0x97, 0x20, 0x0,

    /* U+00F1 "ñ" */
    0x0, 0x14, 0xd3, 0x90, 0xda, 0x0, 0x6e, 0x65,
    0x8d, 0xe4, 0x20, 0xc, 0x49, 0xf6, 0xeb, 0xc,
    0x1, 0xb2, 0x81, 0x22, 0x9c, 0x3, 0x88, 0x40,
    0x3f, 0x3f, 0xc9, 0x57, 0x7f, 0x50, 0x80, 0x65,
    0xd5, 0x10, 0x15, 0xf1, 0x0, 0x8c, 0x23, 0x71,
    0x80, 0x60, 0x3, 0x4b, 0x91, 0xca, 0x3, 0x0,
    0x66, 0x0, 0xdc, 0x0, 0x20, 0xf, 0xce, 0x0,
    0x10, 0x1, 0x0, 0x7f, 0xfe, 0x40,

    /* U+00F2 "ò" */
    0x0, 0xd3, 0x82, 0x1, 0xfe, 0xc3, 0x60, 0xf,
    0xf2, 0x8d, 0x0, 0x7f, 0xcc, 0x48, 0x1, 0xfe,
    0x8f, 0x40, 0xf, 0xfe, 0x49, 0x4f, 0x7f, 0xb1,
    0x40, 0x39, 0x75, 0x84, 0x0, 0x75, 0x60, 0x11,
    0xd0, 0x15, 0x6e, 0x30, 0x24, 0x80, 0x24, 0x7,
    0x14, 0x8e, 0x5c, 0x18, 0x41, 0x41, 0x84, 0x3,
    0x48, 0x1, 0x4, 0x1, 0xa0, 0x1c, 0x20, 0xd,
    0x0, 0xff, 0xe0, 0x88, 0x3, 0x40, 0x38, 0x80,
    0x1a, 0xa, 0xc, 0x20, 0x1a, 0xc0, 0x8, 0x12,
    0x3, 0x8a, 0x47, 0x2c, 0xc, 0x20, 0x74, 0x5,
    0x5b, 0x8c, 0x9, 0x20, 0x12, 0xea, 0x88, 0x0,
    0xea, 0xc0, 0x0,

    /* U+00F3 "ó" */
    0x0, 0xfa, 0xb0, 0x3, 0xfc, 0x4a, 0xc0, 0x1f,
    0xeb, 0x9, 0x0, 0xff, 0x31, 0x18, 0x7, 0xfb,
    0xf4, 0x3, 0xff, 0x92, 0x53, 0xdf, 0xec, 0x50,
    0xe, 0x5d, 0x61, 0x0, 0x1d, 0x58, 0x4, 0x74,
    0x5, 0x5b, 0x8c, 0x9, 0x20, 0x9, 0x1, 0xc5,
    0x23, 0x97, 0x6, 0x10, 0x50, 0x61, 0x0, 0xd2,
    0x0, 0x41, 0x0, 0x68, 0x7, 0x8, 0x3, 0x40,
    0x3f, 0xf8, 0x22, 0x0, 0xd0, 0xe, 0x20, 0x6,
    0x82, 0x83, 0x8, 0x6, 0xb0, 0x2, 0x4, 0x80,
    0xe2, 0x91, 0xcb, 0x3, 0x8, 0x1d, 0x1, 0x56,
    0xe3, 0x2, 0x48, 0x4, 0xba, 0xa2, 0x0, 0x3a,
    0xb0, 0x0,

    /* U+00F4 "ô" */
    0x0, 0xeb, 0xfe, 0x20, 0xf, 0xd0, 0x86, 0x3e,
    0x1, 0xf2, 0xb9, 0xe4, 0x15, 0x80, 0x78, 0x9f,
    0x41, 0xe0, 0xc8, 0x3, 0x9e, 0x4, 0x0, 0xf0,
    0x40, 0x1c, 0x53, 0xdf, 0xec, 0x50, 0xe, 0x5d,
    0x61, 0x0, 0x1d, 0x58, 0x4, 0x74, 0x5, 0x5b,
    0x8c, 0x9, 0x20, 0x9, 0x1, 0xc5, 0x23, 0x97,
    0x6, 0x10, 0x50, 0x61, 0x0, 0xd2, 0x0, 0x41,
    0x0, 0x68, 0x7, 0x8, 0x3, 0x40, 0x3f, 0xf8,
    0x22, 0x0, 0xd0, 0xe, 0x20, 0x6, 0x82, 0x83,
    0x8, 0x6, 0xb0, 0x2, 0x4, 0x80, 0xe2, 0x91,
    0xcb, 0x3, 0x8, 0x1d, 0x1, 0x56, 0xe3, 0x2,
    0x48, 0x4, 0xba, 0xa2, 0x0, 0x3a, 0xb0, 0x0,

    /* U+00F5 "õ" */
    0x0, 0x9b, 0xfa, 0x4c, 0xde, 0xa0, 0x1d, 0x2,
    0x4d, 0x98, 0x1, 0x0, 0xe2, 0x6c, 0xd7, 0x58,
    0x40, 0xe, 0xc8, 0x2, 0x8a, 0x70, 0xf, 0xfe,
    0x39, 0x4f, 0x7f, 0xb1, 0x40, 0x39, 0x75, 0x84,
    0x0, 0x75, 0x60, 0x11, 0xd0, 0x15, 0x6e, 0x30,
    0x24, 0x80, 0x24, 0x7, 0x14, 0x8e, 0x5c, 0x18,
    0x41, 0x41, 0x84, 0x3, 0x48, 0x1, 0x4, 0x1,
    0xa0, 0x1c, 0x20, 0xd, 0x0, 0xff, 0xe0, 0x88,
    0x3, 0x40, 0x38, 0x80, 0x1a, 0xa, 0xc, 0x20,
    0x1a, 0xc0, 0x8, 0x12, 0x3, 0x8a, 0x47, 0x2c,
    0xc, 0x20, 0x74, 0x5, 0x5b, 0x8c, 0x9, 0x20,
    0x12, 0xea, 0x88, 0x0, 0xea, 0xc0, 0x0,

    /* U+00F6 "ö" */
    0x0, 0xa7, 0xe4, 0xb, 0xfc, 0x1, 0xff, 0xc7,
    0x8d, 0x80, 0x2d, 0xd0, 0x7, 0x84, 0x84, 0x0,
    0x44, 0x0, 0xf1, 0x4f, 0x7f, 0xb1, 0x40, 0x39,
    0x75, 0x84, 0x0, 0x75, 0x60, 0x11, 0xd0, 0x15,
    0x6e, 0x30, 0x24, 0x80, 0x24, 0x7, 0x14, 0x8e,
    0x5c, 0x18, 0x41, 0x41, 0x84, 0x3, 0x48, 0x1,
    0x4, 0x1, 0xa0, 0x1c, 0x20, 0xd, 0x0, 0xff,
    0xe0, 0x88, 0x3, 0x40, 0x38, 0x80, 0x1a, 0xa,
    0xc, 0x20, 0x1a, 0xc0, 0x8, 0x12, 0x3, 0x8a,
    0x47, 0x2c, 0xc, 0x20, 0x74, 0x5, 0x5b, 0x8c,
    0x9, 0x20, 0x12, 0xea, 0x88, 0x0, 0xea, 0xc0,
    0x0,

    /* U+00F7 "÷" */
    0x0, 0x8f, 0xfc, 0x20, 0x1f, 0xfc, 0x43, 0xcc,
    0x8, 0x5, 0x1b, 0xb7, 0x73, 0x76, 0x73, 0x22,
    0xfd, 0xd7, 0xff, 0xfa, 0x40, 0x31, 0x98, 0x3,
    0xe3, 0xcc, 0x8, 0x7, 0xff, 0x4,

    /* U+00F8 "ø" */
    0x0, 0x8a, 0x7b, 0xfd, 0x8a, 0x52, 0x1, 0x2e,
    0xb0, 0x80, 0xe, 0xb5, 0xa4, 0xe, 0x80, 0xab,
    0x71, 0x40, 0x3, 0x1, 0x20, 0x38, 0xa4, 0x47,
    0x0, 0x8, 0x1, 0x41, 0x84, 0x7, 0x9, 0x80,
    0x8, 0x20, 0xd, 0x2, 0xf2, 0x89, 0x0, 0x68,
    0x6, 0x2c, 0x19, 0x70, 0xc, 0x20, 0xe, 0xc1,
    0xa6, 0x2, 0x0, 0x68, 0x28, 0x20, 0xd2, 0x80,
    0x2c, 0x0, 0x80, 0x60, 0x1, 0x2, 0x39, 0x60,
    0x61, 0x36, 0x0, 0xd, 0x6e, 0x30, 0x24, 0x81,
    0xd4, 0x6a, 0x88, 0x0, 0xea, 0xc0, 0x0,

    /* U+00F9 "ù" */
    0x0, 0x9f, 0xc, 0x3, 0xf2, 0x1d, 0x0, 0x7e,
    0x33, 0x30, 0x80, 0x7e, 0xa0, 0x60, 0xf, 0xcd,
    0xee, 0x1, 0xff, 0xc3, 0xbf, 0xa0, 0xe, 0x5f,
    0xf0, 0x7, 0xff, 0xac, 0x40, 0x40, 0x38, 0xc0,
    0x6, 0xc, 0x1, 0xdc, 0x0, 0xf0, 0x23, 0x0,
    0xca, 0x0, 0x70, 0x6, 0xa9, 0x25, 0x90, 0x0,
    0x60, 0x6, 0xb6, 0xd0, 0xc0, 0x27, 0xa3, 0x0,
    0x14, 0x68, 0x0,

    /* U+00FA "ú" */
    0x0, 0xf5, 0xd8, 0x3, 0xf2, 0x23, 0x0, 0x3f,
    0x78, 0x30, 0x7, 0xc4, 0x8a, 0x20, 0x1f, 0x17,
    0xd0, 0x7, 0xff, 0xe, 0xfe, 0x80, 0x39, 0x7f,
    0xc0, 0x1f, 0xfe, 0xb1, 0x1, 0x0, 0xe3, 0x0,
    0x18, 0x30, 0x7, 0x70, 0x3, 0xc0, 0x8c, 0x3,
    0x28, 0x1, 0xc0, 0x1a, 0xa4, 0x96, 0x40, 0x1,
    0x80, 0x1a, 0xdb, 0x43, 0x0, 0x9e, 0x8c, 0x0,
    0x51, 0xa0, 0x0,

    /* U+00FB "û" */
    0x0, 0xd9, 0xfc, 0x20, 0x1e, 0x93, 0x30, 0xe8,
    0x7, 0x33, 0xf, 0x1c, 0xe8, 0x3, 0xb, 0xe8,
    0x44, 0x8, 0x80, 0x13, 0xc0, 0x80, 0x1e, 0x8,
    0x2f, 0xe8, 0x3, 0x97, 0xfc, 0x1, 0xff, 0xeb,
    0x10, 0x10, 0xe, 0x30, 0x1, 0x83, 0x0, 0x77,
    0x0, 0x3c, 0x8, 0xc0, 0x32, 0x80, 0x1c, 0x1,
    0xaa, 0x49, 0x64, 0x0, 0x18, 0x1, 0xad, 0xb4,
    0x30, 0x9, 0xe8, 0xc0, 0x5, 0x1a, 0x0,

    /* U+00FC "ü" */
    0x0, 0x57, 0xc0, 0x1f, 0xf8, 0x3, 0xff, 0x87,
    0x7b, 0x20, 0x7b, 0xa0, 0xc, 0x24, 0x20, 0x2,
    0x20, 0x2, 0xfe, 0x80, 0x39, 0x7f, 0xc0, 0x1f,
    0xfe, 0xb1, 0x1, 0x0, 0xe3, 0x0, 0x18, 0x30,
    0x7, 0x70, 0x3, 0xc0, 0x8c, 0x3, 0x28, 0x1,
    0xc0, 0x1a, 0xa4, 0x96, 0x40, 0x1, 0x80, 0x1a,
    0xdb, 0x43, 0x0, 0x9e, 0x8c, 0x0, 0x51, 0xa0,
    0x0,

    /* U+00FD "ý" */
    0x0, 0xf3, 0x7b, 0x0, 0x7f, 0x58, 0x30, 0x7,
    0xe3, 0x26, 0x0, 0xfe, 0x43, 0xb0, 0xf, 0xe7,
    0xc2, 0x0, 0xd1, 0xfc, 0x1, 0xea, 0xfb, 0x90,
    0x14, 0x0, 0xe5, 0xe, 0x15, 0xe, 0x0, 0xcc,
    0x2, 0xa1, 0xc0, 0xa2, 0x1, 0x50, 0x30, 0x1,
    0x8, 0x18, 0x0, 0x46, 0x14, 0x1, 0x50, 0x50,
    0x2, 0x80, 0xc8, 0x2, 0x60, 0x24, 0x6, 0xa,
    0x0, 0xc2, 0xa1, 0xc8, 0x20, 0xc0, 0x1d, 0x20,
    0xbe, 0xc, 0x1, 0xe3, 0x30, 0x20, 0x50, 0x7,
    0xd4, 0x0, 0x23, 0x0, 0xf9, 0x80, 0x14, 0x1,
    0xf8, 0xc0, 0xc, 0x1, 0xfa, 0x81, 0x44, 0x3,
    0xf3, 0x87, 0x0, 0x7e, 0x41, 0x12, 0x0, 0x7e,
    0xe0, 0x60, 0xf, 0x0,

    /* U+00FE "þ" */
    0x7f, 0xd0, 0xf, 0xff, 0xf, 0x80, 0x17, 0x3f,
    0xda, 0xe0, 0x1c, 0x54, 0x60, 0x2, 0x8c, 0x0,
    0x78, 0x0, 0xaf, 0xf5, 0xc0, 0xe4, 0x3, 0x7a,
    0x1, 0x43, 0x3, 0x8, 0x0, 0xc8, 0x3, 0x58,
    0x1, 0x0, 0xc, 0x1, 0xc4, 0x0, 0x20, 0xf,
    0xfe, 0x13, 0x0, 0x71, 0x0, 0x8, 0x0, 0x64,
    0x1, 0xac, 0x0, 0x80, 0x17, 0xa0, 0x94, 0x30,
    0x30, 0x80, 0x45, 0x7d, 0xae, 0x7, 0x20, 0x11,
    0x51, 0x80, 0xa, 0x30, 0x3, 0x97, 0x3f, 0xda,
    0xe0, 0x1f, 0xfe, 0x70,

    /* U+00FF "ÿ" */
    0x0, 0x17, 0xf8, 0x1, 0x7e, 0xe0, 0x1f, 0xfc,
    0x42, 0xdd, 0x0, 0x2b, 0x58, 0x3, 0x88, 0x80,
    0x1, 0x21, 0x0, 0x47, 0xf0, 0x7, 0xab, 0xee,
    0x40, 0x50, 0x3, 0x94, 0x38, 0x54, 0x38, 0x3,
    0x30, 0xa, 0x87, 0x2, 0x88, 0x5, 0x40, 0xc0,
    0x4, 0x20, 0x60, 0x1, 0x18, 0x50, 0x5, 0x41,
    0x40, 0xa, 0x3, 0x20, 0x9, 0x80, 0x90, 0x18,
    0x28, 0x3, 0xa, 0x87, 0x20, 0x83, 0x0, 0x74,
    0x82, 0xf8, 0x30, 0x7, 0x8c, 0xc0, 0x81, 0x40,
    0x1f, 0x50, 0x0, 0x8c, 0x3, 0xe6, 0x0, 0x50,
    0x7, 0xe3, 0x0, 0x30, 0x7, 0xea, 0x5, 0x10,
    0xf, 0xce, 0x1c, 0x1, 0xf9, 0x4, 0x48, 0x1,
    0xfb, 0x81, 0x80, 0x3c,

    /* U+0100 "Ā" */
    0x0, 0xd5, 0xff, 0xc4, 0x1, 0xf8, 0x8b, 0xc6,
    0x1, 0xfa, 0x37, 0x78, 0x40, 0x3f, 0xf9, 0x93,
    0xff, 0x8, 0x7, 0xf9, 0xc0, 0x27, 0x0, 0xfe,
    0x31, 0x2, 0xd, 0x0, 0xfe, 0xb0, 0x2b, 0x4,
    0x0, 0xfe, 0x50, 0x57, 0x0, 0x28, 0x7, 0xc4,
    0x40, 0xb1, 0x40, 0xf0, 0xf, 0xa8, 0x8, 0xc3,
    0x41, 0x40, 0x3e, 0x50, 0x50, 0x3, 0x80, 0x14,
    0x3, 0x88, 0x81, 0x60, 0x1, 0x30, 0xf0, 0xe,
    0x50, 0x13, 0x0, 0xac, 0x14, 0x3, 0xac, 0x7,
    0xff, 0x40, 0x1, 0x0, 0x21, 0x30, 0xf, 0xed,
    0x0, 0x9c, 0x7, 0x77, 0xce, 0xe, 0x1, 0x50,
    0x21, 0x17, 0xa8, 0x4, 0xc0, 0x4c, 0x38, 0x3,
    0xc4, 0x40, 0xa0, 0x70, 0x2, 0x0, 0x7c, 0xa0,
    0xe0,

    /* U+0101 "ā" */
    0x0, 0x8b, 0x33, 0x9c, 0x3, 0xc6, 0x7d, 0xc0,
    0x1c, 0x5f, 0xfd, 0x20, 0x1f, 0xfd, 0x16, 0xcf,
    0xf7, 0x51, 0x80, 0x6a, 0x93, 0x0, 0xa, 0xe2,
    0x80, 0x19, 0x41, 0xf7, 0xac, 0x82, 0xc0, 0xa,
    0xcf, 0x4, 0x29, 0xc0, 0x24, 0x7, 0x30, 0x4,
    0xaf, 0x20, 0x1, 0x0, 0x1d, 0xfe, 0xd4, 0x28,
    0x6, 0x6c, 0x40, 0x47, 0x9a, 0x0, 0xd0, 0xb,
    0xf7, 0xc, 0xc0, 0x8, 0x44, 0x12, 0x1, 0xa8,
    0x2, 0x10, 0x5, 0x0, 0x4e, 0xc0, 0x1a, 0x1,
    0xbf, 0x7e, 0x10, 0x80, 0x27, 0x92, 0x2, 0x38,
    0xb0, 0x8,

    /* U+0102 "Ă" */
    0x0, 0xdb, 0xe2, 0x13, 0xea, 0x1, 0xfa, 0x83,
    0xb5, 0x85, 0x0, 0x3f, 0x3c, 0x9, 0x26, 0x8,
    0x7, 0xf3, 0xf7, 0xd9, 0x0, 0x7f, 0xa7, 0xfe,
    0x10, 0xf, 0xf3, 0x80, 0x4e, 0x1, 0xfc, 0x62,
    0x4, 0x1a, 0x1, 0xfd, 0x60, 0x56, 0x8, 0x1,
    0xfc, 0xa0, 0xae, 0x0, 0x50, 0xf, 0x88, 0x81,
    0x62, 0x81, 0xe0, 0x1f, 0x50, 0x11, 0x86, 0x82,
    0x80, 0x7c, 0xa0, 0xa0, 0x7, 0x0, 0x28, 0x7,
    0x11, 0x2, 0xc0, 0x2, 0x61, 0xe0, 0x1c, 0xa0,
    0x26, 0x1, 0x58, 0x28, 0x7, 0x58, 0xf, 0xfe,
    0x80, 0x2, 0x0, 0x42, 0x60, 0x1f, 0xda, 0x1,
    0x38, 0xe, 0xef, 0x9c, 0x1c, 0x2, 0xa0, 0x42,
    0x2f, 0x50, 0x9, 0x80, 0x98, 0x70, 0x7, 0x88,
    0x81, 0x40, 0xe0, 0x4, 0x0, 0xf9, 0x41, 0xc0,

    /* U+0103 "ă" */
    0x0, 0x84, 0x80, 0x22, 0x10, 0xe, 0xad, 0x60,
    0x9d, 0x60, 0xe, 0x80, 0x9f, 0x61, 0x60, 0xe,
    0x3c, 0x53, 0x6f, 0x10, 0xf, 0x1d, 0x64, 0x88,
    0x7, 0x9b, 0x3f, 0xdd, 0x46, 0x1, 0xaa, 0x4c,
    0x0, 0x2b, 0x8a, 0x0, 0x65, 0x7, 0xde, 0xb2,
    0xb, 0x0, 0x2b, 0x3c, 0x10, 0xa7, 0x0, 0x90,
    0x1c, 0xc0, 0x12, 0xbc, 0x80, 0x4, 0x0, 0x77,
    0xfb, 0x50, 0xa0, 0x19, 0xb1, 0x1, 0x1e, 0x68,
    0x3, 0x40, 0x2f, 0xdc, 0x33, 0x0, 0x21, 0x10,
    0x48, 0x6, 0xa0, 0x8, 0x40, 0x14, 0x1, 0x3b,
    0x0, 0x68, 0x6, 0xfd, 0xf8, 0x42, 0x0, 0x9e,
    0x48, 0x8, 0xe2, 0xc0, 0x20,

    /* U+0104 "Ą" */
    0x0, 0xe9, 0xff, 0x84, 0x3, 0xfc, 0xe0, 0x13,
    0x80, 0x7f, 0x18, 0x81, 0x6, 0x80, 0x7f, 0x58,
    0x15, 0x82, 0x0, 0x7f, 0x28, 0x2b, 0x80, 0x14,
    0x3, 0xe2, 0x20, 0x58, 0xa0, 0x78, 0x7, 0xd4,
    0x4, 0x61, 0xa0, 0xa0, 0x1f, 0x28, 0x28, 0x1,
    0xc0, 0xa, 0x1, 0xc4, 0x40, 0xb0, 0x0, 0x98,
    0x78, 0x7, 0x28, 0x9, 0x80, 0x56, 0xa, 0x1,
    0xd6, 0x3, 0xff, 0xa0, 0x0, 0x80, 0x10, 0x98,
    0x7, 0xf6, 0x80, 0x4e, 0x3, 0xbb, 0xe7, 0x7,
    0x0, 0xa8, 0x10, 0x8b, 0xd4, 0x2, 0x60, 0x26,
    0x1c, 0x1, 0xe2, 0x20, 0x50, 0x38, 0x1, 0x0,
    0x3e, 0x40, 0x70, 0x6f, 0xf0, 0x7, 0xc8, 0xc3,
    0x60, 0x1f, 0xf5, 0x6, 0xa8, 0x7, 0xf8, 0xc5,
    0x4c, 0x3, 0xfe, 0x20, 0x5c, 0xa0, 0xf, 0xf0,
    0xc8, 0x96, 0x80,

    /* U+0105 "ą" */
    0x0, 0x9b, 0x3f, 0xdd, 0x46, 0x1, 0xaa, 0x4c,
    0x0, 0x2b, 0x8a, 0x0, 0x65, 0x7, 0xde, 0xb2,
    0xb, 0x0, 0x2b, 0x3c, 0x10, 0xa7, 0x0, 0x90,
    0x1c, 0xc0, 0x12, 0xbc, 0x80, 0x4, 0x0, 0x77,
    0xfb, 0x50, 0xa0, 0x19, 0xb1, 0x1, 0x1e, 0x68,
    0x3, 0x40, 0x2f, 0xdc, 0x33, 0x0, 0x21, 0x10,
    0x48, 0x6, 0xa0, 0x8, 0x40, 0x14, 0x1, 0x3b,
    0x0, 0x68, 0x6, 0xfd, 0xf8, 0x42, 0x0, 0x9e,
    0x48, 0x8, 0xe3, 0x88, 0x3, 0x36, 0xff, 0xb1,
    0x28, 0x20, 0xc0, 0x3e, 0xe0, 0xa7, 0x0, 0xf8,
    0x48, 0xd4, 0x3, 0xf0, 0x88, 0xf3, 0x0, 0x1f,
    0xa8, 0x4d, 0x40,

    /* U+0106 "Ć" */
    0x0, 0xfc, 0x39, 0x0, 0x1f, 0xfc, 0x19, 0x3c,
    0x0, 0xff, 0xe0, 0xb1, 0x20, 0x7, 0xff, 0x1,
    0x46, 0x80, 0x3f, 0xf8, 0x2b, 0xee, 0x1, 0xff,
    0xce, 0x39, 0xdf, 0xf7, 0x5a, 0x80, 0x7d, 0x18,
    0xc4, 0x0, 0x14, 0xac, 0x10, 0xd, 0x2e, 0x7,
    0x39, 0xb6, 0xa0, 0x78, 0x1, 0x23, 0x2, 0xe3,
    0x19, 0x25, 0x50, 0xa, 0x0, 0x1e, 0x5, 0x40,
    0x1e, 0x56, 0x7, 0x0, 0x20, 0x50, 0x7, 0xeb,
    0x9d, 0x3, 0x0, 0x20, 0x7, 0xe2, 0x62, 0x6,
    0x0, 0x10, 0x7, 0xff, 0x41, 0x80, 0x4, 0x1,
    0xff, 0xc0, 0x30, 0x2, 0x0, 0x7e, 0x26, 0x20,
    0x2, 0x5, 0x0, 0x7e, 0xb9, 0xd0, 0x7, 0x81,
    0x50, 0x7, 0x95, 0x81, 0xc0, 0x8, 0xc0, 0xb8,
    0xc6, 0x49, 0x54, 0x2, 0x80, 0xa, 0x5c, 0xe,
    0x73, 0x6d, 0x40, 0xf0, 0x3, 0xa3, 0x18, 0x80,
    0x2, 0x95, 0x82, 0x0,

    /* U+0107 "ć" */
    0x0, 0xfa, 0xb0, 0x3, 0xf8, 0x95, 0x80, 0x3f,
    0xac, 0x24, 0x3, 0xf9, 0x88, 0xc0, 0x3f, 0xbf,
    0x40, 0x3f, 0xf8, 0xe7, 0x5d, 0xfe, 0xb5, 0x0,
    0xcd, 0x8a, 0x20, 0x4, 0xa9, 0x0, 0x1c, 0x81,
    0xde, 0xda, 0x3, 0x30, 0x24, 0x7, 0x50, 0x92,
    0xcc, 0x84, 0x14, 0x18, 0x40, 0x36, 0x6b, 0x88,
    0x3, 0x40, 0x3f, 0xf9, 0x2, 0x0, 0xd0, 0xf,
    0xe5, 0x6, 0x10, 0xd, 0x98, 0x60, 0x90, 0x1c,
    0x52, 0x4b, 0x33, 0x80, 0xe4, 0xa, 0xb6, 0xd0,
    0x19, 0x40, 0xd, 0x8a, 0x20, 0x29, 0x72, 0x0,

    /* U+0108 "Ĉ" */
    0x0, 0xf2, 0x7f, 0xa0, 0x3, 0xfe, 0x2b, 0x2,
    0x75, 0x0, 0xff, 0x78, 0x5e, 0xd, 0x10, 0x7,
    0xe4, 0x5a, 0x41, 0xd7, 0x40, 0xf, 0xc9, 0xa,
    0x0, 0x38, 0x60, 0xf, 0xc7, 0x3b, 0xfe, 0xeb,
    0x50, 0xf, 0xa3, 0x18, 0x80, 0x2, 0x95, 0x82,
    0x1, 0xa5, 0xc0, 0xe7, 0x36, 0xd4, 0xf, 0x0,
    0x24, 0x60, 0x5c, 0x63, 0x24, 0xaa, 0x1, 0x40,
    0x3, 0xc0, 0xa8, 0x3, 0xca, 0xc0, 0xe0, 0x4,
    0xa, 0x0, 0xfd, 0x73, 0xa0, 0x60, 0x4, 0x0,
    0xfc, 0x4c, 0x40, 0xc0, 0x2, 0x0, 0xff, 0xe8,
    0x30, 0x0, 0x80, 0x3f, 0xf8, 0x6, 0x0, 0x40,
    0xf, 0xc4, 0xc4, 0x0, 0x40, 0xa0, 0xf, 0xd7,
    0x3a, 0x0, 0xf0, 0x2a, 0x0, 0xf2, 0xb0, 0x38,
    0x1, 0x18, 0x17, 0x18, 0xc9, 0x2a, 0x80, 0x50,
    0x1, 0x4b, 0x81, 0xce, 0x6d, 0xa8, 0x1e, 0x0,
    0x74, 0x63, 0x10, 0x0, 0x52, 0xb0, 0x40, 0x0,

    /* U+0109 "ĉ" */
    0x0, 0xeb, 0xfe, 0x20, 0xf, 0xa1, 0xc, 0x7c,
    0x3, 0xca, 0xe7, 0x90, 0x56, 0x1, 0xc4, 0xfa,
    0xf, 0x6, 0x40, 0x19, 0xe0, 0x40, 0xf, 0x4,
    0x1, 0x8e, 0xbb, 0xfd, 0x6a, 0x1, 0x9b, 0x14,
    0x40, 0x9, 0x52, 0x0, 0x39, 0x3, 0xbd, 0xb4,
    0x6, 0x60, 0x48, 0xe, 0xa1, 0x25, 0x99, 0x8,
    0x28, 0x30, 0x80, 0x6c, 0xd7, 0x10, 0x6, 0x80,
    0x7f, 0xf2, 0x4, 0x1, 0xa0, 0x1f, 0xca, 0xc,
    0x20, 0x1b, 0x30, 0xc1, 0x20, 0x38, 0xa4, 0x96,
    0x67, 0x1, 0xc8, 0x15, 0x6d, 0xa0, 0x32, 0x80,
    0x1b, 0x14, 0x40, 0x52, 0xe4, 0x0,

    /* U+010A "Ċ" */
    0x0, 0xf9, 0x58, 0xc0, 0x3f, 0xf8, 0x35, 0x36,
    0x1, 0xff, 0xd1, 0xff, 0x40, 0x7, 0xff, 0x38,
    0xe7, 0x7f, 0xdd, 0x6a, 0x1, 0xf4, 0x63, 0x10,
    0x0, 0x52, 0xb0, 0x40, 0x34, 0xb8, 0x1c, 0xe6,
    0xda, 0x81, 0xe0, 0x4, 0x8c, 0xb, 0x8c, 0x64,
    0x95, 0x40, 0x28, 0x0, 0x78, 0x15, 0x0, 0x79,
    0x58, 0x1c, 0x0, 0x81, 0x40, 0x1f, 0xae, 0x74,
    0xc, 0x0, 0x80, 0x1f, 0x89, 0x88, 0x18, 0x0,
    0x40, 0x1f, 0xfd, 0x6, 0x0, 0x10, 0x7, 0xff,
    0x0, 0xc0, 0x8, 0x1, 0xf8, 0x98, 0x80, 0x8,
    0x14, 0x1, 0xfa, 0xe7, 0x40, 0x1e, 0x5, 0x40,
    0x1e, 0x56, 0x7, 0x0, 0x23, 0x2, 0xe3, 0x19,
    0x25, 0x50, 0xa, 0x0, 0x29, 0x70, 0x39, 0xcd,
    0xb5, 0x3, 0xc0, 0xe, 0x8c, 0x62, 0x0, 0xa,
    0x56, 0x8, 0x0,

    /* U+010B "ċ" */
    0x0, 0xe4, 0xff, 0x10, 0x7, 0xff, 0x21, 0x66,
    0x44, 0x1, 0xf8, 0x59, 0x80, 0x1f, 0xfc, 0x73,
    0xae, 0xff, 0x5a, 0x80, 0x66, 0xc5, 0x10, 0x2,
    0x54, 0x80, 0xe, 0x40, 0xef, 0x6d, 0x1, 0x98,
    0x12, 0x3, 0xa8, 0x49, 0x66, 0x42, 0xa, 0xc,
    0x20, 0x1b, 0x35, 0xc4, 0x1, 0xa0, 0x1f, 0xfc,
    0x81, 0x0, 0x68, 0x7, 0xf2, 0x83, 0x8, 0x6,
    0xcc, 0x30, 0x48, 0xe, 0x29, 0x25, 0x99, 0xc0,
    0x72, 0x5, 0x5b, 0x68, 0xc, 0xa0, 0x6, 0xc5,
    0x10, 0x14, 0xb9, 0x0,

    /* U+010C "Č" */
    0x0, 0xc5, 0xfc, 0x40, 0xff, 0x60, 0x1f, 0x8a,
    0x87, 0x96, 0xa, 0x80, 0x3f, 0x95, 0xce, 0x83,
    0xc4, 0x3, 0xfd, 0x10, 0x7c, 0x20, 0xf, 0xfe,
    0x3, 0xc1, 0x80, 0x7f, 0x8e, 0x77, 0xfd, 0xd6,
    0xa0, 0x1f, 0x46, 0x31, 0x0, 0x5, 0x2b, 0x4,
    0x3, 0x4b, 0x81, 0xce, 0x6d, 0xa8, 0x1e, 0x0,
    0x48, 0xc0, 0xb8, 0xc6, 0x49, 0x54, 0x2, 0x80,
    0x7, 0x81, 0x50, 0x7, 0x95, 0x81, 0xc0, 0x8,
    0x14, 0x1, 0xfa, 0xe7, 0x40, 0xc0, 0x8, 0x1,
    0xf8, 0x98, 0x81, 0x80, 0x4, 0x1, 0xff, 0xd0,
    0x60, 0x1, 0x0, 0x7f, 0xf0, 0xc, 0x0, 0x80,
    0x1f, 0x89, 0x88, 0x0, 0x81, 0x40, 0x1f, 0xae,
    0x74, 0x1, 0xe0, 0x54, 0x1, 0xe5, 0x60, 0x70,
    0x2, 0x30, 0x2e, 0x31, 0x92, 0x55, 0x0, 0xa0,
    0x2, 0x97, 0x3, 0x9c, 0xdb, 0x50, 0x3c, 0x0,
    0xe8, 0xc6, 0x20, 0x0, 0xa5, 0x60, 0x80, 0x0,

    /* U+010D "č" */
    0x0, 0xb3, 0xd8, 0xb, 0xf8, 0x40, 0x36, 0x8c,
    0xa7, 0x85, 0x8, 0x6, 0x1d, 0xb, 0x29, 0x40,
    0xf, 0x1d, 0xbc, 0xb0, 0x7, 0xe4, 0x86, 0x0,
    0xf8, 0xeb, 0xbf, 0xd6, 0xa0, 0x19, 0xb1, 0x44,
    0x0, 0x95, 0x20, 0x3, 0x90, 0x3b, 0xdb, 0x40,
    0x66, 0x4, 0x80, 0xea, 0x12, 0x59, 0x90, 0x82,
    0x83, 0x8, 0x6, 0xcd, 0x71, 0x0, 0x68, 0x7,
    0xff, 0x20, 0x40, 0x1a, 0x1, 0xfc, 0xa0, 0xc2,
    0x1, 0xb3, 0xc, 0x12, 0x3, 0x8a, 0x49, 0x66,
    0x70, 0x1c, 0x81, 0x56, 0xda, 0x3, 0x28, 0x1,
    0xb1, 0x44, 0x5, 0x2e, 0x40,

    /* U+010E "Ď" */
    0x0, 0x3c, 0x10, 0x1, 0xe0, 0x80, 0x3c, 0x8f,
    0x83, 0x30, 0x24, 0x1, 0xe3, 0xb1, 0xe6, 0x59,
    0x0, 0xfc, 0x96, 0xf1, 0x40, 0x1f, 0xe4, 0x87,
    0x0, 0xf9, 0xff, 0xfd, 0xd6, 0x80, 0x1f, 0xf0,
    0xa5, 0xd0, 0x7, 0xe, 0xee, 0xb4, 0x5, 0x90,
    0xe, 0x22, 0xc9, 0x6c, 0xc, 0x60, 0x1f, 0xe9,
    0x10, 0xa0, 0xf, 0xf9, 0xc1, 0xc0, 0x3f, 0xef,
    0x1, 0x10, 0x7, 0xf8, 0x80, 0x6, 0x1, 0xff,
    0xcc, 0x20, 0x1, 0x80, 0x7f, 0xbc, 0x4, 0x40,
    0x1f, 0xe7, 0x7, 0x0, 0xff, 0x48, 0x85, 0x0,
    0x62, 0x2c, 0x94, 0xc0, 0xe6, 0x1, 0xe, 0xee,
    0xb5, 0x6, 0x80, 0xf, 0xe1, 0x4b, 0x90, 0x8,

    /* U+010F "ď" */
    0x0, 0xfe, 0x7f, 0xd0, 0x3f, 0xf1, 0x80, 0x7f,
    0xf4, 0x89, 0xc0, 0x3f, 0xf8, 0x63, 0x40, 0x40,
    0x12, 0x5f, 0x7e, 0xc7, 0x80, 0x45, 0xac, 0x20,
    0x7, 0xb4, 0x10, 0x27, 0x70, 0x4, 0x5f, 0x20,
    0x3, 0x80, 0x3c, 0xfd, 0x60, 0xf, 0xe8, 0x1,
    0xc3, 0x2, 0x93, 0x0, 0xfc, 0x80, 0xc0, 0x1d,
    0x40, 0x1f, 0x8, 0x3, 0x40, 0x38, 0x80, 0x3f,
    0xf9, 0x82, 0x0, 0xd0, 0xe, 0x20, 0xf, 0xc8,
    0xc, 0x1, 0xd4, 0x1, 0xfa, 0x0, 0x70, 0xc4,
    0xa8, 0xc0, 0x3f, 0x1c, 0x1, 0xe7, 0x6a, 0x88,
    0x7, 0xf3, 0xda, 0x0, 0x9, 0xe8, 0x3, 0xe0,

    /* U+0110 "Đ" */
    0x7, 0xff, 0xf7, 0x5a, 0x0, 0x7f, 0xf0, 0x5,
    0x2e, 0x40, 0x3c, 0x3b, 0xba, 0xd0, 0x1a, 0x0,
    0x3c, 0x45, 0x92, 0xd8, 0x1c, 0x80, 0x3f, 0xe9,
    0x10, 0xb0, 0xf, 0xfe, 0x2, 0x2, 0x0, 0x7f,
    0xf0, 0x30, 0x8, 0x2a, 0x40, 0x77, 0x66, 0x0,
    0x8c, 0x0, 0x2c, 0x20, 0x2, 0x28, 0x40, 0x3e,
    0xc8, 0x1, 0xff, 0x9c, 0x2, 0x30, 0x0, 0x80,
    0x7f, 0xde, 0x4, 0x1, 0xff, 0xc0, 0x70, 0x40,
    0xf, 0xfa, 0x44, 0x2c, 0x3, 0x88, 0xb2, 0x5b,
    0x3, 0x90, 0x6, 0x1d, 0xdd, 0x68, 0xd, 0x0,
    0x1f, 0xe1, 0x5b, 0x90, 0x8,

    /* U+0111 "đ" */
    0x0, 0xfe, 0x7f, 0xd0, 0xf, 0xe5, 0xd9, 0x2,
    0xd3, 0x0, 0xf8, 0x88, 0x20, 0x2, 0x70, 0xf,
    0x9f, 0xe0, 0xb, 0xd0, 0x2, 0x4b, 0xef, 0xd8,
    0xf0, 0xf, 0x3d, 0xa0, 0x81, 0x3b, 0x80, 0x38,
    0xe0, 0xf, 0x3f, 0x58, 0x3, 0xd0, 0x3, 0x86,
    0x5, 0x26, 0x1, 0xc8, 0xc, 0x1, 0xd4, 0x1,
    0x84, 0x1, 0xa0, 0x1c, 0x40, 0x1f, 0xfc, 0x61,
    0x0, 0x68, 0x7, 0x10, 0x7, 0x20, 0x30, 0x7,
    0x50, 0x7, 0x40, 0xe, 0x18, 0x95, 0x18, 0x7,
    0x1c, 0x1, 0xe7, 0x6a, 0x88, 0x7, 0x9e, 0xd0,
    0x0, 0x4f, 0x40, 0x18,

    /* U+0112 "Ē" */
    0x0, 0x1f, 0xff, 0x40, 0x6, 0x12, 0x2e, 0xf0,
    0xc, 0x5b, 0xbc, 0xe0, 0x1f, 0xfc, 0x17, 0xff,
    0xfe, 0xa0, 0xf, 0xfe, 0x9, 0x6e, 0xfd, 0x60,
    0x11, 0x17, 0xc2, 0x1, 0xff, 0xcd, 0x22, 0xf0,
    0x6, 0x2d, 0xdf, 0x28, 0x7, 0xff, 0x8, 0xbf,
    0xfc, 0xa0, 0x1f, 0xfd, 0x92, 0x2f, 0x84, 0x0,
    0x5b, 0xbf, 0x58, 0x7, 0xfc,

    /* U+0113 "ē" */
    0x0, 0xd9, 0x9d, 0x40, 0x1f, 0x19, 0xf3, 0x0,
    0x7d, 0xff, 0xd8, 0x1, 0xff, 0xd4, 0x29, 0xef,
    0xf5, 0xa8, 0x7, 0x2e, 0xb0, 0x80, 0x12, 0xa4,
    0x2, 0x2a, 0x4, 0xcf, 0xe8, 0x6, 0x50, 0x4,
    0x1, 0x59, 0x80, 0xbb, 0x4, 0x80, 0x14, 0x14,
    0x3, 0xa8, 0xc, 0x44, 0x0, 0x7f, 0xfe, 0xc0,
    0x1, 0x0, 0x44, 0x67, 0xf8, 0x44, 0x0, 0x5c,
    0xcf, 0xc4, 0xa, 0xc, 0x20, 0x19, 0xa9, 0x40,
    0x12, 0x3, 0x8a, 0x47, 0x12, 0xbe, 0x0, 0x3a,
    0x2, 0xad, 0xc7, 0x3, 0xa0, 0x9, 0x75, 0x84,
    0x0, 0x73, 0x80, 0x0,

    /* U+0116 "Ė" */
    0x0, 0xc6, 0xca, 0x1, 0xfa, 0xa6, 0x0, 0x3f,
    0xf8, 0xf3, 0xfa, 0x1, 0xff, 0xc3, 0x7f, 0xff,
    0xea, 0x0, 0xff, 0xe0, 0x96, 0xef, 0xd6, 0x1,
    0x11, 0x7c, 0x20, 0x1f, 0xfc, 0xd2, 0x2f, 0x0,
    0x62, 0xdd, 0xf2, 0x80, 0x7f, 0xf0, 0x8b, 0xff,
    0xca, 0x1, 0xff, 0xd9, 0x22, 0xf8, 0x40, 0x5,
    0xbb, 0xf5, 0x80, 0x7f, 0xc0,

    /* U+0117 "ė" */
    0x0, 0xe8, 0xff, 0x0, 0x7f, 0xf2, 0xee, 0x68,
    0x3, 0xfc, 0x6c, 0xa0, 0x1f, 0xfc, 0x92, 0x9e,
    0xff, 0x5a, 0x80, 0x72, 0xeb, 0x8, 0x1, 0x2a,
    0x40, 0x22, 0xa0, 0x4c, 0xfe, 0x80, 0x65, 0x0,
    0x40, 0x15, 0x98, 0xb, 0xb0, 0x48, 0x1, 0x41,
    0x40, 0x3a, 0x80, 0xc4, 0x40, 0x7, 0xff, 0xec,
    0x0, 0x10, 0x4, 0x46, 0x7f, 0x84, 0x40, 0x5,
    0xcc, 0xfc, 0x40, 0xa0, 0xc2, 0x1, 0x9a, 0x94,
    0x1, 0x20, 0x38, 0xa4, 0x71, 0x2b, 0xe0, 0x3,
    0xa0, 0x2a, 0xdc, 0x70, 0x3a, 0x0, 0x97, 0x58,
    0x40, 0x7, 0x38, 0x0,

    /* U+0118 "Ę" */
    0x7f, 0xff, 0xea, 0x0, 0xff, 0xe0, 0x96, 0xef,
    0xd6, 0x1, 0x11, 0x7c, 0x20, 0x1f, 0xfc, 0xd2,
    0x2f, 0x0, 0x62, 0xdd, 0xf2, 0x80, 0x7f, 0xf0,
    0x8b, 0xff, 0xca, 0x1, 0xff, 0xd9, 0x22, 0xf8,
    0x40, 0x5, 0xbb, 0xf5, 0x80, 0x7f, 0xcf, 0xff,
    0xe6, 0x3, 0x80, 0xf, 0x23, 0x26, 0x10, 0x7,
    0xb4, 0x3c, 0x3, 0xf7, 0x4, 0xf2, 0x0, 0x79,
    0xd4, 0x88, 0xe0,

    /* U+0119 "ę" */
    0x0, 0x8a, 0x7b, 0xfd, 0x6a, 0x1, 0xcb, 0xac,
    0x20, 0x4, 0xa9, 0x0, 0x8a, 0x81, 0x33, 0xfa,
    0x1, 0x94, 0x1, 0x0, 0x56, 0x60, 0x2e, 0xc1,
    0x20, 0x5, 0x5, 0x0, 0xea, 0x3, 0x11, 0x0,
    0x1f, 0xff, 0xb0, 0x0, 0x40, 0x11, 0x19, 0xfe,
    0x11, 0x0, 0x17, 0x33, 0xf1, 0x2, 0x83, 0x8,
    0x6, 0x6a, 0x50, 0x4, 0x80, 0xe2, 0x91, 0xc4,
    0xaf, 0x0, 0xe, 0x80, 0xab, 0x71, 0xc0, 0x68,
    0x2, 0x5d, 0x61, 0x0, 0xd6, 0x20, 0x18, 0xa7,
    0xbe, 0xc1, 0x54, 0x1, 0xfd, 0x1, 0x0, 0x1f,
    0xe2, 0x12, 0x10, 0xf, 0xe5, 0x1f, 0xe1, 0x0,
    0xfd, 0x4a, 0x4e, 0x20,

    /* U+011A "Ě" */
    0x0, 0x3c, 0x10, 0x1, 0xe0, 0x80, 0x23, 0x7f,
    0x19, 0x80, 0x20, 0x9, 0x2c, 0xbd, 0x99, 0x0,
    0x1c, 0x96, 0xd1, 0x20, 0x1f, 0x24, 0x38, 0x6,
    0x7f, 0xff, 0xea, 0x0, 0xff, 0xe0, 0x96, 0xef,
    0xd6, 0x1, 0x11, 0x7c, 0x20, 0x1f, 0xfc, 0xd2,
    0x2f, 0x0, 0x62, 0xdd, 0xf2, 0x80, 0x7f, 0xf0,
    0x8b, 0xff, 0xca, 0x1, 0xff, 0xd9, 0x22, 0xf8,
    0x40, 0x5, 0xbb, 0xf5, 0x80, 0x7f, 0xc0,

    /* U+011B "ě" */
    0x0, 0xb3, 0xd8, 0xb, 0xfc, 0x40, 0x1d, 0xa3,
    0x29, 0xe1, 0x64, 0x1, 0xc3, 0x81, 0x65, 0x8,
    0x1, 0xf1, 0x5b, 0xcb, 0x80, 0x7f, 0x24, 0x30,
    0x7, 0xe2, 0x9e, 0xff, 0x5a, 0x80, 0x72, 0xeb,
    0x8, 0x1, 0x2a, 0x40, 0x22, 0xa0, 0x4c, 0xfe,
    0x80, 0x65, 0x0, 0x40, 0x15, 0x98, 0xb, 0xb0,
    0x48, 0x1, 0x41, 0x40, 0x3a, 0x80, 0xc4, 0x40,
    0x7, 0xff, 0xec, 0x0, 0x10, 0x4, 0x46, 0x7f,
    0x84, 0x40, 0x5, 0xcc, 0xfc, 0x40, 0xa0, 0xc2,
    0x1, 0x9a, 0x94, 0x1, 0x20, 0x38, 0xa4, 0x71,
    0x2b, 0xe0, 0x3, 0xa0, 0x2a, 0xdc, 0x70, 0x3a,
    0x0, 0x97, 0x58, 0x40, 0x7, 0x38, 0x0,

    /* U+011C "Ĝ" */
    0x0, 0xf4, 0x7f, 0x90, 0x3, 0xfe, 0x57, 0x21,
    0xb2, 0x0, 0xfe, 0x2a, 0x1c, 0xa0, 0xf1, 0x0,
    0xfc, 0x8f, 0xa2, 0x94, 0xaa, 0x0, 0xfc, 0xd0,
    0x60, 0x5, 0x84, 0x0, 0xfc, 0x73, 0xbf, 0xee,
    0xb5, 0x0, 0xfa, 0x31, 0x88, 0x0, 0x29, 0x58,
    0x20, 0x1a, 0x5c, 0xe, 0x73, 0x6d, 0x0, 0xf4,
    0x2, 0x46, 0x5, 0xc6, 0x32, 0x4b, 0x80, 0x35,
    0x0, 0x78, 0x15, 0x0, 0x79, 0xd5, 0xc, 0x5,
    0x2, 0x80, 0x3f, 0x55, 0xb0, 0x10, 0x1, 0x0,
    0x3f, 0xf8, 0xc, 0x0, 0x10, 0xe, 0x4d, 0xde,
    0x20, 0xf, 0xe1, 0x22, 0xe1, 0x60, 0x0, 0x80,
    0x72, 0xff, 0xa8, 0x0, 0x26, 0x0, 0x40, 0xf,
    0xda, 0x0, 0x20, 0x40, 0xa0, 0xf, 0xcc, 0xa,
    0x0, 0xf0, 0x29, 0x0, 0xf4, 0x88, 0x48, 0x1,
    0x18, 0x1b, 0x14, 0x88, 0xb6, 0xc0, 0xe6, 0x1,
    0x4b, 0x81, 0xd6, 0xea, 0x90, 0x1e, 0x0, 0x3a,
    0x31, 0x88, 0x0, 0x2b, 0x90, 0x1, 0x0,

    /* U+011D "ĝ" */
    0x0, 0xec, 0xfe, 0x20, 0xf, 0xac, 0xdc, 0x30,
    0x80, 0x3a, 0x92, 0x21, 0xa3, 0x84, 0x1, 0xab,
    0xdc, 0xf, 0xf8, 0x80, 0x3f, 0xf8, 0x89, 0x7d,
    0xfb, 0x9, 0xfa, 0x0, 0x7b, 0x41, 0x2, 0x7b,
    0x0, 0x8e, 0x0, 0xf3, 0xf5, 0x80, 0x34, 0x0,
    0xe1, 0x81, 0x49, 0x80, 0x48, 0xc, 0x1, 0xd4,
    0x0, 0x10, 0x6, 0x80, 0x71, 0x0, 0x7f, 0xf0,
    0x84, 0x1, 0xa0, 0x1c, 0x40, 0x12, 0x3, 0x0,
    0x75, 0x0, 0x50, 0x3, 0x86, 0x25, 0x46, 0x1,
    0x1c, 0x1, 0xe7, 0x6a, 0x80, 0x73, 0xda, 0x0,
    0x9, 0xdc, 0x1, 0xc9, 0x7f, 0xed, 0x80, 0x0,
    0x80, 0x4a, 0x1, 0xca, 0xe, 0x3, 0xb5, 0x8a,
    0x49, 0x64, 0x1c, 0x3, 0x40, 0x75, 0xb6, 0x80,
    0xaa, 0x0, 0x3e, 0x28, 0x80, 0xa4, 0xd0, 0x0,

    /* U+011E "Ğ" */
    0x0, 0xe8, 0x60, 0x2, 0x40, 0x80, 0x7f, 0x34,
    0x98, 0xd3, 0x80, 0x7f, 0xa0, 0x33, 0x85, 0x84,
    0x3, 0xf9, 0xa9, 0xe, 0x64, 0x1, 0xff, 0x2d,
    0xe3, 0x0, 0x7f, 0x8e, 0x77, 0xfd, 0xd6, 0xa0,
    0x1f, 0x46, 0x31, 0x0, 0x5, 0x2b, 0x4, 0x3,
    0x4b, 0x81, 0xce, 0x6d, 0xa0, 0x1e, 0x80, 0x48,
    0xc0, 0xb8, 0xc6, 0x49, 0x70, 0x6, 0xa0, 0xf,
    0x2, 0xa0, 0xf, 0x3a, 0xa1, 0x80, 0xa0, 0x50,
    0x7, 0xea, 0xb6, 0x2, 0x0, 0x20, 0x7, 0xff,
    0x1, 0x80, 0x2, 0x1, 0xc9, 0xbb, 0xc4, 0x1,
    0xfc, 0x24, 0x5c, 0x2c, 0x0, 0x10, 0xe, 0x5f,
    0xf5, 0x0, 0x4, 0xc0, 0x8, 0x1, 0xfb, 0x40,
    0x4, 0x8, 0x14, 0x1, 0xf9, 0x81, 0x40, 0x1e,
    0x5, 0x20, 0x1e, 0x91, 0x9, 0x0, 0x23, 0x3,
    0x62, 0x91, 0x16, 0xd8, 0x1c, 0xc0, 0x29, 0x70,
    0x3a, 0xdd, 0x52, 0x3, 0xc0, 0x7, 0x46, 0x31,
    0x0, 0x5, 0x72, 0x0, 0x20,

    /* U+011F "ğ" */
    0x0, 0xce, 0xe0, 0x1, 0xc1, 0x80, 0x76, 0x42,
    0x8f, 0xbb, 0x80, 0x3a, 0x2, 0xb8, 0xcc, 0x80,
    0x1c, 0x78, 0xa6, 0xf8, 0x1, 0xf1, 0xd6, 0x40,
    0x7, 0x92, 0xfb, 0xf6, 0x13, 0xf4, 0x0, 0xf6,
    0x82, 0x4, 0xf6, 0x1, 0x1c, 0x1, 0xe7, 0xeb,
    0x0, 0x68, 0x1, 0xc3, 0x2, 0x93, 0x0, 0x90,
    0x18, 0x3, 0xa8, 0x0, 0x20, 0xd, 0x0, 0xe2,
    0x0, 0xff, 0xe1, 0x8, 0x3, 0x40, 0x38, 0x80,
    0x24, 0x6, 0x0, 0xea, 0x0, 0xa0, 0x7, 0xc,
    0x4a, 0x8c, 0x2, 0x38, 0x3, 0xce, 0xd5, 0x0,
    0xe7, 0xb4, 0x0, 0x13, 0xb8, 0x3, 0x92, 0xff,
    0xdb, 0x0, 0x1, 0x0, 0x94, 0x3, 0x94, 0x1c,
    0x7, 0x6b, 0x14, 0x92, 0xc8, 0x38, 0x6, 0x80,
    0xeb, 0x6d, 0x1, 0x54, 0x0, 0x7c, 0x51, 0x1,
    0x49, 0xa0,

    /* U+0120 "Ġ" */
    0x0, 0xf9, 0x98, 0x40, 0x1f, 0xfc, 0x19, 0x92,
    0x80, 0x7f, 0xf4, 0x7f, 0xce, 0x1, 0xff, 0xce,
    0x39, 0xdf, 0xf7, 0x5a, 0x80, 0x7d, 0x18, 0xc4,
    0x0, 0x14, 0xac, 0x10, 0xd, 0x2e, 0x7, 0x39,
    0xb6, 0x80, 0x7a, 0x1, 0x23, 0x2, 0xe3, 0x19,
    0x25, 0xc0, 0x1a, 0x80, 0x3c, 0xa, 0x80, 0x3c,
    0xea, 0x86, 0x2, 0x81, 0x40, 0x1f, 0xaa, 0xd8,
    0x8, 0x0, 0x80, 0x1f, 0xfc, 0x6, 0x0, 0x8,
    0x7, 0x26, 0xef, 0x10, 0x7, 0xf0, 0x91, 0x70,
    0xb0, 0x0, 0x40, 0x39, 0x7f, 0xd4, 0x0, 0x13,
    0x0, 0x20, 0x7, 0xed, 0x0, 0x10, 0x20, 0x50,
    0x7, 0xe6, 0x5, 0x0, 0x78, 0x14, 0x80, 0x7a,
    0x44, 0x24, 0x0, 0x8c, 0xd, 0x8a, 0x44, 0x5b,
    0x60, 0x73, 0x0, 0xa5, 0xc0, 0xeb, 0x75, 0x48,
    0xf, 0x0, 0x1d, 0x18, 0xc4, 0x0, 0x15, 0xc8,
    0x0, 0x80,

    /* U+0121 "ġ" */
    0x0, 0xe1, 0xff, 0x30, 0x7, 0xff, 0x20, 0x66,
    0x48, 0x1, 0xfc, 0xcc, 0x20, 0xf, 0xfe, 0x32,
    0x5f, 0x7e, 0xc2, 0x7e, 0x80, 0x1e, 0xd0, 0x40,
    0x9e, 0xc0, 0x23, 0x80, 0x3c, 0xfd, 0x60, 0xd,
    0x0, 0x38, 0x60, 0x52, 0x60, 0x12, 0x3, 0x0,
    0x75, 0x0, 0x4, 0x1, 0xa0, 0x1c, 0x40, 0x1f,
    0xfc, 0x21, 0x0, 0x68, 0x7, 0x10, 0x4, 0x80,
    0xc0, 0x1d, 0x40, 0x14, 0x0, 0xe1, 0x89, 0x51,
    0x80, 0x47, 0x0, 0x79, 0xda, 0xa0, 0x1c, 0xf6,
    0x80, 0x2, 0x77, 0x0, 0x72, 0x5f, 0xfb, 0x60,
    0x0, 0x20, 0x12, 0x80, 0x72, 0x83, 0x80, 0xed,
    0x62, 0x92, 0x59, 0x7, 0x0, 0xd0, 0x1d, 0x6d,
    0xa0, 0x2a, 0x80, 0xf, 0x8a, 0x20, 0x29, 0x34,
    0x0,

    /* U+0122 "Ģ" */
    0x0, 0xc7, 0x3b, 0xfe, 0xeb, 0x50, 0xf, 0xa3,
    0x18, 0x80, 0x2, 0x95, 0x82, 0x1, 0xa5, 0xc0,
    0xe7, 0x36, 0xd0, 0xf, 0x40, 0x24, 0x60, 0x5c,
    0x63, 0x24, 0xb8, 0x3, 0x50, 0x7, 0x81, 0x50,
    0x7, 0x9d, 0x50, 0xc0, 0x50, 0x28, 0x3, 0xf5,
    0x5b, 0x1, 0x0, 0x10, 0x3, 0xff, 0x80, 0xc0,
    0x1, 0x0, 0xe4, 0xdd, 0xe2, 0x0, 0xfe, 0x12,
    0x2e, 0x16, 0x0, 0x8, 0x7, 0x2f, 0xfa, 0x80,
    0x2, 0x60, 0x4, 0x0, 0xfd, 0xa0, 0x2, 0x4,
    0xa, 0x0, 0xfc, 0xc0, 0xa0, 0xf, 0x2, 0x90,
    0xf, 0x48, 0x84, 0x80, 0x11, 0x81, 0xb1, 0x48,
    0x8b, 0x6c, 0xe, 0x60, 0x14, 0xb8, 0x1d, 0x6e,
    0xa9, 0x1, 0xe0, 0x3, 0xa3, 0x18, 0x80, 0x2,
    0xb9, 0x0, 0x1f, 0x1c, 0xef, 0xfb, 0xa8, 0xc0,
    0x3f, 0xe3, 0x42, 0x0, 0xff, 0xe0, 0xf5, 0xa8,
    0x7, 0xff, 0x47, 0x4c, 0x80, 0x3f, 0xf8, 0x38,
    0xaa, 0x0, 0xf0,

    /* U+0123 "ģ" */
    0x0, 0xf3, 0xf0, 0x7, 0xf1, 0x4f, 0x80, 0x7f,
    0x30, 0xf0, 0x7, 0xff, 0x25, 0x6e, 0xc0, 0x1f,
    0xc2, 0x88, 0x0, 0xff, 0xe3, 0xa5, 0xf7, 0xec,
    0x27, 0xe8, 0x1, 0xed, 0x4, 0x9, 0xec, 0x2,
    0x38, 0x3, 0xcf, 0xd6, 0x0, 0xd0, 0x3, 0x86,
    0x5, 0x26, 0x1, 0x20, 0x30, 0x7, 0x50, 0x0,
    0x40, 0x1a, 0x1, 0xc4, 0x1, 0xff, 0xc2, 0x10,
    0x6, 0x80, 0x71, 0x0, 0x48, 0xc, 0x1, 0xd4,
    0x1, 0x40, 0xe, 0x18, 0x95, 0x18, 0x4, 0x70,
    0x7, 0x9d, 0xaa, 0x1, 0xcf, 0x68, 0x0, 0x27,
    0x70, 0x7, 0x25, 0xff, 0xb6, 0x0, 0x2, 0x1,
    0x28, 0x7, 0x28, 0x38, 0xe, 0xd6, 0x29, 0x25,
    0x90, 0x70, 0xd, 0x1, 0xd6, 0xda, 0x2, 0xa8,
    0x0, 0xf8, 0xa2, 0x2, 0x93, 0x40,

    /* U+0124 "Ĥ" */
    0x0, 0xe3, 0x87, 0x0, 0xff, 0x1e, 0x3c, 0x58,
    0x7, 0xe2, 0xd1, 0xd7, 0x4a, 0x0, 0xf9, 0x1b,
    0x4a, 0x24, 0x8c, 0x3, 0xcd, 0x6, 0x0, 0x68,
    0x30, 0x9, 0xff, 0x40, 0x3e, 0x3f, 0xf0, 0x80,
    0x7f, 0xff, 0xc0, 0x3f, 0xe2, 0xff, 0xfb, 0x0,
    0x3f, 0xf8, 0xe5, 0xbb, 0xf5, 0x0, 0x78, 0x8b,
    0xe6, 0x0, 0xff, 0xfe, 0x80,

    /* U+0125 "ĥ" */
    0x0, 0x96, 0x18, 0x3, 0xfe, 0x6a, 0x79, 0x70,
    0xf, 0xe5, 0x93, 0xe4, 0x86, 0x0, 0xfc, 0x51,
    0xa3, 0x70, 0x22, 0x0, 0xf9, 0xdc, 0x20, 0x7,
    0x70, 0x80, 0x7f, 0x3f, 0xc8, 0x7, 0xff, 0xc0,
    0xab, 0xbf, 0xa8, 0x40, 0x3e, 0x5d, 0x51, 0x1,
    0x5f, 0x10, 0xf, 0x18, 0x46, 0xe3, 0x0, 0xc0,
    0x7, 0xd2, 0xe4, 0x72, 0x80, 0xc0, 0x1f, 0x30,
    0x6, 0xe0, 0x1, 0x0, 0x7f, 0xce, 0x0, 0x10,
    0xe, 0x20, 0xf, 0xff, 0xf8, 0x7, 0xf0,

    /* U+0126 "Ħ" */
    0x3, 0xff, 0x8, 0x7, 0xdf, 0xe4, 0x0, 0xff,
    0xea, 0xe6, 0x0, 0x1d, 0xff, 0xf0, 0x2, 0xf4,
    0x3, 0xff, 0x89, 0xb4, 0x0, 0xcd, 0xdf, 0x80,
    0x13, 0x82, 0xc0, 0x2, 0x2f, 0xc0, 0x2, 0x10,
    0xd, 0xdf, 0xff, 0x0, 0x7f, 0xf3, 0x37, 0x7f,
    0x0, 0x7e, 0x32, 0x2f, 0x80, 0x3f, 0xff, 0xe0,
    0x1f, 0xc0,

    /* U+0127 "ħ" */
    0x7, 0xf9, 0x0, 0xfe, 0x99, 0x3, 0xee, 0x80,
    0x3e, 0x21, 0x1, 0x22, 0x0, 0x7d, 0x70, 0xd,
    0xfe, 0x0, 0xff, 0x8a, 0xbb, 0xfa, 0x84, 0x3,
    0x97, 0x54, 0x40, 0x57, 0xc4, 0x3, 0x18, 0x46,
    0xe3, 0x0, 0xc0, 0x7, 0x4b, 0x91, 0xca, 0x3,
    0x0, 0x73, 0x0, 0x6e, 0x0, 0x10, 0x7, 0xf3,
    0x80, 0x4, 0x2, 0x20, 0xf, 0xff, 0xf0,

    /* U+0128 "Ĩ" */
    0x19, 0xa3, 0x0, 0x52, 0xdb, 0x2e, 0x38, 0xae,
    0x31, 0x73, 0x47, 0x7, 0xef, 0x8c, 0xda, 0xc3,
    0x9, 0x0, 0x12, 0x9c, 0x2, 0x3f, 0xf0, 0x80,
    0x7f, 0xff, 0xc0, 0x3f, 0xfc, 0x60,

    /* U+0129 "ĩ" */
    0x19, 0xa7, 0x30, 0xa6, 0xb6, 0x58, 0xcf, 0x5e,
    0x62, 0xfb, 0x75, 0x78, 0xdf, 0x4, 0x8a, 0x80,
    0x12, 0x0, 0xfc, 0x7f, 0xe1, 0x0, 0xff, 0xff,
    0x80, 0x7f, 0xf0, 0xc0,

    /* U+012A "Ī" */
    0xff, 0xec, 0x32, 0x2c, 0xd9, 0xbb, 0xa8, 0x3,
    0xe3, 0xff, 0x8, 0x7, 0xff, 0xfc, 0x3, 0xff,
    0x88,

    /* U+012B "ī" */
    0xff, 0xec, 0x33, 0xe5, 0xcc, 0xe9, 0x0, 0xf8,
    0xff, 0xc2, 0x1, 0xff, 0xf7,

    /* U+012E "Į" */
    0x0, 0x1f, 0xf8, 0x40, 0x3f, 0xff, 0xe0, 0x1f,
    0xf3, 0x0, 0x64, 0xa0, 0xa1, 0xa, 0xc, 0x50,
    0x31, 0x53, 0x0, 0x10, 0x2e, 0x58, 0xd, 0x9,
    0x60, 0x0,

    /* U+012F "į" */
    0x0, 0x1f, 0xf8, 0x40, 0x3f, 0x1e, 0x60, 0x40,
    0x23, 0x30, 0x4, 0x7f, 0xe1, 0x0, 0xff, 0xf9,
    0x30, 0x6, 0x4a, 0xa, 0x10, 0xa0, 0xc5, 0x3,
    0x15, 0x30, 0x1, 0x2, 0xe5, 0x80, 0xd0, 0x96,
    0x0,

    /* U+0130 "İ" */
    0x16, 0x60, 0x24, 0xc8, 0x80, 0x32, 0xff, 0x88,
    0x3, 0x1f, 0xf8, 0x40, 0x3f, 0xfe, 0x0,

    /* U+0131 "ı" */
    0x3f, 0xf0, 0x80, 0x7f, 0xf8, 0x0,

    /* U+0134 "Ĵ" */
    0x0, 0xf4, 0xff, 0x8c, 0x3, 0xe6, 0x61, 0x86,
    0x88, 0x7, 0x24, 0x96, 0xd0, 0xe8, 0x7, 0x13,
    0xf8, 0xac, 0xa1, 0x80, 0x66, 0x82, 0x0, 0x34,
    0x18, 0x7, 0x97, 0xfc, 0x1, 0xff, 0xff, 0x0,
    0xff, 0xf5, 0x18, 0x7, 0x3d, 0xb0, 0x5, 0xc0,
    0x20, 0x16, 0xa4, 0xb1, 0x33, 0x82, 0x0, 0x56,
    0x41, 0x3b, 0x20, 0x36, 0x1, 0xe, 0x30, 0x80,
    0xb7, 0x88, 0x4,

    /* U+0135 "ĵ" */
    0x0, 0x17, 0xfa, 0x80, 0x30, 0xf8, 0x1a, 0xb8,
    0x5, 0x45, 0x38, 0x50, 0x80, 0x47, 0x2c, 0x1e,
    0xe6, 0x5, 0xc, 0x0, 0x28, 0x70, 0xd, 0xbe,
    0xe0, 0x1f, 0xff, 0xf0, 0xf, 0xfe, 0xd9, 0x80,
    0x78, 0x9c, 0x40, 0x40, 0x23, 0xd8, 0x0, 0x20,
    0x7, 0x8a, 0x88, 0x2,

    /* U+0136 "Ķ" */
    0x7f, 0xd0, 0xe, 0x1e, 0xfd, 0x10, 0xf, 0xda,
    0x22, 0xc1, 0x0, 0xfa, 0xcc, 0x70, 0x40, 0x3e,
    0xa4, 0xd, 0x20, 0xf, 0xa1, 0x42, 0xcc, 0x3,
    0xe6, 0x70, 0x94, 0x0, 0xf9, 0x24, 0x1d, 0x80,
    0x3e, 0x2b, 0x5, 0x80, 0xf, 0xc2, 0x20, 0x71,
    0x0, 0xfc, 0x78, 0x25, 0x82, 0x1, 0xf8, 0xb4,
    0xb, 0x40, 0x3f, 0x8e, 0xc0, 0xec, 0x3, 0xf9,
    0x28, 0x12, 0x80, 0x3f, 0x96, 0x41, 0x60, 0x3,
    0xf9, 0xa0, 0x1d, 0xc0, 0x1f, 0xce, 0xe0, 0x86,
    0x7f, 0xd0, 0xf, 0x47, 0xf9, 0x80, 0x3f, 0xf8,
    0xd9, 0xf0, 0x1, 0xff, 0xcb, 0xf4, 0x0, 0xff,
    0xad, 0x2c, 0x3, 0xfd, 0xba, 0x30, 0xe,

    /* U+0137 "ķ" */
    0x7f, 0xe0, 0xf, 0xff, 0x26, 0xff, 0x10, 0x7,
    0xa8, 0x82, 0x88, 0x3, 0x9d, 0x42, 0x50, 0x3,
    0x92, 0x1, 0x98, 0x1, 0xc5, 0x60, 0x72, 0x1,
    0xef, 0x2, 0xd0, 0xf, 0xe3, 0x0, 0xfd, 0x82,
    0x2c, 0x10, 0xf, 0xe, 0x81, 0x68, 0x7, 0xc7,
    0x60, 0x76, 0x1, 0xf2, 0x40, 0x24, 0x80, 0x7c,
    0xec, 0xd, 0xf, 0xfc, 0x1, 0xa7, 0xfd, 0x0,
    0x1f, 0xfc, 0x3c, 0xf8, 0x0, 0xff, 0xe3, 0xfa,
    0x0, 0x7f, 0x5a, 0x58, 0x7, 0xed, 0xd1, 0x80,
    0x60,

    /* U+0139 "Ĺ" */
    0x0, 0x4f, 0x98, 0x7, 0xe6, 0x33, 0x0, 0x7c,
    0xc1, 0x40, 0x1f, 0xbc, 0xd8, 0x3, 0xf4, 0xe0,
    0x7, 0xe3, 0xff, 0x8, 0x7, 0xff, 0xfc, 0x3,
    0xff, 0xee, 0x64, 0x5e, 0x0, 0xdb, 0xbf, 0x18,
    0x7, 0xfc,

    /* U+013A "ĺ" */
    0x0, 0x4f, 0x98, 0x1, 0x8c, 0xc0, 0xc1, 0x40,
    0xf, 0x36, 0x0, 0x4e, 0x0, 0xf, 0xfc, 0x20,
    0x1f, 0xff, 0xf0,

    /* U+013B "Ļ" */
    0x3f, 0xf0, 0x80, 0x7f, 0xff, 0xc0, 0x3f, 0xfe,
    0xe6, 0x45, 0xe0, 0xd, 0xbb, 0xf1, 0x80, 0x7f,
    0xc7, 0xff, 0xfc, 0x60, 0x1f, 0xfc, 0x3a, 0xfa,
    0x0, 0xff, 0xe3, 0xcb, 0x0, 0x7f, 0x23, 0x70,
    0x7, 0xe2, 0xc4, 0x0, 0xc0,

    /* U+013C "ļ" */
    0x3f, 0xf0, 0x80, 0x7f, 0xfc, 0xf, 0xfc, 0x20,
    0x19, 0x3f, 0xc2, 0x1, 0x96, 0x80, 0x4e, 0x10,
    0xe, 0xec, 0x0,

    /* U+013D "Ľ" */
    0x3f, 0xf0, 0x80, 0x37, 0xe4, 0x3, 0xff, 0x8f,
    0x44, 0x20, 0x1f, 0x9c, 0x7c, 0x3, 0xf6, 0xb,
    0x0, 0x7e, 0xcd, 0x10, 0xf, 0xff, 0xf8, 0x7,
    0xc6, 0x45, 0xe0, 0xd, 0xbb, 0xf1, 0x80, 0x7f,
    0xc0,

    /* U+013E "ľ" */
    0x3f, 0xf0, 0x97, 0xf9, 0x0, 0x3f, 0xf8, 0x6,
    0xc0, 0x1e, 0x18, 0x7, 0x0, 0xc3, 0xca, 0x60,
    0x18, 0x7e, 0x80, 0x3f, 0xff, 0xe0, 0x1e,

    /* U+0141 "Ł" */
    0x0, 0x7f, 0x94, 0x3, 0xff, 0xe4, 0xe0, 0x1f,
    0xc9, 0xb0, 0x1, 0xfa, 0xec, 0x42, 0x1, 0xf8,
    0x41, 0x7c, 0x3, 0x17, 0x0, 0xb, 0x28, 0x40,
    0x30, 0x88, 0x1, 0x6, 0x1, 0xf3, 0x0, 0x7f,
    0x8e, 0x40, 0x3f, 0xf8, 0x44, 0x5f, 0x8, 0x6,
    0x8d, 0xdf, 0x48, 0x7, 0xff, 0x0,

    /* U+0142 "ł" */
    0x0, 0xb7, 0xdc, 0x3, 0xff, 0xaa, 0x20, 0x1e,
    0x7c, 0x0, 0xe8, 0x81, 0x80, 0xc, 0x80, 0x3,
    0x3, 0x58, 0x0, 0x4f, 0x64, 0x50, 0xb, 0x4,
    0x0, 0x56, 0x40, 0x19, 0x75, 0x0, 0x3f, 0xfb,
    0x20,

    /* U+0143 "Ń" */
    0x0, 0xfa, 0x7c, 0xc0, 0x3f, 0xcc, 0x66, 0x0,
    0xfe, 0x60, 0xa0, 0xf, 0xf7, 0x9b, 0x0, 0x7f,
    0xa7, 0x0, 0x39, 0xff, 0xc6, 0x1, 0xe5, 0xff,
    0x0, 0x5c, 0x1, 0xff, 0xc0, 0x28, 0x0, 0xff,
    0xe0, 0x39, 0x80, 0x7f, 0x9, 0x7, 0x80, 0x7f,
    0xb8, 0xd, 0xc0, 0x3f, 0x8d, 0xc2, 0x8, 0x3,
    0xfa, 0x8, 0x38, 0x3, 0xfd, 0xc0, 0x6e, 0x1,
    0xfc, 0x6c, 0x10, 0x40, 0x1f, 0xd2, 0x21, 0xc0,
    0x1f, 0xea, 0x3, 0xe0, 0xf, 0xe4, 0x60, 0x40,
    0xf, 0xf4, 0x8, 0x7, 0xfc, 0x36, 0x1, 0xff,
    0xc0, 0x55, 0x0, 0x0,

    /* U+0144 "ń" */
    0x0, 0xf4, 0xf9, 0x80, 0x7e, 0x16, 0x33, 0x0,
    0x7e, 0x60, 0x90, 0xf, 0xed, 0x35, 0x0, 0xfe,
    0xac, 0x0, 0xe7, 0xf9, 0x2a, 0xef, 0xea, 0x10,
    0xc, 0xba, 0xa2, 0x2, 0xbe, 0x20, 0x11, 0x84,
    0x6e, 0x30, 0xc, 0x0, 0x69, 0x72, 0x39, 0x40,
    0x60, 0xc, 0xc0, 0x1b, 0x80, 0x4, 0x1, 0xf9,
    0xc0, 0x2, 0x0, 0x20, 0xf, 0xff, 0xc8,

    /* U+0145 "Ņ" */
    0x7f, 0xf1, 0x80, 0x79, 0x7f, 0xc0, 0x17, 0x0,
    0x7f, 0xf0, 0xa, 0x0, 0x3f, 0xf8, 0xe, 0x60,
    0x1f, 0xc2, 0x41, 0xe0, 0x1f, 0xee, 0x3, 0x70,
    0xf, 0xe3, 0x70, 0x82, 0x0, 0xfe, 0x82, 0xe,
    0x0, 0xff, 0x70, 0x1b, 0x80, 0x7f, 0x1b, 0x4,
    0x10, 0x7, 0xf4, 0x88, 0x70, 0x7, 0xfa, 0x80,
    0xf8, 0x3, 0xf9, 0x18, 0x10, 0x3, 0xfd, 0x2,
    0x1, 0xff, 0xd, 0x80, 0x7f, 0xf0, 0x15, 0x40,
    0x7, 0xfe, 0x0, 0xfa, 0xbf, 0xc0, 0x1f, 0xfc,
    0x62, 0xff, 0x10, 0x7, 0xff, 0x28, 0xac, 0x3,
    0xfe, 0x18, 0x32, 0x0, 0xff, 0x56, 0x0, 0x70,

    /* U+0146 "ņ" */
    0x7f, 0x92, 0xae, 0xfe, 0xa1, 0x0, 0xcb, 0xaa,
    0x20, 0x2b, 0xe2, 0x1, 0x18, 0x46, 0xe3, 0x0,
    0xc0, 0x6, 0x97, 0x23, 0x94, 0x6, 0x0, 0xcc,
    0x1, 0xb8, 0x0, 0x40, 0x1f, 0x9c, 0x0, 0x20,
    0x2, 0x0, 0xff, 0xfc, 0xbf, 0xe8, 0x7, 0x17,
    0xf8, 0xc0, 0x3f, 0xf8, 0x87, 0xfe, 0x10, 0xf,
    0xfe, 0x41, 0x50, 0x8, 0x7, 0xe3, 0x84, 0x0,
    0xfe, 0x3b, 0xb0, 0x7, 0x0,

    /* U+0147 "Ň" */
    0x0, 0x92, 0x10, 0x0, 0x90, 0x80, 0x1c, 0xaa,
    0xb4, 0x45, 0xaa, 0x80, 0x38, 0x70, 0xae, 0xc5,
    0x82, 0x1, 0xe1, 0xc7, 0x76, 0x8, 0x7, 0xe1,
    0x88, 0x8, 0x6, 0x7f, 0xf1, 0x80, 0x79, 0x7f,
    0xc0, 0x17, 0x0, 0x7f, 0xf0, 0xa, 0x0, 0x3f,
    0xf8, 0xe, 0x60, 0x1f, 0xc2, 0x41, 0xe0, 0x1f,
    0xee, 0x3, 0x70, 0xf, 0xe3, 0x70, 0x82, 0x0,
    0xfe, 0x82, 0xe, 0x0, 0xff, 0x70, 0x1b, 0x80,
    0x7f, 0x1b, 0x4, 0x10, 0x7, 0xf4, 0x88, 0x70,
    0x7, 0xfa, 0x80, 0xf8, 0x3, 0xf9, 0x18, 0x10,
    0x3, 0xfd, 0x2, 0x1, 0xff, 0xd, 0x80, 0x7f,
    0xf0, 0x15, 0x40, 0x0,

    /* U+0148 "ň" */
    0x0, 0x45, 0x20, 0x2, 0x68, 0xc0, 0x35, 0x25,
    0x94, 0xb1, 0x98, 0x3, 0x16, 0x86, 0xb2, 0x48,
    0x7, 0x8e, 0xd9, 0xec, 0x3, 0xf2, 0x4c, 0x0,
    0x73, 0xfc, 0x95, 0x77, 0xf5, 0x8, 0x6, 0x5d,
    0x51, 0x1, 0x5f, 0x10, 0x8, 0xc2, 0x37, 0x18,
    0x6, 0x0, 0x34, 0xb9, 0x1c, 0xa0, 0x30, 0x6,
    0x60, 0xd, 0xc0, 0x2, 0x0, 0xfc, 0xe0, 0x1,
    0x0, 0x10, 0x7, 0xff, 0xe4,

    /* U+014A "Ŋ" */
    0x7f, 0xf1, 0x80, 0x79, 0x7f, 0xc0, 0x17, 0x0,
    0x7f, 0xf0, 0xa, 0x0, 0x3f, 0xf8, 0xe, 0x60,
    0x1f, 0xc2, 0x41, 0xe0, 0x1f, 0xee, 0x3, 0x70,
    0xf, 0xe3, 0x60, 0x82, 0x0, 0xfe, 0x91, 0xe,
    0x0, 0xff, 0x50, 0x1b, 0x80, 0x7f, 0x23, 0x4,
    0x10, 0x7, 0xf4, 0x8, 0x70, 0x7, 0xf0, 0xd8,
    0x1f, 0x0, 0x7f, 0x2a, 0x81, 0x0, 0x3f, 0xd6,
    0x1, 0xff, 0xc0, 0x19, 0x0, 0xff, 0xe0, 0x31,
    0x80, 0x1f, 0xf8, 0x3, 0xef, 0x0, 0xff, 0xe0,
    0x18, 0x7, 0xff, 0x0, 0x80, 0x3f, 0xc7, 0xba,
    0x3, 0x0, 0xfc, 0x24, 0x7, 0xc0,

    /* U+014B "ŋ" */
    0x7f, 0x92, 0xae, 0xfe, 0xa1, 0x0, 0xcb, 0xaa,
    0x20, 0x2b, 0xe2, 0x1, 0x18, 0x46, 0xe3, 0x0,
    0xc0, 0x6, 0x97, 0x23, 0x94, 0x6, 0x0, 0xcc,
    0x1, 0xb8, 0x0, 0x40, 0x1f, 0x9c, 0x0, 0x20,
    0x2, 0x0, 0xff, 0xfc, 0xbf, 0xe8, 0x7, 0xff,
    0x45, 0x0, 0x2, 0x1, 0xf7, 0xc8, 0x11, 0x0,
    0x3e, 0x43, 0x5f, 0x0,

    /* U+014C "Ō" */
    0x0, 0xeb, 0xff, 0xe0, 0xf, 0xf1, 0x17, 0x80,
    0x3f, 0xd3, 0xbb, 0xc0, 0x1f, 0xfc, 0xd3, 0x9d,
    0xff, 0x75, 0xa8, 0x7, 0xd1, 0x8c, 0x40, 0x1,
    0x4a, 0xc1, 0x0, 0xd2, 0xe0, 0x73, 0x9b, 0x4a,
    0x7, 0x80, 0x12, 0x30, 0x2e, 0x31, 0x92, 0xd5,
    0x0, 0xa4, 0x1, 0xe0, 0x54, 0x1, 0xe5, 0x60,
    0x60, 0x2, 0x5, 0x0, 0x7e, 0xb0, 0x2, 0x98,
    0x1, 0x0, 0x3f, 0x10, 0x3, 0x58, 0x0, 0x20,
    0x1f, 0xc4, 0x2, 0x1, 0xff, 0xc4, 0x60, 0x0,
    0x80, 0x7f, 0x10, 0x9, 0x80, 0x10, 0x3, 0xf1,
    0x0, 0x34, 0x10, 0x28, 0x3, 0xf5, 0x80, 0x10,
    0x3c, 0xa, 0x40, 0x3c, 0xac, 0xc, 0x20, 0x8c,
    0xd, 0x8a, 0x44, 0x4a, 0xa0, 0x14, 0x80, 0x52,
    0xe0, 0x75, 0xba, 0xb5, 0x3, 0xc0, 0xe, 0x8c,
    0x62, 0x0, 0xa, 0x56, 0x8, 0x0,

    /* U+014D "ō" */
    0x0, 0x8b, 0x33, 0x9c, 0x3, 0xe3, 0x3e, 0xe0,
    0xf, 0x17, 0xff, 0x48, 0x7, 0xff, 0x50, 0xa7,
    0xbf, 0xd8, 0xa0, 0x1c, 0xba, 0xc2, 0x0, 0x3a,
    0xb0, 0x8, 0xe8, 0xa, 0xb7, 0x18, 0x12, 0x40,
    0x12, 0x3, 0x8a, 0x47, 0x2e, 0xc, 0x20, 0xa0,
    0xc2, 0x1, 0xa4, 0x0, 0x82, 0x0, 0xd0, 0xe,
    0x10, 0x6, 0x80, 0x7f, 0xf0, 0x44, 0x1, 0xa0,
    0x1c, 0x40, 0xd, 0x5, 0x6, 0x10, 0xd, 0x60,
    0x4, 0x9, 0x1, 0xc5, 0x23, 0x96, 0x6, 0x10,
    0x3a, 0x2, 0xad, 0xc6, 0x4, 0x90, 0x9, 0x75,
    0x44, 0x0, 0x75, 0x60, 0x0,

    /* U+0150 "Ő" */
    0x0, 0xf4, 0x60, 0x81, 0xe3, 0x0, 0x7e, 0x17,
    0x1, 0x9, 0x34, 0x0, 0xfc, 0xc1, 0x20, 0x2a,
    0x84, 0x1, 0xfa, 0x85, 0x41, 0x83, 0x80, 0x3f,
    0xb7, 0x80, 0xf, 0xea, 0x1, 0xff, 0xcc, 0x39,
    0xdf, 0xf7, 0x5a, 0x80, 0x7d, 0x18, 0xc4, 0x0,
    0x14, 0xac, 0x10, 0xd, 0x2e, 0x7, 0x39, 0xb4,
    0xa0, 0x78, 0x1, 0x23, 0x2, 0xe3, 0x19, 0x2d,
    0x50, 0xa, 0x40, 0x1e, 0x5, 0x40, 0x1e, 0x56,
    0x6, 0x0, 0x20, 0x50, 0x7, 0xeb, 0x0, 0x29,
    0x80, 0x10, 0x3, 0xf1, 0x0, 0x35, 0x80, 0x2,
    0x1, 0xfc, 0x40, 0x20, 0x1f, 0xfc, 0x46, 0x0,
    0x8, 0x7, 0xf1, 0x0, 0x98, 0x1, 0x0, 0x3f,
    0x10, 0x3, 0x41, 0x2, 0x80, 0x3f, 0x58, 0x1,
    0x3, 0xc0, 0xa4, 0x3, 0xca, 0xc0, 0xc2, 0x8,
    0xc0, 0xd8, 0xa4, 0x44, 0xaa, 0x1, 0x48, 0x5,
    0x2e, 0x7, 0x5b, 0xab, 0x50, 0x3c, 0x0, 0xe8,
    0xc6, 0x20, 0x0, 0xa5, 0x60, 0x80, 0x0,

    /* U+0151 "ő" */
    0x0, 0xc3, 0x90, 0x0, 0x9c, 0x0, 0xf4, 0x9e,
    0x1, 0x33, 0x0, 0x3c, 0xc4, 0x81, 0x41, 0xc0,
    0x1c, 0xa3, 0x40, 0x6, 0x24, 0x0, 0xe5, 0xf7,
    0x0, 0x76, 0x80, 0x7f, 0xf1, 0xca, 0x7b, 0xfd,
    0x8a, 0x1, 0xcb, 0xac, 0x20, 0x3, 0xab, 0x0,
    0x8e, 0x80, 0xab, 0x71, 0x81, 0x24, 0x1, 0x20,
    0x38, 0xa4, 0x72, 0xe0, 0xc2, 0xa, 0xc, 0x20,
    0x1a, 0x40, 0x8, 0x20, 0xd, 0x0, 0xe1, 0x0,
    0x68, 0x7, 0xff, 0x4, 0x40, 0x1a, 0x1, 0xc4,
    0x0, 0xd0, 0x50, 0x61, 0x0, 0xd6, 0x0, 0x40,
    0x90, 0x1c, 0x52, 0x39, 0x60, 0x61, 0x3, 0xa0,
    0x2a, 0xdc, 0x60, 0x49, 0x0, 0x97, 0x54, 0x40,
    0x7, 0x56, 0x0,

    /* U+0152 "Œ" */
    0x0, 0xc7, 0x3b, 0xfe, 0xeb, 0x50, 0xaf, 0xff,
    0xe7, 0x0, 0xa3, 0x18, 0x80, 0x2, 0x95, 0x8c,
    0x1, 0xff, 0xc0, 0x97, 0x3, 0x9c, 0xda, 0x50,
    0x33, 0x2, 0xee, 0xfc, 0xc0, 0x8c, 0xb, 0x8c,
    0x64, 0xb5, 0x40, 0xc, 0x45, 0xf0, 0x87, 0x81,
    0x50, 0x7, 0x95, 0x80, 0x3f, 0xf8, 0x8, 0x14,
    0x1, 0xfa, 0xc0, 0x3f, 0xe3, 0x0, 0x20, 0x7,
    0xe2, 0x0, 0x9, 0x17, 0x80, 0xc, 0x0, 0x10,
    0xf, 0xe2, 0x4, 0xdd, 0xf1, 0x0, 0x7f, 0xf3,
    0x58, 0x0, 0x20, 0x1f, 0xc4, 0xb, 0xff, 0xe2,
    0x3, 0x0, 0x20, 0x7, 0xe2, 0x0, 0xff, 0xe0,
    0x20, 0x50, 0x7, 0xeb, 0x0, 0xff, 0xe0, 0x78,
    0x14, 0x80, 0x79, 0x58, 0x3, 0xff, 0x80, 0x8c,
    0xd, 0x8a, 0x44, 0x4a, 0xa0, 0x6, 0x22, 0xf8,
    0x2, 0x97, 0x3, 0xad, 0xd5, 0xa8, 0x19, 0x81,
    0x77, 0x7e, 0x70, 0xa, 0x31, 0x88, 0x0, 0x29,
    0x58, 0xc0, 0x1f, 0xe0,

    /* U+0153 "œ" */
    0x0, 0x8a, 0x7b, 0xfd, 0x8a, 0x0, 0x18, 0xdf,
    0xf6, 0x30, 0x7, 0x2e, 0xb0, 0x80, 0xe, 0xac,
    0xfd, 0xc8, 0x0, 0x73, 0x60, 0x11, 0xd0, 0x26,
    0x7f, 0x40, 0x26, 0x9, 0x5f, 0xfa, 0x81, 0x20,
    0x1, 0x20, 0x56, 0x60, 0x2e, 0xe0, 0xb, 0xd0,
    0x0, 0xb4, 0xe, 0x0, 0x50, 0xa0, 0xe, 0x90,
    0x2, 0x10, 0x6, 0x50, 0x2, 0x8, 0x0, 0x80,
    0x38, 0x40, 0x9, 0xff, 0xe0, 0x1, 0x0, 0x7f,
    0xf0, 0x4, 0xcf, 0xf8, 0x40, 0x1a, 0x1, 0xc4,
    0x0, 0x5c, 0xcf, 0xca, 0xa, 0xc, 0x20, 0x1a,
    0xc0, 0x8, 0x60, 0x18, 0xed, 0x80, 0x12, 0x3,
    0x8a, 0x47, 0x2c, 0x1, 0x6b, 0x11, 0xbe, 0x25,
    0x80, 0xe, 0x80, 0xab, 0x71, 0x81, 0x30, 0x45,
    0x3b, 0x90, 0x5, 0xe0, 0x12, 0xea, 0x88, 0x0,
    0xea, 0xcf, 0xdc, 0x80, 0x5, 0x1a, 0x40,

    /* U+0154 "Ŕ" */
    0x0, 0xf6, 0x78, 0x7, 0xf8, 0xcc, 0xc0, 0x1f,
    0xe9, 0xb, 0x0, 0xff, 0x32, 0x90, 0x7, 0xfb,
    0x28, 0x3, 0xcf, 0xff, 0xf6, 0xc0, 0x80, 0x7f,
    0x89, 0xf0, 0x40, 0x22, 0xee, 0xdb, 0x0, 0x50,
    0x1, 0x84, 0x71, 0x3b, 0x3, 0x0, 0x7f, 0xb4,
    0x0, 0x20, 0x1f, 0xfc, 0xac, 0x0, 0x8, 0x7,
    0xe6, 0x70, 0x60, 0x8, 0xbf, 0xfa, 0x40, 0x60,
    0x3, 0xfc, 0x7e, 0x20, 0x11, 0x6e, 0xe3, 0x0,
    0x8, 0x7, 0x11, 0x69, 0x3, 0x40, 0xf, 0xe5,
    0x20, 0x80, 0xf, 0xf5, 0x81, 0x98, 0x3, 0xf9,
    0x84, 0x20, 0x3, 0xfd, 0x20, 0x86,

    /* U+0155 "ŕ" */
    0x0, 0x9f, 0xd0, 0x3, 0x48, 0xa0, 0x4, 0xa3,
    0x20, 0x1b, 0x4d, 0x80, 0x34, 0x60, 0x80, 0x1f,
    0xe4, 0xaf, 0xfc, 0x0, 0x5d, 0x40, 0xc, 0x61,
    0x1b, 0xc0, 0x14, 0x39, 0x8, 0x4, 0xe0, 0x1c,
    0x20, 0x1e, 0x30, 0xf, 0xfe, 0xd8,

    /* U+0156 "Ŗ" */
    0x7f, 0xff, 0xb6, 0x4, 0x3, 0xfc, 0x4f, 0x82,
    0x1, 0x17, 0x76, 0xd8, 0x2, 0x80, 0xc, 0x23,
    0x89, 0xd8, 0x18, 0x3, 0xfd, 0xa0, 0x1, 0x0,
    0xff, 0xe5, 0x60, 0x0, 0x40, 0x3f, 0x33, 0x83,
    0x0, 0x45, 0xff, 0xd2, 0x3, 0x0, 0x1f, 0xe3,
    0xf1, 0x0, 0x8b, 0x77, 0x18, 0x0, 0x40, 0x38,
    0x8b, 0x48, 0x1a, 0x0, 0x7f, 0x29, 0x4, 0x0,
    0x7f, 0xac, 0xc, 0xc0, 0x1f, 0xcc, 0x21, 0x0,
    0x1f, 0xe9, 0x4, 0x37, 0xfd, 0x0, 0xf3, 0xff,
    0x8c, 0x3, 0xff, 0x8a, 0x3f, 0xe3, 0x0, 0xff,
    0xe5, 0xd, 0x88, 0x7, 0xfd, 0x6, 0x60, 0xf,
    0xf5, 0x60, 0x7, 0x80,

    /* U+0157 "ŗ" */
    0x7f, 0x92, 0xbf, 0xf0, 0x1, 0x75, 0x0, 0x31,
    0x84, 0x6f, 0x0, 0x50, 0xe4, 0x20, 0x13, 0x80,
    0x70, 0x80, 0x78, 0xc0, 0x3f, 0xfb, 0x6f, 0xfa,
    0x1, 0xff, 0x3f, 0xe8, 0x7, 0xfc, 0xb0, 0x1,
    0xcd, 0x2a, 0x1, 0x9e, 0xa0, 0x3, 0x0,

    /* U+0158 "Ř" */
    0x0, 0x3c, 0x8, 0x1, 0xe0, 0x40, 0x38, 0x9f,
    0x6, 0xe3, 0xc4, 0x3, 0x96, 0x8b, 0x91, 0xdc,
    0x1, 0xf2, 0xd3, 0xcc, 0x0, 0x7f, 0x2c, 0x30,
    0x7, 0x9f, 0xff, 0xed, 0x81, 0x0, 0xff, 0x13,
    0xe0, 0x80, 0x45, 0xdd, 0xb6, 0x0, 0xa0, 0x3,
    0x8, 0xe2, 0x76, 0x6, 0x0, 0xff, 0x68, 0x0,
    0x40, 0x3f, 0xf9, 0x58, 0x0, 0x10, 0xf, 0xcc,
    0xe0, 0xc0, 0x11, 0x7f, 0xf4, 0x80, 0xc0, 0x7,
    0xf8, 0xfc, 0x40, 0x22, 0xdd, 0xc6, 0x0, 0x10,
    0xe, 0x22, 0xd2, 0x6, 0x80, 0x1f, 0xca, 0x41,
    0x0, 0x1f, 0xeb, 0x3, 0x30, 0x7, 0xf3, 0x8,
    0x40, 0x7, 0xfa, 0x41, 0xc,

    /* U+0159 "ř" */
    0x6, 0x82, 0x0, 0x34, 0x10, 0x2b, 0xe0, 0xcc,
    0x84, 0x80, 0xec, 0x79, 0x96, 0x40, 0x24, 0xb7,
    0x8a, 0x0, 0xe4, 0x87, 0x0, 0xcf, 0xf2, 0x57,
    0xfe, 0x0, 0xcb, 0xa8, 0x1, 0xe3, 0x8, 0xde,
    0x0, 0xe8, 0x72, 0x10, 0xe, 0x70, 0xf, 0x84,
    0x3, 0xf1, 0x80, 0x7f, 0xf9, 0x80,

    /* U+015A "Ś" */
    0x0, 0xf8, 0xf1, 0x80, 0x3f, 0xe9, 0x34, 0x0,
    0xff, 0xa, 0xa1, 0x0, 0x7f, 0xa4, 0x38, 0x3,
    0xfe, 0x8f, 0x50, 0xf, 0xfe, 0x51, 0x4e, 0xff,
    0xb6, 0x4c, 0x3, 0x97, 0x58, 0x80, 0x4, 0xd8,
    0xe0, 0x11, 0x50, 0xc, 0xee, 0xa4, 0x82, 0x18,
    0x0, 0xa0, 0xf, 0x62, 0x23, 0x69, 0x4, 0x0,
    0x38, 0x4, 0x40, 0x1d, 0x6, 0x82, 0x1e, 0x2,
    0xe0, 0x1c, 0xb9, 0x42, 0xc, 0x41, 0x1d, 0x2a,
    0x1, 0xfb, 0x14, 0x5, 0xab, 0xf1, 0x80, 0x38,
    0x6b, 0xa5, 0x0, 0x7, 0x3c, 0x60, 0x1c, 0x2d,
    0x7f, 0x6c, 0x3, 0xa0, 0x1f, 0xc9, 0x34, 0x2,
    0x83, 0xbe, 0xc0, 0x1e, 0x40, 0x0, 0x88, 0x1,
    0x4, 0x1, 0xce, 0x0, 0x60, 0x90, 0x1d, 0x83,
    0x24, 0x99, 0x1, 0x98, 0x12, 0x80, 0xf, 0x9b,
    0x6c, 0x7, 0xa0, 0x12, 0xf3, 0x90, 0x0, 0x52,
    0x70, 0x40,

    /* U+015B "ś" */
    0x0, 0xf3, 0xe1, 0x0, 0x7e, 0x91, 0x20, 0xf,
    0x98, 0x6c, 0x3, 0xf5, 0x3, 0x0, 0x7e, 0xcf,
    0x0, 0xff, 0xe2, 0x8c, 0xf7, 0xfb, 0x60, 0x2,
    0x2f, 0x61, 0x0, 0x13, 0xe8, 0x85, 0x88, 0xb3,
    0xfd, 0x20, 0x50, 0x4, 0x8, 0x60, 0x6, 0x86,
    0xc0, 0xc0, 0x59, 0x40, 0x3, 0xca, 0x83, 0xb0,
    0x35, 0xfd, 0xb0, 0x6, 0x9e, 0x95, 0x14, 0x9e,
    0x30, 0x8, 0x5a, 0xba, 0xc8, 0x7c, 0x27, 0x14,
    0x2, 0x45, 0x2, 0x5, 0x3a, 0x60, 0x1, 0xb0,
    0x28, 0x70, 0x84, 0xff, 0xb0, 0x42, 0x0, 0xbd,
    0xc8, 0x0, 0x2d, 0xa6,

    /* U+015C "Ŝ" */
    0x0, 0xe2, 0xff, 0x50, 0x7, 0xf0, 0xe0, 0x1a,
    0xb8, 0x7, 0xed, 0x19, 0xc2, 0x84, 0x0, 0xf1,
    0xa4, 0xb0, 0x7b, 0x98, 0x7, 0x8e, 0x18, 0x0,
    0x50, 0xe0, 0x1e, 0x29, 0xdf, 0xf6, 0xc9, 0x80,
    0x72, 0xeb, 0x10, 0x0, 0x9b, 0x1c, 0x2, 0x2a,
    0x1, 0x9d, 0xd4, 0x90, 0x43, 0x0, 0x14, 0x1,
    0xec, 0x44, 0x6d, 0x20, 0x80, 0x7, 0x0, 0x88,
    0x3, 0xa0, 0xd0, 0x43, 0xc0, 0x5c, 0x3, 0x97,
    0x28, 0x41, 0x88, 0x23, 0xa5, 0x40, 0x3f, 0x62,
    0x80, 0xb5, 0x7e, 0x30, 0x7, 0xd, 0x74, 0xa0,
    0x0, 0xe7, 0x8c, 0x3, 0x85, 0xaf, 0xed, 0x80,
    0x74, 0x3, 0xf9, 0x26, 0x80, 0x50, 0x77, 0xd8,
    0x3, 0xc8, 0x0, 0x11, 0x0, 0x20, 0x80, 0x39,
    0xc0, 0xc, 0x12, 0x3, 0xb0, 0x64, 0x93, 0x20,
    0x33, 0x2, 0x50, 0x1, 0xf3, 0x6d, 0x80, 0xf4,
    0x2, 0x5e, 0x72, 0x0, 0xa, 0x4e, 0x8, 0x0,

    /* U+015D "ŝ" */
    0x0, 0xcb, 0xfe, 0x70, 0xf, 0x15, 0x9, 0x42,
    0x0, 0x61, 0xf0, 0xaf, 0xb, 0x20, 0x9, 0x55,
    0x48, 0x58, 0xee, 0x0, 0x92, 0x14, 0x0, 0x70,
    0xa0, 0x10, 0xcf, 0x7f, 0xb6, 0x0, 0x22, 0xf6,
    0x10, 0x1, 0x3e, 0x88, 0x58, 0x8b, 0x3f, 0xd2,
    0x5, 0x0, 0x40, 0x86, 0x0, 0x68, 0x6c, 0xc,
    0x5, 0x94, 0x0, 0x3c, 0xa8, 0x3b, 0x3, 0x5f,
    0xdb, 0x0, 0x69, 0xe9, 0x51, 0x49, 0xe3, 0x0,
    0x85, 0xab, 0xac, 0x87, 0xc2, 0x71, 0x40, 0x24,
    0x50, 0x20, 0x53, 0xa6, 0x0, 0x1b, 0x2, 0x87,
    0x8, 0x4f, 0xfb, 0x4, 0x20, 0xb, 0xdc, 0x80,
    0x2, 0xda, 0x60,

    /* U+015E "Ş" */
    0x0, 0x8a, 0x77, 0xfd, 0xb2, 0x60, 0x1c, 0xba,
    0xc4, 0x0, 0x26, 0xc7, 0x0, 0x8a, 0x80, 0x67,
    0x75, 0x24, 0x10, 0xc0, 0x5, 0x0, 0x7b, 0x11,
    0x1b, 0x48, 0x20, 0x1, 0xc0, 0x22, 0x0, 0xe8,
    0x34, 0x10, 0xf0, 0x17, 0x0, 0xe5, 0xca, 0x10,
    0x62, 0x8, 0xe9, 0x50, 0xf, 0xd8, 0xa0, 0x2d,
    0x5f, 0x8c, 0x1, 0xc3, 0x5d, 0x28, 0x0, 0x39,
    0xe3, 0x0, 0xe1, 0x6b, 0xfb, 0x60, 0x1d, 0x0,
    0xfe, 0x49, 0xa0, 0x14, 0x1d, 0xf6, 0x0, 0xf2,
    0x0, 0x4, 0x40, 0x8, 0x20, 0xe, 0x70, 0x3,
    0x4, 0x80, 0xec, 0x19, 0x24, 0xc8, 0xc, 0xc0,
    0x94, 0x0, 0x7c, 0xdb, 0x60, 0x3d, 0x0, 0x97,
    0x9c, 0x80, 0x24, 0x9c, 0x10, 0xc, 0x31, 0xb4,
    0x19, 0x6c, 0x1, 0xfc, 0x41, 0xa2, 0x1, 0xfe,
    0x7a, 0x17, 0x0, 0xff, 0x54, 0x1, 0x0, 0x7f,
    0x12, 0x13, 0xa0, 0x6,

    /* U+015F "ş" */
    0x0, 0xc, 0xf7, 0xfb, 0x60, 0x2, 0x2f, 0x61,
    0x0, 0x13, 0xe8, 0x85, 0x88, 0xb3, 0xfd, 0x20,
    0x50, 0x4, 0x8, 0x60, 0x6, 0x86, 0xc0, 0xc0,
    0x59, 0x40, 0x3, 0xca, 0x83, 0xb0, 0x35, 0xfd,
    0xb0, 0x6, 0x9e, 0x95, 0x14, 0x9e, 0x30, 0x8,
    0x5a, 0xba, 0xc8, 0x7c, 0x27, 0x14, 0x2, 0x45,
    0x2, 0x5, 0x3a, 0x60, 0x1, 0xb0, 0x28, 0x70,
    0x84, 0xff, 0xb0, 0x42, 0x0, 0xbd, 0xc8, 0x0,
    0x2d, 0xa6, 0x0, 0x18, 0xd3, 0x37, 0x49, 0x0,
    0x78, 0x4e, 0x0, 0x3f, 0x69, 0xb8, 0x7, 0xc9,
    0x46, 0x40, 0x1f, 0x62, 0x97, 0x0, 0x40,

    /* U+0160 "Š" */
    0x0, 0x8b, 0xbc, 0x81, 0xbf, 0x0, 0x3c, 0x54,
    0x1e, 0x92, 0x3a, 0x1, 0xf2, 0x41, 0x58, 0x68,
    0x80, 0x7e, 0x79, 0x7b, 0x30, 0xf, 0xf3, 0x42,
    0x0, 0x7e, 0x29, 0xdf, 0xf6, 0xc9, 0x80, 0x72,
    0xeb, 0x10, 0x0, 0x9b, 0x1c, 0x2, 0x2a, 0x1,
    0x9d, 0xd4, 0x90, 0x43, 0x0, 0x14, 0x1, 0xec,
    0x44, 0x6d, 0x20, 0x80, 0x7, 0x0, 0x88, 0x3,
    0xa0, 0xd0, 0x43, 0xc0, 0x5c, 0x3, 0x97, 0x28,
    0x41, 0x88, 0x23, 0xa5, 0x40, 0x3f, 0x62, 0x80,
    0xb5, 0x7e, 0x30, 0x7, 0xd, 0x74, 0xa0, 0x0,
    0xe7, 0x8c, 0x3, 0x85, 0xaf, 0xed, 0x80, 0x74,
    0x3, 0xf9, 0x26, 0x80, 0x50, 0x77, 0xd8, 0x3,
    0xc8, 0x0, 0x11, 0x0, 0x20, 0x80, 0x39, 0xc0,
    0xc, 0x12, 0x3, 0xb0, 0x64, 0x93, 0x20, 0x33,
    0x2, 0x50, 0x1, 0xf3, 0x6d, 0x80, 0xf4, 0x2,
    0x5e, 0x72, 0x0, 0xa, 0x4e, 0x8, 0x0,

    /* U+0161 "š" */
    0x0, 0x2f, 0xe0, 0x2, 0xbd, 0xc0, 0x25, 0x73,
    0xa7, 0x55, 0x38, 0x6, 0x84, 0x58, 0x2a, 0x0,
    0xf5, 0x43, 0xf8, 0x7, 0xc2, 0xf0, 0x40, 0x1c,
    0x33, 0xdf, 0xed, 0x80, 0x8, 0xbd, 0x84, 0x0,
    0x4f, 0xa2, 0x16, 0x22, 0xcf, 0xf4, 0x81, 0x40,
    0x10, 0x21, 0x80, 0x1a, 0x1b, 0x3, 0x1, 0x65,
    0x0, 0xf, 0x2a, 0xe, 0xc0, 0xd7, 0xf6, 0xc0,
    0x1a, 0x7a, 0x54, 0x52, 0x78, 0xc0, 0x21, 0x6a,
    0xeb, 0x21, 0xf0, 0x9c, 0x50, 0x9, 0x14, 0x8,
    0x14, 0xe9, 0x80, 0x6, 0xc0, 0xa1, 0xc2, 0x13,
    0xfe, 0xc1, 0x8, 0x2, 0xf7, 0x20, 0x0, 0xb6,
    0x98,

    /* U+0162 "Ţ" */
    0xcf, 0xff, 0xfe, 0x0, 0x80, 0x7f, 0xf0, 0xb7,
    0x79, 0x80, 0xb7, 0x78, 0x44, 0x45, 0x84, 0x4,
    0x8b, 0x80, 0x3f, 0xff, 0xe0, 0x1f, 0xff, 0xf0,
    0xf, 0xfe, 0x66, 0x87, 0x0, 0x7f, 0xde, 0x10,
    0x1, 0xff, 0x53, 0x29, 0x80, 0x7f, 0xa9, 0x0,
    0x40, 0x3f, 0x8d, 0xa, 0x8, 0x3, 0x80,

    /* U+0163 "ţ" */
    0x0, 0x47, 0xe8, 0x7, 0xff, 0x2b, 0x3d, 0xc0,
    0xbf, 0xe5, 0x62, 0x10, 0x1, 0x14, 0x35, 0xac,
    0x5, 0xbb, 0x20, 0x7, 0xff, 0x8f, 0xc0, 0x3f,
    0x8, 0x13, 0x0, 0x73, 0x88, 0x4f, 0xf9, 0x40,
    0x3, 0xa6, 0x0, 0x11, 0x0, 0x46, 0x81, 0xfc,
    0x80, 0x18, 0xc2, 0xc0, 0x3d, 0x6c, 0x84, 0x1,
    0x86, 0x9c, 0xc, 0x3, 0x22, 0x85, 0x8, 0x0,

    /* U+0164 "Ť" */
    0x0, 0x9e, 0x4, 0x0, 0xf0, 0x20, 0x1e, 0x37,
    0xc1, 0xa8, 0xf1, 0x0, 0xf2, 0x51, 0x7a, 0xbb,
    0x80, 0x3f, 0x2d, 0xb4, 0xc0, 0x7, 0xf9, 0x21,
    0x80, 0x3d, 0x9f, 0xff, 0xfc, 0x1, 0x0, 0xff,
    0xe1, 0x6e, 0xf3, 0x1, 0x6e, 0xf0, 0x88, 0x8b,
    0x8, 0x9, 0x17, 0x0, 0x7f, 0xff, 0xc0, 0x3f,
    0xff, 0xe0, 0x1f, 0xfc, 0x70,

    /* U+0165 "ť" */
    0x0, 0xf9, 0xe5, 0x80, 0x3e, 0xb6, 0xd0, 0xf,
    0xfe, 0x0, 0x99, 0x0, 0x31, 0xc4, 0x1, 0x39,
    0xe0, 0x4, 0x6d, 0x0, 0xf8, 0xe5, 0xc0, 0x3e,
    0x77, 0x6, 0x7b, 0x81, 0x7f, 0xca, 0xc, 0x42,
    0x0, 0x22, 0x84, 0x2b, 0x58, 0xb, 0x76, 0x40,
    0xf, 0xff, 0x4f, 0x80, 0x7f, 0x8, 0x13, 0x0,
    0x79, 0xc4, 0x27, 0xfc, 0xa0, 0x10, 0xe2, 0x0,
    0x4, 0x40,

    /* U+0166 "Ŧ" */
    0xcf, 0xff, 0xfe, 0x0, 0x80, 0x7f, 0xf0, 0xb7,
    0x79, 0x80, 0xb7, 0x78, 0x44, 0x45, 0x84, 0x4,
    0x8b, 0x80, 0x3f, 0xfc, 0xd, 0xff, 0x38, 0x1f,
    0xfd, 0x60, 0x1f, 0xfc, 0x57, 0xbb, 0x94, 0xa,
    0xee, 0x90, 0x8, 0x51, 0x22, 0x1, 0x44, 0x88,
    0x3, 0xff, 0xf8,

    /* U+0167 "ŧ" */
    0x0, 0x47, 0xe8, 0x7, 0xff, 0x2b, 0x3d, 0xc0,
    0xbf, 0xe5, 0x62, 0x10, 0x1, 0x14, 0x35, 0xac,
    0x5, 0xbb, 0x20, 0x7, 0xff, 0x1b, 0x3d, 0xc0,
    0xbf, 0xea, 0x62, 0x10, 0x1, 0x16, 0xad, 0x60,
    0x2d, 0xda, 0x0, 0x1e, 0x1, 0xf8, 0x40, 0x94,
    0x3, 0x9c, 0x42, 0xbf, 0xca, 0x0, 0x1d, 0x40,
    0x0, 0x88,

    /* U+0168 "Ũ" */
    0x0, 0xd1, 0x4c, 0x21, 0x2e, 0x1, 0xe8, 0x75,
    0x9e, 0xb6, 0xd0, 0xf, 0x10, 0xfd, 0x22, 0x6,
    0x40, 0x3d, 0x78, 0xb, 0x7f, 0xc6, 0x1, 0xe1,
    0x20, 0xf, 0xe7, 0xfe, 0x0, 0xf8, 0xbf, 0xc4,
    0x1, 0xff, 0xff, 0x0, 0xff, 0xf3, 0x88, 0x7,
    0xf0, 0x80, 0x44, 0x2, 0x60, 0x1e, 0xb0, 0x1,
    0x20, 0x87, 0x80, 0x71, 0xb8, 0x28, 0x2, 0x0,
    0xf5, 0x88, 0xe3, 0x0, 0x10, 0x0, 0x68, 0x2,
    0x9d, 0xc7, 0x1, 0xb2, 0x0, 0x9f, 0x14, 0x40,
    0x4, 0xfe, 0x80, 0x0,

    /* U+0169 "ũ" */
    0x0, 0x27, 0x7d, 0x20, 0x7c, 0x0, 0x5e, 0x28,
    0xb7, 0xe1, 0xe0, 0x10, 0xad, 0xf4, 0x2b, 0xb8,
    0x2, 0xaa, 0x0, 0xbd, 0x40, 0x7, 0xff, 0x6,
    0xfe, 0x80, 0x39, 0x7f, 0xc0, 0x1f, 0xfe, 0xb1,
    0x1, 0x0, 0xe3, 0x0, 0x18, 0x30, 0x7, 0x70,
    0x3, 0xc0, 0x8c, 0x3, 0x28, 0x1, 0xc0, 0x1a,
    0xa4, 0x96, 0x40, 0x1, 0x80, 0x1a, 0xdb, 0x43,
    0x0, 0x9e, 0x8c, 0x0, 0x51, 0xa0, 0x0,

    /* U+016A "Ū" */
    0x0, 0xdf, 0xfd, 0x60, 0x1f, 0x88, 0xbc, 0x1,
    0xfb, 0x77, 0xa4, 0x3, 0xff, 0x8c, 0xff, 0xc0,
    0x1f, 0x17, 0xf8, 0x80, 0x3f, 0xff, 0xe0, 0x1f,
    0xfe, 0x71, 0x0, 0xfe, 0x10, 0x8, 0x80, 0x4c,
    0x3, 0xd6, 0x0, 0x24, 0x10, 0xf0, 0xe, 0x37,
    0x5, 0x0, 0x40, 0x1e, 0xb1, 0x1c, 0x60, 0x2,
    0x0, 0xd, 0x0, 0x53, 0xb8, 0xe0, 0x36, 0x40,
    0x13, 0xe2, 0x88, 0x0, 0x9f, 0xd0, 0x0,

    /* U+016B "ū" */
    0x0, 0x1f, 0xff, 0x40, 0x7, 0x19, 0xf7, 0x0,
    0x63, 0xcc, 0xe6, 0x0, 0xff, 0xe0, 0xdf, 0xd0,
    0x7, 0x2f, 0xf8, 0x3, 0xff, 0xd6, 0x20, 0x20,
    0x1c, 0x60, 0x3, 0x6, 0x0, 0xee, 0x0, 0x78,
    0x11, 0x80, 0x65, 0x0, 0x38, 0x3, 0x54, 0x92,
    0xc8, 0x0, 0x30, 0x3, 0x5b, 0x68, 0x60, 0x13,
    0xd1, 0x80, 0xa, 0x34, 0x0,

    /* U+016C "Ŭ" */
    0x0, 0x8a, 0x10, 0x0, 0xce, 0x1, 0xf9, 0xe4,
    0x4e, 0x68, 0x3, 0xe2, 0x52, 0xec, 0x8, 0x0,
    0xfd, 0x50, 0x69, 0x6a, 0x1, 0xfc, 0xf9, 0x68,
    0x1, 0xcf, 0xfc, 0x1, 0xf1, 0x7f, 0x88, 0x3,
    0xff, 0xfe, 0x1, 0xff, 0xe7, 0x10, 0xf, 0xe1,
    0x0, 0x88, 0x4, 0xc0, 0x3d, 0x60, 0x2, 0x41,
    0xf, 0x0, 0xe3, 0x70, 0x50, 0x4, 0x1, 0xeb,
    0x11, 0xc6, 0x0, 0x20, 0x0, 0xd0, 0x5, 0x3b,
    0x8e, 0x3, 0x64, 0x1, 0x3e, 0x28, 0x80, 0x9,
    0xfd, 0x0, 0x0,

    /* U+016D "ŭ" */
    0x0, 0x24, 0x10, 0x2, 0x18, 0x3, 0xb, 0xc8,
    0x33, 0xe0, 0x6, 0x53, 0x4f, 0x90, 0x90, 0xe,
    0xc7, 0x35, 0xc3, 0x0, 0xf4, 0x65, 0x18, 0x5,
    0x7f, 0x40, 0x1c, 0xbf, 0xe0, 0xf, 0xff, 0x58,
    0x80, 0x80, 0x71, 0x80, 0xc, 0x18, 0x3, 0xb8,
    0x1, 0xe0, 0x46, 0x1, 0x94, 0x0, 0xe0, 0xd,
    0x52, 0x4b, 0x20, 0x0, 0xc0, 0xd, 0x6d, 0xa1,
    0x80, 0x4f, 0x46, 0x0, 0x28, 0xd0, 0x0,

    /* U+016E "Ů" */
    0x0, 0xf0, 0x80, 0x7f, 0xf0, 0x2b, 0xbe, 0x0,
    0x3f, 0xa1, 0x65, 0xdc, 0xa0, 0x1f, 0x91, 0xd,
    0x3, 0x80, 0x1f, 0x95, 0x10, 0xa3, 0xe0, 0x1f,
    0xa0, 0xae, 0x8d, 0x80, 0x3f, 0xe, 0xde, 0x60,
    0x3, 0x9f, 0xf8, 0x2, 0x43, 0x0, 0x17, 0xf8,
    0x80, 0x3f, 0xff, 0xe0, 0x1f, 0xfe, 0x71, 0x0,
    0xfe, 0x10, 0x8, 0x80, 0x4c, 0x3, 0xd6, 0x0,
    0x24, 0x10, 0xf0, 0xe, 0x37, 0x5, 0x0, 0x40,
    0x1e, 0xb1, 0x1c, 0x60, 0x2, 0x0, 0xd, 0x0,
    0x53, 0xb8, 0xe0, 0x36, 0x40, 0x13, 0xe2, 0x88,
    0x0, 0x9f, 0xd0, 0x0,

    /* U+016F "ů" */
    0x0, 0xe1, 0x0, 0xfc, 0x7d, 0xcf, 0x70, 0xf,
    0x69, 0x53, 0x41, 0x80, 0x70, 0xbb, 0xb8, 0x1c,
    0x3, 0xa9, 0x36, 0x15, 0x0, 0x39, 0x7a, 0xf6,
    0x80, 0x3e, 0x14, 0x20, 0xd, 0x7f, 0x40, 0x1c,
    0xbf, 0xe0, 0xf, 0xff, 0x58, 0x80, 0x80, 0x71,
    0x80, 0xc, 0x18, 0x3, 0xb8, 0x1, 0xe0, 0x46,
    0x1, 0x94, 0x0, 0xe0, 0xd, 0x52, 0x4b, 0x20,
    0x0, 0xc0, 0xd, 0x6d, 0xa1, 0x80, 0x4f, 0x46,
    0x0, 0x28, 0xd0, 0x0,

    /* U+0170 "Ű" */
    0x0, 0xec, 0x90, 0x4, 0x60, 0x80, 0x79, 0x8f,
    0xc0, 0x5c, 0x4, 0x3, 0xd6, 0x2c, 0xc, 0x12,
    0x1, 0xe4, 0x26, 0x0, 0x50, 0xa8, 0x7, 0x93,
    0xe0, 0x1, 0xbc, 0x1, 0xff, 0xc6, 0x7f, 0xe0,
    0xf, 0x8b, 0xfc, 0x40, 0x1f, 0xff, 0xf0, 0xf,
    0xff, 0x38, 0x80, 0x7f, 0x8, 0x4, 0x40, 0x26,
    0x1, 0xeb, 0x0, 0x12, 0x8, 0x78, 0x7, 0x1b,
    0x82, 0x80, 0x20, 0xf, 0x58, 0x8e, 0x30, 0x1,
    0x0, 0x6, 0x80, 0x29, 0xdc, 0x70, 0x1b, 0x20,
    0x9, 0xf1, 0x44, 0x0, 0x4f, 0xe8, 0x0,

    /* U+0171 "ű" */
    0x0, 0x8b, 0x20, 0x1, 0x38, 0x1, 0xa8, 0xf0,
    0x9, 0x98, 0x1, 0x98, 0x90, 0x28, 0x38, 0x2,
    0x51, 0xb0, 0x3, 0x12, 0x0, 0x4b, 0xec, 0x0,
    0xed, 0x0, 0xff, 0xe0, 0xdf, 0xd0, 0x7, 0x2f,
    0xf8, 0x3, 0xff, 0xd6, 0x20, 0x20, 0x1c, 0x60,
    0x3, 0x6, 0x0, 0xee, 0x0, 0x78, 0x11, 0x80,
    0x65, 0x0, 0x38, 0x3, 0x54, 0x92, 0xc8, 0x0,
    0x30, 0x3, 0x5b, 0x68, 0x60, 0x13, 0xd1, 0x80,
    0xa, 0x34, 0x0,

    /* U+0172 "Ų" */
    0x7f, 0xe0, 0xf, 0x8b, 0xfc, 0x40, 0x1f, 0xff,
    0xf0, 0xf, 0xff, 0x38, 0x80, 0x7f, 0x8, 0x4,
    0x40, 0x26, 0x1, 0xeb, 0x0, 0x12, 0x8, 0x78,
    0x7, 0x1b, 0x82, 0x80, 0x20, 0xf, 0x58, 0x8e,
    0x30, 0x1, 0x0, 0x6, 0x80, 0x29, 0xdc, 0x70,
    0x1b, 0x20, 0x9, 0xf1, 0x44, 0x2, 0x4f, 0x40,
    0xe, 0x3a, 0xe9, 0x5, 0xb1, 0x0, 0xfe, 0xc0,
    0x80, 0xf, 0xf8, 0xc3, 0xf8, 0xc0, 0x3f, 0xa1,
    0x8, 0x82, 0x1, 0x0,

    /* U+0173 "ų" */
    0xbf, 0xa0, 0xe, 0x5f, 0xf0, 0x7, 0xff, 0xac,
    0x40, 0x40, 0x38, 0xc0, 0x6, 0xc, 0x1, 0xdc,
    0x0, 0xf0, 0x23, 0x0, 0xca, 0x0, 0x70, 0x6,
    0xa9, 0x25, 0x90, 0x0, 0x60, 0x6, 0xb6, 0xd0,
    0xc0, 0x27, 0xa3, 0x0, 0x14, 0x58, 0x6, 0x5c,
    0xff, 0x68, 0xc0, 0xd8, 0x7, 0x86, 0x43, 0x10,
    0x3, 0xca, 0xc, 0x40, 0x1f, 0x30, 0x36, 0x50,
    0x7, 0x8a, 0x44, 0xb0,

    /* U+0174 "Ŵ" */
    0x0, 0xfe, 0x58, 0x60, 0xf, 0xfe, 0x2b, 0x53,
    0x4c, 0x0, 0x7f, 0xf0, 0xd6, 0x4f, 0xd1, 0xdc,
    0x1, 0xff, 0xc2, 0x28, 0xd1, 0xb8, 0x1, 0x0,
    0xff, 0xe0, 0xbb, 0x84, 0x0, 0xee, 0x10, 0xf,
    0x4f, 0xe8, 0x7, 0xb3, 0xf8, 0x3, 0xd5, 0xf7,
    0xa0, 0x42, 0x1, 0xc6, 0x2, 0x60, 0x1c, 0xa1,
    0x88, 0x0, 0x70, 0xc, 0xa0, 0x12, 0x0, 0x63,
    0x0, 0x28, 0x20, 0x60, 0x6, 0xc0, 0xa, 0xc0,
    0x35, 0x81, 0x10, 0x34, 0x10, 0x3, 0x20, 0x20,
    0x18, 0x6, 0x40, 0x40, 0x2, 0x0, 0x98, 0x0,
    0x88, 0x10, 0x0, 0x40, 0x0, 0x98, 0x68, 0x0,
    0x88, 0x8, 0x0, 0x40, 0x13, 0x40, 0xd0, 0x2,
    0x0, 0x10, 0x2, 0x50, 0xb0, 0x6, 0x83, 0x86,
    0x2, 0x0, 0x30, 0x10, 0x3, 0x60, 0x18, 0x1,
    0x3, 0x1, 0x40, 0x88, 0xe, 0x1a, 0x1, 0x90,
    0x0, 0xa8, 0x0, 0x50, 0x22, 0x2, 0x10, 0x82,
    0x0, 0x72, 0x6, 0x60, 0x10, 0x2, 0x40, 0xd5,
    0x2, 0x20, 0x7, 0x68, 0x22, 0x3, 0x0, 0x2d,
    0x4, 0xc0, 0x40, 0xf, 0x38, 0x11, 0x82, 0x80,
    0x48, 0x0, 0x40, 0xd0, 0xf, 0x9, 0x0, 0x4,
    0x80, 0x32, 0x0, 0x48, 0x1, 0xf2, 0x80, 0x1c,
    0x3, 0xb0, 0x0, 0x80, 0x1f, 0xb0, 0x1, 0x80,
    0x1c, 0xa0, 0xd, 0x0, 0xc0,

    /* U+0175 "ŵ" */
    0x0, 0xf9, 0x21, 0xc0, 0x3f, 0xf8, 0x29, 0x6d,
    0x12, 0x1, 0xff, 0x25, 0x97, 0xb3, 0x20, 0x3,
    0xfc, 0x6f, 0xe3, 0x30, 0x4, 0x1, 0xfc, 0xf0,
    0x40, 0x7, 0x82, 0x0, 0xcd, 0xfa, 0x1, 0x9b,
    0xf4, 0x3, 0x3f, 0xe3, 0x81, 0x10, 0x2, 0xd0,
    0x22, 0x0, 0x56, 0x8, 0x26, 0xa, 0x0, 0x14,
    0x0, 0x28, 0x0, 0x4c, 0x2c, 0x10, 0x2c, 0x0,
    0x80, 0x41, 0x60, 0x4, 0x1, 0x30, 0xb0, 0x31,
    0xf, 0x8, 0x13, 0x10, 0xf0, 0x70, 0x1, 0x88,
    0x38, 0x28, 0x2b, 0x82, 0x2, 0x86, 0x80, 0x4e,
    0x18, 0x80, 0xa1, 0xa1, 0xe8, 0x0, 0x40, 0xb,
    0x41, 0x74, 0x3c, 0x10, 0x17, 0x41, 0x0, 0x32,
    0x0, 0x18, 0x10, 0x0, 0xa0, 0xc1, 0xa0, 0x1c,
    0x80, 0x4, 0x10, 0x7, 0x80, 0x4e, 0x1, 0xda,
    0x0, 0xd0, 0x9, 0x40, 0x6, 0x20, 0x1c, 0xe0,
    0x7, 0x0, 0xc8, 0x16, 0x1, 0x0,

    /* U+0176 "Ŷ" */
    0x0, 0xe6, 0x86, 0x0, 0xff, 0x44, 0xb4, 0xb8,
    0x7, 0xe7, 0x72, 0x72, 0x43, 0x80, 0x78, 0x45,
    0x36, 0x17, 0x22, 0x1, 0xe1, 0x66, 0x0, 0x4c,
    0xc0, 0xd, 0x7f, 0xc0, 0x1f, 0x77, 0xe0, 0x48,
    0xc, 0x0, 0x74, 0x8, 0x78, 0x13, 0x3, 0x90,
    0x4, 0x2e, 0xc, 0x60, 0x8, 0x10, 0x80, 0xa,
    0xc0, 0x10, 0x1, 0xc, 0x2, 0xa0, 0x1a, 0x84,
    0x8, 0x6, 0x62, 0x9, 0xf, 0x1, 0x70, 0xf,
    0x48, 0x15, 0x98, 0x58, 0x7, 0xc8, 0x80, 0x40,
    0x35, 0x0, 0xfd, 0x20, 0x17, 0x80, 0x7f, 0x12,
    0x82, 0x18, 0x7, 0xff, 0xfc, 0x3, 0xff, 0x84,

    /* U+0177 "ŷ" */
    0x0, 0xc9, 0xfe, 0x90, 0xf, 0x8a, 0xc5, 0x19,
    0xc0, 0x38, 0x70, 0x36, 0xce, 0x14, 0x3, 0x1d,
    0x69, 0x86, 0xdb, 0x0, 0x62, 0x42, 0x0, 0xa,
    0x18, 0x2, 0x3f, 0x80, 0x3d, 0x5f, 0x72, 0x2,
    0x80, 0x1c, 0xa1, 0xc2, 0xa1, 0xe0, 0x19, 0x80,
    0x54, 0x38, 0x10, 0x40, 0x2a, 0x6, 0x0, 0x21,
    0x3, 0x0, 0x8, 0xc2, 0x80, 0x2a, 0x9, 0x0,
    0x50, 0x19, 0x0, 0x4c, 0x2, 0x80, 0xc1, 0x40,
    0x18, 0x58, 0x3d, 0x44, 0x18, 0x3, 0xa8, 0x12,
    0x41, 0x80, 0x3c, 0x66, 0x3, 0xa, 0x0, 0xfa,
    0x80, 0x4, 0x60, 0x1f, 0x30, 0x2, 0x80, 0x3f,
    0x18, 0x1, 0x80, 0x3f, 0x50, 0x28, 0x80, 0x7e,
    0x70, 0xe0, 0xf, 0xca, 0x22, 0x40, 0xf, 0xde,
    0xc, 0x1, 0xe0,

    /* U+0178 "Ÿ" */
    0x0, 0xb3, 0xd8, 0x17, 0xf4, 0x3, 0xff, 0x93,
    0xda, 0xe0, 0x9b, 0xe0, 0x1f, 0x11, 0x4, 0x4,
    0x88, 0x1, 0xaf, 0xf8, 0x3, 0xee, 0xfc, 0x9,
    0x1, 0x80, 0xe, 0x81, 0xf, 0x2, 0x60, 0x72,
    0x0, 0x85, 0xc1, 0x8c, 0x1, 0x2, 0x10, 0x1,
    0x58, 0x2, 0x0, 0x21, 0x80, 0x54, 0x3, 0x50,
    0x81, 0x0, 0xcc, 0x41, 0x21, 0xe0, 0x2e, 0x1,
    0xe9, 0x2, 0xb3, 0xb, 0x0, 0xf9, 0x10, 0x8,
    0x6, 0xa0, 0x1f, 0xa4, 0x2, 0xf0, 0xf, 0xe2,
    0x50, 0x43, 0x0, 0xff, 0xff, 0x80, 0x7f, 0xf0,
    0x80,

    /* U+0179 "Ź" */
    0x0, 0xf3, 0x7b, 0x0, 0x7f, 0xa8, 0x18, 0x3,
    0xf8, 0xcc, 0xc0, 0x1f, 0xe4, 0x3b, 0x0, 0xff,
    0x3e, 0x10, 0x7, 0x3f, 0xff, 0xfc, 0x20, 0x1f,
    0xf4, 0xb, 0x6e, 0xfb, 0x0, 0x4, 0xe0, 0x24,
    0x5e, 0x90, 0x4, 0x80, 0x7e, 0x35, 0x5, 0x40,
    0xf, 0xdc, 0x0, 0xb0, 0xf, 0xcc, 0x41, 0x2,
    0x1, 0xf0, 0xc8, 0x13, 0x80, 0x7e, 0xb0, 0x4,
    0x80, 0x7e, 0x35, 0x4, 0x40, 0x7, 0xee, 0x0,
    0x48, 0x7, 0xe6, 0x20, 0x72, 0x0, 0xf8, 0x64,
    0xa, 0x0, 0x3f, 0x58, 0x2, 0x88, 0xbe, 0x3,
    0x50, 0x4, 0x6e, 0xfc, 0x1e, 0x1, 0xff, 0xc0,

    /* U+017A "ź" */
    0x0, 0xf3, 0xfa, 0x80, 0x7e, 0xa1, 0x50, 0xf,
    0x90, 0x98, 0x3, 0xf6, 0x1d, 0x0, 0x7e, 0x8c,
    0x20, 0xd, 0xff, 0xfd, 0x60, 0x1f, 0xc3, 0x41,
    0xff, 0xd8, 0x0, 0xb1, 0x0, 0xf7, 0x2, 0xa8,
    0x3, 0xd0, 0x43, 0x60, 0x1e, 0x47, 0xa, 0x10,
    0xe, 0x1a, 0x7, 0x40, 0xf, 0x58, 0x94, 0x0,
    0x79, 0x54, 0x1e, 0x1, 0xe1, 0xa0, 0x82, 0x0,
    0xf6, 0x80, 0x23, 0xff, 0xa1, 0x8c, 0x3, 0xf8,

    /* U+017B "Ż" */
    0x0, 0xe4, 0x64, 0x0, 0xff, 0x7c, 0xc0, 0x7,
    0xff, 0x2e, 0xff, 0x0, 0x3f, 0xf8, 0xcf, 0xff,
    0xff, 0x8, 0x7, 0xfd, 0x2, 0xdb, 0xbe, 0xc0,
    0x1, 0x38, 0x9, 0x17, 0xa4, 0x1, 0x20, 0x1f,
    0x8d, 0x41, 0x50, 0x3, 0xf7, 0x0, 0x2c, 0x3,
    0xf3, 0x10, 0x40, 0x80, 0x7c, 0x32, 0x4, 0xe0,
    0x1f, 0xac, 0x1, 0x20, 0x1f, 0x8d, 0x41, 0x10,
    0x1, 0xfb, 0x80, 0x12, 0x1, 0xf9, 0x88, 0x1c,
    0x80, 0x3e, 0x19, 0x2, 0x80, 0xf, 0xd6, 0x0,
    0xa2, 0x2f, 0x80, 0xd4, 0x1, 0x1b, 0xbf, 0x7,
    0x80, 0x7f, 0xf0, 0x0,

    /* U+017C "ż" */
    0x0, 0xc2, 0xcc, 0x10, 0xf, 0x8e, 0x64, 0xa0,
    0x1f, 0xfc, 0x62, 0xff, 0x20, 0x7, 0xff, 0xf,
    0xff, 0xfa, 0xc0, 0x3f, 0x86, 0x83, 0xff, 0xb0,
    0x1, 0x62, 0x1, 0xee, 0x5, 0x50, 0x7, 0xa0,
    0x86, 0xc0, 0x3c, 0x8e, 0x14, 0x20, 0x1c, 0x34,
    0xe, 0x80, 0x1e, 0xb1, 0x28, 0x0, 0xf2, 0xa8,
    0x3c, 0x3, 0xc3, 0x41, 0x4, 0x1, 0xed, 0x0,
    0x47, 0xff, 0x43, 0x18, 0x7, 0xf0,

    /* U+017D "Ž" */
    0x0, 0xc, 0x38, 0x0, 0x61, 0xc0, 0x38, 0x42,
    0x28, 0x71, 0xcc, 0x3, 0xd0, 0xcb, 0xc5, 0x68,
    0x1, 0xf4, 0xc9, 0xed, 0x0, 0x3f, 0x9a, 0x10,
    0x3, 0x9f, 0xff, 0xfe, 0x10, 0xf, 0xfa, 0x5,
    0xb7, 0x7d, 0x80, 0x2, 0x70, 0x12, 0x2f, 0x48,
    0x2, 0x40, 0x3f, 0x1a, 0x82, 0xa0, 0x7, 0xee,
    0x0, 0x58, 0x7, 0xe6, 0x20, 0x81, 0x0, 0xf8,
    0x64, 0x9, 0xc0, 0x3f, 0x58, 0x2, 0x40, 0x3f,
    0x1a, 0x82, 0x20, 0x3, 0xf7, 0x0, 0x24, 0x3,
    0xf3, 0x10, 0x39, 0x0, 0x7c, 0x32, 0x5, 0x0,
    0x1f, 0xac, 0x1, 0x44, 0x5f, 0x1, 0xa8, 0x2,
    0x37, 0x7e, 0xf, 0x0, 0xff, 0xe0, 0x0,

    /* U+017E "ž" */
    0x0, 0x24, 0x28, 0x1, 0x21, 0x40, 0x24, 0x45,
    0x2a, 0x5a, 0xa0, 0x6, 0xd2, 0xab, 0x1c, 0x10,
    0xc, 0x39, 0xf, 0x82, 0x1, 0xe1, 0x78, 0x20,
    0xd, 0xff, 0xfd, 0x60, 0x1f, 0xc3, 0x41, 0xff,
    0xd8, 0x0, 0xb1, 0x0, 0xf7, 0x2, 0xa8, 0x3,
    0xd0, 0x43, 0x60, 0x1e, 0x47, 0xa, 0x10, 0xe,
    0x1a, 0x7, 0x40, 0xf, 0x58, 0x94, 0x0, 0x79,
    0x54, 0x1e, 0x1, 0xe1, 0xa0, 0x82, 0x0, 0xf6,
    0x80, 0x23, 0xff, 0xa1, 0x8c, 0x3, 0xf8,

    /* U+0374 "ʹ" */
    0x5, 0xf7, 0xe, 0x6, 0x24, 0x51, 0x43, 0x90,

    /* U+0375 "͵" */
    0x3, 0xc6, 0x9, 0x34, 0x15, 0x32, 0x60, 0x90,

    /* U+037E ";" */
    0x9f, 0xd0, 0xa, 0xa6, 0xd, 0x94, 0x3, 0xff,
    0x86, 0xb3, 0x18, 0xca, 0x1, 0x4d, 0x1, 0xc2,
    0x3d, 0x48,

    /* U+0384 "΄" */
    0x0, 0x56, 0x0, 0x9, 0x58, 0x1, 0x61, 0x20,
    0x6, 0x33, 0x0,

    /* U+0385 "΅" */
    0x0, 0xc7, 0x28, 0x0, 0x12, 0x0, 0x43, 0x30,
    0x89, 0x7a, 0xa4, 0x8a, 0x7b, 0x80, 0x15, 0x84,
    0x80, 0x40,

    /* U+0386 "Ά" */
    0x0, 0x6f, 0x2, 0xff, 0xca, 0x1, 0xe4, 0x26,
    0xf, 0x0, 0xbc, 0x3, 0xdc, 0x14, 0xa, 0x4,
    0xa, 0x1, 0xe6, 0x61, 0x20, 0x3, 0x80, 0x8,
    0x1, 0xd9, 0x21, 0xa0, 0x66, 0x20, 0xd0, 0xf,
    0xce, 0x16, 0x14, 0xe, 0x1, 0xf2, 0x8, 0x30,
    0x28, 0x9, 0x80, 0x7b, 0x40, 0xc4, 0x8, 0x81,
    0x40, 0x1e, 0x70, 0xb0, 0x9, 0x41, 0xc0, 0x38,
    0xc4, 0x14, 0x2, 0xb0, 0x13, 0x0, 0xd6, 0x0,
    0xdf, 0xfb, 0x0, 0x16, 0x1, 0x94, 0x3, 0xf9,
    0x40, 0x22, 0x20, 0x5e, 0xef, 0x50, 0x11, 0x0,
    0x14, 0x2, 0x84, 0x5c, 0xa2, 0xa, 0x0, 0x50,
    0x60, 0xf, 0x9c, 0x28, 0x8, 0x81, 0x60, 0x1f,
    0x68, 0x11, 0x0,

    /* U+0387 "·" */
    0x3d, 0xa0, 0x92, 0x53, 0xe0, 0x33, 0x0,

    /* U+0388 "Έ" */
    0x4, 0xf8, 0xf, 0xff, 0xf0, 0x87, 0x5, 0x0,
    0x7f, 0xf0, 0x5, 0x50, 0x80, 0x2a, 0xdd, 0xf8,
    0x50, 0xfc, 0x3, 0x9, 0x17, 0xc0, 0xb8, 0x80,
    0x1f, 0xfd, 0x81, 0x22, 0xe1, 0x0, 0xfe, 0xad,
    0xdf, 0x0, 0x7f, 0xf3, 0x6f, 0xff, 0xb0, 0x3,
    0xff, 0xda, 0x24, 0x5f, 0x0, 0x7e, 0xad, 0xdf,
    0x84, 0x3, 0xff, 0x88,

    /* U+0389 "Ή" */
    0x6, 0xf6, 0x3f, 0xf0, 0x80, 0x7d, 0xfe, 0x40,
    0xb1, 0x60, 0xf, 0xfe, 0x11, 0x93, 0x0, 0x7f,
    0xf0, 0xd0, 0xe8, 0x3, 0xff, 0x86, 0xf8, 0x40,
    0x1f, 0xfe, 0xee, 0xff, 0xf8, 0x3, 0xff, 0xa1,
    0x9b, 0xbf, 0x0, 0x7f, 0x88, 0xbf, 0x0, 0x7f,
    0xff, 0xc0, 0x3f, 0xf8, 0xc0,

    /* U+038A "Ί" */
    0x6, 0xf6, 0x4f, 0xf0, 0x2, 0xc5, 0x80, 0x31,
    0x93, 0x0, 0x72, 0x1d, 0x0, 0x73, 0xe1, 0x0,
    0x7f, 0xff, 0xc0, 0x3f, 0xf8, 0xc0,

    /* U+038C "Ό" */
    0x4, 0xf8, 0x0, 0xb, 0xe7, 0xfd, 0x8e, 0x20,
    0x1b, 0xc2, 0x41, 0x3e, 0xc, 0x2, 0x38, 0xf4,
    0x0, 0xa, 0x20, 0x52, 0xc4, 0x51, 0x9b, 0x8e,
    0x3, 0x66, 0xe, 0x7e, 0x14, 0x5, 0xee, 0x64,
    0x71, 0xa2, 0x1c, 0xd, 0x88, 0xc2, 0x1c, 0x20,
    0x1c, 0x54, 0x4, 0xa0, 0x16, 0x81, 0x98, 0x3,
    0xe4, 0x20, 0xf0, 0x9, 0x41, 0x40, 0x3f, 0x90,
    0x1c, 0x2, 0x10, 0xe0, 0xf, 0xe1, 0x3, 0x0,
    0xff, 0xe4, 0x88, 0x78, 0x7, 0xf0, 0x81, 0x80,
    0x4a, 0x8, 0x1, 0xfc, 0x80, 0xe0, 0x16, 0x81,
    0x98, 0x3, 0xe4, 0x20, 0xf0, 0x9, 0x84, 0x38,
    0x40, 0x38, 0xa8, 0x9, 0x40, 0x35, 0x1, 0x7b,
    0x99, 0x1c, 0x68, 0x87, 0x0, 0x72, 0x58, 0x8a,
    0x33, 0x71, 0xc0, 0x6c, 0xc0, 0x3c, 0x9f, 0x6,
    0x1, 0x1c, 0x7a, 0x0, 0x0,

    /* U+038E "Ύ" */
    0x2, 0xfb, 0x1f, 0xf4, 0x80, 0x79, 0x3f, 0xcc,
    0x14, 0x1e, 0x30, 0xc, 0x60, 0x1d, 0x20, 0x4c,
    0xc, 0x48, 0xe, 0x21, 0xe0, 0x19, 0xc8, 0x24,
    0xc, 0xac, 0x2, 0xb0, 0x35, 0x0, 0xc, 0x82,
    0xa0, 0x1e, 0x30, 0x4, 0xa6, 0x16, 0x0, 0x81,
    0x8, 0x0, 0xfe, 0xf0, 0x18, 0x26, 0x7, 0x20,
    0xf, 0xe3, 0x50, 0x7e, 0x1, 0x80, 0xf, 0xfa,
    0xc0, 0x6, 0x10, 0x1, 0xff, 0xc0, 0x18, 0x0,
    0x1b, 0x0, 0x7f, 0xf0, 0x5c, 0x1, 0x20, 0x1f,
    0xff, 0xf0, 0xf, 0xfe, 0xd0,

    /* U+038F "Ώ" */
    0x2, 0xfa, 0x0, 0x9a, 0xfb, 0xfd, 0x8e, 0x20,
    0x1d, 0x41, 0x20, 0x5b, 0x28, 0x20, 0x3, 0x8f,
    0x40, 0xc, 0xe4, 0x65, 0x84, 0xd, 0x7b, 0x8e,
    0x3, 0x68, 0x0, 0x43, 0x80, 0xe1, 0xb, 0x94,
    0x23, 0x8d, 0x10, 0xa0, 0x2, 0x62, 0xa1, 0x84,
    0x20, 0x7, 0x15, 0x0, 0xb8, 0x6, 0xd0, 0x3,
    0x80, 0x7c, 0x86, 0x16, 0x1, 0x94, 0x10, 0x3,
    0xf9, 0x0, 0xc0, 0x31, 0x1, 0x0, 0x7f, 0x70,
    0x0, 0x40, 0x23, 0x0, 0xff, 0xe1, 0x8, 0x4,
    0xc0, 0x40, 0x1f, 0xdc, 0x2, 0x1, 0xb0, 0x10,
    0x3, 0xf9, 0x1, 0x0, 0x33, 0x0, 0x18, 0x3,
    0xe3, 0x30, 0x48, 0x6, 0x18, 0x9, 0x20, 0xf,
    0x70, 0x29, 0x80, 0x61, 0x54, 0xc, 0x40, 0x8,
    0xb0, 0x89, 0x2, 0x1, 0xb7, 0x48, 0x3, 0xe0,
    0x12, 0x98, 0x16, 0xf0, 0x7, 0xff, 0x20,

    /* U+0390 "ΐ" */
    0x0, 0xc2, 0xc6, 0x1, 0xf4, 0xc9, 0xc0, 0x29,
    0xf6, 0x7, 0x24, 0xff, 0x0, 0x66, 0x8, 0x0,
    0xd1, 0xae, 0xed, 0x50, 0xdd, 0x0, 0x90, 0x88,
    0x80, 0x4, 0x40, 0xd, 0x9f, 0x0, 0x1f, 0xff,
    0xf0, 0xc, 0x20, 0x1f, 0x30, 0x39, 0x80, 0x7b,
    0x80, 0x73, 0xfc, 0x1, 0x92, 0x8c, 0x0, 0x20,

    /* U+0391 "Α" */
    0x0, 0xe9, 0xff, 0x84, 0x3, 0xfc, 0xe0, 0x13,
    0x80, 0x7f, 0x18, 0x81, 0x6, 0x80, 0x7f, 0x58,
    0x15, 0x82, 0x0, 0x7f, 0x28, 0x2b, 0x80, 0x14,
    0x3, 0xe2, 0x20, 0x58, 0xa0, 0x78, 0x7, 0xd4,
    0x4, 0x61, 0xa0, 0xa0, 0x1f, 0x28, 0x28, 0x1,
    0xc0, 0xa, 0x1, 0xc4, 0x40, 0xb0, 0x0, 0x98,
    0x78, 0x7, 0x28, 0x9, 0x80, 0x56, 0xa, 0x1,
    0xd6, 0x3, 0xff, 0xa0, 0x0, 0x80, 0x10, 0x98,
    0x7, 0xf6, 0x80, 0x4e, 0x3, 0xbb, 0xe7, 0x7,
    0x0, 0xa8, 0x10, 0x8b, 0xd4, 0x2, 0x60, 0x26,
    0x1c, 0x1, 0xe2, 0x20, 0x50, 0x38, 0x1, 0x0,
    0x3e, 0x50, 0x70,

    /* U+0392 "Β" */
    0x7f, 0xff, 0xac, 0xc0, 0x3f, 0xe4, 0xc4, 0x0,
    0xc3, 0xbb, 0xac, 0x82, 0x80, 0x38, 0x8b, 0x27,
    0x0, 0x98, 0x7, 0xf1, 0x80, 0x18, 0x3, 0xf8,
    0xc0, 0xc, 0x1, 0x88, 0xb2, 0x70, 0x11, 0x80,
    0x43, 0xbb, 0xac, 0x87, 0xc0, 0x3f, 0xe1, 0x80,
    0xc, 0x3f, 0xfd, 0x40, 0xb0, 0x1, 0xfc, 0xb0,
    0xe, 0x1, 0xfe, 0x30, 0x0, 0x80, 0x7f, 0x60,
    0x0, 0x40, 0x22, 0x2c, 0x70, 0xe0, 0x80, 0x10,
    0xee, 0xec, 0x70, 0x19, 0x0, 0xfe, 0x16, 0xf2,
    0x0,

    /* U+0393 "Γ" */
    0x7f, 0xff, 0xea, 0x0, 0xff, 0xe0, 0x96, 0xef,
    0xd6, 0x1, 0x11, 0x7c, 0x20, 0x1f, 0xff, 0xf0,
    0xf, 0xff, 0x68,

    /* U+0394 "Δ" */
    0x0, 0xe9, 0xff, 0x84, 0x3, 0xfc, 0xe0, 0x13,
    0x80, 0x7f, 0x18, 0x81, 0x6, 0x80, 0x7f, 0x58,
    0x15, 0x82, 0x0, 0x7f, 0x28, 0x2b, 0x80, 0x14,
    0x3, 0xe2, 0x20, 0x58, 0x98, 0x78, 0x7, 0xd4,
    0x2, 0x61, 0x40, 0xa0, 0x1f, 0x28, 0x38, 0x1,
    0xc0, 0xa, 0x1, 0xc4, 0x40, 0xa0, 0x0, 0x98,
    0x78, 0x7, 0x28, 0x9, 0x80, 0x56, 0xa, 0x1,
    0xd6, 0xe, 0x1, 0x94, 0x0, 0x80, 0x10, 0x98,
    0x68, 0x6, 0x23, 0xd, 0x0, 0x9c, 0x5, 0x0,
    0x3a, 0xc1, 0xc0, 0x2a, 0x5, 0x22, 0xf1, 0x80,
    0x98, 0x9, 0x82, 0x6e, 0xfa, 0xc0, 0x14, 0xe,
    0x1, 0xff, 0xc0, 0x70,

    /* U+0395 "Ε" */
    0x7f, 0xff, 0xea, 0x0, 0xff, 0xe0, 0x96, 0xef,
    0xd6, 0x1, 0x11, 0x7c, 0x20, 0x1f, 0xfc, 0xd2,
    0x2f, 0x0, 0x62, 0xdd, 0xf2, 0x80, 0x7f, 0xf0,
    0x8b, 0xff, 0xca, 0x1, 0xff, 0xd9, 0x22, 0xf8,
    0x40, 0x5, 0xbb, 0xf5, 0x80, 0x7f, 0xc0,

    /* U+0396 "Ζ" */
    0x7f, 0xff, 0xf8, 0x40, 0x3f, 0xe8, 0x16, 0xdd,
    0xf6, 0x0, 0x9, 0xc0, 0x48, 0xbd, 0x20, 0x9,
    0x0, 0xfc, 0x6a, 0xa, 0x80, 0x1f, 0xb8, 0x1,
    0x60, 0x1f, 0x98, 0x82, 0x4, 0x3, 0xe1, 0x90,
    0x27, 0x0, 0xfd, 0x60, 0x9, 0x0, 0xfc, 0x6a,
    0x8, 0x80, 0xf, 0xdc, 0x0, 0x90, 0xf, 0xcc,
    0x40, 0xe4, 0x1, 0xf0, 0xc8, 0x14, 0x0, 0x7e,
    0xb0, 0x5, 0x11, 0x7c, 0x6, 0xa0, 0x8, 0xdd,
    0xf8, 0x3c, 0x3, 0xff, 0x80,

    /* U+0397 "Η" */
    0x7f, 0xd0, 0xf, 0x8f, 0xfc, 0x20, 0x1f, 0xff,
    0xf0, 0xf, 0xf8, 0xbf, 0xfe, 0xc0, 0xf, 0xfe,
    0x39, 0x6e, 0xfd, 0x40, 0x1e, 0x22, 0xf9, 0x80,
    0x3f, 0xff, 0xa0,

    /* U+0398 "Θ" */
    0x0, 0xc7, 0x3b, 0xfe, 0xeb, 0x50, 0xf, 0xa3,
    0x18, 0x80, 0x2, 0x95, 0x82, 0x1, 0xa5, 0xc0,
    0xe7, 0x36, 0x94, 0xf, 0x0, 0x24, 0x60, 0x5c,
    0x63, 0x25, 0xaa, 0x1, 0x48, 0x3, 0xc0, 0xa8,
    0x3, 0xca, 0xc0, 0xc0, 0x4, 0xa, 0x0, 0xfd,
    0x60, 0x5, 0x30, 0x2, 0x0, 0x7e, 0x20, 0x6,
    0xb0, 0x0, 0x42, 0xff, 0xf8, 0x0, 0x40, 0x20,
    0x1c, 0x46, 0x7c, 0x1, 0xcc, 0x0, 0x10, 0x9c,
    0xce, 0x0, 0x10, 0x9, 0x80, 0x10, 0x3, 0xf1,
    0x0, 0x34, 0x10, 0x28, 0x3, 0xf5, 0x80, 0x10,
    0x3c, 0xa, 0x40, 0x3c, 0xac, 0xc, 0x20, 0x8c,
    0xd, 0x8a, 0x44, 0x4a, 0xa0, 0x14, 0x80, 0x52,
    0xe0, 0x75, 0xba, 0xb5, 0x3, 0xc0, 0xe, 0x8c,
    0x62, 0x0, 0xa, 0x56, 0x8, 0x0,

    /* U+0399 "Ι" */
    0x3f, 0xf0, 0x80, 0x7f, 0xfc, 0x0,

    /* U+039A "Κ" */
    0x7f, 0xd0, 0xe, 0x1e, 0xfd, 0x10, 0xf, 0xda,
    0x22, 0xc1, 0x0, 0xfa, 0xcc, 0x70, 0x40, 0x3e,
    0xa4, 0xd, 0x20, 0xf, 0xa1, 0x42, 0xcc, 0x3,
    0xe6, 0x70, 0x94, 0x0, 0xf9, 0x24, 0x1d, 0x80,
    0x3e, 0x2b, 0x5, 0x80, 0xf, 0xc2, 0x20, 0x71,
    0x0, 0xfc, 0x78, 0x25, 0x82, 0x1, 0xf8, 0xb4,
    0xb, 0x40, 0x3f, 0x8e, 0xc0, 0xec, 0x3, 0xf9,
    0x28, 0x12, 0x80, 0x3f, 0x96, 0x41, 0x60, 0x3,
    0xf9, 0xa0, 0x1d, 0xc0, 0x1f, 0xce, 0xe0, 0x86,

    /* U+039B "Λ" */
    0x0, 0xee, 0xff, 0x58, 0x7, 0xf1, 0x88, 0x1,
    0x4, 0x3, 0xf5, 0x80, 0x80, 0x10, 0x3, 0xf2,
    0x83, 0x20, 0x70, 0x7, 0xc4, 0x40, 0xbd, 0x4,
    0x0, 0xfa, 0x80, 0x4d, 0xc0, 0xa, 0x1, 0xe5,
    0x6, 0x1, 0x30, 0xf0, 0xe, 0x22, 0x5, 0x80,
    0x28, 0x14, 0x3, 0x94, 0x4, 0xc0, 0xe, 0x0,
    0x40, 0xd, 0x60, 0xe0, 0x10, 0x98, 0x68, 0x4,
    0x26, 0x1a, 0x1, 0xac, 0x1c, 0x2, 0x60, 0x14,
    0x0, 0xca, 0x2, 0x80, 0xb, 0x4, 0x0, 0xe2,
    0x30, 0xd0, 0x13, 0xe, 0x0, 0xf5, 0x83, 0x83,
    0x80, 0x10, 0x3, 0xca, 0x2, 0x7a, 0xa, 0x1,
    0xf1, 0x10, 0x2c,

    /* U+039C "Μ" */
    0x7f, 0xd0, 0xf, 0xf1, 0x7f, 0x88, 0x0, 0x4a,
    0x1, 0xfd, 0x0, 0x1e, 0x80, 0xf, 0xc4, 0xa0,
    0x1e, 0x24, 0x0, 0xfa, 0xc0, 0x3f, 0x40, 0x7,
    0x85, 0x80, 0x3c, 0x60, 0x66, 0x0, 0xe9, 0x3,
    0x0, 0xe7, 0x60, 0x80, 0xc, 0x2e, 0x12, 0x1,
    0xeb, 0x4, 0x30, 0x9, 0x80, 0x94, 0x3, 0xc4,
    0xa1, 0x20, 0x14, 0x85, 0x80, 0x7e, 0x90, 0x52,
    0x6, 0x11, 0x30, 0x7, 0xe3, 0x40, 0xb0, 0x80,
    0x90, 0xf, 0xf7, 0x83, 0x40, 0x89, 0xc0, 0x3f,
    0xc8, 0x40, 0xe0, 0xc0, 0x1f, 0xfc, 0x8, 0x0,
    0xa4, 0x3, 0xff, 0x80, 0xa4, 0xc, 0x20, 0x1f,
    0xfc, 0x1b, 0xb, 0x0, 0xf8,

    /* U+039D "Ν" */
    0x7f, 0xf1, 0x80, 0x79, 0x7f, 0xc0, 0x17, 0x0,
    0x7f, 0xf0, 0xa, 0x0, 0x3f, 0xf8, 0xe, 0x60,
    0x1f, 0xc2, 0x41, 0xe0, 0x1f, 0xee, 0x3, 0x70,
    0xf, 0xe3, 0x70, 0x82, 0x0, 0xfe, 0x82, 0xe,
    0x0, 0xff, 0x70, 0x1b, 0x80, 0x7f, 0x1b, 0x4,
    0x10, 0x7, 0xf4, 0x88, 0x70, 0x7, 0xfa, 0x80,
    0xf8, 0x3, 0xf9, 0x18, 0x10, 0x3, 0xfd, 0x2,
    0x1, 0xff, 0xd, 0x80, 0x7f, 0xf0, 0x15, 0x40,
    0x0,

    /* U+039E "Ξ" */
    0x7f, 0xff, 0xfe, 0x1, 0x0, 0x7f, 0xf0, 0x9b,
    0x77, 0xff, 0x80, 0x42, 0x45, 0xff, 0xc0, 0x0,
    0xff, 0xf0, 0x2f, 0xff, 0xf8, 0x3, 0xff, 0x8a,
    0xbb, 0xbf, 0xe0, 0xc, 0x45, 0xfe, 0x0, 0xff,
    0xe9, 0x91, 0x7f, 0xf0, 0x1, 0xf7, 0x7f, 0xf8,
    0x4, 0x1, 0xff, 0xc2,

    /* U+039F "Ο" */
    0x0, 0xc7, 0x3b, 0xfe, 0xeb, 0x50, 0xf, 0xa3,
    0x18, 0x80, 0x2, 0x95, 0x82, 0x1, 0xa5, 0xc0,
    0xe7, 0x36, 0x94, 0xf, 0x0, 0x24, 0x60, 0x5c,
    0x63, 0x25, 0xaa, 0x1, 0x48, 0x3, 0xc0, 0xa8,
    0x3, 0xca, 0xc0, 0xc0, 0x4, 0xa, 0x0, 0xfd,
    0x60, 0x5, 0x30, 0x2, 0x0, 0x7e, 0x20, 0x6,
    0xb0, 0x0, 0x40, 0x3f, 0x88, 0x4, 0x3, 0xff,
    0x88, 0xc0, 0x1, 0x0, 0xfe, 0x20, 0x13, 0x0,
    0x20, 0x7, 0xe2, 0x0, 0x68, 0x20, 0x50, 0x7,
    0xeb, 0x0, 0x20, 0x78, 0x14, 0x80, 0x79, 0x58,
    0x18, 0x41, 0x18, 0x1b, 0x14, 0x88, 0x95, 0x40,
    0x29, 0x0, 0xa5, 0xc0, 0xeb, 0x75, 0x6a, 0x7,
    0x80, 0x1d, 0x18, 0xc4, 0x0, 0x14, 0xac, 0x10,
    0x0,

    /* U+03A0 "Π" */
    0x7f, 0xff, 0xfe, 0x1, 0x0, 0x7f, 0xf1, 0xb,
    0x77, 0xeb, 0x0, 0xf1, 0x17, 0xcc, 0x1, 0xff,
    0xff, 0x0, 0xff, 0xff, 0x80, 0x7f, 0xf2, 0x40,

    /* U+03A1 "Ρ" */
    0x7f, 0xff, 0xb6, 0x4, 0x3, 0xfc, 0x4f, 0x82,
    0x1, 0x17, 0x76, 0xd8, 0x2, 0x80, 0xc, 0x23,
    0x89, 0xd8, 0x18, 0x3, 0xfd, 0xa0, 0x1, 0x0,
    0xff, 0xe5, 0x60, 0x0, 0x40, 0x3f, 0x33, 0x82,
    0x80, 0x45, 0xff, 0xd2, 0x3, 0x60, 0x1f, 0xe5,
    0xc1, 0x0, 0x8b, 0x77, 0x77, 0xd1, 0x0, 0x71,
    0x16, 0x10, 0xf, 0xff, 0x68,

    /* U+03A3 "Σ" */
    0x7f, 0xff, 0xf4, 0x0, 0x7f, 0xf0, 0x14, 0x40,
    0x73, 0x77, 0xd2, 0x58, 0x22, 0xf2, 0x2f, 0x8,
    0x16, 0x9, 0xe0, 0x7, 0xe2, 0xd0, 0x3b, 0x0,
    0xfc, 0x78, 0x9, 0x60, 0x1f, 0x8e, 0xc1, 0x2c,
    0x3, 0xf3, 0x80, 0x7f, 0x8f, 0x1, 0x2c, 0x3,
    0xc5, 0xa0, 0x96, 0x1, 0xe2, 0xc1, 0x3b, 0x0,
    0xf1, 0x60, 0x9e, 0x0, 0x78, 0x70, 0x45, 0xe4,
    0x5e, 0x6, 0x10, 0x1c, 0xdd, 0xf3, 0x0, 0x7f,
    0xf0, 0x0,

    /* U+03A4 "Τ" */
    0xcf, 0xff, 0xfe, 0x0, 0x80, 0x7f, 0xf0, 0xb7,
    0x79, 0x80, 0xb7, 0x78, 0x44, 0x45, 0x84, 0x4,
    0x8b, 0x80, 0x3f, 0xff, 0xe0, 0x1f, 0xff, 0xf0,
    0xf, 0xfe, 0x38,

    /* U+03A5 "Υ" */
    0xbf, 0xe0, 0xf, 0xbb, 0xf0, 0x24, 0x6, 0x0,
    0x3a, 0x4, 0x3c, 0x9, 0x81, 0xc8, 0x2, 0x17,
    0x6, 0x30, 0x4, 0x8, 0x40, 0x5, 0x60, 0x8,
    0x0, 0x86, 0x1, 0x50, 0xd, 0x42, 0x4, 0x3,
    0x31, 0x4, 0x87, 0x80, 0xb8, 0x7, 0xa4, 0xa,
    0xcc, 0x2c, 0x3, 0xe4, 0x40, 0x20, 0x1a, 0x80,
    0x7e, 0x90, 0xb, 0xc0, 0x3f, 0x89, 0x41, 0xc,
    0x3, 0xff, 0xfe, 0x1, 0xff, 0xc2,

    /* U+03A6 "Φ" */
    0x0, 0xf1, 0x7f, 0x88, 0x3, 0xf8, 0xeb, 0x7c,
    0x1, 0xfb, 0x46, 0x1, 0xcf, 0x8a, 0x44, 0x0,
    0x11, 0x17, 0x1c, 0x2, 0x48, 0x2, 0x99, 0x0,
    0x26, 0x44, 0x10, 0xa0, 0x8, 0x2, 0xd6, 0x40,
    0x2, 0x36, 0x90, 0x40, 0x9, 0x84, 0x0, 0x7e,
    0x80, 0x22, 0x28, 0x1, 0x0, 0x3f, 0x20, 0x1,
    0xc4, 0x0, 0x20, 0x1f, 0x84, 0x0, 0x62, 0x0,
    0x10, 0xf, 0xf8, 0xd8, 0x0, 0x80, 0x1f, 0x90,
    0x0, 0xe4, 0x40, 0x80, 0xf, 0xd0, 0x4, 0x40,
    0x80, 0x2d, 0x74, 0x0, 0x2b, 0x69, 0x84, 0x0,
    0x16, 0x0, 0xa2, 0x40, 0x11, 0x24, 0xe, 0xa0,
    0x13, 0xe2, 0x91, 0x0, 0x4, 0x45, 0xc8, 0x0,
    0xe3, 0xad, 0xf0, 0x7, 0xed, 0x18, 0x7, 0xff,
    0x1c,

    /* U+03A7 "Χ" */
    0x5f, 0xf3, 0x80, 0x79, 0xff, 0xcc, 0xaa, 0x8,
    0x20, 0xc, 0x50, 0x8, 0xc1, 0x62, 0x1c, 0x1,
    0xa4, 0x1, 0x40, 0x1, 0xb0, 0x37, 0x0, 0x32,
    0x4, 0x88, 0x4, 0xaa, 0x8, 0x21, 0x80, 0x46,
    0x0, 0xeb, 0x10, 0xeb, 0x10, 0xa0, 0xf, 0xd,
    0x81, 0xa8, 0x48, 0x80, 0x7c, 0xaa, 0x0, 0x23,
    0x0, 0x7f, 0x30, 0x1, 0x80, 0x3f, 0x9c, 0xc0,
    0x5, 0x0, 0x1f, 0x14, 0x2, 0xb8, 0x39, 0x80,
    0x7b, 0x80, 0x6e, 0x8, 0x38, 0x3, 0x9c, 0xc2,
    0xc4, 0x24, 0xa, 0x0, 0x22, 0x80, 0x55, 0x0,
    0x11, 0x81, 0xcc, 0x1, 0xc0, 0x36, 0x1, 0xa0,
    0x43, 0x81, 0xcc, 0x20, 0x40, 0x30, 0xd0, 0x14,
    0x0,

    /* U+03A8 "Ψ" */
    0x7f, 0xb0, 0xb, 0xfc, 0x80, 0x6, 0xfc, 0x0,
    0xff, 0xff, 0x80, 0x7f, 0x8, 0x30, 0x7, 0xee,
    0x7, 0x50, 0x23, 0x0, 0xf9, 0x83, 0xc, 0x83,
    0x54, 0x2, 0x13, 0xc1, 0x6, 0xf, 0x11, 0x57,
    0x80, 0x2b, 0xc, 0x24, 0x40, 0xbd, 0x84, 0x3,
    0x93, 0x18, 0x2, 0x19, 0xee, 0x0, 0x2b, 0xec,
    0xc0, 0x3e, 0x10, 0x0, 0x80, 0x7f, 0xf5, 0x40,

    /* U+03A9 "Ω" */
    0x0, 0xc5, 0x3b, 0xfe, 0xea, 0x40, 0xf, 0x9f,
    0x58, 0x80, 0x2, 0xb7, 0x60, 0xe, 0x88, 0x0,
    0xce, 0x6d, 0x18, 0x26, 0x0, 0x46, 0xe0, 0x7e,
    0xc6, 0x4b, 0x8e, 0x7, 0x0, 0x8, 0x0, 0x68,
    0x80, 0x74, 0x20, 0x38, 0xa, 0x3, 0x88, 0x7,
    0xde, 0x0, 0x55, 0x0, 0x30, 0x3, 0xf2, 0x0,
    0x34, 0x40, 0xc, 0x1, 0xfc, 0x40, 0x22, 0x0,
    0xff, 0xe1, 0xb0, 0x0, 0x40, 0x3f, 0x88, 0x38,
    0x84, 0x2c, 0x3, 0xf1, 0x80, 0x10, 0x24, 0x18,
    0x3, 0xf4, 0x81, 0x98, 0x1c, 0x86, 0x80, 0x3c,
    0xaa, 0xf, 0x0, 0x14, 0x82, 0xd0, 0x6, 0x6a,
    0x8, 0x11, 0x1e, 0xd8, 0x1, 0x50, 0x2, 0x80,
    0x4, 0x6b, 0x0, 0x7f, 0x84, 0x3, 0x80,

    /* U+03AA "Ϊ" */
    0x6f, 0xc0, 0x7, 0xf8, 0xc0, 0x3f, 0x3e, 0xf0,
    0x3, 0x74, 0x62, 0x44, 0x0, 0x11, 0x0, 0x23,
    0xff, 0x8, 0x7, 0xff, 0xfc, 0x3, 0xff, 0xc6,

    /* U+03AB "Ϋ" */
    0x0, 0xb3, 0xd8, 0x17, 0xf4, 0x3, 0xff, 0x93,
    0xda, 0xe0, 0x9b, 0xe0, 0x1f, 0x11, 0x4, 0x4,
    0x88, 0x1, 0xaf, 0xf8, 0x3, 0xee, 0xfc, 0x9,
    0x1, 0x80, 0xe, 0x81, 0xf, 0x2, 0x60, 0x72,
    0x0, 0x85, 0xc1, 0x8c, 0x1, 0x2, 0x10, 0x1,
    0x58, 0x2, 0x0, 0x21, 0x80, 0x54, 0x3, 0x50,
    0x81, 0x0, 0xcc, 0x41, 0x21, 0xe0, 0x2e, 0x1,
    0xe9, 0x2, 0xb3, 0xb, 0x0, 0xf9, 0x10, 0x8,
    0x6, 0xa0, 0x1f, 0xa4, 0x2, 0xf0, 0xf, 0xe2,
    0x50, 0x43, 0x0, 0xff, 0xff, 0x80, 0x7f, 0xf0,
    0x80,

    /* U+03AC "ά" */
    0x0, 0xfa, 0x70, 0x3, 0xfc, 0x4c, 0xc0, 0xf,
    0xf5, 0x87, 0x0, 0x7f, 0x98, 0x90, 0x3, 0xfd,
    0xfa, 0x1, 0xff, 0xc9, 0x3b, 0xef, 0xe8, 0xe,
    0xf2, 0x0, 0x3e, 0x20, 0x80, 0xbe, 0x0, 0x63,
    0x80, 0x3c, 0xfd, 0x63, 0x10, 0xa, 0x0, 0x70,
    0xc0, 0xa4, 0xc0, 0x32, 0x3, 0x0, 0x75, 0x0,
    0x42, 0x0, 0xd0, 0xe, 0x50, 0xf, 0xfe, 0x20,
    0x80, 0x34, 0x3, 0x94, 0x3, 0x20, 0x30, 0x7,
    0x50, 0x6, 0x80, 0x1c, 0x31, 0x2a, 0x30, 0xc,
    0x70, 0x7, 0x9d, 0xaa, 0x62, 0x1, 0x9e, 0xd0,
    0x40, 0x9f, 0x0, 0x20,

    /* U+03AD "έ" */
    0x0, 0xe2, 0xc7, 0x0, 0xfd, 0x66, 0x80, 0x1f,
    0x98, 0xcc, 0x1, 0xf3, 0x5, 0x0, 0x7e, 0x6f,
    0x60, 0xf, 0xfe, 0x29, 0x57, 0x7f, 0x5a, 0x80,
    0x45, 0xaa, 0x20, 0x29, 0x56, 0x0, 0x80, 0x5,
    0x6e, 0x38, 0x6, 0x60, 0x55, 0x11, 0xc6, 0xd8,
    0x1, 0x41, 0xc, 0x2, 0x20, 0xa, 0x0, 0x73,
    0xfc, 0x40, 0x19, 0x80, 0x22, 0x21, 0x80, 0x68,
    0x7, 0xfd, 0xd0, 0x80, 0x42, 0x0, 0xc0, 0xc,
    0x8e, 0x2, 0x20, 0x95, 0x23, 0x9b, 0x89, 0xb,
    0x2, 0xad, 0xc6, 0x4, 0x90, 0x5c, 0x51, 0x1,
    0x4a, 0xb0,

    /* U+03AE "ή" */
    0x0, 0xf4, 0xf9, 0x80, 0x7e, 0x16, 0x33, 0x0,
    0x7e, 0x60, 0x90, 0xf, 0xed, 0x35, 0x0, 0xfe,
    0xac, 0x0, 0xe7, 0xf9, 0x2a, 0xef, 0xea, 0x10,
    0xc, 0xba, 0xa2, 0x2, 0xbe, 0x20, 0x11, 0x84,
    0x6e, 0x30, 0xc, 0x0, 0x69, 0x72, 0x39, 0x40,
    0x60, 0xc, 0xc0, 0x1b, 0x80, 0x4, 0x1, 0xf9,
    0xc0, 0x2, 0x0, 0x20, 0xf, 0xff, 0xc8,

    /* U+03AF "ί" */
    0x0, 0x4f, 0x98, 0x6, 0x63, 0x30, 0x4, 0xc1,
    0x40, 0x1b, 0xd, 0x80, 0x35, 0x60, 0x6, 0x3f,
    0xf0, 0x80, 0x7f, 0xfb, 0xc4, 0x1, 0x62, 0x0,
    0x24, 0x5, 0xef, 0x90, 0xb6, 0x10, 0x0, 0x80,

    /* U+03B0 "ΰ" */
    0x0, 0xe1, 0x63, 0x0, 0xfd, 0x12, 0x1, 0xd3,
    0xea, 0x2c, 0x65, 0xfc, 0x1, 0xcc, 0x12, 0x1,
    0xd1, 0xa8, 0xba, 0xa3, 0xb8, 0x0, 0x12, 0x12,
    0x20, 0x0, 0x88, 0x17, 0xf4, 0x1, 0xcb, 0xfe,
    0x0, 0xff, 0xf5, 0x88, 0x8, 0x7, 0x18, 0x0,
    0xc1, 0x80, 0x3b, 0x80, 0x7c, 0x8, 0xc0, 0x33,
    0x2, 0xb8, 0x3, 0x54, 0x93, 0x4, 0x34, 0x64,
    0x6, 0xb6, 0xcc, 0x11, 0x81, 0xad, 0x4, 0x0,
    0x71, 0x60,

    /* U+03B1 "α" */
    0x0, 0x8e, 0xfb, 0xfa, 0x3, 0xbc, 0x80, 0xf,
    0x88, 0x20, 0x2f, 0x80, 0x18, 0xe0, 0xf, 0x3f,
    0x58, 0xc4, 0x2, 0x80, 0x1c, 0x30, 0x29, 0x30,
    0xc, 0x80, 0xc0, 0x1d, 0x40, 0x10, 0x80, 0x34,
    0x3, 0x94, 0x3, 0xff, 0x88, 0x20, 0xd, 0x0,
    0xe5, 0x0, 0xc8, 0xc, 0x1, 0xd4, 0x1, 0xa0,
    0x7, 0xc, 0x4a, 0x8c, 0x3, 0x1c, 0x1, 0xe7,
    0x6a, 0x98, 0x80, 0x67, 0xb4, 0x10, 0x27, 0xc0,
    0x8,

    /* U+03B2 "β" */
    0x0, 0x2d, 0xff, 0xb6, 0x4, 0x3, 0x45, 0x20,
    0x0, 0x9f, 0x4, 0x0, 0x4e, 0x7, 0x7b, 0x20,
    0x56, 0x0, 0x40, 0x6, 0xa1, 0x34, 0x2, 0x80,
    0x4, 0x4, 0x40, 0x11, 0x0, 0x78, 0xc0, 0x37,
    0x81, 0x0, 0x7c, 0xb8, 0xa1, 0x0, 0x1f, 0x71,
    0x80, 0x80, 0x7e, 0xd5, 0x11, 0x53, 0x0, 0x79,
    0xab, 0x98, 0x24, 0x3, 0xfa, 0x40, 0x8, 0x0,
    0x30, 0xf, 0xc2, 0x0, 0x12, 0x0, 0xca, 0x0,
    0x60, 0xb, 0xd8, 0x8d, 0xe8, 0x8, 0xc0, 0x22,
    0x9d, 0xc8, 0x1, 0xf0, 0x8, 0x5c, 0x80, 0x4,
    0xfe, 0x40, 0x11, 0xc6, 0xff, 0xb6, 0x4, 0x3,
    0xff, 0xcc,

    /* U+03B3 "γ" */
    0x6f, 0xe0, 0xe, 0x1f, 0xf1, 0xb0, 0xa, 0x0,
    0x66, 0x2, 0x30, 0x50, 0xe0, 0xd, 0x41, 0x40,
    0xe, 0x5, 0x0, 0x88, 0x80, 0xc0, 0x4, 0x10,
    0x60, 0x5, 0x2, 0x8, 0x4, 0xc1, 0xa0, 0x6,
    0xe, 0x0, 0xd4, 0x8, 0x28, 0x20, 0xa0, 0x18,
    0x8c, 0x1b, 0x41, 0x80, 0x3d, 0x41, 0x4c, 0x14,
    0x1, 0xe7, 0x2, 0x2, 0x30, 0xf, 0xa, 0x80,
    0x14, 0x3, 0xf7, 0x80, 0x28, 0x3, 0xf0, 0x80,
    0xc, 0x3, 0xff, 0xa8, 0xce, 0xe1, 0x0, 0xc0,

    /* U+03B4 "δ" */
    0x0, 0x93, 0x3f, 0xf9, 0x0, 0x30, 0xd9, 0x80,
    0x8e, 0x70, 0xc, 0x80, 0xd, 0xee, 0xc6, 0x1,
    0x84, 0x0, 0x20, 0x1f, 0xc8, 0x61, 0x94, 0x80,
    0x1f, 0xb4, 0x81, 0x6f, 0xe0, 0x40, 0x32, 0xf9,
    0x0, 0x67, 0xc1, 0x0, 0x1d, 0xa, 0x67, 0xf4,
    0x1, 0x68, 0x2, 0x0, 0x6c, 0xc0, 0x5d, 0xc0,
    0x66, 0x4, 0x7, 0x0, 0xeb, 0x0, 0x20, 0x80,
    0x4, 0x3, 0x88, 0x1, 0xe2, 0x0, 0x20, 0xe,
    0x20, 0x7, 0x1, 0x2, 0x88, 0x6, 0x90, 0x2,
    0x4, 0x0, 0x31, 0x48, 0xe5, 0x41, 0x48, 0x15,
    0xc0, 0xab, 0x71, 0x80, 0xec, 0x2, 0x8b, 0x51,
    0x0, 0x1c, 0xe0, 0x80,

    /* U+03B5 "ε" */
    0x0, 0x15, 0x77, 0xf5, 0xa8, 0x4, 0x5a, 0xa2,
    0x2, 0x95, 0x60, 0x8, 0x0, 0x56, 0xe3, 0x80,
    0x66, 0x5, 0x51, 0x1c, 0x6d, 0x80, 0x14, 0x10,
    0xc0, 0x22, 0x0, 0xa0, 0x7, 0x3f, 0xc4, 0x1,
    0x98, 0x2, 0x22, 0x18, 0x6, 0x80, 0x7f, 0xdd,
    0x8, 0x4, 0x20, 0xc, 0x0, 0xc8, 0xe0, 0x22,
    0x9, 0x52, 0x39, 0xb8, 0x90, 0xb0, 0x2a, 0xdc,
    0x60, 0x49, 0x5, 0xc5, 0x10, 0x14, 0xab, 0x0,

    /* U+03B6 "ζ" */
    0x7, 0xff, 0xfe, 0x40, 0xf, 0xf9, 0xc1, 0xff,
    0xf7, 0x18, 0x2, 0xc, 0x3, 0xda, 0x61, 0xe,
    0x1, 0xec, 0x30, 0x87, 0x0, 0xf6, 0x18, 0x4b,
    0x80, 0x7a, 0xcc, 0x25, 0x80, 0x3d, 0x8, 0x12,
    0xc0, 0x1e, 0x37, 0x7, 0x60, 0xf, 0xa0, 0xa,
    0x0, 0x3f, 0x20, 0x50, 0x7, 0xe1, 0x0, 0x10,
    0x7, 0xfc, 0x40, 0x1f, 0x84, 0x82, 0x1c, 0xc4,
    0x40, 0x1d, 0x20, 0x8, 0xce, 0xe7, 0xd8, 0x80,
    0x13, 0x14, 0x40, 0x32, 0x68, 0x4, 0x75, 0xdf,
    0xee, 0x60, 0x32, 0x0, 0xf8, 0x64, 0x0, 0x20,
    0x1f, 0xd0, 0xe4,

    /* U+03B7 "η" */
    0x7f, 0x92, 0xae, 0xfe, 0xa1, 0x0, 0xcb, 0xaa,
    0x20, 0x2b, 0xe2, 0x1, 0x18, 0x46, 0xe3, 0x0,
    0xc0, 0x6, 0x97, 0x23, 0x94, 0x6, 0x0, 0xcc,
    0x1, 0xb8, 0x0, 0x40, 0x1f, 0x9c, 0x0, 0x20,
    0x2, 0x0, 0xff, 0xfc, 0x80,

    /* U+03B8 "θ" */
    0x0, 0xcb, 0x7d, 0xfd, 0x68, 0x1, 0xea, 0xa2,
    0x8, 0xa, 0x5c, 0x80, 0x69, 0x50, 0x4b, 0xdb,
    0x30, 0x67, 0x0, 0x1b, 0x3, 0x5a, 0x12, 0x62,
    0x4, 0x8, 0x50, 0x2, 0x40, 0x3a, 0x80, 0xc,
    0x8, 0xa, 0x1, 0xe1, 0x40, 0xc0, 0x20, 0xd0,
    0xf, 0x8c, 0x14, 0x40, 0x11, 0xff, 0xf3, 0x80,
    0x80, 0x42, 0x67, 0xf0, 0x80, 0x4, 0x1, 0x39,
    0x9f, 0x30, 0x8, 0x10, 0x68, 0x7, 0xc8, 0xa,
    0x8, 0xa, 0x1, 0xe2, 0x30, 0xc0, 0xb0, 0x4,
    0x80, 0x74, 0x80, 0x18, 0x9, 0x81, 0xad, 0x9,
    0x31, 0x2, 0x4, 0x1, 0x2a, 0x9, 0x7b, 0x66,
    0xc, 0xe0, 0x1a, 0xa8, 0x82, 0x2, 0x97, 0x20,
    0x0,

    /* U+03B9 "ι" */
    0x3f, 0xf0, 0x80, 0x7f, 0xfb, 0xc4, 0x1, 0x62,
    0x0, 0x24, 0x5, 0xef, 0x90, 0xb6, 0x10, 0x0,
    0x80,

    /* U+03BA "κ" */
    0x7f, 0xe0, 0xd, 0xbf, 0xc4, 0x1, 0xea, 0x20,
    0xa2, 0x0, 0xe7, 0x50, 0x94, 0x0, 0xe4, 0x80,
    0x66, 0x0, 0x71, 0x58, 0x1c, 0x80, 0x7b, 0xc0,
    0xb4, 0x3, 0xf8, 0xc0, 0x3f, 0x60, 0x8b, 0x4,
    0x3, 0xc3, 0xa0, 0x5a, 0x1, 0xf1, 0xd8, 0x1d,
    0x80, 0x7c, 0x90, 0x9, 0x20, 0x1f, 0x3b, 0x3,
    0x40,

    /* U+03BB "λ" */
    0x0, 0x7f, 0xb5, 0x40, 0x3f, 0xc5, 0x48, 0x1,
    0xf7, 0xf1, 0x84, 0x80, 0x7e, 0x1e, 0x2, 0x40,
    0xf, 0xc4, 0x21, 0xc0, 0x1f, 0x90, 0x41, 0x40,
    0x3f, 0x70, 0x4, 0xa0, 0x1f, 0x28, 0x20, 0x70,
    0x7, 0x98, 0xa, 0x41, 0x4, 0x3, 0xa8, 0x14,
    0x8c, 0x18, 0x3, 0x9, 0x85, 0x5, 0x5, 0x0,
    0x66, 0x3, 0x20, 0x70, 0x23, 0x0, 0xa8, 0x2c,
    0x0, 0x28, 0x16, 0x0, 0x32, 0x6, 0x0, 0xb8,
    0x18, 0x1, 0x40, 0x82, 0x1, 0x28, 0xa, 0x3,
    0x86, 0x80, 0x72, 0x87, 0x0,

    /* U+03BC "μ" */
    0x7f, 0xd0, 0xe, 0x2f, 0xf1, 0x80, 0x7f, 0xfc,
    0x8c, 0x3, 0xfe, 0x11, 0x0, 0x66, 0x0, 0xf3,
    0x0, 0x6e, 0x0, 0xf4, 0x39, 0x1d, 0x28, 0x7,
    0xd1, 0xb8, 0xa4, 0x20, 0x18, 0xd0, 0x0, 0x4f,
    0x86, 0x1, 0x96, 0xff, 0xdb, 0x3, 0xbe, 0x60,
    0x1f, 0xfe, 0x40,

    /* U+03BD "ν" */
    0x6f, 0xe0, 0xe, 0x1f, 0xf1, 0xb0, 0xa, 0x0,
    0x66, 0x2, 0x30, 0x50, 0xe0, 0xd, 0x61, 0x40,
    0xe, 0x5, 0x0, 0x88, 0xc1, 0x40, 0x8, 0x20,
    0xa0, 0x5, 0x3, 0x20, 0x9, 0xc3, 0xc0, 0x14,
    0x14, 0x1, 0xa8, 0x14, 0x8, 0x80, 0xe0, 0x18,
    0xc8, 0x16, 0x81, 0x4, 0x3, 0x94, 0x39, 0x43,
    0x80, 0x3d, 0x40, 0x84, 0xa, 0x1, 0xe2, 0x30,
    0x3, 0x0, 0x7e, 0xa0, 0x6, 0x80, 0x60,

    /* U+03BE "ξ" */
    0x0, 0x8e, 0xbb, 0xfd, 0x8e, 0x20, 0x19, 0xb1,
    0x44, 0x0, 0x71, 0xe6, 0x0, 0x29, 0x2, 0xad,
    0xc8, 0x11, 0x68, 0x1, 0x40, 0x18, 0xa4, 0x6f,
    0x83, 0x40, 0xf, 0x0, 0x8, 0x6, 0x2e, 0x40,
    0x6, 0x80, 0xc, 0x3, 0xf9, 0x44, 0x31, 0xd1,
    0x4, 0x1, 0xed, 0x0, 0x45, 0xdc, 0x1, 0xc3,
    0xe0, 0x1f, 0xf5, 0x98, 0x4f, 0x7f, 0xa4, 0x3,
    0x94, 0x21, 0x84, 0x3, 0xe1, 0x0, 0x10, 0x7,
    0xf0, 0x80, 0x3c, 0x3, 0xfc, 0xa0, 0xb6, 0xa4,
    0x22, 0x0, 0xeb, 0x20, 0x4a, 0xde, 0xe7, 0xd9,
    0x0, 0x7, 0x65, 0x4, 0x3, 0x26, 0x0, 0x66,
    0xbe, 0xff, 0x74, 0x80, 0xa8, 0x7, 0xe1, 0x63,
    0x3, 0x0, 0xff, 0x4b, 0xa0,

    /* U+03BF "ο" */
    0x0, 0x8a, 0x7b, 0xfd, 0x8a, 0x1, 0xcb, 0xac,
    0x20, 0x3, 0xab, 0x0, 0x8e, 0x80, 0xab, 0x71,
    0x81, 0x24, 0x1, 0x20, 0x38, 0xa4, 0x72, 0xe0,
    0xc2, 0xa, 0xc, 0x20, 0x1a, 0x40, 0x8, 0x20,
    0xd, 0x0, 0xe1, 0x0, 0x68, 0x7, 0xff, 0x4,
    0x40, 0x1a, 0x1, 0xc4, 0x0, 0xd0, 0x50, 0x61,
    0x0, 0xd6, 0x0, 0x40, 0x90, 0x1c, 0x52, 0x39,
    0x60, 0x61, 0x3, 0xa0, 0x2a, 0xdc, 0x60, 0x49,
    0x0, 0x97, 0x54, 0x40, 0x7, 0x56, 0x0,

    /* U+03C0 "π" */
    0x4f, 0xff, 0xfe, 0x8, 0x7, 0xff, 0x9, 0x3f,
    0x0, 0x1d, 0xff, 0x48, 0xf, 0xf8, 0x3, 0xff,
    0xfe, 0x1, 0xff, 0xe7,

    /* U+03C1 "ρ" */
    0x0, 0x9b, 0x3f, 0xdb, 0x22, 0x1, 0xae, 0x4c,
    0x0, 0x4d, 0xe6, 0x0, 0x84, 0x9, 0xef, 0xb2,
    0x1d, 0x1, 0x70, 0x96, 0x10, 0x4f, 0x1, 0x65,
    0x0, 0x30, 0x6, 0x24, 0xc, 0x30, 0x20, 0xf,
    0x18, 0x30, 0x7, 0xff, 0x8, 0x80, 0x3c, 0x60,
    0xc0, 0x13, 0x0, 0x62, 0x40, 0xc0, 0xa, 0x5c,
    0x44, 0xb8, 0x4, 0xc0, 0x1a, 0x3b, 0x94, 0x22,
    0xe0, 0x8, 0xb5, 0x44, 0x5, 0xbc, 0xc0, 0x31,
    0x57, 0x7f, 0x48, 0x80, 0x7f, 0xf9, 0x80,

    /* U+03C2 "ς" */
    0x0, 0x8a, 0xbb, 0xfa, 0xd4, 0x3, 0x2e, 0xa8,
    0x80, 0xa5, 0x48, 0x0, 0xa8, 0xa, 0xf6, 0xcc,
    0x19, 0x42, 0xc0, 0x18, 0x84, 0x98, 0x42, 0x40,
    0xe0, 0xa2, 0x1, 0xb3, 0x9c, 0x44, 0x4, 0x1,
    0xc2, 0x1, 0xde, 0x1, 0xf8, 0x40, 0x1c, 0x1,
    0xfc, 0x40, 0xe0, 0x1f, 0xd6, 0x3, 0x88, 0x42,
    0x20, 0xc, 0xca, 0x7, 0x7b, 0xdc, 0xd4, 0x0,
    0xaa, 0x4c, 0x3, 0x15, 0x88, 0x4, 0xd9, 0xfe,
    0xea, 0x0, 0x38, 0x7, 0xc2, 0xaa, 0xe, 0x0,
    0xfe, 0xe7, 0xb0,

    /* U+03C3 "σ" */
    0x0, 0x8a, 0xbb, 0xff, 0xe3, 0x0, 0x2e, 0xa8,
    0x80, 0x7f, 0x15, 0x1, 0xe7, 0xf4, 0x0, 0x1f,
    0xcc, 0x20, 0x7, 0xc, 0x5, 0xdc, 0xe, 0x20,
    0x5, 0x6, 0x0, 0xe9, 0x0, 0x20, 0x8, 0x3,
    0x40, 0x38, 0x44, 0x1a, 0x1, 0xff, 0x8, 0x4,
    0x20, 0xc, 0x0, 0xe2, 0x0, 0x68, 0x1, 0x41,
    0xc4, 0x3, 0x40, 0x1, 0x0, 0x10, 0x3, 0x8a,
    0x47, 0x2a, 0xe, 0x20, 0x2, 0xb0, 0x2a, 0xdc,
    0x60, 0x58, 0x0, 0xc9, 0xac, 0x20, 0x4, 0xaa,
    0x0, 0x40,

    /* U+03C4 "τ" */
    0x7f, 0xff, 0xf0, 0x7, 0xfc, 0xff, 0xf4, 0x80,
    0xff, 0xe0, 0xf, 0xff, 0x88, 0x80, 0x7e, 0x20,
    0x4, 0x8, 0x7, 0x90, 0x81, 0xfb, 0xdc, 0x3,
    0xb1, 0x44, 0x0, 0x20,

    /* U+03C5 "υ" */
    0xbf, 0xa0, 0xe, 0x5f, 0xf0, 0x7, 0xff, 0xac,
    0x40, 0x40, 0x38, 0xc0, 0x6, 0xc, 0x1, 0xdc,
    0x3, 0xe0, 0x46, 0x1, 0x98, 0x15, 0xc0, 0x1a,
    0xa4, 0x98, 0x21, 0xa3, 0x20, 0x35, 0xb6, 0x60,
    0x8c, 0xd, 0x68, 0x20, 0x3, 0x8b, 0x0,

    /* U+03C6 "φ" */
    0x0, 0xfb, 0xbc, 0xc0, 0x3f, 0xfb, 0xc4, 0xac,
    0x0, 0xb6, 0x30, 0xf, 0xd, 0x6d, 0x48, 0x83,
    0xce, 0x69, 0x80, 0x6d, 0x50, 0x24, 0x0, 0x19,
    0x80, 0xb0, 0x80, 0xc, 0x61, 0x3b, 0x62, 0x1f,
    0x9a, 0x21, 0x20, 0xa, 0x4, 0x60, 0xf, 0x15,
    0x82, 0x8, 0x18, 0x68, 0x7, 0xe5, 0x0, 0x20,
    0x80, 0x8, 0x3, 0xf8, 0x40, 0xc0, 0x3f, 0xf8,
    0x82, 0x0, 0x20, 0xf, 0xc2, 0x20, 0x20, 0x30,
    0xa0, 0xf, 0xcc, 0x0, 0x50, 0x90, 0x39, 0x0,
    0xf2, 0xc0, 0x28, 0x82, 0xa8, 0x1b, 0xf8, 0x43,
    0x7e, 0x80, 0x6c, 0x2, 0xa7, 0x0, 0x8, 0x0,
    0x40, 0x9, 0xe2, 0x1, 0xa3, 0xf3, 0x2, 0x15,
    0x9d, 0x62, 0x1, 0xf1, 0x98, 0x0, 0xc6, 0x20,
    0x1f, 0xfe, 0x80,

    /* U+03C7 "χ" */
    0x5f, 0xf3, 0x0, 0x66, 0xff, 0x22, 0xb0, 0x49,
    0x0, 0xa, 0x41, 0xd0, 0x24, 0x83, 0x80, 0x1e,
    0x7, 0x0, 0x17, 0x81, 0xc4, 0x8, 0x38, 0x3,
    0x14, 0x83, 0xb8, 0x28, 0x80, 0x39, 0x94, 0x0,
    0xaa, 0x0, 0xf8, 0x40, 0x2, 0x1, 0xf3, 0xa0,
    0x1, 0x1c, 0x3, 0x8e, 0x2, 0x20, 0x10, 0x60,
    0x10, 0xe8, 0x23, 0xb9, 0x3, 0x80, 0x2b, 0x11,
    0x50, 0x2, 0x84, 0xa8, 0x19, 0x42, 0xc4, 0x0,
    0x36, 0xa, 0xc0,

    /* U+03C8 "ψ" */
    0xbf, 0x70, 0x1, 0xff, 0x80, 0x2a, 0xf8, 0x0,
    0xff, 0xff, 0x80, 0x7f, 0x8, 0x68, 0x7, 0xe6,
    0xf, 0xc0, 0x51, 0x0, 0xf1, 0x18, 0x1b, 0x80,
    0x31, 0x5c, 0x0, 0x4d, 0x80, 0x48, 0x36, 0x5,
    0x56, 0x0, 0xd9, 0x11, 0x78, 0x1, 0x35, 0x84,
    0x3, 0x13, 0xf9, 0x0, 0x45, 0x3d, 0x80, 0xf,
    0xd8, 0x10, 0xf, 0xff, 0x70,

    /* U+03C9 "ω" */
    0x0, 0xff, 0xe4, 0x3e, 0x80, 0x7c, 0xf8, 0x20,
    0x19, 0xe0, 0xa8, 0x3, 0x92, 0xf, 0x0, 0x22,
    0x80, 0x2b, 0x0, 0xe4, 0x70, 0x28, 0x0, 0x40,
    0x3, 0xc4, 0x3, 0xd0, 0xa0, 0xe0, 0x4, 0x6,
    0x20, 0x1, 0xc3, 0x0, 0x52, 0x0, 0x41, 0x10,
    0x78, 0x4, 0xaf, 0x40, 0x11, 0x80, 0xc, 0x2,
    0x30, 0xf, 0xfe, 0x7, 0x88, 0x0, 0x80, 0x21,
    0x1, 0x0, 0x84, 0x1, 0xc0, 0x41, 0x60, 0x17,
    0x1, 0x0, 0x4e, 0x0, 0x50, 0xa0, 0x39, 0x24,
    0x60, 0x4, 0x92, 0xc8, 0x11, 0x83, 0x98, 0x36,
    0xd8, 0x30, 0x36, 0xd0, 0x3, 0x80, 0x2c, 0x61,
    0x2, 0x89, 0xc4, 0x0, 0x26, 0x18, 0x0,

    /* U+03CA "ϊ" */
    0x6f, 0xc0, 0x7, 0xf8, 0xc0, 0x3f, 0xcf, 0xbc,
    0x0, 0xdd, 0x18, 0x9, 0x10, 0x0, 0x44, 0x0,
    0xc7, 0xfe, 0x10, 0xf, 0xff, 0xf8, 0x0, 0x40,
    0x16, 0x20, 0x18, 0x90, 0x17, 0xbe, 0x40, 0x2b,
    0x61, 0x0, 0x8,

    /* U+03CB "ϋ" */
    0x0, 0x57, 0xc0, 0x1f, 0xf8, 0x3, 0xff, 0x87,
    0x7b, 0x20, 0x7b, 0xa0, 0xc, 0x24, 0x20, 0x2,
    0x20, 0x2, 0xfe, 0x80, 0x39, 0x7f, 0xc0, 0x1f,
    0xfe, 0xb1, 0x1, 0x0, 0xe3, 0x0, 0x18, 0x30,
    0x7, 0x70, 0xf, 0x81, 0x18, 0x6, 0x60, 0x57,
    0x0, 0x6a, 0x92, 0x60, 0x86, 0x8c, 0x80, 0xd6,
    0xd9, 0x82, 0x30, 0x35, 0xa0, 0x80, 0xe, 0x2c,
    0x0,

    /* U+03CC "ό" */
    0x0, 0xfa, 0xb0, 0x3, 0xfc, 0x4a, 0xc0, 0x1f,
    0xeb, 0x9, 0x0, 0xff, 0x31, 0x18, 0x7, 0xfb,
    0xf4, 0x3, 0xff, 0x92, 0x53, 0xdf, 0xec, 0x50,
    0xe, 0x5d, 0x61, 0x0, 0x1d, 0x58, 0x4, 0x74,
    0x5, 0x5b, 0x8c, 0x9, 0x20, 0x9, 0x1, 0xc5,
    0x23, 0x97, 0x6, 0x10, 0x50, 0x61, 0x0, 0xd2,
    0x0, 0x41, 0x0, 0x68, 0x7, 0x8, 0x3, 0x40,
    0x3f, 0xf8, 0x22, 0x0, 0xd0, 0xe, 0x20, 0x6,
    0x82, 0x83, 0x8, 0x6, 0xb0, 0x2, 0x4, 0x80,
    0xe2, 0x91, 0xcb, 0x3, 0x8, 0x1d, 0x1, 0x56,
    0xe3, 0x2, 0x48, 0x4, 0xba, 0xa2, 0x0, 0x3a,
    0xb0, 0x0,

    /* U+03CD "ύ" */
    0x0, 0xe2, 0xc8, 0x0, 0xfd, 0x47, 0x80, 0x1f,
    0x98, 0x90, 0x3, 0xe5, 0x1a, 0x0, 0xfc, 0xbe,
    0xe0, 0x1f, 0xfc, 0x3b, 0xfa, 0x0, 0xe5, 0xff,
    0x0, 0x7f, 0xfa, 0xc4, 0x4, 0x3, 0x8c, 0x0,
    0x60, 0xc0, 0x1d, 0xc0, 0x3e, 0x4, 0x60, 0x19,
    0x81, 0x5c, 0x1, 0xaa, 0x49, 0x82, 0x1a, 0x32,
    0x3, 0x5b, 0x66, 0x8, 0xc0, 0xd6, 0x82, 0x0,
    0x38, 0xb0,

    /* U+03CE "ώ" */
    0x0, 0xfc, 0x78, 0xc0, 0x1f, 0xfc, 0x29, 0x34,
    0x0, 0xff, 0xe0, 0x8a, 0xa1, 0x0, 0x7f, 0xf0,
    0x64, 0x38, 0x3, 0xff, 0x85, 0x1e, 0xa0, 0x1f,
    0xe1, 0x40, 0xf, 0x84, 0xc0, 0x38, 0x72, 0xd0,
    0x3, 0xd9, 0x85, 0x0, 0xda, 0x41, 0xa0, 0x1c,
    0x64, 0x14, 0x60, 0x5, 0x30, 0x69, 0x0, 0xe3,
    0xc0, 0x7, 0x80, 0x38, 0xa, 0x40, 0x3e, 0x38,
    0x3, 0x20, 0x40, 0x50, 0x9, 0x76, 0x80, 0x26,
    0x0, 0x38, 0x80, 0x34, 0x2, 0x32, 0x60, 0x8,
    0x40, 0x4, 0x1, 0xff, 0xc4, 0xf1, 0x0, 0x10,
    0x4, 0x20, 0x20, 0x10, 0x80, 0x38, 0xc, 0x28,
    0x2, 0xd0, 0x20, 0x9, 0xc0, 0xa, 0x14, 0x5,
    0x24, 0xaa, 0x0, 0x49, 0x2c, 0x81, 0x98, 0x18,
    0xc1, 0xb6, 0x81, 0xc1, 0xb6, 0x80, 0x1e, 0x1,
    0x63, 0x88, 0x14, 0x43, 0x10, 0x0, 0x98, 0x60,

    /* U+0400 "Ѐ" */
    0x0, 0x9b, 0xd8, 0x3, 0xf3, 0x5, 0x0, 0x7f,
    0x31, 0x98, 0x3, 0xf5, 0x9a, 0x0, 0x7e, 0x2c,
    0x70, 0xc, 0xff, 0xff, 0xd4, 0x1, 0xff, 0xc1,
    0x2d, 0xdf, 0xac, 0x2, 0x22, 0xf8, 0x40, 0x3f,
    0xf9, 0xa4, 0x5e, 0x0, 0xc5, 0xbb, 0xe5, 0x0,
    0xff, 0xe1, 0x17, 0xff, 0x94, 0x3, 0xff, 0xb2,
    0x45, 0xf0, 0x80, 0xb, 0x77, 0xeb, 0x0, 0xff,
    0x80,

    /* U+0401 "Ё" */
    0x0, 0x6f, 0xa8, 0x37, 0xe0, 0x7, 0xff, 0xf,
    0xf5, 0x1, 0xf7, 0x80, 0x31, 0x10, 0x40, 0x48,
    0x80, 0x7, 0xff, 0xfe, 0xa0, 0xf, 0xfe, 0x9,
    0x6e, 0xfd, 0x60, 0x11, 0x17, 0xc2, 0x1, 0xff,
    0xcd, 0x22, 0xf0, 0x6, 0x2d, 0xdf, 0x28, 0x7,
    0xff, 0x8, 0xbf, 0xfc, 0xa0, 0x1f, 0xfd, 0x92,
    0x2f, 0x84, 0x0, 0x5b, 0xbf, 0x58, 0x7, 0xfc,

    /* U+0402 "Ђ" */
    0xff, 0xf9, 0x0, 0x3f, 0xf9, 0x1f, 0x40, 0x9f,
    0xf2, 0x0, 0x7f, 0xf3, 0x6, 0x37, 0xfd, 0xd2,
    0x40, 0x1c, 0xde, 0xe4, 0x0, 0x16, 0xd4, 0x0,
    0xc4, 0x27, 0x59, 0x88, 0x0, 0x58, 0x80, 0x64,
    0xc5, 0x33, 0x3e, 0x0, 0x1c, 0x3, 0x40, 0x7,
    0x1a, 0x6, 0x0, 0x63, 0x0, 0xf1, 0x3, 0x0,
    0x7f, 0xf0, 0x5c, 0x3, 0xfe, 0x50, 0x10, 0xf,
    0xf2, 0x18, 0x60, 0x7, 0xe5, 0x9b, 0x1, 0x60,
    0xf, 0xd4, 0xc0, 0xd, 0x0, 0xff, 0x13, 0x69,
    0x80,

    /* U+0403 "Ѓ" */
    0x0, 0xc5, 0xf4, 0x1, 0xfa, 0xc2, 0x40, 0x3f,
    0x31, 0x98, 0x3, 0xe4, 0x39, 0x0, 0xfc, 0x98,
    0xa0, 0x1c, 0xff, 0xff, 0xd4, 0x1, 0xff, 0xc1,
    0x2d, 0xdf, 0xac, 0x2, 0x22, 0xf8, 0x40, 0x3f,
    0xff, 0xe0, 0x1f, 0xfe, 0xd0,

    /* U+0404 "Є" */
    0x0, 0xc5, 0x3b, 0xfe, 0xeb, 0x50, 0xf, 0x9f,
    0x58, 0x80, 0x2, 0x95, 0x82, 0x1, 0x9e, 0x0,
    0xa3, 0x36, 0xd4, 0xf, 0x0, 0x22, 0x80, 0x4d,
    0x73, 0x24, 0xaa, 0x1, 0x40, 0x2, 0xc0, 0x14,
    0x1, 0xe5, 0x70, 0x70, 0x3, 0x83, 0x8, 0x7,
    0xd5, 0x14, 0x2, 0x20, 0xe2, 0x2e, 0x0, 0x89,
    0xd4, 0xc, 0x1, 0x1b, 0xbc, 0x1, 0xff, 0xcb,
    0x30, 0x4, 0xff, 0xf0, 0x7, 0xc2, 0x20, 0xf0,
    0xf, 0xc2, 0x82, 0x0, 0x70, 0x61, 0x0, 0xfa,
    0x2f, 0xc0, 0x10, 0x0, 0xa0, 0xf, 0x33, 0x1,
    0x80, 0x3, 0x20, 0x9a, 0xe6, 0x49, 0x52, 0x5,
    0x0, 0x13, 0x48, 0x14, 0x66, 0xda, 0x81, 0xe0,
    0x7, 0x36, 0xb1, 0x0, 0x5, 0x2b, 0x4, 0x0,

    /* U+0405 "Ѕ" */
    0x0, 0x8a, 0x77, 0xfd, 0xb2, 0x60, 0x1c, 0xba,
    0xc4, 0x0, 0x26, 0xc7, 0x0, 0x8a, 0x80, 0x67,
    0x75, 0x24, 0x10, 0xc0, 0x5, 0x0, 0x7b, 0x11,
    0x1b, 0x48, 0x20, 0x1, 0xc0, 0x22, 0x0, 0xe8,
    0x34, 0x10, 0xf0, 0x17, 0x0, 0xe5, 0xca, 0x10,
    0x62, 0x8, 0xe9, 0x50, 0xf, 0xd8, 0xa0, 0x2d,
    0x5f, 0x8c, 0x1, 0xc3, 0x5d, 0x28, 0x0, 0x39,
    0xe3, 0x0, 0xe1, 0x6b, 0xfb, 0x60, 0x1d, 0x0,
    0xfe, 0x49, 0xa0, 0x14, 0x1d, 0xf6, 0x0, 0xf2,
    0x0, 0x4, 0x40, 0x8, 0x20, 0xe, 0x70, 0x3,
    0x4, 0x80, 0xec, 0x19, 0x24, 0xc8, 0xc, 0xc0,
    0x94, 0x0, 0x7c, 0xdb, 0x60, 0x3d, 0x0, 0x97,
    0x9c, 0x80, 0x2, 0x93, 0x82, 0x0,

    /* U+0406 "І" */
    0x3f, 0xf0, 0x80, 0x7f, 0xfc, 0x0,

    /* U+0407 "Ї" */
    0x6f, 0xc0, 0x7, 0xf8, 0xc0, 0x3f, 0x3e, 0xf0,
    0x3, 0x74, 0x62, 0x44, 0x0, 0x11, 0x0, 0x23,
    0xff, 0x8, 0x7, 0xff, 0xfc, 0x3, 0xff, 0xc6,

    /* U+0408 "Ј" */
    0x0, 0xf2, 0xff, 0x80, 0x3f, 0xff, 0xe0, 0x1f,
    0xfc, 0x93, 0x0, 0x3d, 0xb0, 0x5, 0xc0, 0x3a,
    0x92, 0xc4, 0xce, 0x9, 0x64, 0x13, 0xb2, 0x3,
    0x63, 0x8c, 0x20, 0x2d, 0xe2,

    /* U+0409 "Љ" */
    0x0, 0x9f, 0xff, 0xfc, 0x1, 0xff, 0xc1, 0xf0,
    0xf, 0xfe, 0x58, 0x82, 0x6e, 0xf3, 0x80, 0x7f,
    0xf0, 0xcc, 0x4, 0x8b, 0xbc, 0x3, 0xff, 0x86,
    0x20, 0x60, 0x1f, 0xfc, 0x97, 0xe, 0x0, 0xff,
    0xe4, 0x90, 0x8, 0x7, 0xef, 0xfe, 0xe9, 0x10,
    0xe, 0x10, 0x20, 0xf, 0xfe, 0x8, 0xb7, 0x90,
    0x4, 0x20, 0x7, 0x0, 0xfd, 0xbb, 0xd2, 0x3,
    0x20, 0x11, 0x0, 0x8, 0x3, 0xf1, 0x17, 0x34,
    0x2, 0x8, 0x1, 0x40, 0x44, 0x1, 0xff, 0xc2,
    0x50, 0x1, 0x0, 0x3c, 0x8, 0x3, 0xff, 0x92,
    0xa0, 0xa0, 0x1f, 0xfc, 0x35, 0x0, 0x10, 0x21,
    0x86, 0x80, 0x7f, 0x8, 0xe2, 0x78, 0x4, 0x1b,
    0xb0, 0xa, 0x0, 0x7f, 0x77, 0x6d, 0x80, 0x19,
    0x7, 0x1, 0xa0, 0xf, 0xfe, 0x18, 0xb7, 0x90,
    0x6e, 0xb9, 0x0, 0x3e, 0x7f, 0xff, 0xba, 0x44,
    0x0,

    /* U+040A "Њ" */
    0x7f, 0xd0, 0xf, 0xa3, 0xf0, 0x3, 0xff, 0xfe,
    0x1, 0xff, 0xe8, 0x2f, 0xff, 0x9c, 0xf, 0xff,
    0xb6, 0x0, 0x3f, 0xf9, 0x24, 0xf8, 0x1, 0x8b,
    0x77, 0xe6, 0x3, 0xdd, 0xe7, 0x3, 0x80, 0xc,
    0x45, 0xf0, 0x80, 0x8, 0xba, 0x14, 0x14, 0x3,
    0xff, 0x91, 0xe0, 0x40, 0x1f, 0xfd, 0xff, 0x2,
    0x0, 0xff, 0xe1, 0x11, 0x63, 0x95, 0x5, 0x0,
    0xff, 0xe0, 0x9e, 0xee, 0xc6, 0x3, 0x80, 0xf,
    0xfe, 0x39, 0x3e, 0x0, 0x0,

    /* U+040B "Ћ" */
    0xff, 0xf9, 0x0, 0x3f, 0xf9, 0x1f, 0x0, 0x5f,
    0xf2, 0x0, 0x7f, 0xf7, 0x4, 0x84, 0x3, 0xf1,
    0xcf, 0x73, 0x7b, 0xe4, 0x40, 0x38, 0x58, 0x40,
    0x33, 0x60, 0x7, 0x9b, 0x3f, 0xda, 0xa0, 0x50,
    0x1, 0x8a, 0x4c, 0x0, 0x54, 0x60, 0xa0, 0x1f,
    0xf5, 0x1, 0x0, 0x7f, 0xc4, 0x0, 0x10, 0xf,
    0xf3, 0x80, 0xc, 0x3, 0xff, 0xbc,

    /* U+040C "Ќ" */
    0x0, 0xf3, 0xfa, 0x80, 0x7f, 0xa8, 0x54, 0x3,
    0xf9, 0x9, 0x80, 0x3f, 0xd8, 0x72, 0x1, 0xfe,
    0x8c, 0x10, 0xe, 0x7f, 0xd0, 0xe, 0x1e, 0xfd,
    0x10, 0xf, 0xda, 0x22, 0xc1, 0x0, 0xfa, 0xcc,
    0x70, 0x40, 0x3e, 0xa4, 0xd, 0x20, 0xf, 0xa1,
    0x42, 0xcc, 0x3, 0xe6, 0x70, 0x94, 0x0, 0xf9,
    0x24, 0x1d, 0x80, 0x3e, 0x2b, 0x5, 0x80, 0xf,
    0xc2, 0x20, 0x71, 0x0, 0xfc, 0x78, 0x25, 0x82,
    0x1, 0xf8, 0xb4, 0xb, 0x40, 0x3f, 0x8e, 0xc0,
    0xec, 0x3, 0xf9, 0x28, 0x12, 0x80, 0x3f, 0x96,
    0x41, 0x60, 0x3, 0xf9, 0xa0, 0x1d, 0xc0, 0x1f,
    0xce, 0xe0, 0x86,

    /* U+040D "Ѝ" */
    0x0, 0xc7, 0xf2, 0x1, 0xfe, 0x32, 0x60, 0xf,
    0xfa, 0xc1, 0x80, 0x3f, 0xcc, 0x7e, 0x1, 0xff,
    0x64, 0x80, 0x73, 0xff, 0x0, 0x7d, 0x5f, 0xe0,
    0xf, 0xe5, 0x50, 0x7, 0xf8, 0x6c, 0x3, 0xfe,
    0xb1, 0x0, 0xff, 0x22, 0x82, 0x0, 0x7f, 0x50,
    0x27, 0x0, 0x7e, 0x91, 0x9, 0x0, 0xfc, 0x8c,
    0x10, 0x40, 0x1f, 0xa4, 0xd, 0xc0, 0x3f, 0x49,
    0x7, 0x0, 0x7e, 0x36, 0x8, 0x20, 0xf, 0xdc,
    0x6, 0xe0, 0x1f, 0x84, 0x83, 0x80, 0x3f, 0xe7,
    0x20, 0xf, 0xf1, 0x40, 0x7, 0xfd, 0xc0, 0x1f,
    0xc0,

    /* U+040E "Ў" */
    0x0, 0xff, 0xe3, 0x7f, 0x0, 0x2f, 0xcc, 0x3,
    0xe6, 0x1e, 0xe2, 0x19, 0x80, 0x3e, 0x97, 0x1,
    0x5d, 0x0, 0xfe, 0x8e, 0xfa, 0x10, 0xc, 0xff,
    0xe1, 0x0, 0xfb, 0xbd, 0xd8, 0x1, 0x20, 0x1e,
    0x61, 0x6, 0x17, 0x6, 0x0, 0xf5, 0x83, 0x88,
    0x48, 0xb, 0x0, 0x65, 0x20, 0x90, 0x0, 0xb0,
    0x58, 0x6, 0x90, 0x51, 0x0, 0xac, 0x9, 0x0,
    0x6, 0x60, 0x80, 0xc, 0x4a, 0x1e, 0x0, 0x90,
    0x42, 0x0, 0xe9, 0x4, 0x22, 0x28, 0x40, 0x7,
    0x8c, 0xc1, 0x76, 0x3, 0x30, 0x7, 0xd0, 0xc,
    0xc0, 0x90, 0xf, 0xc8, 0x40, 0x2, 0x50, 0xf,
    0xe8, 0x0, 0x58, 0x7, 0xf8, 0x80, 0x58, 0x3,
    0xfd, 0x21, 0x20, 0x1f, 0xe7, 0x10, 0x70, 0xf,
    0xf4, 0x83, 0x80, 0x7c,

    /* U+040F "Џ" */
    0x7f, 0xd0, 0xf, 0xc7, 0xfe, 0x10, 0xf, 0xff,
    0xf8, 0x7, 0xff, 0xfc, 0x3, 0xff, 0xaa, 0x45,
    0xf9, 0xc0, 0x38, 0xb7, 0x7f, 0x58, 0x7, 0xff,
    0x19, 0xff, 0xf8, 0x82, 0x3f, 0xf8, 0x40, 0x3f,
    0xf9, 0x36, 0xe8, 0x1, 0xe0,

    /* U+0410 "А" */
    0x0, 0xe9, 0xff, 0x84, 0x3, 0xfc, 0xe0, 0x13,
    0x80, 0x7f, 0x18, 0x81, 0x6, 0x80, 0x7f, 0x58,
    0x15, 0x82, 0x0, 0x7f, 0x28, 0x2b, 0x80, 0x14,
    0x3, 0xe2, 0x20, 0x58, 0xa0, 0x78, 0x7, 0xd4,
    0x4, 0x61, 0xa0, 0xa0, 0x1f, 0x28, 0x28, 0x1,
    0xc0, 0xa, 0x1, 0xc4, 0x40, 0xb0, 0x0, 0x98,
    0x78, 0x7, 0x28, 0x9, 0x80, 0x56, 0xa, 0x1,
    0xd6, 0x3, 0xff, 0xa0, 0x0, 0x80, 0x10, 0x98,
    0x7, 0xf6, 0x80, 0x4e, 0x3, 0xbb, 0xe7, 0x7,
    0x0, 0xa8, 0x10, 0x8b, 0xd4, 0x2, 0x60, 0x26,
    0x1c, 0x1, 0xe2, 0x20, 0x50, 0x38, 0x1, 0x0,
    0x3e, 0x50, 0x70,

    /* U+0411 "Б" */
    0x7f, 0xff, 0xee, 0x0, 0xff, 0xe2, 0x96, 0xef,
    0xd8, 0x1, 0xc4, 0x5f, 0x80, 0x3f, 0xfa, 0x45,
    0xff, 0xdd, 0x22, 0x1, 0xfe, 0x16, 0xc1, 0x0,
    0x8b, 0x77, 0xa0, 0xa, 0x0, 0x31, 0x17, 0x3b,
    0x81, 0x80, 0x3f, 0xd8, 0x0, 0x10, 0xf, 0xfe,
    0x56, 0x0, 0x4, 0x2, 0x11, 0xc4, 0xee, 0x6,
    0x0, 0x8b, 0xbb, 0x6c, 0x1, 0x40, 0x7, 0xf0,
    0xb6, 0x8, 0x0,

    /* U+0412 "В" */
    0x7f, 0xff, 0xac, 0xc0, 0x3f, 0xe4, 0xc4, 0x0,
    0xc3, 0xbb, 0xac, 0x82, 0x80, 0x38, 0x8b, 0x27,
    0x0, 0x98, 0x7, 0xf1, 0x80, 0x18, 0x3, 0xf8,
    0xc0, 0xc, 0x1, 0x88, 0xb2, 0x70, 0x11, 0x80,
    0x43, 0xbb, 0xac, 0x87, 0xc0, 0x3f, 0xe1, 0x80,
    0xc, 0x3f, 0xfd, 0x40, 0xb0, 0x1, 0xfc, 0xb0,
    0xe, 0x1, 0xfe, 0x30, 0x0, 0x80, 0x7f, 0x60,
    0x0, 0x40, 0x22, 0x2c, 0x70, 0xe0, 0x80, 0x10,
    0xee, 0xec, 0x70, 0x19, 0x0, 0xfe, 0x16, 0xf2,
    0x0,

    /* U+0413 "Г" */
    0x7f, 0xff, 0xea, 0x0, 0xff, 0xe0, 0x96, 0xef,
    0xd6, 0x1, 0x11, 0x7c, 0x20, 0x1f, 0xff, 0xf0,
    0xf, 0xff, 0x68,

    /* U+0414 "Д" */
    0x0, 0xd9, 0xff, 0xfc, 0xc0, 0x1c, 0x20, 0x1f,
    0xfc, 0x33, 0x8, 0xdd, 0xe1, 0x0, 0xf8, 0x40,
    0xc8, 0xb8, 0x3, 0xfc, 0xe0, 0x1f, 0xfc, 0x1,
    0x0, 0x8, 0x7, 0xff, 0x0, 0xc0, 0x6, 0x1,
    0xff, 0xc0, 0x10, 0x0, 0x80, 0x7f, 0xf0, 0x18,
    0x3, 0xff, 0x86, 0x60, 0x40, 0x1f, 0xfc, 0x1f,
    0x1, 0x0, 0xff, 0xe0, 0xa8, 0x28, 0x7, 0xff,
    0x0, 0xcc, 0x18, 0x1, 0xff, 0x27, 0x1, 0x39,
    0x17, 0x80, 0x2, 0x24, 0xb2, 0x2, 0xdd, 0xf8,
    0x42, 0x20, 0x1, 0xff, 0xc7, 0xff, 0xff, 0x18,
    0x7, 0xff, 0x19, 0x9a, 0x0, 0xff, 0x5b, 0x60,

    /* U+0415 "Е" */
    0x7f, 0xff, 0xea, 0x0, 0xff, 0xe0, 0x96, 0xef,
    0xd6, 0x1, 0x11, 0x7c, 0x20, 0x1f, 0xfc, 0xd2,
    0x2f, 0x0, 0x62, 0xdd, 0xf2, 0x80, 0x7f, 0xf0,
    0x8b, 0xff, 0xca, 0x1, 0xff, 0xd9, 0x22, 0xf8,
    0x40, 0x5, 0xbb, 0xf5, 0x80, 0x7f, 0xc0,

    /* U+0416 "Ж" */
    0xd, 0xfd, 0x0, 0xc5, 0xfe, 0x20, 0xd, 0xbf,
    0xa0, 0xf, 0x2, 0x90, 0xf, 0xf5, 0x10, 0x78,
    0x0, 0xa4, 0x19, 0x40, 0x3f, 0x32, 0x84, 0x90,
    0x4, 0xca, 0x16, 0x20, 0x1e, 0x29, 0x5, 0x60,
    0xe, 0xa2, 0x1d, 0x0, 0xf7, 0x1, 0x50, 0x7,
    0xdc, 0x7, 0x0, 0x1a, 0xc, 0x3c, 0x3, 0xf1,
    0xc0, 0x3a, 0x0, 0x11, 0xc2, 0x48, 0x3, 0xf9,
    0xd0, 0x24, 0x1, 0x20, 0x8c, 0x1, 0xfe, 0x15,
    0x1, 0x0, 0x8, 0x28, 0x80, 0x7f, 0xb4, 0x45,
    0x40, 0xa, 0x1, 0xa0, 0xf, 0xe8, 0x30, 0xa6,
    0x0, 0x35, 0x2, 0x40, 0x7, 0xca, 0xe0, 0xe8,
    0x1, 0x95, 0x81, 0xd0, 0x3, 0x8a, 0x80, 0xe0,
    0x3, 0xd2, 0x61, 0x42, 0x1, 0xbc, 0x7, 0x40,
    0x3f, 0x70, 0x8b, 0x40, 0x2a, 0x20, 0xa1, 0x0,
    0xfc, 0x54, 0x7, 0x20, 0xca, 0x10, 0x80, 0x1f,
    0xe4, 0x70, 0x65,

    /* U+0417 "З" */
    0x0, 0x86, 0x37, 0xfd, 0xb2, 0x40, 0x1c, 0x9e,
    0xe4, 0x0, 0x26, 0xd5, 0x0, 0xd4, 0x22, 0x9c,
    0xd9, 0x10, 0xa1, 0x0, 0xb4, 0xfd, 0x8c, 0x9b,
    0x40, 0xe, 0x1, 0x1e, 0x8, 0x6, 0x30, 0x0,
    0x80, 0x7f, 0x8c, 0x0, 0x40, 0x1e, 0x23, 0x47,
    0xd0, 0x15, 0x0, 0xf5, 0xe5, 0xc0, 0x85, 0x0,
    0x7f, 0xf0, 0x7c, 0x40, 0x3d, 0x3f, 0xed, 0x90,
    0x4b, 0x0, 0xfe, 0x26, 0x80, 0x50, 0x9, 0x0,
    0x3e, 0x10, 0x0, 0x85, 0xda, 0x0, 0x3d, 0xa0,
    0x22, 0x1, 0x7, 0xb5, 0x22, 0x2e, 0x20, 0x48,
    0x2, 0x94, 0x12, 0xb7, 0x54, 0x60, 0xce, 0x1,
    0x55, 0xa8, 0x80, 0x9, 0x72, 0x40, 0x0,

    /* U+0418 "И" */
    0x7f, 0xe0, 0xf, 0xab, 0xfc, 0x1, 0xfc, 0xaa,
    0x0, 0xff, 0xd, 0x80, 0x7f, 0xd6, 0x20, 0x1f,
    0xe4, 0x50, 0x40, 0xf, 0xea, 0x4, 0xe0, 0xf,
    0xd2, 0x21, 0x20, 0x1f, 0x91, 0x82, 0x8, 0x3,
    0xf4, 0x81, 0xb8, 0x7, 0xe9, 0x20, 0xe0, 0xf,
    0xc6, 0xc1, 0x4, 0x1, 0xfb, 0x80, 0xdc, 0x3,
    0xf0, 0x90, 0x70, 0x7, 0xfc, 0xe4, 0x1, 0xfe,
    0x28, 0x0, 0xff, 0xb8, 0x3, 0xf8,

    /* U+0419 "Й" */
    0x0, 0x93, 0xe8, 0x7, 0xf8, 0x3, 0xc8, 0x4b,
    0xbe, 0xc, 0x1, 0xf7, 0xa1, 0x3, 0xc0, 0x7,
    0xc5, 0x7f, 0xd0, 0x1, 0x9f, 0xf8, 0x3, 0xea,
    0xff, 0x0, 0x7f, 0x2a, 0x80, 0x3f, 0xc3, 0x60,
    0x1f, 0xf5, 0x88, 0x7, 0xf9, 0x14, 0x10, 0x3,
    0xfa, 0x81, 0x38, 0x3, 0xf4, 0x88, 0x48, 0x7,
    0xe4, 0x60, 0x82, 0x0, 0xfd, 0x20, 0x6e, 0x1,
    0xfa, 0x48, 0x38, 0x3, 0xf1, 0xb0, 0x41, 0x0,
    0x7e, 0xe0, 0x37, 0x0, 0xfc, 0x24, 0x1c, 0x1,
    0xff, 0x39, 0x0, 0x7f, 0x8a, 0x0, 0x3f, 0xee,
    0x0, 0xfe,

    /* U+041A "К" */
    0x7f, 0xd0, 0xe, 0x1e, 0xfd, 0x10, 0xf, 0xda,
    0x22, 0xc1, 0x0, 0xfa, 0xcc, 0x70, 0x40, 0x3e,
    0xa4, 0xd, 0x20, 0xf, 0xa1, 0x42, 0xcc, 0x3,
    0xe6, 0x70, 0x94, 0x0, 0xf9, 0x24, 0x1d, 0x80,
    0x3e, 0x2b, 0x5, 0x80, 0xf, 0xc2, 0x20, 0x71,
    0x0, 0xfc, 0x78, 0x25, 0x82, 0x1, 0xf8, 0xb4,
    0xb, 0x40, 0x3f, 0x8e, 0xc0, 0xec, 0x3, 0xf9,
    0x28, 0x12, 0x80, 0x3f, 0x96, 0x41, 0x60, 0x3,
    0xf9, 0xa0, 0x1d, 0xc0, 0x1f, 0xce, 0xe0, 0x86,

    /* U+041B "Л" */
    0x0, 0x8f, 0xff, 0xfc, 0x40, 0x13, 0x80, 0x7f,
    0xf0, 0x84, 0x7, 0x77, 0xac, 0x3, 0xc6, 0x6,
    0x45, 0xcc, 0x1, 0xe1, 0x1, 0x0, 0xff, 0xe0,
    0x78, 0x38, 0x7, 0xff, 0x0, 0x80, 0x80, 0x3f,
    0xf8, 0xc, 0x2, 0x1, 0xff, 0xc0, 0x20, 0xe0,
    0xf, 0xfe, 0x0, 0x81, 0x0, 0x7f, 0xc4, 0x0,
    0x60, 0xf, 0xf9, 0xc0, 0x4, 0x1, 0xff, 0x60,
    0x18, 0x7, 0xfc, 0x4c, 0x8, 0x1, 0xfe, 0x8d,
    0x0, 0x50, 0x7, 0xf8, 0x40, 0x12, 0x40, 0x1f,
    0xe9, 0xdf, 0x60, 0xf, 0x8b, 0xfc, 0x40,

    /* U+041C "М" */
    0x7f, 0xd0, 0xf, 0xf1, 0x7f, 0x88, 0x0, 0x4a,
    0x1, 0xfd, 0x0, 0x1e, 0x80, 0xf, 0xc4, 0xa0,
    0x1e, 0x24, 0x0, 0xfa, 0xc0, 0x3f, 0x40, 0x7,
    0x85, 0x80, 0x3c, 0x60, 0x66, 0x0, 0xe9, 0x3,
    0x0, 0xe7, 0x60, 0x80, 0xc, 0x2e, 0x12, 0x1,
    0xeb, 0x4, 0x30, 0x9, 0x80, 0x94, 0x3, 0xc4,
    0xa1, 0x20, 0x14, 0x85, 0x80, 0x7e, 0x90, 0x52,
    0x6, 0x11, 0x30, 0x7, 0xe3, 0x40, 0xb0, 0x80,
    0x90, 0xf, 0xf7, 0x83, 0x40, 0x89, 0xc0, 0x3f,
    0xc8, 0x40, 0xe0, 0xc0, 0x1f, 0xfc, 0x8, 0x0,
    0xa4, 0x3, 0xff, 0x80, 0xa4, 0xc, 0x20, 0x1f,
    0xfc, 0x1b, 0xb, 0x0, 0xf8,

    /* U+041D "Н" */
    0x7f, 0xd0, 0xf, 0x8f, 0xfc, 0x20, 0x1f, 0xff,
    0xf0, 0xf, 0xf8, 0xbf, 0xfe, 0xc0, 0xf, 0xfe,
    0x39, 0x6e, 0xfd, 0x40, 0x1e, 0x22, 0xf9, 0x80,
    0x3f, 0xff, 0xa0,

    /* U+041E "О" */
    0x0, 0xc7, 0x3b, 0xfe, 0xeb, 0x50, 0xf, 0xa3,
    0x18, 0x80, 0x2, 0x95, 0x82, 0x1, 0xa5, 0xc0,
    0xe7, 0x36, 0x94, 0xf, 0x0, 0x24, 0x60, 0x5c,
    0x63, 0x25, 0xaa, 0x1, 0x48, 0x3, 0xc0, 0xa8,
    0x3, 0xca, 0xc0, 0xc0, 0x4, 0xa, 0x0, 0xfd,
    0x60, 0x5, 0x30, 0x2, 0x0, 0x7e, 0x20, 0x6,
    0xb0, 0x0, 0x40, 0x3f, 0x88, 0x4, 0x3, 0xff,
    0x88, 0xc0, 0x1, 0x0, 0xfe, 0x20, 0x13, 0x0,
    0x20, 0x7, 0xe2, 0x0, 0x68, 0x20, 0x50, 0x7,
    0xeb, 0x0, 0x20, 0x78, 0x14, 0x80, 0x79, 0x58,
    0x18, 0x41, 0x18, 0x1b, 0x14, 0x88, 0x95, 0x40,
    0x29, 0x0, 0xa5, 0xc0, 0xeb, 0x75, 0x6a, 0x7,
    0x80, 0x1d, 0x18, 0xc4, 0x0, 0x14, 0xac, 0x10,
    0x0,

    /* U+041F "П" */
    0x7f, 0xff, 0xfe, 0x1, 0x0, 0x7f, 0xf1, 0xb,
    0x77, 0xeb, 0x0, 0xf1, 0x17, 0xcc, 0x1, 0xff,
    0xff, 0x0, 0xff, 0xff, 0x80, 0x7f, 0xf2, 0x40,

    /* U+0420 "Р" */
    0x7f, 0xff, 0xb6, 0x4, 0x3, 0xfc, 0x4f, 0x82,
    0x1, 0x17, 0x76, 0xd8, 0x2, 0x80, 0xc, 0x23,
    0x89, 0xd8, 0x18, 0x3, 0xfd, 0xa0, 0x1, 0x0,
    0xff, 0xe5, 0x60, 0x0, 0x40, 0x3f, 0x33, 0x82,
    0x80, 0x45, 0xff, 0xd2, 0x3, 0x60, 0x1f, 0xe5,
    0xc1, 0x0, 0x8b, 0x77, 0x77, 0xd1, 0x0, 0x71,
    0x16, 0x10, 0xf, 0xff, 0x68,

    /* U+0421 "С" */
    0x0, 0xc7, 0x3b, 0xfe, 0xeb, 0x50, 0xf, 0xa3,
    0x18, 0x80, 0x2, 0x95, 0x82, 0x1, 0xa5, 0xc0,
    0xe7, 0x36, 0xd4, 0xf, 0x0, 0x24, 0x60, 0x5c,
    0x63, 0x24, 0xaa, 0x1, 0x40, 0x3, 0xc0, 0xa8,
    0x3, 0xca, 0xc0, 0xe0, 0x4, 0xa, 0x0, 0xfd,
    0x73, 0xa0, 0x60, 0x4, 0x0, 0xfc, 0x4c, 0x40,
    0xc0, 0x2, 0x0, 0xff, 0xe8, 0x30, 0x0, 0x80,
    0x3f, 0xf8, 0x6, 0x0, 0x40, 0xf, 0xc4, 0xc4,
    0x0, 0x40, 0xa0, 0xf, 0xd7, 0x3a, 0x0, 0xf0,
    0x2a, 0x0, 0xf2, 0xb0, 0x38, 0x1, 0x18, 0x17,
    0x18, 0xc9, 0x2a, 0x80, 0x50, 0x1, 0x4b, 0x81,
    0xce, 0x6d, 0xa8, 0x1e, 0x0, 0x74, 0x63, 0x10,
    0x0, 0x52, 0xb0, 0x40, 0x0,

    /* U+0422 "Т" */
    0xcf, 0xff, 0xfe, 0x0, 0x80, 0x7f, 0xf0, 0xb7,
    0x79, 0x80, 0xb7, 0x78, 0x44, 0x45, 0x84, 0x4,
    0x8b, 0x80, 0x3f, 0xff, 0xe0, 0x1f, 0xff, 0xf0,
    0xf, 0xfe, 0x38,

    /* U+0423 "У" */
    0x7f, 0xf0, 0x80, 0x7d, 0xde, 0xec, 0x0, 0x90,
    0xf, 0x30, 0x83, 0xb, 0x83, 0x0, 0x7a, 0xc1,
    0xc4, 0x24, 0x5, 0x80, 0x32, 0x90, 0x48, 0x0,
    0x58, 0x2c, 0x3, 0x48, 0x28, 0x80, 0x56, 0x4,
    0x80, 0x3, 0x30, 0x40, 0x6, 0x25, 0xf, 0x0,
    0x48, 0x21, 0x0, 0x74, 0x82, 0x11, 0x14, 0x20,
    0x3, 0xc6, 0x60, 0xbb, 0x1, 0x98, 0x3, 0xe8,
    0x6, 0x60, 0x48, 0x7, 0xe4, 0x20, 0x1, 0x28,
    0x7, 0xf4, 0x0, 0x2c, 0x3, 0xfc, 0x40, 0x2c,
    0x1, 0xfe, 0x90, 0x90, 0xf, 0xf3, 0x88, 0x38,
    0x7, 0xfa, 0x41, 0xc0, 0x3e,

    /* U+0424 "Ф" */
    0x0, 0xf1, 0x7f, 0x88, 0x3, 0xf8, 0xeb, 0x7c,
    0x1, 0xfb, 0x46, 0x1, 0xcf, 0x8a, 0x44, 0x0,
    0x11, 0x17, 0x1c, 0x2, 0x48, 0x2, 0x99, 0x0,
    0x26, 0x44, 0x10, 0xa0, 0x8, 0x2, 0xd6, 0x40,
    0x2, 0x36, 0x90, 0x40, 0x9, 0x84, 0x0, 0x7e,
    0x80, 0x22, 0x28, 0x1, 0x0, 0x3f, 0x20, 0x1,
    0xc4, 0x0, 0x20, 0x1f, 0x84, 0x0, 0x62, 0x0,
    0x10, 0xf, 0xf8, 0xd8, 0x0, 0x80, 0x1f, 0x90,
    0x0, 0xe4, 0x40, 0x80, 0xf, 0xd0, 0x4, 0x40,
    0x80, 0x2d, 0x74, 0x0, 0x2b, 0x69, 0x84, 0x0,
    0x16, 0x0, 0xa2, 0x40, 0x11, 0x24, 0xe, 0xa0,
    0x13, 0xe2, 0x91, 0x0, 0x4, 0x45, 0xc8, 0x0,
    0xe3, 0xad, 0xf0, 0x7, 0xed, 0x18, 0x7, 0xff,
    0x1c,

    /* U+0425 "Х" */
    0x5f, 0xf3, 0x80, 0x79, 0xff, 0xcc, 0xaa, 0x8,
    0x20, 0xc, 0x50, 0x8, 0xc1, 0x62, 0x1c, 0x1,
    0xa4, 0x1, 0x40, 0x1, 0xb0, 0x37, 0x0, 0x32,
    0x4, 0x88, 0x4, 0xaa, 0x8, 0x21, 0x80, 0x46,
    0x0, 0xeb, 0x10, 0xeb, 0x10, 0xa0, 0xf, 0xd,
    0x81, 0xa8, 0x48, 0x80, 0x7c, 0xaa, 0x0, 0x23,
    0x0, 0x7f, 0x30, 0x1, 0x80, 0x3f, 0x9c, 0xc0,
    0x5, 0x0, 0x1f, 0x14, 0x2, 0xb8, 0x39, 0x80,
    0x7b, 0x80, 0x6e, 0x8, 0x38, 0x3, 0x9c, 0xc2,
    0xc4, 0x24, 0xa, 0x0, 0x22, 0x80, 0x55, 0x0,
    0x11, 0x81, 0xcc, 0x1, 0xc0, 0x36, 0x1, 0xa0,
    0x43, 0x81, 0xcc, 0x20, 0x40, 0x30, 0xd0, 0x14,
    0x0,

    /* U+0426 "Ц" */
    0x7f, 0xd0, 0xf, 0xdf, 0xe4, 0x0, 0xff, 0xff,
    0x80, 0x7f, 0xff, 0xc0, 0x3f, 0xfd, 0xa2, 0x1,
    0x8b, 0xff, 0xf0, 0x2, 0xbc, 0x3, 0xff, 0x8a,
    0xff, 0xff, 0xf5, 0x80, 0x7f, 0xf4, 0xd6, 0xec,
    0x0,

    /* U+0427 "Ч" */
    0x7f, 0xe0, 0xf, 0x1f, 0xf8, 0x80, 0x3f, 0xfd,
    0x2, 0x2, 0x1, 0xfe, 0x20, 0x1, 0x0, 0x7f,
    0x28, 0x2, 0x0, 0x39, 0xc0, 0x21, 0x50, 0x5a,
    0x42, 0x48, 0xb0, 0xd, 0x64, 0xb, 0x7b, 0x6e,
    0x1, 0xc3, 0x8e, 0x40, 0x1, 0x58, 0x0, 0xe1,
    0x8d, 0xff, 0x75, 0x20, 0x7, 0xff, 0xac,

    /* U+0428 "Ш" */
    0x7f, 0xd0, 0xe, 0xef, 0x60, 0xc, 0xbf, 0xe0,
    0xf, 0xff, 0xf8, 0x7, 0xff, 0xfc, 0x3, 0xff,
    0xf2, 0x45, 0xc0, 0x1, 0x22, 0xc6, 0x1, 0x8b,
    0x77, 0x84, 0x23, 0x77, 0x48, 0x7, 0xff, 0x20,

    /* U+0429 "Щ" */
    0x7f, 0xd0, 0xe, 0xef, 0x60, 0xc, 0xbf, 0xe0,
    0xf, 0xff, 0xf8, 0x7, 0xff, 0xfc, 0x3, 0xff,
    0xfe, 0x1, 0xff, 0xcf, 0x10, 0xf, 0xf8, 0xbf,
    0xf8, 0x42, 0x3f, 0xf5, 0x0, 0x3e, 0xc0, 0x3f,
    0xf9, 0xf, 0xff, 0xff, 0xc4, 0x60, 0xf, 0xfe,
    0xde, 0xbf, 0x0,

    /* U+042A "Ъ" */
    0x1f, 0xfc, 0xa0, 0x1f, 0xe2, 0x20, 0x7, 0xff,
    0x0, 0x77, 0x40, 0x1f, 0xff, 0x2a, 0xff, 0xeb,
    0x40, 0xf, 0xfe, 0xa, 0x5b, 0x0, 0x7a, 0x37,
    0x75, 0x98, 0x49, 0x0, 0x71, 0x17, 0x26, 0x80,
    0x14, 0x3, 0xfe, 0x14, 0xd, 0x0, 0xff, 0xe7,
    0xa, 0x6, 0x80, 0x71, 0x88, 0xe4, 0xd0, 0x2,
    0x80, 0x74, 0xf7, 0x6b, 0x30, 0x82, 0x0, 0xff,
    0x8e, 0xdc, 0x0,

    /* U+042B "Ы" */
    0x7f, 0xd0, 0xf, 0xf2, 0xff, 0x80, 0x3f, 0xff,
    0xe0, 0x1f, 0x17, 0xff, 0x6c, 0x0, 0x7f, 0xf0,
    0x89, 0xf4, 0x40, 0x3c, 0x5b, 0xbd, 0x0, 0x50,
    0x1, 0xf1, 0x17, 0x3b, 0x3, 0x80, 0x7f, 0xf0,
    0x74, 0x4, 0x40, 0x1f, 0xfd, 0xd, 0x0, 0x8,
    0x7, 0x84, 0x71, 0x43, 0x3, 0x0, 0x78, 0xbb,
    0xb6, 0xb8, 0x14, 0x0, 0x7f, 0xf0, 0x5, 0xf0,
    0x40, 0x30,

    /* U+042C "Ь" */
    0x7f, 0xd0, 0xf, 0xff, 0xf8, 0x0, 0xbf, 0xfb,
    0x60, 0x3, 0xfe, 0x27, 0xd1, 0x0, 0x8b, 0x77,
    0xa0, 0xa, 0x0, 0x31, 0x17, 0x3b, 0x3, 0x80,
    0x7f, 0xb4, 0x4, 0x40, 0x1f, 0xfc, 0xad, 0x0,
    0x8, 0x4, 0x23, 0x8a, 0x18, 0x18, 0x2, 0x2e,
    0xed, 0xae, 0x5, 0x0, 0x1f, 0xc2, 0xf8, 0x20,

    /* U+042D "Э" */
    0x0, 0xcd, 0x7d, 0xfe, 0xc8, 0x10, 0xf, 0x16,
    0xca, 0x8, 0x0, 0xdf, 0x94, 0x3, 0x16, 0x10,
    0x35, 0xee, 0x40, 0x85, 0x28, 0x5, 0x22, 0x19,
    0x28, 0x46, 0xfe, 0x41, 0x60, 0x1, 0x40, 0x93,
    0x0, 0xe1, 0xe0, 0x17, 0x0, 0x53, 0xb0, 0x7,
    0xc6, 0x81, 0x80, 0x2b, 0x0, 0x18, 0x8b, 0xc0,
    0xa0, 0x1f, 0x16, 0xef, 0x30, 0x8, 0x7, 0xff,
    0x2c, 0xbf, 0xf9, 0xc0, 0x30, 0xa8, 0x7, 0xf1,
    0x82, 0x0, 0xf5, 0x38, 0x7, 0xc4, 0x81, 0xa0,
    0x2a, 0x10, 0x80, 0x1c, 0x3e, 0x2, 0xc0, 0xb,
    0x10, 0xb9, 0x42, 0x37, 0xf2, 0xa, 0x0, 0x87,
    0x8, 0x1a, 0xf7, 0x20, 0x42, 0x90, 0x3, 0x16,
    0xca, 0x8, 0x0, 0xdf, 0x94, 0x2,

    /* U+042E "Ю" */
    0x7f, 0xd0, 0xf, 0x2d, 0xf7, 0xf5, 0x18, 0x7,
    0xfd, 0x74, 0x82, 0x2, 0xb9, 0x0, 0x1f, 0xd4,
    0x80, 0xb7, 0xb4, 0x60, 0xec, 0x1, 0xf1, 0xa8,
    0x3d, 0x21, 0x2e, 0x20, 0x48, 0x80, 0x7a, 0x40,
    0x60, 0x3, 0xa4, 0x0, 0xe0, 0x1e, 0x40, 0x70,
    0xf, 0x11, 0x86, 0x0, 0xd, 0x10, 0xa2, 0x1e,
    0x1, 0xf2, 0x83, 0x80, 0x6, 0xed, 0x40, 0x2,
    0x0, 0xf8, 0x40, 0xc0, 0x3f, 0xf9, 0x25, 0xfe,
    0xe0, 0x1, 0x0, 0x7c, 0x20, 0x60, 0x1c, 0x22,
    0xf, 0x0, 0xf9, 0x1, 0xc0, 0x3c, 0x80, 0xe0,
    0x1e, 0x22, 0x6, 0x0, 0x7a, 0x40, 0x60, 0x3,
    0xb8, 0x0, 0xe0, 0x1e, 0x35, 0x7, 0xa4, 0x25,
    0xc3, 0x9, 0x10, 0xf, 0xa9, 0x1, 0x6f, 0x68,
    0xc1, 0xd8, 0x3, 0xfa, 0xe9, 0x0, 0x2, 0xb9,
    0x0, 0x0,

    /* U+042F "Я" */
    0x0, 0x9b, 0x3f, 0xfe, 0xc0, 0x4, 0xc8, 0xc0,
    0x3f, 0x91, 0x81, 0x33, 0xbb, 0x30, 0x5, 0xc0,
    0x56, 0x62, 0x3c, 0x1, 0x30, 0x20, 0x7, 0xff,
    0x2d, 0x81, 0x0, 0x3f, 0xdc, 0x5, 0x22, 0x1,
    0xf9, 0x10, 0xd, 0xdf, 0xf9, 0xc0, 0x35, 0xb8,
    0x7, 0xff, 0x3, 0xc0, 0x19, 0xbb, 0x30, 0x7,
    0x48, 0x29, 0x91, 0x42, 0x1, 0x9c, 0x42, 0x0,
    0x3f, 0xa4, 0x10, 0x80, 0x3f, 0x30, 0x84, 0x0,
    0x7f, 0x58, 0x19, 0x80, 0x3f, 0x0,

    /* U+0430 "а" */
    0x0, 0x9b, 0x3f, 0xdd, 0x46, 0x1, 0xaa, 0x4c,
    0x0, 0x2b, 0x8a, 0x0, 0x65, 0x7, 0xde, 0xb2,
    0xb, 0x0, 0x2b, 0x3c, 0x10, 0xa7, 0x0, 0x90,
    0x1c, 0xc0, 0x12, 0xbc, 0x80, 0x4, 0x0, 0x77,
    0xfb, 0x50, 0xa0, 0x19, 0xb1, 0x1, 0x1e, 0x68,
    0x3, 0x40, 0x2f, 0xdc, 0x33, 0x0, 0x21, 0x10,
    0x48, 0x6, 0xa0, 0x8, 0x40, 0x14, 0x1, 0x3b,
    0x0, 0x68, 0x6, 0xfd, 0xf8, 0x42, 0x0, 0x9e,
    0x48, 0x8, 0xe2, 0xc0, 0x20,

    /* U+0431 "б" */
    0x0, 0xff, 0xe3, 0x13, 0x4d, 0xef, 0x0, 0x71,
    0xe6, 0xcb, 0x21, 0x8, 0x6, 0x4c, 0x31, 0x58,
    0xac, 0xe0, 0x8, 0x68, 0x1b, 0xa9, 0xd4, 0xc4,
    0x2, 0x61, 0x39, 0x1, 0x20, 0xf, 0x58, 0x54,
    0x77, 0x37, 0xe4, 0x3, 0x10, 0x53, 0x88, 0x4,
    0xd8, 0x1, 0x8, 0x1a, 0xef, 0xeb, 0x1, 0xc0,
    0x8, 0x0, 0xe8, 0x80, 0xa5, 0x1, 0x80, 0x35,
    0x80, 0x77, 0x0, 0x8c, 0x0, 0x10, 0xe, 0x10,
    0x1, 0x80, 0x80, 0x80, 0x71, 0x0, 0xc, 0x1c,
    0x28, 0x3, 0xa8, 0x8, 0x42, 0xc0, 0xb1, 0x9,
    0x2c, 0xc2, 0x0, 0x5, 0x20, 0x77, 0xb6, 0x80,
    0xea, 0x1, 0x36, 0x20, 0x80, 0xae, 0x40, 0x0,

    /* U+0432 "в" */
    0x7f, 0xff, 0x62, 0x80, 0x71, 0x14, 0x7, 0x4c,
    0x1, 0x16, 0xed, 0xe6, 0x14, 0x1, 0xf9, 0x0,
    0x40, 0x3f, 0x20, 0x38, 0x4, 0x5b, 0xb7, 0x99,
    0xac, 0x3, 0x11, 0x40, 0x3, 0x90, 0x8, 0xbf,
    0xf4, 0x83, 0xa0, 0x7, 0xcc, 0x20, 0x60, 0x1f,
    0x18, 0x81, 0x0, 0xb, 0x32, 0xdc, 0x1, 0x40,
    0x8, 0xce, 0x21, 0x4c, 0x10,

    /* U+0433 "г" */
    0x7f, 0xff, 0xb8, 0x3, 0xfe, 0x2d, 0xde, 0xc0,
    0x8, 0x8b, 0xc0, 0x1f, 0xff, 0xc0,

    /* U+0434 "д" */
    0x0, 0xaf, 0xff, 0xed, 0x0, 0xe7, 0x1, 0x22,
    0x84, 0x3, 0xfa, 0xf7, 0x69, 0x0, 0xf8, 0x40,
    0x40, 0x3f, 0xe2, 0x7, 0x0, 0xff, 0xe0, 0x90,
    0x7, 0xf8, 0x80, 0x2, 0x1, 0xfe, 0x70, 0x10,
    0xf, 0xfb, 0x41, 0x40, 0x3f, 0xc2, 0xc1, 0xa0,
    0x1f, 0xc9, 0xc2, 0x17, 0xbb, 0xa4, 0xb, 0x40,
    0x40, 0x22, 0x2e, 0x10, 0x1, 0x0, 0x45, 0xff,
    0xf6, 0x80, 0x7f, 0xf1, 0x59, 0x8a, 0x1, 0xf1,
    0xb3, 0x0,

    /* U+0435 "е" */
    0x0, 0x8a, 0x7b, 0xfd, 0x6a, 0x1, 0xcb, 0xac,
    0x20, 0x4, 0xa9, 0x0, 0x8a, 0x81, 0x33, 0xfa,
    0x1, 0x94, 0x1, 0x0, 0x56, 0x60, 0x2e, 0xc1,
    0x20, 0x5, 0x5, 0x0, 0xea, 0x3, 0x11, 0x0,
    0x1f, 0xff, 0xb0, 0x0, 0x40, 0x11, 0x19, 0xfe,
    0x11, 0x0, 0x17, 0x33, 0xf1, 0x2, 0x83, 0x8,
    0x6, 0x6a, 0x50, 0x4, 0x80, 0xe2, 0x91, 0xc4,
    0xaf, 0x80, 0xe, 0x80, 0xab, 0x71, 0xc0, 0xe8,
    0x2, 0x5d, 0x61, 0x0, 0x1c, 0xe0, 0x0,

    /* U+0436 "ж" */
    0x3f, 0xf2, 0x80, 0x5b, 0xe6, 0x0, 0x1e, 0xf8,
    0x3, 0x80, 0xa1, 0x0, 0xfa, 0x84, 0xe0, 0x0,
    0xe8, 0x1a, 0x1, 0xe6, 0x40, 0xe0, 0xd, 0x42,
    0x6e, 0x1, 0x8a, 0x42, 0x88, 0x3, 0xd, 0x4,
    0x18, 0x5, 0xe0, 0xaa, 0x0, 0xf2, 0x30, 0x71,
    0x84, 0x11, 0x28, 0x3, 0xff, 0x88, 0x20, 0x1f,
    0x2b, 0x7, 0x98, 0x41, 0x95, 0x0, 0x78, 0xa8,
    0x24, 0x80, 0x2e, 0x4, 0x70, 0xe, 0xf0, 0x46,
    0x0, 0xc5, 0x41, 0x6, 0x1, 0x51, 0xd, 0x0,
    0x79, 0x58, 0x34, 0x41, 0x94, 0x28, 0x40, 0x3e,
    0x92, 0x1a, 0x0,

    /* U+0437 "з" */
    0x0, 0x14, 0xef, 0xfb, 0x14, 0x2, 0x7d, 0x62,
    0x0, 0x1d, 0x38, 0x0, 0x41, 0x2f, 0x70, 0xc2,
    0x0, 0xd, 0x96, 0x84, 0x70, 0x0, 0x10, 0x1,
    0x80, 0x45, 0xc0, 0x22, 0x0, 0xd9, 0xfa, 0xa1,
    0x0, 0x1c, 0xc4, 0x20, 0xa, 0x0, 0xea, 0xde,
    0xc0, 0x35, 0x4, 0x80, 0xc, 0x60, 0x3, 0x35,
    0xbe, 0x29, 0x1d, 0x0, 0x8, 0xe0, 0xe, 0xb7,
    0x14, 0x15, 0x1, 0xf5, 0x84, 0x0, 0x73, 0x40,

    /* U+0438 "и" */
    0x7f, 0xb0, 0xe, 0xaf, 0x80, 0xf, 0x99, 0x40,
    0x3f, 0x14, 0x80, 0x7f, 0x78, 0x7, 0xf4, 0x92,
    0x28, 0x7, 0x95, 0x86, 0x80, 0x3c, 0x36, 0x16,
    0x20, 0x1e, 0xd1, 0x65, 0x0, 0xf2, 0x19, 0x48,
    0x7, 0xf7, 0x0, 0x7f, 0x41, 0x80, 0x7e, 0x47,
    0x0, 0xf8,

    /* U+0439 "й" */
    0x0, 0x27, 0xd0, 0xf, 0x78, 0x6, 0x42, 0x5d,
    0xf1, 0x60, 0xe, 0xf4, 0x20, 0x79, 0x0, 0xe2,
    0xbf, 0xe8, 0x0, 0x9f, 0xec, 0x3, 0xab, 0xe0,
    0x3, 0xe6, 0x50, 0xf, 0xc5, 0x20, 0x1f, 0xde,
    0x1, 0xfd, 0x24, 0x8a, 0x1, 0xe5, 0x61, 0xa0,
    0xf, 0xd, 0x85, 0x88, 0x7, 0xb4, 0x59, 0x40,
    0x3c, 0x86, 0x52, 0x1, 0xfd, 0xc0, 0x1f, 0xd0,
    0x60, 0x1f, 0x91, 0xc0, 0x3e,

    /* U+043A "к" */
    0x7f, 0xe0, 0xd, 0xbf, 0xc4, 0x1, 0xea, 0x20,
    0xa2, 0x0, 0xe7, 0x50, 0x94, 0x0, 0xe4, 0x80,
    0x66, 0x0, 0x71, 0x58, 0x1c, 0x80, 0x7b, 0xc0,
    0xb4, 0x3, 0xf8, 0xc0, 0x3f, 0x60, 0x8b, 0x4,
    0x3, 0xc3, 0xa0, 0x5a, 0x1, 0xf1, 0xd8, 0x1d,
    0x80, 0x7c, 0x90, 0x9, 0x20, 0x1f, 0x3b, 0x3,
    0x40,

    /* U+043B "л" */
    0x0, 0xbf, 0xff, 0x48, 0x7, 0xff, 0x8, 0x80,
    0x19, 0xbb, 0x18, 0x6, 0x10, 0x1, 0x91, 0x40,
    0x1c, 0xe0, 0x20, 0x1f, 0xc4, 0x4, 0x1, 0xfc,
    0x20, 0xe0, 0x1f, 0xda, 0x4, 0x1, 0xfc, 0xc1,
    0xc0, 0x1f, 0x88, 0xc0, 0xc0, 0x3e, 0x8d, 0x0,
    0x20, 0x7, 0xc2, 0x0, 0x90, 0xf, 0xd3, 0xbc,
    0xc0, 0x1d, 0x9f, 0x20,

    /* U+043C "м" */
    0x7f, 0xb0, 0xf, 0x87, 0xfc, 0x40, 0x4, 0x30,
    0xf, 0x48, 0x7, 0xa0, 0x3, 0x85, 0xc0, 0x3c,
    0x86, 0x1, 0xa4, 0x3, 0xf4, 0x0, 0x42, 0xe0,
    0x1e, 0x32, 0x43, 0x0, 0x48, 0x28, 0x7, 0x3d,
    0x84, 0x0, 0xb8, 0x40, 0x7, 0x98, 0x50, 0xe4,
    0x18, 0xc0, 0x3e, 0x80, 0x87, 0x8, 0x0, 0xfc,
    0xc2, 0x80, 0xc2, 0x1, 0xfd, 0x0, 0x8, 0x0,
    0xff, 0x30, 0xb0, 0x80, 0x70,

    /* U+043D "н" */
    0x7f, 0xd0, 0xe, 0x6f, 0xe0, 0xf, 0xff, 0x11,
    0x7f, 0xf4, 0x80, 0x7f, 0xf0, 0xcb, 0x77, 0xa0,
    0x3, 0x88, 0xb8, 0x40, 0x3f, 0xfa, 0xe0,

    /* U+043E "о" */
    0x0, 0x8a, 0x7b, 0xfd, 0x8a, 0x1, 0xcb, 0xac,
    0x20, 0x3, 0xab, 0x0, 0x8e, 0x80, 0xab, 0x71,
    0x81, 0x24, 0x1, 0x20, 0x38, 0xa4, 0x72, 0xe0,
    0xc2, 0xa, 0xc, 0x20, 0x1a, 0x40, 0x8, 0x20,
    0xd, 0x0, 0xe1, 0x0, 0x68, 0x7, 0xff, 0x4,
    0x40, 0x1a, 0x1, 0xc4, 0x0, 0xd0, 0x50, 0x61,
    0x0, 0xd6, 0x0, 0x40, 0x90, 0x1c, 0x52, 0x39,
    0x60, 0x61, 0x3, 0xa0, 0x2a, 0xdc, 0x60, 0x49,
    0x0, 0x97, 0x54, 0x40, 0x7, 0x56, 0x0,

    /* U+043F "п" */
    0x7f, 0xff, 0xe8, 0x0, 0xff, 0xe0, 0x96, 0xef,
    0x18, 0x7, 0x11, 0x70, 0x7, 0xff, 0xfc, 0x3,
    0xff, 0x88,

    /* U+0440 "р" */
    0x7f, 0x95, 0xcf, 0xf6, 0xb8, 0x7, 0x35, 0x18,
    0x0, 0xa3, 0x0, 0x38, 0xaf, 0xf5, 0xc0, 0xe4,
    0x3, 0x7a, 0x1, 0x43, 0x3, 0x8, 0x0, 0xc8,
    0x3, 0x58, 0x1, 0x0, 0xc, 0x1, 0xc4, 0x0,
    0x20, 0xf, 0xfe, 0x13, 0x0, 0x71, 0x0, 0x8,
    0x0, 0x64, 0x1, 0xac, 0x0, 0x80, 0x17, 0xa0,
    0x94, 0x30, 0x30, 0x80, 0x45, 0x7d, 0xae, 0x7,
    0x20, 0x11, 0x51, 0x80, 0xa, 0x30, 0x3, 0x97,
    0x3f, 0xda, 0xe0, 0x1f, 0xfe, 0x70,

    /* U+0441 "с" */
    0x0, 0x8e, 0xbb, 0xfd, 0x6a, 0x1, 0x9b, 0x14,
    0x40, 0x9, 0x52, 0x0, 0x39, 0x3, 0xbd, 0xb4,
    0x6, 0x60, 0x48, 0xe, 0xa1, 0x25, 0x99, 0x8,
    0x28, 0x30, 0x80, 0x6c, 0xd7, 0x10, 0x6, 0x80,
    0x7f, 0xf2, 0x4, 0x1, 0xa0, 0x1f, 0xca, 0xc,
    0x20, 0x1b, 0x30, 0xc1, 0x20, 0x38, 0xa4, 0x96,
    0x67, 0x1, 0xc8, 0x15, 0x6d, 0xa0, 0x32, 0x80,
    0x1b, 0x14, 0x40, 0x52, 0xe4, 0x0,

    /* U+0442 "т" */
    0x7f, 0xff, 0xf0, 0x7, 0xfc, 0xff, 0xf4, 0x80,
    0xff, 0xe0, 0xf, 0xff, 0xf8, 0x7, 0xff, 0x30,

    /* U+0443 "у" */
    0x8f, 0xe0, 0xf, 0x57, 0xdc, 0x80, 0xa0, 0x7,
    0x28, 0x70, 0xa8, 0x70, 0x6, 0x60, 0x15, 0xe,
    0x5, 0x10, 0xa, 0x81, 0x80, 0x8, 0x40, 0xc0,
    0x2, 0x30, 0xa0, 0xa, 0x82, 0x80, 0x14, 0x6,
    0x40, 0x13, 0x1, 0x20, 0x30, 0x50, 0x6, 0x15,
    0xe, 0x41, 0x6, 0x0, 0xe9, 0x5, 0xf0, 0x60,
    0xf, 0x19, 0x81, 0x2, 0x80, 0x3e, 0xa0, 0x1,
    0x18, 0x7, 0xcc, 0x0, 0xa0, 0xf, 0xc6, 0x0,
    0x60, 0xf, 0xd4, 0xa, 0x20, 0x1f, 0x9c, 0x38,
    0x3, 0xf2, 0x8, 0x90, 0x3, 0xf7, 0x3, 0x0,
    0x78,

    /* U+0444 "ф" */
    0x0, 0xfb, 0xbc, 0xc0, 0x3f, 0xfb, 0xc4, 0xac,
    0x0, 0xb6, 0x30, 0xf, 0xd, 0x6d, 0x48, 0x83,
    0xce, 0x69, 0x80, 0x6d, 0x50, 0x24, 0x0, 0x19,
    0x80, 0xb0, 0x80, 0xc, 0x61, 0x3b, 0x62, 0x1f,
    0x9a, 0x21, 0x20, 0xa, 0x4, 0x60, 0xf, 0x15,
    0x82, 0x8, 0x18, 0x68, 0x7, 0xe5, 0x0, 0x20,
    0x80, 0x8, 0x3, 0xf8, 0x40, 0xc0, 0x3f, 0xf8,
    0x82, 0x0, 0x20, 0xf, 0xc2, 0x20, 0x20, 0x30,
    0xa0, 0xf, 0xcc, 0x0, 0x50, 0x90, 0x39, 0x0,
    0xf2, 0xc0, 0x28, 0x82, 0xa8, 0x1b, 0xf8, 0x43,
    0x7e, 0x80, 0x6c, 0x2, 0xa7, 0x0, 0x8, 0x0,
    0x40, 0x9, 0xe2, 0x1, 0xa3, 0xf3, 0x2, 0x15,
    0x9d, 0x62, 0x1, 0xf1, 0x98, 0x0, 0xc6, 0x20,
    0x1f, 0xfe, 0x80,

    /* U+0445 "х" */
    0x5f, 0xf3, 0x0, 0x66, 0xff, 0x22, 0xb0, 0x49,
    0x0, 0xa, 0x41, 0xd0, 0x24, 0x83, 0x80, 0x1e,
    0x7, 0x0, 0x17, 0x81, 0xc4, 0x8, 0x38, 0x3,
    0x14, 0x83, 0xb8, 0x28, 0x80, 0x39, 0x94, 0x0,
    0xaa, 0x0, 0xf8, 0x40, 0x2, 0x1, 0xf3, 0xa0,
    0x1, 0x1c, 0x3, 0x8e, 0x2, 0x20, 0x10, 0x60,
    0x10, 0xe8, 0x23, 0xb9, 0x3, 0x80, 0x2b, 0x11,
    0x50, 0x2, 0x84, 0xa8, 0x19, 0x42, 0xc4, 0x0,
    0x36, 0xa, 0xc0,

    /* U+0446 "ц" */
    0x7f, 0xd0, 0xe, 0xcf, 0x80, 0xf, 0xff, 0xf8,
    0x7, 0xff, 0x58, 0x8b, 0x80, 0x2, 0x42, 0x0,
    0x2d, 0xde, 0x30, 0x6d, 0xf0, 0xf, 0xfe, 0xb,
    0xff, 0xff, 0x48, 0x7, 0xff, 0x35, 0x2e, 0x80,

    /* U+0447 "ч" */
    0x2f, 0xf1, 0x80, 0x67, 0xfe, 0x0, 0xff, 0xe5,
    0x18, 0x7, 0xff, 0x5, 0xc0, 0x3e, 0x10, 0x6,
    0x0, 0x7e, 0x50, 0x75, 0x0, 0x25, 0x80, 0x50,
    0x21, 0x5f, 0xeb, 0x30, 0x8, 0xb1, 0x44, 0x5,
    0x14, 0x3, 0x15, 0x77, 0xf5, 0xe8, 0x7, 0xff,
    0x30,

    /* U+0448 "ш" */
    0x7f, 0xb0, 0xa, 0x3e, 0xc0, 0x29, 0xf9, 0x0,
    0xff, 0xff, 0x80, 0x7f, 0xfc, 0x93, 0xfe, 0x70,
    0x4f, 0xf9, 0x80, 0x3f, 0xf8, 0xa0,

    /* U+0449 "щ" */
    0x7f, 0xb0, 0xa, 0x3e, 0xc0, 0x29, 0xf9, 0x0,
    0xff, 0xff, 0x80, 0x7f, 0xff, 0x13, 0xfe, 0x70,
    0x4f, 0xf9, 0x81, 0xb8, 0x3, 0xff, 0x88, 0xff,
    0xff, 0xfc, 0x9, 0x0, 0xff, 0xe9, 0xa5, 0xd0,

    /* U+044A "ъ" */
    0x9f, 0xf9, 0xc0, 0x3e, 0xe2, 0x0, 0xff, 0x3e,
    0x88, 0x7, 0xff, 0x36, 0x77, 0x6c, 0x81, 0x0,
    0xe1, 0x22, 0x8d, 0xf8, 0x80, 0x34, 0x7f, 0xd8,
    0x21, 0x20, 0x3, 0x0, 0xe3, 0x90, 0x40, 0xf,
    0xe1, 0x0, 0xff, 0xd, 0x81, 0x80, 0x69, 0xdd,
    0xb8, 0x82, 0x0, 0x30, 0x91, 0x40, 0x98, 0x80,

    /* U+044B "ы" */
    0x7f, 0xd0, 0xf, 0x87, 0xfc, 0x60, 0x1f, 0xfe,
    0x2, 0xdd, 0xad, 0x80, 0x3f, 0x88, 0xa4, 0x9b,
    0x0, 0xf8, 0xbf, 0xe8, 0x4, 0x50, 0xf, 0xf3,
    0x90, 0x60, 0x7, 0xfc, 0x20, 0x1f, 0xfc, 0x4,
    0x30, 0xf0, 0xf, 0x16, 0xed, 0x60, 0x4c, 0x1,
    0xf1, 0x14, 0x2d, 0x80, 0x1c,

    /* U+044C "ь" */
    0x7f, 0xd0, 0xf, 0xfe, 0xf9, 0x66, 0x6a, 0x40,
    0xe, 0x33, 0xcb, 0x6e, 0x1, 0x17, 0xfd, 0xaa,
    0x10, 0x20, 0x1e, 0x2b, 0x0, 0x20, 0x7, 0xc2,
    0x1, 0xfe, 0x80, 0x3, 0x80, 0xb, 0x76, 0xe7,
    0x5, 0x20, 0x8, 0x8a, 0x12, 0x8a, 0x0,

    /* U+044D "э" */
    0x0, 0xc, 0xef, 0xfb, 0x1c, 0x3, 0x1f, 0xb1,
    0x0, 0xe, 0x30, 0x40, 0x1c, 0x21, 0x1b, 0xa8,
    0x3, 0xa0, 0x17, 0x1b, 0x72, 0x23, 0xc8, 0x21,
    0x8d, 0x72, 0x0, 0x66, 0x0, 0x20, 0x6, 0x4f,
    0xfc, 0x0, 0xe0, 0xc, 0xe4, 0x58, 0x3, 0xe3,
    0xdd, 0xc0, 0xe, 0x1a, 0xe5, 0x0, 0xce, 0x0,
    0x41, 0x61, 0xa6, 0x23, 0x88, 0x2, 0x18, 0x70,
    0x84, 0xee, 0x38, 0x15, 0x0, 0xb, 0xdc, 0x80,
    0x5, 0x1a, 0x20,

    /* U+044E "ю" */
    0x7f, 0xd0, 0xc, 0x55, 0xdf, 0xd6, 0x80, 0x1f,
    0xcb, 0xaa, 0x20, 0x29, 0x72, 0x1, 0xf1, 0x50,
    0x25, 0xee, 0x28, 0x33, 0x80, 0x7a, 0xc0, 0xad,
    0x8, 0xe9, 0x2, 0x40, 0x23, 0x44, 0x82, 0xc0,
    0x3b, 0xc0, 0x4c, 0x0, 0x37, 0x62, 0x5, 0x0,
    0xe5, 0x0, 0x28, 0x7, 0xff, 0x1c, 0xbf, 0xc6,
    0xa, 0x1, 0xca, 0x0, 0x50, 0xe, 0xb0, 0xb0,
    0xe, 0xf0, 0x13, 0x0, 0xe6, 0x12, 0xc4, 0x24,
    0xa4, 0x8, 0x0, 0xf0, 0xd0, 0x1d, 0xed, 0xa8,
    0x33, 0x0, 0x3e, 0x4d, 0x51, 0x1, 0x4b, 0x90,
    0x0,

    /* U+044F "я" */
    0x0, 0xc, 0xf7, 0xff, 0x84, 0x7, 0xd8, 0x48,
    0xb0, 0x6, 0x91, 0xc, 0xdd, 0xb8, 0x3, 0x18,
    0x29, 0x80, 0x7e, 0x70, 0xf, 0xf9, 0x1, 0x4c,
    0x3, 0xf4, 0x88, 0x66, 0xe6, 0x38, 0x3, 0xe,
    0x20, 0x11, 0x98, 0x80, 0x38, 0x9c, 0x17, 0xfd,
    0x80, 0x1c, 0xe6, 0x36, 0x1, 0xf1, 0x40, 0x58,
    0x80, 0x7d, 0xc0, 0xaa, 0x0, 0xf8,

    /* U+0450 "ѐ" */
    0x0, 0xcd, 0x86, 0x1, 0xfe, 0x43, 0x90, 0xf,
    0xf1, 0x1a, 0x88, 0x7, 0xfa, 0x41, 0x80, 0x3f,
    0xcb, 0xee, 0x1, 0xff, 0xc9, 0x29, 0xef, 0xf5,
    0xa8, 0x7, 0x2e, 0xb0, 0x80, 0x12, 0xa4, 0x2,
    0x2a, 0x4, 0xcf, 0xe8, 0x6, 0x50, 0x4, 0x1,
    0x59, 0x80, 0xbb, 0x4, 0x80, 0x14, 0x14, 0x3,
    0xa8, 0xc, 0x44, 0x0, 0x7f, 0xfe, 0xc0, 0x1,
    0x0, 0x44, 0x67, 0xf8, 0x44, 0x0, 0x5c, 0xcf,
    0xc4, 0xa, 0xc, 0x20, 0x19, 0xa9, 0x40, 0x12,
    0x3, 0x8a, 0x47, 0x12, 0xbe, 0x0, 0x3a, 0x2,
    0xad, 0xc7, 0x3, 0xa0, 0x9, 0x75, 0x84, 0x0,
    0x73, 0x80, 0x0,

    /* U+0451 "ё" */
    0x0, 0xab, 0xe4, 0xf, 0xfc, 0x1, 0xff, 0xc7,
    0xbd, 0x80, 0x3d, 0xd0, 0x7, 0x84, 0x84, 0x0,
    0x44, 0x0, 0xf1, 0x4f, 0x7f, 0xad, 0x40, 0x39,
    0x75, 0x84, 0x0, 0x95, 0x20, 0x11, 0x50, 0x26,
    0x7f, 0x40, 0x32, 0x80, 0x20, 0xa, 0xcc, 0x5,
    0xd8, 0x24, 0x0, 0xa0, 0xa0, 0x1d, 0x40, 0x62,
    0x20, 0x3, 0xff, 0xf6, 0x0, 0x8, 0x2, 0x23,
    0x3f, 0xc2, 0x20, 0x2, 0xe6, 0x7e, 0x20, 0x50,
    0x61, 0x0, 0xcd, 0x4a, 0x0, 0x90, 0x1c, 0x52,
    0x38, 0x95, 0xf0, 0x1, 0xd0, 0x15, 0x6e, 0x38,
    0x1d, 0x0, 0x4b, 0xac, 0x20, 0x3, 0x9c, 0x0,
    0x0,

    /* U+0452 "ђ" */
    0x7, 0xf9, 0x0, 0xfe, 0x99, 0x3, 0xee, 0x80,
    0x3e, 0x21, 0x1, 0x22, 0x0, 0x7d, 0x70, 0xd,
    0xfe, 0x0, 0xff, 0x8a, 0xbb, 0xfa, 0x84, 0x3,
    0x97, 0x54, 0x40, 0x57, 0xc4, 0x3, 0x18, 0x46,
    0xe3, 0x0, 0xc0, 0x7, 0x4b, 0x91, 0xca, 0x3,
    0x0, 0x73, 0x0, 0x6e, 0x0, 0x10, 0x4, 0x20,
    0x1c, 0xe0, 0x1, 0x0, 0x8c, 0x3, 0xff, 0xfe,
    0xff, 0xa0, 0x1f, 0xfd, 0x34, 0x0, 0x8, 0x7,
    0xef, 0x90, 0x12, 0x0, 0xfc, 0x86, 0xb8, 0x0,

    /* U+0453 "ѓ" */
    0x0, 0xcf, 0xea, 0x1, 0xea, 0x15, 0x0, 0xe4,
    0x26, 0x0, 0xf6, 0x1c, 0x80, 0x7a, 0x30, 0x40,
    0x27, 0xff, 0xfb, 0x80, 0x3f, 0xe2, 0xdd, 0xec,
    0x0, 0x88, 0xbc, 0x1, 0xff, 0xfc,

    /* U+0454 "є" */
    0x0, 0x8e, 0xbb, 0xfd, 0x6a, 0x1, 0x9b, 0x14,
    0x40, 0x9, 0x54, 0x0, 0x1c, 0x81, 0xde, 0xda,
    0x2, 0xb0, 0x48, 0xe, 0xa1, 0x25, 0x99, 0x80,
    0xa, 0xc, 0x20, 0x1b, 0x30, 0xc2, 0x0, 0x7f,
    0xfb, 0x40, 0x3e, 0x12, 0x29, 0xc0, 0x30, 0x80,
    0x1f, 0x76, 0xa0, 0xe, 0x50, 0x71, 0x0, 0xd9,
    0x86, 0x9, 0x1, 0xc5, 0x24, 0xb3, 0x38, 0xe,
    0x40, 0xab, 0x6d, 0x1, 0xd4, 0x0, 0xd8, 0xa2,
    0x2, 0x97, 0x0,

    /* U+0455 "ѕ" */
    0x0, 0xc, 0xf7, 0xfb, 0x60, 0x2, 0x2f, 0x61,
    0x0, 0x13, 0xe8, 0x85, 0x88, 0xb3, 0xfd, 0x20,
    0x50, 0x4, 0x8, 0x60, 0x6, 0x86, 0xc0, 0xc0,
    0x59, 0x40, 0x3, 0xca, 0x83, 0xb0, 0x35, 0xfd,
    0xb0, 0x6, 0x9e, 0x95, 0x14, 0x9e, 0x30, 0x8,
    0x5a, 0xba, 0xc8, 0x7c, 0x27, 0x14, 0x2, 0x45,
    0x2, 0x5, 0x3a, 0x60, 0x1, 0xb0, 0x28, 0x70,
    0x84, 0xff, 0xb0, 0x42, 0x0, 0xbd, 0xc8, 0x0,
    0x2d, 0xa6,

    /* U+0456 "і" */
    0x3f, 0xf0, 0x80, 0x63, 0xcc, 0x8, 0x19, 0x80,
    0xff, 0xc2, 0x1, 0xff, 0xe0,

    /* U+0457 "ї" */
    0x6f, 0xc0, 0x7, 0xf8, 0xc0, 0x3f, 0x3e, 0xf0,
    0x3, 0x74, 0x62, 0x44, 0x0, 0x11, 0x0, 0x23,
    0xff, 0x8, 0x7, 0xff, 0xfc, 0x3, 0xff, 0x86,

    /* U+0458 "ј" */
    0x0, 0xb7, 0xdc, 0x3, 0xfb, 0xf1, 0x80, 0x22,
    0x31, 0x0, 0xb7, 0xdc, 0x3, 0xff, 0xfe, 0x60,
    0x11, 0x38, 0x80, 0x9e, 0xc0, 0x1, 0x0, 0x22,
    0xa2,

    /* U+0459 "љ" */
    0x0, 0xbf, 0xff, 0x0, 0x7f, 0xf3, 0xc8, 0x1,
    0x9b, 0xaa, 0x0, 0xff, 0x84, 0x0, 0x64, 0x41,
    0x0, 0xff, 0x9c, 0x4, 0x3, 0xdb, 0xb6, 0x38,
    0x6, 0x10, 0x20, 0xf, 0x11, 0x47, 0x1a, 0x20,
    0x2, 0x7, 0x0, 0xf7, 0xfd, 0x40, 0x52, 0x0,
    0xe0, 0x20, 0xf, 0xe5, 0x50, 0x20, 0x1, 0x43,
    0x80, 0x3f, 0xc6, 0x1, 0x9, 0x81, 0x80, 0x7f,
    0x13, 0x82, 0xbf, 0x0, 0x10, 0x3, 0xdb, 0xb8,
    0x45, 0x7c, 0x0, 0x90, 0xf, 0x88, 0xa1, 0x5c,
    0x29, 0xde, 0x60, 0xc, 0x9f, 0xfd, 0xd4, 0x40,

    /* U+045A "њ" */
    0x7f, 0xd0, 0xd, 0xbf, 0x0, 0x1f, 0xff, 0x2,
    0xdd, 0xc4, 0xd, 0xba, 0xc9, 0x30, 0xe, 0x22,
    0xc0, 0x1, 0x22, 0x1b, 0x63, 0x0, 0x45, 0xff,
    0x88, 0x1f, 0xfd, 0xc8, 0x12, 0x1, 0xff, 0xc1,
    0x19, 0x0, 0x18, 0x7, 0xff, 0x4a, 0xc0, 0x4,
    0x1, 0xfc, 0xdb, 0xae, 0x60, 0x71, 0x0, 0xfe,
    0x12, 0x20, 0x94, 0xc0, 0x0,

    /* U+045B "ћ" */
    0x7, 0xf9, 0x0, 0xfe, 0x99, 0x3, 0xee, 0x80,
    0x3e, 0x21, 0x1, 0x22, 0x0, 0x7d, 0x70, 0xd,
    0xfe, 0x0, 0xff, 0x8a, 0xbb, 0xfa, 0x84, 0x3,
    0x97, 0x54, 0x40, 0x57, 0xc4, 0x3, 0x18, 0x46,
    0xe3, 0x0, 0xc0, 0x7, 0x4b, 0x91, 0xca, 0x3,
    0x0, 0x73, 0x0, 0x6e, 0x0, 0x10, 0x7, 0xf3,
    0x80, 0x4, 0x2, 0x20, 0xf, 0xff, 0xf0,

    /* U+045C "ќ" */
    0x0, 0xc3, 0xf6, 0x1, 0xf9, 0x83, 0x80, 0x3f,
    0x48, 0xa8, 0x7, 0xc6, 0x50, 0x1, 0xf8, 0xf1,
    0x80, 0x39, 0xff, 0x80, 0x36, 0xff, 0x10, 0x7,
    0xa8, 0x82, 0x88, 0x3, 0x9d, 0x42, 0x50, 0x3,
    0x92, 0x1, 0x98, 0x1, 0xc5, 0x60, 0x72, 0x1,
    0xef, 0x2, 0xd0, 0xf, 0xe3, 0x0, 0xfd, 0x82,
    0x2c, 0x10, 0xf, 0xe, 0x81, 0x68, 0x7, 0xc7,
    0x60, 0x76, 0x1, 0xf2, 0x40, 0x24, 0x80, 0x7c,
    0xec, 0xd, 0x0,

    /* U+045D "ѝ" */
    0x0, 0xd9, 0xe0, 0x1f, 0xd4, 0xc, 0x1, 0xf9,
    0x86, 0xc0, 0x3f, 0xa4, 0x48, 0x3, 0xf3, 0xe1,
    0x0, 0x4f, 0xf6, 0x1, 0xd5, 0xf0, 0x1, 0xf3,
    0x28, 0x7, 0xe2, 0x90, 0xf, 0xef, 0x0, 0xfe,
    0x92, 0x45, 0x0, 0xf2, 0xb0, 0xd0, 0x7, 0x86,
    0xc2, 0xc4, 0x3, 0xda, 0x2c, 0xa0, 0x1e, 0x43,
    0x29, 0x0, 0xfe, 0xe0, 0xf, 0xe8, 0x30, 0xf,
    0xc8, 0xe0, 0x1f, 0x0,

    /* U+045E "ў" */
    0x0, 0x91, 0x40, 0x2, 0xa4, 0x1, 0xdf, 0x4c,
    0x17, 0x48, 0x1, 0xd0, 0x13, 0xea, 0x4c, 0x1,
    0xc7, 0x8a, 0x6d, 0x80, 0x1f, 0x1d, 0x64, 0x88,
    0x5, 0x1f, 0xc0, 0x1e, 0xaf, 0xb9, 0x1, 0x40,
    0xe, 0x50, 0xe1, 0x50, 0xe0, 0xc, 0xc0, 0x2a,
    0x1c, 0xa, 0x20, 0x15, 0x3, 0x0, 0x10, 0x81,
    0x80, 0x4, 0x61, 0x40, 0x15, 0x5, 0x0, 0x28,
    0xc, 0x80, 0x26, 0x2, 0x40, 0x60, 0xa0, 0xc,
    0x2a, 0x1c, 0x82, 0xc, 0x1, 0xd2, 0xb, 0xe0,
    0xc0, 0x1e, 0x33, 0x2, 0x5, 0x0, 0x7d, 0x40,
    0x2, 0x30, 0xf, 0x98, 0x1, 0x40, 0x1f, 0x8c,
    0x0, 0xc0, 0x1f, 0xa8, 0x14, 0x40, 0x3f, 0x38,
    0x70, 0x7, 0xe4, 0x11, 0x20, 0x7, 0xee, 0x6,
    0x0, 0xf0,

    /* U+045F "џ" */
    0x7f, 0xd0, 0xe, 0xcf, 0x80, 0xf, 0xff, 0xf8,
    0x7, 0xff, 0x10, 0x8b, 0x80, 0x38, 0xb7, 0x78,
    0xc0, 0x3f, 0xf8, 0x2f, 0xff, 0x48, 0xf, 0xfd,
    0x0, 0x1f, 0xfc, 0x35, 0x79, 0x0, 0xc0,

    /* U+0490 "Ґ" */
    0x0, 0xfc, 0xdf, 0xc0, 0x1f, 0xf3, 0xff, 0xfd,
    0x20, 0x1f, 0xfc, 0x32, 0xdd, 0xfb, 0x0, 0x22,
    0x2f, 0xc0, 0x1f, 0xff, 0xf0, 0xf, 0xff, 0x68,

    /* U+0491 "ґ" */
    0x0, 0xf3, 0x7f, 0x0, 0x7f, 0x3f, 0xff, 0x48,
    0x7, 0xff, 0x4, 0xb7, 0x7b, 0x0, 0x22, 0x2f,
    0x0, 0x7f, 0xff, 0x0,

    /* U+04AE "Ү" */
    0xbf, 0xe0, 0xf, 0xbb, 0xf0, 0x24, 0x6, 0x0,
    0x3a, 0x4, 0x3c, 0x9, 0x81, 0xc8, 0x2, 0x17,
    0x6, 0x30, 0x4, 0x8, 0x40, 0x5, 0x60, 0x8,
    0x0, 0x86, 0x1, 0x50, 0xd, 0x42, 0x4, 0x3,
    0x31, 0x4, 0x87, 0x80, 0xb8, 0x7, 0xa4, 0xa,
    0xcc, 0x2c, 0x3, 0xe4, 0x40, 0x20, 0x1a, 0x80,
    0x7e, 0x90, 0xb, 0xc0, 0x3f, 0x89, 0x41, 0xc,
    0x3, 0xff, 0xfe, 0x1, 0xff, 0xc2,

    /* U+04AF "ү" */
    0x6f, 0xe0, 0xe, 0x1f, 0xf1, 0xb0, 0xa, 0x0,
    0x66, 0x2, 0x30, 0x50, 0xe0, 0xd, 0x41, 0x40,
    0xe, 0x5, 0x0, 0x88, 0x80, 0xc0, 0x4, 0x10,
    0x60, 0x5, 0x2, 0x8, 0x4, 0xc1, 0xa0, 0x6,
    0xe, 0x0, 0xd4, 0x8, 0x28, 0x20, 0xa0, 0x18,
    0x8c, 0x1b, 0x41, 0x80, 0x3d, 0x41, 0x4c, 0x14,
    0x1, 0xe7, 0x2, 0x2, 0x30, 0xf, 0xa, 0x80,
    0x14, 0x3, 0xf7, 0x80, 0x28, 0x3, 0xf0, 0x80,
    0xc, 0x3, 0xff, 0xa8, 0xce, 0xe1, 0x0, 0xc0,

    /* U+04BA "Һ" */
    0x7f, 0xd0, 0xf, 0xff, 0xb8, 0x90, 0x80, 0x7c,
    0x73, 0xdc, 0xde, 0xf9, 0x10, 0xc, 0x2c, 0x20,
    0x19, 0xb0, 0x3, 0x9b, 0x3f, 0xda, 0xa0, 0x50,
    0x1, 0x14, 0x98, 0x0, 0xa8, 0xc1, 0x40, 0x3f,
    0xd4, 0x4, 0x1, 0xfe, 0x20, 0x0, 0x80, 0x7f,
    0x38, 0x0, 0xc0, 0x3f, 0xfb, 0x60,

    /* U+04BB "һ" */
    0x5f, 0xf0, 0x7, 0xff, 0x82, 0x37, 0xfd, 0xb0,
    0x1, 0xce, 0x40, 0x2, 0x7c, 0x0, 0xd1, 0xdf,
    0xcc, 0x6, 0xa0, 0x13, 0x88, 0xc, 0x88, 0x60,
    0x7, 0xe4, 0x3, 0x0, 0xff, 0x8, 0x7, 0xff,
    0x28,

    /* U+04E8 "Ө" */
    0x0, 0xc7, 0x3b, 0xfe, 0xeb, 0x50, 0xf, 0xa3,
    0x18, 0x80, 0x2, 0x95, 0x82, 0x1, 0xa5, 0xc0,
    0xe7, 0x36, 0x94, 0xf, 0x0, 0x24, 0x60, 0x5c,
    0x63, 0x25, 0xaa, 0x1, 0x48, 0x3, 0xc0, 0xa8,
    0x3, 0xca, 0xc0, 0xc0, 0x4, 0xa, 0x0, 0xfd,
    0x60, 0x5, 0x30, 0x9, 0x13, 0xf3, 0x0, 0x35,
    0x80, 0x11, 0x77, 0xfc, 0x0, 0x10, 0xf, 0xfe,
    0x23, 0x0, 0x33, 0xff, 0xf8, 0x0, 0x26, 0x0,
    0x40, 0xf, 0xc4, 0x0, 0xd0, 0x40, 0xa0, 0xf,
    0xd6, 0x0, 0x40, 0xf0, 0x29, 0x0, 0xf2, 0xb0,
    0x30, 0x82, 0x30, 0x36, 0x29, 0x11, 0x2a, 0x80,
    0x52, 0x1, 0x4b, 0x81, 0xd6, 0xea, 0xd4, 0xf,
    0x0, 0x3a, 0x31, 0x88, 0x0, 0x29, 0x58, 0x20,
    0x0,

    /* U+04E9 "ө" */
    0x0, 0x8a, 0x7b, 0xfd, 0x8a, 0x1, 0xcb, 0xac,
    0x20, 0x3, 0xab, 0x0, 0x8e, 0x80, 0xab, 0x71,
    0x81, 0x24, 0x1, 0x20, 0x38, 0xa4, 0x72, 0xe0,
    0xc2, 0xa, 0xc, 0x20, 0x1a, 0x40, 0x8, 0x20,
    0x7, 0xff, 0xee, 0x0, 0x68, 0x4, 0x24, 0x5e,
    0x0, 0x84, 0x0, 0xdb, 0xbd, 0xe0, 0xd, 0x5,
    0x6, 0x10, 0xd, 0x60, 0x4, 0x9, 0x1, 0xc5,
    0x23, 0x96, 0x6, 0x10, 0x3a, 0x2, 0xad, 0xc6,
    0x4, 0x90, 0x9, 0x75, 0x44, 0x0, 0x75, 0x60,
    0x0,

    /* U+2013 "–" */
    0x8d, 0xdf, 0xce, 0x64, 0x5f, 0xb8,

    /* U+2014 "—" */
    0x8d, 0xdf, 0xfe, 0xd, 0x99, 0x17, 0xff, 0x5,
    0x80,

    /* U+2018 "‘" */
    0x6f, 0xf0, 0x7, 0x85, 0x80, 0xcd, 0x20, 0xa7,
    0xa0, 0xe, 0xe0, 0x0,

    /* U+2019 "’" */
    0x3f, 0xf1, 0x80, 0x61, 0x60, 0x12, 0xb0, 0x32,
    0xd7, 0x12, 0xf8, 0x0,

    /* U+201C "“" */
    0x0, 0xfd, 0x3e, 0x49, 0xf0, 0x4d, 0xa5, 0xf,
    0x2, 0x16, 0x22, 0x35, 0x0, 0x31, 0x2, 0x60,
    0x7, 0xc0,

    /* U+201D "”" */
    0x3f, 0xf1, 0xef, 0xc8, 0x7, 0xc2, 0xc0, 0x2a,
    0x40, 0x56, 0x7, 0xd, 0xc5, 0xae, 0x38, 0xcc,
    0x2f, 0x80, 0xcd, 0x10,

    /* U+2022 "•" */
    0x1, 0x9c, 0xa2, 0x0, 0x63, 0x1a, 0xe0, 0xa1,
    0x0, 0x42, 0xe2, 0x1, 0xc2, 0x82, 0x1, 0x94,
    0x74, 0xc0, 0xac, 0x80,

    /* U+2026 "…" */
    0x16, 0x60, 0x82, 0x32, 0x0, 0x19, 0x82, 0x53,
    0x22, 0xf, 0x9f, 0x2, 0x99, 0x28, 0x7, 0xff,
    0x4,

    /* U+2212 "−" */
    0xcd, 0xdf, 0xc8, 0x45, 0xfc, 0x20
};


/*---------------------
 *  GLYPH DESCRIPTION
 *--------------------*/

static const lv_font_fmt_txt_glyph_dsc_t glyph_dsc[] = {
    {.bitmap_index = 0, .adv_w = 0, .box_w = 0, .box_h = 0, .ofs_x = 0, .ofs_y = 0} /* id = 0 reserved */,
    {.bitmap_index = 0, .adv_w = 70, .box_w = 0, .box_h = 0, .ofs_x = 0, .ofs_y = 0},
    {.bitmap_index = 0, .adv_w = 121, .box_w = 3, .box_h = 16, .ofs_x = 2, .ofs_y = 0},
    {.bitmap_index = 13, .adv_w = 156, .box_w = 7, .box_h = 4, .ofs_x = 1, .ofs_y = 12},
    {.bitmap_index = 24, .adv_w = 326, .box_w = 19, .box_h = 16, .ofs_x = 1, .ofs_y = 0},
    {.bitmap_index = 143, .adv_w = 216, .box_w = 13, .box_h = 20, .ofs_x = 0, .ofs_y = -2},
    {.bitmap_index = 252, .adv_w = 317, .box_w = 18, .box_h = 16, .ofs_x = 1, .ofs_y = 0},
    {.bitmap_index = 382, .adv_w = 233, .box_w = 14, .box_h = 16, .ofs_x = 1, .ofs_y = 0},
    {.bitmap_index = 484, .adv_w = 86, .box_w = 3, .box_h = 4, .ofs_x = 1, .ofs_y = 12},
    {.bitmap_index = 489, .adv_w = 156, .box_w = 6, .box_h = 24, .ofs_x = 3, .ofs_y = -5},
    {.bitmap_index = 555, .adv_w = 156, .box_w = 7, .box_h = 24, .ofs_x = 0, .ofs_y = -5},
    {.bitmap_index = 626, .adv_w = 160, .box_w = 9, .box_h = 8, .ofs_x = 0, .ofs_y = 8},
    {.bitmap_index = 661, .adv_w = 202, .box_w = 11, .box_h = 10, .ofs_x = 1, .ofs_y = 3},
    {.bitmap_index = 688, .adv_w = 102, .box_w = 3, .box_h = 6, .ofs_x = 1, .ofs_y = -3},
    {.bitmap_index = 697, .adv_w = 148, .box_w = 7, .box_h = 2, .ofs_x = 1, .ofs_y = 6},
    {.bitmap_index = 702, .adv_w = 101, .box_w = 4, .box_h = 3, .ofs_x = 1, .ofs_y = 0},
    {.bitmap_index = 708, .adv_w = 147, .box_w = 7, .box_h = 16, .ofs_x = 1, .ofs_y = 0},
    {.bitmap_index = 758, .adv_w = 226, .box_w = 12, .box_h = 16, .ofs_x = 1, .ofs_y = 0},
    {.bitmap_index = 824, .adv_w = 149, .box_w = 6, .box_h = 16, .ofs_x = 1, .ofs_y = 0},
    {.bitmap_index = 843, .adv_w = 207, .box_w = 11, .box_h = 16, .ofs_x = 1, .ofs_y = 0},
    {.bitmap_index = 918, .adv_w = 201, .box_w = 12, .box_h = 16, .ofs_x = 0, .ofs_y = 0},
    {.bitmap_index = 995, .adv_w = 212, .box_w = 12, .box_h = 16, .ofs_x = 1, .ofs_y = 0},
    {.bitmap_index = 1062, .adv_w = 205, .box_w = 11, .box_h = 16, .ofs_x = 1, .ofs_y = 0},
    {.bitmap_index = 1137, .adv_w = 219, .box_w = 12, .box_h = 16, .ofs_x = 1, .ofs_y = 0},
    {.bitmap_index = 1224, .adv_w = 184, .box_w = 11, .box_h = 16, .ofs_x = 0, .ofs_y = 0},
    {.bitmap_index = 1284, .adv_w = 212, .box_w = 11, .box_h = 16, .ofs_x = 1, .ofs_y = 0},
    {.bitmap_index = 1366, .adv_w = 219, .box_w = 12, .box_h = 16, .ofs_x = 1, .ofs_y = 0},
    {.bitmap_index = 1452, .adv_w = 115, .box_w = 3, .box_h = 9, .ofs_x = 2, .ofs_y = 2},
    {.bitmap_index = 1464, .adv_w = 116, .box_w = 3, .box_h = 15, .ofs_x = 2, .ofs_y = -3},
    {.bitmap_index = 1482, .adv_w = 222, .box_w = 7, .box_h = 11, .ofs_x = 3, .ofs_y = 1},
    {.bitmap_index = 1518, .adv_w = 264, .box_w = 12, .box_h = 6, .ofs_x = 2, .ofs_y = 5},
    {.bitmap_index = 1537, .adv_w = 222, .box_w = 7, .box_h = 11, .ofs_x = 4, .ofs_y = 1},
    {.bitmap_index = 1574, .adv_w = 191, .box_w = 10, .box_h = 16, .ofs_x = 1, .ofs_y = 0},
    {.bitmap_index = 1638, .adv_w = 320, .box_w = 18, .box_h = 16, .ofs_x = 1, .ofs_y = -2},
    {.bitmap_index = 1767, .adv_w = 232, .box_w = 15, .box_h = 16, .ofs_x = 0, .ofs_y = 0},
    {.bitmap_index = 1858, .adv_w = 220, .box_w = 13, .box_h = 16, .ofs_x = 1, .ofs_y = 0},
    {.bitmap_index = 1931, .adv_w = 257, .box_w = 16, .box_h = 16, .ofs_x = 0, .ofs_y = 0},
    {.bitmap_index = 2032, .adv_w = 243, .box_w = 14, .box_h = 16, .ofs_x = 1, .ofs_y = 0},
    {.bitmap_index = 2102, .adv_w = 204, .box_w = 11, .box_h = 16, .ofs_x = 1, .ofs_y = 0},
    {.bitmap_index = 2141, .adv_w = 182, .box_w = 10, .box_h = 16, .ofs_x = 1, .ofs_y = 0},
    {.bitmap_index = 2172, .adv_w = 254, .box_w = 16, .box_h = 16, .ofs_x = 0, .ofs_y = 0},
    {.bitmap_index = 2279, .adv_w = 250, .box_w = 14, .box_h = 16, .ofs_x = 1, .ofs_y = 0},
    {.bitmap_index = 2306, .adv_w = 93, .box_w = 4, .box_h = 16, .ofs_x = 1, .ofs_y = 0},
    {.bitmap_index = 2312, .adv_w = 172, .box_w = 9, .box_h = 16, .ofs_x = 0, .ofs_y = 0},
    {.bitmap_index = 2341, .adv_w = 222, .box_w = 13, .box_h = 16, .ofs_x = 1, .ofs_y = 0},
    {.bitmap_index = 2413, .adv_w = 185, .box_w = 11, .box_h = 16, .ofs_x = 1, .ofs_y = 0},
    {.bitmap_index = 2430, .adv_w = 299, .box_w = 17, .box_h = 16, .ofs_x = 1, .ofs_y = 0},
    {.bitmap_index = 2523, .adv_w = 249, .box_w = 13, .box_h = 16, .ofs_x = 1, .ofs_y = 0},
    {.bitmap_index = 2588, .adv_w = 261, .box_w = 16, .box_h = 16, .ofs_x = 0, .ofs_y = 0},
    {.bitmap_index = 2693, .adv_w = 221, .box_w = 13, .box_h = 16, .ofs_x = 1, .ofs_y = 0},
    {.bitmap_index = 2746, .adv_w = 261, .box_w = 16, .box_h = 16, .ofs_x = 0, .ofs_y = 0},
    {.bitmap_index = 2854, .adv_w = 229, .box_w = 13, .box_h = 16, .ofs_x = 1, .ofs_y = 0},
    {.bitmap_index = 2922, .adv_w = 227, .box_w = 14, .box_h = 16, .ofs_x = 0, .ofs_y = 0},
    {.bitmap_index = 3024, .adv_w = 212, .box_w = 14, .box_h = 16, .ofs_x = 0, .ofs_y = 0},
    {.bitmap_index = 3051, .adv_w = 251, .box_w = 14, .box_h = 16, .ofs_x = 1, .ofs_y = 0},
    {.bitmap_index = 3100, .adv_w = 221, .box_w = 14, .box_h = 16, .ofs_x = 0, .ofs_y = 0},
    {.bitmap_index = 3192, .adv_w = 339, .box_w = 21, .box_h = 16, .ofs_x = 0, .ofs_y = 0},
    {.bitmap_index = 3341, .adv_w = 225, .box_w = 14, .box_h = 16, .ofs_x = 0, .ofs_y = 0},
    {.bitmap_index = 3438, .adv_w = 209, .box_w = 14, .box_h = 16, .ofs_x = 0, .ofs_y = 0},
    {.bitmap_index = 3500, .adv_w = 228, .box_w = 13, .box_h = 16, .ofs_x = 1, .ofs_y = 0},
    {.bitmap_index = 3569, .adv_w = 147, .box_w = 5, .box_h = 24, .ofs_x = 3, .ofs_y = -5},
    {.bitmap_index = 3584, .adv_w = 147, .box_w = 7, .box_h = 16, .ofs_x = 1, .ofs_y = 0},
    {.bitmap_index = 3632, .adv_w = 147, .box_w = 6, .box_h = 24, .ofs_x = 1, .ofs_y = -5},
    {.bitmap_index = 3648, .adv_w = 238, .box_w = 11, .box_h = 7, .ofs_x = 2, .ofs_y = 9},
    {.bitmap_index = 3683, .adv_w = 232, .box_w = 15, .box_h = 2, .ofs_x = 0, .ofs_y = -3},
    {.bitmap_index = 3691, .adv_w = 184, .box_w = 5, .box_h = 4, .ofs_x = 3, .ofs_y = 17},
    {.bitmap_index = 3701, .adv_w = 200, .box_w = 12, .box_h = 12, .ofs_x = 0, .ofs_y = 0},
    {.bitmap_index = 3770, .adv_w = 214, .box_w = 12, .box_h = 16, .ofs_x = 1, .ofs_y = 0},
    {.bitmap_index = 3837, .adv_w = 200, .box_w = 12, .box_h = 12, .ofs_x = 0, .ofs_y = 0},
    {.bitmap_index = 3899, .adv_w = 214, .box_w = 12, .box_h = 16, .ofs_x = 0, .ofs_y = 0},
    {.bitmap_index = 3966, .adv_w = 210, .box_w = 13, .box_h = 12, .ofs_x = 0, .ofs_y = 0},
    {.bitmap_index = 4037, .adv_w = 130, .box_w = 8, .box_h = 16, .ofs_x = 0, .ofs_y = 0},
    {.bitmap_index = 4068, .adv_w = 214, .box_w = 12, .box_h = 17, .ofs_x = 0, .ofs_y = -5},
    {.bitmap_index = 4158, .adv_w = 216, .box_w = 12, .box_h = 16, .ofs_x = 1, .ofs_y = 0},
    {.bitmap_index = 4198, .adv_w = 93, .box_w = 4, .box_h = 16, .ofs_x = 1, .ofs_y = 0},
    {.bitmap_index = 4211, .adv_w = 97, .box_w = 6, .box_h = 21, .ofs_x = -1, .ofs_y = -5},
    {.bitmap_index = 4236, .adv_w = 184, .box_w = 11, .box_h = 16, .ofs_x = 1, .ofs_y = 0},
    {.bitmap_index = 4287, .adv_w = 93, .box_w = 4, .box_h = 16, .ofs_x = 1, .ofs_y = 0},
    {.bitmap_index = 4293, .adv_w = 310, .box_w = 18, .box_h = 12, .ofs_x = 1, .ofs_y = 0},
    {.bitmap_index = 4345, .adv_w = 216, .box_w = 12, .box_h = 12, .ofs_x = 1, .ofs_y = 0},
    {.bitmap_index = 4382, .adv_w = 215, .box_w = 13, .box_h = 12, .ofs_x = 0, .ofs_y = 0},
    {.bitmap_index = 4453, .adv_w = 214, .box_w = 12, .box_h = 17, .ofs_x = 1, .ofs_y = -5},
    {.bitmap_index = 4523, .adv_w = 214, .box_w = 12, .box_h = 17, .ofs_x = 0, .ofs_y = -5},
    {.bitmap_index = 4592, .adv_w = 136, .box_w = 7, .box_h = 12, .ofs_x = 1, .ofs_y = 0},
    {.bitmap_index = 4615, .adv_w = 189, .box_w = 11, .box_h = 12, .ofs_x = 0, .ofs_y = 0},
    {.bitmap_index = 4681, .adv_w = 149, .box_w = 9, .box_h = 15, .ofs_x = 0, .ofs_y = 0},
    {.bitmap_index = 4718, .adv_w = 216, .box_w = 11, .box_h = 12, .ofs_x = 1, .ofs_y = 0},
    {.bitmap_index = 4757, .adv_w = 189, .box_w = 12, .box_h = 12, .ofs_x = 0, .ofs_y = 0},
    {.bitmap_index = 4820, .adv_w = 278, .box_w = 17, .box_h = 12, .ofs_x = 0, .ofs_y = 0},
    {.bitmap_index = 4917, .adv_w = 192, .box_w = 12, .box_h = 12, .ofs_x = 0, .ofs_y = 0},
    {.bitmap_index = 4984, .adv_w = 193, .box_w = 12, .box_h = 17, .ofs_x = 0, .ofs_y = -5},
    {.bitmap_index = 5065, .adv_w = 187, .box_w = 11, .box_h = 12, .ofs_x = 0, .ofs_y = 0},
    {.bitmap_index = 5112, .adv_w = 155, .box_w = 6, .box_h = 24, .ofs_x = 3, .ofs_y = -5},
    {.bitmap_index = 5155, .adv_w = 100, .box_w = 4, .box_h = 16, .ofs_x = 1, .ofs_y = 0},
    {.bitmap_index = 5161, .adv_w = 155, .box_w = 7, .box_h = 24, .ofs_x = 0, .ofs_y = -5},
    {.bitmap_index = 5202, .adv_w = 246, .box_w = 11, .box_h = 5, .ofs_x = 2, .ofs_y = 5},
    {.bitmap_index = 5228, .adv_w = 70, .box_w = 0, .box_h = 0, .ofs_x = 0, .ofs_y = 0},
    {.bitmap_index = 5228, .adv_w = 121, .box_w = 3, .box_h = 16, .ofs_x = 2, .ofs_y = -4},
    {.bitmap_index = 5241, .adv_w = 200, .box_w = 12, .box_h = 17, .ofs_x = 0, .ofs_y = -1},
    {.bitmap_index = 5317, .adv_w = 201, .box_w = 12, .box_h = 16, .ofs_x = 0, .ofs_y = 0},
    {.bitmap_index = 5387, .adv_w = 232, .box_w = 14, .box_h = 13, .ofs_x = 0, .ofs_y = 1},
    {.bitmap_index = 5472, .adv_w = 209, .box_w = 14, .box_h = 16, .ofs_x = 0, .ofs_y = 0},
    {.bitmap_index = 5560, .adv_w = 100, .box_w = 4, .box_h = 20, .ofs_x = 1, .ofs_y = -4},
    {.bitmap_index = 5577, .adv_w = 189, .box_w = 10, .box_h = 17, .ofs_x = 1, .ofs_y = -3},
    {.bitmap_index = 5663, .adv_w = 191, .box_w = 8, .box_h = 3, .ofs_x = 2, .ofs_y = 18},
    {.bitmap_index = 5674, .adv_w = 302, .box_w = 19, .box_h = 18, .ofs_x = 0, .ofs_y = -1},
    {.bitmap_index = 5828, .adv_w = 112, .box_w = 7, .box_h = 6, .ofs_x = 0, .ofs_y = 6},
    {.bitmap_index = 5850, .adv_w = 200, .box_w = 11, .box_h = 10, .ofs_x = 1, .ofs_y = 1},
    {.bitmap_index = 5902, .adv_w = 211, .box_w = 11, .box_h = 5, .ofs_x = 1, .ofs_y = 4},
    {.bitmap_index = 5915, .adv_w = 148, .box_w = 7, .box_h = 2, .ofs_x = 1, .ofs_y = 6},
    {.bitmap_index = 5920, .adv_w = 227, .box_w = 12, .box_h = 11, .ofs_x = 1, .ofs_y = 6},
    {.bitmap_index = 5986, .adv_w = 177, .box_w = 7, .box_h = 2, .ofs_x = 2, .ofs_y = 18},
    {.bitmap_index = 5991, .adv_w = 158, .box_w = 9, .box_h = 8, .ofs_x = 0, .ofs_y = 8},
    {.bitmap_index = 6027, .adv_w = 211, .box_w = 11, .box_h = 10, .ofs_x = 1, .ofs_y = 2},
    {.bitmap_index = 6063, .adv_w = 144, .box_w = 7, .box_h = 10, .ofs_x = 1, .ofs_y = 6},
    {.bitmap_index = 6098, .adv_w = 141, .box_w = 8, .box_h = 10, .ofs_x = 0, .ofs_y = 6},
    {.bitmap_index = 6136, .adv_w = 184, .box_w = 4, .box_h = 4, .ofs_x = 4, .ofs_y = 17},
    {.bitmap_index = 6144, .adv_w = 220, .box_w = 12, .box_h = 17, .ofs_x = 1, .ofs_y = -5},
    {.bitmap_index = 6187, .adv_w = 242, .box_w = 13, .box_h = 19, .ofs_x = 1, .ofs_y = -3},
    {.bitmap_index = 6236, .adv_w = 89, .box_w = 4, .box_h = 3, .ofs_x = 1, .ofs_y = 5},
    {.bitmap_index = 6243, .adv_w = 144, .box_w = 5, .box_h = 6, .ofs_x = 2, .ofs_y = -5},
    {.bitmap_index = 6259, .adv_w = 118, .box_w = 4, .box_h = 10, .ofs_x = 1, .ofs_y = 6},
    {.bitmap_index = 6270, .adv_w = 123, .box_w = 7, .box_h = 7, .ofs_x = 0, .ofs_y = 6},
    {.bitmap_index = 6292, .adv_w = 200, .box_w = 10, .box_h = 10, .ofs_x = 1, .ofs_y = 1},
    {.bitmap_index = 6342, .adv_w = 357, .box_w = 19, .box_h = 16, .ofs_x = 1, .ofs_y = 0},
    {.bitmap_index = 6456, .adv_w = 348, .box_w = 20, .box_h = 17, .ofs_x = 1, .ofs_y = -1},
    {.bitmap_index = 6582, .adv_w = 356, .box_w = 21, .box_h = 16, .ofs_x = 0, .ofs_y = 0},
    {.bitmap_index = 6720, .adv_w = 191, .box_w = 10, .box_h = 16, .ofs_x = 1, .ofs_y = -4},
    {.bitmap_index = 6783, .adv_w = 232, .box_w = 15, .box_h = 21, .ofs_x = 0, .ofs_y = 0},
    {.bitmap_index = 6897, .adv_w = 232, .box_w = 15, .box_h = 21, .ofs_x = 0, .ofs_y = 0},
    {.bitmap_index = 7010, .adv_w = 232, .box_w = 15, .box_h = 21, .ofs_x = 0, .ofs_y = 0},
    {.bitmap_index = 7127, .adv_w = 232, .box_w = 15, .box_h = 21, .ofs_x = 0, .ofs_y = 0},
    {.bitmap_index = 7242, .adv_w = 232, .box_w = 15, .box_h = 20, .ofs_x = 0, .ofs_y = 0},
    {.bitmap_index = 7352, .adv_w = 232, .box_w = 15, .box_h = 23, .ofs_x = 0, .ofs_y = 0},
    {.bitmap_index = 7477, .adv_w = 328, .box_w = 20, .box_h = 16, .ofs_x = 0, .ofs_y = 0},
    {.bitmap_index = 7573, .adv_w = 257, .box_w = 16, .box_h = 21, .ofs_x = 0, .ofs_y = -5},
    {.bitmap_index = 7698, .adv_w = 204, .box_w = 11, .box_h = 21, .ofs_x = 1, .ofs_y = 0},
    {.bitmap_index = 7755, .adv_w = 204, .box_w = 11, .box_h = 21, .ofs_x = 1, .ofs_y = 0},
    {.bitmap_index = 7812, .adv_w = 204, .box_w = 11, .box_h = 21, .ofs_x = 1, .ofs_y = 0},
    {.bitmap_index = 7875, .adv_w = 204, .box_w = 11, .box_h = 20, .ofs_x = 1, .ofs_y = 0},
    {.bitmap_index = 7931, .adv_w = 93, .box_w = 5, .box_h = 21, .ofs_x = 0, .ofs_y = 0},
    {.bitmap_index = 7950, .adv_w = 93, .box_w = 5, .box_h = 21, .ofs_x = 1, .ofs_y = 0},
    {.bitmap_index = 7969, .adv_w = 93, .box_w = 8, .box_h = 21, .ofs_x = -1, .ofs_y = 0},
    {.bitmap_index = 7999, .adv_w = 93, .box_w = 8, .box_h = 20, .ofs_x = -1, .ofs_y = 0},
    {.bitmap_index = 8023, .adv_w = 243, .box_w = 15, .box_h = 16, .ofs_x = 0, .ofs_y = 0},
    {.bitmap_index = 8108, .adv_w = 249, .box_w = 13, .box_h = 21, .ofs_x = 1, .ofs_y = 0},
    {.bitmap_index = 8201, .adv_w = 261, .box_w = 16, .box_h = 22, .ofs_x = 0, .ofs_y = 0},
    {.bitmap_index = 8329, .adv_w = 261, .box_w = 16, .box_h = 22, .ofs_x = 0, .ofs_y = 0},
    {.bitmap_index = 8458, .adv_w = 261, .box_w = 16, .box_h = 21, .ofs_x = 0, .ofs_y = 0},
    {.bitmap_index = 8591, .adv_w = 261, .box_w = 16, .box_h = 21, .ofs_x = 0, .ofs_y = 0},
    {.bitmap_index = 8723, .adv_w = 261, .box_w = 16, .box_h = 20, .ofs_x = 0, .ofs_y = 0},
    {.bitmap_index = 8847, .adv_w = 176, .box_w = 9, .box_h = 9, .ofs_x = 1, .ofs_y = 3},
    {.bitmap_index = 8887, .adv_w = 261, .box_w = 16, .box_h = 16, .ofs_x = 0, .ofs_y = 0},
    {.bitmap_index = 9010, .adv_w = 251, .box_w = 14, .box_h = 22, .ofs_x = 1, .ofs_y = 0},
    {.bitmap_index = 9081, .adv_w = 251, .box_w = 14, .box_h = 22, .ofs_x = 1, .ofs_y = 0},
    {.bitmap_index = 9152, .adv_w = 251, .box_w = 14, .box_h = 21, .ofs_x = 1, .ofs_y = 0},
    {.bitmap_index = 9228, .adv_w = 251, .box_w = 14, .box_h = 20, .ofs_x = 1, .ofs_y = 0},
    {.bitmap_index = 9297, .adv_w = 209, .box_w = 14, .box_h = 21, .ofs_x = 0, .ofs_y = 0},
    {.bitmap_index = 9379, .adv_w = 218, .box_w = 12, .box_h = 16, .ofs_x = 1, .ofs_y = 0},
    {.bitmap_index = 9434, .adv_w = 219, .box_w = 12, .box_h = 16, .ofs_x = 1, .ofs_y = 0},
    {.bitmap_index = 9510, .adv_w = 200, .box_w = 12, .box_h = 18, .ofs_x = 0, .ofs_y = 0},
    {.bitmap_index = 9598, .adv_w = 200, .box_w = 12, .box_h = 18, .ofs_x = 0, .ofs_y = 0},
    {.bitmap_index = 9685, .adv_w = 200, .box_w = 12, .box_h = 17, .ofs_x = 0, .ofs_y = 0},
    {.bitmap_index = 9778, .adv_w = 200, .box_w = 12, .box_h = 17, .ofs_x = 0, .ofs_y = 0},
    {.bitmap_index = 9870, .adv_w = 200, .box_w = 12, .box_h = 16, .ofs_x = 0, .ofs_y = 0},
    {.bitmap_index = 9956, .adv_w = 200, .box_w = 12, .box_h = 19, .ofs_x = 0, .ofs_y = 0},
    {.bitmap_index = 10053, .adv_w = 330, .box_w = 20, .box_h = 12, .ofs_x = 0, .ofs_y = 0},
    {.bitmap_index = 10167, .adv_w = 200, .box_w = 12, .box_h = 17, .ofs_x = 0, .ofs_y = -5},
    {.bitmap_index = 10250, .adv_w = 210, .box_w = 13, .box_h = 18, .ofs_x = 0, .ofs_y = 0},
    {.bitmap_index = 10341, .adv_w = 210, .box_w = 13, .box_h = 18, .ofs_x = 0, .ofs_y = 0},
    {.bitmap_index = 10432, .adv_w = 210, .box_w = 13, .box_h = 17, .ofs_x = 0, .ofs_y = 0},
    {.bitmap_index = 10528, .adv_w = 210, .box_w = 13, .box_h = 16, .ofs_x = 0, .ofs_y = 0},
    {.bitmap_index = 10617, .adv_w = 93, .box_w = 5, .box_h = 17, .ofs_x = 0, .ofs_y = 0},
    {.bitmap_index = 10636, .adv_w = 93, .box_w = 5, .box_h = 17, .ofs_x = 1, .ofs_y = 0},
    {.bitmap_index = 10655, .adv_w = 93, .box_w = 8, .box_h = 17, .ofs_x = -1, .ofs_y = 0},
    {.bitmap_index = 10686, .adv_w = 93, .box_w = 8, .box_h = 16, .ofs_x = -1, .ofs_y = 0},
    {.bitmap_index = 10710, .adv_w = 208, .box_w = 13, .box_h = 17, .ofs_x = 0, .ofs_y = 0},
    {.bitmap_index = 10805, .adv_w = 216, .box_w = 12, .box_h = 17, .ofs_x = 1, .ofs_y = 0},
    {.bitmap_index = 10867, .adv_w = 215, .box_w = 13, .box_h = 18, .ofs_x = 0, .ofs_y = 0},
    {.bitmap_index = 10958, .adv_w = 215, .box_w = 13, .box_h = 18, .ofs_x = 0, .ofs_y = 0},
    {.bitmap_index = 11048, .adv_w = 215, .box_w = 13, .box_h = 17, .ofs_x = 0, .ofs_y = 0},
    {.bitmap_index = 11144, .adv_w = 215, .box_w = 13, .box_h = 17, .ofs_x = 0, .ofs_y = 0},
    {.bitmap_index = 11239, .adv_w = 215, .box_w = 13, .box_h = 16, .ofs_x = 0, .ofs_y = 0},
    {.bitmap_index = 11328, .adv_w = 190, .box_w = 10, .box_h = 9, .ofs_x = 1, .ofs_y = 3},
    {.bitmap_index = 11358, .adv_w = 215, .box_w = 13, .box_h = 12, .ofs_x = 0, .ofs_y = 0},
    {.bitmap_index = 11437, .adv_w = 216, .box_w = 11, .box_h = 18, .ofs_x = 1, .ofs_y = 0},
    {.bitmap_index = 11496, .adv_w = 216, .box_w = 11, .box_h = 18, .ofs_x = 1, .ofs_y = 0},
    {.bitmap_index = 11555, .adv_w = 216, .box_w = 11, .box_h = 17, .ofs_x = 1, .ofs_y = 0},
    {.bitmap_index = 11618, .adv_w = 216, .box_w = 11, .box_h = 16, .ofs_x = 1, .ofs_y = 0},
    {.bitmap_index = 11675, .adv_w = 193, .box_w = 12, .box_h = 22, .ofs_x = 0, .ofs_y = -5},
    {.bitmap_index = 11775, .adv_w = 214, .box_w = 12, .box_h = 21, .ofs_x = 1, .ofs_y = -5},
    {.bitmap_index = 11851, .adv_w = 193, .box_w = 12, .box_h = 21, .ofs_x = 0, .ofs_y = -5},
    {.bitmap_index = 11951, .adv_w = 232, .box_w = 15, .box_h = 20, .ofs_x = 0, .ofs_y = 0},
    {.bitmap_index = 12056, .adv_w = 200, .box_w = 12, .box_h = 17, .ofs_x = 0, .ofs_y = 0},
    {.bitmap_index = 12138, .adv_w = 232, .box_w = 15, .box_h = 20, .ofs_x = 0, .ofs_y = 0},
    {.bitmap_index = 12250, .adv_w = 200, .box_w = 12, .box_h = 17, .ofs_x = 0, .ofs_y = 0},
    {.bitmap_index = 12343, .adv_w = 232, .box_w = 15, .box_h = 21, .ofs_x = 0, .ofs_y = -5},
    {.bitmap_index = 12458, .adv_w = 200, .box_w = 12, .box_h = 17, .ofs_x = 0, .ofs_y = -5},
    {.bitmap_index = 12549, .adv_w = 257, .box_w = 16, .box_h = 22, .ofs_x = 0, .ofs_y = 0},
    {.bitmap_index = 12673, .adv_w = 200, .box_w = 12, .box_h = 18, .ofs_x = 0, .ofs_y = 0},
    {.bitmap_index = 12753, .adv_w = 257, .box_w = 16, .box_h = 21, .ofs_x = 0, .ofs_y = 0},
    {.bitmap_index = 12881, .adv_w = 200, .box_w = 12, .box_h = 17, .ofs_x = 0, .ofs_y = 0},
    {.bitmap_index = 12967, .adv_w = 257, .box_w = 16, .box_h = 21, .ofs_x = 0, .ofs_y = 0},
    {.bitmap_index = 13082, .adv_w = 200, .box_w = 12, .box_h = 17, .ofs_x = 0, .ofs_y = 0},
    {.bitmap_index = 13158, .adv_w = 257, .box_w = 16, .box_h = 21, .ofs_x = 0, .ofs_y = 0},
    {.bitmap_index = 13286, .adv_w = 200, .box_w = 12, .box_h = 17, .ofs_x = 0, .ofs_y = 0},
    {.bitmap_index = 13371, .adv_w = 243, .box_w = 14, .box_h = 21, .ofs_x = 1, .ofs_y = 0},
    {.bitmap_index = 13467, .adv_w = 269, .box_w = 17, .box_h = 16, .ofs_x = 0, .ofs_y = 0},
    {.bitmap_index = 13555, .adv_w = 243, .box_w = 15, .box_h = 16, .ofs_x = 0, .ofs_y = 0},
    {.bitmap_index = 13640, .adv_w = 214, .box_w = 14, .box_h = 16, .ofs_x = 0, .ofs_y = 0},
    {.bitmap_index = 13724, .adv_w = 204, .box_w = 11, .box_h = 20, .ofs_x = 1, .ofs_y = 0},
    {.bitmap_index = 13777, .adv_w = 210, .box_w = 13, .box_h = 17, .ofs_x = 0, .ofs_y = 0},
    {.bitmap_index = 13861, .adv_w = 204, .box_w = 11, .box_h = 21, .ofs_x = 1, .ofs_y = 0},
    {.bitmap_index = 13914, .adv_w = 210, .box_w = 13, .box_h = 17, .ofs_x = 0, .ofs_y = 0},
    {.bitmap_index = 13998, .adv_w = 204, .box_w = 11, .box_h = 21, .ofs_x = 1, .ofs_y = -5},
    {.bitmap_index = 14057, .adv_w = 210, .box_w = 13, .box_h = 17, .ofs_x = 0, .ofs_y = -5},
    {.bitmap_index = 14149, .adv_w = 204, .box_w = 11, .box_h = 21, .ofs_x = 1, .ofs_y = 0},
    {.bitmap_index = 14212, .adv_w = 210, .box_w = 13, .box_h = 17, .ofs_x = 0, .ofs_y = 0},
    {.bitmap_index = 14307, .adv_w = 254, .box_w = 16, .box_h = 21, .ofs_x = 0, .ofs_y = 0},
    {.bitmap_index = 14442, .adv_w = 214, .box_w = 12, .box_h = 22, .ofs_x = 0, .ofs_y = -5},
    {.bitmap_index = 14554, .adv_w = 254, .box_w = 16, .box_h = 21, .ofs_x = 0, .ofs_y = 0},
    {.bitmap_index = 14687, .adv_w = 214, .box_w = 12, .box_h = 22, .ofs_x = 0, .ofs_y = -5},
    {.bitmap_index = 14801, .adv_w = 254, .box_w = 16, .box_h = 21, .ofs_x = 0, .ofs_y = 0},
    {.bitmap_index = 14923, .adv_w = 214, .box_w = 12, .box_h = 22, .ofs_x = 0, .ofs_y = -5},
    {.bitmap_index = 15028, .adv_w = 254, .box_w = 16, .box_h = 22, .ofs_x = 0, .ofs_y = -6},
    {.bitmap_index = 15159, .adv_w = 214, .box_w = 12, .box_h = 24, .ofs_x = 0, .ofs_y = -5},
    {.bitmap_index = 15269, .adv_w = 250, .box_w = 14, .box_h = 21, .ofs_x = 1, .ofs_y = 0},
    {.bitmap_index = 15322, .adv_w = 216, .box_w = 15, .box_h = 21, .ofs_x = -2, .ofs_y = 0},
    {.bitmap_index = 15393, .adv_w = 257, .box_w = 16, .box_h = 16, .ofs_x = 0, .ofs_y = 0},
    {.bitmap_index = 15443, .adv_w = 216, .box_w = 13, .box_h = 16, .ofs_x = 0, .ofs_y = 0},
    {.bitmap_index = 15498, .adv_w = 93, .box_w = 8, .box_h = 21, .ofs_x = -1, .ofs_y = 0},
    {.bitmap_index = 15528, .adv_w = 93, .box_w = 8, .box_h = 17, .ofs_x = -1, .ofs_y = 0},
    {.bitmap_index = 15556, .adv_w = 93, .box_w = 6, .box_h = 20, .ofs_x = 0, .ofs_y = 0},
    {.bitmap_index = 15573, .adv_w = 93, .box_w = 6, .box_h = 16, .ofs_x = 0, .ofs_y = 0},
    {.bitmap_index = 15586, .adv_w = 93, .box_w = 6, .box_h = 21, .ofs_x = -1, .ofs_y = -5},
    {.bitmap_index = 15612, .adv_w = 93, .box_w = 6, .box_h = 21, .ofs_x = -1, .ofs_y = -5},
    {.bitmap_index = 15645, .adv_w = 93, .box_w = 4, .box_h = 21, .ofs_x = 1, .ofs_y = 0},
    {.bitmap_index = 15660, .adv_w = 93, .box_w = 4, .box_h = 12, .ofs_x = 1, .ofs_y = 0},
    {.bitmap_index = 15666, .adv_w = 172, .box_w = 12, .box_h = 21, .ofs_x = 0, .ofs_y = 0},
    {.bitmap_index = 15725, .adv_w = 97, .box_w = 9, .box_h = 22, .ofs_x = -1, .ofs_y = -5},
    {.bitmap_index = 15769, .adv_w = 222, .box_w = 13, .box_h = 23, .ofs_x = 1, .ofs_y = -7},
    {.bitmap_index = 15864, .adv_w = 184, .box_w = 11, .box_h = 23, .ofs_x = 1, .ofs_y = -7},
    {.bitmap_index = 15937, .adv_w = 185, .box_w = 11, .box_h = 21, .ofs_x = 1, .ofs_y = 0},
    {.bitmap_index = 15971, .adv_w = 93, .box_w = 5, .box_h = 21, .ofs_x = 1, .ofs_y = 0},
    {.bitmap_index = 15990, .adv_w = 185, .box_w = 11, .box_h = 23, .ofs_x = 1, .ofs_y = -7},
    {.bitmap_index = 16027, .adv_w = 93, .box_w = 4, .box_h = 23, .ofs_x = 1, .ofs_y = -7},
    {.bitmap_index = 16046, .adv_w = 185, .box_w = 11, .box_h = 16, .ofs_x = 1, .ofs_y = 0},
    {.bitmap_index = 16079, .adv_w = 142, .box_w = 8, .box_h = 16, .ofs_x = 1, .ofs_y = 0},
    {.bitmap_index = 16102, .adv_w = 190, .box_w = 12, .box_h = 16, .ofs_x = 0, .ofs_y = 0},
    {.bitmap_index = 16148, .adv_w = 138, .box_w = 8, .box_h = 16, .ofs_x = 0, .ofs_y = 0},
    {.bitmap_index = 16181, .adv_w = 249, .box_w = 13, .box_h = 21, .ofs_x = 1, .ofs_y = 0},
    {.bitmap_index = 16265, .adv_w = 216, .box_w = 12, .box_h = 17, .ofs_x = 1, .ofs_y = 0},
    {.bitmap_index = 16320, .adv_w = 249, .box_w = 13, .box_h = 23, .ofs_x = 1, .ofs_y = -7},
    {.bitmap_index = 16408, .adv_w = 216, .box_w = 12, .box_h = 19, .ofs_x = 1, .ofs_y = -7},
    {.bitmap_index = 16469, .adv_w = 249, .box_w = 13, .box_h = 21, .ofs_x = 1, .ofs_y = 0},
    {.bitmap_index = 16561, .adv_w = 216, .box_w = 12, .box_h = 17, .ofs_x = 1, .ofs_y = 0},
    {.bitmap_index = 16622, .adv_w = 249, .box_w = 13, .box_h = 21, .ofs_x = 1, .ofs_y = -5},
    {.bitmap_index = 16708, .adv_w = 216, .box_w = 12, .box_h = 17, .ofs_x = 1, .ofs_y = -5},
    {.bitmap_index = 16760, .adv_w = 261, .box_w = 16, .box_h = 20, .ofs_x = 0, .ofs_y = 0},
    {.bitmap_index = 16878, .adv_w = 215, .box_w = 13, .box_h = 17, .ofs_x = 0, .ofs_y = 0},
    {.bitmap_index = 16963, .adv_w = 261, .box_w = 16, .box_h = 22, .ofs_x = 0, .ofs_y = 0},
    {.bitmap_index = 17098, .adv_w = 215, .box_w = 13, .box_h = 18, .ofs_x = 0, .ofs_y = 0},
    {.bitmap_index = 17197, .adv_w = 393, .box_w = 24, .box_h = 16, .ofs_x = 0, .ofs_y = 0},
    {.bitmap_index = 17329, .adv_w = 357, .box_w = 22, .box_h = 12, .ofs_x = 0, .ofs_y = 0},
    {.bitmap_index = 17448, .adv_w = 229, .box_w = 13, .box_h = 21, .ofs_x = 1, .ofs_y = 0},
    {.bitmap_index = 17534, .adv_w = 136, .box_w = 7, .box_h = 17, .ofs_x = 1, .ofs_y = 0},
    {.bitmap_index = 17572, .adv_w = 229, .box_w = 13, .box_h = 23, .ofs_x = 1, .ofs_y = -7},
    {.bitmap_index = 17664, .adv_w = 136, .box_w = 7, .box_h = 19, .ofs_x = 1, .ofs_y = -7},
    {.bitmap_index = 17703, .adv_w = 229, .box_w = 13, .box_h = 21, .ofs_x = 1, .ofs_y = 0},
    {.bitmap_index = 17796, .adv_w = 136, .box_w = 9, .box_h = 17, .ofs_x = 0, .ofs_y = 0},
    {.bitmap_index = 17842, .adv_w = 227, .box_w = 14, .box_h = 22, .ofs_x = 0, .ofs_y = 0},
    {.bitmap_index = 17964, .adv_w = 189, .box_w = 11, .box_h = 18, .ofs_x = 0, .ofs_y = 0},
    {.bitmap_index = 18048, .adv_w = 227, .box_w = 14, .box_h = 21, .ofs_x = 0, .ofs_y = 0},
    {.bitmap_index = 18176, .adv_w = 189, .box_w = 11, .box_h = 17, .ofs_x = 0, .ofs_y = 0},
    {.bitmap_index = 18267, .adv_w = 227, .box_w = 14, .box_h = 21, .ofs_x = 0, .ofs_y = -5},
    {.bitmap_index = 18391, .adv_w = 189, .box_w = 11, .box_h = 17, .ofs_x = 0, .ofs_y = -5},
    {.bitmap_index = 18478, .adv_w = 227, .box_w = 14, .box_h = 21, .ofs_x = 0, .ofs_y = 0},
    {.bitmap_index = 18605, .adv_w = 189, .box_w = 11, .box_h = 17, .ofs_x = 0, .ofs_y = 0},
    {.bitmap_index = 18694, .adv_w = 212, .box_w = 14, .box_h = 21, .ofs_x = 0, .ofs_y = -5},
    {.bitmap_index = 18741, .adv_w = 149, .box_w = 9, .box_h = 20, .ofs_x = 0, .ofs_y = -5},
    {.bitmap_index = 18797, .adv_w = 212, .box_w = 14, .box_h = 21, .ofs_x = 0, .ofs_y = 0},
    {.bitmap_index = 18850, .adv_w = 149, .box_w = 10, .box_h = 19, .ofs_x = 0, .ofs_y = 0},
    {.bitmap_index = 18908, .adv_w = 212, .box_w = 14, .box_h = 16, .ofs_x = 0, .ofs_y = 0},
    {.bitmap_index = 18951, .adv_w = 156, .box_w = 9, .box_h = 15, .ofs_x = 0, .ofs_y = 0},
    {.bitmap_index = 19001, .adv_w = 251, .box_w = 14, .box_h = 21, .ofs_x = 1, .ofs_y = 0},
    {.bitmap_index = 19077, .adv_w = 216, .box_w = 11, .box_h = 17, .ofs_x = 1, .ofs_y = 0},
    {.bitmap_index = 19140, .adv_w = 251, .box_w = 14, .box_h = 20, .ofs_x = 1, .ofs_y = 0},
    {.bitmap_index = 19203, .adv_w = 216, .box_w = 11, .box_h = 16, .ofs_x = 1, .ofs_y = 0},
    {.bitmap_index = 19256, .adv_w = 251, .box_w = 14, .box_h = 21, .ofs_x = 1, .ofs_y = 0},
    {.bitmap_index = 19331, .adv_w = 216, .box_w = 11, .box_h = 17, .ofs_x = 1, .ofs_y = 0},
    {.bitmap_index = 19394, .adv_w = 251, .box_w = 14, .box_h = 23, .ofs_x = 1, .ofs_y = 0},
    {.bitmap_index = 19478, .adv_w = 216, .box_w = 11, .box_h = 19, .ofs_x = 1, .ofs_y = 0},
    {.bitmap_index = 19546, .adv_w = 251, .box_w = 14, .box_h = 22, .ofs_x = 1, .ofs_y = 0},
    {.bitmap_index = 19625, .adv_w = 216, .box_w = 11, .box_h = 18, .ofs_x = 1, .ofs_y = 0},
    {.bitmap_index = 19692, .adv_w = 251, .box_w = 14, .box_h = 20, .ofs_x = 1, .ofs_y = -4},
    {.bitmap_index = 19760, .adv_w = 216, .box_w = 11, .box_h = 17, .ofs_x = 1, .ofs_y = -5},
    {.bitmap_index = 19820, .adv_w = 339, .box_w = 21, .box_h = 21, .ofs_x = 0, .ofs_y = 0},
    {.bitmap_index = 20001, .adv_w = 278, .box_w = 17, .box_h = 17, .ofs_x = 0, .ofs_y = 0},
    {.bitmap_index = 20127, .adv_w = 209, .box_w = 14, .box_h = 21, .ofs_x = 0, .ofs_y = 0},
    {.bitmap_index = 20215, .adv_w = 193, .box_w = 12, .box_h = 22, .ofs_x = 0, .ofs_y = -5},
    {.bitmap_index = 20322, .adv_w = 209, .box_w = 14, .box_h = 20, .ofs_x = 0, .ofs_y = 0},
    {.bitmap_index = 20403, .adv_w = 228, .box_w = 13, .box_h = 21, .ofs_x = 1, .ofs_y = 0},
    {.bitmap_index = 20491, .adv_w = 187, .box_w = 11, .box_h = 17, .ofs_x = 0, .ofs_y = 0},
    {.bitmap_index = 20555, .adv_w = 228, .box_w = 13, .box_h = 21, .ofs_x = 1, .ofs_y = 0},
    {.bitmap_index = 20639, .adv_w = 187, .box_w = 11, .box_h = 17, .ofs_x = 0, .ofs_y = 0},
    {.bitmap_index = 20701, .adv_w = 228, .box_w = 13, .box_h = 21, .ofs_x = 1, .ofs_y = 0},
    {.bitmap_index = 20796, .adv_w = 187, .box_w = 11, .box_h = 17, .ofs_x = 0, .ofs_y = 0},
    {.bitmap_index = 20867, .adv_w = 103, .box_w = 4, .box_h = 4, .ofs_x = 1, .ofs_y = 12},
    {.bitmap_index = 20875, .adv_w = 103, .box_w = 4, .box_h = 4, .ofs_x = 1, .ofs_y = -5},
    {.bitmap_index = 20883, .adv_w = 116, .box_w = 3, .box_h = 15, .ofs_x = 2, .ofs_y = -3},
    {.bitmap_index = 20901, .adv_w = 211, .box_w = 5, .box_h = 4, .ofs_x = 4, .ofs_y = 12},
    {.bitmap_index = 20912, .adv_w = 211, .box_w = 9, .box_h = 4, .ofs_x = 2, .ofs_y = 14},
    {.bitmap_index = 20930, .adv_w = 236, .box_w = 15, .box_h = 16, .ofs_x = 0, .ofs_y = 0},
    {.bitmap_index = 21029, .adv_w = 211, .box_w = 4, .box_h = 3, .ofs_x = 1, .ofs_y = 5},
    {.bitmap_index = 21036, .adv_w = 259, .box_w = 16, .box_h = 16, .ofs_x = 0, .ofs_y = 0},
    {.bitmap_index = 21088, .adv_w = 301, .box_w = 18, .box_h = 16, .ofs_x = 0, .ofs_y = 0},
    {.bitmap_index = 21133, .adv_w = 137, .box_w = 8, .box_h = 16, .ofs_x = 0, .ofs_y = 0},
    {.bitmap_index = 21155, .adv_w = 298, .box_w = 18, .box_h = 16, .ofs_x = 0, .ofs_y = 0},
    {.bitmap_index = 21272, .adv_w = 283, .box_w = 18, .box_h = 16, .ofs_x = 0, .ofs_y = 0},
    {.bitmap_index = 21349, .adv_w = 302, .box_w = 19, .box_h = 16, .ofs_x = 0, .ofs_y = 0},
    {.bitmap_index = 21468, .adv_w = 160, .box_w = 10, .box_h = 18, .ofs_x = 0, .ofs_y = 0},
    {.bitmap_index = 21516, .adv_w = 232, .box_w = 15, .box_h = 16, .ofs_x = 0, .ofs_y = 0},
    {.bitmap_index = 21607, .adv_w = 220, .box_w = 13, .box_h = 16, .ofs_x = 1, .ofs_y = 0},
    {.bitmap_index = 21680, .adv_w = 190, .box_w = 11, .box_h = 16, .ofs_x = 1, .ofs_y = 0},
    {.bitmap_index = 21699, .adv_w = 232, .box_w = 15, .box_h = 16, .ofs_x = 0, .ofs_y = 0},
    {.bitmap_index = 21791, .adv_w = 204, .box_w = 11, .box_h = 16, .ofs_x = 1, .ofs_y = 0},
    {.bitmap_index = 21830, .adv_w = 228, .box_w = 13, .box_h = 16, .ofs_x = 1, .ofs_y = 0},
    {.bitmap_index = 21899, .adv_w = 250, .box_w = 14, .box_h = 16, .ofs_x = 1, .ofs_y = 0},
    {.bitmap_index = 21926, .adv_w = 261, .box_w = 16, .box_h = 16, .ofs_x = 0, .ofs_y = 0},
    {.bitmap_index = 22036, .adv_w = 93, .box_w = 4, .box_h = 16, .ofs_x = 1, .ofs_y = 0},
    {.bitmap_index = 22042, .adv_w = 222, .box_w = 13, .box_h = 16, .ofs_x = 1, .ofs_y = 0},
    {.bitmap_index = 22114, .adv_w = 221, .box_w = 14, .box_h = 16, .ofs_x = 0, .ofs_y = 0},
    {.bitmap_index = 22205, .adv_w = 299, .box_w = 17, .box_h = 16, .ofs_x = 1, .ofs_y = 0},
    {.bitmap_index = 22298, .adv_w = 249, .box_w = 13, .box_h = 16, .ofs_x = 1, .ofs_y = 0},
    {.bitmap_index = 22363, .adv_w = 251, .box_w = 14, .box_h = 16, .ofs_x = 1, .ofs_y = 0},
    {.bitmap_index = 22407, .adv_w = 261, .box_w = 16, .box_h = 16, .ofs_x = 0, .ofs_y = 0},
    {.bitmap_index = 22512, .adv_w = 251, .box_w = 14, .box_h = 16, .ofs_x = 1, .ofs_y = 0},
    {.bitmap_index = 22536, .adv_w = 221, .box_w = 13, .box_h = 16, .ofs_x = 1, .ofs_y = 0},
    {.bitmap_index = 22589, .adv_w = 225, .box_w = 12, .box_h = 16, .ofs_x = 1, .ofs_y = 0},
    {.bitmap_index = 22655, .adv_w = 212, .box_w = 14, .box_h = 16, .ofs_x = 0, .ofs_y = 0},
    {.bitmap_index = 22682, .adv_w = 209, .box_w = 14, .box_h = 16, .ofs_x = 0, .ofs_y = 0},
    {.bitmap_index = 22744, .adv_w = 257, .box_w = 16, .box_h = 16, .ofs_x = 0, .ofs_y = 0},
    {.bitmap_index = 22849, .adv_w = 225, .box_w = 14, .box_h = 16, .ofs_x = 0, .ofs_y = 0},
    {.bitmap_index = 22946, .adv_w = 261, .box_w = 14, .box_h = 16, .ofs_x = 1, .ofs_y = 0},
    {.bitmap_index = 23002, .adv_w = 261, .box_w = 16, .box_h = 16, .ofs_x = 0, .ofs_y = 0},
    {.bitmap_index = 23105, .adv_w = 93, .box_w = 8, .box_h = 20, .ofs_x = -1, .ofs_y = 0},
    {.bitmap_index = 23129, .adv_w = 209, .box_w = 14, .box_h = 20, .ofs_x = 0, .ofs_y = 0},
    {.bitmap_index = 23210, .adv_w = 219, .box_w = 13, .box_h = 18, .ofs_x = 0, .ofs_y = 0},
    {.bitmap_index = 23294, .adv_w = 181, .box_w = 11, .box_h = 18, .ofs_x = 0, .ofs_y = 0},
    {.bitmap_index = 23376, .adv_w = 216, .box_w = 12, .box_h = 17, .ofs_x = 1, .ofs_y = 0},
    {.bitmap_index = 23431, .adv_w = 137, .box_w = 7, .box_h = 17, .ofs_x = 1, .ofs_y = 0},
    {.bitmap_index = 23463, .adv_w = 213, .box_w = 11, .box_h = 18, .ofs_x = 1, .ofs_y = 0},
    {.bitmap_index = 23529, .adv_w = 219, .box_w = 13, .box_h = 12, .ofs_x = 0, .ofs_y = 0},
    {.bitmap_index = 23594, .adv_w = 208, .box_w = 12, .box_h = 21, .ofs_x = 1, .ofs_y = -5},
    {.bitmap_index = 23684, .adv_w = 189, .box_w = 12, .box_h = 16, .ofs_x = 0, .ofs_y = -4},
    {.bitmap_index = 23756, .adv_w = 215, .box_w = 13, .box_h = 16, .ofs_x = 0, .ofs_y = 0},
    {.bitmap_index = 23848, .adv_w = 181, .box_w = 11, .box_h = 12, .ofs_x = 0, .ofs_y = 0},
    {.bitmap_index = 23912, .adv_w = 183, .box_w = 12, .box_h = 19, .ofs_x = 0, .ofs_y = -3},
    {.bitmap_index = 23995, .adv_w = 216, .box_w = 12, .box_h = 12, .ofs_x = 1, .ofs_y = 0},
    {.bitmap_index = 24032, .adv_w = 238, .box_w = 14, .box_h = 16, .ofs_x = 0, .ofs_y = 0},
    {.bitmap_index = 24129, .adv_w = 137, .box_w = 7, .box_h = 12, .ofs_x = 1, .ofs_y = 0},
    {.bitmap_index = 24146, .adv_w = 184, .box_w = 11, .box_h = 12, .ofs_x = 1, .ofs_y = 0},
    {.bitmap_index = 24195, .adv_w = 196, .box_w = 12, .box_h = 16, .ofs_x = 0, .ofs_y = 0},
    {.bitmap_index = 24272, .adv_w = 220, .box_w = 12, .box_h = 17, .ofs_x = 1, .ofs_y = -5},
    {.bitmap_index = 24315, .adv_w = 189, .box_w = 12, .box_h = 12, .ofs_x = 0, .ofs_y = 0},
    {.bitmap_index = 24378, .adv_w = 199, .box_w = 13, .box_h = 19, .ofs_x = 0, .ofs_y = -3},
    {.bitmap_index = 24479, .adv_w = 215, .box_w = 13, .box_h = 12, .ofs_x = 0, .ofs_y = 0},
    {.bitmap_index = 24550, .adv_w = 235, .box_w = 14, .box_h = 12, .ofs_x = 0, .ofs_y = 0},
    {.bitmap_index = 24570, .adv_w = 219, .box_w = 12, .box_h = 17, .ofs_x = 1, .ofs_y = -5},
    {.bitmap_index = 24641, .adv_w = 200, .box_w = 12, .box_h = 15, .ofs_x = 0, .ofs_y = -3},
    {.bitmap_index = 24716, .adv_w = 220, .box_w = 14, .box_h = 12, .ofs_x = 0, .ofs_y = 0},
    {.bitmap_index = 24790, .adv_w = 191, .box_w = 11, .box_h = 12, .ofs_x = 0, .ofs_y = 0},
    {.bitmap_index = 24818, .adv_w = 213, .box_w = 11, .box_h = 12, .ofs_x = 1, .ofs_y = 0},
    {.bitmap_index = 24857, .adv_w = 263, .box_w = 16, .box_h = 21, .ofs_x = 0, .ofs_y = -5},
    {.bitmap_index = 24964, .adv_w = 192, .box_w = 12, .box_h = 12, .ofs_x = 0, .ofs_y = 0},
    {.bitmap_index = 25031, .adv_w = 254, .box_w = 14, .box_h = 17, .ofs_x = 1, .ofs_y = -5},
    {.bitmap_index = 25084, .adv_w = 278, .box_w = 17, .box_h = 13, .ofs_x = 0, .ofs_y = 0},
    {.bitmap_index = 25179, .adv_w = 135, .box_w = 9, .box_h = 16, .ofs_x = -1, .ofs_y = 0},
    {.bitmap_index = 25214, .adv_w = 213, .box_w = 11, .box_h = 16, .ofs_x = 1, .ofs_y = 0},
    {.bitmap_index = 25271, .adv_w = 215, .box_w = 13, .box_h = 18, .ofs_x = 0, .ofs_y = 0},
    {.bitmap_index = 25361, .adv_w = 213, .box_w = 11, .box_h = 18, .ofs_x = 1, .ofs_y = 0},
    {.bitmap_index = 25419, .adv_w = 278, .box_w = 17, .box_h = 18, .ofs_x = 0, .ofs_y = 0},
    {.bitmap_index = 25539, .adv_w = 204, .box_w = 11, .box_h = 21, .ofs_x = 1, .ofs_y = 0},
    {.bitmap_index = 25596, .adv_w = 204, .box_w = 11, .box_h = 20, .ofs_x = 1, .ofs_y = 0},
    {.bitmap_index = 25652, .adv_w = 234, .box_w = 14, .box_h = 16, .ofs_x = 0, .ofs_y = 0},
    {.bitmap_index = 25725, .adv_w = 190, .box_w = 11, .box_h = 21, .ofs_x = 1, .ofs_y = 0},
    {.bitmap_index = 25762, .adv_w = 254, .box_w = 16, .box_h = 16, .ofs_x = 0, .ofs_y = 0},
    {.bitmap_index = 25866, .adv_w = 227, .box_w = 14, .box_h = 16, .ofs_x = 0, .ofs_y = 0},
    {.bitmap_index = 25968, .adv_w = 93, .box_w = 4, .box_h = 16, .ofs_x = 1, .ofs_y = 0},
    {.bitmap_index = 25974, .adv_w = 93, .box_w = 8, .box_h = 20, .ofs_x = -1, .ofs_y = 0},
    {.bitmap_index = 25998, .adv_w = 172, .box_w = 9, .box_h = 16, .ofs_x = 0, .ofs_y = 0},
    {.bitmap_index = 26027, .adv_w = 386, .box_w = 24, .box_h = 17, .ofs_x = 0, .ofs_y = -1},
    {.bitmap_index = 26148, .adv_w = 383, .box_w = 23, .box_h = 16, .ofs_x = 1, .ofs_y = 0},
    {.bitmap_index = 26217, .adv_w = 235, .box_w = 14, .box_h = 16, .ofs_x = 0, .ofs_y = 0},
    {.bitmap_index = 26271, .adv_w = 222, .box_w = 13, .box_h = 21, .ofs_x = 1, .ofs_y = 0},
    {.bitmap_index = 26362, .adv_w = 249, .box_w = 13, .box_h = 21, .ofs_x = 1, .ofs_y = 0},
    {.bitmap_index = 26443, .adv_w = 222, .box_w = 14, .box_h = 21, .ofs_x = 0, .ofs_y = 0},
    {.bitmap_index = 26551, .adv_w = 266, .box_w = 15, .box_h = 19, .ofs_x = 1, .ofs_y = -3},
    {.bitmap_index = 26588, .adv_w = 232, .box_w = 15, .box_h = 16, .ofs_x = 0, .ofs_y = 0},
    {.bitmap_index = 26679, .adv_w = 221, .box_w = 13, .box_h = 16, .ofs_x = 1, .ofs_y = 0},
    {.bitmap_index = 26738, .adv_w = 220, .box_w = 13, .box_h = 16, .ofs_x = 1, .ofs_y = 0},
    {.bitmap_index = 26811, .adv_w = 190, .box_w = 11, .box_h = 16, .ofs_x = 1, .ofs_y = 0},
    {.bitmap_index = 26830, .adv_w = 263, .box_w = 16, .box_h = 19, .ofs_x = 0, .ofs_y = -3},
    {.bitmap_index = 26918, .adv_w = 204, .box_w = 11, .box_h = 16, .ofs_x = 1, .ofs_y = 0},
    {.bitmap_index = 26957, .adv_w = 319, .box_w = 20, .box_h = 16, .ofs_x = 0, .ofs_y = 0},
    {.bitmap_index = 27080, .adv_w = 222, .box_w = 14, .box_h = 16, .ofs_x = 0, .ofs_y = 0},
    {.bitmap_index = 27175, .adv_w = 249, .box_w = 13, .box_h = 16, .ofs_x = 1, .ofs_y = 0},
    {.bitmap_index = 27237, .adv_w = 249, .box_w = 13, .box_h = 20, .ofs_x = 1, .ofs_y = 0},
    {.bitmap_index = 27319, .adv_w = 222, .box_w = 13, .box_h = 16, .ofs_x = 1, .ofs_y = 0},
    {.bitmap_index = 27391, .adv_w = 252, .box_w = 15, .box_h = 17, .ofs_x = 0, .ofs_y = -1},
    {.bitmap_index = 27470, .adv_w = 299, .box_w = 17, .box_h = 16, .ofs_x = 1, .ofs_y = 0},
    {.bitmap_index = 27563, .adv_w = 250, .box_w = 14, .box_h = 16, .ofs_x = 1, .ofs_y = 0},
    {.bitmap_index = 27590, .adv_w = 261, .box_w = 16, .box_h = 16, .ofs_x = 0, .ofs_y = 0},
    {.bitmap_index = 27695, .adv_w = 251, .box_w = 14, .box_h = 16, .ofs_x = 1, .ofs_y = 0},
    {.bitmap_index = 27719, .adv_w = 221, .box_w = 13, .box_h = 16, .ofs_x = 1, .ofs_y = 0},
    {.bitmap_index = 27772, .adv_w = 257, .box_w = 16, .box_h = 16, .ofs_x = 0, .ofs_y = 0},
    {.bitmap_index = 27873, .adv_w = 212, .box_w = 14, .box_h = 16, .ofs_x = 0, .ofs_y = 0},
    {.bitmap_index = 27900, .adv_w = 222, .box_w = 14, .box_h = 16, .ofs_x = 0, .ofs_y = 0},
    {.bitmap_index = 27985, .adv_w = 257, .box_w = 16, .box_h = 16, .ofs_x = 0, .ofs_y = 0},
    {.bitmap_index = 28090, .adv_w = 225, .box_w = 14, .box_h = 16, .ofs_x = 0, .ofs_y = 0},
    {.bitmap_index = 28187, .adv_w = 260, .box_w = 16, .box_h = 19, .ofs_x = 1, .ofs_y = -3},
    {.bitmap_index = 28220, .adv_w = 235, .box_w = 13, .box_h = 16, .ofs_x = 1, .ofs_y = 0},
    {.bitmap_index = 28267, .adv_w = 329, .box_w = 18, .box_h = 16, .ofs_x = 1, .ofs_y = 0},
    {.bitmap_index = 28299, .adv_w = 335, .box_w = 20, .box_h = 19, .ofs_x = 1, .ofs_y = -3},
    {.bitmap_index = 28342, .adv_w = 227, .box_w = 15, .box_h = 16, .ofs_x = -1, .ofs_y = 0},
    {.bitmap_index = 28401, .adv_w = 297, .box_w = 16, .box_h = 16, .ofs_x = 1, .ofs_y = 0},
    {.bitmap_index = 28459, .adv_w = 224, .box_w = 13, .box_h = 16, .ofs_x = 1, .ofs_y = 0},
    {.bitmap_index = 28507, .adv_w = 251, .box_w = 16, .box_h = 16, .ofs_x = 0, .ofs_y = 0},
    {.bitmap_index = 28609, .adv_w = 330, .box_w = 19, .box_h = 16, .ofs_x = 1, .ofs_y = 0},
    {.bitmap_index = 28723, .adv_w = 229, .box_w = 13, .box_h = 16, .ofs_x = 0, .ofs_y = 0},
    {.bitmap_index = 28793, .adv_w = 200, .box_w = 12, .box_h = 12, .ofs_x = 0, .ofs_y = 0},
    {.bitmap_index = 28862, .adv_w = 209, .box_w = 13, .box_h = 17, .ofs_x = 0, .ofs_y = 0},
    {.bitmap_index = 28958, .adv_w = 194, .box_w = 11, .box_h = 12, .ofs_x = 1, .ofs_y = 0},
    {.bitmap_index = 29011, .adv_w = 167, .box_w = 9, .box_h = 12, .ofs_x = 1, .ofs_y = 0},
    {.bitmap_index = 29025, .adv_w = 219, .box_w = 14, .box_h = 15, .ofs_x = 0, .ofs_y = -3},
    {.bitmap_index = 29091, .adv_w = 210, .box_w = 13, .box_h = 12, .ofs_x = 0, .ofs_y = 0},
    {.bitmap_index = 29162, .adv_w = 262, .box_w = 17, .box_h = 12, .ofs_x = 0, .ofs_y = 0},
    {.bitmap_index = 29245, .adv_w = 181, .box_w = 11, .box_h = 12, .ofs_x = 0, .ofs_y = 0},
    {.bitmap_index = 29309, .adv_w = 209, .box_w = 11, .box_h = 12, .ofs_x = 1, .ofs_y = 0},
    {.bitmap_index = 29351, .adv_w = 209, .box_w = 11, .box_h = 16, .ofs_x = 1, .ofs_y = 0},
    {.bitmap_index = 29412, .adv_w = 184, .box_w = 11, .box_h = 12, .ofs_x = 1, .ofs_y = 0},
    {.bitmap_index = 29461, .adv_w = 210, .box_w = 12, .box_h = 13, .ofs_x = 0, .ofs_y = -1},
    {.bitmap_index = 29513, .adv_w = 251, .box_w = 14, .box_h = 12, .ofs_x = 1, .ofs_y = 0},
    {.bitmap_index = 29574, .adv_w = 215, .box_w = 11, .box_h = 12, .ofs_x = 1, .ofs_y = 0},
    {.bitmap_index = 29597, .adv_w = 215, .box_w = 13, .box_h = 12, .ofs_x = 0, .ofs_y = 0},
    {.bitmap_index = 29668, .adv_w = 209, .box_w = 11, .box_h = 12, .ofs_x = 1, .ofs_y = 0},
    {.bitmap_index = 29686, .adv_w = 214, .box_w = 12, .box_h = 17, .ofs_x = 1, .ofs_y = -5},
    {.bitmap_index = 29756, .adv_w = 200, .box_w = 12, .box_h = 12, .ofs_x = 0, .ofs_y = 0},
    {.bitmap_index = 29818, .adv_w = 184, .box_w = 11, .box_h = 12, .ofs_x = 0, .ofs_y = 0},
    {.bitmap_index = 29834, .adv_w = 193, .box_w = 12, .box_h = 17, .ofs_x = 0, .ofs_y = -5},
    {.bitmap_index = 29915, .adv_w = 261, .box_w = 16, .box_h = 21, .ofs_x = 0, .ofs_y = -5},
    {.bitmap_index = 30022, .adv_w = 192, .box_w = 12, .box_h = 12, .ofs_x = 0, .ofs_y = 0},
    {.bitmap_index = 30089, .adv_w = 225, .box_w = 13, .box_h = 15, .ofs_x = 1, .ofs_y = -3},
    {.bitmap_index = 30121, .adv_w = 199, .box_w = 11, .box_h = 12, .ofs_x = 0, .ofs_y = 0},
    {.bitmap_index = 30162, .adv_w = 274, .box_w = 15, .box_h = 12, .ofs_x = 1, .ofs_y = 0},
    {.bitmap_index = 30184, .adv_w = 274, .box_w = 16, .box_h = 15, .ofs_x = 1, .ofs_y = -3},
    {.bitmap_index = 30216, .adv_w = 206, .box_w = 12, .box_h = 12, .ofs_x = 0, .ofs_y = 0},
    {.bitmap_index = 30264, .adv_w = 252, .box_w = 14, .box_h = 12, .ofs_x = 1, .ofs_y = 0},
    {.bitmap_index = 30309, .adv_w = 196, .box_w = 11, .box_h = 12, .ofs_x = 1, .ofs_y = 0},
    {.bitmap_index = 30348, .adv_w = 200, .box_w = 12, .box_h = 12, .ofs_x = 0, .ofs_y = 0},
    {.bitmap_index = 30415, .adv_w = 293, .box_w = 17, .box_h = 12, .ofs_x = 1, .ofs_y = 0},
    {.bitmap_index = 30496, .adv_w = 202, .box_w = 12, .box_h = 12, .ofs_x = 0, .ofs_y = 0},
    {.bitmap_index = 30550, .adv_w = 210, .box_w = 13, .box_h = 18, .ofs_x = 0, .ofs_y = 0},
    {.bitmap_index = 30641, .adv_w = 210, .box_w = 13, .box_h = 16, .ofs_x = 0, .ofs_y = 0},
    {.bitmap_index = 30730, .adv_w = 216, .box_w = 13, .box_h = 21, .ofs_x = 0, .ofs_y = -5},
    {.bitmap_index = 30802, .adv_w = 167, .box_w = 9, .box_h = 17, .ofs_x = 1, .ofs_y = 0},
    {.bitmap_index = 30832, .adv_w = 200, .box_w = 12, .box_h = 12, .ofs_x = 0, .ofs_y = 0},
    {.bitmap_index = 30899, .adv_w = 189, .box_w = 11, .box_h = 12, .ofs_x = 0, .ofs_y = 0},
    {.bitmap_index = 30965, .adv_w = 93, .box_w = 4, .box_h = 16, .ofs_x = 1, .ofs_y = 0},
    {.bitmap_index = 30978, .adv_w = 93, .box_w = 8, .box_h = 16, .ofs_x = -1, .ofs_y = 0},
    {.bitmap_index = 31002, .adv_w = 97, .box_w = 6, .box_h = 21, .ofs_x = -1, .ofs_y = -5},
    {.bitmap_index = 31027, .adv_w = 299, .box_w = 18, .box_h = 13, .ofs_x = 0, .ofs_y = -1},
    {.bitmap_index = 31107, .adv_w = 290, .box_w = 17, .box_h = 12, .ofs_x = 1, .ofs_y = 0},
    {.bitmap_index = 31160, .adv_w = 216, .box_w = 13, .box_h = 16, .ofs_x = 0, .ofs_y = 0},
    {.bitmap_index = 31215, .adv_w = 184, .box_w = 11, .box_h = 17, .ofs_x = 1, .ofs_y = 0},
    {.bitmap_index = 31282, .adv_w = 209, .box_w = 11, .box_h = 17, .ofs_x = 1, .ofs_y = 0},
    {.bitmap_index = 31342, .adv_w = 193, .box_w = 12, .box_h = 22, .ofs_x = 0, .ofs_y = -5},
    {.bitmap_index = 31448, .adv_w = 209, .box_w = 11, .box_h = 15, .ofs_x = 1, .ofs_y = -3},
    {.bitmap_index = 31479, .adv_w = 194, .box_w = 11, .box_h = 18, .ofs_x = 1, .ofs_y = 0},
    {.bitmap_index = 31503, .adv_w = 167, .box_w = 9, .box_h = 14, .ofs_x = 1, .ofs_y = 0},
    {.bitmap_index = 31523, .adv_w = 209, .box_w = 14, .box_h = 16, .ofs_x = 0, .ofs_y = 0},
    {.bitmap_index = 31585, .adv_w = 189, .box_w = 12, .box_h = 16, .ofs_x = 0, .ofs_y = -4},
    {.bitmap_index = 31657, .adv_w = 235, .box_w = 13, .box_h = 16, .ofs_x = 1, .ofs_y = 0},
    {.bitmap_index = 31703, .adv_w = 201, .box_w = 11, .box_h = 12, .ofs_x = 1, .ofs_y = 0},
    {.bitmap_index = 31736, .adv_w = 268, .box_w = 16, .box_h = 16, .ofs_x = 0, .ofs_y = 0},
    {.bitmap_index = 31841, .adv_w = 215, .box_w = 13, .box_h = 12, .ofs_x = 0, .ofs_y = 0},
    {.bitmap_index = 31914, .adv_w = 190, .box_w = 10, .box_h = 2, .ofs_x = 1, .ofs_y = 6},
    {.bitmap_index = 31920, .adv_w = 275, .box_w = 15, .box_h = 2, .ofs_x = 1, .ofs_y = 6},
    {.bitmap_index = 31929, .adv_w = 93, .box_w = 4, .box_h = 6, .ofs_x = 1, .ofs_y = 10},
    {.bitmap_index = 31941, .adv_w = 93, .box_w = 4, .box_h = 6, .ofs_x = 1, .ofs_y = 10},
    {.bitmap_index = 31953, .adv_w = 149, .box_w = 7, .box_h = 6, .ofs_x = 1, .ofs_y = 10},
    {.bitmap_index = 31971, .adv_w = 149, .box_w = 7, .box_h = 6, .ofs_x = 1, .ofs_y = 10},
    {.bitmap_index = 31991, .adv_w = 242, .box_w = 7, .box_h = 6, .ofs_x = 4, .ofs_y = 4},
    {.bitmap_index = 32011, .adv_w = 241, .box_w = 13, .box_h = 3, .ofs_x = 1, .ofs_y = 0},
    {.bitmap_index = 32028, .adv_w = 190, .box_w = 10, .box_h = 2, .ofs_x = 1, .ofs_y = 7}
};

/*---------------------
 *  CHARACTER MAPPING
 *--------------------*/

static const uint8_t glyph_id_ofs_list_3[] = {
    0, 1, 2, 3, 0, 0, 4, 5,
    6, 7, 0, 8, 9, 10, 11, 12,
    13, 0, 0, 14, 15, 16, 17, 18,
    19, 20, 21, 0, 22, 23, 24, 25
};

static const uint16_t unicode_list_5[] = {
    0x0, 0x1, 0xa, 0x10, 0x11, 0x12, 0x13, 0x14,
    0x15, 0x16, 0x18
};

static const uint16_t unicode_list_9[] = {
    0x0, 0x1, 0x1e, 0x1f, 0x2a, 0x2b, 0x58, 0x59,
    0x1b83, 0x1b84, 0x1b88, 0x1b89, 0x1b8c, 0x1b8d, 0x1b92, 0x1b96,
    0x1d82
};

/*Collect the unicode lists and glyph_id offsets*/
static const lv_font_fmt_txt_cmap_t cmaps[] =
{
    {
        .range_start = 32, .range_length = 95, .glyph_id_start = 1,
        .unicode_list = NULL, .glyph_id_ofs_list = NULL, .list_length = 0, .type = LV_FONT_FMT_TXT_CMAP_FORMAT0_TINY
    },
    {
        .range_start = 160, .range_length = 116, .glyph_id_start = 96,
        .unicode_list = NULL, .glyph_id_ofs_list = NULL, .list_length = 0, .type = LV_FONT_FMT_TXT_CMAP_FORMAT0_TINY
    },
    {
        .range_start = 278, .range_length = 22, .glyph_id_start = 212,
        .unicode_list = NULL, .glyph_id_ofs_list = NULL, .list_length = 0, .type = LV_FONT_FMT_TXT_CMAP_FORMAT0_TINY
    },
    {
        .range_start = 302, .range_length = 32, .glyph_id_start = 234,
        .unicode_list = NULL, .glyph_id_ofs_list = glyph_id_ofs_list_3, .list_length = 32, .type = LV_FONT_FMT_TXT_CMAP_FORMAT0_FULL
    },
    {
        .range_start = 336, .range_length = 47, .glyph_id_start = 260,
        .unicode_list = NULL, .glyph_id_ofs_list = NULL, .list_length = 0, .type = LV_FONT_FMT_TXT_CMAP_FORMAT0_TINY
    },
    {
        .range_start = 884, .range_length = 25, .glyph_id_start = 307,
        .unicode_list = unicode_list_5, .glyph_id_ofs_list = NULL, .list_length = 11, .type = LV_FONT_FMT_TXT_CMAP_SPARSE_TINY
    },
    {
        .range_start = 910, .range_length = 20, .glyph_id_start = 318,
        .unicode_list = NULL, .glyph_id_ofs_list = NULL, .list_length = 0, .type = LV_FONT_FMT_TXT_CMAP_FORMAT0_TINY
    },
    {
        .range_start = 931, .range_length = 44, .glyph_id_start = 338,
        .unicode_list = NULL, .glyph_id_ofs_list = NULL, .list_length = 0, .type = LV_FONT_FMT_TXT_CMAP_FORMAT0_TINY
    },
    {
        .range_start = 1024, .range_length = 96, .glyph_id_start = 382,
        .unicode_list = NULL, .glyph_id_ofs_list = NULL, .list_length = 0, .type = LV_FONT_FMT_TXT_CMAP_FORMAT0_TINY
    },
    {
        .range_start = 1168, .range_length = 7555, .glyph_id_start = 478,
        .unicode_list = unicode_list_9, .glyph_id_ofs_list = NULL, .list_length = 17, .type = LV_FONT_FMT_TXT_CMAP_SPARSE_TINY
    }
};

/*-----------------
 *    KERNING
 *----------------*/


/*Map glyph_ids to kern left classes*/
static const uint8_t kern_left_class_mapping[] =
{
    0, 0, 0, 1, 0, 2, 0, 0,
    3, 4, 5, 0, 0, 6, 7, 8,
    9, 0, 10, 11, 0, 12, 13, 14,
    15, 0, 16, 17, 0, 0, 0, 0,
    0, 0, 18, 19, 20, 21, 22, 23,
    24, 0, 25, 26, 27, 28, 0, 0,
    29, 30, 31, 32, 33, 34, 35, 36,
    36, 37, 38, 39, 4, 0, 5, 0,
    0, 0, 40, 41, 42, 25, 43, 44,
    45, 46, 47, 0, 48, 47, 49, 49,
    50, 50, 25, 51, 52, 53, 25, 54,
    54, 55, 56, 57, 4, 0, 5, 0,
    0, 0, 58, 0, 59, 60, 0, 0,
    0, 0, 0, 0, 0, 0, 0, 0,
    0, 0, 0, 0, 0, 0, 0, 0,
    0, 0, 0, 0, 0, 0, 0, 0,
    18, 18, 18, 18, 18, 18, 22, 20,
    22, 22, 22, 22, 0, 0, 0, 0,
    21, 0, 29, 29, 29, 29, 29, 0,
    29, 35, 35, 35, 35, 38, 61, 62,
    40, 40, 40, 40, 40, 40, 43, 42,
    43, 43, 43, 43, 47, 47, 47, 47,
    62, 0, 50, 50, 50, 50, 50, 0,
    50, 25, 25, 25, 25, 56, 63, 56,
    18, 40, 18, 40, 18, 40, 20, 42,
    20, 42, 20, 42, 20, 42, 21, 64,
    21, 0, 22, 43, 22, 43, 0, 43,
    22, 43, 24, 45, 24, 45, 24, 45,
    24, 45, 0, 46, 0, 46, 0, 47,
    0, 47, 0, 47, 0, 47, 26, 0,
    27, 48, 28, 0, 0, 0, 28, 64,
    28, 55, 0, 0, 0, 0, 0, 0,
    0, 0, 29, 50, 29, 50, 22, 43,
    0, 51, 32, 51, 32, 51, 0, 52,
    33, 52, 33, 52, 33, 52, 34, 53,
    34, 64, 37, 53, 35, 25, 35, 25,
    35, 25, 35, 25, 35, 25, 35, 25,
    36, 54, 38, 56, 38, 39, 57, 39,
    57, 39, 57, 64, 64, 0, 0, 0,
    18, 0, 22, 0, 0, 29, 38, 29,
    65, 18, 19, 34, 18, 0, 39, 0,
    29, 25, 27, 18, 0, 0, 0, 29,
    0, 0, 0, 34, 38, 29, 37, 0,
    29, 0, 38, 25, 55, 49, 65, 49,
    25, 0, 54, 50, 50, 55, 49, 29,
    65, 48, 66, 25, 54, 67, 50, 44,
    50, 42, 68, 53, 49, 50, 55, 46,
    50, 65, 49, 50, 49, 50, 22, 22,
    62, 0, 20, 0, 25, 0, 0, 69,
    69, 19, 0, 0, 0, 0, 18, 61,
    19, 34, 0, 22, 27, 19, 0, 0,
    27, 0, 0, 0, 29, 0, 61, 20,
    34, 38, 29, 37, 0, 0, 0, 0,
    19, 0, 19, 29, 29, 0, 40, 50,
    0, 51, 25, 43, 55, 0, 25, 25,
    48, 25, 25, 25, 50, 25, 63, 42,
    51, 56, 50, 55, 0, 25, 25, 0,
    62, 25, 62, 50, 50, 25, 43, 43,
    46, 0, 42, 0, 47, 47, 0, 62,
    62, 46, 0, 25, 56, 0, 34, 51,
    38, 54, 19, 0, 29, 50, 70, 0,
    0, 71, 72, 73, 0, 0, 0
};

/*Map glyph_ids to kern right classes*/
static const uint8_t kern_right_class_mapping[] =
{
    0, 1, 0, 2, 0, 3, 0, 0,
    4, 5, 6, 0, 0, 7, 8, 7,
    9, 0, 10, 11, 12, 13, 0, 0,
    14, 0, 15, 16, 17, 0, 0, 0,
    0, 0, 18, 0, 19, 0, 0, 0,
    20, 0, 21, 22, 0, 0, 0, 0,
    20, 0, 23, 0, 24, 25, 26, 27,
    27, 28, 29, 30, 5, 0, 6, 0,
    0, 0, 31, 21, 32, 32, 32, 33,
    34, 35, 36, 0, 35, 36, 37, 37,
    32, 37, 38, 39, 40, 41, 42, 43,
    43, 44, 45, 46, 5, 0, 6, 0,
    1, 0, 47, 0, 48, 49, 0, 0,
    0, 0, 0, 0, 0, 0, 0, 0,
    0, 0, 0, 0, 0, 0, 0, 0,
    0, 0, 0, 0, 0, 0, 0, 0,
    18, 18, 18, 18, 18, 18, 18, 20,
    0, 0, 0, 0, 0, 0, 0, 0,
    0, 50, 20, 20, 20, 20, 20, 0,
    20, 26, 26, 26, 26, 29, 0, 0,
    31, 31, 31, 31, 31, 31, 31, 32,
    51, 51, 51, 51, 36, 36, 36, 36,
    52, 21, 32, 32, 32, 32, 32, 0,
    32, 42, 42, 42, 42, 45, 53, 45,
    18, 31, 18, 31, 18, 31, 20, 32,
    19, 32, 20, 32, 20, 32, 0, 52,
    0, 52, 0, 51, 0, 51, 0, 51,
    0, 51, 20, 34, 20, 34, 54, 34,
    54, 34, 0, 35, 0, 35, 0, 36,
    0, 36, 0, 36, 0, 36, 22, 0,
    0, 35, 0, 55, 0, 55, 0, 55,
    0, 32, 50, 21, 50, 21, 50, 21,
    50, 21, 20, 32, 20, 32, 20, 32,
    0, 39, 0, 39, 0, 39, 0, 40,
    24, 40, 24, 40, 24, 40, 25, 41,
    25, 41, 28, 41, 26, 42, 26, 42,
    26, 42, 26, 42, 26, 42, 26, 42,
    27, 43, 29, 45, 29, 30, 46, 30,
    46, 30, 46, 56, 56, 0, 0, 0,
    18, 0, 0, 0, 0, 20, 29, 20,
    42, 18, 0, 0, 18, 0, 30, 0,
    20, 21, 0, 18, 0, 0, 0, 20,
    0, 0, 0, 25, 29, 20, 28, 0,
    20, 0, 29, 32, 57, 37, 42, 42,
    32, 0, 43, 32, 57, 32, 37, 20,
    42, 35, 58, 53, 43, 59, 32, 33,
    60, 32, 32, 61, 42, 32, 44, 42,
    32, 42, 42, 32, 42, 32, 0, 0,
    25, 0, 19, 0, 21, 0, 0, 28,
    0, 27, 0, 0, 0, 0, 18, 50,
    0, 0, 18, 0, 28, 20, 50, 50,
    0, 18, 0, 0, 20, 0, 0, 20,
    25, 28, 20, 28, 0, 0, 0, 0,
    25, 0, 0, 28, 0, 50, 31, 62,
    21, 39, 32, 51, 44, 44, 21, 21,
    35, 32, 37, 21, 32, 21, 53, 32,
    61, 45, 32, 44, 21, 21, 21, 21,
    0, 21, 21, 32, 21, 31, 51, 51,
    35, 0, 59, 0, 36, 36, 0, 21,
    21, 35, 0, 21, 45, 0, 0, 39,
    29, 43, 0, 21, 20, 32, 63, 64,
    0, 65, 66, 67, 0, 0, 0
};

/*Kern values between classes*/
static const int8_t kern_class_values[] =
{
    0, 0, 0, 0, 0, 0, -74, 0,
    0, 0, 0, 0, 0, 0, 0, 0,
    0, 0, 0, 0, 0, 0, 0, 0,
    0, 0, 0, 0, 0, 0, 0, -11,
    0, -11, 0, 0, 0, -11, 0, -11,
    0, 0, 0, 0, 0, 0, -11, 0,
    0, 0, 0, -11, 0, 0, 0, 0,
    0, 0, -11, 0, 0, 0, 0, 0,
    0, 0, 0, 0, 0, 5, 0, 0,
    -21, -9, 0, 0, 0, 0, 0, 0,
    0, 0, 0, 0, 0, 0, 0, 0,
    0, 0, 0, 0, 0, 0, 0, 0,
    0, 0, 0, 0, 0, 0, 0, 0,
    0, 0, 0, 0, 0, 0, 0, 0,
    0, 0, 0, -11, 0, 0, 0, 0,
    0, 0, 0, 0, 0, 0, 0, 0,
    0, 0, 0, 0, 0, 0, 0, 0,
    -14, 4, 0, 0, 0, 0, 0, 0,
    0, 0, -42, 0, 0, 0, 0, 0,
    0, 0, 0, 0, 0, 0, 0, 0,
    0, 0, 0, 0, 0, 0, 0, 0,
    0, 0, 0, 0, 0, 0, 0, 0,
    0, 0, 0, 0, -11, 0, 0, 0,
    0, 0, 0, 0, 0, 0, 0, 0,
    0, 0, 0, 0, 0, 0, 4, 0,
    0, 0, 0, -7, 0, 0, 0, 0,
    0, 0, 0, 0, 0, 0, 5, 0,
    0, 0, 0, 0, 0, 0, 0, 0,
    0, 0, 0, 0, 0, 0, 0, 0,
    0, 0, 0, 0, 0, 0, 0, 0,
    0, 0, 0, 0, 0, 0, 0, 0,
    -19, 0, 0, 0, 0, 0, 0, 0,
    0, 0, 0, 0, 0, 0, 0, 0,
    0, 0, 0, 0, 0, 0, 0, 0,
    0, 0, 0, 0, 0, 0, 0, 0,
    0, 0, 0, 0, 0, 0, 0, 0,
    0, 0, 0, 0, 0, 0, 0, 0,
    0, 0, 0, 0, 0, 0, 0, 0,
    0, 0, 0, 0, 0, 0, -5, 0,
    0, 0, 0, 0, 0, 0, 0, 0,
    0, 0, 0, 0, 0, 0, 0, 0,
    0, 0, 0, 0, 0, 0, 0, 0,
    0, 0, 0, 0, 0, 0, 0, 0,
    -42, 0, 0, 0, 0, 0, 0, 0,
    0, 0, 0, 0, 0, 0, 0, 0,
    0, 0, 0, 0, 0, 0, 0, 0,
    0, 0, 0, 0, 0, 0, 0, 0,
    0, 0, 0, 0, 0, 0, 0, 0,
    0, 0, 0, 0, 0, 0, 0, 0,
    0, 0, 0, 0, 0, 0, 0, 0,
    0, 0, 0, 0, 0, 0, 0, 0,
    0, 0, 0, 0, 0, -14, -1, 0,
    0, 0, 0, -7, 0, 0, 0, -11,
    0, 0, -28, 0, -16, -18, -28, 0,
    0, 0, 0, 0, 0, 0, 0, 0,
    0, 0, 0, 0, 0, -7, 0, 0,
    0, 0, -28, 0, 0, 0, 0, 0,
    0, 0, 0, 0, 0, 0, 0, 0,
    0, 0, 0, 0, 0, 0, 0, 0,
    0, 0, 0, 0, 0, 0, -42, 0,
    0, 0, 0, 0, 0, 0, 0, 0,
    0, 0, 0, 0, 0, 0, 0, 0,
    0, 0, 0, 0, 0, 0, 0, 0,
    0, 0, 0, 0, 0, 0, 0, 0,
    0, 0, 0, 0, 0, 0, 0, 0,
    0, 0, 0, 0, 0, 0, 0, 0,
    0, 0, 0, 0, 0, 0, 0, -35,
    0, 0, 0, 0, 0, 0, 0, 0,
    -49, 0, 0, 0, 0, 0, 0, 0,
    0, 0, 0, 0, 0, 0, 0, 0,
    0, 0, 0, 0, 0, 0, -11, -18,
    0, 0, 0, 0, -11, 0, 0, -11,
    0, 0, 0, -7, 0, 0, 0, 0,
    0, 0, 0, 0, 0, 0, 0, 0,
    0, 0, 0, 0, 0, 0, 0, 0,
    0, 0, 0, 0, 0, 0, 0, 0,
    0, -14, 0, 0, 0, 0, 0, 0,
    0, 0, 0, 0, 0, 0, 0, 0,
    0, 0, 0, 0, 0, 0, 0, 0,
    0, 0, 0, 0, 0, 0, 0, 0,
    0, 0, 0, 0, 0, 0, 0, 0,
    0, 0, 0, 0, 0, 0, 0, 0,
    0, 0, 0, 0, 0, 0, 0, 0,
    0, 0, -2, 0, 0, 0, 0, 0,
    0, 0, 0, 0, 0, 0, 0, 0,
    0, 0, -7, 0, 0, 0, 0, -7,
    0, 0, 0, 0, 0, 0, 0, 0,
    0, 0, 0, 0, 0, 0, 0, 0,
    0, 0, 0, 0, 0, 0, 0, 0,
    0, 0, 0, 0, 0, 0, 0, 0,
    0, 0, 0, 0, 0, 0, 0, 0,
    0, 0, 0, 0, 0, 0, 0, 0,
    0, 0, -11, 0, -11, 0, -14, -7,
    0, 0, 0, 0, 0, -2, 0, -7,
    0, 0, 0, 0, 0, 0, 0, 0,
    0, 0, 0, 0, 0, 0, 0, 0,
    0, 0, 0, 0, 0, 0, 0, 0,
    0, 0, 0, 0, 0, 0, 0, 0,
    0, -28, 0, 0, 0, 0, 0, 0,
    0, 0, 0, 0, 0, 0, 0, 0,
    0, -7, -11, -11, 0, 0, 0, 0,
    0, 0, 0, 0, 0, 0, -9, 0,
    0, 0, 0, 0, 0, 0, 0, 0,
    0, 0, 0, 0, 0, 0, 0, 0,
    0, 0, 0, 0, 0, 0, 0, 0,
    0, 0, 0, 0, 0, 0, 0, 0,
    0, 0, 0, 0, 0, 0, 0, 0,
    0, 0, 0, 0, 0, 0, 0, 0,
    0, 0, 0, 0, 0, 0, 0, 0,
    0, 0, 0, 0, 0, 0, 0, 0,
    -5, 0, 0, 0, 0, -7, 0, 0,
    0, 0, 0, 0, 0, 0, 0, 0,
    0, 0, 0, 0, 0, 0, 0, 0,
    0, 0, 0, 0, 0, 0, 0, 0,
    0, 0, 0, 0, 0, 0, 0, 0,
    0, 0, 0, 0, 0, 0, 0, 0,
    0, 0, 0, 0, 0, 0, 0, 0,
    0, 0, 0, 0, 0, 0, 0, 0,
    -12, -2, 0, 0, 0, 0, -14, 5,
    0, 0, 0, -14, 0, 0, 0, 0,
    0, 0, 0, 0, 0, 0, 0, 0,
    0, 0, 0, 0, 0, 0, 0, 0,
    0, 0, 0, 0, 0, 0, 0, 0,
    0, 0, 0, 0, 0, 0, 0, 0,
    0, 0, 0, 0, 0, 0, 0, 0,
    -2, 0, 0, 0, 0, 0, 0, 0,
    0, 0, 0, -4, 0, 0, 0, 0,
    0, 0, -2, 0, 0, 0, 0, 0,
    0, 0, 0, 0, 0, 0, 0, 0,
    0, 0, 0, 0, 0, 0, 0, 0,
    0, 0, 0, 0, 0, 0, 0, 0,
    0, 0, 0, 0, 0, 0, 0, 0,
    0, 0, 0, 0, 0, 0, 0, 0,
    0, 0, 0, 0, 0, 0, 0, 0,
    0, 0, 0, 0, 0, 0, 0, 0,
    -28, 0, 0, 0, 0, 0, 0, 0,
    0, 0, 0, 0, 0, 0, 0, 0,
    0, 0, 0, 0, 0, 0, 0, 0,
    0, 0, 0, 0, 0, 0, 0, 0,
    0, 0, 0, 0, 0, 0, 0, 0,
    0, 0, 0, 0, 0, 0, 0, 0,
    0, 0, 0, 0, 0, 0, 0, 0,
    0, 0, 0, 0, -35, -7, -35, 0,
    0, 0, -14, 0, 0, 0, 0, 12,
    0, 0, 0, 0, 12, -7, -7, 0,
    0, -7, -7, -21, -7, -25, 0, -21,
    0, 0, 0, -9, 0, 0, 0, 0,
    0, 0, 0, -7, 0, -14, 0, -18,
    0, 0, -7, -21, 0, 0, 0, 0,
    -7, 0, -35, 0, 0, 0, 0, 0,
    0, 0, 0, -28, -42, -28, 0, 0,
    0, 0, 0, 0, -11, 0, 0, 0,
    0, 0, 0, 0, 0, 0, 0, 0,
    0, 0, 0, 0, 0, 0, -7, 0,
    -11, -11, -11, 0, 0, 0, 0, 0,
    0, 0, 0, 0, 0, 0, 0, 0,
    0, 0, 0, 0, 0, 0, -11, 0,
    0, 0, 0, 0, 0, 0, 0, 0,
    0, 0, 0, 0, 0, 0, 0, 0,
    0, 0, 0, 11, 0, 0, -21, -18,
    0, 0, 0, 0, 0, -7, 0, 0,
    0, 0, -7, 0, 0, 0, 0, 0,
    11, 0, 0, -7, -11, -11, 0, 0,
    0, 0, 0, 0, 0, 0, 0, 0,
    0, 0, 0, 0, 0, 0, 0, 0,
    0, -11, 0, 0, 0, 0, 0, 0,
    0, 0, 0, 0, 0, 0, 0, 0,
    0, 0, 0, 0, 0, 0, 0, 0,
    0, -21, -18, 0, 0, 0, 0, 0,
    -7, 0, 0, 0, 0, -7, 0, 0,
    0, 0, 0, 0, -7, 0, -11, -11,
    -11, -6, 0, 0, 0, 0, 0, 0,
    0, 0, 0, 0, 0, 0, 0, 0,
    0, 0, 0, 0, -11, 0, 0, 0,
    0, 0, 0, 0, 0, 0, 0, 0,
    0, 0, 0, 0, 0, 0, 0, 0,
    0, -5, 0, 0, 0, 0, 0, 0,
    0, 0, 0, 0, 0, 0, 0, 0,
    0, -9, -11, 0, 0, -11, -5, 0,
    0, 0, 0, 0, 0, 0, 0, 0,
    0, 0, 0, 0, 0, 0, 0, 0,
    0, 0, 0, 0, 0, 0, -11, 0,
    0, 0, 0, 0, 0, 0, 0, 0,
    0, 0, 0, 0, 0, 0, 0, 0,
    0, 0, 0, 0, 0, 0, 0, 0,
    -40, 0, 0, 0, 0, 0, -4, 0,
    0, 0, 0, -4, 0, 0, 0, -12,
    0, 0, 0, 0, 0, 0, 0, 0,
    -7, -5, 0, 0, 0, 0, 0, -7,
    0, 0, 0, 0, 0, 0, 0, 0,
    -7, 0, 0, 0, -7, 0, 0, 0,
    0, 0, 0, 0, -7, 0, 0, 0,
    0, 0, 0, 0, 0, 0, 0, 0,
    0, 0, 0, -18, 0, 0, 0, 0,
    0, -7, 0, 0, 0, 0, -7, 0,
    0, 0, 0, 0, 0, -7, 0, -11,
    -11, -11, 0, 0, 0, 0, 0, 0,
    0, 0, 0, 0, 0, 0, 0, 0,
    0, 0, 0, 0, 0, -11, 0, 0,
    0, 0, 0, 0, 0, 0, 0, 0,
    0, 0, 0, 0, 0, 0, 0, 0,
    0, 0, 0, 0, 0, 0, 0, 0,
    0, 0, 0, 0, 0, 0, 0, 0,
    0, 0, 0, 0, 0, 0, 0, 0,
    0, 0, 0, 0, -14, 0, 0, 0,
    0, 0, 0, 0, 0, 0, 0, 0,
    0, 0, 0, 0, 0, 0, 0, 0,
    -14, 0, 0, 0, 0, 0, 0, 0,
    0, 0, 0, 0, 0, 0, 0, 0,
    0, 0, 0, 0, 0, 0, 0, 0,
    0, -18, 0, 0, 0, 0, 0, -7,
    0, 0, 0, 0, -7, 0, 0, 0,
    0, 0, 0, 0, 0, 0, 0, 0,
    0, 0, 0, 0, 0, 0, 0, 0,
    0, 0, 0, 0, 0, 0, 0, 0,
    0, 0, 0, 0, 0, 0, 0, 0,
    0, 0, 0, 0, 0, 0, 0, 0,
    0, 0, 0, 0, 0, 0, -7, 0,
    -11, 0, 0, 0, 0, -18, 0, 0,
    0, 0, 0, 0, 0, 0, 0, 0,
    -7, -13, 0, 0, -11, -11, 0, 0,
    0, 0, 0, 0, 0, -14, 0, -11,
    0, 0, 0, -12, 0, -7, -11, -12,
    0, 0, -16, 0, -12, -13, 0, 0,
    -11, -12, 0, -7, 0, 0, 0, 0,
    -12, 0, 0, 0, 0, 0, 0, -7,
    0, -18, -42, 0, -42, 0, -11, 0,
    -28, 0, 0, 0, 0, 0, 0, 0,
    0, 0, 0, 0, -7, 0, 0, -7,
    0, -35, 0, -28, 0, -35, 0, 0,
    0, -7, 0, 0, 0, 0, 0, 0,
    0, -9, 0, -12, 0, -18, 0, 0,
    -7, -35, 0, 0, 0, 0, 0, 0,
    -42, 0, 0, 0, 0, 0, 0, 0,
    0, -42, -42, -42, 0, 0, 0, 0,
    0, -21, -18, 0, 0, 0, 0, 0,
    -7, 0, 0, 0, 0, -7, 0, 0,
    0, 0, 0, 0, -7, 0, -11, -18,
    -11, 0, 0, 0, 0, 0, 0, 0,
    0, 0, 0, 0, 0, 0, 0, -7,
    0, 0, 0, 0, -11, 0, 0, 0,
    0, 0, 0, 0, 0, 0, 0, 0,
    0, 0, 0, 0, 0, 0, 0, 0,
    0, 0, 0, 0, -21, -56, 0, 0,
    0, 0, 0, -18, 0, 0, 0, 0,
    -18, 0, 0, 0, -12, 0, 0, 0,
    0, 0, -11, 0, 0, -6, -2, 14,
    0, 0, 0, 0, 0, 0, 0, 0,
    0, 0, 0, 0, 0, 0, 0, 0,
    0, 0, 0, 0, 0, 0, 0, 0,
    0, 0, 0, 0, 0, 0, 0, 0,
    0, 0, 0, 0, 0, 0, 0, -21,
    -11, 0, 0, 0, 0, 0, -7, 0,
    0, 0, 0, -7, 0, 0, 0, 0,
    0, 0, -7, 0, -11, -11, -11, 0,
    0, 0, 0, 0, 0, 0, 0, 0,
    0, 0, 0, 0, 0, -7, 0, 0,
    0, 0, -11, 0, 0, 0, 0, 0,
    0, 0, 0, 0, 0, 0, 0, 0,
    0, 0, 0, 0, 0, 0, 0, 0,
    0, 0, 0, 0, 0, 0, 0, 0,
    0, 0, 0, 0, 0, 0, 0, -7,
    0, 0, 0, 0, 0, 0, 0, 0,
    0, -5, 0, 0, 0, 0, 0, 0,
    0, 0, 0, 0, 0, 0, 0, 0,
    0, 0, 0, 0, 0, -5, 11, 0,
    0, 0, 0, 0, 0, 0, 0, 0,
    0, 0, 0, 0, 0, 0, 0, 0,
    0, 0, 5, 0, 0, -21, -9, 0,
    0, 0, 0, 0, 0, 0, 0, 0,
    0, 0, 0, 0, 0, 0, 0, 5,
    0, 0, -7, -11, -11, 0, 0, 0,
    0, 0, 0, 0, 0, 0, 0, 0,
    0, 0, 0, 0, -4, 0, 0, 0,
    -11, 0, 0, 0, 0, 0, 0, 0,
    0, 0, 0, 0, 0, 0, 0, 0,
    0, 0, 0, -11, 0, 0, 0, 0,
    0, -35, -35, 0, 0, 0, 0, -7,
    0, 0, -35, -32, -7, 0, 0, 0,
    -28, 0, 0, 21, 0, 0, 0, 11,
    0, -25, -28, 0, -28, 0, 0, -18,
    -28, -18, -21, 0, -18, -21, -25, -25,
    -21, -25, 0, 11, 0, -25, -25, -18,
    0, 0, 0, -28, 0, -25, 0, -11,
    0, 0, 0, 0, 0, 14, 0, 0,
    -11, 0, 0, 0, -7, 0, 0, 0,
    0, 0, -11, 0, 0, 0, 0, -11,
    0, 0, 0, 0, 0, -11, 0, 0,
    0, 0, 0, 0, 0, 0, 0, 0,
    0, 0, 0, 0, 0, 0, 0, 0,
    0, 0, 0, 0, 0, 0, 0, 0,
    0, 0, 0, 0, 0, 0, 0, 0,
    0, 0, 0, 0, 0, 0, 0, 0,
    0, 0, 0, -7, 0, 0, 0, -21,
    -16, 0, 0, 0, 0, -25, 0, 0,
    -18, -18, -25, -7, -7, 0, -11, -7,
    -7, 0, 0, 0, 0, 0, 0, -16,
    -21, 0, -16, 0, -7, -11, -16, 0,
    -11, 0, -11, -11, -11, 0, -7, -16,
    -7, 0, 0, -16, 0, -11, -7, 0,
    0, 0, 0, -16, 0, 0, 0, 0,
    0, 0, 0, 0, 0, 0, -7, 0,
    0, 0, 0, -11, 14, 0, 0, 0,
    0, 0, 0, 0, 0, 0, -11, -11,
    0, 0, -11, -7, 14, 0, 0, 0,
    0, 0, 0, -7, 0, 0, 0, 0,
    0, 0, 0, 0, 0, 0, 0, 0,
    0, 0, 0, -11, 0, 0, 0, 0,
    0, -11, 0, 0, 0, 0, 0, 0,
    0, 0, 0, 0, 0, 0, 0, -14,
    0, -11, 0, 0, 0, -49, -35, 0,
    0, 0, 0, -25, 0, 0, -12, -28,
    -25, -14, -14, -12, -28, -14, -11, 11,
    0, 0, -7, 11, 0, -28, -28, 0,
    -28, 0, 0, -18, -28, -14, -28, 0,
    -14, -12, -11, -12, -12, -28, -14, 11,
    0, -28, 0, -14, -14, 0, 0, 0,
    0, -28, 0, 0, -9, 0, 0, 0,
    0, 0, 0, 0, 0, 0, 0, 0,
    0, 0, 0, 0, 0, 0, 0, 0,
    0, 0, 0, 0, 0, 0, 0, 0,
    0, 0, 14, 0, 0, 0, 0, 0,
    0, 0, 0, 0, 0, 0, 0, 0,
    0, 0, 0, 0, -21, 0, 0, 0,
    0, 0, 0, 0, 0, 0, 0, 0,
    0, 0, 0, 0, 0, 0, 0, 0,
    0, 0, 0, 0, 0, 0, -7, 0,
    -7, 0, -7, 0, 0, 0, 0, 0,
    0, 0, 0, 0, 0, 0, 0, 0,
    0, 0, 0, 0, 0, -21, 0, -11,
    0, -21, 0, 0, 0, 0, 0, 0,
    0, 0, 0, 0, 0, 0, 0, -7,
    0, -11, 0, 0, 0, -21, 0, 0,
    0, 0, 0, 0, -7, 0, 0, 0,
    0, 0, 0, 0, 0, -11, -11, -7,
    0, -7, 0, -7, 0, -14, -7, 0,
    0, 0, 0, 0, -2, 0, -7, 0,
    0, -2, 0, 0, 0, 0, 0, 0,
    -21, 0, -11, -7, -28, 0, 0, 0,
    0, 0, 0, 0, 0, 0, 0, -4,
    0, 0, -7, -7, -12, -7, 0, 0,
    -28, 0, 0, 0, 0, 0, 0, -7,
    0, -14, 0, 0, -4, 0, 0, 0,
    -11, -11, -7, 0, -7, 0, -7, 0,
    -14, -7, 0, 0, 0, 0, 0, 0,
    0, 0, 0, 0, 0, 0, 0, 0,
    0, 0, 0, -21, 0, -11, 0, -21,
    0, -2, -5, 0, 0, 0, -5, 0,
    0, 0, 0, 0, 0, 0, 0, -7,
    0, 0, 0, -21, 0, 0, 0, 0,
    0, 0, -7, 0, 0, 0, 0, -2,
    0, 0, 0, -11, -11, -7, 0, 0,
    0, 0, -9, -14, -7, 0, 0, 0,
    0, 0, 0, 0, 0, 0, 0, 0,
    0, 0, 0, 0, 0, 0, -21, 0,
    -11, 0, -21, 0, -4, 0, 0, 0,
    0, 0, -5, 0, 0, 0, 0, 0,
    -7, -7, -4, 0, 0, 0, -21, 0,
    0, 0, 0, 0, 0, 0, 0, 0,
    0, 0, -5, 0, 0, 0, 0, 0,
    -11, 0, 0, 0, 11, 0, 0, -18,
    0, 0, 0, 0, 0, 0, 0, 0,
    0, 0, 0, 0, 0, 11, 0, 0,
    0, 21, 0, 0, 0, 0, 0, -5,
    -7, 0, 0, 11, 5, 0, 0, 0,
    0, 0, 0, 0, 0, 0, 0, 0,
    0, 0, 0, 0, 0, 0, 0, 4,
    11, 0, 0, 0, 0, 0, 0, 0,
    0, 11, 14, 11, 0, 0, 0, 0,
    0, 0, 0, 0, 0, 0, 0, 0,
    0, 0, 0, 0, 0, 0, 0, 0,
    0, 0, 0, 0, -18, 0, 0, 0,
    -18, 0, 0, 0, 0, 0, 0, 0,
    0, 0, 0, 0, 0, 0, 0, 0,
    0, 0, 0, 0, -18, 0, 0, 0,
    0, 0, 0, 0, 0, 0, 0, 0,
    0, 0, 0, 0, 0, -18, 0, 0,
    -7, 0, -7, 0, -7, 0, 0, 0,
    0, 0, 0, 0, 0, 0, 0, 0,
    0, 0, 0, 0, 0, 0, 0, -21,
    0, 0, 0, 0, 0, 0, 0, 0,
    0, 0, 0, 0, 0, 0, 0, 0,
    0, 0, 0, 0, 0, 0, 0, 0,
    0, 0, 0, 0, 0, 0, -7, 0,
    0, 0, 0, 0, 0, 0, 0, -7,
    -11, -7, 0, 0, 0, -16, 0, 0,
    0, 0, 0, 0, 0, 0, 0, 0,
    0, 0, 0, 0, 0, 0, 0, 0,
    0, 0, 0, 0, 0, 0, 0, 0,
    0, 0, 0, 0, 0, 0, 0, 0,
    0, 0, 0, 0, 0, 0, 0, 0,
    0, 0, 0, 0, 0, 0, 0, 0,
    0, -16, 0, 0, 0, 0, 0, 0,
    0, 0, -16, 0, 0, 0, 0, 0,
    0, 0, 0, 0, -11, 0, 0, 0,
    0, 0, 0, 0, 0, 0, 0, 0,
    0, 0, 0, 0, 0, 0, 0, 0,
    0, 0, 0, 0, -4, 0, 0, 0,
    0, 0, -11, 0, -4, 0, 0, 0,
    0, 0, 0, -7, 0, 0, 0, -7,
    0, 0, 0, 0, 0, 0, 0, -7,
    0, 0, 0, 0, 0, 0, 0, 0,
    0, -7, 0, -14, 0, -7, 0, 0,
    0, 0, 0, 0, 0, 0, 0, 0,
    0, 0, 0, 0, 0, 0, 0, 0,
    -21, 0, 0, 0, -25, 0, 0, -2,
    0, 0, 0, 0, 0, 0, 0, 0,
    0, 0, 0, 0, -7, 0, 0, 0,
    -25, 0, 0, 0, 0, 0, 0, -14,
    0, 0, 0, 0, 0, 0, 0, 0,
    -14, -7, -7, 0, -11, 0, -11, 0,
    -14, -7, 0, 0, 0, 0, 0, -2,
    0, -7, 0, 0, -2, 0, 0, 0,
    0, 0, 0, -21, 0, -11, -7, -28,
    0, 0, 0, 0, 0, 0, 0, 0,
    0, 0, -4, 0, 0, -7, -5, -7,
    -7, 0, 0, -28, 0, 0, 0, 0,
    0, 0, -11, 0, -14, 0, 0, -4,
    0, 0, 0, -7, -11, -11, 0, 0,
    0, 0, 0, -7, -28, 0, 0, 0,
    0, 0, 0, 0, 0, 0, 0, 0,
    0, 0, 0, 0, 0, 0, 0, 0,
    0, 0, -7, 0, -5, -4, 0, -7,
    0, 0, 0, 0, 0, -7, 0, 0,
    0, 0, -5, 0, 0, 0, -7, 0,
    0, 0, 0, 0, 0, 0, 0, 0,
    0, 0, 0, 0, 0, 0, 0, 0,
    0, 0, -7, 0, -7, 0, -5, 0,
    0, 0, 0, 0, 0, 0, 0, 0,
    0, 0, 0, 0, 0, 0, 0, 0,
    0, -18, 0, -11, 0, -21, 0, 0,
    0, 0, 0, 0, 0, 0, 0, 0,
    0, 0, 0, -7, -7, -7, 0, 0,
    0, -21, 0, 0, 0, 0, 0, 0,
    -7, 0, 0, 0, 0, 0, 0, 0,
    0, -7, -11, -11, 0, 0, 0, 0,
    0, 0, 0, 0, 0, 0, 0, 0,
    0, 0, 0, 0, 0, 0, 0, 0,
    0, 0, 0, 0, 0, 0, 0, 0,
    -7, 0, 0, -9, 0, 0, 0, 0,
    0, 0, 0, 0, 0, 0, 0, 0,
    -5, 0, 0, 0, -7, 0, 0, 0,
    0, 0, 0, 0, 0, 0, 0, 0,
    0, 0, 0, 0, 0, 0, 0, 0,
    0, 0, 0, -14, -7, -28, 0, 0,
    0, 0, 0, -9, 0, 0, 0, 0,
    -9, 0, 0, 0, 0, 0, 0, -21,
    0, 0, 0, -12, 0, -11, -7, 0,
    -7, 0, 0, 0, -7, 0, -7, 0,
    0, 0, 0, -2, 0, 0, 0, -12,
    0, 0, 0, 0, 0, 0, 0, 0,
    0, 0, -11, 0, 0, 0, 0, 0,
    0, 0, 0, 0, 0, 0, 0, 0,
    0, 0, 0, 0, 0, 0, 0, 0,
    0, 0, 0, 0, 0, 0, 0, 0,
    0, 0, -18, 0, 0, 0, -11, 0,
    -7, -7, 0, -7, 0, 0, 0, -7,
    0, 0, 0, 0, -4, 0, 0, 0,
    -7, 0, -11, 0, -7, -7, 0, 0,
    0, 0, 0, 0, -7, 0, 0, 0,
    0, 0, 0, 0, 0, 0, 0, 0,
    0, 0, 0, -28, 0, 0, 0, 0,
    0, -7, 0, 0, 0, 0, -7, 0,
    0, 0, 0, 0, 0, -14, 0, 0,
    0, -12, 0, -7, -7, 14, -6, 0,
    0, 0, 0, 0, 0, 14, 0, 0,
    0, 0, 0, 0, 0, -12, 0, 0,
    0, 0, 0, 0, 0, 0, 0, 0,
    0, 0, 0, 0, 0, 0, 0, 11,
    0, 0, 0, 0, 0, 0, 0, 0,
    0, 0, 0, 0, 0, 0, 0, 0,
    0, 0, 0, 0, 0, 0, 0, 0,
    -18, 0, 0, 0, -12, 0, -11, -14,
    0, 0, 0, 0, 0, -11, 0, 0,
    0, 0, 0, 0, -5, 0, -11, 0,
    -12, 0, -11, -11, 0, 0, 0, 0,
    0, 0, -11, 0, 0, 0, 0, 0,
    0, 0, 0, 0, -7, 0, -7, 0,
    -14, -7, 0, 0, 0, 0, 0, 0,
    0, 0, 0, 0, 0, 0, 0, 0,
    0, 0, 0, 0, 0, 0, 0, 0,
    0, 0, 0, 0, 0, 0, 0, 0,
    0, 0, 0, 0, 0, 0, 0, 0,
    0, 0, 0, -21, 0, 0, 0, 0,
    0, 0, 0, 0, 0, 0, 0, 0,
    0, 0, 0, -11, -11, -7, 0, 0,
    0, 0, 0, -21, -18, 0, 0, 0,
    0, 0, -7, 0, 0, 0, 0, 0,
    0, 0, 0, 0, 0, 0, 0, 0,
    0, 0, 0, 0, 0, 0, 0, 0,
    0, 0, 0, 0, 0, 0, 0, 0,
    0, 0, 0, 0, 0, 0, -11, 0,
    0, 0, 0, 0, 0, 0, 0, 0,
    0, 0, 0, 0, 0, 0, 0, 0,
    0, -14, 0, -11, 0, 0, 0, -49,
    -35, 0, 0, 0, 0, -25, 0, 0,
    -12, -28, 0, 0, 0, 0, 0, 0,
    0, 0, 0, 0, 0, 0, 0, 0,
    0, 0, 0, 0, 0, 0, 0, 0,
    0, 0, 0, 0, 0, 0, 0, -28,
    -14, 11, 0, 0, 0, 0, 0, 0,
    0, 0, 0, 0, 0, 0, 0, 0,
    0, 0, 0, 0, 0, 0, 0, 0,
    0, 0, 0, 0, 0, 0, 0, 0,
    -14, 0, 0, 0, 0, -14, 0, 0,
    0, 0, 0, 0, 0, 0, 0, 0,
    0, 0, 0, 0, 0, 0, 0, 0,
    0, 0, 0, 0, 0, 0, 0, 0,
    0, 0, 0, 0, 0, 0, 0, 0,
    0, 0, 0, 0, 0, 0, 0, 0,
    0, 0, 0, 0, 0, 0, 0, 0,
    0, 0, 0, 0, 0, 0, 0, 0,
    0, 0, 0, -7, 0, 0, 0, 0,
    -7, 0, 0, -5, 0, 0, 0, 0,
    0, 0, 0, 0, 0, 0, 0, 0,
    0, 0, 0, 0, 0, 0, 0, 0,
    0, 0, 0, 0, 0, 0, 0, 0,
    0, 0, 0, 0, 0, 0, 0, 0,
    0, 0, 0, 0, 0, 0, 0, 0,
    0, 0, 0, 0, 0, 0, 0, 0,
    0, 0, 0, 0, 0, 0, 0, 0,
    0, 0, 0, 0, 0, 0, 0, 0,
    0, 0, -21, 0, 0, 0, -21, 0,
    0, 0, 0, 0, 0, 0, 0, 0,
    0, 0, 0, 0, 0, -7, -7, 0,
    0, 0, -21, 0, 0, 0, 0, 0,
    -4, 0, 0, 0, 0, 0, 0, 0,
    0, 0, 0, 0, 0, 0, 0, -14,
    4, 0, 0, 0, 0, 0, 0, 0,
    0, -42, 0, 0, 0, 0, -42, 0,
    0, 0, 0, 0, -14, 0, 0, 0,
    0, 0, 0, -11, -28, 0, -11, 0,
    11, 0, -11, 0, -28, 0, 0, 0,
    0, 0, 0, -11, 0, 0, 0, 0,
    -11, 0, 0, 0, 4, 0, 0, -11,
    0, 0, 0, 0, 0, 4, 0, 0,
    0, 0, 0, 0, 0, 0, 0, 0,
    0, 0, 0, 0, 0, 0, 0, 0,
    0, 0, 0, 0, 0, 0, 0, 0,
    0, 0, 0, 0, 0, 0, 0, -11,
    -11, 0, 0, 0, 0, 0, 0, 0,
    0, 0, -19, 0, 0, 0, 0, 0,
    0, 0, 0, 0, 0, 0, 0, 0,
    0, 0, 0, 0, -19, 0, 0, 0,
    0, 0, 0, 0, 0, 0, 0, 0,
    0, 0, 0, 0, 0, 0, 0, 0,
    0, 0, 0, 0, 0, 0, 0, 0,
    0, 0, 0, 0, 0, 0, 0, 0,
    0, 0, -11, 0, 0, 0, 0, 0,
    0, 0, 0, 0, 0, 0, 0, 0,
    0, 0, 0, 0, 0, 0, 0, 0,
    0, 0, 0, 0, 0, 0, 0, -14,
    0, 0, 0, 0, 0, 0, 0, 0,
    0, 0, 0, 0, 0, 0, 0, 0,
    0, 0, 0, 0, 0, 0, 0, 0,
    0, 0, 0, 0, 0, 0, 0, 0,
    0, 0, 0, 0, 0, -11, 0, 0,
    0, 0, 0, 0, 0, 0, 0, -11,
    0, 0, 0, 0, 0, 0, 0, 0,
    0, 0, 0, 0, 0, 0, 0, 0,
    0, 0, 0, 0, 0, 0, 0, 0,
    0, 0, 0, 0, 0, 0, 0, 0,
    0, 0, 0, 0, 0, 0, 0, 0,
    0, 0, 0, 0, 0, 0, 0, 0,
    0, 0, 0, 0, 0, 0, 0, 0,
    0, 0, 0, 0, 0, 0, 0, 0,
    0, 0, 0, 0, 0, 0, 0, 0,
    0, 0, 0, 0, 0, 0, 0, 0,
    0, 0, -5, 0, 0, -7, 0, 0,
    0, 0, 0, 0, 0, 0, 0, 0,
    0, 0, 0, 0, 0, 0, 0, 0,
    0, 0, 0, 0, 0, 0, 0, 0,
    0, 0, 0, 0, 0, 0, 0, 0,
    0, 0, 0, 0, 0, 0, 0, 0,
    0, 0, 0, 0, 0, 0, 0, 0,
    -14, 0, 0, 0, 0, 0, 0, 0,
    0, 0, 0, 0, 0, 0, 0, 0,
    0, 0, 0, 0, 0, 0, 0, 0,
    0, 0, 0, 0, 0, 0, 0, 0,
    -4, 0, 0, 4, -6, 0, 0, 0,
    4, 0, 0, 0, 0, 0, 0, 0,
    0, 0, 0, 0, 0, 0, 0, 0,
    0, 0, 0, 0, 0, 0, 0, 0,
    0, 0, 0, 0, 0, 0, 0, 0,
    0, 0, 0, 0, 0, 0, 0, 0,
    0, 0, 0, 0, 0, 0, 0, 0,
    0, 0, 0, 0, -14, 4, 0, 0,
    0, 0, 0, 0, 0, 0, -42, 0,
    0, 0, 0, 0, 0, 0, 0, 0,
    0, 0, 0, 0, 0, 0, 0, 0,
    0, 0, 0, 0, 0, 0, 0, 0,
    0, 0, 0, 0, 0, 0, 0, 0,
    -14, 0, 0, 0, 0, 0, 0, 0,
    0, 0, 0, 0, 0, 0, 0, 0,
    0, 0, 4, 0, 0, 0, 0, 0,
    0, 0, 0, 0, 0, 0, 0, 0,
    0, -42, 0, 0, 0, 0, -42, 0,
    0, 0, -42, 0, 0, 0, 0, 0,
    0, 0, 0, -11, -11, 0, -11, 0,
    0, 0, -11, 0, -11, 11, 0, 0,
    0, 0, 0, -11, 0, 0, 0, 0,
    -11, 0, 0, 0, 0, 0, 0, -11,
    0, 0, 0, 0, 0, 0, 0, 0,
    0, 0, 0, 0, 0, 0, -63, 0,
    0, 0, 0, 0, -42, 0, 0, -49,
    -49, -42, 0, 0, 0, -35, 0, 0,
    0, 0, 0, 0, 0, 0, 0, -11,
    -11, -14, 0, 0, 0, -11, 0, -11,
    0, 0, 0, 0, 0, 0, -11, 0,
    0, 0, 0, -11, 0, 0, 0, 0,
    0, 0, -11, 0, 0, 0, 0, 0,
    0, 0, 0
};


/*Collect the kern class' data in one place*/
static const lv_font_fmt_txt_kern_classes_t kern_classes =
{
    .class_pair_values   = kern_class_values,
    .left_class_mapping  = kern_left_class_mapping,
    .right_class_mapping = kern_right_class_mapping,
    .left_class_cnt      = 73,
    .right_class_cnt     = 67,
};

/*--------------------
 *  ALL CUSTOM DATA
 *--------------------*/

#if LVGL_VERSION_MAJOR == 8
/*Store all the custom data of the font*/
static  lv_font_fmt_txt_glyph_cache_t cache;
#endif

#if LVGL_VERSION_MAJOR >= 8
static const lv_font_fmt_txt_dsc_t font_dsc = {
#else
static lv_font_fmt_txt_dsc_t font_dsc = {
#endif
    .glyph_bitmap = glyph_bitmap,
    .glyph_dsc = glyph_dsc,
    .cmaps = cmaps,
    .kern_dsc = &kern_classes,
    .kern_scale = 16,
    .cmap_num = 10,
    .bpp = 4,
    .kern_classes = 1,
    .bitmap_format = 1,
#if LVGL_VERSION_MAJOR == 8
    .cache = &cache
#endif
};

extern const lv_font_t font_jp22;


/*-----------------
 *  PUBLIC FONT
 *----------------*/

/*Initialize a public general font descriptor*/
#if LVGL_VERSION_MAJOR >= 8
const lv_font_t font_govde_b = {
#else
lv_font_t font_govde_b = {
#endif
    .get_glyph_dsc = lv_font_get_glyph_dsc_fmt_txt,    /*Function pointer to get glyph's data*/
    .get_glyph_bitmap = lv_font_get_bitmap_fmt_txt,    /*Function pointer to get glyph's bitmap*/
    .line_height = 30,          /*The maximum line height required by the font*/
    .base_line = 7,             /*Baseline measured from the bottom of the line*/
#if !(LVGL_VERSION_MAJOR == 6 && LVGL_VERSION_MINOR == 0)
    .subpx = LV_FONT_SUBPX_NONE,
#endif
#if LV_VERSION_CHECK(7, 4, 0) || LVGL_VERSION_MAJOR >= 8
    .underline_position = -1,
    .underline_thickness = 1,
#endif
    .dsc = &font_dsc,          /*The custom font data. Will be accessed by `get_glyph_bitmap/dsc` */
#if LV_VERSION_CHECK(8, 2, 0) || LVGL_VERSION_MAJOR >= 9
    .fallback = &font_jp22,
#endif
    .user_data = NULL,
};



#endif /*#if FONT_GOVDE_B*/

