/*******************************************************************************
 * Size: 20 px
 * Bpp: 4
 * Opts: --font font-tools\build\Manrope-600-latin.ttf -r 0x20-0xFFFF --size 20 --bpp 4 --format lvgl --lv-include lvgl.h --lv-font-name font_govde -o panel-firmware\main\fonts\font_govde.c --lv-fallback font_jp20
 ******************************************************************************/

#ifdef LV_LVGL_H_INCLUDE_SIMPLE
#include "lvgl.h"
#else
#include "lvgl.h"
#endif

#ifndef FONT_GOVDE
#define FONT_GOVDE 1
#endif

#if FONT_GOVDE

/*-----------------
 *    BITMAPS
 *----------------*/

/*Store the image of the glyphs*/
static LV_ATTRIBUTE_LARGE_CONST const uint8_t glyph_bitmap[] = {
    /* U+0020 " " */

    /* U+0021 "!" */
    0x9f, 0x70, 0xf, 0xfe, 0x7f, 0xa1, 0x35, 0xac,
    0xfb, 0x80, 0x40,

    /* U+0022 "\"" */
    0xcf, 0x44, 0x7e, 0x80, 0x7f, 0xf0, 0x2d, 0x9b,
    0x50,

    /* U+0023 "#" */
    0x0, 0xf3, 0x7d, 0x0, 0x2b, 0xd8, 0x3, 0xfa,
    0x83, 0x80, 0x8, 0xe, 0x1, 0xf8, 0x4c, 0x50,
    0x10, 0x4c, 0x40, 0x31, 0x7f, 0xdc, 0x3, 0xfe,
    0xb0, 0x3f, 0xf8, 0xc1, 0x0, 0x3f, 0xf8, 0x22,
    0x60, 0xdf, 0xf0, 0x87, 0x7e, 0x80, 0xff, 0xdc,
    0x1, 0xc4, 0x23, 0x3, 0x82, 0x80, 0x7f, 0x38,
    0x20, 0x3, 0x3, 0x0, 0x39, 0xbf, 0xea, 0x5,
    0xff, 0x30, 0x47, 0xfc, 0x0, 0xc0, 0xf, 0xfe,
    0xa, 0x0, 0x2b, 0xfd, 0xa0, 0x3f, 0xe9, 0x5,
    0xff, 0xac, 0x3, 0x94, 0x1c, 0x1, 0x81, 0x80,
    0x1f, 0xd8, 0x18, 0x0, 0x40, 0x40, 0xf, 0xe4,
    0x4, 0x2, 0x12, 0x20, 0x7, 0x80,

    /* U+0024 "$" */
    0x0, 0xe6, 0x82, 0x0, 0xfe, 0xb7, 0x60, 0xf,
    0xfe, 0x3b, 0xe1, 0x5, 0x48, 0x80, 0x6c, 0x83,
    0x11, 0x9b, 0x8c, 0x0, 0xe6, 0x39, 0xdc, 0xd4,
    0xd, 0x0, 0x60, 0x41, 0x80, 0xa, 0xc4, 0x4a,
    0x2, 0x18, 0x1, 0xd9, 0xca, 0x1c, 0xb, 0x8c,
    0x40, 0x2, 0x10, 0x2, 0x59, 0x1c, 0xee, 0xa4,
    0xc0, 0x32, 0x6e, 0x39, 0x93, 0x64, 0x0, 0x71,
    0xc6, 0x74, 0x3, 0xa0, 0x2b, 0x0, 0x61, 0x76,
    0xc, 0x1a, 0x94, 0x0, 0xe3, 0x0, 0xa, 0x85,
    0xb0, 0x80, 0xba, 0x85, 0x85, 0x18, 0x4f, 0x7f,
    0x40, 0x39, 0x80, 0x32, 0x4c, 0x0, 0x29, 0x70,
    0x1, 0x9b, 0x8, 0x2a, 0xd0, 0x3, 0xeb, 0x76,
    0x0, 0xc0,

    /* U+0025 "%" */
    0x4, 0xcf, 0xea, 0x10, 0xf, 0x29, 0x2, 0x59,
    0x90, 0x2e, 0x0, 0x73, 0x57, 0x87, 0x85, 0xef,
    0x29, 0x28, 0x4, 0xd2, 0x16, 0x1, 0xff, 0x34,
    0x84, 0xb0, 0x78, 0x5e, 0xf2, 0x92, 0x83, 0x48,
    0x4b, 0x0, 0x12, 0xcc, 0x81, 0x70, 0x1e, 0x42,
    0x58, 0x3, 0x26, 0x7f, 0x50, 0xbc, 0x4, 0xb0,
    0x7, 0xf9, 0xe0, 0x27, 0xb9, 0xf8, 0x60, 0x1e,
    0x78, 0xa, 0xd7, 0x2, 0x3c, 0x20, 0xc, 0xf0,
    0x14, 0xc8, 0x7d, 0xb2, 0x10, 0x1, 0x3c, 0x5,
    0x2b, 0x5, 0x80, 0x18, 0x18, 0x1, 0x10, 0xa,
    0x50, 0x60, 0xb0, 0x3, 0x3, 0x4, 0x38, 0x52,
    0x80, 0xd, 0xf, 0xf6, 0x42, 0x1, 0x2, 0xd4,
    0x3, 0x5b, 0x89, 0x1e, 0x10, 0x6d, 0xa0, 0x7,
    0xa3, 0xbf, 0xc, 0x0,

    /* U+0026 "&" */
    0x0, 0x2e, 0x7f, 0xb6, 0x0, 0x3c, 0xf4, 0x60,
    0x2, 0x7c, 0x0, 0xc3, 0x1, 0x1f, 0xeb, 0x12,
    0x30, 0x8, 0x80, 0x5c, 0x0, 0x9f, 0xc6, 0x1,
    0x8, 0x8, 0x80, 0x21, 0x0, 0xe2, 0x50, 0xd1,
    0x0, 0xfe, 0xf0, 0x3f, 0x20, 0x0, 0x90, 0x80,
    0x12, 0x80, 0x45, 0x86, 0xd, 0xae, 0x0, 0x80,
    0x7e, 0x81, 0xc4, 0x0, 0xe3, 0xa, 0x7, 0xa0,
    0xbb, 0x0, 0x61, 0x6, 0x0, 0x2e, 0x9, 0x81,
    0x80, 0x10, 0x29, 0x0, 0x2, 0xa0, 0x9, 0x10,
    0xb1, 0x15, 0xff, 0xb5, 0x0, 0xcd, 0xa0, 0x3e,
    0xe4, 0x0, 0x16, 0xdc, 0x6e, 0x0,

    /* U+0027 "'" */
    0xcf, 0x40, 0xf, 0x5b, 0x30,

    /* U+0028 "(" */
    0x0, 0xd0, 0x20, 0x19, 0xdd, 0xa0, 0x11, 0x40,
    0x78, 0x5, 0x0, 0xe6, 0x0, 0x15, 0x9, 0x0,
    0x9c, 0x18, 0x40, 0x2d, 0xd, 0x0, 0xc8, 0x8,
    0x1, 0x8, 0x10, 0x6, 0x30, 0x60, 0xc, 0x20,
    0x1e, 0x10, 0xf, 0x18, 0x30, 0x6, 0x11, 0x10,
    0x7, 0x28, 0x20, 0x6, 0xd0, 0xd0, 0xc, 0xe0,
    0xc2, 0x1, 0xb, 0x4, 0x0, 0x68, 0x6, 0x40,
    0x8, 0x64, 0x20, 0x3, 0x34, 0x68, 0x0,

    /* U+0029 ")" */
    0x2, 0x70, 0xe, 0xc8, 0x50, 0xd, 0x41, 0x62,
    0x1, 0x22, 0x8c, 0x80, 0x68, 0x6, 0x0, 0xc4,
    0x82, 0xa0, 0x1b, 0x43, 0x0, 0x32, 0x2, 0x0,
    0x62, 0x2, 0x0, 0xe2, 0x0, 0xfc, 0x20, 0x1e,
    0x10, 0xc, 0x40, 0x1c, 0x40, 0x60, 0x19, 0x1,
    0x40, 0x35, 0x6, 0x80, 0x44, 0x62, 0x80, 0x14,
    0x84, 0x80, 0x4a, 0x82, 0xe0, 0x15, 0x85, 0x0,
    0x6f, 0x94, 0x0, 0x80,

    /* U+002A "*" */
    0x0, 0xab, 0xc8, 0x2, 0x40, 0x30, 0x32, 0x2a,
    0xf9, 0x3, 0x75, 0x0, 0xe6, 0x40, 0x69, 0x85,
    0xa, 0x0, 0x1a, 0x60, 0x47, 0x29, 0x1d, 0x0,
    0x23, 0x73, 0x33, 0xc0,

    /* U+002B "+" */
    0x0, 0x87, 0xe4, 0x3, 0xff, 0x99, 0x15, 0x50,
    0x25, 0x54, 0x48, 0xaa, 0x40, 0x25, 0x59, 0xb3,
    0xfd, 0xc0, 0xdf, 0xf2, 0x0, 0x7f, 0xf4, 0x80,

    /* U+002C "," */
    0x56, 0x29, 0x92, 0x0, 0x58, 0xa0, 0xca, 0x87,
    0x84,

    /* U+002D "-" */
    0x8a, 0xae, 0x24, 0x55, 0xe1,

    /* U+002E "." */
    0x3, 0x23, 0xcd, 0x0, 0x80,

    /* U+002F "/" */
    0x0, 0x87, 0xfc, 0x1, 0x90, 0x10, 0x3, 0x78,
    0x60, 0x6, 0x40, 0x40, 0x8, 0xc4, 0x46, 0x1,
    0x20, 0x20, 0x6, 0xc0, 0xf0, 0xc, 0x80, 0x80,
    0x12, 0x1, 0x8, 0x5, 0xa0, 0xa0, 0x19, 0x3,
    0x0, 0x21, 0x20, 0x40, 0x9, 0xc1, 0x0, 0x36,
    0x6, 0x0, 0x60,

    /* U+0030 "0" */
    0x0, 0x1d, 0x77, 0xf4, 0x90, 0x4, 0xb8, 0xa2,
    0x2, 0xda, 0x60, 0x34, 0xb, 0xdf, 0xa6, 0x1a,
    0xc, 0x7, 0x42, 0x5, 0x82, 0x24, 0xe0, 0x40,
    0xe, 0x50, 0x20, 0xf, 0xf0, 0x80, 0x7f, 0xf7,
    0xc7, 0x81, 0x40, 0x39, 0x40, 0x98, 0xa, 0x88,
    0xf, 0x4, 0x48, 0x34, 0xb, 0xbf, 0x86, 0x1a,
    0x0, 0x5c, 0x51, 0x1, 0x6d, 0x30,

    /* U+0031 "1" */
    0x3, 0xcf, 0xf0, 0x46, 0x18, 0x4, 0x80, 0xe0,
    0x15, 0xf4, 0x80, 0x4e, 0x20, 0x1f, 0xfe, 0xe0,

    /* U+0032 "2" */
    0x0, 0x36, 0x7f, 0xb1, 0x40, 0x2b, 0x93, 0x0,
    0x1d, 0x40, 0x3a, 0x5, 0x7f, 0xa0, 0x1d, 0x28,
    0x25, 0x40, 0xe, 0xa1, 0xb4, 0xee, 0x0, 0xd8,
    0x4, 0xf0, 0x20, 0x1b, 0x0, 0x40, 0x3c, 0xaa,
    0xe, 0x0, 0xe7, 0xa0, 0x74, 0x0, 0xd3, 0x1,
    0x10, 0x0, 0x87, 0x18, 0x2d, 0xc0, 0x22, 0xc3,
    0x1c, 0x40, 0x9, 0x34, 0x8f, 0xcc, 0x3, 0x58,
    0x0, 0xfb, 0xff, 0x58, 0x7, 0xf8,

    /* U+0033 "3" */
    0xa, 0xff, 0xfc, 0x0, 0x30, 0xf, 0xf4, 0xff,
    0xeb, 0x0, 0x48, 0x7, 0x9e, 0xc2, 0x98, 0x3,
    0xaa, 0x7, 0x14, 0x3, 0xad, 0x40, 0x60, 0xc0,
    0x3b, 0x84, 0xc1, 0x30, 0xc0, 0x32, 0xf6, 0x7a,
    0x7, 0x0, 0x7e, 0xa0, 0x22, 0x0, 0x7c, 0x22,
    0x1, 0x7, 0xa0, 0xc, 0x42, 0x4, 0x14, 0xb6,
    0x40, 0x5c, 0x8, 0x21, 0xc0, 0x9b, 0xfa, 0x63,
    0x20, 0x3, 0xd5, 0x10, 0x16, 0xf2, 0x0,

    /* U+0034 "4" */
    0x0, 0xd1, 0xfa, 0x1, 0xf0, 0xb8, 0x40, 0x7,
    0xcc, 0x2, 0xa0, 0x1f, 0x48, 0x40, 0x7, 0xcc,
    0x22, 0x60, 0xf, 0xa0, 0x24, 0x9, 0x4c, 0x2,
    0x51, 0x6, 0xa, 0xa4, 0x80, 0x50, 0xe, 0x20,
    0x1e, 0x42, 0x9, 0x0, 0xfa, 0x1, 0x44, 0x3,
    0xe3, 0x5, 0xff, 0x9c, 0x17, 0xc0, 0x3f, 0xf8,
    0x1f, 0xfe, 0x70, 0x5f, 0x0, 0xff, 0xe0, 0x0,

    /* U+0035 "5" */
    0x2f, 0xff, 0xac, 0x4, 0x3, 0xe1, 0x7, 0x4,
    0xff, 0xea, 0x1, 0x1, 0x0, 0xf8, 0xc0, 0x67,
    0x75, 0x44, 0x0, 0x10, 0x46, 0x22, 0x2e, 0xa8,
    0x10, 0x95, 0xfe, 0xa8, 0x50, 0xaf, 0x62, 0x1,
    0x51, 0x3, 0x0, 0x4, 0x3, 0x50, 0x68, 0x8,
    0x7, 0xeb, 0xe5, 0x0, 0xd4, 0x18, 0x61, 0x4a,
    0x5, 0x44, 0x2f, 0x8, 0x15, 0xfa, 0xa1, 0xa2,
    0x17, 0x4, 0x2, 0xba, 0x60,

    /* U+0036 "6" */
    0x0, 0x15, 0x77, 0xf5, 0x10, 0x4, 0x9a, 0xa2,
    0x2, 0xba, 0x40, 0x36, 0xd, 0xdf, 0xd3, 0x64,
    0xe, 0x9, 0x22, 0x2, 0xc8, 0x0, 0xf0, 0x35,
    0xbe, 0xd8, 0x0, 0xe6, 0xa4, 0x12, 0x7d, 0x10,
    0x8, 0x53, 0x7e, 0xc4, 0xac, 0x2, 0x1b, 0x20,
    0x4d, 0x5, 0x10, 0x3, 0x80, 0x63, 0x10, 0x50,
    0xf, 0xfb, 0xc1, 0xc0, 0x31, 0x88, 0x2b, 0x80,
    0xd9, 0x2, 0x68, 0x30, 0x8a, 0x81, 0x37, 0xec,
    0x4e, 0x40, 0xb, 0x8a, 0x20, 0x51, 0x80, 0x0,

    /* U+0037 "7" */
    0x3f, 0xff, 0xce, 0x1, 0xfe, 0x3f, 0xfe, 0xe0,
    0x2, 0x0, 0x79, 0x80, 0xcc, 0x1, 0xea, 0xa,
    0x0, 0xf2, 0x10, 0xb0, 0x7, 0xbc, 0x18, 0x3,
    0xc4, 0x81, 0x40, 0x1e, 0xa0, 0x42, 0x0, 0xf3,
    0x7, 0x80, 0x79, 0x84, 0x90, 0x3, 0xd4, 0x14,
    0x1, 0xe3, 0x30, 0x30, 0x7, 0xa4, 0x18, 0x40,
    0x30,

    /* U+0038 "8" */
    0x0, 0x3e, 0xff, 0xb5, 0xc0, 0x2b, 0x82, 0x0,
    0x14, 0x58, 0x22, 0x2, 0xbf, 0xd4, 0x8, 0x82,
    0x2, 0x50, 0x2, 0x98, 0x12, 0x81, 0x28, 0x1,
    0x4c, 0x8, 0xd8, 0x2b, 0xfd, 0x40, 0xa8, 0x1,
    0xfe, 0x56, 0x9, 0xff, 0x48, 0x2a, 0xbc, 0x19,
    0x80, 0x6, 0x60, 0x73, 0x7, 0x80, 0x6f, 0x6,
    0x70, 0xf0, 0xd, 0xe0, 0xdc, 0xc, 0xc0, 0x2,
    0xb0, 0x6a, 0xa8, 0x27, 0xfd, 0x40, 0xac, 0x15,
    0x26, 0x0, 0x39, 0xa0,

    /* U+0039 "9" */
    0x0, 0x2e, 0x7f, 0xb1, 0x80, 0x34, 0xd1, 0x80,
    0xe, 0x6c, 0x0, 0xac, 0x11, 0xdf, 0x40, 0x8e,
    0x1c, 0xe, 0xe1, 0x5, 0xa0, 0xa0, 0x60, 0xc0,
    0xc, 0xe0, 0x40, 0x21, 0x80, 0x19, 0x0, 0x2a,
    0x7, 0x70, 0x82, 0xc8, 0x4, 0xca, 0x11, 0xdf,
    0x42, 0x1, 0xaa, 0x88, 0x46, 0xf8, 0x1, 0xcb,
    0x7b, 0x90, 0x1, 0xff, 0x28, 0x10, 0x0, 0xf1,
    0x0, 0xd, 0x1, 0x40, 0x8, 0x3b, 0xff, 0x48,
    0x23, 0x80, 0x2e, 0x48, 0x0, 0x73, 0x60, 0x0,

    /* U+003A ":" */
    0xcf, 0x60, 0xb, 0xb1, 0xc8, 0xc4, 0x2, 0x23,
    0x1e, 0xc7, 0x0, 0x80,

    /* U+003B ";" */
    0xcf, 0x60, 0xb, 0xb1, 0xc8, 0xc4, 0x3, 0xff,
    0x80, 0xac, 0x53, 0x24, 0x0, 0xb1, 0x41, 0x95,
    0xf, 0x8,

    /* U+003C "<" */
    0x0, 0xc3, 0x64, 0x1, 0xe, 0x25, 0x80, 0x7,
    0x9, 0x64, 0x7, 0x9, 0xa8, 0x1, 0x84, 0xb2,
    0x1, 0x50, 0x21, 0x0, 0x4f, 0x3, 0x86, 0x1,
    0x3c, 0x8e, 0x18, 0x4, 0xd2, 0x16, 0x1, 0x9b,
    0x20,

    /* U+003D "=" */
    0x9f, 0xff, 0xe9, 0xf5, 0x5f, 0xef, 0x6a, 0xaf,
    0xe6, 0x65, 0x57, 0xf3, 0x7a, 0xaf, 0xf7, 0x80,

    /* U+003E ">" */
    0x7, 0x80, 0xc, 0x32, 0xf0, 0x1, 0xe, 0xb,
    0xc0, 0x4, 0x58, 0x2f, 0x0, 0x11, 0x60, 0xbb,
    0x80, 0x2a, 0x11, 0x28, 0x2, 0x1c, 0x70, 0x82,
    0x5c, 0x70, 0x80, 0x50, 0x70, 0x80, 0x3, 0x98,
    0x20, 0x8,

    /* U+003F "?" */
    0x2, 0xae, 0xfe, 0xa2, 0x2, 0xc5, 0x10, 0x15,
    0xc2, 0x81, 0x3d, 0xfd, 0x21, 0x86, 0x2f, 0x20,
    0x2b, 0x7, 0xcd, 0x30, 0x8, 0x40, 0x40, 0x38,
    0x68, 0x28, 0x3, 0x1f, 0x92, 0x30, 0x4, 0x58,
    0x2b, 0x60, 0x1a, 0x1, 0x68, 0x3, 0x90, 0x3c,
    0x3, 0xdb, 0x88, 0x1, 0xe6, 0x50, 0xf, 0xae,
    0x54, 0x3, 0xff, 0x80,

    /* U+0040 "@" */
    0x0, 0xc7, 0x3b, 0xfe, 0xeb, 0x50, 0xf, 0xa7,
    0x18, 0xd1, 0x4, 0x95, 0xa4, 0x1, 0xa9, 0x8f,
    0x3a, 0xed, 0x9c, 0xc5, 0x84, 0x0, 0x55, 0x1e,
    0x18, 0x6, 0x19, 0x90, 0xf0, 0x2, 0x3, 0x80,
    0xd, 0x52, 0x8c, 0x2c, 0x86, 0x62, 0x22, 0x10,
    0x5c, 0xab, 0x5c, 0xa8, 0x68, 0x23, 0x86, 0x2,
    0xa2, 0xf7, 0x10, 0x2, 0x50, 0xe3, 0x1, 0xd,
    0xe, 0x11, 0x70, 0x7, 0x9, 0x80, 0x87, 0x86,
    0x0, 0x30, 0x4, 0x14, 0x39, 0x83, 0x1, 0x85,
    0xfb, 0x8c, 0x17, 0x10, 0x7, 0x31, 0x42, 0x1d,
    0x41, 0x7, 0xa3, 0x73, 0xb1, 0x8, 0xe, 0x3,
    0xbf, 0xe8, 0x5d, 0xfd, 0x40, 0x3, 0x29, 0xe1,
    0x80, 0x62, 0x0, 0xfa, 0x98, 0xf3, 0x6e, 0xb7,
    0x44, 0x1, 0xf4, 0xe3, 0x2, 0x29, 0xa8, 0x7,
    0x0,

    /* U+0041 "A" */
    0x0, 0xc3, 0xff, 0x20, 0x7, 0xe7, 0x0, 0xb4,
    0x3, 0xf5, 0x2, 0x83, 0x80, 0x7c, 0x26, 0x16,
    0x22, 0x40, 0xf, 0x38, 0x20, 0xb8, 0x68, 0x7,
    0xa8, 0x34, 0x34, 0x1c, 0x3, 0x84, 0xc1, 0xc1,
    0x4, 0x48, 0x1, 0x9c, 0x10, 0x40, 0xe, 0x1a,
    0x1, 0xa8, 0x34, 0x2, 0xd0, 0x70, 0x8, 0x4c,
    0x27, 0xfe, 0xb0, 0x14, 0x0, 0x38, 0x7, 0xf6,
    0x80, 0x28, 0x27, 0xff, 0xac, 0x1c, 0x4, 0xc1,
    0xc0, 0x39, 0x4, 0x48, 0xe0, 0x82, 0x1, 0xe7,
    0xd,

    /* U+0042 "B" */
    0x9f, 0xff, 0x62, 0x80, 0x7f, 0x1d, 0x30, 0x4,
    0xff, 0xf9, 0xc2, 0x0, 0x3f, 0x40, 0x9, 0x80,
    0x7f, 0x84, 0x3, 0xc3, 0x20, 0x24, 0x0, 0x7f,
    0xfb, 0x98, 0x28, 0x3, 0xfd, 0xc0, 0x13, 0xff,
    0xed, 0x25, 0x80, 0xf, 0x8a, 0x1, 0x40, 0x3f,
    0xc6, 0x1, 0xf1, 0xc0, 0x20, 0x1, 0xff, 0xf6,
    0x10, 0x40, 0x7, 0xc2, 0xba, 0x40,

    /* U+0043 "C" */
    0x0, 0xcf, 0x9f, 0xee, 0xb6, 0x0, 0xe3, 0xe8,
    0x30, 0x0, 0xa4, 0xe0, 0x80, 0xb, 0x44, 0xaf,
    0xfd, 0xd2, 0x27, 0xa0, 0x8, 0x12, 0xd4, 0x0,
    0xb, 0x60, 0x1b, 0x8a, 0x84, 0x80, 0x78, 0xa1,
    0x9, 0x40, 0x8, 0x1, 0xf3, 0xda, 0x90, 0x10,
    0x7, 0xff, 0x34, 0x80, 0x80, 0x3f, 0xe5, 0x0,
    0x20, 0x7, 0xcf, 0x6a, 0x2a, 0x12, 0x1, 0xe2,
    0x84, 0x20, 0x81, 0x2d, 0x40, 0x0, 0xb6, 0x1,
    0xb8, 0x16, 0x89, 0x5f, 0xfb, 0xa4, 0x4f, 0x40,
    0x23, 0xe8, 0x30, 0x0, 0xa4, 0xe0, 0x80,

    /* U+0044 "D" */
    0x9f, 0xff, 0x63, 0x0, 0x7f, 0x8e, 0x6c, 0x3,
    0x3f, 0xfd, 0xd2, 0x9, 0x40, 0x1f, 0xb, 0x58,
    0x29, 0x80, 0x7e, 0x43, 0xb, 0x0, 0xfe, 0xb0,
    0x40, 0xf, 0xe2, 0x1, 0x0, 0xff, 0xe4, 0x90,
    0x8, 0x7, 0xf5, 0x82, 0x0, 0x7e, 0x43, 0xb,
    0x0, 0xf9, 0xac, 0x14, 0xc0, 0xf, 0xff, 0xa4,
    0xe, 0x80, 0x3f, 0x1c, 0xe0, 0x0,

    /* U+0045 "E" */
    0x9f, 0xff, 0xd2, 0x1, 0xff, 0xc0, 0x8f, 0xff,
    0x48, 0x7, 0xff, 0x52, 0x3f, 0xf9, 0x80, 0x3f,
    0xf8, 0x31, 0xff, 0xcc, 0x1, 0xff, 0xd5, 0x8f,
    0xff, 0x48, 0x7, 0xf8,

    /* U+0046 "F" */
    0x9f, 0xff, 0xc0, 0x1f, 0xf3, 0xf7, 0x78, 0x1,
    0xe2, 0x3e, 0x0, 0xff, 0xbc, 0x47, 0x80, 0x27,
    0xee, 0xd4, 0x1, 0xff, 0xc0, 0x8f, 0xfd, 0x60,
    0x1f, 0xfe, 0x20,

    /* U+0047 "G" */
    0x0, 0xcf, 0x9f, 0xee, 0xb6, 0x0, 0xe3, 0xe8,
    0x30, 0x0, 0xa4, 0xe0, 0x80, 0x7, 0x44, 0xaf,
    0xfd, 0xd2, 0x7, 0x40, 0xb, 0x12, 0xd4, 0x0,
    0xb, 0x60, 0x21, 0x8a, 0x84, 0x80, 0x78, 0xf3,
    0x4d, 0x40, 0x8, 0x1, 0xf1, 0x90, 0x10, 0x10,
    0x7, 0x15, 0x56, 0x90, 0xf, 0xc2, 0xab, 0x90,
    0x80, 0x80, 0x38, 0xff, 0xd0, 0x2, 0xa0, 0x4,
    0x0, 0xfa, 0xc1, 0x5, 0x42, 0x40, 0x3c, 0x86,
    0x14, 0x16, 0x25, 0xa8, 0x0, 0x17, 0xb0, 0x62,
    0x1, 0xd1, 0x2b, 0xff, 0x74, 0x2, 0xc8, 0x4,
    0x7d, 0x6, 0x0, 0x14, 0xba, 0x0, 0x0,

    /* U+0048 "H" */
    0x9f, 0x70, 0xf, 0x2f, 0xe0, 0x7, 0xff, 0xca,
    0x3f, 0xfd, 0x40, 0x1f, 0xfc, 0x48, 0xff, 0xf5,
    0x0, 0x7f, 0xfc, 0x80,

    /* U+0049 "I" */
    0x6f, 0xb0, 0xf, 0xfe, 0xd8,

    /* U+004A "J" */
    0x0, 0xf7, 0xf8, 0x80, 0x3f, 0xff, 0xe0, 0x1e,
    0x25, 0x10, 0xf, 0x75, 0x58, 0x84, 0x0, 0xb,
    0xc1, 0x7b, 0xdc, 0x20, 0xf, 0x10, 0x0, 0x74,
    0xe0,

    /* U+004B "K" */
    0x9f, 0x70, 0xc, 0x3b, 0xf4, 0x1, 0xfb, 0x9,
    0x28, 0x3, 0xec, 0x23, 0xb0, 0xf, 0xac, 0xcd,
    0x80, 0x1f, 0x52, 0x16, 0x80, 0x7d, 0x2a, 0x38,
    0x20, 0x1e, 0xa6, 0xc, 0x10, 0xf, 0x84, 0x0,
    0x80, 0x1f, 0xae, 0x42, 0x54, 0x3, 0xf3, 0x48,
    0x52, 0x80, 0x7e, 0x68, 0xa, 0x40, 0xf, 0xcf,
    0x1, 0x68, 0x1, 0xf9, 0xdc, 0x16, 0x60, 0x1f,
    0xa1, 0x83, 0x48,

    /* U+004C "L" */
    0x6f, 0xb0, 0xf, 0xff, 0xf8, 0x7, 0xff, 0x81,
    0x3f, 0xfc, 0x60, 0x1f, 0xe0,

    /* U+004D "M" */
    0x9f, 0x80, 0xf, 0xe8, 0xf9, 0x0, 0x38, 0x80,
    0x7c, 0x2e, 0x1, 0xd2, 0x1, 0xf4, 0x80, 0x79,
    0xc4, 0x3, 0x85, 0xc0, 0x38, 0x42, 0x40, 0x3a,
    0x40, 0x40, 0x34, 0x83, 0x88, 0x4, 0x2e, 0x12,
    0x1, 0x85, 0x82, 0x40, 0x29, 0x6, 0x10, 0xe,
    0xb0, 0x71, 0x0, 0x38, 0x58, 0x7, 0x89, 0x42,
    0x41, 0xc1, 0x48, 0x3, 0xe8, 0x7, 0x19, 0x8,
    0x0, 0xfc, 0x4a, 0x18, 0x2a, 0x40, 0x1f, 0xd2,
    0x4, 0x12, 0x1, 0xfe, 0x34, 0x4, 0x30, 0xf,
    0xfa, 0x2, 0x0, 0x3c,

    /* U+004E "N" */
    0x9f, 0xd0, 0xf, 0x37, 0xd8, 0x0, 0xa0, 0x3,
    0xfe, 0x73, 0x0, 0xff, 0xb8, 0x3, 0xf9, 0xc8,
    0x92, 0x1, 0xfd, 0xc0, 0xc8, 0x1, 0xf8, 0xdc,
    0x28, 0x40, 0x3f, 0x41, 0x8d, 0x80, 0x7f, 0x70,
    0x2a, 0x80, 0x3f, 0x14, 0x5, 0x88, 0x7, 0xe7,
    0x31, 0x80, 0xf, 0xee, 0x0, 0xff, 0x8a, 0x40,
    0x3f, 0xe6, 0x40, 0x0,

    /* U+004F "O" */
    0x0, 0xcf, 0x9f, 0xee, 0xb6, 0x0, 0xf1, 0xf4,
    0x18, 0x0, 0x52, 0x70, 0x40, 0x22, 0xd1, 0x2b,
    0xff, 0x74, 0x89, 0xe0, 0x5, 0x2, 0x5a, 0x80,
    0x1, 0x6c, 0x12, 0x70, 0x15, 0x9, 0x0, 0xf1,
    0x48, 0x50, 0x28, 0x1, 0x0, 0x3e, 0x50, 0x21,
    0x20, 0x20, 0xf, 0xc4, 0x0, 0x30, 0xf, 0xfe,
    0x19, 0x1, 0x0, 0x7e, 0x20, 0x1, 0xa8, 0x1,
    0x0, 0x3e, 0x50, 0x21, 0x12, 0x84, 0x80, 0x78,
    0xa0, 0x28, 0x1, 0x2, 0x5a, 0x80, 0x1, 0x6c,
    0x2, 0x70, 0x1, 0x68, 0x95, 0xff, 0xba, 0x44,
    0xf0, 0x3, 0x1f, 0x41, 0x80, 0x5, 0x27, 0x4,
    0x0,

    /* U+0050 "P" */
    0x9f, 0xff, 0x74, 0x88, 0x7, 0xe1, 0x6f, 0x10,
    0x4, 0x7f, 0xec, 0x11, 0x40, 0x7, 0xc7, 0x0,
    0x80, 0x1f, 0x94, 0xc, 0x3, 0xf2, 0x81, 0x80,
    0x7c, 0x90, 0xa, 0x0, 0x8f, 0xfd, 0x62, 0x52,
    0x1, 0xf0, 0xb6, 0x8, 0x2, 0x3f, 0xf7, 0x48,
    0x80, 0x7f, 0xf8, 0x40,

    /* U+0051 "Q" */
    0x0, 0xcf, 0x9f, 0xee, 0xb6, 0x0, 0xf1, 0xf4,
    0x18, 0x0, 0x52, 0x70, 0x40, 0x22, 0xd1, 0x2b,
    0xff, 0x74, 0x89, 0xe0, 0x5, 0x2, 0x5a, 0x80,
    0x1, 0x6c, 0x12, 0x70, 0x15, 0x9, 0x0, 0xf1,
    0x48, 0x50, 0x28, 0x1, 0x0, 0x3e, 0x50, 0x21,
    0x20, 0x20, 0xf, 0xc4, 0x0, 0x30, 0xf, 0xfe,
    0x19, 0x1, 0x0, 0x7e, 0x20, 0x1, 0xa8, 0x1,
    0x0, 0x3a, 0x64, 0xa0, 0x42, 0x25, 0x9, 0x0,
    0xc2, 0x8d, 0x1, 0x40, 0x8, 0x12, 0xd4, 0x0,
    0xa8, 0x2, 0x60, 0x1, 0x68, 0x95, 0xff, 0xba,
    0x0, 0x2a, 0x0, 0x8f, 0xa0, 0xc0, 0x2, 0x93,
    0xc9, 0x0,

    /* U+0052 "R" */
    0x9f, 0xff, 0x74, 0x88, 0x7, 0xf0, 0xb7, 0x88,
    0x5, 0x1f, 0xfb, 0x4, 0x50, 0x1, 0xf8, 0xe0,
    0x10, 0x3, 0xf9, 0x40, 0xc0, 0x3f, 0x94, 0xc,
    0x3, 0xf2, 0x40, 0x28, 0x5, 0x1f, 0xfa, 0xc4,
    0xa4, 0x3, 0xf8, 0xf0, 0x40, 0x28, 0xff, 0xa4,
    0x8, 0x40, 0x3f, 0x30, 0x89, 0xc0, 0x3f, 0xa0,
    0x24, 0x3, 0xf9, 0x84, 0x4e, 0x1, 0xfd, 0x21,
    0x20,

    /* U+0053 "S" */
    0x0, 0x9b, 0x3f, 0xdd, 0x68, 0x1, 0xd9, 0x26,
    0x0, 0x14, 0xb9, 0x0, 0x9c, 0xc2, 0x7b, 0xf9,
    0xc1, 0x98, 0x0, 0xd0, 0x66, 0x8, 0xc, 0x38,
    0x40, 0x6, 0x20, 0xe, 0x9b, 0xf0, 0x4, 0x82,
    0x63, 0x90, 0x0, 0x50, 0x40, 0x7, 0x64, 0x71,
    0xbd, 0x4a, 0x1, 0xc9, 0xba, 0x84, 0x15, 0xad,
    0x20, 0xe, 0x27, 0xbf, 0xb2, 0x27, 0x80, 0x15,
    0x80, 0x39, 0x3c, 0x8, 0x45, 0x52, 0xc0, 0x1f,
    0xc2, 0xc1, 0x30, 0x20, 0x4, 0xf0, 0x31, 0x9,
    0x40, 0x7e, 0xff, 0x59, 0xf, 0x0, 0x57, 0x48,
    0x20, 0x3, 0x8e, 0x20,

    /* U+0054 "T" */
    0xcf, 0xff, 0xf7, 0x0, 0x7f, 0xc7, 0x9f, 0xf8,
    0x1, 0xdf, 0xf6, 0x80, 0x7f, 0xff, 0xc0, 0x3f,
    0xfd, 0xa0,

    /* U+0055 "U" */
    0x9f, 0x80, 0xf, 0x1f, 0xf0, 0x7, 0xff, 0xfc,
    0x3, 0xff, 0x90, 0x62, 0x4, 0x1, 0xe6, 0x1,
    0xc0, 0x52, 0x0, 0xe8, 0x5, 0x42, 0xc, 0x50,
    0x1, 0xe1, 0x5, 0x87, 0x90, 0xd7, 0xfb, 0xc,
    0x28, 0x80, 0xb6, 0xc, 0x0, 0x4d, 0xaa, 0x0,

    /* U+0056 "V" */
    0xbf, 0x60, 0xf, 0xb7, 0xd3, 0x42, 0x80, 0x3c,
    0x64, 0x8, 0xe0, 0x62, 0x1, 0xd6, 0xa, 0x2,
    0x80, 0xe0, 0x1c, 0xc1, 0xc0, 0xd, 0xa, 0x0,
    0xc6, 0x20, 0x80, 0x7, 0x3, 0x10, 0xa, 0xc1,
    0x40, 0x21, 0x40, 0x60, 0x9, 0x83, 0x80, 0x36,
    0x85, 0x80, 0xc, 0x41, 0x0, 0x33, 0x81, 0x88,
    0x50, 0x28, 0x7, 0xa, 0x3, 0x3, 0x87, 0x0,
    0x7b, 0x42, 0xcc, 0x41, 0x0, 0x3c, 0xe0, 0x70,
    0xa, 0x1, 0xf0, 0xa0, 0x20, 0x70, 0x7, 0xed,
    0x0, 0x90, 0x3, 0x0,

    /* U+0057 "W" */
    0x9f, 0x90, 0xe, 0xaf, 0xd0, 0xe, 0x5f, 0xdd,
    0x3, 0x80, 0x72, 0x1, 0x10, 0x3, 0x78, 0x2a,
    0x0, 0x90, 0x4, 0x62, 0x0, 0x40, 0xc, 0x81,
    0x60, 0x80, 0xa0, 0x12, 0x0, 0x86, 0x80, 0x46,
    0x22, 0x30, 0xd0, 0xc0, 0xa, 0xc2, 0x1, 0x0,
    0x2b, 0x4, 0x0, 0x38, 0x20, 0x0, 0x4c, 0x1c,
    0xc1, 0x0, 0x8, 0x1e, 0x0, 0x13, 0x5, 0x4,
    0x4, 0x14, 0xd, 0x1, 0x30, 0x40, 0xa, 0xc3,
    0x3, 0xc3, 0x2, 0xc1, 0x1, 0x1, 0x4, 0x2,
    0x40, 0x70, 0x40, 0x50, 0x31, 0x22, 0x78, 0x60,
    0x6, 0x31, 0x13, 0x9, 0x10, 0x0, 0xe0, 0xa8,
    0xa, 0x1, 0xce, 0x10, 0x8, 0x1, 0x60, 0x48,
    0x91, 0x0, 0x3b, 0x40, 0x43, 0x40, 0x25, 0x1,
    0x5, 0x0, 0xf2, 0x0, 0x48, 0x1, 0x90, 0x1,
    0x60, 0x1f, 0x20, 0x28, 0x7, 0x60, 0x9, 0x80,
    0x40,

    /* U+0058 "X" */
    0x5f, 0xf1, 0x80, 0x73, 0xff, 0x89, 0x54, 0x1c,
    0x1, 0x8a, 0x2, 0x48, 0x28, 0x4a, 0x40, 0x2e,
    0x4, 0x60, 0xa, 0x81, 0x90, 0x1c, 0xc6, 0x80,
    0x32, 0x38, 0x51, 0xc0, 0x58, 0x80, 0x74, 0x10,
    0xe0, 0x2a, 0x80, 0x3e, 0xe0, 0x0, 0xd8, 0x7,
    0xe7, 0x0, 0x9, 0x80, 0x7c, 0x34, 0x2, 0x1c,
    0x1, 0xf5, 0x89, 0xf8, 0x9b, 0x80, 0x73, 0x28,
    0x70, 0xd8, 0x41, 0x80, 0x45, 0x21, 0x4, 0xa,
    0xa0, 0xe0, 0xb, 0x80, 0xdc, 0x2, 0xb1, 0x28,
    0x7, 0x30, 0xe0, 0xc, 0x36, 0xe, 0x60,

    /* U+0059 "Y" */
    0xbf, 0xb0, 0xf, 0x6f, 0xcc, 0x81, 0x14, 0x3,
    0x39, 0xc, 0x93, 0x85, 0x80, 0x43, 0x1, 0x0,
    0x8, 0x11, 0x40, 0x2, 0xc0, 0xd8, 0x2, 0xb0,
    0x72, 0x45, 0xf, 0x0, 0xca, 0x81, 0x32, 0x6,
    0x30, 0xe, 0x90, 0x42, 0x18, 0x0, 0xf1, 0x38,
    0x2, 0x4, 0x3, 0xea, 0x0, 0x30, 0x7, 0xff,
    0xd0,

    /* U+005A "Z" */
    0x9f, 0xff, 0xec, 0x0, 0xff, 0x7c, 0xff, 0xf7,
    0x8, 0x31, 0x80, 0x7a, 0xc4, 0x52, 0x1, 0xe4,
    0x50, 0xb0, 0xf, 0xa4, 0x11, 0x40, 0x3d, 0x4,
    0x12, 0x1, 0xe2, 0x70, 0x82, 0x0, 0xf7, 0x1,
    0x38, 0x7, 0x98, 0xc3, 0x80, 0x3c, 0x30, 0xc,
    0x60, 0x1e, 0xb1, 0x14, 0x80, 0x79, 0x14, 0x7,
    0xff, 0xd9, 0x20, 0x1f, 0xc2,

    /* U+005B "[" */
    0x3f, 0xfc, 0x1, 0x9, 0x0, 0x13, 0xb4, 0x3,
    0xff, 0xfe, 0x1, 0xff, 0xc0, 0x4e, 0xd0, 0x8,
    0x48,

    /* U+005C "\\" */
    0xaf, 0x70, 0xd, 0x81, 0x80, 0x19, 0xc1, 0x0,
    0x30, 0x90, 0x20, 0x6, 0x40, 0xc0, 0xd, 0xa0,
    0xa0, 0x19, 0x0, 0x84, 0x3, 0x20, 0x20, 0x6,
    0xc0, 0xf0, 0xc, 0x80, 0x80, 0x18, 0xc4, 0x46,
    0x1, 0x90, 0x10, 0x3, 0x78, 0x60, 0x6, 0x40,
    0x40,

    /* U+005D "]" */
    0x9f, 0xfa, 0x44, 0x60, 0x4, 0x75, 0x80, 0x7f,
    0xff, 0xc0, 0x3f, 0xf8, 0x11, 0xd6, 0x0, 0x11,
    0x80, 0x0,

    /* U+005E "^" */
    0x0, 0xc6, 0x20, 0x1f, 0x26, 0x60, 0x40, 0x39,
    0x2c, 0xb, 0x4, 0x2, 0x4b, 0xb, 0x72, 0xc1,
    0x4, 0xb0, 0xa4, 0x87, 0x2f, 0x2c, 0xa, 0x50,
    0x4, 0x30, 0xb4, 0x62, 0x80, 0x69, 0xc4,

    /* U+005F "_" */
    0xaa, 0xff, 0xe0, 0x92, 0xaf, 0xff, 0x4, 0x40,

    /* U+0060 "`" */
    0x47, 0x0, 0xa1, 0x41, 0xa, 0x40, 0x14, 0x64,

    /* U+0061 "a" */
    0x0, 0xc, 0xf7, 0xfb, 0x14, 0x2, 0x1f, 0x61,
    0x10, 0x1d, 0x38, 0x2, 0xc4, 0xf7, 0xbe, 0x2,
    0x0, 0x17, 0x5c, 0x40, 0x7, 0x0, 0x10, 0xa,
    0x8b, 0xd6, 0x70, 0x0, 0x40, 0xb7, 0x21, 0x48,
    0x80, 0x1b, 0x8, 0xef, 0xfb, 0x0, 0x22, 0x10,
    0xc4, 0x0, 0x18, 0x4, 0x60, 0x2, 0x0, 0xf,
    0x0, 0x42, 0x81, 0xb7, 0x9c, 0x66, 0x0, 0xad,
    0x85, 0x9, 0xbd, 0x80, 0x0,

    /* U+0062 "b" */
    0x9f, 0x70, 0xf, 0xfe, 0xa7, 0x4f, 0x7f, 0x40,
    0x80, 0x66, 0x60, 0x8c, 0xf8, 0x20, 0x1a, 0xbf,
    0xb0, 0x4a, 0xc0, 0x26, 0x50, 0x1, 0xd0, 0x28,
    0x80, 0x30, 0x3, 0x20, 0x1, 0x40, 0x2, 0x1,
    0xc4, 0x2, 0x0, 0x10, 0xe, 0x20, 0x10, 0x6,
    0x0, 0x64, 0x0, 0x28, 0x1, 0x98, 0x0, 0x3a,
    0x5, 0x10, 0xa, 0x7f, 0xb0, 0x4a, 0xc0, 0x2a,
    0x61, 0x19, 0xb0, 0x40,

    /* U+0063 "c" */
    0x0, 0x9b, 0x3f, 0xda, 0xe0, 0x1a, 0xe4, 0xc0,
    0x5, 0x18, 0x0, 0x74, 0xa, 0xff, 0x48, 0x1b,
    0x84, 0x84, 0x28, 0x1, 0xa5, 0xd0, 0x44, 0xa,
    0x1, 0x9a, 0xc, 0x80, 0x4, 0x1, 0xf1, 0x0,
    0x8, 0x3, 0xe1, 0x10, 0x28, 0x6, 0x57, 0x30,
    0x90, 0x85, 0x0, 0x2d, 0x42, 0x83, 0xa0, 0x57,
    0xfa, 0x81, 0x18, 0x1, 0x72, 0x60, 0x3, 0x8b,
    0x0,

    /* U+0064 "d" */
    0x0, 0xfc, 0xbf, 0x80, 0x1f, 0xfc, 0xd7, 0xdf,
    0xea, 0x20, 0xd, 0x90, 0x42, 0xb, 0x0, 0x14,
    0x18, 0x5f, 0x72, 0xc0, 0x33, 0x4, 0xa0, 0x1,
    0x20, 0x0, 0x42, 0xe, 0x1, 0x90, 0x0, 0x20,
    0x1, 0x0, 0xf8, 0x80, 0x2, 0x1, 0xf0, 0x88,
    0x1c, 0x3, 0x20, 0x5, 0x21, 0x28, 0x0, 0x48,
    0x0, 0x9c, 0xc2, 0xfb, 0x96, 0x1, 0xd9, 0x4,
    0x20, 0xb8, 0x0,

    /* U+0065 "e" */
    0x0, 0x9b, 0x3f, 0xda, 0xe0, 0x1d, 0x52, 0x62,
    0x44, 0x8c, 0x0, 0x9d, 0x47, 0x3b, 0x78, 0x8d,
    0xc0, 0x12, 0x10, 0x60, 0x1, 0x90, 0xa0, 0x11,
    0x6, 0xd5, 0x6e, 0x2, 0x2, 0x0, 0x22, 0xaf,
    0x0, 0x4, 0x40, 0xe, 0xff, 0xf8, 0x48, 0x41,
    0x80, 0x31, 0x39, 0x0, 0x24, 0x21, 0x40, 0x9,
    0x91, 0x0, 0x3, 0xa8, 0x57, 0xfa, 0xc4, 0xac,
    0x2, 0xaa, 0x18, 0x0, 0xa3, 0x44, 0x0,

    /* U+0066 "f" */
    0x0, 0xa3, 0xbf, 0xc6, 0x0, 0x57, 0x14, 0x51,
    0x0, 0x60, 0x35, 0xd1, 0x37, 0xb0, 0x37, 0xf8,
    0xc9, 0x44, 0x9, 0x54, 0x29, 0x4e, 0x15, 0x51,
    0x0, 0x7f, 0xfd, 0x0,

    /* U+0067 "g" */
    0x0, 0x9f, 0x7f, 0xa9, 0x3f, 0x0, 0x19, 0x4,
    0x20, 0xb6, 0x1, 0x41, 0x85, 0xf7, 0x2c, 0x3,
    0x30, 0x4a, 0x0, 0x12, 0x0, 0x4, 0x20, 0xe0,
    0x19, 0x0, 0x2, 0x0, 0x10, 0xf, 0x88, 0x0,
    0x20, 0x1f, 0x8, 0x81, 0xc0, 0x32, 0x0, 0x52,
    0x12, 0x80, 0x4, 0x80, 0x9, 0xcc, 0x2f, 0xb9,
    0x60, 0x1d, 0x90, 0x42, 0xb, 0x0, 0x1c, 0xfb,
    0xfd, 0x44, 0x1, 0xc6, 0x1, 0xb0, 0x18, 0xb,
    0x71, 0x80, 0xc, 0xc0, 0xc0, 0x26, 0x9, 0xff,
    0x48, 0x23, 0x0, 0x2e, 0x48, 0x0, 0x71, 0x60,

    /* U+0068 "h" */
    0x9f, 0x40, 0xf, 0xfe, 0xab, 0xef, 0xfa, 0xc8,
    0x3, 0x4c, 0x10, 0x1, 0x34, 0x80, 0x22, 0x6e,
    0xfb, 0x10, 0x80, 0x8, 0xa4, 0x41, 0x20, 0x10,
    0x2, 0x40, 0xc, 0x80, 0x22, 0x0, 0x8, 0x6,
    0x20, 0xf, 0xff, 0x70,

    /* U+0069 "i" */
    0x6f, 0xb0, 0x9, 0xbe, 0xdb, 0xec, 0x3, 0xff,
    0xa4,

    /* U+006A "j" */
    0x0, 0xbf, 0xc0, 0x1f, 0xef, 0xf0, 0x6, 0xff,
    0x0, 0x7f, 0xfe, 0x44, 0x3, 0x9c, 0x2, 0x3f,
    0x90, 0x30, 0xc, 0x7c, 0x0,

    /* U+006B "k" */
    0x9f, 0x80, 0xf, 0xfe, 0xad, 0x7f, 0x8, 0x7,
    0x3a, 0x86, 0x88, 0x6, 0x48, 0x9, 0x30, 0xc,
    0x34, 0xc, 0xc0, 0xe, 0xd1, 0x49, 0x0, 0xe6,
    0x30, 0x90, 0xf, 0x31, 0x87, 0x0, 0x7d, 0xa4,
    0x76, 0x1, 0xe1, 0xf1, 0x4a, 0x0, 0xf1, 0x50,
    0x2c, 0x0, 0x79, 0x24, 0x1d, 0x80,

    /* U+006C "l" */
    0x6f, 0xb0, 0xf, 0xfe, 0xd8,

    /* U+006D "m" */
    0x9f, 0x49, 0xef, 0xd6, 0x4, 0xcf, 0xea, 0x10,
    0xa, 0x98, 0x0, 0x53, 0x56, 0x42, 0x25, 0xd0,
    0x8, 0x73, 0xbd, 0x1, 0x5b, 0xb9, 0x40, 0x68,
    0x0, 0x63, 0x0, 0x40, 0x2, 0x0, 0xa, 0x60,
    0x40, 0xe, 0x0, 0x84, 0x0, 0x20, 0x13, 0x0,
    0x80, 0x7f, 0xff, 0xc0, 0x3f, 0xf9, 0x20,

    /* U+006E "n" */
    0x9f, 0x47, 0xdf, 0xf5, 0x90, 0x6, 0x98, 0x20,
    0x2, 0x69, 0x0, 0x44, 0xdd, 0xf6, 0x21, 0x0,
    0x11, 0x48, 0x82, 0x40, 0x20, 0x4, 0x80, 0x19,
    0x0, 0x44, 0x0, 0x10, 0xc, 0x40, 0x1f, 0xfe,
    0xe0,

    /* U+006F "o" */
    0x0, 0x9b, 0x3f, 0xda, 0xe0, 0x1d, 0x72, 0x60,
    0x2, 0x8d, 0x10, 0x3, 0xa0, 0x57, 0xfa, 0xc4,
    0xac, 0x1, 0x21, 0xa, 0x0, 0x4a, 0x5, 0x12,
    0x10, 0x60, 0xc, 0x82, 0xa, 0x20, 0x1, 0x0,
    0xe3, 0x2, 0x20, 0x0, 0x80, 0x38, 0xc0, 0x84,
    0x40, 0xa0, 0x19, 0x4, 0x14, 0x24, 0x21, 0x40,
    0x9, 0x40, 0xa2, 0xe, 0xa1, 0x5f, 0xeb, 0x13,
    0xb0, 0xa, 0xa4, 0xc0, 0x5, 0x18, 0x20,

    /* U+0070 "p" */
    0x9f, 0x59, 0xef, 0xe8, 0x10, 0xd, 0x4c, 0x23,
    0x3e, 0x8, 0x6, 0xaf, 0xec, 0x12, 0xb0, 0x9,
    0x94, 0x0, 0x74, 0xa, 0x20, 0xc, 0x0, 0xc8,
    0x0, 0x50, 0x0, 0x80, 0x71, 0x0, 0x80, 0x4,
    0x3, 0x88, 0x4, 0x1, 0x80, 0x19, 0x0, 0xa,
    0x0, 0x66, 0x0, 0xe, 0x81, 0x44, 0x2, 0x9f,
    0xec, 0x12, 0xb0, 0x9, 0x98, 0x23, 0x36, 0x8,
    0x5, 0xd3, 0xdf, 0xd2, 0x20, 0x1f, 0xfe, 0x20,

    /* U+0071 "q" */
    0x0, 0x9f, 0x7f, 0xa9, 0x3f, 0x0, 0x19, 0x4,
    0x20, 0xb6, 0x1, 0x41, 0x85, 0xf7, 0x2c, 0x3,
    0x30, 0x4a, 0x0, 0x12, 0x0, 0x4, 0x20, 0xe0,
    0x19, 0x0, 0x2, 0x0, 0x10, 0xf, 0x88, 0x0,
    0x20, 0x1f, 0x8, 0x81, 0xc0, 0x32, 0x0, 0x52,
    0x12, 0x80, 0x4, 0x80, 0x9, 0xcc, 0x2f, 0xb9,
    0x60, 0x1d, 0x90, 0x42, 0xb, 0x0, 0x1c, 0xfb,
    0xfd, 0x44, 0x1, 0xff, 0xe2,

    /* U+0072 "r" */
    0x9f, 0x47, 0xef, 0x30, 0x4, 0x40, 0x44, 0x1,
    0x1a, 0xf7, 0xc, 0x0, 0x34, 0x20, 0x19, 0xc0,
    0x3c, 0x20, 0x1f, 0xfd, 0xb0,

    /* U+0073 "s" */
    0x0, 0x25, 0xff, 0xba, 0x88, 0x0, 0xb6, 0x82,
    0x42, 0xba, 0x61, 0x20, 0xfd, 0xbc, 0x61, 0x0,
    0x17, 0x80, 0x7, 0xaa, 0x42, 0x82, 0x36, 0x10,
    0x94, 0x81, 0xb1, 0x49, 0xef, 0xe0, 0x2, 0x3a,
    0xfb, 0x71, 0x79, 0x5, 0x70, 0x2, 0x45, 0x3,
    0x85, 0x44, 0x80, 0x58, 0x4, 0x12, 0xd, 0xfb,
    0xce, 0x12, 0xd, 0x88, 0x24, 0x9, 0x6a,

    /* U+0074 "t" */
    0x0, 0x5f, 0xb0, 0x7, 0xff, 0x1f, 0x3d, 0x2,
    0x7f, 0xd2, 0x8a, 0x20, 0x6a, 0xaf, 0x8a, 0x50,
    0xaa, 0x98, 0x3, 0xff, 0xbc, 0x21, 0xa0, 0x1d,
    0xe0, 0x9f, 0xd0, 0x0, 0x59, 0x20, 0x10,

    /* U+0075 "u" */
    0xcf, 0x50, 0xc, 0x7f, 0xc0, 0x1f, 0xfe, 0x83,
    0x0, 0xce, 0x0, 0x60, 0xd0, 0xd, 0x80, 0xf,
    0x4, 0x70, 0x3, 0x38, 0x1, 0x4c, 0x23, 0xfd,
    0x24, 0x1, 0x6b, 0x8, 0xb, 0x60, 0x0,

    /* U+0076 "v" */
    0x6f, 0xb0, 0xe, 0xef, 0x27, 0x4, 0x0, 0xc8,
    0x24, 0x41, 0x40, 0x60, 0xb, 0x42, 0x80, 0x1c,
    0x1a, 0x1, 0x38, 0x30, 0x1, 0x41, 0x4, 0x10,
    0x4c, 0x40, 0x25, 0x7, 0xe, 0xa, 0x0, 0xdc,
    0x14, 0xa, 0xe, 0x1, 0x90, 0x4d, 0xc1, 0x44,
    0x3, 0x9c, 0x20, 0x3c, 0x3, 0xd4, 0x1, 0x28,
    0x7, 0x8c, 0x81, 0x80, 0x30,

    /* U+0077 "w" */
    0x7f, 0x90, 0x8, 0xbf, 0xc0, 0x1b, 0x3d, 0x14,
    0x1c, 0x2, 0x50, 0x2, 0x0, 0x4, 0xc1, 0x8,
    0x82, 0x60, 0xc, 0x0, 0x68, 0x1, 0xc1, 0x40,
    0xa, 0x16, 0x2, 0x86, 0x28, 0x0, 0xd0, 0xf0,
    0x5, 0x82, 0x82, 0x5, 0xa1, 0x10, 0x10, 0x10,
    0x0, 0x62, 0x43, 0xe0, 0xdc, 0xa, 0x80, 0x62,
    0x1, 0x20, 0x3a, 0x18, 0xa0, 0x5e, 0x85, 0x80,
    0x6f, 0x8, 0x1b, 0x0, 0x29, 0xb8, 0x28, 0x6,
    0x40, 0x10, 0x50, 0x7, 0x80, 0x91, 0x0, 0x30,
    0xa0, 0x11, 0x0, 0x8, 0x0, 0x50, 0xf, 0x60,
    0x28, 0x4, 0x28, 0x18, 0x1, 0x0,

    /* U+0078 "x" */
    0x5f, 0xf1, 0x0, 0x47, 0xfe, 0x35, 0x60, 0xe0,
    0xb, 0x41, 0xcc, 0x24, 0x8e, 0x2, 0x84, 0xe0,
    0x2, 0xe0, 0x79, 0x50, 0xe0, 0xc, 0x70, 0xc,
    0x14, 0x40, 0x1c, 0xe2, 0x4, 0xa0, 0x1e, 0x81,
    0x2, 0x60, 0xe, 0x47, 0x8, 0x9, 0x20, 0x8,
    0x68, 0x21, 0xdc, 0x1e, 0x1, 0x50, 0xa3, 0x84,
    0x11, 0x24, 0x19, 0x6, 0x80, 0x2f, 0x6, 0x50,

    /* U+0079 "y" */
    0x8f, 0xa0, 0xe, 0x8f, 0xaa, 0x2, 0x88, 0x6,
    0x50, 0xe2, 0x40, 0x70, 0x8, 0xc8, 0x88, 0x1c,
    0x14, 0x1, 0x50, 0x28, 0x1, 0x44, 0xc8, 0x0,
    0xe1, 0x40, 0x13, 0x5, 0x82, 0x89, 0x90, 0x5,
    0x40, 0xe1, 0xc1, 0x40, 0x18, 0x8c, 0x59, 0x1,
    0x80, 0x3a, 0x42, 0x41, 0x40, 0x3c, 0xa2, 0x0,
    0xe0, 0xf, 0x9c, 0x5, 0x0, 0x3e, 0x10, 0x60,
    0xf, 0xcc, 0x14, 0x1, 0xf1, 0x89, 0x90, 0x7,
    0xd4, 0x14, 0x1, 0xf9, 0xc1, 0xc0, 0x38,

    /* U+007A "z" */
    0xf, 0xff, 0xd6, 0x4, 0x5c, 0x20, 0x34, 0x1b,
    0xbc, 0x0, 0xb1, 0x0, 0xe9, 0x15, 0x50, 0x7,
    0x2b, 0xd, 0x80, 0x70, 0xd8, 0x50, 0x80, 0x75,
    0xb, 0x20, 0x7, 0x32, 0x14, 0x80, 0x71, 0x48,
    0x70, 0x7, 0xb8, 0x1, 0xdb, 0xb9, 0xd8, 0xc0,
    0x4, 0x5d, 0xe0,

    /* U+007B "{" */
    0x0, 0x15, 0xff, 0x80, 0x1c, 0x80, 0x18, 0xc3,
    0xbc, 0x3, 0x8, 0x7, 0xff, 0x51, 0x40, 0x80,
    0x3, 0x41, 0x0, 0x1f, 0x86, 0x82, 0x0, 0x25,
    0x2, 0x0, 0xff, 0xec, 0x8, 0x4, 0x61, 0xdc,
    0x0, 0x71, 0x80, 0x80,

    /* U+007C "|" */
    0x3f, 0xe0, 0xf, 0xfe, 0xd8,

    /* U+007D "}" */
    0x2f, 0xf5, 0x0, 0x72, 0xc0, 0x17, 0xd0, 0x20,
    0x4, 0xc0, 0x1f, 0xfd, 0x72, 0x3, 0x20, 0x0,
    0xb0, 0x70, 0x4, 0x20, 0x18, 0x5c, 0x38, 0x0,
    0x60, 0x64, 0x0, 0x10, 0xf, 0xfe, 0x8b, 0x0,
    0x45, 0xf4, 0xa, 0x1, 0x96, 0x40,

    /* U+007E "~" */
    0x1b, 0xfd, 0x60, 0x1, 0xdb, 0x42, 0x1, 0x4e,
    0x25, 0xa6, 0xa8, 0x45, 0x11, 0xdb, 0x81, 0xda,
    0xad, 0xb0, 0x20, 0x90,

    /* U+00A0 " " */

    /* U+00A1 "¡" */
    0x9f, 0x70, 0xa, 0x7d, 0xda, 0xd7, 0xd0, 0x80,
    0x3f, 0xf9, 0xe0,

    /* U+00A2 "¢" */
    0x0, 0xeb, 0xf0, 0xf, 0xe7, 0x0, 0xf8, 0x67,
    0xcc, 0x3e, 0x84, 0x2, 0xc6, 0x3, 0x30, 0x2e,
    0x8, 0x41, 0xe, 0xe6, 0x34, 0x4a, 0x41, 0x82,
    0xc8, 0x0, 0x55, 0x49, 0x21, 0x4, 0x0, 0xc8,
    0xa2, 0x20, 0x0, 0x80, 0x7c, 0x40, 0x2, 0x0,
    0xf8, 0x48, 0x28, 0x3, 0x34, 0x18, 0x58, 0x3b,
    0x0, 0x1a, 0x5d, 0x41, 0x94, 0x27, 0xfd, 0x20,
    0xac, 0x0, 0xa9, 0x30, 0x1, 0xcd, 0x0, 0x66,
    0xc4, 0xc, 0x60, 0xf, 0x8d, 0x40, 0x30,

    /* U+00A3 "£" */
    0x0, 0xcd, 0xbf, 0xd0, 0x1, 0xd1, 0x24, 0x2,
    0xf4, 0x1, 0xb, 0x84, 0xfe, 0xa, 0xa0, 0x1,
    0x40, 0x58, 0xe, 0xc, 0x40, 0x31, 0x80, 0x4d,
    0x8a, 0x1, 0xff, 0x27, 0xd8, 0x17, 0xfc, 0x20,
    0x1f, 0xfc, 0x14, 0xfb, 0x2, 0xff, 0x84, 0x3,
    0xff, 0x9d, 0xc0, 0x1f, 0x93, 0xd4, 0xb, 0xff,
    0x68, 0x7, 0xf8, 0xc0,

    /* U+00A4 "¤" */
    0x2, 0x20, 0x7, 0xe3, 0x2, 0xcc, 0x12, 0xd6,
    0x5b, 0xe, 0x61, 0x9, 0x47, 0x69, 0x4d, 0x27,
    0x8c, 0x94, 0x2c, 0x40, 0xf3, 0xf5, 0x80, 0x1e,
    0x20, 0x62, 0x78, 0x60, 0x52, 0xa0, 0xa0, 0xb,
    0x9, 0x0, 0xe8, 0xb, 0x0, 0x8, 0x30, 0x7,
    0x10, 0x8, 0x0, 0x41, 0xc0, 0x38, 0x40, 0x40,
    0x18, 0x1e, 0x1, 0xcc, 0x8, 0x0, 0x41, 0x49,
    0x0, 0x9a, 0x2, 0x80, 0x10, 0x20, 0xdf, 0xbd,
    0x20, 0x9, 0x2, 0x70, 0xa7, 0x22, 0x2, 0xd8,
    0xa2, 0x95, 0xd9, 0x63, 0x7f, 0xa9, 0x32, 0x54,

    /* U+00A5 "¥" */
    0xbf, 0xb0, 0xf, 0x6f, 0xc5, 0x2, 0x28, 0x6,
    0x82, 0x18, 0x18, 0xb, 0x10, 0x1, 0x38, 0x58,
    0x1, 0xc8, 0x60, 0x1, 0x20, 0x8a, 0x1, 0x70,
    0x31, 0xaa, 0x4, 0x80, 0x63, 0x60, 0xeb, 0x8,
    0x20, 0xe, 0x81, 0x21, 0x27, 0x0, 0xc3, 0xfc,
    0x20, 0x2, 0xff, 0x0, 0x42, 0xaa, 0x40, 0x2,
    0xa9, 0x80, 0x35, 0x52, 0x40, 0x15, 0x49, 0x0,
    0xd5, 0x49, 0x0, 0x55, 0x40, 0x10, 0xaa, 0x90,
    0x0, 0xab, 0x0, 0x43, 0xfe, 0xd0, 0x7, 0xfc,
    0x1, 0xff, 0xc2,

    /* U+00A6 "¦" */
    0x3f, 0xe0, 0xf, 0xfe, 0x30, 0x92, 0x96, 0xd8,
    0x4, 0x5b, 0x62, 0x4a, 0x1, 0xff, 0xc6,

    /* U+00A7 "§" */
    0x0, 0x1d, 0xff, 0xb5, 0x80, 0x24, 0xc4, 0x12,
    0x24, 0xc8, 0x1, 0xe0, 0xfd, 0xb4, 0xc, 0x40,
    0xe1, 0xe0, 0x5, 0x9b, 0x20, 0xb0, 0x8c, 0x73,
    0x64, 0x0, 0x3b, 0x1, 0xc6, 0x73, 0x80, 0x1d,
    0x8a, 0xa5, 0x6, 0x24, 0x20, 0x31, 0x5a, 0xe8,
    0x18, 0x2, 0x60, 0x8, 0x40, 0x42, 0x2, 0x3e,
    0xe2, 0x82, 0x41, 0xf1, 0x45, 0x1c, 0x49, 0xc0,
    0x7, 0x5d, 0x8e, 0x4, 0xe0, 0xb0, 0x40, 0x71,
    0x0, 0xc0, 0xe7, 0xe1, 0x0, 0x60, 0x10, 0x48,
    0x1f, 0x6f, 0xa0, 0x58, 0x16, 0xa8, 0x90, 0xae,
    0x90,

    /* U+00A8 "¨" */
    0x9f, 0x60, 0x8f, 0x60, 0xc, 0x20, 0x20,

    /* U+00A9 "©" */
    0x0, 0xe5, 0xbe, 0xfe, 0xb6, 0x0, 0xfc, 0x5b,
    0x48, 0x20, 0x29, 0x3c, 0x80, 0x1c, 0x7a, 0x44,
    0x9e, 0xfe, 0xa3, 0x1b, 0x50, 0x8, 0x74, 0x1b,
    0x58, 0x40, 0x57, 0x20, 0x28, 0x80, 0x10, 0x29,
    0x20, 0xbb, 0xfe, 0x91, 0x77, 0x4, 0x80, 0x18,
    0x24, 0x16, 0x8d, 0x91, 0xb4, 0x20, 0x50, 0x90,
    0xc, 0x82, 0xc7, 0xe6, 0xd9, 0xc4, 0x1c, 0x10,
    0x81, 0x40, 0x85, 0xc4, 0x1, 0x36, 0x21, 0xc1,
    0xc0, 0x1f, 0xfc, 0x52, 0x5, 0x2, 0x2, 0x0,
    0x88, 0x40, 0x1c, 0x1c, 0x80, 0x64, 0x8, 0x86,
    0x2, 0xfe, 0x10, 0x70, 0x40, 0x60, 0x90, 0xa2,
    0x9f, 0xd2, 0x91, 0x81, 0x32, 0x8, 0x14, 0x91,
    0xd9, 0x78, 0xd6, 0x77, 0x7, 0x80, 0x7, 0x41,
    0xb5, 0x5e, 0x19, 0x99, 0x1, 0x46, 0x1, 0x1e,
    0x11, 0x2b, 0xbf, 0xac, 0xc6, 0xd4, 0x3, 0x8f,
    0x69, 0x4, 0x4, 0xe7, 0x90, 0x2,

    /* U+00AA "ª" */
    0x4, 0xde, 0xb0, 0x7, 0xd6, 0x33, 0x84, 0xfc,
    0x97, 0x8e, 0x97, 0x20, 0x98, 0x5b, 0xa8, 0x12,
    0xf7, 0xa0, 0x0,

    /* U+00AB "«" */
    0x0, 0x89, 0x80, 0x6, 0xa0, 0x1b, 0xe0, 0x45,
    0xb0, 0x1, 0x51, 0x68, 0xe8, 0x78, 0x1, 0xd6,
    0x4e, 0x4e, 0x88, 0xe, 0x15, 0x95, 0x9d, 0x0,
    0x6, 0x8a, 0x6a, 0x6c, 0x20, 0x15, 0x16, 0x8e,
    0x86, 0x80, 0x43, 0xe3, 0x43, 0x47, 0x40, 0x11,
    0x50, 0x1, 0x20, 0xc0, 0x32, 0xd8, 0x1, 0xe4,
    0x0,

    /* U+00AC "¬" */
    0x8a, 0xaf, 0xd0, 0x8a, 0xbf, 0x93, 0x3f, 0xfe,
    0x10, 0xf, 0xfe, 0x3c, 0xd0,

    /* U+00AD "­" */
    0x8a, 0xae, 0x24, 0x55, 0xe1,

    /* U+00AE "®" */
    0x0, 0xe1, 0x0, 0xf8, 0xaf, 0xfb, 0xe8, 0x40,
    0x23, 0xd6, 0x8a, 0x84, 0xf2, 0x0, 0x69, 0xeb,
    0xab, 0xf9, 0xf0, 0x28, 0xf9, 0x6e, 0x58, 0x49,
    0x9b, 0x44, 0xc5, 0xf0, 0xd1, 0x0, 0x82, 0x1,
    0x26, 0xaa, 0x0, 0x5e, 0x24, 0x9, 0x80, 0x26,
    0x6, 0xe1, 0x23, 0xe3, 0x7, 0xe2, 0x83, 0x49,
    0xc2, 0x41, 0xe7, 0x40, 0x5, 0xa2, 0xbd, 0xa1,
    0xc4, 0x0, 0x97, 0xb2, 0xf3, 0x4c, 0x0,

    /* U+00AF "¯" */
    0x6a, 0xac, 0xde, 0xab, 0xb0,

    /* U+00B0 "°" */
    0x0, 0x47, 0x7d, 0x98, 0x2, 0xdc, 0x9, 0x30,
    0x8d, 0xf, 0xb6, 0x42, 0x14, 0x2c, 0x0, 0xc0,
    0xca, 0x16, 0x0, 0x60, 0x63, 0x43, 0xed, 0x90,
    0x80, 0xb6, 0x2, 0x4c, 0x20,

    /* U+00B1 "±" */
    0x0, 0xdb, 0xa0, 0xf, 0xfe, 0x14, 0x55, 0x44,
    0x4a, 0xaa, 0x11, 0x56, 0x0, 0x2a, 0xc9, 0x9f,
    0xf1, 0x13, 0xfe, 0xc0, 0xf, 0xfe, 0x14, 0xc8,
    0x3, 0x45, 0x55, 0xdc, 0xaa, 0xa1, 0x15, 0x7f,
    0x20,

    /* U+00B2 "²" */
    0x9, 0xef, 0xb1, 0xa, 0x69, 0x92, 0xe8, 0x3b,
    0xcd, 0x6, 0x3b, 0x0, 0x1, 0x0, 0xe4, 0x85,
    0x10, 0x3, 0x5a, 0xd0, 0x2, 0x25, 0xe8, 0x1,
    0x4e, 0x9a, 0xaa, 0x5, 0x4, 0xaa, 0x88,

    /* U+00B3 "³" */
    0xd, 0xff, 0xd4, 0x13, 0x54, 0x40, 0xc0, 0x45,
    0xf4, 0xb6, 0x0, 0x42, 0x86, 0x80, 0x53, 0x92,
    0xce, 0x0, 0x13, 0x64, 0xb0, 0x52, 0x0, 0x3b,
    0x82, 0x3d, 0xa4, 0xf8, 0x3d, 0xa5, 0xe1, 0x40,

    /* U+00B4 "´" */
    0x4, 0x70, 0x5, 0x60, 0x28, 0xf0, 0x70, 0xa8,
    0x0,

    /* U+00B5 "µ" */
    0x9f, 0x80, 0xe, 0xff, 0x8, 0x7, 0xff, 0xb4,
    0x40, 0x30, 0x80, 0x73, 0x80, 0x64, 0x0, 0xe1,
    0x90, 0x2, 0x58, 0x7, 0x9b, 0xfd, 0x62, 0x20,
    0xc, 0xa4, 0x2, 0xba, 0x40, 0x1b, 0xb7, 0xfa,
    0x8b, 0x3c, 0x40, 0x3f, 0xfc, 0x0,

    /* U+00B6 "¶" */
    0x1, 0x8e, 0xff, 0xb8, 0x1f, 0xe8, 0x31, 0xc4,
    0x3, 0xf3, 0x90, 0x7, 0xfa, 0xc0, 0x3f, 0xe1,
    0x0, 0xff, 0x84, 0x3, 0xfe, 0x40, 0xf, 0xfa,
    0x44, 0x3, 0xfc, 0x38, 0x80, 0x1f, 0xe2, 0xbf,
    0xea, 0x0, 0xff, 0xb, 0x0, 0x7f, 0xff, 0xc0,
    0x3f, 0x1f, 0x70, 0x1f, 0xa8,

    /* U+00B7 "·" */
    0x39, 0x3f, 0x6e, 0xb0, 0x50,

    /* U+00B8 "¸" */
    0x5, 0x90, 0x4, 0xa8, 0x1, 0xe, 0x2, 0xc8,
    0xdb, 0xb, 0x9e, 0xf5, 0x40,

    /* U+00B9 "¹" */
    0x2c, 0xf5, 0xe1, 0x0, 0x46, 0x0, 0x10, 0x3,
    0xff, 0x96,

    /* U+00BA "º" */
    0x2, 0xcf, 0xc2, 0x0, 0x7b, 0x63, 0x78, 0x11,
    0x20, 0xe0, 0x88, 0x1, 0xf1, 0x12, 0xca, 0x8,
    0x81, 0xcb, 0xad, 0xe0,

    /* U+00BB "»" */
    0x17, 0x0, 0x13, 0x0, 0x4d, 0xc, 0x17, 0x28,
    0x0, 0x75, 0x93, 0x93, 0xb2, 0x0, 0x51, 0x68,
    0xe8, 0xf8, 0x5, 0xe3, 0x43, 0x45, 0x20, 0x8,
    0xf, 0x8, 0xb, 0x7, 0x59, 0x49, 0x3a, 0x24,
    0x85, 0x66, 0x9d, 0x40, 0x9, 0x40, 0x5, 0x80,
    0x2, 0x58, 0x1, 0xa8, 0x2,

    /* U+00BC "¼" */
    0x0, 0xff, 0xe2, 0x9e, 0x7a, 0x80, 0x7e, 0xd5,
    0x0, 0xbc, 0x3, 0xfd, 0x44, 0x1, 0xbf, 0x40,
    0x3f, 0x3a, 0xba, 0x80, 0x46, 0x1, 0xf8, 0xe0,
    0xe0, 0x3, 0xff, 0x80, 0x3a, 0x3a, 0x1, 0xff,
    0xc1, 0xd1, 0xd1, 0x8, 0xa0, 0xf, 0xe8, 0x38,
    0x30, 0x27, 0xd0, 0xf, 0xca, 0xea, 0xe0, 0x8,
    0x17, 0x0, 0xc6, 0x20, 0x54, 0x54, 0x0, 0x35,
    0x91, 0x30, 0x0, 0xe2, 0x7, 0x87, 0x80, 0x50,
    0x2e, 0xec, 0x0, 0xea, 0x2a, 0x20, 0x1, 0xa4,
    0x88, 0x80, 0x40, 0x26, 0x56, 0x50, 0x9, 0x2,
    0x3a, 0x3, 0xc0, 0x7, 0x27, 0x20, 0x19, 0xae,
    0xe7, 0xd, 0x0, 0x1b, 0x68, 0x7, 0xa, 0x25,
    0xc0, 0x60,

    /* U+00BD "½" */
    0x0, 0xff, 0xe3, 0x1e, 0x7a, 0x80, 0x7e, 0xc6,
    0x0, 0xde, 0x1, 0xfe, 0xa3, 0x30, 0x6, 0xed,
    0x0, 0xfc, 0xca, 0xca, 0x1, 0x88, 0x3, 0xf1,
    0x49, 0xc8, 0x7, 0xff, 0xb, 0xc3, 0x80, 0x3f,
    0xf8, 0x54, 0x54, 0x47, 0xbf, 0xe7, 0x0, 0xfc,
    0xca, 0xca, 0x38, 0x36, 0xf0, 0xc0, 0x1e, 0x29,
    0x39, 0x4, 0xe, 0x48, 0x3d, 0x0, 0x8, 0x80,
    0x1e, 0x1c, 0x0, 0x5f, 0x20, 0x0, 0x80, 0x7,
    0x90, 0x28, 0xa8, 0x80, 0x3d, 0x5, 0xc0, 0x19,
    0x95, 0x94, 0x3, 0xd4, 0xf0, 0xa0, 0x11, 0xc9,
    0xc8, 0x7, 0xad, 0x69, 0xc0, 0x37, 0x7, 0x0,
    0x70, 0xe2, 0x52, 0x8, 0x4, 0x66, 0xa2, 0x0,
    0xe7, 0x30, 0xae, 0xe6, 0x0, 0xf, 0xd4, 0x3,
    0xcf, 0x77, 0xde,

    /* U+00BE "¾" */
    0x0, 0x8, 0xe0, 0xf, 0xfe, 0x1e, 0xf7, 0x6a,
    0x0, 0xfa, 0xe8, 0x3, 0xba, 0xec, 0x81, 0xe0,
    0x1e, 0x74, 0x20, 0xe, 0x34, 0xe5, 0xb5, 0x0,
    0xe3, 0x83, 0x80, 0xf, 0x42, 0x8e, 0x0, 0x70,
    0xe8, 0xe8, 0x7, 0xd3, 0x90, 0xec, 0x1, 0xb4,
    0x74, 0x40, 0x3e, 0x13, 0x73, 0xd0, 0xa, 0xe,
    0xc, 0x23, 0x40, 0x31, 0x8, 0x1, 0xdc, 0x0,
    0x57, 0x47, 0x1, 0x75, 0x0, 0xdb, 0x42, 0xa9,
    0x60, 0x54, 0x54, 0x0, 0x80, 0x90, 0xd, 0x6b,
    0xd4, 0xae, 0x1e, 0x1e, 0x20, 0x2c, 0xe2, 0x60,
    0x12, 0x76, 0x6d, 0x5, 0x14, 0x90, 0x2, 0x2,
    0x53, 0x8, 0x3, 0x19, 0x3, 0x2b, 0x30, 0x0,
    0x2c, 0xc0, 0x10, 0x10, 0xf, 0x1c, 0x9c, 0x80,
    0x4a, 0xd, 0xd4, 0x18, 0x1, 0xee, 0x1e, 0x0,
    0xcb, 0x77, 0x40, 0x50, 0x7, 0xaa, 0x84, 0x1,
    0x85, 0x12, 0x30, 0x70,

    /* U+00BF "¿" */
    0x0, 0x9f, 0xf0, 0x3, 0xff, 0x86, 0xb3, 0x0,
    0x1e, 0x27, 0x40, 0xf, 0x3f, 0x60, 0x7, 0xb4,
    0x14, 0x3, 0x99, 0x43, 0x40, 0x33, 0xc8, 0x3a,
    0x0, 0x47, 0x1, 0x30, 0x1, 0xa0, 0x19, 0x80,
    0x1c, 0x81, 0xa0, 0x18, 0x44, 0x1, 0xe6, 0xed,
    0x50, 0x92, 0x3, 0x80, 0xb8, 0x12, 0xdf, 0xc1,
    0x37, 0x2c, 0x61, 0x2, 0x7c, 0x0,

    /* U+00C0 "À" */
    0x0, 0xca, 0xc0, 0x1f, 0xf1, 0x49, 0x0, 0x7f,
    0x98, 0x2c, 0x3, 0xfc, 0x2a, 0xc0, 0x1f, 0xf5,
    0x78, 0x7, 0xff, 0x2c, 0x7f, 0xe4, 0x0, 0xfc,
    0xe0, 0x16, 0x80, 0x7e, 0xa0, 0x40, 0x70, 0xf,
    0x84, 0xc2, 0x44, 0x48, 0x1, 0xe7, 0x3, 0x27,
    0xd, 0x0, 0xf5, 0x5, 0x5, 0x3, 0x80, 0x70,
    0x98, 0x38, 0x18, 0x89, 0x0, 0x33, 0x81, 0x88,
    0x1, 0xc3, 0x40, 0x35, 0x5, 0x0, 0x54, 0xe,
    0x1, 0x9, 0x84, 0xff, 0xd8, 0x2, 0x80, 0x7,
    0x0, 0xfe, 0xd0, 0x5, 0x4, 0xff, 0xf6, 0x3,
    0x80, 0x98, 0x38, 0x7, 0x18, 0x89, 0x1c, 0x10,
    0x40, 0x3c, 0xe1, 0xa0,

    /* U+00C1 "Á" */
    0x0, 0xf9, 0x5c, 0x3, 0xfe, 0xad, 0x0, 0xff,
    0x30, 0x48, 0x7, 0xfa, 0xc8, 0xc0, 0x3f, 0xdb,
    0xa0, 0xf, 0xfe, 0x50, 0xff, 0xc8, 0x1, 0xf9,
    0xc0, 0x2d, 0x0, 0xfd, 0x40, 0xa0, 0xe0, 0x1f,
    0x9, 0x85, 0x88, 0x90, 0x3, 0xce, 0x8, 0x2e,
    0x1a, 0x1, 0xea, 0xd, 0xd, 0x7, 0x0, 0xe1,
    0x30, 0x70, 0x41, 0x12, 0x0, 0x67, 0x4, 0x10,
    0x3, 0x86, 0x80, 0x6a, 0xd, 0x0, 0xb4, 0x1c,
    0x2, 0x13, 0x9, 0xff, 0xac, 0x5, 0x0, 0xe,
    0x1, 0xfd, 0xa0, 0xa, 0x9, 0xff, 0xeb, 0x7,
    0x1, 0x30, 0x70, 0xe, 0x41, 0x12, 0x38, 0x20,
    0x80, 0x79, 0xc3, 0x40,

    /* U+00C2 "Â" */
    0x0, 0xeb, 0xfd, 0x10, 0xf, 0xd4, 0x8e, 0x54,
    0x1, 0xf3, 0xab, 0xc4, 0xa4, 0x80, 0x79, 0xfe,
    0x1, 0xbe, 0x40, 0x3f, 0xf9, 0x3, 0xff, 0x20,
    0x7, 0xe7, 0x0, 0xb4, 0x3, 0xf5, 0x2, 0x83,
    0x80, 0x7c, 0x26, 0x16, 0x22, 0x40, 0xf, 0x38,
    0x20, 0xb8, 0x68, 0x7, 0xa8, 0x34, 0x34, 0x1c,
    0x3, 0x84, 0xc1, 0xc1, 0x4, 0x48, 0x1, 0x9c,
    0x10, 0x40, 0xe, 0x1a, 0x1, 0xa8, 0x34, 0x2,
    0xd0, 0x70, 0x8, 0x4c, 0x27, 0xfe, 0xb0, 0x14,
    0x0, 0x38, 0x7, 0xf6, 0x80, 0x28, 0x27, 0xff,
    0xac, 0x1c, 0x4, 0xc1, 0xc0, 0x39, 0x4, 0x48,
    0xe0, 0x82, 0x1, 0xe7, 0xd,

    /* U+00C3 "Ã" */
    0x0, 0x93, 0xb9, 0x5, 0x1c, 0x1, 0xef, 0x4,
    0x7d, 0x72, 0x0, 0xf6, 0xdd, 0x74, 0xbf, 0x0,
    0x79, 0x94, 0x5, 0xa0, 0x80, 0x3f, 0xf9, 0x3,
    0xff, 0x20, 0x7, 0xe7, 0x0, 0xb4, 0x3, 0xf5,
    0x2, 0x83, 0x80, 0x7c, 0x26, 0x16, 0x22, 0x40,
    0xf, 0x38, 0x20, 0xb8, 0x68, 0x7, 0xa8, 0x34,
    0x34, 0x1c, 0x3, 0x84, 0xc1, 0xc1, 0x4, 0x48,
    0x1, 0x9c, 0x10, 0x40, 0xe, 0x1a, 0x1, 0xa8,
    0x34, 0x2, 0xd0, 0x70, 0x8, 0x4c, 0x27, 0xfe,
    0xb0, 0x14, 0x0, 0x38, 0x7, 0xf6, 0x80, 0x28,
    0x27, 0xff, 0xac, 0x1c, 0x4, 0xc1, 0xc0, 0x39,
    0x4, 0x48, 0xe0, 0x82, 0x1, 0xe7, 0xd,

    /* U+00C4 "Ä" */
    0x0, 0x9b, 0xe4, 0x1b, 0xe4, 0x3, 0xff, 0x8e,
    0xdf, 0x20, 0xdf, 0x20, 0x1f, 0xfc, 0x81, 0xff,
    0x90, 0x3, 0xf3, 0x80, 0x5a, 0x1, 0xfa, 0x81,
    0x41, 0xc0, 0x3e, 0x13, 0xb, 0x11, 0x20, 0x7,
    0x9c, 0x10, 0x5c, 0x34, 0x3, 0xd4, 0x1a, 0x1a,
    0xe, 0x1, 0xc2, 0x60, 0xe0, 0x82, 0x24, 0x0,
    0xce, 0x8, 0x20, 0x7, 0xd, 0x0, 0xd4, 0x1a,
    0x1, 0x68, 0x38, 0x4, 0x26, 0x13, 0xff, 0x58,
    0xa, 0x0, 0x1c, 0x3, 0xfb, 0x40, 0x14, 0x13,
    0xff, 0xd6, 0xe, 0x2, 0x60, 0xe0, 0x1c, 0x82,
    0x24, 0x70, 0x41, 0x0, 0xf3, 0x86, 0x80,

    /* U+00C5 "Å" */
    0x0, 0xff, 0xe2, 0x96, 0x7f, 0x20, 0x7, 0xe9,
    0xb, 0x4a, 0x0, 0xfc, 0xee, 0x52, 0x10, 0xf,
    0xd0, 0x9c, 0xf2, 0x1, 0xf9, 0x3f, 0x39, 0x80,
    0x3f, 0xc6, 0x20, 0x1f, 0xc3, 0xff, 0x20, 0x7,
    0xe7, 0x0, 0xb4, 0x3, 0xf5, 0x2, 0x83, 0x80,
    0x7c, 0x26, 0x16, 0x22, 0x40, 0xf, 0x38, 0x20,
    0xb8, 0x68, 0x7, 0xa8, 0x34, 0x34, 0x1c, 0x3,
    0x84, 0xc1, 0xc1, 0x4, 0x48, 0x1, 0x9c, 0x10,
    0x40, 0xe, 0x1a, 0x1, 0xa8, 0x34, 0x2, 0xd0,
    0x70, 0x8, 0x4c, 0x27, 0xfe, 0xb0, 0x14, 0x0,
    0x38, 0x7, 0xf6, 0x80, 0x28, 0x27, 0xff, 0xac,
    0x1c, 0x4, 0xc1, 0xc0, 0x39, 0x4, 0x48, 0xe0,
    0x82, 0x1, 0xe7, 0xd,

    /* U+00C6 "Æ" */
    0x0, 0xc3, 0xff, 0xff, 0xc0, 0xa0, 0xc, 0xe0,
    0x1f, 0xfc, 0x3, 0x0, 0xd4, 0x13, 0xec, 0xf,
    0xff, 0xe9, 0x0, 0x84, 0xc1, 0xc0, 0x3f, 0xf8,
    0x4e, 0x8, 0x20, 0x1f, 0xfc, 0x2a, 0xd, 0x0,
    0xff, 0xe1, 0x9, 0x83, 0x80, 0x67, 0xff, 0xe7,
    0x0, 0x9c, 0x10, 0x40, 0x3f, 0xc2, 0x1, 0x50,
    0x68, 0x7, 0x3f, 0xff, 0x30, 0x0, 0x4c, 0x27,
    0xfe, 0x60, 0xf, 0xf3, 0x80, 0x7f, 0xf1, 0x68,
    0x27, 0xff, 0x30, 0x7, 0xf0, 0x98, 0x38, 0x7,
    0x9f, 0xff, 0xd2, 0xe0, 0x82, 0x1, 0xff, 0xc1,
    0x30,

    /* U+00C7 "Ç" */
    0x0, 0xcf, 0x9f, 0xee, 0xb6, 0x0, 0xe3, 0xe8,
    0x30, 0x0, 0xa4, 0xe0, 0x80, 0xb, 0x44, 0xaf,
    0xfd, 0xd2, 0x27, 0xa0, 0x8, 0x12, 0xd4, 0x0,
    0xb, 0x60, 0x1b, 0x8a, 0x84, 0x80, 0x78, 0xa1,
    0x9, 0x40, 0x8, 0x1, 0xf3, 0xda, 0x90, 0x10,
    0x7, 0xff, 0x34, 0x80, 0x80, 0x3f, 0xe5, 0x0,
    0x20, 0x7, 0xcf, 0x6a, 0x2a, 0x12, 0x1, 0xe2,
    0x84, 0x20, 0x81, 0x2d, 0x40, 0x0, 0xb6, 0x1,
    0xb8, 0x16, 0x89, 0x5f, 0xfb, 0xa4, 0x4f, 0x40,
    0x23, 0xe8, 0x30, 0x9, 0x27, 0x4, 0x3, 0x9f,
    0x30, 0x1b, 0x6c, 0x1, 0xfc, 0xa1, 0xe0, 0x1f,
    0xf3, 0x49, 0x18, 0x7, 0xf9, 0xb4, 0x8, 0x3,
    0xfd, 0x69, 0x2, 0x1, 0x80,

    /* U+00C8 "È" */
    0x0, 0x99, 0x40, 0x3f, 0x7d, 0x8, 0x7, 0xd4,
    0xc, 0x1, 0xf1, 0x9a, 0x80, 0x3f, 0x66, 0x80,
    0x7f, 0xf0, 0xa7, 0xff, 0xf4, 0x80, 0x7f, 0xf0,
    0x23, 0xff, 0xd2, 0x1, 0xff, 0xd4, 0x8f, 0xfe,
    0x60, 0xf, 0xfe, 0xc, 0x7f, 0xf3, 0x0, 0x7f,
    0xf5, 0x63, 0xff, 0xd2, 0x1, 0xfe,

    /* U+00C9 "É" */
    0x0, 0xe1, 0x73, 0x0, 0xfa, 0x60, 0x40, 0x3e,
    0x64, 0x20, 0xf, 0x28, 0xf8, 0x7, 0xcb, 0xe8,
    0x1, 0xff, 0xc1, 0x9f, 0xff, 0xd2, 0x1, 0xff,
    0xc0, 0x8f, 0xff, 0x48, 0x7, 0xff, 0x52, 0x3f,
    0xf9, 0x80, 0x3f, 0xf8, 0x31, 0xff, 0xcc, 0x1,
    0xff, 0xd5, 0x8f, 0xff, 0x48, 0x7, 0xf8,

    /* U+00CA "Ê" */
    0x0, 0x9f, 0xfc, 0x60, 0x1c, 0xb0, 0xa5, 0xa4,
    0x1, 0x1d, 0x1d, 0x78, 0x78, 0x80, 0xf, 0xf0,
    0xb, 0xb4, 0x40, 0x3f, 0xe9, 0xff, 0xfd, 0x20,
    0x1f, 0xfc, 0x8, 0xff, 0xf4, 0x80, 0x7f, 0xf5,
    0x23, 0xff, 0x98, 0x3, 0xff, 0x83, 0x1f, 0xfc,
    0xc0, 0x1f, 0xfd, 0x58, 0xff, 0xf4, 0x80, 0x7f,
    0x80,

    /* U+00CB "Ë" */
    0x2, 0xfe, 0x1, 0xfe, 0x0, 0xe3, 0x0, 0xf8,
    0xbf, 0x40, 0x7f, 0x80, 0x3f, 0xf8, 0x13, 0xff,
    0xfa, 0x40, 0x3f, 0xf8, 0x11, 0xff, 0xe9, 0x0,
    0xff, 0xea, 0x47, 0xff, 0x30, 0x7, 0xff, 0x6,
    0x3f, 0xf9, 0x80, 0x3f, 0xfa, 0xb1, 0xff, 0xe9,
    0x0, 0xff, 0x0,

    /* U+00CC "Ì" */
    0x47, 0x0, 0x3c, 0x30, 0x19, 0x58, 0x2, 0xc8,
    0xc1, 0xbc, 0xc0, 0x39, 0xbe, 0xc0, 0x3f, 0xfd,
    0x0,

    /* U+00CD "Í" */
    0x0, 0x33, 0x0, 0x67, 0x82, 0x42, 0x81, 0x90,
    0x83, 0xac, 0x3, 0x9b, 0xec, 0x3, 0xff, 0xd2,

    /* U+00CE "Î" */
    0x0, 0x5f, 0xe8, 0x80, 0x52, 0x8e, 0x5a, 0x0,
    0x76, 0x78, 0xa3, 0xa0, 0x7f, 0x80, 0x5f, 0xa0,
    0xf, 0xf9, 0xbe, 0xc0, 0x3f, 0xff, 0xe0, 0x1f,
    0xfd, 0x40,

    /* U+00CF "Ï" */
    0x6f, 0xa0, 0x5f, 0xa3, 0x3, 0x0, 0xcb, 0xf2,
    0xb, 0xf4, 0x1, 0xfc, 0xdf, 0x60, 0x1f, 0xff,
    0xf0, 0xf, 0xfe, 0x30,

    /* U+00D0 "Ð" */
    0xa, 0xff, 0xf6, 0x30, 0x7, 0xfc, 0x73, 0x60,
    0x1c, 0xff, 0xf7, 0x48, 0x24, 0x80, 0x7e, 0x16,
    0xb0, 0x62, 0x0, 0xfe, 0x43, 0xa, 0x0, 0xff,
    0x20, 0x1e, 0x28, 0x3f, 0xfb, 0x0, 0x2e, 0x6,
    0x41, 0x2, 0x55, 0x20, 0x7, 0xa1, 0x1, 0x6a,
    0x90, 0x1, 0x70, 0x30, 0x7, 0xf9, 0x0, 0xc0,
    0x3f, 0x90, 0xc2, 0x80, 0x3e, 0x16, 0xb0, 0x52,
    0x0, 0x9f, 0xfe, 0xe9, 0x4, 0xa0, 0xf, 0xe3,
    0x9b, 0x0, 0x0,

    /* U+00D1 "Ñ" */
    0x0, 0x8a, 0x18, 0x0, 0xca, 0x1, 0xd8, 0xf3,
    0xd3, 0x2f, 0x0, 0xe1, 0x9d, 0x76, 0x19, 0x0,
    0xef, 0x62, 0x9f, 0xe3, 0x0, 0xff, 0xe1, 0x4f,
    0xe8, 0x7, 0x9b, 0xec, 0x0, 0x50, 0x1, 0xff,
    0x39, 0x80, 0x7f, 0xdc, 0x1, 0xfc, 0xe4, 0x49,
    0x0, 0xfe, 0xe0, 0x64, 0x0, 0xfc, 0x6e, 0x14,
    0x20, 0x1f, 0xa0, 0xc6, 0xc0, 0x3f, 0xb8, 0x15,
    0x40, 0x1f, 0x8a, 0x2, 0xc4, 0x3, 0xf3, 0x98,
    0xc0, 0x7, 0xf7, 0x0, 0x7f, 0xc5, 0x20, 0x1f,
    0xf3, 0x20, 0x0,

    /* U+00D2 "Ò" */
    0x0, 0xe6, 0x50, 0xf, 0xfe, 0xf, 0xd0, 0x80,
    0x7f, 0xf0, 0x28, 0x18, 0x3, 0xff, 0x80, 0x66,
    0xa0, 0xf, 0xfe, 0xe, 0x68, 0x7, 0xff, 0x39,
    0xf3, 0xfd, 0xd6, 0xc0, 0x1e, 0x3e, 0x83, 0x0,
    0xa, 0x4e, 0x8, 0x4, 0x5a, 0x25, 0x7f, 0xee,
    0x91, 0x3c, 0x0, 0xa0, 0x4b, 0x50, 0x0, 0x2d,
    0x82, 0x4e, 0x2, 0xa1, 0x20, 0x1e, 0x29, 0xa,
    0x5, 0x0, 0x20, 0x7, 0xca, 0x4, 0x24, 0x4,
    0x1, 0xf8, 0x80, 0x6, 0x1, 0xff, 0xc3, 0x20,
    0x20, 0xf, 0xc4, 0x0, 0x35, 0x0, 0x20, 0x7,
    0xca, 0x4, 0x22, 0x50, 0x90, 0xf, 0x14, 0x5,
    0x0, 0x20, 0x4b, 0x50, 0x0, 0x2d, 0x80, 0x4e,
    0x0, 0x2d, 0x12, 0xbf, 0xf7, 0x48, 0x9e, 0x0,
    0x63, 0xe8, 0x30, 0x0, 0xa4, 0xe0, 0x80, 0x0,

    /* U+00D3 "Ó" */
    0x0, 0xfc, 0xea, 0x1, 0xff, 0xc0, 0x48, 0x30,
    0xf, 0xfe, 0x7, 0xb, 0x0, 0x7f, 0xc2, 0xac,
    0x1, 0xff, 0xc0, 0x1f, 0x80, 0xf, 0xfe, 0x6b,
    0xe7, 0xfb, 0xad, 0x80, 0x3c, 0x7d, 0x6, 0x0,
    0x14, 0x9c, 0x10, 0x8, 0xb4, 0x4a, 0xff, 0xdd,
    0x22, 0x78, 0x1, 0x40, 0x96, 0xa0, 0x0, 0x5b,
    0x4, 0x9c, 0x5, 0x42, 0x40, 0x3c, 0x52, 0x14,
    0xa, 0x0, 0x40, 0xf, 0x94, 0x8, 0x48, 0x8,
    0x3, 0xf1, 0x0, 0xc, 0x3, 0xff, 0x86, 0x40,
    0x40, 0x1f, 0x88, 0x0, 0x6a, 0x0, 0x40, 0xf,
    0x94, 0x8, 0x44, 0xa1, 0x20, 0x1e, 0x28, 0xa,
    0x0, 0x40, 0x96, 0xa0, 0x0, 0x5b, 0x0, 0x9c,
    0x0, 0x5a, 0x25, 0x7f, 0xee, 0x91, 0x3c, 0x0,
    0xc7, 0xd0, 0x60, 0x1, 0x49, 0xc1, 0x0, 0x0,

    /* U+00D4 "Ô" */
    0x0, 0xe1, 0xdf, 0xb0, 0xf, 0xfb, 0x49, 0xd2,
    0x40, 0x3f, 0xa8, 0xea, 0x1d, 0x9c, 0x3, 0xf5,
    0x7a, 0x84, 0x7b, 0x80, 0x7f, 0xf2, 0xdf, 0x3f,
    0xdd, 0x6c, 0x1, 0xe3, 0xe8, 0x30, 0x0, 0xa4,
    0xe0, 0x80, 0x45, 0xa2, 0x57, 0xfe, 0xe9, 0x13,
    0xc0, 0xa, 0x4, 0xb5, 0x0, 0x2, 0xd8, 0x24,
    0xe0, 0x2a, 0x12, 0x1, 0xe2, 0x90, 0xa0, 0x50,
    0x2, 0x0, 0x7c, 0xa0, 0x42, 0x40, 0x40, 0x1f,
    0x88, 0x0, 0x60, 0x1f, 0xfc, 0x32, 0x2, 0x0,
    0xfc, 0x40, 0x3, 0x50, 0x2, 0x0, 0x7c, 0xa0,
    0x42, 0x25, 0x9, 0x0, 0xf1, 0x40, 0x50, 0x2,
    0x4, 0xb5, 0x0, 0x2, 0xd8, 0x4, 0xe0, 0x2,
    0xd1, 0x2b, 0xff, 0x74, 0x89, 0xe0, 0x6, 0x3e,
    0x83, 0x0, 0xa, 0x4e, 0x8, 0x0,

    /* U+00D5 "Õ" */
    0x0, 0xc9, 0xdc, 0x50, 0x8d, 0x0, 0xfd, 0xe0,
    0xb5, 0x6a, 0x1, 0xfc, 0xee, 0xbb, 0x31, 0x40,
    0x7, 0xec, 0x90, 0x4d, 0xf5, 0x0, 0xff, 0xe5,
    0xbe, 0x7f, 0xba, 0xd8, 0x3, 0xc7, 0xd0, 0x60,
    0x1, 0x49, 0xc1, 0x0, 0x8b, 0x44, 0xaf, 0xfd,
    0xd2, 0x27, 0x80, 0x14, 0x9, 0x6a, 0x0, 0x5,
    0xb0, 0x49, 0xc0, 0x54, 0x24, 0x3, 0xc5, 0x21,
    0x40, 0xa0, 0x4, 0x0, 0xf9, 0x40, 0x84, 0x80,
    0x80, 0x3f, 0x10, 0x0, 0xc0, 0x3f, 0xf8, 0x64,
    0x4, 0x1, 0xf8, 0x80, 0x6, 0xa0, 0x4, 0x0,
    0xf9, 0x40, 0x84, 0x4a, 0x12, 0x1, 0xe2, 0x80,
    0xa0, 0x4, 0x9, 0x6a, 0x0, 0x5, 0xb0, 0x9,
    0xc0, 0x5, 0xa2, 0x57, 0xfe, 0xe9, 0x13, 0xc0,
    0xc, 0x7d, 0x6, 0x0, 0x14, 0x9c, 0x10, 0x0,

    /* U+00D6 "Ö" */
    0x0, 0xd3, 0xec, 0x13, 0xec, 0x1, 0xff, 0xcb,
    0x9f, 0x60, 0x9f, 0x60, 0xf, 0xfe, 0x5b, 0xe7,
    0xfb, 0xad, 0x80, 0x3c, 0x7d, 0x6, 0x0, 0x14,
    0x9c, 0x10, 0x8, 0xb4, 0x4a, 0xff, 0xdd, 0x22,
    0x78, 0x1, 0x40, 0x96, 0xa0, 0x0, 0x5b, 0x4,
    0x9c, 0x5, 0x42, 0x40, 0x3c, 0x52, 0x14, 0xa,
    0x0, 0x40, 0xf, 0x94, 0x8, 0x48, 0x8, 0x3,
    0xf1, 0x0, 0xc, 0x3, 0xff, 0x86, 0x40, 0x40,
    0x1f, 0x88, 0x0, 0x6a, 0x0, 0x40, 0xf, 0x94,
    0x8, 0x44, 0xa1, 0x20, 0x1e, 0x28, 0xa, 0x0,
    0x40, 0x96, 0xa0, 0x0, 0x5b, 0x0, 0x9c, 0x0,
    0x5a, 0x25, 0x7f, 0xee, 0x91, 0x3c, 0x0, 0xc7,
    0xd0, 0x60, 0x1, 0x49, 0xc1, 0x0, 0x0,

    /* U+00D7 "×" */
    0x2a, 0x0, 0xd4, 0x4a, 0xac, 0x0, 0x62, 0xa9,
    0xdc, 0x79, 0x83, 0x77, 0x4, 0x39, 0x99, 0xe0,
    0x2, 0x40, 0x2, 0x0, 0x58, 0x6e, 0xe3, 0xc0,
    0x83, 0x78, 0x83, 0x9c, 0x42, 0xa0, 0x1, 0x15,
    0x0,

    /* U+00D8 "Ø" */
    0x0, 0xcf, 0x9f, 0xee, 0xb6, 0x8, 0x60, 0x8,
    0xfa, 0xc, 0x0, 0x29, 0x3c, 0xf2, 0x40, 0x5a,
    0x25, 0x7f, 0xee, 0x90, 0x10, 0xa2, 0x8, 0x12,
    0xd4, 0x0, 0x8, 0x6, 0x20, 0x15, 0x9, 0x0,
    0xcb, 0x20, 0x81, 0x40, 0xa0, 0x4, 0x0, 0x96,
    0x82, 0xa4, 0x8, 0x48, 0x8, 0x2, 0x5a, 0xa,
    0x52, 0x0, 0x18, 0x7, 0x25, 0x5, 0x28, 0x7,
    0x10, 0x10, 0x25, 0x85, 0x28, 0x0, 0x80, 0x6,
    0xa0, 0x8, 0xb0, 0x95, 0x0, 0x94, 0x8, 0x44,
    0xa0, 0xe1, 0x2c, 0x1, 0x14, 0x5, 0x0, 0x30,
    0x0, 0x24, 0x0, 0x16, 0xc0, 0x27, 0x1, 0x90,
    0x0, 0xdf, 0xfb, 0xa4, 0x4f, 0x0, 0x3, 0x2f,
    0xf0, 0x60, 0x1, 0x49, 0xc1, 0x0, 0x0,

    /* U+00D9 "Ù" */
    0x0, 0xcc, 0xc0, 0xf, 0xf7, 0x49, 0x0, 0x7f,
    0x48, 0x50, 0x7, 0xf0, 0xa3, 0x0, 0x7f, 0xaf,
    0x80, 0x3f, 0xf8, 0xb3, 0xf0, 0x1, 0xe3, 0xfe,
    0x0, 0xff, 0xff, 0x80, 0x7f, 0xf2, 0xc, 0x40,
    0x80, 0x3c, 0xc0, 0x38, 0xa, 0x40, 0x1d, 0x0,
    0xa8, 0x41, 0x8a, 0x0, 0x3c, 0x20, 0xb0, 0xf2,
    0x1a, 0xff, 0x61, 0x85, 0x10, 0x16, 0xc1, 0x80,
    0x9, 0xb5, 0x40,

    /* U+00DA "Ú" */
    0x0, 0xf1, 0xb8, 0x80, 0x7f, 0x44, 0x88, 0x7,
    0xe2, 0x49, 0x0, 0xfe, 0xa0, 0x60, 0xf, 0xe8,
    0xf1, 0x0, 0xff, 0xe2, 0x4f, 0xc0, 0x7, 0x8f,
    0xf8, 0x3, 0xff, 0xfe, 0x1, 0xff, 0xc8, 0x31,
    0x2, 0x0, 0xf3, 0x0, 0xe0, 0x29, 0x0, 0x74,
    0x2, 0xa1, 0x6, 0x28, 0x0, 0xf0, 0x82, 0xc3,
    0xc8, 0x6b, 0xfd, 0x86, 0x14, 0x40, 0x5b, 0x6,
    0x0, 0x26, 0xd5, 0x0,

    /* U+00DB "Û" */
    0x0, 0xc9, 0xfe, 0x70, 0xf, 0x8a, 0x89, 0x61,
    0x0, 0x38, 0x7c, 0x3e, 0x8e, 0xcc, 0x3, 0xe,
    0xf1, 0x6, 0x79, 0x80, 0x7f, 0xf0, 0xa7, 0xe0,
    0x3, 0xc7, 0xfc, 0x1, 0xff, 0xff, 0x0, 0xff,
    0xe4, 0x18, 0x81, 0x0, 0x79, 0x80, 0x70, 0x14,
    0x80, 0x3a, 0x1, 0x50, 0x83, 0x14, 0x0, 0x78,
    0x41, 0x61, 0xe4, 0x35, 0xfe, 0xc3, 0xa, 0x20,
    0x2d, 0x83, 0x0, 0x13, 0x6a, 0x80,

    /* U+00DC "Ü" */
    0x0, 0xbb, 0xc8, 0x37, 0xc8, 0x3, 0x8c, 0x3,
    0xfe, 0xdf, 0x20, 0xdf, 0x20, 0xf, 0xfe, 0x14,
    0xfc, 0x0, 0x78, 0xff, 0x80, 0x3f, 0xff, 0xe0,
    0x1f, 0xfc, 0x83, 0x10, 0x20, 0xf, 0x30, 0xe,
    0x2, 0x90, 0x7, 0x40, 0x2a, 0x10, 0x62, 0x80,
    0xf, 0x8, 0x2c, 0x3c, 0x86, 0xbf, 0xd8, 0x61,
    0x44, 0x5, 0xb0, 0x60, 0x2, 0x6d, 0x50,

    /* U+00DD "Ý" */
    0x0, 0xf2, 0x38, 0x7, 0xfa, 0xb4, 0x3, 0xf9,
    0x47, 0x80, 0x3f, 0xa4, 0x90, 0x3, 0xfb, 0x34,
    0x3, 0xff, 0x8b, 0x7f, 0x60, 0x1e, 0xdf, 0x99,
    0x2, 0x28, 0x6, 0x72, 0x19, 0x27, 0xb, 0x0,
    0x86, 0x2, 0x0, 0x10, 0x22, 0x80, 0x5, 0x81,
    0xb0, 0x5, 0x60, 0xe4, 0x8a, 0x1e, 0x1, 0x95,
    0x2, 0x64, 0xc, 0x60, 0x1d, 0x20, 0x84, 0x30,
    0x1, 0xe2, 0x70, 0x4, 0x8, 0x7, 0xd4, 0x0,
    0x60, 0xf, 0xff, 0xa0,

    /* U+00DE "Þ" */
    0x9f, 0x80, 0xf, 0xfe, 0x4b, 0xff, 0xdd, 0x6a,
    0x1, 0xf8, 0x52, 0x9c, 0x2, 0x7f, 0xfb, 0xa0,
    0x20, 0xc0, 0x3c, 0x2e, 0xa1, 0x40, 0x1f, 0xb0,
    0x14, 0x3, 0xf7, 0x83, 0x0, 0x7c, 0xec, 0x1c,
    0x0, 0x7f, 0xfd, 0x0, 0xe8, 0x1, 0xf1, 0xd4,
    0x0, 0x4f, 0xff, 0xb1, 0x40, 0x3f, 0xf9, 0x80,

    /* U+00DF "ß" */
    0x1, 0x9e, 0xfe, 0xb3, 0x0, 0xd8, 0xc2, 0x2,
    0x98, 0x80, 0x6, 0x20, 0xbf, 0xe5, 0x9, 0x0,
    0x78, 0x2a, 0x0, 0xc0, 0x10, 0x6, 0x20, 0x8,
    0x40, 0x3f, 0xb, 0x68, 0x38, 0x7, 0x96, 0x44,
    0x30, 0x3, 0xcc, 0xe8, 0x16, 0xc0, 0x1c, 0x51,
    0x74, 0x12, 0x1, 0xf9, 0x44, 0xc, 0x3, 0xf0,
    0x80, 0x78, 0x80, 0xec, 0x4, 0xc0, 0x22, 0xdf,
    0xc4, 0x8, 0x0, 0xfc, 0x76, 0xc0,

    /* U+00E0 "à" */
    0x0, 0x8f, 0xdc, 0x3, 0xf1, 0x9a, 0x80, 0x3f,
    0xa8, 0x90, 0x3, 0xf3, 0x40, 0x7, 0xf9, 0xd0,
    0x3, 0xc3, 0x3d, 0xfe, 0xc5, 0x0, 0x87, 0xd8,
    0x44, 0x7, 0x4e, 0x0, 0xb1, 0x3d, 0xef, 0x80,
    0x80, 0x5, 0xd7, 0x10, 0x1, 0xc0, 0x4, 0x2,
    0xa2, 0xf5, 0x9c, 0x0, 0x10, 0x2d, 0xc8, 0x52,
    0x20, 0x6, 0xc2, 0x3b, 0xfe, 0xc0, 0x8, 0x84,
    0x31, 0x0, 0x6, 0x1, 0x18, 0x0, 0x80, 0x3,
    0xc0, 0x10, 0xa0, 0x6d, 0xe7, 0x19, 0x80, 0x2b,
    0x61, 0x42, 0x6f, 0x60, 0x0,

    /* U+00E1 "á" */
    0x0, 0xf6, 0x70, 0x7, 0xe2, 0x39, 0x0, 0xfd,
    0x40, 0xc0, 0x1f, 0xba, 0x84, 0x3, 0xf3, 0x28,
    0x7, 0x86, 0x7b, 0xfd, 0x8a, 0x1, 0xf, 0xb0,
    0x88, 0xe, 0x9c, 0x1, 0x62, 0x7b, 0xdf, 0x1,
    0x0, 0xb, 0xae, 0x20, 0x3, 0x80, 0x8, 0x5,
    0x45, 0xeb, 0x38, 0x0, 0x20, 0x5b, 0x90, 0xa4,
    0x40, 0xd, 0x84, 0x77, 0xfd, 0x80, 0x11, 0x8,
    0x62, 0x0, 0xc, 0x2, 0x30, 0x1, 0x0, 0x7,
    0x80, 0x21, 0x40, 0xdb, 0xce, 0x33, 0x0, 0x56,
    0xc2, 0x84, 0xde, 0xc0, 0x0,

    /* U+00E2 "â" */
    0x0, 0xc5, 0xe, 0x1, 0xf0, 0xfb, 0xc4, 0x80,
    0x7b, 0x4b, 0x1d, 0x9c, 0x3, 0x1a, 0x59, 0xc4,
    0x0, 0x38, 0xe1, 0x0, 0xe, 0xe0, 0xc, 0x33,
    0xdf, 0xec, 0x50, 0x8, 0x7d, 0x84, 0x40, 0x74,
    0xe0, 0xb, 0x13, 0xde, 0xf8, 0x8, 0x0, 0x5d,
    0x71, 0x0, 0x1c, 0x0, 0x40, 0x2a, 0x2f, 0x59,
    0xc0, 0x1, 0x2, 0xdc, 0x85, 0x22, 0x0, 0x6c,
    0x23, 0xbf, 0xec, 0x0, 0x88, 0x43, 0x10, 0x0,
    0x60, 0x11, 0x80, 0x8, 0x0, 0x3c, 0x1, 0xa,
    0x6, 0xde, 0x71, 0x98, 0x2, 0xb6, 0x14, 0x26,
    0xf6, 0x0, 0x0,

    /* U+00E3 "ã" */
    0x0, 0x92, 0x8, 0x1, 0x4, 0x1, 0x15, 0xbe,
    0xb9, 0x3b, 0x80, 0x27, 0xd, 0x88, 0x68, 0x38,
    0x4, 0xee, 0x27, 0xd7, 0xb2, 0x0, 0x8a, 0x0,
    0x5, 0x8, 0x1, 0x86, 0x7b, 0xfd, 0x8a, 0x1,
    0xf, 0xb0, 0x88, 0xe, 0x9c, 0x1, 0x62, 0x7b,
    0xdf, 0x1, 0x0, 0xb, 0xae, 0x20, 0x3, 0x80,
    0x8, 0x5, 0x45, 0xeb, 0x38, 0x0, 0x20, 0x5b,
    0x90, 0xa4, 0x40, 0xd, 0x84, 0x77, 0xfd, 0x80,
    0x11, 0x8, 0x62, 0x0, 0xc, 0x2, 0x30, 0x1,
    0x0, 0x7, 0x80, 0x21, 0x40, 0xdb, 0xce, 0x33,
    0x0, 0x56, 0xc2, 0x84, 0xde, 0xc0, 0x0,

    /* U+00E4 "ä" */
    0x0, 0x17, 0xf0, 0xf, 0xf0, 0x7, 0x8c, 0x3,
    0xf1, 0x7e, 0x80, 0xff, 0x0, 0x61, 0x9e, 0xff,
    0x62, 0x80, 0x43, 0xec, 0x22, 0x3, 0xa7, 0x0,
    0x58, 0x9e, 0xf7, 0xc0, 0x40, 0x2, 0xeb, 0x88,
    0x0, 0xe0, 0x2, 0x1, 0x51, 0x7a, 0xce, 0x0,
    0x8, 0x16, 0xe4, 0x29, 0x10, 0x3, 0x61, 0x1d,
    0xff, 0x60, 0x4, 0x42, 0x18, 0x80, 0x3, 0x0,
    0x8c, 0x0, 0x40, 0x1, 0xe0, 0x8, 0x50, 0x36,
    0xf3, 0x8c, 0xc0, 0x15, 0xb0, 0xa1, 0x37, 0xb0,
    0x0,

    /* U+00E5 "å" */
    0x0, 0xff, 0xe1, 0xcf, 0xf9, 0x40, 0x3c, 0xcc,
    0x96, 0xa1, 0x0, 0xef, 0x36, 0x80, 0x50, 0xe,
    0xe3, 0x33, 0x3, 0x0, 0x73, 0x9e, 0x44, 0x8,
    0x3, 0xd9, 0x8d, 0x70, 0xe, 0x19, 0xec, 0xdc,
    0x50, 0x8, 0x7d, 0x84, 0x40, 0x74, 0xe0, 0xb,
    0x13, 0xde, 0xf8, 0x8, 0x0, 0x5d, 0x71, 0x0,
    0x1c, 0x0, 0x40, 0x2a, 0x2f, 0x59, 0xc0, 0x1,
    0x2, 0xdc, 0x85, 0x22, 0x0, 0x6c, 0x23, 0xbf,
    0xec, 0x0, 0x88, 0x43, 0x10, 0x0, 0x60, 0x11,
    0x80, 0x8, 0x0, 0x3c, 0x1, 0xa, 0x6, 0xde,
    0x71, 0x98, 0x2, 0xb6, 0x14, 0x26, 0xf6, 0x0,
    0x0,

    /* U+00E6 "æ" */
    0x0, 0xc, 0x6f, 0xfb, 0x14, 0x12, 0xff, 0xda,
    0xe0, 0x18, 0x71, 0xc8, 0x82, 0x75, 0x76, 0x41,
    0x22, 0x45, 0x80, 0x50, 0x49, 0xdb, 0xd0, 0x8,
    0x15, 0xdb, 0xc4, 0x8a, 0x0, 0x9c, 0xa1, 0x0,
    0x38, 0x1, 0x54, 0x0, 0x18, 0xe, 0x0, 0x8c,
    0xca, 0xf1, 0x40, 0x7, 0xaa, 0xdc, 0xa, 0x0,
    0x2c, 0xda, 0x87, 0x50, 0x1, 0x2a, 0xe4, 0x1,
    0x0, 0x79, 0xa6, 0x77, 0xf8, 0x1, 0x3f, 0xff,
    0x1, 0x10, 0x6c, 0xc4, 0x8, 0x1, 0xa0, 0x18,
    0xd8, 0x40, 0xc0, 0x44, 0x0, 0x2f, 0x0, 0x24,
    0x0, 0x13, 0x66, 0x40, 0x28, 0x1d, 0x79, 0xa5,
    0x34, 0xf, 0xfe, 0xb1, 0x38, 0x0, 0x5b, 0xa,
    0x12, 0x63, 0x2e, 0x20, 0x81, 0x46, 0x0, 0x0,

    /* U+00E7 "ç" */
    0x0, 0x9b, 0x3f, 0xda, 0xe0, 0x1a, 0xe4, 0xc0,
    0x5, 0x18, 0x0, 0x74, 0xa, 0xff, 0x48, 0x1b,
    0x84, 0x84, 0x28, 0x1, 0xa5, 0xd0, 0x44, 0xa,
    0x1, 0x9a, 0xc, 0x80, 0x4, 0x1, 0xf1, 0x0,
    0x8, 0x3, 0xe1, 0x10, 0x28, 0x6, 0x57, 0x30,
    0x90, 0x85, 0x0, 0x2d, 0x42, 0x83, 0xa0, 0x57,
    0xfa, 0x81, 0x18, 0x1, 0x72, 0x60, 0x3, 0x8b,
    0x0, 0xcd, 0x86, 0xd8, 0xe0, 0x1e, 0x13, 0x64,
    0x0, 0xf8, 0x78, 0x38, 0x3, 0xe3, 0x90, 0x20,
    0xf, 0x91, 0xce, 0x40, 0x20,

    /* U+00E8 "è" */
    0x0, 0xdd, 0x80, 0x1f, 0xe9, 0x32, 0x0, 0xfe,
    0x60, 0xb0, 0xf, 0xe1, 0xaf, 0x0, 0xff, 0x2b,
    0x0, 0x7e, 0x6c, 0xff, 0x6b, 0x80, 0x75, 0x49,
    0x89, 0x12, 0x30, 0x2, 0x75, 0x1c, 0xed, 0xe2,
    0x37, 0x0, 0x48, 0x41, 0x80, 0x6, 0x42, 0x80,
    0x44, 0x1b, 0x55, 0xb8, 0x8, 0x8, 0x0, 0x8a,
    0xbc, 0x0, 0x11, 0x0, 0x3b, 0xff, 0xe1, 0x21,
    0x6, 0x0, 0xc4, 0xe4, 0x0, 0x90, 0x85, 0x0,
    0x26, 0x44, 0x0, 0xe, 0xa1, 0x5f, 0xeb, 0x12,
    0xb0, 0xa, 0xa8, 0x60, 0x2, 0x8d, 0x10,

    /* U+00E9 "é" */
    0x0, 0xf2, 0x7a, 0x80, 0x7f, 0x78, 0xa8, 0x7,
    0xe2, 0x46, 0x0, 0xfe, 0x18, 0x90, 0xf, 0xe3,
    0x71, 0x0, 0xf9, 0xb3, 0xfd, 0xae, 0x1, 0xd5,
    0x26, 0x24, 0x48, 0xc0, 0x9, 0xd4, 0x73, 0xb7,
    0x88, 0xdc, 0x1, 0x21, 0x6, 0x0, 0x19, 0xa,
    0x1, 0x10, 0x6d, 0x56, 0xe0, 0x20, 0x20, 0x2,
    0x2a, 0xf0, 0x0, 0x44, 0x0, 0xef, 0xff, 0x84,
    0x84, 0x18, 0x3, 0x13, 0x90, 0x2, 0x42, 0x14,
    0x0, 0x99, 0x10, 0x0, 0x3a, 0x85, 0x7f, 0xac,
    0x4a, 0xc0, 0x2a, 0xa1, 0x80, 0xa, 0x34, 0x40,

    /* U+00EA "ê" */
    0x0, 0xe7, 0x81, 0x0, 0xfd, 0x70, 0xfa, 0x1,
    0xf4, 0xa4, 0xd9, 0xd0, 0x7, 0x8, 0xa5, 0x92,
    0x88, 0x80, 0x18, 0x61, 0x80, 0xb, 0x4, 0x1,
    0xcd, 0x9f, 0xed, 0x70, 0xe, 0xa9, 0x31, 0x22,
    0x46, 0x0, 0x4e, 0xa3, 0x9d, 0xbc, 0x46, 0xe0,
    0x9, 0x8, 0x30, 0x0, 0xc8, 0x50, 0x8, 0x83,
    0x6a, 0xb7, 0x1, 0x1, 0x0, 0x11, 0x57, 0x80,
    0x2, 0x20, 0x7, 0x7f, 0xfc, 0x24, 0x20, 0xc0,
    0x18, 0x9c, 0x80, 0x12, 0x10, 0xa0, 0x4, 0xc8,
    0x80, 0x1, 0xd4, 0x2b, 0xfd, 0x62, 0x56, 0x1,
    0x55, 0xc, 0x0, 0x51, 0xa2, 0x0,

    /* U+00EB "ë" */
    0x0, 0xbf, 0xc2, 0x1d, 0xe2, 0x1, 0xc2, 0x1,
    0xff, 0x77, 0x88, 0x77, 0x88, 0x7, 0x36, 0x7f,
    0xb5, 0xc0, 0x3a, 0xa4, 0xc4, 0x89, 0x18, 0x1,
    0x3a, 0x8e, 0x76, 0xf1, 0x1b, 0x80, 0x24, 0x20,
    0xc0, 0x3, 0x21, 0x40, 0x22, 0xd, 0xaa, 0xdc,
    0x4, 0x4, 0x0, 0x45, 0x5e, 0x0, 0x8, 0x80,
    0x1d, 0xff, 0xf0, 0x90, 0x83, 0x0, 0x62, 0x72,
    0x0, 0x48, 0x42, 0x80, 0x13, 0x22, 0x0, 0x7,
    0x50, 0xaf, 0xf5, 0x89, 0x58, 0x5, 0x54, 0x30,
    0x1, 0x46, 0x88, 0x0,

    /* U+00EC "ì" */
    0x6f, 0x30, 0x60, 0x90, 0x3, 0x28, 0x85, 0xc1,
    0x81, 0x39, 0x3, 0x7d, 0x80, 0x7f, 0xf7, 0x0,

    /* U+00ED "í" */
    0x0, 0x75, 0x82, 0x8f, 0x7, 0xa, 0x86, 0x50,
    0x1, 0xd0, 0x1b, 0xec, 0x3, 0xff, 0xba,

    /* U+00EE "î" */
    0x0, 0x1c, 0x30, 0x6, 0x1d, 0x79, 0x80, 0xb,
    0x7, 0x59, 0xd8, 0x11, 0x70, 0xa6, 0x4, 0x12,
    0xc, 0x0, 0xee, 0x0, 0x9b, 0xec, 0x3, 0xff,
    0xfe, 0x1, 0xf8,

    /* U+00EF "ï" */
    0x6f, 0xa0, 0x5f, 0xa3, 0x3, 0x0, 0xcb, 0xf2,
    0xb, 0xf4, 0x0, 0x6f, 0xb0, 0xf, 0xff, 0xe0,

    /* U+00F0 "ð" */
    0x0, 0xf8, 0x98, 0x3, 0xe9, 0xeb, 0xc8, 0x20,
    0xf, 0x43, 0xa0, 0xa9, 0x0, 0x78, 0x70, 0xf1,
    0xa4, 0x3, 0x9f, 0x68, 0xe2, 0x98, 0x80, 0x2b,
    0x82, 0x11, 0x24, 0x5, 0x0, 0x1d, 0x7, 0x3b,
    0x96, 0x0, 0x40, 0x4, 0x85, 0x18, 0x1, 0x20,
    0x8, 0x4, 0x40, 0x80, 0x19, 0x40, 0x40, 0x80,
    0x40, 0x38, 0xc0, 0x22, 0x1, 0x0, 0xe3, 0x0,
    0x84, 0x40, 0x80, 0x19, 0x40, 0x80, 0x12, 0x14,
    0x60, 0x5, 0x80, 0xa0, 0x3, 0xa0, 0xe7, 0x72,
    0x81, 0x1c, 0x2, 0xb8, 0x21, 0x11, 0xc5, 0x80,
    0x0,

    /* U+00F1 "ñ" */
    0x0, 0x57, 0xe3, 0x7, 0x38, 0x4, 0x4a, 0x81,
    0x3e, 0x24, 0x1, 0x1b, 0xce, 0x61, 0xe5, 0x40,
    0x21, 0x82, 0x3, 0x86, 0x0, 0xa7, 0xd1, 0xf7,
    0xfd, 0x64, 0x1, 0xa6, 0x8, 0x0, 0x9a, 0x40,
    0x11, 0x37, 0x7d, 0x88, 0x40, 0x4, 0x52, 0x20,
    0x90, 0x8, 0x1, 0x20, 0x6, 0x40, 0x11, 0x0,
    0x4, 0x3, 0x10, 0x7, 0xff, 0xb8,

    /* U+00F2 "ò" */
    0x0, 0x87, 0xe4, 0x3, 0xf8, 0x55, 0x80, 0x3f,
    0xd2, 0xc, 0x1, 0xfc, 0x70, 0x60, 0x1f, 0xe7,
    0x50, 0xf, 0xcd, 0x9f, 0xed, 0x70, 0xe, 0xb9,
    0x30, 0x1, 0x46, 0x88, 0x1, 0xd0, 0x2b, 0xfd,
    0x62, 0x56, 0x0, 0x90, 0x85, 0x0, 0x25, 0x2,
    0x89, 0x8, 0x30, 0x6, 0x41, 0x5, 0x10, 0x0,
    0x80, 0x71, 0x81, 0x10, 0x0, 0x40, 0x1c, 0x60,
    0x42, 0x20, 0x50, 0xc, 0x82, 0xa, 0x12, 0x10,
    0xa0, 0x4, 0xa0, 0x51, 0x7, 0x50, 0xaf, 0xf5,
    0x89, 0xd8, 0x5, 0x52, 0x60, 0x2, 0x8c, 0x10,

    /* U+00F3 "ó" */
    0x0, 0xf4, 0x79, 0x0, 0x7f, 0x32, 0x10, 0x7,
    0xe5, 0x1e, 0x0, 0xfe, 0x18, 0x50, 0xf, 0xe4,
    0x70, 0xf, 0xcd, 0x9f, 0xed, 0x70, 0xe, 0xb9,
    0x30, 0x1, 0x46, 0x88, 0x1, 0xd0, 0x2b, 0xfd,
    0x62, 0x56, 0x0, 0x90, 0x85, 0x0, 0x25, 0x2,
    0x89, 0x8, 0x30, 0x6, 0x41, 0x5, 0x10, 0x0,
    0x80, 0x71, 0x81, 0x10, 0x0, 0x40, 0x1c, 0x60,
    0x42, 0x20, 0x50, 0xc, 0x82, 0xa, 0x12, 0x10,
    0xa0, 0x4, 0xa0, 0x51, 0x7, 0x50, 0xaf, 0xf5,
    0x89, 0xd8, 0x5, 0x52, 0x60, 0x2, 0x8c, 0x10,

    /* U+00F4 "ô" */
    0x0, 0xe7, 0x81, 0x0, 0xfd, 0x50, 0xfa, 0x1,
    0xf4, 0x2c, 0xd9, 0xd8, 0x7, 0x8, 0x4b, 0x25,
    0x19, 0x0, 0x61, 0x86, 0x0, 0x2c, 0x10, 0x7,
    0x36, 0x7f, 0xb5, 0xc0, 0x3a, 0xe4, 0xc0, 0x5,
    0x1a, 0x20, 0x7, 0x40, 0xaf, 0xf5, 0x89, 0x58,
    0x2, 0x42, 0x14, 0x0, 0x94, 0xa, 0x24, 0x20,
    0xc0, 0x19, 0x4, 0x14, 0x40, 0x2, 0x1, 0xc6,
    0x4, 0x40, 0x1, 0x0, 0x71, 0x81, 0x8, 0x81,
    0x40, 0x32, 0x8, 0x28, 0x48, 0x42, 0x80, 0x12,
    0x81, 0x44, 0x1d, 0x42, 0xbf, 0xd6, 0x27, 0x60,
    0x15, 0x49, 0x80, 0xa, 0x30, 0x40,

    /* U+00F5 "õ" */
    0x0, 0x8e, 0xc, 0x1, 0x6, 0x1, 0x87, 0x1f,
    0x20, 0x5d, 0x0, 0x31, 0x5, 0xcb, 0xf0, 0x20,
    0x6, 0x27, 0x56, 0xd8, 0xa3, 0x0, 0xc3, 0x2,
    0x4, 0xea, 0x1, 0xe6, 0xcf, 0xf6, 0xb8, 0x7,
    0x5c, 0x98, 0x0, 0xa3, 0x44, 0x0, 0xe8, 0x15,
    0xfe, 0xb1, 0x2b, 0x0, 0x48, 0x42, 0x80, 0x12,
    0x81, 0x44, 0x84, 0x18, 0x3, 0x20, 0x82, 0x88,
    0x0, 0x40, 0x38, 0xc0, 0x88, 0x0, 0x20, 0xe,
    0x30, 0x21, 0x10, 0x28, 0x6, 0x41, 0x5, 0x9,
    0x8, 0x50, 0x2, 0x50, 0x28, 0x83, 0xa8, 0x57,
    0xfa, 0xc4, 0xec, 0x2, 0xa9, 0x30, 0x1, 0x46,
    0x8, 0x0,

    /* U+00F6 "ö" */
    0x0, 0xbb, 0xc4, 0x3b, 0xc4, 0x3, 0xff, 0x8b,
    0xde, 0x21, 0xde, 0x20, 0x1c, 0xd9, 0xfe, 0xd7,
    0x0, 0xeb, 0x93, 0x0, 0x14, 0x68, 0x80, 0x1d,
    0x2, 0xbf, 0xd6, 0x25, 0x60, 0x9, 0x8, 0x50,
    0x2, 0x50, 0x28, 0x90, 0x83, 0x0, 0x64, 0x10,
    0x51, 0x0, 0x8, 0x7, 0x18, 0x11, 0x0, 0x4,
    0x1, 0xc6, 0x4, 0x22, 0x5, 0x0, 0xc8, 0x20,
    0xa1, 0x21, 0xa, 0x0, 0x4a, 0x5, 0x10, 0x75,
    0xa, 0xff, 0x58, 0x9d, 0x80, 0x55, 0x26, 0x0,
    0x28, 0xc1, 0x0,

    /* U+00F7 "÷" */
    0x0, 0xab, 0xdc, 0x3, 0xff, 0x87, 0x5e, 0xe0,
    0x16, 0x7f, 0xfd, 0x28, 0xab, 0xf7, 0xc5, 0x57,
    0xcc, 0x1, 0x57, 0xb8, 0x7, 0xff, 0x0,

    /* U+00F8 "ø" */
    0x0, 0x9b, 0x3f, 0xda, 0xe7, 0x20, 0x15, 0xc9,
    0x80, 0xa, 0x31, 0x9c, 0x1d, 0x2, 0xbf, 0xd4,
    0x0, 0x27, 0x9, 0x8, 0x50, 0x18, 0x0, 0x10,
    0x90, 0x83, 0x1, 0x79, 0x58, 0x82, 0x88, 0x0,
    0x4b, 0x6, 0xd0, 0xc0, 0x88, 0x0, 0x4c, 0x1c,
    0x40, 0x30, 0x21, 0x10, 0x58, 0x61, 0x82, 0x8,
    0x28, 0x20, 0x1, 0x8c, 0x12, 0x81, 0x45, 0x14,
    0x0, 0xff, 0xeb, 0x13, 0xb0, 0x47, 0xa9, 0x30,
    0x1, 0x46, 0x8, 0x0,

    /* U+00F9 "ù" */
    0x0, 0xba, 0xc0, 0x3f, 0x32, 0x10, 0x7, 0xd2,
    0x14, 0x1, 0xf0, 0xcf, 0x0, 0x7e, 0x66, 0x0,
    0x6c, 0xf5, 0x0, 0xc7, 0xfc, 0x1, 0xff, 0xe8,
    0x30, 0xc, 0xe0, 0x6, 0xd, 0x0, 0xd8, 0x0,
    0xf0, 0x47, 0x0, 0x33, 0x80, 0x14, 0xc2, 0x3f,
    0xd2, 0x40, 0x16, 0xb0, 0x80, 0xb6, 0x0, 0x0,

    /* U+00FA "ú" */
    0x0, 0xea, 0xf0, 0xf, 0x85, 0x58, 0x3, 0xe6,
    0xb, 0x0, 0xf8, 0xa4, 0x80, 0x3e, 0x56, 0x0,
    0xd9, 0xea, 0x1, 0x8f, 0xf8, 0x3, 0xff, 0xd0,
    0x60, 0x19, 0xc0, 0xc, 0x1a, 0x1, 0xb0, 0x1,
    0xe0, 0x8e, 0x0, 0x67, 0x0, 0x29, 0x84, 0x7f,
    0xa4, 0x80, 0x2d, 0x61, 0x1, 0x6c, 0x0, 0x0,

    /* U+00FB "û" */
    0x0, 0xce, 0xe1, 0x0, 0xf5, 0xc4, 0x34, 0x3,
    0xa5, 0x26, 0x8e, 0x80, 0x22, 0x1a, 0x65, 0xa2,
    0x20, 0x0, 0xa1, 0x40, 0xb, 0x4, 0x19, 0xea,
    0x1, 0x8f, 0xf8, 0x3, 0xff, 0xd0, 0x60, 0x19,
    0xc0, 0xc, 0x1a, 0x1, 0xb0, 0x1, 0xe0, 0x8e,
    0x0, 0x67, 0x0, 0x29, 0x84, 0x7f, 0xa4, 0x80,
    0x2d, 0x61, 0x1, 0x6c, 0x0, 0x0,

    /* U+00FC "ü" */
    0x0, 0x7f, 0x80, 0x1f, 0xe1, 0x0, 0xf8, 0x40,
    0x3b, 0xfc, 0x0, 0xef, 0x10, 0xcf, 0x50, 0xc,
    0x7f, 0xc0, 0x1f, 0xfe, 0x83, 0x0, 0xce, 0x0,
    0x60, 0xd0, 0xd, 0x80, 0xf, 0x4, 0x70, 0x3,
    0x38, 0x1, 0x4c, 0x23, 0xfd, 0x24, 0x1, 0x6b,
    0x8, 0xb, 0x60, 0x0,

    /* U+00FD "ý" */
    0x0, 0xf3, 0x28, 0x7, 0xe3, 0x93, 0x0, 0xfd,
    0x20, 0xc0, 0x1f, 0xa, 0xb0, 0x7, 0xe1, 0xf9,
    0x0, 0xd1, 0xf4, 0x1, 0xd1, 0xf5, 0x40, 0x51,
    0x0, 0xca, 0x1c, 0x48, 0xe, 0x1, 0x19, 0x11,
    0x3, 0x82, 0x80, 0x2a, 0x5, 0x0, 0x28, 0x99,
    0x0, 0x1c, 0x28, 0x2, 0x60, 0xb0, 0x51, 0x32,
    0x0, 0xa8, 0x1c, 0x38, 0x28, 0x3, 0x11, 0x8b,
    0x20, 0x30, 0x7, 0x48, 0x48, 0x28, 0x7, 0x94,
    0x40, 0x1c, 0x1, 0xf3, 0x80, 0xa0, 0x7, 0xc2,
    0xc, 0x1, 0xf9, 0x82, 0x80, 0x3e, 0x31, 0x32,
    0x0, 0xfa, 0x82, 0x80, 0x3f, 0x38, 0x38, 0x7,
    0x0,

    /* U+00FE "þ" */
    0x9f, 0x80, 0xf, 0xfe, 0x91, 0x0, 0xcf, 0x7f,
    0x40, 0x80, 0x66, 0x60, 0x8c, 0xf8, 0x20, 0x20,
    0xa, 0xfe, 0xc1, 0x2b, 0x3, 0x6, 0x50, 0x1,
    0xd0, 0x28, 0x80, 0x30, 0x3, 0x20, 0x1, 0x40,
    0x2, 0x1, 0xc4, 0x2, 0x0, 0x10, 0xe, 0x20,
    0x10, 0x6, 0x0, 0x64, 0x0, 0x28, 0x1, 0x98,
    0x0, 0x3a, 0x5, 0x10, 0xa, 0x7f, 0xb0, 0x4a,
    0xc0, 0x26, 0x60, 0x8c, 0xd8, 0x20, 0x17, 0x4f,
    0x7f, 0x48, 0x80, 0x7f, 0xf8, 0x80,

    /* U+00FF "ÿ" */
    0x0, 0x37, 0xc8, 0x37, 0xd0, 0x7, 0xe3, 0x3,
    0x0, 0xcd, 0xf2, 0xb, 0xf2, 0x0, 0x8f, 0xa0,
    0xe, 0x8f, 0xaa, 0x2, 0x88, 0x6, 0x50, 0xe2,
    0x40, 0x70, 0x8, 0xc8, 0x88, 0x1c, 0x14, 0x1,
    0x50, 0x28, 0x1, 0x44, 0xc8, 0x0, 0xe1, 0x40,
    0x13, 0x5, 0x82, 0x89, 0x90, 0x5, 0x40, 0xe1,
    0xc1, 0x40, 0x18, 0x8c, 0x59, 0x1, 0x80, 0x3a,
    0x42, 0x41, 0x40, 0x3c, 0xa2, 0x0, 0xe0, 0xf,
    0x9c, 0x5, 0x0, 0x3e, 0x10, 0x60, 0xf, 0xcc,
    0x14, 0x1, 0xf1, 0x89, 0x90, 0x7, 0xd4, 0x14,
    0x1, 0xf9, 0xc1, 0xc0, 0x38,

    /* U+0100 "Ā" */
    0x0, 0xdf, 0xfc, 0x60, 0x1f, 0x2a, 0xf0, 0x80,
    0x7d, 0x55, 0xc4, 0x1, 0xff, 0xc8, 0x1f, 0xf9,
    0x0, 0x3f, 0x38, 0x5, 0xa0, 0x1f, 0xa8, 0x14,
    0x1c, 0x3, 0xe1, 0x30, 0xb1, 0x12, 0x0, 0x79,
    0xc1, 0x5, 0xc3, 0x40, 0x3d, 0x41, 0xa1, 0xa0,
    0xe0, 0x1c, 0x26, 0xe, 0x8, 0x22, 0x40, 0xc,
    0xe0, 0x82, 0x0, 0x70, 0xd0, 0xd, 0x41, 0xa0,
    0x16, 0x83, 0x80, 0x42, 0x61, 0x3f, 0xf5, 0x80,
    0xa0, 0x1, 0xc0, 0x3f, 0xb4, 0x1, 0x41, 0x3f,
    0xfd, 0x60, 0xe0, 0x26, 0xe, 0x1, 0xc8, 0x22,
    0x47, 0x4, 0x10, 0xf, 0x38, 0x68,

    /* U+0101 "ā" */
    0x0, 0xa3, 0xff, 0x58, 0x7, 0x6a, 0xae, 0xc0,
    0xe, 0x5a, 0xac, 0xe0, 0x18, 0x67, 0xbf, 0xd8,
    0xa0, 0x10, 0xfb, 0x8, 0x80, 0xe9, 0xc0, 0x16,
    0x27, 0xbd, 0xf0, 0x10, 0x0, 0xba, 0xe2, 0x0,
    0x38, 0x0, 0x80, 0x54, 0x5e, 0xb3, 0x80, 0x2,
    0x5, 0xb9, 0xa, 0x44, 0x0, 0xd8, 0x47, 0x7f,
    0xd8, 0x1, 0x10, 0x86, 0x20, 0x0, 0xc0, 0x23,
    0x0, 0x10, 0x0, 0x78, 0x2, 0x14, 0xd, 0xbc,
    0xe3, 0x30, 0x5, 0x6c, 0x28, 0x4d, 0xec, 0x0,

    /* U+0102 "Ă" */
    0x0, 0x8a, 0xc, 0x6, 0xc, 0x3, 0xe7, 0x80,
    0x97, 0x70, 0x7, 0x89, 0x93, 0xdc, 0xd0, 0x3,
    0xe9, 0x93, 0x46, 0x0, 0x7f, 0x34, 0xb8, 0x7,
    0xf0, 0xff, 0xc8, 0x1, 0xf9, 0xc0, 0x2d, 0x0,
    0xfd, 0x40, 0xa0, 0xe0, 0x1f, 0x9, 0x85, 0x88,
    0x90, 0x3, 0xce, 0x8, 0x2e, 0x1a, 0x1, 0xea,
    0xd, 0xd, 0x7, 0x0, 0xe1, 0x30, 0x70, 0x41,
    0x12, 0x0, 0x67, 0x4, 0x10, 0x3, 0x86, 0x80,
    0x6a, 0xd, 0x0, 0xb4, 0x1c, 0x2, 0x13, 0x9,
    0xff, 0xac, 0x5, 0x0, 0xe, 0x1, 0xfd, 0xa0,
    0xa, 0x9, 0xff, 0xeb, 0x7, 0x1, 0x30, 0x70,
    0xe, 0x41, 0x12, 0x38, 0x20, 0x80, 0x79, 0xc3,
    0x40,

    /* U+0103 "ă" */
    0x0, 0xb2, 0x84, 0xf2, 0x0, 0x39, 0x55, 0xd8,
    0x76, 0x1, 0xd3, 0x4c, 0xfa, 0x60, 0x1e, 0x59,
    0x82, 0x0, 0xe1, 0x9e, 0xff, 0x62, 0x80, 0x43,
    0xec, 0x22, 0x3, 0xa7, 0x0, 0x58, 0x9e, 0xf7,
    0xc0, 0x40, 0x2, 0xeb, 0x88, 0x0, 0xe0, 0x2,
    0x1, 0x51, 0x7a, 0xce, 0x0, 0x8, 0x16, 0xe4,
    0x29, 0x10, 0x3, 0x61, 0x1d, 0xff, 0x60, 0x4,
    0x42, 0x18, 0x80, 0x3, 0x0, 0x8c, 0x0, 0x40,
    0x1, 0xe0, 0x8, 0x50, 0x36, 0xf3, 0x8c, 0xc0,
    0x15, 0xb0, 0xa1, 0x37, 0xb0, 0x0,

    /* U+0104 "Ą" */
    0x0, 0xc3, 0xff, 0x20, 0x7, 0xe7, 0x0, 0xb4,
    0x3, 0xf5, 0x2, 0x83, 0x80, 0x7c, 0x26, 0x16,
    0x22, 0x40, 0xf, 0x38, 0x20, 0xb8, 0x68, 0x7,
    0xa8, 0x34, 0x34, 0x1c, 0x3, 0x84, 0xc1, 0xc1,
    0x4, 0x48, 0x1, 0x9c, 0x10, 0x40, 0xe, 0x1a,
    0x1, 0xa8, 0x34, 0x2, 0xd0, 0x70, 0x8, 0x4c,
    0x27, 0xfe, 0xb0, 0x14, 0x0, 0x38, 0x7, 0xf6,
    0x80, 0x28, 0x27, 0xff, 0xac, 0x1c, 0x4, 0xc1,
    0xc0, 0x39, 0x4, 0x48, 0xe0, 0x82, 0x1, 0xe7,
    0xd, 0x6f, 0xb0, 0xf, 0x13, 0x8d, 0x0, 0x7f,
    0x70, 0xe1, 0x80, 0x7e, 0x13, 0x62, 0x0, 0xff,
    0x9e, 0xd4, 0x3, 0xf0, 0xd0, 0xa8, 0x0,

    /* U+0105 "ą" */
    0x0, 0xc, 0xf7, 0xfb, 0x14, 0x2, 0x1f, 0x61,
    0x10, 0x1d, 0x38, 0x2, 0xc4, 0xf7, 0xbe, 0x2,
    0x0, 0x17, 0x5c, 0x40, 0x7, 0x0, 0x10, 0xa,
    0x8b, 0xd6, 0x70, 0x0, 0x40, 0xb7, 0x21, 0x48,
    0x80, 0x1b, 0x8, 0xef, 0xfb, 0x0, 0x22, 0x10,
    0xc4, 0x0, 0x18, 0x4, 0x60, 0x2, 0x0, 0xf,
    0x0, 0x42, 0x81, 0xb7, 0x9c, 0x66, 0x0, 0xad,
    0x85, 0x9, 0xb4, 0x40, 0x34, 0xf7, 0xf4, 0xf1,
    0x39, 0x80, 0x79, 0xc9, 0xe0, 0x3, 0xec, 0x8,
    0x0, 0xfc, 0x41, 0x56, 0x1, 0xf4, 0x1a, 0x88,
    0x0,

    /* U+0106 "Ć" */
    0x0, 0xfc, 0xca, 0x1, 0xff, 0x1c, 0x90, 0x7,
    0xfd, 0x40, 0xc0, 0x1f, 0xf3, 0x28, 0x80, 0x7f,
    0xdf, 0x40, 0x1f, 0xfc, 0xb7, 0xcf, 0xf7, 0x5b,
    0x0, 0x71, 0xf4, 0x18, 0x0, 0x52, 0x70, 0x40,
    0x5, 0xa2, 0x57, 0xfe, 0xe9, 0x13, 0xd0, 0x4,
    0x9, 0x6a, 0x0, 0x5, 0xb0, 0xd, 0xc5, 0x42,
    0x40, 0x3c, 0x50, 0x84, 0xa0, 0x4, 0x0, 0xf9,
    0xed, 0x48, 0x8, 0x3, 0xff, 0x9a, 0x40, 0x40,
    0x1f, 0xf2, 0x80, 0x10, 0x3, 0xe7, 0xb5, 0x15,
    0x9, 0x0, 0xf1, 0x42, 0x10, 0x40, 0x96, 0xa0,
    0x0, 0x5b, 0x0, 0xdc, 0xb, 0x44, 0xaf, 0xfd,
    0xd2, 0x27, 0xa0, 0x11, 0xf4, 0x18, 0x0, 0x52,
    0x70, 0x40,

    /* U+0107 "ć" */
    0x0, 0xf4, 0x79, 0x0, 0x7e, 0x64, 0x20, 0xf,
    0x94, 0x78, 0x3, 0xf0, 0xc2, 0x80, 0x7e, 0x47,
    0x0, 0xf9, 0xb3, 0xfd, 0xae, 0x1, 0xae, 0x4c,
    0x0, 0x51, 0x80, 0x7, 0x40, 0xaf, 0xf4, 0x81,
    0xb8, 0x48, 0x42, 0x80, 0x1a, 0x5d, 0x4, 0x40,
    0xa0, 0x19, 0xa0, 0xc8, 0x0, 0x40, 0x1f, 0x10,
    0x0, 0x80, 0x3e, 0x11, 0x2, 0x80, 0x65, 0x73,
    0x9, 0x8, 0x50, 0x2, 0xd4, 0x28, 0x3a, 0x5,
    0x7f, 0xa8, 0x11, 0x80, 0x17, 0x26, 0x0, 0x38,
    0xb0,

    /* U+0108 "Ĉ" */
    0x0, 0xe1, 0xdf, 0xb0, 0xf, 0xf6, 0x93, 0xa4,
    0x80, 0x7e, 0xa3, 0xa8, 0x76, 0x70, 0xf, 0xab,
    0xd4, 0x23, 0xdc, 0x3, 0xff, 0x92, 0xf9, 0xfe,
    0xeb, 0x60, 0xe, 0x3e, 0x83, 0x0, 0xa, 0x4e,
    0x8, 0x0, 0xb4, 0x4a, 0xff, 0xdd, 0x22, 0x7a,
    0x0, 0x81, 0x2d, 0x40, 0x0, 0xb6, 0x1, 0xb8,
    0xa8, 0x48, 0x7, 0x8a, 0x10, 0x94, 0x0, 0x80,
    0x1f, 0x3d, 0xa9, 0x1, 0x0, 0x7f, 0xf3, 0x48,
    0x8, 0x3, 0xfe, 0x50, 0x2, 0x0, 0x7c, 0xf6,
    0xa2, 0xa1, 0x20, 0x1e, 0x28, 0x42, 0x8, 0x12,
    0xd4, 0x0, 0xb, 0x60, 0x1b, 0x81, 0x68, 0x95,
    0xff, 0xba, 0x44, 0xf4, 0x2, 0x3e, 0x83, 0x0,
    0xa, 0x4e, 0x8, 0x0,

    /* U+0109 "ĉ" */
    0x0, 0xe7, 0x81, 0x0, 0xfa, 0xa1, 0xf4, 0x3,
    0xd0, 0xb3, 0x67, 0x60, 0x18, 0x42, 0x59, 0x28,
    0xc8, 0x2, 0x18, 0x60, 0x2, 0xc1, 0x0, 0x66,
    0xcf, 0xf6, 0xb8, 0x6, 0xb9, 0x30, 0x1, 0x46,
    0x0, 0x1d, 0x2, 0xbf, 0xd2, 0x6, 0xe1, 0x21,
    0xa, 0x0, 0x69, 0x74, 0x11, 0x2, 0x80, 0x66,
    0x83, 0x20, 0x1, 0x0, 0x7c, 0x40, 0x2, 0x0,
    0xf8, 0x44, 0xa, 0x1, 0x95, 0xcc, 0x24, 0x21,
    0x40, 0xb, 0x50, 0xa0, 0xe8, 0x15, 0xfe, 0xa0,
    0x46, 0x0, 0x5c, 0x98, 0x0, 0xe2, 0xc0,

    /* U+010A "Ċ" */
    0x0, 0xf4, 0xfd, 0x0, 0x7f, 0xf3, 0x63, 0x2c,
    0x3, 0xfe, 0x13, 0x10, 0xf, 0xfe, 0x5b, 0xe7,
    0xfb, 0xad, 0x80, 0x38, 0xfa, 0xc, 0x0, 0x29,
    0x38, 0x20, 0x2, 0xd1, 0x2b, 0xff, 0x74, 0x89,
    0xe8, 0x2, 0x4, 0xb5, 0x0, 0x2, 0xd8, 0x6,
    0xe2, 0xa1, 0x20, 0x1e, 0x28, 0x42, 0x50, 0x2,
    0x0, 0x7c, 0xf6, 0xa4, 0x4, 0x1, 0xff, 0xcd,
    0x20, 0x20, 0xf, 0xf9, 0x40, 0x8, 0x1, 0xf3,
    0xda, 0x8a, 0x84, 0x80, 0x78, 0xa1, 0x8, 0x20,
    0x4b, 0x50, 0x0, 0x2d, 0x80, 0x6e, 0x5, 0xa2,
    0x57, 0xfe, 0xe9, 0x13, 0xd0, 0x8, 0xfa, 0xc,
    0x0, 0x29, 0x38, 0x20,

    /* U+010B "ċ" */
    0x0, 0xe2, 0x31, 0x0, 0xfd, 0xf8, 0xe0, 0x1f,
    0xfc, 0x7d, 0xf6, 0x0, 0xff, 0xe2, 0xb6, 0x7f,
    0xb5, 0xc0, 0x35, 0xc9, 0x80, 0xa, 0x30, 0x0,
    0xe8, 0x15, 0xfe, 0x90, 0x37, 0x9, 0x8, 0x50,
    0x3, 0x4b, 0xa0, 0x88, 0x14, 0x3, 0x34, 0x19,
    0x0, 0x8, 0x3, 0xe2, 0x0, 0x10, 0x7, 0xc2,
    0x20, 0x50, 0xc, 0xae, 0x61, 0x21, 0xa, 0x0,
    0x5a, 0x85, 0x7, 0x40, 0xaf, 0xf5, 0x2, 0x30,
    0x2, 0xe4, 0xc0, 0x7, 0x16, 0x0,

    /* U+010C "Č" */
    0x0, 0xd1, 0xee, 0xd, 0xf2, 0x1, 0xf4, 0x2c,
    0x42, 0x52, 0x40, 0x3f, 0x51, 0xb9, 0x58, 0x7,
    0xfb, 0x3f, 0x40, 0x3f, 0xf9, 0x6f, 0x9f, 0xee,
    0xb6, 0x0, 0xe3, 0xe8, 0x30, 0x0, 0xa4, 0xe0,
    0x80, 0xb, 0x44, 0xaf, 0xfd, 0xd2, 0x27, 0xa0,
    0x8, 0x12, 0xd4, 0x0, 0xb, 0x60, 0x1b, 0x8a,
    0x84, 0x80, 0x78, 0xa1, 0x9, 0x40, 0x8, 0x1,
    0xf3, 0xda, 0x90, 0x10, 0x7, 0xff, 0x34, 0x80,
    0x80, 0x3f, 0xe5, 0x0, 0x20, 0x7, 0xcf, 0x6a,
    0x2a, 0x12, 0x1, 0xe2, 0x84, 0x20, 0x81, 0x2d,
    0x40, 0x0, 0xb6, 0x1, 0xb8, 0x16, 0x89, 0x5f,
    0xfb, 0xa4, 0x4f, 0x40, 0x23, 0xe8, 0x30, 0x0,
    0xa4, 0xe0, 0x80,

    /* U+010D "č" */
    0x0, 0x14, 0x28, 0x1, 0x60, 0x80, 0x22, 0x1a,
    0x55, 0x51, 0x10, 0x3, 0x4a, 0x55, 0xe, 0x80,
    0x3d, 0x71, 0xd, 0x0, 0xfc, 0xee, 0x10, 0xf,
    0x36, 0x7f, 0xb5, 0xc0, 0x35, 0xc9, 0x80, 0xa,
    0x30, 0x0, 0xe8, 0x15, 0xfe, 0x90, 0x37, 0x9,
    0x8, 0x50, 0x3, 0x4b, 0xa0, 0x88, 0x14, 0x3,
    0x34, 0x19, 0x0, 0x8, 0x3, 0xe2, 0x0, 0x10,
    0x7, 0xc2, 0x20, 0x50, 0xc, 0xae, 0x61, 0x21,
    0xa, 0x0, 0x5a, 0x85, 0x7, 0x40, 0xaf, 0xf5,
    0x2, 0x30, 0x2, 0xe4, 0xc0, 0x7, 0x16, 0x0,

    /* U+010E "Ď" */
    0x1, 0xde, 0x20, 0xcf, 0x30, 0xc, 0x3e, 0x1f,
    0x47, 0x66, 0x1, 0xc5, 0x44, 0xb0, 0x80, 0x1f,
    0x27, 0xf9, 0xc0, 0x3f, 0xf8, 0xb3, 0xff, 0xec,
    0x60, 0xf, 0xf1, 0xcd, 0x80, 0x67, 0xff, 0xba,
    0x41, 0x28, 0x3, 0xe1, 0x6b, 0x5, 0x30, 0xf,
    0xc8, 0x61, 0x60, 0x1f, 0xd6, 0x8, 0x1, 0xfc,
    0x40, 0x20, 0x1f, 0xfc, 0x92, 0x1, 0x0, 0xfe,
    0xb0, 0x40, 0xf, 0xc8, 0x61, 0x60, 0x1f, 0x35,
    0x82, 0x98, 0x1, 0xff, 0xf4, 0x81, 0xd0, 0x7,
    0xe3, 0x9c, 0x0, 0x0,

    /* U+010F "ď" */
    0x0, 0xfc, 0xbf, 0x80, 0xff, 0x60, 0x1f, 0xfc,
    0xf5, 0x50, 0x80, 0x4f, 0xbf, 0xd4, 0x40, 0x12,
    0x3c, 0x80, 0x32, 0x8, 0x41, 0x60, 0x2, 0x6d,
    0x30, 0x83, 0xb, 0xee, 0x58, 0x7, 0xe6, 0x9,
    0x40, 0x2, 0x40, 0x7, 0x88, 0x41, 0xc0, 0x32,
    0x0, 0x78, 0x40, 0x2, 0x1, 0xff, 0x10, 0x0,
    0x40, 0x3f, 0xe1, 0x10, 0x38, 0x6, 0x40, 0xf,
    0xa4, 0x25, 0x0, 0x9, 0x0, 0x1f, 0x39, 0x85,
    0xf7, 0x2c, 0x3, 0xfb, 0x20, 0x84, 0x17, 0x0,
    0x3c,

    /* U+0110 "Đ" */
    0xa, 0xff, 0xf6, 0x30, 0x7, 0xfc, 0x73, 0x60,
    0x1c, 0xff, 0xf7, 0x48, 0x24, 0x80, 0x7e, 0x16,
    0xb0, 0x62, 0x0, 0xfe, 0x43, 0xa, 0x0, 0xff,
    0x20, 0x1e, 0x28, 0x3f, 0xfb, 0x0, 0x2e, 0x6,
    0x41, 0x2, 0x55, 0x20, 0x7, 0xa1, 0x1, 0x6a,
    0x90, 0x1, 0x70, 0x30, 0x7, 0xf9, 0x0, 0xc0,
    0x3f, 0x90, 0xc2, 0x80, 0x3e, 0x16, 0xb0, 0x52,
    0x0, 0x9f, 0xfe, 0xe9, 0x4, 0xa0, 0xf, 0xe3,
    0x9b, 0x0, 0x0,

    /* U+0111 "đ" */
    0x0, 0xf0, 0xd6, 0x7f, 0x50, 0x80, 0x78, 0xd4,
    0xc0, 0x54, 0x3, 0xe2, 0xfa, 0x3, 0xf1, 0x0,
    0x9f, 0x7f, 0xa8, 0x80, 0x3d, 0x90, 0x42, 0xb,
    0x0, 0x1d, 0x6, 0x17, 0xdc, 0xb0, 0xf, 0x30,
    0x4a, 0x0, 0x12, 0x0, 0x31, 0x8, 0x38, 0x6,
    0x40, 0xc, 0x20, 0x1, 0x0, 0xfe, 0x20, 0x0,
    0x80, 0x7f, 0x8, 0x81, 0xc0, 0x32, 0x0, 0x74,
    0x84, 0xa0, 0x1, 0x20, 0x3, 0x9c, 0xc2, 0xfb,
    0x96, 0x1, 0xf6, 0x41, 0x8, 0x2e, 0x0, 0x60,

    /* U+0112 "Ē" */
    0x0, 0x47, 0xfe, 0xb0, 0xd, 0xaa, 0xbb, 0x0,
    0x32, 0xd5, 0x67, 0x0, 0xff, 0xe0, 0x4f, 0xff,
    0xe9, 0x0, 0xff, 0xe0, 0x47, 0xff, 0xa4, 0x3,
    0xff, 0xa9, 0x1f, 0xfc, 0xc0, 0x1f, 0xfc, 0x18,
    0xff, 0xe6, 0x0, 0xff, 0xea, 0xc7, 0xff, 0xa4,
    0x3, 0xfc,

    /* U+0113 "ē" */
    0x0, 0x97, 0xff, 0x70, 0x7, 0x99, 0x57, 0x38,
    0x7, 0x8e, 0xab, 0x48, 0x7, 0x9b, 0x3f, 0xda,
    0xe0, 0x1d, 0x52, 0x62, 0x44, 0x8c, 0x0, 0x9d,
    0x47, 0x3b, 0x78, 0x8d, 0xc0, 0x12, 0x10, 0x60,
    0x1, 0x90, 0xa0, 0x11, 0x6, 0xd5, 0x6e, 0x2,
    0x2, 0x0, 0x22, 0xaf, 0x0, 0x4, 0x40, 0xe,
    0xff, 0xf8, 0x48, 0x41, 0x80, 0x31, 0x39, 0x0,
    0x24, 0x21, 0x40, 0x9, 0x91, 0x0, 0x3, 0xa8,
    0x57, 0xfa, 0xc4, 0xac, 0x2, 0xaa, 0x18, 0x0,
    0xa3, 0x44, 0x0,

    /* U+0116 "Ė" */
    0x0, 0x87, 0xfc, 0x40, 0x1f, 0xfc, 0x41, 0xcc,
    0x10, 0x7, 0xc6, 0x60, 0xf, 0xfe, 0x14, 0xff,
    0xfe, 0x90, 0xf, 0xfe, 0x4, 0x7f, 0xfa, 0x40,
    0x3f, 0xfa, 0x91, 0xff, 0xcc, 0x1, 0xff, 0xc1,
    0x8f, 0xfe, 0x60, 0xf, 0xfe, 0xac, 0x7f, 0xfa,
    0x40, 0x3f, 0xc0,

    /* U+0117 "ė" */
    0x0, 0xe3, 0x30, 0x7, 0xfb, 0x30, 0x60, 0x1f,
    0xfc, 0x9f, 0xf1, 0x80, 0x7f, 0xf1, 0xdb, 0x3f,
    0xda, 0xe0, 0x1d, 0x52, 0x62, 0x44, 0x8c, 0x0,
    0x9d, 0x47, 0x3b, 0x78, 0x8d, 0xc0, 0x12, 0x10,
    0x60, 0x1, 0x90, 0xa0, 0x11, 0x6, 0xd5, 0x6e,
    0x2, 0x2, 0x0, 0x22, 0xaf, 0x0, 0x4, 0x40,
    0xe, 0xff, 0xf8, 0x48, 0x41, 0x80, 0x31, 0x39,
    0x0, 0x24, 0x21, 0x40, 0x9, 0x91, 0x0, 0x3,
    0xa8, 0x57, 0xfa, 0xc4, 0xac, 0x2, 0xaa, 0x18,
    0x0, 0xa3, 0x44, 0x0,

    /* U+0118 "Ę" */
    0x9f, 0xff, 0xd2, 0x1, 0xff, 0xc0, 0x8f, 0xff,
    0x48, 0x7, 0xff, 0x52, 0x3f, 0xf9, 0x80, 0x3f,
    0xf8, 0x31, 0xff, 0xcc, 0x1, 0xff, 0xd5, 0x8f,
    0xff, 0x48, 0x7, 0xfa, 0x7f, 0xfa, 0x80, 0xec,
    0x3, 0xd6, 0x58, 0x40, 0x1c, 0x83, 0x60, 0x1f,
    0x30, 0x5e, 0x18, 0x7, 0x14, 0x10, 0x80,

    /* U+0119 "ę" */
    0x0, 0x9b, 0x3f, 0xda, 0xe0, 0x1d, 0x52, 0x62,
    0x44, 0x8c, 0x0, 0x9d, 0x47, 0x3b, 0x78, 0x8d,
    0xc0, 0x12, 0x10, 0x60, 0x1, 0x90, 0xa0, 0x11,
    0x6, 0xd5, 0x6e, 0x2, 0x2, 0x0, 0x22, 0xaf,
    0x0, 0x4, 0x40, 0xe, 0xff, 0xf8, 0x48, 0x41,
    0x80, 0x31, 0x39, 0x0, 0x24, 0x21, 0x40, 0x9,
    0x91, 0x20, 0x7, 0x50, 0xaf, 0xf5, 0x88, 0x48,
    0x5, 0x54, 0x30, 0xd, 0x24, 0x1, 0x97, 0x3f,
    0x85, 0x18, 0x3, 0xf3, 0xc, 0x0, 0x7f, 0x70,
    0x3a, 0x0, 0x7e, 0xa0, 0xbb, 0x8, 0x7, 0xc7,
    0xb3, 0x82, 0x0,

    /* U+011A "Ě" */
    0x1, 0xee, 0x8, 0x6f, 0x90, 0x0, 0x74, 0x76,
    0xca, 0xc8, 0x2, 0x3b, 0x34, 0x94, 0x0, 0xe4,
    0xff, 0x30, 0x7, 0xff, 0x6, 0x7f, 0xff, 0x48,
    0x7, 0xff, 0x2, 0x3f, 0xfd, 0x20, 0x1f, 0xfd,
    0x48, 0xff, 0xe6, 0x0, 0xff, 0xe0, 0xc7, 0xff,
    0x30, 0x7, 0xff, 0x56, 0x3f, 0xfd, 0x20, 0x1f,
    0xe0,

    /* U+011B "ě" */
    0x0, 0xc, 0x30, 0x1, 0x60, 0x80, 0x30, 0x8a,
    0x59, 0x28, 0x88, 0x1, 0xd2, 0x93, 0x67, 0x40,
    0x1f, 0x5c, 0x3e, 0x80, 0x7f, 0x3c, 0x8, 0x7,
    0xcd, 0x9f, 0xed, 0x70, 0xe, 0xa9, 0x31, 0x22,
    0x46, 0x0, 0x4e, 0xa3, 0x9d, 0xbc, 0x46, 0xe0,
    0x9, 0x8, 0x30, 0x0, 0xc8, 0x50, 0x8, 0x83,
    0x6a, 0xb7, 0x1, 0x1, 0x0, 0x11, 0x57, 0x80,
    0x2, 0x20, 0x7, 0x7f, 0xfc, 0x24, 0x20, 0xc0,
    0x18, 0x9c, 0x80, 0x12, 0x10, 0xa0, 0x4, 0xc8,
    0x80, 0x1, 0xd4, 0x2b, 0xfd, 0x62, 0x56, 0x1,
    0x55, 0xc, 0x0, 0x51, 0xa2, 0x0,

    /* U+011C "Ĝ" */
    0x0, 0xe3, 0xff, 0x40, 0x7, 0xf0, 0xe9, 0x2b,
    0xa8, 0x7, 0xec, 0x1f, 0xa4, 0xa3, 0x0, 0xfb,
    0x7c, 0x82, 0xfc, 0xc0, 0x3f, 0xf9, 0x2f, 0x9f,
    0xee, 0xb6, 0x0, 0xe3, 0xe8, 0x30, 0x0, 0xa4,
    0xe0, 0x80, 0x7, 0x44, 0xaf, 0xfd, 0xd2, 0x7,
    0x40, 0xb, 0x12, 0xd4, 0x0, 0xb, 0x60, 0x21,
    0x8a, 0x84, 0x80, 0x78, 0xf3, 0x4d, 0x40, 0x8,
    0x1, 0xf1, 0x90, 0x10, 0x10, 0x7, 0x15, 0x56,
    0x90, 0xf, 0xc2, 0xab, 0x90, 0x80, 0x80, 0x38,
    0xff, 0xd0, 0x2, 0xa0, 0x4, 0x0, 0xfa, 0xc1,
    0x5, 0x42, 0x40, 0x3c, 0x86, 0x14, 0x16, 0x25,
    0xa8, 0x0, 0x17, 0xb0, 0x62, 0x1, 0xd1, 0x2b,
    0xff, 0x74, 0x2, 0xc8, 0x4, 0x7d, 0x6, 0x0,
    0x14, 0xba, 0x0, 0x0,

    /* U+011D "ĝ" */
    0x0, 0xe7, 0x81, 0x0, 0xfa, 0xe1, 0xf4, 0x3,
    0xd2, 0x93, 0x67, 0x40, 0x18, 0x45, 0x2c, 0x94,
    0x44, 0x0, 0x86, 0x18, 0x0, 0xb0, 0x40, 0x19,
    0xf7, 0xfa, 0x93, 0xf0, 0x1, 0x90, 0x42, 0xb,
    0x60, 0x14, 0x18, 0x5f, 0x72, 0xc0, 0x33, 0x4,
    0xa0, 0x1, 0x20, 0x0, 0x42, 0xe, 0x1, 0x90,
    0x0, 0x20, 0x1, 0x0, 0xf8, 0x80, 0x2, 0x1,
    0xf0, 0x88, 0x1c, 0x3, 0x20, 0x5, 0x21, 0x28,
    0x0, 0x48, 0x0, 0x9c, 0xc2, 0xfb, 0x96, 0x1,
    0xd9, 0x4, 0x20, 0xb0, 0x1, 0xcf, 0xbf, 0xd4,
    0x40, 0x1c, 0x60, 0x1b, 0x1, 0x80, 0xb7, 0x18,
    0x0, 0xcc, 0xc, 0x2, 0x60, 0x9f, 0xf4, 0x82,
    0x30, 0x2, 0xe4, 0x80, 0x7, 0x16, 0x0,

    /* U+011E "Ğ" */
    0x0, 0xc9, 0x2, 0x9, 0x2, 0x1, 0xf9, 0xfe,
    0xad, 0x84, 0x3, 0xe4, 0x90, 0x53, 0xd0, 0xf,
    0xe6, 0xef, 0xc3, 0x0, 0xff, 0xe5, 0x3e, 0x7f,
    0xba, 0xd8, 0x3, 0x8f, 0xa0, 0xc0, 0x2, 0x93,
    0x82, 0x0, 0x1d, 0x12, 0xbf, 0xf7, 0x48, 0x1d,
    0x0, 0x2c, 0x4b, 0x50, 0x0, 0x2d, 0x80, 0x86,
    0x2a, 0x12, 0x1, 0xe3, 0xcd, 0x35, 0x0, 0x20,
    0x7, 0xc6, 0x40, 0x40, 0x40, 0x1c, 0x55, 0x5a,
    0x40, 0x3f, 0xa, 0xae, 0x42, 0x2, 0x0, 0xe3,
    0xff, 0x40, 0xa, 0x80, 0x10, 0x3, 0xeb, 0x4,
    0x15, 0x9, 0x0, 0xf2, 0x18, 0x50, 0x58, 0x96,
    0xa0, 0x0, 0x5e, 0xc1, 0x88, 0x7, 0x44, 0xaf,
    0xfd, 0xd0, 0xb, 0x20, 0x11, 0xf4, 0x18, 0x0,
    0x52, 0xe8, 0x0,

    /* U+011F "ğ" */
    0x0, 0x8f, 0xe0, 0x13, 0xd8, 0x3, 0x19, 0x3d,
    0x50, 0x1c, 0x3, 0xbd, 0x14, 0xec, 0x40, 0x38,
    0xaf, 0xf5, 0x0, 0x39, 0xf7, 0xfa, 0x93, 0xf0,
    0x1, 0x90, 0x42, 0xb, 0x60, 0x14, 0x18, 0x5f,
    0x72, 0xc0, 0x33, 0x4, 0xa0, 0x1, 0x20, 0x0,
    0x42, 0xe, 0x1, 0x90, 0x0, 0x20, 0x1, 0x0,
    0xf8, 0x80, 0x2, 0x1, 0xf0, 0x88, 0x1c, 0x3,
    0x20, 0x5, 0x21, 0x28, 0x0, 0x48, 0x0, 0x9c,
    0xc2, 0xfb, 0x96, 0x1, 0xd9, 0x4, 0x20, 0xb0,
    0x1, 0xcf, 0xbf, 0xd4, 0x40, 0x1c, 0x60, 0x1b,
    0x1, 0x80, 0xb7, 0x18, 0x0, 0xcc, 0xc, 0x2,
    0x60, 0x9f, 0xf4, 0x82, 0x30, 0x2, 0xe4, 0x80,
    0x7, 0x16, 0x0,

    /* U+0120 "Ġ" */
    0x0, 0xf4, 0xfc, 0x80, 0x7f, 0xf3, 0x63, 0x20,
    0x3, 0xfe, 0x13, 0x10, 0xf, 0xfe, 0x5b, 0xe7,
    0xfb, 0xad, 0x80, 0x38, 0xfa, 0xc, 0x0, 0x29,
    0x38, 0x20, 0x1, 0xd1, 0x2b, 0xff, 0x74, 0x81,
    0xd0, 0x2, 0xc4, 0xb5, 0x0, 0x2, 0xd8, 0x8,
    0x62, 0xa1, 0x20, 0x1e, 0x3c, 0xd3, 0x50, 0x2,
    0x0, 0x7c, 0x64, 0x4, 0x4, 0x1, 0xc5, 0x55,
    0xa4, 0x3, 0xf0, 0xaa, 0xe4, 0x20, 0x20, 0xe,
    0x3f, 0xf4, 0x0, 0xa8, 0x1, 0x0, 0x3e, 0xb0,
    0x41, 0x50, 0x90, 0xf, 0x21, 0x85, 0x5, 0x89,
    0x6a, 0x0, 0x5, 0xec, 0x18, 0x80, 0x74, 0x4a,
    0xff, 0xdd, 0x0, 0xb2, 0x1, 0x1f, 0x41, 0x80,
    0x5, 0x2e, 0x80, 0x0,

    /* U+0121 "ġ" */
    0x0, 0xe2, 0x32, 0x0, 0xfd, 0x79, 0x60, 0x1f,
    0xfc, 0x79, 0xf9, 0x0, 0xff, 0xe2, 0xbe, 0xff,
    0x52, 0x7e, 0x0, 0x32, 0x8, 0x41, 0x6c, 0x2,
    0x83, 0xb, 0xee, 0x58, 0x6, 0x60, 0x94, 0x0,
    0x24, 0x0, 0x8, 0x41, 0xc0, 0x32, 0x0, 0x4,
    0x0, 0x20, 0x1f, 0x10, 0x0, 0x40, 0x3e, 0x11,
    0x3, 0x80, 0x64, 0x0, 0xa4, 0x25, 0x0, 0x9,
    0x0, 0x13, 0x98, 0x5f, 0x72, 0xc0, 0x3b, 0x20,
    0x84, 0x16, 0x0, 0x39, 0xf7, 0xfa, 0x88, 0x3,
    0x8c, 0x3, 0x60, 0x30, 0x16, 0xe3, 0x0, 0x19,
    0x81, 0x80, 0x4c, 0x13, 0xfe, 0x90, 0x46, 0x0,
    0x5c, 0x90, 0x0, 0xe2, 0xc0,

    /* U+0122 "Ģ" */
    0x0, 0xcf, 0x9f, 0xee, 0xb6, 0x0, 0xe3, 0xe8,
    0x30, 0x0, 0xa4, 0xe0, 0x80, 0x7, 0x44, 0xaf,
    0xfd, 0xd2, 0x7, 0x40, 0xb, 0x12, 0xd4, 0x0,
    0xb, 0x60, 0x21, 0x8a, 0x84, 0x80, 0x78, 0xf3,
    0x4d, 0x40, 0x8, 0x1, 0xf1, 0x90, 0x10, 0x10,
    0x7, 0x15, 0x56, 0x90, 0xf, 0xc2, 0xab, 0x90,
    0x80, 0x80, 0x38, 0xff, 0xd0, 0x2, 0xa0, 0x4,
    0x0, 0xfa, 0xc1, 0x5, 0x42, 0x40, 0x3c, 0x86,
    0x14, 0x16, 0x25, 0xa8, 0x0, 0x17, 0xb0, 0x62,
    0x1, 0xd1, 0x2b, 0xff, 0x74, 0x2, 0xc8, 0x4,
    0x7d, 0x6, 0x0, 0x14, 0xba, 0x0, 0xf3, 0xe7,
    0xfb, 0xad, 0x0, 0x3f, 0xc2, 0x1, 0xff, 0xc0,
    0x7e, 0x90, 0xf, 0xfe, 0x6a, 0xab, 0xc0, 0x3f,
    0xe1, 0xe6, 0x0, 0xe0,

    /* U+0123 "ģ" */
    0x0, 0xe3, 0xd4, 0x0, 0xfd, 0x16, 0x80, 0x1f,
    0x9e, 0x54, 0x3, 0xff, 0x8f, 0xbc, 0xa0, 0x1f,
    0x84, 0x40, 0x1f, 0x3e, 0xff, 0x52, 0x7e, 0x0,
    0x32, 0x8, 0x41, 0x6c, 0x2, 0x83, 0xb, 0xee,
    0x58, 0x6, 0x60, 0x94, 0x0, 0x24, 0x0, 0x8,
    0x41, 0xc0, 0x32, 0x0, 0x4, 0x0, 0x20, 0x1f,
    0x10, 0x0, 0x40, 0x3e, 0x11, 0x3, 0x80, 0x64,
    0x0, 0xa4, 0x25, 0x0, 0x9, 0x0, 0x13, 0x98,
    0x5f, 0x72, 0xc0, 0x3b, 0x20, 0x84, 0x16, 0x0,
    0x39, 0xf7, 0xfa, 0x88, 0x3, 0x8c, 0x3, 0x60,
    0x30, 0x16, 0xe3, 0x0, 0x19, 0x81, 0x80, 0x4c,
    0x13, 0xfe, 0x90, 0x46, 0x0, 0x5c, 0x90, 0x0,
    0xe2, 0xc0,

    /* U+0124 "Ĥ" */
    0x0, 0xc9, 0xfe, 0x60, 0xf, 0x8a, 0xcd, 0x25,
    0x0, 0x38, 0x70, 0x76, 0xca, 0xc8, 0x3, 0xf,
    0x70, 0x43, 0x7c, 0x80, 0x3f, 0xf8, 0x53, 0xee,
    0x1, 0xe5, 0xfc, 0x0, 0xff, 0xf9, 0x47, 0xff,
    0xa8, 0x3, 0xff, 0x89, 0x1f, 0xfe, 0xa0, 0xf,
    0xff, 0x90,

    /* U+0125 "ĥ" */
    0x0, 0xf, 0x7d, 0x0, 0x7f, 0xe, 0x3, 0x2b,
    0x80, 0x7e, 0xa2, 0xa9, 0x58, 0x50, 0xf, 0xaf,
    0xd0, 0x2b, 0xd4, 0x3, 0xff, 0x97, 0x3e, 0x80,
    0x1f, 0xfd, 0xe7, 0xdf, 0xf5, 0x90, 0x7, 0xd3,
    0x4, 0x0, 0x4d, 0x20, 0xf, 0x13, 0x77, 0xd8,
    0x84, 0x0, 0x78, 0xa4, 0x41, 0x20, 0x10, 0x3,
    0xc8, 0x1, 0x90, 0x4, 0x40, 0x1c, 0x20, 0x18,
    0x80, 0x3f, 0xff, 0xa0,

    /* U+0126 "Ħ" */
    0x6, 0xfb, 0x0, 0xf0, 0xff, 0x80, 0x3f, 0xf8,
    0xb9, 0x20, 0x9f, 0xfe, 0xe0, 0x7, 0xa8, 0x7,
    0xff, 0x8, 0xf2, 0x41, 0x3f, 0xfd, 0xc0, 0xf,
    0x60, 0xf, 0xfe, 0x32, 0x7f, 0xfb, 0x80, 0x3f,
    0xf9, 0x49, 0xff, 0xee, 0x0, 0xff, 0xff, 0x80,
    0x60,

    /* U+0127 "ħ" */
    0x9, 0xf4, 0x0, 0xfd, 0x8c, 0x17, 0xee, 0x1,
    0xe4, 0x10, 0x35, 0x30, 0xf, 0x43, 0x84, 0x6c,
    0xff, 0xac, 0x80, 0x3a, 0x60, 0x80, 0x9, 0xa4,
    0x1, 0x89, 0xbb, 0xec, 0x42, 0x0, 0x31, 0x48,
    0x82, 0x40, 0x20, 0x6, 0x40, 0xc, 0x80, 0x22,
    0x0, 0x84, 0x3, 0x10, 0x7, 0xff, 0xcc,

    /* U+0128 "Ĩ" */
    0x7, 0x71, 0x1, 0xc0, 0x4c, 0x43, 0x6f, 0xdc,
    0xc, 0xdd, 0xc, 0x6e, 0x15, 0x82, 0xfb, 0xf0,
    0x1, 0xff, 0x37, 0xd8, 0x7, 0xff, 0xfc, 0x3,
    0xff, 0xa8,

    /* U+0129 "ĩ" */
    0x4e, 0xe4, 0x93, 0xf8, 0x70, 0x3b, 0x6c, 0x10,
    0x7c, 0x4f, 0xcb, 0xf8, 0x2b, 0x0, 0x1a, 0x8,
    0x2, 0x6f, 0xb0, 0xf, 0xff, 0xf8, 0x7, 0xe0,

    /* U+012A "Ī" */
    0xff, 0xe4, 0x55, 0xe6, 0xaa, 0xe2, 0x0, 0xf9,
    0xbe, 0xc0, 0x3f, 0xff, 0xe0, 0x1c,

    /* U+012B "ī" */
    0xff, 0xe4, 0x55, 0xe6, 0xaa, 0xe2, 0x6, 0xfb,
    0x0, 0xff, 0xf9, 0x0,

    /* U+012E "Į" */
    0x0, 0x37, 0xd8, 0x7, 0xff, 0xc8, 0x40, 0x23,
    0x82, 0x90, 0xe1, 0xc2, 0x29, 0x84, 0xc, 0x16,
    0xd0, 0x64, 0x98, 0x0,

    /* U+012F "į" */
    0x0, 0x37, 0xd8, 0x7, 0xcd, 0xf6, 0x0, 0x6f,
    0xb0, 0xf, 0xff, 0x18, 0x80, 0x49, 0x5, 0x21,
    0x23, 0x84, 0x53, 0x8, 0x18, 0x2d, 0xa0, 0xc9,
    0x30, 0x0,

    /* U+0130 "İ" */
    0x7f, 0xc0, 0x9, 0xb3, 0x84, 0xc8, 0x2, 0x6f,
    0xb0, 0xf, 0xfe, 0xd8,

    /* U+0131 "ı" */
    0x6f, 0xb0, 0xf, 0xfe, 0x90,

    /* U+0134 "Ĵ" */
    0x0, 0xe4, 0xff, 0x30, 0x7, 0x8a, 0xcd, 0x25,
    0x0, 0x30, 0xe0, 0xed, 0x95, 0x90, 0x4, 0x3d,
    0xc1, 0xd, 0xf2, 0x0, 0xff, 0xe2, 0xff, 0x88,
    0x3, 0xff, 0xfe, 0x1, 0xff, 0xce, 0x25, 0x10,
    0xf, 0xdd, 0x56, 0x21, 0x0, 0x2, 0x0, 0x78,
    0x2f, 0x7b, 0x84, 0x0, 0x47, 0x88, 0x0, 0x3a,
    0x70, 0x8,

    /* U+0135 "ĵ" */
    0x0, 0x2f, 0xf9, 0x0, 0x24, 0xa4, 0x3b, 0x30,
    0x2a, 0x2a, 0xd1, 0xd1, 0x2e, 0xd1, 0x17, 0x70,
    0x40, 0x2f, 0xf0, 0x7, 0xff, 0xfc, 0x3, 0xff,
    0x8c, 0x20, 0x1f, 0x38, 0x7, 0x1f, 0xc8, 0x18,
    0x7, 0x8f, 0x80, 0x20,

    /* U+0136 "Ķ" */
    0x9f, 0x70, 0xc, 0x3b, 0xf4, 0x1, 0xfb, 0x9,
    0x28, 0x3, 0xec, 0x23, 0xb0, 0xf, 0xac, 0xcd,
    0x80, 0x1f, 0x52, 0x16, 0x80, 0x7d, 0x2a, 0x38,
    0x20, 0x1e, 0xa6, 0xc, 0x10, 0xf, 0x84, 0x0,
    0x80, 0x1f, 0xae, 0x42, 0x54, 0x3, 0xf3, 0x48,
    0x52, 0x80, 0x7e, 0x68, 0xa, 0x40, 0xf, 0xcf,
    0x1, 0x68, 0x1, 0xf9, 0xdc, 0x16, 0x60, 0x1f,
    0xa1, 0x83, 0x4a, 0x7d, 0xc0, 0x3a, 0x7f, 0x88,
    0x3, 0x84, 0x40, 0x1f, 0xcb, 0xda, 0x1, 0xff,
    0xc9, 0x59, 0x70, 0xf, 0xe5, 0xb9, 0x0, 0xe0,

    /* U+0137 "ķ" */
    0x9f, 0x80, 0xf, 0xfe, 0xad, 0x7f, 0x8, 0x7,
    0x3a, 0x86, 0x88, 0x6, 0x48, 0x9, 0x30, 0xc,
    0x34, 0xc, 0xc0, 0xe, 0xd1, 0x49, 0x0, 0xe6,
    0x30, 0x90, 0xf, 0x31, 0x87, 0x0, 0x7d, 0xa4,
    0x76, 0x1, 0xe1, 0xf1, 0x4a, 0x0, 0xf1, 0x50,
    0x2c, 0x0, 0x79, 0x24, 0x1d, 0xa7, 0xe0, 0x2,
    0x6f, 0xf3, 0x0, 0x61, 0x10, 0x7, 0xc9, 0xd8,
    0x1, 0xff, 0xc5, 0x4a, 0x10, 0xf, 0x8e, 0x3c,
    0x3, 0x0,

    /* U+0139 "Ĺ" */
    0x0, 0x33, 0x0, 0x3e, 0x19, 0xe0, 0xf, 0xa4,
    0x28, 0x3, 0xe6, 0x42, 0x0, 0xfb, 0xac, 0x3,
    0xff, 0x8a, 0xdf, 0x60, 0x1f, 0xff, 0xf0, 0xf,
    0xff, 0x2, 0x7f, 0xf8, 0xc0, 0x3f, 0xc0,

    /* U+013A "ĺ" */
    0x0, 0x33, 0x0, 0x67, 0x82, 0x42, 0x81, 0x90,
    0x83, 0xac, 0x3, 0x9b, 0xec, 0x3, 0xff, 0xd2,

    /* U+013B "Ļ" */
    0x6f, 0xb0, 0xf, 0xff, 0xf8, 0x7, 0xff, 0x81,
    0x3f, 0xfc, 0x60, 0x1f, 0xe6, 0xff, 0xfc, 0x60,
    0x18, 0x44, 0x1, 0xf1, 0x77, 0x0, 0x3f, 0xf8,
    0xa5, 0x82, 0x1, 0xf1, 0x6d, 0x0, 0x60,

    /* U+013C "ļ" */
    0x6f, 0xb0, 0xf, 0xfe, 0xdb, 0x7d, 0x80, 0x89,
    0xba, 0x80, 0x26, 0x81, 0x6b, 0x80,

    /* U+013D "Ľ" */
    0x6f, 0xb0, 0x4, 0x7d, 0x80, 0x7f, 0xf1, 0x69,
    0x44, 0x3, 0xe4, 0x78, 0x0, 0xf9, 0xb4, 0x80,
    0x3f, 0xff, 0xc9, 0xff, 0xe3, 0x0, 0xff, 0x0,

    /* U+013E "ľ" */
    0x6f, 0xb0, 0xaf, 0x80, 0xf, 0xfb, 0xb, 0xc0,
    0x37, 0x8b, 0x0, 0x69, 0xc1, 0x0, 0xff, 0xf9,
    0x80,

    /* U+0141 "Ł" */
    0x2, 0xff, 0x0, 0x7f, 0xf8, 0x84, 0x40, 0x1f,
    0x9f, 0x94, 0x3, 0xee, 0x80, 0x70, 0xc, 0xe0,
    0x1, 0x3c, 0x30, 0x9, 0x28, 0x1, 0x58, 0x60,
    0x1f, 0x94, 0x3, 0xcb, 0xa0, 0x1f, 0xc2, 0x1,
    0xff, 0xc2, 0xff, 0xf3, 0x80, 0x7f, 0xc0,

    /* U+0142 "ł" */
    0x0, 0x17, 0xf8, 0x3, 0xff, 0xab, 0x4, 0x1,
    0xdc, 0xe2, 0x0, 0x40, 0x0, 0xa9, 0x13, 0x24,
    0x1, 0x94, 0x28, 0x62, 0x0, 0x30, 0x1, 0x4e,
    0x0, 0x72, 0x30, 0x7, 0xff, 0x48,

    /* U+0143 "Ń" */
    0x0, 0xf1, 0x39, 0x0, 0x7f, 0x5c, 0x18, 0x7,
    0xf3, 0x28, 0x80, 0x7e, 0x60, 0xe0, 0xf, 0xe6,
    0xf4, 0x0, 0xff, 0xe2, 0x4f, 0xe8, 0x7, 0x9b,
    0xec, 0x0, 0x50, 0x1, 0xff, 0x39, 0x80, 0x7f,
    0xdc, 0x1, 0xfc, 0xe4, 0x49, 0x0, 0xfe, 0xe0,
    0x64, 0x0, 0xfc, 0x6e, 0x14, 0x20, 0x1f, 0xa0,
    0xc6, 0xc0, 0x3f, 0xb8, 0x15, 0x40, 0x1f, 0x8a,
    0x2, 0xc4, 0x3, 0xf3, 0x98, 0xc0, 0x7, 0xf7,
    0x0, 0x7f, 0xc5, 0x20, 0x1f, 0xf3, 0x20, 0x0,

    /* U+0144 "ń" */
    0x0, 0xe4, 0xf5, 0x0, 0xfd, 0xe2, 0xa0, 0x1f,
    0x12, 0x30, 0x7, 0xe1, 0x89, 0x0, 0xfc, 0x6e,
    0x20, 0x1a, 0x7d, 0x1f, 0x7f, 0xd6, 0x40, 0x1a,
    0x60, 0x80, 0x9, 0xa4, 0x1, 0x13, 0x77, 0xd8,
    0x84, 0x0, 0x45, 0x22, 0x9, 0x0, 0x80, 0x12,
    0x0, 0x64, 0x1, 0x10, 0x0, 0x40, 0x31, 0x0,
    0x7f, 0xfb, 0x80,

    /* U+0145 "Ņ" */
    0x9f, 0xd0, 0xf, 0x37, 0xd8, 0x0, 0xa0, 0x3,
    0xfe, 0x73, 0x0, 0xff, 0xb8, 0x3, 0xf9, 0xc8,
    0x92, 0x1, 0xfd, 0xc0, 0xc8, 0x1, 0xf8, 0xdc,
    0x28, 0x40, 0x3f, 0x41, 0x8d, 0x80, 0x7f, 0x70,
    0x2a, 0x80, 0x3f, 0x14, 0x5, 0x88, 0x7, 0xe7,
    0x31, 0x80, 0xf, 0xee, 0x0, 0xff, 0x8a, 0x40,
    0x3f, 0xe6, 0x40, 0x4, 0xfc, 0x0, 0x7a, 0xfe,
    0xc0, 0x38, 0x44, 0x1, 0xfe, 0xde, 0x50, 0xf,
    0xfe, 0x4e, 0x18, 0x80, 0x7f, 0x5a, 0xa0, 0x6,

    /* U+0146 "ņ" */
    0x9f, 0x47, 0xdf, 0xf5, 0x90, 0x6, 0x98, 0x20,
    0x2, 0x69, 0x0, 0x44, 0xdd, 0xf6, 0x21, 0x0,
    0x11, 0x48, 0x82, 0x40, 0x20, 0x4, 0x80, 0x19,
    0x0, 0x44, 0x0, 0x10, 0xc, 0x40, 0x1f, 0xfe,
    0xe9, 0xf8, 0x0, 0xef, 0xf0, 0x80, 0x61, 0x10,
    0x7, 0xf6, 0xf2, 0x80, 0x7f, 0xf1, 0xf0, 0xc4,
    0x3, 0xf5, 0xaa, 0x0, 0x60,

    /* U+0147 "Ň" */
    0x0, 0xb3, 0xcc, 0x2b, 0xd4, 0x3, 0xb4, 0xb6,
    0x56, 0x14, 0x3, 0x87, 0xc1, 0x98, 0xe0, 0x1f,
    0x17, 0x7c, 0x80, 0x7f, 0xf1, 0x27, 0xf4, 0x3,
    0xcd, 0xf6, 0x0, 0x28, 0x0, 0xff, 0x9c, 0xc0,
    0x3f, 0xee, 0x0, 0xfe, 0x72, 0x24, 0x80, 0x7f,
    0x70, 0x32, 0x0, 0x7e, 0x37, 0xa, 0x10, 0xf,
    0xd0, 0x63, 0x60, 0x1f, 0xdc, 0xa, 0xa0, 0xf,
    0xc5, 0x1, 0x62, 0x1, 0xf9, 0xcc, 0x60, 0x3,
    0xfb, 0x80, 0x3f, 0xe2, 0x90, 0xf, 0xf9, 0x90,
    0x0,

    /* U+0148 "ň" */
    0x0, 0x21, 0x80, 0x9, 0x8, 0x3, 0x76, 0x28,
    0xe5, 0x18, 0x6, 0xa3, 0xac, 0xc, 0x10, 0xe,
    0xd5, 0x6d, 0x20, 0xf, 0xd, 0x59, 0x80, 0x69,
    0xf4, 0x7d, 0xff, 0x59, 0x0, 0x69, 0x82, 0x0,
    0x26, 0x90, 0x4, 0x4d, 0xdf, 0x62, 0x10, 0x1,
    0x14, 0x88, 0x24, 0x2, 0x0, 0x48, 0x1, 0x90,
    0x4, 0x40, 0x1, 0x0, 0xc4, 0x1, 0xff, 0xee,

    /* U+014A "Ŋ" */
    0x9f, 0xd0, 0xf, 0x37, 0xd8, 0x0, 0xa0, 0x3,
    0xfe, 0x73, 0x0, 0xff, 0xb8, 0x3, 0xf9, 0xc8,
    0x92, 0x1, 0xfd, 0x20, 0xc8, 0x1, 0xf9, 0x18,
    0x28, 0x40, 0x3f, 0x40, 0x8a, 0xc0, 0x3f, 0xd,
    0x82, 0xa8, 0x3, 0xf2, 0xa8, 0x2c, 0x40, 0x3f,
    0x58, 0x8a, 0x0, 0x3f, 0xd, 0x80, 0x7f, 0xca,
    0x80, 0x1f, 0xf4, 0x80, 0x53, 0xf0, 0x1, 0xc5,
    0x0, 0x1f, 0xf3, 0x0, 0x7f, 0xc6, 0x1, 0xfc,
    0x37, 0x80, 0x40, 0x1f, 0x90, 0x52, 0x0,

    /* U+014B "ŋ" */
    0x9f, 0x47, 0xdf, 0xf5, 0x90, 0x6, 0x98, 0x20,
    0x2, 0x69, 0x0, 0x44, 0xdd, 0xf6, 0x21, 0x0,
    0x11, 0x48, 0x82, 0x40, 0x20, 0x4, 0x80, 0x19,
    0x0, 0x44, 0x0, 0x10, 0xc, 0x40, 0x1f, 0xfe,
    0xe9, 0xf8, 0x0, 0xff, 0xe6, 0xb5, 0x80, 0x4,
    0x3, 0xd4, 0x81, 0x20, 0x1f, 0x66, 0xf3, 0x0,

    /* U+014C "Ō" */
    0x0, 0xc5, 0x55, 0xc0, 0x1f, 0xc2, 0xab, 0xc0,
    0x1f, 0xc7, 0xff, 0xc0, 0x1f, 0xfd, 0xb7, 0xcf,
    0xf7, 0x5b, 0x0, 0x78, 0xfa, 0xc, 0x0, 0x29,
    0x38, 0x20, 0x11, 0x68, 0x95, 0xff, 0xba, 0x44,
    0xf0, 0x2, 0x81, 0x2d, 0x40, 0x0, 0xb6, 0x9,
    0x38, 0xa, 0x84, 0x80, 0x78, 0xa4, 0x28, 0x14,
    0x0, 0x80, 0x1f, 0x28, 0x10, 0x90, 0x10, 0x7,
    0xe2, 0x0, 0x18, 0x7, 0xff, 0xc, 0x80, 0x80,
    0x3f, 0x10, 0x0, 0xd4, 0x0, 0x80, 0x1f, 0x28,
    0x10, 0x89, 0x42, 0x40, 0x3c, 0x50, 0x14, 0x0,
    0x81, 0x2d, 0x40, 0x0, 0xb6, 0x1, 0x38, 0x0,
    0xb4, 0x4a, 0xff, 0xdd, 0x22, 0x78, 0x1, 0x8f,
    0xa0, 0xc0, 0x2, 0x93, 0x82, 0x0,

    /* U+014D "ō" */
    0x0, 0xa3, 0xff, 0x58, 0x7, 0xb5, 0x57, 0x60,
    0x7, 0x96, 0xab, 0x38, 0x7, 0x9b, 0x3f, 0xda,
    0xe0, 0x1d, 0x72, 0x60, 0x2, 0x8d, 0x10, 0x3,
    0xa0, 0x57, 0xfa, 0xc4, 0xac, 0x1, 0x21, 0xa,
    0x0, 0x4a, 0x5, 0x12, 0x10, 0x60, 0xc, 0x82,
    0xa, 0x20, 0x1, 0x0, 0xe3, 0x2, 0x20, 0x0,
    0x80, 0x38, 0xc0, 0x84, 0x40, 0xa0, 0x19, 0x4,
    0x14, 0x24, 0x21, 0x40, 0x9, 0x40, 0xa2, 0xe,
    0xa1, 0x5f, 0xeb, 0x13, 0xb0, 0xa, 0xa4, 0xc0,
    0x5, 0x18, 0x20,

    /* U+0150 "Ő" */
    0x0, 0xe1, 0x73, 0x1, 0x73, 0x0, 0xfc, 0xd0,
    0x21, 0x30, 0x20, 0x1f, 0xa5, 0x8, 0x19, 0x8,
    0x3, 0xe5, 0x1e, 0x5, 0x1f, 0x0, 0xfc, 0xbe,
    0xa0, 0xbe, 0x80, 0x1f, 0xfc, 0xb7, 0xcf, 0xf7,
    0x5b, 0x0, 0x78, 0xfa, 0xc, 0x0, 0x29, 0x38,
    0x20, 0x11, 0x68, 0x95, 0xff, 0xba, 0x44, 0xf0,
    0x2, 0x81, 0x2d, 0x40, 0x0, 0xb6, 0x9, 0x38,
    0xa, 0x84, 0x80, 0x78, 0xa4, 0x28, 0x14, 0x0,
    0x80, 0x1f, 0x28, 0x10, 0x90, 0x10, 0x7, 0xe2,
    0x0, 0x18, 0x7, 0xff, 0xc, 0x80, 0x80, 0x3f,
    0x10, 0x0, 0xd4, 0x0, 0x80, 0x1f, 0x28, 0x10,
    0x89, 0x42, 0x40, 0x3c, 0x50, 0x14, 0x0, 0x81,
    0x2d, 0x40, 0x0, 0xb6, 0x1, 0x38, 0x0, 0xb4,
    0x4a, 0xff, 0xdd, 0x22, 0x78, 0x1, 0x8f, 0xa0,
    0xc0, 0x2, 0x93, 0x82, 0x0,

    /* U+0151 "ő" */
    0x0, 0xd5, 0xe0, 0xa, 0xf0, 0xe, 0x15, 0x60,
    0x15, 0x60, 0xe, 0x60, 0xb0, 0x60, 0xb0, 0xe,
    0x29, 0x20, 0x29, 0x20, 0xe, 0x56, 0x0, 0x2b,
    0x0, 0x79, 0xb3, 0xfd, 0xae, 0x1, 0xd7, 0x26,
    0x0, 0x28, 0xd1, 0x0, 0x3a, 0x5, 0x7f, 0xac,
    0x4a, 0xc0, 0x12, 0x10, 0xa0, 0x4, 0xa0, 0x51,
    0x21, 0x6, 0x0, 0xc8, 0x20, 0xa2, 0x0, 0x10,
    0xe, 0x30, 0x22, 0x0, 0x8, 0x3, 0x8c, 0x8,
    0x44, 0xa, 0x1, 0x90, 0x41, 0x42, 0x42, 0x14,
    0x0, 0x94, 0xa, 0x20, 0xea, 0x15, 0xfe, 0xb1,
    0x3b, 0x0, 0xaa, 0x4c, 0x0, 0x51, 0x82, 0x0,

    /* U+0152 "Œ" */
    0x0, 0xcf, 0x9f, 0xee, 0xb6, 0xe, 0xff, 0xfc,
    0xa0, 0x3, 0xe8, 0x30, 0x0, 0xa4, 0xe0, 0x80,
    0x7e, 0x10, 0x2d, 0x12, 0xbf, 0xf7, 0x48, 0x98,
    0x3, 0x3f, 0xfc, 0x81, 0x2, 0x5a, 0x80, 0x1,
    0x6c, 0x10, 0xf, 0xf0, 0xa8, 0x48, 0x7, 0x8a,
    0x40, 0x3f, 0xca, 0x0, 0x40, 0xf, 0x94, 0x1,
    0x9f, 0xfc, 0x20, 0x40, 0x40, 0x1f, 0x88, 0x3,
    0xff, 0x99, 0x7f, 0xfc, 0x20, 0x40, 0x40, 0x1f,
    0x88, 0x0, 0xe0, 0x1f, 0x28, 0x1, 0x0, 0x3e,
    0x50, 0xf, 0xf0, 0xa8, 0x48, 0x7, 0x8a, 0x0,
    0x3f, 0xe8, 0x12, 0xd4, 0x0, 0xb, 0x60, 0x7,
    0xff, 0x0, 0xb4, 0x4a, 0xff, 0xdd, 0x22, 0x60,
    0xc, 0xff, 0xf2, 0x0, 0xf, 0xa0, 0xc0, 0x2,
    0x93, 0x82, 0x1, 0xf8, 0x40,

    /* U+0153 "œ" */
    0x0, 0x9b, 0x3f, 0xda, 0xe0, 0x3, 0xae, 0xfe,
    0xa2, 0x0, 0xd7, 0x26, 0x24, 0x48, 0xd6, 0xc5,
    0x12, 0x15, 0xd3, 0x0, 0x3a, 0xe, 0x76, 0xe8,
    0x89, 0x20, 0xff, 0xbe, 0xc1, 0xc0, 0x9, 0x8,
    0x30, 0x1, 0x70, 0x0, 0xe0, 0x2, 0x91, 0x23,
    0x21, 0x7, 0x0, 0xc6, 0x20, 0x35, 0x5c, 0x0,
    0x51, 0x0, 0x8, 0x7, 0xc4, 0xab, 0xc2, 0x2,
    0x40, 0x2, 0x0, 0xe1, 0x7, 0xff, 0xf9, 0xc4,
    0x40, 0xa0, 0x19, 0x0, 0x8, 0x1, 0xce, 0x60,
    0x9, 0x8, 0x50, 0x2, 0x50, 0x0, 0xe4, 0x40,
    0x6a, 0x30, 0x41, 0xd4, 0x2b, 0xfd, 0x62, 0x72,
    0xd, 0xdf, 0xca, 0x16, 0x20, 0xa, 0x93, 0x0,
    0x14, 0x63, 0x6a, 0x88, 0xa, 0xea, 0x0,

    /* U+0154 "Ŕ" */
    0x0, 0xe2, 0x72, 0x0, 0xfe, 0x88, 0x10, 0x7,
    0xe1, 0x56, 0x0, 0xfe, 0x60, 0xb0, 0xf, 0xe7,
    0xf2, 0x0, 0xff, 0xe2, 0xcf, 0xff, 0xba, 0x44,
    0x3, 0xf8, 0x5b, 0xc4, 0x2, 0x8f, 0xfd, 0x82,
    0x28, 0x0, 0xfc, 0x70, 0x8, 0x1, 0xfc, 0xa0,
    0x60, 0x1f, 0xca, 0x6, 0x1, 0xf9, 0x20, 0x14,
    0x2, 0x8f, 0xfd, 0x62, 0x52, 0x1, 0xfc, 0x78,
    0x20, 0x14, 0x7f, 0xd2, 0x4, 0x20, 0x1f, 0x98,
    0x44, 0xe0, 0x1f, 0xd0, 0x12, 0x1, 0xfc, 0xc2,
    0x27, 0x0, 0xfe, 0x90, 0x90,

    /* U+0155 "ŕ" */
    0x0, 0xba, 0xc0, 0x32, 0x8f, 0x0, 0x6e, 0x15,
    0x0, 0xd9, 0x40, 0x1c, 0xe8, 0x1, 0x4f, 0xa3,
    0xf7, 0x98, 0x2, 0x20, 0x22, 0x0, 0x8d, 0x7b,
    0x86, 0x0, 0x1a, 0x10, 0xc, 0xe0, 0x1e, 0x10,
    0xf, 0xfe, 0xd8,

    /* U+0156 "Ŗ" */
    0x9f, 0xff, 0x74, 0x88, 0x7, 0xf0, 0xb7, 0x88,
    0x5, 0x1f, 0xfb, 0x4, 0x50, 0x1, 0xf8, 0xe0,
    0x10, 0x3, 0xf9, 0x40, 0xc0, 0x3f, 0x94, 0xc,
    0x3, 0xf2, 0x40, 0x28, 0x5, 0x1f, 0xfa, 0xc4,
    0xa4, 0x3, 0xf8, 0xf0, 0x40, 0x28, 0xff, 0xa4,
    0x8, 0x40, 0x3f, 0x30, 0x89, 0xc0, 0x3f, 0xa0,
    0x24, 0x3, 0xf9, 0x84, 0x4e, 0x1, 0xfd, 0x21,
    0x21, 0x3e, 0xe0, 0x1c, 0xff, 0xc0, 0x1e, 0x10,
    0xf, 0xf5, 0x73, 0x80, 0x7f, 0xf2, 0x69, 0x44,
    0x3, 0xfa, 0x45, 0x80, 0x38,

    /* U+0157 "ŗ" */
    0x9f, 0x47, 0xef, 0x30, 0x4, 0x40, 0x44, 0x1,
    0x1a, 0xf7, 0xc, 0x0, 0x34, 0x20, 0x19, 0xc0,
    0x3c, 0x20, 0x1f, 0xfd, 0xb9, 0xf8, 0x0, 0xe1,
    0x0, 0xe9, 0xe8, 0x0, 0xff, 0xa5, 0x7c, 0x3,
    0x48, 0xb8, 0x6,

    /* U+0158 "Ř" */
    0x2, 0xed, 0x11, 0x6f, 0x10, 0x6, 0x2d, 0x2a,
    0xd2, 0xd2, 0x0, 0xe3, 0xa4, 0x3a, 0x30, 0xf,
    0x97, 0xfc, 0xa0, 0x1f, 0xfc, 0x59, 0xff, 0xf7,
    0x48, 0x80, 0x7f, 0xb, 0x78, 0x80, 0x51, 0xff,
    0xb0, 0x45, 0x0, 0x1f, 0x8e, 0x1, 0x0, 0x3f,
    0x94, 0xc, 0x3, 0xf9, 0x40, 0xc0, 0x3f, 0x24,
    0x2, 0x80, 0x51, 0xff, 0xac, 0x4a, 0x40, 0x3f,
    0x8f, 0x4, 0x2, 0x8f, 0xfa, 0x40, 0x84, 0x3,
    0xf3, 0x8, 0x9c, 0x3, 0xfa, 0x2, 0x40, 0x3f,
    0x98, 0x44, 0xe0, 0x1f, 0xd2, 0x12, 0x0,

    /* U+0159 "ř" */
    0x7, 0x70, 0x0, 0xe1, 0x0, 0xa2, 0x8b, 0x55,
    0x40, 0xb0, 0xba, 0x1e, 0x20, 0x7, 0x97, 0xd2,
    0x0, 0xcd, 0x6, 0x1, 0x4f, 0xa3, 0xf7, 0x98,
    0x5, 0x10, 0x11, 0x0, 0x63, 0x5e, 0xe1, 0x80,
    0x43, 0x42, 0x1, 0xce, 0x1, 0xf0, 0x80, 0x7f,
    0xf8, 0x0,

    /* U+015A "Ś" */
    0x0, 0xf9, 0xd4, 0x3, 0xfc, 0x70, 0x60, 0x1f,
    0xe9, 0x6, 0x0, 0xfe, 0x15, 0x60, 0xf, 0xf0,
    0xfc, 0x80, 0x7f, 0xf2, 0x5b, 0x3f, 0xdd, 0x68,
    0x1, 0xd9, 0x26, 0x0, 0x14, 0xb9, 0x0, 0x9c,
    0xc2, 0x7b, 0xf9, 0xc1, 0x98, 0x0, 0xd0, 0x66,
    0x8, 0xc, 0x38, 0x40, 0x6, 0x20, 0xe, 0x9b,
    0xf0, 0x4, 0x82, 0x63, 0x90, 0x0, 0x50, 0x40,
    0x7, 0x64, 0x71, 0xbd, 0x4a, 0x1, 0xc9, 0xba,
    0x84, 0x15, 0xad, 0x20, 0xe, 0x27, 0xbf, 0xb2,
    0x27, 0x80, 0x15, 0x80, 0x39, 0x3c, 0x8, 0x45,
    0x52, 0xc0, 0x1f, 0xc2, 0xc1, 0x30, 0x20, 0x4,
    0xf0, 0x31, 0x9, 0x40, 0x7e, 0xff, 0x59, 0xf,
    0x0, 0x57, 0x48, 0x20, 0x3, 0x8e, 0x20,

    /* U+015B "ś" */
    0x0, 0xe3, 0xf6, 0x0, 0xfa, 0x41, 0x80, 0x3c,
    0x2a, 0xc0, 0x1f, 0x1c, 0x58, 0x7, 0xc4, 0xe4,
    0x1, 0xc9, 0x7f, 0xee, 0xa2, 0x0, 0x2d, 0xa0,
    0x90, 0xae, 0x98, 0x48, 0x3f, 0x6f, 0x18, 0x40,
    0x5, 0xe0, 0x1, 0xea, 0x90, 0xa0, 0x8d, 0x84,
    0x25, 0x20, 0x6c, 0x52, 0x7b, 0xf8, 0x0, 0x8e,
    0xbe, 0xdc, 0x5e, 0x41, 0x5c, 0x0, 0x91, 0x40,
    0xe1, 0x51, 0x20, 0x16, 0x1, 0x4, 0x83, 0x7e,
    0xf3, 0x84, 0x83, 0x62, 0x9, 0x2, 0x5a, 0x80,

    /* U+015C "Ŝ" */
    0x0, 0xeb, 0xfd, 0x10, 0xf, 0xd2, 0x8e, 0x5a,
    0x1, 0xf3, 0xb3, 0xc5, 0x1d, 0x0, 0x79, 0xfe,
    0x1, 0x7e, 0x80, 0x3f, 0xf8, 0xed, 0x9f, 0xee,
    0xb4, 0x0, 0xec, 0x93, 0x0, 0xa, 0x5c, 0x80,
    0x4e, 0x61, 0x3d, 0xfc, 0xe0, 0xcc, 0x0, 0x68,
    0x33, 0x4, 0x6, 0x1c, 0x20, 0x3, 0x10, 0x7,
    0x4d, 0xf8, 0x2, 0x41, 0x31, 0xc8, 0x0, 0x28,
    0x20, 0x3, 0xb2, 0x38, 0xde, 0xa5, 0x0, 0xe4,
    0xdd, 0x42, 0xa, 0xd6, 0x90, 0x7, 0x13, 0xdf,
    0xd9, 0x13, 0xc0, 0xa, 0xc0, 0x1c, 0x9e, 0x4,
    0x22, 0xa9, 0x60, 0xf, 0xe1, 0x60, 0x98, 0x10,
    0x2, 0x78, 0x18, 0x84, 0xa0, 0x3f, 0x7f, 0xac,
    0x87, 0x80, 0x2b, 0xa4, 0x10, 0x1, 0xc7, 0x10,
    0x0,

    /* U+015D "ŝ" */
    0x0, 0xc9, 0xa, 0x1, 0xe4, 0xb7, 0xa4, 0x0,
    0xc5, 0x45, 0xc7, 0x66, 0x1, 0x3b, 0x78, 0xeb,
    0xa8, 0x4, 0xb0, 0x40, 0x30, 0xc0, 0x12, 0x5f,
    0xfb, 0xa8, 0x80, 0xb, 0x68, 0x24, 0x2b, 0xa6,
    0x12, 0xf, 0xdb, 0xc6, 0x10, 0x1, 0x78, 0x0,
    0x7a, 0xa4, 0x28, 0x23, 0x61, 0x9, 0x48, 0x1b,
    0x14, 0x9e, 0xfe, 0x0, 0x23, 0xaf, 0xb7, 0x17,
    0x90, 0x57, 0x0, 0x24, 0x50, 0x38, 0x54, 0x48,
    0x5, 0x80, 0x41, 0x20, 0xdf, 0xbc, 0xe1, 0x20,
    0xd8, 0x82, 0x40, 0x96, 0xa0,

    /* U+015E "Ş" */
    0x0, 0x9b, 0x3f, 0xdd, 0x68, 0x1, 0xd9, 0x26,
    0x0, 0x14, 0xb9, 0x0, 0x9c, 0xc2, 0x7b, 0xf9,
    0xc1, 0x98, 0x0, 0xd0, 0x66, 0x8, 0xc, 0x38,
    0x40, 0x6, 0x20, 0xe, 0x9b, 0xf0, 0x4, 0x82,
    0x63, 0x90, 0x0, 0x50, 0x40, 0x7, 0x64, 0x71,
    0xbd, 0x4a, 0x1, 0xc9, 0xba, 0x84, 0x15, 0xad,
    0x20, 0xe, 0x27, 0xbf, 0xb2, 0x27, 0x80, 0x15,
    0x80, 0x39, 0x3c, 0x8, 0x45, 0x52, 0xc0, 0x1f,
    0xc2, 0xc1, 0x30, 0x20, 0x4, 0xf0, 0x31, 0x9,
    0x40, 0x7e, 0xff, 0x59, 0xf, 0x0, 0x57, 0x48,
    0x20, 0x3, 0x8e, 0x20, 0xc, 0xb7, 0xc3, 0x18,
    0xe0, 0x1f, 0x88, 0x60, 0x80, 0x3f, 0x8b, 0x82,
    0x80, 0x3f, 0x92, 0x3, 0x80, 0x3f, 0xb5, 0x91,
    0x80, 0x30,

    /* U+015F "ş" */
    0x0, 0x25, 0xff, 0xba, 0x88, 0x0, 0xb6, 0x82,
    0x42, 0xba, 0x61, 0x20, 0xfd, 0xbc, 0x61, 0x0,
    0x17, 0x80, 0x7, 0xaa, 0x42, 0x82, 0x36, 0x10,
    0x94, 0x81, 0xb1, 0x49, 0xef, 0xe0, 0x2, 0x3a,
    0xfb, 0x71, 0x79, 0x5, 0x70, 0x2, 0x45, 0x3,
    0x85, 0x44, 0x80, 0x58, 0x4, 0x12, 0xd, 0xfb,
    0xce, 0x12, 0xd, 0x88, 0x24, 0x29, 0x6a, 0x0,
    0x3b, 0xd0, 0xdb, 0x40, 0xe, 0x50, 0xf0, 0xf,
    0x9a, 0x48, 0xc0, 0x3c, 0xfa, 0x2, 0x1, 0xea,
    0x48, 0x20, 0x0,

    /* U+0160 "Š" */
    0x0, 0x9b, 0xe4, 0x13, 0xec, 0x3, 0xcc, 0xed,
    0x36, 0x56, 0x1, 0xf4, 0x2b, 0xe, 0x0, 0x7f,
    0x57, 0xf0, 0x80, 0x7f, 0xf2, 0x1b, 0x3f, 0xdd,
    0x68, 0x1, 0xd9, 0x26, 0x0, 0x14, 0xb9, 0x0,
    0x9c, 0xc2, 0x7b, 0xf9, 0xc1, 0x98, 0x0, 0xd0,
    0x66, 0x8, 0xc, 0x38, 0x40, 0x6, 0x20, 0xe,
    0x9b, 0xf0, 0x4, 0x82, 0x63, 0x90, 0x0, 0x50,
    0x40, 0x7, 0x64, 0x71, 0xbd, 0x4a, 0x1, 0xc9,
    0xba, 0x84, 0x15, 0xad, 0x20, 0xe, 0x27, 0xbf,
    0xb2, 0x27, 0x80, 0x15, 0x80, 0x39, 0x3c, 0x8,
    0x45, 0x52, 0xc0, 0x1f, 0xc2, 0xc1, 0x30, 0x20,
    0x4, 0xf0, 0x31, 0x9, 0x40, 0x7e, 0xff, 0x59,
    0xf, 0x0, 0x57, 0x48, 0x20, 0x3, 0x8e, 0x20,

    /* U+0161 "š" */
    0x0, 0x34, 0x8, 0xc, 0x30, 0x4, 0x8f, 0x83,
    0xae, 0xa0, 0x11, 0x59, 0x71, 0xd9, 0x80, 0x64,
    0xb7, 0xa4, 0x0, 0xf2, 0x42, 0x80, 0x72, 0x5f,
    0xfb, 0xa8, 0x80, 0xb, 0x68, 0x24, 0x2b, 0xa6,
    0x12, 0xf, 0xdb, 0xc6, 0x10, 0x1, 0x78, 0x0,
    0x7a, 0xa4, 0x28, 0x23, 0x61, 0x9, 0x48, 0x1b,
    0x14, 0x9e, 0xfe, 0x0, 0x23, 0xaf, 0xb7, 0x17,
    0x90, 0x57, 0x0, 0x24, 0x50, 0x38, 0x54, 0x48,
    0x5, 0x80, 0x41, 0x20, 0xdf, 0xbc, 0xe1, 0x20,
    0xd8, 0x82, 0x40, 0x96, 0xa0,

    /* U+0162 "Ţ" */
    0xcf, 0xff, 0xf7, 0x0, 0x7f, 0xc7, 0x9f, 0xf8,
    0x1, 0xdf, 0xf6, 0x80, 0x7f, 0xff, 0xc0, 0x3f,
    0xfe, 0x45, 0x2, 0x1, 0xf8, 0x89, 0x62, 0x1,
    0xf8, 0xac, 0xd8, 0x3, 0xf2, 0x68, 0x8, 0x7,
    0xed, 0x64, 0x60, 0xc,

    /* U+0163 "ţ" */
    0x0, 0x2c, 0x18, 0x7, 0x73, 0xa8, 0x7, 0xfd,
    0x9e, 0x81, 0x3f, 0xe9, 0x45, 0x10, 0x35, 0x57,
    0xc5, 0x28, 0x55, 0x4c, 0x1, 0xff, 0xde, 0x10,
    0xd0, 0xe, 0xf0, 0x4f, 0xe8, 0x0, 0x2c, 0x0,
    0x4, 0x3, 0x38, 0xc7, 0xc0, 0x4, 0x43, 0x24,
    0x1, 0x8b, 0x45, 0x40, 0x32, 0x58, 0x8, 0x6,
    0xd6, 0x56, 0x0,

    /* U+0164 "Ť" */
    0x0, 0x17, 0x68, 0x8b, 0x78, 0x80, 0x31, 0x69,
    0x6d, 0x16, 0x90, 0x7, 0x1d, 0x1a, 0x51, 0x80,
    0x7c, 0xbf, 0xe5, 0x0, 0xff, 0xe2, 0x67, 0xff,
    0xfb, 0x80, 0x3f, 0xe3, 0xcf, 0xfc, 0x0, 0xef,
    0xfb, 0x40, 0x3f, 0xff, 0xe0, 0x1f, 0xfe, 0xd0,

    /* U+0165 "ť" */
    0x0, 0xf3, 0x7e, 0x0, 0x7f, 0xf0, 0xd1, 0xc0,
    0x2a, 0xe5, 0x2, 0x16, 0x0, 0x8, 0x8c, 0x10,
    0xa0, 0x3, 0xc9, 0x65, 0x9e, 0x81, 0x3f, 0xe9,
    0x4, 0x51, 0x3, 0x55, 0x78, 0x45, 0x28, 0x55,
    0x4c, 0x1, 0xff, 0xe4, 0x10, 0xd0, 0xf, 0x78,
    0x27, 0xf4, 0x0, 0x4b, 0x4, 0x2, 0x0,

    /* U+0166 "Ŧ" */
    0xcf, 0xff, 0xf7, 0x0, 0x7f, 0xc7, 0x9f, 0xf8,
    0x1, 0xdf, 0xf6, 0x80, 0x7f, 0xf3, 0x84, 0x60,
    0x1, 0x88, 0x80, 0x29, 0xee, 0x80, 0x1b, 0xdc,
    0xa0, 0xf, 0xfe, 0x14, 0xff, 0xc0, 0xe, 0xff,
    0x50, 0x7, 0xff, 0xc4,

    /* U+0167 "ŧ" */
    0x0, 0x5f, 0xb0, 0x7, 0xff, 0x1f, 0x3d, 0x2,
    0x7f, 0xd2, 0x8a, 0x20, 0x6a, 0xaf, 0x8a, 0x50,
    0xaa, 0x98, 0x3, 0xf4, 0x52, 0x85, 0x55, 0x28,
    0xa2, 0x6, 0xaa, 0x4c, 0xf4, 0x9, 0xff, 0x68,
    0x7, 0xf8, 0x43, 0x40, 0x3b, 0xc1, 0x3f, 0xa0,
    0x0, 0xb2, 0x40, 0x20,

    /* U+0168 "Ũ" */
    0x0, 0x9f, 0xf0, 0xc3, 0x24, 0x3, 0xa0, 0xc3,
    0x28, 0xc0, 0x3e, 0x9c, 0x84, 0x2b, 0x0, 0xef,
    0x50, 0x7e, 0xd2, 0x0, 0xff, 0xe1, 0x4f, 0xc0,
    0x7, 0x8f, 0xf8, 0x3, 0xff, 0xfe, 0x1, 0xff,
    0xc8, 0x31, 0x2, 0x0, 0xf3, 0x0, 0xe0, 0x29,
    0x0, 0x74, 0x2, 0xa1, 0x6, 0x28, 0x0, 0xf0,
    0x82, 0xc3, 0xc8, 0x6b, 0xfd, 0x86, 0x14, 0x40,
    0x5b, 0x6, 0x0, 0x26, 0xd5, 0x0,

    /* U+0169 "ũ" */
    0x0, 0x14, 0x20, 0x1, 0xd0, 0x2, 0xc7, 0xba,
    0x1a, 0xd0, 0x0, 0x8a, 0x6d, 0x38, 0xbc, 0x0,
    0x2e, 0x88, 0xf8, 0x96, 0x0, 0xa0, 0x80, 0x5d,
    0x80, 0x19, 0xea, 0x1, 0x8f, 0xf8, 0x3, 0xff,
    0xd0, 0x60, 0x19, 0xc0, 0xc, 0x1a, 0x1, 0xb0,
    0x1, 0xe0, 0x8e, 0x0, 0x67, 0x0, 0x29, 0x84,
    0x7f, 0xa4, 0x80, 0x2d, 0x61, 0x1, 0x6c, 0x0,
    0x0,

    /* U+016A "Ū" */
    0x0, 0x92, 0xab, 0x38, 0x7, 0x8d, 0x57, 0x58,
    0x7, 0x9f, 0xff, 0x60, 0x7, 0xff, 0x3e, 0x7e,
    0x0, 0x3c, 0x7f, 0xc0, 0x1f, 0xff, 0xf0, 0xf,
    0xfe, 0x41, 0x88, 0x10, 0x7, 0x98, 0x7, 0x1,
    0x48, 0x3, 0xa0, 0x15, 0x8, 0x31, 0x40, 0x7,
    0x84, 0x16, 0x1e, 0x43, 0x5f, 0xec, 0x30, 0xa2,
    0x2, 0xd8, 0x30, 0x1, 0x36, 0xa8, 0x0,

    /* U+016B "ū" */
    0x0, 0x4f, 0xfe, 0xa0, 0xd, 0x8a, 0xbb, 0x0,
    0x32, 0xd5, 0x66, 0x0, 0x67, 0xa8, 0x6, 0x3f,
    0xe0, 0xf, 0xff, 0x41, 0x80, 0x67, 0x0, 0x30,
    0x68, 0x6, 0xc0, 0x7, 0x82, 0x38, 0x1, 0x9c,
    0x0, 0xa6, 0x11, 0xfe, 0x92, 0x0, 0xb5, 0x84,
    0x5, 0xb0, 0x0,

    /* U+016C "Ŭ" */
    0x0, 0x95, 0xc0, 0xa, 0xe0, 0x1e, 0x28, 0xcb,
    0xac, 0x0, 0xf3, 0xb8, 0x91, 0x68, 0x3, 0xe8,
    0xef, 0xa1, 0x0, 0xff, 0xe1, 0xcf, 0xc0, 0x7,
    0x8f, 0xf8, 0x3, 0xff, 0xfe, 0x1, 0xff, 0xc8,
    0x31, 0x2, 0x0, 0xf3, 0x0, 0xe0, 0x29, 0x0,
    0x74, 0x2, 0xa1, 0x6, 0x28, 0x0, 0xf0, 0x82,
    0xc3, 0xc8, 0x6b, 0xfd, 0x86, 0x14, 0x40, 0x5b,
    0x6, 0x0, 0x26, 0xd5, 0x0,

    /* U+016D "ŭ" */
    0x0, 0x67, 0x90, 0xf6, 0x80, 0x68, 0xd, 0xe1,
    0xb0, 0xc, 0x98, 0xcc, 0xb6, 0x0, 0xe3, 0x99,
    0x20, 0x5, 0x9e, 0xa0, 0x18, 0xff, 0x80, 0x3f,
    0xfd, 0x6, 0x1, 0x9c, 0x0, 0xc1, 0xa0, 0x1b,
    0x0, 0x1e, 0x8, 0xe0, 0x6, 0x70, 0x2, 0x98,
    0x47, 0xfa, 0x48, 0x2, 0xd6, 0x10, 0x16, 0xc0,
    0x0,

    /* U+016E "Ů" */
    0x0, 0xff, 0xe2, 0x37, 0xfa, 0xc0, 0x3e, 0x29,
    0x7a, 0x58, 0x0, 0xfd, 0xae, 0x62, 0x1, 0xe2,
    0x6a, 0xd0, 0x80, 0xf, 0xa7, 0x73, 0x44, 0x3,
    0xf1, 0x18, 0x7, 0x4f, 0xc0, 0x7, 0x8f, 0xf8,
    0x3, 0xff, 0xfe, 0x1, 0xff, 0xc8, 0x31, 0x2,
    0x0, 0xf3, 0x0, 0xe0, 0x29, 0x0, 0x74, 0x2,
    0xa1, 0x6, 0x28, 0x0, 0xf0, 0x82, 0xc3, 0xc8,
    0x6b, 0xfd, 0x86, 0x14, 0x40, 0x5b, 0x6, 0x0,
    0x26, 0xd5, 0x0,

    /* U+016F "ů" */
    0x0, 0xff, 0xe0, 0xb7, 0xfa, 0x0, 0x38, 0xa5,
    0xe1, 0xd0, 0x3, 0x20, 0x43, 0x91, 0x80, 0x65,
    0x5, 0x42, 0x20, 0x6, 0x36, 0xab, 0x45, 0x0,
    0xe9, 0xdc, 0xb0, 0xb, 0x3d, 0x40, 0x8c, 0xf,
    0xf8, 0x3, 0xff, 0xd0, 0x60, 0x19, 0xc0, 0xc,
    0x1a, 0x1, 0xb0, 0x1, 0xe0, 0x8e, 0x0, 0x67,
    0x0, 0x29, 0x84, 0x7f, 0xa4, 0x80, 0x2d, 0x61,
    0x1, 0x6c, 0x0, 0x0,

    /* U+0170 "Ű" */
    0x0, 0xc8, 0xe0, 0x4, 0x70, 0xf, 0x4d, 0x80,
    0x26, 0xc0, 0x39, 0xa, 0x81, 0xa, 0x40, 0x3b,
    0x85, 0x83, 0x85, 0x40, 0x3a, 0xb8, 0x1, 0x5c,
    0x1, 0xff, 0xc3, 0x9f, 0x80, 0xf, 0x1f, 0xf0,
    0x7, 0xff, 0xfc, 0x3, 0xff, 0x90, 0x62, 0x4,
    0x1, 0xe6, 0x1, 0xc0, 0x52, 0x0, 0xe8, 0x5,
    0x42, 0xc, 0x50, 0x1, 0xe1, 0x5, 0x87, 0x90,
    0xd7, 0xfb, 0xc, 0x28, 0x80, 0xb6, 0xc, 0x0,
    0x4d, 0xaa, 0x0,

    /* U+0171 "ű" */
    0x0, 0xab, 0xc0, 0x15, 0xe0, 0x10, 0xab, 0x0,
    0xab, 0x0, 0x4c, 0x16, 0xc, 0x16, 0x1, 0x14,
    0x90, 0x14, 0x90, 0x4, 0xac, 0x0, 0x56, 0x0,
    0x67, 0xa8, 0x6, 0x3f, 0xe0, 0xf, 0xff, 0x41,
    0x80, 0x67, 0x0, 0x30, 0x68, 0x6, 0xc0, 0x7,
    0x82, 0x38, 0x1, 0x9c, 0x0, 0xa6, 0x11, 0xfe,
    0x92, 0x0, 0xb5, 0x84, 0x5, 0xb0, 0x0,

    /* U+0172 "Ų" */
    0x9f, 0x80, 0xf, 0x1f, 0xf0, 0x7, 0xff, 0xfc,
    0x3, 0xff, 0x90, 0x62, 0x4, 0x1, 0xe6, 0x1,
    0xc0, 0x52, 0x0, 0xe8, 0x5, 0x42, 0xc, 0x50,
    0x1, 0xe1, 0x5, 0x87, 0x90, 0xd7, 0xfb, 0xc,
    0x28, 0x80, 0xb6, 0xc, 0x2, 0x3d, 0x50, 0xc,
    0xf9, 0xc0, 0x58, 0x40, 0x1f, 0x20, 0x40, 0x7,
    0xf0, 0x84, 0xe1, 0x0, 0x7c, 0x8c, 0x60, 0x18,

    /* U+0173 "ų" */
    0xcf, 0x50, 0xc, 0x7f, 0xc0, 0x1f, 0xfe, 0x83,
    0x0, 0xce, 0x0, 0x60, 0xd0, 0xd, 0x80, 0xf,
    0x4, 0x70, 0x3, 0x38, 0x1, 0x4c, 0x23, 0xfd,
    0x24, 0x1, 0x6b, 0x8, 0xb, 0x40, 0x4, 0x33,
    0xdf, 0xd7, 0x41, 0x40, 0x1e, 0x90, 0xc4, 0x0,
    0xf2, 0x20, 0xc0, 0x3e, 0x14, 0xa8, 0x0, 0xf5,
    0xa, 0x70,

    /* U+0174 "Ŵ" */
    0x0, 0xfd, 0x7f, 0xa2, 0x1, 0xff, 0xc2, 0x94,
    0x72, 0xd0, 0xf, 0xfe, 0xb, 0xb3, 0xc5, 0x1d,
    0x0, 0x7f, 0xf0, 0x1f, 0xe0, 0x17, 0xe8, 0x3,
    0xff, 0x9b, 0x3f, 0x20, 0x1d, 0x5f, 0xa0, 0x1c,
    0xbf, 0xba, 0x7, 0x0, 0xe4, 0x2, 0x20, 0x6,
    0xf0, 0x54, 0x1, 0x20, 0x8, 0xc4, 0x0, 0x80,
    0x19, 0x2, 0xc1, 0x1, 0x40, 0x24, 0x1, 0xd,
    0x0, 0x8c, 0x44, 0x61, 0xa1, 0x80, 0x15, 0x84,
    0x2, 0x0, 0x56, 0x8, 0x0, 0x70, 0x40, 0x0,
    0x98, 0x39, 0x82, 0x0, 0x10, 0x3c, 0x0, 0x26,
    0xa, 0x8, 0x8, 0x28, 0x1a, 0x2, 0x60, 0x80,
    0x15, 0x86, 0x7, 0x86, 0x5, 0x82, 0x2, 0x2,
    0x8, 0x4, 0x80, 0xe0, 0x80, 0xa0, 0x62, 0x44,
    0xf0, 0xc0, 0xc, 0x62, 0x26, 0x12, 0x20, 0x1,
    0xc1, 0x50, 0x14, 0x3, 0x9c, 0x20, 0x10, 0x2,
    0xc0, 0x91, 0x22, 0x0, 0x76, 0x80, 0x86, 0x80,
    0x4a, 0x2, 0xa, 0x1, 0xe4, 0x0, 0x90, 0x3,
    0x20, 0x2, 0xc0, 0x3e, 0x40, 0x50, 0xe, 0xc0,
    0x13, 0x0, 0x80,

    /* U+0175 "ŵ" */
    0x0, 0xf0, 0xc3, 0x80, 0x7f, 0xf0, 0x71, 0xe2,
    0x80, 0x3f, 0xeb, 0x2b, 0x85, 0x80, 0xf, 0xe3,
    0x35, 0xa3, 0xc8, 0x8, 0x7, 0xe3, 0x84, 0x0,
    0x34, 0x8, 0x6, 0x7f, 0x90, 0x8, 0xbf, 0xc0,
    0x1b, 0x3d, 0x14, 0x1c, 0x2, 0x50, 0x2, 0x0,
    0x4, 0xc1, 0x8, 0x82, 0x60, 0xc, 0x0, 0x68,
    0x1, 0xc1, 0x40, 0xa, 0x16, 0x2, 0x86, 0x28,
    0x0, 0xd0, 0xf0, 0x5, 0x82, 0x82, 0x5, 0xa1,
    0x10, 0x10, 0x10, 0x0, 0x62, 0x43, 0xe0, 0xdc,
    0xa, 0x80, 0x62, 0x1, 0x20, 0x3a, 0x18, 0xa0,
    0x5e, 0x85, 0x80, 0x6f, 0x8, 0x1b, 0x0, 0x29,
    0xb8, 0x28, 0x6, 0x40, 0x10, 0x50, 0x7, 0x80,
    0x91, 0x0, 0x30, 0xa0, 0x11, 0x0, 0x8, 0x0,
    0x50, 0xf, 0x60, 0x28, 0x4, 0x28, 0x18, 0x1,
    0x0,

    /* U+0176 "Ŷ" */
    0x0, 0xc9, 0xba, 0x20, 0xf, 0x8a, 0xc0, 0xfc,
    0x40, 0x38, 0x7c, 0x3e, 0x8a, 0x80, 0x38, 0xe3,
    0x49, 0x33, 0x84, 0x3, 0x12, 0x90, 0x0, 0xd4,
    0x40, 0x17, 0xf6, 0x1, 0xed, 0xf9, 0x90, 0x22,
    0x80, 0x67, 0x21, 0x92, 0x70, 0xb0, 0x8, 0x60,
    0x20, 0x1, 0x2, 0x28, 0x0, 0x58, 0x1b, 0x0,
    0x56, 0xe, 0x48, 0xa1, 0xe0, 0x19, 0x50, 0x26,
    0x40, 0xc6, 0x1, 0xd2, 0x8, 0x43, 0x0, 0x1e,
    0x27, 0x0, 0x40, 0x80, 0x7d, 0x40, 0x6, 0x0,
    0xff, 0xfa, 0x0,

    /* U+0177 "ŷ" */
    0x0, 0xd7, 0xfc, 0x40, 0x1e, 0xb4, 0xa3, 0xc2,
    0x0, 0xca, 0x56, 0xb8, 0xea, 0x1, 0x96, 0x50,
    0x6, 0x5c, 0x1, 0x1f, 0x40, 0x1c, 0xff, 0x54,
    0x5, 0x0, 0xea, 0xe, 0x23, 0x6, 0x0, 0x8c,
    0x88, 0x81, 0x21, 0x40, 0x15, 0x82, 0x80, 0x14,
    0xc, 0x80, 0xc, 0x14, 0x1, 0x30, 0x50, 0x20,
    0x99, 0x0, 0x54, 0xa, 0x1c, 0x14, 0x1, 0x8c,
    0xc4, 0x8a, 0xc, 0x1, 0xd4, 0x14, 0xa, 0x1,
    0xe6, 0x1, 0xe, 0x0, 0xf9, 0x40, 0x50, 0x3,
    0xe2, 0x6, 0x0, 0xfc, 0xa1, 0x40, 0x1f, 0x19,
    0x19, 0x0, 0x7d, 0x41, 0x40, 0x1f, 0x9c, 0x1c,
    0x3, 0x80,

    /* U+0178 "Ÿ" */
    0x0, 0xf, 0xf0, 0x3, 0xfc, 0x1, 0xff, 0xc5,
    0x1f, 0xe0, 0x7, 0xf8, 0x3, 0xff, 0x87, 0x7f,
    0x60, 0x1e, 0xdf, 0x99, 0x2, 0x28, 0x6, 0x72,
    0x19, 0x27, 0xb, 0x0, 0x86, 0x2, 0x0, 0x10,
    0x22, 0x80, 0x5, 0x81, 0xb0, 0x5, 0x60, 0xe4,
    0x8a, 0x1e, 0x1, 0x95, 0x2, 0x64, 0xc, 0x60,
    0x1d, 0x20, 0x84, 0x30, 0x1, 0xe2, 0x70, 0x4,
    0x8, 0x7, 0xd4, 0x0, 0x60, 0xf, 0xff, 0xa0,

    /* U+0179 "Ź" */
    0x0, 0xf3, 0xa0, 0x7, 0xe4, 0x81, 0x0, 0xfd,
    0xe2, 0xa0, 0x1f, 0xa, 0x30, 0x7, 0xe1, 0xf8,
    0x0, 0xff, 0xe1, 0xcf, 0xff, 0xf6, 0x0, 0x7f,
    0xbe, 0x7f, 0xfb, 0x84, 0x18, 0xc0, 0x3d, 0x62,
    0x29, 0x0, 0xf2, 0x28, 0x58, 0x7, 0xd2, 0x8,
    0xa0, 0x1e, 0x82, 0x9, 0x0, 0xf1, 0x38, 0x41,
    0x0, 0x7b, 0x80, 0x9c, 0x3, 0xcc, 0x61, 0xc0,
    0x1e, 0x18, 0x6, 0x30, 0xf, 0x58, 0x8a, 0x40,
    0x3c, 0x8a, 0x3, 0xff, 0xec, 0x90, 0xf, 0xe1,

    /* U+017A "ź" */
    0x0, 0xe1, 0xf9, 0x0, 0xf9, 0x82, 0xc0, 0x3e,
    0xa3, 0x20, 0xf, 0xd, 0x78, 0x7, 0xc2, 0xe6,
    0x1, 0xbf, 0xff, 0x58, 0x11, 0x70, 0x80, 0xd0,
    0x6e, 0xf0, 0x2, 0xc4, 0x3, 0xa4, 0x55, 0x40,
    0x1c, 0xac, 0x36, 0x1, 0xc3, 0x61, 0x42, 0x1,
    0xd4, 0x2c, 0x80, 0x1c, 0xc8, 0x52, 0x1, 0xc5,
    0x21, 0xc0, 0x1e, 0xe0, 0x7, 0x6e, 0xe7, 0x63,
    0x0, 0x11, 0x77, 0x80,

    /* U+017B "Ż" */
    0x0, 0xc9, 0xfe, 0x0, 0xff, 0xe3, 0xa6, 0x68,
    0x7, 0xf1, 0x90, 0x7, 0xff, 0xe, 0x7f, 0xff,
    0xb0, 0x3, 0xfd, 0xf3, 0xff, 0xdc, 0x20, 0xc6,
    0x1, 0xeb, 0x11, 0x48, 0x7, 0x91, 0x42, 0xc0,
    0x3e, 0x90, 0x45, 0x0, 0xf4, 0x10, 0x48, 0x7,
    0x89, 0xc2, 0x8, 0x3, 0xdc, 0x4, 0xe0, 0x1e,
    0x63, 0xe, 0x0, 0xf0, 0xc0, 0x31, 0x80, 0x7a,
    0xc4, 0x52, 0x1, 0xe4, 0x50, 0x1f, 0xff, 0x64,
    0x80, 0x7f, 0x8,

    /* U+017C "ż" */
    0x0, 0xd3, 0xf2, 0x1, 0xff, 0xc5, 0x8c, 0xb0,
    0xf, 0x84, 0xc8, 0x3, 0x7f, 0xfe, 0xb0, 0x22,
    0xe1, 0x1, 0xa0, 0xdd, 0xe0, 0x5, 0x88, 0x7,
    0x48, 0xaa, 0x80, 0x39, 0x58, 0x6c, 0x3, 0x86,
    0xc2, 0x84, 0x3, 0xa8, 0x59, 0x0, 0x39, 0x90,
    0xa4, 0x3, 0x8a, 0x43, 0x80, 0x3d, 0xc0, 0xe,
    0xdd, 0xce, 0xc6, 0x0, 0x22, 0xef,

    /* U+017D "Ž" */
    0x0, 0x37, 0xc8, 0x27, 0xd8, 0x6, 0x67, 0x69,
    0xb2, 0xb0, 0xe, 0x85, 0x61, 0xc0, 0xf, 0xab,
    0xf8, 0x40, 0x3f, 0xf8, 0x53, 0xff, 0xfd, 0x80,
    0x1f, 0xef, 0x9f, 0xfe, 0xe1, 0x6, 0x30, 0xf,
    0x58, 0x8a, 0x40, 0x3c, 0x8a, 0x16, 0x1, 0xf4,
    0x82, 0x28, 0x7, 0xa0, 0x82, 0x40, 0x3c, 0x4e,
    0x10, 0x40, 0x1e, 0xe0, 0x27, 0x0, 0xf3, 0x18,
    0x70, 0x7, 0x86, 0x1, 0x8c, 0x3, 0xd6, 0x22,
    0x90, 0xf, 0x22, 0x80, 0xff, 0xfb, 0x24, 0x3,
    0xf8, 0x40,

    /* U+017E "ž" */
    0x0, 0x34, 0x8, 0xc, 0x30, 0x4, 0x8f, 0x83,
    0xae, 0x80, 0x11, 0x59, 0x71, 0xd9, 0x0, 0x64,
    0xb7, 0xa4, 0x0, 0xf2, 0x42, 0x80, 0x6f, 0xff,
    0xd6, 0x4, 0x5c, 0x20, 0x34, 0x1b, 0xbc, 0x0,
    0xb1, 0x0, 0xe9, 0x15, 0x50, 0x7, 0x2b, 0xd,
    0x80, 0x70, 0xd8, 0x50, 0x80, 0x75, 0xb, 0x20,
    0x7, 0x32, 0x14, 0x80, 0x71, 0x48, 0x70, 0x7,
    0xb8, 0x1, 0xdb, 0xb9, 0xd8, 0xc0, 0x4, 0x5d,
    0xe0,

    /* U+0374 "ʹ" */
    0x9, 0xf1, 0x6, 0x51, 0x60, 0x90, 0x38, 0x30,

    /* U+0375 "͵" */
    0x3, 0x71, 0xf, 0xa1, 0x33, 0x50, 0x50, 0x30,
    0x0,

    /* U+037E ";" */
    0xcf, 0x60, 0xb, 0xb1, 0xc8, 0xc4, 0x3, 0xff,
    0x80, 0xac, 0x53, 0x24, 0x0, 0xb1, 0x41, 0x95,
    0xf, 0x8,

    /* U+0384 "΄" */
    0x2, 0x72, 0xb, 0x83, 0x16, 0x60, 0xb0, 0x50,
    0x0,

    /* U+0385 "΅" */
    0x0, 0xc6, 0x60, 0xe, 0x3c, 0x40, 0x6, 0xf0,
    0x48, 0x3f, 0x69, 0x88, 0x95, 0x80, 0x6,

    /* U+0386 "Ά" */
    0x1, 0xf9, 0xd, 0xff, 0x38, 0x7, 0x30, 0x59,
    0x90, 0x2, 0x80, 0x3a, 0x8c, 0xac, 0x10, 0x8,
    0x80, 0x10, 0xd7, 0x82, 0x87, 0xa0, 0x28, 0x4,
    0x2e, 0x66, 0x20, 0x4d, 0xa, 0x0, 0xf5, 0x82,
    0x83, 0x81, 0x10, 0x3, 0x94, 0x38, 0x5, 0x1,
    0x40, 0x31, 0x90, 0x20, 0x3, 0x82, 0x80, 0x35,
    0x82, 0x80, 0x4a, 0x4, 0x40, 0x9, 0x41, 0x7f,
    0xf0, 0x1, 0x40, 0x6, 0x40, 0x1f, 0xa8, 0x1,
    0x60, 0xbf, 0xfe, 0x2, 0x20, 0x28, 0x70, 0x7,
    0x94, 0x28, 0xc8, 0x10, 0x3, 0xde, 0xa,

    /* U+0387 "·" */
    0x39, 0x3f, 0x6e, 0xb0, 0x50,

    /* U+0388 "Έ" */
    0x7, 0xf3, 0x7f, 0xff, 0xd6, 0x14, 0x66, 0x0,
    0xfe, 0x14, 0x2a, 0x0, 0x9b, 0xff, 0xd4, 0x10,
    0xc0, 0x1f, 0xf2, 0x38, 0x7, 0xff, 0x51, 0xbf,
    0xfa, 0x0, 0x3f, 0xf8, 0x3e, 0x1, 0xf3, 0x7f,
    0xf3, 0x80, 0x7f, 0xf9, 0x5b, 0xff, 0xd4, 0x1,
    0xff, 0xc1, 0x10,

    /* U+0389 "Ή" */
    0x9, 0xf1, 0xaf, 0x70, 0xf, 0x37, 0xd8, 0x32,
    0x88, 0x7, 0xff, 0x1, 0x82, 0x40, 0x3f, 0xf8,
    0x27, 0x6, 0x1, 0xff, 0xc1, 0x57, 0x0, 0xff,
    0xec, 0x47, 0xff, 0xa4, 0x3, 0xff, 0x99, 0x1f,
    0xfe, 0x90, 0xf, 0xff, 0xf8, 0x7, 0xc0,

    /* U+038A "Ί" */
    0x9, 0xf1, 0xbf, 0x60, 0x65, 0x10, 0x9, 0x82,
    0x40, 0x31, 0xc1, 0x80, 0x65, 0x70, 0xf, 0xff,
    0xc0,

    /* U+038C "Ό" */
    0x7, 0xf2, 0x0, 0x36, 0x77, 0xfb, 0x1c, 0x3,
    0xa8, 0xc8, 0x9b, 0x26, 0x20, 0x3, 0x8d, 0x20,
    0x2, 0x14, 0x8e, 0x10, 0xd7, 0xfd, 0x44, 0x4c,
    0x10, 0x4, 0x2c, 0x88, 0xbd, 0x40, 0x25, 0xc1,
    0x14, 0x2, 0x38, 0x30, 0x40, 0x80, 0x70, 0xd8,
    0x30, 0x4, 0x42, 0xe, 0x1, 0xf2, 0x0, 0x8,
    0x0, 0xc0, 0x1, 0x0, 0xf8, 0x44, 0xc, 0x1,
    0xff, 0xc7, 0x60, 0x0, 0x80, 0x7c, 0x22, 0x7,
    0x0, 0x10, 0x83, 0x80, 0x7c, 0xe0, 0x3, 0x0,
    0x98, 0x20, 0x40, 0x38, 0x60, 0x18, 0x3, 0x48,
    0x8b, 0x14, 0x2, 0x5c, 0x11, 0x40, 0x6, 0x1c,
    0x22, 0x57, 0xfd, 0x44, 0x4c, 0x10, 0xe, 0x2d,
    0x93, 0x10, 0x1, 0xc6, 0x90, 0x0,

    /* U+038E "Ύ" */
    0x4, 0xf5, 0x7f, 0xe0, 0xf, 0x57, 0xe0, 0x3,
    0xc5, 0x5c, 0x86, 0x0, 0x31, 0xa8, 0x78, 0x12,
    0x30, 0x2, 0x41, 0xc8, 0x2, 0xe0, 0x63, 0x1,
    0x89, 0x0, 0x22, 0x2, 0x40, 0xc, 0x43, 0x0,
    0x3, 0x71, 0x0, 0xa4, 0x11, 0x3, 0x1, 0x2,
    0x1, 0xf8, 0x9c, 0x26, 0x4, 0x98, 0x3, 0xfd,
    0x2, 0x4c, 0x1c, 0x1, 0xff, 0xc0, 0xb0, 0x2,
    0x98, 0x7, 0xff, 0x1, 0x44, 0x24, 0x3, 0xff,
    0xfe, 0x1, 0xff, 0xc3,

    /* U+038F "Ώ" */
    0x5, 0xf4, 0x0, 0x2d, 0xf7, 0xfb, 0x1c, 0x3,
    0xa4, 0x50, 0x72, 0x90, 0x40, 0x7, 0x1c, 0x60,
    0x2, 0x39, 0xd, 0x30, 0x8e, 0xff, 0x50, 0x8b,
    0x48, 0x6, 0x19, 0x86, 0x16, 0xe2, 0x0, 0x5f,
    0x11, 0x48, 0x1b, 0x8d, 0x83, 0x20, 0x7, 0xd,
    0x82, 0x8, 0x0, 0x48, 0x34, 0x3, 0xe5, 0x0,
    0x20, 0x0, 0xc0, 0xa, 0x1, 0xf8, 0xc0, 0xc0,
    0x3f, 0xf8, 0xe4, 0x0, 0x20, 0xf, 0xc6, 0xa,
    0x1, 0x28, 0x50, 0x7, 0xc8, 0x2, 0x60, 0x14,
    0x3, 0x18, 0x7, 0xa4, 0x20, 0x3, 0x15, 0x6,
    0x98, 0x4, 0x36, 0x4c, 0xc0, 0xd, 0xf4, 0x3,
    0x80, 0x14, 0x20, 0x37, 0xa0, 0x7, 0xfc, 0x60,
    0x1c,

    /* U+0390 "ΐ" */
    0x0, 0xc4, 0x80, 0x1f, 0x67, 0x80, 0x53, 0xe6,
    0xa3, 0xf5, 0xe4, 0x1, 0x49, 0x20, 0x5, 0x3e,
    0x79, 0xa1, 0x5e, 0x40, 0x1f, 0xf0, 0xff, 0x80,
    0x3f, 0xfe, 0x2, 0x1, 0xff, 0x30, 0x7, 0x94,
    0x27, 0xb4, 0xc0, 0x2a, 0x61, 0x11, 0x0,

    /* U+0391 "Α" */
    0x0, 0xc3, 0xff, 0x20, 0x7, 0xe7, 0x0, 0xb4,
    0x3, 0xf5, 0x2, 0x83, 0x80, 0x7c, 0x26, 0x16,
    0x22, 0x40, 0xf, 0x38, 0x20, 0xb8, 0x68, 0x7,
    0xa8, 0x34, 0x34, 0x1c, 0x3, 0x84, 0xc1, 0xc1,
    0x4, 0x48, 0x1, 0x9c, 0x10, 0x40, 0xe, 0x1a,
    0x1, 0xa8, 0x34, 0x2, 0xd0, 0x70, 0x8, 0x4c,
    0x27, 0xfe, 0xb0, 0x14, 0x0, 0x38, 0x7, 0xf6,
    0x80, 0x28, 0x27, 0xff, 0xac, 0x1c, 0x4, 0xc1,
    0xc0, 0x39, 0x4, 0x48, 0xe0, 0x82, 0x1, 0xe7,
    0xd,

    /* U+0392 "Β" */
    0x9f, 0xff, 0x62, 0x80, 0x7f, 0x1d, 0x30, 0x4,
    0xff, 0xf9, 0xc2, 0x0, 0x3f, 0x40, 0x9, 0x80,
    0x7f, 0x84, 0x3, 0xc3, 0x20, 0x24, 0x0, 0x7f,
    0xfb, 0x98, 0x28, 0x3, 0xfd, 0xc0, 0x13, 0xff,
    0xed, 0x25, 0x80, 0xf, 0x8a, 0x1, 0x40, 0x3f,
    0xc6, 0x1, 0xf1, 0xc0, 0x20, 0x1, 0xff, 0xf6,
    0x10, 0x40, 0x7, 0xc2, 0xba, 0x40,

    /* U+0393 "Γ" */
    0x9f, 0xff, 0xd2, 0x1, 0xff, 0xc0, 0x8f, 0xff,
    0x48, 0x7, 0xff, 0xfc, 0x3, 0xff, 0xae,

    /* U+0394 "Δ" */
    0x0, 0xc3, 0xff, 0x20, 0x7, 0xe7, 0x0, 0xb4,
    0x3, 0xf5, 0x2, 0x3, 0x80, 0x7c, 0x26, 0x14,
    0x22, 0x40, 0xf, 0x38, 0x20, 0xb8, 0x68, 0x7,
    0xa8, 0x34, 0x34, 0x1c, 0x3, 0x84, 0xc1, 0xc1,
    0x4, 0x48, 0x1, 0x9c, 0x10, 0x40, 0xe, 0x1a,
    0x1, 0xa8, 0x34, 0x2, 0xd0, 0x70, 0x8, 0x4c,
    0x1c, 0x2, 0x41, 0x12, 0x0, 0x1c, 0x10, 0x40,
    0x33, 0x86, 0x80, 0x28, 0x34, 0x3, 0xb4, 0x1c,
    0x4, 0xc2, 0x7f, 0xfa, 0xc0, 0x51, 0xc0, 0x3f,
    0xed,

    /* U+0395 "Ε" */
    0x9f, 0xff, 0xd2, 0x1, 0xff, 0xc0, 0x8f, 0xff,
    0x48, 0x7, 0xff, 0x52, 0x3f, 0xf9, 0x80, 0x3f,
    0xf8, 0x31, 0xff, 0xcc, 0x1, 0xff, 0xd5, 0x8f,
    0xff, 0x48, 0x7, 0xf8,

    /* U+0396 "Ζ" */
    0x9f, 0xff, 0xec, 0x0, 0xff, 0x7c, 0xff, 0xf7,
    0x8, 0x31, 0x80, 0x7a, 0xc4, 0x52, 0x1, 0xe4,
    0x50, 0xb0, 0xf, 0xa4, 0x11, 0x40, 0x3d, 0x4,
    0x12, 0x1, 0xe2, 0x70, 0x82, 0x0, 0xf7, 0x1,
    0x38, 0x7, 0x98, 0xc3, 0x80, 0x3c, 0x30, 0xc,
    0x60, 0x1e, 0xb1, 0x14, 0x80, 0x79, 0x14, 0x7,
    0xff, 0xd9, 0x20, 0x1f, 0xc2,

    /* U+0397 "Η" */
    0x9f, 0x70, 0xf, 0x2f, 0xe0, 0x7, 0xff, 0xca,
    0x3f, 0xfd, 0x40, 0x1f, 0xfc, 0x48, 0xff, 0xf5,
    0x0, 0x7f, 0xfc, 0x80,

    /* U+0398 "Θ" */
    0x0, 0xcf, 0x9f, 0xee, 0xb6, 0x0, 0xf1, 0xf4,
    0x18, 0x0, 0x52, 0x70, 0x40, 0x22, 0xd1, 0x2b,
    0xff, 0x74, 0x89, 0xe0, 0x5, 0x2, 0x5a, 0x80,
    0x1, 0x6c, 0x12, 0x70, 0x15, 0x9, 0x0, 0xf1,
    0x48, 0x50, 0x28, 0x1, 0x0, 0x3e, 0x50, 0x21,
    0x20, 0x20, 0x3f, 0xfe, 0x2, 0x0, 0x18, 0x6,
    0x15, 0x5e, 0x0, 0xe2, 0x2, 0x2, 0xaa, 0xe0,
    0x20, 0x1, 0xa8, 0x1, 0x0, 0x3e, 0x50, 0x21,
    0x12, 0x84, 0x80, 0x78, 0xa0, 0x28, 0x1, 0x2,
    0x5a, 0x80, 0x1, 0x6c, 0x2, 0x70, 0x1, 0x68,
    0x95, 0xff, 0xba, 0x44, 0xf0, 0x3, 0x1f, 0x41,
    0x80, 0x5, 0x27, 0x4, 0x0,

    /* U+0399 "Ι" */
    0x6f, 0xb0, 0xf, 0xfe, 0xd8,

    /* U+039A "Κ" */
    0x9f, 0x70, 0xc, 0x3b, 0xf4, 0x1, 0xfb, 0x9,
    0x28, 0x3, 0xec, 0x23, 0xb0, 0xf, 0xac, 0xcd,
    0x80, 0x1f, 0x52, 0x16, 0x80, 0x7d, 0x2a, 0x38,
    0x20, 0x1e, 0xa6, 0xc, 0x10, 0xf, 0x84, 0x0,
    0x80, 0x1f, 0xae, 0x42, 0x54, 0x3, 0xf3, 0x48,
    0x52, 0x80, 0x7e, 0x68, 0xa, 0x40, 0xf, 0xcf,
    0x1, 0x68, 0x1, 0xf9, 0xdc, 0x16, 0x60, 0x1f,
    0xa1, 0x83, 0x48,

    /* U+039B "Λ" */
    0x0, 0xcd, 0xff, 0x0, 0x7f, 0x68, 0x4, 0x80,
    0x1f, 0xa, 0x2, 0x7, 0x0, 0x7c, 0xe0, 0x70,
    0xa, 0x1, 0xf6, 0x85, 0x98, 0x82, 0x0, 0x70,
    0xa0, 0x30, 0x38, 0x70, 0x7, 0x38, 0x18, 0x85,
    0x2, 0x80, 0x76, 0x85, 0x80, 0xc, 0x41, 0x0,
    0x21, 0x40, 0x60, 0x9, 0x83, 0x80, 0x27, 0x3,
    0x10, 0xa, 0xc1, 0x40, 0x2d, 0xa, 0x0, 0xc6,
    0x20, 0x80, 0x28, 0xe, 0x1, 0xcc, 0x1c, 0xe,
    0x6, 0x20, 0x1d, 0x60, 0xa1, 0xa1, 0x40, 0x1e,
    0x32, 0x4,

    /* U+039C "Μ" */
    0x9f, 0x80, 0xf, 0xe8, 0xf9, 0x0, 0x38, 0x80,
    0x7c, 0x2e, 0x1, 0xd2, 0x1, 0xf4, 0x80, 0x79,
    0xc4, 0x3, 0x85, 0xc0, 0x38, 0x42, 0x40, 0x3a,
    0x40, 0x40, 0x34, 0x83, 0x88, 0x4, 0x2e, 0x12,
    0x1, 0x85, 0x82, 0x40, 0x29, 0x6, 0x10, 0xe,
    0xb0, 0x71, 0x0, 0x38, 0x58, 0x7, 0x89, 0x42,
    0x41, 0xc1, 0x48, 0x3, 0xe8, 0x7, 0x19, 0x8,
    0x0, 0xfc, 0x4a, 0x18, 0x2a, 0x40, 0x1f, 0xd2,
    0x4, 0x12, 0x1, 0xfe, 0x34, 0x4, 0x30, 0xf,
    0xfa, 0x2, 0x0, 0x3c,

    /* U+039D "Ν" */
    0x9f, 0xd0, 0xf, 0x37, 0xd8, 0x0, 0xa0, 0x3,
    0xfe, 0x73, 0x0, 0xff, 0xb8, 0x3, 0xf9, 0xc8,
    0x92, 0x1, 0xfd, 0xc0, 0xc8, 0x1, 0xf8, 0xdc,
    0x28, 0x40, 0x3f, 0x41, 0x8d, 0x80, 0x7f, 0x70,
    0x2a, 0x80, 0x3f, 0x14, 0x5, 0x88, 0x7, 0xe7,
    0x31, 0x80, 0xf, 0xee, 0x0, 0xff, 0x8a, 0x40,
    0x3f, 0xe6, 0x40, 0x0,

    /* U+039E "Ξ" */
    0x9f, 0xff, 0xf6, 0x80, 0x7f, 0xc3, 0x3f, 0xff,
    0xec, 0x0, 0xff, 0xec, 0xcf, 0xff, 0xed, 0x0,
    0xff, 0x84, 0x1, 0x3f, 0xff, 0xb0, 0x3, 0xff,
    0xb3, 0x3f, 0xff, 0xec, 0x0, 0xff, 0x84,

    /* U+039F "Ο" */
    0x0, 0xcf, 0x9f, 0xee, 0xb6, 0x0, 0xf1, 0xf4,
    0x18, 0x0, 0x52, 0x70, 0x40, 0x22, 0xd1, 0x2b,
    0xff, 0x74, 0x89, 0xe0, 0x5, 0x2, 0x5a, 0x80,
    0x1, 0x6c, 0x12, 0x70, 0x15, 0x9, 0x0, 0xf1,
    0x48, 0x50, 0x28, 0x1, 0x0, 0x3e, 0x50, 0x21,
    0x20, 0x20, 0xf, 0xc4, 0x0, 0x30, 0xf, 0xfe,
    0x19, 0x1, 0x0, 0x7e, 0x20, 0x1, 0xa8, 0x1,
    0x0, 0x3e, 0x50, 0x21, 0x12, 0x84, 0x80, 0x78,
    0xa0, 0x28, 0x1, 0x2, 0x5a, 0x80, 0x1, 0x6c,
    0x2, 0x70, 0x1, 0x68, 0x95, 0xff, 0xba, 0x44,
    0xf0, 0x3, 0x1f, 0x41, 0x80, 0x5, 0x27, 0x4,
    0x0,

    /* U+03A0 "Π" */
    0x9f, 0xff, 0xf6, 0x80, 0x7f, 0xf0, 0xa3, 0xff,
    0xd8, 0x1, 0xff, 0xff, 0x0, 0xff, 0xf7, 0x80,

    /* U+03A1 "Ρ" */
    0x9f, 0xff, 0x74, 0x88, 0x7, 0xe1, 0x6f, 0x10,
    0x4, 0x7f, 0xec, 0x11, 0x40, 0x7, 0xc7, 0x0,
    0x80, 0x1f, 0x94, 0xc, 0x3, 0xf2, 0x81, 0x80,
    0x7c, 0x90, 0xa, 0x0, 0x8f, 0xfd, 0x62, 0x52,
    0x1, 0xf0, 0xb6, 0x8, 0x2, 0x3f, 0xf7, 0x48,
    0x80, 0x7f, 0xf8, 0x40,

    /* U+03A3 "Σ" */
    0x9f, 0xff, 0xe6, 0x0, 0xff, 0xa0, 0x81, 0x7f,
    0xfc, 0xc3, 0x84, 0xb4, 0x1, 0xf0, 0xe1, 0x2d,
    0x0, 0x7c, 0x38, 0x4b, 0x60, 0x1f, 0xe, 0x1a,
    0x58, 0x7, 0xff, 0x14, 0x70, 0xd2, 0xc0, 0x38,
    0x70, 0x92, 0xc0, 0x38, 0x70, 0x96, 0xc0, 0x38,
    0x70, 0x96, 0x80, 0x3d, 0x4, 0xb, 0xff, 0xe4,
    0x0, 0xff, 0x80,

    /* U+03A4 "Τ" */
    0xcf, 0xff, 0xf7, 0x0, 0x7f, 0xc7, 0x9f, 0xf8,
    0x1, 0xdf, 0xf6, 0x80, 0x7f, 0xff, 0xc0, 0x3f,
    0xfd, 0xa0,

    /* U+03A5 "Υ" */
    0xbf, 0xb0, 0xf, 0x6f, 0xcc, 0x81, 0x14, 0x3,
    0x39, 0xc, 0x93, 0x85, 0x80, 0x43, 0x1, 0x0,
    0x8, 0x11, 0x40, 0x2, 0xc0, 0xd8, 0x2, 0xb0,
    0x72, 0x45, 0xf, 0x0, 0xca, 0x81, 0x32, 0x6,
    0x30, 0xe, 0x90, 0x42, 0x18, 0x0, 0xf1, 0x38,
    0x2, 0x4, 0x3, 0xea, 0x0, 0x30, 0x7, 0xff,
    0xd0,

    /* U+03A6 "Φ" */
    0x0, 0xf6, 0x7a, 0x80, 0x7c, 0x33, 0xde, 0x61,
    0x5f, 0x8a, 0x1, 0xf, 0xb0, 0x88, 0x0, 0x20,
    0x75, 0x20, 0xa, 0x12, 0xde, 0x30, 0xbf, 0x80,
    0x64, 0x14, 0xe, 0x20, 0xe, 0x75, 0xf, 0x40,
    0x23, 0x0, 0xfb, 0x81, 0x4c, 0x4, 0x3, 0xf3,
    0x0, 0x98, 0x8, 0x7, 0xe1, 0x1, 0x70, 0x22,
    0x0, 0x7d, 0x60, 0xa4, 0x61, 0xc2, 0x1, 0xc8,
    0xe1, 0xc1, 0xe0, 0x7d, 0x86, 0x17, 0xb6, 0x8,
    0xa0, 0x7a, 0x80, 0x60, 0x1, 0x21, 0x7b, 0x0,
    0x8a, 0xff, 0x8c, 0x27, 0xb9, 0x0, 0x1f, 0x8,
    0x0, 0xc4, 0x3, 0x0,

    /* U+03A7 "Χ" */
    0x5f, 0xf1, 0x80, 0x73, 0xff, 0x89, 0x54, 0x1c,
    0x1, 0x8a, 0x2, 0x48, 0x28, 0x4a, 0x40, 0x2e,
    0x4, 0x60, 0xa, 0x81, 0x90, 0x1c, 0xc6, 0x80,
    0x32, 0x38, 0x51, 0xc0, 0x58, 0x80, 0x74, 0x10,
    0xe0, 0x2a, 0x80, 0x3e, 0xe0, 0x0, 0xd8, 0x7,
    0xe7, 0x0, 0x9, 0x80, 0x7c, 0x34, 0x2, 0x1c,
    0x1, 0xf5, 0x89, 0xf8, 0x9b, 0x80, 0x73, 0x28,
    0x70, 0xd8, 0x41, 0x80, 0x45, 0x21, 0x4, 0xa,
    0xa0, 0xe0, 0xb, 0x80, 0xdc, 0x2, 0xb1, 0x28,
    0x7, 0x30, 0xe0, 0xc, 0x36, 0xe, 0x60,

    /* U+03A8 "Ψ" */
    0x9f, 0x60, 0x5, 0x7b, 0x80, 0x27, 0xd8, 0x3,
    0xff, 0xee, 0x20, 0x1f, 0x18, 0x3, 0xc2, 0xc0,
    0x3e, 0x40, 0x57, 0x3, 0x91, 0x0, 0x8a, 0xc4,
    0x8c, 0x68, 0x1b, 0x94, 0x23, 0x50, 0x78, 0x0,
    0xb8, 0xa4, 0x1, 0x13, 0xf9, 0x80, 0x47, 0x5a,
    0xa1, 0x1b, 0x2, 0x1, 0xff, 0xd0,

    /* U+03A9 "Ω" */
    0x0, 0xcf, 0x9f, 0xee, 0xb5, 0x0, 0xf1, 0x6c,
    0x18, 0x0, 0x52, 0xb0, 0x40, 0x21, 0xc2, 0x1a,
    0xff, 0x74, 0x1, 0xe8, 0x5, 0x62, 0x2f, 0x50,
    0x0, 0xbe, 0x1, 0xb8, 0xa, 0x84, 0x8, 0x7,
    0x1b, 0x5, 0x2, 0x80, 0x18, 0x3, 0xea, 0x2,
    0x12, 0x2, 0x0, 0xfc, 0x60, 0x2, 0x30, 0xf,
    0xfe, 0x8, 0xb0, 0x10, 0x7, 0xe2, 0x0, 0x11,
    0x90, 0x28, 0x7, 0xd4, 0xa, 0x0, 0x80, 0x81,
    0x0, 0xe2, 0x70, 0x80, 0x2, 0xb9, 0x68, 0x80,
    0x45, 0xe1, 0x24, 0x9, 0xee, 0x7, 0x40, 0x17,
    0x90, 0x4f, 0x80, 0x7f, 0xf0, 0xc4,

    /* U+03AA "Ϊ" */
    0x6f, 0xa0, 0x5f, 0xa3, 0x3, 0x0, 0xcb, 0xf2,
    0xb, 0xf4, 0x1, 0xfc, 0xdf, 0x60, 0x1f, 0xff,
    0xf0, 0xf, 0xfe, 0x30,

    /* U+03AB "Ϋ" */
    0x0, 0xf, 0xf0, 0x3, 0xfc, 0x1, 0xff, 0xc5,
    0x1f, 0xe0, 0x7, 0xf8, 0x3, 0xff, 0x87, 0x7f,
    0x60, 0x1e, 0xdf, 0x99, 0x2, 0x28, 0x6, 0x72,
    0x19, 0x27, 0xb, 0x0, 0x86, 0x2, 0x0, 0x10,
    0x22, 0x80, 0x5, 0x81, 0xb0, 0x5, 0x60, 0xe4,
    0x8a, 0x1e, 0x1, 0x95, 0x2, 0x64, 0xc, 0x60,
    0x1d, 0x20, 0x84, 0x30, 0x1, 0xe2, 0x70, 0x4,
    0x8, 0x7, 0xd4, 0x0, 0x60, 0xf, 0xff, 0xa0,

    /* U+03AC "ά" */
    0x0, 0xf3, 0xf9, 0x0, 0x7f, 0x4a, 0x10, 0x7,
    0xe4, 0x1e, 0x0, 0xff, 0x42, 0x80, 0x7f, 0x23,
    0x80, 0x7e, 0x7d, 0xff, 0x51, 0x6f, 0x80, 0x57,
    0x4, 0x22, 0x5c, 0x30, 0x9, 0xd0, 0x2f, 0xb9,
    0x62, 0x20, 0xa, 0x42, 0x50, 0x0, 0x90, 0x1,
    0x10, 0x83, 0x80, 0x65, 0x0, 0x84, 0x0, 0x20,
    0x18, 0xc0, 0x21, 0x0, 0x8, 0x6, 0x30, 0x8,
    0x84, 0x1c, 0x3, 0x28, 0x6, 0x90, 0x94, 0x0,
    0x24, 0x0, 0x67, 0x30, 0xbe, 0xe5, 0x88, 0x80,
    0x36, 0x41, 0x8, 0x2f, 0x98, 0x0,

    /* U+03AD "έ" */
    0x0, 0xec, 0xd0, 0xf, 0x8c, 0xd4, 0x1, 0xf5,
    0x3, 0x0, 0x7d, 0xf4, 0x20, 0x1f, 0x32, 0x80,
    0x79, 0x73, 0xfd, 0xae, 0x1, 0x35, 0x18, 0x0,
    0xa3, 0x44, 0x2c, 0x1b, 0xfd, 0xaa, 0x82, 0x2,
    0x1e, 0x0, 0x2a, 0x90, 0x5, 0x4, 0xe5, 0x28,
    0x7, 0xc6, 0xa4, 0x1, 0xa4, 0x2b, 0xfc, 0xe0,
    0x11, 0x80, 0x14, 0x2, 0x15, 0x2, 0x0, 0x38,
    0x1, 0x32, 0xa4, 0x5c, 0x23, 0xfd, 0x64, 0x36,
    0x11, 0x26, 0x0, 0x27, 0xe2,

    /* U+03AE "ή" */
    0x0, 0xe4, 0xf5, 0x0, 0xfd, 0xe2, 0xa0, 0x1f,
    0x12, 0x30, 0x7, 0xe1, 0x89, 0x0, 0xfc, 0x6e,
    0x20, 0x1a, 0x7d, 0x1f, 0x7f, 0xd6, 0x40, 0x1a,
    0x60, 0x80, 0x9, 0xa4, 0x1, 0x13, 0x77, 0xd8,
    0x84, 0x0, 0x45, 0x22, 0x9, 0x0, 0x80, 0x12,
    0x0, 0x64, 0x1, 0x10, 0x0, 0x40, 0x31, 0x0,
    0x7f, 0xfb, 0x80,

    /* U+03AF "ί" */
    0x0, 0x75, 0x80, 0x4a, 0x3c, 0x1, 0x70, 0xa8,
    0x5, 0x94, 0x1, 0x9d, 0x0, 0x26, 0xfb, 0x0,
    0xff, 0xf0, 0x98, 0x29, 0x0, 0x14, 0x45, 0xbd,
    0x81, 0xa8, 0x2, 0x20,

    /* U+03B0 "ΰ" */
    0x0, 0xe3, 0x30, 0x7, 0xc5, 0x88, 0x1, 0xb7,
    0xc2, 0xc1, 0xbb, 0x80, 0x18, 0x59, 0x82, 0x60,
    0x16, 0xf8, 0xfc, 0x86, 0xf0, 0x7, 0xfd, 0x9e,
    0xa0, 0x18, 0xff, 0x80, 0x3f, 0xfd, 0x6, 0x1,
    0x98, 0xd, 0x83, 0x40, 0x36, 0x3, 0x78, 0x23,
    0x80, 0x19, 0x81, 0xaa, 0x61, 0x1f, 0xe9, 0x2,
    0x60, 0xc7, 0x20, 0x1, 0x3e, 0x0,

    /* U+03B1 "α" */
    0x0, 0x9f, 0x7f, 0xd4, 0x5b, 0xe0, 0x15, 0xc1,
    0x8, 0x97, 0xc, 0x2, 0x74, 0xb, 0xee, 0x58,
    0x88, 0x2, 0x90, 0x94, 0x0, 0x24, 0x0, 0x44,
    0x20, 0xe0, 0x19, 0x40, 0x21, 0x0, 0x8, 0x6,
    0x30, 0x8, 0x40, 0x2, 0x1, 0x8c, 0x2, 0x21,
    0x7, 0x0, 0xca, 0x1, 0xa4, 0x25, 0x0, 0x9,
    0x0, 0x19, 0xcc, 0x2f, 0xb9, 0x62, 0x20, 0xd,
    0x90, 0x42, 0xb, 0xe6, 0x0,

    /* U+03B2 "β" */
    0x1, 0x9e, 0xfe, 0xb3, 0x0, 0xd8, 0xc2, 0x2,
    0x98, 0x80, 0x6, 0x20, 0xbf, 0xe4, 0x9, 0x0,
    0x78, 0x32, 0x0, 0xc8, 0x10, 0x6, 0x10, 0x8,
    0x40, 0x3f, 0xb, 0x68, 0x38, 0x7, 0x96, 0x44,
    0x30, 0x3, 0xcc, 0xe8, 0x16, 0xc0, 0x1c, 0x51,
    0x74, 0x12, 0x1, 0xf9, 0x44, 0xc, 0x0, 0x20,
    0x18, 0x44, 0x2, 0x0, 0x66, 0x0, 0xa, 0x80,
    0x48, 0x2, 0x9f, 0xf6, 0xa0, 0x50, 0x4, 0x88,
    0x0, 0xa, 0xea, 0x0, 0x59, 0x7f, 0xee, 0xa2,
    0x0, 0xff, 0xeb, 0x80,

    /* U+03B3 "γ" */
    0x6f, 0xb0, 0xe, 0xef, 0x27, 0x4, 0x10, 0x9,
    0x4, 0x88, 0x28, 0xe, 0x1, 0x68, 0x50, 0x3,
    0x83, 0x40, 0x26, 0x6, 0x0, 0x28, 0x20, 0x82,
    0x82, 0x8, 0x4, 0xc0, 0xe1, 0xe1, 0xa0, 0x1b,
    0x42, 0x81, 0x41, 0x80, 0x32, 0x9, 0xb8, 0x28,
    0x7, 0x98, 0x20, 0x38, 0x3, 0xd4, 0x0, 0x14,
    0x0, 0xf1, 0x10, 0x1c, 0x3, 0xf3, 0x7, 0x0,
    0x7f, 0xf4, 0xb9, 0xd0, 0x3, 0x0,

    /* U+03B4 "δ" */
    0x0, 0x9f, 0xbf, 0xf2, 0x80, 0x64, 0x81, 0x34,
    0x49, 0x80, 0x36, 0x83, 0x65, 0xdc, 0x60, 0x18,
    0x40, 0x80, 0x3f, 0xa8, 0x13, 0x54, 0x3, 0xe2,
    0xa0, 0x2a, 0xf9, 0x10, 0xd, 0x14, 0x1, 0x9b,
    0xc8, 0x0, 0xee, 0xa, 0xff, 0x60, 0x8b, 0x80,
    0x12, 0x10, 0xa0, 0x3, 0xa0, 0x33, 0x10, 0x82,
    0x0, 0x64, 0x0, 0x30, 0x7, 0xff, 0x0, 0x80,
    0x8, 0x1, 0x90, 0x0, 0xe0, 0xa1, 0xa, 0x0,
    0x4a, 0x3, 0x20, 0xb2, 0xa, 0xff, 0x58, 0x8b,
    0x80, 0x3, 0xb0, 0x40, 0x2, 0x7f, 0x20,

    /* U+03B5 "ε" */
    0x0, 0x2e, 0x7f, 0xb5, 0xc0, 0x26, 0xa3, 0x0,
    0x14, 0x68, 0x85, 0x83, 0x7f, 0xb5, 0x50, 0x40,
    0x43, 0xc0, 0x5, 0x52, 0x0, 0xa0, 0x9c, 0xa5,
    0x0, 0xf8, 0xd4, 0x80, 0x34, 0x85, 0x7f, 0x9c,
    0x2, 0x30, 0x2, 0x80, 0x42, 0xa0, 0x40, 0x7,
    0x0, 0x26, 0x54, 0x8b, 0x84, 0x7f, 0xac, 0x86,
    0xc2, 0x24, 0xc0, 0x4, 0xfc, 0x40,

    /* U+03B6 "ζ" */
    0x9, 0xff, 0xfc, 0x60, 0x24, 0x5c, 0x1, 0x8,
    0x46, 0xee, 0x70, 0x5, 0x90, 0x7, 0x5a, 0x86,
    0x20, 0x7, 0x62, 0xe, 0x98, 0x7, 0x61, 0x96,
    0x10, 0x7, 0x51, 0x96, 0x10, 0x7, 0x32, 0x8f,
    0x88, 0x7, 0xa0, 0x20, 0x80, 0x3c, 0x42, 0xe,
    0x1, 0xf0, 0x80, 0x7f, 0x88, 0x1, 0x62, 0x1,
    0xe1, 0x60, 0x5e, 0xfe, 0xe5, 0x8, 0x2, 0x60,
    0x80, 0x2, 0x25, 0xd0, 0x9, 0xf7, 0xfe, 0x90,
    0x31, 0x0, 0xf9, 0x8c, 0x8, 0x3, 0xf4, 0xb9,
    0x0,

    /* U+03B7 "η" */
    0x9f, 0x47, 0xdf, 0xf5, 0x90, 0x6, 0x98, 0x20,
    0x2, 0x69, 0x0, 0x44, 0xdd, 0xf6, 0x21, 0x0,
    0x11, 0x48, 0x82, 0x40, 0x20, 0x4, 0x80, 0x19,
    0x0, 0x44, 0x0, 0x10, 0xc, 0x40, 0x1f, 0xfe,
    0xe0,

    /* U+03B8 "θ" */
    0x0, 0x8a, 0x7b, 0xfd, 0x8c, 0x1, 0xc9, 0xac,
    0x20, 0x3, 0x9b, 0x0, 0x86, 0x80, 0xf3, 0xfd,
    0x20, 0x90, 0x0, 0x91, 0x2c, 0x30, 0x3, 0x48,
    0x38, 0x83, 0x5, 0x80, 0x73, 0x8, 0x38, 0x88,
    0x10, 0x3, 0xce, 0x1e, 0x40, 0xd, 0xff, 0xf3,
    0x1, 0x0, 0x4a, 0xbf, 0x10, 0x0, 0x80, 0x11,
    0x55, 0xe7, 0x2, 0x11, 0x2, 0x0, 0x79, 0x3,
    0xc1, 0x82, 0xc0, 0x39, 0x84, 0x1c, 0x24, 0x4b,
    0xc, 0x0, 0xd2, 0xc, 0x20, 0x3a, 0x7, 0x9f,
    0xe9, 0x4, 0x90, 0x8, 0xf9, 0x84, 0x0, 0x73,
    0x60, 0x0,

    /* U+03B9 "ι" */
    0x6f, 0xb0, 0xf, 0xff, 0x9, 0x82, 0x90, 0x1,
    0x44, 0x5b, 0xd8, 0x1a, 0x80, 0x22,

    /* U+03BA "κ" */
    0x9f, 0x80, 0xa, 0xbf, 0x84, 0x3, 0x9d, 0x43,
    0x44, 0x3, 0x24, 0x4, 0x98, 0x6, 0x1a, 0x6,
    0x60, 0x7, 0x68, 0xa4, 0x80, 0x73, 0x18, 0x48,
    0x7, 0x98, 0xc3, 0x80, 0x3e, 0xd2, 0x3b, 0x0,
    0xf0, 0xf8, 0xa5, 0x0, 0x78, 0xa8, 0x16, 0x0,
    0x3c, 0x92, 0xe, 0xc0,

    /* U+03BB "λ" */
    0x3, 0xff, 0x59, 0x0, 0x7c, 0x40, 0x9e, 0x1,
    0xe3, 0xde, 0x12, 0x50, 0xf, 0x86, 0x2, 0x40,
    0x3f, 0x78, 0x19, 0x0, 0x7c, 0xe0, 0xa, 0x0,
    0xf2, 0x89, 0x83, 0x0, 0x7b, 0x82, 0x4c, 0x50,
    0x3, 0xa, 0xa, 0xd0, 0x70, 0x6, 0x60, 0x70,
    0x60, 0x51, 0x0, 0xa8, 0x28, 0x0, 0xa0, 0xc0,
    0x4, 0x22, 0x18, 0x3, 0x82, 0x80, 0x1c, 0x14,
    0x1, 0x20, 0x91, 0x82, 0x83, 0x0, 0x66, 0xa,

    /* U+03BC "μ" */
    0x9f, 0x80, 0xe, 0xff, 0x8, 0x7, 0xff, 0xb4,
    0x40, 0x30, 0x80, 0x73, 0x80, 0x64, 0x0, 0xe1,
    0x90, 0x2, 0x58, 0x7, 0x9b, 0xfd, 0x62, 0x20,
    0xc, 0xa4, 0x2, 0xba, 0x40, 0x1b, 0xb7, 0xfa,
    0x8b, 0x3c, 0x40, 0x3f, 0xfa, 0xa0,

    /* U+03BD "ν" */
    0x6f, 0xb0, 0xe, 0xef, 0x27, 0x4, 0x0, 0xc8,
    0x24, 0x41, 0x40, 0x60, 0xb, 0x42, 0x80, 0x1c,
    0x1a, 0x1, 0x38, 0x30, 0x1, 0x41, 0x4, 0x10,
    0x4c, 0x40, 0x25, 0x7, 0xe, 0xa, 0x0, 0xdc,
    0x14, 0xa, 0xe, 0x1, 0x90, 0x4d, 0xc1, 0x44,
    0x3, 0x9c, 0x20, 0x3c, 0x3, 0xd4, 0x1, 0x28,
    0x7, 0x8c, 0x81, 0x80, 0x30,

    /* U+03BE "ξ" */
    0x0, 0xc, 0x6f, 0xfb, 0xa4, 0x80, 0x21, 0xf7,
    0x20, 0x0, 0xb6, 0xa8, 0x2, 0x44, 0x57, 0xfe,
    0xe7, 0xf, 0x0, 0x10, 0x3a, 0x0, 0x6, 0x36,
    0x80, 0x18, 0xe, 0xa2, 0x1, 0x10, 0x4, 0xca,
    0x35, 0xdf, 0x80, 0x1c, 0x2c, 0x1, 0xfe, 0xa3,
    0x2b, 0xef, 0xc0, 0xc, 0x28, 0x1e, 0x82, 0x1,
    0xe2, 0x0, 0x10, 0x7, 0xe2, 0x0, 0x18, 0x7,
    0xe1, 0x30, 0xd5, 0x0, 0xfd, 0xe0, 0x35, 0xfe,
    0xed, 0x91, 0x0, 0x1f, 0x31, 0x0, 0x4, 0x9b,
    0x40, 0x21, 0x9d, 0xff, 0x75, 0x81, 0x98, 0x3,
    0xe1, 0x44, 0x3, 0x80, 0x7f, 0x73, 0xa8,

    /* U+03BF "ο" */
    0x0, 0x9b, 0x3f, 0xda, 0xe0, 0x1d, 0x72, 0x60,
    0x2, 0x8d, 0x10, 0x3, 0xa0, 0x57, 0xfa, 0xc4,
    0xac, 0x1, 0x21, 0xa, 0x0, 0x4a, 0x5, 0x12,
    0x10, 0x60, 0xc, 0x82, 0xa, 0x20, 0x1, 0x0,
    0xe3, 0x2, 0x20, 0x0, 0x80, 0x38, 0xc0, 0x84,
    0x40, 0xa0, 0x19, 0x4, 0x14, 0x24, 0x21, 0x40,
    0x9, 0x40, 0xa2, 0xe, 0xa1, 0x5f, 0xeb, 0x13,
    0xb0, 0xa, 0xa4, 0xc0, 0x5, 0x18, 0x20,

    /* U+03C0 "π" */
    0x5f, 0xff, 0xfa, 0xc4, 0x84, 0x0, 0x45, 0x8,
    0x0, 0x88, 0x9b, 0x20, 0xbb, 0xb5, 0x1, 0x6c,
    0x80, 0x7f, 0xff, 0xc0, 0x3f, 0xfa, 0x20,

    /* U+03C1 "ρ" */
    0x0, 0x15, 0x77, 0xf5, 0x10, 0x4, 0x9a, 0xa2,
    0x32, 0xea, 0x0, 0x28, 0x1b, 0xfb, 0xd8, 0x28,
    0x14, 0x4a, 0x40, 0x29, 0x21, 0x5d, 0x4, 0x0,
    0xe5, 0xc, 0x10, 0xe0, 0xe, 0xf0, 0x30, 0x7,
    0x0, 0x77, 0x81, 0x80, 0x10, 0x3, 0x94, 0x30,
    0x0, 0x52, 0x1, 0x51, 0xa, 0x80, 0x4d, 0xfd,
    0xea, 0x14, 0x1, 0x44, 0x90, 0x82, 0x62, 0x0,
    0x66, 0xdf, 0xf5, 0x98, 0x7, 0xff, 0x5c,

    /* U+03C2 "ς" */
    0x0, 0x9b, 0x3f, 0xd8, 0xe0, 0x1a, 0xe4, 0xc0,
    0x7, 0x16, 0x0, 0x64, 0xa, 0xff, 0x48, 0x23,
    0x5, 0x83, 0x28, 0x1, 0xa1, 0x88, 0x48, 0x34,
    0x3, 0x3c, 0xa1, 0x0, 0x18, 0x3, 0xe1, 0x0,
    0x8, 0x7, 0xc4, 0x0, 0x40, 0xf, 0xca, 0x10,
    0xa0, 0x1f, 0x58, 0x85, 0x7f, 0xba, 0xcc, 0x0,
    0x3e, 0xc2, 0x0, 0x14, 0xd1, 0x0, 0xc, 0xf7,
    0xfb, 0x4, 0x4e, 0x1, 0xf1, 0xb0, 0x8, 0x7,
    0xeb, 0x74,

    /* U+03C3 "σ" */
    0x0, 0x9b, 0x3f, 0xfe, 0x0, 0x54, 0x98, 0x88,
    0x2, 0x12, 0x7, 0x50, 0xbe, 0xe6, 0x90, 0x3e,
    0x84, 0x84, 0xa0, 0x0, 0xb8, 0x18, 0x46, 0x7,
    0x0, 0xc6, 0x20, 0xa4, 0x0, 0x10, 0xe, 0x30,
    0x22, 0x0, 0x8, 0x3, 0x88, 0x8, 0x48, 0x14,
    0x3, 0x20, 0x1, 0x42, 0xc2, 0x18, 0x0, 0x94,
    0xc, 0x20, 0xca, 0x13, 0xfe, 0xb1, 0x39, 0x0,
    0xaa, 0x86, 0x0, 0x28, 0xc0, 0x0,

    /* U+03C4 "τ" */
    0x8f, 0xff, 0xee, 0x22, 0x80, 0x2, 0x45, 0x36,
    0xec, 0x41, 0x5b, 0xb0, 0x7, 0xff, 0x80, 0x40,
    0x3f, 0xee, 0x0, 0xfa, 0x81, 0x7f, 0x9c, 0x3,
    0x34, 0x10, 0x8, 0x80,

    /* U+03C5 "υ" */
    0xcf, 0x50, 0xc, 0x7f, 0xc0, 0x1f, 0xfe, 0x83,
    0x0, 0xcc, 0x6, 0xc1, 0xa0, 0x1b, 0x1, 0xbc,
    0x11, 0xc0, 0xc, 0xc0, 0xd5, 0x30, 0x8f, 0xf4,
    0x81, 0x30, 0x63, 0x90, 0x0, 0x9f, 0x0,

    /* U+03C6 "φ" */
    0x0, 0xf4, 0x7a, 0x80, 0x7f, 0xf6, 0xdf, 0x79,
    0xc2, 0xfb, 0x18, 0x3, 0xb2, 0x8, 0x2, 0x11,
    0x1c, 0xd0, 0x5, 0x6, 0x39, 0xce, 0x15, 0xf6,
    0xa, 0xa0, 0x3, 0x5, 0x98, 0x7, 0x24, 0x4,
    0x81, 0x8, 0x28, 0x7, 0xc8, 0x6, 0x2, 0x1,
    0xfe, 0x20, 0x8, 0x40, 0x3f, 0xc4, 0x1, 0x10,
    0x82, 0x80, 0x7c, 0x80, 0x60, 0x6, 0xb, 0x40,
    0xe, 0x58, 0x9, 0x0, 0x41, 0x8d, 0xfb, 0x85,
    0x7d, 0x2, 0xa8, 0x2, 0xc8, 0x21, 0x0, 0x8,
    0x8e, 0x68, 0x3, 0x9f, 0x79, 0xc2, 0xfb, 0x18,
    0x3, 0xff, 0xc8,

    /* U+03C7 "χ" */
    0x5f, 0xf1, 0x0, 0x47, 0xfe, 0x35, 0x60, 0xe0,
    0xb, 0x41, 0xcc, 0x24, 0x8e, 0x2, 0x84, 0xe0,
    0x2, 0xe0, 0x79, 0x50, 0xe0, 0xc, 0x70, 0xc,
    0x14, 0x40, 0x1c, 0xe2, 0x4, 0xa0, 0x1e, 0x81,
    0x2, 0x60, 0xe, 0x47, 0x8, 0x9, 0x20, 0x8,
    0x68, 0x21, 0xdc, 0x1e, 0x1, 0x50, 0xa3, 0x84,
    0x11, 0x24, 0x19, 0x6, 0x80, 0x2f, 0x6, 0x50,

    /* U+03C8 "ψ" */
    0xcf, 0x20, 0x6, 0x79, 0x80, 0x33, 0xcc, 0x3,
    0xff, 0xee, 0x20, 0x1f, 0x8, 0x1, 0x82, 0xc0,
    0x3c, 0x24, 0x7, 0xc0, 0xec, 0x1, 0x8f, 0x1,
    0x41, 0x14, 0x27, 0xcc, 0x33, 0x4, 0x36, 0x0,
    0xa9, 0x30, 0xc, 0x4f, 0xe2, 0x1, 0x36, 0x79,
    0x86, 0x6c, 0x8, 0x7, 0xff, 0x74,

    /* U+03C9 "ω" */
    0x0, 0xff, 0xe3, 0x16, 0xc8, 0x7, 0xae, 0xc0,
    0x1d, 0xe4, 0xc4, 0x1, 0x91, 0x2b, 0x0, 0xa0,
    0x83, 0x8, 0x3, 0x25, 0x2, 0x20, 0x0, 0xc1,
    0x6, 0x1, 0xe5, 0x50, 0x78, 0x8, 0x81, 0x40,
    0x3, 0xfc, 0x1, 0x78, 0x28, 0x10, 0x0, 0x80,
    0x3f, 0x30, 0x8, 0x8, 0x0, 0x40, 0x3f, 0x38,
    0x4, 0x40, 0x4, 0x0, 0x10, 0x8, 0x5, 0x80,
    0x40, 0x5, 0x8, 0x20, 0x90, 0x3, 0x82, 0x38,
    0x50, 0x2, 0x0, 0xb7, 0xd5, 0xa, 0x3e, 0xc0,
    0x9c, 0x0, 0x5a, 0x80, 0x5, 0xaf, 0x40, 0x2,
    0xe0, 0x0,

    /* U+03CA "ϊ" */
    0x6f, 0xa0, 0x5f, 0xa0, 0x30, 0x30, 0xe, 0x5f,
    0x90, 0x5f, 0xa0, 0xf, 0xf9, 0xbe, 0xc0, 0x3f,
    0xfe, 0x26, 0xa, 0x40, 0x19, 0x44, 0x5b, 0xd8,
    0x1, 0x6a, 0x0, 0x88,

    /* U+03CB "ϋ" */
    0x0, 0x7f, 0x80, 0x1f, 0xe1, 0x0, 0xf8, 0x40,
    0x3b, 0xfc, 0x0, 0xef, 0x10, 0xf, 0xfb, 0x3d,
    0x40, 0x31, 0xff, 0x0, 0x7f, 0xfa, 0xc, 0x3,
    0x30, 0x1b, 0x6, 0x80, 0x6c, 0x6, 0xf0, 0x47,
    0x0, 0x33, 0x3, 0x54, 0xc2, 0x3f, 0xd2, 0x4,
    0xc1, 0x8e, 0x40, 0x2, 0x7c, 0x0,

    /* U+03CC "ό" */
    0x0, 0xf4, 0x79, 0x0, 0x7f, 0x32, 0x10, 0x7,
    0xe5, 0x1e, 0x0, 0xfe, 0x18, 0x50, 0xf, 0xe4,
    0x70, 0xf, 0xcd, 0x9f, 0xed, 0x70, 0xe, 0xb9,
    0x30, 0x1, 0x46, 0x88, 0x1, 0xd0, 0x2b, 0xfd,
    0x62, 0x56, 0x0, 0x90, 0x85, 0x0, 0x25, 0x2,
    0x89, 0x8, 0x30, 0x6, 0x41, 0x5, 0x10, 0x0,
    0x80, 0x71, 0x81, 0x10, 0x0, 0x40, 0x1c, 0x60,
    0x42, 0x20, 0x50, 0xc, 0x82, 0xa, 0x12, 0x10,
    0xa0, 0x4, 0xa0, 0x51, 0x7, 0x50, 0xaf, 0xf5,
    0x89, 0xd8, 0x5, 0x52, 0x60, 0x2, 0x8c, 0x10,

    /* U+03CD "ύ" */
    0x0, 0xed, 0xc0, 0xf, 0x90, 0xa8, 0x3, 0xee,
    0x6, 0x0, 0xfb, 0x68, 0x3, 0xf3, 0xa8, 0x6,
    0xcf, 0x50, 0xc, 0x7f, 0xc0, 0x1f, 0xfe, 0x83,
    0x0, 0xcc, 0x6, 0xc1, 0xa0, 0x1b, 0x1, 0xbc,
    0x11, 0xc0, 0xc, 0xc0, 0xd5, 0x30, 0x8f, 0xf4,
    0x81, 0x30, 0x63, 0x90, 0x0, 0x9f, 0x0,

    /* U+03CE "ώ" */
    0x0, 0xf8, 0xbe, 0x0, 0x3f, 0xf8, 0x34, 0x12,
    0x1, 0xff, 0xc1, 0x65, 0x10, 0xf, 0xfe, 0x1,
    0x4c, 0x0, 0x7f, 0xf0, 0x49, 0xc8, 0x3, 0xf8,
    0xb6, 0x40, 0x3d, 0x98, 0x10, 0xd, 0xe4, 0xc4,
    0x1, 0x90, 0xcd, 0x40, 0x14, 0x10, 0x61, 0x0,
    0x64, 0xa0, 0x45, 0x0, 0x30, 0x41, 0x80, 0x4,
    0x40, 0x5, 0x50, 0x70, 0x8, 0x81, 0x40, 0x3,
    0xde, 0x1, 0x78, 0x28, 0x10, 0x0, 0x80, 0x3f,
    0x30, 0x8, 0x8, 0x0, 0x40, 0x3f, 0x38, 0x4,
    0x40, 0x4, 0x0, 0x10, 0x8, 0x5, 0x80, 0x60,
    0x5, 0x8, 0x20, 0x90, 0x3, 0x82, 0x38, 0x58,
    0x2, 0x0, 0xb7, 0xd4, 0xc6, 0x3e, 0xc0, 0x9c,
    0x0, 0x5a, 0x80, 0x5, 0xdc, 0x40, 0x2, 0xe0,
    0x0,

    /* U+0400 "Ѐ" */
    0x0, 0x99, 0x40, 0x3f, 0x7d, 0x8, 0x7, 0xd4,
    0xc, 0x1, 0xf1, 0x9a, 0x80, 0x3f, 0x66, 0x80,
    0x7f, 0xf0, 0xa7, 0xff, 0xf4, 0x80, 0x7f, 0xf0,
    0x23, 0xff, 0xd2, 0x1, 0xff, 0xd4, 0x8f, 0xfe,
    0x60, 0xf, 0xfe, 0xc, 0x7f, 0xf3, 0x0, 0x7f,
    0xf5, 0x63, 0xff, 0xd2, 0x1, 0xfe,

    /* U+0401 "Ё" */
    0x2, 0xfe, 0x1, 0xfe, 0x0, 0xe3, 0x0, 0xf8,
    0xbf, 0x40, 0x7f, 0x80, 0x3f, 0xf8, 0x13, 0xff,
    0xfa, 0x40, 0x3f, 0xf8, 0x11, 0xff, 0xe9, 0x0,
    0xff, 0xea, 0x47, 0xff, 0x30, 0x7, 0xff, 0x6,
    0x3f, 0xf9, 0x80, 0x3f, 0xfa, 0xb1, 0xff, 0xe9,
    0x0, 0xff, 0x0,

    /* U+0402 "Ђ" */
    0xff, 0xf4, 0x80, 0x78, 0x84, 0x4, 0x88, 0x20,
    0x1e, 0xd9, 0x8, 0xdd, 0x40, 0x7, 0xf9, 0x73,
    0xfd, 0xd4, 0x60, 0x1d, 0x14, 0x60, 0x1, 0x5c,
    0x40, 0xc, 0x25, 0x7f, 0xec, 0x30, 0xa0, 0xe,
    0xc4, 0x0, 0x1e, 0x88, 0x90, 0x2, 0x31, 0x0,
    0xc2, 0x80, 0x60, 0x13, 0x0, 0x78, 0xc3, 0xc0,
    0x3f, 0xc4, 0x1e, 0x1, 0xfc, 0x28, 0x8, 0x1,
    0xf0, 0xa6, 0x1, 0x18, 0x7, 0xd5, 0x64, 0x1c,
    0x1, 0xfc, 0x2b, 0xa6, 0x0,

    /* U+0403 "Ѓ" */
    0x0, 0xc8, 0xe0, 0x1f, 0xab, 0x0, 0x3e, 0x51,
    0xe0, 0xf, 0xb8, 0x54, 0x3, 0xeb, 0xe0, 0xf,
    0xfe, 0x1c, 0xff, 0xfe, 0x90, 0xf, 0xfe, 0x4,
    0x7f, 0xfa, 0x40, 0x3f, 0xff, 0xe0, 0x1f, 0xfd,
    0x70,

    /* U+0404 "Є" */
    0x0, 0xcd, 0x9f, 0xee, 0xb6, 0x0, 0xe2, 0xd9,
    0x30, 0x0, 0xa4, 0xe8, 0x80, 0x5e, 0x43, 0x5d,
    0xfd, 0x42, 0x58, 0x0, 0x82, 0x1f, 0x51, 0x1,
    0x5f, 0x12, 0x60, 0x60, 0x81, 0x0, 0xe1, 0x83,
    0x12, 0x10, 0x70, 0xf, 0x9b, 0x1c, 0x40, 0x1d,
    0xff, 0x88, 0x3, 0xff, 0x8e, 0x20, 0xe, 0xff,
    0xc4, 0x1, 0xc4, 0x20, 0xe0, 0x1f, 0x34, 0xa0,
    0x48, 0x40, 0x80, 0x71, 0x43, 0x10, 0x39, 0xe,
    0x28, 0x80, 0xb6, 0x9, 0x30, 0x3, 0x8, 0x95,
    0xdf, 0xd2, 0x25, 0x80, 0x10, 0xec, 0x98, 0x0,
    0x52, 0x74, 0x40,

    /* U+0405 "Ѕ" */
    0x0, 0x9b, 0x3f, 0xdd, 0x68, 0x1, 0xd9, 0x26,
    0x0, 0x14, 0xb9, 0x0, 0x9c, 0xc2, 0x7b, 0xf9,
    0xc1, 0x98, 0x0, 0xd0, 0x66, 0x8, 0xc, 0x38,
    0x40, 0x6, 0x20, 0xe, 0x9b, 0xf0, 0x4, 0x82,
    0x63, 0x90, 0x0, 0x50, 0x40, 0x7, 0x64, 0x71,
    0xbd, 0x4a, 0x1, 0xc9, 0xba, 0x84, 0x15, 0xad,
    0x20, 0xe, 0x27, 0xbf, 0xb2, 0x27, 0x80, 0x15,
    0x80, 0x39, 0x3c, 0x8, 0x45, 0x52, 0xc0, 0x1f,
    0xc2, 0xc1, 0x30, 0x20, 0x4, 0xf0, 0x31, 0x9,
    0x40, 0x7e, 0xff, 0x59, 0xf, 0x0, 0x57, 0x48,
    0x20, 0x3, 0x8e, 0x20,

    /* U+0406 "І" */
    0x6f, 0xb0, 0xf, 0xfe, 0xd8,

    /* U+0407 "Ї" */
    0x6f, 0xa0, 0x5f, 0xa3, 0x3, 0x0, 0xcb, 0xf2,
    0xb, 0xf4, 0x1, 0xfc, 0xdf, 0x60, 0x1f, 0xff,
    0xf0, 0xf, 0xfe, 0x30,

    /* U+0408 "Ј" */
    0x0, 0xf7, 0xf8, 0x80, 0x3f, 0xff, 0xe0, 0x1e,
    0x25, 0x10, 0xf, 0x75, 0x58, 0x84, 0x0, 0xb,
    0xc1, 0x7b, 0xdc, 0x20, 0xf, 0x10, 0x0, 0x74,
    0xe0,

    /* U+0409 "Љ" */
    0x0, 0xb3, 0xff, 0xf6, 0x0, 0x7f, 0xf0, 0x4,
    0x3, 0xff, 0x92, 0x61, 0xbf, 0xf9, 0xc0, 0x3f,
    0xf8, 0x42, 0x6, 0x1, 0xff, 0xc9, 0x10, 0xf,
    0xfe, 0x31, 0x0, 0x80, 0x7c, 0x7f, 0xfd, 0x44,
    0x1, 0x98, 0xc, 0x3, 0xff, 0x82, 0xba, 0x60,
    0x11, 0x3, 0x0, 0x7c, 0x7f, 0xfb, 0x8c, 0x20,
    0x2, 0xe0, 0x20, 0xf, 0xfe, 0x0, 0xf8, 0x20,
    0x4, 0x61, 0xe0, 0x1f, 0xfc, 0x13, 0x0, 0x8,
    0x1, 0x41, 0x40, 0x3f, 0xf8, 0x26, 0x0, 0x10,
    0x41, 0x3, 0x0, 0xff, 0xe0, 0x17, 0x81, 0x84,
    0xd8, 0x28, 0x7, 0xe3, 0xff, 0xda, 0x61, 0xe0,
    0xa0, 0x56, 0x1, 0xff, 0xc2, 0x4c, 0x30, 0xdd,
    0x84, 0x3, 0xd1, 0xff, 0xf5, 0x98, 0x0,

    /* U+040A "Њ" */
    0x9f, 0x70, 0xf, 0x4f, 0xc0, 0x7, 0xff, 0xfc,
    0x3, 0xff, 0x87, 0x1f, 0xfe, 0x60, 0x7f, 0xfd,
    0xd2, 0x20, 0x1f, 0xfc, 0x51, 0x6f, 0x10, 0x4,
    0x7f, 0xf9, 0x81, 0xff, 0xf6, 0x88, 0xa0, 0x3,
    0xff, 0x88, 0x56, 0x8, 0x1, 0xff, 0xc5, 0x60,
    0x20, 0xf, 0xfe, 0x2b, 0x1, 0x0, 0x7f, 0xf1,
    0xe, 0xc1, 0x0, 0x3f, 0xe7, 0xff, 0xd8, 0x22,
    0x80, 0xf, 0xfe, 0x20, 0xaf, 0x88,

    /* U+040B "Ћ" */
    0xff, 0xf4, 0x80, 0x71, 0x0, 0x4, 0x88, 0x20,
    0x1d, 0xac, 0xd, 0xba, 0x80, 0xf, 0xfe, 0xa1,
    0x57, 0x7f, 0xb6, 0x0, 0x39, 0x54, 0x20, 0x2,
    0x7c, 0x0, 0xc5, 0x5d, 0xfd, 0x0, 0x6c, 0x1,
    0x2a, 0x84, 0x5, 0xd8, 0x28, 0x3, 0xfb, 0x40,
    0x80, 0x3f, 0x9c, 0x4, 0x3, 0xff, 0xb0,

    /* U+040C "Ќ" */
    0x0, 0xf3, 0xa0, 0x7, 0xf2, 0xc0, 0x7, 0xfa,
    0x49, 0x0, 0x3f, 0x11, 0xd0, 0x7, 0xf1, 0x7b,
    0x80, 0x7f, 0xf1, 0x67, 0xdc, 0x3, 0xe, 0xfd,
    0x0, 0x7e, 0xc2, 0x4a, 0x0, 0xfb, 0x8, 0xec,
    0x3, 0xeb, 0x33, 0x60, 0x7, 0xd4, 0x85, 0xa0,
    0x1f, 0x4a, 0x8e, 0x8, 0x7, 0xa9, 0x83, 0x4,
    0x3, 0xe1, 0x0, 0x20, 0x7, 0xeb, 0x90, 0x95,
    0x0, 0xfc, 0xd2, 0x14, 0xa0, 0x1f, 0x9a, 0x2,
    0x90, 0x3, 0xf3, 0xc0, 0x5a, 0x0, 0x7e, 0x77,
    0x5, 0x98, 0x7, 0xe8, 0x60, 0xd2,

    /* U+040D "Ѝ" */
    0x0, 0xcc, 0xa0, 0x1f, 0xee, 0xa1, 0x0, 0xfe,
    0xa0, 0x60, 0xf, 0xe2, 0x49, 0x0, 0xff, 0x5f,
    0x0, 0x7f, 0xf1, 0x67, 0xe0, 0x3, 0xd7, 0xf6,
    0x1, 0xf9, 0x90, 0x3, 0xf8, 0xa4, 0x3, 0xfd,
    0xc0, 0x1f, 0xe7, 0x31, 0x80, 0xf, 0x8a, 0x2,
    0xc4, 0x3, 0xee, 0x5, 0x50, 0x7, 0xd0, 0x63,
    0x60, 0x1f, 0x1b, 0x85, 0x8, 0x7, 0xdc, 0xc,
    0x80, 0x1f, 0x39, 0x12, 0x40, 0x3f, 0xdc, 0x1,
    0xfe, 0x73, 0x0, 0xfe, 0x28, 0x0, 0xfc,

    /* U+040E "Ў" */
    0x0, 0x89, 0x44, 0x9, 0x44, 0x3, 0xcd, 0x50,
    0x11, 0x44, 0x1, 0xe4, 0x36, 0xf5, 0x51, 0x80,
    0x7d, 0x90, 0xb3, 0x40, 0x1f, 0xcf, 0x4c, 0x1,
    0xcf, 0xfa, 0x1, 0xf7, 0xf8, 0xd8, 0x9, 0x0,
    0x39, 0xc1, 0xc, 0x5c, 0x20, 0x3, 0xa4, 0x3c,
    0x1, 0x20, 0x66, 0x0, 0x98, 0x4d, 0x0, 0x2,
    0xe1, 0x20, 0x15, 0x84, 0x0, 0x69, 0x5, 0x20,
    0x52, 0x22, 0x0, 0x61, 0x60, 0xb0, 0x80, 0x80,
    0xf, 0x40, 0x32, 0x91, 0x14, 0x3, 0xc2, 0xc1,
    0x41, 0x60, 0x1f, 0xac, 0x0, 0x2c, 0x1, 0xf8,
    0x88, 0x10, 0x1, 0xfc, 0x84, 0x2c, 0x1, 0xfd,
    0x1, 0x20, 0x1f, 0xc8, 0x62, 0xe0, 0x1e,

    /* U+040F "Џ" */
    0x9f, 0x70, 0xf, 0x97, 0xec, 0x3, 0xff, 0xfe,
    0x1, 0xff, 0xfa, 0x8f, 0xff, 0xa8, 0x3, 0xff,
    0x87, 0x3f, 0xfa, 0x1, 0xbf, 0xf5, 0x80, 0x7f,
    0xf1, 0x91, 0xf4, 0x3, 0x80,

    /* U+0410 "А" */
    0x0, 0xc3, 0xff, 0x20, 0x7, 0xe7, 0x0, 0xb4,
    0x3, 0xf5, 0x2, 0x83, 0x80, 0x7c, 0x26, 0x16,
    0x22, 0x40, 0xf, 0x38, 0x20, 0xb8, 0x68, 0x7,
    0xa8, 0x34, 0x34, 0x1c, 0x3, 0x84, 0xc1, 0xc1,
    0x4, 0x48, 0x1, 0x9c, 0x10, 0x40, 0xe, 0x1a,
    0x1, 0xa8, 0x34, 0x2, 0xd0, 0x70, 0x8, 0x4c,
    0x27, 0xfe, 0xb0, 0x14, 0x0, 0x38, 0x7, 0xf6,
    0x80, 0x28, 0x27, 0xff, 0xac, 0x1c, 0x4, 0xc1,
    0xc0, 0x39, 0x4, 0x48, 0xe0, 0x82, 0x1, 0xe7,
    0xd,

    /* U+0411 "Б" */
    0x9f, 0xff, 0xd8, 0x1, 0xff, 0xc2, 0x8f, 0xff,
    0x60, 0x7, 0xff, 0x36, 0x3f, 0xf6, 0xc8, 0x80,
    0x7e, 0x26, 0xc1, 0x0, 0x47, 0xfe, 0xc1, 0x29,
    0x0, 0xf8, 0xe0, 0x14, 0x3, 0xf2, 0x81, 0x80,
    0x7e, 0x60, 0x30, 0xf, 0x8a, 0x1, 0x0, 0x11,
    0xff, 0xb4, 0x86, 0x0, 0x3e, 0x15, 0xf1,

    /* U+0412 "В" */
    0x9f, 0xff, 0x62, 0x80, 0x7f, 0x1d, 0x30, 0x4,
    0xff, 0xf9, 0xc2, 0x0, 0x3f, 0x40, 0x9, 0x80,
    0x7f, 0x84, 0x3, 0xc3, 0x20, 0x24, 0x0, 0x7f,
    0xfb, 0x98, 0x28, 0x3, 0xfd, 0xc0, 0x13, 0xff,
    0xed, 0x25, 0x80, 0xf, 0x8a, 0x1, 0x40, 0x3f,
    0xc6, 0x1, 0xf1, 0xc0, 0x20, 0x1, 0xff, 0xf6,
    0x10, 0x40, 0x7, 0xc2, 0xba, 0x40,

    /* U+0413 "Г" */
    0x9f, 0xff, 0xd2, 0x1, 0xff, 0xc0, 0x8f, 0xff,
    0x48, 0x7, 0xff, 0xfc, 0x3, 0xff, 0xae,

    /* U+0414 "Д" */
    0x0, 0x8b, 0xff, 0xf8, 0x40, 0x30, 0x80, 0x7f,
    0xf0, 0x9c, 0xf, 0xff, 0x80, 0x3e, 0x10, 0x70,
    0xf, 0xfe, 0x1, 0x80, 0x80, 0x7f, 0xf0, 0x4,
    0xc, 0x3, 0xff, 0x81, 0xc1, 0xc0, 0x1f, 0xfc,
    0x3, 0x1, 0x0, 0xff, 0xe0, 0x30, 0x10, 0x7,
    0xff, 0x0, 0xc1, 0x80, 0x3f, 0xe4, 0x0, 0x10,
    0x7, 0xf8, 0xa4, 0x1c, 0x3, 0xfc, 0xba, 0x40,
    0xff, 0xfe, 0x0, 0x71, 0x0, 0x7f, 0xf1, 0x4f,
    0xff, 0xf8, 0x3, 0xff, 0x8c, 0xf3, 0x0, 0x1f,
    0xd5, 0x24,

    /* U+0415 "Е" */
    0x9f, 0xff, 0xd2, 0x1, 0xff, 0xc0, 0x8f, 0xff,
    0x48, 0x7, 0xff, 0x52, 0x3f, 0xf9, 0x80, 0x3f,
    0xf8, 0x31, 0xff, 0xcc, 0x1, 0xff, 0xd5, 0x8f,
    0xff, 0x48, 0x7, 0xf8,

    /* U+0416 "Ж" */
    0x1d, 0xf9, 0x0, 0xdf, 0xe2, 0x0, 0x9b, 0xfc,
    0x43, 0xc0, 0xca, 0x1, 0xf8, 0xe4, 0x28, 0x80,
    0xe4, 0x28, 0x80, 0x3c, 0x3c, 0xe, 0xa0, 0x13,
    0x28, 0x70, 0x7, 0xac, 0x8e, 0x0, 0x3a, 0x88,
    0xe4, 0x3, 0x3a, 0x8e, 0x80, 0x7d, 0xe0, 0xca,
    0x0, 0x78, 0xd, 0x10, 0xf, 0x8a, 0x82, 0x80,
    0x14, 0x10, 0x60, 0x1f, 0xd8, 0x2, 0x0, 0x10,
    0xc0, 0xf, 0xe6, 0x60, 0x68, 0x3, 0x45, 0x20,
    0x3, 0xe3, 0x90, 0x93, 0x0, 0xd, 0x3, 0xa8,
    0x7, 0xe, 0x83, 0x30, 0x3, 0x24, 0x5, 0x10,
    0x6, 0xd1, 0x39, 0x0, 0xf3, 0xa8, 0x78, 0x80,
    0x24, 0xc7, 0x40, 0x3f, 0x51, 0x12, 0x81, 0x98,
    0x1a, 0x20, 0x1f, 0xde, 0x29, 0x0,

    /* U+0417 "З" */
    0x0, 0x92, 0xfb, 0xfa, 0xd4, 0x3, 0x55, 0xa0,
    0x80, 0xa5, 0x50, 0x0, 0x2c, 0x55, 0xfe, 0xe8,
    0x5, 0x30, 0x1c, 0xd5, 0x0, 0xb, 0x88, 0x30,
    0x7, 0xc3, 0x2, 0x8, 0x1, 0x87, 0xfd, 0xce,
    0x12, 0x20, 0x1f, 0xef, 0x0, 0xe1, 0xff, 0x6c,
    0x83, 0x38, 0x7, 0xc4, 0xd0, 0x14, 0x0, 0x20,
    0xf, 0x10, 0x18, 0x56, 0x90, 0x7, 0x60, 0x10,
    0x38, 0x62, 0x80, 0x6, 0x18, 0x24, 0x3c, 0x86,
    0xbf, 0xdc, 0xe0, 0xea, 0x5, 0xb0, 0x60, 0x1,
    0x5b, 0x80,

    /* U+0418 "И" */
    0x9f, 0x80, 0xf, 0x5f, 0xd8, 0x7, 0xe6, 0x40,
    0xf, 0xe2, 0x90, 0xf, 0xf7, 0x0, 0x7f, 0x9c,
    0xc6, 0x0, 0x3e, 0x28, 0xb, 0x10, 0xf, 0xb8,
    0x15, 0x40, 0x1f, 0x41, 0x8d, 0x80, 0x7c, 0x6e,
    0x14, 0x20, 0x1f, 0x70, 0x32, 0x0, 0x7c, 0xe4,
    0x49, 0x0, 0xff, 0x70, 0x7, 0xf9, 0xcc, 0x3,
    0xf8, 0xa0, 0x3, 0xf0,

    /* U+0419 "Й" */
    0x0, 0x99, 0xc0, 0xa, 0xe0, 0x1e, 0xf8, 0x42,
    0xba, 0x0, 0xf5, 0x85, 0xe8, 0xc8, 0x7, 0x8b,
    0x5d, 0xb1, 0x0, 0x3e, 0x28, 0x93, 0x0, 0xd3,
    0xf0, 0x1, 0xeb, 0xfb, 0x0, 0xfc, 0xc8, 0x1,
    0xfc, 0x52, 0x1, 0xfe, 0xe0, 0xf, 0xf3, 0x98,
    0xc0, 0x7, 0xc5, 0x1, 0x62, 0x1, 0xf7, 0x2,
    0xa8, 0x3, 0xe8, 0x31, 0xb0, 0xf, 0x8d, 0xc2,
    0x84, 0x3, 0xee, 0x6, 0x40, 0xf, 0x9c, 0x89,
    0x20, 0x1f, 0xee, 0x0, 0xff, 0x39, 0x80, 0x7f,
    0x14, 0x0, 0x7e,

    /* U+041A "К" */
    0x9f, 0x70, 0xc, 0x3b, 0xf4, 0x1, 0xfb, 0x9,
    0x28, 0x3, 0xec, 0x23, 0xb0, 0xf, 0xac, 0xcd,
    0x80, 0x1f, 0x52, 0x16, 0x80, 0x7d, 0x2a, 0x38,
    0x20, 0x1e, 0xa6, 0xc, 0x10, 0xf, 0x84, 0x0,
    0x80, 0x1f, 0xae, 0x42, 0x54, 0x3, 0xf3, 0x48,
    0x52, 0x80, 0x7e, 0x68, 0xa, 0x40, 0xf, 0xcf,
    0x1, 0x68, 0x1, 0xf9, 0xdc, 0x16, 0x60, 0x1f,
    0xa1, 0x83, 0x48,

    /* U+041B "Л" */
    0x0, 0xa7, 0xff, 0xf7, 0x0, 0x46, 0x1, 0xff,
    0xc0, 0x10, 0xaf, 0xfd, 0x80, 0x1c, 0xe0, 0x20,
    0x1f, 0xe1, 0x7, 0x0, 0xff, 0x10, 0x8, 0x7,
    0xff, 0x0, 0x80, 0x3f, 0x88, 0x4, 0x3, 0xfc,
    0xe0, 0x40, 0x1f, 0xe2, 0x6, 0x0, 0xff, 0x60,
    0x68, 0x7, 0xf0, 0xa0, 0x20, 0x7, 0xe6, 0xf0,
    0x23, 0x0, 0xfd, 0xe2, 0x2e, 0x0, 0xfe, 0x9e,
    0xe1, 0x80, 0x78, 0xff, 0x80,

    /* U+041C "М" */
    0x9f, 0x80, 0xf, 0xe8, 0xf9, 0x0, 0x38, 0x80,
    0x7c, 0x2e, 0x1, 0xd2, 0x1, 0xf4, 0x80, 0x79,
    0xc4, 0x3, 0x85, 0xc0, 0x38, 0x42, 0x40, 0x3a,
    0x40, 0x40, 0x34, 0x83, 0x88, 0x4, 0x2e, 0x12,
    0x1, 0x85, 0x82, 0x40, 0x29, 0x6, 0x10, 0xe,
    0xb0, 0x71, 0x0, 0x38, 0x58, 0x7, 0x89, 0x42,
    0x41, 0xc1, 0x48, 0x3, 0xe8, 0x7, 0x19, 0x8,
    0x0, 0xfc, 0x4a, 0x18, 0x2a, 0x40, 0x1f, 0xd2,
    0x4, 0x12, 0x1, 0xfe, 0x34, 0x4, 0x30, 0xf,
    0xfa, 0x2, 0x0, 0x3c,

    /* U+041D "Н" */
    0x9f, 0x70, 0xf, 0x2f, 0xe0, 0x7, 0xff, 0xca,
    0x3f, 0xfd, 0x40, 0x1f, 0xfc, 0x48, 0xff, 0xf5,
    0x0, 0x7f, 0xfc, 0x80,

    /* U+041E "О" */
    0x0, 0xcf, 0x9f, 0xee, 0xb6, 0x0, 0xf1, 0xf4,
    0x18, 0x0, 0x52, 0x70, 0x40, 0x22, 0xd1, 0x2b,
    0xff, 0x74, 0x89, 0xe0, 0x5, 0x2, 0x5a, 0x80,
    0x1, 0x6c, 0x12, 0x70, 0x15, 0x9, 0x0, 0xf1,
    0x48, 0x50, 0x28, 0x1, 0x0, 0x3e, 0x50, 0x21,
    0x20, 0x20, 0xf, 0xc4, 0x0, 0x30, 0xf, 0xfe,
    0x19, 0x1, 0x0, 0x7e, 0x20, 0x1, 0xa8, 0x1,
    0x0, 0x3e, 0x50, 0x21, 0x12, 0x84, 0x80, 0x78,
    0xa0, 0x28, 0x1, 0x2, 0x5a, 0x80, 0x1, 0x6c,
    0x2, 0x70, 0x1, 0x68, 0x95, 0xff, 0xba, 0x44,
    0xf0, 0x3, 0x1f, 0x41, 0x80, 0x5, 0x27, 0x4,
    0x0,

    /* U+041F "П" */
    0x9f, 0xff, 0xf6, 0x80, 0x7f, 0xf0, 0xa3, 0xff,
    0xd8, 0x1, 0xff, 0xff, 0x0, 0xff, 0xf7, 0x80,

    /* U+0420 "Р" */
    0x9f, 0xff, 0x74, 0x88, 0x7, 0xe1, 0x6f, 0x10,
    0x4, 0x7f, 0xec, 0x11, 0x40, 0x7, 0xc7, 0x0,
    0x80, 0x1f, 0x94, 0xc, 0x3, 0xf2, 0x81, 0x80,
    0x7c, 0x90, 0xa, 0x0, 0x8f, 0xfd, 0x62, 0x52,
    0x1, 0xf0, 0xb6, 0x8, 0x2, 0x3f, 0xf7, 0x48,
    0x80, 0x7f, 0xf8, 0x40,

    /* U+0421 "С" */
    0x0, 0xcf, 0x9f, 0xee, 0xb6, 0x0, 0xe3, 0xe8,
    0x30, 0x0, 0xa4, 0xe0, 0x80, 0xb, 0x44, 0xaf,
    0xfd, 0xd2, 0x27, 0xa0, 0x8, 0x12, 0xd4, 0x0,
    0xb, 0x60, 0x1b, 0x8a, 0x84, 0x80, 0x78, 0xa1,
    0x9, 0x40, 0x8, 0x1, 0xf3, 0xda, 0x90, 0x10,
    0x7, 0xff, 0x34, 0x80, 0x80, 0x3f, 0xe5, 0x0,
    0x20, 0x7, 0xcf, 0x6a, 0x2a, 0x12, 0x1, 0xe2,
    0x84, 0x20, 0x81, 0x2d, 0x40, 0x0, 0xb6, 0x1,
    0xb8, 0x16, 0x89, 0x5f, 0xfb, 0xa4, 0x4f, 0x40,
    0x23, 0xe8, 0x30, 0x0, 0xa4, 0xe0, 0x80,

    /* U+0422 "Т" */
    0xcf, 0xff, 0xf7, 0x0, 0x7f, 0xc7, 0x9f, 0xf8,
    0x1, 0xdf, 0xf6, 0x80, 0x7f, 0xff, 0xc0, 0x3f,
    0xfd, 0xa0,

    /* U+0423 "У" */
    0x7f, 0xd0, 0xf, 0xbf, 0xc6, 0xc0, 0x48, 0x1,
    0xce, 0x8, 0x62, 0xe1, 0x0, 0x1d, 0x21, 0xe0,
    0x9, 0x3, 0x30, 0x4, 0xc2, 0x68, 0x0, 0x17,
    0x9, 0x0, 0xac, 0x20, 0x3, 0x48, 0x29, 0x2,
    0x91, 0x10, 0x3, 0xb, 0x5, 0x84, 0x4, 0x0,
    0x7a, 0x1, 0x94, 0x88, 0xa0, 0x1e, 0x16, 0xa,
    0xb, 0x0, 0xfd, 0x60, 0x1, 0x60, 0xf, 0xc4,
    0x40, 0x80, 0xf, 0xe4, 0x21, 0x60, 0xf, 0xe8,
    0x9, 0x0, 0xfe, 0x43, 0x17, 0x0, 0xf0,

    /* U+0424 "Ф" */
    0x0, 0xf6, 0x7a, 0x80, 0x7c, 0x33, 0xde, 0x61,
    0x5f, 0x8a, 0x1, 0xf, 0xb0, 0x88, 0x0, 0x20,
    0x75, 0x20, 0xa, 0x12, 0xde, 0x30, 0xbf, 0x80,
    0x64, 0x14, 0xe, 0x20, 0xe, 0x75, 0xf, 0x40,
    0x23, 0x0, 0xfb, 0x81, 0x4c, 0x4, 0x3, 0xf3,
    0x0, 0x98, 0x8, 0x7, 0xe1, 0x1, 0x70, 0x22,
    0x0, 0x7d, 0x60, 0xa4, 0x61, 0xc2, 0x1, 0xc8,
    0xe1, 0xc1, 0xe0, 0x7d, 0x86, 0x17, 0xb6, 0x8,
    0xa0, 0x7a, 0x80, 0x60, 0x1, 0x21, 0x7b, 0x0,
    0x8a, 0xff, 0x8c, 0x27, 0xb9, 0x0, 0x1f, 0x8,
    0x0, 0xc4, 0x3, 0x0,

    /* U+0425 "Х" */
    0x5f, 0xf1, 0x80, 0x73, 0xff, 0x89, 0x54, 0x1c,
    0x1, 0x8a, 0x2, 0x48, 0x28, 0x4a, 0x40, 0x2e,
    0x4, 0x60, 0xa, 0x81, 0x90, 0x1c, 0xc6, 0x80,
    0x32, 0x38, 0x51, 0xc0, 0x58, 0x80, 0x74, 0x10,
    0xe0, 0x2a, 0x80, 0x3e, 0xe0, 0x0, 0xd8, 0x7,
    0xe7, 0x0, 0x9, 0x80, 0x7c, 0x34, 0x2, 0x1c,
    0x1, 0xf5, 0x89, 0xf8, 0x9b, 0x80, 0x73, 0x28,
    0x70, 0xd8, 0x41, 0x80, 0x45, 0x21, 0x4, 0xa,
    0xa0, 0xe0, 0xb, 0x80, 0xdc, 0x2, 0xb1, 0x28,
    0x7, 0x30, 0xe0, 0xc, 0x36, 0xe, 0x60,

    /* U+0426 "Ц" */
    0x9f, 0x70, 0xf, 0xf, 0xf8, 0x3, 0xff, 0xfe,
    0x1, 0xff, 0xff, 0x0, 0xfd, 0x3b, 0xbe, 0xc0,
    0x6, 0xb8, 0x0, 0x48, 0xbe, 0x0, 0x17, 0x4f,
    0xff, 0xf9, 0xc0, 0x3f, 0xf9, 0xf1, 0xd0,

    /* U+0427 "Ч" */
    0x9f, 0x80, 0xe, 0x3f, 0xf0, 0x7, 0xff, 0x5c,
    0x80, 0x3f, 0x78, 0x20, 0x7, 0xe7, 0x1, 0xb2,
    0x0, 0x1c, 0x0, 0x6, 0x1, 0x37, 0xfd, 0x88,
    0x1, 0x3d, 0x18, 0x0, 0x51, 0xc0, 0x32, 0xe7,
    0xfb, 0xae, 0xc0, 0x1f, 0xfe, 0x20,

    /* U+0428 "Ш" */
    0x9f, 0x70, 0xd, 0x7e, 0xc0, 0x1b, 0x7d, 0x0,
    0x3f, 0xff, 0xe0, 0x1f, 0xff, 0xf0, 0xf, 0xfe,
    0xdc, 0x7f, 0xe4, 0x9, 0xff, 0xc4, 0x1, 0xff,
    0xc7,

    /* U+0429 "Щ" */
    0x9f, 0x70, 0xd, 0x7e, 0xc0, 0x1b, 0x7d, 0x0,
    0x3f, 0xff, 0xe0, 0x1f, 0xff, 0xf0, 0xf, 0xff,
    0x3c, 0xee, 0xe4, 0x8, 0xdd, 0xc4, 0x15, 0x60,
    0x1, 0x22, 0xc0, 0x1, 0x22, 0xc0, 0x1, 0x69,
    0xff, 0xff, 0xe1, 0x58, 0x7, 0xff, 0x20,

    /* U+042A "Ъ" */
    0x1f, 0xfc, 0x1, 0xfc, 0x2a, 0x80, 0x1f, 0xfc,
    0xa, 0x90, 0xf, 0xff, 0x7, 0xff, 0x62, 0x80,
    0x7f, 0xf0, 0xe, 0x98, 0x3, 0xdf, 0xfc, 0xc1,
    0x22, 0x1, 0xfe, 0x91, 0x5, 0x0, 0xff, 0x94,
    0x8, 0x3, 0xfe, 0x50, 0x30, 0xf, 0xe1, 0x91,
    0x4, 0x0, 0xef, 0xfd, 0xcc, 0x10, 0x20, 0x1f,
    0xe3, 0xa7, 0x0,

    /* U+042B "Ы" */
    0x9f, 0x70, 0xf, 0xea, 0xf7, 0x0, 0xff, 0xf9,
    0x47, 0xfe, 0xe9, 0x10, 0xf, 0xfe, 0x0, 0xb7,
    0x88, 0x7, 0xa3, 0xff, 0x60, 0x8a, 0x40, 0x3f,
    0xe3, 0x80, 0x50, 0xf, 0xfe, 0x2, 0x81, 0x80,
    0x7f, 0xf0, 0x14, 0xc, 0x3, 0xfe, 0x38, 0x5,
    0x0, 0xf4, 0x7f, 0xec, 0x11, 0x48, 0x7, 0xfc,
    0x2d, 0xe2, 0x1, 0x80,

    /* U+042C "Ь" */
    0x9f, 0x70, 0xf, 0xff, 0x54, 0x7f, 0xee, 0x91,
    0x0, 0xfc, 0x2d, 0xe2, 0x0, 0x8f, 0xfd, 0x82,
    0x29, 0x0, 0xf8, 0xe0, 0x14, 0x3, 0xf2, 0x81,
    0x80, 0x7e, 0x50, 0x30, 0xf, 0x8e, 0x1, 0x40,
    0x11, 0xff, 0xb0, 0x45, 0x20, 0x1f, 0xb, 0x78,
    0x80,

    /* U+042D "Э" */
    0x0, 0x8e, 0xb7, 0xfd, 0xb2, 0x40, 0x1d, 0x18,
    0xa4, 0x0, 0x26, 0xd6, 0x0, 0x9d, 0xc0, 0xdb,
    0xfe, 0xc5, 0x9, 0x50, 0x18, 0x9, 0x91, 0x0,
    0xe, 0x98, 0x2c, 0x9, 0x10, 0xc0, 0x1e, 0x90,
    0x14, 0x3b, 0xb0, 0x7, 0xe5, 0xc, 0x0, 0xf6,
    0x7f, 0xe5, 0x2, 0x0, 0xf3, 0x80, 0x7f, 0xf0,
    0x6f, 0xff, 0x28, 0x10, 0xbd, 0x0, 0x7e, 0x40,
    0xd1, 0x85, 0x70, 0xf, 0x40, 0x89, 0x42, 0x42,
    0x24, 0x80, 0x7, 0x4e, 0x14, 0x0, 0x67, 0x6,
    0xdf, 0xf6, 0x28, 0x4a, 0x0, 0x51, 0x8a, 0x40,
    0x2, 0x6d, 0x60, 0x0,

    /* U+042E "Ю" */
    0x9f, 0x70, 0xe, 0x6c, 0xff, 0x6c, 0x88, 0x7,
    0xfb, 0x24, 0xc0, 0x4, 0xde, 0x60, 0x1f, 0xa8,
    0xc2, 0x7f, 0xd8, 0x63, 0xa0, 0x1f, 0x12, 0x85,
    0x30, 0x0, 0xf4, 0x44, 0xe0, 0x1e, 0x50, 0x25,
    0x0, 0xc3, 0x21, 0x40, 0x17, 0x88, 0xb0, 0x10,
    0x3, 0xc8, 0x4, 0x1, 0x3f, 0x71, 0x3, 0x80,
    0x3c, 0x40, 0x1, 0x0, 0xff, 0xe4, 0x47, 0xf9,
    0x43, 0x80, 0x3c, 0x40, 0x1, 0x0, 0xed, 0x4,
    0x0, 0xf5, 0x81, 0x0, 0x79, 0x40, 0x90, 0x3,
    0xb, 0x5, 0x0, 0x78, 0x98, 0x2d, 0x80, 0x7,
    0xa2, 0x26, 0x0, 0xfa, 0x50, 0x27, 0xfd, 0x86,
    0x3a, 0x20, 0x1f, 0xae, 0x4c, 0x0, 0x4d, 0xe6,
    0x0,

    /* U+042F "Я" */
    0x0, 0xc, 0xf7, 0xff, 0xa4, 0x7, 0xd8, 0x40,
    0x3f, 0x40, 0x8b, 0x3f, 0xf4, 0x0, 0x48, 0x10,
    0x60, 0x1f, 0x8c, 0x14, 0x3, 0xf8, 0xc1, 0x40,
    0x3f, 0x94, 0x21, 0x0, 0x3f, 0x41, 0xd, 0xff,
    0xe8, 0x0, 0xd8, 0x60, 0x1f, 0xe1, 0x20, 0x9f,
    0xfa, 0x0, 0x33, 0x88, 0x98, 0x3, 0xf4, 0x84,
    0x0, 0x7e, 0x71, 0x13, 0x0, 0x7e, 0x90, 0x90,
    0xf, 0xc0,

    /* U+0430 "а" */
    0x0, 0xc, 0xf7, 0xfb, 0x14, 0x2, 0x1f, 0x61,
    0x10, 0x1d, 0x38, 0x2, 0xc4, 0xf7, 0xbe, 0x2,
    0x0, 0x17, 0x5c, 0x40, 0x7, 0x0, 0x10, 0xa,
    0x8b, 0xd6, 0x70, 0x0, 0x40, 0xb7, 0x21, 0x48,
    0x80, 0x1b, 0x8, 0xef, 0xfb, 0x0, 0x22, 0x10,
    0xc4, 0x0, 0x18, 0x4, 0x60, 0x2, 0x0, 0xf,
    0x0, 0x42, 0x81, 0xb7, 0x9c, 0x66, 0x0, 0xad,
    0x85, 0x9, 0xbd, 0x80, 0x0,

    /* U+0431 "б" */
    0x0, 0xf8, 0x91, 0x80, 0x38, 0x63, 0x7f, 0x6e,
    0x40, 0x32, 0x73, 0x91, 0x11, 0xa0, 0x2, 0x1b,
    0x7, 0xed, 0xb9, 0x70, 0xa, 0x1, 0xe0, 0x40,
    0x3e, 0x40, 0xb9, 0xef, 0xe8, 0x0, 0xc4, 0x1a,
    0xc2, 0x2, 0xfa, 0x0, 0x20, 0xa, 0xff, 0xd4,
    0x5, 0x0, 0x1a, 0xd0, 0x0, 0xb0, 0xc, 0x1,
    0x90, 0x3, 0x20, 0x8, 0x18, 0x7, 0xfc, 0x24,
    0x8, 0x1, 0x90, 0x8, 0x1, 0x41, 0x68, 0x0,
    0x58, 0xa, 0x0, 0x39, 0x8d, 0xff, 0xa8, 0x11,
    0xc0, 0x2c, 0x82, 0x0, 0x1c, 0xd8, 0x0,

    /* U+0432 "в" */
    0x9f, 0xfe, 0xd7, 0x0, 0xc4, 0x89, 0x14, 0x38,
    0x4, 0xb7, 0x74, 0x5, 0x0, 0x7c, 0x60, 0x1f,
    0x87, 0x81, 0x0, 0x27, 0xff, 0x72, 0x94, 0x0,
    0x44, 0xab, 0x11, 0x30, 0x2, 0x5a, 0xab, 0x48,
    0x8a, 0x1, 0xfc, 0x60, 0x5, 0xaa, 0xb4, 0x81,
    0x0, 0x4, 0xab, 0x11, 0xd9, 0x0,

    /* U+0433 "г" */
    0x9f, 0xff, 0x80, 0x3f, 0xd1, 0xff, 0xc0, 0x1f,
    0xff, 0x40,

    /* U+0434 "д" */
    0x0, 0xbf, 0xfe, 0xc0, 0xf, 0x2a, 0xc6, 0x1,
    0xc2, 0x5, 0x55, 0x48, 0x7, 0x18, 0x8, 0x7,
    0xf3, 0x3, 0x80, 0x7f, 0x8, 0x10, 0x7, 0xf6,
    0x80, 0x80, 0x7f, 0x10, 0x68, 0x7, 0xe1, 0x50,
    0x40, 0xf, 0x93, 0xc0, 0x6e, 0xaa, 0x90, 0x28,
    0x21, 0x1, 0x55, 0xc6, 0x2, 0xa0, 0x6, 0xff,
    0xf6, 0x80, 0x7f, 0xf0, 0x92, 0x68, 0x3, 0xc5,
    0x30,

    /* U+0435 "е" */
    0x0, 0x9b, 0x3f, 0xda, 0xe0, 0x1d, 0x52, 0x62,
    0x44, 0x8c, 0x0, 0x9d, 0x47, 0x3b, 0x78, 0x8d,
    0xc0, 0x12, 0x10, 0x60, 0x1, 0x90, 0xa0, 0x11,
    0x6, 0xd5, 0x6e, 0x2, 0x2, 0x0, 0x22, 0xaf,
    0x0, 0x4, 0x40, 0xe, 0xff, 0xf8, 0x48, 0x41,
    0x80, 0x31, 0x39, 0x0, 0x24, 0x21, 0x40, 0x9,
    0x91, 0x0, 0x3, 0xa8, 0x57, 0xfa, 0xc4, 0xac,
    0x2, 0xaa, 0x18, 0x0, 0xa3, 0x44, 0x0,

    /* U+0436 "ж" */
    0x3f, 0xf1, 0x0, 0x23, 0xd8, 0x0, 0x7f, 0xe2,
    0x38, 0xe, 0x0, 0xfb, 0x82, 0x88, 0x1c, 0xcc,
    0xe0, 0x1d, 0x24, 0xaa, 0x0, 0xb8, 0x20, 0xc0,
    0x25, 0x61, 0xb0, 0xc, 0x54, 0x1c, 0x0, 0x1b,
    0xd, 0x10, 0xe, 0x52, 0x23, 0x4, 0x8a, 0x18,
    0x7, 0x98, 0x88, 0xc1, 0x22, 0x88, 0x0, 0xe2,
    0x90, 0xf0, 0x0, 0xd0, 0x50, 0x80, 0x6f, 0x9,
    0x20, 0x9, 0x18, 0x74, 0x2, 0xa2, 0x46, 0x0,
    0xe9, 0x23, 0x80, 0x65, 0x1a, 0x0, 0xfb, 0xc1,
    0xd0,

    /* U+0437 "з" */
    0x0, 0x2d, 0xff, 0xb6, 0x0, 0x2a, 0xa2, 0x0,
    0x9, 0xec, 0x1, 0xe7, 0x7f, 0xeb, 0x4, 0x20,
    0x5c, 0x40, 0x2, 0x80, 0xc, 0x2, 0x1a, 0xbf,
    0x4, 0x10, 0x8, 0xd5, 0x4, 0x3, 0xc5, 0xfe,
    0xc1, 0x45, 0x3, 0x30, 0x4, 0x68, 0x4, 0x99,
    0x86, 0x0, 0x22, 0x80, 0xa2, 0x84, 0xff, 0xac,
    0x9, 0x82, 0xa8, 0x60, 0x2, 0x7d, 0x0,

    /* U+0438 "и" */
    0x9f, 0x60, 0xd, 0x1f, 0x0, 0x1e, 0x47, 0x0,
    0xf8, 0x68, 0x3, 0xf5, 0x9, 0x0, 0x79, 0x91,
    0x54, 0x1, 0xc5, 0x23, 0x60, 0x1c, 0x3e, 0x14,
    0x20, 0x1d, 0x24, 0xe8, 0x1, 0xe1, 0x28, 0x0,
    0xfd, 0xe0, 0x1f, 0xa0, 0x80, 0x3c,

    /* U+0439 "й" */
    0x0, 0x4f, 0x90, 0x5f, 0x80, 0x6d, 0xc, 0xb4,
    0x40, 0x6, 0x4a, 0x4, 0x5a, 0x0, 0xe5, 0xef,
    0xa1, 0x0, 0x4f, 0xb0, 0x6, 0x8f, 0x80, 0xf,
    0x23, 0x80, 0x7c, 0x34, 0x1, 0xfa, 0x84, 0x80,
    0x3c, 0xc8, 0xaa, 0x0, 0xe2, 0x91, 0xb0, 0xe,
    0x1f, 0xa, 0x10, 0xe, 0x92, 0x74, 0x0, 0xf0,
    0x94, 0x0, 0x7e, 0xf0, 0xf, 0xd0, 0x40, 0x1e,

    /* U+043A "к" */
    0x9f, 0x80, 0xa, 0xbf, 0x84, 0x3, 0x9d, 0x43,
    0x44, 0x3, 0x24, 0x4, 0x98, 0x6, 0x1a, 0x6,
    0x60, 0x7, 0x68, 0xa4, 0x80, 0x73, 0x18, 0x48,
    0x7, 0x98, 0xc3, 0x80, 0x3e, 0xd2, 0x3b, 0x0,
    0xf0, 0xf8, 0xa5, 0x0, 0x78, 0xa8, 0x16, 0x0,
    0x3c, 0x92, 0xe, 0xc0,

    /* U+043B "л" */
    0x0, 0x27, 0xff, 0xd0, 0x0, 0x10, 0xf, 0xf1,
    0x83, 0x7f, 0xcc, 0x1, 0x84, 0x4, 0x3, 0xf7,
    0x7, 0x0, 0x7e, 0x30, 0x30, 0xf, 0xcc, 0xc,
    0x1, 0xf8, 0xc0, 0x80, 0x3e, 0x30, 0x11, 0x0,
    0x79, 0xf4, 0x10, 0x3, 0xee, 0x11, 0x40, 0x7,
    0xd3, 0xbc, 0x40, 0x1a, 0x7e, 0x0,

    /* U+043C "м" */
    0x9f, 0x60, 0xf, 0x17, 0xf0, 0x2, 0xc0, 0x3d,
    0x0, 0x18, 0x98, 0x3, 0x12, 0x80, 0x75, 0x80,
    0x68, 0x0, 0xe1, 0x25, 0x0, 0x12, 0x88, 0x6,
    0x90, 0x80, 0x5, 0x84, 0x80, 0x61, 0x72, 0x52,
    0x63, 0x50, 0xe, 0x90, 0x8b, 0x9, 0x0, 0xf0,
    0xb1, 0x31, 0x28, 0x7, 0xd0, 0x0, 0x80, 0xf,
    0xc2, 0xc4, 0xa0, 0x18,

    /* U+043D "н" */
    0x9f, 0x70, 0xc, 0x9f, 0xa0, 0x1f, 0xfd, 0xe8,
    0xff, 0xd6, 0x1, 0xff, 0xc2, 0x8f, 0xfd, 0x60,
    0x1f, 0xfd, 0x40,

    /* U+043E "о" */
    0x0, 0x9b, 0x3f, 0xda, 0xe0, 0x1d, 0x72, 0x60,
    0x2, 0x8d, 0x10, 0x3, 0xa0, 0x57, 0xfa, 0xc4,
    0xac, 0x1, 0x21, 0xa, 0x0, 0x4a, 0x5, 0x12,
    0x10, 0x60, 0xc, 0x82, 0xa, 0x20, 0x1, 0x0,
    0xe3, 0x2, 0x20, 0x0, 0x80, 0x38, 0xc0, 0x84,
    0x40, 0xa0, 0x19, 0x4, 0x14, 0x24, 0x21, 0x40,
    0x9, 0x40, 0xa2, 0xe, 0xa1, 0x5f, 0xeb, 0x13,
    0xb0, 0xa, 0xa4, 0xc0, 0x5, 0x18, 0x20,

    /* U+043F "п" */
    0x9f, 0xff, 0xd0, 0x1, 0xff, 0xc0, 0x8f, 0xfc,
    0xc0, 0x1f, 0xff, 0xf0, 0xf, 0x80,

    /* U+0440 "р" */
    0x9f, 0x59, 0xef, 0xe8, 0x10, 0xd, 0x4c, 0x23,
    0x3e, 0x8, 0x6, 0xaf, 0xec, 0x12, 0xb0, 0x9,
    0x94, 0x0, 0x74, 0xa, 0x20, 0xc, 0x0, 0xc8,
    0x0, 0x50, 0x0, 0x80, 0x71, 0x0, 0x80, 0x4,
    0x3, 0x88, 0x4, 0x1, 0x80, 0x19, 0x0, 0xa,
    0x0, 0x66, 0x0, 0xe, 0x81, 0x44, 0x2, 0x9f,
    0xec, 0x12, 0xb0, 0x9, 0x98, 0x23, 0x36, 0x8,
    0x5, 0xd3, 0xdf, 0xd2, 0x20, 0x1f, 0xfe, 0x20,

    /* U+0441 "с" */
    0x0, 0x9b, 0x3f, 0xda, 0xe0, 0x1a, 0xe4, 0xc0,
    0x5, 0x18, 0x0, 0x74, 0xa, 0xff, 0x48, 0x1b,
    0x84, 0x84, 0x28, 0x1, 0xa5, 0xd0, 0x44, 0xa,
    0x1, 0x9a, 0xc, 0x80, 0x4, 0x1, 0xf1, 0x0,
    0x8, 0x3, 0xe1, 0x10, 0x28, 0x6, 0x57, 0x30,
    0x90, 0x85, 0x0, 0x2d, 0x42, 0x83, 0xa0, 0x57,
    0xfa, 0x81, 0x18, 0x1, 0x72, 0x60, 0x3, 0x8b,
    0x0,

    /* U+0442 "т" */
    0x8f, 0xff, 0xee, 0x22, 0x80, 0x2, 0x45, 0x36,
    0xec, 0x41, 0x5b, 0xb0, 0x7, 0xff, 0xfc, 0x3,
    0x80,

    /* U+0443 "у" */
    0x8f, 0xa0, 0xe, 0x8f, 0xaa, 0x2, 0x88, 0x6,
    0x50, 0xe2, 0x40, 0x70, 0x8, 0xc8, 0x88, 0x1c,
    0x14, 0x1, 0x50, 0x28, 0x1, 0x44, 0xc8, 0x0,
    0xe1, 0x40, 0x13, 0x5, 0x82, 0x89, 0x90, 0x5,
    0x40, 0xe1, 0xc1, 0x40, 0x18, 0x8c, 0x59, 0x1,
    0x80, 0x3a, 0x42, 0x41, 0x40, 0x3c, 0xa2, 0x0,
    0xe0, 0xf, 0x9c, 0x5, 0x0, 0x3e, 0x10, 0x60,
    0xf, 0xcc, 0x14, 0x1, 0xf1, 0x89, 0x90, 0x7,
    0xd4, 0x14, 0x1, 0xf9, 0xc1, 0xc0, 0x38,

    /* U+0444 "ф" */
    0x0, 0xf4, 0x7a, 0x80, 0x7f, 0xf6, 0xd2, 0xad,
    0x42, 0x2e, 0x4c, 0x3, 0xa6, 0xd5, 0x8, 0x9,
    0x1b, 0x18, 0x2, 0x56, 0x7, 0xc6, 0x8, 0xc6,
    0x9, 0x30, 0x4, 0x3, 0xc1, 0x88, 0x11, 0xca,
    0x84, 0x80, 0x90, 0x48, 0x7, 0xdc, 0x8, 0x6,
    0x0, 0x10, 0xf, 0x94, 0x4, 0x3, 0xff, 0x88,
    0x60, 0x2, 0x0, 0xf9, 0x40, 0x40, 0x4c, 0x2c,
    0x3, 0xef, 0x4, 0x0, 0x48, 0x34, 0xa1, 0x6,
    0xa5, 0x20, 0x48, 0x1, 0x5c, 0x1a, 0xd4, 0x1e,
    0xd4, 0x28, 0xc0, 0x28, 0xc6, 0x42, 0x3, 0x47,
    0xd5, 0x0, 0xe3, 0x9b, 0x50, 0x9b, 0x82, 0x0,
    0xff, 0xf2, 0x0,

    /* U+0445 "х" */
    0x5f, 0xf1, 0x0, 0x47, 0xfe, 0x35, 0x60, 0xe0,
    0xb, 0x41, 0xcc, 0x24, 0x8e, 0x2, 0x84, 0xe0,
    0x2, 0xe0, 0x79, 0x50, 0xe0, 0xc, 0x70, 0xc,
    0x14, 0x40, 0x1c, 0xe2, 0x4, 0xa0, 0x1e, 0x81,
    0x2, 0x60, 0xe, 0x47, 0x8, 0x9, 0x20, 0x8,
    0x68, 0x21, 0xdc, 0x1e, 0x1, 0x50, 0xa3, 0x84,
    0x11, 0x24, 0x19, 0x6, 0x80, 0x2f, 0x6, 0x50,

    /* U+0446 "ц" */
    0x9f, 0x70, 0xd, 0x3f, 0x0, 0x1f, 0xff, 0xf0,
    0xf, 0xfe, 0x6c, 0x7f, 0xe6, 0x7, 0xf9, 0x0,
    0xff, 0xe0, 0x4f, 0xff, 0xe8, 0x0, 0xff, 0xe5,
    0xbf, 0x40,

    /* U+0447 "ч" */
    0x3f, 0xe0, 0xc, 0x7f, 0xc0, 0x1f, 0xfc, 0x81,
    0x1, 0x0, 0xf8, 0xc0, 0x4, 0x1, 0xe1, 0x20,
    0x92, 0x2, 0xa0, 0xa, 0x41, 0x37, 0xf5, 0x80,
    0x24, 0xc5, 0x33, 0x2c, 0x0, 0x63, 0xac, 0xc5,
    0x20, 0x7, 0xff, 0x28,

    /* U+0448 "ш" */
    0x9f, 0x60, 0x1, 0xfe, 0x0, 0x5b, 0xe6, 0x1,
    0xff, 0xff, 0x0, 0xff, 0xed, 0xc6, 0xec, 0x7,
    0xbb, 0x10, 0x6, 0x12, 0x20, 0x80, 0x8, 0xa0,
    0x8,

    /* U+0449 "щ" */
    0x9f, 0x60, 0x1, 0xfe, 0x0, 0x5b, 0xe6, 0x1,
    0xff, 0xff, 0x0, 0xff, 0xf2, 0x46, 0xec, 0x7,
    0xbb, 0x10, 0x6a, 0x0, 0x4, 0x88, 0x20, 0x2,
    0x28, 0x0, 0x22, 0x9f, 0xff, 0xf8, 0xc0, 0x3f,
    0xfa, 0x3b, 0xca,

    /* U+044A "ъ" */
    0x9f, 0xf8, 0x3, 0xef, 0x50, 0xf, 0xe6, 0xb0,
    0xf, 0xfe, 0x67, 0xfe, 0xc5, 0x0, 0xe5, 0x58,
    0xcd, 0x4a, 0x1, 0xaa, 0xac, 0x70, 0x90, 0xf,
    0xd8, 0x4, 0x1, 0xfb, 0x0, 0x80, 0x35, 0x55,
    0x8e, 0x12, 0x1, 0x95, 0x63, 0x35, 0x28,

    /* U+044B "ы" */
    0x9f, 0x70, 0xf, 0x17, 0xf0, 0x7, 0xff, 0x6a,
    0x3f, 0xeb, 0x30, 0xf, 0x12, 0xa8, 0x93, 0x8,
    0x3, 0xaa, 0xad, 0x30, 0xa0, 0xf, 0xe4, 0x2,
    0x0, 0xfe, 0x40, 0x20, 0xe, 0xaa, 0xb4, 0xc2,
    0x80, 0x38, 0x95, 0x44, 0x98, 0x40, 0x10,

    /* U+044C "ь" */
    0x9f, 0x70, 0xf, 0xfe, 0xdc, 0x7f, 0xdd, 0x22,
    0x1, 0x12, 0xa9, 0x5, 0xb4, 0x2, 0xaa, 0xaf,
    0x40, 0xcc, 0x1, 0xe2, 0x20, 0x30, 0x7, 0x84,
    0x81, 0x80, 0x15, 0x55, 0xf8, 0x19, 0x80, 0x4,
    0xaa, 0x40, 0x6d, 0x0,

    /* U+044D "э" */
    0x0, 0x25, 0xf7, 0xf4, 0x88, 0x4, 0xf6, 0x82,
    0x2, 0xde, 0x40, 0x50, 0xd, 0xdf, 0xa8, 0x3e,
    0x5, 0x93, 0x21, 0x2, 0xb1, 0x24, 0x3, 0x60,
    0x7a, 0xa8, 0x0, 0x60, 0x1b, 0x15, 0x61, 0xe,
    0x0, 0xd7, 0xff, 0x18, 0x8, 0xa2, 0xc0, 0x31,
    0x18, 0x60, 0xb2, 0x50, 0x81, 0xf8, 0x12, 0x5,
    0x2, 0xf7, 0xe1, 0xf, 0x0, 0x13, 0x14, 0x40,
    0x5b, 0xcc, 0x0,

    /* U+044E "ю" */
    0x9f, 0x70, 0x8, 0xab, 0xbf, 0xa8, 0xc0, 0x3e,
    0x4d, 0x51, 0x1, 0x5c, 0x50, 0xf, 0x50, 0x2f,
    0x7f, 0x28, 0x50, 0x80, 0x65, 0x12, 0xa1, 0x1,
    0xa2, 0x9, 0x0, 0x47, 0xd0, 0x28, 0x7, 0x28,
    0x18, 0x7, 0xbc, 0x3, 0xb8, 0x1c, 0x0, 0xfd,
    0x21, 0xe0, 0x1d, 0xc0, 0xe0, 0xf, 0x17, 0x5,
    0x0, 0xe5, 0x3, 0x0, 0xc2, 0xa5, 0x42, 0x3,
    0x44, 0x12, 0x1, 0xd6, 0x4b, 0xdf, 0xca, 0x14,
    0x20, 0x1c, 0x38, 0xc2, 0x2, 0xb8, 0xa0,

    /* U+044F "я" */
    0x0, 0x26, 0x7f, 0xf8, 0x41, 0x2c, 0xcc, 0xab,
    0x0, 0x68, 0x6, 0xca, 0xa8, 0x3, 0x10, 0x68,
    0x7, 0xe2, 0xd, 0x0, 0xfd, 0x20, 0xd9, 0x55,
    0x0, 0x65, 0xa1, 0x35, 0x58, 0x3, 0x90, 0x43,
    0x7f, 0xc0, 0x1d, 0x60, 0xe4, 0x1, 0xe4, 0x51,
    0x80, 0xf, 0xa4, 0x2c, 0x3, 0xe0,

    /* U+0450 "ѐ" */
    0x0, 0xdd, 0x80, 0x1f, 0xe9, 0x32, 0x0, 0xfe,
    0x60, 0xb0, 0xf, 0xe1, 0xaf, 0x0, 0xff, 0x2b,
    0x0, 0x7e, 0x6c, 0xff, 0x6b, 0x80, 0x75, 0x49,
    0x89, 0x12, 0x30, 0x2, 0x75, 0x1c, 0xed, 0xe2,
    0x37, 0x0, 0x48, 0x41, 0x80, 0x6, 0x42, 0x80,
    0x44, 0x1b, 0x55, 0xb8, 0x8, 0x8, 0x0, 0x8a,
    0xbc, 0x0, 0x11, 0x0, 0x3b, 0xff, 0xe1, 0x21,
    0x6, 0x0, 0xc4, 0xe4, 0x0, 0x90, 0x85, 0x0,
    0x26, 0x44, 0x0, 0xe, 0xa1, 0x5f, 0xeb, 0x12,
    0xb0, 0xa, 0xa8, 0x60, 0x2, 0x8d, 0x10,

    /* U+0451 "ё" */
    0x0, 0xbf, 0xc2, 0x1d, 0xe2, 0x1, 0xc2, 0x1,
    0xff, 0x77, 0x88, 0x77, 0x88, 0x7, 0x36, 0x7f,
    0xb5, 0xc0, 0x3a, 0xa4, 0xc4, 0x89, 0x18, 0x1,
    0x3a, 0x8e, 0x76, 0xf1, 0x1b, 0x80, 0x24, 0x20,
    0xc0, 0x3, 0x21, 0x40, 0x22, 0xd, 0xaa, 0xdc,
    0x4, 0x4, 0x0, 0x45, 0x5e, 0x0, 0x8, 0x80,
    0x1d, 0xff, 0xf0, 0x90, 0x83, 0x0, 0x62, 0x72,
    0x0, 0x48, 0x42, 0x80, 0x13, 0x22, 0x0, 0x7,
    0x50, 0xaf, 0xf5, 0x89, 0x58, 0x5, 0x54, 0x30,
    0x1, 0x46, 0x88, 0x0,

    /* U+0452 "ђ" */
    0x9, 0xf4, 0x0, 0xfd, 0x8c, 0x17, 0xee, 0x1,
    0xe4, 0x20, 0x45, 0x30, 0xf, 0x42, 0x7, 0xe4,
    0xff, 0xac, 0xc0, 0x3a, 0x64, 0x40, 0x4, 0xc2,
    0x0, 0xc4, 0xdd, 0xf6, 0x21, 0x0, 0x18, 0xa4,
    0x41, 0x20, 0x10, 0x3, 0x20, 0x6, 0x40, 0x11,
    0x0, 0x42, 0x1, 0x88, 0x3, 0xff, 0xe9, 0x3f,
    0x0, 0x1f, 0xfc, 0xf6, 0xb0, 0x0, 0x80, 0x7d,
    0x48, 0x12, 0x1, 0xfb, 0x37, 0x98, 0x0,

    /* U+0453 "ѓ" */
    0x0, 0xdf, 0x40, 0x1c, 0xc1, 0x20, 0x1d, 0x44,
    0x60, 0x1d, 0x72, 0x1, 0xe7, 0x40, 0xa, 0x7f,
    0xfe, 0x0, 0xff, 0x47, 0xff, 0x0, 0x7f, 0xfd,
    0x0,

    /* U+0454 "є" */
    0x0, 0x9b, 0x3f, 0xda, 0xe0, 0x1a, 0xe4, 0xc0,
    0x5, 0x18, 0x0, 0x74, 0x1b, 0xff, 0x50, 0x9c,
    0x4, 0x85, 0xa0, 0x1, 0x76, 0xa4, 0x84, 0x3a,
    0xaa, 0x13, 0x51, 0x10, 0x1, 0x15, 0x60, 0xc,
    0x20, 0xc, 0xff, 0x84, 0x2, 0x21, 0xb, 0x0,
    0xcf, 0x48, 0x12, 0xe, 0xc0, 0x5, 0x85, 0x10,
    0x74, 0x9, 0xff, 0x50, 0x2a, 0x80, 0x17, 0x26,
    0x0, 0x39, 0xa0,

    /* U+0455 "ѕ" */
    0x0, 0x25, 0xff, 0xba, 0x88, 0x0, 0xb6, 0x82,
    0x42, 0xba, 0x61, 0x20, 0xfd, 0xbc, 0x61, 0x0,
    0x17, 0x80, 0x7, 0xaa, 0x42, 0x82, 0x36, 0x10,
    0x94, 0x81, 0xb1, 0x49, 0xef, 0xe0, 0x2, 0x3a,
    0xfb, 0x71, 0x79, 0x5, 0x70, 0x2, 0x45, 0x3,
    0x85, 0x44, 0x80, 0x58, 0x4, 0x12, 0xd, 0xfb,
    0xce, 0x12, 0xd, 0x88, 0x24, 0x9, 0x6a,

    /* U+0456 "і" */
    0x6f, 0xb0, 0x9, 0xbe, 0xdb, 0xec, 0x3, 0xff,
    0xa4,

    /* U+0457 "ї" */
    0x6f, 0xa0, 0x5f, 0xa3, 0x3, 0x0, 0xcb, 0xf2,
    0xb, 0xf4, 0x0, 0x6f, 0xb0, 0xf, 0xff, 0xe0,

    /* U+0458 "ј" */
    0x0, 0xbf, 0xc0, 0x1f, 0xef, 0xf0, 0x6, 0xff,
    0x0, 0x7f, 0xfe, 0x44, 0x3, 0x9c, 0x2, 0x3f,
    0x90, 0x30, 0xc, 0x7c, 0x0,

    /* U+0459 "љ" */
    0x0, 0x27, 0xff, 0xc0, 0x1f, 0xc2, 0x1, 0xff,
    0xc4, 0x30, 0x6f, 0xf7, 0x0, 0x7f, 0xc2, 0x2,
    0x1, 0xff, 0xc2, 0xe0, 0xe0, 0xe, 0xff, 0xba,
    0x0, 0x31, 0x81, 0x80, 0x72, 0xa9, 0x5, 0xe8,
    0x2, 0x60, 0x60, 0xe, 0xaa, 0x5e, 0x2, 0x88,
    0x0, 0x80, 0x80, 0x2, 0x1, 0xc6, 0x0, 0x30,
    0x21, 0x18, 0x3, 0xf2, 0x0, 0xd, 0xb0, 0x10,
    0x3, 0xd7, 0x57, 0x60, 0x51, 0xf1, 0x14, 0x0,
    0x79, 0x15, 0x5, 0xe8, 0x27, 0x78, 0x80, 0x37,
    0xff, 0x74, 0x0, 0x0,

    /* U+045A "њ" */
    0x9f, 0x70, 0xa, 0x7e, 0x0, 0x3f, 0xfd, 0x31,
    0xff, 0x30, 0x3f, 0xfd, 0x66, 0x1, 0x12, 0xac,
    0x40, 0x4a, 0xa2, 0x4c, 0x20, 0x5, 0x56, 0x40,
    0x5a, 0xa6, 0xa0, 0x58, 0x7, 0xff, 0x3, 0x0,
    0xc0, 0x3c, 0x20, 0x1d, 0x60, 0x40, 0x1f, 0x96,
    0xa9, 0xa6, 0x14, 0x1, 0xf8, 0x95, 0x44, 0x78,
    0x40,

    /* U+045B "ћ" */
    0x9, 0xf4, 0x0, 0xfd, 0x8c, 0x17, 0xee, 0x1,
    0xe4, 0x10, 0x35, 0x30, 0xf, 0x43, 0x84, 0x6c,
    0xff, 0xac, 0x80, 0x3a, 0x60, 0x80, 0x9, 0xa4,
    0x1, 0x89, 0xbb, 0xec, 0x42, 0x0, 0x31, 0x48,
    0x82, 0x40, 0x20, 0x6, 0x40, 0xc, 0x80, 0x22,
    0x0, 0x84, 0x3, 0x10, 0x7, 0xff, 0xcc,

    /* U+045C "ќ" */
    0x0, 0xd5, 0xe0, 0x1f, 0xa, 0xb0, 0x7, 0xcc,
    0x14, 0x1, 0xf1, 0x49, 0x80, 0x7c, 0xac, 0x1,
    0xd3, 0xf0, 0x1, 0x57, 0xf0, 0x80, 0x73, 0xa8,
    0x68, 0x80, 0x64, 0x80, 0x93, 0x0, 0xc3, 0x40,
    0xcc, 0x0, 0xed, 0x14, 0x90, 0xe, 0x63, 0x9,
    0x0, 0xf3, 0x18, 0x70, 0x7, 0xda, 0x47, 0x60,
    0x1e, 0x1f, 0x14, 0xa0, 0xf, 0x15, 0x2, 0xc0,
    0x7, 0x92, 0x41, 0xd8,

    /* U+045D "ѝ" */
    0x0, 0x93, 0xd8, 0x3, 0xe4, 0x2a, 0x0, 0xfd,
    0x46, 0x60, 0xf, 0x9a, 0x0, 0x3f, 0xb, 0x98,
    0x5, 0x3e, 0xc0, 0x1a, 0x3e, 0x0, 0x3c, 0x8e,
    0x1, 0xf0, 0xd0, 0x7, 0xea, 0x12, 0x0, 0xf3,
    0x22, 0xa8, 0x3, 0x8a, 0x46, 0xc0, 0x38, 0x7c,
    0x28, 0x40, 0x3a, 0x49, 0xd0, 0x3, 0xc2, 0x50,
    0x1, 0xfb, 0xc0, 0x3f, 0x41, 0x0, 0x78,

    /* U+045E "ў" */
    0x0, 0xa5, 0x40, 0x12, 0xa0, 0x1c, 0x95, 0x7a,
    0xc0, 0x1e, 0xc4, 0x41, 0xc2, 0x80, 0x70, 0xdf,
    0xf3, 0x80, 0x51, 0xf4, 0x1, 0xd1, 0xf5, 0x40,
    0x51, 0x0, 0xca, 0x1c, 0x48, 0xe, 0x1, 0x19,
    0x11, 0x3, 0x82, 0x80, 0x2a, 0x5, 0x0, 0x28,
    0x99, 0x0, 0x1c, 0x28, 0x2, 0x60, 0xb0, 0x51,
    0x32, 0x0, 0xa8, 0x1c, 0x38, 0x28, 0x3, 0x11,
    0x8b, 0x20, 0x30, 0x7, 0x48, 0x48, 0x28, 0x7,
    0x94, 0x40, 0x1c, 0x1, 0xf3, 0x80, 0xa0, 0x7,
    0xc2, 0xc, 0x1, 0xf9, 0x82, 0x80, 0x3e, 0x31,
    0x32, 0x0, 0xfa, 0x82, 0x80, 0x3f, 0x38, 0x38,
    0x7, 0x0,

    /* U+045F "џ" */
    0x9f, 0x70, 0xd, 0x3f, 0x0, 0x1f, 0xff, 0xf0,
    0xf, 0xa3, 0xff, 0x30, 0x7, 0xff, 0x2, 0x7f,
    0xe0, 0x6, 0xff, 0xa0, 0x3, 0xff, 0x85, 0xe,
    0x60, 0x10,

    /* U+0490 "Ґ" */
    0x0, 0xf8, 0xa1, 0x80, 0x3e, 0x67, 0xa0, 0xf,
    0xf4, 0xff, 0xfa, 0xc0, 0x3f, 0xf8, 0x51, 0xff,
    0xec, 0x0, 0xff, 0xff, 0x80, 0x7f, 0xf5, 0xc0,

    /* U+0491 "ґ" */
    0x0, 0xe1, 0xff, 0x0, 0x7e, 0x9f, 0xfd, 0xc0,
    0x1f, 0xfc, 0x8, 0xff, 0xe0, 0xf, 0xff, 0xa0,

    /* U+04AE "Ү" */
    0xbf, 0xb0, 0xf, 0x6f, 0xcc, 0x81, 0x14, 0x3,
    0x39, 0xc, 0x93, 0x85, 0x80, 0x43, 0x1, 0x0,
    0x8, 0x11, 0x40, 0x2, 0xc0, 0xd8, 0x2, 0xb0,
    0x72, 0x45, 0xf, 0x0, 0xca, 0x81, 0x32, 0x6,
    0x30, 0xe, 0x90, 0x42, 0x18, 0x0, 0xf1, 0x38,
    0x2, 0x4, 0x3, 0xea, 0x0, 0x30, 0x7, 0xff,
    0xd0,

    /* U+04AF "ү" */
    0x6f, 0xb0, 0xe, 0xef, 0x27, 0x4, 0x10, 0x9,
    0x4, 0x88, 0x28, 0xe, 0x1, 0x68, 0x50, 0x3,
    0x83, 0x40, 0x26, 0x6, 0x0, 0x28, 0x20, 0x82,
    0x82, 0x8, 0x4, 0xc0, 0xe1, 0xe1, 0xa0, 0x1b,
    0x42, 0x81, 0x41, 0x80, 0x32, 0x9, 0xb8, 0x28,
    0x7, 0x98, 0x20, 0x38, 0x3, 0xd4, 0x0, 0x14,
    0x0, 0xf1, 0x10, 0x1c, 0x3, 0xf3, 0x7, 0x0,
    0x7f, 0xf4, 0xb9, 0xd0, 0x3, 0x0,

    /* U+04BA "Һ" */
    0x9f, 0x80, 0xf, 0xff, 0x51, 0x57, 0x7f, 0xb6,
    0x0, 0x32, 0xa8, 0x40, 0x4, 0xf8, 0x1, 0x15,
    0x77, 0xf4, 0x1, 0xb0, 0x1, 0x54, 0x20, 0x2e,
    0xc1, 0x40, 0x1f, 0xb4, 0x8, 0x3, 0xf3, 0x80,
    0x80, 0x7f, 0xf5, 0x40,

    /* U+04BB "һ" */
    0x7f, 0xa0, 0xf, 0xfe, 0x88, 0xc6, 0x6d, 0xb8,
    0x6, 0x47, 0x32, 0x48, 0xb0, 0x8, 0xaf, 0xfd,
    0x20, 0x88, 0x0, 0x3a, 0x0, 0x19, 0x3, 0x0,
    0x3e, 0x30, 0x10, 0xf, 0xbc, 0xc, 0x3, 0xff,
    0x90,

    /* U+04E8 "Ө" */
    0x0, 0xcf, 0x9f, 0xee, 0xb6, 0x0, 0xf1, 0xf4,
    0x18, 0x0, 0x52, 0x70, 0x40, 0x22, 0xd1, 0x2b,
    0xff, 0x74, 0x89, 0xe0, 0x5, 0x2, 0x5a, 0x80,
    0x1, 0x6c, 0x12, 0x70, 0x15, 0x9, 0x0, 0xf1,
    0x48, 0x50, 0x28, 0x1, 0x44, 0x7e, 0x30, 0x21,
    0x20, 0x7, 0x77, 0xeb, 0x0, 0x18, 0x7, 0xff,
    0xc, 0x80, 0x1f, 0xff, 0xb4, 0x0, 0x6a, 0x0,
    0x40, 0xf, 0x94, 0x8, 0x44, 0xa1, 0x20, 0x1e,
    0x28, 0xa, 0x0, 0x40, 0x96, 0xa0, 0x0, 0x5b,
    0x0, 0x9c, 0x0, 0x5a, 0x25, 0x7f, 0xee, 0x91,
    0x3c, 0x0, 0xc7, 0xd0, 0x60, 0x1, 0x49, 0xc1,
    0x0, 0x0,

    /* U+04E9 "ө" */
    0x0, 0x9b, 0x3f, 0xda, 0xe0, 0x1d, 0x72, 0x60,
    0x2, 0x8d, 0x10, 0x3, 0xa0, 0x57, 0xfa, 0xc4,
    0xac, 0x1, 0x21, 0xa, 0x0, 0x4a, 0x5, 0x12,
    0x10, 0xca, 0xad, 0xc0, 0x5, 0x10, 0x2, 0x2a,
    0xf0, 0x0, 0x88, 0x0, 0xdf, 0xfe, 0x10, 0x21,
    0x10, 0x28, 0x6, 0x41, 0x5, 0x9, 0x8, 0x50,
    0x2, 0x50, 0x28, 0x83, 0xa8, 0x57, 0xfa, 0xc4,
    0xec, 0x2, 0xa9, 0x30, 0x1, 0x46, 0x8, 0x0,

    /* U+2013 "–" */
    0x8a, 0xaf, 0x99, 0x15, 0x7e, 0xf0,

    /* U+2014 "—" */
    0x8a, 0xaf, 0xfe, 0x2, 0x21, 0x57, 0xff, 0x80,
    0x40,

    /* U+2018 "‘" */
    0x8f, 0xa0, 0xc, 0x9d, 0xc7, 0x56, 0x68,

    /* U+2019 "’" */
    0x6f, 0xd0, 0x9, 0x15, 0x9d, 0x3d, 0x79, 0x0,

    /* U+201C "“" */
    0x0, 0xfa, 0xec, 0x15, 0x88, 0xd6, 0x69, 0xa4,
    0x2a, 0xe6, 0x80, 0x70, 0x25, 0x60, 0x1e,

    /* U+201D "”" */
    0x6f, 0xd5, 0xfe, 0x0, 0xf2, 0x2b, 0x23, 0x1b,
    0xa7, 0x93, 0xc2, 0xf2, 0x1f, 0x28,

    /* U+2022 "•" */
    0x0, 0x21, 0x80, 0xb, 0x6f, 0x2c, 0x20, 0x80,
    0x8, 0xcc, 0x0, 0xdc, 0x80, 0x1b, 0x21, 0x80,
    0x65, 0x0,

    /* U+2026 "…" */
    0x13, 0x20, 0x1, 0x90, 0x0, 0xcc, 0xf, 0x9e,
    0x9, 0x9a, 0x5, 0x98, 0x10, 0xf, 0xfe, 0x0,

    /* U+2212 "−" */
    0x0, 0xfe, 0xef, 0xff, 0x9d, 0xca, 0xbf, 0x18
};


/*---------------------
 *  GLYPH DESCRIPTION
 *--------------------*/

static const lv_font_fmt_txt_glyph_dsc_t glyph_dsc[] = {
    {.bitmap_index = 0, .adv_w = 0, .box_w = 0, .box_h = 0, .ofs_x = 0, .ofs_y = 0} /* id = 0 reserved */,
    {.bitmap_index = 0, .adv_w = 64, .box_w = 0, .box_h = 0, .ofs_x = 0, .ofs_y = 0},
    {.bitmap_index = 0, .adv_w = 110, .box_w = 3, .box_h = 14, .ofs_x = 2, .ofs_y = 0},
    {.bitmap_index = 11, .adv_w = 141, .box_w = 6, .box_h = 4, .ofs_x = 1, .ofs_y = 10},
    {.bitmap_index = 20, .adv_w = 297, .box_w = 17, .box_h = 14, .ofs_x = 1, .ofs_y = 0},
    {.bitmap_index = 114, .adv_w = 197, .box_w = 12, .box_h = 19, .ofs_x = 0, .ofs_y = -2},
    {.bitmap_index = 212, .adv_w = 288, .box_w = 16, .box_h = 15, .ofs_x = 1, .ofs_y = -1},
    {.bitmap_index = 320, .adv_w = 212, .box_w = 13, .box_h = 14, .ofs_x = 1, .ofs_y = 0},
    {.bitmap_index = 406, .adv_w = 78, .box_w = 3, .box_h = 4, .ofs_x = 1, .ofs_y = 10},
    {.bitmap_index = 411, .adv_w = 142, .box_w = 7, .box_h = 21, .ofs_x = 2, .ofs_y = -4},
    {.bitmap_index = 474, .adv_w = 142, .box_w = 7, .box_h = 21, .ofs_x = 0, .ofs_y = -4},
    {.bitmap_index = 534, .adv_w = 146, .box_w = 8, .box_h = 7, .ofs_x = 0, .ofs_y = 7},
    {.bitmap_index = 562, .adv_w = 184, .box_w = 10, .box_h = 9, .ofs_x = 1, .ofs_y = 3},
    {.bitmap_index = 586, .adv_w = 93, .box_w = 3, .box_h = 6, .ofs_x = 1, .ofs_y = -3},
    {.bitmap_index = 595, .adv_w = 134, .box_w = 7, .box_h = 2, .ofs_x = 1, .ofs_y = 5},
    {.bitmap_index = 600, .adv_w = 92, .box_w = 3, .box_h = 3, .ofs_x = 1, .ofs_y = 0},
    {.bitmap_index = 605, .adv_w = 134, .box_w = 7, .box_h = 14, .ofs_x = 1, .ofs_y = 0},
    {.bitmap_index = 648, .adv_w = 205, .box_w = 11, .box_h = 14, .ofs_x = 1, .ofs_y = 0},
    {.bitmap_index = 702, .adv_w = 135, .box_w = 6, .box_h = 14, .ofs_x = 1, .ofs_y = 0},
    {.bitmap_index = 718, .adv_w = 188, .box_w = 10, .box_h = 14, .ofs_x = 1, .ofs_y = 0},
    {.bitmap_index = 780, .adv_w = 183, .box_w = 11, .box_h = 14, .ofs_x = 0, .ofs_y = 0},
    {.bitmap_index = 843, .adv_w = 193, .box_w = 11, .box_h = 14, .ofs_x = 1, .ofs_y = 0},
    {.bitmap_index = 899, .adv_w = 187, .box_w = 10, .box_h = 14, .ofs_x = 1, .ofs_y = 0},
    {.bitmap_index = 960, .adv_w = 199, .box_w = 11, .box_h = 14, .ofs_x = 1, .ofs_y = 0},
    {.bitmap_index = 1032, .adv_w = 167, .box_w = 10, .box_h = 14, .ofs_x = 0, .ofs_y = 0},
    {.bitmap_index = 1081, .adv_w = 192, .box_w = 10, .box_h = 14, .ofs_x = 1, .ofs_y = 0},
    {.bitmap_index = 1149, .adv_w = 199, .box_w = 11, .box_h = 14, .ofs_x = 1, .ofs_y = 0},
    {.bitmap_index = 1221, .adv_w = 105, .box_w = 3, .box_h = 8, .ofs_x = 2, .ofs_y = 1},
    {.bitmap_index = 1233, .adv_w = 106, .box_w = 3, .box_h = 14, .ofs_x = 2, .ofs_y = -3},
    {.bitmap_index = 1251, .adv_w = 201, .box_w = 7, .box_h = 10, .ofs_x = 2, .ofs_y = 1},
    {.bitmap_index = 1284, .adv_w = 240, .box_w = 11, .box_h = 5, .ofs_x = 2, .ofs_y = 4},
    {.bitmap_index = 1300, .adv_w = 201, .box_w = 7, .box_h = 10, .ofs_x = 3, .ofs_y = 1},
    {.bitmap_index = 1334, .adv_w = 174, .box_w = 9, .box_h = 14, .ofs_x = 1, .ofs_y = 0},
    {.bitmap_index = 1386, .adv_w = 291, .box_w = 16, .box_h = 15, .ofs_x = 1, .ofs_y = -2},
    {.bitmap_index = 1499, .adv_w = 211, .box_w = 13, .box_h = 14, .ofs_x = 0, .ofs_y = 0},
    {.bitmap_index = 1572, .adv_w = 200, .box_w = 11, .box_h = 14, .ofs_x = 1, .ofs_y = 0},
    {.bitmap_index = 1626, .adv_w = 234, .box_w = 14, .box_h = 14, .ofs_x = 0, .ofs_y = 0},
    {.bitmap_index = 1705, .adv_w = 221, .box_w = 12, .box_h = 14, .ofs_x = 1, .ofs_y = 0},
    {.bitmap_index = 1759, .adv_w = 186, .box_w = 10, .box_h = 14, .ofs_x = 1, .ofs_y = 0},
    {.bitmap_index = 1787, .adv_w = 165, .box_w = 9, .box_h = 14, .ofs_x = 1, .ofs_y = 0},
    {.bitmap_index = 1814, .adv_w = 231, .box_w = 14, .box_h = 14, .ofs_x = 0, .ofs_y = 0},
    {.bitmap_index = 1901, .adv_w = 227, .box_w = 12, .box_h = 14, .ofs_x = 1, .ofs_y = 0},
    {.bitmap_index = 1921, .adv_w = 85, .box_w = 3, .box_h = 14, .ofs_x = 1, .ofs_y = 0},
    {.bitmap_index = 1926, .adv_w = 156, .box_w = 9, .box_h = 14, .ofs_x = 0, .ofs_y = 0},
    {.bitmap_index = 1951, .adv_w = 201, .box_w = 12, .box_h = 14, .ofs_x = 1, .ofs_y = 0},
    {.bitmap_index = 2010, .adv_w = 168, .box_w = 10, .box_h = 14, .ofs_x = 1, .ofs_y = 0},
    {.bitmap_index = 2023, .adv_w = 272, .box_w = 15, .box_h = 14, .ofs_x = 1, .ofs_y = 0},
    {.bitmap_index = 2099, .adv_w = 226, .box_w = 12, .box_h = 14, .ofs_x = 1, .ofs_y = 0},
    {.bitmap_index = 2151, .adv_w = 237, .box_w = 15, .box_h = 14, .ofs_x = 0, .ofs_y = 0},
    {.bitmap_index = 2240, .adv_w = 201, .box_w = 11, .box_h = 14, .ofs_x = 1, .ofs_y = 0},
    {.bitmap_index = 2284, .adv_w = 237, .box_w = 15, .box_h = 14, .ofs_x = 0, .ofs_y = 0},
    {.bitmap_index = 2374, .adv_w = 208, .box_w = 12, .box_h = 14, .ofs_x = 1, .ofs_y = 0},
    {.bitmap_index = 2431, .adv_w = 206, .box_w = 13, .box_h = 14, .ofs_x = 0, .ofs_y = 0},
    {.bitmap_index = 2515, .adv_w = 193, .box_w = 12, .box_h = 14, .ofs_x = 0, .ofs_y = 0},
    {.bitmap_index = 2533, .adv_w = 228, .box_w = 12, .box_h = 14, .ofs_x = 1, .ofs_y = 0},
    {.bitmap_index = 2573, .adv_w = 201, .box_w = 13, .box_h = 14, .ofs_x = 0, .ofs_y = 0},
    {.bitmap_index = 2649, .adv_w = 308, .box_w = 19, .box_h = 14, .ofs_x = 0, .ofs_y = 0},
    {.bitmap_index = 2770, .adv_w = 204, .box_w = 13, .box_h = 14, .ofs_x = 0, .ofs_y = 0},
    {.bitmap_index = 2849, .adv_w = 190, .box_w = 12, .box_h = 14, .ofs_x = 0, .ofs_y = 0},
    {.bitmap_index = 2898, .adv_w = 207, .box_w = 11, .box_h = 14, .ofs_x = 1, .ofs_y = 0},
    {.bitmap_index = 2951, .adv_w = 134, .box_w = 5, .box_h = 22, .ofs_x = 2, .ofs_y = -4},
    {.bitmap_index = 2968, .adv_w = 134, .box_w = 7, .box_h = 14, .ofs_x = 1, .ofs_y = 0},
    {.bitmap_index = 3009, .adv_w = 134, .box_w = 5, .box_h = 22, .ofs_x = 1, .ofs_y = -4},
    {.bitmap_index = 3027, .adv_w = 216, .box_w = 10, .box_h = 7, .ofs_x = 2, .ofs_y = 8},
    {.bitmap_index = 3058, .adv_w = 211, .box_w = 14, .box_h = 2, .ofs_x = 0, .ofs_y = -2},
    {.bitmap_index = 3066, .adv_w = 167, .box_w = 4, .box_h = 4, .ofs_x = 3, .ofs_y = 16},
    {.bitmap_index = 3074, .adv_w = 182, .box_w = 11, .box_h = 11, .ofs_x = 0, .ofs_y = 0},
    {.bitmap_index = 3135, .adv_w = 195, .box_w = 11, .box_h = 14, .ofs_x = 1, .ofs_y = 0},
    {.bitmap_index = 3195, .adv_w = 182, .box_w = 11, .box_h = 11, .ofs_x = 0, .ofs_y = 0},
    {.bitmap_index = 3252, .adv_w = 195, .box_w = 11, .box_h = 14, .ofs_x = 0, .ofs_y = 0},
    {.bitmap_index = 3311, .adv_w = 191, .box_w = 12, .box_h = 11, .ofs_x = 0, .ofs_y = 0},
    {.bitmap_index = 3374, .adv_w = 119, .box_w = 8, .box_h = 14, .ofs_x = 0, .ofs_y = 0},
    {.bitmap_index = 3402, .adv_w = 195, .box_w = 11, .box_h = 16, .ofs_x = 0, .ofs_y = -5},
    {.bitmap_index = 3482, .adv_w = 197, .box_w = 11, .box_h = 14, .ofs_x = 1, .ofs_y = 0},
    {.bitmap_index = 3518, .adv_w = 85, .box_w = 3, .box_h = 14, .ofs_x = 1, .ofs_y = 0},
    {.bitmap_index = 3527, .adv_w = 88, .box_w = 6, .box_h = 19, .ofs_x = -1, .ofs_y = -5},
    {.bitmap_index = 3548, .adv_w = 168, .box_w = 10, .box_h = 14, .ofs_x = 1, .ofs_y = 0},
    {.bitmap_index = 3594, .adv_w = 85, .box_w = 3, .box_h = 14, .ofs_x = 1, .ofs_y = 0},
    {.bitmap_index = 3599, .adv_w = 282, .box_w = 16, .box_h = 11, .ofs_x = 1, .ofs_y = 0},
    {.bitmap_index = 3646, .adv_w = 197, .box_w = 11, .box_h = 11, .ofs_x = 1, .ofs_y = 0},
    {.bitmap_index = 3679, .adv_w = 195, .box_w = 12, .box_h = 11, .ofs_x = 0, .ofs_y = 0},
    {.bitmap_index = 3742, .adv_w = 195, .box_w = 11, .box_h = 16, .ofs_x = 1, .ofs_y = -5},
    {.bitmap_index = 3806, .adv_w = 195, .box_w = 11, .box_h = 16, .ofs_x = 0, .ofs_y = -5},
    {.bitmap_index = 3867, .adv_w = 124, .box_w = 7, .box_h = 11, .ofs_x = 1, .ofs_y = 0},
    {.bitmap_index = 3888, .adv_w = 172, .box_w = 10, .box_h = 11, .ofs_x = 0, .ofs_y = 0},
    {.bitmap_index = 3943, .adv_w = 135, .box_w = 8, .box_h = 14, .ofs_x = 0, .ofs_y = 0},
    {.bitmap_index = 3974, .adv_w = 197, .box_w = 10, .box_h = 11, .ofs_x = 1, .ofs_y = 0},
    {.bitmap_index = 4005, .adv_w = 172, .box_w = 11, .box_h = 11, .ofs_x = 0, .ofs_y = 0},
    {.bitmap_index = 4058, .adv_w = 253, .box_w = 16, .box_h = 11, .ofs_x = 0, .ofs_y = 0},
    {.bitmap_index = 4144, .adv_w = 174, .box_w = 11, .box_h = 11, .ofs_x = 0, .ofs_y = 0},
    {.bitmap_index = 4200, .adv_w = 176, .box_w = 11, .box_h = 16, .ofs_x = 0, .ofs_y = -5},
    {.bitmap_index = 4271, .adv_w = 170, .box_w = 10, .box_h = 11, .ofs_x = 0, .ofs_y = 0},
    {.bitmap_index = 4314, .adv_w = 140, .box_w = 6, .box_h = 22, .ofs_x = 2, .ofs_y = -4},
    {.bitmap_index = 4350, .adv_w = 91, .box_w = 3, .box_h = 14, .ofs_x = 1, .ofs_y = 0},
    {.bitmap_index = 4355, .adv_w = 140, .box_w = 6, .box_h = 22, .ofs_x = 0, .ofs_y = -4},
    {.bitmap_index = 4393, .adv_w = 223, .box_w = 10, .box_h = 4, .ofs_x = 2, .ofs_y = 4},
    {.bitmap_index = 4413, .adv_w = 64, .box_w = 0, .box_h = 0, .ofs_x = 0, .ofs_y = 0},
    {.bitmap_index = 4413, .adv_w = 110, .box_w = 3, .box_h = 14, .ofs_x = 2, .ofs_y = -3},
    {.bitmap_index = 4424, .adv_w = 182, .box_w = 11, .box_h = 15, .ofs_x = 0, .ofs_y = -1},
    {.bitmap_index = 4495, .adv_w = 183, .box_w = 11, .box_h = 14, .ofs_x = 0, .ofs_y = 0},
    {.bitmap_index = 4547, .adv_w = 211, .box_w = 13, .box_h = 13, .ofs_x = 0, .ofs_y = 1},
    {.bitmap_index = 4627, .adv_w = 190, .box_w = 12, .box_h = 14, .ofs_x = 0, .ofs_y = 0},
    {.bitmap_index = 4702, .adv_w = 91, .box_w = 3, .box_h = 18, .ofs_x = 1, .ofs_y = -4},
    {.bitmap_index = 4717, .adv_w = 172, .box_w = 10, .box_h = 16, .ofs_x = 0, .ofs_y = -3},
    {.bitmap_index = 4798, .adv_w = 173, .box_w = 7, .box_h = 2, .ofs_x = 2, .ofs_y = 16},
    {.bitmap_index = 4805, .adv_w = 275, .box_w = 17, .box_h = 16, .ofs_x = 0, .ofs_y = -1},
    {.bitmap_index = 4931, .adv_w = 102, .box_w = 6, .box_h = 6, .ofs_x = 0, .ofs_y = 5},
    {.bitmap_index = 4950, .adv_w = 182, .box_w = 10, .box_h = 10, .ofs_x = 1, .ofs_y = 0},
    {.bitmap_index = 4999, .adv_w = 192, .box_w = 10, .box_h = 5, .ofs_x = 1, .ofs_y = 3},
    {.bitmap_index = 5012, .adv_w = 134, .box_w = 7, .box_h = 2, .ofs_x = 1, .ofs_y = 5},
    {.bitmap_index = 5017, .adv_w = 206, .box_w = 11, .box_h = 12, .ofs_x = 1, .ofs_y = 5},
    {.bitmap_index = 5080, .adv_w = 160, .box_w = 6, .box_h = 2, .ofs_x = 2, .ofs_y = 17},
    {.bitmap_index = 5085, .adv_w = 144, .box_w = 8, .box_h = 7, .ofs_x = 0, .ofs_y = 7},
    {.bitmap_index = 5114, .adv_w = 192, .box_w = 10, .box_h = 9, .ofs_x = 1, .ofs_y = 2},
    {.bitmap_index = 5147, .adv_w = 131, .box_w = 7, .box_h = 9, .ofs_x = 1, .ofs_y = 5},
    {.bitmap_index = 5178, .adv_w = 128, .box_w = 7, .box_h = 9, .ofs_x = 0, .ofs_y = 5},
    {.bitmap_index = 5210, .adv_w = 167, .box_w = 4, .box_h = 4, .ofs_x = 4, .ofs_y = 16},
    {.bitmap_index = 5219, .adv_w = 200, .box_w = 11, .box_h = 16, .ofs_x = 1, .ofs_y = -5},
    {.bitmap_index = 5257, .adv_w = 220, .box_w = 12, .box_h = 18, .ofs_x = 1, .ofs_y = -4},
    {.bitmap_index = 5302, .adv_w = 81, .box_w = 3, .box_h = 3, .ofs_x = 1, .ofs_y = 5},
    {.bitmap_index = 5307, .adv_w = 131, .box_w = 4, .box_h = 6, .ofs_x = 2, .ofs_y = -5},
    {.bitmap_index = 5320, .adv_w = 108, .box_w = 4, .box_h = 9, .ofs_x = 1, .ofs_y = 5},
    {.bitmap_index = 5330, .adv_w = 112, .box_w = 7, .box_h = 6, .ofs_x = 0, .ofs_y = 5},
    {.bitmap_index = 5350, .adv_w = 182, .box_w = 9, .box_h = 10, .ofs_x = 1, .ofs_y = 0},
    {.bitmap_index = 5395, .adv_w = 325, .box_w = 17, .box_h = 15, .ofs_x = 1, .ofs_y = 0},
    {.bitmap_index = 5493, .adv_w = 316, .box_w = 18, .box_h = 16, .ofs_x = 1, .ofs_y = -1},
    {.bitmap_index = 5600, .adv_w = 324, .box_w = 20, .box_h = 15, .ofs_x = 0, .ofs_y = 0},
    {.bitmap_index = 5724, .adv_w = 174, .box_w = 9, .box_h = 15, .ofs_x = 1, .ofs_y = -4},
    {.bitmap_index = 5778, .adv_w = 211, .box_w = 13, .box_h = 20, .ofs_x = 0, .ofs_y = 0},
    {.bitmap_index = 5870, .adv_w = 211, .box_w = 13, .box_h = 20, .ofs_x = 0, .ofs_y = 0},
    {.bitmap_index = 5962, .adv_w = 211, .box_w = 13, .box_h = 19, .ofs_x = 0, .ofs_y = 0},
    {.bitmap_index = 6055, .adv_w = 211, .box_w = 13, .box_h = 19, .ofs_x = 0, .ofs_y = 0},
    {.bitmap_index = 6150, .adv_w = 211, .box_w = 13, .box_h = 18, .ofs_x = 0, .ofs_y = 0},
    {.bitmap_index = 6237, .adv_w = 211, .box_w = 13, .box_h = 21, .ofs_x = 0, .ofs_y = 0},
    {.bitmap_index = 6337, .adv_w = 298, .box_w = 18, .box_h = 14, .ofs_x = 0, .ofs_y = 0},
    {.bitmap_index = 6418, .adv_w = 234, .box_w = 14, .box_h = 19, .ofs_x = 0, .ofs_y = -5},
    {.bitmap_index = 6519, .adv_w = 186, .box_w = 10, .box_h = 20, .ofs_x = 1, .ofs_y = 0},
    {.bitmap_index = 6565, .adv_w = 186, .box_w = 10, .box_h = 20, .ofs_x = 1, .ofs_y = 0},
    {.bitmap_index = 6612, .adv_w = 186, .box_w = 10, .box_h = 19, .ofs_x = 1, .ofs_y = 0},
    {.bitmap_index = 6661, .adv_w = 186, .box_w = 10, .box_h = 18, .ofs_x = 1, .ofs_y = 0},
    {.bitmap_index = 6704, .adv_w = 85, .box_w = 4, .box_h = 20, .ofs_x = 0, .ofs_y = 0},
    {.bitmap_index = 6721, .adv_w = 85, .box_w = 4, .box_h = 20, .ofs_x = 1, .ofs_y = 0},
    {.bitmap_index = 6737, .adv_w = 85, .box_w = 8, .box_h = 19, .ofs_x = -1, .ofs_y = 0},
    {.bitmap_index = 6763, .adv_w = 85, .box_w = 7, .box_h = 18, .ofs_x = -1, .ofs_y = 0},
    {.bitmap_index = 6783, .adv_w = 221, .box_w = 13, .box_h = 14, .ofs_x = 0, .ofs_y = 0},
    {.bitmap_index = 6850, .adv_w = 226, .box_w = 12, .box_h = 19, .ofs_x = 1, .ofs_y = 0},
    {.bitmap_index = 6925, .adv_w = 237, .box_w = 15, .box_h = 20, .ofs_x = 0, .ofs_y = 0},
    {.bitmap_index = 7037, .adv_w = 237, .box_w = 15, .box_h = 20, .ofs_x = 0, .ofs_y = 0},
    {.bitmap_index = 7149, .adv_w = 237, .box_w = 15, .box_h = 19, .ofs_x = 0, .ofs_y = 0},
    {.bitmap_index = 7259, .adv_w = 237, .box_w = 15, .box_h = 19, .ofs_x = 0, .ofs_y = 0},
    {.bitmap_index = 7371, .adv_w = 237, .box_w = 15, .box_h = 18, .ofs_x = 0, .ofs_y = 0},
    {.bitmap_index = 7474, .adv_w = 160, .box_w = 8, .box_h = 8, .ofs_x = 1, .ofs_y = 3},
    {.bitmap_index = 7507, .adv_w = 237, .box_w = 15, .box_h = 14, .ofs_x = 0, .ofs_y = 0},
    {.bitmap_index = 7610, .adv_w = 228, .box_w = 12, .box_h = 20, .ofs_x = 1, .ofs_y = 0},
    {.bitmap_index = 7669, .adv_w = 228, .box_w = 12, .box_h = 20, .ofs_x = 1, .ofs_y = 0},
    {.bitmap_index = 7729, .adv_w = 228, .box_w = 12, .box_h = 19, .ofs_x = 1, .ofs_y = 0},
    {.bitmap_index = 7791, .adv_w = 228, .box_w = 12, .box_h = 18, .ofs_x = 1, .ofs_y = 0},
    {.bitmap_index = 7846, .adv_w = 190, .box_w = 12, .box_h = 20, .ofs_x = 0, .ofs_y = 0},
    {.bitmap_index = 7914, .adv_w = 198, .box_w = 11, .box_h = 14, .ofs_x = 1, .ofs_y = 0},
    {.bitmap_index = 7962, .adv_w = 199, .box_w = 11, .box_h = 14, .ofs_x = 1, .ofs_y = 0},
    {.bitmap_index = 8024, .adv_w = 182, .box_w = 11, .box_h = 16, .ofs_x = 0, .ofs_y = 0},
    {.bitmap_index = 8101, .adv_w = 182, .box_w = 11, .box_h = 16, .ofs_x = 0, .ofs_y = 0},
    {.bitmap_index = 8178, .adv_w = 182, .box_w = 11, .box_h = 16, .ofs_x = 0, .ofs_y = 0},
    {.bitmap_index = 8261, .adv_w = 182, .box_w = 11, .box_h = 16, .ofs_x = 0, .ofs_y = 0},
    {.bitmap_index = 8348, .adv_w = 182, .box_w = 11, .box_h = 14, .ofs_x = 0, .ofs_y = 0},
    {.bitmap_index = 8421, .adv_w = 182, .box_w = 11, .box_h = 18, .ofs_x = 0, .ofs_y = 0},
    {.bitmap_index = 8510, .adv_w = 300, .box_w = 19, .box_h = 11, .ofs_x = 0, .ofs_y = 0},
    {.bitmap_index = 8614, .adv_w = 182, .box_w = 11, .box_h = 16, .ofs_x = 0, .ofs_y = -5},
    {.bitmap_index = 8691, .adv_w = 191, .box_w = 12, .box_h = 16, .ofs_x = 0, .ofs_y = 0},
    {.bitmap_index = 8770, .adv_w = 191, .box_w = 12, .box_h = 16, .ofs_x = 0, .ofs_y = 0},
    {.bitmap_index = 8850, .adv_w = 191, .box_w = 12, .box_h = 16, .ofs_x = 0, .ofs_y = 0},
    {.bitmap_index = 8936, .adv_w = 191, .box_w = 12, .box_h = 14, .ofs_x = 0, .ofs_y = 0},
    {.bitmap_index = 9012, .adv_w = 85, .box_w = 4, .box_h = 16, .ofs_x = 0, .ofs_y = 0},
    {.bitmap_index = 9028, .adv_w = 85, .box_w = 4, .box_h = 16, .ofs_x = 1, .ofs_y = 0},
    {.bitmap_index = 9043, .adv_w = 85, .box_w = 8, .box_h = 16, .ofs_x = -1, .ofs_y = 0},
    {.bitmap_index = 9070, .adv_w = 85, .box_w = 7, .box_h = 14, .ofs_x = -1, .ofs_y = 0},
    {.bitmap_index = 9086, .adv_w = 189, .box_w = 12, .box_h = 15, .ofs_x = 0, .ofs_y = 0},
    {.bitmap_index = 9167, .adv_w = 197, .box_w = 11, .box_h = 15, .ofs_x = 1, .ofs_y = 0},
    {.bitmap_index = 9221, .adv_w = 195, .box_w = 12, .box_h = 16, .ofs_x = 0, .ofs_y = 0},
    {.bitmap_index = 9301, .adv_w = 195, .box_w = 12, .box_h = 16, .ofs_x = 0, .ofs_y = 0},
    {.bitmap_index = 9381, .adv_w = 195, .box_w = 12, .box_h = 16, .ofs_x = 0, .ofs_y = 0},
    {.bitmap_index = 9467, .adv_w = 195, .box_w = 12, .box_h = 16, .ofs_x = 0, .ofs_y = 0},
    {.bitmap_index = 9557, .adv_w = 195, .box_w = 12, .box_h = 14, .ofs_x = 0, .ofs_y = 0},
    {.bitmap_index = 9632, .adv_w = 173, .box_w = 9, .box_h = 8, .ofs_x = 1, .ofs_y = 3},
    {.bitmap_index = 9655, .adv_w = 195, .box_w = 12, .box_h = 11, .ofs_x = 0, .ofs_y = 0},
    {.bitmap_index = 9723, .adv_w = 197, .box_w = 10, .box_h = 16, .ofs_x = 1, .ofs_y = 0},
    {.bitmap_index = 9771, .adv_w = 197, .box_w = 10, .box_h = 16, .ofs_x = 1, .ofs_y = 0},
    {.bitmap_index = 9819, .adv_w = 197, .box_w = 10, .box_h = 16, .ofs_x = 1, .ofs_y = 0},
    {.bitmap_index = 9873, .adv_w = 197, .box_w = 10, .box_h = 14, .ofs_x = 1, .ofs_y = 0},
    {.bitmap_index = 9917, .adv_w = 176, .box_w = 11, .box_h = 21, .ofs_x = 0, .ofs_y = -5},
    {.bitmap_index = 10006, .adv_w = 195, .box_w = 11, .box_h = 19, .ofs_x = 1, .ofs_y = -5},
    {.bitmap_index = 10076, .adv_w = 176, .box_w = 11, .box_h = 19, .ofs_x = 0, .ofs_y = -5},
    {.bitmap_index = 10161, .adv_w = 211, .box_w = 13, .box_h = 18, .ofs_x = 0, .ofs_y = 0},
    {.bitmap_index = 10247, .adv_w = 182, .box_w = 11, .box_h = 14, .ofs_x = 0, .ofs_y = 0},
    {.bitmap_index = 10319, .adv_w = 211, .box_w = 13, .box_h = 19, .ofs_x = 0, .ofs_y = 0},
    {.bitmap_index = 10416, .adv_w = 182, .box_w = 11, .box_h = 15, .ofs_x = 0, .ofs_y = 0},
    {.bitmap_index = 10494, .adv_w = 211, .box_w = 13, .box_h = 19, .ofs_x = 0, .ofs_y = -5},
    {.bitmap_index = 10589, .adv_w = 182, .box_w = 11, .box_h = 16, .ofs_x = 0, .ofs_y = -5},
    {.bitmap_index = 10670, .adv_w = 234, .box_w = 14, .box_h = 20, .ofs_x = 0, .ofs_y = 0},
    {.bitmap_index = 10768, .adv_w = 182, .box_w = 11, .box_h = 16, .ofs_x = 0, .ofs_y = 0},
    {.bitmap_index = 10841, .adv_w = 234, .box_w = 14, .box_h = 19, .ofs_x = 0, .ofs_y = 0},
    {.bitmap_index = 10941, .adv_w = 182, .box_w = 11, .box_h = 16, .ofs_x = 0, .ofs_y = 0},
    {.bitmap_index = 11020, .adv_w = 234, .box_w = 14, .box_h = 19, .ofs_x = 0, .ofs_y = 0},
    {.bitmap_index = 11112, .adv_w = 182, .box_w = 11, .box_h = 16, .ofs_x = 0, .ofs_y = 0},
    {.bitmap_index = 11182, .adv_w = 234, .box_w = 14, .box_h = 19, .ofs_x = 0, .ofs_y = 0},
    {.bitmap_index = 11281, .adv_w = 182, .box_w = 11, .box_h = 16, .ofs_x = 0, .ofs_y = 0},
    {.bitmap_index = 11361, .adv_w = 221, .box_w = 12, .box_h = 19, .ofs_x = 1, .ofs_y = 0},
    {.bitmap_index = 11437, .adv_w = 244, .box_w = 15, .box_h = 14, .ofs_x = 0, .ofs_y = 0},
    {.bitmap_index = 11510, .adv_w = 221, .box_w = 13, .box_h = 14, .ofs_x = 0, .ofs_y = 0},
    {.bitmap_index = 11577, .adv_w = 195, .box_w = 13, .box_h = 14, .ofs_x = 0, .ofs_y = 0},
    {.bitmap_index = 11649, .adv_w = 186, .box_w = 10, .box_h = 18, .ofs_x = 1, .ofs_y = 0},
    {.bitmap_index = 11691, .adv_w = 191, .box_w = 12, .box_h = 14, .ofs_x = 0, .ofs_y = 0},
    {.bitmap_index = 11766, .adv_w = 186, .box_w = 10, .box_h = 19, .ofs_x = 1, .ofs_y = 0},
    {.bitmap_index = 11809, .adv_w = 191, .box_w = 12, .box_h = 16, .ofs_x = 0, .ofs_y = 0},
    {.bitmap_index = 11885, .adv_w = 186, .box_w = 10, .box_h = 19, .ofs_x = 1, .ofs_y = -5},
    {.bitmap_index = 11932, .adv_w = 191, .box_w = 12, .box_h = 16, .ofs_x = 0, .ofs_y = -5},
    {.bitmap_index = 12015, .adv_w = 186, .box_w = 10, .box_h = 19, .ofs_x = 1, .ofs_y = 0},
    {.bitmap_index = 12064, .adv_w = 191, .box_w = 12, .box_h = 16, .ofs_x = 0, .ofs_y = 0},
    {.bitmap_index = 12150, .adv_w = 231, .box_w = 14, .box_h = 19, .ofs_x = 0, .ofs_y = 0},
    {.bitmap_index = 12258, .adv_w = 195, .box_w = 11, .box_h = 21, .ofs_x = 0, .ofs_y = -5},
    {.bitmap_index = 12361, .adv_w = 231, .box_w = 14, .box_h = 19, .ofs_x = 0, .ofs_y = 0},
    {.bitmap_index = 12468, .adv_w = 195, .box_w = 11, .box_h = 20, .ofs_x = 0, .ofs_y = -5},
    {.bitmap_index = 12567, .adv_w = 231, .box_w = 14, .box_h = 19, .ofs_x = 0, .ofs_y = 0},
    {.bitmap_index = 12667, .adv_w = 195, .box_w = 11, .box_h = 21, .ofs_x = 0, .ofs_y = -5},
    {.bitmap_index = 12760, .adv_w = 231, .box_w = 14, .box_h = 20, .ofs_x = 0, .ofs_y = -6},
    {.bitmap_index = 12868, .adv_w = 195, .box_w = 11, .box_h = 22, .ofs_x = 0, .ofs_y = -5},
    {.bitmap_index = 12966, .adv_w = 227, .box_w = 12, .box_h = 19, .ofs_x = 1, .ofs_y = 0},
    {.bitmap_index = 13008, .adv_w = 197, .box_w = 14, .box_h = 19, .ofs_x = -2, .ofs_y = 0},
    {.bitmap_index = 13068, .adv_w = 233, .box_w = 15, .box_h = 14, .ofs_x = 0, .ofs_y = 0},
    {.bitmap_index = 13109, .adv_w = 197, .box_w = 12, .box_h = 14, .ofs_x = 0, .ofs_y = 0},
    {.bitmap_index = 13156, .adv_w = 85, .box_w = 8, .box_h = 19, .ofs_x = -1, .ofs_y = 0},
    {.bitmap_index = 13182, .adv_w = 85, .box_w = 8, .box_h = 15, .ofs_x = -1, .ofs_y = 0},
    {.bitmap_index = 13206, .adv_w = 85, .box_w = 6, .box_h = 18, .ofs_x = 0, .ofs_y = 0},
    {.bitmap_index = 13220, .adv_w = 85, .box_w = 6, .box_h = 14, .ofs_x = 0, .ofs_y = 0},
    {.bitmap_index = 13232, .adv_w = 85, .box_w = 5, .box_h = 19, .ofs_x = -1, .ofs_y = -5},
    {.bitmap_index = 13252, .adv_w = 85, .box_w = 5, .box_h = 19, .ofs_x = -1, .ofs_y = -5},
    {.bitmap_index = 13278, .adv_w = 85, .box_w = 3, .box_h = 19, .ofs_x = 1, .ofs_y = 0},
    {.bitmap_index = 13290, .adv_w = 85, .box_w = 3, .box_h = 11, .ofs_x = 1, .ofs_y = 0},
    {.bitmap_index = 13295, .adv_w = 156, .box_w = 11, .box_h = 19, .ofs_x = 0, .ofs_y = 0},
    {.bitmap_index = 13345, .adv_w = 88, .box_w = 8, .box_h = 20, .ofs_x = -1, .ofs_y = -5},
    {.bitmap_index = 13381, .adv_w = 201, .box_w = 12, .box_h = 20, .ofs_x = 1, .ofs_y = -6},
    {.bitmap_index = 13461, .adv_w = 168, .box_w = 10, .box_h = 20, .ofs_x = 1, .ofs_y = -6},
    {.bitmap_index = 13527, .adv_w = 168, .box_w = 10, .box_h = 20, .ofs_x = 1, .ofs_y = 0},
    {.bitmap_index = 13558, .adv_w = 85, .box_w = 4, .box_h = 20, .ofs_x = 1, .ofs_y = 0},
    {.bitmap_index = 13574, .adv_w = 168, .box_w = 10, .box_h = 20, .ofs_x = 1, .ofs_y = -6},
    {.bitmap_index = 13605, .adv_w = 85, .box_w = 3, .box_h = 20, .ofs_x = 1, .ofs_y = -6},
    {.bitmap_index = 13619, .adv_w = 168, .box_w = 10, .box_h = 14, .ofs_x = 1, .ofs_y = 0},
    {.bitmap_index = 13643, .adv_w = 129, .box_w = 7, .box_h = 14, .ofs_x = 1, .ofs_y = 0},
    {.bitmap_index = 13660, .adv_w = 172, .box_w = 11, .box_h = 14, .ofs_x = 0, .ofs_y = 0},
    {.bitmap_index = 13699, .adv_w = 125, .box_w = 8, .box_h = 14, .ofs_x = 0, .ofs_y = 0},
    {.bitmap_index = 13729, .adv_w = 226, .box_w = 12, .box_h = 20, .ofs_x = 1, .ofs_y = 0},
    {.bitmap_index = 13801, .adv_w = 197, .box_w = 11, .box_h = 16, .ofs_x = 1, .ofs_y = 0},
    {.bitmap_index = 13852, .adv_w = 226, .box_w = 12, .box_h = 20, .ofs_x = 1, .ofs_y = -6},
    {.bitmap_index = 13924, .adv_w = 197, .box_w = 11, .box_h = 17, .ofs_x = 1, .ofs_y = -6},
    {.bitmap_index = 13977, .adv_w = 226, .box_w = 12, .box_h = 19, .ofs_x = 1, .ofs_y = 0},
    {.bitmap_index = 14050, .adv_w = 197, .box_w = 11, .box_h = 16, .ofs_x = 1, .ofs_y = 0},
    {.bitmap_index = 14106, .adv_w = 226, .box_w = 12, .box_h = 19, .ofs_x = 1, .ofs_y = -5},
    {.bitmap_index = 14177, .adv_w = 197, .box_w = 11, .box_h = 16, .ofs_x = 1, .ofs_y = -5},
    {.bitmap_index = 14225, .adv_w = 237, .box_w = 15, .box_h = 19, .ofs_x = 0, .ofs_y = 0},
    {.bitmap_index = 14327, .adv_w = 195, .box_w = 12, .box_h = 14, .ofs_x = 0, .ofs_y = 0},
    {.bitmap_index = 14402, .adv_w = 237, .box_w = 15, .box_h = 20, .ofs_x = 0, .ofs_y = 0},
    {.bitmap_index = 14519, .adv_w = 195, .box_w = 12, .box_h = 16, .ofs_x = 0, .ofs_y = 0},
    {.bitmap_index = 14607, .adv_w = 357, .box_w = 22, .box_h = 14, .ofs_x = 0, .ofs_y = 0},
    {.bitmap_index = 14716, .adv_w = 325, .box_w = 20, .box_h = 11, .ofs_x = 0, .ofs_y = 0},
    {.bitmap_index = 14819, .adv_w = 208, .box_w = 12, .box_h = 20, .ofs_x = 1, .ofs_y = 0},
    {.bitmap_index = 14896, .adv_w = 124, .box_w = 7, .box_h = 16, .ofs_x = 1, .ofs_y = 0},
    {.bitmap_index = 14931, .adv_w = 208, .box_w = 12, .box_h = 20, .ofs_x = 1, .ofs_y = -6},
    {.bitmap_index = 15008, .adv_w = 124, .box_w = 7, .box_h = 17, .ofs_x = 1, .ofs_y = -6},
    {.bitmap_index = 15043, .adv_w = 208, .box_w = 12, .box_h = 19, .ofs_x = 1, .ofs_y = 0},
    {.bitmap_index = 15122, .adv_w = 124, .box_w = 8, .box_h = 16, .ofs_x = 0, .ofs_y = 0},
    {.bitmap_index = 15164, .adv_w = 206, .box_w = 13, .box_h = 20, .ofs_x = 0, .ofs_y = 0},
    {.bitmap_index = 15267, .adv_w = 172, .box_w = 10, .box_h = 16, .ofs_x = 0, .ofs_y = 0},
    {.bitmap_index = 15339, .adv_w = 206, .box_w = 13, .box_h = 19, .ofs_x = 0, .ofs_y = 0},
    {.bitmap_index = 15444, .adv_w = 172, .box_w = 10, .box_h = 16, .ofs_x = 0, .ofs_y = 0},
    {.bitmap_index = 15521, .adv_w = 206, .box_w = 13, .box_h = 19, .ofs_x = 0, .ofs_y = -5},
    {.bitmap_index = 15627, .adv_w = 172, .box_w = 10, .box_h = 16, .ofs_x = 0, .ofs_y = -5},
    {.bitmap_index = 15702, .adv_w = 206, .box_w = 13, .box_h = 19, .ofs_x = 0, .ofs_y = 0},
    {.bitmap_index = 15806, .adv_w = 172, .box_w = 10, .box_h = 16, .ofs_x = 0, .ofs_y = 0},
    {.bitmap_index = 15883, .adv_w = 193, .box_w = 12, .box_h = 19, .ofs_x = 0, .ofs_y = -5},
    {.bitmap_index = 15919, .adv_w = 135, .box_w = 8, .box_h = 19, .ofs_x = 0, .ofs_y = -5},
    {.bitmap_index = 15970, .adv_w = 193, .box_w = 12, .box_h = 19, .ofs_x = 0, .ofs_y = 0},
    {.bitmap_index = 16010, .adv_w = 135, .box_w = 9, .box_h = 17, .ofs_x = 0, .ofs_y = 0},
    {.bitmap_index = 16057, .adv_w = 193, .box_w = 12, .box_h = 14, .ofs_x = 0, .ofs_y = 0},
    {.bitmap_index = 16093, .adv_w = 142, .box_w = 8, .box_h = 14, .ofs_x = 0, .ofs_y = 0},
    {.bitmap_index = 16137, .adv_w = 228, .box_w = 12, .box_h = 19, .ofs_x = 1, .ofs_y = 0},
    {.bitmap_index = 16199, .adv_w = 197, .box_w = 10, .box_h = 16, .ofs_x = 1, .ofs_y = 0},
    {.bitmap_index = 16256, .adv_w = 228, .box_w = 12, .box_h = 19, .ofs_x = 1, .ofs_y = 0},
    {.bitmap_index = 16311, .adv_w = 197, .box_w = 10, .box_h = 14, .ofs_x = 1, .ofs_y = 0},
    {.bitmap_index = 16354, .adv_w = 228, .box_w = 12, .box_h = 19, .ofs_x = 1, .ofs_y = 0},
    {.bitmap_index = 16415, .adv_w = 197, .box_w = 10, .box_h = 15, .ofs_x = 1, .ofs_y = 0},
    {.bitmap_index = 16464, .adv_w = 228, .box_w = 12, .box_h = 21, .ofs_x = 1, .ofs_y = 0},
    {.bitmap_index = 16531, .adv_w = 197, .box_w = 10, .box_h = 18, .ofs_x = 1, .ofs_y = 0},
    {.bitmap_index = 16591, .adv_w = 228, .box_w = 12, .box_h = 20, .ofs_x = 1, .ofs_y = 0},
    {.bitmap_index = 16658, .adv_w = 197, .box_w = 10, .box_h = 16, .ofs_x = 1, .ofs_y = 0},
    {.bitmap_index = 16713, .adv_w = 228, .box_w = 12, .box_h = 18, .ofs_x = 1, .ofs_y = -4},
    {.bitmap_index = 16769, .adv_w = 197, .box_w = 10, .box_h = 16, .ofs_x = 1, .ofs_y = -5},
    {.bitmap_index = 16819, .adv_w = 308, .box_w = 19, .box_h = 19, .ofs_x = 0, .ofs_y = 0},
    {.bitmap_index = 16966, .adv_w = 253, .box_w = 16, .box_h = 16, .ofs_x = 0, .ofs_y = 0},
    {.bitmap_index = 17079, .adv_w = 190, .box_w = 12, .box_h = 19, .ofs_x = 0, .ofs_y = 0},
    {.bitmap_index = 17154, .adv_w = 176, .box_w = 11, .box_h = 20, .ofs_x = 0, .ofs_y = -5},
    {.bitmap_index = 17244, .adv_w = 190, .box_w = 12, .box_h = 18, .ofs_x = 0, .ofs_y = 0},
    {.bitmap_index = 17308, .adv_w = 207, .box_w = 11, .box_h = 20, .ofs_x = 1, .ofs_y = 0},
    {.bitmap_index = 17380, .adv_w = 170, .box_w = 10, .box_h = 16, .ofs_x = 0, .ofs_y = 0},
    {.bitmap_index = 17440, .adv_w = 207, .box_w = 11, .box_h = 19, .ofs_x = 1, .ofs_y = 0},
    {.bitmap_index = 17507, .adv_w = 170, .box_w = 10, .box_h = 15, .ofs_x = 0, .ofs_y = 0},
    {.bitmap_index = 17561, .adv_w = 207, .box_w = 11, .box_h = 19, .ofs_x = 1, .ofs_y = 0},
    {.bitmap_index = 17635, .adv_w = 170, .box_w = 10, .box_h = 16, .ofs_x = 0, .ofs_y = 0},
    {.bitmap_index = 17700, .adv_w = 94, .box_w = 4, .box_h = 4, .ofs_x = 1, .ofs_y = 10},
    {.bitmap_index = 17708, .adv_w = 94, .box_w = 4, .box_h = 4, .ofs_x = 1, .ofs_y = -4},
    {.bitmap_index = 17717, .adv_w = 106, .box_w = 3, .box_h = 14, .ofs_x = 2, .ofs_y = -3},
    {.bitmap_index = 17735, .adv_w = 192, .box_w = 4, .box_h = 4, .ofs_x = 4, .ofs_y = 11},
    {.bitmap_index = 17744, .adv_w = 192, .box_w = 8, .box_h = 4, .ofs_x = 2, .ofs_y = 13},
    {.bitmap_index = 17759, .adv_w = 214, .box_w = 13, .box_h = 14, .ofs_x = 0, .ofs_y = 0},
    {.bitmap_index = 17838, .adv_w = 192, .box_w = 3, .box_h = 3, .ofs_x = 1, .ofs_y = 5},
    {.bitmap_index = 17843, .adv_w = 236, .box_w = 14, .box_h = 14, .ofs_x = 0, .ofs_y = 0},
    {.bitmap_index = 17886, .adv_w = 274, .box_w = 16, .box_h = 14, .ofs_x = 0, .ofs_y = 0},
    {.bitmap_index = 17925, .adv_w = 125, .box_w = 7, .box_h = 14, .ofs_x = 0, .ofs_y = 0},
    {.bitmap_index = 17942, .adv_w = 271, .box_w = 17, .box_h = 14, .ofs_x = 0, .ofs_y = 0},
    {.bitmap_index = 18044, .adv_w = 257, .box_w = 17, .box_h = 14, .ofs_x = 0, .ofs_y = 0},
    {.bitmap_index = 18112, .adv_w = 275, .box_w = 17, .box_h = 14, .ofs_x = 0, .ofs_y = 0},
    {.bitmap_index = 18209, .adv_w = 145, .box_w = 9, .box_h = 17, .ofs_x = 0, .ofs_y = 0},
    {.bitmap_index = 18248, .adv_w = 211, .box_w = 13, .box_h = 14, .ofs_x = 0, .ofs_y = 0},
    {.bitmap_index = 18321, .adv_w = 200, .box_w = 11, .box_h = 14, .ofs_x = 1, .ofs_y = 0},
    {.bitmap_index = 18375, .adv_w = 173, .box_w = 10, .box_h = 14, .ofs_x = 1, .ofs_y = 0},
    {.bitmap_index = 18390, .adv_w = 211, .box_w = 13, .box_h = 14, .ofs_x = 0, .ofs_y = 0},
    {.bitmap_index = 18463, .adv_w = 186, .box_w = 10, .box_h = 14, .ofs_x = 1, .ofs_y = 0},
    {.bitmap_index = 18491, .adv_w = 207, .box_w = 11, .box_h = 14, .ofs_x = 1, .ofs_y = 0},
    {.bitmap_index = 18544, .adv_w = 227, .box_w = 12, .box_h = 14, .ofs_x = 1, .ofs_y = 0},
    {.bitmap_index = 18564, .adv_w = 237, .box_w = 15, .box_h = 14, .ofs_x = 0, .ofs_y = 0},
    {.bitmap_index = 18657, .adv_w = 85, .box_w = 3, .box_h = 14, .ofs_x = 1, .ofs_y = 0},
    {.bitmap_index = 18662, .adv_w = 201, .box_w = 12, .box_h = 14, .ofs_x = 1, .ofs_y = 0},
    {.bitmap_index = 18721, .adv_w = 201, .box_w = 13, .box_h = 14, .ofs_x = 0, .ofs_y = 0},
    {.bitmap_index = 18795, .adv_w = 272, .box_w = 15, .box_h = 14, .ofs_x = 1, .ofs_y = 0},
    {.bitmap_index = 18871, .adv_w = 226, .box_w = 12, .box_h = 14, .ofs_x = 1, .ofs_y = 0},
    {.bitmap_index = 18923, .adv_w = 228, .box_w = 12, .box_h = 14, .ofs_x = 1, .ofs_y = 0},
    {.bitmap_index = 18954, .adv_w = 237, .box_w = 15, .box_h = 14, .ofs_x = 0, .ofs_y = 0},
    {.bitmap_index = 19043, .adv_w = 228, .box_w = 12, .box_h = 14, .ofs_x = 1, .ofs_y = 0},
    {.bitmap_index = 19059, .adv_w = 201, .box_w = 11, .box_h = 14, .ofs_x = 1, .ofs_y = 0},
    {.bitmap_index = 19103, .adv_w = 205, .box_w = 11, .box_h = 14, .ofs_x = 1, .ofs_y = 0},
    {.bitmap_index = 19154, .adv_w = 193, .box_w = 12, .box_h = 14, .ofs_x = 0, .ofs_y = 0},
    {.bitmap_index = 19172, .adv_w = 190, .box_w = 12, .box_h = 14, .ofs_x = 0, .ofs_y = 0},
    {.bitmap_index = 19221, .adv_w = 233, .box_w = 14, .box_h = 14, .ofs_x = 0, .ofs_y = 0},
    {.bitmap_index = 19305, .adv_w = 204, .box_w = 13, .box_h = 14, .ofs_x = 0, .ofs_y = 0},
    {.bitmap_index = 19384, .adv_w = 237, .box_w = 13, .box_h = 14, .ofs_x = 1, .ofs_y = 0},
    {.bitmap_index = 19430, .adv_w = 237, .box_w = 15, .box_h = 14, .ofs_x = 0, .ofs_y = 0},
    {.bitmap_index = 19516, .adv_w = 85, .box_w = 7, .box_h = 18, .ofs_x = -1, .ofs_y = 0},
    {.bitmap_index = 19536, .adv_w = 190, .box_w = 12, .box_h = 18, .ofs_x = 0, .ofs_y = 0},
    {.bitmap_index = 19600, .adv_w = 199, .box_w = 12, .box_h = 16, .ofs_x = 0, .ofs_y = 0},
    {.bitmap_index = 19678, .adv_w = 165, .box_w = 10, .box_h = 16, .ofs_x = 0, .ofs_y = 0},
    {.bitmap_index = 19747, .adv_w = 197, .box_w = 11, .box_h = 16, .ofs_x = 1, .ofs_y = 0},
    {.bitmap_index = 19798, .adv_w = 124, .box_w = 6, .box_h = 16, .ofs_x = 1, .ofs_y = 0},
    {.bitmap_index = 19826, .adv_w = 193, .box_w = 10, .box_h = 17, .ofs_x = 1, .ofs_y = 0},
    {.bitmap_index = 19880, .adv_w = 199, .box_w = 12, .box_h = 11, .ofs_x = 0, .ofs_y = 0},
    {.bitmap_index = 19941, .adv_w = 189, .box_w = 11, .box_h = 18, .ofs_x = 1, .ofs_y = -4},
    {.bitmap_index = 20017, .adv_w = 172, .box_w = 11, .box_h = 15, .ofs_x = 0, .ofs_y = -4},
    {.bitmap_index = 20079, .adv_w = 195, .box_w = 12, .box_h = 15, .ofs_x = 0, .ofs_y = 0},
    {.bitmap_index = 20158, .adv_w = 165, .box_w = 10, .box_h = 11, .ofs_x = 0, .ofs_y = 0},
    {.bitmap_index = 20212, .adv_w = 166, .box_w = 11, .box_h = 17, .ofs_x = 0, .ofs_y = -3},
    {.bitmap_index = 20285, .adv_w = 197, .box_w = 11, .box_h = 11, .ofs_x = 1, .ofs_y = 0},
    {.bitmap_index = 20318, .adv_w = 216, .box_w = 13, .box_h = 14, .ofs_x = 0, .ofs_y = 0},
    {.bitmap_index = 20400, .adv_w = 124, .box_w = 6, .box_h = 11, .ofs_x = 1, .ofs_y = 0},
    {.bitmap_index = 20414, .adv_w = 168, .box_w = 10, .box_h = 11, .ofs_x = 1, .ofs_y = 0},
    {.bitmap_index = 20458, .adv_w = 179, .box_w = 11, .box_h = 14, .ofs_x = 0, .ofs_y = 0},
    {.bitmap_index = 20522, .adv_w = 200, .box_w = 11, .box_h = 15, .ofs_x = 1, .ofs_y = -4},
    {.bitmap_index = 20560, .adv_w = 172, .box_w = 11, .box_h = 11, .ofs_x = 0, .ofs_y = 0},
    {.bitmap_index = 20613, .adv_w = 181, .box_w = 12, .box_h = 17, .ofs_x = 0, .ofs_y = -3},
    {.bitmap_index = 20700, .adv_w = 195, .box_w = 12, .box_h = 11, .ofs_x = 0, .ofs_y = 0},
    {.bitmap_index = 20763, .adv_w = 214, .box_w = 13, .box_h = 11, .ofs_x = 0, .ofs_y = 0},
    {.bitmap_index = 20786, .adv_w = 199, .box_w = 11, .box_h = 15, .ofs_x = 1, .ofs_y = -4},
    {.bitmap_index = 20849, .adv_w = 182, .box_w = 11, .box_h = 14, .ofs_x = 0, .ofs_y = -3},
    {.bitmap_index = 20915, .adv_w = 200, .box_w = 12, .box_h = 11, .ofs_x = 0, .ofs_y = 0},
    {.bitmap_index = 20977, .adv_w = 173, .box_w = 10, .box_h = 11, .ofs_x = 0, .ofs_y = 0},
    {.bitmap_index = 21005, .adv_w = 193, .box_w = 10, .box_h = 11, .ofs_x = 1, .ofs_y = 0},
    {.bitmap_index = 21036, .adv_w = 240, .box_w = 15, .box_h = 18, .ofs_x = 0, .ofs_y = -4},
    {.bitmap_index = 21119, .adv_w = 174, .box_w = 11, .box_h = 11, .ofs_x = 0, .ofs_y = 0},
    {.bitmap_index = 21175, .adv_w = 231, .box_w = 13, .box_h = 15, .ofs_x = 1, .ofs_y = -4},
    {.bitmap_index = 21221, .adv_w = 253, .box_w = 16, .box_h = 12, .ofs_x = 0, .ofs_y = 0},
    {.bitmap_index = 21303, .adv_w = 122, .box_w = 8, .box_h = 15, .ofs_x = -1, .ofs_y = 0},
    {.bitmap_index = 21331, .adv_w = 193, .box_w = 10, .box_h = 15, .ofs_x = 1, .ofs_y = 0},
    {.bitmap_index = 21377, .adv_w = 195, .box_w = 12, .box_h = 16, .ofs_x = 0, .ofs_y = 0},
    {.bitmap_index = 21457, .adv_w = 193, .box_w = 10, .box_h = 16, .ofs_x = 1, .ofs_y = 0},
    {.bitmap_index = 21504, .adv_w = 253, .box_w = 16, .box_h = 16, .ofs_x = 0, .ofs_y = 0},
    {.bitmap_index = 21609, .adv_w = 186, .box_w = 10, .box_h = 20, .ofs_x = 1, .ofs_y = 0},
    {.bitmap_index = 21655, .adv_w = 186, .box_w = 10, .box_h = 18, .ofs_x = 1, .ofs_y = 0},
    {.bitmap_index = 21698, .adv_w = 213, .box_w = 13, .box_h = 14, .ofs_x = 0, .ofs_y = 0},
    {.bitmap_index = 21767, .adv_w = 173, .box_w = 10, .box_h = 20, .ofs_x = 1, .ofs_y = 0},
    {.bitmap_index = 21800, .adv_w = 231, .box_w = 14, .box_h = 14, .ofs_x = 0, .ofs_y = 0},
    {.bitmap_index = 21883, .adv_w = 206, .box_w = 13, .box_h = 14, .ofs_x = 0, .ofs_y = 0},
    {.bitmap_index = 21967, .adv_w = 85, .box_w = 3, .box_h = 14, .ofs_x = 1, .ofs_y = 0},
    {.bitmap_index = 21972, .adv_w = 85, .box_w = 7, .box_h = 18, .ofs_x = -1, .ofs_y = 0},
    {.bitmap_index = 21992, .adv_w = 156, .box_w = 9, .box_h = 14, .ofs_x = 0, .ofs_y = 0},
    {.bitmap_index = 22017, .adv_w = 351, .box_w = 22, .box_h = 15, .ofs_x = 0, .ofs_y = -1},
    {.bitmap_index = 22120, .adv_w = 348, .box_w = 20, .box_h = 14, .ofs_x = 1, .ofs_y = 0},
    {.bitmap_index = 22182, .adv_w = 213, .box_w = 12, .box_h = 14, .ofs_x = 0, .ofs_y = 0},
    {.bitmap_index = 22229, .adv_w = 201, .box_w = 12, .box_h = 20, .ofs_x = 1, .ofs_y = 0},
    {.bitmap_index = 22307, .adv_w = 226, .box_w = 12, .box_h = 20, .ofs_x = 1, .ofs_y = 0},
    {.bitmap_index = 22378, .adv_w = 202, .box_w = 13, .box_h = 19, .ofs_x = 0, .ofs_y = 0},
    {.bitmap_index = 22473, .adv_w = 242, .box_w = 13, .box_h = 17, .ofs_x = 1, .ofs_y = -3},
    {.bitmap_index = 22502, .adv_w = 211, .box_w = 13, .box_h = 14, .ofs_x = 0, .ofs_y = 0},
    {.bitmap_index = 22575, .adv_w = 201, .box_w = 11, .box_h = 14, .ofs_x = 1, .ofs_y = 0},
    {.bitmap_index = 22622, .adv_w = 200, .box_w = 11, .box_h = 14, .ofs_x = 1, .ofs_y = 0},
    {.bitmap_index = 22676, .adv_w = 173, .box_w = 10, .box_h = 14, .ofs_x = 1, .ofs_y = 0},
    {.bitmap_index = 22691, .adv_w = 239, .box_w = 15, .box_h = 17, .ofs_x = 0, .ofs_y = -3},
    {.bitmap_index = 22765, .adv_w = 186, .box_w = 10, .box_h = 14, .ofs_x = 1, .ofs_y = 0},
    {.bitmap_index = 22793, .adv_w = 290, .box_w = 18, .box_h = 14, .ofs_x = 0, .ofs_y = 0},
    {.bitmap_index = 22895, .adv_w = 202, .box_w = 12, .box_h = 14, .ofs_x = 0, .ofs_y = 0},
    {.bitmap_index = 22969, .adv_w = 226, .box_w = 12, .box_h = 14, .ofs_x = 1, .ofs_y = 0},
    {.bitmap_index = 23021, .adv_w = 226, .box_w = 12, .box_h = 19, .ofs_x = 1, .ofs_y = 0},
    {.bitmap_index = 23096, .adv_w = 201, .box_w = 12, .box_h = 14, .ofs_x = 1, .ofs_y = 0},
    {.bitmap_index = 23155, .adv_w = 229, .box_w = 13, .box_h = 15, .ofs_x = 0, .ofs_y = -1},
    {.bitmap_index = 23216, .adv_w = 272, .box_w = 15, .box_h = 14, .ofs_x = 1, .ofs_y = 0},
    {.bitmap_index = 23292, .adv_w = 227, .box_w = 12, .box_h = 14, .ofs_x = 1, .ofs_y = 0},
    {.bitmap_index = 23312, .adv_w = 237, .box_w = 15, .box_h = 14, .ofs_x = 0, .ofs_y = 0},
    {.bitmap_index = 23401, .adv_w = 228, .box_w = 12, .box_h = 14, .ofs_x = 1, .ofs_y = 0},
    {.bitmap_index = 23417, .adv_w = 201, .box_w = 11, .box_h = 14, .ofs_x = 1, .ofs_y = 0},
    {.bitmap_index = 23461, .adv_w = 234, .box_w = 14, .box_h = 14, .ofs_x = 0, .ofs_y = 0},
    {.bitmap_index = 23540, .adv_w = 193, .box_w = 12, .box_h = 14, .ofs_x = 0, .ofs_y = 0},
    {.bitmap_index = 23558, .adv_w = 202, .box_w = 13, .box_h = 14, .ofs_x = 0, .ofs_y = 0},
    {.bitmap_index = 23629, .adv_w = 233, .box_w = 14, .box_h = 14, .ofs_x = 0, .ofs_y = 0},
    {.bitmap_index = 23713, .adv_w = 204, .box_w = 13, .box_h = 14, .ofs_x = 0, .ofs_y = 0},
    {.bitmap_index = 23792, .adv_w = 236, .box_w = 14, .box_h = 17, .ofs_x = 1, .ofs_y = -3},
    {.bitmap_index = 23823, .adv_w = 213, .box_w = 11, .box_h = 14, .ofs_x = 1, .ofs_y = 0},
    {.bitmap_index = 23861, .adv_w = 299, .box_w = 17, .box_h = 14, .ofs_x = 1, .ofs_y = 0},
    {.bitmap_index = 23886, .adv_w = 305, .box_w = 18, .box_h = 16, .ofs_x = 1, .ofs_y = -2},
    {.bitmap_index = 23925, .adv_w = 206, .box_w = 14, .box_h = 14, .ofs_x = -1, .ofs_y = 0},
    {.bitmap_index = 23976, .adv_w = 270, .box_w = 15, .box_h = 14, .ofs_x = 1, .ofs_y = 0},
    {.bitmap_index = 24028, .adv_w = 204, .box_w = 11, .box_h = 14, .ofs_x = 1, .ofs_y = 0},
    {.bitmap_index = 24069, .adv_w = 228, .box_w = 14, .box_h = 14, .ofs_x = 0, .ofs_y = 0},
    {.bitmap_index = 24153, .adv_w = 300, .box_w = 18, .box_h = 14, .ofs_x = 1, .ofs_y = 0},
    {.bitmap_index = 24250, .adv_w = 208, .box_w = 12, .box_h = 14, .ofs_x = 0, .ofs_y = 0},
    {.bitmap_index = 24308, .adv_w = 182, .box_w = 11, .box_h = 11, .ofs_x = 0, .ofs_y = 0},
    {.bitmap_index = 24369, .adv_w = 190, .box_w = 12, .box_h = 15, .ofs_x = 0, .ofs_y = 0},
    {.bitmap_index = 24448, .adv_w = 176, .box_w = 10, .box_h = 11, .ofs_x = 1, .ofs_y = 0},
    {.bitmap_index = 24494, .adv_w = 152, .box_w = 8, .box_h = 11, .ofs_x = 1, .ofs_y = 0},
    {.bitmap_index = 24504, .adv_w = 199, .box_w = 12, .box_h = 14, .ofs_x = 0, .ofs_y = -3},
    {.bitmap_index = 24561, .adv_w = 191, .box_w = 12, .box_h = 11, .ofs_x = 0, .ofs_y = 0},
    {.bitmap_index = 24624, .adv_w = 238, .box_w = 15, .box_h = 11, .ofs_x = 0, .ofs_y = 0},
    {.bitmap_index = 24697, .adv_w = 165, .box_w = 10, .box_h = 11, .ofs_x = 0, .ofs_y = 0},
    {.bitmap_index = 24752, .adv_w = 190, .box_w = 10, .box_h = 11, .ofs_x = 1, .ofs_y = 0},
    {.bitmap_index = 24790, .adv_w = 190, .box_w = 10, .box_h = 15, .ofs_x = 1, .ofs_y = 0},
    {.bitmap_index = 24846, .adv_w = 168, .box_w = 10, .box_h = 11, .ofs_x = 1, .ofs_y = 0},
    {.bitmap_index = 24890, .adv_w = 191, .box_w = 11, .box_h = 12, .ofs_x = 0, .ofs_y = -1},
    {.bitmap_index = 24936, .adv_w = 228, .box_w = 12, .box_h = 11, .ofs_x = 1, .ofs_y = 0},
    {.bitmap_index = 24988, .adv_w = 196, .box_w = 10, .box_h = 11, .ofs_x = 1, .ofs_y = 0},
    {.bitmap_index = 25007, .adv_w = 195, .box_w = 12, .box_h = 11, .ofs_x = 0, .ofs_y = 0},
    {.bitmap_index = 25070, .adv_w = 190, .box_w = 10, .box_h = 11, .ofs_x = 1, .ofs_y = 0},
    {.bitmap_index = 25084, .adv_w = 195, .box_w = 11, .box_h = 16, .ofs_x = 1, .ofs_y = -5},
    {.bitmap_index = 25148, .adv_w = 182, .box_w = 11, .box_h = 11, .ofs_x = 0, .ofs_y = 0},
    {.bitmap_index = 25205, .adv_w = 168, .box_w = 10, .box_h = 11, .ofs_x = 0, .ofs_y = 0},
    {.bitmap_index = 25222, .adv_w = 176, .box_w = 11, .box_h = 16, .ofs_x = 0, .ofs_y = -5},
    {.bitmap_index = 25293, .adv_w = 237, .box_w = 15, .box_h = 19, .ofs_x = 0, .ofs_y = -5},
    {.bitmap_index = 25384, .adv_w = 174, .box_w = 11, .box_h = 11, .ofs_x = 0, .ofs_y = 0},
    {.bitmap_index = 25440, .adv_w = 205, .box_w = 12, .box_h = 14, .ofs_x = 1, .ofs_y = -3},
    {.bitmap_index = 25466, .adv_w = 181, .box_w = 10, .box_h = 11, .ofs_x = 0, .ofs_y = 0},
    {.bitmap_index = 25502, .adv_w = 249, .box_w = 14, .box_h = 11, .ofs_x = 1, .ofs_y = 0},
    {.bitmap_index = 25527, .adv_w = 249, .box_w = 15, .box_h = 14, .ofs_x = 1, .ofs_y = -3},
    {.bitmap_index = 25562, .adv_w = 187, .box_w = 11, .box_h = 11, .ofs_x = 0, .ofs_y = 0},
    {.bitmap_index = 25601, .adv_w = 229, .box_w = 12, .box_h = 11, .ofs_x = 1, .ofs_y = 0},
    {.bitmap_index = 25640, .adv_w = 178, .box_w = 10, .box_h = 11, .ofs_x = 1, .ofs_y = 0},
    {.bitmap_index = 25676, .adv_w = 182, .box_w = 11, .box_h = 11, .ofs_x = 0, .ofs_y = 0},
    {.bitmap_index = 25735, .adv_w = 266, .box_w = 15, .box_h = 11, .ofs_x = 1, .ofs_y = 0},
    {.bitmap_index = 25806, .adv_w = 184, .box_w = 11, .box_h = 11, .ofs_x = 0, .ofs_y = 0},
    {.bitmap_index = 25852, .adv_w = 191, .box_w = 12, .box_h = 16, .ofs_x = 0, .ofs_y = 0},
    {.bitmap_index = 25931, .adv_w = 191, .box_w = 12, .box_h = 14, .ofs_x = 0, .ofs_y = 0},
    {.bitmap_index = 26007, .adv_w = 197, .box_w = 12, .box_h = 19, .ofs_x = 0, .ofs_y = -5},
    {.bitmap_index = 26070, .adv_w = 152, .box_w = 8, .box_h = 16, .ofs_x = 1, .ofs_y = 0},
    {.bitmap_index = 26095, .adv_w = 182, .box_w = 11, .box_h = 11, .ofs_x = 0, .ofs_y = 0},
    {.bitmap_index = 26154, .adv_w = 172, .box_w = 10, .box_h = 11, .ofs_x = 0, .ofs_y = 0},
    {.bitmap_index = 26209, .adv_w = 85, .box_w = 3, .box_h = 14, .ofs_x = 1, .ofs_y = 0},
    {.bitmap_index = 26218, .adv_w = 85, .box_w = 7, .box_h = 14, .ofs_x = -1, .ofs_y = 0},
    {.bitmap_index = 26234, .adv_w = 88, .box_w = 6, .box_h = 19, .ofs_x = -1, .ofs_y = -5},
    {.bitmap_index = 26255, .adv_w = 272, .box_w = 17, .box_h = 12, .ofs_x = 0, .ofs_y = -1},
    {.bitmap_index = 26331, .adv_w = 264, .box_w = 15, .box_h = 11, .ofs_x = 1, .ofs_y = 0},
    {.bitmap_index = 26380, .adv_w = 197, .box_w = 12, .box_h = 14, .ofs_x = 0, .ofs_y = 0},
    {.bitmap_index = 26427, .adv_w = 168, .box_w = 10, .box_h = 16, .ofs_x = 1, .ofs_y = 0},
    {.bitmap_index = 26487, .adv_w = 190, .box_w = 10, .box_h = 16, .ofs_x = 1, .ofs_y = 0},
    {.bitmap_index = 26542, .adv_w = 176, .box_w = 11, .box_h = 20, .ofs_x = 0, .ofs_y = -5},
    {.bitmap_index = 26632, .adv_w = 190, .box_w = 10, .box_h = 14, .ofs_x = 1, .ofs_y = -3},
    {.bitmap_index = 26658, .adv_w = 176, .box_w = 10, .box_h = 17, .ofs_x = 1, .ofs_y = 0},
    {.bitmap_index = 26682, .adv_w = 152, .box_w = 8, .box_h = 13, .ofs_x = 1, .ofs_y = 0},
    {.bitmap_index = 26698, .adv_w = 190, .box_w = 12, .box_h = 14, .ofs_x = 0, .ofs_y = 0},
    {.bitmap_index = 26747, .adv_w = 172, .box_w = 11, .box_h = 15, .ofs_x = 0, .ofs_y = -4},
    {.bitmap_index = 26809, .adv_w = 213, .box_w = 11, .box_h = 14, .ofs_x = 1, .ofs_y = 0},
    {.bitmap_index = 26845, .adv_w = 183, .box_w = 10, .box_h = 11, .ofs_x = 1, .ofs_y = 0},
    {.bitmap_index = 26878, .adv_w = 243, .box_w = 15, .box_h = 14, .ofs_x = 0, .ofs_y = 0},
    {.bitmap_index = 26968, .adv_w = 195, .box_w = 12, .box_h = 11, .ofs_x = 0, .ofs_y = 0},
    {.bitmap_index = 27032, .adv_w = 173, .box_w = 9, .box_h = 2, .ofs_x = 1, .ofs_y = 5},
    {.bitmap_index = 27038, .adv_w = 250, .box_w = 14, .box_h = 2, .ofs_x = 1, .ofs_y = 5},
    {.bitmap_index = 27047, .adv_w = 84, .box_w = 3, .box_h = 5, .ofs_x = 1, .ofs_y = 9},
    {.bitmap_index = 27054, .adv_w = 84, .box_w = 3, .box_h = 5, .ofs_x = 1, .ofs_y = 9},
    {.bitmap_index = 27062, .adv_w = 136, .box_w = 6, .box_h = 6, .ofs_x = 1, .ofs_y = 10},
    {.bitmap_index = 27077, .adv_w = 136, .box_w = 6, .box_h = 5, .ofs_x = 1, .ofs_y = 9},
    {.bitmap_index = 27091, .adv_w = 220, .box_w = 6, .box_h = 6, .ofs_x = 4, .ofs_y = 4},
    {.bitmap_index = 27109, .adv_w = 219, .box_w = 12, .box_h = 3, .ofs_x = 1, .ofs_y = 0},
    {.bitmap_index = 27125, .adv_w = 173, .box_w = 9, .box_h = 3, .ofs_x = 1, .ofs_y = 6}
};

/*---------------------
 *  CHARACTER MAPPING
 *--------------------*/

static const uint8_t glyph_id_ofs_list_3[] = {
    0, 1, 2, 3, 0, 0, 4, 5,
    6, 7, 0, 8, 9, 10, 11, 12,
    13, 0, 0, 14, 15, 16, 17, 18,
    19, 20, 21, 0, 22, 23, 24, 25
};

static const uint16_t unicode_list_5[] = {
    0x0, 0x1, 0xa, 0x10, 0x11, 0x12, 0x13, 0x14,
    0x15, 0x16, 0x18
};

static const uint16_t unicode_list_9[] = {
    0x0, 0x1, 0x1e, 0x1f, 0x2a, 0x2b, 0x58, 0x59,
    0x1b83, 0x1b84, 0x1b88, 0x1b89, 0x1b8c, 0x1b8d, 0x1b92, 0x1b96,
    0x1d82
};

/*Collect the unicode lists and glyph_id offsets*/
static const lv_font_fmt_txt_cmap_t cmaps[] =
{
    {
        .range_start = 32, .range_length = 95, .glyph_id_start = 1,
        .unicode_list = NULL, .glyph_id_ofs_list = NULL, .list_length = 0, .type = LV_FONT_FMT_TXT_CMAP_FORMAT0_TINY
    },
    {
        .range_start = 160, .range_length = 116, .glyph_id_start = 96,
        .unicode_list = NULL, .glyph_id_ofs_list = NULL, .list_length = 0, .type = LV_FONT_FMT_TXT_CMAP_FORMAT0_TINY
    },
    {
        .range_start = 278, .range_length = 22, .glyph_id_start = 212,
        .unicode_list = NULL, .glyph_id_ofs_list = NULL, .list_length = 0, .type = LV_FONT_FMT_TXT_CMAP_FORMAT0_TINY
    },
    {
        .range_start = 302, .range_length = 32, .glyph_id_start = 234,
        .unicode_list = NULL, .glyph_id_ofs_list = glyph_id_ofs_list_3, .list_length = 32, .type = LV_FONT_FMT_TXT_CMAP_FORMAT0_FULL
    },
    {
        .range_start = 336, .range_length = 47, .glyph_id_start = 260,
        .unicode_list = NULL, .glyph_id_ofs_list = NULL, .list_length = 0, .type = LV_FONT_FMT_TXT_CMAP_FORMAT0_TINY
    },
    {
        .range_start = 884, .range_length = 25, .glyph_id_start = 307,
        .unicode_list = unicode_list_5, .glyph_id_ofs_list = NULL, .list_length = 11, .type = LV_FONT_FMT_TXT_CMAP_SPARSE_TINY
    },
    {
        .range_start = 910, .range_length = 20, .glyph_id_start = 318,
        .unicode_list = NULL, .glyph_id_ofs_list = NULL, .list_length = 0, .type = LV_FONT_FMT_TXT_CMAP_FORMAT0_TINY
    },
    {
        .range_start = 931, .range_length = 44, .glyph_id_start = 338,
        .unicode_list = NULL, .glyph_id_ofs_list = NULL, .list_length = 0, .type = LV_FONT_FMT_TXT_CMAP_FORMAT0_TINY
    },
    {
        .range_start = 1024, .range_length = 96, .glyph_id_start = 382,
        .unicode_list = NULL, .glyph_id_ofs_list = NULL, .list_length = 0, .type = LV_FONT_FMT_TXT_CMAP_FORMAT0_TINY
    },
    {
        .range_start = 1168, .range_length = 7555, .glyph_id_start = 478,
        .unicode_list = unicode_list_9, .glyph_id_ofs_list = NULL, .list_length = 17, .type = LV_FONT_FMT_TXT_CMAP_SPARSE_TINY
    }
};

/*-----------------
 *    KERNING
 *----------------*/


/*Map glyph_ids to kern left classes*/
static const uint8_t kern_left_class_mapping[] =
{
    0, 0, 0, 1, 0, 2, 0, 0,
    3, 4, 5, 0, 0, 6, 7, 8,
    9, 0, 10, 11, 0, 12, 13, 14,
    15, 0, 16, 17, 0, 0, 0, 0,
    0, 0, 18, 19, 20, 21, 22, 23,
    24, 0, 25, 26, 27, 28, 0, 0,
    29, 30, 31, 32, 33, 34, 35, 36,
    36, 37, 38, 39, 4, 0, 5, 0,
    0, 0, 40, 41, 42, 25, 43, 44,
    45, 46, 47, 0, 48, 47, 49, 49,
    50, 50, 25, 51, 52, 53, 25, 54,
    54, 55, 56, 57, 4, 0, 5, 0,
    0, 0, 58, 0, 59, 60, 0, 0,
    0, 0, 0, 0, 0, 0, 0, 0,
    0, 0, 0, 0, 0, 0, 0, 0,
    0, 0, 0, 0, 0, 0, 0, 0,
    18, 18, 18, 18, 18, 18, 22, 20,
    22, 22, 22, 22, 0, 0, 0, 0,
    21, 0, 29, 29, 29, 29, 29, 0,
    29, 35, 35, 35, 35, 38, 61, 62,
    40, 40, 40, 40, 40, 40, 43, 42,
    43, 43, 43, 43, 47, 47, 47, 47,
    62, 0, 50, 50, 50, 50, 50, 0,
    50, 25, 25, 25, 25, 56, 63, 56,
    18, 40, 18, 40, 18, 40, 20, 42,
    20, 42, 20, 42, 20, 42, 21, 64,
    21, 0, 22, 43, 22, 43, 0, 43,
    22, 43, 24, 45, 24, 45, 24, 45,
    24, 45, 0, 46, 0, 46, 0, 47,
    0, 47, 0, 47, 0, 47, 26, 0,
    27, 48, 28, 0, 0, 0, 28, 64,
    28, 55, 0, 0, 0, 0, 0, 0,
    0, 0, 29, 50, 29, 50, 22, 43,
    0, 51, 32, 51, 32, 51, 0, 52,
    33, 52, 33, 52, 33, 52, 34, 53,
    34, 64, 37, 53, 35, 25, 35, 25,
    35, 25, 35, 25, 35, 25, 35, 25,
    36, 54, 38, 56, 38, 39, 57, 39,
    57, 39, 57, 64, 64, 0, 0, 0,
    18, 0, 22, 0, 0, 29, 38, 29,
    65, 18, 19, 34, 18, 0, 39, 0,
    29, 25, 27, 18, 0, 0, 0, 29,
    0, 0, 0, 34, 38, 29, 37, 0,
    29, 0, 38, 25, 55, 49, 65, 49,
    25, 0, 54, 50, 50, 55, 49, 29,
    65, 48, 66, 25, 54, 67, 50, 44,
    50, 42, 68, 53, 49, 50, 55, 46,
    50, 65, 49, 50, 49, 50, 22, 22,
    62, 0, 20, 0, 25, 0, 0, 69,
    69, 19, 0, 0, 0, 0, 18, 61,
    19, 34, 0, 22, 27, 19, 0, 0,
    27, 0, 0, 0, 29, 0, 61, 20,
    34, 38, 29, 37, 0, 0, 0, 0,
    19, 0, 19, 29, 29, 0, 40, 50,
    0, 51, 25, 43, 55, 0, 25, 25,
    48, 25, 25, 25, 50, 25, 63, 42,
    51, 56, 50, 55, 0, 25, 25, 0,
    62, 25, 62, 50, 50, 25, 43, 43,
    46, 0, 42, 0, 47, 47, 0, 62,
    62, 46, 0, 25, 56, 0, 34, 51,
    38, 54, 19, 0, 29, 50, 70, 0,
    0, 71, 72, 73, 0, 0, 0
};

/*Map glyph_ids to kern right classes*/
static const uint8_t kern_right_class_mapping[] =
{
    0, 1, 0, 2, 0, 3, 0, 0,
    4, 5, 6, 0, 0, 7, 8, 7,
    9, 0, 10, 11, 12, 13, 0, 0,
    14, 0, 15, 16, 17, 0, 0, 0,
    0, 0, 18, 0, 19, 0, 0, 0,
    20, 0, 21, 22, 0, 0, 0, 0,
    20, 0, 23, 0, 24, 25, 26, 27,
    27, 28, 29, 30, 5, 0, 6, 0,
    0, 0, 31, 21, 32, 32, 32, 33,
    34, 35, 36, 0, 35, 36, 37, 37,
    32, 37, 38, 39, 40, 41, 42, 43,
    43, 44, 45, 46, 5, 0, 6, 0,
    1, 0, 47, 0, 48, 49, 0, 0,
    0, 0, 0, 0, 0, 0, 0, 0,
    0, 0, 0, 0, 0, 0, 0, 0,
    0, 0, 0, 0, 0, 0, 0, 0,
    18, 18, 18, 18, 18, 18, 18, 20,
    0, 0, 0, 0, 0, 0, 0, 0,
    0, 50, 20, 20, 20, 20, 20, 0,
    20, 26, 26, 26, 26, 29, 0, 0,
    31, 31, 31, 31, 31, 31, 31, 32,
    51, 51, 51, 51, 36, 36, 36, 36,
    52, 21, 32, 32, 32, 32, 32, 0,
    32, 42, 42, 42, 42, 45, 53, 45,
    18, 31, 18, 31, 18, 31, 20, 32,
    19, 32, 20, 32, 20, 32, 0, 52,
    0, 52, 0, 51, 0, 51, 0, 51,
    0, 51, 20, 34, 20, 34, 54, 34,
    54, 34, 0, 35, 0, 35, 0, 36,
    0, 36, 0, 36, 0, 36, 22, 0,
    0, 35, 0, 55, 0, 55, 0, 55,
    0, 32, 50, 21, 50, 21, 50, 21,
    50, 21, 20, 32, 20, 32, 20, 32,
    0, 39, 0, 39, 0, 39, 0, 40,
    24, 40, 24, 40, 24, 40, 25, 41,
    25, 41, 28, 41, 26, 42, 26, 42,
    26, 42, 26, 42, 26, 42, 26, 42,
    27, 43, 29, 45, 29, 30, 46, 30,
    46, 30, 46, 56, 56, 0, 0, 0,
    18, 0, 0, 0, 0, 20, 29, 20,
    42, 18, 0, 0, 18, 0, 30, 0,
    20, 21, 0, 18, 0, 0, 0, 20,
    0, 0, 0, 25, 29, 20, 28, 0,
    20, 0, 29, 32, 57, 37, 42, 42,
    32, 0, 43, 32, 57, 32, 37, 20,
    42, 35, 58, 53, 43, 59, 32, 33,
    60, 32, 32, 61, 42, 32, 44, 42,
    32, 42, 42, 32, 42, 32, 0, 0,
    25, 0, 19, 0, 21, 0, 0, 28,
    0, 27, 0, 0, 0, 0, 18, 50,
    0, 0, 18, 0, 28, 20, 50, 50,
    0, 18, 0, 0, 20, 0, 0, 20,
    25, 28, 20, 28, 0, 0, 0, 0,
    25, 0, 0, 28, 0, 50, 31, 62,
    21, 39, 32, 51, 44, 44, 21, 21,
    35, 32, 37, 21, 32, 21, 53, 32,
    61, 45, 32, 44, 21, 21, 21, 21,
    0, 21, 21, 32, 21, 31, 51, 51,
    35, 0, 59, 0, 36, 36, 0, 21,
    21, 35, 0, 21, 45, 0, 0, 39,
    29, 43, 0, 21, 20, 32, 63, 64,
    0, 65, 66, 67, 0, 0, 0
};

/*Kern values between classes*/
static const int8_t kern_class_values[] =
{
    0, 0, 0, 0, 0, 0, -67, 0,
    0, 0, 0, 0, 0, 0, 0, 0,
    0, 0, 0, 0, 0, 0, 0, 0,
    0, 0, 0, 0, 0, 0, 0, -10,
    0, -10, 0, 0, 0, -10, 0, -10,
    0, 0, 0, 0, 0, 0, -10, 0,
    0, 0, 0, -10, 0, 0, 0, 0,
    0, 0, -10, 0, 0, 0, 0, 0,
    0, 0, 0, 0, 0, 5, 0, 0,
    -19, -8, 0, 0, 0, 0, 0, 0,
    0, 0, 0, 0, 0, 0, 0, 0,
    0, 0, 0, 0, 0, 0, 0, 0,
    0, 0, 0, 0, 0, 0, 0, 0,
    0, 0, 0, 0, 0, 0, 0, 0,
    0, 0, 0, -10, 0, 0, 0, 0,
    0, 0, 0, 0, 0, 0, 0, 0,
    0, 0, 0, 0, 0, 0, 0, 0,
    -13, 3, 0, 0, 0, 0, 0, 0,
    0, 0, -38, 0, 0, 0, 0, 0,
    0, 0, 0, 0, 0, 0, 0, 0,
    0, 0, 0, 0, 0, 0, 0, 0,
    0, 0, 0, 0, 0, 0, 0, 0,
    0, 0, 0, 0, -10, 0, 0, 0,
    0, 0, 0, 0, 0, 0, 0, 0,
    0, 0, 0, 0, 0, 0, 3, 0,
    0, 0, 0, -6, 0, 0, 0, 0,
    0, 0, 0, 0, 0, 0, 4, 0,
    0, 0, 0, 0, 0, 0, 0, 0,
    0, 0, 0, 0, 0, 0, 0, 0,
    0, 0, 0, 0, 0, 0, 0, 0,
    0, 0, 0, 0, 0, 0, 0, 0,
    -17, 0, 0, 0, 0, 0, 0, 0,
    0, 0, 0, 0, 0, 0, 0, 0,
    0, 0, 0, 0, 0, 0, 0, 0,
    0, 0, 0, 0, 0, 0, 0, 0,
    0, 0, 0, 0, 0, 0, 0, 0,
    0, 0, 0, 0, 0, 0, 0, 0,
    0, 0, 0, 0, 0, 0, 0, 0,
    0, 0, 0, 0, 0, 0, -4, 0,
    0, 0, 0, 0, 0, 0, 0, 0,
    0, 0, 0, 0, 0, 0, 0, 0,
    0, 0, 0, 0, 0, 0, 0, 0,
    0, 0, 0, 0, 0, 0, 0, 0,
    -38, 0, 0, 0, 0, 0, 0, 0,
    0, 0, 0, 0, 0, 0, 0, 0,
    0, 0, 0, 0, 0, 0, 0, 0,
    0, 0, 0, 0, 0, 0, 0, 0,
    0, 0, 0, 0, 0, 0, 0, 0,
    0, 0, 0, 0, 0, 0, 0, 0,
    0, 0, 0, 0, 0, 0, 0, 0,
    0, 0, 0, 0, 0, 0, 0, 0,
    0, 0, 0, 0, 0, -13, -1, 0,
    0, 0, 0, -6, 0, 0, 0, -10,
    0, 0, -26, 0, -14, -16, -26, 0,
    0, 0, 0, 0, 0, 0, 0, 0,
    0, 0, 0, 0, 0, -6, 0, 0,
    0, 0, -26, 0, 0, 0, 0, 0,
    0, 0, 0, 0, 0, 0, 0, 0,
    0, 0, 0, 0, 0, 0, 0, 0,
    0, 0, 0, 0, 0, 0, -38, 0,
    0, 0, 0, 0, 0, 0, 0, 0,
    0, 0, 0, 0, 0, 0, 0, 0,
    0, 0, 0, 0, 0, 0, 0, 0,
    0, 0, 0, 0, 0, 0, 0, 0,
    0, 0, 0, 0, 0, 0, 0, 0,
    0, 0, 0, 0, 0, 0, 0, 0,
    0, 0, 0, 0, 0, 0, 0, -32,
    0, 0, 0, 0, 0, 0, 0, 0,
    -45, 0, 0, 0, 0, 0, 0, 0,
    0, 0, 0, 0, 0, 0, 0, 0,
    0, 0, 0, 0, 0, 0, -10, -16,
    0, 0, 0, 0, -10, 0, 0, -10,
    0, 0, 0, -6, 0, 0, 0, 0,
    0, 0, 0, 0, 0, 0, 0, 0,
    0, 0, 0, 0, 0, 0, 0, 0,
    0, 0, 0, 0, 0, 0, 0, 0,
    0, -13, 0, 0, 0, 0, 0, 0,
    0, 0, 0, 0, 0, 0, 0, 0,
    0, 0, 0, 0, 0, 0, 0, 0,
    0, 0, 0, 0, 0, 0, 0, 0,
    0, 0, 0, 0, 0, 0, 0, 0,
    0, 0, 0, 0, 0, 0, 0, 0,
    0, 0, 0, 0, 0, 0, 0, 0,
    0, 0, -2, 0, 0, 0, 0, 0,
    0, 0, 0, 0, 0, 0, 0, 0,
    0, 0, -6, 0, 0, 0, 0, -6,
    0, 0, 0, 0, 0, 0, 0, 0,
    0, 0, 0, 0, 0, 0, 0, 0,
    0, 0, 0, 0, 0, 0, 0, 0,
    0, 0, 0, 0, 0, 0, 0, 0,
    0, 0, 0, 0, 0, 0, 0, 0,
    0, 0, 0, 0, 0, 0, 0, 0,
    0, 0, -10, 0, -10, 0, -13, -6,
    0, 0, 0, 0, 0, -2, 0, -6,
    0, 0, 0, 0, 0, 0, 0, 0,
    0, 0, 0, 0, 0, 0, 0, 0,
    0, 0, 0, 0, 0, 0, 0, 0,
    0, 0, 0, 0, 0, 0, 0, 0,
    0, -26, 0, 0, 0, 0, 0, 0,
    0, 0, 0, 0, 0, 0, 0, 0,
    0, -6, -10, -10, 0, 0, 0, 0,
    0, 0, 0, 0, 0, 0, -8, 0,
    0, 0, 0, 0, 0, 0, 0, 0,
    0, 0, 0, 0, 0, 0, 0, 0,
    0, 0, 0, 0, 0, 0, 0, 0,
    0, 0, 0, 0, 0, 0, 0, 0,
    0, 0, 0, 0, 0, 0, 0, 0,
    0, 0, 0, 0, 0, 0, 0, 0,
    0, 0, 0, 0, 0, 0, 0, 0,
    0, 0, 0, 0, 0, 0, 0, 0,
    -5, 0, 0, 0, 0, -6, 0, 0,
    0, 0, 0, 0, 0, 0, 0, 0,
    0, 0, 0, 0, 0, 0, 0, 0,
    0, 0, 0, 0, 0, 0, 0, 0,
    0, 0, 0, 0, 0, 0, 0, 0,
    0, 0, 0, 0, 0, 0, 0, 0,
    0, 0, 0, 0, 0, 0, 0, 0,
    0, 0, 0, 0, 0, 0, 0, 0,
    -11, -2, 0, 0, 0, 0, -13, 4,
    0, 0, 0, -13, 0, 0, 0, 0,
    0, 0, 0, 0, 0, 0, 0, 0,
    0, 0, 0, 0, 0, 0, 0, 0,
    0, 0, 0, 0, 0, 0, 0, 0,
    0, 0, 0, 0, 0, 0, 0, 0,
    0, 0, 0, 0, 0, 0, 0, 0,
    -2, 0, 0, 0, 0, 0, 0, 0,
    0, 0, 0, -3, 0, 0, 0, 0,
    0, 0, -2, 0, 0, 0, 0, 0,
    0, 0, 0, 0, 0, 0, 0, 0,
    0, 0, 0, 0, 0, 0, 0, 0,
    0, 0, 0, 0, 0, 0, 0, 0,
    0, 0, 0, 0, 0, 0, 0, 0,
    0, 0, 0, 0, 0, 0, 0, 0,
    0, 0, 0, 0, 0, 0, 0, 0,
    0, 0, 0, 0, 0, 0, 0, 0,
    -26, 0, 0, 0, 0, 0, 0, 0,
    0, 0, 0, 0, 0, 0, 0, 0,
    0, 0, 0, 0, 0, 0, 0, 0,
    0, 0, 0, 0, 0, 0, 0, 0,
    0, 0, 0, 0, 0, 0, 0, 0,
    0, 0, 0, 0, 0, 0, 0, 0,
    0, 0, 0, 0, 0, 0, 0, 0,
    0, 0, 0, 0, -32, -6, -32, 0,
    0, 0, -13, 0, 0, 0, 0, 11,
    0, 0, 0, 0, 11, -6, -6, 0,
    0, -6, -6, -19, -6, -22, 0, -19,
    0, 0, 0, -8, 0, 0, 0, 0,
    0, 0, 0, -6, 0, -13, 0, -16,
    0, 0, -6, -19, 0, 0, 0, 0,
    -6, 0, -32, 0, 0, 0, 0, 0,
    0, 0, 0, -26, -38, -26, 0, 0,
    0, 0, 0, 0, -10, 0, 0, 0,
    0, 0, 0, 0, 0, 0, 0, 0,
    0, 0, 0, 0, 0, 0, -6, 0,
    -10, -10, -10, 0, 0, 0, 0, 0,
    0, 0, 0, 0, 0, 0, 0, 0,
    0, 0, 0, 0, 0, 0, -10, 0,
    0, 0, 0, 0, 0, 0, 0, 0,
    0, 0, 0, 0, 0, 0, 0, 0,
    0, 0, 0, 10, 0, 0, -19, -16,
    0, 0, 0, 0, 0, -6, 0, 0,
    0, 0, -6, 0, 0, 0, 0, 0,
    10, 0, 0, -6, -10, -10, 0, 0,
    0, 0, 0, 0, 0, 0, 0, 0,
    0, 0, 0, 0, 0, 0, 0, 0,
    0, -10, 0, 0, 0, 0, 0, 0,
    0, 0, 0, 0, 0, 0, 0, 0,
    0, 0, 0, 0, 0, 0, 0, 0,
    0, -19, -16, 0, 0, 0, 0, 0,
    -6, 0, 0, 0, 0, -6, 0, 0,
    0, 0, 0, 0, -6, 0, -10, -10,
    -10, -5, 0, 0, 0, 0, 0, 0,
    0, 0, 0, 0, 0, 0, 0, 0,
    0, 0, 0, 0, -10, 0, 0, 0,
    0, 0, 0, 0, 0, 0, 0, 0,
    0, 0, 0, 0, 0, 0, 0, 0,
    0, -4, 0, 0, 0, 0, 0, 0,
    0, 0, 0, 0, 0, 0, 0, 0,
    0, -8, -10, 0, 0, -10, -4, 0,
    0, 0, 0, 0, 0, 0, 0, 0,
    0, 0, 0, 0, 0, 0, 0, 0,
    0, 0, 0, 0, 0, 0, -10, 0,
    0, 0, 0, 0, 0, 0, 0, 0,
    0, 0, 0, 0, 0, 0, 0, 0,
    0, 0, 0, 0, 0, 0, 0, 0,
    -37, 0, 0, 0, 0, 0, -3, 0,
    0, 0, 0, -3, 0, 0, 0, -11,
    0, 0, 0, 0, 0, 0, 0, 0,
    -6, -5, 0, 0, 0, 0, 0, -6,
    0, 0, 0, 0, 0, 0, 0, 0,
    -6, 0, 0, 0, -6, 0, 0, 0,
    0, 0, 0, 0, -6, 0, 0, 0,
    0, 0, 0, 0, 0, 0, 0, 0,
    0, 0, 0, -16, 0, 0, 0, 0,
    0, -6, 0, 0, 0, 0, -6, 0,
    0, 0, 0, 0, 0, -6, 0, -10,
    -10, -10, 0, 0, 0, 0, 0, 0,
    0, 0, 0, 0, 0, 0, 0, 0,
    0, 0, 0, 0, 0, -10, 0, 0,
    0, 0, 0, 0, 0, 0, 0, 0,
    0, 0, 0, 0, 0, 0, 0, 0,
    0, 0, 0, 0, 0, 0, 0, 0,
    0, 0, 0, 0, 0, 0, 0, 0,
    0, 0, 0, 0, 0, 0, 0, 0,
    0, 0, 0, 0, -13, 0, 0, 0,
    0, 0, 0, 0, 0, 0, 0, 0,
    0, 0, 0, 0, 0, 0, 0, 0,
    -13, 0, 0, 0, 0, 0, 0, 0,
    0, 0, 0, 0, 0, 0, 0, 0,
    0, 0, 0, 0, 0, 0, 0, 0,
    0, -16, 0, 0, 0, 0, 0, -6,
    0, 0, 0, 0, -6, 0, 0, 0,
    0, 0, 0, 0, 0, 0, 0, 0,
    0, 0, 0, 0, 0, 0, 0, 0,
    0, 0, 0, 0, 0, 0, 0, 0,
    0, 0, 0, 0, 0, 0, 0, 0,
    0, 0, 0, 0, 0, 0, 0, 0,
    0, 0, 0, 0, 0, 0, -6, 0,
    -10, 0, 0, 0, 0, -16, 0, 0,
    0, 0, 0, 0, 0, 0, 0, 0,
    -6, -12, 0, 0, -10, -10, 0, 0,
    0, 0, 0, 0, 0, -13, 0, -10,
    0, 0, 0, -11, 0, -6, -10, -11,
    0, 0, -14, 0, -11, -12, 0, 0,
    -10, -11, 0, -6, 0, 0, 0, 0,
    -11, 0, 0, 0, 0, 0, 0, -6,
    0, -16, -38, 0, -38, 0, -10, 0,
    -26, 0, 0, 0, 0, 0, 0, 0,
    0, 0, 0, 0, -6, 0, 0, -6,
    0, -32, 0, -26, 0, -32, 0, 0,
    0, -6, 0, 0, 0, 0, 0, 0,
    0, -8, 0, -11, 0, -16, 0, 0,
    -6, -32, 0, 0, 0, 0, 0, 0,
    -38, 0, 0, 0, 0, 0, 0, 0,
    0, -38, -38, -38, 0, 0, 0, 0,
    0, -19, -16, 0, 0, 0, 0, 0,
    -6, 0, 0, 0, 0, -6, 0, 0,
    0, 0, 0, 0, -6, 0, -10, -16,
    -10, 0, 0, 0, 0, 0, 0, 0,
    0, 0, 0, 0, 0, 0, 0, -6,
    0, 0, 0, 0, -10, 0, 0, 0,
    0, 0, 0, 0, 0, 0, 0, 0,
    0, 0, 0, 0, 0, 0, 0, 0,
    0, 0, 0, 0, -19, -51, 0, 0,
    0, 0, 0, -16, 0, 0, 0, 0,
    -16, 0, 0, 0, -11, 0, 0, 0,
    0, 0, -10, 0, 0, -5, -2, 13,
    0, 0, 0, 0, 0, 0, 0, 0,
    0, 0, 0, 0, 0, 0, 0, 0,
    0, 0, 0, 0, 0, 0, 0, 0,
    0, 0, 0, 0, 0, 0, 0, 0,
    0, 0, 0, 0, 0, 0, 0, -19,
    -10, 0, 0, 0, 0, 0, -6, 0,
    0, 0, 0, -6, 0, 0, 0, 0,
    0, 0, -6, 0, -10, -10, -10, 0,
    0, 0, 0, 0, 0, 0, 0, 0,
    0, 0, 0, 0, 0, -6, 0, 0,
    0, 0, -10, 0, 0, 0, 0, 0,
    0, 0, 0, 0, 0, 0, 0, 0,
    0, 0, 0, 0, 0, 0, 0, 0,
    0, 0, 0, 0, 0, 0, 0, 0,
    0, 0, 0, 0, 0, 0, 0, -6,
    0, 0, 0, 0, 0, 0, 0, 0,
    0, -4, 0, 0, 0, 0, 0, 0,
    0, 0, 0, 0, 0, 0, 0, 0,
    0, 0, 0, 0, 0, -4, 10, 0,
    0, 0, 0, 0, 0, 0, 0, 0,
    0, 0, 0, 0, 0, 0, 0, 0,
    0, 0, 5, 0, 0, -19, -8, 0,
    0, 0, 0, 0, 0, 0, 0, 0,
    0, 0, 0, 0, 0, 0, 0, 5,
    0, 0, -6, -10, -10, 0, 0, 0,
    0, 0, 0, 0, 0, 0, 0, 0,
    0, 0, 0, 0, -3, 0, 0, 0,
    -10, 0, 0, 0, 0, 0, 0, 0,
    0, 0, 0, 0, 0, 0, 0, 0,
    0, 0, 0, -10, 0, 0, 0, 0,
    0, -32, -32, 0, 0, 0, 0, -6,
    0, 0, -32, -29, -6, 0, 0, 0,
    -26, 0, 0, 19, 0, 0, 0, 10,
    0, -22, -26, 0, -26, 0, 0, -16,
    -26, -16, -19, 0, -16, -19, -22, -22,
    -19, -22, 0, 10, 0, -22, -22, -16,
    0, 0, 0, -26, 0, -22, 0, -10,
    0, 0, 0, 0, 0, 13, 0, 0,
    -10, 0, 0, 0, -6, 0, 0, 0,
    0, 0, -10, 0, 0, 0, 0, -10,
    0, 0, 0, 0, 0, -10, 0, 0,
    0, 0, 0, 0, 0, 0, 0, 0,
    0, 0, 0, 0, 0, 0, 0, 0,
    0, 0, 0, 0, 0, 0, 0, 0,
    0, 0, 0, 0, 0, 0, 0, 0,
    0, 0, 0, 0, 0, 0, 0, 0,
    0, 0, 0, -6, 0, 0, 0, -19,
    -14, 0, 0, 0, 0, -22, 0, 0,
    -16, -16, -22, -6, -6, 0, -10, -6,
    -6, 0, 0, 0, 0, 0, 0, -14,
    -19, 0, -14, 0, -6, -10, -14, 0,
    -10, 0, -10, -10, -10, 0, -6, -14,
    -6, 0, 0, -14, 0, -10, -6, 0,
    0, 0, 0, -14, 0, 0, 0, 0,
    0, 0, 0, 0, 0, 0, -6, 0,
    0, 0, 0, -10, 13, 0, 0, 0,
    0, 0, 0, 0, 0, 0, -10, -10,
    0, 0, -10, -6, 13, 0, 0, 0,
    0, 0, 0, -6, 0, 0, 0, 0,
    0, 0, 0, 0, 0, 0, 0, 0,
    0, 0, 0, -10, 0, 0, 0, 0,
    0, -10, 0, 0, 0, 0, 0, 0,
    0, 0, 0, 0, 0, 0, 0, -13,
    0, -10, 0, 0, 0, -45, -32, 0,
    0, 0, 0, -22, 0, 0, -11, -26,
    -22, -13, -13, -11, -26, -13, -10, 10,
    0, 0, -6, 10, 0, -26, -26, 0,
    -26, 0, 0, -16, -26, -13, -26, 0,
    -13, -11, -10, -11, -11, -26, -13, 10,
    0, -26, 0, -13, -13, 0, 0, 0,
    0, -26, 0, 0, -8, 0, 0, 0,
    0, 0, 0, 0, 0, 0, 0, 0,
    0, 0, 0, 0, 0, 0, 0, 0,
    0, 0, 0, 0, 0, 0, 0, 0,
    0, 0, 13, 0, 0, 0, 0, 0,
    0, 0, 0, 0, 0, 0, 0, 0,
    0, 0, 0, 0, -19, 0, 0, 0,
    0, 0, 0, 0, 0, 0, 0, 0,
    0, 0, 0, 0, 0, 0, 0, 0,
    0, 0, 0, 0, 0, 0, -6, 0,
    -6, 0, -6, 0, 0, 0, 0, 0,
    0, 0, 0, 0, 0, 0, 0, 0,
    0, 0, 0, 0, 0, -19, 0, -10,
    0, -19, 0, 0, 0, 0, 0, 0,
    0, 0, 0, 0, 0, 0, 0, -6,
    0, -10, 0, 0, 0, -19, 0, 0,
    0, 0, 0, 0, -6, 0, 0, 0,
    0, 0, 0, 0, 0, -10, -10, -6,
    0, -6, 0, -6, 0, -13, -6, 0,
    0, 0, 0, 0, -2, 0, -6, 0,
    0, -2, 0, 0, 0, 0, 0, 0,
    -19, 0, -10, -6, -26, 0, 0, 0,
    0, 0, 0, 0, 0, 0, 0, -3,
    0, 0, -6, -6, -11, -6, 0, 0,
    -26, 0, 0, 0, 0, 0, 0, -6,
    0, -13, 0, 0, -4, 0, 0, 0,
    -10, -10, -6, 0, -6, 0, -6, 0,
    -13, -6, 0, 0, 0, 0, 0, 0,
    0, 0, 0, 0, 0, 0, 0, 0,
    0, 0, 0, -19, 0, -10, 0, -19,
    0, -2, -5, 0, 0, 0, -5, 0,
    0, 0, 0, 0, 0, 0, 0, -6,
    0, 0, 0, -19, 0, 0, 0, 0,
    0, 0, -6, 0, 0, 0, 0, -2,
    0, 0, 0, -10, -10, -6, 0, 0,
    0, 0, -8, -13, -6, 0, 0, 0,
    0, 0, 0, 0, 0, 0, 0, 0,
    0, 0, 0, 0, 0, 0, -19, 0,
    -10, 0, -19, 0, -3, 0, 0, 0,
    0, 0, -5, 0, 0, 0, 0, 0,
    -6, -6, -3, 0, 0, 0, -19, 0,
    0, 0, 0, 0, 0, 0, 0, 0,
    0, 0, -4, 0, 0, 0, 0, 0,
    -10, 0, 0, 0, 10, 0, 0, -16,
    0, 0, 0, 0, 0, 0, 0, 0,
    0, 0, 0, 0, 0, 10, 0, 0,
    0, 19, 0, 0, 0, 0, 0, -5,
    -6, 0, 0, 10, 5, 0, 0, 0,
    0, 0, 0, 0, 0, 0, 0, 0,
    0, 0, 0, 0, 0, 0, 0, 3,
    10, 0, 0, 0, 0, 0, 0, 0,
    0, 10, 13, 10, 0, 0, 0, 0,
    0, 0, 0, 0, 0, 0, 0, 0,
    0, 0, 0, 0, 0, 0, 0, 0,
    0, 0, 0, 0, -16, 0, 0, 0,
    -16, 0, 0, 0, 0, 0, 0, 0,
    0, 0, 0, 0, 0, 0, 0, 0,
    0, 0, 0, 0, -16, 0, 0, 0,
    0, 0, 0, 0, 0, 0, 0, 0,
    0, 0, 0, 0, 0, -16, 0, 0,
    -6, 0, -6, 0, -6, 0, 0, 0,
    0, 0, 0, 0, 0, 0, 0, 0,
    0, 0, 0, 0, 0, 0, 0, -19,
    0, 0, 0, 0, 0, 0, 0, 0,
    0, 0, 0, 0, 0, 0, 0, 0,
    0, 0, 0, 0, 0, 0, 0, 0,
    0, 0, 0, 0, 0, 0, -6, 0,
    0, 0, 0, 0, 0, 0, 0, -6,
    -10, -6, 0, 0, 0, -14, 0, 0,
    0, 0, 0, 0, 0, 0, 0, 0,
    0, 0, 0, 0, 0, 0, 0, 0,
    0, 0, 0, 0, 0, 0, 0, 0,
    0, 0, 0, 0, 0, 0, 0, 0,
    0, 0, 0, 0, 0, 0, 0, 0,
    0, 0, 0, 0, 0, 0, 0, 0,
    0, -14, 0, 0, 0, 0, 0, 0,
    0, 0, -14, 0, 0, 0, 0, 0,
    0, 0, 0, 0, -10, 0, 0, 0,
    0, 0, 0, 0, 0, 0, 0, 0,
    0, 0, 0, 0, 0, 0, 0, 0,
    0, 0, 0, 0, -3, 0, 0, 0,
    0, 0, -10, 0, -3, 0, 0, 0,
    0, 0, 0, -6, 0, 0, 0, -6,
    0, 0, 0, 0, 0, 0, 0, -6,
    0, 0, 0, 0, 0, 0, 0, 0,
    0, -6, 0, -13, 0, -6, 0, 0,
    0, 0, 0, 0, 0, 0, 0, 0,
    0, 0, 0, 0, 0, 0, 0, 0,
    -19, 0, 0, 0, -22, 0, 0, -2,
    0, 0, 0, 0, 0, 0, 0, 0,
    0, 0, 0, 0, -6, 0, 0, 0,
    -22, 0, 0, 0, 0, 0, 0, -13,
    0, 0, 0, 0, 0, 0, 0, 0,
    -13, -6, -6, 0, -10, 0, -10, 0,
    -13, -6, 0, 0, 0, 0, 0, -2,
    0, -6, 0, 0, -2, 0, 0, 0,
    0, 0, 0, -19, 0, -10, -6, -26,
    0, 0, 0, 0, 0, 0, 0, 0,
    0, 0, -3, 0, 0, -6, -5, -6,
    -6, 0, 0, -26, 0, 0, 0, 0,
    0, 0, -10, 0, -13, 0, 0, -4,
    0, 0, 0, -6, -10, -10, 0, 0,
    0, 0, 0, -6, -26, 0, 0, 0,
    0, 0, 0, 0, 0, 0, 0, 0,
    0, 0, 0, 0, 0, 0, 0, 0,
    0, 0, -6, 0, -5, -3, 0, -6,
    0, 0, 0, 0, 0, -6, 0, 0,
    0, 0, -4, 0, 0, 0, -6, 0,
    0, 0, 0, 0, 0, 0, 0, 0,
    0, 0, 0, 0, 0, 0, 0, 0,
    0, 0, -6, 0, -6, 0, -4, 0,
    0, 0, 0, 0, 0, 0, 0, 0,
    0, 0, 0, 0, 0, 0, 0, 0,
    0, -16, 0, -10, 0, -19, 0, 0,
    0, 0, 0, 0, 0, 0, 0, 0,
    0, 0, 0, -6, -6, -6, 0, 0,
    0, -19, 0, 0, 0, 0, 0, 0,
    -6, 0, 0, 0, 0, 0, 0, 0,
    0, -6, -10, -10, 0, 0, 0, 0,
    0, 0, 0, 0, 0, 0, 0, 0,
    0, 0, 0, 0, 0, 0, 0, 0,
    0, 0, 0, 0, 0, 0, 0, 0,
    -6, 0, 0, -8, 0, 0, 0, 0,
    0, 0, 0, 0, 0, 0, 0, 0,
    -5, 0, 0, 0, -6, 0, 0, 0,
    0, 0, 0, 0, 0, 0, 0, 0,
    0, 0, 0, 0, 0, 0, 0, 0,
    0, 0, 0, -13, -6, -26, 0, 0,
    0, 0, 0, -8, 0, 0, 0, 0,
    -8, 0, 0, 0, 0, 0, 0, -19,
    0, 0, 0, -11, 0, -10, -6, 0,
    -6, 0, 0, 0, -6, 0, -6, 0,
    0, 0, 0, -2, 0, 0, 0, -11,
    0, 0, 0, 0, 0, 0, 0, 0,
    0, 0, -10, 0, 0, 0, 0, 0,
    0, 0, 0, 0, 0, 0, 0, 0,
    0, 0, 0, 0, 0, 0, 0, 0,
    0, 0, 0, 0, 0, 0, 0, 0,
    0, 0, -16, 0, 0, 0, -10, 0,
    -6, -6, 0, -6, 0, 0, 0, -6,
    0, 0, 0, 0, -3, 0, 0, 0,
    -6, 0, -10, 0, -6, -6, 0, 0,
    0, 0, 0, 0, -6, 0, 0, 0,
    0, 0, 0, 0, 0, 0, 0, 0,
    0, 0, 0, -26, 0, 0, 0, 0,
    0, -6, 0, 0, 0, 0, -6, 0,
    0, 0, 0, 0, 0, -13, 0, 0,
    0, -11, 0, -6, -6, 13, -5, 0,
    0, 0, 0, 0, 0, 13, 0, 0,
    0, 0, 0, 0, 0, -11, 0, 0,
    0, 0, 0, 0, 0, 0, 0, 0,
    0, 0, 0, 0, 0, 0, 0, 10,
    0, 0, 0, 0, 0, 0, 0, 0,
    0, 0, 0, 0, 0, 0, 0, 0,
    0, 0, 0, 0, 0, 0, 0, 0,
    -16, 0, 0, 0, -11, 0, -10, -13,
    0, 0, 0, 0, 0, -10, 0, 0,
    0, 0, 0, 0, -4, 0, -10, 0,
    -11, 0, -10, -10, 0, 0, 0, 0,
    0, 0, -10, 0, 0, 0, 0, 0,
    0, 0, 0, 0, -6, 0, -6, 0,
    -13, -6, 0, 0, 0, 0, 0, 0,
    0, 0, 0, 0, 0, 0, 0, 0,
    0, 0, 0, 0, 0, 0, 0, 0,
    0, 0, 0, 0, 0, 0, 0, 0,
    0, 0, 0, 0, 0, 0, 0, 0,
    0, 0, 0, -19, 0, 0, 0, 0,
    0, 0, 0, 0, 0, 0, 0, 0,
    0, 0, 0, -10, -10, -6, 0, 0,
    0, 0, 0, -19, -16, 0, 0, 0,
    0, 0, -6, 0, 0, 0, 0, 0,
    0, 0, 0, 0, 0, 0, 0, 0,
    0, 0, 0, 0, 0, 0, 0, 0,
    0, 0, 0, 0, 0, 0, 0, 0,
    0, 0, 0, 0, 0, 0, -10, 0,
    0, 0, 0, 0, 0, 0, 0, 0,
    0, 0, 0, 0, 0, 0, 0, 0,
    0, -13, 0, -10, 0, 0, 0, -45,
    -32, 0, 0, 0, 0, -22, 0, 0,
    -11, -26, 0, 0, 0, 0, 0, 0,
    0, 0, 0, 0, 0, 0, 0, 0,
    0, 0, 0, 0, 0, 0, 0, 0,
    0, 0, 0, 0, 0, 0, 0, -26,
    -13, 10, 0, 0, 0, 0, 0, 0,
    0, 0, 0, 0, 0, 0, 0, 0,
    0, 0, 0, 0, 0, 0, 0, 0,
    0, 0, 0, 0, 0, 0, 0, 0,
    -13, 0, 0, 0, 0, -13, 0, 0,
    0, 0, 0, 0, 0, 0, 0, 0,
    0, 0, 0, 0, 0, 0, 0, 0,
    0, 0, 0, 0, 0, 0, 0, 0,
    0, 0, 0, 0, 0, 0, 0, 0,
    0, 0, 0, 0, 0, 0, 0, 0,
    0, 0, 0, 0, 0, 0, 0, 0,
    0, 0, 0, 0, 0, 0, 0, 0,
    0, 0, 0, -6, 0, 0, 0, 0,
    -6, 0, 0, -5, 0, 0, 0, 0,
    0, 0, 0, 0, 0, 0, 0, 0,
    0, 0, 0, 0, 0, 0, 0, 0,
    0, 0, 0, 0, 0, 0, 0, 0,
    0, 0, 0, 0, 0, 0, 0, 0,
    0, 0, 0, 0, 0, 0, 0, 0,
    0, 0, 0, 0, 0, 0, 0, 0,
    0, 0, 0, 0, 0, 0, 0, 0,
    0, 0, 0, 0, 0, 0, 0, 0,
    0, 0, -19, 0, 0, 0, -19, 0,
    0, 0, 0, 0, 0, 0, 0, 0,
    0, 0, 0, 0, 0, -6, -6, 0,
    0, 0, -19, 0, 0, 0, 0, 0,
    -3, 0, 0, 0, 0, 0, 0, 0,
    0, 0, 0, 0, 0, 0, 0, -13,
    3, 0, 0, 0, 0, 0, 0, 0,
    0, -38, 0, 0, 0, 0, -38, 0,
    0, 0, 0, 0, -13, 0, 0, 0,
    0, 0, 0, -10, -26, 0, -10, 0,
    10, 0, -10, 0, -26, 0, 0, 0,
    0, 0, 0, -10, 0, 0, 0, 0,
    -10, 0, 0, 0, 3, 0, 0, -10,
    0, 0, 0, 0, 0, 3, 0, 0,
    0, 0, 0, 0, 0, 0, 0, 0,
    0, 0, 0, 0, 0, 0, 0, 0,
    0, 0, 0, 0, 0, 0, 0, 0,
    0, 0, 0, 0, 0, 0, 0, -10,
    -10, 0, 0, 0, 0, 0, 0, 0,
    0, 0, -17, 0, 0, 0, 0, 0,
    0, 0, 0, 0, 0, 0, 0, 0,
    0, 0, 0, 0, -17, 0, 0, 0,
    0, 0, 0, 0, 0, 0, 0, 0,
    0, 0, 0, 0, 0, 0, 0, 0,
    0, 0, 0, 0, 0, 0, 0, 0,
    0, 0, 0, 0, 0, 0, 0, 0,
    0, 0, -10, 0, 0, 0, 0, 0,
    0, 0, 0, 0, 0, 0, 0, 0,
    0, 0, 0, 0, 0, 0, 0, 0,
    0, 0, 0, 0, 0, 0, 0, -13,
    0, 0, 0, 0, 0, 0, 0, 0,
    0, 0, 0, 0, 0, 0, 0, 0,
    0, 0, 0, 0, 0, 0, 0, 0,
    0, 0, 0, 0, 0, 0, 0, 0,
    0, 0, 0, 0, 0, -10, 0, 0,
    0, 0, 0, 0, 0, 0, 0, -10,
    0, 0, 0, 0, 0, 0, 0, 0,
    0, 0, 0, 0, 0, 0, 0, 0,
    0, 0, 0, 0, 0, 0, 0, 0,
    0, 0, 0, 0, 0, 0, 0, 0,
    0, 0, 0, 0, 0, 0, 0, 0,
    0, 0, 0, 0, 0, 0, 0, 0,
    0, 0, 0, 0, 0, 0, 0, 0,
    0, 0, 0, 0, 0, 0, 0, 0,
    0, 0, 0, 0, 0, 0, 0, 0,
    0, 0, 0, 0, 0, 0, 0, 0,
    0, 0, -5, 0, 0, -6, 0, 0,
    0, 0, 0, 0, 0, 0, 0, 0,
    0, 0, 0, 0, 0, 0, 0, 0,
    0, 0, 0, 0, 0, 0, 0, 0,
    0, 0, 0, 0, 0, 0, 0, 0,
    0, 0, 0, 0, 0, 0, 0, 0,
    0, 0, 0, 0, 0, 0, 0, 0,
    -13, 0, 0, 0, 0, 0, 0, 0,
    0, 0, 0, 0, 0, 0, 0, 0,
    0, 0, 0, 0, 0, 0, 0, 0,
    0, 0, 0, 0, 0, 0, 0, 0,
    -3, 0, 0, 3, -5, 0, 0, 0,
    3, 0, 0, 0, 0, 0, 0, 0,
    0, 0, 0, 0, 0, 0, 0, 0,
    0, 0, 0, 0, 0, 0, 0, 0,
    0, 0, 0, 0, 0, 0, 0, 0,
    0, 0, 0, 0, 0, 0, 0, 0,
    0, 0, 0, 0, 0, 0, 0, 0,
    0, 0, 0, 0, -13, 3, 0, 0,
    0, 0, 0, 0, 0, 0, -38, 0,
    0, 0, 0, 0, 0, 0, 0, 0,
    0, 0, 0, 0, 0, 0, 0, 0,
    0, 0, 0, 0, 0, 0, 0, 0,
    0, 0, 0, 0, 0, 0, 0, 0,
    -13, 0, 0, 0, 0, 0, 0, 0,
    0, 0, 0, 0, 0, 0, 0, 0,
    0, 0, 3, 0, 0, 0, 0, 0,
    0, 0, 0, 0, 0, 0, 0, 0,
    0, -38, 0, 0, 0, 0, -38, 0,
    0, 0, -38, 0, 0, 0, 0, 0,
    0, 0, 0, -10, -10, 0, -10, 0,
    0, 0, -10, 0, -10, 10, 0, 0,
    0, 0, 0, -10, 0, 0, 0, 0,
    -10, 0, 0, 0, 0, 0, 0, -10,
    0, 0, 0, 0, 0, 0, 0, 0,
    0, 0, 0, 0, 0, 0, -58, 0,
    0, 0, 0, 0, -38, 0, 0, -45,
    -45, -38, 0, 0, 0, -32, 0, 0,
    0, 0, 0, 0, 0, 0, 0, -10,
    -10, -13, 0, 0, 0, -10, 0, -10,
    0, 0, 0, 0, 0, 0, -10, 0,
    0, 0, 0, -10, 0, 0, 0, 0,
    0, 0, -10, 0, 0, 0, 0, 0,
    0, 0, 0
};


/*Collect the kern class' data in one place*/
static const lv_font_fmt_txt_kern_classes_t kern_classes =
{
    .class_pair_values   = kern_class_values,
    .left_class_mapping  = kern_left_class_mapping,
    .right_class_mapping = kern_right_class_mapping,
    .left_class_cnt      = 73,
    .right_class_cnt     = 67,
};

/*--------------------
 *  ALL CUSTOM DATA
 *--------------------*/

#if LVGL_VERSION_MAJOR == 8
/*Store all the custom data of the font*/
static  lv_font_fmt_txt_glyph_cache_t cache;
#endif

#if LVGL_VERSION_MAJOR >= 8
static const lv_font_fmt_txt_dsc_t font_dsc = {
#else
static lv_font_fmt_txt_dsc_t font_dsc = {
#endif
    .glyph_bitmap = glyph_bitmap,
    .glyph_dsc = glyph_dsc,
    .cmaps = cmaps,
    .kern_dsc = &kern_classes,
    .kern_scale = 16,
    .cmap_num = 10,
    .bpp = 4,
    .kern_classes = 1,
    .bitmap_format = 1,
#if LVGL_VERSION_MAJOR == 8
    .cache = &cache
#endif
};

extern const lv_font_t font_jp20;


/*-----------------
 *  PUBLIC FONT
 *----------------*/

/*Initialize a public general font descriptor*/
#if LVGL_VERSION_MAJOR >= 8
const lv_font_t font_govde = {
#else
lv_font_t font_govde = {
#endif
    .get_glyph_dsc = lv_font_get_glyph_dsc_fmt_txt,    /*Function pointer to get glyph's data*/
    .get_glyph_bitmap = lv_font_get_bitmap_fmt_txt,    /*Function pointer to get glyph's bitmap*/
    .line_height = 27,          /*The maximum line height required by the font*/
    .base_line = 6,             /*Baseline measured from the bottom of the line*/
#if !(LVGL_VERSION_MAJOR == 6 && LVGL_VERSION_MINOR == 0)
    .subpx = LV_FONT_SUBPX_NONE,
#endif
#if LV_VERSION_CHECK(7, 4, 0) || LVGL_VERSION_MAJOR >= 8
    .underline_position = -1,
    .underline_thickness = 1,
#endif
    .dsc = &font_dsc,          /*The custom font data. Will be accessed by `get_glyph_bitmap/dsc` */
#if LV_VERSION_CHECK(8, 2, 0) || LVGL_VERSION_MAJOR >= 9
    .fallback = &font_jp20,
#endif
    .user_data = NULL,
};



#endif /*#if FONT_GOVDE*/

