/*******************************************************************************
 * Size: 16 px
 * Bpp: 4
 * Opts: --font font-tools\build\Manrope-600-latin.ttf -r 0x20-0xFFFF --size 16 --bpp 4 --format lvgl --lv-include lvgl.h --lv-font-name font_kucuk -o panel-firmware\main\fonts\font_kucuk.c
 ******************************************************************************/

#ifdef LV_LVGL_H_INCLUDE_SIMPLE
#include "lvgl.h"
#else
#include "lvgl.h"
#endif

#ifndef FONT_KUCUK
#define FONT_KUCUK 1
#endif

#if FONT_KUCUK

/*-----------------
 *    BITMAPS
 *----------------*/

/*Store the image of the glyphs*/
static LV_ATTRIBUTE_LARGE_CONST const uint8_t glyph_bitmap[] = {
    /* U+0020 " " */

    /* U+0021 "!" */
    0x1f, 0x90, 0xf, 0xfe, 0x48, 0x9f, 0x6, 0x38,
    0x53, 0xa, 0xf8,

    /* U+0022 "\"" */
    0xf, 0xa3, 0xf7, 0x0, 0xf8, 0x4c, 0x4, 0x40,

    /* U+0023 "#" */
    0x0, 0xf7, 0x58, 0xf, 0xc0, 0x7, 0xc6, 0x3a,
    0xe, 0x18, 0x1, 0xf2, 0x2, 0x6, 0x2, 0x0,
    0x6c, 0xff, 0x40, 0x6f, 0xa8, 0x7f, 0xb0, 0x0,
    0xac, 0xa0, 0x4c, 0x80, 0x6c, 0xc9, 0x0, 0x4c,
    0xb8, 0x2e, 0x74, 0x3e, 0x64, 0xa0, 0x18, 0xc1,
    0x3, 0x0, 0xc0, 0x35, 0xff, 0xa0, 0x37, 0xd4,
    0x3f, 0xd8, 0x0, 0x26, 0x50, 0x26, 0x40, 0x36,
    0x64, 0x80, 0x26, 0x5c, 0x17, 0x3a, 0x1f, 0x32,
    0x50, 0xd, 0x80, 0x81, 0x80, 0x60, 0x1f, 0x20,
    0x90, 0x22, 0x0, 0x38,

    /* U+0024 "$" */
    0x0, 0xcc, 0xc0, 0xf, 0xd7, 0x60, 0xf, 0x2e,
    0x11, 0x2d, 0x0, 0x26, 0xa2, 0x55, 0x25, 0xa0,
    0x2, 0x7, 0xea, 0x9a, 0x14, 0x0, 0x12, 0x10,
    0x1, 0x4b, 0x0, 0x10, 0xe4, 0xc0, 0xd, 0x0,
    0xa, 0x36, 0xce, 0x93, 0x0, 0x87, 0x30, 0xe6,
    0xd9, 0x0, 0x18, 0xe3, 0x74, 0x4e, 0x27, 0x6a,
    0x1, 0x15, 0x1, 0x11, 0x20, 0x40, 0x2c, 0x2,
    0x18, 0x2e, 0xba, 0xe4, 0x61, 0x7, 0xa3, 0x45,
    0x39, 0x90, 0x4, 0xb8, 0x44, 0xd6, 0x0, 0xf5,
    0xd8, 0x3, 0x0,

    /* U+0025 "%" */
    0x1, 0xaf, 0xe7, 0x0, 0xe6, 0x20, 0x5, 0x2b,
    0xa4, 0x30, 0x4, 0xd3, 0x20, 0x2, 0x44, 0x28,
    0xf4, 0x0, 0xd2, 0x54, 0x0, 0x1b, 0x35, 0x33,
    0x3, 0x49, 0x60, 0x80, 0x28, 0xb2, 0x8e, 0x56,
    0x4b, 0x4, 0x2, 0x4f, 0xbc, 0xc2, 0x51, 0x60,
    0x7, 0x85, 0xd, 0x68, 0xa7, 0xfb, 0x8a, 0x1,
    0xcb, 0x45, 0xf4, 0x72, 0xb4, 0x40, 0x12, 0xd1,
    0x63, 0xf, 0x35, 0x2, 0x0, 0x12, 0x8b, 0x5,
    0xc1, 0xc0, 0xc0, 0x24, 0xb2, 0xc1, 0x3, 0x2a,
    0x8f, 0x17, 0x5, 0x56, 0x8, 0x5, 0xe4, 0xe1,
    0xa2,

    /* U+0026 "&" */
    0x0, 0x1e, 0x7f, 0xac, 0x80, 0x31, 0x61, 0xaa,
    0x23, 0x4, 0x2, 0xa0, 0xba, 0xbb, 0x48, 0x6,
    0x10, 0x60, 0x2, 0x38, 0x80, 0x5a, 0x12, 0x1,
    0xf9, 0x9, 0x2c, 0x2, 0x20, 0xa, 0x88, 0xd3,
    0x5, 0xb4, 0x40, 0x55, 0x32, 0x4f, 0x4, 0x2,
    0x30, 0x30, 0x6b, 0x28, 0x0, 0x88, 0x14, 0x0,
    0x94, 0x0, 0x20, 0x3, 0x97, 0x55, 0x40, 0xc,
    0x20, 0x89, 0x35, 0x51, 0xd6, 0xb1, 0x0,

    /* U+0027 "'" */
    0xf, 0xa0, 0xc, 0x26,

    /* U+0028 "(" */
    0x0, 0xb, 0x80, 0x55, 0x4, 0x8, 0x87, 0x20,
    0xf1, 0x80, 0x14, 0x60, 0x3, 0x85, 0x0, 0x3c,
    0x8, 0x0, 0x44, 0x0, 0x9c, 0x40, 0x27, 0x0,
    0xc2, 0x40, 0x16, 0x88, 0x80, 0x8, 0xe, 0x0,
    0x32, 0xa0, 0xa, 0xcd, 0x40, 0xc, 0x56, 0x20,
    0xe, 0x20, 0x8, 0xf0, 0x40,

    /* U+0029 ")" */
    0x6, 0x20, 0x0, 0xcf, 0x0, 0x6, 0x4d, 0x80,
    0xc, 0x56, 0x1, 0x59, 0x18, 0x1, 0xc2, 0xc0,
    0x2, 0x46, 0x1, 0x33, 0x0, 0x21, 0x0, 0xc2,
    0x1, 0x9d, 0x80, 0x23, 0x20, 0x2, 0x6, 0x0,
    0x3c, 0x14, 0xd, 0x1c, 0x1, 0xc3, 0x20, 0x2d,
    0x62, 0x3, 0x6a, 0x0,

    /* U+002A "*" */
    0x0, 0x2f, 0x90, 0x0, 0xa0, 0xc1, 0xa0, 0x1d,
    0xd2, 0x16, 0xe4, 0xbc, 0x20, 0x7e, 0x41, 0x3,
    0x26, 0xc0, 0x8, 0xa6, 0xa6, 0x0,

    /* U+002B "+" */
    0x0, 0xca, 0x20, 0x1e, 0x1a, 0x50, 0xf, 0xfe,
    0x8, 0x88, 0xc0, 0x46, 0x0, 0x77, 0x34, 0x2b,
    0xb8, 0x61, 0x76, 0xa0, 0x8b, 0xb1, 0x82, 0x24,
    0x6, 0x88, 0x0, 0xff, 0x0,

    /* U+002C "," */
    0xf, 0xb0, 0xd, 0x82, 0x11, 0x20,

    /* U+002D "-" */
    0x1, 0x1e, 0xe, 0xed, 0xa1, 0x77, 0xbc,

    /* U+002E "." */
    0x7c, 0x2e, 0x30,

    /* U+002F "/" */
    0x0, 0x87, 0xe4, 0x2, 0x40, 0xc0, 0xb, 0x1,
    0x0, 0x24, 0x21, 0x0, 0x11, 0x10, 0x2, 0x40,
    0xc0, 0xb, 0x1, 0x40, 0x24, 0x30, 0x8, 0x85,
    0x0, 0x24, 0xc, 0x0, 0xb0, 0x10, 0x2, 0x43,
    0x0, 0x80,

    /* U+0030 "0" */
    0x2, 0xaf, 0xf6, 0x20, 0x0, 0xb1, 0x51, 0x4e,
    0xd4, 0x2c, 0x6a, 0xeb, 0x46, 0xc1, 0x5, 0x40,
    0x4, 0xe2, 0x23, 0x30, 0x6, 0x10, 0x30, 0xf,
    0xfe, 0x79, 0x98, 0x3, 0x8, 0x1a, 0xa, 0x80,
    0x9, 0x84, 0x50, 0x35, 0x75, 0xa1, 0x60, 0x38,
    0xa8, 0xa7, 0x6a, 0x0,

    /* U+0031 "1" */
    0x1, 0x9f, 0xd0, 0xf6, 0x0, 0xd4, 0x20, 0xe,
    0x50, 0xf, 0xfe, 0xf0,

    /* U+0032 "2" */
    0x0, 0x2e, 0x7f, 0x48, 0x80, 0x1a, 0x89, 0x49,
    0xb4, 0x1, 0x3, 0xf5, 0x8c, 0x6a, 0x26, 0xc2,
    0x0, 0xb0, 0xc1, 0xd8, 0x0, 0x84, 0x4, 0x3,
    0xde, 0x18, 0x1, 0x87, 0xd, 0xd0, 0x2, 0x1c,
    0x37, 0x80, 0x8, 0xb0, 0xa2, 0x0, 0x11, 0xe1,
    0x53, 0x80, 0x43, 0x82, 0x59, 0x33, 0x29, 0x0,
    0x9, 0x9b, 0x60,

    /* U+0033 "3" */
    0xe, 0xff, 0xf0, 0x1, 0xd5, 0x70, 0x6, 0x9a,
    0xa9, 0x82, 0xc0, 0x3b, 0xe, 0x90, 0x3, 0x59,
    0xba, 0x80, 0x65, 0x40, 0x7a, 0x0, 0xcb, 0x14,
    0xaa, 0xa0, 0xc, 0xeb, 0x48, 0xa2, 0x1, 0xe3,
    0x3, 0x2d, 0x80, 0x9, 0x40, 0x88, 0x2f, 0x95,
    0xc5, 0x0, 0xc, 0x72, 0x53, 0x97, 0x0,

    /* U+0034 "4" */
    0x0, 0xd5, 0xe6, 0x1, 0xc4, 0xa6, 0x60, 0xe,
    0xb0, 0x90, 0xe, 0x16, 0x15, 0x0, 0xe6, 0x9,
    0x0, 0xf4, 0x83, 0x86, 0xc8, 0x1, 0x45, 0xc0,
    0x4, 0x40, 0x4, 0x85, 0x0, 0x71, 0x18, 0xdc,
    0xc8, 0x16, 0x4, 0x5, 0x9a, 0x1, 0x53, 0xff,
    0xe0, 0x4d, 0x0, 0xfe,

    /* U+0035 "5" */
    0x7, 0xff, 0xec, 0x0, 0x78, 0x33, 0x6b, 0x0,
    0x8, 0x4c, 0xe7, 0x0, 0x18, 0x80, 0x7c, 0x26,
    0x67, 0x71, 0x0, 0x4e, 0x59, 0x10, 0xd6, 0x0,
    0x59, 0xdf, 0xe1, 0x49, 0x3, 0xe2, 0x1, 0xc8,
    0x28, 0x0, 0x40, 0x27, 0xf, 0x1f, 0xd0, 0xa,
    0x43, 0x5, 0xcf, 0xab, 0x55, 0x48, 0x11, 0x26,
    0xa1, 0x14, 0x0,

    /* U+0036 "6" */
    0x1, 0xae, 0xfc, 0x50, 0x0, 0xfa, 0xac, 0x54,
    0x21, 0x3, 0x37, 0x5f, 0x82, 0x8, 0x2c, 0x0,
    0x13, 0x0, 0x19, 0x85, 0xa1, 0x40, 0x31, 0xfc,
    0xbd, 0x68, 0x80, 0x5, 0x3b, 0xdc, 0xac, 0x2,
    0xa1, 0x8, 0x35, 0x3, 0x10, 0xc, 0xe0, 0x4,
    0x15, 0x0, 0x1a, 0x18, 0x40, 0xd5, 0xdb, 0x3,
    0xc0, 0x71, 0x51, 0x2c, 0x30,

    /* U+0037 "7" */
    0x5f, 0xff, 0x4b, 0x2a, 0xe4, 0x1, 0x3a, 0xac,
    0x41, 0x60, 0x1c, 0xc4, 0x60, 0x19, 0x42, 0x80,
    0x3b, 0x81, 0x80, 0x31, 0x22, 0x88, 0x6, 0xa0,
    0xe0, 0xe, 0x61, 0x40, 0xc, 0x82, 0xc0, 0x1d,
    0xe1, 0x20, 0x18, 0x51, 0x2, 0x1, 0x0,

    /* U+0038 "8" */
    0x0, 0x26, 0x7f, 0xa8, 0x40, 0x7, 0x66, 0xa8,
    0xb8, 0x0, 0x90, 0xca, 0xb5, 0x24, 0x1, 0x2,
    0x0, 0x68, 0x8, 0x18, 0x48, 0x15, 0x3, 0x84,
    0x8b, 0xfe, 0x93, 0x10, 0x38, 0x89, 0x50, 0x1c,
    0x42, 0x3, 0xea, 0xe4, 0x58, 0x4, 0xc4, 0x0,
    0x81, 0xa0, 0x24, 0x20, 0x4, 0x2, 0x8, 0x1f,
    0xab, 0x91, 0x90, 0x6a, 0x35, 0x45, 0xc1,

    /* U+0039 "9" */
    0x0, 0x1e, 0x7f, 0xa8, 0x40, 0x9, 0x86, 0x86,
    0xb8, 0x21, 0x21, 0xb7, 0x92, 0x52, 0x24, 0xa4,
    0x0, 0x61, 0x41, 0x1, 0x0, 0xc2, 0x20, 0x44,
    0x38, 0xd, 0x80, 0x54, 0x51, 0xfc, 0xa0, 0x10,
    0xed, 0x3c, 0xf8, 0x80, 0x65, 0x86, 0x11, 0x80,
    0x8, 0x20, 0x7, 0x4, 0x2, 0xbf, 0xac, 0x82,
    0x90, 0x2a, 0x35, 0x26, 0xc1,

    /* U+003A ":" */
    0x3c, 0x60, 0x3e, 0x3f, 0x80, 0xf, 0x16, 0x30,
    0x9f, 0x0,

    /* U+003B ";" */
    0x3f, 0x80, 0x3e, 0x3c, 0x60, 0xf, 0xfe, 0x1,
    0xfc, 0x0, 0x47, 0x3e, 0x5a, 0xc0,

    /* U+003C "<" */
    0x0, 0x9a, 0x0, 0x26, 0x92, 0x0, 0x34, 0xad,
    0x2, 0xca, 0xd0, 0x1, 0x81, 0x84, 0x0, 0x78,
    0x7a, 0x20, 0x3, 0xc3, 0xd0, 0x8, 0xf2, 0x40,

    /* U+003D "=" */
    0x1, 0x1f, 0xc0, 0x3d, 0xdf, 0x84, 0x57, 0x7f,
    0x84, 0x15, 0x7f, 0x0, 0xf7, 0x7e, 0x11, 0x5d,
    0xfe, 0x10,

    /* U+003E ">" */
    0x7, 0x80, 0xd, 0xce, 0xe0, 0xa, 0x5a, 0x1c,
    0x2, 0x96, 0x87, 0x0, 0x94, 0xc, 0x1, 0x87,
    0x68, 0x16, 0x76, 0x80, 0xf, 0xb4, 0x0, 0x0,

    /* U+003F "?" */
    0x0, 0x47, 0x7e, 0xb0, 0x2, 0x5c, 0x94, 0xe5,
    0x85, 0x93, 0x2b, 0xc2, 0x86, 0xe4, 0x0, 0x23,
    0x2, 0x10, 0x0, 0xc5, 0xc0, 0x32, 0x68, 0xd8,
    0x4, 0x56, 0x1a, 0x20, 0x15, 0x85, 0x18, 0x7,
    0x12, 0x0, 0x74, 0xe8, 0x7, 0xaf, 0xc0, 0x3f,
    0xe0,

    /* U+0040 "@" */
    0x0, 0xf0, 0x80, 0x7f, 0x3e, 0xff, 0x7d, 0xa0,
    0x6, 0x1c, 0x84, 0xab, 0x97, 0xb9, 0x0, 0xa8,
    0xb6, 0x55, 0x1b, 0x21, 0x98, 0x6, 0x96, 0x40,
    0x18, 0x5d, 0x20, 0x2c, 0x54, 0x27, 0xfd, 0xb8,
    0x1c, 0x24, 0x50, 0x33, 0x22, 0x80, 0x27, 0x6,
    0x17, 0xf, 0x27, 0x5a, 0x0, 0x8, 0x39, 0x28,
    0x71, 0x18, 0xe1, 0x8a, 0x1, 0xe0, 0xa3, 0xa6,
    0x73, 0x9f, 0x44, 0x1, 0x4a, 0x46, 0xf7, 0x59,
    0xba, 0xe7, 0x0, 0x79, 0xfb, 0x1, 0x99, 0x8,
    0x40, 0x22, 0xf4, 0x9d, 0xec, 0xf0, 0xf, 0xd,
    0x7e, 0x5e, 0xd8, 0x6,

    /* U+0041 "A" */
    0x0, 0x87, 0xfd, 0x20, 0x1f, 0x38, 0x1, 0xc0,
    0x3e, 0xd0, 0x61, 0x30, 0xf, 0x22, 0x28, 0x2c,
    0x3, 0x94, 0x34, 0xc5, 0x40, 0x3b, 0xc1, 0xc1,
    0xc8, 0x80, 0x19, 0x4c, 0x43, 0x41, 0x40, 0x24,
    0xb, 0x0, 0x20, 0xd8, 0x5, 0xa1, 0x1f, 0xf0,
    0x98, 0x80, 0x1c, 0x59, 0xb2, 0x83, 0x81, 0x8b,
    0x4c, 0xea, 0xd, 0xb, 0xb, 0x0, 0xe5, 0x41,

    /* U+0042 "B" */
    0xef, 0xfd, 0xd0, 0x1, 0xb, 0x34, 0x6e, 0xe0,
    0x1, 0xcc, 0xda, 0x32, 0x1, 0xf1, 0x8, 0x7,
    0x90, 0xd0, 0x0, 0x5f, 0xf5, 0x84, 0x80, 0x5,
    0x9a, 0x40, 0x90, 0x1, 0xcc, 0xd7, 0x8, 0xa0,
    0x1e, 0x40, 0xd0, 0xf, 0x20, 0x70, 0x1c, 0xcd,
    0x70, 0x2e, 0x2, 0xcd, 0x22, 0x34, 0x40,

    /* U+0043 "C" */
    0x0, 0x9f, 0x7f, 0xd8, 0xc0, 0x18, 0x76, 0x1,
    0x54, 0x53, 0x60, 0x15, 0x93, 0xed, 0x53, 0x95,
    0x20, 0x5, 0x4e, 0x0, 0x35, 0xa, 0x3, 0x85,
    0x0, 0x7b, 0xb0, 0x4, 0x8, 0x3, 0xff, 0x92,
    0x20, 0x40, 0x1e, 0x10, 0x3, 0x85, 0x0, 0x7b,
    0xf0, 0x5, 0x4e, 0x0, 0x35, 0xa, 0x0, 0x2c,
    0x9f, 0x6a, 0x9c, 0xa9, 0x0, 0x1, 0xd8, 0x5,
    0x51, 0x4d, 0x80, 0x0,

    /* U+0044 "D" */
    0xef, 0xfd, 0xb0, 0x1, 0xca, 0xb0, 0x3e, 0x0,
    0x45, 0x55, 0x6b, 0x1c, 0x0, 0x7d, 0x22, 0xc0,
    0x1f, 0x9c, 0x48, 0x3, 0xee, 0x6, 0x0, 0xff,
    0xe2, 0xf0, 0x30, 0x7, 0xce, 0x24, 0x1, 0xe8,
    0x16, 0x0, 0x1c, 0xcd, 0xae, 0x70, 0x0, 0x16,
    0x68, 0x1f, 0x0, 0x0,

    /* U+0045 "E" */
    0xef, 0xff, 0x38, 0xb, 0x37, 0x18, 0x14, 0xcf,
    0x20, 0x7, 0xff, 0x14, 0xff, 0xf4, 0x0, 0x5,
    0x9b, 0x68, 0x0, 0xa6, 0x72, 0x80, 0x7f, 0xf1,
    0x8a, 0x67, 0x90, 0x5, 0x9b, 0x8c,

    /* U+0046 "F" */
    0xef, 0xff, 0x0, 0x11, 0x32, 0x81, 0xdd, 0xea,
    0x0, 0xff, 0xe1, 0x9d, 0xde, 0x0, 0x91, 0x30,
    0x0, 0xff, 0xf0, 0x7, 0xff, 0x44,

    /* U+0047 "G" */
    0x0, 0x9f, 0x7f, 0xd8, 0xc0, 0x18, 0x76, 0x1,
    0x54, 0x53, 0x20, 0xa, 0xc9, 0xf6, 0xa9, 0xe6,
    0xc8, 0x2, 0xa7, 0x0, 0x10, 0xf1, 0x18, 0x38,
    0x50, 0x7, 0x16, 0xb8, 0x8, 0x10, 0x6, 0x11,
    0xc0, 0x1f, 0xbb, 0xb0, 0x88, 0x8, 0x3, 0x5d,
    0x88, 0x5, 0xc2, 0x80, 0x32, 0x29, 0x18, 0xa,
    0x9c, 0x0, 0x6b, 0xa, 0x0, 0x59, 0x3e, 0xd5,
    0x39, 0x54, 0xc0, 0x1, 0xd8, 0x5, 0x51, 0x4d,
    0x0, 0x0,

    /* U+0048 "H" */
    0xec, 0x0, 0xe7, 0xf3, 0x0, 0xff, 0xee, 0x94,
    0xcf, 0x58, 0x4, 0x2c, 0xdc, 0x60, 0x11, 0xff,
    0xf4, 0x0, 0x7f, 0xf7, 0x80,

    /* U+0049 "I" */
    0xbf, 0x0, 0xff, 0xe5, 0x0,

    /* U+004A "J" */
    0x0, 0xc5, 0xf0, 0x1, 0xff, 0xec, 0x9b, 0x0,
    0x38, 0x78, 0xa6, 0xd5, 0x1, 0x61, 0xcd, 0x4e,
    0xc8,

    /* U+004B "K" */
    0xec, 0x0, 0xd9, 0xe8, 0x1, 0xea, 0x39, 0x40,
    0xe, 0x85, 0x76, 0x0, 0xe6, 0x75, 0x80, 0xe,
    0x49, 0x3a, 0x0, 0xe2, 0xb2, 0xd0, 0xf, 0x84,
    0x88, 0x1, 0xe2, 0xc1, 0xd2, 0x0, 0xf1, 0x68,
    0xf8, 0x80, 0x78, 0xe8, 0xb4, 0x3, 0xe5, 0x93,
    0xb0, 0xf, 0x99, 0xd2, 0x80,

    /* U+004C "L" */
    0xbf, 0x0, 0xff, 0xff, 0x80, 0x74, 0xcf, 0x8,
    0x1, 0x9b, 0x8c,

    /* U+004D "M" */
    0xed, 0x0, 0xf9, 0x3d, 0xc0, 0x94, 0x3, 0xde,
    0x1, 0xa4, 0x3, 0x8d, 0x0, 0x31, 0xa0, 0x6,
    0x90, 0xc, 0x83, 0xe0, 0x11, 0x2a, 0x80, 0x33,
    0x21, 0x0, 0x2c, 0x24, 0x3, 0x48, 0x40, 0xb,
    0x29, 0x0, 0x61, 0x65, 0x16, 0x9, 0x0, 0xf5,
    0x84, 0x49, 0x98, 0x3, 0xc4, 0x8c, 0x32, 0x1,
    0xfb, 0xc0, 0x94, 0x3, 0xf2, 0x1d, 0x80, 0x70,

    /* U+004E "N" */
    0xef, 0x20, 0xd, 0x1e, 0x60, 0xe, 0x0, 0xfe,
    0x36, 0x0, 0xf8, 0x86, 0x44, 0x3, 0xea, 0xb,
    0x0, 0xf9, 0x15, 0x60, 0xf, 0xac, 0x6c, 0x3,
    0xe1, 0x81, 0x90, 0xf, 0x99, 0x18, 0xc0, 0x3e,
    0x90, 0x40, 0xf, 0x8a, 0x0, 0x3f, 0x9c, 0x80,
    0x0,

    /* U+004F "O" */
    0x0, 0x9f, 0x7f, 0xd8, 0xc0, 0x18, 0x76, 0x1,
    0x54, 0x53, 0x60, 0x15, 0x93, 0xed, 0x53, 0x95,
    0x20, 0x5, 0x4e, 0x0, 0x35, 0xb, 0x83, 0x85,
    0x0, 0x79, 0xc0, 0xc4, 0x8, 0x3, 0xde, 0xc,
    0x1, 0xff, 0xc0, 0x10, 0x20, 0xf, 0x78, 0x33,
    0x85, 0x0, 0x79, 0xc0, 0xc5, 0x4e, 0x0, 0x35,
    0xb, 0x80, 0x2c, 0x9f, 0x6a, 0x9c, 0xa9, 0x0,
    0x1, 0xd8, 0x5, 0x51, 0x4d, 0x80, 0x0,

    /* U+0050 "P" */
    0xef, 0xfe, 0xb2, 0x0, 0xb, 0x34, 0x88, 0xc0,
    0x1, 0x4c, 0xd6, 0xe2, 0xa0, 0x1e, 0xb0, 0xd0,
    0xf, 0x38, 0x78, 0x7, 0x14, 0x2, 0x1, 0xff,
    0xda, 0x6a, 0x60, 0x2c, 0xda, 0xa8, 0x0, 0x29,
    0x9c, 0xa0, 0x1f, 0xfd, 0x10,

    /* U+0051 "Q" */
    0x0, 0x9f, 0x7f, 0xd8, 0xc0, 0x18, 0x76, 0x1,
    0x54, 0x53, 0x60, 0x15, 0x93, 0xed, 0x53, 0x95,
    0x20, 0x5, 0x4e, 0x0, 0x35, 0xb, 0x83, 0x85,
    0x0, 0x79, 0xc0, 0xc4, 0x8, 0x3, 0xde, 0xc,
    0x1, 0xff, 0xc0, 0x10, 0x20, 0xf, 0x78, 0x33,
    0x85, 0x0, 0x6b, 0xc7, 0x3, 0x15, 0x38, 0x0,
    0xb4, 0xc5, 0xc0, 0x16, 0x4f, 0xb5, 0x48, 0x0,
    0x20, 0x0, 0x76, 0x1, 0x54, 0x53, 0x4a, 0x0,

    /* U+0052 "R" */
    0xef, 0xfe, 0xb1, 0x0, 0xb, 0x34, 0x88, 0xc0,
    0x1, 0x4c, 0xd6, 0xe4, 0xa0, 0x1e, 0xb0, 0xd0,
    0xf, 0xfe, 0x1d, 0x6, 0x81, 0x4c, 0xd8, 0xc4,
    0xa0, 0x2c, 0xd1, 0x96, 0x0, 0xf, 0xfe, 0x22,
    0x0, 0x7d, 0x61, 0x20, 0x1e, 0x62, 0x71, 0x0,
    0xf5, 0x84, 0x80,

    /* U+0053 "S" */
    0x0, 0x26, 0x7f, 0xb5, 0xc0, 0x26, 0xb3, 0x55,
    0x1c, 0x58, 0x2, 0xc3, 0x6a, 0x9c, 0x88, 0x50,
    0x22, 0x80, 0x29, 0x61, 0x4, 0x2a, 0x40, 0x1,
    0x4a, 0x5, 0x22, 0xdf, 0xda, 0x80, 0x43, 0x7b,
    0x6, 0x95, 0xa2, 0x1, 0x13, 0xe7, 0x31, 0x49,
    0xdb, 0x0, 0x43, 0x0, 0x64, 0x90, 0x60, 0x13,
    0x81, 0x8c, 0x8e, 0x5d, 0x64, 0x8c, 0x83, 0x5a,
    0x21, 0x45, 0xbc, 0x40,

    /* U+0054 "T" */
    0xdf, 0xff, 0xd0, 0xac, 0xd0, 0x13, 0x35, 0x91,
    0x33, 0x3, 0xcc, 0xc8, 0x1, 0xff, 0xff, 0x0,
    0xff, 0xe1, 0x80,

    /* U+0055 "U" */
    0xed, 0x0, 0xe6, 0xf4, 0x0, 0xff, 0xf8, 0x18,
    0x7, 0xf0, 0x90, 0x7, 0x78, 0x3d, 0x85, 0x0,
    0x48, 0xc4, 0x6e, 0x6b, 0xd5, 0x76, 0xe, 0x0,
    0x63, 0x9a, 0xad, 0xa6, 0x0,

    /* U+0056 "V" */
    0xcf, 0x0, 0xf7, 0x6d, 0x82, 0x0, 0x63, 0x15,
    0x50, 0x68, 0x6, 0xb0, 0xb2, 0x23, 0x80, 0x65,
    0x13, 0x5, 0x13, 0x0, 0x11, 0x1c, 0x1, 0x61,
    0x60, 0x5, 0xd, 0x0, 0x18, 0xa8, 0x2, 0xc5,
    0x0, 0x27, 0x22, 0x8d, 0x0, 0x36, 0x82, 0xa8,
    0x3c, 0x3, 0x20, 0x5d, 0x81, 0x40, 0x39, 0x4c,
    0xc8, 0x1, 0xef, 0x0, 0x68, 0x4,

    /* U+0057 "W" */
    0xaf, 0x10, 0x9, 0x7e, 0xc0, 0x35, 0xf8, 0xf8,
    0x20, 0x5, 0x80, 0x80, 0x19, 0xc, 0x50, 0x3c,
    0x2, 0x40, 0x1, 0x80, 0xc, 0x2c, 0x4, 0xd0,
    0x0, 0x24, 0x81, 0x60, 0xb, 0x4, 0x0, 0x20,
    0x90, 0x38, 0x78, 0xa0, 0x1, 0x4, 0xc0, 0x18,
    0x8, 0x18, 0x8, 0xe6, 0x0, 0x34, 0x0, 0x90,
    0x34, 0x11, 0x1, 0x80, 0xaa, 0xf, 0x0, 0xc8,
    0x83, 0x1c, 0x4, 0xc, 0xc0, 0x20, 0x6, 0xd0,
    0x80, 0x40, 0x13, 0x44, 0x18, 0x80, 0x64, 0x4,
    0x13, 0x0, 0x21, 0x11, 0x0, 0x38, 0x88, 0x8,
    0x1, 0x58, 0x3, 0x0, 0x3c, 0x81, 0xe0, 0x11,
    0x80, 0x10, 0x2,

    /* U+0058 "X" */
    0x6f, 0xa0, 0xc, 0xdf, 0x40, 0xc6, 0xa8, 0x0,
    0x19, 0x1b, 0x0, 0x70, 0x48, 0x2, 0xc2, 0xc4,
    0x0, 0x50, 0x50, 0x8a, 0x8a, 0x1, 0x9c, 0xde,
    0x82, 0x80, 0x3d, 0xe0, 0x32, 0x20, 0x1e, 0x70,
    0x7, 0x0, 0x7d, 0x40, 0x4e, 0x40, 0x1d, 0x23,
    0x3c, 0x1c, 0x1, 0x8d, 0x8d, 0x8d, 0x8d, 0xc0,
    0x2e, 0xf, 0x0, 0x48, 0xc1, 0x4, 0x13, 0x98,
    0x5, 0x41, 0x20,

    /* U+0059 "Y" */
    0xbf, 0x30, 0xd, 0x7e, 0x72, 0x1e, 0x1, 0x22,
    0x14, 0xc9, 0x8d, 0x40, 0x12, 0x10, 0x0, 0x80,
    0x80, 0x62, 0x72, 0x0, 0xb, 0x93, 0xc0, 0xc8,
    0x6, 0x81, 0x81, 0x91, 0x0, 0xe8, 0x2, 0x70,
    0xf, 0x38, 0x20, 0x7, 0xff, 0x80,

    /* U+005A "Z" */
    0xe, 0xff, 0xf9, 0x81, 0x9b, 0x8c, 0x9, 0x82,
    0x26, 0x70, 0x84, 0x80, 0x79, 0x89, 0x50, 0x3,
    0x86, 0x2, 0x0, 0x3d, 0x2, 0xe4, 0x1, 0xc4,
    0xc3, 0x0, 0x1e, 0x90, 0xb0, 0xf, 0x2a, 0x1a,
    0x80, 0x7a, 0x3, 0xc0, 0x3c, 0xe4, 0x35, 0x33,
    0x90, 0x60, 0x5, 0x9b, 0x8c,

    /* U+005B "[" */
    0xcf, 0xf4, 0x80, 0xbe, 0x81, 0x42, 0x0, 0x7f,
    0xfa, 0x4a, 0x10, 0x5, 0xf4,

    /* U+005C "\\" */
    0xe, 0xc0, 0xc, 0x86, 0x1, 0xb0, 0x10, 0x2,
    0x40, 0xc0, 0x8, 0x85, 0x0, 0x32, 0x18, 0x6,
    0xc0, 0x50, 0x9, 0x3, 0x0, 0x22, 0x22, 0x0,
    0x64, 0x21, 0x0, 0xb0, 0x10, 0x2, 0x40, 0xc0,

    /* U+005D "]" */
    0xef, 0xf3, 0xcb, 0x80, 0x1e, 0x40, 0x3f, 0xfd,
    0x4f, 0x20, 0x9, 0x70, 0x0,

    /* U+005E "^" */
    0x0, 0x86, 0x84, 0x3, 0x87, 0x17, 0x4, 0x2,
    0x1c, 0x29, 0x3c, 0x10, 0x1d, 0x2c, 0x6d, 0x2c,
    0x11, 0x3d, 0x98, 0x1e, 0x38, 0x80,

    /* U+005F "_" */
    0x11, 0xff, 0x7, 0x77, 0xfa, 0x6e, 0xff, 0xe0,

    /* U+0060 "`" */
    0x2d, 0x10, 0x21, 0x90, 0x5, 0x30, 0x0,

    /* U+0061 "a" */
    0x0, 0x47, 0x7f, 0x48, 0x80, 0x25, 0xc9, 0x95,
    0xa8, 0x2, 0x5c, 0x9b, 0x44, 0x8, 0x4d, 0x23,
    0xcb, 0x1, 0x83, 0x7d, 0xca, 0x80, 0x45, 0x27,
    0xbd, 0x88, 0x0, 0x70, 0x92, 0x1, 0x70, 0x3,
    0x84, 0x3b, 0xb0, 0x2, 0x2a, 0x8, 0x95, 0xb0,
    0x0,

    /* U+0062 "b" */
    0xec, 0x0, 0xff, 0xe7, 0xd, 0x7f, 0xb0, 0xc0,
    0x22, 0x46, 0x61, 0xe1, 0x80, 0x59, 0x32, 0xc0,
    0x80, 0x1, 0x90, 0x0, 0xcc, 0x80, 0x7, 0x0,
    0xce, 0x2, 0xe, 0x1, 0x9c, 0x4, 0xc, 0x80,
    0x8, 0x68, 0x1, 0x64, 0xd5, 0x84, 0x0, 0x15,
    0xd9, 0x4f, 0xc, 0x0,

    /* U+0063 "c" */
    0x0, 0x2e, 0x7f, 0xa8, 0x80, 0xd, 0x44, 0xa8,
    0xb8, 0x21, 0x23, 0xf5, 0x72, 0x8, 0x80, 0x61,
    0x0, 0x37, 0x28, 0x87, 0x0, 0x78, 0x43, 0x80,
    0x3c, 0x80, 0xc2, 0x0, 0x6e, 0x50, 0x91, 0xfa,
    0xb9, 0x4, 0x6, 0xa3, 0x54, 0x5c, 0x10,

    /* U+0064 "d" */
    0x0, 0xf0, 0xfc, 0x80, 0x7f, 0xf2, 0x1b, 0x7f,
    0xa4, 0x2, 0x79, 0x36, 0x47, 0x0, 0xa0, 0x7e,
    0x6a, 0x80, 0x4, 0x6, 0x10, 0x2, 0x80, 0x4,
    0x38, 0x3, 0xc2, 0x1c, 0x1, 0xe4, 0x6, 0x10,
    0x3, 0x0, 0x50, 0x3f, 0x35, 0x20, 0x13, 0xc9,
    0xb2, 0x40, 0x80,

    /* U+0065 "e" */
    0x0, 0x2e, 0x7f, 0xa8, 0x80, 0xd, 0x42, 0xec,
    0xb8, 0x21, 0x23, 0xb1, 0x36, 0x32, 0x80, 0xe2,
    0x32, 0x8a, 0x8, 0x37, 0x76, 0x12, 0x10, 0x5b,
    0xbe, 0xd4, 0x4, 0x54, 0x43, 0x73, 0x84, 0x8f,
    0xd5, 0x35, 0x5c, 0x1a, 0xc9, 0x54, 0x98, 0x60,

    /* U+0066 "f" */
    0x0, 0x2f, 0x7e, 0x0, 0x2c, 0x26, 0x0, 0x44,
    0xec, 0x91, 0xc0, 0xdf, 0x95, 0x20, 0x95, 0x4,
    0xe0, 0x4a, 0x80, 0x1f, 0xfd, 0x80,

    /* U+0067 "g" */
    0x0, 0x36, 0xff, 0x3f, 0x48, 0x3c, 0xb5, 0x44,
    0x88, 0x2, 0xa, 0xd5, 0xa8, 0x0, 0x80, 0xa0,
    0x12, 0x0, 0x4, 0x3c, 0x3, 0xc2, 0x1c, 0x1,
    0xe4, 0x7, 0x10, 0x3, 0x0, 0x50, 0x3f, 0x35,
    0x20, 0x13, 0xc9, 0xb2, 0x38, 0x6, 0x6d, 0xfe,
    0x90, 0x8, 0x60, 0x40, 0xc, 0x1c, 0xe, 0xef,
    0xac, 0x81, 0x60, 0x6a, 0x35, 0x24, 0xc1,

    /* U+0068 "h" */
    0xe9, 0x0, 0xff, 0xe6, 0x3f, 0x7e, 0xa8, 0x1,
    0xa1, 0x54, 0x54, 0x60, 0xb, 0xb5, 0x50, 0x24,
    0x5, 0x0, 0xa, 0xe, 0x6, 0x1, 0x88, 0xc0,
    0x3f, 0xfa, 0x80,

    /* U+0069 "i" */
    0xbf, 0xc6, 0x79, 0xbf, 0x0, 0xff, 0xe2, 0x0,

    /* U+006A "j" */
    0x0, 0x3f, 0x98, 0x0, 0xd4, 0x40, 0x9, 0x44,
    0x0, 0x7f, 0x30, 0xf, 0xff, 0x1f, 0x80, 0x6,
    0x9c, 0x8, 0xd4, 0x20, 0x40,

    /* U+006B "k" */
    0xed, 0x0, 0xff, 0xe7, 0x1f, 0xe8, 0x80, 0x43,
    0xa1, 0xe2, 0x1, 0x50, 0xd1, 0x0, 0x50, 0x8e,
    0xa0, 0x11, 0xb8, 0xc0, 0x6, 0x38, 0x1a, 0x0,
    0xe7, 0x55, 0x40, 0x7, 0x51, 0xbb, 0x0, 0x76,
    0x8c, 0xa0,

    /* U+006C "l" */
    0xbf, 0x0, 0xff, 0xe5, 0x0,

    /* U+006D "m" */
    0xea, 0x9e, 0xfa, 0x17, 0xef, 0xb2, 0x0, 0x2a,
    0x31, 0xaf, 0xcb, 0xa2, 0x38, 0x2, 0xc8, 0xc1,
    0x16, 0xcd, 0xa1, 0x88, 0x10, 0x80, 0x14, 0xc,
    0x0, 0x60, 0x60, 0x20, 0x1f, 0xff, 0x30,

    /* U+006E "n" */
    0xe9, 0x7e, 0xfd, 0x50, 0x3, 0x42, 0xa8, 0xa8,
    0xc0, 0x17, 0x6a, 0xa0, 0x48, 0x1, 0x0, 0xa,
    0xe, 0x4, 0x1, 0x88, 0xc0, 0x3f, 0xfa, 0x80,

    /* U+006F "o" */
    0x0, 0x2e, 0x7f, 0xac, 0xc0, 0x26, 0xa2, 0x55,
    0x26, 0x18, 0x2, 0x47, 0xea, 0x96, 0x10, 0x8,
    0xc, 0x20, 0x4, 0x34, 0x1, 0xf, 0x0, 0xce,
    0x2, 0x20, 0xf0, 0xc, 0xe0, 0x28, 0xc, 0x20,
    0x4, 0x34, 0x0, 0x48, 0xfd, 0x5d, 0x82, 0x40,
    0xd, 0x44, 0xa8, 0x8d, 0x20,

    /* U+0070 "p" */
    0xea, 0xa7, 0xfb, 0xc, 0x2, 0x54, 0x66, 0x1e,
    0x18, 0x5, 0x93, 0x2c, 0x8, 0x0, 0x19, 0x0,
    0xc, 0xc8, 0x0, 0x70, 0xc, 0xe0, 0x20, 0xe0,
    0x19, 0xc0, 0x40, 0xc8, 0x0, 0x86, 0x80, 0x16,
    0x4d, 0x58, 0x40, 0x0, 0x9d, 0x94, 0xf0, 0xc0,
    0x3, 0x3f, 0xec, 0x30, 0xf, 0xfe, 0x88,

    /* U+0071 "q" */
    0x0, 0x36, 0xff, 0x3f, 0x48, 0x3c, 0x9b, 0x24,
    0x8, 0x2, 0x7, 0xe6, 0xa8, 0x0, 0x40, 0x61,
    0x0, 0x28, 0x0, 0x43, 0x80, 0x3c, 0x21, 0xc0,
    0x1e, 0x40, 0x61, 0x0, 0x30, 0x5, 0x3, 0xf3,
    0x52, 0x1, 0x3c, 0x9b, 0x23, 0x80, 0x66, 0xdf,
    0xe9, 0x0, 0xff, 0xe8, 0x80,

    /* U+0072 "r" */
    0xe9, 0x8f, 0xc0, 0x77, 0x2d, 0x80, 0xd5, 0x1c,
    0x5, 0x40, 0x23, 0x0, 0xff, 0xe5, 0x80,

    /* U+0073 "s" */
    0x1, 0xae, 0xfd, 0x70, 0x6, 0x2b, 0xb8, 0x61,
    0xc0, 0x96, 0x63, 0x13, 0xc0, 0x96, 0x54, 0x6e,
    0x3, 0x1d, 0x2b, 0xa8, 0x40, 0x63, 0x75, 0xb,
    0xa7, 0x90, 0x4, 0xe4, 0x43, 0x17, 0xb8, 0xb2,
    0x70, 0xc5, 0x53, 0xab, 0x48,

    /* U+0074 "t" */
    0x1, 0x84, 0x0, 0xc4, 0xf8, 0x1, 0xfe, 0xdc,
    0x7, 0xff, 0xc, 0xc0, 0x2d, 0x50, 0x51, 0x0,
    0x4a, 0xa0, 0xf, 0xfe, 0x58, 0x80, 0x80, 0x62,
    0x6, 0x98, 0x0, 0xac, 0x99, 0x80,

    /* U+0075 "u" */
    0xf, 0xa0, 0xd, 0xf6, 0x1, 0xff, 0xda, 0x60,
    0x8, 0x40, 0x22, 0x33, 0x0, 0x18, 0x2, 0xb0,
    0xca, 0xb8, 0x0, 0x9a, 0x5, 0x5a, 0x4c, 0x0,

    /* U+0076 "v" */
    0x8f, 0x20, 0xa, 0x7c, 0x68, 0x28, 0x2, 0x73,
    0x12, 0x22, 0x80, 0x10, 0x68, 0x1, 0x44, 0x61,
    0xa0, 0xe0, 0x6, 0xb, 0x7, 0x41, 0x0, 0x9,
    0xaa, 0xf, 0x0, 0x6a, 0x28, 0x5, 0x0, 0xce,
    0x6, 0xa0, 0x1c, 0x28, 0x1e, 0x1, 0x0,

    /* U+0077 "w" */
    0x8f, 0x10, 0x4, 0x79, 0x80, 0x1f, 0xcb, 0x1,
    0xc0, 0xa, 0x8, 0x0, 0xb1, 0x24, 0xd, 0x2,
    0x20, 0xd8, 0x9, 0xb8, 0x1, 0x50, 0x10, 0x20,
    0xc5, 0x3, 0x40, 0x1e, 0x9, 0xa8, 0xe0, 0xfe,
    0x8, 0x0, 0x40, 0xe4, 0xd1, 0x4d, 0x44, 0x0,
    0x42, 0x6a, 0xe, 0x1a, 0x83, 0xa0, 0x1a, 0xc0,
    0xc4, 0x1c, 0x0, 0x80, 0x19, 0x2, 0xc0, 0x2,
    0x45, 0x0, 0x0,

    /* U+0078 "x" */
    0x6f, 0x90, 0xb, 0x7c, 0x99, 0x19, 0x2, 0xa,
    0x48, 0x28, 0x69, 0x1d, 0x18, 0x0, 0x34, 0x36,
    0x34, 0x1, 0x90, 0xc2, 0x44, 0x3, 0x29, 0x84,
    0x10, 0x4, 0x54, 0x58, 0x1c, 0x1, 0x70, 0x71,
    0xc1, 0xb8, 0x39, 0xb9, 0x83, 0x9c, 0x18,

    /* U+0079 "y" */
    0x9f, 0x20, 0x8, 0xfd, 0xe8, 0x28, 0x2, 0xa0,
    0x63, 0x33, 0x0, 0x4e, 0x82, 0x14, 0x28, 0x8,
    0x3c, 0x0, 0x70, 0xe0, 0xe0, 0x50, 0x0, 0xaa,
    0x85, 0x54, 0x1, 0xb8, 0x34, 0x38, 0x3, 0x21,
    0x18, 0xa0, 0x7, 0x50, 0x30, 0x7, 0xea, 0x0,
    0xf5, 0x19, 0x0, 0x71, 0x95, 0x0, 0x7a, 0xc1,
    0xc0, 0x30,

    /* U+007A "z" */
    0x3f, 0xff, 0x59, 0x3b, 0xe0, 0x5, 0xc, 0x45,
    0xe1, 0x42, 0x1, 0x14, 0x22, 0x80, 0x6e, 0x1a,
    0x0, 0xce, 0x76, 0x20, 0x11, 0xc2, 0xa8, 0x3,
    0x70, 0x1c, 0x44, 0xb0, 0x40, 0xce, 0xf7, 0x80,

    /* U+007B "{" */
    0x2, 0xdf, 0x50, 0x92, 0x56, 0x6, 0x3a, 0x30,
    0xf, 0xfe, 0x49, 0xb8, 0x2, 0x47, 0x80, 0x3e,
    0x91, 0xe0, 0x8, 0xdc, 0x3, 0xff, 0x96, 0xc7,
    0x26, 0x12, 0x4c, 0xc0,

    /* U+007C "|" */
    0x9f, 0x10, 0xf, 0xfe, 0xa8,

    /* U+007D "}" */
    0x5f, 0xd3, 0x6, 0x52, 0x80, 0x3a, 0x36, 0x0,
    0xff, 0xe5, 0xb9, 0x80, 0x5c, 0x32, 0x1, 0xf7,
    0xc, 0x80, 0x1c, 0xc0, 0x3f, 0xf9, 0x27, 0x26,
    0xc0, 0xcc, 0x28, 0x0,

    /* U+007E "~" */
    0x8, 0xfd, 0x70, 0x3c, 0x42, 0x71, 0x38, 0xfd,
    0x30, 0xa, 0x3a, 0x48, 0x51, 0x5, 0xec, 0xd,
    0xbf, 0x60,

    /* U+00A0 " " */

    /* U+00A1 "¡" */
    0x1f, 0x91, 0x5f, 0xa, 0x61, 0xf9, 0x0, 0xff,
    0xe4, 0x89, 0xf0,

    /* U+00A2 "¢" */
    0x0, 0xd9, 0x20, 0x1e, 0x52, 0x53, 0x0, 0x87,
    0x68, 0x4f, 0x24, 0x1, 0x45, 0x1d, 0x86, 0xca,
    0x48, 0x87, 0x13, 0xe9, 0x47, 0xc, 0x0, 0x89,
    0x84, 0x3, 0xf9, 0xc3, 0x40, 0x21, 0x40, 0x23,
    0x56, 0x1, 0xab, 0x50, 0xe1, 0x9f, 0xe4, 0x55,
    0x1, 0x74, 0x89, 0xdd, 0x0, 0x66, 0x25, 0x40,
    0xf, 0x64, 0x80, 0x40,

    /* U+00A3 "£" */
    0x0, 0x9b, 0xbe, 0xc8, 0x2, 0x69, 0x35, 0x4f,
    0x0, 0xa8, 0x32, 0xa4, 0x94, 0x0, 0x23, 0x3,
    0x52, 0x80, 0x7c, 0xa0, 0x92, 0x43, 0x32, 0x40,
    0x1, 0x30, 0x1, 0x98, 0x60, 0x6, 0xf2, 0x27,
    0xf9, 0xc0, 0x3f, 0xf8, 0x26, 0x1, 0xe4, 0xc1,
    0x29, 0x9a, 0x0, 0x8c, 0x0, 0xcd, 0x80,

    /* U+00A4 "¤" */
    0x7, 0x0, 0x84, 0x0, 0x86, 0x9, 0x19, 0x7f,
    0xdc, 0x9b, 0xe0, 0x48, 0x35, 0x8a, 0x46, 0xf,
    0x0, 0x70, 0x7b, 0xad, 0x38, 0x6, 0x46, 0x10,
    0xa, 0x1, 0x40, 0x6, 0x1, 0xfe, 0x47, 0x0,
    0xcc, 0x8, 0x0, 0xc1, 0xc4, 0x27, 0x91, 0x30,
    0x39, 0x12, 0xbd, 0x83, 0x1c, 0x3, 0x5c, 0xec,
    0xbd, 0xc8, 0xa0,

    /* U+00A5 "¥" */
    0xbf, 0x30, 0xd, 0x9e, 0x72, 0x1c, 0x1, 0x29,
    0xb1, 0x93, 0x93, 0x0, 0x2c, 0x20, 0x1, 0x3,
    0x3, 0x3, 0x2, 0x1, 0x40, 0xd3, 0x93, 0x80,
    0x67, 0x24, 0x8, 0x10, 0x9, 0xf8, 0x80, 0x15,
    0xc0, 0x13, 0x5d, 0x2, 0x5d, 0x80, 0x21, 0x56,
    0x1, 0x55, 0x0, 0x4f, 0xd8, 0xb, 0xdc, 0x0,
    0x96, 0xe8, 0x12, 0xec, 0x1, 0x12, 0x20, 0x9,
    0x10, 0x0,

    /* U+00A6 "¦" */
    0x9f, 0x10, 0xf, 0xfe, 0x1d, 0x48, 0x9b, 0x1,
    0xb0, 0x54, 0x88, 0x7, 0xff, 0xc,

    /* U+00A7 "§" */
    0x0, 0x84, 0x40, 0x18, 0xb3, 0xba, 0x50, 0x7,
    0x1c, 0x48, 0x51, 0x1, 0xa3, 0xb5, 0x28, 0x81,
    0x25, 0x2a, 0xa8, 0xc3, 0x81, 0x6b, 0xa8, 0x43,
    0x8b, 0x29, 0x55, 0xa6, 0x54, 0x6b, 0x46, 0x62,
    0x8, 0x95, 0x43, 0x30, 0xea, 0x35, 0x58, 0x70,
    0x15, 0xf5, 0x20, 0x58, 0x43, 0x8a, 0xd8, 0x28,
    0x2c, 0x39, 0x38, 0x28, 0x79, 0x46, 0xc1, 0xc0,
    0x16, 0xe5, 0x66, 0x4,

    /* U+00A8 "¨" */
    0x9, 0x50, 0x87, 0x16, 0xd0, 0x5b,

    /* U+00A9 "©" */
    0x0, 0x86, 0x37, 0xfd, 0x8c, 0x1, 0xe4, 0xf7,
    0x5, 0x51, 0x4e, 0x88, 0x4, 0x76, 0x17, 0xb5,
    0x4e, 0x92, 0xc0, 0xb, 0xc3, 0x12, 0xbf, 0xd4,
    0xd4, 0x50, 0x6, 0x67, 0x2a, 0x4a, 0xa2, 0xca,
    0x9b, 0x2, 0x85, 0x2, 0xc2, 0xab, 0x2c, 0x2c,
    0x4b, 0x80, 0xc8, 0x8, 0x0, 0x64, 0x4, 0x3,
    0xc0, 0x66, 0x1, 0x0, 0x8, 0x0, 0x80, 0x54,
    0x28, 0x52, 0x48, 0x99, 0x21, 0x62, 0x46, 0x67,
    0x29, 0x1d, 0xd0, 0x42, 0x9b, 0x0, 0x3c, 0x31,
    0xb7, 0x73, 0xd1, 0x40, 0x0, 0xec, 0x2f, 0x62,
    0x1d, 0x25, 0x80, 0x19, 0x3d, 0xc1, 0x54, 0x53,
    0xa2, 0x0,

    /* U+00AA "ª" */
    0x9, 0xec, 0x10, 0xef, 0x77, 0xd, 0xe3, 0xa,
    0x3e, 0xb0, 0x23, 0x60, 0x0,

    /* U+00AB "«" */
    0x0, 0x24, 0x81, 0xd0, 0x0, 0xab, 0x87, 0x48,
    0x1, 0xe8, 0xf4, 0xb0, 0x10, 0x54, 0xc9, 0x40,
    0x9, 0x17, 0x71, 0x40, 0x0, 0x6a, 0x17, 0xd9,
    0x40, 0x9, 0x1e, 0x55, 0x0, 0x13, 0xd8, 0x2e,
    0x80,

    /* U+00AC "¬" */
    0x1, 0x1f, 0x80, 0x1d, 0xdf, 0x50, 0x5d, 0xf8,
    0xc0, 0x8, 0x9e, 0x70, 0xf, 0xd1, 0x0,

    /* U+00AD "­" */
    0x1, 0x1e, 0xe, 0xed, 0xa1, 0x77, 0xbc,

    /* U+00AE "®" */
    0x1, 0x9e, 0xfb, 0x30, 0x0, 0xe1, 0x56, 0x1e,
    0x20, 0x48, 0xcf, 0xce, 0x44, 0x82, 0xc8, 0x1d,
    0x73, 0x91, 0x0, 0x25, 0xcf, 0x0, 0x93, 0xc1,
    0x60, 0x94, 0x4a, 0xd6, 0xe5, 0x6, 0xa0, 0xb,
    0x17, 0xbe, 0x25, 0x80, 0x7, 0x9d, 0xbc, 0xc0,
    0x0,

    /* U+00AF "¯" */
    0x1, 0x1c, 0x3, 0xdd, 0x84, 0x57, 0x78, 0x40,

    /* U+00B0 "°" */
    0x0, 0x84, 0x3, 0x37, 0xf7, 0x10, 0xe, 0x56,
    0x8a, 0x81, 0x2, 0x96, 0x4, 0xc8, 0x1c, 0xb8,
    0x9, 0x55, 0x1a, 0xb2, 0x21, 0x5b, 0x7c, 0xc0,

    /* U+00B1 "±" */
    0x0, 0xda, 0xe0, 0x18, 0x46, 0xf, 0x11, 0x0,
    0x3b, 0xa2, 0x7e, 0xe5, 0x5, 0xdc, 0x2d, 0x76,
    0x80, 0x44, 0x8f, 0x91, 0x4, 0x2, 0x34, 0xa8,
    0x88, 0x1, 0xdd, 0x5e, 0xf7, 0x28, 0x2e, 0xfe,
    0x80,

    /* U+00B2 "²" */
    0x4, 0xdf, 0xa0, 0x5, 0xd6, 0xb3, 0x8b, 0xb8,
    0xaf, 0x6, 0x0, 0x16, 0x40, 0x15, 0x8c, 0x0,
    0x29, 0xb0, 0x42, 0x93, 0xc0, 0x6, 0xa3, 0xbd,
    0x60,

    /* U+00B3 "³" */
    0x1f, 0xfc, 0xa3, 0xdc, 0x72, 0x40, 0x16, 0x67,
    0x88, 0x2, 0x6, 0x80, 0x2f, 0xd7, 0x40, 0x8,
    0x8c, 0x89, 0xc6, 0x72, 0x94, 0xee, 0xa4, 0xc0,

    /* U+00B4 "´" */
    0xa, 0x72, 0x55, 0x51, 0x90,

    /* U+00B5 "µ" */
    0xed, 0x0, 0xdb, 0xc0, 0x1f, 0xfd, 0x53, 0x0,
    0xc6, 0x0, 0x13, 0x0, 0x18, 0x80, 0x5a, 0xee,
    0xd0, 0x8, 0x82, 0x25, 0xd4, 0x0, 0x9d, 0xfd,
    0x35, 0xc0, 0x1f, 0xfc, 0xc0,

    /* U+00B6 "¶" */
    0x0, 0x3f, 0x7f, 0xc3, 0x3e, 0x20, 0xf0, 0x20,
    0x1f, 0xa4, 0x3, 0xf8, 0x44, 0x1, 0xfc, 0x20,
    0x1f, 0xf2, 0x0, 0x7f, 0xa4, 0x40, 0x3f, 0x8b,
    0xaa, 0xc, 0x3, 0xf2, 0xba, 0x80, 0x7f, 0xfa,
    0x84, 0x0, 0x20, 0x0,

    /* U+00B7 "·" */
    0x0, 0x8, 0x3, 0xbc, 0x0, 0x46, 0x0,

    /* U+00B8 "¸" */
    0x2, 0xa0, 0x2, 0xa1, 0x83, 0xad, 0x7, 0x26,
    0x87, 0xf2, 0x0,

    /* U+00B9 "¹" */
    0x7, 0xf7, 0xa, 0x20, 0x6, 0xb0, 0x7, 0xff,
    0x24,

    /* U+00BA "º" */
    0x7, 0xed, 0x22, 0x57, 0x47, 0x3b, 0x81, 0x9,
    0xdc, 0x8, 0x44, 0x5e, 0x8f,

    /* U+00BB "»" */
    0x94, 0x7, 0x60, 0x7, 0xd9, 0x12, 0x4c, 0x19,
    0x7d, 0x5f, 0x44, 0x28, 0xe2, 0x7, 0x0, 0xe1,
    0x2a, 0x56, 0x91, 0x47, 0x54, 0x2f, 0x84, 0x86,
    0x50, 0xb7, 0xa, 0x90, 0x0,

    /* U+00BC "¼" */
    0x0, 0xff, 0xe2, 0x47, 0xb8, 0x7, 0xa2, 0x0,
    0x18, 0xcc, 0x1, 0xe4, 0x7c, 0x0, 0xd6, 0xe0,
    0x1c, 0x34, 0xc8, 0x1, 0xff, 0x59, 0xc8, 0x7,
    0xfc, 0xaa, 0xe0, 0x57, 0x0, 0xfc, 0x36, 0xe6,
    0x10, 0x20, 0x1f, 0xa8, 0xa0, 0x10, 0x98, 0x3,
    0x42, 0x83, 0xa7, 0x0, 0x3d, 0x88, 0x80, 0x11,
    0x91, 0x22, 0x48, 0x5, 0x2a, 0x96, 0x1, 0xde,
    0x8c, 0x0, 0x93, 0x30, 0x7, 0xa0, 0xe8, 0x2,
    0x43, 0xf7, 0x64, 0x0, 0x9a, 0xc4, 0x2, 0xdd,
    0x99, 0x50, 0x2, 0xe5, 0x0, 0xc2, 0x44, 0x9a,
    0x0,

    /* U+00BD "½" */
    0x0, 0x21, 0x0, 0x78, 0x40, 0x3b, 0x2d, 0x40,
    0x3d, 0xb2, 0x1, 0x91, 0x0, 0x1e, 0x92, 0x80,
    0xd, 0x0, 0x1e, 0x56, 0xa1, 0x0, 0xff, 0x15,
    0xba, 0x0, 0x7f, 0xdc, 0x50, 0x37, 0xd8, 0x40,
    0x1e, 0x92, 0xd0, 0xa1, 0xc5, 0xf0, 0xe, 0x56,
    0xa1, 0xe, 0xb2, 0xa2, 0x0, 0x5b, 0x95, 0x3a,
    0x0, 0x14, 0x45, 0xea, 0x1, 0xb8, 0xe0, 0x3,
    0x16, 0x35, 0x0, 0x52, 0x5a, 0x1, 0x93, 0x2a,
    0x80, 0x19, 0x28, 0x40, 0x35, 0xc, 0x7f, 0x80,
    0x2d, 0x40, 0xe, 0xfd, 0xdc,

    /* U+00BE "¾" */
    0x0, 0xff, 0xe2, 0xf, 0xfe, 0x40, 0xe, 0x87,
    0x0, 0x87, 0x74, 0xe2, 0xa0, 0x18, 0xdc, 0x80,
    0x31, 0x23, 0x60, 0x80, 0x6e, 0x55, 0x0, 0x74,
    0x8d, 0x0, 0x69, 0x3b, 0x0, 0xf7, 0xeb, 0x98,
    0x1, 0x5a, 0x84, 0x88, 0x1, 0xc4, 0x8a, 0x3,
    0x6e, 0x81, 0xea, 0x0, 0x2d, 0x12, 0x52, 0xa,
    0x38, 0x4, 0x27, 0x0, 0x12, 0x76, 0xba, 0x32,
    0x78, 0x3, 0xd8, 0x88, 0x0, 0x9e, 0xe4, 0x94,
    0xc8, 0x80, 0x92, 0xed, 0x40, 0x10, 0x88, 0x39,
    0x18, 0x1, 0x68, 0x40, 0x1f, 0x41, 0x50, 0x4,
    0x88, 0xf6, 0x73, 0x0, 0xcd, 0x62, 0x1, 0x66,
    0xe9, 0x58, 0xc0, 0x37, 0x28, 0x6, 0x12, 0x25,
    0x48, 0x0,

    /* U+00BF "¿" */
    0x0, 0x97, 0xd8, 0x3, 0xff, 0x82, 0xbe, 0xc0,
    0x1c, 0x9a, 0xa0, 0x1d, 0xa4, 0x20, 0x19, 0x98,
    0x48, 0x1, 0x2c, 0x9e, 0x0, 0x6b, 0x1c, 0x10,
    0x8, 0x85, 0xc0, 0x23, 0x38, 0x14, 0x0, 0x39,
    0x2, 0xa7, 0x95, 0xe1, 0xe1, 0x4c, 0x4a, 0x74,
    0x80,

    /* U+00C0 "À" */
    0x0, 0x9e, 0x80, 0x3f, 0x95, 0x44, 0x1, 0xf8,
    0x8e, 0x80, 0x3f, 0xb2, 0x0, 0x3f, 0xf, 0xfa,
    0x40, 0x3e, 0x70, 0x3, 0x80, 0x7d, 0xa0, 0xc2,
    0x60, 0x1e, 0x44, 0x58, 0x58, 0x7, 0x28, 0x69,
    0x11, 0x40, 0x3b, 0xc1, 0xc1, 0x48, 0x80, 0x19,
    0x4c, 0x42, 0xc1, 0x40, 0x24, 0xb, 0x0, 0x18,
    0xd8, 0x5, 0xa1, 0x1f, 0xf0, 0x98, 0x80, 0x1c,
    0x59, 0xb2, 0x83, 0x81, 0x8b, 0x4c, 0xea, 0xd,
    0xb, 0xb, 0x0, 0xe5, 0x41,

    /* U+00C1 "Á" */
    0x0, 0xe3, 0xd1, 0x0, 0xfd, 0x4c, 0x20, 0x1f,
    0x9b, 0xc0, 0x3f, 0xbd, 0x0, 0x3e, 0x1f, 0xf4,
    0x80, 0x7c, 0xe0, 0x7, 0x0, 0xfb, 0x41, 0x84,
    0xc0, 0x3c, 0x88, 0xa0, 0xb0, 0xe, 0x50, 0xd3,
    0x15, 0x0, 0xef, 0x7, 0x7, 0x22, 0x0, 0x65,
    0x31, 0xd, 0x5, 0x0, 0x90, 0x2c, 0x0, 0x83,
    0x60, 0x16, 0x84, 0x7f, 0xc2, 0x62, 0x0, 0x71,
    0x66, 0xca, 0xe, 0x6, 0x2d, 0x33, 0xa8, 0x34,
    0x2c, 0x2c, 0x3, 0x95, 0x4,

    /* U+00C2 "Â" */
    0x0, 0xcb, 0x2, 0x1, 0xf2, 0x52, 0xe8, 0x7,
    0x8a, 0xe3, 0xa, 0x80, 0x38, 0xbd, 0xc7, 0xa8,
    0x3, 0xc3, 0xfe, 0x90, 0xf, 0x9c, 0x0, 0xe0,
    0x1f, 0x68, 0x30, 0x98, 0x7, 0x91, 0x14, 0x16,
    0x1, 0xca, 0x1a, 0x62, 0xa0, 0x1d, 0xe0, 0xe0,
    0xe4, 0x40, 0xc, 0xa6, 0x21, 0xa0, 0xa0, 0x12,
    0x5, 0x80, 0x10, 0x6c, 0x2, 0xd0, 0x8f, 0xf8,
    0x4c, 0x40, 0xe, 0x2c, 0xd9, 0x41, 0xc0, 0xc5,
    0xa6, 0x75, 0x6, 0x85, 0x85, 0x80, 0x72, 0xa0,
    0x80,

    /* U+00C3 "Ã" */
    0x0, 0xff, 0xe0, 0x97, 0x71, 0x93, 0x80, 0x39,
    0xe, 0xee, 0x50, 0xe, 0x7f, 0x5d, 0xcb, 0x0,
    0xe1, 0x20, 0x1, 0x80, 0x7c, 0x3f, 0xe9, 0x0,
    0xf9, 0xc0, 0xe, 0x1, 0xf6, 0x83, 0x9, 0x80,
    0x79, 0x11, 0x41, 0x60, 0x1c, 0xa1, 0xa6, 0x2a,
    0x1, 0xde, 0xe, 0xe, 0x44, 0x0, 0xca, 0x62,
    0x1a, 0xa, 0x1, 0x20, 0x58, 0x1, 0x6, 0xc0,
    0x2d, 0x8, 0xff, 0x84, 0xc4, 0x0, 0xe2, 0xcd,
    0x94, 0x1c, 0xc, 0x5a, 0x67, 0x50, 0x68, 0x58,
    0x58, 0x7, 0x2a, 0x8,

    /* U+00C4 "Ä" */
    0x0, 0xc, 0xa0, 0x43, 0x0, 0x71, 0xb1, 0x83,
    0x68, 0x7, 0x17, 0xb8, 0x75, 0x80, 0x78, 0x7f,
    0xd2, 0x1, 0xf3, 0x80, 0x1c, 0x3, 0xed, 0x6,
    0x13, 0x0, 0xf2, 0x22, 0x82, 0xc0, 0x39, 0x43,
    0x4c, 0x54, 0x3, 0xbc, 0x1c, 0x1c, 0x88, 0x1,
    0x94, 0xc4, 0x34, 0x14, 0x2, 0x40, 0xb0, 0x2,
    0xd, 0x80, 0x5a, 0x11, 0xff, 0x9, 0x88, 0x1,
    0xc5, 0x9b, 0x28, 0x38, 0x18, 0xb4, 0xce, 0xa0,
    0xd0, 0xb0, 0xb0, 0xe, 0x54, 0x10,

    /* U+00C5 "Å" */
    0x0, 0x86, 0xf9, 0xc0, 0x3e, 0x81, 0xd8, 0x20,
    0xf, 0x19, 0x10, 0x40, 0x3e, 0x86, 0xe7, 0x20,
    0xf, 0x17, 0x72, 0x40, 0x3e, 0x1f, 0xe9, 0x0,
    0xf9, 0xc0, 0xe, 0x1, 0xf6, 0x83, 0x9, 0x80,
    0x79, 0x11, 0x41, 0x60, 0x1c, 0xa1, 0xa6, 0x2a,
    0x1, 0xde, 0xe, 0xe, 0x44, 0x0, 0xca, 0x62,
    0x1a, 0xa, 0x1, 0x20, 0x58, 0x1, 0x6, 0xc0,
    0x2d, 0x8, 0xff, 0x84, 0xc4, 0x0, 0xe2, 0xcd,
    0x94, 0x1c, 0xc, 0x5a, 0x67, 0x50, 0x68, 0x58,
    0x58, 0x7, 0x2a, 0x8,

    /* U+00C6 "Æ" */
    0x0, 0x87, 0xff, 0xfc, 0x20, 0x13, 0x82, 0x20,
    0xd, 0x9b, 0x80, 0x36, 0x85, 0xf8, 0x54, 0xcf,
    0x8, 0x4, 0x88, 0x0, 0xff, 0xe0, 0x28, 0x68,
    0x7, 0xff, 0x3, 0xc1, 0xc0, 0x29, 0xff, 0xc4,
    0x1, 0x29, 0x88, 0x4, 0x6c, 0xd8, 0xc0, 0x8,
    0x16, 0x1, 0xaa, 0x67, 0x8, 0x3, 0x42, 0x3f,
    0xd6, 0x1, 0xfc, 0xe2, 0xcd, 0x20, 0x7, 0xe3,
    0x16, 0x99, 0xbc, 0x2a, 0x67, 0x86, 0xc2, 0xc0,
    0x38, 0xd9, 0xb8, 0x0,

    /* U+00C7 "Ç" */
    0x0, 0x9f, 0x7f, 0xd8, 0xc0, 0x18, 0x76, 0x1,
    0x54, 0x53, 0x60, 0x15, 0x93, 0xed, 0x53, 0x95,
    0x20, 0x5, 0x4e, 0x0, 0x35, 0xa, 0x3, 0x85,
    0x0, 0x7b, 0xb0, 0x4, 0x8, 0x3, 0xff, 0x92,
    0x20, 0x40, 0x1e, 0x10, 0x3, 0x85, 0x0, 0x7b,
    0xf0, 0x5, 0x4e, 0x0, 0x35, 0xa, 0x0, 0x2c,
    0x9f, 0x6a, 0x9c, 0xa9, 0x0, 0x1, 0xd8, 0x5,
    0x51, 0x4d, 0x80, 0x73, 0xeb, 0x33, 0x18, 0x3,
    0xf7, 0x31, 0x80, 0x7f, 0x18, 0xb0, 0x7, 0xe2,
    0xb2, 0x50, 0xc,

    /* U+00C8 "È" */
    0x0, 0x44, 0x0, 0x3d, 0x8e, 0x20, 0x1c, 0x84,
    0xc0, 0x1e, 0xd7, 0x0, 0xbb, 0xff, 0xce, 0x2,
    0xcd, 0xc6, 0x5, 0x33, 0xc8, 0x1, 0xff, 0xc5,
    0x3f, 0xfd, 0x0, 0x1, 0x66, 0xda, 0x0, 0x29,
    0x9c, 0xa0, 0x1f, 0xfc, 0x62, 0x99, 0xe4, 0x1,
    0x66, 0xe3,

    /* U+00C9 "É" */
    0x0, 0xd1, 0x0, 0xe, 0x17, 0xc0, 0xe, 0x62,
    0x40, 0xe, 0x7d, 0x0, 0xbb, 0xff, 0xce, 0x2,
    0xcd, 0xc6, 0x5, 0x33, 0xc8, 0x1, 0xff, 0xc5,
    0x3f, 0xfd, 0x0, 0x1, 0x66, 0xda, 0x0, 0x29,
    0x9c, 0xa0, 0x1f, 0xfc, 0x62, 0x99, 0xe4, 0x1,
    0x66, 0xe3,

    /* U+00CA "Ê" */
    0x0, 0xc, 0x28, 0x7, 0x62, 0xd2, 0x0, 0x54,
    0x18, 0xf4, 0x40, 0xa, 0xd1, 0x8e, 0x20, 0xef,
    0xff, 0x38, 0xb, 0x37, 0x18, 0x14, 0xcf, 0x20,
    0x7, 0xff, 0x14, 0xff, 0xf4, 0x0, 0x5, 0x9b,
    0x68, 0x0, 0xa6, 0x72, 0x80, 0x7f, 0xf1, 0x8a,
    0x67, 0x90, 0x5, 0x9b, 0x8c,

    /* U+00CB "Ë" */
    0x6, 0x80, 0x49, 0x10, 0x6, 0xb0, 0x1b, 0x18,
    0x2, 0xf8, 0x1f, 0xc8, 0x3b, 0xff, 0xce, 0x2,
    0xcd, 0xc6, 0x5, 0x33, 0xc8, 0x1, 0xff, 0xc5,
    0x3f, 0xfd, 0x0, 0x1, 0x66, 0xda, 0x0, 0x29,
    0x9c, 0xa0, 0x1f, 0xfc, 0x62, 0x99, 0xe4, 0x1,
    0x66, 0xe3,

    /* U+00CC "Ì" */
    0x7a, 0x5, 0x51, 0x10, 0xe8, 0x32, 0x2, 0xfc,
    0x3, 0xff, 0xaa,

    /* U+00CD "Í" */
    0x7, 0xa0, 0x9c, 0x51, 0x65, 0xf0, 0xbf, 0x0,
    0xff, 0xeb, 0x0,

    /* U+00CE "Î" */
    0x0, 0x33, 0x80, 0x4f, 0x35, 0x40, 0x48, 0xaf,
    0x57, 0x4f, 0x52, 0xf7, 0x0, 0x5f, 0x80, 0x7f,
    0xfe, 0x0,

    /* U+00CF "Ï" */
    0x29, 0x20, 0x95, 0x66, 0x85, 0xb5, 0x3d, 0x7,
    0xe0, 0x1, 0x7e, 0x1, 0xff, 0xf8,

    /* U+00D0 "Ð" */
    0xe, 0xff, 0xdb, 0x0, 0x1c, 0x2a, 0xb0, 0x3e,
    0x0, 0x63, 0xaa, 0xb5, 0x8d, 0xc0, 0x3f, 0x48,
    0xc8, 0x7, 0xf2, 0x9, 0x8, 0x0, 0x44, 0x1,
    0x10, 0x36, 0x9, 0x77, 0x1c, 0x3, 0xb8, 0x4a,
    0xec, 0xc0, 0x2, 0x6, 0x30, 0x2, 0x20, 0x40,
    0x8, 0x24, 0x1, 0xf4, 0x8b, 0x0, 0x47, 0x32,
    0xad, 0x63, 0x80, 0x8, 0x59, 0x8a, 0xf, 0x80,
    0x0,

    /* U+00D1 "Ñ" */
    0x0, 0xff, 0xe0, 0x3f, 0xd9, 0xd4, 0x0, 0x6a,
    0x83, 0xc5, 0xc0, 0xd, 0xed, 0x1d, 0xa8, 0x0,
    0xef, 0x1, 0x1, 0x28, 0xf3, 0x0, 0x70, 0x7,
    0xf1, 0xb0, 0x7, 0xc4, 0x32, 0x20, 0x1f, 0x50,
    0x58, 0x7, 0xc8, 0xab, 0x0, 0x7d, 0x63, 0x60,
    0x1f, 0xc, 0xc, 0x80, 0x7c, 0xc8, 0xc6, 0x1,
    0xf4, 0x82, 0x0, 0x7c, 0x50, 0x1, 0xfc, 0xe4,
    0x0,

    /* U+00D2 "Ò" */
    0x0, 0xd9, 0x0, 0x1f, 0xea, 0x60, 0xf, 0xf3,
    0x11, 0x80, 0x7f, 0xb0, 0xc0, 0x3f, 0x3e, 0xff,
    0xb1, 0x80, 0x30, 0xec, 0x2, 0xa8, 0xa6, 0xc0,
    0x2b, 0x27, 0xda, 0xa7, 0x2a, 0x40, 0xa, 0x9c,
    0x0, 0x6a, 0x17, 0x7, 0xa, 0x0, 0xf3, 0x81,
    0x88, 0x10, 0x7, 0xbc, 0x18, 0x3, 0xff, 0x80,
    0x20, 0x40, 0x1e, 0xf0, 0x67, 0xa, 0x0, 0xf3,
    0x81, 0x8a, 0x9c, 0x0, 0x6a, 0x17, 0x0, 0x59,
    0x3e, 0xd5, 0x39, 0x52, 0x0, 0x3, 0xb0, 0xa,
    0xa2, 0x9b, 0x0, 0x0,

    /* U+00D3 "Ó" */
    0x0, 0xf5, 0xd0, 0x7, 0xf0, 0xa4, 0x80, 0x7f,
    0x3a, 0x18, 0x7, 0xf3, 0x58, 0x7, 0xe7, 0xdf,
    0xf6, 0x30, 0x6, 0x1d, 0x80, 0x55, 0x14, 0xd8,
    0x5, 0x64, 0xfb, 0x54, 0xe5, 0x48, 0x1, 0x53,
    0x80, 0xd, 0x42, 0xe0, 0xe1, 0x40, 0x1e, 0x70,
    0x31, 0x2, 0x0, 0xf7, 0x83, 0x0, 0x7f, 0xf0,
    0x4, 0x8, 0x3, 0xde, 0xc, 0xe1, 0x40, 0x1e,
    0x70, 0x31, 0x53, 0x80, 0xd, 0x42, 0xe0, 0xb,
    0x27, 0xda, 0xa7, 0x2a, 0x40, 0x0, 0x76, 0x1,
    0x54, 0x53, 0x60, 0x0,

    /* U+00D4 "Ô" */
    0x0, 0xe7, 0x60, 0xf, 0xea, 0xa4, 0xb8, 0x7,
    0xce, 0xbf, 0x50, 0x80, 0x1e, 0x7f, 0x25, 0xf4,
    0x0, 0xf3, 0xef, 0xfb, 0x18, 0x3, 0xe, 0xc0,
    0x2a, 0x8a, 0x6c, 0x2, 0xb2, 0x7d, 0xaa, 0x72,
    0xa4, 0x0, 0xa9, 0xc0, 0x6, 0xa1, 0x70, 0x70,
    0xa0, 0xf, 0x38, 0x18, 0x81, 0x0, 0x7b, 0xc1,
    0x80, 0x3f, 0xf8, 0x2, 0x4, 0x1, 0xef, 0x6,
    0x70, 0xa0, 0xf, 0x38, 0x18, 0xa9, 0xc0, 0x6,
    0xa1, 0x70, 0x5, 0x93, 0xed, 0x53, 0x95, 0x20,
    0x0, 0x3b, 0x0, 0xaa, 0x29, 0xb0, 0x0,

    /* U+00D5 "Õ" */
    0x0, 0xff, 0xe1, 0x9f, 0xd0, 0x35, 0x80, 0x7a,
    0x94, 0x23, 0x84, 0x3, 0xc7, 0xb4, 0x6f, 0x80,
    0x1e, 0x86, 0xb, 0xd6, 0x0, 0xf2, 0xe7, 0xfb,
    0x98, 0x3, 0xe, 0xc0, 0x2a, 0x8a, 0x6c, 0x2,
    0xb2, 0x7d, 0xaa, 0x72, 0xa4, 0x0, 0xa9, 0xc0,
    0x6, 0xa1, 0x70, 0x70, 0xa0, 0xf, 0x38, 0x18,
    0x81, 0x0, 0x7b, 0xc1, 0x80, 0x3f, 0xf8, 0x2,
    0x4, 0x1, 0xef, 0x6, 0x70, 0xa0, 0xf, 0x38,
    0x18, 0xa9, 0xc0, 0x6, 0xa1, 0x70, 0x5, 0x93,
    0xed, 0x53, 0x95, 0x20, 0x0, 0x3b, 0x0, 0xaa,
    0x29, 0xb0, 0x0,

    /* U+00D6 "Ö" */
    0x0, 0x9f, 0xc5, 0x3d, 0x40, 0x3c, 0x6c, 0xc,
    0xd0, 0x7, 0x92, 0x44, 0xa4, 0xc0, 0x3c, 0xfb,
    0xfe, 0xc6, 0x0, 0xc3, 0xb0, 0xa, 0xa2, 0x9b,
    0x0, 0xac, 0x9f, 0x6a, 0x9c, 0xa9, 0x0, 0x2a,
    0x70, 0x1, 0xa8, 0x5c, 0x1c, 0x28, 0x3, 0xce,
    0x6, 0x20, 0x40, 0x1e, 0xf0, 0x60, 0xf, 0xfe,
    0x0, 0x81, 0x0, 0x7b, 0xc1, 0x9c, 0x28, 0x3,
    0xce, 0x6, 0x2a, 0x70, 0x1, 0xa8, 0x5c, 0x1,
    0x64, 0xfb, 0x54, 0xe5, 0x48, 0x0, 0xe, 0xc0,
    0x2a, 0x8a, 0x6c, 0x0,

    /* U+00D7 "×" */
    0x7, 0x50, 0x2, 0xc0, 0x3, 0xa9, 0x55, 0x42,
    0x0, 0x96, 0xaa, 0x34, 0x80, 0x58, 0x0, 0xc0,
    0x9, 0x29, 0x99, 0x48, 0x0, 0xf6, 0x99, 0x37,
    0x80, 0x2e, 0x40, 0x13, 0x60,

    /* U+00D8 "Ø" */
    0x0, 0x9f, 0x7f, 0xd8, 0xc5, 0x62, 0x3, 0xb0,
    0xa, 0xa2, 0x9d, 0x42, 0xb, 0x27, 0xda, 0xa7,
    0x80, 0x18, 0xc5, 0x4e, 0x0, 0x2a, 0x0, 0x30,
    0x38, 0x50, 0x5, 0x49, 0xc, 0x6, 0x20, 0x40,
    0x8, 0x57, 0x77, 0x83, 0x0, 0x67, 0x73, 0x40,
    0x6, 0x10, 0x25, 0x84, 0x90, 0x7, 0x83, 0x38,
    0x5d, 0x1d, 0x80, 0x4e, 0x6, 0x28, 0x43, 0xa0,
    0x15, 0xb, 0x81, 0x20, 0xe, 0x55, 0x39, 0x52,
    0x0, 0x93, 0x20, 0x15, 0x45, 0x36, 0x0,

    /* U+00D9 "Ù" */
    0x0, 0xae, 0x40, 0x3f, 0x73, 0x0, 0x7e, 0x53,
    0x40, 0xf, 0xd8, 0x80, 0x1b, 0xb4, 0x3, 0x9b,
    0xd0, 0x3, 0xff, 0xe0, 0x60, 0x1f, 0xc2, 0x40,
    0x1d, 0xe0, 0xf6, 0x14, 0x1, 0x23, 0x11, 0xb9,
    0xaf, 0x55, 0xd8, 0x38, 0x1, 0x8e, 0x6a, 0xb6,
    0x98, 0x0,

    /* U+00DA "Ú" */
    0x0, 0xc3, 0xe6, 0x1, 0xf3, 0x11, 0x80, 0x7d,
    0x96, 0x1, 0xfa, 0xd8, 0x3, 0x76, 0x80, 0x73,
    0x7a, 0x0, 0x7f, 0xfc, 0xc, 0x3, 0xf8, 0x48,
    0x3, 0xbc, 0x1e, 0xc2, 0x80, 0x24, 0x62, 0x37,
    0x35, 0xea, 0xbb, 0x7, 0x0, 0x31, 0xcd, 0x56,
    0xd3, 0x0,

    /* U+00DB "Û" */
    0x0, 0x86, 0x10, 0x3, 0xec, 0x5b, 0x40, 0xe,
    0xa0, 0xc7, 0xa2, 0x0, 0xd5, 0xa3, 0x1c, 0x40,
    0xe, 0xd0, 0xe, 0x6f, 0x40, 0xf, 0xff, 0x81,
    0x80, 0x7f, 0x9, 0x0, 0x77, 0x83, 0xd8, 0x50,
    0x4, 0x8c, 0x46, 0xe6, 0xbd, 0x57, 0x60, 0xe0,
    0x6, 0x39, 0xaa, 0xda, 0x60,

    /* U+00DC "Ü" */
    0x0, 0x5f, 0x3, 0xf9, 0x0, 0x6d, 0x60, 0x36,
    0x30, 0xc, 0xd0, 0x9, 0x22, 0x0, 0xed, 0x0,
    0xe6, 0xf4, 0x0, 0xff, 0xf8, 0x18, 0x7, 0xf0,
    0x90, 0x7, 0x78, 0x3d, 0x85, 0x0, 0x48, 0xc4,
    0x6e, 0x6b, 0xd5, 0x76, 0xe, 0x0, 0x63, 0x9a,
    0xad, 0xa6, 0x0,

    /* U+00DD "Ý" */
    0x0, 0xec, 0x40, 0xf, 0x98, 0x90, 0x3, 0xea,
    0x60, 0xf, 0xd9, 0x0, 0x1a, 0xfc, 0xc0, 0x35,
    0xf9, 0xc8, 0x78, 0x4, 0x88, 0x53, 0x26, 0x35,
    0x0, 0x48, 0x40, 0x2, 0x2, 0x1, 0x89, 0xc8,
    0x0, 0x2e, 0x4f, 0x3, 0x20, 0x1a, 0x6, 0x6,
    0x44, 0x3, 0xa0, 0x9, 0xc0, 0x3c, 0xe0, 0x80,
    0x1f, 0xfe, 0x0,

    /* U+00DE "Þ" */
    0xed, 0x0, 0xff, 0xe2, 0x9c, 0xcd, 0x4, 0x1,
    0xb, 0x34, 0xfa, 0x80, 0x2, 0xff, 0xac, 0x68,
    0x3, 0xc9, 0x2, 0xa0, 0x1e, 0x30, 0x30, 0xf,
    0x70, 0x20, 0x1c, 0xcd, 0xa8, 0xc4, 0x2, 0xcd,
    0x1c, 0x48, 0x0, 0xbf, 0xee, 0x70, 0xf, 0xf8,

    /* U+00DF "ß" */
    0x7, 0xdf, 0xe7, 0x0, 0x34, 0x1b, 0x1c, 0x40,
    0x28, 0x3e, 0x74, 0x9c, 0x8, 0x82, 0x0, 0x60,
    0xf, 0x32, 0x20, 0x3, 0x34, 0x86, 0x80, 0x64,
    0x82, 0x95, 0x0, 0x89, 0xf4, 0x60, 0x3, 0xca,
    0x40, 0x1c, 0x28, 0x40, 0x1, 0xbb, 0x70, 0x50,
    0x4, 0xa8, 0x50, 0xe0,

    /* U+00E0 "à" */
    0x0, 0xb9, 0x80, 0x3e, 0x6a, 0x0, 0xfa, 0x84,
    0x40, 0x1e, 0x2d, 0x10, 0xe, 0x8e, 0xfe, 0x91,
    0x0, 0x4b, 0x93, 0x2b, 0x50, 0x4, 0xb9, 0x36,
    0x88, 0x10, 0x9a, 0x47, 0x96, 0x3, 0x6, 0xfb,
    0x95, 0x0, 0x8a, 0x4f, 0x7b, 0x10, 0x0, 0xe1,
    0x24, 0x2, 0xe0, 0x7, 0x8, 0x77, 0x60, 0x4,
    0x54, 0x11, 0x2b, 0x60, 0x0,

    /* U+00E1 "á" */
    0x0, 0xc3, 0xe8, 0x1, 0xe7, 0x14, 0x0, 0xf6,
    0x40, 0x7, 0xd4, 0xc0, 0x1d, 0x1d, 0xfd, 0x22,
    0x0, 0x97, 0x26, 0x56, 0xa0, 0x9, 0x72, 0x6d,
    0x10, 0x21, 0x34, 0x8f, 0x2c, 0x6, 0xd, 0xf7,
    0x2a, 0x1, 0x14, 0x9e, 0xf6, 0x20, 0x1, 0xc2,
    0x48, 0x5, 0xc0, 0xe, 0x10, 0xee, 0xc0, 0x8,
    0xa8, 0x22, 0x56, 0xc0, 0x0,

    /* U+00E2 "â" */
    0x0, 0x9f, 0xf0, 0x3, 0x92, 0x28, 0xa8, 0x3,
    0x1d, 0x2e, 0x10, 0x80, 0x4e, 0xa0, 0x50, 0x20,
    0x14, 0x77, 0xf4, 0x88, 0x2, 0x5c, 0x99, 0x5a,
    0x80, 0x25, 0xc9, 0xb4, 0x40, 0x84, 0xd2, 0x3c,
    0xb0, 0x18, 0x37, 0xdc, 0xa8, 0x4, 0x52, 0x7b,
    0xd8, 0x80, 0x7, 0x9, 0x20, 0x17, 0x0, 0x38,
    0x43, 0xbb, 0x0, 0x22, 0xa0, 0x89, 0x5b, 0x0,
    0x0,

    /* U+00E3 "ã" */
    0x0, 0xff, 0xa3, 0xec, 0xad, 0xc0, 0x26, 0x82,
    0xd4, 0x30, 0xb, 0x5a, 0x77, 0x48, 0x1, 0x18,
    0x81, 0x10, 0x3, 0x47, 0x7f, 0x48, 0x80, 0x25,
    0xc9, 0x95, 0xa8, 0x2, 0x5c, 0x9b, 0x44, 0x8,
    0x4d, 0x23, 0xcb, 0x1, 0x83, 0x7d, 0xca, 0x80,
    0x45, 0x27, 0xbd, 0x88, 0x0, 0x70, 0x92, 0x1,
    0x70, 0x3, 0x84, 0x3b, 0xb0, 0x2, 0x2a, 0x8,
    0x95, 0xb0, 0x0,

    /* U+00E4 "ä" */
    0x0, 0x5f, 0x3, 0xf9, 0x0, 0x58, 0xe0, 0x6a,
    0x60, 0x13, 0xc8, 0x25, 0x8, 0x5, 0x1d, 0xfd,
    0x22, 0x0, 0x97, 0x26, 0x56, 0xa0, 0x9, 0x72,
    0x6d, 0x10, 0x21, 0x34, 0x8f, 0x2c, 0x6, 0xd,
    0xf7, 0x2a, 0x1, 0x14, 0x9e, 0xf6, 0x20, 0x1,
    0xc2, 0x48, 0x5, 0xc0, 0xe, 0x10, 0xee, 0xc0,
    0x8, 0xa8, 0x22, 0x56, 0xc0, 0x0,

    /* U+00E5 "å" */
    0x0, 0x9f, 0xac, 0x40, 0x31, 0xce, 0x84, 0x80,
    0x78, 0xc8, 0x3, 0x8d, 0x3d, 0xe8, 0x3, 0xab,
    0xb8, 0x40, 0x1a, 0x3b, 0xa9, 0x10, 0x4, 0xb9,
    0x32, 0xb5, 0x0, 0x4b, 0x93, 0x68, 0x81, 0x9,
    0xa4, 0x79, 0x60, 0x30, 0x6f, 0xb9, 0x50, 0x8,
    0xa4, 0xf7, 0xb1, 0x0, 0xe, 0x12, 0x40, 0x2e,
    0x0, 0x70, 0x87, 0x76, 0x0, 0x45, 0x41, 0x12,
    0xb6, 0x0,

    /* U+00E6 "æ" */
    0x0, 0x36, 0xff, 0x48, 0x3e, 0xff, 0x38, 0x4,
    0xf2, 0x2e, 0xad, 0xd0, 0x2e, 0xb0, 0xe0, 0xd,
    0x4c, 0x8b, 0x31, 0x4c, 0x8b, 0x58, 0x0, 0x55,
    0x80, 0x4a, 0x1a, 0x23, 0x60, 0x18, 0x14, 0xef,
    0xf9, 0x82, 0x7b, 0xa9, 0x6, 0x1d, 0x4a, 0xbb,
    0x20, 0x3d, 0xdf, 0x22, 0x2, 0x1d, 0x15, 0x40,
    0x89, 0x8f, 0x5, 0xc2, 0xea, 0x9c, 0xc, 0x7b,
    0x59, 0x6, 0x5, 0x46, 0xa8, 0xb9, 0x32, 0x5,
    0x27, 0xb0,

    /* U+00E7 "ç" */
    0x0, 0x2e, 0x7f, 0xa8, 0x80, 0xd, 0x44, 0xa8,
    0xb8, 0x21, 0x23, 0xf5, 0x72, 0x8, 0x80, 0x61,
    0x0, 0x37, 0x28, 0x87, 0x0, 0x78, 0x43, 0x80,
    0x3c, 0x80, 0xc2, 0x0, 0x6e, 0x50, 0x91, 0xfa,
    0xb9, 0x4, 0x6, 0xa3, 0x54, 0x5c, 0x10, 0x2,
    0xe9, 0x55, 0x8, 0x3, 0x9e, 0xc0, 0x3c, 0x3e,
    0x22, 0x0, 0xe7, 0xa6, 0x10, 0x0,

    /* U+00E8 "è" */
    0x0, 0xaa, 0x80, 0x1f, 0x72, 0x88, 0x7, 0x90,
    0xd0, 0x3, 0xec, 0x50, 0xe, 0x5c, 0xff, 0x51,
    0x0, 0x1a, 0x85, 0xd9, 0x70, 0x42, 0x47, 0x62,
    0x6c, 0x65, 0x1, 0xc4, 0x65, 0x14, 0x10, 0x6e,
    0xec, 0x24, 0x20, 0xb7, 0x7d, 0xa8, 0x8, 0xa8,
    0x86, 0xe7, 0x9, 0x1f, 0xaa, 0x6a, 0xb8, 0x35,
    0x92, 0xa9, 0x30, 0xc0,

    /* U+00E9 "é" */
    0x0, 0xea, 0xa0, 0x7, 0x85, 0x64, 0x3, 0xce,
    0x86, 0x1, 0xe6, 0xb0, 0xe, 0x5c, 0xff, 0x51,
    0x0, 0x1a, 0x85, 0xd9, 0x70, 0x42, 0x47, 0x62,
    0x6c, 0x65, 0x1, 0xc4, 0x65, 0x14, 0x10, 0x6e,
    0xec, 0x24, 0x20, 0xb7, 0x7d, 0xa8, 0x8, 0xa8,
    0x86, 0xe7, 0x9, 0x1f, 0xaa, 0x6a, 0xb8, 0x35,
    0x92, 0xa9, 0x30, 0xc0,

    /* U+00EA "ê" */
    0x0, 0x93, 0xf8, 0x40, 0x31, 0x5c, 0x16, 0x80,
    0x67, 0x97, 0xd4, 0x30, 0x9, 0x58, 0x6, 0xc,
    0x2, 0x5c, 0xff, 0x51, 0x0, 0x1a, 0x85, 0xd9,
    0x70, 0x42, 0x47, 0x62, 0x6c, 0x65, 0x1, 0xc4,
    0x65, 0x14, 0x10, 0x6e, 0xec, 0x24, 0x20, 0xb7,
    0x7d, 0xa8, 0x8, 0xa8, 0x86, 0xe7, 0x9, 0x1f,
    0xaa, 0x6a, 0xb8, 0x35, 0x92, 0xa9, 0x30, 0xc0,

    /* U+00EB "ë" */
    0x0, 0x47, 0x8a, 0xfa, 0x0, 0x5a, 0xa2, 0xca,
    0xc0, 0x12, 0xd0, 0x1d, 0x10, 0x4, 0xb9, 0xfe,
    0xa2, 0x0, 0x35, 0xb, 0xb2, 0xe0, 0x84, 0x8e,
    0xc4, 0xd8, 0xca, 0x3, 0x88, 0xca, 0x28, 0x20,
    0xdd, 0xd8, 0x48, 0x41, 0x6e, 0xfb, 0x50, 0x11,
    0x51, 0xd, 0xce, 0x12, 0x3f, 0x54, 0xd5, 0x70,
    0x6b, 0x25, 0x52, 0x61, 0x80,

    /* U+00EC "ì" */
    0x7a, 0x5, 0x51, 0x10, 0xe8, 0x32, 0x2, 0xfc,
    0x3, 0xff, 0x98,

    /* U+00ED "í" */
    0x7, 0xa0, 0x9c, 0x51, 0x65, 0xf0, 0xbf, 0x0,
    0xff, 0xe6, 0x80,

    /* U+00EE "î" */
    0x0, 0x2b, 0x88, 0x1, 0x6a, 0xa0, 0x3a, 0x9c,
    0x59, 0x3f, 0x61, 0xe9, 0x0, 0x5f, 0x80, 0x7f,
    0xf9, 0x80,

    /* U+00EF "ï" */
    0x4f, 0x41, 0xf8, 0x75, 0x71, 0x5d, 0x3a, 0x30,
    0xa5, 0x0, 0x5f, 0x80, 0x7f, 0xf9, 0x80,

    /* U+00F0 "ð" */
    0x0, 0xf2, 0x0, 0x73, 0xf6, 0x59, 0x80, 0x67,
    0x43, 0x0, 0xfb, 0xea, 0x38, 0x2, 0x5d, 0xab,
    0xe2, 0x50, 0x6a, 0x7, 0x46, 0xc, 0x9, 0x2d,
    0x8a, 0x90, 0x24, 0xa, 0x0, 0x98, 0x1c, 0x40,
    0x80, 0x30, 0x8c, 0x4, 0x1, 0x84, 0x48, 0x14,
    0x1, 0x30, 0x20, 0x49, 0x6c, 0xd4, 0x8c, 0x83,
    0x50, 0x32, 0xab, 0x4,

    /* U+00F1 "ñ" */
    0x0, 0xfe, 0x9f, 0xfd, 0x0, 0xa, 0xcc, 0x5e,
    0x40, 0x0, 0xce, 0x43, 0x0, 0x74, 0xbf, 0x7e,
    0xa8, 0x1, 0xa1, 0x54, 0x54, 0x60, 0xb, 0xb5,
    0x50, 0x24, 0x0, 0x80, 0x5, 0x7, 0x2, 0x0,
    0xc4, 0x60, 0x1f, 0xfd, 0x40,

    /* U+00F2 "ò" */
    0x0, 0xb5, 0xc0, 0x3f, 0x5c, 0x80, 0x7e, 0x63,
    0x30, 0x7, 0xed, 0x30, 0xf, 0x2e, 0x7f, 0xac,
    0xc0, 0x26, 0xa2, 0x55, 0x26, 0x18, 0x2, 0x47,
    0xea, 0x96, 0x10, 0x8, 0xc, 0x20, 0x4, 0x34,
    0x1, 0xf, 0x0, 0xce, 0x2, 0x20, 0xf0, 0xc,
    0xe0, 0x28, 0xc, 0x20, 0x4, 0x34, 0x0, 0x48,
    0xfd, 0x5d, 0x82, 0x40, 0xd, 0x44, 0xa8, 0x8d,
    0x20,

    /* U+00F3 "ó" */
    0x0, 0xed, 0x70, 0xf, 0x8c, 0x98, 0x3, 0xeb,
    0x61, 0x0, 0xfa, 0x24, 0x3, 0xcb, 0x9f, 0xeb,
    0x30, 0x9, 0xa8, 0x95, 0x49, 0x86, 0x0, 0x91,
    0xfa, 0xa5, 0x84, 0x2, 0x3, 0x8, 0x1, 0xd,
    0x0, 0x43, 0xc0, 0x33, 0x80, 0x88, 0x3c, 0x3,
    0x38, 0xa, 0x3, 0x8, 0x1, 0xd, 0x0, 0x12,
    0x3f, 0x57, 0x60, 0x90, 0x3, 0x51, 0x2a, 0x23,
    0x48, 0x0,

    /* U+00F4 "ô" */
    0x0, 0x93, 0xf8, 0x40, 0x38, 0xae, 0x17, 0x40,
    0x39, 0xe5, 0xe9, 0xc, 0x3, 0x2b, 0x0, 0xc1,
    0x80, 0x65, 0xcf, 0xf5, 0x98, 0x4, 0xd4, 0x4a,
    0xa4, 0xc3, 0x0, 0x48, 0xfd, 0x52, 0xc2, 0x1,
    0x1, 0x84, 0x0, 0x86, 0x80, 0x21, 0xe0, 0x19,
    0xc0, 0x44, 0x1e, 0x1, 0x9c, 0x5, 0x1, 0x84,
    0x0, 0x86, 0x80, 0x9, 0x1f, 0xab, 0xb0, 0x48,
    0x1, 0xa8, 0x95, 0x11, 0xa4, 0x0,

    /* U+00F5 "õ" */
    0x0, 0xff, 0xe0, 0x3f, 0xe1, 0xcc, 0x0, 0x6b,
    0x74, 0xc6, 0xd0, 0xd, 0xf3, 0x1d, 0x8a, 0x1,
    0x8c, 0x40, 0x4c, 0x3, 0x97, 0x3f, 0xd6, 0x60,
    0x13, 0x51, 0x2a, 0x93, 0xc, 0x1, 0x23, 0xf5,
    0x4b, 0x8, 0x4, 0x6, 0x10, 0x2, 0x1a, 0x0,
    0x87, 0x80, 0x67, 0x1, 0x10, 0x78, 0x6, 0x70,
    0x14, 0x6, 0x10, 0x2, 0x1a, 0x0, 0x24, 0x7e,
    0xae, 0xc1, 0x20, 0x6, 0xa2, 0x54, 0x46, 0x90,
    0x0,

    /* U+00F6 "ö" */
    0x0, 0x47, 0x8a, 0xfa, 0x0, 0x6d, 0x51, 0x65,
    0x60, 0xc, 0xb4, 0x7, 0x44, 0x1, 0x97, 0x3f,
    0xd6, 0x60, 0x13, 0x51, 0x2a, 0x93, 0xc, 0x1,
    0x23, 0xf5, 0x4b, 0x8, 0x4, 0x6, 0x10, 0x2,
    0x1a, 0x0, 0x87, 0x80, 0x67, 0x1, 0x10, 0x78,
    0x6, 0x70, 0x14, 0x6, 0x10, 0x2, 0x1a, 0x0,
    0x24, 0x7e, 0xae, 0xc1, 0x20, 0x6, 0xa2, 0x54,
    0x46, 0x90, 0x0,

    /* U+00F7 "÷" */
    0x0, 0xa3, 0xc8, 0x3, 0xb5, 0x4c, 0x2, 0x11,
    0x25, 0x80, 0x80, 0x3b, 0xbd, 0x61, 0x77, 0xe9,
    0x4, 0x46, 0x5b, 0x21, 0x0, 0x5a, 0xa6, 0x0,

    /* U+00F8 "ø" */
    0x0, 0x2e, 0x7f, 0xad, 0xa4, 0x0, 0xd4, 0x4a,
    0xa4, 0x97, 0x20, 0x91, 0xfa, 0x81, 0x5, 0x24,
    0x6, 0x12, 0xc5, 0x24, 0x1, 0xf, 0x2c, 0x5b,
    0x60, 0x11, 0x6, 0x61, 0x6c, 0x1c, 0x5, 0x1,
    0x16, 0xc1, 0xd, 0x1, 0x0, 0xb, 0x57, 0x60,
    0x90, 0x55, 0x49, 0x2a, 0x23, 0x48, 0x0,

    /* U+00F9 "ù" */
    0x0, 0xae, 0x40, 0x3e, 0xf6, 0x0, 0xf9, 0xd,
    0x40, 0x3e, 0xc5, 0x0, 0xdf, 0x40, 0x1b, 0xec,
    0x3, 0xff, 0xb4, 0xc0, 0x10, 0x80, 0x44, 0x66,
    0x0, 0x30, 0x5, 0x61, 0x95, 0x70, 0x1, 0x34,
    0xa, 0xb4, 0x98, 0x0,

    /* U+00FA "ú" */
    0x0, 0xee, 0x50, 0xf, 0x28, 0x28, 0x7, 0xb2,
    0x40, 0x3e, 0x97, 0x0, 0xdf, 0x40, 0x1b, 0xec,
    0x3, 0xff, 0xb4, 0xc0, 0x10, 0x80, 0x44, 0x66,
    0x0, 0x30, 0x5, 0x61, 0x95, 0x70, 0x1, 0x34,
    0xa, 0xb4, 0x98, 0x0,

    /* U+00FB "û" */
    0x0, 0x85, 0xd8, 0x3, 0x87, 0x36, 0x24, 0x3,
    0x25, 0xd7, 0x89, 0x0, 0x4a, 0xc0, 0x30, 0x40,
    0xf, 0xa0, 0xd, 0xf6, 0x1, 0xff, 0xda, 0x60,
    0x8, 0x40, 0x22, 0x33, 0x0, 0x18, 0x2, 0xb0,
    0xca, 0xb8, 0x0, 0x9a, 0x5, 0x5a, 0x4c, 0x0,

    /* U+00FC "ü" */
    0x0, 0x4f, 0x82, 0xfa, 0x0, 0x58, 0xa0, 0xca,
    0xc0, 0x12, 0xd0, 0x1d, 0x10, 0x3, 0xe8, 0x3,
    0x7d, 0x80, 0x7f, 0xf6, 0x98, 0x2, 0x10, 0x8,
    0x8c, 0xc0, 0x6, 0x0, 0xac, 0x32, 0xae, 0x0,
    0x26, 0x81, 0x56, 0x93, 0x0,

    /* U+00FD "ý" */
    0x0, 0xc7, 0xa2, 0x1, 0xea, 0x61, 0x0, 0xf3,
    0x78, 0x7, 0xde, 0x80, 0x14, 0xf9, 0x0, 0x47,
    0xef, 0x41, 0x40, 0x15, 0x3, 0x19, 0x98, 0x2,
    0x74, 0x10, 0xa1, 0x40, 0x41, 0xe0, 0x3, 0x87,
    0x7, 0x2, 0x80, 0x5, 0x54, 0x2a, 0xa0, 0xd,
    0xc1, 0xa1, 0xc0, 0x19, 0x8, 0xc5, 0x0, 0x3a,
    0x81, 0x80, 0x3f, 0x50, 0x7, 0xa8, 0xc8, 0x3,
    0x8c, 0xa8, 0x3, 0xd6, 0xe, 0x1, 0x80,

    /* U+00FE "þ" */
    0xed, 0x0, 0xff, 0xe6, 0x88, 0x57, 0xfb, 0xc,
    0x2, 0x24, 0x66, 0x1e, 0x18, 0x8, 0x64, 0xcb,
    0x2, 0x0, 0x6, 0x40, 0x3, 0x32, 0x0, 0x1c,
    0x3, 0x38, 0x8, 0x38, 0x6, 0x70, 0x10, 0x32,
    0x0, 0x21, 0xa0, 0x5, 0x93, 0x56, 0x10, 0x0,
    0x27, 0x65, 0x3c, 0x30, 0x0, 0xcf, 0xfb, 0xc,
    0x3, 0xff, 0xa2,

    /* U+00FF "ÿ" */
    0x0, 0x75, 0x5, 0xf0, 0x6, 0x7c, 0xc, 0x60,
    0xd, 0x2c, 0xf, 0x0, 0x9, 0xf2, 0x0, 0x8f,
    0xde, 0x82, 0x80, 0x2a, 0x6, 0x33, 0x30, 0x4,
    0xe8, 0x21, 0x42, 0x80, 0x83, 0xc0, 0x7, 0xe,
    0xe, 0x5, 0x0, 0xa, 0xa8, 0x55, 0x40, 0x1b,
    0x83, 0x43, 0x80, 0x32, 0x11, 0x8a, 0x0, 0x75,
    0x3, 0x0, 0x7e, 0xa0, 0xf, 0x51, 0x90, 0x7,
    0x19, 0x50, 0x7, 0xac, 0x1c, 0x3, 0x0,

    /* U+0100 "Ā" */
    0x0, 0x84, 0x70, 0x7, 0xd9, 0xdd, 0x30, 0x7,
    0xba, 0xee, 0x70, 0xf, 0x1a, 0x24, 0x20, 0x1e,
    0x1f, 0xf4, 0x80, 0x7c, 0xe0, 0x7, 0x0, 0xfb,
    0x41, 0x84, 0xc0, 0x3c, 0x88, 0xa0, 0xb0, 0xe,
    0x50, 0xd3, 0x15, 0x0, 0xef, 0x7, 0x7, 0x22,
    0x0, 0x65, 0x31, 0xd, 0x5, 0x0, 0x90, 0x2c,
    0x0, 0x83, 0x60, 0x16, 0x84, 0x7f, 0xc2, 0x62,
    0x0, 0x71, 0x66, 0xca, 0xe, 0x6, 0x2d, 0x33,
    0xa8, 0x34, 0x2c, 0x2c, 0x3, 0x95, 0x4,

    /* U+0101 "ā" */
    0x0, 0x1f, 0xfe, 0x0, 0xc5, 0x55, 0x80, 0x30,
    0xaa, 0xe0, 0xd, 0x1d, 0xfd, 0x22, 0x0, 0x97,
    0x26, 0x56, 0xa0, 0x9, 0x72, 0x6d, 0x10, 0x21,
    0x34, 0x8f, 0x2c, 0x6, 0xd, 0xf7, 0x2a, 0x1,
    0x14, 0x9e, 0xf6, 0x20, 0x1, 0xc2, 0x48, 0x5,
    0xc0, 0xe, 0x10, 0xee, 0xc0, 0x8, 0xa8, 0x22,
    0x56, 0xc0, 0x0,

    /* U+0102 "Ă" */
    0x0, 0xbe, 0xb, 0xa0, 0x3, 0xd2, 0xfa, 0x72,
    0x1, 0xe6, 0xec, 0xd1, 0x0, 0xf0, 0xf6, 0x48,
    0x7, 0xce, 0x0, 0x70, 0xf, 0xb4, 0x18, 0x4c,
    0x3, 0xc8, 0x8a, 0xb, 0x0, 0xe5, 0xd, 0x31,
    0x50, 0xe, 0xf0, 0x70, 0x72, 0x20, 0x6, 0x53,
    0x10, 0xd0, 0x50, 0x9, 0x2, 0xc0, 0x8, 0x36,
    0x1, 0x68, 0x47, 0xfc, 0x26, 0x20, 0x7, 0x16,
    0x6c, 0xa0, 0xe0, 0x62, 0xd3, 0x3a, 0x83, 0x42,
    0xc2, 0xc0, 0x39, 0x50, 0x40,

    /* U+0103 "ă" */
    0x0, 0x19, 0x80, 0x94, 0x3, 0x5e, 0x94, 0x48,
    0x6, 0x93, 0xd5, 0x80, 0xc, 0x3b, 0x9c, 0x80,
    0x1a, 0x3b, 0x3e, 0x44, 0x1, 0x2e, 0x4c, 0xad,
    0x40, 0x12, 0xe4, 0xda, 0x20, 0x42, 0x69, 0x1e,
    0x58, 0xc, 0x1b, 0xee, 0x54, 0x2, 0x29, 0x3d,
    0xec, 0x40, 0x3, 0x84, 0x90, 0xb, 0x80, 0x1c,
    0x21, 0xdd, 0x80, 0x11, 0x50, 0x44, 0xad, 0x80,
    0x0,

    /* U+0104 "Ą" */
    0x0, 0x87, 0xfd, 0x20, 0x1f, 0x38, 0x1, 0xc0,
    0x3e, 0xd0, 0x61, 0x30, 0xf, 0x22, 0x28, 0x2c,
    0x3, 0x94, 0x34, 0xc5, 0x40, 0x3b, 0xc1, 0xc1,
    0xc8, 0x80, 0x19, 0x4c, 0x43, 0x41, 0x40, 0x24,
    0xb, 0x0, 0x20, 0xd8, 0x5, 0xa1, 0x1f, 0xf0,
    0x98, 0x80, 0x1c, 0x59, 0xb2, 0x83, 0x81, 0x8b,
    0x4c, 0xea, 0xd, 0xb, 0xb, 0x0, 0xe4, 0x40,
    0xc7, 0x98, 0x6, 0x24, 0x71, 0x0, 0xfb, 0x96,
    0x0, 0x3f, 0x10, 0x30, 0x7, 0xe8, 0x5a, 0x0,

    /* U+0105 "ą" */
    0x0, 0x47, 0x7f, 0x48, 0x80, 0x25, 0xc9, 0x95,
    0xa8, 0x2, 0x5c, 0x9b, 0x44, 0x8, 0x4d, 0x23,
    0xcb, 0x1, 0x83, 0x7d, 0xca, 0x80, 0x45, 0x27,
    0xbd, 0x88, 0x0, 0x70, 0x92, 0x1, 0x70, 0x3,
    0x84, 0x3b, 0xb0, 0x2, 0x2a, 0x8, 0x95, 0x70,
    0x9, 0x77, 0xfb, 0x8d, 0x64, 0x1, 0xd6, 0xe8,
    0x1, 0xe3, 0x16, 0x0, 0xf4, 0x36, 0x80,

    /* U+0106 "Ć" */
    0x0, 0xf5, 0x50, 0x3, 0xf8, 0x57, 0x80, 0x3f,
    0x91, 0x20, 0xf, 0xe5, 0xb0, 0xf, 0xcf, 0xbf,
    0xec, 0x60, 0xc, 0x3b, 0x0, 0xaa, 0x29, 0xb0,
    0xa, 0xc9, 0xf6, 0xa9, 0xca, 0x90, 0x2, 0xa7,
    0x0, 0x1a, 0x85, 0x1, 0xc2, 0x80, 0x3d, 0xd8,
    0x2, 0x4, 0x1, 0xff, 0xc9, 0x10, 0x20, 0xf,
    0x8, 0x1, 0xc2, 0x80, 0x3d, 0xf8, 0x2, 0xa7,
    0x0, 0x1a, 0x85, 0x0, 0x16, 0x4f, 0xb5, 0x4e,
    0x54, 0x80, 0x0, 0xec, 0x2, 0xa8, 0xa6, 0xc0,
    0x0,

    /* U+0107 "ć" */
    0x0, 0xed, 0x70, 0xf, 0x19, 0x30, 0x7, 0xad,
    0x84, 0x3, 0xd1, 0x20, 0x1c, 0xb9, 0xfe, 0xa2,
    0x0, 0x35, 0x12, 0xa2, 0xe0, 0x84, 0x8f, 0xd5,
    0xc8, 0x22, 0x1, 0x84, 0x0, 0xdc, 0xa2, 0x1c,
    0x1, 0xe1, 0xe, 0x0, 0xf2, 0x3, 0x8, 0x1,
    0xb9, 0x42, 0x47, 0xea, 0xe4, 0x10, 0x1a, 0x8d,
    0x51, 0x70, 0x40,

    /* U+0108 "Ĉ" */
    0x0, 0xe7, 0x60, 0xf, 0xea, 0xa4, 0xb8, 0x7,
    0xce, 0xbf, 0x50, 0x80, 0x1e, 0x7f, 0x25, 0xf4,
    0x0, 0xf3, 0xef, 0xfb, 0x18, 0x3, 0xe, 0xc0,
    0x2a, 0x8a, 0x6c, 0x2, 0xb2, 0x7d, 0xaa, 0x72,
    0xa4, 0x0, 0xa9, 0xc0, 0x6, 0xa1, 0x40, 0x70,
    0xa0, 0xf, 0x76, 0x0, 0x81, 0x0, 0x7f, 0xf2,
    0x44, 0x8, 0x3, 0xc2, 0x0, 0x70, 0xa0, 0xf,
    0x7e, 0x0, 0xa9, 0xc0, 0x6, 0xa1, 0x40, 0x5,
    0x93, 0xed, 0x53, 0x95, 0x20, 0x0, 0x3b, 0x0,
    0xaa, 0x29, 0xb0, 0x0,

    /* U+0109 "ĉ" */
    0x0, 0x93, 0xf8, 0x40, 0x31, 0x5c, 0x2e, 0x80,
    0x67, 0x97, 0xa4, 0x30, 0x9, 0x58, 0x6, 0xc,
    0x2, 0x5c, 0xff, 0x51, 0x0, 0x1a, 0x89, 0x51,
    0x70, 0x42, 0x47, 0xea, 0xe4, 0x11, 0x0, 0xc2,
    0x0, 0x6e, 0x51, 0xe, 0x0, 0xf0, 0x87, 0x0,
    0x79, 0x1, 0x84, 0x0, 0xdc, 0xa1, 0x23, 0xf5,
    0x72, 0x8, 0xd, 0x46, 0xa8, 0xb8, 0x20,

    /* U+010A "Ċ" */
    0x0, 0xea, 0xb0, 0xf, 0xf3, 0xa8, 0x7, 0xfb,
    0x78, 0x3, 0xff, 0x90, 0xfb, 0xfe, 0xc6, 0x0,
    0xc3, 0xb0, 0xa, 0xa2, 0x9b, 0x0, 0xac, 0x9f,
    0x6a, 0x9c, 0xa9, 0x0, 0x2a, 0x70, 0x1, 0xa8,
    0x50, 0x1c, 0x28, 0x3, 0xdd, 0x80, 0x20, 0x40,
    0x1f, 0xfc, 0x91, 0x2, 0x0, 0xf0, 0x80, 0x1c,
    0x28, 0x3, 0xdf, 0x80, 0x2a, 0x70, 0x1, 0xa8,
    0x50, 0x1, 0x64, 0xfb, 0x54, 0xe5, 0x48, 0x0,
    0xe, 0xc0, 0x2a, 0x8a, 0x6c, 0x0,

    /* U+010B "ċ" */
    0x0, 0xd5, 0x60, 0x1f, 0x3a, 0x80, 0x7d, 0xbc,
    0x1, 0xff, 0xc2, 0x5c, 0xff, 0x51, 0x0, 0x1a,
    0x89, 0x51, 0x70, 0x42, 0x47, 0xea, 0xe4, 0x11,
    0x0, 0xc2, 0x0, 0x6e, 0x51, 0xe, 0x0, 0xf0,
    0x87, 0x0, 0x79, 0x1, 0x84, 0x0, 0xdc, 0xa1,
    0x23, 0xf5, 0x72, 0x8, 0xd, 0x46, 0xa8, 0xb8,
    0x20,

    /* U+010C "Č" */
    0x0, 0x91, 0xc0, 0xe, 0x80, 0x1e, 0x5a, 0xa4,
    0xc9, 0x40, 0x3c, 0x3e, 0xad, 0xa2, 0x1, 0xf1,
    0x7f, 0x8c, 0x3, 0xe7, 0xdf, 0xf6, 0x30, 0x6,
    0x1d, 0x80, 0x55, 0x14, 0xd8, 0x5, 0x64, 0xfb,
    0x54, 0xe5, 0x48, 0x1, 0x53, 0x80, 0xd, 0x42,
    0x80, 0xe1, 0x40, 0x1e, 0xec, 0x1, 0x2, 0x0,
    0xff, 0xe4, 0x88, 0x10, 0x7, 0x84, 0x0, 0xe1,
    0x40, 0x1e, 0xfc, 0x1, 0x53, 0x80, 0xd, 0x42,
    0x80, 0xb, 0x27, 0xda, 0xa7, 0x2a, 0x40, 0x0,
    0x76, 0x1, 0x54, 0x53, 0x60, 0x0,

    /* U+010D "č" */
    0x0, 0x47, 0xb, 0x79, 0x80, 0x50, 0xb9, 0x34,
    0x60, 0x1a, 0xaa, 0x50, 0xe, 0x17, 0x50, 0xe,
    0x5c, 0xff, 0x51, 0x0, 0x1a, 0x89, 0x51, 0x70,
    0x42, 0x47, 0xea, 0xe4, 0x11, 0x0, 0xc2, 0x0,
    0x6e, 0x51, 0xe, 0x0, 0xf0, 0x87, 0x0, 0x79,
    0x1, 0x84, 0x0, 0xdc, 0xa1, 0x23, 0xf5, 0x72,
    0x8, 0xd, 0x46, 0xa8, 0xb8, 0x20,

    /* U+010E "Ď" */
    0x5, 0x70, 0x17, 0x30, 0xc, 0xf3, 0x15, 0x66,
    0x1, 0x8a, 0x9d, 0x74, 0x3, 0xc9, 0xfc, 0x20,
    0x1b, 0xbf, 0xf6, 0xc0, 0x7, 0x2a, 0xc0, 0xf8,
    0x1, 0x15, 0x55, 0xac, 0x70, 0x1, 0xf4, 0x8b,
    0x0, 0x7e, 0x71, 0x20, 0xf, 0xb8, 0x18, 0x3,
    0xff, 0x8b, 0xc0, 0xc0, 0x1f, 0x38, 0x90, 0x7,
    0xa0, 0x58, 0x0, 0x73, 0x36, 0xb9, 0xc0, 0x0,
    0x59, 0xa0, 0x7c, 0x0, 0x0,

    /* U+010F "ď" */
    0x0, 0xf0, 0xfc, 0x87, 0xe0, 0x7, 0xf8, 0x40,
    0x3f, 0xec, 0x70, 0x3, 0x6f, 0xf4, 0x80, 0x53,
    0xe0, 0xf2, 0x6c, 0x8e, 0x1, 0x5a, 0x4, 0xf,
    0xcd, 0x50, 0x3, 0x90, 0x18, 0x40, 0xa, 0x1,
    0xc2, 0x1c, 0x1, 0xfc, 0x21, 0xc0, 0x1f, 0xc8,
    0xc, 0x20, 0x6, 0x0, 0xf4, 0xf, 0xcd, 0x48,
    0x7, 0x9e, 0x4d, 0x92, 0x4, 0x3, 0x0,

    /* U+0110 "Đ" */
    0xe, 0xff, 0xdb, 0x0, 0x1c, 0x2a, 0xb0, 0x3e,
    0x0, 0x63, 0xaa, 0xb5, 0x8d, 0xc0, 0x3f, 0x48,
    0xc8, 0x7, 0xf2, 0x9, 0x8, 0x0, 0x44, 0x1,
    0x10, 0x36, 0x9, 0x77, 0x1c, 0x3, 0xb8, 0x4a,
    0xec, 0xc0, 0x2, 0x6, 0x30, 0x2, 0x20, 0x40,
    0x8, 0x24, 0x1, 0xf4, 0x8b, 0x0, 0x47, 0x32,
    0xad, 0x63, 0x80, 0x8, 0x59, 0x8a, 0xf, 0x80,
    0x0,

    /* U+0111 "đ" */
    0x0, 0xf1, 0x7d, 0x0, 0x7a, 0x34, 0x16, 0x80,
    0x3a, 0xa8, 0x9, 0x0, 0x6, 0xdf, 0xcd, 0x2,
    0x20, 0x3c, 0x9b, 0x23, 0x80, 0x68, 0x1f, 0x9a,
    0xa0, 0x4, 0x80, 0xc2, 0x0, 0x50, 0x8, 0x43,
    0x80, 0x3e, 0x10, 0xe0, 0xf, 0x90, 0x18, 0x40,
    0xc, 0x1, 0xa0, 0x7e, 0x6a, 0x40, 0x33, 0xc9,
    0xb2, 0x40, 0x80, 0x0,

    /* U+0112 "Ē" */
    0x0, 0x8, 0xe0, 0x8, 0xfb, 0xb0, 0x4, 0x57,
    0x78, 0x2, 0x14, 0x4c, 0x0, 0xef, 0xff, 0x38,
    0xb, 0x37, 0x18, 0x14, 0xcf, 0x20, 0x7, 0xff,
    0x14, 0xff, 0xf4, 0x0, 0x5, 0x9b, 0x68, 0x0,
    0xa6, 0x72, 0x80, 0x7f, 0xf1, 0x8a, 0x67, 0x90,
    0x5, 0x9b, 0x8c,

    /* U+0113 "ē" */
    0x0, 0xf, 0xfe, 0x20, 0x8, 0x6a, 0xb1, 0x0,
    0x65, 0x5c, 0x1, 0x97, 0x3f, 0xd4, 0x40, 0x6,
    0xa1, 0x76, 0x5c, 0x10, 0x91, 0xd8, 0x9b, 0x19,
    0x40, 0x71, 0x19, 0x45, 0x4, 0x1b, 0xbb, 0x9,
    0x8, 0x2d, 0xdf, 0x6a, 0x2, 0x2a, 0x21, 0xb9,
    0xc2, 0x47, 0xea, 0x9a, 0xae, 0xd, 0x64, 0xaa,
    0x4c, 0x30,

    /* U+0116 "Ė" */
    0x0, 0xf, 0xd8, 0x7, 0x8c, 0xc0, 0x1c, 0x39,
    0x0, 0x17, 0x7f, 0xf9, 0xc0, 0x59, 0xb8, 0xc0,
    0xa6, 0x79, 0x0, 0x3f, 0xf8, 0xa7, 0xff, 0xa0,
    0x0, 0x2c, 0xdb, 0x40, 0x5, 0x33, 0x94, 0x3,
    0xff, 0x8c, 0x53, 0x3c, 0x80, 0x2c, 0xdc, 0x60,

    /* U+0117 "ė" */
    0x0, 0xd9, 0x20, 0x1f, 0x1a, 0x80, 0x7d, 0xf8,
    0x1, 0xff, 0xc2, 0x5c, 0xff, 0x51, 0x0, 0x1a,
    0x85, 0xd9, 0x70, 0x42, 0x47, 0x62, 0x6c, 0x65,
    0x1, 0xc4, 0x65, 0x14, 0x10, 0x6e, 0xec, 0x24,
    0x20, 0xb7, 0x7d, 0xa8, 0x8, 0xa8, 0x86, 0xe7,
    0x9, 0x1f, 0xaa, 0x6a, 0xb8, 0x35, 0x92, 0xa9,
    0x30, 0xc0,

    /* U+0118 "Ę" */
    0xef, 0xff, 0x38, 0xb, 0x37, 0x18, 0x14, 0xcf,
    0x20, 0x7, 0xff, 0x14, 0xa6, 0x72, 0x80, 0x5,
    0x9b, 0x68, 0x0, 0xff, 0xf4, 0x0, 0x7f, 0xf1,
    0x8a, 0x67, 0x90, 0x5, 0x9b, 0x8f, 0xbf, 0xf1,
    0x23, 0x0, 0x67, 0x3b, 0x10, 0xd, 0xc6, 0xc2,
    0x1, 0xac, 0xe0, 0x80,

    /* U+0119 "ę" */
    0x0, 0x2e, 0x7f, 0xa8, 0x80, 0xd, 0x42, 0xec,
    0xb8, 0x21, 0x23, 0xb1, 0x36, 0x32, 0x80, 0xe2,
    0x32, 0x8a, 0x8, 0x37, 0x76, 0x12, 0x10, 0x5b,
    0xbe, 0xd4, 0x4, 0x54, 0x43, 0x73, 0x84, 0x8f,
    0xd5, 0x35, 0x40, 0xd, 0x64, 0xaa, 0x6, 0x40,
    0x2, 0x67, 0xc8, 0xc8, 0x7, 0xad, 0x80, 0x3e,
    0x65, 0xc1, 0x0, 0xea, 0x4b, 0x10,

    /* U+011A "Ě" */
    0x5, 0x60, 0x18, 0x30, 0x3, 0xcb, 0xea, 0x18,
    0x0, 0xae, 0xb, 0x40, 0x32, 0x7f, 0x8, 0x3,
    0xbf, 0xfc, 0xe0, 0x2c, 0xdc, 0x60, 0x53, 0x3c,
    0x80, 0x1f, 0xfc, 0x53, 0xff, 0xd0, 0x0, 0x16,
    0x6d, 0xa0, 0x2, 0x99, 0xca, 0x1, 0xff, 0xc6,
    0x29, 0x9e, 0x40, 0x16, 0x6e, 0x30,

    /* U+011B "ě" */
    0x0, 0x47, 0x12, 0xf9, 0x80, 0x50, 0xbf, 0x52,
    0x60, 0x1a, 0xea, 0x58, 0x3, 0xce, 0xc0, 0x1c,
    0xb9, 0xfe, 0xa2, 0x0, 0x35, 0xb, 0xb2, 0xe0,
    0x84, 0x8e, 0xc4, 0xd8, 0xca, 0x3, 0x88, 0xca,
    0x28, 0x20, 0xdd, 0xd8, 0x48, 0x41, 0x6e, 0xfb,
    0x50, 0x11, 0x51, 0xd, 0xce, 0x12, 0x3f, 0x54,
    0xd5, 0x70, 0x6b, 0x25, 0x52, 0x61, 0x80,

    /* U+011C "Ĝ" */
    0x0, 0xc3, 0xa, 0x1, 0xfd, 0xab, 0x48, 0x1,
    0xf5, 0xe, 0x45, 0x90, 0x7, 0xab, 0x45, 0xfc,
    0x80, 0x3c, 0xfb, 0xfe, 0xc6, 0x0, 0xc3, 0xb0,
    0xa, 0xa2, 0x99, 0x0, 0x56, 0x4f, 0xb5, 0x4f,
    0x36, 0x40, 0x15, 0x38, 0x0, 0x87, 0x88, 0xc1,
    0xc2, 0x80, 0x38, 0xb5, 0xc0, 0x40, 0x80, 0x30,
    0x8e, 0x0, 0xfd, 0xdd, 0x84, 0x40, 0x40, 0x1a,
    0xec, 0x40, 0x2e, 0x14, 0x1, 0x91, 0x48, 0xc0,
    0x54, 0xe0, 0x3, 0x58, 0x50, 0x2, 0xc9, 0xf6,
    0xa9, 0xca, 0xa6, 0x0, 0xe, 0xc0, 0x2a, 0x8a,
    0x68, 0x0,

    /* U+011D "ĝ" */
    0x0, 0xce, 0xc0, 0x1e, 0xba, 0x96, 0x0, 0xd0,
    0xbf, 0x52, 0x60, 0x14, 0x71, 0x2f, 0x98, 0x4,
    0xdb, 0xfc, 0xfd, 0x20, 0xf2, 0xd5, 0x12, 0x20,
    0x8, 0x2b, 0x56, 0xa0, 0x2, 0x2, 0x80, 0x48,
    0x0, 0x10, 0xf0, 0xf, 0x8, 0x70, 0x7, 0x90,
    0x1c, 0x40, 0xc, 0x1, 0x40, 0xfc, 0xd4, 0x80,
    0x4f, 0x26, 0xc8, 0xe0, 0x19, 0xb7, 0xfa, 0x40,
    0x21, 0x81, 0x0, 0x30, 0x70, 0x3b, 0xbe, 0xb2,
    0x5, 0x81, 0xa8, 0xd4, 0x93, 0x4,

    /* U+011E "Ğ" */
    0x0, 0x8d, 0xc0, 0x60, 0x40, 0x3c, 0xf0, 0x92,
    0xe2, 0x1, 0xe4, 0x5b, 0x79, 0x0, 0xfd, 0x59,
    0xac, 0x1, 0xf3, 0xee, 0x6e, 0x30, 0x6, 0x1d,
    0x80, 0x55, 0x14, 0xc8, 0x2, 0xb2, 0x7d, 0xaa,
    0x79, 0xb2, 0x0, 0xa9, 0xc0, 0x4, 0x3c, 0x46,
    0xe, 0x14, 0x1, 0xc5, 0xae, 0x2, 0x4, 0x1,
    0x84, 0x70, 0x7, 0xee, 0xec, 0x22, 0x2, 0x0,
    0xd7, 0x62, 0x1, 0x70, 0xa0, 0xc, 0x8a, 0x46,
    0x2, 0xa7, 0x0, 0x1a, 0xc2, 0x80, 0x16, 0x4f,
    0xb5, 0x4e, 0x55, 0x30, 0x0, 0x76, 0x1, 0x54,
    0x53, 0x40, 0x0,

    /* U+011F "ğ" */
    0x0, 0xa0, 0x81, 0x90, 0x3, 0x2c, 0x1c, 0x90,
    0x6, 0x95, 0xc3, 0x60, 0xc, 0x9d, 0x98, 0x0,
    0xcd, 0xbd, 0xaf, 0xd2, 0xf, 0x2d, 0x51, 0x22,
    0x0, 0x82, 0xb5, 0x6a, 0x0, 0x20, 0x28, 0x4,
    0x80, 0x1, 0xf, 0x0, 0xf0, 0x87, 0x0, 0x79,
    0x1, 0xc4, 0x0, 0xc0, 0x14, 0xf, 0xcd, 0x48,
    0x4, 0xf2, 0x6c, 0x8e, 0x1, 0x9b, 0x7f, 0xa4,
    0x2, 0x18, 0x10, 0x3, 0x7, 0x3, 0xbb, 0xeb,
    0x20, 0x58, 0x1a, 0x8d, 0x49, 0x30, 0x40,

    /* U+0120 "Ġ" */
    0x0, 0xeb, 0xb0, 0x7, 0xf9, 0x54, 0x1, 0xfe,
    0xee, 0x0, 0x7f, 0xf2, 0x1f, 0x7f, 0xd8, 0xc0,
    0x18, 0x76, 0x1, 0x54, 0x53, 0x20, 0xa, 0xc9,
    0xf6, 0xa9, 0xe6, 0xc8, 0x2, 0xa7, 0x0, 0x10,
    0xf1, 0x18, 0x38, 0x50, 0x7, 0x16, 0xb8, 0x8,
    0x10, 0x6, 0x11, 0xc0, 0x1f, 0xbb, 0xb0, 0x88,
    0x8, 0x3, 0x5d, 0x88, 0x5, 0xc2, 0x80, 0x32,
    0x29, 0x18, 0xa, 0x9c, 0x0, 0x6b, 0xa, 0x0,
    0x59, 0x3e, 0xd5, 0x39, 0x54, 0xc0, 0x1, 0xd8,
    0x5, 0x51, 0x4d, 0x0, 0x0,

    /* U+0121 "ġ" */
    0x0, 0xd1, 0x82, 0x1, 0xe3, 0x30, 0x7, 0xd7,
    0xe2, 0x1, 0xff, 0xc1, 0x6d, 0xfe, 0x7e, 0x90,
    0x79, 0x6a, 0x89, 0x10, 0x4, 0x15, 0xab, 0x50,
    0x1, 0x1, 0x40, 0x24, 0x0, 0x8, 0x78, 0x7,
    0x84, 0x38, 0x3, 0xc8, 0xe, 0x20, 0x6, 0x0,
    0xa0, 0x7e, 0x6a, 0x40, 0x27, 0x93, 0x64, 0x70,
    0xc, 0xdb, 0xfd, 0x20, 0x10, 0xc0, 0x80, 0x18,
    0x38, 0x1d, 0xdf, 0x59, 0x2, 0xc0, 0xd4, 0x6a,
    0x49, 0x82,

    /* U+0122 "Ģ" */
    0x0, 0x9f, 0x7f, 0xd8, 0xc0, 0x18, 0x76, 0x1,
    0x54, 0x53, 0x20, 0xa, 0xc9, 0xf6, 0xa9, 0xe6,
    0xc8, 0x2, 0xa7, 0x0, 0x10, 0xf1, 0x18, 0x38,
    0x50, 0x7, 0x16, 0xb8, 0x8, 0x10, 0x6, 0x11,
    0xc0, 0x1f, 0xbb, 0xb0, 0x88, 0x8, 0x3, 0x5d,
    0x88, 0x5, 0xc2, 0x80, 0x32, 0x29, 0x18, 0xa,
    0x9c, 0x0, 0x6b, 0xa, 0x0, 0x59, 0x3e, 0xd5,
    0x39, 0x54, 0xc0, 0x1, 0xd8, 0x5, 0x51, 0x4d,
    0x0, 0x73, 0xef, 0xfb, 0x18, 0x3, 0xf4, 0x50,
    0x7, 0xf9, 0x10, 0x1, 0xfe, 0x85, 0x0, 0xff,
    0xd, 0x0, 0x70,

    /* U+0123 "ģ" */
    0x0, 0xcd, 0x20, 0x1f, 0x50, 0x7, 0xe1, 0x40,
    0xf, 0xb7, 0x40, 0x1f, 0xfc, 0x26, 0xdf, 0xe7,
    0xe9, 0x7, 0x96, 0xa8, 0x91, 0x0, 0x41, 0x5a,
    0xb5, 0x0, 0x10, 0x14, 0x2, 0x40, 0x0, 0x87,
    0x80, 0x78, 0x43, 0x80, 0x3c, 0x80, 0xe2, 0x0,
    0x60, 0xa, 0x7, 0xe6, 0xa4, 0x2, 0x79, 0x36,
    0x47, 0x0, 0xcd, 0xbf, 0xd2, 0x1, 0xc, 0x8,
    0x1, 0x83, 0x81, 0xdd, 0xf5, 0x90, 0x2c, 0xd,
    0x46, 0xa4, 0x98, 0x20,

    /* U+0124 "Ĥ" */
    0x0, 0x8a, 0x10, 0x3, 0xc3, 0xeb, 0x66, 0x1,
    0xd4, 0x1a, 0xda, 0x20, 0x1a, 0xf4, 0x27, 0x84,
    0x1, 0xd8, 0x1, 0xcf, 0xe6, 0x1, 0xff, 0xdd,
    0x29, 0x9e, 0xb0, 0x8, 0x59, 0xb8, 0xc0, 0x23,
    0xff, 0xe8, 0x0, 0xff, 0xef, 0x0,

    /* U+0125 "ĥ" */
    0x0, 0x3b, 0x0, 0x7d, 0x75, 0x2c, 0x1, 0xd0,
    0xbf, 0x52, 0x60, 0x1a, 0x38, 0x97, 0xcc, 0x3,
    0xdd, 0x20, 0x1f, 0xfd, 0x27, 0xef, 0xd5, 0x0,
    0xcd, 0xa, 0xa2, 0xa3, 0x0, 0xd7, 0x6a, 0xa0,
    0x48, 0x4, 0x28, 0x0, 0x50, 0x70, 0x8, 0xc0,
    0x31, 0x18, 0x7, 0xff, 0x70,

    /* U+0126 "Ħ" */
    0xb, 0xf0, 0xe, 0x4f, 0x60, 0xf, 0xfe, 0xc,
    0x28, 0x4c, 0xf7, 0x85, 0x22, 0x88, 0x33, 0x72,
    0x1, 0xe6, 0xa0, 0x7f, 0xf5, 0x84, 0xc0, 0x5,
    0x33, 0xde, 0x1, 0xe6, 0x6e, 0x40, 0xf, 0x7f,
    0xf5, 0x80, 0x7f, 0xf9, 0xc0,

    /* U+0127 "ħ" */
    0x1e, 0xa1, 0x0, 0xec, 0x15, 0xe6, 0x0, 0xdc,
    0x29, 0x6e, 0x1, 0x8c, 0x8, 0xff, 0xda, 0xa0,
    0x13, 0x42, 0xa8, 0xa8, 0xc0, 0x2b, 0xb5, 0x50,
    0x24, 0x0, 0x28, 0x0, 0x50, 0x70, 0x1, 0x80,
    0x62, 0x30, 0xf, 0xfe, 0xc0,

    /* U+0128 "Ĩ" */
    0x0, 0xf2, 0x7e, 0xab, 0x66, 0x12, 0xed, 0x2b,
    0x32, 0x6e, 0xc9, 0x12, 0xbf, 0x30, 0xf, 0xff,
    0xb8,

    /* U+0129 "ĩ" */
    0x0, 0xf3, 0x7f, 0xeb, 0x4c, 0xc5, 0xdc, 0x46,
    0x64, 0x40, 0x5, 0x7e, 0x1, 0xff, 0xe6,

    /* U+012A "Ī" */
    0x11, 0xc1, 0xdd, 0x8e, 0xef, 0x1a, 0x26, 0x0,
    0x5f, 0x80, 0x7f, 0xfb, 0x40,

    /* U+012B "ī" */
    0xff, 0xc7, 0x55, 0x89, 0x57, 0x8, 0x5f, 0x80,
    0x7f, 0xf7, 0x80,

    /* U+012E "Į" */
    0x0, 0x5f, 0x80, 0x7f, 0xf7, 0x9c, 0x0, 0xe7,
    0x41, 0x12, 0xa2, 0x2, 0x82, 0xd1, 0xa0,

    /* U+012F "į" */
    0x0, 0x5f, 0x80, 0x31, 0x80, 0xf, 0x20, 0xb,
    0xf0, 0xf, 0xfe, 0x93, 0x80, 0x1c, 0xe8, 0x22,
    0x54, 0x40, 0x50, 0x5a, 0x34,

    /* U+0130 "İ" */
    0xcf, 0x53, 0x9c, 0xbf, 0x0, 0xff, 0xe5, 0x0,

    /* U+0131 "ı" */
    0xbf, 0x0, 0xff, 0xe2, 0x0,

    /* U+0134 "Ĵ" */
    0x0, 0xc5, 0x8, 0x1, 0xef, 0x5b, 0x30, 0xd,
    0x61, 0xad, 0xa2, 0x1, 0x5e, 0x84, 0xf0, 0x80,
    0x62, 0xf8, 0x0, 0xff, 0xff, 0x4d, 0x80, 0x1c,
    0x3c, 0x0, 0x29, 0xb5, 0x40, 0x50, 0x4, 0x39,
    0xa9, 0xd9, 0x0, 0x0,

    /* U+0135 "ĵ" */
    0x0, 0x24, 0x10, 0x4, 0x76, 0xbe, 0x20, 0x3a,
    0xda, 0x34, 0x3, 0xd2, 0x19, 0x60, 0x13, 0xf9,
    0x80, 0x7f, 0xfd, 0xfc, 0x3, 0xd, 0x38, 0x10,
    0x0, 0xd4, 0x20, 0x40, 0x0,

    /* U+0136 "Ķ" */
    0xec, 0x0, 0xd9, 0xe8, 0x1, 0xea, 0x39, 0x40,
    0xe, 0x85, 0x76, 0x0, 0xe6, 0x75, 0x80, 0xe,
    0x49, 0x3a, 0x0, 0xe2, 0xb2, 0xd0, 0xf, 0x84,
    0x88, 0x1, 0xe2, 0xc1, 0xd2, 0x0, 0xf1, 0x68,
    0xf8, 0x80, 0x78, 0xe8, 0xb4, 0x3, 0xe5, 0x93,
    0xb0, 0xf, 0x99, 0xd2, 0x83, 0xb0, 0x3, 0x47,
    0xd0, 0x6, 0x5b, 0x20, 0xf, 0x89, 0x4, 0x3,
    0xe7, 0x41, 0x0, 0xf9, 0xc4, 0x80, 0x30,

    /* U+0137 "ķ" */
    0xed, 0x0, 0xff, 0xe7, 0x1f, 0xe8, 0x80, 0x43,
    0xa1, 0xe2, 0x1, 0x50, 0xd1, 0x0, 0x50, 0x8e,
    0xa0, 0x11, 0xb8, 0xc0, 0x6, 0x38, 0x1a, 0x0,
    0xe7, 0x55, 0x40, 0x7, 0x51, 0xbb, 0x0, 0x76,
    0x8c, 0xa7, 0x68, 0x0, 0x7b, 0xd0, 0x0, 0x56,
    0xa0, 0x1c, 0x28, 0x40, 0x1c, 0x70, 0x1, 0xe3,
    0xa6, 0x0, 0x80,

    /* U+0139 "Ĺ" */
    0x7, 0xa0, 0xf, 0x4e, 0x0, 0x72, 0x8b, 0x0,
    0x72, 0xf8, 0x7, 0xaf, 0xc0, 0x3f, 0xff, 0xe0,
    0x1d, 0x33, 0xc2, 0x0, 0x66, 0xe3,

    /* U+013A "ĺ" */
    0x7, 0xa0, 0x9c, 0x51, 0x65, 0xf0, 0xbf, 0x0,
    0xff, 0xeb, 0x0,

    /* U+013B "Ļ" */
    0xbf, 0x0, 0xff, 0xff, 0x80, 0x74, 0xcf, 0x8,
    0x1, 0x9b, 0x8e, 0xff, 0xfc, 0x40, 0x1, 0xb6,
    0x0, 0xe3, 0x4f, 0x0, 0xe2, 0xa1, 0x0, 0xe2,
    0x8a, 0x0, 0x80,

    /* U+013C "ļ" */
    0xbf, 0x0, 0xff, 0xe5, 0x5f, 0xc5, 0x1a, 0xd1,
    0x55, 0x80,

    /* U+013D "Ľ" */
    0xbf, 0x0, 0x6f, 0x80, 0x79, 0x80, 0x3e, 0xa2,
    0x0, 0xf4, 0x40, 0x3, 0xd2, 0xa0, 0x1f, 0xfe,
    0x9, 0x9e, 0x10, 0x3, 0x37, 0x18,

    /* U+013E "ľ" */
    0xbf, 0xb, 0xf0, 0xf, 0xf4, 0x90, 0x6, 0xab,
    0x0, 0xd0, 0xc0, 0x1f, 0xfd, 0xf0,

    /* U+0141 "Ł" */
    0x8, 0xf2, 0x0, 0xff, 0xec, 0x25, 0x0, 0x7b,
    0xad, 0x80, 0x31, 0x1, 0xae, 0x80, 0x4c, 0xa1,
    0x54, 0x10, 0xc, 0x60, 0xe0, 0x1c, 0xc8, 0x1,
    0xfe, 0x89, 0x9c, 0x60, 0x12, 0xb3, 0x65,

    /* U+0142 "ł" */
    0x0, 0x5f, 0x80, 0x7f, 0xf1, 0xcc, 0x3, 0x5f,
    0x80, 0xb0, 0x25, 0xa7, 0x90, 0x6b, 0xe1, 0x90,
    0x10, 0x56, 0xb0, 0x4, 0x40, 0x1f, 0xfc, 0x50,

    /* U+0143 "Ń" */
    0x0, 0xeb, 0x50, 0xf, 0x91, 0x20, 0xf, 0xb9,
    0x44, 0x3, 0xea, 0xa0, 0x6, 0xef, 0x20, 0xd,
    0x1e, 0x60, 0xe, 0x0, 0xfe, 0x36, 0x0, 0xf8,
    0x86, 0x44, 0x3, 0xea, 0xb, 0x0, 0xf9, 0x15,
    0x60, 0xf, 0xac, 0x6c, 0x3, 0xe1, 0x81, 0x90,
    0xf, 0x99, 0x18, 0xc0, 0x3e, 0x90, 0x40, 0xf,
    0x8a, 0x0, 0x3f, 0x9c, 0x80, 0x0,

    /* U+0144 "ń" */
    0x0, 0xd1, 0x20, 0x1e, 0x7d, 0x0, 0xe6, 0x14,
    0x0, 0xe6, 0xe0, 0xb, 0xa5, 0xfb, 0xf5, 0x40,
    0xd, 0xa, 0xa2, 0xa3, 0x0, 0x5d, 0xaa, 0x81,
    0x20, 0x4, 0x0, 0x28, 0x38, 0x10, 0x6, 0x23,
    0x0, 0xff, 0xea, 0x0,

    /* U+0145 "Ņ" */
    0xef, 0x20, 0xd, 0x1e, 0x60, 0xe, 0x0, 0xfe,
    0x36, 0x0, 0xf8, 0x86, 0x44, 0x3, 0xea, 0xb,
    0x0, 0xf9, 0x15, 0x60, 0xf, 0xac, 0x6c, 0x3,
    0xe1, 0x81, 0x90, 0xf, 0x99, 0x18, 0xc0, 0x3e,
    0x90, 0x40, 0xf, 0x8a, 0x0, 0x3f, 0x9c, 0x80,
    0x1d, 0xa0, 0x1d, 0xbe, 0x60, 0x1a, 0xdc, 0x3,
    0xf2, 0x68, 0x7, 0xeb, 0x30, 0xf, 0xd5, 0x40,
    0xc,

    /* U+0146 "ņ" */
    0xe9, 0x7e, 0xfd, 0x50, 0x3, 0x42, 0xa8, 0xa8,
    0xc0, 0x17, 0x6a, 0xa0, 0x48, 0x1, 0x0, 0xa,
    0xe, 0x4, 0x1, 0x88, 0xc0, 0x3f, 0xfa, 0x9d,
    0xa0, 0x1b, 0x78, 0x2, 0x99, 0x0, 0x79, 0x1c,
    0x3, 0xd8, 0x40, 0x1e, 0xd9, 0x0, 0x80,

    /* U+0147 "Ň" */
    0x0, 0x33, 0x0, 0x60, 0xc0, 0x32, 0xcb, 0xea,
    0x18, 0x6, 0x3a, 0x81, 0xd0, 0xf, 0x2f, 0xe8,
    0x80, 0x5d, 0xe4, 0x1, 0xa3, 0xcc, 0x1, 0xc0,
    0x1f, 0xc6, 0xc0, 0x1f, 0x10, 0xc8, 0x80, 0x7d,
    0x41, 0x60, 0x1f, 0x22, 0xac, 0x1, 0xf5, 0x8d,
    0x80, 0x7c, 0x30, 0x32, 0x1, 0xf3, 0x23, 0x18,
    0x7, 0xd2, 0x8, 0x1, 0xf1, 0x40, 0x7, 0xf3,
    0x90, 0x0,

    /* U+0148 "ň" */
    0x5, 0x70, 0x3, 0x98, 0x1, 0x26, 0x57, 0x63,
    0x0, 0xe, 0xbb, 0x68, 0x6, 0x3e, 0xd1, 0x0,
    0x74, 0xbf, 0x7e, 0xa8, 0x1, 0xa1, 0x54, 0x54,
    0x60, 0xb, 0xb5, 0x50, 0x24, 0x0, 0x80, 0x5,
    0x7, 0x2, 0x0, 0xc4, 0x60, 0x1f, 0xfd, 0x40,

    /* U+014A "Ŋ" */
    0xef, 0x20, 0xd, 0x1e, 0x60, 0xe, 0x0, 0xfe,
    0x36, 0x0, 0xf8, 0x86, 0x44, 0x3, 0xeb, 0xb,
    0x0, 0xf9, 0x51, 0x54, 0x1, 0xf5, 0x5, 0x80,
    0x7c, 0x30, 0x32, 0x1, 0xf3, 0x93, 0x18, 0x7,
    0xdc, 0x8, 0x1, 0xf1, 0xb0, 0x7, 0xf4, 0x8,
    0x3, 0xb4, 0x3, 0xc, 0x80, 0x7f, 0x18, 0x7,
    0xe5, 0xf0, 0x20, 0xf, 0x42, 0x30, 0x80,

    /* U+014B "ŋ" */
    0xe9, 0x7e, 0xfd, 0x50, 0x3, 0x42, 0xa8, 0xa8,
    0xc0, 0x17, 0x6a, 0xa0, 0x48, 0x1, 0x0, 0xa,
    0xe, 0x4, 0x1, 0x88, 0xc0, 0x3f, 0xfa, 0x9d,
    0xa0, 0x1f, 0xfc, 0x3, 0x30, 0x6, 0x3f, 0x14,
    0x0, 0xc7, 0x57, 0x20,

    /* U+014C "Ō" */
    0x0, 0xc2, 0x38, 0x3, 0xe2, 0xee, 0xc0, 0x1f,
    0x15, 0xde, 0x0, 0xfc, 0x89, 0x80, 0x3e, 0x7d,
    0xff, 0x63, 0x0, 0x61, 0xd8, 0x5, 0x51, 0x4d,
    0x80, 0x56, 0x4f, 0xb5, 0x4e, 0x54, 0x80, 0x15,
    0x38, 0x0, 0xd4, 0x2e, 0xe, 0x14, 0x1, 0xe7,
    0x3, 0x10, 0x20, 0xf, 0x78, 0x30, 0x7, 0xff,
    0x0, 0x40, 0x80, 0x3d, 0xe0, 0xce, 0x14, 0x1,
    0xe7, 0x3, 0x15, 0x38, 0x0, 0xd4, 0x2e, 0x0,
    0xb2, 0x7d, 0xaa, 0x72, 0xa4, 0x0, 0x7, 0x60,
    0x15, 0x45, 0x36, 0x0,

    /* U+014D "ō" */
    0x0, 0x1f, 0xfe, 0x0, 0xe2, 0xaa, 0xc0, 0x1c,
    0x2a, 0xb8, 0x3, 0x97, 0x3f, 0xd6, 0x60, 0x13,
    0x51, 0x2a, 0x93, 0xc, 0x1, 0x23, 0xf5, 0x4b,
    0x8, 0x4, 0x6, 0x10, 0x2, 0x1a, 0x0, 0x87,
    0x80, 0x67, 0x1, 0x10, 0x78, 0x6, 0x70, 0x14,
    0x6, 0x10, 0x2, 0x1a, 0x0, 0x24, 0x7e, 0xae,
    0xc1, 0x20, 0x6, 0xa2, 0x54, 0x46, 0x90, 0x0,

    /* U+0150 "Ő" */
    0x0, 0xcf, 0xa0, 0x9e, 0x1, 0xf4, 0xd8, 0x7b,
    0x0, 0x78, 0xcc, 0xe2, 0xd4, 0x1, 0xe3, 0xd1,
    0x16, 0x98, 0x7, 0x9f, 0x7f, 0xd8, 0xc0, 0x18,
    0x76, 0x1, 0x54, 0x53, 0x60, 0x15, 0x93, 0xed,
    0x53, 0x95, 0x20, 0x5, 0x4e, 0x0, 0x35, 0xb,
    0x83, 0x85, 0x0, 0x79, 0xc0, 0xc4, 0x8, 0x3,
    0xde, 0xc, 0x1, 0xff, 0xc0, 0x10, 0x20, 0xf,
    0x78, 0x33, 0x85, 0x0, 0x79, 0xc0, 0xc5, 0x4e,
    0x0, 0x35, 0xb, 0x80, 0x2c, 0x9f, 0x6a, 0x9c,
    0xa9, 0x0, 0x1, 0xd8, 0x5, 0x51, 0x4d, 0x80,
    0x0,

    /* U+0151 "ő" */
    0x0, 0xa3, 0x1, 0x78, 0x3, 0x9a, 0x42, 0x58,
    0x3, 0x21, 0x28, 0x8a, 0x80, 0x32, 0x60, 0xe,
    0x90, 0x6, 0x5c, 0xff, 0x59, 0x80, 0x4d, 0x44,
    0xaa, 0x4c, 0x30, 0x4, 0x8f, 0xd5, 0x2c, 0x20,
    0x10, 0x18, 0x40, 0x8, 0x68, 0x2, 0x1e, 0x1,
    0x9c, 0x4, 0x41, 0xe0, 0x19, 0xc0, 0x50, 0x18,
    0x40, 0x8, 0x68, 0x0, 0x91, 0xfa, 0xbb, 0x4,
    0x80, 0x1a, 0x89, 0x51, 0x1a, 0x40,

    /* U+0152 "Œ" */
    0x0, 0x9f, 0x7f, 0xd8, 0xcb, 0xff, 0xf0, 0x0,
    0x76, 0x1, 0x54, 0x53, 0x60, 0x6c, 0xdc, 0x0,
    0xb2, 0x7d, 0xaa, 0x72, 0x88, 0x4c, 0xf8, 0x5,
    0x4e, 0x0, 0x35, 0x8, 0x7, 0xe7, 0xa, 0x0,
    0xf3, 0x81, 0x80, 0x78, 0x40, 0x80, 0x3d, 0xc1,
    0x3f, 0xf8, 0x40, 0x3f, 0xf8, 0x6, 0xcd, 0x84,
    0x4, 0x8, 0x3, 0xdc, 0x15, 0x33, 0x80, 0xe,
    0x14, 0x1, 0xe7, 0x3, 0x0, 0xf0, 0xa9, 0xc0,
    0x6, 0xa1, 0x0, 0xfe, 0xb2, 0x7d, 0xaa, 0x72,
    0x88, 0x4c, 0xf8, 0x0, 0x3b, 0x0, 0xaa, 0x29,
    0xb0, 0x36, 0x6e, 0x0,

    /* U+0153 "œ" */
    0x0, 0x2e, 0x7f, 0xac, 0xc2, 0x3b, 0xfa, 0x0,
    0x26, 0xa1, 0x76, 0x4c, 0xc3, 0xab, 0xa3, 0xd0,
    0x2, 0x4b, 0x62, 0x70, 0xd, 0xae, 0x29, 0x94,
    0xd0, 0x14, 0x2, 0x33, 0x6, 0x88, 0xda, 0x8,
    0x21, 0xe0, 0x1e, 0xbe, 0xea, 0xc3, 0x84, 0x3c,
    0x3, 0x8, 0x45, 0xdf, 0x90, 0x18, 0x40, 0x8,
    0x41, 0xa8, 0x91, 0x68, 0x2, 0x47, 0xea, 0xec,
    0x6, 0xbb, 0x59, 0x28, 0x40, 0xd4, 0x4a, 0x88,
    0xdc, 0x80, 0x52, 0x6c, 0x0,

    /* U+0154 "Ŕ" */
    0x0, 0xd4, 0xe0, 0x1e, 0x25, 0x50, 0x7, 0xa8,
    0xc8, 0x3, 0xd1, 0x80, 0x1b, 0xbf, 0xfa, 0xc4,
    0x0, 0x2c, 0xd2, 0x23, 0x0, 0x5, 0x33, 0x5b,
    0x92, 0x80, 0x7a, 0xc3, 0x40, 0x3f, 0xf8, 0x74,
    0x1a, 0x5, 0x33, 0x63, 0x12, 0x80, 0xb3, 0x46,
    0x58, 0x0, 0x3f, 0xf8, 0x88, 0x1, 0xf5, 0x84,
    0x80, 0x79, 0x89, 0xc4, 0x3, 0xd6, 0x12,

    /* U+0155 "ŕ" */
    0x0, 0x4b, 0x80, 0x5, 0x90, 0x1, 0x26, 0x60,
    0x4, 0x60, 0x3, 0xa6, 0x3f, 0x1, 0xdc, 0xb6,
    0x3, 0x54, 0x70, 0x15, 0x0, 0x8c, 0x3, 0xff,
    0x96,

    /* U+0156 "Ŗ" */
    0xef, 0xfe, 0xb1, 0x0, 0xb, 0x34, 0x88, 0xc0,
    0x1, 0x4c, 0xd6, 0xe4, 0xa0, 0x1e, 0xb0, 0xd0,
    0xf, 0xfe, 0x1d, 0x6, 0x81, 0x4c, 0xd8, 0xc4,
    0xa0, 0x2c, 0xd1, 0x96, 0x0, 0xf, 0xfe, 0x22,
    0x0, 0x7d, 0x61, 0x20, 0x1e, 0x62, 0x71, 0x0,
    0xf5, 0x84, 0xf6, 0x0, 0x66, 0xf8, 0x0, 0x9e,
    0xc0, 0x3e, 0xc4, 0x0, 0xfa, 0x88, 0x3, 0xeb,
    0xa0, 0xc,

    /* U+0157 "ŗ" */
    0xe9, 0x8f, 0xc0, 0x77, 0x2d, 0x80, 0xd5, 0x1c,
    0x5, 0x40, 0x23, 0x0, 0xff, 0xe5, 0xf6, 0x80,
    0x53, 0x20, 0x9, 0xd0, 0x2, 0xc1, 0x0, 0xba,
    0x0, 0x20,

    /* U+0158 "Ř" */
    0x6, 0x60, 0xc, 0x10, 0x4, 0xb2, 0xfa, 0x64,
    0x1, 0x1d, 0x40, 0xd0, 0x7, 0x2f, 0xe8, 0x80,
    0x5d, 0xff, 0xd6, 0x20, 0x1, 0x66, 0x91, 0x18,
    0x0, 0x29, 0x9a, 0xdc, 0x94, 0x3, 0xd6, 0x1a,
    0x1, 0xff, 0xc3, 0xa0, 0xd0, 0x29, 0x9b, 0x18,
    0x94, 0x5, 0x9a, 0x32, 0xc0, 0x1, 0xff, 0xc4,
    0x40, 0xf, 0xac, 0x24, 0x3, 0xcc, 0x4e, 0x20,
    0x1e, 0xb0, 0x90,

    /* U+0159 "ř" */
    0x18, 0x30, 0x47, 0x1, 0xd, 0x5b, 0x10, 0x4,
    0x2d, 0x33, 0x0, 0x2b, 0xf9, 0x0, 0xba, 0x63,
    0xf0, 0x2, 0x77, 0x2d, 0x80, 0x43, 0x54, 0x70,
    0x8, 0x54, 0x3, 0x8c, 0x3, 0xff, 0xa8,

    /* U+015A "Ś" */
    0x0, 0xe7, 0xd0, 0xf, 0xd3, 0x60, 0x1f, 0x19,
    0x9c, 0x3, 0xe3, 0xd1, 0x0, 0xe4, 0xcf, 0xf6,
    0xb8, 0x4, 0xd6, 0x6a, 0xa3, 0x8b, 0x0, 0x58,
    0x6d, 0x53, 0x91, 0xa, 0x4, 0x50, 0x5, 0x2c,
    0x20, 0x85, 0x48, 0x0, 0x29, 0x40, 0xa4, 0x5b,
    0xfb, 0x50, 0x8, 0x6f, 0x60, 0xd2, 0xb4, 0x40,
    0x22, 0x7c, 0xe6, 0x29, 0x3b, 0x60, 0x8, 0x60,
    0xc, 0x92, 0xc, 0x2, 0x70, 0x31, 0x91, 0xcb,
    0xac, 0x91, 0x90, 0x6b, 0x44, 0x28, 0xb7, 0x88,

    /* U+015B "ś" */
    0x0, 0xcd, 0xc0, 0x1e, 0xb9, 0x0, 0xe2, 0x6,
    0x0, 0xe2, 0xd1, 0x0, 0x86, 0xbb, 0xf5, 0xc0,
    0x18, 0xae, 0xe1, 0x87, 0x2, 0x59, 0x8c, 0x4f,
    0x2, 0x59, 0x51, 0xb8, 0xc, 0x74, 0xae, 0xa1,
    0x1, 0x8d, 0xd4, 0x2e, 0x9e, 0x40, 0x13, 0x91,
    0xc, 0x5e, 0xe2, 0xc9, 0xc3, 0x15, 0x4e, 0xad,
    0x20,

    /* U+015C "Ŝ" */
    0x0, 0xcb, 0x2, 0x1, 0xe4, 0xa5, 0xd0, 0xe,
    0x2b, 0x8c, 0x1a, 0x0, 0xc5, 0xee, 0x3b, 0x40,
    0x19, 0x33, 0xfd, 0xae, 0x1, 0x35, 0x9a, 0xa8,
    0xe2, 0xc0, 0x16, 0x1b, 0x54, 0xe4, 0x42, 0x81,
    0x14, 0x1, 0x4b, 0x8, 0x21, 0x52, 0x0, 0xa,
    0x50, 0x29, 0x16, 0xfe, 0xd4, 0x2, 0x1b, 0xd8,
    0x34, 0xad, 0x10, 0x8, 0x9f, 0x39, 0x8a, 0x4e,
    0xd8, 0x2, 0x18, 0x3, 0x24, 0x83, 0x0, 0x9c,
    0xc, 0x64, 0x72, 0xeb, 0x24, 0x64, 0x1a, 0xd1,
    0xa, 0x2d, 0xe2,

    /* U+015D "ŝ" */
    0x0, 0x92, 0xc, 0x3, 0x2d, 0x8e, 0x18, 0x4,
    0x59, 0x34, 0x80, 0x13, 0x98, 0x2b, 0x80, 0x6,
    0xbb, 0xf5, 0xc0, 0x18, 0xae, 0xe1, 0x87, 0x2,
    0x59, 0x8c, 0x4f, 0x2, 0x59, 0x51, 0xb8, 0xc,
    0x74, 0xae, 0xa1, 0x1, 0x8d, 0xd4, 0x2e, 0x9e,
    0x40, 0x13, 0x91, 0xc, 0x5e, 0xe2, 0xc9, 0xc3,
    0x15, 0x4e, 0xad, 0x20,

    /* U+015E "Ş" */
    0x0, 0x26, 0x7f, 0xb5, 0xc0, 0x26, 0xb3, 0x55,
    0x1c, 0x58, 0x2, 0xc3, 0x6a, 0x9c, 0x88, 0x50,
    0x22, 0x80, 0x29, 0x61, 0x4, 0x2a, 0x40, 0x1,
    0x4a, 0x5, 0x22, 0xdf, 0xda, 0x80, 0x43, 0x7b,
    0x6, 0x95, 0xa2, 0x1, 0x13, 0xe7, 0x31, 0x49,
    0xdb, 0x0, 0x43, 0x0, 0x64, 0x90, 0x60, 0x13,
    0x81, 0x8c, 0x8e, 0x5d, 0x64, 0x8c, 0x83, 0x5a,
    0x21, 0x49, 0xbc, 0x40, 0x9, 0x7a, 0x1f, 0x22,
    0x1, 0xe2, 0xb0, 0xf, 0xc8, 0xc0, 0x1f, 0x43,
    0x48, 0x4,

    /* U+015F "ş" */
    0x1, 0xae, 0xfd, 0x70, 0x6, 0x2b, 0xb8, 0x61,
    0xc0, 0x96, 0x63, 0x13, 0xc0, 0x96, 0x54, 0x6e,
    0x3, 0x1d, 0x2b, 0xa8, 0x40, 0x63, 0x75, 0xb,
    0xa7, 0x90, 0x4, 0xe4, 0x43, 0x17, 0xb8, 0xb2,
    0x70, 0xc5, 0x53, 0xab, 0x48, 0xd, 0x68, 0x74,
    0x80, 0x71, 0x50, 0x7, 0xa, 0x30, 0x7, 0x4b,
    0xc0, 0x0,

    /* U+0160 "Š" */
    0x0, 0xc, 0x10, 0x2b, 0x80, 0x61, 0x16, 0x2d,
    0x10, 0x7, 0x49, 0x54, 0x28, 0x7, 0xb3, 0xdc,
    0x3, 0x93, 0x3f, 0xda, 0xe0, 0x13, 0x59, 0xaa,
    0x8e, 0x2c, 0x1, 0x61, 0xb5, 0x4e, 0x44, 0x28,
    0x11, 0x40, 0x14, 0xb0, 0x82, 0x15, 0x20, 0x0,
    0xa5, 0x2, 0x91, 0x6f, 0xed, 0x40, 0x21, 0xbd,
    0x83, 0x4a, 0xd1, 0x0, 0x89, 0xf3, 0x98, 0xa4,
    0xed, 0x80, 0x21, 0x80, 0x32, 0x48, 0x30, 0x9,
    0xc0, 0xc6, 0x47, 0x2e, 0xb2, 0x46, 0x41, 0xad,
    0x10, 0xa2, 0xde, 0x20,

    /* U+0161 "š" */
    0x1, 0x73, 0x5, 0x70, 0x0, 0x96, 0x4d, 0xa0,
    0x4, 0xb6, 0x3a, 0x60, 0x19, 0x20, 0xc0, 0x21,
    0xae, 0xfd, 0x70, 0x6, 0x2b, 0xb8, 0x61, 0xc0,
    0x96, 0x63, 0x13, 0xc0, 0x96, 0x54, 0x6e, 0x3,
    0x1d, 0x2b, 0xa8, 0x40, 0x63, 0x75, 0xb, 0xa7,
    0x90, 0x4, 0xe4, 0x43, 0x17, 0xb8, 0xb2, 0x70,
    0xc5, 0x53, 0xab, 0x48,

    /* U+0162 "Ţ" */
    0xdf, 0xff, 0xd0, 0xac, 0xd0, 0x13, 0x35, 0x91,
    0x33, 0x3, 0xcc, 0xc8, 0x1, 0xff, 0xff, 0x0,
    0xff, 0xe3, 0x8c, 0x0, 0x7c, 0x27, 0xc0, 0x1f,
    0xa8, 0xc0, 0x3e, 0x68, 0x80, 0x6,

    /* U+0163 "ţ" */
    0x3, 0xf8, 0x0, 0xff, 0x6e, 0x3, 0xff, 0x86,
    0x60, 0x16, 0xa8, 0x28, 0x80, 0x25, 0x50, 0x7,
    0xff, 0x2c, 0x40, 0x40, 0x31, 0x3, 0x4c, 0x0,
    0x54, 0x2c, 0xc0, 0x9, 0x4a, 0x78, 0x3, 0x34,
    0x88, 0x6, 0xe0, 0x30, 0x9, 0x2d, 0x48, 0x0,

    /* U+0164 "Ť" */
    0x0, 0x33, 0x0, 0x60, 0xc0, 0x32, 0xcb, 0xea,
    0x18, 0x6, 0x3a, 0x81, 0xd0, 0xf, 0x2f, 0xe8,
    0x80, 0x5b, 0xff, 0xfa, 0x15, 0x9a, 0x2, 0x66,
    0xb2, 0x26, 0x60, 0x79, 0x99, 0x0, 0x3f, 0xff,
    0xe0, 0x1f, 0xfc, 0x30,

    /* U+0165 "ť" */
    0x0, 0xeb, 0xf0, 0xf, 0xf0, 0xb1, 0x85, 0x90,
    0x0, 0xa6, 0xc2, 0x50, 0x3, 0xd3, 0x20, 0xdc,
    0x7, 0xff, 0x8, 0x4c, 0x2, 0xd5, 0x4, 0x11,
    0x0, 0x4a, 0xa0, 0xf, 0xfe, 0x78, 0x80, 0x80,
    0x71, 0x3, 0x4c, 0x0, 0x6b, 0x26, 0x60, 0x0,

    /* U+0166 "Ŧ" */
    0xdf, 0xff, 0xd0, 0xac, 0xd0, 0x13, 0x35, 0x91,
    0x33, 0x3, 0xcc, 0xc8, 0x1, 0xff, 0xc9, 0x9b,
    0xb0, 0x25, 0xd9, 0x40, 0x8, 0x90, 0xa, 0x23,
    0x40, 0x1b, 0xfe, 0x5, 0xff, 0x40, 0x7, 0xff,
    0x74,

    /* U+0167 "ŧ" */
    0x1, 0x84, 0x0, 0xc4, 0xf8, 0x1, 0xfe, 0xdc,
    0x7, 0xff, 0xc, 0xc0, 0x2d, 0x50, 0x51, 0x0,
    0x4a, 0xa0, 0x17, 0x0, 0x8, 0x83, 0x2c, 0x1f,
    0xb8, 0x9d, 0x20, 0xb7, 0x65, 0x34, 0x2, 0x44,
    0x8, 0x10, 0x33, 0xb0, 0x5, 0x67, 0x10, 0x0,

    /* U+0168 "Ũ" */
    0x0, 0xff, 0xe0, 0x37, 0xb8, 0x4b, 0x80, 0x6a,
    0x7b, 0x52, 0x0, 0xe1, 0xcd, 0x84, 0x50, 0xd,
    0xea, 0x3b, 0xc4, 0x0, 0xed, 0x21, 0x0, 0xb,
    0x7a, 0x0, 0x7f, 0xfc, 0xc, 0x3, 0xf8, 0x48,
    0x3, 0xbc, 0x1e, 0xc2, 0x80, 0x24, 0x62, 0x37,
    0x35, 0xea, 0xbb, 0x7, 0x0, 0x31, 0xcd, 0x56,
    0xd3, 0x0,

    /* U+0169 "ũ" */
    0x0, 0xff, 0x97, 0xf5, 0x1e, 0x80, 0x2f, 0x6a,
    0xb8, 0xd0, 0xa, 0x2d, 0xfb, 0x1c, 0x2, 0x22,
    0x0, 0x98, 0x5, 0xf4, 0x1, 0xbe, 0xc0, 0x3f,
    0xfb, 0x4c, 0x1, 0x8, 0x4, 0x46, 0x60, 0x3,
    0x0, 0x56, 0x19, 0x57, 0x0, 0x13, 0x40, 0xab,
    0x49, 0x80,

    /* U+016A "Ū" */
    0x0, 0x84, 0x70, 0x7, 0x37, 0x75, 0xa0, 0x1c,
    0xf7, 0x77, 0x80, 0x70, 0xa2, 0x46, 0x1, 0x76,
    0x80, 0x73, 0x7a, 0x0, 0x7f, 0xfc, 0xc, 0x3,
    0xf8, 0x48, 0x3, 0xbc, 0x1e, 0xc2, 0x80, 0x24,
    0x62, 0x37, 0x35, 0xea, 0xbb, 0x7, 0x0, 0x31,
    0xcd, 0x56, 0xd3, 0x0,

    /* U+016B "ū" */
    0x0, 0x27, 0xfd, 0xc0, 0x19, 0x6a, 0xab, 0x0,
    0xc2, 0xab, 0x80, 0x2f, 0xa0, 0xd, 0xf6, 0x1,
    0xff, 0xda, 0x60, 0x8, 0x40, 0x22, 0x33, 0x0,
    0x18, 0x2, 0xb0, 0xca, 0xb8, 0x0, 0x9a, 0x5,
    0x5a, 0x4c, 0x0,

    /* U+016C "Ŭ" */
    0x0, 0x23, 0x1, 0x40, 0x7, 0x14, 0x9c, 0x28,
    0x7, 0x31, 0xe2, 0xc8, 0x7, 0xb3, 0x1c, 0x80,
    0x17, 0x68, 0x0, 0xc4, 0x1b, 0xd0, 0x3, 0xff,
    0xe0, 0x60, 0x1f, 0xc2, 0x40, 0x1d, 0xe0, 0xf6,
    0x14, 0x1, 0x23, 0x11, 0xb9, 0xaf, 0x55, 0xd8,
    0x38, 0x1, 0x8e, 0x6a, 0xb6, 0x98, 0x0,

    /* U+016D "ŭ" */
    0x0, 0x1b, 0x80, 0xc0, 0x80, 0x4f, 0x9, 0x2e,
    0x20, 0x12, 0x22, 0xde, 0x40, 0x3a, 0xf3, 0x58,
    0x2, 0xfa, 0x3, 0x20, 0xfb, 0x0, 0xff, 0xed,
    0x30, 0x4, 0x20, 0x11, 0x19, 0x80, 0xc, 0x1,
    0x58, 0x65, 0x5c, 0x0, 0x4d, 0x2, 0xad, 0x26,
    0x0,

    /* U+016E "Ů" */
    0x0, 0x9b, 0xb0, 0x40, 0x38, 0x66, 0x9a, 0x0,
    0x38, 0xc1, 0x48, 0xc0, 0x38, 0x9b, 0x9a, 0x40,
    0x3d, 0x3d, 0xc3, 0x0, 0xbb, 0x40, 0x2, 0x0,
    0x6f, 0x40, 0xf, 0xff, 0x81, 0x80, 0x7f, 0x9,
    0x0, 0x77, 0x83, 0xd8, 0x50, 0x4, 0x8c, 0x46,
    0xe6, 0xbd, 0x57, 0x60, 0xe0, 0x6, 0x39, 0xaa,
    0xda, 0x60,

    /* U+016F "ů" */
    0x0, 0x97, 0xb0, 0x80, 0x3a, 0xa8, 0xb2, 0x1,
    0xe5, 0xf0, 0xf, 0x3f, 0x4c, 0x0, 0x74, 0x77,
    0x98, 0x5, 0xf4, 0x2, 0x0, 0xfb, 0x0, 0xff,
    0xed, 0x30, 0x4, 0x20, 0x11, 0x19, 0x80, 0xc,
    0x1, 0x58, 0x65, 0x5c, 0x0, 0x4d, 0x2, 0xad,
    0x26, 0x0,

    /* U+0170 "Ű" */
    0x0, 0xb2, 0x2, 0x6c, 0x3, 0x11, 0xd0, 0x37,
    0x0, 0x65, 0x51, 0x21, 0xa8, 0x6, 0x7a, 0x4,
    0xc0, 0xb, 0xb4, 0x3, 0x9b, 0xd0, 0x3, 0xff,
    0xe0, 0x60, 0x1f, 0xc2, 0x40, 0x1d, 0xe0, 0xf6,
    0x14, 0x1, 0x23, 0x11, 0xb9, 0xaf, 0x55, 0xd8,
    0x38, 0x1, 0x8e, 0x6a, 0xb6, 0x98, 0x0,

    /* U+0171 "ű" */
    0x0, 0xa6, 0xc1, 0xb8, 0x3, 0x37, 0x5, 0x30,
    0x4, 0x86, 0xa2, 0x2a, 0x0, 0x93, 0x0, 0x74,
    0x80, 0x1f, 0x40, 0x1b, 0xec, 0x3, 0xff, 0xb4,
    0xc0, 0x10, 0x80, 0x44, 0x66, 0x0, 0x30, 0x5,
    0x61, 0x95, 0x70, 0x1, 0x34, 0xa, 0xb4, 0x98,
    0x0,

    /* U+0172 "Ų" */
    0xed, 0x0, 0xe6, 0xf4, 0x0, 0xff, 0xf8, 0x18,
    0x7, 0xf0, 0x90, 0x7, 0x78, 0x3d, 0x85, 0x0,
    0x48, 0xc4, 0x6e, 0x6b, 0xd5, 0x76, 0xe, 0x0,
    0x63, 0x9a, 0xa1, 0x61, 0x80, 0x51, 0xb0, 0x38,
    0x60, 0x1e, 0xd5, 0x30, 0xf, 0xbd, 0x34, 0xc0,
    0x3c, 0xbb, 0xc6, 0x0,

    /* U+0173 "ų" */
    0xf, 0xa0, 0xd, 0xf6, 0x1, 0xff, 0xda, 0x60,
    0x8, 0x40, 0x22, 0x33, 0x0, 0x18, 0x2, 0xb0,
    0xca, 0xb8, 0x0, 0x9a, 0x5, 0x5a, 0x4, 0x2,
    0x7e, 0xfd, 0xb2, 0xa0, 0xe, 0x43, 0xe1, 0x0,
    0xe1, 0x4, 0x30, 0xe, 0x53, 0x95,

    /* U+0174 "Ŵ" */
    0x0, 0xf0, 0xc2, 0x0, 0x7f, 0xf0, 0x71, 0x6c,
    0xc0, 0x3f, 0xeb, 0xc, 0x7d, 0x20, 0xf, 0xf5,
    0xe8, 0xc7, 0x10, 0x7, 0x57, 0x88, 0x4, 0xbf,
    0x60, 0x1a, 0xfc, 0x7c, 0x10, 0x2, 0xc0, 0x40,
    0xc, 0x86, 0x28, 0x1e, 0x1, 0x20, 0x0, 0xc0,
    0x6, 0x16, 0x2, 0x68, 0x0, 0x12, 0x40, 0xb0,
    0x5, 0x82, 0x0, 0x10, 0x48, 0x1c, 0x3c, 0x50,
    0x0, 0x82, 0x60, 0xc, 0x4, 0xc, 0x4, 0x73,
    0x0, 0x1a, 0x0, 0x48, 0x1a, 0x8, 0x80, 0xc0,
    0x55, 0x7, 0x80, 0x64, 0x41, 0x8e, 0x2, 0x6,
    0x60, 0x10, 0x3, 0x68, 0x40, 0x20, 0x9, 0xa2,
    0xc, 0x40, 0x32, 0x2, 0x9, 0x80, 0x10, 0x88,
    0x80, 0x1c, 0x44, 0x4, 0x0, 0xac, 0x1, 0x80,
    0x1e, 0x40, 0xf0, 0x8, 0xc0, 0x8, 0x1, 0x0,

    /* U+0175 "ŵ" */
    0x0, 0xe5, 0x81, 0x0, 0xfe, 0x4a, 0x5c, 0x0,
    0xfc, 0x54, 0xf8, 0x14, 0x1, 0xf1, 0x74, 0xe,
    0xd0, 0x6, 0x8f, 0x10, 0x4, 0x79, 0x80, 0x1f,
    0xcb, 0x1, 0xc0, 0xa, 0x8, 0x0, 0xb1, 0x24,
    0xd, 0x2, 0x20, 0xd8, 0x9, 0xb8, 0x1, 0x50,
    0x10, 0x20, 0xc5, 0x3, 0x40, 0x1e, 0x9, 0xa8,
    0xe0, 0xfe, 0x8, 0x0, 0x40, 0xe4, 0xd1, 0x4d,
    0x44, 0x0, 0x42, 0x6a, 0xe, 0x1a, 0x83, 0xa0,
    0x1a, 0xc0, 0xc4, 0x1c, 0x0, 0x80, 0x19, 0x2,
    0xc0, 0x2, 0x45, 0x0, 0x0,

    /* U+0176 "Ŷ" */
    0x0, 0x85, 0x90, 0x3, 0xed, 0xab, 0x50, 0xe,
    0x87, 0xc9, 0x91, 0x0, 0x68, 0xb0, 0x6c, 0x20,
    0x5, 0xf9, 0x80, 0x6b, 0xf3, 0x90, 0xf0, 0x9,
    0x10, 0xa6, 0x4c, 0x6a, 0x0, 0x90, 0x80, 0x4,
    0x4, 0x3, 0x13, 0x90, 0x0, 0x5c, 0x9e, 0x6,
    0x40, 0x34, 0xc, 0xc, 0x88, 0x7, 0x40, 0x13,
    0x80, 0x79, 0xc1, 0x0, 0x3f, 0xfc, 0x0,

    /* U+0177 "ŷ" */
    0x0, 0xaf, 0xec, 0x3, 0xac, 0x38, 0x2c, 0x3,
    0x5d, 0x86, 0xec, 0x0, 0x9f, 0x20, 0x8, 0xfd,
    0xe8, 0x14, 0x2, 0xb0, 0x63, 0x2a, 0x0, 0x99,
    0x4, 0x28, 0x8c, 0xc, 0x78, 0x0, 0xc1, 0x61,
    0x40, 0xa0, 0x1, 0x46, 0x7, 0x50, 0xd, 0xc2,
    0xe3, 0xc0, 0x19, 0x46, 0x5, 0x0, 0x39, 0xc1,
    0x80, 0x3d, 0xe1, 0x40, 0x1e, 0xd3, 0x20, 0xe,
    0x24, 0xa0, 0xf, 0x50, 0x38, 0x6,

    /* U+0178 "Ÿ" */
    0x0, 0x34, 0x82, 0x48, 0x80, 0x6c, 0x60, 0x36,
    0x30, 0xd, 0x5e, 0xf, 0xe4, 0x0, 0xbf, 0x30,
    0xd, 0x7e, 0x72, 0x1e, 0x1, 0x22, 0x14, 0xc9,
    0x8d, 0x40, 0x12, 0x10, 0x0, 0x80, 0x80, 0x62,
    0x72, 0x0, 0xb, 0x93, 0xc0, 0xc8, 0x6, 0x81,
    0x81, 0x91, 0x0, 0xe8, 0x2, 0x70, 0xf, 0x38,
    0x20, 0x7, 0xff, 0x80,

    /* U+0179 "Ź" */
    0x0, 0xe6, 0xa0, 0xf, 0xd7, 0xa0, 0x1f, 0x21,
    0x30, 0x7, 0xc9, 0xe2, 0x1, 0xbb, 0xff, 0xe6,
    0x6, 0x6e, 0x30, 0x26, 0x8, 0x99, 0xc2, 0x12,
    0x1, 0xe6, 0x25, 0x40, 0xe, 0x18, 0x8, 0x0,
    0xf4, 0xb, 0x90, 0x7, 0x13, 0xc, 0x0, 0x7a,
    0x42, 0xc0, 0x3c, 0xa8, 0x6a, 0x1, 0xe8, 0xf,
    0x0, 0xf3, 0x90, 0xd4, 0xce, 0x41, 0x80, 0x16,
    0x6e, 0x30,

    /* U+017A "ź" */
    0x0, 0xc7, 0xa0, 0x1e, 0x96, 0x0, 0xe1, 0x5f,
    0x0, 0xe1, 0xf4, 0x0, 0x1f, 0xff, 0xac, 0x9d,
    0xf0, 0x2, 0x86, 0x22, 0xf0, 0xa1, 0x0, 0x8a,
    0x11, 0x40, 0x37, 0xd, 0x0, 0x67, 0x3b, 0x10,
    0x8, 0xe1, 0x54, 0x1, 0xb8, 0xe, 0x22, 0x58,
    0x20, 0x67, 0x7b, 0xc0,

    /* U+017B "Ż" */
    0x0, 0xcd, 0xea, 0x1, 0xf1, 0x98, 0x40, 0x3e,
    0x5c, 0x40, 0xd, 0xdf, 0xff, 0x30, 0x33, 0x71,
    0x81, 0x30, 0x44, 0xce, 0x10, 0x90, 0xf, 0x31,
    0x2a, 0x0, 0x70, 0xc0, 0x40, 0x7, 0xa0, 0x5c,
    0x80, 0x38, 0x98, 0x60, 0x3, 0xd2, 0x16, 0x1,
    0xe5, 0x43, 0x50, 0xf, 0x40, 0x78, 0x7, 0x9c,
    0x86, 0xa6, 0x72, 0xc, 0x0, 0xb3, 0x71, 0x80,

    /* U+017C "ż" */
    0x0, 0x9f, 0xd0, 0x3, 0x84, 0xdc, 0x3, 0x9b,
    0xc, 0x0, 0x7f, 0xfe, 0xb2, 0x77, 0xc0, 0xa,
    0x18, 0x8b, 0xc2, 0x84, 0x2, 0x28, 0x45, 0x0,
    0xdc, 0x34, 0x1, 0x9c, 0xec, 0x40, 0x23, 0x85,
    0x50, 0x6, 0xe0, 0x38, 0x89, 0x60, 0x81, 0x9d,
    0xef,

    /* U+017D "Ž" */
    0x0, 0xc, 0x10, 0x2b, 0x80, 0x61, 0x16, 0x2d,
    0x10, 0x7, 0x49, 0x54, 0x28, 0x7, 0xb3, 0xdc,
    0x3, 0x77, 0xff, 0xcc, 0xc, 0xdc, 0x60, 0x4c,
    0x11, 0x33, 0x84, 0x24, 0x3, 0xcc, 0x4a, 0x80,
    0x1c, 0x30, 0x10, 0x1, 0xe8, 0x17, 0x20, 0xe,
    0x26, 0x18, 0x0, 0xf4, 0x85, 0x80, 0x79, 0x50,
    0xd4, 0x3, 0xd0, 0x1e, 0x1, 0xe7, 0x21, 0xa9,
    0x9c, 0x83, 0x0, 0x2c, 0xdc, 0x60,

    /* U+017E "ž" */
    0x1, 0x83, 0x4, 0x70, 0x0, 0x8b, 0x56, 0xc8,
    0x2, 0x95, 0xa7, 0x50, 0xd, 0x7f, 0x0, 0x3,
    0xff, 0xf5, 0x93, 0xbe, 0x0, 0x50, 0xc4, 0x5e,
    0x14, 0x20, 0x11, 0x42, 0x28, 0x6, 0xe1, 0xa0,
    0xc, 0xe7, 0x62, 0x1, 0x1c, 0x2a, 0x80, 0x37,
    0x1, 0xc4, 0x4b, 0x4, 0xc, 0xef, 0x78,

    /* U+0374 "ʹ" */
    0x1, 0xf3, 0x9, 0x23, 0x3, 0x80,

    /* U+0375 "͵" */
    0x1, 0xd3, 0x6, 0x3, 0xa, 0xa0, 0x0,

    /* U+037E ";" */
    0x3f, 0x80, 0x3e, 0x3c, 0x60, 0xf, 0xfe, 0x1,
    0xfc, 0x0, 0x47, 0x3e, 0x5a, 0xc0,

    /* U+0384 "΄" */
    0x7, 0xa0, 0x9c, 0x51, 0x60,

    /* U+0385 "΅" */
    0x0, 0x8a, 0x80, 0x7, 0x43, 0x62, 0xb2, 0xea,
    0x4d, 0xfa, 0xe0,

    /* U+0386 "Ά" */
    0x7, 0xd0, 0xef, 0xc0, 0xe, 0x9b, 0x31, 0x3,
    0x10, 0x8, 0xcc, 0xf6, 0xe, 0xe, 0x1, 0x1e,
    0x8a, 0x94, 0x6, 0x80, 0x71, 0x11, 0x1, 0x10,
    0x20, 0x19, 0x43, 0x43, 0x41, 0x0, 0x35, 0x8a,
    0x3, 0x87, 0x80, 0x42, 0x68, 0x0, 0x13, 0x50,
    0x9, 0xc1, 0x7f, 0xe3, 0x4, 0x0, 0x68, 0x33,
    0x70, 0x68, 0x1, 0x11, 0x33, 0xc4, 0xe0, 0xa1,
    0xa0, 0x1c, 0xa2, 0x60,

    /* U+0387 "·" */
    0x0, 0x8, 0x3, 0xbc, 0x0, 0x46, 0x0,

    /* U+0388 "Έ" */
    0xc, 0x86, 0xff, 0xf8, 0xcd, 0x40, 0x4, 0x66,
    0xe4, 0x52, 0x0, 0x7c, 0xcf, 0x3d, 0x0, 0x7f,
    0xf3, 0x6f, 0xff, 0x0, 0x79, 0x19, 0xb0, 0x7,
    0xbe, 0x67, 0x0, 0x7f, 0xf4, 0x3e, 0x67, 0x80,
    0x39, 0x19, 0xb8,

    /* U+0389 "Ή" */
    0xe, 0x68, 0xf2, 0x0, 0xc3, 0xf2, 0x82, 0xc0,
    0x1f, 0xed, 0x70, 0xf, 0xfa, 0x60, 0x3, 0xff,
    0xa3, 0x13, 0x3a, 0xc0, 0x3e, 0x56, 0x6c, 0xa0,
    0x1f, 0x6f, 0xfe, 0xe0, 0xf, 0xff, 0x50,

    /* U+038A "Ί" */
    0xe, 0x68, 0xf2, 0x41, 0x60, 0xb, 0x5c, 0x3,
    0x4c, 0x0, 0x7f, 0xfa, 0x0,

    /* U+038C "Ό" */
    0xc, 0x80, 0x2a, 0xef, 0xeb, 0x40, 0x8, 0x8e,
    0x93, 0x54, 0x95, 0x49, 0x6e, 0x0, 0xa3, 0x35,
    0x5, 0xe5, 0x5f, 0x14, 0x18, 0x46, 0x38, 0xc2,
    0x0, 0x43, 0xc1, 0x20, 0x16, 0x83, 0x0, 0x71,
    0x8a, 0x0, 0x4e, 0x2, 0x1, 0xe5, 0x10, 0xf,
    0xfe, 0x2b, 0x80, 0x80, 0x79, 0x44, 0x2, 0xd0,
    0x60, 0xe, 0x31, 0x40, 0x9, 0x86, 0x10, 0x2,
    0x2e, 0x9, 0x0, 0xd4, 0x17, 0x95, 0x7a, 0x50,
    0x60, 0x19, 0x35, 0x49, 0x54, 0x96, 0xe0, 0x0,

    /* U+038E "Ύ" */
    0xa, 0xa2, 0xfc, 0x80, 0x65, 0xf9, 0x15, 0x95,
    0x36, 0x20, 0xa, 0xc2, 0x1d, 0xc, 0x3c, 0x24,
    0x0, 0xe3, 0x2, 0xd6, 0x0, 0x35, 0x44, 0xc,
    0xb, 0x80, 0x7a, 0x2, 0x60, 0x2c, 0x3, 0xe2,
    0x62, 0x63, 0x50, 0xf, 0xd0, 0x0, 0xf0, 0xf,
    0xe1, 0x40, 0x30, 0xf, 0xff, 0x58,

    /* U+038F "Ώ" */
    0xb, 0xa0, 0x19, 0xef, 0xf5, 0xa0, 0x4, 0x29,
    0xc5, 0xec, 0x6a, 0x88, 0xb7, 0x0, 0x39, 0x27,
    0x8c, 0x6d, 0x5e, 0x8c, 0x20, 0x36, 0xa9, 0x2b,
    0x80, 0x45, 0xa1, 0xe0, 0x16, 0x7, 0x0, 0x71,
    0x92, 0x0, 0x44, 0xa, 0x1, 0xe7, 0x2, 0x0,
    0xff, 0xe0, 0x98, 0x0, 0xc0, 0x80, 0x3c, 0xc0,
    0x20, 0xa, 0xa, 0x0, 0xe2, 0x36, 0x0, 0x89,
    0x98, 0x80, 0x1b, 0x86, 0x0, 0x25, 0x0, 0x5a,
    0x0, 0x30, 0xca, 0x0, 0x2f, 0x60, 0x0, 0x80,
    0x8, 0xd, 0x80,

    /* U+0390 "ΐ" */
    0x0, 0xff, 0x5c, 0x80, 0x2f, 0x9, 0x2f, 0xa3,
    0x6d, 0x9c, 0x9f, 0x59, 0xd2, 0x2, 0x54, 0x1,
    0x5e, 0x1, 0xff, 0xde, 0x10, 0xd, 0xa1, 0xb0,
    0xa0, 0x7, 0x63, 0x7d,

    /* U+0391 "Α" */
    0x0, 0x87, 0xfd, 0x20, 0x1f, 0x38, 0x1, 0xc0,
    0x3e, 0xd0, 0x61, 0x30, 0xf, 0x22, 0x28, 0x2c,
    0x3, 0x94, 0x34, 0xc5, 0x40, 0x3b, 0xc1, 0xc1,
    0xc8, 0x80, 0x19, 0x4c, 0x43, 0x41, 0x40, 0x24,
    0xb, 0x0, 0x20, 0xd8, 0x5, 0xa1, 0x1f, 0xf0,
    0x98, 0x80, 0x1c, 0x59, 0xb2, 0x83, 0x81, 0x8b,
    0x4c, 0xea, 0xd, 0xb, 0xb, 0x0, 0xe5, 0x41,

    /* U+0392 "Β" */
    0xef, 0xfd, 0xd0, 0x1, 0xb, 0x34, 0x6e, 0xe0,
    0x1, 0xcc, 0xda, 0x32, 0x1, 0xf1, 0x8, 0x7,
    0x90, 0xd0, 0x0, 0x5f, 0xf5, 0x84, 0x80, 0x5,
    0x9a, 0x40, 0x90, 0x1, 0xcc, 0xd7, 0x8, 0xa0,
    0x1e, 0x40, 0xd0, 0xf, 0x20, 0x70, 0x1c, 0xcd,
    0x70, 0x2e, 0x2, 0xcd, 0x22, 0x34, 0x40,

    /* U+0393 "Γ" */
    0xef, 0xff, 0x38, 0xb, 0x37, 0x18, 0x14, 0xcf,
    0x20, 0x7, 0xff, 0xf0,

    /* U+0394 "Δ" */
    0x0, 0x87, 0xfd, 0x20, 0x1f, 0x38, 0x1, 0xc0,
    0x3e, 0xd0, 0x61, 0x30, 0xf, 0x22, 0x28, 0x2c,
    0x3, 0x94, 0x34, 0xc5, 0x40, 0x3b, 0xc1, 0xc1,
    0xc8, 0x80, 0x19, 0x4c, 0x43, 0x41, 0x40, 0x24,
    0xb, 0x0, 0x20, 0xd8, 0x5, 0xa0, 0xa0, 0x13,
    0x98, 0x80, 0x1c, 0x88, 0x1, 0x68, 0x38, 0x18,
    0x84, 0xce, 0xe0, 0xd0, 0xb0, 0x26, 0x6c, 0xa0,
    0x82,

    /* U+0395 "Ε" */
    0xef, 0xff, 0x38, 0xb, 0x37, 0x18, 0x14, 0xcf,
    0x20, 0x7, 0xff, 0x14, 0xff, 0xf4, 0x0, 0x5,
    0x9b, 0x68, 0x0, 0xa6, 0x72, 0x80, 0x7f, 0xf1,
    0x8a, 0x67, 0x90, 0x5, 0x9b, 0x8c,

    /* U+0396 "Ζ" */
    0xe, 0xff, 0xf9, 0x81, 0x9b, 0x8c, 0x9, 0x82,
    0x26, 0x70, 0x84, 0x80, 0x79, 0x89, 0x50, 0x3,
    0x86, 0x2, 0x0, 0x3d, 0x2, 0xe4, 0x1, 0xc4,
    0xc3, 0x0, 0x1e, 0x90, 0xb0, 0xf, 0x2a, 0x1a,
    0x80, 0x7a, 0x3, 0xc0, 0x3c, 0xe4, 0x35, 0x33,
    0x90, 0x60, 0x5, 0x9b, 0x8c,

    /* U+0397 "Η" */
    0xec, 0x0, 0xe7, 0xf3, 0x0, 0xff, 0xee, 0x94,
    0xcf, 0x58, 0x4, 0x2c, 0xdc, 0x60, 0x11, 0xff,
    0xf4, 0x0, 0x7f, 0xf7, 0x80,

    /* U+0398 "Θ" */
    0x0, 0x9f, 0x7f, 0xd8, 0xc0, 0x18, 0x76, 0x1,
    0x54, 0x53, 0x60, 0x15, 0x93, 0xed, 0x53, 0x95,
    0x20, 0x5, 0x4e, 0x0, 0x35, 0xb, 0x83, 0x85,
    0x0, 0x8e, 0x7, 0x3, 0x10, 0x22, 0x77, 0x60,
    0xf0, 0x60, 0x8, 0xae, 0xf0, 0x6, 0x10, 0x20,
    0x44, 0xc1, 0xe0, 0xce, 0x14, 0x1, 0xe7, 0x3,
    0x15, 0x38, 0x0, 0xd4, 0x2e, 0x0, 0xb2, 0x7d,
    0xaa, 0x72, 0xa4, 0x0, 0x7, 0x60, 0x15, 0x45,
    0x36, 0x0,

    /* U+0399 "Ι" */
    0xbf, 0x0, 0xff, 0xe5, 0x0,

    /* U+039A "Κ" */
    0xec, 0x0, 0xd9, 0xe8, 0x1, 0xea, 0x39, 0x40,
    0xe, 0x85, 0x76, 0x0, 0xe6, 0x75, 0x80, 0xe,
    0x49, 0x3a, 0x0, 0xe2, 0xb2, 0xd0, 0xf, 0x84,
    0x88, 0x1, 0xe2, 0xc1, 0xd2, 0x0, 0xf1, 0x68,
    0xf8, 0x80, 0x78, 0xe8, 0xb4, 0x3, 0xe5, 0x93,
    0xb0, 0xf, 0x99, 0xd2, 0x80,

    /* U+039B "Λ" */
    0x0, 0x97, 0xfc, 0xc0, 0x1e, 0xf0, 0x6, 0x80,
    0x79, 0x4c, 0xc8, 0x1, 0xc8, 0x17, 0x60, 0x50,
    0xd, 0xa0, 0xaa, 0xf, 0x0, 0xce, 0x45, 0x1a,
    0x0, 0x46, 0x2a, 0x0, 0xb1, 0x40, 0x5, 0x85,
    0x80, 0x14, 0x34, 0x0, 0xa2, 0x60, 0x2, 0x23,
    0x81, 0x11, 0xc0, 0x32, 0x89, 0xa8, 0x68, 0x6,
    0xb0, 0xbb, 0x2, 0x0, 0x63, 0x15,

    /* U+039C "Μ" */
    0xed, 0x0, 0xf9, 0x3d, 0xc0, 0x94, 0x3, 0xde,
    0x1, 0xa4, 0x3, 0x8d, 0x0, 0x31, 0xa0, 0x6,
    0x90, 0xc, 0x83, 0xe0, 0x11, 0x2a, 0x80, 0x33,
    0x21, 0x0, 0x2c, 0x24, 0x3, 0x48, 0x40, 0xb,
    0x29, 0x0, 0x61, 0x65, 0x16, 0x9, 0x0, 0xf5,
    0x84, 0x49, 0x98, 0x3, 0xc4, 0x8c, 0x32, 0x1,
    0xfb, 0xc0, 0x94, 0x3, 0xf2, 0x1d, 0x80, 0x70,

    /* U+039D "Ν" */
    0xef, 0x20, 0xd, 0x1e, 0x60, 0xe, 0x0, 0xfe,
    0x36, 0x0, 0xf8, 0x86, 0x44, 0x3, 0xea, 0xb,
    0x0, 0xf9, 0x15, 0x60, 0xf, 0xac, 0x6c, 0x3,
    0xe1, 0x81, 0x90, 0xf, 0x99, 0x18, 0xc0, 0x3e,
    0x90, 0x40, 0xf, 0x8a, 0x0, 0x3f, 0x9c, 0x80,
    0x0,

    /* U+039E "Ξ" */
    0xef, 0xff, 0xc8, 0xcd, 0xfe, 0x89, 0x9f, 0xc4,
    0x1, 0xff, 0xc9, 0x99, 0xf9, 0x0, 0x59, 0xbe,
    0x30, 0x1f, 0xff, 0x9c, 0x3, 0xff, 0x93, 0x13,
    0x3f, 0x89, 0x9b, 0xfc,

    /* U+039F "Ο" */
    0x0, 0x9f, 0x7f, 0xd8, 0xc0, 0x18, 0x76, 0x1,
    0x54, 0x53, 0x60, 0x15, 0x93, 0xed, 0x53, 0x95,
    0x20, 0x5, 0x4e, 0x0, 0x35, 0xb, 0x83, 0x85,
    0x0, 0x79, 0xc0, 0xc4, 0x8, 0x3, 0xde, 0xc,
    0x1, 0xff, 0xc0, 0x10, 0x20, 0xf, 0x78, 0x33,
    0x85, 0x0, 0x79, 0xc0, 0xc5, 0x4e, 0x0, 0x35,
    0xb, 0x80, 0x2c, 0x9f, 0x6a, 0x9c, 0xa9, 0x0,
    0x1, 0xd8, 0x5, 0x51, 0x4d, 0x80, 0x0,

    /* U+03A0 "Π" */
    0xef, 0xff, 0xc8, 0x2, 0xcd, 0xc6, 0x1, 0x14,
    0xcf, 0x50, 0x7, 0xff, 0xfc, 0x3, 0xff, 0x8a,

    /* U+03A1 "Ρ" */
    0xef, 0xfe, 0xb2, 0x0, 0xb, 0x34, 0x88, 0xc0,
    0x1, 0x4c, 0xd6, 0xe2, 0xa0, 0x1e, 0xb0, 0xd0,
    0xf, 0x38, 0x78, 0x7, 0x14, 0x2, 0x1, 0xff,
    0xda, 0x6a, 0x60, 0x2c, 0xda, 0xa8, 0x0, 0x29,
    0x9c, 0xa0, 0x1f, 0xfd, 0x10,

    /* U+03A3 "Σ" */
    0xef, 0xff, 0x88, 0x80, 0x6c, 0xdc, 0x7a, 0x25,
    0x73, 0x38, 0x45, 0x81, 0x84, 0x1, 0xc5, 0xa3,
    0x82, 0x1, 0xc7, 0x83, 0x82, 0x1, 0xff, 0xc1,
    0x2d, 0x1c, 0x10, 0x8, 0xb0, 0x30, 0x40, 0x21,
    0xf1, 0xd2, 0x0, 0xda, 0x47, 0x53, 0x38, 0x8,
    0xd, 0x9b, 0x80,

    /* U+03A4 "Τ" */
    0xdf, 0xff, 0xd0, 0xac, 0xd0, 0x13, 0x35, 0x91,
    0x33, 0x3, 0xcc, 0xc8, 0x1, 0xff, 0xff, 0x0,
    0xff, 0xe1, 0x80,

    /* U+03A5 "Υ" */
    0xbf, 0x30, 0xd, 0x7e, 0x72, 0x1e, 0x1, 0x22,
    0x14, 0xc9, 0x8d, 0x40, 0x12, 0x10, 0x0, 0x80,
    0x80, 0x62, 0x72, 0x0, 0xb, 0x93, 0xc0, 0xc8,
    0x6, 0x81, 0x81, 0x91, 0x0, 0xe8, 0x2, 0x70,
    0xf, 0x38, 0x20, 0x7, 0xff, 0x80,

    /* U+03A6 "Φ" */
    0x0, 0xc3, 0xf6, 0x20, 0x1e, 0x9f, 0xe0, 0x4e,
    0xe2, 0x80, 0x54, 0xc7, 0x0, 0x4e, 0x14, 0xa0,
    0x4a, 0x98, 0xe0, 0xf1, 0x81, 0x0, 0x81, 0xc0,
    0x1c, 0x4a, 0x43, 0xc0, 0xc0, 0x1e, 0x20, 0x3f,
    0x7, 0x0, 0xf0, 0x80, 0xc, 0x34, 0x3, 0xce,
    0x24, 0x84, 0xd0, 0x80, 0xc9, 0x82, 0xc0, 0xf,
    0x27, 0xb0, 0x3b, 0x35, 0x80, 0x1, 0x6d, 0xd0,
    0x1d, 0x6d, 0x0, 0x72, 0x28, 0x32, 0x90, 0x4,

    /* U+03A7 "Χ" */
    0x6f, 0xa0, 0xc, 0xdf, 0x40, 0xc6, 0xa8, 0x0,
    0x19, 0x1b, 0x0, 0x70, 0x48, 0x2, 0xc2, 0xc4,
    0x0, 0x50, 0x50, 0x8a, 0x8a, 0x1, 0x9c, 0xde,
    0x82, 0x80, 0x3d, 0xe0, 0x32, 0x20, 0x1e, 0x70,
    0x7, 0x0, 0x7d, 0x40, 0x4e, 0x40, 0x1d, 0x23,
    0x3c, 0x1c, 0x1, 0x8d, 0x8d, 0x8d, 0x8d, 0xc0,
    0x2e, 0xf, 0x0, 0x48, 0xc1, 0x4, 0x13, 0x98,
    0x5, 0x41, 0x20,

    /* U+03A8 "Ψ" */
    0xeb, 0x0, 0x76, 0x0, 0x36, 0xc0, 0x3f, 0xfb,
    0x86, 0x1, 0xf1, 0x83, 0x28, 0x7, 0x8, 0x8b,
    0x46, 0x44, 0x0, 0x54, 0x1a, 0xc8, 0xdc, 0x27,
    0xa8, 0xe8, 0x17, 0x67, 0x1, 0x7c, 0x80, 0x9,
    0x20, 0x4a, 0xc, 0x3, 0xff, 0x80,

    /* U+03A9 "Ω" */
    0x0, 0x9f, 0x7f, 0xd8, 0xc0, 0x18, 0x72, 0xd,
    0x54, 0x53, 0x40, 0x15, 0x9a, 0xf5, 0x53, 0xd1,
    0x5c, 0x9, 0x4a, 0x80, 0x21, 0xa0, 0x80, 0x40,
    0xa0, 0xe, 0x16, 0x3, 0xe0, 0x30, 0xf, 0x78,
    0x37, 0x80, 0x7f, 0xc6, 0x6, 0x1, 0xef, 0x7,
    0x41, 0xa0, 0xf, 0x39, 0x90, 0x41, 0x40, 0x6,
    0x91, 0xf0, 0x4f, 0x17, 0x70, 0x2, 0x18, 0xa8,
    0x88, 0xc2, 0x1c, 0x0, 0x20, 0x26, 0x60,

    /* U+03AA "Ϊ" */
    0x29, 0x20, 0x95, 0x66, 0x85, 0xb5, 0x3d, 0x7,
    0xe0, 0x1, 0x7e, 0x1, 0xff, 0xf8,

    /* U+03AB "Ϋ" */
    0x0, 0x34, 0x82, 0x48, 0x80, 0x6c, 0x60, 0x36,
    0x30, 0xd, 0x5e, 0xf, 0xe4, 0x0, 0xbf, 0x30,
    0xd, 0x7e, 0x72, 0x1e, 0x1, 0x22, 0x14, 0xc9,
    0x8d, 0x40, 0x12, 0x10, 0x0, 0x80, 0x80, 0x62,
    0x72, 0x0, 0xb, 0x93, 0xc0, 0xc8, 0x6, 0x81,
    0x81, 0x91, 0x0, 0xe8, 0x2, 0x70, 0xf, 0x38,
    0x20, 0x7, 0xff, 0x80,

    /* U+03AC "ά" */
    0x0, 0xed, 0x70, 0xf, 0x19, 0x30, 0x7, 0xad,
    0x84, 0x3, 0xd1, 0x20, 0x1c, 0xdb, 0xfc, 0xf5,
    0xa0, 0xf2, 0x6c, 0x90, 0xa0, 0x8, 0x1f, 0x9a,
    0xa0, 0x1, 0x1, 0x84, 0x0, 0xa0, 0x1, 0xf,
    0x0, 0xc2, 0x2, 0x1e, 0x1, 0x84, 0x10, 0x18,
    0x40, 0xc, 0x1, 0x40, 0xfc, 0xd4, 0x80, 0x4f,
    0x26, 0xcf, 0x2a, 0x0,

    /* U+03AD "έ" */
    0x0, 0xda, 0xe0, 0x1c, 0x84, 0xc0, 0x1d, 0x8c,
    0x20, 0x1d, 0x12, 0x1, 0x8a, 0xff, 0xd8, 0xa0,
    0xf, 0x44, 0x31, 0x52, 0x9, 0x2d, 0xcf, 0x4a,
    0x8, 0x9c, 0xc4, 0x18, 0x0, 0xe5, 0x9c, 0x60,
    0x2, 0x63, 0xab, 0x30, 0x3, 0x85, 0xaa, 0x4,
    0x1a, 0x4, 0x55, 0x39, 0xd0, 0x71, 0x15, 0x45,
    0x4e,

    /* U+03AE "ή" */
    0x0, 0xd1, 0x20, 0x1e, 0x7d, 0x0, 0xe6, 0x14,
    0x0, 0xe6, 0xe0, 0xb, 0xa5, 0xfb, 0xf5, 0x40,
    0xd, 0xa, 0xa2, 0xa3, 0x0, 0x5d, 0xaa, 0x81,
    0x20, 0x4, 0x0, 0x28, 0x38, 0x10, 0x6, 0x23,
    0x0, 0xff, 0xea, 0x0,

    /* U+03AF "ί" */
    0x9, 0xb0, 0x9, 0xb8, 0x0, 0x86, 0xa0, 0x4,
    0xc0, 0xa, 0xfc, 0x3, 0xff, 0xaa, 0x61, 0x90,
    0x90, 0xa6, 0xe6,

    /* U+03B0 "ΰ" */
    0x0, 0xe1, 0x0, 0xf9, 0x38, 0x3, 0x27, 0x97,
    0xb4, 0x78, 0x1, 0x94, 0xa, 0xf5, 0x80, 0x5,
    0x45, 0x24, 0xb2, 0x0, 0xfa, 0x0, 0xdf, 0x60,
    0x1f, 0xfd, 0xa6, 0x0, 0x84, 0x4, 0x8, 0xcc,
    0x0, 0x90, 0xd0, 0xb0, 0xca, 0xb7, 0x6, 0x6,
    0x92, 0x54, 0x46, 0x8,

    /* U+03B1 "α" */
    0x0, 0x36, 0xff, 0x3d, 0x68, 0x3c, 0x9b, 0x24,
    0x28, 0x2, 0x7, 0xe6, 0xa8, 0x0, 0x40, 0x61,
    0x0, 0x28, 0x0, 0x43, 0xc0, 0x30, 0x80, 0x87,
    0x80, 0x61, 0x4, 0x6, 0x10, 0x3, 0x0, 0x50,
    0x3f, 0x35, 0x20, 0x13, 0xc9, 0xb3, 0xca, 0x80,

    /* U+03B2 "β" */
    0x7, 0xdf, 0xe7, 0x0, 0x3c, 0x1b, 0x1c, 0x40,
    0x2c, 0x3e, 0x74, 0x9c, 0x8, 0x82, 0x0, 0x60,
    0xf, 0x32, 0x20, 0x3, 0x3c, 0x86, 0x80, 0x65,
    0x82, 0x96, 0x0, 0x89, 0xf4, 0x6c, 0x3, 0xca,
    0x40, 0x44, 0x0, 0x12, 0x10, 0x3, 0x6a, 0x9a,
    0x10, 0x2, 0x8a, 0xa3, 0xa5, 0x2, 0xbf, 0xf6,
    0x28, 0x7, 0xff, 0x34,

    /* U+03B3 "γ" */
    0x8f, 0x30, 0xa, 0x7c, 0x68, 0x2c, 0x2, 0x74,
    0x12, 0x36, 0x0, 0x20, 0xe8, 0x2, 0x84, 0xc3,
    0x81, 0x80, 0xe, 0x14, 0xa, 0xa0, 0x8, 0x51,
    0xd4, 0x38, 0x3, 0x70, 0xd8, 0xa0, 0x6, 0x51,
    0x13, 0x80, 0x79, 0xc2, 0x80, 0x3c, 0x20, 0x20,
    0x1f, 0xfc, 0x3c, 0x73, 0x0, 0x80,

    /* U+03B4 "δ" */
    0x0, 0x37, 0x7f, 0xce, 0x1, 0xa4, 0xe6, 0x65,
    0x0, 0xe1, 0x66, 0x88, 0x3, 0x51, 0xfd, 0x28,
    0x6, 0x1f, 0x0, 0x2d, 0x60, 0x5, 0x4b, 0x1f,
    0xca, 0x72, 0x4, 0x88, 0x70, 0x1a, 0x6, 0x7,
    0x2, 0x0, 0xc4, 0x2, 0x20, 0x30, 0xc, 0x60,
    0x2a, 0xa, 0x20, 0x4, 0x13, 0x1, 0x70, 0xfa,
    0xa5, 0x87, 0x80, 0x22, 0x4d, 0x54, 0x98, 0x60,

    /* U+03B5 "ε" */
    0x2, 0xbf, 0xf6, 0x28, 0x3, 0xd1, 0xc, 0x54,
    0x82, 0x4b, 0x73, 0xd2, 0x82, 0x27, 0x31, 0x6,
    0x0, 0x39, 0x67, 0x18, 0x0, 0x98, 0xea, 0xcc,
    0x0, 0xe1, 0x6a, 0x81, 0x6, 0x81, 0x15, 0x4e,
    0x74, 0x1c, 0x45, 0x51, 0x53, 0x80,

    /* U+03B6 "ζ" */
    0xe, 0xff, 0xf1, 0x84, 0xbb, 0xc4, 0x4, 0x40,
    0x78, 0x86, 0x90, 0xf8, 0x80, 0x4b, 0x43, 0x84,
    0x1, 0x2d, 0x16, 0x10, 0x4, 0x54, 0x3e, 0x40,
    0x1b, 0x83, 0x48, 0x3, 0x11, 0xa9, 0x80, 0x73,
    0x86, 0x0, 0x78, 0x43, 0xc0, 0x3c, 0x82, 0xd9,
    0x32, 0x70, 0xb, 0x50, 0xd9, 0x91, 0x60, 0x3,
    0xbf, 0xf7, 0x1a, 0x8, 0x7, 0xd, 0x1, 0x80,

    /* U+03B7 "η" */
    0xe9, 0x7e, 0xfd, 0x50, 0x3, 0x42, 0xa8, 0xa8,
    0xc0, 0x17, 0x6a, 0xa0, 0x48, 0x1, 0x0, 0xa,
    0xe, 0x4, 0x1, 0x88, 0xc0, 0x3f, 0xfa, 0x80,

    /* U+03B8 "θ" */
    0x0, 0xc, 0xf7, 0xf4, 0x0, 0x61, 0xc6, 0x25,
    0x37, 0xb0, 0xa, 0xa, 0x32, 0xb5, 0x51, 0x80,
    0xc, 0x4e, 0x1, 0x58, 0x58, 0x18, 0x20, 0x8e,
    0x3, 0x21, 0x60, 0x6e, 0xee, 0x30, 0x30, 0x3,
    0x5d, 0xf2, 0x0, 0x18, 0x0, 0x89, 0xce, 0x6,
    0x60, 0x40, 0xc, 0x26, 0x42, 0xc, 0x4e, 0x1,
    0x58, 0x50, 0x2, 0xa, 0x32, 0xb5, 0x4d, 0xc0,
    0x3, 0x8c, 0x4a, 0x6f, 0x80, 0x0,

    /* U+03B9 "ι" */
    0xbf, 0x0, 0xff, 0xea, 0x98, 0x64, 0x24, 0x29,
    0xb9, 0x80,

    /* U+03BA "κ" */
    0xed, 0x0, 0x1f, 0xe8, 0x80, 0x43, 0xa1, 0xe2,
    0x1, 0x50, 0xd1, 0x0, 0x50, 0x8e, 0xa0, 0x11,
    0xb8, 0xc0, 0x6, 0x38, 0x1a, 0x0, 0xe7, 0x55,
    0x40, 0x7, 0x51, 0xbb, 0x0, 0x76, 0x8c, 0xa0,

    /* U+03BB "λ" */
    0x9, 0xfc, 0x20, 0xe, 0xd6, 0x3e, 0x0, 0xe4,
    0x97, 0x33, 0x0, 0x7b, 0x42, 0x80, 0x3d, 0xc0,
    0xe0, 0x1c, 0x28, 0x42, 0x80, 0x19, 0xc3, 0x87,
    0x80, 0x35, 0x11, 0xba, 0x80, 0x42, 0x6a, 0x1a,
    0xa, 0x0, 0x60, 0xa0, 0x41, 0xe0, 0x5, 0x11,
    0x0, 0xe, 0x82, 0x44, 0x50, 0xb, 0x41, 0xc0,

    /* U+03BC "μ" */
    0xed, 0x0, 0xdb, 0xc0, 0x1f, 0xfd, 0x53, 0x0,
    0xc6, 0x0, 0x13, 0x0, 0x18, 0x80, 0x5a, 0xee,
    0xd0, 0x8, 0x82, 0x25, 0xd4, 0x0, 0x9d, 0xfd,
    0x35, 0xc0, 0x1f, 0xfc, 0xc0,

    /* U+03BD "ν" */
    0x8f, 0x20, 0xa, 0x7c, 0x68, 0x28, 0x2, 0x73,
    0x12, 0x22, 0x80, 0x10, 0x68, 0x1, 0x44, 0x61,
    0xa0, 0xe0, 0x6, 0xb, 0x7, 0x41, 0x0, 0x9,
    0xaa, 0xf, 0x0, 0x6a, 0x28, 0x5, 0x0, 0xce,
    0x6, 0xa0, 0x1c, 0x28, 0x1e, 0x1, 0x0,

    /* U+03BE "ξ" */
    0x0, 0x2e, 0x7f, 0xb1, 0x0, 0x26, 0xa2, 0x55,
    0x15, 0xb8, 0x2, 0xc3, 0xea, 0x9e, 0x66, 0x0,
    0x18, 0x88, 0x0, 0x38, 0x80, 0x4, 0x17, 0x10,
    0xf, 0x58, 0xc7, 0x79, 0x80, 0x6b, 0x11, 0x22,
    0x88, 0x4, 0x6a, 0x9d, 0x74, 0x40, 0x13, 0x6,
    0x0, 0x7c, 0xc1, 0x60, 0x1f, 0x19, 0xdd, 0x53,
    0xa, 0x1, 0x63, 0x9a, 0xb3, 0xd4, 0x80, 0x51,
    0xbf, 0xed, 0x26, 0x0, 0xf8, 0x94, 0x0,

    /* U+03BF "ο" */
    0x0, 0x2e, 0x7f, 0xac, 0xc0, 0x26, 0xa2, 0x55,
    0x26, 0x18, 0x2, 0x47, 0xea, 0x96, 0x10, 0x8,
    0xc, 0x20, 0x4, 0x34, 0x1, 0xf, 0x0, 0xce,
    0x2, 0x20, 0xf0, 0xc, 0xe0, 0x28, 0xc, 0x20,
    0x4, 0x34, 0x0, 0x48, 0xfd, 0x5d, 0x82, 0x40,
    0xd, 0x44, 0xa8, 0x8d, 0x20,

    /* U+03C0 "π" */
    0x7f, 0xff, 0xe2, 0x37, 0x2, 0x77, 0x80, 0x9c,
    0xd2, 0x1, 0xa2, 0x20, 0x78, 0x10, 0xf, 0xff,
    0xb0,

    /* U+03C1 "ρ" */
    0x1, 0xaf, 0xf6, 0xa8, 0x0, 0x7d, 0x54, 0xc1,
    0x4c, 0x12, 0x37, 0x53, 0xa5, 0x0, 0x82, 0x80,
    0x15, 0x9, 0x91, 0x0, 0x30, 0x83, 0x81, 0x0,
    0x61, 0x7, 0x1, 0x50, 0xa, 0x84, 0xc0, 0x15,
    0x49, 0xe2, 0x80, 0x1, 0xc2, 0x31, 0xcb, 0x0,
    0x4f, 0xdf, 0xac, 0x1, 0xff, 0xd1,

    /* U+03C2 "ς" */
    0x0, 0x2e, 0x7f, 0xa8, 0x80, 0xd, 0x44, 0xa8,
    0xb8, 0x21, 0x1, 0xf5, 0x72, 0x28, 0x62, 0xa2,
    0x0, 0x6f, 0x56, 0x2, 0x0, 0xf0, 0x80, 0x80,
    0x79, 0x41, 0xc4, 0x3, 0x85, 0x87, 0xea, 0x5c,
    0x40, 0x12, 0xe0, 0xad, 0x1e, 0x1, 0x47, 0x7f,
    0x30, 0xa8, 0x7, 0xd, 0x80, 0x0,

    /* U+03C3 "σ" */
    0x0, 0x2e, 0x7f, 0xf4, 0x83, 0x51, 0x3b, 0x0,
    0x17, 0x42, 0x47, 0xe2, 0x70, 0x5, 0x10, 0xc,
    0x20, 0x3, 0x32, 0x0, 0x87, 0x80, 0x67, 0x1,
    0x10, 0x70, 0x6, 0x60, 0x14, 0x17, 0x10, 0x2,
    0x12, 0x0, 0x2c, 0x7e, 0xae, 0xc1, 0x20, 0x5,
    0xb2, 0x54, 0x46, 0x90, 0x0,

    /* U+03C4 "τ" */
    0x9f, 0xff, 0xb1, 0xdc, 0x40, 0xef, 0x2c, 0x41,
    0xc2, 0x22, 0x0, 0xff, 0xe8, 0x88, 0x7, 0x68,
    0x6c, 0x28, 0x4, 0xec, 0x6f, 0xa0,

    /* U+03C5 "υ" */
    0xf, 0xa0, 0xd, 0xf6, 0x1, 0xff, 0xda, 0x60,
    0x8, 0x40, 0x40, 0x8c, 0xc0, 0x9, 0xd, 0xb,
    0xc, 0xab, 0x70, 0x60, 0x69, 0x25, 0x44, 0x60,
    0x80,

    /* U+03C6 "φ" */
    0x0, 0xed, 0xb0, 0xf, 0xfe, 0x41, 0x20, 0x3a,
    0x8, 0x7, 0x56, 0xd9, 0x1d, 0xf4, 0x80, 0x52,
    0xa9, 0x22, 0x72, 0x6c, 0xe0, 0x2c, 0x76, 0xc6,
    0xed, 0x83, 0x20, 0xa1, 0x60, 0x1e, 0x71, 0x21,
    0x1, 0x0, 0xf0, 0x80, 0x88, 0x4, 0x3, 0xc2,
    0x2, 0xa1, 0x60, 0x1e, 0x40, 0x21, 0x53, 0xa4,
    0x7, 0x4b, 0x27, 0x0, 0x59, 0xad, 0x91, 0xda,
    0x22, 0x0, 0x3, 0x98, 0xa1, 0x3a, 0xcb, 0x0,
    0xe3, 0x53, 0x75, 0x30, 0xf, 0xfe, 0x78,

    /* U+03C7 "χ" */
    0x6f, 0x90, 0xb, 0x7c, 0x99, 0x19, 0x2, 0xa,
    0x48, 0x28, 0x69, 0x1d, 0x18, 0x0, 0x34, 0x36,
    0x34, 0x1, 0x90, 0xc2, 0x44, 0x3, 0x29, 0x84,
    0x10, 0x4, 0x54, 0x58, 0x1c, 0x1, 0x70, 0x71,
    0xc1, 0xb8, 0x39, 0xb9, 0x83, 0x9c, 0x18,

    /* U+03C8 "ψ" */
    0xf, 0x80, 0x7, 0xc8, 0x3, 0xe4, 0x3, 0xff,
    0xc4, 0x20, 0x1c, 0x20, 0x20, 0x6c, 0x20, 0x1a,
    0x43, 0x42, 0x43, 0xe8, 0x13, 0x1c, 0xd4, 0x16,
    0xc9, 0x40, 0x88, 0xda, 0x1, 0x26, 0x78, 0x37,
    0x48, 0x80, 0x7f, 0xf5, 0x80,

    /* U+03C9 "ω" */
    0x0, 0x9, 0x0, 0x71, 0x80, 0x61, 0xcc, 0x8,
    0x4, 0xb9, 0x20, 0x15, 0x92, 0x8, 0x4, 0x84,
    0xc8, 0x2, 0xa5, 0x40, 0x18, 0x78, 0x3c, 0x14,
    0x14, 0x0, 0xfe, 0x20, 0x64, 0xa0, 0x21, 0xc0,
    0x1f, 0x8, 0x80, 0x43, 0x80, 0x1e, 0x6, 0x0,
    0x10, 0x2, 0x82, 0x80, 0xc, 0x1c, 0xc, 0x90,
    0x5, 0x4b, 0x29, 0xa, 0xeb, 0x43, 0xc0, 0x14,
    0xa6, 0x8f, 0x8a, 0xa0, 0x94, 0x0,

    /* U+03CA "ϊ" */
    0x4f, 0x41, 0xf8, 0x7, 0x57, 0x15, 0xd0, 0x3a,
    0x30, 0xa5, 0x0, 0xaf, 0xc0, 0x3f, 0xfc, 0x66,
    0x19, 0x8, 0x0, 0x85, 0x37, 0x30,

    /* U+03CB "ϋ" */
    0x0, 0x4f, 0x82, 0xfa, 0x0, 0x58, 0xa0, 0xca,
    0xc0, 0x12, 0xd0, 0x1d, 0x10, 0x3, 0xe8, 0x3,
    0x7d, 0x80, 0x7f, 0xf6, 0x98, 0x2, 0x10, 0x10,
    0x23, 0x30, 0x2, 0x43, 0x42, 0xc3, 0x2a, 0xdc,
    0x18, 0x1a, 0x49, 0x51, 0x18, 0x20,

    /* U+03CC "ό" */
    0x0, 0xed, 0x70, 0xf, 0x8c, 0x98, 0x3, 0xeb,
    0x61, 0x0, 0xfa, 0x24, 0x3, 0xcb, 0x9f, 0xeb,
    0x30, 0x9, 0xa8, 0x95, 0x49, 0x86, 0x0, 0x91,
    0xfa, 0xa5, 0x84, 0x2, 0x3, 0x8, 0x1, 0xd,
    0x0, 0x43, 0xc0, 0x33, 0x80, 0x88, 0x3c, 0x3,
    0x38, 0xa, 0x3, 0x8, 0x1, 0xd, 0x0, 0x12,
    0x3f, 0x57, 0x60, 0x90, 0x3, 0x51, 0x2a, 0x23,
    0x48, 0x0,

    /* U+03CD "ύ" */
    0x0, 0xc3, 0xe6, 0x1, 0xe9, 0x33, 0x0, 0x78,
    0xe4, 0x3, 0xeb, 0x50, 0xd, 0xf4, 0x1, 0xbe,
    0xc0, 0x3f, 0xfb, 0x4c, 0x1, 0x8, 0x8, 0x11,
    0x98, 0x1, 0x21, 0xa1, 0x61, 0x95, 0x6e, 0xc,
    0xd, 0x24, 0xa8, 0x8c, 0x10,

    /* U+03CE "ώ" */
    0x0, 0xf6, 0x48, 0x7, 0xf8, 0x8e, 0xc0, 0x3f,
    0xca, 0xa2, 0x0, 0xff, 0x3d, 0x0, 0x7e, 0x9b,
    0x0, 0xc5, 0xca, 0x1, 0x3b, 0x30, 0x40, 0x26,
    0x1a, 0x20, 0x4, 0xe, 0x8, 0x4, 0x94, 0x16,
    0x6, 0xe, 0x20, 0xb6, 0x20, 0xa2, 0xe0, 0xc1,
    0xc0, 0x2, 0x40, 0x8, 0x84, 0x4, 0x3c, 0x3,
    0x18, 0x0, 0x40, 0xa, 0xa, 0x0, 0xd0, 0x70,
    0x32, 0x30, 0x15, 0x2c, 0xa5, 0x1b, 0xad, 0x8,
    0x0, 0x52, 0x9a, 0x3f, 0xaa, 0x82, 0x50, 0x0,

    /* U+0400 "Ѐ" */
    0x0, 0x44, 0x0, 0x3d, 0x8e, 0x20, 0x1c, 0x84,
    0xc0, 0x1e, 0xd7, 0x0, 0xbb, 0xff, 0xce, 0x2,
    0xcd, 0xc6, 0x5, 0x33, 0xc8, 0x1, 0xff, 0xc5,
    0x3f, 0xfd, 0x0, 0x1, 0x66, 0xda, 0x0, 0x29,
    0x9c, 0xa0, 0x1f, 0xfc, 0x62, 0x99, 0xe4, 0x1,
    0x66, 0xe3,

    /* U+0401 "Ё" */
    0x6, 0x80, 0x49, 0x10, 0x6, 0xb0, 0x1b, 0x18,
    0x2, 0xf8, 0x1f, 0xc8, 0x3b, 0xff, 0xce, 0x2,
    0xcd, 0xc6, 0x5, 0x33, 0xc8, 0x1, 0xff, 0xc5,
    0x3f, 0xfd, 0x0, 0x1, 0x66, 0xda, 0x0, 0x29,
    0x9c, 0xa0, 0x1f, 0xfc, 0x62, 0x99, 0xe4, 0x1,
    0x66, 0xe3,

    /* U+0402 "Ђ" */
    0xff, 0xe4, 0x0, 0xe7, 0x12, 0x77, 0x30, 0x7,
    0x41, 0x34, 0x40, 0x80, 0x3f, 0x36, 0xff, 0xb1,
    0x0, 0x32, 0x48, 0x2a, 0x1d, 0x98, 0x6, 0x7d,
    0xab, 0xb0, 0x40, 0x6, 0x80, 0x9, 0xd, 0x0,
    0x21, 0x0, 0xe7, 0x0, 0xff, 0x30, 0x80, 0x7e,
    0x52, 0x50, 0xf, 0x16, 0x50, 0x40, 0x7, 0x84,
    0xd3, 0xc, 0x0,

    /* U+0403 "Ѓ" */
    0x0, 0xa9, 0xc0, 0x38, 0x95, 0x40, 0x1d, 0x46,
    0x40, 0x1d, 0x18, 0x1, 0xbb, 0xff, 0xce, 0x2,
    0xcd, 0xc6, 0x5, 0x33, 0xc8, 0x1, 0xff, 0xfc,

    /* U+0404 "Є" */
    0x0, 0x9f, 0x7f, 0xd8, 0xe0, 0x1d, 0x90, 0x6a,
    0xa2, 0x8c, 0x0, 0xa4, 0xdb, 0xaa, 0x9c, 0xc7,
    0x0, 0x6, 0x29, 0x0, 0xd2, 0x4a, 0x8, 0x14,
    0x1, 0xed, 0xd0, 0x10, 0x47, 0xfd, 0x0, 0x1f,
    0x1b, 0x35, 0xa0, 0x1c, 0x40, 0xb3, 0x32, 0x80,
    0x4, 0x0, 0x80, 0xe0, 0x1e, 0xfc, 0x0, 0x38,
    0xd0, 0x6, 0xb1, 0xb0, 0x4, 0x22, 0xf5, 0x53,
    0x91, 0xe, 0x1, 0x5c, 0x1a, 0xa8, 0xa6, 0xc0,
    0x0,

    /* U+0405 "Ѕ" */
    0x0, 0x26, 0x7f, 0xb5, 0xc0, 0x26, 0xb3, 0x55,
    0x1c, 0x58, 0x2, 0xc3, 0x6a, 0x9c, 0x88, 0x50,
    0x22, 0x80, 0x29, 0x61, 0x4, 0x2a, 0x40, 0x1,
    0x4a, 0x5, 0x22, 0xdf, 0xda, 0x80, 0x43, 0x7b,
    0x6, 0x95, 0xa2, 0x1, 0x13, 0xe7, 0x31, 0x49,
    0xdb, 0x0, 0x43, 0x0, 0x64, 0x90, 0x60, 0x13,
    0x81, 0x8c, 0x8e, 0x5d, 0x64, 0x8c, 0x83, 0x5a,
    0x21, 0x45, 0xbc, 0x40,

    /* U+0406 "І" */
    0xbf, 0x0, 0xff, 0xe5, 0x0,

    /* U+0407 "Ї" */
    0x29, 0x20, 0x95, 0x66, 0x85, 0xb5, 0x3d, 0x7,
    0xe0, 0x1, 0x7e, 0x1, 0xff, 0xf8,

    /* U+0408 "Ј" */
    0x0, 0xc5, 0xf0, 0x1, 0xff, 0xec, 0x9b, 0x0,
    0x38, 0x78, 0xa6, 0xd5, 0x1, 0x61, 0xcd, 0x4e,
    0xc8,

    /* U+0409 "Љ" */
    0x0, 0x37, 0xff, 0xc8, 0x1, 0xf8, 0x41, 0x59,
    0xa2, 0x0, 0xff, 0x78, 0x5c, 0xcc, 0xa0, 0x1f,
    0xe1, 0x1, 0x0, 0xff, 0xe1, 0x10, 0x7, 0xdf,
    0x33, 0x30, 0x6, 0x72, 0x0, 0xf2, 0x33, 0x53,
    0xa2, 0x0, 0x21, 0x0, 0xf5, 0xff, 0xd0, 0x50,
    0x0, 0x15, 0x0, 0xff, 0x38, 0xa0, 0x18, 0x70,
    0x7, 0xfc, 0x66, 0x4, 0x3, 0x0, 0xff, 0x11,
    0x15, 0xa4, 0x10, 0x3, 0xdd, 0x33, 0x60, 0x7d,
    0x8c, 0x80, 0x7c, 0xac, 0xd1, 0xd2, 0x67, 0x30,
    0x7, 0x47, 0xff, 0x6a, 0x80,

    /* U+040A "Њ" */
    0xec, 0x0, 0xea, 0xf0, 0xf, 0xff, 0x61, 0x4c,
    0xf2, 0x4, 0xce, 0x50, 0x8, 0x59, 0xb8, 0x41,
    0x9b, 0x56, 0x0, 0xf, 0xff, 0x94, 0x3f, 0xf3,
    0x1b, 0x80, 0x7f, 0xf0, 0x64, 0x30, 0x3, 0xff,
    0x86, 0xe0, 0x1f, 0xfc, 0x14, 0x5, 0x0, 0xfe,
    0x99, 0xaa, 0xc2, 0xc0, 0x3f, 0x99, 0xa5, 0x3b,
    0x20,

    /* U+040B "Ћ" */
    0xff, 0xe4, 0x0, 0xce, 0x2, 0xee, 0x60, 0xd,
    0x2, 0x71, 0x2, 0x0, 0xff, 0xe2, 0xa4, 0x4c,
    0x18, 0x6, 0x2b, 0x76, 0x7c, 0x80, 0xd, 0x5f,
    0xeb, 0x17, 0x20, 0x1, 0x28, 0x1, 0x20, 0x10,
    0x3, 0xe5, 0xe, 0x0, 0xf8, 0x40, 0x3f, 0xf9,
    0x40,

    /* U+040C "Ќ" */
    0x0, 0xcf, 0x40, 0x1f, 0xa7, 0x0, 0x3e, 0x41,
    0x60, 0xf, 0x93, 0xc0, 0x3b, 0xb0, 0x3, 0x67,
    0xa0, 0x7, 0xa8, 0xe5, 0x0, 0x3a, 0x15, 0xd8,
    0x3, 0x99, 0xd6, 0x0, 0x39, 0x24, 0xe8, 0x3,
    0x8a, 0xcb, 0x40, 0x3e, 0x12, 0x20, 0x7, 0x8b,
    0x7, 0x48, 0x3, 0xc5, 0xa3, 0xe2, 0x1, 0xe3,
    0xa2, 0xd0, 0xf, 0x96, 0x4e, 0xc0, 0x3e, 0x67,
    0x4a, 0x0,

    /* U+040D "Ѝ" */
    0x0, 0xa9, 0x80, 0x3f, 0x64, 0x0, 0x7e, 0x71,
    0x40, 0xf, 0x87, 0xd0, 0x3, 0x76, 0x80, 0x76,
    0xf9, 0x80, 0x79, 0xc8, 0x3, 0xe2, 0x80, 0xf,
    0xd2, 0x8, 0x1, 0xe6, 0x46, 0x30, 0xe, 0x18,
    0x19, 0x0, 0xf5, 0x8d, 0x80, 0x79, 0x15, 0x60,
    0xf, 0x50, 0x58, 0x7, 0x88, 0x64, 0x40, 0x3e,
    0x36, 0x0, 0xfd, 0xc0, 0x1f, 0x0,

    /* U+040E "Ў" */
    0x0, 0xff, 0xe0, 0xf, 0xb9, 0xfb, 0x0, 0x61,
    0x78, 0xc3, 0x60, 0xe, 0x8d, 0xcc, 0x0, 0x51,
    0xe8, 0x4, 0x60, 0x3f, 0x72, 0x1e, 0x1, 0x98,
    0x3c, 0x55, 0x8, 0x2, 0x92, 0x40, 0x90, 0xb0,
    0x2, 0x8d, 0x80, 0xc, 0xcc, 0x21, 0x22, 0xc0,
    0x14, 0x3, 0x19, 0xa4, 0x3, 0x21, 0x54, 0x83,
    0x0, 0x75, 0x92, 0xb0, 0x80, 0x73, 0x8, 0x58,
    0x7, 0x84, 0x48, 0x40, 0x1e, 0x90, 0xf0, 0xf,
    0x98, 0xd0, 0x3, 0x0,

    /* U+040F "Џ" */
    0xec, 0x0, 0xf5, 0xf8, 0x7, 0xff, 0xfc, 0x3,
    0xff, 0x88, 0x53, 0x3e, 0x50, 0x0, 0xb3, 0x78,
    0x43, 0xbf, 0xe3, 0x1f, 0xfc, 0x1, 0xfe,

    /* U+0410 "А" */
    0x0, 0x87, 0xfd, 0x20, 0x1f, 0x38, 0x1, 0xc0,
    0x3e, 0xd0, 0x61, 0x30, 0xf, 0x22, 0x28, 0x2c,
    0x3, 0x94, 0x34, 0xc5, 0x40, 0x3b, 0xc1, 0xc1,
    0xc8, 0x80, 0x19, 0x4c, 0x43, 0x41, 0x40, 0x24,
    0xb, 0x0, 0x20, 0xd8, 0x5, 0xa1, 0x1f, 0xf0,
    0x98, 0x80, 0x1c, 0x59, 0xb2, 0x83, 0x81, 0x8b,
    0x4c, 0xea, 0xd, 0xb, 0xb, 0x0, 0xe5, 0x41,

    /* U+0411 "Б" */
    0xef, 0xff, 0x50, 0x0, 0x59, 0xbb, 0x0, 0x5,
    0x33, 0xcc, 0x1, 0xff, 0xc8, 0x3f, 0xfd, 0x64,
    0x0, 0x16, 0x69, 0x53, 0x4, 0xa, 0x66, 0xa9,
    0x17, 0x0, 0xf2, 0x7, 0x0, 0x79, 0x3, 0x80,
    0xa6, 0x6a, 0x91, 0x70, 0x16, 0x69, 0x4f, 0x44,

    /* U+0412 "В" */
    0xef, 0xfd, 0xd0, 0x1, 0xb, 0x34, 0x6e, 0xe0,
    0x1, 0xcc, 0xda, 0x32, 0x1, 0xf1, 0x8, 0x7,
    0x90, 0xd0, 0x0, 0x5f, 0xf5, 0x84, 0x80, 0x5,
    0x9a, 0x40, 0x90, 0x1, 0xcc, 0xd7, 0x8, 0xa0,
    0x1e, 0x40, 0xd0, 0xf, 0x20, 0x70, 0x1c, 0xcd,
    0x70, 0x2e, 0x2, 0xcd, 0x22, 0x34, 0x40,

    /* U+0413 "Г" */
    0xef, 0xff, 0x38, 0xb, 0x37, 0x18, 0x14, 0xcf,
    0x20, 0x7, 0xff, 0xf0,

    /* U+0414 "Д" */
    0x0, 0xbf, 0xfe, 0x70, 0xe, 0x26, 0x69, 0x0,
    0x3e, 0x49, 0x9a, 0x0, 0x38, 0x40, 0x40, 0x3f,
    0x8c, 0x3c, 0x3, 0xf9, 0x80, 0x40, 0x3f, 0x84,
    0xc, 0x3, 0xf8, 0x81, 0x80, 0x3f, 0xb4, 0x8,
    0x3, 0xf0, 0xa9, 0x8, 0x7, 0xc9, 0xe0, 0x33,
    0x3c, 0x16, 0x66, 0x10, 0x36, 0x6c, 0xa0, 0x6c,
    0x0, 0xcf, 0xff, 0x50, 0x7, 0xff, 0x4, 0x40,

    /* U+0415 "Е" */
    0xef, 0xff, 0x38, 0xb, 0x37, 0x18, 0x14, 0xcf,
    0x20, 0x7, 0xff, 0x14, 0xff, 0xf4, 0x0, 0x5,
    0x9b, 0x68, 0x0, 0xa6, 0x72, 0x80, 0x7f, 0xf1,
    0x8a, 0x67, 0x90, 0x5, 0x9b, 0x8c,

    /* U+0416 "Ж" */
    0x2f, 0xd0, 0xa, 0x7c, 0x40, 0xd, 0xf4, 0x5,
    0x25, 0x20, 0x1e, 0x29, 0x2a, 0x0, 0x32, 0xb2,
    0x80, 0x77, 0x7, 0x0, 0x6b, 0x1b, 0x10, 0xa,
    0xe, 0xc, 0x3, 0xe, 0x8d, 0x0, 0x11, 0xd1,
    0xc0, 0x3c, 0x6e, 0x8e, 0x16, 0x14, 0x1, 0xf8,
    0xc0, 0xc0, 0xc1, 0x40, 0x3e, 0x74, 0x64, 0xe,
    0xa, 0x10, 0xe, 0x38, 0x29, 0x0, 0x15, 0xd,
    0x0, 0x61, 0xd0, 0xf0, 0xc, 0xac, 0x8e, 0x1,
    0x50, 0xd1, 0x0, 0x74, 0x94, 0x18, 0x3a, 0x2a,
    0x80, 0x3e, 0xf0, 0xd1,

    /* U+0417 "З" */
    0x0, 0x1d, 0xff, 0xb5, 0x80, 0x25, 0xc4, 0x55,
    0x1c, 0xc0, 0x1, 0xcf, 0xaa, 0x9e, 0x2e, 0x0,
    0x2c, 0x10, 0x0, 0xa8, 0x7, 0xe5, 0x42, 0x0,
    0xc3, 0xfe, 0xa0, 0xe0, 0xc, 0x2a, 0x84, 0x1e,
    0x1, 0xd5, 0x7a, 0xe6, 0xc0, 0x42, 0x1, 0xb0,
    0x38, 0xf6, 0x80, 0x37, 0x6, 0x9a, 0xa7, 0x55,
    0x35, 0x51, 0x42, 0xa4, 0x95, 0x41, 0x16, 0x0,

    /* U+0418 "И" */
    0xed, 0x0, 0xed, 0xf3, 0x0, 0xf3, 0x90, 0x7,
    0xc5, 0x0, 0x1f, 0xa4, 0x10, 0x3, 0xcc, 0x8c,
    0x60, 0x1c, 0x30, 0x32, 0x1, 0xeb, 0x1b, 0x0,
    0xf2, 0x2a, 0xc0, 0x1e, 0xa0, 0xb0, 0xf, 0x10,
    0xc8, 0x80, 0x7c, 0x6c, 0x1, 0xfb, 0x80, 0x3e,

    /* U+0419 "Й" */
    0x0, 0x46, 0x94, 0xf0, 0x7, 0x48, 0x6b, 0x58,
    0x7, 0xe, 0xe7, 0x28, 0x5, 0xda, 0x0, 0x31,
    0xd, 0xf3, 0x0, 0xf3, 0x90, 0x7, 0xc5, 0x0,
    0x1f, 0xa4, 0x10, 0x3, 0xcc, 0x8c, 0x60, 0x1c,
    0x30, 0x32, 0x1, 0xeb, 0x1b, 0x0, 0xf2, 0x2a,
    0xc0, 0x1e, 0xa0, 0xb0, 0xf, 0x10, 0xc8, 0x80,
    0x7c, 0x6c, 0x1, 0xfb, 0x80, 0x3e,

    /* U+041A "К" */
    0xec, 0x0, 0xd9, 0xe8, 0x1, 0xea, 0x39, 0x40,
    0xe, 0x85, 0x76, 0x0, 0xe6, 0x75, 0x80, 0xe,
    0x49, 0x3a, 0x0, 0xe2, 0xb2, 0xd0, 0xf, 0x84,
    0x88, 0x1, 0xe2, 0xc1, 0xd2, 0x0, 0xf1, 0x68,
    0xf8, 0x80, 0x78, 0xe8, 0xb4, 0x3, 0xe5, 0x93,
    0xb0, 0xf, 0x99, 0xd2, 0x80,

    /* U+041B "Л" */
    0x0, 0x27, 0xff, 0xca, 0x0, 0x10, 0x46, 0x68,
    0xc0, 0x31, 0x87, 0xcc, 0xe0, 0xc, 0x20, 0xe0,
    0x1f, 0xbc, 0x8, 0x3, 0xf1, 0x0, 0x80, 0x7e,
    0x61, 0x0, 0xfe, 0x22, 0x0, 0x7f, 0xb, 0x0,
    0x7e, 0x40, 0xd0, 0xf, 0x96, 0x41, 0x40, 0x3e,
    0xe2, 0x62, 0x0, 0xfa, 0xfa, 0x40, 0x39, 0x7d,
    0x40,

    /* U+041C "М" */
    0xed, 0x0, 0xf9, 0x3d, 0xc0, 0x94, 0x3, 0xde,
    0x1, 0xa4, 0x3, 0x8d, 0x0, 0x31, 0xa0, 0x6,
    0x90, 0xc, 0x83, 0xe0, 0x11, 0x2a, 0x80, 0x33,
    0x21, 0x0, 0x2c, 0x24, 0x3, 0x48, 0x40, 0xb,
    0x29, 0x0, 0x61, 0x65, 0x16, 0x9, 0x0, 0xf5,
    0x84, 0x49, 0x98, 0x3, 0xc4, 0x8c, 0x32, 0x1,
    0xfb, 0xc0, 0x94, 0x3, 0xf2, 0x1d, 0x80, 0x70,

    /* U+041D "Н" */
    0xec, 0x0, 0xe7, 0xf3, 0x0, 0xff, 0xee, 0x94,
    0xcf, 0x58, 0x4, 0x2c, 0xdc, 0x60, 0x11, 0xff,
    0xf4, 0x0, 0x7f, 0xf7, 0x80,

    /* U+041E "О" */
    0x0, 0x9f, 0x7f, 0xd8, 0xc0, 0x18, 0x76, 0x1,
    0x54, 0x53, 0x60, 0x15, 0x93, 0xed, 0x53, 0x95,
    0x20, 0x5, 0x4e, 0x0, 0x35, 0xb, 0x83, 0x85,
    0x0, 0x79, 0xc0, 0xc4, 0x8, 0x3, 0xde, 0xc,
    0x1, 0xff, 0xc0, 0x10, 0x20, 0xf, 0x78, 0x33,
    0x85, 0x0, 0x79, 0xc0, 0xc5, 0x4e, 0x0, 0x35,
    0xb, 0x80, 0x2c, 0x9f, 0x6a, 0x9c, 0xa9, 0x0,
    0x1, 0xd8, 0x5, 0x51, 0x4d, 0x80, 0x0,

    /* U+041F "П" */
    0xef, 0xff, 0xc8, 0x2, 0xcd, 0xc6, 0x1, 0x14,
    0xcf, 0x50, 0x7, 0xff, 0xfc, 0x3, 0xff, 0x8a,

    /* U+0420 "Р" */
    0xef, 0xfe, 0xb2, 0x0, 0xb, 0x34, 0x88, 0xc0,
    0x1, 0x4c, 0xd6, 0xe2, 0xa0, 0x1e, 0xb0, 0xd0,
    0xf, 0x38, 0x78, 0x7, 0x14, 0x2, 0x1, 0xff,
    0xda, 0x6a, 0x60, 0x2c, 0xda, 0xa8, 0x0, 0x29,
    0x9c, 0xa0, 0x1f, 0xfd, 0x10,

    /* U+0421 "С" */
    0x0, 0x9f, 0x7f, 0xd8, 0xc0, 0x18, 0x76, 0x1,
    0x54, 0x53, 0x60, 0x15, 0x93, 0xed, 0x53, 0x95,
    0x20, 0x5, 0x4e, 0x0, 0x35, 0xa, 0x3, 0x85,
    0x0, 0x7b, 0xb0, 0x4, 0x8, 0x3, 0xff, 0x92,
    0x20, 0x40, 0x1e, 0x10, 0x3, 0x85, 0x0, 0x7b,
    0xf0, 0x5, 0x4e, 0x0, 0x35, 0xa, 0x0, 0x2c,
    0x9f, 0x6a, 0x9c, 0xa9, 0x0, 0x1, 0xd8, 0x5,
    0x51, 0x4d, 0x80, 0x0,

    /* U+0422 "Т" */
    0xdf, 0xff, 0xd0, 0xac, 0xd0, 0x13, 0x35, 0x91,
    0x33, 0x3, 0xcc, 0xc8, 0x1, 0xff, 0xff, 0x0,
    0xff, 0xe1, 0x80,

    /* U+0423 "У" */
    0x8f, 0x40, 0xc, 0x3f, 0x72, 0x1e, 0x1, 0x98,
    0x3c, 0x55, 0x8, 0x2, 0x92, 0x40, 0x90, 0xb0,
    0x2, 0x8d, 0x80, 0xc, 0xcc, 0x21, 0x22, 0xc0,
    0x14, 0x3, 0x19, 0xa4, 0x3, 0x21, 0x54, 0x83,
    0x0, 0x75, 0x92, 0xb0, 0x80, 0x73, 0x8, 0x58,
    0x7, 0x84, 0x48, 0x40, 0x1e, 0x90, 0xf0, 0xf,
    0x98, 0xd0, 0x3, 0x0,

    /* U+0424 "Ф" */
    0x0, 0xc3, 0xf6, 0x20, 0x1e, 0x9f, 0xe0, 0x4e,
    0xe2, 0x80, 0x54, 0xc7, 0x0, 0x4e, 0x14, 0xa0,
    0x4a, 0x98, 0xe0, 0xf1, 0x81, 0x0, 0x81, 0xc0,
    0x1c, 0x4a, 0x43, 0xc0, 0xc0, 0x1e, 0x20, 0x3f,
    0x7, 0x0, 0xf0, 0x80, 0xc, 0x34, 0x3, 0xce,
    0x24, 0x84, 0xd0, 0x80, 0xc9, 0x82, 0xc0, 0xf,
    0x27, 0xb0, 0x3b, 0x35, 0x80, 0x1, 0x6d, 0xd0,
    0x1d, 0x6d, 0x0, 0x72, 0x28, 0x32, 0x90, 0x4,

    /* U+0425 "Х" */
    0x6f, 0xa0, 0xc, 0xdf, 0x40, 0xc6, 0xa8, 0x0,
    0x19, 0x1b, 0x0, 0x70, 0x48, 0x2, 0xc2, 0xc4,
    0x0, 0x50, 0x50, 0x8a, 0x8a, 0x1, 0x9c, 0xde,
    0x82, 0x80, 0x3d, 0xe0, 0x32, 0x20, 0x1e, 0x70,
    0x7, 0x0, 0x7d, 0x40, 0x4e, 0x40, 0x1d, 0x23,
    0x3c, 0x1c, 0x1, 0x8d, 0x8d, 0x8d, 0x8d, 0xc0,
    0x2e, 0xf, 0x0, 0x48, 0xc1, 0x4, 0x13, 0x98,
    0x5, 0x41, 0x20,

    /* U+0426 "Ц" */
    0xec, 0x0, 0xe4, 0xf6, 0x0, 0xff, 0xff, 0x80,
    0x7f, 0xf3, 0x8a, 0x23, 0xb8, 0x35, 0x40, 0x5d,
    0xf9, 0x41, 0x3f, 0xbf, 0xff, 0x0, 0x7f, 0xc9,
    0xa0,

    /* U+0427 "Ч" */
    0xed, 0x0, 0xc5, 0xf0, 0x1, 0xff, 0xc6, 0x30,
    0xf, 0xc2, 0x40, 0x1f, 0x28, 0x30, 0x4, 0xc0,
    0xb, 0x9, 0xca, 0xcb, 0x0, 0x16, 0x19, 0x94,
    0x54, 0x2, 0x3c, 0xff, 0x6c, 0x0, 0x7f, 0xf4,
    0x40,

    /* U+0428 "Ш" */
    0xec, 0x0, 0x9b, 0xd0, 0x2, 0xdd, 0x0, 0x7f,
    0xff, 0xc0, 0x3f, 0xfb, 0xe5, 0x33, 0x68, 0x7c,
    0xcc, 0x40, 0x1, 0x66, 0x90, 0x11, 0x9a, 0x0,
    0x0,

    /* U+0429 "Щ" */
    0xec, 0x0, 0x9b, 0xd0, 0x2, 0xdd, 0x0, 0x7f,
    0xff, 0xc0, 0x3f, 0xfe, 0x65, 0x11, 0x68, 0x74,
    0x44, 0x66, 0x80, 0x0, 0xbb, 0xc8, 0xa, 0xef,
    0x8, 0x9c, 0x7b, 0xff, 0xfe, 0x60, 0xf, 0xfe,
    0x16, 0xb8, 0x80,

    /* U+042A "Ъ" */
    0x1f, 0xf8, 0x80, 0x3c, 0x32, 0x80, 0x1f, 0xcc,
    0x60, 0x1f, 0xfc, 0xb8, 0x99, 0x9c, 0x40, 0x39,
    0x59, 0xa8, 0xf1, 0x0, 0xdb, 0xff, 0x40, 0xc0,
    0x7, 0xe7, 0x14, 0x0, 0xfe, 0x33, 0x0, 0x7e,
    0x22, 0x28, 0x6, 0x89, 0x9b, 0x3, 0x80, 0x32,
    0xb3, 0x47, 0x4a,

    /* U+042B "Ы" */
    0xec, 0x0, 0xf9, 0x7d, 0x40, 0x3f, 0xfb, 0x25,
    0x33, 0x90, 0x3, 0xc2, 0xcd, 0xae, 0x40, 0x38,
    0xff, 0xee, 0x36, 0x30, 0xf, 0xc3, 0x0, 0x80,
    0x1f, 0xce, 0x1e, 0x1, 0xfd, 0x61, 0xa0, 0x18,
    0xa6, 0x6b, 0x71, 0x50, 0xc, 0x2c, 0xd2, 0x23,
    0x0, 0x30,

    /* U+042C "Ь" */
    0xec, 0x0, 0xff, 0xeb, 0x94, 0xce, 0x40, 0x8,
    0x59, 0xb5, 0xc8, 0x0, 0xff, 0xee, 0x36, 0x30,
    0xe, 0x18, 0x4, 0x0, 0xf3, 0x87, 0x80, 0x7a,
    0xc3, 0x40, 0xa6, 0x6b, 0x71, 0x50, 0x16, 0x69,
    0x11, 0x80,

    /* U+042D "Э" */
    0x0, 0x15, 0x77, 0xf5, 0x18, 0x4, 0x9a, 0xab,
    0xd8, 0xa0, 0x36, 0x39, 0x75, 0x7a, 0x34, 0x28,
    0x10, 0x60, 0x11, 0x50, 0x4a, 0xfb, 0x0, 0x72,
    0x2, 0x0, 0x77, 0xfe, 0x2, 0x0, 0xe6, 0x6c,
    0x1, 0xf4, 0xce, 0x2, 0x4f, 0x80, 0xe, 0x60,
    0x44, 0xb, 0xa0, 0x4, 0x70, 0x12, 0x1a, 0x17,
    0x95, 0x98, 0x1a, 0x10, 0x3d, 0x52, 0x52, 0x5c,
    0x50,

    /* U+042E "Ю" */
    0xec, 0x0, 0xcf, 0xbf, 0xd4, 0x40, 0x1f, 0x54,
    0x34, 0xb2, 0xe1, 0x0, 0x72, 0x2a, 0xad, 0xa3,
    0x7, 0x80, 0x3b, 0xc2, 0x0, 0x23, 0x53, 0x20,
    0xc, 0xa2, 0x40, 0x1b, 0x1, 0x0, 0xee, 0xc2,
    0x40, 0x1c, 0x40, 0x20, 0x4, 0x40, 0x7, 0xfc,
    0x7f, 0xe1, 0x10, 0x7, 0x10, 0x8, 0x6, 0x52,
    0x20, 0x6, 0xc0, 0x40, 0xd, 0xe1, 0x0, 0x11,
    0xa9, 0x90, 0x6, 0x46, 0x5b, 0x68, 0xd0, 0xe0,
    0xf, 0x4c, 0x9a, 0x59, 0x34, 0x80,

    /* U+042F "Я" */
    0x0, 0x3f, 0x7f, 0xf2, 0x3, 0xc0, 0x33, 0x46,
    0x1, 0x48, 0xfc, 0xcd, 0x40, 0x1, 0x13, 0x88,
    0x7, 0xff, 0x10, 0x44, 0xe2, 0x1, 0xf4, 0x8f,
    0xd4, 0xca, 0x80, 0x27, 0x70, 0xab, 0x30, 0xc0,
    0x30, 0x85, 0xff, 0xa4, 0x2, 0x26, 0x34, 0x0,
    0xf5, 0x84, 0x0, 0x78, 0x98, 0xd0, 0x3, 0xc0,

    /* U+0430 "а" */
    0x0, 0x47, 0x7f, 0x48, 0x80, 0x25, 0xc9, 0x95,
    0xa8, 0x2, 0x5c, 0x9b, 0x44, 0x8, 0x4d, 0x23,
    0xcb, 0x1, 0x83, 0x7d, 0xca, 0x80, 0x45, 0x27,
    0xbd, 0x88, 0x0, 0x70, 0x92, 0x1, 0x70, 0x3,
    0x84, 0x3b, 0xb0, 0x2, 0x2a, 0x8, 0x95, 0xb0,
    0x0,

    /* U+0431 "б" */
    0x0, 0xf0, 0x98, 0x6, 0x6b, 0xee, 0x60, 0x5,
    0x92, 0xee, 0x8a, 0x0, 0x49, 0xde, 0x4b, 0xa8,
    0x1, 0x98, 0xf1, 0x2a, 0x0, 0x20, 0x5c, 0x76,
    0xab, 0x6, 0x3, 0xaf, 0xd4, 0x43, 0x8, 0x2a,
    0x80, 0xa8, 0x34, 0x1, 0xa0, 0x10, 0x89, 0x98,
    0x1e, 0x1, 0x84, 0x46, 0x2c, 0x20, 0x6, 0x4,
    0x8, 0x1f, 0xab, 0x92, 0x90, 0x6a, 0x35, 0x53,
    0x60, 0x80,

    /* U+0432 "в" */
    0xef, 0xfd, 0x64, 0x0, 0x19, 0x93, 0xa4, 0x80,
    0xd, 0x99, 0x4, 0xa0, 0x10, 0x89, 0x9, 0x40,
    0x5, 0xdc, 0xb0, 0xf0, 0x1, 0x5d, 0xc7, 0x64,
    0x0, 0x44, 0xa8, 0x1c, 0xd, 0x54, 0xd6, 0xe,
    0x3, 0x54, 0x93, 0x92,

    /* U+0433 "г" */
    0xef, 0xfe, 0x30, 0x16, 0x6c, 0x20, 0x53, 0x38,
    0x80, 0x3f, 0xfb, 0xc0,

    /* U+0434 "д" */
    0x0, 0x4f, 0xff, 0x48, 0x4, 0x63, 0x54, 0x90,
    0xe, 0x13, 0x55, 0x38, 0x7, 0x38, 0x80, 0x7e,
    0x27, 0x0, 0xfc, 0x24, 0x1, 0xf2, 0x7, 0x80,
    0x78, 0xe0, 0x0, 0xaa, 0x70, 0x52, 0xb3, 0x9,
    0xaa, 0x48, 0x1a, 0x80, 0x3b, 0xff, 0x68, 0x3,
    0xc0, 0x3c, 0x60, 0x0,

    /* U+0435 "е" */
    0x0, 0x2e, 0x7f, 0xa8, 0x80, 0xd, 0x42, 0xec,
    0xb8, 0x21, 0x23, 0xb1, 0x36, 0x32, 0x80, 0xe2,
    0x32, 0x8a, 0x8, 0x37, 0x76, 0x12, 0x10, 0x5b,
    0xbe, 0xd4, 0x4, 0x54, 0x43, 0x73, 0x84, 0x8f,
    0xd5, 0x35, 0x5c, 0x1a, 0xc9, 0x54, 0x98, 0x60,

    /* U+0436 "ж" */
    0x5f, 0x80, 0x6, 0xd8, 0x2, 0xbc, 0xd5, 0x9c,
    0xc0, 0x32, 0xa9, 0xcc, 0x24, 0xb8, 0x2, 0x1b,
    0x38, 0x0, 0xb8, 0xa4, 0x1, 0x43, 0xc0, 0x18,
    0xd1, 0x8d, 0x51, 0x88, 0x3, 0x22, 0x18, 0xd5,
    0x4c, 0x40, 0x10, 0xd1, 0x48, 0x2, 0xc7, 0xc0,
    0x2a, 0x1e, 0x0, 0x86, 0x8a, 0x81, 0xd2, 0xc,
    0x3, 0x23, 0xaa, 0x80,

    /* U+0437 "з" */
    0x2, 0xae, 0xfc, 0x40, 0x6, 0x2a, 0x29, 0xd8,
    0x85, 0x6d, 0x52, 0x1, 0x1, 0x8, 0x4b, 0x1,
    0x80, 0x2e, 0xd4, 0x23, 0x0, 0xae, 0xcc, 0x4c,
    0x32, 0x48, 0x8a, 0xf, 0x56, 0xdb, 0xad, 0xc,
    0x4c, 0x44, 0x29, 0xd2, 0x80,

    /* U+0438 "и" */
    0xeb, 0x0, 0x93, 0xd8, 0x3, 0xd, 0x0, 0x7a,
    0x84, 0x3, 0x99, 0x20, 0x3, 0x14, 0xb2, 0x0,
    0x6e, 0x29, 0x0, 0xc8, 0x7c, 0x1, 0xe7, 0x30,
    0xe, 0x38, 0x0, 0xe0,

    /* U+0439 "й" */
    0x4, 0xf4, 0x5f, 0x30, 0x2, 0x2d, 0xd2, 0x98,
    0x5, 0x59, 0xb4, 0x0, 0xeb, 0x3, 0x24, 0xf6,
    0x0, 0xc3, 0x40, 0x1e, 0xa1, 0x0, 0xe6, 0x48,
    0x0, 0xc5, 0x2c, 0x80, 0x1b, 0x8a, 0x40, 0x32,
    0x1f, 0x0, 0x79, 0xcc, 0x3, 0x8e, 0x0, 0x38,

    /* U+043A "к" */
    0xed, 0x0, 0x1f, 0xe8, 0x80, 0x43, 0xa1, 0xe2,
    0x1, 0x50, 0xd1, 0x0, 0x50, 0x8e, 0xa0, 0x11,
    0xb8, 0xc0, 0x6, 0x38, 0x1a, 0x0, 0xe7, 0x55,
    0x40, 0x7, 0x51, 0xbb, 0x0, 0x76, 0x8c, 0xa0,

    /* U+043B "л" */
    0x0, 0x6f, 0xff, 0x30, 0x0, 0xc5, 0x98, 0x80,
    0x18, 0x52, 0x65, 0xe0, 0x1c, 0x40, 0x1e, 0x20,
    0xf0, 0xf, 0x30, 0x10, 0x7, 0x88, 0x18, 0x3,
    0x96, 0xc0, 0xc0, 0x3b, 0x89, 0xc0, 0x3d, 0x7d,
    0x0, 0x12, 0x7b, 0x0,

    /* U+043C "м" */
    0xec, 0x0, 0xe5, 0xf4, 0x3, 0x30, 0x6, 0x80,
    0xd, 0x0, 0x12, 0x90, 0x6, 0x43, 0x0, 0x48,
    0x6, 0x42, 0x80, 0x43, 0x70, 0xd, 0x8, 0x50,
    0x7a, 0x1, 0x94, 0xbc, 0xe0, 0x3, 0xd6, 0x46,
    0x80, 0x1e, 0x61, 0x90, 0xc,

    /* U+043D "н" */
    0xec, 0x0, 0xdf, 0x40, 0x1f, 0xfc, 0xd3, 0xff,
    0xc0, 0x10, 0xb3, 0x60, 0x8, 0xa6, 0x70, 0x7,
    0xff, 0x18,

    /* U+043E "о" */
    0x0, 0x2e, 0x7f, 0xac, 0xc0, 0x26, 0xa2, 0x55,
    0x26, 0x18, 0x2, 0x47, 0xea, 0x96, 0x10, 0x8,
    0xc, 0x20, 0x4, 0x34, 0x1, 0xf, 0x0, 0xce,
    0x2, 0x20, 0xf0, 0xc, 0xe0, 0x28, 0xc, 0x20,
    0x4, 0x34, 0x0, 0x48, 0xfd, 0x5d, 0x82, 0x40,
    0xd, 0x44, 0xa8, 0x8d, 0x20,

    /* U+043F "п" */
    0xef, 0xff, 0x30, 0xb, 0x34, 0x80, 0x11, 0x4c,
    0xde, 0x1, 0xff, 0xe6,

    /* U+0440 "р" */
    0xea, 0xa7, 0xfb, 0xc, 0x2, 0x54, 0x66, 0x1e,
    0x18, 0x5, 0x93, 0x2c, 0x8, 0x0, 0x19, 0x0,
    0xc, 0xc8, 0x0, 0x70, 0xc, 0xe0, 0x20, 0xe0,
    0x19, 0xc0, 0x40, 0xc8, 0x0, 0x86, 0x80, 0x16,
    0x4d, 0x58, 0x40, 0x0, 0x9d, 0x94, 0xf0, 0xc0,
    0x3, 0x3f, 0xec, 0x30, 0xf, 0xfe, 0x88,

    /* U+0441 "с" */
    0x0, 0x2e, 0x7f, 0xa8, 0x80, 0xd, 0x44, 0xa8,
    0xb8, 0x21, 0x23, 0xf5, 0x72, 0x8, 0x80, 0x61,
    0x0, 0x37, 0x28, 0x87, 0x0, 0x78, 0x43, 0x80,
    0x3c, 0x80, 0xc2, 0x0, 0x6e, 0x50, 0x91, 0xfa,
    0xb9, 0x4, 0x6, 0xa3, 0x54, 0x5c, 0x10,

    /* U+0442 "т" */
    0x9f, 0xff, 0xb1, 0xdc, 0x40, 0xef, 0x2c, 0x41,
    0xc2, 0x22, 0x0, 0xff, 0xf2, 0x0,

    /* U+0443 "у" */
    0x9f, 0x20, 0x8, 0xfd, 0xe8, 0x28, 0x2, 0xa0,
    0x63, 0x33, 0x0, 0x4e, 0x82, 0x14, 0x28, 0x8,
    0x3c, 0x0, 0x70, 0xe0, 0xe0, 0x50, 0x0, 0xaa,
    0x85, 0x54, 0x1, 0xb8, 0x34, 0x38, 0x3, 0x21,
    0x18, 0xa0, 0x7, 0x50, 0x30, 0x7, 0xea, 0x0,
    0xf5, 0x19, 0x0, 0x71, 0x95, 0x0, 0x7a, 0xc1,
    0xc0, 0x30,

    /* U+0444 "ф" */
    0x0, 0xed, 0xb0, 0xf, 0xfe, 0x41, 0x20, 0x3a,
    0x8, 0x7, 0x56, 0xd9, 0x1d, 0xf4, 0x80, 0x52,
    0xa9, 0x22, 0x72, 0x6c, 0xe0, 0x2c, 0x76, 0xc6,
    0xed, 0x83, 0x20, 0xa1, 0x60, 0x1e, 0x71, 0x21,
    0x1, 0x0, 0xf0, 0x80, 0x88, 0x4, 0x3, 0xc2,
    0x2, 0xa1, 0x60, 0x1e, 0x40, 0x21, 0x53, 0xa4,
    0x7, 0x4b, 0x27, 0x0, 0x59, 0xad, 0x91, 0xda,
    0x22, 0x0, 0x3, 0x98, 0xa1, 0x3a, 0xcb, 0x0,
    0xe3, 0x53, 0x75, 0x30, 0xf, 0xfe, 0x78,

    /* U+0445 "х" */
    0x6f, 0x90, 0xb, 0x7c, 0x99, 0x19, 0x2, 0xa,
    0x48, 0x28, 0x69, 0x1d, 0x18, 0x0, 0x34, 0x36,
    0x34, 0x1, 0x90, 0xc2, 0x44, 0x3, 0x29, 0x84,
    0x10, 0x4, 0x54, 0x58, 0x1c, 0x1, 0x70, 0x71,
    0xc1, 0xb8, 0x39, 0xb9, 0x83, 0x9c, 0x18,

    /* U+0446 "ц" */
    0xec, 0x0, 0x93, 0xd8, 0x3, 0xff, 0xe6, 0x53,
    0x37, 0x85, 0x48, 0x0, 0x59, 0xa4, 0x3, 0x61,
    0xef, 0xff, 0x30, 0x7, 0xf7, 0xa0, 0x0,

    /* U+0447 "ч" */
    0x5f, 0x50, 0xb, 0x38, 0x3, 0xff, 0x88, 0x20,
    0x40, 0x1c, 0xa1, 0x44, 0x6, 0x40, 0x2e, 0x5b,
    0xf8, 0x20, 0x8, 0xc8, 0x85, 0x98, 0x4, 0x6e,
    0xe4, 0x0, 0xff, 0x0,

    /* U+0448 "ш" */
    0xeb, 0x0, 0x4f, 0x80, 0x13, 0xd4, 0x3, 0xff,
    0xee, 0xd1, 0x5, 0x8, 0x87, 0x0, 0x44, 0xee,
    0x30, 0x77, 0x28, 0x0,

    /* U+0449 "щ" */
    0xeb, 0x0, 0x4f, 0x80, 0x13, 0xd4, 0x3, 0xff,
    0xfc, 0xd1, 0x5, 0x8, 0x87, 0x7, 0x10, 0x13,
    0xb8, 0xc1, 0xdc, 0xa0, 0x8d, 0xdf, 0xff, 0xa4,
    0x3, 0xfe, 0x24, 0x70,

    /* U+044A "ъ" */
    0xbf, 0xf1, 0x80, 0x74, 0x28, 0x7, 0xc7, 0xa0,
    0xe2, 0x20, 0xf, 0x5f, 0x73, 0xe0, 0x3, 0x4d,
    0xd9, 0x1d, 0x80, 0x25, 0x44, 0x50, 0x60, 0x7,
    0xff, 0x2, 0xd5, 0x54, 0x18, 0x1, 0x3d, 0x51,
    0x61, 0x80,

    /* U+044B "ы" */
    0xec, 0x0, 0xe5, 0xf5, 0x0, 0xff, 0x84, 0x60,
    0xf, 0x8b, 0xb9, 0xf0, 0x1, 0xc5, 0x76, 0x47,
    0x60, 0xc, 0x28, 0x8a, 0xc, 0x0, 0xff, 0xe1,
    0xa, 0xab, 0x43, 0x0, 0x31, 0x55, 0xa, 0x18,
    0x2,

    /* U+044C "ь" */
    0xec, 0x0, 0xff, 0xe1, 0x88, 0xe0, 0xc, 0x5d,
    0xd6, 0x98, 0x0, 0xae, 0xd2, 0x7a, 0x0, 0x14,
    0x43, 0x30, 0x4c, 0x3, 0xf8, 0x55, 0x4e, 0xe1,
    0x30, 0x2a, 0xa4, 0x1e, 0x80,

    /* U+044D "э" */
    0x1, 0xae, 0xfd, 0x60, 0xb, 0x14, 0x98, 0xe6,
    0x1, 0xd, 0xf2, 0x78, 0x9c, 0x53, 0xa0, 0x4,
    0x4a, 0xe, 0x1, 0x4f, 0x71, 0xc0, 0x40, 0x2b,
    0xb9, 0x80, 0x4f, 0x1c, 0x91, 0x20, 0x73, 0x18,
    0xba, 0xe2, 0x71, 0xc, 0x55, 0x8e, 0x60, 0x0,

    /* U+044E "ю" */
    0xec, 0x0, 0xa7, 0xbf, 0xa0, 0x3, 0xd8, 0xcc,
    0x97, 0x75, 0x80, 0x65, 0x39, 0x86, 0x96, 0x44,
    0x1, 0x5c, 0x3, 0x0, 0x54, 0x1a, 0x2, 0x84,
    0x1, 0xc2, 0x6, 0x7, 0xf0, 0x2, 0x1, 0x30,
    0x10, 0x4, 0xa1, 0x0, 0x17, 0x86, 0x0, 0x44,
    0xcc, 0xca, 0xd4, 0x54, 0x0, 0xd3, 0x4, 0xa1,
    0x14, 0x0,

    /* U+044F "я" */
    0x1, 0xaf, 0xfe, 0x0, 0x52, 0xbc, 0xc8, 0xc0,
    0x24, 0x44, 0x33, 0x40, 0x1, 0x1, 0x0, 0xf0,
    0x92, 0xa0, 0x88, 0x3, 0x70, 0xdf, 0x71, 0x40,
    0x40, 0xdc, 0x2a, 0xd0, 0x2, 0x56, 0x85, 0x41,
    0x0, 0xd, 0x9b, 0x80, 0x70,

    /* U+0450 "ѐ" */
    0x0, 0xaa, 0x80, 0x1f, 0x72, 0x88, 0x7, 0x90,
    0xd0, 0x3, 0xec, 0x50, 0xe, 0x5c, 0xff, 0x51,
    0x0, 0x1a, 0x85, 0xd9, 0x70, 0x42, 0x47, 0x62,
    0x6c, 0x65, 0x1, 0xc4, 0x65, 0x14, 0x10, 0x6e,
    0xec, 0x24, 0x20, 0xb7, 0x7d, 0xa8, 0x8, 0xa8,
    0x86, 0xe7, 0x9, 0x1f, 0xaa, 0x6a, 0xb8, 0x35,
    0x92, 0xa9, 0x30, 0xc0,

    /* U+0451 "ё" */
    0x0, 0x47, 0x8a, 0xfa, 0x0, 0x5a, 0xa2, 0xca,
    0xc0, 0x12, 0xd0, 0x1d, 0x10, 0x4, 0xb9, 0xfe,
    0xa2, 0x0, 0x35, 0xb, 0xb2, 0xe0, 0x84, 0x8e,
    0xc4, 0xd8, 0xca, 0x3, 0x88, 0xca, 0x28, 0x20,
    0xdd, 0xd8, 0x48, 0x41, 0x6e, 0xfb, 0x50, 0x11,
    0x51, 0xd, 0xce, 0x12, 0x3f, 0x54, 0xd5, 0x70,
    0x6b, 0x25, 0x52, 0x61, 0x80,

    /* U+0452 "ђ" */
    0x1e, 0xa1, 0x0, 0xec, 0x15, 0xe6, 0x0, 0xdc,
    0x29, 0x6e, 0x1, 0x8c, 0x8, 0xff, 0xda, 0xa0,
    0x13, 0x42, 0xa8, 0xa8, 0xc0, 0x2b, 0xb5, 0x50,
    0x24, 0x0, 0x28, 0x0, 0x51, 0x70, 0x1, 0x80,
    0x63, 0x30, 0x7, 0xff, 0x67, 0xb4, 0x3, 0xff,
    0x80, 0x26, 0x60, 0xe, 0x3e, 0x14, 0x0, 0xe3,
    0xab, 0x90,

    /* U+0453 "ѓ" */
    0x0, 0xb1, 0x0, 0x32, 0x92, 0x0, 0x69, 0x60,
    0xe, 0xc8, 0x0, 0xbb, 0xff, 0x8c, 0x5, 0x9b,
    0x8, 0x14, 0xce, 0x20, 0xf, 0xfe, 0xf0,

    /* U+0454 "є" */
    0x0, 0x2e, 0x7f, 0xa8, 0x80, 0xd, 0x44, 0xa8,
    0xb8, 0x21, 0x23, 0xf5, 0x72, 0x28, 0x80, 0x70,
    0x11, 0x37, 0xa8, 0x83, 0x77, 0x28, 0x2, 0x10,
    0x5b, 0xb4, 0x0, 0x48, 0x8, 0xa8, 0x6b, 0x88,
    0x12, 0x3f, 0x57, 0x44, 0xa0, 0xd4, 0x6a, 0x8b,
    0x82,

    /* U+0455 "ѕ" */
    0x1, 0xae, 0xfd, 0x70, 0x6, 0x2b, 0xb8, 0x61,
    0xc0, 0x96, 0x63, 0x13, 0xc0, 0x96, 0x54, 0x6e,
    0x3, 0x1d, 0x2b, 0xa8, 0x40, 0x63, 0x75, 0xb,
    0xa7, 0x90, 0x4, 0xe4, 0x43, 0x17, 0xb8, 0xb2,
    0x70, 0xc5, 0x53, 0xab, 0x48,

    /* U+0456 "і" */
    0xbf, 0xc6, 0x79, 0xbf, 0x0, 0xff, 0xe2, 0x0,

    /* U+0457 "ї" */
    0x4f, 0x41, 0xf8, 0x75, 0x71, 0x5d, 0x3a, 0x30,
    0xa5, 0x0, 0x5f, 0x80, 0x7f, 0xf9, 0x80,

    /* U+0458 "ј" */
    0x0, 0x3f, 0x98, 0x0, 0xd4, 0x40, 0x9, 0x44,
    0x0, 0x7f, 0x30, 0xf, 0xff, 0x1f, 0x80, 0x6,
    0x9c, 0x8, 0xd4, 0x20, 0x40,

    /* U+0459 "љ" */
    0x0, 0x6f, 0xff, 0x0, 0x7c, 0x62, 0xcc, 0x20,
    0xf, 0xc2, 0x93, 0x27, 0x1, 0x10, 0x7, 0x88,
    0x3, 0x77, 0x3e, 0xc4, 0x8, 0x3c, 0x3, 0x5d,
    0x9d, 0x2c, 0x4, 0x8, 0x3, 0x22, 0x20, 0x90,
    0x14, 0x18, 0x3, 0xf9, 0x2c, 0xc, 0x3, 0x32,
    0xc9, 0x3f, 0x93, 0x80, 0x74, 0xd3, 0x2c, 0xdf,
    0x40, 0x5, 0x5f, 0xfa, 0x80,

    /* U+045A "њ" */
    0xec, 0x0, 0xbe, 0x80, 0x3f, 0xf8, 0xe2, 0x30,
    0x0, 0x44, 0x1, 0x8f, 0xba, 0x5, 0xee, 0x98,
    0x0, 0x57, 0x70, 0x25, 0xd8, 0xa4, 0xc0, 0x51,
    0x20, 0x14, 0x47, 0x85, 0x80, 0x7f, 0x38, 0x78,
    0x7, 0x99, 0x5a, 0x41, 0x0, 0x3c, 0x75, 0x21,
    0x46,

    /* U+045B "ћ" */
    0x1e, 0xa1, 0x0, 0xec, 0x15, 0xe6, 0x0, 0xdc,
    0x29, 0x6e, 0x1, 0x8c, 0x8, 0xff, 0xda, 0xa0,
    0x13, 0x42, 0xa8, 0xa8, 0xc0, 0x2b, 0xb5, 0x50,
    0x24, 0x0, 0x28, 0x0, 0x50, 0x70, 0x1, 0x80,
    0x62, 0x30, 0xf, 0xfe, 0xc0,

    /* U+045C "ќ" */
    0x0, 0xa6, 0x0, 0x38, 0x5a, 0xc0, 0x39, 0x88,
    0xc0, 0x39, 0xf4, 0x3, 0x76, 0x80, 0xf, 0xf4,
    0x40, 0x21, 0xd0, 0xf1, 0x0, 0xa8, 0x68, 0x80,
    0x28, 0x47, 0x50, 0x8, 0xdc, 0x60, 0x3, 0x1c,
    0xd, 0x0, 0x73, 0xaa, 0xa0, 0x3, 0xa8, 0xdd,
    0x80, 0x3b, 0x46, 0x50,

    /* U+045D "ѝ" */
    0x0, 0x16, 0x88, 0x7, 0x10, 0x30, 0x7, 0xaa,
    0x80, 0x1e, 0x7d, 0x0, 0xba, 0xc0, 0x24, 0xf6,
    0x0, 0xc3, 0x40, 0x1e, 0xa1, 0x0, 0xe6, 0x48,
    0x0, 0xc5, 0x2c, 0x80, 0x1b, 0x8a, 0x40, 0x32,
    0x1f, 0x0, 0x79, 0xcc, 0x3, 0x8e, 0x0, 0x38,

    /* U+045E "ў" */
    0x0, 0x4e, 0x95, 0x68, 0x6, 0xb3, 0xd5, 0x90,
    0xc, 0x5d, 0x9c, 0x80, 0x9, 0xf2, 0x3, 0x13,
    0xf7, 0xa0, 0xa0, 0xa, 0x81, 0x8c, 0xcc, 0x1,
    0x3a, 0x8, 0x50, 0xa0, 0x20, 0xf0, 0x1, 0xc3,
    0x83, 0x81, 0x40, 0x2, 0xaa, 0x15, 0x50, 0x6,
    0xe0, 0xd0, 0xe0, 0xc, 0x84, 0x62, 0x80, 0x1d,
    0x40, 0xc0, 0x1f, 0xa8, 0x3, 0xd4, 0x64, 0x1,
    0xc6, 0x54, 0x1, 0xeb, 0x7, 0x0, 0xc0,

    /* U+045F "џ" */
    0xec, 0x0, 0x93, 0xd8, 0x3, 0xff, 0xca, 0x53,
    0x37, 0x80, 0x42, 0xcd, 0x20, 0x3, 0xbf, 0xc0,
    0x9f, 0xe6, 0x0, 0xfc,

    /* U+0490 "Ґ" */
    0x0, 0xf4, 0x28, 0x7, 0x9f, 0xfb, 0xff, 0x80,
    0x21, 0x66, 0xec, 0x2, 0x99, 0xe6, 0x0, 0xff,
    0xfe, 0x0,

    /* U+0491 "ґ" */
    0x0, 0xc7, 0x2, 0x1, 0x91, 0xcb, 0xbf, 0xe8,
    0x0, 0x85, 0x9b, 0x8, 0x14, 0xce, 0x20, 0xf,
    0xfe, 0xf0,

    /* U+04AE "Ү" */
    0xbf, 0x30, 0xd, 0x7e, 0x72, 0x1e, 0x1, 0x22,
    0x14, 0xc9, 0x8d, 0x40, 0x12, 0x10, 0x0, 0x80,
    0x80, 0x62, 0x72, 0x0, 0xb, 0x93, 0xc0, 0xc8,
    0x6, 0x81, 0x81, 0x91, 0x0, 0xe8, 0x2, 0x70,
    0xf, 0x38, 0x20, 0x7, 0xff, 0x80,

    /* U+04AF "ү" */
    0x8f, 0x30, 0xa, 0x7c, 0x68, 0x2c, 0x2, 0x74,
    0x12, 0x36, 0x0, 0x20, 0xe8, 0x2, 0x84, 0xc3,
    0x81, 0x80, 0xe, 0x14, 0xa, 0xa0, 0x8, 0x51,
    0xd4, 0x38, 0x3, 0x70, 0xd8, 0xa0, 0x6, 0x51,
    0x13, 0x80, 0x79, 0xc2, 0x80, 0x3c, 0x20, 0x20,
    0x1f, 0xfc, 0x3c, 0x73, 0x0, 0x80,

    /* U+04BA "Һ" */
    0xed, 0x0, 0xff, 0xec, 0x24, 0x4c, 0x18, 0x4,
    0x56, 0xec, 0xf9, 0x0, 0x15, 0x7f, 0xac, 0x5c,
    0x80, 0x94, 0x0, 0x90, 0x8, 0x1, 0xe5, 0xe,
    0x0, 0xf0, 0x80, 0x7f, 0xf2, 0x0,

    /* U+04BB "һ" */
    0xce, 0x0, 0xff, 0xe5, 0x8d, 0xff, 0xb1, 0x0,
    0x27, 0x73, 0x1d, 0x88, 0xe, 0x44, 0xc8, 0x1c,
    0x3, 0x94, 0x4, 0x3, 0xef, 0x0, 0xfc,

    /* U+04E8 "Ө" */
    0x0, 0x9f, 0x7f, 0xd8, 0xc0, 0x18, 0x76, 0x1,
    0x54, 0x53, 0x60, 0x15, 0x93, 0xed, 0x53, 0x95,
    0x20, 0x5, 0x4e, 0x0, 0x35, 0xb, 0x83, 0x85,
    0x0, 0x79, 0xc0, 0xc4, 0x27, 0xff, 0xcc, 0xc,
    0x0, 0x34, 0x4f, 0x10, 0x0, 0x42, 0xae, 0xfc,
    0x80, 0xce, 0x14, 0x1, 0xe7, 0x3, 0x15, 0x38,
    0x0, 0xd4, 0x2e, 0x0, 0xb2, 0x7d, 0xaa, 0x72,
    0xa4, 0x0, 0x7, 0x60, 0x15, 0x45, 0x36, 0x0,

    /* U+04E9 "ө" */
    0x0, 0x2e, 0x7f, 0xac, 0xc0, 0x26, 0xa2, 0x55,
    0x26, 0x18, 0x2, 0x47, 0xea, 0x96, 0x10, 0x8,
    0xe, 0x2, 0x25, 0x24, 0x1, 0x6, 0xee, 0xc4,
    0x2, 0x20, 0x4b, 0xbc, 0x20, 0x28, 0xa, 0xa4,
    0x40, 0xa, 0x0, 0x24, 0x7e, 0xae, 0xc1, 0x20,
    0x6, 0xa2, 0x54, 0x46, 0x90, 0x0,

    /* U+2013 "–" */
    0x1, 0x1f, 0x83, 0xbb, 0xd4, 0x17, 0x7e, 0x90,

    /* U+2014 "—" */
    0x1, 0x1f, 0xf0, 0x3, 0xbb, 0xfd, 0x1, 0x77,
    0xfe, 0xa0,

    /* U+2018 "‘" */
    0xdf, 0x1, 0x17, 0x4d, 0xad, 0x80,

    /* U+2019 "’" */
    0xbf, 0x1, 0x0, 0x51, 0x4, 0x58, 0x0,

    /* U+201C "“" */
    0x3b, 0x9, 0x59, 0x83, 0x25, 0x1c, 0x74, 0x70,
    0xd, 0xe0,

    /* U+201D "”" */
    0xbf, 0x4f, 0x81, 0x0, 0xd4, 0x49, 0x1f, 0x16,
    0x58, 0xc0,

    /* U+2022 "•" */
    0x1, 0x51, 0x3, 0xea, 0xe3, 0xa0, 0xa, 0x84,
    0x2, 0x18, 0x40, 0x48,

    /* U+2026 "…" */
    0x9c, 0x5, 0xc4, 0x1c, 0x82, 0x30, 0x33, 0x8,
    0x19, 0x0,

    /* U+2212 "−" */
    0x6, 0x6f, 0x20, 0x4c, 0xfb, 0x80
};


/*---------------------
 *  GLYPH DESCRIPTION
 *--------------------*/

static const lv_font_fmt_txt_glyph_dsc_t glyph_dsc[] = {
    {.bitmap_index = 0, .adv_w = 0, .box_w = 0, .box_h = 0, .ofs_x = 0, .ofs_y = 0} /* id = 0 reserved */,
    {.bitmap_index = 0, .adv_w = 51, .box_w = 0, .box_h = 0, .ofs_x = 0, .ofs_y = 0},
    {.bitmap_index = 0, .adv_w = 88, .box_w = 3, .box_h = 12, .ofs_x = 1, .ofs_y = 0},
    {.bitmap_index = 11, .adv_w = 113, .box_w = 6, .box_h = 3, .ofs_x = 0, .ofs_y = 9},
    {.bitmap_index = 19, .adv_w = 237, .box_w = 14, .box_h = 12, .ofs_x = 0, .ofs_y = 0},
    {.bitmap_index = 95, .adv_w = 157, .box_w = 10, .box_h = 16, .ofs_x = 0, .ofs_y = -2},
    {.bitmap_index = 170, .adv_w = 231, .box_w = 14, .box_h = 12, .ofs_x = 0, .ofs_y = 0},
    {.bitmap_index = 251, .adv_w = 170, .box_w = 11, .box_h = 12, .ofs_x = 0, .ofs_y = 0},
    {.bitmap_index = 314, .adv_w = 63, .box_w = 3, .box_h = 3, .ofs_x = 0, .ofs_y = 9},
    {.bitmap_index = 318, .adv_w = 114, .box_w = 5, .box_h = 18, .ofs_x = 2, .ofs_y = -4},
    {.bitmap_index = 363, .adv_w = 114, .box_w = 5, .box_h = 18, .ofs_x = 0, .ofs_y = -4},
    {.bitmap_index = 407, .adv_w = 117, .box_w = 7, .box_h = 6, .ofs_x = 0, .ofs_y = 6},
    {.bitmap_index = 429, .adv_w = 147, .box_w = 9, .box_h = 8, .ofs_x = 0, .ofs_y = 2},
    {.bitmap_index = 458, .adv_w = 74, .box_w = 3, .box_h = 4, .ofs_x = 0, .ofs_y = -2},
    {.bitmap_index = 464, .adv_w = 108, .box_w = 6, .box_h = 3, .ofs_x = 0, .ofs_y = 4},
    {.bitmap_index = 471, .adv_w = 73, .box_w = 3, .box_h = 2, .ofs_x = 1, .ofs_y = 0},
    {.bitmap_index = 474, .adv_w = 107, .box_w = 6, .box_h = 12, .ofs_x = 0, .ofs_y = 0},
    {.bitmap_index = 508, .adv_w = 164, .box_w = 9, .box_h = 12, .ofs_x = 1, .ofs_y = 0},
    {.bitmap_index = 552, .adv_w = 108, .box_w = 5, .box_h = 12, .ofs_x = 0, .ofs_y = 0},
    {.bitmap_index = 564, .adv_w = 150, .box_w = 9, .box_h = 12, .ofs_x = 0, .ofs_y = 0},
    {.bitmap_index = 615, .adv_w = 146, .box_w = 9, .box_h = 12, .ofs_x = 0, .ofs_y = 0},
    {.bitmap_index = 662, .adv_w = 154, .box_w = 9, .box_h = 12, .ofs_x = 0, .ofs_y = 0},
    {.bitmap_index = 706, .adv_w = 149, .box_w = 9, .box_h = 12, .ofs_x = 0, .ofs_y = 0},
    {.bitmap_index = 757, .adv_w = 159, .box_w = 9, .box_h = 12, .ofs_x = 1, .ofs_y = 0},
    {.bitmap_index = 810, .adv_w = 134, .box_w = 8, .box_h = 12, .ofs_x = 0, .ofs_y = 0},
    {.bitmap_index = 849, .adv_w = 154, .box_w = 9, .box_h = 12, .ofs_x = 0, .ofs_y = 0},
    {.bitmap_index = 904, .adv_w = 159, .box_w = 9, .box_h = 12, .ofs_x = 0, .ofs_y = 0},
    {.bitmap_index = 957, .adv_w = 84, .box_w = 3, .box_h = 7, .ofs_x = 1, .ofs_y = 1},
    {.bitmap_index = 967, .adv_w = 85, .box_w = 3, .box_h = 11, .ofs_x = 1, .ofs_y = -2},
    {.bitmap_index = 981, .adv_w = 161, .box_w = 6, .box_h = 8, .ofs_x = 2, .ofs_y = 1},
    {.bitmap_index = 1005, .adv_w = 192, .box_w = 10, .box_h = 6, .ofs_x = 1, .ofs_y = 3},
    {.bitmap_index = 1023, .adv_w = 161, .box_w = 6, .box_h = 8, .ofs_x = 2, .ofs_y = 1},
    {.bitmap_index = 1047, .adv_w = 139, .box_w = 8, .box_h = 12, .ofs_x = 0, .ofs_y = 0},
    {.bitmap_index = 1088, .adv_w = 233, .box_w = 13, .box_h = 14, .ofs_x = 1, .ofs_y = -2},
    {.bitmap_index = 1172, .adv_w = 169, .box_w = 11, .box_h = 12, .ofs_x = 0, .ofs_y = 0},
    {.bitmap_index = 1228, .adv_w = 160, .box_w = 9, .box_h = 12, .ofs_x = 1, .ofs_y = 0},
    {.bitmap_index = 1275, .adv_w = 187, .box_w = 12, .box_h = 12, .ofs_x = 0, .ofs_y = 0},
    {.bitmap_index = 1335, .adv_w = 177, .box_w = 10, .box_h = 12, .ofs_x = 1, .ofs_y = 0},
    {.bitmap_index = 1379, .adv_w = 148, .box_w = 8, .box_h = 12, .ofs_x = 1, .ofs_y = 0},
    {.bitmap_index = 1409, .adv_w = 132, .box_w = 7, .box_h = 12, .ofs_x = 1, .ofs_y = 0},
    {.bitmap_index = 1431, .adv_w = 185, .box_w = 12, .box_h = 12, .ofs_x = 0, .ofs_y = 0},
    {.bitmap_index = 1497, .adv_w = 182, .box_w = 10, .box_h = 12, .ofs_x = 1, .ofs_y = 0},
    {.bitmap_index = 1518, .adv_w = 68, .box_w = 2, .box_h = 12, .ofs_x = 1, .ofs_y = 0},
    {.bitmap_index = 1523, .adv_w = 125, .box_w = 7, .box_h = 12, .ofs_x = 0, .ofs_y = 0},
    {.bitmap_index = 1540, .adv_w = 161, .box_w = 10, .box_h = 12, .ofs_x = 1, .ofs_y = 0},
    {.bitmap_index = 1585, .adv_w = 135, .box_w = 8, .box_h = 12, .ofs_x = 1, .ofs_y = 0},
    {.bitmap_index = 1596, .adv_w = 218, .box_w = 12, .box_h = 12, .ofs_x = 1, .ofs_y = 0},
    {.bitmap_index = 1652, .adv_w = 181, .box_w = 10, .box_h = 12, .ofs_x = 1, .ofs_y = 0},
    {.bitmap_index = 1693, .adv_w = 190, .box_w = 12, .box_h = 12, .ofs_x = 0, .ofs_y = 0},
    {.bitmap_index = 1756, .adv_w = 161, .box_w = 9, .box_h = 12, .ofs_x = 1, .ofs_y = 0},
    {.bitmap_index = 1793, .adv_w = 190, .box_w = 12, .box_h = 12, .ofs_x = 0, .ofs_y = 0},
    {.bitmap_index = 1857, .adv_w = 167, .box_w = 9, .box_h = 12, .ofs_x = 1, .ofs_y = 0},
    {.bitmap_index = 1900, .adv_w = 165, .box_w = 10, .box_h = 12, .ofs_x = 0, .ofs_y = 0},
    {.bitmap_index = 1960, .adv_w = 154, .box_w = 10, .box_h = 12, .ofs_x = 0, .ofs_y = 0},
    {.bitmap_index = 1979, .adv_w = 183, .box_w = 10, .box_h = 12, .ofs_x = 1, .ofs_y = 0},
    {.bitmap_index = 2008, .adv_w = 161, .box_w = 10, .box_h = 12, .ofs_x = 0, .ofs_y = 0},
    {.bitmap_index = 2062, .adv_w = 246, .box_w = 16, .box_h = 12, .ofs_x = 0, .ofs_y = 0},
    {.bitmap_index = 2153, .adv_w = 164, .box_w = 11, .box_h = 12, .ofs_x = 0, .ofs_y = 0},
    {.bitmap_index = 2212, .adv_w = 152, .box_w = 10, .box_h = 12, .ofs_x = 0, .ofs_y = 0},
    {.bitmap_index = 2250, .adv_w = 166, .box_w = 10, .box_h = 12, .ofs_x = 0, .ofs_y = 0},
    {.bitmap_index = 2295, .adv_w = 107, .box_w = 4, .box_h = 18, .ofs_x = 2, .ofs_y = -3},
    {.bitmap_index = 2308, .adv_w = 107, .box_w = 6, .box_h = 12, .ofs_x = 0, .ofs_y = 0},
    {.bitmap_index = 2340, .adv_w = 107, .box_w = 4, .box_h = 18, .ofs_x = 1, .ofs_y = -3},
    {.bitmap_index = 2353, .adv_w = 173, .box_w = 9, .box_h = 5, .ofs_x = 1, .ofs_y = 7},
    {.bitmap_index = 2375, .adv_w = 169, .box_w = 11, .box_h = 3, .ofs_x = 0, .ofs_y = -3},
    {.bitmap_index = 2383, .adv_w = 134, .box_w = 4, .box_h = 3, .ofs_x = 2, .ofs_y = 13},
    {.bitmap_index = 2390, .adv_w = 146, .box_w = 9, .box_h = 9, .ofs_x = 0, .ofs_y = 0},
    {.bitmap_index = 2431, .adv_w = 156, .box_w = 9, .box_h = 12, .ofs_x = 1, .ofs_y = 0},
    {.bitmap_index = 2475, .adv_w = 146, .box_w = 9, .box_h = 9, .ofs_x = 0, .ofs_y = 0},
    {.bitmap_index = 2514, .adv_w = 156, .box_w = 9, .box_h = 12, .ofs_x = 0, .ofs_y = 0},
    {.bitmap_index = 2557, .adv_w = 153, .box_w = 9, .box_h = 9, .ofs_x = 0, .ofs_y = 0},
    {.bitmap_index = 2597, .adv_w = 95, .box_w = 6, .box_h = 12, .ofs_x = 0, .ofs_y = 0},
    {.bitmap_index = 2619, .adv_w = 156, .box_w = 9, .box_h = 13, .ofs_x = 0, .ofs_y = -4},
    {.bitmap_index = 2674, .adv_w = 157, .box_w = 8, .box_h = 12, .ofs_x = 1, .ofs_y = 0},
    {.bitmap_index = 2701, .adv_w = 68, .box_w = 2, .box_h = 12, .ofs_x = 1, .ofs_y = 0},
    {.bitmap_index = 2709, .adv_w = 71, .box_w = 5, .box_h = 16, .ofs_x = -1, .ofs_y = -4},
    {.bitmap_index = 2730, .adv_w = 134, .box_w = 8, .box_h = 12, .ofs_x = 1, .ofs_y = 0},
    {.bitmap_index = 2764, .adv_w = 68, .box_w = 2, .box_h = 12, .ofs_x = 1, .ofs_y = 0},
    {.bitmap_index = 2769, .adv_w = 226, .box_w = 13, .box_h = 9, .ofs_x = 1, .ofs_y = 0},
    {.bitmap_index = 2800, .adv_w = 157, .box_w = 8, .box_h = 9, .ofs_x = 1, .ofs_y = 0},
    {.bitmap_index = 2824, .adv_w = 156, .box_w = 10, .box_h = 9, .ofs_x = 0, .ofs_y = 0},
    {.bitmap_index = 2869, .adv_w = 156, .box_w = 9, .box_h = 13, .ofs_x = 1, .ofs_y = -4},
    {.bitmap_index = 2916, .adv_w = 156, .box_w = 9, .box_h = 13, .ofs_x = 0, .ofs_y = -4},
    {.bitmap_index = 2961, .adv_w = 99, .box_w = 5, .box_h = 9, .ofs_x = 1, .ofs_y = 0},
    {.bitmap_index = 2976, .adv_w = 137, .box_w = 8, .box_h = 9, .ofs_x = 0, .ofs_y = 0},
    {.bitmap_index = 3013, .adv_w = 108, .box_w = 7, .box_h = 12, .ofs_x = 0, .ofs_y = 0},
    {.bitmap_index = 3043, .adv_w = 157, .box_w = 9, .box_h = 9, .ofs_x = 0, .ofs_y = 0},
    {.bitmap_index = 3067, .adv_w = 138, .box_w = 9, .box_h = 9, .ofs_x = 0, .ofs_y = 0},
    {.bitmap_index = 3106, .adv_w = 202, .box_w = 13, .box_h = 9, .ofs_x = 0, .ofs_y = 0},
    {.bitmap_index = 3165, .adv_w = 140, .box_w = 9, .box_h = 9, .ofs_x = 0, .ofs_y = 0},
    {.bitmap_index = 3204, .adv_w = 140, .box_w = 9, .box_h = 13, .ofs_x = 0, .ofs_y = -4},
    {.bitmap_index = 3254, .adv_w = 136, .box_w = 8, .box_h = 9, .ofs_x = 0, .ofs_y = 0},
    {.bitmap_index = 3286, .adv_w = 112, .box_w = 5, .box_h = 18, .ofs_x = 2, .ofs_y = -3},
    {.bitmap_index = 3314, .adv_w = 73, .box_w = 3, .box_h = 12, .ofs_x = 1, .ofs_y = 0},
    {.bitmap_index = 3319, .adv_w = 112, .box_w = 5, .box_h = 18, .ofs_x = 0, .ofs_y = -3},
    {.bitmap_index = 3347, .adv_w = 179, .box_w = 9, .box_h = 4, .ofs_x = 1, .ofs_y = 2},
    {.bitmap_index = 3365, .adv_w = 51, .box_w = 0, .box_h = 0, .ofs_x = 0, .ofs_y = 0},
    {.bitmap_index = 3365, .adv_w = 88, .box_w = 3, .box_h = 12, .ofs_x = 1, .ofs_y = -3},
    {.bitmap_index = 3376, .adv_w = 146, .box_w = 9, .box_h = 13, .ofs_x = 0, .ofs_y = -1},
    {.bitmap_index = 3428, .adv_w = 146, .box_w = 9, .box_h = 12, .ofs_x = 0, .ofs_y = 0},
    {.bitmap_index = 3475, .adv_w = 169, .box_w = 11, .box_h = 10, .ofs_x = 0, .ofs_y = 1},
    {.bitmap_index = 3526, .adv_w = 152, .box_w = 10, .box_h = 12, .ofs_x = 0, .ofs_y = 0},
    {.bitmap_index = 3584, .adv_w = 73, .box_w = 3, .box_h = 15, .ofs_x = 1, .ofs_y = -3},
    {.bitmap_index = 3598, .adv_w = 137, .box_w = 8, .box_h = 15, .ofs_x = 0, .ofs_y = -3},
    {.bitmap_index = 3658, .adv_w = 139, .box_w = 6, .box_h = 2, .ofs_x = 1, .ofs_y = 13},
    {.bitmap_index = 3664, .adv_w = 220, .box_w = 14, .box_h = 13, .ofs_x = 0, .ofs_y = -1},
    {.bitmap_index = 3754, .adv_w = 81, .box_w = 5, .box_h = 5, .ofs_x = 0, .ofs_y = 4},
    {.bitmap_index = 3767, .adv_w = 146, .box_w = 8, .box_h = 8, .ofs_x = 1, .ofs_y = 0},
    {.bitmap_index = 3800, .adv_w = 154, .box_w = 9, .box_h = 5, .ofs_x = 0, .ofs_y = 2},
    {.bitmap_index = 3815, .adv_w = 108, .box_w = 6, .box_h = 3, .ofs_x = 0, .ofs_y = 4},
    {.bitmap_index = 3822, .adv_w = 165, .box_w = 9, .box_h = 9, .ofs_x = 1, .ofs_y = 4},
    {.bitmap_index = 3863, .adv_w = 128, .box_w = 6, .box_h = 3, .ofs_x = 1, .ofs_y = 13},
    {.bitmap_index = 3871, .adv_w = 115, .box_w = 7, .box_h = 7, .ofs_x = 0, .ofs_y = 5},
    {.bitmap_index = 3895, .adv_w = 154, .box_w = 9, .box_h = 8, .ofs_x = 0, .ofs_y = 1},
    {.bitmap_index = 3928, .adv_w = 104, .box_w = 6, .box_h = 8, .ofs_x = 0, .ofs_y = 4},
    {.bitmap_index = 3953, .adv_w = 102, .box_w = 6, .box_h = 8, .ofs_x = 0, .ofs_y = 4},
    {.bitmap_index = 3977, .adv_w = 134, .box_w = 3, .box_h = 3, .ofs_x = 3, .ofs_y = 13},
    {.bitmap_index = 3982, .adv_w = 160, .box_w = 8, .box_h = 13, .ofs_x = 1, .ofs_y = -4},
    {.bitmap_index = 4011, .adv_w = 176, .box_w = 11, .box_h = 14, .ofs_x = 0, .ofs_y = -2},
    {.bitmap_index = 4047, .adv_w = 65, .box_w = 4, .box_h = 3, .ofs_x = 0, .ofs_y = 4},
    {.bitmap_index = 4054, .adv_w = 104, .box_w = 4, .box_h = 5, .ofs_x = 1, .ofs_y = -5},
    {.bitmap_index = 4065, .adv_w = 86, .box_w = 4, .box_h = 8, .ofs_x = 0, .ofs_y = 4},
    {.bitmap_index = 4074, .adv_w = 89, .box_w = 5, .box_h = 5, .ofs_x = 0, .ofs_y = 4},
    {.bitmap_index = 4087, .adv_w = 146, .box_w = 7, .box_h = 8, .ofs_x = 1, .ofs_y = 0},
    {.bitmap_index = 4116, .adv_w = 260, .box_w = 15, .box_h = 14, .ofs_x = 0, .ofs_y = -1},
    {.bitmap_index = 4197, .adv_w = 253, .box_w = 15, .box_h = 13, .ofs_x = 0, .ofs_y = -1},
    {.bitmap_index = 4274, .adv_w = 259, .box_w = 16, .box_h = 14, .ofs_x = 0, .ofs_y = -1},
    {.bitmap_index = 4372, .adv_w = 139, .box_w = 8, .box_h = 12, .ofs_x = 0, .ofs_y = -3},
    {.bitmap_index = 4413, .adv_w = 169, .box_w = 11, .box_h = 16, .ofs_x = 0, .ofs_y = 0},
    {.bitmap_index = 4482, .adv_w = 169, .box_w = 11, .box_h = 16, .ofs_x = 0, .ofs_y = 0},
    {.bitmap_index = 4551, .adv_w = 169, .box_w = 11, .box_h = 16, .ofs_x = 0, .ofs_y = 0},
    {.bitmap_index = 4624, .adv_w = 169, .box_w = 11, .box_h = 17, .ofs_x = 0, .ofs_y = 0},
    {.bitmap_index = 4700, .adv_w = 169, .box_w = 11, .box_h = 15, .ofs_x = 0, .ofs_y = 0},
    {.bitmap_index = 4770, .adv_w = 169, .box_w = 11, .box_h = 17, .ofs_x = 0, .ofs_y = 0},
    {.bitmap_index = 4846, .adv_w = 238, .box_w = 15, .box_h = 12, .ofs_x = 0, .ofs_y = 0},
    {.bitmap_index = 4914, .adv_w = 187, .box_w = 12, .box_h = 16, .ofs_x = 0, .ofs_y = -4},
    {.bitmap_index = 4989, .adv_w = 148, .box_w = 8, .box_h = 16, .ofs_x = 1, .ofs_y = 0},
    {.bitmap_index = 5031, .adv_w = 148, .box_w = 8, .box_h = 16, .ofs_x = 1, .ofs_y = 0},
    {.bitmap_index = 5073, .adv_w = 148, .box_w = 8, .box_h = 16, .ofs_x = 1, .ofs_y = 0},
    {.bitmap_index = 5118, .adv_w = 148, .box_w = 8, .box_h = 15, .ofs_x = 1, .ofs_y = 0},
    {.bitmap_index = 5160, .adv_w = 68, .box_w = 3, .box_h = 16, .ofs_x = 0, .ofs_y = 0},
    {.bitmap_index = 5171, .adv_w = 68, .box_w = 3, .box_h = 16, .ofs_x = 1, .ofs_y = 0},
    {.bitmap_index = 5182, .adv_w = 68, .box_w = 6, .box_h = 16, .ofs_x = -1, .ofs_y = 0},
    {.bitmap_index = 5200, .adv_w = 68, .box_w = 6, .box_h = 15, .ofs_x = -1, .ofs_y = 0},
    {.bitmap_index = 5214, .adv_w = 177, .box_w = 11, .box_h = 12, .ofs_x = 0, .ofs_y = 0},
    {.bitmap_index = 5271, .adv_w = 181, .box_w = 10, .box_h = 16, .ofs_x = 1, .ofs_y = 0},
    {.bitmap_index = 5328, .adv_w = 190, .box_w = 12, .box_h = 16, .ofs_x = 0, .ofs_y = 0},
    {.bitmap_index = 5404, .adv_w = 190, .box_w = 12, .box_h = 16, .ofs_x = 0, .ofs_y = 0},
    {.bitmap_index = 5480, .adv_w = 190, .box_w = 12, .box_h = 16, .ofs_x = 0, .ofs_y = 0},
    {.bitmap_index = 5559, .adv_w = 190, .box_w = 12, .box_h = 17, .ofs_x = 0, .ofs_y = 0},
    {.bitmap_index = 5642, .adv_w = 190, .box_w = 12, .box_h = 15, .ofs_x = 0, .ofs_y = 0},
    {.bitmap_index = 5718, .adv_w = 128, .box_w = 8, .box_h = 7, .ofs_x = 0, .ofs_y = 2},
    {.bitmap_index = 5747, .adv_w = 190, .box_w = 12, .box_h = 12, .ofs_x = 0, .ofs_y = 0},
    {.bitmap_index = 5818, .adv_w = 183, .box_w = 10, .box_h = 16, .ofs_x = 1, .ofs_y = 0},
    {.bitmap_index = 5860, .adv_w = 183, .box_w = 10, .box_h = 16, .ofs_x = 1, .ofs_y = 0},
    {.bitmap_index = 5902, .adv_w = 183, .box_w = 10, .box_h = 16, .ofs_x = 1, .ofs_y = 0},
    {.bitmap_index = 5947, .adv_w = 183, .box_w = 10, .box_h = 15, .ofs_x = 1, .ofs_y = 0},
    {.bitmap_index = 5990, .adv_w = 152, .box_w = 10, .box_h = 16, .ofs_x = 0, .ofs_y = 0},
    {.bitmap_index = 6041, .adv_w = 158, .box_w = 9, .box_h = 12, .ofs_x = 1, .ofs_y = 0},
    {.bitmap_index = 6081, .adv_w = 159, .box_w = 8, .box_h = 12, .ofs_x = 1, .ofs_y = 0},
    {.bitmap_index = 6125, .adv_w = 146, .box_w = 9, .box_h = 13, .ofs_x = 0, .ofs_y = 0},
    {.bitmap_index = 6178, .adv_w = 146, .box_w = 9, .box_h = 13, .ofs_x = 0, .ofs_y = 0},
    {.bitmap_index = 6231, .adv_w = 146, .box_w = 9, .box_h = 13, .ofs_x = 0, .ofs_y = 0},
    {.bitmap_index = 6288, .adv_w = 146, .box_w = 9, .box_h = 14, .ofs_x = 0, .ofs_y = 0},
    {.bitmap_index = 6347, .adv_w = 146, .box_w = 9, .box_h = 12, .ofs_x = 0, .ofs_y = 0},
    {.bitmap_index = 6401, .adv_w = 146, .box_w = 9, .box_h = 14, .ofs_x = 0, .ofs_y = 0},
    {.bitmap_index = 6459, .adv_w = 240, .box_w = 15, .box_h = 9, .ofs_x = 0, .ofs_y = 0},
    {.bitmap_index = 6525, .adv_w = 146, .box_w = 9, .box_h = 13, .ofs_x = 0, .ofs_y = -4},
    {.bitmap_index = 6579, .adv_w = 153, .box_w = 9, .box_h = 13, .ofs_x = 0, .ofs_y = 0},
    {.bitmap_index = 6631, .adv_w = 153, .box_w = 9, .box_h = 13, .ofs_x = 0, .ofs_y = 0},
    {.bitmap_index = 6683, .adv_w = 153, .box_w = 9, .box_h = 13, .ofs_x = 0, .ofs_y = 0},
    {.bitmap_index = 6739, .adv_w = 153, .box_w = 9, .box_h = 12, .ofs_x = 0, .ofs_y = 0},
    {.bitmap_index = 6792, .adv_w = 68, .box_w = 3, .box_h = 13, .ofs_x = 0, .ofs_y = 0},
    {.bitmap_index = 6803, .adv_w = 68, .box_w = 3, .box_h = 13, .ofs_x = 1, .ofs_y = 0},
    {.bitmap_index = 6814, .adv_w = 68, .box_w = 6, .box_h = 13, .ofs_x = -1, .ofs_y = 0},
    {.bitmap_index = 6832, .adv_w = 68, .box_w = 6, .box_h = 12, .ofs_x = -1, .ofs_y = 0},
    {.bitmap_index = 6847, .adv_w = 151, .box_w = 9, .box_h = 13, .ofs_x = 0, .ofs_y = 0},
    {.bitmap_index = 6899, .adv_w = 157, .box_w = 8, .box_h = 13, .ofs_x = 1, .ofs_y = 0},
    {.bitmap_index = 6936, .adv_w = 156, .box_w = 10, .box_h = 13, .ofs_x = 0, .ofs_y = 0},
    {.bitmap_index = 6993, .adv_w = 156, .box_w = 10, .box_h = 13, .ofs_x = 0, .ofs_y = 0},
    {.bitmap_index = 7051, .adv_w = 156, .box_w = 10, .box_h = 13, .ofs_x = 0, .ofs_y = 0},
    {.bitmap_index = 7113, .adv_w = 156, .box_w = 10, .box_h = 14, .ofs_x = 0, .ofs_y = 0},
    {.bitmap_index = 7178, .adv_w = 156, .box_w = 10, .box_h = 12, .ofs_x = 0, .ofs_y = 0},
    {.bitmap_index = 7237, .adv_w = 138, .box_w = 8, .box_h = 7, .ofs_x = 0, .ofs_y = 2},
    {.bitmap_index = 7261, .adv_w = 156, .box_w = 10, .box_h = 9, .ofs_x = 0, .ofs_y = 0},
    {.bitmap_index = 7308, .adv_w = 157, .box_w = 9, .box_h = 13, .ofs_x = 0, .ofs_y = 0},
    {.bitmap_index = 7344, .adv_w = 157, .box_w = 9, .box_h = 13, .ofs_x = 0, .ofs_y = 0},
    {.bitmap_index = 7380, .adv_w = 157, .box_w = 9, .box_h = 13, .ofs_x = 0, .ofs_y = 0},
    {.bitmap_index = 7420, .adv_w = 157, .box_w = 9, .box_h = 12, .ofs_x = 0, .ofs_y = 0},
    {.bitmap_index = 7457, .adv_w = 140, .box_w = 9, .box_h = 17, .ofs_x = 0, .ofs_y = -4},
    {.bitmap_index = 7520, .adv_w = 156, .box_w = 9, .box_h = 16, .ofs_x = 1, .ofs_y = -4},
    {.bitmap_index = 7571, .adv_w = 140, .box_w = 9, .box_h = 16, .ofs_x = 0, .ofs_y = -4},
    {.bitmap_index = 7634, .adv_w = 169, .box_w = 11, .box_h = 16, .ofs_x = 0, .ofs_y = 0},
    {.bitmap_index = 7705, .adv_w = 146, .box_w = 9, .box_h = 12, .ofs_x = 0, .ofs_y = 0},
    {.bitmap_index = 7756, .adv_w = 169, .box_w = 11, .box_h = 15, .ofs_x = 0, .ofs_y = 0},
    {.bitmap_index = 7825, .adv_w = 146, .box_w = 9, .box_h = 13, .ofs_x = 0, .ofs_y = 0},
    {.bitmap_index = 7882, .adv_w = 169, .box_w = 11, .box_h = 16, .ofs_x = 0, .ofs_y = -4},
    {.bitmap_index = 7954, .adv_w = 146, .box_w = 9, .box_h = 13, .ofs_x = 0, .ofs_y = -4},
    {.bitmap_index = 8009, .adv_w = 187, .box_w = 12, .box_h = 16, .ofs_x = 0, .ofs_y = 0},
    {.bitmap_index = 8082, .adv_w = 146, .box_w = 9, .box_h = 13, .ofs_x = 0, .ofs_y = 0},
    {.bitmap_index = 8133, .adv_w = 187, .box_w = 12, .box_h = 16, .ofs_x = 0, .ofs_y = 0},
    {.bitmap_index = 8209, .adv_w = 146, .box_w = 9, .box_h = 13, .ofs_x = 0, .ofs_y = 0},
    {.bitmap_index = 8264, .adv_w = 187, .box_w = 12, .box_h = 16, .ofs_x = 0, .ofs_y = 0},
    {.bitmap_index = 8334, .adv_w = 146, .box_w = 9, .box_h = 13, .ofs_x = 0, .ofs_y = 0},
    {.bitmap_index = 8383, .adv_w = 187, .box_w = 12, .box_h = 16, .ofs_x = 0, .ofs_y = 0},
    {.bitmap_index = 8461, .adv_w = 146, .box_w = 9, .box_h = 13, .ofs_x = 0, .ofs_y = 0},
    {.bitmap_index = 8515, .adv_w = 177, .box_w = 10, .box_h = 16, .ofs_x = 1, .ofs_y = 0},
    {.bitmap_index = 8576, .adv_w = 195, .box_w = 12, .box_h = 12, .ofs_x = 0, .ofs_y = 0},
    {.bitmap_index = 8631, .adv_w = 177, .box_w = 11, .box_h = 12, .ofs_x = 0, .ofs_y = 0},
    {.bitmap_index = 8688, .adv_w = 156, .box_w = 10, .box_h = 12, .ofs_x = 0, .ofs_y = 0},
    {.bitmap_index = 8740, .adv_w = 148, .box_w = 8, .box_h = 16, .ofs_x = 1, .ofs_y = 0},
    {.bitmap_index = 8783, .adv_w = 153, .box_w = 9, .box_h = 12, .ofs_x = 0, .ofs_y = 0},
    {.bitmap_index = 8833, .adv_w = 148, .box_w = 8, .box_h = 15, .ofs_x = 1, .ofs_y = 0},
    {.bitmap_index = 8873, .adv_w = 153, .box_w = 9, .box_h = 13, .ofs_x = 0, .ofs_y = 0},
    {.bitmap_index = 8923, .adv_w = 148, .box_w = 8, .box_h = 16, .ofs_x = 1, .ofs_y = -4},
    {.bitmap_index = 8967, .adv_w = 153, .box_w = 9, .box_h = 13, .ofs_x = 0, .ofs_y = -4},
    {.bitmap_index = 9021, .adv_w = 148, .box_w = 8, .box_h = 16, .ofs_x = 1, .ofs_y = 0},
    {.bitmap_index = 9067, .adv_w = 153, .box_w = 9, .box_h = 13, .ofs_x = 0, .ofs_y = 0},
    {.bitmap_index = 9122, .adv_w = 185, .box_w = 12, .box_h = 16, .ofs_x = 0, .ofs_y = 0},
    {.bitmap_index = 9204, .adv_w = 156, .box_w = 9, .box_h = 17, .ofs_x = 0, .ofs_y = -4},
    {.bitmap_index = 9274, .adv_w = 185, .box_w = 12, .box_h = 16, .ofs_x = 0, .ofs_y = 0},
    {.bitmap_index = 9357, .adv_w = 156, .box_w = 9, .box_h = 17, .ofs_x = 0, .ofs_y = -4},
    {.bitmap_index = 9428, .adv_w = 185, .box_w = 12, .box_h = 16, .ofs_x = 0, .ofs_y = 0},
    {.bitmap_index = 9505, .adv_w = 156, .box_w = 9, .box_h = 17, .ofs_x = 0, .ofs_y = -4},
    {.bitmap_index = 9571, .adv_w = 185, .box_w = 12, .box_h = 17, .ofs_x = 0, .ofs_y = -5},
    {.bitmap_index = 9654, .adv_w = 156, .box_w = 9, .box_h = 18, .ofs_x = 0, .ofs_y = -4},
    {.bitmap_index = 9722, .adv_w = 182, .box_w = 10, .box_h = 16, .ofs_x = 1, .ofs_y = 0},
    {.bitmap_index = 9760, .adv_w = 157, .box_w = 10, .box_h = 16, .ofs_x = -1, .ofs_y = 0},
    {.bitmap_index = 9805, .adv_w = 187, .box_w = 12, .box_h = 12, .ofs_x = 0, .ofs_y = 0},
    {.bitmap_index = 9842, .adv_w = 157, .box_w = 9, .box_h = 12, .ofs_x = 0, .ofs_y = 0},
    {.bitmap_index = 9879, .adv_w = 68, .box_w = 6, .box_h = 16, .ofs_x = -1, .ofs_y = 0},
    {.bitmap_index = 9896, .adv_w = 68, .box_w = 6, .box_h = 13, .ofs_x = -1, .ofs_y = 0},
    {.bitmap_index = 9911, .adv_w = 68, .box_w = 5, .box_h = 16, .ofs_x = 0, .ofs_y = 0},
    {.bitmap_index = 9924, .adv_w = 68, .box_w = 5, .box_h = 12, .ofs_x = 0, .ofs_y = 0},
    {.bitmap_index = 9935, .adv_w = 68, .box_w = 4, .box_h = 16, .ofs_x = -1, .ofs_y = -4},
    {.bitmap_index = 9950, .adv_w = 68, .box_w = 4, .box_h = 16, .ofs_x = -1, .ofs_y = -4},
    {.bitmap_index = 9971, .adv_w = 68, .box_w = 2, .box_h = 15, .ofs_x = 1, .ofs_y = 0},
    {.bitmap_index = 9979, .adv_w = 68, .box_w = 2, .box_h = 9, .ofs_x = 1, .ofs_y = 0},
    {.bitmap_index = 9984, .adv_w = 125, .box_w = 9, .box_h = 16, .ofs_x = 0, .ofs_y = 0},
    {.bitmap_index = 10020, .adv_w = 71, .box_w = 7, .box_h = 17, .ofs_x = -1, .ofs_y = -4},
    {.bitmap_index = 10049, .adv_w = 161, .box_w = 10, .box_h = 17, .ofs_x = 1, .ofs_y = -5},
    {.bitmap_index = 10112, .adv_w = 134, .box_w = 8, .box_h = 17, .ofs_x = 1, .ofs_y = -5},
    {.bitmap_index = 10163, .adv_w = 135, .box_w = 8, .box_h = 16, .ofs_x = 1, .ofs_y = 0},
    {.bitmap_index = 10185, .adv_w = 68, .box_w = 3, .box_h = 16, .ofs_x = 1, .ofs_y = 0},
    {.bitmap_index = 10196, .adv_w = 135, .box_w = 8, .box_h = 17, .ofs_x = 1, .ofs_y = -5},
    {.bitmap_index = 10223, .adv_w = 68, .box_w = 2, .box_h = 17, .ofs_x = 1, .ofs_y = -5},
    {.bitmap_index = 10233, .adv_w = 135, .box_w = 8, .box_h = 12, .ofs_x = 1, .ofs_y = 0},
    {.bitmap_index = 10255, .adv_w = 103, .box_w = 6, .box_h = 12, .ofs_x = 1, .ofs_y = 0},
    {.bitmap_index = 10269, .adv_w = 138, .box_w = 9, .box_h = 12, .ofs_x = 0, .ofs_y = 0},
    {.bitmap_index = 10300, .adv_w = 100, .box_w = 6, .box_h = 12, .ofs_x = 0, .ofs_y = 0},
    {.bitmap_index = 10324, .adv_w = 181, .box_w = 10, .box_h = 16, .ofs_x = 1, .ofs_y = 0},
    {.bitmap_index = 10378, .adv_w = 157, .box_w = 8, .box_h = 13, .ofs_x = 1, .ofs_y = 0},
    {.bitmap_index = 10414, .adv_w = 181, .box_w = 10, .box_h = 17, .ofs_x = 1, .ofs_y = -5},
    {.bitmap_index = 10471, .adv_w = 157, .box_w = 8, .box_h = 14, .ofs_x = 1, .ofs_y = -5},
    {.bitmap_index = 10510, .adv_w = 181, .box_w = 10, .box_h = 16, .ofs_x = 1, .ofs_y = 0},
    {.bitmap_index = 10568, .adv_w = 157, .box_w = 8, .box_h = 13, .ofs_x = 1, .ofs_y = 0},
    {.bitmap_index = 10608, .adv_w = 181, .box_w = 10, .box_h = 16, .ofs_x = 1, .ofs_y = -4},
    {.bitmap_index = 10663, .adv_w = 157, .box_w = 8, .box_h = 13, .ofs_x = 1, .ofs_y = -4},
    {.bitmap_index = 10699, .adv_w = 190, .box_w = 12, .box_h = 16, .ofs_x = 0, .ofs_y = 0},
    {.bitmap_index = 10775, .adv_w = 156, .box_w = 10, .box_h = 12, .ofs_x = 0, .ofs_y = 0},
    {.bitmap_index = 10831, .adv_w = 190, .box_w = 12, .box_h = 16, .ofs_x = 0, .ofs_y = 0},
    {.bitmap_index = 10912, .adv_w = 156, .box_w = 10, .box_h = 13, .ofs_x = 0, .ofs_y = 0},
    {.bitmap_index = 10974, .adv_w = 286, .box_w = 18, .box_h = 12, .ofs_x = 0, .ofs_y = 0},
    {.bitmap_index = 11058, .adv_w = 260, .box_w = 16, .box_h = 9, .ofs_x = 0, .ofs_y = 0},
    {.bitmap_index = 11127, .adv_w = 167, .box_w = 9, .box_h = 16, .ofs_x = 1, .ofs_y = 0},
    {.bitmap_index = 11182, .adv_w = 99, .box_w = 5, .box_h = 13, .ofs_x = 1, .ofs_y = 0},
    {.bitmap_index = 11207, .adv_w = 167, .box_w = 9, .box_h = 17, .ofs_x = 1, .ofs_y = -5},
    {.bitmap_index = 11265, .adv_w = 99, .box_w = 5, .box_h = 14, .ofs_x = 1, .ofs_y = -5},
    {.bitmap_index = 11291, .adv_w = 167, .box_w = 9, .box_h = 16, .ofs_x = 1, .ofs_y = 0},
    {.bitmap_index = 11350, .adv_w = 99, .box_w = 7, .box_h = 13, .ofs_x = 0, .ofs_y = 0},
    {.bitmap_index = 11381, .adv_w = 165, .box_w = 10, .box_h = 16, .ofs_x = 0, .ofs_y = 0},
    {.bitmap_index = 11453, .adv_w = 137, .box_w = 8, .box_h = 13, .ofs_x = 0, .ofs_y = 0},
    {.bitmap_index = 11502, .adv_w = 165, .box_w = 10, .box_h = 16, .ofs_x = 0, .ofs_y = 0},
    {.bitmap_index = 11577, .adv_w = 137, .box_w = 8, .box_h = 13, .ofs_x = 0, .ofs_y = 0},
    {.bitmap_index = 11629, .adv_w = 165, .box_w = 10, .box_h = 16, .ofs_x = 0, .ofs_y = -4},
    {.bitmap_index = 11703, .adv_w = 137, .box_w = 8, .box_h = 13, .ofs_x = 0, .ofs_y = -4},
    {.bitmap_index = 11753, .adv_w = 165, .box_w = 10, .box_h = 16, .ofs_x = 0, .ofs_y = 0},
    {.bitmap_index = 11829, .adv_w = 137, .box_w = 8, .box_h = 13, .ofs_x = 0, .ofs_y = 0},
    {.bitmap_index = 11881, .adv_w = 154, .box_w = 10, .box_h = 16, .ofs_x = 0, .ofs_y = -4},
    {.bitmap_index = 11911, .adv_w = 108, .box_w = 7, .box_h = 15, .ofs_x = 0, .ofs_y = -4},
    {.bitmap_index = 11951, .adv_w = 154, .box_w = 10, .box_h = 16, .ofs_x = 0, .ofs_y = 0},
    {.bitmap_index = 11987, .adv_w = 108, .box_w = 8, .box_h = 14, .ofs_x = 0, .ofs_y = 0},
    {.bitmap_index = 12027, .adv_w = 154, .box_w = 10, .box_h = 12, .ofs_x = 0, .ofs_y = 0},
    {.bitmap_index = 12060, .adv_w = 113, .box_w = 7, .box_h = 12, .ofs_x = 0, .ofs_y = 0},
    {.bitmap_index = 12100, .adv_w = 183, .box_w = 10, .box_h = 17, .ofs_x = 1, .ofs_y = 0},
    {.bitmap_index = 12150, .adv_w = 157, .box_w = 9, .box_h = 14, .ofs_x = 0, .ofs_y = 0},
    {.bitmap_index = 12192, .adv_w = 183, .box_w = 10, .box_h = 16, .ofs_x = 1, .ofs_y = 0},
    {.bitmap_index = 12236, .adv_w = 157, .box_w = 9, .box_h = 12, .ofs_x = 0, .ofs_y = 0},
    {.bitmap_index = 12271, .adv_w = 183, .box_w = 10, .box_h = 16, .ofs_x = 1, .ofs_y = 0},
    {.bitmap_index = 12318, .adv_w = 157, .box_w = 9, .box_h = 13, .ofs_x = 0, .ofs_y = 0},
    {.bitmap_index = 12359, .adv_w = 183, .box_w = 10, .box_h = 17, .ofs_x = 1, .ofs_y = 0},
    {.bitmap_index = 12409, .adv_w = 157, .box_w = 9, .box_h = 14, .ofs_x = 0, .ofs_y = 0},
    {.bitmap_index = 12451, .adv_w = 183, .box_w = 10, .box_h = 16, .ofs_x = 1, .ofs_y = 0},
    {.bitmap_index = 12498, .adv_w = 157, .box_w = 9, .box_h = 13, .ofs_x = 0, .ofs_y = 0},
    {.bitmap_index = 12539, .adv_w = 183, .box_w = 10, .box_h = 16, .ofs_x = 1, .ofs_y = -4},
    {.bitmap_index = 12583, .adv_w = 157, .box_w = 9, .box_h = 13, .ofs_x = 0, .ofs_y = -4},
    {.bitmap_index = 12621, .adv_w = 246, .box_w = 16, .box_h = 16, .ofs_x = 0, .ofs_y = 0},
    {.bitmap_index = 12733, .adv_w = 202, .box_w = 13, .box_h = 13, .ofs_x = 0, .ofs_y = 0},
    {.bitmap_index = 12810, .adv_w = 152, .box_w = 10, .box_h = 16, .ofs_x = 0, .ofs_y = 0},
    {.bitmap_index = 12865, .adv_w = 140, .box_w = 9, .box_h = 16, .ofs_x = 0, .ofs_y = -4},
    {.bitmap_index = 12927, .adv_w = 152, .box_w = 10, .box_h = 15, .ofs_x = 0, .ofs_y = 0},
    {.bitmap_index = 12979, .adv_w = 166, .box_w = 10, .box_h = 16, .ofs_x = 0, .ofs_y = 0},
    {.bitmap_index = 13037, .adv_w = 136, .box_w = 8, .box_h = 13, .ofs_x = 0, .ofs_y = 0},
    {.bitmap_index = 13081, .adv_w = 166, .box_w = 10, .box_h = 15, .ofs_x = 0, .ofs_y = 0},
    {.bitmap_index = 13137, .adv_w = 136, .box_w = 8, .box_h = 12, .ofs_x = 0, .ofs_y = 0},
    {.bitmap_index = 13178, .adv_w = 166, .box_w = 10, .box_h = 16, .ofs_x = 0, .ofs_y = 0},
    {.bitmap_index = 13240, .adv_w = 136, .box_w = 8, .box_h = 13, .ofs_x = 0, .ofs_y = 0},
    {.bitmap_index = 13287, .adv_w = 75, .box_w = 4, .box_h = 3, .ofs_x = 0, .ofs_y = 9},
    {.bitmap_index = 13293, .adv_w = 75, .box_w = 4, .box_h = 3, .ofs_x = 0, .ofs_y = -4},
    {.bitmap_index = 13300, .adv_w = 85, .box_w = 3, .box_h = 11, .ofs_x = 1, .ofs_y = -2},
    {.bitmap_index = 13314, .adv_w = 154, .box_w = 3, .box_h = 3, .ofs_x = 3, .ofs_y = 9},
    {.bitmap_index = 13319, .adv_w = 154, .box_w = 7, .box_h = 3, .ofs_x = 1, .ofs_y = 10},
    {.bitmap_index = 13330, .adv_w = 171, .box_w = 11, .box_h = 12, .ofs_x = 0, .ofs_y = 0},
    {.bitmap_index = 13390, .adv_w = 154, .box_w = 4, .box_h = 3, .ofs_x = 0, .ofs_y = 4},
    {.bitmap_index = 13397, .adv_w = 188, .box_w = 11, .box_h = 12, .ofs_x = 0, .ofs_y = 0},
    {.bitmap_index = 13432, .adv_w = 219, .box_w = 13, .box_h = 12, .ofs_x = 0, .ofs_y = 0},
    {.bitmap_index = 13463, .adv_w = 100, .box_w = 6, .box_h = 12, .ofs_x = 0, .ofs_y = 0},
    {.bitmap_index = 13476, .adv_w = 217, .box_w = 14, .box_h = 12, .ofs_x = 0, .ofs_y = 0},
    {.bitmap_index = 13548, .adv_w = 206, .box_w = 13, .box_h = 12, .ofs_x = 0, .ofs_y = 0},
    {.bitmap_index = 13594, .adv_w = 220, .box_w = 14, .box_h = 12, .ofs_x = 0, .ofs_y = 0},
    {.bitmap_index = 13669, .adv_w = 116, .box_w = 7, .box_h = 14, .ofs_x = 0, .ofs_y = 0},
    {.bitmap_index = 13697, .adv_w = 169, .box_w = 11, .box_h = 12, .ofs_x = 0, .ofs_y = 0},
    {.bitmap_index = 13753, .adv_w = 160, .box_w = 9, .box_h = 12, .ofs_x = 1, .ofs_y = 0},
    {.bitmap_index = 13800, .adv_w = 138, .box_w = 8, .box_h = 12, .ofs_x = 1, .ofs_y = 0},
    {.bitmap_index = 13812, .adv_w = 169, .box_w = 11, .box_h = 12, .ofs_x = 0, .ofs_y = 0},
    {.bitmap_index = 13869, .adv_w = 148, .box_w = 8, .box_h = 12, .ofs_x = 1, .ofs_y = 0},
    {.bitmap_index = 13899, .adv_w = 166, .box_w = 10, .box_h = 12, .ofs_x = 0, .ofs_y = 0},
    {.bitmap_index = 13944, .adv_w = 182, .box_w = 10, .box_h = 12, .ofs_x = 1, .ofs_y = 0},
    {.bitmap_index = 13965, .adv_w = 190, .box_w = 12, .box_h = 12, .ofs_x = 0, .ofs_y = 0},
    {.bitmap_index = 14031, .adv_w = 68, .box_w = 2, .box_h = 12, .ofs_x = 1, .ofs_y = 0},
    {.bitmap_index = 14036, .adv_w = 161, .box_w = 10, .box_h = 12, .ofs_x = 1, .ofs_y = 0},
    {.bitmap_index = 14081, .adv_w = 161, .box_w = 10, .box_h = 12, .ofs_x = 0, .ofs_y = 0},
    {.bitmap_index = 14135, .adv_w = 218, .box_w = 12, .box_h = 12, .ofs_x = 1, .ofs_y = 0},
    {.bitmap_index = 14191, .adv_w = 181, .box_w = 10, .box_h = 12, .ofs_x = 1, .ofs_y = 0},
    {.bitmap_index = 14232, .adv_w = 182, .box_w = 10, .box_h = 12, .ofs_x = 1, .ofs_y = 0},
    {.bitmap_index = 14260, .adv_w = 190, .box_w = 12, .box_h = 12, .ofs_x = 0, .ofs_y = 0},
    {.bitmap_index = 14323, .adv_w = 182, .box_w = 10, .box_h = 12, .ofs_x = 1, .ofs_y = 0},
    {.bitmap_index = 14339, .adv_w = 161, .box_w = 9, .box_h = 12, .ofs_x = 1, .ofs_y = 0},
    {.bitmap_index = 14376, .adv_w = 164, .box_w = 9, .box_h = 12, .ofs_x = 1, .ofs_y = 0},
    {.bitmap_index = 14419, .adv_w = 154, .box_w = 10, .box_h = 12, .ofs_x = 0, .ofs_y = 0},
    {.bitmap_index = 14438, .adv_w = 152, .box_w = 10, .box_h = 12, .ofs_x = 0, .ofs_y = 0},
    {.bitmap_index = 14476, .adv_w = 187, .box_w = 12, .box_h = 12, .ofs_x = 0, .ofs_y = 0},
    {.bitmap_index = 14540, .adv_w = 164, .box_w = 11, .box_h = 12, .ofs_x = 0, .ofs_y = 0},
    {.bitmap_index = 14599, .adv_w = 190, .box_w = 10, .box_h = 12, .ofs_x = 1, .ofs_y = 0},
    {.bitmap_index = 14637, .adv_w = 190, .box_w = 12, .box_h = 12, .ofs_x = 0, .ofs_y = 0},
    {.bitmap_index = 14700, .adv_w = 68, .box_w = 6, .box_h = 15, .ofs_x = -1, .ofs_y = 0},
    {.bitmap_index = 14714, .adv_w = 152, .box_w = 10, .box_h = 15, .ofs_x = 0, .ofs_y = 0},
    {.bitmap_index = 14766, .adv_w = 159, .box_w = 9, .box_h = 13, .ofs_x = 0, .ofs_y = 0},
    {.bitmap_index = 14818, .adv_w = 132, .box_w = 8, .box_h = 13, .ofs_x = 0, .ofs_y = 0},
    {.bitmap_index = 14867, .adv_w = 157, .box_w = 8, .box_h = 13, .ofs_x = 1, .ofs_y = 0},
    {.bitmap_index = 14903, .adv_w = 100, .box_w = 5, .box_h = 13, .ofs_x = 1, .ofs_y = 0},
    {.bitmap_index = 14922, .adv_w = 155, .box_w = 9, .box_h = 14, .ofs_x = 0, .ofs_y = 0},
    {.bitmap_index = 14966, .adv_w = 159, .box_w = 9, .box_h = 9, .ofs_x = 0, .ofs_y = 0},
    {.bitmap_index = 15006, .adv_w = 151, .box_w = 8, .box_h = 16, .ofs_x = 1, .ofs_y = -4},
    {.bitmap_index = 15058, .adv_w = 138, .box_w = 9, .box_h = 12, .ofs_x = 0, .ofs_y = -3},
    {.bitmap_index = 15104, .adv_w = 156, .box_w = 10, .box_h = 12, .ofs_x = 0, .ofs_y = 0},
    {.bitmap_index = 15160, .adv_w = 132, .box_w = 8, .box_h = 9, .ofs_x = 0, .ofs_y = 0},
    {.bitmap_index = 15198, .adv_w = 133, .box_w = 9, .box_h = 14, .ofs_x = 0, .ofs_y = -2},
    {.bitmap_index = 15254, .adv_w = 157, .box_w = 8, .box_h = 9, .ofs_x = 1, .ofs_y = 0},
    {.bitmap_index = 15278, .adv_w = 173, .box_w = 11, .box_h = 12, .ofs_x = 0, .ofs_y = 0},
    {.bitmap_index = 15340, .adv_w = 100, .box_w = 5, .box_h = 9, .ofs_x = 1, .ofs_y = 0},
    {.bitmap_index = 15350, .adv_w = 134, .box_w = 8, .box_h = 9, .ofs_x = 1, .ofs_y = 0},
    {.bitmap_index = 15382, .adv_w = 143, .box_w = 9, .box_h = 12, .ofs_x = 0, .ofs_y = 0},
    {.bitmap_index = 15430, .adv_w = 160, .box_w = 8, .box_h = 13, .ofs_x = 1, .ofs_y = -4},
    {.bitmap_index = 15459, .adv_w = 138, .box_w = 9, .box_h = 9, .ofs_x = 0, .ofs_y = 0},
    {.bitmap_index = 15498, .adv_w = 145, .box_w = 10, .box_h = 14, .ofs_x = 0, .ofs_y = -2},
    {.bitmap_index = 15561, .adv_w = 156, .box_w = 10, .box_h = 9, .ofs_x = 0, .ofs_y = 0},
    {.bitmap_index = 15606, .adv_w = 171, .box_w = 11, .box_h = 9, .ofs_x = 0, .ofs_y = 0},
    {.bitmap_index = 15623, .adv_w = 159, .box_w = 9, .box_h = 13, .ofs_x = 1, .ofs_y = -4},
    {.bitmap_index = 15669, .adv_w = 146, .box_w = 9, .box_h = 11, .ofs_x = 0, .ofs_y = -2},
    {.bitmap_index = 15715, .adv_w = 160, .box_w = 10, .box_h = 9, .ofs_x = 0, .ofs_y = 0},
    {.bitmap_index = 15760, .adv_w = 139, .box_w = 8, .box_h = 9, .ofs_x = 0, .ofs_y = 0},
    {.bitmap_index = 15782, .adv_w = 155, .box_w = 9, .box_h = 9, .ofs_x = 0, .ofs_y = 0},
    {.bitmap_index = 15807, .adv_w = 192, .box_w = 12, .box_h = 16, .ofs_x = 0, .ofs_y = -4},
    {.bitmap_index = 15878, .adv_w = 140, .box_w = 9, .box_h = 9, .ofs_x = 0, .ofs_y = 0},
    {.bitmap_index = 15917, .adv_w = 184, .box_w = 11, .box_h = 13, .ofs_x = 0, .ofs_y = -4},
    {.bitmap_index = 15954, .adv_w = 202, .box_w = 13, .box_h = 10, .ofs_x = 0, .ofs_y = 0},
    {.bitmap_index = 16016, .adv_w = 98, .box_w = 7, .box_h = 12, .ofs_x = -1, .ofs_y = 0},
    {.bitmap_index = 16038, .adv_w = 155, .box_w = 9, .box_h = 12, .ofs_x = 0, .ofs_y = 0},
    {.bitmap_index = 16076, .adv_w = 156, .box_w = 10, .box_h = 13, .ofs_x = 0, .ofs_y = 0},
    {.bitmap_index = 16134, .adv_w = 155, .box_w = 9, .box_h = 13, .ofs_x = 0, .ofs_y = 0},
    {.bitmap_index = 16171, .adv_w = 202, .box_w = 13, .box_h = 13, .ofs_x = 0, .ofs_y = 0},
    {.bitmap_index = 16243, .adv_w = 148, .box_w = 8, .box_h = 16, .ofs_x = 1, .ofs_y = 0},
    {.bitmap_index = 16285, .adv_w = 148, .box_w = 8, .box_h = 15, .ofs_x = 1, .ofs_y = 0},
    {.bitmap_index = 16327, .adv_w = 170, .box_w = 11, .box_h = 12, .ofs_x = 0, .ofs_y = 0},
    {.bitmap_index = 16378, .adv_w = 138, .box_w = 8, .box_h = 16, .ofs_x = 1, .ofs_y = 0},
    {.bitmap_index = 16402, .adv_w = 184, .box_w = 12, .box_h = 12, .ofs_x = 0, .ofs_y = 0},
    {.bitmap_index = 16467, .adv_w = 165, .box_w = 10, .box_h = 12, .ofs_x = 0, .ofs_y = 0},
    {.bitmap_index = 16527, .adv_w = 68, .box_w = 2, .box_h = 12, .ofs_x = 1, .ofs_y = 0},
    {.bitmap_index = 16532, .adv_w = 68, .box_w = 6, .box_h = 15, .ofs_x = -1, .ofs_y = 0},
    {.bitmap_index = 16546, .adv_w = 125, .box_w = 7, .box_h = 12, .ofs_x = 0, .ofs_y = 0},
    {.bitmap_index = 16563, .adv_w = 281, .box_w = 17, .box_h = 13, .ofs_x = 0, .ofs_y = -1},
    {.bitmap_index = 16640, .adv_w = 278, .box_w = 16, .box_h = 12, .ofs_x = 1, .ofs_y = 0},
    {.bitmap_index = 16689, .adv_w = 171, .box_w = 10, .box_h = 12, .ofs_x = 0, .ofs_y = 0},
    {.bitmap_index = 16730, .adv_w = 161, .box_w = 10, .box_h = 16, .ofs_x = 1, .ofs_y = 0},
    {.bitmap_index = 16788, .adv_w = 181, .box_w = 10, .box_h = 16, .ofs_x = 1, .ofs_y = 0},
    {.bitmap_index = 16842, .adv_w = 162, .box_w = 10, .box_h = 16, .ofs_x = 0, .ofs_y = 0},
    {.bitmap_index = 16910, .adv_w = 194, .box_w = 10, .box_h = 14, .ofs_x = 1, .ofs_y = -2},
    {.bitmap_index = 16933, .adv_w = 169, .box_w = 11, .box_h = 12, .ofs_x = 0, .ofs_y = 0},
    {.bitmap_index = 16989, .adv_w = 161, .box_w = 9, .box_h = 12, .ofs_x = 1, .ofs_y = 0},
    {.bitmap_index = 17029, .adv_w = 160, .box_w = 9, .box_h = 12, .ofs_x = 1, .ofs_y = 0},
    {.bitmap_index = 17076, .adv_w = 138, .box_w = 8, .box_h = 12, .ofs_x = 1, .ofs_y = 0},
    {.bitmap_index = 17088, .adv_w = 191, .box_w = 12, .box_h = 14, .ofs_x = 0, .ofs_y = -2},
    {.bitmap_index = 17144, .adv_w = 148, .box_w = 8, .box_h = 12, .ofs_x = 1, .ofs_y = 0},
    {.bitmap_index = 17174, .adv_w = 232, .box_w = 15, .box_h = 12, .ofs_x = 0, .ofs_y = 0},
    {.bitmap_index = 17250, .adv_w = 162, .box_w = 10, .box_h = 12, .ofs_x = 0, .ofs_y = 0},
    {.bitmap_index = 17306, .adv_w = 181, .box_w = 10, .box_h = 12, .ofs_x = 1, .ofs_y = 0},
    {.bitmap_index = 17346, .adv_w = 181, .box_w = 10, .box_h = 15, .ofs_x = 1, .ofs_y = 0},
    {.bitmap_index = 17400, .adv_w = 161, .box_w = 10, .box_h = 12, .ofs_x = 1, .ofs_y = 0},
    {.bitmap_index = 17445, .adv_w = 183, .box_w = 11, .box_h = 13, .ofs_x = 0, .ofs_y = -1},
    {.bitmap_index = 17494, .adv_w = 218, .box_w = 12, .box_h = 12, .ofs_x = 1, .ofs_y = 0},
    {.bitmap_index = 17550, .adv_w = 182, .box_w = 10, .box_h = 12, .ofs_x = 1, .ofs_y = 0},
    {.bitmap_index = 17571, .adv_w = 190, .box_w = 12, .box_h = 12, .ofs_x = 0, .ofs_y = 0},
    {.bitmap_index = 17634, .adv_w = 182, .box_w = 10, .box_h = 12, .ofs_x = 1, .ofs_y = 0},
    {.bitmap_index = 17650, .adv_w = 161, .box_w = 9, .box_h = 12, .ofs_x = 1, .ofs_y = 0},
    {.bitmap_index = 17687, .adv_w = 187, .box_w = 12, .box_h = 12, .ofs_x = 0, .ofs_y = 0},
    {.bitmap_index = 17747, .adv_w = 154, .box_w = 10, .box_h = 12, .ofs_x = 0, .ofs_y = 0},
    {.bitmap_index = 17766, .adv_w = 162, .box_w = 10, .box_h = 12, .ofs_x = 0, .ofs_y = 0},
    {.bitmap_index = 17818, .adv_w = 187, .box_w = 12, .box_h = 12, .ofs_x = 0, .ofs_y = 0},
    {.bitmap_index = 17882, .adv_w = 164, .box_w = 11, .box_h = 12, .ofs_x = 0, .ofs_y = 0},
    {.bitmap_index = 17941, .adv_w = 189, .box_w = 11, .box_h = 14, .ofs_x = 1, .ofs_y = -2},
    {.bitmap_index = 17966, .adv_w = 171, .box_w = 9, .box_h = 12, .ofs_x = 1, .ofs_y = 0},
    {.bitmap_index = 17999, .adv_w = 239, .box_w = 13, .box_h = 12, .ofs_x = 1, .ofs_y = 0},
    {.bitmap_index = 18024, .adv_w = 244, .box_w = 15, .box_h = 14, .ofs_x = 1, .ofs_y = -2},
    {.bitmap_index = 18059, .adv_w = 165, .box_w = 11, .box_h = 12, .ofs_x = -1, .ofs_y = 0},
    {.bitmap_index = 18102, .adv_w = 216, .box_w = 12, .box_h = 12, .ofs_x = 1, .ofs_y = 0},
    {.bitmap_index = 18144, .adv_w = 163, .box_w = 9, .box_h = 12, .ofs_x = 1, .ofs_y = 0},
    {.bitmap_index = 18178, .adv_w = 183, .box_w = 11, .box_h = 12, .ofs_x = 0, .ofs_y = 0},
    {.bitmap_index = 18235, .adv_w = 240, .box_w = 14, .box_h = 12, .ofs_x = 1, .ofs_y = 0},
    {.bitmap_index = 18305, .adv_w = 167, .box_w = 10, .box_h = 12, .ofs_x = 0, .ofs_y = 0},
    {.bitmap_index = 18353, .adv_w = 146, .box_w = 9, .box_h = 9, .ofs_x = 0, .ofs_y = 0},
    {.bitmap_index = 18394, .adv_w = 152, .box_w = 9, .box_h = 13, .ofs_x = 0, .ofs_y = 0},
    {.bitmap_index = 18452, .adv_w = 141, .box_w = 8, .box_h = 9, .ofs_x = 1, .ofs_y = 0},
    {.bitmap_index = 18488, .adv_w = 122, .box_w = 7, .box_h = 9, .ofs_x = 1, .ofs_y = 0},
    {.bitmap_index = 18500, .adv_w = 159, .box_w = 10, .box_h = 11, .ofs_x = 0, .ofs_y = -2},
    {.bitmap_index = 18544, .adv_w = 153, .box_w = 9, .box_h = 9, .ofs_x = 0, .ofs_y = 0},
    {.bitmap_index = 18584, .adv_w = 190, .box_w = 12, .box_h = 9, .ofs_x = 0, .ofs_y = 0},
    {.bitmap_index = 18636, .adv_w = 132, .box_w = 8, .box_h = 9, .ofs_x = 0, .ofs_y = 0},
    {.bitmap_index = 18673, .adv_w = 152, .box_w = 8, .box_h = 9, .ofs_x = 1, .ofs_y = 0},
    {.bitmap_index = 18701, .adv_w = 152, .box_w = 8, .box_h = 12, .ofs_x = 1, .ofs_y = 0},
    {.bitmap_index = 18741, .adv_w = 134, .box_w = 8, .box_h = 9, .ofs_x = 1, .ofs_y = 0},
    {.bitmap_index = 18773, .adv_w = 152, .box_w = 9, .box_h = 10, .ofs_x = 0, .ofs_y = -1},
    {.bitmap_index = 18809, .adv_w = 183, .box_w = 10, .box_h = 9, .ofs_x = 1, .ofs_y = 0},
    {.bitmap_index = 18846, .adv_w = 157, .box_w = 8, .box_h = 9, .ofs_x = 1, .ofs_y = 0},
    {.bitmap_index = 18864, .adv_w = 156, .box_w = 10, .box_h = 9, .ofs_x = 0, .ofs_y = 0},
    {.bitmap_index = 18909, .adv_w = 152, .box_w = 8, .box_h = 9, .ofs_x = 1, .ofs_y = 0},
    {.bitmap_index = 18921, .adv_w = 156, .box_w = 9, .box_h = 13, .ofs_x = 1, .ofs_y = -4},
    {.bitmap_index = 18968, .adv_w = 146, .box_w = 9, .box_h = 9, .ofs_x = 0, .ofs_y = 0},
    {.bitmap_index = 19007, .adv_w = 134, .box_w = 8, .box_h = 9, .ofs_x = 0, .ofs_y = 0},
    {.bitmap_index = 19021, .adv_w = 140, .box_w = 9, .box_h = 13, .ofs_x = 0, .ofs_y = -4},
    {.bitmap_index = 19071, .adv_w = 190, .box_w = 12, .box_h = 16, .ofs_x = 0, .ofs_y = -4},
    {.bitmap_index = 19142, .adv_w = 140, .box_w = 9, .box_h = 9, .ofs_x = 0, .ofs_y = 0},
    {.bitmap_index = 19181, .adv_w = 164, .box_w = 10, .box_h = 11, .ofs_x = 1, .ofs_y = -2},
    {.bitmap_index = 19204, .adv_w = 145, .box_w = 8, .box_h = 9, .ofs_x = 0, .ofs_y = 0},
    {.bitmap_index = 19232, .adv_w = 200, .box_w = 11, .box_h = 9, .ofs_x = 1, .ofs_y = 0},
    {.bitmap_index = 19252, .adv_w = 199, .box_w = 12, .box_h = 11, .ofs_x = 1, .ofs_y = -2},
    {.bitmap_index = 19280, .adv_w = 150, .box_w = 9, .box_h = 9, .ofs_x = 0, .ofs_y = 0},
    {.bitmap_index = 19314, .adv_w = 183, .box_w = 10, .box_h = 9, .ofs_x = 1, .ofs_y = 0},
    {.bitmap_index = 19347, .adv_w = 143, .box_w = 8, .box_h = 9, .ofs_x = 1, .ofs_y = 0},
    {.bitmap_index = 19376, .adv_w = 146, .box_w = 9, .box_h = 9, .ofs_x = 0, .ofs_y = 0},
    {.bitmap_index = 19416, .adv_w = 213, .box_w = 12, .box_h = 9, .ofs_x = 1, .ofs_y = 0},
    {.bitmap_index = 19466, .adv_w = 147, .box_w = 9, .box_h = 9, .ofs_x = 0, .ofs_y = 0},
    {.bitmap_index = 19503, .adv_w = 153, .box_w = 9, .box_h = 13, .ofs_x = 0, .ofs_y = 0},
    {.bitmap_index = 19555, .adv_w = 153, .box_w = 9, .box_h = 12, .ofs_x = 0, .ofs_y = 0},
    {.bitmap_index = 19608, .adv_w = 157, .box_w = 9, .box_h = 16, .ofs_x = 0, .ofs_y = -4},
    {.bitmap_index = 19658, .adv_w = 122, .box_w = 7, .box_h = 13, .ofs_x = 1, .ofs_y = 0},
    {.bitmap_index = 19681, .adv_w = 146, .box_w = 9, .box_h = 9, .ofs_x = 0, .ofs_y = 0},
    {.bitmap_index = 19722, .adv_w = 137, .box_w = 8, .box_h = 9, .ofs_x = 0, .ofs_y = 0},
    {.bitmap_index = 19759, .adv_w = 68, .box_w = 2, .box_h = 12, .ofs_x = 1, .ofs_y = 0},
    {.bitmap_index = 19767, .adv_w = 68, .box_w = 6, .box_h = 12, .ofs_x = -1, .ofs_y = 0},
    {.bitmap_index = 19782, .adv_w = 71, .box_w = 5, .box_h = 16, .ofs_x = -1, .ofs_y = -4},
    {.bitmap_index = 19803, .adv_w = 217, .box_w = 13, .box_h = 10, .ofs_x = 0, .ofs_y = -1},
    {.bitmap_index = 19856, .adv_w = 211, .box_w = 12, .box_h = 9, .ofs_x = 1, .ofs_y = 0},
    {.bitmap_index = 19897, .adv_w = 157, .box_w = 9, .box_h = 12, .ofs_x = 0, .ofs_y = 0},
    {.bitmap_index = 19934, .adv_w = 134, .box_w = 8, .box_h = 13, .ofs_x = 1, .ofs_y = 0},
    {.bitmap_index = 19978, .adv_w = 152, .box_w = 8, .box_h = 13, .ofs_x = 1, .ofs_y = 0},
    {.bitmap_index = 20018, .adv_w = 140, .box_w = 9, .box_h = 16, .ofs_x = 0, .ofs_y = -4},
    {.bitmap_index = 20081, .adv_w = 152, .box_w = 8, .box_h = 11, .ofs_x = 1, .ofs_y = -2},
    {.bitmap_index = 20101, .adv_w = 141, .box_w = 8, .box_h = 14, .ofs_x = 1, .ofs_y = 0},
    {.bitmap_index = 20119, .adv_w = 122, .box_w = 7, .box_h = 11, .ofs_x = 1, .ofs_y = 0},
    {.bitmap_index = 20137, .adv_w = 152, .box_w = 10, .box_h = 12, .ofs_x = 0, .ofs_y = 0},
    {.bitmap_index = 20175, .adv_w = 138, .box_w = 9, .box_h = 12, .ofs_x = 0, .ofs_y = -3},
    {.bitmap_index = 20221, .adv_w = 171, .box_w = 9, .box_h = 12, .ofs_x = 1, .ofs_y = 0},
    {.bitmap_index = 20251, .adv_w = 146, .box_w = 8, .box_h = 9, .ofs_x = 1, .ofs_y = 0},
    {.bitmap_index = 20274, .adv_w = 195, .box_w = 12, .box_h = 12, .ofs_x = 0, .ofs_y = 0},
    {.bitmap_index = 20338, .adv_w = 156, .box_w = 10, .box_h = 9, .ofs_x = 0, .ofs_y = 0},
    {.bitmap_index = 20384, .adv_w = 138, .box_w = 8, .box_h = 3, .ofs_x = 0, .ofs_y = 4},
    {.bitmap_index = 20392, .adv_w = 200, .box_w = 12, .box_h = 3, .ofs_x = 0, .ofs_y = 4},
    {.bitmap_index = 20402, .adv_w = 67, .box_w = 2, .box_h = 5, .ofs_x = 1, .ofs_y = 7},
    {.bitmap_index = 20408, .adv_w = 67, .box_w = 3, .box_h = 4, .ofs_x = 1, .ofs_y = 8},
    {.bitmap_index = 20415, .adv_w = 109, .box_w = 5, .box_h = 4, .ofs_x = 1, .ofs_y = 8},
    {.bitmap_index = 20425, .adv_w = 109, .box_w = 5, .box_h = 4, .ofs_x = 1, .ofs_y = 8},
    {.bitmap_index = 20435, .adv_w = 176, .box_w = 5, .box_h = 5, .ofs_x = 3, .ofs_y = 3},
    {.bitmap_index = 20447, .adv_w = 175, .box_w = 9, .box_h = 2, .ofs_x = 1, .ofs_y = 0},
    {.bitmap_index = 20457, .adv_w = 138, .box_w = 8, .box_h = 2, .ofs_x = 0, .ofs_y = 5}
};

/*---------------------
 *  CHARACTER MAPPING
 *--------------------*/

static const uint8_t glyph_id_ofs_list_3[] = {
    0, 1, 2, 3, 0, 0, 4, 5,
    6, 7, 0, 8, 9, 10, 11, 12,
    13, 0, 0, 14, 15, 16, 17, 18,
    19, 20, 21, 0, 22, 23, 24, 25
};

static const uint16_t unicode_list_5[] = {
    0x0, 0x1, 0xa, 0x10, 0x11, 0x12, 0x13, 0x14,
    0x15, 0x16, 0x18
};

static const uint16_t unicode_list_9[] = {
    0x0, 0x1, 0x1e, 0x1f, 0x2a, 0x2b, 0x58, 0x59,
    0x1b83, 0x1b84, 0x1b88, 0x1b89, 0x1b8c, 0x1b8d, 0x1b92, 0x1b96,
    0x1d82
};

/*Collect the unicode lists and glyph_id offsets*/
static const lv_font_fmt_txt_cmap_t cmaps[] =
{
    {
        .range_start = 32, .range_length = 95, .glyph_id_start = 1,
        .unicode_list = NULL, .glyph_id_ofs_list = NULL, .list_length = 0, .type = LV_FONT_FMT_TXT_CMAP_FORMAT0_TINY
    },
    {
        .range_start = 160, .range_length = 116, .glyph_id_start = 96,
        .unicode_list = NULL, .glyph_id_ofs_list = NULL, .list_length = 0, .type = LV_FONT_FMT_TXT_CMAP_FORMAT0_TINY
    },
    {
        .range_start = 278, .range_length = 22, .glyph_id_start = 212,
        .unicode_list = NULL, .glyph_id_ofs_list = NULL, .list_length = 0, .type = LV_FONT_FMT_TXT_CMAP_FORMAT0_TINY
    },
    {
        .range_start = 302, .range_length = 32, .glyph_id_start = 234,
        .unicode_list = NULL, .glyph_id_ofs_list = glyph_id_ofs_list_3, .list_length = 32, .type = LV_FONT_FMT_TXT_CMAP_FORMAT0_FULL
    },
    {
        .range_start = 336, .range_length = 47, .glyph_id_start = 260,
        .unicode_list = NULL, .glyph_id_ofs_list = NULL, .list_length = 0, .type = LV_FONT_FMT_TXT_CMAP_FORMAT0_TINY
    },
    {
        .range_start = 884, .range_length = 25, .glyph_id_start = 307,
        .unicode_list = unicode_list_5, .glyph_id_ofs_list = NULL, .list_length = 11, .type = LV_FONT_FMT_TXT_CMAP_SPARSE_TINY
    },
    {
        .range_start = 910, .range_length = 20, .glyph_id_start = 318,
        .unicode_list = NULL, .glyph_id_ofs_list = NULL, .list_length = 0, .type = LV_FONT_FMT_TXT_CMAP_FORMAT0_TINY
    },
    {
        .range_start = 931, .range_length = 44, .glyph_id_start = 338,
        .unicode_list = NULL, .glyph_id_ofs_list = NULL, .list_length = 0, .type = LV_FONT_FMT_TXT_CMAP_FORMAT0_TINY
    },
    {
        .range_start = 1024, .range_length = 96, .glyph_id_start = 382,
        .unicode_list = NULL, .glyph_id_ofs_list = NULL, .list_length = 0, .type = LV_FONT_FMT_TXT_CMAP_FORMAT0_TINY
    },
    {
        .range_start = 1168, .range_length = 7555, .glyph_id_start = 478,
        .unicode_list = unicode_list_9, .glyph_id_ofs_list = NULL, .list_length = 17, .type = LV_FONT_FMT_TXT_CMAP_SPARSE_TINY
    }
};

/*-----------------
 *    KERNING
 *----------------*/


/*Map glyph_ids to kern left classes*/
static const uint8_t kern_left_class_mapping[] =
{
    0, 0, 0, 1, 0, 2, 0, 0,
    3, 4, 5, 0, 0, 6, 7, 8,
    9, 0, 10, 11, 0, 12, 13, 14,
    15, 0, 16, 17, 0, 0, 0, 0,
    0, 0, 18, 19, 20, 21, 22, 23,
    24, 0, 25, 26, 27, 28, 0, 0,
    29, 30, 31, 32, 33, 34, 35, 36,
    36, 37, 38, 39, 4, 0, 5, 0,
    0, 0, 40, 41, 42, 25, 43, 44,
    45, 46, 47, 0, 48, 47, 49, 49,
    50, 50, 25, 51, 52, 53, 25, 54,
    54, 55, 56, 57, 4, 0, 5, 0,
    0, 0, 58, 0, 59, 60, 0, 0,
    0, 0, 0, 0, 0, 0, 0, 0,
    0, 0, 0, 0, 0, 0, 0, 0,
    0, 0, 0, 0, 0, 0, 0, 0,
    18, 18, 18, 18, 18, 18, 22, 20,
    22, 22, 22, 22, 0, 0, 0, 0,
    21, 0, 29, 29, 29, 29, 29, 0,
    29, 35, 35, 35, 35, 38, 61, 62,
    40, 40, 40, 40, 40, 40, 43, 42,
    43, 43, 43, 43, 47, 47, 47, 47,
    62, 0, 50, 50, 50, 50, 50, 0,
    50, 25, 25, 25, 25, 56, 63, 56,
    18, 40, 18, 40, 18, 40, 20, 42,
    20, 42, 20, 42, 20, 42, 21, 64,
    21, 0, 22, 43, 22, 43, 0, 43,
    22, 43, 24, 45, 24, 45, 24, 45,
    24, 45, 0, 46, 0, 46, 0, 47,
    0, 47, 0, 47, 0, 47, 26, 0,
    27, 48, 28, 0, 0, 0, 28, 64,
    28, 55, 0, 0, 0, 0, 0, 0,
    0, 0, 29, 50, 29, 50, 22, 43,
    0, 51, 32, 51, 32, 51, 0, 52,
    33, 52, 33, 52, 33, 52, 34, 53,
    34, 64, 37, 53, 35, 25, 35, 25,
    35, 25, 35, 25, 35, 25, 35, 25,
    36, 54, 38, 56, 38, 39, 57, 39,
    57, 39, 57, 64, 64, 0, 0, 0,
    18, 0, 22, 0, 0, 29, 38, 29,
    65, 18, 19, 34, 18, 0, 39, 0,
    29, 25, 27, 18, 0, 0, 0, 29,
    0, 0, 0, 34, 38, 29, 37, 0,
    29, 0, 38, 25, 55, 49, 65, 49,
    25, 0, 54, 50, 50, 55, 49, 29,
    65, 48, 66, 25, 54, 67, 50, 44,
    50, 42, 68, 53, 49, 50, 55, 46,
    50, 65, 49, 50, 49, 50, 22, 22,
    62, 0, 20, 0, 25, 0, 0, 69,
    69, 19, 0, 0, 0, 0, 18, 61,
    19, 34, 0, 22, 27, 19, 0, 0,
    27, 0, 0, 0, 29, 0, 61, 20,
    34, 38, 29, 37, 0, 0, 0, 0,
    19, 0, 19, 29, 29, 0, 40, 50,
    0, 51, 25, 43, 55, 0, 25, 25,
    48, 25, 25, 25, 50, 25, 63, 42,
    51, 56, 50, 55, 0, 25, 25, 0,
    62, 25, 62, 50, 50, 25, 43, 43,
    46, 0, 42, 0, 47, 47, 0, 62,
    62, 46, 0, 25, 56, 0, 34, 51,
    38, 54, 19, 0, 29, 50, 70, 0,
    0, 71, 72, 73, 0, 0, 0
};

/*Map glyph_ids to kern right classes*/
static const uint8_t kern_right_class_mapping[] =
{
    0, 1, 0, 2, 0, 3, 0, 0,
    4, 5, 6, 0, 0, 7, 8, 7,
    9, 0, 10, 11, 12, 13, 0, 0,
    14, 0, 15, 16, 17, 0, 0, 0,
    0, 0, 18, 0, 19, 0, 0, 0,
    20, 0, 21, 22, 0, 0, 0, 0,
    20, 0, 23, 0, 24, 25, 26, 27,
    27, 28, 29, 30, 5, 0, 6, 0,
    0, 0, 31, 21, 32, 32, 32, 33,
    34, 35, 36, 0, 35, 36, 37, 37,
    32, 37, 38, 39, 40, 41, 42, 43,
    43, 44, 45, 46, 5, 0, 6, 0,
    1, 0, 47, 0, 48, 49, 0, 0,
    0, 0, 0, 0, 0, 0, 0, 0,
    0, 0, 0, 0, 0, 0, 0, 0,
    0, 0, 0, 0, 0, 0, 0, 0,
    18, 18, 18, 18, 18, 18, 18, 20,
    0, 0, 0, 0, 0, 0, 0, 0,
    0, 50, 20, 20, 20, 20, 20, 0,
    20, 26, 26, 26, 26, 29, 0, 0,
    31, 31, 31, 31, 31, 31, 31, 32,
    51, 51, 51, 51, 36, 36, 36, 36,
    52, 21, 32, 32, 32, 32, 32, 0,
    32, 42, 42, 42, 42, 45, 53, 45,
    18, 31, 18, 31, 18, 31, 20, 32,
    19, 32, 20, 32, 20, 32, 0, 52,
    0, 52, 0, 51, 0, 51, 0, 51,
    0, 51, 20, 34, 20, 34, 54, 34,
    54, 34, 0, 35, 0, 35, 0, 36,
    0, 36, 0, 36, 0, 36, 22, 0,
    0, 35, 0, 55, 0, 55, 0, 55,
    0, 32, 50, 21, 50, 21, 50, 21,
    50, 21, 20, 32, 20, 32, 20, 32,
    0, 39, 0, 39, 0, 39, 0, 40,
    24, 40, 24, 40, 24, 40, 25, 41,
    25, 41, 28, 41, 26, 42, 26, 42,
    26, 42, 26, 42, 26, 42, 26, 42,
    27, 43, 29, 45, 29, 30, 46, 30,
    46, 30, 46, 56, 56, 0, 0, 0,
    18, 0, 0, 0, 0, 20, 29, 20,
    42, 18, 0, 0, 18, 0, 30, 0,
    20, 21, 0, 18, 0, 0, 0, 20,
    0, 0, 0, 25, 29, 20, 28, 0,
    20, 0, 29, 32, 57, 37, 42, 42,
    32, 0, 43, 32, 57, 32, 37, 20,
    42, 35, 58, 53, 43, 59, 32, 33,
    60, 32, 32, 61, 42, 32, 44, 42,
    32, 42, 42, 32, 42, 32, 0, 0,
    25, 0, 19, 0, 21, 0, 0, 28,
    0, 27, 0, 0, 0, 0, 18, 50,
    0, 0, 18, 0, 28, 20, 50, 50,
    0, 18, 0, 0, 20, 0, 0, 20,
    25, 28, 20, 28, 0, 0, 0, 0,
    25, 0, 0, 28, 0, 50, 31, 62,
    21, 39, 32, 51, 44, 44, 21, 21,
    35, 32, 37, 21, 32, 21, 53, 32,
    61, 45, 32, 44, 21, 21, 21, 21,
    0, 21, 21, 32, 21, 31, 51, 51,
    35, 0, 59, 0, 36, 36, 0, 21,
    21, 35, 0, 21, 45, 0, 0, 39,
    29, 43, 0, 21, 20, 32, 63, 64,
    0, 65, 66, 67, 0, 0, 0
};

/*Kern values between classes*/
static const int8_t kern_class_values[] =
{
    0, 0, 0, 0, 0, 0, -54, 0,
    0, 0, 0, 0, 0, 0, 0, 0,
    0, 0, 0, 0, 0, 0, 0, 0,
    0, 0, 0, 0, 0, 0, 0, -8,
    0, -8, 0, 0, 0, -8, 0, -8,
    0, 0, 0, 0, 0, 0, -8, 0,
    0, 0, 0, -8, 0, 0, 0, 0,
    0, 0, -8, 0, 0, 0, 0, 0,
    0, 0, 0, 0, 0, 4, 0, 0,
    -15, -6, 0, 0, 0, 0, 0, 0,
    0, 0, 0, 0, 0, 0, 0, 0,
    0, 0, 0, 0, 0, 0, 0, 0,
    0, 0, 0, 0, 0, 0, 0, 0,
    0, 0, 0, 0, 0, 0, 0, 0,
    0, 0, 0, -8, 0, 0, 0, 0,
    0, 0, 0, 0, 0, 0, 0, 0,
    0, 0, 0, 0, 0, 0, 0, 0,
    -10, 3, 0, 0, 0, 0, 0, 0,
    0, 0, -31, 0, 0, 0, 0, 0,
    0, 0, 0, 0, 0, 0, 0, 0,
    0, 0, 0, 0, 0, 0, 0, 0,
    0, 0, 0, 0, 0, 0, 0, 0,
    0, 0, 0, 0, -8, 0, 0, 0,
    0, 0, 0, 0, 0, 0, 0, 0,
    0, 0, 0, 0, 0, 0, 3, 0,
    0, 0, 0, -5, 0, 0, 0, 0,
    0, 0, 0, 0, 0, 0, 3, 0,
    0, 0, 0, 0, 0, 0, 0, 0,
    0, 0, 0, 0, 0, 0, 0, 0,
    0, 0, 0, 0, 0, 0, 0, 0,
    0, 0, 0, 0, 0, 0, 0, 0,
    -14, 0, 0, 0, 0, 0, 0, 0,
    0, 0, 0, 0, 0, 0, 0, 0,
    0, 0, 0, 0, 0, 0, 0, 0,
    0, 0, 0, 0, 0, 0, 0, 0,
    0, 0, 0, 0, 0, 0, 0, 0,
    0, 0, 0, 0, 0, 0, 0, 0,
    0, 0, 0, 0, 0, 0, 0, 0,
    0, 0, 0, 0, 0, 0, -3, 0,
    0, 0, 0, 0, 0, 0, 0, 0,
    0, 0, 0, 0, 0, 0, 0, 0,
    0, 0, 0, 0, 0, 0, 0, 0,
    0, 0, 0, 0, 0, 0, 0, 0,
    -31, 0, 0, 0, 0, 0, 0, 0,
    0, 0, 0, 0, 0, 0, 0, 0,
    0, 0, 0, 0, 0, 0, 0, 0,
    0, 0, 0, 0, 0, 0, 0, 0,
    0, 0, 0, 0, 0, 0, 0, 0,
    0, 0, 0, 0, 0, 0, 0, 0,
    0, 0, 0, 0, 0, 0, 0, 0,
    0, 0, 0, 0, 0, 0, 0, 0,
    0, 0, 0, 0, 0, -10, -1, 0,
    0, 0, 0, -5, 0, 0, 0, -8,
    0, 0, -20, 0, -12, -13, -20, 0,
    0, 0, 0, 0, 0, 0, 0, 0,
    0, 0, 0, 0, 0, -5, 0, 0,
    0, 0, -20, 0, 0, 0, 0, 0,
    0, 0, 0, 0, 0, 0, 0, 0,
    0, 0, 0, 0, 0, 0, 0, 0,
    0, 0, 0, 0, 0, 0, -31, 0,
    0, 0, 0, 0, 0, 0, 0, 0,
    0, 0, 0, 0, 0, 0, 0, 0,
    0, 0, 0, 0, 0, 0, 0, 0,
    0, 0, 0, 0, 0, 0, 0, 0,
    0, 0, 0, 0, 0, 0, 0, 0,
    0, 0, 0, 0, 0, 0, 0, 0,
    0, 0, 0, 0, 0, 0, 0, -26,
    0, 0, 0, 0, 0, 0, 0, 0,
    -36, 0, 0, 0, 0, 0, 0, 0,
    0, 0, 0, 0, 0, 0, 0, 0,
    0, 0, 0, 0, 0, 0, -8, -13,
    0, 0, 0, 0, -8, 0, 0, -8,
    0, 0, 0, -5, 0, 0, 0, 0,
    0, 0, 0, 0, 0, 0, 0, 0,
    0, 0, 0, 0, 0, 0, 0, 0,
    0, 0, 0, 0, 0, 0, 0, 0,
    0, -10, 0, 0, 0, 0, 0, 0,
    0, 0, 0, 0, 0, 0, 0, 0,
    0, 0, 0, 0, 0, 0, 0, 0,
    0, 0, 0, 0, 0, 0, 0, 0,
    0, 0, 0, 0, 0, 0, 0, 0,
    0, 0, 0, 0, 0, 0, 0, 0,
    0, 0, 0, 0, 0, 0, 0, 0,
    0, 0, -2, 0, 0, 0, 0, 0,
    0, 0, 0, 0, 0, 0, 0, 0,
    0, 0, -5, 0, 0, 0, 0, -5,
    0, 0, 0, 0, 0, 0, 0, 0,
    0, 0, 0, 0, 0, 0, 0, 0,
    0, 0, 0, 0, 0, 0, 0, 0,
    0, 0, 0, 0, 0, 0, 0, 0,
    0, 0, 0, 0, 0, 0, 0, 0,
    0, 0, 0, 0, 0, 0, 0, 0,
    0, 0, -8, 0, -8, 0, -10, -5,
    0, 0, 0, 0, 0, -1, 0, -5,
    0, 0, 0, 0, 0, 0, 0, 0,
    0, 0, 0, 0, 0, 0, 0, 0,
    0, 0, 0, 0, 0, 0, 0, 0,
    0, 0, 0, 0, 0, 0, 0, 0,
    0, -20, 0, 0, 0, 0, 0, 0,
    0, 0, 0, 0, 0, 0, 0, 0,
    0, -5, -8, -8, 0, 0, 0, 0,
    0, 0, 0, 0, 0, 0, -7, 0,
    0, 0, 0, 0, 0, 0, 0, 0,
    0, 0, 0, 0, 0, 0, 0, 0,
    0, 0, 0, 0, 0, 0, 0, 0,
    0, 0, 0, 0, 0, 0, 0, 0,
    0, 0, 0, 0, 0, 0, 0, 0,
    0, 0, 0, 0, 0, 0, 0, 0,
    0, 0, 0, 0, 0, 0, 0, 0,
    0, 0, 0, 0, 0, 0, 0, 0,
    -4, 0, 0, 0, 0, -5, 0, 0,
    0, 0, 0, 0, 0, 0, 0, 0,
    0, 0, 0, 0, 0, 0, 0, 0,
    0, 0, 0, 0, 0, 0, 0, 0,
    0, 0, 0, 0, 0, 0, 0, 0,
    0, 0, 0, 0, 0, 0, 0, 0,
    0, 0, 0, 0, 0, 0, 0, 0,
    0, 0, 0, 0, 0, 0, 0, 0,
    -9, -2, 0, 0, 0, 0, -10, 3,
    0, 0, 0, -10, 0, 0, 0, 0,
    0, 0, 0, 0, 0, 0, 0, 0,
    0, 0, 0, 0, 0, 0, 0, 0,
    0, 0, 0, 0, 0, 0, 0, 0,
    0, 0, 0, 0, 0, 0, 0, 0,
    0, 0, 0, 0, 0, 0, 0, 0,
    -2, 0, 0, 0, 0, 0, 0, 0,
    0, 0, 0, -3, 0, 0, 0, 0,
    0, 0, -2, 0, 0, 0, 0, 0,
    0, 0, 0, 0, 0, 0, 0, 0,
    0, 0, 0, 0, 0, 0, 0, 0,
    0, 0, 0, 0, 0, 0, 0, 0,
    0, 0, 0, 0, 0, 0, 0, 0,
    0, 0, 0, 0, 0, 0, 0, 0,
    0, 0, 0, 0, 0, 0, 0, 0,
    0, 0, 0, 0, 0, 0, 0, 0,
    -20, 0, 0, 0, 0, 0, 0, 0,
    0, 0, 0, 0, 0, 0, 0, 0,
    0, 0, 0, 0, 0, 0, 0, 0,
    0, 0, 0, 0, 0, 0, 0, 0,
    0, 0, 0, 0, 0, 0, 0, 0,
    0, 0, 0, 0, 0, 0, 0, 0,
    0, 0, 0, 0, 0, 0, 0, 0,
    0, 0, 0, 0, -26, -5, -26, 0,
    0, 0, -10, 0, 0, 0, 0, 9,
    0, 0, 0, 0, 9, -5, -5, 0,
    0, -5, -5, -15, -5, -18, 0, -15,
    0, 0, 0, -6, 0, 0, 0, 0,
    0, 0, 0, -5, 0, -10, 0, -13,
    0, 0, -5, -15, 0, 0, 0, 0,
    -5, 0, -26, 0, 0, 0, 0, 0,
    0, 0, 0, -20, -31, -20, 0, 0,
    0, 0, 0, 0, -8, 0, 0, 0,
    0, 0, 0, 0, 0, 0, 0, 0,
    0, 0, 0, 0, 0, 0, -5, 0,
    -8, -8, -8, 0, 0, 0, 0, 0,
    0, 0, 0, 0, 0, 0, 0, 0,
    0, 0, 0, 0, 0, 0, -8, 0,
    0, 0, 0, 0, 0, 0, 0, 0,
    0, 0, 0, 0, 0, 0, 0, 0,
    0, 0, 0, 8, 0, 0, -15, -13,
    0, 0, 0, 0, 0, -5, 0, 0,
    0, 0, -5, 0, 0, 0, 0, 0,
    8, 0, 0, -5, -8, -8, 0, 0,
    0, 0, 0, 0, 0, 0, 0, 0,
    0, 0, 0, 0, 0, 0, 0, 0,
    0, -8, 0, 0, 0, 0, 0, 0,
    0, 0, 0, 0, 0, 0, 0, 0,
    0, 0, 0, 0, 0, 0, 0, 0,
    0, -15, -13, 0, 0, 0, 0, 0,
    -5, 0, 0, 0, 0, -5, 0, 0,
    0, 0, 0, 0, -5, 0, -8, -8,
    -8, -4, 0, 0, 0, 0, 0, 0,
    0, 0, 0, 0, 0, 0, 0, 0,
    0, 0, 0, 0, -8, 0, 0, 0,
    0, 0, 0, 0, 0, 0, 0, 0,
    0, 0, 0, 0, 0, 0, 0, 0,
    0, -3, 0, 0, 0, 0, 0, 0,
    0, 0, 0, 0, 0, 0, 0, 0,
    0, -6, -8, 0, 0, -8, -3, 0,
    0, 0, 0, 0, 0, 0, 0, 0,
    0, 0, 0, 0, 0, 0, 0, 0,
    0, 0, 0, 0, 0, 0, -8, 0,
    0, 0, 0, 0, 0, 0, 0, 0,
    0, 0, 0, 0, 0, 0, 0, 0,
    0, 0, 0, 0, 0, 0, 0, 0,
    -29, 0, 0, 0, 0, 0, -3, 0,
    0, 0, 0, -3, 0, 0, 0, -9,
    0, 0, 0, 0, 0, 0, 0, 0,
    -5, -4, 0, 0, 0, 0, 0, -5,
    0, 0, 0, 0, 0, 0, 0, 0,
    -5, 0, 0, 0, -5, 0, 0, 0,
    0, 0, 0, 0, -5, 0, 0, 0,
    0, 0, 0, 0, 0, 0, 0, 0,
    0, 0, 0, -13, 0, 0, 0, 0,
    0, -5, 0, 0, 0, 0, -5, 0,
    0, 0, 0, 0, 0, -5, 0, -8,
    -8, -8, 0, 0, 0, 0, 0, 0,
    0, 0, 0, 0, 0, 0, 0, 0,
    0, 0, 0, 0, 0, -8, 0, 0,
    0, 0, 0, 0, 0, 0, 0, 0,
    0, 0, 0, 0, 0, 0, 0, 0,
    0, 0, 0, 0, 0, 0, 0, 0,
    0, 0, 0, 0, 0, 0, 0, 0,
    0, 0, 0, 0, 0, 0, 0, 0,
    0, 0, 0, 0, -10, 0, 0, 0,
    0, 0, 0, 0, 0, 0, 0, 0,
    0, 0, 0, 0, 0, 0, 0, 0,
    -10, 0, 0, 0, 0, 0, 0, 0,
    0, 0, 0, 0, 0, 0, 0, 0,
    0, 0, 0, 0, 0, 0, 0, 0,
    0, -13, 0, 0, 0, 0, 0, -5,
    0, 0, 0, 0, -5, 0, 0, 0,
    0, 0, 0, 0, 0, 0, 0, 0,
    0, 0, 0, 0, 0, 0, 0, 0,
    0, 0, 0, 0, 0, 0, 0, 0,
    0, 0, 0, 0, 0, 0, 0, 0,
    0, 0, 0, 0, 0, 0, 0, 0,
    0, 0, 0, 0, 0, 0, -5, 0,
    -8, 0, 0, 0, 0, -13, 0, 0,
    0, 0, 0, 0, 0, 0, 0, 0,
    -5, -9, 0, 0, -8, -8, 0, 0,
    0, 0, 0, 0, 0, -10, 0, -8,
    0, 0, 0, -9, 0, -5, -8, -9,
    0, 0, -12, 0, -9, -9, 0, 0,
    -8, -9, 0, -5, 0, 0, 0, 0,
    -9, 0, 0, 0, 0, 0, 0, -5,
    0, -13, -31, 0, -31, 0, -8, 0,
    -20, 0, 0, 0, 0, 0, 0, 0,
    0, 0, 0, 0, -5, 0, 0, -5,
    0, -26, 0, -20, 0, -26, 0, 0,
    0, -5, 0, 0, 0, 0, 0, 0,
    0, -6, 0, -9, 0, -13, 0, 0,
    -5, -26, 0, 0, 0, 0, 0, 0,
    -31, 0, 0, 0, 0, 0, 0, 0,
    0, -31, -31, -31, 0, 0, 0, 0,
    0, -15, -13, 0, 0, 0, 0, 0,
    -5, 0, 0, 0, 0, -5, 0, 0,
    0, 0, 0, 0, -5, 0, -8, -13,
    -8, 0, 0, 0, 0, 0, 0, 0,
    0, 0, 0, 0, 0, 0, 0, -5,
    0, 0, 0, 0, -8, 0, 0, 0,
    0, 0, 0, 0, 0, 0, 0, 0,
    0, 0, 0, 0, 0, 0, 0, 0,
    0, 0, 0, 0, -15, -41, 0, 0,
    0, 0, 0, -13, 0, 0, 0, 0,
    -13, 0, 0, 0, -9, 0, 0, 0,
    0, 0, -8, 0, 0, -4, -2, 10,
    0, 0, 0, 0, 0, 0, 0, 0,
    0, 0, 0, 0, 0, 0, 0, 0,
    0, 0, 0, 0, 0, 0, 0, 0,
    0, 0, 0, 0, 0, 0, 0, 0,
    0, 0, 0, 0, 0, 0, 0, -15,
    -8, 0, 0, 0, 0, 0, -5, 0,
    0, 0, 0, -5, 0, 0, 0, 0,
    0, 0, -5, 0, -8, -8, -8, 0,
    0, 0, 0, 0, 0, 0, 0, 0,
    0, 0, 0, 0, 0, -5, 0, 0,
    0, 0, -8, 0, 0, 0, 0, 0,
    0, 0, 0, 0, 0, 0, 0, 0,
    0, 0, 0, 0, 0, 0, 0, 0,
    0, 0, 0, 0, 0, 0, 0, 0,
    0, 0, 0, 0, 0, 0, 0, -5,
    0, 0, 0, 0, 0, 0, 0, 0,
    0, -3, 0, 0, 0, 0, 0, 0,
    0, 0, 0, 0, 0, 0, 0, 0,
    0, 0, 0, 0, 0, -3, 8, 0,
    0, 0, 0, 0, 0, 0, 0, 0,
    0, 0, 0, 0, 0, 0, 0, 0,
    0, 0, 4, 0, 0, -15, -6, 0,
    0, 0, 0, 0, 0, 0, 0, 0,
    0, 0, 0, 0, 0, 0, 0, 4,
    0, 0, -5, -8, -8, 0, 0, 0,
    0, 0, 0, 0, 0, 0, 0, 0,
    0, 0, 0, 0, -3, 0, 0, 0,
    -8, 0, 0, 0, 0, 0, 0, 0,
    0, 0, 0, 0, 0, 0, 0, 0,
    0, 0, 0, -8, 0, 0, 0, 0,
    0, -26, -26, 0, 0, 0, 0, -5,
    0, 0, -26, -23, -5, 0, 0, 0,
    -20, 0, 0, 15, 0, 0, 0, 8,
    0, -18, -20, 0, -20, 0, 0, -13,
    -20, -13, -15, 0, -13, -15, -18, -18,
    -15, -18, 0, 8, 0, -18, -18, -13,
    0, 0, 0, -20, 0, -18, 0, -8,
    0, 0, 0, 0, 0, 10, 0, 0,
    -8, 0, 0, 0, -5, 0, 0, 0,
    0, 0, -8, 0, 0, 0, 0, -8,
    0, 0, 0, 0, 0, -8, 0, 0,
    0, 0, 0, 0, 0, 0, 0, 0,
    0, 0, 0, 0, 0, 0, 0, 0,
    0, 0, 0, 0, 0, 0, 0, 0,
    0, 0, 0, 0, 0, 0, 0, 0,
    0, 0, 0, 0, 0, 0, 0, 0,
    0, 0, 0, -5, 0, 0, 0, -15,
    -12, 0, 0, 0, 0, -18, 0, 0,
    -13, -13, -18, -5, -5, 0, -8, -5,
    -5, 0, 0, 0, 0, 0, 0, -12,
    -15, 0, -12, 0, -5, -8, -12, 0,
    -8, 0, -8, -8, -8, 0, -5, -12,
    -5, 0, 0, -12, 0, -8, -5, 0,
    0, 0, 0, -12, 0, 0, 0, 0,
    0, 0, 0, 0, 0, 0, -5, 0,
    0, 0, 0, -8, 10, 0, 0, 0,
    0, 0, 0, 0, 0, 0, -8, -8,
    0, 0, -8, -5, 10, 0, 0, 0,
    0, 0, 0, -5, 0, 0, 0, 0,
    0, 0, 0, 0, 0, 0, 0, 0,
    0, 0, 0, -8, 0, 0, 0, 0,
    0, -8, 0, 0, 0, 0, 0, 0,
    0, 0, 0, 0, 0, 0, 0, -10,
    0, -8, 0, 0, 0, -36, -26, 0,
    0, 0, 0, -18, 0, 0, -9, -20,
    -18, -10, -10, -9, -20, -10, -8, 8,
    0, 0, -5, 8, 0, -20, -20, 0,
    -20, 0, 0, -13, -20, -10, -20, 0,
    -10, -9, -8, -9, -9, -20, -10, 8,
    0, -20, 0, -10, -10, 0, 0, 0,
    0, -20, 0, 0, -7, 0, 0, 0,
    0, 0, 0, 0, 0, 0, 0, 0,
    0, 0, 0, 0, 0, 0, 0, 0,
    0, 0, 0, 0, 0, 0, 0, 0,
    0, 0, 10, 0, 0, 0, 0, 0,
    0, 0, 0, 0, 0, 0, 0, 0,
    0, 0, 0, 0, -15, 0, 0, 0,
    0, 0, 0, 0, 0, 0, 0, 0,
    0, 0, 0, 0, 0, 0, 0, 0,
    0, 0, 0, 0, 0, 0, -5, 0,
    -5, 0, -5, 0, 0, 0, 0, 0,
    0, 0, 0, 0, 0, 0, 0, 0,
    0, 0, 0, 0, 0, -15, 0, -8,
    0, -15, 0, 0, 0, 0, 0, 0,
    0, 0, 0, 0, 0, 0, 0, -5,
    0, -8, 0, 0, 0, -15, 0, 0,
    0, 0, 0, 0, -5, 0, 0, 0,
    0, 0, 0, 0, 0, -8, -8, -5,
    0, -5, 0, -5, 0, -10, -5, 0,
    0, 0, 0, 0, -1, 0, -5, 0,
    0, -1, 0, 0, 0, 0, 0, 0,
    -15, 0, -8, -5, -20, 0, 0, 0,
    0, 0, 0, 0, 0, 0, 0, -3,
    0, 0, -5, -5, -9, -5, 0, 0,
    -20, 0, 0, 0, 0, 0, 0, -5,
    0, -10, 0, 0, -3, 0, 0, 0,
    -8, -8, -5, 0, -5, 0, -5, 0,
    -10, -5, 0, 0, 0, 0, 0, 0,
    0, 0, 0, 0, 0, 0, 0, 0,
    0, 0, 0, -15, 0, -8, 0, -15,
    0, -2, -4, 0, 0, 0, -4, 0,
    0, 0, 0, 0, 0, 0, 0, -5,
    0, 0, 0, -15, 0, 0, 0, 0,
    0, 0, -5, 0, 0, 0, 0, -2,
    0, 0, 0, -8, -8, -5, 0, 0,
    0, 0, -7, -10, -5, 0, 0, 0,
    0, 0, 0, 0, 0, 0, 0, 0,
    0, 0, 0, 0, 0, 0, -15, 0,
    -8, 0, -15, 0, -3, 0, 0, 0,
    0, 0, -4, 0, 0, 0, 0, 0,
    -5, -5, -3, 0, 0, 0, -15, 0,
    0, 0, 0, 0, 0, 0, 0, 0,
    0, 0, -3, 0, 0, 0, 0, 0,
    -8, 0, 0, 0, 8, 0, 0, -13,
    0, 0, 0, 0, 0, 0, 0, 0,
    0, 0, 0, 0, 0, 8, 0, 0,
    0, 15, 0, 0, 0, 0, 0, -4,
    -5, 0, 0, 8, 4, 0, 0, 0,
    0, 0, 0, 0, 0, 0, 0, 0,
    0, 0, 0, 0, 0, 0, 0, 3,
    8, 0, 0, 0, 0, 0, 0, 0,
    0, 8, 10, 8, 0, 0, 0, 0,
    0, 0, 0, 0, 0, 0, 0, 0,
    0, 0, 0, 0, 0, 0, 0, 0,
    0, 0, 0, 0, -13, 0, 0, 0,
    -13, 0, 0, 0, 0, 0, 0, 0,
    0, 0, 0, 0, 0, 0, 0, 0,
    0, 0, 0, 0, -13, 0, 0, 0,
    0, 0, 0, 0, 0, 0, 0, 0,
    0, 0, 0, 0, 0, -13, 0, 0,
    -5, 0, -5, 0, -5, 0, 0, 0,
    0, 0, 0, 0, 0, 0, 0, 0,
    0, 0, 0, 0, 0, 0, 0, -15,
    0, 0, 0, 0, 0, 0, 0, 0,
    0, 0, 0, 0, 0, 0, 0, 0,
    0, 0, 0, 0, 0, 0, 0, 0,
    0, 0, 0, 0, 0, 0, -5, 0,
    0, 0, 0, 0, 0, 0, 0, -5,
    -8, -5, 0, 0, 0, -12, 0, 0,
    0, 0, 0, 0, 0, 0, 0, 0,
    0, 0, 0, 0, 0, 0, 0, 0,
    0, 0, 0, 0, 0, 0, 0, 0,
    0, 0, 0, 0, 0, 0, 0, 0,
    0, 0, 0, 0, 0, 0, 0, 0,
    0, 0, 0, 0, 0, 0, 0, 0,
    0, -12, 0, 0, 0, 0, 0, 0,
    0, 0, -12, 0, 0, 0, 0, 0,
    0, 0, 0, 0, -8, 0, 0, 0,
    0, 0, 0, 0, 0, 0, 0, 0,
    0, 0, 0, 0, 0, 0, 0, 0,
    0, 0, 0, 0, -3, 0, 0, 0,
    0, 0, -8, 0, -3, 0, 0, 0,
    0, 0, 0, -5, 0, 0, 0, -5,
    0, 0, 0, 0, 0, 0, 0, -5,
    0, 0, 0, 0, 0, 0, 0, 0,
    0, -5, 0, -10, 0, -5, 0, 0,
    0, 0, 0, 0, 0, 0, 0, 0,
    0, 0, 0, 0, 0, 0, 0, 0,
    -15, 0, 0, 0, -18, 0, 0, -2,
    0, 0, 0, 0, 0, 0, 0, 0,
    0, 0, 0, 0, -5, 0, 0, 0,
    -18, 0, 0, 0, 0, 0, 0, -10,
    0, 0, 0, 0, 0, 0, 0, 0,
    -10, -5, -5, 0, -8, 0, -8, 0,
    -10, -5, 0, 0, 0, 0, 0, -1,
    0, -5, 0, 0, -1, 0, 0, 0,
    0, 0, 0, -15, 0, -8, -5, -20,
    0, 0, 0, 0, 0, 0, 0, 0,
    0, 0, -3, 0, 0, -5, -4, -5,
    -5, 0, 0, -20, 0, 0, 0, 0,
    0, 0, -8, 0, -10, 0, 0, -3,
    0, 0, 0, -5, -8, -8, 0, 0,
    0, 0, 0, -5, -20, 0, 0, 0,
    0, 0, 0, 0, 0, 0, 0, 0,
    0, 0, 0, 0, 0, 0, 0, 0,
    0, 0, -5, 0, -4, -3, 0, -5,
    0, 0, 0, 0, 0, -5, 0, 0,
    0, 0, -3, 0, 0, 0, -5, 0,
    0, 0, 0, 0, 0, 0, 0, 0,
    0, 0, 0, 0, 0, 0, 0, 0,
    0, 0, -5, 0, -5, 0, -3, 0,
    0, 0, 0, 0, 0, 0, 0, 0,
    0, 0, 0, 0, 0, 0, 0, 0,
    0, -13, 0, -8, 0, -15, 0, 0,
    0, 0, 0, 0, 0, 0, 0, 0,
    0, 0, 0, -5, -5, -5, 0, 0,
    0, -15, 0, 0, 0, 0, 0, 0,
    -5, 0, 0, 0, 0, 0, 0, 0,
    0, -5, -8, -8, 0, 0, 0, 0,
    0, 0, 0, 0, 0, 0, 0, 0,
    0, 0, 0, 0, 0, 0, 0, 0,
    0, 0, 0, 0, 0, 0, 0, 0,
    -5, 0, 0, -6, 0, 0, 0, 0,
    0, 0, 0, 0, 0, 0, 0, 0,
    -4, 0, 0, 0, -5, 0, 0, 0,
    0, 0, 0, 0, 0, 0, 0, 0,
    0, 0, 0, 0, 0, 0, 0, 0,
    0, 0, 0, -10, -5, -20, 0, 0,
    0, 0, 0, -7, 0, 0, 0, 0,
    -7, 0, 0, 0, 0, 0, 0, -15,
    0, 0, 0, -9, 0, -8, -5, 0,
    -5, 0, 0, 0, -5, 0, -5, 0,
    0, 0, 0, -1, 0, 0, 0, -9,
    0, 0, 0, 0, 0, 0, 0, 0,
    0, 0, -8, 0, 0, 0, 0, 0,
    0, 0, 0, 0, 0, 0, 0, 0,
    0, 0, 0, 0, 0, 0, 0, 0,
    0, 0, 0, 0, 0, 0, 0, 0,
    0, 0, -13, 0, 0, 0, -8, 0,
    -5, -5, 0, -5, 0, 0, 0, -5,
    0, 0, 0, 0, -3, 0, 0, 0,
    -5, 0, -8, 0, -5, -5, 0, 0,
    0, 0, 0, 0, -5, 0, 0, 0,
    0, 0, 0, 0, 0, 0, 0, 0,
    0, 0, 0, -20, 0, 0, 0, 0,
    0, -5, 0, 0, 0, 0, -5, 0,
    0, 0, 0, 0, 0, -10, 0, 0,
    0, -9, 0, -5, -5, 10, -4, 0,
    0, 0, 0, 0, 0, 10, 0, 0,
    0, 0, 0, 0, 0, -9, 0, 0,
    0, 0, 0, 0, 0, 0, 0, 0,
    0, 0, 0, 0, 0, 0, 0, 8,
    0, 0, 0, 0, 0, 0, 0, 0,
    0, 0, 0, 0, 0, 0, 0, 0,
    0, 0, 0, 0, 0, 0, 0, 0,
    -13, 0, 0, 0, -9, 0, -8, -10,
    0, 0, 0, 0, 0, -8, 0, 0,
    0, 0, 0, 0, -3, 0, -8, 0,
    -9, 0, -8, -8, 0, 0, 0, 0,
    0, 0, -8, 0, 0, 0, 0, 0,
    0, 0, 0, 0, -5, 0, -5, 0,
    -10, -5, 0, 0, 0, 0, 0, 0,
    0, 0, 0, 0, 0, 0, 0, 0,
    0, 0, 0, 0, 0, 0, 0, 0,
    0, 0, 0, 0, 0, 0, 0, 0,
    0, 0, 0, 0, 0, 0, 0, 0,
    0, 0, 0, -15, 0, 0, 0, 0,
    0, 0, 0, 0, 0, 0, 0, 0,
    0, 0, 0, -8, -8, -5, 0, 0,
    0, 0, 0, -15, -13, 0, 0, 0,
    0, 0, -5, 0, 0, 0, 0, 0,
    0, 0, 0, 0, 0, 0, 0, 0,
    0, 0, 0, 0, 0, 0, 0, 0,
    0, 0, 0, 0, 0, 0, 0, 0,
    0, 0, 0, 0, 0, 0, -8, 0,
    0, 0, 0, 0, 0, 0, 0, 0,
    0, 0, 0, 0, 0, 0, 0, 0,
    0, -10, 0, -8, 0, 0, 0, -36,
    -26, 0, 0, 0, 0, -18, 0, 0,
    -9, -20, 0, 0, 0, 0, 0, 0,
    0, 0, 0, 0, 0, 0, 0, 0,
    0, 0, 0, 0, 0, 0, 0, 0,
    0, 0, 0, 0, 0, 0, 0, -20,
    -10, 8, 0, 0, 0, 0, 0, 0,
    0, 0, 0, 0, 0, 0, 0, 0,
    0, 0, 0, 0, 0, 0, 0, 0,
    0, 0, 0, 0, 0, 0, 0, 0,
    -10, 0, 0, 0, 0, -10, 0, 0,
    0, 0, 0, 0, 0, 0, 0, 0,
    0, 0, 0, 0, 0, 0, 0, 0,
    0, 0, 0, 0, 0, 0, 0, 0,
    0, 0, 0, 0, 0, 0, 0, 0,
    0, 0, 0, 0, 0, 0, 0, 0,
    0, 0, 0, 0, 0, 0, 0, 0,
    0, 0, 0, 0, 0, 0, 0, 0,
    0, 0, 0, -5, 0, 0, 0, 0,
    -5, 0, 0, -4, 0, 0, 0, 0,
    0, 0, 0, 0, 0, 0, 0, 0,
    0, 0, 0, 0, 0, 0, 0, 0,
    0, 0, 0, 0, 0, 0, 0, 0,
    0, 0, 0, 0, 0, 0, 0, 0,
    0, 0, 0, 0, 0, 0, 0, 0,
    0, 0, 0, 0, 0, 0, 0, 0,
    0, 0, 0, 0, 0, 0, 0, 0,
    0, 0, 0, 0, 0, 0, 0, 0,
    0, 0, -15, 0, 0, 0, -15, 0,
    0, 0, 0, 0, 0, 0, 0, 0,
    0, 0, 0, 0, 0, -5, -5, 0,
    0, 0, -15, 0, 0, 0, 0, 0,
    -3, 0, 0, 0, 0, 0, 0, 0,
    0, 0, 0, 0, 0, 0, 0, -10,
    3, 0, 0, 0, 0, 0, 0, 0,
    0, -31, 0, 0, 0, 0, -31, 0,
    0, 0, 0, 0, -10, 0, 0, 0,
    0, 0, 0, -8, -20, 0, -8, 0,
    8, 0, -8, 0, -20, 0, 0, 0,
    0, 0, 0, -8, 0, 0, 0, 0,
    -8, 0, 0, 0, 3, 0, 0, -8,
    0, 0, 0, 0, 0, 3, 0, 0,
    0, 0, 0, 0, 0, 0, 0, 0,
    0, 0, 0, 0, 0, 0, 0, 0,
    0, 0, 0, 0, 0, 0, 0, 0,
    0, 0, 0, 0, 0, 0, 0, -8,
    -8, 0, 0, 0, 0, 0, 0, 0,
    0, 0, -14, 0, 0, 0, 0, 0,
    0, 0, 0, 0, 0, 0, 0, 0,
    0, 0, 0, 0, -14, 0, 0, 0,
    0, 0, 0, 0, 0, 0, 0, 0,
    0, 0, 0, 0, 0, 0, 0, 0,
    0, 0, 0, 0, 0, 0, 0, 0,
    0, 0, 0, 0, 0, 0, 0, 0,
    0, 0, -8, 0, 0, 0, 0, 0,
    0, 0, 0, 0, 0, 0, 0, 0,
    0, 0, 0, 0, 0, 0, 0, 0,
    0, 0, 0, 0, 0, 0, 0, -10,
    0, 0, 0, 0, 0, 0, 0, 0,
    0, 0, 0, 0, 0, 0, 0, 0,
    0, 0, 0, 0, 0, 0, 0, 0,
    0, 0, 0, 0, 0, 0, 0, 0,
    0, 0, 0, 0, 0, -8, 0, 0,
    0, 0, 0, 0, 0, 0, 0, -8,
    0, 0, 0, 0, 0, 0, 0, 0,
    0, 0, 0, 0, 0, 0, 0, 0,
    0, 0, 0, 0, 0, 0, 0, 0,
    0, 0, 0, 0, 0, 0, 0, 0,
    0, 0, 0, 0, 0, 0, 0, 0,
    0, 0, 0, 0, 0, 0, 0, 0,
    0, 0, 0, 0, 0, 0, 0, 0,
    0, 0, 0, 0, 0, 0, 0, 0,
    0, 0, 0, 0, 0, 0, 0, 0,
    0, 0, 0, 0, 0, 0, 0, 0,
    0, 0, -4, 0, 0, -5, 0, 0,
    0, 0, 0, 0, 0, 0, 0, 0,
    0, 0, 0, 0, 0, 0, 0, 0,
    0, 0, 0, 0, 0, 0, 0, 0,
    0, 0, 0, 0, 0, 0, 0, 0,
    0, 0, 0, 0, 0, 0, 0, 0,
    0, 0, 0, 0, 0, 0, 0, 0,
    -10, 0, 0, 0, 0, 0, 0, 0,
    0, 0, 0, 0, 0, 0, 0, 0,
    0, 0, 0, 0, 0, 0, 0, 0,
    0, 0, 0, 0, 0, 0, 0, 0,
    -3, 0, 0, 3, -4, 0, 0, 0,
    3, 0, 0, 0, 0, 0, 0, 0,
    0, 0, 0, 0, 0, 0, 0, 0,
    0, 0, 0, 0, 0, 0, 0, 0,
    0, 0, 0, 0, 0, 0, 0, 0,
    0, 0, 0, 0, 0, 0, 0, 0,
    0, 0, 0, 0, 0, 0, 0, 0,
    0, 0, 0, 0, -10, 3, 0, 0,
    0, 0, 0, 0, 0, 0, -31, 0,
    0, 0, 0, 0, 0, 0, 0, 0,
    0, 0, 0, 0, 0, 0, 0, 0,
    0, 0, 0, 0, 0, 0, 0, 0,
    0, 0, 0, 0, 0, 0, 0, 0,
    -10, 0, 0, 0, 0, 0, 0, 0,
    0, 0, 0, 0, 0, 0, 0, 0,
    0, 0, 3, 0, 0, 0, 0, 0,
    0, 0, 0, 0, 0, 0, 0, 0,
    0, -31, 0, 0, 0, 0, -31, 0,
    0, 0, -31, 0, 0, 0, 0, 0,
    0, 0, 0, -8, -8, 0, -8, 0,
    0, 0, -8, 0, -8, 8, 0, 0,
    0, 0, 0, -8, 0, 0, 0, 0,
    -8, 0, 0, 0, 0, 0, 0, -8,
    0, 0, 0, 0, 0, 0, 0, 0,
    0, 0, 0, 0, 0, 0, -46, 0,
    0, 0, 0, 0, -31, 0, 0, -36,
    -36, -31, 0, 0, 0, -26, 0, 0,
    0, 0, 0, 0, 0, 0, 0, -8,
    -8, -10, 0, 0, 0, -8, 0, -8,
    0, 0, 0, 0, 0, 0, -8, 0,
    0, 0, 0, -8, 0, 0, 0, 0,
    0, 0, -8, 0, 0, 0, 0, 0,
    0, 0, 0
};


/*Collect the kern class' data in one place*/
static const lv_font_fmt_txt_kern_classes_t kern_classes =
{
    .class_pair_values   = kern_class_values,
    .left_class_mapping  = kern_left_class_mapping,
    .right_class_mapping = kern_right_class_mapping,
    .left_class_cnt      = 73,
    .right_class_cnt     = 67,
};

/*--------------------
 *  ALL CUSTOM DATA
 *--------------------*/

#if LVGL_VERSION_MAJOR == 8
/*Store all the custom data of the font*/
static  lv_font_fmt_txt_glyph_cache_t cache;
#endif

#if LVGL_VERSION_MAJOR >= 8
static const lv_font_fmt_txt_dsc_t font_dsc = {
#else
static lv_font_fmt_txt_dsc_t font_dsc = {
#endif
    .glyph_bitmap = glyph_bitmap,
    .glyph_dsc = glyph_dsc,
    .cmaps = cmaps,
    .kern_dsc = &kern_classes,
    .kern_scale = 16,
    .cmap_num = 10,
    .bpp = 4,
    .kern_classes = 1,
    .bitmap_format = 1,
#if LVGL_VERSION_MAJOR == 8
    .cache = &cache
#endif
};



/*-----------------
 *  PUBLIC FONT
 *----------------*/

/*Initialize a public general font descriptor*/
#if LVGL_VERSION_MAJOR >= 8
const lv_font_t font_kucuk = {
#else
lv_font_t font_kucuk = {
#endif
    .get_glyph_dsc = lv_font_get_glyph_dsc_fmt_txt,    /*Function pointer to get glyph's data*/
    .get_glyph_bitmap = lv_font_get_bitmap_fmt_txt,    /*Function pointer to get glyph's bitmap*/
    .line_height = 22,          /*The maximum line height required by the font*/
    .base_line = 5,             /*Baseline measured from the bottom of the line*/
#if !(LVGL_VERSION_MAJOR == 6 && LVGL_VERSION_MINOR == 0)
    .subpx = LV_FONT_SUBPX_NONE,
#endif
#if LV_VERSION_CHECK(7, 4, 0) || LVGL_VERSION_MAJOR >= 8
    .underline_position = -1,
    .underline_thickness = 0,
#endif
    .dsc = &font_dsc,          /*The custom font data. Will be accessed by `get_glyph_bitmap/dsc` */
#if LV_VERSION_CHECK(8, 2, 0) || LVGL_VERSION_MAJOR >= 9
    .fallback = NULL,
#endif
    .user_data = NULL,
};



#endif /*#if FONT_KUCUK*/

