/*******************************************************************************
 * Size: 36 px
 * Bpp: 4
 * Opts: --font font-tools\build\Manrope-800-latin.ttf -r 0x20-0xFFFF --size 36 --bpp 4 --format lvgl --lv-include lvgl.h --lv-font-name font_xl -o panel-firmware\main\fonts\font_xl.c
 ******************************************************************************/

#ifdef LV_LVGL_H_INCLUDE_SIMPLE
#include "lvgl.h"
#else
#include "lvgl.h"
#endif

#ifndef FONT_XL
#define FONT_XL 1
#endif

#if FONT_XL

/*-----------------
 *    BITMAPS
 *----------------*/

/*Store the image of the glyphs*/
static LV_ATTRIBUTE_LARGE_CONST const uint8_t glyph_bitmap[] = {
    /* U+0020 " " */

    /* U+0021 "!" */
    0xbf, 0xfc, 0x60, 0x1f, 0xff, 0xf0, 0xf, 0xfe,
    0xaf, 0x44, 0x62, 0x57, 0x7c, 0x26, 0xab, 0x86,
    0x2a, 0xb1, 0x0, 0x7f, 0xf1, 0x80,

    /* U+0022 "\"" */
    0xdf, 0xfc, 0x21, 0x9f, 0xf8, 0x40, 0x3f, 0xfe,
    0xb7, 0x11, 0x84, 0x2a, 0x23, 0x8,

    /* U+0023 "#" */
    0x0, 0xff, 0xa7, 0xff, 0x10, 0x5, 0xff, 0xb0,
    0x3, 0xff, 0x88, 0x80, 0x10, 0x90, 0x0, 0xc0,
    0x32, 0x80, 0x7f, 0xf0, 0xc4, 0x80, 0x24, 0x0,
    0x94, 0x3, 0x60, 0x7, 0xff, 0xd, 0x0, 0x36,
    0x80, 0x58, 0x1, 0x90, 0x3, 0xff, 0x87, 0xa0,
    0x19, 0x0, 0x24, 0x0, 0x88, 0x40, 0x3f, 0xf8,
    0x68, 0x1, 0x8c, 0x0, 0x42, 0x1, 0x20, 0x7,
    0xff, 0x10, 0xc0, 0x24, 0x0, 0x90, 0x3, 0x60,
    0x7, 0xf4, 0x7f, 0xf8, 0x3, 0x27, 0xfd, 0x20,
    0x1a, 0xbf, 0xf9, 0x40, 0x24, 0x0, 0xff, 0xe6,
    0xa0, 0x0, 0x4c, 0x3, 0xff, 0x98, 0x42, 0x0,
    0x40, 0xf, 0xfe, 0x6a, 0x0, 0x66, 0x6e, 0x30,
    0xc, 0x8c, 0xd0, 0x80, 0x66, 0x6f, 0x50, 0x4,
    0xb3, 0x3c, 0xe0, 0x1a, 0xa6, 0x50, 0x20, 0x12,
    0xcc, 0xf8, 0xc0, 0x3f, 0xa, 0x0, 0x48, 0x20,
    0x7, 0x0, 0xde, 0x1, 0xfc, 0xd3, 0x3d, 0x40,
    0x19, 0xe6, 0x68, 0x0, 0xdf, 0x33, 0xc2, 0x1,
    0x43, 0x37, 0x20, 0x6, 0x36, 0x68, 0x40, 0x32,
    0xb3, 0x70, 0x80, 0x8, 0x40, 0x3f, 0xf9, 0x88,
    0x1, 0x28, 0x7, 0xff, 0x37, 0x0, 0x2c, 0x0,
    0xff, 0xe6, 0xa8, 0x5, 0x7f, 0xfc, 0x80, 0x1b,
    0xfe, 0xe0, 0xc, 0xbf, 0xfe, 0x20, 0xf, 0xe4,
    0x0, 0x8c, 0x2, 0x40, 0xd, 0x80, 0x1f, 0xfc,
    0x33, 0x0, 0xc8, 0x1, 0x60, 0x6, 0x40, 0xf,
    0xfe, 0x1a, 0x0, 0x6b, 0x0, 0x90, 0x2, 0x12,
    0x0, 0xff, 0xe1, 0xd8, 0x6, 0x30, 0x1, 0x10,
    0x2, 0x40, 0xf, 0xfe, 0x21, 0x80, 0x48, 0x1,
    0x20, 0x6, 0xc0, 0xf, 0xfe, 0x1a, 0x0, 0x6c,
    0x0, 0xb0, 0x3, 0x38, 0x7, 0xfc,

    /* U+0024 "$" */
    0x0, 0xfc, 0x6a, 0xb8, 0x3, 0xff, 0x89, 0x15,
    0x58, 0xc0, 0x3f, 0xfa, 0xe4, 0xe0, 0x19, 0xc0,
    0x3f, 0xf8, 0xf, 0xba, 0x30, 0xd, 0x7a, 0xc0,
    0x1f, 0x8b, 0x60, 0x80, 0x3e, 0x29, 0xc2, 0x0,
    0xe1, 0xc2, 0x0, 0xff, 0x8f, 0x8, 0x3, 0x50,
    0x80, 0x7f, 0xf0, 0x47, 0x80, 0x22, 0x40, 0xe,
    0x6a, 0xba, 0x50, 0xe, 0x36, 0x0, 0x20, 0x6,
    0x1d, 0x95, 0x45, 0xac, 0x10, 0xd, 0x0, 0xe,
    0x0, 0xd0, 0x40, 0x1c, 0x74, 0x1, 0x84, 0xc0,
    0x40, 0x31, 0x80, 0x7c, 0x86, 0x28, 0xd2, 0x41,
    0xc0, 0x1a, 0x40, 0x3f, 0x67, 0x5c, 0xb0, 0x82,
    0x0, 0x63, 0xe6, 0x10, 0xf, 0xfe, 0x1, 0x98,
    0x3, 0xc, 0xf6, 0x41, 0x80, 0x7f, 0xb8, 0x40,
    0x3c, 0x6f, 0x9f, 0x4a, 0x1, 0xf1, 0x61, 0x0,
    0x7f, 0x2d, 0x73, 0x0, 0x78, 0xb6, 0x8c, 0x3,
    0xf8, 0x66, 0xc0, 0x3e, 0x5c, 0xe9, 0x40, 0xf,
    0xc9, 0x20, 0x1f, 0x85, 0xaf, 0xe9, 0x44, 0x3,
    0x98, 0x80, 0x3f, 0xe5, 0xae, 0x90, 0xe, 0x50,
    0x36, 0x8b, 0x50, 0xf, 0xcd, 0x0, 0x1b, 0x9f,
    0x25, 0xd2, 0x40, 0x3f, 0x90, 0x3, 0x1a, 0x0,
    0x63, 0x60, 0xf, 0xc8, 0x1, 0x88, 0xc8, 0x3,
    0x4b, 0x0, 0x79, 0x20, 0x3, 0x68, 0x58, 0x7,
    0x4e, 0x3a, 0x21, 0xae, 0xc0, 0x1c, 0xa0, 0xc6,
    0x1, 0xc7, 0x17, 0x69, 0x40, 0xe, 0x90, 0xb,
    0x48, 0x3, 0xff, 0x84, 0xac, 0x1, 0xe, 0x20,
    0x7, 0xff, 0x1, 0xe8, 0x3, 0x86, 0xec, 0x60,
    0x1f, 0x97, 0x60, 0x3, 0xf2, 0x67, 0x18, 0x6,
    0x9f, 0xa2, 0x0, 0xff, 0x85, 0xc0, 0x32, 0x80,
    0x7f, 0xf6, 0x22, 0xab, 0x10, 0x7, 0xc0,

    /* U+0025 "%" */
    0x0, 0xc4, 0xce, 0xc6, 0x1, 0xff, 0xca, 0x1a,
    0xd9, 0x89, 0xcd, 0x30, 0xf, 0xfe, 0x4, 0x30,
    0x7, 0x17, 0xa8, 0x7, 0x16, 0x28, 0x7, 0xfa,
    0x1e, 0x54, 0x3, 0x70, 0x80, 0x7e, 0xa2, 0x0,
    0xfd, 0xe, 0x0, 0xa5, 0x0, 0x29, 0x80, 0x42,
    0xa4, 0x1, 0xa0, 0x3, 0xe8, 0x70, 0xd, 0x0,
    0xe, 0x0, 0x8f, 0xab, 0x58, 0x2, 0x50, 0xf,
    0x43, 0x80, 0x62, 0xc0, 0x3, 0x0, 0x52, 0x1,
    0x40, 0x6, 0x10, 0xd, 0xe, 0x1, 0x8b, 0x4,
    0x0, 0x20, 0x11, 0x0, 0x46, 0x1, 0xfa, 0x1c,
    0x3, 0x16, 0x8, 0x4, 0xa0, 0x14, 0x28, 0x1f,
    0x80, 0x42, 0x20, 0x4, 0x38, 0x6, 0x2c, 0x10,
    0xd, 0x40, 0x1a, 0xbf, 0x8, 0x2, 0x60, 0x4,
    0x38, 0x6, 0x2c, 0x10, 0xe, 0x36, 0x0, 0xfe,
    0x28, 0x8, 0x70, 0xc, 0x58, 0x20, 0x1f, 0x4a,
    0x80, 0x7c, 0x5e, 0x10, 0xe0, 0x18, 0xb0, 0x40,
    0x3f, 0xaa, 0x86, 0x1, 0x14, 0x69, 0x43, 0x80,
    0x62, 0xc1, 0x0, 0xff, 0x97, 0x3f, 0x7b, 0x5c,
    0x21, 0xc0, 0x31, 0x60, 0x80, 0x7f, 0xf0, 0xc8,
    0x40, 0x10, 0xe0, 0x18, 0xb0, 0x40, 0x2, 0x20,
    0xf, 0xfe, 0x1c, 0x38, 0x6, 0x2c, 0x13, 0xbf,
    0xee, 0xa0, 0x40, 0x3f, 0xe8, 0x70, 0xc, 0x58,
    0x31, 0x88, 0x1, 0xb, 0xf9, 0x0, 0x7f, 0x43,
    0x80, 0x62, 0xc1, 0x77, 0x0, 0x7c, 0x38, 0x20,
    0x1f, 0x43, 0x80, 0x62, 0xc1, 0x14, 0x0, 0x7f,
    0xc, 0x0, 0x7a, 0x1c, 0x3, 0x16, 0x8, 0x30,
    0x6, 0x9f, 0xd4, 0x0, 0x98, 0x3, 0xa1, 0xc0,
    0x31, 0x60, 0x80, 0x34, 0x2, 0x66, 0x1, 0x50,
    0x6, 0x30, 0xa, 0x1c, 0x3, 0x16, 0x8, 0x4,
    0x20, 0x17, 0x0, 0x42, 0x1, 0xf4, 0x38, 0x6,
    0x2c, 0x10, 0xc, 0x40, 0x14, 0x88, 0x1, 0xc0,
    0x31, 0x3, 0xb8, 0x3, 0x16, 0x8, 0x7, 0x68,
    0x4, 0x3d, 0x79, 0x0, 0x11, 0x88, 0x31, 0x0,
    0x45, 0x82, 0x1, 0xe4, 0x40, 0x6, 0x43, 0x0,
    0xd0, 0x0, 0x1c, 0x20, 0x2c, 0x10, 0xf, 0xd4,
    0x40, 0x1f, 0xa1, 0x0, 0x21, 0xc4, 0xc1, 0x0,
    0xfe, 0x1c, 0x60, 0xe, 0x1a, 0x70, 0xe, 0x1b,
    0x10, 0xf, 0xf8, 0x67, 0xaa, 0x21, 0x7c, 0xa0,
    0x10,

    /* U+0026 "&" */
    0x0, 0xf8, 0x95, 0xde, 0x41, 0x0, 0xff, 0xe1,
    0x2e, 0xea, 0xa2, 0x2b, 0xeb, 0x20, 0xf, 0xfa,
    0xa8, 0x40, 0x1f, 0x26, 0xa0, 0x7, 0xf4, 0x28,
    0x7, 0xfd, 0x66, 0x1, 0xf1, 0x38, 0x7, 0xff,
    0x7, 0xc0, 0x3e, 0xb0, 0xe, 0x8d, 0xec, 0x50,
    0xc, 0x66, 0x0, 0xf2, 0x0, 0x6a, 0x72, 0x13,
    0xa4, 0x2, 0x59, 0x10, 0xf, 0x10, 0x6, 0x50,
    0xe, 0xaf, 0xda, 0x62, 0x0, 0xff, 0xe2, 0x88,
    0x7, 0xfc, 0x60, 0x19, 0xc0, 0x3f, 0xf8, 0xb6,
    0x1, 0xa1, 0x0, 0x3f, 0xf8, 0x8e, 0x40, 0x1a,
    0xd4, 0x3, 0xff, 0x89, 0x20, 0x1d, 0x4c, 0x1,
    0xff, 0xc2, 0x19, 0x0, 0xf4, 0xb8, 0x4, 0x9f,
    0xf8, 0x3, 0xb4, 0x80, 0x3e, 0x88, 0x0, 0x7f,
    0xcc, 0x60, 0x1f, 0xcf, 0x20, 0x1f, 0xea, 0x0,
    0xc7, 0x62, 0x1, 0x9a, 0x84, 0x3, 0xf1, 0x80,
    0x6d, 0x4f, 0x20, 0xc, 0xb6, 0x1, 0xf1, 0x0,
    0x63, 0x10, 0x1c, 0x30, 0xc, 0x20, 0x1f, 0x8,
    0x7, 0xe1, 0xc4, 0x0, 0xf8, 0x40, 0x22, 0x0,
    0xc6, 0x20, 0x1a, 0xd4, 0x3, 0xc6, 0x1, 0x8,
    0x80, 0x34, 0x0, 0x75, 0x30, 0x7, 0x19, 0x0,
    0x4e, 0x1, 0x9b, 0x18, 0x84, 0xd9, 0x0, 0x38,
    0x70, 0xc0, 0x10, 0x1, 0xc7, 0x3b, 0xd9, 0x24,
    0x1, 0xe1, 0xc4, 0x1, 0x90, 0xf, 0xfe, 0x3e,
    0x0, 0x1a, 0x40, 0x3f, 0xf8, 0x5, 0x0, 0x12,
    0xc0, 0x4, 0xda, 0xc0, 0x1f, 0x85, 0xf5, 0xec,
    0x12, 0x80, 0x38, 0xa7, 0xf2, 0x61, 0xe2, 0x6f,
    0xa0, 0x0, 0x99, 0x60, 0x0,

    /* U+0027 "'" */
    0xdf, 0xfc, 0x20, 0x1f, 0xfd, 0x2b, 0x88, 0xc2,

    /* U+0028 "(" */
    0x0, 0xf9, 0xc8, 0x3, 0xf9, 0xa3, 0x54, 0x3,
    0xe2, 0x90, 0x5, 0x48, 0x7, 0xb8, 0x3, 0x10,
    0x7, 0x29, 0x80, 0x43, 0x40, 0x1d, 0x0, 0x1a,
    0x84, 0x3, 0x29, 0x0, 0x4a, 0x80, 0x1d, 0x20,
    0x1a, 0x0, 0x38, 0x8c, 0x2, 0x62, 0x0, 0xe5,
    0x0, 0xd4, 0x1, 0xeb, 0x0, 0x88, 0xc0, 0x38,
    0x4c, 0x2, 0x50, 0xf, 0x28, 0x6, 0xb0, 0xf,
    0x18, 0x6, 0x30, 0xf, 0x68, 0x4, 0x40, 0x1f,
    0x30, 0x4, 0xc0, 0x1f, 0x10, 0x4, 0x40, 0x1f,
    0xf0, 0x80, 0x7c, 0x20, 0x17, 0x80, 0x7f, 0xf2,
    0xfc, 0x3, 0xe1, 0x0, 0x84, 0x3, 0xe2, 0x0,
    0x8c, 0x3, 0xe7, 0x0, 0x98, 0x3, 0xe3, 0x0,
    0x8c, 0x3, 0xed, 0x0, 0xc4, 0x1, 0xe4, 0x0,
    0xca, 0x1, 0xe1, 0x20, 0xb, 0x0, 0x3e, 0x50,
    0x9, 0x4, 0x3, 0xd6, 0x1, 0xa4, 0x3, 0xc6,
    0x40, 0x13, 0x88, 0x7, 0xac, 0x3, 0x48, 0x7,
    0x98, 0x40, 0x27, 0x20, 0xf, 0x48, 0x6, 0xe0,
    0xf, 0x39, 0x0, 0x47, 0x0, 0x1e, 0x90, 0xc,
    0x80, 0x1e, 0x46, 0x0, 0x36, 0x0, 0x7d, 0x29,
    0x72, 0x0,

    /* U+0029 ")" */
    0x0, 0x95, 0x0, 0x3f, 0x4d, 0x59, 0x0, 0x71,
    0x6b, 0x0, 0x38, 0x3, 0xc4, 0x1, 0x1b, 0x0,
    0x62, 0xa0, 0xd, 0x0, 0x1c, 0xaa, 0x0, 0x85,
    0xc0, 0x3a, 0xc4, 0x2, 0x90, 0xe, 0x19, 0x0,
    0x85, 0x80, 0x39, 0xc4, 0x2, 0xa0, 0xf, 0x30,
    0x4, 0x62, 0x1, 0xd4, 0x1, 0x9c, 0x3, 0x88,
    0x80, 0x16, 0x80, 0x79, 0x0, 0x25, 0x0, 0xf7,
    0x80, 0x42, 0x40, 0x1c, 0xa0, 0x19, 0x80, 0x38,
    0x80, 0x31, 0x0, 0x70, 0x80, 0x6e, 0x0, 0xf0,
    0x80, 0x42, 0x1, 0xe3, 0x0, 0xff, 0xe4, 0x98,
    0x7, 0xf8, 0x40, 0x21, 0x0, 0xff, 0x78, 0x7,
    0x10, 0x6, 0x20, 0xe, 0x70, 0xc, 0xe0, 0x1d,
    0xa0, 0x18, 0x80, 0x39, 0x0, 0x23, 0x0, 0xe1,
    0x30, 0xa, 0xc0, 0x39, 0x80, 0x32, 0x0, 0x75,
    0x0, 0x44, 0x60, 0x19, 0x48, 0x2, 0xa0, 0xe,
    0x80, 0xc, 0xc0, 0x19, 0xc8, 0x2, 0x61, 0x0,
    0x8e, 0x0, 0x34, 0x0, 0x6e, 0x0, 0xce, 0x20,
    0x12, 0x10, 0x4, 0x30, 0x1, 0x93, 0x4c, 0x1,
    0xa0, 0x1e, 0x2c, 0x68, 0x30, 0xe,

    /* U+002A "*" */
    0x0, 0xc5, 0xff, 0x84, 0x3, 0xf1, 0x0, 0x61,
    0x0, 0xe4, 0x10, 0xf, 0xc2, 0x80, 0xa, 0xe9,
    0x21, 0x0, 0x9, 0x4f, 0x50, 0x18, 0x83, 0x68,
    0x80, 0x7, 0x58, 0x4, 0xe8, 0x3, 0xff, 0x81,
    0x60, 0x1f, 0xfc, 0x11, 0x9f, 0xc7, 0x0, 0xf3,
    0xe7, 0xc8, 0x0, 0xcc, 0x1, 0xe3, 0x30, 0x6,
    0xa4, 0x0, 0xf2, 0x48, 0x4, 0xaa, 0x0, 0x9d,
    0xc0, 0x13, 0x28, 0x1, 0x64, 0x0, 0x51, 0x2,
    0x0, 0x4a, 0x80, 0x4d, 0xa5, 0x20, 0x9, 0x2d,
    0x60, 0xe, 0x2d, 0x40, 0x2, 0x69, 0x0, 0x40,

    /* U+002B "+" */
    0x0, 0xf1, 0x19, 0xc0, 0x1f, 0xfc, 0x1b, 0xcc,
    0x88, 0x3, 0xff, 0xfe, 0x1, 0xff, 0xc4, 0xdf,
    0xfe, 0x60, 0xb, 0x7f, 0xf9, 0x40, 0x3f, 0xfa,
    0xce, 0x67, 0xc2, 0x1, 0x11, 0x9f, 0xd, 0x66,
    0x73, 0x80, 0x5f, 0x99, 0xc8, 0x1, 0xff, 0xff,
    0x0, 0xff, 0x0,

    /* U+002C "," */
    0xce, 0xec, 0x2, 0x3e, 0x0, 0xff, 0xe3, 0x6f,
    0xd8, 0x0, 0x40, 0x4, 0x2, 0x2, 0xb0, 0x8,
    0x17, 0x42, 0x12, 0x2, 0x7, 0x86, 0x17, 0xf8,
    0x60, 0x0,

    /* U+002D "-" */
    0xac, 0xcf, 0xf3, 0x99, 0xff, 0x80, 0x3f, 0xf9,
    0x40,

    /* U+002E "." */
    0xae, 0xec, 0x42, 0x3e, 0x0, 0xff, 0xe3, 0x0,

    /* U+002F "/" */
    0x0, 0xf0, 0xff, 0xed, 0x0, 0xf2, 0x0, 0x64,
    0x0, 0xf6, 0x0, 0x6d, 0x0, 0xf2, 0x0, 0x64,
    0x0, 0xe1, 0x20, 0x8, 0xc0, 0x3c, 0xe0, 0x19,
    0x0, 0x3d, 0x80, 0x1a, 0xc0, 0x3c, 0x80, 0x18,
    0xc0, 0x38, 0x84, 0x2, 0x40, 0xf, 0x28, 0x6,
    0xc0, 0xf, 0x60, 0x6, 0x50, 0xf, 0x20, 0x4,
    0x24, 0x1, 0xc8, 0x1, 0x90, 0x3, 0xd8, 0x1,
    0xb0, 0x3, 0xc8, 0x1, 0x9c, 0x3, 0x84, 0xc0,
    0x22, 0x10, 0xe, 0x40, 0xc, 0x80, 0x1e, 0xc0,
    0xd, 0x80, 0x1e, 0x40, 0xc, 0x80, 0x1c, 0x24,
    0x1, 0x18, 0x80, 0x73, 0x80, 0x64, 0x0, 0xf6,
    0x0, 0x6c, 0x0, 0xf2, 0x0, 0x64, 0x0, 0xe2,
    0x10, 0x9, 0x0, 0x3c, 0xa0, 0x1b, 0x0, 0x3d,
    0x80, 0x19, 0x0, 0x3c,

    /* U+0030 "0" */
    0x0, 0xf8, 0xd9, 0xdc, 0xc8, 0x1, 0xff, 0xc0,
    0x7e, 0xc9, 0x88, 0x4d, 0xfc, 0x88, 0x7, 0xc5,
    0xb0, 0x20, 0x1f, 0x37, 0x28, 0x7, 0x16, 0x90,
    0x7, 0xfd, 0x4c, 0x1, 0xbc, 0x3, 0xff, 0x85,
    0x24, 0x0, 0x72, 0x0, 0xc3, 0x3b, 0xaa, 0x30,
    0xe, 0x90, 0x4, 0x80, 0x63, 0xf6, 0x22, 0x2e,
    0x30, 0x6, 0x42, 0x31, 0x0, 0xdc, 0x20, 0x1d,
    0x24, 0x1, 0x95, 0x40, 0x19, 0x8, 0x3, 0xeb,
    0x0, 0xda, 0x20, 0x18, 0xc0, 0x3f, 0x10, 0x6,
    0x10, 0xf, 0xfe, 0x3b, 0x80, 0x7f, 0xff, 0xc0,
    0x3f, 0xff, 0xe0, 0x1f, 0xce, 0x20, 0x18, 0xc0,
    0x3f, 0x18, 0x6, 0x15, 0x0, 0xc8, 0x40, 0x1f,
    0x50, 0x6, 0xd3, 0x10, 0xd, 0xc2, 0x1, 0xd2,
    0x40, 0x19, 0x42, 0x40, 0x31, 0xfb, 0x99, 0x2e,
    0x30, 0x6, 0x42, 0x7, 0x20, 0xc, 0x31, 0x9b,
    0x46, 0x1, 0xd2, 0x1, 0x78, 0x7, 0xff, 0xa,
    0x48, 0x2, 0x2d, 0x20, 0xf, 0xfa, 0x98, 0x3,
    0x8b, 0x60, 0x40, 0x3e, 0x6e, 0x50, 0xf, 0xcf,
    0xd9, 0x31, 0x9, 0xbf, 0x91, 0x0, 0xc0,

    /* U+0031 "1" */
    0x0, 0x8a, 0xff, 0xf8, 0x2, 0x7d, 0x40, 0xf,
    0x26, 0xc0, 0x7, 0xe9, 0x20, 0xf, 0xfe, 0x62,
    0x80, 0x7e, 0x2b, 0xa0, 0xf, 0x9f, 0x50, 0x3,
    0xec, 0x80, 0xf, 0xe1, 0x0, 0xff, 0xff, 0x80,
    0x7f, 0xff, 0xc0, 0x3f, 0xfb, 0x0,

    /* U+0032 "2" */
    0x0, 0xf8, 0xd9, 0xdc, 0xc6, 0x1, 0xfe, 0x18,
    0xec, 0x98, 0x84, 0xe7, 0x38, 0x7, 0xc9, 0xee,
    0x20, 0x1e, 0x18, 0xc1, 0x0, 0xc9, 0x62, 0x1,
    0xfe, 0x3c, 0x10, 0x0, 0xd0, 0x7, 0xff, 0x4,
    0xac, 0x0, 0xc2, 0x1, 0x8a, 0xb7, 0x52, 0x20,
    0x19, 0x48, 0x28, 0x3, 0x1e, 0xa9, 0x11, 0xbc,
    0x40, 0x35, 0x9, 0x0, 0x6e, 0x0, 0xe1, 0x80,
    0xc, 0x86, 0x1, 0x84, 0x80, 0x3c, 0x80, 0x18,
    0x89, 0x99, 0xc0, 0x1f, 0xfc, 0x23, 0x3c, 0x40,
    0x1f, 0x20, 0x6, 0x30, 0xf, 0xfe, 0xd, 0x80,
    0x66, 0x0, 0xff, 0xe0, 0x59, 0x0, 0x6d, 0x0,
    0xff, 0xe, 0x20, 0x6, 0x26, 0x0, 0xfe, 0x1c,
    0x30, 0xe, 0xf0, 0xf, 0xe2, 0xf2, 0x0, 0xc3,
    0x84, 0x1, 0xf9, 0x34, 0x40, 0x30, 0xe1, 0x80,
    0x7e, 0x5b, 0x0, 0xe2, 0xf2, 0x0, 0xfc, 0xf4,
    0x1, 0xc9, 0x82, 0x1, 0xfa, 0x20, 0x1, 0xcb,
    0x62, 0x1, 0xfa, 0x9c, 0x3, 0x9e, 0x80, 0x3f,
    0xad, 0x40, 0x3a, 0x60, 0x3, 0xf0, 0xea, 0x0,
    0x71, 0x7c, 0xcf, 0xf1, 0x10, 0x3, 0xc4, 0xcd,
    0xfe, 0x0, 0xff, 0xf6, 0x80,

    /* U+0033 "3" */
    0x8, 0xff, 0xff, 0xe1, 0xd0, 0x7, 0xff, 0xbf,
    0x59, 0xbf, 0x8c, 0x3, 0x8c, 0x0, 0xb3, 0x3f,
    0xb4, 0xc0, 0x32, 0x48, 0x7, 0xf9, 0xac, 0x3,
    0x2d, 0x80, 0x7f, 0xa6, 0x40, 0x19, 0x68, 0x3,
    0xf8, 0x6d, 0x80, 0x32, 0xd0, 0x7, 0xf1, 0x62,
    0x0, 0x63, 0xa0, 0xf, 0xf6, 0x10, 0x7, 0x1e,
    0xa0, 0x7, 0xf3, 0x0, 0x7c, 0x56, 0xe0, 0x1f,
    0xa0, 0x40, 0x3f, 0x43, 0x0, 0x7e, 0x80, 0x33,
    0x0, 0x7a, 0x44, 0x3, 0xe6, 0xec, 0xc7, 0xb8,
    0x7, 0x30, 0x7, 0xe1, 0x0, 0xa1, 0x80, 0x35,
    0x0, 0x7f, 0xf0, 0x60, 0x3, 0x10, 0x7, 0xff,
    0x4, 0x44, 0x1, 0x84, 0x3, 0xff, 0x90, 0x4d,
    0x5c, 0xc0, 0x1e, 0x31, 0x0, 0xc2, 0xdb, 0x2a,
    0x30, 0x40, 0x18, 0x78, 0x3, 0x28, 0x38, 0x6,
    0x1c, 0x72, 0x22, 0xe1, 0x0, 0x6e, 0x1, 0x80,
    0xc, 0x31, 0xba, 0xa2, 0x0, 0xca, 0x80, 0x7,
    0x50, 0xf, 0xfe, 0x1, 0x58, 0x6, 0xa6, 0x0,
    0xff, 0x26, 0x8, 0x7, 0x4d, 0x98, 0x7, 0x8a,
    0x6c, 0x40, 0x3e, 0x4c, 0xea, 0x88, 0x4e, 0xe9,
    0x80, 0x38,

    /* U+0034 "4" */
    0x0, 0xfc, 0x9f, 0xfc, 0xa0, 0x1f, 0xfc, 0x1f,
    0x0, 0xc2, 0xa0, 0x1f, 0xfc, 0x3, 0x40, 0xd,
    0x0, 0x1f, 0xfc, 0x19, 0x0, 0xc2, 0xc0, 0x1f,
    0xfc, 0x2, 0x50, 0xd, 0x20, 0x1f, 0xfc, 0x1b,
    0x0, 0xe6, 0x0, 0xff, 0xe0, 0xb, 0x0, 0x67,
    0x10, 0xf, 0xfe, 0x4, 0x80, 0x74, 0x80, 0x7f,
    0xf0, 0x5, 0xc0, 0x33, 0x8, 0x7, 0xff, 0x1,
    0x80, 0x3a, 0xc0, 0x3f, 0xf8, 0x32, 0x1, 0x94,
    0x80, 0x47, 0x80, 0x3c, 0xc2, 0x1, 0xa4, 0x1,
    0xdd, 0xc0, 0x1e, 0x80, 0xc, 0x86, 0x1, 0xff,
    0xc0, 0x51, 0x0, 0xde, 0x1, 0xff, 0xc1, 0x80,
    0xc, 0x68, 0x1, 0xff, 0xc0, 0x42, 0x0, 0xd2,
    0x1, 0xff, 0xc1, 0x80, 0xc, 0x4a, 0x1, 0xff,
    0xc0, 0x23, 0x0, 0xc3, 0x33, 0xc0, 0x1d, 0x32,
    0x31, 0x0, 0xe3, 0x66, 0xe0, 0xe, 0x66, 0x80,
    0x3f, 0xfe, 0x7, 0xff, 0xff, 0x0, 0x77, 0xf9,
    0x40, 0x3f, 0xfe, 0x0,

    /* U+0035 "5" */
    0x0, 0x3f, 0xff, 0xff, 0x6, 0x80, 0x37, 0x80,
    0x7f, 0xf1, 0x84, 0x3, 0xff, 0x8c, 0x60, 0x1f,
    0xfc, 0x61, 0x0, 0xcc, 0xdf, 0xd8, 0x1, 0x9c,
    0x2, 0x39, 0x9f, 0xe6, 0x0, 0xc2, 0x1, 0x38,
    0x7, 0xff, 0x8, 0xc0, 0x3f, 0xf8, 0xc2, 0x1,
    0x8, 0x7, 0xff, 0x18, 0xc0, 0xd5, 0x90, 0x40,
    0x3e, 0x10, 0xc, 0x9d, 0x95, 0x37, 0xd8, 0x80,
    0x1f, 0xe2, 0x10, 0xe, 0x3b, 0x80, 0xc, 0x60,
    0x1f, 0xfc, 0x17, 0x80, 0x8, 0x40, 0x3f, 0xf8,
    0x4e, 0x80, 0x3, 0xb6, 0x10, 0x2a, 0xef, 0xd6,
    0x0, 0xe8, 0x0, 0x92, 0x7b, 0x74, 0xa2, 0x5,
    0x32, 0x0, 0xc6, 0x20, 0x1c, 0x40, 0x1e, 0x62,
    0x0, 0xca, 0x1, 0xff, 0xc1, 0x40, 0xc, 0x40,
    0x1f, 0xfc, 0x94, 0x8d, 0xb0, 0xf, 0x9c, 0x3,
    0x10, 0xfd, 0xb9, 0x23, 0x0, 0x74, 0x88, 0x6,
    0x41, 0x50, 0xd, 0x34, 0x86, 0xb8, 0xc0, 0x19,
    0xc0, 0x10, 0x1, 0xcb, 0x79, 0x46, 0x1, 0x8a,
    0x40, 0x5, 0x40, 0x1f, 0xfc, 0x1, 0xe1, 0x0,
    0x96, 0x80, 0x3f, 0xc5, 0x86, 0x1, 0xcb, 0xaa,
    0x1, 0xe1, 0x8d, 0x20, 0xf, 0x8a, 0xba, 0xa2,
    0x13, 0x9c, 0xe0, 0x1c,

    /* U+0036 "6" */
    0x0, 0xf8, 0xd9, 0xdc, 0xc8, 0x1, 0xfe, 0x18,
    0xec, 0x98, 0x84, 0xdf, 0xd1, 0x0, 0x78, 0xfd,
    0xc4, 0x3, 0xe5, 0xd5, 0x0, 0xc7, 0x82, 0x1,
    0xff, 0xc4, 0xd0, 0xf, 0xfe, 0x5, 0x28, 0x4,
    0xe2, 0x1, 0x8a, 0xbb, 0x94, 0x61, 0x2a, 0x1,
    0xa4, 0x3, 0x1e, 0xa8, 0x89, 0x72, 0xd8, 0x3,
    0x10, 0x80, 0x6e, 0x0, 0xf2, 0x0, 0x73, 0x80,
    0x64, 0x20, 0xf, 0xfe, 0x1, 0x0, 0x63, 0x0,
    0xff, 0xe4, 0x92, 0xb2, 0x90, 0x7, 0xff, 0x1,
    0xb7, 0x55, 0x35, 0xba, 0x50, 0xf, 0xe7, 0x92,
    0x0, 0xe2, 0xab, 0x0, 0xff, 0xe3, 0x25, 0x80,
    0x7f, 0xf1, 0x91, 0x80, 0x3f, 0x36, 0xff, 0x40,
    0x7, 0x40, 0x7, 0xd3, 0x22, 0x1, 0x7b, 0x0,
    0xc2, 0x80, 0x1c, 0x4c, 0x1, 0xc8, 0xa0, 0x18,
    0xc0, 0x39, 0x0, 0x3e, 0xc0, 0xd, 0xc2, 0x1,
    0xff, 0xc6, 0x50, 0xc, 0xe0, 0x1f, 0x68, 0x6,
    0xe3, 0x10, 0x8, 0x64, 0x3, 0x99, 0x0, 0x32,
    0x3, 0x0, 0x66, 0xc5, 0x34, 0xa9, 0x0, 0xc6,
    0x60, 0x81, 0x0, 0xc7, 0x59, 0x6a, 0x1, 0xde,
    0x1, 0x68, 0x7, 0xff, 0x6, 0x4c, 0x2, 0x3c,
    0x10, 0xf, 0xf5, 0x30, 0x7, 0x1f, 0xb0, 0x7,
    0xcb, 0xca, 0x1, 0xf0, 0xcf, 0xdc, 0x45, 0x7d,
    0x42, 0x1, 0x80,

    /* U+0037 "7" */
    0x9f, 0xff, 0xfe, 0x1e, 0x0, 0x7f, 0xf9, 0xf1,
    0x9b, 0xfc, 0x40, 0x1c, 0xb3, 0x3f, 0xe0, 0xe,
    0xa0, 0xf, 0xf1, 0x90, 0x6, 0x60, 0xf, 0xf4,
    0x80, 0x66, 0x0, 0xff, 0xa, 0x80, 0x6a, 0x0,
    0xff, 0x30, 0x6, 0x33, 0x0, 0x7f, 0xa8, 0x3,
    0x50, 0x7, 0xf9, 0x8, 0x3, 0x30, 0x7, 0xfb,
    0xc0, 0x33, 0x0, 0x7f, 0x85, 0x0, 0x35, 0x80,
    0x7f, 0xa4, 0x3, 0x19, 0x0, 0x7f, 0x98, 0x3,
    0x48, 0x7, 0xf9, 0x44, 0x2, 0x15, 0x0, 0xff,
    0x70, 0x6, 0x60, 0xf, 0xf1, 0x20, 0x6, 0xa0,
    0xf, 0xf5, 0x0, 0x64, 0x20, 0xf, 0xf3, 0x0,
    0x6e, 0x0, 0xff, 0x28, 0x80, 0x42, 0xa0, 0x1f,
    0xe9, 0x0, 0xcc, 0x1, 0xfe, 0x23, 0x0, 0xd4,
    0x1, 0xfe, 0xb0, 0xc, 0x84, 0x1, 0xfe, 0x60,
    0xd, 0xc0, 0x1f, 0x80,

    /* U+0038 "8" */
    0x0, 0xf1, 0x2b, 0xb9, 0x90, 0x3, 0xfe, 0x5d,
    0xd5, 0x44, 0x26, 0xfe, 0x4, 0x3, 0xea, 0xa1,
    0x0, 0x7c, 0xfe, 0x60, 0x1d, 0x4a, 0x1, 0xfe,
    0x1d, 0x10, 0x9, 0x54, 0x1, 0xff, 0xc0, 0x1a,
    0x0, 0xa4, 0x3, 0xa3, 0x7a, 0xc8, 0x3, 0x21,
    0x0, 0xc, 0x3, 0x4b, 0x90, 0xa6, 0x0, 0x72,
    0x1, 0x0, 0x73, 0x80, 0x61, 0x40, 0xd, 0xc0,
    0x1f, 0xfc, 0x11, 0x0, 0xf1, 0x0, 0x72, 0x0,
    0x72, 0x0, 0x6e, 0x0, 0x18, 0x6, 0xa6, 0x10,
    0x3c, 0x10, 0xc, 0x80, 0x8, 0x0, 0xe9, 0xef,
    0xc3, 0x0, 0xc8, 0x40, 0x4, 0x50, 0xf, 0xfe,
    0xc, 0x80, 0x6d, 0x0, 0xff, 0xe0, 0x11, 0x80,
    0x49, 0x0, 0x1f, 0xfc, 0x2, 0xa0, 0xa, 0x80,
    0x38, 0x51, 0x48, 0x3, 0x91, 0x41, 0x44, 0x3,
    0x3f, 0x5d, 0x6e, 0x8, 0x6, 0x90, 0xf0, 0xc,
    0x90, 0x1, 0x8e, 0xc0, 0x31, 0x8b, 0x0, 0x6d,
    0x0, 0xf2, 0x80, 0x71, 0x8, 0x6, 0x30, 0xf,
    0x84, 0x3, 0x38, 0x80, 0x6d, 0x0, 0xf0, 0x88,
    0x3, 0x32, 0x0, 0x66, 0x10, 0xe, 0x80, 0xe,
    0x2b, 0x0, 0xc3, 0xec, 0x44, 0x4b, 0x60, 0xc,
    0xc0, 0x6a, 0x1, 0x86, 0x77, 0x56, 0x80, 0x1d,
    0x60, 0xb, 0x20, 0xf, 0xfe, 0xd, 0x10, 0x0,
    0x70, 0xc0, 0x3f, 0xea, 0x50, 0xc, 0x39, 0x24,
    0x1, 0xf3, 0x72, 0x80, 0x7c, 0xdb, 0xaa, 0x88,
    0x4d, 0xfc, 0x88, 0x6,

    /* U+0039 "9" */
    0x0, 0xf8, 0xd9, 0xdc, 0xa4, 0x1, 0xff, 0x37,
    0x64, 0xc4, 0x2b, 0x71, 0x0, 0x3e, 0x1c, 0x91,
    0x0, 0xf1, 0xdc, 0x0, 0x70, 0xf9, 0x80, 0x7f,
    0x9e, 0x40, 0x36, 0x88, 0x7, 0xff, 0x1, 0x94,
    0x0, 0xc6, 0x1, 0x8a, 0x73, 0xe, 0x1, 0xd6,
    0x0, 0xa0, 0xc, 0x7a, 0xc6, 0x68, 0xc0, 0xc,
    0x2a, 0x6, 0x1, 0xb8, 0x3, 0x8e, 0x0, 0x36,
    0x10, 0x6, 0x22, 0x0, 0x79, 0x0, 0x32, 0x88,
    0x6, 0x10, 0xf, 0x84, 0x3, 0x9, 0x0, 0x63,
    0x10, 0xf, 0x20, 0x6, 0x31, 0x10, 0x6, 0xb0,
    0xe, 0x18, 0x0, 0xf3, 0x0, 0x65, 0xb3, 0x1,
    0x6f, 0x10, 0xf, 0x48, 0x7, 0x26, 0x7f, 0x48,
    0x80, 0x7c, 0x34, 0x1, 0xff, 0xc6, 0x59, 0x0,
    0xff, 0xe3, 0x36, 0xa8, 0x7, 0x9b, 0x0, 0x3f,
    0x8a, 0xbe, 0xea, 0x97, 0xf2, 0x20, 0x1f, 0xfc,
    0x4, 0x55, 0x20, 0x7, 0xc6, 0x1, 0xff, 0xc1,
    0x70, 0xc, 0xc0, 0x1f, 0xfc, 0x1e, 0x0, 0xc6,
    0x1, 0xc4, 0x40, 0xe, 0x74, 0x0, 0xd8, 0x1,
    0x87, 0xf5, 0xc8, 0x4e, 0xa0, 0x3, 0x12, 0x0,
    0x43, 0x84, 0x11, 0xbd, 0x8a, 0x1, 0xd2, 0x1,
    0xe, 0x10, 0x7, 0xfc, 0xe8, 0x1, 0x84, 0x3,
    0xfe, 0x78, 0x0, 0xc3, 0x92, 0x40, 0x1f, 0x26,
    0x40, 0x7, 0xcd, 0xba, 0xa8, 0x84, 0xdf, 0x59,
    0x80, 0x60,

    /* U+003A ":" */
    0xf, 0xfd, 0xc0, 0x1f, 0xfc, 0x71, 0x1c, 0x41,
    0xdd, 0xb0, 0x3, 0xff, 0x9b, 0xdd, 0xb0, 0x4,
    0x78, 0x3, 0xff, 0x8c,

    /* U+003B ";" */
    0xf, 0xfd, 0xa0, 0x1f, 0xfc, 0x71, 0x1e, 0xe,
    0xed, 0x80, 0x1f, 0xfe, 0x5e, 0xed, 0x80, 0x23,
    0xc0, 0x1f, 0xfc, 0x7f, 0xf4, 0x0, 0x77, 0x3,
    0x1, 0x33, 0x3, 0x3, 0xe4, 0x5, 0x80, 0xc5,
    0x30, 0x43, 0xb9, 0x64, 0x0,

    /* U+003C "<" */
    0x0, 0xff, 0xe4, 0x5a, 0x80, 0x7f, 0x62, 0x52,
    0x80, 0x7d, 0x86, 0x0, 0xa5, 0x0, 0xec, 0x30,
    0xc, 0x20, 0x1b, 0xc, 0x3, 0x62, 0x0, 0x58,
    0x60, 0x10, 0xe1, 0x80, 0x58, 0x60, 0x10, 0xe9,
    0x80, 0x58, 0x60, 0x10, 0xe1, 0x80, 0x54, 0x60,
    0x1b, 0x8, 0x3, 0x48, 0x80, 0x69, 0x0, 0xe3,
    0xd1, 0x0, 0x92, 0xc0, 0x38, 0xf4, 0x40, 0x24,
    0xc0, 0xe, 0x3d, 0x10, 0x8, 0xf0, 0x40, 0x31,
    0xe8, 0x80, 0x47, 0x82, 0x1, 0x8f, 0x44, 0x2,
    0x29, 0x0, 0xe3, 0xd1, 0x0, 0x34, 0x0, 0x78,
    0xf4, 0x5a, 0x40, 0x3f, 0x1e, 0x48, 0x0,

    /* U+003D "=" */
    0x8c, 0xcf, 0xfe, 0x2c, 0x19, 0xff, 0xf1, 0xc0,
    0x3f, 0xfb, 0x57, 0xff, 0xff, 0xc5, 0xb0, 0xf,
    0xfe, 0xd4, 0x66, 0x7f, 0xf1, 0x60, 0xcf, 0xff,
    0x8e, 0x1, 0xff, 0xda,

    /* U+003E ">" */
    0x0, 0xff, 0xe1, 0x96, 0x10, 0x7, 0xf1, 0x61,
    0xe1, 0x0, 0x7c, 0x58, 0x20, 0x38, 0x40, 0x1f,
    0x18, 0x4, 0x38, 0x40, 0x1c, 0x58, 0x40, 0x10,
    0xe1, 0x0, 0x70, 0xe1, 0x0, 0x43, 0x84, 0x1,
    0xc3, 0x86, 0x1, 0xe, 0x10, 0x7, 0xe, 0x98,
    0x4, 0x38, 0x40, 0x1c, 0x38, 0x20, 0x10, 0xe0,
    0x7, 0xa0, 0x40, 0x35, 0x80, 0x74, 0xb8, 0x6,
    0xa5, 0x0, 0xd2, 0xc0, 0x1a, 0x94, 0x3, 0x53,
    0x0, 0x6a, 0x50, 0xd, 0x4a, 0x1, 0xa9, 0x40,
    0x32, 0x28, 0x6, 0xa5, 0x0, 0xe4, 0x90, 0xa,
    0x94, 0x3, 0xe6, 0x90, 0xa5, 0x0, 0xfe, 0x6d,
    0x50, 0xf, 0xc0,

    /* U+003F "?" */
    0x0, 0xf1, 0x33, 0xb9, 0x8c, 0x3, 0xfc, 0x99,
    0xb3, 0x10, 0x9c, 0xf8, 0x10, 0xf, 0x4d, 0x98,
    0x7, 0xcf, 0xe4, 0x1, 0x9d, 0x80, 0x3f, 0xc3,
    0x82, 0x0, 0x28, 0x0, 0xff, 0xe0, 0xd, 0x80,
    0x2c, 0x3, 0xa7, 0x75, 0x44, 0x1, 0x94, 0x41,
    0xc0, 0x35, 0x31, 0x11, 0x70, 0x3, 0x90, 0x44,
    0x1, 0x94, 0x3, 0x9, 0x80, 0x62, 0x1f, 0xfe,
    0x0, 0xff, 0x84, 0x3, 0xff, 0x80, 0x40, 0x18,
    0x80, 0x3f, 0xe5, 0x10, 0xc, 0x80, 0x1f, 0xe3,
    0xa0, 0xc, 0xe0, 0x1f, 0xe3, 0xd0, 0xc, 0x50,
    0x1, 0xfc, 0xb8, 0x20, 0x1b, 0x80, 0x3f, 0x92,
    0x80, 0x3a, 0x8c, 0x3, 0xfa, 0x40, 0x3a, 0x94,
    0x3, 0xf9, 0x8, 0x3, 0x42, 0x80, 0x7f, 0xb4,
    0x3, 0x1b, 0x80, 0x7f, 0xca, 0x1, 0xa8, 0x3,
    0xff, 0x80, 0x20, 0x18, 0x80, 0x3f, 0xf8, 0x1b,
    0xff, 0x90, 0x3, 0xff, 0x80, 0x46, 0x78, 0x3,
    0xff, 0x83, 0x99, 0xc8, 0x1, 0xff, 0xff, 0x0,
    0x80,

    /* U+0040 "@" */
    0x0, 0xfe, 0x48, 0xce, 0xff, 0xb6, 0xe0, 0xc0,
    0x3f, 0xf8, 0x8d, 0xb6, 0xe6, 0x20, 0x11, 0x23,
    0xe6, 0xb0, 0x7, 0xff, 0x0, 0xb2, 0x48, 0x3,
    0xfe, 0x29, 0xc2, 0x0, 0xfe, 0x3c, 0x30, 0xf,
    0x11, 0x90, 0x7, 0x8f, 0x4c, 0x3, 0xe2, 0xc1,
    0x0, 0x8a, 0x37, 0xf7, 0x37, 0xf6, 0x8, 0x3,
    0x61, 0x0, 0x7b, 0xc0, 0x34, 0x6b, 0x90, 0x7,
    0x13, 0xec, 0x0, 0x6f, 0x0, 0xe6, 0x20, 0xa,
    0x9c, 0x0, 0xb5, 0x98, 0xa6, 0x15, 0x51, 0xd8,
    0x4, 0x50, 0x1, 0xa0, 0x2, 0x75, 0x2, 0xca,
    0x53, 0x32, 0xcf, 0x55, 0x21, 0x20, 0x2, 0x70,
    0x9, 0x4, 0x0, 0x30, 0x3, 0x86, 0x1, 0xff,
    0x39, 0x0, 0x4c, 0x0, 0xd0, 0x9, 0x80, 0x14,
    0x20, 0x1f, 0xfc, 0x1a, 0x0, 0xb0, 0x0, 0xa0,
    0x15, 0x81, 0xa0, 0x4, 0xdb, 0xfa, 0x60, 0x1e,
    0x50, 0x9, 0x0, 0x6, 0x1, 0x18, 0x58, 0x4,
    0x72, 0x40, 0x5c, 0x1, 0x38, 0x0, 0x80, 0x21,
    0x1, 0x0, 0xf1, 0x80, 0x54, 0x1, 0x88, 0x80,
    0x1f, 0xe1, 0x0, 0xc2, 0x1, 0xe3, 0x0, 0xe1,
    0x0, 0xff, 0xe1, 0x88, 0x7, 0x8c, 0x3, 0x84,
    0x3, 0xfe, 0x10, 0xc, 0x20, 0x60, 0x15, 0x0,
    0x62, 0x20, 0x1, 0x80, 0x2, 0x1, 0x84, 0x4,
    0x2, 0x50, 0xb0, 0x8, 0xe4, 0x40, 0xfc, 0x2,
    0x25, 0x9, 0x0, 0x8c, 0x0, 0xa0, 0x16, 0x1,
    0x98, 0x2, 0x6e, 0xfc, 0x20, 0xd, 0x5e, 0xe0,
    0x15, 0x80, 0x34, 0x2, 0x60, 0x7, 0x8, 0x7,
    0xff, 0x10, 0x58, 0x0, 0xe0, 0x10, 0xc0, 0x16,
    0x10, 0x7, 0x8e, 0x0, 0x3e, 0xa1, 0x0, 0xb,
    0x80, 0x4e, 0xa0, 0x5b, 0x4a, 0x66, 0x5a, 0xc7,
    0xd7, 0x32, 0x47, 0xe4, 0x0, 0xd0, 0x40, 0x15,
    0x38, 0x1, 0x6b, 0x31, 0x4a, 0x0, 0x28, 0xcd,
    0xb8, 0x10, 0xf, 0x70, 0x6, 0x8d, 0x72, 0x0,
    0xe1, 0x10, 0x7, 0xff, 0x4, 0xec, 0x3, 0x14,
    0x6f, 0xee, 0x6f, 0x72, 0xc0, 0x3f, 0xf8, 0x49,
    0xa6, 0x1, 0xe2, 0x32, 0x10, 0x50, 0xf, 0xfe,
    0x19, 0x64, 0x90, 0x7, 0xf9, 0x40, 0x3f, 0xf8,
    0x8d, 0xb8, 0xe6, 0x20, 0x11, 0x23, 0xb8, 0x3,
    0xf8,

    /* U+0041 "A" */
    0x0, 0xfd, 0x1f, 0xff, 0x8, 0x7, 0xff, 0xd,
    0x40, 0x3e, 0x70, 0xf, 0xfe, 0x10, 0x90, 0x7,
    0xda, 0x1, 0xff, 0xc2, 0x70, 0xf, 0xc8, 0x1,
    0xff, 0xc2, 0xd0, 0xf, 0xe5, 0x0, 0xff, 0xe0,
    0xa, 0x0, 0x67, 0x0, 0xde, 0x1, 0xff, 0xc0,
    0x40, 0xc, 0xb4, 0x1, 0x90, 0x3, 0xff, 0x81,
    0xe0, 0x1b, 0xc8, 0x80, 0x10, 0x98, 0x7, 0xfc,
    0x80, 0x19, 0x1, 0x0, 0x35, 0x80, 0x7f, 0x90,
    0x40, 0x23, 0x10, 0xd0, 0xc, 0xa0, 0x1f, 0xec,
    0x0, 0xd6, 0x0, 0x41, 0x0, 0x88, 0x80, 0x1f,
    0xca, 0x1, 0x94, 0x2, 0x40, 0xc, 0xa0, 0x1f,
    0x88, 0x80, 0x11, 0x10, 0x2, 0xf0, 0xd, 0x60,
    0x1f, 0x94, 0x3, 0x28, 0x6, 0x50, 0xc, 0x62,
    0x1, 0xf5, 0x80, 0x6b, 0x0, 0xe4, 0x0, 0xc8,
    0x1, 0xe1, 0x30, 0x8, 0x4c, 0x3, 0xb4, 0x3,
    0x78, 0x7, 0x9c, 0x3, 0xf, 0xff, 0xa4, 0x3,
    0x28, 0x7, 0xb4, 0x3, 0xff, 0x8a, 0x80, 0x1c,
    0x80, 0x1f, 0xfc, 0x5d, 0x0, 0xc8, 0x1, 0xff,
    0xc6, 0x70, 0xd, 0xa0, 0x19, 0x19, 0xbf, 0x84,
    0x2, 0x13, 0x0, 0x9c, 0x3, 0x4c, 0xff, 0x98,
    0x3, 0x58, 0x0, 0xc4, 0x2, 0x22, 0x0, 0x7f,
    0x60, 0x6, 0x40, 0x5, 0x80, 0x65, 0x0, 0xff,
    0x20, 0x80, 0x46, 0x20, 0xa0, 0x1a, 0xc0, 0x3f,
    0xe4, 0x0, 0xce, 0x44, 0x0, 0x84, 0xc0, 0x3f,
    0xef, 0x0, 0xda,

    /* U+0042 "B" */
    0x7f, 0xff, 0xfb, 0xa9, 0x40, 0x3f, 0xf8, 0xa2,
    0xb5, 0x82, 0x1, 0xff, 0xc6, 0x3f, 0x10, 0xf,
    0xfe, 0x30, 0xd8, 0x7, 0xc6, 0xcd, 0xca, 0x1,
    0xca, 0x40, 0x1e, 0xb9, 0x9e, 0xae, 0x10, 0xc,
    0xa0, 0x1f, 0xfc, 0x11, 0x80, 0xd, 0xc0, 0x1f,
    0xfc, 0x23, 0x0, 0xc6, 0x1, 0xff, 0xc2, 0xd0,
    0xc, 0x40, 0x1f, 0xfc, 0x1, 0x67, 0x0, 0xd8,
    0x1, 0xe8, 0xff, 0xee, 0x90, 0xc, 0x48, 0x1,
    0xff, 0xc5, 0x1f, 0x0, 0xff, 0xe3, 0x10, 0x7,
    0xff, 0x1c, 0xf4, 0xc0, 0x3c, 0x6c, 0xde, 0x40,
    0xe, 0xe0, 0xf, 0x5c, 0xcf, 0xaf, 0x44, 0x2,
    0x26, 0x0, 0xff, 0xe0, 0x95, 0x80, 0x6d, 0x0,
    0xff, 0xe1, 0x20, 0x6, 0x60, 0xf, 0xfe, 0x11,
    0x80, 0x7f, 0xf1, 0xd0, 0x3, 0x8, 0x7, 0xff,
    0x4, 0xe4, 0x3, 0x28, 0x7, 0x5c, 0xcf, 0xb3,
    0x0, 0x1d, 0xa0, 0x1c, 0x6c, 0xde, 0x30, 0xe,
    0x34, 0x0, 0xff, 0xe3, 0x70, 0x7, 0xff, 0x14,
    0xb0, 0x80, 0x3f, 0xf8, 0x42, 0x93, 0xa6, 0x0,

    /* U+0043 "C" */
    0x0, 0xfe, 0x25, 0x77, 0x98, 0xc0, 0x3f, 0xf8,
    0x65, 0x3d, 0xb5, 0x11, 0x4e, 0x7d, 0x20, 0x7,
    0xfd, 0x1a, 0xc2, 0x1, 0xf9, 0x6e, 0xc2, 0x1,
    0xfa, 0xdc, 0x3, 0xff, 0x82, 0x9e, 0x60, 0x1e,
    0xc4, 0x0, 0xff, 0xe1, 0x8e, 0x90, 0x6, 0x83,
    0x0, 0xe4, 0xad, 0xed, 0xb6, 0x0, 0xe1, 0xf0,
    0x8, 0x9c, 0x3, 0xd, 0xd9, 0x48, 0x49, 0x27,
    0x8c, 0x3, 0x13, 0x80, 0x20, 0x3, 0xb5, 0x0,
    0x3e, 0x1c, 0x30, 0xd, 0x20, 0x2a, 0x1, 0xa0,
    0xc0, 0x3f, 0xde, 0x1, 0x84, 0xd0, 0x3, 0x9c,
    0x3, 0xfe, 0x34, 0x37, 0xcf, 0x3c, 0x0, 0xca,
    0x1, 0xff, 0xc1, 0xbc, 0x83, 0x0, 0x28, 0x6,
    0xd0, 0xf, 0xfe, 0x38, 0x80, 0x62, 0x0, 0xff,
    0xe3, 0x98, 0x6, 0x10, 0xf, 0xff, 0x1, 0x80,
    0x61, 0x0, 0xff, 0xe3, 0x88, 0x6, 0x20, 0xf,
    0xfe, 0x3a, 0x80, 0x6d, 0x0, 0xff, 0xe3, 0xe0,
    0x6, 0x50, 0xf, 0xfe, 0xd, 0xec, 0x20, 0x1,
    0x0, 0x39, 0xc0, 0x3f, 0xe3, 0x42, 0x7b, 0xf3,
    0x15, 0x0, 0xd0, 0x60, 0x1f, 0xee, 0x0, 0xc2,
    0x61, 0x0, 0x1d, 0xa8, 0x1, 0xf0, 0xe1, 0x0,
    0x69, 0x0, 0x13, 0x80, 0x61, 0xbb, 0x31, 0x91,
    0x12, 0x78, 0xc0, 0x31, 0x38, 0x5, 0x6, 0x1,
    0xc9, 0x39, 0xba, 0xb6, 0x0, 0xe1, 0xf0, 0xe,
    0xc4, 0x0, 0xff, 0xe1, 0x8e, 0x10, 0x7, 0xad,
    0xc0, 0x3f, 0xf8, 0x29, 0xe4, 0x1, 0xfa, 0x35,
    0x84, 0x3, 0xf2, 0xdd, 0x84, 0x3, 0xfc, 0x53,
    0xdb, 0x51, 0x14, 0xe7, 0xd2, 0x0, 0x78,

    /* U+0044 "D" */
    0x7f, 0xff, 0xfb, 0x65, 0x0, 0x3f, 0xf8, 0xe4,
    0xd7, 0xa8, 0x1, 0xff, 0xc8, 0x2b, 0x80, 0xf,
    0xfe, 0x4b, 0xc0, 0x7, 0xe3, 0x66, 0xca, 0x80,
    0x1e, 0x75, 0x0, 0xfa, 0xe6, 0x75, 0x5f, 0xb8,
    0x7, 0x58, 0x7, 0xff, 0xe, 0x24, 0x3, 0xb,
    0x80, 0x7f, 0xf0, 0xd9, 0x0, 0x35, 0x0, 0x7f,
    0xf1, 0x20, 0x3, 0x11, 0x0, 0x3f, 0xf8, 0x66,
    0x20, 0x19, 0x0, 0x3f, 0xf8, 0x88, 0x1, 0xbc,
    0x3, 0xff, 0x88, 0x40, 0x18, 0x80, 0x3f, 0xf8,
    0x9e, 0x1, 0x9c, 0x3, 0xff, 0xb5, 0xe0, 0x19,
    0xc0, 0x3f, 0xf8, 0x84, 0x1, 0x88, 0x3, 0xff,
    0x88, 0x80, 0x1b, 0xc0, 0x3f, 0xf8, 0x68, 0x20,
    0x19, 0x0, 0x3f, 0xf8, 0x7e, 0x1, 0x88, 0x80,
    0x1f, 0xfc, 0x26, 0x40, 0xd, 0x40, 0x1f, 0xfc,
    0x27, 0x90, 0xc, 0x2e, 0x1, 0xeb, 0x99, 0xeb,
    0xf8, 0x0, 0xeb, 0x0, 0xf8, 0xd9, 0xb9, 0x0,
    0x3c, 0xea, 0x1, 0xff, 0xc7, 0x78, 0x0, 0xff,
    0xe3, 0x15, 0xc0, 0x7, 0xff, 0x10, 0x9a, 0xf5,
    0x0, 0x38,

    /* U+0045 "E" */
    0x7f, 0xff, 0xfe, 0x23, 0x80, 0x7f, 0xfb, 0xcd,
    0x9b, 0xfe, 0x30, 0xe, 0xa9, 0x9f, 0xf9, 0x0,
    0x3f, 0xff, 0xe0, 0x9, 0xff, 0xfe, 0x40, 0xf,
    0xff, 0x89, 0xb3, 0x7f, 0x80, 0x3e, 0xa9, 0x9f,
    0xe2, 0x0, 0xff, 0xff, 0x80, 0x7f, 0xf2, 0xaa,
    0x67, 0xfe, 0x40, 0xe, 0x36, 0x6f, 0xf8, 0xc0,
    0x3f, 0xfd, 0x40,

    /* U+0046 "F" */
    0x7f, 0xff, 0xfe, 0x1a, 0x80, 0x7f, 0xfb, 0x44,
    0x7f, 0xc0, 0x1e, 0x9e, 0xef, 0xf2, 0x80, 0x7f,
    0xff, 0xc0, 0x3f, 0xf8, 0x73, 0xff, 0xf8, 0xc0,
    0x3f, 0xfd, 0xe2, 0x3f, 0xc0, 0x1f, 0x4f, 0x77,
    0xe2, 0x0, 0xff, 0xff, 0x80, 0x7f, 0xff, 0xc0,
    0x38,

    /* U+0047 "G" */
    0x0, 0xfe, 0x35, 0x77, 0x94, 0xc0, 0x3f, 0xf8,
    0x63, 0x3d, 0x95, 0x11, 0x56, 0x7d, 0x18, 0x7,
    0xfc, 0xfc, 0xc2, 0x1, 0xf9, 0x72, 0x84, 0x3,
    0xf5, 0xc0, 0x7, 0xff, 0x5, 0x70, 0x40, 0x3d,
    0x68, 0x1, 0xff, 0xc3, 0x2d, 0x0, 0xe8, 0x40,
    0xe, 0x4a, 0xde, 0xda, 0x40, 0xe, 0x37, 0x0,
    0x89, 0xc0, 0x30, 0xdd, 0x94, 0x84, 0x96, 0xe8,
    0x3, 0xa0, 0x40, 0x10, 0x1, 0xda, 0x80, 0x1f,
    0x2d, 0x0, 0x73, 0x0, 0xa8, 0x6, 0x83, 0x0,
    0xfe, 0x55, 0x0, 0x6b, 0x7, 0x0, 0xe6, 0x0,
    0xff, 0xa4, 0x5, 0x1a, 0xc3, 0xc0, 0x32, 0x8,
    0x7, 0xfc, 0x7f, 0xd7, 0x2e, 0xa, 0x1, 0xb0,
    0x3, 0xff, 0x8e, 0x20, 0x18, 0x80, 0x3f, 0xf8,
    0xe6, 0x1, 0x84, 0x3, 0xfa, 0xb3, 0x3f, 0x38,
    0x7, 0xff, 0xd, 0x8c, 0xff, 0x71, 0x80, 0x61,
    0x0, 0xff, 0xe3, 0x88, 0x6, 0x20, 0xf, 0xfe,
    0x37, 0x28, 0x6, 0xc0, 0xf, 0xec, 0xff, 0x88,
    0x3, 0x16, 0x0, 0x64, 0x0, 0xff, 0xe0, 0x9,
    0x0, 0x67, 0x40, 0xe, 0x70, 0xf, 0xfa, 0x40,
    0x31, 0x10, 0x54, 0x3, 0x41, 0x80, 0x7f, 0x1b,
    0x80, 0x6a, 0x0, 0x40, 0x7, 0x6a, 0x0, 0x7c,
    0x7a, 0x1, 0x85, 0x80, 0x4, 0xe0, 0x18, 0x6e,
    0xcc, 0x64, 0x45, 0xac, 0x10, 0xd, 0x2, 0x1,
    0x42, 0x0, 0x72, 0x4e, 0x6e, 0xa9, 0x40, 0x39,
    0x58, 0x3, 0xad, 0x0, 0x3f, 0xf8, 0x6b, 0x40,
    0x1f, 0x5c, 0x0, 0x7f, 0xf0, 0x66, 0x80, 0x3f,
    0x9f, 0x9c, 0x40, 0x3e, 0x17, 0xe6, 0x0, 0xff,
    0x86, 0x3b, 0x6a, 0x22, 0xad, 0xe8, 0x10, 0xf,
    0x0,

    /* U+0048 "H" */
    0x7f, 0xfc, 0xc0, 0x1f, 0xf7, 0xfe, 0xe0, 0xf,
    0xff, 0xf8, 0x7, 0xff, 0xfc, 0x3, 0xff, 0xff,
    0x3f, 0xff, 0xf0, 0x7, 0xff, 0xfc, 0xd, 0x9b,
    0xfe, 0x0, 0xff, 0x54, 0xcf, 0xfc, 0x1, 0xff,
    0xff, 0x0, 0xff, 0xff, 0x80, 0x7f, 0xfa, 0x40,

    /* U+0049 "I" */
    0x2f, 0xfd, 0x80, 0x1f, 0xff, 0xf0, 0xf, 0xff,
    0xf8,

    /* U+004A "J" */
    0x0, 0xff, 0x37, 0xfe, 0x90, 0xf, 0xff, 0xf8,
    0x7, 0xff, 0xfc, 0x3, 0xff, 0xfe, 0x1, 0xff,
    0xf6, 0x36, 0x0, 0xe1, 0x0, 0xe7, 0xbf, 0xc9,
    0x40, 0xd, 0x60, 0x1b, 0xb5, 0x0, 0x2b, 0x61,
    0x3a, 0x30, 0xc, 0x72, 0x1, 0xd3, 0xd8, 0xa0,
    0x18, 0x50, 0xdc, 0x3, 0xff, 0x81, 0x40, 0x8,
    0x60, 0xf, 0xf4, 0x20, 0x5, 0x34, 0x40, 0x1e,
    0x3b, 0x70, 0xe, 0x5d, 0xc9, 0x88, 0x56, 0xe2,
    0x0, 0x40,

    /* U+004B "K" */
    0x7f, 0xfc, 0xc0, 0x1f, 0x8b, 0xff, 0xb0, 0x3,
    0xff, 0x84, 0x3e, 0x1, 0x87, 0x40, 0x3f, 0xf8,
    0x5a, 0x40, 0x1b, 0x44, 0x3, 0xff, 0x83, 0x26,
    0x1, 0xac, 0xc0, 0x3f, 0xf8, 0x2c, 0xc0, 0xd,
    0x8, 0x1, 0xff, 0xc1, 0x49, 0x0, 0xcc, 0xe0,
    0x1f, 0xfc, 0x12, 0xa0, 0xc, 0x92, 0x1, 0xff,
    0xc2, 0xf1, 0x0, 0x8a, 0x80, 0x3f, 0xf8, 0x56,
    0x40, 0x10, 0xf8, 0x80, 0x7f, 0xf0, 0x61, 0x0,
    0x36, 0x90, 0x7, 0xff, 0x5, 0x5c, 0x3, 0x49,
    0x80, 0x7f, 0xf0, 0x72, 0x80, 0x33, 0xb0, 0x7,
    0xff, 0x9, 0x40, 0x32, 0x40, 0x7, 0xff, 0x21,
    0x44, 0x3, 0xff, 0x86, 0x80, 0x18, 0x70, 0x40,
    0x3f, 0xf8, 0x5b, 0x20, 0x18, 0xa8, 0x3, 0xff,
    0x86, 0xce, 0x1, 0x92, 0x80, 0x3f, 0xf8, 0x70,
    0xa0, 0x19, 0x60, 0x3, 0xff, 0x87, 0x46, 0x1,
    0x9d, 0x80, 0x3f, 0xf8, 0x7a, 0x40, 0x1a, 0x50,
    0x3, 0xff, 0x84, 0x3e, 0x20, 0x1a, 0xcc, 0x3,
    0xff, 0x84, 0x5a, 0x1, 0xda, 0x20, 0x1f, 0xfc,
    0x23, 0xb0, 0xc, 0x38, 0x1, 0xff, 0xc3, 0x49,
    0x0, 0xc5, 0x60, 0x1f, 0xfc, 0x36, 0x60, 0x6,
    0x4a, 0x0, 0xff, 0xe1, 0xca, 0x80, 0x65, 0x80,

    /* U+004C "L" */
    0x2f, 0xfd, 0x80, 0x1f, 0xff, 0xf0, 0xf, 0xff,
    0xf8, 0x7, 0xff, 0xfc, 0x3, 0xff, 0xfe, 0x1,
    0xff, 0xec, 0x29, 0x9f, 0xf4, 0x0, 0x70, 0xb3,
    0x7f, 0x9c, 0x3, 0xff, 0xce,

    /* U+004D "M" */
    0x7f, 0xfc, 0x40, 0x1f, 0xfc, 0x33, 0xff, 0xce,
    0x1, 0xd0, 0x1, 0xff, 0xc3, 0x80, 0xf, 0xf2,
    0x90, 0x7, 0xff, 0x4, 0xd0, 0x3, 0xfe, 0x80,
    0xf, 0xfe, 0xc, 0x0, 0x7f, 0xf0, 0x14, 0x80,
    0x3f, 0xe3, 0x40, 0xf, 0xfe, 0xc, 0x0, 0x7f,
    0xd0, 0x1, 0xff, 0xc2, 0x52, 0x0, 0xfe, 0x24,
    0x0, 0xff, 0xe1, 0xc0, 0x7, 0xf4, 0x0, 0x7f,
    0xf1, 0x14, 0x80, 0x3e, 0x25, 0x0, 0xff, 0xe2,
    0xc0, 0x7, 0xd0, 0x1, 0xff, 0xc2, 0x10, 0x9,
    0x48, 0x3, 0x89, 0x40, 0x21, 0x0, 0xff, 0x30,
    0x6, 0x80, 0xe, 0x80, 0xc, 0xc0, 0x1f, 0xea,
    0x10, 0x9, 0x48, 0x2, 0x25, 0x0, 0x8a, 0x80,
    0x3f, 0xc7, 0x20, 0x1a, 0xc0, 0x28, 0x0, 0xd6,
    0x1, 0xff, 0xc0, 0x71, 0x0, 0x98, 0x80, 0x94,
    0x2, 0x16, 0x0, 0xff, 0xe0, 0xc8, 0x6, 0xb0,
    0x80, 0xd, 0x0, 0x1f, 0xfc, 0x27, 0x10, 0x9,
    0x91, 0x40, 0x21, 0x60, 0xf, 0xfe, 0x1b, 0x0,
    0x6b, 0x0, 0xd2, 0x1, 0xff, 0xc4, 0x90, 0xf,
    0xc2, 0xe0, 0x1f, 0xfc, 0x41, 0x70, 0xf, 0xa4,
    0x3, 0xff, 0x8d, 0x20, 0x1f, 0x30, 0x7, 0xff,
    0x18, 0x58, 0x3, 0x9c, 0x40, 0x3f, 0xf8, 0xf0,
    0x1, 0xd2, 0x1, 0xff, 0xc8, 0x16, 0x0, 0x9c,
    0x40, 0x3f, 0xf9, 0x36, 0x1, 0x48, 0x7, 0xff,
    0x28, 0x94, 0x18, 0x40, 0x3f, 0xe0,

    /* U+004E "N" */
    0x7f, 0xfd, 0x80, 0x1f, 0xe4, 0xff, 0xd6, 0x1,
    0xc6, 0xe0, 0x1f, 0xfc, 0x98, 0x20, 0xf, 0xfe,
    0x4f, 0x0, 0x7f, 0xf2, 0x4d, 0x80, 0x3f, 0xf9,
    0x32, 0x20, 0x1f, 0xfc, 0x9a, 0x0, 0xff, 0xe4,
    0xa2, 0x80, 0x7f, 0xf2, 0x6c, 0x40, 0x3f, 0xf8,
    0x6e, 0x20, 0x10, 0xd8, 0x7, 0xff, 0xf, 0xec,
    0x3, 0x2a, 0x80, 0x3f, 0xf8, 0x6a, 0xa0, 0xd,
    0x62, 0x1, 0xff, 0xc3, 0xb1, 0x0, 0x86, 0x0,
    0x3f, 0xf8, 0x63, 0x0, 0x19, 0x90, 0x3, 0xff,
    0x86, 0xc8, 0x1, 0xa4, 0x3, 0xff, 0x89, 0x20,
    0x18, 0xa4, 0x3, 0xff, 0x86, 0x52, 0x1, 0x98,
    0xc0, 0x3f, 0xf8, 0x6c, 0x60, 0x1a, 0x0, 0x3f,
    0xf8, 0x9c, 0x1, 0xff, 0xc9, 0x28, 0x0, 0xff,
    0xe4, 0xb9, 0x80, 0x7f, 0xf2, 0x7c, 0x3, 0xff,
    0x92, 0x6e, 0x1, 0xff, 0xc9, 0x82, 0x0, 0xff,
    0xe4, 0xf0, 0x7, 0xff, 0x24, 0xd8, 0x3, 0x80,

    /* U+004F "O" */
    0x0, 0xfe, 0x25, 0x77, 0x98, 0xc0, 0x3f, 0xf8,
    0x85, 0x3d, 0xb5, 0x11, 0x4e, 0x7d, 0x20, 0x7,
    0xff, 0x2, 0x35, 0x84, 0x3, 0xf2, 0xdd, 0x84,
    0x3, 0xfa, 0xdc, 0x3, 0xff, 0x82, 0x9e, 0x60,
    0x1f, 0x62, 0x0, 0x7f, 0xf0, 0xc7, 0x48, 0x3,
    0xa0, 0xc0, 0x39, 0x2b, 0x7b, 0x6d, 0x80, 0x38,
    0x7c, 0x3, 0x13, 0x80, 0x61, 0xbb, 0x29, 0x9,
    0x24, 0xf1, 0x80, 0x62, 0x70, 0xa, 0x0, 0x3b,
    0x50, 0x3, 0xe1, 0xc2, 0x0, 0xd2, 0x0, 0x15,
    0x0, 0xd0, 0x60, 0x1f, 0xee, 0x0, 0xc2, 0xa0,
    0x80, 0x1c, 0xc0, 0x1f, 0xf1, 0xa0, 0x6, 0xf0,
    0xc0, 0xc, 0x82, 0x1, 0xff, 0xc0, 0xd0, 0xc,
    0x80, 0xa0, 0x1b, 0x0, 0x3f, 0xf8, 0x28, 0x1,
    0x84, 0x4, 0x3, 0x10, 0x7, 0xff, 0x4, 0x80,
    0x38, 0x8c, 0x3, 0x8, 0x7, 0xff, 0x1c, 0x40,
    0x3f, 0xf9, 0xc6, 0x1, 0x84, 0x3, 0xff, 0x8e,
    0x22, 0x0, 0xc4, 0x1, 0xff, 0xc1, 0x30, 0xe,
    0x25, 0x0, 0xd8, 0x1, 0xff, 0xc1, 0x50, 0xc,
    0x21, 0x80, 0x19, 0x0, 0x3f, 0xf8, 0x3a, 0x1,
    0x90, 0x10, 0x3, 0x9c, 0x3, 0xfe, 0x34, 0x0,
    0xde, 0x2, 0xa0, 0x1a, 0xc, 0x3, 0xfd, 0xc0,
    0x18, 0x54, 0x1, 0x0, 0x1d, 0xa8, 0x1, 0xf1,
    0x61, 0x0, 0x69, 0x0, 0x89, 0xc0, 0x30, 0xdd,
    0x98, 0xc8, 0x8b, 0x3a, 0x60, 0x18, 0x9c, 0x3,
    0x41, 0x80, 0x72, 0x4e, 0x6e, 0xa9, 0x80, 0x38,
    0x7c, 0x3, 0xd8, 0x80, 0x1f, 0xfc, 0x31, 0xd2,
    0x0, 0xfa, 0xdc, 0x3, 0xff, 0x82, 0x9e, 0x60,
    0x1f, 0xd1, 0xac, 0x20, 0x1f, 0x92, 0xec, 0x20,
    0x1f, 0xf1, 0x4f, 0x6d, 0x44, 0x53, 0x9f, 0x68,
    0x1, 0xf0,

    /* U+0050 "P" */
    0x7f, 0xff, 0xfe, 0x7, 0x5b, 0x0, 0x7f, 0xf1,
    0x85, 0x27, 0x90, 0x3, 0xff, 0x8e, 0x36, 0xa0,
    0x1f, 0xfc, 0x8a, 0x10, 0xf, 0x23, 0xbf, 0x94,
    0x40, 0x3a, 0x0, 0x3d, 0xb1, 0x1e, 0xae, 0x40,
    0xc, 0xe0, 0x1f, 0xfc, 0x3a, 0x0, 0xc2, 0x40,
    0x1f, 0xfc, 0x21, 0x40, 0xc, 0xc0, 0x1f, 0xfc,
    0x31, 0x0, 0xff, 0xe4, 0x8, 0x7, 0xff, 0x1c,
    0x50, 0x3, 0x30, 0x7, 0xff, 0xa, 0x80, 0x30,
    0x90, 0x7, 0x6c, 0x47, 0xab, 0x90, 0x3, 0x38,
    0x7, 0x91, 0xdf, 0xca, 0x20, 0x1d, 0x0, 0x1f,
    0xfc, 0x7a, 0x10, 0xf, 0xfe, 0x28, 0xda, 0x80,
    0x7f, 0xf0, 0xc5, 0x27, 0x90, 0x3, 0xf4, 0xff,
    0xfd, 0xd6, 0xc0, 0x1f, 0xff, 0xf0, 0xf, 0xff,
    0xf8, 0x7, 0xff, 0x2c,

    /* U+0051 "Q" */
    0x0, 0xfe, 0x25, 0x77, 0x98, 0xc0, 0x3f, 0xf8,
    0x85, 0x3d, 0xb5, 0x11, 0x4e, 0x7d, 0x20, 0x7,
    0xff, 0x2, 0x35, 0x84, 0x3, 0xf2, 0xdd, 0x84,
    0x3, 0xfa, 0xdc, 0x3, 0xff, 0x82, 0x9e, 0x60,
    0x1f, 0x62, 0x0, 0x7f, 0xf0, 0xc7, 0x48, 0x3,
    0xa0, 0xc0, 0x39, 0x2b, 0x7b, 0x6d, 0x80, 0x38,
    0x7c, 0x3, 0x13, 0x80, 0x61, 0xbb, 0x29, 0x9,
    0x24, 0xf1, 0x80, 0x62, 0x70, 0xa, 0x0, 0x3b,
    0x50, 0x3, 0xe1, 0xc2, 0x0, 0xd2, 0x0, 0x15,
    0x0, 0xd0, 0x60, 0x1f, 0xee, 0x0, 0xc2, 0xa0,
    0x80, 0x1c, 0xc0, 0x1f, 0xf1, 0xa0, 0x6, 0xf0,
    0xc0, 0xc, 0x82, 0x1, 0xff, 0xc0, 0xd0, 0xc,
    0x80, 0xa0, 0x1b, 0x0, 0x3f, 0xf8, 0x28, 0x1,
    0x84, 0x4, 0x3, 0x10, 0x7, 0xff, 0x4, 0x80,
    0x38, 0x8c, 0x3, 0x8, 0x7, 0xff, 0x1c, 0x40,
    0x3f, 0xf9, 0xc6, 0x1, 0x84, 0x3, 0xff, 0x8e,
    0x22, 0x0, 0xc4, 0x1, 0xff, 0xc1, 0x30, 0xe,
    0x25, 0x0, 0xd8, 0x1, 0xfe, 0x5b, 0x5, 0x0,
    0xc2, 0x18, 0x1, 0x90, 0x3, 0xf9, 0x69, 0x32,
    0x80, 0x32, 0x2, 0x0, 0x73, 0x80, 0x7c, 0xb4,
    0x0, 0x33, 0x0, 0x6f, 0x1, 0x50, 0xd, 0x6,
    0x1, 0xe1, 0x0, 0xfc, 0x2a, 0x0, 0x80, 0xe,
    0xd4, 0x0, 0xe4, 0xb0, 0xf, 0xa4, 0x2, 0x27,
    0x0, 0xc3, 0x76, 0x63, 0x22, 0x2e, 0x80, 0x7c,
    0xc0, 0x1a, 0xc, 0x3, 0x92, 0x73, 0x75, 0x4c,
    0x1, 0xf6, 0x80, 0x76, 0x20, 0x7, 0xff, 0x18,
    0xe0, 0x3, 0xad, 0xc0, 0x3f, 0xf8, 0x28, 0x1,
    0x24, 0x0, 0x7a, 0x35, 0x84, 0x3, 0xf2, 0x5d,
    0xc0, 0x96, 0x1, 0xf8, 0xa7, 0xb6, 0xa2, 0x29,
    0xcf, 0xb4, 0x4, 0xcb, 0x0, 0x80,

    /* U+0052 "R" */
    0x7f, 0xff, 0xfe, 0x7, 0x5b, 0x0, 0x7f, 0xf1,
    0x85, 0x27, 0x90, 0x3, 0xff, 0x8e, 0x36, 0xa0,
    0x1f, 0xfc, 0x8a, 0x10, 0xf, 0x23, 0xbf, 0x94,
    0x40, 0x3a, 0x0, 0x3d, 0xb1, 0x1e, 0xae, 0x40,
    0xc, 0xe0, 0x1f, 0xfc, 0x3a, 0x0, 0xc2, 0x40,
    0x1f, 0xfc, 0x21, 0x40, 0xc, 0xc0, 0x1f, 0xfc,
    0x31, 0x0, 0xff, 0xe4, 0x8, 0x7, 0xff, 0x1c,
    0x50, 0x3, 0x30, 0x7, 0xff, 0xa, 0xc0, 0x30,
    0x90, 0x7, 0x6c, 0x47, 0xa7, 0x94, 0x3, 0x38,
    0x7, 0x91, 0xdf, 0xcc, 0x20, 0x1d, 0x0, 0x1f,
    0xfc, 0x79, 0x10, 0xf, 0xfe, 0x34, 0xb0, 0x7,
    0xff, 0x1b, 0x18, 0x3, 0xf4, 0xff, 0xf0, 0x80,
    0x6a, 0x0, 0xff, 0xe1, 0xc8, 0x6, 0x61, 0x0,
    0xff, 0xe1, 0x38, 0x80, 0x69, 0x0, 0xff, 0xe1,
    0xc8, 0x6, 0x71, 0x0, 0xff, 0xe1, 0x30, 0x7,
    0x48, 0x7, 0xff, 0x8, 0x5c, 0x3, 0x38, 0x7,
    0xff, 0xe, 0x40, 0x39, 0xc0, 0x3f, 0xf8, 0x42,
    0xc0, 0x1a, 0x40, 0x3f, 0xf8, 0x70, 0x1, 0x85,
    0xc0,

    /* U+0053 "S" */
    0x0, 0xfc, 0x8c, 0xee, 0x64, 0x10, 0xf, 0xfe,
    0x2, 0x5f, 0xdc, 0xc4, 0x26, 0xfb, 0x14, 0x3,
    0xf0, 0xdd, 0x90, 0x3, 0xf1, 0xd6, 0x8, 0x7,
    0xb5, 0x0, 0x3f, 0xf8, 0x7, 0xe4, 0x1, 0xa4,
    0xc0, 0x3f, 0xf8, 0x43, 0xe0, 0x10, 0xb0, 0x7,
    0x36, 0x77, 0x31, 0x80, 0x38, 0x9c, 0x0, 0x80,
    0x1d, 0x92, 0x62, 0x23, 0x9b, 0x0, 0xe9, 0x0,
    0x68, 0x6, 0x53, 0x0, 0xf2, 0x48, 0x6, 0x15,
    0x0, 0xff, 0xe1, 0xb1, 0x1b, 0x4d, 0xa8, 0x78,
    0x6, 0x55, 0x0, 0x7e, 0xdc, 0x96, 0x40, 0x2,
    0x0, 0x75, 0x5b, 0x8, 0x7, 0xff, 0x0, 0xc8,
    0x3, 0x92, 0x7b, 0x61, 0x0, 0x3f, 0xdc, 0x1,
    0xf8, 0x9e, 0xfe, 0xd8, 0x3, 0xe3, 0xc2, 0x0,
    0xff, 0x24, 0xfb, 0x80, 0x78, 0xf6, 0x4c, 0x3,
    0xfe, 0x8c, 0x0, 0xf9, 0xb3, 0xa5, 0x40, 0x3f,
    0x8e, 0x80, 0x3f, 0xb, 0x57, 0xdb, 0x10, 0x7,
    0x94, 0xc0, 0x3f, 0xe4, 0x9d, 0xd2, 0x80, 0x75,
    0x81, 0x23, 0x4b, 0x80, 0x7e, 0x2a, 0x40, 0xc,
    0x4f, 0xb7, 0x2d, 0x20, 0x1f, 0xec, 0x0, 0xc2,
    0x80, 0x18, 0x64, 0x3, 0xfb, 0x80, 0x31, 0x19,
    0x0, 0x66, 0x80, 0xf, 0x91, 0x80, 0x37, 0x84,
    0x0, 0x73, 0xeb, 0x10, 0x92, 0xdd, 0x80, 0x39,
    0xc1, 0x50, 0x3, 0x8a, 0x77, 0xb6, 0x90, 0x3,
    0xa0, 0x40, 0x16, 0x60, 0x1f, 0xfc, 0x36, 0x70,
    0xd, 0x8c, 0x1, 0xff, 0xc1, 0x89, 0x0, 0xf4,
    0xea, 0x80, 0x7e, 0x17, 0xe7, 0x0, 0xfc, 0x55,
    0xf9, 0x31, 0x15, 0x6f, 0x40, 0x80, 0x60,

    /* U+0054 "T" */
    0xaf, 0xff, 0xfe, 0x44, 0x80, 0x7f, 0xfd, 0xbd,
    0x9b, 0xe3, 0x0, 0xc6, 0xcd, 0xf6, 0x2c, 0xcf,
    0xd6, 0x1, 0xaa, 0x67, 0xe5, 0x0, 0xff, 0xff,
    0x80, 0x7f, 0xff, 0xc0, 0x3f, 0xff, 0xe0, 0x1f,
    0xff, 0xf0, 0xf, 0xff, 0xf8, 0x7, 0xff, 0xd4,

    /* U+0055 "U" */
    0x7f, 0xfc, 0xe0, 0x1f, 0xe5, 0xff, 0xd2, 0x1,
    0xff, 0xff, 0x0, 0xff, 0xff, 0x80, 0x7f, 0xff,
    0xc0, 0x3f, 0xff, 0xe0, 0x1f, 0xfe, 0x23, 0x0,
    0xe1, 0x0, 0xdc, 0x1, 0xfe, 0x10, 0xc, 0x24,
    0x1, 0x9c, 0x3, 0xfd, 0x60, 0x1b, 0x94, 0x3,
    0xb, 0x80, 0x7e, 0x53, 0x0, 0xc8, 0x28, 0x1,
    0xa1, 0x40, 0x3c, 0x94, 0x1, 0x88, 0x81, 0x0,
    0x1d, 0x56, 0xa4, 0x44, 0xab, 0x0, 0xe8, 0x0,
    0x1b, 0x0, 0x72, 0x56, 0xea, 0xd4, 0x3, 0x91,
    0x40, 0x29, 0x40, 0xf, 0xfe, 0x11, 0xd0, 0x7,
    0x5b, 0x80, 0x7f, 0xf0, 0x17, 0x4, 0x3, 0xd1,
    0x8a, 0x1, 0xf9, 0x2e, 0x80, 0x3f, 0x8e, 0xbe,
    0xe6, 0x21, 0x37, 0xd6, 0x80, 0x1c,

    /* U+0056 "V" */
    0xaf, 0xfc, 0xa0, 0x1f, 0xfc, 0xd, 0xff, 0xc5,
    0xe0, 0x1b, 0xc0, 0x3f, 0xe2, 0x20, 0x4, 0x44,
    0x40, 0xc, 0xa0, 0x1f, 0xf2, 0x80, 0x64, 0x1,
    0x30, 0xc, 0x80, 0x1f, 0xeb, 0x0, 0xda, 0x0,
    0xb0, 0xd, 0xa0, 0x1f, 0xc2, 0x60, 0x19, 0x0,
    0xa, 0x1, 0x9c, 0x3, 0xf9, 0xc0, 0x32, 0x80,
    0x44, 0x40, 0x8, 0x4c, 0x3, 0xf6, 0x80, 0x6f,
    0x0, 0xca, 0x1, 0x90, 0x3, 0xf2, 0x0, 0x64,
    0x0, 0xd6, 0x1, 0xac, 0x3, 0xe5, 0x0, 0xc8,
    0x20, 0x18, 0xc4, 0x2, 0x31, 0x0, 0xf7, 0x80,
    0x6d, 0x0, 0xf3, 0x80, 0x67, 0x0, 0xf2, 0x0,
    0x64, 0x0, 0xf6, 0x0, 0x6d, 0x0, 0xe4, 0x10,
    0x8, 0x88, 0x1, 0xe5, 0x0, 0xc8, 0x1, 0xda,
    0x1, 0x94, 0x3, 0xf2, 0x0, 0x65, 0x0, 0xc8,
    0x1, 0xac, 0x3, 0xf6, 0x80, 0x6c, 0x0, 0x88,
    0x80, 0x10, 0x98, 0x7, 0xe7, 0x0, 0xce, 0x1,
    0x28, 0x6, 0x70, 0xf, 0xe1, 0x30, 0x8, 0x4c,
    0x1, 0x60, 0x1b, 0x40, 0x3f, 0xd6, 0x1, 0xac,
    0x4, 0xc0, 0x32, 0x0, 0x7f, 0x90, 0x3, 0x28,
    0x38, 0x6, 0x40, 0xf, 0xf8, 0xc4, 0x2, 0x22,
    0x68, 0x6, 0xd0, 0xf, 0xfe, 0x3, 0x80, 0x65,
    0x40, 0xc, 0xe0, 0x1f, 0xfc, 0xd, 0x0, 0xd0,
    0x1, 0x8c, 0x40, 0x3f, 0xf8, 0x8, 0x1, 0xfd,
    0x60, 0x1f, 0xfc, 0x25, 0x0, 0xfc, 0xa0, 0x1f,
    0xfc, 0x2f, 0x0, 0xf8, 0x88, 0x1, 0xff, 0xc2,
    0x40, 0xf, 0x94, 0x3, 0xf0,

    /* U+0057 "W" */
    0x7f, 0xfd, 0x40, 0x1f, 0xdd, 0xff, 0xa0, 0x3,
    0xfb, 0xff, 0x85, 0x0, 0x32, 0x0, 0x7e, 0x21,
    0x0, 0xc8, 0x1, 0xf9, 0x40, 0x31, 0x9, 0x88,
    0x4, 0x26, 0x1, 0xf2, 0x80, 0x71, 0x88, 0x7,
    0xd8, 0x1, 0x94, 0x0, 0xe0, 0x19, 0x0, 0x3e,
    0xc0, 0xf, 0x20, 0x7, 0xc8, 0x1, 0xac, 0x1,
    0x80, 0x1b, 0x0, 0x3e, 0x40, 0xf, 0x60, 0x7,
    0x88, 0x80, 0x10, 0x98, 0x1, 0x40, 0x32, 0x0,
    0x79, 0x0, 0x3e, 0x40, 0xf, 0x20, 0x6, 0x40,
    0xc, 0x80, 0x19, 0x0, 0x3b, 0x0, 0x3e, 0x22,
    0x0, 0x76, 0x0, 0x6f, 0x0, 0xd8, 0x1, 0xb0,
    0x3, 0x90, 0x3, 0xf2, 0x0, 0x72, 0x0, 0x64,
    0x0, 0xca, 0x1, 0x94, 0x3, 0x9, 0x80, 0x42,
    0x1, 0xb0, 0x3, 0x18, 0x80, 0x46, 0x20, 0x18,
    0x88, 0x1, 0x10, 0x80, 0x48, 0x1, 0x98, 0x40,
    0x25, 0x0, 0xc8, 0x1, 0xac, 0x3, 0xc8, 0x1,
    0x90, 0x2, 0xc0, 0xd, 0x6e, 0x1, 0x8c, 0x2,
    0xb0, 0xc, 0xa0, 0x1e, 0xd0, 0xd, 0xe0, 0x13,
    0x80, 0x42, 0x78, 0x1, 0xac, 0x2, 0x30, 0x8,
    0x48, 0x3, 0xc8, 0x1, 0x90, 0x0, 0x42, 0x1,
    0x20, 0x20, 0x6, 0x40, 0x2, 0x0, 0x67, 0x0,
    0xfc, 0x80, 0x10, 0x90, 0x20, 0x6, 0xf0, 0x13,
    0x0, 0x8c, 0x1, 0xa0, 0x1b, 0x40, 0x3f, 0x68,
    0x6, 0x50, 0xd0, 0xc, 0x80, 0xb, 0x0, 0xca,
    0x8, 0x1, 0x90, 0x3, 0xf3, 0x80, 0x6c, 0x4,
    0x0, 0x8c, 0x40, 0xa, 0x1, 0xb0, 0x48, 0x2,
    0x40, 0xf, 0xe1, 0x20, 0x9, 0x10, 0x1, 0xac,
    0x2, 0x21, 0x0, 0x91, 0xc0, 0x36, 0x80, 0x7f,
    0x94, 0x3, 0x40, 0x6, 0x40, 0xc, 0xe0, 0x11,
    0x50, 0x6, 0x40, 0xf, 0xf5, 0x80, 0x63, 0x0,
    0x84, 0xc0, 0x36, 0x0, 0x63, 0x0, 0x88, 0x80,
    0x1f, 0xe3, 0x10, 0xf, 0x90, 0x3, 0x94, 0x3,
    0xf2, 0x80, 0x7f, 0xf0, 0x10, 0x3, 0xef, 0x0,
    0xf1, 0x80, 0x7d, 0x80, 0x1f, 0xfc, 0xf, 0x0,
    0xf9, 0x0, 0x3d, 0x60, 0x1f, 0x20, 0x7, 0xff,
    0x1, 0x0, 0x3c, 0x62, 0x1, 0xe5, 0x0, 0xf2,
    0x80, 0x7f, 0xf0, 0x44, 0xc0, 0x3a, 0xc0, 0x3e,
    0x21, 0x0, 0xef, 0x0, 0xff, 0xe1, 0x58, 0x7,
    0x20, 0x7, 0xe7, 0x0, 0xe4, 0x0, 0xff, 0xe1,
    0x20, 0x6, 0x13, 0x0, 0xfd, 0x80, 0x18, 0xc4,
    0x3, 0xe0,

    /* U+0058 "X" */
    0x1f, 0xfe, 0xe0, 0xf, 0xf5, 0xff, 0xf2, 0xc,
    0x80, 0x61, 0x90, 0xf, 0xcc, 0x80, 0x19, 0x50,
    0x19, 0x0, 0x33, 0x18, 0x7, 0x86, 0x0, 0x30,
    0xd8, 0x5, 0x20, 0x1d, 0xc0, 0x1e, 0xb1, 0x0,
    0xd6, 0x20, 0x11, 0x48, 0x6, 0x27, 0x0, 0xc8,
    0xa0, 0x19, 0x54, 0x1, 0xcc, 0x60, 0x1a, 0x8,
    0x2, 0x90, 0xc, 0x36, 0x1, 0xf7, 0x0, 0x74,
    0x80, 0x20, 0x80, 0x35, 0x88, 0x7, 0xc5, 0x0,
    0x19, 0x18, 0x9c, 0x3, 0x2a, 0x80, 0x3f, 0x9c,
    0xc0, 0x34, 0x70, 0x6, 0x1b, 0x0, 0xff, 0xb8,
    0x3, 0x9, 0x80, 0x6b, 0x10, 0xf, 0xf8, 0xa0,
    0x3, 0xf2, 0x28, 0x7, 0xff, 0x5, 0xcc, 0x3,
    0xea, 0x0, 0xff, 0xe1, 0xf0, 0x7, 0xa4, 0x40,
    0x3f, 0xf8, 0x6e, 0x1, 0xef, 0x0, 0xff, 0xe1,
    0x8d, 0x80, 0x79, 0x8c, 0x3, 0xff, 0x85, 0x62,
    0x1, 0xf7, 0x0, 0x7f, 0xf0, 0x55, 0x40, 0x1f,
    0x8a, 0x40, 0x3f, 0xe1, 0xb0, 0xc, 0x4c, 0x1,
    0x98, 0xc0, 0x3f, 0xd6, 0x20, 0x1b, 0xa4, 0x40,
    0x37, 0x0, 0x7f, 0x2a, 0x80, 0x33, 0x98, 0x58,
    0x6, 0x28, 0x0, 0xf8, 0x6c, 0x3, 0xc, 0x0,
    0x15, 0x40, 0x19, 0xcc, 0x3, 0xd6, 0x20, 0x1a,
    0x80, 0x35, 0x80, 0x77, 0x0, 0x72, 0xa8, 0x3,
    0x2a, 0x0, 0x61, 0x90, 0xc, 0x50, 0x1, 0xd,
    0x80, 0x61, 0xb0, 0xf, 0x31, 0x80, 0x67, 0x30,
    0x5, 0x88, 0x6, 0xb1, 0x0, 0xfb, 0x80, 0x3b,
    0x81, 0x54, 0x1, 0x91, 0x40, 0x3f, 0x13, 0x80,
    0x62, 0x80,

    /* U+0059 "Y" */
    0xbf, 0xfd, 0xc2, 0x1, 0xfc, 0xbf, 0xfc, 0xd2,
    0x1, 0x86, 0x0, 0x3f, 0xac, 0x3, 0x13, 0x13,
    0x0, 0x66, 0x20, 0xf, 0x9c, 0x40, 0x34, 0x80,
    0x20, 0x40, 0x34, 0x80, 0x78, 0x60, 0x3, 0x2a,
    0x0, 0x6, 0x0, 0x32, 0x20, 0x3, 0xac, 0x3,
    0xa0, 0x3, 0x31, 0x0, 0x69, 0x0, 0xc6, 0xa0,
    0x19, 0xc8, 0x3, 0xa4, 0x3, 0x13, 0x80, 0x5e,
    0x1, 0x86, 0x0, 0x3c, 0x88, 0x0, 0xd0, 0x20,
    0xa6, 0x1, 0xa0, 0x3, 0xf4, 0x80, 0x74, 0x5,
    0x80, 0x63, 0x60, 0xf, 0xc4, 0xe0, 0x19, 0xa8,
    0x40, 0x37, 0x80, 0x7f, 0xa0, 0x40, 0x32, 0x80,
    0x65, 0x30, 0xf, 0xfa, 0x0, 0x3f, 0xac, 0x3,
    0xff, 0x80, 0xc4, 0x1, 0xf3, 0x88, 0x7, 0xff,
    0x7, 0x80, 0x3c, 0x30, 0x1, 0xff, 0xc2, 0x35,
    0x0, 0xeb, 0x0, 0xff, 0xe2, 0x48, 0x6, 0x15,
    0x0, 0xff, 0xe2, 0x8, 0x6, 0x30, 0xf, 0xff,
    0xf8, 0x7, 0xff, 0xfc, 0x3, 0xff, 0xec,

    /* U+005A "Z" */
    0x2, 0xff, 0xff, 0xe3, 0xd0, 0x7, 0xff, 0x26,
    0x0, 0x3f, 0xf9, 0xc, 0x40, 0x1f, 0xfc, 0x71,
    0x80, 0x1, 0xb3, 0x7f, 0xc0, 0x1e, 0x81, 0x0,
    0xc, 0xcf, 0xfb, 0xc0, 0x38, 0xd8, 0x3, 0xff,
    0x82, 0x32, 0x1, 0xde, 0x1, 0xff, 0xc2, 0x80,
    0xe, 0x53, 0x0, 0xff, 0xe0, 0x9b, 0x0, 0x75,
    0x80, 0x7f, 0xf0, 0xbc, 0x3, 0xa0, 0x40, 0x3f,
    0xf8, 0x2c, 0x60, 0x18, 0x9c, 0x3, 0xff, 0x82,
    0x30, 0x1, 0xd2, 0x1, 0xff, 0xc2, 0x81, 0x0,
    0xca, 0x80, 0x1f, 0xfc, 0x12, 0x60, 0xe, 0x80,
    0xf, 0xfe, 0x17, 0x0, 0x73, 0x90, 0x7, 0xff,
    0x5, 0x4c, 0x3, 0x14, 0x0, 0x7f, 0xf0, 0xac,
    0x3, 0xa0, 0x3, 0xff, 0x85, 0x2, 0x1, 0x91,
    0x40, 0x3f, 0xf8, 0x24, 0xe0, 0x1d, 0x20, 0x1f,
    0xfc, 0x29, 0x0, 0xe7, 0x20, 0xf, 0xfe, 0xa,
    0xa0, 0x6, 0x18, 0x0, 0xff, 0xe1, 0x40, 0x7,
    0x1c, 0xcf, 0xfc, 0x60, 0x7, 0x20, 0xe, 0x26,
    0x6f, 0xfe, 0x0, 0x14, 0x0, 0x7f, 0xf2, 0x20,
    0x3, 0xff, 0x90, 0x4a, 0x1, 0xff, 0xc8,

    /* U+005B "[" */
    0xff, 0xfc, 0x80, 0x1f, 0xfd, 0x37, 0xaa, 0x94,
    0x3, 0x6a, 0xac, 0x20, 0x1f, 0xff, 0xf0, 0xf,
    0xff, 0xf8, 0x7, 0xff, 0xfc, 0x3, 0xff, 0xb9,
    0xaa, 0xb0, 0x80, 0x67, 0xaa, 0x94, 0x3, 0xff,
    0x9e,

    /* U+005C "\\" */
    0xbf, 0xfc, 0x60, 0x1e, 0xc0, 0xc, 0x80, 0x1e,
    0x50, 0xd, 0x80, 0x1e, 0x21, 0x0, 0x90, 0x3,
    0xe4, 0x0, 0xc8, 0x1, 0xec, 0x0, 0xd8, 0x1,
    0xe7, 0x0, 0xc8, 0x1, 0xe1, 0x20, 0x8, 0xc4,
    0x3, 0xc8, 0x1, 0x90, 0x3, 0xd8, 0x1, 0xb0,
    0x3, 0xc8, 0x1, 0x90, 0x3, 0xc2, 0x60, 0x11,
    0x8, 0x7, 0x90, 0x3, 0x38, 0x7, 0xb0, 0x3,
    0x60, 0x7, 0x90, 0x3, 0x20, 0x7, 0xc8, 0x1,
    0x9, 0x0, 0x7b, 0x0, 0x32, 0x80, 0x79, 0x40,
    0x36, 0x0, 0x78, 0x84, 0x2, 0x40, 0xf, 0x90,
    0x3, 0x18, 0x7, 0xb0, 0x3, 0x58, 0x7, 0x9c,
    0x3, 0x20, 0x7, 0x84, 0x80, 0x23, 0x0, 0xf9,
    0x0, 0x32, 0x0, 0x7b, 0x0, 0x36, 0x80, 0x79,
    0x0, 0x32, 0x0,

    /* U+005D "]" */
    0xdf, 0xff, 0x98, 0x3, 0xff, 0x9f, 0x35, 0x50,
    0x7, 0x22, 0xac, 0x20, 0x1f, 0xff, 0xf0, 0xf,
    0xff, 0xf8, 0x7, 0xff, 0xfc, 0x3, 0xff, 0xb8,
    0x8a, 0xb0, 0x80, 0x69, 0xaa, 0x80, 0x3f, 0xfa,
    0x80,

    /* U+005E "^" */
    0x0, 0xfe, 0x40, 0xf, 0xfe, 0x2c, 0x5b, 0x80,
    0x7f, 0xf0, 0xe1, 0xc2, 0x1c, 0x3, 0xff, 0x83,
    0xe, 0x1, 0x43, 0x80, 0x7f, 0xd0, 0xe0, 0x1d,
    0xe, 0x1, 0xfc, 0xee, 0x0, 0xfa, 0x20, 0x1,
    0xf3, 0xc0, 0x6, 0x60, 0xc, 0xf0, 0x1, 0xcf,
    0x0, 0x1a, 0x66, 0x0, 0xcf, 0x0, 0x13, 0xc0,
    0x6, 0x96, 0x6, 0x90, 0xc, 0xf0, 0x0, 0xa0,
    0xd, 0xc, 0x1, 0x34, 0x0, 0x65, 0x0, 0x61,
    0x0, 0x1d, 0xc0, 0x1c, 0xf0, 0x0, 0x2c, 0x0,
    0xe, 0x13, 0xc0, 0x7, 0xce, 0xe2, 0xc1, 0x0,
    0x87, 0x20, 0x3, 0xfa, 0x34, 0x40, 0x0,

    /* U+005F "_" */
    0xcc, 0xff, 0xe5, 0xc9, 0x9f, 0xff, 0x2d, 0x40,
    0x3f, 0xfc, 0x80,

    /* U+0060 "`" */
    0x0, 0xfe, 0xff, 0xa4, 0x3, 0x30, 0x1, 0x84,
    0x2, 0xb0, 0x9, 0x80, 0x22, 0x40, 0x4, 0x80,
    0x6f, 0x0, 0xa, 0x80, 0x48, 0x40, 0x9, 0x0,
    0xd4, 0x0, 0x32,

    /* U+0061 "a" */
    0x0, 0xf1, 0x2b, 0xbc, 0xa4, 0x1, 0xfc, 0xdb,
    0xaa, 0x88, 0xab, 0x7a, 0x0, 0x3d, 0x52, 0x40,
    0x1f, 0xb, 0xe8, 0x80, 0x54, 0xa0, 0x1f, 0xf1,
    0x68, 0x1, 0x14, 0x3, 0xff, 0x82, 0x68, 0x1e,
    0x1, 0x8a, 0xbb, 0xfd, 0x42, 0x1, 0xb4, 0x2e,
    0xcc, 0x22, 0xc5, 0x10, 0x2, 0xd0, 0x6, 0x50,
    0x2, 0x4f, 0x78, 0x80, 0x44, 0x86, 0x1, 0xfe,
    0x36, 0xad, 0xfd, 0xb8, 0x0, 0xc2, 0x1, 0x36,
    0xea, 0x54, 0x80, 0x3f, 0xec, 0x92, 0x0, 0xff,
    0xe1, 0x51, 0x80, 0x78, 0x51, 0xe4, 0x3, 0x89,
    0x40, 0x31, 0x4e, 0xf5, 0xc3, 0x80, 0x72, 0x80,
    0x65, 0xd6, 0x20, 0x9, 0x40, 0x3b, 0xc0, 0x37,
    0x0, 0x7b, 0xc0, 0x3f, 0xc6, 0x1, 0xd4, 0x80,
    0x1d, 0x80, 0x1a, 0x29, 0x99, 0x1c, 0xa0, 0x1e,
    0x42, 0x0, 0xcb, 0x32, 0x71, 0x0, 0x8, 0x7,
    0x70, 0x7, 0xf9, 0xa4, 0x3, 0x8f, 0x4c, 0x3,
    0xc5, 0x52, 0x1, 0xf1, 0x66, 0xcc, 0x42, 0x73,
    0x54, 0x1f, 0xfe, 0xd0,

    /* U+0062 "b" */
    0x8f, 0xfc, 0xc0, 0x1f, 0xff, 0xf0, 0xf, 0xff,
    0x11, 0xb3, 0xb9, 0x48, 0x3, 0xff, 0x81, 0xbd,
    0x93, 0x10, 0xad, 0xc4, 0x0, 0xff, 0x20, 0x80,
    0x78, 0xee, 0x40, 0x3f, 0xf8, 0xed, 0x20, 0x1f,
    0xf0, 0x88, 0x3, 0xcc, 0xa0, 0x1f, 0x97, 0x7b,
    0xa8, 0x0, 0xeb, 0x0, 0xf8, 0xe8, 0x80, 0x2,
    0xf4, 0x1, 0x85, 0x40, 0x3d, 0x0, 0x1e, 0x53,
    0x0, 0xde, 0x1, 0xe4, 0x0, 0xfa, 0x80, 0x33,
    0x80, 0x70, 0x80, 0x7e, 0x50, 0xc, 0x40, 0x1c,
    0x60, 0x1f, 0x84, 0x3, 0xfc, 0x60, 0x1f, 0x84,
    0x3, 0xfc, 0x20, 0x1f, 0x94, 0x3, 0x10, 0x7,
    0x90, 0x3, 0xed, 0x0, 0xce, 0x1, 0xe8, 0x0,
    0xf2, 0x20, 0x3, 0x78, 0x7, 0x8e, 0xc8, 0x2,
    0x6b, 0x0, 0xc2, 0xa0, 0x1f, 0x26, 0xf6, 0xfc,
    0x80, 0x74, 0x0, 0x7f, 0x84, 0x80, 0x3c, 0xac,
    0x1, 0xff, 0xc5, 0x6a, 0x0, 0xf8, 0xe8, 0x80,
    0x3c, 0x55, 0x20, 0x1a, 0x3f, 0xec, 0x5d, 0xc9,
    0x88, 0x4e, 0xe9, 0x40, 0x38,

    /* U+0063 "c" */
    0x0, 0xf8, 0xd9, 0xdc, 0xc8, 0x1, 0xff, 0x3f,
    0x64, 0xc4, 0x26, 0xfe, 0x44, 0x3, 0xc5, 0xb0,
    0x20, 0x1f, 0x37, 0x28, 0x6, 0x2c, 0x20, 0xf,
    0xfa, 0x90, 0x2, 0xf1, 0x0, 0xff, 0xe0, 0xd0,
    0x83, 0x10, 0x6, 0x2a, 0xde, 0xa2, 0x0, 0xc2,
    0xc1, 0x60, 0x18, 0xf5, 0x48, 0x57, 0x48, 0x3,
    0x59, 0x90, 0x6, 0xf0, 0xf, 0x70, 0x1b, 0xde,
    0x28, 0x6, 0x23, 0x0, 0xf1, 0xfe, 0x42, 0x7,
    0x0, 0x66, 0x0, 0xff, 0xe3, 0x8, 0x7, 0xff,
    0x53, 0x80, 0x33, 0x80, 0x7f, 0xf0, 0x54, 0x3,
    0x11, 0x80, 0x78, 0xee, 0x14, 0x80, 0xc4, 0x3,
    0x78, 0x7, 0xbd, 0x1e, 0xb6, 0xc2, 0x40, 0x31,
    0xea, 0x88, 0x92, 0xcc, 0x3, 0x68, 0x39, 0x0,
    0x62, 0xae, 0xe5, 0xa0, 0x6, 0x16, 0x0, 0x78,
    0x80, 0x7f, 0xf0, 0x74, 0x2, 0x2c, 0x20, 0xf,
    0xf0, 0xd9, 0x80, 0x62, 0xd7, 0x10, 0xf, 0x9b,
    0xd0, 0x3, 0xe8, 0xec, 0x98, 0x84, 0xdf, 0xc8,
    0x80, 0x40,

    /* U+0064 "d" */
    0x0, 0xff, 0xe1, 0x7f, 0xf0, 0x7, 0xff, 0xfc,
    0x3, 0xff, 0x9e, 0x8c, 0xee, 0x51, 0x0, 0xff,
    0xc, 0xfd, 0xcc, 0x42, 0xba, 0x80, 0x3f, 0x1f,
    0xb0, 0x7, 0xca, 0x1, 0xf1, 0xe0, 0x80, 0x7f,
    0xf1, 0x34, 0x3, 0xe1, 0x0, 0xfe, 0x71, 0x0,
    0xc7, 0x9f, 0xdf, 0x40, 0x1f, 0x48, 0x6, 0x3c,
    0x30, 0x9, 0x6c, 0x3, 0x8c, 0x40, 0x37, 0x80,
    0x79, 0xc, 0x3, 0x28, 0x6, 0x23, 0x0, 0xf9,
    0x0, 0x37, 0x0, 0x66, 0x0, 0xfd, 0xe0, 0x1f,
    0xc2, 0x1, 0xff, 0xc6, 0x10, 0xf, 0xfe, 0xf,
    0x0, 0x66, 0x0, 0xfd, 0xe0, 0x19, 0x40, 0x31,
    0x18, 0x7, 0xca, 0x1, 0x8c, 0x40, 0x34, 0x0,
    0x79, 0x48, 0x3, 0xa4, 0x3, 0x25, 0x90, 0x4,
    0xd4, 0x1, 0xe7, 0x10, 0xc, 0x9b, 0xdc, 0xf9,
    0x0, 0xfd, 0xa0, 0x1e, 0x11, 0x0, 0x7f, 0x8e,
    0xc4, 0x3, 0xff, 0x8a, 0x9e, 0xa0, 0x1f, 0x34,
    0x80, 0x7e, 0x1a, 0xea, 0x88, 0xaf, 0xe5, 0xbf,
    0xf0,

    /* U+0065 "e" */
    0x0, 0xf8, 0x95, 0xdc, 0xc8, 0x1, 0xff, 0xc0,
    0x6d, 0xd5, 0x44, 0x26, 0xfe, 0x88, 0x3, 0xe1,
    0xc9, 0x20, 0xf, 0x97, 0x54, 0x3, 0x87, 0xcc,
    0x3, 0xfe, 0xa4, 0x0, 0xda, 0x20, 0x1c, 0x46,
    0x40, 0x1d, 0x42, 0x0, 0x63, 0x0, 0xcd, 0xdb,
    0x9b, 0xa2, 0x0, 0x86, 0x40, 0x16, 0x1, 0x9a,
    0x44, 0x2, 0x2f, 0x0, 0xcc, 0x4, 0x40, 0xd,
    0x0, 0x1e, 0x23, 0x0, 0x84, 0x90, 0x3, 0xbb,
    0xff, 0xe3, 0x0, 0xcf, 0xc0, 0x1f, 0xfc, 0x63,
    0x0, 0xff, 0xe6, 0x8a, 0xaf, 0xe4, 0x33, 0x2a,
    0xdc, 0x1, 0x8e, 0xab, 0xf5, 0xe6, 0x2a, 0x86,
    0xa0, 0x18, 0x8c, 0x3, 0xe5, 0x20, 0xc, 0x62,
    0x1, 0xbc, 0x3, 0xcb, 0x5b, 0xd2, 0xa0, 0x8,
    0x0, 0xc7, 0xaa, 0x42, 0x73, 0x40, 0x1, 0x6b,
    0x0, 0x31, 0x80, 0x62, 0xad, 0xec, 0x60, 0xe,
    0xb0, 0xb, 0x48, 0x3, 0xff, 0x82, 0xea, 0x1,
    0xe, 0x20, 0x7, 0xfd, 0x10, 0x0, 0xe1, 0xba,
    0x30, 0xf, 0x97, 0x5c, 0x3, 0xf2, 0xe7, 0x54,
    0x45, 0x7d, 0x44, 0x1, 0x80,

    /* U+0066 "f" */
    0x0, 0xf1, 0x33, 0xc4, 0x48, 0x1, 0xd5, 0xb3,
    0xe, 0xf6, 0x0, 0x6b, 0x50, 0xf, 0xf2, 0xa0,
    0x7, 0xfd, 0xe0, 0x1c, 0xf3, 0x2b, 0x0, 0x98,
    0x3, 0x5c, 0x33, 0xc, 0x2, 0x10, 0xc, 0x80,
    0x1f, 0xfc, 0x5e, 0xff, 0x10, 0x6, 0xff, 0xd0,
    0x1, 0xff, 0xce, 0x53, 0x30, 0x7, 0x19, 0xee,
    0xbc, 0xc1, 0x0, 0x6c, 0xcc, 0xc0, 0x1f, 0xff,
    0xf0, 0xf, 0xff, 0xf8, 0x7, 0xff, 0x50,

    /* U+0067 "g" */
    0x0, 0xf9, 0x19, 0xdc, 0xa2, 0x1, 0xfe, 0x19,
    0xfb, 0x98, 0x85, 0x75, 0x3f, 0xfe, 0x0, 0x8f,
    0xd8, 0x3, 0xe5, 0x80, 0xf, 0x1e, 0x8, 0x7,
    0xff, 0x13, 0x40, 0x3e, 0x10, 0xf, 0xe7, 0x10,
    0xc, 0x79, 0xfd, 0xf4, 0x1, 0xf4, 0x80, 0x63,
    0xc3, 0x0, 0x96, 0xc0, 0x38, 0xc4, 0x3, 0x78,
    0x7, 0x90, 0xc0, 0x32, 0x80, 0x62, 0x30, 0xf,
    0x90, 0x3, 0x70, 0x6, 0x60, 0xf, 0xde, 0x1,
    0xfc, 0x20, 0x1f, 0xfc, 0x61, 0x0, 0xff, 0xe0,
    0xf0, 0x6, 0x60, 0xf, 0xde, 0x1, 0x94, 0x3,
    0x11, 0x80, 0x7c, 0xa0, 0x18, 0xc4, 0x3, 0x40,
    0x7, 0x94, 0x80, 0x3a, 0x40, 0x32, 0x59, 0x0,
    0x4d, 0x40, 0x1e, 0x71, 0x0, 0xc9, 0xbd, 0xcf,
    0x90, 0xf, 0xda, 0x1, 0xe1, 0x10, 0x7, 0xf8,
    0xec, 0x40, 0x3f, 0xf8, 0xa9, 0xea, 0x1, 0xf3,
    0x0, 0x7f, 0xd, 0x75, 0x44, 0x57, 0xf2, 0x1,
    0xff, 0xa, 0xbb, 0xc8, 0x1, 0xff, 0xc8, 0x10,
    0xc, 0x20, 0x1c, 0xfa, 0x20, 0x1d, 0x60, 0x18,
    0x80, 0x27, 0xe8, 0x2f, 0x62, 0x36, 0xd5, 0x0,
    0xca, 0x0, 0xa8, 0x10, 0x0, 0xce, 0xe4, 0x90,
    0x7, 0x50, 0x2, 0xc4, 0x3, 0xff, 0x82, 0xc6,
    0x0, 0x1c, 0x20, 0xf, 0xf9, 0xe4, 0x3, 0x16,
    0xc0, 0x80, 0x7c, 0xb9, 0x0, 0x1f, 0x3f, 0x64,
    0xc4, 0x27, 0x3e, 0x8c, 0x2,

    /* U+0068 "h" */
    0x8f, 0xfb, 0x40, 0x3f, 0xff, 0xe0, 0x1f, 0xfd,
    0xe3, 0x67, 0x73, 0x18, 0x7, 0xfc, 0xdb, 0x93,
    0x10, 0x9c, 0xe5, 0x0, 0xfd, 0x52, 0x40, 0x1e,
    0x1a, 0x80, 0xf, 0x12, 0x80, 0x7f, 0x9d, 0x40,
    0x3f, 0xf8, 0xd0, 0x1, 0xf9, 0xb3, 0x71, 0xc0,
    0x38, 0x8c, 0x3, 0xd1, 0x26, 0x47, 0x14, 0x1,
    0xc8, 0x1, 0xc4, 0xe0, 0x1c, 0xa6, 0x1, 0xb8,
    0x3, 0x90, 0x3, 0xeb, 0x0, 0xc4, 0x1, 0xc2,
    0x1, 0xf1, 0x80, 0x7f, 0xbc, 0x3, 0xff, 0x9c,
    0xe0, 0x1f, 0xff, 0xf0, 0xf, 0xff, 0xf8, 0x7,
    0xc0,

    /* U+0069 "i" */
    0x5, 0x5c, 0x85, 0x55, 0xa0, 0x3, 0xff, 0x8c,
    0x5f, 0xfb, 0x0, 0x3f, 0xf8, 0x5, 0xff, 0xb0,
    0x3, 0xff, 0xfe, 0x1, 0xff, 0xd5,

    /* U+006A "j" */
    0x0, 0xd3, 0xff, 0x94, 0x3, 0xff, 0xad, 0x55,
    0xc8, 0x1, 0x8d, 0x57, 0x8, 0x7, 0xff, 0xa,
    0x7f, 0xf2, 0x80, 0x7f, 0xff, 0xc0, 0x3f, 0xff,
    0xe0, 0x1f, 0xfe, 0xa2, 0x0, 0xfc, 0x48, 0x1,
    0xc7, 0x35, 0xa0, 0x1c, 0x2c, 0xc5, 0x0, 0xf2,
    0x80, 0x7e, 0x41, 0x0, 0xf8, 0xa8, 0x3, 0xc4,
    0xfa, 0x20,

    /* U+006B "k" */
    0x7f, 0xfc, 0xe0, 0x1f, 0xff, 0xf0, 0xf, 0xfe,
    0xaf, 0x80, 0x7f, 0xf4, 0x53, 0xff, 0xac, 0x3,
    0xfe, 0x1a, 0x0, 0xc3, 0x40, 0x1f, 0xf5, 0x8,
    0x6, 0xa1, 0x0, 0xff, 0x3a, 0x0, 0x67, 0x40,
    0xf, 0xf1, 0xc0, 0x6, 0x38, 0x0, 0xff, 0xb8,
    0x3, 0xf, 0x0, 0x7f, 0xd2, 0x40, 0x1a, 0xc8,
    0x3, 0xfc, 0xac, 0x1, 0x99, 0x40, 0x3f, 0xdd,
    0x60, 0x18, 0xa4, 0x3, 0xfe, 0x61, 0x0, 0xd2,
    0x1, 0xff, 0xc0, 0x61, 0x0, 0xd2, 0x1, 0xff,
    0xc0, 0xeb, 0x0, 0xc5, 0x40, 0x1f, 0xfc, 0x5,
    0x60, 0xc, 0xae, 0x1, 0xff, 0xc0, 0x93, 0x0,
    0xd0, 0x80, 0x1f, 0xfc, 0xe, 0x0, 0xea, 0x10,
    0xf, 0xf8, 0xa8, 0x3, 0xe, 0x80, 0x7f, 0xf0,
    0x15, 0x40, 0x18, 0xe4, 0x3, 0xff, 0x81, 0x44,
    0x1, 0x99, 0x80, 0x1f, 0xfc, 0xf, 0x0, 0xe9,
    0x30,

    /* U+006C "l" */
    0x17, 0x7c, 0xc7, 0x11, 0xa8, 0x3, 0xff, 0xfe,
    0x1, 0xff, 0xff,

    /* U+006D "m" */
    0x0, 0xfc, 0x8c, 0xee, 0x40, 0xf, 0xa, 0xbb,
    0x98, 0x80, 0x34, 0x7f, 0xd8, 0xf, 0xd7, 0x31,
    0xb, 0xe5, 0x0, 0xd, 0x75, 0x44, 0x27, 0x70,
    0x80, 0x3c, 0x37, 0x2, 0x1, 0xc3, 0x4e, 0x7e,
    0xa0, 0x1e, 0x3d, 0x30, 0xe, 0x24, 0x0, 0xfe,
    0x8d, 0x10, 0xf, 0xee, 0x0, 0xfe, 0x11, 0x0,
    0x78, 0x40, 0x22, 0x0, 0xf1, 0x28, 0x7, 0x97,
    0xba, 0xb1, 0x0, 0xf4, 0x7e, 0xfc, 0x0, 0x76,
    0x0, 0x71, 0x50, 0x80, 0x12, 0x80, 0x39, 0xdc,
    0x1, 0x3b, 0x0, 0x65, 0x0, 0xe5, 0x0, 0xe4,
    0x10, 0xd, 0x80, 0x1d, 0x40, 0x1f, 0xef, 0x0,
    0xf1, 0x0, 0x66, 0x0, 0xe2, 0x0, 0xc2, 0x1,
    0xc2, 0x1, 0xff, 0x18, 0x7, 0xff, 0xfc, 0x3,
    0xff, 0xfe, 0x1, 0xff, 0xff, 0x0, 0xff, 0xff,
    0x80,

    /* U+006E "n" */
    0x0, 0xfc, 0x6c, 0xee, 0x63, 0x0, 0xe8, 0xff,
    0xb4, 0x1b, 0x72, 0x62, 0x13, 0x9c, 0xa0, 0x1f,
    0xaa, 0x48, 0x3, 0xc3, 0x50, 0x1, 0xe2, 0x50,
    0xf, 0xf3, 0xa8, 0x7, 0xff, 0x1a, 0x0, 0x3f,
    0x36, 0x6e, 0x38, 0x7, 0x11, 0x80, 0x7a, 0x24,
    0xc8, 0xe2, 0x80, 0x39, 0x0, 0x38, 0x9c, 0x3,
    0x94, 0xc0, 0x37, 0x0, 0x72, 0x0, 0x7d, 0x60,
    0x18, 0x80, 0x38, 0x40, 0x3e, 0x30, 0xf, 0xf7,
    0x80, 0x7f, 0xf3, 0x9c, 0x3, 0xff, 0xfe, 0x1,
    0xff, 0xff, 0x0, 0xf8,

    /* U+006F "o" */
    0x0, 0xf8, 0x95, 0xdc, 0xc8, 0x20, 0x1f, 0xfc,
    0x6, 0xdd, 0x54, 0x42, 0x6f, 0xa8, 0x80, 0x3f,
    0xe, 0x49, 0x0, 0x7c, 0xba, 0xe0, 0x1e, 0x1f,
    0x30, 0xf, 0xfa, 0x20, 0x1, 0xda, 0x20, 0x1f,
    0xfc, 0x17, 0x50, 0x9, 0x8c, 0x3, 0x15, 0x6f,
    0x63, 0x80, 0x75, 0x80, 0x56, 0x1, 0x8f, 0x54,
    0x84, 0xe2, 0xc0, 0x30, 0xb0, 0x11, 0x0, 0x37,
    0x80, 0x79, 0x14, 0x3, 0x68, 0x20, 0x6, 0x23,
    0x0, 0xfb, 0x80, 0x32, 0x7, 0x0, 0x66, 0x0,
    0xfc, 0xa0, 0x1c, 0x20, 0x1c, 0x20, 0x1f, 0x84,
    0x3, 0xff, 0x90, 0x20, 0x1e, 0xe0, 0xc, 0xe0,
    0x1f, 0x94, 0x3, 0x85, 0x0, 0x31, 0x18, 0x7,
    0xdc, 0x1, 0x90, 0x8, 0x80, 0x1b, 0x80, 0x3c,
    0xaa, 0x0, 0xda, 0x0, 0xb0, 0xc, 0x5a, 0xa4,
    0x27, 0x34, 0x1, 0x85, 0x80, 0xc, 0x60, 0x18,
    0xab, 0x7b, 0x18, 0x3, 0xac, 0x3, 0x68, 0x80,
    0x7f, 0xf0, 0x5d, 0x40, 0x30, 0xf9, 0x80, 0x7f,
    0xd1, 0x0, 0xf, 0xe, 0x49, 0x0, 0x7c, 0xba,
    0xe0, 0x1f, 0xcd, 0xba, 0xa8, 0x84, 0xdf, 0xd1,
    0x0, 0x70,

    /* U+0070 "p" */
    0x0, 0xf8, 0xd9, 0xdc, 0xa4, 0x1, 0xf4, 0x7f,
    0xd8, 0xdd, 0x93, 0x10, 0xad, 0xc4, 0x0, 0xfe,
    0x39, 0x10, 0xf, 0x1d, 0xc8, 0x7, 0xff, 0x1d,
    0xa4, 0x3, 0xfe, 0x11, 0x0, 0x79, 0x94, 0x3,
    0xf2, 0xef, 0x75, 0x0, 0x1d, 0x60, 0x1f, 0x1d,
    0x10, 0x0, 0x5e, 0x80, 0x30, 0xa8, 0x7, 0xa0,
    0x3, 0xca, 0x60, 0x1b, 0xc0, 0x3c, 0x80, 0x1f,
    0x50, 0x6, 0x70, 0xe, 0x10, 0xf, 0xca, 0x1,
    0x88, 0x3, 0x8c, 0x3, 0xf0, 0x80, 0x7f, 0x8c,
    0x3, 0xf0, 0x80, 0x7f, 0x84, 0x3, 0xf2, 0x80,
    0x62, 0x0, 0xf2, 0x0, 0x7d, 0xa0, 0x19, 0xc0,
    0x3d, 0x0, 0x1e, 0x44, 0x0, 0x6f, 0x0, 0xf1,
    0xd9, 0x0, 0x4d, 0x60, 0x18, 0x54, 0x3, 0xe4,
    0xde, 0xdf, 0x90, 0xe, 0x80, 0xf, 0xf0, 0x90,
    0x7, 0x95, 0x80, 0x3f, 0xf8, 0xad, 0x40, 0x1f,
    0x90, 0x80, 0x3c, 0x55, 0x20, 0x1f, 0xdb, 0xac,
    0x98, 0x84, 0xee, 0x94, 0x3, 0xff, 0x80, 0x6c,
    0xee, 0x62, 0x0, 0xff, 0xff, 0x80, 0x7f, 0xff,
    0x0,

    /* U+0071 "q" */
    0x0, 0xf9, 0x19, 0xdc, 0xa2, 0x1, 0xfe, 0x19,
    0xfb, 0x98, 0x85, 0x75, 0x3f, 0xfe, 0x0, 0x8f,
    0xd8, 0x3, 0xe5, 0x80, 0xf, 0x1e, 0x8, 0x7,
    0xff, 0x13, 0x40, 0x3e, 0x10, 0xf, 0xe7, 0x10,
    0xc, 0x79, 0xfd, 0xf4, 0x1, 0xf4, 0x80, 0x63,
    0xc3, 0x0, 0x96, 0xc0, 0x38, 0xc4, 0x3, 0x78,
    0x7, 0x90, 0xc0, 0x32, 0x80, 0x62, 0x30, 0xf,
    0x90, 0x3, 0x70, 0x6, 0x60, 0xf, 0xde, 0x1,
    0xfc, 0x20, 0x1f, 0xfc, 0x61, 0x0, 0xff, 0xe0,
    0xf0, 0x6, 0x60, 0xf, 0xde, 0x1, 0x94, 0x3,
    0x11, 0x80, 0x7c, 0xa0, 0x18, 0xc4, 0x3, 0x40,
    0x7, 0x94, 0x80, 0x3a, 0x40, 0x32, 0x59, 0x0,
    0x4d, 0x40, 0x1e, 0x71, 0x0, 0xc9, 0xbd, 0xcf,
    0x90, 0xf, 0xda, 0x1, 0xe1, 0x10, 0x7, 0xf8,
    0xec, 0x40, 0x3f, 0xf8, 0xa9, 0xea, 0x1, 0xf3,
    0x0, 0x7f, 0xd, 0x75, 0x44, 0x57, 0xf2, 0x1,
    0xff, 0xa, 0xbb, 0xc8, 0x1, 0xff, 0xff, 0x0,
    0xff, 0xfa, 0x80,

    /* U+0072 "r" */
    0x0, 0xff, 0xe0, 0x3f, 0xfd, 0xa0, 0x5, 0xbf,
    0xf8, 0x3, 0x87, 0x29, 0x0, 0x3f, 0x69, 0x80,
    0x7f, 0x11, 0x80, 0x7f, 0xf0, 0x96, 0xae, 0x80,
    0x3c, 0x5b, 0x4a, 0x8a, 0x1, 0xef, 0x20, 0xf,
    0xe4, 0x20, 0xf, 0xf1, 0x80, 0x7f, 0xde, 0x1,
    0xff, 0xff, 0x0, 0xff, 0xed, 0x80,

    /* U+0073 "s" */
    0x0, 0xf2, 0x33, 0xb9, 0x8c, 0x3, 0xf8, 0xab,
    0xee, 0x62, 0x13, 0x9d, 0x0, 0x1e, 0x4d, 0x50,
    0xf, 0x85, 0xf4, 0x80, 0x22, 0xb0, 0xf, 0xf8,
    0xb0, 0x40, 0x16, 0x1, 0xc4, 0x86, 0x1, 0xc3,
    0x20, 0x4, 0x0, 0xd5, 0xb7, 0x9c, 0x80, 0x19,
    0x80, 0x6, 0x1, 0x94, 0x2, 0x1a, 0x2, 0x58,
    0xa0, 0x1, 0x0, 0x6b, 0x30, 0x8, 0x7f, 0x69,
    0xd0, 0x1, 0x60, 0x19, 0x33, 0xa9, 0x88, 0x3,
    0xe7, 0x40, 0xe, 0x15, 0x9d, 0xd3, 0x88, 0x7,
    0x5c, 0x8, 0x7, 0xc5, 0x1c, 0xc0, 0x1c, 0xfd,
    0x4a, 0x1, 0xfa, 0x58, 0x3, 0xcb, 0x5f, 0x90,
    0x60, 0x1d, 0x0, 0x10, 0x9a, 0x98, 0x0, 0xdf,
    0x30, 0x1, 0x84, 0x9b, 0xb9, 0x95, 0xc0, 0x1c,
    0x66, 0x0, 0xc2, 0xa2, 0x1, 0x15, 0x88, 0x4,
    0x86, 0x1, 0x84, 0xc8, 0x3, 0x27, 0x65, 0xed,
    0x80, 0x62, 0x20, 0x70, 0x7, 0x8d, 0x8, 0x3,
    0xa0, 0x0, 0x76, 0x1, 0xff, 0xc0, 0x85, 0x0,
    0x93, 0x98, 0x3, 0xf2, 0x63, 0x80, 0x70, 0xcf,
    0xdc, 0xc4, 0x57, 0xd6, 0x60, 0x10,

    /* U+0074 "t" */
    0x0, 0x8a, 0x23, 0x20, 0x7, 0xf3, 0xbf, 0x68,
    0x7, 0xff, 0xda, 0xbf, 0xd4, 0x1, 0x9b, 0xff,
    0x8c, 0x3, 0xff, 0xa4, 0x46, 0x62, 0x0, 0xc2,
    0x67, 0xc3, 0x19, 0x88, 0x0, 0xcf, 0x99, 0xc4,
    0x1, 0xff, 0xff, 0x0, 0xff, 0xf2, 0x8, 0x6,
    0x20, 0xf, 0xfe, 0x12, 0x20, 0x3, 0xf2, 0x80,
    0x75, 0xee, 0x63, 0x48, 0x2, 0x15, 0x0, 0xe2,
    0x33, 0x10, 0x80, 0x68, 0x10, 0xf, 0xfe, 0x9,
    0x62, 0x0, 0x7f, 0xf0, 0x4a, 0xfa, 0xa2, 0x29,
    0xb3,

    /* U+0075 "u" */
    0xdf, 0xfc, 0x40, 0x1f, 0x4f, 0xfe, 0x60, 0xf,
    0xff, 0xf8, 0x7, 0xff, 0xfc, 0x3, 0xff, 0x9c,
    0x20, 0x1f, 0x18, 0x7, 0xf9, 0x80, 0x3e, 0x10,
    0xe, 0x60, 0xd, 0xe0, 0x1f, 0x20, 0x7, 0x10,
    0x6, 0x53, 0x0, 0xe8, 0x0, 0xf6, 0x0, 0x76,
    0x39, 0x11, 0x29, 0xc0, 0x3c, 0xa2, 0x1, 0xd1,
    0xba, 0xb5, 0x0, 0xfd, 0x0, 0x1f, 0xfc, 0x66,
    0x50, 0xf, 0xf3, 0x0, 0x7d, 0x52, 0x20, 0x1e,
    0x2a, 0x90, 0xf, 0xcd, 0xd7, 0x31, 0xa, 0xdd,
    0x28, 0x7f, 0xe6,

    /* U+0076 "v" */
    0x1f, 0xfd, 0x80, 0x1f, 0x97, 0xff, 0x40, 0xa0,
    0x4, 0x64, 0x1, 0xf7, 0x0, 0x6a, 0xe, 0x0,
    0xca, 0x1, 0xe1, 0x40, 0x8, 0xc8, 0x14, 0x3,
    0x50, 0x7, 0x9c, 0x3, 0x50, 0x4, 0xc0, 0x11,
    0x10, 0x3, 0xa8, 0x3, 0x38, 0x5, 0x40, 0x1a,
    0x80, 0x30, 0x98, 0x4, 0x82, 0x1, 0x19, 0x0,
    0x4c, 0x1, 0x98, 0x3, 0x70, 0x7, 0x28, 0x4,
    0x26, 0x1, 0x58, 0x4, 0x2a, 0x1, 0xd4, 0x1,
    0xa8, 0x0, 0x46, 0x1, 0x38, 0x7, 0x88, 0xc0,
    0x27, 0x0, 0x50, 0x6, 0xa0, 0xf, 0xa8, 0x2,
    0x14, 0x5, 0x0, 0x88, 0xc0, 0x3e, 0x60, 0xd,
    0xc6, 0x40, 0x15, 0x0, 0x7f, 0x28, 0x4, 0xb4,
    0x1, 0x98, 0x3, 0xfb, 0x80, 0x33, 0x0, 0x48,
    0x20, 0x1f, 0xc8, 0x20, 0x1f, 0x70, 0x7, 0xfc,
    0xc0, 0x1f, 0x28, 0x7, 0xfd, 0x40, 0x1e, 0x60,
    0xf, 0xfe, 0x1, 0x18, 0x7, 0x50, 0x7, 0xff,
    0x6, 0x80, 0x31, 0x18, 0x7, 0x80,

    /* U+0077 "w" */
    0x2f, 0xfd, 0x40, 0x1e, 0x8f, 0xfb, 0x40, 0x3c,
    0xbf, 0xf9, 0x88, 0x80, 0x12, 0x80, 0x79, 0x40,
    0x22, 0x20, 0x7, 0x78, 0x6, 0x70, 0x50, 0xc,
    0x80, 0x18, 0x88, 0x1, 0x94, 0x3, 0x94, 0x2,
    0x31, 0xb, 0x0, 0xda, 0x1, 0x94, 0x3, 0xac,
    0x3, 0x20, 0x6, 0xb0, 0x1, 0x88, 0x4, 0xe0,
    0x1a, 0xc0, 0x38, 0xc4, 0x2, 0xd0, 0xc, 0xa0,
    0x13, 0x80, 0x42, 0x60, 0x1, 0x30, 0xf, 0x38,
    0x4, 0xe0, 0x11, 0x10, 0x2, 0xd0, 0xd, 0x60,
    0x7, 0x0, 0xfb, 0x40, 0x6, 0x20, 0x12, 0x80,
    0x64, 0x10, 0x9, 0x40, 0x14, 0x1, 0x48, 0x4,
    0x82, 0x16, 0x1, 0xac, 0x3, 0x90, 0x2, 0x22,
    0x9, 0x80, 0x4c, 0x80, 0x12, 0x2, 0x80, 0x42,
    0x60, 0x1d, 0xe0, 0x19, 0x5c, 0x2, 0x50, 0xe0,
    0xb, 0xc8, 0x80, 0x13, 0x80, 0x79, 0x40, 0x35,
    0xe8, 0x5, 0xe0, 0xa0, 0x12, 0xd0, 0x6, 0xd0,
    0xf, 0x90, 0x2, 0x34, 0x0, 0x94, 0x0, 0xa0,
    0x13, 0x80, 0x64, 0x0, 0xfb, 0x40, 0x3e, 0x50,
    0xb, 0xc0, 0x3e, 0x50, 0xf, 0xce, 0x1, 0xf7,
    0x0, 0x4a, 0x1, 0xf7, 0x80, 0x7e, 0x13, 0x0,
    0xe1, 0x40, 0xc, 0xa0, 0x1e, 0x40, 0xf, 0xeb,
    0x0, 0xe7, 0x0, 0xee, 0x0, 0xe4, 0x10, 0xf,
    0xe5, 0x0, 0xed, 0x0, 0xe4, 0x10, 0xd, 0xa0,
    0x1f, 0xe2, 0x20, 0x4, 0x28, 0x1, 0xe7, 0x0,
    0xce, 0x1, 0xff, 0x28, 0x4, 0xe0, 0x1f, 0x68,
    0x4, 0x62, 0x1, 0xc0,

    /* U+0078 "x" */
    0x2f, 0xfe, 0x90, 0xf, 0x2f, 0xff, 0x29, 0x48,
    0x6, 0x64, 0x0, 0xc3, 0x40, 0x19, 0x54, 0xc,
    0xa0, 0x1a, 0x84, 0x2, 0xa0, 0xc, 0x54, 0x1,
    0x58, 0x80, 0x43, 0x60, 0x6, 0x40, 0xd, 0xc0,
    0x18, 0x68, 0x3, 0x2b, 0x14, 0x80, 0x68, 0x30,
    0xe, 0x47, 0x0, 0xd3, 0xc0, 0x19, 0x1c, 0x3,
    0xe8, 0x30, 0xc, 0x60, 0x10, 0xd0, 0x7, 0xf7,
    0x0, 0x7e, 0xa1, 0x0, 0xfe, 0x2a, 0x0, 0xf3,
    0x20, 0x7, 0xfc, 0xa4, 0x1, 0xd0, 0x1, 0xff,
    0xc0, 0x72, 0x0, 0xea, 0x0, 0xff, 0x8e, 0x0,
    0x3c, 0x8e, 0x1, 0xfe, 0xd0, 0xf, 0xd0, 0x60,
    0x1f, 0xa8, 0x40, 0x22, 0x50, 0xd, 0xc0, 0x1f,
    0x32, 0x80, 0x6e, 0xa1, 0x0, 0x8a, 0x80, 0x38,
    0xa4, 0x3, 0x39, 0x85, 0x0, 0x65, 0x50, 0x6,
    0xe0, 0xc, 0x50, 0x0, 0x46, 0x0, 0xd4, 0x40,
    0x8, 0x30, 0xd, 0xe0, 0x1a, 0x48, 0x3, 0x70,
    0x23, 0x80, 0x68, 0x20, 0xe, 0xe0, 0xc, 0x70,

    /* U+0079 "y" */
    0x7f, 0xfd, 0x40, 0x1f, 0xd3, 0xff, 0x95, 0x80,
    0x32, 0x80, 0x7f, 0x38, 0x4, 0x2a, 0x2a, 0x1,
    0x98, 0x3, 0xe5, 0x10, 0x9, 0x80, 0x12, 0x1,
    0xa8, 0x3, 0xee, 0x0, 0xd4, 0x0, 0x33, 0x0,
    0x46, 0x40, 0x1c, 0x28, 0x1, 0x19, 0x0, 0x54,
    0x1, 0xac, 0x3, 0x98, 0x3, 0x48, 0x6, 0x60,
    0xc, 0xe0, 0x1d, 0x40, 0x19, 0x40, 0x39, 0x80,
    0x21, 0x50, 0x9, 0x8, 0x2, 0x60, 0xf, 0x58,
    0x6, 0xe0, 0xb, 0x80, 0x35, 0x80, 0x78, 0x8c,
    0x2, 0x42, 0x1, 0x50, 0x8, 0xc8, 0x3, 0xe9,
    0x0, 0xd4, 0xe, 0x1, 0xa8, 0x3, 0xf2, 0x88,
    0x4, 0xc1, 0x40, 0x19, 0x80, 0x3f, 0x98, 0x2,
    0x17, 0x30, 0x9, 0x80, 0x3f, 0xd4, 0x1, 0xa0,
    0x3, 0x50, 0x7, 0xf8, 0x90, 0x3, 0xe2, 0x30,
    0xf, 0xfb, 0x80, 0x3e, 0xa0, 0xf, 0xfe, 0x2,
    0x88, 0x7, 0x98, 0x3, 0xff, 0x82, 0xc0, 0x1c,
    0xa2, 0x1, 0xff, 0xc1, 0x90, 0xe, 0xe0, 0xf,
    0xfe, 0x10, 0x88, 0x2, 0x24, 0x0, 0xff, 0xe1,
    0x20, 0x80, 0x54, 0x1, 0xff, 0xc3, 0xe0, 0xc,
    0xc0, 0x1f, 0xfc, 0x35, 0x0, 0x90, 0x40, 0x3f,
    0xf8, 0x4a, 0x1, 0xbc, 0x3, 0xff, 0x87, 0xc0,
    0x10, 0xa0, 0x7, 0xff, 0x8, 0x50, 0x2, 0x60,
    0xf, 0xfe, 0x1b, 0x0, 0x6a, 0x0, 0xff, 0xe1,
    0xd0, 0x4, 0x84, 0x1, 0xfe,

    /* U+007A "z" */
    0x3, 0xff, 0xff, 0xe1, 0xe0, 0x7, 0xff, 0x17,
    0xc0, 0x3f, 0xf8, 0x8e, 0x60, 0x1f, 0xfc, 0x32,
    0x80, 0x1, 0xdd, 0xfe, 0x0, 0xee, 0x0, 0xc8,
    0x9f, 0x68, 0x6, 0x73, 0x0, 0xff, 0x23, 0x0,
    0x45, 0x0, 0x1f, 0xf5, 0x0, 0x6e, 0x0, 0xff,
    0xa4, 0x40, 0x27, 0x30, 0xf, 0xf2, 0x30, 0x4,
    0x50, 0x1, 0xfe, 0x1a, 0x0, 0xdc, 0x1, 0xff,
    0x58, 0x80, 0x50, 0x60, 0x1f, 0xe4, 0x50, 0x8,
    0xdc, 0x3, 0xfc, 0x34, 0x1, 0xb8, 0x3, 0xfe,
    0xb1, 0x0, 0x95, 0x91, 0x3e, 0x10, 0x2, 0xa8,
    0x3, 0x2d, 0xdf, 0xe6, 0x1, 0xb0, 0xf, 0xfe,
    0x25, 0x88, 0x7, 0xff, 0xc, 0xd4, 0x3, 0xff,
    0x88,

    /* U+007B "{" */
    0x0, 0xc7, 0x7d, 0xff, 0x8, 0x4, 0xd8, 0x82,
    0x1, 0xe2, 0x90, 0xf, 0xea, 0x0, 0xff, 0x18,
    0x6, 0x46, 0x60, 0x80, 0x1c, 0x2, 0x1b, 0x99,
    0x0, 0x7c, 0x60, 0x1f, 0xff, 0xf0, 0xf, 0xfe,
    0x88, 0x98, 0x4, 0x20, 0x1d, 0x40, 0x19, 0x40,
    0x33, 0x20, 0x6, 0xb0, 0xd, 0x0, 0x1a, 0x8,
    0x3, 0xff, 0x87, 0x0, 0x1a, 0x8, 0x3, 0x32,
    0x0, 0x6b, 0x0, 0xea, 0x0, 0xca, 0x1, 0xc2,
    0x60, 0x10, 0x80, 0x7f, 0xff, 0xc0, 0x3f, 0xfa,
    0xc6, 0x1, 0xe7, 0x0, 0x86, 0xe6, 0x40, 0x11,
    0x80, 0x64, 0x66, 0x8, 0x2, 0x80, 0x3f, 0xc5,
    0x20, 0x1f, 0xe6, 0xb4, 0x10, 0xc,

    /* U+007C "|" */
    0xcf, 0xfc, 0x40, 0x1f, 0xff, 0xf0, 0xf, 0xff,
    0xf8,

    /* U+007D "}" */
    0x9f, 0xfb, 0x60, 0x3, 0xf8, 0x9f, 0x44, 0x3,
    0xf8, 0xac, 0x3, 0xfc, 0xa2, 0x0, 0xc6, 0x60,
    0x80, 0x62, 0x0, 0x2c, 0xca, 0xc0, 0x33, 0x80,
    0x7f, 0xff, 0xc0, 0x3f, 0xfb, 0x82, 0x1, 0xb4,
    0x3, 0x94, 0x3, 0x32, 0x0, 0x61, 0x60, 0xd,
    0x42, 0x1, 0xa0, 0x40, 0x21, 0x70, 0xf, 0xfe,
    0x1d, 0x88, 0x4, 0x2c, 0x1, 0xa, 0x80, 0x6a,
    0x0, 0xca, 0x1, 0x9d, 0x0, 0x30, 0x80, 0x6c,
    0x0, 0xff, 0xff, 0x80, 0x7f, 0xf6, 0x56, 0x65,
    0x60, 0x19, 0xc0, 0x18, 0xcc, 0x10, 0xc, 0x40,
    0x1f, 0xca, 0x20, 0x1f, 0x8a, 0xc0, 0x3e, 0x27,
    0xd1, 0x0, 0x80,

    /* U+007E "~" */
    0x0, 0x9f, 0x3b, 0x64, 0x80, 0x3c, 0x23, 0x80,
    0x2b, 0x83, 0x12, 0x6d, 0x80, 0xe, 0xee, 0xc8,
    0xe, 0x80, 0x1e, 0x7c, 0x20, 0x8, 0x40, 0x23,
    0xa, 0x0, 0xfc, 0x7a, 0xc0, 0x62, 0x1, 0x78,
    0x10, 0x7, 0xfa, 0x7f, 0x0, 0x37, 0x88, 0x6,
    0x4f, 0xb2, 0x0, 0xff, 0x18, 0x80, 0x6e, 0x4,
    0xd6, 0x0, 0xfc, 0x28, 0x2, 0x1, 0xf4, 0xd0,
    0x80, 0x7a, 0x80, 0x19, 0x99, 0x0, 0x32, 0xfb,
    0x88, 0xa, 0x62, 0x0,

    /* U+00A0 " " */

    /* U+00A1 "¡" */
    0xbf, 0xfc, 0x60, 0x1f, 0xfc, 0x68, 0xaa, 0xc4,
    0x6a, 0xb8, 0x55, 0xdf, 0xf, 0x44, 0x62, 0x0,
    0xff, 0xff, 0x80, 0x7f, 0xf5, 0x40,

    /* U+00A2 "¢" */
    0x0, 0xfd, 0x3f, 0xf1, 0x80, 0x7f, 0xf9, 0x85,
    0x94, 0x2, 0xa3, 0x0, 0xfe, 0x2a, 0xe9, 0x30,
    0x9, 0xb3, 0x50, 0x3, 0xc9, 0xaa, 0x1, 0xf8,
    0xae, 0x0, 0x31, 0xd8, 0x7, 0xff, 0x1, 0xdc,
    0x1, 0x68, 0x7, 0x88, 0x80, 0x1e, 0x82, 0x7,
    0x10, 0xc, 0xbd, 0xba, 0xe4, 0x0, 0xea, 0x9,
    0x0, 0xcb, 0x42, 0x0, 0x1b, 0x40, 0xc, 0x66,
    0x10, 0xd, 0x0, 0x1e, 0x81, 0x5a, 0xeb, 0x50,
    0xc, 0x44, 0x0, 0xf1, 0xf5, 0x28, 0x87, 0x0,
    0x66, 0x0, 0xff, 0xe3, 0x8, 0x7, 0xff, 0x53,
    0x80, 0x33, 0x80, 0x7f, 0xf0, 0x54, 0x3, 0x11,
    0x0, 0x3c, 0x52, 0xa4, 0x0, 0x31, 0x0, 0xd0,
    0x1, 0xe8, 0x6a, 0xdf, 0x90, 0x60, 0xc, 0xb2,
    0x20, 0x13, 0xa8, 0x6, 0x10, 0x91, 0x0, 0xcd,
    0xdb, 0x9f, 0x0, 0x1d, 0x20, 0x34, 0x1, 0xe2,
    0x30, 0xf, 0x48, 0x80, 0x12, 0x80, 0x3f, 0xf8,
    0x10, 0xc0, 0x19, 0x70, 0xc0, 0x3f, 0x15, 0xb8,
    0x7, 0x8f, 0x30, 0xe4, 0x1, 0x2d, 0xea, 0x0,
    0x7f, 0x1c, 0x20, 0x5, 0x28, 0x1, 0xff, 0xdf,

    /* U+00A3 "£" */
    0x0, 0xfc, 0x6c, 0xee, 0x40, 0xf, 0xfe, 0x2,
    0xee, 0x4c, 0x42, 0xf9, 0x0, 0x3f, 0xa6, 0x88,
    0x3, 0x86, 0xd8, 0x3, 0xe8, 0x60, 0xf, 0xe9,
    0x40, 0xe, 0x27, 0x0, 0xff, 0xa4, 0x3, 0xa8,
    0x3, 0xa7, 0x6c, 0x80, 0x22, 0x60, 0xc, 0x60,
    0x1a, 0x18, 0x93, 0xc0, 0x35, 0x80, 0x66, 0x0,
    0xc8, 0x1, 0x12, 0x0, 0xe, 0xc0, 0x3f, 0xf8,
    0x5f, 0x1d, 0x8c, 0x1, 0xff, 0xc2, 0x47, 0x10,
    0xf, 0xf8, 0x40, 0x3f, 0xfa, 0x33, 0xfe, 0x20,
    0xd, 0xbf, 0xf9, 0x0, 0x3f, 0xfe, 0x58, 0xcc,
    0x0, 0xe5, 0x66, 0xe0, 0xe, 0x59, 0x91, 0x0,
    0x68, 0x99, 0xc4, 0x1, 0xff, 0xe2, 0x20, 0xf,
    0xfe, 0x2c, 0x80, 0x7f, 0xf1, 0x17, 0x18, 0x3,
    0xa2, 0x67, 0xe1, 0x0, 0x61, 0x80, 0x79, 0x59,
    0xbe, 0x30, 0xf, 0xff, 0x78,

    /* U+00A4 "¤" */
    0x0, 0xb, 0x0, 0x7f, 0xf0, 0x89, 0x40, 0x3b,
    0x66, 0x0, 0x3f, 0xf8, 0x5, 0x94, 0xa0, 0x16,
    0x18, 0x3c, 0x1, 0xce, 0xff, 0xba, 0xd8, 0xb,
    0x4, 0x29, 0x42, 0x8c, 0x2, 0x7d, 0xc6, 0x20,
    0x0, 0xa4, 0xf6, 0x8, 0x5, 0x45, 0x2, 0x1,
    0x88, 0x3, 0xf0, 0x88, 0x3, 0x39, 0x13, 0x4,
    0x3, 0xff, 0x8a, 0xf0, 0x0, 0x2c, 0x0, 0xe1,
    0x8c, 0xda, 0x40, 0xe, 0x68, 0x0, 0xcc, 0x1,
    0x93, 0x9c, 0xc9, 0x6e, 0x80, 0x32, 0x0, 0x77,
    0x80, 0x45, 0x60, 0x1e, 0x59, 0x0, 0x88, 0xc0,
    0x32, 0x0, 0x52, 0x1, 0xf9, 0x88, 0x2, 0x40,
    0x8, 0x80, 0x32, 0x0, 0x7f, 0x28, 0x5, 0xa0,
    0x1f, 0x8, 0x7, 0xfb, 0xc0, 0x21, 0x0, 0x8c,
    0x2, 0x10, 0xf, 0xf7, 0x80, 0x42, 0x1, 0x8,
    0x6, 0x40, 0xf, 0xe5, 0x0, 0xb4, 0x3, 0x20,
    0x5, 0x20, 0x1f, 0x94, 0x80, 0x24, 0x0, 0xde,
    0x1, 0x15, 0x0, 0x79, 0x28, 0x2, 0x33, 0x0,
    0x65, 0x0, 0xcb, 0xac, 0x44, 0x4a, 0xb0, 0xc,
    0xa0, 0x18, 0x70, 0x3, 0x8a, 0x77, 0x56, 0xa0,
    0x1c, 0xcc, 0x0, 0xe, 0x10, 0x7, 0xff, 0x16,
    0x58, 0x2c, 0x80, 0x31, 0x0, 0x7e, 0x11, 0x0,
    0x69, 0x2b, 0x20, 0x9, 0xf7, 0x18, 0x80, 0x2,
    0x93, 0xd8, 0x20, 0x14, 0x90, 0xe1, 0x3, 0xc0,
    0x1c, 0xef, 0xfb, 0xad, 0x80, 0xb0, 0x42, 0x58,
    0x0, 0x39, 0x10, 0x0, 0xff, 0xe0, 0x16, 0x4b,
    0x0, 0x0,

    /* U+00A5 "¥" */
    0xbf, 0xfd, 0xc2, 0x1, 0xfc, 0xbf, 0xfc, 0xd2,
    0x1, 0x86, 0x40, 0x3f, 0xa0, 0x3, 0x13, 0x13,
    0x0, 0x67, 0x20, 0xf, 0x9c, 0x80, 0x34, 0x80,
    0x20, 0x3, 0xa0, 0x3, 0xc3, 0x20, 0x19, 0x10,
    0x0, 0x18, 0x0, 0xca, 0x60, 0x1d, 0x2, 0x1,
    0xa4, 0x3, 0x39, 0x0, 0x6f, 0x0, 0xc4, 0xc0,
    0x19, 0x88, 0x3, 0xa0, 0x3, 0x1a, 0x80, 0x52,
    0x1, 0xd0, 0x1, 0xe5, 0x30, 0xd, 0x60, 0x3,
    0x40, 0xd, 0x2, 0x1, 0xf7, 0x80, 0x61, 0x70,
    0xf0, 0xc, 0x4e, 0x1, 0xf8, 0xd4, 0x3, 0x43,
    0x98, 0x6, 0x80, 0xf, 0xf5, 0x80, 0x74, 0x0,
    0x63, 0x50, 0xf, 0xf0, 0xb8, 0x7, 0xf7, 0x80,
    0x7f, 0xf0, 0x20, 0x40, 0x3e, 0x53, 0x0, 0xfe,
    0x3f, 0xf8, 0x40, 0x3e, 0x5f, 0xf7, 0x0, 0x7f,
    0xfa, 0x44, 0xcf, 0x10, 0x7, 0x19, 0xe5, 0x0,
    0xf8, 0xb3, 0x37, 0x80, 0x62, 0xcc, 0xd6, 0x1,
    0xff, 0xd2, 0x3f, 0xfd, 0xa0, 0x18, 0xbf, 0xf7,
    0x0, 0x7f, 0xfa, 0x44, 0xcf, 0x10, 0x7, 0x19,
    0xe5, 0x0, 0xf8, 0xb3, 0x37, 0x80, 0x62, 0xcc,
    0xd6, 0x1, 0xff, 0xe6,

    /* U+00A6 "¦" */
    0xcf, 0xfc, 0x40, 0x1f, 0xff, 0xf0, 0xf, 0xed,
    0xde, 0x21, 0x22, 0xc0, 0x1f, 0x9, 0x16, 0xd,
    0xde, 0x20, 0xf, 0xff, 0xf8, 0x7, 0xf0,

    /* U+00A7 "§" */
    0x0, 0xc5, 0x19, 0xfe, 0xeb, 0x71, 0x0, 0xfd,
    0x1a, 0xe6, 0x0, 0x14, 0x8e, 0x60, 0xf, 0x53,
    0x80, 0x7f, 0x4b, 0x80, 0x65, 0x50, 0x7, 0xfd,
    0x6, 0x1, 0x70, 0x6, 0x4b, 0xc9, 0x0, 0xe9,
    0x0, 0x98, 0x3, 0x5a, 0x1b, 0x48, 0x6, 0x60,
    0x8, 0xc0, 0x31, 0x80, 0x4c, 0xc9, 0xcf, 0xc0,
    0x8, 0x80, 0x36, 0x52, 0x88, 0x4b, 0x18, 0x7,
    0x50, 0x7, 0x2d, 0x76, 0x41, 0x80, 0x79, 0x94,
    0x3, 0xe3, 0x7c, 0xd5, 0x0, 0xea, 0x50, 0xf,
    0xe2, 0xab, 0x0, 0xd4, 0xa0, 0x1f, 0xf2, 0x50,
    0x2, 0x54, 0x2, 0x5d, 0xd4, 0x20, 0x7, 0x28,
    0x89, 0x80, 0x23, 0xa2, 0x23, 0xde, 0x0, 0x71,
    0x10, 0x3, 0x30, 0x7, 0x19, 0x80, 0x3f, 0xcb,
    0x24, 0x1, 0x9, 0x80, 0x63, 0x30, 0x80, 0x66,
    0xde, 0x95, 0xd0, 0xc, 0xa0, 0xb, 0x0, 0xf0,
    0xb5, 0x18, 0x4, 0x76, 0x0, 0x5b, 0x10, 0xf,
    0xfb, 0x84, 0x2, 0x4e, 0x93, 0x0, 0xfe, 0xc1,
    0x0, 0xe6, 0xce, 0xa6, 0x10, 0xe, 0x19, 0x0,
    0xf0, 0x89, 0x67, 0xb0, 0xc0, 0x32, 0x80, 0xc5,
    0x67, 0xf0, 0x6, 0x3e, 0x0, 0xc6, 0x2, 0xea,
    0x60, 0x9, 0x0, 0xcc, 0x1, 0x8c, 0x0, 0xa0,
    0x19, 0xad, 0x4d, 0xa8, 0x3, 0x20, 0x2, 0x40,
    0x39, 0x2b, 0x24, 0x40, 0x35, 0x0, 0xe, 0x40,
    0x3f, 0xf8, 0x10, 0x60, 0x13, 0x50, 0x80, 0x7f,
    0x4b, 0x80, 0x72, 0xf4, 0xa0, 0x80, 0x5, 0x23,
    0x98, 0x2,

    /* U+00A8 "¨" */
    0x35, 0x58, 0xc0, 0x25, 0x5c, 0x31, 0x55, 0x48,
    0x5, 0x55, 0x94, 0x3, 0xff, 0xb6,

    /* U+00A9 "©" */
    0x0, 0xff, 0x85, 0x1e, 0x26, 0x1d, 0x0, 0x3f,
    0xf9, 0x2d, 0x9d, 0x70, 0xec, 0xf1, 0x7f, 0x6a,
    0x1, 0xff, 0xc4, 0x5e, 0x93, 0x0, 0xfe, 0x4a,
    0xd4, 0x0, 0xff, 0xe0, 0xd, 0xd0, 0x80, 0x7f,
    0xf0, 0x4a, 0xe8, 0x3, 0xfc, 0x58, 0x80, 0x1f,
    0xfc, 0x55, 0xc1, 0x0, 0xf8, 0x7c, 0x80, 0x39,
    0x27, 0x7f, 0xec, 0x93, 0x0, 0xe3, 0xc1, 0x0,
    0xf6, 0x90, 0x6, 0x3c, 0xb6, 0x20, 0x8, 0xdb,
    0x30, 0x40, 0x18, 0xa8, 0x3, 0xa0, 0xc0, 0x33,
    0xe1, 0x80, 0x7f, 0x1e, 0xb0, 0x6, 0x46, 0x0,
    0x89, 0xc0, 0x34, 0x40, 0x2, 0x4a, 0xef, 0xf6,
    0xc8, 0x80, 0x25, 0x80, 0x34, 0x88, 0x2, 0xc0,
    0x32, 0xb8, 0x5, 0x56, 0xa2, 0x0, 0x26, 0xe5,
    0x0, 0x4a, 0x0, 0x69, 0x0, 0x30, 0x6, 0xb0,
    0xa, 0xd4, 0x3, 0xf5, 0x20, 0x2, 0x40, 0x33,
    0x2, 0x80, 0x67, 0x10, 0x3, 0x20, 0x4, 0xb0,
    0xe2, 0x1, 0x50, 0x0, 0x94, 0x2, 0x13, 0xc0,
    0xd, 0x40, 0x14, 0x0, 0x53, 0x4f, 0x18, 0x20,
    0x1, 0x30, 0x7, 0x0, 0x64, 0x50, 0x8, 0x48,
    0x0, 0x62, 0x0, 0x36, 0x0, 0x8a, 0x16, 0xb8,
    0xc0, 0x8, 0x1, 0xb4, 0x40, 0x25, 0x0, 0x94,
    0x2, 0xb0, 0xe, 0x6a, 0x51, 0x0, 0xc4, 0x1,
    0x31, 0x80, 0x42, 0x1, 0x8, 0x4, 0x20, 0x1f,
    0xfc, 0x11, 0x0, 0x84, 0x3, 0x8, 0x7, 0xc2,
    0x1, 0xff, 0xc5, 0x13, 0x0, 0x98, 0x2, 0x20,
    0xb, 0x40, 0x3f, 0xf8, 0x24, 0x1, 0x3b, 0x80,
    0x22, 0x0, 0x90, 0x2, 0x51, 0x0, 0xd7, 0xf9,
    0x24, 0x0, 0x21, 0x0, 0x8b, 0x40, 0x32, 0x80,
    0x5, 0x40, 0x2c, 0x30, 0x18, 0x40, 0x36, 0x30,
    0x2, 0x80, 0x6c, 0x50, 0xd, 0x20, 0x14, 0x0,
    0x45, 0x9f, 0xce, 0x1, 0x38, 0x80, 0x28, 0x3,
    0x21, 0x18, 0x4, 0x6a, 0x0, 0x2b, 0x0, 0xfe,
    0x48, 0x0, 0x39, 0x0, 0x48, 0x21, 0x20, 0x1a,
    0x88, 0x0, 0x98, 0x60, 0x1e, 0x7b, 0x0, 0x1c,
    0x0, 0x68, 0x0, 0x29, 0x80, 0x6c, 0x20, 0x1,
    0xe6, 0xd4, 0x4d, 0xfc, 0x0, 0xf, 0x40, 0x32,
    0x98, 0x5, 0xc0, 0x18, 0x75, 0x40, 0x22, 0x57,
    0x64, 0x0, 0x9b, 0x4, 0x2, 0x1b, 0x0, 0xc5,
    0x40, 0x1d, 0x58, 0xa0, 0x1f, 0x2e, 0x48, 0x7,
    0x50, 0x80, 0x72, 0xc0, 0x7, 0x1d, 0x7d, 0xcc,
    0xd9, 0xf4, 0x60, 0x1d, 0x48, 0x1, 0xf3, 0xd0,
    0x7, 0xc8, 0xcd, 0x18, 0x7, 0x86, 0xd4, 0x3,
    0xf9, 0x74, 0xc0, 0x3f, 0xf8, 0x69, 0x88, 0x1,
    0xff, 0x16, 0x51, 0x80, 0x7f, 0xc7, 0x76, 0x20,
    0xf, 0xfe, 0x12, 0xe6, 0x21, 0x4, 0x2, 0x24,
    0x8d, 0xc4, 0x0, 0xfc,

    /* U+00AA "ª" */
    0x0, 0x84, 0xcc, 0x20, 0x18, 0x6b, 0xb3, 0x1d,
    0x42, 0x0, 0xa5, 0x0, 0xcb, 0x60, 0x20, 0x7,
    0xee, 0x28, 0x28, 0xd, 0xfd, 0x23, 0x30, 0x0,
    0x40, 0x9b, 0xaa, 0x83, 0x0, 0x8a, 0xc8, 0x11,
    0xdc, 0x1, 0x50, 0x3, 0x6e, 0x3c, 0x3, 0x84,
    0xc1, 0x20, 0x2, 0xb0, 0x1e, 0xfb, 0x10, 0x8,
    0xec, 0x80, 0x57, 0x0, 0x20,

    /* U+00AB "«" */
    0x0, 0xf0, 0xc0, 0x7, 0x8d, 0x40, 0x3f, 0x53,
    0xe0, 0x80, 0x43, 0xb5, 0x20, 0x1e, 0x84, 0x3,
    0x90, 0xb, 0x44, 0x19, 0x0, 0x32, 0xb8, 0x0,
    0xe0, 0x1, 0x26, 0x0, 0x74, 0x0, 0x8a, 0x80,
    0x3, 0xa0, 0x6, 0x60, 0x1, 0x20, 0x2, 0x1f,
    0x0, 0xb4, 0x40, 0xe4, 0x0, 0x34, 0x1, 0xa8,
    0x80, 0x12, 0x60, 0x3a, 0x1, 0x68, 0x80, 0x50,
    0x80, 0x5, 0x60, 0x6, 0x88, 0x2, 0x8c, 0x3,
    0x28, 0x5, 0xc0, 0x2, 0x30, 0x0, 0xa0, 0x7,
    0x78, 0x5, 0x42, 0x5, 0x20, 0x1, 0xa0, 0xe,
    0x2a, 0x0, 0xe, 0x80, 0x19, 0x80, 0x4, 0x80,
    0xe, 0x56, 0x0, 0x1c, 0x80, 0x24, 0xc0, 0xe,
    0xa0, 0x1d, 0x26, 0x0, 0x66, 0x0, 0x34, 0x40,
    0x14, 0x40, 0x1d, 0xa2, 0x0, 0x93, 0x1, 0xa0,
    0xb, 0xc4, 0x3, 0xe, 0x80, 0x48, 0x0, 0x48,
    0x0, 0x11, 0x0, 0x38, 0xe4, 0x29, 0xc0, 0x27,
    0x52, 0xd3, 0x0, 0xf3, 0x72, 0x80, 0x75, 0x69,
    0x0,

    /* U+00AC "¬" */
    0xac, 0xcf, 0xfe, 0x22, 0xb9, 0x9f, 0xff, 0x10,
    0x80, 0x3f, 0xfb, 0x1b, 0xff, 0xff, 0xc0, 0xa0,
    0xf, 0xff, 0x70,

    /* U+00AD "­" */
    0xac, 0xcf, 0xf3, 0x99, 0xff, 0x80, 0x3f, 0xf9,
    0x40,

    /* U+00AE "®" */
    0x0, 0xf2, 0xd7, 0x7f, 0xb6, 0x90, 0x3, 0xfc,
    0x7b, 0x4a, 0x20, 0x2, 0x5b, 0xd3, 0x0, 0xf9,
    0xb0, 0x80, 0x3f, 0x16, 0x28, 0x7, 0x2c, 0x80,
    0x4b, 0x5b, 0xaa, 0x50, 0xa, 0x90, 0x2, 0x1a,
    0x0, 0xe, 0x52, 0x91, 0x16, 0xb0, 0x40, 0x14,
    0x20, 0x8, 0x0, 0xb0, 0xe2, 0x33, 0x9, 0xe0,
    0x0, 0x64, 0x0, 0xc0, 0x9, 0x20, 0x77, 0xd3,
    0x80, 0x50, 0x0, 0x60, 0x40, 0x9, 0x80, 0x26,
    0xff, 0x49, 0x30, 0x30, 0x0, 0x4c, 0x80, 0x6,
    0x1, 0xf2, 0x80, 0x80, 0x98, 0x1, 0x84, 0x0,
    0xe0, 0x19, 0x62, 0x1c, 0x8, 0x0, 0x70, 0x1,
    0x88, 0x1, 0xc0, 0x31, 0xbb, 0x8a, 0x4c, 0x0,
    0xc0, 0x3, 0x20, 0x1, 0x80, 0x66, 0xfa, 0x1,
    0x0, 0x9, 0x0, 0x19, 0x0, 0x27, 0x0, 0xe5,
    0x29, 0x0, 0x48, 0x0, 0x4c, 0x18, 0x1, 0x6,
    0x5, 0xc0, 0x8, 0x35, 0x37, 0x0, 0x30, 0x2,
    0x0, 0x2d, 0x4d, 0x70, 0x2, 0xe8, 0xe0, 0x0,
    0x64, 0x0, 0x34, 0x0, 0x1b, 0xb2, 0x99, 0x96,
    0xec, 0x1, 0x50, 0x80, 0x4b, 0x20, 0x12, 0x56,
    0x62, 0x90, 0x2, 0xa4, 0x0, 0xe6, 0xc2, 0x0,
    0xfc, 0x78, 0xa0, 0x1f, 0x1e, 0xd2, 0x88, 0x0,
    0x96, 0xf0, 0xc0, 0x30,

    /* U+00AF "¯" */
    0x8c, 0xcf, 0xe1, 0x33, 0xff, 0x0, 0x7f, 0xf2,
    0xc0,

    /* U+00B0 "°" */
    0x0, 0x8e, 0xbb, 0xfa, 0xd0, 0x3, 0xcf, 0x8a,
    0x20, 0x29, 0x74, 0x1, 0x9e, 0x0, 0x3e, 0x5a,
    0x0, 0x14, 0x0, 0x7f, 0x2a, 0x5, 0x80, 0x68,
    0xd9, 0x0, 0xde, 0x8, 0x1, 0x43, 0x93, 0x50,
    0x4, 0x80, 0x60, 0x12, 0x0, 0x48, 0x1, 0xc6,
    0x1, 0x20, 0x4, 0x80, 0x1c, 0x80, 0x14, 0x39,
    0x35, 0x0, 0x48, 0x14, 0x1, 0xa3, 0x64, 0x3,
    0x78, 0x1b, 0x80, 0x7f, 0x2a, 0x0, 0x21, 0xc0,
    0x3e, 0x5a, 0x0, 0xd1, 0x8a, 0x20, 0x29, 0x74,
    0x1, 0x0,

    /* U+00B1 "±" */
    0x0, 0xf0, 0xff, 0xd6, 0x1, 0xff, 0xf1, 0xdf,
    0xfe, 0xe0, 0x9, 0x3f, 0xfc, 0xe0, 0x1f, 0xfd,
    0x87, 0x33, 0xf0, 0x4, 0x26, 0x7e, 0x2a, 0xcc,
    0xed, 0x0, 0x97, 0x33, 0xca, 0x1, 0xff, 0xde,
    0x17, 0x7b, 0x40, 0x3f, 0xf8, 0x51, 0x13, 0x0,
    0x7d, 0x59, 0x9f, 0xfc, 0x45, 0x73, 0x3f, 0xfe,
    0x21, 0x0, 0x7f, 0xf6, 0x0,

    /* U+00B2 "²" */
    0x0, 0x92, 0xfb, 0xfa, 0xd0, 0x3, 0xa6, 0xd0,
    0x40, 0x52, 0xe4, 0x2, 0x76, 0x0, 0x84, 0x2,
    0x66, 0x0, 0x24, 0x0, 0x9d, 0xd2, 0x0, 0x2c,
    0x8, 0x40, 0x14, 0x20, 0x32, 0x0, 0x21, 0x2b,
    0xb8, 0x40, 0x22, 0x0, 0x8c, 0x11, 0x20, 0xc,
    0xc0, 0x11, 0x0, 0x7c, 0xb2, 0x0, 0x50, 0xf,
    0x9e, 0x80, 0x5, 0x60, 0x1e, 0xa8, 0x0, 0x1e,
    0x8, 0x6, 0x1c, 0x50, 0x2, 0xe0, 0x80, 0x62,
    0xc3, 0x0, 0x3d, 0x0, 0x72, 0x69, 0x0, 0x2a,
    0x0, 0x38, 0xac, 0x3, 0x5f, 0x77, 0x10, 0x80,
    0x70, 0x8f, 0x80, 0x3f, 0xf8, 0x40,

    /* U+00B3 "³" */
    0xe, 0xff, 0xfe, 0x40, 0xf, 0xfe, 0x9, 0x88,
    0xf0, 0x7, 0xb7, 0xbb, 0x50, 0x80, 0x15, 0x0,
    0x39, 0xec, 0x41, 0xe8, 0x3, 0xaa, 0x0, 0x11,
    0x0, 0xe, 0x95, 0x0, 0xa9, 0x40, 0x3a, 0xc0,
    0x31, 0x53, 0x0, 0x62, 0xaa, 0x49, 0x0, 0x24,
    0x40, 0x32, 0xa9, 0xb4, 0x40, 0xe, 0x1, 0xf9,
    0xc0, 0x1c, 0x6, 0xea, 0x1, 0x88, 0x1, 0xed,
    0x91, 0x48, 0x0, 0x74, 0x0, 0x23, 0x10, 0x2,
    0xff, 0xd0, 0x0, 0x43, 0xf, 0x20, 0xf, 0x1d,
    0x0, 0xb, 0x60, 0x80, 0x7, 0x38, 0x20,

    /* U+00B4 "´" */
    0x0, 0xff, 0xab, 0xfe, 0x0, 0x85, 0x40, 0xc,
    0x1, 0x30, 0x5, 0x60, 0x14, 0x80, 0x10, 0x80,
    0xa, 0x20, 0xf, 0x0, 0xa4, 0x0, 0x48, 0x0,
    0x33, 0x0, 0x28, 0x2,

    /* U+00B5 "µ" */
    0x8f, 0xfc, 0xe0, 0x1f, 0x1f, 0xfe, 0xb0, 0xf,
    0xff, 0xf8, 0x7, 0xff, 0xfc, 0x3, 0xff, 0x9d,
    0xe0, 0x1f, 0x38, 0x7, 0xf8, 0x80, 0x3e, 0x20,
    0xf, 0xf2, 0x80, 0x7d, 0xa0, 0x1f, 0xf4, 0x0,
    0x72, 0x20, 0x3, 0xfe, 0x7a, 0x32, 0x38, 0xb0,
    0xf, 0xfe, 0xa, 0xe6, 0xe3, 0x80, 0x7f, 0xf6,
    0xd1, 0x40, 0x3f, 0xf8, 0x63, 0x36, 0x1, 0xfc,
    0x79, 0x31, 0x9, 0xce, 0x60, 0xaf, 0xfa, 0xc0,
    0x38, 0xd9, 0xdc, 0xc6, 0x1, 0xff, 0xff, 0x0,
    0xff, 0xfb, 0x0,

    /* U+00B6 "¶" */
    0x0, 0xc3, 0x19, 0xdf, 0xff, 0x70, 0x5, 0x5f,
    0xf9, 0x0, 0x27, 0xe7, 0x31, 0x0, 0xff, 0xe3,
    0xc4, 0x0, 0x3f, 0xf9, 0x48, 0xe0, 0x1f, 0xfc,
    0xb8, 0x0, 0xff, 0xe5, 0x91, 0x80, 0x7f, 0xf2,
    0xd0, 0x3, 0xff, 0x99, 0xc0, 0x1f, 0xff, 0xee,
    0x0, 0xff, 0xe6, 0x20, 0x7, 0xff, 0x30, 0x88,
    0x1, 0xff, 0xcc, 0x80, 0xf, 0xfe, 0x62, 0xa8,
    0x3, 0xff, 0x99, 0x4c, 0x1, 0xff, 0xcc, 0x9c,
    0x62, 0x0, 0xff, 0xe5, 0x1c, 0xef, 0xf7, 0x40,
    0x1f, 0xfc, 0xa1, 0x18, 0x3, 0xff, 0xfe, 0x1,
    0xff, 0xff, 0x0, 0xff, 0xff, 0x80, 0x7f, 0xff,
    0xc0, 0x3f, 0xf8, 0x40,

    /* U+00B7 "·" */
    0x4, 0xbb, 0x28, 0x2d, 0xa2, 0x29, 0xa4, 0x3,
    0x58, 0x7, 0x1d, 0x80, 0x67, 0x78, 0x41, 0xa4,

    /* U+00B8 "¸" */
    0x0, 0x2c, 0x40, 0x40, 0x2b, 0x76, 0x10, 0x2,
    0x8, 0x10, 0x5, 0xc0, 0x3, 0xd0, 0x7, 0x98,
    0x0, 0x9c, 0x17, 0x14, 0x1, 0x80, 0x8a, 0xe0,
    0x1a, 0xe8, 0x80, 0x18, 0xc0, 0x18, 0x9c, 0x8c,
    0x0, 0xb8, 0x0,

    /* U+00B9 "¹" */
    0x1, 0x9f, 0xf9, 0x5b, 0xd8, 0x3, 0x58, 0x80,
    0x7c, 0x84, 0x1, 0x35, 0x58, 0x80, 0x56, 0xa0,
    0x1f, 0xff, 0xf0,

    /* U+00BA "º" */
    0x0, 0xc6, 0x84, 0x1, 0xe7, 0xfc, 0xbd, 0xd1,
    0x80, 0x4f, 0x0, 0x18, 0xb0, 0xc0, 0x60, 0xb,
    0x7e, 0xc0, 0x1e, 0xe, 0x0, 0x92, 0x4, 0x70,
    0x32, 0xe0, 0x2, 0x0, 0x5a, 0x0, 0x60, 0x8,
    0x40, 0x23, 0x0, 0x3e, 0x80, 0x1c, 0x2, 0xc0,
    0x1, 0x28, 0x84, 0xba, 0x4a, 0x82, 0x88, 0x50,
    0x2, 0x2d, 0x80, 0xac, 0x0, 0x9a, 0xa2, 0x2,
    0xf8, 0x20,

    /* U+00BB "»" */
    0x0, 0x40, 0x80, 0x70, 0xb8, 0x7, 0x87, 0x1e,
    0x80, 0x31, 0xfc, 0x38, 0x7, 0x41, 0x82, 0x40,
    0x5, 0xc2, 0x10, 0x80, 0x1a, 0x48, 0x0, 0xea,
    0x0, 0xf0, 0xa, 0x84, 0x3, 0x78, 0x80, 0x28,
    0x80, 0xa8, 0x0, 0x3a, 0x1, 0x8a, 0x80, 0x2f,
    0x0, 0x2b, 0x80, 0xe, 0x80, 0x32, 0x40, 0x0,
    0xa8, 0x1, 0x8, 0x0, 0x56, 0x0, 0xce, 0xa0,
    0x5, 0x70, 0x5, 0x10, 0x2, 0x4c, 0x3, 0x70,
    0x5, 0x40, 0x1, 0x50, 0xa, 0x80, 0x21, 0xa0,
    0xb, 0xc0, 0x8, 0xe0, 0x2, 0x90, 0xb, 0x44,
    0x1, 0x44, 0x5, 0x60, 0x1, 0xf0, 0xa, 0x4c,
    0x0, 0xea, 0x0, 0xf0, 0xa, 0x88, 0x0, 0xcc,
    0x0, 0x24, 0x0, 0x28, 0x80, 0x10, 0x80, 0x3,
    0x90, 0x0, 0xd0, 0x1, 0xd4, 0x0, 0xae, 0x1,
    0x58, 0x5, 0xa2, 0x0, 0xc0, 0x1, 0x50, 0x6,
    0x8a, 0xa, 0x30, 0xa, 0xd8, 0x3c, 0x3, 0xcb,
    0xca, 0x1, 0xd3, 0xc4, 0x1, 0xc0,

    /* U+00BC "¼" */
    0x0, 0xff, 0xea, 0x8c, 0xff, 0xca, 0x1, 0xff,
    0xc3, 0xac, 0x10, 0xf, 0x97, 0xd8, 0x3, 0xff,
    0x8c, 0xca, 0x7e, 0x60, 0x1e, 0x81, 0x0, 0xff,
    0xe3, 0x14, 0x80, 0x4, 0x40, 0x1f, 0x8c, 0x40,
    0x3f, 0xf8, 0x9c, 0x1, 0x41, 0x0, 0x78, 0x67,
    0x8, 0x3, 0xff, 0x87, 0x6, 0x0, 0x47, 0x0,
    0xfb, 0x18, 0x3, 0xff, 0x88, 0x6e, 0x0, 0x1a,
    0x0, 0xff, 0xe7, 0x70, 0x5, 0x62, 0x1, 0xff,
    0xcd, 0xa2, 0x0, 0x32, 0x80, 0x7f, 0xf3, 0x55,
    0x40, 0x2, 0x90, 0xf, 0xfe, 0x68, 0xd8, 0x5,
    0xc0, 0x18, 0xd1, 0x6, 0x1, 0xff, 0xc6, 0xa1,
    0x0, 0x41, 0x80, 0x45, 0x97, 0x65, 0x0, 0xff,
    0xe2, 0xba, 0x0, 0xd, 0xc0, 0x35, 0x80, 0x5,
    0x80, 0x3f, 0xf8, 0x87, 0x0, 0x17, 0x0, 0x61,
    0x60, 0x4, 0x80, 0x7f, 0xf1, 0x78, 0x2, 0xa2,
    0x0, 0xcc, 0x1, 0x30, 0x7, 0xff, 0x12, 0x48,
    0x0, 0xaa, 0x0, 0xe9, 0x0, 0x30, 0x80, 0x7f,
    0xf0, 0xd1, 0x80, 0x3, 0x60, 0x1c, 0xc2, 0x0,
    0xb0, 0xf, 0xdd, 0x98, 0x40, 0x8, 0x68, 0x2,
    0xa1, 0x0, 0xeb, 0x0, 0x29, 0x2b, 0xb8, 0x40,
    0x31, 0x19, 0x84, 0x2, 0xa1, 0x0, 0x3a, 0x0,
    0x72, 0x10, 0x2, 0x42, 0x22, 0x50, 0xf, 0xf3,
    0x20, 0x0, 0xe0, 0x3, 0xd0, 0x0, 0x33, 0x0,
    0x7f, 0xf0, 0x8a, 0x40, 0x2e, 0x0, 0xf1, 0x98,
    0x1, 0x0, 0x1f, 0xfc, 0x3e, 0x0, 0xa4, 0x80,
    0x3d, 0x20, 0x2, 0x40, 0xf, 0xfe, 0x14, 0x18,
    0x1, 0x18, 0x3, 0xe4, 0x0, 0x17, 0xfc, 0x40,
    0xb, 0xb0, 0x7, 0x91, 0xc0, 0x3, 0x40, 0x1f,
    0xfc, 0xd1, 0xa0, 0xa, 0x84, 0x3, 0xf1, 0x8,
    0xf8, 0x2, 0x11, 0x0, 0x71, 0x0, 0x4c, 0x80,
    0x1f, 0xd9, 0xdd, 0xe2, 0x0, 0x55, 0x0, 0x38,
    0xfd, 0xa, 0x40, 0x3f, 0xfa, 0x3, 0x78, 0x1,
    0xff, 0xc6, 0xdf, 0xf2, 0x0,

    /* U+00BD "½" */
    0x0, 0xff, 0xeb, 0x8c, 0xff, 0xca, 0x1, 0xff,
    0xc3, 0xac, 0x10, 0xf, 0xe6, 0xf6, 0x0, 0xff,
    0xe3, 0x32, 0x9f, 0xa0, 0x7, 0xeb, 0x10, 0xf,
    0xfe, 0x31, 0x48, 0x0, 0x58, 0x3, 0xfc, 0xa4,
    0x1, 0xff, 0xc4, 0xe0, 0xa, 0x48, 0x3, 0xf3,
    0xdd, 0x8, 0x7, 0xff, 0xe, 0xc, 0x0, 0xac,
    0x1, 0xfd, 0x48, 0x1, 0xff, 0xc4, 0x47, 0x0,
    0xd, 0x80, 0x7f, 0xf3, 0xc6, 0x80, 0x2a, 0x10,
    0xf, 0xfe, 0x7d, 0x8, 0x1, 0xd0, 0x3, 0xff,
    0x9e, 0xc8, 0x0, 0x38, 0x0, 0xff, 0xe7, 0x94,
    0x80, 0x5c, 0x1, 0x9a, 0xf7, 0x56, 0xc0, 0x1f,
    0xfc, 0x6f, 0x0, 0xa4, 0x80, 0x3, 0xb2, 0x84,
    0x44, 0x9c, 0x10, 0xf, 0xfe, 0x1c, 0x90, 0x1,
    0x58, 0x2, 0xc2, 0x0, 0xf1, 0xd0, 0x7, 0xff,
    0x9, 0x18, 0x0, 0x36, 0x1, 0x29, 0x0, 0x1f,
    0xb8, 0xe0, 0x4, 0x30, 0xf, 0xfe, 0x0, 0xd0,
    0x5, 0xa2, 0x1, 0x60, 0x1, 0x20, 0x45, 0x6,
    0x0, 0xb0, 0xf, 0xfe, 0x5, 0x8, 0x1, 0xcc,
    0x3, 0xa, 0x23, 0x80, 0x32, 0x0, 0x8, 0x3,
    0xfe, 0x64, 0x0, 0x1c, 0x0, 0x74, 0x5d, 0x94,
    0x3, 0x18, 0x0, 0xc0, 0x2e, 0xcc, 0x20, 0x4,
    0x52, 0x1, 0x70, 0x7, 0xff, 0x5, 0x50, 0x1,
    0xe0, 0x11, 0x19, 0x84, 0x2, 0xf0, 0xa, 0x88,
    0x3, 0xff, 0x80, 0xb4, 0x0, 0x16, 0x0, 0xfe,
    0x92, 0x0, 0x2a, 0x80, 0x3f, 0xf8, 0xf, 0x40,
    0x1, 0xc0, 0xf, 0xe4, 0x60, 0x0, 0xd0, 0x7,
    0xff, 0x2, 0x20, 0x0, 0x1c, 0x20, 0xf, 0xc3,
    0x40, 0x16, 0x80, 0x7f, 0xf0, 0x25, 0xc0, 0x5,
    0xe4, 0x1, 0xfd, 0x42, 0x0, 0x73, 0x0, 0xff,
    0xa9, 0x80, 0x7, 0x82, 0x1, 0xfc, 0xe8, 0x0,
    0x38, 0x0, 0xff, 0xad, 0x40, 0x9, 0x82, 0x1,
    0xfc, 0x70, 0x1, 0x70, 0x7, 0xfd, 0x48, 0x1,
    0x2f, 0x77, 0x48, 0x7, 0x12, 0x80, 0x28, 0x80,
    0x3f, 0xe1, 0x0, 0xc2, 0x3e, 0x30, 0xe, 0x1a,
    0x96, 0x50, 0xf, 0xfe, 0x60,

    /* U+00BE "¾" */
    0x0, 0xff, 0xec, 0x6f, 0x77, 0xf2, 0x0, 0x7f,
    0xf0, 0x62, 0xc4, 0x3, 0xf1, 0x88, 0xff, 0x0,
    0x7f, 0xf0, 0x51, 0xd3, 0xcc, 0x3, 0xff, 0xa2,
    0x34, 0x0, 0x17, 0x0, 0xfb, 0xbf, 0xf6, 0x90,
    0x1, 0x10, 0x1, 0xff, 0x58, 0x80, 0x19, 0x0,
    0x3f, 0xe3, 0xc2, 0x4, 0xb0, 0xf, 0xf9, 0x94,
    0x0, 0x52, 0x1, 0xff, 0x36, 0x8, 0x25, 0x80,
    0x7f, 0xc5, 0x20, 0x17, 0x80, 0x7f, 0xcf, 0x20,
    0x11, 0x88, 0x7, 0xfd, 0xc0, 0x14, 0x10, 0x7,
    0xfc, 0x40, 0x19, 0xfc, 0x80, 0x3f, 0xa0, 0xc0,
    0x8, 0xe0, 0x1f, 0xfc, 0x5, 0x32, 0x10, 0x0,
    0xf0, 0x7, 0xe3, 0x70, 0x0, 0xd0, 0x7, 0xff,
    0xb, 0x37, 0xa4, 0x0, 0x66, 0x0, 0xfb, 0x40,
    0x2b, 0x10, 0x8, 0x46, 0x0, 0xff, 0x98, 0xc0,
    0x8, 0x1, 0xea, 0x10, 0x3, 0x28, 0x4, 0xbd,
    0xd1, 0x80, 0x7f, 0xca, 0x0, 0xf0, 0xe, 0x55,
    0x0, 0xa, 0x40, 0x34, 0x80, 0xc, 0xc0, 0x10,
    0xb5, 0x40, 0x6, 0x40, 0x7, 0x80, 0x62, 0xa0,
    0xb, 0x80, 0x31, 0x98, 0x1, 0x0, 0x19, 0x25,
    0x5d, 0xc0, 0x34, 0x40, 0x5, 0x0, 0xdc, 0x1,
    0x41, 0x80, 0x68, 0x0, 0x12, 0x0, 0x65, 0x30,
    0x4, 0x7f, 0x28, 0x1, 0x88, 0x2, 0x73, 0x0,
    0x23, 0x80, 0x62, 0x40, 0x4, 0x0, 0x7b, 0x4c,
    0x3, 0xcb, 0x20, 0x11, 0xc0, 0x0, 0x68, 0x3,
    0xa0, 0x0, 0x2a, 0x1, 0xe1, 0xc9, 0x41, 0x12,
    0x5d, 0x0, 0x6e, 0x0, 0xac, 0x40, 0x30, 0xa8,
    0x2, 0x1, 0xdc, 0xc0, 0x1c, 0xd7, 0xdc, 0xb4,
    0x0, 0xd2, 0x40, 0x6, 0x50, 0xe, 0x90, 0x0,
    0xb0, 0xc4, 0x24, 0x3, 0xff, 0x84, 0xac, 0x0,
    0x29, 0x0, 0xe1, 0x70, 0x3, 0x0, 0x7f, 0xf1,
    0x86, 0xc0, 0x2e, 0x0, 0xf3, 0x0, 0x52, 0x1,
    0xff, 0xc6, 0xa1, 0x0, 0x41, 0x80, 0x7a, 0x40,
    0xc, 0x20, 0x1f, 0xfc, 0x57, 0x40, 0x1, 0xb8,
    0x7, 0x88, 0x40, 0xd, 0xfe, 0xe0, 0xb, 0xd8,
    0x3, 0xf8, 0xa0, 0x2, 0xe0, 0xf, 0xfe, 0x8f,
    0x80, 0x54, 0x40, 0x1f, 0x84, 0x7e, 0x0, 0x84,
    0x3, 0xf8, 0x8c, 0x0, 0xaa, 0x0, 0xfc, 0x5d,
    0xde, 0xf0, 0xb, 0x98, 0x3, 0xf1, 0x7a, 0xd,
    0x0, 0x7f, 0xf4, 0xc6, 0xfc, 0x3, 0xff, 0x8a,
    0x3f, 0xf0, 0x0,

    /* U+00BF "¿" */
    0x0, 0xfb, 0xff, 0x88, 0x3, 0xff, 0xfe, 0x1,
    0xfd, 0x99, 0xc4, 0x1, 0xff, 0xc0, 0x33, 0xe0,
    0xf, 0xfe, 0xf, 0xff, 0x10, 0x7, 0xfc, 0x20,
    0x1c, 0x60, 0x1f, 0xf3, 0x0, 0x61, 0x10, 0x7,
    0xf8, 0xe0, 0x3, 0x38, 0x7, 0xf8, 0xb4, 0x3,
    0xac, 0x3, 0xf8, 0x70, 0x40, 0x33, 0x90, 0x7,
    0xf6, 0x8, 0x6, 0x58, 0x0, 0xfe, 0xa2, 0x0,
    0xcf, 0x40, 0x1f, 0xc6, 0xa0, 0x1a, 0x20, 0x1,
    0xfe, 0x80, 0xc, 0xae, 0x1, 0xff, 0x20, 0x6,
    0x90, 0xf, 0xf8, 0x80, 0x38, 0xc0, 0x3f, 0xe1,
    0x0, 0xff, 0xab, 0xbb, 0x29, 0x0, 0x72, 0x0,
    0x72, 0x88, 0xe6, 0x12, 0x0, 0xd4, 0xa0, 0x3,
    0xc0, 0xc, 0x26, 0x16, 0x1, 0x86, 0xbf, 0xd8,
    0x60, 0x1a, 0x40, 0xc, 0x60, 0x1f, 0xfc, 0x3,
    0x70, 0xb, 0x48, 0x3, 0xfc, 0x5a, 0x1, 0x87,
    0x5c, 0x40, 0x3e, 0x7d, 0x10, 0xf, 0x47, 0x5c,
    0x33, 0x1e, 0xbe, 0x0, 0x30,

    /* U+00C0 "À" */
    0x0, 0xfb, 0x3f, 0xda, 0x1, 0xff, 0xc8, 0xa0,
    0x1, 0x20, 0x7, 0xff, 0x1d, 0x84, 0x1, 0xe0,
    0x1f, 0xfc, 0x86, 0x0, 0x21, 0x0, 0x7f, 0xf1,
    0xe4, 0x2, 0xa0, 0xf, 0xfe, 0x38, 0xa8, 0x1,
    0x80, 0x3f, 0xf9, 0x1c, 0x0, 0x16, 0x0, 0xff,
    0xe3, 0xa7, 0xfc, 0xc0, 0x1f, 0xff, 0x68, 0xff,
    0xf8, 0x40, 0x3f, 0xf8, 0x6a, 0x1, 0xf3, 0x80,
    0x7f, 0xf0, 0x84, 0x80, 0x3e, 0xd0, 0xf, 0xfe,
    0x13, 0x80, 0x7e, 0x40, 0xf, 0xfe, 0x16, 0x80,
    0x7f, 0x28, 0x7, 0xff, 0x0, 0x50, 0x3, 0x40,
    0x6, 0xf0, 0xf, 0xfe, 0x2, 0x0, 0x63, 0x60,
    0xc, 0x80, 0x1f, 0xfc, 0xf, 0x0, 0xd6, 0x26,
    0x1, 0x9, 0x80, 0x7f, 0xc8, 0x1, 0x94, 0x2c,
    0x3, 0x58, 0x7, 0xf9, 0x4, 0x2, 0x22, 0x2,
    0x80, 0x65, 0x0, 0xff, 0x60, 0x6, 0x50, 0x1,
    0x8, 0x4, 0x44, 0x0, 0xfe, 0x50, 0xd, 0x60,
    0x13, 0x80, 0x65, 0x0, 0xfc, 0x44, 0x0, 0x84,
    0xc0, 0x2d, 0x0, 0xd6, 0x1, 0xf9, 0x40, 0x33,
    0x80, 0x64, 0x0, 0xc6, 0x20, 0x1f, 0x58, 0x6,
    0xd0, 0xe, 0x50, 0xc, 0x80, 0x1e, 0x13, 0x0,
    0xc8, 0x1, 0xde, 0x1, 0xbc, 0x3, 0xce, 0x1,
    0xdf, 0xfe, 0xa0, 0xc, 0xa0, 0x1e, 0xd0, 0xf,
    0xfe, 0x2a, 0x0, 0x72, 0x0, 0x7f, 0xf1, 0x74,
    0x3, 0x20, 0x7, 0xff, 0x19, 0xc0, 0x36, 0x80,
    0x63, 0x66, 0xfe, 0x10, 0x8, 0x4c, 0x2, 0x70,
    0xd, 0xd3, 0x3f, 0xcc, 0x1, 0xac, 0x0, 0x62,
    0x1, 0x11, 0x0, 0x3f, 0xac, 0x3, 0x20, 0x2,
    0xc0, 0x32, 0x80, 0x7f, 0x8c, 0x40, 0x23, 0x10,
    0x50, 0xd, 0x60, 0x1f, 0xf2, 0x0, 0x67, 0x22,
    0x0, 0x42, 0x60, 0x1f, 0xf7, 0x80, 0x6d,

    /* U+00C1 "Á" */
    0x0, 0xff, 0xe0, 0x9f, 0xfc, 0xc0, 0x1f, 0xfc,
    0x79, 0x0, 0xb, 0x0, 0x7f, 0xf1, 0x85, 0x40,
    0xc, 0x1, 0xff, 0xc7, 0x90, 0xa, 0x80, 0x3f,
    0xf8, 0xec, 0x0, 0x42, 0x0, 0xff, 0xe3, 0x28,
    0x80, 0x3c, 0x3, 0xff, 0x8f, 0x20, 0x2, 0x40,
    0xf, 0xfe, 0x3e, 0x7f, 0xb4, 0x3, 0xff, 0xeb,
    0x1f, 0xff, 0x8, 0x7, 0xff, 0xd, 0x40, 0x3e,
    0x70, 0xf, 0xfe, 0x10, 0x90, 0x7, 0xda, 0x1,
    0xff, 0xc2, 0x70, 0xf, 0xc8, 0x1, 0xff, 0xc2,
    0xd0, 0xf, 0xe5, 0x0, 0xff, 0xe0, 0xa, 0x0,
    0x67, 0x0, 0xde, 0x1, 0xff, 0xc0, 0x40, 0xc,
    0xb4, 0x1, 0x90, 0x3, 0xff, 0x81, 0xe0, 0x1b,
    0xc8, 0x80, 0x10, 0x98, 0x7, 0xfc, 0x80, 0x19,
    0x1, 0x0, 0x35, 0x80, 0x7f, 0x90, 0x40, 0x23,
    0x10, 0xd0, 0xc, 0xa0, 0x1f, 0xec, 0x0, 0xd6,
    0x0, 0x41, 0x0, 0x88, 0x80, 0x1f, 0xca, 0x1,
    0x94, 0x2, 0x40, 0xc, 0xa0, 0x1f, 0x88, 0x80,
    0x11, 0x10, 0x2, 0xf0, 0xd, 0x60, 0x1f, 0x94,
    0x3, 0x28, 0x6, 0x50, 0xc, 0x62, 0x1, 0xf5,
    0x80, 0x6b, 0x0, 0xe4, 0x0, 0xc8, 0x1, 0xe1,
    0x30, 0x8, 0x4c, 0x3, 0xb4, 0x3, 0x78, 0x7,
    0x9c, 0x3, 0xf, 0xff, 0xa4, 0x3, 0x28, 0x7,
    0xb4, 0x3, 0xff, 0x8a, 0x80, 0x1c, 0x80, 0x1f,
    0xfc, 0x5d, 0x0, 0xc8, 0x1, 0xff, 0xc6, 0x70,
    0xd, 0xa0, 0x19, 0x19, 0xbf, 0x84, 0x2, 0x13,
    0x0, 0x9c, 0x3, 0x4c, 0xff, 0x98, 0x3, 0x58,
    0x0, 0xc4, 0x2, 0x22, 0x0, 0x7f, 0x60, 0x6,
    0x40, 0x5, 0x80, 0x65, 0x0, 0xff, 0x20, 0x80,
    0x46, 0x20, 0xa0, 0x1a, 0xc0, 0x3f, 0xe4, 0x0,
    0xce, 0x44, 0x0, 0x84, 0xc0, 0x3f, 0xef, 0x0,
    0xda,

    /* U+00C2 "Â" */
    0x0, 0xff, 0x3c, 0x44, 0x60, 0x1f, 0xfc, 0x6a,
    0x87, 0x7b, 0x8, 0x3, 0xff, 0x89, 0xa, 0x1,
    0xd8, 0x20, 0x1f, 0xfc, 0x25, 0x70, 0x0, 0xb0,
    0x0, 0x74, 0x3, 0xff, 0x82, 0x94, 0x1, 0x6c,
    0xa0, 0x0, 0xec, 0x3, 0xfe, 0x2a, 0x0, 0xa8,
    0xc2, 0xc8, 0x0, 0x92, 0x1, 0xfe, 0x76, 0x77,
    0x4a, 0x80, 0x5e, 0xef, 0x8, 0x80, 0x3f, 0x96,
    0x22, 0x60, 0xc, 0x51, 0x18, 0x40, 0x3f, 0xfb,
    0x11, 0xff, 0xf0, 0x80, 0x7f, 0xf0, 0xd4, 0x3,
    0xe7, 0x0, 0xff, 0xe1, 0x9, 0x0, 0x7d, 0xa0,
    0x1f, 0xfc, 0x27, 0x0, 0xfc, 0x80, 0x1f, 0xfc,
    0x2d, 0x0, 0xfe, 0x50, 0xf, 0xfe, 0x0, 0xa0,
    0x6, 0x70, 0xd, 0xe0, 0x1f, 0xfc, 0x4, 0x0,
    0xcb, 0x40, 0x19, 0x0, 0x3f, 0xf8, 0x1e, 0x1,
    0xbc, 0x88, 0x1, 0x9, 0x80, 0x7f, 0xc8, 0x1,
    0x90, 0x10, 0x3, 0x58, 0x7, 0xf9, 0x4, 0x2,
    0x31, 0xd, 0x0, 0xca, 0x1, 0xfe, 0xc0, 0xd,
    0x60, 0x4, 0x10, 0x8, 0x88, 0x1, 0xfc, 0xa0,
    0x19, 0x40, 0x24, 0x0, 0xca, 0x1, 0xf8, 0x88,
    0x1, 0x11, 0x0, 0x2f, 0x0, 0xd6, 0x1, 0xf9,
    0x40, 0x32, 0x80, 0x65, 0x0, 0xc6, 0x20, 0x1f,
    0x58, 0x6, 0xb0, 0xe, 0x40, 0xc, 0x80, 0x1e,
    0x13, 0x0, 0x84, 0xc0, 0x3b, 0x40, 0x37, 0x80,
    0x79, 0xc0, 0x30, 0xff, 0xfa, 0x40, 0x32, 0x80,
    0x7b, 0x40, 0x3f, 0xf8, 0xa8, 0x1, 0xc8, 0x1,
    0xff, 0xc5, 0xd0, 0xc, 0x80, 0x1f, 0xfc, 0x67,
    0x0, 0xda, 0x1, 0x91, 0x9b, 0xf8, 0x40, 0x21,
    0x30, 0x9, 0xc0, 0x34, 0xcf, 0xf9, 0x80, 0x35,
    0x80, 0xc, 0x40, 0x22, 0x20, 0x7, 0xf6, 0x0,
    0x64, 0x0, 0x58, 0x6, 0x50, 0xf, 0xf2, 0x8,
    0x4, 0x62, 0xa, 0x1, 0xac, 0x3, 0xfe, 0x40,
    0xc, 0xe4, 0x40, 0x8, 0x4c, 0x3, 0xfe, 0xf0,
    0xd, 0xa0,

    /* U+00C3 "Ã" */
    0x0, 0xf0, 0xd7, 0xfa, 0xcc, 0x3, 0xff, 0x8d,
    0x4a, 0x0, 0x4c, 0x70, 0x2, 0x7f, 0xb0, 0x3,
    0xfc, 0x48, 0x1, 0xd1, 0x64, 0x60, 0x2, 0x0,
    0xff, 0x30, 0x4, 0x62, 0x0, 0x4d, 0x80, 0xf,
    0xfe, 0xb, 0x80, 0x7, 0x39, 0x80, 0x3c, 0x80,
    0x1f, 0xe2, 0x55, 0x38, 0x2, 0x68, 0x3, 0xa0,
    0x3, 0xfc, 0x35, 0x49, 0x0, 0x97, 0xa1, 0xa3,
    0x88, 0x3, 0xff, 0x8c, 0x2f, 0x2e, 0x20, 0x1f,
    0xff, 0x28, 0xff, 0xf8, 0x40, 0x3f, 0xf8, 0x6a,
    0x1, 0xf3, 0x80, 0x7f, 0xf0, 0x84, 0x80, 0x3e,
    0xd0, 0xf, 0xfe, 0x13, 0x80, 0x7e, 0x40, 0xf,
    0xfe, 0x16, 0x80, 0x7f, 0x28, 0x7, 0xff, 0x0,
    0x50, 0x3, 0x38, 0x6, 0xf0, 0xf, 0xfe, 0x2,
    0x0, 0x65, 0xa0, 0xc, 0x80, 0x1f, 0xfc, 0xf,
    0x0, 0xde, 0x44, 0x0, 0x84, 0xc0, 0x3f, 0xe4,
    0x0, 0xc8, 0x8, 0x1, 0xac, 0x3, 0xfc, 0x82,
    0x1, 0x18, 0x86, 0x80, 0x65, 0x0, 0xff, 0x60,
    0x6, 0xb0, 0x2, 0x8, 0x4, 0x44, 0x0, 0xfe,
    0x50, 0xc, 0xa0, 0x12, 0x0, 0x65, 0x0, 0xfc,
    0x44, 0x0, 0x88, 0x80, 0x17, 0x80, 0x6b, 0x0,
    0xfc, 0xa0, 0x19, 0x40, 0x32, 0x80, 0x63, 0x10,
    0xf, 0xac, 0x3, 0x58, 0x7, 0x20, 0x6, 0x40,
    0xf, 0x9, 0x80, 0x42, 0x60, 0x1d, 0xa0, 0x1b,
    0xc0, 0x3c, 0xe0, 0x18, 0x7f, 0xfd, 0x20, 0x19,
    0x40, 0x3d, 0xa0, 0x1f, 0xfc, 0x54, 0x0, 0xe4,
    0x0, 0xff, 0xe2, 0xe8, 0x6, 0x40, 0xf, 0xfe,
    0x33, 0x80, 0x6d, 0x0, 0xc8, 0xcd, 0xfc, 0x20,
    0x10, 0x98, 0x4, 0xe0, 0x1a, 0x67, 0xfc, 0xc0,
    0x1a, 0xc0, 0x6, 0x20, 0x11, 0x10, 0x3, 0xfb,
    0x0, 0x32, 0x0, 0x2c, 0x3, 0x28, 0x7, 0xf9,
    0x4, 0x2, 0x31, 0x5, 0x0, 0xd6, 0x1, 0xff,
    0x20, 0x6, 0x72, 0x20, 0x4, 0x26, 0x1, 0xff,
    0x78, 0x6, 0xd0,

    /* U+00C4 "Ä" */
    0x0, 0xf5, 0x7f, 0xd4, 0x1, 0x7f, 0xe4, 0x0,
    0xff, 0xff, 0x80, 0x7e, 0x9a, 0xaa, 0x40, 0x2a,
    0xac, 0xa0, 0x1f, 0xf1, 0xaa, 0xc6, 0x1, 0x2a,
    0xe1, 0x0, 0xff, 0xec, 0xc7, 0xff, 0xc2, 0x1,
    0xff, 0xc3, 0x50, 0xf, 0x9c, 0x3, 0xff, 0x84,
    0x24, 0x1, 0xf6, 0x80, 0x7f, 0xf0, 0x9c, 0x3,
    0xf2, 0x0, 0x7f, 0xf0, 0xb4, 0x3, 0xf9, 0x40,
    0x3f, 0xf8, 0x2, 0x80, 0x19, 0xc0, 0x37, 0x80,
    0x7f, 0xf0, 0x10, 0x3, 0x2d, 0x0, 0x64, 0x0,
    0xff, 0xe0, 0x78, 0x6, 0xf2, 0x20, 0x4, 0x26,
    0x1, 0xff, 0x20, 0x6, 0x40, 0x40, 0xd, 0x60,
    0x1f, 0xe4, 0x10, 0x8, 0xc4, 0x34, 0x3, 0x28,
    0x7, 0xfb, 0x0, 0x35, 0x80, 0x10, 0x40, 0x22,
    0x20, 0x7, 0xf2, 0x80, 0x65, 0x0, 0x90, 0x3,
    0x28, 0x7, 0xe2, 0x20, 0x4, 0x44, 0x0, 0xbc,
    0x3, 0x58, 0x7, 0xe5, 0x0, 0xca, 0x1, 0x94,
    0x3, 0x18, 0x80, 0x7d, 0x60, 0x1a, 0xc0, 0x39,
    0x0, 0x32, 0x0, 0x78, 0x4c, 0x2, 0x13, 0x0,
    0xed, 0x0, 0xde, 0x1, 0xe7, 0x0, 0xc3, 0xff,
    0xe9, 0x0, 0xca, 0x1, 0xed, 0x0, 0xff, 0xe2,
    0xa0, 0x7, 0x20, 0x7, 0xff, 0x17, 0x40, 0x32,
    0x0, 0x7f, 0xf1, 0x9c, 0x3, 0x68, 0x6, 0x46,
    0x6f, 0xe1, 0x0, 0x84, 0xc0, 0x27, 0x0, 0xd3,
    0x3f, 0xe6, 0x0, 0xd6, 0x0, 0x31, 0x0, 0x88,
    0x80, 0x1f, 0xd8, 0x1, 0x90, 0x1, 0x60, 0x19,
    0x40, 0x3f, 0xc8, 0x20, 0x11, 0x88, 0x28, 0x6,
    0xb0, 0xf, 0xf9, 0x0, 0x33, 0x91, 0x0, 0x21,
    0x30, 0xf, 0xfb, 0xc0, 0x36, 0x80,

    /* U+00C5 "Å" */
    0x0, 0xfe, 0x18, 0xce, 0xb5, 0x0, 0xff, 0xe2,
    0x97, 0xb9, 0x8a, 0x55, 0x0, 0x3f, 0xf8, 0x9e,
    0x20, 0x1c, 0xae, 0x1, 0xff, 0xc2, 0x42, 0x1,
    0xcf, 0x80, 0x4, 0x80, 0x7f, 0xf0, 0xb0, 0x1,
    0x6, 0xe, 0x60, 0x24, 0x1, 0xff, 0xd9, 0xd0,
    0x5, 0x88, 0x29, 0x80, 0x90, 0x7, 0xff, 0x5,
    0x48, 0xb, 0xb9, 0x40, 0x6, 0x0, 0xff, 0xe1,
    0xf0, 0x4, 0x20, 0x4, 0x80, 0xf, 0xfe, 0x19,
    0xea, 0x88, 0x14, 0x58, 0x7, 0xff, 0x14, 0xab,
    0xbf, 0x5c, 0x3, 0xff, 0xbb, 0x1f, 0xff, 0x8,
    0x7, 0xff, 0xd, 0x40, 0x3e, 0x70, 0xf, 0xfe,
    0x10, 0x90, 0x7, 0xda, 0x1, 0xff, 0xc2, 0x70,
    0xf, 0xc8, 0x1, 0xff, 0xc2, 0xd0, 0xf, 0xe5,
    0x0, 0xff, 0xe0, 0xa, 0x0, 0x67, 0x0, 0xde,
    0x1, 0xff, 0xc0, 0x40, 0xc, 0xb4, 0x1, 0x90,
    0x3, 0xff, 0x81, 0xe0, 0x1b, 0xc8, 0x80, 0x10,
    0x98, 0x7, 0xfc, 0x80, 0x19, 0x1, 0x0, 0x35,
    0x80, 0x7f, 0x90, 0x40, 0x23, 0x10, 0xd0, 0xc,
    0xa0, 0x1f, 0xec, 0x0, 0xd6, 0x0, 0x41, 0x0,
    0x88, 0x80, 0x1f, 0xca, 0x1, 0x94, 0x2, 0x40,
    0xc, 0xa0, 0x1f, 0x88, 0x80, 0x11, 0x10, 0x2,
    0xf0, 0xd, 0x60, 0x1f, 0x94, 0x3, 0x28, 0x6,
    0x50, 0xc, 0x62, 0x1, 0xf5, 0x80, 0x6b, 0x0,
    0xe4, 0x0, 0xc8, 0x1, 0xe1, 0x30, 0x8, 0x4c,
    0x3, 0xb4, 0x3, 0x78, 0x7, 0x9c, 0x3, 0xf,
    0xff, 0xa4, 0x3, 0x28, 0x7, 0xb4, 0x3, 0xff,
    0x8a, 0x80, 0x1c, 0x80, 0x1f, 0xfc, 0x5d, 0x0,
    0xc8, 0x1, 0xff, 0xc6, 0x70, 0xd, 0xa0, 0x19,
    0x19, 0xbf, 0x84, 0x2, 0x13, 0x0, 0x9c, 0x3,
    0x4c, 0xff, 0x98, 0x3, 0x58, 0x0, 0xc4, 0x2,
    0x22, 0x0, 0x7f, 0x60, 0x6, 0x40, 0x5, 0x80,
    0x65, 0x0, 0xff, 0x20, 0x80, 0x46, 0x20, 0xa0,
    0x1a, 0xc0, 0x3f, 0xe4, 0x0, 0xce, 0x44, 0x0,
    0x84, 0xc0, 0x3f, 0xef, 0x0, 0xda,

    /* U+00C6 "Æ" */
    0x0, 0xfd, 0x1f, 0xff, 0xfc, 0xb3, 0x0, 0xfc,
    0xa0, 0x1f, 0xfd, 0x31, 0x20, 0xf, 0xfe, 0x9b,
    0x80, 0x7f, 0xf5, 0x34, 0x3, 0x2b, 0x30, 0x40,
    0x32, 0xb3, 0x7f, 0xc2, 0x1, 0xe1, 0x40, 0xd,
    0x53, 0x25, 0x0, 0xd3, 0x3f, 0xfc, 0x2, 0x0,
    0xf2, 0x0, 0x65, 0x0, 0xff, 0xe7, 0xf8, 0x6,
    0xf0, 0xf, 0xfe, 0x7a, 0x0, 0x64, 0x0, 0xff,
    0xe7, 0x20, 0x80, 0x46, 0x20, 0x1f, 0xfc, 0xec,
    0x0, 0xd6, 0x1, 0xfd, 0x9f, 0xff, 0xc2, 0x1,
    0xf2, 0x80, 0x65, 0x0, 0xff, 0xe7, 0x11, 0x0,
    0x22, 0x20, 0x7, 0xff, 0x39, 0x40, 0x32, 0x80,
    0x7f, 0xf3, 0xec, 0x3, 0x58, 0x7, 0xf9, 0x59,
    0xbf, 0x84, 0x3, 0x84, 0xc0, 0x21, 0x30, 0xf,
    0xf4, 0xcf, 0xf8, 0x3, 0xce, 0x1, 0x87, 0xff,
    0xc8, 0x1, 0xff, 0xc8, 0xd0, 0xf, 0xfe, 0xa2,
    0x0, 0x7f, 0xf4, 0xd0, 0x3, 0xff, 0xa9, 0xa0,
    0x19, 0x19, 0xbe, 0x10, 0xf, 0xfe, 0x3b, 0x80,
    0x69, 0x9f, 0xca, 0x1, 0xa6, 0x7f, 0xf8, 0x4,
    0x6, 0x20, 0x11, 0x10, 0x3, 0xff, 0x80, 0xac,
    0xdf, 0xf0, 0x85, 0x80, 0x65, 0x0, 0xff, 0xe7,
    0xa8, 0x6, 0xb0, 0xf, 0xfe, 0x71, 0x10, 0x2,
    0x13, 0x0, 0xff, 0xe7, 0x0,

    /* U+00C7 "Ç" */
    0x0, 0xfe, 0x25, 0x77, 0x98, 0xc0, 0x3f, 0xf8,
    0x65, 0x3d, 0xb5, 0x11, 0x4e, 0x7d, 0x20, 0x7,
    0xfd, 0x1a, 0xc2, 0x1, 0xf9, 0x6e, 0xc2, 0x1,
    0xfa, 0xdc, 0x3, 0xff, 0x82, 0x9e, 0x60, 0x1e,
    0xc4, 0x0, 0xff, 0xe1, 0x8e, 0x90, 0x6, 0x83,
    0x0, 0xe4, 0xad, 0xed, 0xb6, 0x0, 0xe1, 0xf0,
    0x8, 0x9c, 0x3, 0xd, 0xd9, 0x48, 0x49, 0x27,
    0x8c, 0x3, 0x13, 0x80, 0x20, 0x3, 0xb5, 0x0,
    0x3e, 0x1c, 0x30, 0xd, 0x20, 0x2a, 0x1, 0xa0,
    0xc0, 0x3f, 0xde, 0x1, 0x84, 0xd0, 0x3, 0x9c,
    0x3, 0xfe, 0x34, 0x37, 0xcf, 0x3c, 0x0, 0xca,
    0x1, 0xff, 0xc1, 0xbc, 0x83, 0x0, 0x28, 0x6,
    0xd0, 0xf, 0xfe, 0x38, 0x80, 0x62, 0x0, 0xff,
    0xe3, 0x98, 0x6, 0x10, 0xf, 0xff, 0x1, 0x80,
    0x61, 0x0, 0xff, 0xe3, 0x88, 0x6, 0x20, 0xf,
    0xfe, 0x3a, 0x80, 0x6d, 0x0, 0xff, 0xe3, 0xe0,
    0x6, 0x50, 0xf, 0xfe, 0xd, 0xec, 0x20, 0x1,
    0x0, 0x39, 0xc0, 0x3f, 0xe3, 0x42, 0x7b, 0xf3,
    0x15, 0x0, 0xd0, 0x60, 0x1f, 0xee, 0x0, 0xc2,
    0x61, 0x0, 0x1d, 0xa8, 0x1, 0xf0, 0xe1, 0x0,
    0x69, 0x0, 0x13, 0x80, 0x61, 0xbb, 0x31, 0x91,
    0x12, 0x78, 0xc0, 0x31, 0x38, 0x5, 0x6, 0x1,
    0xc9, 0x39, 0xba, 0xb6, 0x0, 0xe1, 0xf0, 0xe,
    0xc4, 0x0, 0xff, 0xe1, 0x8e, 0x10, 0x7, 0xad,
    0xc0, 0x3f, 0xf8, 0x29, 0xe4, 0x1, 0xfa, 0x35,
    0x84, 0x3, 0xf2, 0xdd, 0x84, 0x3, 0xfc, 0x53,
    0xdb, 0x44, 0x0, 0x8c, 0xfa, 0x40, 0xf, 0xfe,
    0x19, 0x29, 0x0, 0xc, 0xc0, 0x1f, 0xfc, 0x75,
    0x0, 0xad, 0x40, 0x3f, 0xf8, 0xee, 0xe0, 0xa,
    0x0, 0x3f, 0xf8, 0xe5, 0x14, 0x0, 0x21, 0x0,
    0xff, 0xe3, 0x1a, 0xe0, 0x4, 0x20, 0x1f, 0xfc,
    0x69, 0xa6, 0x0, 0x18, 0x7, 0xff, 0x18, 0x54,
    0x3, 0x78, 0x7, 0xff, 0x1d, 0x44, 0xf, 0xc,
    0x3, 0xf8,

    /* U+00C8 "È" */
    0x0, 0xc9, 0xff, 0x28, 0x7, 0xff, 0x5, 0x8,
    0x1, 0x20, 0x1f, 0xfc, 0x2a, 0x0, 0x19, 0x0,
    0x7f, 0xf0, 0x58, 0x2, 0xb0, 0xf, 0xfe, 0x8,
    0xb0, 0x1, 0x84, 0x3, 0xff, 0x83, 0x60, 0x13,
    0x0, 0x7f, 0xf0, 0x48, 0xc0, 0x14, 0x1, 0xff,
    0xc2, 0xcf, 0xf6, 0x80, 0x7f, 0xf7, 0xdf, 0xff,
    0xff, 0x88, 0xe0, 0x1f, 0xfe, 0xf3, 0x66, 0xff,
    0x8c, 0x3, 0xaa, 0x67, 0xfe, 0x40, 0xf, 0xff,
    0xf8, 0x2, 0x7f, 0xff, 0x90, 0x3, 0xff, 0xe2,
    0x6c, 0xdf, 0xe0, 0xf, 0xaa, 0x67, 0xf8, 0x80,
    0x3f, 0xff, 0xe0, 0x1f, 0xfc, 0xaa, 0x99, 0xff,
    0x90, 0x3, 0x8d, 0x9b, 0xfe, 0x30, 0xf, 0xff,
    0x50,

    /* U+00C9 "É" */
    0x0, 0xff, 0x47, 0xfc, 0x20, 0x1f, 0xfc, 0x17,
    0x0, 0x28, 0x80, 0x7f, 0xf0, 0x18, 0x2, 0x90,
    0xf, 0xfe, 0xd, 0x80, 0xc, 0xc0, 0x1f, 0xfc,
    0x4, 0x20, 0x5, 0x0, 0x7f, 0xf0, 0x78, 0x0,
    0x2c, 0x1, 0xff, 0xc0, 0x15, 0x0, 0x30, 0x7,
    0xff, 0x4, 0x7f, 0xe8, 0x0, 0xff, 0xef, 0x3f,
    0xff, 0xff, 0x11, 0xc0, 0x3f, 0xfd, 0xe6, 0xcd,
    0xff, 0x18, 0x7, 0x54, 0xcf, 0xfc, 0x80, 0x1f,
    0xff, 0xf0, 0x4, 0xff, 0xff, 0x20, 0x7, 0xff,
    0xc4, 0xd9, 0xbf, 0xc0, 0x1f, 0x54, 0xcf, 0xf1,
    0x0, 0x7f, 0xff, 0xc0, 0x3f, 0xf9, 0x55, 0x33,
    0xff, 0x20, 0x7, 0x1b, 0x37, 0xfc, 0x60, 0x1f,
    0xfe, 0xa0,

    /* U+00CA "Ê" */
    0x0, 0xf2, 0x44, 0x4e, 0x1, 0xff, 0xc0, 0x3b,
    0x77, 0xa2, 0x40, 0x3f, 0xc3, 0xa0, 0x1c, 0xce,
    0x1, 0xfd, 0x82, 0x0, 0x61, 0x0, 0x42, 0x80,
    0x7d, 0x64, 0x0, 0x59, 0xd0, 0xa, 0x8c, 0x3,
    0xa5, 0x0, 0x5, 0x40, 0x72, 0x1, 0x69, 0x0,
    0x44, 0x2e, 0xf6, 0x0, 0x4d, 0x2e, 0xe6, 0x70,
    0x8, 0xa2, 0x30, 0x80, 0x66, 0x88, 0x94, 0x3,
    0xff, 0x90, 0xff, 0xff, 0xfc, 0x47, 0x0, 0xff,
    0xf7, 0x9b, 0x37, 0xfc, 0x60, 0x1d, 0x53, 0x3f,
    0xf2, 0x0, 0x7f, 0xff, 0xc0, 0x13, 0xff, 0xfc,
    0x80, 0x1f, 0xff, 0x13, 0x66, 0xff, 0x0, 0x7d,
    0x53, 0x3f, 0xc4, 0x1, 0xff, 0xff, 0x0, 0xff,
    0xe5, 0x54, 0xcf, 0xfc, 0x80, 0x1c, 0x6c, 0xdf,
    0xf1, 0x80, 0x7f, 0xfa, 0x80,

    /* U+00CB "Ë" */
    0x0, 0xbf, 0xf2, 0x0, 0x1b, 0xfe, 0xe0, 0xf,
    0xff, 0x85, 0x56, 0x50, 0x2, 0x55, 0x60, 0xf,
    0x2a, 0xe1, 0x0, 0x12, 0xac, 0x80, 0x1f, 0xfc,
    0x97, 0xff, 0xff, 0xe2, 0x38, 0x7, 0xff, 0xbc,
    0xd9, 0xbf, 0xe3, 0x0, 0xea, 0x99, 0xff, 0x90,
    0x3, 0xff, 0xfe, 0x0, 0x9f, 0xff, 0xe4, 0x0,
    0xff, 0xf8, 0x9b, 0x37, 0xf8, 0x3, 0xea, 0x99,
    0xfe, 0x20, 0xf, 0xff, 0xf8, 0x7, 0xff, 0x2a,
    0xa6, 0x7f, 0xe4, 0x0, 0xe3, 0x66, 0xff, 0x8c,
    0x3, 0xff, 0xd4,

    /* U+00CC "Ì" */
    0x5f, 0xf9, 0x0, 0x25, 0x10, 0x7, 0x80, 0x69,
    0x0, 0x21, 0x0, 0x4c, 0x1, 0x58, 0x4, 0x2a,
    0x0, 0x60, 0xd, 0x20, 0x13, 0x0, 0x46, 0x60,
    0x5, 0x80, 0x6c, 0xff, 0x68, 0x7, 0xff, 0x1c,
    0xbf, 0xf6, 0x0, 0x7f, 0xff, 0xc0, 0x3f, 0xff,
    0xe0, 0x1f, 0xfe, 0x60,

    /* U+00CD "Í" */
    0x0, 0xd5, 0xff, 0x0, 0x61, 0x50, 0x3, 0x0,
    0x69, 0x0, 0xac, 0x3, 0x30, 0x1, 0x8, 0x2,
    0x51, 0x0, 0x78, 0x6, 0x90, 0x1, 0x20, 0x4,
    0x66, 0x0, 0x50, 0x6, 0x3f, 0xf9, 0xc0, 0x3f,
    0xf9, 0x25, 0xff, 0xb0, 0x3, 0xff, 0xfe, 0x1,
    0xff, 0xff, 0x0, 0xff, 0xff, 0x80, 0x40,

    /* U+00CE "Î" */
    0x0, 0xe7, 0x88, 0x8c, 0x3, 0xfa, 0xa1, 0xde,
    0xc2, 0x0, 0xf9, 0xd4, 0x3, 0xb0, 0x40, 0x39,
    0x60, 0x0, 0x2c, 0x0, 0x1d, 0x0, 0xc7, 0x40,
    0x16, 0xca, 0x0, 0xe, 0xc0, 0x5, 0xa0, 0x14,
    0x98, 0x59, 0x0, 0x12, 0x41, 0xd9, 0xdd, 0x2c,
    0x1, 0x7b, 0xbc, 0x22, 0x58, 0x89, 0x80, 0x31,
    0x44, 0x61, 0x0, 0xff, 0xe3, 0x97, 0xfe, 0xc0,
    0xf, 0xff, 0xf8, 0x7, 0xff, 0xfc, 0x3, 0xff,
    0xfe, 0x1, 0xff, 0xff, 0x0, 0xff, 0xff, 0x80,
    0x70,

    /* U+00CF "Ï" */
    0xaf, 0xfa, 0x80, 0x2f, 0xfc, 0x80, 0x1f, 0xfd,
    0xb9, 0xaa, 0xa4, 0x2, 0xaa, 0xca, 0x6a, 0xb1,
    0x80, 0x4a, 0xb8, 0x40, 0x3f, 0xf8, 0x85, 0xff,
    0xb0, 0x3, 0xff, 0xfe, 0x1, 0xff, 0xff, 0x0,
    0xff, 0xff, 0x80, 0x7f, 0xff, 0xc0, 0x3f, 0xfa,
    0x20,

    /* U+00D0 "Ð" */
    0x0, 0x2f, 0xff, 0xfd, 0xb4, 0xa0, 0x1f, 0xfc,
    0x92, 0x5a, 0xe6, 0x0, 0xff, 0xe5, 0xc, 0xd0,
    0x7, 0xff, 0x2d, 0x68, 0x3, 0xfc, 0x4c, 0xdc,
    0x82, 0x1, 0xca, 0xe0, 0x1f, 0xcf, 0x33, 0xd7,
    0xd2, 0x1, 0xd0, 0x40, 0x1f, 0xfc, 0x46, 0xb0,
    0xe, 0xb0, 0xf, 0xfe, 0x2a, 0x30, 0x6, 0x60,
    0xf, 0xfe, 0x34, 0x0, 0x72, 0x0, 0x7f, 0xf1,
    0x44, 0xc0, 0x36, 0x0, 0x7f, 0xf1, 0x90, 0x3,
    0x1c, 0x64, 0x0, 0x64, 0xcc, 0xd2, 0x1, 0xda,
    0x1, 0x98, 0x8c, 0x80, 0x30, 0x99, 0xe5, 0x0,
    0xe1, 0x0, 0xc6, 0x1, 0xff, 0xde, 0x20, 0xc,
    0x75, 0xf4, 0x1, 0x97, 0xff, 0x60, 0x7, 0x70,
    0x6, 0x60, 0xf, 0xfe, 0x32, 0x0, 0x63, 0x0,
    0xff, 0xe2, 0x89, 0x80, 0x6c, 0x0, 0xff, 0xe2,
    0xc0, 0x7, 0x20, 0x7, 0xff, 0x11, 0x18, 0x3,
    0x30, 0x7, 0xff, 0x11, 0xac, 0x3, 0xac, 0x3,
    0xf3, 0xcc, 0xf5, 0xf4, 0x80, 0x74, 0x10, 0x7,
    0xe2, 0x66, 0xe4, 0x10, 0xe, 0x57, 0x0, 0xff,
    0xe4, 0xad, 0x0, 0x7f, 0xf2, 0x6, 0x68, 0x3,
    0xff, 0x8c, 0x4b, 0x5c, 0xc0, 0x1c,

    /* U+00D1 "Ñ" */
    0x0, 0xf4, 0xf7, 0xeb, 0x0, 0x43, 0x54, 0x90,
    0xf, 0xe8, 0x61, 0x2, 0x9c, 0x20, 0x15, 0x53,
    0x8, 0x7, 0xe7, 0x0, 0xe3, 0xd9, 0xa0, 0xf,
    0xf8, 0x40, 0x26, 0x60, 0x4, 0xca, 0x1, 0x8,
    0x7, 0xc2, 0x1, 0x44, 0xe9, 0x80, 0x73, 0x80,
    0x7f, 0x33, 0x42, 0x5, 0x92, 0x40, 0x2f, 0x0,
    0x1f, 0xd3, 0x30, 0x6, 0x6d, 0xfe, 0x80, 0xf,
    0xff, 0x2b, 0xff, 0xec, 0x0, 0xff, 0x27, 0xfe,
    0xb0, 0xe, 0x37, 0x0, 0xff, 0xe4, 0xc1, 0x0,
    0x7f, 0xf2, 0x78, 0x3, 0xff, 0x92, 0x6c, 0x1,
    0xff, 0xc9, 0x91, 0x0, 0xff, 0xe4, 0xd0, 0x7,
    0xff, 0x25, 0x14, 0x3, 0xff, 0x93, 0x62, 0x1,
    0xff, 0xc3, 0x71, 0x0, 0x86, 0xc0, 0x3f, 0xf8,
    0x7f, 0x60, 0x19, 0x54, 0x1, 0xff, 0xc3, 0x55,
    0x0, 0x6b, 0x10, 0xf, 0xfe, 0x1d, 0x88, 0x4,
    0x30, 0x1, 0xff, 0xc3, 0x18, 0x0, 0xcc, 0x80,
    0x1f, 0xfc, 0x36, 0x40, 0xd, 0x20, 0x1f, 0xfc,
    0x49, 0x0, 0xc5, 0x20, 0x1f, 0xfc, 0x32, 0x90,
    0xc, 0xc6, 0x1, 0xff, 0xc3, 0x63, 0x0, 0xd0,
    0x1, 0xff, 0xc4, 0xe0, 0xf, 0xfe, 0x49, 0x40,
    0x7, 0xff, 0x25, 0xcc, 0x3, 0xff, 0x93, 0xe0,
    0x1f, 0xfc, 0x93, 0x70, 0xf, 0xfe, 0x4c, 0x10,
    0x7, 0xff, 0x27, 0x80, 0x3f, 0xf9, 0x26, 0xc0,
    0x1c,

    /* U+00D2 "Ò" */
    0x0, 0xf9, 0xff, 0xe2, 0x0, 0xff, 0xe4, 0xb0,
    0x5, 0x60, 0x1f, 0xfc, 0x91, 0x60, 0x3, 0x8,
    0x7, 0xff, 0x26, 0xc0, 0x26, 0x0, 0xff, 0xe4,
    0x91, 0x80, 0x28, 0x3, 0xff, 0x95, 0x20, 0x2,
    0x40, 0xf, 0xfe, 0x4a, 0x88, 0x3, 0xc0, 0x3f,
    0xf9, 0x5d, 0xfe, 0xb0, 0xf, 0xff, 0x19, 0x2b,
    0xbc, 0xc6, 0x1, 0xff, 0xc4, 0x29, 0xed, 0xa8,
    0x8a, 0x73, 0xe9, 0x0, 0x3f, 0xf8, 0x11, 0xac,
    0x20, 0x1f, 0x96, 0xec, 0x20, 0x1f, 0xd6, 0xe0,
    0x1f, 0xfc, 0x14, 0xf3, 0x0, 0xfb, 0x10, 0x3,
    0xff, 0x86, 0x3a, 0x40, 0x1d, 0x6, 0x1, 0xc9,
    0x5b, 0xdb, 0x6c, 0x1, 0xc3, 0xe0, 0x18, 0x9c,
    0x3, 0xd, 0xd9, 0x48, 0x49, 0x27, 0x8c, 0x3,
    0x13, 0x80, 0x50, 0x1, 0xda, 0x80, 0x1f, 0xe,
    0x10, 0x6, 0x90, 0x0, 0xa8, 0x6, 0x83, 0x0,
    0xff, 0x70, 0x6, 0x15, 0x4, 0x0, 0xe6, 0x0,
    0xff, 0x8d, 0x0, 0x37, 0x86, 0x0, 0x64, 0x10,
    0xf, 0xfe, 0x6, 0x80, 0x64, 0x5, 0x0, 0xd8,
    0x1, 0xff, 0xc1, 0x40, 0xc, 0x20, 0x20, 0x18,
    0x80, 0x3f, 0xf8, 0x24, 0x1, 0xc4, 0x60, 0x18,
    0x40, 0x3f, 0xf8, 0xe2, 0x1, 0xff, 0xce, 0x30,
    0xc, 0x20, 0x1f, 0xfc, 0x71, 0x10, 0x6, 0x20,
    0xf, 0xfe, 0x9, 0x80, 0x71, 0x28, 0x6, 0xc0,
    0xf, 0xfe, 0xa, 0x80, 0x61, 0xc, 0x0, 0xc8,
    0x1, 0xff, 0xc1, 0xd0, 0xc, 0x80, 0x80, 0x1c,
    0xe0, 0x1f, 0xf1, 0xa0, 0x6, 0xf0, 0x15, 0x0,
    0xd0, 0x60, 0x1f, 0xee, 0x0, 0xc2, 0xa0, 0x8,
    0x0, 0xed, 0x40, 0xf, 0x8b, 0x8, 0x3, 0x48,
    0x4, 0x4e, 0x1, 0x86, 0xec, 0xc6, 0x44, 0x59,
    0xd3, 0x0, 0xc4, 0xe0, 0x1a, 0xc, 0x3, 0x92,
    0x73, 0x75, 0x4c, 0x1, 0xc3, 0xe0, 0x1e, 0xc4,
    0x0, 0xff, 0xe1, 0x8e, 0x90, 0x7, 0xd6, 0xe0,
    0x1f, 0xfc, 0x14, 0xf3, 0x0, 0xfe, 0x8d, 0x61,
    0x0, 0xfc, 0x97, 0x61, 0x0, 0xff, 0x8a, 0x7b,
    0x6a, 0x22, 0x9c, 0xfb, 0x40, 0xf, 0x80,

    /* U+00D3 "Ó" */
    0x0, 0xff, 0xe0, 0xa7, 0xfc, 0xc0, 0x1f, 0xfc,
    0x9e, 0x0, 0xb, 0x0, 0x7f, 0xf2, 0x5, 0x40,
    0xc, 0x1, 0xff, 0xc9, 0x90, 0xa, 0x40, 0x3f,
    0xf9, 0x2c, 0x0, 0x51, 0x0, 0xff, 0xe4, 0x30,
    0x80, 0x38, 0x3, 0xff, 0x93, 0x40, 0x2, 0x40,
    0xf, 0xfe, 0x4e, 0x7f, 0xb4, 0x3, 0xff, 0xc4,
    0x4a, 0xef, 0x31, 0x80, 0x7f, 0xf1, 0xa, 0x7b,
    0x6a, 0x22, 0x9c, 0xfa, 0x40, 0xf, 0xfe, 0x4,
    0x6b, 0x8, 0x7, 0xe5, 0xbb, 0x8, 0x7, 0xf5,
    0xb8, 0x7, 0xff, 0x5, 0x3c, 0xc0, 0x3e, 0xc4,
    0x0, 0xff, 0xe1, 0x8e, 0x90, 0x7, 0x41, 0x80,
    0x72, 0x56, 0xf6, 0xdb, 0x0, 0x70, 0xf8, 0x6,
    0x27, 0x0, 0xc3, 0x76, 0x52, 0x12, 0x49, 0xe3,
    0x0, 0xc4, 0xe0, 0x14, 0x0, 0x76, 0xa0, 0x7,
    0xc3, 0x84, 0x1, 0xa4, 0x0, 0x2a, 0x1, 0xa0,
    0xc0, 0x3f, 0xdc, 0x1, 0x85, 0x41, 0x0, 0x39,
    0x80, 0x3f, 0xe3, 0x40, 0xd, 0xe1, 0x80, 0x19,
    0x4, 0x3, 0xff, 0x81, 0xa0, 0x19, 0x1, 0x40,
    0x36, 0x0, 0x7f, 0xf0, 0x50, 0x3, 0x8, 0x8,
    0x6, 0x20, 0xf, 0xfe, 0x9, 0x0, 0x71, 0x18,
    0x6, 0x10, 0xf, 0xfe, 0x38, 0x80, 0x7f, 0xf3,
    0x8c, 0x3, 0x8, 0x7, 0xff, 0x1c, 0x44, 0x1,
    0x88, 0x3, 0xff, 0x82, 0x60, 0x1c, 0x4a, 0x1,
    0xb0, 0x3, 0xff, 0x82, 0xa0, 0x18, 0x43, 0x0,
    0x32, 0x0, 0x7f, 0xf0, 0x74, 0x3, 0x20, 0x20,
    0x7, 0x38, 0x7, 0xfc, 0x68, 0x1, 0xbc, 0x5,
    0x40, 0x34, 0x18, 0x7, 0xfb, 0x80, 0x30, 0xa8,
    0x2, 0x0, 0x3b, 0x50, 0x3, 0xe2, 0xc2, 0x0,
    0xd2, 0x1, 0x13, 0x80, 0x61, 0xbb, 0x31, 0x91,
    0x16, 0x74, 0xc0, 0x31, 0x38, 0x6, 0x83, 0x0,
    0xe4, 0x9c, 0xdd, 0x53, 0x0, 0x70, 0xf8, 0x7,
    0xb1, 0x0, 0x3f, 0xf8, 0x63, 0xa4, 0x1, 0xf5,
    0xb8, 0x7, 0xff, 0x5, 0x3c, 0xc0, 0x3f, 0xa3,
    0x58, 0x40, 0x3f, 0x25, 0xd8, 0x40, 0x3f, 0xe2,
    0x9e, 0xda, 0x88, 0xa7, 0x3e, 0xd0, 0x3, 0xe0,

    /* U+00D4 "Ô" */
    0x0, 0xff, 0x2c, 0x44, 0xc0, 0x1f, 0xfc, 0x84,
    0xa7, 0x7a, 0x5c, 0x3, 0xff, 0x8c, 0x76, 0x1,
    0xd0, 0xa0, 0x1f, 0xfc, 0x42, 0xd0, 0x9, 0xc0,
    0x2a, 0x30, 0xf, 0xfe, 0x10, 0xf8, 0x80, 0x1e,
    0x24, 0x2, 0xd2, 0x0, 0xff, 0xe0, 0xd1, 0x0,
    0x12, 0x1, 0x9c, 0x0, 0x3e, 0x20, 0x1f, 0xf1,
    0x99, 0xdd, 0x16, 0x1, 0x44, 0x1d, 0xca, 0xa0,
    0xf, 0xf8, 0xe2, 0x27, 0x0, 0xe7, 0x88, 0x90,
    0x3, 0xff, 0x86, 0x4a, 0xef, 0x31, 0x80, 0x7f,
    0xf1, 0xa, 0x7b, 0x6a, 0x22, 0x9c, 0xfa, 0x40,
    0xf, 0xfe, 0x4, 0x6b, 0x8, 0x7, 0xe5, 0xbb,
    0x8, 0x7, 0xf5, 0xb8, 0x7, 0xff, 0x5, 0x3c,
    0xc0, 0x3e, 0xc4, 0x0, 0xff, 0xe1, 0x8e, 0x90,
    0x7, 0x41, 0x80, 0x72, 0x56, 0xf6, 0xdb, 0x0,
    0x70, 0xf8, 0x6, 0x27, 0x0, 0xc3, 0x76, 0x52,
    0x12, 0x49, 0xe3, 0x0, 0xc4, 0xe0, 0x14, 0x0,
    0x76, 0xa0, 0x7, 0xc3, 0x84, 0x1, 0xa4, 0x0,
    0x2a, 0x1, 0xa0, 0xc0, 0x3f, 0xdc, 0x1, 0x85,
    0x41, 0x0, 0x39, 0x80, 0x3f, 0xe3, 0x40, 0xd,
    0xe1, 0x80, 0x19, 0x4, 0x3, 0xff, 0x81, 0xa0,
    0x19, 0x1, 0x40, 0x36, 0x0, 0x7f, 0xf0, 0x50,
    0x3, 0x8, 0x8, 0x6, 0x20, 0xf, 0xfe, 0x9,
    0x0, 0x71, 0x18, 0x6, 0x10, 0xf, 0xfe, 0x38,
    0x80, 0x7f, 0xf3, 0x8c, 0x3, 0x8, 0x7, 0xff,
    0x1c, 0x44, 0x1, 0x88, 0x3, 0xff, 0x82, 0x60,
    0x1c, 0x4a, 0x1, 0xb0, 0x3, 0xff, 0x82, 0xa0,
    0x18, 0x43, 0x0, 0x32, 0x0, 0x7f, 0xf0, 0x74,
    0x3, 0x20, 0x20, 0x7, 0x38, 0x7, 0xfc, 0x68,
    0x1, 0xbc, 0x5, 0x40, 0x34, 0x18, 0x7, 0xfb,
    0x80, 0x30, 0xa8, 0x2, 0x0, 0x3b, 0x50, 0x3,
    0xe2, 0xc2, 0x0, 0xd2, 0x1, 0x13, 0x80, 0x61,
    0xbb, 0x31, 0x91, 0x16, 0x74, 0xc0, 0x31, 0x38,
    0x6, 0x83, 0x0, 0xe4, 0x9c, 0xdd, 0x53, 0x0,
    0x70, 0xf8, 0x7, 0xb1, 0x0, 0x3f, 0xf8, 0x63,
    0xa4, 0x1, 0xf5, 0xb8, 0x7, 0xff, 0x5, 0x3c,
    0xc0, 0x3f, 0xa3, 0x58, 0x40, 0x3f, 0x25, 0xd8,
    0x40, 0x3f, 0xe2, 0x9e, 0xda, 0x88, 0xa7, 0x3e,
    0xd0, 0x3, 0xe0,

    /* U+00D5 "Õ" */
    0x0, 0xf9, 0x77, 0xfa, 0x44, 0x2, 0x7a, 0xa1,
    0x80, 0x7f, 0xf0, 0xe, 0x88, 0x5, 0xbd, 0x80,
    0x18, 0xab, 0x0, 0x7f, 0xf0, 0x28, 0x3, 0x86,
    0x71, 0xd0, 0x0, 0x20, 0x1f, 0xfc, 0x2, 0x0,
    0x14, 0x10, 0x0, 0xe0, 0x2, 0x20, 0xf, 0xfe,
    0x1d, 0xbe, 0xb8, 0x7, 0xa, 0x80, 0x7f, 0xf0,
    0x39, 0x98, 0x40, 0x8, 0xc4, 0x0, 0x26, 0x0,
    0x7f, 0xf0, 0x56, 0x64, 0x80, 0x11, 0xdf, 0xfa,
    0xc8, 0x3, 0xff, 0xbc, 0x4a, 0xef, 0x31, 0x80,
    0x7f, 0xf1, 0xa, 0x7b, 0x6a, 0x22, 0x9c, 0xfa,
    0x40, 0xf, 0xfe, 0x4, 0x6b, 0x8, 0x7, 0xe5,
    0xbb, 0x8, 0x7, 0xf5, 0xb8, 0x7, 0xff, 0x5,
    0x3c, 0xc0, 0x3e, 0xc4, 0x0, 0xff, 0xe1, 0x8e,
    0x90, 0x7, 0x41, 0x80, 0x72, 0x56, 0xf6, 0xdb,
    0x0, 0x70, 0xf8, 0x6, 0x27, 0x0, 0xc3, 0x76,
    0x52, 0x12, 0x49, 0xe3, 0x0, 0xc4, 0xe0, 0x14,
    0x0, 0x76, 0xa0, 0x7, 0xc3, 0x84, 0x1, 0xa4,
    0x0, 0x2a, 0x1, 0xa0, 0xc0, 0x3f, 0xdc, 0x1,
    0x85, 0x41, 0x0, 0x39, 0x80, 0x3f, 0xe3, 0x40,
    0xd, 0xe1, 0x80, 0x19, 0x4, 0x3, 0xff, 0x81,
    0xa0, 0x19, 0x1, 0x40, 0x36, 0x0, 0x7f, 0xf0,
    0x50, 0x3, 0x8, 0x8, 0x6, 0x20, 0xf, 0xfe,
    0x9, 0x0, 0x71, 0x18, 0x6, 0x10, 0xf, 0xfe,
    0x38, 0x80, 0x7f, 0xf3, 0x8c, 0x3, 0x8, 0x7,
    0xff, 0x1c, 0x44, 0x1, 0x88, 0x3, 0xff, 0x82,
    0x60, 0x1c, 0x4a, 0x1, 0xb0, 0x3, 0xff, 0x82,
    0xa0, 0x18, 0x43, 0x0, 0x32, 0x0, 0x7f, 0xf0,
    0x74, 0x3, 0x20, 0x20, 0x7, 0x38, 0x7, 0xfc,
    0x68, 0x1, 0xbc, 0x5, 0x40, 0x34, 0x18, 0x7,
    0xfb, 0x80, 0x30, 0xa8, 0x2, 0x0, 0x3b, 0x50,
    0x3, 0xe2, 0xc2, 0x0, 0xd2, 0x1, 0x13, 0x80,
    0x61, 0xbb, 0x31, 0x91, 0x16, 0x74, 0xc0, 0x31,
    0x38, 0x6, 0x83, 0x0, 0xe4, 0x9c, 0xdd, 0x53,
    0x0, 0x70, 0xf8, 0x7, 0xb1, 0x0, 0x3f, 0xf8,
    0x63, 0xa4, 0x1, 0xf5, 0xb8, 0x7, 0xff, 0x5,
    0x3c, 0xc0, 0x3f, 0xa3, 0x58, 0x40, 0x3f, 0x25,
    0xd8, 0x40, 0x3f, 0xe2, 0x9e, 0xda, 0x88, 0xa7,
    0x3e, 0xd0, 0x3, 0xe0,

    /* U+00D6 "Ö" */
    0x0, 0xf2, 0xff, 0xe0, 0xa, 0xff, 0xea, 0x0,
    0xff, 0xff, 0x80, 0x7f, 0xf1, 0x12, 0xab, 0x0,
    0x51, 0x55, 0x48, 0x7, 0xff, 0x4, 0x55, 0x70,
    0x4, 0x6a, 0xb1, 0x80, 0x7f, 0xf1, 0x9, 0x5d,
    0xe6, 0x30, 0xf, 0xfe, 0x21, 0x4f, 0x6d, 0x44,
    0x53, 0x9f, 0x48, 0x1, 0xff, 0xc0, 0x8d, 0x61,
    0x0, 0xfc, 0xb7, 0x61, 0x0, 0xfe, 0xb7, 0x0,
    0xff, 0xe0, 0xa7, 0x98, 0x7, 0xd8, 0x80, 0x1f,
    0xfc, 0x31, 0xd2, 0x0, 0xe8, 0x30, 0xe, 0x4a,
    0xde, 0xdb, 0x60, 0xe, 0x1f, 0x0, 0xc4, 0xe0,
    0x18, 0x6e, 0xca, 0x42, 0x49, 0x3c, 0x60, 0x18,
    0x9c, 0x2, 0x80, 0xe, 0xd4, 0x0, 0xf8, 0x70,
    0x80, 0x34, 0x80, 0x5, 0x40, 0x34, 0x18, 0x7,
    0xfb, 0x80, 0x30, 0xa8, 0x20, 0x7, 0x30, 0x7,
    0xfc, 0x68, 0x1, 0xbc, 0x30, 0x3, 0x20, 0x80,
    0x7f, 0xf0, 0x34, 0x3, 0x20, 0x28, 0x6, 0xc0,
    0xf, 0xfe, 0xa, 0x0, 0x61, 0x1, 0x0, 0xc4,
    0x1, 0xff, 0xc1, 0x20, 0xe, 0x23, 0x0, 0xc2,
    0x1, 0xff, 0xc7, 0x10, 0xf, 0xfe, 0x71, 0x80,
    0x61, 0x0, 0xff, 0xe3, 0x88, 0x80, 0x31, 0x0,
    0x7f, 0xf0, 0x4c, 0x3, 0x89, 0x40, 0x36, 0x0,
    0x7f, 0xf0, 0x54, 0x3, 0x8, 0x60, 0x6, 0x40,
    0xf, 0xfe, 0xe, 0x80, 0x64, 0x4, 0x0, 0xe7,
    0x0, 0xff, 0x8d, 0x0, 0x37, 0x80, 0xa8, 0x6,
    0x83, 0x0, 0xff, 0x70, 0x6, 0x15, 0x0, 0x40,
    0x7, 0x6a, 0x0, 0x7c, 0x58, 0x40, 0x1a, 0x40,
    0x22, 0x70, 0xc, 0x37, 0x66, 0x32, 0x22, 0xce,
    0x98, 0x6, 0x27, 0x0, 0xd0, 0x60, 0x1c, 0x93,
    0x9b, 0xaa, 0x60, 0xe, 0x1f, 0x0, 0xf6, 0x20,
    0x7, 0xff, 0xc, 0x74, 0x80, 0x3e, 0xb7, 0x0,
    0xff, 0xe0, 0xa7, 0x98, 0x7, 0xf4, 0x6b, 0x8,
    0x7, 0xe4, 0xbb, 0x8, 0x7, 0xfc, 0x53, 0xdb,
    0x51, 0x14, 0xe7, 0xda, 0x0, 0x7c,

    /* U+00D7 "×" */
    0x0, 0xff, 0xe2, 0xd3, 0x0, 0x78, 0x70, 0xc0,
    0x2b, 0x59, 0x60, 0xc, 0x38, 0x78, 0x61, 0x28,
    0x0, 0x96, 0x0, 0xe, 0x10, 0x3, 0x6, 0x8,
    0x2, 0x96, 0x1c, 0x20, 0xa, 0x44, 0x58, 0x40,
    0x14, 0xf9, 0x0, 0x52, 0xc0, 0x1, 0xc2, 0x0,
    0x84, 0x2, 0x96, 0x0, 0xc3, 0x84, 0x1, 0xd2,
    0xc0, 0x1f, 0xfc, 0x81, 0xc2, 0x0, 0xe9, 0x60,
    0xc, 0x38, 0x40, 0x10, 0x80, 0x52, 0xc0, 0x1,
    0xc2, 0x0, 0xa7, 0xc8, 0x2, 0x96, 0x8, 0x20,
    0xa, 0x58, 0x70, 0x80, 0x29, 0x19, 0x40, 0x4,
    0xb0, 0x0, 0x70, 0x80, 0x16, 0x21, 0x69, 0x2c,
    0x1, 0x87, 0xa, 0xd0, 0x2, 0xb6, 0x0, 0xf0,
    0xea, 0x0, 0x0,

    /* U+00D8 "Ø" */
    0x0, 0xfe, 0x25, 0x77, 0x98, 0xc0, 0x38, 0x80,
    0x3f, 0xc5, 0x3d, 0xb5, 0x11, 0x4e, 0x7d, 0x20,
    0x16, 0x58, 0x7, 0xe8, 0xd6, 0x10, 0xf, 0xcb,
    0x76, 0xf1, 0x4c, 0x10, 0xe, 0xb7, 0x0, 0xff,
    0xe0, 0xa1, 0x0, 0xf, 0x0, 0x36, 0x20, 0x7,
    0xff, 0x1e, 0x80, 0x28, 0x30, 0xe, 0x4a, 0xde,
    0xdb, 0x60, 0xf, 0x99, 0xc0, 0x4, 0xe0, 0x18,
    0x6e, 0xca, 0x42, 0x49, 0x30, 0x1, 0xee, 0x0,
    0xa0, 0x3, 0xb5, 0x0, 0x3c, 0x90, 0x1, 0xe9,
    0x0, 0xa, 0x80, 0x68, 0x30, 0xf, 0x1d, 0x80,
    0x7c, 0x2a, 0x8, 0x1, 0xcc, 0x1, 0xe1, 0xd0,
    0xf, 0xef, 0xc, 0x0, 0xc8, 0x20, 0x1c, 0x38,
    0x20, 0x10, 0xc0, 0x6, 0x40, 0x50, 0xd, 0x80,
    0x1e, 0xd2, 0x0, 0x87, 0x14, 0x3, 0x8, 0x8,
    0x6, 0x20, 0xe, 0xa3, 0x0, 0xda, 0x44, 0x0,
    0xe2, 0x30, 0xc, 0x20, 0x1a, 0x54, 0x3, 0x51,
    0x80, 0x7c, 0x20, 0x1f, 0xce, 0xc0, 0x1a, 0x54,
    0x3, 0xf8, 0xc0, 0x30, 0x80, 0x16, 0x0, 0x33,
    0xb0, 0x7, 0xf0, 0x88, 0x3, 0x10, 0x25, 0x0,
    0x65, 0x80, 0xc, 0x60, 0x1c, 0x4a, 0x1, 0xb0,
    0xac, 0x3, 0x25, 0x0, 0x72, 0x80, 0x61, 0xc,
    0x0, 0xc9, 0x80, 0x18, 0xa8, 0x3, 0xda, 0x1,
    0x90, 0x10, 0x3, 0x84, 0x2, 0x1c, 0x10, 0xe,
    0x34, 0x0, 0xde, 0x2, 0xa0, 0x1f, 0xb0, 0x40,
    0x3d, 0xc0, 0x18, 0x54, 0x1, 0x0, 0x1f, 0x59,
    0x0, 0x71, 0x61, 0x0, 0x69, 0x0, 0x88, 0x80,
    0x1e, 0xf6, 0x32, 0x22, 0xce, 0x98, 0x6, 0x27,
    0x0, 0xa4, 0x80, 0x3c, 0x93, 0x9b, 0xaa, 0x60,
    0xe, 0x1f, 0x0, 0x85, 0xc0, 0x3f, 0xf8, 0xc3,
    0xa4, 0x1, 0xe, 0x8, 0x0, 0x40, 0x3f, 0xf8,
    0x29, 0xe6, 0x1, 0xc5, 0xe6, 0x5f, 0xac, 0x20,
    0x1f, 0x92, 0xec, 0x20, 0x1f, 0xe, 0x78, 0x94,
    0xf6, 0xd4, 0x45, 0x39, 0xf6, 0x80, 0x1f, 0x0,

    /* U+00D9 "Ù" */
    0x0, 0xf1, 0xff, 0xcc, 0x1, 0xff, 0xc5, 0x33,
    0x0, 0x2c, 0x3, 0xff, 0x8d, 0x20, 0x2, 0x40,
    0xf, 0xfe, 0x2a, 0x88, 0x3, 0xc0, 0x3f, 0xf8,
    0xcc, 0x0, 0x42, 0x0, 0xff, 0xe2, 0xc8, 0x5,
    0x40, 0x1f, 0xfc, 0x51, 0x50, 0x3, 0x0, 0x7f,
    0xf1, 0xab, 0xfd, 0xc0, 0x1f, 0xfe, 0x97, 0xff,
    0xce, 0x1, 0xfe, 0x5f, 0xfd, 0x20, 0x1f, 0xff,
    0xf0, 0xf, 0xff, 0xf8, 0x7, 0xff, 0xfc, 0x3,
    0xff, 0xfe, 0x1, 0xff, 0xe2, 0x30, 0xe, 0x10,
    0xd, 0xc0, 0x1f, 0xe1, 0x0, 0xc2, 0x40, 0x19,
    0xc0, 0x3f, 0xd6, 0x1, 0xb9, 0x40, 0x30, 0xb8,
    0x7, 0xe5, 0x30, 0xc, 0x82, 0x80, 0x1a, 0x14,
    0x3, 0xc9, 0x40, 0x18, 0x88, 0x10, 0x1, 0xd5,
    0x6a, 0x44, 0x4a, 0xb0, 0xe, 0x80, 0x1, 0xb0,
    0x7, 0x25, 0x6e, 0xad, 0x40, 0x39, 0x14, 0x2,
    0x94, 0x0, 0xff, 0xe1, 0x1d, 0x0, 0x75, 0xb8,
    0x7, 0xff, 0x1, 0x70, 0x40, 0x3d, 0x18, 0xa0,
    0x1f, 0x92, 0xe8, 0x3, 0xf8, 0xeb, 0xee, 0x62,
    0x13, 0x7d, 0x68, 0x1, 0xc0,

    /* U+00DA "Ú" */
    0x0, 0xff, 0xe0, 0x7f, 0xd4, 0x1, 0xff, 0xc5,
    0x60, 0xa, 0x40, 0x3f, 0xf8, 0xb6, 0x0, 0x33,
    0x0, 0x7f, 0xf1, 0x10, 0x80, 0x12, 0x1, 0xff,
    0xc5, 0xf0, 0x0, 0xa8, 0x7, 0xff, 0x10, 0x90,
    0x1, 0x20, 0x1f, 0xfc, 0x5a, 0x0, 0x98, 0x3,
    0xff, 0x8b, 0x1f, 0xf0, 0x80, 0x7f, 0xfa, 0x1f,
    0xff, 0x38, 0x7, 0xf9, 0x7f, 0xf4, 0x80, 0x7f,
    0xff, 0xc0, 0x3f, 0xff, 0xe0, 0x1f, 0xff, 0xf0,
    0xf, 0xff, 0xf8, 0x7, 0xff, 0x88, 0xc0, 0x38,
    0x40, 0x37, 0x0, 0x7f, 0x84, 0x3, 0x9, 0x0,
    0x67, 0x0, 0xff, 0x58, 0x6, 0xe5, 0x0, 0xc2,
    0xe0, 0x1f, 0x94, 0xc0, 0x32, 0xa, 0x0, 0x68,
    0x50, 0xf, 0x25, 0x0, 0x62, 0x20, 0x40, 0x7,
    0x55, 0xa9, 0x11, 0x2a, 0xc0, 0x3a, 0x0, 0x6,
    0xc0, 0x1c, 0x95, 0xba, 0xb5, 0x0, 0xe4, 0x50,
    0xa, 0x50, 0x3, 0xff, 0x84, 0x74, 0x1, 0xd6,
    0xe0, 0x1f, 0xfc, 0x5, 0xc1, 0x0, 0xf4, 0x62,
    0x80, 0x7e, 0x4b, 0xa0, 0xf, 0xe3, 0xaf, 0xb9,
    0x88, 0x4d, 0xf5, 0xa0, 0x7, 0x0,

    /* U+00DB "Û" */
    0x0, 0xfc, 0x31, 0x18, 0x40, 0x3f, 0xf8, 0x98,
    0xef, 0xb0, 0x3, 0xff, 0x87, 0x64, 0x1, 0x8a,
    0xc0, 0x3f, 0xf8, 0x32, 0x80, 0x3, 0x30, 0x1,
    0x24, 0x3, 0xfe, 0x76, 0x0, 0x16, 0xe8, 0x80,
    0xc, 0xe0, 0x1f, 0xcb, 0x0, 0x17, 0x88, 0xbc,
    0x2, 0x85, 0x0, 0xfc, 0x4e, 0xf5, 0x90, 0x0,
    0xad, 0xde, 0x20, 0xf, 0xcf, 0x11, 0x20, 0x6,
    0x48, 0x89, 0xc0, 0x3f, 0xf9, 0xcf, 0xff, 0x9c,
    0x3, 0xfc, 0xbf, 0xfa, 0x40, 0x3f, 0xff, 0xe0,
    0x1f, 0xff, 0xf0, 0xf, 0xff, 0xf8, 0x7, 0xff,
    0xfc, 0x3, 0xff, 0xc4, 0x60, 0x1c, 0x20, 0x1b,
    0x80, 0x3f, 0xc2, 0x1, 0x84, 0x80, 0x33, 0x80,
    0x7f, 0xac, 0x3, 0x72, 0x80, 0x61, 0x70, 0xf,
    0xca, 0x60, 0x19, 0x5, 0x0, 0x34, 0x28, 0x7,
    0x92, 0x80, 0x31, 0x10, 0x20, 0x3, 0xaa, 0xd4,
    0x88, 0x95, 0x60, 0x1d, 0x0, 0x3, 0x60, 0xe,
    0x4a, 0xdd, 0x5a, 0x80, 0x72, 0x28, 0x5, 0x28,
    0x1, 0xff, 0xc2, 0x3a, 0x0, 0xeb, 0x70, 0xf,
    0xfe, 0x2, 0xe0, 0x80, 0x7a, 0x31, 0x40, 0x3f,
    0x25, 0xd0, 0x7, 0xf1, 0xd7, 0xdc, 0xc4, 0x26,
    0xfa, 0xd0, 0x3, 0x80,

    /* U+00DC "Ü" */
    0x0, 0xee, 0xff, 0x98, 0x0, 0x9f, 0xf8, 0x3,
    0xff, 0xfe, 0x15, 0x59, 0x0, 0xb, 0x55, 0x80,
    0x3f, 0xc8, 0xab, 0x10, 0x0, 0x55, 0x70, 0x7,
    0xff, 0x3d, 0xff, 0xf3, 0x80, 0x7f, 0x97, 0xff,
    0x48, 0x7, 0xff, 0xfc, 0x3, 0xff, 0xfe, 0x1,
    0xff, 0xff, 0x0, 0xff, 0xff, 0x80, 0x7f, 0xf8,
    0x8c, 0x3, 0x84, 0x3, 0x70, 0x7, 0xf8, 0x40,
    0x30, 0x90, 0x6, 0x70, 0xf, 0xf5, 0x80, 0x6e,
    0x50, 0xc, 0x2e, 0x1, 0xf9, 0x4c, 0x3, 0x20,
    0xa0, 0x6, 0x85, 0x0, 0xf2, 0x50, 0x6, 0x22,
    0x4, 0x0, 0x75, 0x5a, 0x91, 0x12, 0xac, 0x3,
    0xa0, 0x0, 0x6c, 0x1, 0xc9, 0x5b, 0xab, 0x50,
    0xe, 0x45, 0x0, 0xa5, 0x0, 0x3f, 0xf8, 0x47,
    0x40, 0x1d, 0x6e, 0x1, 0xff, 0xc0, 0x5c, 0x10,
    0xf, 0x46, 0x28, 0x7, 0xe4, 0xba, 0x0, 0xfe,
    0x3a, 0xfb, 0x98, 0x84, 0xdf, 0x5a, 0x0, 0x70,

    /* U+00DD "Ý" */
    0x0, 0xff, 0xe0, 0x5f, 0xfb, 0x80, 0x3f, 0xf8,
    0xc4, 0x80, 0x9, 0x0, 0xff, 0xe3, 0x58, 0x4,
    0xc0, 0x1f, 0xfc, 0x66, 0x0, 0x28, 0x80, 0x7f,
    0xf1, 0x58, 0x2, 0x90, 0xf, 0xfe, 0x35, 0x80,
    0xc, 0xc0, 0x1f, 0xfc, 0x54, 0x20, 0x4, 0x80,
    0x7f, 0xf1, 0x93, 0xfe, 0x50, 0xf, 0xff, 0x5d,
    0xff, 0xee, 0x10, 0xf, 0xe5, 0xff, 0xe6, 0x90,
    0xc, 0x30, 0x1, 0xfd, 0x60, 0x18, 0x98, 0x98,
    0x3, 0x31, 0x0, 0x7c, 0xe2, 0x1, 0xa4, 0x1,
    0x2, 0x1, 0xa4, 0x3, 0xc3, 0x0, 0x19, 0x50,
    0x0, 0x30, 0x1, 0x91, 0x0, 0x1d, 0x60, 0x1d,
    0x0, 0x19, 0x88, 0x3, 0x48, 0x6, 0x35, 0x0,
    0xce, 0x40, 0x1d, 0x20, 0x18, 0x9c, 0x2, 0xf0,
    0xc, 0x30, 0x1, 0xe4, 0x40, 0x6, 0x81, 0x5,
    0x30, 0xd, 0x0, 0x1f, 0xa4, 0x3, 0xa0, 0x2c,
    0x3, 0x1b, 0x0, 0x7e, 0x27, 0x0, 0xcd, 0x42,
    0x1, 0xbc, 0x3, 0xfd, 0x2, 0x1, 0x94, 0x3,
    0x29, 0x80, 0x7f, 0xd0, 0x1, 0xfd, 0x60, 0x1f,
    0xfc, 0x6, 0x20, 0xf, 0x9c, 0x40, 0x3f, 0xf8,
    0x3c, 0x1, 0xe1, 0x80, 0xf, 0xfe, 0x11, 0xa8,
    0x7, 0x58, 0x7, 0xff, 0x12, 0x40, 0x30, 0xa8,
    0x7, 0xff, 0x10, 0x40, 0x31, 0x80, 0x7f, 0xff,
    0xc0, 0x3f, 0xff, 0xe0, 0x1f, 0xff, 0x60,

    /* U+00DE "Þ" */
    0x7f, 0xfc, 0xe0, 0x1f, 0xff, 0xf0, 0xf, 0xd7,
    0x33, 0xe8, 0x50, 0xf, 0xfe, 0x1, 0xb3, 0x79,
    0xeb, 0xe4, 0x40, 0x3f, 0xf8, 0xed, 0x84, 0x1,
    0xff, 0xc7, 0x2c, 0x10, 0xf, 0xfe, 0x38, 0xd0,
    0x7, 0xd1, 0xff, 0xeb, 0x30, 0xc, 0x86, 0x1,
    0xff, 0xc1, 0x4c, 0x30, 0xd, 0x40, 0x1f, 0xfc,
    0x3f, 0x0, 0xc8, 0x1, 0xff, 0xc3, 0x30, 0xc,
    0x40, 0x1f, 0xfd, 0x83, 0x0, 0xc2, 0x1, 0xff,
    0xc3, 0xf0, 0xc, 0x80, 0x1f, 0xfc, 0x14, 0xc3,
    0x0, 0xd2, 0x1, 0xe8, 0xff, 0xf5, 0x98, 0x6,
    0x43, 0x0, 0xff, 0xe3, 0xd, 0x0, 0x7f, 0xf1,
    0x8b, 0x4, 0x3, 0xff, 0x8a, 0xfa, 0x40, 0x1f,
    0x8d, 0x9b, 0x9e, 0x2f, 0xe0, 0x3, 0xfd, 0x73,
    0x3d, 0xe, 0x80, 0x1f, 0xff, 0xa0,

    /* U+00DF "ß" */
    0x0, 0xf2, 0x33, 0xb9, 0x44, 0x3, 0xfe, 0x2a,
    0xfb, 0x98, 0x85, 0x75, 0x98, 0x7, 0xe4, 0xd5,
    0x0, 0xf9, 0x31, 0xc0, 0x3c, 0x76, 0x1, 0xff,
    0x43, 0x80, 0x77, 0x80, 0x7f, 0xf0, 0x60, 0x80,
    0x23, 0x30, 0x6, 0x3b, 0xed, 0x70, 0xe, 0x80,
    0x9, 0x40, 0x30, 0xea, 0x9, 0x45, 0x0, 0x64,
    0x0, 0xb8, 0x3, 0x38, 0x80, 0x65, 0x0, 0xc2,
    0x1, 0xfb, 0x80, 0x3c, 0x20, 0x1f, 0xfc, 0x1,
    0x0, 0xe4, 0x10, 0x8, 0x80, 0x3f, 0xf8, 0x2,
    0xb4, 0x1, 0x94, 0x3, 0xfe, 0x3e, 0xa1, 0x0,
    0x86, 0x40, 0x3f, 0xf8, 0xcc, 0x20, 0x1f, 0xfc,
    0x67, 0xb0, 0xf, 0xfe, 0x3a, 0x50, 0x7, 0xf8,
    0xaa, 0x14, 0x3, 0x95, 0x0, 0x3f, 0x85, 0x5e,
    0xb4, 0xc0, 0x37, 0x0, 0x7f, 0xf0, 0x4b, 0x80,
    0x32, 0x0, 0x7f, 0xf0, 0x88, 0x80, 0x10, 0x80,
    0x7f, 0xf2, 0x4, 0x3, 0xff, 0x84, 0x40, 0x18,
    0x40, 0x3f, 0xf8, 0x32, 0x1, 0x88, 0x3, 0xf3,
    0x42, 0xa9, 0xf5, 0x80, 0x32, 0x0, 0x7e, 0xf7,
    0xaa, 0x41, 0x0, 0x75, 0x0, 0x7f, 0xf1, 0x98,
    0xc0, 0x3f, 0xf8, 0xab, 0x20, 0x1f, 0xfc, 0x42,
    0x9a, 0x0, 0xa3, 0xff, 0x30, 0x4d, 0xc4, 0x53,
    0xba, 0x60, 0xc,

    /* U+00E0 "à" */
    0x0, 0xff, 0xe5, 0xef, 0xfb, 0x0, 0x3f, 0xf8,
    0x54, 0x0, 0x33, 0x0, 0x7f, 0xf0, 0x58, 0x2,
    0xa0, 0xf, 0xfe, 0x8, 0xb0, 0x1, 0x84, 0x3,
    0xff, 0x83, 0x60, 0x13, 0x0, 0x7f, 0xf0, 0x49,
    0x0, 0x12, 0x1, 0xff, 0xc2, 0xe0, 0x0, 0xa8,
    0x7, 0xff, 0x5, 0x7f, 0xe5, 0x0, 0xff, 0xe9,
    0x12, 0xbb, 0xca, 0x40, 0x1f, 0xcd, 0xba, 0xa8,
    0x8a, 0xb7, 0xa0, 0x3, 0xd5, 0x24, 0x1, 0xf0,
    0xbe, 0x88, 0x5, 0x4a, 0x1, 0xff, 0x16, 0x80,
    0x11, 0x40, 0x3f, 0xf8, 0x26, 0x81, 0xe0, 0x18,
    0xab, 0xbf, 0xd4, 0x20, 0x1b, 0x42, 0xec, 0xc2,
    0x2c, 0x51, 0x0, 0x2d, 0x0, 0x65, 0x0, 0x24,
    0xf7, 0x88, 0x4, 0x48, 0x60, 0x1f, 0xe3, 0x6a,
    0xdf, 0xdb, 0x80, 0xc, 0x20, 0x13, 0x6e, 0xa5,
    0x48, 0x3, 0xfe, 0xc9, 0x20, 0xf, 0xfe, 0x15,
    0x18, 0x7, 0x85, 0x1e, 0x40, 0x38, 0x94, 0x3,
    0x14, 0xef, 0x5c, 0x38, 0x7, 0x28, 0x6, 0x5d,
    0x62, 0x0, 0x94, 0x3, 0xbc, 0x3, 0x70, 0x7,
    0xbc, 0x3, 0xfc, 0x60, 0x1d, 0x48, 0x1, 0xd8,
    0x1, 0xa2, 0x99, 0x91, 0xca, 0x1, 0xe4, 0x20,
    0xc, 0xb3, 0x27, 0x10, 0x0, 0x80, 0x77, 0x0,
    0x7f, 0x9a, 0x40, 0x38, 0xf4, 0xc0, 0x3c, 0x55,
    0x20, 0x1f, 0x16, 0x6c, 0xc4, 0x27, 0x35, 0x41,
    0xff, 0xed,

    /* U+00E1 "á" */
    0x0, 0xff, 0xe8, 0x17, 0xfc, 0xe0, 0x1f, 0xfc,
    0x1b, 0x0, 0x98, 0x3, 0xff, 0x80, 0x2c, 0x0,
    0x61, 0x0, 0xff, 0xe0, 0x30, 0x5, 0x60, 0x1f,
    0xfc, 0x1a, 0x0, 0x21, 0x0, 0x7f, 0xf0, 0x10,
    0x80, 0x1c, 0x1, 0xff, 0xc1, 0xf0, 0x0, 0xa8,
    0x7, 0xff, 0x6, 0xff, 0xdc, 0x1, 0xff, 0xd2,
    0x25, 0x77, 0x94, 0x80, 0x3f, 0x9b, 0x75, 0x51,
    0x15, 0x6f, 0x40, 0x7, 0xaa, 0x48, 0x3, 0xe1,
    0x7d, 0x10, 0xa, 0x94, 0x3, 0xfe, 0x2d, 0x0,
    0x22, 0x80, 0x7f, 0xf0, 0x4d, 0x3, 0xc0, 0x31,
    0x57, 0x7f, 0xa8, 0x40, 0x36, 0x85, 0xd9, 0x84,
    0x58, 0xa2, 0x0, 0x5a, 0x0, 0xca, 0x0, 0x49,
    0xef, 0x10, 0x8, 0x90, 0xc0, 0x3f, 0xc6, 0xd5,
    0xbf, 0xb7, 0x0, 0x18, 0x40, 0x26, 0xdd, 0x4a,
    0x90, 0x7, 0xfd, 0x92, 0x40, 0x1f, 0xfc, 0x2a,
    0x30, 0xf, 0xa, 0x3c, 0x80, 0x71, 0x28, 0x6,
    0x29, 0xde, 0xb8, 0x70, 0xe, 0x50, 0xc, 0xba,
    0xc4, 0x1, 0x28, 0x7, 0x78, 0x6, 0xe0, 0xf,
    0x78, 0x7, 0xf8, 0xc0, 0x3a, 0x90, 0x3, 0xb0,
    0x3, 0x45, 0x33, 0x23, 0x94, 0x3, 0xc8, 0x40,
    0x19, 0x66, 0x4e, 0x20, 0x1, 0x0, 0xee, 0x0,
    0xff, 0x34, 0x80, 0x71, 0xe9, 0x80, 0x78, 0xaa,
    0x40, 0x3e, 0x2c, 0xd9, 0x88, 0x4e, 0x6a, 0x83,
    0xff, 0xda,

    /* U+00E2 "â" */
    0x0, 0xfa, 0xff, 0xf1, 0x80, 0x7f, 0xd2, 0x80,
    0x1b, 0x48, 0x3, 0xf9, 0xd8, 0x3, 0x87, 0xc4,
    0x3, 0xe4, 0x80, 0xb, 0x54, 0x0, 0x54, 0x1,
    0xe3, 0xb0, 0xa, 0xca, 0x8c, 0x0, 0x94, 0x1,
    0x8b, 0x40, 0x28, 0x40, 0x6, 0x88, 0x1, 0x5c,
    0x2, 0x2e, 0xff, 0x9c, 0x2, 0x1e, 0xff, 0x9c,
    0x3, 0xff, 0x9a, 0x4a, 0xef, 0x29, 0x0, 0x7f,
    0x36, 0xea, 0xa2, 0x2a, 0xde, 0x80, 0xf, 0x54,
    0x90, 0x7, 0xc2, 0xfa, 0x20, 0x15, 0x28, 0x7,
    0xfc, 0x5a, 0x0, 0x45, 0x0, 0xff, 0xe0, 0x9a,
    0x7, 0x80, 0x62, 0xae, 0xff, 0x50, 0x80, 0x6d,
    0xb, 0xb3, 0x8, 0xb1, 0x44, 0x0, 0xb4, 0x1,
    0x94, 0x0, 0x93, 0xde, 0x20, 0x11, 0x21, 0x80,
    0x7f, 0x8d, 0xab, 0x7f, 0x6e, 0x0, 0x30, 0x80,
    0x4d, 0xba, 0x95, 0x20, 0xf, 0xfb, 0x24, 0x80,
    0x3f, 0xf8, 0x54, 0x60, 0x1e, 0x14, 0x79, 0x0,
    0xe2, 0x50, 0xc, 0x53, 0xbd, 0x70, 0xe0, 0x1c,
    0xa0, 0x19, 0x75, 0x88, 0x2, 0x50, 0xe, 0xf0,
    0xd, 0xc0, 0x1e, 0xf0, 0xf, 0xf1, 0x80, 0x75,
    0x20, 0x7, 0x60, 0x6, 0x8a, 0x66, 0x47, 0x28,
    0x7, 0x90, 0x80, 0x32, 0xcc, 0x9c, 0x40, 0x2,
    0x1, 0xdc, 0x1, 0xfe, 0x69, 0x0, 0xe3, 0xd3,
    0x0, 0xf1, 0x54, 0x80, 0x7c, 0x59, 0xb3, 0x10,
    0x9c, 0xd5, 0x7, 0xff, 0xb4,

    /* U+00E3 "ã" */
    0x0, 0xe5, 0x99, 0x20, 0x7, 0xff, 0x6, 0xa8,
    0xcc, 0xbc, 0x20, 0x3, 0xff, 0xa4, 0x3, 0x1a,
    0x80, 0x63, 0xd7, 0xe, 0x0, 0x10, 0x6, 0x50,
    0x8, 0x40, 0x28, 0xf6, 0x0, 0xf8, 0x40, 0x7,
    0xd8, 0x40, 0x1e, 0xc0, 0xc, 0x40, 0x7, 0x3,
    0xd6, 0x0, 0xc4, 0xc0, 0x19, 0x7f, 0xd6, 0x1,
    0x4e, 0xbb, 0x46, 0x8, 0x7, 0xff, 0x0, 0xa2,
    0x5c, 0x40, 0x3f, 0xf9, 0xc4, 0xae, 0xf2, 0x90,
    0x7, 0xf3, 0x6e, 0xaa, 0x22, 0xad, 0xe8, 0x0,
    0xf5, 0x49, 0x0, 0x7c, 0x2f, 0xa2, 0x1, 0x52,
    0x80, 0x7f, 0xc5, 0xa0, 0x4, 0x50, 0xf, 0xfe,
    0x9, 0xa0, 0x78, 0x6, 0x2a, 0xef, 0xf5, 0x8,
    0x6, 0xd0, 0xbb, 0x30, 0x8b, 0x14, 0x40, 0xb,
    0x40, 0x19, 0x40, 0x9, 0x3d, 0xe2, 0x1, 0x12,
    0x18, 0x7, 0xf8, 0xda, 0xb7, 0xf6, 0xe0, 0x3,
    0x8, 0x4, 0xdb, 0xa9, 0x52, 0x0, 0xff, 0xb2,
    0x48, 0x3, 0xff, 0x85, 0x46, 0x1, 0xe1, 0x47,
    0x90, 0xe, 0x25, 0x0, 0xc5, 0x3b, 0xd7, 0xe,
    0x1, 0xca, 0x1, 0x97, 0x58, 0x80, 0x25, 0x0,
    0xef, 0x0, 0xdc, 0x1, 0xef, 0x0, 0xff, 0x18,
    0x7, 0x52, 0x0, 0x76, 0x0, 0x68, 0xa6, 0x64,
    0x72, 0x80, 0x79, 0x8, 0x3, 0x2c, 0xc9, 0xc4,
    0x0, 0x20, 0x1d, 0xc0, 0x1f, 0xe6, 0x90, 0xe,
    0x3d, 0x30, 0xf, 0x15, 0x48, 0x7, 0xc5, 0x9b,
    0x31, 0x9, 0xcd, 0x50, 0x7f, 0xfb, 0x40,

    /* U+00E4 "ä" */
    0x0, 0xca, 0xb8, 0x2, 0x25, 0x59, 0x0, 0x38,
    0xaa, 0xb1, 0x0, 0x2a, 0xb4, 0x0, 0x7f, 0xfb,
    0xcb, 0xff, 0x10, 0x2, 0x3f, 0xec, 0x0, 0xff,
    0xe7, 0x12, 0xbb, 0xca, 0x40, 0x1f, 0xcd, 0xba,
    0xa8, 0x8a, 0xb7, 0xa0, 0x3, 0xd5, 0x24, 0x1,
    0xf0, 0xbe, 0x88, 0x5, 0x4a, 0x1, 0xff, 0x16,
    0x80, 0x11, 0x40, 0x3f, 0xf8, 0x26, 0x81, 0xe0,
    0x18, 0xab, 0xbf, 0xd4, 0x20, 0x1b, 0x42, 0xec,
    0xc2, 0x2c, 0x51, 0x0, 0x2d, 0x0, 0x65, 0x0,
    0x24, 0xf7, 0x88, 0x4, 0x48, 0x60, 0x1f, 0xe3,
    0x6a, 0xdf, 0xdb, 0x80, 0xc, 0x20, 0x13, 0x6e,
    0xa5, 0x48, 0x3, 0xfe, 0xc9, 0x20, 0xf, 0xfe,
    0x15, 0x18, 0x7, 0x85, 0x1e, 0x40, 0x38, 0x94,
    0x3, 0x14, 0xef, 0x5c, 0x38, 0x7, 0x28, 0x6,
    0x5d, 0x62, 0x0, 0x94, 0x3, 0xbc, 0x3, 0x70,
    0x7, 0xbc, 0x3, 0xfc, 0x60, 0x1d, 0x48, 0x1,
    0xd8, 0x1, 0xa2, 0x99, 0x91, 0xca, 0x1, 0xe4,
    0x20, 0xc, 0xb3, 0x27, 0x10, 0x0, 0x80, 0x77,
    0x0, 0x7f, 0x9a, 0x40, 0x38, 0xf4, 0xc0, 0x3c,
    0x55, 0x20, 0x1f, 0x16, 0x6c, 0xc4, 0x27, 0x35,
    0x41, 0xff, 0xed,

    /* U+00E5 "å" */
    0x0, 0xf9, 0xb7, 0xfa, 0x88, 0x3, 0xfe, 0xb9,
    0x20, 0x15, 0xd3, 0x0, 0xfe, 0x74, 0x0, 0x8,
    0x5, 0xa0, 0x1f, 0xd2, 0x0, 0x9e, 0xe1, 0x0,
    0xb0, 0x7, 0xc2, 0x20, 0x26, 0x1, 0x80, 0x7,
    0x80, 0x7f, 0xf0, 0x8c, 0x0, 0x20, 0x1f, 0x9,
    0x1, 0x40, 0x1c, 0x0, 0x34, 0x3, 0xf5, 0x80,
    0x1f, 0xf0, 0x40, 0x94, 0x3, 0xf3, 0x30, 0x3,
    0x87, 0xc0, 0x3f, 0xd3, 0x68, 0x46, 0xfe, 0x40,
    0x1f, 0xf2, 0x5e, 0xe4, 0x8, 0x7, 0xfc, 0x4a,
    0xef, 0x29, 0x0, 0x7f, 0x36, 0xea, 0xa2, 0x2a,
    0xde, 0x80, 0xf, 0x54, 0x90, 0x7, 0xc2, 0xfa,
    0x20, 0x15, 0x28, 0x7, 0xfc, 0x5a, 0x0, 0x45,
    0x0, 0xff, 0xe0, 0x9a, 0x7, 0x80, 0x62, 0xae,
    0xff, 0x50, 0x80, 0x6d, 0xb, 0xb3, 0x8, 0xb1,
    0x44, 0x0, 0xb4, 0x1, 0x94, 0x0, 0x93, 0xde,
    0x20, 0x11, 0x21, 0x80, 0x7f, 0x8d, 0xab, 0x7f,
    0x6e, 0x0, 0x30, 0x80, 0x4d, 0xba, 0x95, 0x20,
    0xf, 0xfb, 0x24, 0x80, 0x3f, 0xf8, 0x54, 0x60,
    0x1e, 0x14, 0x79, 0x0, 0xe2, 0x50, 0xc, 0x53,
    0xbd, 0x70, 0xe0, 0x1c, 0xa0, 0x19, 0x75, 0x88,
    0x2, 0x50, 0xe, 0xf0, 0xd, 0xc0, 0x1e, 0xf0,
    0xf, 0xf1, 0x80, 0x75, 0x20, 0x7, 0x60, 0x6,
    0x8a, 0x66, 0x47, 0x28, 0x7, 0x90, 0x80, 0x32,
    0xcc, 0x9c, 0x40, 0x2, 0x1, 0xdc, 0x1, 0xfe,
    0x69, 0x0, 0xe3, 0xd3, 0x0, 0xf1, 0x54, 0x80,
    0x7c, 0x59, 0xb3, 0x10, 0x9c, 0xd5, 0x7, 0xff,
    0xb4,

    /* U+00E6 "æ" */
    0x0, 0xf9, 0x1d, 0xe5, 0x20, 0xf, 0xa, 0x3b,
    0xca, 0x20, 0x1f, 0xe1, 0x9f, 0xb8, 0x8a, 0xb7,
    0x4c, 0x0, 0x2a, 0xeb, 0x88, 0xab, 0xa8, 0x40,
    0x3e, 0x5e, 0x60, 0xf, 0x8a, 0x69, 0xb5, 0x40,
    0x3e, 0x5f, 0x30, 0xe, 0x5a, 0x0, 0xff, 0x96,
    0x40, 0x3f, 0xc3, 0x84, 0x1, 0x15, 0x0, 0x71,
    0x19, 0x0, 0x7f, 0x88, 0xc8, 0x3, 0xb8, 0x2,
    0x80, 0xc, 0x9b, 0xac, 0xdc, 0x10, 0xf, 0x1e,
    0xeb, 0x37, 0x8c, 0x2, 0x34, 0x0, 0x55, 0xb9,
    0x12, 0xc8, 0x2, 0x3a, 0x0, 0xe1, 0xd2, 0x0,
    0x87, 0x40, 0x36, 0x80, 0x49, 0x1b, 0xa0, 0xf,
    0x20, 0x7, 0x30, 0x80, 0x70, 0x98, 0x4, 0xe0,
    0x1f, 0x8d, 0xa2, 0xb3, 0x80, 0x39, 0xff, 0xfe,
    0x30, 0x8, 0x40, 0x39, 0xf3, 0xf2, 0x5d, 0x4c,
    0x40, 0x3f, 0xf8, 0xc4, 0x0, 0x5e, 0x83, 0x0,
    0xff, 0xe7, 0xb5, 0x8, 0x7, 0x12, 0xb4, 0x0,
    0x71, 0x19, 0xfe, 0x23, 0x3c, 0x32, 0x1, 0x8e,
    0xff, 0x6a, 0x58, 0x3, 0xa3, 0x33, 0xf6, 0xe6,
    0x42, 0xe0, 0x19, 0x71, 0x0, 0x32, 0x80, 0x77,
    0x80, 0x7c, 0x82, 0x1, 0xb8, 0x3, 0x70, 0x7,
    0xa0, 0x3, 0x95, 0x0, 0x39, 0x2f, 0xb1, 0xcc,
    0x3, 0xc6, 0x1, 0x86, 0x8c, 0x3, 0xd7, 0x4,
    0x27, 0x16, 0x0, 0x38, 0x90, 0xd0, 0xd, 0x12,
    0xaa, 0x8f, 0x50, 0xf, 0xcf, 0xbd, 0x8e, 0x1,
    0xd0, 0xa, 0x20, 0x19, 0xaa, 0x8e, 0x20, 0x14,
    0xd0, 0x7, 0xff, 0x6, 0x48, 0x1, 0xa0, 0x1f,
    0xf4, 0xb2, 0xd0, 0x7, 0xfd, 0x4c, 0x1, 0x1e,
    0x18, 0x7, 0xcb, 0xac, 0x0, 0x5e, 0x60, 0xf,
    0x97, 0x54, 0x3, 0x8f, 0x36, 0xa2, 0x13, 0x7f,
    0x44, 0x1, 0x86, 0x7e, 0xe6, 0x21, 0x5d, 0x44,
    0x1, 0x80,

    /* U+00E7 "ç" */
    0x0, 0xf8, 0xd9, 0xdc, 0xc8, 0x1, 0xff, 0x3f,
    0x64, 0xc4, 0x26, 0xfe, 0x44, 0x3, 0xc5, 0xb0,
    0x20, 0x1f, 0x37, 0x28, 0x6, 0x2c, 0x20, 0xf,
    0xfa, 0x90, 0x2, 0xf1, 0x0, 0xff, 0xe0, 0xd0,
    0x83, 0x10, 0x6, 0x2a, 0xde, 0xa2, 0x0, 0xc2,
    0xc1, 0x60, 0x18, 0xf5, 0x48, 0x57, 0x48, 0x3,
    0x59, 0x90, 0x6, 0xf0, 0xf, 0x70, 0x1b, 0xde,
    0x28, 0x6, 0x23, 0x0, 0xf1, 0xfe, 0x42, 0x7,
    0x0, 0x66, 0x0, 0xff, 0xe3, 0x8, 0x7, 0xff,
    0x53, 0x80, 0x33, 0x80, 0x7f, 0xf0, 0x54, 0x3,
    0x11, 0x80, 0x78, 0xee, 0x14, 0x80, 0xc4, 0x3,
    0x78, 0x7, 0xbd, 0x1e, 0xb6, 0xc2, 0x40, 0x31,
    0xea, 0x88, 0x92, 0xcc, 0x3, 0x68, 0x39, 0x0,
    0x62, 0xae, 0xe5, 0xa0, 0x6, 0x16, 0x0, 0x78,
    0x80, 0x7f, 0xf0, 0x74, 0x2, 0x2c, 0x20, 0xf,
    0xf0, 0xd9, 0x80, 0x62, 0xd7, 0x10, 0xf, 0x9b,
    0xd0, 0x3, 0xe8, 0xec, 0x50, 0x2, 0xdf, 0xc8,
    0x80, 0x7f, 0x8c, 0x2, 0x34, 0x0, 0xff, 0xe1,
    0x28, 0x1, 0xa8, 0x3, 0xff, 0x85, 0x24, 0x0,
    0x53, 0x0, 0xff, 0xe0, 0xb6, 0x80, 0x4a, 0x1,
    0xff, 0xc1, 0x66, 0x0, 0x7f, 0xf1, 0x16, 0x64,
    0x1, 0x20, 0x7, 0xff, 0x3, 0x80, 0x33, 0x10,
    0x7, 0xff, 0x0, 0xc4, 0xa, 0x24, 0x3, 0xc0,

    /* U+00E8 "è" */
    0x0, 0xff, 0xe6, 0xaf, 0xfc, 0x80, 0x1f, 0xfc,
    0x35, 0x10, 0x7, 0x80, 0x7f, 0xf1, 0x18, 0x0,
    0x84, 0x1, 0xff, 0xc3, 0x90, 0xa, 0x80, 0x3f,
    0xf8, 0x62, 0xa0, 0x7, 0x0, 0xff, 0xe2, 0x48,
    0x4, 0xc0, 0x1f, 0xfc, 0x33, 0x30, 0x2, 0xc0,
    0x3f, 0xf8, 0x99, 0xfe, 0xd0, 0xf, 0xfe, 0xb9,
    0x2b, 0xb9, 0x90, 0x3, 0xff, 0x80, 0xdb, 0xaa,
    0x88, 0x4d, 0xfd, 0x10, 0x7, 0xc3, 0x92, 0x40,
    0x1f, 0x2e, 0xa8, 0x7, 0xf, 0x98, 0x7, 0xfd,
    0x48, 0x1, 0xb4, 0x40, 0x38, 0x8c, 0x80, 0x3a,
    0x84, 0x0, 0xc6, 0x1, 0x9b, 0xb7, 0x37, 0x44,
    0x1, 0xc, 0x80, 0x2c, 0x3, 0x34, 0x88, 0x4,
    0x5e, 0x1, 0x98, 0x8, 0x80, 0x1a, 0x0, 0x3c,
    0x46, 0x1, 0x9, 0x20, 0x7, 0x77, 0xff, 0xc6,
    0x1, 0x9f, 0x80, 0x3f, 0xf8, 0xc6, 0x1, 0xff,
    0xcd, 0x15, 0x5f, 0xc8, 0x66, 0x55, 0xb8, 0x3,
    0x1d, 0x57, 0xeb, 0xcc, 0x55, 0xd, 0x40, 0x31,
    0x18, 0x7, 0xca, 0x40, 0x18, 0xc4, 0x3, 0x78,
    0x7, 0x96, 0xb7, 0xa5, 0x40, 0x10, 0x1, 0x8f,
    0x54, 0x84, 0xe6, 0x80, 0x2, 0xd6, 0x0, 0x63,
    0x0, 0xc5, 0x5b, 0xd8, 0xc0, 0x1d, 0x60, 0x16,
    0x90, 0x7, 0xff, 0x5, 0xd4, 0x2, 0x1c, 0x40,
    0xf, 0xfa, 0x20, 0x1, 0xc3, 0x74, 0x60, 0x1f,
    0x2e, 0xb8, 0x7, 0xe5, 0xce, 0xa8, 0x8a, 0xfa,
    0x88, 0x3, 0x0,

    /* U+00E9 "é" */
    0x0, 0xff, 0xe9, 0xb7, 0xfc, 0x60, 0x1f, 0xfc,
    0x3b, 0x0, 0x11, 0x80, 0x7f, 0xf0, 0x8c, 0x80,
    0x16, 0x1, 0xff, 0xc3, 0x90, 0x0, 0xb0, 0x7,
    0xff, 0x8, 0x54, 0x0, 0xc0, 0x1f, 0xfc, 0x39,
    0x0, 0xa8, 0x3, 0xff, 0x86, 0xc0, 0x4, 0x20,
    0xf, 0xfe, 0x1f, 0x7f, 0xac, 0x3, 0xff, 0xac,
    0x4a, 0xee, 0x64, 0x0, 0xff, 0xe0, 0x36, 0xea,
    0xa2, 0x13, 0x7f, 0x44, 0x1, 0xf0, 0xe4, 0x90,
    0x7, 0xcb, 0xaa, 0x1, 0xc3, 0xe6, 0x1, 0xff,
    0x52, 0x0, 0x6d, 0x10, 0xe, 0x23, 0x20, 0xe,
    0xa1, 0x0, 0x31, 0x80, 0x66, 0xed, 0xcd, 0xd1,
    0x0, 0x43, 0x20, 0xb, 0x0, 0xcd, 0x22, 0x1,
    0x17, 0x80, 0x66, 0x2, 0x20, 0x6, 0x80, 0xf,
    0x11, 0x80, 0x42, 0x48, 0x1, 0xdd, 0xff, 0xf1,
    0x80, 0x67, 0xe0, 0xf, 0xfe, 0x31, 0x80, 0x7f,
    0xf3, 0x45, 0x57, 0xf2, 0x19, 0x95, 0x6e, 0x0,
    0xc7, 0x55, 0xfa, 0xf3, 0x15, 0x43, 0x50, 0xc,
    0x46, 0x1, 0xf2, 0x90, 0x6, 0x31, 0x0, 0xde,
    0x1, 0xe5, 0xad, 0xe9, 0x50, 0x4, 0x0, 0x63,
    0xd5, 0x21, 0x39, 0xa0, 0x0, 0xb5, 0x80, 0x18,
    0xc0, 0x31, 0x56, 0xf6, 0x30, 0x7, 0x58, 0x5,
    0xa4, 0x1, 0xff, 0xc1, 0x75, 0x0, 0x87, 0x10,
    0x3, 0xfe, 0x88, 0x0, 0x70, 0xdd, 0x18, 0x7,
    0xcb, 0xae, 0x1, 0xf9, 0x73, 0xaa, 0x22, 0xbe,
    0xa2, 0x0, 0xc0,

    /* U+00EA "ê" */
    0x0, 0xf9, 0x3f, 0xf5, 0x0, 0x7f, 0xf0, 0x4a,
    0xc0, 0x32, 0xc0, 0x7, 0xfc, 0x38, 0x1, 0xe7,
    0x60, 0xf, 0xf6, 0x88, 0x1, 0xb0, 0x2, 0x94,
    0x0, 0xfd, 0x66, 0x0, 0x49, 0x3a, 0x0, 0xac,
    0x80, 0x3d, 0x28, 0x0, 0x2a, 0x0, 0x2b, 0x80,
    0x58, 0x20, 0x1d, 0x3f, 0xf6, 0x88, 0x5, 0x1f,
    0xf7, 0x8, 0x7, 0xff, 0x44, 0x95, 0xdc, 0xc8,
    0x1, 0xff, 0xc0, 0x6d, 0xd5, 0x44, 0x26, 0xfe,
    0x88, 0x3, 0xe1, 0xc9, 0x20, 0xf, 0x97, 0x54,
    0x3, 0x87, 0xcc, 0x3, 0xfe, 0xa4, 0x0, 0xda,
    0x20, 0x1c, 0x46, 0x40, 0x1d, 0x42, 0x0, 0x63,
    0x0, 0xcd, 0xdb, 0x9b, 0xa2, 0x0, 0x86, 0x40,
    0x16, 0x1, 0x9a, 0x44, 0x2, 0x2f, 0x0, 0xcc,
    0x4, 0x40, 0xd, 0x0, 0x1e, 0x23, 0x0, 0x84,
    0x90, 0x3, 0xbb, 0xff, 0xe3, 0x0, 0xcf, 0xc0,
    0x1f, 0xfc, 0x63, 0x0, 0xff, 0xe6, 0x8a, 0xaf,
    0xe4, 0x33, 0x2a, 0xdc, 0x1, 0x8e, 0xab, 0xf5,
    0xe6, 0x2a, 0x86, 0xa0, 0x18, 0x8c, 0x3, 0xe5,
    0x20, 0xc, 0x62, 0x1, 0xbc, 0x3, 0xcb, 0x5b,
    0xd2, 0xa0, 0x8, 0x0, 0xc7, 0xaa, 0x42, 0x73,
    0x40, 0x1, 0x6b, 0x0, 0x31, 0x80, 0x62, 0xad,
    0xec, 0x60, 0xe, 0xb0, 0xb, 0x48, 0x3, 0xff,
    0x82, 0xea, 0x1, 0xe, 0x20, 0x7, 0xfd, 0x10,
    0x0, 0xe1, 0xba, 0x30, 0xf, 0x97, 0x5c, 0x3,
    0xf2, 0xe7, 0x54, 0x45, 0x7d, 0x44, 0x1, 0x80,

    /* U+00EB "ë" */
    0x0, 0xc6, 0xab, 0x18, 0x4, 0xab, 0x84, 0x3,
    0xe8, 0xaa, 0xc0, 0x1, 0xaa, 0xca, 0x1, 0xff,
    0xf7, 0xbf, 0xfa, 0x40, 0x3, 0xff, 0x90, 0x3,
    0xff, 0xa4, 0x4a, 0xee, 0x64, 0x0, 0xff, 0xe0,
    0x36, 0xea, 0xa2, 0x13, 0x7f, 0x44, 0x1, 0xf0,
    0xe4, 0x90, 0x7, 0xcb, 0xaa, 0x1, 0xc3, 0xe6,
    0x1, 0xff, 0x52, 0x0, 0x6d, 0x10, 0xe, 0x23,
    0x20, 0xe, 0xa1, 0x0, 0x31, 0x80, 0x66, 0xed,
    0xcd, 0xd1, 0x0, 0x43, 0x20, 0xb, 0x0, 0xcd,
    0x22, 0x1, 0x17, 0x80, 0x66, 0x2, 0x20, 0x6,
    0x80, 0xf, 0x11, 0x80, 0x42, 0x48, 0x1, 0xdd,
    0xff, 0xf1, 0x80, 0x67, 0xe0, 0xf, 0xfe, 0x31,
    0x80, 0x7f, 0xf3, 0x45, 0x57, 0xf2, 0x19, 0x95,
    0x6e, 0x0, 0xc7, 0x55, 0xfa, 0xf3, 0x15, 0x43,
    0x50, 0xc, 0x46, 0x1, 0xf2, 0x90, 0x6, 0x31,
    0x0, 0xde, 0x1, 0xe5, 0xad, 0xe9, 0x50, 0x4,
    0x0, 0x63, 0xd5, 0x21, 0x39, 0xa0, 0x0, 0xb5,
    0x80, 0x18, 0xc0, 0x31, 0x56, 0xf6, 0x30, 0x7,
    0x58, 0x5, 0xa4, 0x1, 0xff, 0xc1, 0x75, 0x0,
    0x87, 0x10, 0x3, 0xfe, 0x88, 0x0, 0x70, 0xdd,
    0x18, 0x7, 0xcb, 0xae, 0x1, 0xf9, 0x73, 0xaa,
    0x22, 0xbe, 0xa2, 0x0, 0xc0,

    /* U+00EC "ì" */
    0x0, 0xfc, 0xbf, 0xf2, 0x80, 0x4a, 0x20, 0xe,
    0x0, 0xd2, 0x0, 0x42, 0x0, 0x98, 0x2, 0xb0,
    0x8, 0x54, 0x0, 0xc0, 0x1a, 0x40, 0x27, 0x0,
    0x8c, 0xc0, 0xa, 0x0, 0xd9, 0xfe, 0xd0, 0xf,
    0xfe, 0x39, 0x7f, 0xec, 0x0, 0xff, 0xff, 0x80,
    0x7f, 0xfe, 0x40,

    /* U+00ED "í" */
    0x0, 0xff, 0xe0, 0xd7, 0xfb, 0x80, 0x30, 0xa8,
    0x1, 0x80, 0x34, 0x80, 0x54, 0x1, 0x98, 0x0,
    0x84, 0x1, 0x28, 0x80, 0x3c, 0x3, 0x48, 0x0,
    0x90, 0x2, 0x33, 0x0, 0x2c, 0x3, 0x1f, 0xfc,
    0xc0, 0x1f, 0xfc, 0x92, 0xff, 0xd8, 0x1, 0xff,
    0xff, 0x0, 0xff, 0xff, 0x80, 0x7f, 0xf0, 0xc0,

    /* U+00EE "î" */
    0x0, 0xec, 0xff, 0xb8, 0x80, 0x3f, 0x59, 0x80,
    0x43, 0xe2, 0x1, 0xe9, 0x40, 0xe, 0x2d, 0x0,
    0xe6, 0x60, 0x0, 0x79, 0x0, 0x7, 0x40, 0x12,
    0x48, 0x5, 0xa3, 0x44, 0x0, 0x58, 0x3, 0xb0,
    0xa, 0x8c, 0x7, 0xc0, 0x27, 0x63, 0xff, 0xca,
    0x1, 0x17, 0xfe, 0x60, 0xf, 0xfe, 0xb1, 0x7f,
    0xec, 0x0, 0xff, 0xff, 0x80, 0x7f, 0xff, 0xc0,
    0x3f, 0xff, 0xe0, 0x1f, 0xfe, 0x60,

    /* U+00EF "ï" */
    0x35, 0x58, 0xc0, 0x25, 0x5c, 0x33, 0x55, 0x48,
    0x5, 0x55, 0x94, 0x3, 0xff, 0xb7, 0x5f, 0xf5,
    0x0, 0x5f, 0xf9, 0x0, 0x3f, 0xfa, 0x25, 0xff,
    0xb0, 0x3, 0xff, 0xfe, 0x1, 0xff, 0xff, 0x0,
    0xff, 0xff, 0x80, 0x7f, 0xf0, 0x40,

    /* U+00F0 "ð" */
    0x0, 0xff, 0xe0, 0x88, 0x7, 0xff, 0x5, 0xd9,
    0x0, 0x3, 0xf6, 0x1, 0xff, 0x1c, 0x4d, 0xfd,
    0x60, 0xa6, 0x8, 0x7, 0xf2, 0x80, 0x65, 0x20,
    0x1, 0x0, 0x7f, 0xb0, 0x3, 0xf6, 0x88, 0x7,
    0xf5, 0xd9, 0xc0, 0x3d, 0x20, 0x1f, 0xe1, 0x4f,
    0x0, 0xf2, 0xb0, 0x7, 0xfd, 0x60, 0x10, 0x80,
    0x50, 0x1, 0xff, 0x62, 0x3, 0xf1, 0x80, 0x5,
    0xc0, 0x3f, 0xeb, 0x98, 0xd, 0x0, 0xa8, 0x3,
    0xe1, 0x7c, 0xef, 0x9d, 0x92, 0x60, 0x1, 0x10,
    0x3, 0x9f, 0xa0, 0xc4, 0x0, 0x4d, 0x8e, 0x1,
    0x28, 0x6, 0xb8, 0x0, 0xfe, 0x10, 0xb, 0x40,
    0x29, 0x40, 0xf, 0xfe, 0x13, 0x0, 0x11, 0x80,
    0x31, 0x45, 0x51, 0x80, 0x3c, 0x60, 0x8, 0x0,
    0xc9, 0xae, 0xaa, 0x9c, 0x0, 0xf8, 0x4c, 0x3,
    0x50, 0x7, 0x1c, 0x80, 0x70, 0xa0, 0x6, 0x61,
    0x0, 0xf3, 0x0, 0x71, 0x90, 0x6, 0xf0, 0xf,
    0xc6, 0x1, 0x87, 0xc0, 0x31, 0x80, 0x7e, 0x70,
    0xf, 0xf1, 0x80, 0x7f, 0xf0, 0x47, 0x80, 0x37,
    0x0, 0x7e, 0x50, 0xc, 0x6a, 0x1, 0x90, 0x3,
    0xe2, 0x10, 0x8, 0x44, 0x62, 0x1, 0x1a, 0x80,
    0x7a, 0x40, 0x32, 0x0, 0x18, 0x3, 0x53, 0x0,
    0x45, 0x48, 0x1, 0xa4, 0x1, 0x2, 0x1, 0xa7,
    0xf7, 0xb5, 0x40, 0x32, 0x18, 0x5, 0xa0, 0x1e,
    0x21, 0x0, 0xe2, 0xa0, 0xc, 0x78, 0x20, 0x1f,
    0xe3, 0xc1, 0x0, 0xe3, 0xf7, 0x0, 0xf8, 0x63,
    0x4, 0x3, 0xe1, 0x8f, 0xc9, 0x88, 0x4e, 0x73,
    0x80, 0x70,

    /* U+00F1 "ñ" */
    0x0, 0xc7, 0x12, 0xc0, 0x1f, 0xfc, 0x25, 0xc7,
    0x69, 0xe5, 0x0, 0xf, 0xfc, 0x1, 0xe8, 0x0,
    0xc3, 0x56, 0x44, 0x0, 0x84, 0x3, 0x9, 0x0,
    0x4, 0x2, 0x4d, 0xc0, 0x8, 0x40, 0x3f, 0x67,
    0xb0, 0x7, 0x88, 0x3, 0x84, 0x2, 0x20, 0x9a,
    0x10, 0xd, 0x20, 0x1e, 0xff, 0x80, 0x25, 0xe8,
    0x67, 0xc4, 0x0, 0xff, 0xe1, 0x3c, 0xc1, 0x80,
    0x7f, 0xf4, 0xcd, 0x9d, 0xcc, 0x60, 0x1d, 0x1f,
    0xf6, 0x83, 0x6e, 0x4c, 0x42, 0x73, 0x94, 0x3,
    0xf5, 0x49, 0x0, 0x78, 0x6a, 0x0, 0x3c, 0x4a,
    0x1, 0xfe, 0x75, 0x0, 0xff, 0xe3, 0x40, 0x7,
    0xe6, 0xcd, 0xc7, 0x0, 0xe2, 0x30, 0xf, 0x44,
    0x99, 0x1c, 0x50, 0x7, 0x20, 0x7, 0x13, 0x80,
    0x72, 0x98, 0x6, 0xe0, 0xe, 0x40, 0xf, 0xac,
    0x3, 0x10, 0x7, 0x8, 0x7, 0xc6, 0x1, 0xfe,
    0xf0, 0xf, 0xfe, 0x73, 0x80, 0x7f, 0xff, 0xc0,
    0x3f, 0xff, 0xe0, 0x1f, 0x0,

    /* U+00F2 "ò" */
    0x0, 0xff, 0xe7, 0x47, 0xfc, 0x20, 0x1f, 0xfc,
    0x49, 0x0, 0xa4, 0x3, 0xff, 0x88, 0x2a, 0x0,
    0x60, 0xf, 0xfe, 0x2f, 0x0, 0x5, 0x80, 0x3f,
    0xf8, 0x88, 0x40, 0xa, 0x0, 0xff, 0xe2, 0xd8,
    0x0, 0xcc, 0x1, 0xff, 0xc4, 0x61, 0x0, 0x48,
    0x7, 0xff, 0x17, 0xbf, 0xd4, 0x1, 0xff, 0xd9,
    0x25, 0x77, 0x32, 0x8, 0x7, 0xff, 0x1, 0xb7,
    0x55, 0x10, 0x9b, 0xea, 0x20, 0xf, 0xc3, 0x92,
    0x40, 0x1f, 0x2e, 0xb8, 0x7, 0x87, 0xcc, 0x3,
    0xfe, 0x88, 0x0, 0x76, 0x88, 0x7, 0xff, 0x5,
    0xd4, 0x2, 0x63, 0x0, 0xc5, 0x5b, 0xd8, 0xe0,
    0x1d, 0x60, 0x15, 0x80, 0x63, 0xd5, 0x21, 0x38,
    0xb0, 0xc, 0x2c, 0x4, 0x40, 0xd, 0xe0, 0x1e,
    0x45, 0x0, 0xda, 0x8, 0x1, 0x88, 0xc0, 0x3e,
    0xe0, 0xc, 0x81, 0xc0, 0x19, 0x80, 0x3f, 0x28,
    0x7, 0x8, 0x7, 0x8, 0x7, 0xe1, 0x0, 0xff,
    0xe4, 0x8, 0x7, 0xb8, 0x3, 0x38, 0x7, 0xe5,
    0x0, 0xe1, 0x40, 0xc, 0x46, 0x1, 0xf7, 0x0,
    0x64, 0x2, 0x20, 0x6, 0xe0, 0xf, 0x2a, 0x80,
    0x36, 0x80, 0x2c, 0x3, 0x16, 0xa9, 0x9, 0xcd,
    0x0, 0x61, 0x60, 0x3, 0x18, 0x6, 0x2a, 0xde,
    0xc6, 0x0, 0xeb, 0x0, 0xda, 0x20, 0x1f, 0xfc,
    0x17, 0x50, 0xc, 0x3e, 0x60, 0x1f, 0xf4, 0x40,
    0x3, 0xc3, 0x92, 0x40, 0x1f, 0x2e, 0xb8, 0x7,
    0xf3, 0x6e, 0xaa, 0x21, 0x37, 0xf4, 0x40, 0x1c,

    /* U+00F3 "ó" */
    0x0, 0xff, 0xea, 0x5f, 0xfb, 0x80, 0x3f, 0xf8,
    0x84, 0x80, 0x9, 0x0, 0xff, 0xe2, 0x58, 0x4,
    0xc0, 0x1f, 0xfc, 0x46, 0x0, 0x28, 0x80, 0x7f,
    0xf0, 0xd8, 0x2, 0x90, 0xf, 0xfe, 0x25, 0x80,
    0xc, 0xc0, 0x1f, 0xfc, 0x34, 0x20, 0x4, 0x80,
    0x7f, 0xf1, 0x13, 0xfe, 0x50, 0xf, 0xfe, 0xc1,
    0x2b, 0xb9, 0x90, 0x40, 0x3f, 0xf8, 0xd, 0xba,
    0xa8, 0x84, 0xdf, 0x51, 0x0, 0x7e, 0x1c, 0x92,
    0x0, 0xf9, 0x75, 0xc0, 0x3c, 0x3e, 0x60, 0x1f,
    0xf4, 0x40, 0x3, 0xb4, 0x40, 0x3f, 0xf8, 0x2e,
    0xa0, 0x13, 0x18, 0x6, 0x2a, 0xde, 0xc7, 0x0,
    0xeb, 0x0, 0xac, 0x3, 0x1e, 0xa9, 0x9, 0xc5,
    0x80, 0x61, 0x60, 0x22, 0x0, 0x6f, 0x0, 0xf2,
    0x28, 0x6, 0xd0, 0x40, 0xc, 0x46, 0x1, 0xf7,
    0x0, 0x64, 0xe, 0x0, 0xcc, 0x1, 0xf9, 0x40,
    0x38, 0x40, 0x38, 0x40, 0x3f, 0x8, 0x7, 0xff,
    0x20, 0x40, 0x3d, 0xc0, 0x19, 0xc0, 0x3f, 0x28,
    0x7, 0xa, 0x0, 0x62, 0x30, 0xf, 0xb8, 0x3,
    0x20, 0x11, 0x0, 0x37, 0x0, 0x79, 0x54, 0x1,
    0xb4, 0x1, 0x60, 0x18, 0xb5, 0x48, 0x4e, 0x68,
    0x3, 0xb, 0x0, 0x18, 0xc0, 0x31, 0x56, 0xf6,
    0x30, 0x7, 0x58, 0x6, 0xd1, 0x0, 0xff, 0xe0,
    0xba, 0x80, 0x61, 0xf3, 0x0, 0xff, 0xa2, 0x0,
    0x1e, 0x1c, 0x92, 0x0, 0xf9, 0x75, 0xc0, 0x3f,
    0x9b, 0x75, 0x51, 0x9, 0xbf, 0xa2, 0x0, 0xe0,

    /* U+00F4 "ô" */
    0x0, 0xf8, 0xff, 0xf5, 0x0, 0x7f, 0xf0, 0x8b,
    0x40, 0x32, 0xc0, 0x7, 0xff, 0x0, 0x7c, 0x40,
    0x39, 0xd8, 0x3, 0xfe, 0xd2, 0x0, 0x36, 0x80,
    0x52, 0x80, 0x1f, 0xd4, 0x60, 0x3, 0x92, 0xb0,
    0xa, 0xcc, 0x3, 0xe8, 0x50, 0x1, 0x68, 0x1,
    0x20, 0x2, 0xd1, 0x0, 0xf4, 0x7f, 0xda, 0x20,
    0x13, 0xff, 0xdc, 0x20, 0x1f, 0xfd, 0x32, 0x57,
    0x73, 0x20, 0x80, 0x7f, 0xf0, 0x1b, 0x75, 0x51,
    0x9, 0xbe, 0xa2, 0x0, 0xfc, 0x39, 0x24, 0x1,
    0xf2, 0xeb, 0x80, 0x78, 0x7c, 0xc0, 0x3f, 0xe8,
    0x80, 0x7, 0x68, 0x80, 0x7f, 0xf0, 0x5d, 0x40,
    0x26, 0x30, 0xc, 0x55, 0xbd, 0x8e, 0x1, 0xd6,
    0x1, 0x58, 0x6, 0x3d, 0x52, 0x13, 0x8b, 0x0,
    0xc2, 0xc0, 0x44, 0x0, 0xde, 0x1, 0xe4, 0x50,
    0xd, 0xa0, 0x80, 0x18, 0x8c, 0x3, 0xee, 0x0,
    0xc8, 0x1c, 0x1, 0x98, 0x3, 0xf2, 0x80, 0x70,
    0x80, 0x70, 0x80, 0x7e, 0x10, 0xf, 0xfe, 0x40,
    0x80, 0x7b, 0x80, 0x33, 0x80, 0x7e, 0x50, 0xe,
    0x14, 0x0, 0xc4, 0x60, 0x1f, 0x70, 0x6, 0x40,
    0x22, 0x0, 0x6e, 0x0, 0xf2, 0xa8, 0x3, 0x68,
    0x2, 0xc0, 0x31, 0x6a, 0x90, 0x9c, 0xd0, 0x6,
    0x16, 0x0, 0x31, 0x80, 0x62, 0xad, 0xec, 0x60,
    0xe, 0xb0, 0xd, 0xa2, 0x1, 0xff, 0xc1, 0x75,
    0x0, 0xc3, 0xe6, 0x1, 0xff, 0x44, 0x0, 0x3c,
    0x39, 0x24, 0x1, 0xf2, 0xeb, 0x80, 0x7f, 0x36,
    0xea, 0xa2, 0x13, 0x7f, 0x44, 0x1, 0xc0,

    /* U+00F5 "õ" */
    0x0, 0xe4, 0x89, 0x50, 0xf, 0xfe, 0x23, 0xdb,
    0xb5, 0x6a, 0x0, 0x13, 0xfd, 0x80, 0x1f, 0xa0,
    0x3, 0x15, 0xc8, 0x90, 0x0, 0x80, 0x3e, 0x40,
    0x8, 0x40, 0x26, 0xe9, 0x0, 0x18, 0x7, 0xf8,
    0x7b, 0x88, 0x1, 0xe7, 0x0, 0xf9, 0x80, 0x6,
    0x3, 0x70, 0x1, 0xd0, 0x1, 0xf1, 0x7f, 0xb4,
    0x2, 0x7e, 0x86, 0x8d, 0x20, 0xf, 0xfe, 0x18,
    0xbc, 0xb9, 0x0, 0x7f, 0xf5, 0x49, 0x5d, 0xcc,
    0x82, 0x1, 0xff, 0xc0, 0x6d, 0xd5, 0x44, 0x26,
    0xfa, 0x88, 0x3, 0xf0, 0xe4, 0x90, 0x7, 0xcb,
    0xae, 0x1, 0xe1, 0xf3, 0x0, 0xff, 0xa2, 0x0,
    0x1d, 0xa2, 0x1, 0xff, 0xc1, 0x75, 0x0, 0x98,
    0xc0, 0x31, 0x56, 0xf6, 0x38, 0x7, 0x58, 0x5,
    0x60, 0x18, 0xf5, 0x48, 0x4e, 0x2c, 0x3, 0xb,
    0x1, 0x10, 0x3, 0x78, 0x7, 0x91, 0x40, 0x36,
    0x82, 0x0, 0x62, 0x30, 0xf, 0xb8, 0x3, 0x20,
    0x70, 0x6, 0x60, 0xf, 0xca, 0x1, 0xc2, 0x1,
    0xc2, 0x1, 0xf8, 0x40, 0x3f, 0xf9, 0x2, 0x1,
    0xee, 0x0, 0xce, 0x1, 0xf9, 0x40, 0x38, 0x50,
    0x3, 0x11, 0x80, 0x7d, 0xc0, 0x19, 0x0, 0x88,
    0x1, 0xb8, 0x3, 0xca, 0xa0, 0xd, 0xa0, 0xb,
    0x0, 0xc5, 0xaa, 0x42, 0x73, 0x40, 0x18, 0x58,
    0x0, 0xc6, 0x1, 0x8a, 0xb7, 0xb1, 0x80, 0x3a,
    0xc0, 0x36, 0x88, 0x7, 0xff, 0x5, 0xd4, 0x3,
    0xf, 0x98, 0x7, 0xfd, 0x10, 0x0, 0xf0, 0xe4,
    0x90, 0x7, 0xcb, 0xae, 0x1, 0xfc, 0xdb, 0xaa,
    0x88, 0x4d, 0xfd, 0x10, 0x7, 0x0,

    /* U+00F6 "ö" */
    0x0, 0xc6, 0xab, 0x18, 0x4, 0xab, 0x84, 0x3,
    0xf4, 0xd5, 0x52, 0x1, 0x55, 0x65, 0x0, 0xff,
    0xfd, 0xd7, 0xfd, 0x40, 0x17, 0xfe, 0x40, 0xf,
    0xfe, 0xa1, 0x2b, 0xb9, 0x90, 0x40, 0x3f, 0xf8,
    0xd, 0xba, 0xa8, 0x84, 0xdf, 0x51, 0x0, 0x7e,
    0x1c, 0x92, 0x0, 0xf9, 0x75, 0xc0, 0x3c, 0x3e,
    0x60, 0x1f, 0xf4, 0x40, 0x3, 0xb4, 0x40, 0x3f,
    0xf8, 0x2e, 0xa0, 0x13, 0x18, 0x6, 0x2a, 0xde,
    0xc7, 0x0, 0xeb, 0x0, 0xac, 0x3, 0x1e, 0xa9,
    0x9, 0xc5, 0x80, 0x61, 0x60, 0x22, 0x0, 0x6f,
    0x0, 0xf2, 0x28, 0x6, 0xd0, 0x40, 0xc, 0x46,
    0x1, 0xf7, 0x0, 0x64, 0xe, 0x0, 0xcc, 0x1,
    0xf9, 0x40, 0x38, 0x40, 0x38, 0x40, 0x3f, 0x8,
    0x7, 0xff, 0x20, 0x40, 0x3d, 0xc0, 0x19, 0xc0,
    0x3f, 0x28, 0x7, 0xa, 0x0, 0x62, 0x30, 0xf,
    0xb8, 0x3, 0x20, 0x11, 0x0, 0x37, 0x0, 0x79,
    0x54, 0x1, 0xb4, 0x1, 0x60, 0x18, 0xb5, 0x48,
    0x4e, 0x68, 0x3, 0xb, 0x0, 0x18, 0xc0, 0x31,
    0x56, 0xf6, 0x30, 0x7, 0x58, 0x6, 0xd1, 0x0,
    0xff, 0xe0, 0xba, 0x80, 0x61, 0xf3, 0x0, 0xff,
    0xa2, 0x0, 0x1e, 0x1c, 0x92, 0x0, 0xf9, 0x75,
    0xc0, 0x3f, 0x9b, 0x75, 0x51, 0x9, 0xbf, 0xa2,
    0x0, 0xe0,

    /* U+00F7 "÷" */
    0x0, 0xe3, 0x77, 0xc0, 0x1f, 0xf5, 0xc4, 0x60,
    0xf, 0xff, 0x7c, 0x7f, 0xe0, 0xf, 0xfe, 0x56,
    0xff, 0xff, 0xf0, 0x90, 0x3, 0xff, 0xa8, 0xe6,
    0x7f, 0xfc, 0x27, 0xac, 0xcf, 0xfe, 0x11, 0x80,
    0x71, 0xbb, 0xe0, 0xf, 0xfa, 0xe2, 0x30, 0x7,
    0xff, 0xa8,

    /* U+00F8 "ø" */
    0x0, 0xf8, 0x95, 0xdc, 0xc8, 0x20, 0x11, 0x80,
    0x7e, 0x6d, 0xd5, 0x44, 0x26, 0xfa, 0x8e, 0xf1,
    0x40, 0x38, 0x72, 0x48, 0x3, 0xe5, 0xc4, 0xa,
    0x50, 0x8, 0x7c, 0xc0, 0x3f, 0xf8, 0x54, 0x80,
    0xd, 0x10, 0xf, 0xfe, 0x19, 0xa0, 0x31, 0x80,
    0x62, 0xad, 0xec, 0x50, 0xf, 0x68, 0x2, 0xc0,
    0x31, 0xea, 0x90, 0x82, 0x0, 0x79, 0xc0, 0x88,
    0x1, 0xbc, 0x2, 0x3c, 0x10, 0xf, 0x68, 0x20,
    0x6, 0x23, 0x0, 0x1e, 0x0, 0x42, 0x1, 0x90,
    0x38, 0x3, 0x30, 0x1, 0x30, 0x2, 0x3c, 0x0,
    0xe1, 0x0, 0xe1, 0x4, 0xb0, 0x8, 0xf0, 0x80,
    0x3f, 0xf8, 0xb, 0x60, 0x12, 0x60, 0x8, 0x7,
    0xb8, 0x3, 0x2d, 0x0, 0x49, 0x60, 0x5, 0x0,
    0xe1, 0x40, 0xf, 0xcb, 0x60, 0x17, 0x0, 0x64,
    0x2, 0x20, 0x7, 0x96, 0x80, 0x25, 0x50, 0x6,
    0xd0, 0x2, 0x80, 0x7b, 0x8, 0x4e, 0x68, 0x3,
    0xb, 0x2, 0x38, 0x7, 0xa7, 0x7b, 0x18, 0x3,
    0xac, 0x1, 0xc0, 0x1f, 0xfc, 0x47, 0x50, 0x5,
    0x20, 0x7, 0xff, 0xa, 0x20, 0x1, 0xad, 0x2,
    0xe4, 0x80, 0x3e, 0x5d, 0x70, 0xf, 0x5e, 0x23,
    0x6e, 0xaa, 0x21, 0x37, 0xf4, 0x40, 0x1c,

    /* U+00F9 "ù" */
    0x0, 0xff, 0xe5, 0xaf, 0xfc, 0x80, 0x1f, 0xfc,
    0x25, 0x10, 0x7, 0x80, 0x7f, 0xf0, 0xd8, 0x0,
    0x84, 0x1, 0xff, 0xc2, 0x90, 0xa, 0x80, 0x3f,
    0xf8, 0x42, 0xa0, 0x6, 0x0, 0xff, 0xe1, 0xc8,
    0x0, 0x58, 0x3, 0xff, 0x84, 0x64, 0x0, 0xb0,
    0xf, 0xfe, 0x1e, 0xff, 0xb4, 0x3, 0xff, 0xc5,
    0xbf, 0xf8, 0x80, 0x3e, 0x9f, 0xfc, 0xc0, 0x1f,
    0xff, 0xf0, 0xf, 0xff, 0xf8, 0x7, 0xff, 0x38,
    0x40, 0x3e, 0x30, 0xf, 0xf3, 0x0, 0x7c, 0x20,
    0x1c, 0xc0, 0x1b, 0xc0, 0x3e, 0x40, 0xe, 0x20,
    0xc, 0xa6, 0x1, 0xd0, 0x1, 0xec, 0x0, 0xec,
    0x72, 0x22, 0x53, 0x80, 0x79, 0x44, 0x3, 0xa3,
    0x75, 0x6a, 0x1, 0xfa, 0x0, 0x3f, 0xf8, 0xcc,
    0xa0, 0x1f, 0xe6, 0x0, 0xfa, 0xa4, 0x40, 0x3c,
    0x55, 0x20, 0x1f, 0x9b, 0xae, 0x62, 0x15, 0xba,
    0x50, 0xff, 0xcc,

    /* U+00FA "ú" */
    0x0, 0xff, 0xe8, 0xff, 0xd4, 0x1, 0xff, 0xc2,
    0x60, 0xa, 0x40, 0x3f, 0xf8, 0x56, 0x0, 0x33,
    0x0, 0x7f, 0xf0, 0x50, 0x80, 0x12, 0x1, 0xff,
    0xc2, 0xf0, 0x0, 0xa8, 0x7, 0xff, 0x4, 0x90,
    0x0, 0xc0, 0x1f, 0xfc, 0x2a, 0x0, 0xa4, 0x3,
    0xff, 0x85, 0x1f, 0xf0, 0x80, 0x7f, 0xf8, 0x77,
    0xff, 0x10, 0x7, 0xd3, 0xff, 0x98, 0x3, 0xff,
    0xfe, 0x1, 0xff, 0xff, 0x0, 0xff, 0xe7, 0x8,
    0x7, 0xc6, 0x1, 0xfe, 0x60, 0xf, 0x84, 0x3,
    0x98, 0x3, 0x78, 0x7, 0xc8, 0x1, 0xc4, 0x1,
    0x94, 0xc0, 0x3a, 0x0, 0x3d, 0x80, 0x1d, 0x8e,
    0x44, 0x4a, 0x70, 0xf, 0x28, 0x80, 0x74, 0x6e,
    0xad, 0x40, 0x3f, 0x40, 0x7, 0xff, 0x19, 0x94,
    0x3, 0xfc, 0xc0, 0x1f, 0x54, 0x88, 0x7, 0x8a,
    0xa4, 0x3, 0xf3, 0x75, 0xcc, 0x42, 0xb7, 0x4a,
    0x1f, 0xf9, 0x80,

    /* U+00FB "û" */
    0x0, 0xf2, 0x7f, 0xea, 0x0, 0xff, 0xe0, 0x15,
    0x80, 0x65, 0x80, 0xf, 0xf0, 0xe0, 0x7, 0x9d,
    0x80, 0x3f, 0xb4, 0x40, 0xd, 0x80, 0x14, 0xa0,
    0x7, 0xd6, 0x60, 0x4, 0x93, 0xa0, 0xa, 0xc8,
    0x3, 0xa5, 0x0, 0x5, 0x40, 0x5, 0x70, 0xb,
    0x4, 0x3, 0x4f, 0xfd, 0xa2, 0x1, 0x47, 0xfd,
    0xc2, 0x1, 0xff, 0xdc, 0xdf, 0xfc, 0x40, 0x1f,
    0x4f, 0xfe, 0x60, 0xf, 0xff, 0xf8, 0x7, 0xff,
    0xfc, 0x3, 0xff, 0x9c, 0x20, 0x1f, 0x18, 0x7,
    0xf9, 0x80, 0x3e, 0x10, 0xe, 0x60, 0xd, 0xe0,
    0x1f, 0x20, 0x7, 0x10, 0x6, 0x53, 0x0, 0xe8,
    0x0, 0xf6, 0x0, 0x76, 0x39, 0x11, 0x29, 0xc0,
    0x3c, 0xa2, 0x1, 0xd1, 0xba, 0xb5, 0x0, 0xfd,
    0x0, 0x1f, 0xfc, 0x66, 0x50, 0xf, 0xf3, 0x0,
    0x7d, 0x52, 0x20, 0x1e, 0x2a, 0x90, 0xf, 0xcd,
    0xd7, 0x31, 0xa, 0xdd, 0x28, 0x7f, 0xe6,

    /* U+00FC "ü" */
    0x0, 0x8d, 0x56, 0x30, 0x9, 0x57, 0x8, 0x7,
    0xa2, 0xab, 0x0, 0x6, 0xab, 0x28, 0x7, 0xff,
    0xce, 0xff, 0xe9, 0x0, 0xf, 0xfe, 0x40, 0xf,
    0xfe, 0xee, 0xff, 0xe2, 0x0, 0xfa, 0x7f, 0xf3,
    0x0, 0x7f, 0xff, 0xc0, 0x3f, 0xff, 0xe0, 0x1f,
    0xfc, 0xe1, 0x0, 0xf8, 0xc0, 0x3f, 0xcc, 0x1,
    0xf0, 0x80, 0x73, 0x0, 0x6f, 0x0, 0xf9, 0x0,
    0x38, 0x80, 0x32, 0x98, 0x7, 0x40, 0x7, 0xb0,
    0x3, 0xb1, 0xc8, 0x89, 0x4e, 0x1, 0xe5, 0x10,
    0xe, 0x8d, 0xd5, 0xa8, 0x7, 0xe8, 0x0, 0xff,
    0xe3, 0x32, 0x80, 0x7f, 0x98, 0x3, 0xea, 0x91,
    0x0, 0xf1, 0x54, 0x80, 0x7e, 0x6e, 0xb9, 0x88,
    0x56, 0xe9, 0x43, 0xff, 0x30,

    /* U+00FD "ý" */
    0x0, 0xff, 0x9f, 0xfe, 0x20, 0xf, 0xfe, 0x24,
    0x80, 0x10, 0x80, 0x3f, 0xf8, 0x6a, 0x20, 0xf,
    0x0, 0xff, 0xe2, 0x48, 0x0, 0x50, 0x3, 0xff,
    0x86, 0x46, 0x0, 0x90, 0xf, 0xfe, 0x25, 0x80,
    0x4c, 0x1, 0xff, 0xc3, 0x16, 0x0, 0x30, 0x80,
    0x7f, 0xf0, 0xc7, 0xfe, 0x90, 0xf, 0xff, 0x33,
    0xff, 0xea, 0x0, 0xfe, 0x9f, 0xfc, 0xac, 0x1,
    0x94, 0x3, 0xf9, 0xc0, 0x21, 0x51, 0x50, 0xc,
    0xc0, 0x1f, 0x28, 0x80, 0x4c, 0x0, 0x90, 0xd,
    0x40, 0x1f, 0x70, 0x6, 0xa0, 0x1, 0x98, 0x2,
    0x32, 0x0, 0xe1, 0x40, 0x8, 0xc8, 0x2, 0xa0,
    0xd, 0x60, 0x1c, 0xc0, 0x1a, 0x40, 0x33, 0x0,
    0x67, 0x0, 0xea, 0x0, 0xca, 0x1, 0xcc, 0x1,
    0xa, 0x80, 0x48, 0x40, 0x13, 0x0, 0x7a, 0xc0,
    0x37, 0x0, 0x5c, 0x1, 0xac, 0x3, 0xc4, 0x60,
    0x12, 0x10, 0xa, 0x80, 0x46, 0x40, 0x1f, 0x48,
    0x6, 0xa0, 0x70, 0xd, 0x40, 0x1f, 0x94, 0x40,
    0x26, 0xa, 0x0, 0xcc, 0x1, 0xfc, 0xc0, 0x10,
    0xb9, 0x80, 0x4c, 0x1, 0xfe, 0xa0, 0xd, 0x0,
    0x1a, 0x80, 0x3f, 0xc4, 0x80, 0x1f, 0x11, 0x80,
    0x7f, 0xdc, 0x1, 0xf5, 0x0, 0x7f, 0xf0, 0x14,
    0x40, 0x3c, 0xc0, 0x1f, 0xfc, 0x16, 0x0, 0xe5,
    0x10, 0xf, 0xfe, 0xc, 0x80, 0x77, 0x0, 0x7f,
    0xf0, 0x84, 0x40, 0x11, 0x20, 0x7, 0xff, 0x9,
    0x4, 0x2, 0xa0, 0xf, 0xfe, 0x1f, 0x0, 0x66,
    0x0, 0xff, 0xe1, 0xa8, 0x4, 0x82, 0x1, 0xff,
    0xc2, 0x50, 0xd, 0xe0, 0x1f, 0xfc, 0x3e, 0x0,
    0x85, 0x0, 0x3f, 0xf8, 0x42, 0x80, 0x13, 0x0,
    0x7f, 0xf0, 0xd8, 0x3, 0x50, 0x7, 0xff, 0xe,
    0x80, 0x24, 0x20, 0xf, 0xf0,

    /* U+00FE "þ" */
    0x7f, 0xfc, 0xe0, 0x1f, 0xff, 0xf0, 0xf, 0xff,
    0x11, 0xb3, 0xb9, 0x48, 0x3, 0xef, 0x0, 0xd7,
    0xd9, 0x31, 0xa, 0xdc, 0x40, 0xf, 0xf1, 0x88,
    0x7, 0x8e, 0xe4, 0x3, 0xff, 0x8e, 0xd2, 0x1,
    0xff, 0xc7, 0x65, 0x0, 0xfc, 0x99, 0xfe, 0xd7,
    0x0, 0xeb, 0x0, 0xf8, 0xec, 0xc0, 0x5, 0x12,
    0x1, 0x85, 0x40, 0x3d, 0x0, 0x1e, 0x63, 0x0,
    0xde, 0x1, 0xe4, 0x0, 0xfa, 0x80, 0x33, 0x80,
    0x70, 0x80, 0x7e, 0x50, 0xc, 0x40, 0x1c, 0x60,
    0x1f, 0x84, 0x3, 0xfc, 0x60, 0x1f, 0x84, 0x3,
    0xfc, 0x20, 0x1f, 0x94, 0x3, 0x10, 0x7, 0x90,
    0x3, 0xed, 0x0, 0xce, 0x1, 0xe8, 0x0, 0xf2,
    0x20, 0x3, 0x78, 0x7, 0x8e, 0xc8, 0x2, 0x6b,
    0x0, 0xc2, 0xa0, 0x1f, 0x26, 0xf6, 0xfc, 0x80,
    0x74, 0x0, 0x7f, 0x84, 0x80, 0x3c, 0xac, 0x1,
    0xff, 0xc5, 0x6a, 0x0, 0xfc, 0x84, 0x1, 0xe2,
    0xa9, 0x0, 0xfe, 0xdd, 0x64, 0xc4, 0x27, 0x74,
    0xa0, 0x1f, 0xfc, 0x3, 0x67, 0x73, 0x10, 0x7,
    0xff, 0xfc, 0x3, 0xff, 0xf8,

    /* U+00FF "ÿ" */
    0x0, 0xcf, 0xff, 0x68, 0x5, 0xbf, 0xf3, 0x80,
    0x7f, 0xfe, 0xd6, 0xaa, 0x90, 0xa, 0x6a, 0xa5,
    0x0, 0xfc, 0x4a, 0xb2, 0x0, 0x48, 0xab, 0x10,
    0x7, 0xff, 0x35, 0xff, 0xf5, 0x0, 0x7f, 0x4f,
    0xfe, 0x56, 0x0, 0xca, 0x1, 0xfc, 0xe0, 0x10,
    0xa8, 0xa8, 0x6, 0x60, 0xf, 0x94, 0x40, 0x26,
    0x0, 0x48, 0x6, 0xa0, 0xf, 0xb8, 0x3, 0x50,
    0x0, 0xcc, 0x1, 0x19, 0x0, 0x70, 0xa0, 0x4,
    0x64, 0x1, 0x50, 0x6, 0xb0, 0xe, 0x60, 0xd,
    0x20, 0x19, 0x80, 0x33, 0x80, 0x75, 0x0, 0x65,
    0x0, 0xe6, 0x0, 0x85, 0x40, 0x24, 0x20, 0x9,
    0x80, 0x3d, 0x60, 0x1b, 0x80, 0x2e, 0x0, 0xd6,
    0x1, 0xe2, 0x30, 0x9, 0x8, 0x5, 0x40, 0x23,
    0x20, 0xf, 0xa4, 0x3, 0x50, 0x38, 0x6, 0xa0,
    0xf, 0xca, 0x20, 0x13, 0x5, 0x0, 0x66, 0x0,
    0xfe, 0x60, 0x8, 0x5c, 0xc0, 0x26, 0x0, 0xff,
    0x50, 0x6, 0x80, 0xd, 0x40, 0x1f, 0xe2, 0x40,
    0xf, 0x88, 0xc0, 0x3f, 0xee, 0x0, 0xfa, 0x80,
    0x3f, 0xf8, 0xa, 0x20, 0x1e, 0x60, 0xf, 0xfe,
    0xb, 0x0, 0x72, 0x88, 0x7, 0xff, 0x6, 0x40,
    0x3b, 0x80, 0x3f, 0xf8, 0x42, 0x20, 0x8, 0x90,
    0x3, 0xff, 0x84, 0x82, 0x1, 0x50, 0x7, 0xff,
    0xf, 0x80, 0x33, 0x0, 0x7f, 0xf0, 0xd4, 0x2,
    0x41, 0x0, 0xff, 0xe1, 0x28, 0x6, 0xf0, 0xf,
    0xfe, 0x1f, 0x0, 0x42, 0x80, 0x1f, 0xfc, 0x21,
    0x40, 0x9, 0x80, 0x3f, 0xf8, 0x6c, 0x1, 0xa8,
    0x3, 0xff, 0x87, 0x40, 0x12, 0x10, 0x7, 0xf8,

    /* U+0100 "Ā" */
    0x0, 0xfa, 0x7f, 0xff, 0x8c, 0x3, 0xff, 0xe3,
    0xe6, 0x7f, 0xc2, 0x1, 0xff, 0xc1, 0x6c, 0xcf,
    0xe2, 0x0, 0xff, 0xff, 0x80, 0x7f, 0xd1, 0xff,
    0xf0, 0x80, 0x7f, 0xf0, 0xd4, 0x3, 0xe7, 0x0,
    0xff, 0xe1, 0x9, 0x0, 0x7d, 0xa0, 0x1f, 0xfc,
    0x27, 0x0, 0xfc, 0x80, 0x1f, 0xfc, 0x2d, 0x0,
    0xfe, 0x50, 0xf, 0xfe, 0x0, 0xa0, 0x6, 0x70,
    0xd, 0xe0, 0x1f, 0xfc, 0x4, 0x0, 0xcb, 0x40,
    0x19, 0x0, 0x3f, 0xf8, 0x1e, 0x1, 0xbc, 0x88,
    0x1, 0x9, 0x80, 0x7f, 0xc8, 0x1, 0x90, 0x10,
    0x3, 0x58, 0x7, 0xf9, 0x4, 0x2, 0x31, 0xd,
    0x0, 0xca, 0x1, 0xfe, 0xc0, 0xd, 0x60, 0x4,
    0x10, 0x8, 0x88, 0x1, 0xfc, 0xa0, 0x19, 0x40,
    0x24, 0x0, 0xca, 0x1, 0xf8, 0x88, 0x1, 0x11,
    0x0, 0x2f, 0x0, 0xd6, 0x1, 0xf9, 0x40, 0x32,
    0x80, 0x65, 0x0, 0xc6, 0x20, 0x1f, 0x58, 0x6,
    0xb0, 0xe, 0x40, 0xc, 0x80, 0x1e, 0x13, 0x0,
    0x84, 0xc0, 0x3b, 0x40, 0x37, 0x80, 0x79, 0xc0,
    0x30, 0xff, 0xfa, 0x40, 0x32, 0x80, 0x7b, 0x40,
    0x3f, 0xf8, 0xa8, 0x1, 0xc8, 0x1, 0xff, 0xc5,
    0xd0, 0xc, 0x80, 0x1f, 0xfc, 0x67, 0x0, 0xda,
    0x1, 0x91, 0x9b, 0xf8, 0x40, 0x21, 0x30, 0x9,
    0xc0, 0x34, 0xcf, 0xf9, 0x80, 0x35, 0x80, 0xc,
    0x40, 0x22, 0x20, 0x7, 0xf6, 0x0, 0x64, 0x0,
    0x58, 0x6, 0x50, 0xf, 0xf2, 0x8, 0x4, 0x62,
    0xa, 0x1, 0xac, 0x3, 0xfe, 0x40, 0xc, 0xe4,
    0x40, 0x8, 0x4c, 0x3, 0xfe, 0xf0, 0xd, 0xa0,

    /* U+0101 "ā" */
    0x0, 0xe8, 0xcc, 0xfe, 0x10, 0xf, 0x8c, 0xff,
    0xc0, 0x1f, 0xfe, 0xb, 0xff, 0xfe, 0x10, 0xf,
    0xff, 0x91, 0x2b, 0xbc, 0xa4, 0x1, 0xfc, 0xdb,
    0xaa, 0x88, 0xab, 0x7a, 0x0, 0x3d, 0x52, 0x40,
    0x1f, 0xb, 0xe8, 0x80, 0x54, 0xa0, 0x1f, 0xf1,
    0x68, 0x1, 0x14, 0x3, 0xff, 0x82, 0x68, 0x1e,
    0x1, 0x8a, 0xbb, 0xfd, 0x42, 0x1, 0xb4, 0x2e,
    0xcc, 0x22, 0xc5, 0x10, 0x2, 0xd0, 0x6, 0x50,
    0x2, 0x4f, 0x78, 0x80, 0x44, 0x86, 0x1, 0xfe,
    0x36, 0xad, 0xfd, 0xb8, 0x0, 0xc2, 0x1, 0x36,
    0xea, 0x54, 0x80, 0x3f, 0xec, 0x92, 0x0, 0xff,
    0xe1, 0x51, 0x80, 0x78, 0x51, 0xe4, 0x3, 0x89,
    0x40, 0x31, 0x4e, 0xf5, 0xc3, 0x80, 0x72, 0x80,
    0x65, 0xd6, 0x20, 0x9, 0x40, 0x3b, 0xc0, 0x37,
    0x0, 0x7b, 0xc0, 0x3f, 0xc6, 0x1, 0xd4, 0x80,
    0x1d, 0x80, 0x1a, 0x29, 0x99, 0x1c, 0xa0, 0x1e,
    0x42, 0x0, 0xcb, 0x32, 0x71, 0x0, 0x8, 0x7,
    0x70, 0x7, 0xf9, 0xa4, 0x3, 0x8f, 0x4c, 0x3,
    0xc5, 0x52, 0x1, 0xf1, 0x66, 0xcc, 0x42, 0x73,
    0x54, 0x1f, 0xfe, 0xd0,

    /* U+0102 "Ă" */
    0x0, 0xf3, 0x7f, 0xce, 0x1, 0x6f, 0xfc, 0x1,
    0xff, 0xc0, 0x50, 0xa, 0x4c, 0x1c, 0x80, 0x4,
    0x1, 0xff, 0xc0, 0x32, 0x0, 0xe, 0x7c, 0x0,
    0x54, 0x1, 0xff, 0xc1, 0xe0, 0xf, 0xc6, 0xe0,
    0x1f, 0xfc, 0x13, 0xb0, 0xf, 0x1e, 0x80, 0x7f,
    0xf0, 0xd3, 0xa1, 0xd, 0x6b, 0x4, 0x3, 0xff,
    0x88, 0x2f, 0x79, 0x4a, 0x1, 0xff, 0xdd, 0x8f,
    0xff, 0x84, 0x3, 0xff, 0x86, 0xa0, 0x1f, 0x38,
    0x7, 0xff, 0x8, 0x48, 0x3, 0xed, 0x0, 0xff,
    0xe1, 0x38, 0x7, 0xe4, 0x0, 0xff, 0xe1, 0x68,
    0x7, 0xf2, 0x80, 0x7f, 0xf0, 0x5, 0x0, 0x33,
    0x80, 0x6f, 0x0, 0xff, 0xe0, 0x20, 0x6, 0x5a,
    0x0, 0xc8, 0x1, 0xff, 0xc0, 0xf0, 0xd, 0xe4,
    0x40, 0x8, 0x4c, 0x3, 0xfe, 0x40, 0xc, 0x80,
    0x80, 0x1a, 0xc0, 0x3f, 0xc8, 0x20, 0x11, 0x88,
    0x68, 0x6, 0x50, 0xf, 0xf6, 0x0, 0x6b, 0x0,
    0x20, 0x80, 0x44, 0x40, 0xf, 0xe5, 0x0, 0xca,
    0x1, 0x20, 0x6, 0x50, 0xf, 0xc4, 0x40, 0x8,
    0x88, 0x1, 0x78, 0x6, 0xb0, 0xf, 0xca, 0x1,
    0x94, 0x3, 0x28, 0x6, 0x31, 0x0, 0xfa, 0xc0,
    0x35, 0x80, 0x72, 0x0, 0x64, 0x0, 0xf0, 0x98,
    0x4, 0x26, 0x1, 0xda, 0x1, 0xbc, 0x3, 0xce,
    0x1, 0x87, 0xff, 0xd2, 0x1, 0x94, 0x3, 0xda,
    0x1, 0xff, 0xc5, 0x40, 0xe, 0x40, 0xf, 0xfe,
    0x2e, 0x80, 0x64, 0x0, 0xff, 0xe3, 0x38, 0x6,
    0xd0, 0xc, 0x8c, 0xdf, 0xc2, 0x1, 0x9, 0x80,
    0x4e, 0x1, 0xa6, 0x7f, 0xcc, 0x1, 0xac, 0x0,
    0x62, 0x1, 0x11, 0x0, 0x3f, 0xb0, 0x3, 0x20,
    0x2, 0xc0, 0x32, 0x80, 0x7f, 0x90, 0x40, 0x23,
    0x10, 0x50, 0xd, 0x60, 0x1f, 0xf2, 0x0, 0x67,
    0x22, 0x0, 0x42, 0x60, 0x1f, 0xf7, 0x80, 0x6d,

    /* U+0103 "ă" */
    0x0, 0xca, 0xb2, 0x0, 0x44, 0xab, 0x10, 0x7,
    0xaa, 0xab, 0x20, 0x4, 0xd5, 0x4c, 0x1, 0xe4,
    0x0, 0xb7, 0x5c, 0x80, 0x12, 0x0, 0x7a, 0x0,
    0x31, 0x8, 0x5, 0x0, 0x1f, 0x1d, 0x80, 0x7c,
    0xce, 0x1, 0xf9, 0x35, 0x84, 0x5, 0x2e, 0x40,
    0x3f, 0xc5, 0x3d, 0xfd, 0x68, 0x1, 0xff, 0xd1,
    0x25, 0x77, 0x94, 0x80, 0x3f, 0x9b, 0x75, 0x51,
    0x15, 0x6f, 0x40, 0x7, 0xaa, 0x48, 0x3, 0xe1,
    0x7d, 0x10, 0xa, 0x94, 0x3, 0xfe, 0x2d, 0x0,
    0x22, 0x80, 0x7f, 0xf0, 0x4d, 0x3, 0xc0, 0x31,
    0x57, 0x7f, 0xa8, 0x40, 0x36, 0x85, 0xd9, 0x84,
    0x58, 0xa2, 0x0, 0x5a, 0x0, 0xca, 0x0, 0x49,
    0xef, 0x10, 0x8, 0x90, 0xc0, 0x3f, 0xc6, 0xd5,
    0xbf, 0xb7, 0x0, 0x18, 0x40, 0x26, 0xdd, 0x4a,
    0x90, 0x7, 0xfd, 0x92, 0x40, 0x1f, 0xfc, 0x2a,
    0x30, 0xf, 0xa, 0x3c, 0x80, 0x71, 0x28, 0x6,
    0x29, 0xde, 0xb8, 0x70, 0xe, 0x50, 0xc, 0xba,
    0xc4, 0x1, 0x28, 0x7, 0x78, 0x6, 0xe0, 0xf,
    0x78, 0x7, 0xf8, 0xc0, 0x3a, 0x90, 0x3, 0xb0,
    0x3, 0x45, 0x33, 0x23, 0x94, 0x3, 0xc8, 0x40,
    0x19, 0x66, 0x4e, 0x20, 0x1, 0x0, 0xee, 0x0,
    0xff, 0x34, 0x80, 0x71, 0xe9, 0x80, 0x78, 0xaa,
    0x40, 0x3e, 0x2c, 0xd9, 0x88, 0x4e, 0x6a, 0x83,
    0xff, 0xda,

    /* U+0104 "Ą" */
    0x0, 0xfd, 0x1f, 0xff, 0x8, 0x7, 0xff, 0xd,
    0x40, 0x3e, 0x70, 0xf, 0xfe, 0x10, 0x90, 0x7,
    0xda, 0x1, 0xff, 0xc2, 0x70, 0xf, 0xc8, 0x1,
    0xff, 0xc2, 0xd0, 0xf, 0xe5, 0x0, 0xff, 0xe0,
    0xa, 0x0, 0x67, 0x0, 0xde, 0x1, 0xff, 0xc0,
    0x40, 0xc, 0x96, 0x1, 0x90, 0x3, 0xff, 0x81,
    0xe0, 0x1b, 0x4c, 0x40, 0x21, 0x30, 0xf, 0xf9,
    0x0, 0x33, 0x83, 0x80, 0x6b, 0x0, 0xff, 0x20,
    0x80, 0x46, 0x21, 0xa0, 0x19, 0x40, 0x3f, 0xd8,
    0x1, 0xac, 0x0, 0x80, 0x18, 0x88, 0x1, 0xfc,
    0xa0, 0x19, 0x40, 0x25, 0x0, 0xca, 0x1, 0xf8,
    0x88, 0x1, 0x11, 0x0, 0x2f, 0x0, 0xd6, 0x1,
    0xf9, 0x40, 0x32, 0x0, 0x64, 0x0, 0xc6, 0x20,
    0x1f, 0x58, 0x6, 0xd0, 0xc, 0x28, 0x1, 0x90,
    0x3, 0xc2, 0x60, 0x19, 0x0, 0x3b, 0x40, 0x37,
    0x80, 0x79, 0xc0, 0x30, 0xcc, 0xfb, 0x0, 0x32,
    0x80, 0x7b, 0x40, 0x30, 0xb3, 0x79, 0x40, 0x39,
    0x0, 0x39, 0x0, 0x3f, 0xf8, 0xba, 0x1, 0x90,
    0x3, 0xff, 0x8c, 0xe0, 0x1b, 0x40, 0x3f, 0xf8,
    0xc2, 0x60, 0x13, 0x80, 0x6d, 0xff, 0xfe, 0x60,
    0xd, 0x60, 0x3, 0x10, 0x8, 0x88, 0x1, 0xfd,
    0xa0, 0x19, 0x0, 0x16, 0x1, 0x94, 0x3, 0xfc,
    0x82, 0x1, 0x18, 0x82, 0x80, 0x6b, 0x0, 0xff,
    0x90, 0x3, 0x39, 0x10, 0x2, 0x13, 0x0, 0xff,
    0xbc, 0x3, 0x69, 0x7f, 0xee, 0x0, 0xff, 0x86,
    0x0, 0x22, 0x80, 0xf, 0xfe, 0x2d, 0x10, 0x1,
    0x30, 0xc0, 0x3f, 0xf8, 0x88, 0x80, 0x1, 0xd8,
    0x80, 0x7f, 0xf1, 0x78, 0x2, 0xf0, 0xf, 0xfe,
    0x3b, 0x80, 0x46, 0x1, 0xff, 0xc7, 0x10, 0xa,
    0xf2, 0x0, 0x3f, 0xf8, 0xb6, 0x1, 0x21, 0xba,
    0x0, 0x7f, 0xf1, 0x1c, 0x80, 0x38, 0x80, 0x3f,
    0xf8, 0xb8, 0xa0, 0x3, 0xb6,

    /* U+0105 "ą" */
    0x0, 0xf1, 0x2b, 0xbc, 0xa4, 0x1, 0xfc, 0xdb,
    0xaa, 0x88, 0xab, 0x7a, 0x0, 0x3d, 0x52, 0x40,
    0x1f, 0xb, 0xe8, 0x80, 0x54, 0xa0, 0x1f, 0xf1,
    0x68, 0x1, 0x14, 0x3, 0xff, 0x82, 0x68, 0x1e,
    0x1, 0x8a, 0xbb, 0xfd, 0x42, 0x1, 0xb4, 0x2e,
    0xcc, 0x22, 0xc5, 0x10, 0x2, 0xd0, 0x6, 0x50,
    0x2, 0x4f, 0x78, 0x80, 0x44, 0x86, 0x1, 0xfe,
    0x36, 0xad, 0xfd, 0xb8, 0x0, 0xc2, 0x1, 0x36,
    0xea, 0x54, 0x80, 0x3f, 0xec, 0x92, 0x0, 0xff,
    0xe1, 0x51, 0x80, 0x78, 0x51, 0xe4, 0x3, 0x89,
    0x40, 0x31, 0x4e, 0xf5, 0xc3, 0x80, 0x72, 0x80,
    0x65, 0xd6, 0x20, 0x9, 0x40, 0x3b, 0xc0, 0x37,
    0x0, 0x7b, 0xc0, 0x3f, 0xc6, 0x1, 0xd4, 0x80,
    0x1d, 0x80, 0x1a, 0x29, 0x99, 0x1c, 0xa0, 0x1e,
    0x42, 0x0, 0xcb, 0x32, 0x71, 0x0, 0x8, 0x7,
    0x70, 0x7, 0xf9, 0xa4, 0x3, 0x8f, 0x4c, 0x3,
    0xc5, 0x54, 0x90, 0xf, 0x16, 0x6c, 0xc4, 0x27,
    0x35, 0xf4, 0x40, 0x5, 0xc0, 0x18, 0x99, 0xdc,
    0xc6, 0x1c, 0x20, 0x4, 0xd3, 0x0, 0xff, 0x29,
    0x80, 0xe, 0xc0, 0x3f, 0xf8, 0x1c, 0x1, 0x70,
    0x7, 0xff, 0x5, 0x80, 0x2, 0x40, 0x1f, 0xfc,
    0x11, 0x0, 0xd, 0x64, 0x0, 0x7f, 0xc8, 0x1,
    0x29, 0xba, 0x0, 0x7f, 0xa4, 0x80, 0x38, 0x80,
    0x3f, 0xc3, 0x8a, 0x0, 0x3b, 0x60,

    /* U+0106 "Ć" */
    0x0, 0xff, 0xe1, 0x77, 0xfa, 0xc0, 0x3f, 0xf9,
    0xa, 0x20, 0xf, 0x0, 0xff, 0xe4, 0x48, 0x0,
    0x90, 0x3, 0xff, 0x8e, 0x66, 0x0, 0x50, 0x7,
    0xff, 0x22, 0x40, 0x27, 0x0, 0xff, 0xe3, 0x8a,
    0x80, 0x18, 0x3, 0xff, 0x90, 0xc0, 0x15, 0x80,
    0x7f, 0xf2, 0x1f, 0xfe, 0x20, 0xf, 0xfe, 0xf9,
    0x2b, 0xbc, 0xc6, 0x1, 0xff, 0xc3, 0x29, 0xed,
    0xa8, 0x8a, 0x73, 0xe9, 0x0, 0x3f, 0xe8, 0xd6,
    0x10, 0xf, 0xcb, 0x76, 0x10, 0xf, 0xd6, 0xe0,
    0x1f, 0xfc, 0x14, 0xf3, 0x0, 0xf6, 0x20, 0x7,
    0xff, 0xc, 0x74, 0x80, 0x34, 0x18, 0x7, 0x25,
    0x6f, 0x6d, 0xb0, 0x7, 0xf, 0x80, 0x44, 0xe0,
    0x18, 0x6e, 0xca, 0x42, 0x49, 0x3c, 0x60, 0x18,
    0x9c, 0x1, 0x0, 0x1d, 0xa8, 0x1, 0xf0, 0xe1,
    0x80, 0x69, 0x1, 0x50, 0xd, 0x6, 0x1, 0xfe,
    0xf0, 0xc, 0x26, 0x80, 0x1c, 0xe0, 0x1f, 0xf1,
    0xa1, 0xbe, 0x79, 0xe0, 0x6, 0x50, 0xf, 0xfe,
    0xd, 0xe4, 0x18, 0x1, 0x40, 0x36, 0x80, 0x7f,
    0xf1, 0xc4, 0x3, 0x10, 0x7, 0xff, 0x1c, 0xc0,
    0x30, 0x80, 0x7f, 0xf8, 0xc, 0x3, 0x8, 0x7,
    0xff, 0x1c, 0x40, 0x31, 0x0, 0x7f, 0xf1, 0xd4,
    0x3, 0x68, 0x7, 0xff, 0x1f, 0x0, 0x32, 0x80,
    0x7f, 0xf0, 0x6f, 0x61, 0x0, 0x8, 0x1, 0xce,
    0x1, 0xff, 0x1a, 0x13, 0xdf, 0x98, 0xa8, 0x6,
    0x83, 0x0, 0xff, 0x70, 0x6, 0x13, 0x8, 0x0,
    0xed, 0x40, 0xf, 0x87, 0x8, 0x3, 0x48, 0x0,
    0x9c, 0x3, 0xd, 0xd9, 0x8c, 0x88, 0x93, 0xc6,
    0x1, 0x89, 0xc0, 0x28, 0x30, 0xe, 0x49, 0xcd,
    0xd5, 0xb0, 0x7, 0xf, 0x80, 0x76, 0x20, 0x7,
    0xff, 0xc, 0x70, 0x80, 0x3d, 0x6e, 0x1, 0xff,
    0xc1, 0x4f, 0x20, 0xf, 0xd1, 0xac, 0x20, 0x1f,
    0x96, 0xec, 0x20, 0x1f, 0xe2, 0x9e, 0xda, 0x88,
    0xa7, 0x3e, 0x90, 0x3, 0xc0,

    /* U+0107 "ć" */
    0x0, 0xff, 0xe9, 0x77, 0xfa, 0x80, 0x3f, 0xf8,
    0x4a, 0x20, 0xe, 0x0, 0xff, 0xe1, 0x48, 0x0,
    0x90, 0x3, 0xff, 0x82, 0x66, 0x0, 0x58, 0x7,
    0xff, 0xa, 0x40, 0x26, 0x0, 0xff, 0xe0, 0x8a,
    0x80, 0x1c, 0x3, 0xff, 0x85, 0x20, 0x15, 0x0,
    0x7f, 0xf0, 0xa3, 0xfe, 0x20, 0xf, 0xfe, 0xa1,
    0xb3, 0xb9, 0x90, 0x3, 0xfe, 0x7e, 0xc9, 0x88,
    0x4d, 0xfc, 0x88, 0x7, 0x8b, 0x60, 0x40, 0x3e,
    0x6e, 0x50, 0xc, 0x58, 0x40, 0x1f, 0xf5, 0x20,
    0x5, 0xe2, 0x1, 0xff, 0xc1, 0xa1, 0x6, 0x20,
    0xc, 0x55, 0xbd, 0x44, 0x1, 0x85, 0x82, 0xc0,
    0x31, 0xea, 0x90, 0xae, 0x90, 0x6, 0xb3, 0x20,
    0xd, 0xe0, 0x1e, 0xe0, 0x37, 0xbc, 0x50, 0xc,
    0x46, 0x1, 0xe3, 0xfc, 0x84, 0xe, 0x0, 0xcc,
    0x1, 0xff, 0xc6, 0x10, 0xf, 0xfe, 0xa7, 0x0,
    0x67, 0x0, 0xff, 0xe0, 0xa8, 0x6, 0x23, 0x0,
    0xf1, 0xdc, 0x29, 0x1, 0x88, 0x6, 0xf0, 0xf,
    0x7a, 0x3d, 0x6d, 0x84, 0x80, 0x63, 0xd5, 0x11,
    0x25, 0x98, 0x6, 0xd0, 0x72, 0x0, 0xc5, 0x5d,
    0xcb, 0x40, 0xc, 0x2c, 0x0, 0xf1, 0x0, 0xff,
    0xe0, 0xe8, 0x4, 0x58, 0x40, 0x1f, 0xe1, 0xb3,
    0x0, 0xc5, 0xae, 0x20, 0x1f, 0x37, 0xa0, 0x7,
    0xd1, 0xd9, 0x31, 0x9, 0xbf, 0x91, 0x0, 0x80,

    /* U+0108 "Ĉ" */
    0x0, 0xff, 0x2c, 0x44, 0xc0, 0x1f, 0xfc, 0x74,
    0xa7, 0x7a, 0x5c, 0x3, 0xff, 0x8a, 0x76, 0x1,
    0xd0, 0xa0, 0x1f, 0xfc, 0x32, 0xd0, 0x9, 0xc0,
    0x2a, 0x30, 0xf, 0xfe, 0x8, 0xf8, 0x80, 0x1e,
    0x24, 0x2, 0xd2, 0x0, 0xff, 0xe0, 0x51, 0x0,
    0x12, 0x1, 0x9c, 0x0, 0x3e, 0x20, 0x1f, 0xe3,
    0x33, 0xba, 0x2c, 0x2, 0x88, 0x3b, 0x95, 0x40,
    0x1f, 0xe3, 0x88, 0x9c, 0x3, 0x9e, 0x22, 0x40,
    0xf, 0xfe, 0x11, 0x2b, 0xbc, 0xc6, 0x1, 0xff,
    0xc3, 0x29, 0xed, 0xa8, 0x8a, 0x73, 0xe9, 0x0,
    0x3f, 0xe8, 0xd6, 0x10, 0xf, 0xcb, 0x76, 0x10,
    0xf, 0xd6, 0xe0, 0x1f, 0xfc, 0x14, 0xf3, 0x0,
    0xf6, 0x20, 0x7, 0xff, 0xc, 0x74, 0x80, 0x34,
    0x18, 0x7, 0x25, 0x6f, 0x6d, 0xb0, 0x7, 0xf,
    0x80, 0x44, 0xe0, 0x18, 0x6e, 0xca, 0x42, 0x49,
    0x3c, 0x60, 0x18, 0x9c, 0x1, 0x0, 0x1d, 0xa8,
    0x1, 0xf0, 0xe1, 0x80, 0x69, 0x1, 0x50, 0xd,
    0x6, 0x1, 0xfe, 0xf0, 0xc, 0x26, 0x80, 0x1c,
    0xe0, 0x1f, 0xf1, 0xa1, 0xbe, 0x79, 0xe0, 0x6,
    0x50, 0xf, 0xfe, 0xd, 0xe4, 0x18, 0x1, 0x40,
    0x36, 0x80, 0x7f, 0xf1, 0xc4, 0x3, 0x10, 0x7,
    0xff, 0x1c, 0xc0, 0x30, 0x80, 0x7f, 0xf8, 0xc,
    0x3, 0x8, 0x7, 0xff, 0x1c, 0x40, 0x31, 0x0,
    0x7f, 0xf1, 0xd4, 0x3, 0x68, 0x7, 0xff, 0x1f,
    0x0, 0x32, 0x80, 0x7f, 0xf0, 0x6f, 0x61, 0x0,
    0x8, 0x1, 0xce, 0x1, 0xff, 0x1a, 0x13, 0xdf,
    0x98, 0xa8, 0x6, 0x83, 0x0, 0xff, 0x70, 0x6,
    0x13, 0x8, 0x0, 0xed, 0x40, 0xf, 0x87, 0x8,
    0x3, 0x48, 0x0, 0x9c, 0x3, 0xd, 0xd9, 0x8c,
    0x88, 0x93, 0xc6, 0x1, 0x89, 0xc0, 0x28, 0x30,
    0xe, 0x49, 0xcd, 0xd5, 0xb0, 0x7, 0xf, 0x80,
    0x76, 0x20, 0x7, 0xff, 0xc, 0x70, 0x80, 0x3d,
    0x6e, 0x1, 0xff, 0xc1, 0x4f, 0x20, 0xf, 0xd1,
    0xac, 0x20, 0x1f, 0x96, 0xec, 0x20, 0x1f, 0xe2,
    0x9e, 0xda, 0x88, 0xa7, 0x3e, 0x90, 0x3, 0xc0,

    /* U+0109 "ĉ" */
    0x0, 0xf8, 0xff, 0xf5, 0x0, 0x7f, 0xf0, 0xb,
    0x40, 0x32, 0xc0, 0x7, 0xf8, 0x7c, 0x40, 0x39,
    0xd8, 0x3, 0xfb, 0x48, 0x0, 0xda, 0x1, 0x4a,
    0x0, 0x7d, 0x46, 0x0, 0x39, 0x2b, 0x0, 0xac,
    0xc0, 0x3a, 0x14, 0x0, 0x5a, 0x0, 0x48, 0x0,
    0xb4, 0x40, 0x34, 0x7f, 0xda, 0x20, 0x13, 0xff,
    0xdc, 0x20, 0x1f, 0xfc, 0xf3, 0x67, 0x73, 0x20,
    0x7, 0xfc, 0xfd, 0x93, 0x10, 0x9b, 0xf9, 0x10,
    0xf, 0x16, 0xc0, 0x80, 0x7c, 0xdc, 0xa0, 0x18,
    0xb0, 0x80, 0x3f, 0xea, 0x40, 0xb, 0xc4, 0x3,
    0xff, 0x83, 0x42, 0xc, 0x40, 0x18, 0xab, 0x7a,
    0x88, 0x3, 0xb, 0x5, 0x80, 0x63, 0xd5, 0x21,
    0x5d, 0x20, 0xd, 0x66, 0x40, 0x1b, 0xc0, 0x3d,
    0xc0, 0x6f, 0x78, 0xa0, 0x18, 0x8c, 0x3, 0xc7,
    0xf9, 0x8, 0x1c, 0x1, 0x98, 0x3, 0xff, 0x8c,
    0x20, 0x1f, 0xfd, 0x4e, 0x0, 0xce, 0x1, 0xff,
    0xc1, 0x50, 0xc, 0x46, 0x1, 0xe3, 0xb8, 0x52,
    0x3, 0x10, 0xd, 0xe0, 0x1e, 0xf4, 0x7a, 0xdb,
    0x9, 0x0, 0xc7, 0xaa, 0x22, 0x4b, 0x30, 0xd,
    0xa0, 0xe4, 0x1, 0x8a, 0xbb, 0x96, 0x80, 0x18,
    0x58, 0x1, 0xe2, 0x1, 0xff, 0xc1, 0xd0, 0x8,
    0xb0, 0x80, 0x3f, 0xc3, 0x66, 0x1, 0x8b, 0x5c,
    0x40, 0x3e, 0x6f, 0x40, 0xf, 0xa3, 0xb2, 0x62,
    0x13, 0x7f, 0x22, 0x1, 0x0,

    /* U+010A "Ċ" */
    0x0, 0xff, 0x4f, 0x76, 0x30, 0xf, 0xfe, 0x39,
    0x88, 0xe0, 0xf, 0xff, 0xf8, 0x7, 0xff, 0x22,
    0xbf, 0xf1, 0x80, 0x7f, 0xfe, 0x9, 0x5d, 0xe6,
    0x30, 0xf, 0xfe, 0x19, 0x4f, 0x6d, 0x44, 0x53,
    0x9f, 0x48, 0x1, 0xff, 0x46, 0xb0, 0x80, 0x7e,
    0x5b, 0xb0, 0x80, 0x7e, 0xb7, 0x0, 0xff, 0xe0,
    0xa7, 0x98, 0x7, 0xb1, 0x0, 0x3f, 0xf8, 0x63,
    0xa4, 0x1, 0xa0, 0xc0, 0x39, 0x2b, 0x7b, 0x6d,
    0x80, 0x38, 0x7c, 0x2, 0x27, 0x0, 0xc3, 0x76,
    0x52, 0x12, 0x49, 0xe3, 0x0, 0xc4, 0xe0, 0x8,
    0x0, 0xed, 0x40, 0xf, 0x87, 0xc, 0x3, 0x48,
    0xa, 0x80, 0x68, 0x30, 0xf, 0xf7, 0x80, 0x61,
    0x34, 0x0, 0xe7, 0x0, 0xff, 0x8d, 0xd, 0xf3,
    0xcf, 0x0, 0x32, 0x80, 0x7f, 0xf0, 0x6f, 0x20,
    0xc0, 0xa, 0x1, 0xb4, 0x3, 0xff, 0x8e, 0x20,
    0x18, 0x80, 0x3f, 0xf8, 0xe6, 0x1, 0x84, 0x3,
    0xff, 0xc0, 0x60, 0x18, 0x40, 0x3f, 0xf8, 0xe2,
    0x1, 0x88, 0x3, 0xff, 0x8e, 0xa0, 0x1b, 0x40,
    0x3f, 0xf8, 0xf8, 0x1, 0x94, 0x3, 0xff, 0x83,
    0x7b, 0x8, 0x0, 0x40, 0xe, 0x70, 0xf, 0xf8,
    0xd0, 0x9e, 0xfc, 0xc5, 0x40, 0x34, 0x18, 0x7,
    0xfb, 0x80, 0x30, 0x98, 0x40, 0x7, 0x6a, 0x0,
    0x7c, 0x38, 0x40, 0x1a, 0x40, 0x4, 0xe0, 0x18,
    0x6e, 0xcc, 0x64, 0x44, 0x9e, 0x30, 0xc, 0x4e,
    0x1, 0x41, 0x80, 0x72, 0x4e, 0x6e, 0xad, 0x80,
    0x38, 0x7c, 0x3, 0xb1, 0x0, 0x3f, 0xf8, 0x63,
    0x84, 0x1, 0xeb, 0x70, 0xf, 0xfe, 0xa, 0x79,
    0x0, 0x7e, 0x8d, 0x61, 0x0, 0xfc, 0xb7, 0x61,
    0x0, 0xff, 0x14, 0xf6, 0xd4, 0x45, 0x39, 0xf4,
    0x80, 0x1e,

    /* U+010B "ċ" */
    0x0, 0xfd, 0x7f, 0xf8, 0xc0, 0x3f, 0xff, 0x42,
    0x3e, 0x0, 0xff, 0xe0, 0xd7, 0x76, 0x20, 0xf,
    0xff, 0x31, 0xb3, 0xb9, 0x90, 0x3, 0xfe, 0x7e,
    0xc9, 0x88, 0x4d, 0xfc, 0x88, 0x7, 0x8b, 0x60,
    0x40, 0x3e, 0x6e, 0x50, 0xc, 0x58, 0x40, 0x1f,
    0xf5, 0x20, 0x5, 0xe2, 0x1, 0xff, 0xc1, 0xa1,
    0x6, 0x20, 0xc, 0x55, 0xbd, 0x44, 0x1, 0x85,
    0x82, 0xc0, 0x31, 0xea, 0x90, 0xae, 0x90, 0x6,
    0xb3, 0x20, 0xd, 0xe0, 0x1e, 0xe0, 0x37, 0xbc,
    0x50, 0xc, 0x46, 0x1, 0xe3, 0xfc, 0x84, 0xe,
    0x0, 0xcc, 0x1, 0xff, 0xc6, 0x10, 0xf, 0xfe,
    0xa7, 0x0, 0x67, 0x0, 0xff, 0xe0, 0xa8, 0x6,
    0x23, 0x0, 0xf1, 0xdc, 0x29, 0x1, 0x88, 0x6,
    0xf0, 0xf, 0x7a, 0x3d, 0x6d, 0x84, 0x80, 0x63,
    0xd5, 0x11, 0x25, 0x98, 0x6, 0xd0, 0x72, 0x0,
    0xc5, 0x5d, 0xcb, 0x40, 0xc, 0x2c, 0x0, 0xf1,
    0x0, 0xff, 0xe0, 0xe8, 0x4, 0x58, 0x40, 0x1f,
    0xe1, 0xb3, 0x0, 0xc5, 0xae, 0x20, 0x1f, 0x37,
    0xa0, 0x7, 0xd1, 0xd9, 0x31, 0x9, 0xbf, 0x91,
    0x0, 0x80,

    /* U+010C "Č" */
    0x0, 0xe4, 0x88, 0x9c, 0x3, 0x9e, 0x22, 0x30,
    0xf, 0xf2, 0xa9, 0xdd, 0x10, 0x0, 0xae, 0x1d,
    0xc6, 0x60, 0xf, 0xf0, 0xf8, 0x80, 0x1d, 0x82,
    0x10, 0x0, 0x54, 0x1, 0xff, 0xc0, 0x2d, 0x0,
    0xa6, 0x1c, 0x0, 0x3e, 0x20, 0x1f, 0xfc, 0x13,
    0xa0, 0x9, 0xc0, 0x2d, 0x20, 0xf, 0xfe, 0x1a,
    0xc0, 0x7, 0x59, 0x80, 0x7f, 0xf1, 0x5e, 0x5d,
    0xea, 0x40, 0xf, 0xfe, 0x3b, 0x44, 0x4a, 0x1,
    0xff, 0xc7, 0x25, 0x77, 0x98, 0xc0, 0x3f, 0xf8,
    0x65, 0x3d, 0xb5, 0x11, 0x4e, 0x7d, 0x20, 0x7,
    0xfd, 0x1a, 0xc2, 0x1, 0xf9, 0x6e, 0xc2, 0x1,
    0xfa, 0xdc, 0x3, 0xff, 0x82, 0x9e, 0x60, 0x1e,
    0xc4, 0x0, 0xff, 0xe1, 0x8e, 0x90, 0x6, 0x83,
    0x0, 0xe4, 0xad, 0xed, 0xb6, 0x0, 0xe1, 0xf0,
    0x8, 0x9c, 0x3, 0xd, 0xd9, 0x48, 0x49, 0x27,
    0x8c, 0x3, 0x13, 0x80, 0x20, 0x3, 0xb5, 0x0,
    0x3e, 0x1c, 0x30, 0xd, 0x20, 0x2a, 0x1, 0xa0,
    0xc0, 0x3f, 0xde, 0x1, 0x84, 0xd0, 0x3, 0x9c,
    0x3, 0xfe, 0x34, 0x37, 0xcf, 0x3c, 0x0, 0xca,
    0x1, 0xff, 0xc1, 0xbc, 0x83, 0x0, 0x28, 0x6,
    0xd0, 0xf, 0xfe, 0x38, 0x80, 0x62, 0x0, 0xff,
    0xe3, 0x98, 0x6, 0x10, 0xf, 0xff, 0x1, 0x80,
    0x61, 0x0, 0xff, 0xe3, 0x88, 0x6, 0x20, 0xf,
    0xfe, 0x3a, 0x80, 0x6d, 0x0, 0xff, 0xe3, 0xe0,
    0x6, 0x50, 0xf, 0xfe, 0xd, 0xec, 0x20, 0x1,
    0x0, 0x39, 0xc0, 0x3f, 0xe3, 0x42, 0x7b, 0xf3,
    0x15, 0x0, 0xd0, 0x60, 0x1f, 0xee, 0x0, 0xc2,
    0x61, 0x0, 0x1d, 0xa8, 0x1, 0xf0, 0xe1, 0x0,
    0x69, 0x0, 0x13, 0x80, 0x61, 0xbb, 0x31, 0x91,
    0x12, 0x78, 0xc0, 0x31, 0x38, 0x5, 0x6, 0x1,
    0xc9, 0x39, 0xba, 0xb6, 0x0, 0xe1, 0xf0, 0xe,
    0xc4, 0x0, 0xff, 0xe1, 0x8e, 0x10, 0x7, 0xad,
    0xc0, 0x3f, 0xf8, 0x29, 0xe4, 0x1, 0xfa, 0x35,
    0x84, 0x3, 0xf2, 0xdd, 0x84, 0x3, 0xfc, 0x53,
    0xdb, 0x51, 0x14, 0xe7, 0xd2, 0x0, 0x78,

    /* U+010D "č" */
    0x0, 0xab, 0xfe, 0xc0, 0xd, 0x5f, 0xf6, 0x0,
    0x75, 0x18, 0x0, 0xe8, 0x0, 0xea, 0x0, 0x1d,
    0x0, 0xf6, 0x90, 0x1, 0x5d, 0x20, 0x2, 0xc1,
    0x0, 0xf0, 0xf8, 0x80, 0x22, 0xc0, 0x2b, 0x20,
    0xf, 0xc5, 0xa0, 0x1e, 0x94, 0x0, 0xff, 0x1d,
    0x0, 0x67, 0x60, 0xf, 0xfe, 0x2, 0xff, 0xe8,
    0x0, 0xff, 0xea, 0x1b, 0x3b, 0x99, 0x0, 0x3f,
    0xe7, 0xec, 0x98, 0x84, 0xdf, 0xc8, 0x80, 0x78,
    0xb6, 0x4, 0x3, 0xe6, 0xe5, 0x0, 0xc5, 0x84,
    0x1, 0xff, 0x52, 0x0, 0x5e, 0x20, 0x1f, 0xfc,
    0x1a, 0x10, 0x62, 0x0, 0xc5, 0x5b, 0xd4, 0x40,
    0x18, 0x58, 0x2c, 0x3, 0x1e, 0xa9, 0xa, 0xe9,
    0x0, 0x6b, 0x32, 0x0, 0xde, 0x1, 0xee, 0x3,
    0x7b, 0xc5, 0x0, 0xc4, 0x60, 0x1e, 0x3f, 0xc8,
    0x40, 0xe0, 0xc, 0xc0, 0x1f, 0xfc, 0x61, 0x0,
    0xff, 0xea, 0x70, 0x6, 0x70, 0xf, 0xfe, 0xa,
    0x80, 0x62, 0x30, 0xf, 0x1d, 0xc2, 0x90, 0x18,
    0x80, 0x6f, 0x0, 0xf7, 0xa3, 0xd6, 0xd8, 0x48,
    0x6, 0x3d, 0x51, 0x12, 0x59, 0x80, 0x6d, 0x7,
    0x20, 0xc, 0x55, 0xdc, 0xb4, 0x0, 0xc2, 0xc0,
    0xf, 0x10, 0xf, 0xfe, 0xe, 0x80, 0x45, 0x84,
    0x1, 0xfe, 0x1b, 0x30, 0xc, 0x5a, 0xe2, 0x1,
    0xf3, 0x7a, 0x0, 0x7d, 0x1d, 0x93, 0x10, 0x9b,
    0xf9, 0x10, 0x8,

    /* U+010E "Ď" */
    0x0, 0x24, 0x44, 0xe0, 0x18, 0x5e, 0x22, 0x20,
    0xf, 0x95, 0x9d, 0xd1, 0x0, 0xa, 0xa1, 0xdc,
    0x64, 0x1, 0xf0, 0xe0, 0x4, 0xea, 0x12, 0x80,
    0x3, 0xb0, 0xf, 0xe2, 0xb0, 0xa, 0xa5, 0x80,
    0x3, 0xa0, 0x1f, 0xf2, 0x50, 0x4, 0xc0, 0x16,
    0x8, 0x7, 0xff, 0x1, 0x5c, 0x3, 0xac, 0x80,
    0x3f, 0xf8, 0x51, 0x2e, 0xf5, 0xa0, 0x7, 0xff,
    0x11, 0xa2, 0x24, 0x0, 0xff, 0xea, 0x3f, 0xff,
    0xfd, 0xb2, 0x80, 0x1f, 0xfc, 0x72, 0x6b, 0xd4,
    0x0, 0xff, 0xe4, 0x15, 0xc0, 0x7, 0xff, 0x25,
    0xe0, 0x3, 0xf1, 0xb3, 0x65, 0x40, 0xf, 0x3a,
    0x80, 0x7d, 0x73, 0x3a, 0xaf, 0xdc, 0x3, 0xac,
    0x3, 0xff, 0x87, 0x12, 0x1, 0x85, 0xc0, 0x3f,
    0xf8, 0x6c, 0x80, 0x1a, 0x80, 0x3f, 0xf8, 0x90,
    0x1, 0x88, 0x80, 0x1f, 0xfc, 0x33, 0x10, 0xc,
    0x80, 0x1f, 0xfc, 0x44, 0x0, 0xde, 0x1, 0xff,
    0xc4, 0x20, 0xc, 0x40, 0x1f, 0xfc, 0x4f, 0x0,
    0xce, 0x1, 0xff, 0xda, 0xf0, 0xc, 0xe0, 0x1f,
    0xfc, 0x42, 0x0, 0xc4, 0x1, 0xff, 0xc4, 0x40,
    0xd, 0xe0, 0x1f, 0xfc, 0x34, 0x10, 0xc, 0x80,
    0x1f, 0xfc, 0x3f, 0x0, 0xc4, 0x40, 0xf, 0xfe,
    0x13, 0x20, 0x6, 0xa0, 0xf, 0xfe, 0x13, 0xc8,
    0x6, 0x17, 0x0, 0xf5, 0xcc, 0xf5, 0xfc, 0x0,
    0x75, 0x80, 0x7c, 0x6c, 0xdc, 0x80, 0x1e, 0x75,
    0x0, 0xff, 0xe3, 0xbc, 0x0, 0x7f, 0xf1, 0x8a,
    0xe0, 0x3, 0xff, 0x88, 0x4d, 0x7a, 0x80, 0x1c,

    /* U+010F "ď" */
    0x0, 0xff, 0xe1, 0x7f, 0xf0, 0x1, 0x7f, 0xf4,
    0x80, 0x7f, 0xff, 0xc0, 0x3f, 0xf9, 0xe2, 0x30,
    0x7, 0xff, 0x31, 0x3b, 0x86, 0x1, 0xfc, 0x8c,
    0xee, 0x51, 0x0, 0xff, 0x84, 0x4, 0x3, 0xc,
    0xfd, 0xcc, 0x42, 0xba, 0x80, 0x3f, 0x90, 0x83,
    0x0, 0x23, 0xf6, 0x0, 0xf9, 0x40, 0x3f, 0x65,
    0x80, 0xa0, 0x0, 0xf0, 0x40, 0x3f, 0xf8, 0x86,
    0x60, 0x5, 0x0, 0x5a, 0x1, 0xf0, 0x80, 0x7f,
    0x8a, 0x6b, 0x90, 0x0, 0xe2, 0x1, 0x8f, 0x3f,
    0xbe, 0x80, 0x3f, 0xb, 0x28, 0x80, 0x52, 0x1,
    0x8f, 0xc, 0x2, 0x5b, 0x0, 0xff, 0xe0, 0x98,
    0x80, 0x6f, 0x0, 0xf2, 0x18, 0x7, 0xff, 0x1,
    0x40, 0x31, 0x18, 0x7, 0xc8, 0x1, 0xff, 0xc0,
    0xe0, 0xc, 0xc0, 0x1f, 0xbc, 0x3, 0xff, 0x8a,
    0x20, 0x1f, 0xfc, 0xe1, 0x0, 0xff, 0xe4, 0xf0,
    0x6, 0x60, 0xf, 0xde, 0x1, 0xff, 0xc0, 0x50,
    0xc, 0x46, 0x1, 0xf2, 0x80, 0x7f, 0xf0, 0xc,
    0x40, 0x34, 0x0, 0x79, 0x48, 0x3, 0xff, 0x83,
    0x20, 0x19, 0x2c, 0x80, 0x26, 0xa0, 0xf, 0xfe,
    0x13, 0x88, 0x6, 0x4d, 0xee, 0x7c, 0x80, 0x7f,
    0xf1, 0x34, 0x3, 0xc2, 0x20, 0xf, 0xfe, 0x31,
    0xd8, 0x80, 0x7f, 0xf3, 0x53, 0xd4, 0x3, 0xe6,
    0x90, 0xf, 0xfe, 0x20, 0xd7, 0x54, 0x45, 0x7f,
    0x2d, 0xff, 0x80, 0x3f, 0x0,

    /* U+0110 "Đ" */
    0x0, 0x2f, 0xff, 0xfd, 0xb4, 0xa0, 0x1f, 0xfc,
    0x92, 0x5a, 0xe6, 0x0, 0xff, 0xe5, 0xc, 0xd0,
    0x7, 0xff, 0x2d, 0x68, 0x3, 0xfc, 0x4c, 0xdc,
    0x82, 0x1, 0xca, 0xe0, 0x1f, 0xcf, 0x33, 0xd7,
    0xd2, 0x1, 0xd0, 0x40, 0x1f, 0xfc, 0x46, 0xb0,
    0xe, 0xb0, 0xf, 0xfe, 0x2a, 0x30, 0x6, 0x60,
    0xf, 0xfe, 0x34, 0x0, 0x72, 0x0, 0x7f, 0xf1,
    0x44, 0xc0, 0x36, 0x0, 0x7f, 0xf1, 0x90, 0x3,
    0x1c, 0x64, 0x0, 0x64, 0xcc, 0xd2, 0x1, 0xda,
    0x1, 0x98, 0x8c, 0x80, 0x30, 0x99, 0xe5, 0x0,
    0xe1, 0x0, 0xc6, 0x1, 0xff, 0xde, 0x20, 0xc,
    0x75, 0xf4, 0x1, 0x97, 0xff, 0x60, 0x7, 0x70,
    0x6, 0x60, 0xf, 0xfe, 0x32, 0x0, 0x63, 0x0,
    0xff, 0xe2, 0x89, 0x80, 0x6c, 0x0, 0xff, 0xe2,
    0xc0, 0x7, 0x20, 0x7, 0xff, 0x11, 0x18, 0x3,
    0x30, 0x7, 0xff, 0x11, 0xac, 0x3, 0xac, 0x3,
    0xf3, 0xcc, 0xf5, 0xf4, 0x80, 0x74, 0x10, 0x7,
    0xe2, 0x66, 0xe4, 0x10, 0xe, 0x57, 0x0, 0xff,
    0xe4, 0xad, 0x0, 0x7f, 0xf2, 0x6, 0x68, 0x3,
    0xff, 0x8c, 0x4b, 0x5c, 0xc0, 0x1c,

    /* U+0111 "đ" */
    0x0, 0xff, 0xe1, 0x7f, 0xf0, 0x7, 0xff, 0x9,
    0xb3, 0x0, 0x1d, 0x98, 0x20, 0xf, 0xfb, 0xcc,
    0xc0, 0x1c, 0x66, 0x10, 0xf, 0xff, 0x5c, 0xff,
    0x80, 0x3b, 0xfc, 0x60, 0x1f, 0x23, 0x3b, 0x94,
    0x40, 0x3f, 0xf8, 0x23, 0x3f, 0x73, 0x10, 0xae,
    0xa0, 0xf, 0xf8, 0xfd, 0x80, 0x3e, 0x50, 0xf,
    0xf1, 0xe0, 0x80, 0x7f, 0xf1, 0xf4, 0x3, 0xe1,
    0x0, 0xff, 0xe0, 0x38, 0x80, 0x63, 0xcf, 0xef,
    0xa0, 0xf, 0xf4, 0x80, 0x63, 0xc3, 0x0, 0x96,
    0xc0, 0x3f, 0x18, 0x80, 0x6f, 0x0, 0xf2, 0x10,
    0x7, 0xca, 0x1, 0x88, 0xc0, 0x3e, 0x50, 0xf,
    0xb8, 0x3, 0x30, 0x7, 0xef, 0x0, 0xff, 0xe0,
    0x8, 0x7, 0xff, 0x24, 0x40, 0x3f, 0xf8, 0x9c,
    0x1, 0x98, 0x3, 0xf7, 0x80, 0x7c, 0xa0, 0x18,
    0x8c, 0x3, 0xe5, 0x0, 0xf8, 0xc4, 0x3, 0x40,
    0x7, 0x94, 0x80, 0x3f, 0x48, 0x6, 0x4b, 0x20,
    0x9, 0xa8, 0x3, 0xf9, 0xc4, 0x3, 0x26, 0xf7,
    0x3e, 0x40, 0x3f, 0xed, 0x0, 0xf0, 0x88, 0x3,
    0xff, 0x82, 0x76, 0x20, 0x1f, 0xfc, 0x84, 0xf5,
    0x0, 0xf9, 0xa4, 0x3, 0xfe, 0x1a, 0xea, 0x88,
    0xaf, 0xe5, 0xbf, 0xf0, 0x4,

    /* U+0112 "Ē" */
    0x0, 0xd7, 0xff, 0xfc, 0x20, 0x1f, 0xfd, 0xf3,
    0x3f, 0xf0, 0x80, 0x7d, 0x19, 0x9f, 0xc0, 0x1f,
    0xfe, 0xe7, 0xff, 0xff, 0xe2, 0x38, 0x7, 0xff,
    0xbc, 0xd9, 0xbf, 0xe3, 0x0, 0xea, 0x99, 0xff,
    0x90, 0x3, 0xff, 0xfe, 0x0, 0x9f, 0xff, 0xe4,
    0x0, 0xff, 0xf8, 0x9b, 0x37, 0xf8, 0x3, 0xea,
    0x99, 0xfe, 0x20, 0xf, 0xff, 0xf8, 0x7, 0xff,
    0x2a, 0xa6, 0x7f, 0xe4, 0x0, 0xe3, 0x66, 0xff,
    0x8c, 0x3, 0xff, 0xd4,

    /* U+0113 "ē" */
    0x0, 0xe3, 0xcc, 0xfe, 0x60, 0xf, 0xe7, 0x33,
    0xfe, 0xe0, 0xf, 0xff, 0x2a, 0x7f, 0xff, 0x40,
    0x7, 0xff, 0xec, 0x95, 0xdc, 0xc8, 0x1, 0xff,
    0xc0, 0x6d, 0xd5, 0x44, 0x26, 0xfe, 0x88, 0x3,
    0xe1, 0xc9, 0x20, 0xf, 0x97, 0x54, 0x3, 0x87,
    0xcc, 0x3, 0xfe, 0xa4, 0x0, 0xda, 0x20, 0x1c,
    0x46, 0x40, 0x1d, 0x42, 0x0, 0x63, 0x0, 0xcd,
    0xdb, 0x9b, 0xa2, 0x0, 0x86, 0x40, 0x16, 0x1,
    0x9a, 0x44, 0x2, 0x2f, 0x0, 0xcc, 0x4, 0x40,
    0xd, 0x0, 0x1e, 0x23, 0x0, 0x84, 0x90, 0x3,
    0xbb, 0xff, 0xe3, 0x0, 0xcf, 0xc0, 0x1f, 0xfc,
    0x63, 0x0, 0xff, 0xe6, 0x8a, 0xaf, 0xe4, 0x33,
    0x2a, 0xdc, 0x1, 0x8e, 0xab, 0xf5, 0xe6, 0x2a,
    0x86, 0xa0, 0x18, 0x8c, 0x3, 0xe5, 0x20, 0xc,
    0x62, 0x1, 0xbc, 0x3, 0xcb, 0x5b, 0xd2, 0xa0,
    0x8, 0x0, 0xc7, 0xaa, 0x42, 0x73, 0x40, 0x1,
    0x6b, 0x0, 0x31, 0x80, 0x62, 0xad, 0xec, 0x60,
    0xe, 0xb0, 0xb, 0x48, 0x3, 0xff, 0x82, 0xea,
    0x1, 0xe, 0x20, 0x7, 0xfd, 0x10, 0x0, 0xe1,
    0xba, 0x30, 0xf, 0x97, 0x5c, 0x3, 0xf2, 0xe7,
    0x54, 0x45, 0x7d, 0x44, 0x1, 0x80,

    /* U+0116 "Ė" */
    0x0, 0xf3, 0xf7, 0x65, 0x0, 0xff, 0xe0, 0x78,
    0x8e, 0x30, 0xf, 0xff, 0xb4, 0x7f, 0xe6, 0x0,
    0xff, 0xf8, 0x3f, 0xff, 0xff, 0x11, 0xc0, 0x3f,
    0xfd, 0xe6, 0xcd, 0xff, 0x18, 0x7, 0x54, 0xcf,
    0xfc, 0x80, 0x1f, 0xff, 0xf0, 0x4, 0xff, 0xff,
    0x20, 0x7, 0xff, 0xc4, 0xd9, 0xbf, 0xc0, 0x1f,
    0x54, 0xcf, 0xf1, 0x0, 0x7f, 0xff, 0xc0, 0x3f,
    0xf9, 0x55, 0x33, 0xff, 0x20, 0x7, 0x1b, 0x37,
    0xfc, 0x60, 0x1f, 0xfe, 0xa0,

    /* U+0117 "ė" */
    0x0, 0xf8, 0xbf, 0xf6, 0x0, 0x7f, 0xff, 0xc4,
    0x73, 0x0, 0x7f, 0xf0, 0x8b, 0xbb, 0x50, 0x7,
    0xff, 0xa8, 0x95, 0xdc, 0xc8, 0x1, 0xff, 0xc0,
    0x6d, 0xd5, 0x44, 0x26, 0xfe, 0x88, 0x3, 0xe1,
    0xc9, 0x20, 0xf, 0x97, 0x54, 0x3, 0x87, 0xcc,
    0x3, 0xfe, 0xa4, 0x0, 0xda, 0x20, 0x1c, 0x46,
    0x40, 0x1d, 0x42, 0x0, 0x63, 0x0, 0xcd, 0xdb,
    0x9b, 0xa2, 0x0, 0x86, 0x40, 0x16, 0x1, 0x9a,
    0x44, 0x2, 0x2f, 0x0, 0xcc, 0x4, 0x40, 0xd,
    0x0, 0x1e, 0x23, 0x0, 0x84, 0x90, 0x3, 0xbb,
    0xff, 0xe3, 0x0, 0xcf, 0xc0, 0x1f, 0xfc, 0x63,
    0x0, 0xff, 0xe6, 0x8a, 0xaf, 0xe4, 0x33, 0x2a,
    0xdc, 0x1, 0x8e, 0xab, 0xf5, 0xe6, 0x2a, 0x86,
    0xa0, 0x18, 0x8c, 0x3, 0xe5, 0x20, 0xc, 0x62,
    0x1, 0xbc, 0x3, 0xcb, 0x5b, 0xd2, 0xa0, 0x8,
    0x0, 0xc7, 0xaa, 0x42, 0x73, 0x40, 0x1, 0x6b,
    0x0, 0x31, 0x80, 0x62, 0xad, 0xec, 0x60, 0xe,
    0xb0, 0xb, 0x48, 0x3, 0xff, 0x82, 0xea, 0x1,
    0xe, 0x20, 0x7, 0xfd, 0x10, 0x0, 0xe1, 0xba,
    0x30, 0xf, 0x97, 0x5c, 0x3, 0xf2, 0xe7, 0x54,
    0x45, 0x7d, 0x44, 0x1, 0x80,

    /* U+0118 "Ę" */
    0x7f, 0xff, 0xfe, 0x23, 0x80, 0x7f, 0xfb, 0xcd,
    0x9b, 0xfe, 0x30, 0xe, 0xa9, 0x9f, 0xf9, 0x0,
    0x3f, 0xff, 0xe0, 0xa, 0x99, 0xfe, 0x20, 0xf,
    0x8d, 0x9b, 0xfc, 0x1, 0xff, 0xf1, 0x9f, 0xff,
    0xe4, 0x0, 0xff, 0xff, 0x80, 0x7f, 0xf2, 0xaa,
    0x67, 0xfe, 0x40, 0xe, 0x36, 0x6f, 0xf8, 0xc0,
    0x3f, 0xfd, 0x4f, 0xff, 0xfe, 0x80, 0xc, 0xce,
    0x1, 0xfe, 0x38, 0x0, 0xa6, 0x40, 0x1f, 0xf4,
    0x0, 0x52, 0xc0, 0x1f, 0xf0, 0xa0, 0x0, 0xd8,
    0x3, 0xff, 0x80, 0x40, 0x12, 0x0, 0x7f, 0xf1,
    0x5a, 0x78, 0x80, 0x3f, 0xc6, 0x20, 0x1, 0x61,
    0xf0, 0xf, 0xfa, 0xc0, 0x38, 0xc4, 0x3, 0xfc,
    0xb6, 0x60, 0x2d, 0xe2,

    /* U+0119 "ę" */
    0x0, 0xf8, 0x95, 0xdc, 0xc8, 0x1, 0xff, 0xc0,
    0x6d, 0xd5, 0x44, 0x26, 0xfe, 0x88, 0x3, 0xe1,
    0xc9, 0x20, 0xf, 0x97, 0x54, 0x3, 0x87, 0xcc,
    0x3, 0xfe, 0xa4, 0x0, 0xda, 0x20, 0x1c, 0x46,
    0x40, 0x1d, 0x42, 0x0, 0x63, 0x0, 0xcd, 0xdb,
    0x9b, 0xa2, 0x0, 0x86, 0x40, 0x16, 0x1, 0x9a,
    0x44, 0x2, 0x2f, 0x0, 0xcc, 0x4, 0x40, 0xd,
    0x0, 0x1e, 0x23, 0x0, 0x84, 0x90, 0x3, 0xbb,
    0xff, 0xe3, 0x0, 0xcf, 0xc0, 0x1f, 0xfc, 0x63,
    0x0, 0xff, 0xe6, 0x8a, 0xaf, 0xe4, 0x33, 0x2a,
    0xdc, 0x1, 0x8e, 0xab, 0xf5, 0xe6, 0x2a, 0x86,
    0xa0, 0x18, 0x8c, 0x3, 0xe5, 0x20, 0xc, 0x62,
    0x1, 0xbc, 0x3, 0xcb, 0x5b, 0xd2, 0xa0, 0x8,
    0x0, 0xc7, 0xaa, 0x42, 0x73, 0x40, 0x1, 0x6b,
    0x0, 0x31, 0x80, 0x62, 0xad, 0xec, 0x60, 0xe,
    0x80, 0xb, 0x48, 0x3, 0xff, 0x82, 0x8c, 0x1,
    0xe, 0x20, 0x7, 0xff, 0x2, 0x80, 0x38, 0x6e,
    0x8c, 0x3, 0xfa, 0x4, 0x3, 0xe5, 0xce, 0xa8,
    0x88, 0x2, 0x17, 0x0, 0xff, 0xa, 0xbb, 0x80,
    0x34, 0x0, 0x7f, 0xf0, 0xe4, 0x0, 0x2c, 0x1,
    0xff, 0xc2, 0x21, 0x0, 0x38, 0x7, 0xff, 0xc,
    0x40, 0x23, 0x15, 0x0, 0xff, 0xe0, 0x98, 0x4,
    0xbd, 0x4c, 0x1, 0xff, 0xc1, 0x60, 0xe, 0x92,
    0x0, 0xff, 0xe0, 0x4a, 0x0, 0x65, 0x20, 0xf,
    0xfe, 0xd, 0xd9, 0xdd, 0x74, 0x0,

    /* U+011A "Ě" */
    0x0, 0x3c, 0x44, 0x80, 0x18, 0xe2, 0x27, 0x0,
    0xc6, 0xef, 0x59, 0x80, 0x7, 0x5d, 0xe1, 0x0,
    0xc9, 0x20, 0x16, 0x90, 0x60, 0x80, 0x1d, 0x80,
    0x39, 0x9c, 0x0, 0x3f, 0x64, 0x0, 0x48, 0x0,
    0xfa, 0x14, 0x0, 0x48, 0x0, 0x3b, 0x0, 0xfe,
    0xa3, 0x0, 0xc3, 0xa0, 0x1f, 0xf6, 0xc3, 0xbd,
    0x82, 0x1, 0xff, 0xb, 0xc4, 0x44, 0x1, 0xff,
    0xcc, 0x7f, 0xff, 0xfe, 0x23, 0x80, 0x7f, 0xfb,
    0xcd, 0x9b, 0xfe, 0x30, 0xe, 0xa9, 0x9f, 0xf9,
    0x0, 0x3f, 0xff, 0xe0, 0x9, 0xff, 0xfe, 0x40,
    0xf, 0xff, 0x89, 0xb3, 0x7f, 0x80, 0x3e, 0xa9,
    0x9f, 0xe2, 0x0, 0xff, 0xff, 0x80, 0x7f, 0xf2,
    0xaa, 0x67, 0xfe, 0x40, 0xe, 0x36, 0x6f, 0xf8,
    0xc0, 0x3f, 0xfd, 0x40,

    /* U+011B "ě" */
    0x0, 0xa7, 0xfe, 0xd1, 0x0, 0xa3, 0xfe, 0xe1,
    0x0, 0xe9, 0x40, 0x1, 0x50, 0x1, 0x5c, 0x2,
    0xc1, 0x0, 0xf5, 0x98, 0x1, 0x24, 0xe8, 0x2,
    0xb2, 0x0, 0xfd, 0xa2, 0x0, 0x6c, 0x0, 0xa5,
    0x0, 0x3f, 0x87, 0x0, 0x3c, 0xec, 0x1, 0xff,
    0x15, 0x80, 0x65, 0x80, 0xf, 0xfe, 0xa, 0x7f,
    0xea, 0x0, 0xff, 0xeb, 0x12, 0xbb, 0x99, 0x0,
    0x3f, 0xf8, 0xd, 0xba, 0xa8, 0x84, 0xdf, 0xd1,
    0x0, 0x7c, 0x39, 0x24, 0x1, 0xf2, 0xea, 0x80,
    0x70, 0xf9, 0x80, 0x7f, 0xd4, 0x80, 0x1b, 0x44,
    0x3, 0x88, 0xc8, 0x3, 0xa8, 0x40, 0xc, 0x60,
    0x19, 0xbb, 0x73, 0x74, 0x40, 0x10, 0xc8, 0x2,
    0xc0, 0x33, 0x48, 0x80, 0x45, 0xe0, 0x19, 0x80,
    0x88, 0x1, 0xa0, 0x3, 0xc4, 0x60, 0x10, 0x92,
    0x0, 0x77, 0x7f, 0xfc, 0x60, 0x19, 0xf8, 0x3,
    0xff, 0x8c, 0x60, 0x1f, 0xfc, 0xd1, 0x55, 0xfc,
    0x86, 0x65, 0x5b, 0x80, 0x31, 0xd5, 0x7e, 0xbc,
    0xc5, 0x50, 0xd4, 0x3, 0x11, 0x80, 0x7c, 0xa4,
    0x1, 0x8c, 0x40, 0x37, 0x80, 0x79, 0x6b, 0x7a,
    0x54, 0x1, 0x0, 0x18, 0xf5, 0x48, 0x4e, 0x68,
    0x0, 0x2d, 0x60, 0x6, 0x30, 0xc, 0x55, 0xbd,
    0x8c, 0x1, 0xd6, 0x1, 0x69, 0x0, 0x7f, 0xf0,
    0x5d, 0x40, 0x21, 0xc4, 0x0, 0xff, 0xa2, 0x0,
    0x1c, 0x37, 0x46, 0x1, 0xf2, 0xeb, 0x80, 0x7e,
    0x5c, 0xea, 0x88, 0xaf, 0xa8, 0x80, 0x30,

    /* U+011C "Ĝ" */
    0x0, 0xff, 0x3c, 0x44, 0x60, 0x1f, 0xfc, 0x7b,
    0x87, 0x7b, 0x48, 0x3, 0xff, 0x8b, 0x28, 0x1,
    0x87, 0xc4, 0x3, 0xff, 0x86, 0xcc, 0x0, 0x12,
    0x80, 0xb, 0x40, 0x3f, 0xf8, 0x49, 0x20, 0x17,
    0xd1, 0x80, 0xe, 0x80, 0x3f, 0xf8, 0x7, 0x60,
    0x15, 0x90, 0x69, 0x0, 0x16, 0x0, 0x3f, 0xe5,
    0x77, 0xa9, 0x0, 0x3, 0xee, 0xf0, 0x8, 0x7,
    0xf9, 0xa2, 0x25, 0x0, 0xc5, 0x11, 0x84, 0x3,
    0xff, 0x84, 0x6a, 0xef, 0x29, 0x80, 0x7f, 0xf0,
    0xc6, 0x7b, 0x2a, 0x22, 0xac, 0xfa, 0x30, 0xf,
    0xf9, 0xf9, 0x84, 0x3, 0xf2, 0xe5, 0x8, 0x7,
    0xeb, 0x80, 0xf, 0xfe, 0xa, 0xe0, 0x80, 0x7a,
    0xd0, 0x3, 0xff, 0x86, 0x5a, 0x1, 0xd0, 0x80,
    0x1c, 0x95, 0xbd, 0xb4, 0x80, 0x1c, 0x6e, 0x1,
    0x13, 0x80, 0x61, 0xbb, 0x29, 0x9, 0x2d, 0xd0,
    0x7, 0x40, 0x80, 0x20, 0x3, 0xb5, 0x0, 0x3e,
    0x5a, 0x0, 0xe6, 0x1, 0x50, 0xd, 0x6, 0x1,
    0xfc, 0xaa, 0x0, 0xd6, 0xe, 0x1, 0xcc, 0x1,
    0xff, 0x48, 0xa, 0x35, 0x87, 0x80, 0x64, 0x10,
    0xf, 0xf8, 0xff, 0xae, 0x5c, 0x14, 0x3, 0x60,
    0x7, 0xff, 0x1c, 0x40, 0x31, 0x0, 0x7f, 0xf1,
    0xcc, 0x3, 0x8, 0x7, 0xf5, 0x66, 0x7e, 0x70,
    0xf, 0xfe, 0x1b, 0x19, 0xfe, 0xe3, 0x0, 0xc2,
    0x1, 0xff, 0xc7, 0x10, 0xc, 0x40, 0x1f, 0xfc,
    0x6e, 0x50, 0xd, 0x80, 0x1f, 0xd9, 0xff, 0x10,
    0x6, 0x2c, 0x0, 0xc8, 0x1, 0xff, 0xc0, 0x12,
    0x0, 0xce, 0x80, 0x1c, 0xe0, 0x1f, 0xf4, 0x80,
    0x62, 0x20, 0xa8, 0x6, 0x83, 0x0, 0xfe, 0x37,
    0x0, 0xd4, 0x0, 0x80, 0xe, 0xd4, 0x0, 0xf8,
    0xf4, 0x3, 0xb, 0x0, 0x9, 0xc0, 0x30, 0xdd,
    0x98, 0xc8, 0x8b, 0x58, 0x20, 0x1a, 0x4, 0x2,
    0x84, 0x0, 0xe4, 0x9c, 0xdd, 0x52, 0x80, 0x72,
    0xb0, 0x7, 0x5a, 0x0, 0x7f, 0xf0, 0xd6, 0x80,
    0x3e, 0xb8, 0x0, 0xff, 0xe0, 0xcd, 0x0, 0x7f,
    0x3f, 0x38, 0x80, 0x7c, 0x2f, 0xcc, 0x1, 0xff,
    0xc, 0x76, 0xd4, 0x45, 0x5b, 0xd0, 0x20, 0x1e,

    /* U+011D "ĝ" */
    0x0, 0xf8, 0x7b, 0xfe, 0xd0, 0xf, 0xfe, 0x0,
    0xe0, 0x80, 0x45, 0x60, 0x1f, 0xf5, 0x10, 0x7,
    0x24, 0x80, 0x7f, 0x4a, 0x0, 0xf, 0x88, 0x0,
    0xce, 0x1, 0xf3, 0xb0, 0x0, 0x74, 0x7c, 0x2,
    0x85, 0x0, 0xe5, 0x80, 0xb, 0x44, 0xa, 0xc0,
    0x2a, 0x30, 0xc, 0xbf, 0xf8, 0xc0, 0x24, 0xff,
    0xc6, 0x1, 0xff, 0xcf, 0x46, 0x77, 0x28, 0x80,
    0x7f, 0x86, 0x7e, 0xe6, 0x21, 0x5d, 0x4f, 0xff,
    0x80, 0x23, 0xf6, 0x0, 0xf9, 0x60, 0x3, 0xc7,
    0x82, 0x1, 0xff, 0xc4, 0xd0, 0xf, 0x84, 0x3,
    0xf9, 0xc4, 0x3, 0x1e, 0x7f, 0x7d, 0x0, 0x7d,
    0x20, 0x18, 0xf0, 0xc0, 0x25, 0xb0, 0xe, 0x31,
    0x0, 0xde, 0x1, 0xe4, 0x30, 0xc, 0xa0, 0x18,
    0x8c, 0x3, 0xe4, 0x0, 0xdc, 0x1, 0x98, 0x3,
    0xf7, 0x80, 0x7f, 0x8, 0x7, 0xff, 0x18, 0x40,
    0x3f, 0xf8, 0x3c, 0x1, 0x98, 0x3, 0xf7, 0x80,
    0x65, 0x0, 0xc4, 0x60, 0x1f, 0x28, 0x6, 0x31,
    0x0, 0xd0, 0x1, 0xe5, 0x20, 0xe, 0x90, 0xc,
    0x96, 0x40, 0x13, 0x50, 0x7, 0x9c, 0x40, 0x32,
    0x6f, 0x73, 0xe4, 0x3, 0xf6, 0x80, 0x78, 0x44,
    0x1, 0xfe, 0x3b, 0x10, 0xf, 0xfe, 0x2a, 0x7a,
    0x80, 0x7c, 0xc0, 0x1f, 0xc3, 0x5d, 0x51, 0x15,
    0xfc, 0x80, 0x7f, 0xc2, 0xae, 0xf2, 0x0, 0x7f,
    0xf2, 0x4, 0x3, 0x8, 0x7, 0x3e, 0x88, 0x7,
    0x58, 0x6, 0x20, 0x9, 0xfa, 0xb, 0xd8, 0x8d,
    0xb5, 0x40, 0x32, 0x80, 0x2a, 0x4, 0x0, 0x33,
    0xb9, 0x24, 0x1, 0xd4, 0x0, 0xb1, 0x0, 0xff,
    0xe0, 0xb1, 0x80, 0x7, 0x8, 0x3, 0xfe, 0x79,
    0x0, 0xc5, 0xb0, 0x20, 0x1f, 0x2e, 0x40, 0x7,
    0xcf, 0xd9, 0x31, 0x9, 0xcf, 0xa3, 0x0, 0x80,

    /* U+011E "Ğ" */
    0x0, 0xf2, 0x7f, 0xd2, 0x1, 0x5f, 0xfc, 0x20,
    0x1f, 0xfc, 0x5, 0x0, 0x99, 0x1, 0x50, 0x2,
    0x10, 0xf, 0xfe, 0x0, 0xa0, 0x5, 0x7f, 0x40,
    0x13, 0x0, 0x7f, 0xf0, 0xa4, 0x3, 0xf0, 0xc0,
    0x7, 0xff, 0x8, 0xb0, 0x40, 0x38, 0xb0, 0x40,
    0x3f, 0xf8, 0x67, 0xd0, 0x86, 0xb3, 0xa4, 0x1,
    0xff, 0xc6, 0x7b, 0xca, 0x60, 0xf, 0xfe, 0x39,
    0xab, 0xbc, 0xa6, 0x1, 0xff, 0xc3, 0x19, 0xec,
    0xa8, 0x8a, 0xb3, 0xe8, 0xc0, 0x3f, 0xe7, 0xe6,
    0x10, 0xf, 0xcb, 0x94, 0x20, 0x1f, 0xae, 0x0,
    0x3f, 0xf8, 0x2b, 0x82, 0x1, 0xeb, 0x40, 0xf,
    0xfe, 0x19, 0x68, 0x7, 0x42, 0x0, 0x72, 0x56,
    0xf6, 0xd2, 0x0, 0x71, 0xb8, 0x4, 0x4e, 0x1,
    0x86, 0xec, 0xa4, 0x24, 0xb7, 0x40, 0x1d, 0x2,
    0x0, 0x80, 0xe, 0xd4, 0x0, 0xf9, 0x68, 0x3,
    0x98, 0x5, 0x40, 0x34, 0x18, 0x7, 0xf2, 0xa8,
    0x3, 0x58, 0x38, 0x7, 0x30, 0x7, 0xfd, 0x20,
    0x28, 0xd6, 0x1e, 0x1, 0x90, 0x40, 0x3f, 0xe3,
    0xfe, 0xb9, 0x70, 0x50, 0xd, 0x80, 0x1f, 0xfc,
    0x71, 0x0, 0xc4, 0x1, 0xff, 0xc7, 0x30, 0xc,
    0x20, 0x1f, 0xd5, 0x99, 0xf9, 0xc0, 0x3f, 0xf8,
    0x6c, 0x67, 0xfb, 0x8c, 0x3, 0x8, 0x7, 0xff,
    0x1c, 0x40, 0x31, 0x0, 0x7f, 0xf1, 0xb9, 0x40,
    0x36, 0x0, 0x7f, 0x67, 0xfc, 0x40, 0x18, 0xb0,
    0x3, 0x20, 0x7, 0xff, 0x0, 0x48, 0x3, 0x3a,
    0x0, 0x73, 0x80, 0x7f, 0xd2, 0x1, 0x88, 0x82,
    0xa0, 0x1a, 0xc, 0x3, 0xf8, 0xdc, 0x3, 0x50,
    0x2, 0x0, 0x3b, 0x50, 0x3, 0xe3, 0xd0, 0xc,
    0x2c, 0x0, 0x27, 0x0, 0xc3, 0x76, 0x63, 0x22,
    0x2d, 0x60, 0x80, 0x68, 0x10, 0xa, 0x10, 0x3,
    0x92, 0x73, 0x75, 0x4a, 0x1, 0xca, 0xc0, 0x1d,
    0x68, 0x1, 0xff, 0xc3, 0x5a, 0x0, 0xfa, 0xe0,
    0x3, 0xff, 0x83, 0x34, 0x1, 0xfc, 0xfc, 0xe2,
    0x1, 0xf0, 0xbf, 0x30, 0x7, 0xfc, 0x31, 0xdb,
    0x51, 0x15, 0x6f, 0x40, 0x80, 0x78,

    /* U+011F "ğ" */
    0x0, 0xe4, 0xff, 0xa0, 0x2, 0xbf, 0xf8, 0x40,
    0x3c, 0xa0, 0x13, 0xa0, 0x32, 0x0, 0x4, 0x40,
    0x1e, 0x14, 0x0, 0xaf, 0xe4, 0x2, 0x70, 0xf,
    0xd2, 0x1, 0xf8, 0x60, 0x3, 0xf1, 0x60, 0x80,
    0x71, 0x60, 0x80, 0x7f, 0x1f, 0x42, 0x1a, 0xce,
    0x90, 0x7, 0xff, 0x1, 0xef, 0x29, 0x80, 0x3f,
    0xf8, 0x8, 0xce, 0xe5, 0x10, 0xf, 0xf0, 0xcf,
    0xdc, 0xc4, 0x2b, 0xa9, 0xff, 0xf0, 0x4, 0x7e,
    0xc0, 0x1f, 0x2c, 0x0, 0x78, 0xf0, 0x40, 0x3f,
    0xf8, 0x9a, 0x1, 0xf0, 0x80, 0x7f, 0x38, 0x80,
    0x63, 0xcf, 0xef, 0xa0, 0xf, 0xa4, 0x3, 0x1e,
    0x18, 0x4, 0xb6, 0x1, 0xc6, 0x20, 0x1b, 0xc0,
    0x3c, 0x86, 0x1, 0x94, 0x3, 0x11, 0x80, 0x7c,
    0x80, 0x1b, 0x80, 0x33, 0x0, 0x7e, 0xf0, 0xf,
    0xe1, 0x0, 0xff, 0xe3, 0x8, 0x7, 0xff, 0x7,
    0x80, 0x33, 0x0, 0x7e, 0xf0, 0xc, 0xa0, 0x18,
    0x8c, 0x3, 0xe5, 0x0, 0xc6, 0x20, 0x1a, 0x0,
    0x3c, 0xa4, 0x1, 0xd2, 0x1, 0x92, 0xc8, 0x2,
    0x6a, 0x0, 0xf3, 0x88, 0x6, 0x4d, 0xee, 0x7c,
    0x80, 0x7e, 0xd0, 0xf, 0x8, 0x80, 0x3f, 0xc7,
    0x62, 0x1, 0xff, 0xc5, 0x4f, 0x50, 0xf, 0x98,
    0x3, 0xf8, 0x6b, 0xaa, 0x22, 0xbf, 0x90, 0xf,
    0xf8, 0x55, 0xde, 0x40, 0xf, 0xfe, 0x40, 0x80,
    0x61, 0x0, 0xe7, 0xd1, 0x0, 0xeb, 0x0, 0xc4,
    0x1, 0x3f, 0x41, 0x7b, 0x11, 0xb6, 0xa8, 0x6,
    0x50, 0x5, 0x40, 0x80, 0x6, 0x77, 0x24, 0x80,
    0x3a, 0x80, 0x16, 0x20, 0x1f, 0xfc, 0x16, 0x30,
    0x0, 0xe1, 0x0, 0x7f, 0xcf, 0x20, 0x18, 0xb6,
    0x4, 0x3, 0xe5, 0xc8, 0x0, 0xf9, 0xfb, 0x26,
    0x21, 0x39, 0xf4, 0x60, 0x10,

    /* U+0120 "Ġ" */
    0x0, 0xff, 0x57, 0x76, 0x20, 0xf, 0xfe, 0x38,
    0x8f, 0x0, 0x7f, 0xff, 0xc0, 0x3f, 0xf9, 0x17,
    0xff, 0x88, 0x3, 0xff, 0xf0, 0x6a, 0xef, 0x29,
    0x80, 0x7f, 0xf0, 0xc6, 0x7b, 0x2a, 0x22, 0xac,
    0xfa, 0x30, 0xf, 0xf9, 0xf9, 0x84, 0x3, 0xf2,
    0xe5, 0x8, 0x7, 0xeb, 0x80, 0xf, 0xfe, 0xa,
    0xe0, 0x80, 0x7a, 0xd0, 0x3, 0xff, 0x86, 0x5a,
    0x1, 0xd0, 0x80, 0x1c, 0x95, 0xbd, 0xb4, 0x80,
    0x1c, 0x6e, 0x1, 0x13, 0x80, 0x61, 0xbb, 0x29,
    0x9, 0x2d, 0xd0, 0x7, 0x40, 0x80, 0x20, 0x3,
    0xb5, 0x0, 0x3e, 0x5a, 0x0, 0xe6, 0x1, 0x50,
    0xd, 0x6, 0x1, 0xfc, 0xaa, 0x0, 0xd6, 0xe,
    0x1, 0xcc, 0x1, 0xff, 0x48, 0xa, 0x35, 0x87,
    0x80, 0x64, 0x10, 0xf, 0xf8, 0xff, 0xae, 0x5c,
    0x14, 0x3, 0x60, 0x7, 0xff, 0x1c, 0x40, 0x31,
    0x0, 0x7f, 0xf1, 0xcc, 0x3, 0x8, 0x7, 0xf5,
    0x66, 0x7e, 0x70, 0xf, 0xfe, 0x1b, 0x19, 0xfe,
    0xe3, 0x0, 0xc2, 0x1, 0xff, 0xc7, 0x10, 0xc,
    0x40, 0x1f, 0xfc, 0x6e, 0x50, 0xd, 0x80, 0x1f,
    0xd9, 0xff, 0x10, 0x6, 0x2c, 0x0, 0xc8, 0x1,
    0xff, 0xc0, 0x12, 0x0, 0xce, 0x80, 0x1c, 0xe0,
    0x1f, 0xf4, 0x80, 0x62, 0x20, 0xa8, 0x6, 0x83,
    0x0, 0xfe, 0x37, 0x0, 0xd4, 0x0, 0x80, 0xe,
    0xd4, 0x0, 0xf8, 0xf4, 0x3, 0xb, 0x0, 0x9,
    0xc0, 0x30, 0xdd, 0x98, 0xc8, 0x8b, 0x58, 0x20,
    0x1a, 0x4, 0x2, 0x84, 0x0, 0xe4, 0x9c, 0xdd,
    0x52, 0x80, 0x72, 0xb0, 0x7, 0x5a, 0x0, 0x7f,
    0xf0, 0xd6, 0x80, 0x3e, 0xb8, 0x0, 0xff, 0xe0,
    0xcd, 0x0, 0x7f, 0x3f, 0x38, 0x80, 0x7c, 0x2f,
    0xcc, 0x1, 0xff, 0xc, 0x76, 0xd4, 0x45, 0x5b,
    0xd0, 0x20, 0x1e,

    /* U+0121 "ġ" */
    0x0, 0xfc, 0xbd, 0xd9, 0xc0, 0x3f, 0xf8, 0x42,
    0x3b, 0xc0, 0x3f, 0xff, 0x4b, 0xff, 0xa0, 0x3,
    0xff, 0xcc, 0x8c, 0xee, 0x51, 0x0, 0xff, 0xc,
    0xfd, 0xcc, 0x42, 0xba, 0x9f, 0xff, 0x0, 0x47,
    0xec, 0x1, 0xf2, 0xc0, 0x7, 0x8f, 0x4, 0x3,
    0xff, 0x89, 0xa0, 0x1f, 0x8, 0x7, 0xf3, 0x88,
    0x6, 0x3c, 0xfe, 0xfa, 0x0, 0xfa, 0x40, 0x31,
    0xe1, 0x80, 0x4b, 0x60, 0x1c, 0x62, 0x1, 0xbc,
    0x3, 0xc8, 0x60, 0x19, 0x40, 0x31, 0x18, 0x7,
    0xc8, 0x1, 0xb8, 0x3, 0x30, 0x7, 0xef, 0x0,
    0xfe, 0x10, 0xf, 0xfe, 0x30, 0x80, 0x7f, 0xf0,
    0x78, 0x3, 0x30, 0x7, 0xef, 0x0, 0xca, 0x1,
    0x88, 0xc0, 0x3e, 0x50, 0xc, 0x62, 0x1, 0xa0,
    0x3, 0xca, 0x40, 0x1d, 0x20, 0x19, 0x2c, 0x80,
    0x26, 0xa0, 0xf, 0x38, 0x80, 0x64, 0xde, 0xe7,
    0xc8, 0x7, 0xed, 0x0, 0xf0, 0x88, 0x3, 0xfc,
    0x76, 0x20, 0x1f, 0xfc, 0x54, 0xf5, 0x0, 0xf9,
    0x80, 0x3f, 0x86, 0xba, 0xa2, 0x2b, 0xf9, 0x0,
    0xff, 0x85, 0x5d, 0xe4, 0x0, 0xff, 0xe4, 0x8,
    0x6, 0x10, 0xe, 0x7d, 0x10, 0xe, 0xb0, 0xc,
    0x40, 0x13, 0xf4, 0x17, 0xb1, 0x1b, 0x6a, 0x80,
    0x65, 0x0, 0x54, 0x8, 0x0, 0x67, 0x72, 0x48,
    0x3, 0xa8, 0x1, 0x62, 0x1, 0xff, 0xc1, 0x63,
    0x0, 0xe, 0x10, 0x7, 0xfc, 0xf2, 0x1, 0x8b,
    0x60, 0x40, 0x3e, 0x5c, 0x80, 0xf, 0x9f, 0xb2,
    0x62, 0x13, 0x9f, 0x46, 0x1, 0x0,

    /* U+0122 "Ģ" */
    0x0, 0xfe, 0x35, 0x77, 0x94, 0xc0, 0x3f, 0xf8,
    0x63, 0x3d, 0x95, 0x11, 0x56, 0x7d, 0x18, 0x7,
    0xfc, 0xfc, 0xc2, 0x1, 0xf9, 0x72, 0x84, 0x3,
    0xf5, 0xc0, 0x7, 0xff, 0x5, 0x70, 0x40, 0x3d,
    0x68, 0x1, 0xff, 0xc3, 0x2d, 0x0, 0xe8, 0x40,
    0xe, 0x4a, 0xde, 0xda, 0x40, 0xe, 0x37, 0x0,
    0x89, 0xc0, 0x30, 0xdd, 0x94, 0x84, 0x96, 0xe8,
    0x3, 0xa0, 0x40, 0x10, 0x1, 0xda, 0x80, 0x1f,
    0x2d, 0x0, 0x73, 0x0, 0xa8, 0x6, 0x83, 0x0,
    0xfe, 0x55, 0x0, 0x6b, 0x7, 0x0, 0xe6, 0x0,
    0xff, 0xa4, 0x5, 0x1a, 0xc3, 0xc0, 0x32, 0x8,
    0x7, 0xfc, 0x7f, 0xd7, 0x2e, 0xa, 0x1, 0xb0,
    0x3, 0xff, 0x8e, 0x20, 0x18, 0x80, 0x3f, 0xf8,
    0xe6, 0x1, 0x84, 0x3, 0xfa, 0xb3, 0x3f, 0x38,
    0x7, 0xff, 0xd, 0x8c, 0xff, 0x71, 0x80, 0x61,
    0x0, 0xff, 0xe3, 0x88, 0x6, 0x20, 0xf, 0xfe,
    0x37, 0x28, 0x6, 0xc0, 0xf, 0xec, 0xff, 0x88,
    0x3, 0x16, 0x0, 0x64, 0x0, 0xff, 0xe0, 0x9,
    0x0, 0x67, 0x40, 0xe, 0x70, 0xf, 0xfa, 0x40,
    0x31, 0x10, 0x54, 0x3, 0x41, 0x80, 0x7f, 0x1b,
    0x80, 0x6a, 0x0, 0x40, 0x7, 0x6a, 0x0, 0x7c,
    0x7a, 0x1, 0x85, 0x80, 0x4, 0xe0, 0x18, 0x6e,
    0xcc, 0x64, 0x45, 0xac, 0x10, 0xd, 0x2, 0x1,
    0x42, 0x0, 0x72, 0x4e, 0x6e, 0xa9, 0x40, 0x39,
    0x58, 0x3, 0xad, 0x0, 0x3f, 0xf8, 0x6b, 0x40,
    0x1f, 0x5c, 0x0, 0x7f, 0xf0, 0x66, 0x80, 0x3f,
    0x9f, 0x9c, 0x40, 0x3e, 0x17, 0xe6, 0x0, 0xff,
    0x86, 0x3b, 0x6a, 0x22, 0xad, 0xe8, 0x10, 0xf,
    0xfe, 0x19, 0x2b, 0xbc, 0xa4, 0x1, 0xff, 0xc7,
    0x29, 0x9c, 0x60, 0x1f, 0xfc, 0x76, 0x6f, 0x0,
    0x7f, 0xff, 0xc0, 0x3f, 0xf8, 0xe9, 0xfe, 0x30,
    0xf, 0xfe, 0x5a, 0x98, 0x38, 0x7, 0xff, 0x1c,
    0xfa, 0x81, 0x8, 0x3, 0xff, 0x8e, 0xe2, 0x9,
    0x40, 0x1f, 0xfc, 0x86, 0x8c, 0xb1, 0x0, 0xff,
    0x0,

    /* U+0123 "ģ" */
    0x0, 0xff, 0x95, 0xc0, 0x3f, 0xf8, 0x69, 0xd5,
    0x0, 0x1f, 0xfc, 0x22, 0xb1, 0x38, 0x0, 0xff,
    0xe1, 0x50, 0x2e, 0x38, 0x7, 0xff, 0x8, 0x81,
    0xa6, 0x40, 0x1f, 0xfc, 0x43, 0x66, 0x0, 0x7f,
    0xfe, 0xeb, 0xff, 0x0, 0x7f, 0xf9, 0xd1, 0x9d,
    0xca, 0x20, 0x1f, 0xe1, 0x9f, 0xb9, 0x88, 0x57,
    0x53, 0xff, 0xe0, 0x8, 0xfd, 0x80, 0x3e, 0x58,
    0x0, 0xf1, 0xe0, 0x80, 0x7f, 0xf1, 0x34, 0x3,
    0xe1, 0x0, 0xfe, 0x71, 0x0, 0xc7, 0x9f, 0xdf,
    0x40, 0x1f, 0x48, 0x6, 0x3c, 0x30, 0x9, 0x6c,
    0x3, 0x8c, 0x40, 0x37, 0x80, 0x79, 0xc, 0x3,
    0x28, 0x6, 0x23, 0x0, 0xf9, 0x0, 0x37, 0x0,
    0x66, 0x0, 0xfd, 0xe0, 0x1f, 0xc2, 0x1, 0xff,
    0xc6, 0x10, 0xf, 0xfe, 0xf, 0x0, 0x66, 0x0,
    0xfd, 0xe0, 0x19, 0x40, 0x31, 0x18, 0x7, 0xca,
    0x1, 0x8c, 0x40, 0x34, 0x0, 0x79, 0x48, 0x3,
    0xa4, 0x3, 0x25, 0x90, 0x4, 0xd4, 0x1, 0xe7,
    0x10, 0xc, 0x9b, 0xdc, 0xf9, 0x0, 0xfd, 0xa0,
    0x1e, 0x11, 0x0, 0x7f, 0x8e, 0xc4, 0x3, 0xff,
    0x8a, 0x9e, 0xa0, 0x1f, 0x30, 0x7, 0xf0, 0xd7,
    0x54, 0x45, 0x7f, 0x20, 0x1f, 0xf0, 0xab, 0xbc,
    0x80, 0x1f, 0xfc, 0x81, 0x0, 0xc2, 0x1, 0xcf,
    0xa2, 0x1, 0xd6, 0x1, 0x88, 0x2, 0x7e, 0x82,
    0xf6, 0x23, 0x6d, 0x50, 0xc, 0xa0, 0xa, 0x81,
    0x0, 0xc, 0xee, 0x49, 0x0, 0x75, 0x0, 0x2c,
    0x40, 0x3f, 0xf8, 0x2c, 0x60, 0x1, 0xc2, 0x0,
    0xff, 0x9e, 0x40, 0x31, 0x6c, 0x8, 0x7, 0xcb,
    0x90, 0x1, 0xf3, 0xf6, 0x4c, 0x42, 0x73, 0xe8,
    0xc0, 0x20,

    /* U+0124 "Ĥ" */
    0x0, 0xfe, 0x78, 0x88, 0xc0, 0x3f, 0xf8, 0x97,
    0xe, 0xf6, 0x88, 0x7, 0xff, 0xa, 0x50, 0x3,
    0xe, 0x8, 0x7, 0xff, 0x1, 0xd8, 0x0, 0x4a,
    0x0, 0x2a, 0x0, 0xff, 0x96, 0x0, 0x2f, 0xa3,
    0x0, 0x24, 0x80, 0x7f, 0x1d, 0x0, 0x56, 0x41,
    0xa2, 0x0, 0x67, 0x0, 0xfc, 0xae, 0xf5, 0x20,
    0x0, 0x71, 0xde, 0x1, 0x0, 0xf9, 0xa2, 0x25,
    0x0, 0xc5, 0x11, 0x38, 0x80, 0x7f, 0xf3, 0x5f,
    0xff, 0x30, 0x7, 0xfd, 0xff, 0xb8, 0x3, 0xff,
    0xfe, 0x1, 0xff, 0xff, 0x0, 0xff, 0xff, 0xcf,
    0xff, 0xfc, 0x1, 0xff, 0xff, 0x3, 0x66, 0xff,
    0x80, 0x3f, 0xd5, 0x33, 0xff, 0x0, 0x7f, 0xff,
    0xc0, 0x3f, 0xff, 0xe0, 0x1f, 0xfe, 0x90,

    /* U+0125 "ĥ" */
    0x0, 0xe5, 0x88, 0x98, 0x3, 0xff, 0x8c, 0x94,
    0xef, 0x4b, 0x80, 0x7f, 0xf1, 0xe, 0xc0, 0x3a,
    0x14, 0x3, 0xff, 0x84, 0x3a, 0x1, 0x38, 0x5,
    0x46, 0x1, 0xff, 0xc1, 0xc1, 0x0, 0x3c, 0x50,
    0x5, 0xa4, 0x1, 0xff, 0x59, 0x0, 0x12, 0x1,
    0x5c, 0x0, 0x3e, 0x20, 0x1f, 0xc6, 0x67, 0x74,
    0x58, 0x5, 0x10, 0x77, 0x2a, 0x80, 0x3f, 0x8e,
    0x22, 0x70, 0xe, 0x78, 0x89, 0x0, 0x3f, 0xfb,
    0x51, 0xff, 0x68, 0x7, 0xff, 0xfc, 0x3, 0xff,
    0xf8, 0x6c, 0xee, 0x63, 0x0, 0xff, 0xe2, 0x36,
    0xe4, 0xc4, 0x27, 0x39, 0x40, 0x3f, 0xf8, 0x35,
    0x24, 0x1, 0xe1, 0xa8, 0x0, 0xff, 0x89, 0x40,
    0x3f, 0xce, 0xa0, 0x1f, 0xfc, 0xb8, 0x0, 0xff,
    0xe0, 0xb6, 0x6e, 0x38, 0x7, 0x11, 0x80, 0x7f,
    0xd1, 0x26, 0x47, 0x14, 0x1, 0xc8, 0x1, 0xfe,
    0x27, 0x0, 0xe5, 0x30, 0xd, 0xc0, 0x1f, 0xe4,
    0x0, 0xfa, 0xc0, 0x31, 0x0, 0x7f, 0x84, 0x3,
    0xe3, 0x0, 0xff, 0xe1, 0xf8, 0x7, 0xff, 0x4d,
    0xc0, 0x3f, 0xff, 0xe0, 0x1f, 0xff, 0xf0, 0xf,
    0xff, 0x18,

    /* U+0126 "Ħ" */
    0x0, 0x17, 0xfe, 0xc0, 0xf, 0xfa, 0xbf, 0xf2,
    0x0, 0x7f, 0xfb, 0x16, 0x60, 0x3, 0x14, 0xcf,
    0xfc, 0xe0, 0x1b, 0xe5, 0xfd, 0x94, 0x3, 0xb,
    0x37, 0xfc, 0x40, 0x19, 0x1a, 0xc0, 0x3f, 0xff,
    0xe0, 0x1e, 0xaf, 0xd0, 0xc, 0x7f, 0xff, 0xf2,
    0x80, 0x6b, 0xfc, 0x0, 0xff, 0xf8, 0x9f, 0xff,
    0xfc, 0xa0, 0x1f, 0xff, 0xf0, 0xf, 0xfe, 0x40,
    0xb3, 0x7f, 0xc4, 0x1, 0xff, 0xc2, 0x29, 0x9f,
    0xf9, 0xc0, 0x3f, 0xff, 0xe0, 0x1f, 0xff, 0xf0,
    0xf, 0xff, 0xf8, 0x7, 0xff, 0x34,

    /* U+0127 "ħ" */
    0x0, 0x47, 0xfd, 0xa0, 0x1f, 0xfc, 0x24, 0xc6,
    0x0, 0x8b, 0x32, 0x50, 0xf, 0xf0, 0x98, 0x80,
    0x63, 0x38, 0x80, 0x3f, 0xfd, 0xb, 0xee, 0x1,
    0x17, 0xfc, 0xe0, 0x1f, 0xfc, 0x83, 0x67, 0x73,
    0x18, 0x7, 0xff, 0x5, 0xb7, 0x26, 0x21, 0x39,
    0xca, 0x1, 0xfe, 0xa9, 0x20, 0xf, 0xd, 0x40,
    0x7, 0xe2, 0x50, 0xf, 0xf3, 0xa8, 0x7, 0xff,
    0x22, 0x0, 0x3f, 0xcd, 0x9b, 0x8e, 0x1, 0xc4,
    0x60, 0x1f, 0xa2, 0x4c, 0x8e, 0x28, 0x3, 0x90,
    0x3, 0xe2, 0x70, 0xe, 0x53, 0x0, 0xdc, 0x1,
    0xf2, 0x0, 0x7d, 0x60, 0x18, 0x80, 0x3e, 0x10,
    0xf, 0x8c, 0x3, 0xff, 0x81, 0xe0, 0x1f, 0xfd,
    0x7, 0x0, 0xff, 0xff, 0x80, 0x7f, 0xff, 0xc0,
    0x3f, 0xf9, 0x60,

    /* U+0128 "Ĩ" */
    0x1, 0xaf, 0xf6, 0x20, 0x4, 0x55, 0x47, 0x0,
    0x52, 0x80, 0xe, 0xe8, 0x40, 0x55, 0x52, 0x2,
    0x80, 0x1c, 0xbf, 0x10, 0x0, 0xca, 0x1, 0x3a,
    0x80, 0x5, 0xd0, 0x0, 0x40, 0xe0, 0x1, 0x8a,
    0xc2, 0x0, 0xea, 0x2, 0x66, 0x38, 0x0, 0xf6,
    0x8, 0x6, 0x18, 0x6, 0x66, 0x0, 0xcf, 0xbf,
    0xce, 0x1, 0xff, 0xd8, 0x2f, 0xfd, 0x80, 0x1f,
    0xff, 0xf0, 0xf, 0xff, 0xf8, 0x7, 0xff, 0xfc,
    0x3, 0xff, 0xfe, 0x1, 0xff, 0xff, 0x0, 0xe0,

    /* U+0129 "ĩ" */
    0x0, 0x24, 0x4a, 0x80, 0x7f, 0x9e, 0xdd, 0xab,
    0x50, 0x0, 0x7f, 0xec, 0x0, 0x40, 0x6, 0x2b,
    0x91, 0x50, 0x1, 0x1, 0x80, 0x42, 0x1, 0x37,
    0x48, 0x6, 0x70, 0xb, 0xb8, 0x80, 0x1e, 0x40,
    0x60, 0x0, 0x80, 0xdc, 0x80, 0x74, 0x1, 0x7f,
    0xb8, 0x2, 0x6e, 0x86, 0x8d, 0x20, 0xf, 0xe1,
    0x79, 0x72, 0x0, 0xff, 0xec, 0x17, 0xfe, 0xc0,
    0xf, 0xff, 0xf8, 0x7, 0xff, 0xfc, 0x3, 0xff,
    0xfe, 0x1, 0xff, 0xe6,

    /* U+012A "Ī" */
    0x9f, 0xff, 0xe3, 0x0, 0xff, 0xe5, 0x79, 0x9f,
    0xf0, 0xb6, 0x67, 0xf1, 0x0, 0x7f, 0xf5, 0xcb,
    0xff, 0x60, 0x7, 0xff, 0xfc, 0x3, 0xff, 0xfe,
    0x1, 0xff, 0xff, 0x0, 0xff, 0xf4, 0x80,

    /* U+012B "ī" */
    0x6c, 0xcf, 0xe2, 0xf3, 0x3f, 0xe1, 0x0, 0xff,
    0xe5, 0x4f, 0xff, 0xf1, 0x80, 0x7f, 0xf8, 0x8b,
    0xff, 0x60, 0x7, 0xff, 0xfc, 0x3, 0xff, 0xfe,
    0x1, 0xff, 0xe7,

    /* U+012E "Į" */
    0x0, 0x17, 0xfe, 0xc0, 0xf, 0xff, 0xf8, 0x7,
    0xff, 0xfc, 0x3, 0xff, 0xc0, 0xc0, 0x1e, 0x2b,
    0x0, 0x8f, 0xc3, 0xc0, 0x25, 0xc3, 0x62, 0x0,
    0x25, 0x0, 0x34, 0x2, 0xa0, 0x9, 0x40, 0x4,
    0x20, 0x11, 0x80, 0xa, 0xb1, 0xc1, 0x0, 0x25,
    0x38, 0x38, 0x10, 0xe, 0x61, 0xf5, 0x0, 0x26,
    0x28,

    /* U+012F "į" */
    0x0, 0x17, 0xfe, 0xc0, 0xf, 0xfe, 0x71, 0x55,
    0x68, 0x0, 0x95, 0x72, 0x0, 0x7f, 0x8b, 0xff,
    0x60, 0x7, 0xff, 0xfc, 0x3, 0xff, 0xe6, 0xc0,
    0x1e, 0x2a, 0x0, 0x8f, 0xc3, 0xc4, 0x0, 0xb8,
    0x6c, 0x40, 0x4, 0xa0, 0x6, 0x80, 0x54, 0x1,
    0x28, 0x0, 0x84, 0x2, 0x30, 0x1, 0x56, 0x38,
    0x20, 0x4, 0xa7, 0x7, 0x2, 0x1, 0xcc, 0x3e,
    0xa0, 0x4, 0xc5,

    /* U+0130 "İ" */
    0x1e, 0xed, 0x66, 0x23, 0x9c, 0x3, 0xff, 0x8c,
    0x5f, 0xfb, 0x0, 0x3f, 0xf8, 0xc5, 0xff, 0xb0,
    0x3, 0xff, 0xfe, 0x1, 0xff, 0xff,

    /* U+0131 "ı" */
    0x2f, 0xfd, 0x80, 0x1f, 0xff, 0xf0, 0xf, 0xfe,
    0xa8,

    /* U+0134 "Ĵ" */
    0x0, 0xff, 0xc, 0x46, 0x20, 0xf, 0xfe, 0x1e,
    0xbb, 0xef, 0x10, 0xf, 0xfe, 0xd, 0x98, 0x6,
    0x2d, 0x0, 0xff, 0xe0, 0x4a, 0x0, 0xd, 0x0,
    0x7, 0x40, 0x1f, 0xe7, 0x60, 0x0, 0xed, 0x10,
    0x1, 0x60, 0x3, 0xf2, 0x40, 0x5, 0xa2, 0x2f,
    0x0, 0x9d, 0x40, 0x3e, 0x37, 0x7a, 0xcc, 0x0,
    0x58, 0xef, 0x10, 0x7, 0xcf, 0x11, 0x20, 0x6,
    0x38, 0x89, 0xc0, 0x3f, 0xfa, 0x8d, 0xff, 0xa4,
    0x3, 0xff, 0xfe, 0x1, 0xff, 0xff, 0x0, 0xff,
    0xff, 0x80, 0x7f, 0xff, 0xc0, 0x3f, 0xff, 0xe0,
    0x1f, 0xf1, 0xb0, 0x7, 0x8, 0x7, 0xf9, 0xef,
    0xf2, 0x50, 0x3, 0x58, 0x6, 0xe0, 0xe, 0xd4,
    0x0, 0xad, 0x84, 0xe8, 0xc0, 0x31, 0x80, 0x74,
    0x80, 0x74, 0xf6, 0x28, 0x6, 0x14, 0x0, 0xe3,
    0x70, 0xf, 0xfe, 0x5, 0x0, 0x7d, 0xc, 0x1,
    0xfe, 0x84, 0x0, 0xfd, 0x34, 0x40, 0x1e, 0x3b,
    0x70, 0xf, 0xf2, 0xee, 0x4c, 0x42, 0xb7, 0x10,
    0x3, 0xf0,

    /* U+0135 "ĵ" */
    0x0, 0xea, 0xff, 0xc8, 0x1, 0xfa, 0x14, 0x3,
    0x51, 0x0, 0x79, 0x9c, 0x3, 0x87, 0xc4, 0x3,
    0x24, 0x80, 0x58, 0xc0, 0x2, 0xd0, 0x8, 0xac,
    0x2, 0xa3, 0x94, 0x0, 0x1d, 0x0, 0xe0, 0x5,
    0xa, 0x0, 0xa2, 0x0, 0x2c, 0xf, 0x7f, 0xce,
    0x1, 0xe, 0xff, 0xd0, 0x1, 0xff, 0xd7, 0x9f,
    0xfc, 0xa0, 0x1f, 0xff, 0xf0, 0xf, 0xff, 0xf8,
    0x7, 0xff, 0xfc, 0x3, 0xff, 0xfe, 0x1, 0xfc,
    0x40, 0x1f, 0xfc, 0x12, 0x40, 0xf, 0xf1, 0xcd,
    0x68, 0x7, 0x8, 0x7, 0x33, 0x14, 0x3, 0xca,
    0x1, 0xff, 0xc1, 0x41, 0x0, 0xff, 0xe0, 0x15,
    0x0, 0x7f, 0xc4, 0xfa, 0x20, 0x1c,

    /* U+0136 "Ķ" */
    0x7f, 0xfc, 0xc0, 0x1f, 0x8b, 0xff, 0xb0, 0x3,
    0xff, 0x84, 0x3e, 0x1, 0x87, 0x40, 0x3f, 0xf8,
    0x5a, 0x40, 0x1b, 0x44, 0x3, 0xff, 0x83, 0x26,
    0x1, 0xac, 0xc0, 0x3f, 0xf8, 0x2c, 0xc0, 0xd,
    0x8, 0x1, 0xff, 0xc1, 0x49, 0x0, 0xcc, 0xe0,
    0x1f, 0xfc, 0x12, 0xa0, 0xc, 0x92, 0x1, 0xff,
    0xc2, 0xf1, 0x0, 0x8a, 0x80, 0x3f, 0xf8, 0x56,
    0x40, 0x10, 0xf8, 0x80, 0x7f, 0xf0, 0x61, 0x0,
    0x36, 0x90, 0x7, 0xff, 0x5, 0x5c, 0x3, 0x49,
    0x80, 0x7f, 0xf0, 0x72, 0x80, 0x33, 0xb0, 0x7,
    0xff, 0x9, 0x40, 0x32, 0x40, 0x7, 0xff, 0x21,
    0x44, 0x3, 0xff, 0x86, 0x80, 0x18, 0x70, 0x40,
    0x3f, 0xf8, 0x5b, 0x20, 0x18, 0xa8, 0x3, 0xff,
    0x86, 0xce, 0x1, 0x92, 0x80, 0x3f, 0xf8, 0x70,
    0xa0, 0x19, 0x60, 0x3, 0xff, 0x87, 0x46, 0x1,
    0x9d, 0x80, 0x3f, 0xf8, 0x7a, 0x40, 0x1a, 0x50,
    0x3, 0xff, 0x84, 0x3e, 0x20, 0x1a, 0xcc, 0x3,
    0xff, 0x84, 0x5a, 0x1, 0xda, 0x20, 0x1f, 0xfc,
    0x23, 0xb0, 0xc, 0x38, 0x1, 0xff, 0xc3, 0x49,
    0x0, 0xc5, 0x60, 0x1f, 0xfc, 0x36, 0x60, 0x6,
    0x4a, 0x0, 0xff, 0xe1, 0xca, 0x80, 0x65, 0x87,
    0xff, 0xcc, 0x1, 0xfd, 0x5f, 0xfd, 0x0, 0x1f,
    0xfe, 0x87, 0xff, 0xc4, 0x1, 0xff, 0xff, 0x0,
    0xf8, 0xd9, 0x80, 0x1f, 0xfc, 0x74, 0x9b, 0x0,
    0x10, 0x7, 0xff, 0x10, 0xe7, 0x41, 0x80, 0x3f,
    0xf8, 0xa8, 0xc0, 0xb2, 0x1, 0xff, 0xc5, 0x49,
    0xda, 0x0, 0xff, 0x0,

    /* U+0137 "ķ" */
    0x7f, 0xfc, 0xe0, 0x1f, 0xff, 0xf0, 0xf, 0xfe,
    0xaf, 0x80, 0x7f, 0xf4, 0x53, 0xff, 0xac, 0x3,
    0xfe, 0x1a, 0x0, 0xc3, 0x40, 0x1f, 0xf5, 0x8,
    0x6, 0xa1, 0x0, 0xff, 0x3a, 0x0, 0x67, 0x40,
    0xf, 0xf1, 0xc0, 0x6, 0x38, 0x0, 0xff, 0xb8,
    0x3, 0xf, 0x0, 0x7f, 0xd2, 0x40, 0x1a, 0xc8,
    0x3, 0xfc, 0xac, 0x1, 0x99, 0x40, 0x3f, 0xdd,
    0x60, 0x18, 0xa4, 0x3, 0xfe, 0x61, 0x0, 0xd2,
    0x1, 0xff, 0xc0, 0x61, 0x0, 0xd2, 0x1, 0xff,
    0xc0, 0xeb, 0x0, 0xc5, 0x40, 0x1f, 0xfc, 0x5,
    0x60, 0xc, 0xae, 0x1, 0xff, 0xc0, 0x93, 0x0,
    0xd0, 0x80, 0x1f, 0xfc, 0xe, 0x0, 0xea, 0x10,
    0xf, 0xf8, 0xa8, 0x3, 0xe, 0x80, 0x7f, 0xf0,
    0x15, 0x40, 0x18, 0xe4, 0x3, 0xff, 0x81, 0x44,
    0x1, 0x99, 0x80, 0x1f, 0xfc, 0xf, 0x0, 0xe9,
    0x38, 0xff, 0xce, 0x1, 0xc5, 0xff, 0xe3, 0x0,
    0xff, 0xf0, 0x1f, 0xfe, 0x60, 0xf, 0xff, 0xd0,
    0xb3, 0x8, 0x3, 0xff, 0x86, 0x53, 0x20, 0x1,
    0x0, 0x7f, 0xf0, 0x46, 0x78, 0x88, 0x80, 0x1f,
    0xfc, 0x12, 0x61, 0x3f, 0x0, 0xff, 0xe1, 0x14,
    0x5e, 0x10, 0x7, 0xe0,

    /* U+0139 "Ĺ" */
    0x0, 0xd5, 0xff, 0x0, 0x7f, 0xf0, 0x5, 0x40,
    0xc, 0x1, 0xff, 0xc0, 0x90, 0xa, 0xc0, 0x3f,
    0xf8, 0xc, 0x0, 0x42, 0x0, 0xff, 0x94, 0x40,
    0x1e, 0x1, 0xff, 0xc0, 0x90, 0x1, 0x20, 0x7,
    0xfc, 0x66, 0x0, 0x50, 0x7, 0xff, 0x0, 0xff,
    0xe7, 0x0, 0xff, 0xf0, 0x97, 0xfe, 0xc0, 0xf,
    0xff, 0xf8, 0x7, 0xff, 0xfc, 0x3, 0xff, 0xfe,
    0x1, 0xff, 0xff, 0x0, 0xff, 0xf6, 0x14, 0xcf,
    0xfa, 0x0, 0x38, 0x59, 0xbf, 0xce, 0x1, 0xff,
    0xe7,

    /* U+013A "ĺ" */
    0x0, 0xd5, 0xff, 0x0, 0x61, 0x50, 0x3, 0x0,
    0x69, 0x0, 0xac, 0x3, 0x30, 0x1, 0x8, 0x2,
    0x51, 0x0, 0x78, 0x6, 0x90, 0x1, 0x20, 0x4,
    0x66, 0x0, 0x50, 0x6, 0x3f, 0xf9, 0xc0, 0x3f,
    0xf8, 0x2, 0xef, 0x98, 0x2, 0x38, 0x8d, 0x40,
    0x1f, 0xff, 0xf0, 0xf, 0xff, 0xf8, 0x7, 0xff,
    0xfc, 0x2,

    /* U+013B "Ļ" */
    0x2f, 0xfd, 0x80, 0x1f, 0xff, 0xf0, 0xf, 0xff,
    0xf8, 0x7, 0xff, 0xfc, 0x3, 0xff, 0xfe, 0x1,
    0xff, 0xec, 0x29, 0x9f, 0xf4, 0x0, 0x70, 0xb3,
    0x7f, 0x9c, 0x3, 0xff, 0xce, 0x5f, 0xff, 0xfc,
    0x40, 0xf, 0xfe, 0xe3, 0x7f, 0xe3, 0x0, 0xff,
    0xf9, 0x2b, 0x30, 0x3, 0xff, 0x84, 0x73, 0x60,
    0x2, 0x0, 0xff, 0x8e, 0x70, 0x14, 0x40, 0x3f,
    0xe5, 0x61, 0x4a, 0x0, 0xff, 0xe0, 0x2c, 0xe5,
    0x80, 0x7c,

    /* U+013C "ļ" */
    0x17, 0x7c, 0xc7, 0x11, 0xa8, 0x3, 0xff, 0xfe,
    0x1, 0xff, 0xff, 0x2f, 0xfd, 0x80, 0x1f, 0xfc,
    0x1f, 0xfd, 0x40, 0x1f, 0xfc, 0x76, 0x61, 0x81,
    0x84, 0xc9, 0x80, 0x42, 0x31, 0x42, 0x81, 0xcc,
    0x6c, 0x82, 0x2b, 0x90, 0x0,

    /* U+013D "Ľ" */
    0x2f, 0xfd, 0x80, 0x11, 0xff, 0xeb, 0x0, 0xff,
    0xf9, 0x8, 0xc0, 0x1f, 0xfc, 0x22, 0xee, 0x28,
    0x8, 0x7, 0xff, 0x9, 0x80, 0x80, 0x3f, 0xf8,
    0x9, 0x26, 0x18, 0x1, 0xff, 0xc0, 0xb6, 0x4,
    0x40, 0x7, 0xfc, 0x24, 0x47, 0xb0, 0xf, 0xfe,
    0x0, 0xee, 0xa0, 0x3, 0xff, 0xfe, 0x1, 0xff,
    0xff, 0x0, 0xff, 0xe8, 0x94, 0xcf, 0xfa, 0x0,
    0x38, 0x59, 0xbf, 0xce, 0x1, 0xff, 0xe7,

    /* U+013E "ľ" */
    0x17, 0x7c, 0xc0, 0x1f, 0x8e, 0x23, 0x50, 0x1,
    0x7f, 0xf4, 0x0, 0x7f, 0xf9, 0x84, 0x60, 0xf,
    0xf9, 0x3b, 0x86, 0x1, 0xff, 0xc1, 0x20, 0xe0,
    0xf, 0xe5, 0xb1, 0x4, 0x0, 0xfc, 0x54, 0x80,
    0xc4, 0x1, 0xf8, 0x48, 0xe2, 0x40, 0x3f, 0x8f,
    0x71, 0xc0, 0x3f, 0xff, 0xe0, 0x1f, 0xff, 0xf0,
    0xf, 0xff, 0x90,

    /* U+0141 "Ł" */
    0x0, 0x37, 0xfe, 0x80, 0xf, 0xff, 0xf8, 0x7,
    0xff, 0xc9, 0x0, 0x3f, 0xf8, 0x85, 0x76, 0x0,
    0xff, 0xe1, 0xc, 0xea, 0x0, 0x7f, 0xf0, 0x93,
    0xd8, 0x3, 0xff, 0x88, 0x62, 0x1, 0xff, 0xca,
    0x10, 0xf, 0xd8, 0x1, 0xf9, 0xbc, 0x3, 0xcb,
    0xca, 0x1, 0xe4, 0xd9, 0x10, 0xf, 0x50, 0x80,
    0x71, 0x55, 0x90, 0x7, 0xff, 0xd, 0x54, 0x1,
    0xff, 0xd3, 0x10, 0xf, 0xfe, 0x21, 0x54, 0x0,
    0x7f, 0xf1, 0x35, 0x40, 0x3f, 0xf9, 0x89, 0x33,
    0xfe, 0x60, 0xf, 0x8d, 0x9b, 0xfd, 0x80, 0x1f,
    0xfe, 0xd0,

    /* U+0142 "ł" */
    0x0, 0xc2, 0xef, 0x94, 0x3, 0xf1, 0xc4, 0x69,
    0x0, 0xff, 0xff, 0x80, 0x7f, 0xf0, 0x10, 0x3,
    0xfe, 0x4d, 0x80, 0xf, 0xe1, 0xbb, 0x10, 0x7,
    0xf8, 0x90, 0x3, 0xff, 0x92, 0xe0, 0x1f, 0x9c,
    0x0, 0x57, 0x40, 0x1e, 0x19, 0xb0, 0x8d, 0x40,
    0xf, 0x37, 0xb0, 0x13, 0x80, 0x7c, 0x72, 0x20,
    0x1f, 0xfd, 0x56, 0xc0, 0xf, 0xf2, 0x6c, 0x88,
    0x7, 0xf1, 0x59, 0x0, 0x7f, 0xff, 0xc0, 0x3f,
    0xf9, 0x0,

    /* U+0143 "Ń" */
    0x0, 0xff, 0xe0, 0x57, 0xfb, 0x80, 0x3f, 0xf8,
    0xa4, 0xa0, 0x6, 0x0, 0xff, 0xe2, 0xd0, 0x5,
    0x20, 0x1f, 0xfc, 0x56, 0x0, 0x28, 0x80, 0x7f,
    0xf1, 0x18, 0x40, 0x12, 0x1, 0xff, 0xc5, 0xb0,
    0x1, 0x18, 0x7, 0xff, 0x10, 0xc8, 0x1, 0x60,
    0x1f, 0xfc, 0x53, 0xff, 0x98, 0x3, 0xff, 0xd0,
    0xff, 0xfb, 0x0, 0x3f, 0xc9, 0xff, 0xac, 0x3,
    0x8d, 0xc0, 0x3f, 0xf9, 0x30, 0x40, 0x1f, 0xfc,
    0x9e, 0x0, 0xff, 0xe4, 0x9b, 0x0, 0x7f, 0xf2,
    0x64, 0x40, 0x3f, 0xf9, 0x34, 0x1, 0xff, 0xc9,
    0x45, 0x0, 0xff, 0xe4, 0xd8, 0x80, 0x7f, 0xf0,
    0xdc, 0x40, 0x21, 0xb0, 0xf, 0xfe, 0x1f, 0xd8,
    0x6, 0x55, 0x0, 0x7f, 0xf0, 0xd5, 0x40, 0x1a,
    0xc4, 0x3, 0xff, 0x87, 0x62, 0x1, 0xc, 0x0,
    0x7f, 0xf0, 0xc6, 0x0, 0x33, 0x20, 0x7, 0xff,
    0xd, 0x90, 0x3, 0x48, 0x7, 0xff, 0x12, 0x40,
    0x31, 0x48, 0x7, 0xff, 0xc, 0xa4, 0x3, 0x31,
    0x80, 0x7f, 0xf0, 0xd8, 0xc0, 0x34, 0x0, 0x7f,
    0xf1, 0x38, 0x3, 0xff, 0x92, 0x50, 0x1, 0xff,
    0xc9, 0x73, 0x0, 0xff, 0xe4, 0xf8, 0x7, 0xff,
    0x24, 0xdc, 0x3, 0xff, 0x93, 0x4, 0x1, 0xff,
    0xc9, 0xe0, 0xf, 0xfe, 0x49, 0xb0, 0x7, 0x0,

    /* U+0144 "ń" */
    0x0, 0xff, 0xe8, 0xbf, 0xfc, 0x40, 0x1f, 0xfc,
    0x29, 0x0, 0x21, 0x0, 0x7f, 0xf0, 0x54, 0x40,
    0x1e, 0x1, 0xff, 0xc2, 0x90, 0x1, 0x20, 0x7,
    0xff, 0x4, 0x8c, 0x1, 0x40, 0x1f, 0xfc, 0x2b,
    0x0, 0x98, 0x3, 0xff, 0x82, 0x2c, 0x0, 0x61,
    0x0, 0xff, 0xe0, 0x8f, 0xfd, 0x20, 0x1f, 0xfd,
    0x63, 0x67, 0x73, 0x18, 0x7, 0x47, 0xfd, 0xa0,
    0xdb, 0x93, 0x10, 0x9c, 0xe5, 0x0, 0xfd, 0x52,
    0x40, 0x1e, 0x1a, 0x80, 0xf, 0x12, 0x80, 0x7f,
    0x9d, 0x40, 0x3f, 0xf8, 0xd0, 0x1, 0xf9, 0xb3,
    0x71, 0xc0, 0x38, 0x8c, 0x3, 0xd1, 0x26, 0x47,
    0x14, 0x1, 0xc8, 0x1, 0xc4, 0xe0, 0x1c, 0xa6,
    0x1, 0xb8, 0x3, 0x90, 0x3, 0xeb, 0x0, 0xc4,
    0x1, 0xc2, 0x1, 0xf1, 0x80, 0x7f, 0xbc, 0x3,
    0xff, 0x9c, 0xe0, 0x1f, 0xff, 0xf0, 0xf, 0xff,
    0xf8, 0x7, 0xc0,

    /* U+0145 "Ņ" */
    0x7f, 0xfd, 0x80, 0x1f, 0xe4, 0xff, 0xd6, 0x1,
    0xc6, 0xe0, 0x1f, 0xfc, 0x98, 0x20, 0xf, 0xfe,
    0x4f, 0x0, 0x7f, 0xf2, 0x4d, 0x80, 0x3f, 0xf9,
    0x32, 0x20, 0x1f, 0xfc, 0x9a, 0x0, 0xff, 0xe4,
    0xa2, 0x80, 0x7f, 0xf2, 0x6c, 0x40, 0x3f, 0xf8,
    0x6e, 0x20, 0x10, 0xd8, 0x7, 0xff, 0xf, 0xec,
    0x3, 0x2a, 0x80, 0x3f, 0xf8, 0x6a, 0xa0, 0xd,
    0x62, 0x1, 0xff, 0xc3, 0xb1, 0x0, 0x86, 0x0,
    0x3f, 0xf8, 0x63, 0x0, 0x19, 0x90, 0x3, 0xff,
    0x86, 0xc8, 0x1, 0xa4, 0x3, 0xff, 0x89, 0x20,
    0x18, 0xa4, 0x3, 0xff, 0x86, 0x52, 0x1, 0x98,
    0xc0, 0x3f, 0xf8, 0x6c, 0x60, 0x1a, 0x0, 0x3f,
    0xf8, 0x9c, 0x1, 0xff, 0xc9, 0x28, 0x0, 0xff,
    0xe4, 0xb9, 0x80, 0x7f, 0xf2, 0x7c, 0x3, 0xff,
    0x92, 0x6e, 0x1, 0xff, 0xc9, 0x82, 0x0, 0xff,
    0xe4, 0xf0, 0x7, 0xff, 0x24, 0xd8, 0x3, 0x9f,
    0xff, 0x38, 0x7, 0xfa, 0x7f, 0xf5, 0x80, 0x7f,
    0xfa, 0x73, 0xfe, 0xc0, 0xf, 0xff, 0xf8, 0x7,
    0xeb, 0x64, 0x0, 0xff, 0xe3, 0xbc, 0x98, 0x30,
    0x7, 0xff, 0x15, 0xad, 0xc3, 0x80, 0x3f, 0xf8,
    0xb4, 0x81, 0x28, 0x1, 0xff, 0xc5, 0xaa, 0x73,
    0x0, 0x7f, 0x0,

    /* U+0146 "ņ" */
    0x0, 0xfc, 0x6c, 0xee, 0x63, 0x0, 0xe8, 0xff,
    0xb4, 0x1b, 0x72, 0x62, 0x13, 0x9c, 0xa0, 0x1f,
    0xaa, 0x48, 0x3, 0xc3, 0x50, 0x1, 0xe2, 0x50,
    0xf, 0xf3, 0xa8, 0x7, 0xff, 0x1a, 0x0, 0x3f,
    0x36, 0x6e, 0x38, 0x7, 0x11, 0x80, 0x7a, 0x24,
    0xc8, 0xe2, 0x80, 0x39, 0x0, 0x38, 0x9c, 0x3,
    0x94, 0xc0, 0x37, 0x0, 0x72, 0x0, 0x7d, 0x60,
    0x18, 0x80, 0x38, 0x40, 0x3e, 0x30, 0xf, 0xf7,
    0x80, 0x7f, 0xf3, 0x9c, 0x3, 0xff, 0xfe, 0x1,
    0xff, 0xff, 0x0, 0xfa, 0x3f, 0xf3, 0x80, 0x7c,
    0x7f, 0xfa, 0xc0, 0x3f, 0xfc, 0x33, 0xff, 0x80,
    0x3f, 0xff, 0x78, 0xcc, 0x0, 0xff, 0xe2, 0x2c,
    0xe8, 0x8, 0x7, 0xff, 0x9, 0x2a, 0xc1, 0x80,
    0x3f, 0xf8, 0x5a, 0xa0, 0xd0, 0x1, 0xff, 0xc2,
    0xd9, 0xd9, 0x0, 0xfc,

    /* U+0147 "Ň" */
    0x0, 0xc9, 0x11, 0x38, 0x7, 0x3c, 0x44, 0x60,
    0x1f, 0x2a, 0x9d, 0xd1, 0x0, 0xa, 0xe1, 0xdc,
    0x66, 0x0, 0xf8, 0x7c, 0x40, 0xe, 0xc1, 0x8,
    0x0, 0x2a, 0x0, 0xfe, 0x2d, 0x0, 0xa6, 0x1c,
    0x0, 0x3e, 0x20, 0x1f, 0xe3, 0xa0, 0x9, 0xc0,
    0x2d, 0x20, 0xf, 0xfe, 0x2, 0xc0, 0x7, 0x59,
    0x80, 0x7f, 0xf0, 0x9e, 0x5d, 0xea, 0x40, 0xf,
    0xfe, 0x23, 0x44, 0x4a, 0x1, 0xff, 0xd2, 0x7f,
    0xfd, 0x80, 0x1f, 0xe4, 0xff, 0xd6, 0x1, 0xc6,
    0xe0, 0x1f, 0xfc, 0x98, 0x20, 0xf, 0xfe, 0x4f,
    0x0, 0x7f, 0xf2, 0x4d, 0x80, 0x3f, 0xf9, 0x32,
    0x20, 0x1f, 0xfc, 0x9a, 0x0, 0xff, 0xe4, 0xa2,
    0x80, 0x7f, 0xf2, 0x6c, 0x40, 0x3f, 0xf8, 0x6e,
    0x20, 0x10, 0xd8, 0x7, 0xff, 0xf, 0xec, 0x3,
    0x2a, 0x80, 0x3f, 0xf8, 0x6a, 0xa0, 0xd, 0x62,
    0x1, 0xff, 0xc3, 0xb1, 0x0, 0x86, 0x0, 0x3f,
    0xf8, 0x63, 0x0, 0x19, 0x90, 0x3, 0xff, 0x86,
    0xc8, 0x1, 0xa4, 0x3, 0xff, 0x89, 0x20, 0x18,
    0xa4, 0x3, 0xff, 0x86, 0x52, 0x1, 0x98, 0xc0,
    0x3f, 0xf8, 0x6c, 0x60, 0x1a, 0x0, 0x3f, 0xf8,
    0x9c, 0x1, 0xff, 0xc9, 0x28, 0x0, 0xff, 0xe4,
    0xb9, 0x80, 0x7f, 0xf2, 0x7c, 0x3, 0xff, 0x92,
    0x6e, 0x1, 0xff, 0xc9, 0x82, 0x0, 0xff, 0xe4,
    0xf0, 0x7, 0xff, 0x24, 0xd8, 0x3, 0x80,

    /* U+0148 "ň" */
    0x0, 0x8, 0xf0, 0x7, 0x8, 0xe0, 0xe, 0x4e,
    0xec, 0x40, 0x13, 0x77, 0x5e, 0x40, 0x19, 0x5c,
    0x2, 0xf1, 0x3, 0x90, 0xa, 0x88, 0x3, 0xa1,
    0x0, 0x5, 0x43, 0xa0, 0x14, 0x20, 0x7, 0xd6,
    0x40, 0x4, 0xf1, 0x0, 0x2b, 0x80, 0x7f, 0x78,
    0x80, 0x4, 0x0, 0x74, 0x1, 0xfe, 0x2a, 0x0,
    0xc3, 0xa0, 0x1f, 0xfc, 0x4, 0xdc, 0xcb, 0xc4,
    0x3, 0xff, 0x82, 0x46, 0x70, 0x80, 0x7f, 0xf0,
    0xcd, 0x9d, 0xcc, 0x60, 0x1d, 0x1f, 0xf6, 0x83,
    0x6e, 0x4c, 0x42, 0x73, 0x94, 0x3, 0xf5, 0x49,
    0x0, 0x78, 0x6a, 0x0, 0x3c, 0x4a, 0x1, 0xfe,
    0x75, 0x0, 0xff, 0xe3, 0x40, 0x7, 0xe6, 0xcd,
    0xc7, 0x0, 0xe2, 0x30, 0xf, 0x44, 0x99, 0x1c,
    0x50, 0x7, 0x20, 0x7, 0x13, 0x80, 0x72, 0x98,
    0x6, 0xe0, 0xe, 0x40, 0xf, 0xac, 0x3, 0x10,
    0x7, 0x8, 0x7, 0xc6, 0x1, 0xfe, 0xf0, 0xf,
    0xfe, 0x73, 0x80, 0x7f, 0xff, 0xc0, 0x3f, 0xff,
    0xe0, 0x1f, 0x0,

    /* U+014A "Ŋ" */
    0x7f, 0xfd, 0x80, 0x1f, 0xe4, 0xff, 0xd6, 0x1,
    0xc6, 0xe0, 0x1f, 0xfc, 0x98, 0x20, 0xf, 0xfe,
    0x4f, 0x0, 0x7f, 0xf2, 0x4d, 0x80, 0x3f, 0xf9,
    0x32, 0x20, 0x1f, 0xfc, 0x9a, 0x0, 0xff, 0xe4,
    0xa2, 0x80, 0x7f, 0xf2, 0x6c, 0x40, 0x3f, 0xf8,
    0x6e, 0x20, 0x10, 0xd8, 0x7, 0xff, 0xf, 0xec,
    0x3, 0x2a, 0x80, 0x3f, 0xf8, 0x6a, 0x80, 0x1a,
    0xc4, 0x3, 0xff, 0x87, 0x40, 0x18, 0x60, 0x3,
    0xff, 0x86, 0x32, 0x1, 0x99, 0x0, 0x3f, 0xf8,
    0x6c, 0x60, 0x1a, 0x40, 0x3f, 0xf8, 0x9c, 0x1,
    0x8a, 0x40, 0x3f, 0xf8, 0x64, 0xe0, 0x19, 0x8c,
    0x3, 0xff, 0x87, 0x4, 0x1, 0xa0, 0x3, 0xff,
    0x89, 0xc0, 0x1f, 0xfc, 0x93, 0x60, 0xf, 0xfe,
    0x4c, 0x88, 0x7, 0xff, 0x26, 0x80, 0x3f, 0xf9,
    0x28, 0xa0, 0x1f, 0xfc, 0x9b, 0x0, 0xff, 0xe4,
    0x8c, 0x80, 0x7f, 0xf2, 0x58, 0xc0, 0x39, 0xff,
    0xf3, 0x80, 0x7f, 0xbc, 0x3, 0xff, 0x92, 0x68,
    0x1, 0xff, 0xc9, 0xd0, 0xf, 0xfe, 0x49, 0x80,
    0x7f, 0xf2, 0x6, 0x40, 0x21, 0x0, 0xff, 0xe0,
    0xc7, 0x74, 0x60, 0x16, 0x80, 0x7f, 0xf0, 0x44,
    0x60, 0xe, 0x50, 0xf, 0xfe, 0x44, 0x10, 0x7,
    0xff, 0x7, 0xc8, 0x0, 0x29, 0x6e, 0x0,

    /* U+014B "ŋ" */
    0x0, 0xfc, 0x6c, 0xee, 0x63, 0x0, 0xe8, 0xff,
    0xb4, 0x1b, 0x72, 0x62, 0x13, 0x9c, 0xa0, 0x1f,
    0xaa, 0x48, 0x3, 0xc3, 0x50, 0x1, 0xe2, 0x50,
    0xf, 0xf3, 0xa8, 0x7, 0xff, 0x1a, 0x0, 0x3f,
    0x36, 0x6e, 0x38, 0x7, 0x11, 0x80, 0x7a, 0x24,
    0xc8, 0xe2, 0x80, 0x39, 0x0, 0x38, 0x9c, 0x3,
    0x94, 0xc0, 0x37, 0x0, 0x72, 0x0, 0x7d, 0x60,
    0x18, 0x80, 0x38, 0x40, 0x3e, 0x30, 0xf, 0xf7,
    0x80, 0x7f, 0xf3, 0x9c, 0x3, 0xff, 0xfe, 0x1,
    0xff, 0xff, 0x0, 0xfa, 0x3f, 0xf3, 0x80, 0x7f,
    0xfd, 0x18, 0x3, 0xff, 0x8a, 0x70, 0x1, 0x88,
    0x3, 0xfd, 0x1f, 0x84, 0x1, 0xb0, 0x3, 0xff,
    0x8a, 0x4a, 0x1, 0xff, 0xc4, 0x1f, 0x0, 0xff,
    0xad, 0x90, 0xd6, 0x78, 0x80,

    /* U+014C "Ō" */
    0x0, 0xf9, 0x3f, 0xff, 0xa0, 0x3, 0xff, 0xee,
    0xe6, 0x7f, 0xdc, 0x1, 0xff, 0xc3, 0x3c, 0xcf,
    0xe6, 0x0, 0xff, 0xfc, 0x92, 0xbb, 0xcc, 0x60,
    0x1f, 0xfc, 0x42, 0x9e, 0xda, 0x88, 0xa7, 0x3e,
    0x90, 0x3, 0xff, 0x81, 0x1a, 0xc2, 0x1, 0xf9,
    0x6e, 0xc2, 0x1, 0xfd, 0x6e, 0x1, 0xff, 0xc1,
    0x4f, 0x30, 0xf, 0xb1, 0x0, 0x3f, 0xf8, 0x63,
    0xa4, 0x1, 0xd0, 0x60, 0x1c, 0x95, 0xbd, 0xb6,
    0xc0, 0x1c, 0x3e, 0x1, 0x89, 0xc0, 0x30, 0xdd,
    0x94, 0x84, 0x92, 0x78, 0xc0, 0x31, 0x38, 0x5,
    0x0, 0x1d, 0xa8, 0x1, 0xf0, 0xe1, 0x0, 0x69,
    0x0, 0xa, 0x80, 0x68, 0x30, 0xf, 0xf7, 0x0,
    0x61, 0x50, 0x40, 0xe, 0x60, 0xf, 0xf8, 0xd0,
    0x3, 0x78, 0x60, 0x6, 0x41, 0x0, 0xff, 0xe0,
    0x68, 0x6, 0x40, 0x50, 0xd, 0x80, 0x1f, 0xfc,
    0x14, 0x0, 0xc2, 0x2, 0x1, 0x88, 0x3, 0xff,
    0x82, 0x40, 0x1c, 0x46, 0x1, 0x84, 0x3, 0xff,
    0x8e, 0x20, 0x1f, 0xfc, 0xe3, 0x0, 0xc2, 0x1,
    0xff, 0xc7, 0x11, 0x0, 0x62, 0x0, 0xff, 0xe0,
    0x98, 0x7, 0x12, 0x80, 0x6c, 0x0, 0xff, 0xe0,
    0xa8, 0x6, 0x10, 0xc0, 0xc, 0x80, 0x1f, 0xfc,
    0x1d, 0x0, 0xc8, 0x8, 0x1, 0xce, 0x1, 0xff,
    0x1a, 0x0, 0x6f, 0x1, 0x50, 0xd, 0x6, 0x1,
    0xfe, 0xe0, 0xc, 0x2a, 0x0, 0x80, 0xe, 0xd4,
    0x0, 0xf8, 0xb0, 0x80, 0x34, 0x80, 0x44, 0xe0,
    0x18, 0x6e, 0xcc, 0x64, 0x45, 0x9d, 0x30, 0xc,
    0x4e, 0x1, 0xa0, 0xc0, 0x39, 0x27, 0x37, 0x54,
    0xc0, 0x1c, 0x3e, 0x1, 0xec, 0x40, 0xf, 0xfe,
    0x18, 0xe9, 0x0, 0x7d, 0x6e, 0x1, 0xff, 0xc1,
    0x4f, 0x30, 0xf, 0xe8, 0xd6, 0x10, 0xf, 0xc9,
    0x76, 0x10, 0xf, 0xf8, 0xa7, 0xb6, 0xa2, 0x29,
    0xcf, 0xb4, 0x0, 0xf8,

    /* U+014D "ō" */
    0x0, 0xe7, 0xcc, 0xfe, 0x20, 0xf, 0xf7, 0x19,
    0xff, 0x8, 0x7, 0xff, 0xa2, 0x7f, 0xff, 0x8c,
    0x3, 0xff, 0xfe, 0x4a, 0xee, 0x64, 0x10, 0xf,
    0xfe, 0x3, 0x6e, 0xaa, 0x21, 0x37, 0xd4, 0x40,
    0x1f, 0x87, 0x24, 0x80, 0x3e, 0x5d, 0x70, 0xf,
    0xf, 0x98, 0x7, 0xfd, 0x10, 0x0, 0xed, 0x10,
    0xf, 0xfe, 0xb, 0xa8, 0x4, 0xc6, 0x1, 0x8a,
    0xb7, 0xb1, 0xc0, 0x3a, 0xc0, 0x2b, 0x0, 0xc7,
    0xaa, 0x42, 0x71, 0x60, 0x18, 0x58, 0x8, 0x80,
    0x1b, 0xc0, 0x3c, 0x8a, 0x1, 0xb4, 0x10, 0x3,
    0x11, 0x80, 0x7d, 0xc0, 0x19, 0x3, 0x80, 0x33,
    0x0, 0x7e, 0x50, 0xe, 0x10, 0xe, 0x10, 0xf,
    0xc2, 0x1, 0xff, 0xc8, 0x10, 0xf, 0x70, 0x6,
    0x70, 0xf, 0xca, 0x1, 0xc2, 0x80, 0x18, 0x8c,
    0x3, 0xee, 0x0, 0xc8, 0x4, 0x40, 0xd, 0xc0,
    0x1e, 0x55, 0x0, 0x6d, 0x0, 0x58, 0x6, 0x2d,
    0x52, 0x13, 0x9a, 0x0, 0xc2, 0xc0, 0x6, 0x30,
    0xc, 0x55, 0xbd, 0x8c, 0x1, 0xd6, 0x1, 0xb4,
    0x40, 0x3f, 0xf8, 0x2e, 0xa0, 0x18, 0x7c, 0xc0,
    0x3f, 0xe8, 0x80, 0x7, 0x87, 0x24, 0x80, 0x3e,
    0x5d, 0x70, 0xf, 0xe6, 0xdd, 0x54, 0x42, 0x6f,
    0xe8, 0x80, 0x38,

    /* U+0150 "Ő" */
    0x0, 0xfe, 0x8f, 0xf8, 0x40, 0x2e, 0xff, 0x58,
    0x7, 0xff, 0x9, 0xc0, 0xa, 0x20, 0x5, 0x10,
    0x7, 0x80, 0x7f, 0xf0, 0x58, 0x2, 0x90, 0xa,
    0x40, 0x4, 0x80, 0x1f, 0xfc, 0x1b, 0x0, 0x19,
    0x80, 0x6, 0x60, 0x5, 0x0, 0x7f, 0xf0, 0x50,
    0x80, 0x14, 0x1, 0x48, 0x4, 0xe0, 0x1f, 0xfc,
    0x1e, 0x0, 0xb, 0x0, 0x5, 0x40, 0xc, 0x1,
    0xff, 0xc1, 0x15, 0x0, 0x30, 0x4, 0xc0, 0x15,
    0x80, 0x7f, 0xf0, 0x47, 0xfe, 0x80, 0x9, 0xff,
    0xe2, 0x0, 0xff, 0xef, 0x12, 0xbb, 0xcc, 0x60,
    0x1f, 0xfc, 0x42, 0x9e, 0xda, 0x88, 0xa7, 0x3e,
    0x90, 0x3, 0xff, 0x81, 0x1a, 0xc2, 0x1, 0xf9,
    0x6e, 0xc2, 0x1, 0xfd, 0x6e, 0x1, 0xff, 0xc1,
    0x4f, 0x30, 0xf, 0xb1, 0x0, 0x3f, 0xf8, 0x63,
    0xa4, 0x1, 0xd0, 0x60, 0x1c, 0x95, 0xbd, 0xb6,
    0xc0, 0x1c, 0x3e, 0x1, 0x89, 0xc0, 0x30, 0xdd,
    0x94, 0x84, 0x92, 0x78, 0xc0, 0x31, 0x38, 0x5,
    0x0, 0x1d, 0xa8, 0x1, 0xf0, 0xe1, 0x0, 0x69,
    0x0, 0xa, 0x80, 0x68, 0x30, 0xf, 0xf7, 0x0,
    0x61, 0x50, 0x40, 0xe, 0x60, 0xf, 0xf8, 0xd0,
    0x3, 0x78, 0x60, 0x6, 0x41, 0x0, 0xff, 0xe0,
    0x68, 0x6, 0x40, 0x50, 0xd, 0x80, 0x1f, 0xfc,
    0x14, 0x0, 0xc2, 0x2, 0x1, 0x88, 0x3, 0xff,
    0x82, 0x40, 0x1c, 0x46, 0x1, 0x84, 0x3, 0xff,
    0x8e, 0x20, 0x1f, 0xfc, 0xe3, 0x0, 0xc2, 0x1,
    0xff, 0xc7, 0x11, 0x0, 0x62, 0x0, 0xff, 0xe0,
    0x98, 0x7, 0x12, 0x80, 0x6c, 0x0, 0xff, 0xe0,
    0xa8, 0x6, 0x10, 0xc0, 0xc, 0x80, 0x1f, 0xfc,
    0x1d, 0x0, 0xc8, 0x8, 0x1, 0xce, 0x1, 0xff,
    0x1a, 0x0, 0x6f, 0x1, 0x50, 0xd, 0x6, 0x1,
    0xfe, 0xe0, 0xc, 0x2a, 0x0, 0x80, 0xe, 0xd4,
    0x0, 0xf8, 0xb0, 0x80, 0x34, 0x80, 0x44, 0xe0,
    0x18, 0x6e, 0xcc, 0x64, 0x45, 0x9d, 0x30, 0xc,
    0x4e, 0x1, 0xa0, 0xc0, 0x39, 0x27, 0x37, 0x54,
    0xc0, 0x1c, 0x3e, 0x1, 0xec, 0x40, 0xf, 0xfe,
    0x18, 0xe9, 0x0, 0x7d, 0x6e, 0x1, 0xff, 0xc1,
    0x4f, 0x30, 0xf, 0xe8, 0xd6, 0x10, 0xf, 0xc9,
    0x76, 0x10, 0xf, 0xf8, 0xa7, 0xb6, 0xa2, 0x29,
    0xcf, 0xb4, 0x0, 0xf8,

    /* U+0151 "ő" */
    0x0, 0xff, 0xe7, 0x8f, 0xfd, 0x20, 0x13, 0x7f,
    0xc6, 0x1, 0xf9, 0x80, 0x2a, 0x0, 0xa8, 0x0,
    0x46, 0x1, 0xfa, 0x80, 0x6, 0x60, 0x1, 0x98,
    0x1, 0x60, 0x1f, 0x90, 0x80, 0x12, 0x1, 0x48,
    0x0, 0x58, 0x3, 0xf7, 0x80, 0x5, 0x40, 0x2,
    0xa0, 0x6, 0x0, 0xfc, 0x48, 0x0, 0x90, 0xa,
    0x40, 0x2a, 0x0, 0xfd, 0x60, 0x13, 0x0, 0x4c,
    0x0, 0x42, 0x0, 0xfd, 0x3f, 0xf0, 0x80, 0x5d,
    0xfe, 0xb0, 0xf, 0xfe, 0xa9, 0x2b, 0xb9, 0x90,
    0x40, 0x3f, 0xf8, 0xd, 0xba, 0xa8, 0x84, 0xdf,
    0x51, 0x0, 0x7e, 0x1c, 0x92, 0x0, 0xf9, 0x75,
    0xc0, 0x3c, 0x3e, 0x60, 0x1f, 0xf4, 0x40, 0x3,
    0xb4, 0x40, 0x3f, 0xf8, 0x2e, 0xa0, 0x13, 0x18,
    0x6, 0x2a, 0xde, 0xc7, 0x0, 0xeb, 0x0, 0xac,
    0x3, 0x1e, 0xa9, 0x9, 0xc5, 0x80, 0x61, 0x60,
    0x22, 0x0, 0x6f, 0x0, 0xf2, 0x28, 0x6, 0xd0,
    0x40, 0xc, 0x46, 0x1, 0xf7, 0x0, 0x64, 0xe,
    0x0, 0xcc, 0x1, 0xf9, 0x40, 0x38, 0x40, 0x38,
    0x40, 0x3f, 0x8, 0x7, 0xff, 0x20, 0x40, 0x3d,
    0xc0, 0x19, 0xc0, 0x3f, 0x28, 0x7, 0xa, 0x0,
    0x62, 0x30, 0xf, 0xb8, 0x3, 0x20, 0x11, 0x0,
    0x37, 0x0, 0x79, 0x54, 0x1, 0xb4, 0x1, 0x60,
    0x18, 0xb5, 0x48, 0x4e, 0x68, 0x3, 0xb, 0x0,
    0x18, 0xc0, 0x31, 0x56, 0xf6, 0x30, 0x7, 0x58,
    0x6, 0xd1, 0x0, 0xff, 0xe0, 0xba, 0x80, 0x61,
    0xf3, 0x0, 0xff, 0xa2, 0x0, 0x1e, 0x1c, 0x92,
    0x0, 0xf9, 0x75, 0xc0, 0x3f, 0x9b, 0x75, 0x51,
    0x9, 0xbf, 0xa2, 0x0, 0xe0,

    /* U+0152 "Œ" */
    0x0, 0xfe, 0x25, 0x77, 0x98, 0xc0, 0x3f, 0xfa,
    0x5, 0x3d, 0xb5, 0x11, 0x4e, 0x7d, 0x20, 0x5f,
    0xff, 0xff, 0x10, 0xc0, 0x3a, 0x35, 0x84, 0x3,
    0xf2, 0xdd, 0x9c, 0x3, 0xff, 0x93, 0x6e, 0x1,
    0xff, 0xc1, 0x43, 0x0, 0xff, 0xe4, 0x62, 0x0,
    0x7f, 0xf5, 0xe0, 0xc0, 0x39, 0x2b, 0x7b, 0x6d,
    0x80, 0x3f, 0x95, 0x9b, 0xfe, 0x20, 0x27, 0x0,
    0xc3, 0x76, 0x52, 0x12, 0x49, 0xe3, 0x0, 0xfa,
    0x26, 0x7f, 0xe1, 0x8, 0x0, 0xed, 0x40, 0xf,
    0x87, 0x8, 0x3, 0xff, 0x8e, 0x2a, 0x1, 0xa0,
    0xc0, 0x3f, 0xdc, 0x1, 0xff, 0xc7, 0x40, 0xe,
    0x60, 0xf, 0xf8, 0xd0, 0x3, 0xff, 0x8d, 0x80,
    0x19, 0x4, 0x3, 0xff, 0x81, 0xa0, 0x1f, 0xfc,
    0x65, 0x0, 0xd8, 0x1, 0xff, 0xc1, 0x40, 0xe,
    0xdf, 0xff, 0xe0, 0x8, 0x40, 0x31, 0x0, 0x7f,
    0xf0, 0x48, 0x3, 0xff, 0x8c, 0x60, 0x18, 0x40,
    0x3f, 0xff, 0x46, 0x1, 0x84, 0x3, 0xff, 0x8e,
    0xac, 0xdf, 0xc0, 0x10, 0x80, 0x62, 0x0, 0xff,
    0xe0, 0x98, 0x7, 0x4c, 0xff, 0x80, 0x25, 0x0,
    0xd8, 0x1, 0xff, 0xc1, 0x50, 0xe, 0x10, 0xf,
    0xfe, 0x6, 0x0, 0x64, 0x0, 0xff, 0xe0, 0xe8,
    0x7, 0xff, 0x19, 0x0, 0x39, 0xc0, 0x3f, 0xe3,
    0x40, 0xf, 0xfe, 0x30, 0xa8, 0x6, 0x83, 0x0,
    0xff, 0x70, 0x7, 0xff, 0x22, 0x0, 0x3b, 0x50,
    0x3, 0xe2, 0xc2, 0x0, 0xff, 0xe4, 0x13, 0x80,
    0x61, 0xbb, 0x31, 0x91, 0x16, 0x74, 0xc0, 0x3e,
    0x89, 0x9f, 0xf8, 0x40, 0x10, 0x60, 0x1c, 0x93,
    0x9b, 0xaa, 0x60, 0xf, 0xe5, 0x66, 0xff, 0x88,
    0x2, 0xc4, 0x0, 0xff, 0xec, 0xdb, 0x80, 0x7f,
    0xf0, 0x50, 0xc0, 0x3f, 0xf9, 0x51, 0xac, 0x20,
    0x1f, 0x92, 0xec, 0xe0, 0x1f, 0xfc, 0xb2, 0x9e,
    0xda, 0x88, 0xa7, 0x3e, 0xd0, 0x2f, 0xff, 0xff,
    0x88, 0x60,

    /* U+0153 "œ" */
    0x0, 0xf8, 0x95, 0xdc, 0xc8, 0x20, 0x1f, 0x91,
    0x9d, 0xca, 0x40, 0x1f, 0xfc, 0x6, 0xdd, 0x54,
    0x42, 0x6f, 0xa8, 0x80, 0x22, 0xaf, 0xb9, 0x88,
    0x56, 0xe9, 0x80, 0x3f, 0xe, 0x49, 0x0, 0x7c,
    0xba, 0xe0, 0xda, 0xa0, 0x1f, 0x14, 0xd8, 0x7,
    0x87, 0xcc, 0x3, 0xfe, 0x8c, 0x90, 0xf, 0xf9,
    0x30, 0x3, 0xb4, 0x40, 0x3f, 0xf8, 0x26, 0x1,
    0xc2, 0x66, 0x0, 0xe3, 0x80, 0x9, 0x8c, 0x3,
    0x15, 0x6f, 0x63, 0x80, 0x7e, 0x1b, 0xec, 0xc7,
    0xc0, 0x6, 0x71, 0x0, 0x58, 0x6, 0x3d, 0x52,
    0x13, 0x8b, 0x0, 0xfb, 0x10, 0x3, 0x3b, 0x0,
    0x67, 0x2, 0x20, 0x6, 0xf0, 0xf, 0x22, 0x80,
    0x73, 0x10, 0x7, 0xa8, 0x3, 0x60, 0x20, 0x6,
    0x23, 0x0, 0xfb, 0x80, 0x39, 0xbf, 0xfe, 0xc0,
    0xc, 0xe1, 0xc0, 0x19, 0x80, 0x3f, 0x28, 0x7,
    0xff, 0x18, 0xc0, 0x3c, 0x20, 0x1f, 0xfd, 0xf3,
    0x0, 0xe4, 0x55, 0xfc, 0x66, 0x45, 0x70, 0xe0,
    0xc, 0xe0, 0x1f, 0x98, 0x3, 0xba, 0xab, 0xf6,
    0x62, 0xea, 0x41, 0x0, 0x31, 0x18, 0x7, 0xdc,
    0x1, 0xdc, 0x1, 0xf1, 0x20, 0x7, 0x11, 0x0,
    0x37, 0x0, 0x79, 0x54, 0x1, 0xc8, 0xa0, 0x1e,
    0xeb, 0xfb, 0x72, 0x0, 0x58, 0x6, 0x2d, 0x52,
    0x13, 0x9a, 0x0, 0xfa, 0xa4, 0xc4, 0x97, 0x4c,
    0x0, 0x90, 0x80, 0x6, 0x30, 0xc, 0x55, 0xbd,
    0x8c, 0x1, 0xfc, 0xd9, 0xdb, 0x44, 0x1, 0x89,
    0x80, 0x2d, 0x10, 0xf, 0xfe, 0x9, 0x80, 0x7f,
    0xf0, 0x47, 0xc0, 0x30, 0xf9, 0x80, 0x7f, 0xd1,
    0x94, 0x1, 0xff, 0x16, 0x10, 0x7, 0xe, 0x49,
    0x0, 0x7c, 0xba, 0xe0, 0xbc, 0xc0, 0x1f, 0xc,
    0x69, 0x0, 0x7e, 0x6d, 0xd5, 0x44, 0x26, 0xfe,
    0x88, 0x2, 0x19, 0xfc, 0x98, 0x84, 0xe7, 0x38,
    0x7, 0x0,

    /* U+0154 "Ŕ" */
    0x0, 0xff, 0x37, 0xfc, 0x60, 0x1f, 0xfc, 0x4b,
    0x0, 0x19, 0x80, 0x3f, 0xf8, 0x68, 0x40, 0xa,
    0x0, 0xff, 0xe2, 0x78, 0x0, 0x58, 0x3, 0xff,
    0x86, 0x48, 0x0, 0x60, 0xf, 0xfe, 0x25, 0x0,
    0x52, 0x1, 0xff, 0xc4, 0x60, 0x2, 0x88, 0x7,
    0xff, 0x13, 0xbf, 0xd4, 0x1, 0xff, 0xe7, 0x7f,
    0xff, 0xfe, 0x7, 0x5b, 0x0, 0x7f, 0xf1, 0x85,
    0x27, 0x90, 0x3, 0xff, 0x8e, 0x36, 0xa0, 0x1f,
    0xfc, 0x8a, 0x10, 0xf, 0x23, 0xbf, 0x94, 0x40,
    0x3a, 0x0, 0x3d, 0xb1, 0x1e, 0xae, 0x40, 0xc,
    0xe0, 0x1f, 0xfc, 0x3a, 0x0, 0xc2, 0x40, 0x1f,
    0xfc, 0x21, 0x40, 0xc, 0xc0, 0x1f, 0xfc, 0x31,
    0x0, 0xff, 0xe4, 0x8, 0x7, 0xff, 0x1c, 0x50,
    0x3, 0x30, 0x7, 0xff, 0xa, 0xc0, 0x30, 0x90,
    0x7, 0x6c, 0x47, 0xa7, 0x94, 0x3, 0x38, 0x7,
    0x91, 0xdf, 0xcc, 0x20, 0x1d, 0x0, 0x1f, 0xfc,
    0x79, 0x10, 0xf, 0xfe, 0x34, 0xb0, 0x7, 0xff,
    0x1b, 0x18, 0x3, 0xf4, 0xff, 0xf0, 0x80, 0x6a,
    0x0, 0xff, 0xe1, 0xc8, 0x6, 0x61, 0x0, 0xff,
    0xe1, 0x38, 0x80, 0x69, 0x0, 0xff, 0xe1, 0xc8,
    0x6, 0x71, 0x0, 0xff, 0xe1, 0x30, 0x7, 0x48,
    0x7, 0xff, 0x8, 0x5c, 0x3, 0x38, 0x7, 0xff,
    0xe, 0x40, 0x39, 0xc0, 0x3f, 0xf8, 0x42, 0xc0,
    0x1a, 0x40, 0x3f, 0xf8, 0x70, 0x1, 0x85, 0xc0,

    /* U+0155 "ŕ" */
    0x0, 0xff, 0xe3, 0x6f, 0xfb, 0x0, 0x3e, 0x42,
    0x0, 0x48, 0x7, 0xde, 0x0, 0x15, 0x0, 0xf1,
    0x20, 0x1, 0x80, 0x3e, 0xa0, 0xa, 0x40, 0x3e,
    0x70, 0x2, 0x88, 0x7, 0x98, 0x2, 0x90, 0xf,
    0x9b, 0xfe, 0x30, 0xf, 0xfe, 0x83, 0xff, 0xda,
    0x0, 0x5b, 0xff, 0x80, 0x38, 0x72, 0x90, 0x3,
    0xf6, 0x98, 0x7, 0xf1, 0x18, 0x7, 0xff, 0x9,
    0x6a, 0xe8, 0x3, 0xc5, 0xb4, 0xa8, 0xa0, 0x1e,
    0xf2, 0x0, 0xfe, 0x42, 0x0, 0xff, 0x18, 0x7,
    0xfd, 0xe0, 0x1f, 0xff, 0xf0, 0xf, 0xfe, 0xd8,

    /* U+0156 "Ŗ" */
    0x7f, 0xff, 0xfe, 0x7, 0x5b, 0x0, 0x7f, 0xf1,
    0x85, 0x27, 0x90, 0x3, 0xff, 0x8e, 0x36, 0xa0,
    0x1f, 0xfc, 0x8a, 0x10, 0xf, 0x23, 0xbf, 0x94,
    0x40, 0x3a, 0x0, 0x3d, 0xb1, 0x1e, 0xae, 0x40,
    0xc, 0xe0, 0x1f, 0xfc, 0x3a, 0x0, 0xc2, 0x40,
    0x1f, 0xfc, 0x21, 0x40, 0xc, 0xc0, 0x1f, 0xfc,
    0x31, 0x0, 0xff, 0xe4, 0x8, 0x7, 0xff, 0x1c,
    0x50, 0x3, 0x30, 0x7, 0xff, 0xa, 0xc0, 0x30,
    0x90, 0x7, 0x6c, 0x47, 0xa7, 0x94, 0x3, 0x38,
    0x7, 0x91, 0xdf, 0xcc, 0x20, 0x1d, 0x0, 0x1f,
    0xfc, 0x79, 0x10, 0xf, 0xfe, 0x34, 0xb0, 0x7,
    0xff, 0x1b, 0x18, 0x3, 0xf4, 0xff, 0xf0, 0x80,
    0x6a, 0x0, 0xff, 0xe1, 0xc8, 0x6, 0x61, 0x0,
    0xff, 0xe1, 0x38, 0x80, 0x69, 0x0, 0xff, 0xe1,
    0xc8, 0x6, 0x71, 0x0, 0xff, 0xe1, 0x30, 0x7,
    0x48, 0x7, 0xff, 0x8, 0x5c, 0x3, 0x38, 0x7,
    0xff, 0xe, 0x40, 0x39, 0xc0, 0x3f, 0xf8, 0x42,
    0xc0, 0x1a, 0x40, 0x3f, 0xf8, 0x70, 0x1, 0x85,
    0xdd, 0xff, 0x98, 0x3, 0xf0, 0xff, 0xf3, 0x80,
    0x7f, 0xf9, 0x53, 0xff, 0x28, 0x7, 0xff, 0xfc,
    0x2, 0x66, 0x84, 0x3, 0xff, 0x8a, 0x53, 0x20,
    0x3, 0x0, 0x7f, 0xf0, 0xc6, 0x78, 0x48, 0xc0,
    0x3f, 0xf8, 0x6a, 0xc2, 0x78, 0x1, 0xff, 0xc4,
    0x68, 0xbc, 0x10, 0xf, 0xe0,

    /* U+0157 "ŗ" */
    0x0, 0xff, 0xe0, 0x3f, 0xfd, 0xa0, 0x5, 0xbf,
    0xf8, 0x3, 0x87, 0x29, 0x0, 0x3f, 0x69, 0x80,
    0x7f, 0x11, 0x80, 0x7f, 0xf0, 0x96, 0xae, 0x80,
    0x3c, 0x5b, 0x4a, 0x8a, 0x1, 0xef, 0x20, 0xf,
    0xe4, 0x20, 0xf, 0xf1, 0x80, 0x7f, 0xde, 0x1,
    0xff, 0xff, 0x0, 0xff, 0xed, 0xbf, 0xfe, 0x70,
    0xf, 0xfe, 0x92, 0x7f, 0xe5, 0x0, 0xff, 0xef,
    0x33, 0x42, 0x2, 0x1, 0xe2, 0x98, 0x0, 0x38,
    0x7, 0x8a, 0x7c, 0x4c, 0xc0, 0x1e, 0x66, 0x9,
    0xe8, 0x7, 0xcd, 0x19, 0x81, 0x0, 0xf8,

    /* U+0158 "Ř" */
    0x0, 0x34, 0x44, 0xa0, 0x18, 0xa2, 0x30, 0x80,
    0x79, 0x5d, 0xea, 0x50, 0x0, 0xfb, 0xbc, 0x2,
    0x1, 0xe3, 0xb0, 0xa, 0x8c, 0x28, 0x80, 0xb,
    0x0, 0x1f, 0x92, 0x40, 0x2d, 0xa4, 0x0, 0x1d,
    0x0, 0x7f, 0x99, 0xc0, 0x2, 0xa0, 0x2, 0xd0,
    0xf, 0xfe, 0x4, 0x28, 0x6, 0x1f, 0x10, 0xf,
    0xfe, 0xd, 0x43, 0xbd, 0xa4, 0x1, 0xff, 0xc3,
    0x78, 0x88, 0xc0, 0x3f, 0xfa, 0x4f, 0xff, 0xff,
    0xc0, 0xeb, 0x60, 0xf, 0xfe, 0x30, 0xa4, 0xf2,
    0x0, 0x7f, 0xf1, 0xc6, 0xd4, 0x3, 0xff, 0x91,
    0x42, 0x1, 0xe4, 0x77, 0xf2, 0x88, 0x7, 0x40,
    0x7, 0xb6, 0x23, 0xd5, 0xc8, 0x1, 0x9c, 0x3,
    0xff, 0x87, 0x40, 0x18, 0x48, 0x3, 0xff, 0x84,
    0x28, 0x1, 0x98, 0x3, 0xff, 0x86, 0x20, 0x1f,
    0xfc, 0x81, 0x0, 0xff, 0xe3, 0x8a, 0x0, 0x66,
    0x0, 0xff, 0xe1, 0x58, 0x6, 0x12, 0x0, 0xed,
    0x88, 0xf4, 0xf2, 0x80, 0x67, 0x0, 0xf2, 0x3b,
    0xf9, 0x84, 0x3, 0xa0, 0x3, 0xff, 0x8f, 0x22,
    0x1, 0xff, 0xc6, 0x96, 0x0, 0xff, 0xe3, 0x63,
    0x0, 0x7e, 0x9f, 0xfe, 0x10, 0xd, 0x40, 0x1f,
    0xfc, 0x39, 0x0, 0xcc, 0x20, 0x1f, 0xfc, 0x27,
    0x10, 0xd, 0x20, 0x1f, 0xfc, 0x39, 0x0, 0xce,
    0x20, 0x1f, 0xfc, 0x26, 0x0, 0xe9, 0x0, 0xff,
    0xe1, 0xb, 0x80, 0x67, 0x0, 0xff, 0xe1, 0xc8,
    0x7, 0x38, 0x7, 0xff, 0x8, 0x58, 0x3, 0x48,
    0x7, 0xff, 0xe, 0x0, 0x30, 0xb8,

    /* U+0159 "ř" */
    0x9, 0xff, 0xb4, 0x3, 0x47, 0xfd, 0xa2, 0x12,
    0x80, 0x2, 0xb0, 0x2, 0xb8, 0x0, 0x7c, 0x40,
    0x16, 0x40, 0x4, 0x83, 0xa0, 0xb, 0x48, 0x3,
    0x60, 0x80, 0x1f, 0x0, 0x2a, 0x30, 0xe, 0x1d,
    0x0, 0xf4, 0x28, 0x7, 0xc7, 0x60, 0x19, 0x9c,
    0x3, 0xf9, 0x3f, 0xf4, 0x80, 0x7f, 0xf6, 0xdf,
    0xfe, 0xd0, 0x2, 0xdf, 0xfc, 0x1, 0xfc, 0x39,
    0x48, 0x1, 0xff, 0xc0, 0xd3, 0x0, 0xff, 0xe0,
    0x91, 0x80, 0x7f, 0xf1, 0x96, 0xae, 0x80, 0x3f,
    0xc5, 0xb4, 0xa8, 0xa0, 0x1f, 0xef, 0x20, 0xf,
    0xfe, 0xa, 0x10, 0x7, 0xff, 0x8, 0xc0, 0x3f,
    0xf8, 0x7e, 0x1, 0xff, 0xff, 0x0, 0xff, 0xff,
    0x80, 0x0,

    /* U+015A "Ś" */
    0x0, 0xff, 0xe0, 0x5f, 0xfb, 0x80, 0x3f, 0xf8,
    0xa4, 0x80, 0x9, 0x0, 0xff, 0xe2, 0xd8, 0x4,
    0xc0, 0x1f, 0xfc, 0x56, 0x0, 0x28, 0x80, 0x7f,
    0xf1, 0x18, 0x2, 0x90, 0xf, 0xfe, 0x2d, 0x80,
    0xc, 0xc0, 0x1f, 0xfc, 0x44, 0x20, 0x4, 0x80,
    0x7f, 0xf1, 0x53, 0xfe, 0x50, 0xf, 0xfe, 0xd2,
    0x33, 0xb9, 0x90, 0x40, 0x3f, 0xf8, 0x9, 0x7f,
    0x73, 0x10, 0x9b, 0xec, 0x50, 0xf, 0xc3, 0x76,
    0x40, 0xf, 0xc7, 0x58, 0x20, 0x1e, 0xd4, 0x0,
    0xff, 0xe0, 0x1f, 0x90, 0x6, 0x93, 0x0, 0xff,
    0xe1, 0xf, 0x80, 0x42, 0xc0, 0x1c, 0xd9, 0xdc,
    0xc6, 0x0, 0xe2, 0x70, 0x2, 0x0, 0x76, 0x49,
    0x88, 0x8e, 0x6c, 0x3, 0xa4, 0x1, 0xa0, 0x19,
    0x4c, 0x3, 0xc9, 0x20, 0x18, 0x54, 0x3, 0xff,
    0x86, 0xc4, 0x6d, 0x36, 0xa1, 0xe0, 0x19, 0x54,
    0x1, 0xfb, 0x72, 0x59, 0x0, 0x8, 0x1, 0xd5,
    0x6c, 0x20, 0x1f, 0xfc, 0x3, 0x20, 0xe, 0x49,
    0xed, 0x84, 0x0, 0xff, 0x70, 0x7, 0xe2, 0x7b,
    0xfb, 0x60, 0xf, 0x8f, 0x8, 0x3, 0xfc, 0x93,
    0xee, 0x1, 0xe3, 0xd9, 0x30, 0xf, 0xfa, 0x30,
    0x3, 0xe6, 0xce, 0x95, 0x0, 0xfe, 0x3a, 0x0,
    0xfc, 0x2d, 0x5f, 0x6c, 0x40, 0x1e, 0x53, 0x0,
    0xff, 0x92, 0x77, 0x4a, 0x1, 0xd6, 0x4, 0x8d,
    0x2e, 0x1, 0xf8, 0xa9, 0x0, 0x31, 0x3e, 0xdc,
    0xb4, 0x80, 0x7f, 0xb0, 0x3, 0xa, 0x0, 0x61,
    0x90, 0xf, 0xee, 0x0, 0xc4, 0x64, 0x1, 0x9a,
    0x0, 0x3e, 0x46, 0x0, 0xde, 0x10, 0x1, 0xcf,
    0xac, 0x42, 0x4b, 0x76, 0x0, 0xe7, 0x5, 0x40,
    0xe, 0x29, 0xde, 0xda, 0x40, 0xe, 0x81, 0x0,
    0x59, 0x80, 0x7f, 0xf0, 0xd9, 0xc0, 0x36, 0x30,
    0x7, 0xff, 0x6, 0x24, 0x3, 0xd3, 0xaa, 0x1,
    0xf8, 0x5f, 0x9c, 0x3, 0xf1, 0x57, 0xe4, 0xc4,
    0x55, 0xbd, 0x2, 0x1, 0x80,

    /* U+015B "ś" */
    0x0, 0xff, 0xe7, 0x9f, 0xfc, 0xc0, 0x1f, 0xfc,
    0x19, 0x0, 0xb, 0x0, 0x7f, 0xf0, 0x5, 0x40,
    0xc, 0x1, 0xff, 0xc1, 0x90, 0xa, 0x80, 0x3f,
    0xf8, 0x2c, 0x0, 0x42, 0x0, 0xff, 0xe0, 0x30,
    0x80, 0x3c, 0x3, 0xff, 0x83, 0x40, 0x2, 0x40,
    0xf, 0xfe, 0xe, 0x7f, 0xb4, 0x3, 0xff, 0xa6,
    0x8c, 0xee, 0x63, 0x0, 0xfe, 0x2a, 0xfb, 0x98,
    0x84, 0xe7, 0x40, 0x7, 0x93, 0x54, 0x3, 0xe1,
    0x7d, 0x20, 0x8, 0xac, 0x3, 0xfe, 0x2c, 0x10,
    0x5, 0x80, 0x71, 0x21, 0x80, 0x70, 0xc8, 0x1,
    0x0, 0x35, 0x6d, 0xe7, 0x20, 0x6, 0x60, 0x1,
    0x80, 0x65, 0x0, 0x86, 0x80, 0x96, 0x28, 0x0,
    0x40, 0x1a, 0xcc, 0x2, 0x1f, 0xda, 0x74, 0x0,
    0x58, 0x6, 0x4c, 0xea, 0x62, 0x0, 0xf9, 0xd0,
    0x3, 0x85, 0x67, 0x74, 0xe2, 0x1, 0xd7, 0x2,
    0x1, 0xf1, 0x47, 0x30, 0x7, 0x3f, 0x52, 0x80,
    0x7e, 0x96, 0x0, 0xf2, 0xd7, 0xe4, 0x18, 0x7,
    0x40, 0x4, 0x26, 0xa6, 0x0, 0x37, 0xcc, 0x0,
    0x61, 0x26, 0xee, 0x65, 0x70, 0x7, 0x19, 0x80,
    0x30, 0xa8, 0x80, 0x45, 0x62, 0x1, 0x21, 0x80,
    0x61, 0x32, 0x0, 0xc9, 0xd9, 0x7b, 0x60, 0x18,
    0x88, 0x1c, 0x1, 0xe3, 0x42, 0x0, 0xe8, 0x0,
    0x1d, 0x80, 0x7f, 0xf0, 0x21, 0x40, 0x24, 0xe6,
    0x0, 0xfc, 0x98, 0xe0, 0x1c, 0x33, 0xf7, 0x31,
    0x15, 0xf5, 0x98, 0x4,

    /* U+015C "Ŝ" */
    0x0, 0xfe, 0x68, 0x89, 0x0, 0x3f, 0xf8, 0x91,
    0x2e, 0xf5, 0xa0, 0x7, 0xff, 0x9, 0x9c, 0x3,
    0xac, 0x80, 0x3f, 0xf8, 0x9, 0x20, 0x13, 0x0,
    0x58, 0x20, 0x1f, 0xe2, 0xb0, 0xa, 0xa5, 0x80,
    0x3, 0xa0, 0x1f, 0xc3, 0x80, 0x14, 0x28, 0x49,
    0x80, 0xe, 0xc0, 0x3f, 0x2b, 0x3b, 0xa1, 0xc0,
    0x2d, 0x87, 0x71, 0x90, 0x7, 0xc9, 0x11, 0x38,
    0x6, 0x17, 0x88, 0x88, 0x3, 0xfe, 0x46, 0x77,
    0x32, 0x8, 0x7, 0xff, 0x1, 0x2f, 0xee, 0x62,
    0x13, 0x7d, 0x8a, 0x1, 0xf8, 0x6e, 0xc8, 0x1,
    0xf8, 0xeb, 0x4, 0x3, 0xda, 0x80, 0x1f, 0xfc,
    0x3, 0xf2, 0x0, 0xd2, 0x60, 0x1f, 0xfc, 0x21,
    0xf0, 0x8, 0x58, 0x3, 0x9b, 0x3b, 0x98, 0xc0,
    0x1c, 0x4e, 0x0, 0x40, 0xe, 0xc9, 0x31, 0x11,
    0xcd, 0x80, 0x74, 0x80, 0x34, 0x3, 0x29, 0x80,
    0x79, 0x24, 0x3, 0xa, 0x80, 0x7f, 0xf0, 0xd8,
    0x8d, 0xa6, 0xd4, 0x3c, 0x3, 0x2a, 0x80, 0x3f,
    0x6e, 0x4b, 0x20, 0x1, 0x0, 0x3a, 0xad, 0x84,
    0x3, 0xff, 0x80, 0x64, 0x1, 0xc9, 0x3d, 0xb0,
    0x80, 0x1f, 0xee, 0x0, 0xfc, 0x4f, 0x7f, 0x6c,
    0x1, 0xf1, 0xe1, 0x0, 0x7f, 0x92, 0x7d, 0xc0,
    0x3c, 0x7b, 0x26, 0x1, 0xff, 0x46, 0x0, 0x7c,
    0xd9, 0xd2, 0xa0, 0x1f, 0xc7, 0x40, 0x1f, 0x85,
    0xab, 0xed, 0x88, 0x3, 0xca, 0x60, 0x1f, 0xf2,
    0x4e, 0xe9, 0x40, 0x3a, 0xc0, 0x91, 0xa5, 0xc0,
    0x3f, 0x15, 0x20, 0x6, 0x27, 0xdb, 0x96, 0x90,
    0xf, 0xf6, 0x0, 0x61, 0x40, 0xc, 0x32, 0x1,
    0xfd, 0xc0, 0x18, 0x8c, 0x80, 0x33, 0x40, 0x7,
    0xc8, 0xc0, 0x1b, 0xc2, 0x0, 0x39, 0xf5, 0x88,
    0x49, 0x6e, 0xc0, 0x1c, 0xe0, 0xa8, 0x1, 0xc5,
    0x3b, 0xdb, 0x48, 0x1, 0xd0, 0x20, 0xb, 0x30,
    0xf, 0xfe, 0x1b, 0x38, 0x6, 0xc6, 0x0, 0xff,
    0xe0, 0xc4, 0x80, 0x7a, 0x75, 0x40, 0x3f, 0xb,
    0xf3, 0x80, 0x7e, 0x2a, 0xfc, 0x98, 0x8a, 0xb7,
    0xa0, 0x40, 0x30,

    /* U+015D "ŝ" */
    0x0, 0xf2, 0x7f, 0xe9, 0x0, 0xff, 0x8e, 0xc0,
    0x33, 0x38, 0x7, 0xf1, 0x68, 0x7, 0xa1, 0x40,
    0x3e, 0x1f, 0x10, 0x3, 0xe0, 0x5, 0x46, 0x1,
    0xea, 0x20, 0x2, 0xc1, 0xc8, 0x5, 0xa4, 0x1,
    0xa9, 0x0, 0x7, 0x40, 0x6, 0x60, 0x0, 0x7c,
    0x40, 0x2a, 0xff, 0xb0, 0x3, 0x4f, 0xfd, 0xa2,
    0x1, 0xff, 0xcd, 0x46, 0x77, 0x31, 0x80, 0x7f,
    0x15, 0x7d, 0xcc, 0x42, 0x73, 0xa0, 0x3, 0xc9,
    0xaa, 0x1, 0xf0, 0xbe, 0x90, 0x4, 0x56, 0x1,
    0xff, 0x16, 0x8, 0x2, 0xc0, 0x38, 0x90, 0xc0,
    0x38, 0x64, 0x0, 0x80, 0x1a, 0xb6, 0xf3, 0x90,
    0x3, 0x30, 0x0, 0xc0, 0x32, 0x80, 0x43, 0x40,
    0x4b, 0x14, 0x0, 0x20, 0xd, 0x66, 0x1, 0xf,
    0xed, 0x3a, 0x0, 0x2c, 0x3, 0x26, 0x75, 0x31,
    0x0, 0x7c, 0xe8, 0x1, 0xc2, 0xb3, 0xba, 0x71,
    0x0, 0xeb, 0x81, 0x0, 0xf8, 0xa3, 0x98, 0x3,
    0x9f, 0xa9, 0x40, 0x3f, 0x4b, 0x0, 0x79, 0x6b,
    0xf2, 0xc, 0x3, 0xa0, 0x2, 0x13, 0x53, 0x0,
    0x1b, 0xe6, 0x0, 0x30, 0x93, 0x77, 0x32, 0xb8,
    0x3, 0x8c, 0xc0, 0x18, 0x54, 0x40, 0x22, 0xb1,
    0x0, 0x90, 0xc0, 0x30, 0x99, 0x0, 0x64, 0xec,
    0xbd, 0xb0, 0xc, 0x44, 0xe, 0x0, 0xf1, 0xa1,
    0x0, 0x74, 0x0, 0xe, 0xc0, 0x3f, 0xf8, 0x10,
    0xa0, 0x12, 0x73, 0x0, 0x7e, 0x4c, 0x70, 0xe,
    0x19, 0xfb, 0x98, 0x8a, 0xfa, 0xcc, 0x2,

    /* U+015E "Ş" */
    0x0, 0xfc, 0x8c, 0xee, 0x64, 0x10, 0xf, 0xfe,
    0x2, 0x5f, 0xdc, 0xc4, 0x26, 0xfb, 0x14, 0x3,
    0xf0, 0xdd, 0x90, 0x3, 0xf1, 0xd6, 0x8, 0x7,
    0xb5, 0x0, 0x3f, 0xf8, 0x7, 0xe4, 0x1, 0xa4,
    0xc0, 0x3f, 0xf8, 0x43, 0xe0, 0x10, 0xb0, 0x7,
    0x36, 0x77, 0x31, 0x80, 0x38, 0x9c, 0x0, 0x80,
    0x1d, 0x92, 0x62, 0x23, 0x9b, 0x0, 0xe9, 0x0,
    0x68, 0x6, 0x53, 0x0, 0xf2, 0x48, 0x6, 0x15,
    0x0, 0xff, 0xe1, 0xb1, 0x1b, 0x4d, 0xa8, 0x78,
    0x6, 0x55, 0x0, 0x7e, 0xdc, 0x96, 0x40, 0x2,
    0x0, 0x75, 0x5b, 0x8, 0x7, 0xff, 0x0, 0xc8,
    0x3, 0x92, 0x7b, 0x61, 0x0, 0x3f, 0xdc, 0x1,
    0xf8, 0x9e, 0xfe, 0xd8, 0x3, 0xe3, 0xc2, 0x0,
    0xff, 0x24, 0xfb, 0x80, 0x78, 0xf6, 0x4c, 0x3,
    0xfe, 0x8c, 0x0, 0xf9, 0xb3, 0xa5, 0x40, 0x3f,
    0x8e, 0x80, 0x3f, 0xb, 0x57, 0xdb, 0x10, 0x7,
    0x94, 0xc0, 0x3f, 0xe4, 0x9d, 0xd2, 0x80, 0x75,
    0x81, 0x23, 0x4b, 0x80, 0x7e, 0x2a, 0x40, 0xc,
    0x4f, 0xb7, 0x2d, 0x20, 0x1f, 0xec, 0x0, 0xc2,
    0x80, 0x18, 0x64, 0x3, 0xfb, 0x80, 0x31, 0x19,
    0x0, 0x66, 0x80, 0xf, 0x91, 0x80, 0x37, 0x84,
    0x0, 0x73, 0xeb, 0x10, 0x92, 0xdd, 0x80, 0x39,
    0xc1, 0x50, 0x3, 0x8a, 0x77, 0xb6, 0x90, 0x3,
    0xa0, 0x40, 0x16, 0x60, 0x1f, 0xfc, 0x36, 0x70,
    0xd, 0x8c, 0x1, 0xff, 0xc1, 0x89, 0x0, 0xf4,
    0xea, 0x80, 0x7e, 0x17, 0xe7, 0x0, 0xfc, 0x55,
    0xf9, 0x28, 0x0, 0x6d, 0xe8, 0x10, 0xf, 0xfe,
    0x1, 0xb0, 0x4, 0x24, 0x1, 0xff, 0xc4, 0x14,
    0x0, 0x3c, 0x80, 0x7f, 0xf1, 0x6, 0x8, 0x0,
    0xc4, 0x1, 0xff, 0xc4, 0x7c, 0x0, 0x9c, 0x3,
    0xff, 0x88, 0xce, 0x1, 0xff, 0xc7, 0x69, 0x90,
    0x4, 0x80, 0x1f, 0xfc, 0x3a, 0x0, 0xce, 0x20,
    0x1f, 0xfc, 0x35, 0x10, 0x29, 0x80, 0xf, 0x80,

    /* U+015F "ş" */
    0x0, 0xf2, 0x33, 0xb9, 0x8c, 0x3, 0xf8, 0xab,
    0xee, 0x62, 0x13, 0x9d, 0x0, 0x1e, 0x4d, 0x50,
    0xf, 0x85, 0xf4, 0x80, 0x22, 0xb0, 0xf, 0xf8,
    0xb0, 0x40, 0x16, 0x1, 0xc4, 0x86, 0x1, 0xc3,
    0x20, 0x4, 0x0, 0xd5, 0xb7, 0x9c, 0x80, 0x19,
    0x80, 0x6, 0x1, 0x94, 0x2, 0x1a, 0x2, 0x58,
    0xa0, 0x1, 0x0, 0x6b, 0x30, 0x8, 0x7f, 0x69,
    0xd0, 0x1, 0x60, 0x19, 0x33, 0xa9, 0x88, 0x3,
    0xe7, 0x40, 0xe, 0x15, 0x9d, 0xd3, 0x88, 0x7,
    0x5c, 0x8, 0x7, 0xc5, 0x1c, 0xc0, 0x1c, 0xfd,
    0x4a, 0x1, 0xfa, 0x58, 0x3, 0xcb, 0x5f, 0x90,
    0x60, 0x1d, 0x0, 0x10, 0x9a, 0x98, 0x0, 0xdf,
    0x30, 0x1, 0x84, 0x9b, 0xb9, 0x95, 0xc0, 0x1c,
    0x66, 0x0, 0xc2, 0xa2, 0x1, 0x15, 0x88, 0x4,
    0x86, 0x1, 0x84, 0xc8, 0x3, 0x27, 0x65, 0xed,
    0x80, 0x62, 0x20, 0x70, 0x7, 0x8d, 0x8, 0x3,
    0xa0, 0x0, 0x76, 0x1, 0xff, 0xc0, 0x85, 0x0,
    0x93, 0x98, 0x3, 0xf2, 0x63, 0x80, 0x70, 0xcf,
    0xdb, 0x0, 0x12, 0xfa, 0xcc, 0x3, 0xf9, 0xc,
    0x0, 0x48, 0x20, 0x1f, 0xfc, 0x5, 0x0, 0x35,
    0x0, 0x7f, 0xf0, 0x64, 0x80, 0xa, 0x60, 0x1f,
    0xfc, 0x6, 0xd1, 0x0, 0x20, 0x7, 0xff, 0x1,
    0x98, 0x20, 0x1, 0x0, 0xff, 0x96, 0x64, 0x1,
    0x20, 0x7, 0xfd, 0xe0, 0x19, 0x88, 0x3, 0xfe,
    0x22, 0x0, 0xc4, 0x80, 0x78,

    /* U+0160 "Š" */
    0x0, 0xc7, 0x11, 0x38, 0x7, 0x3c, 0x44, 0x60,
    0x1f, 0x1a, 0x3b, 0xa2, 0x40, 0x2a, 0x87, 0x72,
    0x18, 0x7, 0xed, 0x10, 0x3, 0x38, 0x3a, 0x80,
    0x7, 0x40, 0x3f, 0x87, 0x0, 0x28, 0x88, 0x2,
    0xc1, 0x0, 0xff, 0x15, 0x80, 0x4e, 0x1, 0x59,
    0x0, 0x7f, 0xf0, 0x12, 0x40, 0x3a, 0x50, 0x3,
    0xff, 0x84, 0xd2, 0xef, 0x53, 0x0, 0x7f, 0xf1,
    0x1a, 0x22, 0x50, 0xf, 0xfe, 0x22, 0x33, 0xb9,
    0x90, 0x40, 0x3f, 0xf8, 0x9, 0x7f, 0x73, 0x10,
    0x9b, 0xec, 0x50, 0xf, 0xc3, 0x76, 0x40, 0xf,
    0xc7, 0x58, 0x20, 0x1e, 0xd4, 0x0, 0xff, 0xe0,
    0x1f, 0x90, 0x6, 0x93, 0x0, 0xff, 0xe1, 0xf,
    0x80, 0x42, 0xc0, 0x1c, 0xd9, 0xdc, 0xc6, 0x0,
    0xe2, 0x70, 0x2, 0x0, 0x76, 0x49, 0x88, 0x8e,
    0x6c, 0x3, 0xa4, 0x1, 0xa0, 0x19, 0x4c, 0x3,
    0xc9, 0x20, 0x18, 0x54, 0x3, 0xff, 0x86, 0xc4,
    0x6d, 0x36, 0xa1, 0xe0, 0x19, 0x54, 0x1, 0xfb,
    0x72, 0x59, 0x0, 0x8, 0x1, 0xd5, 0x6c, 0x20,
    0x1f, 0xfc, 0x3, 0x20, 0xe, 0x49, 0xed, 0x84,
    0x0, 0xff, 0x70, 0x7, 0xe2, 0x7b, 0xfb, 0x60,
    0xf, 0x8f, 0x8, 0x3, 0xfc, 0x93, 0xee, 0x1,
    0xe3, 0xd9, 0x30, 0xf, 0xfa, 0x30, 0x3, 0xe6,
    0xce, 0x95, 0x0, 0xfe, 0x3a, 0x0, 0xfc, 0x2d,
    0x5f, 0x6c, 0x40, 0x1e, 0x53, 0x0, 0xff, 0x92,
    0x77, 0x4a, 0x1, 0xd6, 0x4, 0x8d, 0x2e, 0x1,
    0xf8, 0xa9, 0x0, 0x31, 0x3e, 0xdc, 0xb4, 0x80,
    0x7f, 0xb0, 0x3, 0xa, 0x0, 0x61, 0x90, 0xf,
    0xee, 0x0, 0xc4, 0x64, 0x1, 0x9a, 0x0, 0x3e,
    0x46, 0x0, 0xde, 0x10, 0x1, 0xcf, 0xac, 0x42,
    0x4b, 0x76, 0x0, 0xe7, 0x5, 0x40, 0xe, 0x29,
    0xde, 0xda, 0x40, 0xe, 0x81, 0x0, 0x59, 0x80,
    0x7f, 0xf0, 0xd9, 0xc0, 0x36, 0x30, 0x7, 0xff,
    0x6, 0x24, 0x3, 0xd3, 0xaa, 0x1, 0xf8, 0x5f,
    0x9c, 0x3, 0xf1, 0x57, 0xe4, 0xc4, 0x55, 0xbd,
    0x2, 0x1, 0x80,

    /* U+0161 "š" */
    0x0, 0x5f, 0xfd, 0x60, 0x1a, 0xbf, 0xec, 0x0,
    0xd6, 0x60, 0x4, 0x90, 0x3, 0xa8, 0x0, 0xb4,
    0x3, 0xb4, 0x40, 0xc, 0xc5, 0x80, 0x0, 0xf8,
    0x80, 0x70, 0xe8, 0x5, 0x34, 0x1, 0x69, 0x0,
    0x7c, 0x76, 0x1, 0xea, 0x30, 0xf, 0xe4, 0x90,
    0xc, 0xea, 0x1, 0xff, 0x37, 0xfe, 0x80, 0xf,
    0xfe, 0x92, 0x33, 0xb9, 0x8c, 0x3, 0xf8, 0xab,
    0xee, 0x62, 0x13, 0x9d, 0x0, 0x1e, 0x4d, 0x50,
    0xf, 0x85, 0xf4, 0x80, 0x22, 0xb0, 0xf, 0xf8,
    0xb0, 0x40, 0x16, 0x1, 0xc4, 0x86, 0x1, 0xc3,
    0x20, 0x4, 0x0, 0xd5, 0xb7, 0x9c, 0x80, 0x19,
    0x80, 0x6, 0x1, 0x94, 0x2, 0x1a, 0x2, 0x58,
    0xa0, 0x1, 0x0, 0x6b, 0x30, 0x8, 0x7f, 0x69,
    0xd0, 0x1, 0x60, 0x19, 0x33, 0xa9, 0x88, 0x3,
    0xe7, 0x40, 0xe, 0x15, 0x9d, 0xd3, 0x88, 0x7,
    0x5c, 0x8, 0x7, 0xc5, 0x1c, 0xc0, 0x1c, 0xfd,
    0x4a, 0x1, 0xfa, 0x58, 0x3, 0xcb, 0x5f, 0x90,
    0x60, 0x1d, 0x0, 0x10, 0x9a, 0x98, 0x0, 0xdf,
    0x30, 0x1, 0x84, 0x9b, 0xb9, 0x95, 0xc0, 0x1c,
    0x66, 0x0, 0xc2, 0xa2, 0x1, 0x15, 0x88, 0x4,
    0x86, 0x1, 0x84, 0xc8, 0x3, 0x27, 0x65, 0xed,
    0x80, 0x62, 0x20, 0x70, 0x7, 0x8d, 0x8, 0x3,
    0xa0, 0x0, 0x76, 0x1, 0xff, 0xc0, 0x85, 0x0,
    0x93, 0x98, 0x3, 0xf2, 0x63, 0x80, 0x70, 0xcf,
    0xdc, 0xc4, 0x57, 0xd6, 0x60, 0x10,

    /* U+0162 "Ţ" */
    0xaf, 0xff, 0xfe, 0x44, 0x80, 0x7f, 0xfd, 0xbd,
    0x9b, 0xe3, 0x0, 0xc6, 0xcd, 0xf6, 0x2c, 0xcf,
    0xd6, 0x1, 0xaa, 0x67, 0xe5, 0x0, 0xff, 0xff,
    0x80, 0x7f, 0xff, 0xc0, 0x3f, 0xff, 0xe0, 0x1f,
    0xff, 0xf0, 0xf, 0xff, 0xf8, 0x7, 0xff, 0xf5,
    0xd4, 0x1, 0xac, 0x1, 0xff, 0xc5, 0x50, 0x0,
    0x80, 0x7f, 0xf1, 0x54, 0x2, 0xc4, 0x0, 0xff,
    0xe2, 0x3b, 0x0, 0x52, 0x1, 0xff, 0xc4, 0x29,
    0xa0, 0x1, 0x0, 0x7f, 0xf1, 0xd, 0x7c, 0x3,
    0xff, 0x8f, 0x14, 0xa0, 0x3, 0x0, 0xff, 0xe1,
    0x8a, 0x0, 0x6f, 0x0, 0xff, 0xe1, 0x9a, 0x0,
    0xf, 0xc, 0x3, 0xf0,

    /* U+0163 "ţ" */
    0x0, 0x8a, 0x23, 0x20, 0x7, 0xf3, 0xbf, 0x68,
    0x7, 0xff, 0xda, 0xbf, 0xd4, 0x1, 0x9b, 0xff,
    0x8c, 0x3, 0xff, 0xa4, 0x46, 0x62, 0x0, 0xc2,
    0x67, 0xc3, 0x19, 0x88, 0x0, 0xcf, 0x99, 0xc4,
    0x1, 0xff, 0xff, 0x0, 0xff, 0xf2, 0x8, 0x6,
    0x20, 0xf, 0xfe, 0x12, 0x18, 0x7, 0xe5, 0x0,
    0xec, 0xc5, 0xdb, 0x8, 0x2, 0x15, 0x0, 0xe3,
    0x44, 0x18, 0x80, 0x68, 0x10, 0xf, 0xfe, 0x9,
    0x62, 0x0, 0x7f, 0xf0, 0x4a, 0xe4, 0x0, 0x91,
    0x36, 0x60, 0x1f, 0x60, 0x3, 0x1d, 0x90, 0x3,
    0xf2, 0x80, 0x21, 0xc0, 0x3f, 0x85, 0xc4, 0x1,
    0x4, 0x1, 0xf8, 0x63, 0xc0, 0x27, 0x0, 0xfe,
    0x57, 0x0, 0xff, 0xe0, 0x35, 0x48, 0x4, 0x80,
    0x1f, 0xa8, 0x3, 0x38, 0x80, 0x7e, 0x51, 0x2,
    0x98, 0x0, 0x80,

    /* U+0164 "Ť" */
    0x0, 0xcf, 0x11, 0x18, 0x6, 0x48, 0x89, 0xc0,
    0x3f, 0xb, 0xbd, 0xa2, 0x0, 0x3b, 0x77, 0x8c,
    0x3, 0xf3, 0x30, 0x0, 0x38, 0x5, 0xa0, 0x14,
    0xa0, 0x7, 0xf4, 0xa0, 0x0, 0xaf, 0xc4, 0x0,
    0xec, 0x1, 0xff, 0x59, 0x80, 0x10, 0x80, 0xb,
    0x0, 0x1f, 0xfc, 0x1d, 0x10, 0xc, 0x74, 0x1,
    0xff, 0xc2, 0x1c, 0x77, 0xa3, 0x40, 0x3f, 0xf8,
    0x85, 0x11, 0x38, 0x80, 0x7f, 0xf4, 0xab, 0xff,
    0xff, 0x91, 0x20, 0x1f, 0xff, 0x6f, 0x66, 0xf8,
    0xc0, 0x31, 0xb3, 0x7d, 0x8b, 0x33, 0xf5, 0x80,
    0x6a, 0x99, 0xf9, 0x40, 0x3f, 0xff, 0xe0, 0x1f,
    0xff, 0xf0, 0xf, 0xff, 0xf8, 0x7, 0xff, 0xfc,
    0x3, 0xff, 0xfe, 0x1, 0xff, 0xf5,

    /* U+0165 "ť" */
    0x0, 0xff, 0xe0, 0x37, 0xfe, 0x80, 0xf, 0xff,
    0xb1, 0x88, 0x80, 0x3f, 0xf8, 0x6b, 0xdc, 0x20,
    0xf0, 0x8, 0x9d, 0xf2, 0x0, 0x78, 0x80, 0x80,
    0x27, 0x88, 0xda, 0x1, 0x92, 0xc0, 0x8, 0x1,
    0xff, 0xc0, 0x3b, 0x40, 0x71, 0x0, 0xff, 0xe0,
    0x39, 0x1c, 0x40, 0x3, 0xff, 0x82, 0x9b, 0x8e,
    0x1, 0xff, 0xc8, 0xaf, 0xf5, 0x0, 0x66, 0xff,
    0xe3, 0x0, 0xff, 0xed, 0x91, 0x98, 0x80, 0x30,
    0x99, 0xf0, 0x80, 0x51, 0x98, 0x80, 0xc, 0xf9,
    0x9c, 0x40, 0x1f, 0xff, 0xf0, 0xf, 0xff, 0xf8,
    0x80, 0x62, 0x0, 0xff, 0xe2, 0xa2, 0x0, 0x3f,
    0xe5, 0x0, 0xeb, 0xdc, 0xc6, 0x90, 0x7, 0x85,
    0x40, 0x38, 0x8c, 0xc4, 0x20, 0x1f, 0x40, 0x80,
    0x7f, 0xf1, 0xb, 0x10, 0x3, 0xff, 0x88, 0x57,
    0xd5, 0x11, 0x4d, 0x98, 0x4,

    /* U+0166 "Ŧ" */
    0xaf, 0xff, 0xfe, 0x44, 0x80, 0x7f, 0xfd, 0xbd,
    0x9b, 0xe3, 0x0, 0xc6, 0xcd, 0xf6, 0x2c, 0xcf,
    0xd6, 0x1, 0xaa, 0x67, 0xe5, 0x0, 0xff, 0xff,
    0x80, 0x7f, 0xf6, 0x6b, 0xff, 0xa0, 0x3, 0x4f,
    0xff, 0x50, 0x7, 0xff, 0xe8, 0xc4, 0x78, 0x3,
    0xc2, 0x3c, 0x60, 0x1a, 0x7b, 0xba, 0x0, 0x34,
    0xf7, 0x74, 0x80, 0x7f, 0xff, 0xc0, 0x3f, 0xff,
    0xe0, 0x1f, 0xfe, 0x60,

    /* U+0167 "ŧ" */
    0x0, 0x8a, 0x23, 0x20, 0x7, 0xf3, 0xbf, 0x68,
    0x7, 0xff, 0xda, 0xbf, 0xd4, 0x1, 0x9b, 0xff,
    0x8c, 0x3, 0xff, 0xa4, 0x46, 0x62, 0x0, 0xc2,
    0x67, 0xc3, 0x19, 0x88, 0x0, 0xcf, 0x99, 0xc4,
    0x1, 0xff, 0xd2, 0x8c, 0xc4, 0x0, 0x67, 0xcc,
    0xeb, 0x23, 0x31, 0x0, 0x61, 0x33, 0xe5, 0x0,
    0xff, 0xe9, 0x57, 0xfa, 0x80, 0x33, 0x7f, 0xf7,
    0x0, 0x7f, 0xf1, 0x84, 0x3, 0x10, 0x7, 0xff,
    0x9, 0x10, 0x1, 0xf9, 0x40, 0x3a, 0xf7, 0x31,
    0xa4, 0x1, 0xa, 0x80, 0x71, 0x19, 0x88, 0x40,
    0x34, 0x8, 0x7, 0xff, 0x4, 0xb1, 0x0, 0x3f,
    0xf8, 0x25, 0x7d, 0x51, 0x14, 0xd9, 0x80,

    /* U+0168 "Ũ" */
    0x0, 0xf4, 0xf7, 0xe2, 0x80, 0x43, 0x54, 0x80,
    0xf, 0xea, 0x61, 0x3, 0xab, 0x10, 0x35, 0x53,
    0x80, 0x7f, 0x28, 0x7, 0x27, 0x44, 0x0, 0x3f,
    0xe2, 0x0, 0x99, 0x80, 0x13, 0xa8, 0x0, 0x80,
    0x3f, 0xf8, 0x13, 0x2c, 0x20, 0xe, 0xa0, 0xf,
    0xc4, 0xcd, 0x0, 0xf, 0x64, 0x80, 0x5d, 0xc0,
    0x1f, 0xd3, 0x30, 0x6, 0x6d, 0xfe, 0x80, 0xf,
    0xff, 0x2b, 0xff, 0xe7, 0x0, 0xff, 0x2f, 0xfe,
    0x90, 0xf, 0xff, 0xf8, 0x7, 0xff, 0xfc, 0x3,
    0xff, 0xfe, 0x1, 0xff, 0xff, 0x0, 0xff, 0xf1,
    0x18, 0x7, 0x8, 0x6, 0xe0, 0xf, 0xf0, 0x80,
    0x61, 0x20, 0xc, 0xe0, 0x1f, 0xeb, 0x0, 0xdc,
    0xa0, 0x18, 0x5c, 0x3, 0xf2, 0x98, 0x6, 0x41,
    0x40, 0xd, 0xa, 0x1, 0xe4, 0xa0, 0xc, 0x44,
    0x8, 0x0, 0xea, 0xb5, 0x22, 0x25, 0x58, 0x7,
    0x40, 0x0, 0xd8, 0x3, 0x92, 0xb7, 0x56, 0xa0,
    0x1c, 0x8a, 0x1, 0x4a, 0x0, 0x7f, 0xf0, 0x8e,
    0x80, 0x3a, 0xdc, 0x3, 0xff, 0x80, 0xb8, 0x20,
    0x1e, 0x8c, 0x50, 0xf, 0xc9, 0x74, 0x1, 0xfc,
    0x75, 0xf7, 0x31, 0x9, 0xbe, 0xb4, 0x0, 0xe0,

    /* U+0169 "ũ" */
    0x0, 0xc4, 0xf2, 0xe2, 0x1, 0xff, 0xc1, 0x3d,
    0x86, 0x8e, 0x70, 0xb, 0xbf, 0xc2, 0x1, 0xd0,
    0x1, 0xd1, 0x86, 0x22, 0x0, 0x10, 0x7, 0x28,
    0x7, 0x8f, 0x38, 0x3, 0xf8, 0x40, 0x17, 0xee,
    0x1, 0xf1, 0x80, 0x71, 0x0, 0x1c, 0x23, 0x8,
    0x3, 0x48, 0x7, 0xb7, 0xfc, 0x60, 0x3, 0xd9,
    0x67, 0xb6, 0x0, 0xff, 0xe1, 0x34, 0xc2, 0x0,
    0x7f, 0xf7, 0xb7, 0xff, 0x10, 0x7, 0xd3, 0xff,
    0x98, 0x3, 0xff, 0xfe, 0x1, 0xff, 0xff, 0x0,
    0xff, 0xe7, 0x8, 0x7, 0xc6, 0x1, 0xfe, 0x60,
    0xf, 0x84, 0x3, 0x98, 0x3, 0x78, 0x7, 0xc8,
    0x1, 0xc4, 0x1, 0x94, 0xc0, 0x3a, 0x0, 0x3d,
    0x80, 0x1d, 0x8e, 0x44, 0x4a, 0x70, 0xf, 0x28,
    0x80, 0x74, 0x6e, 0xad, 0x40, 0x3f, 0x40, 0x7,
    0xff, 0x19, 0x94, 0x3, 0xfc, 0xc0, 0x1f, 0x54,
    0x88, 0x7, 0x8a, 0xa4, 0x3, 0xf3, 0x75, 0xcc,
    0x42, 0xb7, 0x4a, 0x1f, 0xf9, 0x80,

    /* U+016A "Ū" */
    0x0, 0xf6, 0xff, 0xff, 0x0, 0x7f, 0xfb, 0x10,
    0xcf, 0xf2, 0x0, 0x7f, 0xf0, 0x27, 0x33, 0xf5,
    0x80, 0x7f, 0xff, 0x1f, 0xff, 0x38, 0x7, 0xf9,
    0x7f, 0xf4, 0x80, 0x7f, 0xff, 0xc0, 0x3f, 0xff,
    0xe0, 0x1f, 0xff, 0xf0, 0xf, 0xff, 0xf8, 0x7,
    0xff, 0x88, 0xc0, 0x38, 0x40, 0x37, 0x0, 0x7f,
    0x84, 0x3, 0x9, 0x0, 0x67, 0x0, 0xff, 0x58,
    0x6, 0xe5, 0x0, 0xc2, 0xe0, 0x1f, 0x94, 0xc0,
    0x32, 0xa, 0x0, 0x68, 0x50, 0xf, 0x25, 0x0,
    0x62, 0x20, 0x40, 0x7, 0x55, 0xa9, 0x11, 0x2a,
    0xc0, 0x3a, 0x0, 0x6, 0xc0, 0x1c, 0x95, 0xba,
    0xb5, 0x0, 0xe4, 0x50, 0xa, 0x50, 0x3, 0xff,
    0x84, 0x74, 0x1, 0xd6, 0xe0, 0x1f, 0xfc, 0x5,
    0xc1, 0x0, 0xf4, 0x62, 0x80, 0x7e, 0x4b, 0xa0,
    0xf, 0xe3, 0xaf, 0xb9, 0x88, 0x4d, 0xf5, 0xa0,
    0x7, 0x0,

    /* U+016B "ū" */
    0x0, 0xcf, 0x99, 0xfc, 0x20, 0x1f, 0xb4, 0xcf,
    0xfc, 0x1, 0xff, 0xe2, 0xaf, 0xff, 0xe2, 0x0,
    0xff, 0xff, 0x80, 0x76, 0xff, 0xe2, 0x0, 0xfa,
    0x7f, 0xf3, 0x0, 0x7f, 0xff, 0xc0, 0x3f, 0xff,
    0xe0, 0x1f, 0xfc, 0xe1, 0x0, 0xf8, 0xc0, 0x3f,
    0xcc, 0x1, 0xf0, 0x80, 0x73, 0x0, 0x6f, 0x0,
    0xf9, 0x0, 0x38, 0x80, 0x32, 0x98, 0x7, 0x40,
    0x7, 0xb0, 0x3, 0xb1, 0xc8, 0x89, 0x4e, 0x1,
    0xe5, 0x10, 0xe, 0x8d, 0xd5, 0xa8, 0x7, 0xe8,
    0x0, 0xff, 0xe3, 0x32, 0x80, 0x7f, 0x98, 0x3,
    0xea, 0x91, 0x0, 0xf1, 0x54, 0x80, 0x7e, 0x6e,
    0xb9, 0x88, 0x56, 0xe9, 0x43, 0xff, 0x30,

    /* U+016C "Ŭ" */
    0x0, 0xea, 0xff, 0x8c, 0x0, 0x3f, 0xf6, 0x0,
    0x7f, 0xb4, 0x2, 0xf1, 0x15, 0x80, 0x4a, 0x1,
    0xfe, 0x60, 0x8, 0xfb, 0x8a, 0x1, 0x50, 0x7,
    0xf8, 0x60, 0x3, 0xf3, 0x18, 0x7, 0xfc, 0xf0,
    0x1, 0xe6, 0x90, 0xf, 0xfe, 0xb, 0xeb, 0xa1,
    0xb6, 0x48, 0x7, 0xff, 0xc, 0xa2, 0xf2, 0x4c,
    0x3, 0xff, 0xa4, 0xff, 0xf9, 0xc0, 0x3f, 0xcb,
    0xff, 0xa4, 0x3, 0xff, 0xfe, 0x1, 0xff, 0xff,
    0x0, 0xff, 0xff, 0x80, 0x7f, 0xff, 0xc0, 0x3f,
    0xfc, 0x46, 0x1, 0xc2, 0x1, 0xb8, 0x3, 0xfc,
    0x20, 0x18, 0x48, 0x3, 0x38, 0x7, 0xfa, 0xc0,
    0x37, 0x28, 0x6, 0x17, 0x0, 0xfc, 0xa6, 0x1,
    0x90, 0x50, 0x3, 0x42, 0x80, 0x79, 0x28, 0x3,
    0x11, 0x2, 0x0, 0x3a, 0xad, 0x48, 0x89, 0x56,
    0x1, 0xd0, 0x0, 0x36, 0x0, 0xe4, 0xad, 0xd5,
    0xa8, 0x7, 0x22, 0x80, 0x52, 0x80, 0x1f, 0xfc,
    0x23, 0xa0, 0xe, 0xb7, 0x0, 0xff, 0xe0, 0x2e,
    0x8, 0x7, 0xa3, 0x14, 0x3, 0xf2, 0x5d, 0x0,
    0x7f, 0x1d, 0x7d, 0xcc, 0x42, 0x6f, 0xad, 0x0,
    0x38,

    /* U+016D "ŭ" */
    0x0, 0x8e, 0x22, 0x20, 0x9, 0xa2, 0xe, 0x1,
    0xf3, 0x3b, 0xd2, 0x0, 0x39, 0x77, 0x48, 0x7,
    0xc8, 0x1, 0x27, 0x6e, 0x0, 0x4e, 0x1, 0xf0,
    0xb8, 0x4, 0x24, 0x1, 0xc, 0x0, 0x7e, 0x86,
    0x0, 0xf0, 0xe8, 0x80, 0x7f, 0x4d, 0xa0, 0x0,
    0x9f, 0xcc, 0x3, 0xfe, 0x4b, 0xff, 0x6c, 0x8,
    0x7, 0xff, 0x83, 0x7f, 0xf1, 0x0, 0x7d, 0x3f,
    0xf9, 0x80, 0x3f, 0xff, 0xe0, 0x1f, 0xff, 0xf0,
    0xf, 0xfe, 0x70, 0x80, 0x7c, 0x60, 0x1f, 0xe6,
    0x0, 0xf8, 0x40, 0x39, 0x80, 0x37, 0x80, 0x7c,
    0x80, 0x1c, 0x40, 0x19, 0x4c, 0x3, 0xa0, 0x3,
    0xd8, 0x1, 0xd8, 0xe4, 0x44, 0xa7, 0x0, 0xf2,
    0x88, 0x7, 0x46, 0xea, 0xd4, 0x3, 0xf4, 0x0,
    0x7f, 0xf1, 0x99, 0x40, 0x3f, 0xcc, 0x1, 0xf5,
    0x48, 0x80, 0x78, 0xaa, 0x40, 0x3f, 0x37, 0x5c,
    0xc4, 0x2b, 0x74, 0xa1, 0xff, 0x98,

    /* U+016E "Ů" */
    0x0, 0xfc, 0x33, 0xba, 0xb4, 0x0, 0xff, 0xe1,
    0x9f, 0xb1, 0x11, 0x2e, 0x0, 0x3f, 0xf8, 0x5a,
    0x20, 0x1c, 0xea, 0x1, 0xff, 0xc0, 0x61, 0x2,
    0xdf, 0x70, 0x4, 0x0, 0x7f, 0xf0, 0x3c, 0x1,
    0x4, 0x10, 0x20, 0x40, 0x1f, 0xfc, 0x31, 0x0,
    0xff, 0xe3, 0x78, 0x2, 0x4, 0x18, 0x40, 0x80,
    0x3f, 0xf8, 0xe, 0x20, 0x7d, 0xc9, 0x0, 0x58,
    0x7, 0xff, 0x0, 0x68, 0x2, 0x10, 0x2, 0xb0,
    0x7, 0xff, 0x5, 0x35, 0x40, 0x5, 0x34, 0x1,
    0xff, 0xc3, 0x2a, 0xff, 0x6b, 0x0, 0x7f, 0xf4,
    0x9f, 0xff, 0x38, 0x7, 0xf9, 0x7f, 0xf4, 0x80,
    0x7f, 0xff, 0xc0, 0x3f, 0xff, 0xe0, 0x1f, 0xff,
    0xf0, 0xf, 0xff, 0xf8, 0x7, 0xff, 0x88, 0xc0,
    0x38, 0x40, 0x37, 0x0, 0x7f, 0x84, 0x3, 0x9,
    0x0, 0x67, 0x0, 0xff, 0x58, 0x6, 0xe5, 0x0,
    0xc2, 0xe0, 0x1f, 0x94, 0xc0, 0x32, 0xa, 0x0,
    0x68, 0x50, 0xf, 0x25, 0x0, 0x62, 0x20, 0x40,
    0x7, 0x55, 0xa9, 0x11, 0x2a, 0xc0, 0x3a, 0x0,
    0x6, 0xc0, 0x1c, 0x95, 0xba, 0xb5, 0x0, 0xe4,
    0x50, 0xa, 0x50, 0x3, 0xff, 0x84, 0x74, 0x1,
    0xd6, 0xe0, 0x1f, 0xfc, 0x5, 0xc1, 0x0, 0xf4,
    0x62, 0x80, 0x7e, 0x4b, 0xa0, 0xf, 0xe3, 0xaf,
    0xb9, 0x88, 0x4d, 0xf5, 0xa0, 0x7, 0x0,

    /* U+016F "ů" */
    0x0, 0xf1, 0x57, 0x7e, 0xb0, 0x7, 0xff, 0x0,
    0xf5, 0x44, 0xa, 0x6c, 0x3, 0xfe, 0xd0, 0x8,
    0x40, 0x8, 0xe0, 0x1f, 0xcc, 0x20, 0x5d, 0xc9,
    0x0, 0x48, 0x7, 0xf7, 0x80, 0x20, 0x41, 0x88,
    0x4, 0x40, 0x1f, 0x84, 0x0, 0x60, 0x1f, 0xfc,
    0x3d, 0x0, 0x41, 0x84, 0x10, 0x10, 0x80, 0x7e,
    0x52, 0x1, 0xcf, 0x70, 0x5, 0x80, 0x7f, 0xbc,
    0x40, 0x39, 0x98, 0x1, 0xfe, 0x2f, 0x73, 0x24,
    0xa9, 0x0, 0xff, 0xe0, 0xc, 0x66, 0xda, 0x80,
    0x7f, 0xf3, 0xb7, 0xff, 0x10, 0x7, 0xd3, 0xff,
    0x98, 0x3, 0xff, 0xfe, 0x1, 0xff, 0xff, 0x0,
    0xff, 0xe7, 0x8, 0x7, 0xc6, 0x1, 0xfe, 0x60,
    0xf, 0x84, 0x3, 0x98, 0x3, 0x78, 0x7, 0xc8,
    0x1, 0xc4, 0x1, 0x94, 0xc0, 0x3a, 0x0, 0x3d,
    0x80, 0x1d, 0x8e, 0x44, 0x4a, 0x70, 0xf, 0x28,
    0x80, 0x74, 0x6e, 0xad, 0x40, 0x3f, 0x40, 0x7,
    0xff, 0x19, 0x94, 0x3, 0xfc, 0xc0, 0x1f, 0x54,
    0x88, 0x7, 0x8a, 0xa4, 0x3, 0xf3, 0x75, 0xcc,
    0x42, 0xb7, 0x4a, 0x1f, 0xf9, 0x80,

    /* U+0170 "Ű" */
    0x0, 0xf8, 0xff, 0xe6, 0x0, 0xa7, 0xfe, 0x10,
    0xf, 0xe9, 0x0, 0x98, 0x2, 0x60, 0x2, 0x88,
    0x7, 0xe1, 0x50, 0x3, 0x80, 0x4e, 0x1, 0x48,
    0x7, 0xf4, 0x80, 0x54, 0x1, 0x50, 0x0, 0xcc,
    0x1, 0xfc, 0xc0, 0x4, 0x20, 0x2, 0x10, 0x2,
    0x40, 0x3f, 0x94, 0x40, 0x1e, 0x1, 0x78, 0x0,
    0x54, 0x3, 0xfa, 0x40, 0x4, 0x80, 0x2, 0x40,
    0x4, 0x80, 0x7f, 0xb3, 0xfd, 0xa0, 0x11, 0x7f,
    0xce, 0x1, 0xff, 0xe5, 0x7f, 0xfc, 0xe0, 0x1f,
    0xe5, 0xff, 0xd2, 0x1, 0xff, 0xff, 0x0, 0xff,
    0xff, 0x80, 0x7f, 0xff, 0xc0, 0x3f, 0xff, 0xe0,
    0x1f, 0xfe, 0x23, 0x0, 0xe1, 0x0, 0xdc, 0x1,
    0xfe, 0x10, 0xc, 0x24, 0x1, 0x9c, 0x3, 0xfd,
    0x60, 0x1b, 0x94, 0x3, 0xb, 0x80, 0x7e, 0x53,
    0x0, 0xc8, 0x28, 0x1, 0xa1, 0x40, 0x3c, 0x94,
    0x1, 0x88, 0x81, 0x0, 0x1d, 0x56, 0xa4, 0x44,
    0xab, 0x0, 0xe8, 0x0, 0x1b, 0x0, 0x72, 0x56,
    0xea, 0xd4, 0x3, 0x91, 0x40, 0x29, 0x40, 0xf,
    0xfe, 0x11, 0xd0, 0x7, 0x5b, 0x80, 0x7f, 0xf0,
    0x17, 0x4, 0x3, 0xd1, 0x8a, 0x1, 0xf9, 0x2e,
    0x80, 0x3f, 0x8e, 0xbe, 0xe6, 0x21, 0x37, 0xd6,
    0x80, 0x1c,

    /* U+0171 "ű" */
    0x0, 0xff, 0xe6, 0xef, 0xfb, 0x0, 0x23, 0xff,
    0x98, 0x3, 0xc8, 0x40, 0x9, 0x0, 0xa4, 0x2,
    0x60, 0xf, 0x78, 0x0, 0x54, 0x0, 0x2a, 0x0,
    0x60, 0xf, 0x12, 0x0, 0x18, 0x2, 0x90, 0xa,
    0xc0, 0x3d, 0x40, 0x14, 0x80, 0x4c, 0x0, 0x42,
    0x0, 0xf3, 0x80, 0x14, 0x40, 0xa, 0x20, 0xf,
    0x0, 0xf3, 0x0, 0x52, 0x1, 0x48, 0x0, 0x90,
    0x3, 0xcd, 0xff, 0x18, 0x5, 0x9f, 0xed, 0x0,
    0xff, 0xef, 0x6f, 0xfe, 0x20, 0xf, 0xa7, 0xff,
    0x30, 0x7, 0xff, 0xfc, 0x3, 0xff, 0xfe, 0x1,
    0xff, 0xce, 0x10, 0xf, 0x8c, 0x3, 0xfc, 0xc0,
    0x1f, 0x8, 0x7, 0x30, 0x6, 0xf0, 0xf, 0x90,
    0x3, 0x88, 0x3, 0x29, 0x80, 0x74, 0x0, 0x7b,
    0x0, 0x3b, 0x1c, 0x88, 0x94, 0xe0, 0x1e, 0x51,
    0x0, 0xe8, 0xdd, 0x5a, 0x80, 0x7e, 0x80, 0xf,
    0xfe, 0x33, 0x28, 0x7, 0xf9, 0x80, 0x3e, 0xa9,
    0x10, 0xf, 0x15, 0x48, 0x7, 0xe6, 0xeb, 0x98,
    0x85, 0x6e, 0x94, 0x3f, 0xf3, 0x0,

    /* U+0172 "Ų" */
    0x7f, 0xfc, 0xe0, 0x1f, 0xe5, 0xff, 0xd2, 0x1,
    0xff, 0xff, 0x0, 0xff, 0xff, 0x80, 0x7f, 0xff,
    0xc0, 0x3f, 0xff, 0xe0, 0x1f, 0xfe, 0x23, 0x0,
    0xe1, 0x0, 0xdc, 0x1, 0xfe, 0x10, 0xc, 0x24,
    0x1, 0x9c, 0x3, 0xfd, 0x60, 0x1b, 0x94, 0x3,
    0xb, 0x80, 0x7e, 0x53, 0x0, 0xc8, 0x28, 0x1,
    0xa1, 0x40, 0x3c, 0x94, 0x1, 0x88, 0x81, 0x0,
    0x1d, 0x56, 0xa4, 0x44, 0xab, 0x0, 0xe8, 0x0,
    0x1b, 0x0, 0x72, 0x56, 0xea, 0xd4, 0x3, 0x91,
    0x40, 0x29, 0x40, 0xf, 0xfe, 0x11, 0xd0, 0x7,
    0x5b, 0x80, 0x7f, 0xf0, 0x17, 0x4, 0x3, 0xd1,
    0x8a, 0x1, 0xf8, 0x6a, 0x80, 0x1f, 0xc7, 0x5f,
    0x72, 0x40, 0x11, 0xfa, 0x80, 0x7f, 0xf0, 0x51,
    0xc8, 0x0, 0x3a, 0x20, 0x1f, 0xfc, 0x37, 0x0,
    0xa0, 0x40, 0x3f, 0xf8, 0x9c, 0x1, 0x85, 0x0,
    0x3f, 0xf8, 0x7a, 0x1, 0x4f, 0x59, 0x80, 0x7f,
    0xf0, 0x94, 0x40, 0x3b, 0x80, 0x3f, 0xf8, 0x74,
    0x1, 0xd0, 0x1, 0xff, 0xc3, 0x4e, 0x86, 0x9e,
    0x50, 0xe,

    /* U+0173 "ų" */
    0xdf, 0xfc, 0x40, 0x1f, 0x4f, 0xfe, 0x60, 0xf,
    0xff, 0xf8, 0x7, 0xff, 0xfc, 0x3, 0xff, 0x9c,
    0x20, 0x1f, 0x18, 0x7, 0xf9, 0x80, 0x3e, 0x10,
    0xe, 0x60, 0xd, 0xe0, 0x1f, 0x20, 0x7, 0x10,
    0x6, 0x53, 0x0, 0xe8, 0x0, 0xf6, 0x0, 0x76,
    0x39, 0x11, 0x29, 0xc0, 0x3c, 0xa2, 0x1, 0xd1,
    0xba, 0xb5, 0x0, 0xfd, 0x0, 0x1f, 0xfc, 0x66,
    0x50, 0xf, 0xf3, 0x0, 0x7d, 0x52, 0x20, 0x1e,
    0x2a, 0x0, 0xfe, 0x6e, 0xb9, 0x88, 0x56, 0xec,
    0xc0, 0x13, 0x30, 0x3, 0x91, 0x9d, 0xca, 0x48,
    0xe0, 0x15, 0x48, 0x7, 0xff, 0x2, 0x0, 0x2a,
    0x50, 0xf, 0xfe, 0x1, 0x18, 0x1, 0x14, 0x3,
    0xff, 0x82, 0xc0, 0x16, 0x0, 0x7f, 0xf1, 0xa6,
    0x5c, 0x40, 0x1f, 0xf2, 0x8, 0x0, 0x58, 0x78,
    0x3, 0xff, 0x81, 0x60, 0x1c, 0x22, 0x0, 0xff,
    0x96, 0x88, 0x5, 0xb0, 0x40,

    /* U+0174 "Ŵ" */
    0x0, 0xff, 0xe1, 0x9c, 0x44, 0xe0, 0x1f, 0xfd,
    0x23, 0xc7, 0x7a, 0x28, 0x3, 0xff, 0xa0, 0x3a,
    0x1, 0xcb, 0x0, 0x1f, 0xfc, 0xfd, 0x10, 0x3,
    0x8, 0x1, 0xd4, 0x3, 0xff, 0x9b, 0x66, 0x0,
    0x49, 0xd0, 0xa, 0x8c, 0x3, 0xff, 0x97, 0x28,
    0x0, 0x2b, 0x3, 0x90, 0xb, 0x48, 0x3, 0xff,
    0x92, 0x22, 0x77, 0xbc, 0x2, 0x69, 0x77, 0x33,
    0x80, 0x7f, 0xf2, 0x46, 0x23, 0x10, 0x6, 0x68,
    0x89, 0x40, 0x3f, 0xfc, 0x6f, 0xff, 0xa8, 0x3,
    0xfb, 0xbf, 0xf4, 0x0, 0x7f, 0x7f, 0xf0, 0xa0,
    0x6, 0x40, 0xf, 0xc4, 0x20, 0x19, 0x0, 0x3f,
    0x28, 0x6, 0x21, 0x31, 0x0, 0x84, 0xc0, 0x3e,
    0x50, 0xe, 0x31, 0x0, 0xfb, 0x0, 0x32, 0x80,
    0x1c, 0x3, 0x20, 0x7, 0xd8, 0x1, 0xe4, 0x0,
    0xf9, 0x0, 0x35, 0x80, 0x30, 0x3, 0x60, 0x7,
    0xc8, 0x1, 0xec, 0x0, 0xf1, 0x10, 0x2, 0x13,
    0x0, 0x28, 0x6, 0x40, 0xf, 0x20, 0x7, 0xc8,
    0x1, 0xe4, 0x0, 0xc8, 0x1, 0x90, 0x3, 0x20,
    0x7, 0x60, 0x7, 0xc4, 0x40, 0xe, 0xc0, 0xd,
    0xe0, 0x1b, 0x0, 0x36, 0x0, 0x72, 0x0, 0x7e,
    0x40, 0xe, 0x40, 0xc, 0x80, 0x19, 0x40, 0x32,
    0x80, 0x61, 0x30, 0x8, 0x40, 0x36, 0x0, 0x63,
    0x10, 0x8, 0xc4, 0x3, 0x11, 0x0, 0x22, 0x10,
    0x9, 0x0, 0x33, 0x8, 0x4, 0xa0, 0x19, 0x0,
    0x35, 0x80, 0x79, 0x0, 0x32, 0x0, 0x58, 0x1,
    0xad, 0xc0, 0x31, 0x80, 0x56, 0x1, 0x94, 0x3,
    0xda, 0x1, 0xbc, 0x2, 0x70, 0x8, 0x4f, 0x0,
    0x35, 0x80, 0x46, 0x1, 0x9, 0x0, 0x79, 0x0,
    0x32, 0x0, 0x8, 0x40, 0x24, 0x4, 0x0, 0xc8,
    0x0, 0x40, 0xc, 0xe0, 0x1f, 0x90, 0x2, 0x12,
    0x4, 0x0, 0xde, 0x2, 0x60, 0x11, 0x80, 0x34,
    0x3, 0x68, 0x7, 0xed, 0x0, 0xca, 0x1a, 0x1,
    0x90, 0x1, 0x60, 0x19, 0x41, 0x0, 0x32, 0x0,
    0x7e, 0x70, 0xd, 0x80, 0x80, 0x11, 0x88, 0x1,
    0x40, 0x36, 0x9, 0x0, 0x48, 0x1, 0xfc, 0x24,
    0x1, 0x22, 0x0, 0x35, 0x80, 0x44, 0x20, 0x12,
    0x38, 0x6, 0xd0, 0xf, 0xf2, 0x80, 0x68, 0x0,
    0xc8, 0x1, 0x9c, 0x2, 0x2a, 0x0, 0xc8, 0x1,
    0xfe, 0xb0, 0xc, 0x60, 0x10, 0x98, 0x6, 0xc0,
    0xc, 0x60, 0x11, 0x10, 0x3, 0xfc, 0x62, 0x1,
    0xf2, 0x0, 0x72, 0x80, 0x7e, 0x50, 0xf, 0xfe,
    0x2, 0x0, 0x7d, 0xe0, 0x1e, 0x30, 0xf, 0xb0,
    0x3, 0xff, 0x81, 0xe0, 0x1f, 0x20, 0x7, 0xac,
    0x3, 0xe4, 0x0, 0xff, 0xe0, 0x20, 0x7, 0x8c,
    0x40, 0x3c, 0xa0, 0x1e, 0x50, 0xf, 0xfe, 0x8,
    0x98, 0x7, 0x58, 0x7, 0xc4, 0x20, 0x1d, 0xe0,
    0x1f, 0xfc, 0x2b, 0x0, 0xe4, 0x0, 0xfc, 0xe0,
    0x1c, 0x80, 0x1f, 0xfc, 0x24, 0x0, 0xc2, 0x60,
    0x1f, 0xb0, 0x3, 0x18, 0x80, 0x7c,

    /* U+0175 "ŵ" */
    0x0, 0xff, 0xe0, 0x6f, 0xfd, 0xc2, 0x1, 0xff,
    0xca, 0xb2, 0x0, 0x87, 0x4, 0x3, 0xff, 0x91,
    0x28, 0x1, 0xc5, 0x40, 0x1f, 0xfc, 0x77, 0x60,
    0x1, 0x71, 0x80, 0x12, 0x40, 0x3f, 0xf8, 0xab,
    0x0, 0x17, 0x8e, 0x88, 0x1, 0x9c, 0x3, 0xff,
    0x86, 0x74, 0x1, 0x59, 0x0, 0xe0, 0x5, 0xa,
    0x1, 0xff, 0xc2, 0x3f, 0xfc, 0x80, 0x11, 0x7f,
    0xe5, 0x0, 0xff, 0xfa, 0x97, 0xfe, 0xa0, 0xf,
    0x47, 0xfd, 0xa0, 0x1e, 0x5f, 0xfc, 0xc4, 0x40,
    0x9, 0x40, 0x3c, 0xa0, 0x11, 0x10, 0x3, 0xbc,
    0x3, 0x38, 0x28, 0x6, 0x40, 0xc, 0x44, 0x0,
    0xca, 0x1, 0xca, 0x1, 0x18, 0x85, 0x80, 0x6d,
    0x0, 0xca, 0x1, 0xd6, 0x1, 0x90, 0x3, 0x58,
    0x0, 0xc4, 0x2, 0x70, 0xd, 0x60, 0x1c, 0x62,
    0x1, 0x68, 0x6, 0x50, 0x9, 0xc0, 0x21, 0x30,
    0x0, 0x98, 0x7, 0x9c, 0x2, 0x70, 0x8, 0x88,
    0x1, 0x68, 0x6, 0xb0, 0x3, 0x80, 0x7d, 0xa0,
    0x3, 0x10, 0x9, 0x40, 0x32, 0x8, 0x4, 0xa0,
    0xa, 0x0, 0xa4, 0x2, 0x41, 0xb, 0x0, 0xd6,
    0x1, 0xc8, 0x1, 0x11, 0x4, 0xc0, 0x26, 0x40,
    0x9, 0x1, 0x40, 0x21, 0x30, 0xe, 0xf0, 0xc,
    0xae, 0x1, 0x28, 0x70, 0x5, 0xe4, 0x40, 0x9,
    0xc0, 0x3c, 0xa0, 0x1a, 0xf4, 0x2, 0xf0, 0x50,
    0x9, 0x68, 0x3, 0x68, 0x7, 0xc8, 0x1, 0x1a,
    0x0, 0x4a, 0x0, 0x50, 0x9, 0xc0, 0x32, 0x0,
    0x7d, 0xa0, 0x1f, 0x28, 0x5, 0xe0, 0x1f, 0x28,
    0x7, 0xe7, 0x0, 0xfb, 0x80, 0x25, 0x0, 0xfb,
    0xc0, 0x3f, 0x9, 0x80, 0x70, 0xa0, 0x6, 0x50,
    0xf, 0x20, 0x7, 0xf5, 0x80, 0x73, 0x80, 0x77,
    0x0, 0x72, 0x8, 0x7, 0xf2, 0x80, 0x76, 0x80,
    0x72, 0x8, 0x6, 0xd0, 0xf, 0xf1, 0x10, 0x2,
    0x14, 0x0, 0xf3, 0x80, 0x67, 0x0, 0xff, 0x94,
    0x2, 0x70, 0xf, 0xb4, 0x2, 0x31, 0x0, 0xe0,

    /* U+0176 "Ŷ" */
    0x0, 0xfe, 0x89, 0x99, 0x40, 0x3f, 0xf8, 0xb6,
    0xec, 0xd5, 0x20, 0x7, 0xff, 0xe, 0x50, 0x3,
    0xac, 0x80, 0x3f, 0xf8, 0x2e, 0xc0, 0x2, 0x80,
    0xb, 0x4, 0x3, 0xfe, 0x58, 0x0, 0xf, 0xbb,
    0x80, 0x3, 0x80, 0x1f, 0xe4, 0xa0, 0xa, 0x88,
    0x21, 0x0, 0x5, 0x60, 0x1f, 0xea, 0xab, 0x10,
    0x2, 0xba, 0xab, 0x84, 0x3, 0xf2, 0x2a, 0xc6,
    0x1, 0xca, 0xb8, 0x40, 0x3f, 0xf9, 0xf7, 0xff,
    0xb8, 0x40, 0x3f, 0x97, 0xff, 0x9a, 0x40, 0x30,
    0xc0, 0x7, 0xf5, 0x80, 0x62, 0x62, 0x60, 0xc,
    0xc4, 0x1, 0xf3, 0x88, 0x6, 0x90, 0x4, 0x8,
    0x6, 0x90, 0xf, 0xc, 0x0, 0x65, 0x40, 0x0,
    0xc0, 0x6, 0x44, 0x0, 0x75, 0x80, 0x74, 0x0,
    0x66, 0x20, 0xd, 0x20, 0x18, 0xd4, 0x3, 0x39,
    0x0, 0x74, 0x80, 0x62, 0x70, 0xb, 0xc0, 0x30,
    0xc0, 0x7, 0x91, 0x0, 0x1a, 0x4, 0x14, 0xc0,
    0x34, 0x0, 0x7e, 0x90, 0xe, 0x80, 0xb0, 0xc,
    0x6c, 0x1, 0xf8, 0x9c, 0x3, 0x35, 0x8, 0x6,
    0xf0, 0xf, 0xf4, 0x8, 0x6, 0x50, 0xc, 0xa6,
    0x1, 0xff, 0x40, 0x7, 0xf5, 0x80, 0x7f, 0xf0,
    0x18, 0x80, 0x3e, 0x71, 0x0, 0xff, 0xe0, 0xf0,
    0x7, 0x86, 0x0, 0x3f, 0xf8, 0x46, 0xa0, 0x1d,
    0x60, 0x1f, 0xfc, 0x49, 0x0, 0xc2, 0xa0, 0x1f,
    0xfc, 0x41, 0x0, 0xc6, 0x1, 0xff, 0xff, 0x0,
    0xff, 0xff, 0x80, 0x7f, 0xfd, 0x80,

    /* U+0177 "ŷ" */
    0x0, 0xf8, 0x7b, 0xfe, 0xd1, 0x0, 0xff, 0xe1,
    0x68, 0x80, 0x45, 0x40, 0x1f, 0xfc, 0x1a, 0x30,
    0xe, 0x49, 0x0, 0xff, 0x9d, 0x40, 0x5, 0xa2,
    0x0, 0x66, 0x0, 0x7f, 0x2c, 0x0, 0x5e, 0x5a,
    0x1, 0x4a, 0x0, 0x7c, 0x74, 0x1, 0x51, 0x1,
    0xc8, 0x5, 0x64, 0x1, 0xe2, 0xcc, 0xb5, 0x40,
    0x26, 0xdc, 0xc8, 0xc0, 0x3c, 0x26, 0x71, 0x0,
    0x71, 0x19, 0xc2, 0x1, 0xff, 0xcc, 0x7f, 0xfd,
    0x40, 0x1f, 0xd3, 0xff, 0x95, 0x80, 0x32, 0x88,
    0x7, 0xe7, 0x0, 0x85, 0x45, 0x80, 0x33, 0x80,
    0x7c, 0xa2, 0x1, 0x30, 0x2, 0x80, 0x35, 0x80,
    0x7d, 0x20, 0x1a, 0x80, 0x6, 0x60, 0x8, 0x8c,
    0x3, 0x88, 0xc0, 0x23, 0x20, 0xa, 0x80, 0x35,
    0x0, 0x75, 0x0, 0x69, 0x0, 0xcc, 0x20, 0x13,
    0x0, 0x73, 0x0, 0x65, 0x0, 0xe6, 0x0, 0xcc,
    0x1, 0x28, 0x80, 0x4c, 0x1, 0xea, 0x0, 0xd4,
    0x1, 0x70, 0x6, 0xb0, 0xf, 0x12, 0x0, 0x46,
    0x60, 0x14, 0x0, 0x8c, 0x80, 0x3e, 0xe0, 0xd,
    0x41, 0x20, 0x1a, 0x80, 0x3f, 0x28, 0x80, 0x4c,
    0xc, 0x1, 0x98, 0x3, 0xf9, 0x80, 0x35, 0x8,
    0x4, 0xc0, 0x1f, 0xe9, 0x0, 0xca, 0x1, 0xa8,
    0x3, 0xfc, 0x28, 0x1, 0xf1, 0x18, 0x7, 0xfd,
    0xe0, 0x1f, 0x50, 0x7, 0xff, 0x1, 0x8, 0x3,
    0xcc, 0x1, 0xff, 0xc1, 0xa0, 0xe, 0x51, 0x0,
    0xff, 0xe0, 0xb0, 0x7, 0x70, 0x7, 0xff, 0x8,
    0x40, 0x31, 0x20, 0x7, 0xff, 0x9, 0x40, 0x35,
    0x0, 0x7f, 0xf0, 0xfc, 0x3, 0x30, 0x7, 0xff,
    0x8, 0x54, 0x2, 0x41, 0x0, 0xff, 0xe1, 0x38,
    0x6, 0xf0, 0xf, 0xfe, 0x1d, 0x0, 0x42, 0x80,
    0x1f, 0xfc, 0x21, 0x30, 0x9, 0x80, 0x3f, 0xf8,
    0x6c, 0x1, 0xa8, 0x3, 0xff, 0x87, 0x40, 0x12,
    0x10, 0x7, 0xf8,

    /* U+0178 "Ÿ" */
    0x0, 0xea, 0xff, 0xac, 0x2, 0xff, 0xca, 0x1,
    0xff, 0xff, 0x0, 0xd3, 0x55, 0x40, 0x5, 0x55,
    0x90, 0x3, 0xfc, 0x6a, 0xb1, 0x80, 0x4a, 0xb8,
    0x40, 0x3f, 0xfa, 0x17, 0xff, 0xb8, 0x40, 0x3f,
    0x97, 0xff, 0x9a, 0x40, 0x30, 0xc0, 0x7, 0xf5,
    0x80, 0x62, 0x62, 0x60, 0xc, 0xc4, 0x1, 0xf3,
    0x88, 0x6, 0x90, 0x4, 0x8, 0x6, 0x90, 0xf,
    0xc, 0x0, 0x65, 0x40, 0x0, 0xc0, 0x6, 0x44,
    0x0, 0x75, 0x80, 0x74, 0x0, 0x66, 0x20, 0xd,
    0x20, 0x18, 0xd4, 0x3, 0x39, 0x0, 0x74, 0x80,
    0x62, 0x70, 0xb, 0xc0, 0x30, 0xc0, 0x7, 0x91,
    0x0, 0x1a, 0x4, 0x14, 0xc0, 0x34, 0x0, 0x7e,
    0x90, 0xe, 0x80, 0xb0, 0xc, 0x6c, 0x1, 0xf8,
    0x9c, 0x3, 0x35, 0x8, 0x6, 0xf0, 0xf, 0xf4,
    0x8, 0x6, 0x50, 0xc, 0xa6, 0x1, 0xff, 0x40,
    0x7, 0xf5, 0x80, 0x7f, 0xf0, 0x18, 0x80, 0x3e,
    0x71, 0x0, 0xff, 0xe0, 0xf0, 0x7, 0x86, 0x0,
    0x3f, 0xf8, 0x46, 0xa0, 0x1d, 0x60, 0x1f, 0xfc,
    0x49, 0x0, 0xc2, 0xa0, 0x1f, 0xfc, 0x41, 0x0,
    0xc6, 0x1, 0xff, 0xff, 0x0, 0xff, 0xff, 0x80,
    0x7f, 0xfd, 0x80,

    /* U+0179 "Ź" */
    0x0, 0xff, 0xe0, 0x4f, 0xfc, 0x20, 0x1f, 0xfc,
    0x56, 0x0, 0x28, 0x80, 0x7f, 0xf1, 0x18, 0x2,
    0x90, 0xf, 0xfe, 0x2d, 0x80, 0xc, 0xc0, 0x1f,
    0xfc, 0x44, 0x20, 0x4, 0x80, 0x7f, 0xf1, 0x7c,
    0x0, 0x2a, 0x1, 0xff, 0xc4, 0x24, 0x0, 0x30,
    0x7, 0xff, 0x14, 0xbf, 0xe8, 0x0, 0xff, 0xf4,
    0x97, 0xff, 0xff, 0x1e, 0x80, 0x3f, 0xf9, 0x30,
    0x1, 0xff, 0xc8, 0x62, 0x0, 0xff, 0xe3, 0x8c,
    0x0, 0xd, 0x9b, 0xfe, 0x0, 0xf4, 0x8, 0x0,
    0x66, 0x7f, 0xde, 0x1, 0xc6, 0xc0, 0x1f, 0xfc,
    0x11, 0x90, 0xe, 0xf0, 0xf, 0xfe, 0x14, 0x0,
    0x72, 0x98, 0x7, 0xff, 0x4, 0xd8, 0x3, 0xac,
    0x3, 0xff, 0x85, 0xe0, 0x1d, 0x2, 0x1, 0xff,
    0xc1, 0x63, 0x0, 0xc4, 0xe0, 0x1f, 0xfc, 0x11,
    0x80, 0xe, 0x90, 0xf, 0xfe, 0x14, 0x8, 0x6,
    0x54, 0x0, 0xff, 0xe0, 0x93, 0x0, 0x74, 0x0,
    0x7f, 0xf0, 0xb8, 0x3, 0x9c, 0x80, 0x3f, 0xf8,
    0x2a, 0x60, 0x18, 0xa0, 0x3, 0xff, 0x85, 0x60,
    0x1d, 0x0, 0x1f, 0xfc, 0x28, 0x10, 0xc, 0x8a,
    0x1, 0xff, 0xc1, 0x27, 0x0, 0xe9, 0x0, 0xff,
    0xe1, 0x48, 0x7, 0x39, 0x0, 0x7f, 0xf0, 0x55,
    0x0, 0x30, 0xc0, 0x7, 0xff, 0xa, 0x0, 0x38,
    0xe6, 0x7f, 0xe3, 0x0, 0x39, 0x0, 0x71, 0x33,
    0x7f, 0xf0, 0x0, 0xa0, 0x3, 0xff, 0x91, 0x0,
    0x1f, 0xfc, 0x82, 0x50, 0xf, 0xfe, 0x40,

    /* U+017A "ź" */
    0x0, 0xff, 0xe8, 0x1f, 0xfc, 0xc0, 0x1f, 0xfc,
    0x19, 0x0, 0xb, 0x0, 0x7f, 0xf0, 0x5, 0x40,
    0xc, 0x1, 0xff, 0xc1, 0x90, 0xa, 0x80, 0x3f,
    0xf8, 0x2c, 0x0, 0x42, 0x0, 0xff, 0xe0, 0x30,
    0x80, 0x3c, 0x3, 0xff, 0x83, 0x40, 0x2, 0x40,
    0xf, 0xfe, 0xe, 0x7f, 0xb4, 0x3, 0xff, 0xbe,
    0x7f, 0xff, 0xfc, 0x3c, 0x0, 0xff, 0xe2, 0xf8,
    0x7, 0xff, 0x11, 0xcc, 0x3, 0xff, 0x86, 0x50,
    0x0, 0x3b, 0xbf, 0xc0, 0x1d, 0xc0, 0x19, 0x13,
    0xed, 0x0, 0xce, 0x60, 0x1f, 0xe4, 0x60, 0x8,
    0xa0, 0x3, 0xfe, 0xa0, 0xd, 0xc0, 0x1f, 0xf4,
    0x88, 0x4, 0xe6, 0x1, 0xfe, 0x46, 0x0, 0x8a,
    0x0, 0x3f, 0xc3, 0x40, 0x1b, 0x80, 0x3f, 0xeb,
    0x10, 0xa, 0xc, 0x3, 0xfc, 0x8a, 0x1, 0x1b,
    0x80, 0x7f, 0x86, 0x80, 0x37, 0x0, 0x7f, 0xd6,
    0x20, 0x12, 0xb2, 0x27, 0xc2, 0x0, 0x55, 0x0,
    0x65, 0xbb, 0xfc, 0xc0, 0x36, 0x1, 0xff, 0xc4,
    0xb1, 0x0, 0xff, 0xe1, 0x9a, 0x80, 0x7f, 0xf1,
    0x0,

    /* U+017B "Ż" */
    0x0, 0xfe, 0x9e, 0xec, 0x60, 0x1f, 0xfc, 0x43,
    0x11, 0xc0, 0x1f, 0xff, 0xf0, 0xf, 0xd5, 0xff,
    0x8c, 0x3, 0xff, 0xfc, 0x5f, 0xff, 0xfc, 0x7a,
    0x0, 0xff, 0xe4, 0xc0, 0x7, 0xff, 0x21, 0x88,
    0x3, 0xff, 0x8e, 0x30, 0x0, 0x36, 0x6f, 0xf8,
    0x3, 0xd0, 0x20, 0x1, 0x99, 0xff, 0x78, 0x7,
    0x1b, 0x0, 0x7f, 0xf0, 0x46, 0x40, 0x3b, 0xc0,
    0x3f, 0xf8, 0x50, 0x1, 0xca, 0x60, 0x1f, 0xfc,
    0x13, 0x60, 0xe, 0xb0, 0xf, 0xfe, 0x17, 0x80,
    0x74, 0x8, 0x7, 0xff, 0x5, 0x8c, 0x3, 0x13,
    0x80, 0x7f, 0xf0, 0x46, 0x0, 0x3a, 0x40, 0x3f,
    0xf8, 0x50, 0x20, 0x19, 0x50, 0x3, 0xff, 0x82,
    0x4c, 0x1, 0xd0, 0x1, 0xff, 0xc2, 0xe0, 0xe,
    0x72, 0x0, 0xff, 0xe0, 0xa9, 0x80, 0x62, 0x80,
    0xf, 0xfe, 0x15, 0x80, 0x74, 0x0, 0x7f, 0xf0,
    0xa0, 0x40, 0x32, 0x28, 0x7, 0xff, 0x4, 0x9c,
    0x3, 0xa4, 0x3, 0xff, 0x85, 0x20, 0x1c, 0xe4,
    0x1, 0xff, 0xc1, 0x54, 0x0, 0xc3, 0x0, 0x1f,
    0xfc, 0x28, 0x0, 0xe3, 0x99, 0xff, 0x8c, 0x0,
    0xe4, 0x1, 0xc4, 0xcd, 0xff, 0xc0, 0x2, 0x80,
    0xf, 0xfe, 0x44, 0x0, 0x7f, 0xf2, 0x9, 0x40,
    0x3f, 0xf9, 0x0,

    /* U+017C "ż" */
    0x0, 0xf9, 0xbf, 0xf4, 0x0, 0x7f, 0xfd, 0x8c,
    0x47, 0x78, 0x7, 0xff, 0x1, 0x7b, 0xb3, 0x80,
    0x7f, 0xfc, 0xf, 0xff, 0xff, 0x87, 0x80, 0x1f,
    0xfc, 0x5f, 0x0, 0xff, 0xe2, 0x39, 0x80, 0x7f,
    0xf0, 0xca, 0x0, 0x7, 0x77, 0xf8, 0x3, 0xb8,
    0x3, 0x22, 0x7d, 0xa0, 0x19, 0xcc, 0x3, 0xfc,
    0x8c, 0x1, 0x14, 0x0, 0x7f, 0xd4, 0x1, 0xb8,
    0x3, 0xfe, 0x91, 0x0, 0x9c, 0xc0, 0x3f, 0xc8,
    0xc0, 0x11, 0x40, 0x7, 0xf8, 0x68, 0x3, 0x70,
    0x7, 0xfd, 0x62, 0x1, 0x41, 0x80, 0x7f, 0x91,
    0x40, 0x23, 0x70, 0xf, 0xf0, 0xd0, 0x6, 0xe0,
    0xf, 0xfa, 0xc4, 0x2, 0x56, 0x44, 0xf8, 0x40,
    0xa, 0xa0, 0xc, 0xb7, 0x7f, 0x98, 0x6, 0xc0,
    0x3f, 0xf8, 0x96, 0x20, 0x1f, 0xfc, 0x33, 0x50,
    0xf, 0xfe, 0x20,

    /* U+017D "Ž" */
    0x0, 0xcb, 0x11, 0x30, 0x6, 0x18, 0x8c, 0x40,
    0x1f, 0x23, 0x3b, 0xa5, 0xc0, 0x2d, 0x77, 0x88,
    0x80, 0x1f, 0xe, 0x80, 0x50, 0x81, 0x26, 0x0,
    0x3a, 0x0, 0xfe, 0x3b, 0x0, 0xae, 0x58, 0x0,
    0x5a, 0x1, 0xff, 0x24, 0x80, 0x4c, 0x0, 0x1f,
    0x10, 0xf, 0xfe, 0x3, 0x38, 0x7, 0x69, 0x0,
    0x7f, 0xf0, 0xa2, 0xe, 0xf5, 0x98, 0x7, 0xff,
    0x11, 0xe2, 0x24, 0x0, 0xff, 0xe9, 0x97, 0xff,
    0xff, 0x1e, 0x80, 0x3f, 0xf9, 0x30, 0x1, 0xff,
    0xc8, 0x62, 0x0, 0xff, 0xe3, 0x8c, 0x0, 0xd,
    0x9b, 0xfe, 0x0, 0xf4, 0x8, 0x0, 0x66, 0x7f,
    0xde, 0x1, 0xc6, 0xc0, 0x1f, 0xfc, 0x11, 0x90,
    0xe, 0xf0, 0xf, 0xfe, 0x14, 0x0, 0x72, 0x98,
    0x7, 0xff, 0x4, 0xd8, 0x3, 0xac, 0x3, 0xff,
    0x85, 0xe0, 0x1d, 0x2, 0x1, 0xff, 0xc1, 0x63,
    0x0, 0xc4, 0xe0, 0x1f, 0xfc, 0x11, 0x80, 0xe,
    0x90, 0xf, 0xfe, 0x14, 0x8, 0x6, 0x54, 0x0,
    0xff, 0xe0, 0x93, 0x0, 0x74, 0x0, 0x7f, 0xf0,
    0xb8, 0x3, 0x9c, 0x80, 0x3f, 0xf8, 0x2a, 0x60,
    0x18, 0xa0, 0x3, 0xff, 0x85, 0x60, 0x1d, 0x0,
    0x1f, 0xfc, 0x28, 0x10, 0xc, 0x8a, 0x1, 0xff,
    0xc1, 0x27, 0x0, 0xe9, 0x0, 0xff, 0xe1, 0x48,
    0x7, 0x39, 0x0, 0x7f, 0xf0, 0x55, 0x0, 0x30,
    0xc0, 0x7, 0xff, 0xa, 0x0, 0x38, 0xe6, 0x7f,
    0xe3, 0x0, 0x39, 0x0, 0x71, 0x33, 0x7f, 0xf0,
    0x0, 0xa0, 0x3, 0xff, 0x91, 0x0, 0x1f, 0xfc,
    0x82, 0x50, 0xf, 0xfe, 0x40,

    /* U+017E "ž" */
    0x0, 0xb3, 0xfe, 0x90, 0xd, 0x9f, 0xf5, 0x0,
    0x6d, 0x10, 0x3, 0x38, 0x2, 0x8c, 0x0, 0x74,
    0x1, 0x87, 0x40, 0x28, 0x47, 0x50, 0x1, 0x68,
    0x7, 0x8e, 0xc0, 0x2b, 0x80, 0x0, 0xf8, 0x80,
    0x7c, 0x92, 0x1, 0xed, 0x20, 0xf, 0xe6, 0x70,
    0xd, 0x46, 0x1, 0xff, 0x47, 0xfe, 0x50, 0xf,
    0xfe, 0xf1, 0xff, 0xff, 0xf0, 0xf0, 0x3, 0xff,
    0x8b, 0xe0, 0x1f, 0xfc, 0x47, 0x30, 0xf, 0xfe,
    0x19, 0x40, 0x0, 0xee, 0xff, 0x0, 0x77, 0x0,
    0x64, 0x4f, 0xb4, 0x3, 0x39, 0x80, 0x7f, 0x91,
    0x80, 0x22, 0x80, 0xf, 0xfa, 0x80, 0x37, 0x0,
    0x7f, 0xd2, 0x20, 0x13, 0x98, 0x7, 0xf9, 0x18,
    0x2, 0x28, 0x0, 0xff, 0xd, 0x0, 0x6e, 0x0,
    0xff, 0xac, 0x40, 0x28, 0x30, 0xf, 0xf2, 0x28,
    0x4, 0x6e, 0x1, 0xfe, 0x1a, 0x0, 0xdc, 0x1,
    0xff, 0x58, 0x80, 0x4a, 0xc8, 0x9f, 0x8, 0x1,
    0x54, 0x1, 0x96, 0xef, 0xf3, 0x0, 0xd8, 0x7,
    0xff, 0x12, 0xc4, 0x3, 0xff, 0x86, 0x6a, 0x1,
    0xff, 0xc4,

    /* U+0374 "ʹ" */
    0x0, 0xf, 0xfd, 0x20, 0x6, 0x0, 0xac, 0x1,
    0x20, 0x4, 0x20, 0x51, 0x0, 0x78, 0x2, 0x40,
    0x4, 0x80, 0x66, 0x0, 0x50, 0x2, 0x40, 0x27,
    0x0, 0x57, 0xfc, 0x1, 0x0,

    /* U+0375 "͵" */
    0x0, 0xfe, 0x1f, 0xfa, 0x0, 0x12, 0x1, 0x50,
    0x1, 0x80, 0x8, 0x40, 0xa2, 0x0, 0xf0, 0x4,
    0x80, 0x9, 0x0, 0xcc, 0x0, 0xb0, 0x4, 0x80,
    0x4c, 0x0,

    /* U+037E ";" */
    0xf, 0xfd, 0xa0, 0x1f, 0xfc, 0x71, 0x1e, 0xe,
    0xed, 0x80, 0x1f, 0xfe, 0x5e, 0xed, 0x80, 0x23,
    0xc0, 0x1f, 0xfc, 0x7f, 0xf4, 0x0, 0x77, 0x3,
    0x1, 0x33, 0x3, 0x3, 0xe4, 0x5, 0x80, 0xc5,
    0x30, 0x43, 0xb9, 0x64, 0x0,

    /* U+0384 "΄" */
    0x0, 0xff, 0x77, 0xfa, 0x80, 0xc, 0x20, 0x9,
    0x0, 0x50, 0x0, 0x8c, 0xc, 0xc0, 0xb, 0x0,
    0x48, 0x0, 0x58, 0x5, 0x40, 0xc, 0x0, 0x90,
    0xa, 0x80, 0x0,

    /* U+0385 "΅" */
    0x0, 0xff, 0xe6, 0x97, 0xfc, 0xe0, 0x1f, 0xfc,
    0xa, 0x0, 0x98, 0x3, 0x95, 0x63, 0x0, 0x9c,
    0x0, 0xa2, 0xab, 0x19, 0x55, 0x52, 0x0, 0x60,
    0xa, 0x42, 0xaa, 0xf0, 0xf, 0xac, 0x0, 0x66,
    0x0, 0xff, 0x90, 0x80, 0x12, 0x1, 0xff, 0xc0,
    0xf0, 0x0, 0xa8, 0x7, 0x80,

    /* U+0386 "Ά" */
    0x0, 0xa3, 0xfe, 0x20, 0xef, 0xff, 0x58, 0x7,
    0xfc, 0xc0, 0x4, 0x23, 0x10, 0xf, 0x20, 0x7,
    0xf9, 0x44, 0x1, 0xe1, 0x60, 0x1f, 0x94, 0x3,
    0xfa, 0x40, 0x4, 0x80, 0xa0, 0x1f, 0xbc, 0x3,
    0xf1, 0x98, 0x1, 0x60, 0x24, 0x1, 0xf9, 0x0,
    0x3f, 0x48, 0x4, 0xc0, 0xe0, 0x19, 0x88, 0x2,
    0x13, 0x0, 0xf0, 0xa8, 0x1, 0x80, 0x1a, 0x1,
    0xb5, 0x40, 0x35, 0x80, 0x78, 0x7f, 0xe9, 0x1,
    0x40, 0xc, 0x96, 0x1, 0x94, 0x3, 0xff, 0x80,
    0x80, 0x19, 0x40, 0xc4, 0x2, 0x22, 0x0, 0x7f,
    0xde, 0x1, 0xbc, 0x0, 0x80, 0x19, 0x40, 0x3f,
    0xe4, 0x0, 0xc8, 0x0, 0xf0, 0xd, 0x60, 0x1f,
    0xe4, 0x10, 0x8, 0xc4, 0x0, 0xa0, 0x18, 0xc4,
    0x3, 0xfb, 0x0, 0x35, 0x80, 0x64, 0x0, 0xc8,
    0x1, 0xfc, 0xa0, 0x19, 0x40, 0x36, 0x80, 0x6f,
    0x0, 0xfc, 0x44, 0x0, 0x88, 0x80, 0x19, 0xc0,
    0x32, 0x80, 0x7e, 0x50, 0xc, 0xa0, 0x1c, 0x26,
    0x1, 0x90, 0x3, 0xeb, 0x0, 0xcf, 0xff, 0xe3,
    0x0, 0xda, 0x1, 0xe1, 0x30, 0xf, 0xfe, 0x23,
    0x80, 0x79, 0xc0, 0x3f, 0xf8, 0xa2, 0x60, 0x1d,
    0xa0, 0x1f, 0xfc, 0x6b, 0x0, 0xe4, 0x0, 0xcc,
    0xdf, 0xca, 0x1, 0x90, 0x3, 0x20, 0x6, 0x49,
    0x9f, 0xea, 0x10, 0x8, 0xc4, 0x2, 0xd0, 0xd,
    0xa0, 0x1f, 0xe4, 0x0, 0xce, 0x1, 0x38, 0x6,
    0x40, 0xf, 0xf7, 0x80, 0x6d, 0x0, 0x18, 0x80,
    0x44, 0x40, 0xf, 0xf2, 0x80, 0x64, 0x0, 0x58,
    0x6, 0x50, 0xf, 0xfe, 0x2, 0x0, 0x65,

    /* U+0387 "·" */
    0x4, 0xbb, 0x28, 0x2d, 0xa2, 0x29, 0xa4, 0x3,
    0x58, 0x7, 0x1d, 0x80, 0x67, 0x78, 0x41, 0xa4,

    /* U+0388 "Έ" */
    0x0, 0xab, 0xfe, 0x3, 0xff, 0xff, 0xe2, 0x58,
    0x0, 0x54, 0x0, 0xc0, 0x1f, 0xfc, 0x99, 0x0,
    0xac, 0x3, 0xff, 0x92, 0xc0, 0x4, 0x20, 0xf,
    0xfe, 0x42, 0x88, 0x3, 0xc0, 0x3e, 0x26, 0x6f,
    0xfb, 0x42, 0x40, 0x4, 0x80, 0x1f, 0x34, 0xcf,
    0xfc, 0xc6, 0x60, 0x5, 0x0, 0x7f, 0xf2, 0x4f,
    0xfe, 0x70, 0xf, 0xff, 0xf8, 0x7, 0xfc, 0x9f,
    0xff, 0xd0, 0x1, 0xff, 0xff, 0x0, 0xff, 0xe3,
    0x13, 0x37, 0xf6, 0x80, 0x7f, 0xf0, 0xda, 0x67,
    0xf9, 0x40, 0x3f, 0xff, 0xe0, 0x1f, 0xff, 0xa6,
    0x99, 0xff, 0x98, 0x3, 0xff, 0x82, 0x4c, 0xdf,
    0xf6, 0x80, 0x7f, 0xff, 0xc0, 0x20,

    /* U+0389 "Ή" */
    0x0, 0xf, 0xfd, 0x21, 0x7f, 0xf8, 0x80, 0x3f,
    0xc7, 0xff, 0xa8, 0x0, 0xc0, 0x15, 0x80, 0x7f,
    0xf3, 0x64, 0x0, 0x84, 0x1, 0xff, 0xcc, 0x51,
    0x0, 0x78, 0x7, 0xff, 0x37, 0x80, 0x4, 0x80,
    0x1f, 0xfc, 0xc2, 0x40, 0x5, 0x0, 0x7f, 0xf3,
    0x6c, 0x2, 0x60, 0xf, 0xfe, 0x6c, 0xff, 0xc2,
    0x1, 0xff, 0xff, 0x0, 0xff, 0xf4, 0xef, 0xff,
    0xfb, 0x0, 0x3f, 0xff, 0xe0, 0x1f, 0xfd, 0x55,
    0x66, 0xff, 0x28, 0x7, 0xff, 0x1a, 0x26, 0x7f,
    0xe0, 0xf, 0xff, 0xf8, 0x7, 0xff, 0xfc, 0x3,
    0xff, 0xfe, 0x1, 0xff, 0xe6,

    /* U+038A "Ί" */
    0x0, 0xf, 0xfd, 0x21, 0x9f, 0xf8, 0x80, 0xc,
    0x1, 0x58, 0x7, 0xf4, 0x80, 0x10, 0x80, 0x3f,
    0x28, 0x80, 0x3c, 0x3, 0xfb, 0x80, 0x4, 0x80,
    0x1f, 0x89, 0x0, 0x14, 0x1, 0xfd, 0x60, 0x13,
    0x0, 0x7f, 0x4f, 0xfc, 0x20, 0x1f, 0xff, 0xf0,
    0xf, 0xff, 0xf8, 0x7, 0xff, 0xfc, 0x3, 0xff,
    0xb0,

    /* U+038C "Ό" */
    0x0, 0xff, 0xe1, 0x12, 0xbb, 0xcc, 0x80, 0x1f,
    0xfc, 0x1e, 0xff, 0x50, 0x6, 0x18, 0xed, 0xa8,
    0x8a, 0x6f, 0xed, 0x0, 0x3f, 0x98, 0x40, 0x12,
    0x1, 0x3f, 0x38, 0x80, 0x7e, 0x4b, 0xc2, 0x0,
    0xfa, 0xc0, 0x6, 0x60, 0x5, 0x40, 0x7, 0xff,
    0x4, 0xf5, 0x0, 0x39, 0x8, 0x1, 0x40, 0xa,
    0x50, 0xf, 0xfe, 0x25, 0x98, 0x6, 0xe0, 0x0,
    0xb0, 0x3a, 0x80, 0x72, 0x4e, 0x76, 0xdb, 0x88,
    0x7, 0x68, 0x4, 0x2a, 0x0, 0x60, 0x18, 0x0,
    0xea, 0xb6, 0x31, 0x24, 0x8f, 0x40, 0xc, 0x30,
    0x0, 0x90, 0xa, 0x82, 0x40, 0x3a, 0xd4, 0x3,
    0xe1, 0xb4, 0x0, 0xce, 0x21, 0x1f, 0xf1, 0x3,
    0x0, 0x66, 0x40, 0xf, 0xf5, 0x0, 0x73, 0x0,
    0x79, 0x4, 0x3, 0x58, 0x7, 0xfc, 0x2a, 0x1,
    0xb0, 0x3, 0xc6, 0x1, 0x88, 0x80, 0x1f, 0xfc,
    0xe, 0x0, 0xc8, 0x1, 0xed, 0x0, 0xc8, 0x1,
    0xff, 0xc1, 0x50, 0xe, 0x20, 0xe, 0x60, 0xd,
    0xc0, 0x1f, 0xfc, 0x11, 0x0, 0xe6, 0x0, 0xff,
    0x8, 0x7, 0xff, 0x8, 0x40, 0x3f, 0xfc, 0x42,
    0x1, 0xff, 0xc2, 0x10, 0xf, 0xf3, 0x0, 0x6e,
    0x0, 0xff, 0xe0, 0x88, 0x7, 0x30, 0x7, 0x68,
    0x6, 0x50, 0xf, 0xfe, 0xa, 0x0, 0x71, 0x0,
    0x71, 0x80, 0x63, 0x20, 0xf, 0xfe, 0x7, 0x80,
    0x64, 0x0, 0xf2, 0x8, 0x6, 0xb0, 0xf, 0xf8,
    0x94, 0x3, 0x60, 0x7, 0xcc, 0x1, 0x99, 0x0,
    0x3f, 0xdc, 0x1, 0xcc, 0x1, 0xf4, 0x80, 0x75,
    0xa8, 0x7, 0xc3, 0x66, 0x1, 0x9c, 0x40, 0x3e,
    0x18, 0x0, 0xea, 0xc6, 0x32, 0x22, 0x4f, 0x20,
    0x6, 0x18, 0x0, 0xfe, 0x75, 0x0, 0xe3, 0x9c,
    0xdd, 0x5b, 0x0, 0x7b, 0x40, 0x3f, 0xea, 0x50,
    0xf, 0xfe, 0x25, 0x98, 0x7, 0xff, 0x2, 0xa0,
    0x3, 0xff, 0x82, 0x7a, 0x80, 0x1f, 0xfc, 0x27,
    0xe7, 0x10, 0xf, 0xc9, 0x78, 0x40, 0x1f, 0xfc,
    0x41, 0x8e, 0xda, 0x88, 0xa6, 0xfe, 0xd0, 0x3,
    0xe0,

    /* U+038E "Ύ" */
    0x0, 0xab, 0xfe, 0x4, 0xff, 0xe6, 0x0, 0xff,
    0x77, 0xfe, 0xd0, 0x8, 0x54, 0x0, 0xc0, 0x88,
    0x0, 0xd0, 0x20, 0x1f, 0x9c, 0x40, 0x37, 0x0,
    0x52, 0x1, 0x58, 0x2, 0x40, 0x30, 0xc0, 0x7,
    0xc3, 0x0, 0x19, 0x4c, 0x2, 0x60, 0x2, 0x10,
    0x0, 0x98, 0x3, 0x31, 0x0, 0x7a, 0xc0, 0x3a,
    0x0, 0x25, 0x10, 0x7, 0x80, 0x68, 0x10, 0xd,
    0x20, 0x1c, 0x6a, 0x1, 0x9c, 0x80, 0x29, 0x0,
    0x12, 0x0, 0x61, 0x80, 0xc, 0x88, 0x0, 0xde,
    0x1, 0x86, 0x0, 0x23, 0x30, 0x2, 0x80, 0x3c,
    0xc4, 0x1, 0xa4, 0x2, 0x53, 0x0, 0xd6, 0x1,
    0x8f, 0xfe, 0x70, 0xf, 0xa4, 0x3, 0x13, 0x80,
    0x2c, 0x3, 0x1a, 0x80, 0x7f, 0xf1, 0x11, 0x0,
    0x1a, 0x6, 0x4, 0x3, 0x78, 0x7, 0xff, 0x1a,
    0x40, 0x3a, 0x9c, 0x3, 0x29, 0x80, 0x7f, 0xf1,
    0x89, 0xc0, 0x32, 0x0, 0x75, 0x80, 0x7f, 0xf2,
    0x20, 0x40, 0x3f, 0x40, 0x80, 0x7f, 0xf2, 0x60,
    0x3, 0xe1, 0x70, 0xf, 0xfe, 0x53, 0x18, 0x7,
    0xac, 0x3, 0xff, 0x99, 0xe0, 0x1c, 0x6a, 0x1,
    0xff, 0xcc, 0x33, 0x0, 0x68, 0x0, 0xff, 0xe7,
    0x38, 0x7, 0xff, 0xfc, 0x3, 0xff, 0xfe, 0x1,
    0xff, 0xff, 0x0, 0xff, 0xff, 0x80, 0x0,

    /* U+038F "Ώ" */
    0x0, 0xff, 0xe1, 0xa3, 0x3b, 0x99, 0x4, 0x3,
    0xff, 0x81, 0x5f, 0xf0, 0x7, 0x25, 0xfd, 0xcc,
    0x42, 0x6f, 0xb1, 0x80, 0x3f, 0x85, 0x40, 0xc,
    0x1, 0x15, 0xd9, 0x0, 0x3f, 0x1c, 0xf2, 0x0,
    0x7d, 0x20, 0x15, 0x80, 0x13, 0x50, 0x3, 0xff,
    0x80, 0x37, 0x0, 0x1e, 0x60, 0x2, 0x10, 0x25,
    0x80, 0x7f, 0xf1, 0x1e, 0x0, 0x32, 0x88, 0x3,
    0xc0, 0x68, 0x3, 0xcd, 0x7b, 0xac, 0x71, 0x0,
    0xe7, 0x50, 0xa, 0x40, 0x4, 0x81, 0x62, 0x1,
    0x8b, 0x65, 0x8, 0x87, 0x1c, 0xa0, 0x1d, 0x60,
    0x3, 0x30, 0x2, 0x80, 0xd4, 0x3, 0x16, 0x10,
    0x7, 0xd4, 0xc0, 0x18, 0x5c, 0xf, 0xfe, 0x70,
    0xa0, 0xe, 0xf1, 0x0, 0xfe, 0x92, 0x0, 0xd2,
    0x1, 0xf3, 0x80, 0x65, 0x20, 0xf, 0xfa, 0x0,
    0x30, 0x98, 0x7, 0x10, 0x80, 0x6e, 0x0, 0xff,
    0xe0, 0x28, 0x7, 0x20, 0x7, 0x38, 0x7, 0x20,
    0x7, 0xff, 0x5, 0x0, 0x37, 0x0, 0x71, 0x80,
    0x62, 0x0, 0xff, 0xe1, 0x18, 0x6, 0x30, 0xf,
    0xf0, 0x80, 0x7f, 0xf0, 0xbc, 0x3, 0x8, 0x7,
    0x18, 0x7, 0xff, 0x30, 0x40, 0x39, 0x80, 0x31,
    0x0, 0x7f, 0xf0, 0xb8, 0x3, 0x10, 0x7, 0x18,
    0x6, 0x10, 0xf, 0xfe, 0x11, 0x0, 0x6d, 0x0,
    0xf1, 0x80, 0x65, 0x0, 0xff, 0xe0, 0xa0, 0x6,
    0x40, 0xf, 0x50, 0x6, 0xe0, 0xf, 0xfe, 0x3,
    0x0, 0x64, 0x10, 0xf, 0x30, 0x80, 0x48, 0x80,
    0xf, 0xfa, 0x0, 0x34, 0x0, 0x7e, 0xb0, 0xd,
    0x42, 0x1, 0xfd, 0x42, 0x1, 0x31, 0x80, 0x7e,
    0x56, 0x0, 0x87, 0x8, 0x3, 0xe9, 0x50, 0x8,
    0xa4, 0x3, 0xf4, 0xc8, 0x3, 0x8b, 0x4c, 0x3,
    0xad, 0x80, 0x33, 0xcc, 0x8c, 0x3, 0x85, 0x9a,
    0x0, 0xf3, 0x80, 0x72, 0x80, 0x72, 0xb3, 0x40,
    0x1f, 0xff, 0xf0, 0xf, 0xfe, 0x30,

    /* U+0390 "ΐ" */
    0x0, 0xfc, 0x97, 0x71, 0x0, 0x7f, 0xf0, 0x21,
    0x10, 0xc4, 0x1, 0xff, 0x19, 0x80, 0x16, 0x1,
    0xd1, 0xff, 0x20, 0x2, 0x40, 0x26, 0x67, 0xfc,
    0xc0, 0x1e, 0x15, 0x0, 0x30, 0x7, 0xff, 0x1,
    0x80, 0x2b, 0x0, 0xff, 0xe0, 0x48, 0x1, 0x8,
    0x3, 0xd5, 0x59, 0x46, 0xea, 0x92, 0x0, 0x4a,
    0xa9, 0x9, 0x56, 0x11, 0x2a, 0xc4, 0x0, 0x25,
    0x58, 0x80, 0x3f, 0xf9, 0x51, 0xff, 0x94, 0x3,
    0xff, 0xfe, 0x1, 0xff, 0xff, 0x0, 0xff, 0xf4,
    0x98, 0x7, 0xff, 0x10, 0x40, 0x3f, 0xef, 0x0,
    0xd2, 0x40, 0x1f, 0xe2, 0x0, 0xc3, 0xb9, 0x77,
    0x0, 0x79, 0x44, 0x3, 0x8d, 0x12, 0x0, 0xfa,
    0x80, 0x3f, 0xf8, 0x89, 0x64, 0x1, 0xff, 0xc3,
    0x4d, 0xd4, 0xc3, 0xba, 0x28, 0x0,

    /* U+0391 "Α" */
    0x0, 0xfd, 0x1f, 0xff, 0x8, 0x7, 0xff, 0xd,
    0x40, 0x3e, 0x70, 0xf, 0xfe, 0x10, 0x90, 0x7,
    0xda, 0x1, 0xff, 0xc2, 0x70, 0xf, 0xc8, 0x1,
    0xff, 0xc2, 0xd0, 0xf, 0xe5, 0x0, 0xff, 0xe0,
    0xa, 0x0, 0x67, 0x0, 0xde, 0x1, 0xff, 0xc0,
    0x40, 0xc, 0xb4, 0x1, 0x90, 0x3, 0xff, 0x81,
    0xe0, 0x1b, 0xc8, 0x80, 0x10, 0x98, 0x7, 0xfc,
    0x80, 0x19, 0x1, 0x0, 0x35, 0x80, 0x7f, 0x90,
    0x40, 0x23, 0x10, 0xd0, 0xc, 0xa0, 0x1f, 0xec,
    0x0, 0xd6, 0x0, 0x41, 0x0, 0x88, 0x80, 0x1f,
    0xca, 0x1, 0x94, 0x2, 0x40, 0xc, 0xa0, 0x1f,
    0x88, 0x80, 0x11, 0x10, 0x2, 0xf0, 0xd, 0x60,
    0x1f, 0x94, 0x3, 0x28, 0x6, 0x50, 0xc, 0x62,
    0x1, 0xf5, 0x80, 0x6b, 0x0, 0xe4, 0x0, 0xc8,
    0x1, 0xe1, 0x30, 0x8, 0x4c, 0x3, 0xb4, 0x3,
    0x78, 0x7, 0x9c, 0x3, 0xf, 0xff, 0xa4, 0x3,
    0x28, 0x7, 0xb4, 0x3, 0xff, 0x8a, 0x80, 0x1c,
    0x80, 0x1f, 0xfc, 0x5d, 0x0, 0xc8, 0x1, 0xff,
    0xc6, 0x70, 0xd, 0xa0, 0x19, 0x19, 0xbf, 0x84,
    0x2, 0x13, 0x0, 0x9c, 0x3, 0x4c, 0xff, 0x98,
    0x3, 0x58, 0x0, 0xc4, 0x2, 0x22, 0x0, 0x7f,
    0x60, 0x6, 0x40, 0x5, 0x80, 0x65, 0x0, 0xff,
    0x20, 0x80, 0x46, 0x20, 0xa0, 0x1a, 0xc0, 0x3f,
    0xe4, 0x0, 0xce, 0x44, 0x0, 0x84, 0xc0, 0x3f,
    0xef, 0x0, 0xda,

    /* U+0392 "Β" */
    0x7f, 0xff, 0xfb, 0xa9, 0x40, 0x3f, 0xf8, 0xa2,
    0xb5, 0x82, 0x1, 0xff, 0xc6, 0x3f, 0x10, 0xf,
    0xfe, 0x30, 0xd8, 0x7, 0xc6, 0xcd, 0xca, 0x1,
    0xca, 0x40, 0x1e, 0xb9, 0x9e, 0xae, 0x10, 0xc,
    0xa0, 0x1f, 0xfc, 0x11, 0x80, 0xd, 0xc0, 0x1f,
    0xfc, 0x23, 0x0, 0xc6, 0x1, 0xff, 0xc2, 0xd0,
    0xc, 0x40, 0x1f, 0xfc, 0x1, 0x67, 0x0, 0xd8,
    0x1, 0xe8, 0xff, 0xee, 0x90, 0xc, 0x48, 0x1,
    0xff, 0xc5, 0x1f, 0x0, 0xff, 0xe3, 0x10, 0x7,
    0xff, 0x1c, 0xf4, 0xc0, 0x3c, 0x6c, 0xde, 0x40,
    0xe, 0xe0, 0xf, 0x5c, 0xcf, 0xaf, 0x44, 0x2,
    0x26, 0x0, 0xff, 0xe0, 0x95, 0x80, 0x6d, 0x0,
    0xff, 0xe1, 0x20, 0x6, 0x60, 0xf, 0xfe, 0x11,
    0x80, 0x7f, 0xf1, 0xd0, 0x3, 0x8, 0x7, 0xff,
    0x4, 0xe4, 0x3, 0x28, 0x7, 0x5c, 0xcf, 0xb3,
    0x0, 0x1d, 0xa0, 0x1c, 0x6c, 0xde, 0x30, 0xe,
    0x34, 0x0, 0xff, 0xe3, 0x70, 0x7, 0xff, 0x14,
    0xb0, 0x80, 0x3f, 0xf8, 0x42, 0x93, 0xa6, 0x0,

    /* U+0393 "Γ" */
    0x7f, 0xff, 0xfe, 0x23, 0x80, 0x7f, 0xfb, 0xcd,
    0x9b, 0xfe, 0x30, 0xe, 0xa9, 0x9f, 0xf9, 0x0,
    0x3f, 0xff, 0xe0, 0x1f, 0xff, 0xf0, 0xf, 0xff,
    0xf8, 0x7, 0xff, 0xfc, 0x3, 0xff, 0xe0,

    /* U+0394 "Δ" */
    0x0, 0xfd, 0x1f, 0xff, 0x8, 0x7, 0xff, 0xd,
    0x40, 0x3e, 0x70, 0xf, 0xfe, 0x10, 0x90, 0x7,
    0xda, 0x1, 0xff, 0xc2, 0x70, 0xf, 0xc8, 0x1,
    0xff, 0xc2, 0xd0, 0xf, 0xe5, 0x0, 0xff, 0xe0,
    0xa, 0x0, 0x67, 0x0, 0xde, 0x1, 0xff, 0xc0,
    0x40, 0xc, 0xb6, 0x1, 0x90, 0x3, 0xff, 0x81,
    0xe0, 0x1b, 0xcc, 0x40, 0x21, 0x30, 0xf, 0xf9,
    0x0, 0x32, 0x3, 0x80, 0x6b, 0x0, 0xff, 0x20,
    0x80, 0x46, 0x21, 0xa0, 0x19, 0x40, 0x3f, 0xd8,
    0x1, 0xac, 0x0, 0x80, 0x18, 0x88, 0x1, 0xfc,
    0xa0, 0x19, 0x40, 0x25, 0x0, 0xca, 0x1, 0xf8,
    0x88, 0x1, 0x11, 0x0, 0x2f, 0x0, 0xd6, 0x1,
    0xf9, 0x40, 0x32, 0x80, 0x65, 0x0, 0xc6, 0x20,
    0x1f, 0x58, 0x6, 0xb0, 0xe, 0x40, 0xc, 0x80,
    0x1e, 0x13, 0x0, 0x84, 0xc0, 0x3b, 0x40, 0x37,
    0x80, 0x79, 0xc0, 0x32, 0x0, 0x79, 0xc0, 0x32,
    0x80, 0x7b, 0x40, 0x37, 0x80, 0x78, 0x4c, 0x3,
    0x20, 0x7, 0x20, 0x6, 0x40, 0xf, 0xac, 0x3,
    0x68, 0x6, 0x40, 0xc, 0x82, 0x1, 0xf2, 0x80,
    0x67, 0x0, 0xda, 0x1, 0xb4, 0x3, 0xf1, 0x10,
    0x2, 0x13, 0x0, 0x9c, 0x3, 0x64, 0xcf, 0xf0,
    0x7, 0x58, 0x0, 0xc4, 0x3, 0x2b, 0x37, 0xf1,
    0x0, 0x64, 0x0, 0x58, 0x7, 0xff, 0x20, 0xc4,
    0x14, 0x3, 0xff, 0x92, 0xe4, 0x40, 0xf, 0xfe,
    0x4e, 0x80,

    /* U+0395 "Ε" */
    0x7f, 0xff, 0xfe, 0x23, 0x80, 0x7f, 0xfb, 0xcd,
    0x9b, 0xfe, 0x30, 0xe, 0xa9, 0x9f, 0xf9, 0x0,
    0x3f, 0xff, 0xe0, 0x9, 0xff, 0xfe, 0x40, 0xf,
    0xff, 0x89, 0xb3, 0x7f, 0x80, 0x3e, 0xa9, 0x9f,
    0xe2, 0x0, 0xff, 0xff, 0x80, 0x7f, 0xf2, 0xaa,
    0x67, 0xfe, 0x40, 0xe, 0x36, 0x6f, 0xf8, 0xc0,
    0x3f, 0xfd, 0x40,

    /* U+0396 "Ζ" */
    0x2, 0xff, 0xff, 0xe3, 0xd0, 0x7, 0xff, 0x26,
    0x0, 0x3f, 0xf9, 0xc, 0x40, 0x1f, 0xfc, 0x71,
    0x80, 0x1, 0xb3, 0x7f, 0xc0, 0x1e, 0x81, 0x0,
    0xc, 0xcf, 0xfb, 0xc0, 0x38, 0xd8, 0x3, 0xff,
    0x82, 0x32, 0x1, 0xde, 0x1, 0xff, 0xc2, 0x80,
    0xe, 0x53, 0x0, 0xff, 0xe0, 0x9b, 0x0, 0x75,
    0x80, 0x7f, 0xf0, 0xbc, 0x3, 0xa0, 0x40, 0x3f,
    0xf8, 0x2c, 0x60, 0x18, 0x9c, 0x3, 0xff, 0x82,
    0x30, 0x1, 0xd2, 0x1, 0xff, 0xc2, 0x81, 0x0,
    0xca, 0x80, 0x1f, 0xfc, 0x12, 0x60, 0xe, 0x80,
    0xf, 0xfe, 0x17, 0x0, 0x73, 0x90, 0x7, 0xff,
    0x5, 0x4c, 0x3, 0x14, 0x0, 0x7f, 0xf0, 0xac,
    0x3, 0xa0, 0x3, 0xff, 0x85, 0x2, 0x1, 0x91,
    0x40, 0x3f, 0xf8, 0x24, 0xe0, 0x1d, 0x20, 0x1f,
    0xfc, 0x29, 0x0, 0xe7, 0x20, 0xf, 0xfe, 0xa,
    0xa0, 0x6, 0x18, 0x0, 0xff, 0xe1, 0x40, 0x7,
    0x1c, 0xcf, 0xfc, 0x60, 0x7, 0x20, 0xe, 0x26,
    0x6f, 0xfe, 0x0, 0x14, 0x0, 0x7f, 0xf2, 0x20,
    0x3, 0xff, 0x90, 0x4a, 0x1, 0xff, 0xc8,

    /* U+0397 "Η" */
    0x7f, 0xfc, 0xc0, 0x1f, 0xf7, 0xfe, 0xe0, 0xf,
    0xff, 0xf8, 0x7, 0xff, 0xfc, 0x3, 0xff, 0xff,
    0x3f, 0xff, 0xf0, 0x7, 0xff, 0xfc, 0xd, 0x9b,
    0xfe, 0x0, 0xff, 0x54, 0xcf, 0xfc, 0x1, 0xff,
    0xff, 0x0, 0xff, 0xff, 0x80, 0x7f, 0xfa, 0x40,

    /* U+0398 "Θ" */
    0x0, 0xfe, 0x25, 0x77, 0x98, 0xc0, 0x3f, 0xf8,
    0x85, 0x3d, 0xb5, 0x11, 0x4e, 0x7d, 0x20, 0x7,
    0xff, 0x2, 0x35, 0x84, 0x3, 0xf2, 0xdd, 0x84,
    0x3, 0xfa, 0xdc, 0x3, 0xff, 0x82, 0x9e, 0x60,
    0x1f, 0x62, 0x0, 0x7f, 0xf0, 0xc7, 0x48, 0x3,
    0xa0, 0xc0, 0x39, 0x2b, 0x7b, 0x6d, 0x80, 0x38,
    0x7c, 0x3, 0x13, 0x80, 0x61, 0xbb, 0x29, 0x9,
    0x24, 0xf1, 0x80, 0x62, 0x70, 0xa, 0x0, 0x3b,
    0x50, 0x3, 0xe1, 0xc2, 0x0, 0xd2, 0x0, 0x15,
    0x0, 0xd0, 0x60, 0x1f, 0xee, 0x0, 0xc2, 0xa0,
    0x80, 0x1c, 0xc0, 0x1f, 0xf1, 0xa0, 0x6, 0xf0,
    0xc0, 0xc, 0x82, 0x1, 0xff, 0xc0, 0xd0, 0xc,
    0x80, 0xa0, 0x1b, 0x0, 0x3f, 0xf8, 0x28, 0x1,
    0x84, 0x4, 0x3, 0x10, 0x27, 0xff, 0xf4, 0x1,
    0x0, 0x71, 0x18, 0x6, 0x10, 0xf, 0xfe, 0x38,
    0x80, 0x7f, 0xf3, 0x8c, 0x3, 0x8, 0x39, 0x9f,
    0xf7, 0x0, 0x7c, 0x22, 0x0, 0xc4, 0x7, 0x99,
    0xfc, 0xc0, 0x60, 0x1c, 0x4a, 0x1, 0xb0, 0x3,
    0xff, 0x82, 0xa0, 0x18, 0x43, 0x0, 0x32, 0x0,
    0x7f, 0xf0, 0x74, 0x3, 0x20, 0x20, 0x7, 0x38,
    0x7, 0xfc, 0x68, 0x1, 0xbc, 0x5, 0x40, 0x34,
    0x18, 0x7, 0xfb, 0x80, 0x30, 0xa8, 0x2, 0x0,
    0x3b, 0x50, 0x3, 0xe2, 0xc2, 0x0, 0xd2, 0x1,
    0x13, 0x80, 0x61, 0xbb, 0x31, 0x91, 0x16, 0x74,
    0xc0, 0x31, 0x38, 0x6, 0x83, 0x0, 0xe4, 0x9c,
    0xdd, 0x53, 0x0, 0x70, 0xf8, 0x7, 0xb1, 0x0,
    0x3f, 0xf8, 0x63, 0xa4, 0x1, 0xf5, 0xb8, 0x7,
    0xff, 0x5, 0x3c, 0xc0, 0x3f, 0xa3, 0x58, 0x40,
    0x3f, 0x25, 0xd8, 0x40, 0x3f, 0xe2, 0x9e, 0xda,
    0x88, 0xa7, 0x3e, 0xd0, 0x3, 0xe0,

    /* U+0399 "Ι" */
    0x2f, 0xfd, 0x80, 0x1f, 0xff, 0xf0, 0xf, 0xff,
    0xf8,

    /* U+039A "Κ" */
    0x7f, 0xfc, 0xc0, 0x1f, 0x8b, 0xff, 0xb0, 0x3,
    0xff, 0x84, 0x3e, 0x1, 0x87, 0x40, 0x3f, 0xf8,
    0x5a, 0x40, 0x1b, 0x44, 0x3, 0xff, 0x83, 0x26,
    0x1, 0xac, 0xc0, 0x3f, 0xf8, 0x2c, 0xc0, 0xd,
    0x8, 0x1, 0xff, 0xc1, 0x49, 0x0, 0xcc, 0xe0,
    0x1f, 0xfc, 0x12, 0xa0, 0xc, 0x92, 0x1, 0xff,
    0xc2, 0xf1, 0x0, 0x8a, 0x80, 0x3f, 0xf8, 0x56,
    0x40, 0x10, 0xf8, 0x80, 0x7f, 0xf0, 0x61, 0x0,
    0x36, 0x90, 0x7, 0xff, 0x5, 0x5c, 0x3, 0x49,
    0x80, 0x7f, 0xf0, 0x72, 0x80, 0x33, 0xb0, 0x7,
    0xff, 0x9, 0x40, 0x32, 0x40, 0x7, 0xff, 0x21,
    0x44, 0x3, 0xff, 0x86, 0x80, 0x18, 0x70, 0x40,
    0x3f, 0xf8, 0x5b, 0x20, 0x18, 0xa8, 0x3, 0xff,
    0x86, 0xce, 0x1, 0x92, 0x80, 0x3f, 0xf8, 0x70,
    0xa0, 0x19, 0x60, 0x3, 0xff, 0x87, 0x46, 0x1,
    0x9d, 0x80, 0x3f, 0xf8, 0x7a, 0x40, 0x1a, 0x50,
    0x3, 0xff, 0x84, 0x3e, 0x20, 0x1a, 0xcc, 0x3,
    0xff, 0x84, 0x5a, 0x1, 0xda, 0x20, 0x1f, 0xfc,
    0x23, 0xb0, 0xc, 0x38, 0x1, 0xff, 0xc3, 0x49,
    0x0, 0xc5, 0x60, 0x1f, 0xfc, 0x36, 0x60, 0x6,
    0x4a, 0x0, 0xff, 0xe1, 0xca, 0x80, 0x65, 0x80,

    /* U+039B "Λ" */
    0x0, 0xf8, 0x7f, 0xfe, 0x80, 0xf, 0xfe, 0x1a,
    0x0, 0x7c, 0xa0, 0x1f, 0xfc, 0x3f, 0x0, 0xf8,
    0x88, 0x1, 0xff, 0xc2, 0x50, 0xf, 0xca, 0x1,
    0xff, 0xc1, 0x40, 0xf, 0xeb, 0x0, 0xff, 0xe0,
    0xe8, 0x6, 0x80, 0xc, 0x62, 0x1, 0xff, 0xc0,
    0x70, 0xc, 0xa8, 0x1, 0x9c, 0x3, 0xfe, 0x31,
    0x0, 0x88, 0x9a, 0x1, 0xb4, 0x3, 0xfe, 0x40,
    0xc, 0xa0, 0xe0, 0x19, 0x0, 0x3f, 0xeb, 0x0,
    0xd6, 0x2, 0x60, 0x19, 0x0, 0x3f, 0x84, 0xc0,
    0x21, 0x30, 0x5, 0x80, 0x6d, 0x0, 0xfe, 0x70,
    0xc, 0xe0, 0x12, 0x80, 0x67, 0x0, 0xfe, 0xd0,
    0xd, 0x80, 0x11, 0x10, 0x2, 0x13, 0x0, 0xfc,
    0x80, 0x19, 0x40, 0x32, 0x0, 0x6b, 0x0, 0xf9,
    0x40, 0x32, 0x0, 0x76, 0x80, 0x65, 0x0, 0xfb,
    0x0, 0x36, 0x80, 0x72, 0x8, 0x4, 0x44, 0x0,
    0xf3, 0x80, 0x67, 0x0, 0xf2, 0x0, 0x64, 0x0,
    0xe3, 0x10, 0x8, 0xc4, 0x3, 0xde, 0x1, 0xb4,
    0x3, 0xac, 0x3, 0x58, 0x7, 0xca, 0x1, 0x90,
    0x40, 0x32, 0x80, 0x64, 0x0, 0xfc, 0x80, 0x19,
    0x0, 0x22, 0x20, 0x4, 0x26, 0x1, 0xfb, 0x40,
    0x37, 0x80, 0x4a, 0x1, 0x9c, 0x3, 0xf9, 0xc0,
    0x32, 0x80, 0x56, 0x1, 0xb4, 0x3, 0xf8, 0x4c,
    0x3, 0x20, 0x9, 0x80, 0x64, 0x0, 0xff, 0x58,
    0x6, 0xd0, 0x40, 0xc, 0xa0, 0x1f, 0xf2, 0x80,
    0x64, 0xf, 0x0, 0xde, 0x1, 0xff, 0x11, 0x0,
    0x22, 0x20,

    /* U+039C "Μ" */
    0x7f, 0xfc, 0x40, 0x1f, 0xfc, 0x33, 0xff, 0xce,
    0x1, 0xd0, 0x1, 0xff, 0xc3, 0x80, 0xf, 0xf2,
    0x90, 0x7, 0xff, 0x4, 0xd0, 0x3, 0xfe, 0x80,
    0xf, 0xfe, 0xc, 0x0, 0x7f, 0xf0, 0x14, 0x80,
    0x3f, 0xe3, 0x40, 0xf, 0xfe, 0xc, 0x0, 0x7f,
    0xd0, 0x1, 0xff, 0xc2, 0x52, 0x0, 0xfe, 0x24,
    0x0, 0xff, 0xe1, 0xc0, 0x7, 0xf4, 0x0, 0x7f,
    0xf1, 0x14, 0x80, 0x3e, 0x25, 0x0, 0xff, 0xe2,
    0xc0, 0x7, 0xd0, 0x1, 0xff, 0xc2, 0x10, 0x9,
    0x48, 0x3, 0x89, 0x40, 0x21, 0x0, 0xff, 0x30,
    0x6, 0x80, 0xe, 0x80, 0xc, 0xc0, 0x1f, 0xea,
    0x10, 0x9, 0x48, 0x2, 0x25, 0x0, 0x8a, 0x80,
    0x3f, 0xc7, 0x20, 0x1a, 0xc0, 0x28, 0x0, 0xd6,
    0x1, 0xff, 0xc0, 0x71, 0x0, 0x98, 0x80, 0x94,
    0x2, 0x16, 0x0, 0xff, 0xe0, 0xc8, 0x6, 0xb0,
    0x80, 0xd, 0x0, 0x1f, 0xfc, 0x27, 0x10, 0x9,
    0x91, 0x40, 0x21, 0x60, 0xf, 0xfe, 0x1b, 0x0,
    0x6b, 0x0, 0xd2, 0x1, 0xff, 0xc4, 0x90, 0xf,
    0xc2, 0xe0, 0x1f, 0xfc, 0x41, 0x70, 0xf, 0xa4,
    0x3, 0xff, 0x8d, 0x20, 0x1f, 0x30, 0x7, 0xff,
    0x18, 0x58, 0x3, 0x9c, 0x40, 0x3f, 0xf8, 0xf0,
    0x1, 0xd2, 0x1, 0xff, 0xc8, 0x16, 0x0, 0x9c,
    0x40, 0x3f, 0xf9, 0x36, 0x1, 0x48, 0x7, 0xff,
    0x28, 0x94, 0x18, 0x40, 0x3f, 0xe0,

    /* U+039D "Ν" */
    0x7f, 0xfd, 0x80, 0x1f, 0xe4, 0xff, 0xd6, 0x1,
    0xc6, 0xe0, 0x1f, 0xfc, 0x98, 0x20, 0xf, 0xfe,
    0x4f, 0x0, 0x7f, 0xf2, 0x4d, 0x80, 0x3f, 0xf9,
    0x32, 0x20, 0x1f, 0xfc, 0x9a, 0x0, 0xff, 0xe4,
    0xa2, 0x80, 0x7f, 0xf2, 0x6c, 0x40, 0x3f, 0xf8,
    0x6e, 0x20, 0x10, 0xd8, 0x7, 0xff, 0xf, 0xec,
    0x3, 0x2a, 0x80, 0x3f, 0xf8, 0x6a, 0xa0, 0xd,
    0x62, 0x1, 0xff, 0xc3, 0xb1, 0x0, 0x86, 0x0,
    0x3f, 0xf8, 0x63, 0x0, 0x19, 0x90, 0x3, 0xff,
    0x86, 0xc8, 0x1, 0xa4, 0x3, 0xff, 0x89, 0x20,
    0x18, 0xa4, 0x3, 0xff, 0x86, 0x52, 0x1, 0x98,
    0xc0, 0x3f, 0xf8, 0x6c, 0x60, 0x1a, 0x0, 0x3f,
    0xf8, 0x9c, 0x1, 0xff, 0xc9, 0x28, 0x0, 0xff,
    0xe4, 0xb9, 0x80, 0x7f, 0xf2, 0x7c, 0x3, 0xff,
    0x92, 0x6e, 0x1, 0xff, 0xc9, 0x82, 0x0, 0xff,
    0xe4, 0xf0, 0x7, 0xff, 0x24, 0xd8, 0x3, 0x80,

    /* U+039E "Ξ" */
    0x7f, 0xff, 0xfe, 0x47, 0x0, 0x7f, 0xfd, 0x8d,
    0x9b, 0xff, 0x92, 0x93, 0x3f, 0xfc, 0x88, 0x0,
    0xff, 0xff, 0x80, 0x7f, 0xf6, 0x6f, 0xff, 0xff,
    0x8a, 0x20, 0x1f, 0xff, 0x9d, 0x66, 0xff, 0xe2,
    0x80, 0x66, 0x99, 0xff, 0xe2, 0x88, 0x7, 0xff,
    0xfc, 0x3, 0xff, 0x84, 0x93, 0x3f, 0xfc, 0x88,
    0x36, 0x6f, 0xfe, 0x48, 0x7, 0xff, 0xd8,

    /* U+039F "Ο" */
    0x0, 0xfe, 0x25, 0x77, 0x98, 0xc0, 0x3f, 0xf8,
    0x85, 0x3d, 0xb5, 0x11, 0x4e, 0x7d, 0x20, 0x7,
    0xff, 0x2, 0x35, 0x84, 0x3, 0xf2, 0xdd, 0x84,
    0x3, 0xfa, 0xdc, 0x3, 0xff, 0x82, 0x9e, 0x60,
    0x1f, 0x62, 0x0, 0x7f, 0xf0, 0xc7, 0x48, 0x3,
    0xa0, 0xc0, 0x39, 0x2b, 0x7b, 0x6d, 0x80, 0x38,
    0x7c, 0x3, 0x13, 0x80, 0x61, 0xbb, 0x29, 0x9,
    0x24, 0xf1, 0x80, 0x62, 0x70, 0xa, 0x0, 0x3b,
    0x50, 0x3, 0xe1, 0xc2, 0x0, 0xd2, 0x0, 0x15,
    0x0, 0xd0, 0x60, 0x1f, 0xee, 0x0, 0xc2, 0xa0,
    0x80, 0x1c, 0xc0, 0x1f, 0xf1, 0xa0, 0x6, 0xf0,
    0xc0, 0xc, 0x82, 0x1, 0xff, 0xc0, 0xd0, 0xc,
    0x80, 0xa0, 0x1b, 0x0, 0x3f, 0xf8, 0x28, 0x1,
    0x84, 0x4, 0x3, 0x10, 0x7, 0xff, 0x4, 0x80,
    0x38, 0x8c, 0x3, 0x8, 0x7, 0xff, 0x1c, 0x40,
    0x3f, 0xf9, 0xc6, 0x1, 0x84, 0x3, 0xff, 0x8e,
    0x22, 0x0, 0xc4, 0x1, 0xff, 0xc1, 0x30, 0xe,
    0x25, 0x0, 0xd8, 0x1, 0xff, 0xc1, 0x50, 0xc,
    0x21, 0x80, 0x19, 0x0, 0x3f, 0xf8, 0x3a, 0x1,
    0x90, 0x10, 0x3, 0x9c, 0x3, 0xfe, 0x34, 0x0,
    0xde, 0x2, 0xa0, 0x1a, 0xc, 0x3, 0xfd, 0xc0,
    0x18, 0x54, 0x1, 0x0, 0x1d, 0xa8, 0x1, 0xf1,
    0x61, 0x0, 0x69, 0x0, 0x89, 0xc0, 0x30, 0xdd,
    0x98, 0xc8, 0x8b, 0x3a, 0x60, 0x18, 0x9c, 0x3,
    0x41, 0x80, 0x72, 0x4e, 0x6e, 0xa9, 0x80, 0x38,
    0x7c, 0x3, 0xd8, 0x80, 0x1f, 0xfc, 0x31, 0xd2,
    0x0, 0xfa, 0xdc, 0x3, 0xff, 0x82, 0x9e, 0x60,
    0x1f, 0xd1, 0xac, 0x20, 0x1f, 0x92, 0xec, 0x20,
    0x1f, 0xf1, 0x4f, 0x6d, 0x44, 0x53, 0x9f, 0x68,
    0x1, 0xf0,

    /* U+03A0 "Π" */
    0x7f, 0xff, 0xfe, 0x47, 0x0, 0x7f, 0xfe, 0xcd,
    0x9b, 0xfe, 0x0, 0xff, 0x54, 0xcf, 0xfc, 0x1,
    0xff, 0xff, 0x0, 0xff, 0xff, 0x80, 0x7f, 0xff,
    0xc0, 0x3f, 0xff, 0xe0, 0x1f, 0xff, 0xf0, 0xf,
    0xff, 0xd0,

    /* U+03A1 "Ρ" */
    0x7f, 0xff, 0xfe, 0x7, 0x5b, 0x0, 0x7f, 0xf1,
    0x85, 0x27, 0x90, 0x3, 0xff, 0x8e, 0x36, 0xa0,
    0x1f, 0xfc, 0x8a, 0x10, 0xf, 0x23, 0xbf, 0x94,
    0x40, 0x3a, 0x0, 0x3d, 0xb1, 0x1e, 0xae, 0x40,
    0xc, 0xe0, 0x1f, 0xfc, 0x3a, 0x0, 0xc2, 0x40,
    0x1f, 0xfc, 0x21, 0x40, 0xc, 0xc0, 0x1f, 0xfc,
    0x31, 0x0, 0xff, 0xe4, 0x8, 0x7, 0xff, 0x1c,
    0x50, 0x3, 0x30, 0x7, 0xff, 0xa, 0x80, 0x30,
    0x90, 0x7, 0x6c, 0x47, 0xab, 0x90, 0x3, 0x38,
    0x7, 0x91, 0xdf, 0xca, 0x20, 0x1d, 0x0, 0x1f,
    0xfc, 0x7a, 0x10, 0xf, 0xfe, 0x28, 0xda, 0x80,
    0x7f, 0xf0, 0xc5, 0x27, 0x90, 0x3, 0xf4, 0xff,
    0xfd, 0xd6, 0xc0, 0x1f, 0xff, 0xf0, 0xf, 0xff,
    0xf8, 0x7, 0xff, 0x2c,

    /* U+03A3 "Σ" */
    0x7f, 0xff, 0xfe, 0x29, 0x0, 0x7f, 0xfb, 0x4c,
    0x3, 0x85, 0x9b, 0xfe, 0x34, 0x90, 0xc, 0x3d,
    0x33, 0xfe, 0x10, 0x69, 0x0, 0xd0, 0xe0, 0x1f,
    0xfc, 0x6, 0x80, 0xd, 0xc, 0x1, 0xff, 0xc0,
    0x78, 0x0, 0xd2, 0xc0, 0x1f, 0xfc, 0x7, 0x80,
    0xd, 0x2c, 0x1, 0xff, 0xc0, 0x77, 0x0, 0x69,
    0x50, 0xf, 0xfe, 0x4, 0x38, 0x6, 0xa5, 0x0,
    0xff, 0xe0, 0x43, 0x80, 0x6a, 0x40, 0xf, 0xfe,
    0x94, 0x38, 0x6, 0xa4, 0x0, 0xff, 0x43, 0x80,
    0x6a, 0x50, 0xf, 0xf3, 0xb8, 0x3, 0x4a, 0x80,
    0x7f, 0x9e, 0x0, 0x34, 0xb0, 0x7, 0xf9, 0xe0,
    0x3, 0x4b, 0x0, 0x7f, 0x9a, 0x0, 0x34, 0x30,
    0x7, 0xf9, 0xa4, 0x3, 0x43, 0x80, 0x7f, 0x92,
    0x40, 0x30, 0xf4, 0xcf, 0xf8, 0x4c, 0x3, 0x85,
    0x9b, 0xfe, 0x30, 0xf, 0xff, 0x68,

    /* U+03A4 "Τ" */
    0xaf, 0xff, 0xfe, 0x44, 0x80, 0x7f, 0xfd, 0xbd,
    0x9b, 0xe3, 0x0, 0xc6, 0xcd, 0xf6, 0x2c, 0xcf,
    0xd6, 0x1, 0xaa, 0x67, 0xe5, 0x0, 0xff, 0xff,
    0x80, 0x7f, 0xff, 0xc0, 0x3f, 0xff, 0xe0, 0x1f,
    0xff, 0xf0, 0xf, 0xff, 0xf8, 0x7, 0xff, 0xd4,

    /* U+03A5 "Υ" */
    0xbf, 0xfd, 0xc2, 0x1, 0xfc, 0xbf, 0xfc, 0xd2,
    0x1, 0x86, 0x0, 0x3f, 0xac, 0x3, 0x13, 0x13,
    0x0, 0x66, 0x20, 0xf, 0x9c, 0x40, 0x34, 0x80,
    0x20, 0x40, 0x34, 0x80, 0x78, 0x60, 0x3, 0x2a,
    0x0, 0x6, 0x0, 0x32, 0x20, 0x3, 0xac, 0x3,
    0xa0, 0x3, 0x31, 0x0, 0x69, 0x0, 0xc6, 0xa0,
    0x19, 0xc8, 0x3, 0xa4, 0x3, 0x13, 0x80, 0x5e,
    0x1, 0x86, 0x0, 0x3c, 0x88, 0x0, 0xd0, 0x20,
    0xa6, 0x1, 0xa0, 0x3, 0xf4, 0x80, 0x74, 0x5,
    0x80, 0x63, 0x60, 0xf, 0xc4, 0xe0, 0x19, 0xa8,
    0x40, 0x37, 0x80, 0x7f, 0xa0, 0x40, 0x32, 0x80,
    0x65, 0x30, 0xf, 0xfa, 0x0, 0x3f, 0xac, 0x3,
    0xff, 0x80, 0xc4, 0x1, 0xf3, 0x88, 0x7, 0xff,
    0x7, 0x80, 0x3c, 0x30, 0x1, 0xff, 0xc2, 0x35,
    0x0, 0xeb, 0x0, 0xff, 0xe2, 0x48, 0x6, 0x15,
    0x0, 0xff, 0xe2, 0x8, 0x6, 0x30, 0xf, 0xff,
    0xf8, 0x7, 0xff, 0xfc, 0x3, 0xff, 0xec,

    /* U+03A6 "Φ" */
    0x0, 0xff, 0x7f, 0xee, 0x0, 0xff, 0xee, 0x35,
    0xf7, 0xf0, 0x6, 0x1e, 0xfe, 0xa5, 0x0, 0xfc,
    0x7b, 0x28, 0x20, 0x20, 0x1c, 0x20, 0x2b, 0x5a,
    0x40, 0x1c, 0x98, 0x40, 0x1f, 0xfc, 0x32, 0xd3,
    0x0, 0x86, 0xc0, 0x3f, 0xf8, 0xfa, 0x20, 0xb,
    0x0, 0xe3, 0x77, 0x0, 0x73, 0xb0, 0x80, 0x61,
    0x80, 0x15, 0x0, 0xcf, 0x91, 0x0, 0xc, 0x31,
    0x3c, 0x80, 0x19, 0x81, 0x80, 0x31, 0xc0, 0x7,
    0xfd, 0x62, 0x1, 0x97, 0x40, 0x35, 0x0, 0x7f,
    0xf0, 0x58, 0x3, 0x63, 0x80, 0x65, 0x0, 0xff,
    0xe0, 0xe0, 0x6, 0x23, 0x0, 0xc4, 0x1, 0xff,
    0xc1, 0x60, 0xc, 0xc0, 0x1f, 0xfc, 0xd3, 0x0,
    0xc6, 0x1, 0xff, 0xc1, 0x10, 0xc, 0x22, 0x0,
    0xcc, 0x1, 0xff, 0xc1, 0x60, 0xc, 0xca, 0x1,
    0xb4, 0x3, 0xff, 0x83, 0xe0, 0x1b, 0x74, 0x1,
    0x98, 0x80, 0x3f, 0xe4, 0x50, 0xc, 0x88, 0x10,
    0xd, 0x8e, 0x66, 0x0, 0xe3, 0x34, 0x58, 0x6,
    0x23, 0x8, 0x0, 0xc3, 0x19, 0x80, 0xc, 0x39,
    0x87, 0x0, 0xe9, 0x0, 0x32, 0x80, 0x7f, 0xf1,
    0xd9, 0x0, 0x2a, 0x50, 0xf, 0xfe, 0x2b, 0x48,
    0x7, 0x55, 0xc, 0x3, 0xff, 0x82, 0x77, 0x20,
    0x1f, 0x2e, 0x75, 0xd5, 0x80, 0x61, 0xba, 0xbe,
    0xc4, 0x0, 0xff, 0xa, 0x2a, 0x0, 0x72, 0x2a,
    0x8, 0x7, 0xff, 0xb0,

    /* U+03A7 "Χ" */
    0x1f, 0xfe, 0xe0, 0xf, 0xf5, 0xff, 0xf2, 0xc,
    0x80, 0x61, 0x90, 0xf, 0xcc, 0x80, 0x19, 0x50,
    0x19, 0x0, 0x33, 0x18, 0x7, 0x86, 0x0, 0x30,
    0xd8, 0x5, 0x20, 0x1d, 0xc0, 0x1e, 0xb1, 0x0,
    0xd6, 0x20, 0x11, 0x48, 0x6, 0x27, 0x0, 0xc8,
    0xa0, 0x19, 0x54, 0x1, 0xcc, 0x60, 0x1a, 0x8,
    0x2, 0x90, 0xc, 0x36, 0x1, 0xf7, 0x0, 0x74,
    0x80, 0x20, 0x80, 0x35, 0x88, 0x7, 0xc5, 0x0,
    0x19, 0x18, 0x9c, 0x3, 0x2a, 0x80, 0x3f, 0x9c,
    0xc0, 0x34, 0x70, 0x6, 0x1b, 0x0, 0xff, 0xb8,
    0x3, 0x9, 0x80, 0x6b, 0x10, 0xf, 0xf8, 0xa0,
    0x3, 0xf2, 0x28, 0x7, 0xff, 0x5, 0xcc, 0x3,
    0xea, 0x0, 0xff, 0xe1, 0xf0, 0x7, 0xa4, 0x40,
    0x3f, 0xf8, 0x6e, 0x1, 0xef, 0x0, 0xff, 0xe1,
    0x8d, 0x80, 0x79, 0x8c, 0x3, 0xff, 0x85, 0x62,
    0x1, 0xf7, 0x0, 0x7f, 0xf0, 0x55, 0x40, 0x1f,
    0x8a, 0x40, 0x3f, 0xe1, 0xb0, 0xc, 0x4c, 0x1,
    0x98, 0xc0, 0x3f, 0xd6, 0x20, 0x1b, 0xa4, 0x40,
    0x37, 0x0, 0x7f, 0x2a, 0x80, 0x33, 0x98, 0x58,
    0x6, 0x28, 0x0, 0xf8, 0x6c, 0x3, 0xc, 0x0,
    0x15, 0x40, 0x19, 0xcc, 0x3, 0xd6, 0x20, 0x1a,
    0x80, 0x35, 0x80, 0x77, 0x0, 0x72, 0xa8, 0x3,
    0x2a, 0x0, 0x61, 0x90, 0xc, 0x50, 0x1, 0xd,
    0x80, 0x61, 0xb0, 0xf, 0x31, 0x80, 0x67, 0x30,
    0x5, 0x88, 0x6, 0xb1, 0x0, 0xfb, 0x80, 0x3b,
    0x81, 0x54, 0x1, 0x91, 0x40, 0x3f, 0x13, 0x80,
    0x62, 0x80,

    /* U+03A8 "Ψ" */
    0x7f, 0xfc, 0x20, 0x15, 0x7f, 0xe3, 0x0, 0xa3,
    0xff, 0x8, 0x7, 0xff, 0xfc, 0x3, 0xff, 0xfe,
    0x1, 0xff, 0xff, 0x0, 0xff, 0xf0, 0x18, 0x7,
    0xff, 0x0, 0x40, 0x30, 0x90, 0x6, 0x40, 0xf,
    0xfe, 0x2, 0x0, 0x73, 0x0, 0x6b, 0x0, 0xff,
    0x90, 0x80, 0x24, 0x3, 0x10, 0x8, 0xb1, 0x0,
    0x3e, 0x27, 0xb0, 0xd, 0x80, 0x9, 0x0, 0xc7,
    0x7e, 0xa0, 0x1b, 0x36, 0x0, 0x39, 0x80, 0xe,
    0x40, 0x1f, 0xfc, 0x69, 0x10, 0xb, 0x8, 0x3,
    0xff, 0x89, 0x2c, 0x1, 0x87, 0x60, 0x40, 0x3f,
    0xf8, 0x9, 0x8c, 0x1, 0xf3, 0xf6, 0x4c, 0x10,
    0x6, 0x58, 0xbe, 0xb3, 0x0, 0xff, 0x1b, 0x3b,
    0x80, 0x34, 0xba, 0x8, 0x7, 0xff, 0xfc, 0x3,
    0xff, 0x9e,

    /* U+03A9 "Ω" */
    0x0, 0xfe, 0x25, 0x77, 0x94, 0xc0, 0x3f, 0xf8,
    0x83, 0x1b, 0xaa, 0x88, 0xab, 0x3e, 0x48, 0x3,
    0xff, 0x80, 0xdc, 0xe4, 0x1, 0xf9, 0xb6, 0x40,
    0x3f, 0xd5, 0x20, 0x1f, 0xfc, 0x16, 0xd2, 0x0,
    0xfa, 0xd4, 0x3, 0xff, 0x86, 0x58, 0x20, 0x1d,
    0x8, 0x1, 0xc5, 0x19, 0xba, 0xa4, 0x0, 0xe1,
    0xd0, 0xc, 0x6e, 0x1, 0xd1, 0xae, 0x64, 0x45,
    0xbb, 0x8, 0x6, 0x37, 0x0, 0xa0, 0x3, 0xa5,
    0xc0, 0x3e, 0x4c, 0x0, 0xe8, 0x0, 0xa, 0x0,
    0x65, 0x60, 0xf, 0xe2, 0x90, 0xe, 0x60, 0x70,
    0xe, 0x80, 0xf, 0xf9, 0x88, 0x3, 0x68, 0x60,
    0x6, 0x32, 0x0, 0xff, 0xe0, 0x50, 0x6, 0x40,
    0x70, 0xc, 0x80, 0x1f, 0xfc, 0x14, 0x0, 0xe1,
    0x30, 0xd, 0xa0, 0x1f, 0xfc, 0x13, 0x0, 0xe3,
    0x0, 0xe1, 0x0, 0xff, 0xe3, 0x89, 0x80, 0x7f,
    0xf3, 0x5, 0x80, 0x31, 0x0, 0x7f, 0xf0, 0x44,
    0x3, 0x88, 0xc0, 0x37, 0x0, 0x7f, 0xf0, 0x48,
    0x3, 0x10, 0x60, 0x6, 0x50, 0xf, 0xfe, 0xd,
    0x80, 0x65, 0x4, 0x10, 0x8, 0x8c, 0x3, 0xff,
    0x80, 0xc0, 0x1a, 0xc0, 0x10, 0x1, 0xbc, 0x3,
    0xfe, 0x61, 0x0, 0x90, 0xc0, 0xc, 0x60, 0x11,
    0xc0, 0x7, 0xf1, 0x48, 0x6, 0x90, 0xd, 0xc2,
    0x1, 0x3b, 0x80, 0x3e, 0x2c, 0x0, 0xd4, 0x40,
    0x5, 0x9b, 0x20, 0xd, 0x14, 0x1, 0xc9, 0xa2,
    0x1, 0xe, 0x4b, 0x86, 0x33, 0xc, 0x3, 0x98,
    0x3, 0x88, 0x3, 0x85, 0x99, 0x40, 0x1f, 0xff,
    0xf0, 0xc,

    /* U+03AA "Ϊ" */
    0xaf, 0xfa, 0x80, 0x2f, 0xfc, 0x80, 0x1f, 0xfd,
    0xb9, 0xaa, 0xa4, 0x2, 0xaa, 0xca, 0x6a, 0xb1,
    0x80, 0x4a, 0xb8, 0x40, 0x3f, 0xf8, 0x85, 0xff,
    0xb0, 0x3, 0xff, 0xfe, 0x1, 0xff, 0xff, 0x0,
    0xff, 0xff, 0x80, 0x7f, 0xff, 0xc0, 0x3f, 0xfa,
    0x20,

    /* U+03AB "Ϋ" */
    0x0, 0xea, 0xff, 0xac, 0x2, 0xff, 0xca, 0x1,
    0xff, 0xff, 0x0, 0xd3, 0x55, 0x40, 0x5, 0x55,
    0x90, 0x3, 0xfc, 0x6a, 0xb1, 0x80, 0x4a, 0xb8,
    0x40, 0x3f, 0xfa, 0x17, 0xff, 0xb8, 0x40, 0x3f,
    0x97, 0xff, 0x9a, 0x40, 0x30, 0xc0, 0x7, 0xf5,
    0x80, 0x62, 0x62, 0x60, 0xc, 0xc4, 0x1, 0xf3,
    0x88, 0x6, 0x90, 0x4, 0x8, 0x6, 0x90, 0xf,
    0xc, 0x0, 0x65, 0x40, 0x0, 0xc0, 0x6, 0x44,
    0x0, 0x75, 0x80, 0x74, 0x0, 0x66, 0x20, 0xd,
    0x20, 0x18, 0xd4, 0x3, 0x39, 0x0, 0x74, 0x80,
    0x62, 0x70, 0xb, 0xc0, 0x30, 0xc0, 0x7, 0x91,
    0x0, 0x1a, 0x4, 0x14, 0xc0, 0x34, 0x0, 0x7e,
    0x90, 0xe, 0x80, 0xb0, 0xc, 0x6c, 0x1, 0xf8,
    0x9c, 0x3, 0x35, 0x8, 0x6, 0xf0, 0xf, 0xf4,
    0x8, 0x6, 0x50, 0xc, 0xa6, 0x1, 0xff, 0x40,
    0x7, 0xf5, 0x80, 0x7f, 0xf0, 0x18, 0x80, 0x3e,
    0x71, 0x0, 0xff, 0xe0, 0xf0, 0x7, 0x86, 0x0,
    0x3f, 0xf8, 0x46, 0xa0, 0x1d, 0x60, 0x1f, 0xfc,
    0x49, 0x0, 0xc2, 0xa0, 0x1f, 0xfc, 0x41, 0x0,
    0xc6, 0x1, 0xff, 0xff, 0x0, 0xff, 0xff, 0x80,
    0x7f, 0xfd, 0x80,

    /* U+03AC "ά" */
    0x0, 0xff, 0xe9, 0xdf, 0xfb, 0x80, 0x3f, 0xf8,
    0x64, 0x80, 0x9, 0x0, 0xff, 0xe1, 0xd8, 0x4,
    0xc0, 0x1f, 0xfc, 0x36, 0x0, 0x28, 0x80, 0x7f,
    0xf0, 0x98, 0x2, 0x90, 0xf, 0xfe, 0x1d, 0x80,
    0xc, 0xc0, 0x1f, 0xfc, 0x24, 0x20, 0x4, 0x80,
    0x7f, 0xf0, 0xd3, 0xfe, 0x50, 0xf, 0xfe, 0xb2,
    0x33, 0xb9, 0x44, 0x3, 0xfe, 0x19, 0xfb, 0x98,
    0x85, 0x74, 0x8f, 0xfe, 0x50, 0x8, 0xfd, 0x80,
    0x3e, 0x6f, 0x0, 0xf8, 0xf0, 0x40, 0x3f, 0x84,
    0x3, 0xed, 0x0, 0xf8, 0x40, 0x3f, 0xce, 0x20,
    0x18, 0xf3, 0xfb, 0xe8, 0x3, 0xf4, 0x80, 0x63,
    0xc3, 0x0, 0x96, 0xc0, 0x3c, 0x62, 0x1, 0xbc,
    0x3, 0xc8, 0x60, 0x1c, 0xa0, 0x18, 0x8c, 0x3,
    0xe4, 0x0, 0xee, 0x0, 0xcc, 0x1, 0xfb, 0x80,
    0x3f, 0xc2, 0x1, 0xf8, 0xc0, 0x3f, 0xc2, 0x1,
    0xf8, 0xc0, 0x3b, 0x80, 0x33, 0x0, 0x7e, 0xe0,
    0xe, 0x50, 0xc, 0x44, 0x0, 0xf9, 0x40, 0x38,
    0xc4, 0x3, 0x48, 0x7, 0x90, 0x80, 0x3d, 0x20,
    0x19, 0x2c, 0x80, 0x26, 0xb0, 0xf, 0x9c, 0x40,
    0x32, 0x6f, 0x73, 0xe4, 0x3, 0xfb, 0x40, 0x3c,
    0x22, 0x0, 0xff, 0x8e, 0xc4, 0x3, 0xf8, 0x40,
    0x3f, 0x27, 0xb0, 0x7, 0xcd, 0xe0, 0x1f, 0xc3,
    0x3f, 0x71, 0x15, 0xfc, 0x8f, 0xfe, 0x50,

    /* U+03AD "έ" */
    0x0, 0xff, 0xe7, 0x27, 0xfc, 0xa0, 0x1f, 0xfc,
    0x1f, 0x0, 0xa, 0x80, 0x7f, 0xf0, 0x9, 0x0,
    0x12, 0x1, 0xff, 0xc1, 0xa0, 0x9, 0x80, 0x3f,
    0xf8, 0x2e, 0x0, 0x51, 0x0, 0xff, 0xe0, 0x30,
    0x5, 0x20, 0x1f, 0xfc, 0x1b, 0x0, 0x19, 0x80,
    0x3f, 0xf8, 0x3b, 0xfe, 0xc0, 0xf, 0xfe, 0x98,
    0xab, 0xb9, 0x90, 0x3, 0xfc, 0x77, 0xd5, 0x10,
    0x9b, 0xfa, 0x30, 0xf, 0x36, 0x20, 0x7, 0xcb,
    0x96, 0x20, 0x11, 0xc8, 0x7, 0xfc, 0x9e, 0x20,
    0x9, 0x0, 0xff, 0xe0, 0xc8, 0x80, 0x1c, 0x3,
    0x2e, 0xff, 0x5a, 0x80, 0x19, 0xc0, 0x23, 0x0,
    0xd0, 0x40, 0x29, 0x5d, 0x32, 0x0, 0xca, 0x1,
    0xac, 0x80, 0x30, 0xb0, 0x7, 0x70, 0x6, 0x6d,
    0xff, 0x70, 0x7, 0xe5, 0x30, 0xf, 0xfe, 0x22,
    0x98, 0x7, 0xff, 0x12, 0xc0, 0x38, 0x8b, 0x0,
    0x7c, 0xa2, 0x1, 0x1f, 0x6e, 0xd8, 0x1, 0xf6,
    0x80, 0x6b, 0x10, 0xf, 0x10, 0x7, 0xf6, 0x80,
    0x7a, 0x76, 0x0, 0x2e, 0x0, 0xcb, 0x26, 0x24,
    0xda, 0xc0, 0xfa, 0x60, 0xe0, 0x1c, 0xd9, 0xdb,
    0x24, 0x1, 0x16, 0x80, 0xb8, 0x7, 0xff, 0xb,
    0x40, 0x10, 0xc0, 0x1f, 0xf1, 0xe9, 0x80, 0x53,
    0x66, 0x1, 0xf1, 0xce, 0x10, 0x7, 0x26, 0x75,
    0x44, 0x55, 0xd8, 0xc0, 0x18,

    /* U+03AE "ή" */
    0x0, 0xff, 0xe8, 0xbf, 0xfc, 0x40, 0x1f, 0xfc,
    0x29, 0x0, 0x21, 0x0, 0x7f, 0xf0, 0x54, 0x40,
    0x1e, 0x1, 0xff, 0xc2, 0x90, 0x1, 0x20, 0x7,
    0xff, 0x4, 0x8c, 0x1, 0x40, 0x1f, 0xfc, 0x2b,
    0x0, 0x98, 0x3, 0xff, 0x82, 0x2c, 0x0, 0x61,
    0x0, 0xff, 0xe0, 0x8f, 0xfd, 0x20, 0x1f, 0xfd,
    0x63, 0x67, 0x73, 0x18, 0x7, 0x47, 0xfd, 0xa0,
    0xdb, 0x93, 0x10, 0x9c, 0xe5, 0x0, 0xfd, 0x52,
    0x40, 0x1e, 0x1a, 0x80, 0xf, 0x12, 0x80, 0x7f,
    0x9d, 0x40, 0x3f, 0xf8, 0xd0, 0x1, 0xf9, 0xb3,
    0x71, 0xc0, 0x38, 0x8c, 0x3, 0xd1, 0x26, 0x47,
    0x14, 0x1, 0xc8, 0x1, 0xc4, 0xe0, 0x1c, 0xa6,
    0x1, 0xb8, 0x3, 0x90, 0x3, 0xeb, 0x0, 0xc4,
    0x1, 0xc2, 0x1, 0xf1, 0x80, 0x7f, 0xbc, 0x3,
    0xff, 0x9c, 0xe0, 0x1f, 0xff, 0xf0, 0xf, 0xff,
    0xf8, 0x7, 0xc0,

    /* U+03AF "ί" */
    0x0, 0xd5, 0xfe, 0xe0, 0xf, 0x85, 0x40, 0xc,
    0x1, 0xf4, 0x80, 0x54, 0x1, 0xf3, 0x0, 0x10,
    0x80, 0x3c, 0xa2, 0x0, 0xf0, 0xf, 0xa4, 0x0,
    0x48, 0x1, 0xe3, 0x30, 0x2, 0xc0, 0x3e, 0x3f,
    0xf9, 0x80, 0x3f, 0xfa, 0x43, 0xff, 0xb0, 0x3,
    0xff, 0xfe, 0x1, 0xff, 0xf8, 0x10, 0xf, 0xf8,
    0xc0, 0x3c, 0x20, 0x18, 0x60, 0x3, 0xc2, 0x1,
    0x9f, 0xae, 0xe5, 0x9, 0x0, 0xe1, 0x44, 0x8c,
    0x1c, 0xc0, 0x3f, 0xed, 0x60, 0xf, 0xf0, 0xcf,
    0x54, 0x3b, 0xa2, 0x5c,

    /* U+03B0 "ΰ" */
    0x0, 0xfe, 0x6b, 0xb8, 0x40, 0x3f, 0xf8, 0x50,
    0x88, 0x1, 0x0, 0xff, 0xe0, 0xa8, 0x80, 0x3c,
    0x3, 0xea, 0xff, 0x88, 0x1, 0x20, 0x2, 0x48,
    0xff, 0x90, 0x3, 0xf1, 0x98, 0x1, 0x40, 0x1f,
    0xfc, 0x2a, 0x0, 0x9c, 0x3, 0xff, 0x82, 0x2c,
    0x0, 0x60, 0xf, 0xe9, 0xaa, 0x88, 0x2a, 0xa8,
    0x0, 0x55, 0x65, 0x0, 0x1a, 0xac, 0x2, 0xab,
    0x8, 0x0, 0x95, 0x61, 0x0, 0xff, 0xe4, 0x6f,
    0xfe, 0x20, 0xf, 0xa3, 0xff, 0x38, 0x7, 0xff,
    0xfc, 0x3, 0xff, 0xfe, 0x1, 0xff, 0xce, 0x10,
    0xf, 0x84, 0x3, 0x84, 0x3, 0x30, 0x7, 0xca,
    0x1, 0x85, 0xc0, 0x37, 0x80, 0x78, 0x4c, 0x3,
    0x19, 0x0, 0x65, 0x30, 0xe, 0x80, 0xe, 0x6c,
    0x0, 0xec, 0x72, 0x22, 0x53, 0x0, 0x61, 0x35,
    0x10, 0xe, 0x8d, 0xd5, 0xa8, 0x7, 0x30, 0x2,
    0xc0, 0x3f, 0xf8, 0x43, 0x20, 0x5, 0x80, 0xf,
    0xfe, 0x1, 0x60, 0x80, 0x4f, 0x88, 0x1, 0xf8,
    0x5f, 0x48, 0x3, 0x8e, 0xfa, 0xe6, 0x22, 0xac,
    0xe8, 0x0, 0xc0,

    /* U+03B1 "α" */
    0x0, 0xf9, 0x19, 0xdc, 0xa2, 0x1, 0xff, 0xc,
    0xfd, 0xcc, 0x42, 0xba, 0x47, 0xff, 0x28, 0x4,
    0x7e, 0xc0, 0x1f, 0x37, 0x80, 0x7c, 0x78, 0x20,
    0x1f, 0xc2, 0x1, 0xf6, 0x80, 0x7c, 0x20, 0x1f,
    0xe7, 0x10, 0xc, 0x79, 0xfd, 0xf4, 0x1, 0xfa,
    0x40, 0x31, 0xe1, 0x80, 0x4b, 0x60, 0x1e, 0x31,
    0x0, 0xde, 0x1, 0xe4, 0x30, 0xe, 0x50, 0xc,
    0x46, 0x1, 0xf2, 0x0, 0x77, 0x0, 0x66, 0x0,
    0xfd, 0xc0, 0x1f, 0xe1, 0x0, 0xfc, 0x60, 0x1f,
    0xe1, 0x0, 0xfc, 0x60, 0x1d, 0xc0, 0x19, 0x80,
    0x3f, 0x70, 0x7, 0x28, 0x6, 0x22, 0x0, 0x7c,
    0xa0, 0x1c, 0x62, 0x1, 0xa4, 0x3, 0xc8, 0x40,
    0x1e, 0x90, 0xc, 0x96, 0x40, 0x13, 0x58, 0x7,
    0xce, 0x20, 0x19, 0x37, 0xb9, 0xf2, 0x1, 0xfd,
    0xa0, 0x1e, 0x11, 0x0, 0x7f, 0xc7, 0x62, 0x1,
    0xfc, 0x20, 0x1f, 0x93, 0xd8, 0x3, 0xe6, 0xf0,
    0xf, 0xe1, 0x9f, 0xb8, 0x8a, 0xfe, 0x47, 0xff,
    0x28,

    /* U+03B2 "β" */
    0x0, 0xf2, 0x33, 0xb9, 0x44, 0x3, 0xfe, 0x2a,
    0xfb, 0x98, 0x85, 0x75, 0x98, 0x7, 0xe4, 0xd5,
    0x0, 0xf9, 0x31, 0xc0, 0x3c, 0x76, 0x1, 0xff,
    0x43, 0x80, 0x77, 0x80, 0x7f, 0xf0, 0x60, 0x80,
    0x23, 0x30, 0x6, 0x3b, 0xed, 0x70, 0xe, 0xb0,
    0x9, 0x40, 0x30, 0xe2, 0x9, 0x45, 0x0, 0x67,
    0x0, 0xb8, 0x3, 0x38, 0x7, 0x28, 0x6, 0x10,
    0xf, 0xdc, 0x1, 0xe1, 0x0, 0xff, 0xe0, 0x8,
    0x7, 0x18, 0x80, 0x44, 0x1, 0xff, 0xc0, 0x15,
    0xd0, 0xc, 0xa0, 0x1f, 0xf1, 0xf5, 0x8, 0x4,
    0x32, 0x1, 0xff, 0xc6, 0x61, 0x0, 0xff, 0xe3,
    0x3d, 0x80, 0x7f, 0xf1, 0xd2, 0x80, 0x3f, 0xc5,
    0x50, 0xa0, 0x1c, 0xa8, 0x1, 0xfc, 0x2a, 0xf5,
    0xa6, 0x1, 0xb8, 0x3, 0xff, 0x82, 0x5c, 0x1,
    0x90, 0x3, 0xff, 0x84, 0x44, 0x0, 0x84, 0x3,
    0xc2, 0x1, 0xff, 0xc1, 0x10, 0xe, 0xe0, 0xf,
    0x84, 0x80, 0x30, 0x80, 0x73, 0x88, 0x7, 0xac,
    0x3, 0x10, 0x7, 0x87, 0xdc, 0x80, 0x57, 0x14,
    0x3, 0x28, 0x7, 0xc3, 0x1b, 0xfd, 0x46, 0x1,
    0x86, 0x40, 0x3f, 0xf8, 0xd4, 0x20, 0x1f, 0xfc,
    0x41, 0xb4, 0x0, 0xff, 0xe1, 0x8b, 0xfa, 0x0,
    0x7e, 0x9d, 0xa8, 0x8a, 0xb7, 0xa0, 0x40, 0x3f,
    0xc4, 0xae, 0xf2, 0x90, 0x7, 0xff, 0xfc, 0x3,
    0xff, 0xd1, 0x8e, 0xf9, 0x40, 0x3f, 0xf8, 0x40,

    /* U+03B3 "γ" */
    0x1f, 0xfd, 0x80, 0x1f, 0x97, 0xff, 0x40, 0xa0,
    0x4, 0x62, 0x1, 0xf7, 0x80, 0x6b, 0xd, 0x0,
    0xcc, 0x1, 0xf2, 0x80, 0x44, 0x60, 0xc0, 0x1a,
    0xc0, 0x3c, 0xa0, 0x1a, 0x80, 0x25, 0x0, 0x8c,
    0x80, 0x3b, 0x80, 0x33, 0x0, 0x5c, 0x1, 0x94,
    0x3, 0xa, 0x0, 0x48, 0x20, 0x12, 0x8, 0x5,
    0x40, 0x19, 0xc0, 0x36, 0x80, 0x73, 0x80, 0x44,
    0x40, 0xb, 0x40, 0x33, 0x0, 0x75, 0x0, 0x6a,
    0x0, 0xa, 0x0, 0x4a, 0x1, 0xe3, 0x20, 0x9,
    0x40, 0xe, 0x1, 0xb8, 0x3, 0xea, 0x0, 0x88,
    0xc2, 0x80, 0x21, 0x40, 0xf, 0x98, 0x3, 0x58,
    0x98, 0x4, 0xe0, 0x1f, 0x84, 0xc0, 0x25, 0x60,
    0xd, 0x40, 0x1f, 0xd4, 0x1, 0x14, 0x80, 0x44,
    0x60, 0x1f, 0xce, 0x1, 0x84, 0x2, 0xa0, 0xf,
    0xf0, 0xa8, 0x7, 0xca, 0x1, 0xff, 0x70, 0x7,
    0x8c, 0x80, 0x3f, 0xe4, 0x10, 0xe, 0xa0, 0xf,
    0xfe, 0xb, 0x80, 0x73, 0x80, 0x7f, 0xf0, 0x74,
    0x3, 0x20, 0x80, 0x7f, 0xf0, 0x5c, 0x3, 0x8,
    0x7, 0xff, 0xfc, 0x3, 0xff, 0xa8,

    /* U+03B4 "δ" */
    0x0, 0xe2, 0x9d, 0xff, 0xfc, 0x1, 0xfc, 0x9a,
    0xc4, 0x1, 0xff, 0xc4, 0x1b, 0x0, 0xff, 0xe3,
    0xb0, 0x7, 0xfc, 0x20, 0x1f, 0xb4, 0x3, 0x2f,
    0x7f, 0xf7, 0x0, 0x7f, 0xf0, 0x78, 0x40, 0x3f,
    0xf8, 0x5a, 0x1, 0xa0, 0x40, 0x3f, 0xf8, 0x4c,
    0x1, 0x8f, 0xa9, 0x0, 0x3f, 0xf8, 0x3, 0x60,
    0x1c, 0xb7, 0xf4, 0x80, 0x1f, 0xe4, 0xc0, 0xf,
    0x96, 0xf0, 0x80, 0x3e, 0x19, 0xc0, 0xf, 0xe3,
    0xd4, 0x0, 0xe3, 0xf6, 0x0, 0xff, 0xe0, 0x59,
    0x80, 0x43, 0xa2, 0x1, 0x89, 0x9d, 0x0, 0x3d,
    0xc0, 0x14, 0x8, 0x6, 0x7d, 0x98, 0xbe, 0x30,
    0xc, 0x4c, 0x2, 0xc0, 0x19, 0x20, 0x3, 0xf,
    0x0, 0x75, 0x2, 0x0, 0x77, 0x0, 0x78, 0x90,
    0x3, 0x18, 0x10, 0x7, 0x38, 0x7, 0xc6, 0x1,
    0xc3, 0xe0, 0x1c, 0x60, 0x1f, 0x78, 0x7, 0xff,
    0x0, 0x80, 0x3e, 0xe0, 0xe, 0x1e, 0x0, 0xe4,
    0x0, 0xf9, 0xc0, 0x31, 0x2, 0x0, 0x74, 0x88,
    0x7, 0x38, 0x80, 0x64, 0x2, 0x30, 0xc, 0x3e,
    0xc4, 0x27, 0x30, 0x1, 0xd6, 0x0, 0xf0, 0xe,
    0x19, 0xde, 0xc6, 0x0, 0xe7, 0x20, 0x1, 0xc8,
    0x7, 0xff, 0x9, 0x20, 0x3, 0x35, 0x0, 0x7f,
    0xf0, 0x1a, 0xc0, 0x3c, 0xbc, 0xc0, 0x1f, 0x93,
    0x24, 0x3, 0xf0, 0xcf, 0xe4, 0xc4, 0x26, 0xfa,
    0xcc, 0x3, 0x80,

    /* U+03B5 "ε" */
    0x0, 0xe1, 0x57, 0x73, 0x20, 0x7, 0xf8, 0xef,
    0xaa, 0x21, 0x37, 0xf4, 0x60, 0x1e, 0x6c, 0x40,
    0xf, 0x97, 0x2c, 0x40, 0x23, 0x90, 0xf, 0xf9,
    0x3c, 0x40, 0x12, 0x1, 0xff, 0xc1, 0x91, 0x0,
    0x38, 0x6, 0x5d, 0xfe, 0xb5, 0x0, 0x33, 0x80,
    0x46, 0x1, 0xa0, 0x80, 0x52, 0xba, 0x64, 0x1,
    0x94, 0x3, 0x59, 0x0, 0x61, 0x60, 0xe, 0xe0,
    0xc, 0xdb, 0xfe, 0xe0, 0xf, 0xca, 0x60, 0x1f,
    0xfc, 0x45, 0x30, 0xf, 0xfe, 0x25, 0x80, 0x71,
    0x16, 0x0, 0xf9, 0x44, 0x2, 0x3e, 0xdd, 0xb0,
    0x3, 0xed, 0x0, 0xd6, 0x20, 0x1e, 0x20, 0xf,
    0xed, 0x0, 0xf4, 0xec, 0x0, 0x5c, 0x1, 0x96,
    0x4c, 0x49, 0xb5, 0x81, 0xf4, 0xc1, 0xc0, 0x39,
    0xb3, 0xb6, 0x48, 0x2, 0x2d, 0x1, 0x70, 0xf,
    0xfe, 0x16, 0x80, 0x21, 0x80, 0x3f, 0xe3, 0xd3,
    0x0, 0xa6, 0xcc, 0x3, 0xe3, 0x9c, 0x20, 0xe,
    0x4c, 0xea, 0x88, 0xab, 0xb1, 0x80, 0x30,

    /* U+03B6 "ζ" */
    0x7, 0xff, 0xff, 0xe2, 0x18, 0x7, 0xff, 0xb0,
    0x81, 0x6a, 0xbf, 0x10, 0x7, 0xe, 0x8, 0x12,
    0xaf, 0x93, 0x88, 0x3, 0x16, 0x18, 0x7, 0xe1,
    0xc4, 0x0, 0xc5, 0x84, 0x1, 0xf8, 0xbc, 0x80,
    0x31, 0xe0, 0x80, 0x7e, 0x2c, 0x10, 0xc, 0xb8,
    0x20, 0x1f, 0x8b, 0x4, 0x3, 0x35, 0x0, 0x7f,
    0xf, 0x88, 0x6, 0x79, 0x0, 0xff, 0x69, 0x0,
    0x68, 0x80, 0x7, 0xfa, 0xc, 0x3, 0x43, 0x80,
    0x7f, 0x89, 0xc0, 0x33, 0x38, 0x7, 0xfd, 0x0,
    0x18, 0xa4, 0x3, 0xfe, 0x15, 0x0, 0xd2, 0x1,
    0xff, 0xc0, 0x40, 0xc, 0x28, 0x1, 0xff, 0xc0,
    0x20, 0xc, 0x80, 0x1f, 0xfc, 0x1f, 0x0, 0xff,
    0xe5, 0xb8, 0x7, 0xff, 0x7, 0x80, 0x31, 0x48,
    0x7, 0xff, 0x1, 0x0, 0x39, 0xbf, 0x2e, 0xa9,
    0x2e, 0x60, 0x18, 0x8c, 0x3, 0xc6, 0x8a, 0xa6,
    0x8c, 0xb1, 0x0, 0xb8, 0x3, 0xff, 0x82, 0x98,
    0x1, 0x16, 0x8, 0x7, 0xff, 0x0, 0x9c, 0x2,
    0x3e, 0x95, 0x20, 0xf, 0xf5, 0x80, 0x73, 0x56,
    0xff, 0xed, 0x40, 0xc, 0x60, 0x1f, 0xfc, 0x2,
    0xb2, 0x0, 0xc2, 0x1, 0xff, 0xc1, 0xa0, 0xf,
    0xfe, 0x31, 0x0, 0x61,

    /* U+03B7 "η" */
    0x0, 0xfc, 0x6c, 0xee, 0x63, 0x0, 0xe8, 0xff,
    0xb4, 0x1b, 0x72, 0x62, 0x13, 0x9c, 0xa0, 0x1f,
    0xaa, 0x48, 0x3, 0xc3, 0x50, 0x1, 0xe2, 0x50,
    0xf, 0xf3, 0xa8, 0x7, 0xff, 0x1a, 0x0, 0x3f,
    0x36, 0x6e, 0x38, 0x7, 0x11, 0x80, 0x7a, 0x24,
    0xc8, 0xe2, 0x80, 0x39, 0x0, 0x38, 0x9c, 0x3,
    0x94, 0xc0, 0x37, 0x0, 0x72, 0x0, 0x7d, 0x60,
    0x18, 0x80, 0x38, 0x40, 0x3e, 0x30, 0xf, 0xf7,
    0x80, 0x7f, 0xf3, 0x9c, 0x3, 0xff, 0xfe, 0x1,
    0xff, 0xff, 0x0, 0xf8,

    /* U+03B8 "θ" */
    0x0, 0xfc, 0x4a, 0xef, 0x29, 0x0, 0x7f, 0xf0,
    0x97, 0x75, 0x51, 0x15, 0x6e, 0x98, 0x3, 0xfc,
    0x39, 0x44, 0x1, 0xf1, 0x4e, 0x10, 0x7, 0xc5,
    0xe6, 0x1, 0xff, 0x1e, 0x10, 0x7, 0xbc, 0x40,
    0x3f, 0xf8, 0x23, 0xe0, 0x1d, 0x4, 0x1, 0x86,
    0x33, 0xb2, 0x4, 0x3, 0x14, 0x80, 0x42, 0xe0,
    0x18, 0xbd, 0xcc, 0x4d, 0xfc, 0xc0, 0x33, 0x10,
    0x1, 0x80, 0x3b, 0xc4, 0x3, 0x87, 0x40, 0x3a,
    0x80, 0x14, 0x1, 0x98, 0x80, 0x3e, 0x17, 0x0,
    0xcc, 0x2, 0x40, 0x1a, 0x80, 0x3f, 0xa8, 0x3,
    0x9, 0x28, 0x7, 0x18, 0x7, 0xf1, 0x8, 0x6,
    0x72, 0x0, 0xc6, 0x1, 0xff, 0x28, 0x6, 0x2e,
    0x0, 0xc7, 0xff, 0xff, 0x20, 0x6, 0xf0, 0xf,
    0xfe, 0x50, 0x80, 0x7f, 0xf4, 0x4, 0xcf, 0xfe,
    0x10, 0xc, 0x3c, 0x1, 0x8b, 0x33, 0xfe, 0x50,
    0xd, 0xe4, 0x1, 0x8c, 0x3, 0xfe, 0x50, 0xc,
    0x4a, 0x1, 0xc6, 0x1, 0xfc, 0x42, 0x1, 0x9c,
    0x48, 0x3, 0x50, 0x7, 0xf5, 0x0, 0x61, 0x20,
    0xa0, 0xc, 0xc4, 0x1, 0xf0, 0xb8, 0x6, 0x60,
    0x3, 0x0, 0x77, 0x88, 0x7, 0xe, 0x80, 0x75,
    0x0, 0x5, 0xc0, 0x31, 0x7b, 0x99, 0x1b, 0xf9,
    0x80, 0x66, 0x20, 0xa, 0x8, 0x3, 0xc, 0x66,
    0xe4, 0x8, 0x6, 0x29, 0x0, 0xef, 0x10, 0xf,
    0xfe, 0x8, 0xf8, 0x7, 0x8b, 0xcc, 0x3, 0xfe,
    0x3c, 0x20, 0xf, 0x87, 0x28, 0x80, 0x3e, 0x29,
    0xc2, 0x0, 0xff, 0x2e, 0xea, 0xa2, 0x2a, 0xdd,
    0x30, 0x7, 0x80,

    /* U+03B9 "ι" */
    0x1f, 0xfd, 0x80, 0x1f, 0xff, 0xf0, 0xf, 0xff,
    0xc0, 0x80, 0x7f, 0xc6, 0x1, 0xe1, 0x0, 0xc3,
    0x0, 0x1e, 0x10, 0xc, 0xfd, 0x77, 0x28, 0x48,
    0x7, 0xa, 0x24, 0x60, 0xe6, 0x1, 0xff, 0x6b,
    0x0, 0x7f, 0x86, 0x7a, 0xa1, 0xdd, 0x12, 0xe0,

    /* U+03BA "κ" */
    0x7f, 0xfc, 0xe0, 0x1c, 0x9f, 0xfd, 0x60, 0x1f,
    0xf0, 0xd0, 0x6, 0x1a, 0x0, 0xff, 0xa8, 0x40,
    0x35, 0x8, 0x7, 0xf9, 0xd0, 0x3, 0x3a, 0x0,
    0x7f, 0x8e, 0x0, 0x31, 0xc0, 0x5, 0xe0, 0x1f,
    0x70, 0x6, 0x1e, 0x0, 0xff, 0xa4, 0x80, 0x35,
    0x90, 0x7, 0xf9, 0x58, 0x3, 0x32, 0x80, 0x7f,
    0xba, 0xc0, 0x31, 0x48, 0x7, 0xfc, 0xc2, 0x1,
    0xa4, 0x3, 0xff, 0x80, 0xc2, 0x1, 0xa4, 0x3,
    0xff, 0x81, 0xd6, 0x1, 0x8a, 0x80, 0x3f, 0xf8,
    0xa, 0xc0, 0x19, 0x5c, 0x3, 0xff, 0x81, 0x26,
    0x1, 0xa1, 0x0, 0x3f, 0xf8, 0x1c, 0x1, 0xd4,
    0x20, 0x1f, 0xf1, 0x50, 0x6, 0x1d, 0x0, 0xff,
    0xe0, 0x2a, 0x80, 0x31, 0xc8, 0x7, 0xff, 0x2,
    0x88, 0x3, 0x33, 0x0, 0x3f, 0xf8, 0x1e, 0x1,
    0xd2, 0x60,

    /* U+03BB "λ" */
    0x0, 0x2c, 0x41, 0xd4, 0x40, 0x3f, 0xf8, 0x5e,
    0xee, 0x8a, 0xea, 0x10, 0xf, 0xfe, 0x32, 0xe0,
    0x7, 0xff, 0x1c, 0xa4, 0x3, 0xfe, 0xd3, 0x20,
    0xe, 0x62, 0x0, 0xff, 0x3e, 0x6e, 0x8c, 0x3,
    0x58, 0x7, 0xff, 0x4, 0xb4, 0x40, 0x26, 0x0,
    0xff, 0xe1, 0xb, 0x80, 0x66, 0x0, 0xff, 0xe1,
    0x20, 0x6, 0xa0, 0xf, 0xfe, 0x9, 0x90, 0x6,
    0x32, 0x0, 0xff, 0xe0, 0x50, 0x7, 0x94, 0x3,
    0xff, 0x80, 0xe0, 0x1e, 0xa0, 0xf, 0xf9, 0x44,
    0x3, 0xc4, 0x60, 0x1f, 0xef, 0x0, 0x84, 0x3,
    0x50, 0x7, 0xf0, 0xa8, 0x4, 0xe8, 0x1, 0x38,
    0x7, 0xf3, 0x80, 0x6d, 0xd0, 0x4, 0x28, 0x1,
    0xfa, 0x80, 0x21, 0x46, 0x0, 0xdc, 0x1, 0xf1,
    0x18, 0x4, 0xe0, 0x4, 0x0, 0x94, 0x3, 0xe5,
    0x0, 0xd4, 0x0, 0xe0, 0xc, 0xc0, 0x1e, 0xa0,
    0x8, 0x4c, 0x0, 0xa0, 0x1b, 0x40, 0x38, 0xc8,
    0x2, 0x60, 0xc, 0xa0, 0x12, 0x8, 0x6, 0xa0,
    0xd, 0x60, 0x1b, 0xc0, 0x33, 0x0, 0x67, 0x0,
    0x88, 0xc0, 0x32, 0x80, 0x6a, 0x0, 0x90, 0x40,
    0x25, 0x0, 0xf2, 0x80, 0x44, 0x60, 0xe, 0x0,
    0xd6, 0x1, 0xee, 0x0, 0xd6, 0x0, 0x50, 0x8,
    0x8c, 0x3, 0xc8, 0x1, 0x98, 0x18, 0x3, 0x28,
    0x7, 0xe5, 0x0, 0x85, 0x0,

    /* U+03BC "μ" */
    0x8f, 0xfc, 0xe0, 0x1f, 0x1f, 0xfe, 0xb0, 0xf,
    0xff, 0xf8, 0x7, 0xff, 0xfc, 0x3, 0xff, 0x9d,
    0xe0, 0x1f, 0x38, 0x7, 0xf8, 0x80, 0x3e, 0x20,
    0xf, 0xf2, 0x80, 0x7d, 0xa0, 0x1f, 0xf4, 0x0,
    0x72, 0x20, 0x3, 0xfe, 0x7a, 0x32, 0x38, 0xb0,
    0xf, 0xfe, 0xa, 0xe6, 0xe3, 0x80, 0x7f, 0xf6,
    0xd1, 0x40, 0x3f, 0xf8, 0x63, 0x36, 0x1, 0xfc,
    0x79, 0x31, 0x9, 0xce, 0x60, 0xaf, 0xfa, 0xc0,
    0x38, 0xd9, 0xdc, 0xc6, 0x1, 0xff, 0xff, 0x0,
    0xff, 0xfb, 0x47, 0x75, 0xa0, 0x1f, 0xfc, 0x20,

    /* U+03BD "ν" */
    0x1f, 0xfd, 0x80, 0x1f, 0x97, 0xff, 0x40, 0xa0,
    0x4, 0x64, 0x1, 0xf7, 0x0, 0x6a, 0xe, 0x0,
    0xca, 0x1, 0xe1, 0x40, 0x8, 0xc8, 0x14, 0x3,
    0x50, 0x7, 0x9c, 0x3, 0x50, 0x4, 0xc0, 0x11,
    0x10, 0x3, 0xa8, 0x3, 0x38, 0x5, 0x40, 0x1a,
    0x80, 0x30, 0x98, 0x4, 0x82, 0x1, 0x19, 0x0,
    0x4c, 0x1, 0x98, 0x3, 0x70, 0x7, 0x28, 0x4,
    0x26, 0x1, 0x58, 0x4, 0x2a, 0x1, 0xd4, 0x1,
    0xa8, 0x0, 0x46, 0x1, 0x38, 0x7, 0x88, 0xc0,
    0x27, 0x0, 0x50, 0x6, 0xa0, 0xf, 0xa8, 0x2,
    0x14, 0x5, 0x0, 0x88, 0xc0, 0x3e, 0x60, 0xd,
    0xc6, 0x40, 0x15, 0x0, 0x7f, 0x28, 0x4, 0xb4,
    0x1, 0x98, 0x3, 0xfb, 0x80, 0x33, 0x0, 0x48,
    0x20, 0x1f, 0xc8, 0x20, 0x1f, 0x70, 0x7, 0xfc,
    0xc0, 0x1f, 0x28, 0x7, 0xfd, 0x40, 0x1e, 0x60,
    0xf, 0xfe, 0x1, 0x18, 0x7, 0x50, 0x7, 0xff,
    0x6, 0x80, 0x31, 0x18, 0x7, 0x80,

    /* U+03BE "ξ" */
    0x0, 0xf8, 0x95, 0xde, 0x53, 0x0, 0xff, 0xe0,
    0x36, 0xea, 0xa2, 0x2a, 0xcf, 0x92, 0x0, 0xf8,
    0xb6, 0x48, 0x3, 0xf3, 0x6c, 0x80, 0x71, 0x61,
    0x0, 0x7f, 0xf0, 0x1b, 0x44, 0x2, 0x91, 0x0,
    0xff, 0xe3, 0x12, 0x0, 0x61, 0x8d, 0xed, 0xb6,
    0x0, 0x8b, 0x4, 0x0, 0x80, 0x1d, 0x8e, 0x42,
    0x49, 0x3a, 0x43, 0xe2, 0x1, 0x8, 0x6, 0x42,
    0x0, 0xf1, 0x66, 0x90, 0x7, 0xf3, 0x80, 0x7e,
    0x13, 0x0, 0xe3, 0x0, 0xc6, 0x60, 0xf, 0xfe,
    0x12, 0x0, 0x76, 0x39, 0x0, 0x7f, 0xf0, 0x5c,
    0x3, 0xa3, 0x7f, 0xe8, 0x0, 0xfe, 0x82, 0x0,
    0xff, 0xe4, 0x20, 0x7, 0xff, 0x18, 0x75, 0x80,
    0x3f, 0xf8, 0xd6, 0x40, 0x1c, 0x26, 0x89, 0x70,
    0x7, 0xc2, 0xa0, 0x18, 0xf3, 0xb2, 0xee, 0x60,
    0xf, 0x90, 0x3, 0xe, 0x18, 0x7, 0xff, 0x7,
    0x40, 0x32, 0x0, 0x7f, 0xf2, 0x4, 0x3, 0xff,
    0x87, 0xe0, 0x19, 0x4, 0x3, 0xff, 0x84, 0x60,
    0x1d, 0x86, 0x1, 0xff, 0xc1, 0x41, 0x0, 0xc5,
    0x9d, 0x73, 0x11, 0x3a, 0x0, 0x7a, 0x0, 0x3c,
    0x28, 0xce, 0xf4, 0x5f, 0x20, 0x6, 0x66, 0x0,
    0x7f, 0xf0, 0x46, 0xd4, 0x3, 0x4c, 0x84, 0x3,
    0xff, 0x83, 0x42, 0x1, 0x9b, 0xa9, 0x48, 0x40,
    0x3f, 0xd2, 0x1, 0xe5, 0xad, 0xef, 0xfb, 0x64,
    0x40, 0x32, 0x0, 0x7f, 0xf0, 0x49, 0xb0, 0x3,
    0x10, 0x7, 0xff, 0xc, 0x90, 0x3, 0xff, 0x90,
    0x20, 0x11, 0x0, 0x7f, 0xf1, 0x3d, 0xde, 0x90,

    /* U+03BF "ο" */
    0x0, 0xf8, 0x95, 0xdc, 0xc8, 0x20, 0x1f, 0xfc,
    0x6, 0xdd, 0x54, 0x42, 0x6f, 0xa8, 0x80, 0x3f,
    0xe, 0x49, 0x0, 0x7c, 0xba, 0xe0, 0x1e, 0x1f,
    0x30, 0xf, 0xfa, 0x20, 0x1, 0xda, 0x20, 0x1f,
    0xfc, 0x17, 0x50, 0x9, 0x8c, 0x3, 0x15, 0x6f,
    0x63, 0x80, 0x75, 0x80, 0x56, 0x1, 0x8f, 0x54,
    0x84, 0xe2, 0xc0, 0x30, 0xb0, 0x11, 0x0, 0x37,
    0x80, 0x79, 0x14, 0x3, 0x68, 0x20, 0x6, 0x23,
    0x0, 0xfb, 0x80, 0x32, 0x7, 0x0, 0x66, 0x0,
    0xfc, 0xa0, 0x1c, 0x20, 0x1c, 0x20, 0x1f, 0x84,
    0x3, 0xff, 0x90, 0x20, 0x1e, 0xe0, 0xc, 0xe0,
    0x1f, 0x94, 0x3, 0x85, 0x0, 0x31, 0x18, 0x7,
    0xdc, 0x1, 0x90, 0x8, 0x80, 0x1b, 0x80, 0x3c,
    0xaa, 0x0, 0xda, 0x0, 0xb0, 0xc, 0x5a, 0xa4,
    0x27, 0x34, 0x1, 0x85, 0x80, 0xc, 0x60, 0x18,
    0xab, 0x7b, 0x18, 0x3, 0xac, 0x3, 0x68, 0x80,
    0x7f, 0xf0, 0x5d, 0x40, 0x30, 0xf9, 0x80, 0x7f,
    0xd1, 0x0, 0xf, 0xe, 0x49, 0x0, 0x7c, 0xba,
    0xe0, 0x1f, 0xcd, 0xba, 0xa8, 0x84, 0xdf, 0xd1,
    0x0, 0x70,

    /* U+03C0 "π" */
    0x9f, 0xff, 0xfe, 0x48, 0x80, 0x7f, 0xfe, 0x6e,
    0xa8, 0x60, 0x1a, 0x2a, 0xb8, 0xc0, 0x34, 0x55,
    0x4, 0x95, 0x4e, 0x1, 0x91, 0x57, 0x98, 0x3,
    0x22, 0xa8, 0x3, 0xff, 0xfe, 0x1, 0xff, 0xff,
    0x0, 0xff, 0xff, 0x80, 0x7f, 0xff, 0xc0,

    /* U+03C1 "ρ" */
    0x0, 0xf8, 0x95, 0xde, 0x41, 0x0, 0xff, 0x9f,
    0x75, 0x51, 0x15, 0xf5, 0x98, 0x7, 0xc5, 0xb0,
    0x40, 0x1f, 0x26, 0x38, 0x7, 0x16, 0x10, 0x7,
    0xfd, 0x10, 0x0, 0xdc, 0x20, 0x1c, 0x22, 0x0,
    0xf3, 0xa0, 0x1, 0x8c, 0x3, 0x37, 0x75, 0xf2,
    0x20, 0x1a, 0x40, 0x16, 0x1, 0x9e, 0x44, 0x2,
    0x6d, 0x0, 0xc4, 0x84, 0x40, 0x8, 0x60, 0x3,
    0xc6, 0xc0, 0x1b, 0x1c, 0x3, 0x38, 0x7, 0xea,
    0x0, 0xc6, 0x40, 0x1b, 0xc0, 0x3f, 0x10, 0x6,
    0x60, 0xf, 0xfe, 0x10, 0x80, 0x63, 0xf0, 0xc,
    0x20, 0x1f, 0x84, 0x3, 0x18, 0x7, 0x70, 0x7,
    0xe5, 0x0, 0xcc, 0x1, 0xce, 0x1, 0xfb, 0x40,
    0x31, 0x80, 0x70, 0xc0, 0x7, 0x8d, 0x80, 0x35,
    0x80, 0x79, 0xe4, 0x40, 0x26, 0xc0, 0xc, 0x66,
    0x0, 0xf9, 0xbb, 0xaf, 0x90, 0xe, 0x80, 0xf,
    0xf0, 0x88, 0x3, 0xce, 0x80, 0x1f, 0xfc, 0x57,
    0x80, 0xf, 0xa2, 0x2, 0x1, 0xe3, 0xc8, 0x0,
    0xfc, 0x2f, 0xd9, 0x31, 0xa, 0xdc, 0x30, 0xf,
    0xfe, 0x1, 0xb3, 0xb9, 0x48, 0x3, 0xff, 0xfe,
    0x1, 0xff, 0xe7, 0xc7, 0x7c, 0xa0, 0x1f, 0xfc,
    0x20,

    /* U+03C2 "ς" */
    0x0, 0xf8, 0xd9, 0xdc, 0xc8, 0x1, 0xff, 0x3f,
    0x64, 0xc4, 0x26, 0xfe, 0x44, 0x3, 0xc5, 0xb0,
    0x20, 0x1f, 0x37, 0x28, 0x6, 0x2c, 0x20, 0xf,
    0xfa, 0x90, 0x2, 0xf1, 0x0, 0xff, 0xe0, 0xd0,
    0x83, 0x10, 0x6, 0x2a, 0xed, 0xa2, 0x0, 0xc2,
    0xc1, 0x60, 0x18, 0x71, 0x44, 0x97, 0x48, 0x3,
    0x59, 0x10, 0x3, 0x48, 0x80, 0x77, 0x1, 0xbd,
    0xe3, 0x80, 0x72, 0x0, 0x78, 0xff, 0x21, 0x0,
    0x80, 0x38, 0xc0, 0x3f, 0xf8, 0x1e, 0x1, 0xff,
    0xd9, 0xf0, 0xe, 0x20, 0xf, 0xfe, 0x1, 0x80,
    0x75, 0x0, 0x7f, 0xf0, 0x14, 0x3, 0x9d, 0x80,
    0x3f, 0xe1, 0x50, 0xe, 0x9e, 0xa9, 0x9a, 0x14,
    0x3, 0xa0, 0x3, 0xc2, 0xac, 0xd3, 0xd7, 0xb8,
    0x4, 0x54, 0x1, 0xff, 0xc1, 0x87, 0x0, 0x96,
    0xc4, 0x3, 0xff, 0x81, 0x2, 0x1, 0x27, 0x4a,
    0x8, 0x7, 0xf9, 0x80, 0x39, 0xaf, 0xbf, 0xdd,
    0x90, 0x1, 0xda, 0x1, 0xfe, 0x13, 0x7b, 0x0,
    0xcc, 0x1, 0xff, 0xc1, 0x42, 0x0, 0xff, 0xe3,
    0x38, 0x4, 0xe0, 0x1f, 0xfc, 0x2f, 0x77, 0xb8,

    /* U+03C3 "σ" */
    0x0, 0xf3, 0x5f, 0x7f, 0xff, 0xf0, 0xc, 0x3,
    0x2f, 0x4a, 0x8, 0x7, 0xff, 0x12, 0x28, 0x40,
    0x3f, 0xf8, 0xce, 0xe0, 0xf, 0xfe, 0x39, 0xc0,
    0x7, 0x13, 0x31, 0x40, 0x3c, 0x57, 0x62, 0x8,
    0x0, 0xe9, 0xd9, 0x95, 0x72, 0x0, 0x62, 0x64,
    0x11, 0x20, 0x6, 0x86, 0x0, 0xc3, 0x64, 0x1,
    0xac, 0x0, 0x80, 0x1c, 0xe0, 0x1f, 0x58, 0x6,
    0x40, 0x1, 0x0, 0x64, 0x0, 0xfc, 0x80, 0x18,
    0x80, 0x1e, 0x1, 0x84, 0x3, 0xf1, 0x0, 0x70,
    0x80, 0x7f, 0xf0, 0xc4, 0x3, 0xee, 0x0, 0xce,
    0x1, 0xf9, 0x40, 0x38, 0x41, 0x40, 0x31, 0x18,
    0x7, 0xdc, 0x1, 0x8c, 0x0, 0x64, 0x1, 0xbc,
    0x3, 0xca, 0xa0, 0xd, 0x40, 0x15, 0x80, 0x63,
    0xd5, 0x21, 0x38, 0xa0, 0xc, 0x2c, 0x1, 0x31,
    0x80, 0x62, 0xad, 0xec, 0x70, 0xe, 0xb0, 0xe,
    0xd2, 0x0, 0xff, 0xe0, 0xba, 0x80, 0x70, 0xe1,
    0x80, 0x7f, 0xd1, 0x0, 0xf, 0x87, 0x24, 0x80,
    0x3e, 0x5d, 0x70, 0xf, 0xf3, 0x6e, 0xaa, 0x21,
    0x37, 0xf4, 0x40, 0x1e,

    /* U+03C4 "τ" */
    0x1f, 0xff, 0xfe, 0x2c, 0x0, 0x7f, 0xfb, 0x46,
    0xab, 0xc4, 0x1, 0xa2, 0xab, 0xc0, 0xab, 0xe6,
    0x0, 0xca, 0xbe, 0x20, 0xf, 0xff, 0xf8, 0x7,
    0xff, 0x9c, 0x40, 0x3f, 0xf8, 0xce, 0x1, 0xff,
    0xc1, 0x10, 0xd, 0x2, 0x1, 0xff, 0xc0, 0x20,
    0xc, 0x7d, 0x97, 0x69, 0x0, 0xfd, 0x40, 0x1e,
    0x34, 0x42, 0x80, 0x7e, 0x28, 0x0, 0xff, 0xe3,
    0x3c, 0x88, 0x7, 0xff, 0x15, 0xbb, 0x26, 0x1d,
    0xd1, 0x0,

    /* U+03C5 "υ" */
    0xdf, 0xfc, 0x40, 0x1f, 0x47, 0xfe, 0x70, 0xf,
    0xff, 0xf8, 0x7, 0xff, 0xfc, 0x3, 0xff, 0x9c,
    0x20, 0x1f, 0x8, 0x7, 0x8, 0x6, 0x60, 0xf,
    0x94, 0x3, 0xb, 0x80, 0x6f, 0x0, 0xf0, 0x98,
    0x6, 0x32, 0x0, 0xca, 0x60, 0x1d, 0x0, 0x1c,
    0xd8, 0x1, 0xd8, 0xe4, 0x44, 0xa6, 0x0, 0xc2,
    0x6a, 0x20, 0x1d, 0x1b, 0xab, 0x50, 0xe, 0x60,
    0x5, 0x80, 0x7f, 0xf0, 0x86, 0x40, 0xb, 0x0,
    0x1f, 0xfc, 0x2, 0xc1, 0x0, 0x9f, 0x10, 0x3,
    0xf0, 0xbe, 0x90, 0x7, 0x1d, 0xf5, 0xcc, 0x45,
    0x59, 0xd0, 0x1, 0x80,

    /* U+03C6 "φ" */
    0x0, 0xff, 0x37, 0xfd, 0xc0, 0x1f, 0xff, 0xf0,
    0xf, 0xff, 0x19, 0x22, 0x38, 0x3, 0x1a, 0x18,
    0x80, 0x7f, 0xc3, 0x1d, 0xb7, 0x67, 0x0, 0x87,
    0x2f, 0x3b, 0x10, 0x3, 0xf2, 0x7b, 0x88, 0x7,
    0xff, 0x0, 0xee, 0x80, 0x3c, 0x76, 0x20, 0x1f,
    0xfc, 0x45, 0xb0, 0xe, 0xd0, 0xf, 0xfe, 0x3a,
    0x30, 0x4, 0xe2, 0x1, 0x92, 0xf1, 0xc0, 0x21,
    0xcc, 0x48, 0x80, 0x68, 0x0, 0xa4, 0x3, 0x35,
    0xa1, 0xf0, 0x6, 0x33, 0x37, 0x88, 0x4, 0x2c,
    0x4, 0x20, 0x1a, 0x40, 0x3f, 0xe1, 0x90, 0xd,
    0x80, 0x80, 0x19, 0x40, 0x3f, 0xf8, 0x2a, 0x1,
    0x9c, 0x4, 0x3, 0x10, 0x7, 0xff, 0x4, 0x80,
    0x31, 0x7, 0x80, 0x6e, 0x0, 0xff, 0xe1, 0x8,
    0x7, 0xff, 0x4f, 0xc0, 0x37, 0x0, 0x7f, 0xf0,
    0x84, 0x3, 0x88, 0x3, 0x18, 0x7, 0xff, 0x4,
    0x80, 0x31, 0x3, 0x80, 0x64, 0x10, 0xf, 0xfe,
    0x5, 0x0, 0x67, 0x2, 0x10, 0xd, 0x0, 0x1f,
    0xf1, 0x38, 0x6, 0xc0, 0x4, 0x80, 0x66, 0xb4,
    0x2e, 0x0, 0xc4, 0x6f, 0x80, 0x18, 0x58, 0x0,
    0xe2, 0x1, 0x92, 0xf5, 0xc0, 0x21, 0xdc, 0x81,
    0x0, 0xd0, 0x1, 0xb4, 0x3, 0xff, 0x8e, 0x8c,
    0x1, 0x8e, 0xc4, 0x3, 0xff, 0x88, 0xb6, 0x1,
    0xe4, 0xf7, 0x10, 0xf, 0xfe, 0x1, 0xdd, 0x0,
    0x7e, 0x18, 0xed, 0xbb, 0x38, 0x4, 0x39, 0x79,
    0xd8, 0x80, 0x1f, 0xfc, 0x2, 0x44, 0x70, 0x6,
    0x34, 0x31, 0x0, 0xff, 0xff, 0x80, 0x7f, 0xff,
    0xc0, 0x3f, 0xf8, 0x20,

    /* U+03C7 "χ" */
    0x2f, 0xfe, 0x90, 0xf, 0x2f, 0xff, 0x29, 0x48,
    0x6, 0x64, 0x0, 0xc3, 0x40, 0x19, 0x54, 0xc,
    0xa0, 0x1a, 0x84, 0x2, 0xa0, 0xc, 0x54, 0x1,
    0x58, 0x80, 0x43, 0x60, 0x6, 0x40, 0xd, 0xc0,
    0x18, 0x68, 0x3, 0x2b, 0x14, 0x80, 0x68, 0x30,
    0xe, 0x47, 0x0, 0xd3, 0xc0, 0x19, 0x1c, 0x3,
    0xe8, 0x30, 0xc, 0x60, 0x10, 0xd0, 0x7, 0xf7,
    0x0, 0x7e, 0xa1, 0x0, 0xfe, 0x2a, 0x0, 0xf3,
    0x20, 0x7, 0xfc, 0xa4, 0x1, 0xd0, 0x1, 0xff,
    0xc0, 0x72, 0x0, 0xea, 0x0, 0xff, 0x8e, 0x0,
    0x3c, 0x8e, 0x1, 0xfe, 0xd0, 0xf, 0xd0, 0x60,
    0x1f, 0xa8, 0x40, 0x22, 0x50, 0xd, 0xc0, 0x1f,
    0x32, 0x80, 0x6e, 0xa1, 0x0, 0x8a, 0x80, 0x38,
    0xa4, 0x3, 0x39, 0x85, 0x0, 0x65, 0x50, 0x6,
    0xe0, 0xc, 0x50, 0x0, 0x46, 0x0, 0xd4, 0x40,
    0x8, 0x30, 0xd, 0xe0, 0x1a, 0x48, 0x3, 0x70,
    0x23, 0x80, 0x68, 0x20, 0xe, 0xe0, 0xc, 0x70,

    /* U+03C8 "ψ" */
    0xdf, 0xfa, 0xc0, 0x37, 0x7f, 0xd8, 0x1, 0xbb,
    0xfe, 0xb0, 0xf, 0xff, 0xf8, 0x7, 0xff, 0xfc,
    0x3, 0xff, 0xfe, 0x1, 0xfc, 0xe0, 0x1f, 0xfc,
    0x61, 0x0, 0x8c, 0x3, 0xff, 0x80, 0x42, 0x1,
    0xa, 0x80, 0x67, 0x0, 0xff, 0xa0, 0x3, 0x6e,
    0x0, 0x68, 0x81, 0x0, 0x78, 0x52, 0xd4, 0x3,
    0x2a, 0x84, 0x3, 0x3e, 0xf8, 0x80, 0x47, 0xd6,
    0x80, 0x19, 0x8, 0x2c, 0x3, 0xff, 0x8f, 0x20,
    0x5, 0x90, 0xf, 0xfe, 0x20, 0xe1, 0x0, 0x4d,
    0xaa, 0x1, 0xff, 0xc0, 0x17, 0xf3, 0x0, 0xe2,
    0xaf, 0xc9, 0x80, 0xc, 0x31, 0x39, 0xd0, 0x20,
    0x1f, 0xc6, 0xce, 0x20, 0x11, 0x3b, 0x18, 0x7,
    0xff, 0xfc, 0x3, 0xff, 0xf2,

    /* U+03C9 "ω" */
    0x0, 0xff, 0xe9, 0xaf, 0x18, 0x7, 0xff, 0x4,
    0xf9, 0x40, 0x3e, 0x5a, 0x1d, 0x20, 0xf, 0xf8,
    0xb4, 0x69, 0x40, 0x38, 0xa8, 0x0, 0x3e, 0x20,
    0x1f, 0xc3, 0xe2, 0x0, 0xa2, 0x0, 0xdc, 0x1,
    0x8a, 0x80, 0x3f, 0xa8, 0x80, 0x37, 0x0, 0x48,
    0x60, 0x18, 0x60, 0x3, 0xfa, 0x4, 0x3, 0x1a,
    0x0, 0x38, 0x3, 0xa8, 0xc0, 0x3f, 0x8e, 0x80,
    0x3b, 0x80, 0xa, 0x1, 0x9d, 0x0, 0x3f, 0xe4,
    0x60, 0xc, 0xa0, 0x80, 0x1d, 0x20, 0x19, 0xa2,
    0x25, 0x0, 0xd0, 0x1, 0xc6, 0x40, 0x18, 0x84,
    0x3, 0x53, 0xbd, 0xc0, 0x18, 0x48, 0x3, 0x2f,
    0x0, 0x67, 0x0, 0xff, 0xe1, 0xb0, 0x6, 0xe0,
    0xf, 0xfe, 0x1b, 0x80, 0x70, 0x80, 0x7f, 0x84,
    0x3, 0x84, 0x3, 0xf8, 0x40, 0x3b, 0x80, 0x33,
    0x0, 0x7f, 0x8, 0x7, 0x30, 0x6, 0xe2, 0x0,
    0xc4, 0x40, 0xc, 0x40, 0x11, 0x0, 0x62, 0x20,
    0x6, 0x54, 0x0, 0xeb, 0x0, 0x8c, 0x3, 0x8c,
    0x2, 0x80, 0xe, 0x30, 0x50, 0xc, 0xd2, 0x47,
    0xc0, 0x1d, 0xc6, 0x52, 0xa0, 0x19, 0x40, 0x12,
    0x1, 0xcd, 0xb8, 0x40, 0x1c, 0x59, 0xac, 0x1,
    0xd0, 0x0, 0x36, 0x0, 0xff, 0x10, 0x7, 0xf9,
    0xc8, 0x2, 0x94, 0x0, 0xfc, 0x7a, 0x60, 0x1f,
    0x96, 0x0, 0x3a, 0xe0, 0x3, 0xcb, 0xa1, 0xaa,
    0x1, 0xe8, 0xa0, 0xf, 0x9f, 0xee, 0x21, 0x5d,
    0x42, 0x3, 0x5d, 0x51, 0xb, 0xf7, 0x0, 0xc0,

    /* U+03CA "ϊ" */
    0xaf, 0xfa, 0x80, 0x2f, 0xfc, 0x80, 0x1f, 0xfe,
    0x39, 0xaa, 0xa4, 0x2, 0xaa, 0xca, 0x0, 0x35,
    0x58, 0xc0, 0x25, 0x5c, 0x20, 0x1f, 0xfc, 0x81,
    0xff, 0xd8, 0x1, 0xff, 0xff, 0x0, 0xff, 0xff,
    0x80, 0x7f, 0xf4, 0x44, 0x3, 0xff, 0x84, 0x60,
    0x1f, 0xc2, 0x1, 0x86, 0x0, 0x3f, 0x84, 0x3,
    0x3f, 0x5d, 0xca, 0x1, 0xa4, 0x3, 0x85, 0x12,
    0x30, 0xc, 0xe6, 0x1, 0xff, 0xc2, 0xd6, 0x0,
    0xff, 0xe0, 0x8c, 0xf5, 0x43, 0xba, 0x25, 0xc0,

    /* U+03CB "ϋ" */
    0x0, 0xab, 0xfe, 0xa0, 0xb, 0xff, 0x20, 0x7,
    0xff, 0xce, 0x6a, 0xa9, 0x0, 0xaa, 0xb2, 0x80,
    0x78, 0xd5, 0x63, 0x0, 0x95, 0x70, 0x80, 0x7f,
    0xf2, 0xb7, 0xff, 0x10, 0x7, 0xd1, 0xff, 0x9c,
    0x3, 0xff, 0xfe, 0x1, 0xff, 0xff, 0x0, 0xff,
    0xe7, 0x8, 0x7, 0xc2, 0x1, 0xc2, 0x1, 0x98,
    0x3, 0xe5, 0x0, 0xc2, 0xe0, 0x1b, 0xc0, 0x3c,
    0x26, 0x1, 0x8c, 0x80, 0x32, 0x98, 0x7, 0x40,
    0x7, 0x36, 0x0, 0x76, 0x39, 0x11, 0x29, 0x80,
    0x30, 0x9a, 0x88, 0x7, 0x46, 0xea, 0xd4, 0x3,
    0x98, 0x1, 0x60, 0x1f, 0xfc, 0x21, 0x90, 0x2,
    0xc0, 0x7, 0xff, 0x0, 0xb0, 0x40, 0x27, 0xc4,
    0x0, 0xfc, 0x2f, 0xa4, 0x1, 0xc7, 0x7d, 0x73,
    0x11, 0x56, 0x74, 0x0, 0x60,

    /* U+03CC "ό" */
    0x0, 0xff, 0xea, 0x5f, 0xfb, 0x80, 0x3f, 0xf8,
    0x84, 0x80, 0x9, 0x0, 0xff, 0xe2, 0x58, 0x4,
    0xc0, 0x1f, 0xfc, 0x46, 0x0, 0x28, 0x80, 0x7f,
    0xf0, 0xd8, 0x2, 0x90, 0xf, 0xfe, 0x25, 0x80,
    0xc, 0xc0, 0x1f, 0xfc, 0x34, 0x20, 0x4, 0x80,
    0x7f, 0xf1, 0x13, 0xfe, 0x50, 0xf, 0xfe, 0xc1,
    0x2b, 0xb9, 0x90, 0x40, 0x3f, 0xf8, 0xd, 0xba,
    0xa8, 0x84, 0xdf, 0x51, 0x0, 0x7e, 0x1c, 0x92,
    0x0, 0xf9, 0x75, 0xc0, 0x3c, 0x3e, 0x60, 0x1f,
    0xf4, 0x40, 0x3, 0xb4, 0x40, 0x3f, 0xf8, 0x2e,
    0xa0, 0x13, 0x18, 0x6, 0x2a, 0xde, 0xc7, 0x0,
    0xeb, 0x0, 0xac, 0x3, 0x1e, 0xa9, 0x9, 0xc5,
    0x80, 0x61, 0x60, 0x22, 0x0, 0x6f, 0x0, 0xf2,
    0x28, 0x6, 0xd0, 0x40, 0xc, 0x46, 0x1, 0xf7,
    0x0, 0x64, 0xe, 0x0, 0xcc, 0x1, 0xf9, 0x40,
    0x38, 0x40, 0x38, 0x40, 0x3f, 0x8, 0x7, 0xff,
    0x20, 0x40, 0x3d, 0xc0, 0x19, 0xc0, 0x3f, 0x28,
    0x7, 0xa, 0x0, 0x62, 0x30, 0xf, 0xb8, 0x3,
    0x20, 0x11, 0x0, 0x37, 0x0, 0x79, 0x54, 0x1,
    0xb4, 0x1, 0x60, 0x18, 0xb5, 0x48, 0x4e, 0x68,
    0x3, 0xb, 0x0, 0x18, 0xc0, 0x31, 0x56, 0xf6,
    0x30, 0x7, 0x58, 0x6, 0xd1, 0x0, 0xff, 0xe0,
    0xba, 0x80, 0x61, 0xf3, 0x0, 0xff, 0xa2, 0x0,
    0x1e, 0x1c, 0x92, 0x0, 0xf9, 0x75, 0xc0, 0x3f,
    0x9b, 0x75, 0x51, 0x9, 0xbf, 0xa2, 0x0, 0xe0,

    /* U+03CD "ύ" */
    0x0, 0xff, 0xe8, 0x27, 0xfc, 0xa0, 0x1f, 0xfc,
    0x2f, 0x0, 0xa, 0x80, 0x7f, 0xf0, 0x49, 0x0,
    0x12, 0x1, 0xff, 0xc2, 0xa0, 0x9, 0x80, 0x3f,
    0xf8, 0x4e, 0x0, 0x51, 0x0, 0xff, 0xe0, 0xb0,
    0x5, 0x20, 0x1f, 0xfc, 0x2b, 0x0, 0x19, 0x80,
    0x3f, 0xf8, 0x5b, 0xfe, 0xc0, 0xf, 0xff, 0x16,
    0xff, 0xe2, 0x0, 0xfa, 0x3f, 0xf3, 0x80, 0x7f,
    0xff, 0xc0, 0x3f, 0xff, 0xe0, 0x1f, 0xfc, 0xe1,
    0x0, 0xf8, 0x40, 0x38, 0x40, 0x33, 0x0, 0x7c,
    0xa0, 0x18, 0x5c, 0x3, 0x78, 0x7, 0x84, 0xc0,
    0x31, 0x90, 0x6, 0x53, 0x0, 0xe8, 0x0, 0xe6,
    0xc0, 0xe, 0xc7, 0x22, 0x25, 0x30, 0x6, 0x13,
    0x51, 0x0, 0xe8, 0xdd, 0x5a, 0x80, 0x73, 0x0,
    0x2c, 0x3, 0xff, 0x84, 0x32, 0x0, 0x58, 0x0,
    0xff, 0xe0, 0x16, 0x8, 0x4, 0xf8, 0x80, 0x1f,
    0x85, 0xf4, 0x80, 0x38, 0xef, 0xae, 0x62, 0x2a,
    0xce, 0x80, 0xc,

    /* U+03CE "ώ" */
    0x0, 0xff, 0xee, 0x57, 0xfb, 0x80, 0x3f, 0xf9,
    0x42, 0xa0, 0x6, 0x0, 0xff, 0xe5, 0x48, 0x5,
    0x20, 0x1f, 0xfc, 0xa6, 0x0, 0x28, 0x80, 0x7f,
    0xf2, 0x58, 0x40, 0x1c, 0x1, 0xff, 0xca, 0xa0,
    0x1, 0x20, 0x7, 0xff, 0x24, 0xcc, 0x0, 0xb0,
    0xf, 0xfe, 0x51, 0xff, 0xcc, 0x1, 0xff, 0xdf,
    0x1a, 0x10, 0xf, 0xfe, 0x8, 0xd0, 0x80, 0x7c,
    0x5e, 0xba, 0x1, 0xff, 0xc1, 0xd5, 0xf2, 0x0,
    0xf7, 0x88, 0x1d, 0x0, 0x7f, 0xd6, 0x60, 0x3e,
    0x1, 0xd2, 0x40, 0x12, 0xc8, 0x7, 0xf4, 0xa0,
    0x4, 0x52, 0x1, 0x13, 0x0, 0x77, 0x80, 0x7f,
    0x78, 0x7, 0x31, 0x0, 0x2c, 0x3, 0xa5, 0x80,
    0x3f, 0x9a, 0x40, 0x3a, 0xc0, 0xe, 0x1, 0x95,
    0x80, 0x3f, 0xe6, 0x50, 0xc, 0xe0, 0x62, 0x1,
    0xa0, 0x3, 0x1a, 0x24, 0x60, 0x1a, 0x0, 0x30,
    0x92, 0x80, 0x62, 0x20, 0x6, 0xfb, 0xba, 0x0,
    0x31, 0x10, 0x3, 0x3f, 0x0, 0x66, 0x0, 0xff,
    0xe1, 0xb0, 0x6, 0x20, 0xe, 0x10, 0xf, 0xfe,
    0x18, 0x80, 0x6f, 0x0, 0xff, 0xe1, 0xb8, 0x7,
    0x8, 0x7, 0x78, 0x6, 0x70, 0xe, 0x10, 0x8,
    0x40, 0x39, 0x80, 0x37, 0x18, 0x6, 0x21, 0x0,
    0xc4, 0x1, 0x10, 0x6, 0x12, 0x0, 0xc4, 0x80,
    0x1d, 0x0, 0x11, 0x80, 0x71, 0x80, 0x50, 0x1,
    0xc8, 0xa, 0x1, 0x9a, 0x48, 0xf8, 0x3, 0xbc,
    0xca, 0x58, 0x3, 0x28, 0x2, 0x40, 0x39, 0xb7,
    0x8, 0x3, 0x8f, 0x35, 0x80, 0x3a, 0x40, 0x6,
    0xc0, 0x1f, 0xe2, 0x0, 0xff, 0x31, 0x80, 0x52,
    0x80, 0x1f, 0x8f, 0x4c, 0x3, 0xf2, 0x48, 0x7,
    0x5b, 0x80, 0x79, 0x74, 0x35, 0x40, 0x3d, 0x16,
    0x1, 0xf4, 0x7d, 0x44, 0x2b, 0xa8, 0x40, 0x6b,
    0xaa, 0x21, 0x7e, 0xe0, 0x18,

    /* U+0400 "Ѐ" */
    0x0, 0xc9, 0xff, 0x28, 0x7, 0xff, 0x5, 0x8,
    0x1, 0x20, 0x1f, 0xfc, 0x2a, 0x0, 0x19, 0x0,
    0x7f, 0xf0, 0x58, 0x2, 0xb0, 0xf, 0xfe, 0x8,
    0xb0, 0x1, 0x84, 0x3, 0xff, 0x83, 0x60, 0x13,
    0x0, 0x7f, 0xf0, 0x48, 0xc0, 0x14, 0x1, 0xff,
    0xc2, 0xcf, 0xf6, 0x80, 0x7f, 0xf7, 0xdf, 0xff,
    0xff, 0x88, 0xe0, 0x1f, 0xfe, 0xf3, 0x66, 0xff,
    0x8c, 0x3, 0xaa, 0x67, 0xfe, 0x40, 0xf, 0xff,
    0xf8, 0x2, 0x7f, 0xff, 0x90, 0x3, 0xff, 0xe2,
    0x6c, 0xdf, 0xe0, 0xf, 0xaa, 0x67, 0xf8, 0x80,
    0x3f, 0xff, 0xe0, 0x1f, 0xfc, 0xaa, 0x99, 0xff,
    0x90, 0x3, 0x8d, 0x9b, 0xfe, 0x30, 0xf, 0xff,
    0x50,

    /* U+0401 "Ё" */
    0x0, 0xbf, 0xf2, 0x0, 0x1b, 0xfe, 0xe0, 0xf,
    0xff, 0x85, 0x56, 0x50, 0x2, 0x55, 0x60, 0xf,
    0x2a, 0xe1, 0x0, 0x12, 0xac, 0x80, 0x1f, 0xfc,
    0x97, 0xff, 0xff, 0xe2, 0x38, 0x7, 0xff, 0xbc,
    0xd9, 0xbf, 0xe3, 0x0, 0xea, 0x99, 0xff, 0x90,
    0x3, 0xff, 0xfe, 0x0, 0x9f, 0xff, 0xe4, 0x0,
    0xff, 0xf8, 0x9b, 0x37, 0xf8, 0x3, 0xea, 0x99,
    0xfe, 0x20, 0xf, 0xff, 0xf8, 0x7, 0xff, 0x2a,
    0xa6, 0x7f, 0xe4, 0x0, 0xe3, 0x66, 0xff, 0x8c,
    0x3, 0xff, 0xd4,

    /* U+0402 "Ђ" */
    0xff, 0xff, 0xe0, 0x80, 0x7f, 0xff, 0xc0, 0x3f,
    0x55, 0x24, 0x3, 0x45, 0x57, 0x0, 0x7f, 0xca,
    0xa4, 0x0, 0xc8, 0xab, 0xc0, 0x1f, 0xfc, 0xa4,
    0x67, 0x73, 0x20, 0x7, 0xff, 0xc, 0xef, 0xee,
    0x62, 0x13, 0x7f, 0x24, 0x1, 0xff, 0x4e, 0x20,
    0x7, 0xe6, 0xd5, 0x0, 0xff, 0x28, 0x7, 0xff,
    0x2, 0x90, 0x3, 0xff, 0x97, 0x40, 0x1f, 0xfc,
    0x4, 0x9b, 0xca, 0x60, 0xe, 0x17, 0x0, 0xff,
    0x55, 0xb2, 0x1a, 0xce, 0x88, 0x6, 0xb0, 0xf,
    0xe8, 0x50, 0xf, 0x15, 0x0, 0x63, 0x0, 0xfe,
    0x60, 0xf, 0xc8, 0x20, 0x18, 0x80, 0x3e, 0x11,
    0x0, 0x7f, 0x10, 0x6, 0x10, 0xf, 0x8c, 0x3,
    0xfc, 0xe0, 0x1f, 0xfc, 0xb6, 0x0, 0xff, 0xe5,
    0x11, 0x0, 0x31, 0x0, 0x7f, 0xf1, 0x60, 0x3,
    0x8, 0x80, 0x3f, 0xf8, 0x69, 0x6a, 0x1, 0x9c,
    0x3, 0xff, 0x85, 0x3f, 0x68, 0x1, 0xd6, 0x1,
    0xff, 0xca, 0x62, 0x0, 0xff, 0xe4, 0xa4, 0x80,
    0x7f, 0xf2, 0x5e, 0xc0, 0x3f, 0xf8, 0xc2, 0x91,
    0xd0, 0x1, 0x80,

    /* U+0403 "Ѓ" */
    0x0, 0xfd, 0x5f, 0xf0, 0x7, 0xff, 0x4, 0x54,
    0x0, 0xc0, 0x1f, 0xfc, 0x16, 0x0, 0xac, 0x3,
    0xff, 0x83, 0x20, 0x4, 0x20, 0xf, 0xfe, 0x2,
    0x88, 0x3, 0xc0, 0x3f, 0xf8, 0x32, 0x0, 0x24,
    0x0, 0xff, 0xe0, 0x11, 0x80, 0x28, 0x3, 0xff,
    0x82, 0x5f, 0xf3, 0x80, 0x7f, 0xf8, 0x1f, 0xff,
    0xff, 0x88, 0xe0, 0x1f, 0xfe, 0xf3, 0x66, 0xff,
    0x8c, 0x3, 0xaa, 0x67, 0xfe, 0x40, 0xf, 0xff,
    0xf8, 0x7, 0xff, 0xfc, 0x3, 0xff, 0xfe, 0x1,
    0xff, 0xff, 0x0, 0xff, 0xf8, 0x0,

    /* U+0404 "Є" */
    0x0, 0xfe, 0x36, 0x77, 0x94, 0xc0, 0x3f, 0xf8,
    0x65, 0x5f, 0x93, 0x11, 0x56, 0x74, 0x90, 0x7,
    0xfd, 0x3a, 0xa0, 0x1f, 0x85, 0xb6, 0x40, 0x3f,
    0xe, 0x30, 0x7, 0xff, 0x5, 0xb0, 0x3, 0xed,
    0x30, 0xf, 0xfe, 0x19, 0xe0, 0x7, 0x49, 0x80,
    0x72, 0x4e, 0x6e, 0xa9, 0x40, 0x38, 0xdc, 0x2,
    0x36, 0x0, 0xc3, 0x76, 0x63, 0x22, 0x2d, 0x60,
    0x80, 0x68, 0x10, 0x4, 0x80, 0x76, 0x20, 0x7,
    0xc7, 0x80, 0x1c, 0xc0, 0x2a, 0x1, 0xa4, 0x80,
    0x3f, 0x8a, 0x0, 0x35, 0x2, 0x0, 0x61, 0x60,
    0xf, 0xf9, 0xcd, 0x1a, 0x64, 0x18, 0x1, 0x9c,
    0x3, 0xff, 0x83, 0x97, 0x2c, 0x80, 0xa0, 0x19,
    0x66, 0x7f, 0x20, 0x7, 0xf8, 0x40, 0x31, 0xb3,
    0x7e, 0x30, 0xf, 0xf1, 0x80, 0x7f, 0xf9, 0x4c,
    0x3, 0xff, 0x98, 0xc0, 0x1a, 0x3f, 0xff, 0x38,
    0x7, 0xf8, 0x80, 0x36, 0x0, 0x7f, 0xf1, 0xf0,
    0x3, 0x20, 0x80, 0x7f, 0xc5, 0xd6, 0xc4, 0x0,
    0x50, 0xe, 0x90, 0xf, 0xfa, 0x5, 0x27, 0x68,
    0x0, 0xc0, 0x19, 0xd0, 0x3, 0xf9, 0x54, 0x1,
    0xb0, 0x1, 0x60, 0x1d, 0x6a, 0x1, 0xf3, 0x50,
    0x6, 0x16, 0x0, 0x14, 0x0, 0x75, 0x63, 0x19,
    0x11, 0xb2, 0x40, 0x3a, 0xc0, 0x33, 0xa0, 0x7,
    0x1c, 0xe6, 0xea, 0x4c, 0x3, 0x95, 0x40, 0x1d,
    0x68, 0x1, 0xff, 0xc3, 0x4a, 0x0, 0xfa, 0xdc,
    0x3, 0xff, 0x82, 0xf6, 0x1, 0xfd, 0x1a, 0xc0,
    0x1f, 0x85, 0xb6, 0x0, 0x3f, 0xe2, 0x9f, 0xc9,
    0x88, 0xab, 0x7a, 0x48, 0x3, 0xc0,

    /* U+0405 "Ѕ" */
    0x0, 0xfc, 0x8c, 0xee, 0x64, 0x10, 0xf, 0xfe,
    0x2, 0x5f, 0xdc, 0xc4, 0x26, 0xfb, 0x14, 0x3,
    0xf0, 0xdd, 0x90, 0x3, 0xf1, 0xd6, 0x8, 0x7,
    0xb5, 0x0, 0x3f, 0xf8, 0x7, 0xe4, 0x1, 0xa4,
    0xc0, 0x3f, 0xf8, 0x43, 0xe0, 0x10, 0xb0, 0x7,
    0x36, 0x77, 0x31, 0x80, 0x38, 0x9c, 0x0, 0x80,
    0x1d, 0x92, 0x62, 0x23, 0x9b, 0x0, 0xe9, 0x0,
    0x68, 0x6, 0x53, 0x0, 0xf2, 0x48, 0x6, 0x15,
    0x0, 0xff, 0xe1, 0xb1, 0x1b, 0x4d, 0xa8, 0x78,
    0x6, 0x55, 0x0, 0x7e, 0xdc, 0x96, 0x40, 0x2,
    0x0, 0x75, 0x5b, 0x8, 0x7, 0xff, 0x0, 0xc8,
    0x3, 0x92, 0x7b, 0x61, 0x0, 0x3f, 0xdc, 0x1,
    0xf8, 0x9e, 0xfe, 0xd8, 0x3, 0xe3, 0xc2, 0x0,
    0xff, 0x24, 0xfb, 0x80, 0x78, 0xf6, 0x4c, 0x3,
    0xfe, 0x8c, 0x0, 0xf9, 0xb3, 0xa5, 0x40, 0x3f,
    0x8e, 0x80, 0x3f, 0xb, 0x57, 0xdb, 0x10, 0x7,
    0x94, 0xc0, 0x3f, 0xe4, 0x9d, 0xd2, 0x80, 0x75,
    0x81, 0x23, 0x4b, 0x80, 0x7e, 0x2a, 0x40, 0xc,
    0x4f, 0xb7, 0x2d, 0x20, 0x1f, 0xec, 0x0, 0xc2,
    0x80, 0x18, 0x64, 0x3, 0xfb, 0x80, 0x31, 0x19,
    0x0, 0x66, 0x80, 0xf, 0x91, 0x80, 0x37, 0x84,
    0x0, 0x73, 0xeb, 0x10, 0x92, 0xdd, 0x80, 0x39,
    0xc1, 0x50, 0x3, 0x8a, 0x77, 0xb6, 0x90, 0x3,
    0xa0, 0x40, 0x16, 0x60, 0x1f, 0xfc, 0x36, 0x70,
    0xd, 0x8c, 0x1, 0xff, 0xc1, 0x89, 0x0, 0xf4,
    0xea, 0x80, 0x7e, 0x17, 0xe7, 0x0, 0xfc, 0x55,
    0xf9, 0x31, 0x15, 0x6f, 0x40, 0x80, 0x60,

    /* U+0406 "І" */
    0x2f, 0xfd, 0x80, 0x1f, 0xff, 0xf0, 0xf, 0xff,
    0xf8,

    /* U+0407 "Ї" */
    0xaf, 0xfa, 0x80, 0x2f, 0xfc, 0x80, 0x1f, 0xfd,
    0xb9, 0xaa, 0xa4, 0x2, 0xaa, 0xca, 0x6a, 0xb1,
    0x80, 0x4a, 0xb8, 0x40, 0x3f, 0xf8, 0x85, 0xff,
    0xb0, 0x3, 0xff, 0xfe, 0x1, 0xff, 0xff, 0x0,
    0xff, 0xff, 0x80, 0x7f, 0xff, 0xc0, 0x3f, 0xfa,
    0x20,

    /* U+0408 "Ј" */
    0x0, 0xff, 0x37, 0xfe, 0x90, 0xf, 0xff, 0xf8,
    0x7, 0xff, 0xfc, 0x3, 0xff, 0xfe, 0x1, 0xff,
    0xf6, 0x36, 0x0, 0xe1, 0x0, 0xe7, 0xbf, 0xc9,
    0x40, 0xd, 0x60, 0x1b, 0xb5, 0x0, 0x2b, 0x61,
    0x3a, 0x30, 0xc, 0x72, 0x1, 0xd3, 0xd8, 0xa0,
    0x18, 0x50, 0xdc, 0x3, 0xff, 0x81, 0x40, 0x8,
    0x60, 0xf, 0xf4, 0x20, 0x5, 0x34, 0x40, 0x1e,
    0x3b, 0x70, 0xe, 0x5d, 0xc9, 0x88, 0x56, 0xe2,
    0x0, 0x40,

    /* U+0409 "Љ" */
    0x0, 0xe4, 0xff, 0xff, 0xe2, 0xc0, 0x7, 0xff,
    0x20, 0x40, 0x3f, 0xfb, 0x46, 0x1, 0xff, 0xda,
    0x10, 0xf, 0xfe, 0xd7, 0x80, 0x65, 0x66, 0xf8,
    0xc0, 0x3f, 0xf9, 0xa2, 0x1, 0xa2, 0x67, 0xe4,
    0x0, 0xff, 0xe6, 0x98, 0x6, 0x30, 0xf, 0xfe,
    0xa8, 0x80, 0x61, 0x0, 0xff, 0xea, 0xb0, 0x7,
    0xff, 0x68, 0xc0, 0x22, 0x0, 0xff, 0xe0, 0xbf,
    0xff, 0xdd, 0x6c, 0x1, 0xfe, 0x10, 0x8, 0x40,
    0x3f, 0xf9, 0x22, 0x93, 0xc8, 0x1, 0xf1, 0x0,
    0x66, 0x0, 0xff, 0xe6, 0xd, 0xa0, 0x7, 0x98,
    0x3, 0x10, 0x7, 0xff, 0x3a, 0x84, 0x3, 0x88,
    0x3, 0x70, 0x7, 0xff, 0x4, 0xdd, 0xfc, 0xa2,
    0x1, 0x86, 0x40, 0x3b, 0x80, 0x31, 0x0, 0x7f,
    0xf0, 0x52, 0x23, 0xd5, 0xc8, 0x1, 0x94, 0x3,
    0x88, 0x3, 0x30, 0x7, 0xff, 0x2a, 0x80, 0x31,
    0x8, 0x6, 0x70, 0xc, 0x40, 0x1f, 0xfc, 0xa1,
    0x30, 0xc, 0x40, 0x18, 0x80, 0x22, 0x0, 0xff,
    0xe6, 0x38, 0x6, 0x70, 0x9, 0x0, 0x33, 0x80,
    0x7f, 0xf3, 0x1c, 0x3, 0x38, 0x5, 0x80, 0x1b,
    0x0, 0x3f, 0xf9, 0x62, 0x60, 0x18, 0x80, 0x26,
    0x0, 0xca, 0x1, 0xff, 0xcb, 0xa0, 0xc, 0x42,
    0x5, 0x42, 0x1, 0x9, 0x80, 0x7f, 0xf0, 0x92,
    0x23, 0xd5, 0xc8, 0x1, 0x94, 0x2b, 0x54, 0x3,
    0x38, 0x7, 0xff, 0xc, 0xdd, 0xfc, 0xa2, 0x1,
    0xd2, 0x1, 0xfa, 0xc0, 0x3f, 0xfa, 0x14, 0x20,
    0x1f, 0x41, 0x0, 0x7f, 0xf3, 0x86, 0xd4, 0x3,
    0xc3, 0xe, 0x1, 0xff, 0xcc, 0x14, 0x9e, 0x40,
    0xa, 0xb2, 0xf3, 0x9c, 0x3, 0xff, 0x81, 0x1f,
    0xff, 0xfc, 0xe, 0xb6, 0x0, 0xe0,

    /* U+040A "Њ" */
    0x7f, 0xfc, 0xc0, 0x1f, 0xf7, 0xfe, 0xe0, 0xf,
    0xff, 0xf8, 0x7, 0xff, 0xfc, 0x3, 0xff, 0xfe,
    0x1, 0xff, 0xff, 0x0, 0xff, 0xe2, 0x4f, 0xff,
    0xfc, 0x1, 0x87, 0xff, 0xf6, 0xc9, 0x80, 0x7f,
    0xf5, 0x89, 0xb2, 0x40, 0x3f, 0xfb, 0xd, 0x60,
    0x1f, 0xfd, 0x84, 0x80, 0xf, 0x1b, 0x37, 0xfc,
    0x1, 0xcc, 0xdf, 0x10, 0x7, 0x38, 0x7, 0xaa,
    0x67, 0xfe, 0x0, 0xc3, 0x33, 0xf6, 0xd0, 0x7,
    0x28, 0x7, 0xff, 0x49, 0x58, 0x3, 0x60, 0x7,
    0xff, 0x4f, 0x40, 0x31, 0x0, 0x7f, 0xf4, 0xd8,
    0x3, 0x38, 0x7, 0xff, 0x4d, 0x80, 0x33, 0x80,
    0x7f, 0xf4, 0xf4, 0x3, 0x10, 0x7, 0xff, 0x49,
    0x58, 0x3, 0x60, 0x7, 0xff, 0x24, 0x66, 0x7e,
    0xda, 0x0, 0xe4, 0x0, 0xff, 0xe5, 0x33, 0x7c,
    0x40, 0x1c, 0xe2, 0x1, 0xff, 0xd6, 0x38, 0x0,
    0xff, 0xeb, 0x2e, 0x0, 0x7f, 0xf5, 0x9, 0xb2,
    0x80, 0x20,

    /* U+040B "Ћ" */
    0xff, 0xff, 0xe0, 0x80, 0x7f, 0xff, 0xc0, 0x35,
    0x51, 0x40, 0x32, 0xd5, 0x70, 0x7, 0xf9, 0x55,
    0xa0, 0x1b, 0x55, 0x78, 0x3, 0xff, 0xea, 0x2a,
    0xf3, 0x33, 0x98, 0x7, 0xff, 0x7, 0x73, 0xaa,
    0x19, 0xa8, 0xcd, 0x50, 0xf, 0xf9, 0x4c, 0x3,
    0xf1, 0x54, 0x0, 0x7f, 0xf2, 0x9d, 0x80, 0x3f,
    0xf9, 0x52, 0x1, 0xfe, 0x28, 0xdf, 0xf7, 0x51,
    0x0, 0x73, 0x0, 0x7e, 0x5d, 0x72, 0x0, 0xa,
    0xe1, 0x0, 0x6d, 0x0, 0xfd, 0xa0, 0x1f, 0xc,
    0x0, 0x65, 0x0, 0xff, 0xe2, 0xa8, 0x6, 0x10,
    0xf, 0xfe, 0x30, 0x80, 0x62, 0x0, 0xff, 0xe2,
    0x98, 0x7, 0xff, 0x28, 0x40, 0x3f, 0xff, 0xe0,
    0x1f, 0xff, 0x80,

    /* U+040C "Ќ" */
    0x0, 0xff, 0xbb, 0xfd, 0x40, 0x1f, 0xfc, 0x56,
    0x10, 0x7, 0x0, 0x7f, 0xf1, 0x68, 0x0, 0x48,
    0x1, 0xff, 0xc4, 0x33, 0x0, 0x2c, 0x3, 0xff,
    0x8b, 0x20, 0x1, 0x60, 0xf, 0xfe, 0x20, 0xa8,
    0x1, 0x80, 0x3f, 0xf8, 0xb2, 0x1, 0x50, 0x7,
    0xff, 0x16, 0x3f, 0xe2, 0x0, 0xff, 0xf4, 0xbf,
    0xfe, 0x60, 0xf, 0xc5, 0xff, 0xd8, 0x1, 0xff,
    0xc2, 0x1f, 0x0, 0xc3, 0xa0, 0x1f, 0xfc, 0x2d,
    0x20, 0xd, 0xa2, 0x1, 0xff, 0xc1, 0x93, 0x0,
    0xd6, 0x60, 0x1f, 0xfc, 0x16, 0x60, 0x6, 0x84,
    0x0, 0xff, 0xe0, 0xa4, 0x80, 0x66, 0x70, 0xf,
    0xfe, 0x9, 0x50, 0x6, 0x49, 0x0, 0xff, 0xe1,
    0x78, 0x80, 0x45, 0x40, 0x1f, 0xfc, 0x2b, 0x20,
    0x8, 0x7c, 0x40, 0x3f, 0xf8, 0x30, 0x80, 0x1b,
    0x48, 0x3, 0xff, 0x82, 0xae, 0x1, 0xa4, 0xc0,
    0x3f, 0xf8, 0x39, 0x40, 0x19, 0xd8, 0x3, 0xff,
    0x84, 0xa0, 0x19, 0x20, 0x3, 0xff, 0x90, 0xa2,
    0x1, 0xff, 0xc3, 0x40, 0xc, 0x38, 0x20, 0x1f,
    0xfc, 0x2d, 0x90, 0xc, 0x54, 0x1, 0xff, 0xc3,
    0x67, 0x0, 0xc9, 0x40, 0x1f, 0xfc, 0x38, 0x50,
    0xc, 0xb0, 0x1, 0xff, 0xc3, 0xa3, 0x0, 0xce,
    0xc0, 0x1f, 0xfc, 0x3d, 0x20, 0xd, 0x28, 0x1,
    0xff, 0xc2, 0x1f, 0x10, 0xd, 0x66, 0x1, 0xff,
    0xc2, 0x2d, 0x0, 0xed, 0x10, 0xf, 0xfe, 0x11,
    0xd8, 0x6, 0x1c, 0x0, 0xff, 0xe1, 0xa4, 0x80,
    0x62, 0xb0, 0xf, 0xfe, 0x1b, 0x30, 0x3, 0x25,
    0x0, 0x7f, 0xf0, 0xe5, 0x40, 0x32, 0xc0,

    /* U+040D "Ѝ" */
    0x0, 0xf0, 0xff, 0xd0, 0x1, 0xff, 0xc5, 0x15,
    0x0, 0x38, 0x7, 0xff, 0x1a, 0x40, 0x26, 0x0,
    0xff, 0xe2, 0x99, 0x80, 0x16, 0x1, 0xff, 0xc6,
    0x90, 0x1, 0x20, 0x7, 0xff, 0x15, 0x44, 0x1,
    0xc0, 0x1f, 0xfc, 0x66, 0x0, 0x28, 0x80, 0x7f,
    0xf1, 0x63, 0xfe, 0x10, 0xf, 0xff, 0x43, 0xff,
    0xe7, 0x0, 0xff, 0x4f, 0xfe, 0xb0, 0xf, 0xfe,
    0x19, 0xb0, 0x7, 0xff, 0x23, 0x80, 0x3f, 0xf9,
    0x10, 0x40, 0x1f, 0xfc, 0x73, 0x70, 0xf, 0xfe,
    0x47, 0x80, 0x7f, 0xf2, 0x1c, 0xc0, 0x3f, 0xf8,
    0xe5, 0x0, 0x1f, 0xfc, 0x8e, 0x0, 0xff, 0xe4,
    0x31, 0x80, 0x68, 0x0, 0xff, 0xe1, 0x14, 0x80,
    0x66, 0x30, 0xf, 0xfe, 0x14, 0x80, 0x62, 0x90,
    0xf, 0xfe, 0x13, 0x20, 0x6, 0x90, 0xf, 0xfe,
    0x10, 0xc0, 0x6, 0x64, 0x0, 0xff, 0xe1, 0x58,
    0x80, 0x43, 0x0, 0x1f, 0xfc, 0x25, 0x50, 0x6,
    0xb1, 0x0, 0xff, 0xe0, 0xfd, 0x80, 0x65, 0x50,
    0x7, 0xff, 0x9, 0xc4, 0x2, 0x1b, 0x0, 0xff,
    0xe4, 0x58, 0x80, 0x7f, 0xf1, 0xd1, 0x40, 0x3f,
    0xf9, 0x14, 0x1, 0xff, 0xc8, 0x91, 0x0, 0xff,
    0xe3, 0x9b, 0x0, 0x7f, 0xf2, 0x38, 0x3, 0xff,
    0x91, 0x4, 0x1, 0xff, 0xc7, 0x37, 0x0, 0xff,
    0xe1, 0x80,

    /* U+040E "Ў" */
    0x0, 0xf4, 0xff, 0xc6, 0x1, 0x7f, 0xd8, 0x1,
    0xff, 0xc0, 0xf0, 0xb, 0xc4, 0x54, 0x1, 0x28,
    0x7, 0xff, 0x1, 0xc0, 0x23, 0xee, 0x28, 0x5,
    0x40, 0x1f, 0xfc, 0x1, 0x90, 0xf, 0xcc, 0x60,
    0x1f, 0xfc, 0x16, 0x80, 0xf, 0x34, 0x80, 0x7f,
    0xf0, 0xdf, 0x5d, 0xd, 0xb2, 0x40, 0x3f, 0xf8,
    0xa5, 0x17, 0x92, 0x60, 0x1f, 0xfd, 0x56, 0xff,
    0xe2, 0x0, 0xff, 0x2f, 0xfe, 0xd0, 0x61, 0x0,
    0xd4, 0x1, 0xfe, 0x80, 0xd, 0x0, 0x9, 0x0,
    0xce, 0x1, 0xfc, 0x84, 0x1, 0xa, 0x80, 0x1c,
    0x40, 0x33, 0x0, 0x7e, 0xf0, 0xd, 0x0, 0x19,
    0x80, 0x35, 0x80, 0x7c, 0x48, 0x1, 0xb, 0x0,
    0x69, 0x0, 0xc4, 0x80, 0x1e, 0xb0, 0xd, 0x20,
    0x1c, 0x2c, 0x1, 0xbc, 0x3, 0x85, 0x80, 0x33,
    0x0, 0x7a, 0x0, 0x32, 0x10, 0x6, 0x90, 0xc,
    0xe2, 0x1, 0xe1, 0x60, 0xd, 0x60, 0x19, 0x80,
    0x34, 0x80, 0x7e, 0xb0, 0xc, 0xc0, 0x13, 0x8,
    0x4, 0xc2, 0x1, 0xf8, 0x94, 0x3, 0x38, 0x2,
    0xc0, 0x35, 0x80, 0x7f, 0xa4, 0x3, 0x50, 0x21,
    0x0, 0x4a, 0x40, 0x1f, 0xe3, 0x40, 0x8, 0x92,
    0x0, 0x34, 0x80, 0x7f, 0xf0, 0x20, 0x3, 0x49,
    0x80, 0x48, 0x60, 0x1f, 0xfc, 0x3, 0x30, 0x4,
    0x40, 0x1a, 0x0, 0x3f, 0xf8, 0x50, 0x1, 0xf1,
    0x98, 0x3, 0xff, 0x84, 0x84, 0x1, 0xe8, 0x0,
    0xff, 0xe2, 0x40, 0x7, 0x12, 0x0, 0x7f, 0xf1,
    0x14, 0x40, 0x34, 0x0, 0x7f, 0xf1, 0x48, 0x40,
    0x21, 0x50, 0xf, 0xfe, 0x2c, 0x0, 0x68, 0x0,
    0xff, 0xe2, 0x92, 0x80, 0x42, 0xc0, 0x1f, 0xfc,
    0x58, 0x0, 0xd2, 0x1, 0xff, 0xc5, 0x25, 0x0,
    0xcc, 0x1, 0xff, 0xc5, 0x80, 0xc, 0xe2, 0x1,
    0xff, 0xc4, 0x25, 0x0, 0xd2, 0x1, 0xff, 0xc0,

    /* U+040F "Џ" */
    0x7f, 0xfc, 0xc0, 0x1f, 0xfc, 0x5, 0xff, 0xd2,
    0x1, 0xff, 0xff, 0x0, 0xff, 0xff, 0x80, 0x7f,
    0xff, 0xc0, 0x3f, 0xff, 0xe0, 0x1f, 0xff, 0xf0,
    0xf, 0xff, 0xf8, 0x7, 0xff, 0x5e, 0xa6, 0x7f,
    0xf8, 0x1c, 0x1, 0xfe, 0x36, 0x6f, 0xfe, 0x2,
    0x0, 0x7f, 0xff, 0xc0, 0xf, 0xff, 0xfa, 0x40,
    0x34, 0x7f, 0xfe, 0x90, 0xf, 0xff, 0xf8, 0x7,
    0x95, 0xdf, 0x20, 0x7, 0xf0,

    /* U+0410 "А" */
    0x0, 0xfd, 0x1f, 0xff, 0x8, 0x7, 0xff, 0xd,
    0x40, 0x3e, 0x70, 0xf, 0xfe, 0x10, 0x90, 0x7,
    0xda, 0x1, 0xff, 0xc2, 0x70, 0xf, 0xc8, 0x1,
    0xff, 0xc2, 0xd0, 0xf, 0xe5, 0x0, 0xff, 0xe0,
    0xa, 0x0, 0x67, 0x0, 0xde, 0x1, 0xff, 0xc0,
    0x40, 0xc, 0xb4, 0x1, 0x90, 0x3, 0xff, 0x81,
    0xe0, 0x1b, 0xc8, 0x80, 0x10, 0x98, 0x7, 0xfc,
    0x80, 0x19, 0x1, 0x0, 0x35, 0x80, 0x7f, 0x90,
    0x40, 0x23, 0x10, 0xd0, 0xc, 0xa0, 0x1f, 0xec,
    0x0, 0xd6, 0x0, 0x41, 0x0, 0x88, 0x80, 0x1f,
    0xca, 0x1, 0x94, 0x2, 0x40, 0xc, 0xa0, 0x1f,
    0x88, 0x80, 0x11, 0x10, 0x2, 0xf0, 0xd, 0x60,
    0x1f, 0x94, 0x3, 0x28, 0x6, 0x50, 0xc, 0x62,
    0x1, 0xf5, 0x80, 0x6b, 0x0, 0xe4, 0x0, 0xc8,
    0x1, 0xe1, 0x30, 0x8, 0x4c, 0x3, 0xb4, 0x3,
    0x78, 0x7, 0x9c, 0x3, 0xf, 0xff, 0xa4, 0x3,
    0x28, 0x7, 0xb4, 0x3, 0xff, 0x8a, 0x80, 0x1c,
    0x80, 0x1f, 0xfc, 0x5d, 0x0, 0xc8, 0x1, 0xff,
    0xc6, 0x70, 0xd, 0xa0, 0x19, 0x19, 0xbf, 0x84,
    0x2, 0x13, 0x0, 0x9c, 0x3, 0x4c, 0xff, 0x98,
    0x3, 0x58, 0x0, 0xc4, 0x2, 0x22, 0x0, 0x7f,
    0x60, 0x6, 0x40, 0x5, 0x80, 0x65, 0x0, 0xff,
    0x20, 0x80, 0x46, 0x20, 0xa0, 0x1a, 0xc0, 0x3f,
    0xe4, 0x0, 0xce, 0x44, 0x0, 0x84, 0xc0, 0x3f,
    0xef, 0x0, 0xda,

    /* U+0411 "Б" */
    0x7f, 0xff, 0xfe, 0x2a, 0x0, 0x7f, 0xfe, 0x8d,
    0x9b, 0xff, 0x82, 0x1, 0xf5, 0x4c, 0xff, 0xf0,
    0x8, 0x3, 0xff, 0xf5, 0x53, 0x3f, 0x43, 0x8,
    0x7, 0xf8, 0xd9, 0xbe, 0x79, 0xea, 0x10, 0xf,
    0xfe, 0x3a, 0xf9, 0x0, 0x7f, 0xf1, 0xc7, 0xc0,
    0x3f, 0xf9, 0x4, 0xc0, 0x1e, 0x9f, 0xff, 0xac,
    0x80, 0x35, 0x0, 0x7f, 0xf0, 0x93, 0xc0, 0x31,
    0x88, 0x7, 0xff, 0x8, 0x8c, 0x3, 0x10, 0x7,
    0xff, 0xd, 0x80, 0x33, 0x80, 0x7f, 0xf0, 0xc4,
    0x3, 0xff, 0x90, 0x80, 0x19, 0x80, 0x3f, 0xf8,
    0x52, 0x1, 0x84, 0x80, 0x3b, 0x66, 0x7d, 0x5c,
    0xc0, 0x19, 0xc0, 0x3c, 0x8c, 0xde, 0x51, 0x0,
    0xeb, 0x0, 0xff, 0xe3, 0xc9, 0x0, 0x7f, 0xf1,
    0xa5, 0x80, 0x3f, 0xf8, 0x86, 0xfc, 0xc0, 0x10,

    /* U+0412 "В" */
    0x7f, 0xff, 0xfb, 0xa9, 0x40, 0x3f, 0xf8, 0xa2,
    0xb5, 0x82, 0x1, 0xff, 0xc6, 0x3f, 0x10, 0xf,
    0xfe, 0x30, 0xd8, 0x7, 0xc6, 0xcd, 0xca, 0x1,
    0xca, 0x40, 0x1e, 0xb9, 0x9e, 0xae, 0x10, 0xc,
    0xa0, 0x1f, 0xfc, 0x11, 0x80, 0xd, 0xc0, 0x1f,
    0xfc, 0x23, 0x0, 0xc6, 0x1, 0xff, 0xc2, 0xd0,
    0xc, 0x40, 0x1f, 0xfc, 0x1, 0x67, 0x0, 0xd8,
    0x1, 0xe8, 0xff, 0xee, 0x90, 0xc, 0x48, 0x1,
    0xff, 0xc5, 0x1f, 0x0, 0xff, 0xe3, 0x10, 0x7,
    0xff, 0x1c, 0xf4, 0xc0, 0x3c, 0x6c, 0xde, 0x40,
    0xe, 0xe0, 0xf, 0x5c, 0xcf, 0xaf, 0x44, 0x2,
    0x26, 0x0, 0xff, 0xe0, 0x95, 0x80, 0x6d, 0x0,
    0xff, 0xe1, 0x20, 0x6, 0x60, 0xf, 0xfe, 0x11,
    0x80, 0x7f, 0xf1, 0xd0, 0x3, 0x8, 0x7, 0xff,
    0x4, 0xe4, 0x3, 0x28, 0x7, 0x5c, 0xcf, 0xb3,
    0x0, 0x1d, 0xa0, 0x1c, 0x6c, 0xde, 0x30, 0xe,
    0x34, 0x0, 0xff, 0xe3, 0x70, 0x7, 0xff, 0x14,
    0xb0, 0x80, 0x3f, 0xf8, 0x42, 0x93, 0xa6, 0x0,

    /* U+0413 "Г" */
    0x7f, 0xff, 0xfe, 0x23, 0x80, 0x7f, 0xfb, 0xcd,
    0x9b, 0xfe, 0x30, 0xe, 0xa9, 0x9f, 0xf9, 0x0,
    0x3f, 0xff, 0xe0, 0x1f, 0xff, 0xf0, 0xf, 0xff,
    0xf8, 0x7, 0xff, 0xfc, 0x3, 0xff, 0xe0,

    /* U+0414 "Д" */
    0x0, 0xe6, 0xff, 0xff, 0xe2, 0x68, 0x7, 0xc2,
    0x1, 0xff, 0xcc, 0xf0, 0xf, 0xfe, 0x60, 0x80,
    0x7f, 0xf3, 0xc, 0x3, 0x33, 0x7e, 0x0, 0xff,
    0xe0, 0x8, 0x6, 0x99, 0xfa, 0x0, 0x3f, 0xf8,
    0xe, 0x1, 0xff, 0xcc, 0x10, 0x8, 0x40, 0x3f,
    0xf9, 0x6, 0x1, 0x18, 0x7, 0xff, 0x20, 0x40,
    0x21, 0x0, 0xff, 0xe3, 0x88, 0x6, 0x70, 0xf,
    0xfe, 0x39, 0x80, 0x61, 0x0, 0xff, 0xe3, 0x88,
    0x6, 0x30, 0xf, 0xfe, 0x3b, 0x0, 0x6e, 0x0,
    0xff, 0xe3, 0x98, 0x6, 0x10, 0xf, 0xfe, 0x3f,
    0x0, 0x62, 0x0, 0xff, 0xe3, 0x98, 0x6, 0x60,
    0xf, 0xfe, 0x3a, 0x0, 0x62, 0x0, 0xff, 0xe3,
    0x20, 0x6, 0x20, 0xf, 0xfe, 0x3c, 0x0, 0x65,
    0x0, 0xff, 0xe3, 0x41, 0x80, 0x43, 0x20, 0x1f,
    0xfc, 0x49, 0xd7, 0x0, 0xc5, 0x13, 0x3f, 0xa0,
    0x3, 0x1c, 0xbb, 0x88, 0x3, 0x8d, 0x9b, 0xfc,
    0x1, 0x85, 0xa8, 0x3, 0xff, 0xfe, 0x1, 0xdf,
    0xff, 0xfc, 0x2e, 0x0, 0xff, 0xff, 0x80, 0x75,
    0x57, 0x0, 0x7f, 0xf0, 0x86, 0xab, 0x48,

    /* U+0415 "Е" */
    0x7f, 0xff, 0xfe, 0x23, 0x80, 0x7f, 0xfb, 0xcd,
    0x9b, 0xfe, 0x30, 0xe, 0xa9, 0x9f, 0xf9, 0x0,
    0x3f, 0xff, 0xe0, 0x9, 0xff, 0xfe, 0x40, 0xf,
    0xff, 0x89, 0xb3, 0x7f, 0x80, 0x3e, 0xa9, 0x9f,
    0xe2, 0x0, 0xff, 0xff, 0x80, 0x7f, 0xf2, 0xaa,
    0x67, 0xfe, 0x40, 0xe, 0x36, 0x6f, 0xf8, 0xc0,
    0x3f, 0xfd, 0x40,

    /* U+0416 "Ж" */
    0xa, 0xff, 0xe2, 0x0, 0xf6, 0xff, 0xe1, 0x0,
    0xf6, 0xff, 0xed, 0x0, 0x58, 0x80, 0x6e, 0x0,
    0xff, 0xe2, 0xc1, 0x0, 0x6e, 0x0, 0xd, 0x0,
    0x63, 0x60, 0xf, 0xfe, 0x19, 0x38, 0x6, 0x63,
    0x0, 0x91, 0x40, 0x34, 0x88, 0x7, 0xff, 0xb,
    0x80, 0x31, 0x48, 0x7, 0x58, 0x80, 0x6a, 0x0,
    0xff, 0xe0, 0xb1, 0x80, 0x6e, 0x0, 0xf0, 0xd8,
    0x6, 0x45, 0x0, 0xff, 0x86, 0x40, 0x33, 0x18,
    0x7, 0xca, 0xa0, 0xd, 0x60, 0x1f, 0xf5, 0x80,
    0x62, 0x90, 0xf, 0xeb, 0x10, 0x8, 0x64, 0x3,
    0xf9, 0x54, 0x1, 0xb8, 0x3, 0xfc, 0x36, 0x1,
    0x98, 0xc0, 0x3f, 0x58, 0x6, 0x63, 0x0, 0xff,
    0x95, 0x40, 0x1b, 0x80, 0x3e, 0x91, 0x0, 0x8a,
    0x40, 0x3f, 0xf8, 0x36, 0x20, 0x11, 0x38, 0x7,
    0x2b, 0x0, 0x69, 0x0, 0xff, 0xe1, 0xd, 0x80,
    0x68, 0x30, 0xd, 0x40, 0x19, 0x90, 0x3, 0xff,
    0x86, 0xaa, 0x0, 0xc2, 0x1, 0x84, 0x2, 0x19,
    0x0, 0xff, 0xe2, 0xa0, 0x7, 0xff, 0x4, 0x4c,
    0x3, 0xff, 0x89, 0x42, 0x1, 0x84, 0x3, 0x8,
    0x6, 0xe0, 0xf, 0xfe, 0x1a, 0xa8, 0x3, 0x39,
    0x80, 0x6b, 0x0, 0xc5, 0x20, 0x1f, 0xfc, 0x11,
    0xb0, 0xc, 0x50, 0x1, 0xc8, 0xc0, 0x19, 0x90,
    0x3, 0xff, 0x81, 0x42, 0x1, 0xbc, 0x3, 0xe9,
    0x20, 0xd, 0x42, 0x1, 0xfe, 0x64, 0x0, 0xd0,
    0x40, 0x1f, 0xb8, 0x3, 0xd, 0x80, 0x7f, 0x14,
    0x80, 0x63, 0x70, 0xf, 0xe3, 0x70, 0xc, 0xac,
    0x1, 0xfb, 0x80, 0x3b, 0x80, 0x3f, 0xe8, 0x20,
    0xd, 0x24, 0x1, 0xe8, 0x30, 0xd, 0x24, 0x1,
    0xff, 0xc0, 0xe0, 0xe, 0xe0, 0xe, 0x37, 0x0,
    0xc6, 0xc0, 0x1f, 0xfc, 0x13, 0x80, 0xc, 0x6e,
    0x1, 0xb8, 0x3, 0xb8, 0x3, 0xff, 0x86, 0xe6,
    0x1, 0xa0, 0xc0, 0x12, 0x40, 0x1a, 0x48, 0x3,
    0xff, 0x89, 0xc0, 0x1d, 0xc0, 0x8c, 0x1, 0x91,
    0x80, 0x3f, 0xf8, 0xa5, 0x0, 0x18, 0xa0,

    /* U+0417 "З" */
    0x0, 0xfc, 0x6a, 0xef, 0x20, 0x80, 0x7f, 0xf0,
    0xa, 0x7b, 0x2a, 0x22, 0xbe, 0xc5, 0x0, 0xfe,
    0x9d, 0x61, 0x0, 0xf8, 0xeb, 0x4, 0x3, 0x87,
    0x58, 0x3, 0xff, 0x80, 0x78, 0x20, 0x18, 0x44,
    0x1, 0xff, 0xc2, 0x2b, 0x0, 0xed, 0x20, 0x9,
    0xaf, 0xb9, 0x8e, 0x1, 0xca, 0x20, 0x18, 0x70,
    0x4b, 0x65, 0x4, 0x47, 0x16, 0x1, 0xc8, 0x1,
    0xc3, 0x98, 0x20, 0xf, 0x21, 0x80, 0x62, 0x0,
    0xf1, 0x8, 0x7, 0xe7, 0x0, 0xff, 0xe4, 0xa8,
    0x6, 0x20, 0xf, 0xfe, 0x11, 0xe0, 0x80, 0x64,
    0x0, 0xfe, 0x6b, 0xb6, 0x76, 0x18, 0x6, 0x41,
    0x0, 0xfe, 0xe4, 0x41, 0x88, 0x7, 0xa0, 0x3,
    0xff, 0x90, 0xe6, 0x1, 0xff, 0xc8, 0x78, 0x0,
    0xff, 0xe4, 0xbc, 0x0, 0x7f, 0x47, 0xfd, 0xd9,
    0x0, 0x1c, 0xe2, 0x1, 0xff, 0xc0, 0x13, 0x7d,
    0x0, 0xe7, 0x0, 0xff, 0xe1, 0x92, 0x80, 0x6e,
    0x0, 0x8e, 0x80, 0x3f, 0xf8, 0x82, 0x0, 0x8c,
    0x58, 0x0, 0xff, 0x20, 0x6, 0xe2, 0xc7, 0x0,
    0x3c, 0x0, 0x7e, 0x91, 0x0, 0xc8, 0x26, 0x1,
    0x9f, 0x5d, 0x8, 0x86, 0xda, 0xc0, 0x18, 0x8c,
    0xd2, 0x1, 0xc5, 0x17, 0xba, 0xc9, 0x20, 0xe,
    0xe0, 0x3, 0x40, 0x7, 0xff, 0x12, 0x8c, 0x2,
    0x7b, 0x20, 0xf, 0xfe, 0x1, 0x62, 0x80, 0x72,
    0x6c, 0x98, 0x7, 0xe3, 0x9d, 0x30, 0xf, 0xcd,
    0x9d, 0x73, 0x10, 0x9b, 0xec, 0x60, 0xe,

    /* U+0418 "И" */
    0x7f, 0xfc, 0xe0, 0x1f, 0xe9, 0xff, 0xd6, 0x1,
    0xff, 0xc3, 0x36, 0x0, 0xff, 0xe4, 0x70, 0x7,
    0xff, 0x22, 0x8, 0x3, 0xff, 0x8e, 0x6e, 0x1,
    0xff, 0xc8, 0xf0, 0xf, 0xfe, 0x43, 0x98, 0x7,
    0xff, 0x1c, 0xa0, 0x3, 0xff, 0x91, 0xc0, 0x1f,
    0xfc, 0x86, 0x30, 0xd, 0x0, 0x1f, 0xfc, 0x22,
    0x90, 0xc, 0xc6, 0x1, 0xff, 0xc2, 0x90, 0xc,
    0x52, 0x1, 0xff, 0xc2, 0x64, 0x0, 0xd2, 0x1,
    0xff, 0xc2, 0x18, 0x0, 0xcc, 0x80, 0x1f, 0xfc,
    0x2b, 0x10, 0x8, 0x60, 0x3, 0xff, 0x84, 0xaa,
    0x0, 0xd6, 0x20, 0x1f, 0xfc, 0x1f, 0xb0, 0xc,
    0xaa, 0x0, 0xff, 0xe1, 0x38, 0x80, 0x43, 0x60,
    0x1f, 0xfc, 0x8b, 0x10, 0xf, 0xfe, 0x3a, 0x28,
    0x7, 0xff, 0x22, 0x80, 0x3f, 0xf9, 0x12, 0x20,
    0x1f, 0xfc, 0x73, 0x60, 0xf, 0xfe, 0x47, 0x0,
    0x7f, 0xf2, 0x20, 0x80, 0x3f, 0xf8, 0xe6, 0xe0,
    0x1f, 0xfc, 0x30,

    /* U+0419 "Й" */
    0x0, 0xea, 0xff, 0x88, 0x0, 0x3f, 0xf5, 0x80,
    0x7f, 0xb4, 0x2, 0x91, 0x15, 0x0, 0x46, 0x1,
    0xfe, 0x50, 0x9, 0x3b, 0x88, 0x1, 0x50, 0x7,
    0xf8, 0xa0, 0x3, 0xf3, 0x90, 0x7, 0xfc, 0xee,
    0x0, 0xf3, 0x40, 0x7, 0xff, 0x6, 0x35, 0x90,
    0xdb, 0x24, 0x3, 0xff, 0x86, 0x53, 0x79, 0x26,
    0x1, 0xff, 0xd2, 0x7f, 0xfc, 0xe0, 0x1f, 0xe9,
    0xff, 0xd6, 0x1, 0xff, 0xc3, 0x36, 0x0, 0xff,
    0xe4, 0x70, 0x7, 0xff, 0x22, 0x8, 0x3, 0xff,
    0x8e, 0x6e, 0x1, 0xff, 0xc8, 0xf0, 0xf, 0xfe,
    0x43, 0x98, 0x7, 0xff, 0x1c, 0xa0, 0x3, 0xff,
    0x91, 0xc0, 0x1f, 0xfc, 0x86, 0x30, 0xd, 0x0,
    0x1f, 0xfc, 0x22, 0x90, 0xc, 0xc6, 0x1, 0xff,
    0xc2, 0x90, 0xc, 0x52, 0x1, 0xff, 0xc2, 0x64,
    0x0, 0xd2, 0x1, 0xff, 0xc2, 0x18, 0x0, 0xcc,
    0x80, 0x1f, 0xfc, 0x2b, 0x10, 0x8, 0x60, 0x3,
    0xff, 0x84, 0xaa, 0x0, 0xd6, 0x20, 0x1f, 0xfc,
    0x1f, 0xb0, 0xc, 0xaa, 0x0, 0xff, 0xe1, 0x38,
    0x80, 0x43, 0x60, 0x1f, 0xfc, 0x8b, 0x10, 0xf,
    0xfe, 0x3a, 0x28, 0x7, 0xff, 0x22, 0x80, 0x3f,
    0xf9, 0x12, 0x20, 0x1f, 0xfc, 0x73, 0x60, 0xf,
    0xfe, 0x47, 0x0, 0x7f, 0xf2, 0x20, 0x80, 0x3f,
    0xf8, 0xe6, 0xe0, 0x1f, 0xfc, 0x30,

    /* U+041A "К" */
    0x7f, 0xfc, 0xc0, 0x1f, 0x8b, 0xff, 0xb0, 0x3,
    0xff, 0x84, 0x3e, 0x1, 0x87, 0x40, 0x3f, 0xf8,
    0x5a, 0x40, 0x1b, 0x44, 0x3, 0xff, 0x83, 0x26,
    0x1, 0xac, 0xc0, 0x3f, 0xf8, 0x2c, 0xc0, 0xd,
    0x8, 0x1, 0xff, 0xc1, 0x49, 0x0, 0xcc, 0xe0,
    0x1f, 0xfc, 0x12, 0xa0, 0xc, 0x92, 0x1, 0xff,
    0xc2, 0xf1, 0x0, 0x8a, 0x80, 0x3f, 0xf8, 0x56,
    0x40, 0x10, 0xf8, 0x80, 0x7f, 0xf0, 0x61, 0x0,
    0x36, 0x90, 0x7, 0xff, 0x5, 0x5c, 0x3, 0x49,
    0x80, 0x7f, 0xf0, 0x72, 0x80, 0x33, 0xb0, 0x7,
    0xff, 0x9, 0x40, 0x32, 0x40, 0x7, 0xff, 0x21,
    0x44, 0x3, 0xff, 0x86, 0x80, 0x18, 0x70, 0x40,
    0x3f, 0xf8, 0x5b, 0x20, 0x18, 0xa8, 0x3, 0xff,
    0x86, 0xce, 0x1, 0x92, 0x80, 0x3f, 0xf8, 0x70,
    0xa0, 0x19, 0x60, 0x3, 0xff, 0x87, 0x46, 0x1,
    0x9d, 0x80, 0x3f, 0xf8, 0x7a, 0x40, 0x1a, 0x50,
    0x3, 0xff, 0x84, 0x3e, 0x20, 0x1a, 0xcc, 0x3,
    0xff, 0x84, 0x5a, 0x1, 0xda, 0x20, 0x1f, 0xfc,
    0x23, 0xb0, 0xc, 0x38, 0x1, 0xff, 0xc3, 0x49,
    0x0, 0xc5, 0x60, 0x1f, 0xfc, 0x36, 0x60, 0x6,
    0x4a, 0x0, 0xff, 0xe1, 0xca, 0x80, 0x65, 0x80,

    /* U+041B "Л" */
    0x0, 0xf7, 0xff, 0xff, 0x17, 0x0, 0x3f, 0xfd,
    0x22, 0x1, 0xff, 0xcb, 0x30, 0xc, 0x4c, 0xdf,
    0x28, 0x7, 0xf8, 0x40, 0x32, 0xcc, 0xfd, 0x0,
    0x1f, 0xe7, 0x0, 0xde, 0x1, 0xff, 0xc6, 0x20,
    0xc, 0x20, 0x1f, 0xfc, 0x61, 0x0, 0xc4, 0x1,
    0xff, 0xc6, 0xe0, 0xc, 0xe0, 0x1f, 0xfc, 0x63,
    0x0, 0xc4, 0x1, 0xff, 0xc6, 0x60, 0xc, 0x20,
    0x1f, 0xfc, 0x62, 0x0, 0x84, 0x3, 0xff, 0x8e,
    0x20, 0x11, 0x0, 0x7f, 0xf1, 0x88, 0x3, 0x30,
    0x7, 0xff, 0x19, 0xc0, 0x31, 0x0, 0x7f, 0xf1,
    0x88, 0x3, 0x68, 0x7, 0xff, 0x1b, 0x40, 0x33,
    0x80, 0x7f, 0xf1, 0x90, 0x3, 0x10, 0x7, 0xff,
    0x14, 0x84, 0x2, 0x30, 0xf, 0xfe, 0x35, 0x80,
    0x64, 0x0, 0xff, 0xe2, 0xb, 0xb0, 0x6, 0xc0,
    0xf, 0xfe, 0x1a, 0x74, 0x0, 0x61, 0x40, 0xf,
    0xfe, 0x54, 0x80, 0x7f, 0xf2, 0x8d, 0xc0, 0x3f,
    0xf9, 0x2b, 0xa0, 0x1f, 0xfc, 0x54, 0xec, 0xc7,
    0xd0, 0x80, 0x7f, 0xc5, 0xff, 0xb0,

    /* U+041C "М" */
    0x7f, 0xfc, 0x40, 0x1f, 0xfc, 0x33, 0xff, 0xce,
    0x1, 0xd0, 0x1, 0xff, 0xc3, 0x80, 0xf, 0xf2,
    0x90, 0x7, 0xff, 0x4, 0xd0, 0x3, 0xfe, 0x80,
    0xf, 0xfe, 0xc, 0x0, 0x7f, 0xf0, 0x14, 0x80,
    0x3f, 0xe3, 0x40, 0xf, 0xfe, 0xc, 0x0, 0x7f,
    0xd0, 0x1, 0xff, 0xc2, 0x52, 0x0, 0xfe, 0x24,
    0x0, 0xff, 0xe1, 0xc0, 0x7, 0xf4, 0x0, 0x7f,
    0xf1, 0x14, 0x80, 0x3e, 0x25, 0x0, 0xff, 0xe2,
    0xc0, 0x7, 0xd0, 0x1, 0xff, 0xc2, 0x10, 0x9,
    0x48, 0x3, 0x89, 0x40, 0x21, 0x0, 0xff, 0x30,
    0x6, 0x80, 0xe, 0x80, 0xc, 0xc0, 0x1f, 0xea,
    0x10, 0x9, 0x48, 0x2, 0x25, 0x0, 0x8a, 0x80,
    0x3f, 0xc7, 0x20, 0x1a, 0xc0, 0x28, 0x0, 0xd6,
    0x1, 0xff, 0xc0, 0x71, 0x0, 0x98, 0x80, 0x94,
    0x2, 0x16, 0x0, 0xff, 0xe0, 0xc8, 0x6, 0xb0,
    0x80, 0xd, 0x0, 0x1f, 0xfc, 0x27, 0x10, 0x9,
    0x91, 0x40, 0x21, 0x60, 0xf, 0xfe, 0x1b, 0x0,
    0x6b, 0x0, 0xd2, 0x1, 0xff, 0xc4, 0x90, 0xf,
    0xc2, 0xe0, 0x1f, 0xfc, 0x41, 0x70, 0xf, 0xa4,
    0x3, 0xff, 0x8d, 0x20, 0x1f, 0x30, 0x7, 0xff,
    0x18, 0x58, 0x3, 0x9c, 0x40, 0x3f, 0xf8, 0xf0,
    0x1, 0xd2, 0x1, 0xff, 0xc8, 0x16, 0x0, 0x9c,
    0x40, 0x3f, 0xf9, 0x36, 0x1, 0x48, 0x7, 0xff,
    0x28, 0x94, 0x18, 0x40, 0x3f, 0xe0,

    /* U+041D "Н" */
    0x7f, 0xfc, 0xc0, 0x1f, 0xf7, 0xfe, 0xe0, 0xf,
    0xff, 0xf8, 0x7, 0xff, 0xfc, 0x3, 0xff, 0xff,
    0x3f, 0xff, 0xf0, 0x7, 0xff, 0xfc, 0xd, 0x9b,
    0xfe, 0x0, 0xff, 0x54, 0xcf, 0xfc, 0x1, 0xff,
    0xff, 0x0, 0xff, 0xff, 0x80, 0x7f, 0xfa, 0x40,

    /* U+041E "О" */
    0x0, 0xfe, 0x25, 0x77, 0x98, 0xc0, 0x3f, 0xf8,
    0x85, 0x3d, 0xb5, 0x11, 0x4e, 0x7d, 0x20, 0x7,
    0xff, 0x2, 0x35, 0x84, 0x3, 0xf2, 0xdd, 0x84,
    0x3, 0xfa, 0xdc, 0x3, 0xff, 0x82, 0x9e, 0x60,
    0x1f, 0x62, 0x0, 0x7f, 0xf0, 0xc7, 0x48, 0x3,
    0xa0, 0xc0, 0x39, 0x2b, 0x7b, 0x6d, 0x80, 0x38,
    0x7c, 0x3, 0x13, 0x80, 0x61, 0xbb, 0x29, 0x9,
    0x24, 0xf1, 0x80, 0x62, 0x70, 0xa, 0x0, 0x3b,
    0x50, 0x3, 0xe1, 0xc2, 0x0, 0xd2, 0x0, 0x15,
    0x0, 0xd0, 0x60, 0x1f, 0xee, 0x0, 0xc2, 0xa0,
    0x80, 0x1c, 0xc0, 0x1f, 0xf1, 0xa0, 0x6, 0xf0,
    0xc0, 0xc, 0x82, 0x1, 0xff, 0xc0, 0xd0, 0xc,
    0x80, 0xa0, 0x1b, 0x0, 0x3f, 0xf8, 0x28, 0x1,
    0x84, 0x4, 0x3, 0x10, 0x7, 0xff, 0x4, 0x80,
    0x38, 0x8c, 0x3, 0x8, 0x7, 0xff, 0x1c, 0x40,
    0x3f, 0xf9, 0xc6, 0x1, 0x84, 0x3, 0xff, 0x8e,
    0x22, 0x0, 0xc4, 0x1, 0xff, 0xc1, 0x30, 0xe,
    0x25, 0x0, 0xd8, 0x1, 0xff, 0xc1, 0x50, 0xc,
    0x21, 0x80, 0x19, 0x0, 0x3f, 0xf8, 0x3a, 0x1,
    0x90, 0x10, 0x3, 0x9c, 0x3, 0xfe, 0x34, 0x0,
    0xde, 0x2, 0xa0, 0x1a, 0xc, 0x3, 0xfd, 0xc0,
    0x18, 0x54, 0x1, 0x0, 0x1d, 0xa8, 0x1, 0xf1,
    0x61, 0x0, 0x69, 0x0, 0x89, 0xc0, 0x30, 0xdd,
    0x98, 0xc8, 0x8b, 0x3a, 0x60, 0x18, 0x9c, 0x3,
    0x41, 0x80, 0x72, 0x4e, 0x6e, 0xa9, 0x80, 0x38,
    0x7c, 0x3, 0xd8, 0x80, 0x1f, 0xfc, 0x31, 0xd2,
    0x0, 0xfa, 0xdc, 0x3, 0xff, 0x82, 0x9e, 0x60,
    0x1f, 0xd1, 0xac, 0x20, 0x1f, 0x92, 0xec, 0x20,
    0x1f, 0xf1, 0x4f, 0x6d, 0x44, 0x53, 0x9f, 0x68,
    0x1, 0xf0,

    /* U+041F "П" */
    0x7f, 0xff, 0xfe, 0x47, 0x0, 0x7f, 0xfe, 0xcd,
    0x9b, 0xfe, 0x0, 0xff, 0x54, 0xcf, 0xfc, 0x1,
    0xff, 0xff, 0x0, 0xff, 0xff, 0x80, 0x7f, 0xff,
    0xc0, 0x3f, 0xff, 0xe0, 0x1f, 0xff, 0xf0, 0xf,
    0xff, 0xd0,

    /* U+0420 "Р" */
    0x7f, 0xff, 0xfe, 0x7, 0x5b, 0x0, 0x7f, 0xf1,
    0x85, 0x27, 0x90, 0x3, 0xff, 0x8e, 0x36, 0xa0,
    0x1f, 0xfc, 0x8a, 0x10, 0xf, 0x23, 0xbf, 0x94,
    0x40, 0x3a, 0x0, 0x3d, 0xb1, 0x1e, 0xae, 0x40,
    0xc, 0xe0, 0x1f, 0xfc, 0x3a, 0x0, 0xc2, 0x40,
    0x1f, 0xfc, 0x21, 0x40, 0xc, 0xc0, 0x1f, 0xfc,
    0x31, 0x0, 0xff, 0xe4, 0x8, 0x7, 0xff, 0x1c,
    0x50, 0x3, 0x30, 0x7, 0xff, 0xa, 0x80, 0x30,
    0x90, 0x7, 0x6c, 0x47, 0xab, 0x90, 0x3, 0x38,
    0x7, 0x91, 0xdf, 0xca, 0x20, 0x1d, 0x0, 0x1f,
    0xfc, 0x7a, 0x10, 0xf, 0xfe, 0x28, 0xda, 0x80,
    0x7f, 0xf0, 0xc5, 0x27, 0x90, 0x3, 0xf4, 0xff,
    0xfd, 0xd6, 0xc0, 0x1f, 0xff, 0xf0, 0xf, 0xff,
    0xf8, 0x7, 0xff, 0x2c,

    /* U+0421 "С" */
    0x0, 0xfe, 0x25, 0x77, 0x98, 0xc0, 0x3f, 0xf8,
    0x65, 0x3d, 0xb5, 0x11, 0x4e, 0x7d, 0x20, 0x7,
    0xfd, 0x1a, 0xc2, 0x1, 0xf9, 0x6e, 0xc2, 0x1,
    0xfa, 0xdc, 0x3, 0xff, 0x82, 0x9e, 0x60, 0x1e,
    0xc4, 0x0, 0xff, 0xe1, 0x8e, 0x90, 0x6, 0x83,
    0x0, 0xe4, 0xad, 0xed, 0xb6, 0x0, 0xe1, 0xf0,
    0x8, 0x9c, 0x3, 0xd, 0xd9, 0x48, 0x49, 0x27,
    0x8c, 0x3, 0x13, 0x80, 0x20, 0x3, 0xb5, 0x0,
    0x3e, 0x1c, 0x30, 0xd, 0x20, 0x2a, 0x1, 0xa0,
    0xc0, 0x3f, 0xde, 0x1, 0x84, 0xd0, 0x3, 0x9c,
    0x3, 0xfe, 0x34, 0x37, 0xcf, 0x3c, 0x0, 0xca,
    0x1, 0xff, 0xc1, 0xbc, 0x83, 0x0, 0x28, 0x6,
    0xd0, 0xf, 0xfe, 0x38, 0x80, 0x62, 0x0, 0xff,
    0xe3, 0x98, 0x6, 0x10, 0xf, 0xff, 0x1, 0x80,
    0x61, 0x0, 0xff, 0xe3, 0x88, 0x6, 0x20, 0xf,
    0xfe, 0x3a, 0x80, 0x6d, 0x0, 0xff, 0xe3, 0xe0,
    0x6, 0x50, 0xf, 0xfe, 0xd, 0xec, 0x20, 0x1,
    0x0, 0x39, 0xc0, 0x3f, 0xe3, 0x42, 0x7b, 0xf3,
    0x15, 0x0, 0xd0, 0x60, 0x1f, 0xee, 0x0, 0xc2,
    0x61, 0x0, 0x1d, 0xa8, 0x1, 0xf0, 0xe1, 0x0,
    0x69, 0x0, 0x13, 0x80, 0x61, 0xbb, 0x31, 0x91,
    0x12, 0x78, 0xc0, 0x31, 0x38, 0x5, 0x6, 0x1,
    0xc9, 0x39, 0xba, 0xb6, 0x0, 0xe1, 0xf0, 0xe,
    0xc4, 0x0, 0xff, 0xe1, 0x8e, 0x10, 0x7, 0xad,
    0xc0, 0x3f, 0xf8, 0x29, 0xe4, 0x1, 0xfa, 0x35,
    0x84, 0x3, 0xf2, 0xdd, 0x84, 0x3, 0xfc, 0x53,
    0xdb, 0x51, 0x14, 0xe7, 0xd2, 0x0, 0x78,

    /* U+0422 "Т" */
    0xaf, 0xff, 0xfe, 0x44, 0x80, 0x7f, 0xfd, 0xbd,
    0x9b, 0xe3, 0x0, 0xc6, 0xcd, 0xf6, 0x2c, 0xcf,
    0xd6, 0x1, 0xaa, 0x67, 0xe5, 0x0, 0xff, 0xff,
    0x80, 0x7f, 0xff, 0xc0, 0x3f, 0xff, 0xe0, 0x1f,
    0xff, 0xf0, 0xf, 0xff, 0xf8, 0x7, 0xff, 0xd4,

    /* U+0423 "У" */
    0x6f, 0xfe, 0x20, 0xf, 0xf2, 0xff, 0xed, 0x6,
    0x10, 0xd, 0x40, 0x1f, 0xe8, 0x0, 0xd0, 0x0,
    0x90, 0xc, 0xe0, 0x1f, 0xc8, 0x40, 0x10, 0xa8,
    0x1, 0xc4, 0x3, 0x30, 0x7, 0xef, 0x0, 0xd0,
    0x1, 0x98, 0x3, 0x58, 0x7, 0xc4, 0x80, 0x10,
    0xb0, 0x6, 0x90, 0xc, 0x48, 0x1, 0xeb, 0x0,
    0xd2, 0x1, 0xc2, 0xc0, 0x1b, 0xc0, 0x38, 0x58,
    0x3, 0x30, 0x7, 0xa0, 0x3, 0x21, 0x0, 0x69,
    0x0, 0xce, 0x20, 0x1e, 0x16, 0x0, 0xd6, 0x1,
    0x98, 0x3, 0x48, 0x7, 0xeb, 0x0, 0xcc, 0x1,
    0x30, 0x80, 0x4c, 0x20, 0x1f, 0x89, 0x40, 0x33,
    0x80, 0x2c, 0x3, 0x58, 0x7, 0xfa, 0x40, 0x35,
    0x2, 0x10, 0x4, 0xa4, 0x1, 0xfe, 0x34, 0x0,
    0x89, 0x20, 0x3, 0x48, 0x7, 0xff, 0x2, 0x0,
    0x34, 0x98, 0x4, 0x86, 0x1, 0xff, 0xc0, 0x33,
    0x0, 0x44, 0x1, 0xa0, 0x3, 0xff, 0x85, 0x0,
    0x1f, 0x19, 0x80, 0x3f, 0xf8, 0x48, 0x40, 0x1e,
    0x80, 0xf, 0xfe, 0x24, 0x0, 0x71, 0x20, 0x7,
    0xff, 0x11, 0x44, 0x3, 0x40, 0x7, 0xff, 0x14,
    0x84, 0x2, 0x15, 0x0, 0xff, 0xe2, 0xc0, 0x6,
    0x80, 0xf, 0xfe, 0x29, 0x28, 0x4, 0x2c, 0x1,
    0xff, 0xc5, 0x80, 0xd, 0x20, 0x1f, 0xfc, 0x52,
    0x50, 0xc, 0xc0, 0x1f, 0xfc, 0x58, 0x0, 0xce,
    0x20, 0x1f, 0xfc, 0x42, 0x50, 0xd, 0x20, 0x1f,
    0xfc, 0x0,

    /* U+0424 "Ф" */
    0x0, 0xff, 0x7f, 0xee, 0x0, 0xff, 0xee, 0x35,
    0xf7, 0xf0, 0x6, 0x1e, 0xfe, 0xa5, 0x0, 0xfc,
    0x7b, 0x28, 0x20, 0x20, 0x1c, 0x20, 0x2b, 0x5a,
    0x40, 0x1c, 0x98, 0x40, 0x1f, 0xfc, 0x32, 0xd3,
    0x0, 0x86, 0xc0, 0x3f, 0xf8, 0xfa, 0x20, 0xb,
    0x0, 0xe3, 0x77, 0x0, 0x73, 0xb0, 0x80, 0x61,
    0x80, 0x15, 0x0, 0xcf, 0x91, 0x0, 0xc, 0x31,
    0x3c, 0x80, 0x19, 0x81, 0x80, 0x31, 0xc0, 0x7,
    0xfd, 0x62, 0x1, 0x97, 0x40, 0x35, 0x0, 0x7f,
    0xf0, 0x58, 0x3, 0x63, 0x80, 0x65, 0x0, 0xff,
    0xe0, 0xe0, 0x6, 0x23, 0x0, 0xc4, 0x1, 0xff,
    0xc1, 0x60, 0xc, 0xc0, 0x1f, 0xfc, 0xd3, 0x0,
    0xc6, 0x1, 0xff, 0xc1, 0x10, 0xc, 0x22, 0x0,
    0xcc, 0x1, 0xff, 0xc1, 0x60, 0xc, 0xca, 0x1,
    0xb4, 0x3, 0xff, 0x83, 0xe0, 0x1b, 0x74, 0x1,
    0x98, 0x80, 0x3f, 0xe4, 0x50, 0xc, 0x88, 0x10,
    0xd, 0x8e, 0x66, 0x0, 0xe3, 0x34, 0x58, 0x6,
    0x23, 0x8, 0x0, 0xc3, 0x19, 0x80, 0xc, 0x39,
    0x87, 0x0, 0xe9, 0x0, 0x32, 0x80, 0x7f, 0xf1,
    0xd9, 0x0, 0x2a, 0x50, 0xf, 0xfe, 0x2b, 0x48,
    0x7, 0x55, 0xc, 0x3, 0xff, 0x82, 0x77, 0x20,
    0x1f, 0x2e, 0x75, 0xd5, 0x80, 0x61, 0xba, 0xbe,
    0xc4, 0x0, 0xff, 0xa, 0x2a, 0x0, 0x72, 0x2a,
    0x8, 0x7, 0xff, 0xb0,

    /* U+0425 "Х" */
    0x1f, 0xfe, 0xe0, 0xf, 0xf5, 0xff, 0xf2, 0xc,
    0x80, 0x61, 0x90, 0xf, 0xcc, 0x80, 0x19, 0x50,
    0x19, 0x0, 0x33, 0x18, 0x7, 0x86, 0x0, 0x30,
    0xd8, 0x5, 0x20, 0x1d, 0xc0, 0x1e, 0xb1, 0x0,
    0xd6, 0x20, 0x11, 0x48, 0x6, 0x27, 0x0, 0xc8,
    0xa0, 0x19, 0x54, 0x1, 0xcc, 0x60, 0x1a, 0x8,
    0x2, 0x90, 0xc, 0x36, 0x1, 0xf7, 0x0, 0x74,
    0x80, 0x20, 0x80, 0x35, 0x88, 0x7, 0xc5, 0x0,
    0x19, 0x18, 0x9c, 0x3, 0x2a, 0x80, 0x3f, 0x9c,
    0xc0, 0x34, 0x70, 0x6, 0x1b, 0x0, 0xff, 0xb8,
    0x3, 0x9, 0x80, 0x6b, 0x10, 0xf, 0xf8, 0xa0,
    0x3, 0xf2, 0x28, 0x7, 0xff, 0x5, 0xcc, 0x3,
    0xea, 0x0, 0xff, 0xe1, 0xf0, 0x7, 0xa4, 0x40,
    0x3f, 0xf8, 0x6e, 0x1, 0xef, 0x0, 0xff, 0xe1,
    0x8d, 0x80, 0x79, 0x8c, 0x3, 0xff, 0x85, 0x62,
    0x1, 0xf7, 0x0, 0x7f, 0xf0, 0x55, 0x40, 0x1f,
    0x8a, 0x40, 0x3f, 0xe1, 0xb0, 0xc, 0x4c, 0x1,
    0x98, 0xc0, 0x3f, 0xd6, 0x20, 0x1b, 0xa4, 0x40,
    0x37, 0x0, 0x7f, 0x2a, 0x80, 0x33, 0x98, 0x58,
    0x6, 0x28, 0x0, 0xf8, 0x6c, 0x3, 0xc, 0x0,
    0x15, 0x40, 0x19, 0xcc, 0x3, 0xd6, 0x20, 0x1a,
    0x80, 0x35, 0x80, 0x77, 0x0, 0x72, 0xa8, 0x3,
    0x2a, 0x0, 0x61, 0x90, 0xc, 0x50, 0x1, 0xd,
    0x80, 0x61, 0xb0, 0xf, 0x31, 0x80, 0x67, 0x30,
    0x5, 0x88, 0x6, 0xb1, 0x0, 0xfb, 0x80, 0x3b,
    0x81, 0x54, 0x1, 0x91, 0x40, 0x3f, 0x13, 0x80,
    0x62, 0x80,

    /* U+0426 "Ц" */
    0x7f, 0xfc, 0xc0, 0x1f, 0xf1, 0xa2, 0x60, 0xf,
    0xfe, 0x4f, 0xdd, 0xe2, 0x0, 0xff, 0xff, 0x80,
    0x7f, 0xff, 0xc0, 0x3f, 0xff, 0xe0, 0x1f, 0xff,
    0xf0, 0xf, 0xff, 0xf8, 0x7, 0xff, 0xfc, 0x3,
    0xff, 0xd1, 0xea, 0xbf, 0xf0, 0x80, 0x64, 0x55,
    0x0, 0x79, 0xaa, 0xbf, 0xe2, 0x0, 0xd3, 0x54,
    0x0, 0xff, 0xff, 0x80, 0x67, 0xff, 0xff, 0xe3,
    0x90, 0x7, 0xff, 0xfc, 0x3, 0xff, 0xa1, 0x35,
    0x58, 0x0,

    /* U+0427 "Ч" */
    0x7f, 0xfc, 0xe0, 0x1f, 0xd9, 0xff, 0x88, 0x3,
    0xff, 0xfe, 0x1, 0xff, 0xec, 0xf0, 0xf, 0xfe,
    0x40, 0x80, 0x7f, 0xf0, 0xc8, 0x3, 0x28, 0x7,
    0xff, 0xd, 0x80, 0x31, 0x88, 0x7, 0xff, 0x8,
    0xc0, 0x3a, 0xc0, 0x3e, 0x22, 0x0, 0x79, 0x0,
    0x32, 0xda, 0x8, 0x9, 0xc6, 0x88, 0x7, 0xbc,
    0x3, 0x92, 0xfb, 0xfb, 0x1c, 0x3, 0xf2, 0x20,
    0x3, 0xff, 0x91, 0x46, 0x1, 0xff, 0xc7, 0x1c,
    0x70, 0xf, 0xe5, 0x20, 0xf, 0xe8, 0xfb, 0x86,
    0x63, 0xc5, 0xfd, 0x8, 0x7, 0xfc, 0x8f, 0x32,
    0x87, 0x40, 0xf, 0xff, 0xf8, 0x7, 0xff, 0xfc,
    0x3, 0x80,

    /* U+0428 "Ш" */
    0x7f, 0xfc, 0xc0, 0x1e, 0x2f, 0xfd, 0x60, 0x1f,
    0x6f, 0xfe, 0x0, 0xff, 0xff, 0x80, 0x7f, 0xff,
    0xc0, 0x3f, 0xff, 0xe0, 0x1f, 0xff, 0xf0, 0xf,
    0xff, 0xf8, 0x7, 0xff, 0xfc, 0x3, 0xff, 0xfe,
    0x1, 0xff, 0xff, 0x0, 0xff, 0xe7, 0x54, 0xcf,
    0xa0, 0x3, 0x2c, 0xcf, 0xc4, 0x1, 0xfe, 0x36,
    0x6f, 0x28, 0x6, 0x16, 0x6f, 0x80, 0x3f, 0xff,
    0xe0, 0x1f, 0xfc, 0xc0,

    /* U+0429 "Щ" */
    0x7f, 0xfc, 0xc0, 0x1e, 0x2f, 0xfd, 0x60, 0x1f,
    0x6f, 0xfe, 0x0, 0xff, 0xff, 0x80, 0x7f, 0xff,
    0xc0, 0x3f, 0xff, 0xe0, 0x1f, 0xff, 0xf0, 0xf,
    0xff, 0xf8, 0x7, 0xff, 0xfc, 0x3, 0xff, 0xfe,
    0x1, 0xff, 0xff, 0x0, 0xff, 0xfc, 0x54, 0xcf,
    0xa0, 0x3, 0x2c, 0xcf, 0xc4, 0x1, 0x95, 0x60,
    0xe, 0x36, 0x6f, 0x28, 0x6, 0x16, 0x6f, 0x80,
    0x3a, 0xaa, 0x0, 0xff, 0xff, 0x80, 0x7f, 0xf3,
    0x1f, 0xff, 0xff, 0x9e, 0x1, 0xff, 0xff, 0x0,
    0xff, 0xf6, 0xc3, 0xbd, 0x0,

    /* U+042A "Ъ" */
    0xff, 0xfd, 0x0, 0x1f, 0xff, 0x33, 0x38, 0x80,
    0x3f, 0xf9, 0x19, 0x95, 0x80, 0x7f, 0xff, 0xc0,
    0x3f, 0xfc, 0xaf, 0xff, 0xf7, 0x5b, 0x88, 0x7,
    0xff, 0x20, 0x52, 0x39, 0x40, 0x3f, 0xf9, 0x74,
    0xc0, 0x1f, 0xfc, 0xb9, 0x20, 0xf, 0xe3, 0x77,
    0xf3, 0x8, 0x7, 0x40, 0x7, 0xf2, 0x44, 0x7a,
    0x79, 0x40, 0x32, 0x80, 0x7f, 0xf1, 0xa8, 0x40,
    0x31, 0x80, 0x7f, 0xf1, 0x90, 0x3, 0x30, 0x7,
    0xff, 0x18, 0x80, 0x31, 0x80, 0x7f, 0xf1, 0x88,
    0x3, 0x18, 0x7, 0xff, 0x19, 0x0, 0x33, 0x0,
    0x7f, 0xf1, 0x68, 0x40, 0x31, 0x80, 0x7e, 0x48,
    0x8f, 0x57, 0x28, 0x6, 0x50, 0xf, 0xe3, 0x77,
    0xf2, 0x88, 0x7, 0x48, 0x7, 0xff, 0x2a, 0xc,
    0x3, 0xff, 0x93, 0x2e, 0x1, 0xff, 0xc7, 0x38,
    0xe6, 0x0, 0x80,

    /* U+042B "Ы" */
    0x8f, 0xfc, 0xc0, 0x1f, 0xfc, 0x42, 0xff, 0xd8,
    0x1, 0xff, 0xff, 0x0, 0xff, 0xff, 0x80, 0x7f,
    0xff, 0xc0, 0x34, 0xff, 0xfd, 0xd6, 0xc0, 0x1f,
    0xfc, 0xd1, 0x49, 0xe4, 0x0, 0xff, 0xe7, 0xd,
    0xa0, 0x7, 0xff, 0x3e, 0x84, 0x3, 0xff, 0x82,
    0x8e, 0xfe, 0x51, 0x0, 0xc3, 0x20, 0x1f, 0xfc,
    0x1d, 0x88, 0xf5, 0x72, 0x0, 0x65, 0x0, 0xff,
    0xe5, 0x50, 0x6, 0x21, 0x0, 0xff, 0xe4, 0x89,
    0x80, 0x62, 0x0, 0xff, 0xe5, 0x30, 0x6, 0x70,
    0xf, 0xfe, 0x53, 0x0, 0x67, 0x0, 0xff, 0xe4,
    0x89, 0x80, 0x62, 0x0, 0xff, 0xe4, 0xd0, 0x6,
    0x11, 0x0, 0x7f, 0xf0, 0x36, 0x23, 0xd5, 0xc8,
    0x1, 0x98, 0x3, 0xff, 0x82, 0x8e, 0xfe, 0x51,
    0x0, 0xe9, 0x0, 0xff, 0xe7, 0x50, 0x80, 0x7f,
    0xf3, 0x6, 0xd4, 0x3, 0xff, 0x94, 0x29, 0x1c,
    0x80, 0x1f, 0xe0,

    /* U+042C "Ь" */
    0x8f, 0xfc, 0xc0, 0x1f, 0xff, 0xf0, 0xf, 0xff,
    0xf8, 0x7, 0xff, 0x6a, 0x7f, 0xfe, 0xeb, 0x60,
    0xf, 0xfe, 0x30, 0xa4, 0xf2, 0x0, 0x7f, 0xf1,
    0xc6, 0xd0, 0x3, 0xff, 0x91, 0x42, 0x1, 0xe4,
    0x77, 0xf2, 0x88, 0x6, 0x19, 0x0, 0xf6, 0xc4,
    0x7a, 0xb9, 0x0, 0x32, 0x80, 0x7f, 0xf0, 0xe8,
    0x3, 0x10, 0x80, 0x7f, 0xf0, 0x84, 0xc0, 0x31,
    0x0, 0x7f, 0xf0, 0xd8, 0x3, 0x38, 0x7, 0xff,
    0xd, 0x80, 0x33, 0x80, 0x7f, 0xf0, 0x84, 0xc0,
    0x31, 0x0, 0x7f, 0xf0, 0xa8, 0x3, 0x8, 0x80,
    0x3b, 0x62, 0x3d, 0x5c, 0x80, 0x19, 0x80, 0x3c,
    0x8e, 0xfe, 0x51, 0x0, 0xe9, 0x0, 0xff, 0xe3,
    0xd0, 0x80, 0x7f, 0xf1, 0x46, 0xd4, 0x3, 0xff,
    0x86, 0x29, 0x1c, 0x80, 0x10,

    /* U+042D "Э" */
    0x0, 0xfc, 0x4a, 0xef, 0x31, 0x80, 0x7f, 0xf0,
    0xc6, 0x3b, 0x6a, 0x22, 0x9c, 0xfa, 0x30, 0xf,
    0xf9, 0xf9, 0xc4, 0x3, 0xf2, 0xe5, 0x8, 0x7,
    0xeb, 0x80, 0xf, 0xfe, 0xa, 0xe1, 0x0, 0x7a,
    0x90, 0x3, 0xff, 0x86, 0x5e, 0x20, 0x19, 0x94,
    0x3, 0x92, 0xb7, 0xb6, 0x94, 0x3, 0x8a, 0xc0,
    0x34, 0x0, 0x75, 0xd9, 0x48, 0x49, 0x6b, 0x8,
    0x3, 0x2a, 0x0, 0x18, 0x40, 0x36, 0x20, 0x7,
    0xc7, 0x82, 0x1, 0xa0, 0x1, 0xa0, 0x19, 0xcc,
    0x3, 0xf8, 0x68, 0x3, 0x19, 0x7, 0xcb, 0xa9,
    0x48, 0x7, 0xfc, 0x84, 0x1, 0x94, 0x11, 0xa2,
    0xb4, 0x40, 0x3f, 0xf8, 0x14, 0x1, 0xb0, 0x3,
    0xfc, 0x73, 0x3f, 0xb0, 0x3, 0x30, 0x7, 0xf9,
    0x59, 0xbf, 0x20, 0x6, 0x20, 0xf, 0xff, 0xf8,
    0x7, 0xf9, 0xbf, 0xff, 0x48, 0x6, 0x20, 0xf,
    0xfe, 0x3e, 0x0, 0x67, 0x0, 0x13, 0x57, 0x20,
    0x7, 0xff, 0x1, 0x0, 0x36, 0x4, 0x6c, 0xa8,
    0xc0, 0x7, 0xfc, 0xc2, 0x1, 0x9c, 0x30, 0x3,
    0x1b, 0x80, 0x7f, 0x14, 0x80, 0x64, 0x10, 0x42,
    0x0, 0xd0, 0xe0, 0x1f, 0x26, 0x0, 0x74, 0x0,
    0x52, 0x1, 0xd1, 0x8c, 0x64, 0x6d, 0x76, 0x10,
    0xc, 0xc6, 0x1, 0x23, 0x80, 0x71, 0xce, 0x6e,
    0x4a, 0x0, 0x71, 0xc8, 0x7, 0x42, 0x80, 0x7f,
    0xf0, 0xcf, 0x40, 0x3e, 0xa8, 0x0, 0xff, 0xe0,
    0xb6, 0x8, 0x7, 0xe7, 0xe7, 0x10, 0xf, 0xcb,
    0x92, 0x1, 0xff, 0xc, 0x76, 0xd4, 0x45, 0x39,
    0xf4, 0x60, 0x1f, 0x0,

    /* U+042E "Ю" */
    0x0, 0xff, 0xe2, 0x9a, 0xbb, 0x99, 0x4, 0x3,
    0xf3, 0xff, 0xe6, 0x0, 0xfc, 0x31, 0xd9, 0x51,
    0x9, 0xbe, 0xb4, 0x0, 0xff, 0xe3, 0xa7, 0xb8,
    0x80, 0x7c, 0x97, 0x40, 0x1f, 0xfc, 0x55, 0xb1,
    0x0, 0xff, 0x97, 0x0, 0x3f, 0xf8, 0x67, 0x40,
    0x1f, 0xfc, 0x23, 0xa0, 0xf, 0xfe, 0x17, 0x0,
    0x71, 0x4e, 0xf5, 0xb0, 0x7, 0x2a, 0x80, 0x3f,
    0xf8, 0xa, 0x40, 0x19, 0x75, 0x88, 0x52, 0x70,
    0x3, 0xa0, 0x3, 0xff, 0x81, 0x20, 0x18, 0xa8,
    0x3, 0xc7, 0x40, 0x18, 0x90, 0x3, 0xfc, 0x26,
    0x1, 0xa0, 0x3, 0xf2, 0x90, 0x6, 0xd0, 0xf,
    0xf2, 0x0, 0x61, 0x50, 0xf, 0xea, 0x0, 0xc8,
    0x1, 0xfe, 0xc0, 0xc, 0x80, 0x1f, 0xe5, 0x0,
    0xc4, 0x1, 0xe9, 0xee, 0x98, 0x3, 0x10, 0x7,
    0xf8, 0x80, 0x38, 0xc0, 0x3c, 0x23, 0x0, 0x77,
    0x0, 0x7f, 0xc2, 0x1, 0x9c, 0x3, 0xff, 0x84,
    0x60, 0x1f, 0xf1, 0x80, 0x61, 0x0, 0xff, 0xf1,
    0x18, 0x7, 0xfc, 0x60, 0x18, 0x40, 0x3a, 0x7f,
    0xe4, 0x0, 0xdc, 0x1, 0xff, 0x8, 0x6, 0x70,
    0xf, 0xe2, 0x0, 0xc4, 0x1, 0xfe, 0x20, 0xe,
    0x30, 0xf, 0xec, 0x0, 0xc8, 0x1, 0xfe, 0x50,
    0xc, 0x40, 0x1f, 0xe4, 0x0, 0xc2, 0xa0, 0x1f,
    0xd4, 0x1, 0x90, 0x3, 0xfc, 0x26, 0x1, 0xa0,
    0x3, 0xf2, 0x90, 0x6, 0xd0, 0xf, 0xfa, 0x40,
    0x31, 0x50, 0x7, 0x8e, 0x80, 0x31, 0x20, 0x7,
    0xfc, 0xa4, 0x1, 0x97, 0x58, 0x88, 0x93, 0x80,
    0x1d, 0x0, 0x1f, 0xfc, 0x1e, 0x0, 0xe2, 0x9d,
    0xd5, 0xb0, 0x7, 0x2a, 0x80, 0x3f, 0xf8, 0x27,
    0x40, 0x1f, 0xfc, 0x23, 0xa0, 0xf, 0xfe, 0x1a,
    0xd8, 0x80, 0x7f, 0xcb, 0x80, 0x1f, 0xfc, 0x54,
    0xf7, 0x10, 0xf, 0x92, 0xe8, 0x3, 0x9f, 0xff,
    0x30, 0x7, 0xe1, 0x8e, 0xca, 0x88, 0x4d, 0xf5,
    0xa0, 0x7, 0x80,

    /* U+042F "Я" */
    0x0, 0xe5, 0xbe, 0xff, 0xff, 0xe0, 0x48, 0x4,
    0x7b, 0x48, 0x20, 0x1f, 0xfc, 0x33, 0xc2, 0x0,
    0xff, 0xe3, 0x68, 0x7, 0xff, 0x1d, 0xc4, 0x3,
    0x95, 0xdf, 0xca, 0x1, 0xeb, 0x0, 0xc7, 0xd5,
    0x11, 0xee, 0x0, 0xf1, 0x80, 0x6e, 0x10, 0xf,
    0xfe, 0x9, 0x0, 0x62, 0x20, 0x7, 0xff, 0x8,
    0x40, 0x30, 0x80, 0x7f, 0xf0, 0xc4, 0x3, 0x8,
    0x7, 0xff, 0xc, 0x80, 0x31, 0x10, 0x3, 0xff,
    0x86, 0x60, 0x1b, 0x80, 0x3f, 0xf8, 0x76, 0x1,
    0x8f, 0xaa, 0x23, 0xdc, 0x1, 0xe7, 0x10, 0xc,
    0x2a, 0xef, 0xe5, 0x0, 0xfa, 0x80, 0x3f, 0xf9,
    0x9, 0x42, 0x1, 0xff, 0xc7, 0x5f, 0x0, 0xff,
    0xe4, 0x30, 0x7, 0x77, 0xfe, 0xb0, 0xf, 0xe9,
    0x0, 0xcc, 0x20, 0x1f, 0xfc, 0x16, 0x10, 0xd,
    0x0, 0x1f, 0xfc, 0x28, 0x0, 0xcc, 0x20, 0x1f,
    0xfc, 0x16, 0x10, 0xd, 0x60, 0x1f, 0xfc, 0x2b,
    0x0, 0xca, 0x40, 0x1f, 0xfc, 0x15, 0x20, 0xd,
    0x20, 0x1f, 0xfc, 0x28, 0x0, 0xc8, 0x60, 0x1f,
    0xfc, 0x15, 0x20, 0xd, 0x0, 0x1f, 0xfc, 0x20,

    /* U+0430 "а" */
    0x0, 0xf1, 0x2b, 0xbc, 0xa4, 0x1, 0xfc, 0xdb,
    0xaa, 0x88, 0xab, 0x7a, 0x0, 0x3d, 0x52, 0x40,
    0x1f, 0xb, 0xe8, 0x80, 0x54, 0xa0, 0x1f, 0xf1,
    0x68, 0x1, 0x14, 0x3, 0xff, 0x82, 0x68, 0x1e,
    0x1, 0x8a, 0xbb, 0xfd, 0x42, 0x1, 0xb4, 0x2e,
    0xcc, 0x22, 0xc5, 0x10, 0x2, 0xd0, 0x6, 0x50,
    0x2, 0x4f, 0x78, 0x80, 0x44, 0x86, 0x1, 0xfe,
    0x36, 0xad, 0xfd, 0xb8, 0x0, 0xc2, 0x1, 0x36,
    0xea, 0x54, 0x80, 0x3f, 0xec, 0x92, 0x0, 0xff,
    0xe1, 0x51, 0x80, 0x78, 0x51, 0xe4, 0x3, 0x89,
    0x40, 0x31, 0x4e, 0xf5, 0xc3, 0x80, 0x72, 0x80,
    0x65, 0xd6, 0x20, 0x9, 0x40, 0x3b, 0xc0, 0x37,
    0x0, 0x7b, 0xc0, 0x3f, 0xc6, 0x1, 0xd4, 0x80,
    0x1d, 0x80, 0x1a, 0x29, 0x99, 0x1c, 0xa0, 0x1e,
    0x42, 0x0, 0xcb, 0x32, 0x71, 0x0, 0x8, 0x7,
    0x70, 0x7, 0xf9, 0xa4, 0x3, 0x8f, 0x4c, 0x3,
    0xc5, 0x52, 0x1, 0xf1, 0x66, 0xcc, 0x42, 0x73,
    0x54, 0x1f, 0xfe, 0xd0,

    /* U+0431 "б" */
    0x0, 0xff, 0xe1, 0x89, 0x88, 0x7, 0xfc, 0x4b,
    0x15, 0x9d, 0xcc, 0x40, 0xf, 0xc5, 0x3d, 0xb4,
    0xea, 0x62, 0x0, 0x30, 0xf, 0xa7, 0x58, 0x40,
    0x3f, 0x70, 0x7, 0xe, 0x30, 0x7, 0xfc, 0x40,
    0x1d, 0xa6, 0x1, 0xe3, 0x57, 0x8a, 0xca, 0x0,
    0xd2, 0x60, 0x19, 0xf3, 0xf2, 0xa1, 0xd4, 0xc0,
    0x31, 0x30, 0x4, 0x3b, 0x6, 0x1, 0xff, 0x50,
    0x6, 0xd2, 0x0, 0xff, 0xe0, 0xa8, 0x4, 0x86,
    0x69, 0xdf, 0xf7, 0x52, 0x0, 0x70, 0x90, 0x5,
    0xb3, 0x8c, 0x40, 0x1, 0x5b, 0xb0, 0x80, 0x44,
    0x1, 0xa9, 0x80, 0x3f, 0x26, 0x8, 0x1, 0x80,
    0x31, 0x80, 0x7f, 0x8a, 0x80, 0x4, 0x1, 0xf1,
    0xaa, 0x88, 0x3, 0x91, 0x1, 0xe0, 0x1e, 0xbc,
    0xaa, 0x6c, 0x80, 0x77, 0x80, 0x7d, 0x48, 0x1,
    0x99, 0xc0, 0x32, 0x0, 0x78, 0x54, 0x3, 0xd2,
    0x1, 0xc4, 0x1, 0xc4, 0x1, 0xf0, 0x88, 0x3,
    0x37, 0x0, 0x67, 0x0, 0xfc, 0x60, 0x1c, 0xa0,
    0x19, 0x80, 0x3f, 0x10, 0x6, 0x73, 0x0, 0xc4,
    0x20, 0x1e, 0x40, 0xe, 0x30, 0x40, 0xd, 0x60,
    0x1e, 0x80, 0xc, 0x80, 0xf, 0x0, 0xcb, 0x68,
    0x22, 0x5c, 0x30, 0xd, 0xe0, 0x4, 0x30, 0xc,
    0x97, 0xdc, 0xa3, 0x0, 0xc8, 0x80, 0xb, 0x84,
    0x3, 0xff, 0x80, 0x54, 0x1, 0x8b, 0x4, 0x3,
    0xfc, 0x78, 0x20, 0x1c, 0x5e, 0xc0, 0x1f, 0x14,
    0xe0, 0x80, 0x7c, 0x33, 0xf7, 0x31, 0xa, 0xdd,
    0x30, 0x7, 0x0,

    /* U+0432 "в" */
    0x8f, 0xff, 0xf7, 0x5b, 0x0, 0x7f, 0xf0, 0xc5,
    0x27, 0x4, 0x3, 0xff, 0x88, 0x7a, 0x1, 0xf0,
    0x99, 0xc4, 0x1, 0xc6, 0x40, 0x1e, 0x9c, 0xcb,
    0x78, 0x40, 0x33, 0x80, 0x7f, 0xc2, 0xa0, 0x1f,
    0xfc, 0x42, 0x40, 0xc, 0x80, 0x1e, 0x9d, 0xdb,
    0xb4, 0x3, 0x40, 0x80, 0x78, 0x48, 0xa1, 0x0,
    0xd2, 0xe0, 0x1f, 0xfc, 0x49, 0x80, 0xf, 0xfe,
    0x2b, 0xc8, 0x7, 0xa3, 0xff, 0xa8, 0x3, 0x30,
    0x80, 0x7f, 0xca, 0x60, 0x19, 0x40, 0x3f, 0xf8,
    0xe, 0x1, 0x84, 0x3, 0xfe, 0x24, 0x0, 0xcc,
    0x1, 0xd5, 0x77, 0xb3, 0x40, 0x30, 0x98, 0x7,
    0x12, 0x26, 0x30, 0xe, 0x90, 0xf, 0xfe, 0x23,
    0x38, 0x7, 0xff, 0x4, 0x96, 0xe4, 0x0,

    /* U+0433 "г" */
    0x7f, 0xff, 0xfe, 0xc, 0x80, 0x7f, 0xf9, 0x8d,
    0x9b, 0xf6, 0x0, 0x75, 0x4c, 0xfe, 0x50, 0xf,
    0xff, 0xf8, 0x7, 0xff, 0xfc, 0x3, 0xff, 0xc2,

    /* U+0434 "д" */
    0x0, 0xdd, 0xff, 0xff, 0xc2, 0x20, 0xf, 0x8,
    0x7, 0xff, 0x8c, 0x8c, 0xf8, 0x3, 0xfe, 0x10,
    0xd, 0x19, 0x9c, 0x80, 0x1f, 0xe3, 0x0, 0xc2,
    0x1, 0xff, 0xc4, 0x60, 0xc, 0xe0, 0x1f, 0xfc,
    0x41, 0x0, 0xc2, 0x1, 0xff, 0xc4, 0x20, 0xc,
    0x40, 0x1f, 0xfc, 0x4e, 0x0, 0xff, 0xe4, 0x90,
    0x4, 0x40, 0x1f, 0xfc, 0x56, 0x0, 0x84, 0x3,
    0xff, 0x88, 0x24, 0x1, 0x28, 0x7, 0xff, 0x11,
    0xc0, 0x36, 0x0, 0x7f, 0xf0, 0xca, 0x0, 0x22,
    0x50, 0xf, 0xfe, 0x16, 0x68, 0x80, 0x47, 0x99,
    0xf2, 0x0, 0x6f, 0xc1, 0x20, 0xe, 0x13, 0x3f,
    0x80, 0x38, 0x8c, 0xc0, 0x1f, 0xfe, 0x44, 0xff,
    0xff, 0xa0, 0x3, 0xff, 0xf7, 0x55, 0xa0, 0x3,
    0xfe, 0x5a, 0xac, 0x40,

    /* U+0435 "е" */
    0x0, 0xf8, 0x95, 0xdc, 0xc8, 0x1, 0xff, 0xc0,
    0x6d, 0xd5, 0x44, 0x26, 0xfe, 0x88, 0x3, 0xe1,
    0xc9, 0x20, 0xf, 0x97, 0x54, 0x3, 0x87, 0xcc,
    0x3, 0xfe, 0xa4, 0x0, 0xda, 0x20, 0x1c, 0x46,
    0x40, 0x1d, 0x42, 0x0, 0x63, 0x0, 0xcd, 0xdb,
    0x9b, 0xa2, 0x0, 0x86, 0x40, 0x16, 0x1, 0x9a,
    0x44, 0x2, 0x2f, 0x0, 0xcc, 0x4, 0x40, 0xd,
    0x0, 0x1e, 0x23, 0x0, 0x84, 0x90, 0x3, 0xbb,
    0xff, 0xe3, 0x0, 0xcf, 0xc0, 0x1f, 0xfc, 0x63,
    0x0, 0xff, 0xe6, 0x8a, 0xaf, 0xe4, 0x33, 0x2a,
    0xdc, 0x1, 0x8e, 0xab, 0xf5, 0xe6, 0x2a, 0x86,
    0xa0, 0x18, 0x8c, 0x3, 0xe5, 0x20, 0xc, 0x62,
    0x1, 0xbc, 0x3, 0xcb, 0x5b, 0xd2, 0xa0, 0x8,
    0x0, 0xc7, 0xaa, 0x42, 0x73, 0x40, 0x1, 0x6b,
    0x0, 0x31, 0x80, 0x62, 0xad, 0xec, 0x60, 0xe,
    0xb0, 0xb, 0x48, 0x3, 0xff, 0x82, 0xea, 0x1,
    0xe, 0x20, 0x7, 0xfd, 0x10, 0x0, 0xe1, 0xba,
    0x30, 0xf, 0x97, 0x5c, 0x3, 0xf2, 0xe7, 0x54,
    0x45, 0x7d, 0x44, 0x1, 0x80,

    /* U+0436 "ж" */
    0xd, 0xff, 0xce, 0x1, 0xdf, 0xf9, 0x40, 0x31,
    0x7f, 0xf1, 0x80, 0x38, 0x3, 0x41, 0x0, 0x7f,
    0xf0, 0x64, 0x3, 0x39, 0x80, 0xd, 0xc0, 0x37,
    0x0, 0x7f, 0xf0, 0x19, 0x0, 0x22, 0x80, 0xd,
    0x4, 0x1, 0x1b, 0x0, 0x7f, 0x86, 0x40, 0x37,
    0x0, 0x7b, 0x80, 0x34, 0x88, 0x7, 0xf5, 0x80,
    0x66, 0x30, 0xf, 0x1b, 0x80, 0x6a, 0x0, 0xfc,
    0xaa, 0x0, 0x8a, 0x40, 0x3f, 0x41, 0x0, 0x48,
    0xa0, 0x1e, 0x1b, 0x0, 0xdc, 0x1, 0xfe, 0xe0,
    0xd, 0x62, 0x1, 0xd0, 0x20, 0x13, 0x18, 0x7,
    0xf8, 0xdc, 0x2, 0x18, 0x0, 0xd8, 0xc0, 0x11,
    0x48, 0x7, 0xff, 0x2, 0x40, 0x33, 0x0, 0x66,
    0x0, 0xd6, 0x1, 0xff, 0xc1, 0x80, 0xc, 0xc0,
    0x19, 0x80, 0x34, 0x8, 0x7, 0xfc, 0x8c, 0x1,
    0xc, 0x80, 0x6c, 0x60, 0x8, 0x6c, 0x3, 0xfc,
    0x34, 0x1, 0xa8, 0x3, 0xd2, 0x20, 0x12, 0xb0,
    0x7, 0xf5, 0x8, 0x4, 0xa8, 0x1, 0xf5, 0x0,
    0x69, 0x20, 0xf, 0x99, 0x0, 0x21, 0xb0, 0xf,
    0xc8, 0xc0, 0x1b, 0x80, 0x3c, 0x52, 0x1, 0xac,
    0x40, 0x3f, 0xa4, 0x40, 0x23, 0x80, 0xe, 0xf0,
    0xc, 0xaa, 0x0, 0xff, 0xa8, 0x3, 0x39, 0x80,
    0x52, 0x40, 0x10, 0xd8, 0x7, 0xff, 0x1, 0x14,
    0x3, 0x68, 0x82, 0x30, 0x6, 0xb1, 0x0, 0xff,
    0xe0, 0xd8, 0x80, 0x43, 0x60,

    /* U+0437 "з" */
    0x0, 0xf0, 0xa3, 0xbc, 0x82, 0x1, 0xfc, 0x97,
    0xd7, 0x11, 0x5f, 0x59, 0x0, 0x71, 0x5d, 0x90,
    0x3, 0xe4, 0xd5, 0x0, 0x8b, 0x50, 0x3, 0xfe,
    0xa2, 0x0, 0x13, 0x80, 0x7f, 0xf0, 0x6c, 0x2,
    0x85, 0x0, 0x35, 0xf7, 0x31, 0x0, 0x32, 0x80,
    0x6a, 0x9e, 0x94, 0x11, 0x1f, 0x80, 0x7f, 0x98,
    0x40, 0x31, 0xf0, 0x6, 0x50, 0xf, 0xdf, 0xf6,
    0x28, 0x6, 0xa0, 0xf, 0xfe, 0x22, 0x18, 0x7,
    0xff, 0x11, 0x10, 0x1, 0xf8, 0x8b, 0x0, 0x74,
    0x80, 0x7e, 0xdd, 0xdc, 0x40, 0x11, 0x18, 0x6,
    0x20, 0xf, 0xa, 0x0, 0x65, 0x0, 0xa7, 0x60,
    0x3, 0xca, 0x1, 0xe4, 0xe6, 0x7, 0xd6, 0x21,
    0x3a, 0x30, 0xc, 0x43, 0x62, 0x1, 0x14, 0xef,
    0x62, 0x80, 0x72, 0xd, 0x80, 0x7f, 0xf0, 0xa4,
    0x0, 0x98, 0x40, 0x1f, 0xf4, 0x30, 0x4, 0x7b,
    0x24, 0x1, 0xf2, 0x63, 0x80, 0x79, 0xb7, 0x55,
    0x11, 0x5f, 0x59, 0x80, 0x40,

    /* U+0438 "и" */
    0x8f, 0xfc, 0x40, 0x1f, 0x37, 0xfd, 0xa0, 0x1f,
    0xfc, 0x3, 0x90, 0xf, 0xfe, 0x18, 0xe8, 0x7,
    0xff, 0x13, 0x44, 0x3, 0xff, 0x87, 0x26, 0x1,
    0xff, 0xc3, 0x56, 0x0, 0xff, 0xe1, 0x95, 0x0,
    0x7f, 0xf0, 0xc7, 0xc0, 0x30, 0x80, 0x7f, 0xd4,
    0x40, 0x15, 0x18, 0x7, 0xf9, 0xd0, 0x2, 0x75,
    0x0, 0xff, 0x2c, 0x0, 0x47, 0x0, 0x1f, 0xf4,
    0x0, 0x43, 0xa0, 0x1f, 0xfc, 0x4a, 0x10, 0xf,
    0xfe, 0x1b, 0xa0, 0x7, 0xff, 0xc, 0xe0, 0x3,
    0xff, 0x86, 0x3a, 0x1, 0xff, 0xc4, 0xa1, 0x0,
    0xff, 0xe1, 0xba, 0x0, 0x7f, 0xf0, 0xd2, 0x0,
    0x3f, 0xf8, 0x0,

    /* U+0439 "й" */
    0x0, 0xcf, 0x10, 0x70, 0x8, 0xa2, 0x24, 0x0,
    0xf5, 0x3b, 0xa1, 0x0, 0x10, 0xef, 0x10, 0x7,
    0x94, 0x2, 0xbd, 0xe5, 0x0, 0x90, 0x3, 0xd2,
    0x20, 0x11, 0x8, 0x4, 0xc4, 0x1, 0xe1, 0xc1,
    0x0, 0xf2, 0xc8, 0x7, 0xe2, 0xf7, 0x20, 0x2,
    0x55, 0x0, 0x3f, 0xc3, 0x1b, 0xfe, 0xb5, 0x0,
    0xff, 0xee, 0xc7, 0xfe, 0x20, 0xf, 0x9b, 0xfe,
    0xd0, 0xf, 0xfe, 0x1, 0xc8, 0x7, 0xff, 0xc,
    0x74, 0x3, 0xff, 0x89, 0xa2, 0x1, 0xff, 0xc3,
    0x93, 0x0, 0xff, 0xe1, 0xab, 0x0, 0x7f, 0xf0,
    0xca, 0x80, 0x3f, 0xf8, 0x63, 0xe0, 0x18, 0x40,
    0x3f, 0xea, 0x20, 0xa, 0x8c, 0x3, 0xfc, 0xe8,
    0x1, 0x3a, 0x80, 0x7f, 0x96, 0x0, 0x23, 0x80,
    0xf, 0xfa, 0x0, 0x21, 0xd0, 0xf, 0xfe, 0x25,
    0x8, 0x7, 0xff, 0xd, 0xd0, 0x3, 0xff, 0x86,
    0x70, 0x1, 0xff, 0xc3, 0x1d, 0x0, 0xff, 0xe2,
    0x50, 0x80, 0x7f, 0xf0, 0xdd, 0x0, 0x3f, 0xf8,
    0x69, 0x0, 0x1f, 0xfc, 0x0,

    /* U+043A "к" */
    0x7f, 0xfc, 0xe0, 0x1c, 0x9f, 0xfd, 0x60, 0x1f,
    0xf0, 0xd0, 0x6, 0x1a, 0x0, 0xff, 0xa8, 0x40,
    0x35, 0x8, 0x7, 0xf9, 0xd0, 0x3, 0x3a, 0x0,
    0x7f, 0x8e, 0x0, 0x31, 0xc0, 0x5, 0xe0, 0x1f,
    0x70, 0x6, 0x1e, 0x0, 0xff, 0xa4, 0x80, 0x35,
    0x90, 0x7, 0xf9, 0x58, 0x3, 0x32, 0x80, 0x7f,
    0xba, 0xc0, 0x31, 0x48, 0x7, 0xfc, 0xc2, 0x1,
    0xa4, 0x3, 0xff, 0x80, 0xc2, 0x1, 0xa4, 0x3,
    0xff, 0x81, 0xd6, 0x1, 0x8a, 0x80, 0x3f, 0xf8,
    0xa, 0xc0, 0x19, 0x5c, 0x3, 0xff, 0x81, 0x26,
    0x1, 0xa1, 0x0, 0x3f, 0xf8, 0x1c, 0x1, 0xd4,
    0x20, 0x1f, 0xf1, 0x50, 0x6, 0x1d, 0x0, 0xff,
    0xe0, 0x2a, 0x80, 0x31, 0xc8, 0x7, 0xff, 0x2,
    0x88, 0x3, 0x33, 0x0, 0x3f, 0xf8, 0x1e, 0x1,
    0xd2, 0x60,

    /* U+043B "л" */
    0x0, 0xc3, 0xff, 0xff, 0xc2, 0xa0, 0xc, 0x60,
    0x1f, 0xfc, 0x71, 0x0, 0xff, 0xe3, 0xb8, 0x7,
    0xff, 0x1c, 0x40, 0x32, 0xb3, 0x64, 0x0, 0xfe,
    0x30, 0xd, 0x13, 0x3b, 0xc0, 0x3f, 0xb8, 0x3,
    0x10, 0x7, 0xff, 0x8, 0x40, 0x3f, 0xf8, 0xe4,
    0x1, 0x10, 0x7, 0xff, 0xd, 0x80, 0x21, 0x0,
    0xff, 0xe1, 0x90, 0x4, 0xc0, 0x1f, 0xfc, 0x21,
    0x0, 0xc4, 0x1, 0xff, 0xc2, 0x50, 0xd, 0xc0,
    0x1f, 0xfc, 0x2c, 0x0, 0xca, 0x1, 0xff, 0xc1,
    0x16, 0x0, 0xc6, 0x1, 0xff, 0x27, 0x70, 0x40,
    0x23, 0x0, 0xff, 0xe0, 0x88, 0x7, 0x50, 0x7,
    0xff, 0x18, 0x98, 0x3, 0xff, 0x8a, 0x78, 0x1,
    0xff, 0xc1, 0x4d, 0xbb, 0x6e, 0x8, 0x7, 0xc9,
    0xff, 0xa8,

    /* U+043C "м" */
    0x8f, 0xfa, 0xc0, 0x3f, 0xf8, 0x9, 0xff, 0x80,
    0x32, 0x20, 0x3, 0xfe, 0x90, 0xf, 0xe8, 0x0,
    0xff, 0x31, 0x0, 0x7f, 0x1a, 0x80, 0x7f, 0x40,
    0x7, 0xfd, 0x60, 0x1f, 0x9c, 0x40, 0x3f, 0xe1,
    0x70, 0xf, 0xc, 0x0, 0x7f, 0xf0, 0x60, 0x40,
    0x3a, 0x0, 0x3f, 0xf8, 0x70, 0x1, 0x89, 0x80,
    0x3f, 0xf8, 0x6c, 0x40, 0x14, 0x80, 0x7f, 0xf1,
    0x60, 0x0, 0x68, 0x1, 0xff, 0xc1, 0x80, 0x9,
    0x4c, 0x3c, 0x2, 0x44, 0x0, 0x7f, 0x29, 0x80,
    0x5e, 0xa6, 0x1, 0x40, 0x7, 0xfd, 0xe0, 0x11,
    0xd0, 0x4, 0xa6, 0x1, 0xff, 0x1a, 0x80, 0x7d,
    0x60, 0x1f, 0xfc, 0x18, 0x0, 0xf3, 0x88, 0x7,
    0xff, 0x4, 0x98, 0x3, 0xc, 0x80, 0x7f, 0xf0,
    0xe0, 0x3, 0x48, 0x80, 0x7f, 0xf0, 0xc6, 0x0,
    0x4, 0xe0, 0x1f, 0xfc, 0x57, 0x10, 0x80, 0xf,
    0xe0,

    /* U+043D "н" */
    0x8f, 0xfc, 0xc0, 0x1f, 0x57, 0xfe, 0x40, 0xf,
    0xff, 0xf8, 0x7, 0xff, 0x82, 0x7f, 0xfe, 0x50,
    0xf, 0xff, 0xba, 0x33, 0x7c, 0x40, 0x1f, 0xed,
    0x99, 0xf9, 0xc0, 0x3f, 0xff, 0xe0, 0x1f, 0xfe,
    0x0,

    /* U+043E "о" */
    0x0, 0xf8, 0x95, 0xdc, 0xc8, 0x20, 0x1f, 0xfc,
    0x6, 0xdd, 0x54, 0x42, 0x6f, 0xa8, 0x80, 0x3f,
    0xe, 0x49, 0x0, 0x7c, 0xba, 0xe0, 0x1e, 0x1f,
    0x30, 0xf, 0xfa, 0x20, 0x1, 0xda, 0x20, 0x1f,
    0xfc, 0x17, 0x50, 0x9, 0x8c, 0x3, 0x15, 0x6f,
    0x63, 0x80, 0x75, 0x80, 0x56, 0x1, 0x8f, 0x54,
    0x84, 0xe2, 0xc0, 0x30, 0xb0, 0x11, 0x0, 0x37,
    0x80, 0x79, 0x14, 0x3, 0x68, 0x20, 0x6, 0x23,
    0x0, 0xfb, 0x80, 0x32, 0x7, 0x0, 0x66, 0x0,
    0xfc, 0xa0, 0x1c, 0x20, 0x1c, 0x20, 0x1f, 0x84,
    0x3, 0xff, 0x90, 0x20, 0x1e, 0xe0, 0xc, 0xe0,
    0x1f, 0x94, 0x3, 0x85, 0x0, 0x31, 0x18, 0x7,
    0xdc, 0x1, 0x90, 0x8, 0x80, 0x1b, 0x80, 0x3c,
    0xaa, 0x0, 0xda, 0x0, 0xb0, 0xc, 0x5a, 0xa4,
    0x27, 0x34, 0x1, 0x85, 0x80, 0xc, 0x60, 0x18,
    0xab, 0x7b, 0x18, 0x3, 0xac, 0x3, 0x68, 0x80,
    0x7f, 0xf0, 0x5d, 0x40, 0x30, 0xf9, 0x80, 0x7f,
    0xd1, 0x0, 0xf, 0xe, 0x49, 0x0, 0x7c, 0xba,
    0xe0, 0x1f, 0xcd, 0xba, 0xa8, 0x84, 0xdf, 0xd1,
    0x0, 0x70,

    /* U+043F "п" */
    0x8f, 0xff, 0xfe, 0x26, 0x80, 0x7f, 0xfb, 0xd1,
    0x9b, 0xe0, 0xf, 0xf6, 0xcc, 0xfa, 0x0, 0x3f,
    0xff, 0xe0, 0x1f, 0xff, 0xf0, 0xf, 0xff, 0xf8,
    0x7, 0xff, 0x8,

    /* U+0440 "р" */
    0x0, 0xf8, 0xd9, 0xdc, 0xa4, 0x1, 0xf4, 0x7f,
    0xd8, 0xdd, 0x93, 0x10, 0xad, 0xc4, 0x0, 0xfe,
    0x39, 0x10, 0xf, 0x1d, 0xc8, 0x7, 0xff, 0x1d,
    0xa4, 0x3, 0xfe, 0x11, 0x0, 0x79, 0x94, 0x3,
    0xf2, 0xef, 0x75, 0x0, 0x1d, 0x60, 0x1f, 0x1d,
    0x10, 0x0, 0x5e, 0x80, 0x30, 0xa8, 0x7, 0xa0,
    0x3, 0xca, 0x60, 0x1b, 0xc0, 0x3c, 0x80, 0x1f,
    0x50, 0x6, 0x70, 0xe, 0x10, 0xf, 0xca, 0x1,
    0x88, 0x3, 0x8c, 0x3, 0xf0, 0x80, 0x7f, 0x8c,
    0x3, 0xf0, 0x80, 0x7f, 0x84, 0x3, 0xf2, 0x80,
    0x62, 0x0, 0xf2, 0x0, 0x7d, 0xa0, 0x19, 0xc0,
    0x3d, 0x0, 0x1e, 0x44, 0x0, 0x6f, 0x0, 0xf1,
    0xd9, 0x0, 0x4d, 0x60, 0x18, 0x54, 0x3, 0xe4,
    0xde, 0xdf, 0x90, 0xe, 0x80, 0xf, 0xf0, 0x90,
    0x7, 0x95, 0x80, 0x3f, 0xf8, 0xad, 0x40, 0x1f,
    0x90, 0x80, 0x3c, 0x55, 0x20, 0x1f, 0xdb, 0xac,
    0x98, 0x84, 0xee, 0x94, 0x3, 0xff, 0x80, 0x6c,
    0xee, 0x62, 0x0, 0xff, 0xff, 0x80, 0x7f, 0xff,
    0x0,

    /* U+0441 "с" */
    0x0, 0xf8, 0xd9, 0xdc, 0xc8, 0x1, 0xff, 0x3f,
    0x64, 0xc4, 0x26, 0xfe, 0x44, 0x3, 0xc5, 0xb0,
    0x20, 0x1f, 0x37, 0x28, 0x6, 0x2c, 0x20, 0xf,
    0xfa, 0x90, 0x2, 0xf1, 0x0, 0xff, 0xe0, 0xd0,
    0x83, 0x10, 0x6, 0x2a, 0xde, 0xa2, 0x0, 0xc2,
    0xc1, 0x60, 0x18, 0xf5, 0x48, 0x57, 0x48, 0x3,
    0x59, 0x90, 0x6, 0xf0, 0xf, 0x70, 0x1b, 0xde,
    0x28, 0x6, 0x23, 0x0, 0xf1, 0xfe, 0x42, 0x7,
    0x0, 0x66, 0x0, 0xff, 0xe3, 0x8, 0x7, 0xff,
    0x53, 0x80, 0x33, 0x80, 0x7f, 0xf0, 0x54, 0x3,
    0x11, 0x80, 0x78, 0xee, 0x14, 0x80, 0xc4, 0x3,
    0x78, 0x7, 0xbd, 0x1e, 0xb6, 0xc2, 0x40, 0x31,
    0xea, 0x88, 0x92, 0xcc, 0x3, 0x68, 0x39, 0x0,
    0x62, 0xae, 0xe5, 0xa0, 0x6, 0x16, 0x0, 0x78,
    0x80, 0x7f, 0xf0, 0x74, 0x2, 0x2c, 0x20, 0xf,
    0xf0, 0xd9, 0x80, 0x62, 0xd7, 0x10, 0xf, 0x9b,
    0xd0, 0x3, 0xe8, 0xec, 0x98, 0x84, 0xdf, 0xc8,
    0x80, 0x40,

    /* U+0442 "т" */
    0x1f, 0xff, 0xfe, 0x2c, 0x0, 0x7f, 0xfb, 0x46,
    0xab, 0xc4, 0x1, 0xa2, 0xab, 0xc0, 0xab, 0xe6,
    0x0, 0xca, 0xbe, 0x20, 0xf, 0xff, 0xf8, 0x7,
    0xff, 0xfc, 0x3, 0xff, 0xfe, 0x1, 0xff, 0xca,

    /* U+0443 "у" */
    0x7f, 0xfd, 0x40, 0x1f, 0xd3, 0xff, 0x95, 0x80,
    0x32, 0x80, 0x7f, 0x38, 0x4, 0x2a, 0x2a, 0x1,
    0x98, 0x3, 0xe5, 0x10, 0x9, 0x80, 0x12, 0x1,
    0xa8, 0x3, 0xee, 0x0, 0xd4, 0x0, 0x33, 0x0,
    0x46, 0x40, 0x1c, 0x28, 0x1, 0x19, 0x0, 0x54,
    0x1, 0xac, 0x3, 0x98, 0x3, 0x48, 0x6, 0x60,
    0xc, 0xe0, 0x1d, 0x40, 0x19, 0x40, 0x39, 0x80,
    0x21, 0x50, 0x9, 0x8, 0x2, 0x60, 0xf, 0x58,
    0x6, 0xe0, 0xb, 0x80, 0x35, 0x80, 0x78, 0x8c,
    0x2, 0x42, 0x1, 0x50, 0x8, 0xc8, 0x3, 0xe9,
    0x0, 0xd4, 0xe, 0x1, 0xa8, 0x3, 0xf2, 0x88,
    0x4, 0xc1, 0x40, 0x19, 0x80, 0x3f, 0x98, 0x2,
    0x17, 0x30, 0x9, 0x80, 0x3f, 0xd4, 0x1, 0xa0,
    0x3, 0x50, 0x7, 0xf8, 0x90, 0x3, 0xe2, 0x30,
    0xf, 0xfb, 0x80, 0x3e, 0xa0, 0xf, 0xfe, 0x2,
    0x88, 0x7, 0x98, 0x3, 0xff, 0x82, 0xc0, 0x1c,
    0xa2, 0x1, 0xff, 0xc1, 0x90, 0xe, 0xe0, 0xf,
    0xfe, 0x10, 0x88, 0x2, 0x24, 0x0, 0xff, 0xe1,
    0x20, 0x80, 0x54, 0x1, 0xff, 0xc3, 0xe0, 0xc,
    0xc0, 0x1f, 0xfc, 0x35, 0x0, 0x90, 0x40, 0x3f,
    0xf8, 0x4a, 0x1, 0xbc, 0x3, 0xff, 0x87, 0xc0,
    0x10, 0xa0, 0x7, 0xff, 0x8, 0x50, 0x2, 0x60,
    0xf, 0xfe, 0x1b, 0x0, 0x6a, 0x0, 0xff, 0xe1,
    0xd0, 0x4, 0x84, 0x1, 0xfe,

    /* U+0444 "ф" */
    0x0, 0xff, 0x37, 0xfd, 0xc0, 0x1f, 0xff, 0xf0,
    0xf, 0xff, 0x19, 0xaa, 0xb8, 0x3, 0x22, 0xa0,
    0x80, 0x7f, 0xc5, 0x5f, 0x95, 0x47, 0x0, 0x86,
    0xea, 0xfb, 0x58, 0x3, 0xf2, 0xea, 0x80, 0x7f,
    0xf0, 0x4a, 0x6c, 0x3, 0xc9, 0x40, 0x1f, 0xfc,
    0x54, 0xc0, 0xc, 0x34, 0x1, 0xff, 0xc7, 0x37,
    0x0, 0xa4, 0x40, 0x33, 0x67, 0x38, 0x4, 0x3b,
    0xd4, 0x40, 0x1a, 0x4, 0x0, 0xc0, 0x19, 0xe4,
    0xc7, 0x80, 0x31, 0xa, 0xe0, 0x80, 0x67, 0x3,
    0x10, 0x8, 0x60, 0x3, 0xfe, 0x18, 0x0, 0xda,
    0xa, 0x1, 0x90, 0x3, 0xff, 0x82, 0x80, 0x19,
    0x43, 0x80, 0x36, 0x80, 0x7f, 0xf0, 0x48, 0x3,
    0x8, 0x7, 0x84, 0x3, 0xff, 0x84, 0x20, 0x1f,
    0xfd, 0x3f, 0x0, 0xdc, 0x1, 0xff, 0xc2, 0x10,
    0xe, 0x20, 0xc, 0x60, 0x1f, 0xfc, 0x13, 0x0,
    0xc4, 0xe, 0x1, 0x90, 0x80, 0x3f, 0xf8, 0x14,
    0x1, 0x9c, 0x8, 0x80, 0x1b, 0x80, 0x3f, 0xe4,
    0x60, 0xd, 0xe0, 0xb, 0x0, 0xc7, 0xae, 0xb8,
    0x1, 0xb, 0x32, 0xac, 0x3, 0x12, 0x80, 0x18,
    0xc0, 0x31, 0x45, 0x28, 0x6, 0x99, 0x28, 0x7,
    0x48, 0x6, 0xd1, 0x0, 0xff, 0xe3, 0x3a, 0x0,
    0x61, 0xf3, 0x0, 0xff, 0xe2, 0x4c, 0x0, 0x78,
    0x72, 0x90, 0x40, 0x3f, 0xc4, 0xfc, 0xc0, 0x1f,
    0xcb, 0x7d, 0xfe, 0x90, 0x8, 0x7f, 0xed, 0x81,
    0x0, 0xff, 0xff, 0x80, 0x7f, 0xff, 0xc0, 0x3f,
    0xf9, 0x24, 0x89, 0x80, 0x3f, 0xe0,

    /* U+0445 "х" */
    0x2f, 0xfe, 0x90, 0xf, 0x2f, 0xff, 0x29, 0x48,
    0x6, 0x64, 0x0, 0xc3, 0x40, 0x19, 0x54, 0xc,
    0xa0, 0x1a, 0x84, 0x2, 0xa0, 0xc, 0x54, 0x1,
    0x58, 0x80, 0x43, 0x60, 0x6, 0x40, 0xd, 0xc0,
    0x18, 0x68, 0x3, 0x2b, 0x14, 0x80, 0x68, 0x30,
    0xe, 0x47, 0x0, 0xd3, 0xc0, 0x19, 0x1c, 0x3,
    0xe8, 0x30, 0xc, 0x60, 0x10, 0xd0, 0x7, 0xf7,
    0x0, 0x7e, 0xa1, 0x0, 0xfe, 0x2a, 0x0, 0xf3,
    0x20, 0x7, 0xfc, 0xa4, 0x1, 0xd0, 0x1, 0xff,
    0xc0, 0x72, 0x0, 0xea, 0x0, 0xff, 0x8e, 0x0,
    0x3c, 0x8e, 0x1, 0xfe, 0xd0, 0xf, 0xd0, 0x60,
    0x1f, 0xa8, 0x40, 0x22, 0x50, 0xd, 0xc0, 0x1f,
    0x32, 0x80, 0x6e, 0xa1, 0x0, 0x8a, 0x80, 0x38,
    0xa4, 0x3, 0x39, 0x85, 0x0, 0x65, 0x50, 0x6,
    0xe0, 0xc, 0x50, 0x0, 0x46, 0x0, 0xd4, 0x40,
    0x8, 0x30, 0xd, 0xe0, 0x1a, 0x48, 0x3, 0x70,
    0x23, 0x80, 0x68, 0x20, 0xe, 0xe0, 0xc, 0x70,

    /* U+0446 "ц" */
    0x8f, 0xfc, 0xc0, 0x1e, 0x1f, 0xfd, 0xa0, 0x1f,
    0xff, 0xf0, 0xf, 0xff, 0xf8, 0x7, 0xff, 0xfc,
    0x3, 0xff, 0xf5, 0xb3, 0x3e, 0x80, 0xf, 0xfe,
    0x12, 0x33, 0x7c, 0x1, 0x8b, 0xfe, 0x80, 0xf,
    0xff, 0xb4, 0x7f, 0xff, 0xf0, 0xe8, 0x3, 0xff,
    0xfe, 0x1, 0xff, 0xc0, 0x65, 0x5d, 0xa0,

    /* U+0447 "ч" */
    0x9f, 0xfc, 0xc0, 0x1e, 0x5f, 0xfd, 0x20, 0x1f,
    0xff, 0xc1, 0x0, 0xff, 0xe5, 0x70, 0x7, 0xff,
    0x3, 0xc0, 0x31, 0x80, 0x7f, 0xf0, 0xc, 0x3,
    0x21, 0x80, 0x76, 0x80, 0x72, 0x80, 0x76, 0x42,
    0xa9, 0xf1, 0xc0, 0x38, 0x54, 0x3, 0x9e, 0xa9,
    0x6, 0x1, 0xf4, 0x0, 0x7f, 0xf1, 0x4b, 0x4,
    0x3, 0xff, 0x88, 0x7d, 0x6, 0x20, 0x1, 0x49,
    0x90, 0x7, 0xf3, 0xe7, 0x7f, 0xba, 0xd8, 0xc0,
    0x3f, 0xff, 0xe0, 0x0,

    /* U+0448 "ш" */
    0x8f, 0xfc, 0x40, 0x1b, 0xff, 0x58, 0x6, 0x5f,
    0xfc, 0xa0, 0x1f, 0xff, 0xf0, 0xf, 0xff, 0xf8,
    0x7, 0xff, 0xfc, 0x3, 0xff, 0xfe, 0x1, 0xff,
    0xd2, 0x45, 0x5c, 0x1, 0x99, 0x57, 0x60, 0x7,
    0xfa, 0x6a, 0xb0, 0x6, 0x2a, 0xac, 0xc0, 0x1f,
    0xff, 0xf0, 0xe,

    /* U+0449 "щ" */
    0x8f, 0xfc, 0x40, 0x1b, 0xff, 0x58, 0x6, 0x5f,
    0xfc, 0xa0, 0x1f, 0xff, 0xf0, 0xf, 0xff, 0xf8,
    0x7, 0xff, 0xfc, 0x3, 0xff, 0xfe, 0x1, 0xff,
    0xe0, 0x45, 0x5c, 0x1, 0x99, 0x57, 0x60, 0x6,
    0xd4, 0x0, 0xe9, 0xaa, 0xc0, 0x18, 0xaa, 0xb3,
    0x0, 0x67, 0xa0, 0xf, 0xff, 0xf8, 0x5, 0x1f,
    0xff, 0xfc, 0x80, 0xf, 0xff, 0xf8, 0x7, 0xff,
    0x46, 0xab, 0x80,

    /* U+044A "ъ" */
    0x4f, 0xff, 0xa0, 0x3, 0xff, 0xd4, 0xe6, 0x62,
    0x0, 0xff, 0xe2, 0x9e, 0x62, 0xc0, 0x3f, 0xfc,
    0x4f, 0xff, 0xec, 0x71, 0x0, 0xff, 0xe3, 0x1c,
    0x73, 0x0, 0x7f, 0xf2, 0x25, 0x40, 0x3f, 0x84,
    0xcf, 0x8, 0x7, 0x58, 0x7, 0xf3, 0x66, 0x6e,
    0x90, 0xc, 0x28, 0x1, 0xff, 0xc2, 0x65, 0x0,
    0xc6, 0x1, 0xff, 0xc3, 0xc0, 0xd, 0xe0, 0x1f,
    0xfc, 0x3f, 0x0, 0xff, 0xe3, 0xab, 0x0, 0x6d,
    0x0, 0xfc, 0xd9, 0x9b, 0x68, 0x3, 0xa, 0x80,
    0x7e, 0x13, 0x3c, 0x40, 0x1d, 0x60, 0x1f, 0xfc,
    0x7a, 0x50, 0xf, 0xfe, 0x21, 0xc7, 0x28, 0x0,

    /* U+044B "ы" */
    0x8f, 0xfc, 0xc0, 0x1f, 0xfc, 0xf, 0xfd, 0xc0,
    0x1f, 0xff, 0xf0, 0xf, 0xff, 0xc, 0xff, 0xee,
    0xa4, 0x0, 0xff, 0xe4, 0xa, 0xde, 0x8, 0x7,
    0xff, 0x24, 0xf0, 0x3, 0xff, 0x82, 0x46, 0x70,
    0x7, 0x13, 0x80, 0x7f, 0xf0, 0x2f, 0x32, 0xe3,
    0x0, 0xd4, 0x1, 0xff, 0xc4, 0x1e, 0x0, 0xc4,
    0x1, 0xff, 0xc5, 0x21, 0x0, 0xc2, 0x1, 0xff,
    0xc4, 0x11, 0x0, 0x61, 0x0, 0xff, 0xe2, 0x50,
    0x6, 0x20, 0xf, 0xfe, 0x5, 0xe6, 0x5e, 0x80,
    0x1a, 0x80, 0x3f, 0xf8, 0x4, 0x67, 0x0, 0x71,
    0x38, 0x7, 0xff, 0x21, 0x30, 0x3, 0xff, 0x8c,
    0x2b, 0x76, 0x10, 0xf, 0xc0,

    /* U+044C "ь" */
    0x8f, 0xfc, 0xc0, 0x1f, 0xff, 0xf0, 0xf, 0xfe,
    0xa4, 0xff, 0xfb, 0x1c, 0x40, 0x3f, 0xf8, 0x67,
    0x1e, 0x80, 0x1f, 0xfc, 0x41, 0xb4, 0x0, 0xf1,
    0x19, 0xe1, 0x0, 0xe9, 0x0, 0xf5, 0xe6, 0x6e,
    0x80, 0xc, 0x46, 0x1, 0xff, 0x39, 0x80, 0x66,
    0x0, 0xff, 0xe0, 0x20, 0x6, 0x30, 0xf, 0xfe,
    0x1, 0x80, 0x7f, 0xf1, 0x1d, 0x0, 0x32, 0x80,
    0x75, 0xe6, 0x6e, 0x80, 0xc, 0x46, 0x1, 0xc4,
    0x67, 0x84, 0x3, 0xa4, 0x3, 0xff, 0x86, 0x36,
    0x80, 0x1f, 0xfc, 0x13, 0x8e, 0x40, 0x0,

    /* U+044D "э" */
    0x0, 0xf2, 0x33, 0xb9, 0x8c, 0x3, 0xfc, 0x55,
    0xf7, 0x31, 0x9, 0xce, 0x70, 0xf, 0x97, 0x54,
    0x3, 0xe1, 0x8d, 0x20, 0xc, 0xb4, 0x1, 0xff,
    0x16, 0x10, 0x0, 0x68, 0x3, 0xff, 0x82, 0x3e,
    0x0, 0x90, 0xe, 0x3a, 0xde, 0xb4, 0x0, 0xc4,
    0xe0, 0x20, 0x19, 0x31, 0x48, 0x52, 0xd4, 0x3,
    0x48, 0x4f, 0xec, 0xac, 0x80, 0x7a, 0xc0, 0x30,
    0x98, 0x0, 0x9a, 0x88, 0x1b, 0x33, 0x68, 0x7,
    0x28, 0x7, 0xdc, 0x67, 0xc0, 0x1d, 0xc0, 0x1f,
    0xfc, 0x61, 0x0, 0xff, 0xe3, 0x8, 0x7, 0xd1,
    0xff, 0xc2, 0x1, 0xb8, 0x52, 0x2f, 0xd4, 0x3,
    0xc8, 0x20, 0x19, 0x6a, 0xdd, 0x2, 0x0, 0x38,
    0x64, 0x3, 0x9, 0xf0, 0x6, 0x2c, 0x41, 0x12,
    0xe1, 0x0, 0x69, 0x5, 0x20, 0xc, 0x77, 0xdc,
    0xa2, 0x0, 0xc4, 0xe0, 0xf, 0x0, 0xff, 0xe1,
    0x70, 0x4, 0x58, 0x20, 0x1f, 0xe1, 0xc3, 0x0,
    0xc7, 0xee, 0x20, 0x1e, 0x17, 0xe3, 0x0, 0xf0,
    0xc7, 0x64, 0xc4, 0x27, 0x3a, 0x0, 0x38,

    /* U+044E "ю" */
    0x0, 0xff, 0xe1, 0x92, 0xbb, 0x99, 0x0, 0x3e,
    0x8f, 0xfc, 0xc0, 0x1f, 0x2e, 0xea, 0xa2, 0x13,
    0x7f, 0x22, 0x1, 0xff, 0xc4, 0xba, 0x20, 0xf,
    0x9b, 0xd0, 0x3, 0xff, 0x85, 0x88, 0x1, 0xfe,
    0x1b, 0x50, 0xf, 0xfe, 0x4, 0x18, 0x7, 0xff,
    0x6, 0x88, 0x3, 0xfc, 0x2e, 0x1, 0x92, 0xfb,
    0x96, 0xa0, 0x1d, 0xc0, 0x1f, 0xe6, 0x0, 0xcd,
    0x68, 0x22, 0x4a, 0x70, 0xc, 0x66, 0x0, 0xfe,
    0xc0, 0xd, 0x20, 0x1e, 0x82, 0x0, 0xd6, 0x1,
    0xd3, 0xff, 0x20, 0x4, 0xa0, 0x1f, 0x94, 0x3,
    0x20, 0x7, 0xff, 0x7, 0x40, 0x3f, 0x68, 0x6,
    0x20, 0xf, 0xfe, 0x8, 0x80, 0x7e, 0x10, 0xf,
    0xfe, 0x30, 0x80, 0x7e, 0x10, 0xf, 0xf0, 0x8e,
    0x0, 0xda, 0x1, 0xfb, 0x40, 0x31, 0x0, 0x74,
    0x77, 0x48, 0x1, 0x28, 0x80, 0x7c, 0xa0, 0x19,
    0x0, 0x3f, 0xb4, 0x3, 0x58, 0x7, 0xa0, 0x80,
    0x35, 0x80, 0x7f, 0x38, 0x6, 0x5b, 0x41, 0x12,
    0x53, 0x80, 0x64, 0x30, 0xf, 0xe1, 0x80, 0xc,
    0x97, 0xdc, 0xb5, 0x0, 0xe9, 0x0, 0xff, 0x9d,
    0x0, 0x3f, 0xf8, 0x34, 0x40, 0x1f, 0xfc, 0xb,
    0x50, 0xf, 0xf0, 0xda, 0x80, 0x7f, 0xf0, 0xaa,
    0x84, 0x1, 0xf3, 0xfa, 0x0, 0x51, 0xff, 0x98,
    0x3, 0xe5, 0xdd, 0x4c, 0x42, 0x73, 0xe0, 0x40,
    0x30,

    /* U+044F "я" */
    0x0, 0xc9, 0x5b, 0xff, 0xfe, 0xd0, 0x0, 0xe5,
    0xa9, 0x0, 0x7f, 0xf0, 0x70, 0xc0, 0x3f, 0xf8,
    0x6e, 0x40, 0x1c, 0x67, 0xc0, 0x1e, 0xa0, 0xc,
    0x9f, 0x99, 0xc0, 0x1e, 0x20, 0xd, 0x40, 0x1f,
    0xf0, 0x80, 0x61, 0x10, 0x7, 0xfc, 0x20, 0x18,
    0x48, 0x3, 0xff, 0x80, 0x40, 0x1b, 0x10, 0x3,
    0xfe, 0xb0, 0xc, 0x37, 0xff, 0xc0, 0x1e, 0x64,
    0x0, 0xff, 0xe2, 0xdb, 0x0, 0x7f, 0xf1, 0x65,
    0x40, 0x31, 0x19, 0xc0, 0x1f, 0x8d, 0x40, 0x22,
    0xdc, 0xc8, 0x3, 0xf7, 0x0, 0x6e, 0x0, 0xff,
    0x98, 0x80, 0x25, 0x30, 0xf, 0xf0, 0xc8, 0x6,
    0xb0, 0xf, 0xfa, 0xc0, 0x34, 0x8, 0x7, 0xf9,
    0x14, 0x2, 0x27, 0x0, 0xff, 0x80,

    /* U+0450 "ѐ" */
    0x0, 0xff, 0xe6, 0xaf, 0xfc, 0x80, 0x1f, 0xfc,
    0x35, 0x10, 0x7, 0x80, 0x7f, 0xf1, 0x18, 0x0,
    0x84, 0x1, 0xff, 0xc3, 0x90, 0xa, 0x80, 0x3f,
    0xf8, 0x62, 0xa0, 0x7, 0x0, 0xff, 0xe2, 0x48,
    0x4, 0xc0, 0x1f, 0xfc, 0x33, 0x30, 0x2, 0xc0,
    0x3f, 0xf8, 0x99, 0xfe, 0xd0, 0xf, 0xfe, 0xb9,
    0x2b, 0xb9, 0x90, 0x3, 0xff, 0x80, 0xdb, 0xaa,
    0x88, 0x4d, 0xfd, 0x10, 0x7, 0xc3, 0x92, 0x40,
    0x1f, 0x2e, 0xa8, 0x7, 0xf, 0x98, 0x7, 0xfd,
    0x48, 0x1, 0xb4, 0x40, 0x38, 0x8c, 0x80, 0x3a,
    0x84, 0x0, 0xc6, 0x1, 0x9b, 0xb7, 0x37, 0x44,
    0x1, 0xc, 0x80, 0x2c, 0x3, 0x34, 0x88, 0x4,
    0x5e, 0x1, 0x98, 0x8, 0x80, 0x1a, 0x0, 0x3c,
    0x46, 0x1, 0x9, 0x20, 0x7, 0x77, 0xff, 0xc6,
    0x1, 0x9f, 0x80, 0x3f, 0xf8, 0xc6, 0x1, 0xff,
    0xcd, 0x15, 0x5f, 0xc8, 0x66, 0x55, 0xb8, 0x3,
    0x1d, 0x57, 0xeb, 0xcc, 0x55, 0xd, 0x40, 0x31,
    0x18, 0x7, 0xca, 0x40, 0x18, 0xc4, 0x3, 0x78,
    0x7, 0x96, 0xb7, 0xa5, 0x40, 0x10, 0x1, 0x8f,
    0x54, 0x84, 0xe6, 0x80, 0x2, 0xd6, 0x0, 0x63,
    0x0, 0xc5, 0x5b, 0xd8, 0xc0, 0x1d, 0x60, 0x16,
    0x90, 0x7, 0xff, 0x5, 0xd4, 0x2, 0x1c, 0x40,
    0xf, 0xfa, 0x20, 0x1, 0xc3, 0x74, 0x60, 0x1f,
    0x2e, 0xb8, 0x7, 0xe5, 0xce, 0xa8, 0x8a, 0xfa,
    0x88, 0x3, 0x0,

    /* U+0451 "ё" */
    0x0, 0xc6, 0xab, 0x18, 0x4, 0xab, 0x84, 0x3,
    0xe8, 0xaa, 0xc0, 0x1, 0xaa, 0xca, 0x1, 0xff,
    0xf7, 0xbf, 0xfa, 0x40, 0x3, 0xff, 0x90, 0x3,
    0xff, 0xa4, 0x4a, 0xee, 0x64, 0x0, 0xff, 0xe0,
    0x36, 0xea, 0xa2, 0x13, 0x7f, 0x44, 0x1, 0xf0,
    0xe4, 0x90, 0x7, 0xcb, 0xaa, 0x1, 0xc3, 0xe6,
    0x1, 0xff, 0x52, 0x0, 0x6d, 0x10, 0xe, 0x23,
    0x20, 0xe, 0xa1, 0x0, 0x31, 0x80, 0x66, 0xed,
    0xcd, 0xd1, 0x0, 0x43, 0x20, 0xb, 0x0, 0xcd,
    0x22, 0x1, 0x17, 0x80, 0x66, 0x2, 0x20, 0x6,
    0x80, 0xf, 0x11, 0x80, 0x42, 0x48, 0x1, 0xdd,
    0xff, 0xf1, 0x80, 0x67, 0xe0, 0xf, 0xfe, 0x31,
    0x80, 0x7f, 0xf3, 0x45, 0x57, 0xf2, 0x19, 0x95,
    0x6e, 0x0, 0xc7, 0x55, 0xfa, 0xf3, 0x15, 0x43,
    0x50, 0xc, 0x46, 0x1, 0xf2, 0x90, 0x6, 0x31,
    0x0, 0xde, 0x1, 0xe5, 0xad, 0xe9, 0x50, 0x4,
    0x0, 0x63, 0xd5, 0x21, 0x39, 0xa0, 0x0, 0xb5,
    0x80, 0x18, 0xc0, 0x31, 0x56, 0xf6, 0x30, 0x7,
    0x58, 0x5, 0xa4, 0x1, 0xff, 0xc1, 0x75, 0x0,
    0x87, 0x10, 0x3, 0xfe, 0x88, 0x0, 0x70, 0xdd,
    0x18, 0x7, 0xcb, 0xae, 0x1, 0xf9, 0x73, 0xaa,
    0x22, 0xbe, 0xa2, 0x0, 0xc0,

    /* U+0452 "ђ" */
    0x0, 0x3f, 0xfd, 0xa0, 0x1f, 0xfc, 0x24, 0xca,
    0x0, 0x8b, 0x32, 0x50, 0xf, 0xf0, 0x99, 0x0,
    0x63, 0x38, 0x80, 0x3f, 0xfd, 0xb, 0xf0, 0x1,
    0x17, 0xfc, 0xe0, 0x1f, 0xfc, 0x82, 0x57, 0x73,
    0x18, 0x7, 0xff, 0x5, 0x33, 0x6a, 0x21, 0x39,
    0xca, 0x1, 0xfe, 0x8b, 0x30, 0xf, 0xd, 0x40,
    0x7, 0xe2, 0x70, 0xf, 0xf3, 0xa0, 0x7, 0xff,
    0x22, 0x40, 0x3f, 0xcb, 0x9b, 0x8e, 0x1, 0xc4,
    0x60, 0x1f, 0x9e, 0x8c, 0x8e, 0x28, 0x3, 0x90,
    0x3, 0xe1, 0x80, 0xe, 0x53, 0x0, 0xdc, 0x1,
    0xf2, 0x0, 0x7d, 0x60, 0x18, 0x80, 0x3e, 0xd0,
    0xf, 0x88, 0x3, 0xff, 0x90, 0x20, 0x1f, 0xfc,
    0x87, 0x0, 0xff, 0xff, 0x80, 0x7f, 0xff, 0xc0,
    0x3f, 0xf9, 0xaf, 0xff, 0x9c, 0x3, 0xff, 0xf4,
    0xc0, 0x1f, 0xfc, 0x73, 0x80, 0xc, 0x20, 0x1f,
    0xfc, 0x8, 0xfc, 0x20, 0xd, 0x80, 0x1f, 0xfc,
    0x71, 0x60, 0xf, 0xfe, 0x30, 0xe8, 0x7, 0xff,
    0x7, 0x19, 0xd, 0x67, 0x8c, 0x0,

    /* U+0453 "ѓ" */
    0x0, 0xff, 0xe5, 0x2f, 0xfc, 0x80, 0x1f, 0xe9,
    0x0, 0x12, 0x0, 0x7f, 0x19, 0x80, 0x16, 0x1,
    0xfe, 0x90, 0x9, 0x80, 0x3f, 0x85, 0x40, 0xc,
    0x1, 0xfe, 0x60, 0xa, 0xc0, 0x3f, 0xd2, 0x0,
    0x42, 0x0, 0xff, 0x77, 0xfa, 0xc0, 0x3f, 0xfb,
    0xf, 0xff, 0xff, 0xc1, 0x90, 0xf, 0xff, 0x31,
    0xb3, 0x7e, 0xc0, 0xe, 0xa9, 0x9f, 0xca, 0x1,
    0xff, 0xff, 0x0, 0xff, 0xff, 0x80, 0x7f, 0xf8,
    0x40,

    /* U+0454 "є" */
    0x0, 0xf8, 0xd9, 0xdc, 0xc8, 0x1, 0xff, 0x3f,
    0x64, 0xc4, 0x26, 0xfe, 0x88, 0x3, 0xc5, 0xb0,
    0x20, 0x1f, 0x2e, 0xb0, 0x6, 0x2c, 0x20, 0xf,
    0xfa, 0x58, 0x2, 0xf1, 0x0, 0xff, 0xe0, 0xc8,
    0x83, 0x10, 0x6, 0x3b, 0xed, 0xa3, 0x0, 0xe9,
    0xb, 0x0, 0xcb, 0x88, 0x24, 0xb8, 0x80, 0x18,
    0x8a, 0x0, 0xd6, 0x1, 0xea, 0x59, 0xcf, 0xa4,
    0x0, 0xed, 0xcc, 0xcc, 0x3, 0x4c, 0x60, 0xe,
    0x0, 0xe3, 0x3e, 0xe0, 0xf, 0xff, 0xf, 0x0,
    0x61, 0xff, 0xe8, 0x0, 0xf9, 0x40, 0x30, 0xa0,
    0x7, 0x97, 0xee, 0x10, 0x4c, 0x40, 0x34, 0x88,
    0x7, 0x40, 0x23, 0xde, 0x84, 0x80, 0x62, 0xc5,
    0x11, 0x26, 0x10, 0x6, 0xa0, 0x72, 0x0, 0xc5,
    0x5d, 0xcb, 0x30, 0xc, 0x4c, 0x0, 0xf1, 0x0,
    0xff, 0xe0, 0xf0, 0x4, 0x58, 0x40, 0x1f, 0xe1,
    0xc3, 0x0, 0xc5, 0xae, 0x20, 0x1f, 0x3f, 0x98,
    0x7, 0xd1, 0xd9, 0x31, 0x9, 0xcf, 0x81, 0x0,
    0x80,

    /* U+0455 "ѕ" */
    0x0, 0xf2, 0x33, 0xb9, 0x8c, 0x3, 0xf8, 0xab,
    0xee, 0x62, 0x13, 0x9d, 0x0, 0x1e, 0x4d, 0x50,
    0xf, 0x85, 0xf4, 0x80, 0x22, 0xb0, 0xf, 0xf8,
    0xb0, 0x40, 0x16, 0x1, 0xc4, 0x86, 0x1, 0xc3,
    0x20, 0x4, 0x0, 0xd5, 0xb7, 0x9c, 0x80, 0x19,
    0x80, 0x6, 0x1, 0x94, 0x2, 0x1a, 0x2, 0x58,
    0xa0, 0x1, 0x0, 0x6b, 0x30, 0x8, 0x7f, 0x69,
    0xd0, 0x1, 0x60, 0x19, 0x33, 0xa9, 0x88, 0x3,
    0xe7, 0x40, 0xe, 0x15, 0x9d, 0xd3, 0x88, 0x7,
    0x5c, 0x8, 0x7, 0xc5, 0x1c, 0xc0, 0x1c, 0xfd,
    0x4a, 0x1, 0xfa, 0x58, 0x3, 0xcb, 0x5f, 0x90,
    0x60, 0x1d, 0x0, 0x10, 0x9a, 0x98, 0x0, 0xdf,
    0x30, 0x1, 0x84, 0x9b, 0xb9, 0x95, 0xc0, 0x1c,
    0x66, 0x0, 0xc2, 0xa2, 0x1, 0x15, 0x88, 0x4,
    0x86, 0x1, 0x84, 0xc8, 0x3, 0x27, 0x65, 0xed,
    0x80, 0x62, 0x20, 0x70, 0x7, 0x8d, 0x8, 0x3,
    0xa0, 0x0, 0x76, 0x1, 0xff, 0xc0, 0x85, 0x0,
    0x93, 0x98, 0x3, 0xf2, 0x63, 0x80, 0x70, 0xcf,
    0xdc, 0xc4, 0x57, 0xd6, 0x60, 0x10,

    /* U+0456 "і" */
    0x5, 0x5c, 0x85, 0x55, 0xa0, 0x3, 0xff, 0x8c,
    0x5f, 0xfb, 0x0, 0x3f, 0xf8, 0x5, 0xff, 0xb0,
    0x3, 0xff, 0xfe, 0x1, 0xff, 0xd5,

    /* U+0457 "ї" */
    0x35, 0x58, 0xc0, 0x25, 0x5c, 0x33, 0x55, 0x48,
    0x5, 0x55, 0x94, 0x3, 0xff, 0xb7, 0x5f, 0xf5,
    0x0, 0x5f, 0xf9, 0x0, 0x3f, 0xfa, 0x25, 0xff,
    0xb0, 0x3, 0xff, 0xfe, 0x1, 0xff, 0xff, 0x0,
    0xff, 0xff, 0x80, 0x7f, 0xf0, 0x40,

    /* U+0458 "ј" */
    0x0, 0xd3, 0xff, 0x94, 0x3, 0xff, 0xad, 0x55,
    0xc8, 0x1, 0x8d, 0x57, 0x8, 0x7, 0xff, 0xa,
    0x7f, 0xf2, 0x80, 0x7f, 0xff, 0xc0, 0x3f, 0xff,
    0xe0, 0x1f, 0xfe, 0xa2, 0x0, 0xfc, 0x48, 0x1,
    0xc7, 0x35, 0xa0, 0x1c, 0x2c, 0xc5, 0x0, 0xf2,
    0x80, 0x7e, 0x41, 0x0, 0xf8, 0xa8, 0x3, 0xc4,
    0xfa, 0x20,

    /* U+0459 "љ" */
    0x0, 0xc3, 0xff, 0xff, 0xc1, 0xe0, 0xf, 0xfe,
    0x19, 0x80, 0x7f, 0xf4, 0x44, 0x3, 0xff, 0xa2,
    0xe0, 0x1f, 0xfd, 0x11, 0x0, 0xca, 0xcd, 0x80,
    0x3f, 0xf9, 0x4, 0x1, 0xa2, 0x67, 0x0, 0x7f,
    0xf2, 0x3c, 0x3, 0x10, 0x7, 0xe1, 0xff, 0xec,
    0x81, 0x0, 0xf8, 0x40, 0x3f, 0xf8, 0xe6, 0xfc,
    0xc0, 0x1e, 0x20, 0x8, 0x80, 0x3f, 0xf8, 0xd2,
    0xa0, 0x1c, 0xc0, 0x10, 0x80, 0x7f, 0x8c, 0xe1,
    0x0, 0xeb, 0x0, 0xe2, 0x0, 0x98, 0x3, 0xf8,
    0x73, 0x2e, 0xa0, 0xc, 0x2a, 0x1, 0x8, 0x6,
    0x20, 0xf, 0xfe, 0x12, 0xb0, 0x6, 0xd0, 0x9,
    0x40, 0x37, 0x0, 0x7f, 0xf0, 0xfc, 0x3, 0x8,
    0x5, 0x80, 0x19, 0x40, 0x3f, 0xf8, 0x7e, 0x1,
    0x84, 0x0, 0x4c, 0x1, 0x8c, 0x3, 0xff, 0x84,
    0xac, 0x1, 0xb5, 0x3f, 0x44, 0x2, 0x30, 0xf,
    0xf0, 0xe6, 0x5b, 0x40, 0x18, 0x54, 0x3, 0xea,
    0x0, 0xff, 0x8c, 0xe2, 0x0, 0xeb, 0x0, 0xf8,
    0x98, 0x3, 0xff, 0x8f, 0x2a, 0x1, 0xe3, 0xf0,
    0xf, 0xfe, 0x20, 0x9b, 0xf3, 0x0, 0x13, 0x6a,
    0x99, 0x82, 0x0, 0xfb, 0xff, 0xfb, 0xb2, 0x4,
    0x2,

    /* U+045A "њ" */
    0x8f, 0xfc, 0xc0, 0x1d, 0x3f, 0xf9, 0x0, 0x3f,
    0xff, 0xe0, 0x1f, 0xff, 0xf9, 0xff, 0xe6, 0x0,
    0xd7, 0xff, 0xb6, 0x90, 0x3, 0xff, 0x98, 0x4b,
    0x76, 0x0, 0xff, 0xe7, 0x25, 0x80, 0x78, 0x4c,
    0xf8, 0x40, 0x31, 0x19, 0x88, 0x3, 0x91, 0x40,
    0x3a, 0x33, 0x39, 0xc0, 0x34, 0xe6, 0x37, 0x44,
    0x1, 0xb8, 0x3, 0xff, 0x90, 0x5c, 0x1, 0x94,
    0x3, 0xff, 0x92, 0x60, 0x18, 0x40, 0x3f, 0xf9,
    0x26, 0x1, 0x84, 0x3, 0xff, 0x90, 0x3e, 0x1,
    0x94, 0x3, 0xff, 0x89, 0x39, 0x97, 0x18, 0x6,
    0xe0, 0xf, 0xfe, 0x21, 0x19, 0xc0, 0x1c, 0x8a,
    0x1, 0xff, 0xcc, 0x5b, 0x0, 0xff, 0xe5, 0x12,
    0xdd, 0x0, 0x0,

    /* U+045B "ћ" */
    0x0, 0x47, 0xfd, 0xa0, 0x1f, 0xfc, 0x24, 0xc6,
    0x0, 0x8b, 0x32, 0x50, 0xf, 0xf0, 0x98, 0x80,
    0x63, 0x38, 0x80, 0x3f, 0xfd, 0xb, 0xee, 0x1,
    0x17, 0xfc, 0xe0, 0x1f, 0xfc, 0x83, 0x67, 0x73,
    0x18, 0x7, 0xff, 0x5, 0xb7, 0x26, 0x21, 0x39,
    0xca, 0x1, 0xfe, 0xa9, 0x20, 0xf, 0xd, 0x40,
    0x7, 0xe2, 0x50, 0xf, 0xf3, 0xa8, 0x7, 0xff,
    0x22, 0x0, 0x3f, 0xcd, 0x9b, 0x8e, 0x1, 0xc4,
    0x60, 0x1f, 0xa2, 0x4c, 0x8e, 0x28, 0x3, 0x90,
    0x3, 0xe2, 0x70, 0xe, 0x53, 0x0, 0xdc, 0x1,
    0xf2, 0x0, 0x7d, 0x60, 0x18, 0x80, 0x3e, 0x10,
    0xf, 0x8c, 0x3, 0xff, 0x81, 0xe0, 0x1f, 0xfd,
    0x7, 0x0, 0xff, 0xff, 0x80, 0x7f, 0xff, 0xc0,
    0x3f, 0xf9, 0x60,

    /* U+045C "ќ" */
    0x0, 0xff, 0xe7, 0xd7, 0xfc, 0x1, 0xff, 0xc2,
    0x15, 0x0, 0x30, 0x7, 0xff, 0x9, 0x80, 0x2b,
    0x0, 0xff, 0xe1, 0x48, 0x1, 0x8, 0x3, 0xff,
    0x82, 0xa2, 0x0, 0xf0, 0xf, 0xfe, 0x14, 0x80,
    0x9, 0x0, 0x3f, 0xf8, 0x26, 0x60, 0x5, 0x0,
    0x7f, 0xf0, 0x8f, 0xfe, 0x70, 0xf, 0xff, 0x1b,
    0xff, 0xe7, 0x0, 0xe4, 0xff, 0xeb, 0x0, 0xff,
    0x86, 0x80, 0x30, 0xd0, 0x7, 0xfd, 0x42, 0x1,
    0xa8, 0x40, 0x3f, 0xce, 0x80, 0x19, 0xd0, 0x3,
    0xfc, 0x70, 0x1, 0x8e, 0x0, 0x2f, 0x0, 0xfb,
    0x80, 0x30, 0xf0, 0x7, 0xfd, 0x24, 0x1, 0xac,
    0x80, 0x3f, 0xca, 0xc0, 0x19, 0x94, 0x3, 0xfd,
    0xd6, 0x1, 0x8a, 0x40, 0x3f, 0xe6, 0x10, 0xd,
    0x20, 0x1f, 0xfc, 0x6, 0x10, 0xd, 0x20, 0x1f,
    0xfc, 0xe, 0xb0, 0xc, 0x54, 0x1, 0xff, 0xc0,
    0x56, 0x0, 0xca, 0xe0, 0x1f, 0xfc, 0x9, 0x30,
    0xd, 0x8, 0x1, 0xff, 0xc0, 0xe0, 0xe, 0xa1,
    0x0, 0xff, 0x8a, 0x80, 0x30, 0xe8, 0x7, 0xff,
    0x1, 0x54, 0x1, 0x8e, 0x40, 0x3f, 0xf8, 0x14,
    0x40, 0x19, 0x98, 0x1, 0xff, 0xc0, 0xf0, 0xe,
    0x93,

    /* U+045D "ѝ" */
    0x0, 0xff, 0xe6, 0x67, 0xfb, 0x40, 0x3f, 0xf8,
    0x52, 0x0, 0x24, 0x0, 0xff, 0xe0, 0xa8, 0x80,
    0x3c, 0x3, 0xff, 0x84, 0xc0, 0x4, 0x20, 0xf,
    0xfe, 0xc, 0x80, 0x54, 0x1, 0xff, 0xc1, 0x15,
    0x0, 0x30, 0x7, 0xff, 0xa, 0x40, 0x2, 0xc0,
    0x1f, 0xfc, 0x13, 0xff, 0x98, 0x3, 0xff, 0xbb,
    0x1f, 0xf8, 0x80, 0x3e, 0x6f, 0xfb, 0x40, 0x3f,
    0xf8, 0x7, 0x20, 0x1f, 0xfc, 0x31, 0xd0, 0xf,
    0xfe, 0x26, 0x88, 0x7, 0xff, 0xe, 0x4c, 0x3,
    0xff, 0x86, 0xac, 0x1, 0xff, 0xc3, 0x2a, 0x0,
    0xff, 0xe1, 0x8f, 0x80, 0x61, 0x0, 0xff, 0xa8,
    0x80, 0x2a, 0x30, 0xf, 0xf3, 0xa0, 0x4, 0xea,
    0x1, 0xfe, 0x58, 0x0, 0x8e, 0x0, 0x3f, 0xe8,
    0x0, 0x87, 0x40, 0x3f, 0xf8, 0x94, 0x20, 0x1f,
    0xfc, 0x37, 0x40, 0xf, 0xfe, 0x19, 0xc0, 0x7,
    0xff, 0xc, 0x74, 0x3, 0xff, 0x89, 0x42, 0x1,
    0xff, 0xc3, 0x74, 0x0, 0xff, 0xe1, 0xa4, 0x0,
    0x7f, 0xf0, 0x0,

    /* U+045E "ў" */
    0x0, 0xc5, 0xff, 0x58, 0x5, 0x3f, 0xf1, 0x80,
    0x7e, 0x20, 0x9, 0x14, 0x11, 0x80, 0x22, 0x0,
    0xfe, 0x60, 0xa, 0xbe, 0xc0, 0x24, 0x10, 0xf,
    0xe8, 0x10, 0xf, 0xd2, 0x1, 0xfe, 0x1c, 0x20,
    0xe, 0x1c, 0x20, 0xf, 0xf8, 0xb6, 0x50, 0xd2,
    0x38, 0xc0, 0x3f, 0xf8, 0x4d, 0x79, 0x6e, 0x1,
    0xff, 0xd1, 0x7f, 0xfd, 0x40, 0x1f, 0xd3, 0xff,
    0x95, 0x80, 0x32, 0x80, 0x7f, 0x38, 0x4, 0x2a,
    0x2a, 0x1, 0x98, 0x3, 0xe5, 0x10, 0x9, 0x80,
    0x12, 0x1, 0xa8, 0x3, 0xee, 0x0, 0xd4, 0x0,
    0x33, 0x0, 0x46, 0x40, 0x1c, 0x28, 0x1, 0x19,
    0x0, 0x54, 0x1, 0xac, 0x3, 0x98, 0x3, 0x48,
    0x6, 0x60, 0xc, 0xe0, 0x1d, 0x40, 0x19, 0x40,
    0x39, 0x80, 0x21, 0x50, 0x9, 0x8, 0x2, 0x60,
    0xf, 0x58, 0x6, 0xe0, 0xb, 0x80, 0x35, 0x80,
    0x78, 0x8c, 0x2, 0x42, 0x1, 0x50, 0x8, 0xc8,
    0x3, 0xe9, 0x0, 0xd4, 0xe, 0x1, 0xa8, 0x3,
    0xf2, 0x88, 0x4, 0xc1, 0x40, 0x19, 0x80, 0x3f,
    0x98, 0x2, 0x17, 0x30, 0x9, 0x80, 0x3f, 0xd4,
    0x1, 0xa0, 0x3, 0x50, 0x7, 0xf8, 0x90, 0x3,
    0xe2, 0x30, 0xf, 0xfb, 0x80, 0x3e, 0xa0, 0xf,
    0xfe, 0x2, 0x88, 0x7, 0x98, 0x3, 0xff, 0x82,
    0xc0, 0x1c, 0xa2, 0x1, 0xff, 0xc1, 0x90, 0xe,
    0xe0, 0xf, 0xfe, 0x10, 0x88, 0x2, 0x24, 0x0,
    0xff, 0xe1, 0x20, 0x80, 0x54, 0x1, 0xff, 0xc3,
    0xe0, 0xc, 0xc0, 0x1f, 0xfc, 0x35, 0x0, 0x90,
    0x40, 0x3f, 0xf8, 0x4a, 0x1, 0xbc, 0x3, 0xff,
    0x87, 0xc0, 0x10, 0xa0, 0x7, 0xff, 0x8, 0x50,
    0x2, 0x60, 0xf, 0xfe, 0x1b, 0x0, 0x6a, 0x0,
    0xff, 0xe1, 0xd0, 0x4, 0x84, 0x1, 0xfe,

    /* U+045F "џ" */
    0x8f, 0xfc, 0xc0, 0x1e, 0x1f, 0xfd, 0xa0, 0x1f,
    0xff, 0xf0, 0xf, 0xff, 0xf8, 0x7, 0xff, 0xfc,
    0x3, 0xff, 0x85, 0xb3, 0x3e, 0x80, 0xf, 0xf2,
    0x33, 0x7c, 0x1, 0xff, 0xef, 0x8f, 0xfe, 0xe0,
    0xc, 0x5f, 0xfd, 0xa0, 0x1f, 0xff, 0x1, 0x77,
    0xd6, 0x1, 0xe0,

    /* U+0490 "Ґ" */
    0x0, 0xff, 0xe0, 0xc4, 0x66, 0x0, 0xff, 0xe0,
    0xb, 0xbe, 0xa0, 0xf, 0xff, 0x53, 0xff, 0xff,
    0xdc, 0x1, 0xff, 0xf4, 0x36, 0x6f, 0xfa, 0xc0,
    0x3a, 0xa6, 0x7f, 0xe7, 0x0, 0xff, 0xff, 0x80,
    0x7f, 0xff, 0xc0, 0x3f, 0xff, 0xe0, 0x1f, 0xff,
    0xf0, 0xf, 0xff, 0x80,

    /* U+0491 "ґ" */
    0x0, 0xfe, 0x5f, 0xfd, 0x20, 0x1f, 0xff, 0x7,
    0xff, 0xfd, 0x40, 0x1f, 0xfe, 0xb3, 0x66, 0xfd,
    0x80, 0x1d, 0x53, 0x3f, 0x94, 0x3, 0xff, 0xfe,
    0x1, 0xff, 0xff, 0x0, 0xff, 0xf0, 0x80,

    /* U+04AE "Ү" */
    0xbf, 0xfd, 0xc2, 0x1, 0xfc, 0xbf, 0xfc, 0xd2,
    0x1, 0x86, 0x0, 0x3f, 0xac, 0x3, 0x13, 0x13,
    0x0, 0x66, 0x20, 0xf, 0x9c, 0x40, 0x34, 0x80,
    0x20, 0x40, 0x34, 0x80, 0x78, 0x60, 0x3, 0x2a,
    0x0, 0x6, 0x0, 0x32, 0x20, 0x3, 0xac, 0x3,
    0xa0, 0x3, 0x31, 0x0, 0x69, 0x0, 0xc6, 0xa0,
    0x19, 0xc8, 0x3, 0xa4, 0x3, 0x13, 0x80, 0x5e,
    0x1, 0x86, 0x0, 0x3c, 0x88, 0x0, 0xd0, 0x20,
    0xa6, 0x1, 0xa0, 0x3, 0xf4, 0x80, 0x74, 0x5,
    0x80, 0x63, 0x60, 0xf, 0xc4, 0xe0, 0x19, 0xa8,
    0x40, 0x37, 0x80, 0x7f, 0xa0, 0x40, 0x32, 0x80,
    0x65, 0x30, 0xf, 0xfa, 0x0, 0x3f, 0xac, 0x3,
    0xff, 0x80, 0xc4, 0x1, 0xf3, 0x88, 0x7, 0xff,
    0x7, 0x80, 0x3c, 0x30, 0x1, 0xff, 0xc2, 0x35,
    0x0, 0xeb, 0x0, 0xff, 0xe2, 0x48, 0x6, 0x15,
    0x0, 0xff, 0xe2, 0x8, 0x6, 0x30, 0xf, 0xff,
    0xf8, 0x7, 0xff, 0xfc, 0x3, 0xff, 0xec,

    /* U+04AF "ү" */
    0x1f, 0xfd, 0x80, 0x1f, 0x97, 0xff, 0x40, 0xa0,
    0x4, 0x62, 0x1, 0xf7, 0x80, 0x6b, 0xd, 0x0,
    0xcc, 0x1, 0xf2, 0x80, 0x44, 0x60, 0xc0, 0x1a,
    0xc0, 0x3c, 0xa0, 0x1a, 0x80, 0x25, 0x0, 0x8c,
    0x80, 0x3b, 0x80, 0x33, 0x0, 0x5c, 0x1, 0x94,
    0x3, 0xa, 0x0, 0x48, 0x20, 0x12, 0x8, 0x5,
    0x40, 0x19, 0xc0, 0x36, 0x80, 0x73, 0x80, 0x44,
    0x40, 0xb, 0x40, 0x33, 0x0, 0x75, 0x0, 0x6a,
    0x0, 0xa, 0x0, 0x4a, 0x1, 0xe3, 0x20, 0x9,
    0x40, 0xe, 0x1, 0xb8, 0x3, 0xea, 0x0, 0x88,
    0xc2, 0x80, 0x21, 0x40, 0xf, 0x98, 0x3, 0x58,
    0x98, 0x4, 0xe0, 0x1f, 0x84, 0xc0, 0x25, 0x60,
    0xd, 0x40, 0x1f, 0xd4, 0x1, 0x14, 0x80, 0x44,
    0x60, 0x1f, 0xce, 0x1, 0x84, 0x2, 0xa0, 0xf,
    0xf0, 0xa8, 0x7, 0xca, 0x1, 0xff, 0x70, 0x7,
    0x8c, 0x80, 0x3f, 0xe4, 0x10, 0xe, 0xa0, 0xf,
    0xfe, 0xb, 0x80, 0x73, 0x80, 0x7f, 0xf0, 0x74,
    0x3, 0x20, 0x80, 0x7f, 0xf0, 0x5c, 0x3, 0x8,
    0x7, 0xff, 0xfc, 0x3, 0xff, 0xa8,

    /* U+04BA "Һ" */
    0x7f, 0xfc, 0xe0, 0x1f, 0xff, 0xf0, 0xf, 0xff,
    0xf8, 0x7, 0xff, 0x1c, 0x55, 0xe6, 0x67, 0x30,
    0xf, 0xfb, 0x73, 0xaa, 0x19, 0xa8, 0xcd, 0x50,
    0xf, 0xe5, 0x30, 0xf, 0xc5, 0x50, 0x1, 0xff,
    0xc8, 0x76, 0x0, 0xff, 0xe4, 0x48, 0x7, 0xe2,
    0x8d, 0xff, 0x75, 0x10, 0x7, 0x30, 0x7, 0x97,
    0x5c, 0x80, 0x2, 0xb8, 0x40, 0x1b, 0x40, 0x3d,
    0xa0, 0x1f, 0xc, 0x0, 0x65, 0x0, 0xff, 0xe1,
    0xa8, 0x6, 0x10, 0xf, 0xfe, 0x20, 0x80, 0x62,
    0x0, 0xff, 0xe1, 0x98, 0x7, 0xff, 0x20, 0x40,
    0x3f, 0xff, 0xe0, 0x1f, 0xfe, 0xc0,

    /* U+04BB "һ" */
    0x7f, 0xfc, 0xe0, 0x1f, 0xff, 0xe2, 0x44, 0x18,
    0x80, 0x7f, 0xb6, 0xff, 0x6e, 0xd9, 0xd8, 0x80,
    0x1f, 0x95, 0x0, 0x3c, 0x77, 0x0, 0x1f, 0xfc,
    0x57, 0x50, 0xf, 0xfe, 0x2d, 0x80, 0x7c, 0xf9,
    0xfe, 0xc4, 0x0, 0xc2, 0x60, 0x1d, 0x10, 0x30,
    0x1, 0xd8, 0x80, 0x64, 0x0, 0xff, 0xe0, 0x30,
    0x6, 0xe0, 0xf, 0xfe, 0x7, 0x0, 0x63, 0x0,
    0xff, 0xe0, 0x18, 0x7, 0xff, 0xfc, 0x3, 0xff,
    0x90,

    /* U+04E8 "Ө" */
    0x0, 0xfe, 0x25, 0x77, 0x98, 0xc0, 0x3f, 0xf8,
    0x85, 0x3d, 0xb5, 0x11, 0x4e, 0x7d, 0x20, 0x7,
    0xff, 0x2, 0x35, 0x84, 0x3, 0xf2, 0xdd, 0x84,
    0x3, 0xfa, 0xdc, 0x3, 0xff, 0x82, 0x9e, 0x60,
    0x1f, 0x62, 0x0, 0x7f, 0xf0, 0xc7, 0x48, 0x3,
    0xa0, 0xc0, 0x39, 0x2b, 0x7b, 0x6d, 0x80, 0x38,
    0x7c, 0x3, 0x13, 0x80, 0x61, 0xbb, 0x29, 0x9,
    0x24, 0xf1, 0x80, 0x62, 0x70, 0xa, 0x0, 0x3b,
    0x50, 0x3, 0xe1, 0xc2, 0x0, 0xd2, 0x0, 0x15,
    0x0, 0xd0, 0x60, 0x1f, 0xee, 0x0, 0xc2, 0xa0,
    0x80, 0x1c, 0xc0, 0x1f, 0xf1, 0xa0, 0x6, 0xf0,
    0xc0, 0xc, 0x82, 0x1, 0xff, 0xc0, 0xd0, 0xc,
    0x80, 0xa0, 0x19, 0x3b, 0xbf, 0xf8, 0x30, 0x1,
    0x84, 0x4, 0x3, 0x84, 0x7f, 0xf8, 0x40, 0x1c,
    0x46, 0x1, 0xff, 0xcc, 0x10, 0xf, 0xfe, 0x71,
    0x80, 0x7f, 0xf3, 0x4, 0x40, 0x1a, 0x3f, 0xff,
    0xf8, 0x38, 0x1, 0xc4, 0xa0, 0x1b, 0x0, 0x3f,
    0xf8, 0x2a, 0x1, 0x84, 0x30, 0x3, 0x20, 0x7,
    0xff, 0x7, 0x40, 0x32, 0x2, 0x0, 0x73, 0x80,
    0x7f, 0xc6, 0x80, 0x1b, 0xc0, 0x54, 0x3, 0x41,
    0x80, 0x7f, 0xb8, 0x3, 0xa, 0x80, 0x20, 0x3,
    0xb5, 0x0, 0x3e, 0x2c, 0x20, 0xd, 0x20, 0x11,
    0x38, 0x6, 0x1b, 0xb3, 0x19, 0x11, 0x67, 0x4c,
    0x3, 0x13, 0x80, 0x68, 0x30, 0xe, 0x49, 0xcd,
    0xd5, 0x30, 0x7, 0xf, 0x80, 0x7b, 0x10, 0x3,
    0xff, 0x86, 0x3a, 0x40, 0x1f, 0x5b, 0x80, 0x7f,
    0xf0, 0x53, 0xcc, 0x3, 0xfa, 0x35, 0x84, 0x3,
    0xf2, 0x5d, 0x84, 0x3, 0xfe, 0x29, 0xed, 0xa8,
    0x8a, 0x73, 0xed, 0x0, 0x3e,

    /* U+04E9 "ө" */
    0x0, 0xf8, 0x95, 0xdc, 0xc8, 0x20, 0x1f, 0xfc,
    0x6, 0xdd, 0x54, 0x42, 0x6f, 0xa8, 0x80, 0x3f,
    0xe, 0x49, 0x0, 0x7c, 0xba, 0xe0, 0x1e, 0x1f,
    0x30, 0xf, 0xfa, 0x20, 0x1, 0xda, 0x20, 0x1f,
    0xfc, 0x17, 0x50, 0x9, 0x8c, 0x3, 0x15, 0x6f,
    0x63, 0x80, 0x75, 0x80, 0x56, 0x1, 0x8f, 0x54,
    0x84, 0xe2, 0xc0, 0x30, 0xb0, 0x11, 0x0, 0x37,
    0x80, 0x79, 0x14, 0x3, 0x68, 0x20, 0x7, 0x7e,
    0x67, 0xce, 0x1, 0x90, 0x38, 0x3, 0x8c, 0xff,
    0x10, 0x7, 0x8, 0x7, 0xff, 0x7b, 0x80, 0x31,
    0x7f, 0xfe, 0xb0, 0xe, 0x14, 0x0, 0xc4, 0x60,
    0x1f, 0x70, 0x6, 0x40, 0x22, 0x0, 0x6e, 0x0,
    0xf2, 0xa8, 0x3, 0x68, 0x2, 0xc0, 0x31, 0x6a,
    0x90, 0x9c, 0xd0, 0x6, 0x16, 0x0, 0x31, 0x80,
    0x62, 0xad, 0xec, 0x60, 0xe, 0xb0, 0xd, 0xa2,
    0x1, 0xff, 0xc1, 0x75, 0x0, 0xc3, 0xe6, 0x1,
    0xff, 0x44, 0x0, 0x3c, 0x39, 0x24, 0x1, 0xf2,
    0xeb, 0x80, 0x7f, 0x36, 0xea, 0xa2, 0x13, 0x7f,
    0x44, 0x1, 0xc0,

    /* U+2013 "–" */
    0xac, 0xcf, 0xfe, 0x11, 0xb9, 0x9f, 0xff, 0x9,
    0xc0, 0x3f, 0xfa, 0x80,

    /* U+2014 "—" */
    0xac, 0xcf, 0xfe, 0x55, 0xb9, 0x9f, 0xff, 0x29,
    0x40, 0x3f, 0xfc, 0x80,

    /* U+2018 "‘" */
    0x2f, 0xfd, 0x60, 0x1f, 0xfc, 0x91, 0x18, 0x2,
    0xce, 0xa2, 0x0, 0x38, 0x4, 0x81, 0x6c, 0x41,
    0x0, 0x33, 0x60, 0x78, 0x84, 0x20, 0x3, 0xbd,
    0x80,

    /* U+2019 "’" */
    0xcf, 0xfc, 0x40, 0x1f, 0xfc, 0x66, 0x11, 0x0,
    0x55, 0xda, 0x0, 0x30, 0x2, 0x80, 0x4, 0x9a,
    0x1, 0x2, 0xe4, 0x42, 0x0, 0x4, 0xb8, 0x61,
    0x3b, 0x46, 0x0,

    /* U+201C "“" */
    0x0, 0xff, 0xe1, 0x9d, 0xec, 0x80, 0x4f, 0x9a,
    0x60, 0x78, 0x84, 0x1, 0x54, 0x19, 0x10, 0x20,
    0x6, 0x6c, 0x9, 0x41, 0x6c, 0x41, 0x2, 0x18,
    0x81, 0x40, 0x69, 0x0, 0x40, 0xa, 0x1, 0x70,
    0x28, 0x4, 0x60, 0xd, 0xeb, 0x0, 0x93, 0xb8,
    0x80, 0x10, 0x89, 0xc0, 0x30, 0x88, 0x3, 0xff,
    0xb8,

    /* U+201D "”" */
    0x2f, 0xfd, 0x81, 0x3f, 0xf9, 0x0, 0x3f, 0xfb,
    0x66, 0x22, 0x0, 0xc2, 0x30, 0x4, 0x3d, 0xc6,
    0x0, 0xa3, 0xb8, 0x1, 0xe2, 0x6, 0x0, 0x8c,
    0x0, 0xc0, 0x92, 0x81, 0xe0, 0x2b, 0xc0, 0x44,
    0xb, 0x60, 0x35, 0x7, 0xa2, 0x8, 0x0, 0x11,
    0xbe, 0x0, 0x4, 0x92, 0xd4, 0x1, 0xb9, 0x0,
    0x13, 0xed, 0xa0, 0x0,

    /* U+2022 "•" */
    0x0, 0x8e, 0x73, 0x12, 0x60, 0x1d, 0x18, 0xc6,
    0x66, 0xc8, 0x0, 0x9d, 0xc0, 0x1e, 0x76, 0x1,
    0x80, 0xf, 0xd0, 0x8, 0x1, 0xfc, 0x26, 0x60,
    0xf, 0xf3, 0x18, 0x7, 0xf8, 0x50, 0x3, 0xfc,
    0x82, 0xc0, 0x1f, 0x9c, 0x1, 0x28, 0x1, 0xe4,
    0x80, 0xa, 0xe4, 0xc0, 0x7, 0x36, 0x0,

    /* U+2026 "…" */
    0x1e, 0xed, 0x60, 0x2, 0xee, 0xd4, 0x0, 0x4e,
    0xed, 0x6, 0x23, 0x9c, 0x0, 0x23, 0xe0, 0x8,
    0x47, 0x80, 0x3f, 0xfe, 0xc0,

    /* U+2212 "−" */
    0xcd, 0xdf, 0xfe, 0x11, 0x17, 0xff, 0x10, 0x40,
    0x3f, 0xfa, 0x80
};


/*---------------------
 *  GLYPH DESCRIPTION
 *--------------------*/

static const lv_font_fmt_txt_glyph_dsc_t glyph_dsc[] = {
    {.bitmap_index = 0, .adv_w = 0, .box_w = 0, .box_h = 0, .ofs_x = 0, .ofs_y = 0} /* id = 0 reserved */,
    {.bitmap_index = 0, .adv_w = 115, .box_w = 0, .box_h = 0, .ofs_x = 0, .ofs_y = 0},
    {.bitmap_index = 0, .adv_w = 217, .box_w = 6, .box_h = 26, .ofs_x = 4, .ofs_y = 0},
    {.bitmap_index = 22, .adv_w = 283, .box_w = 13, .box_h = 7, .ofs_x = 2, .ofs_y = 19},
    {.bitmap_index = 36, .adv_w = 539, .box_w = 30, .box_h = 26, .ofs_x = 2, .ofs_y = 0},
    {.bitmap_index = 266, .adv_w = 369, .box_w = 21, .box_h = 34, .ofs_x = 1, .ofs_y = -4},
    {.bitmap_index = 497, .adv_w = 518, .box_w = 29, .box_h = 28, .ofs_x = 2, .ofs_y = -1},
    {.bitmap_index = 802, .adv_w = 388, .box_w = 23, .box_h = 28, .ofs_x = 1, .ofs_y = -1},
    {.bitmap_index = 1015, .adv_w = 159, .box_w = 6, .box_h = 7, .ofs_x = 2, .ofs_y = 19},
    {.bitmap_index = 1023, .adv_w = 266, .box_w = 12, .box_h = 38, .ofs_x = 4, .ofs_y = -7},
    {.bitmap_index = 1177, .adv_w = 266, .box_w = 11, .box_h = 38, .ofs_x = 1, .ofs_y = -7},
    {.bitmap_index = 1327, .adv_w = 273, .box_w = 14, .box_h = 14, .ofs_x = 1, .ofs_y = 12},
    {.bitmap_index = 1407, .adv_w = 328, .box_w = 17, .box_h = 17, .ofs_x = 2, .ofs_y = 5},
    {.bitmap_index = 1450, .adv_w = 182, .box_w = 6, .box_h = 11, .ofs_x = 2, .ofs_y = -6},
    {.bitmap_index = 1476, .adv_w = 242, .box_w = 11, .box_h = 4, .ofs_x = 2, .ofs_y = 9},
    {.bitmap_index = 1485, .adv_w = 184, .box_w = 6, .box_h = 5, .ofs_x = 3, .ofs_y = 0},
    {.bitmap_index = 1493, .adv_w = 258, .box_w = 12, .box_h = 26, .ofs_x = 2, .ofs_y = 0},
    {.bitmap_index = 1601, .adv_w = 388, .box_w = 20, .box_h = 28, .ofs_x = 2, .ofs_y = -1},
    {.bitmap_index = 1752, .adv_w = 262, .box_w = 11, .box_h = 26, .ofs_x = 2, .ofs_y = 0},
    {.bitmap_index = 1790, .adv_w = 348, .box_w = 19, .box_h = 27, .ofs_x = 1, .ofs_y = 0},
    {.bitmap_index = 1947, .adv_w = 340, .box_w = 19, .box_h = 27, .ofs_x = 1, .ofs_y = -1},
    {.bitmap_index = 2101, .adv_w = 354, .box_w = 20, .box_h = 26, .ofs_x = 1, .ofs_y = 0},
    {.bitmap_index = 2233, .adv_w = 339, .box_w = 19, .box_h = 27, .ofs_x = 1, .ofs_y = -1},
    {.bitmap_index = 2397, .adv_w = 358, .box_w = 19, .box_h = 28, .ofs_x = 2, .ofs_y = -1},
    {.bitmap_index = 2576, .adv_w = 313, .box_w = 17, .box_h = 26, .ofs_x = 1, .ofs_y = 0},
    {.bitmap_index = 2692, .adv_w = 359, .box_w = 19, .box_h = 28, .ofs_x = 2, .ofs_y = -1},
    {.bitmap_index = 2888, .adv_w = 358, .box_w = 19, .box_h = 28, .ofs_x = 1, .ofs_y = -1},
    {.bitmap_index = 3074, .adv_w = 206, .box_w = 6, .box_h = 15, .ofs_x = 3, .ofs_y = 2},
    {.bitmap_index = 3094, .adv_w = 205, .box_w = 6, .box_h = 25, .ofs_x = 3, .ofs_y = -6},
    {.bitmap_index = 3131, .adv_w = 372, .box_w = 12, .box_h = 19, .ofs_x = 5, .ofs_y = 2},
    {.bitmap_index = 3218, .adv_w = 432, .box_w = 19, .box_h = 11, .ofs_x = 4, .ofs_y = 8},
    {.bitmap_index = 3246, .adv_w = 372, .box_w = 13, .box_h = 19, .ofs_x = 6, .ofs_y = 2},
    {.bitmap_index = 3337, .adv_w = 324, .box_w = 18, .box_h = 27, .ofs_x = 1, .ofs_y = 0},
    {.bitmap_index = 3474, .adv_w = 528, .box_w = 29, .box_h = 27, .ofs_x = 2, .ofs_y = -4},
    {.bitmap_index = 3771, .adv_w = 393, .box_w = 24, .box_h = 26, .ofs_x = 0, .ofs_y = 0},
    {.bitmap_index = 3966, .adv_w = 367, .box_w = 20, .box_h = 26, .ofs_x = 2, .ofs_y = 0},
    {.bitmap_index = 4110, .adv_w = 430, .box_w = 25, .box_h = 28, .ofs_x = 1, .ofs_y = -1},
    {.bitmap_index = 4325, .adv_w = 409, .box_w = 22, .box_h = 26, .ofs_x = 2, .ofs_y = 0},
    {.bitmap_index = 4471, .adv_w = 340, .box_w = 18, .box_h = 26, .ofs_x = 2, .ofs_y = 0},
    {.bitmap_index = 4522, .adv_w = 305, .box_w = 17, .box_h = 26, .ofs_x = 2, .ofs_y = 0},
    {.bitmap_index = 4563, .adv_w = 427, .box_w = 25, .box_h = 28, .ofs_x = 1, .ofs_y = -1},
    {.bitmap_index = 4788, .adv_w = 423, .box_w = 22, .box_h = 26, .ofs_x = 2, .ofs_y = 0},
    {.bitmap_index = 4828, .adv_w = 170, .box_w = 6, .box_h = 26, .ofs_x = 2, .ofs_y = 0},
    {.bitmap_index = 4837, .adv_w = 295, .box_w = 16, .box_h = 27, .ofs_x = 0, .ofs_y = -1},
    {.bitmap_index = 4903, .adv_w = 383, .box_w = 22, .box_h = 26, .ofs_x = 2, .ofs_y = 0},
    {.bitmap_index = 5071, .adv_w = 312, .box_w = 17, .box_h = 26, .ofs_x = 2, .ofs_y = 0},
    {.bitmap_index = 5100, .adv_w = 495, .box_w = 27, .box_h = 26, .ofs_x = 2, .ofs_y = 0},
    {.bitmap_index = 5290, .adv_w = 420, .box_w = 22, .box_h = 26, .ofs_x = 2, .ofs_y = 0},
    {.bitmap_index = 5418, .adv_w = 437, .box_w = 26, .box_h = 28, .ofs_x = 1, .ofs_y = -1},
    {.bitmap_index = 5652, .adv_w = 374, .box_w = 21, .box_h = 26, .ofs_x = 2, .ofs_y = 0},
    {.bitmap_index = 5760, .adv_w = 437, .box_w = 26, .box_h = 28, .ofs_x = 1, .ofs_y = -1},
    {.bitmap_index = 5998, .adv_w = 386, .box_w = 21, .box_h = 26, .ofs_x = 2, .ofs_y = 0},
    {.bitmap_index = 6143, .adv_w = 386, .box_w = 22, .box_h = 28, .ofs_x = 1, .ofs_y = -1},
    {.bitmap_index = 6358, .adv_w = 351, .box_w = 22, .box_h = 26, .ofs_x = 0, .ofs_y = 0},
    {.bitmap_index = 6398, .adv_w = 418, .box_w = 22, .box_h = 27, .ofs_x = 2, .ofs_y = -1},
    {.bitmap_index = 6500, .adv_w = 376, .box_w = 24, .box_h = 26, .ofs_x = 0, .ofs_y = 0},
    {.bitmap_index = 6705, .adv_w = 570, .box_w = 36, .box_h = 26, .ofs_x = 0, .ofs_y = 0},
    {.bitmap_index = 7027, .adv_w = 387, .box_w = 24, .box_h = 26, .ofs_x = 0, .ofs_y = 0},
    {.bitmap_index = 7237, .adv_w = 363, .box_w = 23, .box_h = 26, .ofs_x = 0, .ofs_y = 0},
    {.bitmap_index = 7372, .adv_w = 392, .box_w = 22, .box_h = 26, .ofs_x = 1, .ofs_y = 0},
    {.bitmap_index = 7523, .adv_w = 247, .box_w = 9, .box_h = 40, .ofs_x = 5, .ofs_y = -8},
    {.bitmap_index = 7556, .adv_w = 258, .box_w = 12, .box_h = 26, .ofs_x = 2, .ofs_y = 0},
    {.bitmap_index = 7663, .adv_w = 247, .box_w = 9, .box_h = 40, .ofs_x = 2, .ofs_y = -8},
    {.bitmap_index = 7696, .adv_w = 394, .box_w = 19, .box_h = 13, .ofs_x = 3, .ofs_y = 14},
    {.bitmap_index = 7783, .adv_w = 380, .box_w = 24, .box_h = 4, .ofs_x = 0, .ofs_y = -5},
    {.bitmap_index = 7794, .adv_w = 320, .box_w = 8, .box_h = 8, .ofs_x = 5, .ofs_y = 29},
    {.bitmap_index = 7821, .adv_w = 336, .box_w = 18, .box_h = 21, .ofs_x = 1, .ofs_y = -1},
    {.bitmap_index = 7961, .adv_w = 359, .box_w = 20, .box_h = 27, .ofs_x = 2, .ofs_y = -1},
    {.bitmap_index = 8102, .adv_w = 336, .box_w = 19, .box_h = 21, .ofs_x = 1, .ofs_y = -1},
    {.bitmap_index = 8240, .adv_w = 360, .box_w = 19, .box_h = 27, .ofs_x = 1, .ofs_y = -1},
    {.bitmap_index = 8377, .adv_w = 350, .box_w = 20, .box_h = 21, .ofs_x = 1, .ofs_y = -1},
    {.bitmap_index = 8526, .adv_w = 222, .box_w = 13, .box_h = 27, .ofs_x = 1, .ofs_y = 0},
    {.bitmap_index = 8589, .adv_w = 359, .box_w = 19, .box_h = 30, .ofs_x = 1, .ofs_y = -10},
    {.bitmap_index = 8778, .adv_w = 366, .box_w = 19, .box_h = 26, .ofs_x = 2, .ofs_y = 0},
    {.bitmap_index = 8859, .adv_w = 170, .box_w = 6, .box_h = 27, .ofs_x = 2, .ofs_y = 0},
    {.bitmap_index = 8881, .adv_w = 173, .box_w = 10, .box_h = 35, .ofs_x = -1, .ofs_y = -9},
    {.bitmap_index = 8931, .adv_w = 318, .box_w = 19, .box_h = 26, .ofs_x = 2, .ofs_y = 0},
    {.bitmap_index = 9052, .adv_w = 170, .box_w = 6, .box_h = 27, .ofs_x = 2, .ofs_y = 0},
    {.bitmap_index = 9063, .adv_w = 528, .box_w = 29, .box_h = 20, .ofs_x = 2, .ofs_y = 0},
    {.bitmap_index = 9176, .adv_w = 366, .box_w = 19, .box_h = 20, .ofs_x = 2, .ofs_y = 0},
    {.bitmap_index = 9252, .adv_w = 361, .box_w = 21, .box_h = 21, .ofs_x = 1, .ofs_y = -1},
    {.bitmap_index = 9406, .adv_w = 359, .box_w = 20, .box_h = 29, .ofs_x = 2, .ofs_y = -9},
    {.bitmap_index = 9551, .adv_w = 360, .box_w = 19, .box_h = 29, .ofs_x = 1, .ofs_y = -9},
    {.bitmap_index = 9690, .adv_w = 237, .box_w = 12, .box_h = 20, .ofs_x = 2, .ofs_y = 0},
    {.bitmap_index = 9736, .adv_w = 315, .box_w = 18, .box_h = 21, .ofs_x = 1, .ofs_y = -1},
    {.bitmap_index = 9886, .adv_w = 256, .box_w = 15, .box_h = 26, .ofs_x = 0, .ofs_y = -1},
    {.bitmap_index = 9959, .adv_w = 366, .box_w = 19, .box_h = 20, .ofs_x = 2, .ofs_y = -1},
    {.bitmap_index = 10034, .adv_w = 327, .box_w = 20, .box_h = 19, .ofs_x = 0, .ofs_y = 0},
    {.bitmap_index = 10168, .adv_w = 469, .box_w = 29, .box_h = 19, .ofs_x = 0, .ofs_y = 0},
    {.bitmap_index = 10372, .adv_w = 324, .box_w = 20, .box_h = 19, .ofs_x = 0, .ofs_y = 0},
    {.bitmap_index = 10508, .adv_w = 328, .box_w = 21, .box_h = 28, .ofs_x = 0, .ofs_y = -9},
    {.bitmap_index = 10697, .adv_w = 308, .box_w = 18, .box_h = 19, .ofs_x = 0, .ofs_y = 0},
    {.bitmap_index = 10794, .adv_w = 264, .box_w = 11, .box_h = 40, .ofs_x = 5, .ofs_y = -8},
    {.bitmap_index = 10888, .adv_w = 182, .box_w = 6, .box_h = 26, .ofs_x = 3, .ofs_y = 0},
    {.bitmap_index = 10897, .adv_w = 264, .box_w = 11, .box_h = 40, .ofs_x = 1, .ofs_y = -8},
    {.bitmap_index = 10988, .adv_w = 423, .box_w = 20, .box_h = 9, .ofs_x = 3, .ofs_y = 7},
    {.bitmap_index = 11056, .adv_w = 115, .box_w = 0, .box_h = 0, .ofs_x = 0, .ofs_y = 0},
    {.bitmap_index = 11056, .adv_w = 217, .box_w = 6, .box_h = 26, .ofs_x = 4, .ofs_y = -7},
    {.bitmap_index = 11078, .adv_w = 336, .box_w = 19, .box_h = 27, .ofs_x = 1, .ofs_y = -1},
    {.bitmap_index = 11230, .adv_w = 329, .box_w = 19, .box_h = 27, .ofs_x = 1, .ofs_y = 0},
    {.bitmap_index = 11347, .adv_w = 392, .box_w = 23, .box_h = 23, .ofs_x = 1, .ofs_y = 2},
    {.bitmap_index = 11549, .adv_w = 363, .box_w = 23, .box_h = 26, .ofs_x = 0, .ofs_y = 0},
    {.bitmap_index = 11705, .adv_w = 182, .box_w = 6, .box_h = 34, .ofs_x = 3, .ofs_y = -8},
    {.bitmap_index = 11728, .adv_w = 315, .box_w = 18, .box_h = 29, .ofs_x = 1, .ofs_y = -5},
    {.bitmap_index = 11930, .adv_w = 329, .box_w = 13, .box_h = 5, .ofs_x = 4, .ofs_y = 29},
    {.bitmap_index = 11944, .adv_w = 526, .box_w = 31, .box_h = 31, .ofs_x = 1, .ofs_y = -3},
    {.bitmap_index = 12308, .adv_w = 185, .box_w = 10, .box_h = 11, .ofs_x = 1, .ofs_y = 10},
    {.bitmap_index = 12361, .adv_w = 347, .box_w = 18, .box_h = 17, .ofs_x = 2, .ofs_y = 1},
    {.bitmap_index = 12498, .adv_w = 346, .box_w = 18, .box_h = 8, .ofs_x = 2, .ofs_y = 7},
    {.bitmap_index = 12517, .adv_w = 242, .box_w = 11, .box_h = 4, .ofs_x = 2, .ofs_y = 9},
    {.bitmap_index = 12526, .adv_w = 383, .box_w = 20, .box_h = 19, .ofs_x = 2, .ofs_y = 10},
    {.bitmap_index = 12698, .adv_w = 295, .box_w = 11, .box_h = 4, .ofs_x = 4, .ofs_y = 30},
    {.bitmap_index = 12707, .adv_w = 259, .box_w = 14, .box_h = 13, .ofs_x = 1, .ofs_y = 14},
    {.bitmap_index = 12781, .adv_w = 346, .box_w = 18, .box_h = 17, .ofs_x = 2, .ofs_y = 2},
    {.bitmap_index = 12834, .adv_w = 240, .box_w = 13, .box_h = 16, .ofs_x = 1, .ofs_y = 10},
    {.bitmap_index = 12920, .adv_w = 236, .box_w = 12, .box_h = 16, .ofs_x = 1, .ofs_y = 10},
    {.bitmap_index = 12999, .adv_w = 320, .box_w = 8, .box_h = 8, .ofs_x = 7, .ofs_y = 29},
    {.bitmap_index = 13027, .adv_w = 372, .box_w = 19, .box_h = 28, .ofs_x = 2, .ofs_y = -9},
    {.bitmap_index = 13102, .adv_w = 427, .box_w = 25, .box_h = 31, .ofs_x = 1, .ofs_y = -5},
    {.bitmap_index = 13194, .adv_w = 161, .box_w = 6, .box_h = 6, .ofs_x = 2, .ofs_y = 8},
    {.bitmap_index = 13210, .adv_w = 241, .box_w = 7, .box_h = 10, .ofs_x = 4, .ofs_y = -9},
    {.bitmap_index = 13245, .adv_w = 202, .box_w = 7, .box_h = 16, .ofs_x = 2, .ofs_y = 10},
    {.bitmap_index = 13264, .adv_w = 204, .box_w = 11, .box_h = 11, .ofs_x = 1, .ofs_y = 10},
    {.bitmap_index = 13322, .adv_w = 347, .box_w = 17, .box_h = 17, .ofs_x = 2, .ofs_y = 1},
    {.bitmap_index = 13456, .adv_w = 608, .box_w = 32, .box_h = 28, .ofs_x = 2, .ofs_y = -1},
    {.bitmap_index = 13717, .adv_w = 599, .box_w = 34, .box_h = 27, .ofs_x = 2, .ofs_y = 0},
    {.bitmap_index = 13994, .adv_w = 601, .box_w = 35, .box_h = 28, .ofs_x = 1, .ofs_y = -1},
    {.bitmap_index = 14309, .adv_w = 324, .box_w = 18, .box_h = 27, .ofs_x = 1, .ofs_y = -8},
    {.bitmap_index = 14442, .adv_w = 393, .box_w = 24, .box_h = 36, .ofs_x = 0, .ofs_y = 0},
    {.bitmap_index = 14681, .adv_w = 393, .box_w = 24, .box_h = 36, .ofs_x = 0, .ofs_y = 0},
    {.bitmap_index = 14922, .adv_w = 393, .box_w = 24, .box_h = 35, .ofs_x = 0, .ofs_y = 0},
    {.bitmap_index = 15180, .adv_w = 393, .box_w = 24, .box_h = 36, .ofs_x = 0, .ofs_y = 0},
    {.bitmap_index = 15439, .adv_w = 393, .box_w = 24, .box_h = 33, .ofs_x = 0, .ofs_y = 0},
    {.bitmap_index = 15661, .adv_w = 393, .box_w = 24, .box_h = 38, .ofs_x = 0, .ofs_y = 0},
    {.bitmap_index = 15931, .adv_w = 544, .box_w = 33, .box_h = 26, .ofs_x = 0, .ofs_y = 0},
    {.bitmap_index = 16104, .adv_w = 430, .box_w = 25, .box_h = 36, .ofs_x = 1, .ofs_y = -9},
    {.bitmap_index = 16370, .adv_w = 340, .box_w = 18, .box_h = 36, .ofs_x = 2, .ofs_y = 0},
    {.bitmap_index = 16467, .adv_w = 340, .box_w = 18, .box_h = 36, .ofs_x = 2, .ofs_y = 0},
    {.bitmap_index = 16565, .adv_w = 340, .box_w = 18, .box_h = 35, .ofs_x = 2, .ofs_y = 0},
    {.bitmap_index = 16674, .adv_w = 340, .box_w = 18, .box_h = 33, .ofs_x = 2, .ofs_y = 0},
    {.bitmap_index = 16749, .adv_w = 170, .box_w = 8, .box_h = 36, .ofs_x = 0, .ofs_y = 0},
    {.bitmap_index = 16793, .adv_w = 170, .box_w = 9, .box_h = 36, .ofs_x = 2, .ofs_y = 0},
    {.bitmap_index = 16840, .adv_w = 170, .box_w = 15, .box_h = 35, .ofs_x = -2, .ofs_y = 0},
    {.bitmap_index = 16913, .adv_w = 170, .box_w = 13, .box_h = 33, .ofs_x = -1, .ofs_y = 0},
    {.bitmap_index = 16954, .adv_w = 411, .box_w = 24, .box_h = 26, .ofs_x = 0, .ofs_y = 0},
    {.bitmap_index = 17112, .adv_w = 420, .box_w = 22, .box_h = 35, .ofs_x = 2, .ofs_y = 0},
    {.bitmap_index = 17297, .adv_w = 437, .box_w = 26, .box_h = 37, .ofs_x = 1, .ofs_y = -1},
    {.bitmap_index = 17576, .adv_w = 437, .box_w = 26, .box_h = 37, .ofs_x = 1, .ofs_y = -1},
    {.bitmap_index = 17856, .adv_w = 437, .box_w = 26, .box_h = 36, .ofs_x = 1, .ofs_y = -1},
    {.bitmap_index = 18155, .adv_w = 437, .box_w = 26, .box_h = 36, .ofs_x = 1, .ofs_y = -1},
    {.bitmap_index = 18455, .adv_w = 437, .box_w = 26, .box_h = 34, .ofs_x = 1, .ofs_y = -1},
    {.bitmap_index = 18717, .adv_w = 295, .box_w = 15, .box_h = 16, .ofs_x = 2, .ofs_y = 5},
    {.bitmap_index = 18816, .adv_w = 437, .box_w = 26, .box_h = 28, .ofs_x = 1, .ofs_y = -1},
    {.bitmap_index = 19080, .adv_w = 418, .box_w = 22, .box_h = 37, .ofs_x = 2, .ofs_y = -1},
    {.bitmap_index = 19229, .adv_w = 418, .box_w = 22, .box_h = 37, .ofs_x = 2, .ofs_y = -1},
    {.bitmap_index = 19379, .adv_w = 418, .box_w = 22, .box_h = 36, .ofs_x = 2, .ofs_y = -1},
    {.bitmap_index = 19543, .adv_w = 418, .box_w = 22, .box_h = 34, .ofs_x = 2, .ofs_y = -1},
    {.bitmap_index = 19671, .adv_w = 363, .box_w = 23, .box_h = 36, .ofs_x = 0, .ofs_y = 0},
    {.bitmap_index = 19854, .adv_w = 370, .box_w = 21, .box_h = 26, .ofs_x = 2, .ofs_y = 0},
    {.bitmap_index = 19964, .adv_w = 372, .box_w = 20, .box_h = 28, .ofs_x = 2, .ofs_y = -1},
    {.bitmap_index = 20135, .adv_w = 336, .box_w = 18, .box_h = 31, .ofs_x = 1, .ofs_y = -1},
    {.bitmap_index = 20321, .adv_w = 336, .box_w = 18, .box_h = 31, .ofs_x = 1, .ofs_y = -1},
    {.bitmap_index = 20507, .adv_w = 336, .box_w = 18, .box_h = 29, .ofs_x = 1, .ofs_y = -1},
    {.bitmap_index = 20696, .adv_w = 336, .box_w = 18, .box_h = 30, .ofs_x = 1, .ofs_y = -1},
    {.bitmap_index = 20895, .adv_w = 336, .box_w = 18, .box_h = 28, .ofs_x = 1, .ofs_y = -1},
    {.bitmap_index = 21058, .adv_w = 336, .box_w = 18, .box_h = 32, .ofs_x = 1, .ofs_y = -1},
    {.bitmap_index = 21267, .adv_w = 538, .box_w = 32, .box_h = 21, .ofs_x = 1, .ofs_y = -1},
    {.bitmap_index = 21509, .adv_w = 336, .box_w = 19, .box_h = 29, .ofs_x = 1, .ofs_y = -9},
    {.bitmap_index = 21693, .adv_w = 350, .box_w = 20, .box_h = 31, .ofs_x = 1, .ofs_y = -1},
    {.bitmap_index = 21888, .adv_w = 350, .box_w = 20, .box_h = 31, .ofs_x = 1, .ofs_y = -1},
    {.bitmap_index = 22083, .adv_w = 350, .box_w = 20, .box_h = 29, .ofs_x = 1, .ofs_y = -1},
    {.bitmap_index = 22283, .adv_w = 350, .box_w = 20, .box_h = 28, .ofs_x = 1, .ofs_y = -1},
    {.bitmap_index = 22456, .adv_w = 170, .box_w = 8, .box_h = 30, .ofs_x = 0, .ofs_y = 0},
    {.bitmap_index = 22499, .adv_w = 170, .box_w = 9, .box_h = 30, .ofs_x = 2, .ofs_y = 0},
    {.bitmap_index = 22547, .adv_w = 170, .box_w = 15, .box_h = 28, .ofs_x = -2, .ofs_y = 0},
    {.bitmap_index = 22609, .adv_w = 170, .box_w = 13, .box_h = 27, .ofs_x = -1, .ofs_y = 0},
    {.bitmap_index = 22647, .adv_w = 346, .box_w = 20, .box_h = 30, .ofs_x = 1, .ofs_y = -1},
    {.bitmap_index = 22857, .adv_w = 366, .box_w = 19, .box_h = 29, .ofs_x = 2, .ofs_y = 0},
    {.bitmap_index = 22990, .adv_w = 361, .box_w = 21, .box_h = 31, .ofs_x = 1, .ofs_y = -1},
    {.bitmap_index = 23190, .adv_w = 361, .box_w = 21, .box_h = 31, .ofs_x = 1, .ofs_y = -1},
    {.bitmap_index = 23390, .adv_w = 361, .box_w = 21, .box_h = 29, .ofs_x = 1, .ofs_y = -1},
    {.bitmap_index = 23597, .adv_w = 361, .box_w = 21, .box_h = 30, .ofs_x = 1, .ofs_y = -1},
    {.bitmap_index = 23811, .adv_w = 361, .box_w = 21, .box_h = 28, .ofs_x = 1, .ofs_y = -1},
    {.bitmap_index = 23989, .adv_w = 311, .box_w = 16, .box_h = 17, .ofs_x = 2, .ofs_y = 5},
    {.bitmap_index = 24031, .adv_w = 361, .box_w = 21, .box_h = 21, .ofs_x = 1, .ofs_y = -1},
    {.bitmap_index = 24198, .adv_w = 366, .box_w = 19, .box_h = 31, .ofs_x = 2, .ofs_y = -1},
    {.bitmap_index = 24321, .adv_w = 366, .box_w = 19, .box_h = 31, .ofs_x = 2, .ofs_y = -1},
    {.bitmap_index = 24444, .adv_w = 366, .box_w = 19, .box_h = 29, .ofs_x = 2, .ofs_y = -1},
    {.bitmap_index = 24571, .adv_w = 366, .box_w = 19, .box_h = 28, .ofs_x = 2, .ofs_y = -1},
    {.bitmap_index = 24672, .adv_w = 328, .box_w = 21, .box_h = 38, .ofs_x = 0, .ofs_y = -9},
    {.bitmap_index = 24909, .adv_w = 359, .box_w = 20, .box_h = 35, .ofs_x = 2, .ofs_y = -9},
    {.bitmap_index = 25058, .adv_w = 328, .box_w = 21, .box_h = 35, .ofs_x = 0, .ofs_y = -9},
    {.bitmap_index = 25274, .adv_w = 393, .box_w = 24, .box_h = 34, .ofs_x = 0, .ofs_y = 0},
    {.bitmap_index = 25490, .adv_w = 336, .box_w = 18, .box_h = 29, .ofs_x = 1, .ofs_y = -1},
    {.bitmap_index = 25646, .adv_w = 393, .box_w = 24, .box_h = 34, .ofs_x = 0, .ofs_y = 0},
    {.bitmap_index = 25894, .adv_w = 336, .box_w = 18, .box_h = 29, .ofs_x = 1, .ofs_y = -1},
    {.bitmap_index = 26080, .adv_w = 393, .box_w = 24, .box_h = 35, .ofs_x = 0, .ofs_y = -9},
    {.bitmap_index = 26333, .adv_w = 336, .box_w = 18, .box_h = 29, .ofs_x = 1, .ofs_y = -9},
    {.bitmap_index = 26523, .adv_w = 430, .box_w = 25, .box_h = 37, .ofs_x = 1, .ofs_y = -1},
    {.bitmap_index = 26784, .adv_w = 336, .box_w = 19, .box_h = 31, .ofs_x = 1, .ofs_y = -1},
    {.bitmap_index = 26968, .adv_w = 430, .box_w = 25, .box_h = 36, .ofs_x = 1, .ofs_y = -1},
    {.bitmap_index = 27248, .adv_w = 336, .box_w = 19, .box_h = 29, .ofs_x = 1, .ofs_y = -1},
    {.bitmap_index = 27437, .adv_w = 430, .box_w = 25, .box_h = 36, .ofs_x = 1, .ofs_y = -1},
    {.bitmap_index = 27671, .adv_w = 336, .box_w = 19, .box_h = 29, .ofs_x = 1, .ofs_y = -1},
    {.bitmap_index = 27825, .adv_w = 430, .box_w = 25, .box_h = 36, .ofs_x = 1, .ofs_y = -1},
    {.bitmap_index = 28104, .adv_w = 336, .box_w = 19, .box_h = 29, .ofs_x = 1, .ofs_y = -1},
    {.bitmap_index = 28291, .adv_w = 409, .box_w = 22, .box_h = 35, .ofs_x = 2, .ofs_y = 0},
    {.bitmap_index = 28499, .adv_w = 465, .box_w = 27, .box_h = 27, .ofs_x = 1, .ofs_y = -1},
    {.bitmap_index = 28688, .adv_w = 411, .box_w = 24, .box_h = 26, .ofs_x = 0, .ofs_y = 0},
    {.bitmap_index = 28846, .adv_w = 360, .box_w = 22, .box_h = 27, .ofs_x = 1, .ofs_y = -1},
    {.bitmap_index = 29011, .adv_w = 340, .box_w = 18, .box_h = 34, .ofs_x = 2, .ofs_y = 0},
    {.bitmap_index = 29079, .adv_w = 350, .box_w = 20, .box_h = 29, .ofs_x = 1, .ofs_y = -1},
    {.bitmap_index = 29245, .adv_w = 340, .box_w = 18, .box_h = 35, .ofs_x = 2, .ofs_y = 0},
    {.bitmap_index = 29314, .adv_w = 350, .box_w = 20, .box_h = 29, .ofs_x = 1, .ofs_y = -1},
    {.bitmap_index = 29479, .adv_w = 340, .box_w = 18, .box_h = 35, .ofs_x = 2, .ofs_y = -9},
    {.bitmap_index = 29579, .adv_w = 350, .box_w = 20, .box_h = 29, .ofs_x = 1, .ofs_y = -9},
    {.bitmap_index = 29777, .adv_w = 340, .box_w = 18, .box_h = 35, .ofs_x = 2, .ofs_y = 0},
    {.bitmap_index = 29885, .adv_w = 350, .box_w = 20, .box_h = 29, .ofs_x = 1, .ofs_y = -1},
    {.bitmap_index = 30084, .adv_w = 427, .box_w = 25, .box_h = 36, .ofs_x = 1, .ofs_y = -1},
    {.bitmap_index = 30372, .adv_w = 359, .box_w = 19, .box_h = 38, .ofs_x = 1, .ofs_y = -10},
    {.bitmap_index = 30612, .adv_w = 427, .box_w = 25, .box_h = 35, .ofs_x = 1, .ofs_y = -1},
    {.bitmap_index = 30890, .adv_w = 359, .box_w = 19, .box_h = 37, .ofs_x = 1, .ofs_y = -10},
    {.bitmap_index = 31127, .adv_w = 427, .box_w = 25, .box_h = 36, .ofs_x = 1, .ofs_y = -1},
    {.bitmap_index = 31370, .adv_w = 359, .box_w = 19, .box_h = 38, .ofs_x = 1, .ofs_y = -10},
    {.bitmap_index = 31576, .adv_w = 427, .box_w = 25, .box_h = 39, .ofs_x = 1, .ofs_y = -12},
    {.bitmap_index = 31849, .adv_w = 359, .box_w = 19, .box_h = 42, .ofs_x = 1, .ofs_y = -10},
    {.bitmap_index = 32075, .adv_w = 423, .box_w = 22, .box_h = 35, .ofs_x = 2, .ofs_y = 0},
    {.bitmap_index = 32178, .adv_w = 366, .box_w = 24, .box_h = 35, .ofs_x = -3, .ofs_y = 0},
    {.bitmap_index = 32332, .adv_w = 434, .box_w = 27, .box_h = 26, .ofs_x = 0, .ofs_y = 0},
    {.bitmap_index = 32410, .adv_w = 366, .box_w = 21, .box_h = 26, .ofs_x = 0, .ofs_y = 0},
    {.bitmap_index = 32517, .adv_w = 170, .box_w = 15, .box_h = 35, .ofs_x = -2, .ofs_y = 0},
    {.bitmap_index = 32589, .adv_w = 170, .box_w = 15, .box_h = 29, .ofs_x = -2, .ofs_y = 0},
    {.bitmap_index = 32657, .adv_w = 170, .box_w = 11, .box_h = 34, .ofs_x = 0, .ofs_y = 0},
    {.bitmap_index = 32688, .adv_w = 170, .box_w = 11, .box_h = 28, .ofs_x = 0, .ofs_y = 0},
    {.bitmap_index = 32715, .adv_w = 170, .box_w = 8, .box_h = 35, .ofs_x = 0, .ofs_y = -9},
    {.bitmap_index = 32764, .adv_w = 170, .box_w = 8, .box_h = 35, .ofs_x = 0, .ofs_y = -9},
    {.bitmap_index = 32823, .adv_w = 170, .box_w = 6, .box_h = 35, .ofs_x = 2, .ofs_y = 0},
    {.bitmap_index = 32845, .adv_w = 170, .box_w = 6, .box_h = 19, .ofs_x = 2, .ofs_y = 0},
    {.bitmap_index = 32854, .adv_w = 295, .box_w = 21, .box_h = 36, .ofs_x = 0, .ofs_y = -1},
    {.bitmap_index = 32992, .adv_w = 173, .box_w = 15, .box_h = 37, .ofs_x = -2, .ofs_y = -9},
    {.bitmap_index = 33086, .adv_w = 383, .box_w = 22, .box_h = 38, .ofs_x = 2, .ofs_y = -12},
    {.bitmap_index = 33298, .adv_w = 318, .box_w = 19, .box_h = 38, .ofs_x = 2, .ofs_y = -12},
    {.bitmap_index = 33462, .adv_w = 312, .box_w = 17, .box_h = 36, .ofs_x = 2, .ofs_y = 0},
    {.bitmap_index = 33535, .adv_w = 170, .box_w = 9, .box_h = 36, .ofs_x = 2, .ofs_y = 0},
    {.bitmap_index = 33585, .adv_w = 312, .box_w = 17, .box_h = 38, .ofs_x = 2, .ofs_y = -12},
    {.bitmap_index = 33651, .adv_w = 170, .box_w = 6, .box_h = 39, .ofs_x = 2, .ofs_y = -12},
    {.bitmap_index = 33688, .adv_w = 312, .box_w = 17, .box_h = 26, .ofs_x = 2, .ofs_y = 0},
    {.bitmap_index = 33751, .adv_w = 273, .box_w = 14, .box_h = 27, .ofs_x = 2, .ofs_y = 0},
    {.bitmap_index = 33802, .adv_w = 323, .box_w = 19, .box_h = 26, .ofs_x = 1, .ofs_y = 0},
    {.bitmap_index = 33884, .adv_w = 234, .box_w = 14, .box_h = 27, .ofs_x = 0, .ofs_y = 0},
    {.bitmap_index = 33950, .adv_w = 420, .box_w = 22, .box_h = 36, .ofs_x = 2, .ofs_y = 0},
    {.bitmap_index = 34126, .adv_w = 366, .box_w = 19, .box_h = 30, .ofs_x = 2, .ofs_y = 0},
    {.bitmap_index = 34249, .adv_w = 420, .box_w = 22, .box_h = 38, .ofs_x = 2, .ofs_y = -12},
    {.bitmap_index = 34420, .adv_w = 366, .box_w = 19, .box_h = 32, .ofs_x = 2, .ofs_y = -12},
    {.bitmap_index = 34536, .adv_w = 420, .box_w = 22, .box_h = 35, .ofs_x = 2, .ofs_y = 0},
    {.bitmap_index = 34727, .adv_w = 366, .box_w = 19, .box_h = 29, .ofs_x = 2, .ofs_y = 0},
    {.bitmap_index = 34866, .adv_w = 420, .box_w = 22, .box_h = 35, .ofs_x = 2, .ofs_y = -9},
    {.bitmap_index = 35041, .adv_w = 366, .box_w = 19, .box_h = 29, .ofs_x = 2, .ofs_y = -9},
    {.bitmap_index = 35150, .adv_w = 437, .box_w = 26, .box_h = 35, .ofs_x = 1, .ofs_y = -1},
    {.bitmap_index = 35402, .adv_w = 361, .box_w = 21, .box_h = 29, .ofs_x = 1, .ofs_y = -1},
    {.bitmap_index = 35573, .adv_w = 437, .box_w = 26, .box_h = 37, .ofs_x = 1, .ofs_y = -1},
    {.bitmap_index = 35881, .adv_w = 361, .box_w = 21, .box_h = 31, .ofs_x = 1, .ofs_y = -1},
    {.bitmap_index = 36102, .adv_w = 640, .box_w = 38, .box_h = 28, .ofs_x = 1, .ofs_y = -1},
    {.bitmap_index = 36360, .adv_w = 582, .box_w = 35, .box_h = 21, .ofs_x = 1, .ofs_y = -1},
    {.bitmap_index = 36610, .adv_w = 386, .box_w = 21, .box_h = 36, .ofs_x = 2, .ofs_y = 0},
    {.bitmap_index = 36802, .adv_w = 237, .box_w = 12, .box_h = 30, .ofs_x = 2, .ofs_y = 0},
    {.bitmap_index = 36882, .adv_w = 386, .box_w = 21, .box_h = 38, .ofs_x = 2, .ofs_y = -12},
    {.bitmap_index = 37071, .adv_w = 237, .box_w = 12, .box_h = 32, .ofs_x = 2, .ofs_y = -12},
    {.bitmap_index = 37150, .adv_w = 386, .box_w = 21, .box_h = 35, .ofs_x = 2, .ofs_y = 0},
    {.bitmap_index = 37356, .adv_w = 237, .box_w = 16, .box_h = 28, .ofs_x = 0, .ofs_y = 0},
    {.bitmap_index = 37454, .adv_w = 386, .box_w = 22, .box_h = 37, .ofs_x = 1, .ofs_y = -1},
    {.bitmap_index = 37715, .adv_w = 315, .box_w = 18, .box_h = 31, .ofs_x = 1, .ofs_y = -1},
    {.bitmap_index = 37911, .adv_w = 386, .box_w = 22, .box_h = 36, .ofs_x = 1, .ofs_y = -1},
    {.bitmap_index = 38186, .adv_w = 315, .box_w = 18, .box_h = 29, .ofs_x = 1, .ofs_y = -1},
    {.bitmap_index = 38385, .adv_w = 386, .box_w = 22, .box_h = 36, .ofs_x = 1, .ofs_y = -9},
    {.bitmap_index = 38649, .adv_w = 315, .box_w = 18, .box_h = 29, .ofs_x = 1, .ofs_y = -9},
    {.bitmap_index = 38846, .adv_w = 386, .box_w = 22, .box_h = 36, .ofs_x = 1, .ofs_y = -1},
    {.bitmap_index = 39121, .adv_w = 315, .box_w = 18, .box_h = 29, .ofs_x = 1, .ofs_y = -1},
    {.bitmap_index = 39319, .adv_w = 351, .box_w = 22, .box_h = 35, .ofs_x = 0, .ofs_y = -9},
    {.bitmap_index = 39411, .adv_w = 256, .box_w = 15, .box_h = 34, .ofs_x = 0, .ofs_y = -9},
    {.bitmap_index = 39526, .adv_w = 351, .box_w = 22, .box_h = 35, .ofs_x = 0, .ofs_y = 0},
    {.bitmap_index = 39628, .adv_w = 256, .box_w = 18, .box_h = 32, .ofs_x = 0, .ofs_y = -1},
    {.bitmap_index = 39745, .adv_w = 351, .box_w = 22, .box_h = 26, .ofs_x = 0, .ofs_y = 0},
    {.bitmap_index = 39805, .adv_w = 267, .box_w = 15, .box_h = 26, .ofs_x = 0, .ofs_y = -1},
    {.bitmap_index = 39900, .adv_w = 418, .box_w = 22, .box_h = 36, .ofs_x = 2, .ofs_y = -1},
    {.bitmap_index = 40060, .adv_w = 366, .box_w = 19, .box_h = 30, .ofs_x = 2, .ofs_y = -1},
    {.bitmap_index = 40194, .adv_w = 418, .box_w = 22, .box_h = 35, .ofs_x = 2, .ofs_y = -1},
    {.bitmap_index = 40316, .adv_w = 366, .box_w = 19, .box_h = 29, .ofs_x = 2, .ofs_y = -1},
    {.bitmap_index = 40411, .adv_w = 418, .box_w = 22, .box_h = 35, .ofs_x = 2, .ofs_y = -1},
    {.bitmap_index = 40564, .adv_w = 366, .box_w = 19, .box_h = 29, .ofs_x = 2, .ofs_y = -1},
    {.bitmap_index = 40690, .adv_w = 418, .box_w = 22, .box_h = 39, .ofs_x = 2, .ofs_y = -1},
    {.bitmap_index = 40873, .adv_w = 366, .box_w = 19, .box_h = 32, .ofs_x = 2, .ofs_y = -1},
    {.bitmap_index = 41023, .adv_w = 418, .box_w = 22, .box_h = 37, .ofs_x = 2, .ofs_y = -1},
    {.bitmap_index = 41193, .adv_w = 366, .box_w = 19, .box_h = 31, .ofs_x = 2, .ofs_y = -1},
    {.bitmap_index = 41335, .adv_w = 418, .box_w = 22, .box_h = 34, .ofs_x = 2, .ofs_y = -8},
    {.bitmap_index = 41481, .adv_w = 366, .box_w = 19, .box_h = 28, .ofs_x = 2, .ofs_y = -9},
    {.bitmap_index = 41606, .adv_w = 570, .box_w = 36, .box_h = 35, .ofs_x = 0, .ofs_y = 0},
    {.bitmap_index = 41996, .adv_w = 469, .box_w = 29, .box_h = 28, .ofs_x = 0, .ofs_y = 0},
    {.bitmap_index = 42260, .adv_w = 363, .box_w = 23, .box_h = 35, .ofs_x = 0, .ofs_y = 0},
    {.bitmap_index = 42458, .adv_w = 328, .box_w = 21, .box_h = 37, .ofs_x = 0, .ofs_y = -9},
    {.bitmap_index = 42709, .adv_w = 363, .box_w = 23, .box_h = 33, .ofs_x = 0, .ofs_y = 0},
    {.bitmap_index = 42872, .adv_w = 392, .box_w = 22, .box_h = 36, .ofs_x = 1, .ofs_y = 0},
    {.bitmap_index = 43071, .adv_w = 308, .box_w = 18, .box_h = 30, .ofs_x = 0, .ofs_y = 0},
    {.bitmap_index = 43216, .adv_w = 392, .box_w = 22, .box_h = 35, .ofs_x = 1, .ofs_y = 0},
    {.bitmap_index = 43387, .adv_w = 308, .box_w = 18, .box_h = 28, .ofs_x = 0, .ofs_y = 0},
    {.bitmap_index = 43502, .adv_w = 392, .box_w = 22, .box_h = 35, .ofs_x = 1, .ofs_y = 0},
    {.bitmap_index = 43715, .adv_w = 308, .box_w = 18, .box_h = 28, .ofs_x = 0, .ofs_y = 0},
    {.bitmap_index = 43861, .adv_w = 187, .box_w = 7, .box_h = 8, .ofs_x = 2, .ofs_y = 18},
    {.bitmap_index = 43890, .adv_w = 187, .box_w = 7, .box_h = 8, .ofs_x = 2, .ofs_y = -9},
    {.bitmap_index = 43916, .adv_w = 205, .box_w = 6, .box_h = 25, .ofs_x = 3, .ofs_y = -6},
    {.bitmap_index = 43953, .adv_w = 346, .box_w = 7, .box_h = 8, .ofs_x = 7, .ofs_y = 19},
    {.bitmap_index = 43980, .adv_w = 346, .box_w = 17, .box_h = 8, .ofs_x = 2, .ofs_y = 22},
    {.bitmap_index = 44025, .adv_w = 403, .box_w = 25, .box_h = 26, .ofs_x = 0, .ofs_y = 0},
    {.bitmap_index = 44240, .adv_w = 346, .box_w = 6, .box_h = 6, .ofs_x = 2, .ofs_y = 8},
    {.bitmap_index = 44256, .adv_w = 440, .box_w = 26, .box_h = 26, .ofs_x = 0, .ofs_y = 0},
    {.bitmap_index = 44350, .adv_w = 515, .box_w = 30, .box_h = 26, .ofs_x = 0, .ofs_y = 0},
    {.bitmap_index = 44435, .adv_w = 251, .box_w = 14, .box_h = 26, .ofs_x = 0, .ofs_y = 0},
    {.bitmap_index = 44484, .adv_w = 502, .box_w = 31, .box_h = 28, .ofs_x = 0, .ofs_y = -1},
    {.bitmap_index = 44757, .adv_w = 498, .box_w = 32, .box_h = 26, .ofs_x = 0, .ofs_y = 0},
    {.bitmap_index = 44932, .adv_w = 509, .box_w = 31, .box_h = 27, .ofs_x = 0, .ofs_y = 0},
    {.bitmap_index = 45186, .adv_w = 300, .box_w = 17, .box_h = 30, .ofs_x = 1, .ofs_y = -1},
    {.bitmap_index = 45296, .adv_w = 393, .box_w = 24, .box_h = 26, .ofs_x = 0, .ofs_y = 0},
    {.bitmap_index = 45491, .adv_w = 367, .box_w = 20, .box_h = 26, .ofs_x = 2, .ofs_y = 0},
    {.bitmap_index = 45635, .adv_w = 317, .box_w = 18, .box_h = 26, .ofs_x = 2, .ofs_y = 0},
    {.bitmap_index = 45666, .adv_w = 393, .box_w = 24, .box_h = 26, .ofs_x = 0, .ofs_y = 0},
    {.bitmap_index = 45860, .adv_w = 340, .box_w = 18, .box_h = 26, .ofs_x = 2, .ofs_y = 0},
    {.bitmap_index = 45911, .adv_w = 392, .box_w = 22, .box_h = 26, .ofs_x = 1, .ofs_y = 0},
    {.bitmap_index = 46062, .adv_w = 423, .box_w = 22, .box_h = 26, .ofs_x = 2, .ofs_y = 0},
    {.bitmap_index = 46102, .adv_w = 437, .box_w = 26, .box_h = 28, .ofs_x = 1, .ofs_y = -1},
    {.bitmap_index = 46340, .adv_w = 170, .box_w = 6, .box_h = 26, .ofs_x = 2, .ofs_y = 0},
    {.bitmap_index = 46349, .adv_w = 383, .box_w = 22, .box_h = 26, .ofs_x = 2, .ofs_y = 0},
    {.bitmap_index = 46517, .adv_w = 376, .box_w = 24, .box_h = 26, .ofs_x = 0, .ofs_y = 0},
    {.bitmap_index = 46719, .adv_w = 495, .box_w = 27, .box_h = 26, .ofs_x = 2, .ofs_y = 0},
    {.bitmap_index = 46909, .adv_w = 420, .box_w = 22, .box_h = 26, .ofs_x = 2, .ofs_y = 0},
    {.bitmap_index = 47037, .adv_w = 423, .box_w = 22, .box_h = 26, .ofs_x = 2, .ofs_y = 0},
    {.bitmap_index = 47092, .adv_w = 437, .box_w = 26, .box_h = 28, .ofs_x = 1, .ofs_y = -1},
    {.bitmap_index = 47326, .adv_w = 423, .box_w = 22, .box_h = 26, .ofs_x = 2, .ofs_y = 0},
    {.bitmap_index = 47360, .adv_w = 374, .box_w = 21, .box_h = 26, .ofs_x = 2, .ofs_y = 0},
    {.bitmap_index = 47468, .adv_w = 363, .box_w = 19, .box_h = 26, .ofs_x = 2, .ofs_y = 0},
    {.bitmap_index = 47586, .adv_w = 351, .box_w = 22, .box_h = 26, .ofs_x = 0, .ofs_y = 0},
    {.bitmap_index = 47626, .adv_w = 363, .box_w = 23, .box_h = 26, .ofs_x = 0, .ofs_y = 0},
    {.bitmap_index = 47761, .adv_w = 431, .box_w = 25, .box_h = 26, .ofs_x = 1, .ofs_y = 0},
    {.bitmap_index = 47949, .adv_w = 387, .box_w = 24, .box_h = 26, .ofs_x = 0, .ofs_y = 0},
    {.bitmap_index = 48159, .adv_w = 441, .box_w = 24, .box_h = 26, .ofs_x = 2, .ofs_y = 0},
    {.bitmap_index = 48265, .adv_w = 437, .box_w = 26, .box_h = 27, .ofs_x = 1, .ofs_y = 0},
    {.bitmap_index = 48475, .adv_w = 170, .box_w = 13, .box_h = 33, .ofs_x = -1, .ofs_y = 0},
    {.bitmap_index = 48516, .adv_w = 363, .box_w = 23, .box_h = 33, .ofs_x = 0, .ofs_y = 0},
    {.bitmap_index = 48679, .adv_w = 366, .box_w = 20, .box_h = 31, .ofs_x = 1, .ofs_y = -1},
    {.bitmap_index = 48862, .adv_w = 302, .box_w = 18, .box_h = 31, .ofs_x = 1, .ofs_y = -1},
    {.bitmap_index = 49043, .adv_w = 366, .box_w = 19, .box_h = 30, .ofs_x = 2, .ofs_y = 0},
    {.bitmap_index = 49166, .adv_w = 243, .box_w = 12, .box_h = 30, .ofs_x = 2, .ofs_y = -1},
    {.bitmap_index = 49242, .adv_w = 362, .box_w = 19, .box_h = 30, .ofs_x = 2, .ofs_y = -1},
    {.bitmap_index = 49389, .adv_w = 366, .box_w = 20, .box_h = 21, .ofs_x = 1, .ofs_y = -1},
    {.bitmap_index = 49526, .adv_w = 355, .box_w = 20, .box_h = 36, .ofs_x = 2, .ofs_y = -9},
    {.bitmap_index = 49718, .adv_w = 327, .box_w = 20, .box_h = 26, .ofs_x = 0, .ofs_y = -7},
    {.bitmap_index = 49868, .adv_w = 361, .box_w = 21, .box_h = 27, .ofs_x = 1, .ofs_y = -1},
    {.bitmap_index = 50055, .adv_w = 302, .box_w = 18, .box_h = 21, .ofs_x = 1, .ofs_y = -1},
    {.bitmap_index = 50190, .adv_w = 307, .box_w = 19, .box_h = 30, .ofs_x = 1, .ofs_y = -4},
    {.bitmap_index = 50354, .adv_w = 366, .box_w = 19, .box_h = 20, .ofs_x = 2, .ofs_y = 0},
    {.bitmap_index = 50430, .adv_w = 401, .box_w = 23, .box_h = 28, .ofs_x = 1, .ofs_y = -1},
    {.bitmap_index = 50641, .adv_w = 243, .box_w = 12, .box_h = 20, .ofs_x = 2, .ofs_y = -1},
    {.bitmap_index = 50681, .adv_w = 318, .box_w = 19, .box_h = 19, .ofs_x = 2, .ofs_y = 0},
    {.bitmap_index = 50795, .adv_w = 339, .box_w = 20, .box_h = 27, .ofs_x = 1, .ofs_y = 0},
    {.bitmap_index = 50976, .adv_w = 372, .box_w = 19, .box_h = 29, .ofs_x = 2, .ofs_y = -10},
    {.bitmap_index = 51056, .adv_w = 327, .box_w = 20, .box_h = 19, .ofs_x = 0, .ofs_y = 0},
    {.bitmap_index = 51190, .adv_w = 334, .box_w = 21, .box_h = 32, .ofs_x = 1, .ofs_y = -5},
    {.bitmap_index = 51398, .adv_w = 361, .box_w = 21, .box_h = 21, .ofs_x = 1, .ofs_y = -1},
    {.bitmap_index = 51552, .adv_w = 393, .box_w = 23, .box_h = 19, .ofs_x = 1, .ofs_y = 0},
    {.bitmap_index = 51591, .adv_w = 373, .box_w = 20, .box_h = 29, .ofs_x = 2, .ofs_y = -9},
    {.bitmap_index = 51752, .adv_w = 336, .box_w = 19, .box_h = 25, .ofs_x = 1, .ofs_y = -5},
    {.bitmap_index = 51904, .adv_w = 373, .box_w = 22, .box_h = 20, .ofs_x = 1, .ofs_y = -1},
    {.bitmap_index = 52052, .adv_w = 325, .box_w = 19, .box_h = 20, .ofs_x = 0, .ofs_y = -1},
    {.bitmap_index = 52118, .adv_w = 362, .box_w = 19, .box_h = 20, .ofs_x = 2, .ofs_y = -1},
    {.bitmap_index = 52202, .adv_w = 440, .box_w = 26, .box_h = 34, .ofs_x = 1, .ofs_y = -8},
    {.bitmap_index = 52414, .adv_w = 324, .box_w = 20, .box_h = 19, .ofs_x = 0, .ofs_y = 0},
    {.bitmap_index = 52550, .adv_w = 430, .box_w = 23, .box_h = 27, .ofs_x = 2, .ofs_y = -8},
    {.bitmap_index = 52651, .adv_w = 464, .box_w = 27, .box_h = 22, .ofs_x = 1, .ofs_y = -1},
    {.bitmap_index = 52851, .adv_w = 243, .box_w = 15, .box_h = 27, .ofs_x = -1, .ofs_y = -1},
    {.bitmap_index = 52923, .adv_w = 362, .box_w = 19, .box_h = 27, .ofs_x = 2, .ofs_y = -1},
    {.bitmap_index = 53032, .adv_w = 361, .box_w = 21, .box_h = 31, .ofs_x = 1, .ofs_y = -1},
    {.bitmap_index = 53232, .adv_w = 362, .box_w = 19, .box_h = 31, .ofs_x = 2, .ofs_y = -1},
    {.bitmap_index = 53363, .adv_w = 464, .box_w = 27, .box_h = 31, .ofs_x = 1, .ofs_y = -1},
    {.bitmap_index = 53608, .adv_w = 340, .box_w = 18, .box_h = 36, .ofs_x = 2, .ofs_y = 0},
    {.bitmap_index = 53705, .adv_w = 340, .box_w = 18, .box_h = 33, .ofs_x = 2, .ofs_y = 0},
    {.bitmap_index = 53780, .adv_w = 395, .box_w = 24, .box_h = 26, .ofs_x = 0, .ofs_y = 0},
    {.bitmap_index = 53927, .adv_w = 317, .box_w = 18, .box_h = 36, .ofs_x = 2, .ofs_y = 0},
    {.bitmap_index = 54005, .adv_w = 418, .box_w = 25, .box_h = 28, .ofs_x = 1, .ofs_y = -1},
    {.bitmap_index = 54219, .adv_w = 386, .box_w = 22, .box_h = 28, .ofs_x = 1, .ofs_y = -1},
    {.bitmap_index = 54434, .adv_w = 170, .box_w = 6, .box_h = 26, .ofs_x = 2, .ofs_y = 0},
    {.bitmap_index = 54443, .adv_w = 170, .box_w = 13, .box_h = 33, .ofs_x = -1, .ofs_y = 0},
    {.bitmap_index = 54484, .adv_w = 295, .box_w = 16, .box_h = 27, .ofs_x = 0, .ofs_y = -1},
    {.bitmap_index = 54550, .adv_w = 635, .box_w = 39, .box_h = 27, .ofs_x = 0, .ofs_y = -1},
    {.bitmap_index = 54780, .adv_w = 643, .box_w = 37, .box_h = 26, .ofs_x = 2, .ofs_y = 0},
    {.bitmap_index = 54910, .adv_w = 395, .box_w = 23, .box_h = 26, .ofs_x = 0, .ofs_y = 0},
    {.bitmap_index = 55009, .adv_w = 383, .box_w = 22, .box_h = 36, .ofs_x = 2, .ofs_y = 0},
    {.bitmap_index = 55224, .adv_w = 420, .box_w = 22, .box_h = 36, .ofs_x = 2, .ofs_y = 0},
    {.bitmap_index = 55402, .adv_w = 369, .box_w = 24, .box_h = 34, .ofs_x = 0, .ofs_y = 0},
    {.bitmap_index = 55650, .adv_w = 449, .box_w = 24, .box_h = 31, .ofs_x = 2, .ofs_y = -5},
    {.bitmap_index = 55711, .adv_w = 393, .box_w = 24, .box_h = 26, .ofs_x = 0, .ofs_y = 0},
    {.bitmap_index = 55906, .adv_w = 374, .box_w = 21, .box_h = 26, .ofs_x = 2, .ofs_y = 0},
    {.bitmap_index = 56018, .adv_w = 367, .box_w = 20, .box_h = 26, .ofs_x = 2, .ofs_y = 0},
    {.bitmap_index = 56162, .adv_w = 317, .box_w = 18, .box_h = 26, .ofs_x = 2, .ofs_y = 0},
    {.bitmap_index = 56193, .adv_w = 436, .box_w = 25, .box_h = 31, .ofs_x = 1, .ofs_y = -5},
    {.bitmap_index = 56344, .adv_w = 340, .box_w = 18, .box_h = 26, .ofs_x = 2, .ofs_y = 0},
    {.bitmap_index = 56395, .adv_w = 532, .box_w = 33, .box_h = 26, .ofs_x = 0, .ofs_y = 0},
    {.bitmap_index = 56666, .adv_w = 384, .box_w = 22, .box_h = 28, .ofs_x = 1, .ofs_y = -1},
    {.bitmap_index = 56865, .adv_w = 420, .box_w = 22, .box_h = 26, .ofs_x = 2, .ofs_y = 0},
    {.bitmap_index = 56996, .adv_w = 420, .box_w = 22, .box_h = 34, .ofs_x = 2, .ofs_y = 0},
    {.bitmap_index = 57178, .adv_w = 383, .box_w = 22, .box_h = 26, .ofs_x = 2, .ofs_y = 0},
    {.bitmap_index = 57346, .adv_w = 420, .box_w = 24, .box_h = 27, .ofs_x = 0, .ofs_y = -1},
    {.bitmap_index = 57488, .adv_w = 495, .box_w = 27, .box_h = 26, .ofs_x = 2, .ofs_y = 0},
    {.bitmap_index = 57678, .adv_w = 423, .box_w = 22, .box_h = 26, .ofs_x = 2, .ofs_y = 0},
    {.bitmap_index = 57718, .adv_w = 437, .box_w = 26, .box_h = 28, .ofs_x = 1, .ofs_y = -1},
    {.bitmap_index = 57952, .adv_w = 423, .box_w = 22, .box_h = 26, .ofs_x = 2, .ofs_y = 0},
    {.bitmap_index = 57986, .adv_w = 374, .box_w = 21, .box_h = 26, .ofs_x = 2, .ofs_y = 0},
    {.bitmap_index = 58094, .adv_w = 430, .box_w = 25, .box_h = 28, .ofs_x = 1, .ofs_y = -1},
    {.bitmap_index = 58309, .adv_w = 351, .box_w = 22, .box_h = 26, .ofs_x = 0, .ofs_y = 0},
    {.bitmap_index = 58349, .adv_w = 369, .box_w = 24, .box_h = 26, .ofs_x = 0, .ofs_y = 0},
    {.bitmap_index = 58543, .adv_w = 431, .box_w = 25, .box_h = 26, .ofs_x = 1, .ofs_y = 0},
    {.bitmap_index = 58731, .adv_w = 387, .box_w = 24, .box_h = 26, .ofs_x = 0, .ofs_y = 0},
    {.bitmap_index = 58941, .adv_w = 438, .box_w = 26, .box_h = 31, .ofs_x = 2, .ofs_y = -5},
    {.bitmap_index = 59007, .adv_w = 395, .box_w = 21, .box_h = 26, .ofs_x = 2, .ofs_y = 0},
    {.bitmap_index = 59097, .adv_w = 553, .box_w = 31, .box_h = 26, .ofs_x = 2, .ofs_y = 0},
    {.bitmap_index = 59157, .adv_w = 565, .box_w = 33, .box_h = 31, .ofs_x = 2, .ofs_y = -5},
    {.bitmap_index = 59234, .adv_w = 387, .box_w = 24, .box_h = 26, .ofs_x = 0, .ofs_y = 0},
    {.bitmap_index = 59349, .adv_w = 517, .box_w = 28, .box_h = 26, .ofs_x = 2, .ofs_y = 0},
    {.bitmap_index = 59472, .adv_w = 380, .box_w = 21, .box_h = 26, .ofs_x = 2, .ofs_y = 0},
    {.bitmap_index = 59581, .adv_w = 418, .box_w = 25, .box_h = 28, .ofs_x = 1, .ofs_y = -1},
    {.bitmap_index = 59793, .adv_w = 551, .box_w = 32, .box_h = 28, .ofs_x = 2, .ofs_y = -1},
    {.bitmap_index = 60052, .adv_w = 386, .box_w = 21, .box_h = 26, .ofs_x = 1, .ofs_y = 0},
    {.bitmap_index = 60204, .adv_w = 336, .box_w = 18, .box_h = 21, .ofs_x = 1, .ofs_y = -1},
    {.bitmap_index = 60344, .adv_w = 348, .box_w = 20, .box_h = 28, .ofs_x = 1, .ofs_y = -1},
    {.bitmap_index = 60547, .adv_w = 327, .box_w = 18, .box_h = 19, .ofs_x = 2, .ofs_y = 0},
    {.bitmap_index = 60650, .adv_w = 279, .box_w = 15, .box_h = 19, .ofs_x = 2, .ofs_y = 0},
    {.bitmap_index = 60674, .adv_w = 372, .box_w = 22, .box_h = 24, .ofs_x = 1, .ofs_y = -5},
    {.bitmap_index = 60782, .adv_w = 350, .box_w = 20, .box_h = 21, .ofs_x = 1, .ofs_y = -1},
    {.bitmap_index = 60931, .adv_w = 454, .box_w = 29, .box_h = 19, .ofs_x = 0, .ofs_y = 0},
    {.bitmap_index = 61120, .adv_w = 302, .box_w = 18, .box_h = 21, .ofs_x = 0, .ofs_y = -1},
    {.bitmap_index = 61253, .adv_w = 358, .box_w = 18, .box_h = 19, .ofs_x = 2, .ofs_y = 0},
    {.bitmap_index = 61344, .adv_w = 358, .box_w = 18, .box_h = 28, .ofs_x = 2, .ofs_y = 0},
    {.bitmap_index = 61485, .adv_w = 318, .box_w = 19, .box_h = 19, .ofs_x = 2, .ofs_y = 0},
    {.bitmap_index = 61599, .adv_w = 354, .box_w = 20, .box_h = 20, .ofs_x = 0, .ofs_y = -1},
    {.bitmap_index = 61705, .adv_w = 423, .box_w = 22, .box_h = 19, .ofs_x = 2, .ofs_y = 0},
    {.bitmap_index = 61826, .adv_w = 365, .box_w = 19, .box_h = 19, .ofs_x = 2, .ofs_y = 0},
    {.bitmap_index = 61859, .adv_w = 361, .box_w = 21, .box_h = 21, .ofs_x = 1, .ofs_y = -1},
    {.bitmap_index = 62013, .adv_w = 358, .box_w = 18, .box_h = 19, .ofs_x = 2, .ofs_y = 0},
    {.bitmap_index = 62040, .adv_w = 359, .box_w = 20, .box_h = 29, .ofs_x = 2, .ofs_y = -9},
    {.bitmap_index = 62185, .adv_w = 336, .box_w = 19, .box_h = 21, .ofs_x = 1, .ofs_y = -1},
    {.bitmap_index = 62323, .adv_w = 311, .box_w = 19, .box_h = 19, .ofs_x = 0, .ofs_y = 0},
    {.bitmap_index = 62355, .adv_w = 328, .box_w = 21, .box_h = 28, .ofs_x = 0, .ofs_y = -9},
    {.bitmap_index = 62544, .adv_w = 440, .box_w = 26, .box_h = 34, .ofs_x = 1, .ofs_y = -8},
    {.bitmap_index = 62750, .adv_w = 324, .box_w = 20, .box_h = 19, .ofs_x = 0, .ofs_y = 0},
    {.bitmap_index = 62886, .adv_w = 382, .box_w = 22, .box_h = 24, .ofs_x = 2, .ofs_y = -5},
    {.bitmap_index = 62933, .adv_w = 338, .box_w = 18, .box_h = 19, .ofs_x = 1, .ofs_y = 0},
    {.bitmap_index = 63001, .adv_w = 461, .box_w = 25, .box_h = 19, .ofs_x = 2, .ofs_y = 0},
    {.bitmap_index = 63044, .adv_w = 452, .box_w = 26, .box_h = 24, .ofs_x = 2, .ofs_y = -5},
    {.bitmap_index = 63103, .adv_w = 352, .box_w = 21, .box_h = 19, .ofs_x = 0, .ofs_y = 0},
    {.bitmap_index = 63191, .adv_w = 439, .box_w = 23, .box_h = 19, .ofs_x = 2, .ofs_y = 0},
    {.bitmap_index = 63284, .adv_w = 334, .box_w = 18, .box_h = 19, .ofs_x = 2, .ofs_y = 0},
    {.bitmap_index = 63363, .adv_w = 336, .box_w = 19, .box_h = 21, .ofs_x = 1, .ofs_y = -1},
    {.bitmap_index = 63506, .adv_w = 502, .box_w = 28, .box_h = 21, .ofs_x = 2, .ofs_y = -1},
    {.bitmap_index = 63691, .adv_w = 342, .box_w = 18, .box_h = 19, .ofs_x = 1, .ofs_y = 0},
    {.bitmap_index = 63793, .adv_w = 350, .box_w = 20, .box_h = 31, .ofs_x = 1, .ofs_y = -1},
    {.bitmap_index = 63988, .adv_w = 350, .box_w = 20, .box_h = 28, .ofs_x = 1, .ofs_y = -1},
    {.bitmap_index = 64161, .adv_w = 366, .box_w = 21, .box_h = 35, .ofs_x = 0, .ofs_y = -9},
    {.bitmap_index = 64303, .adv_w = 279, .box_w = 15, .box_h = 30, .ofs_x = 2, .ofs_y = 0},
    {.bitmap_index = 64368, .adv_w = 336, .box_w = 19, .box_h = 21, .ofs_x = 1, .ofs_y = -1},
    {.bitmap_index = 64505, .adv_w = 315, .box_w = 18, .box_h = 21, .ofs_x = 1, .ofs_y = -1},
    {.bitmap_index = 64655, .adv_w = 170, .box_w = 6, .box_h = 27, .ofs_x = 2, .ofs_y = 0},
    {.bitmap_index = 64677, .adv_w = 170, .box_w = 13, .box_h = 27, .ofs_x = -1, .ofs_y = 0},
    {.bitmap_index = 64715, .adv_w = 173, .box_w = 10, .box_h = 35, .ofs_x = -1, .ofs_y = -9},
    {.bitmap_index = 64765, .adv_w = 497, .box_w = 30, .box_h = 20, .ofs_x = 0, .ofs_y = -1},
    {.bitmap_index = 64926, .adv_w = 487, .box_w = 27, .box_h = 19, .ofs_x = 2, .ofs_y = 0},
    {.bitmap_index = 65025, .adv_w = 366, .box_w = 21, .box_h = 26, .ofs_x = 0, .ofs_y = 0},
    {.bitmap_index = 65132, .adv_w = 318, .box_w = 19, .box_h = 30, .ofs_x = 2, .ofs_y = 0},
    {.bitmap_index = 65293, .adv_w = 358, .box_w = 18, .box_h = 30, .ofs_x = 2, .ofs_y = 0},
    {.bitmap_index = 65432, .adv_w = 328, .box_w = 21, .box_h = 36, .ofs_x = 0, .ofs_y = -9},
    {.bitmap_index = 65671, .adv_w = 358, .box_w = 18, .box_h = 24, .ofs_x = 2, .ofs_y = -5},
    {.bitmap_index = 65714, .adv_w = 323, .box_w = 18, .box_h = 31, .ofs_x = 2, .ofs_y = 0},
    {.bitmap_index = 65758, .adv_w = 279, .box_w = 15, .box_h = 24, .ofs_x = 2, .ofs_y = 0},
    {.bitmap_index = 65789, .adv_w = 363, .box_w = 23, .box_h = 26, .ofs_x = 0, .ofs_y = 0},
    {.bitmap_index = 65924, .adv_w = 327, .box_w = 20, .box_h = 26, .ofs_x = 0, .ofs_y = -7},
    {.bitmap_index = 66074, .adv_w = 395, .box_w = 21, .box_h = 26, .ofs_x = 2, .ofs_y = 0},
    {.bitmap_index = 66160, .adv_w = 338, .box_w = 18, .box_h = 19, .ofs_x = 2, .ofs_y = 0},
    {.bitmap_index = 66225, .adv_w = 448, .box_w = 26, .box_h = 28, .ofs_x = 1, .ofs_y = -1},
    {.bitmap_index = 66454, .adv_w = 361, .box_w = 21, .box_h = 21, .ofs_x = 1, .ofs_y = -1},
    {.bitmap_index = 66601, .adv_w = 311, .box_w = 16, .box_h = 4, .ofs_x = 2, .ofs_y = 9},
    {.bitmap_index = 66613, .adv_w = 449, .box_w = 24, .box_h = 4, .ofs_x = 2, .ofs_y = 9},
    {.bitmap_index = 66625, .adv_w = 176, .box_w = 6, .box_h = 11, .ofs_x = 2, .ofs_y = 15},
    {.bitmap_index = 66650, .adv_w = 176, .box_w = 6, .box_h = 11, .ofs_x = 3, .ofs_y = 15},
    {.bitmap_index = 66677, .adv_w = 275, .box_w = 13, .box_h = 11, .ofs_x = 2, .ofs_y = 16},
    {.bitmap_index = 66726, .adv_w = 275, .box_w = 13, .box_h = 11, .ofs_x = 2, .ofs_y = 15},
    {.bitmap_index = 66778, .adv_w = 415, .box_w = 12, .box_h = 11, .ofs_x = 7, .ofs_y = 6},
    {.bitmap_index = 66825, .adv_w = 424, .box_w = 22, .box_h = 5, .ofs_x = 2, .ofs_y = 0},
    {.bitmap_index = 66846, .adv_w = 311, .box_w = 16, .box_h = 4, .ofs_x = 2, .ofs_y = 11}
};

/*---------------------
 *  CHARACTER MAPPING
 *--------------------*/

static const uint8_t glyph_id_ofs_list_3[] = {
    0, 1, 2, 3, 0, 0, 4, 5,
    6, 7, 0, 8, 9, 10, 11, 12,
    13, 0, 0, 14, 15, 16, 17, 18,
    19, 20, 21, 0, 22, 23, 24, 25
};

static const uint16_t unicode_list_5[] = {
    0x0, 0x1, 0xa, 0x10, 0x11, 0x12, 0x13, 0x14,
    0x15, 0x16, 0x18
};

static const uint16_t unicode_list_9[] = {
    0x0, 0x1, 0x1e, 0x1f, 0x2a, 0x2b, 0x58, 0x59,
    0x1b83, 0x1b84, 0x1b88, 0x1b89, 0x1b8c, 0x1b8d, 0x1b92, 0x1b96,
    0x1d82
};

/*Collect the unicode lists and glyph_id offsets*/
static const lv_font_fmt_txt_cmap_t cmaps[] =
{
    {
        .range_start = 32, .range_length = 95, .glyph_id_start = 1,
        .unicode_list = NULL, .glyph_id_ofs_list = NULL, .list_length = 0, .type = LV_FONT_FMT_TXT_CMAP_FORMAT0_TINY
    },
    {
        .range_start = 160, .range_length = 116, .glyph_id_start = 96,
        .unicode_list = NULL, .glyph_id_ofs_list = NULL, .list_length = 0, .type = LV_FONT_FMT_TXT_CMAP_FORMAT0_TINY
    },
    {
        .range_start = 278, .range_length = 22, .glyph_id_start = 212,
        .unicode_list = NULL, .glyph_id_ofs_list = NULL, .list_length = 0, .type = LV_FONT_FMT_TXT_CMAP_FORMAT0_TINY
    },
    {
        .range_start = 302, .range_length = 32, .glyph_id_start = 234,
        .unicode_list = NULL, .glyph_id_ofs_list = glyph_id_ofs_list_3, .list_length = 32, .type = LV_FONT_FMT_TXT_CMAP_FORMAT0_FULL
    },
    {
        .range_start = 336, .range_length = 47, .glyph_id_start = 260,
        .unicode_list = NULL, .glyph_id_ofs_list = NULL, .list_length = 0, .type = LV_FONT_FMT_TXT_CMAP_FORMAT0_TINY
    },
    {
        .range_start = 884, .range_length = 25, .glyph_id_start = 307,
        .unicode_list = unicode_list_5, .glyph_id_ofs_list = NULL, .list_length = 11, .type = LV_FONT_FMT_TXT_CMAP_SPARSE_TINY
    },
    {
        .range_start = 910, .range_length = 20, .glyph_id_start = 318,
        .unicode_list = NULL, .glyph_id_ofs_list = NULL, .list_length = 0, .type = LV_FONT_FMT_TXT_CMAP_FORMAT0_TINY
    },
    {
        .range_start = 931, .range_length = 44, .glyph_id_start = 338,
        .unicode_list = NULL, .glyph_id_ofs_list = NULL, .list_length = 0, .type = LV_FONT_FMT_TXT_CMAP_FORMAT0_TINY
    },
    {
        .range_start = 1024, .range_length = 96, .glyph_id_start = 382,
        .unicode_list = NULL, .glyph_id_ofs_list = NULL, .list_length = 0, .type = LV_FONT_FMT_TXT_CMAP_FORMAT0_TINY
    },
    {
        .range_start = 1168, .range_length = 7555, .glyph_id_start = 478,
        .unicode_list = unicode_list_9, .glyph_id_ofs_list = NULL, .list_length = 17, .type = LV_FONT_FMT_TXT_CMAP_SPARSE_TINY
    }
};

/*-----------------
 *    KERNING
 *----------------*/


/*Map glyph_ids to kern left classes*/
static const uint8_t kern_left_class_mapping[] =
{
    0, 0, 0, 1, 0, 2, 0, 0,
    3, 4, 0, 0, 0, 5, 6, 7,
    8, 0, 9, 10, 0, 11, 12, 13,
    14, 0, 0, 15, 0, 0, 0, 0,
    0, 0, 16, 17, 18, 19, 20, 21,
    22, 0, 23, 24, 25, 26, 0, 0,
    27, 28, 29, 30, 31, 32, 33, 34,
    34, 35, 36, 37, 4, 0, 0, 0,
    0, 0, 38, 39, 40, 23, 41, 42,
    43, 44, 45, 0, 46, 45, 47, 47,
    48, 48, 23, 49, 50, 51, 23, 52,
    52, 53, 54, 55, 4, 0, 0, 0,
    0, 0, 56, 0, 57, 58, 0, 0,
    0, 0, 0, 0, 0, 0, 0, 0,
    0, 0, 0, 0, 0, 0, 0, 0,
    0, 0, 0, 0, 0, 0, 0, 0,
    16, 16, 16, 16, 16, 16, 20, 18,
    20, 20, 20, 20, 0, 0, 0, 0,
    19, 0, 27, 27, 27, 27, 27, 0,
    27, 33, 33, 33, 33, 36, 59, 60,
    38, 38, 38, 38, 38, 38, 41, 40,
    41, 41, 41, 41, 45, 45, 45, 45,
    60, 0, 48, 48, 48, 48, 48, 0,
    48, 23, 23, 23, 23, 54, 61, 54,
    16, 38, 16, 38, 16, 38, 18, 40,
    18, 40, 18, 40, 18, 40, 19, 62,
    19, 0, 20, 41, 20, 41, 0, 41,
    20, 41, 22, 43, 22, 43, 22, 43,
    22, 43, 0, 44, 0, 44, 0, 45,
    0, 45, 0, 45, 0, 45, 24, 0,
    25, 46, 26, 0, 0, 0, 26, 62,
    26, 53, 0, 0, 0, 0, 0, 0,
    0, 0, 27, 48, 27, 48, 20, 41,
    0, 49, 30, 49, 30, 49, 0, 50,
    31, 50, 31, 50, 31, 50, 32, 51,
    32, 62, 35, 51, 33, 23, 33, 23,
    33, 23, 33, 23, 33, 23, 33, 23,
    34, 52, 36, 54, 36, 37, 55, 37,
    55, 37, 55, 62, 62, 0, 0, 0,
    16, 0, 20, 0, 0, 27, 36, 27,
    63, 16, 17, 32, 16, 0, 37, 0,
    27, 23, 25, 16, 0, 0, 0, 27,
    0, 0, 0, 32, 36, 27, 35, 0,
    27, 0, 36, 23, 53, 47, 63, 47,
    23, 0, 52, 48, 48, 53, 47, 27,
    63, 46, 64, 23, 52, 65, 48, 42,
    48, 40, 66, 51, 47, 48, 53, 44,
    48, 63, 47, 48, 47, 48, 20, 20,
    60, 0, 18, 0, 23, 0, 0, 67,
    67, 17, 0, 0, 0, 0, 16, 59,
    17, 32, 0, 20, 25, 17, 0, 0,
    25, 0, 0, 0, 27, 0, 59, 18,
    32, 36, 27, 35, 0, 0, 0, 0,
    17, 0, 17, 27, 27, 0, 38, 48,
    0, 49, 23, 41, 53, 0, 23, 23,
    46, 23, 23, 23, 48, 23, 61, 40,
    49, 54, 48, 53, 0, 23, 23, 0,
    60, 23, 60, 48, 48, 23, 41, 41,
    44, 0, 40, 0, 45, 45, 0, 60,
    60, 44, 0, 23, 54, 0, 32, 49,
    36, 52, 17, 0, 27, 48, 0, 0,
    0, 68, 69, 70, 0, 0, 0
};

/*Map glyph_ids to kern right classes*/
static const uint8_t kern_right_class_mapping[] =
{
    0, 1, 0, 2, 0, 3, 0, 0,
    4, 5, 6, 0, 0, 7, 8, 7,
    9, 0, 10, 11, 12, 13, 0, 0,
    0, 0, 14, 15, 16, 0, 0, 0,
    0, 0, 17, 0, 18, 0, 0, 0,
    19, 0, 20, 21, 0, 0, 0, 0,
    19, 0, 22, 0, 23, 24, 25, 26,
    26, 27, 28, 29, 5, 0, 6, 0,
    0, 0, 30, 20, 31, 31, 31, 32,
    33, 34, 35, 0, 34, 35, 36, 36,
    31, 36, 37, 38, 39, 40, 41, 42,
    42, 43, 44, 45, 5, 0, 6, 0,
    1, 0, 46, 0, 47, 48, 0, 0,
    0, 0, 0, 0, 0, 0, 0, 0,
    0, 0, 0, 0, 0, 0, 0, 0,
    0, 0, 0, 0, 0, 0, 0, 0,
    17, 17, 17, 17, 17, 17, 17, 19,
    0, 0, 0, 0, 0, 0, 0, 0,
    0, 49, 19, 19, 19, 19, 19, 0,
    19, 25, 25, 25, 25, 28, 0, 0,
    30, 30, 30, 30, 30, 30, 30, 31,
    50, 50, 50, 50, 35, 35, 35, 35,
    51, 20, 31, 31, 31, 31, 31, 0,
    31, 41, 41, 41, 41, 44, 52, 44,
    17, 30, 17, 30, 17, 30, 19, 31,
    18, 31, 19, 31, 19, 31, 0, 51,
    0, 51, 0, 50, 0, 50, 0, 50,
    0, 50, 19, 33, 19, 33, 53, 33,
    53, 33, 0, 34, 0, 34, 0, 35,
    0, 35, 0, 35, 0, 35, 21, 0,
    0, 34, 0, 54, 0, 54, 0, 54,
    0, 31, 49, 20, 49, 20, 49, 20,
    49, 20, 19, 31, 19, 31, 19, 31,
    0, 38, 0, 38, 0, 38, 0, 39,
    23, 39, 23, 39, 23, 39, 24, 40,
    24, 40, 27, 40, 25, 41, 25, 41,
    25, 41, 25, 41, 25, 41, 25, 41,
    26, 42, 28, 44, 28, 29, 45, 29,
    45, 29, 45, 55, 55, 0, 0, 0,
    17, 0, 0, 0, 0, 19, 28, 19,
    41, 17, 0, 0, 17, 0, 29, 0,
    19, 20, 0, 17, 0, 0, 0, 19,
    0, 0, 0, 24, 28, 19, 27, 0,
    19, 0, 28, 31, 56, 36, 41, 41,
    31, 0, 42, 31, 56, 31, 36, 19,
    41, 34, 57, 52, 42, 58, 31, 32,
    59, 31, 31, 60, 41, 31, 43, 41,
    31, 41, 41, 31, 41, 31, 0, 0,
    24, 0, 18, 0, 20, 0, 0, 27,
    0, 26, 0, 0, 0, 0, 17, 49,
    0, 0, 17, 0, 27, 19, 49, 49,
    0, 17, 0, 0, 19, 0, 0, 19,
    24, 27, 19, 27, 0, 0, 0, 0,
    24, 0, 0, 27, 0, 49, 30, 61,
    20, 38, 31, 50, 43, 43, 20, 20,
    34, 31, 36, 20, 31, 20, 52, 31,
    60, 44, 31, 43, 20, 20, 20, 20,
    0, 20, 20, 31, 20, 30, 50, 50,
    34, 0, 58, 0, 35, 35, 0, 20,
    20, 34, 0, 20, 44, 0, 0, 38,
    28, 42, 0, 20, 19, 31, 0, 0,
    0, 62, 63, 64, 0, 0, 0
};

/*Kern values between classes*/
static const int8_t kern_class_values[] =
{
    0, 0, 0, 0, 0, 0, -114, 0,
    0, 0, 0, 0, 0, 0, 0, 0,
    0, 0, 0, 0, 0, 0, 0, 0,
    0, 0, 0, 0, 0, 0, -16, 0,
    -16, 0, 0, 0, -16, 0, -16, 0,
    0, 0, 0, 0, 0, -16, 0, 0,
    0, 0, -16, 0, 0, 0, 0, 0,
    0, -16, 0, 0, 0, 0, 0, 0,
    0, 0, 8, 0, 0, -33, -14, 0,
    0, 0, 0, 0, 0, 0, 0, 0,
    0, 0, 0, 0, 0, 0, 0, 0,
    0, 0, 0, 0, 0, 0, 0, 0,
    0, 0, 0, 0, 0, 0, 0, 0,
    0, 0, 0, 0, 0, 0, 0, -16,
    0, 0, 0, 0, 0, 0, 0, 0,
    0, 0, 0, 0, 0, 0, 0, 0,
    0, 0, -33, 5, 0, 0, 0, 0,
    0, 0, 0, 0, -65, 0, 0, 0,
    0, 0, 0, 0, 0, 0, 0, 0,
    0, 0, 0, 0, 0, 0, 0, 0,
    0, 0, 0, 0, 0, 0, 0, 0,
    0, 0, 0, 0, 0, -16, 0, 0,
    0, 0, 0, 0, 0, 0, 0, 0,
    0, 0, 0, 0, 0, 5, 0, 0,
    0, 0, 0, 0, 0, 0, 0, 0,
    0, 0, 0, 0, 0, 0, 0, 0,
    0, 0, 0, 0, 0, 0, 0, 0,
    0, 0, 0, 0, 0, 0, 0, 0,
    0, 0, 0, 0, 0, 0, 0, 0,
    0, 0, 0, 0, 0, 0, -27, 0,
    0, 0, 0, 0, 0, 0, 0, 0,
    0, 0, 0, 0, 0, 0, 0, 0,
    0, 0, 0, 0, 0, 0, 0, 0,
    0, -65, 0, 0, 0, 0, 0, 0,
    0, 0, 0, 0, 0, 0, 0, 0,
    0, 0, 0, 0, 0, 0, 0, 0,
    0, 0, 0, 0, 0, 0, 0, 0,
    0, 0, 0, 0, 0, 0, 0, 0,
    0, 0, 0, 0, 0, 0, 0, 0,
    0, 0, 0, 0, 0, 0, 0, 0,
    0, 0, 0, 0, 0, 0, 0, 0,
    0, 0, 0, -22, -11, 0, 0, 0,
    -11, 0, 0, 0, -16, 0, 0, -43,
    0, -24, -27, -43, 0, 0, 0, 0,
    0, 0, 0, 0, 0, 0, 0, 0,
    0, 0, -11, 0, 0, 0, 0, -43,
    0, 0, 0, 0, 0, 0, 0, 0,
    0, 0, 0, 0, 0, 0, 0, 0,
    0, 0, 0, 0, 0, 0, 0, 0,
    0, -65, 0, 0, 0, 0, 0, 0,
    0, 0, 0, 0, 0, 0, 0, 0,
    0, 0, 0, 0, 0, 0, 0, 0,
    0, 0, 0, 0, 0, 0, 0, 0,
    0, 0, 0, 0, 0, 0, 0, 0,
    0, 0, 0, 0, 0, 0, 0, 0,
    0, 0, 0, 0, 0, 0, 0, -65,
    0, 0, 0, 0, 0, 0, 0, 0,
    -76, 0, 0, 0, 0, 0, 0, 0,
    0, 0, 0, 0, 0, 0, 0, 0,
    0, 0, 0, 0, 0, -16, -27, 0,
    0, 0, 0, -16, 0, 0, -16, 0,
    0, 0, -11, 0, 0, 0, 0, 0,
    0, 0, 0, 0, 0, 0, 0, 0,
    0, 0, 0, 0, 0, 0, 0, 0,
    0, 0, 0, 0, 0, 0, -22, 0,
    0, 0, 0, 0, 0, 0, 0, 0,
    0, 0, 0, 0, 0, 0, 0, 0,
    0, 0, 0, 0, 0, 0, 0, 0,
    0, 0, 0, 0, 0, 0, 0, 0,
    0, 0, 0, 0, 0, 0, 0, 0,
    0, 0, 0, 0, 0, 0, 0, 0,
    0, 0, 0, 0, 0, 0, 0, 0,
    0, 0, 0, 0, 0, 0, 0, 0,
    0, 0, 0, 0, -11, 0, 0, 0,
    -11, 0, 0, 0, 0, 0, 0, 0,
    0, 0, 0, 0, 0, 0, 0, 0,
    0, 0, 0, 0, 0, 0, 0, 0,
    0, 0, 0, 0, 0, 0, 0, 0,
    0, 0, 0, 0, 0, 0, 0, 0,
    0, 0, 0, 0, 0, 0, 0, 0,
    0, -16, 0, -16, 0, -22, -11, 0,
    0, 0, 0, 0, -11, -16, 0, 0,
    0, 0, 0, 0, 0, 0, 0, 0,
    0, 0, 0, 0, 0, 0, 0, 0,
    0, 0, 0, 0, 0, 0, 0, 0,
    0, 0, 0, 0, 0, 0, 0, -43,
    0, 0, 0, 0, 0, 0, 0, 0,
    0, 0, 0, 0, 0, -11, -16, -16,
    0, 0, 0, 0, 0, 0, 0, 0,
    0, 0, -14, 0, 0, 0, 0, 0,
    0, 0, 0, 0, 0, 0, 0, 0,
    0, 0, 0, 0, 0, 0, 0, 0,
    0, 0, 0, 0, 0, 0, 0, 0,
    0, 0, 0, 0, 0, 0, 0, 0,
    0, 0, 0, 0, 0, 0, 0, 0,
    0, 0, 0, 0, 0, 0, 0, 0,
    0, 0, 0, 0, 0, 0, 0, 0,
    0, -8, 0, 0, 0, -16, 0, 0,
    0, 0, 0, 0, 0, 0, 0, 0,
    0, 0, 0, 0, 0, 0, 0, 0,
    0, 0, 0, 0, 0, 0, 0, 0,
    0, 0, 0, 0, 0, 0, 0, 0,
    0, 0, 0, 0, 0, 0, 0, 0,
    0, 0, 0, 0, 0, 0, 0, 0,
    0, 0, 0, 0, 0, 0, 0, 0,
    0, 0, 0, 0, -22, 0, 0, 0,
    -22, 0, 0, 0, 0, 0, 0, 0,
    0, 0, 0, 0, 0, 0, 0, 0,
    0, 0, 0, 0, 0, 0, 0, 0,
    0, 0, 0, 0, 0, 0, 0, 0,
    0, 0, 0, 0, 0, 0, 0, 0,
    0, 0, 0, 0, 0, 0, 0, 0,
    0, 0, 0, 0, 0, 0, 0, 0,
    -43, 0, 0, 0, 0, 0, 0, 0,
    0, 0, 0, 0, 0, 0, 0, 0,
    0, 0, 0, 0, 0, 0, 0, 0,
    0, 0, 0, 0, 0, 0, 0, 0,
    0, 0, 0, 0, 0, 0, 0, 0,
    0, 0, 0, 0, 0, 0, 0, 0,
    0, 0, 0, 0, 0, 0, 0, 0,
    0, -54, -11, -54, 0, 0, 0, -22,
    0, 0, 0, 0, 16, 0, 0, 0,
    16, -11, -11, 0, 0, -11, -11, -33,
    -11, -38, 0, -33, 0, 0, 0, -14,
    0, 0, 0, 0, 0, 0, 0, -11,
    0, -22, 0, -27, 0, 0, -11, -33,
    0, 0, 0, 0, -11, 0, -54, 0,
    0, 0, 0, 0, 0, -43, -65, -43,
    0, 0, 0, 0, 0, 0, -16, 0,
    0, 0, 0, 0, 0, 0, 0, 0,
    0, 0, 0, 0, 0, 0, 0, -11,
    0, -16, -16, -16, 0, 0, 0, 0,
    0, 0, 0, 0, 0, 0, 0, 0,
    0, 0, 0, 0, 0, 0, 0, -16,
    0, 0, 0, 0, 0, 0, 0, 0,
    0, 0, 0, 0, 0, 0, 0, 0,
    0, 0, 16, 0, 0, -33, -27, 0,
    0, 0, 0, 0, -11, 0, 0, 0,
    -11, 0, 0, 0, 0, 0, 16, 0,
    0, -11, -16, -16, 0, 0, 0, 0,
    0, 0, 0, 0, 0, 0, 0, 0,
    0, 0, 0, 0, 0, 0, 0, -16,
    0, 0, 0, 0, 0, 0, 0, 0,
    0, 0, 0, 0, 0, 0, 0, 0,
    0, 0, 0, 0, 0, -33, -27, 0,
    0, 0, 0, 0, -11, 0, 0, 0,
    -11, 0, 0, 0, 0, 0, 0, -11,
    0, -16, -16, -16, -14, 0, 0, 0,
    0, 0, 0, 0, 0, 0, 0, 0,
    0, 0, 0, 0, 0, 0, 0, -16,
    0, 0, 0, 0, 0, 0, 0, 0,
    0, 0, 0, 0, 0, 0, 0, 0,
    0, 0, 0, 0, 0, 0, 0, 0,
    0, 0, 0, 0, 0, 0, 0, 0,
    0, -14, -16, 0, 0, -16, 0, 0,
    0, 0, 0, 0, 0, 0, 0, 0,
    0, 0, 0, 0, 0, 0, 0, 0,
    0, 0, 0, 0, 0, 0, -16, 0,
    0, 0, 0, 0, 0, 0, 0, 0,
    0, 0, 0, 0, 0, 0, 0, 0,
    0, 0, 0, 0, 0, 0, -62, 0,
    0, 0, 0, 0, -5, 0, 0, 0,
    -5, 0, 0, 0, -27, 0, 0, 0,
    0, 0, 0, 0, 0, -11, -8, 0,
    0, 0, 0, 0, -11, 0, 0, 0,
    0, 0, 0, 0, 0, -11, 0, 0,
    0, -11, 0, 0, 0, 0, 0, 0,
    0, -11, 0, 0, 0, 0, 0, 0,
    0, 0, 0, 0, 0, 0, -27, 0,
    0, 0, 0, 0, -11, 0, 0, 0,
    -11, 0, 0, 0, 0, 0, 0, -11,
    0, -16, -16, -16, 0, 0, 0, 0,
    0, 0, 0, 0, 0, 0, 0, 0,
    0, 0, 0, 0, 0, 0, 0, -16,
    0, 0, 0, 0, 0, 0, 0, 0,
    0, 0, 0, 0, 0, 0, 0, 0,
    0, 0, 0, 0, 0, 0, 0, 0,
    0, 0, 0, 0, 0, 0, 0, 0,
    0, 0, 0, 0, 0, 0, 0, 0,
    0, 0, 0, -22, 0, 0, 0, 0,
    0, 0, 0, 0, 0, 0, 0, 0,
    0, 0, 0, 0, 0, 0, 0, -22,
    0, 0, 0, 0, 0, 0, 0, 0,
    0, 0, 0, 0, 0, 0, 0, 0,
    0, 0, 0, 0, 0, 0, -27, 0,
    0, 0, 0, 0, -11, 0, 0, 0,
    -11, 0, 0, 0, 0, 0, 0, 0,
    0, 0, 0, 0, 0, 0, 0, 0,
    0, 0, 0, 0, 0, 0, 0, 0,
    0, 0, 0, 0, 0, 0, 0, 0,
    0, 0, 0, 0, 0, 0, 0, 0,
    0, 0, 0, 0, 0, 0, 0, 0,
    -11, 0, -16, 0, 0, 0, 0, -27,
    0, 0, 0, 0, 0, 0, 0, 0,
    0, -16, -22, 0, 0, -16, -16, 0,
    0, 0, 0, 0, 0, 0, -22, 0,
    -16, 0, 0, 0, -19, 0, -11, -17,
    -19, 0, 0, -24, 0, -19, -22, 0,
    0, -16, -19, 0, -16, 0, 0, 0,
    0, -19, 0, 0, 0, 0, -11, 0,
    -27, -65, 0, -65, 0, -16, 0, -43,
    0, 0, 0, 0, 0, 0, 0, 0,
    0, 0, -11, 0, 0, -11, 0, -54,
    0, -43, 0, -54, 0, 0, 0, -11,
    0, 0, 0, 0, 0, 0, 0, -14,
    0, -19, 0, -27, 0, 0, -11, -54,
    0, 0, 0, 0, 0, 0, -65, 0,
    0, 0, 0, 0, 0, -65, -65, -65,
    0, 0, 0, 0, 0, -33, -27, 0,
    0, 0, 0, 0, -11, 0, 0, 0,
    -11, 0, 0, 0, 0, 0, 0, -11,
    0, -16, -27, -16, 0, 0, 0, 0,
    0, 0, 0, 0, 0, 0, 0, 0,
    0, 0, -11, 0, 0, 0, 0, -16,
    0, 0, 0, 0, 0, 0, 0, 0,
    0, 0, 0, 0, 0, 0, 0, 0,
    0, 0, 0, 0, 0, -33, -87, 0,
    0, 0, 0, 0, -27, 0, 0, 0,
    -27, 0, 0, 0, -27, 0, 0, 0,
    0, 0, -16, 0, 0, -5, -5, 22,
    0, 0, 0, 0, 0, 0, 0, 0,
    0, 0, 0, 0, 0, 0, 0, 0,
    0, 0, 0, 0, 0, 0, 0, 0,
    0, 0, 0, 0, 0, 0, 0, 0,
    0, 0, 0, 0, 0, -33, -16, 0,
    0, 0, 0, 0, -11, 0, 0, 0,
    -11, 0, 0, 0, 0, 0, 0, -11,
    0, -16, -16, -16, 0, 0, 0, 0,
    0, 0, 0, 0, 0, 0, 0, 0,
    0, 0, -11, 0, 0, 0, 0, -16,
    0, 0, 0, 0, 0, 0, 0, 0,
    0, 0, 0, 0, 0, 0, 0, 0,
    0, 0, 0, 0, 0, 0, 0, 0,
    0, 0, 0, 0, 0, 0, 0, 0,
    0, -16, 0, 0, 0, 0, 0, 0,
    0, 0, 0, -8, 0, 0, 0, 0,
    0, 0, 0, 0, 0, 0, 0, 0,
    0, 0, 0, 0, 0, 0, 0, -8,
    16, 0, 0, 0, 0, 0, 0, 0,
    0, 0, 0, 0, 0, 0, 0, 0,
    0, 0, 8, 0, 0, -33, -14, 0,
    0, 0, 0, 0, 0, 0, 0, 0,
    0, 0, 0, 0, 0, 0, 8, 0,
    0, -11, -16, -16, 0, 0, 0, 0,
    0, 0, 0, 0, 0, 0, 0, 0,
    0, 0, 0, -5, 0, 0, 0, -16,
    0, 0, 0, 0, 0, 0, 0, 0,
    0, 0, 0, 0, 0, 0, 0, 0,
    -16, 0, 0, 0, 0, 0, -54, -54,
    0, 0, 0, 0, -11, 0, -54, -49,
    -11, 0, 0, 0, -43, 0, 0, 33,
    0, 0, 0, 16, 0, -38, -43, 0,
    -43, 0, 0, -27, -43, -27, -33, 0,
    -27, -33, -38, -38, -33, -38, 0, 16,
    0, -38, -38, -27, 0, 0, 0, -43,
    0, -38, 0, -16, 0, 0, 0, 22,
    0, 0, -16, 0, 0, 0, -11, 0,
    0, 0, 0, 0, -16, 0, 0, 0,
    -16, 0, 0, 0, 0, 0, -16, 0,
    0, 0, 0, 0, 0, 0, 0, 0,
    0, 0, 0, 0, 0, 0, 0, 0,
    0, 0, 0, 0, 0, 0, 0, 0,
    0, 0, 0, 0, 0, 0, 0, 0,
    0, 0, 0, 0, 0, 0, 0, 0,
    0, 0, -11, 0, 0, 0, -33, -24,
    0, 0, 0, 0, -38, 0, -27, -27,
    -38, -11, -11, 0, -16, -11, -11, 0,
    0, 0, 0, 0, 0, -24, -33, 0,
    -24, 0, -11, -16, -24, 0, -16, 0,
    -16, -16, -16, 0, -11, -24, -11, 0,
    0, -24, 0, -16, -11, 0, 0, 0,
    0, -24, 0, 0, 0, 0, 0, 0,
    0, 0, -11, 0, 0, 0, 0, -16,
    22, 0, 0, 0, 0, 0, 0, 0,
    0, -16, -16, 0, 0, -16, -11, 22,
    0, 0, 0, 0, 0, 0, -11, 0,
    0, 0, 0, 0, 0, 0, 0, 0,
    0, 0, 0, 0, 0, 0, -16, 0,
    0, 0, 0, 0, -16, 0, 0, 0,
    0, 0, 0, 0, 0, 0, 0, 0,
    -22, 0, -16, 0, 0, 0, -76, -54,
    0, 0, 0, 0, -38, 0, -19, -43,
    -38, -22, -22, -27, -43, -22, -16, 16,
    0, 0, -11, 17, 0, -43, -43, 0,
    -43, 0, 0, -27, -43, -22, -43, 0,
    -22, -19, -16, -19, -19, -43, -22, 17,
    0, -43, 0, -22, -22, 0, 0, 0,
    0, -43, 0, 0, -22, 0, 0, 0,
    0, 0, 0, 0, 0, 0, 0, 0,
    0, 0, 0, 0, 0, 0, 0, 0,
    0, 0, 0, 0, 0, 0, 0, 22,
    0, 0, 0, 0, 0, 0, 0, 0,
    0, 0, 0, 0, 0, 0, 0, 0,
    0, -33, 0, 0, 0, 0, 0, 0,
    0, 0, 0, 0, 0, 0, 0, 0,
    0, 0, 0, 0, 0, 0, 0, 0,
    0, -11, 0, -11, 0, -11, 0, 0,
    0, 0, 0, 0, 0, 0, 0, 0,
    0, 0, 0, 0, 0, 0, 0, -33,
    0, -16, 0, -33, 0, 0, 0, 0,
    0, 0, 0, 0, 0, 0, 0, 0,
    0, -11, 0, -16, 0, 0, 0, -33,
    0, 0, 0, 0, 0, 0, -11, 0,
    0, 0, 0, 0, 0, -16, -16, -11,
    0, -11, 0, -11, 0, -22, -11, 0,
    0, 0, 0, 0, -11, -16, 0, 0,
    -11, 0, 0, 0, 0, 0, 0, -33,
    0, -16, -11, -43, 0, 0, 0, 0,
    0, 0, 0, 0, 0, 0, -8, 0,
    0, -11, -11, -22, -11, 0, 0, -43,
    0, 0, 0, 0, 0, 0, -11, 0,
    -22, 0, 0, -5, 0, -16, -16, -11,
    0, -11, 0, -11, 0, -22, -11, 0,
    0, 0, 0, 0, 0, 0, 0, 0,
    0, 0, 0, 0, 0, 0, 0, -33,
    0, -16, 0, -33, 0, -5, -8, 0,
    0, 0, -8, 0, 0, 0, 0, 0,
    0, 0, 0, -11, 0, 0, 0, -33,
    0, 0, 0, 0, 0, 0, -11, 0,
    0, 0, 0, 0, 0, -16, -16, -11,
    0, 0, 0, 0, -22, -22, -11, 0,
    0, 0, 0, 0, 0, 0, 0, 0,
    0, 0, 0, 0, 0, 0, 0, -33,
    0, -16, 0, -33, 0, -5, 0, 0,
    0, 0, 0, -8, 0, 0, 0, 0,
    0, -11, -11, -5, 0, 0, 0, -33,
    0, 0, 0, 0, 0, 0, 0, 0,
    0, 0, 0, -11, 0, 0, 0, -16,
    0, 0, 0, 16, 0, 0, -27, 0,
    0, 0, 0, 0, 0, 0, 0, 0,
    0, 0, 0, 17, 0, 0, 0, 33,
    0, 0, 0, 0, 0, -8, -11, 0,
    0, 17, 8, 0, 0, 0, 0, 0,
    0, 0, 0, 0, 0, 0, 0, 0,
    0, 0, 0, 0, 0, 5, 16, 0,
    0, 0, 0, 0, 0, 16, 22, 16,
    0, 0, 0, 0, 0, 0, 0, 0,
    0, 0, 0, 0, 0, 0, 0, 0,
    0, 0, 0, 0, 0, 0, 0, -27,
    0, 0, 0, -27, 0, 0, 0, 0,
    0, 0, 0, 0, 0, 0, 0, 0,
    0, 0, 0, 0, 0, 0, 0, -27,
    0, 0, 0, 0, 0, 0, 0, 0,
    0, 0, 0, 0, 0, 0, -27, 0,
    0, -11, 0, -11, 0, -11, 0, 0,
    0, 0, 0, 0, 0, 0, 0, 0,
    0, 0, 0, 0, 0, 0, 0, -33,
    0, 0, 0, 0, 0, 0, 0, 0,
    0, 0, 0, 0, 0, 0, 0, 0,
    0, 0, 0, 0, 0, 0, 0, 0,
    0, 0, 0, 0, 0, 0, -11, 0,
    0, 0, 0, 0, 0, -11, -16, -11,
    0, 0, 0, -33, 0, 0, 0, 0,
    0, 0, 0, 0, 0, 0, 0, 0,
    0, 0, 0, 0, 0, 0, 0, 0,
    0, 0, 0, 0, 0, 0, 0, 0,
    0, 0, 0, 0, 0, 0, 0, 0,
    0, 0, 0, 0, 0, 0, 0, 0,
    0, 0, 0, 0, 0, 0, -33, 0,
    0, 0, 0, 0, 0, -33, 0, 0,
    0, 0, 0, 0, 0, 0, 0, -16,
    0, 0, 0, 0, 0, 0, 0, 0,
    0, 0, 0, 0, 0, 0, 0, 0,
    0, 0, 0, 0, 0, 0, -5, 0,
    0, 0, 0, 0, -16, 0, -5, 0,
    0, 0, 0, 0, 0, -11, 0, 0,
    0, -11, 0, 0, 0, 0, 0, 0,
    0, -11, 0, 0, 0, 0, 0, 0,
    0, -11, 0, -22, 0, -11, 0, 0,
    0, 0, 0, 0, 0, 0, 0, 0,
    0, 0, 0, 0, 0, 0, 0, -33,
    0, 0, 0, -38, 0, 0, -5, 0,
    0, 0, 0, 0, 0, 0, 0, 0,
    0, 0, 0, -11, 0, 0, 0, -38,
    0, 0, 0, 0, 0, 0, -22, 0,
    0, 0, 0, 0, 0, -22, -11, -11,
    0, -16, 0, -16, 0, -22, -11, 0,
    0, 0, 0, 0, -11, -16, 0, 0,
    -11, 0, 0, 0, 0, 0, 0, -33,
    0, -16, -11, -43, 0, 0, 0, 0,
    0, 0, 0, 0, 0, 0, -8, 0,
    0, -11, -11, -11, -11, 0, 0, -43,
    0, 0, 0, 0, 0, 0, -16, 0,
    -22, 0, 0, -5, 0, -11, -16, -16,
    0, 0, 0, 0, 0, -11, -43, 0,
    0, 0, 0, 0, 0, 0, 0, 0,
    0, 0, 0, 0, 0, 0, 0, 0,
    0, 0, 0, -11, 0, -5, -5, 0,
    -11, 0, 0, 0, 0, 0, -11, 0,
    0, 0, 0, -11, 0, 0, 0, -11,
    0, 0, 0, 0, 0, 0, 0, 0,
    0, 0, 0, 0, 0, 0, 0, 0,
    0, -11, 0, -11, 0, 0, 0, 0,
    0, 0, 0, 0, 0, 0, 0, 0,
    0, 0, 0, 0, 0, 0, 0, -27,
    0, -16, 0, -33, 0, 0, 0, 0,
    0, 0, 0, 0, 0, 0, 0, 0,
    0, -11, -11, -11, 0, 0, 0, -33,
    0, 0, 0, 0, 0, 0, -11, 0,
    0, 0, 0, 0, 0, -11, -16, -16,
    0, 0, 0, 0, 0, 0, 0, 0,
    0, 0, 0, 0, 0, 0, 0, 0,
    0, 0, 0, 0, 0, 0, 0, 0,
    0, 0, 0, -11, 0, 0, -16, 0,
    0, 0, 0, 0, 0, 0, 0, 0,
    0, 0, 0, -8, 0, 0, 0, -11,
    0, 0, 0, 0, 0, 0, 0, 0,
    0, 0, 0, 0, 0, 0, 0, 0,
    0, 0, 0, 0, -22, -11, -43, 0,
    0, 0, 0, 0, -22, 0, 0, 0,
    -22, 0, 0, 0, 0, 0, 0, -33,
    0, 0, 0, -19, 0, -16, -11, 0,
    -11, 0, 0, 0, -11, 0, -11, 0,
    0, 0, 0, -3, 0, 0, 0, -19,
    0, 0, 0, 0, 0, 0, 0, 0,
    0, 0, -16, 0, 0, 0, 0, 0,
    0, 0, 0, 0, 0, 0, 0, 0,
    0, 0, 0, 0, 0, 0, 0, 0,
    0, 0, 0, 0, 0, 0, 0, -27,
    0, 0, 0, -16, 0, -11, -11, 0,
    -11, 0, 0, 0, -11, 0, 0, 0,
    0, -5, 0, 0, 0, -11, 0, -16,
    0, -11, -11, 0, 0, 0, 0, 0,
    0, -11, 0, 0, 0, 0, 0, 0,
    0, 0, 0, 0, 0, 0, -43, 0,
    0, 0, 0, 0, -16, 0, 0, 0,
    -16, 0, 0, 0, 0, 0, 0, -22,
    0, 0, 0, -19, 0, -11, -11, 22,
    -11, 0, 0, 0, 0, 0, 0, 22,
    0, 0, 0, 0, 0, 0, 0, -19,
    0, 0, 0, 0, 0, 0, 0, 0,
    0, 0, 0, 0, 0, 0, 0, 16,
    0, 0, 0, 0, 0, 0, 0, 0,
    0, 0, 0, 0, 0, 0, 0, 0,
    0, 0, 0, 0, 0, 0, 0, -27,
    0, 0, 0, -19, 0, -16, -22, 0,
    0, 0, 0, 0, -16, 0, 0, 0,
    0, 0, 0, -5, 0, -16, 0, -19,
    0, -16, -16, 0, 0, 0, 0, 0,
    0, -16, 0, 0, 0, 0, 0, 0,
    0, -11, 0, -11, 0, -22, -11, 0,
    0, 0, 0, 0, 0, 0, 0, 0,
    0, 0, 0, 0, 0, 0, 0, 0,
    0, 0, 0, 0, 0, 0, 0, 0,
    0, 0, 0, 0, 0, 0, 0, 0,
    0, 0, 0, 0, 0, 0, 0, -33,
    0, 0, 0, 0, 0, 0, 0, 0,
    0, 0, 0, 0, 0, -16, -16, -11,
    0, 0, 0, 0, 0, -33, -27, 0,
    0, 0, 0, 0, -11, 0, 0, 0,
    0, 0, 0, 0, 0, 0, 0, 0,
    0, 0, 0, 0, 0, 0, 0, 0,
    0, 0, 0, 0, 0, 0, 0, 0,
    0, 0, 0, 0, 0, 0, 0, -16,
    0, 0, 0, 0, 0, 0, 0, 0,
    0, 0, 0, 0, 0, 0, 0, 0,
    -22, 0, -16, 0, 0, 0, -76, -54,
    0, 0, 0, 0, -38, 0, -19, -43,
    0, 0, 0, 0, 0, 0, 0, 0,
    0, 0, 0, 0, 0, 0, 0, 0,
    0, 0, 0, 0, 0, 0, 0, 0,
    0, 0, 0, 0, 0, -43, -22, 17,
    0, 0, 0, 0, 0, 0, 0, 0,
    0, 0, 0, 0, 0, 0, 0, 0,
    0, 0, 0, 0, 0, 0, 0, 0,
    0, 0, 0, 0, -33, 0, 0, 0,
    -33, 0, 0, 0, 0, 0, 0, 0,
    0, 0, 0, 0, 0, 0, 0, 0,
    0, 0, 0, 0, 0, 0, 0, 0,
    0, 0, 0, 0, 0, 0, 0, 0,
    0, 0, 0, 0, 0, 0, 0, 0,
    0, 0, 0, 0, 0, 0, 0, 0,
    0, 0, 0, 0, 0, 0, 0, 0,
    0, 0, 0, 0, -11, 0, 0, 0,
    -11, 0, 0, -8, 0, 0, 0, 0,
    0, 0, 0, 0, 0, 0, 0, 0,
    0, 0, 0, 0, 0, 0, 0, 0,
    0, 0, 0, 0, 0, 0, 0, 0,
    0, 0, 0, 0, 0, 0, 0, 0,
    0, 0, 0, 0, 0, 0, 0, 0,
    0, 0, 0, 0, 0, 0, 0, 0,
    0, 0, 0, 0, 0, 0, 0, 0,
    0, 0, 0, 0, 0, 0, 0, -33,
    0, 0, 0, -33, 0, 0, 0, 0,
    0, 0, 0, 0, 0, 0, 0, 0,
    0, 0, -11, -11, 0, 0, 0, -33,
    0, 0, 0, 0, 0, -5, 0, 0,
    0, 0, 0, 0, 0, 0, 0, 0,
    0, 0, -33, 5, 0, 0, 0, 0,
    0, 0, 0, 0, -65, 0, 0, 0,
    -65, 0, 0, 0, 0, 0, -33, 0,
    0, 0, 0, 0, 0, -16, -49, 0,
    -16, 0, 16, 0, -16, 0, -43, 0,
    0, 0, 0, 0, 0, -16, 0, 0,
    0, 0, -16, 0, 0, 0, 5, 0,
    0, -16, 0, 0, 0, 5, 0, 0,
    0, 0, 0, 0, 0, 0, 0, 0,
    0, 0, 0, 0, 0, 0, 0, 0,
    0, 0, 0, 0, 0, 0, 0, 0,
    0, 0, 0, 0, 0, 0, -16, -16,
    0, 0, 0, 0, 0, 0, 0, 0,
    0, -33, 0, 0, 0, 0, 0, 0,
    0, 0, 0, 0, 0, 0, 0, 0,
    0, 0, 0, -33, 0, 0, 0, 0,
    0, 0, 0, 0, 0, 0, 0, 0,
    0, 0, 0, 0, 0, 0, 0, 0,
    0, 0, 0, 0, 0, 0, 0, 0,
    0, 0, 0, 0, 0, 0, -16, 0,
    0, 0, 0, 0, 0, 0, 0, 0,
    0, 0, 0, 0, 0, 0, 0, 0,
    0, 0, 0, 0, 0, 0, 0, 0,
    0, 0, 0, -22, 0, 0, 0, 0,
    0, 0, 0, 0, 0, 0, 0, 0,
    0, 0, 0, 0, 0, 0, 0, 0,
    0, 0, 0, 0, 0, 0, 0, 0,
    0, 0, 0, 0, 0, 0, -16, 0,
    0, 0, 0, 0, 0, 0, 0, 0,
    -16, 0, 0, 0, 0, 0, 0, 0,
    0, 0, 0, 0, 0, 0, 0, 0,
    0, 0, 0, 0, 0, 0, 0, 0,
    0, 0, 0, 0, 0, 0, 0, 0,
    0, 0, 0, 0, 0, 0, 0, 0,
    0, 0, 0, 0, 0, 0, 0, 0,
    0, 0, 0, 0, 0, 0, 0, 0,
    0, 0, 0, 0, 0, 0, 0, 0,
    0, 0, 0, 0, 0, 0, 0, 0,
    0, 0, 0, 0, 0, 0, 0, 0,
    -8, 0, 0, -11, 0, 0, 0, 0,
    0, 0, 0, 0, 0, 0, 0, 0,
    0, 0, 0, 0, 0, 0, 0, 0,
    0, 0, 0, 0, 0, 0, 0, 0,
    0, 0, 0, 0, 0, 0, 0, 0,
    0, 0, 0, 0, 0, 0, 0, 0,
    0, 0, 0, -22, 0, 0, 0, 0,
    0, 0, 0, 0, 0, 0, 0, 0,
    0, 0, 0, 0, 0, 0, 0, 0,
    0, 0, -33, 5, 0, 0, 0, 0,
    0, 0, 0, 0, -65, 0, 0, 0,
    0, 0, 0, 0, 0, 0, 0, 0,
    0, 0, 0, 0, 0, 0, 0, 0,
    0, 0, 0, 0, 0, 0, 0, 0,
    0, 0, 0, 0, 0, -22, 0, 0,
    0, 0, 0, 0, 0, 0, 0, 0,
    0, 0, 0, 0, 0, 5, 0, 0,
    0, 0, 0, 0, 0, 0, 0, 0,
    0, 0, 0, 0, -65, 0, 0, 0,
    -65, 0, 0, 0, -65, 0, 0, 0,
    0, 0, 0, 0, 0, -16, -16, 0,
    -16, 0, 0, 0, -16, 0, -16, 16,
    0, 0, 0, 0, 0, -16, 0, 0,
    0, 0, -16, 0, 0, 0, 0, 0,
    0, -16, 0, 0, 0, 0, 0, 0,
    0, 0, 0, 0, 0, 0, -98, 0,
    0, 0, 0, 0, -65, 0, -76, -76,
    -65, 0, 0, 0, -54, 0, 0, 0,
    0, 0, 0, 0, 0, 0, -16, -16,
    -22, 0, 0, 0, -16, 0, -16, 0,
    0, 0, 0, 0, 0, -16, 0, 0,
    0, 0, -16, 0, 0, 0, 0, 0,
    0, -16, 0, 0, 0, 0, 0, 0
};


/*Collect the kern class' data in one place*/
static const lv_font_fmt_txt_kern_classes_t kern_classes =
{
    .class_pair_values   = kern_class_values,
    .left_class_mapping  = kern_left_class_mapping,
    .right_class_mapping = kern_right_class_mapping,
    .left_class_cnt      = 70,
    .right_class_cnt     = 64,
};

/*--------------------
 *  ALL CUSTOM DATA
 *--------------------*/

#if LVGL_VERSION_MAJOR == 8
/*Store all the custom data of the font*/
static  lv_font_fmt_txt_glyph_cache_t cache;
#endif

#if LVGL_VERSION_MAJOR >= 8
static const lv_font_fmt_txt_dsc_t font_dsc = {
#else
static lv_font_fmt_txt_dsc_t font_dsc = {
#endif
    .glyph_bitmap = glyph_bitmap,
    .glyph_dsc = glyph_dsc,
    .cmaps = cmaps,
    .kern_dsc = &kern_classes,
    .kern_scale = 17,
    .cmap_num = 10,
    .bpp = 4,
    .kern_classes = 1,
    .bitmap_format = 1,
#if LVGL_VERSION_MAJOR == 8
    .cache = &cache
#endif
};



/*-----------------
 *  PUBLIC FONT
 *----------------*/

/*Initialize a public general font descriptor*/
#if LVGL_VERSION_MAJOR >= 8
const lv_font_t font_xl = {
#else
lv_font_t font_xl = {
#endif
    .get_glyph_dsc = lv_font_get_glyph_dsc_fmt_txt,    /*Function pointer to get glyph's data*/
    .get_glyph_bitmap = lv_font_get_bitmap_fmt_txt,    /*Function pointer to get glyph's bitmap*/
    .line_height = 50,          /*The maximum line height required by the font*/
    .base_line = 12,             /*Baseline measured from the bottom of the line*/
#if !(LVGL_VERSION_MAJOR == 6 && LVGL_VERSION_MINOR == 0)
    .subpx = LV_FONT_SUBPX_NONE,
#endif
#if LV_VERSION_CHECK(7, 4, 0) || LVGL_VERSION_MAJOR >= 8
    .underline_position = -2,
    .underline_thickness = 1,
#endif
    .dsc = &font_dsc,          /*The custom font data. Will be accessed by `get_glyph_bitmap/dsc` */
#if LV_VERSION_CHECK(8, 2, 0) || LVGL_VERSION_MAJOR >= 9
    .fallback = NULL,
#endif
    .user_data = NULL,
};



#endif /*#if FONT_XL*/

