/*******************************************************************************
 * Size: 34 px
 * Bpp: 4
 * Opts: --font font-tools\build\Manrope-800-latin.ttf -r 0x20-0xFFFF --size 34 --bpp 4 --format lvgl --lv-include lvgl.h --lv-font-name font_baslik -o panel-firmware\main\fonts\font_baslik.c --lv-fallback font_jp34
 ******************************************************************************/

#ifdef LV_LVGL_H_INCLUDE_SIMPLE
#include "lvgl.h"
#else
#include "lvgl.h"
#endif

#ifndef FONT_BASLIK
#define FONT_BASLIK 1
#endif

#if FONT_BASLIK

/*-----------------
 *    BITMAPS
 *----------------*/

/*Store the image of the glyphs*/
static LV_ATTRIBUTE_LARGE_CONST const uint8_t glyph_bitmap[] = {
    /* U+0020 " " */

    /* U+0021 "!" */
    0xef, 0xfa, 0xc0, 0x3f, 0xff, 0xe0, 0x1f, 0xe9,
    0x88, 0xb9, 0xdf, 0x28, 0x8f, 0x7f, 0x75, 0x40,
    0x1f, 0xfc, 0x30,

    /* U+0022 "\"" */
    0xff, 0xd4, 0x9, 0xff, 0x94, 0x3, 0xff, 0xe1,
    0xbb, 0xac, 0x13, 0x77, 0x28,

    /* U+0023 "#" */
    0x0, 0xff, 0x2f, 0xfe, 0x20, 0x1, 0x7f, 0xe5,
    0x0, 0xff, 0xe1, 0x68, 0x4, 0x24, 0x0, 0x40,
    0xc, 0x80, 0x1f, 0xfc, 0x24, 0x0, 0x94, 0x2,
    0xc0, 0x8, 0x84, 0x3, 0xff, 0x84, 0x60, 0x16,
    0x0, 0x4e, 0x1, 0x38, 0x7, 0xff, 0x8, 0xc0,
    0x32, 0x0, 0x4, 0x80, 0x2c, 0x0, 0xff, 0xe1,
    0x20, 0x6, 0x30, 0x2, 0x0, 0x64, 0x0, 0xff,
    0xe1, 0x60, 0x4, 0x60, 0x16, 0x80, 0x42, 0x40,
    0x1f, 0xb7, 0xff, 0x90, 0x2, 0x3f, 0xf9, 0xc0,
    0x21, 0xff, 0xe9, 0x0, 0x9, 0x0, 0x7f, 0xf2,
    0xf0, 0x0, 0xe0, 0x1f, 0xfc, 0xc4, 0x0, 0x60,
    0x7, 0xff, 0x2c, 0x84, 0x1, 0xd5, 0x5a, 0x40,
    0x33, 0x55, 0x40, 0x19, 0x2a, 0xbb, 0x80, 0x24,
    0x55, 0xc6, 0x1, 0xa1, 0x54, 0xc0, 0x1b, 0xd5,
    0x78, 0xc0, 0x3f, 0x70, 0x4, 0x62, 0x0, 0xa0,
    0x8, 0x50, 0x3, 0xf7, 0x7f, 0xf2, 0x0, 0x47,
    0xff, 0x30, 0x4, 0x3f, 0xfd, 0x0, 0x3, 0x10,
    0xf, 0xfe, 0x5d, 0x80, 0x10, 0x3, 0xff, 0x98,
    0x60, 0xc, 0x0, 0xff, 0xe5, 0xa0, 0x5, 0xd3,
    0x3a, 0x0, 0x33, 0x4c, 0xc0, 0x19, 0x66, 0x7a,
    0x0, 0x25, 0x66, 0xc4, 0x1, 0xa1, 0x98, 0xa0,
    0x1b, 0x99, 0xb8, 0xc0, 0x3f, 0x60, 0x4, 0x42,
    0x0, 0x40, 0xc, 0x80, 0x1f, 0xfc, 0x24, 0x0,
    0x90, 0x2, 0xc0, 0x8, 0xc0, 0x3f, 0xf8, 0x44,
    0x40, 0xb, 0x0, 0x24, 0x0, 0x90, 0x3, 0xff,
    0x84, 0x80, 0x19, 0x0, 0x6, 0x1, 0xb0, 0x3,
    0xff, 0x85, 0x80, 0x11, 0x8, 0x2, 0xc0, 0x32,
    0x0, 0x7f, 0x80,

    /* U+0024 "$" */
    0x0, 0xf8, 0xff, 0xf3, 0x0, 0x7f, 0xf5, 0x94,
    0x3, 0x8, 0x7, 0xfc, 0x55, 0xf2, 0x1, 0xa3,
    0x9c, 0x3, 0xf2, 0xea, 0x80, 0x7c, 0x31, 0xa4,
    0x1, 0xc9, 0x40, 0x1f, 0xf1, 0x60, 0x80, 0x6a,
    0x0, 0xff, 0xe0, 0x8e, 0x80, 0x4a, 0x20, 0x19,
    0x2b, 0x2e, 0x4, 0x3, 0x1a, 0x80, 0x30, 0x3,
    0x3d, 0xa9, 0xa3, 0xf9, 0x80, 0x69, 0x0, 0x10,
    0x6, 0x80, 0xe, 0x1d, 0x0, 0xc6, 0x20, 0x1f,
    0xfc, 0x11, 0x74, 0x7a, 0xd1, 0x3, 0x0, 0xd2,
    0x1, 0xf4, 0x5c, 0x29, 0x0, 0x2c, 0x3, 0x37,
    0x41, 0x80, 0x7f, 0xc6, 0x80, 0x18, 0x5f, 0x3a,
    0x94, 0x40, 0x3f, 0x51, 0x80, 0x78, 0x56, 0xba,
    0xd4, 0x3, 0xc3, 0x8e, 0x1, 0xfc, 0x95, 0x84,
    0x1, 0xe8, 0xfa, 0x50, 0xf, 0xc7, 0x84, 0x1,
    0xf2, 0xd7, 0xdb, 0x8, 0x7, 0xc, 0x80, 0x7f,
    0x92, 0x7b, 0x14, 0x3, 0x21, 0x0, 0x4, 0xd8,
    0x3, 0xe3, 0xa7, 0x0, 0xce, 0xee, 0xe6, 0x4a,
    0x0, 0x7e, 0xb0, 0xc, 0x62, 0x20, 0xa, 0x0,
    0x3f, 0x38, 0x7, 0x38, 0x6, 0x3a, 0x0, 0xf0,
    0xc8, 0x6, 0x51, 0x50, 0xc, 0xba, 0xc4, 0x26,
    0xfe, 0x40, 0x10, 0x98, 0x58, 0x7, 0x14, 0xef,
    0x64, 0x8, 0x6, 0x80, 0x0, 0xd8, 0x7, 0xff,
    0x9, 0x58, 0x2, 0x4b, 0x10, 0xf, 0xf9, 0xa8,
    0x3, 0x93, 0xdc, 0x40, 0x3e, 0x4c, 0x90, 0xf,
    0x86, 0x3a, 0x40, 0x33, 0xfd, 0x98, 0x7, 0xfc,
    0xa0, 0x1b, 0x80, 0x3f, 0xfa, 0xc7, 0xdd, 0x98,
    0x3, 0xe0,

    /* U+0025 "%" */
    0x0, 0xc6, 0xee, 0x51, 0x0, 0xff, 0xe4, 0x1e,
    0xe4, 0x42, 0xb9, 0xc0, 0x3f, 0xe1, 0xb1, 0x0,
    0xc9, 0x84, 0x1, 0xd1, 0x20, 0x1f, 0xc3, 0x89,
    0x82, 0x0, 0x1a, 0x0, 0xfc, 0xca, 0x1, 0xf0,
    0xe1, 0x1, 0x60, 0x84, 0x88, 0x4, 0xd0, 0x20,
    0x14, 0x0, 0x78, 0x70, 0x80, 0x22, 0x20, 0x28,
    0x5, 0x52, 0xfe, 0x20, 0x2, 0x20, 0x6, 0x1c,
    0x20, 0xd, 0x86, 0x4, 0x1, 0x28, 0x0, 0x50,
    0x2, 0x60, 0x8, 0x74, 0x80, 0x35, 0x98, 0x0,
    0x40, 0x21, 0x0, 0x98, 0x2, 0x70, 0xb, 0x4c,
    0x3, 0x5a, 0x0, 0x4a, 0x1, 0x68, 0x83, 0x98,
    0x4, 0x60, 0xc, 0x30, 0xd, 0x68, 0x1, 0xb8,
    0x2, 0x3e, 0xf8, 0x0, 0x94, 0x1, 0x86, 0x1,
    0xad, 0x0, 0x39, 0x50, 0x3, 0xf0, 0xd8, 0x61,
    0x80, 0x6a, 0x40, 0xf, 0xad, 0x0, 0x3c, 0x3a,
    0x36, 0x60, 0x1a, 0x94, 0x3, 0xfa, 0xe8, 0xc0,
    0x4, 0xfe, 0x76, 0x80, 0x1a, 0x94, 0x3, 0xfe,
    0x5c, 0xff, 0x6c, 0xd, 0xa0, 0x6, 0xa5, 0x0,
    0xff, 0xe3, 0x5a, 0x0, 0x69, 0x52, 0x9d, 0xed,
    0x91, 0x0, 0xff, 0xa9, 0x0, 0x34, 0xb3, 0x35,
    0x88, 0x49, 0xb9, 0x40, 0x3f, 0xa9, 0x40, 0x34,
    0xb2, 0xc8, 0x7, 0xd4, 0x80, 0x1f, 0x52, 0x80,
    0x68, 0x61, 0xb0, 0xf, 0xea, 0x0, 0xf4, 0xa8,
    0x6, 0x87, 0x7, 0x10, 0x0, 0xdf, 0xd0, 0x4,
    0x28, 0x1, 0xa5, 0x80, 0x34, 0x38, 0x3, 0xc0,
    0x28, 0x40, 0x57, 0x0, 0x8c, 0x2, 0x96, 0x0,
    0xce, 0xe0, 0x8, 0xc0, 0x22, 0x0, 0xb8, 0x2,
    0xf0, 0x4, 0x30, 0x6, 0x78, 0x0, 0xc6, 0x1,
    0x70, 0x5, 0xa0, 0x17, 0x84, 0x38, 0x6, 0x78,
    0x0, 0xed, 0x0, 0x96, 0xdf, 0x10, 0x2, 0x50,
    0xd0, 0xc, 0xf0, 0x1, 0xe4, 0x30, 0x9, 0x20,
    0xc0, 0x25, 0x20, 0x5a, 0x0, 0x34, 0x0, 0x7e,
    0xe1, 0x0, 0xf8, 0xac, 0x2, 0x5a, 0x69, 0x0,
    0xfe, 0x2f, 0x40, 0xe, 0x5c, 0x10, 0xc, 0xb2,
    0x1, 0xff, 0xd, 0xec, 0xc4, 0xed, 0x8, 0x0,

    /* U+0026 "&" */
    0x0, 0xf9, 0x19, 0xdc, 0xa4, 0x1, 0xff, 0xc1,
    0x19, 0xfb, 0x98, 0x85, 0x6e, 0x20, 0x7, 0xf8,
    0xbd, 0x80, 0x3e, 0x3b, 0x60, 0xf, 0xef, 0x10,
    0xf, 0xf4, 0xa0, 0x7, 0xce, 0x40, 0x1c, 0x22,
    0x0, 0xe9, 0x0, 0xfa, 0x80, 0x33, 0xf7, 0x58,
    0x20, 0x11, 0x18, 0x7, 0x88, 0x2, 0x48, 0x10,
    0x1, 0xd9, 0xb5, 0x69, 0x80, 0x71, 0x0, 0x63,
    0x0, 0xe5, 0xc9, 0x52, 0x0, 0xf1, 0x80, 0x62,
    0x0, 0xff, 0xe2, 0x8, 0x80, 0x25, 0x30, 0xf,
    0xfe, 0x24, 0x80, 0x6c, 0x30, 0xf, 0xfe, 0x1b,
    0x90, 0x6, 0xc3, 0x0, 0xff, 0xe1, 0xb8, 0x7,
    0x62, 0x0, 0x42, 0xef, 0x28, 0x7, 0x52, 0x80,
    0x7a, 0xd0, 0x0, 0x51, 0x14, 0x80, 0x64, 0x50,
    0xf, 0xd6, 0xa0, 0x1f, 0xe8, 0x0, 0xc4, 0x40,
    0xd, 0x4c, 0x1, 0xfc, 0x60, 0x11, 0x6e, 0x10,
    0x6, 0x99, 0x0, 0x7c, 0x60, 0x1a, 0x80, 0x70,
    0xc0, 0x32, 0x80, 0x7c, 0xe0, 0x18, 0x40, 0x3,
    0x88, 0x1, 0xff, 0x38, 0x6, 0xe0, 0xd, 0x68,
    0x1, 0xe7, 0x0, 0x88, 0x3, 0x30, 0x80, 0x6b,
    0x50, 0xf, 0xe1, 0x30, 0x8, 0x71, 0x0, 0x21,
    0xd0, 0xe, 0x4a, 0x0, 0xa4, 0x3, 0x15, 0xff,
    0x75, 0x0, 0x1e, 0x5b, 0x0, 0x2a, 0x80, 0x3c,
    0x22, 0x0, 0xfe, 0x44, 0x0, 0x29, 0x40, 0x3f,
    0xe1, 0x60, 0xa, 0x10, 0x2, 0xaa, 0x18, 0x7,
    0xe6, 0xf9, 0x90, 0x3b, 0x80, 0x39, 0x73, 0xaa,
    0x20, 0xf1, 0x5f, 0x22, 0xd, 0x90, 0x0,

    /* U+0027 "'" */
    0xff, 0xd4, 0x1, 0xff, 0xcd, 0xdd, 0xd6,

    /* U+0028 "(" */
    0x0, 0xff, 0xe2, 0xd6, 0x10, 0x7, 0xcc, 0xa7,
    0x8a, 0x1, 0xc3, 0x20, 0x1, 0xa1, 0x0, 0xd6,
    0x1, 0xa4, 0x40, 0x23, 0x50, 0x9, 0x18, 0x3,
    0x48, 0x6, 0x90, 0xc, 0x2a, 0x1, 0x39, 0x0,
    0x66, 0x0, 0xd2, 0x1, 0xd4, 0x1, 0x30, 0x80,
    0x62, 0x20, 0x5, 0x40, 0x1c, 0x80, 0x10, 0x98,
    0x7, 0x60, 0x4, 0x80, 0x1e, 0x70, 0xb, 0x0,
    0x3c, 0x40, 0x11, 0x0, 0x70, 0x80, 0x66, 0x0,
    0xe3, 0x0, 0xc4, 0x1, 0xc2, 0x1, 0xff, 0xdf,
    0x10, 0xc, 0x20, 0x1c, 0x40, 0x18, 0x80, 0x3c,
    0x20, 0x13, 0x0, 0x79, 0x40, 0x2d, 0x0, 0xf1,
    0x80, 0x48, 0x1, 0xeb, 0x0, 0x8c, 0x40, 0x38,
    0xc4, 0x2, 0x60, 0xf, 0x38, 0x5, 0x40, 0x1e,
    0xd0, 0x8, 0x94, 0x3, 0x90, 0x80, 0x28, 0x0,
    0xf5, 0x80, 0x44, 0xe0, 0x1c, 0xc4, 0x1, 0x41,
    0x0, 0x74, 0x80, 0x6f, 0x0, 0xe4, 0x50, 0x9,
    0x84, 0x3, 0xac, 0x42, 0x2c, 0x40, 0x38, 0x77,
    0x1c, 0x0,

    /* U+0029 ")" */
    0x0, 0xff, 0xe0, 0xa7, 0x30, 0x7, 0xd1, 0x63,
    0x24, 0x1, 0xcc, 0xe0, 0x17, 0x0, 0x73, 0x20,
    0x4, 0x6a, 0x1, 0xd4, 0x20, 0x14, 0x0, 0x70,
    0xc0, 0x4, 0x4a, 0x1, 0xcc, 0x60, 0x14, 0x80,
    0x7a, 0x40, 0x23, 0x30, 0x7, 0x28, 0x80, 0x56,
    0x1, 0xe6, 0x0, 0x94, 0x3, 0xd6, 0x1, 0x10,
    0x80, 0x71, 0x88, 0x4, 0x80, 0x1e, 0x50, 0xb,
    0x40, 0x3c, 0x60, 0x11, 0x80, 0x7b, 0x80, 0x26,
    0x0, 0xf1, 0x80, 0x46, 0x1, 0xe1, 0x0, 0x84,
    0x3, 0xce, 0x1, 0xfe, 0x70, 0xf, 0xfe, 0x10,
    0x80, 0x78, 0x80, 0x23, 0x0, 0xf7, 0x0, 0x4c,
    0x1, 0xe2, 0x0, 0x88, 0x3, 0xce, 0x1, 0x78,
    0x7, 0x9, 0x0, 0x4a, 0x1, 0xce, 0x1, 0x8c,
    0x3, 0xb4, 0x2, 0x50, 0xe, 0x24, 0x0, 0xbc,
    0x3, 0xac, 0x3, 0x28, 0x6, 0x26, 0x0, 0x9c,
    0x3, 0xa4, 0x3, 0x48, 0x6, 0x64, 0x0, 0x98,
    0x40, 0x23, 0x90, 0x8, 0x60, 0x3, 0x84, 0x2,
    0x81, 0x0, 0xc7, 0xea, 0x8, 0xc0, 0x1e, 0x1a,
    0x9b, 0x0, 0xf0,

    /* U+002A "*" */
    0x0, 0xcf, 0xff, 0x40, 0x7, 0xf1, 0x0, 0x5e,
    0x1, 0xe6, 0x10, 0x10, 0x8, 0x40, 0x5c, 0x0,
    0x33, 0xd4, 0x60, 0x10, 0xd7, 0x41, 0x3, 0x80,
    0x16, 0x0, 0x28, 0x50, 0x5, 0x6, 0x80, 0x7f,
    0xca, 0x1a, 0xa2, 0x1, 0xf0, 0xad, 0x83, 0x57,
    0x30, 0x7, 0x27, 0x53, 0x0, 0x4a, 0xc0, 0x1c,
    0x8e, 0x1, 0x92, 0x80, 0x25, 0x0, 0xa1, 0x40,
    0x30, 0x80, 0xe, 0x94, 0x3, 0xe4, 0xf4, 0xe,
    0xb, 0x3, 0xd5, 0x0, 0xc3, 0x78, 0x40, 0x39,
    0x82, 0x0, 0x80,

    /* U+002B "+" */
    0x0, 0xf3, 0x34, 0x60, 0x1f, 0xf0, 0xcc, 0xc8,
    0x1, 0xff, 0xfa, 0x99, 0xeb, 0x0, 0xae, 0x67,
    0x8d, 0x9b, 0x94, 0x2, 0x36, 0x6f, 0x0, 0x7f,
    0xf5, 0x3f, 0xfb, 0x80, 0x28, 0xff, 0xe5, 0x0,
    0xff, 0xff, 0x80, 0x70,

    /* U+002C "," */
    0xaa, 0xcc, 0xab, 0xb0, 0x3, 0xff, 0x87, 0xfe,
    0x70, 0xc, 0x60, 0x47, 0x28, 0x17, 0xec, 0xa,
    0x6a, 0xa9, 0xa0,

    /* U+002D "-" */
    0x99, 0xff, 0x13, 0x37, 0xf8, 0x40, 0x3f, 0xf9,
    0x40,

    /* U+002E "." */
    0x9a, 0xa9, 0xdc, 0xab, 0x58, 0x7, 0xff, 0xc,

    /* U+002F "/" */
    0x0, 0xf4, 0xff, 0xe1, 0x0, 0xf2, 0x0, 0x46,
    0x20, 0x1c, 0x24, 0x1, 0x20, 0x7, 0x90, 0x3,
    0x60, 0x7, 0xb0, 0x3, 0x20, 0x7, 0x9c, 0x2,
    0x30, 0xf, 0x10, 0x80, 0x56, 0x1, 0xe4, 0x0,
    0xc8, 0x1, 0xec, 0x0, 0xc6, 0x1, 0xe4, 0x0,
    0x90, 0x3, 0xc4, 0x20, 0x16, 0x0, 0x79, 0x40,
    0x32, 0x80, 0x7b, 0x0, 0x21, 0x20, 0xf, 0x20,
    0x4, 0x80, 0x1e, 0x30, 0xd, 0x80, 0x1e, 0x40,
    0xc, 0x80, 0x1e, 0xc0, 0x8, 0x48, 0x3, 0xc8,
    0x1, 0x38, 0x7, 0x90, 0x3, 0x60, 0x7, 0xb0,
    0x3, 0x20, 0x7, 0x90, 0x2, 0x21, 0x0, 0xf1,
    0x80, 0x48, 0x1, 0xe4, 0x0, 0xd8, 0x1, 0xed,
    0x0, 0xca, 0x1, 0xe4, 0x0, 0x8c, 0x3, 0xe0,

    /* U+0030 "0" */
    0x0, 0xf0, 0xab, 0xbc, 0x82, 0x1, 0xfe, 0x3b,
    0xea, 0x88, 0xaf, 0xac, 0x80, 0x3e, 0x7c, 0x40,
    0xf, 0x93, 0x58, 0x3, 0x9e, 0x0, 0x3f, 0xe9,
    0x60, 0x8, 0xe0, 0x3, 0xc2, 0x1, 0xe9, 0x20,
    0x7, 0x80, 0x61, 0xaf, 0xef, 0x90, 0xe, 0x80,
    0x23, 0x0, 0xd8, 0xa0, 0x13, 0x60, 0x6, 0x51,
    0x40, 0xd, 0x4, 0x1, 0xc6, 0xc0, 0x19, 0x38,
    0x3, 0x20, 0x7, 0xda, 0x1, 0x88, 0x40, 0x31,
    0x0, 0x7c, 0xe0, 0x1b, 0xcc, 0x3, 0xff, 0xfe,
    0x1, 0xff, 0xed, 0x30, 0xf, 0xfe, 0x30, 0x80,
    0x62, 0x0, 0xf9, 0xc0, 0x37, 0xf0, 0x6, 0xb0,
    0xf, 0xb4, 0x3, 0x12, 0x0, 0x67, 0x20, 0xe,
    0x36, 0x0, 0xc8, 0x46, 0x1, 0xb1, 0x80, 0x2,
    0xd8, 0x1, 0x94, 0x43, 0xc0, 0x30, 0xcf, 0xfb,
    0xa4, 0x3, 0xa0, 0x0, 0x70, 0x1, 0xff, 0xc1,
    0x92, 0x0, 0x9e, 0x0, 0x3f, 0xe9, 0x60, 0xe,
    0x7c, 0x40, 0xf, 0x93, 0x58, 0x3, 0xe3, 0xbe,
    0xa8, 0x8a, 0xba, 0xc8, 0x3, 0x0,

    /* U+0031 "1" */
    0x0, 0x97, 0xbf, 0xf2, 0x80, 0xdd, 0x8, 0x7,
    0x3f, 0x20, 0x7, 0xd0, 0x1, 0xff, 0xca, 0x26,
    0x0, 0xfa, 0x37, 0xc0, 0x39, 0x75, 0xc0, 0x3e,
    0xa2, 0x0, 0xff, 0xff, 0x80, 0x7f, 0xff, 0xc0,
    0x3f, 0xf8, 0xc0,

    /* U+0032 "2" */
    0x0, 0xf0, 0xab, 0xbc, 0x80, 0x1f, 0xe4, 0xce,
    0xa8, 0x8a, 0xfe, 0x0, 0x3e, 0x8b, 0x30, 0xf,
    0x9f, 0x88, 0x3, 0x43, 0x80, 0x7f, 0x87, 0x4,
    0x0, 0x6e, 0x1, 0xe1, 0x0, 0xe1, 0xa0, 0x4,
    0x0, 0x61, 0xaf, 0xee, 0x38, 0x6, 0x43, 0x4,
    0x0, 0xda, 0xa0, 0x1, 0x86, 0x0, 0xd6, 0x60,
    0x19, 0x4c, 0x3, 0xac, 0x3, 0x18, 0x11, 0x6c,
    0x0, 0xf1, 0x0, 0x66, 0x3d, 0xdc, 0xc0, 0x1f,
    0xfc, 0xc5, 0x0, 0xcc, 0x1, 0xff, 0xd, 0x80,
    0x63, 0x0, 0xff, 0xe, 0x8, 0x6, 0xa0, 0xf,
    0xe2, 0xf2, 0x0, 0xce, 0x40, 0x1f, 0x8f, 0x4,
    0x3, 0x2c, 0x0, 0x7e, 0x4c, 0x10, 0xc, 0xb4,
    0x1, 0xf9, 0x6c, 0x3, 0x9a, 0x80, 0x3f, 0x35,
    0x0, 0x74, 0x48, 0x7, 0xe8, 0x90, 0xe, 0xa7,
    0x0, 0xfd, 0x2e, 0x1, 0xd6, 0xa0, 0x1f, 0xa9,
    0x80, 0x30, 0xe2, 0x0, 0x7e, 0xb5, 0x0, 0xe6,
    0x56, 0x6f, 0x95, 0x10, 0x1, 0xe7, 0x99, 0xfd,
    0x0, 0x1f, 0xfe, 0xa0,

    /* U+0033 "3" */
    0xb, 0xff, 0xff, 0xe1, 0x48, 0x7, 0xff, 0xb3,
    0xe6, 0x7f, 0x38, 0x7, 0x78, 0x1, 0x19, 0xbe,
    0x56, 0x0, 0xd0, 0xc0, 0x1f, 0xcb, 0x82, 0x1,
    0x43, 0x80, 0x7f, 0x3d, 0x0, 0x68, 0x70, 0xf,
    0xea, 0x80, 0xd, 0xe, 0x1, 0xf8, 0x71, 0x40,
    0x30, 0x90, 0x7, 0xf1, 0x18, 0x7, 0xd, 0x69,
    0x0, 0x7c, 0x6a, 0x1, 0xf1, 0x61, 0x0, 0x7d,
    0x0, 0x1f, 0x87, 0x80, 0x3e, 0x29, 0x96, 0x51,
    0x80, 0x63, 0x40, 0xf, 0x99, 0x86, 0xb8, 0xa0,
    0x1b, 0x80, 0x3f, 0xf8, 0x14, 0x1, 0x90, 0x3,
    0xff, 0x82, 0x80, 0x10, 0x80, 0x7f, 0xf0, 0x44,
    0x3, 0xe2, 0x6a, 0x0, 0xf9, 0xc0, 0x21, 0x5,
    0xed, 0x95, 0x70, 0xe, 0x62, 0x0, 0x94, 0x18,
    0x40, 0x28, 0x70, 0x9, 0xe4, 0x3, 0x70, 0x1a,
    0x0, 0x68, 0xfe, 0xf8, 0x0, 0xc6, 0xa0, 0xa,
    0x10, 0xe, 0x10, 0xe, 0x1e, 0x0, 0x87, 0x8,
    0x3, 0xf8, 0xb0, 0x80, 0x31, 0x6c, 0x8, 0x7,
    0x9f, 0x48, 0x3, 0xe7, 0xeb, 0x98, 0x85, 0xfc,
    0x0, 0x70,

    /* U+0034 "4" */
    0x0, 0xfd, 0x9f, 0xf9, 0xc0, 0x3f, 0xf8, 0x8,
    0x60, 0x19, 0x80, 0x3f, 0xf8, 0x1e, 0x1, 0x9c,
    0x40, 0x3f, 0xe3, 0x40, 0xd, 0x20, 0x1f, 0xfc,
    0x9, 0x0, 0xca, 0x20, 0x1f, 0xf1, 0x28, 0x6,
    0x80, 0xf, 0xfe, 0x5, 0x80, 0x64, 0x20, 0xf,
    0xf8, 0x58, 0x3, 0x40, 0x7, 0xff, 0x2, 0x40,
    0x31, 0x98, 0x3, 0xff, 0x80, 0xc0, 0x1a, 0x40,
    0x3f, 0xf8, 0xe, 0x20, 0x11, 0x28, 0x1a, 0xae,
    0x0, 0xf4, 0x80, 0x6b, 0x0, 0x4d, 0x56, 0x0,
    0xe6, 0x10, 0x8, 0x58, 0x3, 0xff, 0x81, 0x60,
    0x1a, 0x40, 0x3f, 0xf8, 0x8, 0x40, 0x19, 0xc0,
    0x3f, 0xf8, 0x10, 0x1, 0x9c, 0x3, 0xff, 0x80,
    0x66, 0x0, 0xde, 0xab, 0x98, 0x3, 0x32, 0x8b,
    0x80, 0x74, 0x55, 0x63, 0x0, 0xd3, 0x44, 0x1,
    0xff, 0xed, 0x4f, 0xff, 0xf2, 0x80, 0x6f, 0xf1,
    0x80, 0x7f, 0xfb, 0x40,

    /* U+0035 "5" */
    0x0, 0x5f, 0xff, 0xff, 0x2, 0xc0, 0x33, 0x80,
    0x7f, 0xf1, 0x44, 0x3, 0xff, 0xae, 0x60, 0x13,
    0x55, 0x7e, 0x80, 0xc, 0x20, 0x16, 0x2a, 0xfe,
    0x30, 0xf, 0xc2, 0x1, 0xff, 0xc0, 0x10, 0xc,
    0xe0, 0x1f, 0xfc, 0x3, 0x0, 0xc2, 0x1, 0xff,
    0xc0, 0x10, 0xc, 0xb7, 0xdf, 0xec, 0x71, 0x0,
    0xe7, 0x0, 0xd0, 0x82, 0x0, 0x38, 0xf4, 0x0,
    0xc2, 0x1, 0xff, 0xd, 0xa8, 0x4, 0x60, 0x1f,
    0xfc, 0x1a, 0x10, 0x2, 0x39, 0x0, 0xe, 0xb2,
    0xd8, 0x3, 0xa0, 0x0, 0x51, 0xba, 0xac, 0x53,
    0x49, 0xa0, 0xc, 0xc0, 0x1c, 0x4a, 0x1, 0xca,
    0xa0, 0xc, 0x40, 0x1f, 0xfc, 0xc, 0x0, 0xcc,
    0x1, 0xff, 0xc0, 0x30, 0xc, 0x20, 0x2, 0x6b,
    0x40, 0xf, 0x60, 0x6, 0x62, 0xdd, 0x4a, 0x40,
    0x7, 0x13, 0x0, 0x63, 0x23, 0x0, 0x8f, 0xc,
    0x0, 0xb8, 0x1, 0x98, 0x1, 0x60, 0x18, 0xf3,
    0xfd, 0x42, 0x1, 0xc, 0x0, 0x15, 0x40, 0x1f,
    0xfc, 0xa, 0x10, 0xa, 0x94, 0x3, 0xf8, 0x6d,
    0x0, 0x3a, 0xa8, 0x40, 0x1e, 0x6f, 0x40, 0xf,
    0x97, 0x72, 0x62, 0x17, 0xf2, 0x20, 0x18,

    /* U+0036 "6" */
    0x0, 0xf0, 0xab, 0xbc, 0x82, 0x1, 0xfc, 0x79,
    0xd5, 0x11, 0x5f, 0x59, 0x80, 0x7a, 0x30, 0xc0,
    0x3e, 0x4c, 0x60, 0xd, 0xe, 0x1, 0xff, 0x28,
    0x4, 0x6e, 0x1, 0xe2, 0x0, 0xd8, 0x60, 0x17,
    0x80, 0x61, 0xbf, 0xdf, 0x91, 0xc3, 0x0, 0x88,
    0xc0, 0x36, 0x20, 0x4, 0xdc, 0x60, 0x19, 0x0,
    0x34, 0x10, 0x7, 0xfd, 0xc0, 0x19, 0x0, 0x3f,
    0xf8, 0x2, 0x1, 0x88, 0x3, 0xff, 0x80, 0x60,
    0x1c, 0x95, 0xdf, 0xec, 0x81, 0x0, 0xfe, 0xdb,
    0x51, 0x0, 0x1b, 0xf2, 0x80, 0x7e, 0x30, 0xf,
    0xd4, 0xc0, 0x1f, 0xfc, 0x59, 0x30, 0xf, 0xd1,
    0x98, 0x70, 0xe, 0x80, 0xf, 0xb5, 0xcc, 0xd1,
    0x60, 0x19, 0x4, 0x3, 0xa0, 0x80, 0x32, 0x30,
    0x6, 0x53, 0x0, 0xca, 0x1, 0xec, 0x0, 0xc4,
    0x20, 0x1f, 0xf0, 0x80, 0x61, 0xe0, 0xc, 0xe0,
    0x1e, 0xc0, 0xc, 0x48, 0x1, 0xa0, 0x40, 0x30,
    0xb0, 0x6, 0x42, 0x30, 0x8, 0xb1, 0x0, 0xb,
    0xe2, 0x1, 0x20, 0x84, 0x0, 0x62, 0xbf, 0xf5,
    0x8, 0x6, 0x80, 0x2, 0x38, 0x7, 0xff, 0x2,
    0xc, 0x2, 0x87, 0x0, 0xff, 0x4b, 0x80, 0x74,
    0x59, 0x80, 0x79, 0x31, 0x80, 0x3e, 0x4c, 0xd9,
    0x88, 0x57, 0x59, 0x80, 0x60,

    /* U+0037 "7" */
    0xaf, 0xff, 0xfe, 0x16, 0x0, 0x7f, 0xf9, 0x26,
    0x7f, 0xcc, 0x1, 0x9c, 0xd9, 0xbf, 0x8c, 0x3,
    0x70, 0x7, 0xf9, 0x40, 0x21, 0x50, 0xf, 0xe6,
    0x0, 0xcc, 0x1, 0xfe, 0xb0, 0xd, 0x40, 0x1f,
    0xc6, 0x40, 0x11, 0x90, 0x7, 0xf5, 0x0, 0x69,
    0x0, 0xff, 0x30, 0x4, 0x2a, 0x1, 0xfc, 0xc0,
    0x19, 0xc0, 0x3f, 0xd4, 0x1, 0xac, 0x3, 0xf8,
    0xcc, 0x1, 0x19, 0x0, 0x7f, 0x50, 0x6, 0xa0,
    0xf, 0xf3, 0x0, 0x66, 0x0, 0xfe, 0x60, 0xc,
    0xc0, 0x1f, 0xea, 0x0, 0xd4, 0x1, 0xfc, 0x66,
    0x0, 0x8c, 0xc0, 0x1f, 0xd4, 0x1, 0xa8, 0x3,
    0xfc, 0xc0, 0x19, 0x80, 0x3f, 0x98, 0x3, 0x30,
    0x7, 0xfa, 0x80, 0x35, 0x0, 0x7f, 0x19, 0x80,
    0x23, 0x30, 0x7, 0xc0,

    /* U+0038 "8" */
    0x0, 0xf2, 0x3b, 0xc8, 0x20, 0x1f, 0xc3, 0x3f,
    0x71, 0x15, 0xf5, 0x10, 0x7, 0x8b, 0xd8, 0x3,
    0xe5, 0xd4, 0x0, 0xc3, 0x82, 0x1, 0xfe, 0xb2,
    0x0, 0xa0, 0x40, 0x38, 0x80, 0x3d, 0xc0, 0x13,
    0x0, 0x67, 0xfd, 0xf9, 0x0, 0xc6, 0x40, 0x60,
    0x18, 0xe0, 0x2, 0x65, 0x0, 0xce, 0xe, 0x1,
    0x94, 0x3, 0xb4, 0x3, 0x10, 0x7, 0x8c, 0x3,
    0xbc, 0x3, 0x8, 0x28, 0x6, 0x52, 0x0, 0x85,
    0x80, 0x31, 0x0, 0x98, 0x6, 0xd9, 0x68, 0xf1,
    0x0, 0x85, 0x0, 0x1e, 0x1, 0xcd, 0x2e, 0x20,
    0x1a, 0x40, 0x23, 0x50, 0xf, 0xf8, 0x9c, 0x2,
    0x35, 0x0, 0xff, 0x89, 0x40, 0x2e, 0x0, 0xff,
    0xe0, 0xd0, 0x82, 0x90, 0x6, 0x7d, 0xfe, 0x80,
    0xe, 0x90, 0xf0, 0xc, 0xf0, 0x40, 0x2f, 0x60,
    0x19, 0x41, 0xc0, 0x34, 0x80, 0x72, 0x8, 0x4,
    0x40, 0x40, 0x18, 0x40, 0x3c, 0x40, 0x18, 0x84,
    0x3, 0xfe, 0x10, 0xc, 0x6a, 0x1, 0x98, 0x3,
    0x8c, 0x80, 0x21, 0x16, 0x80, 0x69, 0x60, 0x9,
    0x74, 0x3, 0x38, 0x30, 0x80, 0x69, 0xfe, 0xfa,
    0x10, 0xd, 0x60, 0xa, 0x0, 0xf0, 0x80, 0x7a,
    0x48, 0x0, 0x94, 0x1, 0xff, 0x43, 0x0, 0x65,
    0xe5, 0x0, 0xf9, 0x31, 0xc0, 0x3c, 0x35, 0xd7,
    0x11, 0x57, 0x59, 0x80, 0x60,

    /* U+0039 "9" */
    0x0, 0xf0, 0xab, 0xb9, 0x8c, 0x3, 0xfc, 0x35,
    0xd5, 0x10, 0x9c, 0xd6, 0x0, 0xf9, 0x39, 0x40,
    0x3c, 0x53, 0x40, 0x1c, 0x96, 0x1, 0xfe, 0x5a,
    0x0, 0x86, 0x80, 0x3f, 0xf8, 0xa, 0xc0, 0x9,
    0x10, 0xd, 0x3f, 0xec, 0x30, 0xd, 0x0, 0x6,
    0x0, 0xd8, 0xc0, 0x3, 0xc3, 0x0, 0x85, 0x8,
    0x40, 0x25, 0x30, 0xe, 0xf0, 0xd, 0x8c, 0x1,
    0xb0, 0x3, 0xc6, 0x1, 0x8c, 0x3, 0x84, 0x3,
    0xfe, 0x76, 0x0, 0xda, 0x1, 0xe4, 0x0, 0xe2,
    0x0, 0xca, 0x80, 0x1d, 0x0, 0x1e, 0x60, 0xd,
    0x6e, 0x20, 0x98, 0x60, 0x1e, 0xb0, 0xe, 0x8e,
    0xfb, 0x30, 0xf, 0x8a, 0x40, 0x3f, 0xf8, 0xad,
    0x20, 0x1f, 0x84, 0x3, 0xf3, 0x6b, 0x8, 0x4,
    0x2f, 0xe0, 0x1f, 0xc5, 0x3d, 0xcd, 0xee, 0x40,
    0x80, 0x7f, 0xf0, 0x4, 0x84, 0x3, 0xe6, 0x0,
    0xff, 0xe0, 0x28, 0x6, 0x20, 0xf, 0xfe, 0x4,
    0x0, 0x6c, 0x0, 0xc5, 0xae, 0x1, 0x1e, 0x90,
    0x4, 0x28, 0x1, 0x16, 0x14, 0x7e, 0xf6, 0x10,
    0x6, 0xb0, 0x8, 0xb0, 0x40, 0x22, 0x10, 0xe,
    0x55, 0x0, 0x4c, 0x20, 0x1f, 0xe5, 0xa0, 0xc,
    0x9c, 0xa0, 0x1f, 0x1d, 0x50, 0x3, 0xc3, 0x5f,
    0x73, 0x10, 0xad, 0xc5, 0x0, 0xc0,

    /* U+003A ":" */
    0x2a, 0xac, 0x82, 0xab, 0x88, 0x3, 0xff, 0x8c,
    0x7f, 0xf9, 0x80, 0x3f, 0xf9, 0x85, 0x55, 0x8d,
    0x95, 0x73, 0x0, 0x7f, 0xf1, 0x80,

    /* U+003B ";" */
    0x4f, 0xfc, 0xa0, 0x1f, 0xfc, 0x66, 0x55, 0xcc,
    0x55, 0x58, 0xc0, 0x3f, 0xfb, 0xc5, 0x55, 0x8d,
    0x95, 0x73, 0x0, 0x7f, 0xf1, 0x93, 0xfc, 0x40,
    0x1c, 0x40, 0xc0, 0xb6, 0x2, 0x63, 0x48, 0x10,
    0x6, 0x8b, 0x6c, 0x0,

    /* U+003C "<" */
    0x0, 0xff, 0xe4, 0x4c, 0x0, 0x7f, 0x4b, 0x3c,
    0x0, 0x7d, 0xc, 0x0, 0x77, 0x0, 0x74, 0x38,
    0x4, 0x28, 0x1, 0xa1, 0xc0, 0x21, 0xd3, 0x0,
    0xa1, 0xc0, 0x21, 0xc3, 0x0, 0xa1, 0xc0, 0x21,
    0xc2, 0x0, 0xa1, 0xc0, 0x21, 0xc2, 0x0, 0xca,
    0x1, 0x9c, 0x80, 0x3b, 0x8, 0x2, 0x69, 0x0,
    0xe1, 0xc2, 0x0, 0x9a, 0x40, 0x38, 0x70, 0x80,
    0x26, 0xa0, 0xe, 0x1c, 0x20, 0x9, 0x68, 0x3,
    0x87, 0x4, 0x2, 0x59, 0x0, 0xe1, 0xc1, 0x0,
    0x14, 0x0, 0x78, 0xb0, 0x4b, 0x4, 0x3, 0xe2,
    0xcc, 0x8, 0x0,

    /* U+003D "=" */
    0xef, 0xff, 0xfe, 0x23, 0x0, 0x7f, 0xf6, 0x19,
    0xbf, 0xf8, 0xa5, 0x13, 0x3f, 0xfc, 0x44, 0x0,
    0xff, 0xe3, 0x44, 0xcf, 0xff, 0x11, 0x19, 0xbf,
    0xf8, 0xa4, 0x1, 0xff, 0xd8,

    /* U+003E ">" */
    0x0, 0xff, 0xe1, 0x4c, 0x0, 0x7f, 0x4b, 0x3b,
    0x80, 0x3e, 0x86, 0x0, 0x43, 0x80, 0x7b, 0x0,
    0x34, 0x38, 0x7, 0x26, 0x0, 0x68, 0x70, 0xe,
    0x3c, 0x10, 0xa, 0x1c, 0x3, 0x8f, 0x44, 0x2,
    0x87, 0x0, 0xe3, 0xc1, 0x0, 0xa1, 0xc0, 0x38,
    0x90, 0x3, 0x50, 0x7, 0x52, 0x80, 0x45, 0x80,
    0x1a, 0x94, 0x2, 0x2c, 0x10, 0xa, 0xd4, 0x2,
    0x2c, 0x10, 0xa, 0xd0, 0x2, 0x2c, 0x10, 0xa,
    0x90, 0x2, 0x2c, 0x10, 0xd, 0x2, 0x0, 0x2c,
    0x10, 0xe, 0x2c, 0x12, 0xc1, 0x0, 0xf8, 0xb3,
    0x2, 0x1, 0xf0,

    /* U+003F "?" */
    0x0, 0xf2, 0x3b, 0x99, 0x4, 0x3, 0xfa, 0x3e,
    0xe2, 0x13, 0x7d, 0x44, 0x1, 0xc3, 0x8e, 0x1,
    0xf2, 0xea, 0x0, 0x6d, 0x30, 0xf, 0xf5, 0x90,
    0x1, 0x4c, 0x3, 0x84, 0x3, 0xd2, 0x0, 0x90,
    0xc, 0xff, 0xdf, 0x20, 0x19, 0x4, 0x46, 0x1,
    0x1c, 0x0, 0x4c, 0xa0, 0x19, 0xd, 0x57, 0x50,
    0x7, 0x68, 0x6, 0x32, 0xaa, 0xcc, 0x1, 0xde,
    0x1, 0x8c, 0x3, 0xfe, 0x40, 0xc, 0xc0, 0x1f,
    0xe5, 0x30, 0x8, 0x8c, 0x3, 0xf9, 0x28, 0x3,
    0x40, 0x7, 0xf2, 0xd8, 0x6, 0x55, 0x0, 0x7e,
    0x5a, 0x0, 0xc5, 0x60, 0x1f, 0x86, 0x80, 0x30,
    0xf8, 0x80, 0x7e, 0x90, 0xc, 0x38, 0x40, 0x1f,
    0xcc, 0x1, 0xa8, 0x80, 0x3f, 0x88, 0x40, 0x23,
    0x40, 0xf, 0xf3, 0x0, 0x65, 0x0, 0xff, 0x96,
    0xef, 0x80, 0x3f, 0xe1, 0x44, 0xc4, 0x1, 0xff,
    0x1f, 0x76, 0x80, 0xf, 0xf9, 0xc4, 0x78, 0x3,
    0xff, 0xda,

    /* U+0040 "@" */
    0x0, 0xfe, 0x15, 0x79, 0x94, 0x3a, 0x88, 0x7,
    0xff, 0x11, 0x73, 0xaa, 0x19, 0x8f, 0x15, 0xd8,
    0xc0, 0x1f, 0xfc, 0x2, 0xca, 0x30, 0xf, 0xe3,
    0x9e, 0x50, 0xf, 0xe5, 0xd3, 0x0, 0xff, 0xe0,
    0x8d, 0x40, 0x7, 0xc9, 0x40, 0x18, 0xe7, 0x3f,
    0xed, 0xa5, 0x0, 0xcf, 0x20, 0x1c, 0x34, 0x1,
    0x15, 0xe3, 0x18, 0x4, 0x4b, 0x5a, 0x80, 0x13,
    0x28, 0x6, 0xb1, 0x0, 0x16, 0x20, 0xb, 0x4c,
    0x9c, 0xc0, 0x82, 0x9c, 0x2, 0xb0, 0x8, 0x94,
    0x2, 0xf1, 0x8, 0xe9, 0x66, 0x46, 0x6e, 0xd3,
    0x8, 0x0, 0x17, 0x0, 0x50, 0x5, 0x4, 0x14,
    0xe0, 0x1e, 0x20, 0xd, 0x20, 0x15, 0x0, 0x10,
    0x2, 0x60, 0x55, 0x0, 0x7f, 0xbc, 0x8, 0xc0,
    0x4, 0x20, 0x60, 0x3, 0x10, 0x80, 0x9, 0x77,
    0xf5, 0x0, 0x3c, 0x80, 0x12, 0x90, 0x4, 0xc0,
    0x24, 0x0, 0x1a, 0x20, 0x2a, 0x0, 0xf7, 0x80,
    0x44, 0x20, 0x11, 0x1, 0x0, 0x48, 0x1, 0x84,
    0x40, 0x1c, 0x20, 0x10, 0xb8, 0x7, 0xff, 0xc,
    0xc0, 0x3f, 0x84, 0x3, 0x8, 0x10, 0x4, 0x80,
    0x18, 0x48, 0x1, 0xe0, 0x1, 0x0, 0x8d, 0x80,
    0x22, 0x1, 0x20, 0x0, 0xd1, 0x1, 0x68, 0x4,
    0xc2, 0x2a, 0x0, 0x9c, 0x80, 0x24, 0x0, 0x58,
    0x4, 0xbb, 0xfa, 0x60, 0x10, 0xf7, 0x8, 0x0,
    0x44, 0x3, 0x0, 0x94, 0x19, 0x0, 0x3f, 0xf8,
    0x90, 0x0, 0xa0, 0xa, 0x40, 0x16, 0xc0, 0x1e,
    0x68, 0x0, 0xf3, 0xa8, 0x1, 0x84, 0x0, 0x70,
    0x0, 0x9d, 0x86, 0x64, 0x6c, 0xbf, 0x43, 0x32,
    0x36, 0x0, 0x34, 0x0, 0x4f, 0x0, 0x2, 0x79,
    0x93, 0x90, 0x0, 0x5e, 0x64, 0xe4, 0x1, 0xcc,
    0xa0, 0x13, 0xea, 0x80, 0x7f, 0xf2, 0x29, 0x0,
    0x22, 0xaf, 0xca, 0x9a, 0xcf, 0x70, 0xf, 0xfe,
    0xd, 0xb0, 0x7, 0x1a, 0xb2, 0x98, 0x50, 0x7,
    0xff, 0xa, 0x71, 0x0, 0x3f, 0x88, 0x80, 0x1f,
    0xfc, 0x23, 0xbd, 0x84, 0x20, 0x8, 0x91, 0xcc,
    0x3, 0xf0,

    /* U+0041 "A" */
    0x0, 0xfd, 0xff, 0xf1, 0x80, 0x7f, 0xf0, 0x90,
    0x3, 0xeb, 0x0, 0xff, 0xe1, 0x68, 0x7, 0xca,
    0x1, 0xff, 0xc2, 0x70, 0xf, 0x88, 0x40, 0x3f,
    0xf8, 0x6, 0x20, 0x10, 0x80, 0x67, 0x0, 0xff,
    0xe0, 0x20, 0x6, 0x80, 0xd, 0xa0, 0x1f, 0xfc,
    0xb, 0x0, 0xcc, 0x40, 0x12, 0x0, 0x7f, 0xc2,
    0x60, 0x12, 0x82, 0x80, 0x64, 0x0, 0xff, 0x38,
    0x6, 0xf0, 0xb0, 0xd, 0xa0, 0x1f, 0xec, 0x0,
    0xc8, 0x6, 0x20, 0x13, 0x80, 0x7f, 0x94, 0x2,
    0x31, 0x0, 0x38, 0x4, 0x26, 0x1, 0xf9, 0x0,
    0x35, 0x80, 0x5a, 0x1, 0xac, 0x3, 0xf6, 0x80,
    0x65, 0x0, 0x90, 0x3, 0x20, 0x7, 0xe7, 0x0,
    0x88, 0x80, 0x19, 0x0, 0x23, 0x10, 0xf, 0x10,
    0x80, 0x48, 0x1, 0xda, 0x1, 0x9c, 0x3, 0xca,
    0x1, 0x85, 0x57, 0x84, 0x3, 0x68, 0x7, 0xac,
    0x3, 0x3d, 0x57, 0x40, 0x6, 0x40, 0xe, 0x13,
    0x0, 0xff, 0xe2, 0x20, 0x6, 0x40, 0xf, 0xfe,
    0x2e, 0x80, 0x6f, 0x0, 0xff, 0xe2, 0xb8, 0x6,
    0x50, 0x8, 0xff, 0xff, 0x98, 0x2, 0x13, 0x0,
    0x20, 0x6, 0xb0, 0xf, 0xed, 0x0, 0xd6, 0x0,
    0xd0, 0xc, 0xa0, 0x1f, 0xc8, 0x1, 0x90, 0x0,
    0x80, 0x10, 0x90, 0x7, 0xf9, 0x40, 0x23, 0x12,
    0x20, 0x4, 0xe0, 0x1f, 0xf7, 0x80, 0x67,

    /* U+0042 "B" */
    0xaf, 0xff, 0xf7, 0x5b, 0x0, 0x7f, 0xf1, 0x5,
    0x27, 0x4, 0x3, 0xff, 0x8a, 0x78, 0x20, 0x1f,
    0xfc, 0x52, 0x80, 0xf, 0xa6, 0xab, 0x4a, 0x0,
    0x66, 0x10, 0xf, 0x3a, 0xae, 0x6b, 0x50, 0xc,
    0x80, 0x1f, 0xfc, 0x1e, 0x0, 0xc4, 0x1, 0xff,
    0xc1, 0x70, 0xf, 0xfe, 0x32, 0x80, 0x61, 0x0,
    0xff, 0xe0, 0x2c, 0x0, 0x64, 0x0, 0xf7, 0x7f,
    0xf5, 0x8, 0x4, 0xa4, 0x1, 0xff, 0xc4, 0x3b,
    0x0, 0xff, 0xe3, 0x10, 0x7, 0xff, 0x14, 0xf0,
    0xc0, 0x3d, 0x35, 0x5d, 0x26, 0x1, 0xb8, 0x3,
    0xce, 0xab, 0xcd, 0x8c, 0x1, 0x12, 0x80, 0x7f,
    0xf0, 0x6c, 0x3, 0x68, 0x7, 0xff, 0x4, 0x80,
    0x31, 0x0, 0x7f, 0xf0, 0x4c, 0x3, 0x18, 0x7,
    0xff, 0x6, 0x0, 0x37, 0x0, 0x73, 0xb3, 0x73,
    0xea, 0x0, 0x64, 0x0, 0xe9, 0x9f, 0x41, 0x0,
    0x63, 0x30, 0x7, 0xff, 0x17, 0x80, 0x3f, 0xf8,
    0x83, 0x84, 0x1, 0xff, 0xc1, 0x14, 0x8e, 0x30,
    0x0,

    /* U+0043 "C" */
    0x0, 0xfc, 0x28, 0xce, 0xe6, 0x40, 0xf, 0xfe,
    0x12, 0xe7, 0x5c, 0xc4, 0x26, 0xfe, 0xd0, 0x3,
    0xf8, 0xb2, 0x8c, 0x3, 0xf2, 0x5d, 0x84, 0x3,
    0xc9, 0xa6, 0x1, 0xff, 0xc0, 0x4c, 0x20, 0xc,
    0x56, 0x1, 0xf0, 0x88, 0x3, 0xc5, 0xe2, 0x1,
    0x78, 0x7, 0x2e, 0x7f, 0x73, 0xec, 0xc0, 0x31,
    0x58, 0x1, 0xc8, 0x3, 0x4d, 0x18, 0x6, 0x4c,
    0x70, 0xc, 0xa6, 0x12, 0x1, 0xa1, 0x80, 0x3f,
    0x42, 0x0, 0x69, 0x41, 0x0, 0x89, 0xc0, 0x3f,
    0xd2, 0x1, 0x1e, 0xe0, 0x6, 0xa0, 0xf, 0xf8,
    0xa2, 0xbb, 0x1c, 0xc0, 0x32, 0x0, 0x7f, 0xf0,
    0x1d, 0x44, 0x0, 0xa0, 0x18, 0xc0, 0x3f, 0xf8,
    0xa2, 0x1, 0x8, 0x7, 0xff, 0xd0, 0x80, 0x21,
    0x0, 0xff, 0xe3, 0x30, 0x6, 0x30, 0xf, 0xfe,
    0x29, 0x80, 0x64, 0x0, 0xff, 0xe0, 0x3b, 0x8,
    0x3, 0x0, 0x35, 0x0, 0x7f, 0xc5, 0x13, 0xd8,
    0xe8, 0x20, 0x11, 0x38, 0x7, 0xfa, 0x40, 0x23,
    0xd0, 0x90, 0xd, 0xc, 0x1, 0xfa, 0x10, 0x3,
    0x48, 0x39, 0x0, 0x69, 0xa3, 0x0, 0xcb, 0x8e,
    0x1, 0x94, 0xc0, 0x1e, 0x1, 0xcb, 0x9f, 0xdc,
    0xfa, 0x30, 0xc, 0x56, 0x1, 0x15, 0x80, 0x7c,
    0x22, 0x0, 0xf1, 0x78, 0x80, 0x64, 0xd3, 0x0,
    0xff, 0xe0, 0x26, 0x10, 0x7, 0x8b, 0x28, 0xc0,
    0x3f, 0x25, 0xd8, 0x40, 0x3f, 0x97, 0x3a, 0xe6,
    0x21, 0x37, 0xf6, 0x80, 0x1c,

    /* U+0044 "D" */
    0xaf, 0xff, 0xf6, 0xd2, 0x80, 0x7f, 0xf1, 0x89,
    0x6b, 0x94, 0x3, 0xff, 0x8e, 0x35, 0x0, 0x1f,
    0xfc, 0x87, 0x70, 0x7, 0xe9, 0x9e, 0x84, 0x0,
    0xe8, 0x30, 0xf, 0x9d, 0x9b, 0x3d, 0xe8, 0x80,
    0x6e, 0x0, 0xff, 0xe1, 0x16, 0x0, 0x62, 0x40,
    0xf, 0xfe, 0x11, 0x38, 0x6, 0xe0, 0xf, 0xfe,
    0x1c, 0x80, 0x65, 0x0, 0xff, 0xe1, 0x89, 0x80,
    0x62, 0x0, 0xff, 0xe1, 0xa8, 0x6, 0x70, 0xf,
    0xfe, 0x1f, 0x0, 0x63, 0x0, 0xff, 0xf6, 0xf0,
    0x6, 0x30, 0xf, 0xfe, 0x1a, 0x80, 0x67, 0x0,
    0xff, 0xe1, 0x9, 0x80, 0x62, 0x0, 0xff, 0xe1,
    0x48, 0x6, 0x50, 0xf, 0xfe, 0x11, 0x38, 0x6,
    0xe0, 0xf, 0xfe, 0x9, 0x78, 0x6, 0x24, 0x0,
    0xf3, 0xb3, 0x75, 0x69, 0x0, 0x69, 0x0, 0xfa,
    0x67, 0xca, 0x1, 0xd0, 0x80, 0x1f, 0xfc, 0x67,
    0x70, 0x7, 0xff, 0x14, 0x6a, 0x0, 0x3f, 0xf8,
    0x64, 0xb5, 0xca, 0x1, 0xc0,

    /* U+0045 "E" */
    0xaf, 0xff, 0xfe, 0x1a, 0x80, 0x7f, 0xfb, 0x2a,
    0xbf, 0xe7, 0x0, 0xe5, 0x5f, 0xf8, 0x80, 0x3f,
    0xff, 0xbf, 0xff, 0xca, 0x1, 0xff, 0xee, 0xaa,
    0xfe, 0x40, 0xf, 0x95, 0x7f, 0x84, 0x3, 0xff,
    0xfe, 0xab, 0xff, 0x10, 0x7, 0x55, 0x7f, 0xce,
    0x1, 0xff, 0xe7,

    /* U+0046 "F" */
    0xaf, 0xff, 0xfe, 0x12, 0x80, 0x7f, 0xfa, 0x55,
    0x7f, 0xcc, 0x1, 0xd5, 0x5f, 0xe3, 0x0, 0xff,
    0xfc, 0xd5, 0x7e, 0x30, 0xf, 0x95, 0x7f, 0x38,
    0x7, 0xff, 0xaf, 0xff, 0xf2, 0x0, 0x7f, 0xff,
    0xc0, 0x3f, 0xff, 0x60,

    /* U+0047 "G" */
    0x0, 0xfc, 0x2a, 0xef, 0x31, 0x80, 0x7f, 0xf0,
    0xd7, 0x3a, 0xa2, 0x29, 0xcf, 0xa3, 0x0, 0xff,
    0x16, 0x51, 0x80, 0x7e, 0x5c, 0x90, 0xf, 0xc9,
    0xa6, 0x1, 0xff, 0xc0, 0x6b, 0x0, 0xf1, 0x58,
    0x7, 0xc2, 0x20, 0xf, 0x24, 0x80, 0x77, 0x80,
    0x72, 0xe7, 0xf7, 0x52, 0x20, 0x19, 0x90, 0x2,
    0x72, 0x0, 0xd3, 0x46, 0x1, 0xb, 0x60, 0x80,
    0x68, 0x0, 0xa4, 0x3, 0x43, 0x0, 0x7c, 0x5a,
    0x1, 0x8c, 0x81, 0x4, 0x2, 0x17, 0x0, 0xfe,
    0x35, 0x0, 0xca, 0x18, 0x1, 0x98, 0x3, 0xfe,
    0x93, 0x58, 0xa5, 0x4, 0x0, 0xd6, 0x1, 0xff,
    0x1e, 0x53, 0xa9, 0x1, 0x0, 0x62, 0x0, 0xff,
    0xe3, 0x8, 0x6, 0x10, 0xf, 0xfe, 0x50, 0x80,
    0x7f, 0x5f, 0xff, 0xe2, 0x0, 0xc2, 0x1, 0xff,
    0xc7, 0x10, 0xc, 0x20, 0x1f, 0xfc, 0x65, 0x0,
    0xc4, 0x1, 0xfb, 0x59, 0xa0, 0xe, 0x23, 0x0,
    0xd6, 0x1, 0xf9, 0xa6, 0x50, 0x1, 0x88, 0x30,
    0x3, 0x30, 0x7, 0xfc, 0xe0, 0x19, 0x1, 0x8,
    0x2, 0x17, 0x0, 0xff, 0x40, 0x6, 0xd0, 0x5,
    0x80, 0x68, 0x60, 0xf, 0xd6, 0x20, 0x11, 0x20,
    0x1, 0x88, 0x3, 0x4d, 0x18, 0x4, 0x2d, 0xa8,
    0x1, 0xa4, 0x3, 0x78, 0x7, 0x2e, 0x7f, 0x75,
    0x24, 0x1, 0x9d, 0x0, 0x31, 0x60, 0x7, 0xc2,
    0x20, 0xf, 0x34, 0x0, 0x78, 0xf4, 0xc0, 0x3f,
    0xf8, 0x13, 0x20, 0xf, 0xc5, 0x94, 0x60, 0x1f,
    0xb, 0x73, 0x0, 0x7f, 0xcb, 0x9d, 0x71, 0x15,
    0x67, 0x48, 0x80, 0x78,

    /* U+0048 "H" */
    0xaf, 0xfc, 0x1, 0xff, 0x7f, 0xe9, 0x0, 0xff,
    0xff, 0x80, 0x7f, 0xff, 0xc0, 0x3f, 0xfc, 0xa,
    0xbf, 0xe6, 0x0, 0xff, 0x55, 0x7f, 0xa4, 0x3,
    0xff, 0xfb, 0xff, 0xff, 0x0, 0x7f, 0xff, 0xc0,
    0x3f, 0xff, 0xe0, 0x1f, 0xfe, 0x0,

    /* U+0049 "I" */
    0x4f, 0xfc, 0xa0, 0x1f, 0xff, 0xf0, 0xf, 0xff,
    0xc8,

    /* U+004A "J" */
    0x0, 0xff, 0x7f, 0xeb, 0x0, 0xff, 0xff, 0x80,
    0x7f, 0xff, 0xc0, 0x3f, 0xff, 0xe0, 0x1f, 0xfd,
    0x61, 0x0, 0xff, 0x1b, 0xdf, 0xe8, 0x6, 0x30,
    0xc, 0x3f, 0x8, 0x7, 0x20, 0x2, 0xf0, 0xc,
    0x52, 0x1, 0x9b, 0xfb, 0x4c, 0x3, 0x52, 0xa0,
    0x7, 0x8, 0x7, 0x31, 0x5, 0x98, 0x7, 0xf2,
    0x48, 0x5, 0x8e, 0x1, 0xe1, 0x8b, 0x0, 0xe8,
    0xfb, 0x88, 0x4d, 0xf3, 0x80, 0x40,

    /* U+004B "K" */
    0xaf, 0xfc, 0x1, 0xf8, 0xbf, 0xfa, 0x0, 0x3f,
    0xf8, 0x5e, 0x1, 0x92, 0x0, 0x3f, 0xf8, 0x36,
    0x40, 0x11, 0x50, 0x7, 0xff, 0x6, 0x10, 0x2,
    0x1f, 0x10, 0xf, 0xfe, 0x2, 0xb8, 0x6, 0xa2,
    0x0, 0xff, 0xe0, 0x15, 0x0, 0x69, 0x40, 0xf,
    0xfe, 0x0, 0xf8, 0x6, 0x66, 0x0, 0x7f, 0xf0,
    0x68, 0x80, 0x24, 0x90, 0xf, 0xfe, 0xc, 0x20,
    0x4, 0x54, 0x1, 0xff, 0xc1, 0x57, 0x0, 0x87,
    0xc4, 0x3, 0xff, 0x80, 0x74, 0x1, 0xa8, 0x80,
    0x3f, 0xf8, 0x3a, 0x1, 0xa5, 0x0, 0x3f, 0xf8,
    0x42, 0x1, 0xb, 0x0, 0x7f, 0xf1, 0xc6, 0xc0,
    0x3f, 0xf8, 0x76, 0x1, 0x92, 0x40, 0x3f, 0xf8,
    0x49, 0x20, 0x19, 0x9c, 0x3, 0xff, 0x84, 0xce,
    0x1, 0xa1, 0x40, 0x3f, 0xf8, 0x50, 0xa0, 0x1a,
    0x8c, 0x3, 0xff, 0x85, 0x46, 0x1, 0xb4, 0x80,
    0x3f, 0xf8, 0x5a, 0x40, 0x10, 0xf8, 0x80, 0x7f,
    0xf0, 0x47, 0xc4, 0x2, 0x2a, 0x0, 0xff, 0xe1,
    0x15, 0x0, 0x64, 0x90, 0xf, 0xfe, 0x12, 0x48,
    0x6, 0x67, 0x0, 0xff, 0xe1, 0x33, 0x80, 0x68,
    0x50, 0xf, 0xfe, 0x14, 0x28, 0x6, 0xa3,

    /* U+004C "L" */
    0x4f, 0xfc, 0xa0, 0x1f, 0xff, 0xf0, 0xf, 0xff,
    0xf8, 0x7, 0xff, 0xfc, 0x3, 0xff, 0xfe, 0x1,
    0xff, 0xc7, 0xc5, 0x5f, 0xe4, 0x0, 0xe6, 0xaa,
    0xff, 0x0, 0x7f, 0xf9, 0x0,

    /* U+004D "M" */
    0xaf, 0xfb, 0x0, 0x3f, 0xf8, 0x71, 0xff, 0x68,
    0x6, 0x34, 0x0, 0xff, 0xe0, 0x8b, 0x80, 0x7f,
    0x40, 0x7, 0xff, 0x6, 0x40, 0x3f, 0xc6, 0x60,
    0xf, 0xfe, 0x3, 0x0, 0x7f, 0xd0, 0x1, 0xff,
    0x38, 0x80, 0x7f, 0xc8, 0x60, 0x1f, 0xe9, 0x0,
    0xff, 0xe0, 0xc0, 0x7, 0xf3, 0x88, 0x7, 0xff,
    0x5, 0xc, 0x3, 0xf4, 0x80, 0x7f, 0xf0, 0xe4,
    0x3, 0xe6, 0x10, 0xf, 0xfe, 0x1a, 0x90, 0x7,
    0xa0, 0x3, 0xff, 0x80, 0x40, 0x1a, 0x0, 0x39,
    0x84, 0x2, 0x30, 0xf, 0xcc, 0xc0, 0x9, 0x48,
    0x3, 0x58, 0x4, 0x56, 0x1, 0xfd, 0x60, 0x1a,
    0x0, 0x26, 0x20, 0xa, 0xc0, 0x3f, 0xc4, 0xa0,
    0x12, 0x90, 0x2, 0xc0, 0x21, 0x60, 0xf, 0xfa,
    0x40, 0x35, 0x82, 0x90, 0x5, 0x0, 0x1f, 0xfc,
    0x3, 0x40, 0x9, 0x8a, 0x0, 0x21, 0x60, 0xf,
    0xfe, 0xc, 0x0, 0x6f, 0x20, 0xa, 0x40, 0x3f,
    0xf8, 0x46, 0x60, 0x8, 0x80, 0x33, 0x0, 0x7f,
    0xf0, 0xe0, 0x3, 0xe7, 0x10, 0xf, 0xfe, 0x1a,
    0x10, 0x7, 0xa4, 0x3, 0xff, 0x8b, 0x0, 0x1c,
    0xc2, 0x1, 0xff, 0xc5, 0x52, 0x0, 0xd0, 0x1,
    0xff, 0xc7, 0xb0, 0x9, 0x44, 0x3, 0xff, 0x8e,
    0xc2, 0x0, 0x80, 0xf, 0xfe, 0x4c, 0x82, 0x90,
    0x7, 0xf8,

    /* U+004E "N" */
    0xaf, 0xfc, 0xc0, 0x1f, 0xc9, 0xff, 0x98, 0x3,
    0xa4, 0x40, 0x3f, 0xf9, 0x16, 0x1, 0xff, 0xc8,
    0x55, 0x0, 0x7f, 0xf2, 0x2c, 0x3, 0xff, 0x90,
    0x32, 0x1, 0xff, 0xc8, 0x63, 0x0, 0xff, 0xe4,
    0x70, 0x7, 0xff, 0x10, 0x80, 0x22, 0x80, 0xf,
    0xfe, 0x1c, 0x80, 0x67, 0x20, 0xf, 0xfe, 0x12,
    0xb8, 0x6, 0xe0, 0xf, 0xfe, 0x1c, 0x10, 0x4,
    0x6c, 0x1, 0xff, 0xc3, 0x90, 0xd, 0x22, 0x1,
    0xff, 0xc2, 0x46, 0x0, 0xd4, 0x1, 0xff, 0xc3,
    0x81, 0x0, 0x91, 0x40, 0x3f, 0xf8, 0x43, 0x60,
    0x1a, 0xc4, 0x3, 0xff, 0x84, 0xa8, 0x1, 0xc,
    0x0, 0x7f, 0xf0, 0xe8, 0x3, 0x10, 0x7, 0xff,
    0xc, 0x64, 0x3, 0xff, 0x90, 0xc6, 0x1, 0xff,
    0xc8, 0xe0, 0xf, 0xfe, 0x41, 0x38, 0x7, 0xff,
    0x22, 0x8, 0x3, 0xff, 0x91, 0xc0, 0x1f, 0xfc,
    0x83, 0x60, 0xe,

    /* U+004F "O" */
    0x0, 0xfc, 0x28, 0xce, 0xe6, 0x40, 0xf, 0xfe,
    0x1a, 0xe7, 0x5c, 0xc4, 0x26, 0xfe, 0xd0, 0x3,
    0xfc, 0x59, 0x46, 0x1, 0xf9, 0x2e, 0x84, 0x3,
    0xe4, 0xd3, 0x0, 0xff, 0xe0, 0x2e, 0x8, 0x7,
    0x15, 0x80, 0x7c, 0x22, 0x0, 0xf1, 0x60, 0x7,
    0x78, 0x7, 0x2e, 0x7f, 0x73, 0xec, 0xc0, 0x31,
    0x50, 0x4, 0xe4, 0x1, 0xa6, 0x8c, 0x3, 0x26,
    0x30, 0x6, 0x53, 0x0, 0x48, 0x6, 0x86, 0x0,
    0xfd, 0x28, 0x1, 0xa4, 0x10, 0x40, 0x21, 0x70,
    0xf, 0xf4, 0x80, 0x65, 0xc, 0x0, 0xcc, 0x1,
    0xff, 0x12, 0x0, 0x64, 0x30, 0xd, 0x60, 0x1f,
    0xfc, 0xc, 0x0, 0xd8, 0xa0, 0x18, 0x80, 0x3f,
    0xf8, 0x6, 0x1, 0x88, 0x40, 0x30, 0x80, 0x7f,
    0xf0, 0x18, 0x3, 0x8, 0x6, 0x10, 0xf, 0xfe,
    0x58, 0x80, 0x7f, 0xf1, 0xc8, 0x3, 0x8, 0x7,
    0xff, 0x1, 0x80, 0x30, 0xb0, 0x6, 0x20, 0xf,
    0xfe, 0x1, 0x80, 0x62, 0x30, 0xd, 0x60, 0x1f,
    0xfc, 0xc, 0x0, 0xd9, 0x80, 0xc, 0xc0, 0x1f,
    0xf1, 0x20, 0x6, 0x44, 0x8, 0x4, 0x2e, 0x1,
    0xfe, 0x90, 0xc, 0xa0, 0x9, 0x0, 0xd0, 0xc0,
    0x1f, 0xa5, 0x0, 0x34, 0x80, 0x1c, 0x80, 0x34,
    0xd1, 0x80, 0x65, 0xc6, 0x0, 0xca, 0x60, 0x17,
    0x80, 0x72, 0xe7, 0xf7, 0x3e, 0x8c, 0x3, 0x15,
    0x0, 0x62, 0xb0, 0xf, 0x84, 0x40, 0x1e, 0x2c,
    0x0, 0xf2, 0x69, 0x80, 0x7f, 0xf0, 0x17, 0x4,
    0x3, 0xe2, 0xca, 0x30, 0xf, 0xc9, 0x74, 0x20,
    0x1f, 0xe5, 0xce, 0xb9, 0x88, 0x4d, 0xfd, 0xa0,
    0x7, 0x80,

    /* U+0050 "P" */
    0xaf, 0xff, 0xfb, 0xad, 0xc4, 0x3, 0xff, 0x88,
    0x29, 0x1e, 0x80, 0x1f, 0xfc, 0x61, 0xb4, 0x0,
    0xff, 0xe3, 0xd0, 0x80, 0x7a, 0xab, 0xd2, 0xa0,
    0x18, 0x58, 0x3, 0xca, 0xbe, 0x6a, 0x90, 0xd,
    0x60, 0x1f, 0xfc, 0x26, 0x20, 0x8, 0xc0, 0x3f,
    0xf8, 0x6e, 0x1, 0xff, 0xc7, 0x30, 0xc, 0x20,
    0x1f, 0xfc, 0x25, 0x0, 0xc2, 0x1, 0xff, 0xc1,
    0x23, 0x0, 0x88, 0x3, 0xff, 0x80, 0x2b, 0x80,
    0x19, 0x0, 0x3d, 0xff, 0xee, 0xa1, 0x0, 0xd6,
    0x1, 0xff, 0xc6, 0x72, 0x0, 0xff, 0xe2, 0xac,
    0x0, 0x7f, 0xf1, 0xe, 0xa8, 0x1, 0xfa, 0xab,
    0xeb, 0xec, 0x50, 0xf, 0xe5, 0x5f, 0x90, 0x40,
    0x3f, 0xff, 0xe0, 0x1f, 0xff, 0xb0,

    /* U+0051 "Q" */
    0x0, 0xfc, 0x28, 0xce, 0xe6, 0x40, 0xf, 0xfe,
    0x1a, 0xe7, 0x5c, 0xc4, 0x26, 0xfe, 0xd0, 0x3,
    0xfc, 0x59, 0x46, 0x1, 0xf9, 0x2e, 0x84, 0x3,
    0xe4, 0xd3, 0x0, 0xff, 0xe0, 0x2e, 0x8, 0x7,
    0x15, 0x80, 0x7c, 0x22, 0x0, 0xf1, 0x60, 0x7,
    0x78, 0x7, 0x2e, 0x7f, 0x73, 0xec, 0xc0, 0x31,
    0x50, 0x4, 0xe4, 0x1, 0xa6, 0x8c, 0x3, 0x26,
    0x30, 0x6, 0x53, 0x0, 0x48, 0x6, 0x86, 0x0,
    0xfd, 0x28, 0x1, 0xa4, 0x10, 0x40, 0x21, 0x70,
    0xf, 0xf4, 0x80, 0x65, 0xc, 0x0, 0xcc, 0x1,
    0xff, 0x12, 0x0, 0x64, 0x30, 0xd, 0x60, 0x1f,
    0xfc, 0xc, 0x0, 0xd8, 0xa0, 0x18, 0x80, 0x3f,
    0xf8, 0x6, 0x1, 0x88, 0x40, 0x30, 0x80, 0x7f,
    0xf0, 0x18, 0x3, 0x8, 0x6, 0x10, 0xf, 0xfe,
    0x58, 0x80, 0x7f, 0xf1, 0xc8, 0x3, 0x8, 0x7,
    0xff, 0x1, 0x80, 0x30, 0xb0, 0x6, 0x20, 0xf,
    0xe1, 0x50, 0x30, 0xc, 0x46, 0x1, 0xac, 0x3,
    0xf0, 0xed, 0x2e, 0x0, 0x6c, 0xc0, 0x6, 0x60,
    0xf, 0xda, 0x61, 0x48, 0x1, 0x91, 0x2, 0x1,
    0xb, 0x80, 0x79, 0x4c, 0x3, 0xe5, 0x0, 0x48,
    0x6, 0x86, 0x0, 0xe5, 0x90, 0xf, 0xa4, 0x0,
    0xe4, 0x1, 0xa6, 0x8c, 0x3, 0x18, 0x80, 0x72,
    0x18, 0x5, 0xe0, 0x1c, 0xb9, 0xfd, 0xcf, 0xa1,
    0x0, 0xe4, 0x40, 0x4, 0x56, 0x1, 0xf0, 0x88,
    0x3, 0xfa, 0xc4, 0x2, 0x4d, 0x30, 0xf, 0xfe,
    0x1, 0x80, 0x50, 0x20, 0x18, 0xb2, 0x8c, 0x3,
    0xf2, 0x5e, 0x40, 0x3b, 0x80, 0x3e, 0x5c, 0xeb,
    0x98, 0x84, 0xdf, 0xda, 0x3, 0xdc, 0x0, 0x0,

    /* U+0052 "R" */
    0xaf, 0xff, 0xfb, 0xad, 0xc4, 0x3, 0xff, 0x88,
    0x29, 0x1e, 0x80, 0x1f, 0xfc, 0x61, 0xb4, 0x0,
    0xff, 0xe3, 0xd0, 0x7, 0xd5, 0x5e, 0x95, 0x0,
    0xc2, 0xe0, 0x1e, 0x55, 0xf3, 0x54, 0x80, 0x6b,
    0x0, 0xff, 0xe1, 0x31, 0x0, 0x46, 0x1, 0xff,
    0xc3, 0x70, 0xf, 0xfe, 0x39, 0x80, 0x61, 0x0,
    0xff, 0xe1, 0x28, 0x6, 0x10, 0xf, 0xfe, 0x9,
    0x18, 0x4, 0x40, 0x1f, 0xfc, 0x1, 0x5c, 0x0,
    0xca, 0x1, 0xef, 0xff, 0x75, 0x8, 0x6, 0xa0,
    0xf, 0xfe, 0x33, 0x90, 0x7, 0xff, 0x15, 0x60,
    0x3, 0xff, 0x8b, 0x34, 0x1, 0xfa, 0xef, 0x8c,
    0x3, 0xff, 0x84, 0x89, 0xd2, 0x1, 0xac, 0x3,
    0xff, 0x84, 0xa4, 0x1, 0x12, 0x80, 0x7f, 0xf0,
    0xac, 0x3, 0x40, 0x7, 0xff, 0x9, 0x84, 0x2,
    0x24, 0x0, 0xff, 0xe1, 0x48, 0x6, 0x80, 0xf,
    0xfe, 0x13, 0x88, 0x4, 0x66, 0x0, 0xff, 0xe1,
    0x30, 0x6, 0x80, 0xf, 0xfe, 0x14, 0x80, 0x64,
    0x30,

    /* U+0053 "S" */
    0x0, 0xf8, 0x95, 0xde, 0x52, 0x0, 0xff, 0x86,
    0x3b, 0x6a, 0x22, 0xad, 0xd3, 0x0, 0x7e, 0x3f,
    0x71, 0x0, 0xf8, 0xa7, 0x4, 0x3, 0x8f, 0x4,
    0x3, 0xfe, 0x3f, 0x10, 0xd, 0xc0, 0x1e, 0x12,
    0x0, 0xf0, 0xe8, 0x4, 0xa4, 0x1, 0x9b, 0x7b,
    0x7e, 0xc8, 0x3, 0x1b, 0x0, 0x34, 0x3, 0x3c,
    0x90, 0x4, 0x9a, 0x60, 0x1a, 0xc0, 0x4, 0x1,
    0xac, 0x3, 0xee, 0x0, 0xc6, 0x20, 0x1e, 0x60,
    0xf, 0x8a, 0x27, 0x3b, 0x82, 0x4, 0x1, 0xa9,
    0x80, 0x3e, 0x76, 0x31, 0x0, 0xb0, 0x3, 0xa7,
    0xa5, 0x44, 0x3, 0xfc, 0x86, 0x1, 0xc2, 0xd5,
    0xd9, 0x6, 0x1, 0xfb, 0x88, 0x3, 0xf1, 0xbe,
    0x73, 0x80, 0x78, 0xb1, 0x80, 0x3f, 0xc3, 0x1c,
    0x60, 0x1c, 0x33, 0xd2, 0x80, 0x1f, 0xc3, 0x86,
    0x1, 0xe1, 0x6b, 0xfa, 0x61, 0x0, 0xfb, 0xc0,
    0x3f, 0xcb, 0x3d, 0x8e, 0x1, 0xc6, 0x60, 0x8,
    0x50, 0x40, 0x3c, 0x71, 0xc4, 0x1, 0x95, 0xb3,
    0xfa, 0xd8, 0x3, 0xf0, 0xd0, 0x6, 0x10, 0x30,
    0xa, 0x40, 0x3f, 0xf8, 0x42, 0xe0, 0x18, 0x6c,
    0x3, 0xe1, 0x90, 0xc, 0xa2, 0xa0, 0x19, 0x35,
    0x40, 0x32, 0xf8, 0x80, 0x44, 0x61, 0x62, 0x1,
    0x8a, 0xbf, 0x75, 0xf4, 0x20, 0x1a, 0x0, 0x3,
    0xa0, 0x1f, 0x11, 0x0, 0x3c, 0xca, 0x1, 0x1e,
    0x90, 0x7, 0xff, 0x2, 0x24, 0x3, 0x8b, 0x64,
    0x80, 0x3e, 0x16, 0xd7, 0x0, 0xfc, 0xdb, 0xd5,
    0x11, 0x56, 0x74, 0x90, 0x6,

    /* U+0054 "T" */
    0xaf, 0xff, 0xfe, 0x3b, 0x0, 0x7f, 0xfc, 0xe6,
    0xab, 0xe0, 0xc, 0x75, 0x5f, 0x21, 0xaa, 0xfc,
    0x1, 0x9d, 0x57, 0xe2, 0x0, 0xff, 0xff, 0x80,
    0x7f, 0xff, 0xc0, 0x3f, 0xff, 0xe0, 0x1f, 0xff,
    0xf0, 0xf, 0xff, 0xf8, 0x7, 0xff, 0x30,

    /* U+0055 "U" */
    0xaf, 0xfc, 0x20, 0x1f, 0xcd, 0xff, 0x90, 0x3,
    0xff, 0xfe, 0x1, 0xff, 0xff, 0x0, 0xff, 0xff,
    0x80, 0x7f, 0xff, 0xc0, 0x3f, 0xf8, 0x66, 0x1,
    0x8c, 0x3, 0xf8, 0x40, 0x3b, 0x80, 0x33, 0x80,
    0x7f, 0x68, 0x6, 0x63, 0x0, 0xd2, 0x1, 0xf8,
    0x94, 0x3, 0x12, 0x0, 0x63, 0x80, 0xf, 0xb8,
    0x3, 0x28, 0x1, 0xc0, 0x33, 0xd9, 0x80, 0x4b,
    0xa6, 0x1, 0xa4, 0x1, 0x2, 0x1, 0x93, 0x3f,
    0xbe, 0x88, 0x3, 0x31, 0x80, 0x58, 0x1, 0xf0,
    0x80, 0x78, 0xe4, 0x3, 0x16, 0x90, 0x7, 0xfc,
    0xb8, 0x1, 0xe2, 0xd8, 0x20, 0xf, 0x8e, 0xe8,
    0x3, 0xf9, 0xf7, 0x55, 0x11, 0x57, 0x62, 0x0,
    0x70,

    /* U+0056 "V" */
    0xaf, 0xfc, 0x20, 0x1f, 0xf7, 0x7f, 0xdc, 0x18,
    0x1, 0x9c, 0x3, 0xfc, 0x62, 0x1, 0x38, 0x38,
    0x6, 0xc0, 0xf, 0xf2, 0x0, 0x6d, 0x1, 0x30,
    0x9, 0x40, 0x3f, 0xd6, 0x1, 0x90, 0x1, 0x60,
    0x19, 0x0, 0x3f, 0x9, 0x80, 0x4a, 0x1, 0x28,
    0x6, 0xd0, 0xf, 0xce, 0x1, 0xb0, 0x2, 0x21,
    0x0, 0x90, 0x3, 0xf6, 0x80, 0x67, 0x0, 0xce,
    0x1, 0x11, 0x0, 0x3e, 0x40, 0x8, 0xc4, 0x3,
    0x68, 0x6, 0x50, 0xf, 0x20, 0x6, 0xb0, 0xe,
    0x40, 0xd, 0x60, 0x1e, 0xd0, 0xc, 0x80, 0x1e,
    0x50, 0x8, 0xc4, 0x3, 0x9c, 0x2, 0x13, 0x0,
    0xf6, 0x0, 0x64, 0x0, 0xc6, 0x20, 0x13, 0x80,
    0x7c, 0xe0, 0x1b, 0xc0, 0x35, 0x80, 0x6d, 0x0,
    0xf8, 0x4c, 0x2, 0x40, 0xc, 0xa0, 0x19, 0x0,
    0x3f, 0x58, 0x4, 0x26, 0x0, 0x12, 0x0, 0x90,
    0x3, 0xf9, 0x0, 0x35, 0x80, 0x1c, 0x3, 0x68,
    0x7, 0xf1, 0x88, 0x4, 0xa0, 0xd, 0x0, 0xce,
    0x1, 0xfe, 0x70, 0x8, 0x88, 0x8, 0x1, 0x18,
    0x80, 0x7f, 0xb4, 0x3, 0x22, 0x80, 0x6b, 0x0,
    0xff, 0x90, 0x3, 0x6f, 0x80, 0x64, 0x0, 0xff,
    0xe0, 0x20, 0x4, 0x88, 0x0, 0x84, 0xc0, 0x3f,
    0xf8, 0x1a, 0x1, 0x84, 0x2, 0x70, 0xf, 0xfe,
    0xb, 0x80, 0x7e, 0xd0, 0xf, 0xfe, 0x8, 0x98,
    0x7, 0xc8, 0x1, 0xff, 0xc2, 0xb0, 0xf, 0x20,
    0x7, 0xe0,

    /* U+0057 "W" */
    0x8f, 0xfc, 0xa0, 0x1f, 0xb3, 0xff, 0x30, 0x7,
    0xeb, 0xff, 0xc5, 0x60, 0x1b, 0x0, 0x3f, 0x18,
    0x6, 0xc0, 0xf, 0xc8, 0x1, 0x11, 0xc, 0x40,
    0x24, 0x0, 0xf9, 0x0, 0x39, 0x0, 0x3e, 0x30,
    0xc, 0x80, 0x4, 0x0, 0x88, 0x80, 0x1e, 0xc0,
    0xe, 0x12, 0x0, 0xf5, 0x80, 0x6d, 0x0, 0x78,
    0x6, 0x40, 0xf, 0x28, 0x7, 0x94, 0x3, 0xc8,
    0x1, 0x90, 0x0, 0x80, 0x1b, 0x0, 0x38, 0x48,
    0x3, 0xd8, 0x1, 0xc2, 0x60, 0x12, 0x0, 0x42,
    0x60, 0x12, 0x0, 0x72, 0x0, 0x7c, 0x80, 0x1c,
    0x80, 0x1b, 0x40, 0x32, 0x0, 0x42, 0x60, 0x1b,
    0xc0, 0x3f, 0x18, 0x6, 0xc0, 0xc, 0x80, 0x1a,
    0xc0, 0x32, 0x0, 0x64, 0x0, 0x8c, 0x3, 0x58,
    0x6, 0x40, 0x8, 0x88, 0x1, 0x8c, 0x40, 0x2c,
    0x0, 0x88, 0x40, 0x2a, 0x30, 0x9, 0x0, 0x21,
    0x20, 0x9, 0x40, 0x3c, 0x80, 0x12, 0x0, 0x48,
    0x1, 0x91, 0x0, 0x11, 0x80, 0x4e, 0x1, 0xb0,
    0x3, 0xde, 0x1, 0x90, 0x1, 0xa0, 0x11, 0x12,
    0xc0, 0x32, 0x80, 0x30, 0x3, 0x20, 0x7, 0x90,
    0x3, 0x60, 0x1, 0x0, 0x24, 0x3, 0x0, 0xd8,
    0x0, 0x40, 0x9, 0x0, 0x3e, 0x13, 0x0, 0x90,
    0xc, 0x3, 0x68, 0x1, 0x40, 0x24, 0x3, 0x10,
    0xb, 0x40, 0x3f, 0x20, 0x4, 0x62, 0x80, 0x19,
    0x0, 0x18, 0x1, 0x10, 0xa0, 0x6, 0x70, 0xf,
    0xd6, 0x1, 0x92, 0xc0, 0x24, 0x0, 0x9c, 0x3,
    0x3e, 0x0, 0x44, 0x20, 0x1f, 0x8c, 0x40, 0x2f,
    0x30, 0xb, 0x0, 0x21, 0x20, 0xb, 0x10, 0x2,
    0x50, 0xf, 0xf2, 0x0, 0x4a, 0x1, 0x94, 0x3,
    0x28, 0x4, 0xa0, 0x1b, 0x0, 0x3f, 0xde, 0x1,
    0xf0, 0x90, 0x6, 0xc0, 0xf, 0xc8, 0x1, 0xfe,
    0x40, 0xf, 0x9c, 0x3, 0x90, 0x3, 0xe4, 0x0,
    0xff, 0x84, 0xc0, 0x3d, 0x80, 0x1e, 0x40, 0xf,
    0x68, 0x7, 0xff, 0x2, 0xc0, 0x3c, 0x80, 0x1e,
    0xd0, 0xf, 0x38, 0x7, 0xff, 0x1, 0x0, 0x38,
    0xc4, 0x3, 0xc8, 0x1, 0xc4, 0x20, 0x1f, 0xfc,
    0x3, 0x10, 0xd, 0x60, 0x1f, 0x11, 0x0, 0x32,
    0x80, 0x7f, 0xf0, 0x90, 0x3, 0x20, 0x7, 0xe4,
    0x0, 0xd8, 0x1, 0xf0,

    /* U+0058 "X" */
    0x2f, 0xfe, 0x90, 0xf, 0xeb, 0xff, 0xdc, 0x25,
    0x0, 0x19, 0x8c, 0x3, 0xe5, 0x40, 0xd, 0x62,
    0xe, 0x60, 0x1b, 0xc0, 0x3e, 0xb0, 0xc, 0xaa,
    0x0, 0xb8, 0x3, 0x1b, 0x80, 0x74, 0x88, 0x6,
    0xb0, 0xc, 0x4e, 0x1, 0xa0, 0x40, 0x23, 0x60,
    0xd, 0x22, 0x1, 0xd0, 0x40, 0x1a, 0x80, 0x2f,
    0x0, 0xc8, 0xc0, 0x1f, 0x70, 0x6, 0x45, 0x6,
    0x30, 0xd, 0x20, 0x1f, 0x8d, 0x80, 0x35, 0x94,
    0x80, 0x68, 0x20, 0xf, 0xe9, 0x10, 0x8, 0x70,
    0x3, 0x1b, 0x80, 0x7f, 0xd4, 0x1, 0x84, 0x3,
    0x70, 0x7, 0xff, 0x1, 0x14, 0x3, 0xe7, 0x20,
    0xf, 0xfe, 0xd, 0x88, 0x7, 0x14, 0x0, 0x7f,
    0xf0, 0x85, 0xc0, 0x3a, 0x80, 0x3f, 0xf8, 0x66,
    0xc0, 0x1d, 0x2, 0x1, 0xff, 0xc2, 0xe0, 0xf,
    0xa8, 0x3, 0xff, 0x82, 0xe4, 0x1, 0xf2, 0x28,
    0x7, 0xfc, 0x50, 0x1, 0x8c, 0x3, 0x58, 0x80,
    0x7f, 0xb8, 0x3, 0x26, 0x10, 0x4, 0x36, 0x1,
    0xfc, 0xc6, 0x1, 0xa4, 0x38, 0x3, 0x2a, 0x0,
    0x7c, 0x52, 0x1, 0x9c, 0x80, 0xd8, 0x3, 0x50,
    0x7, 0xd2, 0x1, 0x8a, 0x0, 0x28, 0x10, 0x8,
    0x64, 0x3, 0x99, 0x0, 0x34, 0x80, 0x61, 0xb0,
    0xc, 0xc6, 0x1, 0xc, 0x80, 0x66, 0x40, 0xe,
    0x54, 0x0, 0xdc, 0x1, 0x58, 0x6, 0x18, 0x0,
    0xfa, 0x40, 0x31, 0x40, 0x2a, 0x80, 0x35, 0x88,
    0x7, 0xc5, 0x0, 0x19, 0xcc,

    /* U+0059 "Y" */
    0xbf, 0xfd, 0x60, 0x1f, 0xc9, 0xff, 0xc5, 0x20,
    0x19, 0x10, 0x1, 0xfa, 0x40, 0x33, 0x11, 0x18,
    0x3, 0x48, 0x7, 0xcc, 0x40, 0x10, 0xc0, 0x2,
    0x0, 0x31, 0x30, 0x7, 0xa0, 0x3, 0x48, 0x80,
    0x6, 0x0, 0x34, 0x0, 0x74, 0x8, 0x4, 0x4e,
    0x1, 0x9c, 0x80, 0x21, 0x80, 0x8, 0x5c, 0x3,
    0x40, 0x7, 0xa0, 0x3, 0x38, 0x80, 0x2c, 0x3,
    0x1a, 0x80, 0x79, 0x4c, 0x3, 0x58, 0x1a, 0x80,
    0x6f, 0x0, 0xfd, 0xe0, 0x19, 0x4f, 0xc0, 0x32,
    0x98, 0x7, 0xe3, 0x50, 0xd, 0xa6, 0x1, 0xac,
    0x3, 0xfd, 0x60, 0x18, 0x40, 0x33, 0x88, 0x7,
    0xf8, 0x5c, 0x3, 0xe1, 0x80, 0xf, 0xfe, 0x4,
    0x8, 0x7, 0xa0, 0x3, 0xff, 0x85, 0x0, 0x1c,
    0x6c, 0x1, 0xff, 0xc2, 0x62, 0x0, 0xd0, 0x1,
    0xff, 0xc4, 0x70, 0xc, 0xa0, 0x1f, 0xff, 0xf0,
    0xf, 0xff, 0xf8, 0x7, 0xff, 0xb0,

    /* U+005A "Z" */
    0x4, 0xff, 0xff, 0xe3, 0x28, 0x7, 0xff, 0x1c,
    0x94, 0x3, 0xff, 0x8f, 0x0, 0x1f, 0xfc, 0x74,
    0x50, 0x2, 0xd5, 0x7f, 0x84, 0x3, 0xa4, 0x2,
    0x15, 0x5f, 0xe0, 0x10, 0xc, 0xc4, 0x1, 0xff,
    0xc1, 0xb0, 0xc, 0x30, 0x1, 0xff, 0xc1, 0x81,
    0x0, 0xd0, 0x20, 0x1f, 0xfc, 0x1, 0x70, 0xc,
    0x4c, 0x1, 0xff, 0xc1, 0xb0, 0xe, 0x90, 0xf,
    0xfe, 0x9, 0xa8, 0x6, 0x44, 0x0, 0x7f, 0xf0,
    0x7c, 0x3, 0xa4, 0x3, 0xff, 0x82, 0xc6, 0x1,
    0x9c, 0x80, 0x3f, 0xf8, 0x30, 0x1, 0x86, 0x0,
    0x3f, 0xf8, 0x30, 0x20, 0x1a, 0x0, 0x3f, 0xf8,
    0x24, 0xe0, 0x18, 0xd8, 0x3, 0xff, 0x83, 0x20,
    0x1d, 0xe0, 0x1f, 0xfc, 0x14, 0x40, 0x6, 0x53,
    0x0, 0xff, 0xe0, 0xc8, 0x7, 0x58, 0x7, 0xff,
    0x5, 0xc8, 0x3, 0x38, 0x80, 0x7f, 0xf0, 0x6,
    0x0, 0x3b, 0x99, 0xbf, 0xc0, 0x14, 0x0, 0x7a,
    0x67, 0xfe, 0x10, 0x36, 0x0, 0xff, 0xe3, 0xf8,
    0x7, 0xff, 0x1c, 0xcc, 0x1, 0xff, 0xc7,

    /* U+005B "[" */
    0x3f, 0xff, 0xa0, 0x3, 0xff, 0xa6, 0x5d, 0xd4,
    0x0, 0x70, 0x8c, 0x1, 0xff, 0xff, 0x0, 0xff,
    0xff, 0x80, 0x7f, 0xff, 0xc0, 0x3f, 0xf9, 0x82,
    0x30, 0x7, 0x17, 0x75, 0x0, 0x1f, 0xfc, 0xf0,

    /* U+005C "\\" */
    0xdf, 0xfb, 0x0, 0x3e, 0x40, 0x8, 0xc0, 0x3e,
    0xd0, 0xc, 0xa0, 0x1e, 0x40, 0xd, 0x80, 0x1f,
    0x18, 0x4, 0x80, 0x1f, 0x20, 0x4, 0x42, 0x1,
    0xec, 0x0, 0xc8, 0x1, 0xe4, 0x0, 0xd8, 0x1,
    0xf2, 0x0, 0x4e, 0x1, 0xf6, 0x0, 0x42, 0x40,
    0x1e, 0x40, 0xc, 0x80, 0x1e, 0x30, 0xd, 0x80,
    0x1f, 0x20, 0x4, 0x80, 0x1f, 0x60, 0x4, 0x24,
    0x1, 0xe5, 0x0, 0xca, 0x1, 0xe2, 0x10, 0xb,
    0x0, 0x3e, 0x40, 0x9, 0x0, 0x3e, 0xc0, 0xc,
    0x60, 0x1e, 0x40, 0xc, 0x80, 0x1e, 0x21, 0x0,
    0xac, 0x3, 0xe7, 0x0, 0x8c, 0x3, 0xec, 0x0,
    0xc8, 0x1, 0xe4, 0x0, 0xd8, 0x1, 0xe1, 0x20,
    0x9, 0x0, 0x3e, 0x40, 0x8, 0xc4,

    /* U+005D "]" */
    0xff, 0xfb, 0x40, 0x3f, 0xf9, 0x9d, 0xd5, 0x0,
    0x61, 0x1c, 0x1, 0xff, 0xff, 0x0, 0xff, 0xff,
    0x80, 0x7f, 0xfe, 0x84, 0x70, 0x6, 0xee, 0xa8,
    0x3, 0xff, 0xa0,

    /* U+005E "^" */
    0x0, 0xff, 0xe6, 0x8e, 0x38, 0x7, 0xff, 0xf,
    0x4e, 0x1c, 0x3, 0xff, 0x83, 0x86, 0x0, 0x87,
    0x0, 0xff, 0xb0, 0xc0, 0x34, 0x38, 0x7, 0xf6,
    0x18, 0x7, 0xa1, 0xc0, 0x3e, 0xc3, 0x0, 0x90,
    0x40, 0x28, 0x70, 0xe, 0xc3, 0x0, 0x92, 0xf4,
    0x40, 0x28, 0x70, 0xa, 0xcc, 0x2, 0x4b, 0x3,
    0xd0, 0xd, 0xe, 0x4, 0xa0, 0x11, 0xd8, 0x4,
    0x78, 0x1, 0xb4, 0xb, 0x4, 0xf, 0x0, 0x38,
    0xec, 0x0, 0xb4, 0x0, 0x2c, 0x4d, 0x0, 0xf9,
    0x2d, 0x68, 0x0,

    /* U+005F "_" */
    0x99, 0xff, 0xe5, 0x23, 0x37, 0xff, 0x28, 0xc0,
    0x3f, 0xfc, 0x40,

    /* U+0060 "`" */
    0x4a, 0xa8, 0x2, 0x55, 0xe0, 0x0, 0xa8, 0x2,
    0x40, 0x29, 0x0, 0x19, 0x80, 0x6, 0x60, 0x4,
    0x80, 0x52, 0x0, 0x51, 0x0, 0x28, 0x80, 0x18,

    /* U+0061 "a" */
    0x0, 0xf2, 0x33, 0xb9, 0x8c, 0x3, 0xf0, 0xcf,
    0xdc, 0xc4, 0x27, 0x3e, 0x44, 0x3, 0x17, 0xb0,
    0x7, 0xe6, 0xf2, 0x0, 0xb0, 0x40, 0x3f, 0xc3,
    0xe0, 0x8, 0x10, 0xe, 0x33, 0x0, 0x71, 0x28,
    0x18, 0x6, 0xaf, 0xcc, 0x7b, 0x0, 0x6f, 0xb,
    0xe9, 0x4a, 0x50, 0xd, 0x22, 0x1, 0x8, 0x0,
    0x5a, 0xd4, 0x9, 0x1e, 0x70, 0x40, 0x27, 0x0,
    0xcd, 0x5d, 0xb7, 0xc, 0x60, 0x1f, 0x37, 0x4a,
    0x88, 0x7, 0xfc, 0xf2, 0x20, 0x1f, 0x10, 0x7,
    0x14, 0x0, 0x72, 0xce, 0x7e, 0x90, 0x6, 0x50,
    0xc, 0xdf, 0x4c, 0x60, 0x2, 0x0, 0xdc, 0x1,
    0xa4, 0x3, 0x94, 0x3, 0xff, 0x86, 0x76, 0x1,
    0xdc, 0x1, 0xb1, 0x9, 0x27, 0x4, 0x3, 0x98,
    0x3, 0x1d, 0xed, 0xb0, 0x7, 0xc3, 0x20, 0x1f,
    0xc5, 0x20, 0x1c, 0xd4, 0x20, 0x1e, 0x6c, 0x20,
    0xf, 0x2f, 0x5c, 0xc4, 0x2f, 0xa4, 0x53, 0xfe,
    0xc0,

    /* U+0062 "b" */
    0xaf, 0xfc, 0x1, 0xff, 0xff, 0x0, 0xff, 0xeb,
    0xa, 0xbb, 0x98, 0xc0, 0x3f, 0xea, 0xea, 0x88,
    0x4e, 0x73, 0x0, 0x7f, 0x28, 0x7, 0x86, 0x6c,
    0x3, 0xff, 0x8a, 0x96, 0x1, 0xfc, 0x8a, 0x60,
    0x1c, 0x8c, 0x1, 0xe2, 0xdb, 0xac, 0xe3, 0x0,
    0xd0, 0x1, 0xef, 0x20, 0x8, 0x74, 0x40, 0x21,
    0x50, 0xc, 0x84, 0x1, 0xc3, 0x20, 0x1b, 0x0,
    0x31, 0x80, 0x7c, 0x80, 0x19, 0x40, 0x3f, 0xf8,
    0x4, 0x1, 0x84, 0x3, 0xff, 0xa4, 0x40, 0x18,
    0x40, 0x31, 0x80, 0x7c, 0x80, 0x19, 0x40, 0x32,
    0x10, 0x7, 0xa8, 0x3, 0x60, 0x7, 0x79, 0x0,
    0x43, 0x64, 0x1, 0xa, 0x80, 0x71, 0x6e, 0x55,
    0xf2, 0x0, 0x68, 0x0, 0xfc, 0x6a, 0x80, 0x1c,
    0x8c, 0x1, 0xff, 0xc3, 0x4b, 0x0, 0xf3, 0xa8,
    0x7, 0x86, 0x2c, 0x2, 0xaf, 0xfa, 0x2b, 0xaa,
    0x21, 0x37, 0xce, 0x1, 0x80,

    /* U+0063 "c" */
    0x0, 0xf0, 0xab, 0xbc, 0xa2, 0x1, 0xfc, 0x55,
    0xd5, 0x11, 0x57, 0x59, 0x80, 0x79, 0xb5, 0x40,
    0x3e, 0x4c, 0x60, 0xc, 0xd2, 0x1, 0xff, 0x4b,
    0x0, 0xa, 0x40, 0x3c, 0x20, 0x1e, 0x91, 0x9,
    0x0, 0xc3, 0x7f, 0xdf, 0x0, 0x1c, 0xc2, 0x80,
    0x1b, 0x50, 0x2, 0x78, 0x0, 0x87, 0xd0, 0x3,
    0x29, 0x80, 0x73, 0xac, 0xef, 0x46, 0x80, 0x6c,
    0x0, 0xfa, 0x98, 0x80, 0x4, 0x1, 0x88, 0x3,
    0xff, 0xa4, 0x40, 0x18, 0x80, 0x3f, 0xf8, 0x1c,
    0x1, 0xb0, 0x3, 0xe6, 0x30, 0x9, 0xc0, 0x32,
    0x98, 0x7, 0x2c, 0xe7, 0xe3, 0x8a, 0x0, 0x6d,
    0x40, 0x9, 0x68, 0x2, 0x30, 0x4, 0x80, 0x61,
    0xbe, 0xdf, 0xa0, 0xc, 0x2e, 0x5, 0x0, 0x1c,
    0x24, 0x1, 0xeb, 0x0, 0x9e, 0x0, 0x3f, 0xe9,
    0x50, 0xc, 0xf8, 0x80, 0x1f, 0x26, 0xb0, 0x7,
    0x8e, 0xfa, 0xa2, 0x2a, 0xeb, 0x20, 0x8,

    /* U+0064 "d" */
    0x0, 0xff, 0xe0, 0xe7, 0xfd, 0xc0, 0x1f, 0xff,
    0xf0, 0xf, 0xfe, 0x49, 0x33, 0xb9, 0x88, 0x3,
    0xfc, 0x99, 0xb3, 0x10, 0x9d, 0xc2, 0x0, 0xfa,
    0x2c, 0xc0, 0x3c, 0x62, 0x1, 0xe8, 0x70, 0xf,
    0xfe, 0x19, 0xb8, 0x7, 0x1a, 0xa0, 0x7, 0xe8,
    0x0, 0xc3, 0x98, 0xab, 0xf4, 0x0, 0xe2, 0x40,
    0xd, 0x86, 0x1, 0xac, 0x40, 0x32, 0x0, 0x65,
    0x20, 0xf, 0x30, 0x6, 0xe0, 0xd, 0x80, 0x1f,
    0x68, 0x6, 0x20, 0xc, 0x40, 0x1f, 0x8, 0x7,
    0xff, 0x28, 0x80, 0x31, 0x0, 0x7c, 0x20, 0x1b,
    0x80, 0x36, 0x0, 0x7d, 0xa0, 0x19, 0xc0, 0x32,
    0x90, 0x7, 0x98, 0x3, 0xa, 0x0, 0x6f, 0x20,
    0x8, 0x6c, 0x40, 0x3a, 0x0, 0x31, 0x6e, 0x55,
    0xf2, 0x0, 0x78, 0xdc, 0x3, 0x8d, 0x50, 0x3,
    0xfa, 0x1c, 0x3, 0xff, 0x8b, 0x16, 0x40, 0x1e,
    0x49, 0x0, 0xfc, 0x9b, 0x93, 0x10, 0xad, 0xb6,
    0xff, 0xb8,

    /* U+0065 "e" */
    0x0, 0xf9, 0x19, 0xdc, 0xa2, 0x1, 0xfe, 0x1a,
    0xfb, 0x98, 0x85, 0x76, 0x18, 0x7, 0xcb, 0xca,
    0x1, 0xf1, 0xe3, 0x80, 0x72, 0xd0, 0x7, 0xfd,
    0xc, 0x1, 0xd, 0x0, 0x72, 0x33, 0x8, 0x3,
    0x48, 0x80, 0x2c, 0x3, 0x27, 0x5c, 0xcb, 0x60,
    0x3, 0x48, 0xa, 0x80, 0x43, 0x42, 0x1, 0x9c,
    0xc0, 0x26, 0x4, 0x0, 0xc4, 0xce, 0xfe, 0x0,
    0xc2, 0x2d, 0x0, 0xc7, 0x11, 0xf1, 0x80, 0x65,
    0x10, 0xf, 0xfe, 0x31, 0x80, 0x7f, 0xf1, 0x8c,
    0x3, 0x4f, 0xff, 0xff, 0x1, 0x3c, 0x3, 0x60,
    0x7, 0xc2, 0x1, 0xce, 0x1, 0x94, 0x80, 0x38,
    0x7f, 0xa5, 0x0, 0x2, 0x80, 0x1b, 0x14, 0x2,
    0x3c, 0x11, 0x35, 0xe8, 0x2, 0x40, 0x30, 0xd7,
    0xef, 0x61, 0x0, 0x6b, 0x0, 0x15, 0x0, 0x78,
    0x84, 0x3, 0x95, 0x80, 0x25, 0xb1, 0x0, 0xff,
    0x35, 0x0, 0x72, 0x7b, 0x0, 0x7c, 0x77, 0x20,
    0x1f, 0xc, 0xfd, 0xcc, 0x42, 0xb7, 0x10, 0x3,
    0x0,

    /* U+0066 "f" */
    0x0, 0xf2, 0x3c, 0x44, 0xc0, 0x18, 0xfa, 0xe1,
    0xde, 0xa0, 0x8, 0xb0, 0x40, 0x3f, 0xa0, 0x3,
    0xfe, 0x40, 0xc, 0xf7, 0x9c, 0x1, 0x8, 0x4,
    0xb0, 0x86, 0x40, 0x1, 0x0, 0xc4, 0x1, 0xff,
    0xc4, 0xff, 0x70, 0x6, 0x7f, 0xfb, 0x0, 0x3f,
    0xf9, 0x8c, 0xc5, 0x0, 0xc4, 0xcd, 0x5c, 0xca,
    0xc0, 0x32, 0xcc, 0xce, 0x1, 0xff, 0xff, 0x0,
    0xff, 0xff, 0x80, 0x78,

    /* U+0067 "g" */
    0x0, 0xf1, 0x33, 0xb9, 0x88, 0x3, 0xfc, 0x99,
    0xb3, 0x10, 0x9d, 0xc6, 0xff, 0xb4, 0x2, 0x8b,
    0x30, 0xf, 0x1c, 0x80, 0x7a, 0x1c, 0x3, 0xff,
    0x86, 0x6e, 0x1, 0xc6, 0xa8, 0x1, 0xfa, 0x0,
    0x30, 0xe6, 0x2a, 0xfd, 0x0, 0x38, 0x90, 0x3,
    0x61, 0x80, 0x6b, 0x10, 0xc, 0x80, 0x19, 0x48,
    0x3, 0xcc, 0x1, 0xb8, 0x3, 0x60, 0x7, 0xda,
    0x1, 0x88, 0x3, 0x10, 0x7, 0xc2, 0x1, 0xff,
    0xca, 0x20, 0xc, 0x40, 0x1f, 0x8, 0x6, 0xe0,
    0xd, 0x80, 0x1f, 0x68, 0x6, 0x70, 0xc, 0xa4,
    0x1, 0xe6, 0x0, 0xc2, 0x80, 0x1b, 0xc8, 0x2,
    0x1b, 0x10, 0xe, 0x80, 0xc, 0x5b, 0x95, 0x7c,
    0x80, 0x1e, 0x37, 0x0, 0xe3, 0x54, 0x0, 0xfe,
    0x87, 0x0, 0xff, 0xe2, 0xc5, 0x90, 0x7, 0x90,
    0x40, 0x3f, 0x26, 0xe4, 0xc4, 0x2b, 0x6c, 0x80,
    0x3f, 0xc6, 0xce, 0xe5, 0x20, 0x10, 0xf, 0xe2,
    0x20, 0x7, 0x19, 0x0, 0x42, 0x1, 0x25, 0xee,
    0x28, 0x0, 0x5b, 0x40, 0x32, 0x80, 0x2e, 0xc8,
    0x3, 0x5f, 0xdc, 0x91, 0x0, 0xda, 0x0, 0xe0,
    0xf, 0x8, 0x7, 0x91, 0x0, 0x5, 0xa0, 0xf,
    0xf9, 0x2c, 0x3, 0x2e, 0xa8, 0x7, 0xc7, 0x56,
    0x1, 0xe2, 0xae, 0xa8, 0x8a, 0xbb, 0x14, 0x2,

    /* U+0068 "h" */
    0xaf, 0xf9, 0xc0, 0x3f, 0xff, 0xe0, 0x1f, 0xfd,
    0x71, 0x57, 0x73, 0x20, 0x7, 0xf8, 0xaf, 0xaa,
    0x21, 0x37, 0xcc, 0x1, 0xf6, 0x6a, 0x0, 0x78,
    0x66, 0x40, 0x1e, 0x40, 0xf, 0xf3, 0x28, 0x7,
    0xf0, 0x88, 0x3, 0xd0, 0x1, 0xf2, 0xef, 0x73,
    0x4c, 0x3, 0x11, 0x0, 0x39, 0x28, 0x80, 0x5,
    0x82, 0x1, 0x90, 0x3, 0xb8, 0x3, 0xd2, 0x1,
    0xb8, 0x3, 0x9c, 0x3, 0xc6, 0x1, 0x84, 0x3,
    0x88, 0x3, 0xcc, 0x1, 0xff, 0xc5, 0x30, 0xf,
    0xff, 0xf8, 0x7, 0xff, 0xf8,

    /* U+0069 "i" */
    0x1, 0x1c, 0x9, 0xdd, 0x94, 0x3, 0xff, 0x8c,
    0x9f, 0xf9, 0x40, 0x3f, 0xf8, 0x9, 0xff, 0x94,
    0x3, 0xff, 0xfe, 0x1, 0xff, 0xcf,

    /* U+006A "j" */
    0x0, 0xc2, 0x3c, 0x1, 0xb7, 0xba, 0xc0, 0xf,
    0xfe, 0x9e, 0x7f, 0xda, 0x1, 0xff, 0xca, 0xcf,
    0xfb, 0x40, 0x3f, 0xff, 0xe0, 0x1f, 0xff, 0xf0,
    0xf, 0xfe, 0x20, 0x80, 0x7c, 0x24, 0x1, 0x85,
    0x5f, 0x0, 0x39, 0x2a, 0x8, 0x3, 0x30, 0x7,
    0xee, 0x0, 0xf9, 0x54, 0x1, 0xc7, 0x34, 0x0,

    /* U+006B "k" */
    0xaf, 0xfc, 0x20, 0x1f, 0xff, 0xf0, 0xf, 0xff,
    0x59, 0x7f, 0xf5, 0x0, 0x7f, 0xdc, 0x1, 0x8a,
    0x80, 0x3f, 0xce, 0x60, 0x1b, 0x80, 0x3f, 0xc7,
    0x0, 0x1a, 0x4c, 0x3, 0xfd, 0xc0, 0x19, 0x58,
    0x3, 0xfd, 0x44, 0x1, 0xd, 0x80, 0x7f, 0x95,
    0x40, 0x1b, 0x44, 0x3, 0xf8, 0xa8, 0x3, 0x41,
    0x80, 0x7f, 0xb8, 0x3, 0x23, 0x80, 0x7f, 0xf1,
    0x1c, 0x3, 0xff, 0x81, 0xc2, 0x1, 0x1c, 0x0,
    0x7f, 0xc5, 0x60, 0x19, 0xd4, 0x3, 0xfe, 0x56,
    0x0, 0xd4, 0x40, 0x1f, 0xf4, 0x90, 0x6, 0xf1,
    0x0, 0xff, 0xbc, 0x3, 0x15, 0x0, 0x7f, 0xc5,
    0x20, 0x19, 0x1c, 0x3, 0xfe, 0x65, 0x0, 0xd0,
    0x80, 0x1f, 0xf5, 0x10, 0x6, 0xa2,

    /* U+006C "l" */
    0x2, 0x2c, 0x9, 0xbb, 0x94, 0x3, 0xff, 0xfe,
    0x1, 0xff, 0xf9,

    /* U+006D "m" */
    0x0, 0xf8, 0x99, 0xdc, 0xa0, 0x1e, 0x26, 0x77,
    0x28, 0x80, 0x6a, 0xff, 0x98, 0xb3, 0x66, 0x21,
    0x5e, 0xe0, 0x3, 0xcd, 0x98, 0x85, 0x74, 0x0,
    0x7d, 0xba, 0x30, 0xf, 0x44, 0x13, 0xc, 0x3,
    0xcf, 0x20, 0x1e, 0x40, 0xf, 0xe7, 0xb0, 0xf,
    0xe6, 0x40, 0xf, 0xc8, 0xa2, 0x1, 0xf9, 0x14,
    0x80, 0x3b, 0xc0, 0x3c, 0x5d, 0x75, 0xcc, 0x1,
    0xc5, 0xb7, 0x5a, 0xe0, 0x19, 0x0, 0x3d, 0x22,
    0x1, 0x48, 0x80, 0x68, 0x20, 0xa, 0x8, 0x3,
    0x8, 0x7, 0x20, 0x7, 0x20, 0x6, 0x40, 0xe,
    0x40, 0xf, 0xfe, 0x21, 0x80, 0x61, 0x0, 0xe1,
    0x0, 0xff, 0xff, 0x80, 0x7f, 0xff, 0xc0, 0x3f,
    0xff, 0xe0, 0x1f, 0xff, 0x0,

    /* U+006E "n" */
    0x0, 0xf8, 0x55, 0xdc, 0xc8, 0x1, 0xd5, 0xff,
    0x39, 0x5f, 0x54, 0x42, 0x6f, 0x98, 0x3, 0xec,
    0xd4, 0x0, 0xf0, 0xcc, 0x80, 0x3c, 0x80, 0x1f,
    0xe6, 0x50, 0xf, 0xe1, 0x10, 0x7, 0xa0, 0x3,
    0xe5, 0xde, 0xe6, 0x98, 0x6, 0x22, 0x0, 0x72,
    0x51, 0x0, 0xb, 0x4, 0x3, 0x20, 0x7, 0x70,
    0x7, 0xa4, 0x3, 0x70, 0x7, 0x38, 0x7, 0x8c,
    0x3, 0x8, 0x7, 0x10, 0x7, 0x98, 0x3, 0xff,
    0x8a, 0x60, 0x1f, 0xff, 0xf0, 0xf, 0xff, 0xf0,

    /* U+006F "o" */
    0x0, 0xf9, 0x19, 0xdc, 0xa2, 0x1, 0xfe, 0x1a,
    0xfb, 0x98, 0x85, 0x76, 0x20, 0x7, 0xcb, 0xca,
    0x1, 0xf1, 0xdc, 0x80, 0x72, 0xd0, 0x7, 0xfc,
    0xd4, 0x1, 0x15, 0x0, 0x78, 0x44, 0x1, 0xca,
    0xc0, 0x8, 0x0, 0xc3, 0x5f, 0xdc, 0xc3, 0x0,
    0xd0, 0x2, 0xa0, 0x1b, 0x54, 0x2, 0x3c, 0x20,
    0x8, 0x59, 0x0, 0x32, 0x98, 0x7, 0xa0, 0x3,
    0x66, 0x80, 0x6c, 0x0, 0xf9, 0x0, 0x33, 0x90,
    0x6, 0x20, 0xf, 0x84, 0x3, 0x10, 0x7, 0xff,
    0x1c, 0x80, 0x31, 0x0, 0x7c, 0x20, 0x18, 0xb4,
    0x3, 0x60, 0x7, 0xce, 0x1, 0x9d, 0x0, 0x32,
    0x98, 0x7, 0xac, 0x3, 0x60, 0xa8, 0x6, 0xd5,
    0x0, 0x8b, 0x8, 0x3, 0x30, 0x40, 0x6, 0x1a,
    0xfd, 0xed, 0x30, 0xd, 0x20, 0x2, 0xa0, 0xf,
    0x10, 0x80, 0x72, 0xb0, 0x4, 0xb4, 0x1, 0xff,
    0x35, 0x0, 0x72, 0xea, 0x80, 0x7c, 0x77, 0x20,
    0x1f, 0x15, 0x7d, 0xc4, 0x55, 0xd8, 0x80, 0x18,

    /* U+0070 "p" */
    0x0, 0xf0, 0xab, 0xb9, 0x8c, 0x3, 0xd5, 0xff,
    0x45, 0x75, 0x44, 0x27, 0x39, 0x80, 0x3f, 0x3a,
    0x80, 0x78, 0x66, 0xc0, 0x3f, 0xf8, 0xa9, 0x60,
    0x1f, 0xc8, 0xa6, 0x1, 0xc8, 0xc0, 0x1e, 0x2d,
    0xba, 0xce, 0x30, 0xd, 0x0, 0x1e, 0xf2, 0x0,
    0x87, 0x44, 0x2, 0x15, 0x0, 0xc8, 0x40, 0x1c,
    0x32, 0x1, 0xb0, 0x3, 0x18, 0x7, 0xc8, 0x1,
    0x94, 0x3, 0xff, 0x80, 0x40, 0x18, 0x40, 0x3f,
    0xfa, 0x44, 0x1, 0x84, 0x3, 0x20, 0x7, 0xc8,
    0x1, 0x94, 0x3, 0x19, 0x0, 0x7a, 0x80, 0x36,
    0x0, 0x77, 0x90, 0x4, 0x36, 0x40, 0x10, 0xa8,
    0x7, 0x16, 0xe5, 0x5f, 0x20, 0x6, 0x80, 0xf,
    0xc6, 0xa8, 0x1, 0xc8, 0xc0, 0x1f, 0xfc, 0x34,
    0xb0, 0xf, 0x94, 0x3, 0xc3, 0x16, 0x1, 0xfa,
    0xba, 0xa2, 0x13, 0x7c, 0xe0, 0x1f, 0xe1, 0x57,
    0x73, 0x20, 0x7, 0xff, 0xfc, 0x3, 0xff, 0xb6,

    /* U+0071 "q" */
    0x0, 0xf1, 0x33, 0xb9, 0x88, 0x3, 0xfc, 0x99,
    0xb3, 0x10, 0x9d, 0xc6, 0xff, 0xb8, 0x2, 0x8b,
    0x30, 0xf, 0x1c, 0x80, 0x7a, 0x1c, 0x3, 0xff,
    0x86, 0x6e, 0x1, 0xc6, 0xa8, 0x1, 0xfa, 0x0,
    0x30, 0xe6, 0x2a, 0xfd, 0x0, 0x38, 0x90, 0x3,
    0x61, 0x80, 0x6b, 0x10, 0xc, 0x80, 0x19, 0x48,
    0x3, 0xcc, 0x1, 0xb8, 0x3, 0x60, 0x7, 0xda,
    0x1, 0x88, 0x3, 0x10, 0x7, 0xc2, 0x1, 0xff,
    0xca, 0x20, 0xc, 0x40, 0x1f, 0x8, 0x6, 0xe0,
    0xd, 0x80, 0x1f, 0x68, 0x6, 0x70, 0xc, 0xa4,
    0x1, 0xe6, 0x0, 0xc2, 0x80, 0x1b, 0xc8, 0x2,
    0x1b, 0x10, 0xe, 0x80, 0xc, 0x5b, 0x95, 0x7c,
    0x80, 0x1e, 0x37, 0x0, 0xe3, 0x54, 0x0, 0xfe,
    0x87, 0x0, 0xff, 0xe2, 0xc5, 0x90, 0x7, 0x90,
    0x40, 0x3f, 0x26, 0xe4, 0xc4, 0x2b, 0x6c, 0x80,
    0x3f, 0xc6, 0xce, 0xe5, 0x20, 0xf, 0xff, 0xf8,
    0x7, 0xff, 0x6c,

    /* U+0072 "r" */
    0x0, 0xff, 0xe0, 0x57, 0xfc, 0xe0, 0x55, 0xdf,
    0xe2, 0x0, 0xe6, 0xd5, 0x10, 0xf, 0xb2, 0x40,
    0x3f, 0xc8, 0x1, 0xff, 0xc2, 0x6c, 0xee, 0x10,
    0x7, 0xae, 0x4c, 0x44, 0x1, 0xe7, 0x40, 0xf,
    0xf5, 0x0, 0x7f, 0xc4, 0x1, 0xff, 0xff, 0x0,
    0xff, 0xed, 0x80,

    /* U+0073 "s" */
    0x0, 0xe2, 0x57, 0x73, 0x20, 0x80, 0x7e, 0x5d,
    0xd5, 0x44, 0x26, 0xfa, 0x88, 0x3, 0xa2, 0x88,
    0x3, 0xe5, 0xd4, 0x0, 0x95, 0xc0, 0x3f, 0xeb,
    0x20, 0x4, 0x80, 0x62, 0x78, 0x40, 0xe, 0x80,
    0x1, 0x80, 0x49, 0xb0, 0xf7, 0x80, 0x19, 0x40,
    0x3f, 0xe3, 0x77, 0x56, 0xf8, 0x0, 0x80, 0x24,
    0xc7, 0x20, 0x4, 0x41, 0x48, 0x2, 0xb0, 0xc,
    0x71, 0xbd, 0x4a, 0x1, 0xe6, 0x80, 0xf, 0xa,
    0xd7, 0xc8, 0x80, 0x67, 0xd6, 0x10, 0xf, 0x9b,
    0xc8, 0x3, 0x14, 0xf6, 0x39, 0x80, 0x70, 0xf0,
    0x7, 0x8, 0x1c, 0x67, 0x48, 0x6, 0x31, 0x5a,
    0xce, 0xe2, 0x80, 0x42, 0xce, 0x1, 0x88, 0xd4,
    0xc4, 0x2c, 0x80, 0x31, 0x80, 0x61, 0x70, 0xc,
    0x3b, 0x71, 0xc, 0x40, 0x8, 0x48, 0x60, 0x3,
    0x91, 0xdc, 0x60, 0x1a, 0x40, 0xe, 0xe0, 0xf,
    0xf9, 0x5c, 0x2, 0x8b, 0x30, 0xf, 0x8a, 0x68,
    0x3, 0x93, 0x3a, 0xa2, 0x2a, 0xdd, 0x30, 0x4,

    /* U+0074 "t" */
    0x0, 0x92, 0x23, 0x0, 0x7f, 0x63, 0xbe, 0x10,
    0xf, 0xff, 0x8d, 0x7f, 0x9c, 0x3, 0x77, 0xfe,
    0x60, 0xf, 0xfe, 0x86, 0x33, 0x8, 0x3, 0x2b,
    0x36, 0x56, 0x99, 0x28, 0x6, 0xb9, 0x9c, 0x60,
    0x1f, 0xff, 0xf0, 0xf, 0xfe, 0x99, 0x80, 0x7e,
    0xf0, 0xd, 0x40, 0x1f, 0x88, 0x3, 0x3d, 0xcc,
    0xa9, 0x0, 0x25, 0x10, 0xc, 0x8c, 0xc5, 0x20,
    0xd, 0x60, 0x1f, 0xfc, 0x15, 0xa1, 0x0, 0xff,
    0xe0, 0x2f, 0x64, 0xc4, 0x26, 0xdc,

    /* U+0075 "u" */
    0xff, 0xd6, 0x1, 0xf3, 0x7f, 0xe4, 0x0, 0xff,
    0xff, 0x80, 0x7f, 0xff, 0x5c, 0x3, 0xe1, 0x0,
    0xfe, 0x20, 0xf, 0xbc, 0x3, 0x84, 0x2, 0x11,
    0x0, 0x78, 0x80, 0x38, 0x80, 0x34, 0x80, 0x71,
    0x28, 0x7, 0x20, 0x6, 0x77, 0x0, 0x49, 0xe0,
    0x1e, 0xb0, 0xe, 0x8f, 0xef, 0xb2, 0x0, 0xf1,
    0xa0, 0x7, 0x84, 0x3, 0xfd, 0x42, 0x1, 0xfc,
    0x62, 0x1, 0xc3, 0xea, 0x1, 0xf4, 0x61, 0x80,
    0x78, 0x6b, 0xaa, 0x21, 0x37, 0xee, 0x1b, 0xff,
    0x20,

    /* U+0076 "v" */
    0x2f, 0xfc, 0xe0, 0x1f, 0x17, 0xfe, 0x72, 0x30,
    0xa, 0x80, 0x3e, 0xa0, 0xc, 0xc1, 0x40, 0x11,
    0x10, 0x3, 0xca, 0x1, 0x20, 0x83, 0x0, 0x6a,
    0x0, 0xe3, 0x20, 0xb, 0x80, 0x25, 0x0, 0x94,
    0x3, 0xac, 0x2, 0x15, 0x0, 0xb8, 0x2, 0x23,
    0x0, 0xcc, 0x1, 0x38, 0x6, 0x41, 0x0, 0xa8,
    0x2, 0x41, 0x0, 0xa8, 0x3, 0x98, 0x2, 0x70,
    0xb, 0x40, 0x22, 0x30, 0xe, 0xa0, 0x8, 0x50,
    0x0, 0xe0, 0x15, 0x0, 0x78, 0x8c, 0x2, 0xd0,
    0x41, 0x0, 0x98, 0x3, 0xea, 0x0, 0x98, 0x38,
    0x2, 0x41, 0x0, 0xf9, 0xc0, 0x32, 0xa8, 0x2,
    0xd0, 0xf, 0xc2, 0x80, 0x15, 0x80, 0x66, 0x0,
    0xfe, 0xe0, 0x8, 0x40, 0x25, 0x0, 0xff, 0x28,
    0x80, 0x7b, 0x80, 0x3f, 0xe7, 0x0, 0xe1, 0x40,
    0xf, 0xfa, 0x80, 0x39, 0x80, 0x3f, 0xf8, 0x6,
    0x40, 0x1a, 0x80, 0x3c,

    /* U+0077 "w" */
    0x2f, 0xfc, 0xa0, 0x1c, 0x7f, 0xf7, 0x0, 0x7a,
    0xbf, 0xed, 0x22, 0x0, 0x5e, 0x1, 0xd6, 0x1,
    0x9, 0x80, 0x72, 0x80, 0x4a, 0xa, 0x1, 0x28,
    0x7, 0x28, 0x6, 0xb0, 0xc, 0x80, 0x1a, 0xc2,
    0xc0, 0x32, 0x0, 0x44, 0x40, 0xc, 0xa0, 0x1b,
    0x40, 0x21, 0x30, 0x31, 0x0, 0xb4, 0x2, 0xa0,
    0xe, 0x22, 0x0, 0x4e, 0x1, 0x38, 0x4, 0xe0,
    0x13, 0x80, 0x4a, 0x1, 0xe5, 0x0, 0x18, 0x80,
    0x5a, 0x1, 0x68, 0x4, 0x26, 0x4, 0x40, 0x1,
    0x0, 0x56, 0x0, 0xb0, 0xc, 0x80, 0x12, 0x0,
    0x6b, 0x5, 0x0, 0xad, 0x0, 0x6, 0x20, 0xa0,
    0x12, 0x80, 0x72, 0x80, 0x4a, 0x16, 0x1, 0x3e,
    0x80, 0x4c, 0x44, 0x0, 0xbc, 0x3, 0xbc, 0x2,
    0x23, 0x30, 0x1, 0x5, 0xc0, 0x2b, 0x50, 0xc,
    0x80, 0x1c, 0x80, 0x1b, 0x80, 0x2d, 0x1, 0x40,
    0x1, 0xd0, 0x4, 0x82, 0x1, 0xc2, 0x80, 0x11,
    0x0, 0x4e, 0x0, 0xd0, 0x8, 0x80, 0x2d, 0x0,
    0xfb, 0x40, 0x3c, 0x82, 0x0, 0x60, 0xf, 0x9c,
    0x3, 0xe7, 0x0, 0xf7, 0x0, 0x64, 0x0, 0xe3,
    0x10, 0xf, 0x84, 0xc0, 0x39, 0x40, 0x37, 0x0,
    0x75, 0x80, 0x7f, 0x58, 0x6, 0x50, 0xe, 0x50,
    0xe, 0x50, 0xf, 0xe5, 0x0, 0xde, 0x1, 0xe5,
    0x0, 0x88, 0x80, 0x1f, 0xc4, 0x40, 0x9, 0x40,
    0x3d, 0xe0, 0x12, 0x80, 0x70,

    /* U+0078 "x" */
    0x3f, 0xfe, 0x40, 0xe, 0x2f, 0xfe, 0x43, 0x80,
    0xd, 0x42, 0x1, 0xb8, 0x3, 0x3a, 0x3, 0xa0,
    0x4, 0x36, 0x1, 0x41, 0x80, 0x47, 0x0, 0x15,
    0x8, 0x4, 0xaa, 0x3, 0x70, 0xd, 0xc0, 0x18,
    0x68, 0x3, 0x58, 0xf0, 0x6, 0x92, 0x0, 0xe4,
    0x70, 0x8, 0x7c, 0x80, 0x25, 0x60, 0xf, 0xa0,
    0xc0, 0x21, 0x0, 0x86, 0x80, 0x3f, 0xb8, 0x3,
    0xed, 0x0, 0xff, 0x14, 0x80, 0x73, 0x98, 0x7,
    0xfd, 0xc0, 0x1c, 0x40, 0x1f, 0xf2, 0x38, 0x7,
    0x2a, 0x80, 0x3f, 0x86, 0x80, 0x3e, 0xa2, 0x0,
    0xfd, 0x62, 0x1, 0x18, 0x6, 0xe0, 0xf, 0x99,
    0x40, 0x22, 0xc4, 0x0, 0x8e, 0x0, 0x38, 0xa4,
    0x3, 0x70, 0x50, 0x80, 0x4e, 0x80, 0x1b, 0xc0,
    0x33, 0x98, 0xd, 0x80, 0x6a, 0x10, 0x4, 0x90,
    0x4, 0x70, 0x1, 0x2a, 0x80, 0x21, 0xa0, 0x46,
    0x0, 0xdc, 0x1, 0xd6, 0x20, 0x12, 0x30,

    /* U+0079 "y" */
    0x7f, 0xfc, 0xa0, 0x1f, 0x9f, 0xff, 0x13, 0x0,
    0x6e, 0x0, 0xfd, 0x40, 0x11, 0x90, 0xb0, 0x4,
    0x84, 0x1, 0xe3, 0x20, 0xa, 0x80, 0x14, 0x1,
    0xa8, 0x3, 0xd4, 0x1, 0x98, 0x0, 0x66, 0x0,
    0x98, 0x3, 0xcc, 0x1, 0x30, 0x6, 0xa0, 0x8,
    0x50, 0x3, 0x30, 0x6, 0xb0, 0xc, 0xc2, 0x1,
    0x78, 0x6, 0xa0, 0x8, 0xc8, 0x3, 0x98, 0x2,
    0x41, 0x0, 0x11, 0x80, 0x54, 0x1, 0xea, 0x0,
    0xcc, 0x0, 0xb0, 0xc, 0xc0, 0x1e, 0x24, 0x0,
    0xa8, 0x0, 0xe0, 0x13, 0x0, 0x7e, 0xf0, 0x8,
    0x91, 0x44, 0x2, 0xa0, 0xf, 0xc8, 0x20, 0x17,
    0x70, 0x2, 0x33, 0x0, 0x7f, 0x48, 0x4, 0xa8,
    0x1, 0x50, 0x7, 0xf9, 0x80, 0x3f, 0x30, 0x7,
    0xf8, 0x54, 0x3, 0xcc, 0x1, 0xff, 0xc0, 0x90,
    0xf, 0x50, 0x7, 0xff, 0x0, 0xc8, 0x3, 0x19,
    0x80, 0x3f, 0xf8, 0x36, 0x1, 0xa8, 0x3, 0xff,
    0x85, 0xc0, 0x19, 0x80, 0x3f, 0xf8, 0x4a, 0x1,
    0x30, 0x7, 0xff, 0x8, 0xc8, 0x2, 0xa0, 0xf,
    0xfe, 0x15, 0x0, 0x46, 0x60, 0xf, 0xfe, 0x13,
    0x0, 0x54, 0x1, 0xff, 0xc2, 0x50, 0xc, 0xc0,
    0x1f, 0xfc, 0x2e, 0x0, 0x98, 0x3, 0xff, 0x84,
    0x28, 0x1, 0x50, 0x7, 0xf8,

    /* U+007A "z" */
    0x4, 0xff, 0xff, 0xe1, 0x60, 0x7, 0xff, 0x13,
    0xc0, 0x3f, 0xf8, 0x6e, 0x60, 0x1f, 0xfc, 0x22,
    0x80, 0x2, 0x7f, 0xfc, 0xa0, 0x1b, 0x80, 0x3f,
    0xc8, 0xa0, 0x13, 0x98, 0x7, 0xf0, 0xd0, 0x4,
    0x50, 0x1, 0xfe, 0xb1, 0x0, 0xb8, 0x3, 0xfc,
    0xaa, 0x0, 0x9c, 0xc0, 0x3f, 0x86, 0xc0, 0x22,
    0x80, 0xf, 0xf5, 0x88, 0x5, 0xc0, 0x1f, 0xe5,
    0x50, 0x4, 0xe6, 0x1, 0xfc, 0x36, 0x1, 0x14,
    0x0, 0x7f, 0xac, 0x40, 0x2e, 0x0, 0xff, 0x2a,
    0x80, 0x36, 0x7f, 0xfc, 0xe0, 0x36, 0x1, 0xff,
    0xc3, 0xa1, 0x0, 0xff, 0xe1, 0x22, 0x0, 0x3f,
    0xf8, 0x60,

    /* U+007B "{" */
    0x0, 0xc3, 0x1b, 0xff, 0x20, 0x4, 0x38, 0xe4,
    0x1, 0xf5, 0x90, 0x7, 0xf2, 0x80, 0x7f, 0x10,
    0x6, 0x49, 0x92, 0x80, 0x7d, 0xc, 0xc1, 0x0,
    0xff, 0xff, 0x80, 0x7f, 0xf3, 0x9c, 0x3, 0x8,
    0x6, 0x1b, 0x0, 0xc4, 0x1, 0xac, 0x40, 0x27,
    0x0, 0xc4, 0xa0, 0x11, 0x40, 0x7, 0xff, 0xc,
    0x94, 0x2, 0x28, 0x0, 0xeb, 0x10, 0x9, 0xc0,
    0x38, 0x6c, 0x3, 0x10, 0x7, 0x38, 0x6, 0x10,
    0xf, 0xff, 0xf8, 0x7, 0xff, 0x5a, 0x55, 0x42,
    0x0, 0x20, 0xc, 0xb5, 0x45, 0x0, 0x94, 0x3,
    0xfd, 0x64, 0x1, 0xfc, 0x38, 0xe4, 0x1, 0x80,

    /* U+007C "|" */
    0xff, 0xd6, 0x1, 0xff, 0xff, 0x0, 0xff, 0xf0,
    0x80,

    /* U+007D "}" */
    0xaf, 0xfb, 0x14, 0x3, 0xf1, 0xd4, 0x0, 0x7f,
    0x39, 0x80, 0x7f, 0x50, 0x2, 0x66, 0x10, 0x8,
    0x80, 0x6, 0xcc, 0x70, 0x9, 0xc0, 0x3f, 0xff,
    0xe0, 0x1f, 0xfc, 0x81, 0x0, 0x88, 0x3, 0xb4,
    0x2, 0x19, 0x0, 0xca, 0x20, 0x13, 0x20, 0x6,
    0xb0, 0xd, 0x0, 0x1f, 0xfc, 0x2b, 0x0, 0xd0,
    0x1, 0x28, 0x80, 0x4c, 0x80, 0x16, 0x80, 0x43,
    0x20, 0x18, 0x40, 0x22, 0x0, 0xff, 0xff, 0x80,
    0x7f, 0xf1, 0x4d, 0x59, 0xc0, 0x27, 0x0, 0x4d,
    0x48, 0x80, 0x44, 0x1, 0xfd, 0x40, 0x1f, 0x98,
    0xc0, 0x3c, 0x75, 0x20, 0x10,

    /* U+007E "~" */
    0x0, 0x1d, 0xf7, 0xec, 0x8, 0x7, 0x2a, 0xe0,
    0x2, 0x62, 0x8, 0x13, 0xf3, 0x0, 0x6b, 0xaa,
    0x88, 0x24, 0x3, 0xe9, 0xc2, 0x1, 0x10, 0x4,
    0x24, 0x40, 0xf, 0xc7, 0xb9, 0x80, 0xc, 0xec,
    0x1, 0x88, 0xc0, 0x38, 0xc8, 0x3, 0x28, 0x7,
    0x6e, 0x60, 0xc0, 0x3f, 0x10, 0xb0, 0x4, 0x20,
    0x3, 0xc8, 0x0, 0xfb, 0x80, 0xaa, 0xab, 0x0,
    0xcf, 0xce, 0x20, 0x29, 0x86, 0x0,

    /* U+00A0 " " */

    /* U+00A1 "¡" */
    0xef, 0xfa, 0xc0, 0x3f, 0xf8, 0x7f, 0xdd, 0x50,
    0x8f, 0x77, 0xfd, 0x60, 0x1f, 0xff, 0xf0, 0xf,
    0xf4, 0xc4, 0x5c,

    /* U+00A2 "¢" */
    0x0, 0xf8, 0x7f, 0xe7, 0x0, 0xff, 0xf1, 0x8b,
    0xd0, 0x5, 0x4e, 0x40, 0x1f, 0xa3, 0xa1, 0x0,
    0x22, 0x8d, 0x90, 0xf, 0x5b, 0x80, 0x7f, 0x36,
    0x0, 0x6a, 0x40, 0xf, 0xf8, 0xe8, 0x0, 0xaa,
    0x0, 0xc4, 0xf0, 0xc0, 0x1c, 0xa6, 0x10, 0x1,
    0x97, 0x61, 0xe7, 0x88, 0x3, 0x51, 0x10, 0x2,
    0x1a, 0x0, 0xc3, 0xc0, 0x3, 0x7a, 0x40, 0xc,
    0xc0, 0x1e, 0x3b, 0xec, 0x83, 0xf0, 0xd, 0xa0,
    0x1f, 0x20, 0x80, 0x46, 0x1, 0x84, 0x3, 0xff,
    0x80, 0x60, 0x1f, 0xfc, 0x51, 0x0, 0xc6, 0x1,
    0xff, 0xc0, 0xd0, 0xd, 0x60, 0x1f, 0x4b, 0x18,
    0x1, 0x40, 0x31, 0xa0, 0x7, 0x3b, 0x4e, 0x7c,
    0x83, 0x0, 0x6b, 0x71, 0x1, 0x78, 0x0, 0xd8,
    0x10, 0x1, 0xd1, 0xdf, 0xd0, 0x1, 0x89, 0x40,
    0x6c, 0x3, 0xff, 0x83, 0xc0, 0x12, 0x58, 0x80,
    0x7f, 0xe, 0x18, 0x6, 0x4f, 0x71, 0x0, 0xe1,
    0x7f, 0x30, 0xf, 0xc, 0x76, 0x0, 0x4f, 0xd0,
    0x20, 0x1f, 0xe2, 0x0, 0xbc, 0x3, 0xff, 0xa6,
    0x33, 0x32, 0x0, 0x78,

    /* U+00A3 "£" */
    0x0, 0xf8, 0x55, 0xdc, 0xa0, 0x1f, 0xf0, 0xcf,
    0x54, 0x42, 0xbd, 0xc0, 0x3f, 0x17, 0xb0, 0x7,
    0xa2, 0x40, 0x3e, 0xf1, 0x0, 0xfc, 0xcc, 0x0,
    0xe7, 0x20, 0xf, 0xf4, 0x0, 0x75, 0x0, 0x68,
    0xff, 0x38, 0x4, 0x2e, 0x1, 0x88, 0x2, 0x27,
    0x0, 0x41, 0x80, 0x52, 0x1, 0x8, 0x6, 0x70,
    0xd, 0x40, 0x51, 0x80, 0x1f, 0xfc, 0x16, 0xcd,
    0x72, 0x0, 0xff, 0xe1, 0x18, 0x7, 0xff, 0x29,
    0x19, 0x80, 0x19, 0x9b, 0x88, 0x3, 0xba, 0x60,
    0x3, 0x1c, 0xce, 0x50, 0xf, 0xff, 0x7d, 0x7f,
    0x0, 0x65, 0xff, 0xce, 0x1, 0xff, 0xdf, 0x30,
    0xf, 0xfe, 0x2d, 0x80, 0x7f, 0xf0, 0xce, 0x98,
    0x3, 0x32, 0xaf, 0xc2, 0x0, 0x95, 0x0, 0xe3,
    0xaa, 0xf8, 0x80, 0x3f, 0xfd, 0x80,

    /* U+00A4 "¤" */
    0x0, 0x11, 0x80, 0x7f, 0xf0, 0x48, 0xc0, 0x31,
    0x66, 0xc, 0x3, 0xfe, 0x2c, 0xc1, 0x80, 0xb,
    0x4, 0x30, 0xc5, 0xf3, 0xbf, 0xd8, 0xe2, 0x58,
    0x21, 0xa6, 0x12, 0x20, 0x16, 0x7c, 0x18, 0x80,
    0xe, 0x3b, 0x4, 0x0, 0x3c, 0x14, 0x40, 0x18,
    0x40, 0x3f, 0x8, 0x4, 0x3e, 0x3, 0x82, 0x1,
    0xff, 0xc3, 0x1c, 0x20, 0x0, 0xd0, 0x6, 0x19,
    0xef, 0xf5, 0x10, 0x6, 0x82, 0x0, 0xdc, 0x1,
    0x17, 0xb0, 0x80, 0x17, 0xc, 0x2, 0xa0, 0xe,
    0x50, 0xb, 0x84, 0x3, 0x87, 0x80, 0x23, 0x20,
    0x8, 0xc0, 0x23, 0x30, 0x7, 0xc4, 0xa0, 0x13,
    0x80, 0x4c, 0x1, 0x28, 0x7, 0xf6, 0x80, 0x44,
    0x1, 0xff, 0xcd, 0x60, 0x9, 0x40, 0x3f, 0xb4,
    0x2, 0x20, 0x8, 0xc0, 0x23, 0x30, 0x7, 0xc2,
    0xa0, 0x13, 0x80, 0x65, 0x0, 0xb8, 0x40, 0x3d,
    0xa0, 0x11, 0x90, 0x6, 0x90, 0x8, 0xbd, 0x40,
    0x24, 0xd3, 0x0, 0xa8, 0x3, 0xf, 0x0, 0x61,
    0xaf, 0xef, 0xb2, 0x0, 0xd0, 0x40, 0x1, 0xc2,
    0x0, 0xf8, 0x40, 0x3e, 0x1c, 0x20, 0xa2, 0x0,
    0xc2, 0x1, 0xf8, 0x40, 0x21, 0xf0, 0x91, 0x0,
    0xaf, 0xe0, 0xc4, 0x0, 0x71, 0xd8, 0x20, 0x17,
    0x1, 0x60, 0x85, 0xa0, 0xbe, 0x77, 0xfb, 0x1c,
    0x4b, 0x4, 0x30, 0xc0, 0x5, 0x96, 0x80, 0x1f,
    0xf1, 0x66, 0xc, 0x0,

    /* U+00A5 "¥" */
    0xbf, 0xfd, 0x40, 0x1f, 0xc9, 0xff, 0xc5, 0x20,
    0x19, 0x4c, 0x3, 0xf4, 0x80, 0x66, 0x22, 0x30,
    0x6, 0xf0, 0xf, 0x98, 0x80, 0x34, 0x0, 0x20,
    0x3, 0x1a, 0x80, 0x7a, 0x0, 0x34, 0x8, 0x0,
    0x60, 0x3, 0x40, 0x7, 0x38, 0x80, 0x42, 0xe0,
    0x19, 0xc4, 0x2, 0x27, 0x0, 0x86, 0x0, 0x35,
    0x80, 0x7a, 0xc0, 0x34, 0x8, 0x2, 0x0, 0x31,
    0xa8, 0x7, 0x94, 0xc0, 0x34, 0x1, 0x30, 0x6,
    0xf0, 0xf, 0xd0, 0x1, 0x98, 0xa4, 0x3, 0x29,
    0x80, 0x7e, 0x44, 0x0, 0x6f, 0x40, 0xd, 0x0,
    0x1f, 0xe9, 0x0, 0xc4, 0x1, 0x9c, 0x80, 0x3f,
    0xc4, 0xc0, 0x1f, 0xc, 0x80, 0x7f, 0x24, 0xc8,
    0xc0, 0x3e, 0x38, 0x98, 0x0, 0xf8, 0xd9, 0x8a,
    0x1, 0xf1, 0x33, 0x14, 0x3, 0xff, 0xce, 0xff,
    0xf9, 0x40, 0x37, 0x7f, 0xda, 0x1, 0xff, 0xd1,
    0x7f, 0xfc, 0xa0, 0x1b, 0xbf, 0xed, 0x0, 0xff,
    0xf3, 0x9b, 0x36, 0x20, 0xc, 0xac, 0xd2, 0x80,
    0x7c, 0x93, 0x39, 0xc0, 0x35, 0xcc, 0xd0, 0x1,
    0xff, 0xe4,

    /* U+00A6 "¦" */
    0xff, 0xd6, 0x1, 0xff, 0xf5, 0xa9, 0x9b, 0xd5,
    0x9a, 0x40, 0xe, 0x56, 0x69, 0x2a, 0x66, 0xf0,
    0xf, 0xff, 0xa8,

    /* U+00A7 "§" */
    0x0, 0xcb, 0x5d, 0xfe, 0xd9, 0x30, 0xf, 0x8b,
    0x69, 0x44, 0x0, 0x4d, 0x94, 0x1, 0xc3, 0x84,
    0x1, 0xf9, 0x6c, 0x3, 0x40, 0x80, 0x7f, 0x91,
    0x80, 0x27, 0x0, 0x87, 0x3f, 0x98, 0x3, 0x58,
    0x4, 0x20, 0x13, 0x98, 0xc, 0x88, 0xa, 0x28,
    0x7, 0xce, 0xa0, 0x16, 0x77, 0x2e, 0x0, 0x24,
    0x0, 0x86, 0xba, 0x98, 0x4, 0x3, 0xd0, 0x1,
    0xc2, 0xb3, 0xba, 0x71, 0x0, 0xc7, 0x84, 0x1,
    0xf1, 0x47, 0x38, 0x6, 0xa2, 0x0, 0xff, 0x43,
    0x80, 0x29, 0x80, 0x27, 0xb8, 0x40, 0xe, 0x80,
    0x25, 0x0, 0xa6, 0x11, 0xef, 0x48, 0x3, 0x1b,
    0x80, 0x62, 0x0, 0xc4, 0xa0, 0x1c, 0x20, 0x1a,
    0x98, 0x40, 0x24, 0x0, 0xc6, 0x80, 0x18, 0x67,
    0xb6, 0x6c, 0xc0, 0x27, 0x0, 0x58, 0x7, 0x89,
    0x90, 0x2, 0x58, 0x0, 0x26, 0xa0, 0x7, 0xfb,
    0x0, 0x31, 0x5e, 0xc1, 0x80, 0x7d, 0x28, 0x1,
    0xc4, 0xf9, 0xf6, 0xc0, 0x1d, 0xe0, 0x2, 0x47,
    0x96, 0x0, 0x24, 0xf0, 0x6, 0x60, 0x2d, 0xb8,
    0x68, 0x10, 0x8, 0x44, 0x1, 0xc4, 0x20, 0x10,
    0xea, 0x0, 0xc0, 0x80, 0x4c, 0x0, 0x80, 0xc,
    0x77, 0xfc, 0xe0, 0x1b, 0x80, 0xc, 0x80, 0x1f,
    0xf2, 0x28, 0x5, 0x6c, 0x1, 0xfc, 0xb6, 0x1,
    0xd3, 0xae, 0x60, 0x11, 0x36, 0x50, 0x4,

    /* U+00A8 "¨" */
    0x11, 0xc0, 0x10, 0x8e, 0xf, 0xee, 0x88, 0x1,
    0x5d, 0xd3, 0x0, 0x7f, 0xf6, 0x0,

    /* U+00A9 "©" */
    0x0, 0xff, 0xe0, 0x1a, 0x2a, 0x18, 0x7, 0xff,
    0x24, 0x5f, 0x3f, 0x2e, 0xaf, 0x3f, 0x1c, 0x40,
    0x3f, 0xf8, 0x8f, 0xd0, 0x60, 0x1f, 0x1c, 0x74,
    0x0, 0x7f, 0xf0, 0x4b, 0x60, 0x3, 0xff, 0x82,
    0xfc, 0x60, 0x1f, 0xe4, 0xd2, 0x0, 0xff, 0xe1,
    0x8e, 0x28, 0x7, 0xe4, 0xb0, 0xe, 0x28, 0xce,
    0xff, 0x64, 0x18, 0x7, 0x52, 0x0, 0x78, 0x68,
    0x3, 0xd, 0x6b, 0x98, 0x80, 0xd, 0xf2, 0x84,
    0x3, 0x59, 0x0, 0x75, 0x8, 0x4, 0x7e, 0xa0,
    0x1f, 0xcb, 0xe6, 0x1, 0xb8, 0x3, 0x22, 0x0,
    0x22, 0xd1, 0x0, 0x1d, 0x6f, 0xfb, 0x64, 0x40,
    0x70, 0xc0, 0x23, 0x60, 0xa, 0x0, 0x37, 0x88,
    0x1, 0xf1, 0x48, 0x0, 0x4d, 0xe8, 0x0, 0xd0,
    0xd, 0x60, 0x2, 0x30, 0x9, 0xc8, 0x0, 0xd0,
    0x1, 0xf0, 0xd9, 0x0, 0xc0, 0x4, 0x48, 0xa,
    0x1, 0xa4, 0x0, 0x32, 0x1, 0x35, 0xd1, 0x0,
    0x52, 0x0, 0x70, 0xd, 0xa1, 0x80, 0x12, 0x8,
    0x2, 0x40, 0x28, 0x94, 0x5c, 0x10, 0x3, 0x80,
    0x4a, 0x1, 0x28, 0x28, 0x4, 0x60, 0x12, 0x0,
    0x5, 0xc0, 0x21, 0xa9, 0xec, 0x0, 0xb0, 0x2,
    0x30, 0x10, 0xb, 0x80, 0x23, 0x0, 0x28, 0x7,
    0x23, 0x8, 0x6, 0x20, 0xf, 0xe3, 0x0, 0xf0,
    0x80, 0x7f, 0xf2, 0x8c, 0x3, 0xc2, 0x1, 0xff,
    0xc0, 0x10, 0xe, 0x20, 0xb, 0xc0, 0x23, 0x0,
    0x28, 0x7, 0x19, 0x80, 0x38, 0x80, 0x21, 0x7,
    0x0, 0x90, 0x2, 0x40, 0x0, 0xb8, 0x6, 0xdc,
    0xfc, 0x0, 0xac, 0x2, 0x50, 0xc0, 0x8, 0x8c,
    0x1, 0x20, 0x14, 0x4a, 0xab, 0x4, 0x0, 0xa0,
    0x2, 0x30, 0xb, 0x1, 0xc0, 0x34, 0x0, 0x6,
    0x40, 0x26, 0xaa, 0x18, 0x0, 0x60, 0x1, 0x0,
    0x19, 0x40, 0x54, 0x2, 0x45, 0x0, 0x33, 0x80,
    0x7c, 0x3a, 0x20, 0x8a, 0x1, 0x21, 0x0, 0x20,
    0x3, 0x52, 0x0, 0x23, 0x14, 0x40, 0x4, 0xfe,
    0x60, 0x76, 0x1, 0xa0, 0x2, 0x27, 0x0, 0xd6,
    0xa0, 0x3, 0xae, 0xff, 0x6c, 0x8, 0x26, 0x0,
    0x66, 0x30, 0xd, 0x6, 0x1, 0xaa, 0xcc, 0x3,
    0xe2, 0xab, 0x0, 0xc5, 0x20, 0x1e, 0xd2, 0x0,
    0xc9, 0x9b, 0xc, 0xad, 0x19, 0xaa, 0x1, 0x87,
    0x0, 0x3e, 0x1c, 0x30, 0xe, 0x27, 0x9a, 0x97,
    0x30, 0xe, 0x2f, 0x10, 0xf, 0xc3, 0x8e, 0x1,
    0xff, 0xc3, 0x6d, 0x10, 0xf, 0xfa, 0x35, 0x40,
    0x3f, 0xe4, 0xc9, 0x0, 0xff, 0xe1, 0x15, 0x74,
    0xa9, 0x0, 0x44, 0x91, 0xb6, 0x60, 0x1f, 0x80,

    /* U+00AA "ª" */
    0x0, 0x47, 0x7f, 0x59, 0x0, 0x2d, 0xc4, 0x5,
    0x30, 0x49, 0x82, 0x36, 0xc0, 0x58, 0xb7, 0x4c,
    0xc3, 0x10, 0xe0, 0x4e, 0xe5, 0xc0, 0x80, 0xe,
    0xcc, 0x11, 0xc8, 0x1, 0x40, 0x5d, 0x70, 0x1,
    0xcc, 0x20, 0xe4, 0x0, 0xd0, 0x4e, 0xe4, 0x0,
    0x49, 0x22, 0x20, 0x78, 0x0, 0x0,

    /* U+00AB "«" */
    0x0, 0xf4, 0x20, 0x7, 0x24, 0x0, 0x7c, 0xaf,
    0x6e, 0x1, 0xd, 0x3d, 0x88, 0x6, 0x2a, 0x0,
    0x58, 0x5, 0xa2, 0x8, 0x60, 0x10, 0xf8, 0x0,
    0x74, 0x1, 0x26, 0x0, 0xa2, 0x0, 0xa8, 0x80,
    0x1a, 0x20, 0xcc, 0x0, 0x3a, 0x80, 0x4e, 0x80,
    0x9, 0x30, 0x39, 0x0, 0x24, 0x0, 0x49, 0x0,
    0x5, 0x60, 0x1d, 0x0, 0x15, 0x0, 0x43, 0x40,
    0x2, 0xa0, 0x5, 0x8, 0x3, 0x84, 0x2, 0x15,
    0x0, 0x11, 0x80, 0x34, 0x2, 0xb0, 0xe, 0xa2,
    0x0, 0x68, 0x83, 0x30, 0x0, 0xea, 0x1, 0x87,
    0xc0, 0x3, 0xa0, 0x9, 0x30, 0x5, 0x10, 0x6,
    0x2a, 0x0, 0x1c, 0x80, 0x34, 0x40, 0x1e, 0x1,
    0xca, 0xe0, 0x6, 0x60, 0xd, 0x0, 0xa, 0xc0,
    0x3a, 0x10, 0x1, 0x60, 0x4, 0x80, 0x2, 0x18,
    0x7, 0x50, 0x9e, 0x0, 0x4e, 0xa3, 0x66, 0x1,
    0xc3, 0x98, 0x10, 0xd, 0x5e, 0x80,

    /* U+00AC "¬" */
    0x99, 0xff, 0xe2, 0x1b, 0x37, 0xff, 0x14, 0x3,
    0xff, 0xad, 0xff, 0xff, 0xc0, 0xc0, 0xf, 0xff,
    0x58,

    /* U+00AD "­" */
    0x99, 0xff, 0x13, 0x37, 0xf8, 0x40, 0x3f, 0xf9,
    0x40,

    /* U+00AE "®" */
    0x0, 0xe2, 0x8c, 0xff, 0x75, 0xa8, 0x7, 0xfa,
    0x35, 0xcc, 0x0, 0x29, 0x5c, 0x80, 0x1f, 0x63,
    0x80, 0x7e, 0x1b, 0x60, 0xe, 0xb3, 0x0, 0x25,
    0xf7, 0xec, 0x88, 0x2, 0x54, 0x2, 0x64, 0x0,
    0x4d, 0x31, 0x91, 0xb7, 0xa0, 0x2, 0xc4, 0x1,
    0x0, 0x7, 0x69, 0xdd, 0xba, 0x86, 0xc8, 0x6,
    0x41, 0x4, 0x6, 0x0, 0x2a, 0xa4, 0x2b, 0x4,
    0x80, 0x18, 0xc, 0x0, 0xe0, 0x19, 0x54, 0xe3,
    0x80, 0x82, 0x2, 0x2e, 0x0, 0x78, 0x6, 0x22,
    0x28, 0xe8, 0x0, 0x80, 0x4, 0x1, 0xfb, 0x75,
    0x44, 0xc0, 0x1e, 0xe0, 0x7, 0x80, 0x6a, 0x90,
    0xa1, 0x0, 0x10, 0x0, 0x8c, 0x0, 0xe0, 0x19,
    0x59, 0x24, 0x0, 0xa2, 0x2, 0x24, 0x10, 0x18,
    0x0, 0xef, 0x17, 0x8, 0x0, 0x30, 0x2, 0x0,
    0xe, 0xe8, 0xe0, 0x2, 0x72, 0xe1, 0x0, 0xc8,
    0x1, 0x90, 0x1, 0x18, 0xa2, 0x4, 0xd8, 0x60,
    0xb, 0x10, 0xa, 0xcc, 0x0, 0x77, 0xdf, 0xb0,
    0x20, 0x8, 0x50, 0xe, 0xc6, 0x0, 0xfc, 0x36,
    0xe0, 0x1f, 0x4e, 0xb9, 0x80, 0x5, 0x27, 0x90,
    0x3, 0x0,

    /* U+00AF "¯" */
    0x89, 0x9f, 0xc4, 0xcd, 0xfc, 0xe0, 0x1f, 0xfc,
    0x80,

    /* U+00B0 "°" */
    0x0, 0x9b, 0x3f, 0xdb, 0x2, 0x1, 0x86, 0xe4,
    0xc0, 0x4, 0xfe, 0x60, 0x16, 0xa0, 0x7, 0x87,
    0x8, 0x18, 0xc0, 0x3f, 0xa4, 0x28, 0x2, 0x5e,
    0xf8, 0x0, 0x90, 0x4c, 0x2, 0xa1, 0x7, 0x30,
    0x8, 0x80, 0x3f, 0xf8, 0x26, 0x1, 0x50, 0x83,
    0x98, 0x4, 0x54, 0x1, 0x2f, 0x7c, 0x0, 0x48,
    0x2c, 0x60, 0x1f, 0xd2, 0x0, 0xd3, 0x0, 0xf0,
    0xe1, 0x0, 0x7, 0x24, 0xc0, 0x4, 0xfe, 0x60,
    0x0,

    /* U+00B1 "±" */
    0x0, 0xf4, 0xff, 0xc0, 0x1f, 0xfd, 0xd9, 0x9f,
    0x20, 0x5, 0x33, 0xe3, 0x66, 0xf1, 0x0, 0x4c,
    0xdf, 0x0, 0x7f, 0xf5, 0xbf, 0xfc, 0xc0, 0x17,
    0xff, 0x94, 0x3, 0xff, 0xb8, 0x20, 0x1f, 0xfc,
    0x48, 0xff, 0x80, 0x3f, 0xf9, 0x9f, 0xff, 0xfc,
    0x45, 0x0, 0xff, 0xeb, 0x33, 0x7f, 0xf1, 0x40,

    /* U+00B2 "²" */
    0x0, 0x9f, 0x3f, 0xdb, 0x2, 0x1, 0xe, 0xc1,
    0x80, 0x9, 0xfc, 0x80, 0x16, 0x40, 0x3, 0x30,
    0x0, 0x78, 0x5, 0x40, 0x15, 0x98, 0xd0, 0x1,
    0x99, 0x40, 0x8, 0xa0, 0x2, 0x60, 0x2, 0xa7,
    0xfa, 0xc0, 0x31, 0x80, 0x7f, 0x91, 0x40, 0xa,
    0x1, 0xe5, 0xb0, 0x2, 0x98, 0x7, 0x45, 0x0,
    0x16, 0x80, 0x3a, 0x9c, 0x0, 0xf4, 0x1, 0x87,
    0x14, 0x1, 0x50, 0x1, 0x8f, 0xcc, 0x7, 0x14,
    0x3, 0x1e, 0x8, 0x0, 0xe2, 0xef, 0x2b, 0x80,
    0x62, 0x44, 0xe2, 0x0, 0xff, 0xe0, 0x0,

    /* U+00B3 "³" */
    0xf, 0xff, 0xe9, 0x0, 0xff, 0xe0, 0x19, 0xf8,
    0x3, 0xb3, 0x36, 0x80, 0x49, 0x20, 0x18, 0xfc,
    0xc1, 0x6c, 0x3, 0x3e, 0x8, 0x15, 0x80, 0x76,
    0x0, 0x45, 0xe8, 0x1, 0xa8, 0x4c, 0x40, 0x6c,
    0x80, 0x21, 0xec, 0xe4, 0x0, 0x58, 0x7, 0xd0,
    0x0, 0x50, 0x1, 0x88, 0x4, 0x20, 0x1, 0x6f,
    0xca, 0x0, 0xa4, 0x0, 0xe8, 0x0, 0x4e, 0xce,
    0x40, 0x4, 0x95, 0x80, 0x4, 0xc4, 0x1, 0x46,
    0x9, 0xac, 0x20, 0x2b, 0xaa, 0x0,

    /* U+00B4 "´" */
    0x0, 0xd, 0x54, 0x60, 0x6, 0x55, 0x21, 0x80,
    0x24, 0x0, 0xc0, 0x5, 0x10, 0x4, 0x80, 0x24,
    0x0, 0xa2, 0x6, 0x60, 0x4, 0x80, 0x28, 0x0,
    0x46, 0x0,

    /* U+00B5 "µ" */
    0xaf, 0xfc, 0x1, 0xf0, 0xff, 0xe8, 0x0, 0xff,
    0xff, 0x80, 0x7f, 0xff, 0x84, 0x3, 0xc6, 0x1,
    0xfe, 0x30, 0xf, 0x8, 0x7, 0xf9, 0x0, 0x3c,
    0x80, 0x1f, 0xeb, 0x0, 0xf5, 0x0, 0x7f, 0x8a,
    0xc4, 0x0, 0x56, 0x40, 0x1f, 0xf2, 0x77, 0x5a,
    0x80, 0x1f, 0xfc, 0x21, 0x10, 0x7, 0xff, 0x20,
    0x54, 0x3, 0xff, 0x86, 0xde, 0x40, 0x1f, 0xa2,
    0xe2, 0x2b, 0xf9, 0x18, 0xff, 0xa0, 0x3, 0xa,
    0x3b, 0xc8, 0x1, 0xff, 0xff, 0x0, 0xff, 0xee,
    0x80,

    /* U+00B6 "¶" */
    0x0, 0xc9, 0x5b, 0xff, 0xf8, 0x2, 0xcf, 0xfb,
    0x80, 0x3, 0x76, 0x52, 0x0, 0xff, 0xe3, 0x6a,
    0x0, 0x7f, 0xf2, 0x20, 0xc0, 0x3f, 0xf9, 0x2e,
    0x1, 0xff, 0xc9, 0x50, 0xf, 0xfe, 0x56, 0x80,
    0x7f, 0xf2, 0x84, 0x3, 0xff, 0x94, 0x60, 0x1f,
    0xfc, 0xa2, 0x0, 0xff, 0xe5, 0x70, 0x7, 0xff,
    0x29, 0xc0, 0x3f, 0xf9, 0x42, 0xa0, 0x1f, 0xfc,
    0xab, 0x10, 0xf, 0xfe, 0x48, 0xe8, 0x80, 0x7f,
    0xf2, 0x4f, 0xdc, 0x40, 0x3f, 0xf9, 0x3, 0x1d,
    0xcc, 0xbb, 0x20, 0x7, 0xff, 0x18, 0x4d, 0x10,
    0x20, 0x1f, 0xff, 0xf0, 0xf, 0xff, 0xf8, 0x7,
    0xff, 0xfc, 0x3, 0xff, 0xcd, 0xd1, 0x18, 0x2,
    0x98, 0x8c,

    /* U+00B7 "·" */
    0x2, 0x65, 0x0, 0x2e, 0xcd, 0x60, 0x40, 0x4,
    0x6a, 0x60, 0x18, 0x90, 0x3, 0x25, 0xa8, 0xd,
    0x18,

    /* U+00B8 "¸" */
    0x2, 0xff, 0x40, 0x4, 0xa0, 0xb, 0x0, 0xa8,
    0x1, 0xc4, 0x0, 0x10, 0x1, 0x70, 0x3, 0x2c,
    0x0, 0x62, 0x6, 0x1, 0x8c, 0xd9, 0x60, 0x11,
    0x50, 0x6, 0x90, 0x11, 0x1, 0x4b, 0x0,

    /* U+00B9 "¹" */
    0x2, 0xcf, 0xf7, 0x4e, 0x98, 0x4, 0xc0, 0x1e,
    0x19, 0x0, 0xa3, 0x9c, 0x2, 0x70, 0xf, 0xff,
    0x78,

    /* U+00BA "º" */
    0x0, 0x26, 0x7f, 0xb1, 0x0, 0x26, 0xb3, 0x0,
    0x1d, 0xb0, 0xc, 0x82, 0x66, 0x10, 0x24, 0x98,
    0x1, 0x46, 0x6a, 0x0, 0x2f, 0x1, 0x8, 0x0,
    0x48, 0x34, 0x3, 0xfd, 0xc0, 0x42, 0x0, 0x12,
    0xd, 0x60, 0x6, 0x99, 0xb4, 0x0, 0xa3, 0x20,
    0x79, 0x83, 0x8, 0x20, 0x6b, 0x30, 0x1, 0xdb,
    0x80,

    /* U+00BB "»" */
    0x2, 0x90, 0xf, 0x49, 0x0, 0x72, 0xeb, 0x40,
    0x4, 0x5a, 0xde, 0x1, 0xd8, 0x0, 0x75, 0x0,
    0x31, 0x1, 0x50, 0x6, 0x93, 0x0, 0x51, 0x2,
    0x38, 0x1, 0x58, 0x3, 0x68, 0x80, 0x3c, 0x1,
    0x8, 0x0, 0x93, 0x0, 0x87, 0x40, 0x5, 0x40,
    0xa, 0x20, 0x6, 0x88, 0x4, 0x70, 0x0, 0x57,
    0x1, 0xf0, 0x0, 0xe8, 0x6, 0x74, 0x0, 0x41,
    0x81, 0x48, 0x0, 0xe0, 0x2, 0x15, 0x0, 0x11,
    0x80, 0x34, 0x2, 0xb0, 0xb, 0x44, 0x1, 0xe0,
    0x8, 0x40, 0x4, 0x98, 0x2, 0x4c, 0x1, 0x44,
    0x8, 0xe0, 0x6, 0x60, 0x1, 0x98, 0x0, 0x75,
    0x2, 0xb0, 0x1, 0xc8, 0x0, 0xe4, 0x0, 0x90,
    0x0, 0xf0, 0x0, 0xe8, 0x5, 0x0, 0x1, 0xa0,
    0x3, 0x10, 0x2, 0x84, 0x2, 0xb5, 0xd, 0x10,
    0x3, 0x48, 0x42, 0x0, 0x75, 0x69, 0x80, 0x66,
    0xd7, 0x0, 0xe0,

    /* U+00BC "¼" */
    0x0, 0x13, 0x31, 0x40, 0x3f, 0xf8, 0x6c, 0x1,
    0xfd, 0x1b, 0x32, 0xb0, 0xf, 0xfe, 0x12, 0xce,
    0x90, 0x7, 0xb5, 0xc0, 0x3f, 0xf8, 0xa3, 0x60,
    0x5e, 0x1, 0xe2, 0x0, 0xff, 0xe3, 0x68, 0x80,
    0x24, 0x3, 0xe5, 0xd0, 0xf, 0xfe, 0x1b, 0x98,
    0x1, 0xd0, 0x3, 0xd9, 0x46, 0x1, 0xff, 0xc2,
    0x38, 0x0, 0x1c, 0x0, 0x7c, 0x60, 0x1f, 0xfc,
    0x4e, 0x0, 0xb8, 0x3, 0xff, 0x99, 0x44, 0x0,
    0x92, 0x0, 0xff, 0xe5, 0xaa, 0x80, 0xa, 0xc0,
    0x1f, 0xfc, 0xb2, 0xa0, 0x0, 0xd8, 0x6, 0x22,
    0x80, 0x3f, 0xf8, 0xbc, 0x1, 0x68, 0x80, 0x53,
    0xba, 0x90, 0xf, 0xfe, 0x24, 0x18, 0x1, 0xcc,
    0x2, 0x16, 0x0, 0x40, 0x7, 0xff, 0xd, 0x1c,
    0x0, 0x70, 0x1, 0xa0, 0x0, 0x66, 0x0, 0xff,
    0xe1, 0xd, 0x0, 0x5c, 0x1, 0x85, 0x80, 0x10,
    0x1, 0xff, 0xc3, 0xb1, 0x0, 0x51, 0x0, 0x69,
    0x0, 0x12, 0x0, 0x7f, 0xf0, 0x99, 0x40, 0xa,
    0xa0, 0xe, 0x70, 0x4, 0x0, 0x7c, 0x3f, 0xee,
    0x0, 0x8a, 0x40, 0x5, 0x40, 0x1c, 0xe0, 0x2,
    0x57, 0xff, 0x38, 0x7, 0xfb, 0x80, 0x2e, 0x0,
    0xf4, 0x80, 0x2c, 0x3, 0xff, 0x85, 0x6, 0x0,
    0x83, 0x0, 0xe6, 0x10, 0x16, 0x0, 0xff, 0xe0,
    0xa3, 0x80, 0x11, 0xc0, 0x3d, 0x60, 0x9, 0x0,
    0xff, 0xe0, 0x8d, 0x0, 0x6, 0x80, 0x3c, 0x44,
    0x0, 0x47, 0xfa, 0x0, 0x11, 0xa0, 0x1e, 0xa1,
    0x0, 0x58, 0x80, 0x7f, 0xf2, 0xd9, 0x0, 0xc,
    0xa0, 0x1f, 0x19, 0xfc, 0x40, 0x2, 0x40, 0xe,
    0x10, 0x1, 0x48, 0x7, 0xe1, 0xcc, 0xf5, 0x0,
    0x2a, 0x40, 0x39, 0xf0, 0xbc, 0x3, 0xff, 0x9e,
    0x7a, 0x40, 0x1f, 0xfc, 0x47, 0xff, 0x38, 0x0,

    /* U+00BD "½" */
    0x0, 0x13, 0x31, 0x40, 0x3f, 0xf8, 0x6c, 0x1,
    0xfe, 0x19, 0xd9, 0x95, 0x80, 0x7f, 0xf0, 0x96,
    0x74, 0x80, 0x3f, 0x7b, 0x0, 0x7f, 0xf1, 0x4a,
    0x80, 0xbc, 0x3, 0xf0, 0x80, 0x80, 0x7f, 0xf1,
    0x38, 0x2, 0xe0, 0xf, 0xc2, 0xf8, 0x1, 0xff,
    0xc3, 0x83, 0x0, 0x39, 0x80, 0x7e, 0xc8, 0x30,
    0xf, 0xfe, 0x11, 0xb8, 0x0, 0xe0, 0x3, 0xf8,
    0x80, 0x3f, 0xf8, 0x63, 0xa0, 0x17, 0x0, 0x7f,
    0xf3, 0xac, 0x40, 0x14, 0x40, 0x1f, 0xfc, 0xd6,
    0x50, 0x3, 0x28, 0x7, 0xff, 0x34, 0xa4, 0x0,
    0x52, 0x1, 0xb, 0xd5, 0xd2, 0x80, 0x7f, 0xf1,
    0x7c, 0x2, 0xe0, 0x9, 0x7a, 0x15, 0x16, 0xb0,
    0x40, 0x3f, 0xf8, 0x52, 0x40, 0x8, 0x30, 0x1,
    0xd0, 0x7, 0x8f, 0x40, 0x3f, 0xf8, 0x28, 0xc0,
    0x4, 0x70, 0xa, 0x0, 0x7, 0xbf, 0x60, 0x3,
    0x50, 0xf, 0xf8, 0x68, 0x0, 0x34, 0x1, 0x90,
    0x1, 0xc4, 0x9, 0x0, 0xc, 0x0, 0xff, 0xa8,
    0x40, 0x14, 0x20, 0x19, 0x98, 0xe4, 0x1, 0x10,
    0x0, 0xc0, 0x3f, 0xce, 0x80, 0x6, 0x40, 0xe,
    0x99, 0x40, 0x6, 0xf0, 0x1, 0x80, 0x7, 0xfd,
    0xc0, 0x11, 0xc0, 0x0, 0xe4, 0x3, 0xff, 0x80,
    0xca, 0x0, 0xd0, 0xf, 0xee, 0x0, 0xb8, 0x3,
    0xff, 0x81, 0x12, 0x0, 0x54, 0x0, 0xfd, 0x24,
    0x0, 0x92, 0x0, 0xff, 0xa5, 0xc0, 0xb, 0x40,
    0x1f, 0x95, 0x80, 0xa, 0xc0, 0x1f, 0xf5, 0xb0,
    0x1, 0xe8, 0x3, 0xf1, 0x50, 0x0, 0x6c, 0x3,
    0xfc, 0x38, 0x80, 0x8, 0x80, 0x7, 0xf7, 0x0,
    0x5a, 0x20, 0x1f, 0xc5, 0x86, 0x0, 0xa7, 0x0,
    0xfe, 0x83, 0x0, 0x39, 0x80, 0x7f, 0xb0, 0x80,
    0x3, 0xd7, 0x79, 0xc0, 0x3b, 0x40, 0x7, 0x0,
    0x1f, 0xe1, 0x10, 0x4, 0x28, 0x9d, 0xa0, 0x1c,
    0xba, 0x7c, 0x1, 0xff, 0xcb,

    /* U+00BE "¾" */
    0xc, 0xcf, 0xe7, 0x0, 0xff, 0xe0, 0xd9, 0x80,
    0x7e, 0x33, 0xfe, 0xe0, 0xf, 0xfe, 0x4, 0xa6,
    0x38, 0x7, 0xff, 0x41, 0x58, 0x1, 0xa0, 0x1f,
    0x7f, 0xf3, 0x80, 0x6, 0xc0, 0x3f, 0xc3, 0x60,
    0x1, 0xb0, 0xf, 0xfa, 0x9c, 0x7, 0x8, 0x3,
    0xfd, 0x42, 0x0, 0xa1, 0x0, 0xfe, 0x1c, 0x50,
    0x1c, 0x20, 0xf, 0xf3, 0xa0, 0x1, 0xd0, 0x3,
    0xfd, 0xa6, 0x0, 0x1a, 0x0, 0xff, 0x1c, 0x0,
    0xa, 0x0, 0x3f, 0xea, 0x0, 0xcf, 0x40, 0x1f,
    0xdc, 0x1, 0x78, 0x7, 0xff, 0x1, 0x9e, 0x58,
    0x0, 0xaa, 0x0, 0xfa, 0x48, 0x1, 0x24, 0x1,
    0xff, 0xc1, 0x86, 0x97, 0x0, 0x70, 0x7, 0x91,
    0x80, 0x8, 0xc0, 0x13, 0x44, 0x10, 0x3, 0xfd,
    0x40, 0x6, 0x0, 0xe1, 0xa0, 0x0, 0xd0, 0x4,
    0x52, 0xef, 0x0, 0x61, 0x62, 0x0, 0x84, 0x0,
    0x20, 0x1d, 0x42, 0x0, 0xa1, 0x0, 0xac, 0x0,
    0x86, 0x1, 0x3f, 0x4f, 0x8, 0xf, 0x80, 0x14,
    0x3, 0x32, 0x0, 0x19, 0x0, 0x21, 0x60, 0x7,
    0x80, 0x66, 0x0, 0x1f, 0x67, 0x18, 0x2, 0xc0,
    0x22, 0x90, 0x1, 0x48, 0x6, 0x90, 0x1, 0x20,
    0x6, 0x1b, 0x0, 0x8c, 0x2, 0xb2, 0x0, 0xb8,
    0x2, 0xe0, 0xe, 0x60, 0x4, 0x0, 0x79, 0x35,
    0x84, 0x5, 0xb5, 0x0, 0x28, 0x30, 0x4, 0x18,
    0x6, 0x61, 0x1, 0x50, 0xf, 0x8a, 0x7b, 0xfa,
    0x48, 0x2, 0x37, 0x0, 0x23, 0x80, 0x75, 0x80,
    0x24, 0x37, 0xfc, 0x20, 0x1f, 0xfc, 0x1, 0xd0,
    0xa, 0x80, 0x39, 0x48, 0x0, 0xe0, 0x1f, 0xfc,
    0x5b, 0x10, 0x5, 0x8, 0x7, 0x48, 0x1, 0xc0,
    0x3f, 0xf8, 0xaa, 0xa0, 0x2, 0xa8, 0x3, 0x90,
    0xc0, 0x12, 0x1, 0xff, 0xc4, 0x2a, 0x0, 0xd,
    0x0, 0x78, 0xc0, 0x2e, 0xff, 0x10, 0x3, 0x9c,
    0x3, 0xfb, 0x80, 0x2d, 0x0, 0xff, 0xe7, 0xb9,
    0x80, 0x1c, 0xc0, 0x3e, 0x23, 0x3f, 0x0, 0x46,
    0x40, 0x1f, 0xf1, 0xc0, 0x7, 0xe5, 0xcc, 0xf1,
    0x0, 0x35, 0x40, 0x3f, 0x3d, 0x97, 0x0, 0x7f,
    0xf4, 0x93, 0x48, 0x3, 0xff, 0x89, 0xbf, 0xe1,
    0x0,

    /* U+00BF "¿" */
    0x0, 0xf3, 0xff, 0xe6, 0x0, 0xff, 0xf9, 0x8,
    0x7, 0xff, 0x11, 0xbf, 0xf3, 0x0, 0x7f, 0xc4,
    0xab, 0x88, 0x3, 0xfe, 0x5a, 0xac, 0x80, 0x1f,
    0xf6, 0x0, 0x62, 0x0, 0xff, 0x1a, 0x0, 0x64,
    0x0, 0xfe, 0x2d, 0x0, 0xcc, 0x1, 0xfc, 0x58,
    0x20, 0x1a, 0x0, 0x3f, 0xf, 0x88, 0x6, 0xb1,
    0x0, 0xfd, 0x44, 0x1, 0xe, 0x20, 0x7, 0xe5,
    0x40, 0x8, 0x70, 0xc0, 0x3f, 0xa0, 0x3, 0x69,
    0x0, 0x7f, 0x9, 0x0, 0x46, 0x60, 0xf, 0xf2,
    0x80, 0x66, 0x0, 0xf0, 0x8e, 0x0, 0xff, 0xe0,
    0x3f, 0x76, 0x56, 0x0, 0xc8, 0x20, 0x1a, 0x80,
    0x32, 0x11, 0x0, 0x21, 0xf8, 0x67, 0xd2, 0x0,
    0x8c, 0x42, 0x0, 0x30, 0xbc, 0xc1, 0x0, 0x68,
    0x0, 0x2a, 0x80, 0x3f, 0xe7, 0x40, 0xa, 0x9c,
    0x3, 0xfa, 0x20, 0x1, 0xd1, 0xae, 0x62, 0x0,
    0x37, 0xe7, 0x0, 0x80,

    /* U+00C0 "À" */
    0x0, 0xf1, 0xff, 0xc6, 0x1, 0xff, 0xc6, 0x33,
    0x0, 0x24, 0x3, 0xff, 0x8f, 0x20, 0x5, 0x10,
    0xf, 0xfe, 0x32, 0x88, 0x2, 0x40, 0x3f, 0xf8,
    0xec, 0x0, 0x60, 0xf, 0xfe, 0x3c, 0x80, 0x5,
    0x40, 0x3f, 0xf8, 0xc3, 0xa, 0xa2, 0x0, 0xff,
    0xe3, 0xbd, 0x51, 0xc0, 0x3f, 0xfb, 0xbf, 0xff,
    0x18, 0x7, 0xff, 0x9, 0x0, 0x3e, 0xb0, 0xf,
    0xfe, 0x16, 0x80, 0x7c, 0xa0, 0x1f, 0xfc, 0x27,
    0x0, 0xf8, 0x84, 0x3, 0xff, 0x80, 0x62, 0x1,
    0x8, 0x6, 0x70, 0xf, 0xfe, 0x2, 0x0, 0x68,
    0x0, 0xda, 0x1, 0xff, 0xc0, 0xb0, 0xc, 0xe8,
    0x1, 0x20, 0x7, 0xfc, 0x26, 0x1, 0x20, 0xe0,
    0x6, 0x40, 0xf, 0xf3, 0x80, 0x6c, 0x5, 0x0,
    0xda, 0x1, 0xfe, 0xc0, 0xc, 0xa0, 0x44, 0x0,
    0x9c, 0x3, 0xfc, 0xa0, 0x11, 0x10, 0x0, 0xa0,
    0x10, 0x98, 0x7, 0xe4, 0x0, 0xca, 0x1, 0x58,
    0x6, 0xb0, 0xf, 0xda, 0x1, 0xac, 0x2, 0x31,
    0x0, 0x90, 0x3, 0xf3, 0x80, 0x42, 0x60, 0x19,
    0x0, 0x23, 0x10, 0xf, 0x10, 0x80, 0x4e, 0x1,
    0xde, 0x1, 0x9c, 0x3, 0xca, 0x1, 0xca, 0xbc,
    0x60, 0x1b, 0x40, 0x3d, 0x60, 0x19, 0xaa, 0xba,
    0x40, 0x32, 0x0, 0x70, 0x98, 0x7, 0xff, 0x11,
    0x0, 0x32, 0x0, 0x7f, 0xf1, 0x74, 0x3, 0x78,
    0x7, 0xff, 0x15, 0xc0, 0x32, 0x80, 0x47, 0xff,
    0xfc, 0xc0, 0x10, 0x98, 0x1, 0x0, 0x35, 0x80,
    0x7f, 0x68, 0x6, 0xb0, 0x6, 0x80, 0x64, 0x0,
    0xfe, 0x40, 0xc, 0x80, 0x4, 0x0, 0x84, 0xc0,
    0x3f, 0xca, 0x1, 0x18, 0x91, 0x0, 0x27, 0x0,
    0xff, 0xbc, 0x3, 0x38,

    /* U+00C1 "Á" */
    0x0, 0xff, 0xe0, 0xf, 0xfc, 0xc0, 0x1f, 0xfc,
    0x66, 0x0, 0x98, 0x3, 0xff, 0x8d, 0x40, 0x6,
    0x0, 0xff, 0xe3, 0x21, 0x0, 0x2c, 0x3, 0xff,
    0x8d, 0xe0, 0x4, 0x20, 0xf, 0xfe, 0x29, 0x20,
    0x3, 0xc0, 0x3f, 0xf8, 0xce, 0xab, 0x20, 0x7,
    0xff, 0x19, 0x6a, 0xa0, 0xf, 0xfe, 0xe7, 0xff,
    0xc6, 0x1, 0xff, 0xc2, 0x40, 0xf, 0xac, 0x3,
    0xff, 0x85, 0xa0, 0x1f, 0x28, 0x7, 0xff, 0x9,
    0xc0, 0x3e, 0x21, 0x0, 0xff, 0xe0, 0x18, 0x80,
    0x42, 0x1, 0x9c, 0x3, 0xff, 0x80, 0x80, 0x1a,
    0x0, 0x36, 0x80, 0x7f, 0xf0, 0x2c, 0x3, 0x31,
    0x0, 0x48, 0x1, 0xff, 0x9, 0x80, 0x4a, 0xa,
    0x1, 0x90, 0x3, 0xfc, 0xe0, 0x1b, 0xc2, 0xc0,
    0x36, 0x80, 0x7f, 0xb0, 0x3, 0x20, 0x18, 0x80,
    0x4e, 0x1, 0xfe, 0x50, 0x8, 0xc4, 0x0, 0xe0,
    0x10, 0x98, 0x7, 0xe4, 0x0, 0xd6, 0x1, 0x68,
    0x6, 0xb0, 0xf, 0xda, 0x1, 0x94, 0x2, 0x40,
    0xc, 0x80, 0x1f, 0x9c, 0x2, 0x22, 0x0, 0x64,
    0x0, 0x8c, 0x40, 0x3c, 0x42, 0x1, 0x20, 0x7,
    0x68, 0x6, 0x70, 0xf, 0x28, 0x6, 0x15, 0x5e,
    0x10, 0xd, 0xa0, 0x1e, 0xb0, 0xc, 0xf5, 0x5d,
    0x0, 0x19, 0x0, 0x38, 0x4c, 0x3, 0xff, 0x88,
    0x80, 0x19, 0x0, 0x3f, 0xf8, 0xba, 0x1, 0xbc,
    0x3, 0xff, 0x8a, 0xe0, 0x19, 0x40, 0x23, 0xff,
    0xfe, 0x60, 0x8, 0x4c, 0x0, 0x80, 0x1a, 0xc0,
    0x3f, 0xb4, 0x3, 0x58, 0x3, 0x40, 0x32, 0x80,
    0x7f, 0x20, 0x6, 0x40, 0x2, 0x0, 0x42, 0x40,
    0x1f, 0xe5, 0x0, 0x8c, 0x48, 0x80, 0x13, 0x80,
    0x7f, 0xde, 0x1, 0x9c,

    /* U+00C2 "Â" */
    0x0, 0xfe, 0xbf, 0xfb, 0x40, 0x3f, 0xf8, 0xb2,
    0x80, 0x11, 0x50, 0x7, 0xff, 0xd, 0x98, 0x1,
    0xcb, 0x0, 0x1f, 0xfc, 0x13, 0x90, 0x0, 0xf1,
    0x80, 0x1d, 0x40, 0x3f, 0xe1, 0xd0, 0xb, 0x47,
    0x84, 0x1, 0x44, 0x1, 0xfe, 0xd1, 0x0, 0x49,
    0x81, 0x50, 0x5, 0xe2, 0x1, 0xfd, 0x9f, 0xf3,
    0x0, 0x49, 0xff, 0x68, 0x80, 0x7f, 0xf5, 0xff,
    0xfe, 0x30, 0xf, 0xfe, 0x12, 0x0, 0x7d, 0x60,
    0x1f, 0xfc, 0x2d, 0x0, 0xf9, 0x40, 0x3f, 0xf8,
    0x4e, 0x1, 0xf1, 0x8, 0x7, 0xff, 0x0, 0xc4,
    0x2, 0x10, 0xc, 0xe0, 0x1f, 0xfc, 0x4, 0x0,
    0xd0, 0x1, 0xb4, 0x3, 0xff, 0x81, 0x60, 0x19,
    0x88, 0x2, 0x40, 0xf, 0xf8, 0x4c, 0x2, 0x50,
    0x50, 0xc, 0x80, 0x1f, 0xe7, 0x0, 0xde, 0x16,
    0x1, 0xb4, 0x3, 0xfd, 0x80, 0x19, 0x0, 0xc4,
    0x2, 0x70, 0xf, 0xf2, 0x80, 0x46, 0x20, 0x7,
    0x0, 0x84, 0xc0, 0x3f, 0x20, 0x6, 0xb0, 0xb,
    0x40, 0x35, 0x80, 0x7e, 0xd0, 0xc, 0xa0, 0x12,
    0x0, 0x64, 0x0, 0xfc, 0xe0, 0x11, 0x10, 0x3,
    0x20, 0x4, 0x62, 0x1, 0xe2, 0x10, 0x9, 0x0,
    0x3b, 0x40, 0x33, 0x80, 0x79, 0x40, 0x30, 0xaa,
    0xf0, 0x80, 0x6d, 0x0, 0xf5, 0x80, 0x67, 0xaa,
    0xe8, 0x0, 0xc8, 0x1, 0xc2, 0x60, 0x1f, 0xfc,
    0x44, 0x0, 0xc8, 0x1, 0xff, 0xc5, 0xd0, 0xd,
    0xe0, 0x1f, 0xfc, 0x57, 0x0, 0xca, 0x1, 0x1f,
    0xff, 0xf3, 0x0, 0x42, 0x60, 0x4, 0x0, 0xd6,
    0x1, 0xfd, 0xa0, 0x1a, 0xc0, 0x1a, 0x1, 0x94,
    0x3, 0xf9, 0x0, 0x32, 0x0, 0x10, 0x2, 0x12,
    0x0, 0xff, 0x28, 0x4, 0x62, 0x44, 0x0, 0x9c,
    0x3, 0xfe, 0xf0, 0xc, 0xe0,

    /* U+00C3 "Ã" */
    0x0, 0xf2, 0xef, 0xf3, 0x80, 0x65, 0x51, 0x80,
    0x7f, 0x8a, 0x88, 0x6, 0x34, 0x80, 0x6a, 0x9e,
    0x1, 0xfe, 0x50, 0xe, 0x2d, 0x88, 0x0, 0x4,
    0x3, 0xfd, 0xc0, 0x3, 0x81, 0x0, 0x3b, 0x0,
    0x4, 0x3, 0xfc, 0x20, 0xa, 0x7f, 0x50, 0xe,
    0xa0, 0xf, 0xf5, 0x54, 0x80, 0x35, 0x43, 0x1,
    0x86, 0x0, 0xff, 0x12, 0xa8, 0x80, 0x25, 0xcf,
    0xe7, 0x0, 0xff, 0xf8, 0x7f, 0xfc, 0x60, 0x1f,
    0xfc, 0x24, 0x0, 0xfa, 0xc0, 0x3f, 0xf8, 0x5a,
    0x1, 0xf2, 0x80, 0x7f, 0xf0, 0x9c, 0x3, 0xe2,
    0x10, 0xf, 0xfe, 0x1, 0x88, 0x4, 0x20, 0x19,
    0xc0, 0x3f, 0xf8, 0x8, 0x1, 0xa0, 0x3, 0x68,
    0x7, 0xff, 0x2, 0xc0, 0x33, 0x10, 0x4, 0x80,
    0x1f, 0xf0, 0x98, 0x4, 0xa0, 0xa0, 0x19, 0x0,
    0x3f, 0xce, 0x1, 0xbc, 0x2c, 0x3, 0x68, 0x7,
    0xfb, 0x0, 0x32, 0x1, 0x88, 0x4, 0xe0, 0x1f,
    0xe5, 0x0, 0x8c, 0x40, 0xe, 0x1, 0x9, 0x80,
    0x7e, 0x40, 0xd, 0x60, 0x16, 0x80, 0x6b, 0x0,
    0xfd, 0xa0, 0x19, 0x40, 0x24, 0x0, 0xc8, 0x1,
    0xf9, 0xc0, 0x22, 0x20, 0x6, 0x40, 0x8, 0xc4,
    0x3, 0xc4, 0x20, 0x12, 0x0, 0x76, 0x80, 0x67,
    0x0, 0xf2, 0x80, 0x61, 0x55, 0xe1, 0x0, 0xda,
    0x1, 0xeb, 0x0, 0xcf, 0x55, 0xd0, 0x1, 0x90,
    0x3, 0x84, 0xc0, 0x3f, 0xf8, 0x88, 0x1, 0x90,
    0x3, 0xff, 0x8b, 0xa0, 0x1b, 0xc0, 0x3f, 0xf8,
    0xae, 0x1, 0x94, 0x2, 0x3f, 0xff, 0xe6, 0x0,
    0x84, 0xc0, 0x8, 0x1, 0xac, 0x3, 0xfb, 0x40,
    0x35, 0x80, 0x34, 0x3, 0x28, 0x7, 0xf2, 0x0,
    0x64, 0x0, 0x20, 0x4, 0x24, 0x1, 0xfe, 0x50,
    0x8, 0xc4, 0x88, 0x1, 0x38, 0x7, 0xfd, 0xe0,
    0x19, 0xc0,

    /* U+00C4 "Ä" */
    0x0, 0xf0, 0x8e, 0x0, 0x84, 0x70, 0x7, 0xff,
    0x3, 0xbb, 0x8, 0x3, 0x3b, 0xa4, 0x0, 0xff,
    0xff, 0x80, 0x77, 0xfe, 0x10, 0x6, 0xff, 0xc8,
    0x1, 0xff, 0xd8, 0xff, 0xf8, 0xc0, 0x3f, 0xf8,
    0x48, 0x1, 0xf5, 0x80, 0x7f, 0xf0, 0xb4, 0x3,
    0xe5, 0x0, 0xff, 0xe1, 0x38, 0x7, 0xc4, 0x20,
    0x1f, 0xfc, 0x3, 0x10, 0x8, 0x40, 0x33, 0x80,
    0x7f, 0xf0, 0x10, 0x3, 0x40, 0x6, 0xd0, 0xf,
    0xfe, 0x5, 0x80, 0x66, 0x20, 0x9, 0x0, 0x3f,
    0xe1, 0x30, 0x9, 0x41, 0x40, 0x32, 0x0, 0x7f,
    0x9c, 0x3, 0x78, 0x58, 0x6, 0xd0, 0xf, 0xf6,
    0x0, 0x64, 0x3, 0x10, 0x9, 0xc0, 0x3f, 0xca,
    0x1, 0x18, 0x80, 0x1c, 0x2, 0x13, 0x0, 0xfc,
    0x80, 0x1a, 0xc0, 0x2d, 0x0, 0xd6, 0x1, 0xfb,
    0x40, 0x32, 0x80, 0x48, 0x1, 0x90, 0x3, 0xf3,
    0x80, 0x44, 0x40, 0xc, 0x80, 0x11, 0x88, 0x7,
    0x88, 0x40, 0x24, 0x0, 0xed, 0x0, 0xce, 0x1,
    0xe5, 0x0, 0xc2, 0xab, 0xc2, 0x1, 0xb4, 0x3,
    0xd6, 0x1, 0x9e, 0xab, 0xa0, 0x3, 0x20, 0x7,
    0x9, 0x80, 0x7f, 0xf1, 0x10, 0x3, 0x20, 0x7,
    0xff, 0x17, 0x40, 0x37, 0x80, 0x7f, 0xf1, 0x5c,
    0x3, 0x28, 0x4, 0x7f, 0xff, 0xcc, 0x1, 0x9,
    0x80, 0x10, 0x3, 0x58, 0x7, 0xf6, 0x80, 0x6b,
    0x0, 0x68, 0x6, 0x50, 0xf, 0xe4, 0x0, 0xc8,
    0x0, 0x40, 0x8, 0x48, 0x3, 0xfc, 0xa0, 0x11,
    0x89, 0x10, 0x2, 0x70, 0xf, 0xfb, 0xc0, 0x33,
    0x80,

    /* U+00C5 "Å" */
    0x0, 0xfe, 0x29, 0xba, 0x40, 0xf, 0xfe, 0x2b,
    0x6b, 0x22, 0xdd, 0x0, 0x7f, 0xf0, 0xd2, 0x40,
    0x39, 0x60, 0x3, 0xff, 0x85, 0xe0, 0x8, 0xfb,
    0x0, 0x38, 0x7, 0xff, 0x9, 0x40, 0x9c, 0x11,
    0x80, 0x4, 0x1, 0xff, 0xd8, 0x50, 0x27, 0x4,
    0x60, 0x1, 0x0, 0x7f, 0xf0, 0x7c, 0x1, 0x1f,
    0x60, 0x7, 0x0, 0xff, 0xe1, 0x24, 0x80, 0x72,
    0xc0, 0x7, 0xff, 0xd, 0xb5, 0x91, 0x6e, 0x80,
    0x3f, 0xf8, 0xa5, 0x37, 0x48, 0x1, 0xff, 0xc5,
    0xff, 0xf8, 0xc0, 0x3f, 0xf8, 0x48, 0x1, 0xf5,
    0x80, 0x7f, 0xf0, 0xb4, 0x3, 0xe5, 0x0, 0xff,
    0xe1, 0x38, 0x7, 0xc4, 0x20, 0x1f, 0xfc, 0x3,
    0x10, 0x8, 0x40, 0x33, 0x80, 0x7f, 0xf0, 0x10,
    0x3, 0x40, 0x6, 0xd0, 0xf, 0xfe, 0x5, 0x80,
    0x66, 0x20, 0x9, 0x0, 0x3f, 0xe1, 0x30, 0x9,
    0x41, 0x40, 0x32, 0x0, 0x7f, 0x9c, 0x3, 0x78,
    0x58, 0x6, 0xd0, 0xf, 0xf6, 0x0, 0x64, 0x3,
    0x10, 0x9, 0xc0, 0x3f, 0xca, 0x1, 0x18, 0x80,
    0x1c, 0x2, 0x13, 0x0, 0xfc, 0x80, 0x1a, 0xc0,
    0x2d, 0x0, 0xd6, 0x1, 0xfb, 0x40, 0x32, 0x80,
    0x48, 0x1, 0x90, 0x3, 0xf3, 0x80, 0x44, 0x40,
    0xc, 0x80, 0x11, 0x88, 0x7, 0x88, 0x40, 0x24,
    0x0, 0xed, 0x0, 0xce, 0x1, 0xe5, 0x0, 0xc2,
    0xab, 0xc2, 0x1, 0xb4, 0x3, 0xd6, 0x1, 0x9e,
    0xab, 0xa0, 0x3, 0x20, 0x7, 0x9, 0x80, 0x7f,
    0xf1, 0x10, 0x3, 0x20, 0x7, 0xff, 0x17, 0x40,
    0x37, 0x80, 0x7f, 0xf1, 0x5c, 0x3, 0x28, 0x4,
    0x7f, 0xff, 0xcc, 0x1, 0x9, 0x80, 0x10, 0x3,
    0x58, 0x7, 0xf6, 0x80, 0x6b, 0x0, 0x68, 0x6,
    0x50, 0xf, 0xe4, 0x0, 0xc8, 0x0, 0x40, 0x8,
    0x48, 0x3, 0xfc, 0xa0, 0x11, 0x89, 0x10, 0x2,
    0x70, 0xf, 0xfb, 0xc0, 0x33, 0x80,

    /* U+00C6 "Æ" */
    0x0, 0xfd, 0xff, 0xff, 0xca, 0x70, 0xf, 0x90,
    0x3, 0xff, 0xa5, 0xa0, 0x1f, 0xfd, 0x27, 0x0,
    0xff, 0xe8, 0x98, 0x80, 0x4b, 0x54, 0x40, 0xd,
    0x35, 0x5f, 0xe5, 0x0, 0xf2, 0x0, 0x69, 0x55,
    0x18, 0x6, 0x75, 0x5f, 0xf1, 0x0, 0x7a, 0xc0,
    0x21, 0x30, 0xf, 0xfe, 0x60, 0x98, 0x4, 0x80,
    0x1f, 0xfc, 0xd7, 0x0, 0xde, 0x1, 0xff, 0xcd,
    0xc0, 0xc, 0xa0, 0x1f, 0xfc, 0xd5, 0x0, 0x90,
    0x3, 0xfb, 0xbf, 0xff, 0x30, 0x7, 0x90, 0x3,
    0x60, 0x7, 0xff, 0x37, 0x40, 0x32, 0x80, 0x7f,
    0xf3, 0x5c, 0x2, 0x22, 0x0, 0x7f, 0xf3, 0x8,
    0x40, 0x25, 0x0, 0xff, 0x4d, 0x57, 0xe4, 0x0,
    0xe5, 0x0, 0xe5, 0x5e, 0x30, 0xc, 0xea, 0xbf,
    0x88, 0x3, 0xac, 0x3, 0x3d, 0x57, 0x20, 0x7,
    0xff, 0x18, 0x4c, 0x3, 0xff, 0xa2, 0x80, 0x1f,
    0xfd, 0x2f, 0x0, 0xff, 0xe9, 0x28, 0x4, 0x7f,
    0xff, 0x38, 0x6, 0x75, 0x5f, 0xf1, 0x2, 0x0,
    0x6b, 0x0, 0xff, 0xe0, 0x4d, 0x57, 0xf9, 0x43,
    0x40, 0x32, 0x80, 0x7f, 0xf3, 0x50, 0x2, 0x12,
    0x0, 0xff, 0xe6, 0x11, 0x0, 0x27, 0x0, 0xff,
    0xe6, 0x80,

    /* U+00C7 "Ç" */
    0x0, 0xfc, 0x28, 0xce, 0xe6, 0x40, 0xf, 0xfe,
    0x12, 0xe7, 0x5c, 0xc4, 0x26, 0xfe, 0xd0, 0x3,
    0xf8, 0xb2, 0x8c, 0x3, 0xf2, 0x5d, 0x84, 0x3,
    0xc9, 0xa6, 0x1, 0xff, 0xc0, 0x4c, 0x20, 0xc,
    0x56, 0x1, 0xf0, 0x88, 0x3, 0xc5, 0xe2, 0x1,
    0x78, 0x7, 0x2e, 0x7f, 0x73, 0xec, 0xc0, 0x31,
    0x58, 0x1, 0xc8, 0x3, 0x4d, 0x18, 0x6, 0x4c,
    0x70, 0xc, 0xa6, 0x12, 0x1, 0xa1, 0x80, 0x3f,
    0x42, 0x0, 0x69, 0x41, 0x0, 0x89, 0xc0, 0x3f,
    0xd2, 0x1, 0x1e, 0xe0, 0x6, 0xa0, 0xf, 0xf8,
    0xa2, 0xbb, 0x1c, 0xc0, 0x32, 0x0, 0x7f, 0xf0,
    0x1d, 0x44, 0x0, 0xa0, 0x18, 0xc0, 0x3f, 0xf8,
    0xa2, 0x1, 0x8, 0x7, 0xff, 0xd0, 0x80, 0x21,
    0x0, 0xff, 0xe3, 0x30, 0x6, 0x30, 0xf, 0xfe,
    0x29, 0x80, 0x64, 0x0, 0xff, 0xe0, 0x3b, 0x8,
    0x3, 0x0, 0x35, 0x0, 0x7f, 0xc5, 0x13, 0xd8,
    0xe8, 0x20, 0x11, 0x38, 0x7, 0xfa, 0x40, 0x23,
    0xd0, 0x90, 0xd, 0xc, 0x1, 0xfa, 0x10, 0x3,
    0x48, 0x39, 0x0, 0x69, 0xa3, 0x0, 0xcb, 0x8e,
    0x1, 0x94, 0xc0, 0x1e, 0x1, 0xcb, 0x9f, 0xdc,
    0xfa, 0x30, 0xc, 0x56, 0x1, 0x15, 0x80, 0x7c,
    0x22, 0x0, 0xf1, 0x78, 0x80, 0x64, 0xd3, 0x0,
    0xff, 0xe0, 0x26, 0x10, 0x7, 0x8b, 0x28, 0xc0,
    0x3f, 0x25, 0xd8, 0x40, 0x3f, 0x97, 0x3a, 0xd0,
    0x0, 0xf7, 0xf6, 0x80, 0x1f, 0xfc, 0x11, 0x40,
    0x8, 0x50, 0x3, 0xff, 0x8c, 0x80, 0x6, 0x90,
    0xf, 0xfe, 0x37, 0xc8, 0x1, 0x80, 0x3f, 0xf8,
    0xc6, 0x40, 0x11, 0x0, 0x7f, 0xf1, 0x13, 0x2c,
    0x2, 0x20, 0xf, 0xfe, 0x27, 0x0, 0x68, 0x0,
    0xff, 0xe2, 0x90, 0x81, 0x4b, 0x80, 0x7e,

    /* U+00C8 "È" */
    0x0, 0xd5, 0xfe, 0xc0, 0xf, 0xfe, 0xc, 0x80,
    0xc, 0x80, 0x3f, 0xf8, 0x6, 0x40, 0xb, 0x0,
    0xff, 0xe0, 0xd8, 0x1, 0x84, 0x3, 0xff, 0x80,
    0xc0, 0x13, 0x0, 0x7f, 0xf0, 0x5c, 0x1, 0x40,
    0x1f, 0xfc, 0x1a, 0x55, 0x39, 0x0, 0x7f, 0xf0,
    0xa, 0xaa, 0x20, 0xf, 0xfe, 0x5d, 0x7f, 0xff,
    0xf0, 0xd4, 0x3, 0xff, 0xd9, 0x55, 0xff, 0x38,
    0x7, 0x2a, 0xff, 0xc4, 0x1, 0xff, 0xfd, 0xff,
    0xfe, 0x50, 0xf, 0xff, 0x75, 0x57, 0xf2, 0x0,
    0x7c, 0xab, 0xfc, 0x20, 0x1f, 0xff, 0xf5, 0x5f,
    0xf8, 0x80, 0x3a, 0xab, 0xfe, 0x70, 0xf, 0xff,
    0x38,

    /* U+00C9 "É" */
    0x0, 0xfe, 0x4f, 0xf8, 0x80, 0x3f, 0xf8, 0x1c,
    0x0, 0x32, 0x0, 0xff, 0x85, 0x40, 0x12, 0x1,
    0xff, 0xc0, 0x90, 0x0, 0xa8, 0x7, 0xff, 0x1,
    0x80, 0x12, 0x1, 0xff, 0xc0, 0x61, 0x0, 0x30,
    0x7, 0xff, 0x0, 0x55, 0x50, 0x20, 0x1f, 0xfc,
    0x7, 0xaa, 0x38, 0x7, 0xff, 0x2e, 0xbf, 0xff,
    0xf8, 0x6a, 0x1, 0xff, 0xec, 0xaa, 0xff, 0x9c,
    0x3, 0x95, 0x7f, 0xe2, 0x0, 0xff, 0xfe, 0xff,
    0xff, 0x28, 0x7, 0xff, 0xba, 0xab, 0xf9, 0x0,
    0x3e, 0x55, 0xfe, 0x10, 0xf, 0xff, 0xfa, 0xaf,
    0xfc, 0x40, 0x1d, 0x55, 0xff, 0x38, 0x7, 0xff,
    0x9c,

    /* U+00CA "Ê" */
    0x0, 0xe3, 0xff, 0xce, 0x1, 0xfe, 0x1d, 0x0,
    0xd0, 0x80, 0x1f, 0xda, 0x20, 0x1d, 0x44, 0x1,
    0xf5, 0x18, 0x1, 0xec, 0x0, 0x3e, 0x1, 0xe7,
    0x50, 0x2, 0x42, 0x40, 0x0, 0xac, 0x3, 0x24,
    0x0, 0x6, 0x80, 0xe, 0x80, 0x4, 0x80, 0x9,
    0x3f, 0xee, 0x10, 0xa, 0xff, 0xe8, 0x0, 0xff,
    0xe3, 0xd7, 0xff, 0xff, 0xd, 0x40, 0x3f, 0xfd,
    0x95, 0x5f, 0xf3, 0x80, 0x72, 0xaf, 0xfc, 0x40,
    0x1f, 0xff, 0xdf, 0xff, 0xe5, 0x0, 0xff, 0xf7,
    0x55, 0x7f, 0x20, 0x7, 0xca, 0xbf, 0xc2, 0x1,
    0xff, 0xff, 0x55, 0xff, 0x88, 0x3, 0xaa, 0xbf,
    0xe7, 0x0, 0xff, 0xf3, 0x80,

    /* U+00CB "Ë" */
    0x0, 0x84, 0x70, 0x4, 0x23, 0x80, 0x39, 0x7b,
    0xad, 0x0, 0xf, 0x76, 0x0, 0xff, 0xf6, 0x2f,
    0xfd, 0x80, 0x1, 0xff, 0xc0, 0x1f, 0xfc, 0x8a,
    0xff, 0xff, 0xe1, 0xa8, 0x7, 0xff, 0xb2, 0xab,
    0xfe, 0x70, 0xe, 0x55, 0xff, 0x88, 0x3, 0xff,
    0xfb, 0xff, 0xfc, 0xa0, 0x1f, 0xfe, 0xea, 0xaf,
    0xe4, 0x0, 0xf9, 0x57, 0xf8, 0x40, 0x3f, 0xff,
    0xea, 0xbf, 0xf1, 0x0, 0x75, 0x57, 0xfc, 0xe0,
    0x1f, 0xfe, 0x70,

    /* U+00CC "Ì" */
    0x5f, 0xf8, 0x40, 0x25, 0x10, 0x3, 0x0, 0x66,
    0x0, 0x48, 0x6, 0x90, 0x0, 0xa8, 0x4, 0x2a,
    0x0, 0x90, 0xd, 0x20, 0x3, 0x30, 0x4, 0x6c,
    0xaa, 0x60, 0xd, 0x35, 0x45, 0x0, 0xff, 0x93,
    0xff, 0x28, 0x7, 0xff, 0xfc, 0x3, 0xff, 0xfe,
    0x1, 0xff, 0xde,

    /* U+00CD "Í" */
    0x0, 0xdf, 0xf3, 0x0, 0x4c, 0x1, 0x30, 0x5,
    0x60, 0x6, 0x0, 0x90, 0x80, 0x16, 0x1, 0x78,
    0x1, 0x8, 0x0, 0x48, 0x0, 0xf0, 0x9, 0xd5,
    0x64, 0x0, 0x96, 0xaa, 0x0, 0xff, 0x93, 0xff,
    0x28, 0x7, 0xff, 0xfc, 0x3, 0xff, 0xfe, 0x1,
    0xff, 0xe0,

    /* U+00CE "Î" */
    0x0, 0xcb, 0xff, 0x90, 0x3, 0xe3, 0xa0, 0xd,
    0x64, 0x1, 0xc3, 0xa0, 0x1e, 0xf1, 0x0, 0xda,
    0x20, 0xa, 0x80, 0x1, 0x50, 0x5, 0x26, 0x0,
    0x65, 0x75, 0x0, 0x24, 0x3, 0x30, 0x0, 0x72,
    0x0, 0xa2, 0x0, 0x3a, 0xb7, 0xfd, 0x80, 0x1b,
    0x7f, 0xe5, 0x0, 0xff, 0xe3, 0x27, 0xfe, 0x50,
    0xf, 0xff, 0xf8, 0x7, 0xff, 0xfc, 0x3, 0xff,
    0xfe, 0x1, 0xff, 0xff, 0x0, 0xff, 0xee, 0x0,

    /* U+00CF "Ï" */
    0x1, 0x18, 0x3, 0x8, 0xe9, 0xee, 0x9c, 0x0,
    0xdd, 0xd5, 0x80, 0x7f, 0xf6, 0x27, 0xfe, 0x70,
    0x3, 0x7f, 0xd4, 0x1, 0xff, 0xc3, 0x4f, 0xfc,
    0xa0, 0x1f, 0xff, 0xf0, 0xf, 0xff, 0xf8, 0x7,
    0xff, 0xfc, 0x3, 0xff, 0xec,

    /* U+00D0 "Ð" */
    0x0, 0x3f, 0xff, 0xfb, 0x69, 0x80, 0x3f, 0xf9,
    0x4, 0xb3, 0xcc, 0x1, 0xff, 0xc9, 0x19, 0xa0,
    0xf, 0xfe, 0x52, 0xd0, 0x7, 0xf9, 0xe6, 0x79,
    0x40, 0x39, 0x58, 0x3, 0xfa, 0xd9, 0xba, 0xb8,
    0xc0, 0x34, 0x0, 0x7f, 0xf1, 0x7, 0x44, 0x2,
    0x17, 0x0, 0xff, 0xe2, 0xc, 0x0, 0x6a, 0x0,
    0xff, 0xe2, 0xb0, 0x80, 0x44, 0x20, 0x1f, 0xfc,
    0x54, 0x0, 0xc8, 0x1, 0xff, 0xc5, 0xd0, 0xc,
    0x55, 0xf0, 0x1, 0xb3, 0xff, 0x8, 0x6, 0x20,
    0xd, 0xe0, 0x1f, 0xfc, 0xa1, 0x0, 0xff, 0xe5,
    0xe, 0x31, 0x80, 0x65, 0x66, 0xc2, 0x1, 0x88,
    0x3, 0x7b, 0x4d, 0x80, 0x69, 0x9e, 0x0, 0xed,
    0x0, 0xc4, 0x1, 0xff, 0xc5, 0x40, 0xc, 0x80,
    0x1f, 0xfc, 0x45, 0x10, 0x8, 0x84, 0x3, 0xff,
    0x86, 0x36, 0x1, 0xa8, 0x3, 0xff, 0x86, 0x3a,
    0x20, 0x10, 0xb8, 0x7, 0xeb, 0x66, 0xe9, 0xe3,
    0x0, 0xd0, 0x1, 0xfc, 0xf3, 0x3c, 0xc0, 0x1c,
    0xac, 0x1, 0xff, 0xc8, 0x5a, 0x0, 0xff, 0xe3,
    0x8c, 0xd0, 0x7, 0xff, 0x14, 0x96, 0x79, 0x80,
    0x38,

    /* U+00D1 "Ñ" */
    0x0, 0xe3, 0xcf, 0xe8, 0x0, 0xca, 0xa4, 0x0,
    0xfc, 0x38, 0x60, 0x2f, 0xc8, 0x0, 0xaa, 0x80,
    0x3f, 0x20, 0x7, 0xd, 0xcc, 0x0, 0x4, 0x3,
    0xf1, 0x0, 0xa, 0x48, 0x0, 0xce, 0x0, 0x10,
    0xf, 0xc2, 0x0, 0xa6, 0xd6, 0x0, 0xe6, 0x0,
    0xfc, 0xf5, 0x45, 0x0, 0x4d, 0x98, 0xb, 0x40,
    0x7, 0xe1, 0x55, 0x10, 0x4, 0x99, 0xfd, 0x20,
    0x1f, 0xfc, 0xea, 0xff, 0xcc, 0x1, 0xfc, 0x9f,
    0xf9, 0x80, 0x3a, 0x44, 0x3, 0xff, 0x91, 0x60,
    0x1f, 0xfc, 0x85, 0x50, 0x7, 0xff, 0x22, 0xc0,
    0x3f, 0xf9, 0x3, 0x20, 0x1f, 0xfc, 0x86, 0x30,
    0xf, 0xfe, 0x47, 0x0, 0x7f, 0xf1, 0x8, 0x2,
    0x28, 0x0, 0xff, 0xe1, 0xc8, 0x6, 0x72, 0x0,
    0xff, 0xe1, 0x2b, 0x80, 0x6e, 0x0, 0xff, 0xe1,
    0xc1, 0x0, 0x46, 0xc0, 0x1f, 0xfc, 0x39, 0x0,
    0xd2, 0x20, 0x1f, 0xfc, 0x24, 0x60, 0xd, 0x40,
    0x1f, 0xfc, 0x38, 0x10, 0x9, 0x14, 0x3, 0xff,
    0x84, 0x36, 0x1, 0xac, 0x40, 0x3f, 0xf8, 0x4a,
    0x80, 0x10, 0xc0, 0x7, 0xff, 0xe, 0x80, 0x31,
    0x0, 0x7f, 0xf0, 0xc6, 0x40, 0x3f, 0xf9, 0xc,
    0x60, 0x1f, 0xfc, 0x8e, 0x0, 0xff, 0xe4, 0x13,
    0x80, 0x7f, 0xf2, 0x20, 0x80, 0x3f, 0xf9, 0x1c,
    0x1, 0xff, 0xc8, 0x36, 0x0, 0xe0,

    /* U+00D2 "Ò" */
    0x0, 0xfb, 0xbf, 0xd0, 0x1, 0xff, 0xc8, 0x90,
    0x3, 0x0, 0x7f, 0xf2, 0x18, 0x0, 0x2a, 0x1,
    0xff, 0xc7, 0x15, 0x0, 0x48, 0x7, 0xff, 0x22,
    0x40, 0x6, 0x60, 0xf, 0xfe, 0x39, 0x98, 0x1,
    0x20, 0x1f, 0xfc, 0x88, 0x55, 0x0, 0x7f, 0xf2,
    0x52, 0xaa, 0x0, 0xff, 0xe3, 0x8a, 0x33, 0xb9,
    0x90, 0x3, 0xff, 0x86, 0xb9, 0xd7, 0x31, 0x9,
    0xbf, 0xb4, 0x0, 0xff, 0x16, 0x51, 0x80, 0x7e,
    0x4b, 0xa1, 0x0, 0xf9, 0x34, 0xc0, 0x3f, 0xf8,
    0xb, 0x82, 0x1, 0xc5, 0x60, 0x1f, 0x8, 0x80,
    0x3c, 0x58, 0x1, 0xde, 0x1, 0xcb, 0x9f, 0xdc,
    0xfb, 0x30, 0xc, 0x54, 0x1, 0x39, 0x0, 0x69,
    0xa3, 0x0, 0xc9, 0x8c, 0x1, 0x94, 0xc0, 0x12,
    0x1, 0xa1, 0x80, 0x3f, 0x4a, 0x0, 0x69, 0x4,
    0x10, 0x8, 0x5c, 0x3, 0xfd, 0x20, 0x19, 0x43,
    0x0, 0x33, 0x0, 0x7f, 0xc4, 0x80, 0x19, 0xc,
    0x3, 0x58, 0x7, 0xff, 0x3, 0x0, 0x36, 0x28,
    0x6, 0x20, 0xf, 0xfe, 0x1, 0x80, 0x62, 0x10,
    0xc, 0x20, 0x1f, 0xfc, 0x6, 0x0, 0xc2, 0x1,
    0x84, 0x3, 0xff, 0x96, 0x20, 0x1f, 0xfc, 0x72,
    0x0, 0xc2, 0x1, 0xff, 0xc0, 0x60, 0xc, 0x2c,
    0x1, 0x88, 0x3, 0xff, 0x80, 0x60, 0x18, 0x8c,
    0x3, 0x58, 0x7, 0xff, 0x3, 0x0, 0x36, 0x60,
    0x3, 0x30, 0x7, 0xfc, 0x48, 0x1, 0x91, 0x2,
    0x1, 0xb, 0x80, 0x7f, 0xa4, 0x3, 0x28, 0x2,
    0x40, 0x34, 0x30, 0x7, 0xe9, 0x40, 0xd, 0x20,
    0x7, 0x20, 0xd, 0x34, 0x60, 0x19, 0x71, 0x80,
    0x32, 0x98, 0x5, 0xe0, 0x1c, 0xb9, 0xfd, 0xcf,
    0xa3, 0x0, 0xc5, 0x40, 0x18, 0xac, 0x3, 0xe1,
    0x10, 0x7, 0x8b, 0x0, 0x3c, 0x9a, 0x60, 0x1f,
    0xfc, 0x5, 0xc1, 0x0, 0xf8, 0xb2, 0x8c, 0x3,
    0xf2, 0x5d, 0x8, 0x7, 0xf9, 0x73, 0xae, 0x62,
    0x13, 0x7f, 0x68, 0x1, 0xe0,

    /* U+00D3 "Ó" */
    0x0, 0xff, 0xe0, 0xf, 0xfc, 0xa0, 0x1f, 0xfc,
    0x79, 0x0, 0xa, 0x80, 0x7f, 0xf1, 0xd8, 0x0,
    0xc0, 0x1f, 0xfc, 0x75, 0x10, 0x4, 0x80, 0x7f,
    0xf1, 0xe4, 0x0, 0xa2, 0x1, 0xff, 0xc6, 0x33,
    0x0, 0x24, 0x3, 0xff, 0x8e, 0xca, 0xa6, 0x30,
    0xf, 0xfe, 0x3a, 0xd5, 0x24, 0x3, 0xff, 0x8c,
    0x28, 0xce, 0xe6, 0x40, 0xf, 0xfe, 0x1a, 0xe7,
    0x5c, 0xc4, 0x26, 0xfe, 0xd0, 0x3, 0xfc, 0x59,
    0x46, 0x1, 0xf9, 0x2e, 0x84, 0x3, 0xe4, 0xd3,
    0x0, 0xff, 0xe0, 0x2e, 0x8, 0x7, 0x15, 0x80,
    0x7c, 0x22, 0x0, 0xf1, 0x60, 0x7, 0x78, 0x7,
    0x2e, 0x7f, 0x73, 0xec, 0xc0, 0x31, 0x50, 0x4,
    0xe4, 0x1, 0xa6, 0x8c, 0x3, 0x26, 0x30, 0x6,
    0x53, 0x0, 0x48, 0x6, 0x86, 0x0, 0xfd, 0x28,
    0x1, 0xa4, 0x10, 0x40, 0x21, 0x70, 0xf, 0xf4,
    0x80, 0x65, 0xc, 0x0, 0xcc, 0x1, 0xff, 0x12,
    0x0, 0x64, 0x30, 0xd, 0x60, 0x1f, 0xfc, 0xc,
    0x0, 0xd8, 0xa0, 0x18, 0x80, 0x3f, 0xf8, 0x6,
    0x1, 0x88, 0x40, 0x30, 0x80, 0x7f, 0xf0, 0x18,
    0x3, 0x8, 0x6, 0x10, 0xf, 0xfe, 0x58, 0x80,
    0x7f, 0xf1, 0xc8, 0x3, 0x8, 0x7, 0xff, 0x1,
    0x80, 0x30, 0xb0, 0x6, 0x20, 0xf, 0xfe, 0x1,
    0x80, 0x62, 0x30, 0xd, 0x60, 0x1f, 0xfc, 0xc,
    0x0, 0xd9, 0x80, 0xc, 0xc0, 0x1f, 0xf1, 0x20,
    0x6, 0x44, 0x8, 0x4, 0x2e, 0x1, 0xfe, 0x90,
    0xc, 0xa0, 0x9, 0x0, 0xd0, 0xc0, 0x1f, 0xa5,
    0x0, 0x34, 0x80, 0x1c, 0x80, 0x34, 0xd1, 0x80,
    0x65, 0xc6, 0x0, 0xca, 0x60, 0x17, 0x80, 0x72,
    0xe7, 0xf7, 0x3e, 0x8c, 0x3, 0x15, 0x0, 0x62,
    0xb0, 0xf, 0x84, 0x40, 0x1e, 0x2c, 0x0, 0xf2,
    0x69, 0x80, 0x7f, 0xf0, 0x17, 0x4, 0x3, 0xe2,
    0xca, 0x30, 0xf, 0xc9, 0x74, 0x20, 0x1f, 0xe5,
    0xce, 0xb9, 0x88, 0x4d, 0xfd, 0xa0, 0x7, 0x80,

    /* U+00D4 "Ô" */
    0x0, 0xfe, 0x8f, 0xfc, 0x40, 0x1f, 0xfc, 0x55,
    0x70, 0xd, 0xe2, 0x1, 0xff, 0xc3, 0x2a, 0x0,
    0xe2, 0xa0, 0xf, 0xfe, 0x10, 0xf8, 0x5, 0x8c,
    0x0, 0x49, 0x0, 0xff, 0xe0, 0xd1, 0x0, 0x20,
    0xe4, 0xc0, 0xc, 0xc0, 0xf, 0xfa, 0x50, 0x0,
    0xae, 0x0, 0xd1, 0x0, 0x49, 0x80, 0x7f, 0xa7,
    0xfe, 0xa0, 0x8, 0x7b, 0xfe, 0x30, 0xf, 0xfe,
    0x8, 0xa3, 0x3b, 0x99, 0x0, 0x3f, 0xf8, 0x6b,
    0x9d, 0x73, 0x10, 0x9b, 0xfb, 0x40, 0xf, 0xf1,
    0x65, 0x18, 0x7, 0xe4, 0xba, 0x10, 0xf, 0x93,
    0x4c, 0x3, 0xff, 0x80, 0xb8, 0x20, 0x1c, 0x56,
    0x1, 0xf0, 0x88, 0x3, 0xc5, 0x80, 0x1d, 0xe0,
    0x1c, 0xb9, 0xfd, 0xcf, 0xb3, 0x0, 0xc5, 0x40,
    0x13, 0x90, 0x6, 0x9a, 0x30, 0xc, 0x98, 0xc0,
    0x19, 0x4c, 0x1, 0x20, 0x1a, 0x18, 0x3, 0xf4,
    0xa0, 0x6, 0x90, 0x41, 0x0, 0x85, 0xc0, 0x3f,
    0xd2, 0x1, 0x94, 0x30, 0x3, 0x30, 0x7, 0xfc,
    0x48, 0x1, 0x90, 0xc0, 0x35, 0x80, 0x7f, 0xf0,
    0x30, 0x3, 0x62, 0x80, 0x62, 0x0, 0xff, 0xe0,
    0x18, 0x6, 0x21, 0x0, 0xc2, 0x1, 0xff, 0xc0,
    0x60, 0xc, 0x20, 0x18, 0x40, 0x3f, 0xf9, 0x62,
    0x1, 0xff, 0xc7, 0x20, 0xc, 0x20, 0x1f, 0xfc,
    0x6, 0x0, 0xc2, 0xc0, 0x18, 0x80, 0x3f, 0xf8,
    0x6, 0x1, 0x88, 0xc0, 0x35, 0x80, 0x7f, 0xf0,
    0x30, 0x3, 0x66, 0x0, 0x33, 0x0, 0x7f, 0xc4,
    0x80, 0x19, 0x10, 0x20, 0x10, 0xb8, 0x7, 0xfa,
    0x40, 0x32, 0x80, 0x24, 0x3, 0x43, 0x0, 0x7e,
    0x94, 0x0, 0xd2, 0x0, 0x72, 0x0, 0xd3, 0x46,
    0x1, 0x97, 0x18, 0x3, 0x29, 0x80, 0x5e, 0x1,
    0xcb, 0x9f, 0xdc, 0xfa, 0x30, 0xc, 0x54, 0x1,
    0x8a, 0xc0, 0x3e, 0x11, 0x0, 0x78, 0xb0, 0x3,
    0xc9, 0xa6, 0x1, 0xff, 0xc0, 0x5c, 0x10, 0xf,
    0x8b, 0x28, 0xc0, 0x3f, 0x25, 0xd0, 0x80, 0x7f,
    0x97, 0x3a, 0xe6, 0x21, 0x37, 0xf6, 0x80, 0x1e,

    /* U+00D5 "Õ" */
    0x0, 0xfc, 0x88, 0x10, 0xf, 0xfe, 0x39, 0xf5,
    0xdb, 0xa0, 0x2, 0xaf, 0xf1, 0x80, 0x7f, 0xdc,
    0x20, 0x13, 0xf2, 0x3, 0x0, 0x18, 0x3, 0xfc,
    0x24, 0x1, 0xc3, 0x7e, 0x60, 0x1, 0x0, 0xff,
    0x18, 0x0, 0x7f, 0xc, 0x3, 0xc8, 0x1, 0xfe,
    0x20, 0x1, 0x81, 0xe4, 0x0, 0x69, 0x0, 0xff,
    0xe0, 0x7f, 0xb4, 0x2, 0x7f, 0xba, 0xe6, 0x0,
    0xff, 0xe4, 0x22, 0x88, 0x7, 0xff, 0xc, 0x51,
    0x9d, 0xcc, 0x80, 0x1f, 0xfc, 0x35, 0xce, 0xb9,
    0x88, 0x4d, 0xfd, 0xa0, 0x7, 0xf8, 0xb2, 0x8c,
    0x3, 0xf2, 0x5d, 0x8, 0x7, 0xc9, 0xa6, 0x1,
    0xff, 0xc0, 0x5c, 0x10, 0xe, 0x2b, 0x0, 0xf8,
    0x44, 0x1, 0xe2, 0xc0, 0xe, 0xf0, 0xe, 0x5c,
    0xfe, 0xe7, 0xd9, 0x80, 0x62, 0xa0, 0x9, 0xc8,
    0x3, 0x4d, 0x18, 0x6, 0x4c, 0x60, 0xc, 0xa6,
    0x0, 0x90, 0xd, 0xc, 0x1, 0xfa, 0x50, 0x3,
    0x48, 0x20, 0x80, 0x42, 0xe0, 0x1f, 0xe9, 0x0,
    0xca, 0x18, 0x1, 0x98, 0x3, 0xfe, 0x24, 0x0,
    0xc8, 0x60, 0x1a, 0xc0, 0x3f, 0xf8, 0x18, 0x1,
    0xb1, 0x40, 0x31, 0x0, 0x7f, 0xf0, 0xc, 0x3,
    0x10, 0x80, 0x61, 0x0, 0xff, 0xe0, 0x30, 0x6,
    0x10, 0xc, 0x20, 0x1f, 0xfc, 0xb1, 0x0, 0xff,
    0xe3, 0x90, 0x6, 0x10, 0xf, 0xfe, 0x3, 0x0,
    0x61, 0x60, 0xc, 0x40, 0x1f, 0xfc, 0x3, 0x0,
    0xc4, 0x60, 0x1a, 0xc0, 0x3f, 0xf8, 0x18, 0x1,
    0xb3, 0x0, 0x19, 0x80, 0x3f, 0xe2, 0x40, 0xc,
    0x88, 0x10, 0x8, 0x5c, 0x3, 0xfd, 0x20, 0x19,
    0x40, 0x12, 0x1, 0xa1, 0x80, 0x3f, 0x4a, 0x0,
    0x69, 0x0, 0x39, 0x0, 0x69, 0xa3, 0x0, 0xcb,
    0x8c, 0x1, 0x94, 0xc0, 0x2f, 0x0, 0xe5, 0xcf,
    0xee, 0x7d, 0x18, 0x6, 0x2a, 0x0, 0xc5, 0x60,
    0x1f, 0x8, 0x80, 0x3c, 0x58, 0x1, 0xe4, 0xd3,
    0x0, 0xff, 0xe0, 0x2e, 0x8, 0x7, 0xc5, 0x94,
    0x60, 0x1f, 0x92, 0xe8, 0x40, 0x3f, 0xcb, 0x9d,
    0x73, 0x10, 0x9b, 0xfb, 0x40, 0xf, 0x0,

    /* U+00D6 "Ö" */
    0x0, 0xf0, 0x8e, 0x0, 0xc2, 0x30, 0x7, 0xff,
    0x7, 0x7b, 0xa5, 0x0, 0x47, 0x75, 0x0, 0x1f,
    0xff, 0xf0, 0xf, 0xec, 0xff, 0x94, 0x1, 0x1f,
    0xf4, 0x0, 0x7f, 0xf0, 0x85, 0x19, 0xdc, 0xc8,
    0x1, 0xff, 0xc3, 0x5c, 0xeb, 0x98, 0x84, 0xdf,
    0xda, 0x0, 0x7f, 0x8b, 0x28, 0xc0, 0x3f, 0x25,
    0xd0, 0x80, 0x7c, 0x9a, 0x60, 0x1f, 0xfc, 0x5,
    0xc1, 0x0, 0xe2, 0xb0, 0xf, 0x84, 0x40, 0x1e,
    0x2c, 0x0, 0xef, 0x0, 0xe5, 0xcf, 0xee, 0x7d,
    0x98, 0x6, 0x2a, 0x0, 0x9c, 0x80, 0x34, 0xd1,
    0x80, 0x64, 0xc6, 0x0, 0xca, 0x60, 0x9, 0x0,
    0xd0, 0xc0, 0x1f, 0xa5, 0x0, 0x34, 0x82, 0x8,
    0x4, 0x2e, 0x1, 0xfe, 0x90, 0xc, 0xa1, 0x80,
    0x19, 0x80, 0x3f, 0xe2, 0x40, 0xc, 0x86, 0x1,
    0xac, 0x3, 0xff, 0x81, 0x80, 0x1b, 0x14, 0x3,
    0x10, 0x7, 0xff, 0x0, 0xc0, 0x31, 0x8, 0x6,
    0x10, 0xf, 0xfe, 0x3, 0x0, 0x61, 0x0, 0xc2,
    0x1, 0xff, 0xcb, 0x10, 0xf, 0xfe, 0x39, 0x0,
    0x61, 0x0, 0xff, 0xe0, 0x30, 0x6, 0x16, 0x0,
    0xc4, 0x1, 0xff, 0xc0, 0x30, 0xc, 0x46, 0x1,
    0xac, 0x3, 0xff, 0x81, 0x80, 0x1b, 0x30, 0x1,
    0x98, 0x3, 0xfe, 0x24, 0x0, 0xc8, 0x81, 0x0,
    0x85, 0xc0, 0x3f, 0xd2, 0x1, 0x94, 0x1, 0x20,
    0x1a, 0x18, 0x3, 0xf4, 0xa0, 0x6, 0x90, 0x3,
    0x90, 0x6, 0x9a, 0x30, 0xc, 0xb8, 0xc0, 0x19,
    0x4c, 0x2, 0xf0, 0xe, 0x5c, 0xfe, 0xe7, 0xd1,
    0x80, 0x62, 0xa0, 0xc, 0x56, 0x1, 0xf0, 0x88,
    0x3, 0xc5, 0x80, 0x1e, 0x4d, 0x30, 0xf, 0xfe,
    0x2, 0xe0, 0x80, 0x7c, 0x59, 0x46, 0x1, 0xf9,
    0x2e, 0x84, 0x3, 0xfc, 0xb9, 0xd7, 0x31, 0x9,
    0xbf, 0xb4, 0x0, 0xf0,

    /* U+00D7 "×" */
    0x0, 0xff, 0xe1, 0x8e, 0x18, 0x7, 0xa9, 0x80,
    0x3, 0x87, 0xa6, 0x1, 0xa9, 0x65, 0x82, 0x88,
    0x7, 0x4c, 0x1, 0x4a, 0x0, 0x92, 0xa2, 0x0,
    0xe, 0x9d, 0x28, 0x5, 0x24, 0x38, 0x40, 0x1,
    0xc5, 0x0, 0xa5, 0x80, 0x3, 0x84, 0x1, 0xe9,
    0x60, 0xc, 0x38, 0x1, 0xce, 0xc0, 0x1e, 0xb0,
    0xe, 0x62, 0x0, 0xea, 0x50, 0xe, 0x1c, 0x20,
    0xa, 0x54, 0x2, 0x82, 0x0, 0xe, 0x10, 0x4b,
    0x0, 0x52, 0xf8, 0x40, 0x1, 0xc2, 0xc0, 0xa,
    0x58, 0x7, 0x8, 0x0, 0xa4, 0xb4, 0x10, 0xc0,
    0x10, 0xe0, 0xa5, 0x80, 0x17, 0x5c, 0x3, 0x87,
    0xec, 0x0,

    /* U+00D8 "Ø" */
    0x0, 0xfc, 0x28, 0xce, 0xe6, 0x40, 0xe, 0x30,
    0xf, 0xe5, 0xce, 0xb9, 0x88, 0x4d, 0xfd, 0xa0,
    0x2e, 0x40, 0x7, 0x8b, 0x28, 0xc0, 0x3f, 0x25,
    0xda, 0x81, 0xe4, 0x3, 0x26, 0x98, 0x7, 0xff,
    0x1, 0x0, 0x26, 0x80, 0x1, 0x58, 0x7, 0xc2,
    0x20, 0xf, 0xe2, 0x80, 0x7, 0x80, 0x72, 0xe7,
    0xf7, 0x3e, 0xcc, 0x3, 0xd8, 0x0, 0x72, 0x0,
    0xd3, 0x46, 0x1, 0x91, 0x0, 0x1e, 0x20, 0x4,
    0x80, 0x68, 0x60, 0xf, 0x33, 0x80, 0x7a, 0x41,
    0x4, 0x2, 0x17, 0x0, 0xf2, 0x48, 0x7, 0xca,
    0x18, 0x1, 0x98, 0x3, 0xc5, 0x60, 0x18, 0x40,
    0x32, 0x18, 0x6, 0xb0, 0xe, 0x1c, 0x0, 0xcf,
    0x20, 0x1b, 0x14, 0x3, 0x10, 0x7, 0x68, 0x80,
    0x4b, 0x6, 0x1, 0x88, 0x40, 0x30, 0x80, 0x6b,
    0x30, 0x8, 0xe8, 0x18, 0x3, 0x8, 0x6, 0x10,
    0xd, 0x28, 0x1, 0x16, 0x80, 0x7f, 0xf0, 0x4,
    0x2, 0x76, 0x0, 0x87, 0xc4, 0x3, 0xf1, 0x0,
    0x61, 0x5, 0x80, 0xd, 0xa4, 0x1, 0x30, 0x6,
    0x16, 0x0, 0xc4, 0x74, 0x1, 0xa8, 0xc0, 0x31,
    0x80, 0x62, 0x30, 0xd, 0x3a, 0x1, 0xa1, 0x40,
    0x3b, 0x0, 0x36, 0x60, 0x3, 0x28, 0x80, 0x4c,
    0xe0, 0x1c, 0x48, 0x1, 0x91, 0x2, 0x1, 0xf2,
    0x48, 0x7, 0xa4, 0x3, 0x28, 0x2, 0x40, 0x3c,
    0x54, 0x1, 0xe9, 0x40, 0xd, 0x20, 0x7, 0x0,
    0xf3, 0x10, 0x6, 0x5c, 0x60, 0xc, 0xa6, 0x0,
    0x80, 0xf, 0x26, 0x7f, 0x73, 0xe8, 0xc0, 0x31,
    0x50, 0x0, 0x9c, 0x3, 0xf8, 0x44, 0x1, 0xe2,
    0xc0, 0x8, 0xa8, 0x2, 0x10, 0xf, 0xfe, 0x2,
    0xe0, 0x80, 0x65, 0xc1, 0x5e, 0xa3, 0x0, 0xfc,
    0x97, 0x42, 0x1, 0xe3, 0xca, 0x5, 0xce, 0xb9,
    0x88, 0x4d, 0xfd, 0xa0, 0x7, 0x80,

    /* U+00D9 "Ù" */
    0x0, 0xf5, 0xff, 0xac, 0x3, 0xff, 0x8b, 0xe0,
    0x4, 0x20, 0xf, 0xfe, 0x22, 0x10, 0x2, 0xc0,
    0x3f, 0xf8, 0xb6, 0x0, 0x60, 0xf, 0xfe, 0x2b,
    0x0, 0x4c, 0x1, 0xff, 0xc5, 0x60, 0x5, 0x80,
    0x7f, 0xf1, 0x6d, 0x54, 0xe4, 0x1, 0xff, 0xc4,
    0x2a, 0xa8, 0x80, 0x3f, 0xfa, 0x35, 0xff, 0x84,
    0x3, 0xf9, 0xbf, 0xf2, 0x0, 0x7f, 0xff, 0xc0,
    0x3f, 0xff, 0xe0, 0x1f, 0xff, 0xf0, 0xf, 0xff,
    0xf8, 0x7, 0xff, 0xc, 0xc0, 0x31, 0x80, 0x7f,
    0x8, 0x7, 0x70, 0x6, 0x70, 0xf, 0xed, 0x0,
    0xcc, 0x60, 0x1a, 0x40, 0x3f, 0x12, 0x80, 0x62,
    0x40, 0xc, 0x70, 0x1, 0xf7, 0x0, 0x65, 0x0,
    0x38, 0x6, 0x7b, 0x30, 0x9, 0x74, 0xc0, 0x34,
    0x80, 0x20, 0x40, 0x32, 0x67, 0xf7, 0xd1, 0x0,
    0x66, 0x30, 0xb, 0x0, 0x3e, 0x10, 0xf, 0x1c,
    0x80, 0x62, 0xd2, 0x0, 0xff, 0x97, 0x0, 0x3c,
    0x5b, 0x4, 0x1, 0xf1, 0xdd, 0x0, 0x7f, 0x3e,
    0xea, 0xa2, 0x2a, 0xec, 0x40, 0xe,

    /* U+00DA "Ú" */
    0x0, 0xff, 0xb3, 0xfd, 0x40, 0x1f, 0xfc, 0x43,
    0x30, 0x2, 0x40, 0x3f, 0xf8, 0x92, 0x0, 0x33,
    0x0, 0x7f, 0xf0, 0xc5, 0x40, 0x12, 0x1, 0xff,
    0xc4, 0x60, 0x0, 0xa8, 0x7, 0xff, 0x12, 0x40,
    0xc, 0x1, 0xff, 0xc4, 0x24, 0x55, 0x48, 0x7,
    0xff, 0x10, 0xaa, 0xa1, 0x0, 0xff, 0xe8, 0xd7,
    0xfe, 0x10, 0xf, 0xe6, 0xff, 0xc8, 0x1, 0xff,
    0xff, 0x0, 0xff, 0xff, 0x80, 0x7f, 0xff, 0xc0,
    0x3f, 0xff, 0xe0, 0x1f, 0xfc, 0x33, 0x0, 0xc6,
    0x1, 0xfc, 0x20, 0x1d, 0xc0, 0x19, 0xc0, 0x3f,
    0xb4, 0x3, 0x31, 0x80, 0x69, 0x0, 0xfc, 0x4a,
    0x1, 0x89, 0x0, 0x31, 0xc0, 0x7, 0xdc, 0x1,
    0x94, 0x0, 0xe0, 0x19, 0xec, 0xc0, 0x25, 0xd3,
    0x0, 0xd2, 0x0, 0x81, 0x0, 0xc9, 0x9f, 0xdf,
    0x44, 0x1, 0x98, 0xc0, 0x2c, 0x0, 0xf8, 0x40,
    0x3c, 0x72, 0x1, 0x8b, 0x48, 0x3, 0xfe, 0x5c,
    0x0, 0xf1, 0x6c, 0x10, 0x7, 0xc7, 0x74, 0x1,
    0xfc, 0xfb, 0xaa, 0x88, 0xab, 0xb1, 0x0, 0x38,

    /* U+00DB "Û" */
    0x0, 0xf8, 0x7b, 0xfe, 0x90, 0xf, 0xfe, 0x1e,
    0x88, 0x4, 0xcc, 0x0, 0xff, 0xe0, 0xd1, 0x80,
    0x74, 0x98, 0x7, 0xfc, 0xea, 0x0, 0x5d, 0x0,
    0xb4, 0x40, 0x3f, 0x92, 0x0, 0x5, 0x45, 0x40,
    0x1, 0xd0, 0xf, 0xc5, 0x60, 0x17, 0x80, 0x15,
    0x80, 0x7, 0x40, 0x1f, 0x17, 0xfe, 0x20, 0xa,
    0x7f, 0xea, 0x0, 0xff, 0xe6, 0xd7, 0xfe, 0x10,
    0xf, 0xe6, 0xff, 0xc8, 0x1, 0xff, 0xff, 0x0,
    0xff, 0xff, 0x80, 0x7f, 0xff, 0xc0, 0x3f, 0xff,
    0xe0, 0x1f, 0xfc, 0x33, 0x0, 0xc6, 0x1, 0xfc,
    0x20, 0x1d, 0xc0, 0x19, 0xc0, 0x3f, 0xb4, 0x3,
    0x31, 0x80, 0x69, 0x0, 0xfc, 0x4a, 0x1, 0x89,
    0x0, 0x31, 0xc0, 0x7, 0xdc, 0x1, 0x94, 0x0,
    0xe0, 0x19, 0xec, 0xc0, 0x25, 0xd3, 0x0, 0xd2,
    0x0, 0x81, 0x0, 0xc9, 0x9f, 0xdf, 0x44, 0x1,
    0x98, 0xc0, 0x2c, 0x0, 0xf8, 0x40, 0x3c, 0x72,
    0x1, 0x8b, 0x48, 0x3, 0xfe, 0x5c, 0x0, 0xf1,
    0x6c, 0x10, 0x7, 0xc7, 0x74, 0x1, 0xfc, 0xfb,
    0xaa, 0x88, 0xab, 0xb1, 0x0, 0x38,

    /* U+00DC "Ü" */
    0x0, 0xe1, 0x1c, 0x1, 0x8, 0xe0, 0xf, 0xe4,
    0xee, 0xb4, 0x0, 0x3d, 0xd8, 0x3, 0xff, 0xf8,
    0x9f, 0xf6, 0x0, 0x7, 0xff, 0x0, 0x7f, 0xf3,
    0xab, 0xff, 0x8, 0x7, 0xf3, 0x7f, 0xe4, 0x0,
    0xff, 0xff, 0x80, 0x7f, 0xff, 0xc0, 0x3f, 0xff,
    0xe0, 0x1f, 0xff, 0xf0, 0xf, 0xfe, 0x19, 0x80,
    0x63, 0x0, 0xfe, 0x10, 0xe, 0xe0, 0xc, 0xe0,
    0x1f, 0xda, 0x1, 0x98, 0xc0, 0x34, 0x80, 0x7e,
    0x25, 0x0, 0xc4, 0x80, 0x18, 0xe0, 0x3, 0xee,
    0x0, 0xca, 0x0, 0x70, 0xc, 0xf6, 0x60, 0x12,
    0xe9, 0x80, 0x69, 0x0, 0x40, 0x80, 0x64, 0xcf,
    0xef, 0xa2, 0x0, 0xcc, 0x60, 0x16, 0x0, 0x7c,
    0x20, 0x1e, 0x39, 0x0, 0xc5, 0xa4, 0x1, 0xff,
    0x2e, 0x0, 0x78, 0xb6, 0x8, 0x3, 0xe3, 0xba,
    0x0, 0xfe, 0x7d, 0xd5, 0x44, 0x55, 0xd8, 0x80,
    0x1c,

    /* U+00DD "Ý" */
    0x0, 0xff, 0x9b, 0xfe, 0x10, 0xf, 0xfe, 0x2d,
    0x80, 0x18, 0x40, 0x3f, 0xf8, 0x88, 0x40, 0xb,
    0x0, 0xff, 0xe2, 0xf8, 0x0, 0xc8, 0x3, 0xff,
    0x88, 0x48, 0x0, 0x90, 0xf, 0xfe, 0x2d, 0x0,
    0x5, 0x40, 0x3f, 0xf8, 0xa2, 0xaa, 0xb0, 0xf,
    0xfe, 0x34, 0xd5, 0x14, 0x3, 0xff, 0xa7, 0x7f,
    0xfa, 0xc0, 0x3f, 0x93, 0xff, 0x8a, 0x40, 0x32,
    0x20, 0x3, 0xf4, 0x80, 0x66, 0x22, 0x30, 0x6,
    0x90, 0xf, 0x98, 0x80, 0x21, 0x80, 0x4, 0x0,
    0x62, 0x60, 0xf, 0x40, 0x6, 0x91, 0x0, 0xc,
    0x0, 0x68, 0x0, 0xe8, 0x10, 0x8, 0x9c, 0x3,
    0x39, 0x0, 0x43, 0x0, 0x10, 0xb8, 0x6, 0x80,
    0xf, 0x40, 0x6, 0x71, 0x0, 0x58, 0x6, 0x35,
    0x0, 0xf2, 0x98, 0x6, 0xb0, 0x35, 0x0, 0xde,
    0x1, 0xfb, 0xc0, 0x32, 0x9f, 0x80, 0x65, 0x30,
    0xf, 0xc6, 0xa0, 0x1b, 0x4c, 0x3, 0x58, 0x7,
    0xfa, 0xc0, 0x30, 0x80, 0x67, 0x10, 0xf, 0xf0,
    0xb8, 0x7, 0xc3, 0x0, 0x1f, 0xfc, 0x8, 0x10,
    0xf, 0x40, 0x7, 0xff, 0xa, 0x0, 0x38, 0xd8,
    0x3, 0xff, 0x84, 0xc4, 0x1, 0xa0, 0x3, 0xff,
    0x88, 0xe0, 0x19, 0x40, 0x3f, 0xff, 0xe0, 0x1f,
    0xff, 0xf0, 0xf, 0xff, 0x60,

    /* U+00DE "Þ" */
    0xaf, 0xfc, 0x20, 0x1f, 0xff, 0xf6, 0x6f, 0x29,
    0x0, 0x7f, 0xd1, 0x33, 0xd5, 0xba, 0x60, 0xf,
    0xfe, 0x29, 0x4e, 0x8, 0x7, 0xff, 0x14, 0xf4,
    0x3, 0xff, 0x8c, 0x70, 0x1, 0xee, 0xff, 0xed,
    0x40, 0xc, 0xe2, 0x1, 0xff, 0x15, 0xa8, 0x6,
    0x60, 0xf, 0xfe, 0xc, 0x0, 0x6d, 0x0, 0xff,
    0xe0, 0x90, 0x80, 0x4c, 0x1, 0xff, 0xc2, 0x10,
    0xf, 0xfe, 0x2a, 0x0, 0x66, 0x0, 0xff, 0xe0,
    0xc, 0x80, 0x6f, 0x0, 0xe7, 0x55, 0xe8, 0xf2,
    0x0, 0x85, 0x40, 0x3a, 0x6a, 0xb9, 0xc4, 0x3,
    0x50, 0x7, 0xff, 0x16, 0x10, 0x3, 0xff, 0x86,
    0x34, 0xe0, 0x1f, 0xfc, 0x23, 0x8f, 0x50, 0xf,
    0xdd, 0xff, 0xec, 0x71, 0x0, 0xff, 0xf8, 0x80,

    /* U+00DF "ß" */
    0x0, 0xe2, 0x57, 0x73, 0x10, 0x7, 0xf9, 0x77,
    0x55, 0x10, 0x9d, 0xc4, 0x0, 0xfa, 0x68, 0x80,
    0x3c, 0x77, 0x0, 0x1c, 0xec, 0x1, 0xfe, 0x78,
    0x0, 0x86, 0x0, 0x38, 0x44, 0x1, 0xce, 0x60,
    0x7, 0x0, 0xc3, 0x7d, 0xcd, 0x30, 0xd, 0x40,
    0xf, 0x0, 0xd0, 0x80, 0x2, 0xc1, 0x0, 0x90,
    0x0, 0x60, 0x19, 0xc0, 0x39, 0x40, 0x22, 0x0,
    0xf8, 0x40, 0x3f, 0xf9, 0x42, 0x80, 0x11, 0x80,
    0x7f, 0x85, 0x30, 0x3, 0x58, 0x7, 0xfb, 0x2c,
    0x80, 0x22, 0x70, 0xf, 0xfe, 0x22, 0x0, 0x7f,
    0xf1, 0x5b, 0x44, 0x3, 0xff, 0x88, 0x5a, 0x1,
    0xfd, 0xbd, 0x6a, 0x1, 0x8d, 0x0, 0x3f, 0x85,
    0x2a, 0x40, 0x37, 0x0, 0x7f, 0xf0, 0x18, 0x80,
    0x27, 0x0, 0xff, 0xe0, 0xb0, 0x4, 0x60, 0x1f,
    0xfc, 0x17, 0x0, 0xff, 0xe2, 0x19, 0x80, 0x22,
    0x0, 0xf9, 0x48, 0x49, 0xf0, 0x3, 0x20, 0x7,
    0x86, 0xb7, 0xb6, 0x0, 0x3a, 0xc0, 0x3f, 0xf8,
    0x8a, 0x60, 0x1f, 0xfc, 0x33, 0xa0, 0xf, 0xfe,
    0x10, 0xc6, 0x0, 0x2b, 0xff, 0x0, 0xe4, 0xc4,
    0x27, 0x39, 0xc0, 0x20,

    /* U+00E0 "à" */
    0x0, 0xc7, 0x55, 0x8, 0x7, 0xff, 0x0, 0xd1,
    0x55, 0x20, 0x1f, 0xfc, 0x16, 0x0, 0x30, 0x7,
    0xff, 0x6, 0x40, 0x2, 0xa0, 0x1f, 0xfc, 0x1,
    0x50, 0x4, 0x80, 0x7f, 0xf0, 0x64, 0x0, 0x66,
    0x0, 0xff, 0xe0, 0x19, 0x0, 0x28, 0x3, 0xff,
    0x83, 0xbf, 0xe9, 0x0, 0xff, 0xe8, 0xa3, 0x3b,
    0x98, 0xc0, 0x3f, 0xc, 0xfd, 0xcc, 0x42, 0x73,
    0xe4, 0x40, 0x31, 0x7b, 0x0, 0x7e, 0x6f, 0x20,
    0xb, 0x4, 0x3, 0xfc, 0x3e, 0x0, 0x81, 0x0,
    0xe3, 0x30, 0x7, 0x12, 0x81, 0x80, 0x6a, 0xfc,
    0xc7, 0xb0, 0x6, 0xf0, 0xbe, 0x94, 0xa5, 0x0,
    0xd2, 0x20, 0x10, 0x80, 0x5, 0xad, 0x40, 0x91,
    0xe7, 0x4, 0x2, 0x70, 0xc, 0xd5, 0xdb, 0x70,
    0xc6, 0x1, 0xf3, 0x74, 0xa8, 0x80, 0x7f, 0xcf,
    0x22, 0x1, 0xf1, 0x0, 0x71, 0x40, 0x7, 0x2c,
    0xe7, 0xe9, 0x0, 0x65, 0x0, 0xcd, 0xf4, 0xc6,
    0x0, 0x20, 0xd, 0xc0, 0x1a, 0x40, 0x39, 0x40,
    0x3f, 0xf8, 0x67, 0x60, 0x1d, 0xc0, 0x1b, 0x10,
    0x92, 0x70, 0x40, 0x39, 0x80, 0x31, 0xde, 0xdb,
    0x0, 0x7c, 0x32, 0x1, 0xfc, 0x52, 0x1, 0xcd,
    0x42, 0x1, 0xe6, 0xc2, 0x0, 0xf2, 0xf5, 0xcc,
    0x42, 0xfa, 0x45, 0x3f, 0xec,

    /* U+00E1 "á" */
    0x0, 0xff, 0x45, 0x51, 0xc0, 0x3f, 0xf8, 0x4,
    0xea, 0xa2, 0x0, 0xff, 0xe0, 0x50, 0x0, 0x54,
    0x3, 0xff, 0x80, 0xc0, 0x9, 0x0, 0xff, 0xe0,
    0x30, 0x80, 0x18, 0x3, 0xff, 0x81, 0x60, 0x6,
    0x10, 0xf, 0xf8, 0xc8, 0x1, 0x40, 0x1f, 0xfc,
    0x3, 0xff, 0x8c, 0x3, 0xff, 0xa0, 0x8c, 0xee,
    0x63, 0x0, 0xfc, 0x33, 0xf7, 0x31, 0x9, 0xcf,
    0x91, 0x0, 0xc5, 0xec, 0x1, 0xf9, 0xbc, 0x80,
    0x2c, 0x10, 0xf, 0xf0, 0xf8, 0x2, 0x4, 0x3,
    0x8c, 0xc0, 0x1c, 0x4a, 0x6, 0x1, 0xab, 0xf3,
    0x1e, 0xc0, 0x1b, 0xc2, 0xfa, 0x52, 0x94, 0x3,
    0x48, 0x80, 0x42, 0x0, 0x16, 0xb5, 0x2, 0x47,
    0x9c, 0x10, 0x9, 0xc0, 0x33, 0x57, 0x6d, 0xc3,
    0x18, 0x7, 0xcd, 0xd2, 0xa2, 0x1, 0xff, 0x3c,
    0x88, 0x7, 0xc4, 0x1, 0xc5, 0x0, 0x1c, 0xb3,
    0x9f, 0xa4, 0x1, 0x94, 0x3, 0x37, 0xd3, 0x18,
    0x0, 0x80, 0x37, 0x0, 0x69, 0x0, 0xe5, 0x0,
    0xff, 0xe1, 0x9d, 0x80, 0x77, 0x0, 0x6c, 0x42,
    0x49, 0xc1, 0x0, 0xe6, 0x0, 0xc7, 0x7b, 0x6c,
    0x1, 0xf0, 0xc8, 0x7, 0xf1, 0x48, 0x7, 0x35,
    0x8, 0x7, 0x9b, 0x8, 0x3, 0xcb, 0xd7, 0x31,
    0xb, 0xe9, 0x14, 0xff, 0xb0,

    /* U+00E2 "â" */
    0x0, 0xf9, 0xe2, 0x22, 0x0, 0xff, 0xaa, 0x1d,
    0xef, 0x10, 0xf, 0xe8, 0x50, 0xc, 0x5a, 0x1,
    0xf9, 0xdc, 0x0, 0x48, 0x0, 0x1d, 0x80, 0x79,
    0x60, 0x0, 0x76, 0xec, 0x0, 0x49, 0x0, 0xc9,
    0x40, 0x1, 0xd0, 0x4, 0xa0, 0x1, 0x9c, 0x2,
    0x4f, 0xfb, 0x84, 0x2, 0xbf, 0xf9, 0xc0, 0x3f,
    0xf9, 0x88, 0xce, 0xe6, 0x30, 0xf, 0xc3, 0x3f,
    0x73, 0x10, 0x9c, 0xf9, 0x10, 0xc, 0x5e, 0xc0,
    0x1f, 0x9b, 0xc8, 0x2, 0xc1, 0x0, 0xff, 0xf,
    0x80, 0x20, 0x40, 0x38, 0xcc, 0x1, 0xc4, 0xa0,
    0x60, 0x1a, 0xbf, 0x31, 0xec, 0x1, 0xbc, 0x2f,
    0xa5, 0x29, 0x40, 0x34, 0x88, 0x4, 0x20, 0x1,
    0x6b, 0x50, 0x24, 0x79, 0xc1, 0x0, 0x9c, 0x3,
    0x35, 0x76, 0xdc, 0x31, 0x80, 0x7c, 0xdd, 0x2a,
    0x20, 0x1f, 0xf3, 0xc8, 0x80, 0x7c, 0x40, 0x1c,
    0x50, 0x1, 0xcb, 0x39, 0xfa, 0x40, 0x19, 0x40,
    0x33, 0x7d, 0x31, 0x80, 0x8, 0x3, 0x70, 0x6,
    0x90, 0xe, 0x50, 0xf, 0xfe, 0x19, 0xd8, 0x7,
    0x70, 0x6, 0xc4, 0x24, 0x9c, 0x10, 0xe, 0x60,
    0xc, 0x77, 0xb6, 0xc0, 0x1f, 0xc, 0x80, 0x7f,
    0x14, 0x80, 0x73, 0x50, 0x80, 0x79, 0xb0, 0x80,
    0x3c, 0xbd, 0x73, 0x10, 0xbe, 0x91, 0x4f, 0xfb,
    0x0,

    /* U+00E3 "ã" */
    0x0, 0xcd, 0xbf, 0xd0, 0x20, 0x1, 0x55, 0x18,
    0x6, 0x49, 0x20, 0x17, 0xe8, 0x14, 0xaa, 0x48,
    0x6, 0xd0, 0xf, 0x3f, 0x50, 0x0, 0x40, 0x31,
    0x0, 0x27, 0x90, 0x3, 0xc2, 0x1, 0x84, 0x0,
    0xa3, 0x6e, 0x1, 0xdc, 0x1, 0xa2, 0xa8, 0x40,
    0x8, 0xb2, 0x2, 0x94, 0x0, 0xc4, 0xaa, 0x10,
    0x9, 0x37, 0xf5, 0x80, 0x3f, 0xf9, 0xa8, 0xce,
    0xe6, 0x30, 0xf, 0xc3, 0x3f, 0x73, 0x10, 0x9c,
    0xf9, 0x10, 0xc, 0x5e, 0xc0, 0x1f, 0x9b, 0xc8,
    0x2, 0xc1, 0x0, 0xff, 0xf, 0x80, 0x20, 0x40,
    0x38, 0xcc, 0x1, 0xc4, 0xa0, 0x60, 0x1a, 0xbf,
    0x31, 0xec, 0x1, 0xbc, 0x2f, 0xa5, 0x29, 0x40,
    0x34, 0x88, 0x4, 0x20, 0x1, 0x6b, 0x50, 0x24,
    0x79, 0xc1, 0x0, 0x9c, 0x3, 0x35, 0x76, 0xdc,
    0x31, 0x80, 0x7c, 0xdd, 0x2a, 0x20, 0x1f, 0xf3,
    0xc8, 0x80, 0x7c, 0x40, 0x1c, 0x50, 0x1, 0xcb,
    0x39, 0xfa, 0x40, 0x19, 0x40, 0x33, 0x7d, 0x31,
    0x80, 0x8, 0x3, 0x70, 0x6, 0x90, 0xe, 0x50,
    0xf, 0xfe, 0x19, 0xd8, 0x7, 0x70, 0x6, 0xc4,
    0x24, 0x9c, 0x10, 0xe, 0x60, 0xc, 0x77, 0xb6,
    0xc0, 0x1f, 0xc, 0x80, 0x7f, 0x14, 0x80, 0x73,
    0x50, 0x80, 0x79, 0xb0, 0x80, 0x3c, 0xbd, 0x73,
    0x10, 0xbe, 0x91, 0x4f, 0xfb, 0x0,

    /* U+00E4 "ä" */
    0x0, 0xc2, 0x38, 0x2, 0x11, 0xc0, 0x1c, 0xfd,
    0xd5, 0x80, 0xf, 0xba, 0xc0, 0xf, 0xff, 0x63,
    0xff, 0xd4, 0x0, 0x3f, 0xfb, 0x40, 0x3f, 0xf9,
    0xa8, 0xce, 0xe6, 0x30, 0xf, 0xc3, 0x3f, 0x73,
    0x10, 0x9c, 0xf9, 0x10, 0xc, 0x5e, 0xc0, 0x1f,
    0x9b, 0xc8, 0x2, 0xc1, 0x0, 0xff, 0xf, 0x80,
    0x20, 0x40, 0x38, 0xcc, 0x1, 0xc4, 0xa0, 0x60,
    0x1a, 0xbf, 0x31, 0xec, 0x1, 0xbc, 0x2f, 0xa5,
    0x29, 0x40, 0x34, 0x88, 0x4, 0x20, 0x1, 0x6b,
    0x50, 0x24, 0x79, 0xc1, 0x0, 0x9c, 0x3, 0x35,
    0x76, 0xdc, 0x31, 0x80, 0x7c, 0xdd, 0x2a, 0x20,
    0x1f, 0xf3, 0xc8, 0x80, 0x7c, 0x40, 0x1c, 0x50,
    0x1, 0xcb, 0x39, 0xfa, 0x40, 0x19, 0x40, 0x33,
    0x7d, 0x31, 0x80, 0x8, 0x3, 0x70, 0x6, 0x90,
    0xe, 0x50, 0xf, 0xfe, 0x19, 0xd8, 0x7, 0x70,
    0x6, 0xc4, 0x24, 0x9c, 0x10, 0xe, 0x60, 0xc,
    0x77, 0xb6, 0xc0, 0x1f, 0xc, 0x80, 0x7f, 0x14,
    0x80, 0x73, 0x50, 0x80, 0x79, 0xb0, 0x80, 0x3c,
    0xbd, 0x73, 0x10, 0xbe, 0x91, 0x4f, 0xfb, 0x0,

    /* U+00E5 "å" */
    0x0, 0xf9, 0xae, 0xd0, 0x20, 0x1f, 0xe1, 0xd9,
    0x44, 0x3f, 0x20, 0x7, 0xf6, 0x90, 0x7, 0x50,
    0x80, 0x7c, 0x66, 0x2, 0xde, 0x50, 0x16, 0x0,
    0xf9, 0x40, 0x10, 0x43, 0x60, 0xd, 0x0, 0xff,
    0xe6, 0x28, 0x2, 0x8, 0x6c, 0x1, 0xa0, 0x1f,
    0x1a, 0x1, 0x6f, 0x28, 0xb, 0x0, 0x7e, 0xa2,
    0x0, 0xea, 0x10, 0xf, 0xc3, 0xb2, 0x88, 0x7e,
    0x40, 0xf, 0xf9, 0xae, 0xd0, 0x20, 0x1f, 0xf2,
    0x33, 0xb9, 0x8c, 0x3, 0xf0, 0xcf, 0xdc, 0xc4,
    0x27, 0x3e, 0x44, 0x3, 0x17, 0xb0, 0x7, 0xe6,
    0xf2, 0x0, 0xb0, 0x40, 0x3f, 0xc3, 0xe0, 0x8,
    0x10, 0xe, 0x33, 0x0, 0x71, 0x28, 0x18, 0x6,
    0xaf, 0xcc, 0x7b, 0x0, 0x6f, 0xb, 0xe9, 0x4a,
    0x50, 0xd, 0x22, 0x1, 0x8, 0x0, 0x5a, 0xd4,
    0x9, 0x1e, 0x70, 0x40, 0x27, 0x0, 0xcd, 0x5d,
    0xb7, 0xc, 0x60, 0x1f, 0x37, 0x4a, 0x88, 0x7,
    0xfc, 0xf2, 0x20, 0x1f, 0x10, 0x7, 0x14, 0x0,
    0x72, 0xce, 0x7e, 0x90, 0x6, 0x50, 0xc, 0xdf,
    0x4c, 0x60, 0x2, 0x0, 0xdc, 0x1, 0xa4, 0x3,
    0x94, 0x3, 0xff, 0x86, 0x76, 0x1, 0xdc, 0x1,
    0xb1, 0x9, 0x27, 0x4, 0x3, 0x98, 0x3, 0x1d,
    0xed, 0xb0, 0x7, 0xc3, 0x20, 0x1f, 0xc5, 0x20,
    0x1c, 0xd4, 0x20, 0x1e, 0x6c, 0x20, 0xf, 0x2f,
    0x5c, 0xc4, 0x2f, 0xa4, 0x53, 0xfe, 0xc0,

    /* U+00E6 "æ" */
    0x0, 0xf1, 0x33, 0xb9, 0x90, 0x3, 0xc4, 0xae,
    0xe6, 0x30, 0xf, 0xf2, 0xee, 0xa6, 0x21, 0x37,
    0xf0, 0x0, 0x3c, 0xda, 0x88, 0x4e, 0x73, 0x0,
    0x7d, 0x54, 0x20, 0xf, 0x9f, 0x63, 0xc, 0x3,
    0xc3, 0x34, 0x1, 0xd4, 0xa0, 0x1f, 0xe2, 0x70,
    0xf, 0xf2, 0xc8, 0x4, 0xca, 0x1, 0x91, 0x98,
    0x40, 0x1f, 0x89, 0x9d, 0x0, 0x33, 0x18, 0x3,
    0xc4, 0x0, 0x5b, 0x73, 0x2d, 0x80, 0xf, 0x46,
    0xcc, 0x5e, 0x88, 0x5, 0x20, 0x9, 0xec, 0x8e,
    0x20, 0xc, 0xe2, 0x1, 0x91, 0xc0, 0x31, 0x48,
    0x4, 0xa0, 0x18, 0xdc, 0xc0, 0x2, 0x6a, 0xe0,
    0x1c, 0xf3, 0x3e, 0xc0, 0xc, 0x60, 0x18, 0x9e,
    0xfb, 0x99, 0x50, 0x20, 0x18, 0xd9, 0xbc, 0x80,
    0x19, 0x80, 0x7, 0x9b, 0x8, 0x20, 0x1f, 0xfc,
    0xb4, 0xc3, 0x0, 0xf1, 0x20, 0x80, 0x7f, 0xf1,
    0x46, 0xc0, 0x31, 0xce, 0xfe, 0xd9, 0x80, 0x6d,
    0xff, 0xff, 0x95, 0x80, 0x34, 0x63, 0x10, 0x4,
    0x40, 0x19, 0x40, 0x3f, 0xf8, 0x1c, 0x1, 0xb,
    0x80, 0x72, 0x80, 0x74, 0x80, 0x7a, 0x7e, 0x94,
    0x40, 0x38, 0x40, 0x38, 0xe8, 0x3, 0x87, 0x8,
    0x0, 0x32, 0xc0, 0xb5, 0xe1, 0xc0, 0x1b, 0x10,
    0x8e, 0x70, 0x3, 0xe3, 0xde, 0xde, 0x60, 0xc,
    0xc0, 0xc0, 0x18, 0xef, 0x71, 0x80, 0x26, 0x90,
    0xe, 0x12, 0x0, 0xe3, 0x80, 0x19, 0x0, 0xff,
    0x34, 0xb4, 0x80, 0x7f, 0x93, 0x0, 0x26, 0xa1,
    0x0, 0xf1, 0x54, 0x80, 0x1b, 0x50, 0x3, 0xc3,
    0x36, 0x1, 0xcb, 0xd9, 0x31, 0xa, 0xdd, 0x28,
    0x6, 0x2b, 0xea, 0x88, 0x4e, 0x73, 0x0, 0x60,

    /* U+00E7 "ç" */
    0x0, 0xf0, 0xab, 0xbc, 0xa2, 0x1, 0xfc, 0x55,
    0xd5, 0x11, 0x57, 0x59, 0x80, 0x79, 0xb5, 0x40,
    0x3e, 0x4c, 0x60, 0xc, 0xd2, 0x1, 0xff, 0x4b,
    0x0, 0xa, 0x40, 0x3c, 0x20, 0x1e, 0x91, 0x9,
    0x0, 0xc3, 0x7f, 0xdf, 0x0, 0x1c, 0xc2, 0x80,
    0x1b, 0x50, 0x2, 0x78, 0x0, 0x87, 0xd0, 0x3,
    0x29, 0x80, 0x73, 0xac, 0xef, 0x46, 0x80, 0x6c,
    0x0, 0xfa, 0x98, 0x80, 0x4, 0x1, 0x88, 0x3,
    0xff, 0xa4, 0x40, 0x18, 0x80, 0x3f, 0xf8, 0x1c,
    0x1, 0xb0, 0x3, 0xe6, 0x30, 0x9, 0xc0, 0x32,
    0x98, 0x7, 0x2c, 0xe7, 0xe3, 0x8a, 0x0, 0x6d,
    0x40, 0x9, 0x68, 0x2, 0x30, 0x4, 0x80, 0x61,
    0xbe, 0xdf, 0xa0, 0xc, 0x2e, 0x5, 0x0, 0x1c,
    0x24, 0x1, 0xeb, 0x0, 0x9e, 0x0, 0x3f, 0xe9,
    0x50, 0xc, 0xf8, 0x80, 0x1f, 0x26, 0xb0, 0x7,
    0x8e, 0xfa, 0x80, 0x5, 0x5d, 0x64, 0x1, 0xfc,
    0x22, 0x0, 0x1b, 0x8, 0x7, 0xff, 0x3, 0x0,
    0x3, 0x84, 0x1, 0xff, 0xc0, 0x8d, 0x30, 0x5,
    0x0, 0x7f, 0xf0, 0x8, 0x1c, 0x0, 0x40, 0x1f,
    0xfc, 0xe, 0xd4, 0x0, 0x68, 0x7, 0xfc, 0x46,
    0x1, 0xb, 0x0, 0x7f, 0xf0, 0x10, 0x0, 0xbe,
    0x20, 0x1c,

    /* U+00E8 "è" */
    0x0, 0xe8, 0xaa, 0x30, 0x7, 0xff, 0xf, 0xd5,
    0x52, 0x1, 0xff, 0xc3, 0x60, 0x9, 0x80, 0x3f,
    0xf8, 0x42, 0xc0, 0xb, 0x0, 0xff, 0xe1, 0xd8,
    0x0, 0x90, 0x3, 0xff, 0x84, 0x48, 0x0, 0xf0,
    0xf, 0xfe, 0x1f, 0x0, 0x10, 0x80, 0x3f, 0xf8,
    0x4b, 0xff, 0x10, 0x7, 0xff, 0x55, 0x19, 0xdc,
    0xa2, 0x1, 0xfe, 0x1a, 0xfb, 0x98, 0x85, 0x76,
    0x18, 0x7, 0xcb, 0xca, 0x1, 0xf1, 0xe3, 0x80,
    0x72, 0xd0, 0x7, 0xfd, 0xc, 0x1, 0xd, 0x0,
    0x72, 0x33, 0x8, 0x3, 0x48, 0x80, 0x2c, 0x3,
    0x27, 0x5c, 0xcb, 0x60, 0x3, 0x48, 0xa, 0x80,
    0x43, 0x42, 0x1, 0x9c, 0xc0, 0x26, 0x4, 0x0,
    0xc4, 0xce, 0xfe, 0x0, 0xc2, 0x2d, 0x0, 0xc7,
    0x11, 0xf1, 0x80, 0x65, 0x10, 0xf, 0xfe, 0x31,
    0x80, 0x7f, 0xf1, 0x8c, 0x3, 0x4f, 0xff, 0xff,
    0x1, 0x3c, 0x3, 0x60, 0x7, 0xc2, 0x1, 0xce,
    0x1, 0x94, 0x80, 0x38, 0x7f, 0xa5, 0x0, 0x2,
    0x80, 0x1b, 0x14, 0x2, 0x3c, 0x11, 0x35, 0xe8,
    0x2, 0x40, 0x30, 0xd7, 0xef, 0x61, 0x0, 0x6b,
    0x0, 0x15, 0x0, 0x78, 0x84, 0x3, 0x95, 0x80,
    0x25, 0xb1, 0x0, 0xff, 0x35, 0x0, 0x72, 0x7b,
    0x0, 0x7c, 0x77, 0x20, 0x1f, 0xc, 0xfd, 0xcc,
    0x42, 0xb7, 0x10, 0x3, 0x0,

    /* U+00E9 "é" */
    0x0, 0xff, 0xaa, 0xa4, 0x0, 0xff, 0xe1, 0x2a,
    0xf0, 0x7, 0xff, 0xa, 0x40, 0xa, 0x20, 0x1f,
    0xfc, 0x13, 0x30, 0x2, 0x40, 0x3f, 0xf8, 0x52,
    0x0, 0x33, 0x0, 0x7f, 0xf0, 0x45, 0x40, 0x12,
    0x1, 0xff, 0xc2, 0x60, 0x0, 0xa8, 0x7, 0xff,
    0x9, 0xff, 0xdc, 0x1, 0xff, 0xd5, 0x46, 0x77,
    0x28, 0x80, 0x7f, 0x86, 0xbe, 0xe6, 0x21, 0x5d,
    0x86, 0x1, 0xf2, 0xf2, 0x80, 0x7c, 0x78, 0xe0,
    0x1c, 0xb4, 0x1, 0xff, 0x43, 0x0, 0x43, 0x40,
    0x1c, 0x8c, 0xc2, 0x0, 0xd2, 0x20, 0xb, 0x0,
    0xc9, 0xd7, 0x32, 0xd8, 0x0, 0xd2, 0x2, 0xa0,
    0x10, 0xd0, 0x80, 0x67, 0x30, 0x9, 0x81, 0x0,
    0x31, 0x33, 0xbf, 0x80, 0x30, 0x8b, 0x40, 0x31,
    0xc4, 0x7c, 0x60, 0x19, 0x44, 0x3, 0xff, 0x8c,
    0x60, 0x1f, 0xfc, 0x63, 0x0, 0xd3, 0xff, 0xff,
    0xc0, 0x4f, 0x0, 0xd8, 0x1, 0xf0, 0x80, 0x73,
    0x80, 0x65, 0x20, 0xe, 0x1f, 0xe9, 0x40, 0x0,
    0xa0, 0x6, 0xc5, 0x0, 0x8f, 0x4, 0x4d, 0x7a,
    0x0, 0x90, 0xc, 0x35, 0xfb, 0xd8, 0x40, 0x1a,
    0xc0, 0x5, 0x40, 0x1e, 0x21, 0x0, 0xe5, 0x60,
    0x9, 0x6c, 0x40, 0x3f, 0xcd, 0x40, 0x1c, 0x9e,
    0xc0, 0x1f, 0x1d, 0xc8, 0x7, 0xc3, 0x3f, 0x73,
    0x10, 0xad, 0xc4, 0x0, 0xc0,

    /* U+00EA "ê" */
    0x0, 0xf9, 0x22, 0x25, 0x0, 0xff, 0xe0, 0x9d,
    0xbb, 0xd4, 0xc0, 0x1f, 0xf1, 0x60, 0x7, 0x4a,
    0x0, 0x7f, 0xe, 0x0, 0x56, 0x20, 0xb, 0x30,
    0xf, 0x87, 0x4, 0x1, 0x69, 0xa0, 0x16, 0x90,
    0x7, 0xa8, 0x80, 0x10, 0x80, 0x76, 0x0, 0x1f,
    0x10, 0xe, 0xbf, 0xf9, 0xc0, 0x24, 0xff, 0xb4,
    0x40, 0x3f, 0xfa, 0x8, 0xce, 0xe5, 0x10, 0xf,
    0xf0, 0xd7, 0xdc, 0xc4, 0x2b, 0xb0, 0xc0, 0x3e,
    0x5e, 0x50, 0xf, 0x8f, 0x1c, 0x3, 0x96, 0x80,
    0x3f, 0xe8, 0x60, 0x8, 0x68, 0x3, 0x91, 0x98,
    0x40, 0x1a, 0x44, 0x1, 0x60, 0x19, 0x3a, 0xe6,
    0x5b, 0x0, 0x1a, 0x40, 0x54, 0x2, 0x1a, 0x10,
    0xc, 0xe6, 0x1, 0x30, 0x20, 0x6, 0x26, 0x77,
    0xf0, 0x6, 0x11, 0x68, 0x6, 0x38, 0x8f, 0x8c,
    0x3, 0x28, 0x80, 0x7f, 0xf1, 0x8c, 0x3, 0xff,
    0x8c, 0x60, 0x1a, 0x7f, 0xff, 0xf8, 0x9, 0xe0,
    0x1b, 0x0, 0x3e, 0x10, 0xe, 0x70, 0xc, 0xa4,
    0x1, 0xc3, 0xfd, 0x28, 0x0, 0x14, 0x0, 0xd8,
    0xa0, 0x11, 0xe0, 0x89, 0xaf, 0x40, 0x12, 0x1,
    0x86, 0xbf, 0x7b, 0x8, 0x3, 0x58, 0x0, 0xa8,
    0x3, 0xc4, 0x20, 0x1c, 0xac, 0x1, 0x2d, 0x88,
    0x7, 0xf9, 0xa8, 0x3, 0x93, 0xd8, 0x3, 0xe3,
    0xb9, 0x0, 0xf8, 0x67, 0xee, 0x62, 0x15, 0xb8,
    0x80, 0x18,

    /* U+00EB "ë" */
    0x0, 0xc2, 0x38, 0x2, 0x11, 0xc0, 0x1f, 0xbb,
    0xb0, 0x80, 0x37, 0xba, 0x40, 0xf, 0xff, 0xa7,
    0xfe, 0x10, 0x6, 0x7f, 0xc8, 0x1, 0xff, 0xd1,
    0x46, 0x77, 0x28, 0x80, 0x7f, 0x86, 0xbe, 0xe6,
    0x21, 0x5d, 0x86, 0x1, 0xf2, 0xf2, 0x80, 0x7c,
    0x78, 0xe0, 0x1c, 0xb4, 0x1, 0xff, 0x43, 0x0,
    0x43, 0x40, 0x1c, 0x8c, 0xc2, 0x0, 0xd2, 0x20,
    0xb, 0x0, 0xc9, 0xd7, 0x32, 0xd8, 0x0, 0xd2,
    0x2, 0xa0, 0x10, 0xd0, 0x80, 0x67, 0x30, 0x9,
    0x81, 0x0, 0x31, 0x33, 0xbf, 0x80, 0x30, 0x8b,
    0x40, 0x31, 0xc4, 0x7c, 0x60, 0x19, 0x44, 0x3,
    0xff, 0x8c, 0x60, 0x1f, 0xfc, 0x63, 0x0, 0xd3,
    0xff, 0xff, 0xc0, 0x4f, 0x0, 0xd8, 0x1, 0xf0,
    0x80, 0x73, 0x80, 0x65, 0x20, 0xe, 0x1f, 0xe9,
    0x40, 0x0, 0xa0, 0x6, 0xc5, 0x0, 0x8f, 0x4,
    0x4d, 0x7a, 0x0, 0x90, 0xc, 0x35, 0xfb, 0xd8,
    0x40, 0x1a, 0xc0, 0x5, 0x40, 0x1e, 0x21, 0x0,
    0xe5, 0x60, 0x9, 0x6c, 0x40, 0x3f, 0xcd, 0x40,
    0x1c, 0x9e, 0xc0, 0x1f, 0x1d, 0xc8, 0x7, 0xc3,
    0x3f, 0x73, 0x10, 0xad, 0xc4, 0x0, 0xc0,

    /* U+00EC "ì" */
    0x4a, 0xa8, 0x3, 0x2a, 0xf0, 0x4, 0x2a, 0x0,
    0x90, 0xd, 0x20, 0x3, 0x30, 0x4, 0x66, 0x0,
    0x48, 0x6, 0xa0, 0x2, 0x88, 0x4, 0xc2, 0x0,
    0x60, 0xd, 0xdf, 0xe7, 0x0, 0xff, 0xe3, 0xa7,
    0xfe, 0x50, 0xf, 0xff, 0xf8, 0x7, 0xff, 0xc4,

    /* U+00ED "í" */
    0x0, 0xd5, 0x52, 0x80, 0x48, 0xab, 0x38, 0x5,
    0xe0, 0x4, 0x20, 0x1, 0x20, 0x3, 0xc0, 0x2a,
    0x0, 0x12, 0x0, 0x4c, 0x0, 0xa0, 0x9, 0x84,
    0x0, 0xc0, 0x13, 0x7f, 0xc2, 0x1, 0xff, 0xc6,
    0x4f, 0xfc, 0xa0, 0x1f, 0xff, 0xf0, 0xf, 0xff,
    0x98,

    /* U+00EE "î" */
    0x0, 0xe6, 0x88, 0x8c, 0x3, 0xf9, 0xe5, 0xde,
    0xd2, 0x0, 0xf9, 0xa0, 0x3, 0xe, 0x8, 0x7,
    0x24, 0x80, 0xa, 0x80, 0x3, 0x80, 0x18, 0xec,
    0x0, 0x38, 0xb2, 0x0, 0x2b, 0x0, 0x16, 0x80,
    0x5a, 0x20, 0xcc, 0x0, 0x25, 0x1, 0x77, 0xfc,
    0x60, 0x14, 0xff, 0xd4, 0x1, 0xff, 0xd7, 0x4f,
    0xfc, 0xa0, 0x1f, 0xff, 0xf0, 0xf, 0xff, 0xf8,
    0x7, 0xff, 0xfc, 0x3, 0xff, 0xae,

    /* U+00EF "ï" */
    0x11, 0xc0, 0x18, 0x47, 0x47, 0x74, 0xe0, 0x6,
    0xee, 0xac, 0x3, 0xff, 0xb1, 0x3f, 0xf3, 0x80,
    0x1b, 0xfe, 0xa0, 0xf, 0xfe, 0x7a, 0x7f, 0xe5,
    0x0, 0xff, 0xff, 0x80, 0x7f, 0xff, 0xc0, 0x3f,
    0xfd, 0xa0,

    /* U+00F0 "ð" */
    0x0, 0xff, 0xe0, 0x2a, 0x80, 0x3f, 0xe8, 0xfd,
    0xa5, 0x4a, 0xa3, 0x80, 0x7f, 0x90, 0x9, 0x6a,
    0xc0, 0x10, 0x60, 0x1f, 0xc6, 0x1, 0xf3, 0x98,
    0x7, 0xf4, 0x28, 0x7, 0xff, 0x15, 0xe8, 0xc0,
    0x39, 0xd0, 0x3, 0xfc, 0xc6, 0x1, 0xe9, 0x0,
    0xff, 0x34, 0x1, 0x72, 0x80, 0x9, 0x80, 0x3f,
    0xcf, 0x5e, 0x34, 0x20, 0xa, 0x0, 0xf9, 0x2b,
    0x7e, 0xb2, 0xd6, 0x40, 0x6, 0x20, 0x18, 0x6e,
    0xca, 0x40, 0x1, 0x4a, 0x80, 0x9, 0x0, 0x22,
    0xf4, 0x0, 0xff, 0xe0, 0x60, 0x5, 0xe2, 0x1,
    0xff, 0xc1, 0x20, 0x4, 0x10, 0x4, 0x33, 0xba,
    0xb4, 0x0, 0xe6, 0x0, 0x38, 0x4, 0x38, 0xc4,
    0x44, 0xb5, 0x0, 0xc4, 0x8, 0x1, 0xa4, 0x80,
    0x3a, 0xc0, 0x3d, 0x80, 0x19, 0x40, 0x3c, 0x28,
    0x1, 0xc2, 0x1, 0x88, 0x3, 0xe2, 0x0, 0xc2,
    0x60, 0x1f, 0xfc, 0x1, 0x0, 0xe3, 0x0, 0xc2,
    0x1, 0xf1, 0x0, 0x61, 0xf0, 0xc, 0xa0, 0x1f,
    0x38, 0x4, 0x20, 0x80, 0x1b, 0xc0, 0x3c, 0xa4,
    0x1, 0x20, 0x11, 0x80, 0x49, 0x0, 0x18, 0xec,
    0x3, 0x70, 0x3, 0xc0, 0x33, 0xf5, 0x53, 0x30,
    0x20, 0x11, 0xa0, 0x0, 0xdc, 0x3, 0xa, 0xa8,
    0xc0, 0x3b, 0x80, 0x34, 0x38, 0x7, 0xf8, 0x70,
    0x80, 0x3a, 0x30, 0xc0, 0x3e, 0x6f, 0x30, 0xf,
    0x8f, 0x36, 0xa2, 0x13, 0x7f, 0x22, 0x1, 0x80,

    /* U+00F1 "ñ" */
    0x0, 0x8b, 0x3f, 0xd4, 0x60, 0x12, 0x2a, 0x0,
    0x7b, 0xc, 0x0, 0xb9, 0x66, 0x15, 0x4b, 0x0,
    0xe4, 0x10, 0xe, 0x4c, 0xf1, 0x0, 0x8, 0x6,
    0x20, 0x2, 0x7c, 0x0, 0x7c, 0x20, 0x18, 0xc0,
    0x4, 0xf, 0x60, 0x1c, 0xc0, 0x1c, 0x95, 0x50,
    0x1, 0x35, 0x40, 0xd, 0x20, 0x1c, 0x2a, 0xa3,
    0x0, 0x8a, 0xbf, 0xd2, 0x1, 0xff, 0xd1, 0x15,
    0x77, 0x32, 0x0, 0x75, 0x7f, 0xce, 0x57, 0xd5,
    0x10, 0x9b, 0xe6, 0x0, 0xfb, 0x35, 0x0, 0x3c,
    0x33, 0x20, 0xf, 0x20, 0x7, 0xf9, 0x94, 0x3,
    0xf8, 0x44, 0x1, 0xe8, 0x0, 0xf9, 0x77, 0xb9,
    0xa6, 0x1, 0x88, 0x80, 0x1c, 0x94, 0x40, 0x2,
    0xc1, 0x0, 0xc8, 0x1, 0xdc, 0x1, 0xe9, 0x0,
    0xdc, 0x1, 0xce, 0x1, 0xe3, 0x0, 0xc2, 0x1,
    0xc4, 0x1, 0xe6, 0x0, 0xff, 0xe2, 0x98, 0x7,
    0xff, 0xfc, 0x3, 0xff, 0xfc,

    /* U+00F2 "ò" */
    0x0, 0xea, 0xa9, 0x40, 0x3f, 0xf8, 0x66, 0xaa,
    0x80, 0xf, 0xfe, 0x1d, 0x80, 0x9, 0x0, 0x3f,
    0xf8, 0x44, 0x60, 0xe, 0x0, 0xff, 0xe1, 0xc8,
    0x1, 0x44, 0x3, 0xff, 0x84, 0xa2, 0x0, 0x90,
    0xf, 0xfe, 0x1c, 0x80, 0x18, 0x3, 0xff, 0x86,
    0xff, 0xee, 0x0, 0xff, 0xeb, 0x23, 0x3b, 0x94,
    0x40, 0x3f, 0xc3, 0x5f, 0x73, 0x10, 0xae, 0xc4,
    0x0, 0xf9, 0x79, 0x40, 0x3e, 0x3b, 0x90, 0xe,
    0x5a, 0x0, 0xff, 0x9a, 0x80, 0x22, 0xa0, 0xf,
    0x8, 0x80, 0x39, 0x58, 0x1, 0x0, 0x18, 0x6b,
    0xfb, 0x98, 0x60, 0x1a, 0x0, 0x54, 0x3, 0x6a,
    0x80, 0x47, 0x84, 0x1, 0xb, 0x20, 0x6, 0x53,
    0x0, 0xf4, 0x0, 0x6c, 0xd0, 0xd, 0x80, 0x1f,
    0x20, 0x6, 0x72, 0x0, 0xc4, 0x1, 0xf0, 0x80,
    0x62, 0x0, 0xff, 0xe3, 0x90, 0x6, 0x20, 0xf,
    0x84, 0x3, 0x16, 0x80, 0x6c, 0x0, 0xf9, 0xc0,
    0x33, 0xa0, 0x6, 0x53, 0x0, 0xf5, 0x80, 0x6c,
    0x15, 0x0, 0xda, 0xa0, 0x11, 0x61, 0x0, 0x66,
    0x8, 0x0, 0xc3, 0x5f, 0xbd, 0xa6, 0x1, 0xa4,
    0x0, 0x54, 0x1, 0xe2, 0x10, 0xe, 0x56, 0x0,
    0x96, 0x80, 0x3f, 0xe6, 0xa0, 0xe, 0x5d, 0x50,
    0xf, 0x8e, 0xe4, 0x3, 0xe2, 0xaf, 0xb8, 0x8a,
    0xbb, 0x10, 0x3, 0x0,

    /* U+00F3 "ó" */
    0x0, 0xff, 0x1d, 0x54, 0x20, 0x1f, 0xfc, 0x29,
    0x55, 0x30, 0x80, 0x7f, 0xf0, 0x45, 0x40, 0x12,
    0x1, 0xff, 0xc2, 0x90, 0x0, 0xa8, 0x7, 0xff,
    0x9, 0x80, 0x12, 0x1, 0xff, 0xc2, 0x51, 0x0,
    0x30, 0x7, 0xff, 0xa, 0x40, 0xa, 0x20, 0x1f,
    0xfc, 0x2c, 0xff, 0x50, 0x7, 0xff, 0x55, 0x19,
    0xdc, 0xa2, 0x1, 0xfe, 0x1a, 0xfb, 0x98, 0x85,
    0x76, 0x20, 0x7, 0xcb, 0xca, 0x1, 0xf1, 0xdc,
    0x80, 0x72, 0xd0, 0x7, 0xfc, 0xd4, 0x1, 0x15,
    0x0, 0x78, 0x44, 0x1, 0xca, 0xc0, 0x8, 0x0,
    0xc3, 0x5f, 0xdc, 0xc3, 0x0, 0xd0, 0x2, 0xa0,
    0x1b, 0x54, 0x2, 0x3c, 0x20, 0x8, 0x59, 0x0,
    0x32, 0x98, 0x7, 0xa0, 0x3, 0x66, 0x80, 0x6c,
    0x0, 0xf9, 0x0, 0x33, 0x90, 0x6, 0x20, 0xf,
    0x84, 0x3, 0x10, 0x7, 0xff, 0x1c, 0x80, 0x31,
    0x0, 0x7c, 0x20, 0x18, 0xb4, 0x3, 0x60, 0x7,
    0xce, 0x1, 0x9d, 0x0, 0x32, 0x98, 0x7, 0xac,
    0x3, 0x60, 0xa8, 0x6, 0xd5, 0x0, 0x8b, 0x8,
    0x3, 0x30, 0x40, 0x6, 0x1a, 0xfd, 0xed, 0x30,
    0xd, 0x20, 0x2, 0xa0, 0xf, 0x10, 0x80, 0x72,
    0xb0, 0x4, 0xb4, 0x1, 0xff, 0x35, 0x0, 0x72,
    0xea, 0x80, 0x7c, 0x77, 0x20, 0x1f, 0x15, 0x7d,
    0xc4, 0x55, 0xd8, 0x80, 0x18,

    /* U+00F4 "ô" */
    0x0, 0xf9, 0x22, 0x25, 0x0, 0xff, 0xe0, 0x9d,
    0xbb, 0xd4, 0xc0, 0x1f, 0xf1, 0x68, 0x7, 0x4a,
    0x0, 0x7f, 0xf, 0x88, 0x2, 0xc4, 0x1, 0x66,
    0x1, 0xfb, 0x48, 0x1, 0x49, 0x80, 0x16, 0x90,
    0x7, 0xac, 0xc0, 0x10, 0xa0, 0x56, 0x0, 0x1f,
    0x10, 0xe, 0xbf, 0xf9, 0xc0, 0x24, 0xff, 0xb4,
    0x40, 0x3f, 0xfa, 0x8, 0xce, 0xe5, 0x10, 0xf,
    0xf0, 0xd7, 0xdc, 0xc4, 0x2b, 0xb1, 0x0, 0x3e,
    0x5e, 0x50, 0xf, 0x8e, 0xe4, 0x3, 0x96, 0x80,
    0x3f, 0xe6, 0xa0, 0x8, 0xa8, 0x3, 0xc2, 0x20,
    0xe, 0x56, 0x0, 0x40, 0x6, 0x1a, 0xfe, 0xe6,
    0x18, 0x6, 0x80, 0x15, 0x0, 0xda, 0xa0, 0x11,
    0xe1, 0x0, 0x42, 0xc8, 0x1, 0x94, 0xc0, 0x3d,
    0x0, 0x1b, 0x34, 0x3, 0x60, 0x7, 0xc8, 0x1,
    0x9c, 0x80, 0x31, 0x0, 0x7c, 0x20, 0x18, 0x80,
    0x3f, 0xf8, 0xe4, 0x1, 0x88, 0x3, 0xe1, 0x0,
    0xc5, 0xa0, 0x1b, 0x0, 0x3e, 0x70, 0xc, 0xe8,
    0x1, 0x94, 0xc0, 0x3d, 0x60, 0x1b, 0x5, 0x40,
    0x36, 0xa8, 0x4, 0x58, 0x40, 0x19, 0x82, 0x0,
    0x30, 0xd7, 0xef, 0x69, 0x80, 0x69, 0x0, 0x15,
    0x0, 0x78, 0x84, 0x3, 0x95, 0x80, 0x25, 0xa0,
    0xf, 0xf9, 0xa8, 0x3, 0x97, 0x54, 0x3, 0xe3,
    0xb9, 0x0, 0xf8, 0xab, 0xee, 0x22, 0xae, 0xc4,
    0x0, 0xc0,

    /* U+00F5 "õ" */
    0x0, 0xc9, 0xbf, 0xd2, 0x40, 0x12, 0xa8, 0xc0,
    0x3c, 0x56, 0x40, 0x2d, 0xb2, 0x44, 0xaa, 0x70,
    0x7, 0x94, 0x3, 0xcd, 0xba, 0x0, 0x18, 0x7,
    0xbc, 0x0, 0xde, 0xc0, 0x1e, 0x20, 0xf, 0x78,
    0x3, 0xc2, 0x64, 0x1, 0xd4, 0x1, 0xe5, 0xaa,
    0x20, 0x1, 0xb0, 0xc0, 0x5d, 0x80, 0x3c, 0x4a,
    0xa2, 0x0, 0x8f, 0x3f, 0xa0, 0x3, 0xff, 0xa4,
    0x8c, 0xee, 0x51, 0x0, 0xff, 0xd, 0x7d, 0xcc,
    0x42, 0xbb, 0x10, 0x3, 0xe5, 0xe5, 0x0, 0xf8,
    0xee, 0x40, 0x39, 0x68, 0x3, 0xfe, 0x6a, 0x0,
    0x8a, 0x80, 0x3c, 0x22, 0x0, 0xe5, 0x60, 0x4,
    0x0, 0x61, 0xaf, 0xee, 0x61, 0x80, 0x68, 0x1,
    0x50, 0xd, 0xaa, 0x1, 0x1e, 0x10, 0x4, 0x2c,
    0x80, 0x19, 0x4c, 0x3, 0xd0, 0x1, 0xb3, 0x40,
    0x36, 0x0, 0x7c, 0x80, 0x19, 0xc8, 0x3, 0x10,
    0x7, 0xc2, 0x1, 0x88, 0x3, 0xff, 0x8e, 0x40,
    0x18, 0x80, 0x3e, 0x10, 0xc, 0x5a, 0x1, 0xb0,
    0x3, 0xe7, 0x0, 0xce, 0x80, 0x19, 0x4c, 0x3,
    0xd6, 0x1, 0xb0, 0x54, 0x3, 0x6a, 0x80, 0x45,
    0x84, 0x1, 0x98, 0x20, 0x3, 0xd, 0x7e, 0xf6,
    0x98, 0x6, 0x90, 0x1, 0x50, 0x7, 0x88, 0x40,
    0x39, 0x58, 0x2, 0x5a, 0x0, 0xff, 0x9a, 0x80,
    0x39, 0x75, 0x40, 0x3e, 0x3b, 0x90, 0xf, 0x8a,
    0xbe, 0xe2, 0x2a, 0xec, 0x40, 0xc,

    /* U+00F6 "ö" */
    0x0, 0xc2, 0x38, 0x2, 0x11, 0xc0, 0x1f, 0xbb,
    0xb0, 0x80, 0x37, 0xba, 0x50, 0xf, 0xff, 0xa7,
    0xfe, 0x10, 0x6, 0x7f, 0xca, 0x1, 0xff, 0xd1,
    0x46, 0x77, 0x28, 0x80, 0x7f, 0x86, 0xbe, 0xe6,
    0x21, 0x5d, 0x88, 0x1, 0xf2, 0xf2, 0x80, 0x7c,
    0x77, 0x20, 0x1c, 0xb4, 0x1, 0xff, 0x35, 0x0,
    0x45, 0x40, 0x1e, 0x11, 0x0, 0x72, 0xb0, 0x2,
    0x0, 0x30, 0xd7, 0xf7, 0x30, 0xc0, 0x34, 0x0,
    0xa8, 0x6, 0xd5, 0x0, 0x8f, 0x8, 0x2, 0x16,
    0x40, 0xc, 0xa6, 0x1, 0xe8, 0x0, 0xd9, 0xa0,
    0x1b, 0x0, 0x3e, 0x40, 0xc, 0xe4, 0x1, 0x88,
    0x3, 0xe1, 0x0, 0xc4, 0x1, 0xff, 0xc7, 0x20,
    0xc, 0x40, 0x1f, 0x8, 0x6, 0x2d, 0x0, 0xd8,
    0x1, 0xf3, 0x80, 0x67, 0x40, 0xc, 0xa6, 0x1,
    0xeb, 0x0, 0xd8, 0x2a, 0x1, 0xb5, 0x40, 0x22,
    0xc2, 0x0, 0xcc, 0x10, 0x1, 0x86, 0xbf, 0x7b,
    0x4c, 0x3, 0x48, 0x0, 0xa8, 0x3, 0xc4, 0x20,
    0x1c, 0xac, 0x1, 0x2d, 0x0, 0x7f, 0xcd, 0x40,
    0x1c, 0xba, 0xa0, 0x1f, 0x1d, 0xc8, 0x7, 0xc5,
    0x5f, 0x71, 0x15, 0x76, 0x20, 0x6,

    /* U+00F7 "÷" */
    0x0, 0xe3, 0x3c, 0x20, 0x1f, 0xed, 0xcc, 0x90,
    0x3, 0xff, 0xd7, 0xdf, 0xf2, 0x80, 0x74, 0xcf,
    0xff, 0x8, 0xd9, 0xbf, 0xf8, 0x60, 0x1f, 0xfd,
    0x2f, 0xff, 0xfe, 0x12, 0x80, 0x71, 0x9e, 0x10,
    0xf, 0xf6, 0xe6, 0x48, 0x1, 0xff, 0xe6,

    /* U+00F8 "ø" */
    0x0, 0xfc, 0x8c, 0xee, 0x51, 0x0, 0x8c, 0x3,
    0xf0, 0xd7, 0xdc, 0xc4, 0x2b, 0xb1, 0x2f, 0x10,
    0x3, 0xcb, 0xca, 0x1, 0xf1, 0xda, 0x5, 0xa0,
    0x6, 0x5a, 0x0, 0xff, 0xe1, 0x59, 0x0, 0xa,
    0x80, 0x3c, 0x22, 0x0, 0xfa, 0x8, 0x1, 0x0,
    0x18, 0x6b, 0xfb, 0x92, 0x1, 0xe7, 0x0, 0xa,
    0x80, 0x6d, 0x50, 0x1, 0xc0, 0x7, 0x98, 0x0,
    0x80, 0x19, 0x4c, 0x0, 0x78, 0x20, 0x1e, 0xc0,
    0x6, 0x80, 0x6c, 0x0, 0x1e, 0x0, 0x4a, 0x1,
    0x9c, 0x0, 0x40, 0x18, 0x81, 0x30, 0x2, 0x6a,
    0x0, 0xc4, 0x1, 0xf9, 0x2c, 0x2, 0x79, 0x0,
    0xfc, 0x40, 0x1b, 0xac, 0x2, 0x78, 0x1, 0x0,
    0xc4, 0x0, 0xd0, 0xc, 0xa0, 0x14, 0x40, 0x0,
    0xe0, 0x19, 0xc0, 0x8, 0x1, 0xf4, 0x38, 0x5,
    0x60, 0x1b, 0x0, 0x2, 0x80, 0x1c, 0xae, 0x0,
    0x2c, 0x20, 0xc, 0xc0, 0x3, 0x50, 0xe, 0x5f,
    0xde, 0xd3, 0x0, 0xd2, 0x1, 0x78, 0x80, 0x7c,
    0x42, 0x1, 0xca, 0xc0, 0x16, 0x90, 0x7, 0xff,
    0x5, 0xa8, 0x3, 0xe, 0x10, 0xda, 0x80, 0x7c,
    0x77, 0x20, 0x1e, 0x1c, 0xc2, 0x57, 0xdc, 0x45,
    0x5d, 0x88, 0x1, 0xc0,

    /* U+00F9 "ù" */
    0x0, 0xd1, 0x54, 0x60, 0xf, 0xfe, 0x17, 0xaa,
    0xa4, 0x3, 0xff, 0x84, 0xc0, 0x13, 0x0, 0x7f,
    0xf0, 0x45, 0x80, 0x16, 0x1, 0xff, 0xc2, 0xa0,
    0x1, 0x20, 0x7, 0xff, 0x4, 0xcc, 0x0, 0xe0,
    0xf, 0xfe, 0x14, 0x80, 0x14, 0x40, 0x3f, 0xf8,
    0x2b, 0xff, 0x8, 0x7, 0xff, 0x7f, 0xff, 0x58,
    0x7, 0xcd, 0xff, 0x90, 0x3, 0xff, 0xfe, 0x1,
    0xff, 0xfd, 0x70, 0xf, 0x84, 0x3, 0xf8, 0x80,
    0x3e, 0xf0, 0xe, 0x10, 0x8, 0x44, 0x1, 0xe2,
    0x0, 0xe2, 0x0, 0xd2, 0x1, 0xc4, 0xa0, 0x1c,
    0x80, 0x19, 0xdc, 0x1, 0x27, 0x80, 0x7a, 0xc0,
    0x3a, 0x3f, 0xbe, 0xc8, 0x3, 0xc6, 0x80, 0x1e,
    0x10, 0xf, 0xf5, 0x8, 0x7, 0xf1, 0x88, 0x7,
    0xf, 0xa8, 0x7, 0xd1, 0x86, 0x1, 0xe1, 0xae,
    0xa8, 0x84, 0xdf, 0xb8, 0x6f, 0xfc, 0x80,

    /* U+00FA "ú" */
    0x0, 0xfe, 0x6a, 0xa4, 0x80, 0x7f, 0xf0, 0xa1,
    0x55, 0xc0, 0x1f, 0xfc, 0x16, 0x10, 0x3, 0x0,
    0x7f, 0xf0, 0x68, 0x0, 0xa2, 0x1, 0xff, 0xc0,
    0x33, 0x0, 0x24, 0x3, 0xff, 0x83, 0x20, 0x3,
    0x30, 0x7, 0xff, 0x0, 0x54, 0x1, 0x20, 0x1f,
    0xfc, 0x11, 0xff, 0x94, 0x3, 0xff, 0xbf, 0xff,
    0xac, 0x3, 0xe6, 0xff, 0xc8, 0x1, 0xff, 0xff,
    0x0, 0xff, 0xfe, 0xb8, 0x7, 0xc2, 0x1, 0xfc,
    0x40, 0x1f, 0x78, 0x7, 0x8, 0x4, 0x22, 0x0,
    0xf1, 0x0, 0x71, 0x0, 0x69, 0x0, 0xe2, 0x50,
    0xe, 0x40, 0xc, 0xee, 0x0, 0x93, 0xc0, 0x3d,
    0x60, 0x1d, 0x1f, 0xdf, 0x64, 0x1, 0xe3, 0x40,
    0xf, 0x8, 0x7, 0xfa, 0x84, 0x3, 0xf8, 0xc4,
    0x3, 0x87, 0xd4, 0x3, 0xe8, 0xc3, 0x0, 0xf0,
    0xd7, 0x54, 0x42, 0x6f, 0xdc, 0x37, 0xfe, 0x40,

    /* U+00FB "û" */
    0x0, 0xf5, 0xff, 0xda, 0x1, 0xff, 0xc0, 0x84,
    0x0, 0x8a, 0xc0, 0x3f, 0xca, 0xe0, 0x1c, 0x90,
    0x1, 0xf8, 0xe8, 0x0, 0x3c, 0x60, 0x7, 0x50,
    0xf, 0xe, 0x80, 0x5a, 0x3a, 0x20, 0xa, 0x30,
    0xe, 0xd1, 0x0, 0x49, 0x80, 0xd0, 0x5, 0xa2,
    0x1, 0xb3, 0xfe, 0x60, 0x9, 0x3f, 0xee, 0x10,
    0xf, 0xfe, 0xd7, 0xfe, 0xb0, 0xf, 0x9b, 0xff,
    0x20, 0x7, 0xff, 0xfc, 0x3, 0xff, 0xfa, 0xe0,
    0x1f, 0x8, 0x7, 0xf1, 0x0, 0x7d, 0xe0, 0x1c,
    0x20, 0x10, 0x88, 0x3, 0xc4, 0x1, 0xc4, 0x1,
    0xa4, 0x3, 0x89, 0x40, 0x39, 0x0, 0x33, 0xb8,
    0x2, 0x4f, 0x0, 0xf5, 0x80, 0x74, 0x7f, 0x7d,
    0x90, 0x7, 0x8d, 0x0, 0x3c, 0x20, 0x1f, 0xea,
    0x10, 0xf, 0xe3, 0x10, 0xe, 0x1f, 0x50, 0xf,
    0xa3, 0xc, 0x3, 0xc3, 0x5d, 0x51, 0x9, 0xbf,
    0x70, 0xdf, 0xf9, 0x0,

    /* U+00FC "ü" */
    0x0, 0x84, 0x70, 0x4, 0x23, 0x80, 0x3e, 0xee,
    0xc2, 0x0, 0xde, 0xe9, 0x0, 0x3f, 0xfe, 0x1f,
    0xf8, 0x40, 0x19, 0xff, 0x20, 0x7, 0xff, 0x6f,
    0xff, 0x58, 0x7, 0xcd, 0xff, 0x90, 0x3, 0xff,
    0xfe, 0x1, 0xff, 0xfd, 0x70, 0xf, 0x84, 0x3,
    0xf8, 0x80, 0x3e, 0xf0, 0xe, 0x10, 0x8, 0x44,
    0x1, 0xe2, 0x0, 0xe2, 0x0, 0xd2, 0x1, 0xc4,
    0xa0, 0x1c, 0x80, 0x19, 0xdc, 0x1, 0x27, 0x80,
    0x7a, 0xc0, 0x3a, 0x3f, 0xbe, 0xc8, 0x3, 0xc6,
    0x80, 0x1e, 0x10, 0xf, 0xf5, 0x8, 0x7, 0xf1,
    0x88, 0x7, 0xf, 0xa8, 0x7, 0xd1, 0x86, 0x1,
    0xe1, 0xae, 0xa8, 0x84, 0xdf, 0xb8, 0x6f, 0xfc,
    0x80,

    /* U+00FD "ý" */
    0x0, 0xff, 0x17, 0xfc, 0x80, 0x1f, 0xfc, 0x3a,
    0x0, 0x12, 0x0, 0x7f, 0xf0, 0xd8, 0x1, 0x40,
    0x1f, 0xfc, 0x36, 0x10, 0x3, 0x0, 0x7f, 0xf0,
    0xec, 0x0, 0xc2, 0x1, 0xff, 0xc2, 0x32, 0x0,
    0x50, 0x7, 0xff, 0xd, 0x56, 0x63, 0x0, 0xff,
    0xe1, 0xb5, 0x52, 0x40, 0x3f, 0xfc, 0x8f, 0xff,
    0x94, 0x3, 0xf3, 0xff, 0xe2, 0x60, 0xd, 0xc0,
    0x1f, 0xa8, 0x2, 0x32, 0x16, 0x0, 0x90, 0x80,
    0x3c, 0x64, 0x1, 0x50, 0x2, 0x80, 0x35, 0x0,
    0x7a, 0x80, 0x33, 0x0, 0xc, 0xc0, 0x13, 0x0,
    0x79, 0x80, 0x26, 0x0, 0xd4, 0x1, 0xa, 0x0,
    0x66, 0x0, 0xd6, 0x1, 0x98, 0x40, 0x2f, 0x0,
    0xd4, 0x1, 0x19, 0x0, 0x73, 0x0, 0x48, 0x20,
    0x2, 0x30, 0xa, 0x80, 0x3d, 0x40, 0x19, 0x80,
    0x16, 0x1, 0x98, 0x3, 0xc4, 0x80, 0x15, 0x0,
    0x1c, 0x2, 0x60, 0xf, 0xde, 0x1, 0x12, 0x28,
    0x80, 0x54, 0x1, 0xf9, 0x4, 0x2, 0xee, 0x0,
    0x46, 0x60, 0xf, 0xe9, 0x0, 0x95, 0x0, 0x2a,
    0x0, 0xff, 0x30, 0x7, 0xe6, 0x0, 0xff, 0xa,
    0x80, 0x79, 0x80, 0x3f, 0xf8, 0x12, 0x1, 0xea,
    0x0, 0xff, 0xe0, 0x19, 0x0, 0x63, 0x30, 0x7,
    0xff, 0x6, 0xc0, 0x35, 0x0, 0x7f, 0xf0, 0xb8,
    0x3, 0x30, 0x7, 0xff, 0x9, 0x40, 0x26, 0x0,
    0xff, 0xe1, 0x19, 0x0, 0x54, 0x1, 0xff, 0xc2,
    0xa0, 0x8, 0xcc, 0x1, 0xff, 0xc2, 0x60, 0xa,
    0x80, 0x3f, 0xf8, 0x4a, 0x1, 0x98, 0x3, 0xff,
    0x85, 0xc0, 0x13, 0x0, 0x7f, 0xf0, 0x85, 0x0,
    0x2a, 0x0, 0xff, 0x0,

    /* U+00FE "þ" */
    0xaf, 0xfc, 0x1, 0xff, 0xff, 0x0, 0xff, 0xeb,
    0xa, 0xbb, 0x98, 0xc0, 0x3c, 0xc0, 0x1a, 0xfa,
    0xa2, 0x13, 0x9c, 0xc0, 0x1f, 0xc8, 0x1, 0xe1,
    0x9b, 0x0, 0xff, 0xe2, 0xa5, 0x80, 0x1c, 0x3,
    0xc4, 0x84, 0x1, 0xc8, 0xc0, 0x20, 0x18, 0xb7,
    0x57, 0xba, 0x20, 0xd, 0x0, 0x1e, 0xe2, 0x0,
    0x8b, 0x4, 0x2, 0x15, 0x0, 0xc6, 0x60, 0xe,
    0x19, 0x0, 0xd8, 0x1, 0x90, 0x3, 0xe4, 0x0,
    0xca, 0x1, 0xff, 0xc0, 0x20, 0xc, 0x20, 0x1f,
    0xfd, 0x22, 0x0, 0xc2, 0x1, 0x8c, 0x3, 0xe4,
    0x0, 0xca, 0x1, 0x90, 0x80, 0x3d, 0x40, 0x1b,
    0x0, 0x3b, 0xc8, 0x2, 0x1b, 0x20, 0x8, 0x54,
    0x3, 0x8b, 0x72, 0xaf, 0x90, 0x3, 0x40, 0x7,
    0xe3, 0x54, 0x0, 0xe4, 0x60, 0xf, 0xfe, 0x1a,
    0x58, 0x7, 0xca, 0x1, 0xe1, 0x8b, 0x0, 0xfd,
    0x5d, 0x51, 0x9, 0xbe, 0x70, 0xf, 0xf0, 0xab,
    0xb9, 0x90, 0x3, 0xff, 0xfe, 0x1, 0xff, 0xdb,

    /* U+00FF "ÿ" */
    0x0, 0xc2, 0x38, 0x3, 0x8, 0xe0, 0xf, 0xd5,
    0xdd, 0x28, 0x2, 0x3b, 0xa8, 0x0, 0xff, 0xfc,
    0x5f, 0xfc, 0xa0, 0x8, 0xff, 0xa4, 0x3, 0xff,
    0xc0, 0xff, 0xf9, 0x40, 0x3f, 0x3f, 0xfe, 0x26,
    0x0, 0xdc, 0x1, 0xfa, 0x80, 0x23, 0x21, 0x60,
    0x9, 0x8, 0x3, 0xc6, 0x40, 0x15, 0x0, 0x28,
    0x3, 0x50, 0x7, 0xa8, 0x3, 0x30, 0x0, 0xcc,
    0x1, 0x30, 0x7, 0x98, 0x2, 0x60, 0xd, 0x40,
    0x10, 0xa0, 0x6, 0x60, 0xd, 0x60, 0x19, 0x84,
    0x2, 0xf0, 0xd, 0x40, 0x11, 0x90, 0x7, 0x30,
    0x4, 0x82, 0x0, 0x23, 0x0, 0xa8, 0x3, 0xd4,
    0x1, 0x98, 0x1, 0x60, 0x19, 0x80, 0x3c, 0x48,
    0x1, 0x50, 0x1, 0xc0, 0x26, 0x0, 0xfd, 0xe0,
    0x11, 0x22, 0x88, 0x5, 0x40, 0x1f, 0x90, 0x40,
    0x2e, 0xe0, 0x4, 0x66, 0x0, 0xfe, 0x90, 0x9,
    0x50, 0x2, 0xa0, 0xf, 0xf3, 0x0, 0x7e, 0x60,
    0xf, 0xf0, 0xa8, 0x7, 0x98, 0x3, 0xff, 0x81,
    0x20, 0x1e, 0xa0, 0xf, 0xfe, 0x1, 0x90, 0x6,
    0x33, 0x0, 0x7f, 0xf0, 0x6c, 0x3, 0x50, 0x7,
    0xff, 0xb, 0x80, 0x33, 0x0, 0x7f, 0xf0, 0x94,
    0x2, 0x60, 0xf, 0xfe, 0x11, 0x90, 0x5, 0x40,
    0x1f, 0xfc, 0x2a, 0x0, 0x8c, 0xc0, 0x1f, 0xfc,
    0x26, 0x0, 0xa8, 0x3, 0xff, 0x84, 0xa0, 0x19,
    0x80, 0x3f, 0xf8, 0x5c, 0x1, 0x30, 0x7, 0xff,
    0x8, 0x50, 0x2, 0xa0, 0xf, 0xf0,

    /* U+0100 "Ā" */
    0x0, 0xfa, 0x67, 0xf8, 0x80, 0x3f, 0xf8, 0x2c,
    0xdf, 0xe0, 0xf, 0xff, 0x7f, 0xff, 0xf2, 0x0,
    0x7f, 0xff, 0xc0, 0x3f, 0x7f, 0xfc, 0x60, 0x1f,
    0xfc, 0x24, 0x0, 0xfa, 0xc0, 0x3f, 0xf8, 0x5a,
    0x1, 0xf2, 0x80, 0x7f, 0xf0, 0x9c, 0x3, 0xe2,
    0x10, 0xf, 0xfe, 0x1, 0x88, 0x4, 0x20, 0x19,
    0xc0, 0x3f, 0xf8, 0x8, 0x1, 0xa0, 0x3, 0x68,
    0x7, 0xff, 0x2, 0xc0, 0x33, 0x10, 0x4, 0x80,
    0x1f, 0xf0, 0x98, 0x4, 0xa0, 0xa0, 0x19, 0x0,
    0x3f, 0xce, 0x1, 0xbc, 0x2c, 0x3, 0x68, 0x7,
    0xfb, 0x0, 0x32, 0x1, 0x88, 0x4, 0xe0, 0x1f,
    0xe5, 0x0, 0x8c, 0x40, 0xe, 0x1, 0x9, 0x80,
    0x7e, 0x40, 0xd, 0x60, 0x16, 0x80, 0x6b, 0x0,
    0xfd, 0xa0, 0x19, 0x40, 0x24, 0x0, 0xc8, 0x1,
    0xf9, 0xc0, 0x22, 0x20, 0x6, 0x40, 0x8, 0xc4,
    0x3, 0xc4, 0x20, 0x12, 0x0, 0x76, 0x80, 0x67,
    0x0, 0xf2, 0x80, 0x61, 0x55, 0xe1, 0x0, 0xda,
    0x1, 0xeb, 0x0, 0xcf, 0x55, 0xd0, 0x1, 0x90,
    0x3, 0x84, 0xc0, 0x3f, 0xf8, 0x88, 0x1, 0x90,
    0x3, 0xff, 0x8b, 0xa0, 0x1b, 0xc0, 0x3f, 0xf8,
    0xae, 0x1, 0x94, 0x2, 0x3f, 0xff, 0xe6, 0x0,
    0x84, 0xc0, 0x8, 0x1, 0xac, 0x3, 0xfb, 0x40,
    0x35, 0x80, 0x34, 0x3, 0x28, 0x7, 0xf2, 0x0,
    0x64, 0x0, 0x20, 0x4, 0x24, 0x1, 0xfe, 0x50,
    0x8, 0xc4, 0x88, 0x1, 0x38, 0x7, 0xfd, 0xe0,
    0x19, 0xc0,

    /* U+0101 "ā" */
    0x0, 0xef, 0xff, 0xe3, 0x0, 0xff, 0xee, 0xbb,
    0xff, 0x10, 0x7, 0xd1, 0x1f, 0xc2, 0x1, 0xff,
    0xde, 0x46, 0x77, 0x31, 0x80, 0x7e, 0x19, 0xfb,
    0x98, 0x84, 0xe7, 0xc8, 0x80, 0x62, 0xf6, 0x0,
    0xfc, 0xde, 0x40, 0x16, 0x8, 0x7, 0xf8, 0x7c,
    0x1, 0x2, 0x1, 0xc6, 0x60, 0xe, 0x25, 0x3,
    0x0, 0xd5, 0xf9, 0x8f, 0x60, 0xd, 0xe1, 0x7d,
    0x29, 0x4a, 0x1, 0xa4, 0x40, 0x21, 0x0, 0xb,
    0x5a, 0x81, 0x23, 0xce, 0x8, 0x4, 0xe0, 0x19,
    0xab, 0xb6, 0xe1, 0x8c, 0x3, 0xe6, 0xe9, 0x51,
    0x0, 0xff, 0x9e, 0x44, 0x3, 0xe2, 0x0, 0xe2,
    0x80, 0xe, 0x59, 0xcf, 0xd2, 0x0, 0xca, 0x1,
    0x9b, 0xe9, 0x8c, 0x0, 0x40, 0x1b, 0x80, 0x34,
    0x80, 0x72, 0x80, 0x7f, 0xf0, 0xce, 0xc0, 0x3b,
    0x80, 0x36, 0x21, 0x24, 0xe0, 0x80, 0x73, 0x0,
    0x63, 0xbd, 0xb6, 0x0, 0xf8, 0x64, 0x3, 0xf8,
    0xa4, 0x3, 0x9a, 0x84, 0x3, 0xcd, 0x84, 0x1,
    0xe5, 0xeb, 0x98, 0x85, 0xf4, 0x8a, 0x7f, 0xd8,

    /* U+0102 "Ă" */
    0x0, 0xf6, 0x7f, 0xb8, 0x2, 0x9f, 0xf8, 0x3,
    0xff, 0x80, 0xa0, 0x1, 0x70, 0x46, 0x0, 0x10,
    0x7, 0xff, 0x2, 0x80, 0x28, 0xfb, 0x0, 0xa8,
    0x3, 0xff, 0x80, 0x6e, 0x1, 0xf1, 0xb8, 0x7,
    0xff, 0x6, 0x1c, 0x3, 0x93, 0x40, 0x3f, 0xf8,
    0x71, 0xb0, 0xcf, 0x96, 0x20, 0x1f, 0xfc, 0x42,
    0x79, 0x83, 0x0, 0xff, 0xe2, 0xff, 0xfc, 0x60,
    0x1f, 0xfc, 0x24, 0x0, 0xfa, 0xc0, 0x3f, 0xf8,
    0x5a, 0x1, 0xf2, 0x80, 0x7f, 0xf0, 0x9c, 0x3,
    0xe2, 0x10, 0xf, 0xfe, 0x1, 0x88, 0x4, 0x20,
    0x19, 0xc0, 0x3f, 0xf8, 0x8, 0x1, 0xa0, 0x3,
    0x68, 0x7, 0xff, 0x2, 0xc0, 0x33, 0x10, 0x4,
    0x80, 0x1f, 0xf0, 0x98, 0x4, 0xa0, 0xa0, 0x19,
    0x0, 0x3f, 0xce, 0x1, 0xbc, 0x2c, 0x3, 0x68,
    0x7, 0xfb, 0x0, 0x32, 0x1, 0x88, 0x4, 0xe0,
    0x1f, 0xe5, 0x0, 0x8c, 0x40, 0xe, 0x1, 0x9,
    0x80, 0x7e, 0x40, 0xd, 0x60, 0x16, 0x80, 0x6b,
    0x0, 0xfd, 0xa0, 0x19, 0x40, 0x24, 0x0, 0xc8,
    0x1, 0xf9, 0xc0, 0x22, 0x20, 0x6, 0x40, 0x8,
    0xc4, 0x3, 0xc4, 0x20, 0x12, 0x0, 0x76, 0x80,
    0x67, 0x0, 0xf2, 0x80, 0x61, 0x55, 0xe1, 0x0,
    0xda, 0x1, 0xeb, 0x0, 0xcf, 0x55, 0xd0, 0x1,
    0x90, 0x3, 0x84, 0xc0, 0x3f, 0xf8, 0x88, 0x1,
    0x90, 0x3, 0xff, 0x8b, 0xa0, 0x1b, 0xc0, 0x3f,
    0xf8, 0xae, 0x1, 0x94, 0x2, 0x3f, 0xff, 0xe6,
    0x0, 0x84, 0xc0, 0x8, 0x1, 0xac, 0x3, 0xfb,
    0x40, 0x35, 0x80, 0x34, 0x3, 0x28, 0x7, 0xf2,
    0x0, 0x64, 0x0, 0x20, 0x4, 0x24, 0x1, 0xfe,
    0x50, 0x8, 0xc4, 0x88, 0x1, 0x38, 0x7, 0xfd,
    0xe0, 0x19, 0xc0,

    /* U+0103 "ă" */
    0x0, 0x93, 0xfe, 0x40, 0x1, 0x7f, 0xcc, 0x1,
    0xcc, 0x1, 0x41, 0xc, 0x80, 0x44, 0x1, 0xc4,
    0x60, 0x3, 0xde, 0x40, 0x0, 0xa0, 0x7, 0xb8,
    0x3, 0xf5, 0x0, 0x7c, 0x58, 0x20, 0x18, 0x69,
    0x0, 0x3f, 0x1f, 0x53, 0xb4, 0xfa, 0x80, 0x7f,
    0xcb, 0x12, 0xc2, 0x1, 0xff, 0x23, 0x3b, 0x98,
    0xc0, 0x3f, 0xc, 0xfd, 0xcc, 0x42, 0x73, 0xe4,
    0x40, 0x31, 0x7b, 0x0, 0x7e, 0x6f, 0x20, 0xb,
    0x4, 0x3, 0xfc, 0x3e, 0x0, 0x81, 0x0, 0xe3,
    0x30, 0x7, 0x12, 0x81, 0x80, 0x6a, 0xfc, 0xc7,
    0xb0, 0x6, 0xf0, 0xbe, 0x94, 0xa5, 0x0, 0xd2,
    0x20, 0x10, 0x80, 0x5, 0xad, 0x40, 0x91, 0xe7,
    0x4, 0x2, 0x70, 0xc, 0xd5, 0xdb, 0x70, 0xc6,
    0x1, 0xf3, 0x74, 0xa8, 0x80, 0x7f, 0xcf, 0x22,
    0x1, 0xf1, 0x0, 0x71, 0x40, 0x7, 0x2c, 0xe7,
    0xe9, 0x0, 0x65, 0x0, 0xcd, 0xf4, 0xc6, 0x0,
    0x20, 0xd, 0xc0, 0x1a, 0x40, 0x39, 0x40, 0x3f,
    0xf8, 0x67, 0x60, 0x1d, 0xc0, 0x1b, 0x10, 0x92,
    0x70, 0x40, 0x39, 0x80, 0x31, 0xde, 0xdb, 0x0,
    0x7c, 0x32, 0x1, 0xfc, 0x52, 0x1, 0xcd, 0x42,
    0x1, 0xe6, 0xc2, 0x0, 0xf2, 0xf5, 0xcc, 0x42,
    0xfa, 0x45, 0x3f, 0xec,

    /* U+0104 "Ą" */
    0x0, 0xfd, 0xff, 0xf1, 0x80, 0x7f, 0xf0, 0x90,
    0x3, 0xeb, 0x0, 0xff, 0xe1, 0x68, 0x7, 0xca,
    0x1, 0xff, 0xc2, 0x70, 0xf, 0x88, 0x40, 0x3f,
    0xf8, 0x6, 0x20, 0x10, 0x80, 0x67, 0x0, 0xff,
    0xe0, 0x20, 0x6, 0xb0, 0xd, 0xa0, 0x1f, 0xfc,
    0xb, 0x0, 0x85, 0x4c, 0x2, 0x40, 0xf, 0xf8,
    0x4c, 0x2, 0x40, 0xb0, 0xc, 0x80, 0x1f, 0xe7,
    0x0, 0xde, 0xa, 0x1, 0xb4, 0x3, 0xfd, 0x80,
    0x19, 0x40, 0x84, 0x2, 0x70, 0xf, 0xf2, 0x80,
    0x48, 0x1, 0x38, 0x4, 0x26, 0x1, 0xf9, 0x0,
    0x36, 0x0, 0x5a, 0x1, 0xac, 0x3, 0xf6, 0x80,
    0x65, 0x0, 0x90, 0x3, 0x20, 0x7, 0xe7, 0x0,
    0x88, 0x80, 0x19, 0x40, 0x23, 0x10, 0xf, 0x10,
    0x80, 0x4a, 0x1, 0xd8, 0x1, 0x9c, 0x3, 0xca,
    0x1, 0x9f, 0xff, 0xa4, 0x3, 0x68, 0x7, 0xac,
    0x3, 0xff, 0x86, 0x80, 0x1c, 0x26, 0x1, 0xff,
    0xc4, 0x40, 0xc, 0x80, 0x1f, 0xfc, 0x5d, 0x0,
    0xde, 0x1, 0xa6, 0xab, 0xf0, 0x80, 0x4e, 0x1,
    0x94, 0x2, 0x36, 0x55, 0xfc, 0xe0, 0x10, 0x98,
    0x1, 0x0, 0x35, 0x80, 0x7f, 0x68, 0x6, 0xb0,
    0x6, 0x80, 0x65, 0x0, 0xfe, 0x40, 0xc, 0x80,
    0x4, 0x0, 0x84, 0x80, 0x3f, 0xca, 0x1, 0x18,
    0x91, 0x0, 0x27, 0x0, 0xff, 0x88, 0x3, 0x39,
    0x7f, 0xe9, 0x0, 0xff, 0x23, 0x80, 0x4c, 0xe0,
    0x1f, 0xfc, 0x4a, 0x0, 0xaa, 0x44, 0x3, 0xff,
    0x86, 0xc2, 0x0, 0x95, 0x0, 0xff, 0xe2, 0xe0,
    0x0, 0x98, 0x3, 0xff, 0x8c, 0x20, 0x2, 0x7a,
    0x20, 0xf, 0xfe, 0x26, 0x0, 0x50, 0xbe, 0x1,
    0xff, 0xc4, 0x72, 0x0, 0xc4, 0x60, 0x1f, 0xfc,
    0x4c, 0x50, 0x2, 0x69, 0x80,

    /* U+0105 "ą" */
    0x0, 0xf2, 0x33, 0xb9, 0x8c, 0x3, 0xf0, 0xcf,
    0xdc, 0xc4, 0x27, 0x3e, 0x44, 0x3, 0x17, 0xb0,
    0x7, 0xe6, 0xf2, 0x0, 0xb0, 0x40, 0x3f, 0xc3,
    0xe0, 0x8, 0x10, 0xe, 0x33, 0x0, 0x71, 0x28,
    0x18, 0x6, 0xaf, 0xcc, 0x7b, 0x0, 0x6f, 0xb,
    0xe9, 0x4a, 0x50, 0xd, 0x22, 0x1, 0x8, 0x0,
    0x5a, 0xd4, 0x9, 0x1e, 0x70, 0x40, 0x27, 0x0,
    0xcd, 0x5d, 0xb7, 0xc, 0x60, 0x1f, 0x37, 0x4a,
    0x88, 0x7, 0xfc, 0xf2, 0x20, 0x1f, 0x10, 0x7,
    0x14, 0x0, 0x72, 0xce, 0x7e, 0x90, 0x6, 0x50,
    0xc, 0xdf, 0x4c, 0x60, 0x2, 0x0, 0xdc, 0x1,
    0xa4, 0x3, 0x94, 0x3, 0xff, 0x86, 0x76, 0x1,
    0xdc, 0x1, 0xb1, 0x9, 0x27, 0x4, 0x3, 0x98,
    0x3, 0x1d, 0xed, 0xb0, 0x7, 0xc3, 0x20, 0x1f,
    0xc5, 0x20, 0x1c, 0xd4, 0x20, 0x1e, 0x6e, 0xb0,
    0xf, 0x2f, 0x5c, 0xc4, 0x2f, 0xa3, 0x88, 0x0,
    0x7c, 0x1, 0x91, 0x9d, 0xc8, 0x36, 0x40, 0x7,
    0xc2, 0x0, 0xfe, 0x25, 0x0, 0x2c, 0x0, 0x7f,
    0xc8, 0x1, 0x58, 0x7, 0xff, 0x0, 0x40, 0x28,
    0x82, 0x80, 0x7f, 0x8c, 0x2, 0x67, 0xa2, 0x0,
    0xfe, 0x44, 0x0, 0x72, 0x0, 0x7f, 0xad, 0xc4,
    0xe, 0xd8,

    /* U+0106 "Ć" */
    0x0, 0xff, 0xe0, 0xe7, 0xfa, 0x80, 0x3f, 0xf8,
    0xc6, 0x60, 0x4, 0x80, 0x7f, 0xf1, 0xa8, 0x0,
    0x66, 0x0, 0xff, 0xe2, 0x8b, 0x0, 0x28, 0x3,
    0xff, 0x8c, 0xc0, 0x1, 0x60, 0xf, 0xfe, 0x34,
    0x80, 0x18, 0x3, 0xff, 0x8c, 0x48, 0xaa, 0xa0,
    0xf, 0xfe, 0x31, 0x55, 0x44, 0x1, 0xff, 0xc4,
    0x14, 0x67, 0x73, 0x20, 0x7, 0xff, 0x9, 0x73,
    0xae, 0x62, 0x13, 0x7f, 0x68, 0x1, 0xfc, 0x59,
    0x46, 0x1, 0xf9, 0x2e, 0xc2, 0x1, 0xe4, 0xd3,
    0x0, 0xff, 0xe0, 0x26, 0x10, 0x6, 0x2b, 0x0,
    0xf8, 0x44, 0x1, 0xe2, 0xf1, 0x0, 0xbc, 0x3,
    0x97, 0x3f, 0xb9, 0xf6, 0x60, 0x18, 0xac, 0x0,
    0xe4, 0x1, 0xa6, 0x8c, 0x3, 0x26, 0x38, 0x6,
    0x53, 0x9, 0x0, 0xd0, 0xc0, 0x1f, 0xa1, 0x0,
    0x34, 0xa0, 0x80, 0x44, 0xe0, 0x1f, 0xe9, 0x0,
    0x8f, 0x70, 0x3, 0x50, 0x7, 0xfc, 0x51, 0x5d,
    0x8e, 0x60, 0x19, 0x0, 0x3f, 0xf8, 0xe, 0xa2,
    0x0, 0x50, 0xc, 0x60, 0x1f, 0xfc, 0x51, 0x0,
    0x84, 0x3, 0xff, 0xe8, 0x40, 0x10, 0x80, 0x7f,
    0xf1, 0x98, 0x3, 0x18, 0x7, 0xff, 0x14, 0xc0,
    0x32, 0x0, 0x7f, 0xf0, 0x1d, 0x84, 0x1, 0x80,
    0x1a, 0x80, 0x3f, 0xe2, 0x89, 0xec, 0x74, 0x10,
    0x8, 0x9c, 0x3, 0xfd, 0x20, 0x11, 0xe8, 0x48,
    0x6, 0x86, 0x0, 0xfd, 0x8, 0x1, 0xa4, 0x1c,
    0x80, 0x34, 0xd1, 0x80, 0x65, 0xc7, 0x0, 0xca,
    0x60, 0xf, 0x0, 0xe5, 0xcf, 0xee, 0x7d, 0x18,
    0x6, 0x2b, 0x0, 0x8a, 0xc0, 0x3e, 0x11, 0x0,
    0x78, 0xbc, 0x40, 0x32, 0x69, 0x80, 0x7f, 0xf0,
    0x13, 0x8, 0x3, 0xc5, 0x94, 0x60, 0x1f, 0x92,
    0xec, 0x20, 0x1f, 0xcb, 0x9d, 0x73, 0x10, 0x9b,
    0xfb, 0x40, 0xe,

    /* U+0107 "ć" */
    0x0, 0xff, 0x2d, 0x52, 0x40, 0x3f, 0xf8, 0x56,
    0xaa, 0x10, 0xf, 0xfe, 0xa, 0x88, 0x2, 0x80,
    0x3f, 0xf8, 0x32, 0x0, 0x42, 0x0, 0xff, 0xe0,
    0x11, 0x80, 0x3c, 0x3, 0xff, 0x83, 0x60, 0x2,
    0x40, 0xf, 0xfe, 0x0, 0xb0, 0x2, 0xc0, 0x3f,
    0xf8, 0x23, 0xff, 0x30, 0x7, 0xff, 0x48, 0x55,
    0xde, 0x51, 0x0, 0xfe, 0x2a, 0xea, 0x88, 0xab,
    0xac, 0xc0, 0x3c, 0xda, 0xa0, 0x1f, 0x26, 0x30,
    0x6, 0x69, 0x0, 0xff, 0xa5, 0x80, 0x5, 0x20,
    0x1e, 0x10, 0xf, 0x48, 0x84, 0x80, 0x61, 0xbf,
    0xef, 0x80, 0xe, 0x61, 0x40, 0xd, 0xa8, 0x1,
    0x3c, 0x0, 0x43, 0xe8, 0x1, 0x94, 0xc0, 0x39,
    0xd6, 0x77, 0xa3, 0x40, 0x36, 0x0, 0x7d, 0x4c,
    0x40, 0x2, 0x0, 0xc4, 0x1, 0xff, 0xd2, 0x20,
    0xc, 0x40, 0x1f, 0xfc, 0xe, 0x0, 0xd8, 0x1,
    0xf3, 0x18, 0x4, 0xe0, 0x19, 0x4c, 0x3, 0x96,
    0x73, 0xf1, 0xc5, 0x0, 0x36, 0xa0, 0x4, 0xb4,
    0x1, 0x18, 0x2, 0x40, 0x30, 0xdf, 0x6f, 0xd0,
    0x6, 0x17, 0x2, 0x80, 0xe, 0x12, 0x0, 0xf5,
    0x80, 0x4f, 0x0, 0x1f, 0xf4, 0xa8, 0x6, 0x7c,
    0x40, 0xf, 0x93, 0x58, 0x3, 0xc7, 0x7d, 0x51,
    0x15, 0x75, 0x90, 0x4,

    /* U+0108 "Ĉ" */
    0x0, 0xfe, 0x8f, 0xfc, 0x40, 0x1f, 0xfc, 0x45,
    0x70, 0xd, 0xe2, 0x1, 0xff, 0xc2, 0x2a, 0x0,
    0xe2, 0xa0, 0xf, 0xfe, 0x8, 0xf8, 0x5, 0x8c,
    0x0, 0x49, 0x0, 0xff, 0xe0, 0x51, 0x0, 0x20,
    0xe4, 0xc0, 0xc, 0xc0, 0xf, 0xf4, 0xa0, 0x1,
    0x5c, 0x1, 0xa2, 0x0, 0x93, 0x0, 0xfe, 0x9f,
    0xfa, 0x80, 0x21, 0xef, 0xf8, 0xc0, 0x3f, 0xf8,
    0x2, 0x8c, 0xee, 0x64, 0x0, 0xff, 0xe1, 0x2e,
    0x75, 0xcc, 0x42, 0x6f, 0xed, 0x0, 0x3f, 0x8b,
    0x28, 0xc0, 0x3f, 0x25, 0xd8, 0x40, 0x3c, 0x9a,
    0x60, 0x1f, 0xfc, 0x4, 0xc2, 0x0, 0xc5, 0x60,
    0x1f, 0x8, 0x80, 0x3c, 0x5e, 0x20, 0x17, 0x80,
    0x72, 0xe7, 0xf7, 0x3e, 0xcc, 0x3, 0x15, 0x80,
    0x1c, 0x80, 0x34, 0xd1, 0x80, 0x64, 0xc7, 0x0,
    0xca, 0x61, 0x20, 0x1a, 0x18, 0x3, 0xf4, 0x20,
    0x6, 0x94, 0x10, 0x8, 0x9c, 0x3, 0xfd, 0x20,
    0x11, 0xee, 0x0, 0x6a, 0x0, 0xff, 0x8a, 0x2b,
    0xb1, 0xcc, 0x3, 0x20, 0x7, 0xff, 0x1, 0xd4,
    0x40, 0xa, 0x1, 0x8c, 0x3, 0xff, 0x8a, 0x20,
    0x10, 0x80, 0x7f, 0xfd, 0x8, 0x2, 0x10, 0xf,
    0xfe, 0x33, 0x0, 0x63, 0x0, 0xff, 0xe2, 0x98,
    0x6, 0x40, 0xf, 0xfe, 0x3, 0xb0, 0x80, 0x30,
    0x3, 0x50, 0x7, 0xfc, 0x51, 0x3d, 0x8e, 0x82,
    0x1, 0x13, 0x80, 0x7f, 0xa4, 0x2, 0x3d, 0x9,
    0x0, 0xd0, 0xc0, 0x1f, 0xa1, 0x0, 0x34, 0x83,
    0x90, 0x6, 0x9a, 0x30, 0xc, 0xb8, 0xe0, 0x19,
    0x4c, 0x1, 0xe0, 0x1c, 0xb9, 0xfd, 0xcf, 0xa3,
    0x0, 0xc5, 0x60, 0x11, 0x58, 0x7, 0xc2, 0x20,
    0xf, 0x17, 0x88, 0x6, 0x4d, 0x30, 0xf, 0xfe,
    0x2, 0x61, 0x0, 0x78, 0xb2, 0x8c, 0x3, 0xf2,
    0x5d, 0x84, 0x3, 0xf9, 0x73, 0xae, 0x62, 0x13,
    0x7f, 0x68, 0x1, 0xc0,

    /* U+0109 "ĉ" */
    0x0, 0xf9, 0x22, 0x25, 0x0, 0xff, 0xe0, 0x1d,
    0xbb, 0xd4, 0xc0, 0x1f, 0xe2, 0xd0, 0xe, 0x94,
    0x0, 0xfc, 0x3e, 0x20, 0xb, 0x10, 0x5, 0x98,
    0x7, 0xda, 0x40, 0xa, 0x4c, 0x0, 0xb4, 0x80,
    0x3a, 0xcc, 0x1, 0xa, 0x5, 0x60, 0x1, 0xf1,
    0x0, 0xd7, 0xff, 0x38, 0x4, 0x9f, 0xf6, 0x88,
    0x7, 0xff, 0x34, 0x55, 0xde, 0x51, 0x0, 0xfe,
    0x2a, 0xea, 0x88, 0xab, 0xac, 0xc0, 0x3c, 0xda,
    0xa0, 0x1f, 0x26, 0x30, 0x6, 0x69, 0x0, 0xff,
    0xa5, 0x80, 0x5, 0x20, 0x1e, 0x10, 0xf, 0x48,
    0x84, 0x80, 0x61, 0xbf, 0xef, 0x80, 0xe, 0x61,
    0x40, 0xd, 0xa8, 0x1, 0x3c, 0x0, 0x43, 0xe8,
    0x1, 0x94, 0xc0, 0x39, 0xd6, 0x77, 0xa3, 0x40,
    0x36, 0x0, 0x7d, 0x4c, 0x40, 0x2, 0x0, 0xc4,
    0x1, 0xff, 0xd2, 0x20, 0xc, 0x40, 0x1f, 0xfc,
    0xe, 0x0, 0xd8, 0x1, 0xf3, 0x18, 0x4, 0xe0,
    0x19, 0x4c, 0x3, 0x96, 0x73, 0xf1, 0xc5, 0x0,
    0x36, 0xa0, 0x4, 0xb4, 0x1, 0x18, 0x2, 0x40,
    0x30, 0xdf, 0x6f, 0xd0, 0x6, 0x17, 0x2, 0x80,
    0xe, 0x12, 0x0, 0xf5, 0x80, 0x4f, 0x0, 0x1f,
    0xf4, 0xa8, 0x6, 0x7c, 0x40, 0xf, 0x93, 0x58,
    0x3, 0xc7, 0x7d, 0x51, 0x15, 0x75, 0x90, 0x4,

    /* U+010A "Ċ" */
    0x0, 0xfe, 0x4f, 0xfc, 0xa0, 0x1f, 0xff, 0xf0,
    0xf, 0xf9, 0xd5, 0x73, 0x0, 0x7f, 0xf1, 0x4e,
    0xab, 0x18, 0x7, 0xff, 0x6c, 0x51, 0x9d, 0xcc,
    0x80, 0x1f, 0xfc, 0x25, 0xce, 0xb9, 0x88, 0x4d,
    0xfd, 0xa0, 0x7, 0xf1, 0x65, 0x18, 0x7, 0xe4,
    0xbb, 0x8, 0x7, 0x93, 0x4c, 0x3, 0xff, 0x80,
    0x98, 0x40, 0x18, 0xac, 0x3, 0xe1, 0x10, 0x7,
    0x8b, 0xc4, 0x2, 0xf0, 0xe, 0x5c, 0xfe, 0xe7,
    0xd9, 0x80, 0x62, 0xb0, 0x3, 0x90, 0x6, 0x9a,
    0x30, 0xc, 0x98, 0xe0, 0x19, 0x4c, 0x24, 0x3,
    0x43, 0x0, 0x7e, 0x84, 0x0, 0xd2, 0x82, 0x1,
    0x13, 0x80, 0x7f, 0xa4, 0x2, 0x3d, 0xc0, 0xd,
    0x40, 0x1f, 0xf1, 0x45, 0x76, 0x39, 0x80, 0x64,
    0x0, 0xff, 0xe0, 0x3a, 0x88, 0x1, 0x40, 0x31,
    0x80, 0x7f, 0xf1, 0x44, 0x2, 0x10, 0xf, 0xff,
    0xa1, 0x0, 0x42, 0x1, 0xff, 0xc6, 0x60, 0xc,
    0x60, 0x1f, 0xfc, 0x53, 0x0, 0xc8, 0x1, 0xff,
    0xc0, 0x76, 0x10, 0x6, 0x0, 0x6a, 0x0, 0xff,
    0x8a, 0x27, 0xb1, 0xd0, 0x40, 0x22, 0x70, 0xf,
    0xf4, 0x80, 0x47, 0xa1, 0x20, 0x1a, 0x18, 0x3,
    0xf4, 0x20, 0x6, 0x90, 0x72, 0x0, 0xd3, 0x46,
    0x1, 0x97, 0x1c, 0x3, 0x29, 0x80, 0x3c, 0x3,
    0x97, 0x3f, 0xb9, 0xf4, 0x60, 0x18, 0xac, 0x2,
    0x2b, 0x0, 0xf8, 0x44, 0x1, 0xe2, 0xf1, 0x0,
    0xc9, 0xa6, 0x1, 0xff, 0xc0, 0x4c, 0x20, 0xf,
    0x16, 0x51, 0x80, 0x7e, 0x4b, 0xb0, 0x80, 0x7f,
    0x2e, 0x75, 0xcc, 0x42, 0x6f, 0xed, 0x0, 0x38,

    /* U+010B "ċ" */
    0x0, 0xf8, 0xaa, 0xb2, 0x0, 0x7f, 0xf0, 0x5,
    0x57, 0x10, 0x7, 0xff, 0xd8, 0xff, 0xf3, 0x0,
    0x7f, 0xf8, 0xc5, 0x5d, 0xe5, 0x10, 0xf, 0xe2,
    0xae, 0xa8, 0x8a, 0xba, 0xcc, 0x3, 0xcd, 0xaa,
    0x1, 0xf2, 0x63, 0x0, 0x66, 0x90, 0xf, 0xfa,
    0x58, 0x0, 0x52, 0x1, 0xe1, 0x0, 0xf4, 0x88,
    0x48, 0x6, 0x1b, 0xfe, 0xf8, 0x0, 0xe6, 0x14,
    0x0, 0xda, 0x80, 0x13, 0xc0, 0x4, 0x3e, 0x80,
    0x19, 0x4c, 0x3, 0x9d, 0x67, 0x7a, 0x34, 0x3,
    0x60, 0x7, 0xd4, 0xc4, 0x0, 0x20, 0xc, 0x40,
    0x1f, 0xfd, 0x22, 0x0, 0xc4, 0x1, 0xff, 0xc0,
    0xe0, 0xd, 0x80, 0x1f, 0x31, 0x80, 0x4e, 0x1,
    0x94, 0xc0, 0x39, 0x67, 0x3f, 0x1c, 0x50, 0x3,
    0x6a, 0x0, 0x4b, 0x40, 0x11, 0x80, 0x24, 0x3,
    0xd, 0xf6, 0xfd, 0x0, 0x61, 0x70, 0x28, 0x0,
    0xe1, 0x20, 0xf, 0x58, 0x4, 0xf0, 0x1, 0xff,
    0x4a, 0x80, 0x67, 0xc4, 0x0, 0xf9, 0x35, 0x80,
    0x3c, 0x77, 0xd5, 0x11, 0x57, 0x59, 0x0, 0x40,

    /* U+010C "Č" */
    0x0, 0xeb, 0xff, 0xa0, 0x2, 0x3f, 0xfb, 0x88,
    0x3, 0xfa, 0x88, 0x0, 0xe8, 0x3, 0xc0, 0x15,
    0x10, 0x7, 0xf0, 0xf8, 0x5, 0x65, 0x44, 0x0,
    0x84, 0x0, 0xff, 0x8a, 0xc0, 0x2d, 0x40, 0x2,
    0xb8, 0x7, 0xff, 0x5, 0x20, 0x3, 0x8e, 0x80,
    0x3f, 0xf8, 0x6e, 0xa0, 0x10, 0xe8, 0x7, 0xff,
    0x16, 0xbf, 0xee, 0x10, 0xf, 0xfe, 0x20, 0xa3,
    0x3b, 0x99, 0x0, 0x3f, 0xf8, 0x4b, 0x9d, 0x73,
    0x10, 0x9b, 0xfb, 0x40, 0xf, 0xe2, 0xca, 0x30,
    0xf, 0xc9, 0x76, 0x10, 0xf, 0x26, 0x98, 0x7,
    0xff, 0x1, 0x30, 0x80, 0x31, 0x58, 0x7, 0xc2,
    0x20, 0xf, 0x17, 0x88, 0x5, 0xe0, 0x1c, 0xb9,
    0xfd, 0xcf, 0xb3, 0x0, 0xc5, 0x60, 0x7, 0x20,
    0xd, 0x34, 0x60, 0x19, 0x31, 0xc0, 0x32, 0x98,
    0x48, 0x6, 0x86, 0x0, 0xfd, 0x8, 0x1, 0xa5,
    0x4, 0x2, 0x27, 0x0, 0xff, 0x48, 0x4, 0x7b,
    0x80, 0x1a, 0x80, 0x3f, 0xe2, 0x8a, 0xec, 0x73,
    0x0, 0xc8, 0x1, 0xff, 0xc0, 0x75, 0x10, 0x2,
    0x80, 0x63, 0x0, 0xff, 0xe2, 0x88, 0x4, 0x20,
    0x1f, 0xff, 0x42, 0x0, 0x84, 0x3, 0xff, 0x8c,
    0xc0, 0x18, 0xc0, 0x3f, 0xf8, 0xa6, 0x1, 0x90,
    0x3, 0xff, 0x80, 0xec, 0x20, 0xc, 0x0, 0xd4,
    0x1, 0xff, 0x14, 0x4f, 0x63, 0xa0, 0x80, 0x44,
    0xe0, 0x1f, 0xe9, 0x0, 0x8f, 0x42, 0x40, 0x34,
    0x30, 0x7, 0xe8, 0x40, 0xd, 0x20, 0xe4, 0x1,
    0xa6, 0x8c, 0x3, 0x2e, 0x38, 0x6, 0x53, 0x0,
    0x78, 0x7, 0x2e, 0x7f, 0x73, 0xe8, 0xc0, 0x31,
    0x58, 0x4, 0x56, 0x1, 0xf0, 0x88, 0x3, 0xc5,
    0xe2, 0x1, 0x93, 0x4c, 0x3, 0xff, 0x80, 0x98,
    0x40, 0x1e, 0x2c, 0xa3, 0x0, 0xfc, 0x97, 0x61,
    0x0, 0xfe, 0x5c, 0xeb, 0x98, 0x84, 0xdf, 0xda,
    0x0, 0x70,

    /* U+010D "č" */
    0x0, 0xb, 0xc4, 0x1c, 0x40, 0x21, 0x88, 0x9c,
    0x3, 0x8, 0x3b, 0xa2, 0x80, 0x2d, 0x77, 0x84,
    0x3, 0x9d, 0xc0, 0x4, 0x90, 0xa3, 0x0, 0x43,
    0x0, 0x7a, 0x14, 0x0, 0xd8, 0xa0, 0x6, 0x70,
    0xf, 0xd4, 0x80, 0x3, 0x0, 0x24, 0x80, 0x7f,
    0xa8, 0x80, 0x23, 0xb0, 0xf, 0xf8, 0x77, 0xfe,
    0xc0, 0xf, 0xfe, 0x90, 0xab, 0xbc, 0xa2, 0x1,
    0xfc, 0x55, 0xd5, 0x11, 0x57, 0x59, 0x80, 0x79,
    0xb5, 0x40, 0x3e, 0x4c, 0x60, 0xc, 0xd2, 0x1,
    0xff, 0x4b, 0x0, 0xa, 0x40, 0x3c, 0x20, 0x1e,
    0x91, 0x9, 0x0, 0xc3, 0x7f, 0xdf, 0x0, 0x1c,
    0xc2, 0x80, 0x1b, 0x50, 0x2, 0x78, 0x0, 0x87,
    0xd0, 0x3, 0x29, 0x80, 0x73, 0xac, 0xef, 0x46,
    0x80, 0x6c, 0x0, 0xfa, 0x98, 0x80, 0x4, 0x1,
    0x88, 0x3, 0xff, 0xa4, 0x40, 0x18, 0x80, 0x3f,
    0xf8, 0x1c, 0x1, 0xb0, 0x3, 0xe6, 0x30, 0x9,
    0xc0, 0x32, 0x98, 0x7, 0x2c, 0xe7, 0xe3, 0x8a,
    0x0, 0x6d, 0x40, 0x9, 0x68, 0x2, 0x30, 0x4,
    0x80, 0x61, 0xbe, 0xdf, 0xa0, 0xc, 0x2e, 0x5,
    0x0, 0x1c, 0x24, 0x1, 0xeb, 0x0, 0x9e, 0x0,
    0x3f, 0xe9, 0x50, 0xc, 0xf8, 0x80, 0x1f, 0x26,
    0xb0, 0x7, 0x8e, 0xfa, 0xa2, 0x2a, 0xeb, 0x20,
    0x8,

    /* U+010E "Ď" */
    0x0, 0x57, 0xfd, 0x20, 0x11, 0x7f, 0xe2, 0x0,
    0xfa, 0x8c, 0x0, 0xca, 0x0, 0xf0, 0xa, 0x88,
    0x3, 0xf6, 0x88, 0x2, 0x8a, 0x88, 0x0, 0xea,
    0x1, 0xfc, 0x3a, 0x1, 0x6a, 0x80, 0x16, 0x0,
    0x3f, 0xe3, 0x90, 0xe, 0x2a, 0x0, 0xff, 0xe0,
    0xb3, 0x0, 0x21, 0xf0, 0xf, 0xfe, 0x1c, 0xff,
    0xdc, 0x40, 0x1f, 0xfd, 0x2a, 0xff, 0xff, 0x6d,
    0x28, 0x7, 0xff, 0x18, 0x96, 0xb9, 0x40, 0x3f,
    0xf8, 0xe3, 0x50, 0x1, 0xff, 0xc8, 0x77, 0x0,
    0x7e, 0x99, 0xe8, 0x40, 0xe, 0x83, 0x0, 0xf9,
    0xd9, 0xb3, 0xde, 0x88, 0x6, 0xe0, 0xf, 0xfe,
    0x11, 0x60, 0x6, 0x24, 0x0, 0xff, 0xe1, 0x13,
    0x80, 0x6e, 0x0, 0xff, 0xe1, 0xc8, 0x6, 0x50,
    0xf, 0xfe, 0x18, 0x98, 0x6, 0x20, 0xf, 0xfe,
    0x1a, 0x80, 0x67, 0x0, 0xff, 0xe1, 0xf0, 0x6,
    0x30, 0xf, 0xff, 0x6f, 0x0, 0x63, 0x0, 0xff,
    0xe1, 0xa8, 0x6, 0x70, 0xf, 0xfe, 0x10, 0x98,
    0x6, 0x20, 0xf, 0xfe, 0x14, 0x80, 0x65, 0x0,
    0xff, 0xe1, 0x13, 0x80, 0x6e, 0x0, 0xff, 0xe0,
    0x97, 0x80, 0x62, 0x40, 0xf, 0x3b, 0x37, 0x56,
    0x90, 0x6, 0x90, 0xf, 0xa6, 0x7c, 0xa0, 0x1d,
    0x8, 0x1, 0xff, 0xc6, 0x77, 0x0, 0x7f, 0xf1,
    0x46, 0xa0, 0x3, 0xff, 0x86, 0x4b, 0x5c, 0xa0,
    0x1c,

    /* U+010F "ď" */
    0x0, 0xff, 0xe0, 0xe7, 0xfd, 0xc0, 0x9, 0xff,
    0xc0, 0x1f, 0xff, 0xf0, 0xf, 0xfe, 0x67, 0xaa,
    0x0, 0x7f, 0xf2, 0xda, 0xa4, 0x3, 0xf8, 0x99,
    0xdc, 0xc4, 0x1, 0xfe, 0x60, 0xf, 0x93, 0x36,
    0x62, 0x13, 0xb8, 0x40, 0x1f, 0xbc, 0xc, 0x3,
    0x45, 0x98, 0x7, 0x8c, 0x40, 0x3c, 0x9c, 0x81,
    0x40, 0x14, 0x38, 0x7, 0xff, 0x10, 0xc4, 0x1d,
    0x80, 0x6, 0xe0, 0x1c, 0x6a, 0x80, 0x1f, 0xcd,
    0x9d, 0x0, 0x14, 0x0, 0x61, 0xcc, 0x55, 0xfa,
    0x0, 0x7c, 0x26, 0x20, 0x11, 0x20, 0x6, 0xc3,
    0x0, 0xd6, 0x20, 0x1f, 0xfc, 0x4, 0x0, 0xca,
    0x40, 0x1e, 0x60, 0xf, 0xfe, 0x7, 0x0, 0x6c,
    0x0, 0xfb, 0x40, 0x3f, 0xf8, 0x4, 0x1, 0x88,
    0x3, 0xe1, 0x0, 0xff, 0xed, 0x10, 0x6, 0x20,
    0xf, 0x84, 0x3, 0xff, 0x81, 0xc0, 0x1b, 0x0,
    0x3e, 0xd0, 0xf, 0xfe, 0x3, 0x80, 0x65, 0x20,
    0xf, 0x30, 0x7, 0xff, 0x0, 0x50, 0x3, 0x79,
    0x0, 0x43, 0x62, 0x1, 0xff, 0xc1, 0x80, 0xc,
    0x5b, 0x95, 0x7c, 0x80, 0x1f, 0xfc, 0x23, 0x70,
    0xe, 0x35, 0x40, 0xf, 0xfe, 0x2c, 0x38, 0x7,
    0xff, 0x36, 0x2c, 0x80, 0x3c, 0x92, 0x1, 0xff,
    0xc4, 0x4d, 0xc9, 0x88, 0x56, 0xdb, 0x7f, 0xdc,
    0x1, 0xf8,

    /* U+0110 "Đ" */
    0x0, 0x3f, 0xff, 0xfb, 0x69, 0x80, 0x3f, 0xf9,
    0x4, 0xb3, 0xcc, 0x1, 0xff, 0xc9, 0x19, 0xa0,
    0xf, 0xfe, 0x52, 0xd0, 0x7, 0xf9, 0xe6, 0x79,
    0x40, 0x39, 0x58, 0x3, 0xfa, 0xd9, 0xba, 0xb8,
    0xc0, 0x34, 0x0, 0x7f, 0xf1, 0x7, 0x44, 0x2,
    0x17, 0x0, 0xff, 0xe2, 0xc, 0x0, 0x6a, 0x0,
    0xff, 0xe2, 0xb0, 0x80, 0x44, 0x20, 0x1f, 0xfc,
    0x54, 0x0, 0xc8, 0x1, 0xff, 0xc5, 0xd0, 0xc,
    0x55, 0xf0, 0x1, 0xb3, 0xff, 0x8, 0x6, 0x20,
    0xd, 0xe0, 0x1f, 0xfc, 0xa1, 0x0, 0xff, 0xe5,
    0xe, 0x31, 0x80, 0x65, 0x66, 0xc2, 0x1, 0x88,
    0x3, 0x7b, 0x4d, 0x80, 0x69, 0x9e, 0x0, 0xed,
    0x0, 0xc4, 0x1, 0xff, 0xc5, 0x40, 0xc, 0x80,
    0x1f, 0xfc, 0x45, 0x10, 0x8, 0x84, 0x3, 0xff,
    0x86, 0x36, 0x1, 0xa8, 0x3, 0xff, 0x86, 0x3a,
    0x20, 0x10, 0xb8, 0x7, 0xeb, 0x66, 0xe9, 0xe3,
    0x0, 0xd0, 0x1, 0xfc, 0xf3, 0x3c, 0xc0, 0x1c,
    0xac, 0x1, 0xff, 0xc8, 0x5a, 0x0, 0xff, 0xe3,
    0x8c, 0xd0, 0x7, 0xff, 0x14, 0x96, 0x79, 0x80,
    0x38,

    /* U+0111 "đ" */
    0x0, 0xff, 0xe0, 0xe7, 0xfd, 0xc0, 0x1f, 0xfc,
    0x2, 0x99, 0x10, 0x4, 0x33, 0x0, 0x1f, 0xe6,
    0x68, 0x40, 0x33, 0x38, 0x7, 0xff, 0x99, 0x3f,
    0xc6, 0x1, 0xf, 0xf8, 0x3, 0xc4, 0xce, 0xe6,
    0x20, 0xf, 0xfe, 0x2, 0x66, 0xcc, 0x42, 0x77,
    0x8, 0x3, 0xfa, 0x2c, 0xc0, 0x3c, 0x62, 0x1,
    0xfa, 0x1c, 0x3, 0xff, 0x8a, 0x6e, 0x1, 0xc6,
    0xa8, 0x1, 0xfe, 0x80, 0xc, 0x39, 0x8a, 0xbf,
    0x40, 0xf, 0x89, 0x0, 0x36, 0x18, 0x6, 0xb1,
    0x0, 0xf2, 0x0, 0x65, 0x20, 0xf, 0x30, 0x7,
    0xb8, 0x3, 0x60, 0x7, 0xda, 0x1, 0xe2, 0x0,
    0xc4, 0x1, 0xf0, 0x80, 0x7f, 0xf3, 0x88, 0x3,
    0x10, 0x7, 0xc2, 0x1, 0xee, 0x0, 0xd8, 0x1,
    0xf6, 0x80, 0x79, 0xc0, 0x32, 0x90, 0x7, 0x98,
    0x3, 0xc2, 0x80, 0x1b, 0xc8, 0x2, 0x1b, 0x10,
    0xf, 0xa0, 0x3, 0x16, 0xe5, 0x5f, 0x20, 0x7,
    0xe3, 0x70, 0xe, 0x35, 0x40, 0xf, 0xfa, 0x1c,
    0x3, 0xff, 0x8f, 0x16, 0x40, 0x1e, 0x49, 0x0,
    0xff, 0x26, 0xe4, 0xc4, 0x2b, 0x6d, 0xbf, 0xee,
    0x0, 0x0,

    /* U+0112 "Ē" */
    0x0, 0xd3, 0x3f, 0xc2, 0x1, 0xe1, 0x66, 0xfe,
    0x30, 0xf, 0xfe, 0xe0, 0xff, 0xff, 0x10, 0x7,
    0xff, 0xaa, 0xbf, 0xff, 0xf8, 0x6a, 0x1, 0xff,
    0xec, 0xaa, 0xff, 0x9c, 0x3, 0x95, 0x7f, 0xe2,
    0x0, 0xff, 0xfe, 0xff, 0xff, 0x28, 0x7, 0xff,
    0xba, 0xab, 0xf9, 0x0, 0x3e, 0x55, 0xfe, 0x10,
    0xf, 0xff, 0xfa, 0xaf, 0xfc, 0x40, 0x1d, 0x55,
    0xff, 0x38, 0x7, 0xff, 0x9c,

    /* U+0113 "ē" */
    0x0, 0xea, 0xff, 0xfd, 0x20, 0x1f, 0xfe, 0x3f,
    0x77, 0xfd, 0x80, 0x1f, 0xcb, 0x11, 0xf9, 0x40,
    0x3f, 0xfc, 0xa8, 0xce, 0xe5, 0x10, 0xf, 0xf0,
    0xd7, 0xdc, 0xc4, 0x2b, 0xb0, 0xc0, 0x3e, 0x5e,
    0x50, 0xf, 0x8f, 0x1c, 0x3, 0x96, 0x80, 0x3f,
    0xe8, 0x60, 0x8, 0x68, 0x3, 0x91, 0x98, 0x40,
    0x1a, 0x44, 0x1, 0x60, 0x19, 0x3a, 0xe6, 0x5b,
    0x0, 0x1a, 0x40, 0x54, 0x2, 0x1a, 0x10, 0xc,
    0xe6, 0x1, 0x30, 0x20, 0x6, 0x26, 0x77, 0xf0,
    0x6, 0x11, 0x68, 0x6, 0x38, 0x8f, 0x8c, 0x3,
    0x28, 0x80, 0x7f, 0xf1, 0x8c, 0x3, 0xff, 0x8c,
    0x60, 0x1a, 0x7f, 0xff, 0xf8, 0x9, 0xe0, 0x1b,
    0x0, 0x3e, 0x10, 0xe, 0x70, 0xc, 0xa4, 0x1,
    0xc3, 0xfd, 0x28, 0x0, 0x14, 0x0, 0xd8, 0xa0,
    0x11, 0xe0, 0x89, 0xaf, 0x40, 0x12, 0x1, 0x86,
    0xbf, 0x7b, 0x8, 0x3, 0x58, 0x0, 0xa8, 0x3,
    0xc4, 0x20, 0x1c, 0xac, 0x1, 0x2d, 0x88, 0x7,
    0xf9, 0xa8, 0x3, 0x93, 0xd8, 0x3, 0xe3, 0xb9,
    0x0, 0xf8, 0x67, 0xee, 0x62, 0x15, 0xb8, 0x80,
    0x18,

    /* U+0116 "Ė" */
    0x0, 0xf7, 0xfe, 0xa0, 0xf, 0xff, 0x9a, 0xae,
    0xc0, 0xf, 0xfe, 0x5, 0x56, 0x60, 0xf, 0xfe,
    0xe5, 0x7f, 0xff, 0xf0, 0xd4, 0x3, 0xff, 0xd9,
    0x55, 0xff, 0x38, 0x7, 0x2a, 0xff, 0xc4, 0x1,
    0xff, 0xfd, 0xff, 0xfe, 0x50, 0xf, 0xff, 0x75,
    0x57, 0xf2, 0x0, 0x7c, 0xab, 0xfc, 0x20, 0x1f,
    0xff, 0xf5, 0x5f, 0xf8, 0x80, 0x3a, 0xab, 0xfe,
    0x70, 0xf, 0xff, 0x38,

    /* U+0117 "ė" */
    0x0, 0xf9, 0xaa, 0xb0, 0x7, 0xff, 0xb, 0x15,
    0x70, 0x7, 0xff, 0xee, 0xbf, 0xf0, 0x7, 0xff,
    0xa1, 0x19, 0xdc, 0xa2, 0x1, 0xfe, 0x1a, 0xfb,
    0x98, 0x85, 0x76, 0x18, 0x7, 0xcb, 0xca, 0x1,
    0xf1, 0xe3, 0x80, 0x72, 0xd0, 0x7, 0xfd, 0xc,
    0x1, 0xd, 0x0, 0x72, 0x33, 0x8, 0x3, 0x48,
    0x80, 0x2c, 0x3, 0x27, 0x5c, 0xcb, 0x60, 0x3,
    0x48, 0xa, 0x80, 0x43, 0x42, 0x1, 0x9c, 0xc0,
    0x26, 0x4, 0x0, 0xc4, 0xce, 0xfe, 0x0, 0xc2,
    0x2d, 0x0, 0xc7, 0x11, 0xf1, 0x80, 0x65, 0x10,
    0xf, 0xfe, 0x31, 0x80, 0x7f, 0xf1, 0x8c, 0x3,
    0x4f, 0xff, 0xff, 0x1, 0x3c, 0x3, 0x60, 0x7,
    0xc2, 0x1, 0xce, 0x1, 0x94, 0x80, 0x38, 0x7f,
    0xa5, 0x0, 0x2, 0x80, 0x1b, 0x14, 0x2, 0x3c,
    0x11, 0x35, 0xe8, 0x2, 0x40, 0x30, 0xd7, 0xef,
    0x61, 0x0, 0x6b, 0x0, 0x15, 0x0, 0x78, 0x84,
    0x3, 0x95, 0x80, 0x25, 0xb1, 0x0, 0xff, 0x35,
    0x0, 0x72, 0x7b, 0x0, 0x7c, 0x77, 0x20, 0x1f,
    0xc, 0xfd, 0xcc, 0x42, 0xb7, 0x10, 0x3, 0x0,

    /* U+0118 "Ę" */
    0xaf, 0xff, 0xfe, 0x1a, 0x80, 0x7f, 0xfb, 0x2a,
    0xbf, 0xe7, 0x0, 0xe5, 0x5f, 0xf8, 0x80, 0x3f,
    0xfd, 0x8a, 0xbf, 0xc2, 0x1, 0xf5, 0x57, 0xf2,
    0x0, 0x7f, 0xfb, 0xbf, 0xff, 0x94, 0x3, 0xff,
    0xfe, 0x1, 0xff, 0xc5, 0x55, 0xff, 0x88, 0x3,
    0xaa, 0xbf, 0xe7, 0x0, 0xff, 0xf3, 0xd7, 0xff,
    0xf5, 0x0, 0x67, 0x50, 0xf, 0xe1, 0xa0, 0x0,
    0xe4, 0x0, 0x7f, 0xa0, 0x2, 0xd3, 0x0, 0xff,
    0x90, 0x0, 0x86, 0x1, 0xff, 0xc0, 0x30, 0x2,
    0xbd, 0x8, 0x7, 0xf9, 0x0, 0x3, 0xb, 0x40,
    0x1f, 0xe8, 0x0, 0xe5, 0x10, 0xf, 0xe2, 0xc4,
    0x1, 0x6f, 0x10,

    /* U+0119 "ę" */
    0x0, 0xf9, 0x19, 0xdc, 0xa2, 0x1, 0xfe, 0x1a,
    0xfb, 0x98, 0x85, 0x76, 0x18, 0x7, 0xcb, 0xca,
    0x1, 0xf1, 0xe3, 0x80, 0x72, 0xd0, 0x7, 0xfd,
    0xc, 0x1, 0xd, 0x0, 0x72, 0x33, 0x8, 0x3,
    0x48, 0x80, 0x2c, 0x3, 0x27, 0x5c, 0xcb, 0x60,
    0x3, 0x48, 0xa, 0x80, 0x43, 0x42, 0x1, 0x9c,
    0xc0, 0x26, 0x4, 0x0, 0xc4, 0xce, 0xfe, 0x0,
    0xc2, 0x2d, 0x0, 0xc7, 0x11, 0xf1, 0x80, 0x65,
    0x10, 0xf, 0xfe, 0x31, 0x80, 0x7f, 0xf1, 0x8c,
    0x3, 0x4f, 0xff, 0xff, 0x1, 0x3c, 0x3, 0x60,
    0x7, 0xc2, 0x1, 0xce, 0x1, 0x94, 0x80, 0x38,
    0x7f, 0xa5, 0x0, 0x2, 0x80, 0x1b, 0x14, 0x2,
    0x3c, 0x11, 0x35, 0xe8, 0x2, 0x40, 0x30, 0xd7,
    0xef, 0x61, 0x0, 0x6b, 0x0, 0x15, 0x0, 0x78,
    0x84, 0x3, 0x8d, 0x80, 0x25, 0xb1, 0x0, 0xff,
    0xb8, 0x3, 0x93, 0xd8, 0x3, 0xf9, 0xc8, 0x3,
    0xc3, 0x3f, 0x73, 0x10, 0x20, 0x0, 0xc0, 0x7,
    0xf9, 0x19, 0xd0, 0x80, 0x12, 0x1, 0xff, 0xc2,
    0x90, 0x9, 0xc0, 0x3f, 0xf8, 0x4e, 0x0, 0x50,
    0xf, 0xfe, 0x33, 0xa4, 0x0, 0x7f, 0xf0, 0x50,
    0x0, 0x56, 0xf2, 0x1, 0xff, 0xc0, 0xb0, 0xe,
    0x61, 0x0, 0xff, 0x8b, 0xc, 0x0, 0x36, 0x20,
    0x1f, 0xfc, 0x3, 0xce, 0xde, 0x40, 0x0,

    /* U+011A "Ě" */
    0x1, 0xdf, 0xf9, 0x40, 0x26, 0xff, 0xb4, 0x2,
    0x1f, 0x0, 0xa8, 0x80, 0xe4, 0x0, 0x38, 0x1,
    0x8a, 0xc0, 0x2f, 0x1e, 0x0, 0xb4, 0x40, 0x39,
    0x20, 0x0, 0x5c, 0x40, 0x9, 0x30, 0xf, 0x9d,
    0x40, 0x39, 0x98, 0x1, 0xfd, 0x46, 0x1, 0x1c,
    0x80, 0x7f, 0xd9, 0xff, 0x60, 0x7, 0xff, 0x2e,
    0xbf, 0xff, 0xf8, 0x6a, 0x1, 0xff, 0xec, 0xaa,
    0xff, 0x9c, 0x3, 0x95, 0x7f, 0xe2, 0x0, 0xff,
    0xfe, 0xff, 0xff, 0x28, 0x7, 0xff, 0xba, 0xab,
    0xf9, 0x0, 0x3e, 0x55, 0xfe, 0x10, 0xf, 0xff,
    0xfa, 0xaf, 0xfc, 0x40, 0x1d, 0x55, 0xff, 0x38,
    0x7, 0xff, 0x9c,

    /* U+011B "ě" */
    0x0, 0x9e, 0x22, 0x10, 0xc, 0xf1, 0x7, 0x10,
    0xe, 0x27, 0x7b, 0x0, 0x2b, 0x87, 0x70, 0x8,
    0x7, 0x2c, 0x0, 0xa, 0xc2, 0x50, 0x0, 0xce,
    0x1, 0xf3, 0xb8, 0x0, 0x98, 0xc0, 0x4, 0x90,
    0xf, 0xe8, 0x50, 0x1, 0x80, 0xe, 0xc0, 0x3f,
    0xea, 0x40, 0x8, 0xb4, 0x3, 0xff, 0x83, 0x7f,
    0xf6, 0x88, 0x7, 0xff, 0x51, 0x19, 0xdc, 0xa2,
    0x1, 0xfe, 0x1a, 0xfb, 0x98, 0x85, 0x76, 0x18,
    0x7, 0xcb, 0xca, 0x1, 0xf1, 0xe3, 0x80, 0x72,
    0xd0, 0x7, 0xfd, 0xc, 0x1, 0xd, 0x0, 0x72,
    0x33, 0x8, 0x3, 0x48, 0x80, 0x2c, 0x3, 0x27,
    0x5c, 0xcb, 0x60, 0x3, 0x48, 0xa, 0x80, 0x43,
    0x42, 0x1, 0x9c, 0xc0, 0x26, 0x4, 0x0, 0xc4,
    0xce, 0xfe, 0x0, 0xc2, 0x2d, 0x0, 0xc7, 0x11,
    0xf1, 0x80, 0x65, 0x10, 0xf, 0xfe, 0x31, 0x80,
    0x7f, 0xf1, 0x8c, 0x3, 0x4f, 0xff, 0xff, 0x1,
    0x3c, 0x3, 0x60, 0x7, 0xc2, 0x1, 0xce, 0x1,
    0x94, 0x80, 0x38, 0x7f, 0xa5, 0x0, 0x2, 0x80,
    0x1b, 0x14, 0x2, 0x3c, 0x11, 0x35, 0xe8, 0x2,
    0x40, 0x30, 0xd7, 0xef, 0x61, 0x0, 0x6b, 0x0,
    0x15, 0x0, 0x78, 0x84, 0x3, 0x95, 0x80, 0x25,
    0xb1, 0x0, 0xff, 0x35, 0x0, 0x72, 0x7b, 0x0,
    0x7c, 0x77, 0x20, 0x1f, 0xc, 0xfd, 0xcc, 0x42,
    0xb7, 0x10, 0x3, 0x0,

    /* U+011C "Ĝ" */
    0x0, 0xfe, 0xdf, 0xfa, 0xc0, 0x3f, 0xf8, 0xd4,
    0x40, 0x12, 0x48, 0x7, 0xff, 0x11, 0xd4, 0x3,
    0x99, 0x80, 0x1f, 0xfc, 0x25, 0x80, 0x1, 0xf0,
    0x80, 0x24, 0xc0, 0x3f, 0xf8, 0x5, 0x40, 0x1,
    0xe1, 0xd0, 0xb, 0x44, 0x3, 0xfc, 0x3e, 0x1,
    0x51, 0x1, 0xc8, 0x0, 0x74, 0x3, 0xfc, 0x3b,
    0xff, 0x20, 0x4, 0xdf, 0xf6, 0x0, 0x7f, 0xf0,
    0x85, 0x5d, 0xe6, 0x30, 0xf, 0xfe, 0x1a, 0xe7,
    0x54, 0x45, 0x39, 0xf4, 0x60, 0x1f, 0xe2, 0xca,
    0x30, 0xf, 0xcb, 0x92, 0x1, 0xf9, 0x34, 0xc0,
    0x3f, 0xf8, 0xd, 0x60, 0x1e, 0x2b, 0x0, 0xf8,
    0x44, 0x1, 0xe4, 0x90, 0xe, 0xf0, 0xe, 0x5c,
    0xfe, 0xea, 0x44, 0x3, 0x32, 0x0, 0x4e, 0x40,
    0x1a, 0x68, 0xc0, 0x21, 0x6c, 0x10, 0xd, 0x0,
    0x14, 0x80, 0x68, 0x60, 0xf, 0x8b, 0x40, 0x31,
    0x90, 0x20, 0x80, 0x42, 0xe0, 0x1f, 0xc6, 0xa0,
    0x19, 0x43, 0x0, 0x33, 0x0, 0x7f, 0xd2, 0x6b,
    0x14, 0xa0, 0x80, 0x1a, 0xc0, 0x3f, 0xe3, 0xca,
    0x75, 0x20, 0x20, 0xc, 0x40, 0x1f, 0xfc, 0x61,
    0x0, 0xc2, 0x1, 0xff, 0xca, 0x10, 0xf, 0xeb,
    0xff, 0xfc, 0x40, 0x18, 0x40, 0x3f, 0xf8, 0xe2,
    0x1, 0x84, 0x3, 0xff, 0x8c, 0xa0, 0x18, 0x80,
    0x3f, 0x6b, 0x34, 0x1, 0xc4, 0x60, 0x1a, 0xc0,
    0x3f, 0x34, 0xca, 0x0, 0x31, 0x6, 0x0, 0x66,
    0x0, 0xff, 0x9c, 0x3, 0x20, 0x21, 0x0, 0x42,
    0xe0, 0x1f, 0xe8, 0x0, 0xda, 0x0, 0xb0, 0xd,
    0xc, 0x1, 0xfa, 0xc4, 0x2, 0x24, 0x0, 0x31,
    0x0, 0x69, 0xa3, 0x0, 0x85, 0xb5, 0x0, 0x34,
    0x80, 0x6f, 0x0, 0xe5, 0xcf, 0xee, 0xa4, 0x80,
    0x33, 0xa0, 0x6, 0x2c, 0x0, 0xf8, 0x44, 0x1,
    0xe6, 0x80, 0xf, 0x1e, 0x98, 0x7, 0xff, 0x2,
    0x64, 0x1, 0xf8, 0xb2, 0x8c, 0x3, 0xe1, 0x6e,
    0x60, 0xf, 0xf9, 0x73, 0xae, 0x22, 0xac, 0xe9,
    0x10, 0xf, 0x0,

    /* U+011D "ĝ" */
    0x0, 0xfa, 0x3f, 0xf1, 0x80, 0x7f, 0xce, 0xe0,
    0xd, 0xa4, 0x1, 0xfc, 0xb0, 0x0, 0x20, 0x0,
    0xf8, 0x80, 0x7c, 0x94, 0x0, 0x2c, 0xa0, 0x1,
    0x68, 0x7, 0x8a, 0xc0, 0x2f, 0x15, 0x70, 0x1,
    0xd8, 0x7, 0x23, 0xbd, 0x84, 0x0, 0x89, 0x77,
    0x19, 0x80, 0x33, 0x44, 0x46, 0x1, 0x9a, 0x22,
    0x30, 0xf, 0xfe, 0x69, 0x33, 0xb9, 0x88, 0x3,
    0xfc, 0x99, 0xb3, 0x10, 0x9d, 0xc6, 0xff, 0xb4,
    0x2, 0x8b, 0x30, 0xf, 0x1c, 0x80, 0x7a, 0x1c,
    0x3, 0xff, 0x86, 0x6e, 0x1, 0xc6, 0xa8, 0x1,
    0xfa, 0x0, 0x30, 0xe6, 0x2a, 0xfd, 0x0, 0x38,
    0x90, 0x3, 0x61, 0x80, 0x6b, 0x10, 0xc, 0x80,
    0x19, 0x48, 0x3, 0xcc, 0x1, 0xb8, 0x3, 0x60,
    0x7, 0xda, 0x1, 0x88, 0x3, 0x10, 0x7, 0xc2,
    0x1, 0xff, 0xca, 0x20, 0xc, 0x40, 0x1f, 0x8,
    0x6, 0xe0, 0xd, 0x80, 0x1f, 0x68, 0x6, 0x70,
    0xc, 0xa4, 0x1, 0xe6, 0x0, 0xc2, 0x80, 0x1b,
    0xc8, 0x2, 0x1b, 0x10, 0xe, 0x80, 0xc, 0x5b,
    0x95, 0x7c, 0x80, 0x1e, 0x37, 0x0, 0xe3, 0x54,
    0x0, 0xfe, 0x87, 0x0, 0xff, 0xe2, 0xc5, 0x90,
    0x7, 0x90, 0x40, 0x3f, 0x26, 0xe4, 0xc4, 0x2b,
    0x6c, 0x80, 0x3f, 0xc6, 0xce, 0xe5, 0x20, 0x10,
    0xf, 0xe2, 0x20, 0x7, 0x19, 0x0, 0x42, 0x1,
    0x25, 0xee, 0x28, 0x0, 0x5b, 0x40, 0x32, 0x80,
    0x2e, 0xc8, 0x3, 0x5f, 0xdc, 0x91, 0x0, 0xda,
    0x0, 0xe0, 0xf, 0x8, 0x7, 0x91, 0x0, 0x5,
    0xa0, 0xf, 0xf9, 0x2c, 0x3, 0x2e, 0xa8, 0x7,
    0xc7, 0x56, 0x1, 0xe2, 0xae, 0xa8, 0x8a, 0xbb,
    0x14, 0x2,

    /* U+011E "Ğ" */
    0x0, 0xf5, 0x7f, 0xc2, 0x0, 0xaf, 0xf8, 0x3,
    0xff, 0x83, 0xa0, 0x17, 0xce, 0x28, 0x0, 0x80,
    0x3f, 0xf8, 0x2c, 0x20, 0x1, 0x63, 0x0, 0xa0,
    0x3, 0xff, 0x82, 0x3a, 0x20, 0x1e, 0x75, 0x0,
    0xff, 0xe1, 0x1f, 0xb0, 0x80, 0xa5, 0xc0, 0x7,
    0xff, 0x10, 0x67, 0xbf, 0xad, 0x0, 0x3f, 0xf8,
    0xa2, 0xae, 0xf3, 0x18, 0x7, 0xff, 0xd, 0x73,
    0xaa, 0x22, 0x9c, 0xfa, 0x30, 0xf, 0xf1, 0x65,
    0x18, 0x7, 0xe5, 0xc9, 0x0, 0xfc, 0x9a, 0x60,
    0x1f, 0xfc, 0x6, 0xb0, 0xf, 0x15, 0x80, 0x7c,
    0x22, 0x0, 0xf2, 0x48, 0x7, 0x78, 0x7, 0x2e,
    0x7f, 0x75, 0x22, 0x1, 0x99, 0x0, 0x27, 0x20,
    0xd, 0x34, 0x60, 0x10, 0xb6, 0x8, 0x6, 0x80,
    0xa, 0x40, 0x34, 0x30, 0x7, 0xc5, 0xa0, 0x18,
    0xc8, 0x10, 0x40, 0x21, 0x70, 0xf, 0xe3, 0x50,
    0xc, 0xa1, 0x80, 0x19, 0x80, 0x3f, 0xe9, 0x35,
    0x8a, 0x50, 0x40, 0xd, 0x60, 0x1f, 0xf1, 0xe5,
    0x3a, 0x90, 0x10, 0x6, 0x20, 0xf, 0xfe, 0x30,
    0x80, 0x61, 0x0, 0xff, 0xe5, 0x8, 0x7, 0xf5,
    0xff, 0xfe, 0x20, 0xc, 0x20, 0x1f, 0xfc, 0x71,
    0x0, 0xc2, 0x1, 0xff, 0xc6, 0x50, 0xc, 0x40,
    0x1f, 0xb5, 0x9a, 0x0, 0xe2, 0x30, 0xd, 0x60,
    0x1f, 0x9a, 0x65, 0x0, 0x18, 0x83, 0x0, 0x33,
    0x0, 0x7f, 0xce, 0x1, 0x90, 0x10, 0x80, 0x21,
    0x70, 0xf, 0xf4, 0x0, 0x6d, 0x0, 0x58, 0x6,
    0x86, 0x0, 0xfd, 0x62, 0x1, 0x12, 0x0, 0x18,
    0x80, 0x34, 0xd1, 0x80, 0x42, 0xda, 0x80, 0x1a,
    0x40, 0x37, 0x80, 0x72, 0xe7, 0xf7, 0x52, 0x40,
    0x19, 0xd0, 0x3, 0x16, 0x0, 0x7c, 0x22, 0x0,
    0xf3, 0x40, 0x7, 0x8f, 0x4c, 0x3, 0xff, 0x81,
    0x32, 0x0, 0xfc, 0x59, 0x46, 0x1, 0xf0, 0xb7,
    0x30, 0x7, 0xfc, 0xb9, 0xd7, 0x11, 0x56, 0x74,
    0x88, 0x7, 0x80,

    /* U+011F "ğ" */
    0x0, 0xea, 0xff, 0x84, 0x1, 0x3f, 0xf0, 0x80,
    0x7b, 0x0, 0x2f, 0xac, 0x60, 0x0, 0x88, 0x3,
    0xcc, 0x20, 0x1, 0x53, 0x0, 0xa0, 0x3, 0xf6,
    0x88, 0x7, 0x9d, 0x80, 0x3f, 0x1f, 0xb9, 0x0,
    0x12, 0xe0, 0x3, 0xfc, 0x31, 0xbf, 0xeb, 0x40,
    0xf, 0xfe, 0x81, 0x33, 0xb9, 0x88, 0x3, 0xfc,
    0x99, 0xb3, 0x10, 0x9d, 0xc6, 0xff, 0xb4, 0x2,
    0x8b, 0x30, 0xf, 0x1c, 0x80, 0x7a, 0x1c, 0x3,
    0xff, 0x86, 0x6e, 0x1, 0xc6, 0xa8, 0x1, 0xfa,
    0x0, 0x30, 0xe6, 0x2a, 0xfd, 0x0, 0x38, 0x90,
    0x3, 0x61, 0x80, 0x6b, 0x10, 0xc, 0x80, 0x19,
    0x48, 0x3, 0xcc, 0x1, 0xb8, 0x3, 0x60, 0x7,
    0xda, 0x1, 0x88, 0x3, 0x10, 0x7, 0xc2, 0x1,
    0xff, 0xca, 0x20, 0xc, 0x40, 0x1f, 0x8, 0x6,
    0xe0, 0xd, 0x80, 0x1f, 0x68, 0x6, 0x70, 0xc,
    0xa4, 0x1, 0xe6, 0x0, 0xc2, 0x80, 0x1b, 0xc8,
    0x2, 0x1b, 0x10, 0xe, 0x80, 0xc, 0x5b, 0x95,
    0x7c, 0x80, 0x1e, 0x37, 0x0, 0xe3, 0x54, 0x0,
    0xfe, 0x87, 0x0, 0xff, 0xe2, 0xc5, 0x90, 0x7,
    0x90, 0x40, 0x3f, 0x26, 0xe4, 0xc4, 0x2b, 0x6c,
    0x80, 0x3f, 0xc6, 0xce, 0xe5, 0x20, 0x10, 0xf,
    0xe2, 0x20, 0x7, 0x19, 0x0, 0x42, 0x1, 0x25,
    0xee, 0x28, 0x0, 0x5b, 0x40, 0x32, 0x80, 0x2e,
    0xc8, 0x3, 0x5f, 0xdc, 0x91, 0x0, 0xda, 0x0,
    0xe0, 0xf, 0x8, 0x7, 0x91, 0x0, 0x5, 0xa0,
    0xf, 0xf9, 0x2c, 0x3, 0x2e, 0xa8, 0x7, 0xc7,
    0x56, 0x1, 0xe2, 0xae, 0xa8, 0x8a, 0xbb, 0x14,
    0x2,

    /* U+0120 "Ġ" */
    0x0, 0xfe, 0x5f, 0xfc, 0x80, 0x1f, 0xff, 0xf0,
    0xf, 0xfe, 0x1b, 0x2a, 0xe6, 0x0, 0xff, 0xe3,
    0x1d, 0x56, 0x20, 0xf, 0xfe, 0xe8, 0xab, 0xbc,
    0xc6, 0x1, 0xff, 0xc3, 0x5c, 0xea, 0x88, 0xa7,
    0x3e, 0x8c, 0x3, 0xfc, 0x59, 0x46, 0x1, 0xf9,
    0x72, 0x40, 0x3f, 0x26, 0x98, 0x7, 0xff, 0x1,
    0xac, 0x3, 0xc5, 0x60, 0x1f, 0x8, 0x80, 0x3c,
    0x92, 0x1, 0xde, 0x1, 0xcb, 0x9f, 0xdd, 0x48,
    0x80, 0x66, 0x40, 0x9, 0xc8, 0x3, 0x4d, 0x18,
    0x4, 0x2d, 0x82, 0x1, 0xa0, 0x2, 0x90, 0xd,
    0xc, 0x1, 0xf1, 0x68, 0x6, 0x32, 0x4, 0x10,
    0x8, 0x5c, 0x3, 0xf8, 0xd4, 0x3, 0x28, 0x60,
    0x6, 0x60, 0xf, 0xfa, 0x4d, 0x62, 0x94, 0x10,
    0x3, 0x58, 0x7, 0xfc, 0x79, 0x4e, 0xa4, 0x4,
    0x1, 0x88, 0x3, 0xff, 0x8c, 0x20, 0x18, 0x40,
    0x3f, 0xf9, 0x42, 0x1, 0xfd, 0x7f, 0xff, 0x88,
    0x3, 0x8, 0x7, 0xff, 0x1c, 0x40, 0x30, 0x80,
    0x7f, 0xf1, 0x94, 0x3, 0x10, 0x7, 0xed, 0x66,
    0x80, 0x38, 0x8c, 0x3, 0x58, 0x7, 0xe6, 0x99,
    0x40, 0x6, 0x20, 0xc0, 0xc, 0xc0, 0x1f, 0xf3,
    0x80, 0x64, 0x4, 0x20, 0x8, 0x5c, 0x3, 0xfd,
    0x0, 0x1b, 0x40, 0x16, 0x1, 0xa1, 0x80, 0x3f,
    0x58, 0x80, 0x44, 0x80, 0x6, 0x20, 0xd, 0x34,
    0x60, 0x10, 0xb6, 0xa0, 0x6, 0x90, 0xd, 0xe0,
    0x1c, 0xb9, 0xfd, 0xd4, 0x90, 0x6, 0x74, 0x0,
    0xc5, 0x80, 0x1f, 0x8, 0x80, 0x3c, 0xd0, 0x1,
    0xe3, 0xd3, 0x0, 0xff, 0xe0, 0x4c, 0x80, 0x3f,
    0x16, 0x51, 0x80, 0x7c, 0x2d, 0xcc, 0x1, 0xff,
    0x2e, 0x75, 0xc4, 0x55, 0x9d, 0x22, 0x1, 0xe0,

    /* U+0121 "ġ" */
    0x0, 0xfd, 0xdf, 0xf5, 0x80, 0x7f, 0xfd, 0xdd,
    0x56, 0xc0, 0xf, 0xfe, 0xc, 0xd5, 0x4e, 0x1,
    0xff, 0xe3, 0x26, 0x77, 0x31, 0x0, 0x7f, 0x93,
    0x36, 0x62, 0x13, 0xb8, 0xdf, 0xf6, 0x80, 0x51,
    0x66, 0x1, 0xe3, 0x90, 0xf, 0x43, 0x80, 0x7f,
    0xf0, 0xcd, 0xc0, 0x38, 0xd5, 0x0, 0x3f, 0x40,
    0x6, 0x1c, 0xc5, 0x5f, 0xa0, 0x7, 0x12, 0x0,
    0x6c, 0x30, 0xd, 0x62, 0x1, 0x90, 0x3, 0x29,
    0x0, 0x79, 0x80, 0x37, 0x0, 0x6c, 0x0, 0xfb,
    0x40, 0x31, 0x0, 0x62, 0x0, 0xf8, 0x40, 0x3f,
    0xf9, 0x44, 0x1, 0x88, 0x3, 0xe1, 0x0, 0xdc,
    0x1, 0xb0, 0x3, 0xed, 0x0, 0xce, 0x1, 0x94,
    0x80, 0x3c, 0xc0, 0x18, 0x50, 0x3, 0x79, 0x0,
    0x43, 0x62, 0x1, 0xd0, 0x1, 0x8b, 0x72, 0xaf,
    0x90, 0x3, 0xc6, 0xe0, 0x1c, 0x6a, 0x80, 0x1f,
    0xd0, 0xe0, 0x1f, 0xfc, 0x58, 0xb2, 0x0, 0xf2,
    0x8, 0x7, 0xe4, 0xdc, 0x98, 0x85, 0x6d, 0x90,
    0x7, 0xf8, 0xd9, 0xdc, 0xa4, 0x2, 0x1, 0xfc,
    0x44, 0x0, 0xe3, 0x20, 0x8, 0x40, 0x24, 0xbd,
    0xc5, 0x0, 0xb, 0x68, 0x6, 0x50, 0x5, 0xd9,
    0x0, 0x6b, 0xfb, 0x92, 0x20, 0x1b, 0x40, 0x1c,
    0x1, 0xe1, 0x0, 0xf2, 0x20, 0x0, 0xb4, 0x1,
    0xff, 0x25, 0x80, 0x65, 0xd5, 0x0, 0xf8, 0xea,
    0xc0, 0x3c, 0x55, 0xd5, 0x11, 0x57, 0x62, 0x80,
    0x40,

    /* U+0122 "Ģ" */
    0x0, 0xfc, 0x2a, 0xef, 0x31, 0x80, 0x7f, 0xf0,
    0xd7, 0x3a, 0xa2, 0x29, 0xcf, 0xa3, 0x0, 0xff,
    0x16, 0x51, 0x80, 0x7e, 0x5c, 0x90, 0xf, 0xc9,
    0xa6, 0x1, 0xff, 0xc0, 0x6b, 0x0, 0xf1, 0x58,
    0x7, 0xc2, 0x20, 0xf, 0x24, 0x80, 0x77, 0x80,
    0x72, 0xe7, 0xf7, 0x52, 0x20, 0x19, 0x90, 0x2,
    0x72, 0x0, 0xd3, 0x46, 0x1, 0xb, 0x60, 0x80,
    0x68, 0x0, 0xa4, 0x3, 0x43, 0x0, 0x7c, 0x5a,
    0x1, 0x8c, 0x81, 0x4, 0x2, 0x17, 0x0, 0xfe,
    0x35, 0x0, 0xca, 0x18, 0x1, 0x98, 0x3, 0xfe,
    0x93, 0x58, 0xa5, 0x4, 0x0, 0xd6, 0x1, 0xff,
    0x1e, 0x53, 0xa9, 0x1, 0x0, 0x62, 0x0, 0xff,
    0xe3, 0x8, 0x6, 0x10, 0xf, 0xfe, 0x50, 0x80,
    0x7f, 0x5f, 0xff, 0xe2, 0x0, 0xc2, 0x1, 0xff,
    0xc7, 0x10, 0xc, 0x20, 0x1f, 0xfc, 0x65, 0x0,
    0xc4, 0x1, 0xfb, 0x59, 0xa0, 0xe, 0x23, 0x0,
    0xd6, 0x1, 0xf9, 0xa6, 0x50, 0x1, 0x88, 0x30,
    0x3, 0x30, 0x7, 0xfc, 0xe0, 0x19, 0x1, 0x8,
    0x2, 0x17, 0x0, 0xff, 0x40, 0x6, 0xd0, 0x5,
    0x80, 0x68, 0x60, 0xf, 0xd6, 0x20, 0x11, 0x20,
    0x1, 0x88, 0x3, 0x4d, 0x18, 0x4, 0x2d, 0xa8,
    0x1, 0xa4, 0x3, 0x78, 0x7, 0x2e, 0x7f, 0x75,
    0x24, 0x1, 0x9d, 0x0, 0x31, 0x60, 0x7, 0xc2,
    0x20, 0xf, 0x34, 0x0, 0x78, 0xf4, 0xc0, 0x3f,
    0xf8, 0x13, 0x20, 0xf, 0xc5, 0x94, 0x60, 0x1f,
    0xb, 0x73, 0x0, 0x7f, 0xcb, 0x9d, 0x71, 0x15,
    0x67, 0x48, 0x80, 0x7f, 0xf0, 0x85, 0x1d, 0xe5,
    0x30, 0xf, 0xfe, 0x3a, 0xb3, 0x44, 0x1, 0xff,
    0xc7, 0xb9, 0x99, 0x40, 0x3f, 0xff, 0xe0, 0x1f,
    0xfc, 0x4e, 0xf6, 0x1, 0x0, 0xff, 0xe3, 0x8b,
    0x30, 0x10, 0x3, 0xff, 0x8f, 0xf2, 0xc, 0x40,
    0x1f, 0xfc, 0x82, 0x99, 0x0, 0x7f, 0x80,

    /* U+0123 "ģ" */
    0x0, 0xff, 0x1b, 0x88, 0x7, 0xff, 0x4, 0x73,
    0x10, 0x60, 0x1f, 0xfc, 0x1b, 0x30, 0x53, 0x0,
    0xff, 0xe0, 0xa, 0x86, 0xd0, 0x80, 0x7f, 0xf0,
    0xc, 0x9, 0x18, 0x3, 0xff, 0x82, 0x20, 0x53,
    0x22, 0x0, 0xff, 0xfb, 0x1f, 0xfe, 0x20, 0xf,
    0xff, 0x19, 0x33, 0xb9, 0x88, 0x3, 0xfc, 0x99,
    0xb3, 0x10, 0x9d, 0xc6, 0xff, 0xb4, 0x2, 0x8b,
    0x30, 0xf, 0x1c, 0x80, 0x7a, 0x1c, 0x3, 0xff,
    0x86, 0x6e, 0x1, 0xc6, 0xa8, 0x1, 0xfa, 0x0,
    0x30, 0xe6, 0x2a, 0xfd, 0x0, 0x38, 0x90, 0x3,
    0x61, 0x80, 0x6b, 0x10, 0xc, 0x80, 0x19, 0x48,
    0x3, 0xcc, 0x1, 0xb8, 0x3, 0x60, 0x7, 0xda,
    0x1, 0x88, 0x3, 0x10, 0x7, 0xc2, 0x1, 0xff,
    0xca, 0x20, 0xc, 0x40, 0x1f, 0x8, 0x6, 0xe0,
    0xd, 0x80, 0x1f, 0x68, 0x6, 0x70, 0xc, 0xa4,
    0x1, 0xe6, 0x0, 0xc2, 0x80, 0x1b, 0xc8, 0x2,
    0x1b, 0x10, 0xe, 0x80, 0xc, 0x5b, 0x95, 0x7c,
    0x80, 0x1e, 0x37, 0x0, 0xe3, 0x54, 0x0, 0xfe,
    0x87, 0x0, 0xff, 0xe2, 0xc5, 0x90, 0x7, 0x90,
    0x40, 0x3f, 0x26, 0xe4, 0xc4, 0x2b, 0x6c, 0x80,
    0x3f, 0xc6, 0xce, 0xe5, 0x20, 0x10, 0xf, 0xe2,
    0x20, 0x7, 0x19, 0x0, 0x42, 0x1, 0x25, 0xee,
    0x28, 0x0, 0x5b, 0x40, 0x32, 0x80, 0x2e, 0xc8,
    0x3, 0x5f, 0xdc, 0x91, 0x0, 0xda, 0x0, 0xe0,
    0xf, 0x8, 0x7, 0x91, 0x0, 0x5, 0xa0, 0xf,
    0xf9, 0x2c, 0x3, 0x2e, 0xa8, 0x7, 0xc7, 0x56,
    0x1, 0xe2, 0xae, 0xa8, 0x8a, 0xbb, 0x14, 0x2,

    /* U+0124 "Ĥ" */
    0x0, 0xf8, 0x77, 0xfe, 0xb0, 0xf, 0xfe, 0x1d,
    0x10, 0x4, 0x90, 0x1, 0xff, 0xc1, 0x84, 0x0,
    0xe7, 0x50, 0xf, 0xf9, 0x5c, 0x0, 0x7c, 0x20,
    0xa, 0x30, 0xf, 0xe3, 0xa0, 0x0, 0xe8, 0xe8,
    0x5, 0xa2, 0x1, 0xf0, 0xe8, 0x5, 0x42, 0x7,
    0x0, 0x1, 0xd0, 0xf, 0x87, 0xbf, 0xe4, 0x0,
    0x9f, 0xfe, 0xc0, 0xf, 0xfe, 0x6d, 0x7f, 0xe0,
    0xf, 0xfb, 0xff, 0x48, 0x7, 0xff, 0xfc, 0x3,
    0xff, 0xfe, 0x1, 0xff, 0xe0, 0x55, 0xff, 0x30,
    0x7, 0xfa, 0xab, 0xfd, 0x20, 0x1f, 0xff, 0xdf,
    0xff, 0xf8, 0x3, 0xff, 0xfe, 0x1, 0xff, 0xff,
    0x0, 0xff, 0xf0, 0x0,

    /* U+0125 "ĥ" */
    0x0, 0xc3, 0xdf, 0xf5, 0x0, 0x7f, 0xf1, 0x74,
    0x40, 0x25, 0x70, 0xf, 0xfe, 0x1c, 0x98, 0x7,
    0x42, 0x0, 0x7f, 0xf0, 0x59, 0x80, 0x4, 0xd1,
    0x0, 0x59, 0x0, 0x7f, 0xc9, 0x20, 0x1, 0xa2,
    0xa0, 0xb, 0xc4, 0x3, 0xf8, 0xa8, 0x2, 0xd1,
    0x4, 0x70, 0x1, 0x50, 0x7, 0xf1, 0x77, 0xfc,
    0x60, 0x14, 0x7f, 0xd6, 0x1, 0xff, 0xd9, 0xaf,
    0xf9, 0xc0, 0x3f, 0xff, 0xe0, 0x1f, 0xff, 0x51,
    0x57, 0x73, 0x20, 0x7, 0xff, 0xc, 0xaf, 0xaa,
    0x21, 0x37, 0xcc, 0x1, 0xff, 0xc0, 0xcd, 0x40,
    0xf, 0xc, 0xc8, 0x3, 0xfe, 0x40, 0xf, 0xf3,
    0x28, 0x7, 0xff, 0x8, 0x44, 0x1, 0xe8, 0x0,
    0xff, 0xe0, 0x2e, 0xf7, 0x34, 0xc0, 0x31, 0x10,
    0x3, 0xfc, 0x94, 0x40, 0x2, 0xc1, 0x0, 0xc8,
    0x1, 0xfe, 0xe0, 0xf, 0x48, 0x6, 0xe0, 0xf,
    0xf3, 0x80, 0x78, 0xc0, 0x30, 0x80, 0x7f, 0x88,
    0x3, 0xcc, 0x1, 0xff, 0xca, 0x30, 0xf, 0xff,
    0xf8, 0x7, 0xff, 0xfc, 0x3, 0xff, 0xb6,

    /* U+0126 "Ħ" */
    0x0, 0x27, 0xfe, 0x50, 0xf, 0xf5, 0xff, 0xdc,
    0x1, 0xff, 0xeb, 0x35, 0xc0, 0xd, 0x8a, 0xbf,
    0xe6, 0x0, 0x85, 0x54, 0x33, 0x4e, 0x1, 0x9a,
    0xab, 0xfc, 0x40, 0x1a, 0xa8, 0xa0, 0x1f, 0xff,
    0xf0, 0xa, 0xbe, 0xc0, 0x35, 0x7f, 0xff, 0x90,
    0x2, 0x1f, 0xf2, 0x0, 0x7f, 0xf5, 0x71, 0x57,
    0xfc, 0xe0, 0x1f, 0xfc, 0x26, 0xaa, 0xff, 0x18,
    0x7, 0xff, 0xfc, 0x3, 0xff, 0x8b, 0x5f, 0xff,
    0xe4, 0x0, 0xff, 0xff, 0x80, 0x7f, 0xff, 0xc0,
    0x3f, 0xff, 0xe0, 0x1f, 0xfc, 0x40,

    /* U+0127 "ħ" */
    0x0, 0x57, 0xfc, 0xe0, 0x1f, 0xfc, 0x13, 0x97,
    0x0, 0xae, 0x64, 0xe0, 0x1f, 0xe5, 0x62, 0x0,
    0x8d, 0x99, 0x40, 0x1f, 0xfe, 0x66, 0xf5, 0x0,
    0xa3, 0xfd, 0xa0, 0x1f, 0xfc, 0x71, 0x57, 0x73,
    0x20, 0x7, 0xff, 0x0, 0xaf, 0xaa, 0x21, 0x37,
    0xcc, 0x1, 0xfd, 0x9a, 0x80, 0x1e, 0x19, 0x90,
    0x7, 0xe4, 0x0, 0xff, 0x32, 0x80, 0x7f, 0xc2,
    0x20, 0xf, 0x40, 0x7, 0xf2, 0xef, 0x73, 0x4c,
    0x3, 0x11, 0x0, 0x3e, 0x4a, 0x20, 0x1, 0x60,
    0x80, 0x64, 0x0, 0xfb, 0x80, 0x3d, 0x20, 0x1b,
    0x80, 0x3e, 0x70, 0xf, 0x18, 0x6, 0x10, 0xf,
    0x88, 0x3, 0xcc, 0x1, 0xff, 0xc7, 0x30, 0xf,
    0xff, 0xf8, 0x7, 0xff, 0xfc, 0x3, 0xff, 0x86,

    /* U+0128 "Ĩ" */
    0x1, 0xaf, 0xf5, 0x10, 0x4, 0x8a, 0xa0, 0x5,
    0x28, 0x1, 0x75, 0x80, 0x1f, 0x54, 0x31, 0x40,
    0xe, 0x9b, 0x65, 0x0, 0x39, 0x0, 0x50, 0x80,
    0x4, 0x91, 0x0, 0x30, 0x80, 0xd, 0xee, 0x40,
    0x38, 0xc8, 0x95, 0x48, 0x0, 0x36, 0xa8, 0x1,
    0x34, 0x0, 0xaa, 0x40, 0x8, 0xab, 0xfd, 0x62,
    0x1, 0xff, 0xc7, 0x4f, 0xfc, 0xa0, 0x1f, 0xff,
    0xf0, 0xf, 0xff, 0xf8, 0x7, 0xff, 0xfc, 0x3,
    0xff, 0xfe, 0x1, 0xff, 0xdc,

    /* U+0129 "ĩ" */
    0x1, 0xaf, 0xf6, 0x28, 0x4, 0x6a, 0xa0, 0x5,
    0x28, 0x0, 0xeb, 0x10, 0x3e, 0xa8, 0x62, 0x80,
    0x1c, 0x77, 0xe6, 0x0, 0x72, 0x0, 0xf, 0xd0,
    0x7, 0xcc, 0x20, 0x2, 0x5, 0xd2, 0x0, 0xc6,
    0x44, 0xaa, 0x40, 0x0, 0xb5, 0x80, 0x9, 0xa0,
    0x5, 0x52, 0x0, 0x69, 0xff, 0x58, 0x80, 0x7f,
    0xf5, 0x53, 0xff, 0x28, 0x7, 0xff, 0xfc, 0x3,
    0xff, 0xfe, 0x1, 0xff, 0xff, 0x0, 0xff, 0xe2,
    0x80,

    /* U+012A "Ī" */
    0x59, 0x9f, 0xcb, 0x8c, 0xdf, 0xbc, 0x3, 0xff,
    0x91, 0x3f, 0xff, 0xa8, 0x3, 0xff, 0xa8, 0x9f,
    0xf9, 0x40, 0x3f, 0xff, 0xe0, 0x1f, 0xff, 0xf0,
    0xf, 0xff, 0xf8, 0x7, 0xff, 0x14,

    /* U+012B "ī" */
    0x9f, 0xff, 0xd4, 0x1, 0xff, 0xc8, 0xc7, 0x7f,
    0xde, 0xb1, 0x1f, 0x94, 0x3, 0xff, 0xa8, 0x9f,
    0xf9, 0x40, 0x3f, 0xff, 0xe0, 0x1f, 0xff, 0xf0,
    0xf, 0xfe, 0x50,

    /* U+012E "Į" */
    0x0, 0x27, 0xfe, 0x50, 0xf, 0xff, 0xf8, 0x7,
    0xff, 0xfc, 0x3, 0xff, 0xb1, 0x80, 0x1e, 0x67,
    0x0, 0xa1, 0x4a, 0x40, 0x3, 0x8e, 0x16, 0x1,
    0x69, 0x80, 0x10, 0x0, 0xa6, 0x1, 0x18, 0x1,
    0x1a, 0x84, 0x14, 0x0, 0x32, 0xb4, 0x12, 0x1,
    0xca, 0x25, 0x86, 0x2, 0xde, 0x20,

    /* U+012F "į" */
    0x0, 0x84, 0x70, 0x4, 0x9d, 0xd9, 0x40, 0x3f,
    0xf9, 0xc9, 0xff, 0x94, 0x3, 0xff, 0x8c, 0x9f,
    0xf9, 0x40, 0x3f, 0xff, 0xe0, 0x1f, 0xfe, 0xb3,
    0x0, 0xf2, 0xc0, 0x5, 0xa, 0x34, 0x0, 0x1c,
    0x70, 0x80, 0xb, 0x4c, 0x0, 0x80, 0x5, 0x30,
    0x8, 0xc0, 0x8, 0xd4, 0x20, 0xa0, 0x1, 0x95,
    0xa0, 0x80, 0xe, 0x51, 0x3c, 0x30, 0x16, 0xf1,

    /* U+0130 "İ" */
    0x4f, 0xfc, 0xa0, 0x1f, 0xfc, 0x66, 0x55, 0xcc,
    0x55, 0x58, 0xc0, 0x3f, 0xf8, 0x9, 0xff, 0x94,
    0x3, 0xff, 0xfe, 0x1, 0xff, 0xf9,

    /* U+0131 "ı" */
    0x4f, 0xfc, 0xa0, 0x1f, 0xff, 0xf0, 0xf, 0xfe,
    0x78,

    /* U+0134 "Ĵ" */
    0x0, 0xfe, 0x1e, 0xff, 0xa8, 0x3, 0xff, 0x85,
    0xa2, 0x1, 0x2b, 0x80, 0x7f, 0xf0, 0x28, 0xc0,
    0x3a, 0x10, 0x3, 0xfc, 0xea, 0x0, 0x4d, 0x0,
    0xa8, 0x80, 0x3f, 0x24, 0x0, 0xa, 0x8a, 0x80,
    0x3, 0xe0, 0x1f, 0x15, 0x0, 0x5c, 0x20, 0xae,
    0x0, 0x2b, 0x0, 0xf1, 0x77, 0xfc, 0x60, 0x14,
    0x7f, 0xd6, 0x1, 0xff, 0xd3, 0xff, 0xd6, 0x1,
    0xff, 0xff, 0x0, 0xff, 0xff, 0x80, 0x7f, 0xff,
    0xc0, 0x3f, 0xff, 0xe0, 0x1f, 0xfe, 0x51, 0x0,
    0xff, 0xe1, 0x9b, 0xdf, 0xe8, 0x6, 0x30, 0xc,
    0x20, 0x1d, 0xf0, 0x80, 0x72, 0x0, 0x2f, 0x0,
    0xc4, 0x1, 0xd2, 0x1, 0x9b, 0xfb, 0x4c, 0x3,
    0x50, 0x7, 0x2a, 0x0, 0x70, 0x80, 0x73, 0x10,
    0x7, 0xac, 0xc0, 0x3f, 0x92, 0x40, 0x3f, 0x63,
    0x80, 0x78, 0x62, 0xc0, 0x3f, 0xd1, 0xf7, 0x10,
    0x9b, 0xe7, 0x0, 0xfc,

    /* U+0135 "ĵ" */
    0x0, 0xc3, 0xbf, 0xf6, 0x0, 0x7f, 0x69, 0x0,
    0x47, 0x40, 0x1f, 0x51, 0x80, 0xc, 0x0, 0xb2,
    0x1, 0xd2, 0xa0, 0x6, 0xc4, 0x0, 0x33, 0x80,
    0x4e, 0xc0, 0x4, 0x90, 0xb3, 0x0, 0x42, 0x80,
    0x83, 0xba, 0x28, 0x2, 0xd7, 0x78, 0x80, 0x5e,
    0x20, 0xe2, 0x1, 0xc, 0x44, 0xe0, 0x1f, 0xfd,
    0x8c, 0xff, 0xb4, 0x3, 0xff, 0xfe, 0x1, 0xff,
    0xff, 0x0, 0xff, 0xff, 0x80, 0x7f, 0xfa, 0xc4,
    0x3, 0xff, 0x82, 0x24, 0x1, 0xfe, 0x15, 0x7c,
    0x0, 0xff, 0x92, 0xa0, 0x80, 0x33, 0x0, 0x7f,
    0xf0, 0xb8, 0x3, 0xff, 0x82, 0xaa, 0x0, 0xff,
    0x8e, 0x68, 0x3, 0xc0,

    /* U+0136 "Ķ" */
    0xaf, 0xfc, 0x1, 0xf8, 0xbf, 0xfa, 0x0, 0x3f,
    0xf8, 0x5e, 0x1, 0x92, 0x0, 0x3f, 0xf8, 0x36,
    0x40, 0x11, 0x50, 0x7, 0xff, 0x6, 0x10, 0x2,
    0x1f, 0x10, 0xf, 0xfe, 0x2, 0xb8, 0x6, 0xa2,
    0x0, 0xff, 0xe0, 0x15, 0x0, 0x69, 0x40, 0xf,
    0xfe, 0x0, 0xf8, 0x6, 0x66, 0x0, 0x7f, 0xf0,
    0x68, 0x80, 0x24, 0x90, 0xf, 0xfe, 0xc, 0x20,
    0x4, 0x54, 0x1, 0xff, 0xc1, 0x57, 0x0, 0x87,
    0xc4, 0x3, 0xff, 0x80, 0x74, 0x1, 0xa8, 0x80,
    0x3f, 0xf8, 0x3a, 0x1, 0xa5, 0x0, 0x3f, 0xf8,
    0x42, 0x1, 0xb, 0x0, 0x7f, 0xf1, 0xc6, 0xc0,
    0x3f, 0xf8, 0x76, 0x1, 0x92, 0x40, 0x3f, 0xf8,
    0x49, 0x20, 0x19, 0x9c, 0x3, 0xff, 0x84, 0xce,
    0x1, 0xa1, 0x40, 0x3f, 0xf8, 0x50, 0xa0, 0x1a,
    0x8c, 0x3, 0xff, 0x85, 0x46, 0x1, 0xb4, 0x80,
    0x3f, 0xf8, 0x5a, 0x40, 0x10, 0xf8, 0x80, 0x7f,
    0xf0, 0x47, 0xc4, 0x2, 0x2a, 0x0, 0xff, 0xe1,
    0x15, 0x0, 0x64, 0x90, 0xf, 0xfe, 0x12, 0x48,
    0x6, 0x67, 0x0, 0xff, 0xe1, 0x33, 0x80, 0x68,
    0x50, 0xf, 0xfe, 0x14, 0x28, 0x6, 0xa3, 0xaf,
    0xfc, 0x1, 0xfd, 0x5f, 0xfc, 0x60, 0x1f, 0xfd,
    0x16, 0x6c, 0x20, 0x1f, 0xfc, 0x49, 0x9c, 0x80,
    0x1f, 0xff, 0xf0, 0xd, 0xfe, 0x40, 0x10, 0xf,
    0xfe, 0x20, 0xba, 0x2, 0x80, 0x7f, 0xf1, 0x3a,
    0x2, 0x4, 0x3, 0xff, 0x8a, 0x74, 0xe0, 0x1f,
    0xc0,

    /* U+0137 "ķ" */
    0xaf, 0xfc, 0x20, 0x1f, 0xff, 0xf0, 0xf, 0xff,
    0x59, 0x7f, 0xf5, 0x0, 0x7f, 0xdc, 0x1, 0x8a,
    0x80, 0x3f, 0xce, 0x60, 0x1b, 0x80, 0x3f, 0xc7,
    0x0, 0x1a, 0x4c, 0x3, 0xfd, 0xc0, 0x19, 0x58,
    0x3, 0xfd, 0x44, 0x1, 0xd, 0x80, 0x7f, 0x95,
    0x40, 0x1b, 0x44, 0x3, 0xf8, 0xa8, 0x3, 0x41,
    0x80, 0x7f, 0xb8, 0x3, 0x23, 0x80, 0x7f, 0xf1,
    0x1c, 0x3, 0xff, 0x81, 0xc2, 0x1, 0x1c, 0x0,
    0x7f, 0xc5, 0x60, 0x19, 0xd4, 0x3, 0xfe, 0x56,
    0x0, 0xd4, 0x40, 0x1f, 0xf4, 0x90, 0x6, 0xf1,
    0x0, 0xff, 0xbc, 0x3, 0x15, 0x0, 0x7f, 0xc5,
    0x20, 0x19, 0x1c, 0x3, 0xfe, 0x65, 0x0, 0xd0,
    0x80, 0x1f, 0xf5, 0x10, 0x6, 0xa2, 0xaf, 0xfc,
    0x20, 0x1d, 0xbf, 0xfb, 0x88, 0x3, 0xff, 0x98,
    0x8c, 0xd2, 0x0, 0x7f, 0xf0, 0x7e, 0x66, 0xe0,
    0xf, 0xff, 0xbd, 0xfd, 0x1, 0x80, 0x7f, 0xf0,
    0x92, 0xc3, 0xc0, 0x3f, 0xf8, 0x37, 0x61, 0x36,
    0x0, 0xff, 0xe1, 0x13, 0xe0, 0x7, 0xe0,

    /* U+0139 "Ĺ" */
    0x0, 0xdf, 0xf3, 0x0, 0x7f, 0xcc, 0x1, 0x30,
    0x7, 0xfd, 0x60, 0x6, 0x0, 0xff, 0x90, 0x80,
    0x16, 0x1, 0xff, 0x78, 0x1, 0x8, 0x3, 0xfc,
    0x48, 0x0, 0xf0, 0xf, 0xf9, 0xd5, 0x64, 0x0,
    0xff, 0x96, 0xaa, 0x0, 0xff, 0xe7, 0xa7, 0xfe,
    0x50, 0xf, 0xff, 0xf8, 0x7, 0xff, 0xfc, 0x3,
    0xff, 0xfe, 0x1, 0xff, 0xff, 0x0, 0xff, 0xe3,
    0xe2, 0xaf, 0xf2, 0x0, 0x73, 0x55, 0x7f, 0x80,
    0x3f, 0xfc, 0x80,

    /* U+013A "ĺ" */
    0x0, 0xdf, 0xf3, 0x0, 0x4c, 0x1, 0x30, 0x5,
    0x60, 0x6, 0x0, 0x90, 0x80, 0x16, 0x1, 0x78,
    0x1, 0x8, 0x0, 0x48, 0x0, 0xf0, 0x9, 0xd5,
    0x64, 0x0, 0x96, 0xaa, 0x0, 0xc4, 0x58, 0x2,
    0x4d, 0xdc, 0xa0, 0x1f, 0xff, 0xf0, 0xf, 0xff,
    0xf8, 0x7, 0xff, 0x80,

    /* U+013B "Ļ" */
    0x4f, 0xfc, 0xa0, 0x1f, 0xff, 0xf0, 0xf, 0xff,
    0xf8, 0x7, 0xff, 0xfc, 0x3, 0xff, 0xfe, 0x1,
    0xff, 0xc7, 0xc5, 0x5f, 0xe4, 0x0, 0xe6, 0xaa,
    0xff, 0x0, 0x7f, 0xf9, 0x13, 0xff, 0xff, 0x85,
    0xc0, 0x1f, 0xfc, 0xa5, 0x66, 0x8c, 0x3, 0xfe,
    0xb9, 0x99, 0x0, 0x3f, 0xfd, 0xfd, 0xee, 0x1,
    0xff, 0xc1, 0x15, 0x70, 0x40, 0xf, 0xfb, 0xe8,
    0x14, 0xc0, 0x3f, 0xe3, 0x29, 0xa0, 0xf, 0x0,

    /* U+013C "ļ" */
    0x2, 0x2c, 0x9, 0xbb, 0x94, 0x3, 0xff, 0xfe,
    0x1, 0xff, 0xf9, 0x4f, 0xfc, 0xa0, 0x1f, 0x33,
    0x61, 0x29, 0x9c, 0x40, 0x1f, 0xfc, 0x62, 0xff,
    0x18, 0x8, 0xc, 0x18, 0x91, 0x39, 0xc2, 0xc0,
    0x23, 0xb5, 0x0,

    /* U+013D "Ľ" */
    0x4f, 0xfc, 0xa0, 0x16, 0xff, 0xd8, 0x1, 0xff,
    0xef, 0x55, 0x10, 0x7, 0xff, 0x6, 0x2a, 0x80,
    0xe0, 0x1f, 0xfc, 0x1c, 0x2, 0x0, 0xff, 0x9b,
    0x10, 0x28, 0x3, 0xfe, 0xd3, 0x7, 0x30, 0xf,
    0xfb, 0xa7, 0x20, 0x3, 0xff, 0x80, 0xac, 0x60,
    0x1f, 0xff, 0xf0, 0xf, 0xff, 0xf8, 0x5, 0x8a,
    0xbf, 0xc8, 0x1, 0xcd, 0x55, 0xfe, 0x0, 0xff,
    0xf2, 0x0,

    /* U+013E "ľ" */
    0x2, 0x2c, 0x1, 0xf9, 0x37, 0x72, 0x80, 0x3f,
    0xf5, 0x80, 0x7f, 0xf8, 0xd9, 0x48, 0x3, 0xfd,
    0x34, 0xa0, 0x20, 0x1f, 0xe5, 0xd, 0x0, 0xfc,
    0xfa, 0x40, 0xa0, 0x1f, 0xa8, 0x82, 0x8, 0x3,
    0xf4, 0x4e, 0xb8, 0x7, 0xf2, 0xb1, 0x0, 0x7f,
    0xff, 0xc0, 0x3f, 0xff, 0xe0, 0x1f, 0xfd, 0x60,

    /* U+0141 "Ł" */
    0x0, 0xa7, 0xff, 0x0, 0x7f, 0xff, 0xc0, 0x3f,
    0xfe, 0x4c, 0x40, 0x1f, 0xfc, 0x33, 0xd9, 0x10,
    0xf, 0xfe, 0x9, 0x56, 0x10, 0x7, 0xff, 0xf,
    0x54, 0x3, 0xff, 0xb8, 0x84, 0x1, 0xf4, 0x30,
    0x7, 0x8a, 0xec, 0x20, 0x1e, 0xe7, 0x0, 0xf4,
    0x6a, 0x0, 0x7e, 0x10, 0xf, 0x6b, 0x80, 0x7f,
    0xf1, 0x48, 0x3, 0xff, 0xa6, 0xca, 0x1, 0xff,
    0xc4, 0xd9, 0x30, 0xf, 0xfe, 0x21, 0x0, 0x79,
    0x57, 0xfc, 0x60, 0x1f, 0xaa, 0xbf, 0xe0, 0xf,
    0xff, 0x68,

    /* U+0142 "ł" */
    0x0, 0xc2, 0x45, 0x80, 0x3f, 0x9f, 0x77, 0x18,
    0x7, 0xff, 0xfc, 0x3, 0xfe, 0x50, 0xf, 0xf8,
    0xae, 0x80, 0x3f, 0xd1, 0xa8, 0x1, 0xff, 0x20,
    0x7, 0xff, 0x24, 0xa8, 0x3, 0xe4, 0x0, 0xa3,
    0x4c, 0x3, 0x8a, 0xec, 0x5, 0xce, 0x1, 0xe7,
    0xd4, 0x0, 0x8, 0x80, 0x3e, 0xb0, 0xf, 0xfe,
    0x49, 0x28, 0x7, 0xfd, 0x1b, 0x80, 0x1f, 0xc5,
    0xce, 0x1, 0xff, 0x8, 0x80, 0x3f, 0xff, 0xe0,
    0x1f, 0x0,

    /* U+0143 "Ń" */
    0x0, 0xff, 0x9f, 0xfd, 0xc0, 0x1f, 0xfc, 0x59,
    0x0, 0x30, 0x7, 0xff, 0x11, 0x44, 0x1, 0x20,
    0x1f, 0xfc, 0x49, 0x0, 0x28, 0x80, 0x7f, 0xf0,
    0xcc, 0xc0, 0xe, 0x0, 0xff, 0xe2, 0x50, 0x0,
    0x90, 0x3, 0xff, 0x88, 0x6a, 0xa8, 0x0, 0xff,
    0xe2, 0xd5, 0x4a, 0x1, 0xff, 0xd1, 0xaf, 0xfc,
    0xc0, 0x1f, 0xc9, 0xff, 0x98, 0x3, 0xa4, 0x40,
    0x3f, 0xf9, 0x16, 0x1, 0xff, 0xc8, 0x55, 0x0,
    0x7f, 0xf2, 0x2c, 0x3, 0xff, 0x90, 0x32, 0x1,
    0xff, 0xc8, 0x63, 0x0, 0xff, 0xe4, 0x70, 0x7,
    0xff, 0x10, 0x80, 0x22, 0x80, 0xf, 0xfe, 0x1c,
    0x80, 0x67, 0x20, 0xf, 0xfe, 0x12, 0xb8, 0x6,
    0xe0, 0xf, 0xfe, 0x1c, 0x10, 0x4, 0x6c, 0x1,
    0xff, 0xc3, 0x90, 0xd, 0x22, 0x1, 0xff, 0xc2,
    0x46, 0x0, 0xd4, 0x1, 0xff, 0xc3, 0x81, 0x0,
    0x91, 0x40, 0x3f, 0xf8, 0x43, 0x60, 0x1a, 0xc4,
    0x3, 0xff, 0x84, 0xa8, 0x1, 0xc, 0x0, 0x7f,
    0xf0, 0xe8, 0x3, 0x10, 0x7, 0xff, 0xc, 0x64,
    0x3, 0xff, 0x90, 0xc6, 0x1, 0xff, 0xc8, 0xe0,
    0xf, 0xfe, 0x41, 0x38, 0x7, 0xff, 0x22, 0x8,
    0x3, 0xff, 0x91, 0xc0, 0x1f, 0xfc, 0x83, 0x60,
    0xe,

    /* U+0144 "ń" */
    0x0, 0xfe, 0x1a, 0xa8, 0xc0, 0x3f, 0xf8, 0x2c,
    0xaa, 0x43, 0x0, 0xff, 0xe0, 0xd0, 0x1, 0x80,
    0x3f, 0xf8, 0x28, 0x40, 0xa, 0x0, 0xff, 0xe0,
    0xf8, 0x1, 0x8, 0x3, 0xff, 0x80, 0x48, 0x0,
    0xf0, 0xf, 0xfe, 0xd, 0x80, 0x9, 0x0, 0x3f,
    0xf8, 0x33, 0xfe, 0xd0, 0xf, 0xfe, 0xa0, 0xab,
    0xb9, 0x90, 0x3, 0xab, 0xfe, 0x72, 0xbe, 0xa8,
    0x84, 0xdf, 0x30, 0x7, 0xd9, 0xa8, 0x1, 0xe1,
    0x99, 0x0, 0x79, 0x0, 0x3f, 0xcc, 0xa0, 0x1f,
    0xc2, 0x20, 0xf, 0x40, 0x7, 0xcb, 0xbd, 0xcd,
    0x30, 0xc, 0x44, 0x0, 0xe4, 0xa2, 0x0, 0x16,
    0x8, 0x6, 0x40, 0xe, 0xe0, 0xf, 0x48, 0x6,
    0xe0, 0xe, 0x70, 0xf, 0x18, 0x6, 0x10, 0xe,
    0x20, 0xf, 0x30, 0x7, 0xff, 0x14, 0xc0, 0x3f,
    0xff, 0xe0, 0x1f, 0xff, 0xe0,

    /* U+0145 "Ņ" */
    0xaf, 0xfc, 0xc0, 0x1f, 0xc9, 0xff, 0x98, 0x3,
    0xa4, 0x40, 0x3f, 0xf9, 0x16, 0x1, 0xff, 0xc8,
    0x55, 0x0, 0x7f, 0xf2, 0x2c, 0x3, 0xff, 0x90,
    0x32, 0x1, 0xff, 0xc8, 0x63, 0x0, 0xff, 0xe4,
    0x70, 0x7, 0xff, 0x10, 0x80, 0x22, 0x80, 0xf,
    0xfe, 0x1c, 0x80, 0x67, 0x20, 0xf, 0xfe, 0x12,
    0xb8, 0x6, 0xe0, 0xf, 0xfe, 0x1c, 0x10, 0x4,
    0x6c, 0x1, 0xff, 0xc3, 0x90, 0xd, 0x22, 0x1,
    0xff, 0xc2, 0x46, 0x0, 0xd4, 0x1, 0xff, 0xc3,
    0x81, 0x0, 0x91, 0x40, 0x3f, 0xf8, 0x43, 0x60,
    0x1a, 0xc4, 0x3, 0xff, 0x84, 0xa8, 0x1, 0xc,
    0x0, 0x7f, 0xf0, 0xe8, 0x3, 0x10, 0x7, 0xff,
    0xc, 0x64, 0x3, 0xff, 0x90, 0xc6, 0x1, 0xff,
    0xc8, 0xe0, 0xf, 0xfe, 0x41, 0x38, 0x7, 0xff,
    0x22, 0x8, 0x3, 0xff, 0x91, 0xc0, 0x1f, 0xfc,
    0x83, 0x60, 0xe, 0xaf, 0xfc, 0x20, 0x1f, 0xd3,
    0xff, 0x98, 0x3, 0xff, 0xa2, 0x4c, 0xd2, 0x80,
    0x7f, 0xf1, 0x12, 0x66, 0xb0, 0xf, 0xff, 0xf8,
    0x6, 0x6f, 0xe0, 0xf, 0xfe, 0x39, 0x50, 0x20,
    0x7, 0xff, 0x11, 0xb5, 0x6, 0x0, 0x3f, 0xf8,
    0xa2, 0xb8, 0x40, 0x1f, 0x80,

    /* U+0146 "ņ" */
    0x0, 0xf8, 0x55, 0xdc, 0xc8, 0x1, 0xd5, 0xff,
    0x39, 0x5f, 0x54, 0x42, 0x6f, 0x98, 0x3, 0xec,
    0xd4, 0x0, 0xf0, 0xcc, 0x80, 0x3c, 0x80, 0x1f,
    0xe6, 0x50, 0xf, 0xe1, 0x10, 0x7, 0xa0, 0x3,
    0xe5, 0xde, 0xe6, 0x98, 0x6, 0x22, 0x0, 0x72,
    0x51, 0x0, 0xb, 0x4, 0x3, 0x20, 0x7, 0x70,
    0x7, 0xa4, 0x3, 0x70, 0x7, 0x38, 0x7, 0x8c,
    0x3, 0x8, 0x7, 0x10, 0x7, 0x98, 0x3, 0xff,
    0x8a, 0x60, 0x1f, 0xff, 0xf0, 0xf, 0xff, 0xf5,
    0x7f, 0xe0, 0xf, 0x87, 0xff, 0x48, 0x7, 0xff,
    0x35, 0x9b, 0x8, 0x7, 0xff, 0x0, 0x66, 0x72,
    0x80, 0x7f, 0xfd, 0x87, 0xfc, 0x60, 0xe0, 0x1f,
    0xfc, 0x11, 0x73, 0x3, 0x0, 0xff, 0xe0, 0xf,
    0x40, 0x48, 0x7, 0xff, 0xc, 0xed, 0x80, 0x3e,

    /* U+0147 "Ň" */
    0x0, 0xd7, 0xff, 0x40, 0x4, 0x7f, 0xf7, 0x10,
    0x7, 0xd4, 0x40, 0x7, 0x40, 0x1e, 0x0, 0xa8,
    0x80, 0x3e, 0x1f, 0x0, 0xac, 0xa8, 0x80, 0x10,
    0x80, 0x1f, 0xc5, 0x60, 0x16, 0xa0, 0x1, 0x5c,
    0x3, 0xfe, 0x48, 0x0, 0xe3, 0xa0, 0xf, 0xfe,
    0xb, 0xa8, 0x4, 0x3a, 0x1, 0xff, 0xc3, 0xaf,
    0xfb, 0x84, 0x3, 0xff, 0xa1, 0x5f, 0xf9, 0x80,
    0x3f, 0x93, 0xff, 0x30, 0x7, 0x48, 0x80, 0x7f,
    0xf2, 0x2c, 0x3, 0xff, 0x90, 0xaa, 0x0, 0xff,
    0xe4, 0x58, 0x7, 0xff, 0x20, 0x64, 0x3, 0xff,
    0x90, 0xc6, 0x1, 0xff, 0xc8, 0xe0, 0xf, 0xfe,
    0x21, 0x0, 0x45, 0x0, 0x1f, 0xfc, 0x39, 0x0,
    0xce, 0x40, 0x1f, 0xfc, 0x25, 0x70, 0xd, 0xc0,
    0x1f, 0xfc, 0x38, 0x20, 0x8, 0xd8, 0x3, 0xff,
    0x87, 0x20, 0x1a, 0x44, 0x3, 0xff, 0x84, 0x8c,
    0x1, 0xa8, 0x3, 0xff, 0x87, 0x2, 0x1, 0x22,
    0x80, 0x7f, 0xf0, 0x86, 0xc0, 0x35, 0x88, 0x7,
    0xff, 0x9, 0x50, 0x2, 0x18, 0x0, 0xff, 0xe1,
    0xd0, 0x6, 0x20, 0xf, 0xfe, 0x18, 0xc8, 0x7,
    0xff, 0x21, 0x8c, 0x3, 0xff, 0x91, 0xc0, 0x1f,
    0xfc, 0x82, 0x70, 0xf, 0xfe, 0x44, 0x10, 0x7,
    0xff, 0x23, 0x80, 0x3f, 0xf9, 0x6, 0xc0, 0x1c,

    /* U+0148 "ň" */
    0x0, 0x45, 0xdc, 0xa0, 0x1a, 0xae, 0xe2, 0x0,
    0xd4, 0x89, 0x51, 0x0, 0x29, 0x51, 0x4, 0x40,
    0xc, 0x56, 0x1, 0x78, 0x32, 0x80, 0x12, 0x40,
    0x3c, 0x90, 0x0, 0x2c, 0x90, 0x1, 0x50, 0x7,
    0xe7, 0x50, 0x1, 0x80, 0x5e, 0x20, 0x1f, 0xd4,
    0x60, 0x1a, 0x88, 0x3, 0xfe, 0xda, 0xaa, 0xd4,
    0x3, 0xff, 0x80, 0x2a, 0xb2, 0x0, 0x7f, 0xf0,
    0x85, 0x5d, 0xcc, 0x80, 0x1d, 0x5f, 0xf3, 0x95,
    0xf5, 0x44, 0x26, 0xf9, 0x80, 0x3e, 0xcd, 0x40,
    0xf, 0xc, 0xc8, 0x3, 0xc8, 0x1, 0xfe, 0x65,
    0x0, 0xfe, 0x11, 0x0, 0x7a, 0x0, 0x3e, 0x5d,
    0xee, 0x69, 0x80, 0x62, 0x20, 0x7, 0x25, 0x10,
    0x0, 0xb0, 0x40, 0x32, 0x0, 0x77, 0x0, 0x7a,
    0x40, 0x37, 0x0, 0x73, 0x80, 0x78, 0xc0, 0x30,
    0x80, 0x71, 0x0, 0x79, 0x80, 0x3f, 0xf8, 0xa6,
    0x1, 0xff, 0xff, 0x0, 0xff, 0xff, 0x0,

    /* U+014A "Ŋ" */
    0xaf, 0xfc, 0xc0, 0x1f, 0xc9, 0xff, 0x98, 0x3,
    0xa4, 0x40, 0x3f, 0xf9, 0x16, 0x1, 0xff, 0xc8,
    0x55, 0x0, 0x7f, 0xf2, 0x2c, 0x3, 0xff, 0x90,
    0x32, 0x1, 0xff, 0xc8, 0x63, 0x0, 0xff, 0xe4,
    0x70, 0x7, 0xff, 0x10, 0x80, 0x22, 0x80, 0xf,
    0xfe, 0x1c, 0x80, 0x67, 0x20, 0xf, 0xfe, 0x12,
    0xb8, 0x6, 0xe0, 0xf, 0xfe, 0x1c, 0x10, 0x4,
    0x6c, 0x1, 0xff, 0xc3, 0xe0, 0xd, 0x22, 0x1,
    0xff, 0xc2, 0x36, 0x0, 0xd4, 0x1, 0xff, 0xc3,
    0x91, 0x0, 0x91, 0x40, 0x3f, 0xf8, 0x74, 0x1,
    0xac, 0x40, 0x3f, 0xf8, 0x48, 0xa0, 0x10, 0xc0,
    0x7, 0xff, 0xe, 0xc4, 0x2, 0x20, 0xf, 0xfe,
    0x18, 0xd8, 0x7, 0xff, 0x21, 0x50, 0x3, 0xff,
    0x91, 0x40, 0x1f, 0xfc, 0x81, 0x90, 0xf, 0xfe,
    0x43, 0x18, 0x7, 0xff, 0x23, 0x80, 0x3f, 0xf9,
    0x4, 0xe0, 0x1d, 0x5f, 0xf8, 0x40, 0x3f, 0xa0,
    0x40, 0x3f, 0xf9, 0xe, 0x1, 0xff, 0xc8, 0xf0,
    0xf, 0xfe, 0x46, 0x80, 0x46, 0x1, 0xff, 0xc0,
    0x4b, 0xb7, 0x20, 0x4, 0xc0, 0x1f, 0xfc, 0x2,
    0x44, 0x8, 0x4, 0x26, 0x1, 0xff, 0xc7, 0xb0,
    0xf, 0xfe, 0x9, 0x10, 0x0, 0x2b, 0x8a, 0x0,

    /* U+014B "ŋ" */
    0x0, 0xf8, 0x55, 0xdc, 0xc8, 0x1, 0xd5, 0xff,
    0x39, 0x5f, 0x54, 0x42, 0x6f, 0x98, 0x3, 0xec,
    0xd4, 0x0, 0xf0, 0xcc, 0x80, 0x3c, 0x80, 0x1f,
    0xe6, 0x50, 0xf, 0xe1, 0x10, 0x7, 0xa0, 0x3,
    0xe5, 0xde, 0xe6, 0x98, 0x6, 0x22, 0x0, 0x72,
    0x51, 0x0, 0xb, 0x4, 0x3, 0x20, 0x7, 0x70,
    0x7, 0xa4, 0x3, 0x70, 0x7, 0x38, 0x7, 0x8c,
    0x3, 0x8, 0x7, 0x10, 0x7, 0x98, 0x3, 0xff,
    0x8a, 0x60, 0x1f, 0xff, 0xf0, 0xf, 0xff, 0xf5,
    0x7f, 0xe0, 0xf, 0xfe, 0xf9, 0x80, 0x7f, 0xf1,
    0x50, 0x3, 0x8, 0x7, 0xf0, 0xc4, 0xc8, 0x3,
    0x70, 0x7, 0xf1, 0x3b, 0x0, 0x73, 0x80, 0x7f,
    0xf1, 0x24, 0x40, 0x3f, 0x84, 0x80, 0x24, 0xb6,
    0x0, 0xff, 0x16, 0xff, 0xd6, 0x80, 0x0,

    /* U+014C "Ō" */
    0x0, 0xf9, 0xa6, 0x7f, 0x20, 0x7, 0xff, 0xb,
    0x59, 0xbf, 0x60, 0x7, 0xff, 0xca, 0xff, 0xff,
    0x40, 0x7, 0xff, 0xcc, 0x51, 0x9d, 0xcc, 0x80,
    0x1f, 0xfc, 0x35, 0xce, 0xb9, 0x88, 0x4d, 0xfd,
    0xa0, 0x7, 0xf8, 0xb2, 0x8c, 0x3, 0xf2, 0x5d,
    0x8, 0x7, 0xc9, 0xa6, 0x1, 0xff, 0xc0, 0x5c,
    0x10, 0xe, 0x2b, 0x0, 0xf8, 0x44, 0x1, 0xe2,
    0xc0, 0xe, 0xf0, 0xe, 0x5c, 0xfe, 0xe7, 0xd9,
    0x80, 0x62, 0xa0, 0x9, 0xc8, 0x3, 0x4d, 0x18,
    0x6, 0x4c, 0x60, 0xc, 0xa6, 0x0, 0x90, 0xd,
    0xc, 0x1, 0xfa, 0x50, 0x3, 0x48, 0x20, 0x80,
    0x42, 0xe0, 0x1f, 0xe9, 0x0, 0xca, 0x18, 0x1,
    0x98, 0x3, 0xfe, 0x24, 0x0, 0xc8, 0x60, 0x1a,
    0xc0, 0x3f, 0xf8, 0x18, 0x1, 0xb1, 0x40, 0x31,
    0x0, 0x7f, 0xf0, 0xc, 0x3, 0x10, 0x80, 0x61,
    0x0, 0xff, 0xe0, 0x30, 0x6, 0x10, 0xc, 0x20,
    0x1f, 0xfc, 0xb1, 0x0, 0xff, 0xe3, 0x90, 0x6,
    0x10, 0xf, 0xfe, 0x3, 0x0, 0x61, 0x60, 0xc,
    0x40, 0x1f, 0xfc, 0x3, 0x0, 0xc4, 0x60, 0x1a,
    0xc0, 0x3f, 0xf8, 0x18, 0x1, 0xb3, 0x0, 0x19,
    0x80, 0x3f, 0xe2, 0x40, 0xc, 0x88, 0x10, 0x8,
    0x5c, 0x3, 0xfd, 0x20, 0x19, 0x40, 0x12, 0x1,
    0xa1, 0x80, 0x3f, 0x4a, 0x0, 0x69, 0x0, 0x39,
    0x0, 0x69, 0xa3, 0x0, 0xcb, 0x8c, 0x1, 0x94,
    0xc0, 0x2f, 0x0, 0xe5, 0xcf, 0xee, 0x7d, 0x18,
    0x6, 0x2a, 0x0, 0xc5, 0x60, 0x1f, 0x8, 0x80,
    0x3c, 0x58, 0x1, 0xe4, 0xd3, 0x0, 0xff, 0xe0,
    0x2e, 0x8, 0x7, 0xc5, 0x94, 0x60, 0x1f, 0x92,
    0xe8, 0x40, 0x3f, 0xcb, 0x9d, 0x73, 0x10, 0x9b,
    0xfb, 0x40, 0xf, 0x0,

    /* U+014D "ō" */
    0x0, 0xef, 0xff, 0xe4, 0x0, 0xff, 0xf1, 0xbb,
    0xff, 0x30, 0x7, 0xf4, 0x47, 0xf1, 0x0, 0x7f,
    0xf9, 0x51, 0x9d, 0xca, 0x20, 0x1f, 0xe1, 0xaf,
    0xb9, 0x88, 0x57, 0x62, 0x0, 0x7c, 0xbc, 0xa0,
    0x1f, 0x1d, 0xc8, 0x7, 0x2d, 0x0, 0x7f, 0xcd,
    0x40, 0x11, 0x50, 0x7, 0x84, 0x40, 0x1c, 0xac,
    0x0, 0x80, 0xc, 0x35, 0xfd, 0xcc, 0x30, 0xd,
    0x0, 0x2a, 0x1, 0xb5, 0x40, 0x23, 0xc2, 0x0,
    0x85, 0x90, 0x3, 0x29, 0x80, 0x7a, 0x0, 0x36,
    0x68, 0x6, 0xc0, 0xf, 0x90, 0x3, 0x39, 0x0,
    0x62, 0x0, 0xf8, 0x40, 0x31, 0x0, 0x7f, 0xf1,
    0xc8, 0x3, 0x10, 0x7, 0xc2, 0x1, 0x8b, 0x40,
    0x36, 0x0, 0x7c, 0xe0, 0x19, 0xd0, 0x3, 0x29,
    0x80, 0x7a, 0xc0, 0x36, 0xa, 0x80, 0x6d, 0x50,
    0x8, 0xb0, 0x80, 0x33, 0x4, 0x0, 0x61, 0xaf,
    0xde, 0xd3, 0x0, 0xd2, 0x0, 0x2a, 0x0, 0xf1,
    0x8, 0x7, 0x2b, 0x0, 0x4b, 0x40, 0x1f, 0xf3,
    0x50, 0x7, 0x2e, 0xa8, 0x7, 0xc7, 0x72, 0x1,
    0xf1, 0x57, 0xdc, 0x45, 0x5d, 0x88, 0x1, 0x80,

    /* U+0150 "Ő" */
    0x0, 0xfc, 0x5f, 0xf2, 0x0, 0x5d, 0xfe, 0x70,
    0xf, 0xfe, 0x5, 0x80, 0x9, 0x0, 0xa, 0x20,
    0x6, 0x0, 0xff, 0xe0, 0x30, 0x2, 0x80, 0x29,
    0x0, 0x28, 0x80, 0x7f, 0xcc, 0x1, 0x38, 0x0,
    0xcc, 0x0, 0x90, 0xf, 0xfe, 0x5, 0x80, 0x18,
    0x2, 0x90, 0x1, 0x98, 0x3, 0xfe, 0x42, 0x0,
    0x58, 0x0, 0x54, 0x1, 0x40, 0x1f, 0xfc, 0x2,
    0x55, 0x39, 0x0, 0x15, 0x73, 0x0, 0x7f, 0xf0,
    0x1a, 0xa9, 0x0, 0x12, 0x55, 0x40, 0x1f, 0xfc,
    0x31, 0x46, 0x77, 0x32, 0x0, 0x7f, 0xf0, 0xd7,
    0x3a, 0xe6, 0x21, 0x37, 0xf6, 0x80, 0x1f, 0xe2,
    0xca, 0x30, 0xf, 0xc9, 0x74, 0x20, 0x1f, 0x26,
    0x98, 0x7, 0xff, 0x1, 0x70, 0x40, 0x38, 0xac,
    0x3, 0xe1, 0x10, 0x7, 0x8b, 0x0, 0x3b, 0xc0,
    0x39, 0x73, 0xfb, 0x9f, 0x66, 0x1, 0x8a, 0x80,
    0x27, 0x20, 0xd, 0x34, 0x60, 0x19, 0x31, 0x80,
    0x32, 0x98, 0x2, 0x40, 0x34, 0x30, 0x7, 0xe9,
    0x40, 0xd, 0x20, 0x82, 0x1, 0xb, 0x80, 0x7f,
    0xa4, 0x3, 0x28, 0x60, 0x6, 0x60, 0xf, 0xf8,
    0x90, 0x3, 0x21, 0x80, 0x6b, 0x0, 0xff, 0xe0,
    0x60, 0x6, 0xc5, 0x0, 0xc4, 0x1, 0xff, 0xc0,
    0x30, 0xc, 0x42, 0x1, 0x84, 0x3, 0xff, 0x80,
    0xc0, 0x18, 0x40, 0x30, 0x80, 0x7f, 0xf2, 0xc4,
    0x3, 0xff, 0x8e, 0x40, 0x18, 0x40, 0x3f, 0xf8,
    0xc, 0x1, 0x85, 0x80, 0x31, 0x0, 0x7f, 0xf0,
    0xc, 0x3, 0x11, 0x80, 0x6b, 0x0, 0xff, 0xe0,
    0x60, 0x6, 0xcc, 0x0, 0x66, 0x0, 0xff, 0x89,
    0x0, 0x32, 0x20, 0x40, 0x21, 0x70, 0xf, 0xf4,
    0x80, 0x65, 0x0, 0x48, 0x6, 0x86, 0x0, 0xfd,
    0x28, 0x1, 0xa4, 0x0, 0xe4, 0x1, 0xa6, 0x8c,
    0x3, 0x2e, 0x30, 0x6, 0x53, 0x0, 0xbc, 0x3,
    0x97, 0x3f, 0xb9, 0xf4, 0x60, 0x18, 0xa8, 0x3,
    0x15, 0x80, 0x7c, 0x22, 0x0, 0xf1, 0x60, 0x7,
    0x93, 0x4c, 0x3, 0xff, 0x80, 0xb8, 0x20, 0x1f,
    0x16, 0x51, 0x80, 0x7e, 0x4b, 0xa1, 0x0, 0xff,
    0x2e, 0x75, 0xcc, 0x42, 0x6f, 0xed, 0x0, 0x3c,

    /* U+0151 "ő" */
    0x0, 0xf2, 0x55, 0x40, 0x11, 0x55, 0x44, 0x1,
    0xf7, 0xaa, 0x84, 0x2, 0xa5, 0x52, 0x10, 0x7,
    0x89, 0x0, 0x1e, 0x1, 0x30, 0x2, 0x40, 0x3e,
    0xb0, 0x1, 0x20, 0x1, 0x84, 0x0, 0xc0, 0x1f,
    0x30, 0x2, 0xc0, 0x2a, 0x0, 0x28, 0x80, 0x79,
    0x80, 0x26, 0x0, 0x19, 0x80, 0x12, 0x1, 0xf5,
    0x80, 0x18, 0x2, 0x90, 0x1, 0x98, 0x3, 0xed,
    0xff, 0x48, 0x5, 0x5f, 0xec, 0x0, 0xff, 0xe9,
    0x23, 0x3b, 0x94, 0x40, 0x3f, 0xc3, 0x5f, 0x73,
    0x10, 0xae, 0xc4, 0x0, 0xf9, 0x79, 0x40, 0x3e,
    0x3b, 0x90, 0xe, 0x5a, 0x0, 0xff, 0x9a, 0x80,
    0x22, 0xa0, 0xf, 0x8, 0x80, 0x39, 0x58, 0x1,
    0x0, 0x18, 0x6b, 0xfb, 0x98, 0x60, 0x1a, 0x0,
    0x54, 0x3, 0x6a, 0x80, 0x47, 0x84, 0x1, 0xb,
    0x20, 0x6, 0x53, 0x0, 0xf4, 0x0, 0x6c, 0xd0,
    0xd, 0x80, 0x1f, 0x20, 0x6, 0x72, 0x0, 0xc4,
    0x1, 0xf0, 0x80, 0x62, 0x0, 0xff, 0xe3, 0x90,
    0x6, 0x20, 0xf, 0x84, 0x3, 0x16, 0x80, 0x6c,
    0x0, 0xf9, 0xc0, 0x33, 0xa0, 0x6, 0x53, 0x0,
    0xf5, 0x80, 0x6c, 0x15, 0x0, 0xda, 0xa0, 0x11,
    0x61, 0x0, 0x66, 0x8, 0x0, 0xc3, 0x5f, 0xbd,
    0xa6, 0x1, 0xa4, 0x0, 0x54, 0x1, 0xe2, 0x10,
    0xe, 0x56, 0x0, 0x96, 0x80, 0x3f, 0xe6, 0xa0,
    0xe, 0x5d, 0x50, 0xf, 0x8e, 0xe4, 0x3, 0xe2,
    0xaf, 0xb8, 0x8a, 0xbb, 0x10, 0x3, 0x0,

    /* U+0152 "Œ" */
    0x0, 0xfc, 0x28, 0xce, 0xe6, 0x40, 0xf, 0xfe,
    0x7a, 0xe7, 0x5c, 0xc4, 0x26, 0xfe, 0xd0, 0x3b,
    0xff, 0xff, 0x86, 0x20, 0x18, 0xb2, 0x8c, 0x3,
    0xf2, 0x5d, 0x0, 0x7f, 0xf2, 0x13, 0x4c, 0x3,
    0xff, 0x80, 0xa2, 0x1, 0xff, 0xc6, 0x2b, 0x0,
    0xf8, 0x44, 0x1, 0xff, 0xcd, 0xf0, 0xe, 0x5c,
    0xfe, 0xe7, 0xd9, 0x80, 0x7c, 0x55, 0x5f, 0xf0,
    0x83, 0x90, 0x6, 0x9a, 0x30, 0xc, 0x98, 0xc0,
    0x1e, 0x65, 0x5f, 0xf8, 0x1, 0x20, 0x1a, 0x18,
    0x3, 0xf4, 0xa0, 0x7, 0xff, 0x19, 0x4, 0x2,
    0x17, 0x0, 0xff, 0x48, 0x7, 0xff, 0x1b, 0x0,
    0x33, 0x0, 0x7f, 0xc4, 0x80, 0x1f, 0xfc, 0x53,
    0x0, 0xd6, 0x1, 0xff, 0xc0, 0xc0, 0xf, 0xfe,
    0x2a, 0x80, 0x62, 0x0, 0xff, 0xe0, 0x18, 0x6,
    0x4f, 0xff, 0xe0, 0x8, 0x40, 0x30, 0x80, 0x7f,
    0xf0, 0x18, 0x3, 0xff, 0x92, 0x20, 0x1f, 0xfd,
    0x71, 0x0, 0xff, 0xe9, 0x90, 0x6, 0x10, 0xf,
    0xfe, 0x3, 0x0, 0x62, 0xaa, 0xfe, 0x0, 0x98,
    0x3, 0x10, 0x7, 0xff, 0x0, 0xc0, 0x33, 0x2a,
    0xff, 0x0, 0x46, 0x1, 0xac, 0x3, 0xff, 0x81,
    0x80, 0x1f, 0xfc, 0x5c, 0x0, 0xcc, 0x1, 0xff,
    0x12, 0x0, 0x7f, 0xf1, 0x50, 0x40, 0x21, 0x70,
    0xf, 0xf4, 0x80, 0x7f, 0xf1, 0xe4, 0x3, 0x43,
    0x0, 0x7e, 0x94, 0x0, 0xff, 0xe3, 0xb9, 0x0,
    0x69, 0xa3, 0x0, 0xcb, 0x8c, 0x1, 0xe6, 0x55,
    0xff, 0x80, 0x2f, 0x0, 0xe5, 0xcf, 0xee, 0x7d,
    0x18, 0x7, 0xc5, 0x55, 0xff, 0x8, 0x0, 0xac,
    0x3, 0xe1, 0x10, 0x7, 0xff, 0x39, 0x34, 0xc0,
    0x3f, 0xf8, 0xa, 0x20, 0x1f, 0xfc, 0x82, 0xca,
    0x30, 0xf, 0xc9, 0x74, 0x1, 0xff, 0xcb, 0x5c,
    0xeb, 0x98, 0x84, 0xdf, 0xda, 0x7, 0x7f, 0xff,
    0xf0, 0xc4,

    /* U+0153 "œ" */
    0x0, 0xf9, 0x19, 0xdc, 0xa2, 0x1, 0xf0, 0xab,
    0xb9, 0x90, 0x3, 0xfe, 0x1a, 0xfb, 0x98, 0x85,
    0x76, 0x20, 0x4, 0x99, 0xd5, 0x10, 0x9b, 0xf9,
    0x10, 0xf, 0x97, 0x94, 0x3, 0xe3, 0xb9, 0x8,
    0xb3, 0x0, 0xf9, 0xbc, 0xc0, 0x39, 0x68, 0x3,
    0xfe, 0x6e, 0x70, 0xf, 0xf0, 0xe1, 0x0, 0x45,
    0x40, 0x1e, 0x11, 0x0, 0x70, 0x80, 0x61, 0x57,
    0x51, 0x0, 0xdc, 0x1, 0x40, 0x6, 0x1a, 0xfe,
    0xe6, 0x18, 0x7, 0xcf, 0xd5, 0x15, 0xc8, 0x1,
    0x1a, 0x0, 0xa8, 0x6, 0xd5, 0x0, 0x8f, 0x8,
    0x3, 0x92, 0x0, 0x3a, 0x80, 0x36, 0x82, 0x0,
    0x65, 0x30, 0xf, 0x40, 0x7, 0xb, 0xbf, 0x98,
    0x40, 0x24, 0xd, 0x0, 0xd8, 0x1, 0xf2, 0x0,
    0x72, 0xc4, 0x7c, 0x20, 0x11, 0x1, 0x0, 0x62,
    0x0, 0xf8, 0x40, 0x3f, 0xfd, 0x4, 0x1, 0x88,
    0x3, 0xe1, 0x0, 0xee, 0xff, 0xff, 0xe0, 0x6,
    0x80, 0x6c, 0x0, 0xf9, 0xc0, 0x39, 0x0, 0x3e,
    0x10, 0xe, 0x40, 0xc, 0xa6, 0x1, 0xeb, 0x0,
    0xe8, 0x0, 0xf2, 0x76, 0x41, 0x80, 0x5, 0x40,
    0x36, 0xa8, 0x4, 0x58, 0x40, 0x1c, 0x58, 0x40,
    0x13, 0x58, 0x1b, 0xe4, 0x80, 0x20, 0x3, 0xd,
    0x7e, 0xf6, 0x98, 0x7, 0xc7, 0xbd, 0xbf, 0x20,
    0x1d, 0x60, 0x2, 0xa0, 0xf, 0x10, 0x80, 0x70,
    0x80, 0x70, 0x90, 0x7, 0xa8, 0x80, 0x25, 0xa0,
    0xf, 0xf9, 0xb9, 0xc0, 0x3f, 0xea, 0x50, 0xe,
    0x5d, 0x50, 0xf, 0x8e, 0xe4, 0x23, 0x10, 0x3,
    0xe5, 0xd5, 0x0, 0xf8, 0xab, 0xee, 0x22, 0xae,
    0xc4, 0x0, 0x8e, 0xfa, 0xe2, 0x2b, 0xea, 0x20,
    0xc,

    /* U+0154 "Ŕ" */
    0x0, 0xfe, 0x2f, 0xf9, 0x0, 0x3f, 0xf8, 0x74,
    0x0, 0x24, 0x0, 0xff, 0xe1, 0xb0, 0x2, 0x80,
    0x3f, 0xf8, 0x6c, 0x20, 0x6, 0x0, 0xff, 0xe1,
    0xd8, 0x1, 0x84, 0x3, 0xff, 0x84, 0x64, 0x0,
    0xa0, 0xf, 0xfe, 0x1a, 0xac, 0xc6, 0x1, 0xff,
    0xc3, 0x6a, 0xa4, 0x80, 0x7f, 0xf4, 0x6b, 0xff,
    0xfe, 0xeb, 0x71, 0x0, 0xff, 0xe2, 0xa, 0x47,
    0xa0, 0x7, 0xff, 0x18, 0x6d, 0x0, 0x3f, 0xf8,
    0xf4, 0x1, 0xf5, 0x57, 0xa5, 0x40, 0x30, 0xb8,
    0x7, 0x95, 0x7c, 0xd5, 0x20, 0x1a, 0xc0, 0x3f,
    0xf8, 0x4c, 0x40, 0x11, 0x80, 0x7f, 0xf0, 0xdc,
    0x3, 0xff, 0x8e, 0x60, 0x18, 0x40, 0x3f, 0xf8,
    0x4a, 0x1, 0x84, 0x3, 0xff, 0x82, 0x46, 0x1,
    0x10, 0x7, 0xff, 0x0, 0x57, 0x0, 0x32, 0x80,
    0x7b, 0xff, 0xdd, 0x42, 0x1, 0xa8, 0x3, 0xff,
    0x8c, 0xe4, 0x1, 0xff, 0xc5, 0x58, 0x0, 0xff,
    0xe2, 0xcd, 0x0, 0x7e, 0xbb, 0xe3, 0x0, 0xff,
    0xe1, 0x22, 0x74, 0x80, 0x6b, 0x0, 0xff, 0xe1,
    0x29, 0x0, 0x44, 0xa0, 0x1f, 0xfc, 0x2b, 0x0,
    0xd0, 0x1, 0xff, 0xc2, 0x61, 0x0, 0x89, 0x0,
    0x3f, 0xf8, 0x52, 0x1, 0xa0, 0x3, 0xff, 0x84,
    0xe2, 0x1, 0x19, 0x80, 0x3f, 0xf8, 0x4c, 0x1,
    0xa0, 0x3, 0xff, 0x85, 0x20, 0x19, 0xc,

    /* U+0155 "ŕ" */
    0x0, 0xe2, 0xaa, 0x88, 0x3, 0xeb, 0x55, 0x39,
    0x0, 0x7c, 0xc0, 0xb, 0x0, 0xf9, 0xc0, 0x26,
    0x0, 0xfa, 0x80, 0xc, 0x1, 0xf2, 0x10, 0x2,
    0xc0, 0x3e, 0xf0, 0x2, 0x10, 0x7, 0xd7, 0xfe,
    0xb0, 0xf, 0xfe, 0x8d, 0x7f, 0xce, 0x5, 0x5d,
    0xfe, 0x20, 0xe, 0x6d, 0x51, 0x0, 0xfb, 0x24,
    0x3, 0xfc, 0x80, 0x1f, 0xfc, 0x26, 0xce, 0xe1,
    0x0, 0x7a, 0xe4, 0xc4, 0x40, 0x1e, 0x74, 0x0,
    0xff, 0x50, 0x7, 0xfc, 0x40, 0x1f, 0xff, 0xf0,
    0xf, 0xfe, 0xd8,

    /* U+0156 "Ŗ" */
    0xaf, 0xff, 0xfb, 0xad, 0xc4, 0x3, 0xff, 0x88,
    0x29, 0x1e, 0x80, 0x1f, 0xfc, 0x61, 0xb4, 0x0,
    0xff, 0xe3, 0xd0, 0x7, 0xd5, 0x5e, 0x95, 0x0,
    0xc2, 0xe0, 0x1e, 0x55, 0xf3, 0x54, 0x80, 0x6b,
    0x0, 0xff, 0xe1, 0x31, 0x0, 0x46, 0x1, 0xff,
    0xc3, 0x70, 0xf, 0xfe, 0x39, 0x80, 0x61, 0x0,
    0xff, 0xe1, 0x28, 0x6, 0x10, 0xf, 0xfe, 0x9,
    0x18, 0x4, 0x40, 0x1f, 0xfc, 0x1, 0x5c, 0x0,
    0xca, 0x1, 0xef, 0xff, 0x75, 0x8, 0x6, 0xa0,
    0xf, 0xfe, 0x33, 0x90, 0x7, 0xff, 0x15, 0x60,
    0x3, 0xff, 0x8b, 0x34, 0x1, 0xfa, 0xef, 0x8c,
    0x3, 0xff, 0x84, 0x89, 0xd2, 0x1, 0xac, 0x3,
    0xff, 0x84, 0xa4, 0x1, 0x12, 0x80, 0x7f, 0xf0,
    0xac, 0x3, 0x40, 0x7, 0xff, 0x9, 0x84, 0x2,
    0x24, 0x0, 0xff, 0xe1, 0x48, 0x6, 0x80, 0xf,
    0xfe, 0x13, 0x88, 0x4, 0x66, 0x0, 0xff, 0xe1,
    0x30, 0x6, 0x80, 0xf, 0xfe, 0x14, 0x80, 0x64,
    0x3a, 0xff, 0xc0, 0x1f, 0x87, 0xff, 0x8c, 0x3,
    0xff, 0x9e, 0x8c, 0xd1, 0x80, 0x7f, 0xf0, 0xe2,
    0x66, 0xa0, 0xf, 0xff, 0xfe, 0x7c, 0x0, 0x80,
    0x7f, 0xf1, 0x16, 0x43, 0x0, 0x3f, 0xf8, 0x79,
    0x42, 0x88, 0x0, 0xff, 0xe2, 0x14, 0x58, 0x7,
    0xf0,

    /* U+0157 "ŗ" */
    0x0, 0xff, 0xe0, 0x57, 0xfc, 0xe0, 0x55, 0xdf,
    0xe2, 0x0, 0xe6, 0xd5, 0x10, 0xf, 0xb2, 0x40,
    0x3f, 0xc8, 0x1, 0xff, 0xc2, 0x6c, 0xee, 0x10,
    0x7, 0xae, 0x4c, 0x44, 0x1, 0xe7, 0x40, 0xf,
    0xf5, 0x0, 0x7f, 0xc4, 0x1, 0xff, 0xff, 0x0,
    0xff, 0xed, 0xd7, 0xfe, 0x0, 0xff, 0xe3, 0x93,
    0x34, 0xa0, 0x1f, 0x2c, 0xcd, 0x60, 0x1f, 0xfd,
    0xf7, 0xfe, 0x0, 0xff, 0x1d, 0x2, 0x0, 0x7c,
    0xf8, 0x83, 0x0, 0x1f, 0x85, 0x70, 0x80, 0x3e,

    /* U+0158 "Ř" */
    0x0, 0x67, 0xfc, 0xc0, 0x12, 0x7f, 0xdc, 0x20,
    0x1e, 0xd1, 0x0, 0x49, 0x80, 0xd0, 0x5, 0xa2,
    0x1, 0xe1, 0xd0, 0xb, 0x47, 0x44, 0x1, 0x46,
    0x1, 0xf8, 0xe8, 0x0, 0x3c, 0x60, 0x7, 0x50,
    0xf, 0xf2, 0xb8, 0x7, 0x24, 0x0, 0x7f, 0xf0,
    0x21, 0x0, 0x22, 0xb0, 0xf, 0xfe, 0x15, 0xff,
    0xda, 0x1, 0xff, 0xd1, 0xaf, 0xff, 0xfb, 0xad,
    0xc4, 0x3, 0xff, 0x88, 0x29, 0x1e, 0x80, 0x1f,
    0xfc, 0x61, 0xb4, 0x0, 0xff, 0xe3, 0xd0, 0x7,
    0xd5, 0x5e, 0x95, 0x0, 0xc2, 0xe0, 0x1e, 0x55,
    0xf3, 0x54, 0x80, 0x6b, 0x0, 0xff, 0xe1, 0x31,
    0x0, 0x46, 0x1, 0xff, 0xc3, 0x70, 0xf, 0xfe,
    0x39, 0x80, 0x61, 0x0, 0xff, 0xe1, 0x28, 0x6,
    0x10, 0xf, 0xfe, 0x9, 0x18, 0x4, 0x40, 0x1f,
    0xfc, 0x1, 0x5c, 0x0, 0xca, 0x1, 0xef, 0xff,
    0x75, 0x8, 0x6, 0xa0, 0xf, 0xfe, 0x33, 0x90,
    0x7, 0xff, 0x15, 0x60, 0x3, 0xff, 0x8b, 0x34,
    0x1, 0xfa, 0xef, 0x8c, 0x3, 0xff, 0x84, 0x89,
    0xd2, 0x1, 0xac, 0x3, 0xff, 0x84, 0xa4, 0x1,
    0x12, 0x80, 0x7f, 0xf0, 0xac, 0x3, 0x40, 0x7,
    0xff, 0x9, 0x84, 0x2, 0x24, 0x0, 0xff, 0xe1,
    0x48, 0x6, 0x80, 0xf, 0xfe, 0x13, 0x88, 0x4,
    0x66, 0x0, 0xff, 0xe1, 0x30, 0x6, 0x80, 0xf,
    0xfe, 0x14, 0x80, 0x64, 0x30,

    /* U+0159 "ř" */
    0x6, 0x88, 0x8c, 0x3, 0x3c, 0x44, 0x40, 0xae,
    0xf6, 0x88, 0x2, 0x61, 0xdc, 0x24, 0x7, 0x40,
    0x1, 0xc0, 0x66, 0x0, 0x12, 0x40, 0x25, 0x90,
    0x1, 0x64, 0x80, 0xe, 0xc0, 0x39, 0x9c, 0x0,
    0x60, 0x2, 0xd0, 0xf, 0xa1, 0x40, 0x21, 0xf1,
    0x0, 0xfd, 0x5f, 0xf7, 0x10, 0x7, 0xff, 0x62,
    0xbf, 0xe7, 0x2, 0xae, 0xff, 0x10, 0x7, 0xe6,
    0xd5, 0x10, 0xf, 0xf6, 0x48, 0x7, 0xff, 0x5,
    0x0, 0x3f, 0xf8, 0xad, 0x9d, 0xc2, 0x0, 0xfe,
    0xb9, 0x31, 0x10, 0x7, 0xf3, 0xa0, 0x7, 0xff,
    0x6, 0x80, 0x3f, 0xf8, 0x44, 0x1, 0xff, 0xff,
    0x0, 0xff, 0xfb, 0x80,

    /* U+015A "Ś" */
    0x0, 0xff, 0x9f, 0xfd, 0xc0, 0x1f, 0xfc, 0x59,
    0x0, 0x30, 0x7, 0xff, 0x11, 0x44, 0x1, 0x40,
    0x1f, 0xfc, 0x49, 0x0, 0x21, 0x0, 0x7f, 0xf0,
    0xc8, 0xc0, 0x1e, 0x1, 0xff, 0xc4, 0xb0, 0x1,
    0x20, 0x7, 0xff, 0x10, 0xd5, 0x50, 0x1, 0xff,
    0xc5, 0xaa, 0x94, 0x3, 0xff, 0x86, 0x4a, 0xef,
    0x29, 0x0, 0x7f, 0xc3, 0x1d, 0xb5, 0x11, 0x56,
    0xe9, 0x80, 0x3f, 0x1f, 0xb8, 0x80, 0x7c, 0x53,
    0x82, 0x1, 0xc7, 0x82, 0x1, 0xff, 0x1f, 0x88,
    0x6, 0xe0, 0xf, 0x9, 0x0, 0x78, 0x74, 0x2,
    0x52, 0x0, 0xcd, 0xbd, 0xbf, 0x64, 0x1, 0x8d,
    0x80, 0x1a, 0x1, 0x9e, 0x48, 0x2, 0x4d, 0x30,
    0xd, 0x60, 0x2, 0x0, 0xd6, 0x1, 0xf7, 0x0,
    0x63, 0x10, 0xf, 0x30, 0x7, 0xc5, 0x13, 0x9d,
    0xc1, 0x2, 0x0, 0xd4, 0xc0, 0x1f, 0x3b, 0x18,
    0x80, 0x58, 0x1, 0xd3, 0xd2, 0xa2, 0x1, 0xfe,
    0x43, 0x0, 0xe1, 0x6a, 0xec, 0x83, 0x0, 0xfd,
    0xc4, 0x1, 0xf8, 0xdf, 0x39, 0xc0, 0x3c, 0x58,
    0xc0, 0x1f, 0xe1, 0x8e, 0x30, 0xe, 0x19, 0xe9,
    0x40, 0xf, 0xe1, 0xc3, 0x0, 0xf0, 0xb5, 0xfd,
    0x30, 0x80, 0x7d, 0xe0, 0x1f, 0xe5, 0x9e, 0xc7,
    0x0, 0xe3, 0x30, 0x4, 0x28, 0x20, 0x1e, 0x38,
    0xe2, 0x0, 0xca, 0xd9, 0xfd, 0x6c, 0x1, 0xf8,
    0x68, 0x3, 0x8, 0x18, 0x5, 0x20, 0x1f, 0xfc,
    0x21, 0x70, 0xc, 0x36, 0x1, 0xf0, 0xc8, 0x6,
    0x51, 0x50, 0xc, 0x9a, 0xa0, 0x19, 0x7c, 0x40,
    0x22, 0x30, 0xb1, 0x0, 0xc5, 0x5f, 0xba, 0xfa,
    0x10, 0xd, 0x0, 0x1, 0xd0, 0xf, 0x88, 0x80,
    0x1e, 0x65, 0x0, 0x8f, 0x48, 0x3, 0xff, 0x81,
    0x12, 0x1, 0xc5, 0xb2, 0x40, 0x1f, 0xb, 0x6b,
    0x80, 0x7e, 0x6d, 0xea, 0x88, 0xab, 0x3a, 0x48,
    0x3, 0x0,

    /* U+015B "ś" */
    0x0, 0xfe, 0x8a, 0xa3, 0x80, 0x7f, 0xf0, 0x9,
    0xd5, 0x46, 0x1, 0xff, 0xc0, 0xa0, 0x1, 0x20,
    0x7, 0xff, 0x1, 0x80, 0x14, 0x1, 0xff, 0xc0,
    0x61, 0x0, 0x30, 0x7, 0xff, 0x2, 0xc0, 0xc,
    0x20, 0x1f, 0xf1, 0x90, 0x2, 0x80, 0x3f, 0xf8,
    0x7, 0xff, 0x18, 0x7, 0xff, 0x40, 0x95, 0xdc,
    0xc8, 0x20, 0x1f, 0x97, 0x75, 0x51, 0x9, 0xbe,
    0xa2, 0x0, 0xe8, 0xa2, 0x0, 0xf9, 0x75, 0x0,
    0x25, 0x70, 0xf, 0xfa, 0xc8, 0x1, 0x20, 0x18,
    0x9e, 0x10, 0x3, 0xa0, 0x0, 0x60, 0x12, 0x6c,
    0x3d, 0xe0, 0x6, 0x50, 0xf, 0xf8, 0xdd, 0xd5,
    0xbe, 0x0, 0x20, 0x9, 0x31, 0xc8, 0x1, 0x10,
    0x52, 0x0, 0xac, 0x3, 0x1c, 0x6f, 0x52, 0x80,
    0x79, 0xa0, 0x3, 0xc2, 0xb5, 0xf2, 0x20, 0x19,
    0xf5, 0x84, 0x3, 0xe6, 0xf2, 0x0, 0xc5, 0x3d,
    0x8e, 0x60, 0x1c, 0x3c, 0x1, 0xc2, 0x7, 0x19,
    0xd2, 0x1, 0x8c, 0x56, 0xb3, 0xb8, 0xa0, 0x10,
    0xb3, 0x80, 0x62, 0x35, 0x31, 0xb, 0x20, 0xc,
    0x60, 0x18, 0x5c, 0x3, 0xe, 0xdc, 0x43, 0x10,
    0x2, 0x12, 0x18, 0x0, 0xe4, 0x77, 0x18, 0x6,
    0x90, 0x3, 0xb8, 0x3, 0xfe, 0x57, 0x0, 0xa2,
    0xcc, 0x3, 0xe2, 0x9a, 0x0, 0xe4, 0xce, 0xa8,
    0x8a, 0xb7, 0x4c, 0x1, 0x0,

    /* U+015C "Ŝ" */
    0x0, 0xfd, 0x5f, 0xf7, 0x8, 0x7, 0xff, 0x9,
    0xd4, 0x2, 0x1d, 0x0, 0xff, 0xe0, 0xa4, 0x0,
    0x71, 0xc8, 0x7, 0xfc, 0x56, 0x1, 0x6a, 0x0,
    0x19, 0xc0, 0x3f, 0x87, 0xc0, 0x2b, 0x2a, 0x20,
    0x4, 0x20, 0x7, 0xea, 0x20, 0x3, 0xa0, 0xf,
    0x0, 0x54, 0x40, 0x1f, 0x5f, 0xfd, 0x0, 0x11,
    0xff, 0xdc, 0x40, 0x1f, 0xe2, 0x57, 0x79, 0x48,
    0x3, 0xfe, 0x18, 0xed, 0xa8, 0x8a, 0xb7, 0x4c,
    0x1, 0xf8, 0xfd, 0xc4, 0x3, 0xe2, 0x9c, 0x10,
    0xe, 0x3c, 0x10, 0xf, 0xf8, 0xfc, 0x40, 0x37,
    0x0, 0x78, 0x48, 0x3, 0xc3, 0xa0, 0x12, 0x90,
    0x6, 0x6d, 0xed, 0xfb, 0x20, 0xc, 0x6c, 0x0,
    0xd0, 0xc, 0xf2, 0x40, 0x12, 0x69, 0x80, 0x6b,
    0x0, 0x10, 0x6, 0xb0, 0xf, 0xb8, 0x3, 0x18,
    0x80, 0x79, 0x80, 0x3e, 0x28, 0x9c, 0xee, 0x8,
    0x10, 0x6, 0xa6, 0x0, 0xf9, 0xd8, 0xc4, 0x2,
    0xc0, 0xe, 0x9e, 0x95, 0x10, 0xf, 0xf2, 0x18,
    0x7, 0xb, 0x57, 0x64, 0x18, 0x7, 0xee, 0x20,
    0xf, 0xc6, 0xf9, 0xce, 0x1, 0xe2, 0xc6, 0x0,
    0xff, 0xc, 0x71, 0x80, 0x70, 0xcf, 0x4a, 0x0,
    0x7f, 0xe, 0x18, 0x7, 0x85, 0xaf, 0xe9, 0x84,
    0x3, 0xef, 0x0, 0xff, 0x2c, 0xf6, 0x38, 0x7,
    0x19, 0x80, 0x21, 0x41, 0x0, 0xf1, 0xc7, 0x10,
    0x6, 0x56, 0xcf, 0xeb, 0x60, 0xf, 0xc3, 0x40,
    0x18, 0x40, 0xc0, 0x29, 0x0, 0xff, 0xe1, 0xb,
    0x80, 0x61, 0xb0, 0xf, 0x86, 0x40, 0x32, 0x8a,
    0x80, 0x64, 0xd5, 0x0, 0xcb, 0xe2, 0x1, 0x11,
    0x85, 0x88, 0x6, 0x2a, 0xfd, 0xd7, 0xd0, 0x80,
    0x68, 0x0, 0xe, 0x80, 0x7c, 0x44, 0x0, 0xf3,
    0x28, 0x4, 0x7a, 0x40, 0x1f, 0xfc, 0x8, 0x90,
    0xe, 0x2d, 0x92, 0x0, 0xf8, 0x5b, 0x5c, 0x3,
    0xf3, 0x6f, 0x54, 0x45, 0x59, 0xd2, 0x40, 0x18,

    /* U+015D "ŝ" */
    0x0, 0xf2, 0x44, 0x4a, 0x1, 0xff, 0x25, 0xbb,
    0xd4, 0xa0, 0x1f, 0xc5, 0x60, 0x1d, 0x48, 0x1,
    0xf0, 0xe0, 0x5, 0x62, 0x0, 0xb3, 0x0, 0xe1,
    0xc1, 0x0, 0x5a, 0x68, 0x5, 0xa4, 0x1, 0xb4,
    0x80, 0x10, 0x80, 0x76, 0x0, 0x1f, 0x10, 0xb,
    0x3f, 0xe7, 0x0, 0x93, 0xfe, 0xd1, 0x0, 0xff,
    0xe5, 0x92, 0xbb, 0x99, 0x4, 0x3, 0xf2, 0xee,
    0xaa, 0x21, 0x37, 0xd4, 0x40, 0x1d, 0x14, 0x40,
    0x1f, 0x2e, 0xa0, 0x4, 0xae, 0x1, 0xff, 0x59,
    0x0, 0x24, 0x3, 0x13, 0xc2, 0x0, 0x74, 0x0,
    0xc, 0x2, 0x4d, 0x87, 0xbc, 0x0, 0xca, 0x1,
    0xff, 0x1b, 0xba, 0xb7, 0xc0, 0x4, 0x1, 0x26,
    0x39, 0x0, 0x22, 0xa, 0x40, 0x15, 0x80, 0x63,
    0x8d, 0xea, 0x50, 0xf, 0x34, 0x0, 0x78, 0x56,
    0xbe, 0x44, 0x3, 0x3e, 0xb0, 0x80, 0x7c, 0xde,
    0x40, 0x18, 0xa7, 0xb1, 0xcc, 0x3, 0x87, 0x80,
    0x38, 0x40, 0xe3, 0x3a, 0x40, 0x31, 0x8a, 0xd6,
    0x77, 0x14, 0x2, 0x16, 0x70, 0xc, 0x46, 0xa6,
    0x21, 0x64, 0x1, 0x8c, 0x3, 0xb, 0x80, 0x61,
    0xdb, 0x88, 0x62, 0x0, 0x42, 0x43, 0x0, 0x1c,
    0x8e, 0xe3, 0x0, 0xd2, 0x0, 0x77, 0x0, 0x7f,
    0xca, 0xe0, 0x14, 0x59, 0x80, 0x7c, 0x53, 0x40,
    0x1c, 0x99, 0xd5, 0x11, 0x56, 0xe9, 0x80, 0x20,

    /* U+015E "Ş" */
    0x0, 0xf8, 0x95, 0xde, 0x52, 0x0, 0xff, 0x86,
    0x3b, 0x6a, 0x22, 0xad, 0xd3, 0x0, 0x7e, 0x3f,
    0x71, 0x0, 0xf8, 0xa7, 0x4, 0x3, 0x8f, 0x4,
    0x3, 0xfe, 0x3f, 0x10, 0xd, 0xc0, 0x1e, 0x12,
    0x0, 0xf0, 0xe8, 0x4, 0xa4, 0x1, 0x9b, 0x7b,
    0x7e, 0xc8, 0x3, 0x1b, 0x0, 0x34, 0x3, 0x3c,
    0x90, 0x4, 0x9a, 0x60, 0x1a, 0xc0, 0x4, 0x1,
    0xac, 0x3, 0xee, 0x0, 0xc6, 0x20, 0x1e, 0x60,
    0xf, 0x8a, 0x27, 0x3b, 0x82, 0x4, 0x1, 0xa9,
    0x80, 0x3e, 0x76, 0x31, 0x0, 0xb0, 0x3, 0xa7,
    0xa5, 0x44, 0x3, 0xfc, 0x86, 0x1, 0xc2, 0xd5,
    0xd9, 0x6, 0x1, 0xfb, 0x88, 0x3, 0xf1, 0xbe,
    0x73, 0x80, 0x78, 0xb1, 0x80, 0x3f, 0xc3, 0x1c,
    0x60, 0x1c, 0x33, 0xd2, 0x80, 0x1f, 0xc3, 0x86,
    0x1, 0xe1, 0x6b, 0xfa, 0x61, 0x0, 0xfb, 0xc0,
    0x3f, 0xcb, 0x3d, 0x8e, 0x1, 0xc6, 0x60, 0x8,
    0x50, 0x40, 0x3c, 0x71, 0xc4, 0x1, 0x95, 0xb3,
    0xfa, 0xd8, 0x3, 0xf0, 0xd0, 0x6, 0x10, 0x30,
    0xa, 0x40, 0x3f, 0xf8, 0x42, 0xe0, 0x18, 0x6c,
    0x3, 0xe1, 0x90, 0xc, 0xa2, 0xa0, 0x19, 0x35,
    0x40, 0x32, 0xf8, 0x80, 0x44, 0x61, 0x62, 0x1,
    0x8a, 0xbf, 0x75, 0xf4, 0x20, 0x1a, 0x0, 0x3,
    0xa0, 0x1f, 0x11, 0x0, 0x3c, 0xca, 0x1, 0x1e,
    0x90, 0x7, 0xff, 0x2, 0x24, 0x3, 0x8b, 0x64,
    0x80, 0x3e, 0x16, 0xd7, 0x0, 0xfc, 0xdb, 0xd4,
    0xe0, 0x4, 0xce, 0x92, 0x0, 0xff, 0x85, 0x78,
    0x0, 0xe2, 0x1, 0xff, 0xc4, 0xc0, 0x1, 0xe0,
    0x7, 0xff, 0x12, 0xb0, 0x40, 0x54, 0x3, 0xff,
    0x86, 0x42, 0x60, 0x2, 0x0, 0xff, 0xe1, 0xe6,
    0x90, 0x0, 0xc0, 0x3f, 0xf8, 0x48, 0x20, 0x11,
    0xa0, 0x7, 0xff, 0xc, 0xc0, 0x5b, 0x0, 0x3e,

    /* U+015F "ş" */
    0x0, 0xe2, 0x57, 0x73, 0x20, 0x80, 0x7e, 0x5d,
    0xd5, 0x44, 0x26, 0xfa, 0x88, 0x3, 0xa2, 0x88,
    0x3, 0xe5, 0xd4, 0x0, 0x95, 0xc0, 0x3f, 0xeb,
    0x20, 0x4, 0x80, 0x62, 0x78, 0x40, 0xe, 0x80,
    0x1, 0x80, 0x49, 0xb0, 0xf7, 0x80, 0x19, 0x40,
    0x3f, 0xe3, 0x77, 0x56, 0xf8, 0x0, 0x80, 0x24,
    0xc7, 0x20, 0x4, 0x41, 0x48, 0x2, 0xb0, 0xc,
    0x71, 0xbd, 0x4a, 0x1, 0xe6, 0x80, 0xf, 0xa,
    0xd7, 0xc8, 0x80, 0x67, 0xd6, 0x10, 0xf, 0x9b,
    0xc8, 0x3, 0x14, 0xf6, 0x39, 0x80, 0x70, 0xf0,
    0x7, 0x8, 0x1c, 0x67, 0x48, 0x6, 0x31, 0x5a,
    0xce, 0xe2, 0x80, 0x42, 0xce, 0x1, 0x88, 0xd4,
    0xc4, 0x2c, 0x80, 0x31, 0x80, 0x61, 0x70, 0xc,
    0x3b, 0x71, 0xc, 0x40, 0x8, 0x48, 0x60, 0x3,
    0x91, 0xdc, 0x60, 0x1a, 0x40, 0xe, 0xe0, 0xf,
    0xf9, 0x5c, 0x2, 0x8b, 0x30, 0xf, 0x8a, 0x68,
    0x3, 0x93, 0x3a, 0x80, 0x3, 0x5b, 0xa6, 0x0,
    0xfc, 0x2e, 0x1, 0x9, 0x0, 0x7f, 0xca, 0x0,
    0x1b, 0x30, 0xf, 0xf9, 0xf5, 0x0, 0x14, 0x1,
    0xff, 0x8, 0x8, 0x0, 0x80, 0x3f, 0xea, 0xd5,
    0x0, 0x18, 0x7, 0xf8, 0x50, 0x2, 0x19, 0x0,
    0xff, 0x1a, 0x0, 0x13, 0x4, 0x3, 0x80,

    /* U+0160 "Š" */
    0x0, 0xd3, 0xff, 0x50, 0x4, 0x3d, 0xff, 0x18,
    0x7, 0xd2, 0x60, 0x5, 0x60, 0x6, 0x88, 0x2,
    0x8c, 0x3, 0xf6, 0x88, 0x2, 0x4e, 0x4c, 0x0,
    0xea, 0x1, 0xfc, 0x3a, 0x1, 0x63, 0x0, 0x12,
    0x0, 0x3f, 0xe3, 0xa0, 0xe, 0x2a, 0x0, 0xff,
    0xe0, 0xab, 0x80, 0x6f, 0x10, 0xf, 0xfe, 0x14,
    0x7f, 0xe2, 0x0, 0xff, 0xe1, 0x12, 0xbb, 0xca,
    0x40, 0x1f, 0xf0, 0xc7, 0x6d, 0x44, 0x55, 0xba,
    0x60, 0xf, 0xc7, 0xee, 0x20, 0x1f, 0x14, 0xe0,
    0x80, 0x71, 0xe0, 0x80, 0x7f, 0xc7, 0xe2, 0x1,
    0xb8, 0x3, 0xc2, 0x40, 0x1e, 0x1d, 0x0, 0x94,
    0x80, 0x33, 0x6f, 0x6f, 0xd9, 0x0, 0x63, 0x60,
    0x6, 0x80, 0x67, 0x92, 0x0, 0x93, 0x4c, 0x3,
    0x58, 0x0, 0x80, 0x35, 0x80, 0x7d, 0xc0, 0x18,
    0xc4, 0x3, 0xcc, 0x1, 0xf1, 0x44, 0xe7, 0x70,
    0x40, 0x80, 0x35, 0x30, 0x7, 0xce, 0xc6, 0x20,
    0x16, 0x0, 0x74, 0xf4, 0xa8, 0x80, 0x7f, 0x90,
    0xc0, 0x38, 0x5a, 0xbb, 0x20, 0xc0, 0x3f, 0x71,
    0x0, 0x7e, 0x37, 0xce, 0x70, 0xf, 0x16, 0x30,
    0x7, 0xf8, 0x63, 0x8c, 0x3, 0x86, 0x7a, 0x50,
    0x3, 0xf8, 0x70, 0xc0, 0x3c, 0x2d, 0x7f, 0x4c,
    0x20, 0x1f, 0x78, 0x7, 0xf9, 0x67, 0xb1, 0xc0,
    0x38, 0xcc, 0x1, 0xa, 0x8, 0x7, 0x8e, 0x38,
    0x80, 0x32, 0xb6, 0x7f, 0x5b, 0x0, 0x7e, 0x1a,
    0x0, 0xc2, 0x6, 0x1, 0x48, 0x7, 0xff, 0x8,
    0x5c, 0x3, 0xd, 0x80, 0x7c, 0x32, 0x1, 0x94,
    0x54, 0x3, 0x26, 0xa8, 0x6, 0x5f, 0x10, 0x8,
    0x8c, 0x2c, 0x40, 0x31, 0x57, 0xee, 0xbe, 0x84,
    0x3, 0x40, 0x0, 0x74, 0x3, 0xe2, 0x20, 0x7,
    0x99, 0x40, 0x23, 0xd2, 0x0, 0xff, 0xe0, 0x44,
    0x80, 0x71, 0x6c, 0x90, 0x7, 0xc2, 0xda, 0xe0,
    0x1f, 0x9b, 0x7a, 0xa2, 0x2a, 0xce, 0x92, 0x0,
    0xc0,

    /* U+0161 "š" */
    0x0, 0x3c, 0x41, 0xc4, 0x2, 0x18, 0x89, 0xc0,
    0x30, 0xbb, 0xa3, 0x40, 0x2d, 0x77, 0x84, 0x3,
    0x33, 0x80, 0xe, 0x82, 0x8c, 0x0, 0xec, 0x1,
    0xd0, 0xa0, 0x5, 0xc5, 0x0, 0x34, 0x0, 0x7d,
    0x48, 0x0, 0x30, 0x2, 0x48, 0x7, 0xf5, 0x98,
    0x4, 0x76, 0x1, 0xff, 0x67, 0xfd, 0x80, 0x1f,
    0xfd, 0x2, 0x57, 0x73, 0x20, 0x80, 0x7e, 0x5d,
    0xd5, 0x44, 0x26, 0xfa, 0x88, 0x3, 0xa2, 0x88,
    0x3, 0xe5, 0xd4, 0x0, 0x95, 0xc0, 0x3f, 0xeb,
    0x20, 0x4, 0x80, 0x62, 0x78, 0x40, 0xe, 0x80,
    0x1, 0x80, 0x49, 0xb0, 0xf7, 0x80, 0x19, 0x40,
    0x3f, 0xe3, 0x77, 0x56, 0xf8, 0x0, 0x80, 0x24,
    0xc7, 0x20, 0x4, 0x41, 0x48, 0x2, 0xb0, 0xc,
    0x71, 0xbd, 0x4a, 0x1, 0xe6, 0x80, 0xf, 0xa,
    0xd7, 0xc8, 0x80, 0x67, 0xd6, 0x10, 0xf, 0x9b,
    0xc8, 0x3, 0x14, 0xf6, 0x39, 0x80, 0x70, 0xf0,
    0x7, 0x8, 0x1c, 0x67, 0x48, 0x6, 0x31, 0x5a,
    0xce, 0xe2, 0x80, 0x42, 0xce, 0x1, 0x88, 0xd4,
    0xc4, 0x2c, 0x80, 0x31, 0x80, 0x61, 0x70, 0xc,
    0x3b, 0x71, 0xc, 0x40, 0x8, 0x48, 0x60, 0x3,
    0x91, 0xdc, 0x60, 0x1a, 0x40, 0xe, 0xe0, 0xf,
    0xf9, 0x5c, 0x2, 0x8b, 0x30, 0xf, 0x8a, 0x68,
    0x3, 0x93, 0x3a, 0xa2, 0x2a, 0xdd, 0x30, 0x4,

    /* U+0162 "Ţ" */
    0xaf, 0xff, 0xfe, 0x3b, 0x0, 0x7f, 0xfc, 0xe6,
    0xab, 0xe0, 0xc, 0x75, 0x5f, 0x21, 0xaa, 0xfc,
    0x1, 0x9d, 0x57, 0xe2, 0x0, 0xff, 0xff, 0x80,
    0x7f, 0xff, 0xc0, 0x3f, 0xff, 0xe0, 0x1f, 0xff,
    0xf0, 0xf, 0xff, 0xf8, 0x7, 0xff, 0x53, 0x0,
    0x11, 0x60, 0x1f, 0xfc, 0x4a, 0x0, 0x60, 0x80,
    0x7f, 0xf1, 0x10, 0x0, 0x9a, 0x1, 0xff, 0xc4,
    0xdb, 0x0, 0x19, 0x80, 0x3f, 0xf8, 0x64, 0xe2,
    0x0, 0x70, 0xf, 0xfe, 0x10, 0xee, 0x8, 0x1,
    0x40, 0x3f, 0xf8, 0x4c, 0x1, 0x98, 0x40, 0x3f,
    0xf8, 0x42, 0x40, 0x31, 0x20, 0x1f, 0x80,

    /* U+0163 "ţ" */
    0x0, 0xa3, 0xff, 0x8, 0x7, 0xff, 0xfe, 0xbf,
    0xce, 0x1, 0xbb, 0xff, 0x30, 0x7, 0xff, 0x43,
    0x19, 0x84, 0x1, 0x95, 0x9b, 0x2b, 0x4c, 0x94,
    0x3, 0x5c, 0xce, 0x30, 0xf, 0xff, 0xf8, 0x7,
    0xff, 0x4c, 0xc0, 0x3f, 0x78, 0x6, 0xa0, 0xf,
    0xc6, 0x1, 0x9e, 0xa2, 0x12, 0x60, 0x12, 0x8,
    0x6, 0x57, 0x73, 0x28, 0x6, 0xb0, 0xf, 0xfe,
    0xa, 0xd0, 0x80, 0x7f, 0xf0, 0x17, 0x88, 0x6,
    0x26, 0xdc, 0x3, 0xc4, 0x40, 0x35, 0x64, 0x10,
    0xf, 0x28, 0x0, 0xb0, 0x80, 0x3f, 0x3e, 0x18,
    0xd, 0x80, 0x7e, 0x11, 0x30, 0x0, 0x80, 0x3f,
    0x56, 0xa8, 0x0, 0xc0, 0x3e, 0x14, 0x0, 0x86,
    0x40, 0x3e, 0x34, 0x0, 0x2e, 0x8, 0x0,

    /* U+0164 "Ť" */
    0x0, 0x8b, 0xff, 0x10, 0x5, 0x1f, 0xf5, 0x80,
    0x7c, 0x56, 0x1, 0x78, 0x82, 0xb8, 0x0, 0xac,
    0x3, 0xf2, 0x40, 0x0, 0xa8, 0xa8, 0x0, 0x3e,
    0x1, 0xfe, 0x75, 0x0, 0x26, 0x80, 0x54, 0x40,
    0x1f, 0xf5, 0x18, 0x7, 0x4a, 0x0, 0x7f, 0xf0,
    0x74, 0x40, 0x26, 0x60, 0x7, 0xff, 0x8, 0x7b,
    0xfe, 0x90, 0xf, 0xfe, 0x8d, 0x7f, 0xff, 0xf1,
    0xd8, 0x3, 0xff, 0xe7, 0x35, 0x5f, 0x0, 0x63,
    0xaa, 0xf9, 0xd, 0x57, 0xe0, 0xc, 0xea, 0xbf,
    0x10, 0x7, 0xff, 0xfc, 0x3, 0xff, 0xfe, 0x1,
    0xff, 0xff, 0x0, 0xff, 0xff, 0x80, 0x7f, 0xff,
    0xc0, 0x3f, 0xf9, 0x80,

    /* U+0165 "ť" */
    0x0, 0xff, 0x86, 0xab, 0x28, 0x7, 0xff, 0x1,
    0x57, 0x68, 0x7, 0xff, 0xc8, 0x7f, 0xc8, 0x1,
    0xc6, 0xcd, 0x80, 0x3c, 0xe1, 0xc0, 0x15, 0xcc,
    0xe1, 0x0, 0x8a, 0xc, 0x10, 0x3, 0xff, 0x81,
    0x8e, 0xa, 0x40, 0x1f, 0xfc, 0x3, 0x33, 0xd0,
    0x7, 0xff, 0x7, 0x72, 0x0, 0x3f, 0xf8, 0xf5,
    0xfe, 0x70, 0xd, 0xdf, 0xf9, 0x80, 0x3f, 0xfb,
    0x38, 0xcc, 0x20, 0xc, 0xac, 0xd9, 0x40, 0x26,
    0x99, 0x28, 0x6, 0xb9, 0x9c, 0x60, 0x1f, 0xff,
    0xf0, 0xf, 0xff, 0x59, 0x80, 0x7f, 0xde, 0x1,
    0xa8, 0x3, 0xfe, 0x20, 0xc, 0xf7, 0x32, 0xa4,
    0x0, 0xf2, 0x88, 0x6, 0x46, 0x62, 0x90, 0x7,
    0xd6, 0x1, 0xff, 0xc4, 0x5a, 0x10, 0xf, 0xfe,
    0x1a, 0xf6, 0x4c, 0x42, 0x6d, 0xc0, 0x20,

    /* U+0166 "Ŧ" */
    0xaf, 0xff, 0xfe, 0x3b, 0x0, 0x7f, 0xfc, 0xe6,
    0xab, 0xe0, 0xc, 0x75, 0x5f, 0x21, 0xaa, 0xfc,
    0x1, 0x9d, 0x57, 0xe2, 0x0, 0xff, 0xff, 0x80,
    0x7f, 0xd1, 0x55, 0xc0, 0x19, 0x6a, 0xb9, 0x40,
    0x32, 0x2a, 0xf0, 0x6, 0x15, 0x5e, 0xd0, 0xf,
    0xff, 0xbe, 0x7f, 0xf0, 0x6, 0x4f, 0xfe, 0x80,
    0xf, 0xff, 0xf8, 0x7, 0xff, 0xfc, 0x3, 0xff,
    0xba,

    /* U+0167 "ŧ" */
    0x0, 0x92, 0x23, 0x0, 0x7f, 0xb1, 0xdf, 0x8,
    0x7, 0xff, 0xda, 0xbf, 0xce, 0x1, 0xbb, 0xff,
    0x30, 0x7, 0xff, 0x4f, 0x19, 0x84, 0x1, 0x95,
    0x9b, 0x28, 0x34, 0xc9, 0x40, 0x35, 0xcc, 0xe3,
    0x0, 0xff, 0xe9, 0xd7, 0xf9, 0xc0, 0x37, 0x7f,
    0xf0, 0x80, 0x7f, 0xf4, 0xb1, 0x98, 0x40, 0x19,
    0x59, 0xb8, 0x5a, 0x64, 0xa0, 0x1a, 0xe6, 0x78,
    0x3, 0xf8, 0xc0, 0x3f, 0xbc, 0x3, 0x50, 0x7,
    0xf1, 0x0, 0x67, 0xb9, 0x95, 0x20, 0x6, 0x51,
    0x0, 0xc8, 0xcc, 0x52, 0x0, 0xeb, 0x0, 0xff,
    0xe1, 0x2d, 0x8, 0x7, 0xff, 0x5, 0x7b, 0x26,
    0x21, 0x36, 0xe0,

    /* U+0168 "Ũ" */
    0x0, 0xf1, 0x21, 0x80, 0x7f, 0xf1, 0x67, 0x6f,
    0x35, 0x0, 0x3, 0xfe, 0xc0, 0xf, 0xc6, 0xc0,
    0x11, 0x5d, 0x9, 0x80, 0x8, 0x3, 0xf5, 0x80,
    0x79, 0x7b, 0x40, 0x6, 0x1, 0xff, 0x3f, 0xc8,
    0x7, 0x90, 0x3, 0xf7, 0x80, 0x38, 0x1b, 0x50,
    0x2, 0x28, 0x0, 0xfc, 0xff, 0xe6, 0x0, 0x15,
    0xed, 0x66, 0x88, 0x7, 0xff, 0x10, 0x94, 0xc0,
    0x3f, 0xf9, 0xf5, 0xff, 0x84, 0x3, 0xf9, 0xbf,
    0xf2, 0x0, 0x7f, 0xff, 0xc0, 0x3f, 0xff, 0xe0,
    0x1f, 0xff, 0xf0, 0xf, 0xff, 0xf8, 0x7, 0xff,
    0xc, 0xc0, 0x31, 0x80, 0x7f, 0x8, 0x7, 0x70,
    0x6, 0x70, 0xf, 0xed, 0x0, 0xcc, 0x60, 0x1a,
    0x40, 0x3f, 0x12, 0x80, 0x62, 0x40, 0xc, 0x70,
    0x1, 0xf7, 0x0, 0x65, 0x0, 0x38, 0x6, 0x7b,
    0x30, 0x9, 0x74, 0xc0, 0x34, 0x80, 0x20, 0x40,
    0x32, 0x67, 0xf7, 0xd1, 0x0, 0x66, 0x30, 0xb,
    0x0, 0x3e, 0x10, 0xf, 0x1c, 0x80, 0x62, 0xd2,
    0x0, 0xff, 0x97, 0x0, 0x3c, 0x5b, 0x4, 0x1,
    0xf1, 0xdd, 0x0, 0x7f, 0x3e, 0xea, 0xa2, 0x2a,
    0xec, 0x40, 0xe,

    /* U+0169 "ũ" */
    0x0, 0x86, 0xff, 0xd6, 0x80, 0x12, 0x2a, 0x80,
    0x3d, 0xa8, 0x0, 0x4b, 0xc4, 0x9, 0xaa, 0x10,
    0x6, 0x23, 0x0, 0xe3, 0xbf, 0x20, 0x0, 0x80,
    0x61, 0x0, 0x17, 0xd0, 0x7, 0xc4, 0x1, 0x84,
    0x0, 0xc0, 0xb8, 0x20, 0x19, 0x4, 0x3, 0x15,
    0x53, 0xc0, 0x7, 0xec, 0x0, 0x5a, 0x0, 0xf2,
    0xa9, 0x0, 0x21, 0x9f, 0xf5, 0x8, 0x7, 0xff,
    0x6f, 0xff, 0x58, 0x7, 0xcd, 0xff, 0x90, 0x3,
    0xff, 0xfe, 0x1, 0xff, 0xfd, 0x70, 0xf, 0x84,
    0x3, 0xf8, 0x80, 0x3e, 0xf0, 0xe, 0x10, 0x8,
    0x44, 0x1, 0xe2, 0x0, 0xe2, 0x0, 0xd2, 0x1,
    0xc4, 0xa0, 0x1c, 0x80, 0x19, 0xdc, 0x1, 0x27,
    0x80, 0x7a, 0xc0, 0x3a, 0x3f, 0xbe, 0xc8, 0x3,
    0xc6, 0x80, 0x1e, 0x10, 0xf, 0xf5, 0x8, 0x7,
    0xf1, 0x88, 0x7, 0xf, 0xa8, 0x7, 0xd1, 0x86,
    0x1, 0xe1, 0xae, 0xa8, 0x84, 0xdf, 0xb8, 0x6f,
    0xfc, 0x80,

    /* U+016A "Ū" */
    0x0, 0xe2, 0x99, 0xfd, 0x0, 0x1f, 0xf3, 0x37,
    0xf3, 0x80, 0x7f, 0xfa, 0x53, 0xff, 0xf8, 0x3,
    0xff, 0xf3, 0x5f, 0xf8, 0x40, 0x3f, 0x9b, 0xff,
    0x20, 0x7, 0xff, 0xfc, 0x3, 0xff, 0xfe, 0x1,
    0xff, 0xff, 0x0, 0xff, 0xff, 0x80, 0x7f, 0xf0,
    0xcc, 0x3, 0x18, 0x7, 0xf0, 0x80, 0x77, 0x0,
    0x67, 0x0, 0xfe, 0xd0, 0xc, 0xc6, 0x1, 0xa4,
    0x3, 0xf1, 0x28, 0x6, 0x24, 0x0, 0xc7, 0x0,
    0x1f, 0x70, 0x6, 0x50, 0x3, 0x80, 0x67, 0xb3,
    0x0, 0x97, 0x4c, 0x3, 0x48, 0x2, 0x4, 0x3,
    0x26, 0x7f, 0x7d, 0x10, 0x6, 0x63, 0x0, 0xb0,
    0x3, 0xe1, 0x0, 0xf1, 0xc8, 0x6, 0x2d, 0x20,
    0xf, 0xf9, 0x70, 0x3, 0xc5, 0xb0, 0x40, 0x1f,
    0x1d, 0xd0, 0x7, 0xf3, 0xee, 0xaa, 0x22, 0xae,
    0xc4, 0x0, 0xe0,

    /* U+016B "ū" */
    0x0, 0xdf, 0xff, 0xc8, 0x1, 0xff, 0xe0, 0x77,
    0xfe, 0x60, 0xf, 0xd1, 0x1f, 0xc4, 0x1, 0xff,
    0xee, 0xff, 0xd6, 0x1, 0xf3, 0x7f, 0xe4, 0x0,
    0xff, 0xff, 0x80, 0x7f, 0xff, 0x5c, 0x3, 0xe1,
    0x0, 0xfe, 0x20, 0xf, 0xbc, 0x3, 0x84, 0x2,
    0x11, 0x0, 0x78, 0x80, 0x38, 0x80, 0x34, 0x80,
    0x71, 0x28, 0x7, 0x20, 0x6, 0x77, 0x0, 0x49,
    0xe0, 0x1e, 0xb0, 0xe, 0x8f, 0xef, 0xb2, 0x0,
    0xf1, 0xa0, 0x7, 0x84, 0x3, 0xfd, 0x42, 0x1,
    0xfc, 0x62, 0x1, 0xc3, 0xea, 0x1, 0xf4, 0x61,
    0x80, 0x78, 0x6b, 0xaa, 0x21, 0x37, 0xee, 0x1b,
    0xff, 0x20,

    /* U+016C "Ŭ" */
    0x0, 0xef, 0xfa, 0x80, 0x3, 0xdf, 0xeb, 0x0,
    0xff, 0x18, 0x1, 0x72, 0x7c, 0x40, 0x18, 0x1,
    0xfe, 0x90, 0x8, 0xd8, 0x40, 0x2, 0xc0, 0x1f,
    0xe5, 0x80, 0xf, 0xe, 0x88, 0x7, 0xfc, 0xf8,
    0x82, 0x2, 0xde, 0x60, 0x1f, 0xfc, 0x13, 0xbe,
    0xfe, 0x91, 0x0, 0xff, 0xe8, 0x57, 0xfe, 0x10,
    0xf, 0xe6, 0xff, 0xc8, 0x1, 0xff, 0xff, 0x0,
    0xff, 0xff, 0x80, 0x7f, 0xff, 0xc0, 0x3f, 0xff,
    0xe0, 0x1f, 0xfc, 0x33, 0x0, 0xc6, 0x1, 0xfc,
    0x20, 0x1d, 0xc0, 0x19, 0xc0, 0x3f, 0xb4, 0x3,
    0x31, 0x80, 0x69, 0x0, 0xfc, 0x4a, 0x1, 0x89,
    0x0, 0x31, 0xc0, 0x7, 0xdc, 0x1, 0x94, 0x0,
    0xe0, 0x19, 0xec, 0xc0, 0x25, 0xd3, 0x0, 0xd2,
    0x0, 0x81, 0x0, 0xc9, 0x9f, 0xdf, 0x44, 0x1,
    0x98, 0xc0, 0x2c, 0x0, 0xf8, 0x40, 0x3c, 0x72,
    0x1, 0x8b, 0x48, 0x3, 0xfe, 0x5c, 0x0, 0xf1,
    0x6c, 0x10, 0x7, 0xc7, 0x74, 0x1, 0xfc, 0xfb,
    0xaa, 0x88, 0xab, 0xb1, 0x0, 0x38,

    /* U+016D "ŭ" */
    0x0, 0xaf, 0xfd, 0xc0, 0x14, 0xff, 0xc0, 0x1f,
    0x10, 0x0, 0x5c, 0x11, 0x80, 0x4, 0x1, 0xf5,
    0x0, 0x51, 0xf6, 0x1, 0x50, 0x7, 0xc6, 0xe0,
    0x1f, 0x13, 0x80, 0x7e, 0x87, 0x0, 0xe4, 0xc0,
    0xf, 0xf4, 0x6c, 0x33, 0xe5, 0x88, 0x7, 0xfc,
    0x4f, 0x30, 0x60, 0x1f, 0xfc, 0xdf, 0xfd, 0x60,
    0x1f, 0x37, 0xfe, 0x40, 0xf, 0xff, 0xf8, 0x7,
    0xff, 0xf5, 0xc0, 0x3e, 0x10, 0xf, 0xe2, 0x0,
    0xfb, 0xc0, 0x38, 0x40, 0x21, 0x10, 0x7, 0x88,
    0x3, 0x88, 0x3, 0x48, 0x7, 0x12, 0x80, 0x72,
    0x0, 0x67, 0x70, 0x4, 0x9e, 0x1, 0xeb, 0x0,
    0xe8, 0xfe, 0xfb, 0x20, 0xf, 0x1a, 0x0, 0x78,
    0x40, 0x3f, 0xd4, 0x20, 0x1f, 0xc6, 0x20, 0x1c,
    0x3e, 0xa0, 0x1f, 0x46, 0x18, 0x7, 0x86, 0xba,
    0xa2, 0x13, 0x7e, 0xe1, 0xbf, 0xf2, 0x0,

    /* U+016E "Ů" */
    0x0, 0xfc, 0x93, 0x72, 0x60, 0x1f, 0xfc, 0x39,
    0xb6, 0x46, 0xc8, 0x0, 0xff, 0xe0, 0xb3, 0x0,
    0x39, 0xd4, 0x3, 0xff, 0x81, 0x60, 0xa, 0xfa,
    0x0, 0x40, 0x7, 0xfc, 0x24, 0x8, 0xa0, 0xa8,
    0x4, 0x1, 0xff, 0xd4, 0x12, 0x4, 0x50, 0x54,
    0x2, 0x0, 0xff, 0xe0, 0x58, 0x2, 0xbe, 0x80,
    0x10, 0x1, 0xff, 0xc0, 0x66, 0x0, 0x73, 0xa8,
    0x7, 0xff, 0x6, 0x6d, 0x91, 0xb2, 0x0, 0x3f,
    0xf8, 0x69, 0x37, 0x26, 0x1, 0xfa, 0xbf, 0xf0,
    0x80, 0x7f, 0x37, 0xfe, 0x40, 0xf, 0xff, 0xf8,
    0x7, 0xff, 0xfc, 0x3, 0xff, 0xfe, 0x1, 0xff,
    0xff, 0x0, 0xff, 0xe1, 0x98, 0x6, 0x30, 0xf,
    0xe1, 0x0, 0xee, 0x0, 0xce, 0x1, 0xfd, 0xa0,
    0x19, 0x8c, 0x3, 0x48, 0x7, 0xe2, 0x50, 0xc,
    0x48, 0x1, 0x8e, 0x0, 0x3e, 0xe0, 0xc, 0xa0,
    0x7, 0x0, 0xcf, 0x66, 0x1, 0x2e, 0x98, 0x6,
    0x90, 0x4, 0x8, 0x6, 0x4c, 0xfe, 0xfa, 0x20,
    0xc, 0xc6, 0x1, 0x60, 0x7, 0xc2, 0x1, 0xe3,
    0x90, 0xc, 0x5a, 0x40, 0x1f, 0xf2, 0xe0, 0x7,
    0x8b, 0x60, 0x80, 0x3e, 0x3b, 0xa0, 0xf, 0xe7,
    0xdd, 0x54, 0x45, 0x5d, 0x88, 0x1, 0xc0,

    /* U+016F "ů" */
    0x0, 0xf1, 0xcd, 0xd2, 0x80, 0x7f, 0xf0, 0x1b,
    0x19, 0x16, 0xa8, 0x1, 0xfe, 0x39, 0x0, 0xe5,
    0x80, 0xf, 0xe8, 0x0, 0x47, 0xd8, 0x1, 0xc0,
    0x3f, 0x94, 0x9, 0xc1, 0x18, 0x0, 0x60, 0x1f,
    0xfc, 0xe5, 0x2, 0x70, 0x46, 0x0, 0x18, 0x7,
    0xe8, 0x0, 0x47, 0xd8, 0x1, 0xc0, 0x3f, 0x8e,
    0x40, 0x39, 0x60, 0x3, 0xfc, 0xd8, 0xc8, 0xb5,
    0x40, 0xf, 0xfe, 0x1, 0xcd, 0xd2, 0x80, 0x7f,
    0xf3, 0x7f, 0xf5, 0x80, 0x7c, 0xdf, 0xf9, 0x0,
    0x3f, 0xff, 0xe0, 0x1f, 0xff, 0xd7, 0x0, 0xf8,
    0x40, 0x3f, 0x88, 0x3, 0xef, 0x0, 0xe1, 0x0,
    0x84, 0x40, 0x1e, 0x20, 0xe, 0x20, 0xd, 0x20,
    0x1c, 0x4a, 0x1, 0xc8, 0x1, 0x9d, 0xc0, 0x12,
    0x78, 0x7, 0xac, 0x3, 0xa3, 0xfb, 0xec, 0x80,
    0x3c, 0x68, 0x1, 0xe1, 0x0, 0xff, 0x50, 0x80,
    0x7f, 0x18, 0x80, 0x70, 0xfa, 0x80, 0x7d, 0x18,
    0x60, 0x1e, 0x1a, 0xea, 0x88, 0x4d, 0xfb, 0x86,
    0xff, 0xc8,

    /* U+0170 "Ű" */
    0x0, 0xfb, 0x3f, 0xd4, 0x1, 0x4f, 0xfb, 0x40,
    0x3f, 0x8c, 0xc0, 0x9, 0x0, 0x98, 0x1, 0x40,
    0x1f, 0xd4, 0x0, 0x23, 0x0, 0x30, 0x4, 0xc0,
    0x1f, 0x85, 0x80, 0x16, 0x1, 0x58, 0x1, 0x84,
    0x3, 0xf3, 0x0, 0x5, 0x80, 0x8, 0x40, 0xb,
    0x0, 0xfe, 0x90, 0x3, 0x0, 0x5c, 0x0, 0x42,
    0x0, 0xfc, 0x48, 0xaa, 0xa0, 0xc, 0xaa, 0xf0,
    0xf, 0xe2, 0xaa, 0x88, 0x2, 0xaa, 0x90, 0x3,
    0xff, 0x9d, 0x5f, 0xf8, 0x40, 0x3f, 0x9b, 0xff,
    0x20, 0x7, 0xff, 0xfc, 0x3, 0xff, 0xfe, 0x1,
    0xff, 0xff, 0x0, 0xff, 0xff, 0x80, 0x7f, 0xf0,
    0xcc, 0x3, 0x18, 0x7, 0xf0, 0x80, 0x77, 0x0,
    0x67, 0x0, 0xfe, 0xd0, 0xc, 0xc6, 0x1, 0xa4,
    0x3, 0xf1, 0x28, 0x6, 0x24, 0x0, 0xc7, 0x0,
    0x1f, 0x70, 0x6, 0x50, 0x3, 0x80, 0x67, 0xb3,
    0x0, 0x97, 0x4c, 0x3, 0x48, 0x2, 0x4, 0x3,
    0x26, 0x7f, 0x7d, 0x10, 0x6, 0x63, 0x0, 0xb0,
    0x3, 0xe1, 0x0, 0xf1, 0xc8, 0x6, 0x2d, 0x20,
    0xf, 0xf9, 0x70, 0x3, 0xc5, 0xb0, 0x40, 0x1f,
    0x1d, 0xd0, 0x7, 0xf3, 0xee, 0xaa, 0x22, 0xae,
    0xc4, 0x0, 0xe0,

    /* U+0171 "ű" */
    0x0, 0xe2, 0xaa, 0x88, 0x2, 0xaa, 0x90, 0x3,
    0xd6, 0xaa, 0x72, 0x0, 0x32, 0xae, 0x0, 0xf3,
    0x0, 0x2c, 0x2, 0xa0, 0x2, 0x88, 0x7, 0x38,
    0x4, 0xc0, 0x3, 0x30, 0x2, 0x40, 0x3d, 0x40,
    0x6, 0x0, 0xa4, 0x0, 0x66, 0x0, 0xe4, 0x20,
    0x5, 0x80, 0x5, 0x40, 0x12, 0x1, 0xef, 0x0,
    0x21, 0x0, 0x18, 0x0, 0x2a, 0x1, 0xeb, 0xff,
    0x58, 0x4, 0xff, 0xee, 0x0, 0xff, 0xee, 0x7f,
    0xeb, 0x0, 0xf9, 0xbf, 0xf2, 0x0, 0x7f, 0xff,
    0xc0, 0x3f, 0xff, 0xae, 0x1, 0xf0, 0x80, 0x7f,
    0x10, 0x7, 0xde, 0x1, 0xc2, 0x1, 0x8, 0x80,
    0x3c, 0x40, 0x1c, 0x40, 0x1a, 0x40, 0x38, 0x94,
    0x3, 0x90, 0x3, 0x3b, 0x80, 0x24, 0xf0, 0xf,
    0x58, 0x7, 0x47, 0xf7, 0xd9, 0x0, 0x78, 0xd0,
    0x3, 0xc2, 0x1, 0xfe, 0xa1, 0x0, 0xfe, 0x31,
    0x0, 0xe1, 0xf5, 0x0, 0xfa, 0x30, 0xc0, 0x3c,
    0x35, 0xd5, 0x10, 0x9b, 0xf7, 0xd, 0xff, 0x90,

    /* U+0172 "Ų" */
    0xaf, 0xfc, 0x20, 0x1f, 0xcd, 0xff, 0x90, 0x3,
    0xff, 0xfe, 0x1, 0xff, 0xff, 0x0, 0xff, 0xff,
    0x80, 0x7f, 0xff, 0xc0, 0x3f, 0xf8, 0x66, 0x1,
    0x8c, 0x3, 0xf8, 0x40, 0x3b, 0x80, 0x33, 0x80,
    0x7f, 0x68, 0x6, 0x63, 0x0, 0xd2, 0x1, 0xf8,
    0x94, 0x3, 0x12, 0x0, 0x63, 0x80, 0xf, 0xb8,
    0x3, 0x28, 0x1, 0xc0, 0x33, 0xd9, 0x80, 0x4b,
    0xa6, 0x1, 0xa4, 0x1, 0x2, 0x1, 0x93, 0x3f,
    0xbe, 0x88, 0x3, 0x31, 0x80, 0x58, 0x1, 0xf0,
    0x80, 0x78, 0xe4, 0x3, 0x16, 0x90, 0x7, 0xfc,
    0xb8, 0x1, 0xe2, 0xd8, 0x20, 0xf, 0x86, 0xa8,
    0x1, 0xfc, 0xfb, 0xaa, 0x40, 0x8, 0xfd, 0x40,
    0x3f, 0xf8, 0x4, 0xac, 0x0, 0x2d, 0x10, 0xf,
    0xfe, 0x10, 0x90, 0x2, 0x84, 0x3, 0xff, 0x86,
    0x60, 0x15, 0xbc, 0x80, 0x7f, 0xf0, 0x88, 0x40,
    0x7, 0xc, 0xe0, 0x1f, 0xfc, 0x2b, 0x0, 0xec,
    0x0, 0xff, 0xe1, 0x2d, 0x10, 0xb, 0xd8, 0x7,
    0x0,

    /* U+0173 "ų" */
    0xff, 0xd6, 0x1, 0xf3, 0x7f, 0xe4, 0x0, 0xff,
    0xff, 0x80, 0x7f, 0xff, 0x5c, 0x3, 0xe1, 0x0,
    0xfe, 0x20, 0xf, 0xbc, 0x3, 0x84, 0x2, 0x11,
    0x0, 0x78, 0x80, 0x38, 0x80, 0x34, 0x80, 0x71,
    0x28, 0x7, 0x20, 0x6, 0x77, 0x0, 0x49, 0xe0,
    0x1e, 0xb0, 0xe, 0x8f, 0xef, 0xb2, 0x0, 0xf1,
    0xa0, 0x7, 0x84, 0x3, 0xfd, 0x42, 0x1, 0xfc,
    0x62, 0x1, 0xc3, 0xea, 0x1, 0xf4, 0x20, 0x80,
    0x78, 0x6b, 0xaa, 0x21, 0x37, 0xe0, 0xe0, 0x14,
    0xa0, 0x6, 0x15, 0x77, 0x32, 0x1c, 0x0, 0xb,
    0x58, 0x3, 0xfe, 0x80, 0xb, 0xc8, 0x3, 0xff,
    0x80, 0x80, 0x6, 0x20, 0xf, 0xfe, 0x22, 0x3d,
    0x0, 0x7f, 0xf0, 0xc, 0x0, 0x50, 0xb2, 0x1,
    0xff, 0x40, 0x7, 0x20, 0x7, 0xfc, 0x96, 0x60,
    0x2d, 0x80,

    /* U+0174 "Ŵ" */
    0x0, 0xff, 0xe1, 0x47, 0xfd, 0xc4, 0x1, 0xff,
    0xcf, 0x57, 0x0, 0x87, 0xc0, 0x3f, 0xf9, 0xc7,
    0x40, 0x1c, 0x56, 0x1, 0xff, 0xcc, 0x1d, 0x0,
    0xb1, 0x40, 0x9, 0x0, 0x1f, 0xfc, 0xbd, 0x10,
    0x4, 0x9d, 0x10, 0x1, 0xd4, 0x3, 0xff, 0x93,
    0x26, 0x0, 0x66, 0x0, 0x3c, 0x2, 0xa3, 0x0,
    0xff, 0xe4, 0x4f, 0xfd, 0x20, 0x11, 0x7f, 0xe3,
    0x0, 0xff, 0xf0, 0x47, 0xfe, 0x50, 0xf, 0xd9,
    0xff, 0x98, 0x3, 0xf5, 0xff, 0xe2, 0xb0, 0xd,
    0x80, 0x1f, 0x8c, 0x3, 0x60, 0x7, 0xe4, 0x0,
    0x88, 0x86, 0x20, 0x12, 0x0, 0x7c, 0x80, 0x1c,
    0x80, 0x1f, 0x18, 0x6, 0x40, 0x2, 0x0, 0x44,
    0x40, 0xf, 0x60, 0x7, 0x9, 0x0, 0x7a, 0xc0,
    0x36, 0x80, 0x3c, 0x3, 0x20, 0x7, 0x94, 0x3,
    0xca, 0x1, 0xe4, 0x0, 0xc8, 0x0, 0x40, 0xd,
    0x80, 0x1c, 0x24, 0x1, 0xec, 0x0, 0xe1, 0x30,
    0x9, 0x0, 0x21, 0x30, 0x9, 0x0, 0x39, 0x0,
    0x3e, 0x40, 0xe, 0x40, 0xd, 0xa0, 0x19, 0x0,
    0x21, 0x30, 0xd, 0xe0, 0x1f, 0x8c, 0x3, 0x60,
    0x6, 0x40, 0xd, 0x60, 0x19, 0x0, 0x32, 0x0,
    0x46, 0x1, 0xac, 0x3, 0x20, 0x4, 0x44, 0x0,
    0xc6, 0x20, 0x16, 0x0, 0x44, 0x20, 0x15, 0x18,
    0x4, 0x80, 0x10, 0x90, 0x4, 0xa0, 0x1e, 0x40,
    0x9, 0x0, 0x24, 0x0, 0xc8, 0x80, 0x8, 0xc0,
    0x27, 0x0, 0xd8, 0x1, 0xef, 0x0, 0xc8, 0x0,
    0xd0, 0x8, 0x89, 0x60, 0x19, 0x40, 0x18, 0x1,
    0x90, 0x3, 0xc8, 0x1, 0xb0, 0x0, 0x80, 0x12,
    0x1, 0x80, 0x6c, 0x0, 0x20, 0x4, 0x80, 0x1f,
    0x9, 0x80, 0x48, 0x6, 0x1, 0xb4, 0x0, 0xa0,
    0x12, 0x1, 0x88, 0x5, 0xa0, 0x1f, 0x90, 0x2,
    0x31, 0x40, 0xc, 0x80, 0xc, 0x0, 0x88, 0x50,
    0x3, 0x38, 0x7, 0xeb, 0x0, 0xc9, 0x60, 0x12,
    0x0, 0x4e, 0x1, 0x9f, 0x0, 0x22, 0x10, 0xf,
    0xc6, 0x20, 0x17, 0x98, 0x5, 0x80, 0x10, 0x90,
    0x5, 0x88, 0x1, 0x28, 0x7, 0xf9, 0x0, 0x25,
    0x0, 0xca, 0x1, 0x94, 0x2, 0x50, 0xd, 0x80,
    0x1f, 0xef, 0x0, 0xf8, 0x48, 0x3, 0x60, 0x7,
    0xe4, 0x0, 0xff, 0x20, 0x7, 0xce, 0x1, 0xc8,
    0x1, 0xf2, 0x0, 0x7f, 0xc2, 0x60, 0x1e, 0xc0,
    0xf, 0x20, 0x7, 0xb4, 0x3, 0xff, 0x81, 0x60,
    0x1e, 0x40, 0xf, 0x68, 0x7, 0x9c, 0x3, 0xff,
    0x80, 0x80, 0x1c, 0x62, 0x1, 0xe4, 0x0, 0xe2,
    0x10, 0xf, 0xfe, 0x1, 0x88, 0x6, 0xb0, 0xf,
    0x88, 0x80, 0x19, 0x40, 0x3f, 0xf8, 0x48, 0x1,
    0x90, 0x3, 0xf2, 0x0, 0x6c, 0x0, 0xf8,

    /* U+0175 "ŵ" */
    0x0, 0xff, 0x8a, 0x22, 0x70, 0xf, 0xfe, 0x49,
    0x63, 0xbd, 0x10, 0x0, 0xff, 0xe3, 0x8f, 0x88,
    0x6, 0x77, 0x0, 0x7f, 0xf1, 0xb4, 0x80, 0x14,
    0x60, 0x8, 0x50, 0xf, 0xfe, 0x25, 0x98, 0x2,
    0x17, 0x44, 0x1, 0x48, 0x1, 0xff, 0xc2, 0x94,
    0x0, 0x2b, 0x80, 0xe0, 0x5, 0x64, 0x1, 0xff,
    0xc1, 0x9f, 0xfa, 0x80, 0x22, 0xff, 0xc4, 0x1,
    0xff, 0xf0, 0x2f, 0xfc, 0xa0, 0x1c, 0x7f, 0xf7,
    0x0, 0x7a, 0xbf, 0xed, 0x22, 0x0, 0x5e, 0x1,
    0xd6, 0x1, 0x9, 0x80, 0x72, 0x80, 0x4a, 0xa,
    0x1, 0x28, 0x7, 0x28, 0x6, 0xb0, 0xc, 0x80,
    0x1a, 0xc2, 0xc0, 0x32, 0x0, 0x44, 0x40, 0xc,
    0xa0, 0x1b, 0x40, 0x21, 0x30, 0x31, 0x0, 0xb4,
    0x2, 0xa0, 0xe, 0x22, 0x0, 0x4e, 0x1, 0x38,
    0x4, 0xe0, 0x13, 0x80, 0x4a, 0x1, 0xe5, 0x0,
    0x18, 0x80, 0x5a, 0x1, 0x68, 0x4, 0x26, 0x4,
    0x40, 0x1, 0x0, 0x56, 0x0, 0xb0, 0xc, 0x80,
    0x12, 0x0, 0x6b, 0x5, 0x0, 0xad, 0x0, 0x6,
    0x20, 0xa0, 0x12, 0x80, 0x72, 0x80, 0x4a, 0x16,
    0x1, 0x3e, 0x80, 0x4c, 0x44, 0x0, 0xbc, 0x3,
    0xbc, 0x2, 0x23, 0x30, 0x1, 0x5, 0xc0, 0x2b,
    0x50, 0xc, 0x80, 0x1c, 0x80, 0x1b, 0x80, 0x2d,
    0x1, 0x40, 0x1, 0xd0, 0x4, 0x82, 0x1, 0xc2,
    0x80, 0x11, 0x0, 0x4e, 0x0, 0xd0, 0x8, 0x80,
    0x2d, 0x0, 0xfb, 0x40, 0x3c, 0x82, 0x0, 0x60,
    0xf, 0x9c, 0x3, 0xe7, 0x0, 0xf7, 0x0, 0x64,
    0x0, 0xe3, 0x10, 0xf, 0x84, 0xc0, 0x39, 0x40,
    0x37, 0x0, 0x75, 0x80, 0x7f, 0x58, 0x6, 0x50,
    0xe, 0x50, 0xe, 0x50, 0xf, 0xe5, 0x0, 0xde,
    0x1, 0xe5, 0x0, 0x88, 0x80, 0x1f, 0xc4, 0x40,
    0x9, 0x40, 0x3d, 0xe0, 0x12, 0x80, 0x70,

    /* U+0176 "Ŷ" */
    0x0, 0xfd, 0x1b, 0xb5, 0x80, 0x7f, 0xf1, 0x21,
    0xc8, 0xa4, 0xb0, 0xf, 0xfe, 0x13, 0x38, 0x0,
    0x80, 0x9, 0x40, 0x1f, 0xfc, 0x5, 0x90, 0x1,
    0xeb, 0x0, 0x16, 0x40, 0x3f, 0xc7, 0x40, 0x1,
    0xd0, 0x94, 0x0, 0x33, 0x80, 0x7f, 0x23, 0xbd,
    0x82, 0x0, 0xb7, 0x7b, 0xc4, 0x3, 0xf3, 0xc4,
    0x44, 0x1, 0xa2, 0x30, 0x80, 0x7f, 0xf3, 0xaf,
    0xff, 0x58, 0x7, 0xf2, 0x7f, 0xf1, 0x48, 0x6,
    0x44, 0x0, 0x7e, 0x90, 0xc, 0xc4, 0x46, 0x0,
    0xd2, 0x1, 0xf3, 0x10, 0x4, 0x30, 0x0, 0x80,
    0xc, 0x4c, 0x1, 0xe8, 0x0, 0xd2, 0x20, 0x1,
    0x80, 0xd, 0x0, 0x1d, 0x2, 0x1, 0x13, 0x80,
    0x67, 0x20, 0x8, 0x60, 0x2, 0x17, 0x0, 0xd0,
    0x1, 0xe8, 0x0, 0xce, 0x20, 0xb, 0x0, 0xc6,
    0xa0, 0x1e, 0x53, 0x0, 0xd6, 0x6, 0xa0, 0x1b,
    0xc0, 0x3f, 0x78, 0x6, 0x53, 0xf0, 0xc, 0xa6,
    0x1, 0xf8, 0xd4, 0x3, 0x69, 0x80, 0x6b, 0x0,
    0xff, 0x58, 0x6, 0x10, 0xc, 0xe2, 0x1, 0xfe,
    0x17, 0x0, 0xf8, 0x60, 0x3, 0xff, 0x81, 0x2,
    0x1, 0xe8, 0x0, 0xff, 0xe1, 0x40, 0x7, 0x1b,
    0x0, 0x7f, 0xf0, 0x98, 0x80, 0x34, 0x0, 0x7f,
    0xf1, 0x1c, 0x3, 0x28, 0x7, 0xff, 0xfc, 0x3,
    0xff, 0xfe, 0x1, 0xff, 0xec,

    /* U+0177 "ŷ" */
    0x0, 0xf9, 0xbf, 0xf1, 0x80, 0x7f, 0xf0, 0x4e,
    0x40, 0x36, 0x88, 0x7, 0xfc, 0x3a, 0x1, 0xc3,
    0xa0, 0x1f, 0xf6, 0x88, 0x2, 0x58, 0x0, 0x72,
    0x1, 0xfd, 0x26, 0x0, 0x66, 0x49, 0x80, 0x19,
    0x40, 0x3e, 0x56, 0x0, 0x14, 0x80, 0x38, 0x2,
    0xa2, 0x0, 0xf3, 0xe6, 0x60, 0x8, 0xbb, 0x32,
    0x30, 0xf, 0x11, 0x9c, 0x20, 0x18, 0x4c, 0xe1,
    0x0, 0xff, 0xe5, 0xbf, 0xfe, 0x50, 0xf, 0xcf,
    0xff, 0x89, 0x80, 0x34, 0x80, 0x7e, 0xa0, 0x8,
    0xc8, 0x58, 0x2, 0x32, 0x0, 0xf2, 0x10, 0x5,
    0x40, 0xa, 0x0, 0xd4, 0x1, 0xee, 0x0, 0xcc,
    0x0, 0x33, 0x0, 0x4c, 0x1, 0xc2, 0xa0, 0x13,
    0x0, 0x69, 0x0, 0x85, 0x40, 0x33, 0x0, 0x6b,
    0x0, 0xca, 0x20, 0x14, 0x80, 0x6a, 0x0, 0x8c,
    0x80, 0x39, 0x80, 0x23, 0x20, 0x2, 0x10, 0x5,
    0x40, 0x1e, 0x90, 0xd, 0x60, 0xe, 0x0, 0xcc,
    0x1, 0xe1, 0x50, 0x9, 0x80, 0x54, 0x2, 0x60,
    0xf, 0xdc, 0x1, 0x99, 0x80, 0x1a, 0x80, 0x3f,
    0x21, 0x0, 0x57, 0x20, 0x11, 0x98, 0x3, 0xfa,
    0xc0, 0x22, 0x10, 0xa, 0x80, 0x3f, 0xcc, 0x1,
    0xf9, 0x80, 0x3f, 0xe6, 0x0, 0xf3, 0x0, 0x7f,
    0xf0, 0x2c, 0x3, 0xd4, 0x1, 0xff, 0xc0, 0x24,
    0x0, 0xc6, 0x60, 0xf, 0xfe, 0xe, 0x80, 0x6a,
    0x0, 0xff, 0xe1, 0x78, 0x6, 0x60, 0xf, 0xfe,
    0x13, 0x80, 0x4c, 0x1, 0xff, 0xc2, 0x41, 0x0,
    0xa8, 0x3, 0xff, 0x85, 0xc0, 0x11, 0x98, 0x3,
    0xff, 0x84, 0xa0, 0x15, 0x0, 0x7f, 0xf0, 0x98,
    0x3, 0x30, 0x7, 0xff, 0xb, 0x40, 0x26, 0x0,
    0xff, 0xe1, 0xa, 0x0, 0x54, 0x1, 0xfe,

    /* U+0178 "Ÿ" */
    0x0, 0xe1, 0x1c, 0x1, 0x8, 0xe0, 0xf, 0xfb,
    0xbb, 0x10, 0x2, 0xbb, 0xa5, 0x0, 0xff, 0xff,
    0x87, 0xfe, 0x20, 0x5, 0xff, 0xca, 0x1, 0xff,
    0xcf, 0xbf, 0xfd, 0x60, 0x1f, 0xc9, 0xff, 0xc5,
    0x20, 0x19, 0x10, 0x1, 0xfa, 0x40, 0x33, 0x11,
    0x18, 0x3, 0x48, 0x7, 0xcc, 0x40, 0x10, 0xc0,
    0x2, 0x0, 0x31, 0x30, 0x7, 0xa0, 0x3, 0x48,
    0x80, 0x6, 0x0, 0x34, 0x0, 0x74, 0x8, 0x4,
    0x4e, 0x1, 0x9c, 0x80, 0x21, 0x80, 0x8, 0x5c,
    0x3, 0x40, 0x7, 0xa0, 0x3, 0x38, 0x80, 0x2c,
    0x3, 0x1a, 0x80, 0x79, 0x4c, 0x3, 0x58, 0x1a,
    0x80, 0x6f, 0x0, 0xfd, 0xe0, 0x19, 0x4f, 0xc0,
    0x32, 0x98, 0x7, 0xe3, 0x50, 0xd, 0xa6, 0x1,
    0xac, 0x3, 0xfd, 0x60, 0x18, 0x40, 0x33, 0x88,
    0x7, 0xf8, 0x5c, 0x3, 0xe1, 0x80, 0xf, 0xfe,
    0x4, 0x8, 0x7, 0xa0, 0x3, 0xff, 0x85, 0x0,
    0x1c, 0x6c, 0x1, 0xff, 0xc2, 0x62, 0x0, 0xd0,
    0x1, 0xff, 0xc4, 0x70, 0xc, 0xa0, 0x1f, 0xff,
    0xf0, 0xf, 0xff, 0xf8, 0x7, 0xff, 0xb0,

    /* U+0179 "Ź" */
    0x0, 0xff, 0x97, 0xfe, 0x10, 0xf, 0xfe, 0x27,
    0x0, 0x14, 0x40, 0x3f, 0xf8, 0x64, 0x80, 0xe,
    0x0, 0xff, 0xe2, 0x58, 0x0, 0x90, 0x3, 0xff,
    0x86, 0x2c, 0x0, 0xb0, 0xf, 0xfe, 0x23, 0x0,
    0x4c, 0x1, 0xff, 0xc4, 0xf5, 0x54, 0x80, 0x7f,
    0xf1, 0x62, 0xa8, 0xc0, 0x1f, 0xfd, 0x24, 0xff,
    0xff, 0xe3, 0x28, 0x7, 0xff, 0x1c, 0x94, 0x3,
    0xff, 0x8f, 0x0, 0x1f, 0xfc, 0x74, 0x50, 0x2,
    0xd5, 0x7f, 0x84, 0x3, 0xa4, 0x2, 0x15, 0x5f,
    0xe0, 0x10, 0xc, 0xc4, 0x1, 0xff, 0xc1, 0xb0,
    0xc, 0x30, 0x1, 0xff, 0xc1, 0x81, 0x0, 0xd0,
    0x20, 0x1f, 0xfc, 0x1, 0x70, 0xc, 0x4c, 0x1,
    0xff, 0xc1, 0xb0, 0xe, 0x90, 0xf, 0xfe, 0x9,
    0xa8, 0x6, 0x44, 0x0, 0x7f, 0xf0, 0x7c, 0x3,
    0xa4, 0x3, 0xff, 0x82, 0xc6, 0x1, 0x9c, 0x80,
    0x3f, 0xf8, 0x30, 0x1, 0x86, 0x0, 0x3f, 0xf8,
    0x30, 0x20, 0x1a, 0x0, 0x3f, 0xf8, 0x24, 0xe0,
    0x18, 0xd8, 0x3, 0xff, 0x83, 0x20, 0x1d, 0xe0,
    0x1f, 0xfc, 0x14, 0x40, 0x6, 0x53, 0x0, 0xff,
    0xe0, 0xc8, 0x7, 0x58, 0x7, 0xff, 0x5, 0xc8,
    0x3, 0x38, 0x80, 0x7f, 0xf0, 0x6, 0x0, 0x3b,
    0x99, 0xbf, 0xc0, 0x14, 0x0, 0x7a, 0x67, 0xfe,
    0x10, 0x36, 0x0, 0xff, 0xe3, 0xf8, 0x7, 0xff,
    0x1c, 0xcc, 0x1, 0xff, 0xc7,

    /* U+017A "ź" */
    0x0, 0xff, 0x45, 0x51, 0xc0, 0x3f, 0xf8, 0x4,
    0xea, 0xa3, 0x0, 0xff, 0xe0, 0x50, 0x0, 0x90,
    0x3, 0xff, 0x80, 0xc0, 0xa, 0x0, 0xff, 0xe0,
    0x30, 0x80, 0x18, 0x3, 0xff, 0x81, 0x60, 0x6,
    0x10, 0xf, 0xf8, 0xc8, 0x1, 0x40, 0x1f, 0xfc,
    0x3, 0xff, 0x8c, 0x3, 0xff, 0xb8, 0x9f, 0xff,
    0xfc, 0x2c, 0x0, 0xff, 0xe2, 0x78, 0x7, 0xff,
    0xd, 0xcc, 0x3, 0xff, 0x84, 0x50, 0x0, 0x4f,
    0xff, 0x94, 0x3, 0x70, 0x7, 0xf9, 0x14, 0x2,
    0x73, 0x0, 0xfe, 0x1a, 0x0, 0x8a, 0x0, 0x3f,
    0xd6, 0x20, 0x17, 0x0, 0x7f, 0x95, 0x40, 0x13,
    0x98, 0x7, 0xf0, 0xd8, 0x4, 0x50, 0x1, 0xfe,
    0xb1, 0x0, 0xb8, 0x3, 0xfc, 0xaa, 0x0, 0x9c,
    0xc0, 0x3f, 0x86, 0xc0, 0x22, 0x80, 0xf, 0xf5,
    0x88, 0x5, 0xc0, 0x1f, 0xe5, 0x50, 0x6, 0xcf,
    0xff, 0x9c, 0x6, 0xc0, 0x3f, 0xf8, 0x74, 0x20,
    0x1f, 0xfc, 0x24, 0x40, 0x7, 0xff, 0xc,

    /* U+017B "Ż" */
    0x0, 0xfc, 0x7f, 0xf9, 0x80, 0x3f, 0xff, 0xe0,
    0x10, 0xaa, 0xf0, 0x7, 0xff, 0xc, 0xaa, 0xb1,
    0x80, 0x7f, 0xf9, 0x93, 0xff, 0xff, 0x8c, 0xa0,
    0x1f, 0xfc, 0x72, 0x50, 0xf, 0xfe, 0x3c, 0x0,
    0x7f, 0xf1, 0xd1, 0x40, 0xb, 0x55, 0xfe, 0x10,
    0xe, 0x90, 0x8, 0x55, 0x7f, 0x80, 0x40, 0x33,
    0x10, 0x7, 0xff, 0x6, 0xc0, 0x30, 0xc0, 0x7,
    0xff, 0x6, 0x4, 0x3, 0x40, 0x80, 0x7f, 0xf0,
    0x5, 0xc0, 0x31, 0x30, 0x7, 0xff, 0x6, 0xc0,
    0x3a, 0x40, 0x3f, 0xf8, 0x26, 0xa0, 0x19, 0x10,
    0x1, 0xff, 0xc1, 0xf0, 0xe, 0x90, 0xf, 0xfe,
    0xb, 0x18, 0x6, 0x72, 0x0, 0xff, 0xe0, 0xc0,
    0x6, 0x18, 0x0, 0xff, 0xe0, 0xc0, 0x80, 0x68,
    0x0, 0xff, 0xe0, 0x93, 0x80, 0x63, 0x60, 0xf,
    0xfe, 0xc, 0x80, 0x77, 0x80, 0x7f, 0xf0, 0x51,
    0x0, 0x19, 0x4c, 0x3, 0xff, 0x83, 0x20, 0x1d,
    0x60, 0x1f, 0xfc, 0x17, 0x20, 0xc, 0xe2, 0x1,
    0xff, 0xc0, 0x18, 0x0, 0xee, 0x66, 0xff, 0x0,
    0x50, 0x1, 0xe9, 0x9f, 0xf8, 0x40, 0xd8, 0x3,
    0xff, 0x8f, 0xe0, 0x1f, 0xfc, 0x73, 0x30, 0x7,
    0xff, 0x1c,

    /* U+017C "ż" */
    0x0, 0xfa, 0x2a, 0xa8, 0x0, 0xff, 0xe0, 0x22,
    0xae, 0x0, 0xff, 0xf9, 0xe7, 0xfd, 0xa0, 0x1f,
    0xfe, 0xd4, 0xff, 0xff, 0xe1, 0x60, 0x7, 0xff,
    0x13, 0xc0, 0x3f, 0xf8, 0x6e, 0x60, 0x1f, 0xfc,
    0x22, 0x80, 0x2, 0x7f, 0xfc, 0xa0, 0x1b, 0x80,
    0x3f, 0xc8, 0xa0, 0x13, 0x98, 0x7, 0xf0, 0xd0,
    0x4, 0x50, 0x1, 0xfe, 0xb1, 0x0, 0xb8, 0x3,
    0xfc, 0xaa, 0x0, 0x9c, 0xc0, 0x3f, 0x86, 0xc0,
    0x22, 0x80, 0xf, 0xf5, 0x88, 0x5, 0xc0, 0x1f,
    0xe5, 0x50, 0x4, 0xe6, 0x1, 0xfc, 0x36, 0x1,
    0x14, 0x0, 0x7f, 0xac, 0x40, 0x2e, 0x0, 0xff,
    0x2a, 0x80, 0x36, 0x7f, 0xfc, 0xe0, 0x36, 0x1,
    0xff, 0xc3, 0xa1, 0x0, 0xff, 0xe1, 0x22, 0x0,
    0x3f, 0xf8, 0x60,

    /* U+017D "Ž" */
    0x0, 0xd7, 0xff, 0x38, 0x4, 0x7f, 0xf7, 0x10,
    0x7, 0xd4, 0x40, 0x8, 0x40, 0x1d, 0x0, 0xa8,
    0x80, 0x3e, 0x1f, 0x0, 0xa8, 0xa8, 0x40, 0x12,
    0x80, 0x1f, 0xc5, 0x60, 0x1, 0xd4, 0x0, 0x33,
    0x0, 0x3f, 0xe4, 0x80, 0xe, 0x39, 0x0, 0xff,
    0xe0, 0xba, 0x80, 0x43, 0xa0, 0x1f, 0xfc, 0x3a,
    0xff, 0xb8, 0x40, 0x3f, 0xfa, 0x29, 0xff, 0xff,
    0xc6, 0x50, 0xf, 0xfe, 0x39, 0x28, 0x7, 0xff,
    0x1e, 0x0, 0x3f, 0xf8, 0xe8, 0xa0, 0x5, 0xaa,
    0xff, 0x8, 0x7, 0x48, 0x4, 0x2a, 0xbf, 0xc0,
    0x20, 0x19, 0x88, 0x3, 0xff, 0x83, 0x60, 0x18,
    0x60, 0x3, 0xff, 0x83, 0x2, 0x1, 0xa0, 0x40,
    0x3f, 0xf8, 0x2, 0xe0, 0x18, 0x98, 0x3, 0xff,
    0x83, 0x60, 0x1d, 0x20, 0x1f, 0xfc, 0x13, 0x50,
    0xc, 0x88, 0x0, 0xff, 0xe0, 0xf8, 0x7, 0x48,
    0x7, 0xff, 0x5, 0x8c, 0x3, 0x39, 0x0, 0x7f,
    0xf0, 0x60, 0x3, 0xc, 0x0, 0x7f, 0xf0, 0x60,
    0x40, 0x34, 0x0, 0x7f, 0xf0, 0x49, 0xc0, 0x31,
    0xb0, 0x7, 0xff, 0x6, 0x40, 0x3b, 0xc0, 0x3f,
    0xf8, 0x28, 0x80, 0xc, 0xa6, 0x1, 0xff, 0xc1,
    0x90, 0xe, 0xb0, 0xf, 0xfe, 0xb, 0x90, 0x6,
    0x71, 0x0, 0xff, 0xe0, 0xc, 0x0, 0x77, 0x33,
    0x7f, 0x80, 0x28, 0x0, 0xf4, 0xcf, 0xfc, 0x20,
    0x6c, 0x1, 0xff, 0xc7, 0xf0, 0xf, 0xfe, 0x39,
    0x98, 0x3, 0xff, 0x8e,

    /* U+017E "ž" */
    0x0, 0xc, 0x44, 0xe0, 0x18, 0xa2, 0x27, 0x0,
    0x84, 0x1d, 0xd1, 0x40, 0x1, 0xf7, 0x78, 0xc0,
    0x34, 0x28, 0x1, 0x5c, 0x34, 0x80, 0x12, 0x80,
    0x1d, 0x46, 0x0, 0x8c, 0x30, 0x4, 0x30, 0x7,
    0xda, 0x40, 0x3, 0x0, 0x33, 0x80, 0x7e, 0x1c,
    0x10, 0x9, 0x24, 0x3, 0xfc, 0x3d, 0xff, 0x58,
    0x7, 0xff, 0x71, 0x3f, 0xff, 0xf8, 0x58, 0x1,
    0xff, 0xc4, 0xf0, 0xf, 0xfe, 0x1b, 0x98, 0x7,
    0xff, 0x8, 0xa0, 0x0, 0x9f, 0xff, 0x28, 0x6,
    0xe0, 0xf, 0xf2, 0x28, 0x4, 0xe6, 0x1, 0xfc,
    0x34, 0x1, 0x14, 0x0, 0x7f, 0xac, 0x40, 0x2e,
    0x0, 0xff, 0x2a, 0x80, 0x27, 0x30, 0xf, 0xe1,
    0xb0, 0x8, 0xa0, 0x3, 0xfd, 0x62, 0x1, 0x70,
    0x7, 0xf9, 0x54, 0x1, 0x39, 0x80, 0x7f, 0xd,
    0x80, 0x45, 0x0, 0x1f, 0xeb, 0x10, 0xb, 0x80,
    0x3f, 0xca, 0xa0, 0xd, 0x9f, 0xff, 0x38, 0xd,
    0x80, 0x7f, 0xf0, 0xe8, 0x40, 0x3f, 0xf8, 0x48,
    0x80, 0xf, 0xfe, 0x18,

    /* U+0374 "ʹ" */
    0x0, 0x2f, 0xfc, 0x20, 0x9, 0x0, 0x28, 0x81,
    0x98, 0x1, 0x20, 0xa, 0x0, 0x19, 0x80, 0x58,
    0x1, 0x40, 0x6, 0x0, 0xb, 0x0, 0x3d, 0x55,
    0x0, 0x10,

    /* U+0375 "͵" */
    0x0, 0x1d, 0x54, 0x20, 0x9, 0x55, 0x30, 0x80,
    0xa8, 0x2, 0x80, 0xc, 0x0, 0x16, 0x0, 0x48,
    0x1, 0x80, 0xa, 0x20, 0x9, 0x0, 0x70, 0x1,
    0x44, 0x0,

    /* U+037E ";" */
    0x4f, 0xfc, 0xa0, 0x1f, 0xfc, 0x66, 0x55, 0xcc,
    0x55, 0x58, 0xc0, 0x3f, 0xfb, 0xc5, 0x55, 0x8d,
    0x95, 0x73, 0x0, 0x7f, 0xf1, 0x93, 0xfc, 0x40,
    0x1c, 0x40, 0xc0, 0xb6, 0x2, 0x63, 0x48, 0x10,
    0x6, 0x8b, 0x6c, 0x0,

    /* U+0384 "΄" */
    0x0, 0x92, 0xaa, 0x0, 0xd0, 0xaa, 0x0, 0xc6,
    0x60, 0x4, 0x80, 0x52, 0x0, 0x33, 0x0, 0x5,
    0x40, 0x12, 0x1, 0x30, 0x0, 0x54, 0x2, 0x90,
    0x3, 0x0, 0x40,

    /* U+0385 "΅" */
    0x0, 0xfc, 0xf5, 0x48, 0x0, 0xff, 0x86, 0x15,
    0x5c, 0x1, 0xc2, 0x30, 0x4, 0xc0, 0x13, 0x8,
    0xe5, 0xee, 0x90, 0x1, 0x40, 0x7, 0xc, 0xee,
    0x50, 0x7, 0x90, 0x80, 0x14, 0x1, 0xff, 0x78,
    0x1, 0x8, 0x3, 0xfc, 0x48, 0x0, 0xf0, 0xf,
    0x0,

    /* U+0386 "Ά" */
    0x0, 0xaf, 0xfd, 0x60, 0xdf, 0xfe, 0xc0, 0xf,
    0xf1, 0x20, 0x3, 0xc3, 0x40, 0x3c, 0x62, 0x1,
    0xfd, 0x40, 0x2, 0x40, 0x40, 0xf, 0x9c, 0x3,
    0xf9, 0x80, 0x14, 0xa, 0x1, 0xfb, 0x40, 0x3f,
    0x30, 0x80, 0x18, 0x30, 0x3, 0x8, 0x4, 0x80,
    0x1f, 0xac, 0x0, 0xc2, 0xe, 0x1, 0x1b, 0x0,
    0x64, 0x0, 0xf0, 0xba, 0xaa, 0xc0, 0xc4, 0x2,
    0x4b, 0x0, 0xda, 0x1, 0xe1, 0xaa, 0x88, 0x2c,
    0x3, 0x59, 0x88, 0x4, 0xe0, 0x1f, 0xfc, 0x4,
    0x0, 0x84, 0xc1, 0xc0, 0x21, 0x20, 0xf, 0xf0,
    0x98, 0x4, 0xe0, 0xc, 0x0, 0xca, 0x1, 0xfe,
    0x70, 0xd, 0x80, 0x5, 0x0, 0xd6, 0x1, 0xfe,
    0xd0, 0xc, 0xa0, 0x12, 0x0, 0x46, 0x20, 0x1f,
    0xc8, 0x1, 0x20, 0x6, 0xd0, 0xc, 0xe0, 0x1f,
    0x90, 0x3, 0x68, 0x6, 0x70, 0xd, 0x80, 0x1f,
    0xb4, 0x3, 0x20, 0x6, 0x13, 0x0, 0x94, 0x3,
    0xf3, 0x80, 0x42, 0xea, 0xbc, 0xe0, 0x19, 0x0,
    0x3c, 0x62, 0x1, 0xd, 0x57, 0x90, 0x3, 0x68,
    0x7, 0x90, 0x3, 0xff, 0x88, 0xe0, 0x1e, 0xb0,
    0xf, 0xfe, 0x20, 0x90, 0x6, 0x13, 0x0, 0xff,
    0xe2, 0xa8, 0x6, 0x70, 0xd, 0x5f, 0xff, 0xc0,
    0x1a, 0xc0, 0x36, 0x80, 0x64, 0x0, 0xfe, 0x40,
    0x8, 0xc4, 0x2, 0x40, 0x8, 0xc4, 0x3, 0xfb,
    0x40, 0x33, 0x80, 0x10, 0x3, 0x58, 0x7, 0xf9,
    0xc0, 0x36, 0x0, 0x34, 0x3, 0x28, 0x7, 0xf8,
    0x4c, 0x2, 0x50,

    /* U+0387 "·" */
    0x2, 0x65, 0x0, 0x2e, 0xcd, 0x60, 0x40, 0x4,
    0x6a, 0x60, 0x18, 0x90, 0x3, 0x25, 0xa8, 0xd,
    0x18,

    /* U+0388 "Έ" */
    0x0, 0xb7, 0xfd, 0x21, 0x7f, 0xff, 0xfc, 0x34,
    0x0, 0x21, 0x0, 0x2c, 0x3, 0xff, 0x91, 0xe0,
    0x4, 0x20, 0xf, 0xfe, 0x39, 0x20, 0x3, 0x80,
    0x3f, 0xf9, 0x14, 0x0, 0x15, 0x0, 0xfa, 0xab,
    0xfe, 0x50, 0x60, 0x4, 0x80, 0x7c, 0x2a, 0xbf,
    0xf0, 0x9a, 0x2a, 0x98, 0x3, 0xff, 0x90, 0x75,
    0x50, 0x80, 0x7f, 0xff, 0xc0, 0x3e, 0x1f, 0xff,
    0xe3, 0x0, 0xff, 0xff, 0x80, 0x7f, 0xf0, 0xea,
    0xbf, 0x88, 0x3, 0xff, 0x84, 0x2a, 0xbf, 0xc2,
    0x1, 0xff, 0xff, 0x0, 0xff, 0xed, 0x8a, 0xaf,
    0xfc, 0x20, 0x1f, 0xfc, 0x1a, 0xaf, 0xf9, 0x40,
    0x3f, 0xff, 0xe0,

    /* U+0389 "Ή" */
    0x0, 0x1f, 0xfc, 0x66, 0xff, 0xce, 0x1, 0xfe,
    0x9f, 0xfc, 0x1, 0x48, 0x0, 0xcc, 0x1, 0xff,
    0xcb, 0x15, 0x0, 0x48, 0x7, 0xff, 0x31, 0x80,
    0x2, 0xa0, 0x1f, 0xfc, 0xc9, 0x0, 0x30, 0x7,
    0xff, 0x31, 0x44, 0x1, 0x20, 0x1f, 0xfc, 0xc2,
    0x55, 0x38, 0x80, 0x7f, 0xf3, 0x1e, 0xa9, 0x0,
    0x1f, 0xff, 0xf0, 0xf, 0xfe, 0x46, 0xaa, 0xff,
    0x88, 0x3, 0xff, 0x8a, 0xb5, 0x5f, 0xe4, 0x0,
    0xff, 0xff, 0x80, 0x7f, 0xf4, 0x63, 0xff, 0xfc,
    0xc0, 0x1f, 0xff, 0xf0, 0xf, 0xff, 0xf8, 0x7,
    0xff, 0xfc, 0x3, 0xff, 0xba,

    /* U+038A "Ί" */
    0x0, 0x1f, 0xfc, 0x66, 0xff, 0xcc, 0x0, 0x90,
    0x1, 0x98, 0x3, 0xe1, 0x50, 0x4, 0x80, 0x7e,
    0x60, 0x0, 0xa8, 0x7, 0xe9, 0x0, 0x30, 0x7,
    0xe5, 0x10, 0x4, 0x80, 0x7e, 0x25, 0x53, 0x88,
    0x7, 0xe7, 0xaa, 0x40, 0x7, 0xff, 0xfc, 0x3,
    0xff, 0xfe, 0x1, 0xff, 0xff, 0x0, 0xe0,

    /* U+038C "Ό" */
    0x0, 0xff, 0xe0, 0x8a, 0xbb, 0xcc, 0x60, 0x1f,
    0xf1, 0x7f, 0xc8, 0x1, 0x9b, 0x7a, 0xa2, 0x29,
    0xcf, 0xa3, 0x0, 0xfd, 0x60, 0x2, 0x40, 0x1,
    0xec, 0x90, 0x7, 0xe5, 0xc9, 0x0, 0xf9, 0x80,
    0x14, 0x0, 0x5c, 0x20, 0xf, 0xfe, 0x3, 0x60,
    0x80, 0x66, 0x0, 0x9c, 0x12, 0x80, 0x3e, 0x11,
    0x0, 0x78, 0xf4, 0x3, 0x58, 0x1, 0x80, 0x68,
    0x3, 0x9b, 0x3f, 0xb9, 0xf4, 0x40, 0x18, 0xe0,
    0x0, 0x84, 0x0, 0xb0, 0x81, 0x0, 0xd7, 0x26,
    0x1, 0x97, 0x54, 0x3, 0x38, 0x81, 0x2a, 0x9c,
    0x85, 0x80, 0x35, 0x20, 0x7, 0xea, 0x30, 0xd,
    0x20, 0xd5, 0x48, 0x7, 0x0, 0xc6, 0xa0, 0x1f,
    0xef, 0x0, 0xcc, 0x1, 0xec, 0x0, 0xd4, 0x1,
    0xff, 0x19, 0x0, 0x42, 0x40, 0x1c, 0xe0, 0x19,
    0xc0, 0x3f, 0xf8, 0x8, 0x1, 0x90, 0x3, 0x88,
    0x3, 0x8, 0x7, 0xff, 0x3, 0xc0, 0x37, 0x0,
    0x61, 0x0, 0xc4, 0x1, 0xff, 0xc1, 0x20, 0xc,
    0x20, 0x1f, 0xc2, 0x1, 0xff, 0xd0, 0x10, 0xf,
    0xfe, 0x58, 0x80, 0x62, 0x0, 0xff, 0xe0, 0x90,
    0x6, 0x10, 0xe, 0x20, 0xc, 0x20, 0x1f, 0xfc,
    0xf, 0x0, 0xdc, 0x1, 0xce, 0x1, 0x9c, 0x3,
    0xff, 0x80, 0x80, 0x19, 0x0, 0x3b, 0x0, 0x35,
    0x0, 0x7f, 0xc8, 0x40, 0x10, 0x90, 0x7, 0x38,
    0x6, 0x35, 0x0, 0xff, 0x48, 0x6, 0x60, 0xf,
    0xb, 0x0, 0x6a, 0x40, 0xf, 0xd6, 0x40, 0x1a,
    0x40, 0x3e, 0x81, 0x0, 0xd7, 0x26, 0x1, 0xa,
    0xea, 0x0, 0x67, 0x10, 0xf, 0x86, 0x80, 0x39,
    0xb3, 0xfb, 0xaa, 0x20, 0xc, 0x70, 0x1, 0xfc,
    0x94, 0x1, 0xf0, 0x88, 0x3, 0xc7, 0xa0, 0x1f,
    0xf2, 0xe1, 0x0, 0x7f, 0xf0, 0x1b, 0x4, 0x3,
    0xff, 0x80, 0x7b, 0x24, 0x1, 0xf9, 0x72, 0x40,
    0x3f, 0xf8, 0x8d, 0xbd, 0x51, 0x14, 0xe7, 0xd1,
    0x80, 0x78,

    /* U+038E "Ύ" */
    0x0, 0xb7, 0xfd, 0x21, 0x9f, 0xfa, 0x80, 0x3f,
    0x97, 0xff, 0x88, 0x0, 0x84, 0x0, 0xb0, 0xf0,
    0xc, 0xa6, 0x1, 0xfa, 0x0, 0x33, 0x90, 0x3,
    0xc0, 0x8, 0x40, 0x6a, 0x1, 0xbc, 0x3, 0xe7,
    0x20, 0x8, 0x60, 0x0, 0x48, 0x0, 0xe0, 0xa,
    0xc0, 0x31, 0xa8, 0x7, 0xc, 0x0, 0x68, 0x0,
    0xa8, 0x0, 0x2a, 0x1, 0xb, 0x80, 0x6b, 0x0,
    0xe8, 0x0, 0xc4, 0xc0, 0x13, 0x0, 0x24, 0x3,
    0xa0, 0x40, 0x21, 0x70, 0x8, 0x98, 0x3, 0x48,
    0x4, 0x68, 0xaa, 0x60, 0xf, 0x58, 0x6, 0x81,
    0x0, 0x48, 0x6, 0x44, 0x0, 0x47, 0x55, 0x8,
    0x7, 0x94, 0xc0, 0x35, 0x82, 0x20, 0x3, 0x48,
    0x7, 0xff, 0x13, 0xc0, 0x32, 0x9c, 0x80, 0x66,
    0x20, 0xf, 0xfe, 0x21, 0xa8, 0x6, 0xc2, 0x0,
    0x86, 0x0, 0x3f, 0xf8, 0xd0, 0x1, 0xfd, 0x2,
    0x1, 0xff, 0xc6, 0x27, 0x0, 0xf8, 0x98, 0x3,
    0xff, 0x91, 0x2, 0x1, 0xe9, 0x0, 0xff, 0xe5,
    0x40, 0x7, 0x22, 0x0, 0x3f, 0xf9, 0x4c, 0x40,
    0x1a, 0x40, 0x3f, 0xf9, 0x8c, 0x1, 0x88, 0x3,
    0xff, 0xfe, 0x1, 0xff, 0xff, 0x0, 0xff, 0xff,
    0x80, 0x7f, 0xfa, 0x40,

    /* U+038F "Ώ" */
    0x0, 0xff, 0xe1, 0x1b, 0x3b, 0x99, 0x4, 0x3,
    0xfe, 0xdf, 0xf4, 0x80, 0x62, 0xaf, 0xc9, 0x88,
    0x4d, 0xf5, 0xa8, 0x7, 0xe4, 0x20, 0x5, 0x80,
    0x53, 0xaa, 0x1, 0xf9, 0x2a, 0xc8, 0x3, 0xde,
    0x0, 0x42, 0x1, 0xc6, 0x0, 0xff, 0xe0, 0x26,
    0x18, 0x6, 0x24, 0x0, 0x70, 0x3, 0x4c, 0x3,
    0xc2, 0x20, 0xf, 0xe, 0x10, 0x5, 0x40, 0x1,
    0x50, 0x93, 0x0, 0xc3, 0x3d, 0xd7, 0xd1, 0x80,
    0x77, 0x80, 0x4c, 0x0, 0x90, 0x36, 0x0, 0xc7,
    0xec, 0x20, 0x12, 0xe3, 0x0, 0x62, 0x70, 0x34,
    0x55, 0x30, 0x40, 0x6, 0x1d, 0x10, 0xf, 0xa5,
    0x40, 0x34, 0x81, 0xd5, 0x42, 0x24, 0x0, 0xd4,
    0x20, 0x1f, 0xd6, 0x1, 0x85, 0x40, 0x39, 0x0,
    0x31, 0x20, 0x7, 0xf8, 0x58, 0x3, 0x60, 0x7,
    0x68, 0x6, 0x50, 0xf, 0xfe, 0x6, 0x80, 0x64,
    0x0, 0xe2, 0x0, 0xda, 0x1, 0xff, 0xc0, 0x40,
    0xc, 0x60, 0x1c, 0x20, 0x19, 0x80, 0x3f, 0xf8,
    0x22, 0x1, 0x8, 0x7, 0xf8, 0x40, 0x3f, 0xf9,
    0x62, 0x1, 0x84, 0x3, 0xff, 0x82, 0x20, 0x10,
    0x80, 0x76, 0x80, 0x66, 0x0, 0xff, 0xe0, 0x8,
    0x6, 0x50, 0xe, 0x40, 0xd, 0x80, 0x1f, 0xfc,
    0x5, 0x0, 0xc6, 0x1, 0xc6, 0x20, 0x13, 0x80,
    0x7f, 0xf0, 0x38, 0x3, 0x50, 0x7, 0xa4, 0x2,
    0x16, 0x0, 0xff, 0xa, 0x80, 0x46, 0x40, 0x1e,
    0x71, 0x0, 0xa0, 0x40, 0x3f, 0xa8, 0x3, 0x78,
    0x7, 0xea, 0x0, 0x87, 0x4, 0x3, 0xe8, 0x40,
    0x9, 0xcc, 0x3, 0xc4, 0xa2, 0x80, 0x11, 0x79,
    0x80, 0x75, 0xb8, 0x4, 0x5a, 0xa6, 0x1, 0xc9,
    0x54, 0x40, 0xc, 0x28, 0x1, 0xc8, 0x1, 0x8a,
    0xa9, 0x20, 0x1f, 0xff, 0xf0, 0xf, 0xfe, 0x0,

    /* U+0390 "ΐ" */
    0x0, 0xfd, 0x13, 0x24, 0x0, 0xff, 0x91, 0xd9,
    0xa0, 0xf, 0xfb, 0xc0, 0x8, 0x40, 0x1a, 0x7f,
    0xe0, 0x1, 0x20, 0x3, 0x8b, 0xfe, 0x60, 0xf,
    0x50, 0x0, 0x54, 0x3, 0xfe, 0x60, 0x4, 0x80,
    0x7f, 0xcc, 0x20, 0x6, 0x0, 0xf4, 0x77, 0x40,
    0xfd, 0xd0, 0x81, 0x77, 0x4c, 0x23, 0x80, 0x47,
    0x0, 0x42, 0x30, 0x7, 0xff, 0x2b, 0xbf, 0xeb,
    0x0, 0xff, 0xff, 0x80, 0x7f, 0xff, 0xc0, 0x3f,
    0xfb, 0xac, 0x1, 0xff, 0x18, 0x4, 0x46, 0x1,
    0xfe, 0x60, 0xd, 0x95, 0x10, 0x90, 0xf, 0x68,
    0x7, 0x2b, 0xb9, 0x80, 0x3c, 0xc6, 0x1, 0xff,
    0xc3, 0xc5, 0x0, 0xff, 0xe1, 0xd7, 0x54, 0x3b,
    0xa2, 0x80,

    /* U+0391 "Α" */
    0x0, 0xfd, 0xff, 0xf1, 0x80, 0x7f, 0xf0, 0x90,
    0x3, 0xeb, 0x0, 0xff, 0xe1, 0x68, 0x7, 0xca,
    0x1, 0xff, 0xc2, 0x70, 0xf, 0x88, 0x40, 0x3f,
    0xf8, 0x6, 0x20, 0x10, 0x80, 0x67, 0x0, 0xff,
    0xe0, 0x20, 0x6, 0x80, 0xd, 0xa0, 0x1f, 0xfc,
    0xb, 0x0, 0xcc, 0x40, 0x12, 0x0, 0x7f, 0xc2,
    0x60, 0x12, 0x82, 0x80, 0x64, 0x0, 0xff, 0x38,
    0x6, 0xf0, 0xb0, 0xd, 0xa0, 0x1f, 0xec, 0x0,
    0xc8, 0x6, 0x20, 0x13, 0x80, 0x7f, 0x94, 0x2,
    0x31, 0x0, 0x38, 0x4, 0x26, 0x1, 0xf9, 0x0,
    0x35, 0x80, 0x5a, 0x1, 0xac, 0x3, 0xf6, 0x80,
    0x65, 0x0, 0x90, 0x3, 0x20, 0x7, 0xe7, 0x0,
    0x88, 0x80, 0x19, 0x0, 0x23, 0x10, 0xf, 0x10,
    0x80, 0x48, 0x1, 0xda, 0x1, 0x9c, 0x3, 0xca,
    0x1, 0x85, 0x57, 0x84, 0x3, 0x68, 0x7, 0xac,
    0x3, 0x3d, 0x57, 0x40, 0x6, 0x40, 0xe, 0x13,
    0x0, 0xff, 0xe2, 0x20, 0x6, 0x40, 0xf, 0xfe,
    0x2e, 0x80, 0x6f, 0x0, 0xff, 0xe2, 0xb8, 0x6,
    0x50, 0x8, 0xff, 0xff, 0x98, 0x2, 0x13, 0x0,
    0x20, 0x6, 0xb0, 0xf, 0xed, 0x0, 0xd6, 0x0,
    0xd0, 0xc, 0xa0, 0x1f, 0xc8, 0x1, 0x90, 0x0,
    0x80, 0x10, 0x90, 0x7, 0xf9, 0x40, 0x23, 0x12,
    0x20, 0x4, 0xe0, 0x1f, 0xf7, 0x80, 0x67,

    /* U+0392 "Β" */
    0xaf, 0xff, 0xf7, 0x5b, 0x0, 0x7f, 0xf1, 0x5,
    0x27, 0x4, 0x3, 0xff, 0x8a, 0x78, 0x20, 0x1f,
    0xfc, 0x52, 0x80, 0xf, 0xa6, 0xab, 0x4a, 0x0,
    0x66, 0x10, 0xf, 0x3a, 0xae, 0x6b, 0x50, 0xc,
    0x80, 0x1f, 0xfc, 0x1e, 0x0, 0xc4, 0x1, 0xff,
    0xc1, 0x70, 0xf, 0xfe, 0x32, 0x80, 0x61, 0x0,
    0xff, 0xe0, 0x2c, 0x0, 0x64, 0x0, 0xf7, 0x7f,
    0xf5, 0x8, 0x4, 0xa4, 0x1, 0xff, 0xc4, 0x3b,
    0x0, 0xff, 0xe3, 0x10, 0x7, 0xff, 0x14, 0xf0,
    0xc0, 0x3d, 0x35, 0x5d, 0x26, 0x1, 0xb8, 0x3,
    0xce, 0xab, 0xcd, 0x8c, 0x1, 0x12, 0x80, 0x7f,
    0xf0, 0x6c, 0x3, 0x68, 0x7, 0xff, 0x4, 0x80,
    0x31, 0x0, 0x7f, 0xf0, 0x4c, 0x3, 0x18, 0x7,
    0xff, 0x6, 0x0, 0x37, 0x0, 0x73, 0xb3, 0x73,
    0xea, 0x0, 0x64, 0x0, 0xe9, 0x9f, 0x41, 0x0,
    0x63, 0x30, 0x7, 0xff, 0x17, 0x80, 0x3f, 0xf8,
    0x83, 0x84, 0x1, 0xff, 0xc1, 0x14, 0x8e, 0x30,
    0x0,

    /* U+0393 "Γ" */
    0xaf, 0xff, 0xfe, 0x1a, 0x80, 0x7f, 0xfb, 0x2a,
    0xbf, 0xe7, 0x0, 0xe5, 0x5f, 0xf8, 0x80, 0x3f,
    0xff, 0xe0, 0x1f, 0xff, 0xf0, 0xf, 0xff, 0xf8,
    0x7, 0xff, 0xfc, 0x3, 0xff, 0x96,

    /* U+0394 "Δ" */
    0x0, 0xfd, 0xff, 0xf1, 0x80, 0x7f, 0xf0, 0x90,
    0x3, 0xeb, 0x0, 0xff, 0xe1, 0x68, 0x7, 0xca,
    0x1, 0xff, 0xc2, 0x70, 0xf, 0x88, 0x40, 0x3f,
    0xf8, 0x6, 0x20, 0x10, 0x80, 0x67, 0x0, 0xff,
    0xe0, 0x20, 0x6, 0xb0, 0xd, 0xa0, 0x1f, 0xfc,
    0xb, 0x0, 0xca, 0x40, 0x12, 0x0, 0x7f, 0xc2,
    0x60, 0x12, 0x82, 0x80, 0x64, 0x0, 0xff, 0x38,
    0x6, 0xf0, 0xb0, 0xd, 0xa0, 0x1f, 0xec, 0x0,
    0xc8, 0x6, 0x20, 0x13, 0x80, 0x7f, 0x94, 0x2,
    0x31, 0x0, 0x38, 0x4, 0x26, 0x1, 0xf9, 0x0,
    0x35, 0x80, 0x5a, 0x1, 0xac, 0x3, 0xf6, 0x80,
    0x65, 0x0, 0x90, 0x3, 0x20, 0x7, 0xe7, 0x0,
    0x88, 0x80, 0x19, 0x0, 0x23, 0x10, 0xf, 0x10,
    0x80, 0x48, 0x1, 0xda, 0x1, 0x9c, 0x3, 0xca,
    0x1, 0xb4, 0x3, 0x9c, 0x3, 0x68, 0x7, 0xac,
    0x3, 0x20, 0x7, 0x9, 0x80, 0x48, 0x1, 0xc2,
    0x60, 0x12, 0x80, 0x7d, 0x60, 0x19, 0x0, 0x32,
    0x0, 0x6c, 0x0, 0xf9, 0x0, 0x36, 0x80, 0x6f,
    0x0, 0xce, 0x1, 0xf1, 0x88, 0x4, 0xe0, 0x19,
    0x40, 0x21, 0x45, 0x5f, 0xc4, 0x1, 0x9, 0x80,
    0x10, 0x3, 0xd, 0x57, 0xf1, 0x80, 0x6b, 0x0,
    0x68, 0x7, 0xff, 0x1d, 0x0, 0x8, 0x1, 0xff,
    0xc7, 0x31, 0x22, 0x0, 0x7f, 0xf2, 0x1c,

    /* U+0395 "Ε" */
    0xaf, 0xff, 0xfe, 0x1a, 0x80, 0x7f, 0xfb, 0x2a,
    0xbf, 0xe7, 0x0, 0xe5, 0x5f, 0xf8, 0x80, 0x3f,
    0xff, 0xbf, 0xff, 0xca, 0x1, 0xff, 0xee, 0xaa,
    0xfe, 0x40, 0xf, 0x95, 0x7f, 0x84, 0x3, 0xff,
    0xfe, 0xab, 0xff, 0x10, 0x7, 0x55, 0x7f, 0xce,
    0x1, 0xff, 0xe7,

    /* U+0396 "Ζ" */
    0x4, 0xff, 0xff, 0xe3, 0x28, 0x7, 0xff, 0x1c,
    0x94, 0x3, 0xff, 0x8f, 0x0, 0x1f, 0xfc, 0x74,
    0x50, 0x2, 0xd5, 0x7f, 0x84, 0x3, 0xa4, 0x2,
    0x15, 0x5f, 0xe0, 0x10, 0xc, 0xc4, 0x1, 0xff,
    0xc1, 0xb0, 0xc, 0x30, 0x1, 0xff, 0xc1, 0x81,
    0x0, 0xd0, 0x20, 0x1f, 0xfc, 0x1, 0x70, 0xc,
    0x4c, 0x1, 0xff, 0xc1, 0xb0, 0xe, 0x90, 0xf,
    0xfe, 0x9, 0xa8, 0x6, 0x44, 0x0, 0x7f, 0xf0,
    0x7c, 0x3, 0xa4, 0x3, 0xff, 0x82, 0xc6, 0x1,
    0x9c, 0x80, 0x3f, 0xf8, 0x30, 0x1, 0x86, 0x0,
    0x3f, 0xf8, 0x30, 0x20, 0x1a, 0x0, 0x3f, 0xf8,
    0x24, 0xe0, 0x18, 0xd8, 0x3, 0xff, 0x83, 0x20,
    0x1d, 0xe0, 0x1f, 0xfc, 0x14, 0x40, 0x6, 0x53,
    0x0, 0xff, 0xe0, 0xc8, 0x7, 0x58, 0x7, 0xff,
    0x5, 0xc8, 0x3, 0x38, 0x80, 0x7f, 0xf0, 0x6,
    0x0, 0x3b, 0x99, 0xbf, 0xc0, 0x14, 0x0, 0x7a,
    0x67, 0xfe, 0x10, 0x36, 0x0, 0xff, 0xe3, 0xf8,
    0x7, 0xff, 0x1c, 0xcc, 0x1, 0xff, 0xc7,

    /* U+0397 "Η" */
    0xaf, 0xfc, 0x1, 0xff, 0x7f, 0xe9, 0x0, 0xff,
    0xff, 0x80, 0x7f, 0xff, 0xc0, 0x3f, 0xfc, 0xa,
    0xbf, 0xe6, 0x0, 0xff, 0x55, 0x7f, 0xa4, 0x3,
    0xff, 0xfb, 0xff, 0xff, 0x0, 0x7f, 0xff, 0xc0,
    0x3f, 0xff, 0xe0, 0x1f, 0xfe, 0x0,

    /* U+0398 "Θ" */
    0x0, 0xfc, 0x28, 0xce, 0xe6, 0x40, 0xf, 0xfe,
    0x1a, 0xe7, 0x5c, 0xc4, 0x26, 0xfe, 0xd0, 0x3,
    0xfc, 0x59, 0x46, 0x1, 0xf9, 0x2e, 0x84, 0x3,
    0xe4, 0xd3, 0x0, 0xff, 0xe0, 0x2e, 0x8, 0x7,
    0x15, 0x80, 0x7c, 0x22, 0x0, 0xf1, 0x60, 0x7,
    0x78, 0x7, 0x2e, 0x7f, 0x73, 0xec, 0xc0, 0x31,
    0x50, 0x4, 0xe4, 0x1, 0xa6, 0x8c, 0x3, 0x26,
    0x30, 0x6, 0x53, 0x0, 0x48, 0x6, 0x86, 0x0,
    0xfd, 0x28, 0x1, 0xa4, 0x10, 0x40, 0x21, 0x70,
    0xf, 0xf4, 0x80, 0x65, 0xc, 0x0, 0xcc, 0x1,
    0xff, 0x12, 0x0, 0x64, 0x30, 0xd, 0x60, 0x1f,
    0xfc, 0xc, 0x0, 0xd8, 0xa0, 0x18, 0x80, 0x3f,
    0xf8, 0x6, 0x1, 0x88, 0x40, 0x30, 0x85, 0xff,
    0xfe, 0x80, 0x60, 0xc, 0x20, 0x18, 0x40, 0x3f,
    0xf9, 0x62, 0x1, 0xff, 0xc7, 0x20, 0xc, 0x21,
    0xae, 0xff, 0xb0, 0x18, 0x3, 0xb, 0x0, 0x62,
    0x6, 0x88, 0xfc, 0x80, 0x60, 0x18, 0x8c, 0x3,
    0x58, 0x7, 0xff, 0x3, 0x0, 0x36, 0x60, 0x3,
    0x30, 0x7, 0xfc, 0x48, 0x1, 0x91, 0x2, 0x1,
    0xb, 0x80, 0x7f, 0xa4, 0x3, 0x28, 0x2, 0x40,
    0x34, 0x30, 0x7, 0xe9, 0x40, 0xd, 0x20, 0x7,
    0x20, 0xd, 0x34, 0x60, 0x19, 0x71, 0x80, 0x32,
    0x98, 0x5, 0xe0, 0x1c, 0xb9, 0xfd, 0xcf, 0xa3,
    0x0, 0xc5, 0x40, 0x18, 0xac, 0x3, 0xe1, 0x10,
    0x7, 0x8b, 0x0, 0x3c, 0x9a, 0x60, 0x1f, 0xfc,
    0x5, 0xc1, 0x0, 0xf8, 0xb2, 0x8c, 0x3, 0xf2,
    0x5d, 0x8, 0x7, 0xf9, 0x73, 0xae, 0x62, 0x13,
    0x7f, 0x68, 0x1, 0xe0,

    /* U+0399 "Ι" */
    0x4f, 0xfc, 0xa0, 0x1f, 0xff, 0xf0, 0xf, 0xff,
    0xc8,

    /* U+039A "Κ" */
    0xaf, 0xfc, 0x1, 0xf8, 0xbf, 0xfa, 0x0, 0x3f,
    0xf8, 0x5e, 0x1, 0x92, 0x0, 0x3f, 0xf8, 0x36,
    0x40, 0x11, 0x50, 0x7, 0xff, 0x6, 0x10, 0x2,
    0x1f, 0x10, 0xf, 0xfe, 0x2, 0xb8, 0x6, 0xa2,
    0x0, 0xff, 0xe0, 0x15, 0x0, 0x69, 0x40, 0xf,
    0xfe, 0x0, 0xf8, 0x6, 0x66, 0x0, 0x7f, 0xf0,
    0x68, 0x80, 0x24, 0x90, 0xf, 0xfe, 0xc, 0x20,
    0x4, 0x54, 0x1, 0xff, 0xc1, 0x57, 0x0, 0x87,
    0xc4, 0x3, 0xff, 0x80, 0x74, 0x1, 0xa8, 0x80,
    0x3f, 0xf8, 0x3a, 0x1, 0xa5, 0x0, 0x3f, 0xf8,
    0x42, 0x1, 0xb, 0x0, 0x7f, 0xf1, 0xc6, 0xc0,
    0x3f, 0xf8, 0x76, 0x1, 0x92, 0x40, 0x3f, 0xf8,
    0x49, 0x20, 0x19, 0x9c, 0x3, 0xff, 0x84, 0xce,
    0x1, 0xa1, 0x40, 0x3f, 0xf8, 0x50, 0xa0, 0x1a,
    0x8c, 0x3, 0xff, 0x85, 0x46, 0x1, 0xb4, 0x80,
    0x3f, 0xf8, 0x5a, 0x40, 0x10, 0xf8, 0x80, 0x7f,
    0xf0, 0x47, 0xc4, 0x2, 0x2a, 0x0, 0xff, 0xe1,
    0x15, 0x0, 0x64, 0x90, 0xf, 0xfe, 0x12, 0x48,
    0x6, 0x67, 0x0, 0xff, 0xe1, 0x33, 0x80, 0x68,
    0x50, 0xf, 0xfe, 0x14, 0x28, 0x6, 0xa3,

    /* U+039B "Λ" */
    0x0, 0xf9, 0xff, 0xfd, 0x60, 0x1f, 0xfc, 0x3b,
    0x0, 0xf2, 0x0, 0x7f, 0xf0, 0x84, 0xc0, 0x3e,
    0x40, 0xf, 0xfe, 0xb, 0x80, 0x7e, 0xd0, 0xf,
    0xfe, 0xe, 0x80, 0x61, 0x0, 0x9c, 0x3, 0xff,
    0x82, 0x80, 0x12, 0x20, 0x2, 0x13, 0x0, 0xff,
    0x90, 0x3, 0x6f, 0x80, 0x64, 0x0, 0xff, 0xb4,
    0x3, 0x22, 0x80, 0x6b, 0x0, 0xff, 0x9c, 0x2,
    0x22, 0x2, 0x0, 0x46, 0x20, 0x1f, 0xc6, 0x20,
    0x12, 0x80, 0x34, 0x3, 0x38, 0x7, 0xf2, 0x0,
    0x6b, 0x0, 0x38, 0x6, 0xd0, 0xf, 0xeb, 0x0,
    0x84, 0xc0, 0x2, 0x40, 0x12, 0x0, 0x7e, 0x13,
    0x0, 0x90, 0x3, 0x28, 0x6, 0x40, 0xf, 0x9c,
    0x3, 0x78, 0x6, 0xb0, 0xd, 0xa0, 0x1f, 0x60,
    0x6, 0x40, 0xc, 0x62, 0x1, 0x38, 0x7, 0xca,
    0x1, 0x18, 0x80, 0x73, 0x80, 0x42, 0x60, 0x1c,
    0x80, 0x1a, 0xc0, 0x3d, 0xa0, 0x19, 0x0, 0x3b,
    0x40, 0x32, 0x80, 0x79, 0x0, 0x35, 0x80, 0x73,
    0x80, 0x44, 0x40, 0xf, 0x90, 0x2, 0x31, 0x0,
    0x88, 0x40, 0x24, 0x0, 0xfd, 0xa0, 0x19, 0xc0,
    0x25, 0x0, 0xda, 0x1, 0xf9, 0xc0, 0x36, 0x0,
    0x56, 0x1, 0x90, 0x3, 0xf0, 0x98, 0x4, 0xa0,
    0x1, 0x30, 0x9, 0x40, 0x3f, 0xd6, 0x1, 0x90,
    0x1c, 0x3, 0x60, 0x7, 0xf9, 0x0, 0x36, 0x86,
    0x0, 0x67, 0x0, 0xff, 0x18, 0x80, 0x4e, 0x0,

    /* U+039C "Μ" */
    0xaf, 0xfb, 0x0, 0x3f, 0xf8, 0x71, 0xff, 0x68,
    0x6, 0x34, 0x0, 0xff, 0xe0, 0x8b, 0x80, 0x7f,
    0x40, 0x7, 0xff, 0x6, 0x40, 0x3f, 0xc6, 0x60,
    0xf, 0xfe, 0x3, 0x0, 0x7f, 0xd0, 0x1, 0xff,
    0x38, 0x80, 0x7f, 0xc8, 0x60, 0x1f, 0xe9, 0x0,
    0xff, 0xe0, 0xc0, 0x7, 0xf3, 0x88, 0x7, 0xff,
    0x5, 0xc, 0x3, 0xf4, 0x80, 0x7f, 0xf0, 0xe4,
    0x3, 0xe6, 0x10, 0xf, 0xfe, 0x1a, 0x90, 0x7,
    0xa0, 0x3, 0xff, 0x80, 0x40, 0x1a, 0x0, 0x39,
    0x84, 0x2, 0x30, 0xf, 0xcc, 0xc0, 0x9, 0x48,
    0x3, 0x58, 0x4, 0x56, 0x1, 0xfd, 0x60, 0x1a,
    0x0, 0x26, 0x20, 0xa, 0xc0, 0x3f, 0xc4, 0xa0,
    0x12, 0x90, 0x2, 0xc0, 0x21, 0x60, 0xf, 0xfa,
    0x40, 0x35, 0x82, 0x90, 0x5, 0x0, 0x1f, 0xfc,
    0x3, 0x40, 0x9, 0x8a, 0x0, 0x21, 0x60, 0xf,
    0xfe, 0xc, 0x0, 0x6f, 0x20, 0xa, 0x40, 0x3f,
    0xf8, 0x46, 0x60, 0x8, 0x80, 0x33, 0x0, 0x7f,
    0xf0, 0xe0, 0x3, 0xe7, 0x10, 0xf, 0xfe, 0x1a,
    0x10, 0x7, 0xa4, 0x3, 0xff, 0x8b, 0x0, 0x1c,
    0xc2, 0x1, 0xff, 0xc5, 0x52, 0x0, 0xd0, 0x1,
    0xff, 0xc7, 0xb0, 0x9, 0x44, 0x3, 0xff, 0x8e,
    0xc2, 0x0, 0x80, 0xf, 0xfe, 0x4c, 0x82, 0x90,
    0x7, 0xf8,

    /* U+039D "Ν" */
    0xaf, 0xfc, 0xc0, 0x1f, 0xc9, 0xff, 0x98, 0x3,
    0xa4, 0x40, 0x3f, 0xf9, 0x16, 0x1, 0xff, 0xc8,
    0x55, 0x0, 0x7f, 0xf2, 0x2c, 0x3, 0xff, 0x90,
    0x32, 0x1, 0xff, 0xc8, 0x63, 0x0, 0xff, 0xe4,
    0x70, 0x7, 0xff, 0x10, 0x80, 0x22, 0x80, 0xf,
    0xfe, 0x1c, 0x80, 0x67, 0x20, 0xf, 0xfe, 0x12,
    0xb8, 0x6, 0xe0, 0xf, 0xfe, 0x1c, 0x10, 0x4,
    0x6c, 0x1, 0xff, 0xc3, 0x90, 0xd, 0x22, 0x1,
    0xff, 0xc2, 0x46, 0x0, 0xd4, 0x1, 0xff, 0xc3,
    0x81, 0x0, 0x91, 0x40, 0x3f, 0xf8, 0x43, 0x60,
    0x1a, 0xc4, 0x3, 0xff, 0x84, 0xa8, 0x1, 0xc,
    0x0, 0x7f, 0xf0, 0xe8, 0x3, 0x10, 0x7, 0xff,
    0xc, 0x64, 0x3, 0xff, 0x90, 0xc6, 0x1, 0xff,
    0xc8, 0xe0, 0xf, 0xfe, 0x41, 0x38, 0x7, 0xff,
    0x22, 0x8, 0x3, 0xff, 0x91, 0xc0, 0x1f, 0xfc,
    0x83, 0x60, 0xe,

    /* U+039E "Ξ" */
    0xaf, 0xff, 0xfe, 0x3c, 0x80, 0x7f, 0xfc, 0xe6,
    0xab, 0xff, 0x90, 0x6a, 0xbf, 0xfc, 0x73, 0x0,
    0xff, 0xff, 0x80, 0x7f, 0xca, 0xbf, 0xfc, 0x44,
    0x0, 0xd7, 0x55, 0xff, 0xc4, 0x0, 0xff, 0xfb,
    0xf7, 0xff, 0xff, 0xf, 0x80, 0x3f, 0xff, 0xe0,
    0x1f, 0xf1, 0xaa, 0xff, 0xf1, 0xce, 0x6a, 0xbf,
    0xf9, 0x0, 0x1f, 0xff, 0x30,

    /* U+039F "Ο" */
    0x0, 0xfc, 0x28, 0xce, 0xe6, 0x40, 0xf, 0xfe,
    0x1a, 0xe7, 0x5c, 0xc4, 0x26, 0xfe, 0xd0, 0x3,
    0xfc, 0x59, 0x46, 0x1, 0xf9, 0x2e, 0x84, 0x3,
    0xe4, 0xd3, 0x0, 0xff, 0xe0, 0x2e, 0x8, 0x7,
    0x15, 0x80, 0x7c, 0x22, 0x0, 0xf1, 0x60, 0x7,
    0x78, 0x7, 0x2e, 0x7f, 0x73, 0xec, 0xc0, 0x31,
    0x50, 0x4, 0xe4, 0x1, 0xa6, 0x8c, 0x3, 0x26,
    0x30, 0x6, 0x53, 0x0, 0x48, 0x6, 0x86, 0x0,
    0xfd, 0x28, 0x1, 0xa4, 0x10, 0x40, 0x21, 0x70,
    0xf, 0xf4, 0x80, 0x65, 0xc, 0x0, 0xcc, 0x1,
    0xff, 0x12, 0x0, 0x64, 0x30, 0xd, 0x60, 0x1f,
    0xfc, 0xc, 0x0, 0xd8, 0xa0, 0x18, 0x80, 0x3f,
    0xf8, 0x6, 0x1, 0x88, 0x40, 0x30, 0x80, 0x7f,
    0xf0, 0x18, 0x3, 0x8, 0x6, 0x10, 0xf, 0xfe,
    0x58, 0x80, 0x7f, 0xf1, 0xc8, 0x3, 0x8, 0x7,
    0xff, 0x1, 0x80, 0x30, 0xb0, 0x6, 0x20, 0xf,
    0xfe, 0x1, 0x80, 0x62, 0x30, 0xd, 0x60, 0x1f,
    0xfc, 0xc, 0x0, 0xd9, 0x80, 0xc, 0xc0, 0x1f,
    0xf1, 0x20, 0x6, 0x44, 0x8, 0x4, 0x2e, 0x1,
    0xfe, 0x90, 0xc, 0xa0, 0x9, 0x0, 0xd0, 0xc0,
    0x1f, 0xa5, 0x0, 0x34, 0x80, 0x1c, 0x80, 0x34,
    0xd1, 0x80, 0x65, 0xc6, 0x0, 0xca, 0x60, 0x17,
    0x80, 0x72, 0xe7, 0xf7, 0x3e, 0x8c, 0x3, 0x15,
    0x0, 0x62, 0xb0, 0xf, 0x84, 0x40, 0x1e, 0x2c,
    0x0, 0xf2, 0x69, 0x80, 0x7f, 0xf0, 0x17, 0x4,
    0x3, 0xe2, 0xca, 0x30, 0xf, 0xc9, 0x74, 0x20,
    0x1f, 0xe5, 0xce, 0xb9, 0x88, 0x4d, 0xfd, 0xa0,
    0x7, 0x80,

    /* U+03A0 "Π" */
    0xaf, 0xff, 0xfe, 0x3c, 0x80, 0x7f, 0xfe, 0x2a,
    0xbf, 0xd2, 0x1, 0xfe, 0x55, 0xff, 0x30, 0x7,
    0xff, 0xfc, 0x3, 0xff, 0xfe, 0x1, 0xff, 0xff,
    0x0, 0xff, 0xff, 0x80, 0x7f, 0xff, 0xc0, 0x3f,
    0xfa, 0x20,

    /* U+03A1 "Ρ" */
    0xaf, 0xff, 0xfb, 0xad, 0xc4, 0x3, 0xff, 0x88,
    0x29, 0x1e, 0x80, 0x1f, 0xfc, 0x61, 0xb4, 0x0,
    0xff, 0xe3, 0xd0, 0x80, 0x7a, 0xab, 0xd2, 0xa0,
    0x18, 0x58, 0x3, 0xca, 0xbe, 0x6a, 0x90, 0xd,
    0x60, 0x1f, 0xfc, 0x26, 0x20, 0x8, 0xc0, 0x3f,
    0xf8, 0x6e, 0x1, 0xff, 0xc7, 0x30, 0xc, 0x20,
    0x1f, 0xfc, 0x25, 0x0, 0xc2, 0x1, 0xff, 0xc1,
    0x23, 0x0, 0x88, 0x3, 0xff, 0x80, 0x2b, 0x80,
    0x19, 0x0, 0x3d, 0xff, 0xee, 0xa1, 0x0, 0xd6,
    0x1, 0xff, 0xc6, 0x72, 0x0, 0xff, 0xe2, 0xac,
    0x0, 0x7f, 0xf1, 0xe, 0xa8, 0x1, 0xfa, 0xab,
    0xeb, 0xec, 0x50, 0xf, 0xe5, 0x5f, 0x90, 0x40,
    0x3f, 0xff, 0xe0, 0x1f, 0xff, 0xb0,

    /* U+03A3 "Σ" */
    0xaf, 0xff, 0xfe, 0x20, 0x7, 0xff, 0xaf, 0xc0,
    0x39, 0xaa, 0xbf, 0xc0, 0xb4, 0x1, 0x99, 0x8a,
    0xbf, 0xc0, 0x5, 0x90, 0xd, 0x86, 0x1, 0xff,
    0x34, 0x0, 0x6d, 0x20, 0xf, 0xf9, 0xe0, 0x2,
    0x1c, 0x20, 0xf, 0xf9, 0xdc, 0x1, 0xe, 0x10,
    0x7, 0xfd, 0xc, 0x1, 0xf, 0x88, 0x7, 0xfd,
    0x2c, 0x1, 0x16, 0x8, 0x7, 0xfd, 0x22, 0x1,
    0x14, 0x80, 0x7f, 0xd2, 0x20, 0x11, 0x48, 0x7,
    0xfa, 0x58, 0x2, 0x2c, 0x10, 0xf, 0xe8, 0x60,
    0x8, 0x7c, 0x40, 0x3f, 0x9d, 0xc0, 0x10, 0xe1,
    0x0, 0x7f, 0x3c, 0x0, 0x43, 0x84, 0x1, 0xfc,
    0xd0, 0x1, 0xb4, 0x80, 0x3f, 0x96, 0x40, 0x36,
    0x18, 0x7, 0xf2, 0x50, 0x6, 0x66, 0x2a, 0xff,
    0x7, 0x0, 0x73, 0x55, 0x7f, 0x80, 0x3f, 0xfd,
    0x60,

    /* U+03A4 "Τ" */
    0xaf, 0xff, 0xfe, 0x3b, 0x0, 0x7f, 0xfc, 0xe6,
    0xab, 0xe0, 0xc, 0x75, 0x5f, 0x21, 0xaa, 0xfc,
    0x1, 0x9d, 0x57, 0xe2, 0x0, 0xff, 0xff, 0x80,
    0x7f, 0xff, 0xc0, 0x3f, 0xff, 0xe0, 0x1f, 0xff,
    0xf0, 0xf, 0xff, 0xf8, 0x7, 0xff, 0x30,

    /* U+03A5 "Υ" */
    0xbf, 0xfd, 0x60, 0x1f, 0xc9, 0xff, 0xc5, 0x20,
    0x19, 0x10, 0x1, 0xfa, 0x40, 0x33, 0x11, 0x18,
    0x3, 0x48, 0x7, 0xcc, 0x40, 0x10, 0xc0, 0x2,
    0x0, 0x31, 0x30, 0x7, 0xa0, 0x3, 0x48, 0x80,
    0x6, 0x0, 0x34, 0x0, 0x74, 0x8, 0x4, 0x4e,
    0x1, 0x9c, 0x80, 0x21, 0x80, 0x8, 0x5c, 0x3,
    0x40, 0x7, 0xa0, 0x3, 0x38, 0x80, 0x2c, 0x3,
    0x1a, 0x80, 0x79, 0x4c, 0x3, 0x58, 0x1a, 0x80,
    0x6f, 0x0, 0xfd, 0xe0, 0x19, 0x4f, 0xc0, 0x32,
    0x98, 0x7, 0xe3, 0x50, 0xd, 0xa6, 0x1, 0xac,
    0x3, 0xfd, 0x60, 0x18, 0x40, 0x33, 0x88, 0x7,
    0xf8, 0x5c, 0x3, 0xe1, 0x80, 0xf, 0xfe, 0x4,
    0x8, 0x7, 0xa0, 0x3, 0xff, 0x85, 0x0, 0x1c,
    0x6c, 0x1, 0xff, 0xc2, 0x62, 0x0, 0xd0, 0x1,
    0xff, 0xc4, 0x70, 0xc, 0xa0, 0x1f, 0xff, 0xf0,
    0xf, 0xff, 0xf8, 0x7, 0xff, 0xb0,

    /* U+03A6 "Φ" */
    0x0, 0xfe, 0x9f, 0xfc, 0x1, 0xff, 0xda, 0x39,
    0xef, 0xf3, 0x0, 0x6f, 0xfa, 0xd8, 0x3, 0xf4,
    0x63, 0x8, 0x7, 0xf9, 0x27, 0x48, 0x3, 0xa5,
    0xc0, 0x3f, 0xf8, 0x65, 0x82, 0x1, 0x2b, 0x0,
    0x7f, 0xf1, 0x47, 0x40, 0x2b, 0x0, 0xc7, 0x58,
    0x80, 0x1a, 0xec, 0xa0, 0x18, 0xd4, 0x14, 0x40,
    0x23, 0xc5, 0x32, 0x0, 0xc8, 0x8a, 0x70, 0xd,
    0xc1, 0x80, 0x1a, 0x0, 0x3f, 0xe8, 0x10, 0x9,
    0x1, 0x40, 0x32, 0x0, 0x7f, 0xf0, 0x1c, 0x3,
    0x19, 0x0, 0x46, 0x1, 0xff, 0xc1, 0xf0, 0xc,
    0xc2, 0x1, 0x38, 0x7, 0xff, 0x4, 0x80, 0x31,
    0x80, 0x67, 0x0, 0xff, 0xe3, 0x88, 0x4, 0x20,
    0x1f, 0xfc, 0x12, 0x0, 0xc6, 0xa0, 0x11, 0x8,
    0x7, 0xff, 0x3, 0x0, 0x33, 0x98, 0x6, 0x90,
    0xf, 0xf8, 0x94, 0x2, 0x12, 0xa0, 0xc, 0xec,
    0x1, 0xfc, 0x7e, 0x1, 0x9c, 0x9, 0x0, 0x34,
    0xff, 0x30, 0x6, 0xee, 0x61, 0x0, 0x6b, 0x0,
    0x50, 0x80, 0x70, 0x80, 0x70, 0x88, 0x3, 0xa0,
    0x80, 0x3, 0xa2, 0x1, 0xff, 0xc4, 0x67, 0x0,
    0xc7, 0xea, 0x1, 0xff, 0xc1, 0x2a, 0x90, 0xf,
    0xd, 0x75, 0x44, 0xc, 0x3, 0x4c, 0x4e, 0x6a,
    0x80, 0x7f, 0xa, 0xbb, 0x94, 0x3, 0x33, 0xb1,
    0x80, 0x7f, 0xfa, 0x80,

    /* U+03A7 "Χ" */
    0x2f, 0xfe, 0x90, 0xf, 0xeb, 0xff, 0xdc, 0x25,
    0x0, 0x19, 0x8c, 0x3, 0xe5, 0x40, 0xd, 0x62,
    0xe, 0x60, 0x1b, 0xc0, 0x3e, 0xb0, 0xc, 0xaa,
    0x0, 0xb8, 0x3, 0x1b, 0x80, 0x74, 0x88, 0x6,
    0xb0, 0xc, 0x4e, 0x1, 0xa0, 0x40, 0x23, 0x60,
    0xd, 0x22, 0x1, 0xd0, 0x40, 0x1a, 0x80, 0x2f,
    0x0, 0xc8, 0xc0, 0x1f, 0x70, 0x6, 0x45, 0x6,
    0x30, 0xd, 0x20, 0x1f, 0x8d, 0x80, 0x35, 0x94,
    0x80, 0x68, 0x20, 0xf, 0xe9, 0x10, 0x8, 0x70,
    0x3, 0x1b, 0x80, 0x7f, 0xd4, 0x1, 0x84, 0x3,
    0x70, 0x7, 0xff, 0x1, 0x14, 0x3, 0xe7, 0x20,
    0xf, 0xfe, 0xd, 0x88, 0x7, 0x14, 0x0, 0x7f,
    0xf0, 0x85, 0xc0, 0x3a, 0x80, 0x3f, 0xf8, 0x66,
    0xc0, 0x1d, 0x2, 0x1, 0xff, 0xc2, 0xe0, 0xf,
    0xa8, 0x3, 0xff, 0x82, 0xe4, 0x1, 0xf2, 0x28,
    0x7, 0xfc, 0x50, 0x1, 0x8c, 0x3, 0x58, 0x80,
    0x7f, 0xb8, 0x3, 0x26, 0x10, 0x4, 0x36, 0x1,
    0xfc, 0xc6, 0x1, 0xa4, 0x38, 0x3, 0x2a, 0x0,
    0x7c, 0x52, 0x1, 0x9c, 0x80, 0xd8, 0x3, 0x50,
    0x7, 0xd2, 0x1, 0x8a, 0x0, 0x28, 0x10, 0x8,
    0x64, 0x3, 0x99, 0x0, 0x34, 0x80, 0x61, 0xb0,
    0xc, 0xc6, 0x1, 0xc, 0x80, 0x66, 0x40, 0xe,
    0x54, 0x0, 0xdc, 0x1, 0x58, 0x6, 0x18, 0x0,
    0xfa, 0x40, 0x31, 0x40, 0x2a, 0x80, 0x35, 0x88,
    0x7, 0xc5, 0x0, 0x19, 0xcc,

    /* U+03A8 "Ψ" */
    0xaf, 0xfa, 0xc0, 0x24, 0xff, 0xca, 0x1, 0x57,
    0xfd, 0x40, 0x1f, 0xff, 0xf0, 0xf, 0xff, 0xf8,
    0x7, 0xff, 0xe8, 0xc0, 0x3f, 0xf9, 0xac, 0x1,
    0xff, 0xc0, 0x60, 0x8, 0xf8, 0x2, 0x21, 0x0,
    0xff, 0x8c, 0x2, 0x13, 0x0, 0xd0, 0x1, 0xfe,
    0x90, 0xd, 0x88, 0x20, 0x13, 0x63, 0x60, 0x6,
    0xd7, 0xc6, 0x0, 0x85, 0x2, 0x40, 0x31, 0xcb,
    0x80, 0x67, 0x83, 0x0, 0xd2, 0x0, 0x74, 0x0,
    0xff, 0xe2, 0x23, 0x80, 0x56, 0xc0, 0x1f, 0xfc,
    0x27, 0xb0, 0xe, 0x9d, 0x73, 0x10, 0xf, 0x9,
    0xbe, 0xc0, 0x7, 0xc5, 0x19, 0xd6, 0x1, 0xab,
    0xb2, 0x8, 0x3, 0xff, 0xfe, 0x1, 0xff, 0xc5,

    /* U+03A9 "Ω" */
    0x0, 0xfc, 0x28, 0xce, 0xe6, 0x30, 0xf, 0xfe,
    0x1a, 0x5f, 0x5c, 0xc4, 0x27, 0x3e, 0x8c, 0x3,
    0xfc, 0x37, 0x64, 0x0, 0xfc, 0xb9, 0x20, 0x1f,
    0x8f, 0xd0, 0x3, 0xff, 0x80, 0xda, 0x20, 0x1c,
    0x58, 0x20, 0x1e, 0x11, 0x0, 0x78, 0xb4, 0x3,
    0xbc, 0x3, 0x8e, 0xbf, 0xba, 0x91, 0x0, 0xc7,
    0x20, 0x13, 0x90, 0x6, 0x6c, 0x50, 0x8, 0x5b,
    0xcc, 0x3, 0x31, 0x80, 0x24, 0x3, 0x24, 0x80,
    0x7c, 0x3a, 0x40, 0x1a, 0x1, 0x44, 0x3, 0x50,
    0x7, 0xf0, 0xc8, 0x6, 0x41, 0xc0, 0xc, 0xc2,
    0x1, 0xfe, 0x42, 0x0, 0xc8, 0xa0, 0x1b, 0x40,
    0x3f, 0xf8, 0xa, 0x1, 0xb0, 0x80, 0x32, 0x80,
    0x7f, 0xf0, 0x30, 0x3, 0x18, 0x80, 0x61, 0x0,
    0xff, 0xe0, 0x30, 0x6, 0x10, 0xc, 0x20, 0x1f,
    0xfc, 0x71, 0x0, 0x84, 0x3, 0xff, 0x82, 0x20,
    0x18, 0x54, 0x3, 0x8, 0x7, 0xff, 0x1, 0x80,
    0x36, 0xe0, 0x6, 0x40, 0xf, 0xfe, 0x6, 0x80,
    0x63, 0x50, 0xd, 0xe0, 0x1f, 0xfc, 0x6, 0x0,
    0x85, 0x9, 0x0, 0x25, 0x20, 0xf, 0xf2, 0x88,
    0x4, 0xc0, 0x8, 0x0, 0xdc, 0x1, 0xfc, 0x36,
    0x1, 0xc, 0x0, 0xd, 0xc0, 0x23, 0xa0, 0xf,
    0xda, 0x20, 0x15, 0x0, 0xd, 0x74, 0x80, 0x25,
    0xc1, 0x0, 0xc5, 0xa6, 0x1, 0x20, 0xa9, 0x4d,
    0x50, 0x80, 0x31, 0x90, 0x6, 0x62, 0x0, 0xc9,
    0x54, 0x40, 0xf, 0xff, 0xe0,

    /* U+03AA "Ϊ" */
    0x1, 0x18, 0x3, 0x8, 0xe9, 0xee, 0x9c, 0x0,
    0xdd, 0xd5, 0x80, 0x7f, 0xf6, 0x27, 0xfe, 0x70,
    0x3, 0x7f, 0xd4, 0x1, 0xff, 0xc3, 0x4f, 0xfc,
    0xa0, 0x1f, 0xff, 0xf0, 0xf, 0xff, 0xf8, 0x7,
    0xff, 0xfc, 0x3, 0xff, 0xec,

    /* U+03AB "Ϋ" */
    0x0, 0xe1, 0x1c, 0x1, 0x8, 0xe0, 0xf, 0xfb,
    0xbb, 0x10, 0x2, 0xbb, 0xa5, 0x0, 0xff, 0xff,
    0x87, 0xfe, 0x20, 0x5, 0xff, 0xca, 0x1, 0xff,
    0xcf, 0xbf, 0xfd, 0x60, 0x1f, 0xc9, 0xff, 0xc5,
    0x20, 0x19, 0x10, 0x1, 0xfa, 0x40, 0x33, 0x11,
    0x18, 0x3, 0x48, 0x7, 0xcc, 0x40, 0x10, 0xc0,
    0x2, 0x0, 0x31, 0x30, 0x7, 0xa0, 0x3, 0x48,
    0x80, 0x6, 0x0, 0x34, 0x0, 0x74, 0x8, 0x4,
    0x4e, 0x1, 0x9c, 0x80, 0x21, 0x80, 0x8, 0x5c,
    0x3, 0x40, 0x7, 0xa0, 0x3, 0x38, 0x80, 0x2c,
    0x3, 0x1a, 0x80, 0x79, 0x4c, 0x3, 0x58, 0x1a,
    0x80, 0x6f, 0x0, 0xfd, 0xe0, 0x19, 0x4f, 0xc0,
    0x32, 0x98, 0x7, 0xe3, 0x50, 0xd, 0xa6, 0x1,
    0xac, 0x3, 0xfd, 0x60, 0x18, 0x40, 0x33, 0x88,
    0x7, 0xf8, 0x5c, 0x3, 0xe1, 0x80, 0xf, 0xfe,
    0x4, 0x8, 0x7, 0xa0, 0x3, 0xff, 0x85, 0x0,
    0x1c, 0x6c, 0x1, 0xff, 0xc2, 0x62, 0x0, 0xd0,
    0x1, 0xff, 0xc4, 0x70, 0xc, 0xa0, 0x1f, 0xff,
    0xf0, 0xf, 0xff, 0xf8, 0x7, 0xff, 0xb0,

    /* U+03AC "ά" */
    0x0, 0xff, 0x1d, 0x54, 0x20, 0x1f, 0xfc, 0x29,
    0x55, 0x30, 0x80, 0x7f, 0xf0, 0x45, 0x40, 0x12,
    0x1, 0xff, 0xc2, 0x90, 0x0, 0xa8, 0x7, 0xff,
    0x9, 0x80, 0x12, 0x1, 0xff, 0xc2, 0x51, 0x0,
    0x30, 0x7, 0xff, 0xa, 0x40, 0xa, 0x20, 0x1f,
    0xfc, 0x2c, 0xff, 0x50, 0x7, 0xff, 0x50, 0x99,
    0xdc, 0xc4, 0x1, 0xff, 0x26, 0x6c, 0xc4, 0x27,
    0x70, 0xfb, 0xfe, 0x30, 0xa, 0x2c, 0xc0, 0x3c,
    0x78, 0x20, 0x1e, 0x87, 0x0, 0xff, 0xe2, 0x1b,
    0x80, 0x71, 0xaa, 0x0, 0x7f, 0x40, 0x6, 0x1c,
    0xc5, 0x5f, 0xa0, 0x7, 0x89, 0x0, 0x36, 0x18,
    0x6, 0xb1, 0x0, 0xe4, 0x0, 0xca, 0x40, 0x1e,
    0x60, 0xe, 0xe0, 0xd, 0x80, 0x1f, 0x68, 0x7,
    0x10, 0x6, 0x20, 0xf, 0x98, 0x3, 0xff, 0x98,
    0x40, 0x18, 0x80, 0x3e, 0x60, 0xe, 0xe0, 0xd,
    0x80, 0x1f, 0x68, 0x7, 0x38, 0x6, 0x52, 0x0,
    0xf3, 0x0, 0x70, 0xa0, 0x6, 0xf2, 0x0, 0x86,
    0xc4, 0x3, 0xd0, 0x1, 0x8b, 0x72, 0xaf, 0x90,
    0x3, 0xe3, 0x70, 0xe, 0x35, 0x40, 0xf, 0xf4,
    0x38, 0x7, 0xff, 0x1a, 0x2c, 0x80, 0x3c, 0x9a,
    0x20, 0x1f, 0x93, 0x75, 0x31, 0xa, 0xeb, 0x2e,
    0xff, 0x8c,

    /* U+03AD "έ" */
    0x0, 0xfd, 0x15, 0x47, 0x0, 0xff, 0xe0, 0xb,
    0xaa, 0x88, 0x3, 0xff, 0x81, 0x20, 0x1, 0x50,
    0xf, 0xfe, 0x3, 0x0, 0x24, 0x3, 0xff, 0x80,
    0xc2, 0x0, 0x60, 0xf, 0xfe, 0x5, 0x0, 0x14,
    0x40, 0x3f, 0xe3, 0x30, 0x2, 0x40, 0x3f, 0xf8,
    0x7, 0xff, 0x18, 0x7, 0xff, 0x44, 0xd9, 0xdc,
    0xa4, 0x1, 0xfc, 0xfd, 0x93, 0x10, 0xad, 0xd3,
    0x0, 0x7a, 0xe0, 0x40, 0x3c, 0x53, 0xa6, 0x1,
    0x42, 0x0, 0x7f, 0x8b, 0x4, 0x0, 0xc0, 0x1c,
    0x44, 0x0, 0xeb, 0x10, 0x0, 0x80, 0x43, 0xdb,
    0xaf, 0xc6, 0x9, 0x40, 0xf, 0x8c, 0x40, 0x23,
    0x9f, 0x60, 0xc, 0xa0, 0x11, 0x75, 0xd5, 0x8,
    0x3, 0xe8, 0x0, 0xc2, 0x8a, 0xa6, 0x0, 0xf9,
    0x80, 0x3f, 0xf8, 0x94, 0x1, 0xff, 0xc3, 0x61,
    0x0, 0x9b, 0xbf, 0xe4, 0x0, 0xf7, 0x80, 0x6b,
    0x10, 0xf, 0xf1, 0x80, 0x61, 0x0, 0xe3, 0xe7,
    0x0, 0x88, 0x3, 0x79, 0x0, 0x6, 0x30, 0x62,
    0xc4, 0x2c, 0x3, 0x1e, 0xf7, 0x4e, 0x1, 0x26,
    0x1, 0xa0, 0x7, 0x8, 0x80, 0x3d, 0x0, 0xa,
    0x30, 0xf, 0xf0, 0xda, 0x80, 0x7, 0x20, 0x40,
    0x3c, 0x2f, 0xe8, 0x1, 0xcf, 0xd9, 0x31, 0x9,
    0xce, 0x81, 0x0, 0x80,

    /* U+03AE "ή" */
    0x0, 0xfe, 0x1a, 0xa8, 0xc0, 0x3f, 0xf8, 0x2c,
    0xaa, 0x43, 0x0, 0xff, 0xe0, 0xd0, 0x1, 0x80,
    0x3f, 0xf8, 0x28, 0x40, 0xa, 0x0, 0xff, 0xe0,
    0xf8, 0x1, 0x8, 0x3, 0xff, 0x80, 0x48, 0x0,
    0xf0, 0xf, 0xfe, 0xd, 0x80, 0x9, 0x0, 0x3f,
    0xf8, 0x33, 0xfe, 0xd0, 0xf, 0xfe, 0xa0, 0xab,
    0xb9, 0x90, 0x3, 0xab, 0xfe, 0x72, 0xbe, 0xa8,
    0x84, 0xdf, 0x30, 0x7, 0xd9, 0xa8, 0x1, 0xe1,
    0x99, 0x0, 0x79, 0x0, 0x3f, 0xcc, 0xa0, 0x1f,
    0xc2, 0x20, 0xf, 0x40, 0x7, 0xcb, 0xbd, 0xcd,
    0x30, 0xc, 0x44, 0x0, 0xe4, 0xa2, 0x0, 0x16,
    0x8, 0x6, 0x40, 0xe, 0xe0, 0xf, 0x48, 0x6,
    0xe0, 0xe, 0x70, 0xf, 0x18, 0x6, 0x10, 0xe,
    0x20, 0xf, 0x30, 0x7, 0xff, 0x14, 0xc0, 0x3f,
    0xff, 0xe0, 0x1f, 0xff, 0xe0,

    /* U+03AF "ί" */
    0x0, 0xd5, 0x52, 0x80, 0x79, 0x15, 0x67, 0x0,
    0xf7, 0x80, 0x10, 0x80, 0x38, 0x90, 0x1, 0xe0,
    0x1e, 0xb0, 0x1, 0x20, 0x7, 0x98, 0x1, 0x60,
    0x1e, 0x60, 0x9, 0x80, 0x3c, 0xdf, 0xf0, 0x7,
    0xff, 0x41, 0x3f, 0xf2, 0x80, 0x7f, 0xff, 0xc0,
    0x3f, 0xfd, 0x84, 0x1, 0xce, 0x1, 0xac, 0x3,
    0x88, 0x3, 0x1f, 0x4c, 0x41, 0x84, 0xc0, 0x30,
    0xb3, 0xbb, 0x3, 0x80, 0x3f, 0xc5, 0x84, 0x1,
    0xfc, 0x7b, 0xa9, 0x87, 0x74, 0x48,

    /* U+03B0 "ΰ" */
    0x0, 0xfc, 0x33, 0x31, 0x0, 0x7f, 0xf0, 0x59,
    0xa7, 0x20, 0xf, 0xfe, 0xc, 0x80, 0x18, 0x3,
    0xed, 0xff, 0x58, 0x1, 0x44, 0x1, 0x2d, 0xff,
    0x18, 0x7, 0xe9, 0x0, 0x28, 0x80, 0x7f, 0xf0,
    0xc, 0xc0, 0x9, 0x0, 0xff, 0xe0, 0xd0, 0x0,
    0x8c, 0x3, 0xf6, 0x77, 0x28, 0x23, 0xb9, 0x80,
    0x6, 0xee, 0x8c, 0x0, 0x23, 0x80, 0x47, 0x0,
    0x42, 0x30, 0x7, 0xff, 0x23, 0xff, 0x58, 0x7,
    0xcd, 0xff, 0x94, 0x3, 0xff, 0xfe, 0x1, 0xff,
    0xfd, 0x70, 0xf, 0xfe, 0x29, 0x0, 0x7d, 0xc0,
    0x18, 0x44, 0x1, 0x8, 0x80, 0x3c, 0x80, 0x19,
    0xc8, 0x3, 0x48, 0x7, 0x19, 0x80, 0x31, 0x20,
    0x6, 0x77, 0x0, 0x49, 0xa0, 0x18, 0x45, 0x60,
    0x1d, 0x1f, 0xdf, 0x62, 0x1, 0x98, 0xd, 0x40,
    0x3c, 0x20, 0x1e, 0x19, 0x0, 0x51, 0x80, 0x7f,
    0xc3, 0xa2, 0x1, 0x64, 0x90, 0x7, 0xe6, 0xf3,
    0x0, 0xe6, 0xdd, 0x54, 0x45, 0x37, 0xf2, 0x20,
    0x10,

    /* U+03B1 "α" */
    0x0, 0xf1, 0x33, 0xb9, 0x88, 0x3, 0xfe, 0x4c,
    0xd9, 0x88, 0x4e, 0xe1, 0xf7, 0xfc, 0x60, 0x14,
    0x59, 0x80, 0x78, 0xf0, 0x40, 0x3d, 0xe, 0x1,
    0xff, 0xc4, 0x37, 0x0, 0xe3, 0x54, 0x0, 0xfe,
    0x80, 0xc, 0x39, 0x8a, 0xbf, 0x40, 0xf, 0x12,
    0x0, 0x6c, 0x30, 0xd, 0x62, 0x1, 0xc8, 0x1,
    0x94, 0x80, 0x3c, 0xc0, 0x1d, 0xc0, 0x1b, 0x0,
    0x3e, 0xd0, 0xe, 0x20, 0xc, 0x40, 0x1f, 0x30,
    0x7, 0xff, 0x30, 0x80, 0x31, 0x0, 0x7c, 0xc0,
    0x1d, 0xc0, 0x1b, 0x0, 0x3e, 0xd0, 0xe, 0x70,
    0xc, 0xa4, 0x1, 0xe6, 0x0, 0xe1, 0x40, 0xd,
    0xe4, 0x1, 0xd, 0x88, 0x7, 0xa0, 0x3, 0x16,
    0xe5, 0x5f, 0x20, 0x7, 0xc6, 0xe0, 0x1c, 0x6a,
    0x80, 0x1f, 0xe8, 0x70, 0xf, 0xfe, 0x34, 0x59,
    0x0, 0x79, 0x34, 0x40, 0x3f, 0x26, 0xea, 0x62,
    0x15, 0xd6, 0x5d, 0xff, 0x18,

    /* U+03B2 "β" */
    0x0, 0xe2, 0x57, 0x73, 0x10, 0x7, 0xf9, 0x77,
    0x55, 0x10, 0x9d, 0xc4, 0x0, 0xfa, 0x68, 0x80,
    0x3c, 0x77, 0x0, 0x1d, 0xc, 0x1, 0xfe, 0x78,
    0x0, 0x85, 0xc0, 0x38, 0x44, 0x1, 0xce, 0x40,
    0x7, 0x0, 0xc3, 0x9d, 0xcd, 0x30, 0xd, 0x60,
    0xf, 0x0, 0xd0, 0x60, 0x2, 0xc0, 0xc, 0x80,
    0x3, 0x0, 0xce, 0x1, 0xc8, 0x1, 0x10, 0x7,
    0xc2, 0x1, 0xff, 0xca, 0x14, 0x0, 0x8c, 0x3,
    0xfc, 0x29, 0x80, 0x1a, 0xc0, 0x3f, 0xd9, 0x64,
    0x1, 0x13, 0x80, 0x7f, 0xf1, 0x10, 0x3, 0xff,
    0x8a, 0xda, 0x20, 0x1f, 0xfc, 0x42, 0xd0, 0xf,
    0xed, 0xeb, 0x50, 0xc, 0x68, 0x1, 0xfc, 0x29,
    0x52, 0x1, 0xb8, 0x3, 0xff, 0x80, 0xc4, 0x1,
    0x38, 0x7, 0xff, 0x5, 0x80, 0x23, 0x0, 0xe1,
    0x0, 0xf9, 0x80, 0x3f, 0x9c, 0x3, 0xc8, 0x40,
    0x11, 0x0, 0x74, 0xb0, 0x6, 0x6b, 0x0, 0xd6,
    0x1, 0xe9, 0xfd, 0xd7, 0xc8, 0x7, 0x30, 0x7,
    0xe2, 0x20, 0x7, 0xa8, 0x40, 0x3f, 0xf8, 0x72,
    0xa0, 0x1f, 0xfc, 0x26, 0xd6, 0x0, 0xfb, 0xae,
    0x62, 0x13, 0x9f, 0x24, 0x1, 0xf8, 0x51, 0x9d,
    0xcc, 0x60, 0x1f, 0xff, 0xf0, 0xf, 0xfe, 0xd8,

    /* U+03B3 "γ" */
    0x2f, 0xfc, 0xe0, 0x1f, 0x17, 0xfe, 0x72, 0x30,
    0xa, 0x80, 0x3e, 0xa0, 0xc, 0xc1, 0x40, 0x11,
    0x10, 0x3, 0xca, 0x1, 0x20, 0x83, 0x80, 0x6a,
    0x0, 0xe2, 0x20, 0x5, 0xc0, 0x1, 0x50, 0x9,
    0x40, 0x3a, 0x80, 0x32, 0x80, 0x5e, 0x1, 0x11,
    0x0, 0x32, 0x80, 0x4a, 0x1, 0x94, 0x40, 0x2a,
    0x0, 0x8c, 0x80, 0x2e, 0x0, 0xe7, 0x0, 0x94,
    0x2, 0xb0, 0x8, 0x50, 0x3, 0xa8, 0x2, 0x23,
    0x0, 0x30, 0x4, 0xc0, 0x1e, 0x32, 0x0, 0xac,
    0xc, 0x40, 0x2a, 0x0, 0xf9, 0x40, 0x26, 0xa,
    0x0, 0x88, 0x80, 0x1f, 0x50, 0x4, 0x28, 0xe0,
    0x15, 0x0, 0x7e, 0x23, 0x0, 0xa4, 0x40, 0x26,
    0x0, 0xfe, 0xa0, 0x8, 0x80, 0x24, 0x10, 0xf,
    0xe7, 0x0, 0xfb, 0x40, 0x3f, 0xc2, 0x80, 0x1e,
    0x60, 0xf, 0xfb, 0x80, 0x39, 0x40, 0x3f, 0xf8,
    0xa, 0x1, 0xdc, 0x1, 0xff, 0xc1, 0x50, 0xc,
    0x80, 0x1f, 0xff, 0xf0, 0xf, 0xfe, 0xaf, 0xbb,
    0xd0, 0x1, 0xf0,

    /* U+03B4 "δ" */
    0x0, 0xe6, 0xcf, 0xff, 0xc0, 0x1f, 0xaa, 0x4c,
    0x3, 0xff, 0x86, 0xaa, 0x0, 0xff, 0xe2, 0xf0,
    0x7, 0x19, 0xf8, 0x3, 0xe5, 0x0, 0x87, 0xb3,
    0x3c, 0x1, 0xf1, 0x80, 0x44, 0x20, 0x1f, 0xfc,
    0x17, 0x0, 0x8e, 0x44, 0x3, 0xff, 0x81, 0x0,
    0x19, 0xba, 0xd4, 0x40, 0x3f, 0x8a, 0xc4, 0x3,
    0x25, 0x75, 0x10, 0x7, 0xe6, 0x40, 0xf, 0x97,
    0x60, 0x3, 0xd3, 0xaa, 0x1, 0xfc, 0xf4, 0x1,
    0xad, 0x80, 0x3f, 0xf8, 0xa, 0xe0, 0x7, 0x40,
    0xc, 0xdb, 0xfd, 0x22, 0x1, 0xa0, 0x42, 0x0,
    0x33, 0xc9, 0x0, 0xb6, 0x80, 0x73, 0x28, 0x7,
    0x48, 0x7, 0x1a, 0x80, 0x6c, 0xd0, 0xc, 0x62,
    0x1, 0xec, 0x0, 0xca, 0x40, 0x19, 0xc0, 0x3e,
    0x30, 0xc, 0x26, 0x1, 0x9c, 0x3, 0xe3, 0x0,
    0xc2, 0x20, 0xc, 0x60, 0x1f, 0x60, 0x6, 0x2c,
    0x0, 0xe6, 0x0, 0xe2, 0x50, 0xc, 0x88, 0x10,
    0xd, 0x2c, 0x1, 0x1f, 0x80, 0x75, 0x4, 0x0,
    0x74, 0xfe, 0xf6, 0x10, 0x6, 0x62, 0x6, 0x40,
    0xf, 0x10, 0x80, 0x71, 0xc8, 0x5, 0x6a, 0x1,
    0xff, 0x26, 0x0, 0x75, 0x59, 0x80, 0x7c, 0x75,
    0x60, 0x1f, 0x26, 0x75, 0x44, 0x55, 0xb8, 0xa0,
    0x18,

    /* U+03B5 "ε" */
    0x0, 0xe3, 0x67, 0x72, 0x90, 0x7, 0xf3, 0xf6,
    0x4c, 0x42, 0xb7, 0x4c, 0x1, 0xeb, 0x81, 0x0,
    0xf1, 0x4e, 0x98, 0x5, 0x8, 0x1, 0xfe, 0x2c,
    0x10, 0x3, 0x0, 0x71, 0x10, 0x3, 0xac, 0x40,
    0x2, 0x1, 0xf, 0x6e, 0xbf, 0x18, 0x25, 0x0,
    0x3e, 0x31, 0x0, 0x8e, 0x7d, 0x80, 0x32, 0x80,
    0x45, 0xd7, 0x54, 0x20, 0xf, 0xa0, 0x3, 0xa,
    0x2a, 0x98, 0x3, 0xe6, 0x0, 0xff, 0xe2, 0x50,
    0x7, 0xff, 0xd, 0x84, 0x2, 0x6e, 0xff, 0x90,
    0x3, 0xde, 0x1, 0xac, 0x40, 0x3f, 0xc6, 0x1,
    0x84, 0x3, 0x8f, 0x9c, 0x2, 0x20, 0xd, 0xe4,
    0x0, 0x18, 0xc1, 0x8b, 0x10, 0xb0, 0xc, 0x7b,
    0xdd, 0x38, 0x4, 0x98, 0x6, 0x80, 0x1c, 0x22,
    0x0, 0xf4, 0x0, 0x28, 0xc0, 0x3f, 0xc3, 0x6a,
    0x0, 0x1c, 0x81, 0x0, 0xf0, 0xbf, 0xa0, 0x7,
    0x3f, 0x64, 0xc4, 0x27, 0x3a, 0x4, 0x2,

    /* U+03B6 "ζ" */
    0xa, 0xff, 0xff, 0xe1, 0x90, 0x7, 0xff, 0xa0,
    0x88, 0x17, 0xdd, 0xf3, 0x0, 0x71, 0xe0, 0x0,
    0x47, 0xeb, 0x60, 0xc, 0x98, 0x20, 0x1f, 0xad,
    0x40, 0x32, 0x58, 0x7, 0xf6, 0x20, 0x6, 0x5b,
    0x0, 0xfe, 0xc3, 0x0, 0xcd, 0x40, 0x1f, 0xd6,
    0x60, 0x19, 0xe4, 0x3, 0xfa, 0x50, 0x3, 0x44,
    0x0, 0x3f, 0x99, 0x80, 0x1a, 0x1c, 0x3, 0xf8,
    0x64, 0x3, 0x3b, 0x80, 0x3f, 0xd0, 0x1, 0x92,
    0x0, 0x3f, 0xc2, 0xc0, 0x1a, 0x40, 0x3f, 0xe4,
    0x0, 0xca, 0x40, 0x1f, 0xf6, 0x80, 0x6f, 0x0,
    0xff, 0xe0, 0x10, 0x6, 0x10, 0xf, 0xfe, 0x1,
    0x80, 0x62, 0x0, 0xff, 0xe0, 0x8, 0x6, 0xb1,
    0x0, 0xff, 0xb4, 0x3, 0x17, 0xd4, 0x33, 0x15,
    0x0, 0x39, 0x44, 0x3, 0xa, 0xbc, 0xca, 0xaf,
    0xe4, 0x3, 0x58, 0x7, 0xff, 0x1, 0xac, 0x2,
    0x59, 0x0, 0xff, 0xe0, 0x22, 0x80, 0x4d, 0xce,
    0x62, 0x1, 0xfd, 0xc0, 0x18, 0x63, 0x3b, 0xfe,
    0xe7, 0x0, 0xca, 0x1, 0xff, 0xc, 0x28, 0x4,
    0x20, 0x1f, 0xfc, 0x1e, 0x0, 0xff, 0xe2, 0xb0,
    0x4, 0x20,

    /* U+03B7 "η" */
    0x0, 0xf8, 0x55, 0xdc, 0xc8, 0x1, 0xd5, 0xff,
    0x39, 0x5f, 0x54, 0x42, 0x6f, 0x98, 0x3, 0xec,
    0xd4, 0x0, 0xf0, 0xcc, 0x80, 0x3c, 0x80, 0x1f,
    0xe6, 0x50, 0xf, 0xe1, 0x10, 0x7, 0xa0, 0x3,
    0xe5, 0xde, 0xe6, 0x98, 0x6, 0x22, 0x0, 0x72,
    0x51, 0x0, 0xb, 0x4, 0x3, 0x20, 0x7, 0x70,
    0x7, 0xa4, 0x3, 0x70, 0x7, 0x38, 0x7, 0x8c,
    0x3, 0x8, 0x7, 0x10, 0x7, 0x98, 0x3, 0xff,
    0x8a, 0x60, 0x1f, 0xff, 0xf0, 0xf, 0xff, 0xf0,

    /* U+03B8 "θ" */
    0x0, 0xfc, 0x8c, 0xee, 0x53, 0x0, 0xff, 0xe0,
    0x94, 0xfd, 0xcc, 0x42, 0xb3, 0x9c, 0x3, 0xfc,
    0xba, 0xc0, 0x1f, 0xc, 0x69, 0x0, 0x7c, 0xd4,
    0x1, 0xff, 0x16, 0x10, 0x7, 0x1c, 0x80, 0x78,
    0x44, 0x1, 0xc3, 0xe0, 0x1d, 0xc0, 0x1d, 0x1d,
    0xd6, 0xa8, 0x6, 0x28, 0x0, 0x94, 0x80, 0x36,
    0x38, 0x80, 0xa, 0x9c, 0x3, 0x38, 0x5, 0xc0,
    0x1a, 0xc, 0x3, 0xd0, 0x40, 0x19, 0x80, 0x8,
    0x1, 0x98, 0x3, 0xf4, 0x0, 0x6d, 0x4, 0x0,
    0xc8, 0x20, 0x1f, 0x90, 0x3, 0x28, 0x10, 0x6,
    0xc0, 0xf, 0xe1, 0x20, 0x8, 0x45, 0xc0, 0x18,
    0x80, 0x3f, 0xcc, 0x1, 0x88, 0x40, 0x35, 0x7f,
    0xff, 0x90, 0x3, 0x39, 0x80, 0x7f, 0xf2, 0x4c,
    0x3, 0xff, 0x92, 0x20, 0x19, 0x1d, 0xff, 0xc2,
    0x1, 0x9f, 0x80, 0x36, 0x44, 0x7f, 0x8c, 0x3,
    0x11, 0x0, 0x36, 0x0, 0x7f, 0x9, 0x0, 0x42,
    0x24, 0x0, 0xc8, 0x20, 0x1f, 0x90, 0x3, 0x28,
    0x1, 0x0, 0x33, 0x0, 0x7e, 0x80, 0xd, 0xa0,
    0xe, 0x0, 0xd0, 0x60, 0x1e, 0x82, 0x0, 0xcc,
    0x0, 0x52, 0x0, 0xd8, 0xe2, 0x0, 0x2a, 0x70,
    0xc, 0xe0, 0x1b, 0x80, 0x3a, 0x3b, 0x9f, 0xaa,
    0x1, 0x8a, 0x0, 0x31, 0xc8, 0x7, 0x84, 0x3,
    0xc3, 0xe0, 0x1e, 0x6a, 0x0, 0xff, 0x8b, 0x8,
    0x3, 0xe5, 0xd6, 0x0, 0xf8, 0x63, 0x48, 0x3,
    0xf8, 0xa7, 0xee, 0x62, 0x15, 0x9c, 0xe0, 0x1e,

    /* U+03B9 "ι" */
    0x4f, 0xfc, 0xa0, 0x1f, 0xff, 0xf0, 0xf, 0xff,
    0x61, 0x0, 0x73, 0x80, 0x6b, 0x0, 0xe2, 0x0,
    0xc7, 0xd3, 0x10, 0x61, 0x30, 0xc, 0x2c, 0xee,
    0xc0, 0xe0, 0xf, 0xf1, 0x61, 0x0, 0x7f, 0x1e,
    0xea, 0x61, 0xdd, 0x12,

    /* U+03BA "κ" */
    0xaf, 0xfc, 0x20, 0x18, 0xbf, 0xfa, 0x80, 0x3f,
    0xee, 0x0, 0xc5, 0x40, 0x1f, 0xe7, 0x30, 0xd,
    0xc0, 0x1f, 0xe3, 0x80, 0xd, 0x26, 0x1, 0xfe,
    0xe0, 0xc, 0xac, 0x1, 0xfe, 0xa2, 0x0, 0x86,
    0xc0, 0x3f, 0xca, 0xa0, 0xd, 0xa2, 0x1, 0xfc,
    0x54, 0x1, 0xa0, 0xc0, 0x3f, 0xdc, 0x1, 0x91,
    0xc0, 0x3f, 0xf8, 0x8e, 0x1, 0xff, 0xc0, 0xe1,
    0x0, 0x8e, 0x0, 0x3f, 0xe2, 0xb0, 0xc, 0xea,
    0x1, 0xff, 0x2b, 0x0, 0x6a, 0x20, 0xf, 0xfa,
    0x48, 0x3, 0x78, 0x80, 0x7f, 0xde, 0x1, 0x8a,
    0x80, 0x3f, 0xe2, 0x90, 0xc, 0x8e, 0x1, 0xff,
    0x32, 0x80, 0x68, 0x40, 0xf, 0xfa, 0x88, 0x3,
    0x51, 0x0,

    /* U+03BB "λ" */
    0x0, 0x34, 0x3b, 0x90, 0x3, 0xff, 0x85, 0x6f,
    0x10, 0xbe, 0x50, 0xf, 0xfe, 0x28, 0xd2, 0x80,
    0x7f, 0xf1, 0xa8, 0x40, 0x3f, 0xd4, 0xc8, 0x1,
    0xd2, 0x1, 0xfe, 0x79, 0xbd, 0x10, 0x9, 0xc0,
    0x3f, 0xf8, 0x25, 0x40, 0x19, 0x80, 0x3f, 0xf8,
    0x2a, 0x1, 0xb4, 0x3, 0xff, 0x82, 0xe0, 0x19,
    0x4, 0x3, 0xff, 0x81, 0x40, 0x1c, 0xc0, 0x1f,
    0xf1, 0x18, 0x7, 0x58, 0x7, 0xfc, 0xa0, 0x1e,
    0x32, 0x0, 0xff, 0x50, 0x7, 0xd4, 0x1, 0xfc,
    0x64, 0x1, 0x28, 0x4, 0xa0, 0x1f, 0xd4, 0x1,
    0x14, 0x0, 0x44, 0x60, 0x1f, 0x9c, 0x2, 0xa2,
    0x20, 0x5, 0x40, 0x1f, 0x20, 0x80, 0x4a, 0x14,
    0x1, 0x38, 0x7, 0xdc, 0x1, 0x11, 0x1, 0x40,
    0x21, 0x40, 0xf, 0x28, 0x5, 0x40, 0x2, 0x20,
    0x5, 0xc0, 0x1c, 0xa0, 0x19, 0x40, 0x2a, 0x0,
    0x94, 0x3, 0xb8, 0x2, 0x22, 0x0, 0x4a, 0x1,
    0x94, 0x2, 0x14, 0x0, 0xa8, 0x3, 0x11, 0x0,
    0x2e, 0x0, 0x9c, 0x3, 0x28, 0x7, 0x50, 0x4,
    0x82, 0x0, 0xa0, 0x8, 0x88, 0x1, 0xca, 0x1,
    0x9c, 0x4, 0xc0, 0x2a, 0x0, 0xf1, 0x10, 0x2,
    0xa0, 0x60, 0xc, 0xa0, 0x1f, 0x50, 0x4, 0x64,

    /* U+03BC "μ" */
    0xaf, 0xfc, 0x1, 0xf0, 0xff, 0xe8, 0x0, 0xff,
    0xff, 0x80, 0x7f, 0xff, 0x84, 0x3, 0xc6, 0x1,
    0xfe, 0x30, 0xf, 0x8, 0x7, 0xf9, 0x0, 0x3c,
    0x80, 0x1f, 0xeb, 0x0, 0xf5, 0x0, 0x7f, 0x8a,
    0xc4, 0x0, 0x56, 0x40, 0x1f, 0xf2, 0x77, 0x5a,
    0x80, 0x1f, 0xfc, 0x21, 0x10, 0x7, 0xff, 0x20,
    0x54, 0x3, 0xff, 0x86, 0xde, 0x40, 0x1f, 0xa2,
    0xe2, 0x2b, 0xf9, 0x18, 0xff, 0xa0, 0x3, 0xa,
    0x3b, 0xc8, 0x1, 0xff, 0xff, 0x0, 0xff, 0xee,
    0xea, 0x24, 0x40, 0x1f, 0xfc, 0x10,

    /* U+03BD "ν" */
    0x2f, 0xfc, 0xe0, 0x1f, 0x17, 0xfe, 0x72, 0x30,
    0xa, 0x80, 0x3e, 0xa0, 0xc, 0xc1, 0x40, 0x11,
    0x10, 0x3, 0xca, 0x1, 0x20, 0x83, 0x0, 0x6a,
    0x0, 0xe3, 0x20, 0xb, 0x80, 0x25, 0x0, 0x94,
    0x3, 0xac, 0x2, 0x15, 0x0, 0xb8, 0x2, 0x23,
    0x0, 0xcc, 0x1, 0x38, 0x6, 0x41, 0x0, 0xa8,
    0x2, 0x41, 0x0, 0xa8, 0x3, 0x98, 0x2, 0x70,
    0xb, 0x40, 0x22, 0x30, 0xe, 0xa0, 0x8, 0x50,
    0x0, 0xe0, 0x15, 0x0, 0x78, 0x8c, 0x2, 0xd0,
    0x41, 0x0, 0x98, 0x3, 0xea, 0x0, 0x98, 0x38,
    0x2, 0x41, 0x0, 0xf9, 0xc0, 0x32, 0xa8, 0x2,
    0xd0, 0xf, 0xc2, 0x80, 0x15, 0x80, 0x66, 0x0,
    0xfe, 0xe0, 0x8, 0x40, 0x25, 0x0, 0xff, 0x28,
    0x80, 0x7b, 0x80, 0x3f, 0xe7, 0x0, 0xe1, 0x40,
    0xf, 0xfa, 0x80, 0x39, 0x80, 0x3f, 0xf8, 0x6,
    0x40, 0x1a, 0x80, 0x3c,

    /* U+03BE "ξ" */
    0x0, 0xf8, 0xd9, 0xdc, 0xc8, 0x1, 0xfe, 0x2a,
    0xfc, 0x98, 0x84, 0xdf, 0xd9, 0x80, 0x79, 0xf5,
    0x40, 0x3f, 0x26, 0x50, 0x80, 0x4d, 0x0, 0x1f,
    0xfc, 0x5, 0xc1, 0x1, 0x90, 0xf, 0x11, 0x0,
    0x3c, 0x82, 0xe, 0x1, 0xd3, 0xfb, 0xaf, 0xb3,
    0x0, 0x2c, 0x80, 0x3c, 0x3, 0x43, 0x0, 0x64,
    0xc7, 0x4a, 0x0, 0xfc, 0x60, 0x1f, 0x45, 0x80,
    0x61, 0x0, 0xc6, 0x1, 0xff, 0xc1, 0xd0, 0xd,
    0x26, 0x1, 0xff, 0xc0, 0x51, 0x0, 0x87, 0x31,
    0x31, 0x5, 0x0, 0xfd, 0x0, 0x1c, 0x6c, 0xee,
    0xe0, 0xf, 0xcc, 0x80, 0x1f, 0xfc, 0x5a, 0x40,
    0xf, 0xfe, 0x24, 0xa8, 0x7, 0xff, 0x10, 0x58,
    0x3, 0x25, 0xf7, 0xfd, 0x60, 0x1e, 0x70, 0xc,
    0x96, 0x82, 0x1, 0xfe, 0xf0, 0xd, 0xc0, 0x1f,
    0xfc, 0x13, 0x0, 0xc2, 0x1, 0xff, 0xc1, 0x30,
    0xd, 0x80, 0x1f, 0xfc, 0x1f, 0x0, 0xce, 0xa0,
    0x1f, 0xfc, 0x7, 0x0, 0xea, 0xd8, 0x65, 0x52,
    0x20, 0x40, 0x30, 0xb0, 0x7, 0x13, 0xcd, 0x52,
    0xed, 0xd6, 0x40, 0x14, 0x98, 0x7, 0xff, 0x1,
    0x35, 0x0, 0x2c, 0x60, 0xf, 0xfe, 0xd, 0x0,
    0x69, 0xd8, 0x41, 0x0, 0xfe, 0x16, 0x0, 0xc4,
    0xf7, 0xdf, 0xf7, 0x5a, 0x0, 0x6c, 0x0, 0xff,
    0x85, 0x2c, 0x80, 0x21, 0x0, 0xff, 0xe1, 0x20,
    0x7, 0xff, 0x18, 0x40, 0x23,

    /* U+03BF "ο" */
    0x0, 0xf9, 0x19, 0xdc, 0xa2, 0x1, 0xfe, 0x1a,
    0xfb, 0x98, 0x85, 0x76, 0x20, 0x7, 0xcb, 0xca,
    0x1, 0xf1, 0xdc, 0x80, 0x72, 0xd0, 0x7, 0xfc,
    0xd4, 0x1, 0x15, 0x0, 0x78, 0x44, 0x1, 0xca,
    0xc0, 0x8, 0x0, 0xc3, 0x5f, 0xdc, 0xc3, 0x0,
    0xd0, 0x2, 0xa0, 0x1b, 0x54, 0x2, 0x3c, 0x20,
    0x8, 0x59, 0x0, 0x32, 0x98, 0x7, 0xa0, 0x3,
    0x66, 0x80, 0x6c, 0x0, 0xf9, 0x0, 0x33, 0x90,
    0x6, 0x20, 0xf, 0x84, 0x3, 0x10, 0x7, 0xff,
    0x1c, 0x80, 0x31, 0x0, 0x7c, 0x20, 0x18, 0xb4,
    0x3, 0x60, 0x7, 0xce, 0x1, 0x9d, 0x0, 0x32,
    0x98, 0x7, 0xac, 0x3, 0x60, 0xa8, 0x6, 0xd5,
    0x0, 0x8b, 0x8, 0x3, 0x30, 0x40, 0x6, 0x1a,
    0xfd, 0xed, 0x30, 0xd, 0x20, 0x2, 0xa0, 0xf,
    0x10, 0x80, 0x72, 0xb0, 0x4, 0xb4, 0x1, 0xff,
    0x35, 0x0, 0x72, 0xea, 0x80, 0x7c, 0x77, 0x20,
    0x1f, 0x15, 0x7d, 0xc4, 0x55, 0xd8, 0x80, 0x18,

    /* U+03C0 "π" */
    0xaf, 0xff, 0xfe, 0x3e, 0x80, 0x7f, 0xfc, 0xef,
    0xb8, 0x20, 0x12, 0x77, 0x73, 0x0, 0x6c, 0xec,
    0x11, 0x80, 0x38, 0x47, 0xc0, 0x18, 0x84, 0x40,
    0x1f, 0xff, 0xf0, 0xf, 0xff, 0xf8, 0x7, 0xff,
    0xfc, 0x3, 0xff, 0x9e,

    /* U+03C1 "ρ" */
    0x0, 0xf0, 0xa3, 0xbc, 0xa2, 0x1, 0xfe, 0x3b,
    0xeb, 0x88, 0xab, 0xb1, 0x0, 0x3e, 0x7c, 0x40,
    0xf, 0x8e, 0xe0, 0x3, 0x9e, 0x0, 0x3f, 0xe7,
    0x80, 0x8, 0xe0, 0x3, 0x91, 0x50, 0x3, 0x9d,
    0x0, 0x10, 0x1, 0x97, 0xae, 0xaf, 0x94, 0x3,
    0x40, 0xa, 0x0, 0x47, 0x42, 0x1, 0xd, 0x18,
    0x4, 0x64, 0xe0, 0x1a, 0x40, 0x3e, 0x90, 0xc,
    0x9c, 0x1, 0x90, 0x3, 0xe4, 0x0, 0xde, 0x20,
    0x18, 0x40, 0x3e, 0x10, 0xc, 0x66, 0x0, 0xff,
    0xe5, 0x88, 0x7, 0xc2, 0x1, 0x8c, 0x3, 0x90,
    0x3, 0xe4, 0x0, 0xde, 0x1, 0xd0, 0x1, 0xf4,
    0x0, 0x64, 0x0, 0xe2, 0xb1, 0x0, 0x86, 0xc8,
    0x2, 0x32, 0x0, 0xf2, 0x75, 0xd5, 0xf2, 0x0,
    0x6f, 0x0, 0xfe, 0x45, 0x40, 0xe, 0x73, 0x0,
    0xff, 0xe2, 0x34, 0x0, 0x7d, 0x88, 0x1, 0xe2,
    0xa9, 0x0, 0xfc, 0x77, 0xd5, 0x10, 0x9c, 0xd5,
    0x0, 0xff, 0x85, 0x5d, 0xcc, 0x60, 0x1f, 0xff,
    0xf0, 0xf, 0xff, 0x8,

    /* U+03C2 "ς" */
    0x0, 0xf0, 0xab, 0xbc, 0xa2, 0x1, 0xfc, 0x57,
    0xd5, 0x11, 0x57, 0x59, 0x80, 0x79, 0xb5, 0x0,
    0x3e, 0x4c, 0x60, 0xc, 0xd2, 0x1, 0xff, 0x4b,
    0x0, 0xa, 0x40, 0x3c, 0x20, 0x1e, 0x91, 0x8,
    0x0, 0xea, 0xfe, 0xf8, 0x0, 0xe6, 0x15, 0x0,
    0xd4, 0xa0, 0x13, 0xc0, 0x4, 0x20, 0x80, 0x18,
    0x54, 0x3, 0x9d, 0x67, 0x79, 0xf4, 0x3, 0x28,
    0x7, 0xd4, 0xc4, 0x0, 0x10, 0xc, 0x40, 0x1f,
    0xfc, 0x3, 0x0, 0xff, 0xe2, 0x98, 0x6, 0x20,
    0xf, 0xfe, 0x7, 0x0, 0x65, 0x0, 0xff, 0xe0,
    0x20, 0x6, 0x19, 0x0, 0xff, 0x8c, 0x40, 0x33,
    0x6c, 0x32, 0xa9, 0x8, 0x3, 0xa0, 0x3, 0x89,
    0xe6, 0xa9, 0x7b, 0xa5, 0x0, 0x99, 0x40, 0x3f,
    0xe2, 0xa6, 0x0, 0xa9, 0xc0, 0x3f, 0xf8, 0x12,
    0x20, 0x14, 0x6b, 0x90, 0x7, 0xf9, 0xc0, 0x31,
    0x46, 0xff, 0xdb, 0x44, 0x1, 0xbc, 0x3, 0xfc,
    0x4b, 0x82, 0x1, 0x10, 0x7, 0xff, 0x0, 0x50,
    0x3, 0xff, 0x8a, 0x40, 0x11, 0x0,

    /* U+03C3 "σ" */
    0x0, 0xe3, 0x9d, 0xff, 0xff, 0xe0, 0x0, 0x43,
    0x58, 0xc4, 0x1, 0xff, 0xc2, 0x1c, 0x50, 0xf,
    0xfe, 0x2e, 0x90, 0x7, 0xff, 0x15, 0xcc, 0x3,
    0x36, 0x76, 0xc8, 0x80, 0x64, 0xee, 0x4, 0x80,
    0x69, 0x91, 0x89, 0x36, 0x0, 0x64, 0x31, 0x41,
    0x0, 0x8d, 0x80, 0x38, 0xa0, 0x3, 0x50, 0x18,
    0x6, 0xb0, 0xf, 0x94, 0x3, 0x20, 0x70, 0x6,
    0x30, 0xf, 0x88, 0x3, 0x10, 0x18, 0x7, 0xff,
    0x14, 0x40, 0x80, 0x31, 0x0, 0x7c, 0x20, 0x18,
    0x43, 0x80, 0x36, 0x0, 0x7c, 0xe0, 0x19, 0x41,
    0xc0, 0x32, 0x98, 0x7, 0xac, 0x3, 0x68, 0xa,
    0x80, 0x6d, 0x50, 0x8, 0xf0, 0x80, 0x33, 0x0,
    0x20, 0x3, 0xd, 0x7e, 0xf6, 0x18, 0x6, 0x90,
    0x8, 0xa8, 0x3, 0xc4, 0x20, 0x1c, 0xac, 0x1,
    0x96, 0x80, 0x3f, 0xe6, 0xa0, 0xf, 0x2f, 0x28,
    0x7, 0xc7, 0x72, 0x1, 0xf8, 0x6b, 0xee, 0x62,
    0x15, 0xd8, 0x80, 0x1c,

    /* U+03C4 "τ" */
    0x2f, 0xff, 0xfe, 0x24, 0x0, 0x7f, 0xfa, 0x8b,
    0xbb, 0xb0, 0x3, 0x3f, 0x77, 0x40, 0x8, 0xf8,
    0x3, 0x78, 0x8f, 0x0, 0x7f, 0xff, 0xc0, 0x3f,
    0xf9, 0xfe, 0x1, 0xff, 0xc0, 0x30, 0xc, 0x20,
    0x1f, 0xfc, 0x57, 0x10, 0xf, 0xf8, 0x40, 0x30,
    0xfd, 0x44, 0x1c, 0x3, 0xf2, 0x80, 0x61, 0x57,
    0x75, 0x80, 0x7e, 0xb1, 0x0, 0xff, 0xe2, 0xe,
    0x18, 0x7, 0xff, 0x10, 0xb3, 0x66, 0x1d, 0xd1,
    0x0,

    /* U+03C5 "υ" */
    0xff, 0xd6, 0x1, 0xf3, 0x7f, 0xe5, 0x0, 0xff,
    0xff, 0x80, 0x7f, 0xff, 0x5c, 0x3, 0xff, 0x8a,
    0x40, 0x1f, 0x70, 0x6, 0x11, 0x0, 0x42, 0x20,
    0xf, 0x20, 0x6, 0x72, 0x0, 0xd2, 0x1, 0xc6,
    0x60, 0xc, 0x48, 0x1, 0x9d, 0xc0, 0x12, 0x68,
    0x6, 0x11, 0x58, 0x7, 0x47, 0xf7, 0xd8, 0x80,
    0x66, 0x3, 0x50, 0xf, 0x8, 0x7, 0x86, 0x40,
    0x14, 0x60, 0x1f, 0xf0, 0xe8, 0x80, 0x59, 0x24,
    0x1, 0xf9, 0xbc, 0xc0, 0x39, 0xb7, 0x55, 0x11,
    0x4d, 0xfc, 0x88, 0x4,

    /* U+03C6 "φ" */
    0x0, 0xff, 0x7f, 0xe0, 0xf, 0xff, 0xf8, 0x7,
    0xff, 0x64, 0xd9, 0xa0, 0xc, 0xcd, 0x18, 0x7,
    0xf9, 0xbb, 0x26, 0x60, 0xd, 0x33, 0x66, 0xb0,
    0x7, 0xd5, 0x22, 0x1, 0xff, 0xc0, 0x29, 0xa0,
    0xe, 0x95, 0x0, 0xff, 0xe2, 0x2c, 0x80, 0x48,
    0xc0, 0x1c, 0x22, 0x0, 0xc2, 0x20, 0xe, 0x63,
    0x0, 0x40, 0x6, 0x4d, 0xee, 0x0, 0x6e, 0xe6,
    0xa0, 0x6, 0x80, 0x13, 0x0, 0x86, 0xc8, 0x3,
    0xf1, 0x58, 0x80, 0x48, 0x28, 0x1, 0xa4, 0x3,
    0xff, 0x81, 0x20, 0x19, 0x34, 0x3, 0x20, 0x7,
    0xff, 0x1, 0x0, 0x31, 0x8, 0x6, 0x20, 0xf,
    0xfe, 0x1, 0x0, 0x6e, 0x30, 0xc, 0x20, 0x1f,
    0xfc, 0x63, 0x0, 0xc2, 0x1, 0xff, 0xc6, 0x10,
    0xc, 0x40, 0x1f, 0xfc, 0x2, 0x0, 0xdd, 0xa0,
    0x19, 0x0, 0x3f, 0xf8, 0x8, 0x1, 0x89, 0xc0,
    0x34, 0x80, 0x7f, 0xf0, 0x24, 0x3, 0x21, 0x18,
    0x4, 0x36, 0x20, 0x1f, 0x86, 0xc4, 0x2, 0x31,
    0x8, 0x0, 0xc9, 0xdb, 0xa0, 0xd, 0xba, 0xe4,
    0x0, 0xd0, 0x0, 0x45, 0x0, 0xe2, 0x20, 0x6,
    0x22, 0x0, 0x72, 0xa0, 0x5, 0x48, 0x1, 0xff,
    0xc4, 0x4a, 0x0, 0xeb, 0x81, 0x0, 0xff, 0xe0,
    0xc, 0x58, 0x7, 0xcf, 0xd7, 0x11, 0x0, 0x68,
    0x84, 0xdf, 0x38, 0x7, 0xf9, 0x1d, 0xe0, 0xc,
    0xee, 0x64, 0x0, 0xff, 0xff, 0x80, 0x7f, 0xff,
    0xc0,

    /* U+03C7 "χ" */
    0x3f, 0xfe, 0x40, 0xe, 0x2f, 0xfe, 0x43, 0x80,
    0xd, 0x42, 0x1, 0xb8, 0x3, 0x3a, 0x3, 0xa0,
    0x4, 0x36, 0x1, 0x41, 0x80, 0x47, 0x0, 0x15,
    0x8, 0x4, 0xaa, 0x3, 0x70, 0xd, 0xc0, 0x18,
    0x68, 0x3, 0x58, 0xf0, 0x6, 0x92, 0x0, 0xe4,
    0x70, 0x8, 0x7c, 0x80, 0x25, 0x60, 0xf, 0xa0,
    0xc0, 0x21, 0x0, 0x86, 0x80, 0x3f, 0xb8, 0x3,
    0xed, 0x0, 0xff, 0x14, 0x80, 0x73, 0x98, 0x7,
    0xfd, 0xc0, 0x1c, 0x40, 0x1f, 0xf2, 0x38, 0x7,
    0x2a, 0x80, 0x3f, 0x86, 0x80, 0x3e, 0xa2, 0x0,
    0xfd, 0x62, 0x1, 0x18, 0x6, 0xe0, 0xf, 0x99,
    0x40, 0x22, 0xc4, 0x0, 0x8e, 0x0, 0x38, 0xa4,
    0x3, 0x70, 0x50, 0x80, 0x4e, 0x80, 0x1b, 0xc0,
    0x33, 0x98, 0xd, 0x80, 0x6a, 0x10, 0x4, 0x90,
    0x4, 0x70, 0x1, 0x2a, 0x80, 0x21, 0xa0, 0x46,
    0x0, 0xdc, 0x1, 0xd6, 0x20, 0x12, 0x30,

    /* U+03C8 "ψ" */
    0xff, 0xca, 0x1, 0x47, 0xfd, 0xc0, 0x1b, 0xff,
    0x28, 0x7, 0xff, 0xfc, 0x3, 0xff, 0xfe, 0x1,
    0xff, 0xe8, 0x30, 0xf, 0xfe, 0x28, 0x80, 0x5c,
    0x1, 0xff, 0x10, 0x6, 0x12, 0x0, 0x94, 0x3,
    0xfe, 0x50, 0xc, 0xca, 0x1, 0x15, 0x8, 0x7,
    0xe6, 0x80, 0x8, 0x4a, 0x80, 0x32, 0xf6, 0xb0,
    0x4, 0x39, 0xf2, 0x1, 0x98, 0xd, 0x40, 0x38,
    0x84, 0x3, 0x18, 0x7, 0xc, 0x0, 0x29, 0x0,
    0x3f, 0xf8, 0x65, 0x80, 0x1a, 0xe4, 0x80, 0x3f,
    0xe1, 0x7d, 0x20, 0xe, 0x6d, 0xd5, 0x41, 0x80,
    0x68, 0x9c, 0xe8, 0x0, 0xfe, 0x25, 0x74, 0x0,
    0x85, 0xd8, 0xc0, 0x3f, 0xff, 0xe0, 0x1f, 0xff,
    0x30,

    /* U+03C9 "ω" */
    0x0, 0xc8, 0xe0, 0x1f, 0xfc, 0x12, 0x80, 0xf,
    0xcb, 0x70, 0xa0, 0x1f, 0xf0, 0xe3, 0xd8, 0x7,
    0x8e, 0x80, 0x14, 0x60, 0x1f, 0xed, 0x10, 0x49,
    0x0, 0xee, 0x0, 0xda, 0x40, 0x1f, 0xac, 0xc0,
    0x26, 0x30, 0x9, 0x88, 0x3, 0x29, 0x0, 0x7e,
    0xe0, 0xe, 0xf0, 0xa, 0xc0, 0x31, 0xd8, 0x7,
    0xf2, 0xc8, 0x6, 0x32, 0x2, 0x20, 0x6, 0xe0,
    0xf, 0xf9, 0x90, 0x3, 0x50, 0x20, 0x6, 0x52,
    0x0, 0x8e, 0x22, 0x60, 0xd, 0xe0, 0x18, 0xc3,
    0x80, 0x36, 0x0, 0x64, 0x77, 0xac, 0x3, 0x20,
    0x6, 0x50, 0x10, 0xc, 0x40, 0x1f, 0xfc, 0x21,
    0x0, 0x84, 0xc, 0x3, 0xff, 0x9a, 0x60, 0x18,
    0x40, 0x3f, 0x18, 0x7, 0x8, 0x7, 0x70, 0x6,
    0xc0, 0xd, 0xc0, 0x10, 0x80, 0x63, 0x0, 0xc4,
    0x8, 0x1, 0x9c, 0x40, 0x25, 0x0, 0xc4, 0x1,
    0x50, 0x6, 0x40, 0x31, 0x0, 0x86, 0x84, 0x10,
    0xc0, 0x34, 0x0, 0x19, 0x80, 0x1b, 0x40, 0x12,
    0x1, 0x93, 0xb9, 0x60, 0x1c, 0xbf, 0xe9, 0x0,
    0xc4, 0x80, 0x7, 0x20, 0xe, 0x10, 0x8, 0x40,
    0x3f, 0xd2, 0x1, 0xbc, 0x40, 0x3f, 0x62, 0x0,
    0x7e, 0x84, 0x0, 0xc5, 0x88, 0x1, 0xc5, 0x85,
    0x6a, 0x1, 0xc3, 0x4e, 0x1, 0xe2, 0xbd, 0x98,
    0x9c, 0xd3, 0x0, 0x57, 0x4c, 0x42, 0xf9, 0x40,
    0x30,

    /* U+03CA "ϊ" */
    0x9f, 0xf9, 0xc0, 0xd, 0xff, 0x50, 0x7, 0xff,
    0x82, 0x3b, 0xa7, 0x0, 0x37, 0x75, 0x60, 0x1,
    0x1c, 0x1, 0x84, 0x70, 0x7, 0xff, 0x1d, 0x3f,
    0xf2, 0x80, 0x7f, 0xff, 0xc0, 0x3f, 0xff, 0xe0,
    0x1f, 0xfc, 0x52, 0x0, 0xfc, 0xe0, 0x1a, 0xc0,
    0x3f, 0x10, 0x6, 0x3e, 0x98, 0x83, 0x0, 0x42,
    0x60, 0x18, 0x59, 0xdd, 0x80, 0x1b, 0x80, 0x3f,
    0xf8, 0x25, 0x84, 0x1, 0xff, 0xc0, 0x3d, 0xd4,
    0xc3, 0xba, 0x24,

    /* U+03CB "ϋ" */
    0x0, 0xbf, 0xf0, 0x80, 0x33, 0xfe, 0x50, 0xf,
    0xff, 0x87, 0x76, 0x10, 0x6, 0xf7, 0x4a, 0x1,
    0xe1, 0x1c, 0x1, 0x8, 0xe0, 0xf, 0xfe, 0x57,
    0xfe, 0xb0, 0xf, 0x9b, 0xff, 0x28, 0x7, 0xff,
    0xfc, 0x3, 0xff, 0xfa, 0xe0, 0x1f, 0xfc, 0x52,
    0x0, 0xfb, 0x80, 0x30, 0x88, 0x2, 0x11, 0x0,
    0x79, 0x0, 0x33, 0x90, 0x6, 0x90, 0xe, 0x33,
    0x0, 0x62, 0x40, 0xc, 0xee, 0x0, 0x93, 0x40,
    0x30, 0x8a, 0xc0, 0x3a, 0x3f, 0xbe, 0xc4, 0x3,
    0x30, 0x1a, 0x80, 0x78, 0x40, 0x3c, 0x32, 0x0,
    0xa3, 0x0, 0xff, 0x87, 0x44, 0x2, 0xc9, 0x20,
    0xf, 0xcd, 0xe6, 0x1, 0xcd, 0xba, 0xa8, 0x8a,
    0x6f, 0xe4, 0x40, 0x20,

    /* U+03CC "ό" */
    0x0, 0xff, 0x1d, 0x54, 0x20, 0x1f, 0xfc, 0x29,
    0x55, 0x30, 0x80, 0x7f, 0xf0, 0x45, 0x40, 0x12,
    0x1, 0xff, 0xc2, 0x90, 0x0, 0xa8, 0x7, 0xff,
    0x9, 0x80, 0x12, 0x1, 0xff, 0xc2, 0x51, 0x0,
    0x30, 0x7, 0xff, 0xa, 0x40, 0xa, 0x20, 0x1f,
    0xfc, 0x2c, 0xff, 0x50, 0x7, 0xff, 0x55, 0x19,
    0xdc, 0xa2, 0x1, 0xfe, 0x1a, 0xfb, 0x98, 0x85,
    0x76, 0x20, 0x7, 0xcb, 0xca, 0x1, 0xf1, 0xdc,
    0x80, 0x72, 0xd0, 0x7, 0xfc, 0xd4, 0x1, 0x15,
    0x0, 0x78, 0x44, 0x1, 0xca, 0xc0, 0x8, 0x0,
    0xc3, 0x5f, 0xdc, 0xc3, 0x0, 0xd0, 0x2, 0xa0,
    0x1b, 0x54, 0x2, 0x3c, 0x20, 0x8, 0x59, 0x0,
    0x32, 0x98, 0x7, 0xa0, 0x3, 0x66, 0x80, 0x6c,
    0x0, 0xf9, 0x0, 0x33, 0x90, 0x6, 0x20, 0xf,
    0x84, 0x3, 0x10, 0x7, 0xff, 0x1c, 0x80, 0x31,
    0x0, 0x7c, 0x20, 0x18, 0xb4, 0x3, 0x60, 0x7,
    0xce, 0x1, 0x9d, 0x0, 0x32, 0x98, 0x7, 0xac,
    0x3, 0x60, 0xa8, 0x6, 0xd5, 0x0, 0x8b, 0x8,
    0x3, 0x30, 0x40, 0x6, 0x1a, 0xfd, 0xed, 0x30,
    0xd, 0x20, 0x2, 0xa0, 0xf, 0x10, 0x80, 0x72,
    0xb0, 0x4, 0xb4, 0x1, 0xff, 0x35, 0x0, 0x72,
    0xea, 0x80, 0x7c, 0x77, 0x20, 0x1f, 0x15, 0x7d,
    0xc4, 0x55, 0xd8, 0x80, 0x18,

    /* U+03CD "ύ" */
    0x0, 0xfe, 0x9a, 0xa3, 0x0, 0x7f, 0xf0, 0x4d,
    0x95, 0x60, 0xf, 0xfe, 0xc, 0x80, 0xc, 0xc0,
    0x1f, 0xfc, 0x1, 0x50, 0x4, 0x80, 0x7f, 0xf0,
    0x58, 0x0, 0x2a, 0x1, 0xff, 0xc1, 0x90, 0x3,
    0x0, 0x7f, 0xf0, 0x54, 0x40, 0x12, 0x1, 0xff,
    0xc1, 0x5f, 0xf8, 0x40, 0x3f, 0xfb, 0xff, 0xfa,
    0xc0, 0x3e, 0x6f, 0xfc, 0xa0, 0x1f, 0xff, 0xf0,
    0xf, 0xff, 0xeb, 0x80, 0x7f, 0xf1, 0x48, 0x3,
    0xee, 0x0, 0xc2, 0x20, 0x8, 0x44, 0x1, 0xe4,
    0x0, 0xce, 0x40, 0x1a, 0x40, 0x38, 0xcc, 0x1,
    0x89, 0x0, 0x33, 0xb8, 0x2, 0x4d, 0x0, 0xc2,
    0x2b, 0x0, 0xe8, 0xfe, 0xfb, 0x10, 0xc, 0xc0,
    0x6a, 0x1, 0xe1, 0x0, 0xf0, 0xc8, 0x2, 0x8c,
    0x3, 0xfe, 0x1d, 0x10, 0xb, 0x24, 0x80, 0x3f,
    0x37, 0x98, 0x7, 0x36, 0xea, 0xa2, 0x29, 0xbf,
    0x91, 0x0, 0x80,

    /* U+03CE "ώ" */
    0x0, 0xff, 0xe0, 0x25, 0x54, 0x1, 0xff, 0xca,
    0x85, 0x50, 0x7, 0xff, 0x28, 0xcc, 0x0, 0xe0,
    0xf, 0xfe, 0x4d, 0x0, 0x9, 0x0, 0x3f, 0xf9,
    0x2, 0xc0, 0xb, 0x0, 0xff, 0xe4, 0xb0, 0x4,
    0xc0, 0x1f, 0xfc, 0x9a, 0x0, 0x38, 0x7, 0xff,
    0x2b, 0x7f, 0xd0, 0x1, 0xff, 0xde, 0x69, 0x0,
    0xff, 0xe0, 0xa5, 0x0, 0x7e, 0x79, 0x67, 0x0,
    0xff, 0x8a, 0xd7, 0x0, 0x3c, 0x90, 0x0, 0x85,
    0x0, 0xfe, 0x1c, 0x0, 0x1d, 0x0, 0x75, 0x0,
    0x6a, 0x20, 0xf, 0xda, 0x20, 0x12, 0xa8, 0x2,
    0x71, 0x0, 0xcc, 0x40, 0x1f, 0xa0, 0x3, 0xa0,
    0x2, 0xa0, 0xc, 0x92, 0x1, 0xfc, 0x94, 0x1,
    0x88, 0xc0, 0x88, 0x1, 0xa8, 0x3, 0xfe, 0x55,
    0x0, 0x6b, 0x4, 0x0, 0xcc, 0x20, 0x12, 0x5d,
    0xd0, 0x1, 0xa4, 0x3, 0x20, 0x70, 0x6, 0xf0,
    0xc, 0x68, 0x92, 0x80, 0x63, 0x0, 0xc4, 0x4,
    0x1, 0x88, 0x3, 0xff, 0x84, 0x20, 0x10, 0x80,
    0x7f, 0xf3, 0xcc, 0x3, 0x8, 0x6, 0xf0, 0x8,
    0xc0, 0x38, 0x40, 0x3b, 0xc0, 0x36, 0x0, 0x61,
    0x0, 0x84, 0x3, 0x18, 0x6, 0x30, 0x50, 0xc,
    0xc2, 0x1, 0x28, 0x6, 0x20, 0xa, 0x40, 0x32,
    0x81, 0x88, 0x6, 0xa1, 0x4, 0x30, 0xd, 0x0,
    0x6, 0x50, 0xd, 0xa0, 0x9, 0x0, 0xc9, 0xdc,
    0xb0, 0xe, 0x5f, 0xf4, 0x80, 0x62, 0x40, 0x3,
    0x90, 0x7, 0x8, 0x4, 0x20, 0x1f, 0xe9, 0x0,
    0xde, 0x20, 0x1f, 0xb1, 0x0, 0x3f, 0x42, 0x0,
    0x62, 0xc4, 0x0, 0xe2, 0xc2, 0xb5, 0x0, 0xe1,
    0xa7, 0x0, 0xf1, 0x5e, 0xcc, 0x4e, 0x69, 0x80,
    0x2b, 0xa6, 0x21, 0x7c, 0xa0, 0x18,

    /* U+0400 "Ѐ" */
    0x0, 0xd5, 0xfe, 0xc0, 0xf, 0xfe, 0xc, 0x80,
    0xc, 0x80, 0x3f, 0xf8, 0x6, 0x40, 0xb, 0x0,
    0xff, 0xe0, 0xd8, 0x1, 0x84, 0x3, 0xff, 0x80,
    0xc0, 0x13, 0x0, 0x7f, 0xf0, 0x5c, 0x1, 0x40,
    0x1f, 0xfc, 0x1a, 0x55, 0x39, 0x0, 0x7f, 0xf0,
    0xa, 0xaa, 0x20, 0xf, 0xfe, 0x5d, 0x7f, 0xff,
    0xf0, 0xd4, 0x3, 0xff, 0xd9, 0x55, 0xff, 0x38,
    0x7, 0x2a, 0xff, 0xc4, 0x1, 0xff, 0xfd, 0xff,
    0xfe, 0x50, 0xf, 0xff, 0x75, 0x57, 0xf2, 0x0,
    0x7c, 0xab, 0xfc, 0x20, 0x1f, 0xff, 0xf5, 0x5f,
    0xf8, 0x80, 0x3a, 0xab, 0xfe, 0x70, 0xf, 0xff,
    0x38,

    /* U+0401 "Ё" */
    0x0, 0x84, 0x70, 0x4, 0x23, 0x80, 0x39, 0x7b,
    0xad, 0x0, 0xf, 0x76, 0x0, 0xff, 0xf6, 0x2f,
    0xfd, 0x80, 0x1, 0xff, 0xc0, 0x1f, 0xfc, 0x8a,
    0xff, 0xff, 0xe1, 0xa8, 0x7, 0xff, 0xb2, 0xab,
    0xfe, 0x70, 0xe, 0x55, 0xff, 0x88, 0x3, 0xff,
    0xfb, 0xff, 0xfc, 0xa0, 0x1f, 0xfe, 0xea, 0xaf,
    0xe4, 0x0, 0xf9, 0x57, 0xf8, 0x40, 0x3f, 0xff,
    0xea, 0xbf, 0xf1, 0x0, 0x75, 0x57, 0xfc, 0xe0,
    0x1f, 0xfe, 0x70,

    /* U+0402 "Ђ" */
    0xff, 0xff, 0xe0, 0x18, 0x7, 0xff, 0xff, 0xb9,
    0x40, 0x11, 0x77, 0x71, 0x80, 0x7f, 0x8, 0xc0,
    0x10, 0x8f, 0x80, 0x3f, 0xf9, 0x6, 0xce, 0xe6,
    0x40, 0xf, 0xfe, 0x14, 0x76, 0x4c, 0x42, 0x6f,
    0xe8, 0x80, 0x3f, 0x8b, 0x9c, 0x40, 0x3e, 0x5d,
    0x50, 0xf, 0xc2, 0x20, 0xf, 0xfa, 0x8c, 0x3,
    0xff, 0x93, 0xc0, 0x1f, 0xe5, 0xcf, 0xf7, 0x59,
    0x80, 0x62, 0x40, 0xf, 0xd1, 0x46, 0x0, 0x14,
    0xc4, 0x0, 0xda, 0x1, 0xf1, 0x38, 0x7, 0xd4,
    0x1, 0x94, 0x3, 0xe5, 0x0, 0xfc, 0x24, 0x1,
    0x10, 0x7, 0xdc, 0x1, 0xfc, 0xc0, 0x10, 0x80,
    0x7f, 0xf1, 0x5c, 0x2, 0x10, 0xf, 0xfe, 0x29,
    0x80, 0x46, 0x1, 0xff, 0xc4, 0x60, 0xc, 0xe0,
    0x1f, 0xfc, 0x36, 0x90, 0xd, 0x80, 0x1f, 0xfc,
    0x3, 0xcf, 0x90, 0xe, 0x70, 0xf, 0xfe, 0x3,
    0x18, 0x7, 0x9c, 0x40, 0x3f, 0xf8, 0xe9, 0x0,
    0x1f, 0xfc, 0x77, 0xb0, 0xf, 0xfe, 0x20, 0xa4,
    0x74, 0x0, 0x40,

    /* U+0403 "Ѓ" */
    0x0, 0xf8, 0xff, 0xe3, 0x0, 0xff, 0xe0, 0x48,
    0x0, 0xcc, 0x1, 0xff, 0xa, 0x80, 0x28, 0x3,
    0xff, 0x80, 0xc0, 0x1, 0x60, 0xf, 0xfe, 0x4,
    0x80, 0x18, 0x3, 0xff, 0x80, 0xa2, 0x0, 0x90,
    0xf, 0xfe, 0x1, 0x2a, 0x9c, 0x40, 0x3f, 0xf8,
    0xf, 0x54, 0x80, 0xf, 0xfe, 0x6d, 0x7f, 0xff,
    0xf0, 0xd4, 0x3, 0xff, 0xd9, 0x55, 0xff, 0x38,
    0x7, 0x2a, 0xff, 0xc4, 0x1, 0xff, 0xff, 0x0,
    0xff, 0xff, 0x80, 0x7f, 0xff, 0xc0, 0x3f, 0xff,
    0xe0, 0x1f, 0xfc, 0xb0,

    /* U+0404 "Є" */
    0x0, 0xfc, 0x4a, 0xef, 0x29, 0x80, 0x7f, 0xf0,
    0x9b, 0x75, 0x51, 0x15, 0x67, 0x49, 0x0, 0x7f,
    0x1e, 0xc9, 0x0, 0x7c, 0x2d, 0xae, 0x1, 0xf2,
    0x61, 0x0, 0x7f, 0xf0, 0x22, 0x40, 0x38, 0xec,
    0x3, 0xe1, 0x10, 0x7, 0x99, 0xc0, 0x37, 0x0,
    0x71, 0xdf, 0xf7, 0x50, 0x20, 0x1a, 0xc, 0x0,
    0xe4, 0x1, 0x9f, 0x10, 0x2, 0x17, 0xc2, 0x0,
    0xd0, 0x0, 0x90, 0xc, 0xd0, 0x1, 0xf1, 0x78,
    0x6, 0x41, 0x41, 0x0, 0xd0, 0x1, 0xfc, 0x4c,
    0x1, 0x9f, 0x0, 0x33, 0x8, 0x7, 0xfa, 0xc4,
    0xda, 0x14, 0xc0, 0x36, 0x80, 0x7f, 0xc5, 0xd9,
    0x2e, 0x6a, 0x1, 0x89, 0x57, 0xe3, 0x0, 0xfe,
    0x10, 0xd, 0x35, 0x5f, 0x48, 0x7, 0xff, 0xac,
    0x80, 0x3f, 0xf9, 0x4c, 0x1, 0xb7, 0xff, 0xea,
    0x0, 0xfe, 0x30, 0xc, 0x80, 0x1f, 0xfc, 0x2,
    0x0, 0xd6, 0x1, 0xa8, 0x3, 0xfe, 0x6d, 0xea,
    0x61, 0x32, 0x0, 0x8d, 0x80, 0x3f, 0x86, 0x0,
    0x56, 0x48, 0x2c, 0x3, 0x4a, 0x0, 0x7c, 0x3a,
    0x20, 0x11, 0x18, 0x31, 0x80, 0x6b, 0xa4, 0x0,
    0x85, 0xbc, 0xc0, 0x34, 0x80, 0x5c, 0x1, 0xcb,
    0x7f, 0xdd, 0x48, 0x80, 0x65, 0x40, 0x8, 0xb0,
    0x3, 0xe1, 0x10, 0x7, 0x92, 0x80, 0x38, 0xf4,
    0x80, 0x3f, 0xf8, 0xd, 0x60, 0x1f, 0x16, 0xc9,
    0x0, 0x7e, 0x5c, 0x90, 0xf, 0xf3, 0x6e, 0xaa,
    0x22, 0x9c, 0xfa, 0x30, 0xe,

    /* U+0405 "Ѕ" */
    0x0, 0xf8, 0x95, 0xde, 0x52, 0x0, 0xff, 0x86,
    0x3b, 0x6a, 0x22, 0xad, 0xd3, 0x0, 0x7e, 0x3f,
    0x71, 0x0, 0xf8, 0xa7, 0x4, 0x3, 0x8f, 0x4,
    0x3, 0xfe, 0x3f, 0x10, 0xd, 0xc0, 0x1e, 0x12,
    0x0, 0xf0, 0xe8, 0x4, 0xa4, 0x1, 0x9b, 0x7b,
    0x7e, 0xc8, 0x3, 0x1b, 0x0, 0x34, 0x3, 0x3c,
    0x90, 0x4, 0x9a, 0x60, 0x1a, 0xc0, 0x4, 0x1,
    0xac, 0x3, 0xee, 0x0, 0xc6, 0x20, 0x1e, 0x60,
    0xf, 0x8a, 0x27, 0x3b, 0x82, 0x4, 0x1, 0xa9,
    0x80, 0x3e, 0x76, 0x31, 0x0, 0xb0, 0x3, 0xa7,
    0xa5, 0x44, 0x3, 0xfc, 0x86, 0x1, 0xc2, 0xd5,
    0xd9, 0x6, 0x1, 0xfb, 0x88, 0x3, 0xf1, 0xbe,
    0x73, 0x80, 0x78, 0xb1, 0x80, 0x3f, 0xc3, 0x1c,
    0x60, 0x1c, 0x33, 0xd2, 0x80, 0x1f, 0xc3, 0x86,
    0x1, 0xe1, 0x6b, 0xfa, 0x61, 0x0, 0xfb, 0xc0,
    0x3f, 0xcb, 0x3d, 0x8e, 0x1, 0xc6, 0x60, 0x8,
    0x50, 0x40, 0x3c, 0x71, 0xc4, 0x1, 0x95, 0xb3,
    0xfa, 0xd8, 0x3, 0xf0, 0xd0, 0x6, 0x10, 0x30,
    0xa, 0x40, 0x3f, 0xf8, 0x42, 0xe0, 0x18, 0x6c,
    0x3, 0xe1, 0x90, 0xc, 0xa2, 0xa0, 0x19, 0x35,
    0x40, 0x32, 0xf8, 0x80, 0x44, 0x61, 0x62, 0x1,
    0x8a, 0xbf, 0x75, 0xf4, 0x20, 0x1a, 0x0, 0x3,
    0xa0, 0x1f, 0x11, 0x0, 0x3c, 0xca, 0x1, 0x1e,
    0x90, 0x7, 0xff, 0x2, 0x24, 0x3, 0x8b, 0x64,
    0x80, 0x3e, 0x16, 0xd7, 0x0, 0xfc, 0xdb, 0xd5,
    0x11, 0x56, 0x74, 0x90, 0x6,

    /* U+0406 "І" */
    0x4f, 0xfc, 0xa0, 0x1f, 0xff, 0xf0, 0xf, 0xff,
    0xc8,

    /* U+0407 "Ї" */
    0x1, 0x18, 0x3, 0x8, 0xe9, 0xee, 0x9c, 0x0,
    0xdd, 0xd5, 0x80, 0x7f, 0xf6, 0x27, 0xfe, 0x70,
    0x3, 0x7f, 0xd4, 0x1, 0xff, 0xc3, 0x4f, 0xfc,
    0xa0, 0x1f, 0xff, 0xf0, 0xf, 0xff, 0xf8, 0x7,
    0xff, 0xfc, 0x3, 0xff, 0xec,

    /* U+0408 "Ј" */
    0x0, 0xff, 0x7f, 0xeb, 0x0, 0xff, 0xff, 0x80,
    0x7f, 0xff, 0xc0, 0x3f, 0xff, 0xe0, 0x1f, 0xfd,
    0x61, 0x0, 0xff, 0x1b, 0xdf, 0xe8, 0x6, 0x30,
    0xc, 0x3f, 0x8, 0x7, 0x20, 0x2, 0xf0, 0xc,
    0x52, 0x1, 0x9b, 0xfb, 0x4c, 0x3, 0x52, 0xa0,
    0x7, 0x8, 0x7, 0x31, 0x5, 0x98, 0x7, 0xf2,
    0x48, 0x5, 0x8e, 0x1, 0xe1, 0x8b, 0x0, 0xe8,
    0xfb, 0x88, 0x4d, 0xf3, 0x80, 0x40,

    /* U+0409 "Љ" */
    0x0, 0xe9, 0xff, 0xff, 0xe2, 0x10, 0x7, 0xff,
    0x1c, 0xc0, 0x3f, 0xfb, 0x2, 0x1, 0xff, 0xd8,
    0x70, 0xf, 0xfe, 0xc0, 0x80, 0x47, 0x55, 0xf2,
    0x0, 0x7f, 0xf3, 0xc, 0x2, 0x55, 0xfc, 0x40,
    0x1f, 0xfc, 0xc1, 0x0, 0x84, 0x3, 0xff, 0xb1,
    0xc0, 0x1f, 0xfd, 0x32, 0x0, 0xc6, 0x1, 0xff,
    0xc0, 0x45, 0x5f, 0x20, 0x80, 0x7f, 0x84, 0x3,
    0x8, 0x7, 0xff, 0x2, 0x6a, 0xbd, 0x7d, 0x8a,
    0x1, 0xf9, 0x80, 0x33, 0x0, 0x7f, 0xf2, 0x4e,
    0xa8, 0x1, 0xf1, 0x0, 0x62, 0x0, 0xff, 0xe5,
    0xac, 0x80, 0x7b, 0x80, 0x3f, 0xfa, 0x2c, 0x60,
    0x1c, 0x40, 0x11, 0x0, 0x7f, 0xf0, 0x77, 0xff,
    0xd6, 0x40, 0x1a, 0x80, 0x39, 0x80, 0x26, 0x0,
    0xff, 0xe4, 0x27, 0x80, 0x67, 0x0, 0xe2, 0x0,
    0x8c, 0x3, 0xff, 0x92, 0x48, 0x1, 0x8, 0x6,
    0x20, 0xd, 0xc0, 0x1f, 0xfc, 0xa3, 0x0, 0xc4,
    0x1, 0x20, 0x6, 0x50, 0xf, 0xfe, 0x50, 0x80,
    0x63, 0x0, 0xb0, 0x3, 0x18, 0x7, 0xff, 0x29,
    0x40, 0x30, 0x80, 0x4a, 0x1, 0x18, 0x7, 0xff,
    0x29, 0x4c, 0x2, 0x20, 0xa, 0x40, 0x32, 0x0,
    0x7f, 0xf0, 0x91, 0x57, 0x9a, 0xa8, 0x1, 0x94,
    0x23, 0xd8, 0x3, 0x58, 0x7, 0xff, 0xa, 0x6a,
    0xba, 0x54, 0x3, 0xa4, 0x8, 0x3, 0x8c, 0xc0,
    0x1f, 0xfc, 0xea, 0x10, 0xf, 0xbc, 0x3, 0xff,
    0x9d, 0x4a, 0x1, 0xe2, 0xb3, 0x0, 0xff, 0xe5,
    0x9c, 0x72, 0x80, 0x55, 0x98, 0xdd, 0x20, 0x7,
    0xfd, 0x3f, 0xff, 0xfc, 0xc, 0x71, 0x0, 0xc0,

    /* U+040A "Њ" */
    0xaf, 0xfc, 0x1, 0xfe, 0x1f, 0xfd, 0x0, 0x1f,
    0xff, 0xf0, 0xf, 0xff, 0xf8, 0x7, 0xff, 0xfc,
    0x3, 0xff, 0xb6, 0xab, 0xfe, 0x70, 0xc, 0x6a,
    0xbf, 0x18, 0x7, 0xfd, 0x55, 0xfe, 0x90, 0xc,
    0x95, 0x5f, 0x67, 0xc8, 0x80, 0x7f, 0xf5, 0x5b,
    0xd0, 0x3, 0xff, 0xaa, 0x36, 0x40, 0x1f, 0xfd,
    0x69, 0x0, 0xf7, 0xff, 0xfb, 0x80, 0x33, 0xff,
    0xfb, 0x58, 0x3, 0x20, 0x80, 0x7f, 0xf3, 0xca,
    0x54, 0x3, 0x38, 0x7, 0xff, 0x46, 0x40, 0x37,
    0x0, 0x7f, 0xf4, 0x48, 0x3, 0x8, 0x7, 0xff,
    0xd1, 0x0, 0x30, 0x80, 0x7f, 0xf4, 0x60, 0x3,
    0x60, 0x7, 0xff, 0x20, 0xd5, 0x7d, 0x1c, 0x40,
    0x19, 0x0, 0x3f, 0xf9, 0x9, 0x55, 0xe7, 0x10,
    0xc, 0xe0, 0x1f, 0xfd, 0x53, 0x80, 0xf, 0xfe,
    0xa2, 0x68, 0x7, 0xff, 0x48, 0x56, 0xec, 0x20,
    0x0,

    /* U+040B "Ћ" */
    0xff, 0xff, 0xe0, 0x18, 0x7, 0xff, 0xef, 0xb8,
    0xa0, 0x1b, 0x7b, 0xb1, 0x80, 0x7e, 0x11, 0x0,
    0x71, 0x8, 0xe0, 0xf, 0xff, 0x70, 0xb5, 0x6f,
    0xfd, 0xb4, 0x80, 0x1f, 0xf7, 0xca, 0x90, 0x4,
    0x4b, 0x76, 0x10, 0xf, 0xe1, 0x0, 0xfe, 0x4c,
    0x0, 0xff, 0xe4, 0x14, 0x80, 0x7f, 0x96, 0x26,
    0x14, 0x3, 0x98, 0x40, 0x3e, 0x6f, 0xa7, 0x67,
    0xac, 0x10, 0xc, 0xe0, 0x1f, 0x48, 0x7, 0x8e,
    0x0, 0x37, 0x80, 0x7f, 0xf0, 0xdc, 0x3, 0x28,
    0x7, 0xff, 0xc, 0x44, 0x1, 0x10, 0x7, 0xff,
    0x10, 0x80, 0x3f, 0xf9, 0x82, 0x1, 0xff, 0xff,
    0x0, 0xff, 0xf3, 0x80,

    /* U+040C "Ќ" */
    0x0, 0xff, 0x5f, 0xfa, 0xc0, 0x3f, 0xf8, 0x84,
    0x80, 0xe, 0x0, 0xff, 0xe2, 0x50, 0x0, 0x54,
    0x3, 0xff, 0x88, 0xc0, 0x9, 0x0, 0xff, 0xe2,
    0x30, 0x80, 0x18, 0x3, 0xff, 0x89, 0x60, 0x6,
    0x10, 0xf, 0xfe, 0x18, 0xba, 0xaa, 0xc0, 0x3f,
    0xf8, 0x83, 0x55, 0x10, 0x7, 0xff, 0x4a, 0xbf,
    0xf0, 0x7, 0xe2, 0xff, 0xe8, 0x0, 0xff, 0xe1,
    0x78, 0x6, 0x48, 0x0, 0xff, 0xe0, 0xd9, 0x0,
    0x45, 0x40, 0x1f, 0xfc, 0x18, 0x40, 0x8, 0x7c,
    0x40, 0x3f, 0xf8, 0xa, 0xe0, 0x1a, 0x88, 0x3,
    0xff, 0x80, 0x54, 0x1, 0xa5, 0x0, 0x3f, 0xf8,
    0x3, 0xe0, 0x19, 0x98, 0x1, 0xff, 0xc1, 0xa2,
    0x0, 0x92, 0x40, 0x3f, 0xf8, 0x30, 0x80, 0x11,
    0x50, 0x7, 0xff, 0x5, 0x5c, 0x2, 0x1f, 0x10,
    0xf, 0xfe, 0x1, 0xd0, 0x6, 0xa2, 0x0, 0xff,
    0xe0, 0xe8, 0x6, 0x94, 0x0, 0xff, 0xe1, 0x8,
    0x4, 0x2c, 0x1, 0xff, 0xc7, 0x1b, 0x0, 0xff,
    0xe1, 0xd8, 0x6, 0x49, 0x0, 0xff, 0xe1, 0x24,
    0x80, 0x66, 0x70, 0xf, 0xfe, 0x13, 0x38, 0x6,
    0x85, 0x0, 0xff, 0xe1, 0x42, 0x80, 0x6a, 0x30,
    0xf, 0xfe, 0x15, 0x18, 0x6, 0xd2, 0x0, 0xff,
    0xe1, 0x69, 0x0, 0x43, 0xe2, 0x1, 0xff, 0xc1,
    0x1f, 0x10, 0x8, 0xa8, 0x3, 0xff, 0x84, 0x54,
    0x1, 0x92, 0x40, 0x3f, 0xf8, 0x49, 0x20, 0x19,
    0x9c, 0x3, 0xff, 0x84, 0xce, 0x1, 0xa1, 0x40,
    0x3f, 0xf8, 0x50, 0xa0, 0x1a, 0x8c,

    /* U+040D "Ѝ" */
    0x0, 0xf4, 0x7f, 0xb4, 0x3, 0xff, 0x8b, 0x40,
    0x2, 0x40, 0xf, 0xfe, 0x21, 0x20, 0x3, 0xc0,
    0x3f, 0xf8, 0xbe, 0x0, 0x42, 0x0, 0xff, 0xe2,
    0x21, 0x0, 0x28, 0x3, 0xff, 0x8b, 0x40, 0x7,
    0x0, 0xff, 0xe2, 0xb2, 0xac, 0x60, 0x1f, 0xfc,
    0x41, 0xaa, 0x8c, 0x3, 0xff, 0xa3, 0x5f, 0xf8,
    0x40, 0x3f, 0xa7, 0xff, 0x30, 0x7, 0xff, 0x8,
    0xd8, 0x3, 0xff, 0x8f, 0xc0, 0x1f, 0xfc, 0x78,
    0x20, 0xf, 0xfe, 0x31, 0x38, 0x7, 0xff, 0x1f,
    0x80, 0x3f, 0xf8, 0xec, 0x60, 0x1f, 0xfc, 0x61,
    0x90, 0xf, 0xfe, 0x3d, 0x0, 0x62, 0x0, 0xff,
    0xe1, 0x2a, 0x0, 0x43, 0x0, 0x1f, 0xfc, 0x11,
    0xb0, 0xd, 0x62, 0x1, 0xff, 0xc1, 0x81, 0x0,
    0x91, 0x40, 0x3f, 0xf8, 0x28, 0xc0, 0x1a, 0x80,
    0x3f, 0xf8, 0x52, 0x1, 0xa4, 0x40, 0x3f, 0xf8,
    0x30, 0x40, 0x11, 0xb0, 0x7, 0xff, 0x5, 0x5c,
    0x3, 0x70, 0x7, 0xff, 0xa, 0x40, 0x33, 0x90,
    0x7, 0xff, 0x8, 0x80, 0x22, 0x80, 0xf, 0xfe,
    0x3f, 0x0, 0x7f, 0xf1, 0xd8, 0xc0, 0x3f, 0xf8,
    0xc3, 0x20, 0x1f, 0xfc, 0x7b, 0x0, 0xff, 0xe3,
    0xaa, 0x80, 0x3f, 0xf8, 0xf6, 0x1, 0xff, 0xc7,
    0x91, 0x0, 0xff, 0xe1, 0x0,

    /* U+040E "Ў" */
    0x0, 0xf7, 0xfd, 0x40, 0x16, 0xff, 0xb0, 0x3,
    0xfe, 0x30, 0x2, 0xa8, 0x18, 0x80, 0xc, 0x1,
    0xff, 0x50, 0x5, 0x5f, 0x20, 0x17, 0x0, 0x7f,
    0xcc, 0x60, 0x1f, 0x32, 0x0, 0x7f, 0xf0, 0x31,
    0x40, 0x39, 0xa4, 0x3, 0xff, 0x85, 0x58, 0xed,
    0x1b, 0x20, 0x1f, 0xfc, 0x43, 0x89, 0x72, 0x0,
    0xfc, 0xdf, 0xfb, 0x0, 0x3f, 0xcb, 0xff, 0xa5,
    0x84, 0x2, 0x33, 0x0, 0x7f, 0x48, 0x6, 0x80,
    0x90, 0xd, 0x20, 0x1f, 0x8c, 0xc0, 0x12, 0x88,
    0x30, 0x6, 0x51, 0x0, 0xfa, 0x0, 0x34, 0x0,
    0x5, 0x80, 0x33, 0x0, 0x78, 0x90, 0x2, 0x42,
    0x0, 0xa0, 0x3, 0x48, 0x7, 0xac, 0x3, 0x78,
    0x6, 0x15, 0x0, 0x85, 0x40, 0x39, 0x80, 0x23,
    0x40, 0xe, 0x80, 0xd, 0x20, 0x19, 0xc0, 0x34,
    0x80, 0x78, 0x90, 0x2, 0x33, 0x0, 0x54, 0x1,
    0x12, 0x80, 0x7d, 0x0, 0x1a, 0x40, 0xa, 0x40,
    0x15, 0x80, 0x7e, 0x33, 0x0, 0x4a, 0x21, 0x20,
    0x10, 0xb0, 0x7, 0xf4, 0x80, 0x66, 0x33, 0x0,
    0x52, 0x1, 0xfe, 0x52, 0x0, 0xa6, 0x40, 0x19,
    0x80, 0x3f, 0xeb, 0x0, 0x85, 0x40, 0x27, 0x10,
    0xf, 0xf9, 0x84, 0x3, 0xe9, 0x0, 0xff, 0xe0,
    0xc8, 0x7, 0x94, 0x40, 0x3f, 0xf8, 0x2e, 0x20,
    0x1d, 0x0, 0x1f, 0xfc, 0x36, 0x0, 0xc8, 0x40,
    0x1f, 0xfc, 0x88, 0x0, 0xff, 0xe1, 0x8b, 0x80,
    0x46, 0x60, 0xf, 0xfe, 0x1c, 0x80, 0x69, 0x0,
    0xff, 0xe1, 0x8b, 0x80, 0x44, 0xa0, 0x1f, 0xfc,
    0x36, 0x0, 0xd6, 0x1, 0xff, 0xc4, 0x90, 0x8,
    0x58, 0x3, 0xff, 0x86, 0xe2, 0x1, 0x48, 0x7,
    0xfc,

    /* U+040F "Џ" */
    0xaf, 0xfc, 0x1, 0xff, 0xc0, 0x7f, 0xfc, 0x40,
    0x1f, 0xff, 0xf0, 0xf, 0xff, 0xf8, 0x7, 0xff,
    0xfc, 0x3, 0xff, 0xfe, 0x1, 0xff, 0xff, 0x0,
    0xff, 0xfb, 0xaa, 0xff, 0xf0, 0x34, 0x3, 0xfd,
    0x55, 0xff, 0xc0, 0x50, 0xf, 0xff, 0xf5, 0x7f,
    0xfe, 0x0, 0xcd, 0xff, 0xf8, 0x80, 0x3f, 0xff,
    0x20,

    /* U+0410 "А" */
    0x0, 0xfd, 0xff, 0xf1, 0x80, 0x7f, 0xf0, 0x90,
    0x3, 0xeb, 0x0, 0xff, 0xe1, 0x68, 0x7, 0xca,
    0x1, 0xff, 0xc2, 0x70, 0xf, 0x88, 0x40, 0x3f,
    0xf8, 0x6, 0x20, 0x10, 0x80, 0x67, 0x0, 0xff,
    0xe0, 0x20, 0x6, 0x80, 0xd, 0xa0, 0x1f, 0xfc,
    0xb, 0x0, 0xcc, 0x40, 0x12, 0x0, 0x7f, 0xc2,
    0x60, 0x12, 0x82, 0x80, 0x64, 0x0, 0xff, 0x38,
    0x6, 0xf0, 0xb0, 0xd, 0xa0, 0x1f, 0xec, 0x0,
    0xc8, 0x6, 0x20, 0x13, 0x80, 0x7f, 0x94, 0x2,
    0x31, 0x0, 0x38, 0x4, 0x26, 0x1, 0xf9, 0x0,
    0x35, 0x80, 0x5a, 0x1, 0xac, 0x3, 0xf6, 0x80,
    0x65, 0x0, 0x90, 0x3, 0x20, 0x7, 0xe7, 0x0,
    0x88, 0x80, 0x19, 0x0, 0x23, 0x10, 0xf, 0x10,
    0x80, 0x48, 0x1, 0xda, 0x1, 0x9c, 0x3, 0xca,
    0x1, 0x85, 0x57, 0x84, 0x3, 0x68, 0x7, 0xac,
    0x3, 0x3d, 0x57, 0x40, 0x6, 0x40, 0xe, 0x13,
    0x0, 0xff, 0xe2, 0x20, 0x6, 0x40, 0xf, 0xfe,
    0x2e, 0x80, 0x6f, 0x0, 0xff, 0xe2, 0xb8, 0x6,
    0x50, 0x8, 0xff, 0xff, 0x98, 0x2, 0x13, 0x0,
    0x20, 0x6, 0xb0, 0xf, 0xed, 0x0, 0xd6, 0x0,
    0xd0, 0xc, 0xa0, 0x1f, 0xc8, 0x1, 0x90, 0x0,
    0x80, 0x10, 0x90, 0x7, 0xf9, 0x40, 0x23, 0x12,
    0x20, 0x4, 0xe0, 0x1f, 0xf7, 0x80, 0x67,

    /* U+0411 "Б" */
    0xaf, 0xff, 0xfe, 0x21, 0x0, 0x7f, 0xfd, 0xea,
    0xbf, 0xf8, 0x4, 0x1, 0xf2, 0xaf, 0xff, 0x0,
    0x3, 0xff, 0xf0, 0xab, 0xf8, 0x80, 0x3f, 0xea,
    0xaf, 0xdb, 0xce, 0x1, 0xff, 0xc6, 0x18, 0xc0,
    0xf, 0xfe, 0x39, 0xd0, 0x7, 0xff, 0x1d, 0x50,
    0x3, 0xdf, 0xff, 0x61, 0x80, 0x6e, 0x0, 0xff,
    0xe0, 0x9e, 0x0, 0x64, 0x0, 0xff, 0xe1, 0xa8,
    0x4, 0x20, 0x1f, 0xfc, 0x33, 0x0, 0xc2, 0x1,
    0xff, 0xc2, 0x50, 0xc, 0x20, 0x1f, 0xfc, 0x13,
    0x30, 0x4, 0x40, 0x1e, 0x55, 0xf3, 0x4e, 0x0,
    0x65, 0x0, 0xf5, 0x57, 0xa5, 0x80, 0x3a, 0x40,
    0x3f, 0xf8, 0xd2, 0x20, 0x1f, 0xfc, 0x58, 0x60,
    0xf, 0xfe, 0x19, 0x3e, 0xb8, 0x4,

    /* U+0412 "В" */
    0xaf, 0xff, 0xf7, 0x5b, 0x0, 0x7f, 0xf1, 0x5,
    0x27, 0x4, 0x3, 0xff, 0x8a, 0x78, 0x20, 0x1f,
    0xfc, 0x52, 0x80, 0xf, 0xa6, 0xab, 0x4a, 0x0,
    0x66, 0x10, 0xf, 0x3a, 0xae, 0x6b, 0x50, 0xc,
    0x80, 0x1f, 0xfc, 0x1e, 0x0, 0xc4, 0x1, 0xff,
    0xc1, 0x70, 0xf, 0xfe, 0x32, 0x80, 0x61, 0x0,
    0xff, 0xe0, 0x2c, 0x0, 0x64, 0x0, 0xf7, 0x7f,
    0xf5, 0x8, 0x4, 0xa4, 0x1, 0xff, 0xc4, 0x3b,
    0x0, 0xff, 0xe3, 0x10, 0x7, 0xff, 0x14, 0xf0,
    0xc0, 0x3d, 0x35, 0x5d, 0x26, 0x1, 0xb8, 0x3,
    0xce, 0xab, 0xcd, 0x8c, 0x1, 0x12, 0x80, 0x7f,
    0xf0, 0x6c, 0x3, 0x68, 0x7, 0xff, 0x4, 0x80,
    0x31, 0x0, 0x7f, 0xf0, 0x4c, 0x3, 0x18, 0x7,
    0xff, 0x6, 0x0, 0x37, 0x0, 0x73, 0xb3, 0x73,
    0xea, 0x0, 0x64, 0x0, 0xe9, 0x9f, 0x41, 0x0,
    0x63, 0x30, 0x7, 0xff, 0x17, 0x80, 0x3f, 0xf8,
    0x83, 0x84, 0x1, 0xff, 0xc1, 0x14, 0x8e, 0x30,
    0x0,

    /* U+0413 "Г" */
    0xaf, 0xff, 0xfe, 0x1a, 0x80, 0x7f, 0xfb, 0x2a,
    0xbf, 0xe7, 0x0, 0xe5, 0x5f, 0xf8, 0x80, 0x3f,
    0xff, 0xe0, 0x1f, 0xff, 0xf0, 0xf, 0xff, 0xf8,
    0x7, 0xff, 0xfc, 0x3, 0xff, 0x96,

    /* U+0414 "Д" */
    0x0, 0xec, 0xff, 0xff, 0xe1, 0xc0, 0x7, 0xc2,
    0x1, 0xff, 0xcb, 0x30, 0xf, 0xfe, 0x58, 0x80,
    0x7f, 0xf3, 0xd6, 0xab, 0xd2, 0x1, 0xff, 0x8,
    0x6, 0xc5, 0x5f, 0x38, 0x7, 0xfc, 0x60, 0x18,
    0xc0, 0x3f, 0xf8, 0xc2, 0x1, 0x84, 0x3, 0xff,
    0x8c, 0xe0, 0x19, 0xc0, 0x3f, 0xf8, 0xc2, 0x1,
    0x84, 0x3, 0xff, 0x8c, 0x40, 0x18, 0xc0, 0x3f,
    0xf8, 0xde, 0x1, 0x84, 0x3, 0xff, 0x8c, 0x20,
    0x1f, 0xfc, 0xb3, 0x0, 0x88, 0x3, 0xff, 0x8e,
    0xc0, 0x10, 0x80, 0x7f, 0xf1, 0xcc, 0x2, 0x60,
    0xf, 0xfe, 0x31, 0x0, 0x62, 0x0, 0xff, 0xe3,
    0x28, 0x6, 0xd0, 0xf, 0xfe, 0x35, 0x0, 0x64,
    0x0, 0xff, 0xe2, 0xc1, 0x0, 0x4a, 0x20, 0x1f,
    0xfc, 0x36, 0xb7, 0x0, 0xda, 0xab, 0xf9, 0xc0,
    0x31, 0x29, 0x4a, 0x0, 0x74, 0x55, 0x7e, 0x90,
    0xc, 0xb4, 0x80, 0x1f, 0xff, 0xf0, 0x5f, 0xff,
    0xfe, 0xd, 0x80, 0x7f, 0xff, 0xc0, 0x1d, 0xda,
    0xc0, 0x3f, 0xf8, 0x29, 0xdd, 0x98,

    /* U+0415 "Е" */
    0xaf, 0xff, 0xfe, 0x1a, 0x80, 0x7f, 0xfb, 0x2a,
    0xbf, 0xe7, 0x0, 0xe5, 0x5f, 0xf8, 0x80, 0x3f,
    0xff, 0xbf, 0xff, 0xca, 0x1, 0xff, 0xee, 0xaa,
    0xfe, 0x40, 0xf, 0x95, 0x7f, 0x84, 0x3, 0xff,
    0xfe, 0xab, 0xff, 0x10, 0x7, 0x55, 0x7f, 0xce,
    0x1, 0xff, 0xe7,

    /* U+0416 "Ж" */
    0xb, 0xff, 0xd8, 0x1, 0xe9, 0xff, 0xc0, 0x1e,
    0x5f, 0xfe, 0x20, 0x5, 0x0, 0x63, 0x60, 0xf,
    0xfe, 0x18, 0xd8, 0x6, 0x82, 0x0, 0xc, 0x80,
    0x68, 0x10, 0xf, 0xfe, 0x14, 0x8, 0x4, 0x6e,
    0x1, 0x99, 0x0, 0x21, 0xb0, 0xf, 0xfe, 0x9,
    0xb0, 0x6, 0xe0, 0xf, 0x48, 0x6, 0x54, 0x0,
    0xff, 0xe0, 0x70, 0x6, 0x72, 0x0, 0xf1, 0x48,
    0x6, 0x90, 0xf, 0xf9, 0xc8, 0x2, 0x28, 0x0,
    0xfc, 0xc6, 0x1, 0x13, 0x80, 0x7f, 0xc, 0x0,
    0x6e, 0x0, 0xff, 0x70, 0x6, 0x82, 0x0, 0xfd,
    0x40, 0x19, 0xcc, 0x3, 0xfc, 0x50, 0x1, 0xa4,
    0x3, 0xe5, 0x40, 0x8, 0xa0, 0x3, 0xff, 0x80,
    0xe6, 0x1, 0x22, 0x80, 0x70, 0xd8, 0x6, 0x90,
    0xf, 0xfe, 0x17, 0x80, 0x6b, 0x30, 0xd, 0x2,
    0x1, 0x32, 0x0, 0x7f, 0xf0, 0x8d, 0xc0, 0x21,
    0x50, 0xc, 0xc0, 0x10, 0xc8, 0x7, 0xff, 0x12,
    0x80, 0x3f, 0xf8, 0x2e, 0x1, 0xff, 0xc5, 0xe0,
    0xf, 0xfe, 0xb, 0x18, 0x7, 0xff, 0xd, 0xcc,
    0x2, 0x14, 0x0, 0xca, 0x1, 0xb8, 0x3, 0xff,
    0x84, 0x50, 0x1, 0xac, 0x80, 0x35, 0x88, 0x4,
    0x52, 0x1, 0xff, 0xc1, 0xf0, 0xc, 0x8a, 0x1,
    0xc3, 0x40, 0x19, 0x90, 0x3, 0xfe, 0x82, 0x0,
    0x86, 0x80, 0x3e, 0x46, 0x0, 0xd4, 0x20, 0x1f,
    0xc6, 0xe0, 0x1a, 0xc4, 0x3, 0xf4, 0x8, 0x4,
    0x36, 0x1, 0xfd, 0xc0, 0x19, 0x14, 0x3, 0xf8,
    0x68, 0x3, 0x2a, 0x80, 0x3e, 0x92, 0x0, 0x86,
    0x80, 0x3f, 0xe4, 0x60, 0xd, 0x62, 0x1, 0xc8,
    0xc0, 0x1a, 0xc4, 0x3, 0xff, 0x81, 0x22, 0x1,
    0xd, 0x80, 0x61, 0xa0, 0xc, 0xaa, 0x0, 0xff,
    0xe1, 0x50, 0x6, 0x55, 0x0, 0x56, 0x20, 0x10,
    0xd8, 0x7, 0xff, 0xd, 0x18, 0x3, 0x50, 0x82,
    0xa8, 0x3, 0x58, 0x80, 0x7f, 0xf1, 0x24, 0x40,
    0x35, 0x0,

    /* U+0417 "З" */
    0x0, 0xf8, 0x55, 0xde, 0x52, 0x0, 0xff, 0xe0,
    0x36, 0x75, 0x44, 0x55, 0xba, 0x60, 0xf, 0xc7,
    0xb2, 0x60, 0x1f, 0x14, 0xe0, 0x80, 0x72, 0x61,
    0x0, 0x7f, 0xc7, 0x80, 0x1c, 0xa4, 0x1, 0xc2,
    0x40, 0x1e, 0x28, 0x0, 0xc3, 0x82, 0x0, 0x6d,
    0xed, 0xfc, 0x30, 0xc, 0xe0, 0x1c, 0x38, 0x37,
    0x24, 0x1, 0x1e, 0x88, 0x6, 0x30, 0xe, 0x2e,
    0x40, 0xf, 0xa, 0x0, 0x67, 0x0, 0xff, 0xeb,
    0x8a, 0x0, 0x65, 0x0, 0xff, 0xe0, 0xb, 0x78,
    0x80, 0x44, 0x20, 0x1f, 0x87, 0xfe, 0xe9, 0x10,
    0xd, 0x60, 0x1f, 0xfc, 0x73, 0x60, 0xf, 0xfe,
    0x3a, 0x80, 0x7f, 0xf2, 0x1b, 0x40, 0x3f, 0x86,
    0x22, 0x75, 0x10, 0xc, 0x52, 0x1, 0xfc, 0xef,
    0x45, 0x74, 0x0, 0x66, 0x0, 0xff, 0xe1, 0xb9,
    0x80, 0x63, 0x0, 0x84, 0xc0, 0x3f, 0xca, 0x1,
    0x9c, 0x0, 0xbf, 0xc0, 0x1f, 0xe5, 0x0, 0xf4,
    0xd0, 0x95, 0x88, 0x7, 0xc8, 0x60, 0x19, 0x59,
    0x80, 0x12, 0x7b, 0x8, 0x4, 0x2f, 0x60, 0x19,
    0x5, 0x90, 0x3, 0xc, 0xf7, 0xf7, 0xf4, 0x0,
    0x74, 0x80, 0x2d, 0x0, 0x3e, 0x10, 0xf, 0xa8,
    0x80, 0x2b, 0x70, 0xf, 0xfe, 0x0, 0xda, 0x80,
    0x74, 0x6b, 0x0, 0x7e, 0x28, 0xe4, 0x0, 0xf8,
    0xa7, 0xf2, 0x62, 0x2a, 0xdd, 0x38, 0x7, 0x0,

    /* U+0418 "И" */
    0xaf, 0xfc, 0x20, 0x1f, 0xd3, 0xff, 0x98, 0x3,
    0xff, 0x84, 0x6c, 0x1, 0xff, 0xc7, 0xe0, 0xf,
    0xfe, 0x3c, 0x10, 0x7, 0xff, 0x18, 0x9c, 0x3,
    0xff, 0x8f, 0xc0, 0x1f, 0xfc, 0x76, 0x30, 0xf,
    0xfe, 0x30, 0xc8, 0x7, 0xff, 0x1e, 0x80, 0x31,
    0x0, 0x7f, 0xf0, 0x95, 0x0, 0x21, 0x80, 0xf,
    0xfe, 0x8, 0xd8, 0x6, 0xb1, 0x0, 0xff, 0xe0,
    0xc0, 0x80, 0x48, 0xa0, 0x1f, 0xfc, 0x14, 0x60,
    0xd, 0x40, 0x1f, 0xfc, 0x29, 0x0, 0xd2, 0x20,
    0x1f, 0xfc, 0x18, 0x20, 0x8, 0xd8, 0x3, 0xff,
    0x82, 0xae, 0x1, 0xb8, 0x3, 0xff, 0x85, 0x20,
    0x19, 0xc8, 0x3, 0xff, 0x84, 0x40, 0x11, 0x40,
    0x7, 0xff, 0x1f, 0x80, 0x3f, 0xf8, 0xec, 0x60,
    0x1f, 0xfc, 0x61, 0x90, 0xf, 0xfe, 0x3d, 0x80,
    0x7f, 0xf1, 0xd5, 0x40, 0x1f, 0xfc, 0x7b, 0x0,
    0xff, 0xe3, 0xc8, 0x80, 0x7f, 0xf0, 0x80,

    /* U+0419 "Й" */
    0x0, 0xc3, 0xff, 0x40, 0x5, 0xdf, 0xeb, 0x0,
    0xfe, 0x11, 0x0, 0x1c, 0xc2, 0x4, 0x0, 0x60,
    0x1f, 0xe6, 0x0, 0xb3, 0xdc, 0x2, 0xa0, 0xf,
    0xf4, 0x10, 0x7, 0xd0, 0x40, 0x1f, 0xf6, 0x18,
    0x7, 0x43, 0x80, 0x7f, 0xf0, 0x7, 0x2d, 0xda,
    0x39, 0xc0, 0x3f, 0xf8, 0x69, 0x12, 0xe2, 0x1,
    0xfa, 0xbf, 0xf0, 0x80, 0x7f, 0x4f, 0xfe, 0x60,
    0xf, 0xfe, 0x11, 0xb0, 0x7, 0xff, 0x1f, 0x80,
    0x3f, 0xf8, 0xf0, 0x40, 0x1f, 0xfc, 0x62, 0x70,
    0xf, 0xfe, 0x3f, 0x0, 0x7f, 0xf1, 0xd8, 0xc0,
    0x3f, 0xf8, 0xc3, 0x20, 0x1f, 0xfc, 0x7a, 0x0,
    0xc4, 0x1, 0xff, 0xc2, 0x54, 0x0, 0x86, 0x0,
    0x3f, 0xf8, 0x23, 0x60, 0x1a, 0xc4, 0x3, 0xff,
    0x83, 0x2, 0x1, 0x22, 0x80, 0x7f, 0xf0, 0x51,
    0x80, 0x35, 0x0, 0x7f, 0xf0, 0xa4, 0x3, 0x48,
    0x80, 0x7f, 0xf0, 0x60, 0x80, 0x23, 0x60, 0xf,
    0xfe, 0xa, 0xb8, 0x6, 0xe0, 0xf, 0xfe, 0x14,
    0x80, 0x67, 0x20, 0xf, 0xfe, 0x11, 0x0, 0x45,
    0x0, 0x1f, 0xfc, 0x7e, 0x0, 0xff, 0xe3, 0xb1,
    0x80, 0x7f, 0xf1, 0x86, 0x40, 0x3f, 0xf8, 0xf6,
    0x1, 0xff, 0xc7, 0x55, 0x0, 0x7f, 0xf1, 0xec,
    0x3, 0xff, 0x8f, 0x22, 0x1, 0xff, 0xc2,

    /* U+041A "К" */
    0xaf, 0xfc, 0x1, 0xf8, 0xbf, 0xfa, 0x0, 0x3f,
    0xf8, 0x5e, 0x1, 0x92, 0x0, 0x3f, 0xf8, 0x36,
    0x40, 0x11, 0x50, 0x7, 0xff, 0x6, 0x10, 0x2,
    0x1f, 0x10, 0xf, 0xfe, 0x2, 0xb8, 0x6, 0xa2,
    0x0, 0xff, 0xe0, 0x15, 0x0, 0x69, 0x40, 0xf,
    0xfe, 0x0, 0xf8, 0x6, 0x66, 0x0, 0x7f, 0xf0,
    0x68, 0x80, 0x24, 0x90, 0xf, 0xfe, 0xc, 0x20,
    0x4, 0x54, 0x1, 0xff, 0xc1, 0x57, 0x0, 0x87,
    0xc4, 0x3, 0xff, 0x80, 0x74, 0x1, 0xa8, 0x80,
    0x3f, 0xf8, 0x3a, 0x1, 0xa5, 0x0, 0x3f, 0xf8,
    0x42, 0x1, 0xb, 0x0, 0x7f, 0xf1, 0xc6, 0xc0,
    0x3f, 0xf8, 0x76, 0x1, 0x92, 0x40, 0x3f, 0xf8,
    0x49, 0x20, 0x19, 0x9c, 0x3, 0xff, 0x84, 0xce,
    0x1, 0xa1, 0x40, 0x3f, 0xf8, 0x50, 0xa0, 0x1a,
    0x8c, 0x3, 0xff, 0x85, 0x46, 0x1, 0xb4, 0x80,
    0x3f, 0xf8, 0x5a, 0x40, 0x10, 0xf8, 0x80, 0x7f,
    0xf0, 0x47, 0xc4, 0x2, 0x2a, 0x0, 0xff, 0xe1,
    0x15, 0x0, 0x64, 0x90, 0xf, 0xfe, 0x12, 0x48,
    0x6, 0x67, 0x0, 0xff, 0xe1, 0x33, 0x80, 0x68,
    0x50, 0xf, 0xfe, 0x14, 0x28, 0x6, 0xa3,

    /* U+041B "Л" */
    0x0, 0xe4, 0xff, 0xff, 0xe2, 0x38, 0x7, 0x8,
    0x7, 0xff, 0x28, 0xc0, 0x3f, 0xf9, 0x42, 0x1,
    0xff, 0xca, 0xf0, 0xd, 0x55, 0xf4, 0x0, 0x7f,
    0x84, 0x2, 0x15, 0x5f, 0x90, 0x3, 0xfc, 0x60,
    0x11, 0x80, 0x7f, 0xf1, 0x84, 0x2, 0x10, 0xf,
    0xfe, 0x33, 0x0, 0x4e, 0x1, 0xff, 0xc6, 0x30,
    0x8, 0x80, 0x3f, 0xf8, 0xc2, 0x1, 0x70, 0x7,
    0xff, 0x14, 0x40, 0x30, 0x80, 0x7f, 0xf1, 0x48,
    0x3, 0x10, 0x7, 0xff, 0x15, 0x40, 0x33, 0x0,
    0x7f, 0xf1, 0x78, 0x3, 0x10, 0x7, 0xff, 0x14,
    0x80, 0x22, 0x0, 0xff, 0xe3, 0x38, 0x4, 0xc0,
    0x1f, 0xfc, 0x51, 0x20, 0x8, 0xc0, 0x3f, 0xf8,
    0xa8, 0x1, 0xb4, 0x3, 0xff, 0x8b, 0xe0, 0x19,
    0x0, 0x3f, 0xf8, 0x8c, 0xa0, 0x11, 0x8, 0x7,
    0xff, 0x9, 0x3e, 0x40, 0x32, 0x80, 0x7f, 0xf0,
    0xc4, 0x3, 0xd4, 0x1, 0xff, 0xc9, 0x82, 0x0,
    0xff, 0xe3, 0x8c, 0x38, 0x7, 0xff, 0x11, 0x77,
    0x37, 0x9c, 0x3, 0xfe, 0x3f, 0xfc, 0xe0,

    /* U+041C "М" */
    0xaf, 0xfb, 0x0, 0x3f, 0xf8, 0x71, 0xff, 0x68,
    0x6, 0x34, 0x0, 0xff, 0xe0, 0x8b, 0x80, 0x7f,
    0x40, 0x7, 0xff, 0x6, 0x40, 0x3f, 0xc6, 0x60,
    0xf, 0xfe, 0x3, 0x0, 0x7f, 0xd0, 0x1, 0xff,
    0x38, 0x80, 0x7f, 0xc8, 0x60, 0x1f, 0xe9, 0x0,
    0xff, 0xe0, 0xc0, 0x7, 0xf3, 0x88, 0x7, 0xff,
    0x5, 0xc, 0x3, 0xf4, 0x80, 0x7f, 0xf0, 0xe4,
    0x3, 0xe6, 0x10, 0xf, 0xfe, 0x1a, 0x90, 0x7,
    0xa0, 0x3, 0xff, 0x80, 0x40, 0x1a, 0x0, 0x39,
    0x84, 0x2, 0x30, 0xf, 0xcc, 0xc0, 0x9, 0x48,
    0x3, 0x58, 0x4, 0x56, 0x1, 0xfd, 0x60, 0x1a,
    0x0, 0x26, 0x20, 0xa, 0xc0, 0x3f, 0xc4, 0xa0,
    0x12, 0x90, 0x2, 0xc0, 0x21, 0x60, 0xf, 0xfa,
    0x40, 0x35, 0x82, 0x90, 0x5, 0x0, 0x1f, 0xfc,
    0x3, 0x40, 0x9, 0x8a, 0x0, 0x21, 0x60, 0xf,
    0xfe, 0xc, 0x0, 0x6f, 0x20, 0xa, 0x40, 0x3f,
    0xf8, 0x46, 0x60, 0x8, 0x80, 0x33, 0x0, 0x7f,
    0xf0, 0xe0, 0x3, 0xe7, 0x10, 0xf, 0xfe, 0x1a,
    0x10, 0x7, 0xa4, 0x3, 0xff, 0x8b, 0x0, 0x1c,
    0xc2, 0x1, 0xff, 0xc5, 0x52, 0x0, 0xd0, 0x1,
    0xff, 0xc7, 0xb0, 0x9, 0x44, 0x3, 0xff, 0x8e,
    0xc2, 0x0, 0x80, 0xf, 0xfe, 0x4c, 0x82, 0x90,
    0x7, 0xf8,

    /* U+041D "Н" */
    0xaf, 0xfc, 0x1, 0xff, 0x7f, 0xe9, 0x0, 0xff,
    0xff, 0x80, 0x7f, 0xff, 0xc0, 0x3f, 0xfc, 0xa,
    0xbf, 0xe6, 0x0, 0xff, 0x55, 0x7f, 0xa4, 0x3,
    0xff, 0xfb, 0xff, 0xff, 0x0, 0x7f, 0xff, 0xc0,
    0x3f, 0xff, 0xe0, 0x1f, 0xfe, 0x0,

    /* U+041E "О" */
    0x0, 0xfc, 0x28, 0xce, 0xe6, 0x40, 0xf, 0xfe,
    0x1a, 0xe7, 0x5c, 0xc4, 0x26, 0xfe, 0xd0, 0x3,
    0xfc, 0x59, 0x46, 0x1, 0xf9, 0x2e, 0x84, 0x3,
    0xe4, 0xd3, 0x0, 0xff, 0xe0, 0x2e, 0x8, 0x7,
    0x15, 0x80, 0x7c, 0x22, 0x0, 0xf1, 0x60, 0x7,
    0x78, 0x7, 0x2e, 0x7f, 0x73, 0xec, 0xc0, 0x31,
    0x50, 0x4, 0xe4, 0x1, 0xa6, 0x8c, 0x3, 0x26,
    0x30, 0x6, 0x53, 0x0, 0x48, 0x6, 0x86, 0x0,
    0xfd, 0x28, 0x1, 0xa4, 0x10, 0x40, 0x21, 0x70,
    0xf, 0xf4, 0x80, 0x65, 0xc, 0x0, 0xcc, 0x1,
    0xff, 0x12, 0x0, 0x64, 0x30, 0xd, 0x60, 0x1f,
    0xfc, 0xc, 0x0, 0xd8, 0xa0, 0x18, 0x80, 0x3f,
    0xf8, 0x6, 0x1, 0x88, 0x40, 0x30, 0x80, 0x7f,
    0xf0, 0x18, 0x3, 0x8, 0x6, 0x10, 0xf, 0xfe,
    0x58, 0x80, 0x7f, 0xf1, 0xc8, 0x3, 0x8, 0x7,
    0xff, 0x1, 0x80, 0x30, 0xb0, 0x6, 0x20, 0xf,
    0xfe, 0x1, 0x80, 0x62, 0x30, 0xd, 0x60, 0x1f,
    0xfc, 0xc, 0x0, 0xd9, 0x80, 0xc, 0xc0, 0x1f,
    0xf1, 0x20, 0x6, 0x44, 0x8, 0x4, 0x2e, 0x1,
    0xfe, 0x90, 0xc, 0xa0, 0x9, 0x0, 0xd0, 0xc0,
    0x1f, 0xa5, 0x0, 0x34, 0x80, 0x1c, 0x80, 0x34,
    0xd1, 0x80, 0x65, 0xc6, 0x0, 0xca, 0x60, 0x17,
    0x80, 0x72, 0xe7, 0xf7, 0x3e, 0x8c, 0x3, 0x15,
    0x0, 0x62, 0xb0, 0xf, 0x84, 0x40, 0x1e, 0x2c,
    0x0, 0xf2, 0x69, 0x80, 0x7f, 0xf0, 0x17, 0x4,
    0x3, 0xe2, 0xca, 0x30, 0xf, 0xc9, 0x74, 0x20,
    0x1f, 0xe5, 0xce, 0xb9, 0x88, 0x4d, 0xfd, 0xa0,
    0x7, 0x80,

    /* U+041F "П" */
    0xaf, 0xff, 0xfe, 0x3c, 0x80, 0x7f, 0xfe, 0x2a,
    0xbf, 0xd2, 0x1, 0xfe, 0x55, 0xff, 0x30, 0x7,
    0xff, 0xfc, 0x3, 0xff, 0xfe, 0x1, 0xff, 0xff,
    0x0, 0xff, 0xff, 0x80, 0x7f, 0xff, 0xc0, 0x3f,
    0xfa, 0x20,

    /* U+0420 "Р" */
    0xaf, 0xff, 0xfb, 0xad, 0xc4, 0x3, 0xff, 0x88,
    0x29, 0x1e, 0x80, 0x1f, 0xfc, 0x61, 0xb4, 0x0,
    0xff, 0xe3, 0xd0, 0x80, 0x7a, 0xab, 0xd2, 0xa0,
    0x18, 0x58, 0x3, 0xca, 0xbe, 0x6a, 0x90, 0xd,
    0x60, 0x1f, 0xfc, 0x26, 0x20, 0x8, 0xc0, 0x3f,
    0xf8, 0x6e, 0x1, 0xff, 0xc7, 0x30, 0xc, 0x20,
    0x1f, 0xfc, 0x25, 0x0, 0xc2, 0x1, 0xff, 0xc1,
    0x23, 0x0, 0x88, 0x3, 0xff, 0x80, 0x2b, 0x80,
    0x19, 0x0, 0x3d, 0xff, 0xee, 0xa1, 0x0, 0xd6,
    0x1, 0xff, 0xc6, 0x72, 0x0, 0xff, 0xe2, 0xac,
    0x0, 0x7f, 0xf1, 0xe, 0xa8, 0x1, 0xfa, 0xab,
    0xeb, 0xec, 0x50, 0xf, 0xe5, 0x5f, 0x90, 0x40,
    0x3f, 0xff, 0xe0, 0x1f, 0xff, 0xb0,

    /* U+0421 "С" */
    0x0, 0xfc, 0x28, 0xce, 0xe6, 0x40, 0xf, 0xfe,
    0x12, 0xe7, 0x5c, 0xc4, 0x26, 0xfe, 0xd0, 0x3,
    0xf8, 0xb2, 0x8c, 0x3, 0xf2, 0x5d, 0x84, 0x3,
    0xc9, 0xa6, 0x1, 0xff, 0xc0, 0x4c, 0x20, 0xc,
    0x56, 0x1, 0xf0, 0x88, 0x3, 0xc5, 0xe2, 0x1,
    0x78, 0x7, 0x2e, 0x7f, 0x73, 0xec, 0xc0, 0x31,
    0x58, 0x1, 0xc8, 0x3, 0x4d, 0x18, 0x6, 0x4c,
    0x70, 0xc, 0xa6, 0x12, 0x1, 0xa1, 0x80, 0x3f,
    0x42, 0x0, 0x69, 0x41, 0x0, 0x89, 0xc0, 0x3f,
    0xd2, 0x1, 0x1e, 0xe0, 0x6, 0xa0, 0xf, 0xf8,
    0xa2, 0xbb, 0x1c, 0xc0, 0x32, 0x0, 0x7f, 0xf0,
    0x1d, 0x44, 0x0, 0xa0, 0x18, 0xc0, 0x3f, 0xf8,
    0xa2, 0x1, 0x8, 0x7, 0xff, 0xd0, 0x80, 0x21,
    0x0, 0xff, 0xe3, 0x30, 0x6, 0x30, 0xf, 0xfe,
    0x29, 0x80, 0x64, 0x0, 0xff, 0xe0, 0x3b, 0x8,
    0x3, 0x0, 0x35, 0x0, 0x7f, 0xc5, 0x13, 0xd8,
    0xe8, 0x20, 0x11, 0x38, 0x7, 0xfa, 0x40, 0x23,
    0xd0, 0x90, 0xd, 0xc, 0x1, 0xfa, 0x10, 0x3,
    0x48, 0x39, 0x0, 0x69, 0xa3, 0x0, 0xcb, 0x8e,
    0x1, 0x94, 0xc0, 0x1e, 0x1, 0xcb, 0x9f, 0xdc,
    0xfa, 0x30, 0xc, 0x56, 0x1, 0x15, 0x80, 0x7c,
    0x22, 0x0, 0xf1, 0x78, 0x80, 0x64, 0xd3, 0x0,
    0xff, 0xe0, 0x26, 0x10, 0x7, 0x8b, 0x28, 0xc0,
    0x3f, 0x25, 0xd8, 0x40, 0x3f, 0x97, 0x3a, 0xe6,
    0x21, 0x37, 0xf6, 0x80, 0x1c,

    /* U+0422 "Т" */
    0xaf, 0xff, 0xfe, 0x3b, 0x0, 0x7f, 0xfc, 0xe6,
    0xab, 0xe0, 0xc, 0x75, 0x5f, 0x21, 0xaa, 0xfc,
    0x1, 0x9d, 0x57, 0xe2, 0x0, 0xff, 0xff, 0x80,
    0x7f, 0xff, 0xc0, 0x3f, 0xff, 0xe0, 0x1f, 0xff,
    0xf0, 0xf, 0xff, 0xf8, 0x7, 0xff, 0x30,

    /* U+0423 "У" */
    0x6f, 0xfd, 0x80, 0x1f, 0xe5, 0xff, 0xd2, 0xc2,
    0x1, 0x19, 0x80, 0x3f, 0xa4, 0x3, 0x40, 0x48,
    0x6, 0x90, 0xf, 0xc6, 0x60, 0x9, 0x44, 0x18,
    0x3, 0x28, 0x80, 0x7d, 0x0, 0x1a, 0x0, 0x2,
    0xc0, 0x19, 0x80, 0x3c, 0x48, 0x1, 0x21, 0x0,
    0x50, 0x1, 0xa4, 0x3, 0xd6, 0x1, 0xbc, 0x3,
    0xa, 0x80, 0x42, 0xa0, 0x1c, 0xc0, 0x11, 0xa0,
    0x7, 0x40, 0x6, 0x90, 0xc, 0xe0, 0x1a, 0x40,
    0x3c, 0x48, 0x1, 0x19, 0x80, 0x2a, 0x0, 0x89,
    0x40, 0x3e, 0x80, 0xd, 0x20, 0x5, 0x20, 0xa,
    0xc0, 0x3f, 0x19, 0x80, 0x25, 0x10, 0x90, 0x8,
    0x58, 0x3, 0xfa, 0x40, 0x33, 0x19, 0x80, 0x29,
    0x0, 0xff, 0x29, 0x0, 0x53, 0x20, 0xc, 0xc0,
    0x1f, 0xf5, 0x80, 0x42, 0xa0, 0x13, 0x88, 0x7,
    0xfc, 0xc2, 0x1, 0xf4, 0x80, 0x7f, 0xf0, 0x64,
    0x3, 0xca, 0x20, 0x1f, 0xfc, 0x17, 0x10, 0xe,
    0x80, 0xf, 0xfe, 0x1b, 0x0, 0x64, 0x20, 0xf,
    0xfe, 0x44, 0x0, 0x7f, 0xf0, 0xc5, 0xc0, 0x23,
    0x30, 0x7, 0xff, 0xe, 0x40, 0x34, 0x80, 0x7f,
    0xf0, 0xc5, 0xc0, 0x22, 0x50, 0xf, 0xfe, 0x1b,
    0x0, 0x6b, 0x0, 0xff, 0xe2, 0x48, 0x4, 0x2c,
    0x1, 0xff, 0xc3, 0x71, 0x0, 0xa4, 0x3, 0xfe,

    /* U+0424 "Ф" */
    0x0, 0xfe, 0x9f, 0xfc, 0x1, 0xff, 0xda, 0x39,
    0xef, 0xf3, 0x0, 0x6f, 0xfa, 0xd8, 0x3, 0xf4,
    0x63, 0x8, 0x7, 0xf9, 0x27, 0x48, 0x3, 0xa5,
    0xc0, 0x3f, 0xf8, 0x65, 0x82, 0x1, 0x2b, 0x0,
    0x7f, 0xf1, 0x47, 0x40, 0x2b, 0x0, 0xc7, 0x58,
    0x80, 0x1a, 0xec, 0xa0, 0x18, 0xd4, 0x14, 0x40,
    0x23, 0xc5, 0x32, 0x0, 0xc8, 0x8a, 0x70, 0xd,
    0xc1, 0x80, 0x1a, 0x0, 0x3f, 0xe8, 0x10, 0x9,
    0x1, 0x40, 0x32, 0x0, 0x7f, 0xf0, 0x1c, 0x3,
    0x19, 0x0, 0x46, 0x1, 0xff, 0xc1, 0xf0, 0xc,
    0xc2, 0x1, 0x38, 0x7, 0xff, 0x4, 0x80, 0x31,
    0x80, 0x67, 0x0, 0xff, 0xe3, 0x88, 0x4, 0x20,
    0x1f, 0xfc, 0x12, 0x0, 0xc6, 0xa0, 0x11, 0x8,
    0x7, 0xff, 0x3, 0x0, 0x33, 0x98, 0x6, 0x90,
    0xf, 0xf8, 0x94, 0x2, 0x12, 0xa0, 0xc, 0xec,
    0x1, 0xfc, 0x7e, 0x1, 0x9c, 0x9, 0x0, 0x34,
    0xff, 0x30, 0x6, 0xee, 0x61, 0x0, 0x6b, 0x0,
    0x50, 0x80, 0x70, 0x80, 0x70, 0x88, 0x3, 0xa0,
    0x80, 0x3, 0xa2, 0x1, 0xff, 0xc4, 0x67, 0x0,
    0xc7, 0xea, 0x1, 0xff, 0xc1, 0x2a, 0x90, 0xf,
    0xd, 0x75, 0x44, 0xc, 0x3, 0x4c, 0x4e, 0x6a,
    0x80, 0x7f, 0xa, 0xbb, 0x94, 0x3, 0x33, 0xb1,
    0x80, 0x7f, 0xfa, 0x80,

    /* U+0425 "Х" */
    0x2f, 0xfe, 0x90, 0xf, 0xeb, 0xff, 0xdc, 0x25,
    0x0, 0x19, 0x8c, 0x3, 0xe5, 0x40, 0xd, 0x62,
    0xe, 0x60, 0x1b, 0xc0, 0x3e, 0xb0, 0xc, 0xaa,
    0x0, 0xb8, 0x3, 0x1b, 0x80, 0x74, 0x88, 0x6,
    0xb0, 0xc, 0x4e, 0x1, 0xa0, 0x40, 0x23, 0x60,
    0xd, 0x22, 0x1, 0xd0, 0x40, 0x1a, 0x80, 0x2f,
    0x0, 0xc8, 0xc0, 0x1f, 0x70, 0x6, 0x45, 0x6,
    0x30, 0xd, 0x20, 0x1f, 0x8d, 0x80, 0x35, 0x94,
    0x80, 0x68, 0x20, 0xf, 0xe9, 0x10, 0x8, 0x70,
    0x3, 0x1b, 0x80, 0x7f, 0xd4, 0x1, 0x84, 0x3,
    0x70, 0x7, 0xff, 0x1, 0x14, 0x3, 0xe7, 0x20,
    0xf, 0xfe, 0xd, 0x88, 0x7, 0x14, 0x0, 0x7f,
    0xf0, 0x85, 0xc0, 0x3a, 0x80, 0x3f, 0xf8, 0x66,
    0xc0, 0x1d, 0x2, 0x1, 0xff, 0xc2, 0xe0, 0xf,
    0xa8, 0x3, 0xff, 0x82, 0xe4, 0x1, 0xf2, 0x28,
    0x7, 0xfc, 0x50, 0x1, 0x8c, 0x3, 0x58, 0x80,
    0x7f, 0xb8, 0x3, 0x26, 0x10, 0x4, 0x36, 0x1,
    0xfc, 0xc6, 0x1, 0xa4, 0x38, 0x3, 0x2a, 0x0,
    0x7c, 0x52, 0x1, 0x9c, 0x80, 0xd8, 0x3, 0x50,
    0x7, 0xd2, 0x1, 0x8a, 0x0, 0x28, 0x10, 0x8,
    0x64, 0x3, 0x99, 0x0, 0x34, 0x80, 0x61, 0xb0,
    0xc, 0xc6, 0x1, 0xc, 0x80, 0x66, 0x40, 0xe,
    0x54, 0x0, 0xdc, 0x1, 0x58, 0x6, 0x18, 0x0,
    0xfa, 0x40, 0x31, 0x40, 0x2a, 0x80, 0x35, 0x88,
    0x7, 0xc5, 0x0, 0x19, 0xcc,

    /* U+0426 "Ц" */
    0xaf, 0xfc, 0x1, 0xff, 0x22, 0x63, 0x0, 0xff,
    0xe3, 0xcd, 0xdd, 0xe0, 0x1f, 0xff, 0xf0, 0xf,
    0xff, 0xf8, 0x7, 0xff, 0xfc, 0x3, 0xff, 0xfe,
    0x1, 0xff, 0xff, 0x0, 0xff, 0xfa, 0x88, 0xff,
    0xc0, 0x1c, 0x22, 0x0, 0xf7, 0x77, 0xfc, 0x40,
    0x11, 0xf7, 0x20, 0x3, 0xff, 0xf9, 0x5f, 0xff,
    0xfc, 0x5e, 0x0, 0xff, 0xff, 0x80, 0x7f, 0xf2,
    0x7, 0xbb, 0x40,

    /* U+0427 "Ч" */
    0xaf, 0xfc, 0x20, 0x1f, 0xaf, 0xff, 0x0, 0x7f,
    0xff, 0xc0, 0x3f, 0xfb, 0x66, 0x1, 0x8c, 0x3,
    0xff, 0x8c, 0x20, 0x1f, 0xfc, 0x1e, 0x0, 0xca,
    0x1, 0xff, 0xc1, 0x30, 0xd, 0xa0, 0x1f, 0xfc,
    0x15, 0x0, 0xc8, 0xe0, 0x1e, 0x64, 0x0, 0xc2,
    0x80, 0x1a, 0x32, 0x19, 0x93, 0xb2, 0x1, 0xe8,
    0x0, 0xe3, 0x79, 0x93, 0x10, 0x7, 0xc6, 0xe0,
    0x1f, 0xfc, 0x68, 0x70, 0xf, 0xfe, 0x34, 0x6b,
    0x98, 0x4, 0x29, 0x1a, 0x80, 0x1f, 0x8a, 0x33,
    0xfe, 0xeb, 0x72, 0x0, 0xff, 0xff, 0x80, 0x7f,
    0xfc, 0xc0,

    /* U+0428 "Ш" */
    0xaf, 0xfc, 0x1, 0xf7, 0xfe, 0xa0, 0xf, 0x2f,
    0xfe, 0x40, 0xf, 0xff, 0xf8, 0x7, 0xff, 0xfc,
    0x3, 0xff, 0xfe, 0x1, 0xff, 0xff, 0x0, 0xff,
    0xff, 0x80, 0x7f, 0xff, 0xc0, 0x3f, 0xff, 0xe0,
    0x1f, 0xfd, 0x35, 0x5f, 0x80, 0x33, 0x2a, 0xfb,
    0x0, 0x3f, 0xd5, 0x5f, 0x0, 0x63, 0xaa, 0xf3,
    0x0, 0x7f, 0xff, 0xc0, 0x3f, 0xf8, 0xa0,

    /* U+0429 "Щ" */
    0xaf, 0xfc, 0x1, 0xf7, 0xfe, 0xa0, 0xf, 0x2f,
    0xfe, 0x40, 0xf, 0xff, 0xf8, 0x7, 0xff, 0xfc,
    0x3, 0xff, 0xfe, 0x1, 0xff, 0xff, 0x0, 0xff,
    0xff, 0x80, 0x7f, 0xff, 0xc0, 0x3f, 0xff, 0xe0,
    0x1f, 0xff, 0xf0, 0xf, 0xfe, 0x20, 0x8f, 0xc0,
    0x1c, 0x23, 0xe3, 0x0, 0xc2, 0x30, 0x7, 0xbb,
    0xbe, 0x0, 0xcb, 0xdd, 0xe9, 0x0, 0xd5, 0xdc,
    0x0, 0xff, 0xff, 0x80, 0x7f, 0xf2, 0xab, 0xff,
    0xff, 0x9a, 0xc0, 0x1f, 0xff, 0xf0, 0xf, 0xfe,
    0x70,

    /* U+042A "Ъ" */
    0xff, 0xfc, 0x1, 0xff, 0xf1, 0x66, 0x88, 0x3,
    0xff, 0x8f, 0x33, 0x20, 0x7, 0xff, 0xfc, 0x3,
    0xff, 0x92, 0xab, 0xf2, 0x8, 0x7, 0xff, 0xa,
    0xab, 0xeb, 0xec, 0x50, 0xf, 0xfe, 0x49, 0xd5,
    0x0, 0x3f, 0xf9, 0x4b, 0x0, 0x1f, 0xfc, 0xa7,
    0x20, 0xf, 0xef, 0xff, 0x75, 0x8, 0x6, 0xb0,
    0xf, 0xfe, 0x18, 0xae, 0x0, 0x64, 0x0, 0xff,
    0xe2, 0x91, 0x80, 0x44, 0x1, 0xff, 0xc6, 0x50,
    0xc, 0x20, 0x1f, 0xfd, 0xc4, 0x0, 0xc2, 0x1,
    0xff, 0xc4, 0x62, 0x0, 0x8c, 0x3, 0xf9, 0x57,
    0xcd, 0x52, 0x1, 0xac, 0x3, 0xfa, 0xab, 0xd2,
    0xa0, 0x1c, 0xc0, 0x1f, 0xfc, 0x9a, 0x10, 0xf,
    0xfe, 0x45, 0x28, 0x7, 0xff, 0x18, 0xe3, 0x94,
    0x2,

    /* U+042B "Ы" */
    0xaf, 0xfc, 0x1, 0xff, 0xc4, 0x8f, 0xfc, 0x40,
    0x1f, 0xff, 0xf0, 0xf, 0xff, 0xf8, 0x7, 0xff,
    0x81, 0x57, 0xc8, 0x81, 0x0, 0xff, 0xe3, 0x55,
    0x7a, 0xed, 0xd8, 0x80, 0x1f, 0xfc, 0xd3, 0xb9,
    0x0, 0xff, 0xe7, 0x34, 0x0, 0x7f, 0xf3, 0x9c,
    0x80, 0x3f, 0xf8, 0x3f, 0xfe, 0xea, 0x10, 0xd,
    0x40, 0x1f, 0xfc, 0x71, 0x5d, 0x0, 0xc8, 0x1,
    0xff, 0xc9, 0x33, 0x0, 0x46, 0x1, 0xff, 0xca,
    0x60, 0xf, 0xff, 0x4a, 0x0, 0x42, 0x1, 0xff,
    0xc9, 0x61, 0x0, 0x94, 0x3, 0xff, 0x82, 0xab,
    0xe6, 0xa9, 0x0, 0xda, 0x1, 0xff, 0xc1, 0xaa,
    0xf4, 0xa8, 0x6, 0x16, 0x0, 0xff, 0xe6, 0xd0,
    0x7, 0xff, 0x30, 0x6d, 0x0, 0x3f, 0xf9, 0x47,
    0x1e, 0x80, 0x1f, 0xe0,

    /* U+042C "Ь" */
    0xaf, 0xfc, 0x1, 0xff, 0xff, 0x0, 0xff, 0xff,
    0x80, 0x7f, 0x95, 0x7c, 0x88, 0x10, 0xf, 0xfa,
    0xab, 0xd7, 0x6e, 0xc4, 0x0, 0xff, 0xe3, 0x1d,
    0xc8, 0x7, 0xff, 0x1d, 0xa0, 0x3, 0xff, 0x8e,
    0xe4, 0x1, 0xef, 0xff, 0x75, 0x8, 0x6, 0xa0,
    0xf, 0xfe, 0x0, 0xae, 0x80, 0x64, 0x0, 0xff,
    0xe1, 0x19, 0x80, 0x23, 0x0, 0xff, 0xe1, 0xb0,
    0x7, 0xff, 0x6d, 0x0, 0x21, 0x0, 0xff, 0xe1,
    0x30, 0x80, 0x4a, 0x1, 0xe5, 0x5f, 0x35, 0x48,
    0x6, 0xd0, 0xf, 0x55, 0x7a, 0x54, 0x3, 0xb,
    0x0, 0x7f, 0xf1, 0xa8, 0x3, 0xff, 0x8a, 0x36,
    0x80, 0x1f, 0xfc, 0x33, 0x8f, 0x40, 0x8,

    /* U+042D "Э" */
    0x0, 0xfc, 0x8c, 0xee, 0x64, 0x10, 0xf, 0xfe,
    0xa, 0x5f, 0xdc, 0xc4, 0x26, 0xfa, 0xd0, 0x3,
    0xf8, 0x6e, 0xc8, 0x1, 0xf9, 0x2e, 0x84, 0x3,
    0xc3, 0x88, 0x1, 0xff, 0xc0, 0x5c, 0x10, 0xe,
    0xd2, 0x0, 0xf0, 0x88, 0x3, 0xc5, 0xa0, 0x1a,
    0xc, 0x3, 0x1d, 0xff, 0x75, 0x22, 0x1, 0x8e,
    0x0, 0x2, 0xe0, 0x19, 0xb1, 0x0, 0x21, 0x6f,
    0x30, 0xc, 0xe4, 0xc, 0x1, 0x8e, 0x40, 0x3e,
    0x1d, 0x10, 0xd, 0x41, 0x60, 0x1b, 0xc0, 0x3f,
    0x86, 0xc0, 0x33, 0x4, 0xba, 0x91, 0x98, 0x3,
    0xfc, 0xa2, 0x1, 0x9, 0xac, 0x56, 0xe0, 0x7,
    0xff, 0x1, 0xc0, 0x32, 0x80, 0x7f, 0x2a, 0xfe,
    0x30, 0xd, 0xc0, 0x1f, 0xd5, 0x5f, 0x94, 0x3,
    0x8, 0x7, 0xff, 0xe0, 0x40, 0x3f, 0xbf, 0xff,
    0x38, 0x6, 0xd0, 0xc, 0x40, 0x1f, 0xfc, 0x4,
    0x0, 0xce, 0x6f, 0x7f, 0xa2, 0x1, 0xfe, 0x23,
    0x0, 0x88, 0x95, 0x8, 0x0, 0xb0, 0xf, 0xf4,
    0x80, 0x6a, 0xb, 0x0, 0xcb, 0x0, 0x1f, 0xa5,
    0x0, 0x33, 0x1, 0x28, 0x6, 0x7c, 0x40, 0x8,
    0x57, 0x58, 0x3, 0x40, 0x80, 0x2c, 0x40, 0x31,
    0xdf, 0xf7, 0x54, 0x40, 0x19, 0x1c, 0x2, 0x1d,
    0x10, 0xf, 0x8, 0x80, 0x3c, 0x76, 0x1, 0xc7,
    0x86, 0x1, 0xff, 0xc0, 0x6c, 0x0, 0xf8, 0xb2,
    0x8c, 0x3, 0xf2, 0x64, 0x80, 0x7f, 0x97, 0x3a,
    0xe6, 0x21, 0x37, 0xf6, 0x60, 0x1e,

    /* U+042E "Ю" */
    0x0, 0xff, 0xe2, 0x1b, 0x3b, 0x98, 0xc0, 0x3f,
    0x57, 0xfe, 0x0, 0xfc, 0x31, 0xd9, 0x31, 0x9,
    0xce, 0x81, 0x0, 0xff, 0xe2, 0xa7, 0xb8, 0x80,
    0x78, 0x5f, 0xd0, 0x3, 0xff, 0x86, 0x96, 0x20,
    0x1f, 0xe1, 0xb4, 0x0, 0xff, 0xe0, 0x8d, 0x0,
    0x78, 0x44, 0x1, 0xeb, 0x20, 0xf, 0xfe, 0x5,
    0x88, 0x6, 0x7e, 0xec, 0xe0, 0x1d, 0x0, 0x1f,
    0xf1, 0x28, 0x6, 0xa8, 0x10, 0x0, 0xc5, 0x0,
    0x65, 0x20, 0xf, 0xf5, 0x0, 0x65, 0x50, 0x7,
    0x95, 0x40, 0x1a, 0xc0, 0x3f, 0xca, 0x1, 0xa4,
    0x3, 0xf4, 0x80, 0x67, 0x0, 0xfe, 0x12, 0x0,
    0x84, 0xc0, 0x3f, 0x18, 0x80, 0x42, 0x20, 0xf,
    0xc4, 0x1, 0x90, 0x3, 0xfc, 0x80, 0x19, 0x40,
    0x3a, 0xaa, 0xf0, 0xc, 0x40, 0x1f, 0xe2, 0x0,
    0xc4, 0x1, 0xca, 0xb1, 0x80, 0x6f, 0x0, 0xff,
    0x70, 0x6, 0x10, 0xf, 0xff, 0xef, 0x80, 0x7f,
    0xb8, 0x3, 0x8, 0x7, 0x7f, 0xd8, 0x1, 0x88,
    0x3, 0xfc, 0x40, 0x18, 0x80, 0x3f, 0x10, 0x6,
    0x40, 0xf, 0xf2, 0x0, 0x65, 0x0, 0xfc, 0x24,
    0x1, 0x9, 0x80, 0x7e, 0x31, 0x0, 0x84, 0x40,
    0x1f, 0xca, 0x1, 0xa4, 0x3, 0xf4, 0x80, 0x67,
    0x0, 0xff, 0x50, 0x6, 0x55, 0x0, 0x79, 0x54,
    0x1, 0xac, 0x3, 0xfc, 0x4a, 0x1, 0xaa, 0x4,
    0x0, 0x31, 0x40, 0x19, 0x48, 0x3, 0xfe, 0xb1,
    0x0, 0xcf, 0xdd, 0x9c, 0x3, 0xa0, 0x3, 0xff,
    0x80, 0x34, 0x1, 0xe1, 0x10, 0x7, 0xac, 0x80,
    0x3f, 0xf8, 0x29, 0x62, 0x1, 0xfe, 0x1b, 0x40,
    0xf, 0xfe, 0x1a, 0x7b, 0x88, 0x7, 0x85, 0xfd,
    0x0, 0x35, 0x7f, 0xe0, 0xf, 0xc3, 0x1d, 0x93,
    0x10, 0x9c, 0xe8, 0x10, 0xe,

    /* U+042F "Я" */
    0x0, 0xc5, 0x19, 0xff, 0xff, 0xc0, 0x60, 0x9,
    0xf5, 0xcc, 0x3, 0xff, 0x87, 0x10, 0x0, 0xff,
    0xe2, 0x9b, 0x80, 0x7f, 0xf1, 0xa4, 0x3, 0x9a,
    0xab, 0xd0, 0x1, 0xe5, 0x0, 0xd9, 0x2a, 0xbe,
    0x40, 0xe, 0x20, 0xc, 0xa6, 0x1, 0xff, 0xc1,
    0x60, 0xd, 0x80, 0x1f, 0xfd, 0x67, 0x0, 0xdc,
    0x1, 0xff, 0xc2, 0x20, 0xc, 0xc0, 0x1f, 0xfc,
    0x21, 0x30, 0x8, 0x71, 0x0, 0x3f, 0xf8, 0x32,
    0x1, 0x8e, 0xff, 0xfd, 0x80, 0x1e, 0x53, 0x0,
    0xff, 0xe3, 0xe9, 0x0, 0x7f, 0xf1, 0x87, 0x58,
    0x3, 0xff, 0x8e, 0x60, 0x19, 0x6e, 0xf4, 0x0,
    0x7e, 0x25, 0x0, 0xd6, 0x89, 0xc0, 0x1f, 0xac,
    0x3, 0x28, 0x80, 0x7f, 0xf0, 0x5, 0x80, 0x34,
    0x0, 0x7f, 0xf0, 0x64, 0x3, 0x21, 0x0, 0x7f,
    0xf0, 0x5c, 0x3, 0x40, 0x7, 0xff, 0x5, 0xc0,
    0x31, 0x98, 0x3, 0xff, 0x83, 0x20, 0x1a, 0x0,
    0x3f, 0xf8, 0x2c, 0x20, 0x11, 0x20, 0x7, 0xff,
    0x4,

    /* U+0430 "а" */
    0x0, 0xf2, 0x33, 0xb9, 0x8c, 0x3, 0xf0, 0xcf,
    0xdc, 0xc4, 0x27, 0x3e, 0x44, 0x3, 0x17, 0xb0,
    0x7, 0xe6, 0xf2, 0x0, 0xb0, 0x40, 0x3f, 0xc3,
    0xe0, 0x8, 0x10, 0xe, 0x33, 0x0, 0x71, 0x28,
    0x18, 0x6, 0xaf, 0xcc, 0x7b, 0x0, 0x6f, 0xb,
    0xe9, 0x4a, 0x50, 0xd, 0x22, 0x1, 0x8, 0x0,
    0x5a, 0xd4, 0x9, 0x1e, 0x70, 0x40, 0x27, 0x0,
    0xcd, 0x5d, 0xb7, 0xc, 0x60, 0x1f, 0x37, 0x4a,
    0x88, 0x7, 0xfc, 0xf2, 0x20, 0x1f, 0x10, 0x7,
    0x14, 0x0, 0x72, 0xce, 0x7e, 0x90, 0x6, 0x50,
    0xc, 0xdf, 0x4c, 0x60, 0x2, 0x0, 0xdc, 0x1,
    0xa4, 0x3, 0x94, 0x3, 0xff, 0x86, 0x76, 0x1,
    0xdc, 0x1, 0xb1, 0x9, 0x27, 0x4, 0x3, 0x98,
    0x3, 0x1d, 0xed, 0xb0, 0x7, 0xc3, 0x20, 0x1f,
    0xc5, 0x20, 0x1c, 0xd4, 0x20, 0x1e, 0x6c, 0x20,
    0xf, 0x2f, 0x5c, 0xc4, 0x2f, 0xa4, 0x53, 0xfe,
    0xc0,

    /* U+0431 "б" */
    0x0, 0xff, 0xe1, 0x98, 0x80, 0x7f, 0x85, 0x1e,
    0x73, 0xbf, 0x14, 0x3, 0xf3, 0x67, 0x5c, 0x31,
    0x88, 0x0, 0x80, 0x3c, 0x7b, 0x26, 0x1, 0xf8,
    0x40, 0x39, 0x30, 0x80, 0x3f, 0xde, 0x1, 0x8e,
    0xc0, 0x38, 0xda, 0x2b, 0x37, 0xe0, 0x3, 0x70,
    0x6, 0x7e, 0xc9, 0x75, 0x32, 0x0, 0xe6, 0x20,
    0xa, 0xa0, 0x40, 0x3f, 0xea, 0x0, 0x95, 0x40,
    0x4a, 0xca, 0x20, 0x1f, 0x18, 0x5, 0x2b, 0xba,
    0xa9, 0xae, 0xc3, 0x0, 0xc6, 0x1, 0xd, 0xd1,
    0x0, 0x71, 0xe3, 0x0, 0x4a, 0x1, 0xb, 0x80,
    0x7f, 0x4a, 0x80, 0x4, 0x3, 0xff, 0x87, 0x60,
    0xe, 0x0, 0xe1, 0xae, 0xfd, 0x60, 0xc, 0x2e,
    0x6, 0x1, 0xda, 0xa2, 0x5, 0x2e, 0x1, 0xac,
    0x3, 0xca, 0x60, 0x1d, 0x0, 0x18, 0xc0, 0xc0,
    0x36, 0x80, 0x7c, 0x60, 0x18, 0x44, 0x1, 0x88,
    0x3, 0xe7, 0x0, 0xc7, 0xc0, 0x18, 0xc0, 0x3e,
    0x70, 0xc, 0x6a, 0x1, 0xbc, 0x3, 0xe3, 0x0,
    0xc2, 0x62, 0x1, 0x30, 0x80, 0x73, 0x80, 0x64,
    0x0, 0x30, 0x6, 0xc3, 0x0, 0x9a, 0x0, 0x37,
    0x0, 0x24, 0x3, 0x16, 0x76, 0xfc, 0x80, 0x63,
    0x50, 0x0, 0xd0, 0x7, 0x9, 0x0, 0x70, 0xf0,
    0x6, 0x58, 0x0, 0xff, 0x16, 0x10, 0x7, 0x3e,
    0x18, 0x7, 0x85, 0xf4, 0x80, 0x3e, 0x3c, 0xd9,
    0x88, 0x4e, 0x74, 0x0, 0x70,

    /* U+0432 "в" */
    0xaf, 0xff, 0xee, 0xc7, 0x0, 0xff, 0xe1, 0x9,
    0xc6, 0x90, 0x7, 0xff, 0xc, 0xbc, 0x3, 0xe6,
    0x6c, 0x60, 0x18, 0x8c, 0x3, 0xd3, 0x3b, 0x18,
    0x3, 0x30, 0x7, 0xfd, 0xc0, 0x18, 0x40, 0x3f,
    0xc7, 0x40, 0x19, 0x40, 0x3d, 0xff, 0xb0, 0x80,
    0x2a, 0x10, 0xf, 0xfe, 0x14, 0x28, 0x7, 0xff,
    0xe, 0x34, 0x80, 0x3c, 0xab, 0xc6, 0x1, 0x17,
    0x0, 0x7a, 0xab, 0xb1, 0x0, 0x23, 0x20, 0xf,
    0xfb, 0x0, 0x33, 0x0, 0x7f, 0xd8, 0x1, 0x9c,
    0x3, 0xa2, 0x3b, 0x10, 0x3, 0x18, 0x7, 0x3b,
    0xf1, 0x80, 0x66, 0x0, 0xff, 0xe1, 0xa4, 0x80,
    0x7f, 0xf0, 0x5, 0x2a, 0xc0, 0x0,

    /* U+0433 "г" */
    0xaf, 0xff, 0xfe, 0x5, 0x0, 0x7f, 0xf8, 0xea,
    0xbf, 0x48, 0x7, 0x2a, 0xfe, 0x30, 0xf, 0xff,
    0xf8, 0x7, 0xff, 0xfc, 0x3, 0xff, 0x8c,

    /* U+0434 "д" */
    0x0, 0x8b, 0xff, 0xff, 0x84, 0x1, 0xc2, 0x1,
    0xff, 0xc7, 0x70, 0xf, 0xfe, 0x38, 0x80, 0x66,
    0x6e, 0x20, 0xf, 0xe3, 0x0, 0x8a, 0x67, 0x90,
    0x3, 0xf8, 0x40, 0x21, 0x0, 0xff, 0xe1, 0xf8,
    0x4, 0xc0, 0x1f, 0xfc, 0x32, 0x0, 0x8c, 0x3,
    0xff, 0x86, 0xc0, 0x10, 0x80, 0x7f, 0xf0, 0xc8,
    0x2, 0xe0, 0xf, 0xfe, 0x18, 0x80, 0x46, 0x1,
    0xff, 0xc2, 0x30, 0xc, 0xc0, 0x1f, 0xfc, 0x24,
    0x0, 0xc6, 0x1, 0xff, 0xc1, 0x19, 0x0, 0x98,
    0x3, 0xff, 0x83, 0x5e, 0x20, 0x11, 0xcc, 0xf9,
    0x0, 0x34, 0xc2, 0x88, 0x6, 0x56, 0x6f, 0x10,
    0x6, 0x66, 0x0, 0x7f, 0xf8, 0x27, 0xff, 0xfd,
    0x0, 0x1f, 0xff, 0x4e, 0xec, 0xc0, 0x1f, 0xe7,
    0xee, 0xbc,

    /* U+0435 "е" */
    0x0, 0xf9, 0x19, 0xdc, 0xa2, 0x1, 0xfe, 0x1a,
    0xfb, 0x98, 0x85, 0x76, 0x18, 0x7, 0xcb, 0xca,
    0x1, 0xf1, 0xe3, 0x80, 0x72, 0xd0, 0x7, 0xfd,
    0xc, 0x1, 0xd, 0x0, 0x72, 0x33, 0x8, 0x3,
    0x48, 0x80, 0x2c, 0x3, 0x27, 0x5c, 0xcb, 0x60,
    0x3, 0x48, 0xa, 0x80, 0x43, 0x42, 0x1, 0x9c,
    0xc0, 0x26, 0x4, 0x0, 0xc4, 0xce, 0xfe, 0x0,
    0xc2, 0x2d, 0x0, 0xc7, 0x11, 0xf1, 0x80, 0x65,
    0x10, 0xf, 0xfe, 0x31, 0x80, 0x7f, 0xf1, 0x8c,
    0x3, 0x4f, 0xff, 0xff, 0x1, 0x3c, 0x3, 0x60,
    0x7, 0xc2, 0x1, 0xce, 0x1, 0x94, 0x80, 0x38,
    0x7f, 0xa5, 0x0, 0x2, 0x80, 0x1b, 0x14, 0x2,
    0x3c, 0x11, 0x35, 0xe8, 0x2, 0x40, 0x30, 0xd7,
    0xef, 0x61, 0x0, 0x6b, 0x0, 0x15, 0x0, 0x78,
    0x84, 0x3, 0x95, 0x80, 0x25, 0xb1, 0x0, 0xff,
    0x35, 0x0, 0x72, 0x7b, 0x0, 0x7c, 0x77, 0x20,
    0x1f, 0xc, 0xfd, 0xcc, 0x42, 0xb7, 0x10, 0x3,
    0x0,

    /* U+0436 "ж" */
    0xd, 0xff, 0xc4, 0x1, 0xab, 0xfe, 0x70, 0xc,
    0xbf, 0xfa, 0xc0, 0x1c, 0x1, 0xb8, 0x3, 0xff,
    0x80, 0x36, 0x1, 0xd, 0x0, 0xd, 0x80, 0x23,
    0x60, 0xf, 0xfa, 0x4, 0x2, 0xb1, 0x0, 0xa4,
    0x80, 0x29, 0x10, 0xf, 0xe4, 0x60, 0x9, 0x14,
    0x3, 0xb8, 0x3, 0x50, 0x7, 0xf4, 0x80, 0x6a,
    0x0, 0xf1, 0xb0, 0x4, 0x8a, 0x1, 0xf4, 0x10,
    0x5, 0x22, 0x1, 0xf4, 0x88, 0x5, 0x62, 0x1,
    0xc6, 0xe0, 0x12, 0x30, 0x7, 0xf5, 0x0, 0x43,
    0x0, 0x1d, 0xe0, 0x1a, 0x80, 0x3f, 0xc8, 0xc0,
    0x13, 0x38, 0x5, 0x46, 0x1, 0x48, 0x80, 0x7f,
    0xf6, 0x55, 0x80, 0x26, 0x70, 0xa, 0x8c, 0x2,
    0x92, 0x0, 0xfe, 0x1b, 0x0, 0x86, 0x40, 0x3b,
    0x80, 0x37, 0x80, 0x7f, 0x50, 0x80, 0x54, 0x1,
    0xe2, 0x80, 0x8, 0xa0, 0x3, 0xe7, 0x40, 0x9,
    0x50, 0x3, 0xe7, 0x20, 0x9, 0xd0, 0x3, 0x8e,
    0x0, 0x21, 0xb0, 0xf, 0xee, 0x0, 0xd4, 0x20,
    0x1b, 0x80, 0x35, 0x88, 0x7, 0xf1, 0xb8, 0x4,
    0x36, 0x1, 0x49, 0x0, 0x4a, 0xa0, 0xf, 0xfa,
    0x8, 0x2, 0x56, 0x4, 0x60, 0x8, 0x6c, 0x3,
    0xff, 0x83, 0xc0, 0x1a, 0x48,

    /* U+0437 "з" */
    0x0, 0xf1, 0xb3, 0xb9, 0x88, 0x3, 0xf9, 0xfb,
    0x26, 0x21, 0x3b, 0xa5, 0x0, 0xe5, 0xe8, 0x10,
    0xf, 0x15, 0x48, 0x4, 0x74, 0x20, 0x1f, 0xe6,
    0x50, 0x1, 0xc0, 0x6, 0x12, 0x20, 0x7, 0x70,
    0x4, 0xee, 0x17, 0xde, 0xdd, 0x60, 0x6, 0x60,
    0xd, 0x1d, 0x4, 0x1, 0x10, 0x6, 0x10, 0xf,
    0x92, 0xa9, 0x7e, 0x1, 0x90, 0x3, 0xe2, 0x55,
    0x20, 0x80, 0x43, 0x20, 0x1f, 0xfc, 0x31, 0x30,
    0xf, 0xfe, 0x27, 0x80, 0x7c, 0xdf, 0xf6, 0xa0,
    0x4, 0x46, 0x1, 0xfe, 0x2f, 0x0, 0xca, 0x1,
    0x46, 0x90, 0x7, 0x8, 0x6, 0x10, 0x2c, 0x72,
    0xd6, 0x0, 0x8e, 0xc0, 0x31, 0xe, 0x98, 0x5,
    0x3f, 0xbd, 0x82, 0x1, 0x90, 0x60, 0x3, 0xc4,
    0x20, 0x1c, 0xe2, 0xf, 0x20, 0x1f, 0xf2, 0xc0,
    0x4, 0xdc, 0xc0, 0x1f, 0x15, 0x50, 0x3, 0x86,
    0x7f, 0x26, 0x21, 0x5b, 0xa5, 0x0, 0x80,

    /* U+0438 "и" */
    0xaf, 0xfb, 0x0, 0x3e, 0x4f, 0xfa, 0xc0, 0x3f,
    0xe2, 0xb0, 0xf, 0xfe, 0x1f, 0x80, 0x7f, 0xf0,
    0xe8, 0x80, 0x3f, 0xf8, 0x4c, 0xa0, 0x1f, 0xfc,
    0x23, 0x90, 0xf, 0xfe, 0x10, 0xe8, 0x7, 0xff,
    0xf, 0x44, 0x0, 0x46, 0x1, 0xfe, 0x93, 0x0,
    0xb9, 0xc0, 0x3f, 0x95, 0x80, 0x29, 0x30, 0xf,
    0xe2, 0xa0, 0x9, 0x58, 0x3, 0xfc, 0x20, 0x11,
    0x50, 0x7, 0xff, 0xf, 0x80, 0x3f, 0xf8, 0x72,
    0x60, 0x1f, 0xfc, 0x25, 0x60, 0xf, 0xfe, 0x11,
    0x50, 0x7, 0xff, 0xf, 0xc0, 0x3f, 0xf8, 0x72,
    0x40, 0x1f, 0xf0,

    /* U+0439 "й" */
    0x0, 0x8f, 0xfe, 0x60, 0x0, 0xff, 0xd0, 0x1,
    0xc4, 0x1, 0x59, 0x5, 0x80, 0x5a, 0x1, 0xc2,
    0xa0, 0x2, 0xdf, 0x50, 0x0, 0xa8, 0x7, 0xa0,
    0x40, 0x3e, 0xb0, 0xf, 0x8b, 0x8, 0x3, 0xa9,
    0x40, 0x3f, 0x16, 0xd3, 0xb4, 0xf2, 0x80, 0x7f,
    0xcb, 0x12, 0xc2, 0x1, 0xff, 0xca, 0xaf, 0xfb,
    0x0, 0x3e, 0x4f, 0xfa, 0xc0, 0x3f, 0xe2, 0xb0,
    0xf, 0xfe, 0x1f, 0x80, 0x7f, 0xf0, 0xe8, 0x80,
    0x3f, 0xf8, 0x4c, 0xa0, 0x1f, 0xfc, 0x23, 0x90,
    0xf, 0xfe, 0x10, 0xe8, 0x7, 0xff, 0xf, 0x44,
    0x0, 0x46, 0x1, 0xfe, 0x93, 0x0, 0xb9, 0xc0,
    0x3f, 0x95, 0x80, 0x29, 0x30, 0xf, 0xe2, 0xa0,
    0x9, 0x58, 0x3, 0xfc, 0x20, 0x11, 0x50, 0x7,
    0xff, 0xf, 0x80, 0x3f, 0xf8, 0x72, 0x60, 0x1f,
    0xfc, 0x25, 0x60, 0xf, 0xfe, 0x11, 0x50, 0x7,
    0xff, 0xf, 0xc0, 0x3f, 0xf8, 0x72, 0x40, 0x1f,
    0xf0,

    /* U+043A "к" */
    0xaf, 0xfc, 0x20, 0x18, 0xbf, 0xfa, 0x80, 0x3f,
    0xee, 0x0, 0xc5, 0x40, 0x1f, 0xe7, 0x30, 0xd,
    0xc0, 0x1f, 0xe3, 0x80, 0xd, 0x26, 0x1, 0xfe,
    0xe0, 0xc, 0xac, 0x1, 0xfe, 0xa2, 0x0, 0x86,
    0xc0, 0x3f, 0xca, 0xa0, 0xd, 0xa2, 0x1, 0xfc,
    0x54, 0x1, 0xa0, 0xc0, 0x3f, 0xdc, 0x1, 0x91,
    0xc0, 0x3f, 0xf8, 0x8e, 0x1, 0xff, 0xc0, 0xe1,
    0x0, 0x8e, 0x0, 0x3f, 0xe2, 0xb0, 0xc, 0xea,
    0x1, 0xff, 0x2b, 0x0, 0x6a, 0x20, 0xf, 0xfa,
    0x48, 0x3, 0x78, 0x80, 0x7f, 0xde, 0x1, 0x8a,
    0x80, 0x3f, 0xe2, 0x90, 0xc, 0x8e, 0x1, 0xff,
    0x32, 0x80, 0x68, 0x40, 0xf, 0xfa, 0x88, 0x3,
    0x51, 0x0,

    /* U+043B "л" */
    0x0, 0xcd, 0xff, 0xff, 0xc1, 0x80, 0xc, 0x20,
    0x1f, 0xfc, 0x6f, 0x0, 0xff, 0xe3, 0x8, 0x7,
    0xff, 0x18, 0xc0, 0x23, 0xaa, 0xd2, 0x1, 0xfc,
    0x20, 0x12, 0xaf, 0x38, 0x7, 0xf3, 0x80, 0x42,
    0x1, 0xff, 0xc2, 0x20, 0xb, 0x80, 0x3f, 0xf8,
    0x42, 0x1, 0x18, 0x7, 0xff, 0x4, 0x40, 0x33,
    0x0, 0x7f, 0xf0, 0x54, 0x3, 0x10, 0x7, 0xff,
    0x4, 0x80, 0x30, 0x80, 0x7f, 0xf0, 0x70, 0x2,
    0x20, 0xf, 0xfe, 0x8, 0xa8, 0x4, 0xe0, 0x1f,
    0xf1, 0xd7, 0x80, 0x6c, 0x0, 0xff, 0x99, 0x44,
    0x3, 0x38, 0x7, 0xff, 0x15, 0xc4, 0x3, 0xff,
    0x88, 0xd0, 0x1, 0xff, 0xc0, 0x5d, 0xbb, 0x74,
    0x80, 0x7c, 0x3f, 0xfa, 0x0,

    /* U+043C "м" */
    0xaf, 0xf9, 0x40, 0x3f, 0xe6, 0xff, 0xa4, 0x3,
    0x58, 0x7, 0xfd, 0x0, 0x1f, 0x85, 0xc0, 0x3f,
    0x9c, 0x40, 0x3f, 0xa0, 0x40, 0x3e, 0x18, 0x0,
    0xff, 0xa0, 0x3, 0xe8, 0x0, 0xff, 0xe0, 0x31,
    0x0, 0x71, 0x30, 0x7, 0xff, 0x6, 0x0, 0x3a,
    0x0, 0x3f, 0xf8, 0x4a, 0x60, 0x11, 0xa8, 0x7,
    0xff, 0xe, 0x0, 0x2f, 0x0, 0xff, 0xe0, 0x10,
    0x80, 0x11, 0x0, 0xa6, 0x0, 0x12, 0x0, 0xfc,
    0x30, 0x1, 0x48, 0x40, 0x5, 0x0, 0x1f, 0xe6,
    0x20, 0x1, 0x61, 0x0, 0x9, 0x80, 0x3f, 0xe8,
    0x0, 0x8c, 0x2, 0x90, 0xf, 0xfe, 0x2, 0x98,
    0x7, 0x1a, 0x0, 0x7f, 0xf0, 0x60, 0x3, 0xbc,
    0x3, 0xff, 0x84, 0x88, 0x0, 0x94, 0xc0, 0x3f,
    0xf8, 0x72, 0x1, 0x40, 0x7, 0xff, 0x10, 0x98,
    0x18, 0x80, 0x3f, 0x0,

    /* U+043D "н" */
    0xaf, 0xfc, 0x1, 0xf3, 0xff, 0xe2, 0x0, 0xff,
    0xff, 0x80, 0x7f, 0xf2, 0x15, 0x7e, 0xd0, 0xf,
    0xf5, 0x57, 0xca, 0x1, 0xff, 0xf4, 0xff, 0xfa,
    0x0, 0x3f, 0xff, 0xe0, 0x1f, 0xfd, 0xa0,

    /* U+043E "о" */
    0x0, 0xf9, 0x19, 0xdc, 0xa2, 0x1, 0xfe, 0x1a,
    0xfb, 0x98, 0x85, 0x76, 0x20, 0x7, 0xcb, 0xca,
    0x1, 0xf1, 0xdc, 0x80, 0x72, 0xd0, 0x7, 0xfc,
    0xd4, 0x1, 0x15, 0x0, 0x78, 0x44, 0x1, 0xca,
    0xc0, 0x8, 0x0, 0xc3, 0x5f, 0xdc, 0xc3, 0x0,
    0xd0, 0x2, 0xa0, 0x1b, 0x54, 0x2, 0x3c, 0x20,
    0x8, 0x59, 0x0, 0x32, 0x98, 0x7, 0xa0, 0x3,
    0x66, 0x80, 0x6c, 0x0, 0xf9, 0x0, 0x33, 0x90,
    0x6, 0x20, 0xf, 0x84, 0x3, 0x10, 0x7, 0xff,
    0x1c, 0x80, 0x31, 0x0, 0x7c, 0x20, 0x18, 0xb4,
    0x3, 0x60, 0x7, 0xce, 0x1, 0x9d, 0x0, 0x32,
    0x98, 0x7, 0xac, 0x3, 0x60, 0xa8, 0x6, 0xd5,
    0x0, 0x8b, 0x8, 0x3, 0x30, 0x40, 0x6, 0x1a,
    0xfd, 0xed, 0x30, 0xd, 0x20, 0x2, 0xa0, 0xf,
    0x10, 0x80, 0x72, 0xb0, 0x4, 0xb4, 0x1, 0xff,
    0x35, 0x0, 0x72, 0xea, 0x80, 0x7c, 0x77, 0x20,
    0x1f, 0x15, 0x7d, 0xc4, 0x55, 0xd8, 0x80, 0x18,

    /* U+043F "п" */
    0xaf, 0xff, 0xfe, 0x1d, 0x80, 0x7f, 0xfb, 0x2a,
    0xbe, 0x10, 0xf, 0xe5, 0x5f, 0x80, 0x3f, 0xff,
    0xe0, 0x1f, 0xff, 0xf0, 0xf, 0xff, 0x78,

    /* U+0440 "р" */
    0x0, 0xf0, 0xab, 0xb9, 0x8c, 0x3, 0xd5, 0xff,
    0x45, 0x75, 0x44, 0x27, 0x39, 0x80, 0x3f, 0x3a,
    0x80, 0x78, 0x66, 0xc0, 0x3f, 0xf8, 0xa9, 0x60,
    0x1f, 0xc8, 0xa6, 0x1, 0xc8, 0xc0, 0x1e, 0x2d,
    0xba, 0xce, 0x30, 0xd, 0x0, 0x1e, 0xf2, 0x0,
    0x87, 0x44, 0x2, 0x15, 0x0, 0xc8, 0x40, 0x1c,
    0x32, 0x1, 0xb0, 0x3, 0x18, 0x7, 0xc8, 0x1,
    0x94, 0x3, 0xff, 0x80, 0x40, 0x18, 0x40, 0x3f,
    0xfa, 0x44, 0x1, 0x84, 0x3, 0x20, 0x7, 0xc8,
    0x1, 0x94, 0x3, 0x19, 0x0, 0x7a, 0x80, 0x36,
    0x0, 0x77, 0x90, 0x4, 0x36, 0x40, 0x10, 0xa8,
    0x7, 0x16, 0xe5, 0x5f, 0x20, 0x6, 0x80, 0xf,
    0xc6, 0xa8, 0x1, 0xc8, 0xc0, 0x1f, 0xfc, 0x34,
    0xb0, 0xf, 0x94, 0x3, 0xc3, 0x16, 0x1, 0xfa,
    0xba, 0xa2, 0x13, 0x7c, 0xe0, 0x1f, 0xe1, 0x57,
    0x73, 0x20, 0x7, 0xff, 0xfc, 0x3, 0xff, 0xb6,

    /* U+0441 "с" */
    0x0, 0xf0, 0xab, 0xbc, 0xa2, 0x1, 0xfc, 0x55,
    0xd5, 0x11, 0x57, 0x59, 0x80, 0x79, 0xb5, 0x40,
    0x3e, 0x4c, 0x60, 0xc, 0xd2, 0x1, 0xff, 0x4b,
    0x0, 0xa, 0x40, 0x3c, 0x20, 0x1e, 0x91, 0x9,
    0x0, 0xc3, 0x7f, 0xdf, 0x0, 0x1c, 0xc2, 0x80,
    0x1b, 0x50, 0x2, 0x78, 0x0, 0x87, 0xd0, 0x3,
    0x29, 0x80, 0x73, 0xac, 0xef, 0x46, 0x80, 0x6c,
    0x0, 0xfa, 0x98, 0x80, 0x4, 0x1, 0x88, 0x3,
    0xff, 0xa4, 0x40, 0x18, 0x80, 0x3f, 0xf8, 0x1c,
    0x1, 0xb0, 0x3, 0xe6, 0x30, 0x9, 0xc0, 0x32,
    0x98, 0x7, 0x2c, 0xe7, 0xe3, 0x8a, 0x0, 0x6d,
    0x40, 0x9, 0x68, 0x2, 0x30, 0x4, 0x80, 0x61,
    0xbe, 0xdf, 0xa0, 0xc, 0x2e, 0x5, 0x0, 0x1c,
    0x24, 0x1, 0xeb, 0x0, 0x9e, 0x0, 0x3f, 0xe9,
    0x50, 0xc, 0xf8, 0x80, 0x1f, 0x26, 0xb0, 0x7,
    0x8e, 0xfa, 0xa2, 0x2a, 0xeb, 0x20, 0x8,

    /* U+0442 "т" */
    0x2f, 0xff, 0xfe, 0x24, 0x0, 0x7f, 0xfa, 0x8b,
    0xbb, 0xb0, 0x3, 0x3f, 0x77, 0x40, 0x8, 0xf8,
    0x3, 0x78, 0x8f, 0x0, 0x7f, 0xff, 0xc0, 0x3f,
    0xff, 0xe0, 0x1f, 0xff, 0x70,

    /* U+0443 "у" */
    0x7f, 0xfc, 0xa0, 0x1f, 0x9f, 0xff, 0x13, 0x0,
    0x6e, 0x0, 0xfd, 0x40, 0x11, 0x90, 0xb0, 0x4,
    0x84, 0x1, 0xe3, 0x20, 0xa, 0x80, 0x14, 0x1,
    0xa8, 0x3, 0xd4, 0x1, 0x98, 0x0, 0x66, 0x0,
    0x98, 0x3, 0xcc, 0x1, 0x30, 0x6, 0xa0, 0x8,
    0x50, 0x3, 0x30, 0x6, 0xb0, 0xc, 0xc2, 0x1,
    0x78, 0x6, 0xa0, 0x8, 0xc8, 0x3, 0x98, 0x2,
    0x41, 0x0, 0x11, 0x80, 0x54, 0x1, 0xea, 0x0,
    0xcc, 0x0, 0xb0, 0xc, 0xc0, 0x1e, 0x24, 0x0,
    0xa8, 0x0, 0xe0, 0x13, 0x0, 0x7e, 0xf0, 0x8,
    0x91, 0x44, 0x2, 0xa0, 0xf, 0xc8, 0x20, 0x17,
    0x70, 0x2, 0x33, 0x0, 0x7f, 0x48, 0x4, 0xa8,
    0x1, 0x50, 0x7, 0xf9, 0x80, 0x3f, 0x30, 0x7,
    0xf8, 0x54, 0x3, 0xcc, 0x1, 0xff, 0xc0, 0x90,
    0xf, 0x50, 0x7, 0xff, 0x0, 0xc8, 0x3, 0x19,
    0x80, 0x3f, 0xf8, 0x36, 0x1, 0xa8, 0x3, 0xff,
    0x85, 0xc0, 0x19, 0x80, 0x3f, 0xf8, 0x4a, 0x1,
    0x30, 0x7, 0xff, 0x8, 0xc8, 0x2, 0xa0, 0xf,
    0xfe, 0x15, 0x0, 0x46, 0x60, 0xf, 0xfe, 0x13,
    0x0, 0x54, 0x1, 0xff, 0xc2, 0x50, 0xc, 0xc0,
    0x1f, 0xfc, 0x2e, 0x0, 0x98, 0x3, 0xff, 0x84,
    0x28, 0x1, 0x50, 0x7, 0xf8,

    /* U+0444 "ф" */
    0x0, 0xff, 0x7f, 0xe0, 0xf, 0xff, 0xf8, 0x7,
    0xff, 0x60, 0x5a, 0x26, 0x40, 0x1a, 0x26, 0x18,
    0x40, 0x3f, 0xa7, 0xa5, 0xd9, 0x80, 0x19, 0xd9,
    0xe7, 0xa4, 0x3, 0xc3, 0xac, 0x1, 0xff, 0xc2,
    0x6d, 0x10, 0xd, 0xa4, 0x1, 0xff, 0xc4, 0x2d,
    0x0, 0x98, 0xc0, 0x31, 0x32, 0x80, 0x65, 0x62,
    0x0, 0xc6, 0xc0, 0x8, 0x0, 0xd1, 0xb3, 0x40,
    0x1a, 0xa7, 0x60, 0x3, 0x58, 0x18, 0x80, 0x48,
    0xe0, 0x1f, 0xe7, 0x40, 0x8, 0x88, 0xa0, 0x1b,
    0x80, 0x3f, 0xf8, 0x1c, 0x1, 0x93, 0x80, 0x33,
    0x80, 0x7f, 0xf0, 0x1c, 0x3, 0x71, 0x0, 0x63,
    0x0, 0xff, 0xe0, 0x18, 0x6, 0x10, 0xe, 0x10,
    0xf, 0xfe, 0x31, 0x80, 0x62, 0x0, 0xff, 0xe0,
    0x18, 0x6, 0x1e, 0x0, 0xce, 0x1, 0xff, 0xc0,
    0x70, 0xd, 0xc8, 0x1, 0xb8, 0x3, 0xff, 0x81,
    0xc0, 0x19, 0x4c, 0x40, 0x24, 0x60, 0xf, 0xf3,
    0x20, 0x4, 0x26, 0x12, 0x1, 0xa6, 0xde, 0x0,
    0x33, 0xba, 0xe4, 0x3, 0x48, 0x1, 0xc8, 0x3,
    0x24, 0x38, 0x6, 0x88, 0x20, 0x6, 0x27, 0x0,
    0xbc, 0x40, 0x3f, 0xf8, 0x83, 0xe0, 0x18, 0xbd,
    0x0, 0x3f, 0xf8, 0x49, 0xe4, 0x1, 0xc3, 0x78,
    0xea, 0x8a, 0x1, 0x95, 0x15, 0xf2, 0xc4, 0x3,
    0xf1, 0xc5, 0x5d, 0x0, 0x6a, 0xba, 0x83, 0x0,
    0xff, 0xff, 0x80, 0x7f, 0xff, 0x80,

    /* U+0445 "х" */
    0x3f, 0xfe, 0x40, 0xe, 0x2f, 0xfe, 0x43, 0x80,
    0xd, 0x42, 0x1, 0xb8, 0x3, 0x3a, 0x3, 0xa0,
    0x4, 0x36, 0x1, 0x41, 0x80, 0x47, 0x0, 0x15,
    0x8, 0x4, 0xaa, 0x3, 0x70, 0xd, 0xc0, 0x18,
    0x68, 0x3, 0x58, 0xf0, 0x6, 0x92, 0x0, 0xe4,
    0x70, 0x8, 0x7c, 0x80, 0x25, 0x60, 0xf, 0xa0,
    0xc0, 0x21, 0x0, 0x86, 0x80, 0x3f, 0xb8, 0x3,
    0xed, 0x0, 0xff, 0x14, 0x80, 0x73, 0x98, 0x7,
    0xfd, 0xc0, 0x1c, 0x40, 0x1f, 0xf2, 0x38, 0x7,
    0x2a, 0x80, 0x3f, 0x86, 0x80, 0x3e, 0xa2, 0x0,
    0xfd, 0x62, 0x1, 0x18, 0x6, 0xe0, 0xf, 0x99,
    0x40, 0x22, 0xc4, 0x0, 0x8e, 0x0, 0x38, 0xa4,
    0x3, 0x70, 0x50, 0x80, 0x4e, 0x80, 0x1b, 0xc0,
    0x33, 0x98, 0xd, 0x80, 0x6a, 0x10, 0x4, 0x90,
    0x4, 0x70, 0x1, 0x2a, 0x80, 0x21, 0xa0, 0x46,
    0x0, 0xdc, 0x1, 0xd6, 0x20, 0x12, 0x30,

    /* U+0446 "ц" */
    0xaf, 0xfc, 0x1, 0xf7, 0x7f, 0xd6, 0x1, 0xff,
    0xff, 0x0, 0xff, 0xff, 0x80, 0x7f, 0xff, 0xc0,
    0x3f, 0xfb, 0xa, 0xbf, 0x0, 0x66, 0x55, 0x84,
    0x3, 0xaa, 0xbe, 0x10, 0x8, 0xaa, 0xa2, 0x0,
    0xff, 0xf9, 0xd7, 0xff, 0xff, 0xa, 0x40, 0x3f,
    0xff, 0xe0, 0x1f, 0x9b, 0xbb, 0x18,

    /* U+0447 "ч" */
    0xaf, 0xfc, 0x1, 0xe1, 0xff, 0xd0, 0x1, 0xff,
    0xfd, 0x10, 0xf, 0xf8, 0xc0, 0x32, 0x80, 0x7f,
    0xdc, 0x1, 0xb4, 0x3, 0xfe, 0x30, 0xc, 0xd0,
    0x62, 0x6d, 0x80, 0x1c, 0x82, 0x1, 0x9f, 0x3b,
    0x24, 0x80, 0x3d, 0x0, 0x1f, 0xfc, 0x46, 0x80,
    0xf, 0xfe, 0x23, 0xe3, 0x10, 0x0, 0x4d, 0xec,
    0x3, 0xf1, 0xce, 0xff, 0xbb, 0x21, 0x40, 0x3f,
    0xff, 0xa0,

    /* U+0448 "ш" */
    0xaf, 0xfb, 0x0, 0x34, 0xff, 0xda, 0x1, 0xa7,
    0xfe, 0xd0, 0xf, 0xff, 0xf8, 0x7, 0xff, 0xfc,
    0x3, 0xff, 0xfe, 0x1, 0xff, 0xec, 0x11, 0xc6,
    0x1, 0x84, 0x70, 0x7, 0xf1, 0xf7, 0x65, 0x0,
    0x8b, 0xbb, 0x30, 0x7, 0xff, 0xf4,

    /* U+0449 "щ" */
    0xaf, 0xfb, 0x0, 0x34, 0xff, 0xda, 0x1, 0xa7,
    0xfe, 0xd0, 0xf, 0xff, 0xf8, 0x7, 0xff, 0xfc,
    0x3, 0xff, 0xfe, 0x1, 0xff, 0xff, 0x0, 0xf8,
    0x47, 0x18, 0x6, 0x11, 0xc0, 0x18, 0xc4, 0x3,
    0x8f, 0xbb, 0x28, 0x4, 0x5d, 0xd9, 0x80, 0x21,
    0xe5, 0x0, 0xff, 0xff, 0xd7, 0xff, 0xff, 0x1a,
    0xc0, 0x3f, 0xff, 0xe0, 0x1f, 0xfc, 0xc4, 0xee,
    0xca,

    /* U+044A "ъ" */
    0x5f, 0xff, 0x80, 0x3f, 0xfd, 0xc, 0xd1, 0x0,
    0x7f, 0xf1, 0xe, 0x64, 0x80, 0x1f, 0xfc, 0xc9,
    0x9e, 0x86, 0x10, 0xf, 0xfe, 0x3, 0x37, 0x3c,
    0xf5, 0x8, 0x7, 0xff, 0x19, 0x7c, 0x40, 0x3f,
    0xf8, 0xc3, 0x60, 0x1f, 0xdf, 0xfb, 0x9c, 0x3,
    0x28, 0x80, 0x7f, 0xf0, 0x6, 0x18, 0x3, 0x20,
    0x7, 0xff, 0xb, 0x0, 0x31, 0x80, 0x7f, 0xf0,
    0x8c, 0x3, 0x18, 0x7, 0xff, 0x4, 0x6c, 0x3,
    0x30, 0x7, 0xe9, 0x9d, 0x5e, 0x40, 0x10, 0x98,
    0x7, 0xe6, 0x6c, 0xa2, 0x1, 0xac, 0x3, 0xff,
    0x8d, 0x2a, 0x1, 0xff, 0xc3, 0x27, 0xe6, 0x0,
    0x0,

    /* U+044B "ы" */
    0xaf, 0xfc, 0x1, 0xff, 0xf, 0xfe, 0x80, 0xf,
    0xff, 0xf8, 0x7, 0xff, 0x1a, 0x66, 0x88, 0x28,
    0x7, 0xff, 0x11, 0x9a, 0x77, 0x57, 0xb8, 0x7,
    0xff, 0x26, 0x28, 0x3, 0xff, 0x92, 0xaa, 0x0,
    0xff, 0xe0, 0x7f, 0xd8, 0x80, 0x1b, 0x80, 0x3f,
    0xf8, 0x67, 0x62, 0x1, 0x20, 0x7, 0xff, 0x15,
    0x0, 0x3f, 0xf9, 0x2c, 0x1, 0xff, 0xc8, 0x43,
    0x0, 0x88, 0x3, 0xff, 0x81, 0x33, 0x5d, 0x80,
    0x32, 0x80, 0x7f, 0xf0, 0x19, 0xa4, 0x0, 0xc3,
    0x20, 0x1f, 0xfc, 0x72, 0xc1, 0x0, 0xff, 0xe2,
    0xa4, 0xe9, 0x0, 0x7e,

    /* U+044C "ь" */
    0xaf, 0xfc, 0x1, 0xff, 0xff, 0x0, 0xff, 0x4c,
    0xf4, 0x30, 0x80, 0x7f, 0x33, 0x73, 0xcf, 0x50,
    0x80, 0x7f, 0xf0, 0xd7, 0x4, 0x3, 0xff, 0x86,
    0x56, 0x1, 0xef, 0xfd, 0xce, 0x1, 0x94, 0x3,
    0xfc, 0x30, 0xa0, 0x19, 0x0, 0x3f, 0xef, 0x0,
    0xc2, 0x1, 0xff, 0x10, 0x7, 0xff, 0xc, 0x64,
    0x3, 0x38, 0x7, 0x4c, 0xea, 0xf1, 0x0, 0x88,
    0x80, 0x1c, 0xcd, 0x94, 0x40, 0x34, 0x80, 0x7f,
    0xf0, 0xe9, 0x0, 0x3f, 0xf8, 0x4, 0xfc, 0xa0,
    0x0,

    /* U+044D "э" */
    0x0, 0xe2, 0x57, 0x73, 0x20, 0x7, 0xf9, 0x33,
    0x6a, 0x21, 0x37, 0xf2, 0x20, 0x1e, 0x9b, 0x30,
    0xf, 0x9b, 0x90, 0x3, 0x4b, 0x0, 0x7f, 0xd6,
    0x80, 0x3, 0x60, 0xf, 0x8, 0x7, 0xa8, 0x42,
    0x40, 0x30, 0xd7, 0xf7, 0xd0, 0x80, 0x43, 0x20,
    0x46, 0x1, 0x6a, 0x80, 0x4b, 0xa0, 0x19, 0x82,
    0x33, 0xf2, 0x8c, 0x3, 0x8d, 0x0, 0x21, 0x30,
    0x8, 0xd4, 0x1, 0xff, 0xc8, 0x1, 0x94, 0x3,
    0xff, 0x8a, 0x20, 0x1f, 0xfc, 0xd7, 0x66, 0xc4,
    0x1, 0x84, 0x0, 0x2a, 0xe0, 0x8, 0x99, 0xc0,
    0x1c, 0xb3, 0xdc, 0xa8, 0x40, 0xe, 0x52, 0x0,
    0xc6, 0x2, 0x1, 0x52, 0x0, 0x4d, 0x40, 0x19,
    0x82, 0xc0, 0x30, 0xdf, 0x6f, 0xc8, 0x7, 0x40,
    0x14, 0x80, 0x70, 0x90, 0x7, 0xac, 0x40, 0xd,
    0x0, 0x1f, 0xf5, 0x20, 0x6, 0x7c, 0x40, 0xf,
    0x97, 0x54, 0x3, 0xc7, 0x7d, 0x51, 0x15, 0xf5,
    0x10, 0x6,

    /* U+044E "ю" */
    0x0, 0xff, 0xe1, 0x13, 0x3b, 0x98, 0xc0, 0x3e,
    0xaf, 0xfc, 0x1, 0xf3, 0x6e, 0xa6, 0x21, 0x39,
    0xce, 0x1, 0xff, 0xc4, 0xb9, 0x20, 0xf, 0xc,
    0x60, 0x80, 0x7f, 0xf0, 0x6d, 0x0, 0x3f, 0xc7,
    0x82, 0x1, 0xff, 0x32, 0x0, 0x70, 0x88, 0x3,
    0x8a, 0x80, 0x3f, 0xe8, 0x0, 0xd1, 0xfd, 0xd3,
    0x0, 0x64, 0x40, 0x7, 0xf2, 0x8, 0x5, 0xe,
    0x1, 0xc, 0xb0, 0x6, 0xf0, 0xf, 0x55, 0x50,
    0x1, 0xb, 0x80, 0x7a, 0x0, 0x32, 0x0, 0x79,
    0x56, 0x30, 0x9, 0x0, 0x3e, 0x13, 0x0, 0xc4,
    0x1, 0xff, 0xc0, 0x30, 0xf, 0xcc, 0x1, 0x84,
    0x3, 0xff, 0xb6, 0x40, 0x1f, 0x98, 0x3, 0x8,
    0x7, 0x7f, 0xd4, 0x1, 0x28, 0x7, 0xc2, 0x60,
    0x18, 0x80, 0x3f, 0x20, 0x4, 0x2e, 0x1, 0xe8,
    0x0, 0xc8, 0x1, 0xfc, 0x28, 0x1, 0x44, 0x0,
    0x21, 0x96, 0x0, 0xde, 0x1, 0xfe, 0x80, 0xc,
    0xff, 0xbd, 0xc6, 0x0, 0xc8, 0x80, 0xf, 0xf1,
    0xb8, 0x7, 0x10, 0x80, 0x71, 0x50, 0x7, 0xff,
    0x2, 0x1c, 0x3, 0xfc, 0x78, 0x20, 0x1f, 0xfc,
    0x18, 0xb3, 0x0, 0xf0, 0xce, 0x8, 0x5, 0x5f,
    0xf8, 0x3, 0xe4, 0xcd, 0x98, 0x84, 0xe7, 0x30,
    0x7, 0x0,

    /* U+044F "я" */
    0x0, 0x85, 0xf3, 0xbf, 0xff, 0xb4, 0x0, 0x9f,
    0x6, 0x20, 0x1f, 0xf1, 0xd8, 0x80, 0x7f, 0xf0,
    0xa0, 0x3, 0x95, 0x9b, 0x8, 0x7, 0x20, 0x6,
    0xda, 0x99, 0xc6, 0x1, 0x88, 0x3, 0x31, 0x0,
    0x7f, 0xf3, 0xc8, 0x3, 0x31, 0x80, 0x7f, 0xc6,
    0x1, 0xb2, 0xe6, 0x71, 0x80, 0x77, 0x80, 0x72,
    0x33, 0x61, 0x0, 0xe3, 0xb0, 0xf, 0xfe, 0x22,
    0x70, 0x80, 0x7f, 0xf0, 0xd0, 0x40, 0x29, 0xff,
    0x88, 0x3, 0xeb, 0x0, 0x89, 0x80, 0x3f, 0xd0,
    0x20, 0x17, 0x0, 0x7f, 0x89, 0xc0, 0x25, 0x30,
    0xf, 0xf4, 0x80, 0x6b, 0x0, 0xff, 0x2a, 0x0,
    0x50, 0x20, 0x1f, 0xe0,

    /* U+0450 "ѐ" */
    0x0, 0xe8, 0xaa, 0x30, 0x7, 0xff, 0xf, 0xd5,
    0x52, 0x1, 0xff, 0xc3, 0x60, 0x9, 0x80, 0x3f,
    0xf8, 0x42, 0xc0, 0xb, 0x0, 0xff, 0xe1, 0xd8,
    0x0, 0x90, 0x3, 0xff, 0x84, 0x48, 0x0, 0xf0,
    0xf, 0xfe, 0x1f, 0x0, 0x10, 0x80, 0x3f, 0xf8,
    0x4b, 0xff, 0x10, 0x7, 0xff, 0x55, 0x19, 0xdc,
    0xa2, 0x1, 0xfe, 0x1a, 0xfb, 0x98, 0x85, 0x76,
    0x18, 0x7, 0xcb, 0xca, 0x1, 0xf1, 0xe3, 0x80,
    0x72, 0xd0, 0x7, 0xfd, 0xc, 0x1, 0xd, 0x0,
    0x72, 0x33, 0x8, 0x3, 0x48, 0x80, 0x2c, 0x3,
    0x27, 0x5c, 0xcb, 0x60, 0x3, 0x48, 0xa, 0x80,
    0x43, 0x42, 0x1, 0x9c, 0xc0, 0x26, 0x4, 0x0,
    0xc4, 0xce, 0xfe, 0x0, 0xc2, 0x2d, 0x0, 0xc7,
    0x11, 0xf1, 0x80, 0x65, 0x10, 0xf, 0xfe, 0x31,
    0x80, 0x7f, 0xf1, 0x8c, 0x3, 0x4f, 0xff, 0xff,
    0x1, 0x3c, 0x3, 0x60, 0x7, 0xc2, 0x1, 0xce,
    0x1, 0x94, 0x80, 0x38, 0x7f, 0xa5, 0x0, 0x2,
    0x80, 0x1b, 0x14, 0x2, 0x3c, 0x11, 0x35, 0xe8,
    0x2, 0x40, 0x30, 0xd7, 0xef, 0x61, 0x0, 0x6b,
    0x0, 0x15, 0x0, 0x78, 0x84, 0x3, 0x95, 0x80,
    0x25, 0xb1, 0x0, 0xff, 0x35, 0x0, 0x72, 0x7b,
    0x0, 0x7c, 0x77, 0x20, 0x1f, 0xc, 0xfd, 0xcc,
    0x42, 0xb7, 0x10, 0x3, 0x0,

    /* U+0451 "ё" */
    0x0, 0xc2, 0x38, 0x2, 0x11, 0xc0, 0x1f, 0xbb,
    0xb0, 0x80, 0x37, 0xba, 0x40, 0xf, 0xff, 0xa7,
    0xfe, 0x10, 0x6, 0x7f, 0xc8, 0x1, 0xff, 0xd1,
    0x46, 0x77, 0x28, 0x80, 0x7f, 0x86, 0xbe, 0xe6,
    0x21, 0x5d, 0x86, 0x1, 0xf2, 0xf2, 0x80, 0x7c,
    0x78, 0xe0, 0x1c, 0xb4, 0x1, 0xff, 0x43, 0x0,
    0x43, 0x40, 0x1c, 0x8c, 0xc2, 0x0, 0xd2, 0x20,
    0xb, 0x0, 0xc9, 0xd7, 0x32, 0xd8, 0x0, 0xd2,
    0x2, 0xa0, 0x10, 0xd0, 0x80, 0x67, 0x30, 0x9,
    0x81, 0x0, 0x31, 0x33, 0xbf, 0x80, 0x30, 0x8b,
    0x40, 0x31, 0xc4, 0x7c, 0x60, 0x19, 0x44, 0x3,
    0xff, 0x8c, 0x60, 0x1f, 0xfc, 0x63, 0x0, 0xd3,
    0xff, 0xff, 0xc0, 0x4f, 0x0, 0xd8, 0x1, 0xf0,
    0x80, 0x73, 0x80, 0x65, 0x20, 0xe, 0x1f, 0xe9,
    0x40, 0x0, 0xa0, 0x6, 0xc5, 0x0, 0x8f, 0x4,
    0x4d, 0x7a, 0x0, 0x90, 0xc, 0x35, 0xfb, 0xd8,
    0x40, 0x1a, 0xc0, 0x5, 0x40, 0x1e, 0x21, 0x0,
    0xe5, 0x60, 0x9, 0x6c, 0x40, 0x3f, 0xcd, 0x40,
    0x1c, 0x9e, 0xc0, 0x1f, 0x1d, 0xc8, 0x7, 0xc3,
    0x3f, 0x73, 0x10, 0xad, 0xc4, 0x0, 0xc0,

    /* U+0452 "ђ" */
    0x0, 0x57, 0xfc, 0xe0, 0x1f, 0xfc, 0x13, 0x97,
    0x0, 0xae, 0x64, 0xe0, 0x1f, 0xe5, 0x62, 0x0,
    0x8d, 0x99, 0x40, 0x1f, 0xfe, 0x66, 0xf5, 0x0,
    0xa3, 0xfd, 0xa0, 0x1f, 0xfc, 0x71, 0x47, 0x73,
    0x20, 0x7, 0xff, 0x0, 0x67, 0xae, 0x21, 0x37,
    0xcc, 0x1, 0xfd, 0xde, 0xc0, 0x1e, 0x19, 0x90,
    0x7, 0xe6, 0x10, 0xf, 0xe6, 0x50, 0xf, 0xf8,
    0x44, 0x1, 0xe8, 0x0, 0xfe, 0x4d, 0xee, 0x69,
    0x80, 0x62, 0x20, 0x7, 0xc7, 0x64, 0x0, 0x2c,
    0x10, 0xc, 0x80, 0x1f, 0x48, 0x7, 0xa4, 0x3,
    0x70, 0x7, 0xce, 0x1, 0xe3, 0x0, 0xc2, 0x1,
    0xf1, 0x0, 0x79, 0x80, 0x3f, 0xf8, 0xe6, 0x1,
    0xff, 0xff, 0x0, 0xff, 0xff, 0x80, 0x7f, 0xf1,
    0x6b, 0xff, 0x0, 0x7f, 0xf8, 0xcc, 0x3, 0xff,
    0x8e, 0x80, 0x18, 0x40, 0x3f, 0xe1, 0x89, 0x90,
    0x6, 0xe0, 0xf, 0xf8, 0x9d, 0x80, 0x39, 0xc0,
    0x3f, 0xf8, 0xd2, 0x20, 0x1f, 0xf0, 0x90, 0x4,
    0x96, 0xc0, 0x1f, 0xfc, 0x2, 0xdf, 0xfa, 0xd0,
    0x0,

    /* U+0453 "ѓ" */
    0x0, 0xfa, 0x2a, 0x8c, 0x1, 0xfc, 0x4e, 0xaa,
    0x20, 0xf, 0xeb, 0x0, 0x12, 0x0, 0x7e, 0x16,
    0x0, 0x58, 0x7, 0xf3, 0x0, 0x4c, 0x1, 0xfd,
    0x40, 0x7, 0x0, 0xfe, 0x42, 0x0, 0x50, 0x7,
    0xf2, 0x7f, 0xc4, 0x1, 0xff, 0xd5, 0xaf, 0xff,
    0xfe, 0x5, 0x0, 0x7f, 0xf8, 0xea, 0xbf, 0x48,
    0x7, 0x2a, 0xfe, 0x30, 0xf, 0xff, 0xf8, 0x7,
    0xff, 0xfc, 0x3, 0xff, 0x8c,

    /* U+0454 "є" */
    0x0, 0xf0, 0xab, 0xbc, 0xa2, 0x1, 0xfc, 0x55,
    0xd5, 0x11, 0x57, 0x59, 0x80, 0x79, 0xb5, 0x40,
    0x3e, 0x4c, 0x70, 0xc, 0xd2, 0x1, 0xff, 0x43,
    0x0, 0xa, 0x40, 0x3c, 0x20, 0x1e, 0x91, 0x8,
    0x0, 0xc3, 0x7f, 0xdf, 0x20, 0x1d, 0x22, 0xa0,
    0x1b, 0x10, 0x2, 0x6a, 0x0, 0x93, 0x90, 0x3,
    0x31, 0x0, 0x72, 0xce, 0x7d, 0xb6, 0x80, 0x66,
    0xff, 0xda, 0x0, 0x63, 0x0, 0x88, 0x3, 0xff,
    0xae, 0x40, 0x18, 0xd9, 0xb5, 0x0, 0x7d, 0xc0,
    0x19, 0xe6, 0x73, 0x80, 0x1d, 0x4, 0x0, 0xe0,
    0x19, 0xc, 0x3, 0x9a, 0x2f, 0xb5, 0xc5, 0x0,
    0x36, 0xa8, 0x4, 0xb2, 0x1, 0x10, 0x84, 0x80,
    0x61, 0xaf, 0xdf, 0xa0, 0xc, 0x2c, 0x5, 0x0,
    0x1e, 0x20, 0xf, 0x50, 0x4, 0xf0, 0x1, 0xff,
    0x52, 0x0, 0x67, 0xc4, 0x0, 0xf9, 0x35, 0x40,
    0x3c, 0x77, 0xd5, 0x11, 0x57, 0x59, 0x0, 0x40,

    /* U+0455 "ѕ" */
    0x0, 0xe2, 0x57, 0x73, 0x20, 0x80, 0x7e, 0x5d,
    0xd5, 0x44, 0x26, 0xfa, 0x88, 0x3, 0xa2, 0x88,
    0x3, 0xe5, 0xd4, 0x0, 0x95, 0xc0, 0x3f, 0xeb,
    0x20, 0x4, 0x80, 0x62, 0x78, 0x40, 0xe, 0x80,
    0x1, 0x80, 0x49, 0xb0, 0xf7, 0x80, 0x19, 0x40,
    0x3f, 0xe3, 0x77, 0x56, 0xf8, 0x0, 0x80, 0x24,
    0xc7, 0x20, 0x4, 0x41, 0x48, 0x2, 0xb0, 0xc,
    0x71, 0xbd, 0x4a, 0x1, 0xe6, 0x80, 0xf, 0xa,
    0xd7, 0xc8, 0x80, 0x67, 0xd6, 0x10, 0xf, 0x9b,
    0xc8, 0x3, 0x14, 0xf6, 0x39, 0x80, 0x70, 0xf0,
    0x7, 0x8, 0x1c, 0x67, 0x48, 0x6, 0x31, 0x5a,
    0xce, 0xe2, 0x80, 0x42, 0xce, 0x1, 0x88, 0xd4,
    0xc4, 0x2c, 0x80, 0x31, 0x80, 0x61, 0x70, 0xc,
    0x3b, 0x71, 0xc, 0x40, 0x8, 0x48, 0x60, 0x3,
    0x91, 0xdc, 0x60, 0x1a, 0x40, 0xe, 0xe0, 0xf,
    0xf9, 0x5c, 0x2, 0x8b, 0x30, 0xf, 0x8a, 0x68,
    0x3, 0x93, 0x3a, 0xa2, 0x2a, 0xdd, 0x30, 0x4,

    /* U+0456 "і" */
    0x1, 0x1c, 0x9, 0xdd, 0x94, 0x3, 0xff, 0x8c,
    0x9f, 0xf9, 0x40, 0x3f, 0xf8, 0x9, 0xff, 0x94,
    0x3, 0xff, 0xfe, 0x1, 0xff, 0xcf,

    /* U+0457 "ї" */
    0x11, 0xc0, 0x18, 0x47, 0x47, 0x74, 0xe0, 0x6,
    0xee, 0xac, 0x3, 0xff, 0xb1, 0x3f, 0xf3, 0x80,
    0x1b, 0xfe, 0xa0, 0xf, 0xfe, 0x7a, 0x7f, 0xe5,
    0x0, 0xff, 0xff, 0x80, 0x7f, 0xff, 0xc0, 0x3f,
    0xfd, 0xa0,

    /* U+0458 "ј" */
    0x0, 0xc2, 0x3c, 0x1, 0xb7, 0xba, 0xc0, 0xf,
    0xfe, 0x9e, 0x7f, 0xda, 0x1, 0xff, 0xca, 0xcf,
    0xfb, 0x40, 0x3f, 0xff, 0xe0, 0x1f, 0xff, 0xf0,
    0xf, 0xfe, 0x20, 0x80, 0x7c, 0x24, 0x1, 0x85,
    0x5f, 0x0, 0x39, 0x2a, 0x8, 0x3, 0x30, 0x7,
    0xee, 0x0, 0xf9, 0x54, 0x1, 0xc7, 0x34, 0x0,

    /* U+0459 "љ" */
    0x0, 0xcd, 0xff, 0xff, 0xc0, 0xd0, 0xf, 0xfe,
    0x10, 0x80, 0x7f, 0xf3, 0xfc, 0x3, 0xff, 0x9e,
    0x20, 0x1f, 0xfc, 0xf3, 0x0, 0x8e, 0xab, 0x10,
    0x7, 0xff, 0x18, 0x40, 0x25, 0x5e, 0x10, 0x8,
    0xe6, 0x68, 0x74, 0x0, 0xfc, 0xe0, 0x10, 0x80,
    0x7e, 0x16, 0x69, 0xe2, 0xf9, 0x40, 0x3c, 0x40,
    0x17, 0x0, 0x7f, 0xf0, 0xc6, 0x9c, 0x3, 0x84,
    0x2, 0x30, 0xf, 0xfe, 0x2c, 0x18, 0x4, 0x40,
    0x19, 0x80, 0x3f, 0x17, 0xfd, 0x84, 0x1, 0xa4,
    0x2, 0x60, 0xc, 0x40, 0x1f, 0xfc, 0x3, 0xc0,
    0xc, 0xe0, 0x11, 0x80, 0x61, 0x0, 0xff, 0xe0,
    0x89, 0x80, 0x44, 0x1, 0x68, 0x4, 0x40, 0x1f,
    0xfc, 0x32, 0x0, 0x84, 0x0, 0x2a, 0x1, 0x38,
    0x7, 0xff, 0x9, 0xc4, 0x2, 0x54, 0xcf, 0x0,
    0xd8, 0x1, 0xfc, 0x53, 0x36, 0x40, 0x6, 0xd1,
    0x31, 0x0, 0xce, 0x1, 0xfe, 0x66, 0x8c, 0x3,
    0x13, 0x0, 0x79, 0xc4, 0x3, 0xff, 0x8a, 0x78,
    0x1, 0xe6, 0x80, 0xf, 0xfe, 0x18, 0xa5, 0x60,
    0x82, 0xe5, 0xdb, 0xa4, 0x3, 0xec, 0xff, 0xfd,
    0xd6, 0xa0, 0x10,

    /* U+045A "њ" */
    0xaf, 0xfc, 0x1, 0xcb, 0xff, 0x90, 0x3, 0xff,
    0xfe, 0x1, 0xff, 0xe0, 0x99, 0xee, 0x0, 0xdf,
    0x33, 0x43, 0x10, 0x7, 0xf3, 0x37, 0x20, 0x6,
    0x46, 0x69, 0xe7, 0x68, 0x40, 0x3f, 0xf9, 0x8b,
    0x82, 0x1, 0xff, 0xcc, 0x2b, 0x0, 0xf7, 0xff,
    0x50, 0x6, 0xbf, 0xf7, 0x38, 0x6, 0x51, 0x0,
    0xff, 0xe3, 0xc, 0x28, 0x6, 0x50, 0xf, 0xfe,
    0x47, 0x80, 0x61, 0x0, 0xff, 0xe4, 0x10, 0x7,
    0xff, 0x30, 0x64, 0x3, 0x38, 0x7, 0xff, 0xf,
    0xe6, 0x55, 0xc2, 0x1, 0x11, 0x0, 0x3f, 0xf8,
    0x68, 0xcc, 0x50, 0xe, 0x90, 0xf, 0xfe, 0x65,
    0x20, 0x7, 0xff, 0x24, 0xdf, 0x94, 0x0,

    /* U+045B "ћ" */
    0x0, 0x57, 0xfc, 0xe0, 0x1f, 0xfc, 0x13, 0x97,
    0x0, 0xae, 0x64, 0xe0, 0x1f, 0xe5, 0x62, 0x0,
    0x8d, 0x99, 0x40, 0x1f, 0xfe, 0x66, 0xf5, 0x0,
    0xa3, 0xfd, 0xa0, 0x1f, 0xfc, 0x71, 0x57, 0x73,
    0x20, 0x7, 0xff, 0x0, 0xaf, 0xaa, 0x21, 0x37,
    0xcc, 0x1, 0xfd, 0x9a, 0x80, 0x1e, 0x19, 0x90,
    0x7, 0xe4, 0x0, 0xff, 0x32, 0x80, 0x7f, 0xc2,
    0x20, 0xf, 0x40, 0x7, 0xf2, 0xef, 0x73, 0x4c,
    0x3, 0x11, 0x0, 0x3e, 0x4a, 0x20, 0x1, 0x60,
    0x80, 0x64, 0x0, 0xfb, 0x80, 0x3d, 0x20, 0x1b,
    0x80, 0x3e, 0x70, 0xf, 0x18, 0x6, 0x10, 0xf,
    0x88, 0x3, 0xcc, 0x1, 0xff, 0xc7, 0x30, 0xf,
    0xff, 0xf8, 0x7, 0xff, 0xfc, 0x3, 0xff, 0x86,

    /* U+045C "ќ" */
    0x0, 0xf8, 0x6a, 0xa3, 0x0, 0xff, 0xe0, 0xb2,
    0xa9, 0xc, 0x3, 0xff, 0x83, 0x20, 0x6, 0x0,
    0xff, 0xe0, 0xa8, 0x80, 0x24, 0x3, 0xff, 0x83,
    0x20, 0x5, 0x10, 0xf, 0xfe, 0x1, 0x98, 0x1,
    0x20, 0x1f, 0xfc, 0x1a, 0x0, 0x11, 0x80, 0x7f,
    0xf0, 0x67, 0xfd, 0xa0, 0x1f, 0xfe, 0x1a, 0xff,
    0xc2, 0x1, 0x8b, 0xff, 0xa8, 0x3, 0xfe, 0xe0,
    0xc, 0x54, 0x1, 0xfe, 0x73, 0x0, 0xdc, 0x1,
    0xfe, 0x38, 0x0, 0xd2, 0x60, 0x1f, 0xee, 0x0,
    0xca, 0xc0, 0x1f, 0xea, 0x20, 0x8, 0x6c, 0x3,
    0xfc, 0xaa, 0x0, 0xda, 0x20, 0x1f, 0xc5, 0x40,
    0x1a, 0xc, 0x3, 0xfd, 0xc0, 0x19, 0x1c, 0x3,
    0xff, 0x88, 0xe0, 0x1f, 0xfc, 0xe, 0x10, 0x8,
    0xe0, 0x3, 0xfe, 0x2b, 0x0, 0xce, 0xa0, 0x1f,
    0xf2, 0xb0, 0x6, 0xa2, 0x0, 0xff, 0xa4, 0x80,
    0x37, 0x88, 0x7, 0xfd, 0xe0, 0x18, 0xa8, 0x3,
    0xfe, 0x29, 0x0, 0xc8, 0xe0, 0x1f, 0xf3, 0x28,
    0x6, 0x84, 0x0, 0xff, 0xa8, 0x80, 0x35, 0x10,

    /* U+045D "ѝ" */
    0x0, 0xe3, 0xaa, 0x84, 0x3, 0xff, 0x80, 0x68,
    0xaa, 0x60, 0xf, 0xfe, 0xb, 0x0, 0x24, 0x3,
    0xff, 0x83, 0x40, 0x1, 0x50, 0xf, 0xfe, 0x1,
    0x20, 0x3, 0x80, 0x3f, 0xf8, 0x3e, 0x0, 0x42,
    0x0, 0xff, 0xe0, 0x21, 0x0, 0x2c, 0x3, 0xff,
    0x83, 0xbf, 0xe9, 0x0, 0xff, 0xed, 0xd7, 0xfd,
    0x80, 0x1f, 0x27, 0xfd, 0x60, 0x1f, 0xf1, 0x58,
    0x7, 0xff, 0xf, 0xc0, 0x3f, 0xf8, 0x74, 0x40,
    0x1f, 0xfc, 0x26, 0x50, 0xf, 0xfe, 0x11, 0xc8,
    0x7, 0xff, 0x8, 0x74, 0x3, 0xff, 0x87, 0xa2,
    0x0, 0x23, 0x0, 0xff, 0x49, 0x80, 0x5c, 0xe0,
    0x1f, 0xca, 0xc0, 0x14, 0x98, 0x7, 0xf1, 0x50,
    0x4, 0xac, 0x1, 0xfe, 0x10, 0x8, 0xa8, 0x3,
    0xff, 0x87, 0xc0, 0x1f, 0xfc, 0x39, 0x30, 0xf,
    0xfe, 0x12, 0xb0, 0x7, 0xff, 0x8, 0xa8, 0x3,
    0xff, 0x87, 0xe0, 0x1f, 0xfc, 0x39, 0x20, 0xf,
    0xf8,

    /* U+045E "ў" */
    0x0, 0xcd, 0xff, 0x20, 0x1, 0x7f, 0xe5, 0x0,
    0xfc, 0x80, 0x15, 0xd5, 0x40, 0x12, 0x0, 0x7e,
    0x24, 0x0, 0x95, 0x40, 0x12, 0x88, 0x7, 0xf5,
    0x18, 0x7, 0x8e, 0x80, 0x3f, 0xc3, 0x90, 0x60,
    0x3, 0x9c, 0x0, 0xff, 0xe0, 0xbe, 0x7f, 0xb1,
    0x80, 0x3f, 0xfc, 0x6f, 0xff, 0x94, 0x3, 0xf3,
    0xff, 0xe2, 0x60, 0xd, 0xc0, 0x1f, 0xa8, 0x2,
    0x32, 0x16, 0x0, 0x90, 0x80, 0x3c, 0x64, 0x1,
    0x50, 0x2, 0x80, 0x35, 0x0, 0x7a, 0x80, 0x33,
    0x0, 0xc, 0xc0, 0x13, 0x0, 0x79, 0x80, 0x26,
    0x0, 0xd4, 0x1, 0xa, 0x0, 0x66, 0x0, 0xd6,
    0x1, 0x98, 0x40, 0x2f, 0x0, 0xd4, 0x1, 0x19,
    0x0, 0x73, 0x0, 0x48, 0x20, 0x2, 0x30, 0xa,
    0x80, 0x3d, 0x40, 0x19, 0x80, 0x16, 0x1, 0x98,
    0x3, 0xc4, 0x80, 0x15, 0x0, 0x1c, 0x2, 0x60,
    0xf, 0xde, 0x1, 0x12, 0x28, 0x80, 0x54, 0x1,
    0xf9, 0x4, 0x2, 0xee, 0x0, 0x46, 0x60, 0xf,
    0xe9, 0x0, 0x95, 0x0, 0x2a, 0x0, 0xff, 0x30,
    0x7, 0xe6, 0x0, 0xff, 0xa, 0x80, 0x79, 0x80,
    0x3f, 0xf8, 0x12, 0x1, 0xea, 0x0, 0xff, 0xe0,
    0x19, 0x0, 0x63, 0x30, 0x7, 0xff, 0x6, 0xc0,
    0x35, 0x0, 0x7f, 0xf0, 0xb8, 0x3, 0x30, 0x7,
    0xff, 0x9, 0x40, 0x26, 0x0, 0xff, 0xe1, 0x19,
    0x0, 0x54, 0x1, 0xff, 0xc2, 0xa0, 0x8, 0xcc,
    0x1, 0xff, 0xc2, 0x60, 0xa, 0x80, 0x3f, 0xf8,
    0x4a, 0x1, 0x98, 0x3, 0xff, 0x85, 0xc0, 0x13,
    0x0, 0x7f, 0xf0, 0x85, 0x0, 0x2a, 0x0, 0xff,
    0x0,

    /* U+045F "џ" */
    0xaf, 0xfc, 0x1, 0xf7, 0x7f, 0xd6, 0x1, 0xff,
    0xff, 0x0, 0xff, 0xff, 0x80, 0x7f, 0xfb, 0xd5,
    0x7e, 0x0, 0xff, 0x55, 0x7c, 0x20, 0x1f, 0xfe,
    0xba, 0xff, 0xe6, 0x0, 0xdd, 0xff, 0xac, 0x3,
    0xff, 0xce,

    /* U+0490 "Ґ" */
    0x0, 0xff, 0xe0, 0x77, 0xfd, 0x60, 0x1f, 0xfe,
    0x7a, 0xff, 0xff, 0x84, 0x3, 0xff, 0xe1, 0x55,
    0xff, 0x40, 0x7, 0x2a, 0xff, 0xc6, 0x1, 0xff,
    0xff, 0x0, 0xff, 0xff, 0x80, 0x7f, 0xff, 0xc0,
    0x3f, 0xff, 0xe0, 0x1f, 0xfc, 0xb0,

    /* U+0491 "ґ" */
    0x0, 0xfe, 0x78, 0x89, 0x40, 0x3f, 0xa1, 0xde,
    0xf0, 0xf, 0xfe, 0xf5, 0x7f, 0xfe, 0x0, 0xff,
    0xf4, 0x55, 0x7e, 0x90, 0xe, 0x55, 0xfc, 0x60,
    0x1f, 0xff, 0xf0, 0xf, 0xff, 0xf8, 0x7, 0xff,
    0x18,

    /* U+04AE "Ү" */
    0xbf, 0xfd, 0x60, 0x1f, 0xc9, 0xff, 0xc5, 0x20,
    0x19, 0x10, 0x1, 0xfa, 0x40, 0x33, 0x11, 0x18,
    0x3, 0x48, 0x7, 0xcc, 0x40, 0x10, 0xc0, 0x2,
    0x0, 0x31, 0x30, 0x7, 0xa0, 0x3, 0x48, 0x80,
    0x6, 0x0, 0x34, 0x0, 0x74, 0x8, 0x4, 0x4e,
    0x1, 0x9c, 0x80, 0x21, 0x80, 0x8, 0x5c, 0x3,
    0x40, 0x7, 0xa0, 0x3, 0x38, 0x80, 0x2c, 0x3,
    0x1a, 0x80, 0x79, 0x4c, 0x3, 0x58, 0x1a, 0x80,
    0x6f, 0x0, 0xfd, 0xe0, 0x19, 0x4f, 0xc0, 0x32,
    0x98, 0x7, 0xe3, 0x50, 0xd, 0xa6, 0x1, 0xac,
    0x3, 0xfd, 0x60, 0x18, 0x40, 0x33, 0x88, 0x7,
    0xf8, 0x5c, 0x3, 0xe1, 0x80, 0xf, 0xfe, 0x4,
    0x8, 0x7, 0xa0, 0x3, 0xff, 0x85, 0x0, 0x1c,
    0x6c, 0x1, 0xff, 0xc2, 0x62, 0x0, 0xd0, 0x1,
    0xff, 0xc4, 0x70, 0xc, 0xa0, 0x1f, 0xff, 0xf0,
    0xf, 0xff, 0xf8, 0x7, 0xff, 0xb0,

    /* U+04AF "ү" */
    0x2f, 0xfc, 0xe0, 0x1f, 0x17, 0xfe, 0x72, 0x30,
    0xa, 0x80, 0x3e, 0xa0, 0xc, 0xc1, 0x40, 0x11,
    0x10, 0x3, 0xca, 0x1, 0x20, 0x83, 0x80, 0x6a,
    0x0, 0xe2, 0x20, 0x5, 0xc0, 0x1, 0x50, 0x9,
    0x40, 0x3a, 0x80, 0x32, 0x80, 0x5e, 0x1, 0x11,
    0x0, 0x32, 0x80, 0x4a, 0x1, 0x94, 0x40, 0x2a,
    0x0, 0x8c, 0x80, 0x2e, 0x0, 0xe7, 0x0, 0x94,
    0x2, 0xb0, 0x8, 0x50, 0x3, 0xa8, 0x2, 0x23,
    0x0, 0x30, 0x4, 0xc0, 0x1e, 0x32, 0x0, 0xac,
    0xc, 0x40, 0x2a, 0x0, 0xf9, 0x40, 0x26, 0xa,
    0x0, 0x88, 0x80, 0x1f, 0x50, 0x4, 0x28, 0xe0,
    0x15, 0x0, 0x7e, 0x23, 0x0, 0xa4, 0x40, 0x26,
    0x0, 0xfe, 0xa0, 0x8, 0x80, 0x24, 0x10, 0xf,
    0xe7, 0x0, 0xfb, 0x40, 0x3f, 0xc2, 0x80, 0x1e,
    0x60, 0xf, 0xfb, 0x80, 0x39, 0x40, 0x3f, 0xf8,
    0xa, 0x1, 0xdc, 0x1, 0xff, 0xc1, 0x50, 0xc,
    0x80, 0x1f, 0xff, 0xf0, 0xf, 0xfe, 0xaf, 0xbb,
    0xd0, 0x1, 0xf0,

    /* U+04BA "Һ" */
    0xaf, 0xfc, 0x1, 0xff, 0xff, 0x0, 0xff, 0xff,
    0x80, 0x5, 0xab, 0x7f, 0xed, 0xa4, 0x0, 0xfe,
    0xf9, 0x52, 0x0, 0x89, 0x6e, 0xc2, 0x1, 0xf0,
    0x80, 0x7f, 0x26, 0x0, 0x7f, 0xf1, 0x8a, 0x40,
    0x3f, 0x2c, 0x4c, 0x28, 0x7, 0x30, 0x80, 0x73,
    0x7d, 0x3b, 0x3d, 0x60, 0x80, 0x67, 0x0, 0xe9,
    0x0, 0xf1, 0xc0, 0x6, 0xf0, 0xf, 0xfe, 0xb,
    0x80, 0x65, 0x0, 0xff, 0xe0, 0x88, 0x80, 0x22,
    0x0, 0xff, 0xe1, 0x10, 0x7, 0xff, 0x28, 0x40,
    0x3f, 0xff, 0xe0, 0x1f, 0xfd, 0xb0,

    /* U+04BB "һ" */
    0xaf, 0xfc, 0x1, 0xff, 0xfc, 0x11, 0x0, 0x7f,
    0xcb, 0x5d, 0xfd, 0xcf, 0xa3, 0x0, 0xfd, 0x4a,
    0x20, 0x19, 0x72, 0x0, 0x3f, 0xf8, 0x8e, 0xc0,
    0x1f, 0xfc, 0x48, 0x0, 0xf1, 0xdf, 0x7f, 0x40,
    0x6, 0x13, 0x0, 0xec, 0x41, 0x1, 0x76, 0x0,
    0xca, 0x1, 0xff, 0x68, 0x6, 0xe0, 0xf, 0xf9,
    0x80, 0x3f, 0xf9, 0x22, 0x1, 0xff, 0xf8,

    /* U+04E8 "Ө" */
    0x0, 0xfc, 0x28, 0xce, 0xe6, 0x40, 0xf, 0xfe,
    0x1a, 0xe7, 0x5c, 0xc4, 0x26, 0xfe, 0xd0, 0x3,
    0xfc, 0x59, 0x46, 0x1, 0xf9, 0x2e, 0x84, 0x3,
    0xe4, 0xd3, 0x0, 0xff, 0xe0, 0x2e, 0x8, 0x7,
    0x15, 0x80, 0x7c, 0x22, 0x0, 0xf1, 0x60, 0x7,
    0x78, 0x7, 0x2e, 0x7f, 0x73, 0xec, 0xc0, 0x31,
    0x50, 0x4, 0xe4, 0x1, 0xa6, 0x8c, 0x3, 0x26,
    0x30, 0x6, 0x53, 0x0, 0x48, 0x6, 0x86, 0x0,
    0xfd, 0x28, 0x1, 0xa4, 0x10, 0x40, 0x21, 0x70,
    0xf, 0xf4, 0x80, 0x65, 0xc, 0x0, 0xcc, 0x1,
    0xff, 0x12, 0x0, 0x64, 0x30, 0xd, 0x60, 0x1f,
    0xfc, 0xc, 0x0, 0xd8, 0xa0, 0x1a, 0x2a, 0xbf,
    0xf8, 0x16, 0x1, 0x88, 0x40, 0x32, 0x2a, 0xff,
    0xf0, 0xc, 0x3, 0x8, 0x7, 0xff, 0x90, 0x80,
    0x3f, 0xf9, 0x42, 0xc0, 0x1b, 0x3f, 0xff, 0xf8,
    0x10, 0x1, 0x88, 0xc0, 0x35, 0x80, 0x7f, 0xf0,
    0x30, 0x3, 0x66, 0x0, 0x33, 0x0, 0x7f, 0xc4,
    0x80, 0x19, 0x10, 0x20, 0x10, 0xb8, 0x7, 0xfa,
    0x40, 0x32, 0x80, 0x24, 0x3, 0x43, 0x0, 0x7e,
    0x94, 0x0, 0xd2, 0x0, 0x72, 0x0, 0xd3, 0x46,
    0x1, 0x97, 0x18, 0x3, 0x29, 0x80, 0x5e, 0x1,
    0xcb, 0x9f, 0xdc, 0xfa, 0x30, 0xc, 0x54, 0x1,
    0x8a, 0xc0, 0x3e, 0x11, 0x0, 0x78, 0xb0, 0x3,
    0xc9, 0xa6, 0x1, 0xff, 0xc0, 0x5c, 0x10, 0xf,
    0x8b, 0x28, 0xc0, 0x3f, 0x25, 0xd0, 0x80, 0x7f,
    0x97, 0x3a, 0xe6, 0x21, 0x37, 0xf6, 0x80, 0x1e,

    /* U+04E9 "ө" */
    0x0, 0xf9, 0x19, 0xdc, 0xa2, 0x1, 0xfe, 0x1a,
    0xfb, 0x98, 0x85, 0x76, 0x20, 0x7, 0xcb, 0xca,
    0x1, 0xf1, 0xdc, 0x80, 0x72, 0xd0, 0x7, 0xfc,
    0xd4, 0x1, 0x15, 0x0, 0x78, 0x44, 0x1, 0xca,
    0xc0, 0x8, 0x0, 0xc3, 0x5f, 0xdc, 0xc3, 0x0,
    0xd0, 0x2, 0xa0, 0x1b, 0x54, 0x2, 0x3c, 0x20,
    0x8, 0x59, 0x0, 0x32, 0x98, 0x7, 0xa0, 0x3,
    0x66, 0x80, 0x65, 0xff, 0xfa, 0x80, 0x33, 0x90,
    0x7, 0xff, 0x14, 0x80, 0x3f, 0xf8, 0xe4, 0x1,
    0x8d, 0x9b, 0xe5, 0x0, 0xc5, 0xa0, 0x19, 0xa6,
    0x7e, 0xc0, 0xc, 0xe8, 0x1, 0x94, 0xc0, 0x3d,
    0x60, 0x1b, 0x5, 0x40, 0x36, 0xa8, 0x4, 0x58,
    0x40, 0x19, 0x82, 0x0, 0x30, 0xd7, 0xef, 0x69,
    0x80, 0x69, 0x0, 0x15, 0x0, 0x78, 0x84, 0x3,
    0x95, 0x80, 0x25, 0xa0, 0xf, 0xf9, 0xa8, 0x3,
    0x97, 0x54, 0x3, 0xe3, 0xb9, 0x0, 0xf8, 0xab,
    0xee, 0x22, 0xae, 0xc4, 0x0, 0xc0,

    /* U+2013 "–" */
    0x99, 0xff, 0xe1, 0x1b, 0x37, 0xff, 0xc, 0x3,
    0xff, 0xa4,

    /* U+2014 "—" */
    0x99, 0xff, 0xe5, 0x23, 0x37, 0xff, 0x28, 0xc0,
    0x3f, 0xfc, 0x40,

    /* U+2018 "‘" */
    0x5f, 0xfc, 0xa0, 0x1f, 0xfc, 0x95, 0x53, 0x8,
    0xd, 0x50, 0xd4, 0x4, 0xc0, 0x2, 0x81, 0x96,
    0x0, 0x91, 0x4, 0x30, 0x2e, 0xba, 0x20,

    /* U+2019 "’" */
    0xff, 0xd6, 0x1, 0xff, 0xc3, 0x65, 0x20, 0x4,
    0xd2, 0x80, 0x80, 0x14, 0x35, 0xf4, 0x81, 0x68,
    0x82, 0x4a, 0x6b, 0x98, 0x0,

    /* U+201C "“" */
    0x0, 0x91, 0x44, 0x2, 0x35, 0x20, 0x2d, 0xba,
    0x20, 0x6, 0x62, 0x90, 0x24, 0x81, 0x8, 0x20,
    0xc1, 0x10, 0x28, 0x17, 0x61, 0x6, 0x9, 0xb2,
    0x20, 0x1, 0x0, 0x2, 0x20, 0x70, 0x3, 0x80,
    0x2a, 0x86, 0x60, 0x5, 0x51, 0x40, 0x25, 0x53,
    0x0, 0x48, 0xba, 0x1, 0xff, 0xd8,

    /* U+201D "”" */
    0x4f, 0xfc, 0xa5, 0xff, 0xa0, 0x3, 0xff, 0xb0,
    0xca, 0xa0, 0x8, 0xd5, 0x42, 0x0, 0x2a, 0xa0,
    0x80, 0x8a, 0xa8, 0xa1, 0xe0, 0x3, 0x10, 0x60,
    0x0, 0xa0, 0x18, 0x5e, 0x1, 0x90, 0x4f, 0x80,
    0xa1, 0x20, 0xf, 0x0, 0x18, 0x42, 0x80, 0xea,
    0xf8, 0x80, 0x15, 0x4e, 0x40,

    /* U+2022 "•" */
    0x0, 0xc6, 0x84, 0x1, 0xe7, 0xec, 0xbd, 0xc2,
    0x0, 0xa6, 0x4, 0x2, 0x3d, 0x20, 0x46, 0x0,
    0xfb, 0x83, 0x80, 0x3f, 0x19, 0x38, 0x7, 0xf3,
    0x88, 0x7, 0xf0, 0xa8, 0x7, 0xf2, 0xd8, 0x7,
    0xe5, 0x12, 0xa0, 0xf, 0x1d, 0x80, 0x17, 0x14,
    0x40, 0xa3, 0x4, 0x0,

    /* U+2026 "…" */
    0x2a, 0xac, 0x60, 0x8, 0xaa, 0xa0, 0x0, 0x75,
    0x58, 0xd9, 0x57, 0x30, 0x1, 0x15, 0x70, 0x1,
    0x95, 0x73, 0x80, 0x7f, 0xfc, 0xc0,

    /* U+2212 "−" */
    0x0, 0xff, 0xe1, 0xff, 0xff, 0xf0, 0x94, 0x3,
    0xff, 0xa4, 0xef, 0xff, 0xc3
};


/*---------------------
 *  GLYPH DESCRIPTION
 *--------------------*/

static const lv_font_fmt_txt_glyph_dsc_t glyph_dsc[] = {
    {.bitmap_index = 0, .adv_w = 0, .box_w = 0, .box_h = 0, .ofs_x = 0, .ofs_y = 0} /* id = 0 reserved */,
    {.bitmap_index = 0, .adv_w = 109, .box_w = 0, .box_h = 0, .ofs_x = 0, .ofs_y = 0},
    {.bitmap_index = 0, .adv_w = 205, .box_w = 5, .box_h = 25, .ofs_x = 4, .ofs_y = 0},
    {.bitmap_index = 19, .adv_w = 268, .box_w = 12, .box_h = 7, .ofs_x = 2, .ofs_y = 18},
    {.bitmap_index = 32, .adv_w = 509, .box_w = 28, .box_h = 25, .ofs_x = 2, .ofs_y = 0},
    {.bitmap_index = 251, .adv_w = 349, .box_w = 20, .box_h = 32, .ofs_x = 1, .ofs_y = -4},
    {.bitmap_index = 461, .adv_w = 490, .box_w = 27, .box_h = 27, .ofs_x = 2, .ofs_y = -1},
    {.bitmap_index = 741, .adv_w = 367, .box_w = 22, .box_h = 27, .ofs_x = 1, .ofs_y = -1},
    {.bitmap_index = 948, .adv_w = 150, .box_w = 5, .box_h = 7, .ofs_x = 2, .ofs_y = 18},
    {.bitmap_index = 955, .adv_w = 251, .box_w = 11, .box_h = 37, .ofs_x = 4, .ofs_y = -7},
    {.bitmap_index = 1093, .adv_w = 251, .box_w = 11, .box_h = 37, .ofs_x = 1, .ofs_y = -7},
    {.bitmap_index = 1240, .adv_w = 258, .box_w = 14, .box_h = 13, .ofs_x = 1, .ofs_y = 12},
    {.bitmap_index = 1315, .adv_w = 310, .box_w = 16, .box_h = 16, .ofs_x = 2, .ofs_y = 5},
    {.bitmap_index = 1351, .adv_w = 172, .box_w = 5, .box_h = 10, .ofs_x = 2, .ofs_y = -5},
    {.bitmap_index = 1370, .adv_w = 228, .box_w = 11, .box_h = 4, .ofs_x = 2, .ofs_y = 9},
    {.bitmap_index = 1379, .adv_w = 174, .box_w = 5, .box_h = 5, .ofs_x = 3, .ofs_y = 0},
    {.bitmap_index = 1387, .adv_w = 244, .box_w = 12, .box_h = 25, .ofs_x = 2, .ofs_y = 0},
    {.bitmap_index = 1491, .adv_w = 367, .box_w = 19, .box_h = 27, .ofs_x = 2, .ofs_y = -1},
    {.bitmap_index = 1633, .adv_w = 247, .box_w = 10, .box_h = 25, .ofs_x = 2, .ofs_y = 0},
    {.bitmap_index = 1668, .adv_w = 329, .box_w = 18, .box_h = 26, .ofs_x = 1, .ofs_y = 0},
    {.bitmap_index = 1808, .adv_w = 322, .box_w = 18, .box_h = 26, .ofs_x = 1, .ofs_y = -1},
    {.bitmap_index = 1954, .adv_w = 335, .box_w = 19, .box_h = 25, .ofs_x = 1, .ofs_y = 0},
    {.bitmap_index = 2078, .adv_w = 320, .box_w = 18, .box_h = 26, .ofs_x = 1, .ofs_y = -1},
    {.bitmap_index = 2237, .adv_w = 338, .box_w = 18, .box_h = 27, .ofs_x = 2, .ofs_y = -1},
    {.bitmap_index = 2410, .adv_w = 296, .box_w = 16, .box_h = 25, .ofs_x = 1, .ofs_y = 0},
    {.bitmap_index = 2518, .adv_w = 339, .box_w = 18, .box_h = 27, .ofs_x = 2, .ofs_y = -1},
    {.bitmap_index = 2699, .adv_w = 338, .box_w = 18, .box_h = 27, .ofs_x = 1, .ofs_y = -1},
    {.bitmap_index = 2873, .adv_w = 194, .box_w = 6, .box_h = 15, .ofs_x = 3, .ofs_y = 2},
    {.bitmap_index = 2895, .adv_w = 194, .box_w = 6, .box_h = 23, .ofs_x = 3, .ofs_y = -5},
    {.bitmap_index = 2931, .adv_w = 351, .box_w = 12, .box_h = 18, .ofs_x = 4, .ofs_y = 2},
    {.bitmap_index = 3014, .adv_w = 408, .box_w = 18, .box_h = 10, .ofs_x = 4, .ofs_y = 7},
    {.bitmap_index = 3043, .adv_w = 351, .box_w = 12, .box_h = 18, .ofs_x = 6, .ofs_y = 2},
    {.bitmap_index = 3126, .adv_w = 306, .box_w = 17, .box_h = 26, .ofs_x = 1, .ofs_y = 0},
    {.bitmap_index = 3256, .adv_w = 499, .box_w = 27, .box_h = 26, .ofs_x = 2, .ofs_y = -4},
    {.bitmap_index = 3530, .adv_w = 372, .box_w = 23, .box_h = 25, .ofs_x = 0, .ofs_y = 0},
    {.bitmap_index = 3713, .adv_w = 347, .box_w = 19, .box_h = 25, .ofs_x = 2, .ofs_y = 0},
    {.bitmap_index = 3850, .adv_w = 406, .box_w = 23, .box_h = 27, .ofs_x = 1, .ofs_y = -1},
    {.bitmap_index = 4047, .adv_w = 386, .box_w = 21, .box_h = 25, .ofs_x = 2, .ofs_y = 0},
    {.bitmap_index = 4180, .adv_w = 321, .box_w = 17, .box_h = 25, .ofs_x = 2, .ofs_y = 0},
    {.bitmap_index = 4223, .adv_w = 288, .box_w = 16, .box_h = 25, .ofs_x = 2, .ofs_y = 0},
    {.bitmap_index = 4259, .adv_w = 403, .box_w = 24, .box_h = 27, .ofs_x = 1, .ofs_y = -1},
    {.bitmap_index = 4471, .adv_w = 399, .box_w = 21, .box_h = 25, .ofs_x = 2, .ofs_y = 0},
    {.bitmap_index = 4509, .adv_w = 161, .box_w = 6, .box_h = 25, .ofs_x = 2, .ofs_y = 0},
    {.bitmap_index = 4518, .adv_w = 279, .box_w = 15, .box_h = 26, .ofs_x = 0, .ofs_y = -1},
    {.bitmap_index = 4580, .adv_w = 362, .box_w = 21, .box_h = 25, .ofs_x = 2, .ofs_y = 0},
    {.bitmap_index = 4739, .adv_w = 294, .box_w = 16, .box_h = 25, .ofs_x = 2, .ofs_y = 0},
    {.bitmap_index = 4768, .adv_w = 468, .box_w = 25, .box_h = 25, .ofs_x = 2, .ofs_y = 0},
    {.bitmap_index = 4946, .adv_w = 397, .box_w = 21, .box_h = 25, .ofs_x = 2, .ofs_y = 0},
    {.bitmap_index = 5069, .adv_w = 412, .box_w = 24, .box_h = 27, .ofs_x = 1, .ofs_y = -1},
    {.bitmap_index = 5287, .adv_w = 354, .box_w = 20, .box_h = 25, .ofs_x = 2, .ofs_y = 0},
    {.bitmap_index = 5389, .adv_w = 412, .box_w = 24, .box_h = 27, .ofs_x = 1, .ofs_y = -1},
    {.bitmap_index = 5613, .adv_w = 364, .box_w = 20, .box_h = 25, .ofs_x = 2, .ofs_y = 0},
    {.bitmap_index = 5750, .adv_w = 365, .box_w = 21, .box_h = 27, .ofs_x = 1, .ofs_y = -1},
    {.bitmap_index = 5955, .adv_w = 332, .box_w = 21, .box_h = 25, .ofs_x = 0, .ofs_y = 0},
    {.bitmap_index = 5994, .adv_w = 395, .box_w = 21, .box_h = 26, .ofs_x = 2, .ofs_y = -1},
    {.bitmap_index = 6091, .adv_w = 355, .box_w = 23, .box_h = 25, .ofs_x = 0, .ofs_y = 0},
    {.bitmap_index = 6285, .adv_w = 538, .box_w = 34, .box_h = 25, .ofs_x = 0, .ofs_y = 0},
    {.bitmap_index = 6585, .adv_w = 366, .box_w = 23, .box_h = 25, .ofs_x = 0, .ofs_y = 0},
    {.bitmap_index = 6782, .adv_w = 343, .box_w = 22, .box_h = 25, .ofs_x = 0, .ofs_y = 0},
    {.bitmap_index = 6908, .adv_w = 370, .box_w = 21, .box_h = 25, .ofs_x = 1, .ofs_y = 0},
    {.bitmap_index = 7051, .adv_w = 233, .box_w = 9, .box_h = 38, .ofs_x = 4, .ofs_y = -7},
    {.bitmap_index = 7083, .adv_w = 244, .box_w = 12, .box_h = 25, .ofs_x = 2, .ofs_y = 0},
    {.bitmap_index = 7185, .adv_w = 233, .box_w = 8, .box_h = 38, .ofs_x = 2, .ofs_y = -7},
    {.bitmap_index = 7212, .adv_w = 372, .box_w = 18, .box_h = 12, .ofs_x = 3, .ofs_y = 14},
    {.bitmap_index = 7287, .adv_w = 359, .box_w = 23, .box_h = 4, .ofs_x = 0, .ofs_y = -4},
    {.bitmap_index = 7298, .adv_w = 302, .box_w = 7, .box_h = 7, .ofs_x = 5, .ofs_y = 27},
    {.bitmap_index = 7322, .adv_w = 317, .box_w = 17, .box_h = 20, .ofs_x = 1, .ofs_y = -1},
    {.bitmap_index = 7451, .adv_w = 339, .box_w = 18, .box_h = 26, .ofs_x = 2, .ofs_y = -1},
    {.bitmap_index = 7576, .adv_w = 317, .box_w = 18, .box_h = 20, .ofs_x = 1, .ofs_y = -1},
    {.bitmap_index = 7703, .adv_w = 340, .box_w = 18, .box_h = 26, .ofs_x = 1, .ofs_y = -1},
    {.bitmap_index = 7833, .adv_w = 331, .box_w = 19, .box_h = 20, .ofs_x = 1, .ofs_y = -1},
    {.bitmap_index = 7970, .adv_w = 210, .box_w = 12, .box_h = 26, .ofs_x = 1, .ofs_y = 0},
    {.bitmap_index = 8030, .adv_w = 339, .box_w = 18, .box_h = 28, .ofs_x = 1, .ofs_y = -9},
    {.bitmap_index = 8206, .adv_w = 346, .box_w = 18, .box_h = 25, .ofs_x = 2, .ofs_y = 0},
    {.bitmap_index = 8283, .adv_w = 161, .box_w = 6, .box_h = 26, .ofs_x = 2, .ofs_y = 0},
    {.bitmap_index = 8305, .adv_w = 164, .box_w = 9, .box_h = 34, .ofs_x = -1, .ofs_y = -8},
    {.bitmap_index = 8353, .adv_w = 300, .box_w = 18, .box_h = 25, .ofs_x = 2, .ofs_y = 0},
    {.bitmap_index = 8455, .adv_w = 161, .box_w = 6, .box_h = 26, .ofs_x = 2, .ofs_y = 0},
    {.bitmap_index = 8466, .adv_w = 498, .box_w = 28, .box_h = 19, .ofs_x = 2, .ofs_y = 0},
    {.bitmap_index = 8567, .adv_w = 346, .box_w = 18, .box_h = 19, .ofs_x = 2, .ofs_y = 0},
    {.bitmap_index = 8639, .adv_w = 341, .box_w = 19, .box_h = 20, .ofs_x = 1, .ofs_y = -1},
    {.bitmap_index = 8775, .adv_w = 339, .box_w = 18, .box_h = 27, .ofs_x = 2, .ofs_y = -8},
    {.bitmap_index = 8903, .adv_w = 340, .box_w = 18, .box_h = 27, .ofs_x = 1, .ofs_y = -8},
    {.bitmap_index = 9034, .adv_w = 224, .box_w = 12, .box_h = 19, .ofs_x = 2, .ofs_y = 0},
    {.bitmap_index = 9077, .adv_w = 298, .box_w = 17, .box_h = 20, .ofs_x = 1, .ofs_y = -1},
    {.bitmap_index = 9213, .adv_w = 242, .box_w = 14, .box_h = 25, .ofs_x = 0, .ofs_y = -1},
    {.bitmap_index = 9283, .adv_w = 346, .box_w = 18, .box_h = 19, .ofs_x = 2, .ofs_y = -1},
    {.bitmap_index = 9356, .adv_w = 309, .box_w = 19, .box_h = 18, .ofs_x = 0, .ofs_y = 0},
    {.bitmap_index = 9480, .adv_w = 443, .box_w = 27, .box_h = 18, .ofs_x = 0, .ofs_y = 0},
    {.bitmap_index = 9669, .adv_w = 306, .box_w = 19, .box_h = 18, .ofs_x = 0, .ofs_y = 0},
    {.bitmap_index = 9796, .adv_w = 310, .box_w = 20, .box_h = 26, .ofs_x = 0, .ofs_y = -8},
    {.bitmap_index = 9969, .adv_w = 291, .box_w = 17, .box_h = 18, .ofs_x = 0, .ofs_y = 0},
    {.bitmap_index = 10059, .adv_w = 250, .box_w = 11, .box_h = 38, .ofs_x = 4, .ofs_y = -7},
    {.bitmap_index = 10147, .adv_w = 172, .box_w = 5, .box_h = 25, .ofs_x = 3, .ofs_y = 0},
    {.bitmap_index = 10156, .adv_w = 250, .box_w = 10, .box_h = 38, .ofs_x = 1, .ofs_y = -7},
    {.bitmap_index = 10241, .adv_w = 399, .box_w = 19, .box_h = 8, .ofs_x = 3, .ofs_y = 7},
    {.bitmap_index = 10303, .adv_w = 109, .box_w = 0, .box_h = 0, .ofs_x = 0, .ofs_y = 0},
    {.bitmap_index = 10303, .adv_w = 205, .box_w = 5, .box_h = 25, .ofs_x = 4, .ofs_y = -7},
    {.bitmap_index = 10322, .adv_w = 317, .box_w = 18, .box_h = 26, .ofs_x = 1, .ofs_y = -1},
    {.bitmap_index = 10470, .adv_w = 311, .box_w = 18, .box_h = 26, .ofs_x = 1, .ofs_y = 0},
    {.bitmap_index = 10580, .adv_w = 370, .box_w = 22, .box_h = 22, .ofs_x = 1, .ofs_y = 1},
    {.bitmap_index = 10768, .adv_w = 343, .box_w = 22, .box_h = 25, .ofs_x = 0, .ofs_y = 0},
    {.bitmap_index = 10914, .adv_w = 172, .box_w = 5, .box_h = 32, .ofs_x = 3, .ofs_y = -7},
    {.bitmap_index = 10933, .adv_w = 298, .box_w = 17, .box_h = 27, .ofs_x = 1, .ofs_y = -5},
    {.bitmap_index = 11116, .adv_w = 311, .box_w = 12, .box_h = 5, .ofs_x = 4, .ofs_y = 27},
    {.bitmap_index = 11130, .adv_w = 497, .box_w = 30, .box_h = 30, .ofs_x = 1, .ofs_y = -2},
    {.bitmap_index = 11474, .adv_w = 175, .box_w = 9, .box_h = 10, .ofs_x = 1, .ofs_y = 9},
    {.bitmap_index = 11520, .adv_w = 328, .box_w = 17, .box_h = 16, .ofs_x = 2, .ofs_y = 1},
    {.bitmap_index = 11646, .adv_w = 326, .box_w = 17, .box_h = 8, .ofs_x = 2, .ofs_y = 6},
    {.bitmap_index = 11663, .adv_w = 228, .box_w = 11, .box_h = 4, .ofs_x = 2, .ofs_y = 9},
    {.bitmap_index = 11672, .adv_w = 362, .box_w = 19, .box_h = 18, .ofs_x = 2, .ofs_y = 9},
    {.bitmap_index = 11826, .adv_w = 279, .box_w = 10, .box_h = 4, .ofs_x = 4, .ofs_y = 29},
    {.bitmap_index = 11835, .adv_w = 245, .box_w = 13, .box_h = 12, .ofs_x = 1, .ofs_y = 13},
    {.bitmap_index = 11900, .adv_w = 326, .box_w = 17, .box_h = 17, .ofs_x = 2, .ofs_y = 1},
    {.bitmap_index = 11948, .adv_w = 226, .box_w = 12, .box_h = 15, .ofs_x = 1, .ofs_y = 9},
    {.bitmap_index = 12027, .adv_w = 222, .box_w = 11, .box_h = 15, .ofs_x = 1, .ofs_y = 9},
    {.bitmap_index = 12097, .adv_w = 302, .box_w = 7, .box_h = 7, .ofs_x = 7, .ofs_y = 27},
    {.bitmap_index = 12123, .adv_w = 351, .box_w = 18, .box_h = 26, .ofs_x = 2, .ofs_y = -8},
    {.bitmap_index = 12196, .adv_w = 404, .box_w = 23, .box_h = 30, .ofs_x = 1, .ofs_y = -5},
    {.bitmap_index = 12294, .adv_w = 152, .box_w = 6, .box_h = 6, .ofs_x = 2, .ofs_y = 8},
    {.bitmap_index = 12311, .adv_w = 228, .box_w = 7, .box_h = 9, .ofs_x = 4, .ofs_y = -8},
    {.bitmap_index = 12342, .adv_w = 191, .box_w = 6, .box_h = 15, .ofs_x = 2, .ofs_y = 9},
    {.bitmap_index = 12359, .adv_w = 192, .box_w = 10, .box_h = 10, .ofs_x = 1, .ofs_y = 9},
    {.bitmap_index = 12408, .adv_w = 328, .box_w = 16, .box_h = 16, .ofs_x = 2, .ofs_y = 1},
    {.bitmap_index = 12531, .adv_w = 574, .box_w = 30, .box_h = 26, .ofs_x = 2, .ofs_y = -1},
    {.bitmap_index = 12771, .adv_w = 566, .box_w = 32, .box_h = 25, .ofs_x = 2, .ofs_y = 0},
    {.bitmap_index = 13024, .adv_w = 568, .box_w = 33, .box_h = 26, .ofs_x = 1, .ofs_y = -1},
    {.bitmap_index = 13313, .adv_w = 306, .box_w = 17, .box_h = 25, .ofs_x = 1, .ofs_y = -7},
    {.bitmap_index = 13437, .adv_w = 372, .box_w = 23, .box_h = 34, .ofs_x = 0, .ofs_y = 0},
    {.bitmap_index = 13665, .adv_w = 372, .box_w = 23, .box_h = 34, .ofs_x = 0, .ofs_y = 0},
    {.bitmap_index = 13893, .adv_w = 372, .box_w = 23, .box_h = 33, .ofs_x = 0, .ofs_y = 0},
    {.bitmap_index = 14130, .adv_w = 372, .box_w = 23, .box_h = 34, .ofs_x = 0, .ofs_y = 0},
    {.bitmap_index = 14372, .adv_w = 372, .box_w = 23, .box_h = 32, .ofs_x = 0, .ofs_y = 0},
    {.bitmap_index = 14581, .adv_w = 372, .box_w = 23, .box_h = 36, .ofs_x = 0, .ofs_y = 0},
    {.bitmap_index = 14835, .adv_w = 514, .box_w = 31, .box_h = 25, .ofs_x = 0, .ofs_y = 0},
    {.bitmap_index = 14997, .adv_w = 406, .box_w = 23, .box_h = 34, .ofs_x = 1, .ofs_y = -8},
    {.bitmap_index = 15236, .adv_w = 321, .box_w = 17, .box_h = 34, .ofs_x = 2, .ofs_y = 0},
    {.bitmap_index = 15325, .adv_w = 321, .box_w = 17, .box_h = 34, .ofs_x = 2, .ofs_y = 0},
    {.bitmap_index = 15414, .adv_w = 321, .box_w = 17, .box_h = 33, .ofs_x = 2, .ofs_y = 0},
    {.bitmap_index = 15507, .adv_w = 321, .box_w = 17, .box_h = 32, .ofs_x = 2, .ofs_y = 0},
    {.bitmap_index = 15574, .adv_w = 161, .box_w = 8, .box_h = 34, .ofs_x = 0, .ofs_y = 0},
    {.bitmap_index = 15617, .adv_w = 161, .box_w = 8, .box_h = 34, .ofs_x = 2, .ofs_y = 0},
    {.bitmap_index = 15659, .adv_w = 161, .box_w = 14, .box_h = 33, .ofs_x = -2, .ofs_y = 0},
    {.bitmap_index = 15723, .adv_w = 161, .box_w = 12, .box_h = 32, .ofs_x = -1, .ofs_y = 0},
    {.bitmap_index = 15760, .adv_w = 388, .box_w = 23, .box_h = 25, .ofs_x = 0, .ofs_y = 0},
    {.bitmap_index = 15913, .adv_w = 397, .box_w = 21, .box_h = 33, .ofs_x = 2, .ofs_y = 0},
    {.bitmap_index = 16095, .adv_w = 412, .box_w = 24, .box_h = 35, .ofs_x = 1, .ofs_y = -1},
    {.bitmap_index = 16356, .adv_w = 412, .box_w = 24, .box_h = 35, .ofs_x = 1, .ofs_y = -1},
    {.bitmap_index = 16620, .adv_w = 412, .box_w = 24, .box_h = 34, .ofs_x = 1, .ofs_y = -1},
    {.bitmap_index = 16892, .adv_w = 412, .box_w = 24, .box_h = 35, .ofs_x = 1, .ofs_y = -1},
    {.bitmap_index = 17171, .adv_w = 412, .box_w = 24, .box_h = 33, .ofs_x = 1, .ofs_y = -1},
    {.bitmap_index = 17415, .adv_w = 279, .box_w = 14, .box_h = 15, .ofs_x = 2, .ofs_y = 5},
    {.bitmap_index = 17505, .adv_w = 412, .box_w = 24, .box_h = 27, .ofs_x = 1, .ofs_y = -1},
    {.bitmap_index = 17751, .adv_w = 395, .box_w = 21, .box_h = 35, .ofs_x = 2, .ofs_y = -1},
    {.bitmap_index = 17893, .adv_w = 395, .box_w = 21, .box_h = 35, .ofs_x = 2, .ofs_y = -1},
    {.bitmap_index = 18037, .adv_w = 395, .box_w = 21, .box_h = 34, .ofs_x = 2, .ofs_y = -1},
    {.bitmap_index = 18187, .adv_w = 395, .box_w = 21, .box_h = 33, .ofs_x = 2, .ofs_y = -1},
    {.bitmap_index = 18308, .adv_w = 343, .box_w = 22, .box_h = 34, .ofs_x = 0, .ofs_y = 0},
    {.bitmap_index = 18481, .adv_w = 349, .box_w = 19, .box_h = 25, .ofs_x = 2, .ofs_y = 0},
    {.bitmap_index = 18585, .adv_w = 351, .box_w = 18, .box_h = 27, .ofs_x = 2, .ofs_y = -1},
    {.bitmap_index = 18741, .adv_w = 317, .box_w = 17, .box_h = 29, .ofs_x = 1, .ofs_y = -1},
    {.bitmap_index = 18914, .adv_w = 317, .box_w = 17, .box_h = 29, .ofs_x = 1, .ofs_y = -1},
    {.bitmap_index = 19087, .adv_w = 317, .box_w = 17, .box_h = 28, .ofs_x = 1, .ofs_y = -1},
    {.bitmap_index = 19264, .adv_w = 317, .box_w = 17, .box_h = 28, .ofs_x = 1, .ofs_y = -1},
    {.bitmap_index = 19446, .adv_w = 317, .box_w = 17, .box_h = 27, .ofs_x = 1, .ofs_y = -1},
    {.bitmap_index = 19598, .adv_w = 317, .box_w = 17, .box_h = 31, .ofs_x = 1, .ofs_y = -1},
    {.bitmap_index = 19789, .adv_w = 508, .box_w = 30, .box_h = 20, .ofs_x = 1, .ofs_y = -1},
    {.bitmap_index = 20013, .adv_w = 317, .box_w = 18, .box_h = 27, .ofs_x = 1, .ofs_y = -8},
    {.bitmap_index = 20183, .adv_w = 331, .box_w = 19, .box_h = 29, .ofs_x = 1, .ofs_y = -1},
    {.bitmap_index = 20364, .adv_w = 331, .box_w = 19, .box_h = 29, .ofs_x = 1, .ofs_y = -1},
    {.bitmap_index = 20545, .adv_w = 331, .box_w = 19, .box_h = 28, .ofs_x = 1, .ofs_y = -1},
    {.bitmap_index = 20731, .adv_w = 331, .box_w = 19, .box_h = 27, .ofs_x = 1, .ofs_y = -1},
    {.bitmap_index = 20890, .adv_w = 161, .box_w = 8, .box_h = 28, .ofs_x = 0, .ofs_y = 0},
    {.bitmap_index = 20930, .adv_w = 161, .box_w = 8, .box_h = 28, .ofs_x = 2, .ofs_y = 0},
    {.bitmap_index = 20971, .adv_w = 161, .box_w = 15, .box_h = 27, .ofs_x = -2, .ofs_y = 0},
    {.bitmap_index = 21033, .adv_w = 161, .box_w = 12, .box_h = 26, .ofs_x = -1, .ofs_y = 0},
    {.bitmap_index = 21067, .adv_w = 327, .box_w = 19, .box_h = 28, .ofs_x = 1, .ofs_y = -1},
    {.bitmap_index = 21259, .adv_w = 346, .box_w = 18, .box_h = 27, .ofs_x = 2, .ofs_y = 0},
    {.bitmap_index = 21384, .adv_w = 341, .box_w = 19, .box_h = 29, .ofs_x = 1, .ofs_y = -1},
    {.bitmap_index = 21564, .adv_w = 341, .box_w = 19, .box_h = 29, .ofs_x = 1, .ofs_y = -1},
    {.bitmap_index = 21745, .adv_w = 341, .box_w = 19, .box_h = 28, .ofs_x = 1, .ofs_y = -1},
    {.bitmap_index = 21931, .adv_w = 341, .box_w = 19, .box_h = 28, .ofs_x = 1, .ofs_y = -1},
    {.bitmap_index = 22121, .adv_w = 341, .box_w = 19, .box_h = 27, .ofs_x = 1, .ofs_y = -1},
    {.bitmap_index = 22279, .adv_w = 294, .box_w = 15, .box_h = 16, .ofs_x = 2, .ofs_y = 5},
    {.bitmap_index = 22318, .adv_w = 341, .box_w = 21, .box_h = 20, .ofs_x = 0, .ofs_y = -1},
    {.bitmap_index = 22482, .adv_w = 346, .box_w = 18, .box_h = 29, .ofs_x = 2, .ofs_y = -1},
    {.bitmap_index = 22601, .adv_w = 346, .box_w = 18, .box_h = 29, .ofs_x = 2, .ofs_y = -1},
    {.bitmap_index = 22721, .adv_w = 346, .box_w = 18, .box_h = 28, .ofs_x = 2, .ofs_y = -1},
    {.bitmap_index = 22845, .adv_w = 346, .box_w = 18, .box_h = 27, .ofs_x = 2, .ofs_y = -1},
    {.bitmap_index = 22942, .adv_w = 310, .box_w = 20, .box_h = 36, .ofs_x = 0, .ofs_y = -8},
    {.bitmap_index = 23162, .adv_w = 339, .box_w = 18, .box_h = 33, .ofs_x = 2, .ofs_y = -8},
    {.bitmap_index = 23298, .adv_w = 310, .box_w = 20, .box_h = 34, .ofs_x = 0, .ofs_y = -8},
    {.bitmap_index = 23496, .adv_w = 372, .box_w = 23, .box_h = 33, .ofs_x = 0, .ofs_y = 0},
    {.bitmap_index = 23698, .adv_w = 317, .box_w = 17, .box_h = 27, .ofs_x = 1, .ofs_y = -1},
    {.bitmap_index = 23842, .adv_w = 372, .box_w = 23, .box_h = 32, .ofs_x = 0, .ofs_y = 0},
    {.bitmap_index = 24077, .adv_w = 317, .box_w = 17, .box_h = 27, .ofs_x = 1, .ofs_y = -1},
    {.bitmap_index = 24249, .adv_w = 372, .box_w = 23, .box_h = 33, .ofs_x = 0, .ofs_y = -8},
    {.bitmap_index = 24486, .adv_w = 317, .box_w = 17, .box_h = 27, .ofs_x = 1, .ofs_y = -8},
    {.bitmap_index = 24656, .adv_w = 406, .box_w = 23, .box_h = 35, .ofs_x = 1, .ofs_y = -1},
    {.bitmap_index = 24899, .adv_w = 317, .box_w = 18, .box_h = 29, .ofs_x = 1, .ofs_y = -1},
    {.bitmap_index = 25071, .adv_w = 406, .box_w = 23, .box_h = 34, .ofs_x = 1, .ofs_y = -1},
    {.bitmap_index = 25323, .adv_w = 317, .box_w = 18, .box_h = 28, .ofs_x = 1, .ofs_y = -1},
    {.bitmap_index = 25499, .adv_w = 406, .box_w = 23, .box_h = 34, .ofs_x = 1, .ofs_y = -1},
    {.bitmap_index = 25715, .adv_w = 317, .box_w = 18, .box_h = 28, .ofs_x = 1, .ofs_y = -1},
    {.bitmap_index = 25859, .adv_w = 406, .box_w = 23, .box_h = 34, .ofs_x = 1, .ofs_y = -1},
    {.bitmap_index = 26109, .adv_w = 317, .box_w = 18, .box_h = 28, .ofs_x = 1, .ofs_y = -1},
    {.bitmap_index = 26286, .adv_w = 386, .box_w = 21, .box_h = 33, .ofs_x = 2, .ofs_y = 0},
    {.bitmap_index = 26471, .adv_w = 440, .box_w = 26, .box_h = 26, .ofs_x = 1, .ofs_y = -1},
    {.bitmap_index = 26649, .adv_w = 388, .box_w = 23, .box_h = 25, .ofs_x = 0, .ofs_y = 0},
    {.bitmap_index = 26802, .adv_w = 340, .box_w = 20, .box_h = 26, .ofs_x = 1, .ofs_y = -1},
    {.bitmap_index = 26956, .adv_w = 321, .box_w = 17, .box_h = 33, .ofs_x = 2, .ofs_y = 0},
    {.bitmap_index = 27017, .adv_w = 331, .box_w = 19, .box_h = 27, .ofs_x = 1, .ofs_y = -1},
    {.bitmap_index = 27170, .adv_w = 321, .box_w = 17, .box_h = 33, .ofs_x = 2, .ofs_y = 0},
    {.bitmap_index = 27230, .adv_w = 331, .box_w = 19, .box_h = 28, .ofs_x = 1, .ofs_y = -1},
    {.bitmap_index = 27382, .adv_w = 321, .box_w = 17, .box_h = 33, .ofs_x = 2, .ofs_y = -8},
    {.bitmap_index = 27473, .adv_w = 331, .box_w = 19, .box_h = 28, .ofs_x = 1, .ofs_y = -9},
    {.bitmap_index = 27656, .adv_w = 321, .box_w = 17, .box_h = 33, .ofs_x = 2, .ofs_y = 0},
    {.bitmap_index = 27747, .adv_w = 331, .box_w = 19, .box_h = 28, .ofs_x = 1, .ofs_y = -1},
    {.bitmap_index = 27935, .adv_w = 403, .box_w = 24, .box_h = 34, .ofs_x = 1, .ofs_y = -1},
    {.bitmap_index = 28202, .adv_w = 339, .box_w = 18, .box_h = 36, .ofs_x = 1, .ofs_y = -9},
    {.bitmap_index = 28428, .adv_w = 403, .box_w = 24, .box_h = 33, .ofs_x = 1, .ofs_y = -1},
    {.bitmap_index = 28687, .adv_w = 339, .box_w = 18, .box_h = 35, .ofs_x = 1, .ofs_y = -9},
    {.bitmap_index = 28904, .adv_w = 403, .box_w = 24, .box_h = 34, .ofs_x = 1, .ofs_y = -1},
    {.bitmap_index = 29136, .adv_w = 339, .box_w = 18, .box_h = 36, .ofs_x = 1, .ofs_y = -9},
    {.bitmap_index = 29329, .adv_w = 403, .box_w = 24, .box_h = 37, .ofs_x = 1, .ofs_y = -11},
    {.bitmap_index = 29584, .adv_w = 339, .box_w = 18, .box_h = 40, .ofs_x = 1, .ofs_y = -9},
    {.bitmap_index = 29800, .adv_w = 399, .box_w = 21, .box_h = 33, .ofs_x = 2, .ofs_y = 0},
    {.bitmap_index = 29892, .adv_w = 346, .box_w = 23, .box_h = 33, .ofs_x = -3, .ofs_y = 0},
    {.bitmap_index = 30035, .adv_w = 410, .box_w = 26, .box_h = 25, .ofs_x = 0, .ofs_y = 0},
    {.bitmap_index = 30113, .adv_w = 346, .box_w = 20, .box_h = 25, .ofs_x = 0, .ofs_y = 0},
    {.bitmap_index = 30217, .adv_w = 161, .box_w = 14, .box_h = 33, .ofs_x = -2, .ofs_y = 0},
    {.bitmap_index = 30286, .adv_w = 161, .box_w = 14, .box_h = 27, .ofs_x = -2, .ofs_y = 0},
    {.bitmap_index = 30351, .adv_w = 161, .box_w = 10, .box_h = 33, .ofs_x = 0, .ofs_y = 0},
    {.bitmap_index = 30381, .adv_w = 161, .box_w = 10, .box_h = 26, .ofs_x = 0, .ofs_y = 0},
    {.bitmap_index = 30408, .adv_w = 161, .box_w = 8, .box_h = 33, .ofs_x = 0, .ofs_y = -8},
    {.bitmap_index = 30454, .adv_w = 161, .box_w = 8, .box_h = 34, .ofs_x = 0, .ofs_y = -8},
    {.bitmap_index = 30510, .adv_w = 161, .box_w = 6, .box_h = 33, .ofs_x = 2, .ofs_y = 0},
    {.bitmap_index = 30532, .adv_w = 161, .box_w = 6, .box_h = 18, .ofs_x = 2, .ofs_y = 0},
    {.bitmap_index = 30541, .adv_w = 279, .box_w = 20, .box_h = 34, .ofs_x = 0, .ofs_y = -1},
    {.bitmap_index = 30665, .adv_w = 164, .box_w = 15, .box_h = 35, .ofs_x = -2, .ofs_y = -8},
    {.bitmap_index = 30757, .adv_w = 362, .box_w = 21, .box_h = 36, .ofs_x = 2, .ofs_y = -11},
    {.bitmap_index = 30958, .adv_w = 300, .box_w = 18, .box_h = 36, .ofs_x = 2, .ofs_y = -11},
    {.bitmap_index = 31101, .adv_w = 294, .box_w = 16, .box_h = 34, .ofs_x = 2, .ofs_y = 0},
    {.bitmap_index = 31168, .adv_w = 161, .box_w = 8, .box_h = 34, .ofs_x = 2, .ofs_y = 0},
    {.bitmap_index = 31212, .adv_w = 294, .box_w = 16, .box_h = 36, .ofs_x = 2, .ofs_y = -11},
    {.bitmap_index = 31276, .adv_w = 161, .box_w = 6, .box_h = 37, .ofs_x = 2, .ofs_y = -11},
    {.bitmap_index = 31311, .adv_w = 294, .box_w = 16, .box_h = 25, .ofs_x = 2, .ofs_y = 0},
    {.bitmap_index = 31369, .adv_w = 258, .box_w = 13, .box_h = 26, .ofs_x = 2, .ofs_y = 0},
    {.bitmap_index = 31417, .adv_w = 305, .box_w = 19, .box_h = 25, .ofs_x = 0, .ofs_y = 0},
    {.bitmap_index = 31491, .adv_w = 221, .box_w = 14, .box_h = 26, .ofs_x = 0, .ofs_y = 0},
    {.bitmap_index = 31557, .adv_w = 397, .box_w = 21, .box_h = 34, .ofs_x = 2, .ofs_y = 0},
    {.bitmap_index = 31726, .adv_w = 346, .box_w = 18, .box_h = 28, .ofs_x = 2, .ofs_y = 0},
    {.bitmap_index = 31843, .adv_w = 397, .box_w = 21, .box_h = 36, .ofs_x = 2, .ofs_y = -11},
    {.bitmap_index = 32008, .adv_w = 346, .box_w = 18, .box_h = 30, .ofs_x = 2, .ofs_y = -11},
    {.bitmap_index = 32120, .adv_w = 397, .box_w = 21, .box_h = 33, .ofs_x = 2, .ofs_y = 0},
    {.bitmap_index = 32296, .adv_w = 346, .box_w = 18, .box_h = 27, .ofs_x = 2, .ofs_y = 0},
    {.bitmap_index = 32423, .adv_w = 397, .box_w = 21, .box_h = 33, .ofs_x = 2, .ofs_y = -8},
    {.bitmap_index = 32591, .adv_w = 346, .box_w = 18, .box_h = 28, .ofs_x = 2, .ofs_y = -9},
    {.bitmap_index = 32702, .adv_w = 412, .box_w = 24, .box_h = 34, .ofs_x = 1, .ofs_y = -1},
    {.bitmap_index = 32938, .adv_w = 341, .box_w = 19, .box_h = 27, .ofs_x = 1, .ofs_y = -1},
    {.bitmap_index = 33090, .adv_w = 412, .box_w = 24, .box_h = 35, .ofs_x = 1, .ofs_y = -1},
    {.bitmap_index = 33378, .adv_w = 341, .box_w = 19, .box_h = 29, .ofs_x = 1, .ofs_y = -1},
    {.bitmap_index = 33577, .adv_w = 604, .box_w = 36, .box_h = 27, .ofs_x = 1, .ofs_y = -1},
    {.bitmap_index = 33827, .adv_w = 550, .box_w = 33, .box_h = 20, .ofs_x = 1, .ofs_y = -1},
    {.bitmap_index = 34052, .adv_w = 364, .box_w = 20, .box_h = 34, .ofs_x = 2, .ofs_y = 0},
    {.bitmap_index = 34235, .adv_w = 224, .box_w = 12, .box_h = 28, .ofs_x = 2, .ofs_y = 0},
    {.bitmap_index = 34310, .adv_w = 364, .box_w = 20, .box_h = 36, .ofs_x = 2, .ofs_y = -11},
    {.bitmap_index = 34487, .adv_w = 224, .box_w = 12, .box_h = 30, .ofs_x = 2, .ofs_y = -11},
    {.bitmap_index = 34559, .adv_w = 364, .box_w = 20, .box_h = 33, .ofs_x = 2, .ofs_y = 0},
    {.bitmap_index = 34748, .adv_w = 224, .box_w = 15, .box_h = 27, .ofs_x = 0, .ofs_y = 0},
    {.bitmap_index = 34840, .adv_w = 365, .box_w = 21, .box_h = 35, .ofs_x = 1, .ofs_y = -1},
    {.bitmap_index = 35090, .adv_w = 298, .box_w = 17, .box_h = 29, .ofs_x = 1, .ofs_y = -1},
    {.bitmap_index = 35271, .adv_w = 365, .box_w = 21, .box_h = 34, .ofs_x = 1, .ofs_y = -1},
    {.bitmap_index = 35527, .adv_w = 298, .box_w = 17, .box_h = 28, .ofs_x = 1, .ofs_y = -1},
    {.bitmap_index = 35711, .adv_w = 365, .box_w = 21, .box_h = 34, .ofs_x = 1, .ofs_y = -8},
    {.bitmap_index = 35959, .adv_w = 298, .box_w = 17, .box_h = 27, .ofs_x = 1, .ofs_y = -8},
    {.bitmap_index = 36134, .adv_w = 365, .box_w = 21, .box_h = 34, .ofs_x = 1, .ofs_y = -1},
    {.bitmap_index = 36391, .adv_w = 298, .box_w = 17, .box_h = 28, .ofs_x = 1, .ofs_y = -1},
    {.bitmap_index = 36575, .adv_w = 332, .box_w = 21, .box_h = 33, .ofs_x = 0, .ofs_y = -8},
    {.bitmap_index = 36662, .adv_w = 242, .box_w = 14, .box_h = 32, .ofs_x = 0, .ofs_y = -8},
    {.bitmap_index = 36765, .adv_w = 332, .box_w = 21, .box_h = 33, .ofs_x = 0, .ofs_y = 0},
    {.bitmap_index = 36857, .adv_w = 242, .box_w = 17, .box_h = 31, .ofs_x = 0, .ofs_y = -1},
    {.bitmap_index = 36968, .adv_w = 332, .box_w = 21, .box_h = 25, .ofs_x = 0, .ofs_y = 0},
    {.bitmap_index = 37025, .adv_w = 252, .box_w = 15, .box_h = 25, .ofs_x = 0, .ofs_y = -1},
    {.bitmap_index = 37116, .adv_w = 395, .box_w = 21, .box_h = 35, .ofs_x = 2, .ofs_y = -1},
    {.bitmap_index = 37271, .adv_w = 346, .box_w = 18, .box_h = 28, .ofs_x = 2, .ofs_y = -1},
    {.bitmap_index = 37401, .adv_w = 395, .box_w = 21, .box_h = 34, .ofs_x = 2, .ofs_y = -1},
    {.bitmap_index = 37516, .adv_w = 346, .box_w = 18, .box_h = 27, .ofs_x = 2, .ofs_y = -1},
    {.bitmap_index = 37606, .adv_w = 395, .box_w = 21, .box_h = 33, .ofs_x = 2, .ofs_y = -1},
    {.bitmap_index = 37748, .adv_w = 346, .box_w = 18, .box_h = 27, .ofs_x = 2, .ofs_y = -1},
    {.bitmap_index = 37867, .adv_w = 395, .box_w = 21, .box_h = 37, .ofs_x = 2, .ofs_y = -1},
    {.bitmap_index = 38034, .adv_w = 346, .box_w = 18, .box_h = 31, .ofs_x = 2, .ofs_y = -1},
    {.bitmap_index = 38172, .adv_w = 395, .box_w = 21, .box_h = 35, .ofs_x = 2, .ofs_y = -1},
    {.bitmap_index = 38335, .adv_w = 346, .box_w = 18, .box_h = 29, .ofs_x = 2, .ofs_y = -1},
    {.bitmap_index = 38471, .adv_w = 395, .box_w = 21, .box_h = 32, .ofs_x = 2, .ofs_y = -7},
    {.bitmap_index = 38608, .adv_w = 346, .box_w = 18, .box_h = 26, .ofs_x = 2, .ofs_y = -8},
    {.bitmap_index = 38722, .adv_w = 538, .box_w = 34, .box_h = 33, .ofs_x = 0, .ofs_y = 0},
    {.bitmap_index = 39081, .adv_w = 443, .box_w = 27, .box_h = 27, .ofs_x = 0, .ofs_y = 0},
    {.bitmap_index = 39328, .adv_w = 343, .box_w = 22, .box_h = 33, .ofs_x = 0, .ofs_y = 0},
    {.bitmap_index = 39509, .adv_w = 310, .box_w = 20, .box_h = 35, .ofs_x = 0, .ofs_y = -8},
    {.bitmap_index = 39740, .adv_w = 343, .box_w = 22, .box_h = 32, .ofs_x = 0, .ofs_y = 0},
    {.bitmap_index = 39891, .adv_w = 370, .box_w = 21, .box_h = 34, .ofs_x = 1, .ofs_y = 0},
    {.bitmap_index = 40080, .adv_w = 291, .box_w = 17, .box_h = 28, .ofs_x = 0, .ofs_y = 0},
    {.bitmap_index = 40215, .adv_w = 370, .box_w = 21, .box_h = 33, .ofs_x = 1, .ofs_y = 0},
    {.bitmap_index = 40377, .adv_w = 291, .box_w = 17, .box_h = 27, .ofs_x = 0, .ofs_y = 0},
    {.bitmap_index = 40484, .adv_w = 370, .box_w = 21, .box_h = 33, .ofs_x = 1, .ofs_y = 0},
    {.bitmap_index = 40680, .adv_w = 291, .box_w = 17, .box_h = 27, .ofs_x = 0, .ofs_y = 0},
    {.bitmap_index = 40820, .adv_w = 176, .box_w = 7, .box_h = 7, .ofs_x = 2, .ofs_y = 18},
    {.bitmap_index = 40846, .adv_w = 176, .box_w = 7, .box_h = 7, .ofs_x = 2, .ofs_y = -9},
    {.bitmap_index = 40872, .adv_w = 194, .box_w = 6, .box_h = 23, .ofs_x = 3, .ofs_y = -5},
    {.bitmap_index = 40908, .adv_w = 326, .box_w = 8, .box_h = 7, .ofs_x = 6, .ofs_y = 18},
    {.bitmap_index = 40935, .adv_w = 326, .box_w = 16, .box_h = 7, .ofs_x = 2, .ofs_y = 21},
    {.bitmap_index = 40976, .adv_w = 381, .box_w = 24, .box_h = 25, .ofs_x = 0, .ofs_y = 0},
    {.bitmap_index = 41179, .adv_w = 326, .box_w = 6, .box_h = 6, .ofs_x = 2, .ofs_y = 8},
    {.bitmap_index = 41196, .adv_w = 416, .box_w = 25, .box_h = 25, .ofs_x = 0, .ofs_y = 0},
    {.bitmap_index = 41287, .adv_w = 486, .box_w = 29, .box_h = 25, .ofs_x = 0, .ofs_y = 0},
    {.bitmap_index = 41372, .adv_w = 237, .box_w = 13, .box_h = 25, .ofs_x = 0, .ofs_y = 0},
    {.bitmap_index = 41419, .adv_w = 474, .box_w = 29, .box_h = 27, .ofs_x = 0, .ofs_y = -1},
    {.bitmap_index = 41677, .adv_w = 470, .box_w = 30, .box_h = 25, .ofs_x = 0, .ofs_y = 0},
    {.bitmap_index = 41841, .adv_w = 480, .box_w = 29, .box_h = 26, .ofs_x = 0, .ofs_y = 0},
    {.bitmap_index = 42081, .adv_w = 283, .box_w = 16, .box_h = 29, .ofs_x = 1, .ofs_y = -1},
    {.bitmap_index = 42179, .adv_w = 372, .box_w = 23, .box_h = 25, .ofs_x = 0, .ofs_y = 0},
    {.bitmap_index = 42362, .adv_w = 347, .box_w = 19, .box_h = 25, .ofs_x = 2, .ofs_y = 0},
    {.bitmap_index = 42499, .adv_w = 299, .box_w = 17, .box_h = 25, .ofs_x = 2, .ofs_y = 0},
    {.bitmap_index = 42529, .adv_w = 372, .box_w = 23, .box_h = 25, .ofs_x = 0, .ofs_y = 0},
    {.bitmap_index = 42712, .adv_w = 321, .box_w = 17, .box_h = 25, .ofs_x = 2, .ofs_y = 0},
    {.bitmap_index = 42755, .adv_w = 370, .box_w = 21, .box_h = 25, .ofs_x = 1, .ofs_y = 0},
    {.bitmap_index = 42898, .adv_w = 399, .box_w = 21, .box_h = 25, .ofs_x = 2, .ofs_y = 0},
    {.bitmap_index = 42936, .adv_w = 412, .box_w = 24, .box_h = 27, .ofs_x = 1, .ofs_y = -1},
    {.bitmap_index = 43156, .adv_w = 161, .box_w = 6, .box_h = 25, .ofs_x = 2, .ofs_y = 0},
    {.bitmap_index = 43165, .adv_w = 362, .box_w = 21, .box_h = 25, .ofs_x = 2, .ofs_y = 0},
    {.bitmap_index = 43324, .adv_w = 355, .box_w = 23, .box_h = 25, .ofs_x = 0, .ofs_y = 0},
    {.bitmap_index = 43516, .adv_w = 468, .box_w = 25, .box_h = 25, .ofs_x = 2, .ofs_y = 0},
    {.bitmap_index = 43694, .adv_w = 397, .box_w = 21, .box_h = 25, .ofs_x = 2, .ofs_y = 0},
    {.bitmap_index = 43817, .adv_w = 399, .box_w = 21, .box_h = 25, .ofs_x = 2, .ofs_y = 0},
    {.bitmap_index = 43870, .adv_w = 412, .box_w = 24, .box_h = 27, .ofs_x = 1, .ofs_y = -1},
    {.bitmap_index = 44088, .adv_w = 399, .box_w = 21, .box_h = 25, .ofs_x = 2, .ofs_y = 0},
    {.bitmap_index = 44122, .adv_w = 354, .box_w = 20, .box_h = 25, .ofs_x = 2, .ofs_y = 0},
    {.bitmap_index = 44224, .adv_w = 343, .box_w = 18, .box_h = 25, .ofs_x = 2, .ofs_y = 0},
    {.bitmap_index = 44337, .adv_w = 332, .box_w = 21, .box_h = 25, .ofs_x = 0, .ofs_y = 0},
    {.bitmap_index = 44376, .adv_w = 343, .box_w = 22, .box_h = 25, .ofs_x = 0, .ofs_y = 0},
    {.bitmap_index = 44502, .adv_w = 407, .box_w = 24, .box_h = 25, .ofs_x = 1, .ofs_y = 0},
    {.bitmap_index = 44682, .adv_w = 366, .box_w = 23, .box_h = 25, .ofs_x = 0, .ofs_y = 0},
    {.bitmap_index = 44879, .adv_w = 417, .box_w = 22, .box_h = 25, .ofs_x = 2, .ofs_y = 0},
    {.bitmap_index = 44975, .adv_w = 412, .box_w = 24, .box_h = 26, .ofs_x = 1, .ofs_y = 0},
    {.bitmap_index = 45172, .adv_w = 161, .box_w = 12, .box_h = 32, .ofs_x = -1, .ofs_y = 0},
    {.bitmap_index = 45209, .adv_w = 343, .box_w = 22, .box_h = 32, .ofs_x = 0, .ofs_y = 0},
    {.bitmap_index = 45360, .adv_w = 345, .box_w = 19, .box_h = 29, .ofs_x = 1, .ofs_y = -1},
    {.bitmap_index = 45530, .adv_w = 286, .box_w = 17, .box_h = 29, .ofs_x = 1, .ofs_y = -1},
    {.bitmap_index = 45702, .adv_w = 346, .box_w = 18, .box_h = 28, .ofs_x = 2, .ofs_y = 0},
    {.bitmap_index = 45819, .adv_w = 230, .box_w = 11, .box_h = 29, .ofs_x = 2, .ofs_y = -1},
    {.bitmap_index = 45889, .adv_w = 342, .box_w = 18, .box_h = 29, .ofs_x = 2, .ofs_y = -1},
    {.bitmap_index = 46026, .adv_w = 345, .box_w = 19, .box_h = 20, .ofs_x = 1, .ofs_y = -1},
    {.bitmap_index = 46151, .adv_w = 335, .box_w = 18, .box_h = 34, .ofs_x = 2, .ofs_y = -8},
    {.bitmap_index = 46319, .adv_w = 309, .box_w = 19, .box_h = 25, .ofs_x = 0, .ofs_y = -7},
    {.bitmap_index = 46458, .adv_w = 341, .box_w = 19, .box_h = 26, .ofs_x = 1, .ofs_y = -1},
    {.bitmap_index = 46627, .adv_w = 286, .box_w = 17, .box_h = 20, .ofs_x = 1, .ofs_y = -1},
    {.bitmap_index = 46754, .adv_w = 290, .box_w = 18, .box_h = 29, .ofs_x = 1, .ofs_y = -4},
    {.bitmap_index = 46908, .adv_w = 346, .box_w = 18, .box_h = 19, .ofs_x = 2, .ofs_y = 0},
    {.bitmap_index = 46980, .adv_w = 379, .box_w = 22, .box_h = 27, .ofs_x = 1, .ofs_y = -1},
    {.bitmap_index = 47180, .adv_w = 230, .box_w = 11, .box_h = 19, .ofs_x = 2, .ofs_y = -1},
    {.bitmap_index = 47216, .adv_w = 300, .box_w = 18, .box_h = 18, .ofs_x = 2, .ofs_y = 0},
    {.bitmap_index = 47314, .adv_w = 320, .box_w = 19, .box_h = 26, .ofs_x = 1, .ofs_y = 0},
    {.bitmap_index = 47482, .adv_w = 351, .box_w = 18, .box_h = 27, .ofs_x = 2, .ofs_y = -9},
    {.bitmap_index = 47560, .adv_w = 309, .box_w = 19, .box_h = 18, .ofs_x = 0, .ofs_y = 0},
    {.bitmap_index = 47684, .adv_w = 316, .box_w = 19, .box_h = 30, .ofs_x = 1, .ofs_y = -4},
    {.bitmap_index = 47873, .adv_w = 341, .box_w = 19, .box_h = 20, .ofs_x = 1, .ofs_y = -1},
    {.bitmap_index = 48009, .adv_w = 371, .box_w = 21, .box_h = 18, .ofs_x = 1, .ofs_y = 0},
    {.bitmap_index = 48045, .adv_w = 353, .box_w = 19, .box_h = 27, .ofs_x = 2, .ofs_y = -8},
    {.bitmap_index = 48185, .adv_w = 317, .box_w = 18, .box_h = 23, .ofs_x = 1, .ofs_y = -4},
    {.bitmap_index = 48327, .adv_w = 352, .box_w = 20, .box_h = 19, .ofs_x = 1, .ofs_y = -1},
    {.bitmap_index = 48459, .adv_w = 307, .box_w = 18, .box_h = 19, .ofs_x = 0, .ofs_y = -1},
    {.bitmap_index = 48524, .adv_w = 342, .box_w = 18, .box_h = 19, .ofs_x = 2, .ofs_y = -1},
    {.bitmap_index = 48600, .adv_w = 416, .box_w = 24, .box_h = 33, .ofs_x = 1, .ofs_y = -8},
    {.bitmap_index = 48793, .adv_w = 306, .box_w = 19, .box_h = 18, .ofs_x = 0, .ofs_y = 0},
    {.bitmap_index = 48920, .adv_w = 406, .box_w = 22, .box_h = 26, .ofs_x = 2, .ofs_y = -8},
    {.bitmap_index = 49017, .adv_w = 438, .box_w = 26, .box_h = 20, .ofs_x = 1, .ofs_y = -1},
    {.bitmap_index = 49202, .adv_w = 230, .box_w = 14, .box_h = 26, .ofs_x = -1, .ofs_y = -1},
    {.bitmap_index = 49269, .adv_w = 342, .box_w = 18, .box_h = 26, .ofs_x = 2, .ofs_y = -1},
    {.bitmap_index = 49369, .adv_w = 341, .box_w = 19, .box_h = 29, .ofs_x = 1, .ofs_y = -1},
    {.bitmap_index = 49550, .adv_w = 342, .box_w = 18, .box_h = 29, .ofs_x = 2, .ofs_y = -1},
    {.bitmap_index = 49673, .adv_w = 438, .box_w = 26, .box_h = 29, .ofs_x = 1, .ofs_y = -1},
    {.bitmap_index = 49903, .adv_w = 321, .box_w = 17, .box_h = 34, .ofs_x = 2, .ofs_y = 0},
    {.bitmap_index = 49992, .adv_w = 321, .box_w = 17, .box_h = 32, .ofs_x = 2, .ofs_y = 0},
    {.bitmap_index = 50059, .adv_w = 373, .box_w = 22, .box_h = 25, .ofs_x = 0, .ofs_y = 0},
    {.bitmap_index = 50198, .adv_w = 299, .box_w = 17, .box_h = 34, .ofs_x = 2, .ofs_y = 0},
    {.bitmap_index = 50274, .adv_w = 394, .box_w = 23, .box_h = 27, .ofs_x = 1, .ofs_y = -1},
    {.bitmap_index = 50471, .adv_w = 365, .box_w = 21, .box_h = 27, .ofs_x = 1, .ofs_y = -1},
    {.bitmap_index = 50676, .adv_w = 161, .box_w = 6, .box_h = 25, .ofs_x = 2, .ofs_y = 0},
    {.bitmap_index = 50685, .adv_w = 161, .box_w = 12, .box_h = 32, .ofs_x = -1, .ofs_y = 0},
    {.bitmap_index = 50722, .adv_w = 279, .box_w = 15, .box_h = 26, .ofs_x = 0, .ofs_y = -1},
    {.bitmap_index = 50784, .adv_w = 600, .box_w = 37, .box_h = 26, .ofs_x = 0, .ofs_y = -1},
    {.bitmap_index = 51000, .adv_w = 608, .box_w = 35, .box_h = 25, .ofs_x = 2, .ofs_y = 0},
    {.bitmap_index = 51121, .adv_w = 373, .box_w = 21, .box_h = 25, .ofs_x = 0, .ofs_y = 0},
    {.bitmap_index = 51213, .adv_w = 362, .box_w = 21, .box_h = 34, .ofs_x = 2, .ofs_y = 0},
    {.bitmap_index = 51419, .adv_w = 397, .box_w = 21, .box_h = 34, .ofs_x = 2, .ofs_y = 0},
    {.bitmap_index = 51592, .adv_w = 349, .box_w = 22, .box_h = 32, .ofs_x = 0, .ofs_y = 0},
    {.bitmap_index = 51817, .adv_w = 424, .box_w = 23, .box_h = 29, .ofs_x = 2, .ofs_y = -4},
    {.bitmap_index = 51866, .adv_w = 372, .box_w = 23, .box_h = 25, .ofs_x = 0, .ofs_y = 0},
    {.bitmap_index = 52049, .adv_w = 354, .box_w = 20, .box_h = 25, .ofs_x = 2, .ofs_y = 0},
    {.bitmap_index = 52151, .adv_w = 347, .box_w = 19, .box_h = 25, .ofs_x = 2, .ofs_y = 0},
    {.bitmap_index = 52288, .adv_w = 299, .box_w = 17, .box_h = 25, .ofs_x = 2, .ofs_y = 0},
    {.bitmap_index = 52318, .adv_w = 412, .box_w = 24, .box_h = 30, .ofs_x = 1, .ofs_y = -5},
    {.bitmap_index = 52460, .adv_w = 321, .box_w = 17, .box_h = 25, .ofs_x = 2, .ofs_y = 0},
    {.bitmap_index = 52503, .adv_w = 503, .box_w = 32, .box_h = 25, .ofs_x = 0, .ofs_y = 0},
    {.bitmap_index = 52761, .adv_w = 363, .box_w = 21, .box_h = 27, .ofs_x = 1, .ofs_y = -1},
    {.bitmap_index = 52945, .adv_w = 397, .box_w = 21, .box_h = 25, .ofs_x = 2, .ofs_y = 0},
    {.bitmap_index = 53072, .adv_w = 397, .box_w = 21, .box_h = 32, .ofs_x = 2, .ofs_y = 0},
    {.bitmap_index = 53247, .adv_w = 362, .box_w = 21, .box_h = 25, .ofs_x = 2, .ofs_y = 0},
    {.bitmap_index = 53406, .adv_w = 397, .box_w = 23, .box_h = 26, .ofs_x = 0, .ofs_y = -1},
    {.bitmap_index = 53549, .adv_w = 468, .box_w = 25, .box_h = 25, .ofs_x = 2, .ofs_y = 0},
    {.bitmap_index = 53727, .adv_w = 399, .box_w = 21, .box_h = 25, .ofs_x = 2, .ofs_y = 0},
    {.bitmap_index = 53765, .adv_w = 412, .box_w = 24, .box_h = 27, .ofs_x = 1, .ofs_y = -1},
    {.bitmap_index = 53983, .adv_w = 399, .box_w = 21, .box_h = 25, .ofs_x = 2, .ofs_y = 0},
    {.bitmap_index = 54017, .adv_w = 354, .box_w = 20, .box_h = 25, .ofs_x = 2, .ofs_y = 0},
    {.bitmap_index = 54119, .adv_w = 406, .box_w = 23, .box_h = 27, .ofs_x = 1, .ofs_y = -1},
    {.bitmap_index = 54316, .adv_w = 332, .box_w = 21, .box_h = 25, .ofs_x = 0, .ofs_y = 0},
    {.bitmap_index = 54355, .adv_w = 349, .box_w = 22, .box_h = 25, .ofs_x = 0, .ofs_y = 0},
    {.bitmap_index = 54531, .adv_w = 407, .box_w = 24, .box_h = 25, .ofs_x = 1, .ofs_y = 0},
    {.bitmap_index = 54711, .adv_w = 366, .box_w = 23, .box_h = 25, .ofs_x = 0, .ofs_y = 0},
    {.bitmap_index = 54908, .adv_w = 414, .box_w = 24, .box_h = 30, .ofs_x = 2, .ofs_y = -5},
    {.bitmap_index = 54967, .adv_w = 373, .box_w = 19, .box_h = 25, .ofs_x = 2, .ofs_y = 0},
    {.bitmap_index = 55049, .adv_w = 522, .box_w = 29, .box_h = 25, .ofs_x = 2, .ofs_y = 0},
    {.bitmap_index = 55104, .adv_w = 534, .box_w = 32, .box_h = 29, .ofs_x = 2, .ofs_y = -4},
    {.bitmap_index = 55177, .adv_w = 366, .box_w = 23, .box_h = 25, .ofs_x = 0, .ofs_y = 0},
    {.bitmap_index = 55282, .adv_w = 488, .box_w = 27, .box_h = 25, .ofs_x = 2, .ofs_y = 0},
    {.bitmap_index = 55390, .adv_w = 358, .box_w = 20, .box_h = 25, .ofs_x = 2, .ofs_y = 0},
    {.bitmap_index = 55485, .adv_w = 394, .box_w = 23, .box_h = 27, .ofs_x = 1, .ofs_y = -1},
    {.bitmap_index = 55683, .adv_w = 520, .box_w = 30, .box_h = 27, .ofs_x = 2, .ofs_y = -1},
    {.bitmap_index = 55920, .adv_w = 364, .box_w = 20, .box_h = 25, .ofs_x = 1, .ofs_y = 0},
    {.bitmap_index = 56057, .adv_w = 317, .box_w = 17, .box_h = 20, .ofs_x = 1, .ofs_y = -1},
    {.bitmap_index = 56186, .adv_w = 328, .box_w = 19, .box_h = 27, .ofs_x = 1, .ofs_y = -1},
    {.bitmap_index = 56375, .adv_w = 308, .box_w = 17, .box_h = 18, .ofs_x = 2, .ofs_y = 0},
    {.bitmap_index = 56469, .adv_w = 264, .box_w = 14, .box_h = 18, .ofs_x = 2, .ofs_y = 0},
    {.bitmap_index = 56492, .adv_w = 351, .box_w = 20, .box_h = 23, .ofs_x = 1, .ofs_y = -5},
    {.bitmap_index = 56598, .adv_w = 331, .box_w = 19, .box_h = 20, .ofs_x = 1, .ofs_y = -1},
    {.bitmap_index = 56735, .adv_w = 429, .box_w = 27, .box_h = 18, .ofs_x = 0, .ofs_y = 0},
    {.bitmap_index = 56900, .adv_w = 286, .box_w = 17, .box_h = 20, .ofs_x = 0, .ofs_y = -1},
    {.bitmap_index = 57027, .adv_w = 338, .box_w = 17, .box_h = 18, .ofs_x = 2, .ofs_y = 0},
    {.bitmap_index = 57110, .adv_w = 338, .box_w = 17, .box_h = 26, .ofs_x = 2, .ofs_y = 0},
    {.bitmap_index = 57239, .adv_w = 300, .box_w = 18, .box_h = 18, .ofs_x = 2, .ofs_y = 0},
    {.bitmap_index = 57337, .adv_w = 335, .box_w = 19, .box_h = 19, .ofs_x = 0, .ofs_y = -1},
    {.bitmap_index = 57438, .adv_w = 400, .box_w = 21, .box_h = 18, .ofs_x = 2, .ofs_y = 0},
    {.bitmap_index = 57554, .adv_w = 344, .box_w = 18, .box_h = 18, .ofs_x = 2, .ofs_y = 0},
    {.bitmap_index = 57585, .adv_w = 341, .box_w = 19, .box_h = 20, .ofs_x = 1, .ofs_y = -1},
    {.bitmap_index = 57721, .adv_w = 338, .box_w = 17, .box_h = 18, .ofs_x = 2, .ofs_y = 0},
    {.bitmap_index = 57744, .adv_w = 339, .box_w = 18, .box_h = 27, .ofs_x = 2, .ofs_y = -8},
    {.bitmap_index = 57872, .adv_w = 317, .box_w = 18, .box_h = 20, .ofs_x = 1, .ofs_y = -1},
    {.bitmap_index = 57999, .adv_w = 294, .box_w = 18, .box_h = 18, .ofs_x = 0, .ofs_y = 0},
    {.bitmap_index = 58028, .adv_w = 310, .box_w = 20, .box_h = 26, .ofs_x = 0, .ofs_y = -8},
    {.bitmap_index = 58201, .adv_w = 416, .box_w = 24, .box_h = 32, .ofs_x = 1, .ofs_y = -7},
    {.bitmap_index = 58391, .adv_w = 306, .box_w = 19, .box_h = 18, .ofs_x = 0, .ofs_y = 0},
    {.bitmap_index = 58518, .adv_w = 361, .box_w = 21, .box_h = 23, .ofs_x = 2, .ofs_y = -5},
    {.bitmap_index = 58564, .adv_w = 319, .box_w = 17, .box_h = 18, .ofs_x = 1, .ofs_y = 0},
    {.bitmap_index = 58622, .adv_w = 436, .box_w = 23, .box_h = 18, .ofs_x = 2, .ofs_y = 0},
    {.bitmap_index = 58660, .adv_w = 427, .box_w = 25, .box_h = 23, .ofs_x = 2, .ofs_y = -5},
    {.bitmap_index = 58717, .adv_w = 332, .box_w = 20, .box_h = 18, .ofs_x = 0, .ofs_y = 0},
    {.bitmap_index = 58806, .adv_w = 415, .box_w = 22, .box_h = 18, .ofs_x = 2, .ofs_y = 0},
    {.bitmap_index = 58890, .adv_w = 316, .box_w = 17, .box_h = 18, .ofs_x = 2, .ofs_y = 0},
    {.bitmap_index = 58963, .adv_w = 318, .box_w = 18, .box_h = 20, .ofs_x = 1, .ofs_y = -1},
    {.bitmap_index = 59093, .adv_w = 474, .box_w = 27, .box_h = 20, .ofs_x = 2, .ofs_y = -1},
    {.bitmap_index = 59263, .adv_w = 323, .box_w = 17, .box_h = 18, .ofs_x = 1, .ofs_y = 0},
    {.bitmap_index = 59355, .adv_w = 331, .box_w = 19, .box_h = 29, .ofs_x = 1, .ofs_y = -1},
    {.bitmap_index = 59536, .adv_w = 331, .box_w = 19, .box_h = 27, .ofs_x = 1, .ofs_y = -1},
    {.bitmap_index = 59695, .adv_w = 346, .box_w = 20, .box_h = 34, .ofs_x = 0, .ofs_y = -9},
    {.bitmap_index = 59840, .adv_w = 264, .box_w = 14, .box_h = 28, .ofs_x = 2, .ofs_y = 0},
    {.bitmap_index = 59901, .adv_w = 318, .box_w = 18, .box_h = 20, .ofs_x = 1, .ofs_y = -1},
    {.bitmap_index = 60029, .adv_w = 298, .box_w = 17, .box_h = 20, .ofs_x = 1, .ofs_y = -1},
    {.bitmap_index = 60165, .adv_w = 161, .box_w = 6, .box_h = 26, .ofs_x = 2, .ofs_y = 0},
    {.bitmap_index = 60187, .adv_w = 161, .box_w = 12, .box_h = 26, .ofs_x = -1, .ofs_y = 0},
    {.bitmap_index = 60221, .adv_w = 164, .box_w = 9, .box_h = 34, .ofs_x = -1, .ofs_y = -8},
    {.bitmap_index = 60269, .adv_w = 469, .box_w = 28, .box_h = 19, .ofs_x = 0, .ofs_y = -1},
    {.bitmap_index = 60424, .adv_w = 460, .box_w = 26, .box_h = 18, .ofs_x = 2, .ofs_y = 0},
    {.bitmap_index = 60519, .adv_w = 346, .box_w = 20, .box_h = 25, .ofs_x = 0, .ofs_y = 0},
    {.bitmap_index = 60623, .adv_w = 300, .box_w = 18, .box_h = 28, .ofs_x = 2, .ofs_y = 0},
    {.bitmap_index = 60767, .adv_w = 338, .box_w = 17, .box_h = 28, .ofs_x = 2, .ofs_y = 0},
    {.bitmap_index = 60896, .adv_w = 310, .box_w = 20, .box_h = 34, .ofs_x = 0, .ofs_y = -8},
    {.bitmap_index = 61113, .adv_w = 338, .box_w = 17, .box_h = 22, .ofs_x = 2, .ofs_y = -4},
    {.bitmap_index = 61147, .adv_w = 305, .box_w = 17, .box_h = 29, .ofs_x = 2, .ofs_y = 0},
    {.bitmap_index = 61185, .adv_w = 264, .box_w = 14, .box_h = 23, .ofs_x = 2, .ofs_y = 0},
    {.bitmap_index = 61218, .adv_w = 343, .box_w = 22, .box_h = 25, .ofs_x = 0, .ofs_y = 0},
    {.bitmap_index = 61344, .adv_w = 309, .box_w = 19, .box_h = 25, .ofs_x = 0, .ofs_y = -7},
    {.bitmap_index = 61483, .adv_w = 373, .box_w = 19, .box_h = 25, .ofs_x = 2, .ofs_y = 0},
    {.bitmap_index = 61561, .adv_w = 319, .box_w = 17, .box_h = 18, .ofs_x = 2, .ofs_y = 0},
    {.bitmap_index = 61616, .adv_w = 423, .box_w = 24, .box_h = 27, .ofs_x = 1, .ofs_y = -1},
    {.bitmap_index = 61824, .adv_w = 341, .box_w = 19, .box_h = 20, .ofs_x = 1, .ofs_y = -1},
    {.bitmap_index = 61958, .adv_w = 294, .box_w = 15, .box_h = 4, .ofs_x = 2, .ofs_y = 9},
    {.bitmap_index = 61968, .adv_w = 424, .box_w = 23, .box_h = 4, .ofs_x = 2, .ofs_y = 9},
    {.bitmap_index = 61979, .adv_w = 166, .box_w = 6, .box_h = 10, .ofs_x = 2, .ofs_y = 15},
    {.bitmap_index = 62002, .adv_w = 166, .box_w = 5, .box_h = 10, .ofs_x = 3, .ofs_y = 15},
    {.bitmap_index = 62023, .adv_w = 259, .box_w = 12, .box_h = 10, .ofs_x = 2, .ofs_y = 15},
    {.bitmap_index = 62069, .adv_w = 259, .box_w = 12, .box_h = 10, .ofs_x = 2, .ofs_y = 15},
    {.bitmap_index = 62114, .adv_w = 392, .box_w = 11, .box_h = 11, .ofs_x = 7, .ofs_y = 6},
    {.bitmap_index = 62158, .adv_w = 400, .box_w = 21, .box_h = 5, .ofs_x = 2, .ofs_y = 0},
    {.bitmap_index = 62180, .adv_w = 294, .box_w = 15, .box_h = 5, .ofs_x = 2, .ofs_y = 10}
};

/*---------------------
 *  CHARACTER MAPPING
 *--------------------*/

static const uint8_t glyph_id_ofs_list_3[] = {
    0, 1, 2, 3, 0, 0, 4, 5,
    6, 7, 0, 8, 9, 10, 11, 12,
    13, 0, 0, 14, 15, 16, 17, 18,
    19, 20, 21, 0, 22, 23, 24, 25
};

static const uint16_t unicode_list_5[] = {
    0x0, 0x1, 0xa, 0x10, 0x11, 0x12, 0x13, 0x14,
    0x15, 0x16, 0x18
};

static const uint16_t unicode_list_9[] = {
    0x0, 0x1, 0x1e, 0x1f, 0x2a, 0x2b, 0x58, 0x59,
    0x1b83, 0x1b84, 0x1b88, 0x1b89, 0x1b8c, 0x1b8d, 0x1b92, 0x1b96,
    0x1d82
};

/*Collect the unicode lists and glyph_id offsets*/
static const lv_font_fmt_txt_cmap_t cmaps[] =
{
    {
        .range_start = 32, .range_length = 95, .glyph_id_start = 1,
        .unicode_list = NULL, .glyph_id_ofs_list = NULL, .list_length = 0, .type = LV_FONT_FMT_TXT_CMAP_FORMAT0_TINY
    },
    {
        .range_start = 160, .range_length = 116, .glyph_id_start = 96,
        .unicode_list = NULL, .glyph_id_ofs_list = NULL, .list_length = 0, .type = LV_FONT_FMT_TXT_CMAP_FORMAT0_TINY
    },
    {
        .range_start = 278, .range_length = 22, .glyph_id_start = 212,
        .unicode_list = NULL, .glyph_id_ofs_list = NULL, .list_length = 0, .type = LV_FONT_FMT_TXT_CMAP_FORMAT0_TINY
    },
    {
        .range_start = 302, .range_length = 32, .glyph_id_start = 234,
        .unicode_list = NULL, .glyph_id_ofs_list = glyph_id_ofs_list_3, .list_length = 32, .type = LV_FONT_FMT_TXT_CMAP_FORMAT0_FULL
    },
    {
        .range_start = 336, .range_length = 47, .glyph_id_start = 260,
        .unicode_list = NULL, .glyph_id_ofs_list = NULL, .list_length = 0, .type = LV_FONT_FMT_TXT_CMAP_FORMAT0_TINY
    },
    {
        .range_start = 884, .range_length = 25, .glyph_id_start = 307,
        .unicode_list = unicode_list_5, .glyph_id_ofs_list = NULL, .list_length = 11, .type = LV_FONT_FMT_TXT_CMAP_SPARSE_TINY
    },
    {
        .range_start = 910, .range_length = 20, .glyph_id_start = 318,
        .unicode_list = NULL, .glyph_id_ofs_list = NULL, .list_length = 0, .type = LV_FONT_FMT_TXT_CMAP_FORMAT0_TINY
    },
    {
        .range_start = 931, .range_length = 44, .glyph_id_start = 338,
        .unicode_list = NULL, .glyph_id_ofs_list = NULL, .list_length = 0, .type = LV_FONT_FMT_TXT_CMAP_FORMAT0_TINY
    },
    {
        .range_start = 1024, .range_length = 96, .glyph_id_start = 382,
        .unicode_list = NULL, .glyph_id_ofs_list = NULL, .list_length = 0, .type = LV_FONT_FMT_TXT_CMAP_FORMAT0_TINY
    },
    {
        .range_start = 1168, .range_length = 7555, .glyph_id_start = 478,
        .unicode_list = unicode_list_9, .glyph_id_ofs_list = NULL, .list_length = 17, .type = LV_FONT_FMT_TXT_CMAP_SPARSE_TINY
    }
};

/*-----------------
 *    KERNING
 *----------------*/


/*Map glyph_ids to kern left classes*/
static const uint8_t kern_left_class_mapping[] =
{
    0, 0, 0, 1, 0, 2, 0, 0,
    3, 4, 0, 0, 0, 5, 6, 7,
    8, 0, 9, 10, 0, 11, 12, 13,
    14, 0, 0, 15, 0, 0, 0, 0,
    0, 0, 16, 17, 18, 19, 20, 21,
    22, 0, 23, 24, 25, 26, 0, 0,
    27, 28, 29, 30, 31, 32, 33, 34,
    34, 35, 36, 37, 4, 0, 0, 0,
    0, 0, 38, 39, 40, 23, 41, 42,
    43, 44, 45, 0, 46, 45, 47, 47,
    48, 48, 23, 49, 50, 51, 23, 52,
    52, 53, 54, 55, 4, 0, 0, 0,
    0, 0, 56, 0, 57, 58, 0, 0,
    0, 0, 0, 0, 0, 0, 0, 0,
    0, 0, 0, 0, 0, 0, 0, 0,
    0, 0, 0, 0, 0, 0, 0, 0,
    16, 16, 16, 16, 16, 16, 20, 18,
    20, 20, 20, 20, 0, 0, 0, 0,
    19, 0, 27, 27, 27, 27, 27, 0,
    27, 33, 33, 33, 33, 36, 59, 60,
    38, 38, 38, 38, 38, 38, 41, 40,
    41, 41, 41, 41, 45, 45, 45, 45,
    60, 0, 48, 48, 48, 48, 48, 0,
    48, 23, 23, 23, 23, 54, 61, 54,
    16, 38, 16, 38, 16, 38, 18, 40,
    18, 40, 18, 40, 18, 40, 19, 62,
    19, 0, 20, 41, 20, 41, 0, 41,
    20, 41, 22, 43, 22, 43, 22, 43,
    22, 43, 0, 44, 0, 44, 0, 45,
    0, 45, 0, 45, 0, 45, 24, 0,
    25, 46, 26, 0, 0, 0, 26, 62,
    26, 53, 0, 0, 0, 0, 0, 0,
    0, 0, 27, 48, 27, 48, 20, 41,
    0, 49, 30, 49, 30, 49, 0, 50,
    31, 50, 31, 50, 31, 50, 32, 51,
    32, 62, 35, 51, 33, 23, 33, 23,
    33, 23, 33, 23, 33, 23, 33, 23,
    34, 52, 36, 54, 36, 37, 55, 37,
    55, 37, 55, 62, 62, 0, 0, 0,
    16, 0, 20, 0, 0, 27, 36, 27,
    63, 16, 17, 32, 16, 0, 37, 0,
    27, 23, 25, 16, 0, 0, 0, 27,
    0, 0, 0, 32, 36, 27, 35, 0,
    27, 0, 36, 23, 53, 47, 63, 47,
    23, 0, 52, 48, 48, 53, 47, 27,
    63, 46, 64, 23, 52, 65, 48, 42,
    48, 40, 66, 51, 47, 48, 53, 44,
    48, 63, 47, 48, 47, 48, 20, 20,
    60, 0, 18, 0, 23, 0, 0, 67,
    67, 17, 0, 0, 0, 0, 16, 59,
    17, 32, 0, 20, 25, 17, 0, 0,
    25, 0, 0, 0, 27, 0, 59, 18,
    32, 36, 27, 35, 0, 0, 0, 0,
    17, 0, 17, 27, 27, 0, 38, 48,
    0, 49, 23, 41, 53, 0, 23, 23,
    46, 23, 23, 23, 48, 23, 61, 40,
    49, 54, 48, 53, 0, 23, 23, 0,
    60, 23, 60, 48, 48, 23, 41, 41,
    44, 0, 40, 0, 45, 45, 0, 60,
    60, 44, 0, 23, 54, 0, 32, 49,
    36, 52, 17, 0, 27, 48, 0, 0,
    0, 68, 69, 70, 0, 0, 0
};

/*Map glyph_ids to kern right classes*/
static const uint8_t kern_right_class_mapping[] =
{
    0, 1, 0, 2, 0, 3, 0, 0,
    4, 5, 6, 0, 0, 7, 8, 7,
    9, 0, 10, 11, 12, 13, 0, 0,
    0, 0, 14, 15, 16, 0, 0, 0,
    0, 0, 17, 0, 18, 0, 0, 0,
    19, 0, 20, 21, 0, 0, 0, 0,
    19, 0, 22, 0, 23, 24, 25, 26,
    26, 27, 28, 29, 5, 0, 6, 0,
    0, 0, 30, 20, 31, 31, 31, 32,
    33, 34, 35, 0, 34, 35, 36, 36,
    31, 36, 37, 38, 39, 40, 41, 42,
    42, 43, 44, 45, 5, 0, 6, 0,
    1, 0, 46, 0, 47, 48, 0, 0,
    0, 0, 0, 0, 0, 0, 0, 0,
    0, 0, 0, 0, 0, 0, 0, 0,
    0, 0, 0, 0, 0, 0, 0, 0,
    17, 17, 17, 17, 17, 17, 17, 19,
    0, 0, 0, 0, 0, 0, 0, 0,
    0, 49, 19, 19, 19, 19, 19, 0,
    19, 25, 25, 25, 25, 28, 0, 0,
    30, 30, 30, 30, 30, 30, 30, 31,
    50, 50, 50, 50, 35, 35, 35, 35,
    51, 20, 31, 31, 31, 31, 31, 0,
    31, 41, 41, 41, 41, 44, 52, 44,
    17, 30, 17, 30, 17, 30, 19, 31,
    18, 31, 19, 31, 19, 31, 0, 51,
    0, 51, 0, 50, 0, 50, 0, 50,
    0, 50, 19, 33, 19, 33, 53, 33,
    53, 33, 0, 34, 0, 34, 0, 35,
    0, 35, 0, 35, 0, 35, 21, 0,
    0, 34, 0, 54, 0, 54, 0, 54,
    0, 31, 49, 20, 49, 20, 49, 20,
    49, 20, 19, 31, 19, 31, 19, 31,
    0, 38, 0, 38, 0, 38, 0, 39,
    23, 39, 23, 39, 23, 39, 24, 40,
    24, 40, 27, 40, 25, 41, 25, 41,
    25, 41, 25, 41, 25, 41, 25, 41,
    26, 42, 28, 44, 28, 29, 45, 29,
    45, 29, 45, 55, 55, 0, 0, 0,
    17, 0, 0, 0, 0, 19, 28, 19,
    41, 17, 0, 0, 17, 0, 29, 0,
    19, 20, 0, 17, 0, 0, 0, 19,
    0, 0, 0, 24, 28, 19, 27, 0,
    19, 0, 28, 31, 56, 36, 41, 41,
    31, 0, 42, 31, 56, 31, 36, 19,
    41, 34, 57, 52, 42, 58, 31, 32,
    59, 31, 31, 60, 41, 31, 43, 41,
    31, 41, 41, 31, 41, 31, 0, 0,
    24, 0, 18, 0, 20, 0, 0, 27,
    0, 26, 0, 0, 0, 0, 17, 49,
    0, 0, 17, 0, 27, 19, 49, 49,
    0, 17, 0, 0, 19, 0, 0, 19,
    24, 27, 19, 27, 0, 0, 0, 0,
    24, 0, 0, 27, 0, 49, 30, 61,
    20, 38, 31, 50, 43, 43, 20, 20,
    34, 31, 36, 20, 31, 20, 52, 31,
    60, 44, 31, 43, 20, 20, 20, 20,
    0, 20, 20, 31, 20, 30, 50, 50,
    34, 0, 58, 0, 35, 35, 0, 20,
    20, 34, 0, 20, 44, 0, 0, 38,
    28, 42, 0, 20, 19, 31, 0, 0,
    0, 62, 63, 64, 0, 0, 0
};

/*Kern values between classes*/
static const int8_t kern_class_values[] =
{
    0, 0, 0, 0, 0, 0, -114, 0,
    0, 0, 0, 0, 0, 0, 0, 0,
    0, 0, 0, 0, 0, 0, 0, 0,
    0, 0, 0, 0, 0, 0, -16, 0,
    -16, 0, 0, 0, -16, 0, -16, 0,
    0, 0, 0, 0, 0, -16, 0, 0,
    0, 0, -16, 0, 0, 0, 0, 0,
    0, -16, 0, 0, 0, 0, 0, 0,
    0, 0, 8, 0, 0, -33, -14, 0,
    0, 0, 0, 0, 0, 0, 0, 0,
    0, 0, 0, 0, 0, 0, 0, 0,
    0, 0, 0, 0, 0, 0, 0, 0,
    0, 0, 0, 0, 0, 0, 0, 0,
    0, 0, 0, 0, 0, 0, 0, -16,
    0, 0, 0, 0, 0, 0, 0, 0,
    0, 0, 0, 0, 0, 0, 0, 0,
    0, 0, -33, 5, 0, 0, 0, 0,
    0, 0, 0, 0, -65, 0, 0, 0,
    0, 0, 0, 0, 0, 0, 0, 0,
    0, 0, 0, 0, 0, 0, 0, 0,
    0, 0, 0, 0, 0, 0, 0, 0,
    0, 0, 0, 0, 0, -16, 0, 0,
    0, 0, 0, 0, 0, 0, 0, 0,
    0, 0, 0, 0, 0, 5, 0, 0,
    0, 0, 0, 0, 0, 0, 0, 0,
    0, 0, 0, 0, 0, 0, 0, 0,
    0, 0, 0, 0, 0, 0, 0, 0,
    0, 0, 0, 0, 0, 0, 0, 0,
    0, 0, 0, 0, 0, 0, 0, 0,
    0, 0, 0, 0, 0, 0, -27, 0,
    0, 0, 0, 0, 0, 0, 0, 0,
    0, 0, 0, 0, 0, 0, 0, 0,
    0, 0, 0, 0, 0, 0, 0, 0,
    0, -65, 0, 0, 0, 0, 0, 0,
    0, 0, 0, 0, 0, 0, 0, 0,
    0, 0, 0, 0, 0, 0, 0, 0,
    0, 0, 0, 0, 0, 0, 0, 0,
    0, 0, 0, 0, 0, 0, 0, 0,
    0, 0, 0, 0, 0, 0, 0, 0,
    0, 0, 0, 0, 0, 0, 0, 0,
    0, 0, 0, 0, 0, 0, 0, 0,
    0, 0, 0, -22, -11, 0, 0, 0,
    -11, 0, 0, 0, -16, 0, 0, -44,
    0, -24, -27, -44, 0, 0, 0, 0,
    0, 0, 0, 0, 0, 0, 0, 0,
    0, 0, -11, 0, 0, 0, 0, -44,
    0, 0, 0, 0, 0, 0, 0, 0,
    0, 0, 0, 0, 0, 0, 0, 0,
    0, 0, 0, 0, 0, 0, 0, 0,
    0, -65, 0, 0, 0, 0, 0, 0,
    0, 0, 0, 0, 0, 0, 0, 0,
    0, 0, 0, 0, 0, 0, 0, 0,
    0, 0, 0, 0, 0, 0, 0, 0,
    0, 0, 0, 0, 0, 0, 0, 0,
    0, 0, 0, 0, 0, 0, 0, 0,
    0, 0, 0, 0, 0, 0, 0, -65,
    0, 0, 0, 0, 0, 0, 0, 0,
    -76, 0, 0, 0, 0, 0, 0, 0,
    0, 0, 0, 0, 0, 0, 0, 0,
    0, 0, 0, 0, 0, -16, -27, 0,
    0, 0, 0, -16, 0, 0, -16, 0,
    0, 0, -11, 0, 0, 0, 0, 0,
    0, 0, 0, 0, 0, 0, 0, 0,
    0, 0, 0, 0, 0, 0, 0, 0,
    0, 0, 0, 0, 0, 0, -22, 0,
    0, 0, 0, 0, 0, 0, 0, 0,
    0, 0, 0, 0, 0, 0, 0, 0,
    0, 0, 0, 0, 0, 0, 0, 0,
    0, 0, 0, 0, 0, 0, 0, 0,
    0, 0, 0, 0, 0, 0, 0, 0,
    0, 0, 0, 0, 0, 0, 0, 0,
    0, 0, 0, 0, 0, 0, 0, 0,
    0, 0, 0, 0, 0, 0, 0, 0,
    0, 0, 0, 0, -11, 0, 0, 0,
    -11, 0, 0, 0, 0, 0, 0, 0,
    0, 0, 0, 0, 0, 0, 0, 0,
    0, 0, 0, 0, 0, 0, 0, 0,
    0, 0, 0, 0, 0, 0, 0, 0,
    0, 0, 0, 0, 0, 0, 0, 0,
    0, 0, 0, 0, 0, 0, 0, 0,
    0, -16, 0, -16, 0, -22, -11, 0,
    0, 0, 0, 0, -11, -16, 0, 0,
    0, 0, 0, 0, 0, 0, 0, 0,
    0, 0, 0, 0, 0, 0, 0, 0,
    0, 0, 0, 0, 0, 0, 0, 0,
    0, 0, 0, 0, 0, 0, 0, -44,
    0, 0, 0, 0, 0, 0, 0, 0,
    0, 0, 0, 0, 0, -11, -16, -16,
    0, 0, 0, 0, 0, 0, 0, 0,
    0, 0, -14, 0, 0, 0, 0, 0,
    0, 0, 0, 0, 0, 0, 0, 0,
    0, 0, 0, 0, 0, 0, 0, 0,
    0, 0, 0, 0, 0, 0, 0, 0,
    0, 0, 0, 0, 0, 0, 0, 0,
    0, 0, 0, 0, 0, 0, 0, 0,
    0, 0, 0, 0, 0, 0, 0, 0,
    0, 0, 0, 0, 0, 0, 0, 0,
    0, -8, 0, 0, 0, -16, 0, 0,
    0, 0, 0, 0, 0, 0, 0, 0,
    0, 0, 0, 0, 0, 0, 0, 0,
    0, 0, 0, 0, 0, 0, 0, 0,
    0, 0, 0, 0, 0, 0, 0, 0,
    0, 0, 0, 0, 0, 0, 0, 0,
    0, 0, 0, 0, 0, 0, 0, 0,
    0, 0, 0, 0, 0, 0, 0, 0,
    0, 0, 0, 0, -22, 0, 0, 0,
    -22, 0, 0, 0, 0, 0, 0, 0,
    0, 0, 0, 0, 0, 0, 0, 0,
    0, 0, 0, 0, 0, 0, 0, 0,
    0, 0, 0, 0, 0, 0, 0, 0,
    0, 0, 0, 0, 0, 0, 0, 0,
    0, 0, 0, 0, 0, 0, 0, 0,
    0, 0, 0, 0, 0, 0, 0, 0,
    -44, 0, 0, 0, 0, 0, 0, 0,
    0, 0, 0, 0, 0, 0, 0, 0,
    0, 0, 0, 0, 0, 0, 0, 0,
    0, 0, 0, 0, 0, 0, 0, 0,
    0, 0, 0, 0, 0, 0, 0, 0,
    0, 0, 0, 0, 0, 0, 0, 0,
    0, 0, 0, 0, 0, 0, 0, 0,
    0, -54, -11, -54, 0, 0, 0, -22,
    0, 0, 0, 0, 16, 0, 0, 0,
    16, -11, -11, 0, 0, -11, -11, -33,
    -11, -38, 0, -33, 0, 0, 0, -14,
    0, 0, 0, 0, 0, 0, 0, -11,
    0, -22, 0, -27, 0, 0, -11, -33,
    0, 0, 0, 0, -11, 0, -54, 0,
    0, 0, 0, 0, 0, -44, -65, -44,
    0, 0, 0, 0, 0, 0, -16, 0,
    0, 0, 0, 0, 0, 0, 0, 0,
    0, 0, 0, 0, 0, 0, 0, -11,
    0, -16, -16, -16, 0, 0, 0, 0,
    0, 0, 0, 0, 0, 0, 0, 0,
    0, 0, 0, 0, 0, 0, 0, -16,
    0, 0, 0, 0, 0, 0, 0, 0,
    0, 0, 0, 0, 0, 0, 0, 0,
    0, 0, 16, 0, 0, -33, -27, 0,
    0, 0, 0, 0, -11, 0, 0, 0,
    -11, 0, 0, 0, 0, 0, 16, 0,
    0, -11, -16, -16, 0, 0, 0, 0,
    0, 0, 0, 0, 0, 0, 0, 0,
    0, 0, 0, 0, 0, 0, 0, -16,
    0, 0, 0, 0, 0, 0, 0, 0,
    0, 0, 0, 0, 0, 0, 0, 0,
    0, 0, 0, 0, 0, -33, -27, 0,
    0, 0, 0, 0, -11, 0, 0, 0,
    -11, 0, 0, 0, 0, 0, 0, -11,
    0, -16, -16, -16, -14, 0, 0, 0,
    0, 0, 0, 0, 0, 0, 0, 0,
    0, 0, 0, 0, 0, 0, 0, -16,
    0, 0, 0, 0, 0, 0, 0, 0,
    0, 0, 0, 0, 0, 0, 0, 0,
    0, 0, 0, 0, 0, 0, 0, 0,
    0, 0, 0, 0, 0, 0, 0, 0,
    0, -14, -16, 0, 0, -16, 0, 0,
    0, 0, 0, 0, 0, 0, 0, 0,
    0, 0, 0, 0, 0, 0, 0, 0,
    0, 0, 0, 0, 0, 0, -16, 0,
    0, 0, 0, 0, 0, 0, 0, 0,
    0, 0, 0, 0, 0, 0, 0, 0,
    0, 0, 0, 0, 0, 0, -63, 0,
    0, 0, 0, 0, -5, 0, 0, 0,
    -5, 0, 0, 0, -27, 0, 0, 0,
    0, 0, 0, 0, 0, -11, -8, 0,
    0, 0, 0, 0, -11, 0, 0, 0,
    0, 0, 0, 0, 0, -11, 0, 0,
    0, -11, 0, 0, 0, 0, 0, 0,
    0, -11, 0, 0, 0, 0, 0, 0,
    0, 0, 0, 0, 0, 0, -27, 0,
    0, 0, 0, 0, -11, 0, 0, 0,
    -11, 0, 0, 0, 0, 0, 0, -11,
    0, -16, -16, -16, 0, 0, 0, 0,
    0, 0, 0, 0, 0, 0, 0, 0,
    0, 0, 0, 0, 0, 0, 0, -16,
    0, 0, 0, 0, 0, 0, 0, 0,
    0, 0, 0, 0, 0, 0, 0, 0,
    0, 0, 0, 0, 0, 0, 0, 0,
    0, 0, 0, 0, 0, 0, 0, 0,
    0, 0, 0, 0, 0, 0, 0, 0,
    0, 0, 0, -22, 0, 0, 0, 0,
    0, 0, 0, 0, 0, 0, 0, 0,
    0, 0, 0, 0, 0, 0, 0, -22,
    0, 0, 0, 0, 0, 0, 0, 0,
    0, 0, 0, 0, 0, 0, 0, 0,
    0, 0, 0, 0, 0, 0, -27, 0,
    0, 0, 0, 0, -11, 0, 0, 0,
    -11, 0, 0, 0, 0, 0, 0, 0,
    0, 0, 0, 0, 0, 0, 0, 0,
    0, 0, 0, 0, 0, 0, 0, 0,
    0, 0, 0, 0, 0, 0, 0, 0,
    0, 0, 0, 0, 0, 0, 0, 0,
    0, 0, 0, 0, 0, 0, 0, 0,
    -11, 0, -16, 0, 0, 0, 0, -27,
    0, 0, 0, 0, 0, 0, 0, 0,
    0, -16, -22, 0, 0, -16, -16, 0,
    0, 0, 0, 0, 0, 0, -22, 0,
    -16, 0, 0, 0, -19, 0, -11, -17,
    -19, 0, 0, -24, 0, -19, -22, 0,
    0, -16, -19, 0, -16, 0, 0, 0,
    0, -19, 0, 0, 0, 0, -11, 0,
    -27, -65, 0, -65, 0, -16, 0, -44,
    0, 0, 0, 0, 0, 0, 0, 0,
    0, 0, -11, 0, 0, -11, 0, -54,
    0, -44, 0, -54, 0, 0, 0, -11,
    0, 0, 0, 0, 0, 0, 0, -14,
    0, -19, 0, -27, 0, 0, -11, -54,
    0, 0, 0, 0, 0, 0, -65, 0,
    0, 0, 0, 0, 0, -65, -65, -65,
    0, 0, 0, 0, 0, -33, -27, 0,
    0, 0, 0, 0, -11, 0, 0, 0,
    -11, 0, 0, 0, 0, 0, 0, -11,
    0, -16, -27, -16, 0, 0, 0, 0,
    0, 0, 0, 0, 0, 0, 0, 0,
    0, 0, -11, 0, 0, 0, 0, -16,
    0, 0, 0, 0, 0, 0, 0, 0,
    0, 0, 0, 0, 0, 0, 0, 0,
    0, 0, 0, 0, 0, -33, -87, 0,
    0, 0, 0, 0, -27, 0, 0, 0,
    -27, 0, 0, 0, -27, 0, 0, 0,
    0, 0, -16, 0, 0, -5, -5, 22,
    0, 0, 0, 0, 0, 0, 0, 0,
    0, 0, 0, 0, 0, 0, 0, 0,
    0, 0, 0, 0, 0, 0, 0, 0,
    0, 0, 0, 0, 0, 0, 0, 0,
    0, 0, 0, 0, 0, -33, -16, 0,
    0, 0, 0, 0, -11, 0, 0, 0,
    -11, 0, 0, 0, 0, 0, 0, -11,
    0, -16, -16, -16, 0, 0, 0, 0,
    0, 0, 0, 0, 0, 0, 0, 0,
    0, 0, -11, 0, 0, 0, 0, -16,
    0, 0, 0, 0, 0, 0, 0, 0,
    0, 0, 0, 0, 0, 0, 0, 0,
    0, 0, 0, 0, 0, 0, 0, 0,
    0, 0, 0, 0, 0, 0, 0, 0,
    0, -16, 0, 0, 0, 0, 0, 0,
    0, 0, 0, -8, 0, 0, 0, 0,
    0, 0, 0, 0, 0, 0, 0, 0,
    0, 0, 0, 0, 0, 0, 0, -8,
    16, 0, 0, 0, 0, 0, 0, 0,
    0, 0, 0, 0, 0, 0, 0, 0,
    0, 0, 8, 0, 0, -33, -14, 0,
    0, 0, 0, 0, 0, 0, 0, 0,
    0, 0, 0, 0, 0, 0, 8, 0,
    0, -11, -16, -16, 0, 0, 0, 0,
    0, 0, 0, 0, 0, 0, 0, 0,
    0, 0, 0, -5, 0, 0, 0, -16,
    0, 0, 0, 0, 0, 0, 0, 0,
    0, 0, 0, 0, 0, 0, 0, 0,
    -16, 0, 0, 0, 0, 0, -54, -54,
    0, 0, 0, 0, -11, 0, -54, -49,
    -11, 0, 0, 0, -44, 0, 0, 33,
    0, 0, 0, 16, 0, -38, -44, 0,
    -44, 0, 0, -27, -44, -27, -33, 0,
    -27, -33, -38, -38, -33, -38, 0, 16,
    0, -38, -38, -27, 0, 0, 0, -44,
    0, -38, 0, -16, 0, 0, 0, 22,
    0, 0, -16, 0, 0, 0, -11, 0,
    0, 0, 0, 0, -16, 0, 0, 0,
    -16, 0, 0, 0, 0, 0, -16, 0,
    0, 0, 0, 0, 0, 0, 0, 0,
    0, 0, 0, 0, 0, 0, 0, 0,
    0, 0, 0, 0, 0, 0, 0, 0,
    0, 0, 0, 0, 0, 0, 0, 0,
    0, 0, 0, 0, 0, 0, 0, 0,
    0, 0, -11, 0, 0, 0, -33, -24,
    0, 0, 0, 0, -38, 0, -27, -27,
    -38, -11, -11, 0, -16, -11, -11, 0,
    0, 0, 0, 0, 0, -24, -33, 0,
    -24, 0, -11, -16, -24, 0, -16, 0,
    -16, -16, -16, 0, -11, -24, -11, 0,
    0, -24, 0, -16, -11, 0, 0, 0,
    0, -24, 0, 0, 0, 0, 0, 0,
    0, 0, -11, 0, 0, 0, 0, -16,
    22, 0, 0, 0, 0, 0, 0, 0,
    0, -16, -16, 0, 0, -16, -11, 22,
    0, 0, 0, 0, 0, 0, -11, 0,
    0, 0, 0, 0, 0, 0, 0, 0,
    0, 0, 0, 0, 0, 0, -16, 0,
    0, 0, 0, 0, -16, 0, 0, 0,
    0, 0, 0, 0, 0, 0, 0, 0,
    -22, 0, -16, 0, 0, 0, -76, -54,
    0, 0, 0, 0, -38, 0, -19, -44,
    -38, -22, -22, -27, -44, -22, -16, 16,
    0, 0, -11, 17, 0, -44, -44, 0,
    -44, 0, 0, -27, -44, -22, -44, 0,
    -22, -19, -16, -19, -19, -44, -22, 17,
    0, -44, 0, -22, -22, 0, 0, 0,
    0, -44, 0, 0, -22, 0, 0, 0,
    0, 0, 0, 0, 0, 0, 0, 0,
    0, 0, 0, 0, 0, 0, 0, 0,
    0, 0, 0, 0, 0, 0, 0, 22,
    0, 0, 0, 0, 0, 0, 0, 0,
    0, 0, 0, 0, 0, 0, 0, 0,
    0, -33, 0, 0, 0, 0, 0, 0,
    0, 0, 0, 0, 0, 0, 0, 0,
    0, 0, 0, 0, 0, 0, 0, 0,
    0, -11, 0, -11, 0, -11, 0, 0,
    0, 0, 0, 0, 0, 0, 0, 0,
    0, 0, 0, 0, 0, 0, 0, -33,
    0, -16, 0, -33, 0, 0, 0, 0,
    0, 0, 0, 0, 0, 0, 0, 0,
    0, -11, 0, -16, 0, 0, 0, -33,
    0, 0, 0, 0, 0, 0, -11, 0,
    0, 0, 0, 0, 0, -16, -16, -11,
    0, -11, 0, -11, 0, -22, -11, 0,
    0, 0, 0, 0, -11, -16, 0, 0,
    -11, 0, 0, 0, 0, 0, 0, -33,
    0, -16, -11, -44, 0, 0, 0, 0,
    0, 0, 0, 0, 0, 0, -8, 0,
    0, -11, -11, -22, -11, 0, 0, -44,
    0, 0, 0, 0, 0, 0, -11, 0,
    -22, 0, 0, -5, 0, -16, -16, -11,
    0, -11, 0, -11, 0, -22, -11, 0,
    0, 0, 0, 0, 0, 0, 0, 0,
    0, 0, 0, 0, 0, 0, 0, -33,
    0, -16, 0, -33, 0, -5, -8, 0,
    0, 0, -8, 0, 0, 0, 0, 0,
    0, 0, 0, -11, 0, 0, 0, -33,
    0, 0, 0, 0, 0, 0, -11, 0,
    0, 0, 0, 0, 0, -16, -16, -11,
    0, 0, 0, 0, -22, -22, -11, 0,
    0, 0, 0, 0, 0, 0, 0, 0,
    0, 0, 0, 0, 0, 0, 0, -33,
    0, -16, 0, -33, 0, -5, 0, 0,
    0, 0, 0, -8, 0, 0, 0, 0,
    0, -11, -11, -5, 0, 0, 0, -33,
    0, 0, 0, 0, 0, 0, 0, 0,
    0, 0, 0, -11, 0, 0, 0, -16,
    0, 0, 0, 16, 0, 0, -27, 0,
    0, 0, 0, 0, 0, 0, 0, 0,
    0, 0, 0, 17, 0, 0, 0, 33,
    0, 0, 0, 0, 0, -8, -11, 0,
    0, 17, 8, 0, 0, 0, 0, 0,
    0, 0, 0, 0, 0, 0, 0, 0,
    0, 0, 0, 0, 0, 5, 16, 0,
    0, 0, 0, 0, 0, 16, 22, 16,
    0, 0, 0, 0, 0, 0, 0, 0,
    0, 0, 0, 0, 0, 0, 0, 0,
    0, 0, 0, 0, 0, 0, 0, -27,
    0, 0, 0, -27, 0, 0, 0, 0,
    0, 0, 0, 0, 0, 0, 0, 0,
    0, 0, 0, 0, 0, 0, 0, -27,
    0, 0, 0, 0, 0, 0, 0, 0,
    0, 0, 0, 0, 0, 0, -27, 0,
    0, -11, 0, -11, 0, -11, 0, 0,
    0, 0, 0, 0, 0, 0, 0, 0,
    0, 0, 0, 0, 0, 0, 0, -33,
    0, 0, 0, 0, 0, 0, 0, 0,
    0, 0, 0, 0, 0, 0, 0, 0,
    0, 0, 0, 0, 0, 0, 0, 0,
    0, 0, 0, 0, 0, 0, -11, 0,
    0, 0, 0, 0, 0, -11, -16, -11,
    0, 0, 0, -33, 0, 0, 0, 0,
    0, 0, 0, 0, 0, 0, 0, 0,
    0, 0, 0, 0, 0, 0, 0, 0,
    0, 0, 0, 0, 0, 0, 0, 0,
    0, 0, 0, 0, 0, 0, 0, 0,
    0, 0, 0, 0, 0, 0, 0, 0,
    0, 0, 0, 0, 0, 0, -33, 0,
    0, 0, 0, 0, 0, -33, 0, 0,
    0, 0, 0, 0, 0, 0, 0, -16,
    0, 0, 0, 0, 0, 0, 0, 0,
    0, 0, 0, 0, 0, 0, 0, 0,
    0, 0, 0, 0, 0, 0, -5, 0,
    0, 0, 0, 0, -16, 0, -5, 0,
    0, 0, 0, 0, 0, -11, 0, 0,
    0, -11, 0, 0, 0, 0, 0, 0,
    0, -11, 0, 0, 0, 0, 0, 0,
    0, -11, 0, -22, 0, -11, 0, 0,
    0, 0, 0, 0, 0, 0, 0, 0,
    0, 0, 0, 0, 0, 0, 0, -33,
    0, 0, 0, -38, 0, 0, -5, 0,
    0, 0, 0, 0, 0, 0, 0, 0,
    0, 0, 0, -11, 0, 0, 0, -38,
    0, 0, 0, 0, 0, 0, -22, 0,
    0, 0, 0, 0, 0, -22, -11, -11,
    0, -16, 0, -16, 0, -22, -11, 0,
    0, 0, 0, 0, -11, -16, 0, 0,
    -11, 0, 0, 0, 0, 0, 0, -33,
    0, -16, -11, -44, 0, 0, 0, 0,
    0, 0, 0, 0, 0, 0, -8, 0,
    0, -11, -11, -11, -11, 0, 0, -44,
    0, 0, 0, 0, 0, 0, -16, 0,
    -22, 0, 0, -5, 0, -11, -16, -16,
    0, 0, 0, 0, 0, -11, -44, 0,
    0, 0, 0, 0, 0, 0, 0, 0,
    0, 0, 0, 0, 0, 0, 0, 0,
    0, 0, 0, -11, 0, -5, -5, 0,
    -11, 0, 0, 0, 0, 0, -11, 0,
    0, 0, 0, -11, 0, 0, 0, -11,
    0, 0, 0, 0, 0, 0, 0, 0,
    0, 0, 0, 0, 0, 0, 0, 0,
    0, -11, 0, -11, 0, 0, 0, 0,
    0, 0, 0, 0, 0, 0, 0, 0,
    0, 0, 0, 0, 0, 0, 0, -27,
    0, -16, 0, -33, 0, 0, 0, 0,
    0, 0, 0, 0, 0, 0, 0, 0,
    0, -11, -11, -11, 0, 0, 0, -33,
    0, 0, 0, 0, 0, 0, -11, 0,
    0, 0, 0, 0, 0, -11, -16, -16,
    0, 0, 0, 0, 0, 0, 0, 0,
    0, 0, 0, 0, 0, 0, 0, 0,
    0, 0, 0, 0, 0, 0, 0, 0,
    0, 0, 0, -11, 0, 0, -16, 0,
    0, 0, 0, 0, 0, 0, 0, 0,
    0, 0, 0, -8, 0, 0, 0, -11,
    0, 0, 0, 0, 0, 0, 0, 0,
    0, 0, 0, 0, 0, 0, 0, 0,
    0, 0, 0, 0, -22, -11, -44, 0,
    0, 0, 0, 0, -22, 0, 0, 0,
    -22, 0, 0, 0, 0, 0, 0, -33,
    0, 0, 0, -19, 0, -16, -11, 0,
    -11, 0, 0, 0, -11, 0, -11, 0,
    0, 0, 0, -3, 0, 0, 0, -19,
    0, 0, 0, 0, 0, 0, 0, 0,
    0, 0, -16, 0, 0, 0, 0, 0,
    0, 0, 0, 0, 0, 0, 0, 0,
    0, 0, 0, 0, 0, 0, 0, 0,
    0, 0, 0, 0, 0, 0, 0, -27,
    0, 0, 0, -16, 0, -11, -11, 0,
    -11, 0, 0, 0, -11, 0, 0, 0,
    0, -5, 0, 0, 0, -11, 0, -16,
    0, -11, -11, 0, 0, 0, 0, 0,
    0, -11, 0, 0, 0, 0, 0, 0,
    0, 0, 0, 0, 0, 0, -44, 0,
    0, 0, 0, 0, -16, 0, 0, 0,
    -16, 0, 0, 0, 0, 0, 0, -22,
    0, 0, 0, -19, 0, -11, -11, 22,
    -11, 0, 0, 0, 0, 0, 0, 22,
    0, 0, 0, 0, 0, 0, 0, -19,
    0, 0, 0, 0, 0, 0, 0, 0,
    0, 0, 0, 0, 0, 0, 0, 16,
    0, 0, 0, 0, 0, 0, 0, 0,
    0, 0, 0, 0, 0, 0, 0, 0,
    0, 0, 0, 0, 0, 0, 0, -27,
    0, 0, 0, -19, 0, -16, -22, 0,
    0, 0, 0, 0, -16, 0, 0, 0,
    0, 0, 0, -5, 0, -16, 0, -19,
    0, -16, -16, 0, 0, 0, 0, 0,
    0, -16, 0, 0, 0, 0, 0, 0,
    0, -11, 0, -11, 0, -22, -11, 0,
    0, 0, 0, 0, 0, 0, 0, 0,
    0, 0, 0, 0, 0, 0, 0, 0,
    0, 0, 0, 0, 0, 0, 0, 0,
    0, 0, 0, 0, 0, 0, 0, 0,
    0, 0, 0, 0, 0, 0, 0, -33,
    0, 0, 0, 0, 0, 0, 0, 0,
    0, 0, 0, 0, 0, -16, -16, -11,
    0, 0, 0, 0, 0, -33, -27, 0,
    0, 0, 0, 0, -11, 0, 0, 0,
    0, 0, 0, 0, 0, 0, 0, 0,
    0, 0, 0, 0, 0, 0, 0, 0,
    0, 0, 0, 0, 0, 0, 0, 0,
    0, 0, 0, 0, 0, 0, 0, -16,
    0, 0, 0, 0, 0, 0, 0, 0,
    0, 0, 0, 0, 0, 0, 0, 0,
    -22, 0, -16, 0, 0, 0, -76, -54,
    0, 0, 0, 0, -38, 0, -19, -44,
    0, 0, 0, 0, 0, 0, 0, 0,
    0, 0, 0, 0, 0, 0, 0, 0,
    0, 0, 0, 0, 0, 0, 0, 0,
    0, 0, 0, 0, 0, -44, -22, 17,
    0, 0, 0, 0, 0, 0, 0, 0,
    0, 0, 0, 0, 0, 0, 0, 0,
    0, 0, 0, 0, 0, 0, 0, 0,
    0, 0, 0, 0, -33, 0, 0, 0,
    -33, 0, 0, 0, 0, 0, 0, 0,
    0, 0, 0, 0, 0, 0, 0, 0,
    0, 0, 0, 0, 0, 0, 0, 0,
    0, 0, 0, 0, 0, 0, 0, 0,
    0, 0, 0, 0, 0, 0, 0, 0,
    0, 0, 0, 0, 0, 0, 0, 0,
    0, 0, 0, 0, 0, 0, 0, 0,
    0, 0, 0, 0, -11, 0, 0, 0,
    -11, 0, 0, -8, 0, 0, 0, 0,
    0, 0, 0, 0, 0, 0, 0, 0,
    0, 0, 0, 0, 0, 0, 0, 0,
    0, 0, 0, 0, 0, 0, 0, 0,
    0, 0, 0, 0, 0, 0, 0, 0,
    0, 0, 0, 0, 0, 0, 0, 0,
    0, 0, 0, 0, 0, 0, 0, 0,
    0, 0, 0, 0, 0, 0, 0, 0,
    0, 0, 0, 0, 0, 0, 0, -33,
    0, 0, 0, -33, 0, 0, 0, 0,
    0, 0, 0, 0, 0, 0, 0, 0,
    0, 0, -11, -11, 0, 0, 0, -33,
    0, 0, 0, 0, 0, -5, 0, 0,
    0, 0, 0, 0, 0, 0, 0, 0,
    0, 0, -33, 5, 0, 0, 0, 0,
    0, 0, 0, 0, -65, 0, 0, 0,
    -65, 0, 0, 0, 0, 0, -33, 0,
    0, 0, 0, 0, 0, -16, -49, 0,
    -16, 0, 16, 0, -16, 0, -44, 0,
    0, 0, 0, 0, 0, -16, 0, 0,
    0, 0, -16, 0, 0, 0, 5, 0,
    0, -16, 0, 0, 0, 5, 0, 0,
    0, 0, 0, 0, 0, 0, 0, 0,
    0, 0, 0, 0, 0, 0, 0, 0,
    0, 0, 0, 0, 0, 0, 0, 0,
    0, 0, 0, 0, 0, 0, -16, -16,
    0, 0, 0, 0, 0, 0, 0, 0,
    0, -33, 0, 0, 0, 0, 0, 0,
    0, 0, 0, 0, 0, 0, 0, 0,
    0, 0, 0, -33, 0, 0, 0, 0,
    0, 0, 0, 0, 0, 0, 0, 0,
    0, 0, 0, 0, 0, 0, 0, 0,
    0, 0, 0, 0, 0, 0, 0, 0,
    0, 0, 0, 0, 0, 0, -16, 0,
    0, 0, 0, 0, 0, 0, 0, 0,
    0, 0, 0, 0, 0, 0, 0, 0,
    0, 0, 0, 0, 0, 0, 0, 0,
    0, 0, 0, -22, 0, 0, 0, 0,
    0, 0, 0, 0, 0, 0, 0, 0,
    0, 0, 0, 0, 0, 0, 0, 0,
    0, 0, 0, 0, 0, 0, 0, 0,
    0, 0, 0, 0, 0, 0, -16, 0,
    0, 0, 0, 0, 0, 0, 0, 0,
    -16, 0, 0, 0, 0, 0, 0, 0,
    0, 0, 0, 0, 0, 0, 0, 0,
    0, 0, 0, 0, 0, 0, 0, 0,
    0, 0, 0, 0, 0, 0, 0, 0,
    0, 0, 0, 0, 0, 0, 0, 0,
    0, 0, 0, 0, 0, 0, 0, 0,
    0, 0, 0, 0, 0, 0, 0, 0,
    0, 0, 0, 0, 0, 0, 0, 0,
    0, 0, 0, 0, 0, 0, 0, 0,
    0, 0, 0, 0, 0, 0, 0, 0,
    -8, 0, 0, -11, 0, 0, 0, 0,
    0, 0, 0, 0, 0, 0, 0, 0,
    0, 0, 0, 0, 0, 0, 0, 0,
    0, 0, 0, 0, 0, 0, 0, 0,
    0, 0, 0, 0, 0, 0, 0, 0,
    0, 0, 0, 0, 0, 0, 0, 0,
    0, 0, 0, -22, 0, 0, 0, 0,
    0, 0, 0, 0, 0, 0, 0, 0,
    0, 0, 0, 0, 0, 0, 0, 0,
    0, 0, -33, 5, 0, 0, 0, 0,
    0, 0, 0, 0, -65, 0, 0, 0,
    0, 0, 0, 0, 0, 0, 0, 0,
    0, 0, 0, 0, 0, 0, 0, 0,
    0, 0, 0, 0, 0, 0, 0, 0,
    0, 0, 0, 0, 0, -22, 0, 0,
    0, 0, 0, 0, 0, 0, 0, 0,
    0, 0, 0, 0, 0, 5, 0, 0,
    0, 0, 0, 0, 0, 0, 0, 0,
    0, 0, 0, 0, -65, 0, 0, 0,
    -65, 0, 0, 0, -65, 0, 0, 0,
    0, 0, 0, 0, 0, -16, -16, 0,
    -16, 0, 0, 0, -16, 0, -16, 16,
    0, 0, 0, 0, 0, -16, 0, 0,
    0, 0, -16, 0, 0, 0, 0, 0,
    0, -16, 0, 0, 0, 0, 0, 0,
    0, 0, 0, 0, 0, 0, -98, 0,
    0, 0, 0, 0, -65, 0, -76, -76,
    -65, 0, 0, 0, -54, 0, 0, 0,
    0, 0, 0, 0, 0, 0, -16, -16,
    -22, 0, 0, 0, -16, 0, -16, 0,
    0, 0, 0, 0, 0, -16, 0, 0,
    0, 0, -16, 0, 0, 0, 0, 0,
    0, -16, 0, 0, 0, 0, 0, 0
};


/*Collect the kern class' data in one place*/
static const lv_font_fmt_txt_kern_classes_t kern_classes =
{
    .class_pair_values   = kern_class_values,
    .left_class_mapping  = kern_left_class_mapping,
    .right_class_mapping = kern_right_class_mapping,
    .left_class_cnt      = 70,
    .right_class_cnt     = 64,
};

/*--------------------
 *  ALL CUSTOM DATA
 *--------------------*/

#if LVGL_VERSION_MAJOR == 8
/*Store all the custom data of the font*/
static  lv_font_fmt_txt_glyph_cache_t cache;
#endif

#if LVGL_VERSION_MAJOR >= 8
static const lv_font_fmt_txt_dsc_t font_dsc = {
#else
static lv_font_fmt_txt_dsc_t font_dsc = {
#endif
    .glyph_bitmap = glyph_bitmap,
    .glyph_dsc = glyph_dsc,
    .cmaps = cmaps,
    .kern_dsc = &kern_classes,
    .kern_scale = 16,
    .cmap_num = 10,
    .bpp = 4,
    .kern_classes = 1,
    .bitmap_format = 1,
#if LVGL_VERSION_MAJOR == 8
    .cache = &cache
#endif
};

extern const lv_font_t font_jp34;


/*-----------------
 *  PUBLIC FONT
 *----------------*/

/*Initialize a public general font descriptor*/
#if LVGL_VERSION_MAJOR >= 8
const lv_font_t font_baslik = {
#else
lv_font_t font_baslik = {
#endif
    .get_glyph_dsc = lv_font_get_glyph_dsc_fmt_txt,    /*Function pointer to get glyph's data*/
    .get_glyph_bitmap = lv_font_get_bitmap_fmt_txt,    /*Function pointer to get glyph's bitmap*/
    .line_height = 47,          /*The maximum line height required by the font*/
    .base_line = 11,             /*Baseline measured from the bottom of the line*/
#if !(LVGL_VERSION_MAJOR == 6 && LVGL_VERSION_MINOR == 0)
    .subpx = LV_FONT_SUBPX_NONE,
#endif
#if LV_VERSION_CHECK(7, 4, 0) || LVGL_VERSION_MAJOR >= 8
    .underline_position = -2,
    .underline_thickness = 1,
#endif
    .dsc = &font_dsc,          /*The custom font data. Will be accessed by `get_glyph_bitmap/dsc` */
#if LV_VERSION_CHECK(8, 2, 0) || LVGL_VERSION_MAJOR >= 9
    .fallback = &font_jp34,
#endif
    .user_data = NULL,
};



#endif /*#if FONT_BASLIK*/

