/*******************************************************************************
 * Size: 30 px
 * Bpp: 4
 * Opts: --font font-tools\build\Manrope-800-latin.ttf -r 0x20-0xFFFF --size 30 --bpp 4 --format lvgl --lv-include lvgl.h --lv-font-name font_h1 -o panel-firmware\main\fonts\font_h1.c
 ******************************************************************************/

#ifdef LV_LVGL_H_INCLUDE_SIMPLE
#include "lvgl.h"
#else
#include "lvgl.h"
#endif

#ifndef FONT_H1
#define FONT_H1 1
#endif

#if FONT_H1

/*-----------------
 *    BITMAPS
 *----------------*/

/*Store the image of the glyphs*/
static LV_ATTRIBUTE_LARGE_CONST const uint8_t glyph_bitmap[] = {
    /* U+0020 " " */

    /* U+0021 "!" */
    0x6f, 0xfa, 0xc0, 0x3f, 0xff, 0xea, 0xef, 0x71,
    0xc4, 0x4a, 0x95, 0x53, 0x92, 0xad, 0x80, 0x1f,
    0xe0,

    /* U+0022 "\"" */
    0x3f, 0xfb, 0x81, 0x7f, 0xec, 0x0, 0xff, 0xf0,
    0x13, 0xbd, 0x20, 0xef, 0xa8,

    /* U+0023 "#" */
    0x0, 0xff, 0x6f, 0xfc, 0x20, 0xa, 0xff, 0x90,
    0x3, 0xff, 0x82, 0x44, 0x0, 0x10, 0x80, 0x10,
    0x2, 0x40, 0xf, 0xfe, 0xa, 0x0, 0x4a, 0x0,
    0x31, 0x0, 0x20, 0x7, 0xff, 0xb, 0x40, 0x2c,
    0x0, 0x58, 0x5, 0x80, 0x1f, 0xfc, 0x24, 0x0,
    0x90, 0x0, 0x80, 0x12, 0x80, 0x7e, 0x7f, 0xfe,
    0x0, 0xdf, 0xf1, 0x80, 0x5b, 0xff, 0x84, 0x2,
    0xc0, 0xf, 0xfe, 0x41, 0x8, 0x4, 0x80, 0x1f,
    0xfc, 0x84, 0x0, 0x8c, 0x47, 0x80, 0x30, 0x8c,
    0x1, 0x84, 0x7b, 0x0, 0x23, 0xee, 0xd6, 0x1,
    0x2f, 0x73, 0xc0, 0x22, 0xee, 0xe5, 0x0, 0xfd,
    0x80, 0x16, 0x0, 0x1c, 0x2, 0x40, 0xf, 0xfe,
    0x12, 0x0, 0x48, 0x0, 0xc0, 0xb, 0x0, 0x3f,
    0x27, 0x77, 0x10, 0x5, 0x9d, 0xc5, 0x0, 0xab,
    0xbb, 0x18, 0x5, 0x82, 0x3c, 0x1, 0x84, 0x60,
    0xe, 0x11, 0xc6, 0x1, 0x28, 0x7, 0xff, 0x20,
    0xc0, 0x21, 0x20, 0xf, 0xfe, 0x42, 0x0, 0x43,
    0xff, 0xb8, 0x2, 0x2f, 0xf8, 0x40, 0x2f, 0xfe,
    0x80, 0xf, 0xc8, 0x1, 0x20, 0x0, 0xc4, 0x0,
    0x60, 0x1f, 0xfc, 0x2f, 0x0, 0xb0, 0x0, 0x80,
    0x12, 0x0, 0x7f, 0xf0, 0x90, 0x2, 0x40, 0x6,
    0x0, 0x58, 0x1, 0xff, 0xc1, 0x21, 0x0, 0x10,
    0x80, 0x14, 0x2, 0x40, 0xf, 0xfe, 0xa, 0x0,
    0x48, 0x0, 0x31, 0x0, 0x18, 0x7, 0xf8,

    /* U+0024 "$" */
    0x0, 0xf1, 0x55, 0x50, 0x1, 0xff, 0xc1, 0x65,
    0x5c, 0x1, 0xff, 0xe3, 0x28, 0x80, 0x6, 0xa5,
    0x0, 0xfd, 0x3a, 0xe6, 0x1, 0x12, 0xd6, 0x98,
    0x7, 0x5b, 0x0, 0x62, 0x0, 0xc5, 0x88, 0x1,
    0x2a, 0x0, 0x6, 0xbf, 0x7e, 0x84, 0x2, 0xa1,
    0x0, 0x70, 0x5, 0x4a, 0x1, 0x2e, 0x0, 0x43,
    0x20, 0x5, 0x0, 0x94, 0x3, 0x89, 0xc0, 0x53,
    0x80, 0x2, 0x1, 0x48, 0x7, 0xa7, 0xb9, 0x6c,
    0x0, 0x20, 0x9, 0xf1, 0x44, 0x2, 0x11, 0x0,
    0x72, 0x80, 0x63, 0xae, 0xc7, 0x20, 0xf, 0xa4,
    0x40, 0x3c, 0x71, 0xba, 0x70, 0xe, 0x1c, 0x30,
    0xf, 0xc5, 0x1a, 0x60, 0x18, 0xb2, 0x90, 0x3,
    0xf1, 0x68, 0x80, 0x72, 0xdf, 0xd3, 0x8, 0x7,
    0xc, 0x0, 0x7e, 0x59, 0xec, 0x60, 0xc, 0xe0,
    0x6d, 0x16, 0x80, 0x1c, 0x73, 0x40, 0x10, 0x84,
    0xc9, 0xd3, 0xc0, 0x3e, 0x50, 0xe, 0xc0, 0x9,
    0x18, 0x3, 0xca, 0x1, 0x10, 0x30, 0x80, 0x53,
    0x2, 0x1, 0x35, 0x0, 0x48, 0x0, 0x80, 0xc,
    0xfd, 0xcd, 0xf9, 0x0, 0xd0, 0x0, 0x66, 0x0,
    0x70, 0x90, 0x7, 0x50, 0x80, 0x53, 0x20, 0xf,
    0xe2, 0xb5, 0x0, 0xe6, 0xe8, 0x30, 0xc, 0xb5,
    0xa8, 0x1, 0xf0, 0xbc, 0x0, 0x45, 0x4a, 0x1,
    0xff, 0xd1, 0x65, 0x5c, 0x1, 0xf0,

    /* U+0025 "%" */
    0x0, 0x92, 0xff, 0xdb, 0x0, 0x1f, 0xf2, 0x0,
    0x7a, 0x6d, 0x0, 0x4, 0xfa, 0x40, 0x1f, 0x9e,
    0xe4, 0x3, 0x33, 0x0, 0x3c, 0x5e, 0x1, 0xf4,
    0x40, 0x1a, 0x40, 0x28, 0x0, 0x95, 0x84, 0x0,
    0x4a, 0x1, 0xd0, 0xe0, 0x13, 0x88, 0x10, 0x80,
    0x26, 0xa7, 0xc0, 0x2d, 0x0, 0xd2, 0xe0, 0x11,
    0x60, 0x80, 0x7f, 0xf1, 0x25, 0x80, 0x22, 0xc2,
    0x0, 0x10, 0x80, 0x26, 0xa7, 0xc0, 0x2d, 0x0,
    0x4b, 0x0, 0x45, 0x82, 0x1, 0xa4, 0x2, 0x56,
    0x10, 0x1, 0x28, 0x53, 0x0, 0x45, 0x82, 0x1,
    0xce, 0xc0, 0x1e, 0x2f, 0xa, 0x50, 0x8, 0xf0,
    0x40, 0x3e, 0x9b, 0x40, 0x1, 0x3e, 0x95, 0xa8,
    0x4, 0x78, 0x20, 0x1f, 0xc9, 0x7f, 0xed, 0x80,
    0xb4, 0x0, 0x8f, 0x0, 0x3f, 0xf8, 0xb6, 0x80,
    0x12, 0x63, 0x6f, 0xfa, 0xcc, 0x3, 0xfe, 0xc4,
    0x0, 0x92, 0xb2, 0x48, 0x0, 0x98, 0xe0, 0x1f,
    0xd8, 0x60, 0x12, 0x5d, 0x8c, 0x3, 0xd0, 0x80,
    0x1e, 0x1c, 0x30, 0x9, 0x6c, 0xd4, 0x0, 0x2c,
    0x80, 0x14, 0x80, 0x70, 0xe1, 0x80, 0x4b, 0x40,
    0x80, 0x16, 0xcd, 0xb0, 0x0, 0x84, 0x2, 0x1c,
    0x20, 0x9, 0xa8, 0x1, 0xc0, 0x2, 0x30, 0x6,
    0x80, 0x44, 0x0, 0x1c, 0x20, 0x9, 0xa4, 0x2,
    0x10, 0x1, 0x10, 0x1, 0xa0, 0x11, 0x0, 0xe1,
    0x0, 0x4f, 0x20, 0x1a, 0xc0, 0x2c, 0x9a, 0x60,
    0x1, 0x8, 0xa, 0x0, 0x4f, 0x0, 0x1c, 0x68,
    0x0, 0x16, 0x50, 0xa, 0x0, 0x29, 0x60, 0x88,
    0x0, 0x7d, 0x46, 0x1, 0xe8, 0x50, 0xd, 0x36,
    0xe0, 0x1f, 0x87, 0x20, 0x80, 0x9, 0x8e, 0x0,

    /* U+0026 "&" */
    0x0, 0xc3, 0x1b, 0xff, 0x63, 0x88, 0x7, 0xf3,
    0x73, 0x90, 0x4, 0x71, 0xe8, 0x1, 0xf2, 0xc8,
    0x7, 0xe1, 0xb2, 0x0, 0xf5, 0x80, 0x70, 0x80,
    0x74, 0x80, 0x72, 0x8, 0x5, 0x1f, 0xde, 0xe0,
    0x12, 0x8, 0x6, 0x30, 0x9, 0x1c, 0x2, 0x88,
    0x56, 0xf8, 0x80, 0x7e, 0x10, 0xe, 0x75, 0x20,
    0xf, 0x18, 0x4, 0xa4, 0x1, 0xff, 0xc1, 0x42,
    0x0, 0xb0, 0x80, 0x3f, 0xf8, 0x3c, 0x1, 0xe,
    0x18, 0x7, 0xff, 0x2, 0xc0, 0x30, 0xe2, 0x0,
    0x7, 0x32, 0x50, 0x9, 0x9c, 0x3, 0xd6, 0xc0,
    0x3, 0x38, 0x80, 0x28, 0x0, 0x84, 0x40, 0x14,
    0xc0, 0x7, 0xc8, 0x20, 0x16, 0x79, 0x0, 0x4f,
    0x60, 0x1e, 0x30, 0x9, 0x48, 0x70, 0xc0, 0x25,
    0x0, 0xff, 0xe0, 0x8e, 0x28, 0x7, 0x84, 0x0,
    0x20, 0x12, 0x88, 0x5, 0x4e, 0x1, 0xc6, 0x0,
    0x40, 0xd, 0xa8, 0x1, 0x58, 0x80, 0x6b, 0x20,
    0x24, 0x0, 0x8e, 0xff, 0xbf, 0x4, 0x3, 0xe,
    0xa0, 0x50, 0x80, 0x70, 0x80, 0x7f, 0x68, 0xe,
    0x10, 0x7, 0xf2, 0x50, 0x1, 0x64, 0x0, 0x5b,
    0x4a, 0x40, 0x10, 0xad, 0xd9, 0x6d, 0x28, 0x0,

    /* U+0027 "'" */
    0x3f, 0xfb, 0x80, 0x3f, 0xf9, 0x4, 0xef, 0x48,

    /* U+0028 "(" */
    0x0, 0xff, 0xe1, 0x6c, 0x0, 0x7a, 0x49, 0xec,
    0x40, 0x23, 0x60, 0x2, 0x20, 0x2, 0xf0, 0x9,
    0x94, 0x0, 0x86, 0x0, 0x19, 0x0, 0xbc, 0x2,
    0xb0, 0x8, 0x90, 0x0, 0x4a, 0x1, 0x28, 0x5,
    0x60, 0x1a, 0xc0, 0x27, 0x0, 0x84, 0xc0, 0x8,
    0x20, 0x12, 0x80, 0x58, 0x1, 0x8c, 0x2, 0x30,
    0xd, 0xc0, 0x13, 0x0, 0x62, 0x0, 0x88, 0x3,
    0x38, 0x7, 0xfc, 0x20, 0x1f, 0xfc, 0x51, 0x0,
    0xe7, 0x0, 0xfc, 0x40, 0x11, 0x0, 0x6e, 0x0,
    0x9c, 0x3, 0x18, 0x5, 0xa0, 0x19, 0x0, 0x24,
    0x0, 0xe4, 0x0, 0x19, 0x0, 0x6d, 0x0, 0xa8,
    0x3, 0x38, 0x4, 0xc0, 0x18, 0x54, 0x0, 0x2e,
    0x1, 0xa4, 0x2, 0x82, 0x0, 0x8d, 0x0, 0x2e,
    0x0, 0xd2, 0x1, 0x1b, 0x0, 0x45, 0x0, 0x7,
    0x60, 0xc, 0xeb, 0x70, 0x0,

    /* U+0029 ")" */
    0x0, 0xff, 0xa6, 0xc0, 0x38, 0xb5, 0x91, 0xc0,
    0x32, 0x90, 0x2, 0x8, 0x2, 0x73, 0x0, 0xa0,
    0x3, 0x70, 0x4, 0xa4, 0x1, 0x13, 0x80, 0x56,
    0x1, 0xa4, 0x2, 0x60, 0xc, 0x2e, 0x1, 0x28,
    0x6, 0xb0, 0xb, 0xc0, 0x31, 0x88, 0x1, 0x0,
    0x39, 0x0, 0x2, 0x40, 0x1b, 0x0, 0x27, 0x0,
    0xc4, 0x1, 0x10, 0x6, 0x60, 0xb, 0x80, 0x31,
    0x80, 0x46, 0x1, 0x84, 0x3, 0xff, 0x8a, 0x20,
    0x1f, 0x8c, 0x2, 0x30, 0xc, 0xc0, 0x17, 0x0,
    0x63, 0x0, 0x8c, 0x3, 0x68, 0x4, 0xa0, 0x19,
    0x0, 0x2, 0x20, 0x9, 0x4, 0x0, 0xe0, 0x1b,
    0x80, 0x2d, 0x0, 0x85, 0x40, 0x2, 0x80, 0x15,
    0x80, 0x4c, 0x1, 0x1a, 0x80, 0x52, 0x1, 0x70,
    0x4, 0xe2, 0x0, 0x82, 0x0, 0xc, 0x0, 0x50,
    0xa0, 0xb, 0x0, 0xea, 0x97, 0x50, 0xc,

    /* U+002A "*" */
    0x0, 0xc3, 0xff, 0x30, 0x7, 0xe1, 0x0, 0x8c,
    0x3, 0x86, 0x8c, 0x3, 0x8, 0xa1, 0x80, 0xe,
    0xb9, 0x80, 0xa, 0x39, 0xe8, 0x1, 0xa0, 0x3,
    0x0, 0x8c, 0x0, 0x62, 0xe, 0x1, 0xfc, 0x44,
    0xc, 0xfa, 0x0, 0xe6, 0xed, 0x30, 0xb, 0xc0,
    0x39, 0xc0, 0x3a, 0x14, 0x0, 0xa0, 0x1, 0xc0,
    0xd, 0xc0, 0x2, 0xa6, 0x0, 0x38, 0x6, 0x6d,
    0x29, 0x8, 0x29, 0xa0, 0xe, 0x2d, 0x40, 0x1d,
    0x60, 0x8,

    /* U+002B "+" */
    0x0, 0xf6, 0x64, 0x20, 0x1f, 0xf1, 0x9e, 0x0,
    0xff, 0xf3, 0x99, 0xf0, 0x4, 0xe6, 0x78, 0xf,
    0x33, 0x80, 0x2a, 0xcc, 0xc8, 0x1, 0xff, 0xd2,
    0x3f, 0xfe, 0x0, 0xb7, 0xff, 0x20, 0x7, 0xff,
    0xc0,

    /* U+002C "," */
    0x2, 0x2c, 0x7b, 0xb6, 0x0, 0x7f, 0xf0, 0xcf,
    0xf8, 0xc, 0x0, 0xa0, 0xc1, 0x56, 0x1a, 0x2a,
    0xa, 0xc3, 0x9d, 0x40,

    /* U+002D "-" */
    0x3, 0x3f, 0xc4, 0x79, 0x9f, 0xb8, 0x3, 0xff,
    0x90,

    /* U+002E "." */
    0x2, 0x2c, 0x7b, 0xb7, 0x80, 0x7f, 0xf0, 0xc0,

    /* U+002F "/" */
    0x0, 0xf4, 0xff, 0xd0, 0x1, 0xe4, 0x0, 0xb0,
    0x3, 0x84, 0x80, 0x24, 0x0, 0xe4, 0x0, 0x90,
    0x3, 0xd8, 0x1, 0x60, 0x7, 0x9c, 0x2, 0x40,
    0xe, 0x21, 0x0, 0x9, 0x80, 0x72, 0x0, 0x48,
    0x1, 0xec, 0x0, 0xb0, 0x3, 0xc8, 0x1, 0x20,
    0x7, 0x18, 0x80, 0x4, 0x80, 0x39, 0x0, 0x24,
    0x0, 0xf6, 0x0, 0x5e, 0x1, 0xe4, 0x0, 0x90,
    0x3, 0x8c, 0x2, 0x21, 0x0, 0xeb, 0x0, 0x90,
    0x3, 0xc8, 0x1, 0x60, 0x7, 0x8c, 0x2, 0x40,
    0xe, 0x40, 0x8, 0xc4, 0x3, 0xb0, 0x2, 0x40,
    0xf, 0x28, 0x5, 0x80, 0x1c, 0x24, 0x1, 0x20,
    0x7, 0x0,

    /* U+0030 "0" */
    0x0, 0xc9, 0x5b, 0xfe, 0xeb, 0x60, 0xf, 0x87,
    0x2d, 0x48, 0x0, 0x29, 0x3a, 0x60, 0x18, 0x7c,
    0xc0, 0x3f, 0x16, 0x18, 0x5, 0x42, 0x1, 0xff,
    0x68, 0x1, 0x10, 0x1, 0x15, 0xff, 0xb5, 0x0,
    0x21, 0x70, 0xd0, 0x8, 0x71, 0x0, 0x5, 0x68,
    0x1, 0x50, 0x28, 0x5, 0x22, 0x1, 0xd0, 0x1,
    0x10, 0x10, 0x4, 0x60, 0x1e, 0x30, 0xc, 0x20,
    0x1f, 0xfc, 0x43, 0x0, 0xff, 0xff, 0x80, 0x7f,
    0xf3, 0x8c, 0x80, 0x23, 0x0, 0xf1, 0x80, 0x61,
    0x50, 0xa, 0x44, 0x3, 0xa0, 0x2, 0x20, 0xd0,
    0x8, 0x71, 0x0, 0x7, 0x68, 0x1, 0x50, 0x22,
    0x0, 0x22, 0xbf, 0xf6, 0x20, 0x4, 0x2e, 0x0,
    0xa1, 0x0, 0xff, 0xb4, 0x2, 0x1f, 0x30, 0xf,
    0xc5, 0x86, 0x1, 0x87, 0x2d, 0x48, 0x0, 0x29,
    0x3a, 0x60, 0x10,

    /* U+0031 "1" */
    0x0, 0x8f, 0x3f, 0xf0, 0x5, 0x38, 0x60, 0x1c,
    0x3c, 0xc0, 0x1f, 0x10, 0x80, 0x7f, 0xf0, 0x8,
    0x3, 0xe1, 0xaf, 0x0, 0xf2, 0xfa, 0x80, 0x78,
    0xe8, 0x40, 0x3f, 0xff, 0xe0, 0x1f, 0xff, 0xc0,

    /* U+0032 "2" */
    0x0, 0xc7, 0x3b, 0xfe, 0xeb, 0x50, 0xf, 0xd,
    0xe3, 0x10, 0x0, 0x52, 0xb0, 0x40, 0x36, 0xa0,
    0x7, 0xe3, 0xc1, 0x0, 0x41, 0x80, 0x7f, 0x8a,
    0xc0, 0xe, 0x1, 0xd, 0x7f, 0xb0, 0xc0, 0x25,
    0x25, 0x0, 0xda, 0xa0, 0x3, 0xd0, 0xc, 0x84,
    0x1, 0x19, 0x80, 0x30, 0xa8, 0x5, 0xeb, 0x77,
    0x78, 0x7, 0x8c, 0x3, 0x12, 0x24, 0x60, 0x1e,
    0x40, 0x8, 0x40, 0x3f, 0xd0, 0x40, 0x16, 0x80,
    0x7f, 0x43, 0x80, 0x44, 0xa0, 0x1f, 0xa9, 0xc0,
    0x37, 0x0, 0x7e, 0xb5, 0x0, 0xd6, 0x60, 0x1e,
    0x1d, 0x40, 0x8, 0x71, 0x0, 0x3c, 0x5e, 0x40,
    0x11, 0x61, 0x80, 0x79, 0x34, 0x40, 0x23, 0xc2,
    0x0, 0xf2, 0xd8, 0x6, 0x5c, 0x10, 0xf, 0x3d,
    0x0, 0x67, 0xa0, 0xf, 0x9a, 0x0, 0x39, 0xbb,
    0xbe, 0x9e, 0x0, 0xf0, 0x8f, 0xe3, 0x0, 0xff,
    0xea, 0x0,

    /* U+0033 "3" */
    0xf, 0xff, 0xfe, 0xc, 0x0, 0x7f, 0xf4, 0xc4,
    0x7f, 0x0, 0x7d, 0xdd, 0xf6, 0x10, 0x4, 0x52,
    0x1, 0xf2, 0x69, 0x0, 0xb, 0x4, 0x3, 0xcf,
    0x60, 0x11, 0xe0, 0x80, 0x7a, 0xa0, 0x2, 0x3c,
    0x10, 0xf, 0x62, 0x80, 0x72, 0x0, 0x7c, 0xc0,
    0x1c, 0x77, 0x20, 0x1e, 0xb0, 0xf, 0x9a, 0x0,
    0x38, 0x61, 0xe5, 0x80, 0x33, 0x90, 0x7, 0x3c,
    0x34, 0xe8, 0x80, 0x56, 0x1, 0xfc, 0x52, 0x1,
    0x28, 0x7, 0xf9, 0x0, 0x22, 0x0, 0x8c, 0x40,
    0x39, 0xc0, 0x32, 0xd7, 0x64, 0x80, 0x77, 0x80,
    0x4a, 0x4a, 0x20, 0xf0, 0x0, 0x1a, 0x40, 0xb,
    0x58, 0x40, 0x27, 0xfe, 0xe2, 0x80, 0x44, 0xc3,
    0xa0, 0x1c, 0x20, 0x18, 0x7c, 0x0, 0x78, 0x40,
    0x1f, 0x16, 0x10, 0x4, 0x7b, 0x26, 0x20, 0x29,
    0x5a, 0x40, 0x0,

    /* U+0034 "4" */
    0x0, 0xfb, 0xbf, 0xec, 0x0, 0xff, 0x28, 0x80,
    0x50, 0x1, 0xfe, 0x80, 0x8, 0x90, 0x3, 0xf9,
    0x8, 0x2, 0xb0, 0xf, 0xf7, 0x80, 0x42, 0xc0,
    0x1f, 0xc6, 0x80, 0x14, 0x80, 0x7f, 0xa4, 0x3,
    0x30, 0x7, 0xf0, 0xa8, 0x4, 0xc2, 0x1, 0xfd,
    0x20, 0x1a, 0xc0, 0x3f, 0xce, 0x1, 0x29, 0xe,
    0xee, 0x0, 0xce, 0x1, 0xa4, 0x0, 0x45, 0x80,
    0x34, 0x80, 0x46, 0x60, 0xf, 0xe5, 0x10, 0xa,
    0x40, 0x3f, 0xd0, 0x1, 0x12, 0x80, 0x7f, 0x21,
    0x0, 0x56, 0x1, 0xfe, 0xc0, 0xd, 0x3f, 0xf7,
    0x0, 0x6f, 0xf0, 0x7, 0xff, 0x53, 0xc4, 0x7f,
    0x80, 0x30, 0x93, 0xf7, 0x7e, 0xf0, 0xd, 0xda,
    0x1, 0xff, 0xd4,

    /* U+0035 "5" */
    0x1, 0xff, 0xff, 0xac, 0x2, 0x30, 0xf, 0xfe,
    0x18, 0x80, 0x7f, 0xf0, 0xdc, 0x3, 0x8, 0xfe,
    0x0, 0x84, 0x2, 0x8e, 0xef, 0xa8, 0x2, 0x30,
    0x8, 0x40, 0x3f, 0xe1, 0x0, 0x8c, 0x3, 0xfe,
    0xf0, 0x8, 0xde, 0xae, 0x98, 0x3, 0xc2, 0x1,
    0x4c, 0x2a, 0x2c, 0xf2, 0x80, 0x63, 0x0, 0xfe,
    0x1a, 0x60, 0xf, 0xfe, 0x1c, 0x90, 0x2, 0x20,
    0x60, 0xdb, 0xfc, 0xc0, 0x1a, 0xc0, 0x4, 0xf9,
    0xf2, 0x40, 0x32, 0xc0, 0x13, 0x80, 0x7f, 0xd0,
    0x1, 0x8, 0x80, 0x3f, 0xc2, 0x1, 0x8c, 0x2,
    0x54, 0x0, 0xe1, 0x0, 0xc6, 0x6c, 0xfa, 0x90,
    0xe, 0x90, 0x8, 0x46, 0x30, 0x1, 0x69, 0x80,
    0xc3, 0x80, 0x4c, 0x4, 0xa0, 0x11, 0x67, 0xf3,
    0x80, 0x43, 0x20, 0xa, 0x20, 0xf, 0xf6, 0x88,
    0x5, 0x88, 0x1, 0xf1, 0x61, 0x80, 0x61, 0xbb,
    0x20, 0x80, 0xa4, 0xe9, 0x80, 0x40,

    /* U+0036 "6" */
    0x0, 0xc9, 0x5b, 0xfe, 0xeb, 0x60, 0xf, 0xe,
    0x5a, 0x90, 0x0, 0x52, 0x74, 0x80, 0x21, 0xf3,
    0x0, 0xfc, 0x4c, 0x1, 0x50, 0x80, 0x70, 0x80,
    0x58, 0x80, 0x3, 0x40, 0x8, 0xf7, 0xfb, 0x5f,
    0xc, 0x2, 0xa0, 0x8, 0xf0, 0x80, 0x5, 0x6,
    0x1, 0x94, 0x2, 0xa0, 0xf, 0xf8, 0x80, 0x22,
    0x23, 0xd5, 0xd3, 0x0, 0x7f, 0x7e, 0xc2, 0xa2,
    0xcf, 0x28, 0x7, 0xc8, 0x1, 0xe1, 0xa6, 0x0,
    0xff, 0xe1, 0xc9, 0x0, 0x78, 0xf3, 0xf9, 0x80,
    0x35, 0x80, 0x71, 0x61, 0x80, 0xcb, 0x0, 0x4e,
    0x1, 0xd6, 0x1, 0xd6, 0x1, 0x8, 0x80, 0x31,
    0x0, 0x71, 0x0, 0x63, 0x30, 0x4, 0x40, 0x1c,
    0x40, 0x18, 0xd0, 0x2, 0xb0, 0xe, 0xb0, 0x8,
    0x45, 0xa0, 0x11, 0x61, 0x80, 0xcb, 0x0, 0x4c,
    0x8, 0x60, 0x11, 0xe7, 0xf3, 0x0, 0x43, 0x20,
    0xe, 0x10, 0xf, 0xf5, 0x8, 0x0, 0xb0, 0xc0,
    0x3e, 0x1c, 0x40, 0xc, 0x59, 0x48, 0x20, 0x3,
    0x9e, 0x30, 0x8,

    /* U+0037 "7" */
    0xcf, 0xff, 0xfe, 0x6, 0x80, 0x7f, 0xf4, 0x1c,
    0x47, 0xf0, 0x7, 0x5f, 0x77, 0xe3, 0x0, 0x90,
    0x3, 0xf1, 0x98, 0x2, 0xb0, 0xf, 0xd4, 0x1,
    0x19, 0x0, 0x7e, 0x60, 0xa, 0x80, 0x3f, 0x30,
    0x6, 0x60, 0xf, 0xd4, 0x1, 0x30, 0x7, 0xe3,
    0x30, 0x5, 0x60, 0x1f, 0xa8, 0x2, 0x32, 0x0,
    0xfc, 0xc0, 0x15, 0x0, 0x7e, 0x60, 0xc, 0xc0,
    0x1f, 0xa8, 0x2, 0x60, 0xf, 0xc6, 0x60, 0xa,
    0x80, 0x3f, 0x50, 0x4, 0x66, 0x0, 0xfc, 0xc0,
    0x15, 0x0, 0x7e, 0x60, 0xc, 0xc0, 0x1f, 0xa8,
    0x2, 0x60, 0xf, 0xc6, 0x60, 0xa, 0x80, 0x3f,
    0x50, 0x4, 0x66, 0x0, 0xf0,

    /* U+0038 "8" */
    0x0, 0xc5, 0x1b, 0xfe, 0xeb, 0x70, 0xf, 0x9f,
    0x5c, 0x80, 0x2, 0x91, 0xc6, 0x1, 0x9e, 0x0,
    0x3f, 0xe, 0x18, 0x0, 0xa0, 0x3, 0x84, 0x3,
    0xbc, 0x0, 0xa0, 0x1a, 0x7f, 0xb8, 0xa0, 0x11,
    0x88, 0x70, 0x4, 0x6c, 0x0, 0x1b, 0x0, 0xca,
    0x1, 0xff, 0xc5, 0xf0, 0x8, 0xdc, 0x40, 0xa8,
    0x3, 0x28, 0x30, 0x80, 0x51, 0xdf, 0xa8, 0x1,
    0x28, 0x80, 0x2c, 0x3, 0xfc, 0x36, 0x1, 0x68,
    0x7, 0xf8, 0x54, 0x0, 0x6e, 0x1, 0xff, 0x50,
    0x2, 0x0, 0x34, 0xff, 0xb5, 0x40, 0x21, 0x60,
    0x40, 0xa, 0x18, 0x0, 0x54, 0x60, 0x16, 0x90,
    0x6, 0x50, 0xe, 0xb0, 0x9, 0x80, 0x3f, 0xf8,
    0x84, 0x1, 0x94, 0x3, 0xac, 0x2, 0x60, 0x30,
    0xa, 0x14, 0x0, 0x32, 0x60, 0x16, 0x4, 0x0,
    0x6a, 0xfe, 0xe3, 0x0, 0x42, 0xe0, 0x8c, 0x1,
    0xc2, 0x1, 0xd4, 0x1, 0x4b, 0x80, 0x7e, 0x1b,
    0x40, 0xd, 0x1a, 0xe4, 0x0, 0x14, 0x9e, 0x40,
    0x0,

    /* U+0039 "9" */
    0x0, 0xc5, 0x3b, 0xfe, 0xd9, 0x30, 0xf, 0xa7,
    0x58, 0x80, 0x4, 0xd9, 0x20, 0x1d, 0x6c, 0x1,
    0xf9, 0xac, 0x2, 0x74, 0x0, 0xff, 0x23, 0x0,
    0xc0, 0x4, 0x35, 0xfe, 0xb2, 0x0, 0xa0, 0x10,
    0x3, 0x62, 0x80, 0x13, 0xc0, 0x21, 0x42, 0x0,
    0x90, 0x80, 0x31, 0x28, 0x4, 0x60, 0x1f, 0xfc,
    0x3f, 0x20, 0x9, 0x8, 0x3, 0x12, 0x80, 0x42,
    0x80, 0x1b, 0x14, 0x0, 0xb8, 0x1, 0xc2, 0xc0,
    0x10, 0xd7, 0xfa, 0x84, 0x3, 0xd2, 0x60, 0x1f,
    0xfc, 0x3d, 0x50, 0xf, 0x9, 0x0, 0x78, 0x6b,
    0x5d, 0x51, 0x67, 0x90, 0x3, 0xf1, 0x45, 0x5d,
    0x30, 0x18, 0x4, 0x20, 0x1f, 0xf3, 0x80, 0x5e,
    0x1, 0xfe, 0x52, 0x0, 0x90, 0x3, 0x54, 0x8,
    0x1, 0xa8, 0x2, 0x13, 0x0, 0xa9, 0x5f, 0xb9,
    0xf2, 0x1, 0xa0, 0x2, 0xa5, 0x0, 0x84, 0x3,
    0x95, 0x80, 0x2c, 0x0, 0xfe, 0x7a, 0x0, 0xcd,
    0xd0, 0x62, 0x0, 0x37, 0xd8, 0x0, 0x80,

    /* U+003A ":" */
    0xaf, 0xf9, 0x80, 0x3f, 0xf8, 0x77, 0xbb, 0x38,
    0x91, 0x42, 0x1, 0xfe, 0x12, 0x28, 0x2b, 0x76,
    0x60, 0xf, 0xfe, 0x18,

    /* U+003B ";" */
    0xbf, 0xf9, 0x80, 0x3f, 0xf8, 0x75, 0xbb, 0x30,
    0x91, 0x40, 0x1f, 0xfd, 0x31, 0x22, 0x86, 0xb7,
    0x67, 0x0, 0xff, 0xe1, 0xdf, 0xb0, 0x18, 0x1,
    0x41, 0x93, 0xc, 0x4f, 0x4c, 0x74, 0x2f, 0x38,
    0xc0,

    /* U+003C "<" */
    0x0, 0xff, 0xe2, 0x16, 0x10, 0x7, 0x8b, 0xf,
    0xc4, 0x3, 0x16, 0x8, 0x15, 0x0, 0x45, 0x82,
    0x0, 0x2a, 0x0, 0x16, 0x8, 0x0, 0xb0, 0x40,
    0x7c, 0x40, 0x5, 0x82, 0x3, 0x84, 0x0, 0x2c,
    0x10, 0x4, 0x90, 0x5, 0x2, 0x1, 0x42, 0x80,
    0x54, 0x80, 0x1a, 0x90, 0x2, 0xb4, 0x0, 0xd6,
    0x80, 0x15, 0xa0, 0x6, 0xb4, 0x0, 0xad, 0x0,
    0x35, 0xa0, 0x5, 0xc0, 0x1d, 0x68, 0xb, 0x40,
    0x1e, 0xb7, 0xa0,

    /* U+003D "=" */
    0x13, 0x3f, 0xfe, 0x11, 0x3e, 0x67, 0xff, 0xc,
    0x3, 0xff, 0xa8, 0xdf, 0xff, 0xfc, 0x2e, 0x0,
    0xff, 0xe2, 0x9, 0x9f, 0xff, 0x8, 0x9f, 0x33,
    0xff, 0x86, 0x1, 0xff, 0xd4,

    /* U+003E ">" */
    0x0, 0xff, 0xe0, 0xd3, 0x80, 0x7e, 0xa5, 0x86,
    0x0, 0xf3, 0x28, 0x2, 0x58, 0x3, 0x99, 0x80,
    0x14, 0xb0, 0x7, 0x4b, 0x0, 0x52, 0xa0, 0x1d,
    0x2c, 0x1, 0x52, 0x80, 0x74, 0xb0, 0x5, 0x4a,
    0x1, 0xd0, 0x20, 0x14, 0x0, 0x61, 0xd1, 0x0,
    0xf, 0x80, 0x43, 0xa6, 0x0, 0x1c, 0x20, 0x0,
    0xe1, 0x80, 0x7, 0x8, 0x0, 0x38, 0x40, 0x1,
    0xc2, 0x0, 0x94, 0x80, 0x3, 0xa4, 0x1, 0x92,
    0x80, 0x74, 0xc0, 0x3c, 0xb5, 0xa6, 0x1, 0xe0,

    /* U+003F "?" */
    0x0, 0xcf, 0x9f, 0xee, 0xc7, 0x10, 0xe, 0x3e,
    0x83, 0x0, 0x9, 0xc7, 0xa0, 0x4, 0x5a, 0x20,
    0x1f, 0xd, 0x98, 0x2, 0x4, 0x3, 0x8, 0x7,
    0x78, 0xa, 0x80, 0x4d, 0xfd, 0xc5, 0x0, 0x8c,
    0x90, 0x2, 0x19, 0x0, 0xd, 0x0, 0x67, 0x4b,
    0xbb, 0x40, 0x3f, 0xc2, 0x89, 0x18, 0x6, 0x10,
    0xc, 0xc0, 0x1f, 0xd0, 0x1, 0x9, 0x80, 0x7e,
    0x76, 0x0, 0xac, 0x3, 0xf4, 0xc0, 0x4, 0xaa,
    0x0, 0xfa, 0x58, 0x2, 0x3a, 0x0, 0xf8, 0xd8,
    0x2, 0x3c, 0x0, 0xfd, 0x20, 0x10, 0xe8, 0x7,
    0xf2, 0x0, 0x50, 0x20, 0x1f, 0xc2, 0x1, 0x10,
    0x7, 0xfb, 0xbb, 0x20, 0x7, 0xf9, 0xdf, 0x8,
    0x7, 0xf0, 0xcc, 0xe2, 0x0, 0xff, 0xf3, 0x0,

    /* U+0040 "@" */
    0x0, 0xf9, 0x6b, 0x7f, 0xee, 0xb7, 0x20, 0xf,
    0xfe, 0x3, 0x75, 0x29, 0x0, 0x42, 0x91, 0xb6,
    0x40, 0x1f, 0xd7, 0x22, 0x1, 0xfe, 0x4d, 0x50,
    0xf, 0xb1, 0x0, 0x23, 0x8b, 0xcb, 0x96, 0x10,
    0xa, 0x98, 0x3, 0xa4, 0xc0, 0x5, 0x98, 0x74,
    0x34, 0x69, 0xe8, 0x0, 0xa4, 0xc0, 0x22, 0x60,
    0x1, 0xe9, 0x80, 0x8, 0xc4, 0x2, 0x7c, 0x0,
    0xb8, 0x2, 0x80, 0x0, 0xe8, 0x1, 0xfb, 0x73,
    0xb6, 0xb7, 0xe, 0x40, 0x4, 0x80, 0x5, 0x0,
    0x30, 0x85, 0xc0, 0x80, 0x44, 0xa4, 0x60, 0xc4,
    0x0, 0xe0, 0x30, 0xa, 0x82, 0x10, 0x3, 0xfe,
    0x50, 0x2, 0x2, 0x80, 0x4, 0x81, 0xc0, 0x5,
    0x9f, 0xc8, 0x1, 0xda, 0x0, 0x10, 0xe0, 0x1,
    0x1, 0x80, 0x52, 0x60, 0x32, 0x1, 0xc2, 0x1,
    0x8, 0x80, 0x33, 0x80, 0x4a, 0x1, 0x10, 0x7,
    0xff, 0xd, 0xc0, 0x25, 0x0, 0x84, 0x3, 0x84,
    0x2, 0x11, 0x0, 0x8, 0xc, 0x2, 0x93, 0x2,
    0xa0, 0x9, 0x43, 0x80, 0x4, 0x1a, 0x0, 0x12,
    0x7, 0x0, 0x16, 0x7e, 0xa0, 0x5, 0x5e, 0x80,
    0x5, 0x4, 0x0, 0xa8, 0x20, 0xc0, 0x3f, 0xf8,
    0x52, 0x2, 0x80, 0x7, 0x10, 0xc7, 0x0, 0xc7,
    0x92, 0x20, 0x11, 0x60, 0x80, 0x3c, 0x2, 0xd0,
    0x4, 0x7e, 0xe6, 0xe1, 0xb7, 0x6e, 0x6e, 0x8c,
    0x2, 0x45, 0x0, 0x1e, 0x98, 0x0, 0x8c, 0x80,
    0x31, 0x19, 0x0, 0x7a, 0x8c, 0x0, 0x59, 0x87,
    0x43, 0x46, 0xa1, 0x0, 0xff, 0xb5, 0x0, 0x23,
    0x8b, 0xcb, 0x95, 0x70, 0xf, 0xf8, 0x6e, 0x44,
    0x3, 0xf6, 0x80, 0x7f, 0xf0, 0x5b, 0xa9, 0x88,
    0x2, 0x14, 0xc0, 0xf, 0xc0,

    /* U+0041 "A" */
    0x0, 0xfb, 0xbf, 0xf9, 0xc0, 0x3f, 0xf8, 0x6,
    0x20, 0x1d, 0x80, 0x1f, 0xfc, 0xb, 0x0, 0xf2,
    0x8, 0x7, 0xfc, 0xa0, 0x1f, 0x20, 0x7, 0xf8,
    0x88, 0x1, 0x28, 0x5, 0xe0, 0x1f, 0xe5, 0x0,
    0x93, 0x80, 0x24, 0x0, 0xff, 0x58, 0x5, 0xa8,
    0x1, 0x9, 0x80, 0x7e, 0x13, 0x0, 0x9c, 0x14,
    0x2, 0xb0, 0xf, 0xc8, 0x1, 0x10, 0x86, 0x0,
    0x4a, 0x1, 0xfb, 0xc0, 0x25, 0x0, 0x38, 0x4,
    0x44, 0x0, 0xf9, 0x40, 0x2b, 0x0, 0x9, 0x80,
    0x4a, 0x1, 0xe4, 0x0, 0x84, 0xc0, 0x2b, 0x0,
    0xb0, 0x3, 0xd8, 0x1, 0x20, 0x6, 0x50, 0x9,
    0x4, 0x3, 0x94, 0x2, 0x5e, 0xed, 0x80, 0x19,
    0x0, 0x31, 0x10, 0x3, 0x8, 0xf0, 0x6, 0xf0,
    0xc, 0xa0, 0x1f, 0xfc, 0x24, 0x0, 0xd6, 0x1,
    0xff, 0xc2, 0x13, 0x0, 0x9, 0x80, 0x5b, 0xff,
    0xf2, 0x80, 0x56, 0x0, 0x40, 0x8, 0x88, 0x1,
    0xf7, 0x80, 0x4a, 0x0, 0xf0, 0x9, 0x40, 0x3f,
    0x20, 0x4, 0x44, 0x5, 0x0, 0xac, 0x3, 0xf0,
    0x98, 0x4, 0xa8, 0x1, 0x9, 0x80, 0x7f, 0x58,
    0x5, 0x80,

    /* U+0042 "B" */
    0xef, 0xff, 0xed, 0x81, 0x0, 0xff, 0xe1, 0x13,
    0xf9, 0x80, 0x7f, 0xf0, 0xc7, 0x44, 0x3, 0xc2,
    0x3c, 0x1, 0x86, 0x0, 0x3d, 0xbd, 0xdb, 0xd0,
    0x2, 0x70, 0xf, 0xfe, 0x5, 0x0, 0x42, 0x40,
    0x1f, 0xf0, 0x80, 0x61, 0x0, 0xff, 0x84, 0x3,
    0x8, 0x7, 0xf8, 0xa8, 0x2, 0x12, 0x0, 0xec,
    0xff, 0xda, 0x80, 0x14, 0x0, 0x7f, 0xf0, 0xd5,
    0x80, 0x3f, 0xf8, 0x6a, 0xa0, 0xf, 0x8, 0xf8,
    0x3, 0x52, 0x0, 0x76, 0xf7, 0x79, 0x0, 0x28,
    0x0, 0xff, 0x86, 0x80, 0x23, 0x10, 0xf, 0xf8,
    0x44, 0x1, 0x10, 0x7, 0xfc, 0x42, 0x1, 0x8,
    0x7, 0xf8, 0xb8, 0x3, 0x10, 0x6, 0xce, 0xed,
    0xfa, 0x60, 0x12, 0x80, 0x78, 0x47, 0x0, 0x7a,
    0x0, 0x3f, 0xf8, 0x76, 0x40, 0x1f, 0xfc, 0x2,
    0x7e, 0x40, 0x0,

    /* U+0043 "C" */
    0x0, 0xf9, 0xab, 0x7f, 0xed, 0x94, 0x0, 0xff,
    0x9b, 0xe5, 0x48, 0x2, 0x26, 0xbd, 0x30, 0xf,
    0xd7, 0x20, 0x1f, 0xe2, 0xc6, 0x0, 0xf5, 0xa0,
    0x7, 0x84, 0x3, 0xd2, 0xc0, 0x19, 0x90, 0x3,
    0x3e, 0xff, 0x7e, 0x28, 0x6, 0x92, 0x0, 0xa0,
    0x2, 0x1d, 0x82, 0x0, 0x8e, 0xa4, 0x3, 0x40,
    0x1, 0x44, 0x2, 0xa2, 0x0, 0xf9, 0x98, 0x1,
    0x28, 0x3, 0xc0, 0x23, 0x40, 0xf, 0xe8, 0x37,
    0xcf, 0x0, 0x20, 0x5, 0x60, 0x1f, 0xe1, 0xc8,
    0x30, 0x8, 0x40, 0x23, 0x0, 0xff, 0xe2, 0x8,
    0x6, 0x70, 0xf, 0xfe, 0xd0, 0x80, 0x67, 0x0,
    0xff, 0xe2, 0x88, 0x4, 0x60, 0x1f, 0xfc, 0x54,
    0x0, 0xac, 0x3, 0xfc, 0x36, 0xe6, 0x1, 0x78,
    0x4, 0x68, 0x1, 0xfd, 0x9, 0x19, 0xc0, 0x5,
    0x10, 0xa, 0x88, 0x3, 0xe5, 0x60, 0x9, 0x0,
    0x28, 0x0, 0x87, 0x5c, 0x80, 0x23, 0x9a, 0x0,
    0xd0, 0x1, 0x32, 0x0, 0x68, 0xdf, 0xef, 0xc6,
    0x0, 0xd2, 0x40, 0x1a, 0xd0, 0x3, 0xc2, 0x1,
    0xe9, 0x60, 0xf, 0x5c, 0x0, 0x7f, 0x8b, 0x18,
    0x3, 0xf3, 0xfc, 0xa9, 0x0, 0x44, 0xd7, 0xa6,
    0x1, 0x80,

    /* U+0044 "D" */
    0xef, 0xff, 0xdd, 0x8e, 0x20, 0x1f, 0xfc, 0x21,
    0x38, 0xe8, 0x0, 0xff, 0xe2, 0xbd, 0x0, 0x7e,
    0x11, 0x80, 0x3c, 0xb0, 0x1, 0xec, 0xee, 0xbf,
    0xa4, 0x3, 0x39, 0x80, 0x7f, 0x85, 0xb0, 0x3,
    0x40, 0x7, 0xff, 0x0, 0xdc, 0x2, 0x41, 0x0,
    0xff, 0xe0, 0x48, 0x6, 0x40, 0xf, 0xfe, 0x0,
    0x98, 0x5, 0x80, 0x1f, 0xfc, 0x16, 0x0, 0x88,
    0x3, 0xff, 0x82, 0x40, 0x13, 0x80, 0x7f, 0xf4,
    0xc8, 0x2, 0x70, 0xf, 0xfe, 0xb, 0x0, 0x44,
    0x1, 0xff, 0xc0, 0x13, 0x0, 0xb0, 0x3, 0xff,
    0x81, 0x20, 0x19, 0x0, 0x3f, 0xe3, 0x70, 0x9,
    0x4, 0x3, 0xf8, 0x5b, 0x0, 0x34, 0x0, 0x76,
    0x77, 0x74, 0x80, 0x67, 0x30, 0xf, 0x8, 0xe0,
    0xe, 0x58, 0x0, 0xff, 0xe1, 0xbd, 0x0, 0x7f,
    0xf0, 0x4, 0xe3, 0xa0, 0x3, 0x0,

    /* U+0045 "E" */
    0xef, 0xff, 0xfe, 0x9, 0x80, 0x7f, 0xf5, 0x84,
    0x7f, 0xe0, 0xd, 0xbd, 0xdf, 0xc4, 0x1, 0xff,
    0xf4, 0xcf, 0xff, 0x98, 0x3, 0xff, 0xb0, 0x23,
    0xf8, 0xc0, 0x3d, 0xbd, 0xdf, 0x28, 0x7, 0xff,
    0xdb, 0x7b, 0xbf, 0x88, 0x3, 0x8, 0xff, 0xc0,
    0x1f, 0xfd, 0x20,

    /* U+0046 "F" */
    0xef, 0xff, 0xfe, 0x2, 0x0, 0x7f, 0xf8, 0xab,
    0x77, 0xf2, 0x0, 0x66, 0x22, 0xfc, 0x1, 0xff,
    0xd5, 0x62, 0x2f, 0x8, 0x7, 0xab, 0x77, 0xd2,
    0x1, 0xff, 0xe4, 0xcf, 0xff, 0x40, 0x7, 0xff,
    0xfc, 0x3, 0xff, 0xb6,

    /* U+0047 "G" */
    0x0, 0xf9, 0xaf, 0xbf, 0xed, 0x95, 0x0, 0xff,
    0x9b, 0xa5, 0x4, 0x2, 0x26, 0xad, 0x40, 0xf,
    0xd7, 0x22, 0x1, 0xfc, 0x56, 0xc0, 0x1e, 0xa4,
    0x0, 0xff, 0xe0, 0xca, 0x0, 0x66, 0x50, 0xc,
    0xfb, 0xff, 0x5a, 0x0, 0x6a, 0x0, 0xd0, 0x1,
    0xe, 0x41, 0x0, 0x49, 0x6c, 0x1, 0xa, 0x80,
    0x18, 0x40, 0x2b, 0x30, 0xf, 0xa4, 0xc0, 0x2e,
    0x0, 0x68, 0x4, 0x4a, 0x1, 0xfd, 0xf3, 0x7b,
    0x60, 0x5, 0x0, 0x94, 0x3, 0xfc, 0x6c, 0x84,
    0x1, 0x8, 0x5, 0xa0, 0x1f, 0x9, 0x9f, 0xc2,
    0x20, 0xc, 0xc0, 0x1f, 0x4e, 0x67, 0xc8, 0x1,
    0xff, 0xca, 0x10, 0xc, 0xc0, 0x1f, 0xfc, 0x31,
    0x1, 0x0, 0x88, 0x3, 0xe8, 0xff, 0x60, 0x6,
    0x60, 0x40, 0xa, 0xc0, 0x3f, 0xc8, 0x1, 0x9,
    0x7, 0x80, 0x46, 0x80, 0x1f, 0xd2, 0x1, 0x38,
    0x1, 0x44, 0x2, 0xa2, 0x0, 0xfa, 0x84, 0x2,
    0xa0, 0xa, 0x0, 0x21, 0xd8, 0x20, 0x9, 0x31,
    0x40, 0x25, 0x30, 0x9, 0x94, 0x3, 0x3e, 0xff,
    0x7d, 0x98, 0x4, 0x56, 0x1, 0xd4, 0xa0, 0x1e,
    0x10, 0xe, 0x2f, 0x10, 0xf, 0x54, 0x88, 0x7,
    0xf3, 0x69, 0x0, 0x7e, 0x6e, 0x95, 0x10, 0x0,
    0x9b, 0xec, 0x80, 0x70,

    /* U+0048 "H" */
    0xef, 0xf8, 0xc0, 0x3f, 0x17, 0xfd, 0xc0, 0x1f,
    0xff, 0xf0, 0xf, 0xff, 0xee, 0x7f, 0xfe, 0xd0,
    0xf, 0xff, 0x0, 0x8f, 0xf8, 0x3, 0xf6, 0xf7,
    0x7e, 0xc0, 0xf, 0xff, 0xf8, 0x7, 0xff, 0xf4,

    /* U+0049 "I" */
    0x9f, 0xf9, 0xc0, 0x3f, 0xff, 0xe0, 0x1f, 0xfd,
    0x20,

    /* U+004A "J" */
    0x0, 0xfc, 0x5f, 0xf8, 0x3, 0xff, 0xfe, 0x1,
    0xff, 0xff, 0x0, 0xff, 0xf0, 0x8a, 0x46, 0x10,
    0x4, 0xe0, 0x1b, 0x2d, 0xcf, 0x88, 0xa, 0x0,
    0x22, 0xb0, 0x8, 0xf7, 0xb4, 0x80, 0x25, 0x64,
    0x0, 0xc2, 0x1, 0x8a, 0x2, 0xd0, 0x3, 0xe2,
    0xf0, 0xa, 0xe9, 0x4, 0x0, 0x71, 0xa4, 0x0,

    /* U+004B "K" */
    0xef, 0xf8, 0xc0, 0x3c, 0x3d, 0xff, 0x70, 0x80,
    0x7f, 0xda, 0x20, 0x16, 0x8, 0x7, 0xfa, 0x4c,
    0x2, 0xb2, 0x0, 0xff, 0x33, 0x0, 0x28, 0x40,
    0xf, 0xf2, 0x48, 0x4, 0xae, 0x1, 0xfe, 0x2a,
    0x0, 0x8e, 0x80, 0x3f, 0xef, 0x10, 0x0, 0xe8,
    0x7, 0xfd, 0x44, 0x1, 0x60, 0x80, 0x7f, 0x9d,
    0x40, 0x2b, 0x20, 0xf, 0xf2, 0x40, 0x5, 0x8,
    0x1, 0xff, 0x40, 0x4, 0xae, 0x1, 0xff, 0xc4,
    0x71, 0x0, 0xff, 0xe0, 0x38, 0x4, 0x54, 0x1,
    0xff, 0xc0, 0xb7, 0x0, 0x92, 0x80, 0x3f, 0xf8,
    0x10, 0xa0, 0x12, 0xb8, 0x7, 0xff, 0x2, 0x8c,
    0x2, 0x85, 0x0, 0xff, 0xe0, 0x69, 0x0, 0x54,
    0x60, 0x1f, 0xf0, 0xf8, 0x80, 0x5a, 0x40, 0x1f,
    0xf1, 0x68, 0x4, 0x3e, 0x20, 0x1f, 0xf1, 0xd0,
    0x4, 0x5a, 0x1, 0xff, 0xc0, 0x58, 0x0, 0x8e,
    0x80, 0x3f, 0xf8, 0xe, 0xa0, 0x12, 0xc0,

    /* U+004C "L" */
    0x9f, 0xf9, 0xc0, 0x3f, 0xff, 0xe0, 0x1f, 0xff,
    0xf0, 0xf, 0xff, 0xf8, 0x7, 0xff, 0x3a, 0x3b,
    0xbf, 0x58, 0x7, 0x8, 0xfe, 0x70, 0xf, 0xfe,
    0x80,

    /* U+004D "M" */
    0xef, 0xf8, 0x40, 0x3f, 0xf8, 0x7, 0xff, 0x58,
    0x6, 0x90, 0xf, 0xfe, 0x4, 0x0, 0x7e, 0x60,
    0xf, 0xf8, 0x90, 0x3, 0xf0, 0xb8, 0x7, 0xfa,
    0x0, 0x3f, 0xd2, 0x1, 0xfc, 0x4a, 0x1, 0xfe,
    0x17, 0x0, 0xfd, 0x0, 0x1f, 0xfc, 0x9, 0x0,
    0xf8, 0x94, 0x3, 0xff, 0x80, 0x2c, 0x1, 0xeb,
    0x0, 0xff, 0xe1, 0x40, 0x7, 0x13, 0x0, 0x7f,
    0x84, 0xc0, 0x2, 0xc0, 0x1a, 0xc0, 0x24, 0x0,
    0xfd, 0x20, 0x14, 0x0, 0x42, 0xc0, 0x14, 0x0,
    0x7e, 0x52, 0x0, 0xb, 0x0, 0x20, 0x2, 0x52,
    0x0, 0xfe, 0x80, 0xa, 0xc0, 0x58, 0x2, 0x80,
    0xf, 0xf2, 0x90, 0x0, 0x96, 0x40, 0x25, 0x20,
    0xf, 0xfa, 0xc0, 0x28, 0x70, 0xa, 0x40, 0x3f,
    0xf8, 0xc, 0x20, 0x2, 0x0, 0x90, 0xc0, 0x3f,
    0xf8, 0x32, 0x1, 0xe8, 0x0, 0xff, 0xe1, 0x38,
    0x80, 0x63, 0x30, 0x7, 0xff, 0xe, 0x40, 0x34,
    0x0, 0x7f, 0xf1, 0x18, 0x2, 0x24, 0x0, 0xff,
    0xe2, 0xb, 0x80, 0x20, 0x3, 0xff, 0x8d, 0x20,
    0x4a, 0x1, 0xfc,

    /* U+004E "N" */
    0xef, 0xfa, 0x0, 0x3f, 0x37, 0xfd, 0x80, 0x19,
    0xcc, 0x3, 0xff, 0x8b, 0xc0, 0x1f, 0xfc, 0x52,
    0x70, 0xf, 0xfe, 0x2c, 0x10, 0x7, 0xff, 0x17,
    0x80, 0x3f, 0xf8, 0xa6, 0xc0, 0x1f, 0xfc, 0x12,
    0x0, 0xa4, 0x40, 0x3f, 0xf8, 0x10, 0x20, 0x15,
    0x80, 0x7f, 0xf0, 0x1a, 0x0, 0x25, 0x50, 0x7,
    0xff, 0x1, 0x90, 0x2, 0xb0, 0xf, 0xfe, 0xc,
    0x80, 0x43, 0x20, 0x1f, 0xfc, 0x2, 0x80, 0x9,
    0x8c, 0x3, 0xff, 0x80, 0xe6, 0x1, 0x70, 0x7,
    0xff, 0x7, 0xc0, 0x22, 0xb0, 0xf, 0xfe, 0x1,
    0xb8, 0x4, 0x40, 0x1f, 0xfc, 0x18, 0x20, 0xf,
    0xfe, 0x2c, 0x80, 0x7f, 0xf1, 0x51, 0x80, 0x3f,
    0xf8, 0xb0, 0x20, 0x1f, 0xfc, 0x41, 0xb0, 0xf,
    0xfe, 0x2a, 0xa0, 0x6,

    /* U+004F "O" */
    0x0, 0xf9, 0xab, 0x7f, 0xed, 0x94, 0x0, 0xff,
    0x9b, 0xe5, 0x48, 0x2, 0x26, 0xbd, 0x40, 0xf,
    0xd7, 0x20, 0x1f, 0xe2, 0xb7, 0x0, 0xf5, 0xa0,
    0x7, 0xff, 0x6, 0x1c, 0x3, 0x32, 0x0, 0x67,
    0xdf, 0xfb, 0x14, 0x3, 0x41, 0x0, 0x50, 0x1,
    0xe, 0x41, 0x0, 0x47, 0x52, 0x1, 0xa4, 0x0,
    0xa2, 0x1, 0x59, 0x80, 0x7c, 0xcc, 0x0, 0x90,
    0x43, 0xc0, 0x22, 0x50, 0xf, 0xe8, 0x0, 0xce,
    0x8, 0x1, 0x28, 0x7, 0xf8, 0x4c, 0x2, 0xc0,
    0x10, 0xb, 0x40, 0x3f, 0xe5, 0x0, 0x98, 0x40,
    0x33, 0x0, 0x7f, 0xc2, 0x1, 0x8, 0x7, 0xff,
    0x28, 0x40, 0x33, 0x0, 0x7f, 0xc2, 0x1, 0x8,
    0x8, 0x4, 0x40, 0x1f, 0xf2, 0x80, 0x4c, 0x8,
    0x1, 0x58, 0x7, 0xf8, 0x4c, 0x2, 0xc0, 0xf0,
    0x8, 0xd0, 0x3, 0xfa, 0x0, 0x33, 0x82, 0x88,
    0x5, 0x44, 0x1, 0xf2, 0xb0, 0x4, 0x82, 0x0,
    0x80, 0x8, 0x76, 0x8, 0x2, 0x3a, 0xa0, 0x6,
    0x90, 0x9, 0x90, 0x3, 0x3e, 0xff, 0x7e, 0x28,
    0x6, 0x82, 0x0, 0xd6, 0x80, 0x1e, 0x10, 0xf,
    0x43, 0x80, 0x7a, 0xe0, 0x3, 0xfc, 0x56, 0xe0,
    0x1f, 0x9f, 0xe5, 0x48, 0x2, 0x26, 0xbd, 0x40,
    0xc,

    /* U+0050 "P" */
    0xef, 0xff, 0xf6, 0xc0, 0x80, 0x7f, 0xf0, 0x89,
    0xf9, 0x0, 0x3f, 0xf8, 0x96, 0x60, 0x1c, 0x24,
    0x58, 0x40, 0x3b, 0xc0, 0x3b, 0x77, 0xbb, 0x8a,
    0x1, 0x19, 0x0, 0x7f, 0x86, 0x84, 0x2, 0x40,
    0xf, 0xfe, 0x3, 0x80, 0x5c, 0x1, 0xff, 0xc0,
    0x10, 0x8, 0x40, 0x3f, 0xf8, 0x4, 0x1, 0x8,
    0x7, 0xfc, 0x28, 0x1, 0x70, 0x7, 0xf8, 0xf4,
    0x40, 0x24, 0x0, 0xd9, 0xff, 0xd8, 0x60, 0x12,
    0x10, 0x7, 0xff, 0xe, 0x40, 0x3f, 0xf8, 0x43,
    0x84, 0x1, 0xc2, 0x45, 0xe4, 0x9e, 0x30, 0xf,
    0x6e, 0xfd, 0x6c, 0x1, 0xff, 0xff, 0x0, 0xff,
    0xe9, 0x80,

    /* U+0051 "Q" */
    0x0, 0xf9, 0xab, 0x7f, 0xed, 0x94, 0x0, 0xff,
    0x9b, 0xe5, 0x48, 0x2, 0x26, 0xbd, 0x40, 0xf,
    0xd7, 0x20, 0x1f, 0xe2, 0xb7, 0x0, 0xf5, 0xa0,
    0x7, 0xff, 0x6, 0x1c, 0x3, 0x32, 0x0, 0x67,
    0xdf, 0xfb, 0x14, 0x3, 0x41, 0x0, 0x50, 0x1,
    0xe, 0x41, 0x0, 0x47, 0x52, 0x1, 0xa4, 0x0,
    0xa2, 0x1, 0x59, 0x80, 0x7c, 0xcc, 0x0, 0x90,
    0x43, 0xc0, 0x22, 0x50, 0xf, 0xe8, 0x0, 0xce,
    0x8, 0x1, 0x28, 0x7, 0xf8, 0x4c, 0x2, 0xc0,
    0x10, 0xb, 0x40, 0x3f, 0xe5, 0x0, 0x98, 0x40,
    0x33, 0x0, 0x7f, 0xc2, 0x1, 0x8, 0x7, 0xff,
    0x28, 0x40, 0x33, 0x0, 0x7f, 0xc2, 0x1, 0x8,
    0x8, 0x4, 0x40, 0x1f, 0x85, 0x41, 0x40, 0x26,
    0x4, 0x0, 0xac, 0x3, 0xe2, 0xca, 0x73, 0x0,
    0xb0, 0x3c, 0x2, 0x34, 0x0, 0xe1, 0xc2, 0x8,
    0x0, 0xce, 0xa, 0x20, 0x15, 0x10, 0x6, 0x17,
    0x0, 0xf2, 0x8, 0x2, 0x0, 0x21, 0xd8, 0x20,
    0xa, 0x84, 0x3, 0xa4, 0x2, 0x64, 0x0, 0xcf,
    0xbf, 0xdf, 0x82, 0x1, 0xd4, 0x1, 0xad, 0x0,
    0x3c, 0x20, 0x1f, 0x9c, 0xc0, 0x35, 0xc0, 0x7,
    0xf8, 0x94, 0x1, 0x6, 0x1, 0xcf, 0xf2, 0xa4,
    0x1, 0x13, 0x5e, 0xd3, 0xc3, 0x80,

    /* U+0052 "R" */
    0xef, 0xff, 0xf6, 0xc0, 0x80, 0x7f, 0xf0, 0x89,
    0xf9, 0x0, 0x3f, 0xf8, 0x96, 0x60, 0x1c, 0x24,
    0x58, 0x40, 0x3b, 0xc0, 0x3b, 0x77, 0xbb, 0x8a,
    0x1, 0x19, 0x0, 0x7f, 0x86, 0x84, 0x2, 0x40,
    0xf, 0xfe, 0x3, 0x80, 0x5c, 0x1, 0xff, 0xc0,
    0x10, 0x8, 0x40, 0x3f, 0xf8, 0x4, 0x1, 0x8,
    0x7, 0xfc, 0x28, 0x1, 0x70, 0x7, 0xf8, 0xf4,
    0x40, 0x24, 0x0, 0xd9, 0xff, 0xd8, 0x60, 0x12,
    0x10, 0x7, 0xff, 0xe, 0x40, 0x3f, 0xf8, 0x43,
    0x64, 0x1, 0xc4, 0x58, 0x40, 0x36, 0xa0, 0x7,
    0xbb, 0x76, 0xe1, 0x0, 0xa4, 0x3, 0xff, 0x81,
    0x20, 0x12, 0x90, 0x7, 0xfc, 0xe2, 0x1, 0x40,
    0x7, 0xff, 0x2, 0x40, 0x25, 0x20, 0xf, 0xf9,
    0xc4, 0x2, 0x80, 0xf, 0xfe, 0x4, 0x80, 0x4a,
    0x40, 0x1f, 0xf3, 0x88, 0x5, 0x0,

    /* U+0053 "S" */
    0x0, 0xc2, 0xf7, 0xdf, 0xee, 0xb7, 0x10, 0xf,
    0x9f, 0xa1, 0x4, 0x0, 0x29, 0x1c, 0xe0, 0x1d,
    0x30, 0x1, 0xfe, 0x8a, 0x0, 0x95, 0x80, 0x38,
    0x44, 0x1, 0xca, 0xe0, 0xe, 0x0, 0xcf, 0xdd,
    0x9c, 0x3, 0x40, 0x82, 0x80, 0x4f, 0x2, 0x0,
    0x18, 0x90, 0xc, 0xc0, 0x20, 0x17, 0x0, 0x79,
    0x88, 0x8a, 0xe6, 0x4, 0x1, 0x59, 0x0, 0x7b,
    0x75, 0x50, 0x80, 0xa0, 0x11, 0x6d, 0xb1, 0x0,
    0x7f, 0x48, 0x80, 0x64, 0x9d, 0xea, 0x51, 0x0,
    0xe1, 0xf3, 0x0, 0xf0, 0xad, 0x75, 0x10, 0x6,
    0x1c, 0xb6, 0x10, 0xf, 0x97, 0x54, 0x3, 0x92,
    0x7b, 0x60, 0xc0, 0x3d, 0x46, 0x1, 0xf1, 0x3e,
    0x75, 0x20, 0x6, 0x90, 0x25, 0x75, 0x0, 0xe1,
    0x5b, 0x50, 0x9, 0x2f, 0x6a, 0x20, 0x1, 0xfb,
    0x0, 0x36, 0x80, 0x45, 0x20, 0x1f, 0x60, 0x4,
    0x6e, 0x1, 0x9a, 0xd0, 0x2, 0x3b, 0x50, 0x9,
    0x46, 0x40, 0x32, 0x5f, 0xf7, 0xe2, 0x0, 0x69,
    0x6, 0x70, 0xf, 0x8, 0x7, 0xac, 0x40, 0x11,
    0x42, 0x1, 0xfc, 0x78, 0x80, 0x19, 0x7a, 0x54,
    0x80, 0x23, 0x6b, 0xc3, 0x0, 0x0,

    /* U+0054 "T" */
    0xbf, 0xff, 0xfe, 0x28, 0x7, 0xff, 0x60, 0x47,
    0xe0, 0xc, 0x23, 0xf5, 0x77, 0x78, 0x40, 0x2d,
    0xee, 0xf0, 0x7, 0xff, 0xfc, 0x3, 0xff, 0xfe,
    0x1, 0xff, 0xff, 0x0, 0xff, 0xff, 0x80, 0x78,

    /* U+0055 "U" */
    0xef, 0xf8, 0xc0, 0x3f, 0x3f, 0xfd, 0x60, 0x1f,
    0xff, 0xf0, 0xf, 0xff, 0xf8, 0x7, 0xff, 0xfc,
    0x3, 0xf0, 0x98, 0x4, 0xc0, 0x1f, 0xb8, 0x3,
    0x30, 0x5, 0xc0, 0x1f, 0x9c, 0x2, 0xdc, 0x0,
    0x91, 0x40, 0x3d, 0x22, 0x1, 0x23, 0x0, 0x6a,
    0x81, 0x0, 0x1d, 0xb0, 0x4, 0x66, 0x18, 0x0,
    0xcf, 0xdc, 0xfc, 0x40, 0xd, 0xe0, 0x7, 0x60,
    0xe, 0x10, 0xf, 0x49, 0x80, 0x53, 0x0, 0x1f,
    0xc3, 0x6c, 0x1, 0xcf, 0xd0, 0x82, 0x0, 0x14,
    0x9e, 0x40, 0x8,

    /* U+0056 "V" */
    0xbf, 0xf9, 0xc0, 0x3f, 0xdd, 0xff, 0x26, 0x80,
    0x56, 0x1, 0xfc, 0x62, 0x1, 0x23, 0x80, 0x46,
    0x20, 0x1f, 0xac, 0x2, 0x40, 0x13, 0x0, 0x9c,
    0x3, 0xf2, 0x80, 0x5a, 0x0, 0xb0, 0xb, 0x40,
    0x3e, 0x22, 0x0, 0x4e, 0x0, 0x40, 0x9, 0x0,
    0x3e, 0x40, 0x8, 0xc4, 0x0, 0x62, 0x1, 0x20,
    0x7, 0xb4, 0x2, 0xb0, 0xc, 0xe0, 0x16, 0x80,
    0x70, 0xa0, 0x4, 0x80, 0x1b, 0x40, 0x27, 0x0,
    0xe4, 0x0, 0x84, 0xc0, 0x32, 0x0, 0x42, 0x40,
    0x1b, 0xc0, 0x27, 0x0, 0xf2, 0x0, 0x4a, 0x1,
    0x90, 0x2, 0xd0, 0xf, 0x68, 0x5, 0x60, 0x12,
    0x8, 0x4, 0x80, 0x1e, 0x70, 0x8, 0xc4, 0x1,
    0x80, 0x12, 0x0, 0x7c, 0x26, 0x1, 0x38, 0x1,
    0x40, 0x2d, 0x0, 0xfc, 0x80, 0x16, 0x1, 0x10,
    0x2, 0x70, 0xf, 0xd6, 0x1, 0x28, 0x28, 0x4,
    0x62, 0x1, 0xf8, 0xc4, 0x2, 0x4b, 0x0, 0xac,
    0x3, 0xfc, 0xe0, 0x17, 0x18, 0x4, 0x80, 0x1f,
    0xed, 0x0, 0x94, 0x2, 0x13, 0x0, 0xff, 0x20,
    0x7, 0xce, 0x1, 0xff, 0xc0, 0x40, 0xf, 0x68,
    0x7, 0xff, 0x3, 0x40, 0x3c, 0x80, 0x1e,

    /* U+0057 "W" */
    0x9f, 0xfa, 0xc0, 0x3e, 0x7f, 0xfc, 0x20, 0x1e,
    0x1f, 0xfc, 0x7a, 0x1, 0x20, 0x7, 0xd8, 0x1,
    0x9c, 0x3, 0xc8, 0x1, 0x9, 0xa0, 0x6, 0x40,
    0xf, 0x20, 0x6, 0xc0, 0xf, 0x60, 0x4, 0x80,
    0x4, 0x0, 0xb0, 0x3, 0x90, 0x3, 0x90, 0x3,
    0xc8, 0x1, 0x78, 0x3, 0x40, 0x24, 0x0, 0xec,
    0x0, 0xe1, 0x30, 0xc, 0x44, 0x0, 0x90, 0x0,
    0x80, 0x11, 0x88, 0x6, 0x40, 0xf, 0x20, 0x6,
    0x40, 0x8, 0xc4, 0x0, 0x44, 0x0, 0x90, 0x2,
    0x13, 0x0, 0xf6, 0x0, 0x6c, 0x0, 0x90, 0x3,
    0x28, 0x5, 0x80, 0x12, 0x0, 0x46, 0x1, 0x20,
    0x6, 0x40, 0xa, 0xc0, 0x36, 0x0, 0x48, 0x1,
    0x60, 0x5, 0x66, 0x1, 0x20, 0x0, 0xc4, 0x0,
    0x26, 0x1, 0x90, 0x2, 0x22, 0x0, 0x10, 0x2,
    0x54, 0x0, 0xb0, 0x0, 0x80, 0x12, 0x0, 0x79,
    0x40, 0x24, 0x1, 0x20, 0x0, 0x95, 0x80, 0x48,
    0x0, 0xc0, 0xb, 0xc0, 0x3d, 0x80, 0x16, 0x3,
    0x80, 0x4e, 0x6, 0x20, 0x3, 0x10, 0x40, 0x9,
    0x0, 0x3c, 0xe0, 0x12, 0x6, 0x0, 0x58, 0x0,
    0x40, 0x9, 0x10, 0x1, 0x18, 0x80, 0x78, 0x48,
    0x0, 0x26, 0x80, 0x12, 0x0, 0x30, 0x2, 0xcc,
    0x0, 0x56, 0x1, 0xf9, 0x40, 0x29, 0x10, 0x1,
    0x88, 0x1, 0xc0, 0x24, 0x40, 0x4, 0x80, 0x1f,
    0xac, 0x2, 0x50, 0xa, 0xc0, 0x21, 0x20, 0x1,
    0x18, 0x0, 0x4c, 0x3, 0xf1, 0x80, 0x7c, 0x80,
    0x19, 0x40, 0x3c, 0x80, 0x1f, 0xe5, 0x0, 0xe1,
    0x30, 0xd, 0x80, 0x1e, 0xf0, 0xf, 0xf6, 0x0,
    0x72, 0x0, 0x72, 0x0, 0x79, 0x0, 0x3f, 0xce,
    0x1, 0xde, 0x1, 0xe4, 0x0, 0xc6, 0x20, 0x1f,
    0xe1, 0x30, 0xc, 0x80, 0x1e, 0xd0, 0xd, 0x60,
    0x1f, 0xfc, 0x4, 0x0, 0x8c, 0x40, 0x3c, 0x80,
    0x19, 0x0, 0x3c,

    /* U+0058 "X" */
    0x2f, 0xfd, 0xa0, 0x1f, 0xab, 0xff, 0x29, 0x38,
    0x4, 0x4e, 0x1, 0xe4, 0x50, 0x9, 0x14, 0x20,
    0x80, 0x28, 0x10, 0xe, 0x90, 0xd, 0x40, 0x17,
    0x0, 0x6a, 0x0, 0xd0, 0x40, 0x14, 0x88, 0x4,
    0x6c, 0x1, 0x22, 0x80, 0x9, 0xc0, 0x23, 0x60,
    0xe, 0x91, 0x0, 0xac, 0x43, 0x80, 0x37, 0x0,
    0x7d, 0x40, 0x10, 0xc3, 0x18, 0x5, 0x4, 0x1,
    0xf2, 0x28, 0x4, 0xd2, 0x1, 0x1b, 0x80, 0x7f,
    0x58, 0x80, 0x7d, 0xe0, 0x1f, 0xe1, 0xb0, 0xf,
    0x39, 0x80, 0x7f, 0xca, 0x80, 0x18, 0xa0, 0x3,
    0xff, 0x82, 0xc0, 0x18, 0x84, 0x3, 0xff, 0x80,
    0xe4, 0x1, 0xd6, 0x1, 0xff, 0x14, 0x0, 0x79,
    0x54, 0x1, 0xfe, 0xe0, 0xc, 0x40, 0x15, 0x88,
    0x7, 0xe7, 0x30, 0xa, 0x78, 0x2, 0x1b, 0x0,
    0xf8, 0xa0, 0x2, 0x36, 0x36, 0x0, 0x95, 0x0,
    0x3d, 0xc0, 0x1b, 0xc0, 0x10, 0x20, 0x15, 0x0,
    0x73, 0x18, 0x4, 0xe6, 0x0, 0x1b, 0x0, 0x86,
    0x40, 0x21, 0x90, 0x8, 0x60, 0x3, 0x2a, 0x0,
    0x4c, 0x60, 0xa, 0x0, 0xd4, 0x1, 0xe9, 0x0,
    0xdc, 0xc, 0x80, 0x12, 0xa0, 0x7, 0x8a, 0x0,
    0x22, 0x80,

    /* U+0059 "Y" */
    0xbf, 0xfc, 0x20, 0x1f, 0x17, 0xfe, 0x99, 0x0,
    0x68, 0x0, 0xfa, 0x40, 0x34, 0x13, 0x0, 0x4c,
    0x60, 0x1c, 0x88, 0x0, 0xa0, 0x42, 0x0, 0x34,
    0x0, 0x74, 0x80, 0x42, 0xe0, 0x1, 0x80, 0x9,
    0x14, 0x2, 0x62, 0x0, 0xac, 0x3, 0x39, 0x0,
    0x50, 0x1, 0x40, 0x4, 0x6a, 0x1, 0xd0, 0x1,
    0x13, 0x84, 0x8, 0x5, 0xe0, 0x1e, 0x53, 0x0,
    0xa4, 0xdc, 0x2, 0x53, 0x0, 0xfb, 0xc0, 0x21,
    0xc0, 0xd, 0x0, 0x1f, 0x8d, 0x40, 0x3e, 0x72,
    0x0, 0xfe, 0xb0, 0xf, 0xc, 0x0, 0x7f, 0x85,
    0xc0, 0x3a, 0x0, 0x3f, 0xf8, 0x10, 0x20, 0x11,
    0x30, 0x7, 0xff, 0x5, 0x0, 0x25, 0x0, 0xff,
    0xff, 0x80, 0x7f, 0xff, 0xc0, 0x3f, 0x80,

    /* U+005A "Z" */
    0x9, 0xff, 0xff, 0xe1, 0xe8, 0x7, 0xff, 0x16,
    0x0, 0x3f, 0xf8, 0x86, 0xa0, 0x23, 0xfe, 0x0,
    0xee, 0x0, 0x47, 0x77, 0xe7, 0x0, 0xcc, 0x40,
    0x1f, 0xe2, 0x60, 0x8, 0x60, 0x3, 0xfe, 0xe0,
    0xd, 0x2, 0x1, 0xfe, 0x53, 0x0, 0x89, 0x80,
    0x3f, 0xeb, 0x0, 0xd2, 0x1, 0xff, 0x40, 0x80,
    0x4a, 0x80, 0x1f, 0xe2, 0x70, 0xd, 0x0, 0x1f,
    0xf4, 0x0, 0x67, 0x20, 0xf, 0xf2, 0x28, 0x4,
    0x30, 0x1, 0xff, 0x48, 0x6, 0xb0, 0xf, 0xf9,
    0x88, 0x2, 0x35, 0x0, 0xff, 0xc, 0x0, 0x6f,
    0x0, 0xff, 0xa0, 0x40, 0x26, 0x30, 0xf, 0xf1,
    0xb0, 0x6, 0x80, 0xf, 0xfb, 0xc0, 0x3b, 0xfb,
    0xbf, 0x40, 0x29, 0x80, 0x70, 0x8f, 0xf8, 0x2c,
    0x3, 0xff, 0x88, 0xc2, 0x1, 0xff, 0xc4,

    /* U+005B "[" */
    0xcf, 0xff, 0x8, 0x7, 0xff, 0x1c, 0x55, 0x61,
    0x0, 0x8a, 0xaa, 0x0, 0xff, 0xff, 0x80, 0x7f,
    0xff, 0xc0, 0x3f, 0xfd, 0x47, 0x77, 0x0, 0x72,
    0x24, 0x20, 0x1f, 0xfc, 0x40,

    /* U+005C "\\" */
    0x1f, 0xfc, 0x1, 0xe1, 0x20, 0x9, 0x0, 0x3c,
    0xa0, 0x16, 0x0, 0x7b, 0x0, 0x24, 0x0, 0xf2,
    0x0, 0x46, 0x20, 0x1e, 0x30, 0x9, 0x0, 0x3c,
    0x80, 0x16, 0x0, 0x7a, 0xc0, 0x24, 0x0, 0xf1,
    0x80, 0x44, 0x20, 0x1e, 0x40, 0x9, 0x0, 0x3d,
    0x80, 0x17, 0x80, 0x79, 0x0, 0x24, 0x0, 0xf1,
    0x88, 0x0, 0x48, 0x3, 0xc8, 0x1, 0x20, 0x7,
    0xb0, 0x2, 0xc0, 0xf, 0x20, 0x4, 0x80, 0x1e,
    0x21, 0x0, 0x9, 0x80, 0x79, 0xc0, 0x24, 0x0,
    0xf6, 0x0, 0x58, 0x1, 0xe4, 0x0, 0x90, 0x3,
    0xc2, 0x40, 0x12, 0x0, 0x79, 0x0, 0x2c,

    /* U+005D "]" */
    0x3f, 0xff, 0x50, 0x7, 0xff, 0x10, 0x55, 0x60,
    0xc, 0x55, 0x50, 0x7, 0xff, 0xfc, 0x3, 0xff,
    0xfe, 0x1, 0xff, 0xea, 0x2b, 0xb8, 0x3, 0xa,
    0x24, 0x1, 0xff, 0xc8,

    /* U+005E "^" */
    0x0, 0xf9, 0x0, 0x3f, 0xf8, 0x33, 0x6c, 0x1,
    0xff, 0x43, 0x4, 0xb0, 0x7, 0xf4, 0x38, 0x5,
    0x2c, 0x1, 0xf4, 0x38, 0x7, 0x4a, 0x80, 0x73,
    0xb8, 0x2, 0x40, 0xa, 0x94, 0x2, 0x78, 0x0,
    0xa6, 0xd8, 0x2, 0xa5, 0x6, 0x80, 0xa, 0x18,
    0x25, 0x40, 0x2a, 0x42, 0x0, 0x9d, 0xc0, 0x15,
    0x28, 0x0, 0x59, 0x2c, 0x1a, 0x0, 0x3a, 0x90,
    0x74, 0x81, 0x32, 0x40, 0x3e, 0xbc, 0x30,

    /* U+005F "_" */
    0x33, 0xff, 0xe3, 0x96, 0x67, 0xff, 0x1f, 0x80,
    0x3f, 0xfb, 0x80,

    /* U+0060 "`" */
    0xe, 0xfe, 0x10, 0x9, 0xc0, 0x58, 0x2, 0xb0,
    0x5, 0x0, 0x44, 0x60, 0x48, 0x1, 0x48, 0x3,
    0xc0, 0x25, 0x10, 0x41,

    /* U+0061 "a" */
    0x0, 0x85, 0xf3, 0xbf, 0xdb, 0x48, 0x1, 0xc7,
    0xf0, 0x62, 0x0, 0x25, 0xbb, 0x8, 0x0, 0xb0,
    0x40, 0x3f, 0x25, 0x0, 0x38, 0x3, 0x88, 0x80,
    0x19, 0x10, 0x22, 0x0, 0xa7, 0xf7, 0x61, 0x0,
    0xb0, 0x77, 0x51, 0x6, 0x0, 0x8a, 0x40, 0x22,
    0x0, 0x13, 0xb8, 0xda, 0x6f, 0xa0, 0x3, 0xc5,
    0x3d, 0x92, 0xc8, 0x20, 0x18, 0x41, 0x75, 0x84,
    0x3, 0xfc, 0x54, 0x1, 0xc8, 0xf2, 0xe0, 0x1a,
    0xc0, 0x21, 0xaf, 0xb8, 0x6f, 0x0, 0xca, 0x1,
    0x5a, 0x80, 0x6c, 0x0, 0xfc, 0x20, 0x19, 0xd0,
    0x3, 0x28, 0x5, 0x4c, 0x8d, 0x70, 0x1, 0xd4,
    0x1, 0xc, 0xdc, 0xa0, 0x7, 0x8e, 0x0, 0x3e,
    0x1c, 0x10, 0xc, 0xf8, 0x82, 0x0, 0x37, 0xf3,
    0x0, 0xc0,

    /* U+0062 "b" */
    0xff, 0xc6, 0x1, 0xff, 0xff, 0x0, 0xcb, 0x5d,
    0xfe, 0xd9, 0x20, 0xf, 0xd2, 0xa2, 0x0, 0x26,
    0xd7, 0x0, 0xff, 0xe1, 0xc3, 0x80, 0x7e, 0x34,
    0x10, 0xd, 0x6, 0x1, 0xc5, 0xb9, 0x7d, 0x20,
    0x1a, 0x0, 0x3a, 0x48, 0x2, 0x67, 0x0, 0x90,
    0x40, 0x21, 0x40, 0xe, 0x90, 0xc, 0x80, 0x11,
    0x0, 0x78, 0x44, 0x1, 0x10, 0x7, 0xfc, 0x40,
    0x17, 0x80, 0x7f, 0xc2, 0x1, 0x78, 0x4, 0x40,
    0x1e, 0x12, 0x0, 0x88, 0x2, 0x13, 0x0, 0xe6,
    0x0, 0xc8, 0x1, 0xb8, 0x80, 0x25, 0x80, 0x9,
    0x4, 0x3, 0x16, 0xe5, 0xed, 0x0, 0x68, 0x0,
    0xf8, 0xd0, 0x80, 0x34, 0x18, 0x6, 0x10, 0xf,
    0xd0, 0xe0, 0x1c, 0x9a, 0xc4, 0x0, 0x26, 0xd7,
    0x0, 0x80,

    /* U+0063 "c" */
    0x0, 0xc5, 0x3b, 0xfe, 0xeb, 0x60, 0xf, 0xa3,
    0x58, 0x80, 0x2, 0x93, 0xc6, 0x1, 0xa9, 0xc0,
    0x3f, 0xe, 0x18, 0x1, 0x94, 0x3, 0x84, 0x3,
    0xb8, 0x1, 0x0, 0x10, 0xdf, 0xf6, 0x98, 0x4,
    0x4a, 0xa1, 0x0, 0xb5, 0x0, 0x5, 0x82, 0x0,
    0x41, 0xc0, 0x8, 0xcc, 0x1, 0xd5, 0x9f, 0x68,
    0x40, 0x12, 0x80, 0x79, 0xc, 0x2, 0x70, 0x8,
    0x40, 0x3f, 0xe7, 0x0, 0x84, 0x3, 0xfe, 0x20,
    0x9, 0x0, 0x3c, 0x20, 0x1b, 0x0, 0x22, 0x40,
    0xe, 0xff, 0x6c, 0x9a, 0x88, 0x5, 0x48, 0x0,
    0x1a, 0x10, 0x26, 0x70, 0x90, 0x8, 0x6f, 0xfb,
    0x8a, 0x1, 0x12, 0x3, 0xa0, 0x7, 0x8, 0x7,
    0x70, 0x5, 0x6c, 0x1, 0xf8, 0x70, 0xc0, 0x34,
    0xe3, 0x10, 0x0, 0x52, 0x78, 0xc0, 0x0,

    /* U+0064 "d" */
    0x0, 0xff, 0x9f, 0xfe, 0xa0, 0xf, 0xff, 0xc2,
    0x57, 0x7f, 0xb6, 0x3c, 0x3, 0xea, 0xb5, 0x10,
    0x1, 0x3b, 0x80, 0x3d, 0x6a, 0x1, 0xff, 0xc1,
    0x74, 0x0, 0xc4, 0x84, 0x1, 0xf4, 0x0, 0x43,
    0x9b, 0x7b, 0x40, 0x1c, 0xa0, 0x1a, 0x8c, 0x2,
    0x57, 0x0, 0xd8, 0x1, 0x12, 0x0, 0x75, 0x0,
    0x62, 0x0, 0x90, 0x3, 0xc4, 0x1, 0x9c, 0x2,
    0x10, 0xf, 0xf9, 0xc0, 0x21, 0x0, 0xff, 0x88,
    0x2, 0x50, 0xf, 0x10, 0x6, 0xc0, 0x8, 0xcc,
    0x1, 0xd4, 0x1, 0x94, 0x3, 0x71, 0x0, 0x4a,
    0xe0, 0x1d, 0x0, 0x11, 0x6e, 0x5e, 0xd0, 0x7,
    0x9d, 0x0, 0x31, 0xa1, 0x0, 0x7e, 0xb5, 0x0,
    0xf8, 0x40, 0x3e, 0xab, 0x41, 0x0, 0x1b, 0xf8,
    0x6,

    /* U+0065 "e" */
    0x0, 0xc5, 0x19, 0xfe, 0xec, 0x71, 0x0, 0xf9,
    0xf5, 0xcc, 0x0, 0x27, 0x1e, 0x80, 0x1d, 0x30,
    0x1, 0xf8, 0x6d, 0x0, 0x25, 0x60, 0xc, 0x8a,
    0x80, 0x1a, 0x80, 0x2b, 0x0, 0x8f, 0xae, 0xaf,
    0x44, 0x0, 0x2e, 0xa, 0x20, 0x17, 0x8, 0x4,
    0x50, 0x1, 0x58, 0x60, 0x6, 0xdf, 0xfe, 0x90,
    0x8, 0x80, 0x80, 0x3f, 0xf8, 0x42, 0xe, 0x1,
    0xff, 0xc8, 0x5e, 0xef, 0xb3, 0x1d, 0xc0, 0x60,
    0x9, 0x84, 0x7e, 0x33, 0x8, 0x83, 0x0, 0x23,
    0x30, 0x7, 0x4f, 0x4a, 0x0, 0x18, 0x40, 0x2d,
    0x40, 0xa, 0x18, 0x5a, 0xe8, 0x1, 0x0, 0x10,
    0xdf, 0xf7, 0xb8, 0x6, 0x80, 0x3, 0x30, 0x3,
    0x84, 0x3, 0xa4, 0x80, 0x29, 0x80, 0xf, 0xc3,
    0x4c, 0x1, 0xcf, 0xd0, 0x62, 0x0, 0x38, 0xf5,
    0x0, 0x80,

    /* U+0066 "f" */
    0x0, 0xe5, 0xcf, 0xfc, 0x80, 0x19, 0xe8, 0xc0,
    0x3f, 0x14, 0x0, 0x7f, 0x90, 0x3, 0x3d, 0x51,
    0x40, 0x2e, 0x0, 0x96, 0x15, 0x42, 0x2f, 0xf3,
    0x80, 0x4b, 0xff, 0x20, 0x7, 0xff, 0x30, 0x73,
    0xa, 0x1, 0x2e, 0x64, 0xa0, 0x66, 0x20, 0x8,
    0x8c, 0xe1, 0x0, 0xff, 0xff, 0x80, 0x7f, 0xfe,
    0x40,

    /* U+0067 "g" */
    0x0, 0xc9, 0x5d, 0xfe, 0xd8, 0x1f, 0xfa, 0x80,
    0x2a, 0xb5, 0x10, 0x1, 0x3f, 0x0, 0x7a, 0xd4,
    0x3, 0xff, 0x82, 0xe8, 0x1, 0x89, 0x8, 0x3,
    0xe8, 0x0, 0x87, 0x36, 0xf6, 0x80, 0x39, 0x40,
    0x35, 0x18, 0x4, 0xae, 0x1, 0xb0, 0x2, 0x24,
    0x0, 0xea, 0x0, 0xc4, 0x1, 0x20, 0x7, 0x88,
    0x3, 0x38, 0x4, 0x20, 0x1f, 0xf3, 0x80, 0x42,
    0x1, 0xff, 0x10, 0x4, 0xa0, 0x1e, 0x20, 0xd,
    0x80, 0x11, 0x98, 0x3, 0xa8, 0x3, 0x28, 0x6,
    0xe2, 0x0, 0x95, 0xc0, 0x3a, 0x0, 0x22, 0xdc,
    0xbd, 0xa0, 0xf, 0x3a, 0x0, 0x63, 0x42, 0x0,
    0xfd, 0x6a, 0x1, 0xff, 0xc3, 0xab, 0x41, 0x0,
    0x1b, 0xb8, 0x3, 0xf2, 0x5f, 0x7f, 0xb2, 0x3c,
    0x2, 0x30, 0xe, 0x10, 0xe, 0xc0, 0xf, 0x9f,
    0xbd, 0x0, 0x5, 0x48, 0x1, 0x78, 0x17, 0xc0,
    0x8a, 0xff, 0xda, 0xa0, 0x19, 0xc0, 0x94, 0x3,
    0xfe, 0x81, 0x0, 0x53, 0x80, 0x7f, 0x4b, 0x80,
    0x68, 0xd6, 0x20, 0x0, 0xa4, 0x73, 0x0, 0x0,

    /* U+0068 "h" */
    0xff, 0xac, 0x3, 0xff, 0xfe, 0x1, 0xe3, 0xae,
    0xff, 0x6c, 0x88, 0x7, 0xd1, 0x8a, 0x20, 0x2,
    0x6e, 0x30, 0xe, 0x47, 0x0, 0xfd, 0xa2, 0x1,
    0xff, 0xc2, 0x19, 0x0, 0xf2, 0xef, 0xfa, 0x40,
    0x33, 0x0, 0x71, 0x51, 0x0, 0x19, 0xc0, 0x21,
    0x10, 0x6, 0xa0, 0xe, 0xa0, 0xc, 0x40, 0x18,
    0xc0, 0x38, 0x80, 0x33, 0x80, 0x67, 0x0, 0xf0,
    0x80, 0x7f, 0xf0, 0xcc, 0x3, 0xff, 0xfe, 0x1,
    0xff, 0xdd,

    /* U+0069 "i" */
    0x9f, 0xf9, 0xc0, 0x3f, 0xde, 0xab, 0x13, 0x55,
    0x4b, 0x3f, 0xf3, 0x80, 0x7f, 0xff, 0xc0, 0x38,

    /* U+006A "j" */
    0x0, 0x8b, 0xff, 0x0, 0x7f, 0xf1, 0xcd, 0x57,
    0x0, 0x43, 0x55, 0x80, 0x22, 0xff, 0xc0, 0x1f,
    0xff, 0xf0, 0xf, 0xff, 0xa3, 0x0, 0x78, 0x7c,
    0x2, 0x14, 0xee, 0x20, 0x4, 0x60, 0x20, 0x1c,
    0x80, 0x1e, 0x18, 0x0, 0xc2, 0xde, 0x20,

    /* U+006B "k" */
    0xef, 0xf8, 0xc0, 0x3f, 0xff, 0xe0, 0x1f, 0xd3,
    0xff, 0x98, 0x3, 0xf9, 0x18, 0x2, 0x46, 0x0,
    0xfe, 0xa0, 0xd, 0x40, 0x1f, 0xd2, 0x20, 0x15,
    0x8, 0x7, 0xe4, 0x60, 0x9, 0x54, 0x1, 0xf8,
    0x68, 0x2, 0x1b, 0x0, 0xfe, 0xb1, 0x0, 0xa8,
    0x40, 0x3f, 0x5a, 0x80, 0x4c, 0x80, 0x1f, 0xce,
    0x1, 0xa0, 0x3, 0xfc, 0xe0, 0x1a, 0xc0, 0x3f,
    0xd6, 0xc0, 0x12, 0xb0, 0x7, 0x8, 0x6, 0x91,
    0x0, 0xa4, 0x80, 0x3f, 0xd4, 0x1, 0xbc, 0x3,
    0xfc, 0x8e, 0x1, 0x14, 0x80, 0x7f, 0xa0, 0x80,
    0x26, 0x50, 0xf, 0xf7, 0x0, 0x6b, 0x10, 0xf,
    0xe3, 0x80, 0x8, 0x74, 0x0,

    /* U+006C "l" */
    0x9f, 0xf9, 0xc0, 0x3f, 0xff, 0xe0, 0x1f, 0xfd,
    0x20,

    /* U+006D "m" */
    0xff, 0xa8, 0x12, 0xfb, 0xfa, 0x8c, 0x2, 0x7c,
    0xff, 0x6c, 0x88, 0x7, 0xa6, 0xd0, 0x40, 0x57,
    0x14, 0x76, 0xc, 0x0, 0x4d, 0xe4, 0x1, 0x95,
    0x80, 0x3e, 0xac, 0x20, 0xf, 0xf, 0x80, 0x7c,
    0x66, 0x0, 0xe2, 0x0, 0x21, 0x0, 0x62, 0x40,
    0xe, 0xcc, 0xb4, 0x40, 0x31, 0xf5, 0xed, 0x0,
    0x6c, 0x0, 0xd0, 0x60, 0x2, 0x90, 0xd, 0xe2,
    0x0, 0x54, 0x0, 0x88, 0x3, 0x18, 0x6, 0x40,
    0xc, 0x60, 0x1b, 0x0, 0x21, 0x0, 0xce, 0x1,
    0x84, 0x3, 0xf8, 0x40, 0x3f, 0xff, 0xe0, 0x1f,
    0xff, 0xf0, 0xf, 0xff, 0xd0,

    /* U+006E "n" */
    0xff, 0xac, 0xe, 0xbb, 0xfd, 0xb2, 0x20, 0x1f,
    0x46, 0x28, 0x80, 0x9, 0xb8, 0xc0, 0x39, 0x1c,
    0x3, 0xf6, 0x88, 0x7, 0xff, 0x8, 0x64, 0x3,
    0xcb, 0xbf, 0xe9, 0x0, 0xcc, 0x1, 0xc5, 0x44,
    0x0, 0x67, 0x0, 0x84, 0x40, 0x1a, 0x80, 0x3a,
    0x80, 0x31, 0x0, 0x63, 0x0, 0xe2, 0x0, 0xce,
    0x1, 0x9c, 0x3, 0xc2, 0x1, 0xff, 0xc3, 0x30,
    0xf, 0xff, 0xf8, 0x7, 0xff, 0x74,

    /* U+006F "o" */
    0x0, 0xc5, 0x19, 0xfe, 0xec, 0x71, 0x0, 0xf9,
    0xf5, 0xcc, 0x0, 0x27, 0x1c, 0xa0, 0x1d, 0x30,
    0x1, 0xfd, 0x4c, 0x1, 0x33, 0x0, 0x38, 0x40,
    0x3a, 0x4c, 0x1, 0x0, 0x10, 0xd7, 0xf7, 0xc0,
    0x6, 0xf0, 0x51, 0x0, 0xa9, 0x40, 0x27, 0x80,
    0x8, 0xcb, 0x0, 0x23, 0x40, 0xe, 0x70, 0xc,
    0x84, 0x1, 0x28, 0x7, 0xc6, 0x1, 0x73, 0x80,
    0x42, 0x1, 0xf3, 0x80, 0x42, 0x1, 0x84, 0x3,
    0xe7, 0x0, 0x85, 0x40, 0x24, 0x0, 0xf8, 0xc0,
    0x2e, 0xc0, 0x8, 0x90, 0x3, 0x9c, 0x3, 0x22,
    0x88, 0x5, 0x48, 0x1, 0x34, 0x0, 0x46, 0x41,
    0x0, 0x10, 0xdf, 0xf7, 0xc8, 0x6, 0xf0, 0x3,
    0x28, 0x7, 0x8, 0x7, 0x49, 0x80, 0x54, 0xe0,
    0x1f, 0x86, 0x98, 0x3, 0xa3, 0x5c, 0x80, 0x2,
    0x71, 0xea, 0x1, 0x0,

    /* U+0070 "p" */
    0xff, 0xa8, 0xeb, 0xbf, 0xdb, 0x24, 0x1, 0xf2,
    0xe2, 0x88, 0x0, 0x9b, 0x5c, 0x3, 0xff, 0x87,
    0xe, 0x1, 0xf8, 0xd0, 0x40, 0x34, 0x18, 0x7,
    0x16, 0xe5, 0xf4, 0x80, 0x68, 0x0, 0xee, 0x20,
    0x9, 0x9c, 0x2, 0x41, 0x0, 0x84, 0xc0, 0x3a,
    0x40, 0x32, 0x0, 0x44, 0x1, 0xe1, 0x10, 0x4,
    0x40, 0x1f, 0xf1, 0x0, 0x5e, 0x1, 0xff, 0x8,
    0x5, 0xe0, 0x11, 0x0, 0x78, 0x48, 0x2, 0x20,
    0x8, 0x50, 0x3, 0x98, 0x3, 0x20, 0x6, 0x92,
    0x0, 0x96, 0x0, 0x24, 0x10, 0xc, 0x5b, 0x97,
    0xb4, 0x1, 0xa0, 0x3, 0xe3, 0x42, 0x0, 0xd0,
    0x60, 0x1f, 0xfc, 0x18, 0x70, 0xf, 0x53, 0x10,
    0x0, 0x9b, 0x5c, 0x3, 0xe6, 0x9d, 0xff, 0x6c,
    0x90, 0x7, 0xff, 0xfc, 0x3, 0xff, 0x9a,

    /* U+0071 "q" */
    0x0, 0xc9, 0x5d, 0xfe, 0xd8, 0x1f, 0xfa, 0x80,
    0x2a, 0xb5, 0x10, 0x1, 0x3f, 0x0, 0x7a, 0xd4,
    0x3, 0xff, 0x82, 0xe8, 0x1, 0x89, 0x8, 0x3,
    0xe8, 0x0, 0x87, 0x36, 0xf6, 0x80, 0x39, 0x40,
    0x35, 0x18, 0x4, 0xae, 0x1, 0xb0, 0x2, 0x24,
    0x0, 0xea, 0x0, 0xc4, 0x1, 0x20, 0x7, 0x88,
    0x3, 0x38, 0x4, 0x20, 0x1f, 0xf3, 0x80, 0x42,
    0x1, 0xff, 0x10, 0x4, 0xa0, 0x1e, 0x20, 0xd,
    0x80, 0x11, 0x98, 0x3, 0xa8, 0x3, 0x28, 0x6,
    0xe2, 0x0, 0x95, 0xc0, 0x3a, 0x0, 0x22, 0xdc,
    0xbd, 0xa0, 0xf, 0x3a, 0x0, 0x63, 0x42, 0x0,
    0xfd, 0x6a, 0x1, 0xff, 0xc3, 0xab, 0x41, 0x0,
    0x1b, 0xb8, 0x3, 0xf2, 0x5f, 0x7f, 0xb2, 0x3c,
    0x3, 0xff, 0xfe, 0x1, 0xff, 0xcd,

    /* U+0072 "r" */
    0x0, 0xff, 0x77, 0xfa, 0xc0, 0xeb, 0xfd, 0x20,
    0x19, 0xb1, 0x40, 0x3c, 0xd2, 0x1, 0xf8, 0x80,
    0x21, 0x20, 0xf, 0x15, 0xf6, 0xc8, 0x6, 0x1c,
    0x40, 0xf, 0xa4, 0x40, 0x3f, 0x18, 0x7, 0xf3,
    0x80, 0x7f, 0xff, 0xc0, 0x3f, 0xc0,

    /* U+0073 "s" */
    0x0, 0x8e, 0xb7, 0xfd, 0xd6, 0xc0, 0x1e, 0x9c,
    0x52, 0x0, 0xa, 0x4f, 0x18, 0x5, 0xc, 0x1,
    0xf8, 0x70, 0x80, 0xe, 0x1, 0xa, 0xb1, 0x0,
    0x68, 0x3, 0x0, 0x87, 0xaa, 0x75, 0x80, 0x24,
    0x0, 0xf0, 0x80, 0x51, 0xb, 0xee, 0x1, 0x80,
    0x43, 0xd4, 0xc4, 0x2e, 0x82, 0x1, 0x40, 0x6,
    0x59, 0xdd, 0x41, 0x0, 0x67, 0xa2, 0x0, 0xe2,
    0x7d, 0x90, 0xc, 0xbb, 0x6c, 0x40, 0x1c, 0xd2,
    0x1, 0xc9, 0x3b, 0xd2, 0x40, 0x13, 0x2, 0x45,
    0x6c, 0x0, 0x5, 0xb4, 0x3, 0x1e, 0xba, 0x93,
    0x98, 0x4, 0x40, 0x18, 0x68, 0x3, 0x66, 0x26,
    0xb4, 0x2, 0x12, 0x36, 0x0, 0xc6, 0xca, 0x1,
    0xa0, 0x1, 0x2c, 0x1, 0xfc, 0xec, 0x1, 0x4e,
    0x31, 0x0, 0x44, 0xdb, 0x0, 0x0,

    /* U+0074 "t" */
    0x0, 0x9e, 0x22, 0x10, 0xf, 0xa1, 0xde, 0x30,
    0xf, 0xfe, 0xe5, 0xff, 0x80, 0x36, 0xff, 0xda,
    0x1, 0xff, 0xcc, 0x9c, 0xc0, 0x6, 0xac, 0xcb,
    0xc8, 0xcc, 0x1, 0x9c, 0xce, 0x20, 0xf, 0xff,
    0xf8, 0x80, 0x42, 0x1, 0xff, 0x58, 0x7, 0xca,
    0x1, 0x3e, 0x55, 0x24, 0x2, 0xe0, 0xc, 0x6a,
    0xa4, 0x0, 0x95, 0x40, 0x1f, 0xf5, 0x51, 0x4,
    0x0, 0x28,

    /* U+0075 "u" */
    0x3f, 0xfc, 0x1, 0xe2, 0xff, 0xc0, 0x1f, 0xff,
    0xf0, 0xf, 0xff, 0x20, 0x80, 0x7f, 0xf0, 0xdc,
    0x3, 0x8, 0x6, 0x30, 0xe, 0x10, 0xc, 0x40,
    0x1a, 0x80, 0x3a, 0x40, 0x38, 0xc0, 0x26, 0x70,
    0x0, 0xc9, 0x80, 0x75, 0x80, 0x68, 0xfe, 0xe3,
    0x0, 0x79, 0xc4, 0x3, 0x84, 0x3, 0xfb, 0x44,
    0x3, 0xe6, 0x50, 0xe, 0x3f, 0x72, 0x0, 0xa,
    0xdc, 0x80, 0x60,

    /* U+0076 "v" */
    0x3f, 0xfb, 0x40, 0x3e, 0xcf, 0xf9, 0xc, 0x40,
    0x4, 0x40, 0xe, 0x23, 0x0, 0xa, 0x3, 0x0,
    0x54, 0x1, 0xca, 0x1, 0x38, 0x2, 0xc0, 0x25,
    0x0, 0xeb, 0x0, 0xa8, 0x0, 0x64, 0x0, 0x22,
    0x0, 0x42, 0x60, 0x1, 0x30, 0x9, 0x40, 0x25,
    0x0, 0x9c, 0x2, 0x60, 0xd, 0x40, 0x15, 0x80,
    0x54, 0x1, 0x58, 0x6, 0x23, 0x0, 0x19, 0x0,
    0x98, 0x0, 0x8c, 0x3, 0xac, 0x2, 0x50, 0x70,
    0x9, 0x40, 0x3c, 0xc0, 0x15, 0x86, 0x80, 0x54,
    0x1, 0xe1, 0x30, 0x1, 0x99, 0x0, 0x6, 0x40,
    0x1f, 0x50, 0x5, 0xe0, 0x15, 0x80, 0x7e, 0x70,
    0x8, 0xc0, 0x26, 0x0, 0xfc, 0x28, 0x1, 0xc6,
    0x20, 0x1f, 0xda, 0x1, 0xd4, 0x1, 0xfe, 0x70,
    0xe, 0x70, 0xf, 0xf0, 0xa0, 0x4, 0x82, 0x1,
    0xc0,

    /* U+0077 "w" */
    0x4f, 0xfa, 0xc0, 0x3a, 0xbf, 0xe1, 0x0, 0xcb,
    0xff, 0x52, 0x0, 0x48, 0x1, 0xc8, 0x1, 0x20,
    0x6, 0xc0, 0xb, 0x1, 0x40, 0x25, 0x0, 0x8c,
    0x40, 0x2f, 0x0, 0xce, 0x1, 0x38, 0x60, 0x5,
    0x80, 0x15, 0x80, 0x64, 0x0, 0x8c, 0x40, 0x6,
    0x20, 0xe0, 0x13, 0x80, 0x4a, 0x1, 0x84, 0xc0,
    0x8, 0x1, 0x20, 0x0, 0x4c, 0x0, 0x26, 0x2,
    0x40, 0x1d, 0x60, 0xb, 0x0, 0xac, 0x2, 0x40,
    0x9, 0x1, 0xc0, 0x25, 0x0, 0x28, 0x9, 0x80,
    0x4, 0xc0, 0x2b, 0x0, 0xac, 0x34, 0x0, 0x9c,
    0x0, 0x21, 0x40, 0x9, 0x0, 0x31, 0x88, 0x0,
    0xc5, 0x0, 0x1a, 0x80, 0x13, 0xf8, 0x5, 0xe0,
    0x1c, 0x80, 0x14, 0x0, 0x4e, 0xa, 0x0, 0xd4,
    0x0, 0x90, 0x3, 0xbc, 0x2, 0x60, 0x2, 0x8,
    0x78, 0x1, 0x4, 0x0, 0x62, 0x1, 0xc8, 0x1,
    0xed, 0x0, 0x28, 0x7, 0xac, 0x3, 0xc2, 0x60,
    0x1c, 0xe0, 0x12, 0x0, 0x72, 0x80, 0x7d, 0x60,
    0x18, 0xc4, 0x2, 0xe0, 0xc, 0x24, 0x1, 0xf2,
    0x80, 0x6b, 0x0, 0xc8, 0x1, 0x9c, 0x3, 0xf1,
    0x8, 0x4, 0xa0, 0x18, 0x50, 0x2, 0xc0, 0xf,
    0xe7, 0x0, 0x11, 0x0, 0x3b, 0x40, 0x25, 0x0,
    0xc0,

    /* U+0078 "x" */
    0x3f, 0xfd, 0x0, 0x1d, 0x5f, 0xf8, 0x8d, 0x80,
    0x27, 0x30, 0x9, 0x54, 0x1, 0x49, 0x4, 0x90,
    0x5, 0xe0, 0x15, 0x80, 0x48, 0xc0, 0x17, 0x0,
    0x46, 0xe1, 0x22, 0x1, 0x48, 0x6, 0x37, 0x0,
    0xa1, 0x58, 0x2, 0x92, 0x0, 0xe8, 0x20, 0xa,
    0x80, 0x24, 0x60, 0xf, 0xb8, 0x3, 0xea, 0x0,
    0xfc, 0x6e, 0x1, 0xd2, 0x20, 0x1f, 0xd2, 0x1,
    0x85, 0x80, 0x3f, 0xd6, 0x1, 0x86, 0x0, 0x3f,
    0x95, 0x40, 0x1c, 0xe6, 0x1, 0xf0, 0xd8, 0x7,
    0xdc, 0x1, 0xf5, 0x88, 0x0, 0x70, 0x2, 0x28,
    0x0, 0xe5, 0x50, 0x5, 0x67, 0x0, 0x13, 0x98,
    0x4, 0x36, 0x1, 0x22, 0x83, 0x98, 0x5, 0xc0,
    0x15, 0x8, 0x5, 0x40, 0x17, 0x0, 0x45, 0x20,
    0xa8, 0x1, 0x48, 0x80, 0x44, 0xe0, 0x13, 0x20,

    /* U+0079 "y" */
    0x8f, 0xfa, 0xc0, 0x3e, 0x2f, 0xfb, 0x82, 0x40,
    0x24, 0x10, 0xf, 0x50, 0x4, 0xc0, 0x28, 0x1,
    0x30, 0x7, 0x98, 0x2, 0xa0, 0x7, 0x0, 0x54,
    0x1, 0xc8, 0x20, 0x3, 0x20, 0x2, 0x88, 0x0,
    0x8c, 0x3, 0x70, 0x5, 0x40, 0x19, 0x80, 0x2a,
    0x0, 0x85, 0x40, 0x26, 0x0, 0xd4, 0x1, 0x30,
    0x4, 0xe0, 0x13, 0x0, 0x71, 0x20, 0x4, 0xa0,
    0xa, 0x0, 0xa8, 0x3, 0xdc, 0x1, 0x70, 0x11,
    0x80, 0x8, 0xc0, 0x3c, 0xa2, 0x0, 0x41, 0xa0,
    0xa, 0x80, 0x3f, 0x30, 0x4, 0xcc, 0x0, 0x98,
    0x3, 0xf5, 0x0, 0x50, 0x20, 0x4, 0x10, 0xf,
    0xc4, 0x60, 0x1e, 0xe0, 0xf, 0xf4, 0x80, 0x70,
    0xa8, 0x7, 0xf9, 0x44, 0x3, 0x38, 0x7, 0xff,
    0x1, 0x80, 0x35, 0x0, 0x7f, 0xf0, 0x30, 0x2,
    0x23, 0x0, 0xff, 0xe0, 0x60, 0x5, 0x60, 0x1f,
    0xfc, 0x16, 0x0, 0x9c, 0x3, 0xff, 0x80, 0x62,
    0x0, 0x51, 0x0, 0xff, 0xe0, 0x50, 0x5, 0xc0,
    0x1f, 0xfc, 0x17, 0x0, 0xa, 0x0, 0x7f, 0xf0,
    0x10, 0x40, 0xc, 0x1, 0xff, 0xc1, 0xe0, 0xa,
    0x80, 0x3f, 0x80,

    /* U+007A "z" */
    0x8, 0xff, 0xff, 0xe0, 0x60, 0x7, 0xff, 0xb,
    0xc0, 0x3f, 0xf8, 0x2a, 0x61, 0x8c, 0xde, 0x20,
    0x8, 0x6c, 0x0, 0x93, 0x3d, 0x6, 0x1, 0x40,
    0x80, 0x7e, 0xb1, 0x0, 0x1b, 0x0, 0x7e, 0x35,
    0x0, 0xbc, 0x3, 0xfb, 0x80, 0x27, 0x30, 0xf,
    0xce, 0x40, 0x1, 0x80, 0xf, 0xc5, 0x0, 0x15,
    0x80, 0x7f, 0x48, 0x4, 0x8a, 0x1, 0xf9, 0x50,
    0x2, 0x90, 0xf, 0xeb, 0x0, 0xa0, 0x80, 0x3f,
    0x48, 0x80, 0x5b, 0x33, 0xe5, 0x3, 0x60, 0xc,
    0xac, 0xde, 0xd0, 0xf0, 0xf, 0xfe, 0xa, 0x98,
    0x7, 0xff, 0x4,

    /* U+007B "{" */
    0x0, 0x8a, 0xbb, 0xfd, 0x20, 0x1, 0xc5, 0x10,
    0xe, 0x81, 0x0, 0xf9, 0xc0, 0x30, 0x88, 0x0,
    0x20, 0x17, 0xf4, 0x0, 0x70, 0x80, 0x7f, 0xfe,
    0xcc, 0x3, 0x40, 0x4, 0xc0, 0x11, 0xb8, 0x5,
    0xa0, 0x14, 0x0, 0x46, 0xc0, 0x1f, 0xfc, 0x8,
    0x0, 0x8d, 0x80, 0x23, 0x70, 0xb, 0x40, 0x34,
    0x0, 0x4c, 0x1, 0xf8, 0xc0, 0x3f, 0xff, 0x62,
    0x1, 0xc2, 0x1, 0x7f, 0x40, 0x1, 0xc0, 0x30,
    0x88, 0x1, 0x62, 0x1, 0xf1, 0x62, 0x88, 0x4,

    /* U+007C "|" */
    0x4f, 0xfb, 0x0, 0x3f, 0xff, 0xe0, 0x1f, 0xfd,
    0x20,

    /* U+007D "}" */
    0xcf, 0xf7, 0x40, 0x7, 0xc2, 0xf8, 0x1, 0xf8,
    0xd8, 0x0, 0xe2, 0x1, 0xb0, 0x1, 0x7d, 0x80,
    0x10, 0x80, 0x62, 0x0, 0xff, 0xff, 0xb8, 0x6,
    0x10, 0x8, 0xd0, 0x3, 0x30, 0x5, 0x42, 0x1,
    0x40, 0x80, 0x5, 0x80, 0x3f, 0xf8, 0x10, 0x20,
    0x1, 0x60, 0x9, 0x80, 0x2a, 0x10, 0x0, 0x80,
    0x46, 0x80, 0x1f, 0x38, 0x7, 0xff, 0xdc, 0x80,
    0x3d, 0x7d, 0x80, 0x10, 0x80, 0x1c, 0x40, 0x36,
    0x0, 0x7c, 0x6c, 0x1, 0xc2, 0xf8, 0x1, 0x0,

    /* U+007E "~" */
    0x0, 0x84, 0x80, 0x3f, 0xf8, 0x7, 0xbd, 0xbf,
    0x44, 0x1, 0xa6, 0x65, 0x1c, 0x20, 0x9, 0x75,
    0xc0, 0x26, 0x6b, 0xa4, 0x3, 0xe8, 0xc4, 0x50,
    0x9, 0xcc, 0x3, 0xf1, 0xdd, 0x0, 0x4e, 0x1,
    0xb3, 0x98, 0x3, 0xf6, 0x8, 0x4, 0x63, 0x36,
    0x40, 0x1c, 0x2d, 0x33, 0x80, 0x24, 0xd8, 0x20,
    0x15, 0xf1,

    /* U+00A0 " " */

    /* U+00A1 "¡" */
    0x6f, 0xfa, 0xc0, 0x3f, 0xc4, 0xab, 0x62, 0x55,
    0x4e, 0x71, 0x12, 0xa9, 0xde, 0xe0, 0xf, 0xff,
    0xf8,

    /* U+00A2 "¢" */
    0x0, 0xf1, 0x7f, 0xc0, 0x1f, 0xfd, 0xe5, 0xcd,
    0x0, 0xbe, 0x88, 0x3, 0xd7, 0x46, 0x1, 0xcb,
    0xac, 0x1, 0xb1, 0x0, 0x3f, 0xa5, 0x40, 0xe,
    0x60, 0x19, 0x14, 0x40, 0x35, 0x80, 0x20, 0x2,
    0x2e, 0xba, 0xe6, 0x0, 0x85, 0x94, 0x3, 0x78,
    0x80, 0x52, 0x40, 0x4c, 0xb8, 0x1, 0x19, 0x0,
    0x77, 0xf6, 0xc9, 0x90, 0x4, 0xa0, 0x1e, 0x21,
    0x0, 0x9c, 0x2, 0x10, 0xf, 0xfe, 0x18, 0x80,
    0x7f, 0xca, 0x1, 0x28, 0x7, 0xfd, 0xe0, 0x11,
    0x90, 0x7, 0x6f, 0x53, 0x93, 0x80, 0x6e, 0x10,
    0x9, 0xc8, 0x56, 0x1c, 0x5c, 0x2, 0x3e, 0xba,
    0xd8, 0x0, 0x85, 0x42, 0x8, 0x3, 0x22, 0x90,
    0x6, 0xa0, 0xb, 0xc, 0x3, 0xfa, 0x50, 0x2,
    0x1c, 0x92, 0x0, 0xe5, 0xd6, 0x0, 0xf3, 0x6e,
    0x0, 0x5f, 0x44, 0x1, 0xfc, 0x20, 0x1f, 0xfc,
    0xd0,

    /* U+00A3 "£" */
    0x0, 0xe2, 0x9e, 0xff, 0x5a, 0x0, 0x7c, 0xfa,
    0xc2, 0x0, 0x4b, 0x80, 0xe, 0x68, 0x0, 0xf9,
    0xd8, 0x2, 0x19, 0x0, 0xfe, 0x91, 0x0, 0x20,
    0x6, 0xaf, 0xe3, 0x0, 0xa4, 0x0, 0x40, 0x12,
    0x28, 0xf, 0x0, 0x4, 0x2, 0xf0, 0x8, 0x40,
    0x22, 0x9c, 0xe8, 0x0, 0xff, 0x98, 0xc0, 0x3f,
    0xf8, 0xb9, 0xee, 0x1, 0x2f, 0xfd, 0xc0, 0x1f,
    0xfd, 0x67, 0x10, 0xe, 0x11, 0x88, 0x3, 0x5f,
    0x38, 0x4, 0xbd, 0xd6, 0x0, 0x7f, 0xf6, 0x8,
    0x3, 0xff, 0x82, 0xaa, 0x0, 0xff, 0xe0, 0x65,
    0x0, 0x65, 0xee, 0xf2, 0x0, 0x7e, 0x11, 0xf8,
    0x3, 0xff, 0xa6,

    /* U+00A4 "¤" */
    0x0, 0x8c, 0x3, 0xff, 0x80, 0x40, 0x1c, 0xb9,
    0x0, 0x1f, 0xe3, 0xcb, 0x0, 0x92, 0x81, 0xdc,
    0x31, 0x9f, 0xee, 0xa3, 0x2d, 0x14, 0xa0, 0x4,
    0x80, 0x51, 0xce, 0x60, 0x1, 0x5c, 0xd1, 0x0,
    0x29, 0x86, 0x10, 0x7, 0xff, 0xe, 0x4c, 0x7,
    0x4, 0x3, 0x13, 0x3a, 0x0, 0x74, 0xb0, 0x4,
    0x26, 0x1, 0x46, 0xcc, 0x5e, 0x8, 0x4, 0x40,
    0x19, 0x8, 0x0, 0xee, 0x0, 0xc7, 0x80, 0x17,
    0x80, 0x6c, 0x0, 0xa0, 0x3, 0xc4, 0xa0, 0x4,
    0x0, 0xc4, 0x0, 0x20, 0xf, 0xd8, 0x1, 0x8,
    0x7, 0x84, 0x3, 0xff, 0x88, 0x40, 0x3, 0x0,
    0xfd, 0x80, 0x10, 0x80, 0x58, 0x1, 0x40, 0x7,
    0x89, 0x40, 0xa, 0x1, 0x90, 0x80, 0xe, 0xe0,
    0xc, 0x58, 0x1, 0x70, 0x6, 0x10, 0xd, 0x1b,
    0x10, 0xbd, 0x10, 0x8, 0x40, 0x21, 0xc2, 0x0,
    0xc4, 0xee, 0x40, 0xe, 0xa5, 0x0, 0x69, 0x0,
    0x7f, 0xf0, 0xe8, 0xc2, 0x40, 0x27, 0xe7, 0x30,
    0x0, 0xad, 0xe0, 0x80, 0x10, 0xc1, 0x68, 0x1e,
    0x6, 0x33, 0xfd, 0xd4, 0x87, 0xa0, 0x96, 0x1,
    0x2e, 0x40, 0x7, 0xf8, 0xf6, 0xc0, 0x0,

    /* U+00A5 "¥" */
    0xbf, 0xfc, 0x20, 0x1f, 0x17, 0xfe, 0x99, 0x0,
    0x68, 0x0, 0xfa, 0x40, 0x34, 0x13, 0x0, 0x4c,
    0x60, 0x1c, 0x88, 0x0, 0xa0, 0x42, 0x0, 0x34,
    0x0, 0x74, 0x80, 0x42, 0xe0, 0x1, 0x80, 0x9,
    0x10, 0x1, 0x31, 0x0, 0x56, 0x1, 0x9c, 0x80,
    0x29, 0x0, 0xa0, 0x2, 0x35, 0x0, 0xe8, 0x0,
    0x89, 0x82, 0x4, 0x2, 0xf0, 0xf, 0x29, 0x80,
    0x50, 0x6e, 0x1, 0x29, 0x80, 0x7d, 0xe0, 0x10,
    0xe0, 0x6, 0x80, 0xf, 0xc6, 0xa0, 0x1f, 0x39,
    0x0, 0x7c, 0x47, 0xe0, 0x1f, 0x61, 0x90, 0x7,
    0xbf, 0x28, 0x3, 0xeb, 0xce, 0x0, 0xff, 0xf0,
    0x6f, 0xfc, 0xa0, 0x13, 0xff, 0xd8, 0x1, 0xff,
    0xcd, 0xdf, 0xf9, 0x40, 0x27, 0xff, 0xb0, 0x3,
    0xff, 0xc1, 0xf9, 0x92, 0x0, 0x4b, 0x99, 0x70,
    0x7, 0x88, 0xce, 0x10, 0x8, 0x8c, 0xe2, 0x0,
    0xff, 0xe5, 0x0,

    /* U+00A6 "¦" */
    0x4f, 0xfb, 0x0, 0x3f, 0xfd, 0x84, 0x53, 0x26,
    0xed, 0x40, 0x1f, 0xe4, 0xff, 0xb0, 0x3, 0xff,
    0xd8, 0x45, 0x30,

    /* U+00A7 "§" */
    0x0, 0xc6, 0xd1, 0x5, 0x10, 0xf, 0x8f, 0x31,
    0x2e, 0xea, 0xe9, 0x0, 0xe3, 0xc3, 0x0, 0xf3,
    0x60, 0x6, 0xe0, 0xf, 0xe3, 0x80, 0x1, 0x10,
    0x2, 0xbf, 0xd3, 0x0, 0x9c, 0x0, 0xc0, 0x11,
    0x20, 0x17, 0x81, 0x2c, 0x0, 0x1c, 0x2, 0x29,
    0x20, 0x3f, 0xda, 0x70, 0x1, 0x88, 0x4, 0xdb,
    0xd4, 0xa0, 0x1e, 0xd0, 0xe, 0x15, 0xaf, 0x91,
    0x0, 0x8e, 0x0, 0x3f, 0x37, 0x98, 0x2, 0x60,
    0x0, 0x28, 0x20, 0x18, 0x78, 0x11, 0x80, 0x5,
    0xf7, 0xd8, 0xa0, 0x11, 0x13, 0x0, 0x25, 0x10,
    0x1, 0xd0, 0x7, 0xf3, 0x28, 0x4, 0x40, 0x18,
    0xac, 0x2, 0x1a, 0xfb, 0x8f, 0x0, 0x94, 0xd,
    0xc0, 0x39, 0x1c, 0x80, 0x9, 0x40, 0x8, 0xa3,
    0x0, 0xff, 0xe0, 0xae, 0x61, 0xcc, 0x3, 0x91,
    0xc0, 0x38, 0xe3, 0x3a, 0x44, 0x2, 0xa0, 0x39,
    0xbe, 0xd0, 0x0, 0xb5, 0x80, 0x46, 0xe, 0xc8,
    0x25, 0x0, 0x11, 0x0, 0x44, 0x8, 0x20, 0x13,
    0xec, 0xdc, 0x0, 0x48, 0x0, 0xb0, 0xc, 0x4c,
    0x80, 0x10, 0xc8, 0x1, 0x64, 0x3, 0xf0, 0xe8,
    0x80, 0x4d, 0xce, 0x60, 0x1, 0x38, 0xe3, 0x0,
    0x0,

    /* U+00A8 "¨" */
    0x4a, 0xa8, 0x80, 0x15, 0x53, 0x12, 0xac, 0x20,
    0x5, 0x5b, 0xc0, 0x3f, 0xf9, 0x40,

    /* U+00A9 "©" */
    0x0, 0xfe, 0x49, 0xce, 0xff, 0x6d, 0x30, 0x80,
    0x7f, 0xf0, 0xd7, 0x6d, 0x8c, 0x40, 0x4, 0xb3,
    0xd2, 0x20, 0x1f, 0xf0, 0xdd, 0x10, 0x7, 0xf9,
    0xbd, 0x40, 0x3f, 0x8b, 0xd0, 0x3, 0xc2, 0x20,
    0xe, 0x1a, 0x70, 0xf, 0x87, 0x4, 0x2, 0x18,
    0xdf, 0xee, 0xa9, 0x0, 0x34, 0x30, 0x7, 0xa8,
    0x40, 0x26, 0xe7, 0x20, 0x8, 0x56, 0xec, 0x20,
    0x14, 0x98, 0x6, 0x64, 0x0, 0xa6, 0x40, 0x6,
    0xbe, 0xe6, 0x30, 0x27, 0x90, 0x5, 0xe0, 0x1a,
    0x0, 0x27, 0x60, 0x1c, 0x94, 0x11, 0x1c, 0xe0,
    0x8b, 0xc0, 0x23, 0x50, 0x2, 0x8, 0x0, 0xa0,
    0x1, 0x46, 0x1, 0xe3, 0xa0, 0x28, 0x0, 0xb8,
    0x1, 0xc0, 0x15, 0x80, 0x11, 0x0, 0x7, 0xfe,
    0x50, 0x2, 0x18, 0x38, 0x4, 0x80, 0x7, 0x0,
    0x9c, 0x1, 0xe0, 0x5, 0x80, 0x1a, 0x21, 0x51,
    0x0, 0x28, 0x4, 0x80, 0x40, 0x2, 0x10, 0x2,
    0x0, 0x38, 0x3, 0x67, 0x51, 0x0, 0x30, 0x2,
    0x21, 0x0, 0x98, 0x3, 0xcc, 0x1, 0x84, 0x3,
    0x8c, 0x2, 0x10, 0xf, 0xfe, 0x78, 0x80, 0x4c,
    0x1, 0xe7, 0x0, 0xff, 0x18, 0x4, 0x20, 0x40,
    0x2, 0x10, 0x2, 0x0, 0x3c, 0x3, 0x6e, 0x41,
    0x0, 0x30, 0x2, 0x20, 0x70, 0x9, 0xc0, 0x1c,
    0x0, 0x58, 0x0, 0x49, 0x1b, 0x88, 0x1, 0x40,
    0x24, 0xe, 0x0, 0xac, 0x0, 0xa8, 0x0, 0x7f,
    0xf3, 0x0, 0x14, 0xc1, 0xc0, 0x24, 0x0, 0x20,
    0x80, 0xa, 0x0, 0x14, 0x40, 0x1e, 0x3a, 0x2,
    0x80, 0xb, 0x80, 0x28, 0x0, 0x9d, 0x80, 0x76,
    0xc, 0x44, 0x71, 0x80, 0x3e, 0x1, 0x1a, 0x80,
    0x4c, 0x80, 0x14, 0xc8, 0x0, 0xf9, 0xdc, 0xc7,
    0x4, 0xf2, 0x0, 0xbc, 0x3, 0xa8, 0x40, 0x26,
    0xe7, 0x20, 0x8, 0x56, 0xec, 0x20, 0x14, 0x98,
    0x7, 0xe, 0x8, 0x4, 0x31, 0xbf, 0xdd, 0x52,
    0x0, 0x68, 0x60, 0xf, 0x8b, 0xd0, 0x3, 0xc2,
    0x20, 0xe, 0x1a, 0x70, 0xf, 0xe1, 0xba, 0x20,
    0xf, 0xf3, 0x7a, 0x80, 0x7f, 0xf0, 0x17, 0x6d,
    0x8c, 0x2, 0x25, 0x9e, 0x91, 0x0, 0xf0,

    /* U+00AA "ª" */
    0x2, 0xad, 0xd4, 0x90, 0xe, 0x29, 0x11, 0xb0,
    0x8, 0x8b, 0xdc, 0x31, 0x53, 0xce, 0x9a, 0x20,
    0x32, 0xdb, 0x74, 0x10, 0x18, 0x23, 0xae, 0x60,
    0x3, 0x7, 0xa8, 0x38, 0x1, 0x3, 0xab, 0xc4,
    0x1, 0xa, 0x4a, 0x90, 0x0,

    /* U+00AB "«" */
    0x0, 0xff, 0xe4, 0x5b, 0x80, 0x65, 0xc1, 0x0,
    0xe8, 0x48, 0x80, 0x0, 0xa8, 0xfc, 0x40, 0x25,
    0x70, 0x5, 0x80, 0x3c, 0x0, 0xe2, 0x0, 0x2a,
    0x0, 0x49, 0x85, 0x10, 0x1c, 0x80, 0x5e, 0x0,
    0x66, 0x3, 0x28, 0xe, 0x80, 0x54, 0x40, 0x72,
    0x7, 0x20, 0xa, 0x10, 0x2, 0xa8, 0x1, 0xa0,
    0xd, 0x0, 0x3a, 0x0, 0x48, 0x20, 0x6, 0x0,
    0x38, 0x1, 0x40, 0x30, 0xe8, 0x2, 0xc, 0x24,
    0xc0, 0xa8, 0x3, 0x1c, 0x0, 0x34, 0x43, 0x44,
    0x15, 0xc0, 0x33, 0xa8, 0xe, 0x80, 0xe8, 0x2,
    0x10, 0x3, 0x51, 0x1, 0xc0, 0x1c, 0x0, 0x28,
    0x40, 0x37, 0x81, 0x50, 0x1, 0xd4, 0x24, 0x40,
    0x31, 0x5e, 0x10, 0x5, 0x56, 0xe0,

    /* U+00AC "¬" */
    0x3, 0x3f, 0xfe, 0x10, 0x1e, 0x67, 0xff, 0x8,
    0xc0, 0x3f, 0xfa, 0x87, 0xff, 0xff, 0x0, 0x7f,
    0xf9, 0x21, 0xdc, 0x40,

    /* U+00AD "­" */
    0x3, 0x3f, 0xc4, 0x79, 0x9f, 0xb8, 0x3, 0xff,
    0x90,

    /* U+00AE "®" */
    0x0, 0xc5, 0x3b, 0xfe, 0xd9, 0x20, 0xf, 0xa7,
    0x58, 0x80, 0x4, 0xdb, 0x0, 0x1d, 0x6c, 0x0,
    0x14, 0x40, 0x80, 0x1e, 0x80, 0x28, 0x40, 0x1a,
    0xfa, 0xbe, 0xa1, 0x5, 0x70, 0x17, 0x1, 0xcd,
    0xee, 0x7e, 0xbe, 0x8, 0x40, 0xc8, 0x2, 0xc8,
    0xa, 0xec, 0x32, 0x50, 0x0, 0x64, 0x1, 0x50,
    0x9, 0x11, 0x6a, 0xc, 0x0, 0xc2, 0x2, 0x0,
    0xe1, 0xc2, 0x0, 0x18, 0x30, 0x7, 0x8b, 0xf9,
    0x20, 0x3, 0x88, 0xc, 0x2, 0x2c, 0x61, 0x40,
    0x1, 0x83, 0x58, 0x1, 0x80, 0x23, 0x81, 0x70,
    0x60, 0x6, 0x30, 0x2, 0xb, 0x54, 0x6, 0x7c,
    0xe4, 0x0, 0xc2, 0xe0, 0x38, 0x10, 0x0, 0x6e,
    0xc0, 0x4, 0x8, 0x42, 0x0, 0xd7, 0x5d, 0xba,
    0x40, 0xa, 0xe0, 0x15, 0xb8, 0x0, 0x51, 0x2,
    0x0, 0x8a, 0x0, 0xe8, 0xd6, 0x20, 0x1, 0x3e,
    0xb8, 0x4,

    /* U+00AF "¯" */
    0x13, 0x3f, 0x89, 0xf3, 0x3e, 0xe0, 0xf, 0xfe,
    0x30,

    /* U+00B0 "°" */
    0x0, 0x8a, 0xbb, 0xf6, 0x0, 0x39, 0x75, 0x44,
    0x9, 0xf4, 0x40, 0x7, 0x40, 0x1e, 0x2d, 0x0,
    0x40, 0x4, 0x8e, 0x20, 0x3, 0x50, 0x40, 0x2,
    0xdc, 0x78, 0x5, 0x82, 0x1, 0x78, 0x0, 0x4c,
    0x0, 0x42, 0x1, 0x78, 0x0, 0x4c, 0x0, 0x40,
    0x80, 0x5, 0xb8, 0xf0, 0xb, 0x2, 0x0, 0x24,
    0x71, 0x0, 0x1a, 0x81, 0xc8, 0x7, 0x8b, 0x40,
    0x26, 0xc5, 0x10, 0x27, 0xd1, 0x0,

    /* U+00B1 "±" */
    0x0, 0xf4, 0xff, 0xa4, 0x3, 0xff, 0xb4, 0x7f,
    0xfc, 0xc0, 0x6, 0xff, 0xe3, 0x0, 0xff, 0xea,
    0x1e, 0x67, 0x28, 0x1, 0x73, 0x38, 0xc0, 0xcf,
    0xc0, 0x3, 0x3f, 0x0, 0x7f, 0xf2, 0xf8, 0xcd,
    0xc0, 0x1f, 0xfc, 0x7, 0xcc, 0x38, 0x7, 0xc6,
    0x7f, 0xfc, 0x20, 0x3c, 0xcf, 0xfe, 0x11, 0x80,
    0x7f, 0xf5, 0x0,

    /* U+00B2 "²" */
    0x0, 0x1d, 0xf7, 0xec, 0x0, 0x4d, 0x88, 0x20,
    0x4f, 0x80, 0x32, 0x0, 0x68, 0x30, 0x37, 0x70,
    0x2, 0x64, 0xf8, 0x21, 0x44, 0xcc, 0x70, 0x9,
    0x0, 0x92, 0x64, 0x20, 0x12, 0x0, 0x80, 0x7a,
    0xc4, 0x1c, 0x3, 0xad, 0x0, 0xa0, 0x2, 0x1c,
    0x40, 0x3c, 0x10, 0x1, 0x61, 0x82, 0x60, 0x80,
    0xf, 0x8, 0x16, 0xc0, 0x23, 0xc1, 0x2, 0xc6,
    0x6d, 0x60, 0x11, 0x4c, 0xf0, 0x7, 0xf8,

    /* U+00B3 "³" */
    0x4f, 0xff, 0xc6, 0x1, 0xfe, 0x59, 0x9c, 0xe0,
    0x10, 0x89, 0x9a, 0x56, 0x1, 0xc2, 0x0, 0x97,
    0x4, 0x5a, 0x60, 0x12, 0x50, 0x4, 0xa0, 0x19,
    0x4, 0x0, 0x32, 0xe0, 0x1b, 0x6e, 0x44, 0x20,
    0x40, 0x23, 0x46, 0xb0, 0x3, 0x80, 0x79, 0xc0,
    0x2, 0xb7, 0xa0, 0x12, 0x80, 0x8, 0x88, 0x5a,
    0xf3, 0x0, 0x2a, 0xe8, 0x5, 0xc, 0x0, 0xa0,
    0x5, 0xc9, 0x0, 0xae, 0xa0, 0x0,

    /* U+00B4 "´" */
    0x0, 0x37, 0xfa, 0x80, 0x14, 0x0, 0x90, 0x33,
    0x1, 0x18, 0x48, 0x2, 0xc0, 0x54, 0x0, 0xc0,
    0xc0, 0x6, 0x0, 0x0,

    /* U+00B5 "µ" */
    0xff, 0xc6, 0x1, 0xed, 0xff, 0x90, 0x3, 0xff,
    0xfe, 0x1, 0xff, 0xed, 0x70, 0xf, 0x18, 0x7,
    0xec, 0x0, 0xe1, 0x10, 0x7, 0xe5, 0x0, 0xe9,
    0x0, 0xfe, 0x2a, 0x10, 0x3, 0x38, 0x7, 0xf9,
    0x7b, 0x9f, 0x20, 0x1f, 0xfc, 0x11, 0x0, 0xff,
    0xe3, 0xb, 0x0, 0x7f, 0xc2, 0x71, 0xd8, 0x1,
    0xf2, 0xff, 0xdd, 0x8e, 0xb, 0xff, 0x20, 0x7,
    0xff, 0xfc, 0x3, 0xff, 0x92,

    /* U+00B6 "¶" */
    0x0, 0x8e, 0x77, 0xff, 0xe1, 0x0, 0x7f, 0xe1,
    0x0, 0x3e, 0x31, 0x0, 0x7f, 0xf1, 0x1a, 0x0,
    0x3f, 0xf8, 0xc3, 0x20, 0x1f, 0xfc, 0x77, 0x0,
    0xff, 0xe4, 0x60, 0x7, 0xff, 0x21, 0x80, 0x3f,
    0xfb, 0xae, 0x1, 0xff, 0xc8, 0x30, 0xf, 0xfe,
    0x45, 0x80, 0x7f, 0xf2, 0xc, 0xc0, 0x1f, 0xfc,
    0x8e, 0x10, 0xf, 0xfe, 0x39, 0x7a, 0x0, 0x7f,
    0xf1, 0xc6, 0xf6, 0x5d, 0xe0, 0xf, 0xfe, 0x21,
    0x34, 0x44, 0x1, 0xff, 0xff, 0x0, 0xff, 0xff,
    0x80, 0x7f, 0xff, 0xc0, 0x3d, 0x55, 0x84, 0x1,
    0x55, 0x84,

    /* U+00B7 "·" */
    0x3, 0xcd, 0x70, 0x6, 0x99, 0x42, 0x90, 0x80,
    0x58, 0x40, 0x1b, 0xc2, 0xc8, 0x19, 0x80,

    /* U+00B8 "¸" */
    0x0, 0x6f, 0xc0, 0x0, 0x88, 0x18, 0x0, 0xa0,
    0x5, 0x98, 0x5a, 0x80, 0x3c, 0xe, 0x88, 0xc,
    0x2b, 0x48, 0x8, 0x54, 0x80, 0x16, 0x66, 0x1,
    0x96,

    /* U+00B9 "¹" */
    0x0, 0x3f, 0xfc, 0x3b, 0x0, 0x11, 0x10, 0x3,
    0xd2, 0xa0, 0x2, 0xe6, 0x0, 0x84, 0x40, 0x1f,
    0xfe, 0x80,

    /* U+00BA "º" */
    0x0, 0x46, 0xf5, 0xa0, 0x5, 0x8e, 0x42, 0x96,
    0xc0, 0xc6, 0x39, 0xf0, 0x12, 0x1a, 0xc, 0x60,
    0xe2, 0x8, 0xe1, 0xa0, 0x11, 0x1, 0x38, 0x10,
    0x4, 0x40, 0x7a, 0x12, 0x20, 0xc2, 0x8, 0xc4,
    0x3d, 0xf2, 0x10, 0x21, 0x8c, 0x20, 0x52, 0xe0,

    /* U+00BB "»" */
    0x0, 0xff, 0xe2, 0xd, 0xb0, 0x6, 0x6c, 0x0,
    0xf6, 0x24, 0x98, 0x1, 0xe4, 0xe4, 0x3, 0x94,
    0x1, 0xa2, 0xa, 0x20, 0xcc, 0x0, 0xd0, 0x80,
    0x34, 0x5, 0x40, 0x9, 0x30, 0xd, 0x42, 0x9,
    0x0, 0x8e, 0x0, 0xd1, 0x0, 0x87, 0x40, 0xe,
    0x81, 0x8, 0x3, 0x40, 0x18, 0xe0, 0x1, 0x42,
    0x14, 0x20, 0x8e, 0x1, 0xac, 0x0, 0x82, 0x8,
    0x20, 0x5, 0x0, 0xa4, 0xc0, 0xa8, 0xa, 0x80,
    0x14, 0x40, 0x5, 0x60, 0x7, 0x80, 0xf8, 0x1,
    0xd4, 0x0, 0x74, 0x0, 0xa2, 0xa, 0x20, 0x48,
    0x0, 0xb8, 0x0, 0xea, 0xe, 0x80, 0x34, 0x1,
    0xac, 0xe, 0x0, 0xc, 0x41, 0xa2, 0x1, 0x9b,
    0x34, 0x2, 0x1d, 0xb3, 0x0, 0xc0,

    /* U+00BC "¼" */
    0x0, 0xff, 0xe9, 0x47, 0xfc, 0x1, 0xff, 0xc1,
    0xc9, 0x0, 0xf8, 0x75, 0xc0, 0x3f, 0xf8, 0x6e,
    0x6d, 0x80, 0x1e, 0x22, 0x0, 0x7f, 0xf0, 0xce,
    0x0, 0x12, 0x1, 0xf0, 0xd2, 0x80, 0x7f, 0xf0,
    0x78, 0x0, 0xaa, 0x0, 0xf1, 0x7a, 0x80, 0x7f,
    0xf0, 0x64, 0x80, 0x6c, 0x3, 0xe1, 0x10, 0x7,
    0xff, 0x5, 0x18, 0x1, 0x42, 0x1, 0xff, 0xc9,
    0x1a, 0x0, 0x3a, 0x0, 0x7f, 0xf2, 0xa8, 0x40,
    0xa0, 0x3, 0xff, 0x94, 0xc8, 0x0, 0xf0, 0x9,
    0x6e, 0xca, 0x1, 0xff, 0xc3, 0x29, 0x0, 0x41,
    0x0, 0x50, 0x89, 0x0, 0x7f, 0xf0, 0xf8, 0x0,
    0x8e, 0x1, 0x29, 0x3, 0x8, 0x7, 0xff, 0xa,
    0xc, 0x6, 0x80, 0x34, 0x80, 0x2c, 0x3, 0xff,
    0x84, 0x6e, 0x0, 0xb1, 0x0, 0x90, 0xc1, 0x48,
    0x3, 0xe2, 0x34, 0x0, 0xdc, 0x0, 0x55, 0x0,
    0x6f, 0x0, 0x48, 0x7, 0xe8, 0xcb, 0x0, 0xa4,
    0x80, 0xa8, 0x3, 0x12, 0x1, 0x9a, 0xff, 0x80,
    0x3f, 0xca, 0xc0, 0xe, 0x0, 0xe8, 0x0, 0x40,
    0x7, 0xff, 0x4, 0x6c, 0x0, 0xe6, 0x1, 0x85,
    0x40, 0x90, 0x3, 0xff, 0x83, 0x42, 0x7, 0x0,
    0x1d, 0x20, 0x6, 0x77, 0x30, 0x1, 0xc0, 0x3e,
    0x64, 0x0, 0x70, 0x7, 0x84, 0x0, 0x91, 0x2,
    0x1, 0x81, 0x0, 0xe2, 0x90, 0x4, 0x90, 0x7,
    0xff, 0x29, 0x40, 0x8, 0xc0, 0x1f, 0x4f, 0xff,
    0x20, 0xf, 0x88, 0x7, 0x3d, 0x15, 0x0, 0x7f,
    0xf3, 0x57, 0x44, 0x3, 0xff, 0x85, 0x7f, 0xc0,
    0x0,

    /* U+00BD "½" */
    0x0, 0xff, 0xe9, 0xc7, 0xfc, 0x1, 0xff, 0xc1,
    0xc9, 0x0, 0xfc, 0x3a, 0xe0, 0x1f, 0xfc, 0x37,
    0x36, 0xc0, 0xf, 0x88, 0x80, 0x1f, 0xfc, 0x33,
    0x80, 0x4, 0x80, 0x7e, 0x1a, 0x50, 0xf, 0xfe,
    0xf, 0x0, 0x15, 0x40, 0x1f, 0x17, 0xa8, 0x7,
    0xff, 0x6, 0x48, 0x6, 0xc0, 0x3f, 0x8, 0x80,
    0x3f, 0xf8, 0x2a, 0xc0, 0xa, 0x10, 0xf, 0xfe,
    0x50, 0xd8, 0x1, 0xd0, 0x3, 0xff, 0x97, 0x42,
    0x7, 0x0, 0x1f, 0xfc, 0xb7, 0x40, 0x7, 0x0,
    0x4d, 0x9f, 0xec, 0x50, 0xf, 0xfe, 0x11, 0x40,
    0x2, 0x48, 0x1, 0x52, 0x60, 0x3, 0xa8, 0x0,
    0xff, 0xe0, 0xf8, 0x1, 0x18, 0x0, 0xaa, 0x1,
    0x77, 0x8, 0x39, 0x80, 0x7f, 0xd2, 0x40, 0x34,
    0x1, 0x78, 0x3, 0x62, 0x1a, 0x0, 0xa0, 0xf,
    0xf2, 0x30, 0x2, 0x84, 0x2, 0xd6, 0x73, 0x0,
    0x18, 0x0, 0x80, 0x22, 0x34, 0x0, 0x86, 0x80,
    0xc, 0x80, 0x19, 0xe6, 0x0, 0x23, 0x0, 0x8,
    0x5, 0x19, 0x60, 0x15, 0x88, 0x14, 0x80, 0x7f,
    0x87, 0x80, 0x1e, 0x1, 0xf9, 0x94, 0x1, 0xc0,
    0x1f, 0xe2, 0xf2, 0x5, 0x50, 0x7, 0xc5, 0x20,
    0x8, 0x30, 0xf, 0xe3, 0xc1, 0x6, 0xa0, 0xf,
    0xdc, 0x0, 0x47, 0x0, 0xfe, 0x5c, 0x10, 0x89,
    0x0, 0xfd, 0x6, 0x3, 0x40, 0x1f, 0xcd, 0x40,
    0x9, 0x70, 0xf, 0xc6, 0xe0, 0xb, 0x10, 0xf,
    0xcf, 0x20, 0x4, 0x17, 0x79, 0x40, 0x39, 0x40,
    0xc, 0xa0, 0x1f, 0xd6, 0x1, 0x24, 0x46, 0xe0,
    0xe, 0x6c, 0x49, 0x0, 0xff, 0xe4, 0x0,

    /* U+00BE "¾" */
    0x0, 0xff, 0xe8, 0xa7, 0xff, 0xe3, 0x0, 0xff,
    0x17, 0x30, 0x7, 0xff, 0x3b, 0x86, 0x5c, 0x3,
    0x9a, 0x23, 0x30, 0x4, 0x20, 0x1f, 0xce, 0x60,
    0x5, 0x0, 0xe2, 0x77, 0x95, 0xc0, 0x18, 0x40,
    0x1f, 0x8e, 0x0, 0x12, 0x40, 0x1f, 0x93, 0x44,
    0x30, 0xc0, 0x3f, 0xb8, 0x0, 0xac, 0x1, 0xf9,
    0x2c, 0x0, 0x2c, 0x1, 0xfd, 0x24, 0x3, 0x60,
    0x1f, 0xc8, 0x20, 0x1, 0xa7, 0x0, 0xf9, 0x18,
    0x1, 0x42, 0x1, 0xfe, 0xdb, 0x90, 0x4, 0x8,
    0x7, 0xd, 0x0, 0x19, 0x0, 0x3f, 0xe3, 0x46,
    0xa0, 0x2, 0x0, 0x75, 0x88, 0x14, 0x80, 0x7,
    0x31, 0x60, 0x1f, 0xce, 0x0, 0x20, 0xc, 0xca,
    0x0, 0xe0, 0x9, 0x8c, 0xd8, 0x1, 0x2d, 0xe8,
    0x4, 0xa0, 0x2, 0x0, 0x8a, 0x40, 0x10, 0x60,
    0x14, 0x80, 0x18, 0x2, 0x34, 0x2d, 0x8a, 0x80,
    0x15, 0x0, 0xb8, 0x0, 0x6e, 0x1, 0x30, 0x83,
    0x88, 0x4, 0xc8, 0x4, 0xea, 0x0, 0xa0, 0x9,
    0xcc, 0x1, 0xc0, 0x1a, 0xc0, 0x12, 0x1, 0xd7,
    0x24, 0x2, 0xba, 0x80, 0x3, 0x80, 0x5, 0x10,
    0x4, 0x84, 0xa, 0x20, 0x1e, 0x6d, 0xfe, 0xa2,
    0x0, 0xb8, 0x0, 0xaa, 0x0, 0xd0, 0x0, 0x94,
    0xff, 0x28, 0x7, 0xfd, 0x24, 0x3, 0x60, 0x18,
    0xcc, 0x8, 0x60, 0x1f, 0xfc, 0x24, 0x60, 0x5,
    0x8, 0x6, 0x90, 0x7, 0x80, 0x7f, 0xf0, 0x86,
    0x80, 0xe, 0x80, 0x18, 0x54, 0x0, 0x6f, 0xa0,
    0xf, 0x30, 0xf, 0xd4, 0x20, 0x50, 0x1, 0xc6,
    0x1, 0x44, 0x18, 0x0, 0xb6, 0x1, 0xf3, 0x20,
    0x3, 0xc0, 0x3f, 0xf9, 0x9a, 0x0, 0x92, 0x0,
    0xf1, 0x7f, 0xf5, 0x80, 0x2a, 0x0, 0x3e, 0xb7,
    0x46, 0x0, 0xff, 0xe7, 0x45, 0x80, 0x7f, 0xf0,
    0x93, 0xfc, 0xa0,

    /* U+00BF "¿" */
    0x0, 0xe5, 0xff, 0xc0, 0x1f, 0xfe, 0xb7, 0x99,
    0xc0, 0x1f, 0xe2, 0x66, 0xc0, 0x1f, 0xe5, 0xff,
    0xc0, 0x1f, 0xe2, 0x0, 0x88, 0x3, 0xfd, 0x20,
    0x13, 0x80, 0x7f, 0x58, 0x80, 0x5c, 0x1, 0xfa,
    0x90, 0x2, 0x34, 0x0, 0xf9, 0xd4, 0x2, 0x2d,
    0x0, 0xf8, 0xe0, 0x2, 0x2c, 0x10, 0xf, 0xbc,
    0x2, 0x2c, 0x10, 0xf, 0x88, 0xc0, 0x2e, 0x10,
    0xf, 0xc8, 0x1, 0x9, 0x80, 0x7f, 0x8, 0x4,
    0x60, 0x1c, 0xef, 0x88, 0x40, 0x22, 0x0, 0xc3,
    0x11, 0x85, 0x0, 0x35, 0x10, 0x15, 0x0, 0x42,
    0x64, 0x60, 0x12, 0xef, 0xea, 0x0, 0x52, 0x0,
    0xe0, 0xf, 0xf1, 0xb8, 0x0, 0xb0, 0x40, 0x3e,
    0x4d, 0x0, 0xc7, 0xd2, 0xa4, 0x24, 0xb7, 0x61,
    0x0, 0x0,

    /* U+00C0 "À" */
    0x0, 0xf7, 0xfc, 0x20, 0x1f, 0xfc, 0x47, 0x0,
    0x30, 0x7, 0xff, 0x12, 0x80, 0x12, 0x1, 0xff,
    0xc4, 0x24, 0x1, 0x40, 0xf, 0xfe, 0x27, 0x80,
    0x3c, 0x3, 0xff, 0x88, 0x84, 0x8, 0x40, 0x1f,
    0xfc, 0x4d, 0xff, 0x10, 0x7, 0xff, 0x5f, 0xbf,
    0xf9, 0xc0, 0x3f, 0xf8, 0x6, 0x20, 0x1d, 0x80,
    0x1f, 0xfc, 0xb, 0x0, 0xf2, 0x8, 0x7, 0xfc,
    0xa0, 0x1f, 0x20, 0x7, 0xf8, 0x88, 0x1, 0x30,
    0x5, 0xe0, 0x1f, 0xe5, 0x0, 0x8e, 0x80, 0x24,
    0x0, 0xff, 0x58, 0x5, 0x66, 0x20, 0x1, 0x30,
    0xf, 0xc2, 0x60, 0x12, 0x83, 0x80, 0x56, 0x1,
    0xf9, 0x0, 0x21, 0x20, 0xc0, 0x9, 0x40, 0x3f,
    0x78, 0x4, 0xe0, 0x5, 0x0, 0x88, 0x80, 0x1f,
    0x28, 0x5, 0xa0, 0x12, 0x0, 0x4a, 0x1, 0xe4,
    0x0, 0xc8, 0x1, 0x68, 0x5, 0x80, 0x1e, 0xc0,
    0x9, 0x40, 0x32, 0x0, 0x48, 0x20, 0x1c, 0xa0,
    0x12, 0xf7, 0x6c, 0x0, 0xc8, 0x1, 0x88, 0x80,
    0x18, 0x47, 0x80, 0x37, 0x80, 0x65, 0x0, 0xff,
    0xe1, 0x20, 0x6, 0xb0, 0xf, 0xfe, 0x10, 0x98,
    0x0, 0x4c, 0x2, 0xdf, 0xff, 0x94, 0x2, 0xb0,
    0x2, 0x0, 0x44, 0x40, 0xf, 0xbc, 0x2, 0x50,
    0x7, 0x80, 0x4a, 0x1, 0xf9, 0x0, 0x22, 0x20,
    0x28, 0x5, 0x80, 0x1f, 0x84, 0xc0, 0x25, 0x40,
    0x8, 0x50, 0x3, 0xfa, 0xc0, 0x2c,

    /* U+00C1 "Á" */
    0x0, 0xff, 0xa7, 0xfc, 0xe0, 0x1f, 0xfc, 0x46,
    0x0, 0x30, 0x7, 0xff, 0xd, 0x80, 0xa, 0x20,
    0x1f, 0xfc, 0x3b, 0x0, 0x48, 0x7, 0xff, 0xc,
    0xc8, 0xc, 0xc0, 0x1f, 0xfc, 0x39, 0x0, 0x50,
    0x7, 0xff, 0x12, 0xbf, 0xcc, 0x1, 0xff, 0xd6,
    0xef, 0xfe, 0x70, 0xf, 0xfe, 0x1, 0x88, 0x7,
    0x60, 0x7, 0xff, 0x2, 0xc0, 0x3c, 0x82, 0x1,
    0xff, 0x28, 0x7, 0xc8, 0x1, 0xfe, 0x22, 0x0,
    0x4a, 0x1, 0x78, 0x7, 0xf9, 0x40, 0x24, 0xe0,
    0x9, 0x0, 0x3f, 0xd6, 0x1, 0x6a, 0x0, 0x42,
    0x60, 0x1f, 0x84, 0xc0, 0x27, 0x5, 0x0, 0xac,
    0x3, 0xf2, 0x0, 0x44, 0x21, 0x80, 0x12, 0x80,
    0x7e, 0xf0, 0x9, 0x40, 0xe, 0x1, 0x11, 0x0,
    0x3e, 0x50, 0xa, 0xc0, 0x2, 0x60, 0x12, 0x80,
    0x79, 0x0, 0x21, 0x30, 0xa, 0xc0, 0x2c, 0x0,
    0xf6, 0x0, 0x48, 0x1, 0x94, 0x2, 0x41, 0x0,
    0xe5, 0x0, 0x97, 0xbb, 0x60, 0x6, 0x40, 0xc,
    0x44, 0x0, 0xc2, 0x3c, 0x1, 0xbc, 0x3, 0x28,
    0x7, 0xff, 0x9, 0x0, 0x35, 0x80, 0x7f, 0xf0,
    0x84, 0xc0, 0x2, 0x60, 0x16, 0xff, 0xfc, 0xa0,
    0x15, 0x80, 0x10, 0x2, 0x22, 0x0, 0x7d, 0xe0,
    0x12, 0x80, 0x3c, 0x2, 0x50, 0xf, 0xc8, 0x1,
    0x11, 0x1, 0x40, 0x2b, 0x0, 0xfc, 0x26, 0x1,
    0x2a, 0x0, 0x42, 0x60, 0x1f, 0xd6, 0x1, 0x60,

    /* U+00C2 "Â" */
    0x0, 0xfc, 0xb1, 0x7, 0x0, 0xff, 0xe1, 0xad,
    0x3b, 0xa2, 0xc0, 0x3f, 0xf8, 0x27, 0x40, 0x19,
    0x24, 0x3, 0xfe, 0x2d, 0x0, 0x36, 0x0, 0x19,
    0xc0, 0x3f, 0x87, 0xc4, 0xe, 0x4e, 0x80, 0x10,
    0xa0, 0x1f, 0x95, 0x4e, 0xed, 0x0, 0x2c, 0xbb,
    0x88, 0x3, 0xf2, 0x44, 0x42, 0x1, 0x34, 0x41,
    0xc0, 0x3f, 0xfa, 0x7d, 0xff, 0xce, 0x1, 0xff,
    0xc0, 0x31, 0x0, 0xec, 0x0, 0xff, 0xe0, 0x58,
    0x7, 0x90, 0x40, 0x3f, 0xe5, 0x0, 0xf9, 0x0,
    0x3f, 0xc4, 0x40, 0x9, 0x40, 0x2f, 0x0, 0xff,
    0x28, 0x4, 0x9c, 0x1, 0x20, 0x7, 0xfa, 0xc0,
    0x2d, 0x40, 0x8, 0x4c, 0x3, 0xf0, 0x98, 0x4,
    0xe0, 0xa0, 0x15, 0x80, 0x7e, 0x40, 0x8, 0x84,
    0x30, 0x2, 0x50, 0xf, 0xde, 0x1, 0x28, 0x1,
    0xc0, 0x22, 0x20, 0x7, 0xca, 0x1, 0x58, 0x0,
    0x4c, 0x2, 0x50, 0xf, 0x20, 0x4, 0x26, 0x1,
    0x58, 0x5, 0x80, 0x1e, 0xc0, 0x9, 0x0, 0x32,
    0x80, 0x48, 0x20, 0x1c, 0xa0, 0x12, 0xf7, 0x6c,
    0x0, 0xc8, 0x1, 0x88, 0x80, 0x18, 0x47, 0x80,
    0x37, 0x80, 0x65, 0x0, 0xff, 0xe1, 0x20, 0x6,
    0xb0, 0xf, 0xfe, 0x10, 0x98, 0x0, 0x4c, 0x2,
    0xdf, 0xff, 0x94, 0x2, 0xb0, 0x2, 0x0, 0x44,
    0x40, 0xf, 0xbc, 0x2, 0x50, 0x7, 0x80, 0x4a,
    0x1, 0xf9, 0x0, 0x22, 0x20, 0x28, 0x5, 0x60,
    0x1f, 0x84, 0xc0, 0x25, 0x40, 0x8, 0x4c, 0x3,
    0xfa, 0xc0, 0x2c,

    /* U+00C3 "Ã" */
    0x0, 0xe1, 0x9c, 0xa2, 0x0, 0xff, 0xe1, 0xeb,
    0x1a, 0xeb, 0x80, 0x37, 0xe8, 0x3, 0xf1, 0x18,
    0x6, 0x8b, 0x62, 0x6, 0x0, 0xfc, 0x20, 0x4,
    0x91, 0x4, 0x90, 0x3, 0x0, 0x7e, 0x10, 0x6,
    0xb7, 0x98, 0x6, 0xe0, 0xf, 0xc5, 0xfe, 0x60,
    0x1c, 0x94, 0x45, 0x20, 0x7, 0xff, 0xd, 0xae,
    0xca, 0x1, 0xff, 0xe8, 0xef, 0xfe, 0x70, 0xf,
    0xfe, 0x1, 0x88, 0x7, 0x60, 0x7, 0xff, 0x2,
    0xc0, 0x3c, 0x82, 0x1, 0xff, 0x28, 0x7, 0xc8,
    0x1, 0xfe, 0x22, 0x0, 0x4a, 0x1, 0x78, 0x7,
    0xf9, 0x40, 0x24, 0xe0, 0x9, 0x0, 0x3f, 0xd6,
    0x1, 0x6a, 0x0, 0x42, 0x60, 0x1f, 0x84, 0xc0,
    0x27, 0x5, 0x0, 0xac, 0x3, 0xf2, 0x0, 0x44,
    0x21, 0x80, 0x12, 0x80, 0x7e, 0xf0, 0x9, 0x40,
    0xe, 0x1, 0x11, 0x0, 0x3e, 0x50, 0xa, 0xc0,
    0x2, 0x60, 0x12, 0x80, 0x79, 0x0, 0x21, 0x30,
    0xa, 0xc0, 0x2c, 0x0, 0xf6, 0x0, 0x48, 0x1,
    0x94, 0x2, 0x41, 0x0, 0xe5, 0x0, 0x97, 0xbb,
    0x60, 0x6, 0x40, 0xc, 0x44, 0x0, 0xc2, 0x3c,
    0x1, 0xbc, 0x3, 0x28, 0x7, 0xff, 0x9, 0x0,
    0x35, 0x80, 0x7f, 0xf0, 0x84, 0xc0, 0x2, 0x60,
    0x16, 0xff, 0xfc, 0xa0, 0x15, 0x80, 0x10, 0x2,
    0x22, 0x0, 0x7d, 0xe0, 0x12, 0x80, 0x3c, 0x2,
    0x50, 0xf, 0xc8, 0x1, 0x11, 0x1, 0x40, 0x2b,
    0x0, 0xfc, 0x26, 0x1, 0x2a, 0x0, 0x42, 0x60,
    0x1f, 0xd6, 0x1, 0x60,

    /* U+00C4 "Ä" */
    0x0, 0xeb, 0xff, 0x70, 0x1, 0x7f, 0xe3, 0x0,
    0xff, 0xf2, 0xe2, 0xa9, 0xc0, 0xc, 0xab, 0x8,
    0x7, 0xf3, 0xd5, 0x24, 0x0, 0x75, 0x51, 0x0,
    0x7f, 0xf4, 0xfb, 0xff, 0x9c, 0x3, 0xff, 0x80,
    0x62, 0x1, 0xd8, 0x1, 0xff, 0xc0, 0xb0, 0xf,
    0x20, 0x80, 0x7f, 0xca, 0x1, 0xf2, 0x0, 0x7f,
    0x88, 0x80, 0x12, 0x80, 0x5e, 0x1, 0xfe, 0x50,
    0x9, 0x38, 0x2, 0x40, 0xf, 0xf5, 0x80, 0x5a,
    0x80, 0x10, 0x98, 0x7, 0xe1, 0x30, 0x9, 0xc1,
    0x40, 0x2b, 0x0, 0xfc, 0x80, 0x11, 0x8, 0x60,
    0x4, 0xa0, 0x1f, 0xbc, 0x2, 0x50, 0x3, 0x80,
    0x44, 0x40, 0xf, 0x94, 0x2, 0xb0, 0x0, 0x98,
    0x4, 0xa0, 0x1e, 0x40, 0x8, 0x4c, 0x2, 0xb0,
    0xb, 0x0, 0x3d, 0x80, 0x12, 0x0, 0x65, 0x0,
    0x90, 0x40, 0x39, 0x40, 0x25, 0xee, 0xd8, 0x1,
    0x90, 0x3, 0x11, 0x0, 0x30, 0x8f, 0x0, 0x6f,
    0x0, 0xca, 0x1, 0xff, 0xc2, 0x40, 0xd, 0x60,
    0x1f, 0xfc, 0x21, 0x30, 0x0, 0x98, 0x5, 0xbf,
    0xff, 0x28, 0x5, 0x60, 0x4, 0x0, 0x88, 0x80,
    0x1f, 0x78, 0x4, 0xa0, 0xf, 0x0, 0x94, 0x3,
    0xf2, 0x0, 0x44, 0x40, 0x50, 0xa, 0xc0, 0x3f,
    0x9, 0x80, 0x4a, 0x80, 0x10, 0x98, 0x7, 0xf5,
    0x80, 0x58,

    /* U+00C5 "Å" */
    0x0, 0xfd, 0x1d, 0xf8, 0x80, 0x1f, 0xfc, 0x2c,
    0x71, 0x3, 0xb5, 0x0, 0xff, 0xe0, 0x31, 0x82,
    0x38, 0x85, 0x80, 0x7f, 0xf0, 0x34, 0xe, 0xe2,
    0x80, 0x4c, 0x3, 0xfe, 0x70, 0x60, 0x3, 0x0,
    0x1c, 0x3, 0xfe, 0x50, 0x53, 0x8, 0x0, 0x28,
    0x7, 0xfd, 0x60, 0xc, 0xf5, 0x5, 0x10, 0xf,
    0xf8, 0xac, 0x3, 0x25, 0x0, 0x7f, 0xf0, 0x53,
    0xaa, 0x72, 0xc0, 0x3f, 0xf8, 0x62, 0xac, 0x60,
    0x1f, 0xfc, 0x3e, 0xff, 0xe7, 0x0, 0xff, 0xe0,
    0x18, 0x80, 0x76, 0x0, 0x7f, 0xf0, 0x2c, 0x3,
    0xc8, 0x20, 0x1f, 0xf2, 0x80, 0x7c, 0x80, 0x1f,
    0xe2, 0x20, 0x4, 0xa0, 0x17, 0x80, 0x7f, 0x94,
    0x2, 0x4e, 0x0, 0x90, 0x3, 0xfd, 0x60, 0x16,
    0xa0, 0x4, 0x26, 0x1, 0xf8, 0x4c, 0x2, 0x70,
    0x50, 0xa, 0xc0, 0x3f, 0x20, 0x4, 0x42, 0x18,
    0x1, 0x28, 0x7, 0xef, 0x0, 0x94, 0x0, 0xe0,
    0x11, 0x10, 0x3, 0xe5, 0x0, 0xac, 0x0, 0x26,
    0x1, 0x28, 0x7, 0x90, 0x2, 0x13, 0x0, 0xac,
    0x2, 0xc0, 0xf, 0x60, 0x4, 0x80, 0x19, 0x40,
    0x24, 0x10, 0xe, 0x50, 0x9, 0x7b, 0xb6, 0x0,
    0x64, 0x0, 0xc4, 0x40, 0xc, 0x23, 0xc0, 0x1b,
    0xc0, 0x32, 0x80, 0x7f, 0xf0, 0x90, 0x3, 0x58,
    0x7, 0xff, 0x8, 0x4c, 0x0, 0x26, 0x1, 0x6f,
    0xff, 0xca, 0x1, 0x58, 0x1, 0x0, 0x22, 0x20,
    0x7, 0xde, 0x1, 0x28, 0x3, 0xc0, 0x25, 0x0,
    0xfc, 0x80, 0x11, 0x10, 0x14, 0x2, 0xb0, 0xf,
    0xc2, 0x60, 0x12, 0xa0, 0x4, 0x26, 0x1, 0xfd,
    0x60, 0x16, 0x0,

    /* U+00C6 "Æ" */
    0x0, 0xfb, 0xbf, 0xff, 0xf8, 0xda, 0x1, 0xe3,
    0x10, 0xf, 0xfe, 0x6d, 0x80, 0x7f, 0xf3, 0x94,
    0x2, 0x11, 0x80, 0x30, 0x8f, 0xf8, 0x3, 0x88,
    0x80, 0x17, 0x72, 0x80, 0x22, 0xee, 0xfe, 0xc0,
    0xe, 0x50, 0x9, 0x0, 0x3f, 0xf9, 0x56, 0x1,
    0x68, 0x7, 0xff, 0x24, 0x4c, 0x2, 0x40, 0xf,
    0xfe, 0x4a, 0x0, 0x44, 0x40, 0xf, 0xfe, 0x4f,
    0x80, 0x4a, 0x1, 0xf1, 0x7f, 0xfe, 0x0, 0xf2,
    0x80, 0x56, 0x1, 0xff, 0xc9, 0x40, 0x8, 0x4c,
    0x3, 0xff, 0x93, 0x80, 0x12, 0x0, 0x7f, 0x8,
    0xfe, 0x0, 0xe5, 0x0, 0x97, 0xbb, 0x50, 0x4,
    0x5d, 0xdf, 0x80, 0x31, 0x10, 0x3, 0x8, 0xf0,
    0x7, 0xff, 0x11, 0x40, 0x3f, 0xf9, 0xd6, 0x1,
    0xff, 0xcd, 0x13, 0x0, 0xb7, 0xff, 0xac, 0x3,
    0xff, 0x86, 0x80, 0x11, 0x10, 0x3, 0xf8, 0xbb,
    0xbf, 0xb0, 0x3c, 0x2, 0x50, 0xf, 0xf8, 0x47,
    0xfc, 0xa, 0x1, 0x58, 0x7, 0xff, 0x25, 0x0,
    0x21, 0x30, 0xf, 0xfe, 0x48,

    /* U+00C7 "Ç" */
    0x0, 0xf9, 0xab, 0x7f, 0xed, 0x94, 0x0, 0xff,
    0x9b, 0xe5, 0x48, 0x2, 0x26, 0xbd, 0x30, 0xf,
    0xd7, 0x20, 0x1f, 0xe2, 0xc6, 0x0, 0xf5, 0xa0,
    0x7, 0x84, 0x3, 0xd2, 0xc0, 0x19, 0x90, 0x3,
    0x3e, 0xff, 0x7e, 0x28, 0x6, 0x92, 0x0, 0xa0,
    0x2, 0x1d, 0x82, 0x0, 0x8e, 0xa4, 0x3, 0x40,
    0x1, 0x44, 0x2, 0xa2, 0x0, 0xf9, 0x98, 0x1,
    0x28, 0x3, 0xc0, 0x23, 0x40, 0xf, 0xe8, 0x37,
    0xcf, 0x0, 0x20, 0x5, 0x60, 0x1f, 0xe1, 0xc8,
    0x30, 0x8, 0x40, 0x23, 0x0, 0xff, 0xe2, 0x8,
    0x6, 0x70, 0xf, 0xfe, 0xd0, 0x80, 0x67, 0x0,
    0xff, 0xe2, 0x88, 0x4, 0x60, 0x1f, 0xfc, 0x54,
    0x0, 0xac, 0x3, 0xfc, 0x36, 0xe6, 0x1, 0x78,
    0x4, 0x68, 0x1, 0xfd, 0x9, 0x19, 0xc0, 0x5,
    0x10, 0xa, 0x88, 0x3, 0xe5, 0x60, 0x9, 0x0,
    0x28, 0x0, 0x87, 0x5c, 0x80, 0x23, 0x9a, 0x0,
    0xd0, 0x1, 0x32, 0x0, 0x68, 0xdf, 0xef, 0xc6,
    0x0, 0xd2, 0x40, 0x1a, 0xd0, 0x3, 0xc2, 0x1,
    0xe9, 0x60, 0xf, 0x5c, 0x0, 0x7f, 0x8b, 0x18,
    0x3, 0xf3, 0xfc, 0xa9, 0x0, 0x44, 0xd7, 0xa6,
    0x1, 0xff, 0x35, 0x68, 0x83, 0x6c, 0xa0, 0x7,
    0xff, 0xc, 0xc4, 0x19, 0xc0, 0x3f, 0xf8, 0xa4,
    0xe0, 0x8, 0x10, 0xf, 0xfe, 0x20, 0xc3, 0x0,
    0x8, 0x3, 0xff, 0x88, 0xda, 0xc0, 0x1, 0x0,
    0xff, 0xe2, 0x51, 0x0, 0x10, 0x80, 0x3f, 0xf8,
    0x8e, 0x0, 0x6b, 0x0, 0xfc,

    /* U+00C8 "È" */
    0x0, 0x9b, 0xfd, 0x40, 0x1f, 0xf3, 0x8, 0x28,
    0x80, 0x7f, 0xcc, 0x0, 0x60, 0xf, 0xfa, 0x80,
    0x12, 0x1, 0xff, 0x12, 0x0, 0xa0, 0x7, 0xfd,
    0xe0, 0xf, 0x0, 0xff, 0x93, 0xfd, 0x60, 0x1f,
    0xfc, 0x9e, 0xff, 0xff, 0xe0, 0x98, 0x7, 0xff,
    0x58, 0x47, 0xfe, 0x0, 0xdb, 0xdd, 0xfc, 0x40,
    0x1f, 0xff, 0x4c, 0xff, 0xf9, 0x80, 0x3f, 0xfb,
    0x2, 0x3f, 0x8c, 0x3, 0xdb, 0xdd, 0xf2, 0x80,
    0x7f, 0xfd, 0xb7, 0xbb, 0xf8, 0x80, 0x30, 0x8f,
    0xfc, 0x1, 0xff, 0xd2,

    /* U+00C9 "É" */
    0x0, 0xfd, 0x5f, 0xe5, 0x0, 0xff, 0xa, 0x80,
    0xa8, 0x7, 0xf9, 0x80, 0xc, 0x1, 0xff, 0x48,
    0x2, 0x80, 0x3f, 0xca, 0x20, 0x84, 0x1, 0xfe,
    0xe0, 0x7, 0x80, 0x7f, 0xd7, 0xfe, 0x40, 0xf,
    0xfe, 0x47, 0x7f, 0xff, 0xf0, 0x4c, 0x3, 0xff,
    0xac, 0x23, 0xff, 0x0, 0x6d, 0xee, 0xfe, 0x20,
    0xf, 0xff, 0xa6, 0x7f, 0xfc, 0xc0, 0x1f, 0xfd,
    0x81, 0x1f, 0xc6, 0x1, 0xed, 0xee, 0xf9, 0x40,
    0x3f, 0xfe, 0xdb, 0xdd, 0xfc, 0x40, 0x18, 0x47,
    0xfe, 0x0, 0xff, 0xe9, 0x0,

    /* U+00CA "Ê" */
    0x0, 0xe7, 0x88, 0x30, 0x7, 0xfa, 0x61, 0xdd,
    0x2e, 0x1, 0xf9, 0xd8, 0x3, 0x42, 0x80, 0x79,
    0x60, 0x1, 0x50, 0x0, 0xa3, 0x0, 0xc7, 0x40,
    0x7, 0x57, 0x50, 0x6, 0x90, 0x4, 0xae, 0xe8,
    0x80, 0x2, 0xa1, 0xd9, 0xc0, 0x26, 0x88, 0x38,
    0x6, 0x78, 0x82, 0x80, 0x7f, 0xf1, 0x7b, 0xff,
    0xff, 0x82, 0x60, 0x1f, 0xfd, 0x61, 0x1f, 0xf8,
    0x3, 0x6f, 0x77, 0xf1, 0x0, 0x7f, 0xfd, 0x33,
    0xff, 0xe6, 0x0, 0xff, 0xec, 0x8, 0xfe, 0x30,
    0xf, 0x6f, 0x77, 0xca, 0x1, 0xff, 0xf6, 0xde,
    0xef, 0xe2, 0x0, 0xc2, 0x3f, 0xf0, 0x7, 0xff,
    0x48,

    /* U+00CB "Ë" */
    0x0, 0x6f, 0xfa, 0xc0, 0x11, 0xff, 0x8, 0x7,
    0xff, 0x59, 0x15, 0x58, 0x0, 0xd5, 0x58, 0x3,
    0xa6, 0xa8, 0xe0, 0x5, 0xaa, 0x84, 0x3, 0xff,
    0x8b, 0xdf, 0xff, 0xfc, 0x13, 0x0, 0xff, 0xeb,
    0x8, 0xff, 0xc0, 0x1b, 0x7b, 0xbf, 0x88, 0x3,
    0xff, 0xe9, 0x9f, 0xff, 0x30, 0x7, 0xff, 0x60,
    0x47, 0xf1, 0x80, 0x7b, 0x7b, 0xbe, 0x50, 0xf,
    0xff, 0xb6, 0xf7, 0x7f, 0x10, 0x6, 0x11, 0xff,
    0x80, 0x3f, 0xfa, 0x40,

    /* U+00CC "Ì" */
    0x6f, 0xf4, 0x80, 0x4c, 0x0, 0x61, 0x0, 0x98,
    0x0, 0xc0, 0x15, 0x80, 0x28, 0x2, 0x23, 0x2,
    0x40, 0xa, 0x40, 0x1c, 0x1, 0x2f, 0xfa, 0x80,
    0x3f, 0xd3, 0xff, 0x38, 0x7, 0xff, 0xfc, 0x3,
    0xff, 0xf8,

    /* U+00CD "Í" */
    0x0, 0xaf, 0xfc, 0x80, 0x2, 0x40, 0x24, 0x0,
    0x58, 0x2, 0x80, 0x26, 0x0, 0x30, 0x1, 0x80,
    0xa, 0x20, 0xa, 0x0, 0x48, 0x5, 0x9f, 0xe3,
    0x0, 0xfe, 0x9f, 0xf9, 0xc0, 0x3f, 0xff, 0xe0,
    0x1f, 0xff, 0xe0,

    /* U+00CE "Î" */
    0x0, 0xc9, 0x11, 0x10, 0x7, 0xc7, 0x6e, 0xf7,
    0x88, 0x7, 0x16, 0x80, 0x62, 0xd0, 0xc, 0x3e,
    0x20, 0x7a, 0x20, 0x74, 0x1, 0x51, 0x1, 0x69,
    0x68, 0x1, 0x60, 0xc, 0xce, 0xef, 0x10, 0x3b,
    0x77, 0x0, 0x9c, 0x44, 0x40, 0x12, 0x44, 0x42,
    0x1, 0xff, 0xc5, 0x9f, 0xf9, 0xc0, 0x3f, 0xff,
    0xe0, 0x1f, 0xff, 0xf0, 0xf, 0xff, 0xf8, 0x7,
    0xff, 0xa0,

    /* U+00CF "Ï" */
    0x8f, 0xf8, 0x40, 0xff, 0xe6, 0x0, 0xff, 0xe5,
    0x6a, 0xac, 0x20, 0x2a, 0xb1, 0x2d, 0x54, 0x0,
    0x2a, 0xa9, 0x0, 0x3f, 0xf8, 0x53, 0xff, 0x38,
    0x7, 0xff, 0xfc, 0x3, 0xff, 0xfe, 0x1, 0xff,
    0xff, 0x0, 0xfe,

    /* U+00D0 "Ð" */
    0x0, 0x67, 0xff, 0xee, 0xc8, 0x20, 0xf, 0xfe,
    0x20, 0x9b, 0xec, 0x80, 0x7f, 0xf1, 0xdb, 0x0,
    0x3f, 0xc2, 0x38, 0x3, 0x8e, 0x80, 0x3f, 0x57,
    0x76, 0xf9, 0x10, 0x9, 0x54, 0x1, 0xff, 0xc1,
    0x6c, 0x10, 0xa, 0x0, 0x3f, 0xf8, 0x45, 0x0,
    0x11, 0x18, 0x7, 0xff, 0x9, 0x80, 0x32, 0x0,
    0x7f, 0xf0, 0xd0, 0x2, 0xcb, 0xf3, 0x0, 0xab,
    0xfe, 0xa0, 0xc, 0x60, 0x13, 0x0, 0x7f, 0xf0,
    0xf8, 0x2, 0x30, 0xf, 0xfe, 0x44, 0xe1, 0x0,
    0x51, 0x99, 0x40, 0x6, 0xe0, 0x8, 0xc8, 0xc4,
    0x2, 0x23, 0x38, 0x80, 0x31, 0x80, 0x4c, 0x1,
    0xff, 0xc3, 0x40, 0xb, 0x0, 0x3f, 0xf8, 0x4c,
    0x1, 0x90, 0x3, 0xff, 0x82, 0x50, 0x1, 0x11,
    0x80, 0x7f, 0xf0, 0x17, 0x4, 0x2, 0x80, 0xf,
    0xab, 0xbb, 0x7d, 0x8, 0x4, 0xaa, 0x0, 0xfc,
    0x23, 0x80, 0x38, 0xe8, 0x3, 0xff, 0x8a, 0xd8,
    0x1, 0xff, 0xc2, 0x13, 0x7d, 0x90, 0xc,

    /* U+00D1 "Ñ" */
    0x0, 0xc3, 0x39, 0x44, 0x1, 0xff, 0xc1, 0xd6,
    0x35, 0xd7, 0x0, 0x77, 0xd0, 0x7, 0x88, 0xc0,
    0x34, 0x5b, 0x8, 0x30, 0x7, 0x84, 0x0, 0x92,
    0x20, 0x92, 0x0, 0x60, 0xf, 0x8, 0x3, 0x5b,
    0xcc, 0x3, 0x70, 0x7, 0x8b, 0xfc, 0xc0, 0x39,
    0x28, 0x8a, 0x40, 0xf, 0xfe, 0xb, 0x5d, 0x94,
    0x3, 0xff, 0x95, 0xdf, 0xf4, 0x0, 0x7e, 0x6f,
    0xfb, 0x0, 0x33, 0x98, 0x7, 0xff, 0x17, 0x80,
    0x3f, 0xf8, 0xa4, 0xe0, 0x1f, 0xfc, 0x58, 0x20,
    0xf, 0xfe, 0x2f, 0x0, 0x7f, 0xf1, 0x4d, 0x80,
    0x3f, 0xf8, 0x24, 0x1, 0x48, 0x80, 0x7f, 0xf0,
    0x20, 0x40, 0x2b, 0x0, 0xff, 0xe0, 0x34, 0x0,
    0x4a, 0xa0, 0xf, 0xfe, 0x3, 0x20, 0x5, 0x60,
    0x1f, 0xfc, 0x19, 0x0, 0x86, 0x40, 0x3f, 0xf8,
    0x5, 0x0, 0x13, 0x18, 0x7, 0xff, 0x1, 0xcc,
    0x2, 0xe0, 0xf, 0xfe, 0xf, 0x80, 0x45, 0x60,
    0x1f, 0xfc, 0x3, 0x70, 0x8, 0x80, 0x3f, 0xf8,
    0x30, 0x40, 0x1f, 0xfc, 0x59, 0x0, 0xff, 0xe2,
    0xa3, 0x0, 0x7f, 0xf1, 0x60, 0x40, 0x3f, 0xf8,
    0x83, 0x60, 0x1f, 0xfc, 0x55, 0x40, 0xc,

    /* U+00D2 "Ò" */
    0x0, 0xfb, 0x7f, 0xc4, 0x1, 0xff, 0xc6, 0xa0,
    0x5, 0x80, 0x7f, 0xf1, 0x98, 0x0, 0xc0, 0x1f,
    0xfc, 0x61, 0x60, 0x3, 0x0, 0x7f, 0xf1, 0xa8,
    0x1, 0x60, 0x1f, 0xfc, 0x63, 0x30, 0x12, 0x0,
    0x7f, 0xf1, 0xb3, 0xfc, 0x80, 0x1f, 0xff, 0x6,
    0xad, 0xff, 0xb6, 0x50, 0x3, 0xfe, 0x6f, 0x95,
    0x20, 0x8, 0x9a, 0xf5, 0x0, 0x3f, 0x5c, 0x80,
    0x7f, 0x8a, 0xdc, 0x3, 0xd6, 0x80, 0x1f, 0xfc,
    0x18, 0x70, 0xc, 0xc8, 0x1, 0x9f, 0x7f, 0xec,
    0x50, 0xd, 0x4, 0x1, 0x40, 0x4, 0x39, 0x4,
    0x1, 0x1d, 0x48, 0x6, 0x90, 0x2, 0x88, 0x5,
    0x66, 0x1, 0xf3, 0x30, 0x2, 0x41, 0xf, 0x0,
    0x89, 0x40, 0x3f, 0xa0, 0x3, 0x38, 0x20, 0x4,
    0xa0, 0x1f, 0xe1, 0x30, 0xb, 0x0, 0x40, 0x2d,
    0x0, 0xff, 0x94, 0x2, 0x61, 0x0, 0xcc, 0x1,
    0xff, 0x8, 0x4, 0x20, 0x1f, 0xfc, 0xa1, 0x0,
    0xcc, 0x1, 0xff, 0x8, 0x4, 0x20, 0x20, 0x11,
    0x0, 0x7f, 0xca, 0x1, 0x30, 0x20, 0x5, 0x60,
    0x1f, 0xe1, 0x30, 0xb, 0x3, 0xc0, 0x23, 0x40,
    0xf, 0xe8, 0x0, 0xce, 0xa, 0x20, 0x15, 0x10,
    0x7, 0xca, 0xc0, 0x12, 0x8, 0x2, 0x0, 0x21,
    0xd8, 0x20, 0x8, 0xea, 0x80, 0x1a, 0x40, 0x26,
    0x40, 0xc, 0xfb, 0xfd, 0xf8, 0xa0, 0x1a, 0x8,
    0x3, 0x5a, 0x0, 0x78, 0x40, 0x3d, 0xe, 0x1,
    0xeb, 0x80, 0xf, 0xf1, 0x5b, 0x80, 0x7e, 0x7f,
    0x95, 0x20, 0x8, 0x9a, 0xf5, 0x0, 0x30,

    /* U+00D3 "Ó" */
    0x0, 0xff, 0xe0, 0x5f, 0xf9, 0x0, 0x3f, 0xf8,
    0xa4, 0x80, 0x48, 0x1, 0xff, 0xc5, 0xb0, 0x5,
    0x0, 0x7f, 0xf1, 0x98, 0x0, 0xc0, 0x1f, 0xfc,
    0x56, 0x0, 0x28, 0x80, 0x7f, 0xf1, 0x6c, 0x1,
    0x20, 0x1f, 0xfc, 0x6d, 0xff, 0x18, 0x7, 0xff,
    0xbd, 0xab, 0x7f, 0xed, 0x94, 0x0, 0xff, 0x9b,
    0xe5, 0x48, 0x2, 0x26, 0xbd, 0x40, 0xf, 0xd7,
    0x20, 0x1f, 0xe2, 0xb7, 0x0, 0xf5, 0xa0, 0x7,
    0xff, 0x6, 0x1c, 0x3, 0x32, 0x0, 0x67, 0xdf,
    0xfb, 0x14, 0x3, 0x41, 0x0, 0x50, 0x1, 0xe,
    0x41, 0x0, 0x47, 0x52, 0x1, 0xa4, 0x0, 0xa2,
    0x1, 0x59, 0x80, 0x7c, 0xcc, 0x0, 0x90, 0x43,
    0xc0, 0x22, 0x50, 0xf, 0xe8, 0x0, 0xce, 0x8,
    0x1, 0x28, 0x7, 0xf8, 0x4c, 0x2, 0xc0, 0x10,
    0xb, 0x40, 0x3f, 0xe5, 0x0, 0x98, 0x40, 0x33,
    0x0, 0x7f, 0xc2, 0x1, 0x8, 0x7, 0xff, 0x28,
    0x40, 0x33, 0x0, 0x7f, 0xc2, 0x1, 0x8, 0x8,
    0x4, 0x40, 0x1f, 0xf2, 0x80, 0x4c, 0x8, 0x1,
    0x58, 0x7, 0xf8, 0x4c, 0x2, 0xc0, 0xf0, 0x8,
    0xd0, 0x3, 0xfa, 0x0, 0x33, 0x82, 0x88, 0x5,
    0x44, 0x1, 0xf2, 0xb0, 0x4, 0x82, 0x0, 0x80,
    0x8, 0x76, 0x8, 0x2, 0x3a, 0xa0, 0x6, 0x90,
    0x9, 0x90, 0x3, 0x3e, 0xff, 0x7e, 0x28, 0x6,
    0x82, 0x0, 0xd6, 0x80, 0x1e, 0x10, 0xf, 0x43,
    0x80, 0x7a, 0xe0, 0x3, 0xfc, 0x56, 0xe0, 0x1f,
    0x9f, 0xe5, 0x48, 0x2, 0x26, 0xbd, 0x40, 0xc,

    /* U+00D4 "Ô" */
    0x0, 0xfe, 0xcf, 0xf9, 0x80, 0x3f, 0xf8, 0x94,
    0x60, 0x14, 0xa0, 0x7, 0xff, 0xa, 0x14, 0x0,
    0xc0, 0xb, 0x30, 0xf, 0xfe, 0x3, 0x38, 0x2,
    0xe5, 0x40, 0x1a, 0x20, 0x1f, 0xe4, 0x90, 0x4,
    0x20, 0x51, 0x80, 0xe0, 0x7, 0xf9, 0x3f, 0xe7,
    0x0, 0xb3, 0xfd, 0xa0, 0x1f, 0xfe, 0xc6, 0xad,
    0xff, 0xb6, 0x50, 0x3, 0xfe, 0x6f, 0x95, 0x20,
    0x8, 0x9a, 0xf5, 0x0, 0x3f, 0x5c, 0x80, 0x7f,
    0x8a, 0xdc, 0x3, 0xd6, 0x80, 0x1f, 0xfc, 0x18,
    0x70, 0xc, 0xc8, 0x1, 0x9f, 0x7f, 0xec, 0x50,
    0xd, 0x4, 0x1, 0x40, 0x4, 0x39, 0x4, 0x1,
    0x1d, 0x48, 0x6, 0x90, 0x2, 0x88, 0x5, 0x66,
    0x1, 0xf3, 0x30, 0x2, 0x41, 0xf, 0x0, 0x89,
    0x40, 0x3f, 0xa0, 0x3, 0x38, 0x20, 0x4, 0xa0,
    0x1f, 0xe1, 0x30, 0xb, 0x0, 0x40, 0x2d, 0x0,
    0xff, 0x94, 0x2, 0x61, 0x0, 0xcc, 0x1, 0xff,
    0x8, 0x4, 0x20, 0x1f, 0xfc, 0xa1, 0x0, 0xcc,
    0x1, 0xff, 0x8, 0x4, 0x20, 0x20, 0x11, 0x0,
    0x7f, 0xca, 0x1, 0x30, 0x20, 0x5, 0x60, 0x1f,
    0xe1, 0x30, 0xb, 0x3, 0xc0, 0x23, 0x40, 0xf,
    0xe8, 0x0, 0xce, 0xa, 0x20, 0x15, 0x10, 0x7,
    0xca, 0xc0, 0x12, 0x8, 0x2, 0x0, 0x21, 0xd8,
    0x20, 0x8, 0xea, 0x80, 0x1a, 0x40, 0x26, 0x40,
    0xc, 0xfb, 0xfd, 0xf8, 0xa0, 0x1a, 0x8, 0x3,
    0x5a, 0x0, 0x78, 0x40, 0x3d, 0xe, 0x1, 0xeb,
    0x80, 0xf, 0xf1, 0x5b, 0x80, 0x7e, 0x7f, 0x95,
    0x20, 0x8, 0x9a, 0xf5, 0x0, 0x30,

    /* U+00D5 "Õ" */
    0x0, 0xf0, 0xd7, 0xf4, 0x88, 0x1, 0xf2, 0xc0,
    0x3f, 0xe8, 0x50, 0x16, 0xf6, 0xd, 0x34, 0x0,
    0xff, 0x9c, 0x0, 0x20, 0x33, 0xca, 0x1, 0xff,
    0xc1, 0x10, 0x4e, 0xa1, 0x1, 0x0, 0x20, 0x7,
    0xfc, 0xa6, 0x60, 0x5f, 0x71, 0x4, 0xa0, 0xf,
    0xfa, 0xb2, 0x0, 0x3, 0x1d, 0xf6, 0x20, 0x1f,
    0xfe, 0xc6, 0xad, 0xff, 0xb6, 0x50, 0x3, 0xfe,
    0x6f, 0x95, 0x20, 0x8, 0x9a, 0xf5, 0x0, 0x3f,
    0x5c, 0x80, 0x7f, 0x8a, 0xdc, 0x3, 0xd6, 0x80,
    0x1f, 0xfc, 0x18, 0x70, 0xc, 0xc8, 0x1, 0x9f,
    0x7f, 0xec, 0x50, 0xd, 0x4, 0x1, 0x40, 0x4,
    0x39, 0x4, 0x1, 0x1d, 0x48, 0x6, 0x90, 0x2,
    0x88, 0x5, 0x66, 0x1, 0xf3, 0x30, 0x2, 0x41,
    0xf, 0x0, 0x89, 0x40, 0x3f, 0xa0, 0x3, 0x38,
    0x20, 0x4, 0xa0, 0x1f, 0xe1, 0x30, 0xb, 0x0,
    0x40, 0x2d, 0x0, 0xff, 0x94, 0x2, 0x61, 0x0,
    0xcc, 0x1, 0xff, 0x8, 0x4, 0x20, 0x1f, 0xfc,
    0xa1, 0x0, 0xcc, 0x1, 0xff, 0x8, 0x4, 0x20,
    0x20, 0x11, 0x0, 0x7f, 0xca, 0x1, 0x30, 0x20,
    0x5, 0x60, 0x1f, 0xe1, 0x30, 0xb, 0x3, 0xc0,
    0x23, 0x40, 0xf, 0xe8, 0x0, 0xce, 0xa, 0x20,
    0x15, 0x10, 0x7, 0xca, 0xc0, 0x12, 0x8, 0x2,
    0x0, 0x21, 0xd8, 0x20, 0x8, 0xea, 0x80, 0x1a,
    0x40, 0x26, 0x40, 0xc, 0xfb, 0xfd, 0xf8, 0xa0,
    0x1a, 0x8, 0x3, 0x5a, 0x0, 0x78, 0x40, 0x3d,
    0xe, 0x1, 0xeb, 0x80, 0xf, 0xf1, 0x5b, 0x80,
    0x7e, 0x7f, 0x95, 0x20, 0x8, 0x9a, 0xf5, 0x0,
    0x30,

    /* U+00D6 "Ö" */
    0x0, 0xf3, 0x55, 0x40, 0x2, 0xaa, 0x8c, 0x3,
    0xfe, 0xf5, 0x58, 0x0, 0xca, 0xb3, 0x0, 0x7f,
    0xfa, 0xe7, 0xfe, 0x0, 0x27, 0xfc, 0xa0, 0x1f,
    0xfe, 0xc6, 0xad, 0xff, 0xb6, 0x50, 0x3, 0xfe,
    0x6f, 0x95, 0x20, 0x8, 0x9a, 0xf5, 0x0, 0x3f,
    0x5c, 0x80, 0x7f, 0x8a, 0xdc, 0x3, 0xd6, 0x80,
    0x1f, 0xfc, 0x18, 0x70, 0xc, 0xc8, 0x1, 0x9f,
    0x7f, 0xec, 0x50, 0xd, 0x4, 0x1, 0x40, 0x4,
    0x39, 0x4, 0x1, 0x1d, 0x48, 0x6, 0x90, 0x2,
    0x88, 0x5, 0x66, 0x1, 0xf3, 0x30, 0x2, 0x41,
    0xf, 0x0, 0x89, 0x40, 0x3f, 0xa0, 0x3, 0x38,
    0x20, 0x4, 0xa0, 0x1f, 0xe1, 0x30, 0xb, 0x0,
    0x40, 0x2d, 0x0, 0xff, 0x94, 0x2, 0x61, 0x0,
    0xcc, 0x1, 0xff, 0x8, 0x4, 0x20, 0x1f, 0xfc,
    0xa1, 0x0, 0xcc, 0x1, 0xff, 0x8, 0x4, 0x20,
    0x20, 0x11, 0x0, 0x7f, 0xca, 0x1, 0x30, 0x20,
    0x5, 0x60, 0x1f, 0xe1, 0x30, 0xb, 0x3, 0xc0,
    0x23, 0x40, 0xf, 0xe8, 0x0, 0xce, 0xa, 0x20,
    0x15, 0x10, 0x7, 0xca, 0xc0, 0x12, 0x8, 0x2,
    0x0, 0x21, 0xd8, 0x20, 0x8, 0xea, 0x80, 0x1a,
    0x40, 0x26, 0x40, 0xc, 0xfb, 0xfd, 0xf8, 0xa0,
    0x1a, 0x8, 0x3, 0x5a, 0x0, 0x78, 0x40, 0x3d,
    0xe, 0x1, 0xeb, 0x80, 0xf, 0xf1, 0x5b, 0x80,
    0x7e, 0x7f, 0x95, 0x20, 0x8, 0x9a, 0xf5, 0x0,
    0x30,

    /* U+00D7 "×" */
    0x0, 0xff, 0xe1, 0xbc, 0x80, 0x71, 0xe0, 0x80,
    0x1e, 0x1a, 0x0, 0x23, 0xc3, 0xd1, 0xa, 0x0,
    0x3c, 0x1, 0xe0, 0x0, 0xd4, 0x30, 0x80, 0xf,
    0x3a, 0x1, 0x52, 0x0, 0xe1, 0x0, 0x18, 0x40,
    0x14, 0xa0, 0x10, 0xe0, 0x80, 0x69, 0x50, 0xe,
    0x30, 0xe, 0x10, 0xe, 0x2c, 0x10, 0xd, 0xe,
    0x1, 0x16, 0x8, 0x1, 0xc4, 0x1, 0xc, 0x0,
    0xc1, 0x0, 0x44, 0x30, 0x40, 0x12, 0xa1, 0x0,
    0x8, 0x70, 0x2c, 0x10, 0x35, 0x6, 0x88, 0x38,
    0x4, 0x58, 0x98, 0x0,

    /* U+00D8 "Ø" */
    0x0, 0xf9, 0xab, 0x7f, 0xed, 0x94, 0x0, 0x3b,
    0x80, 0x3e, 0x6f, 0x95, 0x20, 0x8, 0x9a, 0xf6,
    0x23, 0x0, 0x75, 0xc8, 0x7, 0xf8, 0x9c, 0x0,
    0xf0, 0x1, 0x5a, 0x0, 0x7f, 0xf0, 0xc6, 0x80,
    0xc, 0x80, 0x19, 0xf7, 0xfe, 0xc4, 0x0, 0xeb,
    0x20, 0x4, 0x0, 0x43, 0x90, 0x40, 0x11, 0x30,
    0x7, 0x70, 0x1, 0x44, 0x2, 0xb3, 0x0, 0xed,
    0x20, 0xe, 0x41, 0xf, 0x0, 0x89, 0x40, 0x3a,
    0xcc, 0x3, 0xe7, 0x4, 0x0, 0x94, 0x3, 0xa5,
    0x0, 0x2a, 0x30, 0xb, 0x0, 0x40, 0x2d, 0x0,
    0xd0, 0xc0, 0x14, 0x2a, 0x80, 0x26, 0x10, 0xc,
    0xc0, 0x13, 0xb8, 0x2, 0x77, 0x0, 0x80, 0x42,
    0x1, 0xf9, 0x60, 0x2, 0x68, 0x0, 0xf8, 0x40,
    0x33, 0x2, 0x50, 0x4, 0xb2, 0x1, 0x8, 0x4,
    0x20, 0x20, 0x11, 0x1d, 0x80, 0x49, 0x40, 0x19,
    0x40, 0x26, 0x4, 0x0, 0xab, 0x40, 0x23, 0xb0,
    0xc, 0x26, 0x1, 0x60, 0x78, 0x4, 0x42, 0x0,
    0x2d, 0x0, 0xe8, 0x0, 0xce, 0xa, 0x20, 0x1c,
    0x3e, 0x20, 0x19, 0x58, 0x2, 0x41, 0x0, 0x40,
    0x7, 0x20, 0x6, 0x3a, 0xa0, 0x6, 0x90, 0xa,
    0x80, 0x39, 0x77, 0xfb, 0xf1, 0x40, 0x34, 0x10,
    0x1, 0xc, 0x3, 0xf0, 0x80, 0x7a, 0x1c, 0x2,
    0x4a, 0x0, 0x20, 0x7, 0xf8, 0xad, 0xc0, 0x39,
    0x6d, 0xaf, 0xe5, 0x48, 0x2, 0x26, 0xbd, 0x40,
    0xc,

    /* U+00D9 "Ù" */
    0x0, 0xea, 0xff, 0x28, 0x7, 0xff, 0xb, 0x80,
    0x12, 0x1, 0xff, 0xc2, 0x42, 0x3, 0x30, 0x7,
    0xff, 0xa, 0xc0, 0x14, 0x1, 0xff, 0xc2, 0x60,
    0x3, 0x8, 0x7, 0xff, 0x9, 0x80, 0xc, 0x1,
    0xff, 0xc2, 0x9f, 0xf3, 0x80, 0x7f, 0xf7, 0xfb,
    0xfe, 0x30, 0xf, 0xcf, 0xff, 0x58, 0x7, 0xff,
    0xfc, 0x3, 0xff, 0xfe, 0x1, 0xff, 0xff, 0x0,
    0xfc, 0x26, 0x1, 0x30, 0x7, 0xee, 0x0, 0xcc,
    0x1, 0x70, 0x7, 0xe7, 0x0, 0xb7, 0x0, 0x24,
    0x50, 0xf, 0x48, 0x80, 0x48, 0xc0, 0x1a, 0xa0,
    0x40, 0x7, 0x6c, 0x1, 0x19, 0x86, 0x0, 0x33,
    0xf7, 0x3f, 0x10, 0x3, 0x78, 0x1, 0xd8, 0x3,
    0x84, 0x3, 0xd2, 0x60, 0x14, 0xc0, 0x7, 0xf0,
    0xdb, 0x0, 0x73, 0xf4, 0x20, 0x80, 0x5, 0x27,
    0x90, 0x2,

    /* U+00DA "Ú" */
    0x0, 0xfe, 0x5f, 0xf5, 0x0, 0x7f, 0xf0, 0xa4,
    0x1, 0xc0, 0x1f, 0xfc, 0x13, 0x30, 0x12, 0x0,
    0x7f, 0xf0, 0x68, 0x1, 0x60, 0x1f, 0xfc, 0x11,
    0x60, 0x3, 0x0, 0x7f, 0xf0, 0x58, 0x0, 0xc0,
    0x1f, 0xfc, 0x27, 0xff, 0x48, 0x7, 0xff, 0x7f,
    0xbf, 0xe3, 0x0, 0xfc, 0xff, 0xf5, 0x80, 0x7f,
    0xff, 0xc0, 0x3f, 0xff, 0xe0, 0x1f, 0xff, 0xf0,
    0xf, 0xc2, 0x60, 0x13, 0x0, 0x7e, 0xe0, 0xc,
    0xc0, 0x17, 0x0, 0x7e, 0x70, 0xb, 0x70, 0x2,
    0x45, 0x0, 0xf4, 0x88, 0x4, 0x8c, 0x1, 0xaa,
    0x4, 0x0, 0x76, 0xc0, 0x11, 0x98, 0x60, 0x3,
    0x3f, 0x73, 0xf1, 0x0, 0x37, 0x80, 0x1d, 0x80,
    0x38, 0x40, 0x3d, 0x26, 0x1, 0x4c, 0x0, 0x7f,
    0xd, 0xb0, 0x7, 0x3f, 0x42, 0x8, 0x0, 0x52,
    0x79, 0x0, 0x20,

    /* U+00DB "Û" */
    0x0, 0xf2, 0x7f, 0xda, 0x20, 0x1f, 0xf1, 0xd8,
    0x4, 0x5a, 0x1, 0xfe, 0x1d, 0x0, 0x28, 0x81,
    0xd0, 0x7, 0xf6, 0x8, 0x1d, 0x68, 0x1, 0x60,
    0x3, 0xeb, 0x20, 0x1d, 0x3, 0xa0, 0x3, 0xb0,
    0x7, 0xaf, 0xfd, 0xc2, 0x0, 0x5f, 0xf9, 0x80,
    0x3f, 0xfb, 0x7d, 0xff, 0x18, 0x7, 0xe7, 0xff,
    0xac, 0x3, 0xff, 0xfe, 0x1, 0xff, 0xff, 0x0,
    0xff, 0xff, 0x80, 0x7e, 0x13, 0x0, 0x98, 0x3,
    0xf7, 0x0, 0x66, 0x0, 0xb8, 0x3, 0xf3, 0x80,
    0x5b, 0x80, 0x12, 0x28, 0x7, 0xa4, 0x40, 0x24,
    0x60, 0xd, 0x50, 0x20, 0x3, 0xb6, 0x0, 0x8c,
    0xc3, 0x0, 0x19, 0xfb, 0x9f, 0x88, 0x1, 0xbc,
    0x0, 0xec, 0x1, 0xc2, 0x1, 0xe9, 0x30, 0xa,
    0x60, 0x3, 0xf8, 0x6d, 0x80, 0x39, 0xfa, 0x10,
    0x40, 0x2, 0x93, 0xc8, 0x1, 0x0,

    /* U+00DC "Ü" */
    0x0, 0x86, 0xaa, 0x50, 0x3, 0xd5, 0x24, 0x3,
    0xf2, 0xad, 0xa0, 0xc, 0x55, 0x38, 0x7, 0xff,
    0x7c, 0x7f, 0xe8, 0x0, 0x5f, 0xfb, 0x80, 0x3f,
    0xfb, 0x9d, 0xff, 0x18, 0x7, 0xe7, 0xff, 0xac,
    0x3, 0xff, 0xfe, 0x1, 0xff, 0xff, 0x0, 0xff,
    0xff, 0x80, 0x7e, 0x13, 0x0, 0x98, 0x3, 0xf7,
    0x0, 0x66, 0x0, 0xb8, 0x3, 0xf3, 0x80, 0x5b,
    0x80, 0x12, 0x28, 0x7, 0xa4, 0x40, 0x24, 0x60,
    0xd, 0x50, 0x20, 0x3, 0xb6, 0x0, 0x8c, 0xc3,
    0x0, 0x19, 0xfb, 0x9f, 0x88, 0x1, 0xbc, 0x0,
    0xec, 0x1, 0xc2, 0x1, 0xe9, 0x30, 0xa, 0x60,
    0x3, 0xf8, 0x6d, 0x80, 0x39, 0xfa, 0x10, 0x40,
    0x2, 0x93, 0xc8, 0x1, 0x0,

    /* U+00DD "Ý" */
    0x0, 0xff, 0x67, 0xf8, 0xc0, 0x3f, 0xf8, 0x46,
    0x60, 0x33, 0x0, 0x7f, 0xf0, 0xa4, 0x1, 0x40,
    0x1f, 0xfc, 0x21, 0x50, 0x3, 0x0, 0x7f, 0xf0,
    0x98, 0x0, 0xc0, 0x1f, 0xfc, 0x3a, 0x0, 0x58,
    0x7, 0xff, 0xf, 0x7f, 0xc4, 0x1, 0xff, 0xce,
    0xbf, 0xfc, 0x20, 0x1f, 0x17, 0xfe, 0x99, 0x0,
    0x68, 0x0, 0xfa, 0x40, 0x34, 0x13, 0x0, 0x4c,
    0x60, 0x1c, 0x88, 0x0, 0xa0, 0x42, 0x0, 0x34,
    0x0, 0x74, 0x80, 0x42, 0xe0, 0x1, 0x80, 0x9,
    0x14, 0x2, 0x62, 0x0, 0xac, 0x3, 0x39, 0x0,
    0x50, 0x1, 0x40, 0x4, 0x6a, 0x1, 0xd0, 0x1,
    0x13, 0x84, 0x8, 0x5, 0xe0, 0x1e, 0x53, 0x0,
    0xa4, 0xdc, 0x2, 0x53, 0x0, 0xfb, 0xc0, 0x21,
    0xc0, 0xd, 0x0, 0x1f, 0x8d, 0x40, 0x3e, 0x72,
    0x0, 0xfe, 0xb0, 0xf, 0xc, 0x0, 0x7f, 0x85,
    0xc0, 0x3a, 0x0, 0x3f, 0xf8, 0x10, 0x20, 0x11,
    0x30, 0x7, 0xff, 0x5, 0x0, 0x25, 0x0, 0xff,
    0xff, 0x80, 0x7f, 0xff, 0xc0, 0x3f, 0x80,

    /* U+00DE "Þ" */
    0xef, 0xf8, 0xc0, 0x3f, 0xfe, 0xf9, 0xff, 0xdb,
    0x26, 0x1, 0xff, 0xc2, 0x26, 0xc9, 0x0, 0xff,
    0xe2, 0x35, 0x0, 0x7c, 0x23, 0x80, 0x39, 0x54,
    0x1, 0xd9, 0xdd, 0xbe, 0x84, 0x2, 0x80, 0xf,
    0xf9, 0x74, 0x2, 0x22, 0x0, 0x7f, 0xc6, 0x40,
    0x13, 0x80, 0x7f, 0xf4, 0xc, 0x80, 0x26, 0x0,
    0xff, 0x26, 0x80, 0x44, 0x60, 0x1b, 0x7b, 0xb7,
    0xd8, 0x80, 0x50, 0x1, 0xc2, 0x3c, 0x1, 0xca,
    0xa0, 0xf, 0xfe, 0x13, 0x50, 0x7, 0xff, 0x0,
    0x9b, 0x24, 0x3, 0xec, 0xff, 0xed, 0x93, 0x0,
    0xff, 0xf5, 0x80,

    /* U+00DF "ß" */
    0x0, 0x96, 0xbb, 0xfd, 0xb2, 0x60, 0x1e, 0x1c,
    0xa5, 0x10, 0x1, 0x36, 0x50, 0x7, 0x69, 0x80,
    0x7e, 0x5b, 0x0, 0x98, 0xc0, 0x30, 0x80, 0x72,
    0x28, 0x2, 0x80, 0x21, 0xce, 0xfc, 0x20, 0xb,
    0x80, 0x4, 0x1, 0x49, 0x80, 0xe, 0x0, 0x26,
    0x0, 0x8, 0x4, 0x80, 0x1f, 0x84, 0x3, 0xfc,
    0x96, 0x1, 0x20, 0x7, 0xf7, 0xd8, 0x80, 0x6,
    0x40, 0x3f, 0xf8, 0x4a, 0x1, 0xff, 0xc3, 0x4f,
    0x10, 0xf, 0xca, 0x60, 0x18, 0x68, 0x3, 0xf5,
    0x67, 0x30, 0x4, 0x84, 0x1, 0xfc, 0x32, 0x60,
    0x12, 0x0, 0x7f, 0xc8, 0x1, 0x70, 0x7, 0xff,
    0x3d, 0x40, 0x2f, 0x0, 0xe1, 0x51, 0x12, 0x61,
    0x0, 0x48, 0x1, 0xc7, 0x5d, 0xcb, 0x30, 0x8,
    0x8c, 0x3, 0xff, 0x85, 0x20, 0x1f, 0xfc, 0x29,
    0x40, 0xf, 0xf8, 0x9b, 0x58, 0x0,

    /* U+00E0 "à" */
    0x0, 0xdb, 0xfe, 0x20, 0xf, 0xfa, 0x80, 0x16,
    0x1, 0xff, 0x30, 0x1, 0x80, 0x3f, 0xe1, 0x60,
    0x3, 0x0, 0x7f, 0xd4, 0x0, 0xb0, 0xf, 0xf8,
    0xcc, 0x4, 0x60, 0x1f, 0xf6, 0x7f, 0x8c, 0x3,
    0xff, 0x96, 0x2f, 0x9d, 0xfe, 0xda, 0x40, 0xe,
    0x3f, 0x83, 0x10, 0x1, 0x2d, 0xd8, 0x40, 0x5,
    0x82, 0x1, 0xf9, 0x28, 0x1, 0xc0, 0x1c, 0x44,
    0x0, 0xc8, 0x81, 0x10, 0x5, 0x3f, 0xbb, 0x8,
    0x5, 0x83, 0xba, 0x88, 0x30, 0x4, 0x52, 0x1,
    0x10, 0x0, 0x9d, 0xc6, 0xd3, 0x7d, 0x0, 0x1e,
    0x29, 0xec, 0x96, 0x41, 0x0, 0xc2, 0xb, 0xac,
    0x20, 0x1f, 0xe2, 0xa0, 0xe, 0x47, 0x97, 0x0,
    0xd6, 0x1, 0xd, 0x7d, 0xc3, 0x78, 0x6, 0x50,
    0xa, 0xd4, 0x3, 0x60, 0x7, 0xe1, 0x0, 0xce,
    0x80, 0x19, 0x40, 0x2a, 0x64, 0x6b, 0x80, 0xe,
    0xa0, 0x8, 0x66, 0xe5, 0x0, 0x3c, 0x70, 0x1,
    0xf0, 0xe0, 0x80, 0x67, 0xc4, 0x10, 0x1, 0xbf,
    0x98, 0x6,

    /* U+00E1 "á" */
    0x0, 0xfc, 0x5f, 0xed, 0x0, 0xff, 0xac, 0x1,
    0x40, 0x1f, 0xf3, 0x0, 0x18, 0x3, 0xfc, 0xc0,
    0x6, 0x10, 0xf, 0xf5, 0x80, 0x28, 0x3, 0xfc,
    0x64, 0x6, 0x60, 0xf, 0xf1, 0xff, 0xb0, 0x3,
    0xff, 0x96, 0x2f, 0x9d, 0xfe, 0xda, 0x40, 0xe,
    0x3f, 0x83, 0x10, 0x1, 0x2d, 0xd8, 0x40, 0x5,
    0x82, 0x1, 0xf9, 0x28, 0x1, 0xc0, 0x1c, 0x44,
    0x0, 0xc8, 0x81, 0x10, 0x5, 0x3f, 0xbb, 0x8,
    0x5, 0x83, 0xba, 0x88, 0x30, 0x4, 0x52, 0x1,
    0x10, 0x0, 0x9d, 0xc6, 0xd3, 0x7d, 0x0, 0x1e,
    0x29, 0xec, 0x96, 0x41, 0x0, 0xc2, 0xb, 0xac,
    0x20, 0x1f, 0xe2, 0xa0, 0xe, 0x47, 0x97, 0x0,
    0xd6, 0x1, 0xd, 0x7d, 0xc3, 0x78, 0x6, 0x50,
    0xa, 0xd4, 0x3, 0x60, 0x7, 0xe1, 0x0, 0xce,
    0x80, 0x19, 0x40, 0x2a, 0x64, 0x6b, 0x80, 0xe,
    0xa0, 0x8, 0x66, 0xe5, 0x0, 0x3c, 0x70, 0x1,
    0xf0, 0xe0, 0x80, 0x67, 0xc4, 0x10, 0x1, 0xbf,
    0x98, 0x6,

    /* U+00E2 "â" */
    0x0, 0xf3, 0xc4, 0x18, 0x3, 0xfd, 0x30, 0xee,
    0x97, 0x0, 0xfc, 0xec, 0x1, 0xa1, 0x40, 0x3c,
    0xb0, 0x0, 0xa8, 0x0, 0x51, 0x80, 0x63, 0xa0,
    0x3, 0xab, 0xa8, 0x3, 0x48, 0x2, 0x57, 0x74,
    0x40, 0x1, 0x50, 0xec, 0xe0, 0x13, 0x44, 0x1c,
    0x3, 0x3c, 0x41, 0x40, 0x3f, 0xf8, 0xe2, 0xf9,
    0xdf, 0xed, 0xa4, 0x0, 0xe3, 0xf8, 0x31, 0x0,
    0x12, 0xdd, 0x84, 0x0, 0x58, 0x20, 0x1f, 0x92,
    0x80, 0x1c, 0x1, 0xc4, 0x40, 0xc, 0x88, 0x11,
    0x0, 0x53, 0xfb, 0xb0, 0x80, 0x58, 0x3b, 0xa8,
    0x83, 0x0, 0x45, 0x20, 0x11, 0x0, 0x9, 0xdc,
    0x6d, 0x37, 0xd0, 0x1, 0xe2, 0x9e, 0xc9, 0x64,
    0x10, 0xc, 0x20, 0xba, 0xc2, 0x1, 0xfe, 0x2a,
    0x0, 0xe4, 0x79, 0x70, 0xd, 0x60, 0x10, 0xd7,
    0xdc, 0x37, 0x80, 0x65, 0x0, 0xad, 0x40, 0x36,
    0x0, 0x7e, 0x10, 0xc, 0xe8, 0x1, 0x94, 0x2,
    0xa6, 0x46, 0xb8, 0x0, 0xea, 0x0, 0x86, 0x6e,
    0x50, 0x3, 0xc7, 0x0, 0x1f, 0xe, 0x8, 0x6,
    0x7c, 0x41, 0x0, 0x1b, 0xf9, 0x80, 0x60,

    /* U+00E3 "ã" */
    0x0, 0x86, 0x72, 0x48, 0x3, 0xfd, 0xac, 0x6d,
    0xa8, 0x0, 0xdf, 0xa0, 0x8, 0x8c, 0x3, 0x5b,
    0x89, 0x3, 0x0, 0x42, 0x0, 0x25, 0x0, 0x47,
    0x0, 0x18, 0x2, 0x10, 0x5, 0xd6, 0x10, 0x6,
    0xf0, 0x8, 0xbf, 0xcc, 0x7, 0xb0, 0x88, 0xa5,
    0x0, 0xff, 0x3d, 0xd9, 0x40, 0x3f, 0xf9, 0x2,
    0xf9, 0xdf, 0xed, 0xa4, 0x0, 0xe3, 0xf8, 0x31,
    0x0, 0x12, 0xdd, 0x84, 0x0, 0x58, 0x20, 0x1f,
    0x92, 0x80, 0x1c, 0x1, 0xc4, 0x40, 0xc, 0x88,
    0x11, 0x0, 0x53, 0xfb, 0xb0, 0x80, 0x58, 0x3b,
    0xa8, 0x83, 0x0, 0x45, 0x20, 0x11, 0x0, 0x9,
    0xdc, 0x6d, 0x37, 0xd0, 0x1, 0xe2, 0x9e, 0xc9,
    0x64, 0x10, 0xc, 0x20, 0xba, 0xc2, 0x1, 0xfe,
    0x2a, 0x0, 0xe4, 0x79, 0x70, 0xd, 0x60, 0x10,
    0xd7, 0xdc, 0x37, 0x80, 0x65, 0x0, 0xad, 0x40,
    0x36, 0x0, 0x7e, 0x10, 0xc, 0xe8, 0x1, 0x94,
    0x2, 0xa6, 0x46, 0xb8, 0x0, 0xea, 0x0, 0x86,
    0x6e, 0x50, 0x3, 0xc7, 0x0, 0x1f, 0xe, 0x8,
    0x6, 0x7c, 0x41, 0x0, 0x1b, 0xf9, 0x80, 0x60,

    /* U+00E4 "ä" */
    0x0, 0xbf, 0xea, 0x0, 0x57, 0xfc, 0x1, 0xff,
    0xd7, 0x55, 0xb0, 0x1, 0x8a, 0xb0, 0x7, 0x55,
    0x4c, 0x0, 0x6a, 0xa8, 0x3, 0x85, 0xf3, 0xbf,
    0xdb, 0x48, 0x1, 0xc7, 0xf0, 0x62, 0x0, 0x25,
    0xbb, 0x8, 0x0, 0xb0, 0x40, 0x3f, 0x25, 0x0,
    0x38, 0x3, 0x88, 0x80, 0x19, 0x10, 0x22, 0x0,
    0xa7, 0xf7, 0x61, 0x0, 0xb0, 0x77, 0x51, 0x6,
    0x0, 0x8a, 0x40, 0x22, 0x0, 0x13, 0xb8, 0xda,
    0x6f, 0xa0, 0x3, 0xc5, 0x3d, 0x92, 0xc8, 0x20,
    0x18, 0x41, 0x75, 0x84, 0x3, 0xfc, 0x54, 0x1,
    0xc8, 0xf2, 0xe0, 0x1a, 0xc0, 0x21, 0xaf, 0xb8,
    0x6f, 0x0, 0xca, 0x1, 0x5a, 0x80, 0x6c, 0x0,
    0xfc, 0x20, 0x19, 0xd0, 0x3, 0x28, 0x5, 0x4c,
    0x8d, 0x70, 0x1, 0xd4, 0x1, 0xc, 0xdc, 0xa0,
    0x7, 0x8e, 0x0, 0x3e, 0x1c, 0x10, 0xc, 0xf8,
    0x82, 0x0, 0x37, 0xf3, 0x0, 0xc0,

    /* U+00E5 "å" */
    0x0, 0xe2, 0xbf, 0xf5, 0x8, 0x7, 0xe2, 0xd4,
    0x0, 0x2f, 0x88, 0x7, 0xdc, 0x0, 0x76, 0x1,
    0xb0, 0xf, 0x8c, 0x22, 0x12, 0xc0, 0x80, 0x1e,
    0x10, 0x1, 0x0, 0x38, 0x4, 0x3, 0xc2, 0x20,
    0x91, 0x2a, 0x3, 0x0, 0xfa, 0x40, 0xfb, 0x48,
    0x24, 0x3, 0xe7, 0x70, 0x6, 0x85, 0x0, 0xfd,
    0x1b, 0x32, 0xd7, 0x0, 0xff, 0x13, 0x30, 0x80,
    0x3f, 0xb, 0xe7, 0x7f, 0xb6, 0x90, 0x3, 0x8f,
    0xe0, 0xc4, 0x0, 0x4b, 0x76, 0x10, 0x1, 0x60,
    0x80, 0x7e, 0x4a, 0x0, 0x70, 0x7, 0x11, 0x0,
    0x32, 0x20, 0x44, 0x1, 0x4f, 0xee, 0xc2, 0x1,
    0x60, 0xee, 0xa2, 0xc, 0x1, 0x14, 0x80, 0x44,
    0x0, 0x27, 0x71, 0xb4, 0xdf, 0x40, 0x7, 0x8a,
    0x7b, 0x25, 0x90, 0x40, 0x30, 0x82, 0xeb, 0x8,
    0x7, 0xf8, 0xa8, 0x3, 0x91, 0xe5, 0xc0, 0x35,
    0x80, 0x43, 0x5f, 0x70, 0xde, 0x1, 0x94, 0x2,
    0xb5, 0x0, 0xd8, 0x1, 0xf8, 0x40, 0x33, 0xa0,
    0x6, 0x50, 0xa, 0x99, 0x1a, 0xe0, 0x3, 0xa8,
    0x2, 0x19, 0xb9, 0x40, 0xf, 0x1c, 0x0, 0x7c,
    0x38, 0x20, 0x19, 0xf1, 0x4, 0x0, 0x6f, 0xe6,
    0x1, 0x80,

    /* U+00E6 "æ" */
    0x0, 0xc9, 0x5d, 0xfe, 0xda, 0x40, 0x9, 0xaf,
    0xbf, 0xd8, 0xe2, 0x1, 0xc3, 0x76, 0x51, 0x0,
    0x12, 0xdd, 0x8f, 0x65, 0x4, 0x0, 0x71, 0xe6,
    0x1, 0xe, 0x20, 0x7, 0xe4, 0xc2, 0x0, 0xf8,
    0x70, 0x80, 0x14, 0x40, 0x11, 0xaa, 0x0, 0x7e,
    0x35, 0x40, 0xd, 0xc0, 0x1, 0x20, 0x1c, 0xc5,
    0x5f, 0x10, 0x7, 0x66, 0x2a, 0xf8, 0x80, 0x6,
    0x60, 0xad, 0xec, 0x30, 0x8, 0x6c, 0x3, 0x41,
    0x80, 0x43, 0x60, 0x15, 0x80, 0x42, 0x46, 0xd1,
    0x5b, 0x20, 0x1a, 0x3f, 0xfa, 0x40, 0x23, 0x0,
    0xc, 0x76, 0x4b, 0xa9, 0x0, 0x7f, 0xf0, 0xdc,
    0x13, 0x9c, 0x40, 0x3f, 0xf9, 0x25, 0x60, 0x10,
    0xb5, 0x6f, 0xd0, 0x6, 0xcc, 0xfa, 0xed, 0x9d,
    0x60, 0x11, 0xfc, 0xa9, 0x1, 0x0, 0x71, 0x9f,
    0x91, 0x6, 0x4a, 0x1, 0x78, 0x80, 0x6a, 0x0,
    0xd2, 0x1, 0xd3, 0xb0, 0x60, 0x1c, 0xc0, 0x1a,
    0x48, 0x3, 0x2c, 0x0, 0x4e, 0xc4, 0xf8, 0xca,
    0x1, 0x5b, 0x23, 0x63, 0x0, 0x79, 0xff, 0xbe,
    0x0, 0x21, 0x6b, 0x0, 0x86, 0x6e, 0x4c, 0x0,
    0x9a, 0x20, 0x18, 0x40, 0x3a, 0x80, 0xa4, 0x3,
    0xf2, 0xd9, 0x61, 0x0, 0x7c, 0x36, 0x80, 0x6,
    0xc5, 0x10, 0x1, 0x36, 0x50, 0x0, 0xb6, 0x90,
    0x40, 0x7, 0x1c, 0x80, 0x0,

    /* U+00E7 "ç" */
    0x0, 0xc5, 0x3b, 0xfe, 0xeb, 0x60, 0xf, 0xa3,
    0x58, 0x80, 0x2, 0x93, 0xc6, 0x1, 0xa9, 0xc0,
    0x3f, 0xe, 0x18, 0x1, 0x94, 0x3, 0x84, 0x3,
    0xb8, 0x1, 0x0, 0x10, 0xdf, 0xf6, 0x98, 0x4,
    0x4a, 0xa1, 0x0, 0xb5, 0x0, 0x5, 0x82, 0x0,
    0x41, 0xc0, 0x8, 0xcc, 0x1, 0xd5, 0x9f, 0x68,
    0x40, 0x12, 0x80, 0x79, 0xc, 0x2, 0x70, 0x8,
    0x40, 0x3f, 0xe7, 0x0, 0x84, 0x3, 0xfe, 0x20,
    0x9, 0x0, 0x3c, 0x20, 0x1b, 0x0, 0x22, 0x40,
    0xe, 0xff, 0x6c, 0x9a, 0x88, 0x5, 0x48, 0x0,
    0x1a, 0x10, 0x26, 0x70, 0x90, 0x8, 0x6f, 0xfb,
    0x8a, 0x1, 0x12, 0x3, 0xa0, 0x7, 0x8, 0x7,
    0x70, 0x5, 0x6c, 0x1, 0xf8, 0x70, 0xc0, 0x34,
    0xe3, 0x10, 0x4, 0x93, 0xc6, 0x1, 0xe3, 0x9f,
    0x0, 0x4d, 0xb0, 0x7, 0xf9, 0x40, 0x12, 0x80,
    0x1f, 0xf2, 0xb0, 0x2, 0x40, 0x3f, 0xe2, 0x93,
    0x2, 0x0, 0xff, 0xa7, 0x4c, 0x4, 0x3, 0xfe,
    0x62, 0x0, 0x48, 0x7, 0xf8, 0x8c, 0x6, 0x1c,
    0x3, 0x80,

    /* U+00E8 "è" */
    0x0, 0xcd, 0xfe, 0x90, 0xf, 0xfe, 0xb, 0x0,
    0x18, 0x3, 0xff, 0x84, 0xc0, 0x6, 0x0, 0xff,
    0xe0, 0xd8, 0x2, 0xc0, 0x3f, 0xf8, 0x24, 0x60,
    0x48, 0x1, 0xff, 0xc1, 0x90, 0x7, 0x0, 0x7f,
    0xf0, 0x57, 0xfd, 0x40, 0x1f, 0xfd, 0x2, 0x8c,
    0xff, 0x76, 0x38, 0x80, 0x7c, 0xfa, 0xe6, 0x0,
    0x13, 0x8f, 0x40, 0xe, 0x98, 0x0, 0xfc, 0x36,
    0x80, 0x12, 0xb0, 0x6, 0x45, 0x40, 0xd, 0x40,
    0x15, 0x80, 0x47, 0xd7, 0x57, 0xa2, 0x0, 0x17,
    0x5, 0x10, 0xb, 0x84, 0x2, 0x28, 0x0, 0xac,
    0x30, 0x3, 0x6f, 0xff, 0x48, 0x4, 0x40, 0x40,
    0x1f, 0xfc, 0x21, 0x7, 0x0, 0xff, 0xe4, 0x2f,
    0x77, 0xd9, 0x8e, 0xe0, 0x30, 0x4, 0xc2, 0x3f,
    0x19, 0x84, 0x41, 0x80, 0x11, 0x98, 0x3, 0xa7,
    0xa5, 0x0, 0xc, 0x20, 0x16, 0xa0, 0x5, 0xc,
    0x2d, 0x74, 0x0, 0x80, 0x8, 0x6f, 0xfb, 0xdc,
    0x3, 0x40, 0x1, 0x98, 0x1, 0xc2, 0x1, 0xd2,
    0x40, 0x14, 0xc0, 0x7, 0xe1, 0xa6, 0x0, 0xe7,
    0xe8, 0x31, 0x0, 0x1c, 0x7a, 0x80, 0x40,

    /* U+00E9 "é" */
    0x0, 0xfe, 0x8f, 0xf4, 0x0, 0x7f, 0xf0, 0x58,
    0x1, 0x20, 0x1f, 0xfc, 0x5, 0x10, 0x51, 0x0,
    0xff, 0xe0, 0x48, 0x3, 0x80, 0x3f, 0xf8, 0x6,
    0x60, 0x24, 0x0, 0xff, 0xe0, 0x50, 0x2, 0xc0,
    0x3f, 0xf8, 0x33, 0xfe, 0x60, 0xf, 0xfe, 0x79,
    0x46, 0x7f, 0xbb, 0x1c, 0x40, 0x3e, 0x7d, 0x73,
    0x0, 0x9, 0xc7, 0xa0, 0x7, 0x4c, 0x0, 0x7e,
    0x1b, 0x40, 0x9, 0x58, 0x3, 0x22, 0xa0, 0x6,
    0xa0, 0xa, 0xc0, 0x23, 0xeb, 0xab, 0xd1, 0x0,
    0xb, 0x82, 0x88, 0x5, 0xc2, 0x1, 0x14, 0x0,
    0x56, 0x18, 0x1, 0xb7, 0xff, 0xa4, 0x2, 0x20,
    0x20, 0xf, 0xfe, 0x10, 0x83, 0x80, 0x7f, 0xf2,
    0x17, 0xbb, 0xec, 0xc7, 0x70, 0x18, 0x2, 0x61,
    0x1f, 0x8c, 0xc2, 0x20, 0xc0, 0x8, 0xcc, 0x1,
    0xd3, 0xd2, 0x80, 0x6, 0x10, 0xb, 0x50, 0x2,
    0x86, 0x16, 0xba, 0x0, 0x40, 0x4, 0x37, 0xfd,
    0xee, 0x1, 0xa0, 0x0, 0xcc, 0x0, 0xe1, 0x0,
    0xe9, 0x20, 0xa, 0x60, 0x3, 0xf0, 0xd3, 0x0,
    0x73, 0xf4, 0x18, 0x80, 0xe, 0x3d, 0x40, 0x20,

    /* U+00EA "ê" */
    0x0, 0xf2, 0x44, 0x42, 0x1, 0xff, 0x1d, 0xbb,
    0xd8, 0x1, 0xfe, 0x2d, 0x0, 0xc5, 0x60, 0x1f,
    0x87, 0xc4, 0x13, 0x44, 0x12, 0x40, 0x3e, 0xd2,
    0x2, 0xa2, 0xa0, 0x3, 0x38, 0x7, 0x1a, 0x3b,
    0xbc, 0x41, 0x29, 0xdc, 0x2, 0x1, 0x8e, 0x22,
    0x20, 0x9, 0x62, 0xe, 0x20, 0x1f, 0xfc, 0xb2,
    0x8c, 0xff, 0x76, 0x38, 0x80, 0x7c, 0xfa, 0xe6,
    0x0, 0x13, 0x8f, 0x40, 0xe, 0x98, 0x0, 0xfc,
    0x36, 0x80, 0x12, 0xb0, 0x6, 0x45, 0x40, 0xd,
    0x40, 0x15, 0x80, 0x47, 0xd7, 0x57, 0xa2, 0x0,
    0x17, 0x5, 0x10, 0xb, 0x84, 0x2, 0x28, 0x0,
    0xac, 0x30, 0x3, 0x6f, 0xff, 0x48, 0x4, 0x40,
    0x40, 0x1f, 0xfc, 0x21, 0x7, 0x0, 0xff, 0xe4,
    0x2f, 0x77, 0xd9, 0x8e, 0xe0, 0x30, 0x4, 0xc2,
    0x3f, 0x19, 0x84, 0x41, 0x80, 0x11, 0x98, 0x3,
    0xa7, 0xa5, 0x0, 0xc, 0x20, 0x16, 0xa0, 0x5,
    0xc, 0x2d, 0x74, 0x0, 0x80, 0x8, 0x6f, 0xfb,
    0xdc, 0x3, 0x40, 0x1, 0x98, 0x1, 0xc2, 0x1,
    0xd2, 0x40, 0x14, 0xc0, 0x7, 0xe1, 0xa6, 0x0,
    0xe7, 0xe8, 0x31, 0x0, 0x1c, 0x7a, 0x80, 0x40,

    /* U+00EB "ë" */
    0x0, 0xa7, 0xfe, 0x0, 0x1f, 0xfc, 0xc0, 0x1f,
    0xfd, 0xcf, 0x55, 0x80, 0x2, 0xab, 0x10, 0x7,
    0x9a, 0xaa, 0x0, 0x15, 0x54, 0x80, 0x1f, 0x14,
    0x67, 0xfb, 0xb1, 0xc4, 0x3, 0xe7, 0xd7, 0x30,
    0x0, 0x9c, 0x7a, 0x0, 0x74, 0xc0, 0x7, 0xe1,
    0xb4, 0x0, 0x95, 0x80, 0x32, 0x2a, 0x0, 0x6a,
    0x0, 0xac, 0x2, 0x3e, 0xba, 0xbd, 0x10, 0x0,
    0xb8, 0x28, 0x80, 0x5c, 0x20, 0x11, 0x40, 0x5,
    0x61, 0x80, 0x1b, 0x7f, 0xfa, 0x40, 0x22, 0x2,
    0x0, 0xff, 0xe1, 0x8, 0x38, 0x7, 0xff, 0x21,
    0x7b, 0xbe, 0xcc, 0x77, 0x1, 0x80, 0x26, 0x11,
    0xf8, 0xcc, 0x22, 0xc, 0x0, 0x8c, 0xc0, 0x1d,
    0x3d, 0x28, 0x0, 0x61, 0x0, 0xb5, 0x0, 0x28,
    0x61, 0x6b, 0xa0, 0x4, 0x0, 0x43, 0x7f, 0xde,
    0xe0, 0x1a, 0x0, 0xc, 0xc0, 0xe, 0x10, 0xe,
    0x92, 0x0, 0xa6, 0x0, 0x3f, 0xd, 0x30, 0x7,
    0x3f, 0x41, 0x88, 0x0, 0xe3, 0xd4, 0x2,

    /* U+00EC "ì" */
    0x6f, 0xf4, 0x80, 0x4c, 0x0, 0x60, 0xc, 0xc0,
    0x6, 0x0, 0xac, 0x1, 0x60, 0x11, 0x18, 0x12,
    0x0, 0x52, 0x0, 0xe0, 0x9, 0x7f, 0xd4, 0x1,
    0xfe, 0x9f, 0xf9, 0xc0, 0x3f, 0xff, 0xe0, 0x1f,
    0xfd, 0x90,

    /* U+00ED "í" */
    0x0, 0xaf, 0xfc, 0x80, 0x2, 0x40, 0x14, 0x0,
    0x50, 0x2, 0x40, 0x26, 0x0, 0x30, 0x1, 0x84,
    0x14, 0x40, 0x14, 0x0, 0x90, 0xb, 0x3f, 0xc6,
    0x1, 0xfd, 0x3f, 0xf3, 0x80, 0x7f, 0xff, 0xc0,
    0x3f, 0xfb, 0x60,

    /* U+00EE "î" */
    0x0, 0xcd, 0xff, 0x60, 0x7, 0xc9, 0x20, 0x11,
    0xd0, 0x7, 0x1d, 0x80, 0x18, 0x0, 0xb0, 0x1,
    0xe, 0x80, 0x16, 0x6c, 0x0, 0xec, 0x0, 0xc1,
    0x3, 0xa0, 0x48, 0x0, 0x4a, 0x6, 0xff, 0xb0,
    0x2, 0x7f, 0xf9, 0x0, 0x3f, 0xf8, 0xb3, 0xff,
    0x38, 0x7, 0xff, 0xfc, 0x3, 0xff, 0xfe, 0x1,
    0xff, 0xf2,

    /* U+00EF "ï" */
    0x8f, 0xf8, 0x40, 0xff, 0xe6, 0x0, 0xff, 0xe5,
    0x6a, 0xac, 0x20, 0x2a, 0xb1, 0x2d, 0x54, 0x0,
    0x2a, 0xa9, 0x0, 0x29, 0xff, 0x9c, 0x3, 0xff,
    0xfe, 0x1, 0xff, 0xff, 0x0, 0xff, 0xe8, 0x80,

    /* U+00F0 "ð" */
    0x0, 0xff, 0xe4, 0x9b, 0xa8, 0x82, 0x71, 0x80,
    0x7e, 0xb8, 0xae, 0xcb, 0x1c, 0x30, 0xf, 0x8c,
    0x2, 0x30, 0x0, 0x90, 0x7, 0xc2, 0x20, 0xe,
    0x41, 0x0, 0xfa, 0xb8, 0xc0, 0x32, 0xa8, 0x3,
    0xf3, 0x18, 0x7, 0x58, 0x7, 0xe6, 0x50, 0x7a,
    0x0, 0xb, 0x80, 0x7e, 0xaa, 0x42, 0xb0, 0x2,
    0x80, 0x39, 0x2b, 0x7e, 0xb6, 0x70, 0x0, 0x42,
    0x0, 0x1b, 0xb2, 0x90, 0x0, 0x9a, 0x80, 0x24,
    0x0, 0x6a, 0x0, 0x7f, 0xc4, 0x12, 0x60, 0x10,
    0xa2, 0x4, 0x3, 0xb8, 0x98, 0x2, 0x6e, 0xbb,
    0x73, 0x0, 0x62, 0x50, 0x8, 0xe4, 0x3, 0x49,
    0x80, 0x4f, 0xa0, 0x15, 0x80, 0x7a, 0x80, 0x33,
    0x0, 0x46, 0x1, 0xe2, 0x0, 0x84, 0x3, 0x8,
    0x7, 0xf8, 0x58, 0x2, 0x20, 0xf, 0x10, 0x4,
    0xfa, 0x1, 0x50, 0x7, 0xa8, 0x2, 0xc5, 0x0,
    0x8a, 0x40, 0x34, 0x98, 0x4, 0xa4, 0xc0, 0x13,
    0x75, 0xdb, 0x98, 0x2, 0x52, 0x9, 0x30, 0x8,
    0x51, 0x2, 0x1, 0x15, 0x80, 0x5a, 0x80, 0x1f,
    0x8f, 0x4, 0x2, 0x1b, 0xb2, 0x90, 0x0, 0x56,
    0xb0, 0x40, 0x0,

    /* U+00F1 "ñ" */
    0x0, 0xd, 0x7f, 0xa8, 0x80, 0xf, 0x96, 0x1,
    0xd0, 0xa0, 0x5, 0xd7, 0xd, 0x34, 0x10, 0xc,
    0x80, 0x2, 0x0, 0x47, 0xa8, 0x0, 0x40, 0x31,
    0x81, 0xee, 0x10, 0x6, 0x40, 0xe, 0x43, 0x40,
    0x3d, 0x71, 0x4, 0x90, 0xe, 0xac, 0x80, 0xa,
    0x3b, 0xec, 0x80, 0x3f, 0xf8, 0xff, 0xf5, 0x81,
    0xd7, 0x7f, 0xb6, 0x44, 0x3, 0xe8, 0xc5, 0x10,
    0x1, 0x37, 0x18, 0x7, 0x23, 0x80, 0x7e, 0xd1,
    0x0, 0xff, 0xe1, 0xc, 0x80, 0x79, 0x77, 0xfd,
    0x20, 0x19, 0x80, 0x38, 0xa8, 0x80, 0xc, 0xe0,
    0x10, 0x88, 0x3, 0x50, 0x7, 0x50, 0x6, 0x20,
    0xc, 0x60, 0x1c, 0x40, 0x19, 0xc0, 0x33, 0x80,
    0x78, 0x40, 0x3f, 0xf8, 0x66, 0x1, 0xff, 0xff,
    0x0, 0xff, 0xee, 0x80,

    /* U+00F2 "ò" */
    0x0, 0xd3, 0xfe, 0x70, 0xf, 0xfe, 0xd, 0x80,
    0x28, 0x3, 0xff, 0x82, 0x46, 0x4, 0x80, 0x1f,
    0xfc, 0x19, 0x0, 0x78, 0x7, 0xff, 0x5, 0x44,
    0x10, 0x40, 0x3f, 0xf8, 0x2c, 0x0, 0x90, 0xf,
    0xfe, 0xc, 0x7f, 0xa0, 0x3, 0xff, 0xa0, 0x51,
    0x9f, 0xee, 0xc7, 0x10, 0xf, 0x9f, 0x5c, 0xc0,
    0x2, 0x71, 0xca, 0x1, 0xd3, 0x0, 0x1f, 0xd4,
    0xc0, 0x13, 0x30, 0x3, 0x84, 0x3, 0xa4, 0xc0,
    0x10, 0x1, 0xd, 0x7f, 0x7c, 0x0, 0x6f, 0x5,
    0x10, 0xa, 0x94, 0x2, 0x78, 0x0, 0x8c, 0xb0,
    0x2, 0x34, 0x0, 0xe7, 0x0, 0xc8, 0x40, 0x12,
    0x80, 0x7c, 0x60, 0x17, 0x38, 0x4, 0x20, 0x1f,
    0x38, 0x4, 0x20, 0x18, 0x40, 0x3e, 0x70, 0x8,
    0x54, 0x2, 0x40, 0xf, 0x8c, 0x2, 0xec, 0x0,
    0x89, 0x0, 0x39, 0xc0, 0x32, 0x28, 0x80, 0x54,
    0x80, 0x13, 0x40, 0x4, 0x64, 0x10, 0x1, 0xd,
    0xff, 0x7c, 0x80, 0x6f, 0x0, 0x32, 0x80, 0x70,
    0x80, 0x74, 0x98, 0x5, 0x4e, 0x1, 0xf8, 0x69,
    0x80, 0x3a, 0x35, 0xc8, 0x0, 0x27, 0x1e, 0xa0,
    0x10,

    /* U+00F3 "ó" */
    0x0, 0xfe, 0xcf, 0xf1, 0x80, 0x7f, 0xf0, 0xc,
    0xc0, 0x46, 0x1, 0xff, 0xc0, 0xa0, 0x5, 0x80,
    0x7f, 0xf0, 0x5, 0x80, 0xc, 0x1, 0xff, 0xc0,
    0x60, 0x3, 0x0, 0x7f, 0xf0, 0x68, 0x1, 0x60,
    0x1f, 0xfc, 0x1d, 0xff, 0x10, 0x7, 0xff, 0x3c,
    0xa3, 0x3f, 0xdd, 0x8e, 0x20, 0x1f, 0x3e, 0xb9,
    0x80, 0x4, 0xe3, 0x94, 0x3, 0xa6, 0x0, 0x3f,
    0xa9, 0x80, 0x26, 0x60, 0x7, 0x8, 0x7, 0x49,
    0x80, 0x20, 0x2, 0x1a, 0xfe, 0xf8, 0x0, 0xde,
    0xa, 0x20, 0x15, 0x28, 0x4, 0xf0, 0x1, 0x19,
    0x60, 0x4, 0x68, 0x1, 0xce, 0x1, 0x90, 0x80,
    0x25, 0x0, 0xf8, 0xc0, 0x2e, 0x70, 0x8, 0x40,
    0x3e, 0x70, 0x8, 0x40, 0x30, 0x80, 0x7c, 0xe0,
    0x10, 0xa8, 0x4, 0x80, 0x1f, 0x18, 0x5, 0xd8,
    0x1, 0x12, 0x0, 0x73, 0x80, 0x64, 0x51, 0x0,
    0xa9, 0x0, 0x26, 0x80, 0x8, 0xc8, 0x20, 0x2,
    0x1b, 0xfe, 0xf9, 0x0, 0xde, 0x0, 0x65, 0x0,
    0xe1, 0x0, 0xe9, 0x30, 0xa, 0x9c, 0x3, 0xf0,
    0xd3, 0x0, 0x74, 0x6b, 0x90, 0x0, 0x4e, 0x3d,
    0x40, 0x20,

    /* U+00F4 "ô" */
    0x0, 0xf2, 0x44, 0x44, 0x1, 0xff, 0x1d, 0xbb,
    0xde, 0x20, 0x1f, 0xc5, 0xa0, 0x18, 0xa8, 0x3,
    0xf0, 0xf8, 0x82, 0x68, 0x82, 0x50, 0x7, 0xda,
    0x40, 0x54, 0x5a, 0x0, 0x58, 0x0, 0xe3, 0x47,
    0x77, 0x88, 0x1d, 0xbb, 0xbc, 0x40, 0x31, 0xc4,
    0x44, 0x1, 0x24, 0x41, 0xc4, 0x3, 0xff, 0x96,
    0x51, 0x9f, 0xee, 0xc7, 0x10, 0xf, 0x9f, 0x5c,
    0xc0, 0x2, 0x71, 0xca, 0x1, 0xd3, 0x0, 0x1f,
    0xd4, 0xc0, 0x13, 0x30, 0x3, 0x84, 0x3, 0xa4,
    0xc0, 0x10, 0x1, 0xd, 0x7f, 0x7c, 0x0, 0x6f,
    0x5, 0x10, 0xa, 0x94, 0x2, 0x78, 0x0, 0x8c,
    0xb0, 0x2, 0x34, 0x0, 0xe7, 0x0, 0xc8, 0x40,
    0x12, 0x80, 0x7c, 0x60, 0x17, 0x38, 0x4, 0x20,
    0x1f, 0x38, 0x4, 0x20, 0x18, 0x40, 0x3e, 0x70,
    0x8, 0x54, 0x2, 0x40, 0xf, 0x8c, 0x2, 0xec,
    0x0, 0x89, 0x0, 0x39, 0xc0, 0x32, 0x28, 0x80,
    0x54, 0x80, 0x13, 0x40, 0x4, 0x64, 0x10, 0x1,
    0xd, 0xff, 0x7c, 0x80, 0x6f, 0x0, 0x32, 0x80,
    0x70, 0x80, 0x74, 0x98, 0x5, 0x4e, 0x1, 0xf8,
    0x69, 0x80, 0x3a, 0x35, 0xc8, 0x0, 0x27, 0x1e,
    0xa0, 0x10,

    /* U+00F5 "õ" */
    0x0, 0xd1, 0x94, 0x60, 0x1f, 0xfc, 0xa, 0x73,
    0x5c, 0x60, 0x5, 0xfe, 0x80, 0x79, 0x40, 0x34,
    0xc0, 0xb0, 0x18, 0x7, 0x8, 0x0, 0x54, 0x0,
    0xfc, 0x40, 0x60, 0x1c, 0x20, 0x6, 0xad, 0x30,
    0xd, 0x40, 0x1e, 0xff, 0x40, 0x16, 0x4a, 0x22,
    0x1c, 0x3, 0xff, 0x80, 0xd7, 0x67, 0x0, 0xff,
    0xe6, 0x94, 0x67, 0xfb, 0xb1, 0xc4, 0x3, 0xe7,
    0xd7, 0x30, 0x0, 0x9c, 0x72, 0x80, 0x74, 0xc0,
    0x7, 0xf5, 0x30, 0x4, 0xcc, 0x0, 0xe1, 0x0,
    0xe9, 0x30, 0x4, 0x0, 0x43, 0x5f, 0xdf, 0x0,
    0x1b, 0xc1, 0x44, 0x2, 0xa5, 0x0, 0x9e, 0x0,
    0x23, 0x2c, 0x0, 0x8d, 0x0, 0x39, 0xc0, 0x32,
    0x10, 0x4, 0xa0, 0x1f, 0x18, 0x5, 0xce, 0x1,
    0x8, 0x7, 0xce, 0x1, 0x8, 0x6, 0x10, 0xf,
    0x9c, 0x2, 0x15, 0x0, 0x90, 0x3, 0xe3, 0x0,
    0xbb, 0x0, 0x22, 0x40, 0xe, 0x70, 0xc, 0x8a,
    0x20, 0x15, 0x20, 0x4, 0xd0, 0x1, 0x19, 0x4,
    0x0, 0x43, 0x7f, 0xdf, 0x20, 0x1b, 0xc0, 0xc,
    0xa0, 0x1c, 0x20, 0x1d, 0x26, 0x1, 0x53, 0x80,
    0x7e, 0x1a, 0x60, 0xe, 0x8d, 0x72, 0x0, 0x9,
    0xc7, 0xa8, 0x4,

    /* U+00F6 "ö" */
    0x0, 0xa7, 0xfe, 0x0, 0x1f, 0xfc, 0xc0, 0x1f,
    0xfd, 0xcf, 0x55, 0x80, 0x2, 0xab, 0x10, 0x7,
    0x9a, 0xaa, 0x0, 0x15, 0x54, 0x80, 0x1f, 0x14,
    0x67, 0xfb, 0xb1, 0xc4, 0x3, 0xe7, 0xd7, 0x30,
    0x0, 0x9c, 0x72, 0x80, 0x74, 0xc0, 0x7, 0xf5,
    0x30, 0x4, 0xcc, 0x0, 0xe1, 0x0, 0xe9, 0x30,
    0x4, 0x0, 0x43, 0x5f, 0xdf, 0x0, 0x1b, 0xc1,
    0x44, 0x2, 0xa5, 0x0, 0x9e, 0x0, 0x23, 0x2c,
    0x0, 0x8d, 0x0, 0x39, 0xc0, 0x32, 0x10, 0x4,
    0xa0, 0x1f, 0x18, 0x5, 0xce, 0x1, 0x8, 0x7,
    0xce, 0x1, 0x8, 0x6, 0x10, 0xf, 0x9c, 0x2,
    0x15, 0x0, 0x90, 0x3, 0xe3, 0x0, 0xbb, 0x0,
    0x22, 0x40, 0xe, 0x70, 0xc, 0x8a, 0x20, 0x15,
    0x20, 0x4, 0xd0, 0x1, 0x19, 0x4, 0x0, 0x43,
    0x7f, 0xdf, 0x20, 0x1b, 0xc0, 0xc, 0xa0, 0x1c,
    0x20, 0x1d, 0x26, 0x1, 0x53, 0x80, 0x7e, 0x1a,
    0x60, 0xe, 0x8d, 0x72, 0x0, 0x9, 0xc7, 0xa8,
    0x4,

    /* U+00F7 "÷" */
    0x0, 0xe9, 0xcc, 0x80, 0x3f, 0xca, 0x67, 0x0,
    0x7f, 0xf6, 0xb3, 0xfe, 0x0, 0xf1, 0x9f, 0xff,
    0x0, 0x4f, 0x33, 0xff, 0x80, 0xe0, 0x1f, 0xfd,
    0x3, 0xff, 0xff, 0xe0, 0x30, 0x7, 0x4e, 0x64,
    0x1, 0xfe, 0x53, 0x38, 0x3, 0xff, 0xaa,

    /* U+00F8 "ø" */
    0x0, 0xe2, 0x8c, 0xff, 0x76, 0x38, 0xa5, 0x80,
    0x79, 0xf5, 0xcc, 0x0, 0x27, 0x1d, 0x69, 0x60,
    0x1a, 0x60, 0x3, 0xfe, 0x4a, 0x0, 0x33, 0x0,
    0x38, 0x40, 0x3e, 0xe0, 0x4, 0x0, 0x43, 0x5f,
    0xde, 0x40, 0x18, 0xd0, 0x14, 0x40, 0x2a, 0x50,
    0x5, 0x10, 0x6, 0x32, 0xc, 0x0, 0x8d, 0x0,
    0x14, 0xa0, 0x1e, 0x40, 0x20, 0x9, 0x40, 0x14,
    0xa0, 0x7, 0x30, 0xb, 0x81, 0xc0, 0x21, 0xa,
    0x50, 0x3, 0xc3, 0x80, 0x42, 0x1, 0xc3, 0x6a,
    0x0, 0x78, 0x7, 0x0, 0x84, 0x14, 0x2, 0x64,
    0x0, 0x44, 0x0, 0x6, 0x1, 0x70, 0x60, 0x7,
    0xa1, 0xc0, 0xe, 0x1, 0x90, 0x14, 0x3, 0x91,
    0xc0, 0xd, 0x0, 0x11, 0x90, 0x30, 0x7, 0x27,
    0xf7, 0xc8, 0x6, 0xf0, 0x5, 0x80, 0x7c, 0x20,
    0x1d, 0x26, 0x0, 0xc2, 0x1, 0x0, 0xfc, 0x34,
    0xc0, 0x10, 0xe2, 0x66, 0xb9, 0x0, 0x4, 0xe3,
    0xd4, 0x2,

    /* U+00F9 "ù" */
    0x0, 0xcf, 0xfe, 0x90, 0xf, 0xfe, 0x3, 0x0,
    0x18, 0x3, 0xff, 0x80, 0x2c, 0x0, 0x60, 0xf,
    0xfe, 0x5, 0x0, 0x2c, 0x3, 0xff, 0x80, 0x66,
    0x2, 0x40, 0xf, 0xfe, 0x4, 0x80, 0x38, 0x3,
    0xff, 0x80, 0xbf, 0xea, 0x0, 0xff, 0xe5, 0x1f,
    0xfe, 0x0, 0xf1, 0x7f, 0xe0, 0xf, 0xff, 0xf8,
    0x7, 0xff, 0x90, 0x40, 0x3f, 0xf8, 0x6e, 0x1,
    0x84, 0x3, 0x18, 0x7, 0x8, 0x6, 0x20, 0xd,
    0x40, 0x1d, 0x20, 0x1c, 0x60, 0x13, 0x38, 0x0,
    0x64, 0xc0, 0x3a, 0xc0, 0x34, 0x7f, 0x71, 0x80,
    0x3c, 0xe2, 0x1, 0xc2, 0x1, 0xfd, 0xa2, 0x1,
    0xf3, 0x28, 0x7, 0x1f, 0xb9, 0x0, 0x5, 0x6e,
    0x40, 0x30,

    /* U+00FA "ú" */
    0x0, 0xfc, 0x3f, 0xf0, 0x7, 0xff, 0x1, 0x80,
    0xc, 0x1, 0xff, 0xc0, 0xa0, 0x5, 0x80, 0x7f,
    0xc8, 0x40, 0x64, 0x1, 0xff, 0x78, 0x2, 0x40,
    0x3f, 0xe1, 0x40, 0x15, 0x0, 0xff, 0x87, 0xfd,
    0xc0, 0x1f, 0xfc, 0xa3, 0xff, 0xc0, 0x1e, 0x2f,
    0xfc, 0x1, 0xff, 0xff, 0x0, 0xff, 0xf2, 0x8,
    0x7, 0xff, 0xd, 0xc0, 0x30, 0x80, 0x63, 0x0,
    0xe1, 0x0, 0xc4, 0x1, 0xa8, 0x3, 0xa4, 0x3,
    0x8c, 0x2, 0x67, 0x0, 0xc, 0x98, 0x7, 0x58,
    0x6, 0x8f, 0xee, 0x30, 0x7, 0x9c, 0x40, 0x38,
    0x40, 0x3f, 0xb4, 0x40, 0x3e, 0x65, 0x0, 0xe3,
    0xf7, 0x20, 0x0, 0xad, 0xc8, 0x6,

    /* U+00FB "û" */
    0x0, 0xf2, 0x44, 0x42, 0x1, 0xfe, 0x3b, 0x77,
    0xb0, 0x3, 0xf8, 0xb4, 0x3, 0x15, 0x80, 0x7c,
    0x3e, 0x20, 0x9a, 0x20, 0x92, 0x1, 0xed, 0x20,
    0x2a, 0x2a, 0x0, 0x33, 0x80, 0x63, 0x47, 0x77,
    0x88, 0x25, 0x3b, 0x80, 0x40, 0x23, 0x88, 0x88,
    0x2, 0x58, 0x83, 0x88, 0x7, 0xff, 0x14, 0xff,
    0xf0, 0x7, 0x8b, 0xff, 0x0, 0x7f, 0xff, 0xc0,
    0x3f, 0xfc, 0x82, 0x1, 0xff, 0xc3, 0x70, 0xc,
    0x20, 0x18, 0xc0, 0x38, 0x40, 0x31, 0x0, 0x6a,
    0x0, 0xe9, 0x0, 0xe3, 0x0, 0x99, 0xc0, 0x3,
    0x26, 0x1, 0xd6, 0x1, 0xa3, 0xfb, 0x8c, 0x1,
    0xe7, 0x10, 0xe, 0x10, 0xf, 0xed, 0x10, 0xf,
    0x99, 0x40, 0x38, 0xfd, 0xc8, 0x0, 0x2b, 0x72,
    0x1, 0x80,

    /* U+00FC "ü" */
    0x0, 0xa7, 0xfe, 0x0, 0x1f, 0xfc, 0xc0, 0x1f,
    0xfd, 0x9f, 0x55, 0x80, 0x2, 0xab, 0x10, 0x7,
    0x35, 0x54, 0x0, 0x2a, 0xa9, 0x0, 0x7, 0xff,
    0x80, 0x3c, 0x5f, 0xf8, 0x3, 0xff, 0xfe, 0x1,
    0xff, 0xe4, 0x10, 0xf, 0xfe, 0x1b, 0x80, 0x61,
    0x0, 0xc6, 0x1, 0xc2, 0x1, 0x88, 0x3, 0x50,
    0x7, 0x48, 0x7, 0x18, 0x4, 0xce, 0x0, 0x19,
    0x30, 0xe, 0xb0, 0xd, 0x1f, 0xdc, 0x60, 0xf,
    0x38, 0x80, 0x70, 0x80, 0x7f, 0x68, 0x80, 0x7c,
    0xca, 0x1, 0xc7, 0xee, 0x40, 0x1, 0x5b, 0x90,
    0xc,

    /* U+00FD "ý" */
    0x0, 0xfe, 0x6f, 0xf4, 0x80, 0x7f, 0xf0, 0xac,
    0x1, 0x60, 0x1f, 0xfc, 0x14, 0x20, 0x32, 0x0,
    0xff, 0xe0, 0xf0, 0x2, 0x40, 0x3f, 0xf8, 0x22,
    0xa0, 0x2a, 0x1, 0xff, 0xc1, 0x60, 0x3, 0x0,
    0x7f, 0xf0, 0x9f, 0xfd, 0x0, 0x1f, 0xfc, 0xd8,
    0xff, 0xac, 0x3, 0xe2, 0xff, 0xb8, 0x24, 0x2,
    0x41, 0x0, 0xf5, 0x0, 0x4c, 0x2, 0x80, 0x13,
    0x0, 0x79, 0x80, 0x2a, 0x0, 0x70, 0x5, 0x40,
    0x1c, 0x82, 0x0, 0x32, 0x0, 0x28, 0x80, 0x8,
    0xc0, 0x37, 0x0, 0x54, 0x1, 0x98, 0x2, 0xa0,
    0x8, 0x54, 0x2, 0x60, 0xd, 0x40, 0x13, 0x0,
    0x4e, 0x1, 0x30, 0x7, 0x12, 0x0, 0x4a, 0x0,
    0xa0, 0xa, 0x80, 0x3d, 0xc0, 0x17, 0x1, 0x18,
    0x0, 0x8c, 0x3, 0xca, 0x20, 0x4, 0x1a, 0x0,
    0xa8, 0x3, 0xf3, 0x0, 0x4c, 0xc0, 0x9, 0x80,
    0x3f, 0x50, 0x5, 0x2, 0x0, 0x41, 0x0, 0xfc,
    0x46, 0x1, 0xee, 0x0, 0xff, 0x48, 0x7, 0xa,
    0x80, 0x7f, 0x94, 0x40, 0x33, 0x80, 0x7f, 0xf0,
    0x18, 0x3, 0x50, 0x7, 0xff, 0x3, 0x0, 0x22,
    0x30, 0xf, 0xfe, 0x6, 0x0, 0x56, 0x1, 0xff,
    0xc1, 0x60, 0x9, 0xc0, 0x3f, 0xf8, 0x6, 0x20,
    0x5, 0x10, 0xf, 0xfe, 0x5, 0x0, 0x5c, 0x1,
    0xff, 0xc1, 0x70, 0x0, 0xa0, 0x7, 0xff, 0x1,
    0x4, 0x0, 0xc0, 0x1f, 0xfc, 0x1e, 0x0, 0xa8,
    0x3, 0xf8,

    /* U+00FE "þ" */
    0xef, 0xf8, 0xc0, 0x3f, 0xff, 0xe2, 0x1, 0x2d,
    0x77, 0xfb, 0x64, 0x80, 0x3f, 0x4a, 0x88, 0x0,
    0x9b, 0x5c, 0x3, 0xff, 0x87, 0xe, 0x1, 0xf8,
    0x8c, 0x3, 0xa0, 0xc0, 0x38, 0x73, 0x73, 0xe0,
    0x3, 0x40, 0x7, 0x51, 0x80, 0x4e, 0xe0, 0x9,
    0x4, 0x2, 0x14, 0x0, 0xe9, 0x0, 0xc8, 0x1,
    0x10, 0x7, 0x84, 0x40, 0x11, 0x0, 0x7f, 0xc4,
    0x1, 0x78, 0x7, 0xfc, 0x20, 0x17, 0x80, 0x44,
    0x1, 0xe1, 0x20, 0x8, 0x80, 0x21, 0x40, 0xe,
    0x60, 0xc, 0x80, 0x1a, 0x48, 0x2, 0x58, 0x0,
    0x90, 0x40, 0x31, 0x6e, 0x5e, 0xd0, 0x6, 0x80,
    0xf, 0x8d, 0x8, 0x3, 0x41, 0x80, 0x7f, 0xf0,
    0x61, 0xc0, 0x3d, 0x4c, 0x40, 0x2, 0x6d, 0x70,
    0xf, 0x9a, 0x77, 0xfd, 0xb2, 0x40, 0x1f, 0xff,
    0xf0, 0xf, 0xfe, 0x68,

    /* U+00FF "ÿ" */
    0x0, 0x8f, 0xfe, 0x60, 0x6, 0xff, 0xac, 0x3,
    0xff, 0xbe, 0x2a, 0xb1, 0x0, 0x11, 0x55, 0x80,
    0x1f, 0x15, 0x54, 0x80, 0x9, 0xaa, 0x38, 0x6,
    0x8f, 0xfa, 0xc0, 0x3e, 0x2f, 0xfb, 0x82, 0x40,
    0x24, 0x10, 0xf, 0x50, 0x4, 0xc0, 0x28, 0x1,
    0x30, 0x7, 0x98, 0x2, 0xa0, 0x7, 0x0, 0x54,
    0x1, 0xc8, 0x20, 0x3, 0x20, 0x2, 0x88, 0x0,
    0x8c, 0x3, 0x70, 0x5, 0x40, 0x19, 0x80, 0x2a,
    0x0, 0x85, 0x40, 0x26, 0x0, 0xd4, 0x1, 0x30,
    0x4, 0xe0, 0x13, 0x0, 0x71, 0x20, 0x4, 0xa0,
    0xa, 0x0, 0xa8, 0x3, 0xdc, 0x1, 0x70, 0x11,
    0x80, 0x8, 0xc0, 0x3c, 0xa2, 0x0, 0x41, 0xa0,
    0xa, 0x80, 0x3f, 0x30, 0x4, 0xcc, 0x0, 0x98,
    0x3, 0xf5, 0x0, 0x50, 0x20, 0x4, 0x10, 0xf,
    0xc4, 0x60, 0x1e, 0xe0, 0xf, 0xf4, 0x80, 0x70,
    0xa8, 0x7, 0xf9, 0x44, 0x3, 0x38, 0x7, 0xff,
    0x1, 0x80, 0x35, 0x0, 0x7f, 0xf0, 0x30, 0x2,
    0x23, 0x0, 0xff, 0xe0, 0x60, 0x5, 0x60, 0x1f,
    0xfc, 0x16, 0x0, 0x9c, 0x3, 0xff, 0x80, 0x62,
    0x0, 0x51, 0x0, 0xff, 0xe0, 0x50, 0x5, 0xc0,
    0x1f, 0xfc, 0x17, 0x0, 0xa, 0x0, 0x7f, 0xf0,
    0x10, 0x40, 0xc, 0x1, 0xff, 0xc1, 0xe0, 0xa,
    0x80, 0x3f, 0x80,

    /* U+0100 "Ā" */
    0x0, 0xf6, 0xff, 0xfc, 0xa0, 0x1f, 0xfe, 0x7f,
    0xcc, 0xf9, 0x0, 0x3f, 0xe2, 0x33, 0xf8, 0x40,
    0x3f, 0xfd, 0x1d, 0xff, 0xce, 0x1, 0xff, 0xc0,
    0x31, 0x0, 0xec, 0x0, 0xff, 0xe0, 0x58, 0x7,
    0x90, 0x40, 0x3f, 0xe5, 0x0, 0xf9, 0x0, 0x3f,
    0xc4, 0x40, 0x9, 0x40, 0x2f, 0x0, 0xff, 0x28,
    0x4, 0x9c, 0x1, 0x20, 0x7, 0xfa, 0xc0, 0x2d,
    0x40, 0x8, 0x4c, 0x3, 0xf0, 0x98, 0x4, 0xe0,
    0xa0, 0x15, 0x80, 0x7e, 0x40, 0x8, 0x84, 0x30,
    0x2, 0x50, 0xf, 0xde, 0x1, 0x28, 0x1, 0xc0,
    0x22, 0x20, 0x7, 0xca, 0x1, 0x58, 0x0, 0x4c,
    0x2, 0x50, 0xf, 0x20, 0x4, 0x26, 0x1, 0x58,
    0x5, 0x80, 0x1e, 0xc0, 0x9, 0x0, 0x32, 0x80,
    0x48, 0x20, 0x1c, 0xa0, 0x12, 0xf7, 0x6c, 0x0,
    0xc8, 0x1, 0x88, 0x80, 0x18, 0x47, 0x80, 0x37,
    0x80, 0x65, 0x0, 0xff, 0xe1, 0x20, 0x6, 0xb0,
    0xf, 0xfe, 0x10, 0x98, 0x0, 0x4c, 0x2, 0xdf,
    0xff, 0x94, 0x2, 0xb0, 0x2, 0x0, 0x44, 0x40,
    0xf, 0xbc, 0x2, 0x50, 0x7, 0x80, 0x4a, 0x1,
    0xf9, 0x0, 0x22, 0x20, 0x28, 0x5, 0x60, 0x1f,
    0x84, 0xc0, 0x25, 0x40, 0x8, 0x4c, 0x3, 0xfa,
    0xc0, 0x2c,

    /* U+0101 "ā" */
    0x0, 0xd9, 0xff, 0xf3, 0x0, 0x7f, 0xf6, 0x3b,
    0x33, 0xe7, 0x0, 0xf1, 0x19, 0xfc, 0x20, 0x1f,
    0xfd, 0x71, 0x7c, 0xef, 0xf6, 0xd2, 0x0, 0x71,
    0xfc, 0x18, 0x80, 0x9, 0x6e, 0xc2, 0x0, 0x2c,
    0x10, 0xf, 0xc9, 0x40, 0xe, 0x0, 0xe2, 0x20,
    0x6, 0x44, 0x8, 0x80, 0x29, 0xfd, 0xd8, 0x40,
    0x2c, 0x1d, 0xd4, 0x41, 0x80, 0x22, 0x90, 0x8,
    0x80, 0x4, 0xee, 0x36, 0x9b, 0xe8, 0x0, 0xf1,
    0x4f, 0x64, 0xb2, 0x8, 0x6, 0x10, 0x5d, 0x61,
    0x0, 0xff, 0x15, 0x0, 0x72, 0x3c, 0xb8, 0x6,
    0xb0, 0x8, 0x6b, 0xee, 0x1b, 0xc0, 0x32, 0x80,
    0x56, 0xa0, 0x1b, 0x0, 0x3f, 0x8, 0x6, 0x74,
    0x0, 0xca, 0x1, 0x53, 0x23, 0x5c, 0x0, 0x75,
    0x0, 0x43, 0x37, 0x28, 0x1, 0xe3, 0x80, 0xf,
    0x87, 0x4, 0x3, 0x3e, 0x20, 0x80, 0xd, 0xfc,
    0xc0, 0x30,

    /* U+0102 "Ă" */
    0x0, 0xe7, 0xff, 0x58, 0x0, 0xff, 0xe0, 0xf,
    0xf1, 0x80, 0x11, 0x1, 0x0, 0x2, 0x0, 0xff,
    0x20, 0x80, 0x2f, 0xd0, 0x1, 0x60, 0x1f, 0xf5,
    0x0, 0x79, 0x18, 0x3, 0xfe, 0x4c, 0x20, 0x9,
    0xac, 0x3, 0xff, 0x82, 0x7b, 0xdb, 0xf2, 0x1,
    0xff, 0xc4, 0x12, 0x0, 0xff, 0xe2, 0x77, 0xff,
    0x38, 0x7, 0xff, 0x0, 0xc4, 0x3, 0xb0, 0x3,
    0xff, 0x81, 0x60, 0x1e, 0x41, 0x0, 0xff, 0x94,
    0x3, 0xe4, 0x0, 0xff, 0x11, 0x0, 0x25, 0x0,
    0xbc, 0x3, 0xfc, 0xa0, 0x12, 0x70, 0x4, 0x80,
    0x1f, 0xeb, 0x0, 0xb5, 0x0, 0x21, 0x30, 0xf,
    0xc2, 0x60, 0x13, 0x82, 0x80, 0x56, 0x1, 0xf9,
    0x0, 0x22, 0x10, 0xc0, 0x9, 0x40, 0x3f, 0x78,
    0x4, 0xa0, 0x7, 0x0, 0x88, 0x80, 0x1f, 0x28,
    0x5, 0x60, 0x1, 0x30, 0x9, 0x40, 0x3c, 0x80,
    0x10, 0x98, 0x5, 0x60, 0x16, 0x0, 0x7b, 0x0,
    0x24, 0x0, 0xca, 0x1, 0x20, 0x80, 0x72, 0x80,
    0x4b, 0xdd, 0xb0, 0x3, 0x20, 0x6, 0x22, 0x0,
    0x61, 0x1e, 0x0, 0xde, 0x1, 0x94, 0x3, 0xff,
    0x84, 0x80, 0x1a, 0xc0, 0x3f, 0xf8, 0x42, 0x60,
    0x1, 0x30, 0xb, 0x7f, 0xfe, 0x50, 0xa, 0xc0,
    0x8, 0x1, 0x11, 0x0, 0x3e, 0xf0, 0x9, 0x40,
    0x1e, 0x1, 0x28, 0x7, 0xe4, 0x0, 0x88, 0x80,
    0xa0, 0x15, 0x80, 0x7e, 0x13, 0x0, 0x95, 0x0,
    0x21, 0x30, 0xf, 0xeb, 0x0, 0xb0,

    /* U+0103 "ă" */
    0x0, 0x8c, 0xe1, 0x0, 0x9, 0x98, 0x80, 0x3b,
    0xb3, 0x16, 0x3, 0xb9, 0x8b, 0x0, 0xea, 0x0,
    0x2f, 0xf1, 0x80, 0x34, 0x3, 0x9c, 0x80, 0x3c,
    0xc8, 0x1, 0xec, 0x60, 0x8, 0x62, 0x40, 0x3e,
    0x19, 0xfc, 0xde, 0x70, 0xf, 0xf8, 0xc8, 0x3,
    0xf8, 0x5f, 0x3b, 0xfd, 0xb4, 0x80, 0x1c, 0x7f,
    0x6, 0x20, 0x2, 0x5b, 0xb0, 0x80, 0xb, 0x4,
    0x3, 0xf2, 0x50, 0x3, 0x80, 0x38, 0x88, 0x1,
    0x91, 0x2, 0x20, 0xa, 0x7f, 0x76, 0x10, 0xb,
    0x7, 0x75, 0x10, 0x60, 0x8, 0xa4, 0x2, 0x20,
    0x1, 0x3b, 0x8d, 0xa6, 0xfa, 0x0, 0x3c, 0x53,
    0xd9, 0x2c, 0x82, 0x1, 0x84, 0x17, 0x58, 0x40,
    0x3f, 0xc5, 0x40, 0x1c, 0x8f, 0x2e, 0x1, 0xac,
    0x2, 0x1a, 0xfb, 0x86, 0xf0, 0xc, 0xa0, 0x15,
    0xa8, 0x6, 0xc0, 0xf, 0xc2, 0x1, 0x9d, 0x0,
    0x32, 0x80, 0x54, 0xc8, 0xd7, 0x0, 0x1d, 0x40,
    0x10, 0xcd, 0xca, 0x0, 0x78, 0xe0, 0x3, 0xe1,
    0xc1, 0x0, 0xcf, 0x88, 0x20, 0x3, 0x7f, 0x30,
    0xc,

    /* U+0104 "Ą" */
    0x0, 0xfb, 0xbf, 0xf9, 0xc0, 0x3f, 0xf8, 0x6,
    0x20, 0x1d, 0x80, 0x1f, 0xfc, 0xb, 0x0, 0xf2,
    0x8, 0x7, 0xfc, 0xa0, 0x1f, 0x20, 0x7, 0xf8,
    0x88, 0x1, 0x28, 0x5, 0xe0, 0x1f, 0xe5, 0x0,
    0x93, 0x80, 0x24, 0x0, 0xff, 0x58, 0x5, 0xa8,
    0x1, 0x9, 0x80, 0x7e, 0x13, 0x0, 0x9c, 0x14,
    0x2, 0xb0, 0xf, 0xc8, 0x1, 0x10, 0x86, 0x0,
    0x4a, 0x1, 0xfb, 0xc0, 0x25, 0x0, 0x38, 0x4,
    0x44, 0x0, 0xf9, 0x40, 0x2b, 0x0, 0x9, 0x80,
    0x4a, 0x1, 0xe4, 0x0, 0x84, 0xc0, 0x2b, 0x0,
    0xb0, 0x3, 0xd8, 0x1, 0x20, 0x6, 0x50, 0x9,
    0x4, 0x3, 0x94, 0x2, 0x5e, 0xed, 0x80, 0x19,
    0x0, 0x31, 0x10, 0x3, 0x8, 0xf0, 0x6, 0xf0,
    0xc, 0xa0, 0x1f, 0xfc, 0x24, 0x0, 0xd6, 0x1,
    0xff, 0xc2, 0x13, 0x0, 0x9, 0x80, 0x5b, 0xff,
    0xf2, 0x80, 0x56, 0x0, 0x40, 0x8, 0x88, 0x1,
    0xf7, 0x80, 0x4a, 0x0, 0xf0, 0x9, 0x40, 0x3f,
    0x20, 0x4, 0x44, 0x5, 0x0, 0xac, 0x3, 0xf0,
    0x98, 0x4, 0xa8, 0x1, 0x9, 0x80, 0x7f, 0x28,
    0x5, 0x69, 0xff, 0x70, 0x7, 0xf2, 0xb0, 0x0,
    0xbc, 0x3, 0xff, 0x85, 0x60, 0x5, 0xd3, 0x0,
    0xff, 0xe0, 0xa8, 0x81, 0x50, 0x7, 0xff, 0xf,
    0x40, 0xc, 0x26, 0x1, 0xff, 0xc2, 0xe0, 0x2,
    0x76, 0x10, 0x7, 0xff, 0x5, 0x84, 0x3, 0x58,
    0x7, 0xff, 0xb, 0x10, 0x5, 0xe4,

    /* U+0105 "ą" */
    0x0, 0x85, 0xf3, 0xbf, 0xdb, 0x48, 0x1, 0xc7,
    0xf0, 0x62, 0x0, 0x25, 0xbb, 0x8, 0x0, 0xb0,
    0x40, 0x3f, 0x25, 0x0, 0x38, 0x3, 0x88, 0x80,
    0x19, 0x10, 0x22, 0x0, 0xa7, 0xf7, 0x61, 0x0,
    0xb0, 0x77, 0x51, 0x6, 0x0, 0x8a, 0x40, 0x22,
    0x0, 0x13, 0xb8, 0xda, 0x6f, 0xa0, 0x3, 0xc5,
    0x3d, 0x92, 0xc8, 0x20, 0x18, 0x41, 0x75, 0x84,
    0x3, 0xfc, 0x54, 0x1, 0xc8, 0xf2, 0xe0, 0x1a,
    0xc0, 0x21, 0xaf, 0xb8, 0x6f, 0x0, 0xca, 0x1,
    0x5a, 0x80, 0x6c, 0x0, 0xfc, 0x20, 0x19, 0xd0,
    0x3, 0x28, 0x5, 0x4c, 0x8d, 0x70, 0x1, 0xd4,
    0x1, 0xc, 0xdc, 0xa0, 0x7, 0x8e, 0x0, 0x3e,
    0x1c, 0x10, 0xc, 0xf8, 0x82, 0x0, 0x37, 0xf8,
    0x10, 0xe, 0x3b, 0xef, 0xf6, 0x44, 0x10, 0x0,
    0x92, 0x1, 0xf8, 0xd8, 0x0, 0xf6, 0x40, 0x1f,
    0xa8, 0x0, 0xb0, 0x1, 0xfe, 0x20, 0x1, 0x14,
    0x1, 0xfc, 0x40, 0x7, 0xdf, 0x0, 0xfe, 0xb0,
    0xc, 0x4c, 0x1, 0xf8, 0xb0, 0xc0, 0xa5, 0x80,

    /* U+0106 "Ć" */
    0x0, 0xff, 0xe0, 0x3f, 0xfa, 0x0, 0x3f, 0xf8,
    0xd4, 0x0, 0xa0, 0xf, 0xfe, 0x2a, 0x10, 0x21,
    0x0, 0x7f, 0xf1, 0x7c, 0x1, 0xc0, 0x1f, 0xfc,
    0x52, 0x40, 0x15, 0x0, 0xff, 0xe2, 0xd0, 0x2,
    0x40, 0x3f, 0xf8, 0xd1, 0xfe, 0x70, 0xf, 0xff,
    0x7b, 0x56, 0xff, 0xdb, 0x28, 0x1, 0xff, 0x37,
    0xca, 0x90, 0x4, 0x4d, 0x7a, 0x60, 0x1f, 0xae,
    0x40, 0x3f, 0xc5, 0x8c, 0x1, 0xeb, 0x40, 0xf,
    0x8, 0x7, 0xa5, 0x80, 0x33, 0x20, 0x6, 0x7d,
    0xfe, 0xfc, 0x50, 0xd, 0x24, 0x1, 0x40, 0x4,
    0x3b, 0x4, 0x1, 0x1d, 0x48, 0x6, 0x80, 0x2,
    0x88, 0x5, 0x44, 0x1, 0xf3, 0x30, 0x2, 0x50,
    0x7, 0x80, 0x46, 0x80, 0x1f, 0xd0, 0x6f, 0x9e,
    0x0, 0x40, 0xa, 0xc0, 0x3f, 0xc3, 0x90, 0x60,
    0x10, 0x80, 0x46, 0x1, 0xff, 0xc4, 0x10, 0xc,
    0xe0, 0x1f, 0xfd, 0xa1, 0x0, 0xce, 0x1, 0xff,
    0xc5, 0x10, 0x8, 0xc0, 0x3f, 0xf8, 0xa8, 0x1,
    0x58, 0x7, 0xf8, 0x6d, 0xcc, 0x2, 0xf0, 0x8,
    0xd0, 0x3, 0xfa, 0x12, 0x33, 0x80, 0xa, 0x20,
    0x15, 0x10, 0x7, 0xca, 0xc0, 0x12, 0x0, 0x50,
    0x1, 0xe, 0xb9, 0x0, 0x47, 0x34, 0x1, 0xa0,
    0x2, 0x64, 0x0, 0xd1, 0xbf, 0xdf, 0x8c, 0x1,
    0xa4, 0x80, 0x35, 0xa0, 0x7, 0x84, 0x3, 0xd2,
    0xc0, 0x1e, 0xb8, 0x0, 0xff, 0x16, 0x30, 0x7,
    0xe7, 0xf9, 0x52, 0x0, 0x89, 0xaf, 0x4c, 0x3,
    0x0,

    /* U+0107 "ć" */
    0x0, 0xfe, 0xef, 0xf0, 0x80, 0x7f, 0xcc, 0x20,
    0xa2, 0x1, 0xff, 0x50, 0x2, 0x40, 0x3f, 0xe3,
    0x30, 0x19, 0x80, 0x3f, 0xe9, 0x0, 0x50, 0x7,
    0xfc, 0x2a, 0x2, 0xc0, 0x1f, 0xf0, 0xff, 0xb8,
    0x3, 0xff, 0x9c, 0x53, 0xbf, 0xee, 0xb6, 0x0,
    0xfa, 0x35, 0x88, 0x0, 0x29, 0x3c, 0x60, 0x1a,
    0x9c, 0x3, 0xf0, 0xe1, 0x80, 0x19, 0x40, 0x38,
    0x40, 0x3b, 0x80, 0x10, 0x1, 0xd, 0xff, 0x69,
    0x80, 0x44, 0xaa, 0x10, 0xb, 0x50, 0x0, 0x58,
    0x20, 0x4, 0x1c, 0x0, 0x8c, 0xc0, 0x1d, 0x59,
    0xf6, 0x84, 0x1, 0x28, 0x7, 0x90, 0xc0, 0x27,
    0x0, 0x84, 0x3, 0xfe, 0x70, 0x8, 0x40, 0x3f,
    0xe2, 0x0, 0x90, 0x3, 0xc2, 0x1, 0xb0, 0x2,
    0x24, 0x0, 0xef, 0xf6, 0xc9, 0xa8, 0x80, 0x54,
    0x80, 0x1, 0xa1, 0x2, 0x67, 0x9, 0x0, 0x86,
    0xff, 0xb8, 0xa0, 0x11, 0x20, 0x3a, 0x0, 0x70,
    0x80, 0x77, 0x0, 0x56, 0xc0, 0x1f, 0x87, 0xc,
    0x3, 0x4e, 0x31, 0x0, 0x5, 0x27, 0x8c, 0x0,

    /* U+0108 "Ĉ" */
    0x0, 0xfe, 0xcf, 0xf9, 0x80, 0x3f, 0xf8, 0x94,
    0x60, 0x14, 0xa0, 0x7, 0xff, 0xa, 0x14, 0x0,
    0xc0, 0xb, 0x30, 0xf, 0xfe, 0x3, 0x38, 0x2,
    0xe5, 0x40, 0x1a, 0x20, 0x1f, 0xe4, 0x90, 0x4,
    0x20, 0x51, 0x80, 0xe0, 0x7, 0xf9, 0x3f, 0xe7,
    0x0, 0xb3, 0xfd, 0xa0, 0x1f, 0xfe, 0xc6, 0xad,
    0xff, 0xb6, 0x50, 0x3, 0xfe, 0x6f, 0x95, 0x20,
    0x8, 0x9a, 0xf4, 0xc0, 0x3f, 0x5c, 0x80, 0x7f,
    0x8b, 0x18, 0x3, 0xd6, 0x80, 0x1e, 0x10, 0xf,
    0x4b, 0x0, 0x66, 0x40, 0xc, 0xfb, 0xfd, 0xf8,
    0xa0, 0x1a, 0x48, 0x2, 0x80, 0x8, 0x76, 0x8,
    0x2, 0x3a, 0x90, 0xd, 0x0, 0x5, 0x10, 0xa,
    0x88, 0x3, 0xe6, 0x60, 0x4, 0xa0, 0xf, 0x0,
    0x8d, 0x0, 0x3f, 0xa0, 0xdf, 0x3c, 0x0, 0x80,
    0x15, 0x80, 0x7f, 0x87, 0x20, 0xc0, 0x21, 0x0,
    0x8c, 0x3, 0xff, 0x88, 0x20, 0x19, 0xc0, 0x3f,
    0xfb, 0x42, 0x1, 0x9c, 0x3, 0xff, 0x8a, 0x20,
    0x11, 0x80, 0x7f, 0xf1, 0x50, 0x2, 0xb0, 0xf,
    0xf0, 0xdb, 0x98, 0x5, 0xe0, 0x11, 0xa0, 0x7,
    0xf4, 0x24, 0x67, 0x0, 0x14, 0x40, 0x2a, 0x20,
    0xf, 0x95, 0x80, 0x24, 0x0, 0xa0, 0x2, 0x1d,
    0x72, 0x0, 0x8e, 0x68, 0x3, 0x40, 0x4, 0xc8,
    0x1, 0xa3, 0x7f, 0xbf, 0x18, 0x3, 0x49, 0x0,
    0x6b, 0x40, 0xf, 0x8, 0x7, 0xa5, 0x80, 0x3d,
    0x70, 0x1, 0xfe, 0x2c, 0x60, 0xf, 0xcf, 0xf2,
    0xa4, 0x1, 0x13, 0x5e, 0x98, 0x6,

    /* U+0109 "ĉ" */
    0x0, 0xf2, 0x44, 0x44, 0x1, 0xfe, 0x3b, 0x77,
    0xbc, 0x40, 0x3f, 0x16, 0x80, 0x62, 0xa0, 0xf,
    0x87, 0xc4, 0x13, 0x44, 0x12, 0x80, 0x3d, 0xa4,
    0x5, 0x45, 0xa0, 0x5, 0x80, 0xc, 0x68, 0xee,
    0xf1, 0x3, 0xb7, 0x77, 0x88, 0x4, 0x71, 0x11,
    0x0, 0x49, 0x10, 0x71, 0x0, 0xff, 0xe4, 0x94,
    0xef, 0xfb, 0xad, 0x80, 0x3e, 0x8d, 0x62, 0x0,
    0xa, 0x4f, 0x18, 0x6, 0xa7, 0x0, 0xfc, 0x38,
    0x60, 0x6, 0x50, 0xe, 0x10, 0xe, 0xe0, 0x4,
    0x0, 0x43, 0x7f, 0xda, 0x60, 0x11, 0x2a, 0x84,
    0x2, 0xd4, 0x0, 0x16, 0x8, 0x1, 0x7, 0x0,
    0x23, 0x30, 0x7, 0x56, 0x7d, 0xa1, 0x0, 0x4a,
    0x1, 0xe4, 0x30, 0x9, 0xc0, 0x21, 0x0, 0xff,
    0x9c, 0x2, 0x10, 0xf, 0xf8, 0x80, 0x24, 0x0,
    0xf0, 0x80, 0x6c, 0x0, 0x89, 0x0, 0x3b, 0xfd,
    0xb2, 0x6a, 0x20, 0x15, 0x20, 0x0, 0x68, 0x40,
    0x99, 0xc2, 0x40, 0x21, 0xbf, 0xee, 0x28, 0x4,
    0x48, 0xe, 0x80, 0x1c, 0x20, 0x1d, 0xc0, 0x15,
    0xb0, 0x7, 0xe1, 0xc3, 0x0, 0xd3, 0x8c, 0x40,
    0x1, 0x49, 0xe3, 0x0, 0x0,

    /* U+010A "Ċ" */
    0x0, 0xfe, 0x8f, 0xfa, 0x0, 0x3f, 0xff, 0xe0,
    0x1f, 0xa7, 0x76, 0x90, 0xf, 0xfe, 0x28, 0x91,
    0x42, 0x1, 0xff, 0xef, 0x6a, 0xdf, 0xfb, 0x65,
    0x0, 0x3f, 0xe6, 0xf9, 0x52, 0x0, 0x89, 0xaf,
    0x4c, 0x3, 0xf5, 0xc8, 0x7, 0xf8, 0xb1, 0x80,
    0x3d, 0x68, 0x1, 0xe1, 0x0, 0xf4, 0xb0, 0x6,
    0x64, 0x0, 0xcf, 0xbf, 0xdf, 0x8a, 0x1, 0xa4,
    0x80, 0x28, 0x0, 0x87, 0x60, 0x80, 0x23, 0xa9,
    0x0, 0xd0, 0x0, 0x51, 0x0, 0xa8, 0x80, 0x3e,
    0x66, 0x0, 0x4a, 0x0, 0xf0, 0x8, 0xd0, 0x3,
    0xfa, 0xd, 0xf3, 0xc0, 0x8, 0x1, 0x58, 0x7,
    0xf8, 0x72, 0xc, 0x2, 0x10, 0x8, 0xc0, 0x3f,
    0xf8, 0x82, 0x1, 0x9c, 0x3, 0xff, 0xb4, 0x20,
    0x19, 0xc0, 0x3f, 0xf8, 0xa2, 0x1, 0x18, 0x7,
    0xff, 0x15, 0x0, 0x2b, 0x0, 0xff, 0xd, 0xb9,
    0x80, 0x5e, 0x1, 0x1a, 0x0, 0x7f, 0x42, 0x46,
    0x70, 0x1, 0x44, 0x2, 0xa2, 0x0, 0xf9, 0x58,
    0x2, 0x40, 0xa, 0x0, 0x21, 0xd7, 0x20, 0x8,
    0xe6, 0x80, 0x34, 0x0, 0x4c, 0x80, 0x1a, 0x37,
    0xfb, 0xf1, 0x80, 0x34, 0x90, 0x6, 0xb4, 0x0,
    0xf0, 0x80, 0x7a, 0x58, 0x3, 0xd7, 0x0, 0x1f,
    0xe2, 0xc6, 0x0, 0xfc, 0xff, 0x2a, 0x40, 0x11,
    0x35, 0xe9, 0x80, 0x60,

    /* U+010B "ċ" */
    0x0, 0xf8, 0x8b, 0x0, 0x7f, 0xc9, 0xbb, 0x78,
    0x7, 0xff, 0xbd, 0x3f, 0xed, 0x0, 0xff, 0xee,
    0x94, 0xef, 0xfb, 0xad, 0x80, 0x3e, 0x8d, 0x62,
    0x0, 0xa, 0x4f, 0x18, 0x6, 0xa7, 0x0, 0xfc,
    0x38, 0x60, 0x6, 0x50, 0xe, 0x10, 0xe, 0xe0,
    0x4, 0x0, 0x43, 0x7f, 0xda, 0x60, 0x11, 0x2a,
    0x84, 0x2, 0xd4, 0x0, 0x16, 0x8, 0x1, 0x7,
    0x0, 0x23, 0x30, 0x7, 0x56, 0x7d, 0xa1, 0x0,
    0x4a, 0x1, 0xe4, 0x30, 0x9, 0xc0, 0x21, 0x0,
    0xff, 0x9c, 0x2, 0x10, 0xf, 0xf8, 0x80, 0x24,
    0x0, 0xf0, 0x80, 0x6c, 0x0, 0x89, 0x0, 0x3b,
    0xfd, 0xb2, 0x6a, 0x20, 0x15, 0x20, 0x0, 0x68,
    0x40, 0x99, 0xc2, 0x40, 0x21, 0xbf, 0xee, 0x28,
    0x4, 0x48, 0xe, 0x80, 0x1c, 0x20, 0x1d, 0xc0,
    0x15, 0xb0, 0x7, 0xe1, 0xc3, 0x0, 0xd3, 0x8c,
    0x40, 0x1, 0x49, 0xe3, 0x0, 0x0,

    /* U+010C "Č" */
    0x0, 0xe6, 0xff, 0x94, 0x0, 0x3d, 0xfe, 0xb0,
    0xf, 0xf3, 0x38, 0x2, 0x8c, 0x34, 0x40, 0xa8,
    0x3, 0xfe, 0x85, 0x0, 0x6d, 0x18, 0xf, 0x88,
    0x7, 0xff, 0x2, 0x8c, 0x5, 0x40, 0x1a, 0x40,
    0x1f, 0xfc, 0x2d, 0x20, 0xa, 0xcc, 0x3, 0xff,
    0x86, 0x3b, 0xff, 0x20, 0x7, 0xff, 0xbd, 0xab,
    0x7f, 0xed, 0x94, 0x0, 0xff, 0x9b, 0xe5, 0x48,
    0x2, 0x26, 0xbd, 0x30, 0xf, 0xd7, 0x20, 0x1f,
    0xe2, 0xc6, 0x0, 0xf5, 0xa0, 0x7, 0x84, 0x3,
    0xd2, 0xc0, 0x19, 0x90, 0x3, 0x3e, 0xff, 0x7e,
    0x28, 0x6, 0x92, 0x0, 0xa0, 0x2, 0x1d, 0x82,
    0x0, 0x8e, 0xa4, 0x3, 0x40, 0x1, 0x44, 0x2,
    0xa2, 0x0, 0xf9, 0x98, 0x1, 0x28, 0x3, 0xc0,
    0x23, 0x40, 0xf, 0xe8, 0x37, 0xcf, 0x0, 0x20,
    0x5, 0x60, 0x1f, 0xe1, 0xc8, 0x30, 0x8, 0x40,
    0x23, 0x0, 0xff, 0xe2, 0x8, 0x6, 0x70, 0xf,
    0xfe, 0xd0, 0x80, 0x67, 0x0, 0xff, 0xe2, 0x88,
    0x4, 0x60, 0x1f, 0xfc, 0x54, 0x0, 0xac, 0x3,
    0xfc, 0x36, 0xe6, 0x1, 0x78, 0x4, 0x68, 0x1,
    0xfd, 0x9, 0x19, 0xc0, 0x5, 0x10, 0xa, 0x88,
    0x3, 0xe5, 0x60, 0x9, 0x0, 0x28, 0x0, 0x87,
    0x5c, 0x80, 0x23, 0x9a, 0x0, 0xd0, 0x1, 0x32,
    0x0, 0x68, 0xdf, 0xef, 0xc6, 0x0, 0xd2, 0x40,
    0x1a, 0xd0, 0x3, 0xc2, 0x1, 0xe9, 0x60, 0xf,
    0x5c, 0x0, 0x7f, 0x8b, 0x18, 0x3, 0xf3, 0xfc,
    0xa9, 0x0, 0x44, 0xd7, 0xa6, 0x1, 0x80,

    /* U+010D "č" */
    0x0, 0x24, 0x44, 0x20, 0x12, 0xc4, 0x1c, 0x3,
    0x2a, 0x9d, 0xda, 0x0, 0x5a, 0x77, 0x8, 0x6,
    0x1f, 0x10, 0x3a, 0x3a, 0x0, 0x3b, 0x0, 0x71,
    0x68, 0x1, 0x70, 0x0, 0xb0, 0x1, 0xf1, 0xd8,
    0x6, 0x3a, 0x0, 0xfe, 0x4a, 0x77, 0x46, 0x80,
    0x7f, 0xcb, 0x10, 0x71, 0x0, 0xff, 0xe6, 0x94,
    0xef, 0xfb, 0xad, 0x80, 0x3e, 0x8d, 0x62, 0x0,
    0xa, 0x4f, 0x18, 0x6, 0xa7, 0x0, 0xfc, 0x38,
    0x60, 0x6, 0x50, 0xe, 0x10, 0xe, 0xe0, 0x4,
    0x0, 0x43, 0x7f, 0xda, 0x60, 0x11, 0x2a, 0x84,
    0x2, 0xd4, 0x0, 0x16, 0x8, 0x1, 0x7, 0x0,
    0x23, 0x30, 0x7, 0x56, 0x7d, 0xa1, 0x0, 0x4a,
    0x1, 0xe4, 0x30, 0x9, 0xc0, 0x21, 0x0, 0xff,
    0x9c, 0x2, 0x10, 0xf, 0xf8, 0x80, 0x24, 0x0,
    0xf0, 0x80, 0x6c, 0x0, 0x89, 0x0, 0x3b, 0xfd,
    0xb2, 0x6a, 0x20, 0x15, 0x20, 0x0, 0x68, 0x40,
    0x99, 0xc2, 0x40, 0x21, 0xbf, 0xee, 0x28, 0x4,
    0x48, 0xe, 0x80, 0x1c, 0x20, 0x1d, 0xc0, 0x15,
    0xb0, 0x7, 0xe1, 0xc3, 0x0, 0xd3, 0x8c, 0x40,
    0x1, 0x49, 0xe3, 0x0, 0x0,

    /* U+010E "Ď" */
    0x2, 0x88, 0x8c, 0x2, 0x38, 0x88, 0x80, 0x38,
    0x88, 0xee, 0xd2, 0x2, 0xc7, 0x70, 0x90, 0x7,
    0xa8, 0xc0, 0x7c, 0x7c, 0x0, 0x92, 0x1, 0xfb,
    0x48, 0xb, 0x88, 0xa, 0x80, 0x3f, 0x87, 0xc4,
    0x2, 0x1c, 0x10, 0xf, 0xf1, 0x6b, 0xbd, 0xa2,
    0x1, 0xff, 0xc0, 0x38, 0x88, 0xc0, 0x3f, 0xf9,
    0xdd, 0xff, 0xfb, 0xb1, 0xc4, 0x3, 0xff, 0x84,
    0x27, 0x1d, 0x0, 0x1f, 0xfc, 0x57, 0xa0, 0xf,
    0xc2, 0x30, 0x7, 0x96, 0x0, 0x3d, 0x9d, 0xd7,
    0xf4, 0x80, 0x67, 0x30, 0xf, 0xf0, 0xb6, 0x0,
    0x68, 0x0, 0xff, 0xe0, 0x1b, 0x80, 0x48, 0x20,
    0x1f, 0xfc, 0x9, 0x0, 0xc8, 0x1, 0xff, 0xc0,
    0x13, 0x0, 0xb0, 0x3, 0xff, 0x82, 0xc0, 0x11,
    0x0, 0x7f, 0xf0, 0x48, 0x2, 0x70, 0xf, 0xfe,
    0x99, 0x0, 0x4e, 0x1, 0xff, 0xc1, 0x60, 0x8,
    0x80, 0x3f, 0xf8, 0x2, 0x60, 0x16, 0x0, 0x7f,
    0xf0, 0x24, 0x3, 0x20, 0x7, 0xfc, 0x6e, 0x1,
    0x20, 0x80, 0x7f, 0xb, 0x60, 0x6, 0x80, 0xe,
    0xce, 0xee, 0x90, 0xc, 0xe6, 0x1, 0xe1, 0x1c,
    0x1, 0xcb, 0x0, 0x1f, 0xfc, 0x37, 0xa0, 0xf,
    0xfe, 0x0, 0x9c, 0x74, 0x0, 0x60,

    /* U+010F "ď" */
    0x0, 0xff, 0x9f, 0xfe, 0xa0, 0x1f, 0xfc, 0x1,
    0xff, 0xff, 0x0, 0xfc, 0x3b, 0xa0, 0xf, 0x25,
    0x77, 0xfb, 0x63, 0xc0, 0x3c, 0x46, 0x4, 0x1,
    0x55, 0xa8, 0x80, 0x9, 0xdc, 0x1, 0xe7, 0xc0,
    0x50, 0x5, 0xa8, 0x7, 0xff, 0xa, 0x8, 0x92,
    0xe, 0x80, 0x18, 0x90, 0x80, 0x3f, 0x55, 0xe8,
    0x84, 0x0, 0x43, 0x9b, 0x7b, 0x40, 0x1f, 0x2a,
    0x0, 0x14, 0x3, 0x51, 0x80, 0x4a, 0xe0, 0x1f,
    0xec, 0x0, 0x89, 0x0, 0x3a, 0x80, 0x3f, 0xc4,
    0x1, 0x20, 0x7, 0x88, 0x3, 0xfc, 0xe0, 0x10,
    0x80, 0x7f, 0xf1, 0x5c, 0x2, 0x10, 0xf, 0xfe,
    0x29, 0x0, 0x4a, 0x1, 0xe2, 0x0, 0xff, 0x60,
    0x4, 0x66, 0x0, 0xea, 0x0, 0xff, 0x28, 0x6,
    0xe2, 0x0, 0x95, 0xc0, 0x3f, 0xe8, 0x0, 0x8b,
    0x72, 0xf6, 0x80, 0x3f, 0xf8, 0xe, 0x80, 0x18,
    0xd0, 0x80, 0x3f, 0xf8, 0x56, 0xa0, 0x1f, 0x8,
    0x7, 0xff, 0x6, 0xad, 0x4, 0x0, 0x6f, 0xe0,
    0x1f, 0xe0,

    /* U+0110 "Đ" */
    0x0, 0x67, 0xff, 0xee, 0xc8, 0x20, 0xf, 0xfe,
    0x20, 0x9b, 0xec, 0x80, 0x7f, 0xf1, 0xdb, 0x0,
    0x3f, 0xc2, 0x38, 0x3, 0x8e, 0x80, 0x3f, 0x57,
    0x76, 0xf9, 0x10, 0x9, 0x54, 0x1, 0xff, 0xc1,
    0x6c, 0x10, 0xa, 0x0, 0x3f, 0xf8, 0x45, 0x0,
    0x11, 0x18, 0x7, 0xff, 0x9, 0x80, 0x32, 0x0,
    0x7f, 0xf0, 0xd0, 0x2, 0xcb, 0xf3, 0x0, 0xab,
    0xfe, 0xa0, 0xc, 0x60, 0x13, 0x0, 0x7f, 0xf0,
    0xf8, 0x2, 0x30, 0xf, 0xfe, 0x44, 0xe1, 0x0,
    0x51, 0x99, 0x40, 0x6, 0xe0, 0x8, 0xc8, 0xc4,
    0x2, 0x23, 0x38, 0x80, 0x31, 0x80, 0x4c, 0x1,
    0xff, 0xc3, 0x40, 0xb, 0x0, 0x3f, 0xf8, 0x4c,
    0x1, 0x90, 0x3, 0xff, 0x82, 0x50, 0x1, 0x11,
    0x80, 0x7f, 0xf0, 0x17, 0x4, 0x2, 0x80, 0xf,
    0xab, 0xbb, 0x7d, 0x8, 0x4, 0xaa, 0x0, 0xfc,
    0x23, 0x80, 0x38, 0xe8, 0x3, 0xff, 0x8a, 0xd8,
    0x1, 0xff, 0xc2, 0x13, 0x7d, 0x90, 0xc,

    /* U+0111 "đ" */
    0x0, 0xfe, 0x12, 0x8f, 0xfa, 0xc8, 0x40, 0x3f,
    0xaf, 0x5c, 0x2, 0x4d, 0x90, 0xf, 0xff, 0xd,
    0x7c, 0x0, 0x4b, 0xf0, 0x1, 0x92, 0xbb, 0xfd,
    0xb1, 0xe0, 0x1f, 0xd5, 0x6a, 0x20, 0x2, 0x77,
    0x0, 0x7e, 0xb5, 0x0, 0xff, 0xe1, 0xba, 0x0,
    0x62, 0x42, 0x0, 0xfe, 0x80, 0x8, 0x73, 0x6f,
    0x68, 0x3, 0xe5, 0x0, 0xd4, 0x60, 0x12, 0xb8,
    0x7, 0xb0, 0x2, 0x24, 0x0, 0xea, 0x0, 0xf1,
    0x0, 0x48, 0x1, 0xe2, 0x0, 0xf3, 0x80, 0x42,
    0x1, 0xff, 0xc1, 0x70, 0x8, 0x40, 0x3f, 0xf8,
    0x24, 0x1, 0x28, 0x7, 0x88, 0x3, 0xd8, 0x1,
    0x19, 0x80, 0x3a, 0x80, 0x3c, 0xa0, 0x1b, 0x88,
    0x2, 0x57, 0x0, 0xfa, 0x0, 0x22, 0xdc, 0xbd,
    0xa0, 0xf, 0xce, 0x80, 0x18, 0xd0, 0x80, 0x3f,
    0xd6, 0xa0, 0x1f, 0x8, 0x7, 0xf5, 0x5a, 0x8,
    0x0, 0xdf, 0xc0, 0x3c,

    /* U+0112 "Ē" */
    0x0, 0xb3, 0xff, 0xe6, 0x0, 0xff, 0xec, 0x76,
    0x67, 0xce, 0x1, 0xe2, 0x33, 0xf8, 0x40, 0x3f,
    0xfa, 0xbd, 0xff, 0xff, 0xc1, 0x30, 0xf, 0xfe,
    0xb0, 0x8f, 0xfc, 0x1, 0xb7, 0xbb, 0xf8, 0x80,
    0x3f, 0xfe, 0x99, 0xff, 0xf3, 0x0, 0x7f, 0xf6,
    0x4, 0x7f, 0x18, 0x7, 0xb7, 0xbb, 0xe5, 0x0,
    0xff, 0xfb, 0x6f, 0x77, 0xf1, 0x0, 0x61, 0x1f,
    0xf8, 0x3, 0xff, 0xa4,

    /* U+0113 "ē" */
    0x0, 0xcd, 0xff, 0xf6, 0x0, 0x7f, 0xf7, 0x9f,
    0x33, 0xee, 0x0, 0xfc, 0x26, 0x7f, 0x10, 0x7,
    0xff, 0x78, 0xa3, 0x3f, 0xdd, 0x8e, 0x20, 0x1f,
    0x3e, 0xb9, 0x80, 0x4, 0xe3, 0xd0, 0x3, 0xa6,
    0x0, 0x3f, 0xd, 0xa0, 0x4, 0xac, 0x1, 0x91,
    0x50, 0x3, 0x50, 0x5, 0x60, 0x11, 0xf5, 0xd5,
    0xe8, 0x80, 0x5, 0xc1, 0x44, 0x2, 0xe1, 0x0,
    0x8a, 0x0, 0x2b, 0xc, 0x0, 0xdb, 0xff, 0xd2,
    0x1, 0x10, 0x10, 0x7, 0xff, 0x8, 0x41, 0xc0,
    0x3f, 0xf9, 0xb, 0xdd, 0xf6, 0x63, 0xb8, 0xc,
    0x1, 0x30, 0x8f, 0xc6, 0x61, 0x10, 0x60, 0x4,
    0x66, 0x0, 0xe9, 0xe9, 0x40, 0x3, 0x8, 0x5,
    0xa8, 0x1, 0x43, 0xb, 0x5d, 0x0, 0x20, 0x2,
    0x1b, 0xfe, 0xf7, 0x0, 0xd0, 0x0, 0x66, 0x0,
    0x70, 0x80, 0x74, 0x90, 0x5, 0x30, 0x1, 0xf8,
    0x69, 0x80, 0x39, 0xfa, 0xc, 0x40, 0x7, 0x1e,
    0xa0, 0x10,

    /* U+0116 "Ė" */
    0x0, 0xe2, 0x2c, 0x1, 0xff, 0x66, 0xec, 0x40,
    0x1f, 0xfe, 0xbe, 0xff, 0x88, 0x3, 0xff, 0xaf,
    0xdf, 0xff, 0xfc, 0x13, 0x0, 0xff, 0xeb, 0x8,
    0xff, 0xc0, 0x1b, 0x7b, 0xbf, 0x88, 0x3, 0xff,
    0xe9, 0x9f, 0xff, 0x30, 0x7, 0xff, 0x60, 0x47,
    0xf1, 0x80, 0x7b, 0x7b, 0xbe, 0x50, 0xf, 0xff,
    0xb6, 0xf7, 0x7f, 0x10, 0x6, 0x11, 0xff, 0x80,
    0x3f, 0xfa, 0x40,

    /* U+0117 "ė" */
    0x0, 0xf0, 0x91, 0x42, 0x1, 0xff, 0xc0, 0xbd,
    0xd9, 0x80, 0x3f, 0xfe, 0x75, 0xff, 0x38, 0x7,
    0xff, 0x80, 0xa3, 0x3f, 0xdd, 0x8e, 0x20, 0x1f,
    0x3e, 0xb9, 0x80, 0x4, 0xe3, 0xd0, 0x3, 0xa6,
    0x0, 0x3f, 0xd, 0xa0, 0x4, 0xac, 0x1, 0x91,
    0x50, 0x3, 0x50, 0x5, 0x60, 0x11, 0xf5, 0xd5,
    0xe8, 0x80, 0x5, 0xc1, 0x44, 0x2, 0xe1, 0x0,
    0x8a, 0x0, 0x2b, 0xc, 0x0, 0xdb, 0xff, 0xd2,
    0x1, 0x10, 0x10, 0x7, 0xff, 0x8, 0x41, 0xc0,
    0x3f, 0xf9, 0xb, 0xdd, 0xf6, 0x63, 0xb8, 0xc,
    0x1, 0x30, 0x8f, 0xc6, 0x61, 0x10, 0x60, 0x4,
    0x66, 0x0, 0xe9, 0xe9, 0x40, 0x3, 0x8, 0x5,
    0xa8, 0x1, 0x43, 0xb, 0x5d, 0x0, 0x20, 0x2,
    0x1b, 0xfe, 0xf7, 0x0, 0xd0, 0x0, 0x66, 0x0,
    0x70, 0x80, 0x74, 0x90, 0x5, 0x30, 0x1, 0xf8,
    0x69, 0x80, 0x39, 0xfa, 0xc, 0x40, 0x7, 0x1e,
    0xa0, 0x10,

    /* U+0118 "Ę" */
    0xef, 0xff, 0xfe, 0x9, 0x80, 0x7f, 0xf5, 0x84,
    0x7f, 0xe0, 0xd, 0xbd, 0xdf, 0xc4, 0x1, 0xff,
    0xe5, 0xde, 0xef, 0x94, 0x3, 0xc2, 0x3f, 0x8c,
    0x3, 0xff, 0xb1, 0x9f, 0xff, 0x30, 0x7, 0xff,
    0xfc, 0x3, 0xdb, 0xdd, 0xfc, 0x40, 0x18, 0x47,
    0xfe, 0x0, 0xff, 0xe9, 0x77, 0xff, 0xe2, 0x0,
    0xa4, 0xc0, 0x3f, 0x49, 0x0, 0xeb, 0x0, 0x7f,
    0x30, 0x3, 0x48, 0x3, 0xf8, 0xc0, 0x22, 0x30,
    0xf, 0xe2, 0x0, 0xbb, 0x18, 0x3, 0xf0, 0xa8,
    0x6, 0x80, 0xf, 0xea, 0x61, 0x4, 0xc0,

    /* U+0119 "ę" */
    0x0, 0xc5, 0x19, 0xfe, 0xec, 0x71, 0x0, 0xf9,
    0xf5, 0xcc, 0x0, 0x27, 0x1e, 0x80, 0x1d, 0x30,
    0x1, 0xf8, 0x6d, 0x0, 0x25, 0x60, 0xc, 0x8a,
    0x80, 0x1a, 0x80, 0x2b, 0x0, 0x8f, 0xae, 0xaf,
    0x44, 0x0, 0x2e, 0xa, 0x20, 0x17, 0x8, 0x4,
    0x50, 0x1, 0x58, 0x60, 0x6, 0xdf, 0xfe, 0x90,
    0x8, 0x80, 0x80, 0x3f, 0xf8, 0x42, 0xe, 0x1,
    0xff, 0xc8, 0x5e, 0xef, 0xb3, 0x1d, 0xc0, 0x60,
    0x9, 0x84, 0x7e, 0x33, 0x8, 0x83, 0x0, 0x23,
    0x30, 0x7, 0x4f, 0x4a, 0x0, 0x18, 0x40, 0x2d,
    0x40, 0xa, 0x18, 0x5a, 0xe8, 0x1, 0x0, 0x10,
    0xdf, 0xf7, 0xb8, 0x6, 0x90, 0x3, 0x30, 0x3,
    0x84, 0x3, 0x98, 0xc0, 0x29, 0x80, 0xf, 0xe1,
    0x90, 0xe, 0x7e, 0x83, 0x10, 0xe, 0x80, 0xf,
    0x85, 0xf3, 0xbe, 0x40, 0x4, 0xc0, 0x1f, 0xfc,
    0xb, 0x0, 0x40, 0x7, 0xff, 0x0, 0x88, 0x0,
    0x50, 0xf, 0xfe, 0x22, 0x30, 0x7, 0xfc, 0x42,
    0x0, 0xb9, 0x80, 0xf, 0xfa, 0x0, 0x33, 0x0,
    0x7f, 0xcd, 0x48, 0x4b, 0xe0, 0x1f, 0xfc, 0x5,
    0xbd, 0xa1, 0x0, 0x0,

    /* U+011A "Ě" */
    0x4, 0x88, 0x84, 0x2, 0x58, 0x83, 0x80, 0x4a,
    0xa7, 0x76, 0x80, 0x16, 0x9d, 0xc2, 0x1, 0xf,
    0x88, 0x1d, 0x1d, 0x0, 0x1d, 0x80, 0x31, 0x68,
    0x1, 0x70, 0x0, 0xb0, 0x1, 0xe3, 0xb0, 0xc,
    0x74, 0x1, 0xf9, 0x29, 0xdd, 0x1a, 0x1, 0xfe,
    0x58, 0x83, 0x88, 0x7, 0xff, 0x23, 0xbf, 0xff,
    0xf8, 0x26, 0x1, 0xff, 0xd6, 0x11, 0xff, 0x80,
    0x36, 0xf7, 0x7f, 0x10, 0x7, 0xff, 0xd3, 0x3f,
    0xfe, 0x60, 0xf, 0xfe, 0xc0, 0x8f, 0xe3, 0x0,
    0xf6, 0xf7, 0x7c, 0xa0, 0x1f, 0xff, 0x6d, 0xee,
    0xfe, 0x20, 0xc, 0x23, 0xff, 0x0, 0x7f, 0xf4,
    0x80,

    /* U+011B "ě" */
    0x0, 0x1c, 0x44, 0x40, 0x12, 0xc4, 0x1c, 0x40,
    0x31, 0xa3, 0xbb, 0xc4, 0x12, 0x9d, 0xc0, 0x20,
    0x1d, 0xa4, 0x5, 0x45, 0x40, 0x6, 0x70, 0xf,
    0xf, 0x88, 0x26, 0x88, 0x24, 0x80, 0x7e, 0x2d,
    0x0, 0xc5, 0x60, 0x1f, 0xe3, 0xb7, 0x7b, 0x0,
    0x3f, 0xf8, 0x9, 0x11, 0x8, 0x7, 0xff, 0x3c,
    0xa3, 0x3f, 0xdd, 0x8e, 0x20, 0x1f, 0x3e, 0xb9,
    0x80, 0x4, 0xe3, 0xd0, 0x3, 0xa6, 0x0, 0x3f,
    0xd, 0xa0, 0x4, 0xac, 0x1, 0x91, 0x50, 0x3,
    0x50, 0x5, 0x60, 0x11, 0xf5, 0xd5, 0xe8, 0x80,
    0x5, 0xc1, 0x44, 0x2, 0xe1, 0x0, 0x8a, 0x0,
    0x2b, 0xc, 0x0, 0xdb, 0xff, 0xd2, 0x1, 0x10,
    0x10, 0x7, 0xff, 0x8, 0x41, 0xc0, 0x3f, 0xf9,
    0xb, 0xdd, 0xf6, 0x63, 0xb8, 0xc, 0x1, 0x30,
    0x8f, 0xc6, 0x61, 0x10, 0x60, 0x4, 0x66, 0x0,
    0xe9, 0xe9, 0x40, 0x3, 0x8, 0x5, 0xa8, 0x1,
    0x43, 0xb, 0x5d, 0x0, 0x20, 0x2, 0x1b, 0xfe,
    0xf7, 0x0, 0xd0, 0x0, 0x66, 0x0, 0x70, 0x80,
    0x74, 0x90, 0x5, 0x30, 0x1, 0xf8, 0x69, 0x80,
    0x39, 0xfa, 0xc, 0x40, 0x7, 0x1e, 0xa0, 0x10,

    /* U+011C "Ĝ" */
    0x0, 0xfc, 0x7f, 0xf7, 0x10, 0x7, 0xff, 0xc,
    0x74, 0x2, 0x1f, 0x10, 0xf, 0xfe, 0x16, 0x88,
    0x19, 0x80, 0xb4, 0x3, 0xff, 0x83, 0x66, 0x3,
    0xba, 0x10, 0x3a, 0x0, 0xff, 0xa5, 0x0, 0x1a,
    0x22, 0xd0, 0x2, 0xc0, 0x7, 0xfa, 0x7f, 0xe3,
    0x0, 0x1f, 0xfd, 0x0, 0x1f, 0xfe, 0xc6, 0xbe,
    0xff, 0xb6, 0x54, 0x3, 0xfe, 0x6e, 0x94, 0x10,
    0x8, 0x9a, 0xb5, 0x0, 0x3f, 0x5c, 0x88, 0x7,
    0xf1, 0x5b, 0x0, 0x7a, 0x90, 0x3, 0xff, 0x83,
    0x28, 0x1, 0x99, 0x40, 0x33, 0xef, 0xfd, 0x68,
    0x1, 0xa8, 0x3, 0x40, 0x4, 0x39, 0x4, 0x1,
    0x25, 0xb0, 0x4, 0x2a, 0x0, 0x61, 0x0, 0xac,
    0xc0, 0x3e, 0x93, 0x0, 0xb8, 0x1, 0xa0, 0x11,
    0x28, 0x7, 0xf7, 0xcd, 0xed, 0x80, 0x14, 0x2,
    0x50, 0xf, 0xf1, 0xb2, 0x10, 0x4, 0x20, 0x16,
    0x80, 0x7c, 0x26, 0x7f, 0x8, 0x80, 0x33, 0x0,
    0x7d, 0x39, 0x9f, 0x20, 0x7, 0xff, 0x28, 0x40,
    0x33, 0x0, 0x7f, 0xf0, 0xc4, 0x4, 0x2, 0x20,
    0xf, 0xa3, 0xfd, 0x80, 0x19, 0x81, 0x0, 0x2b,
    0x0, 0xff, 0x20, 0x4, 0x24, 0x1e, 0x1, 0x1a,
    0x0, 0x7f, 0x48, 0x4, 0xe0, 0x5, 0x10, 0xa,
    0x88, 0x3, 0xea, 0x10, 0xa, 0x80, 0x28, 0x0,
    0x87, 0x60, 0x80, 0x24, 0xc5, 0x0, 0x94, 0xc0,
    0x26, 0x50, 0xc, 0xfb, 0xfd, 0xf6, 0x60, 0x11,
    0x58, 0x7, 0x52, 0x80, 0x78, 0x40, 0x38, 0xbc,
    0x40, 0x3d, 0x52, 0x20, 0x1f, 0xcd, 0xa4, 0x1,
    0xf9, 0xba, 0x54, 0x40, 0x2, 0x6f, 0xb2, 0x1,
    0xc0,

    /* U+011D "ĝ" */
    0x0, 0xf1, 0xc4, 0x46, 0x1, 0xfe, 0x1d, 0x77,
    0xb4, 0x80, 0x3f, 0xb0, 0x40, 0x21, 0xf1, 0x0,
    0xfa, 0xc8, 0xb, 0x88, 0xb, 0x40, 0x3d, 0x28,
    0x0, 0xf1, 0xc1, 0x3, 0xa0, 0xc, 0x42, 0xee,
    0xc2, 0x1, 0xd7, 0x71, 0x10, 0x2, 0x28, 0x88,
    0xc0, 0x23, 0x88, 0x88, 0x3, 0xff, 0x92, 0x95,
    0xdf, 0xed, 0x81, 0xff, 0xa8, 0x2, 0xab, 0x51,
    0x0, 0x13, 0xf0, 0x7, 0xad, 0x40, 0x3f, 0xf8,
    0x2e, 0x80, 0x18, 0x90, 0x80, 0x3e, 0x80, 0x8,
    0x73, 0x6f, 0x68, 0x3, 0x94, 0x3, 0x51, 0x80,
    0x4a, 0xe0, 0x1b, 0x0, 0x22, 0x40, 0xe, 0xa0,
    0xc, 0x40, 0x12, 0x0, 0x78, 0x80, 0x33, 0x80,
    0x42, 0x1, 0xff, 0x38, 0x4, 0x20, 0x1f, 0xf1,
    0x0, 0x4a, 0x1, 0xe2, 0x0, 0xd8, 0x1, 0x19,
    0x80, 0x3a, 0x80, 0x32, 0x80, 0x6e, 0x20, 0x9,
    0x5c, 0x3, 0xa0, 0x2, 0x2d, 0xcb, 0xda, 0x0,
    0xf3, 0xa0, 0x6, 0x34, 0x20, 0xf, 0xd6, 0xa0,
    0x1f, 0xfc, 0x3a, 0xb4, 0x10, 0x1, 0xbb, 0x80,
    0x3f, 0x25, 0xf7, 0xfb, 0x23, 0xc0, 0x23, 0x0,
    0xe1, 0x0, 0xec, 0x0, 0xf9, 0xfb, 0xd0, 0x0,
    0x54, 0x80, 0x17, 0x81, 0x7c, 0x8, 0xaf, 0xfd,
    0xaa, 0x1, 0x9c, 0x9, 0x40, 0x3f, 0xe8, 0x10,
    0x5, 0x38, 0x7, 0xf4, 0xb8, 0x6, 0x8d, 0x62,
    0x0, 0xa, 0x47, 0x30, 0x0,

    /* U+011E "Ğ" */
    0x0, 0xf4, 0x7f, 0xa8, 0x0, 0x9f, 0xee, 0x0,
    0xff, 0xe0, 0x68, 0x1, 0x59, 0x24, 0x0, 0xa0,
    0x1f, 0xfc, 0x5, 0x10, 0x4, 0xd9, 0x0, 0x3c,
    0x3, 0xff, 0x83, 0xa0, 0x1e, 0x64, 0x0, 0xff,
    0xe0, 0x9e, 0xa8, 0x0, 0xea, 0x40, 0x3f, 0xf8,
    0x65, 0x5f, 0xec, 0x50, 0xf, 0xfe, 0xcb, 0x5f,
    0x7f, 0xdb, 0x2a, 0x1, 0xff, 0x37, 0x4a, 0x8,
    0x4, 0x4d, 0x5a, 0x80, 0x1f, 0xae, 0x44, 0x3,
    0xf8, 0xad, 0x80, 0x3d, 0x48, 0x1, 0xff, 0xc1,
    0x94, 0x0, 0xcc, 0xa0, 0x19, 0xf7, 0xfe, 0xb4,
    0x0, 0xd4, 0x1, 0xa0, 0x2, 0x1c, 0x82, 0x0,
    0x92, 0xd8, 0x2, 0x15, 0x0, 0x30, 0x80, 0x56,
    0x60, 0x1f, 0x49, 0x80, 0x5c, 0x0, 0xd0, 0x8,
    0x94, 0x3, 0xfb, 0xe6, 0xf6, 0xc0, 0xa, 0x1,
    0x28, 0x7, 0xf8, 0xd9, 0x8, 0x2, 0x10, 0xb,
    0x40, 0x3e, 0x13, 0x3f, 0x84, 0x40, 0x19, 0x80,
    0x3e, 0x9c, 0xcf, 0x90, 0x3, 0xff, 0x94, 0x20,
    0x19, 0x80, 0x3f, 0xf8, 0x62, 0x2, 0x1, 0x10,
    0x7, 0xd1, 0xfe, 0xc0, 0xc, 0xc0, 0x80, 0x15,
    0x80, 0x7f, 0x90, 0x2, 0x12, 0xf, 0x0, 0x8d,
    0x0, 0x3f, 0xa4, 0x2, 0x70, 0x2, 0x88, 0x5,
    0x44, 0x1, 0xf5, 0x8, 0x5, 0x40, 0x14, 0x0,
    0x43, 0xb0, 0x40, 0x12, 0x62, 0x80, 0x4a, 0x60,
    0x13, 0x28, 0x6, 0x7d, 0xfe, 0xfb, 0x30, 0x8,
    0xac, 0x3, 0xa9, 0x40, 0x3c, 0x20, 0x1c, 0x5e,
    0x20, 0x1e, 0xa9, 0x10, 0xf, 0xe6, 0xd2, 0x0,
    0xfc, 0xdd, 0x2a, 0x20, 0x1, 0x37, 0xd9, 0x0,
    0xe0,

    /* U+011F "ğ" */
    0x0, 0xcd, 0xfe, 0xc0, 0x0, 0xff, 0xc2, 0x1,
    0xca, 0x0, 0x35, 0x8, 0x0, 0x8, 0x80, 0x38,
    0xc8, 0x1, 0x5e, 0xc0, 0x6, 0x0, 0xfb, 0x80,
    0x3c, 0x50, 0x1, 0xf1, 0xe1, 0x80, 0x4b, 0x80,
    0x1f, 0xc7, 0x9b, 0x9d, 0x42, 0x1, 0xff, 0x11,
    0x88, 0x7, 0xf2, 0x57, 0x7f, 0xb6, 0x7, 0xfe,
    0xa0, 0xa, 0xad, 0x44, 0x0, 0x4f, 0xc0, 0x1e,
    0xb5, 0x0, 0xff, 0xe0, 0xba, 0x0, 0x62, 0x42,
    0x0, 0xfa, 0x0, 0x21, 0xcd, 0xbd, 0xa0, 0xe,
    0x50, 0xd, 0x46, 0x1, 0x2b, 0x80, 0x6c, 0x0,
    0x89, 0x0, 0x3a, 0x80, 0x31, 0x0, 0x48, 0x1,
    0xe2, 0x0, 0xce, 0x1, 0x8, 0x7, 0xfc, 0xe0,
    0x10, 0x80, 0x7f, 0xc4, 0x1, 0x28, 0x7, 0x88,
    0x3, 0x60, 0x4, 0x66, 0x0, 0xea, 0x0, 0xca,
    0x1, 0xb8, 0x80, 0x25, 0x70, 0xe, 0x80, 0x8,
    0xb7, 0x2f, 0x68, 0x3, 0xce, 0x80, 0x18, 0xd0,
    0x80, 0x3f, 0x5a, 0x80, 0x7f, 0xf0, 0xea, 0xd0,
    0x40, 0x6, 0xee, 0x0, 0xfc, 0x97, 0xdf, 0xec,
    0x8f, 0x0, 0x8c, 0x3, 0x84, 0x3, 0xb0, 0x3,
    0xe7, 0xef, 0x40, 0x1, 0x52, 0x0, 0x5e, 0x5,
    0xf0, 0x22, 0xbf, 0xf6, 0xa8, 0x6, 0x70, 0x25,
    0x0, 0xff, 0xa0, 0x40, 0x14, 0xe0, 0x1f, 0xd2,
    0xe0, 0x1a, 0x35, 0x88, 0x0, 0x29, 0x1c, 0xc0,
    0x0,

    /* U+0120 "Ġ" */
    0x0, 0xfe, 0x9f, 0xf9, 0xc0, 0x3f, 0xff, 0xe0,
    0x1f, 0xa3, 0x76, 0x60, 0xf, 0xfe, 0x28, 0x91,
    0x42, 0x1, 0xff, 0xef, 0x6b, 0xef, 0xfb, 0x65,
    0x40, 0x3f, 0xe6, 0xe9, 0x41, 0x0, 0x89, 0xab,
    0x50, 0x3, 0xf5, 0xc8, 0x80, 0x7f, 0x15, 0xb0,
    0x7, 0xa9, 0x0, 0x3f, 0xf8, 0x32, 0x80, 0x19,
    0x94, 0x3, 0x3e, 0xff, 0xd6, 0x80, 0x1a, 0x80,
    0x34, 0x0, 0x43, 0x90, 0x40, 0x12, 0x5b, 0x0,
    0x42, 0xa0, 0x6, 0x10, 0xa, 0xcc, 0x3, 0xe9,
    0x30, 0xb, 0x80, 0x1a, 0x1, 0x12, 0x80, 0x7f,
    0x7c, 0xde, 0xd8, 0x1, 0x40, 0x25, 0x0, 0xff,
    0x1b, 0x21, 0x0, 0x42, 0x1, 0x68, 0x7, 0xc2,
    0x67, 0xf0, 0x88, 0x3, 0x30, 0x7, 0xd3, 0x99,
    0xf2, 0x0, 0x7f, 0xf2, 0x84, 0x3, 0x30, 0x7,
    0xff, 0xc, 0x40, 0x40, 0x22, 0x0, 0xfa, 0x3f,
    0xd8, 0x1, 0x98, 0x10, 0x2, 0xb0, 0xf, 0xf2,
    0x0, 0x42, 0x41, 0xe0, 0x11, 0xa0, 0x7, 0xf4,
    0x80, 0x4e, 0x0, 0x51, 0x0, 0xa8, 0x80, 0x3e,
    0xa1, 0x0, 0xa8, 0x2, 0x80, 0x8, 0x76, 0x8,
    0x2, 0x4c, 0x50, 0x9, 0x4c, 0x2, 0x65, 0x0,
    0xcf, 0xbf, 0xdf, 0x66, 0x1, 0x15, 0x80, 0x75,
    0x28, 0x7, 0x84, 0x3, 0x8b, 0xc4, 0x3, 0xd5,
    0x22, 0x1, 0xfc, 0xda, 0x40, 0x1f, 0x9b, 0xa5,
    0x44, 0x0, 0x26, 0xfb, 0x20, 0x1c,

    /* U+0121 "ġ" */
    0x0, 0xfb, 0xff, 0x10, 0x7, 0xff, 0xbf, 0x77,
    0x10, 0x7, 0xfc, 0x45, 0x80, 0x3f, 0xfb, 0xa9,
    0x5d, 0xfe, 0xd8, 0x1f, 0xfa, 0x80, 0x2a, 0xb5,
    0x10, 0x1, 0x3f, 0x0, 0x7a, 0xd4, 0x3, 0xff,
    0x82, 0xe8, 0x1, 0x89, 0x8, 0x3, 0xe8, 0x0,
    0x87, 0x36, 0xf6, 0x80, 0x39, 0x40, 0x35, 0x18,
    0x4, 0xae, 0x1, 0xb0, 0x2, 0x24, 0x0, 0xea,
    0x0, 0xc4, 0x1, 0x20, 0x7, 0x88, 0x3, 0x38,
    0x4, 0x20, 0x1f, 0xf3, 0x80, 0x42, 0x1, 0xff,
    0x10, 0x4, 0xa0, 0x1e, 0x20, 0xd, 0x80, 0x11,
    0x98, 0x3, 0xa8, 0x3, 0x28, 0x6, 0xe2, 0x0,
    0x95, 0xc0, 0x3a, 0x0, 0x22, 0xdc, 0xbd, 0xa0,
    0xf, 0x3a, 0x0, 0x63, 0x42, 0x0, 0xfd, 0x6a,
    0x1, 0xff, 0xc3, 0xab, 0x41, 0x0, 0x1b, 0xb8,
    0x3, 0xf2, 0x5f, 0x7f, 0xb2, 0x3c, 0x2, 0x30,
    0xe, 0x10, 0xe, 0xc0, 0xf, 0x9f, 0xbd, 0x0,
    0x5, 0x48, 0x1, 0x78, 0x17, 0xc0, 0x8a, 0xff,
    0xda, 0xa0, 0x19, 0xc0, 0x94, 0x3, 0xfe, 0x81,
    0x0, 0x53, 0x80, 0x7f, 0x4b, 0x80, 0x68, 0xd6,
    0x20, 0x0, 0xa4, 0x73, 0x0, 0x0,

    /* U+0122 "Ģ" */
    0x0, 0xf9, 0xaf, 0xbf, 0xed, 0x95, 0x0, 0xff,
    0x9b, 0xa5, 0x4, 0x2, 0x26, 0xad, 0x40, 0xf,
    0xd7, 0x22, 0x1, 0xfc, 0x56, 0xc0, 0x1e, 0xa4,
    0x0, 0xff, 0xe0, 0xca, 0x0, 0x66, 0x50, 0xc,
    0xfb, 0xff, 0x5a, 0x0, 0x6a, 0x0, 0xd0, 0x1,
    0xe, 0x41, 0x0, 0x49, 0x6c, 0x1, 0xa, 0x80,
    0x18, 0x40, 0x2b, 0x30, 0xf, 0xa4, 0xc0, 0x2e,
    0x0, 0x68, 0x4, 0x4a, 0x1, 0xfd, 0xf3, 0x7b,
    0x60, 0x5, 0x0, 0x94, 0x3, 0xfc, 0x6c, 0x84,
    0x1, 0x8, 0x5, 0xa0, 0x1f, 0x9, 0x9f, 0xc2,
    0x20, 0xc, 0xc0, 0x1f, 0x4e, 0x67, 0xc8, 0x1,
    0xff, 0xca, 0x10, 0xc, 0xc0, 0x1f, 0xfc, 0x31,
    0x1, 0x0, 0x88, 0x3, 0xe8, 0xff, 0x60, 0x6,
    0x60, 0x40, 0xa, 0xc0, 0x3f, 0xc8, 0x1, 0x9,
    0x7, 0x80, 0x46, 0x80, 0x1f, 0xd2, 0x1, 0x38,
    0x1, 0x44, 0x2, 0xa2, 0x0, 0xfa, 0x84, 0x2,
    0xa0, 0xa, 0x0, 0x21, 0xd8, 0x20, 0x9, 0x31,
    0x40, 0x25, 0x30, 0x9, 0x94, 0x3, 0x3e, 0xff,
    0x7d, 0x98, 0x4, 0x56, 0x1, 0xd4, 0xa0, 0x1e,
    0x10, 0xe, 0x2f, 0x10, 0xf, 0x54, 0x88, 0x7,
    0xf3, 0x69, 0x0, 0x7e, 0x6e, 0x95, 0x10, 0x0,
    0x9b, 0xec, 0x80, 0x7f, 0xf0, 0x1a, 0xbb, 0xfd,
    0xd9, 0x4, 0x1, 0xff, 0xd9, 0x3f, 0xfa, 0x80,
    0x3f, 0xfe, 0x42, 0x20, 0xf, 0xfe, 0x39, 0xf5,
    0x1, 0x0, 0x7f, 0xf1, 0x4a, 0xac, 0x28, 0x3,
    0xff, 0x8a, 0x2a, 0x9a, 0x40, 0x1f, 0x80,

    /* U+0123 "ģ" */
    0x0, 0xfc, 0xfb, 0x20, 0x1f, 0xfc, 0x8, 0x81,
    0x0, 0x7f, 0xf0, 0x5, 0xc6, 0xe4, 0x3, 0xfe,
    0x20, 0x64, 0x0, 0xff, 0xe1, 0x3f, 0xc8, 0x7,
    0xff, 0x80, 0x46, 0x0, 0xff, 0xe0, 0x1f, 0x75,
    0x20, 0x1f, 0xfd, 0xd4, 0xae, 0xff, 0x6c, 0xf,
    0xfd, 0x40, 0x15, 0x5a, 0x88, 0x0, 0x9f, 0x80,
    0x3d, 0x6a, 0x1, 0xff, 0xc1, 0x74, 0x0, 0xc4,
    0x84, 0x1, 0xf4, 0x0, 0x43, 0x9b, 0x7b, 0x40,
    0x1c, 0xa0, 0x1a, 0x8c, 0x2, 0x57, 0x0, 0xd8,
    0x1, 0x12, 0x0, 0x75, 0x0, 0x62, 0x0, 0x90,
    0x3, 0xc4, 0x1, 0x9c, 0x2, 0x10, 0xf, 0xf9,
    0xc0, 0x21, 0x0, 0xff, 0x88, 0x2, 0x50, 0xf,
    0x10, 0x6, 0xc0, 0x8, 0xcc, 0x1, 0xd4, 0x1,
    0x94, 0x3, 0x71, 0x0, 0x4a, 0xe0, 0x1d, 0x0,
    0x11, 0x6e, 0x5e, 0xd0, 0x7, 0x9d, 0x0, 0x31,
    0xa1, 0x0, 0x7e, 0xb5, 0x0, 0xff, 0xe1, 0xd5,
    0xa0, 0x80, 0xd, 0xdc, 0x1, 0xf9, 0x2f, 0xbf,
    0xd9, 0x1e, 0x1, 0x18, 0x7, 0x8, 0x7, 0x60,
    0x7, 0xcf, 0xde, 0x80, 0x2, 0xa4, 0x0, 0xbc,
    0xb, 0xe0, 0x45, 0x7f, 0xed, 0x50, 0xc, 0xe0,
    0x4a, 0x1, 0xff, 0x40, 0x80, 0x29, 0xc0, 0x3f,
    0xa5, 0xc0, 0x34, 0x6b, 0x10, 0x0, 0x52, 0x39,
    0x80, 0x0,

    /* U+0124 "Ĥ" */
    0x0, 0xf9, 0xe2, 0xc, 0x1, 0xff, 0xc1, 0x98,
    0x77, 0x4b, 0x80, 0x7f, 0xce, 0xc0, 0x1a, 0x14,
    0x3, 0xf9, 0x60, 0x1, 0x50, 0x0, 0xa3, 0x0,
    0xf8, 0xe8, 0x0, 0xea, 0xec, 0x0, 0xd2, 0x0,
    0xf2, 0xbb, 0xa2, 0x0, 0x9, 0x87, 0x67, 0x0,
    0xf3, 0x44, 0x1c, 0x3, 0x3c, 0x41, 0x40, 0x3f,
    0xf9, 0x3d, 0xff, 0x18, 0x7, 0xe2, 0xff, 0xb8,
    0x3, 0xff, 0xfe, 0x1, 0xff, 0xfd, 0xcf, 0xff,
    0xda, 0x1, 0xff, 0xe0, 0x11, 0xff, 0x0, 0x7e,
    0xde, 0xef, 0xd8, 0x1, 0xff, 0xff, 0x0, 0xff,
    0xfe, 0x80,

    /* U+0125 "ĥ" */
    0x0, 0xe7, 0x88, 0x28, 0x7, 0xff, 0x12, 0xe1,
    0xdd, 0x4a, 0x1, 0xff, 0xc2, 0x94, 0x0, 0xd4,
    0x80, 0x1f, 0xfc, 0x7, 0x60, 0x6, 0x30, 0x2,
    0xc8, 0x3, 0xfc, 0xb0, 0x0, 0x93, 0x94, 0x0,
    0x60, 0x80, 0x7f, 0x13, 0xba, 0x58, 0x1, 0x50,
    0xec, 0xa0, 0x1f, 0xcf, 0x10, 0x60, 0x8, 0x5e,
    0x20, 0x80, 0x1f, 0xfd, 0x6f, 0xfa, 0xc0, 0x3f,
    0xff, 0xe0, 0x1f, 0xfd, 0x33, 0xae, 0xff, 0x6c,
    0x88, 0x7, 0xff, 0x2, 0x31, 0x44, 0x0, 0x4d,
    0xc6, 0x1, 0xfe, 0x47, 0x0, 0xfd, 0xa2, 0x1,
    0xff, 0xc7, 0x19, 0x0, 0xff, 0x97, 0x7f, 0xd2,
    0x1, 0x98, 0x3, 0xfc, 0x54, 0x40, 0x6, 0x70,
    0x8, 0x44, 0x1, 0xfd, 0x40, 0x1d, 0x40, 0x18,
    0x80, 0x3f, 0x8c, 0x3, 0x88, 0x3, 0x38, 0x7,
    0xf3, 0x80, 0x78, 0x40, 0x3f, 0xf9, 0x6, 0x1,
    0xff, 0xff, 0x0, 0xff, 0xff, 0x80,

    /* U+0126 "Ħ" */
    0x0, 0x4f, 0xfc, 0xe0, 0x1f, 0xdb, 0xff, 0x18,
    0x7, 0xff, 0x92, 0xfd, 0x80, 0x28, 0xff, 0xfe,
    0x20, 0xb, 0x3d, 0x40, 0x3f, 0xfc, 0x42, 0x20,
    0xe, 0x11, 0xfe, 0x0, 0xc2, 0x35, 0x73, 0x0,
    0x51, 0xdd, 0xfc, 0x40, 0x16, 0xf2, 0x0, 0x7f,
    0xf4, 0x63, 0xff, 0xf8, 0x80, 0x3f, 0xfd, 0xe2,
    0x3f, 0xc0, 0x1f, 0xfc, 0x18, 0xee, 0xfe, 0x20,
    0xf, 0xff, 0xf8, 0x7, 0xff, 0xfc, 0x3, 0xff,
    0xb8,

    /* U+0127 "ħ" */
    0x0, 0x7f, 0xd6, 0x1, 0xff, 0xc0, 0x7f, 0x0,
    0x93, 0xfd, 0x60, 0x1f, 0xfe, 0x16, 0xd0, 0x8,
    0xf7, 0x54, 0x1, 0xfc, 0x24, 0x1, 0x39, 0xd,
    0xf7, 0xfb, 0x64, 0x40, 0x3f, 0xa3, 0x14, 0x40,
    0x4, 0xdc, 0x60, 0x1f, 0x23, 0x80, 0x7e, 0xd1,
    0x0, 0xff, 0xe2, 0xc, 0x80, 0x7e, 0x5d, 0xff,
    0x48, 0x6, 0x60, 0xf, 0x8a, 0x88, 0x0, 0xce,
    0x1, 0x8, 0x80, 0x3d, 0x40, 0x1d, 0x40, 0x18,
    0x80, 0x3c, 0x60, 0x1c, 0x40, 0x19, 0xc0, 0x3c,
    0xe0, 0x1e, 0x10, 0xf, 0xfe, 0x29, 0x80, 0x7f,
    0xff, 0xc0, 0x3f, 0xfd, 0x60,

    /* U+0128 "Ĩ" */
    0x0, 0x46, 0x5a, 0x0, 0x7e, 0x97, 0x34, 0xb9,
    0x0, 0x5f, 0xe8, 0x1, 0x80, 0x33, 0x63, 0x28,
    0x10, 0x6, 0x29, 0x20, 0x39, 0x10, 0x20, 0xc,
    0x8d, 0xaa, 0x1, 0xa8, 0x1, 0xfe, 0x90, 0x5,
    0x5a, 0x22, 0x1c, 0x3, 0xf2, 0x5d, 0x9c, 0x3,
    0xff, 0x8f, 0x3f, 0xf3, 0x80, 0x7f, 0xff, 0xc0,
    0x3f, 0xff, 0xe0, 0x1f, 0xff, 0xf0, 0xf, 0xff,
    0x40,

    /* U+0129 "ĩ" */
    0x1, 0xbf, 0xe9, 0x10, 0x4, 0x65, 0x0, 0x29,
    0x0, 0x5b, 0xd8, 0x10, 0xd4, 0x0, 0x80, 0x2,
    0x1, 0x9f, 0x30, 0x10, 0xc, 0xdb, 0x42, 0x1,
    0x9c, 0x0, 0x87, 0xc0, 0xbe, 0xc0, 0x5, 0x80,
    0x5, 0xe3, 0x80, 0x6, 0x7f, 0xd4, 0x20, 0x1f,
    0xfc, 0x69, 0xff, 0x9c, 0x3, 0xff, 0xfe, 0x1,
    0xff, 0xff, 0x0, 0xff, 0xf9, 0x0,

    /* U+012A "Ī" */
    0xaf, 0xff, 0xa0, 0x3, 0xff, 0x8d, 0x79, 0x9f,
    0x48, 0x99, 0xfc, 0x20, 0x1f, 0xfc, 0x89, 0xff,
    0x9c, 0x3, 0xff, 0xfe, 0x1, 0xff, 0xff, 0x0,
    0xff, 0xee, 0x80,

    /* U+012B "ī" */
    0x13, 0x3f, 0x86, 0xf3, 0x3e, 0x90, 0xf, 0xfe,
    0x35, 0x7f, 0xfd, 0x0, 0x1f, 0xfc, 0x89, 0xff,
    0x9c, 0x3, 0xff, 0xfe, 0x1, 0xff, 0xfb,

    /* U+012E "Į" */
    0x0, 0x4f, 0xfc, 0xe0, 0x1f, 0xff, 0xf0, 0xf,
    0xff, 0xba, 0x80, 0x75, 0x18, 0x1, 0x98, 0xaa,
    0x0, 0x54, 0x8f, 0x0, 0x21, 0x40, 0xa, 0x0,
    0x23, 0x10, 0x30, 0x5, 0x65, 0x4, 0x0, 0x64,
    0x35, 0x91, 0x3, 0xb3,

    /* U+012F "į" */
    0x0, 0x4f, 0xfc, 0xe0, 0x1f, 0xfc, 0x4f, 0x55,
    0x88, 0x0, 0xd5, 0x52, 0x80, 0x27, 0xfe, 0x70,
    0xf, 0xff, 0xf8, 0x7, 0xff, 0x51, 0x40, 0x3a,
    0x8c, 0x0, 0xcc, 0x55, 0x0, 0x2a, 0x46, 0x40,
    0x10, 0xa0, 0x2, 0x0, 0x11, 0x88, 0x18, 0x2,
    0xb2, 0x82, 0x0, 0x32, 0x1a, 0xc8, 0x81, 0xd9,
    0x80,

    /* U+0130 "İ" */
    0x12, 0x28, 0x63, 0x76, 0x60, 0xf, 0xfe, 0x1c,
    0xff, 0xce, 0x1, 0xfe, 0x9f, 0xf9, 0xc0, 0x3f,
    0xff, 0xe0, 0x1f, 0xfd, 0x20,

    /* U+0131 "ı" */
    0x9f, 0xf9, 0xc0, 0x3f, 0xff, 0xe0, 0x1c,

    /* U+0134 "Ĵ" */
    0x0, 0xfc, 0x9f, 0xf7, 0x8, 0x7, 0xf8, 0xac,
    0x2, 0x1d, 0x0, 0xfe, 0x1c, 0x0, 0x21, 0x1,
    0xd8, 0x7, 0xed, 0x10, 0x3b, 0xf0, 0x2, 0x48,
    0x7, 0xac, 0xc0, 0x74, 0xa, 0xc0, 0xc, 0xc0,
    0xe, 0xbf, 0xf7, 0x8, 0x1, 0x3f, 0xe6, 0x0,
    0xff, 0xef, 0x17, 0xfe, 0x0, 0xff, 0xff, 0x80,
    0x7f, 0xff, 0xc0, 0x3f, 0xff, 0xe0, 0x1f, 0xfd,
    0x61, 0x48, 0xc2, 0x0, 0x9c, 0x3, 0xf6, 0x5b,
    0x9f, 0x10, 0x14, 0x0, 0x44, 0x1, 0xac, 0x2,
    0x3d, 0xed, 0x20, 0x9, 0x40, 0x33, 0x20, 0x6,
    0x10, 0xc, 0x50, 0x1, 0xd6, 0x80, 0x1f, 0x17,
    0x80, 0x7d, 0x74, 0x82, 0x0, 0x38, 0xd2, 0x0,
    0xe0,

    /* U+0135 "ĵ" */
    0x0, 0xc9, 0xff, 0x68, 0x80, 0x78, 0xec, 0x2,
    0x2d, 0x0, 0xe1, 0xd0, 0x2, 0x88, 0x1d, 0x0,
    0x43, 0x82, 0x7, 0x5a, 0x0, 0x58, 0x0, 0x51,
    0x0, 0xe8, 0x1d, 0x0, 0x1d, 0x82, 0xff, 0xdc,
    0x20, 0x5, 0xff, 0x98, 0x3, 0xff, 0x8a, 0x5f,
    0xf8, 0x3, 0xff, 0xfe, 0x1, 0xff, 0xff, 0x0,
    0xff, 0xff, 0x80, 0x66, 0x0, 0xff, 0x87, 0xc0,
    0x21, 0x0, 0xe4, 0xee, 0x20, 0x4, 0x60, 0x1e,
    0x10, 0xe, 0x40, 0xf, 0xf8, 0x60, 0x3, 0xf8,
    0x5b, 0xc4, 0x3, 0x0,

    /* U+0136 "Ķ" */
    0xef, 0xf8, 0xc0, 0x3c, 0x3d, 0xff, 0x70, 0x80,
    0x7f, 0xda, 0x20, 0x16, 0x8, 0x7, 0xfa, 0x4c,
    0x2, 0xb2, 0x0, 0xff, 0x33, 0x0, 0x28, 0x40,
    0xf, 0xf2, 0x48, 0x4, 0xae, 0x1, 0xfe, 0x2a,
    0x0, 0x8e, 0x80, 0x3f, 0xef, 0x10, 0x0, 0xe8,
    0x7, 0xfd, 0x44, 0x1, 0x60, 0x80, 0x7f, 0x9d,
    0x40, 0x2b, 0x20, 0xf, 0xf2, 0x40, 0x5, 0x8,
    0x1, 0xff, 0x40, 0x4, 0xae, 0x1, 0xff, 0xc4,
    0x71, 0x0, 0xff, 0xe0, 0x38, 0x4, 0x54, 0x1,
    0xff, 0xc0, 0xb7, 0x0, 0x92, 0x80, 0x3f, 0xf8,
    0x10, 0xa0, 0x12, 0xb8, 0x7, 0xff, 0x2, 0x8c,
    0x2, 0x85, 0x0, 0xff, 0xe0, 0x69, 0x0, 0x54,
    0x60, 0x1f, 0xf0, 0xf8, 0x80, 0x5a, 0x40, 0x1f,
    0xf1, 0x68, 0x4, 0x3e, 0x20, 0x1f, 0xf1, 0xd0,
    0x4, 0x5a, 0x1, 0xff, 0xc0, 0x58, 0x0, 0x8e,
    0x80, 0x3f, 0xf8, 0xe, 0xa0, 0x12, 0xc7, 0x7f,
    0xc6, 0x1, 0xf5, 0x7f, 0xe8, 0x0, 0xff, 0xe6,
    0x1f, 0x75, 0x20, 0x1f, 0xfc, 0x21, 0x18, 0xc0,
    0x3f, 0xfc, 0xa7, 0xfa, 0x6, 0x1, 0xff, 0xc2,
    0x6f, 0xd, 0x0, 0xff, 0xe0, 0x9c, 0x93, 0xa0,
    0x7, 0xff, 0x4, 0xa7, 0x60, 0x3, 0xf0,

    /* U+0137 "ķ" */
    0xef, 0xf8, 0xc0, 0x3f, 0xff, 0xe0, 0x1f, 0xd3,
    0xff, 0x98, 0x3, 0xf9, 0x18, 0x2, 0x46, 0x0,
    0xfe, 0xa0, 0xd, 0x40, 0x1f, 0xd2, 0x20, 0x15,
    0x8, 0x7, 0xe4, 0x60, 0x9, 0x54, 0x1, 0xf8,
    0x68, 0x2, 0x1b, 0x0, 0xfe, 0xb1, 0x0, 0xa8,
    0x40, 0x3f, 0x5a, 0x80, 0x4c, 0x80, 0x1f, 0xce,
    0x1, 0xa0, 0x3, 0xfc, 0xe0, 0x1a, 0xc0, 0x3f,
    0xd6, 0xc0, 0x12, 0xb0, 0x7, 0x8, 0x6, 0x91,
    0x0, 0xa4, 0x80, 0x3f, 0xd4, 0x1, 0xbc, 0x3,
    0xfc, 0x8e, 0x1, 0x14, 0x80, 0x7f, 0xa0, 0x80,
    0x26, 0x50, 0xf, 0xf7, 0x0, 0x6b, 0x10, 0xf,
    0xe3, 0x80, 0x8, 0x74, 0x3f, 0xf1, 0x80, 0x67,
    0xff, 0xd8, 0x1, 0xff, 0xca, 0xae, 0xe8, 0x80,
    0x3f, 0xe1, 0x1c, 0x1, 0xff, 0xe0, 0xbf, 0x50,
    0x30, 0xf, 0xf8, 0xe1, 0x48, 0x40, 0x3f, 0xe8,
    0x71, 0xe0, 0xf, 0xfe, 0x7, 0x57, 0x18, 0x7,
    0xc0,

    /* U+0139 "Ĺ" */
    0x0, 0xaf, 0xfc, 0x80, 0x1f, 0xc4, 0x80, 0x48,
    0x1, 0xfd, 0x60, 0xa, 0x0, 0xff, 0x30, 0x1,
    0x80, 0x3f, 0x98, 0x0, 0xa2, 0x1, 0xfd, 0x40,
    0x9, 0x0, 0xff, 0x67, 0xf8, 0xc0, 0x3f, 0xf9,
    0x73, 0xff, 0x38, 0x7, 0xff, 0xfc, 0x3, 0xff,
    0xfe, 0x1, 0xff, 0xff, 0x0, 0xff, 0xe7, 0x47,
    0x77, 0xeb, 0x0, 0xe1, 0x1f, 0xce, 0x1, 0xff,
    0xd0,

    /* U+013A "ĺ" */
    0x0, 0xaf, 0xfc, 0x80, 0x2, 0x40, 0x24, 0x0,
    0x58, 0x2, 0x80, 0x26, 0x0, 0x30, 0x1, 0x80,
    0xa, 0x20, 0xa, 0x0, 0x48, 0x5, 0x9f, 0xe3,
    0x0, 0xfe, 0x9f, 0xf9, 0xc0, 0x3f, 0xff, 0xe0,
    0x1f, 0xff, 0xe0,

    /* U+013B "Ļ" */
    0x9f, 0xf9, 0xc0, 0x3f, 0xff, 0xe0, 0x1f, 0xff,
    0xf0, 0xf, 0xff, 0xf8, 0x7, 0xff, 0x3a, 0x3b,
    0xbf, 0x58, 0x7, 0x8, 0xfe, 0x70, 0xf, 0xfe,
    0x84, 0xff, 0xff, 0xf0, 0x30, 0x3, 0xff, 0x8f,
    0x9d, 0xd0, 0x7, 0xf8, 0x47, 0x0, 0x7f, 0xf6,
    0xb7, 0xcc, 0x3, 0xfe, 0x4a, 0x34, 0x0, 0xff,
    0x4a, 0x95, 0x0, 0x7f, 0xae, 0xda, 0x20, 0x1c,

    /* U+013C "ļ" */
    0x9f, 0xf9, 0xc0, 0x3f, 0xff, 0xe0, 0x1f, 0xfd,
    0x29, 0xff, 0x9c, 0x3, 0x9f, 0xba, 0x50, 0x11,
    0x80, 0x3f, 0xe7, 0xf9, 0x0, 0x13, 0xc8, 0x22,
    0xc0, 0x50, 0xa4, 0xf2, 0x80,

    /* U+013D "Ľ" */
    0x9f, 0xf9, 0xc0, 0x5, 0xff, 0x70, 0x7, 0xff,
    0x9c, 0xb7, 0x0, 0x3f, 0xf8, 0x4, 0x20, 0x40,
    0x1f, 0xe7, 0xf0, 0x40, 0xf, 0xf4, 0x11, 0x20,
    0x3, 0xfd, 0x57, 0xa0, 0x1f, 0xf2, 0xa0, 0x7,
    0xff, 0xfc, 0x3, 0xff, 0xc3, 0x1d, 0xdf, 0xac,
    0x3, 0x84, 0x7f, 0x38, 0x7, 0xff, 0x40,

    /* U+013E "ľ" */
    0x9f, 0xf9, 0xc0, 0xbf, 0xf0, 0x7, 0xff, 0x6c,
    0xb7, 0x40, 0x1f, 0xc4, 0x0, 0x20, 0xf, 0x9b,
    0xc1, 0x40, 0x3e, 0x92, 0x24, 0x80, 0x7d, 0x57,
    0xa2, 0x1, 0xf2, 0xa0, 0x7, 0xff, 0xfc, 0x3,
    0xff, 0xde,

    /* U+0141 "Ł" */
    0x0, 0xbf, 0xf0, 0x80, 0x7f, 0xff, 0xc0, 0x3f,
    0xfa, 0x22, 0xa0, 0x1f, 0xfc, 0x27, 0xef, 0x0,
    0xff, 0xe0, 0x26, 0xc0, 0x7, 0xff, 0xa, 0x88,
    0x3, 0xff, 0x8e, 0x60, 0x1f, 0x28, 0x7, 0xd1,
    0x20, 0x1c, 0x39, 0x40, 0x1c, 0xdc, 0xe0, 0x1e,
    0x33, 0x0, 0x75, 0xc8, 0x80, 0x7f, 0xf0, 0x94,
    0x3, 0xff, 0x9e, 0x9a, 0x1, 0xff, 0xc2, 0x2b,
    0x20, 0xf, 0xfe, 0x4f, 0xf7, 0x7e, 0x50, 0xf,
    0x84, 0x7f, 0x8c, 0x3, 0xff, 0xac,

    /* U+0142 "ł" */
    0x0, 0xdf, 0xf8, 0x80, 0x3f, 0xfe, 0x42, 0x1,
    0xfc, 0x56, 0xc0, 0x1f, 0xa3, 0x50, 0x3, 0xf9,
    0x40, 0x3f, 0xf8, 0xa5, 0x60, 0x1e, 0x56, 0x19,
    0xd4, 0x0, 0xc5, 0x94, 0x28, 0xc0, 0x1e, 0xf3,
    0x0, 0xff, 0xe2, 0xa8, 0x7, 0xf1, 0x65, 0x0,
    0x7e, 0x5d, 0x30, 0xf, 0xff, 0xc8,

    /* U+0143 "Ń" */
    0x0, 0xfe, 0x1f, 0xf7, 0x0, 0x7f, 0xf0, 0xa4,
    0x0, 0xc0, 0x1f, 0xfc, 0x26, 0x0, 0x48, 0x7,
    0xff, 0x5, 0x44, 0x14, 0x40, 0x3f, 0xf8, 0x32,
    0x0, 0xe0, 0xf, 0xfe, 0x9, 0x18, 0x12, 0x0,
    0x7f, 0xf0, 0x4b, 0xfd, 0xa0, 0x1f, 0xfc, 0xde,
    0xff, 0xa0, 0x3, 0xf3, 0x7f, 0xd8, 0x1, 0x9c,
    0xc0, 0x3f, 0xf8, 0xbc, 0x1, 0xff, 0xc5, 0x27,
    0x0, 0xff, 0xe2, 0xc1, 0x0, 0x7f, 0xf1, 0x78,
    0x3, 0xff, 0x8a, 0x6c, 0x1, 0xff, 0xc1, 0x20,
    0xa, 0x44, 0x3, 0xff, 0x81, 0x2, 0x1, 0x58,
    0x7, 0xff, 0x1, 0xa0, 0x2, 0x55, 0x0, 0x7f,
    0xf0, 0x19, 0x0, 0x2b, 0x0, 0xff, 0xe0, 0xc8,
    0x4, 0x32, 0x1, 0xff, 0xc0, 0x28, 0x0, 0x98,
    0xc0, 0x3f, 0xf8, 0xe, 0x60, 0x17, 0x0, 0x7f,
    0xf0, 0x7c, 0x2, 0x2b, 0x0, 0xff, 0xe0, 0x1b,
    0x80, 0x44, 0x1, 0xff, 0xc1, 0x82, 0x0, 0xff,
    0xe2, 0xc8, 0x7, 0xff, 0x15, 0x18, 0x3, 0xff,
    0x8b, 0x2, 0x1, 0xff, 0xc4, 0x1b, 0x0, 0xff,
    0xe2, 0xaa, 0x0, 0x60,

    /* U+0144 "ń" */
    0x0, 0xfd, 0x3f, 0xe7, 0x0, 0xff, 0xe0, 0x30,
    0x1, 0x80, 0x3f, 0xe6, 0x0, 0x30, 0x80, 0x7f,
    0xd6, 0x0, 0xa0, 0xf, 0xf8, 0xc8, 0xc, 0xc0,
    0x1f, 0xf4, 0x80, 0x24, 0x3, 0xff, 0x81, 0x5f,
    0xe5, 0x0, 0xff, 0xe5, 0x7f, 0xd6, 0x7, 0x5d,
    0xfe, 0xd9, 0x10, 0xf, 0xa3, 0x14, 0x40, 0x4,
    0xdc, 0x60, 0x1c, 0x8e, 0x1, 0xfb, 0x44, 0x3,
    0xff, 0x84, 0x32, 0x1, 0xe5, 0xdf, 0xf4, 0x80,
    0x66, 0x0, 0xe2, 0xa2, 0x0, 0x33, 0x80, 0x42,
    0x20, 0xd, 0x40, 0x1d, 0x40, 0x18, 0x80, 0x31,
    0x80, 0x71, 0x0, 0x67, 0x0, 0xce, 0x1, 0xe1,
    0x0, 0xff, 0xe1, 0x98, 0x7, 0xff, 0xfc, 0x3,
    0xff, 0xba,

    /* U+0145 "Ņ" */
    0xef, 0xfa, 0x0, 0x3f, 0x37, 0xfd, 0x80, 0x19,
    0xcc, 0x3, 0xff, 0x8b, 0xc0, 0x1f, 0xfc, 0x52,
    0x70, 0xf, 0xfe, 0x2c, 0x10, 0x7, 0xff, 0x17,
    0x80, 0x3f, 0xf8, 0xa6, 0xc0, 0x1f, 0xfc, 0x12,
    0x0, 0xa4, 0x40, 0x3f, 0xf8, 0x10, 0x20, 0x15,
    0x80, 0x7f, 0xf0, 0x1a, 0x0, 0x25, 0x50, 0x7,
    0xff, 0x1, 0x90, 0x2, 0xb0, 0xf, 0xfe, 0xc,
    0x80, 0x43, 0x20, 0x1f, 0xfc, 0x2, 0x80, 0x9,
    0x8c, 0x3, 0xff, 0x80, 0xe6, 0x1, 0x70, 0x7,
    0xff, 0x7, 0xc0, 0x22, 0xb0, 0xf, 0xfe, 0x1,
    0xb8, 0x4, 0x40, 0x1f, 0xfc, 0x18, 0x20, 0xf,
    0xfe, 0x2c, 0x80, 0x7f, 0xf1, 0x51, 0x80, 0x3f,
    0xf8, 0xb0, 0x20, 0x1f, 0xfc, 0x41, 0xb0, 0xf,
    0xfe, 0x2a, 0xa0, 0x6, 0xef, 0xf8, 0xc0, 0x3f,
    0x5f, 0xfd, 0x80, 0x1f, 0xfc, 0xd9, 0xee, 0x88,
    0x3, 0xff, 0x82, 0x62, 0x30, 0x7, 0xff, 0x9a,
    0xbd, 0x40, 0x3f, 0xf8, 0x67, 0xa, 0x44, 0x0,
    0xff, 0xe0, 0xcb, 0x8f, 0x0, 0x7f, 0xf0, 0xbe,
    0xb8, 0xc0, 0x3e,

    /* U+0146 "ņ" */
    0xff, 0xac, 0xe, 0xbb, 0xfd, 0xb2, 0x20, 0x1f,
    0x46, 0x28, 0x80, 0x9, 0xb8, 0xc0, 0x39, 0x1c,
    0x3, 0xf6, 0x88, 0x7, 0xff, 0x8, 0x64, 0x3,
    0xcb, 0xbf, 0xe9, 0x0, 0xcc, 0x1, 0xc5, 0x44,
    0x0, 0x67, 0x0, 0x84, 0x40, 0x1a, 0x80, 0x3a,
    0x80, 0x31, 0x0, 0x63, 0x0, 0xe2, 0x0, 0xce,
    0x1, 0x9c, 0x3, 0xc2, 0x1, 0xff, 0xc3, 0x30,
    0xf, 0xff, 0xf8, 0x7, 0xff, 0x77, 0xff, 0x18,
    0x7, 0xb7, 0xfe, 0x40, 0xf, 0xfe, 0x49, 0x77,
    0x54, 0x1, 0xff, 0xc0, 0x11, 0xc0, 0x1f, 0xfd,
    0xf2, 0xfe, 0x1, 0x0, 0xff, 0xe0, 0x2e, 0x86,
    0x0, 0x7f, 0xc5, 0x46, 0xcc, 0x0, 0xff, 0x8e,
    0x32, 0x40, 0x3e,

    /* U+0147 "Ň" */
    0x0, 0x92, 0x20, 0xe2, 0x1, 0x34, 0x41, 0xc0,
    0x3c, 0xaa, 0x78, 0xa0, 0x3, 0x4b, 0xb8, 0x80,
    0x3c, 0x3e, 0x20, 0x92, 0x72, 0x0, 0x85, 0x0,
    0xf8, 0xb4, 0x0, 0xd8, 0x0, 0x67, 0x0, 0xfe,
    0x3a, 0x0, 0xc9, 0x20, 0x1f, 0xf2, 0xd3, 0xba,
    0x2c, 0x3, 0xff, 0x82, 0xb1, 0x7, 0x0, 0xff,
    0xe6, 0xf7, 0xfd, 0x0, 0x1f, 0x9b, 0xfe, 0xc0,
    0xc, 0xe6, 0x1, 0xff, 0xc5, 0xe0, 0xf, 0xfe,
    0x29, 0x38, 0x7, 0xff, 0x16, 0x8, 0x3, 0xff,
    0x8b, 0xc0, 0x1f, 0xfc, 0x53, 0x60, 0xf, 0xfe,
    0x9, 0x0, 0x52, 0x20, 0x1f, 0xfc, 0x8, 0x10,
    0xa, 0xc0, 0x3f, 0xf8, 0xd, 0x0, 0x12, 0xa8,
    0x3, 0xff, 0x80, 0xc8, 0x1, 0x58, 0x7, 0xff,
    0x6, 0x40, 0x21, 0x90, 0xf, 0xfe, 0x1, 0x40,
    0x4, 0xc6, 0x1, 0xff, 0xc0, 0x73, 0x0, 0xb8,
    0x3, 0xff, 0x83, 0xe0, 0x11, 0x58, 0x7, 0xff,
    0x0, 0xdc, 0x2, 0x20, 0xf, 0xfe, 0xc, 0x10,
    0x7, 0xff, 0x16, 0x40, 0x3f, 0xf8, 0xa8, 0xc0,
    0x1f, 0xfc, 0x58, 0x10, 0xf, 0xfe, 0x20, 0xd8,
    0x7, 0xff, 0x15, 0x50, 0x3, 0x0,

    /* U+0148 "ň" */
    0x2, 0xde, 0xe4, 0x0, 0x53, 0xdc, 0xd2, 0x0,
    0x8a, 0x4, 0x4e, 0xa0, 0xcc, 0x11, 0x49, 0x0,
    0x65, 0x80, 0x5, 0x34, 0x80, 0x21, 0x0, 0x3c,
    0xea, 0x0, 0x90, 0x3, 0x38, 0x7, 0xea, 0x30,
    0x9, 0x24, 0x3, 0xfd, 0x99, 0xac, 0x3, 0xff,
    0x80, 0x67, 0x0, 0x7d, 0xff, 0x58, 0x1d, 0x77,
    0xfb, 0x64, 0x40, 0x3e, 0x8c, 0x51, 0x0, 0x13,
    0x71, 0x80, 0x72, 0x38, 0x7, 0xed, 0x10, 0xf,
    0xfe, 0x10, 0xc8, 0x7, 0x97, 0x7f, 0xd2, 0x1,
    0x98, 0x3, 0x8a, 0x88, 0x0, 0xce, 0x1, 0x8,
    0x80, 0x35, 0x0, 0x75, 0x0, 0x62, 0x0, 0xc6,
    0x1, 0xc4, 0x1, 0x9c, 0x3, 0x38, 0x7, 0x84,
    0x3, 0xff, 0x86, 0x60, 0x1f, 0xff, 0xf0, 0xf,
    0xfe, 0xe8,

    /* U+014A "Ŋ" */
    0xef, 0xfa, 0x0, 0x3f, 0x37, 0xfd, 0x80, 0x19,
    0xcc, 0x3, 0xff, 0x8b, 0xc0, 0x1f, 0xfc, 0x52,
    0x70, 0xf, 0xfe, 0x2c, 0x10, 0x7, 0xff, 0x17,
    0x80, 0x3f, 0xf8, 0xa6, 0xc0, 0x1f, 0xfc, 0x12,
    0x0, 0xa4, 0x40, 0x3f, 0xf8, 0x10, 0x20, 0x15,
    0x80, 0x7f, 0xf0, 0x1a, 0xc0, 0x25, 0x50, 0x7,
    0xff, 0x1, 0x50, 0x2, 0xb0, 0xf, 0xfe, 0xd,
    0x0, 0x43, 0x20, 0x1f, 0xfc, 0x1, 0x90, 0x9,
    0x8c, 0x3, 0xff, 0x80, 0xc8, 0x1, 0x70, 0x7,
    0xff, 0x6, 0x40, 0x22, 0xb0, 0xf, 0xfe, 0x1,
    0x40, 0x4, 0x40, 0x1f, 0xfc, 0x17, 0x30, 0xf,
    0xfe, 0x2f, 0x0, 0x7f, 0xf1, 0x4a, 0x0, 0x3f,
    0xf8, 0xae, 0x40, 0x1f, 0xfc, 0x5e, 0x0, 0xff,
    0xe2, 0x9b, 0x0, 0x6e, 0xff, 0x8c, 0x3, 0xf4,
    0x0, 0x7f, 0xf1, 0x45, 0x0, 0x3f, 0xf8, 0xa2,
    0x1, 0xff, 0xc2, 0x44, 0x42, 0x80, 0x18, 0x3,
    0xfc, 0x57, 0x67, 0x0, 0xb4, 0x3, 0xff, 0x88,
    0x2e, 0x1, 0xfe, 0x32, 0x0, 0xb, 0x78, 0x0,

    /* U+014B "ŋ" */
    0xff, 0xac, 0xe, 0xbb, 0xfd, 0xb2, 0x20, 0x1f,
    0x46, 0x28, 0x80, 0x9, 0xb8, 0xc0, 0x39, 0x1c,
    0x3, 0xf6, 0x88, 0x7, 0xff, 0x8, 0x64, 0x3,
    0xcb, 0xbf, 0xe9, 0x0, 0xcc, 0x1, 0xc5, 0x44,
    0x0, 0x67, 0x0, 0x84, 0x40, 0x1a, 0x80, 0x3a,
    0x80, 0x31, 0x0, 0x63, 0x0, 0xe2, 0x0, 0xce,
    0x1, 0x9c, 0x3, 0xc2, 0x1, 0xff, 0xc3, 0x30,
    0xf, 0xff, 0xf8, 0x7, 0xff, 0x77, 0xff, 0x18,
    0x7, 0xff, 0x68, 0xc0, 0x3f, 0xf8, 0x4c, 0x20,
    0x13, 0x80, 0x7e, 0xaf, 0x90, 0xc, 0x60, 0x1f,
    0xfc, 0x28, 0x0, 0xfe, 0x30, 0x8, 0x61, 0xc0,
    0x3f, 0xa7, 0xb7, 0x5c, 0xe0, 0x0,

    /* U+014C "Ō" */
    0x0, 0xf8, 0x8c, 0xfe, 0x10, 0xf, 0xfe, 0xc,
    0xe6, 0x7c, 0xc0, 0x1f, 0xfe, 0xdb, 0xff, 0xf9,
    0xc0, 0x3f, 0xff, 0xe0, 0x19, 0xab, 0x7f, 0xed,
    0x94, 0x0, 0xff, 0x9b, 0xe5, 0x48, 0x2, 0x26,
    0xbd, 0x40, 0xf, 0xd7, 0x20, 0x1f, 0xe2, 0xb7,
    0x0, 0xf5, 0xa0, 0x7, 0xff, 0x6, 0x1c, 0x3,
    0x32, 0x0, 0x67, 0xdf, 0xfb, 0x14, 0x3, 0x41,
    0x0, 0x50, 0x1, 0xe, 0x41, 0x0, 0x47, 0x52,
    0x1, 0xa4, 0x0, 0xa2, 0x1, 0x59, 0x80, 0x7c,
    0xcc, 0x0, 0x90, 0x43, 0xc0, 0x22, 0x50, 0xf,
    0xe8, 0x0, 0xce, 0x8, 0x1, 0x28, 0x7, 0xf8,
    0x4c, 0x2, 0xc0, 0x10, 0xb, 0x40, 0x3f, 0xe5,
    0x0, 0x98, 0x40, 0x33, 0x0, 0x7f, 0xc2, 0x1,
    0x8, 0x7, 0xff, 0x28, 0x40, 0x33, 0x0, 0x7f,
    0xc2, 0x1, 0x8, 0x8, 0x4, 0x40, 0x1f, 0xf2,
    0x80, 0x4c, 0x8, 0x1, 0x58, 0x7, 0xf8, 0x4c,
    0x2, 0xc0, 0xf0, 0x8, 0xd0, 0x3, 0xfa, 0x0,
    0x33, 0x82, 0x88, 0x5, 0x44, 0x1, 0xf2, 0xb0,
    0x4, 0x82, 0x0, 0x80, 0x8, 0x76, 0x8, 0x2,
    0x3a, 0xa0, 0x6, 0x90, 0x9, 0x90, 0x3, 0x3e,
    0xff, 0x7e, 0x28, 0x6, 0x82, 0x0, 0xd6, 0x80,
    0x1e, 0x10, 0xf, 0x43, 0x80, 0x7a, 0xe0, 0x3,
    0xfc, 0x56, 0xe0, 0x1f, 0x9f, 0xe5, 0x48, 0x2,
    0x26, 0xbd, 0x40, 0xc,

    /* U+014D "ō" */
    0x0, 0xd5, 0xff, 0xf4, 0x0, 0x7f, 0xf7, 0xa3,
    0x33, 0xe9, 0x0, 0xfc, 0x46, 0x7f, 0x8, 0x7,
    0xff, 0x78, 0xa3, 0x3f, 0xdd, 0x8e, 0x20, 0x1f,
    0x3e, 0xb9, 0x80, 0x4, 0xe3, 0x94, 0x3, 0xa6,
    0x0, 0x3f, 0xa9, 0x80, 0x26, 0x60, 0x7, 0x8,
    0x7, 0x49, 0x80, 0x20, 0x2, 0x1a, 0xfe, 0xf8,
    0x0, 0xde, 0xa, 0x20, 0x15, 0x28, 0x4, 0xf0,
    0x1, 0x19, 0x60, 0x4, 0x68, 0x1, 0xce, 0x1,
    0x90, 0x80, 0x25, 0x0, 0xf8, 0xc0, 0x2e, 0x70,
    0x8, 0x40, 0x3e, 0x70, 0x8, 0x40, 0x30, 0x80,
    0x7c, 0xe0, 0x10, 0xa8, 0x4, 0x80, 0x1f, 0x18,
    0x5, 0xd8, 0x1, 0x12, 0x0, 0x73, 0x80, 0x64,
    0x51, 0x0, 0xa9, 0x0, 0x26, 0x80, 0x8, 0xc8,
    0x20, 0x2, 0x1b, 0xfe, 0xf9, 0x0, 0xde, 0x0,
    0x65, 0x0, 0xe1, 0x0, 0xe9, 0x30, 0xa, 0x9c,
    0x3, 0xf0, 0xd3, 0x0, 0x74, 0x6b, 0x90, 0x0,
    0x4e, 0x3d, 0x40, 0x20,

    /* U+0150 "Ő" */
    0x0, 0xfc, 0xbf, 0xea, 0x0, 0xbb, 0xfc, 0x20,
    0x1f, 0xf7, 0x0, 0x38, 0x0, 0xc2, 0xa, 0x20,
    0x1f, 0xe2, 0x40, 0x24, 0x0, 0x50, 0x2, 0x40,
    0x3f, 0xeb, 0x0, 0x50, 0x0, 0xcc, 0x4, 0x60,
    0x1f, 0xf3, 0x0, 0x18, 0x1, 0x20, 0xb, 0x0,
    0xff, 0x98, 0x0, 0xa2, 0x2, 0xa0, 0x6, 0x0,
    0xff, 0x9b, 0xfd, 0x40, 0x1, 0xff, 0x80, 0x3f,
    0xfd, 0xad, 0x5b, 0xff, 0x6c, 0xa0, 0x7, 0xfc,
    0xdf, 0x2a, 0x40, 0x11, 0x35, 0xea, 0x0, 0x7e,
    0xb9, 0x0, 0xff, 0x15, 0xb8, 0x7, 0xad, 0x0,
    0x3f, 0xf8, 0x30, 0xe0, 0x19, 0x90, 0x3, 0x3e,
    0xff, 0xd8, 0xa0, 0x1a, 0x8, 0x2, 0x80, 0x8,
    0x72, 0x8, 0x2, 0x3a, 0x90, 0xd, 0x20, 0x5,
    0x10, 0xa, 0xcc, 0x3, 0xe6, 0x60, 0x4, 0x82,
    0x1e, 0x1, 0x12, 0x80, 0x7f, 0x40, 0x6, 0x70,
    0x40, 0x9, 0x40, 0x3f, 0xc2, 0x60, 0x16, 0x0,
    0x80, 0x5a, 0x1, 0xff, 0x28, 0x4, 0xc2, 0x1,
    0x98, 0x3, 0xfe, 0x10, 0x8, 0x40, 0x3f, 0xf9,
    0x42, 0x1, 0x98, 0x3, 0xfe, 0x10, 0x8, 0x40,
    0x40, 0x22, 0x0, 0xff, 0x94, 0x2, 0x60, 0x40,
    0xa, 0xc0, 0x3f, 0xc2, 0x60, 0x16, 0x7, 0x80,
    0x46, 0x80, 0x1f, 0xd0, 0x1, 0x9c, 0x14, 0x40,
    0x2a, 0x20, 0xf, 0x95, 0x80, 0x24, 0x10, 0x4,
    0x0, 0x43, 0xb0, 0x40, 0x11, 0xd5, 0x0, 0x34,
    0x80, 0x4c, 0x80, 0x19, 0xf7, 0xfb, 0xf1, 0x40,
    0x34, 0x10, 0x6, 0xb4, 0x0, 0xf0, 0x80, 0x7a,
    0x1c, 0x3, 0xd7, 0x0, 0x1f, 0xe2, 0xb7, 0x0,
    0xfc, 0xff, 0x2a, 0x40, 0x11, 0x35, 0xea, 0x0,
    0x60,

    /* U+0151 "ő" */
    0x0, 0xe5, 0xff, 0x50, 0x5, 0xff, 0x8, 0x7,
    0xa4, 0x1, 0x20, 0x6, 0x0, 0x30, 0x80, 0x71,
    0x98, 0x8, 0xc0, 0x16, 0x0, 0xa0, 0xf, 0x48,
    0x2, 0xc0, 0x8, 0x40, 0x66, 0x0, 0xe1, 0x50,
    0x3, 0x0, 0x38, 0x1, 0x20, 0x1e, 0x60, 0x3,
    0x0, 0x5, 0x40, 0x54, 0x3, 0xcf, 0xfe, 0x90,
    0x0, 0xff, 0xb8, 0x3, 0xff, 0x9a, 0x51, 0x9f,
    0xee, 0xc7, 0x10, 0xf, 0x9f, 0x5c, 0xc0, 0x2,
    0x71, 0xca, 0x1, 0xd3, 0x0, 0x1f, 0xd4, 0xc0,
    0x13, 0x30, 0x3, 0x84, 0x3, 0xa4, 0xc0, 0x10,
    0x1, 0xd, 0x7f, 0x7c, 0x0, 0x6f, 0x5, 0x10,
    0xa, 0x94, 0x2, 0x78, 0x0, 0x8c, 0xb0, 0x2,
    0x34, 0x0, 0xe7, 0x0, 0xc8, 0x40, 0x12, 0x80,
    0x7c, 0x60, 0x17, 0x38, 0x4, 0x20, 0x1f, 0x38,
    0x4, 0x20, 0x18, 0x40, 0x3e, 0x70, 0x8, 0x54,
    0x2, 0x40, 0xf, 0x8c, 0x2, 0xec, 0x0, 0x89,
    0x0, 0x39, 0xc0, 0x32, 0x28, 0x80, 0x54, 0x80,
    0x13, 0x40, 0x4, 0x64, 0x10, 0x1, 0xd, 0xff,
    0x7c, 0x80, 0x6f, 0x0, 0x32, 0x80, 0x70, 0x80,
    0x74, 0x98, 0x5, 0x4e, 0x1, 0xf8, 0x69, 0x80,
    0x3a, 0x35, 0xc8, 0x0, 0x27, 0x1e, 0xa0, 0x10,

    /* U+0152 "Œ" */
    0x0, 0xf9, 0xab, 0x7f, 0xed, 0x94, 0x4, 0xff,
    0xff, 0xe0, 0xe8, 0x7, 0x37, 0xca, 0x90, 0x4,
    0x4d, 0x7b, 0x80, 0x1f, 0xfc, 0x6b, 0x90, 0xf,
    0xf1, 0x38, 0x7, 0xff, 0x16, 0xd0, 0x3, 0xff,
    0x8a, 0x23, 0xfc, 0xc0, 0x6, 0x40, 0xc, 0xfb,
    0xff, 0x62, 0x80, 0x78, 0xbb, 0xbf, 0xac, 0x1,
    0x0, 0x10, 0xe4, 0x10, 0x4, 0x75, 0x20, 0x1f,
    0xfc, 0x55, 0x10, 0xa, 0xcc, 0x3, 0xe6, 0x60,
    0x7, 0xff, 0x13, 0xc0, 0x22, 0x50, 0xf, 0xe8,
    0x0, 0xff, 0xe2, 0x20, 0x4, 0xa0, 0x1f, 0xe1,
    0x30, 0x8, 0xbb, 0xbf, 0x0, 0x42, 0x1, 0x68,
    0x7, 0xfc, 0xa0, 0x18, 0x47, 0xf0, 0x0, 0x40,
    0x33, 0x0, 0x7f, 0xc2, 0x1, 0xff, 0xe2, 0x10,
    0xc, 0xc0, 0x1f, 0xf0, 0x80, 0x45, 0xff, 0xf8,
    0x2, 0x10, 0x8, 0x80, 0x3f, 0xe5, 0x0, 0xff,
    0xe1, 0xa0, 0x5, 0x60, 0x1f, 0xe1, 0x30, 0xf,
    0xfe, 0x1f, 0x80, 0x46, 0x80, 0x1f, 0xd0, 0x1,
    0xff, 0xc4, 0x51, 0x0, 0xa8, 0x80, 0x3e, 0x56,
    0x0, 0xff, 0xe2, 0xc0, 0x4, 0x3b, 0x4, 0x1,
    0x1d, 0x50, 0x3, 0xff, 0x8c, 0xc8, 0x1, 0x9f,
    0x7f, 0xbf, 0x14, 0x3, 0xc5, 0xdd, 0xfd, 0x60,
    0x15, 0xa0, 0x7, 0x84, 0x3, 0xfc, 0x23, 0xfc,
    0xc0, 0x1a, 0xe0, 0x3, 0xfc, 0x4e, 0x1, 0xff,
    0xc7, 0x7f, 0x95, 0x20, 0x8, 0x9a, 0xf7, 0x0,
    0x3f, 0xf8, 0x40,

    /* U+0153 "œ" */
    0x0, 0xc5, 0x19, 0xfe, 0xec, 0x71, 0x0, 0x85,
    0xf3, 0xfe, 0xc8, 0x10, 0xf, 0x9f, 0x5c, 0xc0,
    0x2, 0x71, 0xca, 0xd, 0xd0, 0x60, 0x11, 0xbf,
    0x28, 0x7, 0x4c, 0x0, 0x7f, 0x55, 0xc8, 0x7,
    0xf5, 0x28, 0x4, 0xcc, 0x0, 0xe1, 0x0, 0xe4,
    0x0, 0xc6, 0xa8, 0x1, 0xa8, 0x40, 0x10, 0x1,
    0xd, 0x7f, 0x7c, 0x0, 0x78, 0xb7, 0x2a, 0xf8,
    0x80, 0x29, 0x5, 0x10, 0xa, 0x94, 0x2, 0x78,
    0x0, 0xee, 0x20, 0x8, 0x60, 0x2, 0x50, 0xc0,
    0x8, 0xd0, 0x3, 0x9c, 0x3, 0xb3, 0xff, 0xa8,
    0x2, 0x20, 0x20, 0x9, 0x40, 0x3e, 0x30, 0xf,
    0xfe, 0x18, 0xb8, 0x4, 0x20, 0x1f, 0xfd, 0x1,
    0x0, 0xff, 0x8f, 0xbb, 0xec, 0xc7, 0x70, 0x54,
    0x2, 0x40, 0xf, 0x8c, 0x2, 0x21, 0x1f, 0x8c,
    0xc2, 0x20, 0xc0, 0x8, 0x90, 0x3, 0x9c, 0x3,
    0xa, 0x80, 0x74, 0x74, 0xa0, 0x1, 0x44, 0x2,
    0xa4, 0x0, 0x9a, 0x0, 0x3a, 0x94, 0x2, 0x77,
    0xb, 0x5d, 0x80, 0x10, 0x1, 0xd, 0xff, 0x7c,
    0x80, 0x7d, 0x5f, 0xdf, 0x0, 0x1a, 0x0, 0xc,
    0xa0, 0x1c, 0x20, 0x1c, 0x80, 0x1c, 0x20, 0x1d,
    0x6, 0x1, 0x53, 0x80, 0x7e, 0x1a, 0xb9, 0x0,
    0xfe, 0x97, 0x0, 0xe8, 0xd7, 0x20, 0x0, 0x9c,
    0x7a, 0x83, 0x74, 0x18, 0x80, 0xe, 0x39, 0x80,
    0x20,

    /* U+0154 "Ŕ" */
    0x0, 0xfd, 0x1f, 0xe7, 0x0, 0xff, 0xe0, 0xb0,
    0x1, 0x80, 0x3f, 0xf8, 0xc, 0x20, 0xa2, 0x1,
    0xff, 0xc0, 0xa0, 0x4, 0x80, 0x7f, 0xf0, 0xc,
    0xc0, 0x46, 0x1, 0xff, 0xc0, 0xa0, 0x5, 0x80,
    0x7f, 0xf0, 0x67, 0xfc, 0xc0, 0x1f, 0xfc, 0xce,
    0xff, 0xff, 0x6c, 0x8, 0x7, 0xff, 0x8, 0x9f,
    0x90, 0x3, 0xff, 0x89, 0x66, 0x1, 0xc2, 0x45,
    0x84, 0x3, 0xbc, 0x3, 0xb7, 0x7b, 0xb8, 0xa0,
    0x11, 0x90, 0x7, 0xf8, 0x68, 0x40, 0x24, 0x0,
    0xff, 0xe0, 0x38, 0x5, 0xc0, 0x1f, 0xfc, 0x1,
    0x0, 0x84, 0x3, 0xff, 0x80, 0x40, 0x10, 0x80,
    0x7f, 0xc2, 0x80, 0x17, 0x0, 0x7f, 0x8f, 0x44,
    0x2, 0x40, 0xd, 0x9f, 0xfd, 0x86, 0x1, 0x21,
    0x0, 0x7f, 0xf0, 0xe4, 0x3, 0xff, 0x84, 0x36,
    0x40, 0x1c, 0x45, 0x84, 0x3, 0x6a, 0x0, 0x7b,
    0xb7, 0x6e, 0x10, 0xa, 0x40, 0x3f, 0xf8, 0x12,
    0x1, 0x29, 0x0, 0x7f, 0xce, 0x20, 0x14, 0x0,
    0x7f, 0xf0, 0x24, 0x2, 0x52, 0x0, 0xff, 0x9c,
    0x40, 0x28, 0x0, 0xff, 0xe0, 0x48, 0x4, 0xa4,
    0x1, 0xff, 0x38, 0x80, 0x50,

    /* U+0155 "ŕ" */
    0x0, 0xc7, 0xfe, 0xc0, 0xf, 0x48, 0x2, 0x80,
    0x38, 0x54, 0x5, 0x80, 0x39, 0x80, 0xc, 0x1,
    0xe9, 0x0, 0x50, 0x7, 0x20, 0x82, 0x10, 0x7,
    0x27, 0xfa, 0xc0, 0x3f, 0xf8, 0x5d, 0xfe, 0xb0,
    0x3a, 0xff, 0x48, 0x6, 0x6c, 0x50, 0xf, 0x34,
    0x80, 0x7e, 0x20, 0x8, 0x48, 0x3, 0xc5, 0x7d,
    0xb2, 0x1, 0x87, 0x10, 0x3, 0xe9, 0x10, 0xf,
    0xc6, 0x1, 0xfc, 0xe0, 0x1f, 0xff, 0xf0, 0xf,
    0xf0,

    /* U+0156 "Ŗ" */
    0xef, 0xff, 0xf6, 0xc0, 0x80, 0x7f, 0xf0, 0x89,
    0xf9, 0x0, 0x3f, 0xf8, 0x96, 0x60, 0x1c, 0x24,
    0x58, 0x40, 0x3b, 0xc0, 0x3b, 0x77, 0xbb, 0x8a,
    0x1, 0x19, 0x0, 0x7f, 0x86, 0x84, 0x2, 0x40,
    0xf, 0xfe, 0x3, 0x80, 0x5c, 0x1, 0xff, 0xc0,
    0x10, 0x8, 0x40, 0x3f, 0xf8, 0x4, 0x1, 0x8,
    0x7, 0xfc, 0x28, 0x1, 0x70, 0x7, 0xf8, 0xf4,
    0x40, 0x24, 0x0, 0xd9, 0xff, 0xd8, 0x60, 0x12,
    0x10, 0x7, 0xff, 0xe, 0x40, 0x3f, 0xf8, 0x43,
    0x64, 0x1, 0xc4, 0x58, 0x40, 0x36, 0xa0, 0x7,
    0xbb, 0x76, 0xe1, 0x0, 0xa4, 0x3, 0xff, 0x81,
    0x20, 0x12, 0x90, 0x7, 0xfc, 0xe2, 0x1, 0x40,
    0x7, 0xff, 0x2, 0x40, 0x25, 0x20, 0xf, 0xf9,
    0xc4, 0x2, 0x80, 0xf, 0xfe, 0x4, 0x80, 0x4a,
    0x40, 0x1f, 0xf3, 0x88, 0x5, 0x1d, 0xff, 0x18,
    0x7, 0xdd, 0xff, 0x50, 0x7, 0xff, 0x2f, 0x3b,
    0xa0, 0xf, 0xfe, 0x9, 0x8, 0xc0, 0x1f, 0xfe,
    0x3e, 0xf2, 0x10, 0xf, 0xfe, 0xa, 0x51, 0x20,
    0x7, 0xff, 0x6, 0x94, 0xec, 0x3, 0xff, 0x83,
    0x17, 0x82, 0x1, 0xf0,

    /* U+0157 "ŗ" */
    0x0, 0xff, 0x77, 0xfa, 0xc0, 0xeb, 0xfd, 0x20,
    0x19, 0xb1, 0x40, 0x3c, 0xd2, 0x1, 0xf8, 0x80,
    0x21, 0x20, 0xf, 0x15, 0xf6, 0xc8, 0x6, 0x1c,
    0x40, 0xf, 0xa4, 0x40, 0x3f, 0x18, 0x7, 0xf3,
    0x80, 0x7f, 0xff, 0xc0, 0x3f, 0xdd, 0xff, 0x18,
    0x7, 0xff, 0xe, 0xfb, 0xa1, 0x0, 0xe7, 0x11,
    0x80, 0x3f, 0xf9, 0xd9, 0xe8, 0x2, 0x1, 0xc7,
    0x28, 0x60, 0x1e, 0xf6, 0x2e, 0x0, 0xf4, 0xd6,
    0x90, 0x7, 0x80,

    /* U+0158 "Ř" */
    0x3, 0x88, 0x88, 0x2, 0x58, 0x83, 0x88, 0x6,
    0x34, 0x77, 0x78, 0x82, 0x53, 0xb8, 0x4, 0x3,
    0xb4, 0x80, 0xa8, 0xa8, 0x0, 0xce, 0x1, 0xe1,
    0xf1, 0x4, 0xd1, 0x4, 0x90, 0xf, 0xc5, 0xa0,
    0x18, 0xac, 0x3, 0xfc, 0x76, 0xef, 0x60, 0x7,
    0xff, 0x1, 0x22, 0x21, 0x0, 0xff, 0xe6, 0x77,
    0xff, 0xfb, 0x60, 0x40, 0x3f, 0xf8, 0x44, 0xfc,
    0x80, 0x1f, 0xfc, 0x4b, 0x30, 0xe, 0x12, 0x2c,
    0x20, 0x1d, 0xe0, 0x1d, 0xbb, 0xdd, 0xc5, 0x0,
    0x8c, 0x80, 0x3f, 0xc3, 0x42, 0x1, 0x20, 0x7,
    0xff, 0x1, 0xc0, 0x2e, 0x0, 0xff, 0xe0, 0x8,
    0x4, 0x20, 0x1f, 0xfc, 0x2, 0x0, 0x84, 0x3,
    0xfe, 0x14, 0x0, 0xb8, 0x3, 0xfc, 0x7a, 0x20,
    0x12, 0x0, 0x6c, 0xff, 0xec, 0x30, 0x9, 0x8,
    0x3, 0xff, 0x87, 0x20, 0x1f, 0xfc, 0x21, 0xb2,
    0x0, 0xe2, 0x2c, 0x20, 0x1b, 0x50, 0x3, 0xdd,
    0xbb, 0x70, 0x80, 0x52, 0x1, 0xff, 0xc0, 0x90,
    0x9, 0x48, 0x3, 0xfe, 0x71, 0x0, 0xa0, 0x3,
    0xff, 0x81, 0x20, 0x12, 0x90, 0x7, 0xfc, 0xe2,
    0x1, 0x40, 0x7, 0xff, 0x2, 0x40, 0x25, 0x20,
    0xf, 0xf9, 0xc4, 0x2, 0x80,

    /* U+0159 "ř" */
    0xb, 0xff, 0x70, 0x80, 0x17, 0xfe, 0x60, 0xa2,
    0x1, 0xd0, 0x3a, 0x0, 0x3b, 0x0, 0xf8, 0x81,
    0xd6, 0x80, 0x16, 0x0, 0x22, 0xd0, 0x2, 0x88,
    0x1d, 0x0, 0x71, 0xd8, 0x4, 0x5a, 0x1, 0xf2,
    0x7f, 0xda, 0x20, 0x1f, 0xfc, 0x6e, 0xff, 0x58,
    0x1d, 0x7f, 0xa4, 0x3, 0xe6, 0xc5, 0x0, 0xfe,
    0x69, 0x0, 0xff, 0x88, 0x2, 0x12, 0x0, 0xfe,
    0x2b, 0xed, 0x90, 0xf, 0x87, 0x10, 0x3, 0xfd,
    0x22, 0x1, 0xff, 0x18, 0x7, 0xff, 0x1, 0xc0,
    0x3f, 0xff, 0xe0, 0x1f, 0xfd, 0x70,

    /* U+015A "Ś" */
    0x0, 0xff, 0x77, 0xf8, 0x40, 0x3f, 0xf8, 0x2c,
    0x20, 0xa2, 0x1, 0xff, 0xc1, 0xa0, 0x4, 0x80,
    0x7f, 0xf0, 0x4c, 0xc0, 0x46, 0x1, 0xff, 0xc1,
    0x90, 0x5, 0x80, 0x7f, 0xf0, 0x45, 0x40, 0xc,
    0x1, 0xff, 0xc1, 0x1f, 0xf8, 0x3, 0xff, 0xc6,
    0x2f, 0x7d, 0xfe, 0xeb, 0x71, 0x0, 0xf9, 0xfa,
    0x10, 0x40, 0x2, 0x91, 0xce, 0x1, 0xd3, 0x0,
    0x1f, 0xe8, 0xa0, 0x9, 0x58, 0x3, 0x84, 0x40,
    0x1c, 0xae, 0x0, 0xe0, 0xc, 0xfd, 0xd9, 0xc0,
    0x34, 0x8, 0x28, 0x4, 0xf0, 0x20, 0x1, 0x89,
    0x0, 0xcc, 0x2, 0x1, 0x70, 0x7, 0x98, 0x88,
    0xae, 0x60, 0x40, 0x15, 0x90, 0x7, 0xb7, 0x55,
    0x8, 0xa, 0x1, 0x16, 0xdb, 0x10, 0x7, 0xf4,
    0x88, 0x6, 0x49, 0xde, 0xa5, 0x10, 0xe, 0x1f,
    0x30, 0xf, 0xa, 0xd7, 0x51, 0x0, 0x61, 0xcb,
    0x61, 0x0, 0xf9, 0x75, 0x40, 0x39, 0x27, 0xb6,
    0xc, 0x3, 0xd4, 0x60, 0x1f, 0x13, 0xe7, 0x52,
    0x0, 0x69, 0x2, 0x57, 0x50, 0xe, 0x15, 0xb5,
    0x0, 0x92, 0xf6, 0xa2, 0x0, 0x1f, 0xb0, 0x3,
    0x68, 0x4, 0x52, 0x1, 0xf6, 0x0, 0x46, 0xe0,
    0x19, 0xad, 0x0, 0x23, 0xb5, 0x0, 0x94, 0x64,
    0x3, 0x25, 0xff, 0x7e, 0x20, 0x6, 0x90, 0x67,
    0x0, 0xf0, 0x80, 0x7a, 0xc4, 0x1, 0x14, 0x20,
    0x1f, 0xc7, 0x88, 0x1, 0x97, 0xa5, 0x48, 0x2,
    0x36, 0xbc, 0x30, 0x0,

    /* U+015B "ś" */
    0x0, 0xf8, 0x7f, 0xe0, 0xf, 0xf9, 0x80, 0xe,
    0x1, 0xff, 0x48, 0x2, 0x80, 0x3f, 0xc8, 0x20,
    0x84, 0x1, 0xfe, 0xf0, 0x7, 0x80, 0x7f, 0x89,
    0x0, 0x90, 0x3, 0xfc, 0x5f, 0xed, 0x0, 0xff,
    0xe6, 0x1d, 0x6f, 0xfb, 0xad, 0x80, 0x3d, 0x38,
    0xa4, 0x0, 0x14, 0x9e, 0x30, 0xa, 0x18, 0x3,
    0xf0, 0xe1, 0x0, 0x1c, 0x2, 0x15, 0x62, 0x0,
    0xd0, 0x6, 0x1, 0xf, 0x54, 0xeb, 0x0, 0x48,
    0x1, 0xe1, 0x0, 0xa2, 0x17, 0xdc, 0x3, 0x0,
    0x87, 0xa9, 0x88, 0x5d, 0x4, 0x2, 0x80, 0xc,
    0xb3, 0xba, 0x82, 0x0, 0xcf, 0x44, 0x1, 0xc4,
    0xfb, 0x20, 0x19, 0x76, 0xd8, 0x80, 0x39, 0xa4,
    0x3, 0x92, 0x77, 0xa4, 0x80, 0x26, 0x4, 0x8a,
    0xd8, 0x0, 0xb, 0x68, 0x6, 0x3d, 0x75, 0x27,
    0x30, 0x8, 0x80, 0x30, 0xd0, 0x6, 0xcc, 0x4d,
    0x68, 0x4, 0x24, 0x6c, 0x1, 0x8d, 0x94, 0x3,
    0x40, 0x2, 0x58, 0x3, 0xf9, 0xd8, 0x2, 0x9c,
    0x62, 0x0, 0x89, 0xb6, 0x0, 0x0,

    /* U+015C "Ŝ" */
    0x0, 0xfb, 0x3f, 0xe6, 0x0, 0xff, 0xe0, 0x51,
    0x80, 0x52, 0x80, 0x1f, 0xe8, 0x50, 0x3, 0x0,
    0x2c, 0xc0, 0x3f, 0x33, 0x80, 0x2e, 0x54, 0x1,
    0xa2, 0x1, 0xe4, 0x90, 0x4, 0x20, 0x51, 0x80,
    0xe0, 0x7, 0x93, 0xfe, 0x70, 0xb, 0x3f, 0xda,
    0x1, 0xff, 0xdf, 0x17, 0xbe, 0xff, 0x75, 0xb8,
    0x80, 0x7c, 0xfd, 0x8, 0x20, 0x1, 0x48, 0xe7,
    0x0, 0xe9, 0x80, 0xf, 0xf4, 0x50, 0x4, 0xac,
    0x1, 0xc2, 0x20, 0xe, 0x57, 0x0, 0x70, 0x6,
    0x7e, 0xec, 0xe0, 0x1a, 0x4, 0x14, 0x2, 0x78,
    0x10, 0x0, 0xc4, 0x80, 0x66, 0x1, 0x0, 0xb8,
    0x3, 0xcc, 0x44, 0x57, 0x30, 0x20, 0xa, 0xc8,
    0x3, 0xdb, 0xaa, 0x84, 0x5, 0x0, 0x8b, 0x6d,
    0x88, 0x3, 0xfa, 0x44, 0x3, 0x24, 0xef, 0x52,
    0x88, 0x7, 0xf, 0x98, 0x7, 0x85, 0x6b, 0xa8,
    0x80, 0x30, 0xe5, 0xb0, 0x80, 0x7c, 0xba, 0xa0,
    0x1c, 0x93, 0xdb, 0x6, 0x1, 0xea, 0x30, 0xf,
    0x89, 0xf3, 0xa9, 0x0, 0x34, 0x81, 0x2b, 0xa8,
    0x7, 0xa, 0xda, 0x80, 0x49, 0x7b, 0x51, 0x0,
    0xf, 0xd8, 0x1, 0xb4, 0x2, 0x29, 0x0, 0xfb,
    0x0, 0x23, 0x70, 0xc, 0xd6, 0x80, 0x11, 0xda,
    0x80, 0x4a, 0x32, 0x1, 0x92, 0xff, 0xbf, 0x10,
    0x3, 0x48, 0x33, 0x80, 0x78, 0x40, 0x3d, 0x62,
    0x0, 0x8a, 0x10, 0xf, 0xe3, 0xc4, 0x0, 0xcb,
    0xd2, 0xa4, 0x1, 0x1b, 0x5e, 0x18, 0x0,

    /* U+015D "ŝ" */
    0x0, 0xe3, 0x88, 0x88, 0x3, 0xf8, 0xb1, 0xde,
    0xc1, 0x0, 0xf8, 0x70, 0x3, 0xe, 0x80, 0x7d,
    0xa2, 0x7, 0xc2, 0x7, 0x60, 0x1d, 0x66, 0x3,
    0xa3, 0x80, 0x4, 0x90, 0x8, 0x8d, 0xdd, 0xa2,
    0x5, 0x6e, 0xe1, 0x10, 0x0, 0xa2, 0x23, 0x0,
    0x92, 0x22, 0x10, 0xf, 0xfe, 0x39, 0xd6, 0xff,
    0xba, 0xd8, 0x3, 0xd3, 0x8a, 0x40, 0x1, 0x49,
    0xe3, 0x0, 0xa1, 0x80, 0x3f, 0xe, 0x10, 0x1,
    0xc0, 0x21, 0x56, 0x20, 0xd, 0x0, 0x60, 0x10,
    0xf5, 0x4e, 0xb0, 0x4, 0x80, 0x1e, 0x10, 0xa,
    0x21, 0x7d, 0xc0, 0x30, 0x8, 0x7a, 0x98, 0x85,
    0xd0, 0x40, 0x28, 0x0, 0xcb, 0x3b, 0xa8, 0x20,
    0xc, 0xf4, 0x40, 0x1c, 0x4f, 0xb2, 0x1, 0x97,
    0x6d, 0x88, 0x3, 0x9a, 0x40, 0x39, 0x27, 0x7a,
    0x48, 0x2, 0x60, 0x48, 0xad, 0x80, 0x0, 0xb6,
    0x80, 0x63, 0xd7, 0x52, 0x73, 0x0, 0x88, 0x3,
    0xd, 0x0, 0x6c, 0xc4, 0xd6, 0x80, 0x42, 0x46,
    0xc0, 0x18, 0xd9, 0x40, 0x34, 0x0, 0x25, 0x80,
    0x3f, 0x9d, 0x80, 0x29, 0xc6, 0x20, 0x8, 0x9b,
    0x60, 0x0,

    /* U+015E "Ş" */
    0x0, 0xc2, 0xf7, 0xdf, 0xee, 0xb7, 0x10, 0xf,
    0x9f, 0xa1, 0x4, 0x0, 0x29, 0x1c, 0xe0, 0x1d,
    0x30, 0x1, 0xfe, 0x8a, 0x0, 0x95, 0x80, 0x38,
    0x44, 0x1, 0xca, 0xe0, 0xe, 0x0, 0xcf, 0xdd,
    0x9c, 0x3, 0x40, 0x82, 0x80, 0x4f, 0x2, 0x0,
    0x18, 0x90, 0xc, 0xc0, 0x20, 0x17, 0x0, 0x79,
    0x88, 0x8a, 0xe6, 0x4, 0x1, 0x59, 0x0, 0x7b,
    0x75, 0x50, 0x80, 0xa0, 0x11, 0x6d, 0xb1, 0x0,
    0x7f, 0x48, 0x80, 0x64, 0x9d, 0xea, 0x51, 0x0,
    0xe1, 0xf3, 0x0, 0xf0, 0xad, 0x75, 0x10, 0x6,
    0x1c, 0xb6, 0x10, 0xf, 0x97, 0x54, 0x3, 0x92,
    0x7b, 0x60, 0xc0, 0x3d, 0x46, 0x1, 0xf1, 0x3e,
    0x75, 0x20, 0x6, 0x90, 0x25, 0x75, 0x0, 0xe1,
    0x5b, 0x50, 0x9, 0x2f, 0x6a, 0x20, 0x1, 0xfb,
    0x0, 0x36, 0x80, 0x45, 0x20, 0x1f, 0x60, 0x4,
    0x6e, 0x1, 0x9a, 0xd0, 0x2, 0x3b, 0x50, 0x9,
    0x46, 0x40, 0x32, 0x5f, 0xf7, 0xe2, 0x0, 0x69,
    0x6, 0x70, 0xf, 0x8, 0x7, 0xac, 0x40, 0x11,
    0x42, 0x1, 0xfc, 0x78, 0x80, 0x19, 0x7a, 0x54,
    0x80, 0x22, 0x6b, 0xc3, 0x0, 0xf9, 0xab, 0x5c,
    0x1, 0xb2, 0x80, 0x1f, 0xfc, 0x5, 0x0, 0x68,
    0x7, 0xff, 0xa, 0xc, 0x9, 0xc0, 0x3f, 0xf8,
    0x2b, 0xc0, 0xd, 0x0, 0xff, 0xe0, 0xee, 0x0,
    0x8, 0x3, 0xff, 0x80, 0xc4, 0x20, 0xa, 0x0,
    0xff, 0xe0, 0x88, 0x1e, 0x10, 0x7, 0x0,

    /* U+015F "ş" */
    0x0, 0x8e, 0xb7, 0xfd, 0xd6, 0xc0, 0x1e, 0x9c,
    0x52, 0x0, 0xa, 0x4f, 0x18, 0x5, 0xc, 0x1,
    0xf8, 0x70, 0x80, 0xe, 0x1, 0xa, 0xb1, 0x0,
    0x68, 0x3, 0x0, 0x87, 0xaa, 0x75, 0x80, 0x24,
    0x0, 0xf0, 0x80, 0x51, 0xb, 0xee, 0x1, 0x80,
    0x43, 0xd4, 0xc4, 0x2e, 0x82, 0x1, 0x40, 0x6,
    0x59, 0xdd, 0x41, 0x0, 0x67, 0xa2, 0x0, 0xe2,
    0x7d, 0x90, 0xc, 0xbb, 0x6c, 0x40, 0x1c, 0xd2,
    0x1, 0xc9, 0x3b, 0xd2, 0x40, 0x13, 0x2, 0x45,
    0x6c, 0x0, 0x5, 0xb4, 0x3, 0x1e, 0xba, 0x93,
    0x98, 0x4, 0x40, 0x18, 0x68, 0x3, 0x66, 0x26,
    0xb4, 0x2, 0x12, 0x36, 0x0, 0xc6, 0xca, 0x1,
    0xa0, 0x1, 0x2c, 0x1, 0xfc, 0xec, 0x1, 0x4e,
    0x31, 0x0, 0x44, 0xdb, 0x0, 0x1c, 0x73, 0xa2,
    0xf, 0xb2, 0x40, 0x1f, 0x90, 0x41, 0xdc, 0x1,
    0xfe, 0x57, 0x0, 0x40, 0x80, 0x7f, 0xc, 0x30,
    0x0, 0x80, 0x3f, 0x9b, 0x58, 0x0, 0x40, 0x1f,
    0xd6, 0x40, 0x5, 0x10, 0xf, 0xe6, 0x0, 0x35,
    0x0, 0x70,

    /* U+0160 "Š" */
    0x0, 0x8f, 0xfe, 0x90, 0xa, 0xff, 0xdc, 0x20,
    0x1c, 0x76, 0x0, 0x66, 0x4, 0xa0, 0x3, 0x4,
    0x3, 0xc9, 0x20, 0x9, 0x93, 0x0, 0x2c, 0x80,
    0x3f, 0x33, 0x0, 0xc, 0x0, 0x94, 0x0, 0xff,
    0x4a, 0x0, 0x4e, 0xc0, 0x1f, 0xfc, 0xb, 0xff,
    0xa0, 0x3, 0xff, 0xc4, 0x2f, 0x7d, 0xfe, 0xeb,
    0x71, 0x0, 0xf9, 0xfa, 0x10, 0x40, 0x2, 0x91,
    0xce, 0x1, 0xd3, 0x0, 0x1f, 0xe8, 0xa0, 0x9,
    0x58, 0x3, 0x84, 0x40, 0x1c, 0xae, 0x0, 0xe0,
    0xc, 0xfd, 0xd9, 0xc0, 0x34, 0x8, 0x28, 0x4,
    0xf0, 0x20, 0x1, 0x89, 0x0, 0xcc, 0x2, 0x1,
    0x70, 0x7, 0x98, 0x88, 0xae, 0x60, 0x40, 0x15,
    0x90, 0x7, 0xb7, 0x55, 0x8, 0xa, 0x1, 0x16,
    0xdb, 0x10, 0x7, 0xf4, 0x88, 0x6, 0x49, 0xde,
    0xa5, 0x10, 0xe, 0x1f, 0x30, 0xf, 0xa, 0xd7,
    0x51, 0x0, 0x61, 0xcb, 0x61, 0x0, 0xf9, 0x75,
    0x40, 0x39, 0x27, 0xb6, 0xc, 0x3, 0xd4, 0x60,
    0x1f, 0x13, 0xe7, 0x52, 0x0, 0x69, 0x2, 0x57,
    0x50, 0xe, 0x15, 0xb5, 0x0, 0x92, 0xf6, 0xa2,
    0x0, 0x1f, 0xb0, 0x3, 0x68, 0x4, 0x52, 0x1,
    0xf6, 0x0, 0x46, 0xe0, 0x19, 0xad, 0x0, 0x23,
    0xb5, 0x0, 0x94, 0x64, 0x3, 0x25, 0xff, 0x7e,
    0x20, 0x6, 0x90, 0x67, 0x0, 0xf0, 0x80, 0x7a,
    0xc4, 0x1, 0x14, 0x20, 0x1f, 0xc7, 0x88, 0x1,
    0x97, 0xa5, 0x48, 0x2, 0x36, 0xbc, 0x30, 0x0,

    /* U+0161 "š" */
    0x3, 0x88, 0x88, 0x2, 0x48, 0x88, 0x40, 0x6,
    0x67, 0x77, 0x88, 0x1d, 0xbb, 0x80, 0x40, 0x2a,
    0x20, 0x2d, 0x2d, 0x0, 0x2c, 0x0, 0x61, 0xf1,
    0x3, 0xd1, 0x3, 0xa0, 0xf, 0x16, 0x80, 0x62,
    0xd0, 0xf, 0xc7, 0x6e, 0xf7, 0x88, 0x7, 0xf2,
    0x44, 0x44, 0x1, 0xff, 0xcb, 0x3a, 0xdf, 0xf7,
    0x5b, 0x0, 0x7a, 0x71, 0x48, 0x0, 0x29, 0x3c,
    0x60, 0x14, 0x30, 0x7, 0xe1, 0xc2, 0x0, 0x38,
    0x4, 0x2a, 0xc4, 0x1, 0xa0, 0xc, 0x2, 0x1e,
    0xa9, 0xd6, 0x0, 0x90, 0x3, 0xc2, 0x1, 0x44,
    0x2f, 0xb8, 0x6, 0x1, 0xf, 0x53, 0x10, 0xba,
    0x8, 0x5, 0x0, 0x19, 0x67, 0x75, 0x4, 0x1,
    0x9e, 0x88, 0x3, 0x89, 0xf6, 0x40, 0x32, 0xed,
    0xb1, 0x0, 0x73, 0x48, 0x7, 0x24, 0xef, 0x49,
    0x0, 0x4c, 0x9, 0x15, 0xb0, 0x0, 0x16, 0xd0,
    0xc, 0x7a, 0xea, 0x4e, 0x60, 0x11, 0x0, 0x61,
    0xa0, 0xd, 0x98, 0x9a, 0xd0, 0x8, 0x48, 0xd8,
    0x3, 0x1b, 0x28, 0x6, 0x80, 0x4, 0xb0, 0x7,
    0xf3, 0xb0, 0x5, 0x38, 0xc4, 0x1, 0x13, 0x6c,
    0x0, 0x0,

    /* U+0162 "Ţ" */
    0xbf, 0xff, 0xfe, 0x28, 0x7, 0xff, 0x60, 0x47,
    0xe0, 0xc, 0x23, 0xf5, 0x77, 0x78, 0x40, 0x2d,
    0xee, 0xf0, 0x7, 0xff, 0xfc, 0x3, 0xff, 0xfe,
    0x1, 0xff, 0xff, 0x0, 0xff, 0xff, 0x80, 0x7f,
    0xf0, 0x68, 0x1, 0xc6, 0x1, 0xff, 0xc1, 0xe0,
    0x4, 0x0, 0x7f, 0xf0, 0xb4, 0x41, 0x9c, 0x3,
    0xff, 0x82, 0xfe, 0x0, 0xc0, 0xf, 0xfe, 0xe,
    0x78, 0x0, 0x40, 0x3f, 0xf8, 0x8, 0x62, 0x0,
    0xe0, 0xf, 0xfe, 0x0, 0x90, 0x15, 0xa0, 0x7,
    0x80,

    /* U+0163 "ţ" */
    0x0, 0x9e, 0x22, 0x10, 0xf, 0xa1, 0xde, 0x30,
    0xf, 0xfe, 0xe5, 0xff, 0x80, 0x36, 0xff, 0xda,
    0x1, 0xff, 0xcc, 0x9c, 0xc0, 0x6, 0xac, 0xcb,
    0xc8, 0xcc, 0x1, 0x9c, 0xce, 0x20, 0xf, 0xff,
    0xf8, 0x80, 0x42, 0x1, 0xff, 0x58, 0x7, 0xca,
    0x1, 0x3e, 0x55, 0xd0, 0x5, 0xc0, 0x18, 0xd5,
    0x1c, 0x2, 0x55, 0x0, 0x7f, 0xd5, 0x42, 0x0,
    0x85, 0x0, 0x39, 0x44, 0x17, 0xfa, 0x40, 0x38,
    0x8c, 0x15, 0x80, 0x3e, 0x37, 0x0, 0x48, 0x80,
    0x78, 0x61, 0xc0, 0xa, 0x1, 0xe5, 0xd7, 0x0,
    0x38, 0x7, 0xb8, 0x80, 0x6, 0x60, 0xf, 0x8,
    0x1, 0x74, 0x0,

    /* U+0164 "Ť" */
    0x0, 0x96, 0x20, 0xe0, 0x19, 0xa2, 0xc, 0x1,
    0xe7, 0x67, 0x8a, 0x0, 0x3c, 0xbb, 0x88, 0x3,
    0xc5, 0xa0, 0x5, 0x74, 0x80, 0x5, 0x20, 0x7,
    0xc7, 0x40, 0x8, 0xb0, 0x3, 0xa8, 0x7, 0xf2,
    0xc0, 0x6, 0x58, 0x0, 0xff, 0x9e, 0x5d, 0xd1,
    0x40, 0x1f, 0xfc, 0x16, 0x88, 0x38, 0x7, 0xff,
    0x36, 0xff, 0xff, 0xf8, 0xa0, 0x1f, 0xfd, 0x81,
    0x1f, 0x80, 0x30, 0x8f, 0xd5, 0xdd, 0xe1, 0x0,
    0xb7, 0xbb, 0xc0, 0x1f, 0xff, 0xf0, 0xf, 0xff,
    0xf8, 0x7, 0xff, 0xfc, 0x3, 0xff, 0xfe, 0x1,
    0xe0,

    /* U+0165 "ť" */
    0x0, 0xff, 0x47, 0xfd, 0x20, 0x1f, 0xfe, 0xb9,
    0xd8, 0x0, 0xe7, 0x7c, 0x20, 0x1, 0x2f, 0xe,
    0x0, 0xa2, 0x31, 0x80, 0xa, 0x5c, 0x14, 0x3,
    0xfc, 0x8c, 0x10, 0x40, 0x1f, 0xe4, 0xbd, 0x70,
    0xf, 0xf8, 0x90, 0x80, 0x17, 0xfe, 0x0, 0xdb,
    0xff, 0x68, 0x7, 0xff, 0x56, 0x73, 0x0, 0x1a,
    0xb3, 0x2f, 0x0, 0x88, 0xcc, 0x1, 0x9c, 0xce,
    0x20, 0xf, 0xff, 0xf8, 0x7, 0xff, 0x24, 0x40,
    0x21, 0x0, 0xff, 0xe1, 0x58, 0x7, 0xf9, 0x40,
    0x27, 0xca, 0xa4, 0x80, 0x7b, 0x80, 0x31, 0xaa,
    0x90, 0x3, 0xca, 0xa0, 0xf, 0xfe, 0x15, 0x51,
    0x4, 0x0, 0x28, 0x1, 0x0,

    /* U+0166 "Ŧ" */
    0xbf, 0xff, 0xfe, 0x28, 0x7, 0xff, 0x60, 0x47,
    0xe0, 0xc, 0x23, 0xf5, 0x77, 0x78, 0x40, 0x2d,
    0xee, 0xf0, 0x7, 0xff, 0xb0, 0x8b, 0x80, 0x33,
    0x11, 0x60, 0xd, 0xbb, 0xc2, 0x1, 0x56, 0xee,
    0x50, 0xf, 0xff, 0x6f, 0xff, 0x8, 0x5, 0x9f,
    0xf9, 0x40, 0x3f, 0xff, 0xe0, 0x1f, 0xff, 0xa0,

    /* U+0167 "ŧ" */
    0x0, 0x9e, 0x22, 0x10, 0xf, 0xd0, 0xef, 0x18,
    0x7, 0xff, 0x82, 0xff, 0xc0, 0x1b, 0x7f, 0xed,
    0x0, 0xff, 0xe7, 0xce, 0x60, 0x3, 0x56, 0x65,
    0xe0, 0x46, 0x60, 0xc, 0xe6, 0x71, 0x0, 0x7f,
    0xf0, 0x88, 0xcc, 0x1, 0x9c, 0xcf, 0xc, 0xe6,
    0x0, 0x35, 0x66, 0x67, 0x0, 0xff, 0xe7, 0x5f,
    0xf8, 0x3, 0x6f, 0xfe, 0x60, 0x8, 0x40, 0x21,
    0x0, 0xff, 0xe0, 0x58, 0x7, 0xe5, 0x0, 0x9f,
    0x2a, 0x92, 0x1, 0xb8, 0x3, 0x1a, 0xa9, 0x0,
    0x32, 0xa8, 0x3, 0xff, 0x81, 0x54, 0x41, 0x0,
    0xa, 0x0,

    /* U+0168 "Ũ" */
    0x0, 0xc9, 0xbf, 0xac, 0x1, 0x5e, 0x30, 0x7,
    0xd4, 0x40, 0x53, 0x84, 0x8, 0x78, 0x1, 0xe4,
    0x10, 0xc, 0x7b, 0xc0, 0x1f, 0xc2, 0x0, 0xaf,
    0x70, 0x0, 0x80, 0x3c, 0x3, 0xce, 0x66, 0x10,
    0x8c, 0x40, 0x17, 0x50, 0xf, 0x16, 0x61, 0x0,
    0x7, 0x7f, 0xd0, 0x1, 0xff, 0xdc, 0xef, 0xf8,
    0xc0, 0x3f, 0x3f, 0xfd, 0x60, 0x1f, 0xff, 0xf0,
    0xf, 0xff, 0xf8, 0x7, 0xff, 0xfc, 0x3, 0xf0,
    0x98, 0x4, 0xc0, 0x1f, 0xb8, 0x3, 0x30, 0x5,
    0xc0, 0x1f, 0x9c, 0x2, 0xdc, 0x0, 0x91, 0x40,
    0x3d, 0x22, 0x1, 0x23, 0x0, 0x6a, 0x81, 0x0,
    0x1d, 0xb0, 0x4, 0x66, 0x18, 0x0, 0xcf, 0xdc,
    0xfc, 0x40, 0xd, 0xe0, 0x7, 0x60, 0xe, 0x10,
    0xf, 0x49, 0x80, 0x53, 0x0, 0x1f, 0xc3, 0x6c,
    0x1, 0xcf, 0xd0, 0x82, 0x0, 0x14, 0x9e, 0x40,
    0x8,

    /* U+0169 "ũ" */
    0x0, 0xcd, 0x76, 0x50, 0xf, 0xf9, 0x65, 0x11,
    0x54, 0x0, 0x3f, 0xf8, 0x40, 0x37, 0x0, 0x65,
    0xc1, 0xe0, 0x1, 0x0, 0x67, 0x0, 0x30, 0x81,
    0xf3, 0x0, 0x8, 0x3, 0x38, 0x14, 0xf3, 0x0,
    0x64, 0x10, 0xd, 0x7f, 0xa0, 0x9, 0xc5, 0x36,
    0xa0, 0xf, 0xf8, 0xeb, 0x24, 0x40, 0x3f, 0xf8,
    0xc7, 0xff, 0x80, 0x3c, 0x5f, 0xf8, 0x3, 0xff,
    0xfe, 0x1, 0xff, 0xe4, 0x10, 0xf, 0xfe, 0x1b,
    0x80, 0x61, 0x0, 0xc6, 0x1, 0xc2, 0x1, 0x88,
    0x3, 0x50, 0x7, 0x48, 0x7, 0x18, 0x4, 0xce,
    0x0, 0x19, 0x30, 0xe, 0xb0, 0xd, 0x1f, 0xdc,
    0x60, 0xf, 0x38, 0x80, 0x70, 0x80, 0x7f, 0x68,
    0x80, 0x7c, 0xca, 0x1, 0xc7, 0xee, 0x40, 0x1,
    0x5b, 0x90, 0xc,

    /* U+016A "Ū" */
    0x0, 0xe3, 0x3f, 0x88, 0x3, 0xf8, 0xf3, 0x3e,
    0xd0, 0xf, 0xff, 0x9, 0xff, 0xfe, 0x0, 0xff,
    0xf7, 0xf7, 0xfc, 0x60, 0x1f, 0x9f, 0xfe, 0xb0,
    0xf, 0xff, 0xf8, 0x7, 0xff, 0xfc, 0x3, 0xff,
    0xfe, 0x1, 0xf8, 0x4c, 0x2, 0x60, 0xf, 0xdc,
    0x1, 0x98, 0x2, 0xe0, 0xf, 0xce, 0x1, 0x6e,
    0x0, 0x48, 0xa0, 0x1e, 0x91, 0x0, 0x91, 0x80,
    0x35, 0x40, 0x80, 0xe, 0xd8, 0x2, 0x33, 0xc,
    0x0, 0x67, 0xee, 0x7e, 0x20, 0x6, 0xf0, 0x3,
    0xb0, 0x7, 0x8, 0x7, 0xa4, 0xc0, 0x29, 0x80,
    0xf, 0xe1, 0xb6, 0x0, 0xe7, 0xe8, 0x41, 0x0,
    0xa, 0x4f, 0x20, 0x4,

    /* U+016B "ū" */
    0x0, 0xd7, 0xff, 0xf3, 0x80, 0x7f, 0xf6, 0xe7,
    0x33, 0xe6, 0x0, 0xf8, 0x8c, 0xfe, 0x10, 0xf,
    0xfe, 0xb9, 0xff, 0xe0, 0xf, 0x17, 0xfe, 0x0,
    0xff, 0xff, 0x80, 0x7f, 0xf9, 0x4, 0x3, 0xff,
    0x86, 0xe0, 0x18, 0x40, 0x31, 0x80, 0x70, 0x80,
    0x62, 0x0, 0xd4, 0x1, 0xd2, 0x1, 0xc6, 0x1,
    0x33, 0x80, 0x6, 0x4c, 0x3, 0xac, 0x3, 0x47,
    0xf7, 0x18, 0x3, 0xce, 0x20, 0x1c, 0x20, 0x1f,
    0xda, 0x20, 0x1f, 0x32, 0x80, 0x71, 0xfb, 0x90,
    0x0, 0x56, 0xe4, 0x3, 0x0,

    /* U+016C "Ŭ" */
    0x0, 0xdb, 0xfe, 0x50, 0x4, 0xff, 0xa4, 0x3,
    0xf3, 0x80, 0x21, 0x19, 0x80, 0xf, 0x0, 0xfd,
    0x20, 0x2, 0xb9, 0x0, 0xb, 0x80, 0x7e, 0x38,
    0x0, 0xf5, 0x8, 0x7, 0xf3, 0xd1, 0x80, 0x13,
    0x10, 0x3, 0xfe, 0x5c, 0xff, 0x59, 0x80, 0x7f,
    0xf3, 0x3b, 0xfe, 0x30, 0xf, 0xcf, 0xff, 0x58,
    0x7, 0xff, 0xfc, 0x3, 0xff, 0xfe, 0x1, 0xff,
    0xff, 0x0, 0xfc, 0x26, 0x1, 0x30, 0x7, 0xee,
    0x0, 0xcc, 0x1, 0x70, 0x7, 0xe7, 0x0, 0xb7,
    0x0, 0x24, 0x50, 0xf, 0x48, 0x80, 0x48, 0xc0,
    0x1a, 0xa0, 0x40, 0x7, 0x6c, 0x1, 0x19, 0x86,
    0x0, 0x33, 0xf7, 0x3f, 0x10, 0x3, 0x78, 0x1,
    0xd8, 0x3, 0x84, 0x3, 0xd2, 0x60, 0x14, 0xc0,
    0x7, 0xf0, 0xdb, 0x0, 0x73, 0xf4, 0x20, 0x80,
    0x5, 0x27, 0x90, 0x2,

    /* U+016D "ŭ" */
    0x0, 0x8a, 0x20, 0xc0, 0x14, 0x44, 0x20, 0x1c,
    0xce, 0xe9, 0x40, 0x77, 0xc2, 0x1, 0xc8, 0x20,
    0xb, 0xf8, 0x0, 0x20, 0x7, 0xd4, 0x1, 0xe1,
    0x90, 0xf, 0x93, 0x8, 0x2, 0x4c, 0x20, 0xf,
    0xc7, 0xba, 0xce, 0xb2, 0x0, 0xff, 0x88, 0xc4,
    0x3, 0xc7, 0xff, 0x80, 0x3c, 0x5f, 0xf8, 0x3,
    0xff, 0xfe, 0x1, 0xff, 0xe4, 0x10, 0xf, 0xfe,
    0x1b, 0x80, 0x61, 0x0, 0xc6, 0x1, 0xc2, 0x1,
    0x88, 0x3, 0x50, 0x7, 0x48, 0x7, 0x18, 0x4,
    0xce, 0x0, 0x19, 0x30, 0xe, 0xb0, 0xd, 0x1f,
    0xdc, 0x60, 0xf, 0x38, 0x80, 0x70, 0x80, 0x7f,
    0x68, 0x80, 0x7c, 0xca, 0x1, 0xc7, 0xee, 0x40,
    0x1, 0x5b, 0x90, 0xc,

    /* U+016E "Ů" */
    0x0, 0xf8, 0x99, 0x84, 0x1, 0xff, 0xc1, 0x7d,
    0x99, 0x6c, 0x0, 0x7f, 0xcd, 0x0, 0x19, 0xd8,
    0x3, 0xfd, 0x60, 0x5d, 0xc2, 0xb, 0x0, 0xff,
    0x10, 0x58, 0x8a, 0xc0, 0x80, 0x3f, 0xf8, 0x1c,
    0x0, 0xe0, 0xf, 0xfe, 0x2, 0x83, 0xcc, 0x38,
    0x20, 0x7, 0xfa, 0x4, 0x19, 0xc0, 0x64, 0x3,
    0xfc, 0x58, 0xa0, 0x4, 0xc2, 0x0, 0xff, 0x8a,
    0xbf, 0xd6, 0x40, 0x1f, 0xfc, 0xce, 0xff, 0x8c,
    0x3, 0xf3, 0xff, 0xd6, 0x1, 0xff, 0xff, 0x0,
    0xff, 0xff, 0x80, 0x7f, 0xff, 0xc0, 0x3f, 0x9,
    0x80, 0x4c, 0x1, 0xfb, 0x80, 0x33, 0x0, 0x5c,
    0x1, 0xf9, 0xc0, 0x2d, 0xc0, 0x9, 0x14, 0x3,
    0xd2, 0x20, 0x12, 0x30, 0x6, 0xa8, 0x10, 0x1,
    0xdb, 0x0, 0x46, 0x61, 0x80, 0xc, 0xfd, 0xcf,
    0xc4, 0x0, 0xde, 0x0, 0x76, 0x0, 0xe1, 0x0,
    0xf4, 0x98, 0x5, 0x30, 0x1, 0xfc, 0x36, 0xc0,
    0x1c, 0xfd, 0x8, 0x20, 0x1, 0x49, 0xe4, 0x0,
    0x80,

    /* U+016F "ů" */
    0x0, 0xf3, 0xf7, 0xea, 0x80, 0x7f, 0xaa, 0x4,
    0xa, 0x9c, 0x3, 0xf2, 0x28, 0x1c, 0x10, 0x40,
    0x80, 0x7d, 0xa0, 0x38, 0xfe, 0x0, 0x40, 0xf,
    0x8c, 0x8, 0x0, 0x40, 0x3, 0x0, 0xfb, 0x40,
    0xd4, 0x20, 0x0, 0xa0, 0x1f, 0x30, 0x85, 0x7b,
    0x81, 0x98, 0x3, 0xe1, 0xd1, 0x0, 0x8f, 0x40,
    0x3f, 0x8f, 0xaa, 0x2f, 0x4, 0x3, 0xfe, 0x57,
    0x40, 0xf, 0x1f, 0xfe, 0x0, 0xf1, 0x7f, 0xe0,
    0xf, 0xff, 0xf8, 0x7, 0xff, 0x90, 0x40, 0x3f,
    0xf8, 0x6e, 0x1, 0x84, 0x3, 0x18, 0x7, 0x8,
    0x6, 0x20, 0xd, 0x40, 0x1d, 0x20, 0x1c, 0x60,
    0x13, 0x38, 0x0, 0x64, 0xc0, 0x3a, 0xc0, 0x34,
    0x7f, 0x71, 0x80, 0x3c, 0xe2, 0x1, 0xc2, 0x1,
    0xfd, 0xa2, 0x1, 0xf3, 0x28, 0x7, 0x1f, 0xb9,
    0x0, 0x5, 0x6e, 0x40, 0x30,

    /* U+0170 "Ű" */
    0x0, 0xf6, 0xff, 0x88, 0x1, 0x1f, 0xe8, 0x0,
    0xf9, 0x8, 0x10, 0x80, 0xc, 0x0, 0x90, 0xf,
    0xbc, 0x1, 0xc0, 0x5, 0x10, 0x51, 0x0, 0xf1,
    0x20, 0xa, 0x80, 0x24, 0x1, 0xc0, 0x1f, 0x50,
    0x2, 0x40, 0x4, 0x60, 0x48, 0x1, 0xf3, 0x0,
    0x18, 0x1, 0x60, 0xb, 0x0, 0xfd, 0xdf, 0xe1,
    0x0, 0x4f, 0xf9, 0x80, 0x3f, 0xfb, 0x9d, 0xff,
    0x18, 0x7, 0xe7, 0xff, 0xac, 0x3, 0xff, 0xfe,
    0x1, 0xff, 0xff, 0x0, 0xff, 0xff, 0x80, 0x7e,
    0x13, 0x0, 0x98, 0x3, 0xf7, 0x0, 0x66, 0x0,
    0xb8, 0x3, 0xf3, 0x80, 0x5b, 0x80, 0x12, 0x28,
    0x7, 0xa4, 0x40, 0x24, 0x60, 0xd, 0x50, 0x20,
    0x3, 0xb6, 0x0, 0x8c, 0xc3, 0x0, 0x19, 0xfb,
    0x9f, 0x88, 0x1, 0xbc, 0x0, 0xec, 0x1, 0xc2,
    0x1, 0xe9, 0x30, 0xa, 0x60, 0x3, 0xf8, 0x6d,
    0x80, 0x39, 0xfa, 0x10, 0x40, 0x2, 0x93, 0xc8,
    0x1, 0x0,

    /* U+0171 "ű" */
    0x0, 0xe3, 0xff, 0x60, 0x5, 0xbf, 0xe2, 0x0,
    0xe9, 0x0, 0x50, 0x1, 0x8, 0x10, 0x80, 0x30,
    0xa8, 0xb, 0x0, 0x3c, 0x1, 0xc0, 0x1c, 0xc0,
    0x6, 0x0, 0x12, 0x0, 0xa8, 0x7, 0x48, 0x2,
    0x80, 0x14, 0x0, 0x90, 0xe, 0x41, 0x4, 0x20,
    0x3, 0x0, 0x18, 0x3, 0x93, 0xfd, 0x60, 0x17,
    0x7f, 0x84, 0x3, 0xff, 0x8c, 0x7f, 0xf8, 0x3,
    0xc5, 0xff, 0x80, 0x3f, 0xff, 0xe0, 0x1f, 0xfe,
    0x41, 0x0, 0xff, 0xe1, 0xb8, 0x6, 0x10, 0xc,
    0x60, 0x1c, 0x20, 0x18, 0x80, 0x35, 0x0, 0x74,
    0x80, 0x71, 0x80, 0x4c, 0xe0, 0x1, 0x93, 0x0,
    0xeb, 0x0, 0xd1, 0xfd, 0xc6, 0x0, 0xf3, 0x88,
    0x7, 0x8, 0x7, 0xf6, 0x88, 0x7, 0xcc, 0xa0,
    0x1c, 0x7e, 0xe4, 0x0, 0x15, 0xb9, 0x0, 0xc0,

    /* U+0172 "Ų" */
    0xef, 0xf8, 0xc0, 0x3f, 0x3f, 0xfd, 0x60, 0x1f,
    0xff, 0xf0, 0xf, 0xff, 0xf8, 0x7, 0xff, 0xfc,
    0x3, 0xf0, 0x98, 0x4, 0xc0, 0x1f, 0xb8, 0x3,
    0x30, 0x5, 0xc0, 0x1f, 0x9c, 0x2, 0xdc, 0x0,
    0x91, 0x40, 0x3d, 0x22, 0x1, 0x23, 0x0, 0x6a,
    0x81, 0x0, 0x1d, 0xb0, 0x4, 0x66, 0x18, 0x0,
    0xcf, 0xdc, 0xfc, 0x40, 0xd, 0xe0, 0x7, 0x60,
    0xe, 0x10, 0xf, 0x49, 0x80, 0x53, 0x0, 0x1f,
    0xc3, 0x6c, 0x1, 0xcf, 0xd0, 0x82, 0x1, 0x97,
    0xd0, 0x3, 0xe1, 0x7b, 0xe1, 0x0, 0x35, 0x8,
    0x7, 0xfc, 0x82, 0x5, 0x20, 0x1f, 0xfc, 0x12,
    0x0, 0x85, 0x0, 0x3f, 0xf8, 0x4, 0x0, 0x2e,
    0xb3, 0x0, 0xff, 0x90, 0x80, 0x34, 0x0, 0x7f,
    0xf0, 0x31, 0x40, 0x5a, 0xc0, 0x30,

    /* U+0173 "ų" */
    0x3f, 0xfc, 0x1, 0xe2, 0xff, 0xc0, 0x1f, 0xff,
    0xf0, 0xf, 0xff, 0x20, 0x80, 0x7f, 0xf0, 0xdc,
    0x3, 0x8, 0x6, 0x30, 0xe, 0x10, 0xc, 0x40,
    0x1a, 0x80, 0x3a, 0x40, 0x38, 0xc0, 0x26, 0x70,
    0x0, 0xc9, 0x80, 0x75, 0x80, 0x68, 0xfe, 0xe3,
    0x0, 0x79, 0xc4, 0x3, 0x84, 0x3, 0xfb, 0x44,
    0x3, 0xe6, 0x50, 0xe, 0x3f, 0x72, 0x0, 0xa,
    0xdf, 0xa8, 0x7, 0x86, 0x37, 0xfd, 0xd4, 0x12,
    0x0, 0x2b, 0x0, 0xff, 0x50, 0x0, 0xf5, 0x0,
    0x3f, 0x90, 0x40, 0x74, 0x3, 0xfe, 0x20, 0x1,
    0x2, 0x0, 0x7f, 0x88, 0x0, 0x7d, 0x66, 0x1,
    0xfc, 0x84, 0x1, 0xa4, 0x3, 0xfd, 0x8a, 0x2,
    0xd4,

    /* U+0174 "Ŵ" */
    0x0, 0xff, 0xe0, 0xb, 0xc4, 0x14, 0x3, 0xff,
    0x9b, 0x50, 0xee, 0xa5, 0x0, 0xff, 0xe5, 0xca,
    0x0, 0x6a, 0x30, 0xf, 0xfe, 0x4b, 0xb0, 0x3,
    0x18, 0x1, 0xa4, 0x1, 0xff, 0xc7, 0x58, 0x0,
    0x51, 0xc9, 0x80, 0xf8, 0x80, 0x7f, 0xf1, 0x89,
    0xdd, 0x2a, 0x0, 0xd7, 0x72, 0xa8, 0x3, 0xff,
    0x8c, 0xf1, 0x6, 0x0, 0x86, 0x22, 0x40, 0xf,
    0xfe, 0xdc, 0xff, 0xd6, 0x1, 0xf3, 0xff, 0xe1,
    0x0, 0xf0, 0xff, 0xe3, 0xd0, 0x9, 0x0, 0x3e,
    0xc0, 0xc, 0xe0, 0x1e, 0x40, 0x8, 0x4d, 0x0,
    0x32, 0x0, 0x79, 0x0, 0x36, 0x0, 0x7b, 0x0,
    0x24, 0x0, 0x20, 0x5, 0x80, 0x1c, 0x80, 0x1c,
    0x80, 0x1e, 0x40, 0xb, 0xc0, 0x1a, 0x1, 0x20,
    0x7, 0x60, 0x7, 0x9, 0x80, 0x62, 0x20, 0x4,
    0x80, 0x4, 0x0, 0x8c, 0x40, 0x32, 0x0, 0x79,
    0x0, 0x32, 0x0, 0x46, 0x20, 0x2, 0x20, 0x4,
    0x80, 0x10, 0x98, 0x7, 0xb0, 0x3, 0x60, 0x4,
    0x80, 0x19, 0x40, 0x2c, 0x0, 0x90, 0x2, 0x30,
    0x9, 0x0, 0x32, 0x0, 0x56, 0x1, 0xb0, 0x2,
    0x40, 0xb, 0x0, 0x2b, 0x30, 0x9, 0x0, 0x6,
    0x20, 0x1, 0x30, 0xc, 0x80, 0x11, 0x10, 0x0,
    0x80, 0x12, 0xa0, 0x5, 0x80, 0x4, 0x0, 0x90,
    0x3, 0xca, 0x1, 0x20, 0x9, 0x0, 0x4, 0xac,
    0x2, 0x40, 0x6, 0x0, 0x5e, 0x1, 0xec, 0x0,
    0xb0, 0x1c, 0x2, 0x70, 0x31, 0x0, 0x18, 0x82,
    0x0, 0x48, 0x1, 0xe7, 0x0, 0x90, 0x30, 0x2,
    0xc0, 0x2, 0x0, 0x48, 0x80, 0x8, 0xc4, 0x3,
    0xc2, 0x40, 0x1, 0x34, 0x0, 0x90, 0x1, 0x80,
    0x16, 0x60, 0x2, 0xb0, 0xf, 0xca, 0x1, 0x48,
    0x80, 0xc, 0x40, 0xe, 0x1, 0x22, 0x0, 0x24,
    0x0, 0xfd, 0x60, 0x12, 0x80, 0x56, 0x1, 0x9,
    0x0, 0x8, 0xc0, 0x2, 0x60, 0x1f, 0x8c, 0x3,
    0xe4, 0x0, 0xca, 0x1, 0xe4, 0x0, 0xff, 0x28,
    0x7, 0x9, 0x80, 0x6c, 0x0, 0xf7, 0x80, 0x7f,
    0xb0, 0x3, 0x90, 0x3, 0x90, 0x3, 0xc8, 0x1,
    0xfe, 0x70, 0xe, 0xf0, 0xf, 0x20, 0x6, 0x31,
    0x0, 0xff, 0x9, 0x80, 0x64, 0x0, 0xf6, 0x80,
    0x6b, 0x0, 0xff, 0xe0, 0x20, 0x4, 0x62, 0x1,
    0xe4, 0x0, 0xc8, 0x1, 0xe0,

    /* U+0175 "ŵ" */
    0x0, 0xfe, 0x1e, 0xff, 0x90, 0x3, 0xff, 0x8d,
    0xa2, 0x1, 0x59, 0x0, 0x7f, 0xf1, 0x28, 0xc0,
    0x54, 0x1, 0x82, 0x1, 0xff, 0xc2, 0x85, 0x0,
    0x65, 0x18, 0xe, 0x80, 0x7f, 0xf0, 0x59, 0xc0,
    0x14, 0x41, 0xa2, 0x7, 0x60, 0x1f, 0xfc, 0x6,
    0xff, 0x94, 0x0, 0x3d, 0xfe, 0xb0, 0xf, 0xfe,
    0x92, 0x7f, 0xd6, 0x1, 0xd5, 0xff, 0x8, 0x6,
    0x5f, 0xfa, 0x90, 0x2, 0x40, 0xe, 0x40, 0x9,
    0x0, 0x36, 0x0, 0x58, 0xa, 0x1, 0x28, 0x4,
    0x62, 0x1, 0x78, 0x6, 0x70, 0x9, 0xc3, 0x0,
    0x2c, 0x0, 0xac, 0x3, 0x20, 0x4, 0x62, 0x0,
    0x31, 0x7, 0x0, 0x9c, 0x2, 0x50, 0xc, 0x26,
    0x0, 0x40, 0x9, 0x0, 0x2, 0x60, 0x1, 0x30,
    0x12, 0x0, 0xeb, 0x0, 0x58, 0x5, 0x60, 0x12,
    0x0, 0x48, 0xe, 0x1, 0x28, 0x1, 0x40, 0x4c,
    0x0, 0x26, 0x1, 0x58, 0x5, 0x61, 0xa0, 0x4,
    0xe0, 0x1, 0xa, 0x0, 0x48, 0x1, 0x8c, 0x40,
    0x6, 0x28, 0x0, 0xd4, 0x0, 0x9f, 0xc0, 0x2f,
    0x0, 0xe4, 0x0, 0xa0, 0x2, 0x70, 0x50, 0x6,
    0xa0, 0x4, 0x80, 0x1d, 0xe0, 0x13, 0x0, 0x10,
    0x43, 0xc0, 0x8, 0x20, 0x3, 0x10, 0xe, 0x40,
    0xf, 0x68, 0x1, 0x40, 0x3d, 0x60, 0x1e, 0x13,
    0x0, 0xe7, 0x0, 0x90, 0x3, 0x94, 0x3, 0xeb,
    0x0, 0xc6, 0x20, 0x17, 0x0, 0x61, 0x20, 0xf,
    0x94, 0x3, 0x58, 0x6, 0x40, 0xc, 0xe0, 0x1f,
    0x88, 0x40, 0x25, 0x0, 0xc2, 0x80, 0x16, 0x0,
    0x7f, 0x38, 0x0, 0x88, 0x1, 0xda, 0x1, 0x28,
    0x6,

    /* U+0176 "Ŷ" */
    0x0, 0xf8, 0x99, 0xa1, 0x0, 0xff, 0xe0, 0x96,
    0x4c, 0xda, 0x1, 0xff, 0xc0, 0x1f, 0x10, 0x8,
    0xe8, 0x3, 0xfe, 0xa2, 0x2, 0xc0, 0x2, 0xc0,
    0x7, 0xf4, 0xa0, 0x3, 0xce, 0x80, 0xe, 0xc0,
    0x1f, 0x19, 0x22, 0x2c, 0x81, 0x61, 0x11, 0x82,
    0x1, 0xe3, 0xbb, 0x90, 0x2, 0x7b, 0xb5, 0x8,
    0x7, 0xff, 0x2a, 0xff, 0xf0, 0x80, 0x7c, 0x5f,
    0xfa, 0x64, 0x1, 0xa0, 0x3, 0xe9, 0x0, 0xd0,
    0x4c, 0x1, 0x31, 0x80, 0x72, 0x20, 0x2, 0x81,
    0x8, 0x0, 0xd0, 0x1, 0xd2, 0x1, 0xb, 0x80,
    0x6, 0x0, 0x24, 0x50, 0x9, 0x88, 0x2, 0xb0,
    0xc, 0xe4, 0x1, 0x40, 0x5, 0x0, 0x11, 0xa8,
    0x7, 0x40, 0x4, 0x4e, 0x10, 0x20, 0x17, 0x80,
    0x79, 0x4c, 0x2, 0x93, 0x70, 0x9, 0x4c, 0x3,
    0xef, 0x0, 0x87, 0x0, 0x34, 0x0, 0x7e, 0x35,
    0x0, 0xf9, 0xc8, 0x3, 0xfa, 0xc0, 0x3c, 0x30,
    0x1, 0xfe, 0x17, 0x0, 0xe8, 0x0, 0xff, 0xe0,
    0x40, 0x80, 0x44, 0xc0, 0x1f, 0xfc, 0x14, 0x0,
    0x94, 0x3, 0xff, 0xfe, 0x1, 0xff, 0xff, 0x0,
    0xfe,

    /* U+0177 "ŷ" */
    0x0, 0xf3, 0x7f, 0xd8, 0x1, 0xff, 0xc0, 0x59,
    0x0, 0x8e, 0xc0, 0x3f, 0xc7, 0x40, 0x7, 0x10,
    0x4a, 0x0, 0xfc, 0x5a, 0x0, 0x68, 0xd0, 0x2,
    0xc0, 0x7, 0xd2, 0x64, 0xb2, 0x7, 0x64, 0x45,
    0x40, 0xf, 0x5e, 0xea, 0x80, 0x24, 0xdd, 0x90,
    0x3, 0xff, 0x93, 0x1f, 0xf5, 0x80, 0x7c, 0x5f,
    0xf7, 0x4, 0x80, 0x48, 0x20, 0x1e, 0xa0, 0x9,
    0x80, 0x50, 0x2, 0x60, 0xf, 0x30, 0x5, 0x40,
    0xe, 0x0, 0xa8, 0x3, 0x90, 0x40, 0x6, 0x40,
    0x5, 0x10, 0x1, 0x18, 0x6, 0xe0, 0xa, 0x80,
    0x33, 0x0, 0x56, 0x1, 0x94, 0x2, 0x60, 0xd,
    0x40, 0x13, 0x0, 0x4a, 0x1, 0x30, 0x7, 0x11,
    0x80, 0x5, 0x0, 0x1c, 0x1, 0x50, 0x7, 0xa4,
    0x2, 0xe0, 0x14, 0x0, 0x11, 0x80, 0x79, 0x40,
    0x25, 0x6, 0x0, 0xa8, 0x3, 0xf3, 0x0, 0x4d,
    0x40, 0x13, 0x0, 0x7e, 0xb0, 0xa, 0x8, 0x0,
    0x82, 0x1, 0xf8, 0x8c, 0x0, 0x20, 0x17, 0x0,
    0x7f, 0xa8, 0x3, 0x85, 0x40, 0x3f, 0xcc, 0x1,
    0xce, 0x1, 0xff, 0xc0, 0x60, 0xd, 0x40, 0x1f,
    0xfc, 0xd, 0x0, 0x88, 0xc0, 0x3f, 0xf8, 0x6,
    0x1, 0x58, 0x7, 0xff, 0x6, 0x80, 0x27, 0x0,
    0xff, 0xe0, 0x19, 0x0, 0x14, 0x40, 0x3f, 0xf8,
    0x16, 0x1, 0x70, 0x7, 0xff, 0x5, 0x80, 0x2,
    0x80, 0x1f, 0xfc, 0x4, 0x10, 0x3, 0x0, 0x7f,
    0xf0, 0x78, 0x2, 0xa0, 0xf, 0xe0,

    /* U+0178 "Ÿ" */
    0x0, 0xd1, 0xff, 0x8, 0x17, 0xfc, 0xe0, 0x1f,
    0xfe, 0x2d, 0x55, 0x84, 0xd, 0x56, 0x30, 0xf,
    0xcb, 0x55, 0x0, 0x6, 0xaa, 0x40, 0xf, 0xfe,
    0x5d, 0xff, 0xe1, 0x0, 0xf8, 0xbf, 0xf4, 0xc8,
    0x3, 0x40, 0x7, 0xd2, 0x1, 0xa0, 0x98, 0x2,
    0x63, 0x0, 0xe4, 0x40, 0x5, 0x2, 0x10, 0x1,
    0xa0, 0x3, 0xa4, 0x2, 0x17, 0x0, 0xc, 0x0,
    0x48, 0xa0, 0x13, 0x10, 0x5, 0x60, 0x19, 0xc8,
    0x2, 0x80, 0xa, 0x0, 0x23, 0x50, 0xe, 0x80,
    0x8, 0x9c, 0x20, 0x40, 0x2f, 0x0, 0xf2, 0x98,
    0x5, 0x26, 0xe0, 0x12, 0x98, 0x7, 0xde, 0x1,
    0xe, 0x0, 0x68, 0x0, 0xfc, 0x6a, 0x1, 0xf3,
    0x90, 0x7, 0xf5, 0x80, 0x78, 0x60, 0x3, 0xfc,
    0x2e, 0x1, 0xd0, 0x1, 0xff, 0xc0, 0x81, 0x0,
    0x89, 0x80, 0x3f, 0xf8, 0x28, 0x1, 0x28, 0x7,
    0xff, 0xfc, 0x3, 0xff, 0xfe, 0x1, 0xfc,

    /* U+0179 "Ź" */
    0x0, 0xff, 0x6f, 0xf8, 0xc0, 0x3f, 0xf8, 0x28,
    0x40, 0x66, 0x0, 0xff, 0xe0, 0xf0, 0x2, 0x40,
    0x3f, 0xf8, 0x22, 0xa0, 0x2a, 0x1, 0xff, 0xc1,
    0x90, 0x3, 0x0, 0x7f, 0xf0, 0x98, 0x1, 0x20,
    0x1f, 0xfc, 0x2e, 0xff, 0x8, 0x7, 0xff, 0x36,
    0x7f, 0xff, 0xf8, 0x7a, 0x1, 0xff, 0xc5, 0x80,
    0xf, 0xfe, 0x21, 0xa8, 0x8, 0xff, 0x80, 0x3b,
    0x80, 0x11, 0xdd, 0xf9, 0xc0, 0x33, 0x10, 0x7,
    0xf8, 0x98, 0x2, 0x18, 0x0, 0xff, 0xb8, 0x3,
    0x40, 0x80, 0x7f, 0x94, 0xc0, 0x22, 0x60, 0xf,
    0xfa, 0xc0, 0x34, 0x80, 0x7f, 0xd0, 0x20, 0x12,
    0xa0, 0x7, 0xf8, 0x9c, 0x3, 0x40, 0x7, 0xfd,
    0x0, 0x19, 0xc8, 0x3, 0xfc, 0x8a, 0x1, 0xc,
    0x0, 0x7f, 0xd2, 0x1, 0xac, 0x3, 0xfe, 0x62,
    0x0, 0x8d, 0x40, 0x3f, 0xc3, 0x0, 0x1b, 0xc0,
    0x3f, 0xe8, 0x10, 0x9, 0x8c, 0x3, 0xfc, 0x6c,
    0x1, 0xa0, 0x3, 0xfe, 0xf0, 0xe, 0xfe, 0xef,
    0xd0, 0xa, 0x60, 0x1c, 0x23, 0xfe, 0xb, 0x0,
    0xff, 0xe2, 0x30, 0x80, 0x7f, 0xf1, 0x0,

    /* U+017A "ź" */
    0x0, 0xfc, 0x3f, 0xee, 0x0, 0xff, 0x98, 0x0,
    0xe0, 0x1f, 0xf5, 0x0, 0x2c, 0x3, 0xfc, 0x84,
    0x8, 0x40, 0x1f, 0xef, 0x0, 0x70, 0x7, 0xf8,
    0x90, 0x5, 0x40, 0x3f, 0xc5, 0xfe, 0xe0, 0xf,
    0xfe, 0x4c, 0x7f, 0xff, 0xf0, 0x30, 0x3, 0xff,
    0x85, 0xe0, 0x1f, 0xfc, 0x15, 0x30, 0xc6, 0x6f,
    0x10, 0x4, 0x36, 0x0, 0x49, 0x9e, 0x83, 0x0,
    0xa0, 0x40, 0x3f, 0x58, 0x80, 0xd, 0x80, 0x3f,
    0x1a, 0x80, 0x5e, 0x1, 0xfd, 0xc0, 0x13, 0x98,
    0x7, 0xe7, 0x20, 0x0, 0xc0, 0x7, 0xe2, 0x80,
    0xa, 0xc0, 0x3f, 0xa4, 0x2, 0x45, 0x0, 0xfc,
    0xa8, 0x1, 0x48, 0x7, 0xf5, 0x80, 0x50, 0x40,
    0x1f, 0xa4, 0x40, 0x2d, 0x99, 0xf2, 0x81, 0xb0,
    0x6, 0x56, 0x6f, 0x68, 0x78, 0x7, 0xff, 0x5,
    0x4c, 0x3, 0xff, 0x82,

    /* U+017B "Ż" */
    0x0, 0xf8, 0x48, 0xa1, 0x0, 0xff, 0xe0, 0xbe,
    0xed, 0x40, 0x1f, 0xff, 0x76, 0xff, 0xac, 0x3,
    0xff, 0xbf, 0x3f, 0xff, 0xfc, 0x3d, 0x0, 0xff,
    0xe2, 0xc0, 0x7, 0xff, 0x10, 0xd4, 0x4, 0x7f,
    0xc0, 0x1d, 0xc0, 0x8, 0xee, 0xfc, 0xe0, 0x19,
    0x88, 0x3, 0xfc, 0x4c, 0x1, 0xc, 0x0, 0x7f,
    0xdc, 0x1, 0xa0, 0x40, 0x3f, 0xca, 0x60, 0x11,
    0x30, 0x7, 0xfd, 0x60, 0x1a, 0x40, 0x3f, 0xe8,
    0x10, 0x9, 0x50, 0x3, 0xfc, 0x4e, 0x1, 0xa0,
    0x3, 0xfe, 0x80, 0xc, 0xe4, 0x1, 0xfe, 0x45,
    0x0, 0x86, 0x0, 0x3f, 0xe9, 0x0, 0xd6, 0x1,
    0xff, 0x31, 0x0, 0x46, 0xa0, 0x1f, 0xe1, 0x80,
    0xd, 0xe0, 0x1f, 0xf4, 0x8, 0x4, 0xc6, 0x1,
    0xfe, 0x36, 0x0, 0xd0, 0x1, 0xff, 0x78, 0x7,
    0x7f, 0x77, 0xe8, 0x5, 0x30, 0xe, 0x11, 0xff,
    0x5, 0x80, 0x7f, 0xf1, 0x18, 0x40, 0x3f, 0xf8,
    0x80,

    /* U+017C "ż" */
    0x0, 0xf5, 0x7f, 0xce, 0x1, 0xff, 0xeb, 0xbd,
    0xd9, 0x80, 0x3f, 0xc2, 0x45, 0x8, 0x7, 0xff,
    0x22, 0x3f, 0xff, 0xf8, 0x18, 0x1, 0xff, 0xc2,
    0xf0, 0xf, 0xfe, 0xa, 0x98, 0x63, 0x37, 0x88,
    0x2, 0x1b, 0x0, 0x24, 0xcf, 0x41, 0x80, 0x50,
    0x20, 0x1f, 0xac, 0x40, 0x6, 0xc0, 0x1f, 0x8d,
    0x40, 0x2f, 0x0, 0xfe, 0xe0, 0x9, 0xcc, 0x3,
    0xf3, 0x90, 0x0, 0x60, 0x3, 0xf1, 0x40, 0x5,
    0x60, 0x1f, 0xd2, 0x1, 0x22, 0x80, 0x7e, 0x54,
    0x0, 0xa4, 0x3, 0xfa, 0xc0, 0x28, 0x20, 0xf,
    0xd2, 0x20, 0x16, 0xcc, 0xf9, 0x40, 0xd8, 0x3,
    0x2b, 0x37, 0xb4, 0x3c, 0x3, 0xff, 0x82, 0xa6,
    0x1, 0xff, 0xc1,

    /* U+017D "Ž" */
    0x0, 0x8e, 0x22, 0x20, 0x9, 0x62, 0xe, 0x1,
    0xe3, 0x47, 0x77, 0x80, 0x12, 0x9d, 0xc2, 0x1,
    0xf6, 0x88, 0x15, 0x15, 0x80, 0x19, 0x80, 0x1f,
    0xe, 0x0, 0x17, 0x40, 0x9, 0x20, 0x1f, 0xc5,
    0x60, 0x18, 0xec, 0x3, 0xfe, 0x4b, 0x77, 0xb4,
    0x3, 0xff, 0x82, 0x91, 0x10, 0x80, 0x7f, 0xf3,
    0x67, 0xff, 0xff, 0x87, 0xa0, 0x1f, 0xfc, 0x58,
    0x0, 0xff, 0xe2, 0x1a, 0x80, 0x8f, 0xf8, 0x3,
    0xb8, 0x1, 0x1d, 0xdf, 0x9c, 0x3, 0x31, 0x0,
    0x7f, 0x89, 0x80, 0x21, 0x80, 0xf, 0xfb, 0x80,
    0x34, 0x8, 0x7, 0xf9, 0x4c, 0x2, 0x26, 0x0,
    0xff, 0xac, 0x3, 0x48, 0x7, 0xfd, 0x2, 0x1,
    0x2a, 0x0, 0x7f, 0x89, 0xc0, 0x34, 0x0, 0x7f,
    0xd0, 0x1, 0x9c, 0x80, 0x3f, 0xc8, 0xa0, 0x10,
    0xc0, 0x7, 0xfd, 0x20, 0x1a, 0xc0, 0x3f, 0xe6,
    0x20, 0x8, 0xd4, 0x3, 0xfc, 0x30, 0x1, 0xbc,
    0x3, 0xfe, 0x81, 0x0, 0x98, 0xc0, 0x3f, 0xc6,
    0xc0, 0x1a, 0x0, 0x3f, 0xef, 0x0, 0xef, 0xee,
    0xfd, 0x0, 0xa6, 0x1, 0xc2, 0x3f, 0xe0, 0xb0,
    0xf, 0xfe, 0x23, 0x8, 0x7, 0xff, 0x10,

    /* U+017E "ž" */
    0x0, 0x2f, 0xfc, 0xc0, 0x1, 0xdf, 0xf6, 0x0,
    0x4b, 0x0, 0x9, 0x40, 0xa2, 0x2, 0xd0, 0xc,
    0xec, 0x0, 0xaa, 0x20, 0xf, 0x88, 0x7, 0x4a,
    0x0, 0xa8, 0x2, 0x88, 0x3, 0xeb, 0x20, 0xa,
    0x90, 0x3, 0xfb, 0x7f, 0xe5, 0x0, 0xff, 0xe4,
    0x47, 0xff, 0xff, 0x3, 0x0, 0x3f, 0xf8, 0x5e,
    0x1, 0xff, 0xc1, 0x53, 0xc, 0x66, 0xf1, 0x0,
    0x43, 0x60, 0x4, 0x99, 0xe8, 0x30, 0xa, 0x4,
    0x3, 0xf5, 0x88, 0x0, 0xd8, 0x3, 0xf1, 0xa8,
    0x5, 0xe0, 0x1f, 0xdc, 0x1, 0x39, 0x80, 0x7e,
    0x72, 0x0, 0xc, 0x0, 0x7e, 0x28, 0x0, 0xac,
    0x3, 0xfa, 0x40, 0x24, 0x50, 0xf, 0xca, 0x80,
    0x14, 0x80, 0x7f, 0x58, 0x5, 0x4, 0x1, 0xfa,
    0x44, 0x2, 0xd9, 0x9f, 0x28, 0x1b, 0x0, 0x65,
    0x66, 0xf6, 0x87, 0x80, 0x7f, 0xf0, 0x54, 0xc0,
    0x3f, 0xf8, 0x20,

    /* U+0374 "ʹ" */
    0x0, 0xbb, 0xfc, 0x20, 0x5, 0x10, 0x41, 0x0,
    0x48, 0x3, 0xc0, 0x4, 0x60, 0x48, 0x0, 0xb0,
    0x5, 0x0, 0x4e, 0x2, 0xc0, 0x0,

    /* U+0375 "͵" */
    0x0, 0xb7, 0xfc, 0x20, 0x5, 0x20, 0x41, 0x0,
    0x70, 0x3, 0xc0, 0x4, 0x80, 0x48, 0x0, 0xb0,
    0x5, 0x0, 0x4c, 0x0, 0x60, 0x0,

    /* U+037E ";" */
    0xbf, 0xf9, 0x80, 0x3f, 0xf8, 0x75, 0xbb, 0x30,
    0x91, 0x40, 0x1f, 0xfd, 0x31, 0x22, 0x86, 0xb7,
    0x67, 0x0, 0xff, 0xe1, 0xdf, 0xb0, 0x18, 0x1,
    0x41, 0x93, 0xc, 0x4f, 0x4c, 0x74, 0x2f, 0x38,
    0xc0,

    /* U+0384 "΄" */
    0x0, 0x57, 0xf9, 0x40, 0x54, 0x5, 0x41, 0x80,
    0xc, 0x0, 0x90, 0x5, 0x2, 0x8, 0x21, 0x7,
    0x80, 0x3c, 0x0,

    /* U+0385 "΅" */
    0x0, 0xfb, 0xbf, 0xc2, 0x1, 0xfc, 0xc2, 0xa,
    0x20, 0x13, 0x55, 0x14, 0x1, 0x40, 0x9, 0x5a,
    0xa3, 0x62, 0xab, 0x40, 0xcc, 0x4, 0x7a, 0xaa,
    0xc0, 0xe, 0x90, 0x5, 0x80, 0x7f, 0xa, 0x80,
    0x18, 0x3, 0x80,

    /* U+0386 "Ά" */
    0x0, 0x17, 0xfb, 0x81, 0xff, 0xfb, 0x80, 0x3f,
    0xa8, 0x1, 0x21, 0x80, 0x1c, 0x26, 0x1, 0xf9,
    0x80, 0xc, 0x28, 0x1, 0xeb, 0x0, 0xf9, 0x84,
    0x14, 0x50, 0x3, 0xe5, 0x0, 0xfa, 0x80, 0x12,
    0x1e, 0x1, 0x28, 0x4, 0x44, 0x0, 0xe3, 0x30,
    0x19, 0x81, 0x0, 0x29, 0x30, 0x9, 0x40, 0x38,
    0xff, 0xd8, 0x6, 0x20, 0x1, 0x34, 0x0, 0xac,
    0x3, 0xfd, 0x60, 0x12, 0x5, 0x80, 0x46, 0x20,
    0x1f, 0xca, 0x1, 0x78, 0x18, 0x80, 0x48, 0x1,
    0xf8, 0x88, 0x1, 0x20, 0x1, 0xc0, 0x2f, 0x0,
    0xfc, 0xa0, 0x12, 0x8, 0x3, 0x40, 0x24, 0x0,
    0xfd, 0x80, 0x16, 0x0, 0x48, 0x1, 0xa, 0x0,
    0x78, 0x50, 0x2, 0x50, 0xc, 0xa0, 0x16, 0x0,
    0x79, 0x0, 0x36, 0x77, 0x65, 0x0, 0x94, 0x3,
    0xde, 0x1, 0x84, 0x78, 0x3, 0x11, 0x0, 0x39,
    0x0, 0x3f, 0xf8, 0x4a, 0x1, 0x8c, 0x40, 0x3f,
    0xf8, 0x56, 0x1, 0xac, 0x2, 0x5f, 0xff, 0xb4,
    0x2, 0x31, 0x0, 0x94, 0x2, 0xf0, 0xf, 0x88,
    0x80, 0x12, 0x0, 0x8, 0x80, 0x12, 0x0, 0x7e,
    0x50, 0xb, 0xc0, 0xa, 0x1, 0x18, 0x80, 0x7e,
    0xc0, 0x9, 0x40, 0x18, 0x1, 0x58, 0x7, 0xf2,
    0x8, 0x4, 0x80,

    /* U+0387 "·" */
    0x3, 0xcd, 0x70, 0x6, 0x99, 0x42, 0x90, 0x80,
    0x58, 0x40, 0x1b, 0xc2, 0xc8, 0x19, 0x80,

    /* U+0388 "Έ" */
    0x0, 0x1f, 0xfb, 0x2, 0xff, 0xff, 0xf8, 0x2c,
    0x0, 0x90, 0x5, 0x0, 0x7f, 0xf1, 0x45, 0x40,
    0x58, 0x3, 0xff, 0x8a, 0xc0, 0x6, 0x0, 0xf0,
    0x8f, 0xf8, 0x1, 0x20, 0xa, 0x0, 0xf4, 0x77,
    0x7f, 0x32, 0x8, 0x21, 0x0, 0x7f, 0xf1, 0x53,
    0xfd, 0x60, 0x1f, 0xff, 0xd9, 0xff, 0xfa, 0x80,
    0x3f, 0xfd, 0xa2, 0x3f, 0x88, 0x3, 0xff, 0x83,
    0x1d, 0xdf, 0x40, 0x7, 0xff, 0xfc, 0x3, 0xff,
    0x9d, 0x1d, 0xdf, 0xcc, 0x1, 0xff, 0x8, 0xff,
    0x80, 0x3f, 0xfc, 0x20,

    /* U+0389 "Ή" */
    0x0, 0x4f, 0xf9, 0xc7, 0xff, 0x0, 0x7f, 0x2f,
    0xfd, 0x60, 0x6, 0x0, 0x30, 0x7, 0xff, 0x21,
    0x80, 0xa, 0x20, 0x1f, 0xfc, 0x8b, 0x0, 0x48,
    0x7, 0xff, 0x20, 0xc8, 0xc, 0xc0, 0x1f, 0xfc,
    0x89, 0x0, 0x50, 0x7, 0xff, 0x26, 0xbf, 0xcc,
    0x1, 0xff, 0xff, 0x0, 0xfb, 0xff, 0xfa, 0x80,
    0x3f, 0xfe, 0xa2, 0x3f, 0xe0, 0xf, 0xfe, 0x1f,
    0x77, 0xf5, 0x80, 0x7f, 0xff, 0xc0, 0x3f, 0xff,
    0xe0, 0x1f, 0xfe, 0xa0,

    /* U+038A "Ί" */
    0x0, 0x4f, 0xf9, 0xcb, 0xff, 0x0, 0x18, 0x0,
    0xc0, 0x1e, 0x60, 0x2, 0x88, 0x7, 0xac, 0x1,
    0x20, 0x1e, 0x32, 0x3, 0x30, 0x7, 0xa4, 0x1,
    0x40, 0x1f, 0x57, 0xf9, 0x80, 0x3f, 0xff, 0xe0,
    0x1f, 0xff, 0xf0, 0xf, 0xfe, 0x50,

    /* U+038C "Ό" */
    0x0, 0x47, 0xfa, 0x0, 0x31, 0xce, 0x7f, 0xdd,
    0x6e, 0x20, 0x1f, 0x98, 0x1, 0x20, 0x3, 0xcc,
    0x31, 0x80, 0x42, 0x91, 0xd0, 0x1, 0xe5, 0x10,
    0x41, 0x5, 0xc3, 0x0, 0xff, 0x3e, 0x8, 0x6,
    0x90, 0x7, 0x82, 0x50, 0x7, 0xff, 0x4, 0xf4,
    0x2, 0x23, 0x2, 0x41, 0xa0, 0xc, 0x97, 0xff,
    0x74, 0x8, 0x4, 0x72, 0x0, 0xb0, 0x5, 0x84,
    0x88, 0x4, 0xf6, 0x80, 0x10, 0xbf, 0x90, 0x4,
    0xc4, 0x13, 0xfe, 0x60, 0x60, 0x9, 0x20, 0x3,
    0xe1, 0xf0, 0xd, 0x40, 0x1c, 0x82, 0x1, 0x78,
    0x7, 0xf1, 0x28, 0x4, 0xa0, 0x1c, 0x60, 0x10,
    0xa0, 0x7, 0xfb, 0xc0, 0x22, 0x0, 0xee, 0x0,
    0x88, 0x3, 0xfe, 0x70, 0xc, 0x60, 0x18, 0xc0,
    0x26, 0x0, 0xff, 0x8c, 0x3, 0x38, 0x7, 0xff,
    0x48, 0xc0, 0x21, 0x0, 0xff, 0x8c, 0x3, 0x38,
    0x6, 0xe0, 0x9, 0x40, 0x3f, 0xe7, 0x0, 0xc6,
    0x1, 0x8c, 0x2, 0x13, 0x0, 0xff, 0x78, 0x4,
    0x40, 0x1c, 0x82, 0x1, 0x40, 0x7, 0xf1, 0x28,
    0x4, 0xa0, 0x1e, 0x60, 0x9, 0x20, 0x3, 0xe1,
    0xf0, 0xd, 0x40, 0x1e, 0x91, 0x0, 0x9e, 0xd0,
    0x2, 0x16, 0xf2, 0x0, 0x98, 0x80, 0x3c, 0x34,
    0x1, 0x92, 0xff, 0xbf, 0xa4, 0x40, 0x23, 0x90,
    0xf, 0xc9, 0x40, 0x1e, 0x10, 0xf, 0x1e, 0x80,
    0x7f, 0x97, 0xc, 0x3, 0xfc, 0xf8, 0x20, 0x1f,
    0xf1, 0xe6, 0x18, 0xc0, 0x21, 0x48, 0xe8, 0x0,
    0xe0,

    /* U+038E "Ύ" */
    0x0, 0x1f, 0xfb, 0x2, 0xff, 0xf0, 0x80, 0x7c,
    0x5f, 0xfa, 0x80, 0x12, 0x0, 0xa0, 0x90, 0xd,
    0x60, 0x1f, 0x48, 0x6, 0xb0, 0x15, 0x1, 0x60,
    0x26, 0x0, 0x94, 0xc0, 0x39, 0x10, 0x1, 0x38,
    0x83, 0x0, 0x18, 0x2, 0x81, 0x0, 0xbc, 0x3,
    0xa4, 0x2, 0x18, 0x0, 0x48, 0x2, 0x80, 0x21,
    0x80, 0x8, 0xd4, 0x2, 0x62, 0x0, 0xa0, 0x0,
    0x82, 0x8, 0x40, 0x19, 0x88, 0x2, 0x80, 0xa,
    0x0, 0x23, 0x60, 0x2, 0x7f, 0xac, 0x3, 0xd2,
    0x1, 0x13, 0x84, 0x8, 0x5, 0xe0, 0x1f, 0xfc,
    0x14, 0x40, 0x5, 0x6, 0xe0, 0x12, 0x98, 0x7,
    0xff, 0xa, 0x40, 0x36, 0x0, 0x68, 0x0, 0xff,
    0xe1, 0x93, 0x0, 0x7c, 0xe4, 0x1, 0xff, 0xc4,
    0x80, 0xf, 0xc, 0x80, 0x7f, 0xf1, 0x46, 0x0,
    0x3a, 0x4, 0x3, 0xff, 0x8c, 0xe4, 0x1, 0x13,
    0x0, 0x7f, 0xf2, 0x10, 0x2, 0x50, 0xf, 0xff,
    0xf8, 0x7, 0xff, 0xfc, 0x3, 0xff, 0xea,

    /* U+038F "Ώ" */
    0x0, 0x1f, 0xfb, 0x0, 0x30, 0xb5, 0xf7, 0xfb,
    0xb2, 0x8, 0x3, 0xf4, 0x80, 0x28, 0x2, 0x8e,
    0x94, 0x10, 0x0, 0x9b, 0xed, 0x8, 0x7, 0xa,
    0x80, 0xb0, 0xe, 0x38, 0x7, 0xf9, 0x7c, 0xc0,
    0x33, 0x0, 0x18, 0x1, 0x86, 0x1, 0xff, 0xc0,
    0x1c, 0x20, 0xa, 0x40, 0x14, 0x12, 0x40, 0x19,
    0xf7, 0xfd, 0xd2, 0x20, 0x1b, 0xc0, 0x8, 0x20,
    0x84, 0x6c, 0x1, 0xe, 0x41, 0x0, 0x5, 0xbc,
    0xc0, 0x22, 0x70, 0x4f, 0xf5, 0x84, 0x80, 0x6a,
    0x30, 0xf, 0xe, 0x88, 0x5, 0x40, 0x1e, 0x50,
    0x9, 0x10, 0x1, 0xf8, 0x64, 0x2, 0x23, 0x0,
    0xc4, 0x1, 0xb8, 0x3, 0xfc, 0xc0, 0x19, 0x40,
    0x33, 0x0, 0x64, 0x0, 0xff, 0x9, 0x0, 0x5c,
    0x1, 0x84, 0x3, 0x8, 0x7, 0xfc, 0x20, 0x10,
    0x80, 0x61, 0x0, 0xff, 0xe4, 0x8, 0x6, 0x60,
    0xc, 0x20, 0x1f, 0xf0, 0x80, 0x5c, 0x1, 0x88,
    0x3, 0x28, 0x7, 0xfc, 0x40, 0x12, 0x80, 0x72,
    0x80, 0x5a, 0x1, 0xfe, 0x50, 0x8, 0x4c, 0x3,
    0xa4, 0x2, 0x62, 0x0, 0xfe, 0x80, 0xa, 0x40,
    0x3c, 0x6c, 0x1, 0x70, 0x7, 0xe8, 0x20, 0x1,
    0x38, 0x7, 0xd2, 0x60, 0x3, 0xb1, 0x0, 0xe7,
    0x70, 0x0, 0x7c, 0x3, 0xee, 0xe1, 0x0, 0x49,
    0x40, 0x19, 0xa0, 0x2, 0x1c, 0xe4, 0x0, 0xe1,
    0x18, 0x3, 0x38, 0x7, 0xf8, 0x44, 0x1, 0xff,
    0xe9,

    /* U+0390 "ΐ" */
    0x0, 0xf9, 0x12, 0x0, 0xff, 0x1d, 0xda, 0x0,
    0x3f, 0xd2, 0x0, 0xa0, 0xd, 0x9f, 0xe6, 0x1,
    0x50, 0x16, 0xaf, 0xf3, 0x80, 0x73, 0x0, 0x18,
    0x3, 0xfd, 0x20, 0xa, 0x0, 0xe4, 0x55, 0x11,
    0x11, 0x5c, 0x83, 0x55, 0x45, 0x15, 0x44, 0x2a,
    0xa4, 0x0, 0x1e, 0xa8, 0xa0, 0x1f, 0xfc, 0x69,
    0xff, 0x9c, 0x3, 0xff, 0xfe, 0x1, 0xff, 0xff,
    0x0, 0xbc, 0x3, 0xff, 0x82, 0xa0, 0x1f, 0xde,
    0x1, 0x17, 0x54, 0xd0, 0x80, 0x67, 0x0, 0xc2,
    0xac, 0xa6, 0x1, 0x86, 0x80, 0x3f, 0xf8, 0x2b,
    0x8c, 0x20, 0x10, 0x98,

    /* U+0391 "Α" */
    0x0, 0xfb, 0xbf, 0xf9, 0xc0, 0x3f, 0xf8, 0x6,
    0x20, 0x1d, 0x80, 0x1f, 0xfc, 0xb, 0x0, 0xf2,
    0x8, 0x7, 0xfc, 0xa0, 0x1f, 0x20, 0x7, 0xf8,
    0x88, 0x1, 0x28, 0x5, 0xe0, 0x1f, 0xe5, 0x0,
    0x93, 0x80, 0x24, 0x0, 0xff, 0x58, 0x5, 0xa8,
    0x1, 0x9, 0x80, 0x7e, 0x13, 0x0, 0x9c, 0x14,
    0x2, 0xb0, 0xf, 0xc8, 0x1, 0x10, 0x86, 0x0,
    0x4a, 0x1, 0xfb, 0xc0, 0x25, 0x0, 0x38, 0x4,
    0x44, 0x0, 0xf9, 0x40, 0x2b, 0x0, 0x9, 0x80,
    0x4a, 0x1, 0xe4, 0x0, 0x84, 0xc0, 0x2b, 0x0,
    0xb0, 0x3, 0xd8, 0x1, 0x20, 0x6, 0x50, 0x9,
    0x4, 0x3, 0x94, 0x2, 0x5e, 0xed, 0x80, 0x19,
    0x0, 0x31, 0x10, 0x3, 0x8, 0xf0, 0x6, 0xf0,
    0xc, 0xa0, 0x1f, 0xfc, 0x24, 0x0, 0xd6, 0x1,
    0xff, 0xc2, 0x13, 0x0, 0x9, 0x80, 0x5b, 0xff,
    0xf2, 0x80, 0x56, 0x0, 0x40, 0x8, 0x88, 0x1,
    0xf7, 0x80, 0x4a, 0x0, 0xf0, 0x9, 0x40, 0x3f,
    0x20, 0x4, 0x44, 0x5, 0x0, 0xac, 0x3, 0xf0,
    0x98, 0x4, 0xa8, 0x1, 0x9, 0x80, 0x7f, 0x58,
    0x5, 0x80,

    /* U+0392 "Β" */
    0xef, 0xff, 0xed, 0x81, 0x0, 0xff, 0xe1, 0x13,
    0xf9, 0x80, 0x7f, 0xf0, 0xc7, 0x44, 0x3, 0xc2,
    0x3c, 0x1, 0x86, 0x0, 0x3d, 0xbd, 0xdb, 0xd0,
    0x2, 0x70, 0xf, 0xfe, 0x5, 0x0, 0x42, 0x40,
    0x1f, 0xf0, 0x80, 0x61, 0x0, 0xff, 0x84, 0x3,
    0x8, 0x7, 0xf8, 0xa8, 0x2, 0x12, 0x0, 0xec,
    0xff, 0xda, 0x80, 0x14, 0x0, 0x7f, 0xf0, 0xd5,
    0x80, 0x3f, 0xf8, 0x6a, 0xa0, 0xf, 0x8, 0xf8,
    0x3, 0x52, 0x0, 0x76, 0xf7, 0x79, 0x0, 0x28,
    0x0, 0xff, 0x86, 0x80, 0x23, 0x10, 0xf, 0xf8,
    0x44, 0x1, 0x10, 0x7, 0xfc, 0x42, 0x1, 0x8,
    0x7, 0xf8, 0xb8, 0x3, 0x10, 0x6, 0xce, 0xed,
    0xfa, 0x60, 0x12, 0x80, 0x78, 0x47, 0x0, 0x7a,
    0x0, 0x3f, 0xf8, 0x76, 0x40, 0x1f, 0xfc, 0x2,
    0x7e, 0x40, 0x0,

    /* U+0393 "Γ" */
    0xef, 0xff, 0xfe, 0x9, 0x80, 0x7f, 0xf5, 0x84,
    0x7f, 0xe0, 0xd, 0xbd, 0xdf, 0xc4, 0x1, 0xff,
    0xff, 0x0, 0xff, 0xff, 0x80, 0x7f, 0xff, 0xc0,
    0x3f, 0xfa, 0x40,

    /* U+0394 "Δ" */
    0x0, 0xfb, 0xbf, 0xf9, 0xc0, 0x3f, 0xf8, 0x6,
    0x20, 0x1d, 0x80, 0x1f, 0xfc, 0xb, 0x0, 0xf2,
    0x8, 0x7, 0xfc, 0xa0, 0x1f, 0x20, 0x7, 0xf8,
    0x88, 0x1, 0x28, 0x5, 0xe0, 0x1f, 0xe5, 0x0,
    0x93, 0xc0, 0x24, 0x0, 0xff, 0x58, 0x5, 0xaa,
    0x1, 0x9, 0x80, 0x7e, 0x13, 0x0, 0x90, 0x10,
    0x2, 0xb0, 0xf, 0xc8, 0x1, 0x11, 0x3, 0x40,
    0x25, 0x0, 0xfd, 0xe0, 0x12, 0x80, 0x1c, 0x2,
    0x22, 0x0, 0x7c, 0xa0, 0x15, 0x80, 0x4, 0xc0,
    0x25, 0x0, 0xf2, 0x0, 0x42, 0x60, 0x15, 0x80,
    0x58, 0x1, 0xec, 0x0, 0x90, 0x3, 0x20, 0x4,
    0x82, 0x1, 0xca, 0x1, 0x78, 0x6, 0x31, 0x0,
    0x90, 0x3, 0x11, 0x0, 0x24, 0x0, 0xe7, 0x0,
    0xbc, 0x3, 0x28, 0x4, 0x82, 0x1, 0xda, 0x1,
    0x20, 0x6, 0xb0, 0xb, 0x0, 0x3c, 0x80, 0x10,
    0x98, 0x0, 0x4c, 0x2, 0x50, 0xf, 0x94, 0x2,
    0xb0, 0x2, 0x0, 0x6c, 0xee, 0xf9, 0x40, 0x25,
    0x0, 0x78, 0x6, 0x11, 0xfc, 0x1, 0x88, 0x80,
    0xa0, 0x1f, 0xfc, 0x55, 0x40, 0xf, 0xfe, 0x36,
    0x0,

    /* U+0395 "Ε" */
    0xef, 0xff, 0xfe, 0x9, 0x80, 0x7f, 0xf5, 0x84,
    0x7f, 0xe0, 0xd, 0xbd, 0xdf, 0xc4, 0x1, 0xff,
    0xf4, 0xcf, 0xff, 0x98, 0x3, 0xff, 0xb0, 0x23,
    0xf8, 0xc0, 0x3d, 0xbd, 0xdf, 0x28, 0x7, 0xff,
    0xdb, 0x7b, 0xbf, 0x88, 0x3, 0x8, 0xff, 0xc0,
    0x1f, 0xfd, 0x20,

    /* U+0396 "Ζ" */
    0x9, 0xff, 0xff, 0xe1, 0xe8, 0x7, 0xff, 0x16,
    0x0, 0x3f, 0xf8, 0x86, 0xa0, 0x23, 0xfe, 0x0,
    0xee, 0x0, 0x47, 0x77, 0xe7, 0x0, 0xcc, 0x40,
    0x1f, 0xe2, 0x60, 0x8, 0x60, 0x3, 0xfe, 0xe0,
    0xd, 0x2, 0x1, 0xfe, 0x53, 0x0, 0x89, 0x80,
    0x3f, 0xeb, 0x0, 0xd2, 0x1, 0xff, 0x40, 0x80,
    0x4a, 0x80, 0x1f, 0xe2, 0x70, 0xd, 0x0, 0x1f,
    0xf4, 0x0, 0x67, 0x20, 0xf, 0xf2, 0x28, 0x4,
    0x30, 0x1, 0xff, 0x48, 0x6, 0xb0, 0xf, 0xf9,
    0x88, 0x2, 0x35, 0x0, 0xff, 0xc, 0x0, 0x6f,
    0x0, 0xff, 0xa0, 0x40, 0x26, 0x30, 0xf, 0xf1,
    0xb0, 0x6, 0x80, 0xf, 0xfb, 0xc0, 0x3b, 0xfb,
    0xbf, 0x40, 0x29, 0x80, 0x70, 0x8f, 0xf8, 0x2c,
    0x3, 0xff, 0x88, 0xc2, 0x1, 0xff, 0xc4,

    /* U+0397 "Η" */
    0xef, 0xf8, 0xc0, 0x3f, 0x17, 0xfd, 0xc0, 0x1f,
    0xff, 0xf0, 0xf, 0xff, 0xee, 0x7f, 0xfe, 0xd0,
    0xf, 0xff, 0x0, 0x8f, 0xf8, 0x3, 0xf6, 0xf7,
    0x7e, 0xc0, 0xf, 0xff, 0xf8, 0x7, 0xff, 0xf4,

    /* U+0398 "Θ" */
    0x0, 0xf9, 0xab, 0x7f, 0xed, 0x94, 0x0, 0xff,
    0x9b, 0xe5, 0x48, 0x2, 0x26, 0xbd, 0x40, 0xf,
    0xd7, 0x20, 0x1f, 0xe2, 0xb7, 0x0, 0xf5, 0xa0,
    0x7, 0xff, 0x6, 0x1c, 0x3, 0x32, 0x0, 0x67,
    0xdf, 0xfb, 0x14, 0x3, 0x41, 0x0, 0x50, 0x1,
    0xe, 0x41, 0x0, 0x47, 0x52, 0x1, 0xa4, 0x0,
    0xa2, 0x1, 0x59, 0x80, 0x7c, 0xcc, 0x0, 0x90,
    0x43, 0xc0, 0x22, 0x50, 0xf, 0xe8, 0x0, 0xce,
    0x8, 0x1, 0x28, 0x7, 0xf8, 0x4c, 0x2, 0xc0,
    0x10, 0xb, 0x42, 0xff, 0xfe, 0x70, 0x50, 0x9,
    0x84, 0x3, 0x30, 0x7, 0xfc, 0x20, 0x10, 0x80,
    0x7f, 0xf2, 0x84, 0x3, 0x30, 0x56, 0xef, 0xcc,
    0x2, 0x1, 0x8, 0x8, 0x4, 0x40, 0x24, 0x5f,
    0x8, 0x28, 0x4, 0xc0, 0x80, 0x15, 0x80, 0x7f,
    0x84, 0xc0, 0x2c, 0xf, 0x0, 0x8d, 0x0, 0x3f,
    0xa0, 0x3, 0x38, 0x28, 0x80, 0x54, 0x40, 0x1f,
    0x2b, 0x0, 0x48, 0x20, 0x8, 0x0, 0x87, 0x60,
    0x80, 0x23, 0xaa, 0x0, 0x69, 0x0, 0x99, 0x0,
    0x33, 0xef, 0xf7, 0xe2, 0x80, 0x68, 0x20, 0xd,
    0x68, 0x1, 0xe1, 0x0, 0xf4, 0x38, 0x7, 0xae,
    0x0, 0x3f, 0xc5, 0x6e, 0x1, 0xf9, 0xfe, 0x54,
    0x80, 0x22, 0x6b, 0xd4, 0x0, 0xc0,

    /* U+0399 "Ι" */
    0x9f, 0xf9, 0xc0, 0x3f, 0xff, 0xe0, 0x1f, 0xfd,
    0x20,

    /* U+039A "Κ" */
    0xef, 0xf8, 0xc0, 0x3c, 0x3d, 0xff, 0x70, 0x80,
    0x7f, 0xda, 0x20, 0x16, 0x8, 0x7, 0xfa, 0x4c,
    0x2, 0xb2, 0x0, 0xff, 0x33, 0x0, 0x28, 0x40,
    0xf, 0xf2, 0x48, 0x4, 0xae, 0x1, 0xfe, 0x2a,
    0x0, 0x8e, 0x80, 0x3f, 0xef, 0x10, 0x0, 0xe8,
    0x7, 0xfd, 0x44, 0x1, 0x60, 0x80, 0x7f, 0x9d,
    0x40, 0x2b, 0x20, 0xf, 0xf2, 0x40, 0x5, 0x8,
    0x1, 0xff, 0x40, 0x4, 0xae, 0x1, 0xff, 0xc4,
    0x71, 0x0, 0xff, 0xe0, 0x38, 0x4, 0x54, 0x1,
    0xff, 0xc0, 0xb7, 0x0, 0x92, 0x80, 0x3f, 0xf8,
    0x10, 0xa0, 0x12, 0xb8, 0x7, 0xff, 0x2, 0x8c,
    0x2, 0x85, 0x0, 0xff, 0xe0, 0x69, 0x0, 0x54,
    0x60, 0x1f, 0xf0, 0xf8, 0x80, 0x5a, 0x40, 0x1f,
    0xf1, 0x68, 0x4, 0x3e, 0x20, 0x1f, 0xf1, 0xd0,
    0x4, 0x5a, 0x1, 0xff, 0xc0, 0x58, 0x0, 0x8e,
    0x80, 0x3f, 0xf8, 0xe, 0xa0, 0x12, 0xc0,

    /* U+039B "Λ" */
    0x0, 0xf3, 0x7f, 0xf8, 0x3, 0xff, 0x83, 0xa0,
    0x1e, 0x40, 0xf, 0xfe, 0x2, 0x0, 0x7b, 0x40,
    0x3f, 0xe4, 0x0, 0xf9, 0xc0, 0x3f, 0xed, 0x0,
    0x94, 0x2, 0x13, 0x0, 0xff, 0x38, 0x5, 0xc6,
    0x1, 0x20, 0x7, 0xf1, 0x88, 0x4, 0x96, 0x1,
    0x58, 0x7, 0xf5, 0x80, 0x4a, 0xa, 0x1, 0x18,
    0x80, 0x7e, 0x40, 0xb, 0x0, 0x88, 0x1, 0x38,
    0x7, 0xc2, 0x60, 0x13, 0x80, 0x14, 0x2, 0xd0,
    0xf, 0x9c, 0x2, 0x31, 0x0, 0x60, 0x4, 0x80,
    0x1f, 0x68, 0x5, 0x60, 0x12, 0x8, 0x4, 0x80,
    0x1e, 0x40, 0x9, 0x40, 0x32, 0x0, 0x5a, 0x1,
    0xc8, 0x1, 0x9, 0x0, 0x6f, 0x0, 0x9c, 0x3,
    0xb4, 0x2, 0x70, 0xe, 0x40, 0x8, 0x4c, 0x3,
    0x38, 0x5, 0xa0, 0x1c, 0x28, 0x1, 0x20, 0x4,
    0x62, 0x1, 0x20, 0x7, 0xb4, 0x2, 0xb0, 0x9,
    0x0, 0x24, 0x0, 0xf9, 0x0, 0x23, 0x10, 0x5,
    0x80, 0x5a, 0x1, 0xf1, 0x10, 0x2, 0x70, 0x13,
    0x0, 0x9c, 0x3, 0xf2, 0x80, 0x5a, 0xe, 0x1,
    0x18, 0x80, 0x7e, 0xb0, 0x9, 0x3, 0x40, 0x2b,
    0x0, 0xfe, 0x31, 0x0, 0x90,

    /* U+039C "Μ" */
    0xef, 0xf8, 0x40, 0x3f, 0xf8, 0x7, 0xff, 0x58,
    0x6, 0x90, 0xf, 0xfe, 0x4, 0x0, 0x7e, 0x60,
    0xf, 0xf8, 0x90, 0x3, 0xf0, 0xb8, 0x7, 0xfa,
    0x0, 0x3f, 0xd2, 0x1, 0xfc, 0x4a, 0x1, 0xfe,
    0x17, 0x0, 0xfd, 0x0, 0x1f, 0xfc, 0x9, 0x0,
    0xf8, 0x94, 0x3, 0xff, 0x80, 0x2c, 0x1, 0xeb,
    0x0, 0xff, 0xe1, 0x40, 0x7, 0x13, 0x0, 0x7f,
    0x84, 0xc0, 0x2, 0xc0, 0x1a, 0xc0, 0x24, 0x0,
    0xfd, 0x20, 0x14, 0x0, 0x42, 0xc0, 0x14, 0x0,
    0x7e, 0x52, 0x0, 0xb, 0x0, 0x20, 0x2, 0x52,
    0x0, 0xfe, 0x80, 0xa, 0xc0, 0x58, 0x2, 0x80,
    0xf, 0xf2, 0x90, 0x0, 0x96, 0x40, 0x25, 0x20,
    0xf, 0xfa, 0xc0, 0x28, 0x70, 0xa, 0x40, 0x3f,
    0xf8, 0xc, 0x20, 0x2, 0x0, 0x90, 0xc0, 0x3f,
    0xf8, 0x32, 0x1, 0xe8, 0x0, 0xff, 0xe1, 0x38,
    0x80, 0x63, 0x30, 0x7, 0xff, 0xe, 0x40, 0x34,
    0x0, 0x7f, 0xf1, 0x18, 0x2, 0x24, 0x0, 0xff,
    0xe2, 0xb, 0x80, 0x20, 0x3, 0xff, 0x8d, 0x20,
    0x4a, 0x1, 0xfc,

    /* U+039D "Ν" */
    0xef, 0xfa, 0x0, 0x3f, 0x37, 0xfd, 0x80, 0x19,
    0xcc, 0x3, 0xff, 0x8b, 0xc0, 0x1f, 0xfc, 0x52,
    0x70, 0xf, 0xfe, 0x2c, 0x10, 0x7, 0xff, 0x17,
    0x80, 0x3f, 0xf8, 0xa6, 0xc0, 0x1f, 0xfc, 0x12,
    0x0, 0xa4, 0x40, 0x3f, 0xf8, 0x10, 0x20, 0x15,
    0x80, 0x7f, 0xf0, 0x1a, 0x0, 0x25, 0x50, 0x7,
    0xff, 0x1, 0x90, 0x2, 0xb0, 0xf, 0xfe, 0xc,
    0x80, 0x43, 0x20, 0x1f, 0xfc, 0x2, 0x80, 0x9,
    0x8c, 0x3, 0xff, 0x80, 0xe6, 0x1, 0x70, 0x7,
    0xff, 0x7, 0xc0, 0x22, 0xb0, 0xf, 0xfe, 0x1,
    0xb8, 0x4, 0x40, 0x1f, 0xfc, 0x18, 0x20, 0xf,
    0xfe, 0x2c, 0x80, 0x7f, 0xf1, 0x51, 0x80, 0x3f,
    0xf8, 0xb0, 0x20, 0x1f, 0xfc, 0x41, 0xb0, 0xf,
    0xfe, 0x2a, 0xa0, 0x6,

    /* U+039E "Ξ" */
    0xef, 0xff, 0xfe, 0x27, 0x0, 0x7f, 0xf6, 0x8,
    0x47, 0xff, 0x88, 0x79, 0xdd, 0xff, 0xc4, 0xd0,
    0xf, 0xff, 0xeb, 0x7f, 0xff, 0xf0, 0x98, 0x3,
    0xff, 0xb4, 0x62, 0x3f, 0xfc, 0x20, 0x9, 0x7b,
    0xbf, 0xf8, 0x4c, 0x1, 0xff, 0xfd, 0xce, 0xef,
    0xfe, 0x26, 0x90, 0x8f, 0xff, 0x10, 0xc0, 0x3f,
    0xfb, 0x0,

    /* U+039F "Ο" */
    0x0, 0xf9, 0xab, 0x7f, 0xed, 0x94, 0x0, 0xff,
    0x9b, 0xe5, 0x48, 0x2, 0x26, 0xbd, 0x40, 0xf,
    0xd7, 0x20, 0x1f, 0xe2, 0xb7, 0x0, 0xf5, 0xa0,
    0x7, 0xff, 0x6, 0x1c, 0x3, 0x32, 0x0, 0x67,
    0xdf, 0xfb, 0x14, 0x3, 0x41, 0x0, 0x50, 0x1,
    0xe, 0x41, 0x0, 0x47, 0x52, 0x1, 0xa4, 0x0,
    0xa2, 0x1, 0x59, 0x80, 0x7c, 0xcc, 0x0, 0x90,
    0x43, 0xc0, 0x22, 0x50, 0xf, 0xe8, 0x0, 0xce,
    0x8, 0x1, 0x28, 0x7, 0xf8, 0x4c, 0x2, 0xc0,
    0x10, 0xb, 0x40, 0x3f, 0xe5, 0x0, 0x98, 0x40,
    0x33, 0x0, 0x7f, 0xc2, 0x1, 0x8, 0x7, 0xff,
    0x28, 0x40, 0x33, 0x0, 0x7f, 0xc2, 0x1, 0x8,
    0x8, 0x4, 0x40, 0x1f, 0xf2, 0x80, 0x4c, 0x8,
    0x1, 0x58, 0x7, 0xf8, 0x4c, 0x2, 0xc0, 0xf0,
    0x8, 0xd0, 0x3, 0xfa, 0x0, 0x33, 0x82, 0x88,
    0x5, 0x44, 0x1, 0xf2, 0xb0, 0x4, 0x82, 0x0,
    0x80, 0x8, 0x76, 0x8, 0x2, 0x3a, 0xa0, 0x6,
    0x90, 0x9, 0x90, 0x3, 0x3e, 0xff, 0x7e, 0x28,
    0x6, 0x82, 0x0, 0xd6, 0x80, 0x1e, 0x10, 0xf,
    0x43, 0x80, 0x7a, 0xe0, 0x3, 0xfc, 0x56, 0xe0,
    0x1f, 0x9f, 0xe5, 0x48, 0x2, 0x26, 0xbd, 0x40,
    0xc,

    /* U+03A0 "Π" */
    0xef, 0xff, 0xfe, 0x27, 0x0, 0x7f, 0xf7, 0x4,
    0x7f, 0xc0, 0x1f, 0xb7, 0xbb, 0xf6, 0x0, 0x7f,
    0xff, 0xc0, 0x3f, 0xff, 0xe0, 0x1f, 0xff, 0xf0,
    0xf, 0xff, 0xf8, 0x7, 0xf8,

    /* U+03A1 "Ρ" */
    0xef, 0xff, 0xf6, 0xc0, 0x80, 0x7f, 0xf0, 0x89,
    0xf9, 0x0, 0x3f, 0xf8, 0x96, 0x60, 0x1c, 0x24,
    0x58, 0x40, 0x3b, 0xc0, 0x3b, 0x77, 0xbb, 0x8a,
    0x1, 0x19, 0x0, 0x7f, 0x86, 0x84, 0x2, 0x40,
    0xf, 0xfe, 0x3, 0x80, 0x5c, 0x1, 0xff, 0xc0,
    0x10, 0x8, 0x40, 0x3f, 0xf8, 0x4, 0x1, 0x8,
    0x7, 0xfc, 0x28, 0x1, 0x70, 0x7, 0xf8, 0xf4,
    0x40, 0x24, 0x0, 0xd9, 0xff, 0xd8, 0x60, 0x12,
    0x10, 0x7, 0xff, 0xe, 0x40, 0x3f, 0xf8, 0x43,
    0x84, 0x1, 0xc2, 0x45, 0xe4, 0x9e, 0x30, 0xf,
    0x6e, 0xfd, 0x6c, 0x1, 0xff, 0xff, 0x0, 0xff,
    0xe9, 0x80,

    /* U+03A3 "Σ" */
    0xef, 0xff, 0xfe, 0xe, 0x0, 0x7f, 0xf5, 0xc4,
    0x7f, 0x9f, 0x40, 0x32, 0xf7, 0x7e, 0xb3, 0xc0,
    0x9, 0x28, 0x3, 0xf8, 0xec, 0x2, 0x5a, 0x0,
    0xfe, 0x4b, 0x0, 0x96, 0x40, 0x3f, 0x92, 0xc0,
    0x26, 0x90, 0xf, 0xe4, 0xa0, 0x9, 0xa0, 0x3,
    0xf9, 0x68, 0x2, 0x77, 0x0, 0x7f, 0xf2, 0xd6,
    0x80, 0x27, 0x70, 0x7, 0xc9, 0x40, 0x13, 0x40,
    0x7, 0xc9, 0x60, 0x13, 0x48, 0x7, 0xc9, 0x60,
    0x12, 0xc8, 0x7, 0xc7, 0x60, 0x12, 0xd0, 0x7,
    0xc7, 0x80, 0x12, 0x50, 0x7, 0xed, 0x0, 0xcb,
    0xdd, 0xfa, 0xc0, 0x38, 0x47, 0xf9, 0xc0, 0x3f,
    0xfa, 0x40,

    /* U+03A4 "Τ" */
    0xbf, 0xff, 0xfe, 0x28, 0x7, 0xff, 0x60, 0x47,
    0xe0, 0xc, 0x23, 0xf5, 0x77, 0x78, 0x40, 0x2d,
    0xee, 0xf0, 0x7, 0xff, 0xfc, 0x3, 0xff, 0xfe,
    0x1, 0xff, 0xff, 0x0, 0xff, 0xff, 0x80, 0x78,

    /* U+03A5 "Υ" */
    0xbf, 0xfc, 0x20, 0x1f, 0x17, 0xfe, 0x99, 0x0,
    0x68, 0x0, 0xfa, 0x40, 0x34, 0x13, 0x0, 0x4c,
    0x60, 0x1c, 0x88, 0x0, 0xa0, 0x42, 0x0, 0x34,
    0x0, 0x74, 0x80, 0x42, 0xe0, 0x1, 0x80, 0x9,
    0x14, 0x2, 0x62, 0x0, 0xac, 0x3, 0x39, 0x0,
    0x50, 0x1, 0x40, 0x4, 0x6a, 0x1, 0xd0, 0x1,
    0x13, 0x84, 0x8, 0x5, 0xe0, 0x1e, 0x53, 0x0,
    0xa4, 0xdc, 0x2, 0x53, 0x0, 0xfb, 0xc0, 0x21,
    0xc0, 0xd, 0x0, 0x1f, 0x8d, 0x40, 0x3e, 0x72,
    0x0, 0xfe, 0xb0, 0xf, 0xc, 0x0, 0x7f, 0x85,
    0xc0, 0x3a, 0x0, 0x3f, 0xf8, 0x10, 0x20, 0x11,
    0x30, 0x7, 0xff, 0x5, 0x0, 0x25, 0x0, 0xff,
    0xff, 0x80, 0x7f, 0xff, 0xc0, 0x3f, 0x80,

    /* U+03A6 "Φ" */
    0x0, 0xfe, 0xdf, 0xf8, 0xc0, 0x3f, 0xf8, 0x44,
    0x86, 0x1, 0x95, 0xc, 0x3, 0xfc, 0xbb, 0xab,
    0xc2, 0x0, 0xa6, 0xf3, 0xe0, 0x3, 0xe8, 0xa2,
    0x0, 0xff, 0x9f, 0x44, 0x3, 0x3b, 0x80, 0x3f,
    0xf8, 0x45, 0x80, 0x10, 0xc0, 0x6, 0x67, 0x10,
    0x9, 0x5c, 0x80, 0x22, 0x70, 0x3, 0x0, 0x6d,
    0x98, 0x30, 0xa, 0x63, 0x4c, 0x2, 0x90, 0x5,
    0x80, 0x4e, 0x40, 0x1f, 0xdc, 0x1, 0x9, 0x81,
    0x80, 0x56, 0x1, 0xfe, 0x22, 0x0, 0x4a, 0x1,
    0xc4, 0x1, 0xff, 0x38, 0x5, 0xc2, 0x1, 0x84,
    0x3, 0xfe, 0x30, 0xc, 0x20, 0x18, 0x80, 0x3f,
    0xe3, 0x0, 0xbc, 0x4, 0x2, 0x60, 0xf, 0xf9,
    0xc0, 0x22, 0x5, 0x0, 0xb8, 0x3, 0xfc, 0x64,
    0x1, 0x38, 0x68, 0x4, 0xae, 0x1, 0xf9, 0x34,
    0x2, 0x22, 0x3, 0x10, 0x5, 0x1f, 0xe2, 0x0,
    0xb3, 0xec, 0x40, 0x28, 0x0, 0xb8, 0x3, 0xff,
    0x88, 0xaa, 0x0, 0x8e, 0xc4, 0x3, 0xff, 0x82,
    0xd4, 0x1, 0xc9, 0xf0, 0x62, 0x20, 0xc, 0x22,
    0x25, 0xc9, 0x0, 0xf8, 0x5f, 0x3b, 0x84, 0x1,
    0x6f, 0x6d, 0x18, 0x7, 0xff, 0x90,

    /* U+03A7 "Χ" */
    0x2f, 0xfd, 0xa0, 0x1f, 0xab, 0xff, 0x29, 0x38,
    0x4, 0x4e, 0x1, 0xe4, 0x50, 0x9, 0x14, 0x20,
    0x80, 0x28, 0x10, 0xe, 0x90, 0xd, 0x40, 0x17,
    0x0, 0x6a, 0x0, 0xd0, 0x40, 0x14, 0x88, 0x4,
    0x6c, 0x1, 0x22, 0x80, 0x9, 0xc0, 0x23, 0x60,
    0xe, 0x91, 0x0, 0xac, 0x43, 0x80, 0x37, 0x0,
    0x7d, 0x40, 0x10, 0xc3, 0x18, 0x5, 0x4, 0x1,
    0xf2, 0x28, 0x4, 0xd2, 0x1, 0x1b, 0x80, 0x7f,
    0x58, 0x80, 0x7d, 0xe0, 0x1f, 0xe1, 0xb0, 0xf,
    0x39, 0x80, 0x7f, 0xca, 0x80, 0x18, 0xa0, 0x3,
    0xff, 0x82, 0xc0, 0x18, 0x84, 0x3, 0xff, 0x80,
    0xe4, 0x1, 0xd6, 0x1, 0xff, 0x14, 0x0, 0x79,
    0x54, 0x1, 0xfe, 0xe0, 0xc, 0x40, 0x15, 0x88,
    0x7, 0xe7, 0x30, 0xa, 0x78, 0x2, 0x1b, 0x0,
    0xf8, 0xa0, 0x2, 0x36, 0x36, 0x0, 0x95, 0x0,
    0x3d, 0xc0, 0x1b, 0xc0, 0x10, 0x20, 0x15, 0x0,
    0x73, 0x18, 0x4, 0xe6, 0x0, 0x1b, 0x0, 0x86,
    0x40, 0x21, 0x90, 0x8, 0x60, 0x3, 0x2a, 0x0,
    0x4c, 0x60, 0xa, 0x0, 0xd4, 0x1, 0xe9, 0x0,
    0xdc, 0xc, 0x80, 0x12, 0xa0, 0x7, 0x8a, 0x0,
    0x22, 0x80,

    /* U+03A8 "Ψ" */
    0xef, 0xf7, 0x0, 0x51, 0xff, 0x40, 0x5, 0xff,
    0x70, 0x7, 0xff, 0xfc, 0x3, 0xff, 0xfe, 0x1,
    0xff, 0xc9, 0x30, 0x0, 0x80, 0x7f, 0xf0, 0x8c,
    0x40, 0x25, 0x0, 0xfe, 0x50, 0x9, 0x90, 0x2,
    0xb3, 0x0, 0xf9, 0x2c, 0x2, 0xca, 0x0, 0x87,
    0x39, 0x80, 0x26, 0xfb, 0x10, 0x9, 0x49, 0xc0,
    0x30, 0x88, 0x2, 0x10, 0xe, 0x82, 0x8, 0x70,
    0xf, 0xfe, 0xc, 0x38, 0x5, 0x1a, 0xe6, 0x1,
    0xf1, 0xbe, 0xb8, 0x7, 0x14, 0x67, 0xb8, 0x4,
    0xff, 0x90, 0x40, 0x1f, 0xff, 0xf0, 0xc,

    /* U+03A9 "Ω" */
    0x0, 0xf9, 0x6b, 0x7f, 0xec, 0x93, 0x0, 0xff,
    0x97, 0xa9, 0x48, 0x2, 0x36, 0xcc, 0x18, 0x7,
    0xe9, 0xa1, 0x0, 0xfe, 0x3c, 0x60, 0xf, 0x4b,
    0x0, 0x7f, 0xf0, 0x65, 0x40, 0x32, 0xb0, 0x6,
    0x5c, 0xff, 0xac, 0xc0, 0x35, 0x10, 0x5, 0x60,
    0x1a, 0x68, 0xc0, 0x24, 0xc6, 0x0, 0xd2, 0x0,
    0x61, 0x0, 0x9d, 0x80, 0x3e, 0x93, 0x0, 0x90,
    0x83, 0x40, 0x21, 0x80, 0xf, 0xef, 0x0, 0xca,
    0xa, 0x1, 0x38, 0x7, 0xf8, 0xc8, 0x2, 0xd0,
    0x10, 0xb, 0x0, 0x3f, 0xe4, 0x0, 0x98, 0x40,
    0x33, 0x0, 0x7f, 0xc2, 0x1, 0x8, 0x80, 0x3f,
    0xf9, 0x2, 0x2, 0x1, 0x30, 0x7, 0xfc, 0x20,
    0x13, 0x2, 0x80, 0x5a, 0x1, 0xff, 0x28, 0x5,
    0xa1, 0xa0, 0x12, 0x80, 0x7f, 0x84, 0xc0, 0x25,
    0x6, 0x10, 0x1, 0x28, 0x7, 0xf4, 0x0, 0x48,
    0x40, 0xb, 0x0, 0xac, 0x80, 0x3e, 0x46, 0x0,
    0xa4, 0x2, 0x56, 0x0, 0xe, 0x18, 0x7, 0x25,
    0x80, 0x54, 0x40, 0xb, 0xe7, 0x0, 0x87, 0x0,
    0x31, 0x58, 0x6, 0xbe, 0x70, 0x71, 0x10, 0x7,
    0xff, 0xc, 0x45, 0xe0, 0x1f, 0xfe, 0x0,

    /* U+03AA "Ϊ" */
    0x8f, 0xf8, 0x40, 0xff, 0xe6, 0x0, 0xff, 0xe5,
    0x6a, 0xac, 0x20, 0x2a, 0xb1, 0x2d, 0x54, 0x0,
    0x2a, 0xa9, 0x0, 0x3f, 0xf8, 0x53, 0xff, 0x38,
    0x7, 0xff, 0xfc, 0x3, 0xff, 0xfe, 0x1, 0xff,
    0xff, 0x0, 0xfe,

    /* U+03AB "Ϋ" */
    0x0, 0xd1, 0xff, 0x8, 0x17, 0xfc, 0xe0, 0x1f,
    0xfe, 0x2d, 0x55, 0x84, 0xd, 0x56, 0x30, 0xf,
    0xcb, 0x55, 0x0, 0x6, 0xaa, 0x40, 0xf, 0xfe,
    0x5d, 0xff, 0xe1, 0x0, 0xf8, 0xbf, 0xf4, 0xc8,
    0x3, 0x40, 0x7, 0xd2, 0x1, 0xa0, 0x98, 0x2,
    0x63, 0x0, 0xe4, 0x40, 0x5, 0x2, 0x10, 0x1,
    0xa0, 0x3, 0xa4, 0x2, 0x17, 0x0, 0xc, 0x0,
    0x48, 0xa0, 0x13, 0x10, 0x5, 0x60, 0x19, 0xc8,
    0x2, 0x80, 0xa, 0x0, 0x23, 0x50, 0xe, 0x80,
    0x8, 0x9c, 0x20, 0x40, 0x2f, 0x0, 0xf2, 0x98,
    0x5, 0x26, 0xe0, 0x12, 0x98, 0x7, 0xde, 0x1,
    0xe, 0x0, 0x68, 0x0, 0xfc, 0x6a, 0x1, 0xf3,
    0x90, 0x7, 0xf5, 0x80, 0x78, 0x60, 0x3, 0xfc,
    0x2e, 0x1, 0xd0, 0x1, 0xff, 0xc0, 0x81, 0x0,
    0x89, 0x80, 0x3f, 0xf8, 0x28, 0x1, 0x28, 0x7,
    0xff, 0xfc, 0x3, 0xff, 0xfe, 0x1, 0xfc,

    /* U+03AC "ά" */
    0x0, 0xfe, 0xcf, 0xf1, 0x80, 0x7f, 0xc6, 0x60,
    0x23, 0x0, 0xff, 0xa8, 0x1, 0x60, 0x1f, 0xf0,
    0xb0, 0x1, 0x80, 0x3f, 0xe6, 0x0, 0x30, 0x7,
    0xff, 0x2, 0x80, 0x16, 0x1, 0xff, 0xc0, 0xdf,
    0xf1, 0x0, 0x7f, 0xf3, 0x52, 0xbb, 0xfd, 0xb0,
    0x55, 0xff, 0x0, 0x55, 0x6a, 0x20, 0x2, 0x7d,
    0x40, 0xe, 0xb5, 0x0, 0xfc, 0x20, 0x19, 0xd0,
    0x3, 0x12, 0x10, 0x7, 0xd0, 0x1, 0xe, 0x6d,
    0xed, 0x0, 0x72, 0x80, 0x6a, 0x30, 0x9, 0x5c,
    0x3, 0x60, 0x4, 0x48, 0x1, 0xd4, 0x1, 0x88,
    0x2, 0x40, 0xf, 0x10, 0x6, 0x70, 0x8, 0x40,
    0x3f, 0xe7, 0x0, 0x84, 0x3, 0xfe, 0x20, 0x9,
    0x40, 0x3c, 0x40, 0x1b, 0x0, 0x23, 0x30, 0x7,
    0x50, 0x6, 0x50, 0xd, 0xc4, 0x1, 0x2b, 0x80,
    0x74, 0x0, 0x45, 0xb9, 0x7b, 0x40, 0x1e, 0x74,
    0x0, 0xc6, 0x84, 0x1, 0xfa, 0xd4, 0x3, 0xf1,
    0x0, 0x7a, 0xad, 0x44, 0x0, 0x4f, 0xce, 0x1,
    0x0,

    /* U+03AD "έ" */
    0x0, 0xfb, 0xbf, 0xc2, 0x1, 0xfe, 0x51, 0x5,
    0x10, 0xf, 0xf4, 0x80, 0x38, 0x3, 0xfc, 0x46,
    0x4, 0x80, 0x1f, 0xeb, 0x0, 0x58, 0x7, 0xfc,
    0xe0, 0x2c, 0x1, 0xff, 0x77, 0xf0, 0x7, 0xff,
    0x35, 0x2b, 0xbf, 0xdb, 0x26, 0x1, 0xea, 0xb5,
    0x10, 0x1, 0x36, 0x59, 0x0, 0x52, 0xa0, 0x1f,
    0x93, 0x48, 0x5, 0x80, 0x30, 0x88, 0x3, 0x29,
    0x1, 0x0, 0x6b, 0xee, 0xa0, 0x4a, 0x80, 0x3e,
    0x40, 0x0, 0xbf, 0xe0, 0x4, 0x60, 0x1a, 0x95,
    0x10, 0x2, 0x20, 0xc, 0xc0, 0x12, 0xd5, 0xd8,
    0x3, 0xe1, 0x0, 0xff, 0xe0, 0x9b, 0x80, 0x7f,
    0xf0, 0x64, 0x2, 0x4e, 0xff, 0x80, 0x3c, 0xc0,
    0x16, 0x88, 0x6, 0x33, 0x0, 0x4e, 0x1, 0x59,
    0x0, 0x6, 0x33, 0x12, 0x21, 0x80, 0x11, 0x6f,
    0x74, 0xe0, 0x6, 0xc0, 0x61, 0x0, 0xc2, 0x20,
    0xe, 0x90, 0x1c, 0x20, 0xf, 0xc5, 0x88, 0x0,
    0x2d, 0xa4, 0x10, 0x1, 0x2d, 0x69, 0x80, 0x0,

    /* U+03AE "ή" */
    0x0, 0xfd, 0x3f, 0xe7, 0x0, 0xff, 0xe0, 0x30,
    0x1, 0x80, 0x3f, 0xe6, 0x0, 0x30, 0x80, 0x7f,
    0xd6, 0x0, 0xa0, 0xf, 0xf8, 0xc8, 0xc, 0xc0,
    0x1f, 0xf4, 0x80, 0x24, 0x3, 0xff, 0x81, 0x5f,
    0xe5, 0x0, 0xff, 0xe5, 0x7f, 0xd6, 0x7, 0x5d,
    0xfe, 0xd9, 0x10, 0xf, 0xa3, 0x14, 0x40, 0x4,
    0xdc, 0x60, 0x1c, 0x8e, 0x1, 0xfb, 0x44, 0x3,
    0xff, 0x84, 0x32, 0x1, 0xe5, 0xdf, 0xf4, 0x80,
    0x66, 0x0, 0xe2, 0xa2, 0x0, 0x33, 0x80, 0x42,
    0x20, 0xd, 0x40, 0x1d, 0x40, 0x18, 0x80, 0x31,
    0x80, 0x71, 0x0, 0x67, 0x0, 0xce, 0x1, 0xe1,
    0x0, 0xff, 0xe1, 0x98, 0x7, 0xff, 0xfc, 0x3,
    0xff, 0xba,

    /* U+03AF "ί" */
    0x0, 0xb3, 0xfc, 0x80, 0x1c, 0x46, 0x4, 0x80,
    0x1d, 0x60, 0xa, 0x0, 0xf3, 0x0, 0x18, 0x3,
    0x98, 0x0, 0xc2, 0x1, 0xd4, 0x0, 0xa0, 0xf,
    0x67, 0xf8, 0xc0, 0x3f, 0xf8, 0x73, 0xff, 0x40,
    0x7, 0xff, 0xfc, 0x3, 0xff, 0xb8, 0x20, 0x12,
    0x88, 0x6, 0xe0, 0x8, 0xbe, 0xa6, 0x85, 0xc4,
    0x2, 0x15, 0x65, 0x31, 0xb0, 0xf, 0xe5, 0xd6,
    0x10, 0x8, 0x40,

    /* U+03B0 "ΰ" */
    0x0, 0xfc, 0x28, 0x82, 0x0, 0xff, 0xe0, 0xdd,
    0xce, 0x1, 0xff, 0xc0, 0x15, 0x1, 0x50, 0xf,
    0x1f, 0xfc, 0x0, 0x90, 0x3, 0xf, 0xfc, 0x1,
    0xfc, 0xc0, 0x9, 0x0, 0xff, 0xe0, 0x28, 0x82,
    0x8, 0x7, 0xc2, 0xab, 0x1, 0x2a, 0xa0, 0x0,
    0xab, 0x0, 0x45, 0x55, 0x3, 0xd5, 0xc, 0x6,
    0xaa, 0x0, 0xff, 0xe3, 0x9f, 0xfe, 0x0, 0xf0,
    0xff, 0xe0, 0xf, 0xff, 0xf8, 0x7, 0xff, 0xf4,
    0x80, 0x38, 0x40, 0x31, 0x80, 0x72, 0x80, 0x71,
    0x0, 0x6a, 0x0, 0xea, 0x0, 0x88, 0x0, 0x60,
    0x13, 0x38, 0x0, 0x64, 0xc0, 0x27, 0x0, 0x58,
    0x6, 0x8f, 0xee, 0x30, 0x6, 0xe0, 0x3, 0x90,
    0x7, 0x8, 0x7, 0x22, 0x0, 0x2c, 0x30, 0xf,
    0xe4, 0xb0, 0xc, 0x39, 0x4a, 0x40, 0x11, 0x2d,
    0xd8, 0x2,

    /* U+03B1 "α" */
    0x0, 0xc9, 0x5d, 0xfe, 0xd8, 0x2a, 0xff, 0x80,
    0x2a, 0xb5, 0x10, 0x1, 0x3e, 0xa0, 0x7, 0x5a,
    0x80, 0x7e, 0x10, 0xc, 0xe8, 0x1, 0x89, 0x8,
    0x3, 0xe8, 0x0, 0x87, 0x36, 0xf6, 0x80, 0x39,
    0x40, 0x35, 0x18, 0x4, 0xae, 0x1, 0xb0, 0x2,
    0x24, 0x0, 0xea, 0x0, 0xc4, 0x1, 0x20, 0x7,
    0x88, 0x3, 0x38, 0x4, 0x20, 0x1f, 0xf3, 0x80,
    0x42, 0x1, 0xff, 0x10, 0x4, 0xa0, 0x1e, 0x20,
    0xd, 0x80, 0x11, 0x98, 0x3, 0xa8, 0x3, 0x28,
    0x6, 0xe2, 0x0, 0x95, 0xc0, 0x3a, 0x0, 0x22,
    0xdc, 0xbd, 0xa0, 0xf, 0x3a, 0x0, 0x63, 0x42,
    0x0, 0xfd, 0x6a, 0x1, 0xf8, 0x80, 0x3d, 0x56,
    0xa2, 0x0, 0x27, 0xe7, 0x0, 0x80,

    /* U+03B2 "β" */
    0x0, 0x96, 0xbb, 0xfd, 0xb2, 0x60, 0x1e, 0x1c,
    0xa5, 0x10, 0x1, 0x36, 0x48, 0x7, 0x61, 0x80,
    0x7e, 0x6b, 0x0, 0x98, 0x80, 0x30, 0x80, 0x72,
    0x28, 0x2, 0x80, 0x21, 0xce, 0xfc, 0x20, 0xb,
    0x80, 0x4, 0x1, 0x41, 0x80, 0xe, 0x0, 0x26,
    0x0, 0x8, 0x4, 0xa0, 0x1f, 0x84, 0x3, 0xfc,
    0x96, 0x1, 0x20, 0x7, 0xf7, 0xd8, 0x80, 0x6,
    0x40, 0x3f, 0xf8, 0x4a, 0x1, 0xff, 0xc3, 0x4f,
    0x10, 0xf, 0xca, 0x60, 0x18, 0x68, 0x3, 0xf5,
    0x67, 0x30, 0x4, 0x84, 0x1, 0xfc, 0x32, 0x60,
    0x12, 0x0, 0x7f, 0xc8, 0x1, 0x70, 0x7, 0xfc,
    0x20, 0x1f, 0x94, 0x3, 0xce, 0x1, 0x78, 0x6,
    0x85, 0x0, 0x8b, 0x4, 0x2, 0x50, 0xc, 0x35,
    0xfd, 0xcd, 0x30, 0x9, 0x8, 0x3, 0xe1, 0x10,
    0x6, 0x19, 0x0, 0xff, 0xe0, 0x9e, 0x10, 0x7,
    0x21, 0x0, 0x44, 0xb7, 0x84, 0x1, 0xe8, 0xdf,
    0xfb, 0x69, 0x0, 0x3f, 0xff, 0xe0, 0x1f, 0xfc,
    0xd0,

    /* U+03B3 "γ" */
    0x3f, 0xfb, 0x40, 0x3e, 0xdf, 0xf9, 0xc, 0x80,
    0x4, 0x60, 0x1c, 0x44, 0x0, 0xa, 0x2, 0x80,
    0x56, 0x1, 0xca, 0x1, 0x30, 0x2, 0x80, 0x25,
    0x0, 0xea, 0x0, 0xac, 0x0, 0x46, 0x0, 0x23,
    0x0, 0x88, 0x80, 0x2, 0x30, 0xa, 0xc0, 0x2b,
    0x0, 0x94, 0x2, 0xa0, 0xc, 0xc0, 0x12, 0x80,
    0x54, 0x1, 0x28, 0x6, 0x14, 0x0, 0x11, 0x81,
    0x10, 0x0, 0x64, 0x1, 0xdc, 0x1, 0x58, 0x50,
    0x5, 0x40, 0x1e, 0x50, 0x9, 0x41, 0x40, 0x27,
    0x0, 0xf9, 0x40, 0x4, 0xc4, 0x0, 0x41, 0x0,
    0xfb, 0x80, 0x29, 0x0, 0xb8, 0x3, 0xf2, 0x8,
    0x7, 0x94, 0x3, 0xf9, 0xc0, 0x39, 0x40, 0x3f,
    0xd4, 0x1, 0xdc, 0x1, 0xfe, 0x32, 0x0, 0x85,
    0x0, 0x3f, 0xe4, 0x0, 0x9c, 0x3, 0xff, 0x80,
    0x20, 0x1f, 0xff, 0xf0, 0x8,

    /* U+03B4 "δ" */
    0x0, 0xc9, 0x7f, 0xff, 0x10, 0x7, 0x9a, 0xd0,
    0x3, 0xff, 0x85, 0x20, 0x1f, 0xfc, 0x34, 0x0,
    0xcd, 0x55, 0xc4, 0x1, 0xc4, 0x1, 0x24, 0xaa,
    0xf0, 0x7, 0x88, 0x2, 0x51, 0x0, 0xff, 0x90,
    0x40, 0x3, 0xd0, 0x40, 0x1f, 0xea, 0x0, 0xcf,
    0xb8, 0xc0, 0x1f, 0x92, 0x40, 0x38, 0xe7, 0x94,
    0x3, 0x8b, 0x24, 0x3, 0xe1, 0xa7, 0x0, 0x8b,
    0xc, 0x3, 0xfd, 0x8, 0x0, 0xe1, 0x0, 0x9f,
    0xbf, 0x54, 0x3, 0x48, 0x21, 0x80, 0x4f, 0x2,
    0x5, 0x48, 0x1, 0x11, 0xe8, 0x6, 0x90, 0xe,
    0xf0, 0xc, 0x84, 0x1, 0x84, 0x3, 0x94, 0x3,
    0x73, 0x80, 0x42, 0x1, 0xff, 0xc0, 0x70, 0x8,
    0x44, 0x1, 0xc4, 0x1, 0xb8, 0xc0, 0x33, 0x0,
    0x74, 0x80, 0x63, 0xb0, 0xd, 0xc, 0x1, 0x42,
    0x80, 0x42, 0x86, 0x80, 0x1a, 0x7f, 0xbd, 0xc0,
    0x35, 0x80, 0x28, 0x80, 0x38, 0x40, 0x39, 0x94,
    0x0, 0x38, 0x80, 0x1f, 0xd1, 0x20, 0x18, 0x6f,
    0x18, 0x80, 0x2, 0x71, 0xce, 0x1, 0x0,

    /* U+03B5 "ε" */
    0x0, 0x92, 0xbb, 0xfd, 0xb2, 0x60, 0x1e, 0xab,
    0x51, 0x0, 0x13, 0x65, 0x90, 0x5, 0x2a, 0x1,
    0xf9, 0x34, 0x80, 0x58, 0x3, 0x8, 0x80, 0x32,
    0x90, 0x10, 0x6, 0xbe, 0xea, 0x4, 0xa8, 0x3,
    0xe4, 0x0, 0xb, 0xfe, 0x0, 0x46, 0x1, 0xa9,
    0x51, 0x0, 0x22, 0x0, 0xcc, 0x1, 0x2d, 0x5d,
    0x80, 0x3e, 0x10, 0xf, 0xfe, 0x9, 0xb8, 0x7,
    0xff, 0x6, 0x40, 0x24, 0xef, 0xf8, 0x3, 0xcc,
    0x1, 0x68, 0x80, 0x63, 0x30, 0x4, 0xe0, 0x15,
    0x90, 0x0, 0x63, 0x31, 0x22, 0x18, 0x1, 0x16,
    0xf7, 0x4e, 0x0, 0x6c, 0x6, 0x10, 0xc, 0x22,
    0x0, 0xe9, 0x1, 0xc2, 0x0, 0xfc, 0x58, 0x80,
    0x2, 0xda, 0x41, 0x0, 0x12, 0xd6, 0x98, 0x0,

    /* U+03B6 "ζ" */
    0xe, 0xff, 0xff, 0xe0, 0x80, 0x7f, 0xf5, 0x9d,
    0x57, 0xc4, 0x1, 0xd0, 0x0, 0x9a, 0xae, 0xf2,
    0x0, 0xd4, 0xe0, 0x1f, 0x3d, 0x0, 0x6b, 0x50,
    0xf, 0xa2, 0x0, 0x1b, 0x10, 0x3, 0xe8, 0x70,
    0x8, 0x70, 0xc0, 0x3e, 0x77, 0x0, 0x43, 0x86,
    0x1, 0xf2, 0x40, 0x4, 0x5e, 0x40, 0x1f, 0xd,
    0x0, 0x45, 0x82, 0x1, 0xfa, 0xc4, 0x2, 0xf1,
    0x0, 0xfc, 0x4a, 0x1, 0x49, 0x0, 0x7f, 0x28,
    0x4, 0x2c, 0x1, 0xfe, 0xc0, 0x9, 0xc0, 0x3f,
    0xe7, 0x0, 0x84, 0x3, 0xff, 0x86, 0x60, 0x1f,
    0xf3, 0x0, 0x49, 0x4, 0x1, 0xfd, 0xe0, 0x19,
    0xf7, 0xfd, 0xdb, 0x48, 0x1, 0x29, 0x0, 0x7c,
    0x24, 0xb7, 0x0, 0x17, 0x90, 0x7, 0xf9, 0xcc,
    0x0, 0x5b, 0x28, 0x20, 0x1f, 0xa4, 0x3, 0x35,
    0xf7, 0xfd, 0xa6, 0x1, 0x38, 0x7, 0xf8, 0xb8,
    0x2, 0x30, 0xf, 0xf8, 0x88, 0x0, 0x30, 0xf,
    0xfe, 0x5, 0xbb, 0xac, 0x0,

    /* U+03B7 "η" */
    0xff, 0xac, 0xe, 0xbb, 0xfd, 0xb2, 0x20, 0x1f,
    0x46, 0x28, 0x80, 0x9, 0xb8, 0xc0, 0x39, 0x1c,
    0x3, 0xf6, 0x88, 0x7, 0xff, 0x8, 0x64, 0x3,
    0xcb, 0xbf, 0xe9, 0x0, 0xcc, 0x1, 0xc5, 0x44,
    0x0, 0x67, 0x0, 0x84, 0x40, 0x1a, 0x80, 0x3a,
    0x80, 0x31, 0x0, 0x63, 0x0, 0xe2, 0x0, 0xce,
    0x1, 0x9c, 0x3, 0xc2, 0x1, 0xff, 0xc3, 0x30,
    0xf, 0xff, 0xf8, 0x7, 0xff, 0x74,

    /* U+03B8 "θ" */
    0x0, 0xe3, 0x9d, 0xff, 0xb2, 0x8, 0x3, 0xf0,
    0xd6, 0x31, 0x0, 0x46, 0xfb, 0x20, 0x1e, 0x1c,
    0x50, 0xf, 0xe6, 0xb0, 0xe, 0xa2, 0x0, 0xff,
    0x92, 0x80, 0x25, 0x40, 0x8, 0x6b, 0xfe, 0x91,
    0x0, 0x94, 0xc0, 0x10, 0x1, 0xf, 0xa8, 0x4,
    0xd8, 0x1, 0xa0, 0x8, 0x80, 0x14, 0x8, 0x7,
    0x13, 0x80, 0x48, 0x2a, 0x1, 0x98, 0x3, 0xe9,
    0x0, 0xc9, 0xc0, 0x12, 0x0, 0x7e, 0x12, 0x0,
    0xb4, 0x80, 0x24, 0xff, 0xfe, 0x20, 0x8, 0x5c,
    0x3, 0xff, 0x8a, 0x60, 0x1f, 0xfc, 0x77, 0x0,
    0x97, 0x77, 0xf8, 0xc0, 0x23, 0x20, 0x8, 0x48,
    0xbf, 0x84, 0x2, 0x1e, 0x0, 0x90, 0x3, 0xf0,
    0x90, 0x5, 0xaa, 0x1, 0x98, 0x3, 0xe9, 0x0,
    0xc8, 0x44, 0x0, 0xa0, 0x40, 0x38, 0x9c, 0x2,
    0x41, 0x8, 0x0, 0x87, 0xd4, 0x2, 0x5c, 0x0,
    0xd0, 0x0, 0x54, 0x0, 0x86, 0xbf, 0xbe, 0x84,
    0x2, 0x53, 0x0, 0xa8, 0x80, 0x38, 0x40, 0x39,
    0x28, 0x3, 0xe, 0x28, 0x7, 0xf3, 0x58, 0x7,
    0x86, 0xb1, 0x88, 0x2, 0x37, 0xd9, 0x0, 0xc0,

    /* U+03B9 "ι" */
    0x9f, 0xfa, 0x0, 0x3f, 0xff, 0xe0, 0x1f, 0xfd,
    0xc1, 0x0, 0x94, 0x40, 0x37, 0x0, 0x45, 0xf5,
    0x34, 0x2e, 0x20, 0x10, 0xab, 0x29, 0x8d, 0x80,
    0x7f, 0x2e, 0xb0, 0x80, 0x42, 0x0,

    /* U+03BA "κ" */
    0xef, 0xf8, 0xc0, 0x34, 0xff, 0xe6, 0x0, 0xfe,
    0x46, 0x0, 0x91, 0x80, 0x3f, 0xa8, 0x3, 0x50,
    0x7, 0xf4, 0x88, 0x5, 0x42, 0x1, 0xf9, 0x18,
    0x2, 0x55, 0x0, 0x7e, 0x1a, 0x0, 0x86, 0xc0,
    0x3f, 0xac, 0x40, 0x2a, 0x10, 0xf, 0xd6, 0xa0,
    0x13, 0x20, 0x7, 0xf3, 0x80, 0x68, 0x0, 0xff,
    0x38, 0x6, 0xb0, 0xf, 0xf5, 0xb0, 0x4, 0xac,
    0x1, 0xfe, 0x91, 0x0, 0xa4, 0x80, 0x3f, 0xd4,
    0x1, 0xbc, 0x3, 0x8, 0x7, 0x23, 0x80, 0x45,
    0x20, 0x1f, 0xe8, 0x20, 0x9, 0x94, 0x3, 0xfd,
    0xc0, 0x1a, 0xc4, 0x3, 0xf8, 0xe0, 0x2, 0x1d,
    0x0,

    /* U+03BB "λ" */
    0x3, 0xff, 0xb6, 0x0, 0x3f, 0xf8, 0x64, 0xfa,
    0x20, 0x1f, 0xfc, 0x32, 0xb0, 0xf, 0xe1, 0x65,
    0x10, 0x9, 0x4c, 0x3, 0xf1, 0x4d, 0x72, 0x0,
    0x52, 0x1, 0xff, 0xc0, 0xa0, 0x9, 0x44, 0x3,
    0xfe, 0x30, 0xc, 0xe0, 0x1f, 0xf5, 0x0, 0x6a,
    0x0, 0xff, 0x94, 0x3, 0x19, 0x0, 0x7f, 0x19,
    0x0, 0x75, 0x0, 0x7f, 0x50, 0x7, 0x94, 0x3,
    0xf9, 0x80, 0x2, 0xa0, 0x2, 0x30, 0xf, 0x94,
    0x2, 0x6e, 0x0, 0xa8, 0x3, 0xee, 0x0, 0xad,
    0x4, 0x0, 0xe0, 0x1e, 0x14, 0x0, 0x11, 0x83,
    0x80, 0x5, 0x40, 0x39, 0xc0, 0x25, 0x0, 0x68,
    0x5, 0xe0, 0x1d, 0x40, 0x15, 0x0, 0x10, 0x40,
    0xa, 0x20, 0x11, 0x18, 0x0, 0x88, 0x1, 0x38,
    0x4, 0xe0, 0x15, 0x0, 0x54, 0x1, 0xb4, 0x2,
    0xa0, 0x9, 0x80, 0x25, 0x0, 0xc8, 0x20, 0x3,
    0x20, 0x41, 0x0, 0x19, 0x0, 0x73, 0x80, 0x54,
    0x1a, 0x1, 0x58, 0x7, 0xa8, 0x2, 0x50,

    /* U+03BC "μ" */
    0xff, 0xc6, 0x1, 0xed, 0xff, 0x90, 0x3, 0xff,
    0xfe, 0x1, 0xff, 0xed, 0x70, 0xf, 0x18, 0x7,
    0xec, 0x0, 0xe1, 0x10, 0x7, 0xe5, 0x0, 0xe9,
    0x0, 0xfe, 0x2a, 0x10, 0x3, 0x38, 0x7, 0xf9,
    0x7b, 0x9f, 0x20, 0x1f, 0xfc, 0x11, 0x0, 0xff,
    0xe3, 0xb, 0x0, 0x7f, 0xc2, 0x71, 0xd8, 0x1,
    0xf2, 0xff, 0xdd, 0x8e, 0xb, 0xff, 0x20, 0x7,
    0xff, 0xfc, 0x3, 0xff, 0x92,

    /* U+03BD "ν" */
    0x3f, 0xfb, 0x40, 0x3e, 0xcf, 0xf9, 0xc, 0x40,
    0x4, 0x40, 0xe, 0x23, 0x0, 0xa, 0x3, 0x0,
    0x54, 0x1, 0xca, 0x1, 0x38, 0x2, 0xc0, 0x25,
    0x0, 0xeb, 0x0, 0xa8, 0x0, 0x64, 0x0, 0x22,
    0x0, 0x42, 0x60, 0x1, 0x30, 0x9, 0x40, 0x25,
    0x0, 0x9c, 0x2, 0x60, 0xd, 0x40, 0x15, 0x80,
    0x54, 0x1, 0x58, 0x6, 0x23, 0x0, 0x19, 0x0,
    0x98, 0x0, 0x8c, 0x3, 0xac, 0x2, 0x50, 0x70,
    0x9, 0x40, 0x3c, 0xc0, 0x15, 0x86, 0x80, 0x54,
    0x1, 0xe1, 0x30, 0x1, 0x99, 0x0, 0x6, 0x40,
    0x1f, 0x50, 0x5, 0xe0, 0x15, 0x80, 0x7e, 0x70,
    0x8, 0xc0, 0x26, 0x0, 0xfc, 0x28, 0x1, 0xc6,
    0x20, 0x1f, 0xda, 0x1, 0xd4, 0x1, 0xfe, 0x70,
    0xe, 0x70, 0xf, 0xf0, 0xa0, 0x4, 0x82, 0x1,
    0xc0,

    /* U+03BE "ξ" */
    0x0, 0xc7, 0x39, 0xdf, 0xed, 0xa5, 0x0, 0xf0,
    0xde, 0x31, 0x88, 0x0, 0x96, 0xb9, 0x40, 0x36,
    0x20, 0x7, 0xf0, 0xd4, 0x0, 0x1c, 0x80, 0x38,
    0x44, 0x1, 0xdc, 0x0, 0xb0, 0x8, 0x6f, 0xfb,
    0xa9, 0x10, 0x96, 0x0, 0x10, 0x5, 0x28, 0x1,
    0xb, 0x7d, 0x30, 0x4, 0x60, 0x17, 0x80, 0x78,
    0x54, 0x3, 0x20, 0x4, 0xf0, 0x40, 0x1f, 0xeb,
    0x0, 0xcf, 0xbf, 0xf1, 0x0, 0x78, 0xa0, 0x3,
    0xff, 0x86, 0x38, 0x1, 0xff, 0xc3, 0xd4, 0x0,
    0xff, 0xe1, 0x29, 0x80, 0x47, 0x7d, 0xff, 0x10,
    0x7, 0x60, 0x4, 0x58, 0x82, 0x1, 0xfc, 0xa0,
    0x12, 0x80, 0x7f, 0xf1, 0x4, 0x3, 0xff, 0x80,
    0xe0, 0x13, 0x80, 0x7f, 0xf0, 0x30, 0x2, 0x1d,
    0x40, 0xf, 0xf3, 0x0, 0x62, 0xbf, 0xed, 0xda,
    0xd4, 0x2, 0x19, 0x0, 0xf0, 0x91, 0x49, 0x58,
    0x1, 0x34, 0x80, 0x7f, 0xc7, 0x40, 0x13, 0x74,
    0x20, 0x80, 0x7e, 0x51, 0x0, 0x85, 0xef, 0xbf,
    0xed, 0x80, 0xc, 0x80, 0x1f, 0xe2, 0x76, 0x0,
    0x8c, 0x3, 0xff, 0x81, 0xe0, 0x11, 0x80, 0x7f,
    0xf0, 0x11, 0xde, 0x40,

    /* U+03BF "ο" */
    0x0, 0xc5, 0x19, 0xfe, 0xec, 0x71, 0x0, 0xf9,
    0xf5, 0xcc, 0x0, 0x27, 0x1c, 0xa0, 0x1d, 0x30,
    0x1, 0xfd, 0x4c, 0x1, 0x33, 0x0, 0x38, 0x40,
    0x3a, 0x4c, 0x1, 0x0, 0x10, 0xd7, 0xf7, 0xc0,
    0x6, 0xf0, 0x51, 0x0, 0xa9, 0x40, 0x27, 0x80,
    0x8, 0xcb, 0x0, 0x23, 0x40, 0xe, 0x70, 0xc,
    0x84, 0x1, 0x28, 0x7, 0xc6, 0x1, 0x73, 0x80,
    0x42, 0x1, 0xf3, 0x80, 0x42, 0x1, 0x84, 0x3,
    0xe7, 0x0, 0x85, 0x40, 0x24, 0x0, 0xf8, 0xc0,
    0x2e, 0xc0, 0x8, 0x90, 0x3, 0x9c, 0x3, 0x22,
    0x88, 0x5, 0x48, 0x1, 0x34, 0x0, 0x46, 0x41,
    0x0, 0x10, 0xdf, 0xf7, 0xc8, 0x6, 0xf0, 0x3,
    0x28, 0x7, 0x8, 0x7, 0x49, 0x80, 0x54, 0xe0,
    0x1f, 0x86, 0x98, 0x3, 0xa3, 0x5c, 0x80, 0x2,
    0x71, 0xea, 0x1, 0x0,

    /* U+03C0 "π" */
    0xcf, 0xff, 0xfe, 0x2a, 0x0, 0x7f, 0xf6, 0x91,
    0x4c, 0x2, 0x15, 0x5c, 0x80, 0x19, 0x54, 0xd1,
    0x54, 0x0, 0x96, 0xab, 0x40, 0x4, 0x55, 0x42,
    0x0, 0xff, 0xff, 0x80, 0x7f, 0xff, 0xc0, 0x3f,
    0xff, 0xe0, 0x10,

    /* U+03C1 "ρ" */
    0x0, 0xc7, 0x3b, 0xfe, 0xeb, 0x60, 0xf, 0xd5,
    0x8c, 0x40, 0x1, 0x49, 0xe3, 0x0, 0xec, 0x50,
    0xf, 0xc3, 0x86, 0x1, 0x49, 0x80, 0x63, 0x41,
    0x0, 0xda, 0x0, 0x16, 0x0, 0x97, 0xf2, 0xfa,
    0x40, 0x21, 0x70, 0x60, 0x8, 0xa8, 0x3, 0x33,
    0x80, 0x54, 0x18, 0x1, 0x58, 0x7, 0xa4, 0x2,
    0x20, 0x60, 0x9, 0x40, 0x3c, 0x22, 0x0, 0x88,
    0xc0, 0x21, 0x0, 0xf8, 0xc0, 0x21, 0x0, 0xc2,
    0x1, 0xf1, 0x80, 0x42, 0x20, 0x9, 0x40, 0x3c,
    0x22, 0x0, 0x88, 0x3, 0x58, 0x7, 0xa4, 0x2,
    0x30, 0xe, 0x2a, 0x0, 0xcc, 0xe0, 0x15, 0x80,
    0x79, 0x7f, 0x2f, 0xa4, 0x2, 0x17, 0x0, 0xfc,
    0x68, 0x20, 0x1b, 0x40, 0x3c, 0x40, 0x1f, 0xd,
    0x98, 0x7, 0xba, 0x90, 0x40, 0x7, 0x1e, 0x80,
    0x1f, 0x96, 0xfb, 0xfd, 0x8e, 0x20, 0x1f, 0xff,
    0xf0, 0xf, 0xfe, 0x98,

    /* U+03C2 "ς" */
    0x0, 0xc5, 0x3b, 0xfe, 0xeb, 0x60, 0xf, 0xa3,
    0x58, 0x80, 0x2, 0x93, 0xc6, 0x1, 0xa5, 0xc0,
    0x3f, 0xe, 0x18, 0x1, 0x58, 0x3, 0x84, 0x3,
    0xb8, 0x1, 0x60, 0x1a, 0xbf, 0xb4, 0xc0, 0x22,
    0x44, 0x8, 0x5, 0xa, 0x0, 0x2d, 0x10, 0x1,
    0x8e, 0x0, 0x66, 0x0, 0xc3, 0x75, 0xd8, 0xa6,
    0x1, 0x8, 0x80, 0x39, 0x54, 0x20, 0x7, 0x0,
    0x8c, 0x3, 0xff, 0x9e, 0xe0, 0x11, 0x0, 0x7f,
    0xc6, 0x1, 0x94, 0x3, 0xfd, 0x80, 0x1a, 0x94,
    0x3, 0xf9, 0x8, 0x3, 0x57, 0xf7, 0x59, 0x2,
    0x1, 0x70, 0x7, 0x84, 0x63, 0x7f, 0x30, 0x1,
    0xd8, 0x80, 0x7f, 0xf, 0x0, 0x49, 0xf0, 0x60,
    0x1f, 0x88, 0xc0, 0x21, 0x7c, 0xff, 0xb5, 0xc0,
    0x32, 0x80, 0x7f, 0x14, 0x38, 0x5, 0xc0, 0x1f,
    0xf6, 0x0, 0x5e, 0x1, 0xff, 0x2b, 0xbc, 0x80,

    /* U+03C3 "σ" */
    0x0, 0xc5, 0x3b, 0xff, 0xfe, 0x80, 0xa, 0x35,
    0x88, 0x3, 0xff, 0x83, 0x2e, 0x1, 0xff, 0xc3,
    0x66, 0x0, 0x64, 0x53, 0x0, 0xe3, 0x5d, 0x8,
    0x0, 0x8b, 0x6e, 0xb2, 0xc0, 0x33, 0xd2, 0xa8,
    0x40, 0x2e, 0x20, 0x9, 0x24, 0x2, 0x41, 0xc,
    0x0, 0x8c, 0xc0, 0x1c, 0xc0, 0x19, 0xc0, 0x80,
    0x25, 0x0, 0xf8, 0xc0, 0x2e, 0x7, 0x0, 0x84,
    0x3, 0xe7, 0x0, 0x84, 0x1c, 0x2, 0x10, 0xf,
    0x9c, 0x2, 0x10, 0x20, 0x9, 0x0, 0x3c, 0x26,
    0x1, 0x70, 0x60, 0x4, 0x4a, 0x1, 0xd2, 0x1,
    0x90, 0x14, 0x40, 0x2a, 0x50, 0x9, 0xdc, 0x1,
    0x21, 0x0, 0x2c, 0x3, 0x57, 0xf7, 0xc0, 0x6,
    0x90, 0x9, 0x5c, 0x3, 0x84, 0x3, 0xa8, 0x80,
    0x34, 0x48, 0x7, 0xe1, 0xb5, 0x0, 0xf3, 0x73,
    0x98, 0x0, 0x4e, 0x79, 0x0, 0x30,

    /* U+03C4 "τ" */
    0x4f, 0xff, 0xfe, 0x13, 0x80, 0x7f, 0xf5, 0x19,
    0x57, 0x80, 0x32, 0x2a, 0xe3, 0x2a, 0xae, 0x0,
    0xd3, 0x55, 0x90, 0x3, 0xff, 0xfe, 0x1, 0xff,
    0xcf, 0x10, 0x8, 0x40, 0x3f, 0xf8, 0x74, 0x1,
    0xff, 0x10, 0x4, 0xd9, 0x32, 0x80, 0xf, 0xa4,
    0x3, 0x1b, 0x31, 0x40, 0x3e, 0x55, 0x0, 0x7f,
    0xf0, 0xea, 0x88, 0x1, 0x98, 0x0,

    /* U+03C5 "υ" */
    0x3f, 0xfc, 0x1, 0xe1, 0xff, 0xc0, 0x1f, 0xff,
    0xf0, 0xf, 0xff, 0xe9, 0x0, 0x70, 0x80, 0x63,
    0x0, 0xe5, 0x0, 0xe2, 0x0, 0xd4, 0x1, 0xd4,
    0x1, 0x10, 0x0, 0xc0, 0x26, 0x70, 0x0, 0xc9,
    0x80, 0x4e, 0x0, 0xb0, 0xd, 0x1f, 0xdc, 0x60,
    0xd, 0xc0, 0x7, 0x20, 0xe, 0x10, 0xe, 0x44,
    0x0, 0x58, 0x60, 0x1f, 0xc9, 0x60, 0x18, 0x72,
    0x94, 0x80, 0x22, 0x5b, 0xb0, 0x4,

    /* U+03C6 "φ" */
    0x0, 0xfc, 0xbf, 0xf2, 0x0, 0x7f, 0xff, 0xc0,
    0x21, 0x0, 0xe1, 0x0, 0xff, 0xc, 0x77, 0xf5,
    0x0, 0x57, 0xdf, 0xae, 0x1, 0xe3, 0xf7, 0x10,
    0xf, 0xe2, 0x8d, 0x20, 0x8, 0x74, 0x40, 0x3f,
    0xf8, 0x25, 0x82, 0x0, 0xb1, 0x0, 0x85, 0x8,
    0x2, 0x34, 0x10, 0x8, 0x60, 0x9, 0x40, 0x26,
    0xeb, 0x80, 0xa, 0x2f, 0x94, 0x2, 0x61, 0x50,
    0x8, 0x64, 0x3, 0xfa, 0x84, 0x2, 0x4d, 0x0,
    0x9c, 0x3, 0xfe, 0x40, 0xb, 0x58, 0x2, 0xf0,
    0xf, 0xfb, 0x40, 0x22, 0x0, 0xc6, 0x1, 0xff,
    0xc3, 0x10, 0xc, 0x60, 0x1f, 0xfc, 0x46, 0x0,
    0xb8, 0x3, 0xfe, 0xe0, 0x8, 0x88, 0x1, 0x20,
    0x7, 0xfc, 0x80, 0x17, 0xd8, 0x4, 0x6c, 0x1,
    0xfc, 0xe4, 0x1, 0x21, 0x90, 0x5, 0x34, 0xd8,
    0x1, 0x6b, 0x54, 0x0, 0x48, 0x41, 0xc0, 0x19,
    0x65, 0x80, 0x26, 0x95, 0x0, 0xd2, 0x0, 0x39,
    0x0, 0xff, 0xe1, 0xd1, 0x0, 0x4d, 0x66, 0x1,
    0xff, 0x1e, 0x28, 0x7, 0x26, 0x6d, 0x4b, 0x0,
    0x4f, 0x35, 0xb8, 0x60, 0x1f, 0x89, 0x5b, 0x0,
    0x2c, 0x65, 0x20, 0xf, 0xff, 0xf8, 0x7, 0xff,
    0x5c,

    /* U+03C7 "χ" */
    0x3f, 0xfd, 0x0, 0x1d, 0x5f, 0xf8, 0x8d, 0x80,
    0x27, 0x30, 0x9, 0x54, 0x1, 0x49, 0x4, 0x90,
    0x5, 0xe0, 0x15, 0x80, 0x48, 0xc0, 0x17, 0x0,
    0x46, 0xe1, 0x22, 0x1, 0x48, 0x6, 0x37, 0x0,
    0xa1, 0x58, 0x2, 0x92, 0x0, 0xe8, 0x20, 0xa,
    0x80, 0x24, 0x60, 0xf, 0xb8, 0x3, 0xea, 0x0,
    0xfc, 0x6e, 0x1, 0xd2, 0x20, 0x1f, 0xd2, 0x1,
    0x85, 0x80, 0x3f, 0xd6, 0x1, 0x86, 0x0, 0x3f,
    0x95, 0x40, 0x1c, 0xe6, 0x1, 0xf0, 0xd8, 0x7,
    0xdc, 0x1, 0xf5, 0x88, 0x0, 0x70, 0x2, 0x28,
    0x0, 0xe5, 0x50, 0x5, 0x67, 0x0, 0x13, 0x98,
    0x4, 0x36, 0x1, 0x22, 0x83, 0x98, 0x5, 0xc0,
    0x15, 0x8, 0x5, 0x40, 0x17, 0x0, 0x45, 0x20,
    0xa8, 0x1, 0x48, 0x80, 0x44, 0xe0, 0x13, 0x20,

    /* U+03C8 "ψ" */
    0x3f, 0xfa, 0x40, 0x2c, 0xff, 0x88, 0x0, 0x7f,
    0xf4, 0x80, 0x7f, 0xff, 0xc0, 0x3f, 0xff, 0xe0,
    0x1f, 0xfd, 0x21, 0x0, 0x88, 0x3, 0xfc, 0xc0,
    0x10, 0x90, 0x4, 0x82, 0x1, 0xfd, 0xe0, 0x17,
    0x1, 0x0, 0x54, 0x20, 0x1f, 0x3a, 0x80, 0x4a,
    0x14, 0x1, 0x27, 0x70, 0xc0, 0x2c, 0xf8, 0x0,
    0x8c, 0xc0, 0xe6, 0x1, 0x84, 0x3, 0x8, 0x7,
    0x78, 0x5, 0xa8, 0x1, 0xff, 0xc0, 0x1c, 0x30,
    0x8, 0x6e, 0xca, 0x40, 0x1e, 0x14, 0x9e, 0x30,
    0xf, 0x25, 0x6f, 0x98, 0x5, 0xbd, 0x6c, 0x1,
    0xff, 0xff, 0x0, 0xff, 0xf2, 0x80,

    /* U+03C9 "ω" */
    0x0, 0xc8, 0x1, 0xff, 0xc0, 0x40, 0xf, 0xae,
    0xcc, 0x1, 0xfe, 0x4b, 0xd1, 0x0, 0xd2, 0x81,
    0x28, 0x1, 0xf8, 0xa8, 0xa, 0x80, 0x23, 0x60,
    0xa, 0xc4, 0x3, 0xef, 0x10, 0x2, 0x30, 0x3,
    0xc0, 0x33, 0x88, 0x7, 0xd6, 0x1, 0xa0, 0x8,
    0xc0, 0x24, 0x80, 0xf, 0xcc, 0xe0, 0x10, 0xa2,
    0x0, 0x34, 0x80, 0x7f, 0xa0, 0x40, 0x2d, 0xc0,
    0x8, 0xc8, 0x2, 0xcf, 0xf8, 0x3, 0x38, 0x4,
    0xac, 0x1, 0x28, 0x7, 0xff, 0x3, 0xc0, 0x22,
    0x0, 0xc2, 0x1, 0xff, 0xc4, 0x10, 0xc, 0x20,
    0x18, 0x40, 0x3e, 0x10, 0x8, 0x58, 0x2, 0x50,
    0xc, 0x60, 0x1f, 0x70, 0x4, 0x5a, 0x1, 0x19,
    0x0, 0x4, 0x40, 0x11, 0x80, 0x4e, 0x1, 0x2a,
    0x80, 0x37, 0x8, 0x48, 0x6, 0x90, 0x5, 0x8,
    0x5, 0xa4, 0x80, 0x11, 0xf7, 0xb8, 0x6, 0x5f,
    0xf2, 0x80, 0x44, 0x81, 0x20, 0x1f, 0xc4, 0x1,
    0xfa, 0x40, 0x5, 0x60, 0x1f, 0x57, 0x0, 0x7d,
    0x28, 0x1, 0x26, 0xb0, 0x80, 0xae, 0x29, 0xeb,
    0x8, 0xa, 0xe3, 0x0, 0x0,

    /* U+03CA "ϊ" */
    0x8f, 0xf8, 0x40, 0xff, 0xe6, 0x0, 0xff, 0xe8,
    0x6a, 0xac, 0x20, 0x2a, 0xb1, 0x0, 0x16, 0xaa,
    0x0, 0x15, 0x54, 0x80, 0x1f, 0xfc, 0x69, 0xff,
    0xa0, 0x3, 0xff, 0xfe, 0x1, 0xff, 0xff, 0x1,
    0x0, 0x94, 0x40, 0x3e, 0xe0, 0x8, 0xbe, 0xa6,
    0x84, 0x2, 0x71, 0x0, 0x85, 0x59, 0x4c, 0x2,
    0x1b, 0x0, 0xff, 0xe0, 0x2e, 0xb0, 0x80, 0x42,
    0x0,

    /* U+03CB "ϋ" */
    0x0, 0xa7, 0xfe, 0x0, 0x1f, 0xfc, 0xc0, 0x1f,
    0xfd, 0xcf, 0x55, 0x80, 0x2, 0xab, 0x10, 0x7,
    0x9a, 0xaa, 0x0, 0x15, 0x54, 0x80, 0x1f, 0xfc,
    0x83, 0xff, 0xc0, 0x1e, 0x1f, 0xfc, 0x1, 0xff,
    0xff, 0x0, 0xff, 0xfe, 0x90, 0x7, 0x8, 0x6,
    0x30, 0xe, 0x50, 0xe, 0x20, 0xd, 0x40, 0x1d,
    0x40, 0x11, 0x0, 0xc, 0x2, 0x67, 0x0, 0xc,
    0x98, 0x4, 0xe0, 0xb, 0x0, 0xd1, 0xfd, 0xc6,
    0x0, 0xdc, 0x0, 0x72, 0x0, 0xe1, 0x0, 0xe4,
    0x40, 0x5, 0x86, 0x1, 0xfc, 0x96, 0x1, 0x87,
    0x29, 0x48, 0x2, 0x25, 0xbb, 0x0, 0x40,

    /* U+03CC "ό" */
    0x0, 0xfe, 0xcf, 0xf1, 0x80, 0x7f, 0xf0, 0xc,
    0xc0, 0x46, 0x1, 0xff, 0xc0, 0xa0, 0x5, 0x80,
    0x7f, 0xf0, 0x5, 0x80, 0xc, 0x1, 0xff, 0xc0,
    0x60, 0x3, 0x0, 0x7f, 0xf0, 0x68, 0x1, 0x60,
    0x1f, 0xfc, 0x1d, 0xff, 0x10, 0x7, 0xff, 0x3c,
    0xa3, 0x3f, 0xdd, 0x8e, 0x20, 0x1f, 0x3e, 0xb9,
    0x80, 0x4, 0xe3, 0x94, 0x3, 0xa6, 0x0, 0x3f,
    0xa9, 0x80, 0x26, 0x60, 0x7, 0x8, 0x7, 0x49,
    0x80, 0x20, 0x2, 0x1a, 0xfe, 0xf8, 0x0, 0xde,
    0xa, 0x20, 0x15, 0x28, 0x4, 0xf0, 0x1, 0x19,
    0x60, 0x4, 0x68, 0x1, 0xce, 0x1, 0x90, 0x80,
    0x25, 0x0, 0xf8, 0xc0, 0x2e, 0x70, 0x8, 0x40,
    0x3e, 0x70, 0x8, 0x40, 0x30, 0x80, 0x7c, 0xe0,
    0x10, 0xa8, 0x4, 0x80, 0x1f, 0x18, 0x5, 0xd8,
    0x1, 0x12, 0x0, 0x73, 0x80, 0x64, 0x51, 0x0,
    0xa9, 0x0, 0x26, 0x80, 0x8, 0xc8, 0x20, 0x2,
    0x1b, 0xfe, 0xf9, 0x0, 0xde, 0x0, 0x65, 0x0,
    0xe1, 0x0, 0xe9, 0x30, 0xa, 0x9c, 0x3, 0xf0,
    0xd3, 0x0, 0x74, 0x6b, 0x90, 0x0, 0x4e, 0x3d,
    0x40, 0x20,

    /* U+03CD "ύ" */
    0x0, 0xfc, 0x9f, 0xec, 0x0, 0xff, 0xe0, 0xf8,
    0x2, 0x40, 0x3f, 0xf8, 0x2, 0x80, 0x2a, 0x1,
    0xff, 0xc0, 0x90, 0x3, 0x0, 0x7f, 0xf0, 0x58,
    0x1, 0x20, 0x1f, 0xfc, 0x5, 0x10, 0x51, 0x0,
    0xff, 0xe0, 0x2f, 0xfa, 0x80, 0x3f, 0xf9, 0x87,
    0xff, 0x80, 0x3c, 0x3f, 0xf8, 0x3, 0xff, 0xfe,
    0x1, 0xff, 0xfd, 0x20, 0xe, 0x10, 0xc, 0x60,
    0x1c, 0xa0, 0x1c, 0x40, 0x1a, 0x80, 0x3a, 0x80,
    0x22, 0x0, 0x18, 0x4, 0xce, 0x0, 0x19, 0x30,
    0x9, 0xc0, 0x16, 0x1, 0xa3, 0xfb, 0x8c, 0x1,
    0xb8, 0x0, 0xe4, 0x1, 0xc2, 0x1, 0xc8, 0x80,
    0xb, 0xc, 0x3, 0xf9, 0x2c, 0x3, 0xe, 0x52,
    0x90, 0x4, 0x4b, 0x76, 0x0, 0x80,

    /* U+03CE "ώ" */
    0x0, 0xff, 0xf, 0xfb, 0x80, 0x3f, 0xf8, 0xd2,
    0x0, 0x60, 0xf, 0xfe, 0x33, 0x0, 0x24, 0x3,
    0xff, 0x8a, 0xa2, 0x8, 0x20, 0x1f, 0xfc, 0x59,
    0x0, 0x78, 0x7, 0xff, 0x14, 0x8c, 0x9, 0x0,
    0x3f, 0xf8, 0xa5, 0xfe, 0xd0, 0xf, 0xfe, 0xbb,
    0x71, 0x0, 0x7f, 0x87, 0xa0, 0x3, 0x9a, 0x47,
    0x4, 0x3, 0xfb, 0x45, 0xe0, 0x2, 0x29, 0x0,
    0xe, 0x0, 0x7e, 0xb3, 0x0, 0x3a, 0x0, 0x20,
    0x3, 0x30, 0x7, 0xe2, 0x0, 0xd0, 0x2, 0xa0,
    0x11, 0x58, 0x7, 0xe9, 0x40, 0x8, 0xcc, 0x80,
    0x1b, 0x80, 0x3f, 0xd4, 0x1, 0xaf, 0x0, 0x23,
    0x30, 0x5, 0x5b, 0xac, 0x0, 0x85, 0x40, 0x24,
    0x20, 0x9, 0x40, 0x33, 0x11, 0xc, 0x3, 0x68,
    0x4, 0x4e, 0x1, 0x8, 0x7, 0xff, 0x0, 0x40,
    0x21, 0x0, 0xc2, 0x1, 0x84, 0x3, 0xfe, 0x16,
    0x0, 0x94, 0x3, 0x18, 0x7, 0xde, 0x1, 0x1e,
    0x80, 0x46, 0x40, 0x1, 0x10, 0x4, 0x60, 0x13,
    0x80, 0x4e, 0xa0, 0x1b, 0x84, 0x24, 0x3, 0x48,
    0x2, 0x84, 0x2, 0xf2, 0x40, 0x8, 0xfb, 0xdc,
    0x3, 0x2f, 0xf9, 0x40, 0x21, 0x50, 0x90, 0xf,
    0xe2, 0x0, 0xfd, 0x40, 0x2, 0xb0, 0xf, 0xab,
    0x80, 0x3e, 0x94, 0x0, 0x93, 0x58, 0x40, 0x57,
    0x14, 0xf5, 0x84, 0x5, 0x71, 0x80, 0x0,

    /* U+0400 "Ѐ" */
    0x0, 0x9b, 0xfd, 0x40, 0x1f, 0xf3, 0x8, 0x28,
    0x80, 0x7f, 0xcc, 0x0, 0x60, 0xf, 0xfa, 0x80,
    0x12, 0x1, 0xff, 0x12, 0x0, 0xa0, 0x7, 0xfd,
    0xe0, 0xf, 0x0, 0xff, 0x93, 0xfd, 0x60, 0x1f,
    0xfc, 0x9e, 0xff, 0xff, 0xe0, 0x98, 0x7, 0xff,
    0x58, 0x47, 0xfe, 0x0, 0xdb, 0xdd, 0xfc, 0x40,
    0x1f, 0xff, 0x4c, 0xff, 0xf9, 0x80, 0x3f, 0xfb,
    0x2, 0x3f, 0x8c, 0x3, 0xdb, 0xdd, 0xf2, 0x80,
    0x7f, 0xfd, 0xb7, 0xbb, 0xf8, 0x80, 0x30, 0x8f,
    0xfc, 0x1, 0xff, 0xd2,

    /* U+0401 "Ё" */
    0x0, 0x6f, 0xfa, 0xc0, 0x11, 0xff, 0x8, 0x7,
    0xff, 0x59, 0x15, 0x58, 0x0, 0xd5, 0x58, 0x3,
    0xa6, 0xa8, 0xe0, 0x5, 0xaa, 0x84, 0x3, 0xff,
    0x8b, 0xdf, 0xff, 0xfc, 0x13, 0x0, 0xff, 0xeb,
    0x8, 0xff, 0xc0, 0x1b, 0x7b, 0xbf, 0x88, 0x3,
    0xff, 0xe9, 0x9f, 0xff, 0x30, 0x7, 0xff, 0x60,
    0x47, 0xf1, 0x80, 0x7b, 0x7b, 0xbe, 0x50, 0xf,
    0xff, 0xb6, 0xf7, 0x7f, 0x10, 0x6, 0x11, 0xff,
    0x80, 0x3f, 0xfa, 0x40,

    /* U+0402 "Ђ" */
    0xff, 0xff, 0x60, 0x7, 0xff, 0x95, 0x54, 0x40,
    0x12, 0xae, 0x40, 0xf, 0xea, 0xa2, 0x0, 0x55,
    0x5a, 0x0, 0x3f, 0xf8, 0x85, 0x19, 0xff, 0x6c,
    0x98, 0x7, 0xfa, 0x35, 0xcc, 0x2, 0x26, 0xc9,
    0x0, 0xfe, 0x70, 0xf, 0xe6, 0xa0, 0xf, 0xfe,
    0x3a, 0xa0, 0x7, 0xf3, 0x67, 0xfb, 0x14, 0x3,
    0x40, 0x7, 0xe9, 0x91, 0x80, 0xe, 0x98, 0x2,
    0x30, 0xf, 0x89, 0x80, 0x3d, 0x0, 0x18, 0xc0,
    0x3c, 0xe0, 0x1f, 0x9, 0x0, 0x4c, 0x1, 0xe2,
    0x0, 0xfc, 0x20, 0x1f, 0xfc, 0x71, 0x0, 0xff,
    0xe3, 0x9, 0x0, 0x4c, 0x1, 0xff, 0xc2, 0xb0,
    0xc, 0x60, 0x1f, 0xf1, 0xae, 0x28, 0x4, 0x80,
    0x1f, 0xfc, 0xe, 0xa3, 0x0, 0xd0, 0x1, 0xff,
    0xc6, 0x63, 0x0, 0xff, 0xe2, 0xbc, 0x80, 0x7f,
    0xf0, 0x44, 0x46, 0xfb, 0x0, 0x10,

    /* U+0403 "Ѓ" */
    0x0, 0xf3, 0x7f, 0xa8, 0x3, 0xfe, 0xa0, 0x4,
    0x80, 0x7f, 0x8c, 0xc0, 0x66, 0x0, 0xff, 0x48,
    0x2, 0x80, 0x3f, 0xc2, 0xa0, 0x2c, 0x1, 0xfe,
    0x60, 0x3, 0x0, 0x7f, 0xcf, 0xfe, 0x80, 0xf,
    0xfe, 0x57, 0x7f, 0xff, 0xf0, 0x4c, 0x3, 0xff,
    0xac, 0x23, 0xff, 0x0, 0x6d, 0xee, 0xfe, 0x20,
    0xf, 0xff, 0xf8, 0x7, 0xff, 0xfc, 0x3, 0xff,
    0xfe, 0x1, 0xff, 0xd2,

    /* U+0404 "Є" */
    0x0, 0xf0, 0xbd, 0xf7, 0xfb, 0xb2, 0xc, 0x3,
    0xfc, 0xfd, 0x8, 0x20, 0x1, 0x37, 0xcc, 0x10,
    0x7, 0xd7, 0x0, 0x1f, 0xe3, 0xd4, 0x0, 0xeb,
    0x40, 0xf, 0x8, 0x7, 0xac, 0x80, 0x26, 0x40,
    0xc, 0xfb, 0xfd, 0xf6, 0x60, 0x1b, 0x80, 0x28,
    0x0, 0x87, 0x60, 0x80, 0x24, 0xc6, 0x0, 0x8d,
    0x1, 0x44, 0x2, 0xa2, 0x0, 0xfa, 0x4c, 0x2,
    0xe0, 0xf0, 0x8, 0xd0, 0x3, 0xfa, 0x15, 0xe6,
    0x40, 0x80, 0x15, 0x0, 0x7f, 0x92, 0xa1, 0x8c,
    0x4, 0x2, 0x9f, 0xff, 0x70, 0x7, 0xe1, 0x0,
    0xff, 0xee, 0x88, 0x6, 0x11, 0xf8, 0x80, 0x3f,
    0x88, 0x2, 0x9e, 0xef, 0x60, 0x7, 0xf3, 0x80,
    0x56, 0x1, 0xfe, 0x47, 0x30, 0xb, 0xc0, 0x23,
    0x40, 0xf, 0xe9, 0x8c, 0xf7, 0x5, 0x10, 0xa,
    0x88, 0x3, 0xea, 0x20, 0x8, 0xc0, 0x16, 0x1,
    0xe, 0xc1, 0x0, 0x49, 0x8a, 0x1, 0x1a, 0x0,
    0x15, 0x40, 0x19, 0xf7, 0xfb, 0xec, 0xc0, 0x37,
    0x0, 0x6a, 0x50, 0xf, 0x8, 0x7, 0xac, 0x80,
    0x3a, 0xa4, 0x3, 0xfc, 0x7a, 0x80, 0x1f, 0x37,
    0x4a, 0x8, 0x0, 0x4d, 0xb3, 0x4, 0x1, 0x0,

    /* U+0405 "Ѕ" */
    0x0, 0xc2, 0xf7, 0xdf, 0xee, 0xb7, 0x10, 0xf,
    0x9f, 0xa1, 0x4, 0x0, 0x29, 0x1c, 0xe0, 0x1d,
    0x30, 0x1, 0xfe, 0x8a, 0x0, 0x95, 0x80, 0x38,
    0x44, 0x1, 0xca, 0xe0, 0xe, 0x0, 0xcf, 0xdd,
    0x9c, 0x3, 0x40, 0x82, 0x80, 0x4f, 0x2, 0x0,
    0x18, 0x90, 0xc, 0xc0, 0x20, 0x17, 0x0, 0x79,
    0x88, 0x8a, 0xe6, 0x4, 0x1, 0x59, 0x0, 0x7b,
    0x75, 0x50, 0x80, 0xa0, 0x11, 0x6d, 0xb1, 0x0,
    0x7f, 0x48, 0x80, 0x64, 0x9d, 0xea, 0x51, 0x0,
    0xe1, 0xf3, 0x0, 0xf0, 0xad, 0x75, 0x10, 0x6,
    0x1c, 0xb6, 0x10, 0xf, 0x97, 0x54, 0x3, 0x92,
    0x7b, 0x60, 0xc0, 0x3d, 0x46, 0x1, 0xf1, 0x3e,
    0x75, 0x20, 0x6, 0x90, 0x25, 0x75, 0x0, 0xe1,
    0x5b, 0x50, 0x9, 0x2f, 0x6a, 0x20, 0x1, 0xfb,
    0x0, 0x36, 0x80, 0x45, 0x20, 0x1f, 0x60, 0x4,
    0x6e, 0x1, 0x9a, 0xd0, 0x2, 0x3b, 0x50, 0x9,
    0x46, 0x40, 0x32, 0x5f, 0xf7, 0xe2, 0x0, 0x69,
    0x6, 0x70, 0xf, 0x8, 0x7, 0xac, 0x40, 0x11,
    0x42, 0x1, 0xfc, 0x78, 0x80, 0x19, 0x7a, 0x54,
    0x80, 0x23, 0x6b, 0xc3, 0x0, 0x0,

    /* U+0406 "І" */
    0x9f, 0xf9, 0xc0, 0x3f, 0xff, 0xe0, 0x1f, 0xfd,
    0x20,

    /* U+0407 "Ї" */
    0x8f, 0xf8, 0x40, 0xff, 0xe6, 0x0, 0xff, 0xe5,
    0x6a, 0xac, 0x20, 0x2a, 0xb1, 0x2d, 0x54, 0x0,
    0x2a, 0xa9, 0x0, 0x3f, 0xf8, 0x53, 0xff, 0x38,
    0x7, 0xff, 0xfc, 0x3, 0xff, 0xfe, 0x1, 0xff,
    0xff, 0x0, 0xfe,

    /* U+0408 "Ј" */
    0x0, 0xfc, 0x5f, 0xf8, 0x3, 0xff, 0xfe, 0x1,
    0xff, 0xff, 0x0, 0xff, 0xf0, 0x8a, 0x46, 0x10,
    0x4, 0xe0, 0x1b, 0x2d, 0xcf, 0x88, 0xa, 0x0,
    0x22, 0xb0, 0x8, 0xf7, 0xb4, 0x80, 0x25, 0x64,
    0x0, 0xc2, 0x1, 0x8a, 0x2, 0xd0, 0x3, 0xe2,
    0xf0, 0xa, 0xe9, 0x4, 0x0, 0x71, 0xa4, 0x0,

    /* U+0409 "Љ" */
    0x0, 0xc9, 0xff, 0xff, 0xc2, 0x80, 0xf, 0xff,
    0x20, 0x80, 0x7f, 0xf4, 0xcc, 0x3, 0x8, 0xf8,
    0x3, 0xff, 0x92, 0x20, 0x14, 0x77, 0x79, 0x0,
    0x3f, 0xf9, 0x1e, 0x1, 0x8, 0x7, 0xff, 0x3c,
    0x80, 0x23, 0x0, 0xff, 0xe7, 0x88, 0x4, 0x20,
    0x1f, 0xe6, 0xdd, 0xf5, 0xb8, 0x80, 0x7c, 0xc0,
    0x13, 0x0, 0x7f, 0x84, 0x8b, 0xc9, 0x1c, 0xc0,
    0x1e, 0x30, 0x8, 0xc0, 0x3f, 0xf9, 0x12, 0xa0,
    0x1c, 0x20, 0x10, 0x80, 0x7f, 0xf2, 0x68, 0x40,
    0x22, 0x0, 0x88, 0x3, 0xfe, 0x7f, 0xfe, 0xd6,
    0x0, 0xce, 0x1, 0x30, 0x4, 0xc0, 0x1f, 0xfc,
    0x52, 0x94, 0x0, 0xb0, 0x2, 0x30, 0x8, 0x80,
    0x3f, 0xf8, 0xfc, 0x1, 0x38, 0x5, 0xa0, 0x17,
    0x80, 0x7f, 0xf1, 0xd8, 0x2, 0x30, 0x9, 0xc0,
    0x25, 0x0, 0xff, 0xe3, 0xb0, 0x4, 0x60, 0x1,
    0x20, 0x8, 0xc0, 0x3f, 0xf8, 0xf8, 0x1, 0x30,
    0x2, 0x40, 0x23, 0x0, 0xff, 0xe3, 0xb3, 0x0,
    0x2c, 0x49, 0x70, 0x9, 0x0, 0x3f, 0xf8, 0xd,
    0xbb, 0xdf, 0x20, 0x19, 0xbd, 0x80, 0x35, 0x0,
    0x7f, 0xf0, 0x4, 0x8b, 0x80, 0x3a, 0x4, 0x3,
    0x98, 0x80, 0x3f, 0xf9, 0x4e, 0xe0, 0xe, 0x69,
    0x0, 0xff, 0xe4, 0xa, 0xe4, 0x0, 0x2b, 0x31,
    0xf2, 0x1, 0xfe, 0xbf, 0xff, 0xf7, 0x51, 0x80,
    0x40,

    /* U+040A "Њ" */
    0xef, 0xf8, 0xc0, 0x3f, 0x1f, 0xfd, 0xc0, 0x1f,
    0xff, 0xf0, 0xf, 0xff, 0xf8, 0x7, 0xff, 0xa7,
    0x7b, 0xbf, 0x68, 0x4, 0x3d, 0xde, 0xda, 0x40,
    0xf, 0xc2, 0x3f, 0xe0, 0xc, 0x23, 0xe2, 0x5b,
    0xb0, 0x80, 0x7f, 0xf4, 0x53, 0x40, 0x3f, 0xfa,
    0x46, 0xc0, 0x1d, 0x9f, 0xff, 0xb0, 0x2, 0x1f,
    0xff, 0x50, 0x80, 0x56, 0x1, 0xff, 0xcd, 0x5a,
    0x0, 0x88, 0x40, 0x3f, 0xf9, 0xa8, 0x20, 0x12,
    0x80, 0x7f, 0xf3, 0x8c, 0x3, 0xff, 0xa4, 0x60,
    0x1f, 0xfd, 0x13, 0x10, 0x9, 0x80, 0x3f, 0xf9,
    0x87, 0xc0, 0x10, 0x90, 0x7, 0xff, 0x14, 0x7b,
    0xbb, 0xf0, 0x80, 0x26, 0x0, 0xff, 0xe3, 0x88,
    0xf0, 0x7, 0x14, 0x0, 0x7f, 0xf4, 0xb, 0xc0,
    0x3f, 0xf9, 0xe7, 0x3a, 0x40, 0x0,

    /* U+040B "Ћ" */
    0xff, 0xff, 0x60, 0x7, 0xff, 0x89, 0x54, 0x1,
    0x91, 0x56, 0x40, 0xf, 0xd5, 0x41, 0x0, 0xa2,
    0xaa, 0x80, 0xf, 0xff, 0x4a, 0xd6, 0x77, 0x36,
    0x94, 0x3, 0xfd, 0x94, 0xa6, 0x22, 0x25, 0xac,
    0x10, 0xf, 0xfe, 0x29, 0xe8, 0x7, 0xff, 0x18,
    0xdc, 0x3, 0xf3, 0xe7, 0xfb, 0x5c, 0x3, 0x50,
    0x7, 0xd7, 0x6, 0x0, 0x28, 0x80, 0x4, 0x44,
    0x0, 0xf3, 0x80, 0x79, 0xc0, 0x33, 0x80, 0x7f,
    0xf0, 0x8c, 0x2, 0x20, 0xf, 0xfe, 0x13, 0x80,
    0x7f, 0xf1, 0x84, 0x3, 0xff, 0xfe, 0x1, 0xff,
    0xcc,

    /* U+040C "Ќ" */
    0x0, 0xfc, 0x5f, 0xed, 0x0, 0xff, 0xe1, 0x58,
    0x2, 0x80, 0x3f, 0xf8, 0x4c, 0x0, 0x60, 0xf,
    0xfe, 0xb, 0x0, 0x18, 0x40, 0x3f, 0xf8, 0x36,
    0x0, 0xa0, 0xf, 0xfe, 0x9, 0x90, 0x19, 0x80,
    0x3f, 0xf8, 0x27, 0xfe, 0xc0, 0xf, 0xfe, 0x77,
    0x7f, 0xc6, 0x1, 0xe1, 0xef, 0xfb, 0x84, 0x3,
    0xfe, 0xd1, 0x0, 0xb0, 0x40, 0x3f, 0xd2, 0x60,
    0x15, 0x90, 0x7, 0xf9, 0x98, 0x1, 0x42, 0x0,
    0x7f, 0x92, 0x40, 0x25, 0x70, 0xf, 0xf1, 0x50,
    0x4, 0x74, 0x1, 0xff, 0x78, 0x80, 0x7, 0x40,
    0x3f, 0xea, 0x20, 0xb, 0x4, 0x3, 0xfc, 0xea,
    0x1, 0x59, 0x0, 0x7f, 0x92, 0x0, 0x28, 0x40,
    0xf, 0xfa, 0x0, 0x25, 0x70, 0xf, 0xfe, 0x23,
    0x88, 0x7, 0xff, 0x1, 0xc0, 0x22, 0xa0, 0xf,
    0xfe, 0x5, 0xb8, 0x4, 0x94, 0x1, 0xff, 0xc0,
    0x85, 0x0, 0x95, 0xc0, 0x3f, 0xf8, 0x14, 0x60,
    0x14, 0x28, 0x7, 0xff, 0x3, 0x48, 0x2, 0xa3,
    0x0, 0xff, 0x87, 0xc4, 0x2, 0xd2, 0x0, 0xff,
    0x8b, 0x40, 0x21, 0xf1, 0x0, 0xff, 0x8e, 0x80,
    0x22, 0xd0, 0xf, 0xfe, 0x2, 0xc0, 0x4, 0x74,
    0x1, 0xff, 0xc0, 0x75, 0x0, 0x96, 0x0,

    /* U+040D "Ѝ" */
    0x0, 0xe8, 0xff, 0x40, 0x7, 0xff, 0xa, 0x40,
    0xc, 0x1, 0xff, 0xc2, 0x14, 0x1, 0x50, 0xf,
    0xfe, 0x17, 0x80, 0x24, 0x3, 0xff, 0x84, 0x84,
    0x6, 0x40, 0x1f, 0xfc, 0x2a, 0x0, 0x58, 0x7,
    0xff, 0x9, 0xff, 0xd2, 0x1, 0xff, 0xcd, 0xef,
    0xf8, 0xc0, 0x3f, 0x5f, 0xfd, 0x80, 0x1f, 0xfc,
    0x5, 0x40, 0xf, 0xfe, 0x18, 0xd8, 0x7, 0xff,
    0x12, 0x4, 0x3, 0xff, 0x86, 0x8c, 0x1, 0xff,
    0xc4, 0x90, 0xf, 0xfe, 0x24, 0x10, 0x7, 0xff,
    0xc, 0xdc, 0x2, 0x20, 0xf, 0xfe, 0x7, 0x80,
    0x45, 0x60, 0x1f, 0xf3, 0x98, 0x5, 0xc0, 0x1f,
    0xf1, 0x40, 0x4, 0xc6, 0x1, 0xff, 0x48, 0x4,
    0x32, 0x1, 0xff, 0x32, 0x0, 0x56, 0x1, 0xff,
    0x34, 0x0, 0x4a, 0xa0, 0xf, 0xfa, 0x4, 0x2,
    0xb0, 0xf, 0xfe, 0x1, 0x0, 0x52, 0x20, 0x1f,
    0xfc, 0x33, 0x60, 0xf, 0xfe, 0x27, 0x0, 0x7f,
    0xf1, 0x20, 0x80, 0x3f, 0xf8, 0x64, 0xe0, 0x1f,
    0xfc, 0x4e, 0x0, 0xff, 0xe2, 0x39, 0x80, 0x7f,
    0xf0, 0x0,

    /* U+040E "Ў" */
    0x0, 0xea, 0xff, 0x40, 0x1, 0x7f, 0xda, 0x1,
    0xfe, 0xd0, 0x3, 0x10, 0xc0, 0x1, 0xc0, 0x3f,
    0xcc, 0x0, 0x1d, 0xe2, 0x0, 0x48, 0x7, 0xf8,
    0x64, 0x3, 0xcc, 0x60, 0x1f, 0xf3, 0x50, 0x80,
    0x51, 0x20, 0x1f, 0xfc, 0x15, 0xed, 0xd7, 0xb8,
    0x7, 0xff, 0x10, 0x88, 0x1, 0xfc, 0xff, 0xf8,
    0x80, 0x3f, 0x2f, 0xfe, 0x7, 0x0, 0xd4, 0x1,
    0xfa, 0x40, 0x27, 0x0, 0x38, 0x4, 0xe0, 0x1f,
    0x19, 0x80, 0x29, 0x0, 0x48, 0x6, 0x60, 0xf,
    0x48, 0x4, 0xc2, 0x0, 0x16, 0x0, 0xac, 0x3,
    0x89, 0x40, 0x2b, 0x0, 0xd6, 0x1, 0x12, 0x0,
    0x6a, 0x0, 0x94, 0x80, 0x31, 0x28, 0x5, 0xe0,
    0x19, 0xc0, 0x29, 0x0, 0xf4, 0x80, 0x48, 0x40,
    0x7, 0x0, 0x8c, 0xc0, 0x1e, 0x34, 0x0, 0xa8,
    0x1, 0x40, 0x14, 0x0, 0x7e, 0xf0, 0x9, 0x81,
    0x48, 0x0, 0x48, 0x1, 0xf9, 0xc, 0x0, 0x2d,
    0x20, 0x14, 0x0, 0x7f, 0xa4, 0x2, 0x83, 0x0,
    0xa, 0x80, 0x7f, 0x94, 0x80, 0x2, 0x1, 0x40,
    0x7, 0xff, 0x2, 0xc0, 0x38, 0x58, 0x3, 0xff,
    0x80, 0xc2, 0x1, 0x98, 0x3, 0xff, 0x85, 0x20,
    0x1a, 0x40, 0x3f, 0xf8, 0x5a, 0x1, 0x30, 0x80,
    0x7f, 0xf0, 0x49, 0x40, 0x2b, 0x0, 0xff, 0xe1,
    0x58, 0x4, 0xa4, 0x1, 0xff, 0xc1, 0x16, 0x0,
    0xa4, 0x3, 0xff, 0x85, 0x0, 0x12, 0x18, 0x7,
    0xff, 0x4, 0x58, 0x2, 0xf0, 0xf, 0xf0,

    /* U+040F "Џ" */
    0xef, 0xf8, 0xc0, 0x3f, 0xd9, 0xff, 0x20, 0x7,
    0xff, 0xfc, 0x3, 0xff, 0xfe, 0x1, 0xff, 0xff,
    0x0, 0xff, 0xff, 0x80, 0x7f, 0xf8, 0x37, 0xbb,
    0xfc, 0x60, 0x1f, 0x84, 0x7f, 0xe0, 0xf, 0xff,
    0xf, 0x7f, 0xfa, 0x80, 0x24, 0xff, 0xf9, 0x0,
    0x3f, 0xfc, 0x6e, 0xfb, 0x80, 0x3f, 0x0,

    /* U+0410 "А" */
    0x0, 0xfb, 0xbf, 0xf9, 0xc0, 0x3f, 0xf8, 0x6,
    0x20, 0x1d, 0x80, 0x1f, 0xfc, 0xb, 0x0, 0xf2,
    0x8, 0x7, 0xfc, 0xa0, 0x1f, 0x20, 0x7, 0xf8,
    0x88, 0x1, 0x28, 0x5, 0xe0, 0x1f, 0xe5, 0x0,
    0x93, 0x80, 0x24, 0x0, 0xff, 0x58, 0x5, 0xa8,
    0x1, 0x9, 0x80, 0x7e, 0x13, 0x0, 0x9c, 0x14,
    0x2, 0xb0, 0xf, 0xc8, 0x1, 0x10, 0x86, 0x0,
    0x4a, 0x1, 0xfb, 0xc0, 0x25, 0x0, 0x38, 0x4,
    0x44, 0x0, 0xf9, 0x40, 0x2b, 0x0, 0x9, 0x80,
    0x4a, 0x1, 0xe4, 0x0, 0x84, 0xc0, 0x2b, 0x0,
    0xb0, 0x3, 0xd8, 0x1, 0x20, 0x6, 0x50, 0x9,
    0x4, 0x3, 0x94, 0x2, 0x5e, 0xed, 0x80, 0x19,
    0x0, 0x31, 0x10, 0x3, 0x8, 0xf0, 0x6, 0xf0,
    0xc, 0xa0, 0x1f, 0xfc, 0x24, 0x0, 0xd6, 0x1,
    0xff, 0xc2, 0x13, 0x0, 0x9, 0x80, 0x5b, 0xff,
    0xf2, 0x80, 0x56, 0x0, 0x40, 0x8, 0x88, 0x1,
    0xf7, 0x80, 0x4a, 0x0, 0xf0, 0x9, 0x40, 0x3f,
    0x20, 0x4, 0x44, 0x5, 0x0, 0xac, 0x3, 0xf0,
    0x98, 0x4, 0xa8, 0x1, 0x9, 0x80, 0x7f, 0x58,
    0x5, 0x80,

    /* U+0411 "Б" */
    0xef, 0xff, 0xfe, 0xf, 0x0, 0x7f, 0xf7, 0x4,
    0x7f, 0xc6, 0x1, 0xed, 0xee, 0xfe, 0xd0, 0xf,
    0xff, 0x6e, 0xf7, 0x7b, 0x20, 0x40, 0x3e, 0x11,
    0xf8, 0xdf, 0x94, 0x3, 0xff, 0x89, 0x46, 0x1,
    0xff, 0xc4, 0xe0, 0xe, 0xcf, 0xfe, 0xe6, 0x0,
    0x88, 0xc0, 0x3f, 0xc3, 0x24, 0x1, 0x20, 0x7,
    0xff, 0x1, 0x0, 0x2e, 0x0, 0xff, 0xe0, 0x8,
    0x7, 0xff, 0x11, 0x0, 0x2e, 0x0, 0xff, 0xa0,
    0xc0, 0x23, 0x0, 0xdb, 0xdd, 0xde, 0xe0, 0x10,
    0xa0, 0x6, 0x11, 0xf0, 0x7, 0x58, 0x7, 0xff,
    0xe, 0x14, 0x3, 0xff, 0x80, 0x2b, 0xae, 0x0,

    /* U+0412 "В" */
    0xef, 0xff, 0xed, 0x81, 0x0, 0xff, 0xe1, 0x13,
    0xf9, 0x80, 0x7f, 0xf0, 0xc7, 0x44, 0x3, 0xc2,
    0x3c, 0x1, 0x86, 0x0, 0x3d, 0xbd, 0xdb, 0xd0,
    0x2, 0x70, 0xf, 0xfe, 0x5, 0x0, 0x42, 0x40,
    0x1f, 0xf0, 0x80, 0x61, 0x0, 0xff, 0x84, 0x3,
    0x8, 0x7, 0xf8, 0xa8, 0x2, 0x12, 0x0, 0xec,
    0xff, 0xda, 0x80, 0x14, 0x0, 0x7f, 0xf0, 0xd5,
    0x80, 0x3f, 0xf8, 0x6a, 0xa0, 0xf, 0x8, 0xf8,
    0x3, 0x52, 0x0, 0x76, 0xf7, 0x79, 0x0, 0x28,
    0x0, 0xff, 0x86, 0x80, 0x23, 0x10, 0xf, 0xf8,
    0x44, 0x1, 0x10, 0x7, 0xfc, 0x42, 0x1, 0x8,
    0x7, 0xf8, 0xb8, 0x3, 0x10, 0x6, 0xce, 0xed,
    0xfa, 0x60, 0x12, 0x80, 0x78, 0x47, 0x0, 0x7a,
    0x0, 0x3f, 0xf8, 0x76, 0x40, 0x1f, 0xfc, 0x2,
    0x7e, 0x40, 0x0,

    /* U+0413 "Г" */
    0xef, 0xff, 0xfe, 0x9, 0x80, 0x7f, 0xf5, 0x84,
    0x7f, 0xe0, 0xd, 0xbd, 0xdf, 0xc4, 0x1, 0xff,
    0xff, 0x0, 0xff, 0xff, 0x80, 0x7f, 0xff, 0xc0,
    0x3f, 0xfa, 0x40,

    /* U+0414 "Д" */
    0x0, 0xe8, 0xff, 0xff, 0xe0, 0xe8, 0x7, 0xc2,
    0x1, 0xff, 0xc9, 0x30, 0xf, 0xfe, 0x48, 0x80,
    0x42, 0x3f, 0x0, 0x7f, 0xce, 0x1, 0x6f, 0x77,
    0x68, 0x7, 0xfc, 0x20, 0x10, 0x80, 0x7f, 0xf1,
    0x4c, 0x2, 0x30, 0xf, 0xfe, 0x28, 0x80, 0x42,
    0x1, 0xff, 0xda, 0x10, 0x8, 0x40, 0x3f, 0xf8,
    0xa4, 0x1, 0x10, 0x7, 0xff, 0x15, 0xc0, 0x27,
    0x0, 0xff, 0xe2, 0x90, 0x4, 0x20, 0x1f, 0xfc,
    0x5e, 0x0, 0x88, 0x3, 0xff, 0x8a, 0x60, 0x17,
    0x0, 0x7f, 0xf1, 0x5, 0x0, 0x25, 0x0, 0xff,
    0xe2, 0x48, 0x4, 0x26, 0x1, 0xff, 0xc3, 0x67,
    0x0, 0xa0, 0x3, 0xff, 0x84, 0x3f, 0x20, 0x1a,
    0x3b, 0xbe, 0xd0, 0x8, 0xb9, 0xc0, 0x3e, 0x11,
    0xfe, 0x0, 0xc3, 0xe0, 0x1f, 0xfe, 0x5f, 0xff,
    0xfe, 0x3, 0x0, 0x7f, 0xf9, 0x55, 0x70, 0x7,
    0xff, 0x3, 0xd5, 0x6d,

    /* U+0415 "Е" */
    0xef, 0xff, 0xfe, 0x9, 0x80, 0x7f, 0xf5, 0x84,
    0x7f, 0xe0, 0xd, 0xbd, 0xdf, 0xc4, 0x1, 0xff,
    0xf4, 0xcf, 0xff, 0x98, 0x3, 0xff, 0xb0, 0x23,
    0xf8, 0xc0, 0x3d, 0xbd, 0xdf, 0x28, 0x7, 0xff,
    0xdb, 0x7b, 0xbf, 0x88, 0x3, 0x8, 0xff, 0xc0,
    0x1f, 0xfd, 0x20,

    /* U+0416 "Ж" */
    0xc, 0xff, 0xb8, 0x40, 0x31, 0xff, 0xdc, 0x1,
    0xc9, 0xff, 0xa0, 0x1, 0xc0, 0x10, 0xd8, 0x7,
    0xff, 0xa, 0x80, 0x22, 0x80, 0x1, 0x40, 0x4,
    0xa8, 0x1, 0xff, 0xc0, 0x81, 0x0, 0xb8, 0x3,
    0x39, 0x0, 0x52, 0x1, 0xff, 0x13, 0x80, 0x4c,
    0x60, 0x1d, 0xc0, 0x11, 0x40, 0x7, 0xfb, 0x80,
    0x22, 0x90, 0xf, 0x1b, 0x80, 0x4e, 0x40, 0x1f,
    0x98, 0xc0, 0x29, 0x0, 0xfd, 0x4, 0x1, 0x48,
    0x7, 0xc3, 0x0, 0x13, 0x20, 0x7, 0xf7, 0x0,
    0x48, 0xa0, 0x1e, 0xb1, 0x0, 0xc, 0x80, 0x7f,
    0x8d, 0x80, 0x2b, 0x70, 0xc, 0x8a, 0x1, 0x50,
    0x7, 0xff, 0x2, 0x44, 0x0, 0x30, 0x1, 0xa4,
    0x2, 0x54, 0x0, 0xff, 0xe0, 0xd0, 0x4, 0x60,
    0x10, 0x90, 0x0, 0x6c, 0x3, 0xff, 0x84, 0x60,
    0x1f, 0xf0, 0x90, 0x7, 0xff, 0x4, 0xe0, 0x2,
    0x20, 0xc, 0x20, 0x17, 0x0, 0x7f, 0xf0, 0x78,
    0x2, 0x19, 0x0, 0x86, 0x80, 0x22, 0x90, 0xf,
    0xfa, 0x8, 0x2, 0xb7, 0x0, 0xc8, 0xc0, 0x13,
    0x20, 0x7, 0xf2, 0x38, 0x4, 0xaa, 0x0, 0xf4,
    0x88, 0x5, 0x42, 0x1, 0xfa, 0x80, 0x21, 0xb0,
    0xf, 0xd4, 0x1, 0xd, 0x80, 0x7d, 0x22, 0x1,
    0x58, 0x80, 0x7e, 0x46, 0x0, 0x95, 0x40, 0x1c,
    0x8c, 0x1, 0x2a, 0x80, 0x3f, 0xd2, 0x20, 0x15,
    0x88, 0x4, 0x34, 0x1, 0xd, 0x80, 0x7f, 0xf0,
    0x28, 0x2, 0x1a, 0x0, 0xac, 0x40, 0x2b, 0x10,
    0xf, 0xfe, 0x2, 0x30, 0x4, 0x8c, 0xa, 0xa0,
    0x9, 0x54, 0x1, 0xff, 0xc2, 0x91, 0x0, 0xa4,
    0x80,

    /* U+0417 "З" */
    0x0, 0xe5, 0xad, 0xff, 0x76, 0x41, 0x0, 0x7c,
    0xbb, 0x4a, 0x40, 0x1, 0x37, 0xda, 0x0, 0xe8,
    0xa2, 0x0, 0xfe, 0x5c, 0x0, 0xdc, 0x1, 0xc2,
    0x20, 0xe, 0x37, 0x0, 0x9a, 0xc0, 0x67, 0xba,
    0xf9, 0x0, 0xd6, 0x1, 0x93, 0x39, 0x84, 0x2,
    0x67, 0x0, 0x88, 0x3, 0x8c, 0x3, 0xfe, 0x30,
    0xf, 0xf8, 0xa1, 0xc0, 0x27, 0x0, 0xf8, 0x7f,
    0xed, 0x70, 0xd, 0x20, 0x1f, 0xfc, 0x48, 0x30,
    0xf, 0xfe, 0x26, 0x8, 0x7, 0xff, 0x11, 0x30,
    0x3, 0xe1, 0xff, 0xba, 0xcc, 0x2, 0x26, 0x0,
    0xff, 0xa, 0x61, 0x0, 0x5a, 0x1, 0x8, 0x7,
    0xf2, 0x80, 0x4e, 0x0, 0x7e, 0x20, 0xf, 0xc2,
    0x1, 0x86, 0xe0, 0x3c, 0x40, 0x3c, 0x2c, 0x1,
    0x2c, 0x20, 0x0, 0xbd, 0x84, 0x2, 0x5c, 0x0,
    0xdb, 0x4, 0x1, 0xc, 0xf7, 0xf7, 0xd1, 0x0,
    0x48, 0x81, 0xc2, 0x0, 0xf0, 0x80, 0x71, 0xd0,
    0x0, 0x75, 0x80, 0x3f, 0xcf, 0x82, 0x1, 0xa7,
    0xa0, 0xc4, 0x0, 0x29, 0x1d, 0x0, 0x10,

    /* U+0418 "И" */
    0xef, 0xf8, 0xc0, 0x3f, 0x5f, 0xfd, 0x80, 0x1f,
    0xfc, 0x5, 0x40, 0xf, 0xfe, 0x18, 0xd8, 0x7,
    0xff, 0x12, 0x4, 0x3, 0xff, 0x86, 0x8c, 0x1,
    0xff, 0xc4, 0x90, 0xf, 0xfe, 0x24, 0x10, 0x7,
    0xff, 0xc, 0xdc, 0x2, 0x20, 0xf, 0xfe, 0x7,
    0x80, 0x45, 0x60, 0x1f, 0xf3, 0x98, 0x5, 0xc0,
    0x1f, 0xf1, 0x40, 0x4, 0xc6, 0x1, 0xff, 0x48,
    0x4, 0x32, 0x1, 0xff, 0x32, 0x0, 0x56, 0x1,
    0xff, 0x34, 0x0, 0x4a, 0xa0, 0xf, 0xfa, 0x4,
    0x2, 0xb0, 0xf, 0xfe, 0x1, 0x0, 0x52, 0x20,
    0x1f, 0xfc, 0x33, 0x60, 0xf, 0xfe, 0x27, 0x0,
    0x7f, 0xf1, 0x20, 0x80, 0x3f, 0xf8, 0x64, 0xe0,
    0x1f, 0xfc, 0x4e, 0x0, 0xff, 0xe2, 0x39, 0x80,
    0x7f, 0xf0, 0x0,

    /* U+0419 "Й" */
    0x0, 0xdd, 0xfe, 0x40, 0x4, 0xff, 0xa4, 0x3,
    0xf2, 0x80, 0x20, 0x4d, 0x80, 0x1e, 0x1, 0xfb,
    0xc0, 0x7, 0xd8, 0x1, 0x38, 0x7, 0xe4, 0x50,
    0xf, 0x50, 0x80, 0x7f, 0x53, 0x80, 0x43, 0x4a,
    0x1, 0xff, 0x47, 0xee, 0xb9, 0x40, 0x3f, 0xf8,
    0x44, 0x40, 0xf, 0xdd, 0xff, 0x18, 0x7, 0xeb,
    0xff, 0xb0, 0x3, 0xff, 0x80, 0xa8, 0x1, 0xff,
    0xc3, 0x1b, 0x0, 0xff, 0xe2, 0x40, 0x80, 0x7f,
    0xf0, 0xd1, 0x80, 0x3f, 0xf8, 0x92, 0x1, 0xff,
    0xc4, 0x82, 0x0, 0xff, 0xe1, 0x9b, 0x80, 0x44,
    0x1, 0xff, 0xc0, 0xf0, 0x8, 0xac, 0x3, 0xfe,
    0x73, 0x0, 0xb8, 0x3, 0xfe, 0x28, 0x0, 0x98,
    0xc0, 0x3f, 0xe9, 0x0, 0x86, 0x40, 0x3f, 0xe6,
    0x40, 0xa, 0xc0, 0x3f, 0xe6, 0x80, 0x9, 0x54,
    0x1, 0xff, 0x40, 0x80, 0x56, 0x1, 0xff, 0xc0,
    0x20, 0xa, 0x44, 0x3, 0xff, 0x86, 0x6c, 0x1,
    0xff, 0xc4, 0xe0, 0xf, 0xfe, 0x24, 0x10, 0x7,
    0xff, 0xc, 0x9c, 0x3, 0xff, 0x89, 0xc0, 0x1f,
    0xfc, 0x47, 0x30, 0xf, 0xfe, 0x0,

    /* U+041A "К" */
    0xef, 0xf8, 0xc0, 0x3c, 0x3d, 0xff, 0x70, 0x80,
    0x7f, 0xda, 0x20, 0x16, 0x8, 0x7, 0xfa, 0x4c,
    0x2, 0xb2, 0x0, 0xff, 0x33, 0x0, 0x28, 0x40,
    0xf, 0xf2, 0x48, 0x4, 0xae, 0x1, 0xfe, 0x2a,
    0x0, 0x8e, 0x80, 0x3f, 0xef, 0x10, 0x0, 0xe8,
    0x7, 0xfd, 0x44, 0x1, 0x60, 0x80, 0x7f, 0x9d,
    0x40, 0x2b, 0x20, 0xf, 0xf2, 0x40, 0x5, 0x8,
    0x1, 0xff, 0x40, 0x4, 0xae, 0x1, 0xff, 0xc4,
    0x71, 0x0, 0xff, 0xe0, 0x38, 0x4, 0x54, 0x1,
    0xff, 0xc0, 0xb7, 0x0, 0x92, 0x80, 0x3f, 0xf8,
    0x10, 0xa0, 0x12, 0xb8, 0x7, 0xff, 0x2, 0x8c,
    0x2, 0x85, 0x0, 0xff, 0xe0, 0x69, 0x0, 0x54,
    0x60, 0x1f, 0xf0, 0xf8, 0x80, 0x5a, 0x40, 0x1f,
    0xf1, 0x68, 0x4, 0x3e, 0x20, 0x1f, 0xf1, 0xd0,
    0x4, 0x5a, 0x1, 0xff, 0xc0, 0x58, 0x0, 0x8e,
    0x80, 0x3f, 0xf8, 0xe, 0xa0, 0x12, 0xc0,

    /* U+041B "Л" */
    0x0, 0xef, 0xff, 0xfe, 0x16, 0x0, 0x7f, 0xf8,
    0x4, 0x3, 0x8, 0xfc, 0x1, 0xf8, 0xc0, 0x23,
    0xee, 0xf5, 0x0, 0x7e, 0x60, 0x9, 0xc0, 0x3f,
    0xf8, 0x62, 0x1, 0x8, 0x7, 0xff, 0xc, 0xc0,
    0x22, 0x0, 0xff, 0xe1, 0xf0, 0x5, 0xe0, 0x1f,
    0xfc, 0x32, 0x0, 0x88, 0x3, 0xff, 0x86, 0x20,
    0x10, 0x80, 0x7f, 0xf0, 0xd8, 0x2, 0x60, 0xf,
    0xfe, 0x19, 0x0, 0x44, 0x1, 0xff, 0xc2, 0x20,
    0x8, 0x80, 0x3f, 0xf8, 0x6e, 0x1, 0x30, 0x7,
    0xff, 0xf, 0x40, 0x23, 0x0, 0xff, 0xe1, 0xa8,
    0x5, 0xa0, 0x1f, 0xfc, 0x23, 0x20, 0x9, 0x0,
    0x3f, 0xf8, 0x5, 0x1a, 0x1, 0x18, 0x80, 0x7f,
    0xf0, 0x11, 0xc4, 0x2, 0xa0, 0xf, 0xfe, 0x31,
    0x30, 0x7, 0xff, 0x15, 0x30, 0x3, 0xff, 0x84,
    0xdb, 0x9d, 0x62, 0x1, 0xfc, 0x9f, 0xf6, 0x0,

    /* U+041C "М" */
    0xef, 0xf8, 0x40, 0x3f, 0xf8, 0x7, 0xff, 0x58,
    0x6, 0x90, 0xf, 0xfe, 0x4, 0x0, 0x7e, 0x60,
    0xf, 0xf8, 0x90, 0x3, 0xf0, 0xb8, 0x7, 0xfa,
    0x0, 0x3f, 0xd2, 0x1, 0xfc, 0x4a, 0x1, 0xfe,
    0x17, 0x0, 0xfd, 0x0, 0x1f, 0xfc, 0x9, 0x0,
    0xf8, 0x94, 0x3, 0xff, 0x80, 0x2c, 0x1, 0xeb,
    0x0, 0xff, 0xe1, 0x40, 0x7, 0x13, 0x0, 0x7f,
    0x84, 0xc0, 0x2, 0xc0, 0x1a, 0xc0, 0x24, 0x0,
    0xfd, 0x20, 0x14, 0x0, 0x42, 0xc0, 0x14, 0x0,
    0x7e, 0x52, 0x0, 0xb, 0x0, 0x20, 0x2, 0x52,
    0x0, 0xfe, 0x80, 0xa, 0xc0, 0x58, 0x2, 0x80,
    0xf, 0xf2, 0x90, 0x0, 0x96, 0x40, 0x25, 0x20,
    0xf, 0xfa, 0xc0, 0x28, 0x70, 0xa, 0x40, 0x3f,
    0xf8, 0xc, 0x20, 0x2, 0x0, 0x90, 0xc0, 0x3f,
    0xf8, 0x32, 0x1, 0xe8, 0x0, 0xff, 0xe1, 0x38,
    0x80, 0x63, 0x30, 0x7, 0xff, 0xe, 0x40, 0x34,
    0x0, 0x7f, 0xf1, 0x18, 0x2, 0x24, 0x0, 0xff,
    0xe2, 0xb, 0x80, 0x20, 0x3, 0xff, 0x8d, 0x20,
    0x4a, 0x1, 0xfc,

    /* U+041D "Н" */
    0xef, 0xf8, 0xc0, 0x3f, 0x17, 0xfd, 0xc0, 0x1f,
    0xff, 0xf0, 0xf, 0xff, 0xee, 0x7f, 0xfe, 0xd0,
    0xf, 0xff, 0x0, 0x8f, 0xf8, 0x3, 0xf6, 0xf7,
    0x7e, 0xc0, 0xf, 0xff, 0xf8, 0x7, 0xff, 0xf4,

    /* U+041E "О" */
    0x0, 0xf9, 0xab, 0x7f, 0xed, 0x94, 0x0, 0xff,
    0x9b, 0xe5, 0x48, 0x2, 0x26, 0xbd, 0x40, 0xf,
    0xd7, 0x20, 0x1f, 0xe2, 0xb7, 0x0, 0xf5, 0xa0,
    0x7, 0xff, 0x6, 0x1c, 0x3, 0x32, 0x0, 0x67,
    0xdf, 0xfb, 0x14, 0x3, 0x41, 0x0, 0x50, 0x1,
    0xe, 0x41, 0x0, 0x47, 0x52, 0x1, 0xa4, 0x0,
    0xa2, 0x1, 0x59, 0x80, 0x7c, 0xcc, 0x0, 0x90,
    0x43, 0xc0, 0x22, 0x50, 0xf, 0xe8, 0x0, 0xce,
    0x8, 0x1, 0x28, 0x7, 0xf8, 0x4c, 0x2, 0xc0,
    0x10, 0xb, 0x40, 0x3f, 0xe5, 0x0, 0x98, 0x40,
    0x33, 0x0, 0x7f, 0xc2, 0x1, 0x8, 0x7, 0xff,
    0x28, 0x40, 0x33, 0x0, 0x7f, 0xc2, 0x1, 0x8,
    0x8, 0x4, 0x40, 0x1f, 0xf2, 0x80, 0x4c, 0x8,
    0x1, 0x58, 0x7, 0xf8, 0x4c, 0x2, 0xc0, 0xf0,
    0x8, 0xd0, 0x3, 0xfa, 0x0, 0x33, 0x82, 0x88,
    0x5, 0x44, 0x1, 0xf2, 0xb0, 0x4, 0x82, 0x0,
    0x80, 0x8, 0x76, 0x8, 0x2, 0x3a, 0xa0, 0x6,
    0x90, 0x9, 0x90, 0x3, 0x3e, 0xff, 0x7e, 0x28,
    0x6, 0x82, 0x0, 0xd6, 0x80, 0x1e, 0x10, 0xf,
    0x43, 0x80, 0x7a, 0xe0, 0x3, 0xfc, 0x56, 0xe0,
    0x1f, 0x9f, 0xe5, 0x48, 0x2, 0x26, 0xbd, 0x40,
    0xc,

    /* U+041F "П" */
    0xef, 0xff, 0xfe, 0x27, 0x0, 0x7f, 0xf7, 0x4,
    0x7f, 0xc0, 0x1f, 0xb7, 0xbb, 0xf6, 0x0, 0x7f,
    0xff, 0xc0, 0x3f, 0xff, 0xe0, 0x1f, 0xff, 0xf0,
    0xf, 0xff, 0xf8, 0x7, 0xf8,

    /* U+0420 "Р" */
    0xef, 0xff, 0xf6, 0xc0, 0x80, 0x7f, 0xf0, 0x89,
    0xf9, 0x0, 0x3f, 0xf8, 0x96, 0x60, 0x1c, 0x24,
    0x58, 0x40, 0x3b, 0xc0, 0x3b, 0x77, 0xbb, 0x8a,
    0x1, 0x19, 0x0, 0x7f, 0x86, 0x84, 0x2, 0x40,
    0xf, 0xfe, 0x3, 0x80, 0x5c, 0x1, 0xff, 0xc0,
    0x10, 0x8, 0x40, 0x3f, 0xf8, 0x4, 0x1, 0x8,
    0x7, 0xfc, 0x28, 0x1, 0x70, 0x7, 0xf8, 0xf4,
    0x40, 0x24, 0x0, 0xd9, 0xff, 0xd8, 0x60, 0x12,
    0x10, 0x7, 0xff, 0xe, 0x40, 0x3f, 0xf8, 0x43,
    0x84, 0x1, 0xc2, 0x45, 0xe4, 0x9e, 0x30, 0xf,
    0x6e, 0xfd, 0x6c, 0x1, 0xff, 0xff, 0x0, 0xff,
    0xe9, 0x80,

    /* U+0421 "С" */
    0x0, 0xf9, 0xab, 0x7f, 0xed, 0x94, 0x0, 0xff,
    0x9b, 0xe5, 0x48, 0x2, 0x26, 0xbd, 0x30, 0xf,
    0xd7, 0x20, 0x1f, 0xe2, 0xc6, 0x0, 0xf5, 0xa0,
    0x7, 0x84, 0x3, 0xd2, 0xc0, 0x19, 0x90, 0x3,
    0x3e, 0xff, 0x7e, 0x28, 0x6, 0x92, 0x0, 0xa0,
    0x2, 0x1d, 0x82, 0x0, 0x8e, 0xa4, 0x3, 0x40,
    0x1, 0x44, 0x2, 0xa2, 0x0, 0xf9, 0x98, 0x1,
    0x28, 0x3, 0xc0, 0x23, 0x40, 0xf, 0xe8, 0x37,
    0xcf, 0x0, 0x20, 0x5, 0x60, 0x1f, 0xe1, 0xc8,
    0x30, 0x8, 0x40, 0x23, 0x0, 0xff, 0xe2, 0x8,
    0x6, 0x70, 0xf, 0xfe, 0xd0, 0x80, 0x67, 0x0,
    0xff, 0xe2, 0x88, 0x4, 0x60, 0x1f, 0xfc, 0x54,
    0x0, 0xac, 0x3, 0xfc, 0x36, 0xe6, 0x1, 0x78,
    0x4, 0x68, 0x1, 0xfd, 0x9, 0x19, 0xc0, 0x5,
    0x10, 0xa, 0x88, 0x3, 0xe5, 0x60, 0x9, 0x0,
    0x28, 0x0, 0x87, 0x5c, 0x80, 0x23, 0x9a, 0x0,
    0xd0, 0x1, 0x32, 0x0, 0x68, 0xdf, 0xef, 0xc6,
    0x0, 0xd2, 0x40, 0x1a, 0xd0, 0x3, 0xc2, 0x1,
    0xe9, 0x60, 0xf, 0x5c, 0x0, 0x7f, 0x8b, 0x18,
    0x3, 0xf3, 0xfc, 0xa9, 0x0, 0x44, 0xd7, 0xa6,
    0x1, 0x80,

    /* U+0422 "Т" */
    0xbf, 0xff, 0xfe, 0x28, 0x7, 0xff, 0x60, 0x47,
    0xe0, 0xc, 0x23, 0xf5, 0x77, 0x78, 0x40, 0x2d,
    0xee, 0xf0, 0x7, 0xff, 0xfc, 0x3, 0xff, 0xfe,
    0x1, 0xff, 0xff, 0x0, 0xff, 0xff, 0x80, 0x78,

    /* U+0423 "У" */
    0x7f, 0xfc, 0x40, 0x1f, 0x97, 0xff, 0x3, 0x80,
    0x6a, 0x0, 0xfd, 0x20, 0x13, 0x80, 0x1c, 0x2,
    0x70, 0xf, 0x8c, 0xc0, 0x14, 0x80, 0x24, 0x3,
    0x30, 0x7, 0xa4, 0x2, 0x61, 0x0, 0xb, 0x0,
    0x56, 0x1, 0xc4, 0xa0, 0x15, 0x80, 0x6b, 0x0,
    0x89, 0x0, 0x35, 0x0, 0x4a, 0x40, 0x18, 0x94,
    0x2, 0xf0, 0xc, 0xe0, 0x14, 0x80, 0x7a, 0x40,
    0x24, 0x20, 0x3, 0x80, 0x46, 0x60, 0xf, 0x1a,
    0x0, 0x54, 0x0, 0xa0, 0xa, 0x0, 0x3f, 0x78,
    0x4, 0xc0, 0xa4, 0x0, 0x24, 0x0, 0xfc, 0x86,
    0x0, 0x16, 0x90, 0xa, 0x0, 0x3f, 0xd2, 0x1,
    0x41, 0x80, 0x5, 0x40, 0x3f, 0xca, 0x40, 0x1,
    0x0, 0xa0, 0x3, 0xff, 0x81, 0x60, 0x1c, 0x2c,
    0x1, 0xff, 0xc0, 0x61, 0x0, 0xcc, 0x1, 0xff,
    0xc2, 0x90, 0xd, 0x20, 0x1f, 0xfc, 0x2d, 0x0,
    0x98, 0x40, 0x3f, 0xf8, 0x24, 0xa0, 0x15, 0x80,
    0x7f, 0xf0, 0xac, 0x2, 0x52, 0x0, 0xff, 0xe0,
    0x8b, 0x0, 0x52, 0x1, 0xff, 0xc2, 0x80, 0x9,
    0xc, 0x3, 0xff, 0x82, 0x2c, 0x1, 0x78, 0x7,
    0xf8,

    /* U+0424 "Ф" */
    0x0, 0xfe, 0xdf, 0xf8, 0xc0, 0x3f, 0xf8, 0x44,
    0x86, 0x1, 0x95, 0xc, 0x3, 0xfc, 0xbb, 0xab,
    0xc2, 0x0, 0xa6, 0xf3, 0xe0, 0x3, 0xe8, 0xa2,
    0x0, 0xff, 0x9f, 0x44, 0x3, 0x3b, 0x80, 0x3f,
    0xf8, 0x45, 0x80, 0x10, 0xc0, 0x6, 0x67, 0x10,
    0x9, 0x5c, 0x80, 0x22, 0x70, 0x3, 0x0, 0x6d,
    0x98, 0x30, 0xa, 0x63, 0x4c, 0x2, 0x90, 0x5,
    0x80, 0x4e, 0x40, 0x1f, 0xdc, 0x1, 0x9, 0x81,
    0x80, 0x56, 0x1, 0xfe, 0x22, 0x0, 0x4a, 0x1,
    0xc4, 0x1, 0xff, 0x38, 0x5, 0xc2, 0x1, 0x84,
    0x3, 0xfe, 0x30, 0xc, 0x20, 0x18, 0x80, 0x3f,
    0xe3, 0x0, 0xbc, 0x4, 0x2, 0x60, 0xf, 0xf9,
    0xc0, 0x22, 0x5, 0x0, 0xb8, 0x3, 0xfc, 0x64,
    0x1, 0x38, 0x68, 0x4, 0xae, 0x1, 0xf9, 0x34,
    0x2, 0x22, 0x3, 0x10, 0x5, 0x1f, 0xe2, 0x0,
    0xb3, 0xec, 0x40, 0x28, 0x0, 0xb8, 0x3, 0xff,
    0x88, 0xaa, 0x0, 0x8e, 0xc4, 0x3, 0xff, 0x82,
    0xd4, 0x1, 0xc9, 0xf0, 0x62, 0x20, 0xc, 0x22,
    0x25, 0xc9, 0x0, 0xf8, 0x5f, 0x3b, 0x84, 0x1,
    0x6f, 0x6d, 0x18, 0x7, 0xff, 0x90,

    /* U+0425 "Х" */
    0x2f, 0xfd, 0xa0, 0x1f, 0xab, 0xff, 0x29, 0x38,
    0x4, 0x4e, 0x1, 0xe4, 0x50, 0x9, 0x14, 0x20,
    0x80, 0x28, 0x10, 0xe, 0x90, 0xd, 0x40, 0x17,
    0x0, 0x6a, 0x0, 0xd0, 0x40, 0x14, 0x88, 0x4,
    0x6c, 0x1, 0x22, 0x80, 0x9, 0xc0, 0x23, 0x60,
    0xe, 0x91, 0x0, 0xac, 0x43, 0x80, 0x37, 0x0,
    0x7d, 0x40, 0x10, 0xc3, 0x18, 0x5, 0x4, 0x1,
    0xf2, 0x28, 0x4, 0xd2, 0x1, 0x1b, 0x80, 0x7f,
    0x58, 0x80, 0x7d, 0xe0, 0x1f, 0xe1, 0xb0, 0xf,
    0x39, 0x80, 0x7f, 0xca, 0x80, 0x18, 0xa0, 0x3,
    0xff, 0x82, 0xc0, 0x18, 0x84, 0x3, 0xff, 0x80,
    0xe4, 0x1, 0xd6, 0x1, 0xff, 0x14, 0x0, 0x79,
    0x54, 0x1, 0xfe, 0xe0, 0xc, 0x40, 0x15, 0x88,
    0x7, 0xe7, 0x30, 0xa, 0x78, 0x2, 0x1b, 0x0,
    0xf8, 0xa0, 0x2, 0x36, 0x36, 0x0, 0x95, 0x0,
    0x3d, 0xc0, 0x1b, 0xc0, 0x10, 0x20, 0x15, 0x0,
    0x73, 0x18, 0x4, 0xe6, 0x0, 0x1b, 0x0, 0x86,
    0x40, 0x21, 0x90, 0x8, 0x60, 0x3, 0x2a, 0x0,
    0x4c, 0x60, 0xa, 0x0, 0xd4, 0x1, 0xe9, 0x0,
    0xdc, 0xc, 0x80, 0x12, 0xa0, 0x7, 0x8a, 0x0,
    0x22, 0x80,

    /* U+0426 "Ц" */
    0xef, 0xf8, 0xc0, 0x3f, 0x99, 0xb0, 0x7, 0xff,
    0x16, 0x67, 0x8, 0x7, 0xff, 0xfc, 0x3, 0xff,
    0xfe, 0x1, 0xff, 0xff, 0x0, 0xff, 0xff, 0x80,
    0x7f, 0xf7, 0xa2, 0xab, 0xf8, 0x3, 0x55, 0x14,
    0x3, 0x22, 0xaf, 0xf0, 0x6, 0x45, 0xd0, 0xf,
    0xfe, 0xf7, 0x7f, 0xff, 0xf0, 0xdc, 0x3, 0xff,
    0xe5, 0xaa, 0xb6, 0x80,

    /* U+0427 "Ч" */
    0xef, 0xf8, 0xc0, 0x3e, 0xaf, 0xf9, 0xc0, 0x3f,
    0xff, 0xe0, 0x1f, 0xfc, 0x27, 0x0, 0xff, 0xe0,
    0x18, 0x4, 0x20, 0x1f, 0xfc, 0x6, 0x0, 0xb0,
    0x3, 0xff, 0x80, 0x40, 0x13, 0x8, 0x7, 0x84,
    0x3, 0x68, 0x6, 0xc4, 0x10, 0x15, 0xc4, 0x0,
    0xc8, 0x40, 0x11, 0x5f, 0x7f, 0x51, 0x80, 0x7a,
    0x40, 0x3f, 0xf8, 0x89, 0x40, 0x1f, 0xfc, 0x45,
    0xe8, 0x42, 0x12, 0x47, 0xc5, 0x0, 0xf8, 0x5e,
    0xf7, 0xb6, 0xe0, 0xc0, 0x3f, 0xff, 0xe0, 0x1f,
    0xfd, 0x40,

    /* U+0428 "Ш" */
    0xef, 0xf8, 0xc0, 0x3a, 0xbf, 0xe7, 0x0, 0xe6,
    0xff, 0xac, 0x3, 0xff, 0xfe, 0x1, 0xff, 0xff,
    0x0, 0xff, 0xff, 0x80, 0x7f, 0xff, 0xc0, 0x3f,
    0xff, 0xe0, 0x1f, 0xfe, 0xad, 0xee, 0xe5, 0x0,
    0xa3, 0xbb, 0xa0, 0x3, 0xf0, 0x8f, 0x80, 0x38,
    0x47, 0xc0, 0x1f, 0xfe, 0xa0,

    /* U+0429 "Щ" */
    0xef, 0xf8, 0xc0, 0x3a, 0xbf, 0xe7, 0x0, 0xe6,
    0xff, 0xac, 0x3, 0xff, 0xfe, 0x1, 0xff, 0xff,
    0x0, 0xff, 0xff, 0x80, 0x7f, 0xff, 0xc0, 0x3f,
    0xff, 0xe0, 0x1f, 0xff, 0xf0, 0xf, 0xfe, 0xac,
    0x55, 0x72, 0x0, 0x55, 0x5f, 0x0, 0x4b, 0x54,
    0x10, 0xc, 0x8a, 0xbc, 0x20, 0x11, 0x2a, 0xf1,
    0x80, 0x42, 0xaa, 0x30, 0xf, 0xff, 0x67, 0x7f,
    0xff, 0xf2, 0x80, 0x3f, 0xff, 0xe0, 0x1f, 0xd0,
    0xef, 0x18,

    /* U+042A "Ъ" */
    0xff, 0xf8, 0x40, 0x3f, 0xfd, 0x19, 0x90, 0x7,
    0xff, 0x14, 0xce, 0x0, 0xff, 0xfa, 0x66, 0xef,
    0xa9, 0x40, 0x3f, 0xe2, 0x2f, 0x96, 0xb4, 0x80,
    0x3f, 0xf8, 0xc5, 0x82, 0x1, 0xff, 0xc6, 0x18,
    0x0, 0xfd, 0xdf, 0xfd, 0x64, 0x1, 0x30, 0x7,
    0xff, 0x9, 0x30, 0x3, 0x20, 0x7, 0xff, 0x8,
    0x50, 0x2, 0x20, 0xf, 0xfe, 0x18, 0x80, 0x42,
    0x1, 0xff, 0xc3, 0x10, 0xf, 0xfe, 0x30, 0xa0,
    0x4, 0x40, 0x1f, 0xfc, 0x11, 0xa0, 0xc, 0x80,
    0x1f, 0x66, 0xee, 0xee, 0x20, 0x4, 0x82, 0x1,
    0xf1, 0x17, 0x8, 0x7, 0x48, 0x7, 0xff, 0x14,
    0x6c, 0x80, 0x3f, 0xf8, 0x66, 0xfe, 0x80, 0x0,

    /* U+042B "Ы" */
    0xff, 0xc4, 0x1, 0xff, 0xc1, 0x4f, 0xfb, 0x40,
    0x3f, 0xff, 0xe0, 0x1f, 0xff, 0x7c, 0xdd, 0xf5,
    0x28, 0x7, 0xff, 0x8, 0x48, 0xbc, 0xb5, 0xa4,
    0x1, 0xff, 0xc9, 0x2c, 0x10, 0xf, 0xfe, 0x48,
    0xd8, 0x7, 0xfd, 0xbf, 0xfd, 0x86, 0x1, 0x28,
    0x80, 0x7f, 0xf1, 0xf, 0x40, 0x32, 0x0, 0x7f,
    0xf1, 0x45, 0x40, 0x22, 0x0, 0xff, 0xe3, 0x18,
    0x5, 0xe0, 0x1f, 0xfc, 0x63, 0x0, 0xff, 0xe5,
    0x20, 0x5, 0xc0, 0x1f, 0xfc, 0x41, 0xa1, 0x0,
    0x90, 0x3, 0xfd, 0x9b, 0xbb, 0xb8, 0xa0, 0x11,
    0x90, 0x7, 0xf8, 0x48, 0xb0, 0x80, 0x77, 0x80,
    0x7f, 0xf2, 0x6c, 0xc0, 0x3f, 0xf8, 0xc4, 0xfc,
    0x80, 0x1f, 0x80,

    /* U+042C "Ь" */
    0xff, 0xc4, 0x1, 0xff, 0xff, 0x0, 0xff, 0xef,
    0xe6, 0xef, 0xa9, 0x40, 0x3f, 0x9, 0x17, 0x96,
    0xb4, 0x80, 0x3f, 0xf8, 0x65, 0x82, 0x1, 0xff,
    0xc3, 0x1b, 0x0, 0xed, 0xff, 0xec, 0x30, 0x9,
    0x44, 0x3, 0xfc, 0x7a, 0x1, 0x90, 0x3, 0xfe,
    0x15, 0x0, 0x88, 0x3, 0xff, 0x80, 0x60, 0x17,
    0x80, 0x7f, 0xf0, 0xc, 0x3, 0xff, 0x88, 0x80,
    0x17, 0x0, 0x7f, 0x86, 0x84, 0x2, 0x40, 0xd,
    0x9b, 0xbb, 0xb8, 0xa0, 0x11, 0x90, 0x6, 0x12,
    0x2c, 0x20, 0x1d, 0xe0, 0x1f, 0xfc, 0x3b, 0x30,
    0xf, 0xfe, 0x1, 0x3f, 0x20, 0x0,

    /* U+042D "Э" */
    0x0, 0xf2, 0xd6, 0xff, 0xdb, 0x4a, 0x1, 0xfe,
    0x4d, 0xa5, 0x20, 0x8, 0x96, 0xb9, 0x40, 0x3e,
    0x7b, 0x20, 0xf, 0xe1, 0xa8, 0x0, 0xe6, 0x80,
    0xf, 0xfe, 0xb, 0xb8, 0x2, 0x19, 0x0, 0xcd,
    0x9f, 0xf6, 0x28, 0x6, 0x83, 0x0, 0x48, 0x6,
    0xa9, 0x30, 0x8, 0xea, 0x80, 0x1a, 0x0, 0xc,
    0x1, 0x3a, 0x80, 0x7c, 0xae, 0x1, 0x21, 0x5,
    0x4b, 0x24, 0x80, 0x7f, 0x40, 0x6, 0x40, 0x46,
    0x9b, 0x10, 0xf, 0xf2, 0x80, 0x58, 0x1, 0xf8,
    0xbf, 0xfe, 0x50, 0x9, 0x80, 0x3f, 0xf9, 0x2,
    0x1, 0xff, 0xd2, 0x11, 0xf8, 0x3, 0x8, 0x7,
    0xe2, 0xee, 0xf9, 0x0, 0x25, 0x0, 0x92, 0x4,
    0x3, 0xfc, 0x80, 0x17, 0x85, 0xfd, 0xbc, 0x0,
    0x7f, 0x40, 0x6, 0x70, 0x30, 0x9, 0x98, 0x1,
    0xf2, 0xb8, 0x4, 0xa2, 0x12, 0x20, 0x14, 0xd1,
    0x80, 0x47, 0x54, 0x0, 0xd0, 0x0, 0x1b, 0x0,
    0xcb, 0x9f, 0xdf, 0x8a, 0x1, 0xa4, 0x80, 0x25,
    0x80, 0xf, 0x8, 0x7, 0xa1, 0x80, 0x39, 0xec,
    0x80, 0x3f, 0x8a, 0xdc, 0x3, 0xe4, 0xda, 0x52,
    0x0, 0x89, 0x6b, 0x50, 0x3, 0x0,

    /* U+042E "Ю" */
    0xef, 0xf8, 0xc0, 0x3e, 0x28, 0xcf, 0xfb, 0x64,
    0xc0, 0x3f, 0xf8, 0x93, 0xae, 0x60, 0x11, 0x36,
    0x50, 0x80, 0x7f, 0xf0, 0x71, 0x80, 0x3f, 0x97,
    0x4, 0x3, 0xfe, 0xa3, 0x0, 0xe1, 0x0, 0xe2,
    0xa0, 0xf, 0xf2, 0x28, 0x4, 0x33, 0xfd, 0xf4,
    0x20, 0x12, 0x28, 0x7, 0xf7, 0x80, 0x6c, 0x60,
    0x9, 0x7c, 0x40, 0x29, 0x0, 0xfc, 0x28, 0x1,
    0x41, 0x0, 0x70, 0xc0, 0x4, 0x64, 0x1, 0xf2,
    0x0, 0x66, 0x0, 0xf9, 0x80, 0x32, 0x0, 0x66,
    0x22, 0x60, 0x4, 0x42, 0x1, 0xf8, 0xc0, 0x2f,
    0x0, 0xd5, 0xba, 0x60, 0x9, 0x80, 0x3f, 0x98,
    0x2, 0x20, 0xf, 0xf8, 0x40, 0x3f, 0x8c, 0x2,
    0x70, 0xf, 0xfe, 0xc8, 0x80, 0x7f, 0x18, 0x4,
    0xe0, 0x1b, 0x3f, 0xce, 0x1, 0x30, 0x7, 0xf3,
    0x0, 0x44, 0x1, 0xf6, 0x80, 0x44, 0x20, 0x1f,
    0x8c, 0x2, 0xf0, 0xf, 0x90, 0x3, 0x30, 0x7,
    0xcc, 0x1, 0x90, 0x3, 0xe1, 0x40, 0xa, 0x8,
    0x3, 0x86, 0x0, 0x23, 0x20, 0xf, 0xde, 0x1,
    0xb1, 0x40, 0x25, 0xf1, 0x0, 0xa4, 0x3, 0xf9,
    0x14, 0x2, 0x1a, 0xfe, 0xfa, 0x10, 0x9, 0x14,
    0x3, 0xfd, 0x46, 0x1, 0xc2, 0x1, 0xc5, 0x40,
    0x1f, 0xfc, 0xc, 0x60, 0xf, 0xe5, 0xc1, 0x0,
    0xff, 0xe0, 0xce, 0xb9, 0x80, 0x44, 0xd9, 0x42,
    0x1, 0x0,

    /* U+042F "Я" */
    0x0, 0x85, 0xf3, 0xff, 0xfe, 0x0, 0x1f, 0xc1,
    0x80, 0x7f, 0xf0, 0xb, 0x4, 0x3, 0xff, 0x85,
    0x20, 0x1c, 0x24, 0x5c, 0x1, 0x85, 0x0, 0x24,
    0xee, 0x6e, 0xec, 0x0, 0xc8, 0x1, 0xa8, 0x40,
    0x3f, 0xc4, 0x1, 0x20, 0x80, 0x7f, 0xf0, 0xc4,
    0x3, 0xff, 0x88, 0x20, 0x1f, 0xfc, 0x3, 0x0,
    0x90, 0x40, 0x3f, 0xe5, 0x0, 0xd8, 0x80, 0x1f,
    0xe1, 0x60, 0x8, 0xaf, 0xff, 0xb8, 0x3, 0xa0,
    0x40, 0x3f, 0xf8, 0x63, 0xa4, 0x1, 0xff, 0xc3,
    0x3f, 0x0, 0xc2, 0x45, 0x80, 0x3e, 0xb0, 0xd,
    0xfb, 0xb6, 0x0, 0x78, 0x58, 0x2, 0x71, 0x0,
    0xff, 0x40, 0x6, 0x90, 0xf, 0xf0, 0xb0, 0x4,
    0xe2, 0x1, 0xfe, 0x80, 0xd, 0x20, 0x1f, 0xe1,
    0x60, 0x9, 0x84, 0x3, 0xfd, 0x20, 0x1a, 0x0,
    0x3f, 0xe0,

    /* U+0430 "а" */
    0x0, 0x85, 0xf3, 0xbf, 0xdb, 0x48, 0x1, 0xc7,
    0xf0, 0x62, 0x0, 0x25, 0xbb, 0x8, 0x0, 0xb0,
    0x40, 0x3f, 0x25, 0x0, 0x38, 0x3, 0x88, 0x80,
    0x19, 0x10, 0x22, 0x0, 0xa7, 0xf7, 0x61, 0x0,
    0xb0, 0x77, 0x51, 0x6, 0x0, 0x8a, 0x40, 0x22,
    0x0, 0x13, 0xb8, 0xda, 0x6f, 0xa0, 0x3, 0xc5,
    0x3d, 0x92, 0xc8, 0x20, 0x18, 0x41, 0x75, 0x84,
    0x3, 0xfc, 0x54, 0x1, 0xc8, 0xf2, 0xe0, 0x1a,
    0xc0, 0x21, 0xaf, 0xb8, 0x6f, 0x0, 0xca, 0x1,
    0x5a, 0x80, 0x6c, 0x0, 0xfc, 0x20, 0x19, 0xd0,
    0x3, 0x28, 0x5, 0x4c, 0x8d, 0x70, 0x1, 0xd4,
    0x1, 0xc, 0xdc, 0xa0, 0x7, 0x8e, 0x0, 0x3e,
    0x1c, 0x10, 0xc, 0xf8, 0x82, 0x0, 0x37, 0xf3,
    0x0, 0xc0,

    /* U+0431 "б" */
    0x0, 0xff, 0xe6, 0x12, 0x3c, 0xdf, 0x18, 0x7,
    0x8e, 0xbb, 0x6e, 0x19, 0x5, 0x80, 0x30, 0xde,
    0x28, 0x80, 0x78, 0x80, 0x21, 0xc4, 0x0, 0xfc,
    0x42, 0x1, 0x69, 0x0, 0x46, 0xf5, 0x9d, 0xfa,
    0xc0, 0x6, 0x30, 0x0, 0xe6, 0x21, 0x4c, 0x40,
    0x3a, 0xc0, 0x2c, 0x30, 0xf, 0xe3, 0x20, 0x3,
    0x13, 0x5f, 0x73, 0x1c, 0x40, 0x25, 0x0, 0xbf,
    0x65, 0x4, 0x47, 0x1e, 0x80, 0xe, 0x0, 0xa0,
    0x80, 0x3c, 0x36, 0x60, 0x40, 0x10, 0x80, 0x7f,
    0x70, 0x8, 0x6, 0x1a, 0xff, 0x59, 0x0, 0x44,
    0x8e, 0x1, 0xb5, 0x40, 0x9, 0x80, 0x1b, 0x40,
    0x31, 0x98, 0x3, 0xb, 0x0, 0x4a, 0xe0, 0x13,
    0x0, 0x7b, 0xc0, 0x22, 0x10, 0x8, 0xc0, 0x3f,
    0xed, 0x0, 0x94, 0x3, 0xde, 0x1, 0x12, 0x0,
    0x46, 0x40, 0x1c, 0xe0, 0x12, 0x19, 0x0, 0x5e,
    0x60, 0x2, 0xb1, 0x0, 0xa8, 0x20, 0x2, 0x2c,
    0xfe, 0xd4, 0x0, 0x94, 0x81, 0x54, 0x1, 0xc2,
    0x1, 0x8a, 0x80, 0x2a, 0x50, 0xf, 0xc9, 0x80,
    0x1d, 0x56, 0xa2, 0x0, 0x25, 0xbb, 0x8, 0x0,

    /* U+0432 "в" */
    0xff, 0xfe, 0xd9, 0x10, 0xf, 0xfe, 0x1, 0x37,
    0x98, 0x7, 0xff, 0x4, 0x78, 0x3, 0xd3, 0x98,
    0xb6, 0x0, 0x88, 0x80, 0x1c, 0xa6, 0x64, 0x90,
    0xc, 0xc0, 0x1f, 0xfc, 0x27, 0x0, 0xfc, 0x2e,
    0x1, 0x9, 0x80, 0x76, 0x7f, 0xba, 0x0, 0x2a,
    0x0, 0xff, 0xe0, 0xab, 0x0, 0x7f, 0xf0, 0x57,
    0x50, 0x3, 0xa6, 0xef, 0x20, 0x5, 0x20, 0x1c,
    0xa8, 0x9a, 0x40, 0x22, 0x10, 0xf, 0xfe, 0x3b,
    0x11, 0x47, 0x20, 0x18, 0x40, 0x35, 0x6e, 0xd8,
    0x80, 0x13, 0x0, 0x7f, 0xf0, 0x4a, 0x0, 0x3f,
    0xc2, 0x71, 0xa2, 0x0,

    /* U+0433 "г" */
    0xef, 0xff, 0xf6, 0x0, 0x7f, 0xf4, 0x4, 0x7e,
    0x70, 0xd, 0xbd, 0xde, 0xb0, 0xf, 0xff, 0xf8,
    0x7, 0xff, 0xe4,

    /* U+0434 "д" */
    0x0, 0xd7, 0xff, 0xff, 0x60, 0x7, 0x9c, 0x3,
    0xff, 0x8c, 0x20, 0x1f, 0xfc, 0x63, 0x0, 0x16,
    0x66, 0x80, 0xf, 0xf0, 0x80, 0x4, 0xcf, 0x80,
    0x3f, 0xf8, 0x2e, 0x1, 0xff, 0xc2, 0x10, 0x8,
    0x40, 0x3f, 0xf8, 0x44, 0x1, 0x10, 0x7, 0xff,
    0x9, 0xc0, 0x2f, 0x0, 0xff, 0xe1, 0x10, 0x4,
    0x20, 0x1f, 0xfc, 0x2f, 0x0, 0x88, 0x3, 0xff,
    0x84, 0xa0, 0x13, 0x0, 0x7f, 0xf0, 0x48, 0xc0,
    0x4, 0x40, 0xf, 0xfe, 0x2, 0x70, 0x4, 0xa6,
    0x7e, 0x0, 0x84, 0xc4, 0x56, 0x60, 0x13, 0xe6,
    0x74, 0x0, 0x45, 0x8c, 0x1, 0xff, 0xde, 0x4f,
    0xff, 0xe9, 0x0, 0xff, 0xef, 0xaa, 0xd8, 0x1,
    0xfc, 0x4a, 0xb1, 0x80,

    /* U+0435 "е" */
    0x0, 0xc5, 0x19, 0xfe, 0xec, 0x71, 0x0, 0xf9,
    0xf5, 0xcc, 0x0, 0x27, 0x1e, 0x80, 0x1d, 0x30,
    0x1, 0xf8, 0x6d, 0x0, 0x25, 0x60, 0xc, 0x8a,
    0x80, 0x1a, 0x80, 0x2b, 0x0, 0x8f, 0xae, 0xaf,
    0x44, 0x0, 0x2e, 0xa, 0x20, 0x17, 0x8, 0x4,
    0x50, 0x1, 0x58, 0x60, 0x6, 0xdf, 0xfe, 0x90,
    0x8, 0x80, 0x80, 0x3f, 0xf8, 0x42, 0xe, 0x1,
    0xff, 0xc8, 0x5e, 0xef, 0xb3, 0x1d, 0xc0, 0x60,
    0x9, 0x84, 0x7e, 0x33, 0x8, 0x83, 0x0, 0x23,
    0x30, 0x7, 0x4f, 0x4a, 0x0, 0x18, 0x40, 0x2d,
    0x40, 0xa, 0x18, 0x5a, 0xe8, 0x1, 0x0, 0x10,
    0xdf, 0xf7, 0xb8, 0x6, 0x80, 0x3, 0x30, 0x3,
    0x84, 0x3, 0xa4, 0x80, 0x29, 0x80, 0xf, 0xc3,
    0x4c, 0x1, 0xcf, 0xd0, 0x62, 0x0, 0x38, 0xf5,
    0x0, 0x80,

    /* U+0436 "ж" */
    0x1e, 0xff, 0x98, 0x3, 0x7f, 0xd4, 0x1, 0xb3,
    0xfe, 0xa0, 0x18, 0x0, 0xa0, 0x40, 0x3f, 0xcc,
    0x60, 0x15, 0x80, 0x18, 0xc0, 0x3, 0x0, 0x1f,
    0xc3, 0x0, 0x14, 0x88, 0x5, 0xc0, 0x13, 0x18,
    0x7, 0xe8, 0x10, 0x1, 0xb0, 0x6, 0x27, 0x0,
    0xbc, 0x3, 0xe2, 0x60, 0xb, 0xc0, 0x3d, 0x2,
    0x0, 0x36, 0x0, 0xf7, 0x0, 0x4c, 0x60, 0x1f,
    0x50, 0x5, 0x2, 0x1, 0x94, 0xc0, 0x3, 0x20,
    0x1f, 0x91, 0x40, 0x3, 0x0, 0x1a, 0xc0, 0x2b,
    0x0, 0xff, 0x48, 0x4, 0xc0, 0x12, 0x88, 0x0,
    0x94, 0x3, 0xfd, 0x0, 0x13, 0x0, 0x4a, 0x20,
    0x2, 0x50, 0xf, 0xe6, 0x40, 0x0, 0xc0, 0x6,
    0xb0, 0xa, 0xc4, 0x3, 0xe1, 0x90, 0xa, 0x4,
    0x3, 0x2a, 0x0, 0x6, 0x80, 0x3e, 0xa0, 0x8,
    0xd8, 0x3, 0xd2, 0x1, 0x22, 0x80, 0x73, 0x20,
    0x5, 0xc0, 0x1f, 0x13, 0x80, 0x56, 0x20, 0x10,
    0xc8, 0x4, 0xe4, 0x1, 0xfa, 0x8, 0x0, 0x34,
    0x1, 0x50, 0x4, 0x30, 0x1, 0xfe, 0x90, 0x9,
    0x14, 0x19, 0x0, 0x2b, 0x0, 0xff, 0x91, 0x40,
    0x2b, 0x10,

    /* U+0437 "з" */
    0x0, 0xc9, 0x5d, 0xfe, 0xd9, 0x20, 0xe, 0x3d,
    0xb5, 0x10, 0x1, 0x36, 0xb8, 0x4, 0xb8, 0x40,
    0x1f, 0xa1, 0x40, 0x8, 0x40, 0x18, 0x40, 0x3a,
    0x40, 0x3, 0xe0, 0x53, 0xfd, 0xee, 0x1, 0x18,
    0x4, 0x5b, 0xa6, 0x0, 0xac, 0x3, 0xf1, 0x0,
    0x11, 0xd, 0xe0, 0x11, 0x80, 0x78, 0xee, 0xd2,
    0x60, 0x14, 0x80, 0x7f, 0xf0, 0x84, 0x3, 0xff,
    0x85, 0x42, 0x1, 0xc7, 0xff, 0x69, 0x0, 0x5,
    0xc0, 0x25, 0x10, 0xc, 0x4e, 0x1, 0x70, 0x16,
    0x57, 0xb0, 0x4, 0x8a, 0x1, 0x79, 0x69, 0x80,
    0xcf, 0xf7, 0xd8, 0x6, 0x42, 0x70, 0xe, 0x10,
    0xe, 0x43, 0x8, 0xa1, 0x0, 0xfc, 0xb6, 0x1,
    0x2f, 0x4a, 0x8, 0x0, 0x96, 0xe8, 0x0,

    /* U+0438 "и" */
    0xff, 0xc0, 0x1e, 0x1e, 0xff, 0x40, 0x7, 0xfb,
    0x44, 0x3, 0xff, 0x81, 0x6, 0x1, 0xff, 0xc0,
    0x47, 0x0, 0xff, 0xe0, 0xd, 0x0, 0x7f, 0xf0,
    0x68, 0x40, 0x3f, 0xf8, 0xe, 0x80, 0x1f, 0xfc,
    0x3, 0x80, 0x0, 0xc0, 0x7, 0xf7, 0x0, 0x54,
    0x20, 0x1f, 0xa8, 0x80, 0xc, 0x80, 0x1f, 0xca,
    0x0, 0x29, 0x0, 0xff, 0xe0, 0xf0, 0x7, 0xff,
    0x6, 0xc, 0x3, 0xff, 0x80, 0x6e, 0x1, 0xff,
    0xc1, 0xe0, 0xf, 0xfe, 0xd, 0x10, 0x7, 0xff,
    0x1, 0x54, 0x1, 0xfe,

    /* U+0439 "й" */
    0x0, 0xbb, 0xfd, 0x0, 0x39, 0xfe, 0x80, 0xe,
    0x70, 0x3, 0xff, 0x18, 0x3, 0x0, 0x3a, 0x4,
    0x3, 0xca, 0x80, 0x1c, 0x3e, 0xa0, 0x10, 0xc5,
    0x0, 0x7c, 0x35, 0xf9, 0xbc, 0xe0, 0x1f, 0xf1,
    0x90, 0x7, 0xbf, 0xf0, 0x7, 0x87, 0xbf, 0xd0,
    0x1, 0xfe, 0xd1, 0x0, 0xff, 0xe0, 0x41, 0x80,
    0x7f, 0xf0, 0x11, 0xc0, 0x3f, 0xf8, 0x3, 0x40,
    0x1f, 0xfc, 0x1a, 0x10, 0xf, 0xfe, 0x3, 0xa0,
    0x7, 0xff, 0x0, 0xe0, 0x0, 0x30, 0x1, 0xfd,
    0xc0, 0x15, 0x8, 0x7, 0xea, 0x20, 0x3, 0x20,
    0x7, 0xf2, 0x80, 0xa, 0x40, 0x3f, 0xf8, 0x3c,
    0x1, 0xff, 0xc1, 0x83, 0x0, 0xff, 0xe0, 0x1b,
    0x80, 0x7f, 0xf0, 0x78, 0x3, 0xff, 0x83, 0x44,
    0x1, 0xff, 0xc0, 0x55, 0x0, 0x7f, 0x80,

    /* U+043A "к" */
    0xef, 0xf8, 0xc0, 0x34, 0xff, 0xe6, 0x0, 0xfe,
    0x46, 0x0, 0x91, 0x80, 0x3f, 0xa8, 0x3, 0x50,
    0x7, 0xf4, 0x88, 0x5, 0x42, 0x1, 0xf9, 0x18,
    0x2, 0x55, 0x0, 0x7e, 0x1a, 0x0, 0x86, 0xc0,
    0x3f, 0xac, 0x40, 0x2a, 0x10, 0xf, 0xd6, 0xa0,
    0x13, 0x20, 0x7, 0xf3, 0x80, 0x68, 0x0, 0xff,
    0x38, 0x6, 0xb0, 0xf, 0xf5, 0xb0, 0x4, 0xac,
    0x1, 0xfe, 0x91, 0x0, 0xa4, 0x80, 0x3f, 0xd4,
    0x1, 0xbc, 0x3, 0x8, 0x7, 0x23, 0x80, 0x45,
    0x20, 0x1f, 0xe8, 0x20, 0x9, 0x94, 0x3, 0xfd,
    0xc0, 0x1a, 0xc4, 0x3, 0xf8, 0xe0, 0x2, 0x1d,
    0x0,

    /* U+043B "л" */
    0x0, 0xdd, 0xff, 0xff, 0x28, 0x6, 0x10, 0xf,
    0xfe, 0xa0, 0x80, 0x61, 0x1c, 0x1, 0xf8, 0xc0,
    0x25, 0xee, 0xc8, 0x1, 0xf0, 0x80, 0x44, 0x1,
    0xff, 0xc0, 0x60, 0xb, 0xc0, 0x3f, 0xf8, 0x6,
    0x1, 0x8, 0x7, 0xff, 0x3, 0x80, 0x22, 0x0,
    0xff, 0xe0, 0x10, 0x4, 0xe0, 0x1f, 0xfc, 0x6,
    0x0, 0x88, 0x3, 0xff, 0x80, 0x60, 0x10, 0x80,
    0x7f, 0xc8, 0x1, 0x18, 0x7, 0xf8, 0xe2, 0x80,
    0x24, 0x0, 0xff, 0x2b, 0x88, 0x5, 0x80, 0x1f,
    0xfc, 0x33, 0x40, 0xf, 0xfe, 0x11, 0x70, 0x7,
    0xfc, 0xdb, 0x7b, 0xa2, 0x0, 0xf5, 0xff, 0xca,

    /* U+043C "м" */
    0xff, 0xa8, 0x3, 0xfd, 0x3f, 0xf0, 0x4, 0xa4,
    0x1, 0xf8, 0x98, 0x3, 0xe8, 0x0, 0xfd, 0x0,
    0x1f, 0x94, 0x80, 0x3c, 0x4a, 0x1, 0xfd, 0x0,
    0x1e, 0x80, 0xf, 0xf2, 0x98, 0x6, 0x25, 0x0,
    0xff, 0xa0, 0x3, 0x40, 0x7, 0xff, 0x1, 0xc,
    0x0, 0x6a, 0x1, 0xff, 0xc1, 0x80, 0x4, 0x0,
    0x7f, 0xce, 0x0, 0x43, 0x32, 0x0, 0x1c, 0x3,
    0xf4, 0x80, 0x5f, 0x0, 0x14, 0x80, 0x7e, 0x17,
    0x0, 0x1a, 0x0, 0x1c, 0x40, 0x3f, 0xa4, 0x3,
    0xd2, 0x1, 0xfe, 0x18, 0x0, 0xce, 0x20, 0x1f,
    0xf3, 0x88, 0x5, 0x20, 0x1f, 0xfc, 0x19, 0x0,
    0x38, 0x80, 0x7f, 0xf0, 0x5c, 0x45, 0x0, 0x1f,
    0x0,

    /* U+043D "н" */
    0xff, 0xc4, 0x1, 0xc7, 0xff, 0x70, 0x7, 0xff,
    0xfc, 0x3, 0xff, 0x8f, 0xbf, 0xfd, 0x80, 0x1f,
    0xfd, 0xa1, 0x1f, 0x80, 0x3f, 0x67, 0x77, 0x68,
    0x7, 0xff, 0xfc, 0x3, 0x0,

    /* U+043E "о" */
    0x0, 0xc5, 0x19, 0xfe, 0xec, 0x71, 0x0, 0xf9,
    0xf5, 0xcc, 0x0, 0x27, 0x1c, 0xa0, 0x1d, 0x30,
    0x1, 0xfd, 0x4c, 0x1, 0x33, 0x0, 0x38, 0x40,
    0x3a, 0x4c, 0x1, 0x0, 0x10, 0xd7, 0xf7, 0xc0,
    0x6, 0xf0, 0x51, 0x0, 0xa9, 0x40, 0x27, 0x80,
    0x8, 0xcb, 0x0, 0x23, 0x40, 0xe, 0x70, 0xc,
    0x84, 0x1, 0x28, 0x7, 0xc6, 0x1, 0x73, 0x80,
    0x42, 0x1, 0xf3, 0x80, 0x42, 0x1, 0x84, 0x3,
    0xe7, 0x0, 0x85, 0x40, 0x24, 0x0, 0xf8, 0xc0,
    0x2e, 0xc0, 0x8, 0x90, 0x3, 0x9c, 0x3, 0x22,
    0x88, 0x5, 0x48, 0x1, 0x34, 0x0, 0x46, 0x41,
    0x0, 0x10, 0xdf, 0xf7, 0xc8, 0x6, 0xf0, 0x3,
    0x28, 0x7, 0x8, 0x7, 0x49, 0x80, 0x54, 0xe0,
    0x1f, 0x86, 0x98, 0x3, 0xa3, 0x5c, 0x80, 0x2,
    0x71, 0xea, 0x1, 0x0,

    /* U+043F "п" */
    0xff, 0xff, 0xe1, 0x40, 0x7, 0xff, 0x58, 0x47,
    0xc0, 0x1f, 0xd9, 0xdd, 0xce, 0x1, 0xff, 0xff,
    0x0, 0xff, 0xff, 0x80, 0x7f, 0xf5, 0x80,

    /* U+0440 "р" */
    0xff, 0xa8, 0xeb, 0xbf, 0xdb, 0x24, 0x1, 0xf2,
    0xe2, 0x88, 0x0, 0x9b, 0x5c, 0x3, 0xff, 0x87,
    0xe, 0x1, 0xf8, 0xd0, 0x40, 0x34, 0x18, 0x7,
    0x16, 0xe5, 0xf4, 0x80, 0x68, 0x0, 0xee, 0x20,
    0x9, 0x9c, 0x2, 0x41, 0x0, 0x84, 0xc0, 0x3a,
    0x40, 0x32, 0x0, 0x44, 0x1, 0xe1, 0x10, 0x4,
    0x40, 0x1f, 0xf1, 0x0, 0x5e, 0x1, 0xff, 0x8,
    0x5, 0xe0, 0x11, 0x0, 0x78, 0x48, 0x2, 0x20,
    0x8, 0x50, 0x3, 0x98, 0x3, 0x20, 0x6, 0x92,
    0x0, 0x96, 0x0, 0x24, 0x10, 0xc, 0x5b, 0x97,
    0xb4, 0x1, 0xa0, 0x3, 0xe3, 0x42, 0x0, 0xd0,
    0x60, 0x1f, 0xfc, 0x18, 0x70, 0xf, 0x53, 0x10,
    0x0, 0x9b, 0x5c, 0x3, 0xe6, 0x9d, 0xff, 0x6c,
    0x90, 0x7, 0xff, 0xfc, 0x3, 0xff, 0x9a,

    /* U+0441 "с" */
    0x0, 0xc5, 0x3b, 0xfe, 0xeb, 0x60, 0xf, 0xa3,
    0x58, 0x80, 0x2, 0x93, 0xc6, 0x1, 0xa9, 0xc0,
    0x3f, 0xe, 0x18, 0x1, 0x94, 0x3, 0x84, 0x3,
    0xb8, 0x1, 0x0, 0x10, 0xdf, 0xf6, 0x98, 0x4,
    0x4a, 0xa1, 0x0, 0xb5, 0x0, 0x5, 0x82, 0x0,
    0x41, 0xc0, 0x8, 0xcc, 0x1, 0xd5, 0x9f, 0x68,
    0x40, 0x12, 0x80, 0x79, 0xc, 0x2, 0x70, 0x8,
    0x40, 0x3f, 0xe7, 0x0, 0x84, 0x3, 0xfe, 0x20,
    0x9, 0x0, 0x3c, 0x20, 0x1b, 0x0, 0x22, 0x40,
    0xe, 0xff, 0x6c, 0x9a, 0x88, 0x5, 0x48, 0x0,
    0x1a, 0x10, 0x26, 0x70, 0x90, 0x8, 0x6f, 0xfb,
    0x8a, 0x1, 0x12, 0x3, 0xa0, 0x7, 0x8, 0x7,
    0x70, 0x5, 0x6c, 0x1, 0xf8, 0x70, 0xc0, 0x34,
    0xe3, 0x10, 0x0, 0x52, 0x78, 0xc0, 0x0,

    /* U+0442 "т" */
    0x4f, 0xff, 0xfe, 0x13, 0x80, 0x7f, 0xf5, 0x19,
    0x57, 0x80, 0x32, 0x2a, 0xe3, 0x2a, 0xae, 0x0,
    0xd3, 0x55, 0x90, 0x3, 0xff, 0xfe, 0x1, 0xff,
    0xff, 0x0, 0xff, 0xef, 0x0,

    /* U+0443 "у" */
    0x8f, 0xfa, 0xc0, 0x3e, 0x2f, 0xfb, 0x82, 0x40,
    0x24, 0x10, 0xf, 0x50, 0x4, 0xc0, 0x28, 0x1,
    0x30, 0x7, 0x98, 0x2, 0xa0, 0x7, 0x0, 0x54,
    0x1, 0xc8, 0x20, 0x3, 0x20, 0x2, 0x88, 0x0,
    0x8c, 0x3, 0x70, 0x5, 0x40, 0x19, 0x80, 0x2a,
    0x0, 0x85, 0x40, 0x26, 0x0, 0xd4, 0x1, 0x30,
    0x4, 0xe0, 0x13, 0x0, 0x71, 0x20, 0x4, 0xa0,
    0xa, 0x0, 0xa8, 0x3, 0xdc, 0x1, 0x70, 0x11,
    0x80, 0x8, 0xc0, 0x3c, 0xa2, 0x0, 0x41, 0xa0,
    0xa, 0x80, 0x3f, 0x30, 0x4, 0xcc, 0x0, 0x98,
    0x3, 0xf5, 0x0, 0x50, 0x20, 0x4, 0x10, 0xf,
    0xc4, 0x60, 0x1e, 0xe0, 0xf, 0xf4, 0x80, 0x70,
    0xa8, 0x7, 0xf9, 0x44, 0x3, 0x38, 0x7, 0xff,
    0x1, 0x80, 0x35, 0x0, 0x7f, 0xf0, 0x30, 0x2,
    0x23, 0x0, 0xff, 0xe0, 0x60, 0x5, 0x60, 0x1f,
    0xfc, 0x16, 0x0, 0x9c, 0x3, 0xff, 0x80, 0x62,
    0x0, 0x51, 0x0, 0xff, 0xe0, 0x50, 0x5, 0xc0,
    0x1f, 0xfc, 0x17, 0x0, 0xa, 0x0, 0x7f, 0xf0,
    0x10, 0x40, 0xc, 0x1, 0xff, 0xc1, 0xe0, 0xa,
    0x80, 0x3f, 0x80,

    /* U+0444 "ф" */
    0x0, 0xfc, 0xbf, 0xf2, 0x0, 0x7f, 0xff, 0xc0,
    0x21, 0x0, 0xe1, 0x0, 0xff, 0xc, 0x77, 0xf5,
    0x0, 0x57, 0xdf, 0xae, 0x1, 0xe3, 0xf7, 0x10,
    0xf, 0xe2, 0x8d, 0x20, 0x8, 0x74, 0x40, 0x3f,
    0xf8, 0x25, 0x82, 0x0, 0xb1, 0x0, 0x85, 0x8,
    0x2, 0x34, 0x10, 0x8, 0x60, 0x9, 0x40, 0x26,
    0xeb, 0x80, 0xa, 0x2f, 0x94, 0x2, 0x61, 0x50,
    0x8, 0x64, 0x3, 0xfa, 0x84, 0x2, 0x4d, 0x0,
    0x9c, 0x3, 0xfe, 0x40, 0xb, 0x58, 0x2, 0xf0,
    0xf, 0xfb, 0x40, 0x22, 0x0, 0xc6, 0x1, 0xff,
    0xc3, 0x10, 0xc, 0x60, 0x1f, 0xfc, 0x46, 0x0,
    0xb8, 0x3, 0xfe, 0xe0, 0x8, 0x88, 0x1, 0x20,
    0x7, 0xfc, 0x80, 0x17, 0xd8, 0x4, 0x6c, 0x1,
    0xfc, 0xe4, 0x1, 0x21, 0x90, 0x5, 0x34, 0xd8,
    0x1, 0x6b, 0x54, 0x0, 0x48, 0x41, 0xc0, 0x19,
    0x65, 0x80, 0x26, 0x95, 0x0, 0xd2, 0x0, 0x39,
    0x0, 0xff, 0xe1, 0xd1, 0x0, 0x4d, 0x66, 0x1,
    0xff, 0x1e, 0x28, 0x7, 0x26, 0x6d, 0x4b, 0x0,
    0x4f, 0x35, 0xb8, 0x60, 0x1f, 0x89, 0x5b, 0x0,
    0x2c, 0x65, 0x20, 0xf, 0xff, 0xf8, 0x7, 0xff,
    0x5c,

    /* U+0445 "х" */
    0x3f, 0xfd, 0x0, 0x1d, 0x5f, 0xf8, 0x8d, 0x80,
    0x27, 0x30, 0x9, 0x54, 0x1, 0x49, 0x4, 0x90,
    0x5, 0xe0, 0x15, 0x80, 0x48, 0xc0, 0x17, 0x0,
    0x46, 0xe1, 0x22, 0x1, 0x48, 0x6, 0x37, 0x0,
    0xa1, 0x58, 0x2, 0x92, 0x0, 0xe8, 0x20, 0xa,
    0x80, 0x24, 0x60, 0xf, 0xb8, 0x3, 0xea, 0x0,
    0xfc, 0x6e, 0x1, 0xd2, 0x20, 0x1f, 0xd2, 0x1,
    0x85, 0x80, 0x3f, 0xd6, 0x1, 0x86, 0x0, 0x3f,
    0x95, 0x40, 0x1c, 0xe6, 0x1, 0xf0, 0xd8, 0x7,
    0xdc, 0x1, 0xf5, 0x88, 0x0, 0x70, 0x2, 0x28,
    0x0, 0xe5, 0x50, 0x5, 0x67, 0x0, 0x13, 0x98,
    0x4, 0x36, 0x1, 0x22, 0x83, 0x98, 0x5, 0xc0,
    0x15, 0x8, 0x5, 0x40, 0x17, 0x0, 0x45, 0x20,
    0xa8, 0x1, 0x48, 0x80, 0x44, 0xe0, 0x13, 0x20,

    /* U+0446 "ц" */
    0xff, 0xc4, 0x1, 0xd1, 0xff, 0x40, 0x7, 0xff,
    0xfc, 0x3, 0xff, 0xfe, 0x1, 0xff, 0xfd, 0xce,
    0xee, 0x70, 0x9, 0xfb, 0x90, 0x1, 0x84, 0x7c,
    0x1, 0xc2, 0x22, 0x0, 0xff, 0xec, 0x7f, 0xff,
    0xf0, 0x60, 0x3, 0xff, 0xd2, 0x6a, 0xb6, 0x0,

    /* U+0447 "ч" */
    0xcf, 0xf9, 0x40, 0x3a, 0xbf, 0xe7, 0x0, 0xff,
    0xfa, 0x18, 0x7, 0xf9, 0xc0, 0x21, 0x0, 0xff,
    0x10, 0x5, 0x60, 0x1f, 0xef, 0x0, 0x8e, 0x4,
    0xa, 0x14, 0x3, 0x38, 0x6, 0x7e, 0xfd, 0x70,
    0xe, 0x17, 0x0, 0xff, 0xe1, 0x43, 0x80, 0x7f,
    0xf0, 0xa3, 0x61, 0x54, 0xd3, 0xaa, 0x1, 0xf1,
    0x3d, 0x52, 0x58, 0x80, 0x3f, 0xfc, 0xc0,

    /* U+0448 "ш" */
    0xff, 0xc0, 0x1b, 0xff, 0x0, 0x6f, 0xfc, 0x1,
    0xff, 0xff, 0x0, 0xff, 0xff, 0x80, 0x7f, 0xff,
    0xc0, 0x3f, 0xf8, 0xf5, 0x58, 0x3, 0x55, 0x60,
    0xf, 0xca, 0xb8, 0x3, 0x2a, 0xe0, 0xf, 0xff,
    0x0,

    /* U+0449 "щ" */
    0xff, 0xc0, 0x1b, 0xff, 0x0, 0x6f, 0xfc, 0x1,
    0xff, 0xff, 0x0, 0xff, 0xff, 0x80, 0x7f, 0xff,
    0xc0, 0x3f, 0xfc, 0x35, 0x58, 0x3, 0x55, 0x60,
    0xd, 0x44, 0x1, 0x95, 0x70, 0x6, 0x55, 0xc0,
    0x19, 0x58, 0x3, 0xff, 0xc1, 0xff, 0xff, 0xc5,
    0x20, 0xf, 0xff, 0xaa, 0xae, 0x60,

    /* U+044A "ъ" */
    0x6f, 0xff, 0x8, 0x7, 0xff, 0x89, 0xf3, 0x0,
    0x1f, 0xfc, 0x31, 0x33, 0x0, 0x7f, 0xf2, 0x94,
    0xce, 0x21, 0x0, 0xff, 0xe0, 0x5e, 0x65, 0xbd,
    0xac, 0x1, 0xff, 0xc4, 0x29, 0xb0, 0xf, 0xfe,
    0x2a, 0x38, 0x7, 0xee, 0xff, 0xb0, 0x80, 0x2a,
    0x0, 0xff, 0xe0, 0x1f, 0x0, 0x44, 0x1, 0xff,
    0xc1, 0x30, 0xc, 0x20, 0x1f, 0xfc, 0x4, 0x0,
    0xc2, 0x1, 0xf2, 0x99, 0xcd, 0x40, 0x11, 0x0,
    0x7e, 0xbc, 0xca, 0x44, 0x2, 0x80, 0xf, 0xfe,
    0x24, 0x28, 0x7, 0xff, 0x4, 0x57, 0x1c, 0x0,

    /* U+044B "ы" */
    0xff, 0xc4, 0x1, 0xfc, 0xbf, 0xf6, 0x0, 0x7f,
    0xff, 0xc0, 0x39, 0xcc, 0xc4, 0x20, 0x1f, 0xfc,
    0x2a, 0xcc, 0x6f, 0x6b, 0x0, 0x7f, 0xf1, 0x4a,
    0x68, 0x3, 0xff, 0x8c, 0xac, 0x1, 0xfe, 0xdf,
    0xf5, 0x88, 0x5, 0x40, 0x1f, 0xfc, 0x14, 0xa0,
    0x8, 0xc0, 0x3f, 0xf8, 0x4a, 0x1, 0xff, 0xc6,
    0x40, 0xf, 0xfe, 0x13, 0x99, 0x9a, 0x80, 0x23,
    0x0, 0xff, 0x56, 0x62, 0x40, 0x34, 0x0, 0x7f,
    0xf1, 0x61, 0x0, 0x3f, 0xf8, 0x42, 0xda, 0xe0,
    0x1f, 0x0,

    /* U+044C "ь" */
    0xff, 0xc4, 0x1, 0xff, 0xfe, 0x73, 0x38, 0x84,
    0x3, 0xfa, 0xb3, 0x2d, 0xed, 0x70, 0xf, 0xfe,
    0x9, 0x46, 0x0, 0x7f, 0xf0, 0x8e, 0x0, 0x3b,
    0x7f, 0xec, 0x20, 0x9, 0x80, 0x3f, 0x8f, 0xc0,
    0x21, 0x20, 0xf, 0xe2, 0x0, 0xc2, 0x1, 0xfc,
    0x60, 0x18, 0x80, 0x33, 0x99, 0xcb, 0xa0, 0x10,
    0x88, 0x3, 0x56, 0x65, 0x42, 0x1, 0x40, 0x7,
    0xff, 0x5, 0xd8, 0x3, 0xfc, 0x2b, 0x90, 0x0,

    /* U+044D "э" */
    0x0, 0xc7, 0x3b, 0xfe, 0xeb, 0x60, 0xf, 0xd3,
    0x8c, 0x40, 0x1, 0x49, 0xd3, 0x0, 0xea, 0x60,
    0xf, 0xc5, 0x86, 0x1, 0x32, 0x80, 0x70, 0x80,
    0x76, 0x80, 0x56, 0x1, 0xa7, 0xfb, 0x8c, 0x1,
    0xb, 0x80, 0x29, 0x0, 0x12, 0xc0, 0x1, 0x95,
    0x0, 0xa8, 0x0, 0xf7, 0xf8, 0xc0, 0x67, 0xb0,
    0x2, 0x21, 0x0, 0xc6, 0x0, 0xdc, 0xca, 0x40,
    0x32, 0x80, 0x7f, 0xf6, 0x88, 0x1, 0xdf, 0xf5,
    0x80, 0x66, 0x8, 0xbe, 0xd6, 0x0, 0xef, 0x0,
    0x84, 0x81, 0x10, 0x21, 0x2a, 0x0, 0x19, 0x40,
    0x9, 0x80, 0x10, 0x1, 0xab, 0xfb, 0x8c, 0x1,
    0xc, 0x80, 0x11, 0x80, 0x38, 0x40, 0x3a, 0x84,
    0x2, 0x97, 0x0, 0xfc, 0x38, 0x80, 0x1d, 0x1a,
    0xc4, 0x0, 0x14, 0x9e, 0x30, 0x8,

    /* U+044E "ю" */
    0xff, 0xc4, 0x1, 0xe5, 0xbe, 0xff, 0x6c, 0x98,
    0x7, 0xff, 0x4, 0xb6, 0x90, 0x40, 0x4, 0xd9,
    0x20, 0x1f, 0xf1, 0x61, 0x0, 0x7e, 0x6b, 0x0,
    0xff, 0x70, 0x80, 0x61, 0x0, 0xe4, 0x80, 0xf,
    0xc8, 0x60, 0x14, 0x7f, 0x7d, 0x88, 0x4, 0xe2,
    0x1, 0xf6, 0x80, 0x4c, 0xe0, 0x12, 0x60, 0x6,
    0x60, 0xd, 0xbf, 0xe6, 0x0, 0xac, 0x3, 0x89,
    0x0, 0x2c, 0x0, 0xff, 0x9, 0x0, 0x7b, 0x0,
    0x25, 0x0, 0xff, 0x18, 0x7, 0xc2, 0x1, 0xff,
    0xc2, 0x30, 0xf, 0x84, 0x3, 0xf5, 0xee, 0x94,
    0x0, 0x24, 0x1, 0xec, 0x0, 0x94, 0x3, 0x31,
    0x13, 0x0, 0x2b, 0x0, 0xe3, 0x40, 0xb, 0x0,
    0x3e, 0x70, 0x9, 0xa0, 0x2, 0x4d, 0x0, 0xcc,
    0x1, 0xf0, 0xb8, 0x4, 0xff, 0xdf, 0x62, 0x1,
    0x38, 0x80, 0x7e, 0x83, 0x0, 0xc2, 0x1, 0xc9,
    0x0, 0x1f, 0xec, 0x40, 0xf, 0xcd, 0x60, 0x1f,
    0xfc, 0xb, 0xb2, 0x88, 0x0, 0x9b, 0x64, 0x2,

    /* U+044F "я" */
    0x0, 0x92, 0xfb, 0xff, 0xf5, 0x80, 0x2a, 0xd0,
    0x40, 0x3f, 0xd0, 0xa0, 0x1f, 0xfc, 0x17, 0x0,
    0x8a, 0xf3, 0x27, 0x0, 0xc8, 0x1, 0xbd, 0xc,
    0xed, 0x0, 0xc4, 0x1, 0x19, 0x0, 0x7f, 0xf3,
    0x8, 0x2, 0x32, 0x0, 0xfe, 0x40, 0xd, 0x8a,
    0x67, 0x10, 0x7, 0x38, 0x4, 0x35, 0x99, 0x40,
    0x7, 0x42, 0x80, 0x7f, 0xf0, 0xa9, 0x80, 0x3f,
    0xf8, 0x22, 0xe0, 0x16, 0x7f, 0xa8, 0x3, 0xd0,
    0x20, 0x6, 0x30, 0xf, 0xc6, 0xc0, 0x1, 0x80,
    0xf, 0xee, 0x0, 0xa0, 0x40, 0x3f, 0x39, 0x0,
    0xd, 0x80, 0x3f, 0x80,

    /* U+0450 "ѐ" */
    0x0, 0xcd, 0xfe, 0x90, 0xf, 0xfe, 0xb, 0x0,
    0x18, 0x3, 0xff, 0x84, 0xc0, 0x6, 0x0, 0xff,
    0xe0, 0xd8, 0x2, 0xc0, 0x3f, 0xf8, 0x24, 0x60,
    0x48, 0x1, 0xff, 0xc1, 0x90, 0x7, 0x0, 0x7f,
    0xf0, 0x57, 0xfd, 0x40, 0x1f, 0xfd, 0x2, 0x8c,
    0xff, 0x76, 0x38, 0x80, 0x7c, 0xfa, 0xe6, 0x0,
    0x13, 0x8f, 0x40, 0xe, 0x98, 0x0, 0xfc, 0x36,
    0x80, 0x12, 0xb0, 0x6, 0x45, 0x40, 0xd, 0x40,
    0x15, 0x80, 0x47, 0xd7, 0x57, 0xa2, 0x0, 0x17,
    0x5, 0x10, 0xb, 0x84, 0x2, 0x28, 0x0, 0xac,
    0x30, 0x3, 0x6f, 0xff, 0x48, 0x4, 0x40, 0x40,
    0x1f, 0xfc, 0x21, 0x7, 0x0, 0xff, 0xe4, 0x2f,
    0x77, 0xd9, 0x8e, 0xe0, 0x30, 0x4, 0xc2, 0x3f,
    0x19, 0x84, 0x41, 0x80, 0x11, 0x98, 0x3, 0xa7,
    0xa5, 0x0, 0xc, 0x20, 0x16, 0xa0, 0x5, 0xc,
    0x2d, 0x74, 0x0, 0x80, 0x8, 0x6f, 0xfb, 0xdc,
    0x3, 0x40, 0x1, 0x98, 0x1, 0xc2, 0x1, 0xd2,
    0x40, 0x14, 0xc0, 0x7, 0xe1, 0xa6, 0x0, 0xe7,
    0xe8, 0x31, 0x0, 0x1c, 0x7a, 0x80, 0x40,

    /* U+0451 "ё" */
    0x0, 0xa7, 0xfe, 0x0, 0x1f, 0xfc, 0xc0, 0x1f,
    0xfd, 0xcf, 0x55, 0x80, 0x2, 0xab, 0x10, 0x7,
    0x9a, 0xaa, 0x0, 0x15, 0x54, 0x80, 0x1f, 0x14,
    0x67, 0xfb, 0xb1, 0xc4, 0x3, 0xe7, 0xd7, 0x30,
    0x0, 0x9c, 0x7a, 0x0, 0x74, 0xc0, 0x7, 0xe1,
    0xb4, 0x0, 0x95, 0x80, 0x32, 0x2a, 0x0, 0x6a,
    0x0, 0xac, 0x2, 0x3e, 0xba, 0xbd, 0x10, 0x0,
    0xb8, 0x28, 0x80, 0x5c, 0x20, 0x11, 0x40, 0x5,
    0x61, 0x80, 0x1b, 0x7f, 0xfa, 0x40, 0x22, 0x2,
    0x0, 0xff, 0xe1, 0x8, 0x38, 0x7, 0xff, 0x21,
    0x7b, 0xbe, 0xcc, 0x77, 0x1, 0x80, 0x26, 0x11,
    0xf8, 0xcc, 0x22, 0xc, 0x0, 0x8c, 0xc0, 0x1d,
    0x3d, 0x28, 0x0, 0x61, 0x0, 0xb5, 0x0, 0x28,
    0x61, 0x6b, 0xa0, 0x4, 0x0, 0x43, 0x7f, 0xde,
    0xe0, 0x1a, 0x0, 0xc, 0xc0, 0xe, 0x10, 0xe,
    0x92, 0x0, 0xa6, 0x0, 0x3f, 0xd, 0x30, 0x7,
    0x3f, 0x41, 0x88, 0x0, 0xe3, 0xd4, 0x2,

    /* U+0452 "ђ" */
    0x0, 0x77, 0xfa, 0xc0, 0x3f, 0xf8, 0xf, 0xe2,
    0x0, 0x4f, 0xf5, 0x80, 0x7f, 0xf8, 0x5b, 0x44,
    0x0, 0x7b, 0xaa, 0x0, 0xfe, 0x12, 0x0, 0x9c,
    0x86, 0xfb, 0xfd, 0xb2, 0x20, 0x1f, 0xd1, 0x8a,
    0x20, 0x2, 0x6e, 0x40, 0xf, 0x91, 0xc0, 0x3f,
    0x50, 0x80, 0x7f, 0xf1, 0x6, 0x40, 0x3f, 0x26,
    0xff, 0xa4, 0x3, 0x30, 0x7, 0xc5, 0x64, 0x0,
    0x67, 0x0, 0x84, 0x40, 0x1e, 0xa0, 0xe, 0xa0,
    0xc, 0x40, 0x1e, 0x30, 0xe, 0x20, 0xc, 0xe0,
    0x1e, 0x70, 0xf, 0x8, 0x7, 0xff, 0x14, 0xc0,
    0x3f, 0xff, 0xe0, 0x1f, 0xfe, 0xde, 0xff, 0x8c,
    0x3, 0xff, 0xbc, 0x60, 0x1f, 0xfc, 0x46, 0x10,
    0x9, 0xc0, 0x3f, 0xd5, 0xf2, 0x1, 0x8c, 0x3,
    0xff, 0x89, 0x0, 0x1f, 0xf1, 0x80, 0x43, 0x2e,
    0x1, 0xff, 0x4f, 0x6e, 0xb9, 0x80, 0x0,

    /* U+0453 "ѓ" */
    0x0, 0xf7, 0x7f, 0x84, 0x3, 0xe6, 0x10, 0x51,
    0x0, 0xfa, 0x80, 0x12, 0x1, 0xf1, 0x98, 0xc,
    0xc0, 0x1f, 0x48, 0x2, 0x80, 0x3e, 0x15, 0x1,
    0x60, 0xf, 0x87, 0xfd, 0xc0, 0x1f, 0xfc, 0x5e,
    0xff, 0xff, 0x60, 0x7, 0xff, 0x40, 0x47, 0xe7,
    0x0, 0xdb, 0xdd, 0xeb, 0x0, 0xff, 0xff, 0x80,
    0x7f, 0xfe, 0x40,

    /* U+0454 "є" */
    0x0, 0xc5, 0x3b, 0xfe, 0xeb, 0x60, 0xf, 0xa3,
    0x58, 0x80, 0x2, 0x93, 0xc8, 0x1, 0xa9, 0xc0,
    0x3f, 0xd, 0x98, 0x1, 0x94, 0x3, 0x84, 0x3,
    0xb4, 0x1, 0x0, 0x10, 0xdf, 0xf6, 0xa0, 0x4,
    0x2a, 0xa1, 0x0, 0xb5, 0x0, 0x5, 0x64, 0x4,
    0xcc, 0xc0, 0x8, 0x80, 0xce, 0x10, 0xfe, 0xd9,
    0x32, 0x0, 0x8b, 0x33, 0x30, 0x10, 0x80, 0x4e,
    0x1, 0xff, 0xc3, 0x70, 0xf, 0xfe, 0x19, 0x0,
    0x45, 0xff, 0x9c, 0x8, 0x3, 0x60, 0x4, 0x48,
    0x1, 0xd9, 0xfb, 0x48, 0xa0, 0x1a, 0x90, 0x0,
    0x34, 0x20, 0x4a, 0x0, 0x80, 0x8, 0x6f, 0xfb,
    0x8a, 0x1, 0x12, 0x3, 0xa0, 0x7, 0x8, 0x7,
    0x78, 0x5, 0x6c, 0x1, 0xf8, 0xb0, 0x80, 0x34,
    0xe3, 0x10, 0x0, 0x52, 0x74, 0xc0, 0x0,

    /* U+0455 "ѕ" */
    0x0, 0x8e, 0xb7, 0xfd, 0xd6, 0xc0, 0x1e, 0x9c,
    0x52, 0x0, 0xa, 0x4f, 0x18, 0x5, 0xc, 0x1,
    0xf8, 0x70, 0x80, 0xe, 0x1, 0xa, 0xb1, 0x0,
    0x68, 0x3, 0x0, 0x87, 0xaa, 0x75, 0x80, 0x24,
    0x0, 0xf0, 0x80, 0x51, 0xb, 0xee, 0x1, 0x80,
    0x43, 0xd4, 0xc4, 0x2e, 0x82, 0x1, 0x40, 0x6,
    0x59, 0xdd, 0x41, 0x0, 0x67, 0xa2, 0x0, 0xe2,
    0x7d, 0x90, 0xc, 0xbb, 0x6c, 0x40, 0x1c, 0xd2,
    0x1, 0xc9, 0x3b, 0xd2, 0x40, 0x13, 0x2, 0x45,
    0x6c, 0x0, 0x5, 0xb4, 0x3, 0x1e, 0xba, 0x93,
    0x98, 0x4, 0x40, 0x18, 0x68, 0x3, 0x66, 0x26,
    0xb4, 0x2, 0x12, 0x36, 0x0, 0xc6, 0xca, 0x1,
    0xa0, 0x1, 0x2c, 0x1, 0xfc, 0xec, 0x1, 0x4e,
    0x31, 0x0, 0x44, 0xdb, 0x0, 0x0,

    /* U+0456 "і" */
    0x9f, 0xf9, 0xc0, 0x3f, 0xde, 0xab, 0x13, 0x55,
    0x4b, 0x3f, 0xf3, 0x80, 0x7f, 0xff, 0xc0, 0x38,

    /* U+0457 "ї" */
    0x8f, 0xf8, 0x40, 0xff, 0xe6, 0x0, 0xff, 0xe5,
    0x6a, 0xac, 0x20, 0x2a, 0xb1, 0x2d, 0x54, 0x0,
    0x2a, 0xa9, 0x0, 0x29, 0xff, 0x9c, 0x3, 0xff,
    0xfe, 0x1, 0xff, 0xff, 0x0, 0xff, 0xe8, 0x80,

    /* U+0458 "ј" */
    0x0, 0x8b, 0xff, 0x0, 0x7f, 0xf1, 0xcd, 0x57,
    0x0, 0x43, 0x55, 0x80, 0x22, 0xff, 0xc0, 0x1f,
    0xff, 0xf0, 0xf, 0xff, 0xa3, 0x0, 0x78, 0x7c,
    0x2, 0x14, 0xee, 0x20, 0x4, 0x60, 0x20, 0x1c,
    0x80, 0x1e, 0x18, 0x0, 0xc2, 0xde, 0x20,

    /* U+0459 "љ" */
    0x0, 0xdd, 0xff, 0xfe, 0xc0, 0xf, 0xfe, 0x8,
    0x80, 0x7f, 0xf9, 0x4, 0x3, 0x8, 0xe0, 0xf,
    0xfe, 0x21, 0x80, 0x4b, 0xdd, 0x58, 0x7, 0xff,
    0x10, 0x40, 0x22, 0x0, 0xfc, 0x67, 0x10, 0x7,
    0xe6, 0x0, 0xbc, 0x3, 0xe3, 0xcc, 0xb7, 0xe8,
    0x80, 0x38, 0xc0, 0x21, 0x0, 0xff, 0xe0, 0xae,
    0xa0, 0x6, 0xe0, 0x8, 0x80, 0x3f, 0xf8, 0x74,
    0x1, 0x88, 0x2, 0x70, 0xf, 0x8f, 0xfd, 0xd0,
    0x1, 0xb, 0x0, 0x4c, 0x1, 0x10, 0x7, 0xf8,
    0x5d, 0x40, 0x2f, 0x0, 0x8c, 0x2, 0x10, 0xf,
    0xfe, 0x1, 0x0, 0x46, 0x0, 0x30, 0x8, 0xc0,
    0x3f, 0xf8, 0x28, 0x1, 0x19, 0x37, 0x0, 0x4a,
    0x1, 0xfc, 0x67, 0x51, 0x80, 0x58, 0x92, 0x40,
    0x16, 0x80, 0x7e, 0x3c, 0xc9, 0x40, 0x22, 0x50,
    0xe, 0x34, 0x0, 0xff, 0xe1, 0x97, 0x80, 0x71,
    0x70, 0x7, 0xff, 0x8, 0xe3, 0x48, 0x1b, 0x2f,
    0x34, 0x80, 0x39, 0x7f, 0xff, 0x63, 0x80, 0x40,

    /* U+045A "њ" */
    0xff, 0xc4, 0x1, 0xb7, 0xfe, 0x30, 0xf, 0xff,
    0xf8, 0x7, 0xff, 0x49, 0xcc, 0xf8, 0x2, 0x53,
    0x38, 0x40, 0x3f, 0xab, 0x33, 0x8, 0x5, 0x39,
    0x97, 0x71, 0xc0, 0x3f, 0xf9, 0x23, 0x16, 0x1,
    0xff, 0xca, 0x47, 0x0, 0xed, 0xff, 0xc4, 0x1,
    0x67, 0xfb, 0x8, 0x2, 0x90, 0xf, 0xfe, 0x29,
    0xf0, 0x4, 0x22, 0x0, 0xff, 0xe2, 0x98, 0x6,
    0x30, 0xf, 0xfe, 0x2a, 0x0, 0x63, 0x0, 0xff,
    0xe0, 0xa9, 0x99, 0x68, 0x2, 0x21, 0x0, 0xff,
    0xe0, 0xce, 0x62, 0x84, 0x2, 0x80, 0xf, 0xfe,
    0x4b, 0xa8, 0x7, 0xff, 0x18, 0x57, 0x20, 0x0,

    /* U+045B "ћ" */
    0x0, 0x7f, 0xd6, 0x1, 0xff, 0xc0, 0x7f, 0x0,
    0x93, 0xfd, 0x60, 0x1f, 0xfe, 0x16, 0xd0, 0x8,
    0xf7, 0x54, 0x1, 0xfc, 0x24, 0x1, 0x39, 0xd,
    0xf7, 0xfb, 0x64, 0x40, 0x3f, 0xa3, 0x14, 0x40,
    0x4, 0xdc, 0x60, 0x1f, 0x23, 0x80, 0x7e, 0xd1,
    0x0, 0xff, 0xe2, 0xc, 0x80, 0x7e, 0x5d, 0xff,
    0x48, 0x6, 0x60, 0xf, 0x8a, 0x88, 0x0, 0xce,
    0x1, 0x8, 0x80, 0x3d, 0x40, 0x1d, 0x40, 0x18,
    0x80, 0x3c, 0x60, 0x1c, 0x40, 0x19, 0xc0, 0x3c,
    0xe0, 0x1e, 0x10, 0xf, 0xfe, 0x29, 0x80, 0x7f,
    0xff, 0xc0, 0x3f, 0xfd, 0x60,

    /* U+045C "ќ" */
    0x0, 0xf3, 0x7f, 0xa8, 0x3, 0xff, 0x81, 0x40,
    0x9, 0x0, 0xff, 0x8c, 0xc0, 0x46, 0x1, 0xff,
    0x48, 0x2, 0xc0, 0x3f, 0xe1, 0x50, 0x3, 0x0,
    0x7f, 0xcc, 0x0, 0x60, 0xf, 0xfe, 0x3, 0xff,
    0xa4, 0x3, 0xff, 0x99, 0xdf, 0xf1, 0x80, 0x69,
    0xff, 0xcc, 0x1, 0xfc, 0x8c, 0x1, 0x23, 0x0,
    0x7f, 0x50, 0x6, 0xa0, 0xf, 0xe9, 0x10, 0xa,
    0x84, 0x3, 0xf2, 0x30, 0x4, 0xaa, 0x0, 0xfc,
    0x34, 0x1, 0xd, 0x80, 0x7f, 0x58, 0x80, 0x54,
    0x20, 0x1f, 0xad, 0x40, 0x26, 0x40, 0xf, 0xe7,
    0x0, 0xd0, 0x1, 0xfe, 0x70, 0xd, 0x60, 0x1f,
    0xeb, 0x60, 0x9, 0x58, 0x3, 0xfd, 0x22, 0x1,
    0x49, 0x0, 0x7f, 0xa8, 0x3, 0x78, 0x6, 0x10,
    0xe, 0x47, 0x0, 0x8a, 0x40, 0x3f, 0xd0, 0x40,
    0x13, 0x28, 0x7, 0xfb, 0x80, 0x35, 0x88, 0x7,
    0xf1, 0xc0, 0x4, 0x3a, 0x0,

    /* U+045D "ѝ" */
    0x0, 0xc5, 0xfe, 0xd0, 0xf, 0xf8, 0x90, 0x9,
    0x0, 0x3f, 0xef, 0x0, 0x78, 0x7, 0xfc, 0x82,
    0x8, 0x40, 0x1f, 0xf4, 0x80, 0x28, 0x3, 0xfe,
    0x60, 0x3, 0x80, 0x7f, 0xc3, 0xff, 0x0, 0x7f,
    0xf2, 0x3f, 0xf0, 0x7, 0x87, 0xbf, 0xd0, 0x1,
    0xfe, 0xd1, 0x0, 0xff, 0xe0, 0x41, 0x80, 0x7f,
    0xf0, 0x11, 0xc0, 0x3f, 0xf8, 0x3, 0x40, 0x1f,
    0xfc, 0x1a, 0x10, 0xf, 0xfe, 0x3, 0xa0, 0x7,
    0xff, 0x0, 0xe0, 0x0, 0x30, 0x1, 0xfd, 0xc0,
    0x15, 0x8, 0x7, 0xea, 0x20, 0x3, 0x20, 0x7,
    0xf2, 0x80, 0xa, 0x40, 0x3f, 0xf8, 0x3c, 0x1,
    0xff, 0xc1, 0x83, 0x0, 0xff, 0xe0, 0x1b, 0x80,
    0x7f, 0xf0, 0x78, 0x3, 0xff, 0x83, 0x44, 0x1,
    0xff, 0xc0, 0x55, 0x0, 0x7f, 0x80,

    /* U+045E "ў" */
    0x0, 0xcf, 0x10, 0x10, 0x2, 0xc4, 0x10, 0x3,
    0xf5, 0x3b, 0xac, 0xa, 0xdd, 0xc6, 0x1, 0xf9,
    0x40, 0xb, 0xfa, 0x20, 0x6, 0x0, 0xfd, 0x4,
    0x1, 0xe8, 0x10, 0xf, 0xec, 0x50, 0x8, 0x69,
    0xc0, 0x3f, 0xc3, 0x5f, 0x9b, 0xca, 0x1, 0xff,
    0xc2, 0x32, 0x0, 0xfd, 0x1f, 0xf5, 0x80, 0x7c,
    0x5f, 0xf7, 0x4, 0x80, 0x48, 0x20, 0x1e, 0xa0,
    0x9, 0x80, 0x50, 0x2, 0x60, 0xf, 0x30, 0x5,
    0x40, 0xe, 0x0, 0xa8, 0x3, 0x90, 0x40, 0x6,
    0x40, 0x5, 0x10, 0x1, 0x18, 0x6, 0xe0, 0xa,
    0x80, 0x33, 0x0, 0x54, 0x1, 0xa, 0x80, 0x4c,
    0x1, 0xa8, 0x2, 0x60, 0x9, 0xc0, 0x26, 0x0,
    0xe2, 0x40, 0x9, 0x40, 0x14, 0x1, 0x50, 0x7,
    0xb8, 0x2, 0xe0, 0x23, 0x0, 0x11, 0x80, 0x79,
    0x44, 0x0, 0x83, 0x40, 0x15, 0x0, 0x7e, 0x60,
    0x9, 0x98, 0x1, 0x30, 0x7, 0xea, 0x0, 0xa0,
    0x40, 0x8, 0x20, 0x1f, 0x88, 0xc0, 0x3d, 0xc0,
    0x1f, 0xe9, 0x0, 0xe1, 0x50, 0xf, 0xf2, 0x88,
    0x6, 0x70, 0xf, 0xfe, 0x3, 0x0, 0x6a, 0x0,
    0xff, 0xe0, 0x60, 0x4, 0x46, 0x1, 0xff, 0xc0,
    0xc0, 0xa, 0xc0, 0x3f, 0xf8, 0x2c, 0x1, 0x38,
    0x7, 0xff, 0x0, 0xc4, 0x0, 0xa2, 0x1, 0xff,
    0xc0, 0xa0, 0xb, 0x80, 0x3f, 0xf8, 0x2e, 0x0,
    0x14, 0x0, 0xff, 0xe0, 0x20, 0x80, 0x18, 0x3,
    0xff, 0x83, 0xc0, 0x15, 0x0, 0x7f, 0x0,

    /* U+045F "џ" */
    0xff, 0xc4, 0x1, 0xd1, 0xff, 0x40, 0x7, 0xff,
    0xfc, 0x3, 0xff, 0xfe, 0x1, 0xff, 0xd6, 0xce,
    0xee, 0x70, 0xf, 0xc2, 0x3e, 0x0, 0xff, 0xeb,
    0xff, 0xf3, 0x0, 0x4f, 0xff, 0xa0, 0x3, 0xff,
    0xaf, 0xae, 0xf6, 0x0, 0x70,

    /* U+0490 "Ґ" */
    0x0, 0xff, 0x24, 0x44, 0x80, 0x1f, 0xed, 0x77,
    0xb0, 0x3, 0xff, 0xa5, 0xdf, 0xff, 0xcc, 0x1,
    0xff, 0xda, 0x11, 0xff, 0x78, 0x6, 0xde, 0xef,
    0xe7, 0x0, 0xff, 0xff, 0x80, 0x7f, 0xff, 0xc0,
    0x3f, 0xff, 0xe0, 0x1f, 0xfd, 0x20,

    /* U+0491 "ґ" */
    0x0, 0xf9, 0x3f, 0xec, 0x0, 0xff, 0xe6, 0x77,
    0xff, 0xac, 0x3, 0xff, 0xa8, 0x23, 0xf3, 0x80,
    0x6d, 0xee, 0xf5, 0x80, 0x7f, 0xff, 0xc0, 0x3f,
    0xff, 0x20,

    /* U+04AE "Ү" */
    0xbf, 0xfc, 0x20, 0x1f, 0x17, 0xfe, 0x99, 0x0,
    0x68, 0x0, 0xfa, 0x40, 0x34, 0x13, 0x0, 0x4c,
    0x60, 0x1c, 0x88, 0x0, 0xa0, 0x42, 0x0, 0x34,
    0x0, 0x74, 0x80, 0x42, 0xe0, 0x1, 0x80, 0x9,
    0x14, 0x2, 0x62, 0x0, 0xac, 0x3, 0x39, 0x0,
    0x50, 0x1, 0x40, 0x4, 0x6a, 0x1, 0xd0, 0x1,
    0x13, 0x84, 0x8, 0x5, 0xe0, 0x1e, 0x53, 0x0,
    0xa4, 0xdc, 0x2, 0x53, 0x0, 0xfb, 0xc0, 0x21,
    0xc0, 0xd, 0x0, 0x1f, 0x8d, 0x40, 0x3e, 0x72,
    0x0, 0xfe, 0xb0, 0xf, 0xc, 0x0, 0x7f, 0x85,
    0xc0, 0x3a, 0x0, 0x3f, 0xf8, 0x10, 0x20, 0x11,
    0x30, 0x7, 0xff, 0x5, 0x0, 0x25, 0x0, 0xff,
    0xff, 0x80, 0x7f, 0xff, 0xc0, 0x3f, 0x80,

    /* U+04AF "ү" */
    0x3f, 0xfb, 0x40, 0x3e, 0xdf, 0xf9, 0xc, 0x80,
    0x4, 0x60, 0x1c, 0x44, 0x0, 0xa, 0x2, 0x80,
    0x56, 0x1, 0xca, 0x1, 0x30, 0x2, 0x80, 0x25,
    0x0, 0xea, 0x0, 0xac, 0x0, 0x46, 0x0, 0x23,
    0x0, 0x88, 0x80, 0x2, 0x30, 0xa, 0xc0, 0x2b,
    0x0, 0x94, 0x2, 0xa0, 0xc, 0xc0, 0x12, 0x80,
    0x54, 0x1, 0x28, 0x6, 0x14, 0x0, 0x11, 0x81,
    0x10, 0x0, 0x64, 0x1, 0xdc, 0x1, 0x58, 0x50,
    0x5, 0x40, 0x1e, 0x50, 0x9, 0x41, 0x40, 0x27,
    0x0, 0xf9, 0x40, 0x4, 0xc4, 0x0, 0x41, 0x0,
    0xfb, 0x80, 0x29, 0x0, 0xb8, 0x3, 0xf2, 0x8,
    0x7, 0x94, 0x3, 0xf9, 0xc0, 0x39, 0x40, 0x3f,
    0xd4, 0x1, 0xdc, 0x1, 0xfe, 0x32, 0x0, 0x85,
    0x0, 0x3f, 0xe4, 0x0, 0x9c, 0x3, 0xff, 0x80,
    0x20, 0x1f, 0xff, 0xf0, 0x8,

    /* U+04BA "Һ" */
    0xef, 0xf8, 0xc0, 0x3f, 0xff, 0xe0, 0x1f, 0xfe,
    0x5, 0xac, 0xee, 0x6d, 0x28, 0x7, 0xec, 0xa5,
    0x31, 0x11, 0x2d, 0x60, 0x80, 0x7f, 0xf0, 0xcf,
    0x40, 0x3f, 0xf8, 0x86, 0xe0, 0x1e, 0x7c, 0xff,
    0x6b, 0x80, 0x6a, 0x0, 0xeb, 0x83, 0x0, 0x14,
    0x40, 0x2, 0x22, 0x0, 0x67, 0x0, 0xf3, 0x80,
    0x67, 0x0, 0xff, 0xe0, 0x18, 0x4, 0x40, 0x1f,
    0xfc, 0x7, 0x0, 0xff, 0xe2, 0x8, 0x7, 0xff,
    0xfc, 0x3, 0xff, 0x84,

    /* U+04BB "һ" */
    0xef, 0xf8, 0xc0, 0x3f, 0xff, 0xcb, 0x3b, 0xfe,
    0xeb, 0x40, 0xf, 0xa5, 0x88, 0x0, 0x29, 0x72,
    0x1, 0xff, 0xc2, 0x66, 0x0, 0x78, 0x51, 0x4,
    0x1, 0xac, 0x3, 0x9f, 0xae, 0xda, 0xc0, 0x11,
    0x10, 0x3, 0x58, 0x6, 0x90, 0xc, 0xc0, 0x1f,
    0xe2, 0x0, 0x84, 0x3, 0xfc, 0x20, 0x11, 0x80,
    0x7f, 0xfc, 0x0,

    /* U+04E8 "Ө" */
    0x0, 0xf9, 0xab, 0x7f, 0xed, 0x94, 0x0, 0xff,
    0x9b, 0xe5, 0x48, 0x2, 0x26, 0xbd, 0x40, 0xf,
    0xd7, 0x20, 0x1f, 0xe2, 0xb7, 0x0, 0xf5, 0xa0,
    0x7, 0xff, 0x6, 0x1c, 0x3, 0x32, 0x0, 0x67,
    0xdf, 0xfb, 0x14, 0x3, 0x41, 0x0, 0x50, 0x1,
    0xe, 0x41, 0x0, 0x47, 0x52, 0x1, 0xa4, 0x0,
    0xa2, 0x1, 0x59, 0x80, 0x7c, 0xcc, 0x0, 0x90,
    0x43, 0xc0, 0x22, 0x50, 0xf, 0xe8, 0x0, 0xce,
    0x8, 0x1, 0x21, 0x17, 0xf8, 0xc8, 0x2, 0xc0,
    0x10, 0x9, 0xb7, 0x7f, 0xe2, 0x0, 0x98, 0x40,
    0x3f, 0xf9, 0x2, 0x1, 0xff, 0xca, 0x10, 0xf,
    0xfe, 0x40, 0x80, 0x80, 0x51, 0xff, 0xff, 0x18,
    0x4, 0xc0, 0x80, 0x15, 0x80, 0x7f, 0x84, 0xc0,
    0x2c, 0xf, 0x0, 0x8d, 0x0, 0x3f, 0xa0, 0x3,
    0x38, 0x28, 0x80, 0x54, 0x40, 0x1f, 0x2b, 0x0,
    0x48, 0x20, 0x8, 0x0, 0x87, 0x60, 0x80, 0x23,
    0xaa, 0x0, 0x69, 0x0, 0x99, 0x0, 0x33, 0xef,
    0xf7, 0xe2, 0x80, 0x68, 0x20, 0xd, 0x68, 0x1,
    0xe1, 0x0, 0xf4, 0x38, 0x7, 0xae, 0x0, 0x3f,
    0xc5, 0x6e, 0x1, 0xf9, 0xfe, 0x54, 0x80, 0x22,
    0x6b, 0xd4, 0x0, 0xc0,

    /* U+04E9 "ө" */
    0x0, 0xc5, 0x19, 0xfe, 0xec, 0x71, 0x0, 0xf9,
    0xf5, 0xcc, 0x0, 0x27, 0x1c, 0xa0, 0x1d, 0x30,
    0x1, 0xfd, 0x4c, 0x1, 0x33, 0x0, 0x38, 0x40,
    0x3a, 0x4c, 0x1, 0x0, 0x10, 0xd7, 0xf7, 0xc0,
    0x6, 0xf0, 0x51, 0x0, 0xa9, 0x40, 0x27, 0x80,
    0x8, 0xcb, 0x0, 0x21, 0x73, 0x3f, 0x0, 0x64,
    0x20, 0x8, 0x73, 0x3d, 0x60, 0x1b, 0x9c, 0x3,
    0xff, 0x86, 0x20, 0x1f, 0xfc, 0x41, 0x50, 0x8,
    0xbf, 0xfe, 0x0, 0xdd, 0x80, 0x11, 0x20, 0x7,
    0x38, 0x6, 0x45, 0x10, 0xa, 0x90, 0x2, 0x68,
    0x0, 0x8c, 0x82, 0x0, 0x21, 0xbf, 0xef, 0x90,
    0xd, 0xe0, 0x6, 0x50, 0xe, 0x10, 0xe, 0x93,
    0x0, 0xa9, 0xc0, 0x3f, 0xd, 0x30, 0x7, 0x46,
    0xb9, 0x0, 0x4, 0xe3, 0xd4, 0x2,

    /* U+2013 "–" */
    0x3, 0x3f, 0xfe, 0x0, 0x9e, 0x67, 0xff, 0x1,
    0xc0, 0x3f, 0xfa, 0x0,

    /* U+2014 "—" */
    0x3, 0x3f, 0xfe, 0x39, 0x1e, 0x67, 0xff, 0x1e,
    0xc0, 0x3f, 0xfb, 0xc0,

    /* U+2018 "‘" */
    0xaf, 0xf9, 0xc0, 0x3f, 0xf8, 0x66, 0x11, 0xac,
    0x20, 0x2, 0x1b, 0x8, 0x80, 0x9b, 0x3, 0xa0,
    0x4e, 0x53, 0x80,

    /* U+2019 "’" */
    0x4f, 0xfb, 0x0, 0x3f, 0xf8, 0x69, 0xb4, 0x1,
    0x10, 0x83, 0x3, 0xd0, 0x79, 0xc0, 0xa2, 0x95,
    0x5d, 0x80,

    /* U+201C "“" */
    0x0, 0x1a, 0x90, 0x0, 0x55, 0x2, 0x32, 0x9c,
    0xf, 0xea, 0xd, 0xc1, 0xd0, 0x3c, 0x52, 0x50,
    0x1e, 0x4, 0xc, 0x6d, 0x78, 0x3c, 0x84, 0x80,
    0xc8, 0x80, 0x8, 0xd6, 0x0, 0x16, 0xe0, 0x7,
    0xff, 0x48,

    /* U+201D "”" */
    0x9f, 0xf9, 0xcb, 0xfe, 0xe0, 0xf, 0xfe, 0x94,
    0x6b, 0x0, 0xb, 0x70, 0x0, 0x24, 0x0, 0x20,
    0x21, 0x2, 0x24, 0xb0, 0x20, 0x3f, 0x82, 0x2b,
    0x4, 0x8, 0xa0, 0x89, 0x9, 0x5a, 0xe0, 0x35,
    0x7a, 0x0,

    /* U+2022 "•" */
    0x0, 0xc4, 0x40, 0xf, 0x47, 0xee, 0xc8, 0x1,
    0x53, 0x80, 0x45, 0x6a, 0x8, 0xa0, 0x1e, 0xb0,
    0xd0, 0xf, 0x84, 0xc8, 0x3, 0xf3, 0x90, 0x7,
    0xe6, 0xa0, 0xf, 0x8c, 0x8d, 0xc0, 0x3d, 0xc0,
    0x8, 0xa3, 0x0, 0x2e, 0x90, 0x0,

    /* U+2026 "…" */
    0x12, 0x28, 0x40, 0x4, 0x58, 0x0, 0x24, 0x50,
    0xc6, 0xec, 0xc0, 0xd, 0xdc, 0x20, 0xfb, 0xb5,
    0x0, 0x7f, 0xfa, 0x80,

    /* U+2212 "−" */
    0x3, 0x3f, 0xfe, 0x0, 0x8b, 0x33, 0xff, 0x81,
    0x20, 0x1f, 0xfd, 0x0
};


/*---------------------
 *  GLYPH DESCRIPTION
 *--------------------*/

static const lv_font_fmt_txt_glyph_dsc_t glyph_dsc[] = {
    {.bitmap_index = 0, .adv_w = 0, .box_w = 0, .box_h = 0, .ofs_x = 0, .ofs_y = 0} /* id = 0 reserved */,
    {.bitmap_index = 0, .adv_w = 96, .box_w = 0, .box_h = 0, .ofs_x = 0, .ofs_y = 0},
    {.bitmap_index = 0, .adv_w = 180, .box_w = 5, .box_h = 22, .ofs_x = 3, .ofs_y = 0},
    {.bitmap_index = 17, .adv_w = 236, .box_w = 11, .box_h = 6, .ofs_x = 1, .ofs_y = 16},
    {.bitmap_index = 30, .adv_w = 449, .box_w = 26, .box_h = 22, .ofs_x = 1, .ofs_y = 0},
    {.bitmap_index = 221, .adv_w = 308, .box_w = 18, .box_h = 29, .ofs_x = 1, .ofs_y = -3},
    {.bitmap_index = 403, .adv_w = 432, .box_w = 25, .box_h = 22, .ofs_x = 1, .ofs_y = 0},
    {.bitmap_index = 627, .adv_w = 324, .box_w = 19, .box_h = 22, .ofs_x = 1, .ofs_y = 0},
    {.bitmap_index = 787, .adv_w = 132, .box_w = 5, .box_h = 6, .ofs_x = 1, .ofs_y = 16},
    {.bitmap_index = 795, .adv_w = 222, .box_w = 9, .box_h = 33, .ofs_x = 4, .ofs_y = -6},
    {.bitmap_index = 912, .adv_w = 222, .box_w = 9, .box_h = 33, .ofs_x = 1, .ofs_y = -6},
    {.bitmap_index = 1031, .adv_w = 228, .box_w = 13, .box_h = 12, .ofs_x = 0, .ofs_y = 10},
    {.bitmap_index = 1097, .adv_w = 274, .box_w = 15, .box_h = 14, .ofs_x = 1, .ofs_y = 4},
    {.bitmap_index = 1130, .adv_w = 152, .box_w = 5, .box_h = 10, .ofs_x = 1, .ofs_y = -5},
    {.bitmap_index = 1150, .adv_w = 202, .box_w = 10, .box_h = 4, .ofs_x = 1, .ofs_y = 8},
    {.bitmap_index = 1159, .adv_w = 154, .box_w = 5, .box_h = 5, .ofs_x = 2, .ofs_y = 0},
    {.bitmap_index = 1167, .adv_w = 215, .box_w = 11, .box_h = 22, .ofs_x = 1, .ofs_y = 0},
    {.bitmap_index = 1257, .adv_w = 324, .box_w = 17, .box_h = 22, .ofs_x = 2, .ofs_y = 0},
    {.bitmap_index = 1372, .adv_w = 218, .box_w = 10, .box_h = 22, .ofs_x = 1, .ofs_y = 0},
    {.bitmap_index = 1404, .adv_w = 290, .box_w = 16, .box_h = 22, .ofs_x = 1, .ofs_y = 0},
    {.bitmap_index = 1526, .adv_w = 284, .box_w = 15, .box_h = 22, .ofs_x = 1, .ofs_y = 0},
    {.bitmap_index = 1641, .adv_w = 295, .box_w = 16, .box_h = 22, .ofs_x = 1, .ofs_y = 0},
    {.bitmap_index = 1740, .adv_w = 283, .box_w = 16, .box_h = 22, .ofs_x = 1, .ofs_y = 0},
    {.bitmap_index = 1866, .adv_w = 299, .box_w = 16, .box_h = 22, .ofs_x = 2, .ofs_y = 0},
    {.bitmap_index = 2005, .adv_w = 261, .box_w = 14, .box_h = 22, .ofs_x = 1, .ofs_y = 0},
    {.bitmap_index = 2098, .adv_w = 299, .box_w = 16, .box_h = 22, .ofs_x = 1, .ofs_y = 0},
    {.bitmap_index = 2235, .adv_w = 299, .box_w = 16, .box_h = 22, .ofs_x = 1, .ofs_y = 0},
    {.bitmap_index = 2370, .adv_w = 171, .box_w = 5, .box_h = 13, .ofs_x = 3, .ofs_y = 2},
    {.bitmap_index = 2390, .adv_w = 171, .box_w = 5, .box_h = 22, .ofs_x = 3, .ofs_y = -5},
    {.bitmap_index = 2423, .adv_w = 310, .box_w = 10, .box_h = 16, .ofs_x = 4, .ofs_y = 2},
    {.bitmap_index = 2490, .adv_w = 360, .box_w = 16, .box_h = 10, .ofs_x = 3, .ofs_y = 6},
    {.bitmap_index = 2519, .adv_w = 310, .box_w = 11, .box_h = 16, .ofs_x = 5, .ofs_y = 2},
    {.bitmap_index = 2591, .adv_w = 270, .box_w = 15, .box_h = 22, .ofs_x = 1, .ofs_y = 0},
    {.bitmap_index = 2695, .adv_w = 440, .box_w = 24, .box_h = 23, .ofs_x = 2, .ofs_y = -3},
    {.bitmap_index = 2924, .adv_w = 328, .box_w = 20, .box_h = 22, .ofs_x = 0, .ofs_y = 0},
    {.bitmap_index = 3078, .adv_w = 306, .box_w = 17, .box_h = 22, .ofs_x = 2, .ofs_y = 0},
    {.bitmap_index = 3193, .adv_w = 358, .box_w = 22, .box_h = 22, .ofs_x = 0, .ofs_y = 0},
    {.bitmap_index = 3355, .adv_w = 341, .box_w = 18, .box_h = 22, .ofs_x = 2, .ofs_y = 0},
    {.bitmap_index = 3473, .adv_w = 283, .box_w = 15, .box_h = 22, .ofs_x = 2, .ofs_y = 0},
    {.bitmap_index = 3516, .adv_w = 254, .box_w = 14, .box_h = 22, .ofs_x = 2, .ofs_y = 0},
    {.bitmap_index = 3552, .adv_w = 356, .box_w = 22, .box_h = 22, .ofs_x = 0, .ofs_y = 0},
    {.bitmap_index = 3724, .adv_w = 352, .box_w = 18, .box_h = 22, .ofs_x = 2, .ofs_y = 0},
    {.bitmap_index = 3756, .adv_w = 142, .box_w = 5, .box_h = 22, .ofs_x = 2, .ofs_y = 0},
    {.bitmap_index = 3765, .adv_w = 246, .box_w = 13, .box_h = 22, .ofs_x = 0, .ofs_y = 0},
    {.bitmap_index = 3813, .adv_w = 319, .box_w = 18, .box_h = 22, .ofs_x = 2, .ofs_y = 0},
    {.bitmap_index = 3940, .adv_w = 260, .box_w = 14, .box_h = 22, .ofs_x = 2, .ofs_y = 0},
    {.bitmap_index = 3965, .adv_w = 413, .box_w = 22, .box_h = 22, .ofs_x = 2, .ofs_y = 0},
    {.bitmap_index = 4112, .adv_w = 350, .box_w = 18, .box_h = 22, .ofs_x = 2, .ofs_y = 0},
    {.bitmap_index = 4220, .adv_w = 364, .box_w = 22, .box_h = 22, .ofs_x = 0, .ofs_y = 0},
    {.bitmap_index = 4389, .adv_w = 312, .box_w = 17, .box_h = 22, .ofs_x = 2, .ofs_y = 0},
    {.bitmap_index = 4479, .adv_w = 364, .box_w = 22, .box_h = 22, .ofs_x = 0, .ofs_y = 0},
    {.bitmap_index = 4653, .adv_w = 322, .box_w = 17, .box_h = 22, .ofs_x = 2, .ofs_y = 0},
    {.bitmap_index = 4771, .adv_w = 322, .box_w = 18, .box_h = 22, .ofs_x = 1, .ofs_y = 0},
    {.bitmap_index = 4929, .adv_w = 293, .box_w = 18, .box_h = 22, .ofs_x = 0, .ofs_y = 0},
    {.bitmap_index = 4961, .adv_w = 348, .box_w = 18, .box_h = 22, .ofs_x = 2, .ofs_y = 0},
    {.bitmap_index = 5036, .adv_w = 313, .box_w = 20, .box_h = 22, .ofs_x = 0, .ofs_y = 0},
    {.bitmap_index = 5195, .adv_w = 475, .box_w = 30, .box_h = 22, .ofs_x = 0, .ofs_y = 0},
    {.bitmap_index = 5446, .adv_w = 323, .box_w = 20, .box_h = 22, .ofs_x = 0, .ofs_y = 0},
    {.bitmap_index = 5608, .adv_w = 302, .box_w = 19, .box_h = 22, .ofs_x = 0, .ofs_y = 0},
    {.bitmap_index = 5711, .adv_w = 326, .box_w = 18, .box_h = 22, .ofs_x = 1, .ofs_y = 0},
    {.bitmap_index = 5822, .adv_w = 206, .box_w = 8, .box_h = 34, .ofs_x = 4, .ofs_y = -6},
    {.bitmap_index = 5851, .adv_w = 215, .box_w = 11, .box_h = 22, .ofs_x = 1, .ofs_y = 0},
    {.bitmap_index = 5938, .adv_w = 206, .box_w = 8, .box_h = 34, .ofs_x = 1, .ofs_y = -6},
    {.bitmap_index = 5966, .adv_w = 328, .box_w = 15, .box_h = 11, .ofs_x = 3, .ofs_y = 12},
    {.bitmap_index = 6029, .adv_w = 317, .box_w = 20, .box_h = 4, .ofs_x = 0, .ofs_y = -4},
    {.bitmap_index = 6040, .adv_w = 266, .box_w = 7, .box_h = 6, .ofs_x = 4, .ofs_y = 24},
    {.bitmap_index = 6060, .adv_w = 280, .box_w = 15, .box_h = 17, .ofs_x = 1, .ofs_y = 0},
    {.bitmap_index = 6166, .adv_w = 300, .box_w = 16, .box_h = 22, .ofs_x = 2, .ofs_y = 0},
    {.bitmap_index = 6272, .adv_w = 280, .box_w = 16, .box_h = 17, .ofs_x = 1, .ofs_y = 0},
    {.bitmap_index = 6383, .adv_w = 300, .box_w = 16, .box_h = 22, .ofs_x = 1, .ofs_y = 0},
    {.bitmap_index = 6488, .adv_w = 292, .box_w = 17, .box_h = 17, .ofs_x = 1, .ofs_y = 0},
    {.bitmap_index = 6602, .adv_w = 185, .box_w = 12, .box_h = 22, .ofs_x = 0, .ofs_y = 0},
    {.bitmap_index = 6651, .adv_w = 300, .box_w = 16, .box_h = 24, .ofs_x = 1, .ofs_y = -7},
    {.bitmap_index = 6795, .adv_w = 305, .box_w = 16, .box_h = 22, .ofs_x = 2, .ofs_y = 0},
    {.bitmap_index = 6861, .adv_w = 142, .box_w = 5, .box_h = 22, .ofs_x = 2, .ofs_y = 0},
    {.bitmap_index = 6877, .adv_w = 144, .box_w = 8, .box_h = 29, .ofs_x = -1, .ofs_y = -7},
    {.bitmap_index = 6916, .adv_w = 265, .box_w = 16, .box_h = 22, .ofs_x = 2, .ofs_y = 0},
    {.bitmap_index = 7009, .adv_w = 142, .box_w = 5, .box_h = 22, .ofs_x = 2, .ofs_y = 0},
    {.bitmap_index = 7018, .adv_w = 440, .box_w = 24, .box_h = 17, .ofs_x = 2, .ofs_y = 0},
    {.bitmap_index = 7103, .adv_w = 305, .box_w = 16, .box_h = 17, .ofs_x = 2, .ofs_y = 0},
    {.bitmap_index = 7165, .adv_w = 301, .box_w = 17, .box_h = 17, .ofs_x = 1, .ofs_y = 0},
    {.bitmap_index = 7281, .adv_w = 300, .box_w = 16, .box_h = 24, .ofs_x = 2, .ofs_y = -7},
    {.bitmap_index = 7392, .adv_w = 300, .box_w = 16, .box_h = 24, .ofs_x = 1, .ofs_y = -7},
    {.bitmap_index = 7502, .adv_w = 198, .box_w = 10, .box_h = 18, .ofs_x = 2, .ofs_y = 0},
    {.bitmap_index = 7540, .adv_w = 263, .box_w = 15, .box_h = 17, .ofs_x = 1, .ofs_y = 0},
    {.bitmap_index = 7650, .adv_w = 213, .box_w = 12, .box_h = 22, .ofs_x = 0, .ofs_y = 0},
    {.bitmap_index = 7708, .adv_w = 305, .box_w = 16, .box_h = 17, .ofs_x = 1, .ofs_y = 0},
    {.bitmap_index = 7767, .adv_w = 273, .box_w = 17, .box_h = 17, .ofs_x = 0, .ofs_y = 0},
    {.bitmap_index = 7880, .adv_w = 391, .box_w = 24, .box_h = 17, .ofs_x = 0, .ofs_y = 0},
    {.bitmap_index = 8049, .adv_w = 270, .box_w = 17, .box_h = 17, .ofs_x = 0, .ofs_y = 0},
    {.bitmap_index = 8161, .adv_w = 274, .box_w = 18, .box_h = 24, .ofs_x = 0, .ofs_y = -7},
    {.bitmap_index = 8316, .adv_w = 257, .box_w = 15, .box_h = 17, .ofs_x = 0, .ofs_y = 0},
    {.bitmap_index = 8399, .adv_w = 220, .box_w = 9, .box_h = 34, .ofs_x = 4, .ofs_y = -6},
    {.bitmap_index = 8471, .adv_w = 152, .box_w = 5, .box_h = 22, .ofs_x = 2, .ofs_y = 0},
    {.bitmap_index = 8480, .adv_w = 220, .box_w = 9, .box_h = 34, .ofs_x = 1, .ofs_y = -6},
    {.bitmap_index = 8552, .adv_w = 352, .box_w = 16, .box_h = 8, .ofs_x = 3, .ofs_y = 6},
    {.bitmap_index = 8602, .adv_w = 96, .box_w = 0, .box_h = 0, .ofs_x = 0, .ofs_y = 0},
    {.bitmap_index = 8602, .adv_w = 180, .box_w = 5, .box_h = 22, .ofs_x = 3, .ofs_y = -5},
    {.bitmap_index = 8619, .adv_w = 280, .box_w = 16, .box_h = 23, .ofs_x = 1, .ofs_y = -1},
    {.bitmap_index = 8740, .adv_w = 274, .box_w = 15, .box_h = 22, .ofs_x = 1, .ofs_y = 0},
    {.bitmap_index = 8831, .adv_w = 326, .box_w = 20, .box_h = 20, .ofs_x = 0, .ofs_y = 1},
    {.bitmap_index = 8990, .adv_w = 302, .box_w = 19, .box_h = 22, .ofs_x = 0, .ofs_y = 0},
    {.bitmap_index = 9113, .adv_w = 152, .box_w = 5, .box_h = 29, .ofs_x = 2, .ofs_y = -7},
    {.bitmap_index = 9132, .adv_w = 263, .box_w = 15, .box_h = 25, .ofs_x = 1, .ofs_y = -4},
    {.bitmap_index = 9293, .adv_w = 275, .box_w = 11, .box_h = 4, .ofs_x = 3, .ofs_y = 24},
    {.bitmap_index = 9307, .adv_w = 439, .box_w = 27, .box_h = 26, .ofs_x = 0, .ofs_y = -2},
    {.bitmap_index = 9594, .adv_w = 154, .box_w = 8, .box_h = 9, .ofs_x = 1, .ofs_y = 8},
    {.bitmap_index = 9631, .adv_w = 289, .box_w = 15, .box_h = 15, .ofs_x = 2, .ofs_y = 1},
    {.bitmap_index = 9733, .adv_w = 288, .box_w = 16, .box_h = 8, .ofs_x = 1, .ofs_y = 5},
    {.bitmap_index = 9753, .adv_w = 202, .box_w = 10, .box_h = 4, .ofs_x = 1, .ofs_y = 8},
    {.bitmap_index = 9762, .adv_w = 319, .box_w = 16, .box_h = 16, .ofs_x = 2, .ofs_y = 8},
    {.bitmap_index = 9884, .adv_w = 246, .box_w = 9, .box_h = 4, .ofs_x = 3, .ofs_y = 26},
    {.bitmap_index = 9893, .adv_w = 216, .box_w = 12, .box_h = 11, .ofs_x = 0, .ofs_y = 11},
    {.bitmap_index = 9955, .adv_w = 288, .box_w = 16, .box_h = 15, .ofs_x = 1, .ofs_y = 2},
    {.bitmap_index = 10006, .adv_w = 200, .box_w = 10, .box_h = 14, .ofs_x = 1, .ofs_y = 8},
    {.bitmap_index = 10069, .adv_w = 196, .box_w = 10, .box_h = 14, .ofs_x = 1, .ofs_y = 8},
    {.bitmap_index = 10131, .adv_w = 266, .box_w = 6, .box_h = 6, .ofs_x = 6, .ofs_y = 24},
    {.bitmap_index = 10151, .adv_w = 310, .box_w = 16, .box_h = 24, .ofs_x = 2, .ofs_y = -7},
    {.bitmap_index = 10212, .adv_w = 356, .box_w = 21, .box_h = 27, .ofs_x = 1, .ofs_y = -5},
    {.bitmap_index = 10294, .adv_w = 134, .box_w = 6, .box_h = 5, .ofs_x = 1, .ofs_y = 7},
    {.bitmap_index = 10309, .adv_w = 201, .box_w = 6, .box_h = 8, .ofs_x = 3, .ofs_y = -7},
    {.bitmap_index = 10334, .adv_w = 169, .box_w = 6, .box_h = 14, .ofs_x = 1, .ofs_y = 8},
    {.bitmap_index = 10352, .adv_w = 170, .box_w = 9, .box_h = 9, .ofs_x = 1, .ofs_y = 8},
    {.bitmap_index = 10392, .adv_w = 289, .box_w = 15, .box_h = 15, .ofs_x = 1, .ofs_y = 1},
    {.bitmap_index = 10494, .adv_w = 507, .box_w = 28, .box_h = 24, .ofs_x = 1, .ofs_y = -1},
    {.bitmap_index = 10703, .adv_w = 499, .box_w = 29, .box_h = 23, .ofs_x = 1, .ofs_y = 0},
    {.bitmap_index = 10918, .adv_w = 501, .box_w = 29, .box_h = 24, .ofs_x = 1, .ofs_y = -1},
    {.bitmap_index = 11161, .adv_w = 270, .box_w = 15, .box_h = 23, .ofs_x = 1, .ofs_y = -6},
    {.bitmap_index = 11267, .adv_w = 328, .box_w = 20, .box_h = 30, .ofs_x = 0, .ofs_y = 0},
    {.bitmap_index = 11457, .adv_w = 328, .box_w = 20, .box_h = 30, .ofs_x = 0, .ofs_y = 0},
    {.bitmap_index = 11649, .adv_w = 328, .box_w = 20, .box_h = 30, .ofs_x = 0, .ofs_y = 0},
    {.bitmap_index = 11852, .adv_w = 328, .box_w = 20, .box_h = 31, .ofs_x = 0, .ofs_y = 0},
    {.bitmap_index = 12056, .adv_w = 328, .box_w = 20, .box_h = 28, .ofs_x = 0, .ofs_y = 0},
    {.bitmap_index = 12234, .adv_w = 328, .box_w = 20, .box_h = 32, .ofs_x = 0, .ofs_y = 0},
    {.bitmap_index = 12453, .adv_w = 454, .box_w = 27, .box_h = 22, .ofs_x = 0, .ofs_y = 0},
    {.bitmap_index = 12594, .adv_w = 358, .box_w = 22, .box_h = 29, .ofs_x = 0, .ofs_y = -7},
    {.bitmap_index = 12799, .adv_w = 283, .box_w = 15, .box_h = 30, .ofs_x = 2, .ofs_y = 0},
    {.bitmap_index = 12875, .adv_w = 283, .box_w = 15, .box_h = 30, .ofs_x = 2, .ofs_y = 0},
    {.bitmap_index = 12952, .adv_w = 283, .box_w = 15, .box_h = 30, .ofs_x = 2, .ofs_y = 0},
    {.bitmap_index = 13041, .adv_w = 283, .box_w = 15, .box_h = 28, .ofs_x = 2, .ofs_y = 0},
    {.bitmap_index = 13109, .adv_w = 142, .box_w = 7, .box_h = 30, .ofs_x = 0, .ofs_y = 0},
    {.bitmap_index = 13143, .adv_w = 142, .box_w = 7, .box_h = 30, .ofs_x = 2, .ofs_y = 0},
    {.bitmap_index = 13178, .adv_w = 142, .box_w = 13, .box_h = 30, .ofs_x = -2, .ofs_y = 0},
    {.bitmap_index = 13236, .adv_w = 142, .box_w = 11, .box_h = 28, .ofs_x = -1, .ofs_y = 0},
    {.bitmap_index = 13271, .adv_w = 343, .box_w = 20, .box_h = 22, .ofs_x = 0, .ofs_y = 0},
    {.bitmap_index = 13406, .adv_w = 350, .box_w = 18, .box_h = 30, .ofs_x = 2, .ofs_y = 0},
    {.bitmap_index = 13565, .adv_w = 364, .box_w = 22, .box_h = 31, .ofs_x = 0, .ofs_y = 0},
    {.bitmap_index = 13772, .adv_w = 364, .box_w = 22, .box_h = 31, .ofs_x = 0, .ofs_y = 0},
    {.bitmap_index = 13980, .adv_w = 364, .box_w = 22, .box_h = 30, .ofs_x = 0, .ofs_y = 0},
    {.bitmap_index = 14194, .adv_w = 364, .box_w = 22, .box_h = 30, .ofs_x = 0, .ofs_y = 0},
    {.bitmap_index = 14411, .adv_w = 364, .box_w = 22, .box_h = 29, .ofs_x = 0, .ofs_y = 0},
    {.bitmap_index = 14604, .adv_w = 246, .box_w = 13, .box_h = 13, .ofs_x = 1, .ofs_y = 5},
    {.bitmap_index = 14680, .adv_w = 364, .box_w = 22, .box_h = 22, .ofs_x = 0, .ofs_y = 0},
    {.bitmap_index = 14873, .adv_w = 348, .box_w = 18, .box_h = 31, .ofs_x = 2, .ofs_y = 0},
    {.bitmap_index = 14987, .adv_w = 348, .box_w = 18, .box_h = 31, .ofs_x = 2, .ofs_y = 0},
    {.bitmap_index = 15102, .adv_w = 348, .box_w = 18, .box_h = 30, .ofs_x = 2, .ofs_y = 0},
    {.bitmap_index = 15220, .adv_w = 348, .box_w = 18, .box_h = 29, .ofs_x = 2, .ofs_y = 0},
    {.bitmap_index = 15321, .adv_w = 302, .box_w = 19, .box_h = 30, .ofs_x = 0, .ofs_y = 0},
    {.bitmap_index = 15464, .adv_w = 308, .box_w = 17, .box_h = 22, .ofs_x = 2, .ofs_y = 0},
    {.bitmap_index = 15547, .adv_w = 310, .box_w = 16, .box_h = 22, .ofs_x = 2, .ofs_y = 0},
    {.bitmap_index = 15665, .adv_w = 280, .box_w = 15, .box_h = 25, .ofs_x = 1, .ofs_y = 0},
    {.bitmap_index = 15803, .adv_w = 280, .box_w = 15, .box_h = 25, .ofs_x = 1, .ofs_y = 0},
    {.bitmap_index = 15941, .adv_w = 280, .box_w = 15, .box_h = 25, .ofs_x = 1, .ofs_y = 0},
    {.bitmap_index = 16092, .adv_w = 280, .box_w = 15, .box_h = 25, .ofs_x = 1, .ofs_y = 0},
    {.bitmap_index = 16244, .adv_w = 280, .box_w = 15, .box_h = 22, .ofs_x = 1, .ofs_y = 0},
    {.bitmap_index = 16370, .adv_w = 280, .box_w = 15, .box_h = 27, .ofs_x = 1, .ofs_y = 0},
    {.bitmap_index = 16532, .adv_w = 448, .box_w = 26, .box_h = 17, .ofs_x = 1, .ofs_y = 0},
    {.bitmap_index = 16713, .adv_w = 280, .box_w = 16, .box_h = 24, .ofs_x = 1, .ofs_y = -7},
    {.bitmap_index = 16859, .adv_w = 292, .box_w = 17, .box_h = 25, .ofs_x = 1, .ofs_y = 0},
    {.bitmap_index = 17010, .adv_w = 292, .box_w = 17, .box_h = 25, .ofs_x = 1, .ofs_y = 0},
    {.bitmap_index = 17162, .adv_w = 292, .box_w = 17, .box_h = 25, .ofs_x = 1, .ofs_y = 0},
    {.bitmap_index = 17322, .adv_w = 292, .box_w = 17, .box_h = 22, .ofs_x = 1, .ofs_y = 0},
    {.bitmap_index = 17457, .adv_w = 142, .box_w = 7, .box_h = 25, .ofs_x = 0, .ofs_y = 0},
    {.bitmap_index = 17491, .adv_w = 142, .box_w = 7, .box_h = 25, .ofs_x = 2, .ofs_y = 0},
    {.bitmap_index = 17526, .adv_w = 142, .box_w = 13, .box_h = 24, .ofs_x = -2, .ofs_y = 0},
    {.bitmap_index = 17576, .adv_w = 142, .box_w = 11, .box_h = 22, .ofs_x = -1, .ofs_y = 0},
    {.bitmap_index = 17608, .adv_w = 288, .box_w = 16, .box_h = 25, .ofs_x = 1, .ofs_y = 0},
    {.bitmap_index = 17763, .adv_w = 305, .box_w = 16, .box_h = 24, .ofs_x = 2, .ofs_y = 0},
    {.bitmap_index = 17871, .adv_w = 301, .box_w = 17, .box_h = 25, .ofs_x = 1, .ofs_y = 0},
    {.bitmap_index = 18024, .adv_w = 301, .box_w = 17, .box_h = 25, .ofs_x = 1, .ofs_y = 0},
    {.bitmap_index = 18178, .adv_w = 301, .box_w = 17, .box_h = 25, .ofs_x = 1, .ofs_y = 0},
    {.bitmap_index = 18340, .adv_w = 301, .box_w = 17, .box_h = 25, .ofs_x = 1, .ofs_y = 0},
    {.bitmap_index = 18503, .adv_w = 301, .box_w = 17, .box_h = 22, .ofs_x = 1, .ofs_y = 0},
    {.bitmap_index = 18640, .adv_w = 259, .box_w = 14, .box_h = 14, .ofs_x = 1, .ofs_y = 4},
    {.bitmap_index = 18679, .adv_w = 301, .box_w = 18, .box_h = 17, .ofs_x = 0, .ofs_y = 0},
    {.bitmap_index = 18809, .adv_w = 305, .box_w = 16, .box_h = 25, .ofs_x = 1, .ofs_y = 0},
    {.bitmap_index = 18907, .adv_w = 305, .box_w = 16, .box_h = 25, .ofs_x = 1, .ofs_y = 0},
    {.bitmap_index = 19001, .adv_w = 305, .box_w = 16, .box_h = 25, .ofs_x = 1, .ofs_y = 0},
    {.bitmap_index = 19107, .adv_w = 305, .box_w = 16, .box_h = 22, .ofs_x = 1, .ofs_y = 0},
    {.bitmap_index = 19188, .adv_w = 274, .box_w = 18, .box_h = 32, .ofs_x = 0, .ofs_y = -7},
    {.bitmap_index = 19382, .adv_w = 300, .box_w = 16, .box_h = 29, .ofs_x = 2, .ofs_y = -7},
    {.bitmap_index = 19498, .adv_w = 274, .box_w = 18, .box_h = 29, .ofs_x = 0, .ofs_y = -7},
    {.bitmap_index = 19677, .adv_w = 328, .box_w = 20, .box_h = 29, .ofs_x = 0, .ofs_y = 0},
    {.bitmap_index = 19847, .adv_w = 280, .box_w = 15, .box_h = 24, .ofs_x = 1, .ofs_y = 0},
    {.bitmap_index = 19969, .adv_w = 328, .box_w = 20, .box_h = 29, .ofs_x = 0, .ofs_y = 0},
    {.bitmap_index = 20167, .adv_w = 280, .box_w = 15, .box_h = 24, .ofs_x = 1, .ofs_y = 0},
    {.bitmap_index = 20312, .adv_w = 328, .box_w = 20, .box_h = 29, .ofs_x = 0, .ofs_y = -7},
    {.bitmap_index = 20510, .adv_w = 280, .box_w = 15, .box_h = 24, .ofs_x = 1, .ofs_y = -7},
    {.bitmap_index = 20654, .adv_w = 358, .box_w = 22, .box_h = 31, .ofs_x = 0, .ofs_y = 0},
    {.bitmap_index = 20855, .adv_w = 280, .box_w = 16, .box_h = 25, .ofs_x = 1, .ofs_y = 0},
    {.bitmap_index = 20999, .adv_w = 358, .box_w = 22, .box_h = 30, .ofs_x = 0, .ofs_y = 0},
    {.bitmap_index = 21205, .adv_w = 280, .box_w = 16, .box_h = 25, .ofs_x = 1, .ofs_y = 0},
    {.bitmap_index = 21362, .adv_w = 358, .box_w = 22, .box_h = 30, .ofs_x = 0, .ofs_y = 0},
    {.bitmap_index = 21542, .adv_w = 280, .box_w = 16, .box_h = 25, .ofs_x = 1, .ofs_y = 0},
    {.bitmap_index = 21668, .adv_w = 358, .box_w = 22, .box_h = 30, .ofs_x = 0, .ofs_y = 0},
    {.bitmap_index = 21875, .adv_w = 280, .box_w = 16, .box_h = 25, .ofs_x = 1, .ofs_y = 0},
    {.bitmap_index = 22032, .adv_w = 341, .box_w = 18, .box_h = 30, .ofs_x = 2, .ofs_y = 0},
    {.bitmap_index = 22198, .adv_w = 388, .box_w = 22, .box_h = 22, .ofs_x = 1, .ofs_y = 0},
    {.bitmap_index = 22336, .adv_w = 343, .box_w = 20, .box_h = 22, .ofs_x = 0, .ofs_y = 0},
    {.bitmap_index = 22471, .adv_w = 300, .box_w = 18, .box_h = 22, .ofs_x = 1, .ofs_y = 0},
    {.bitmap_index = 22595, .adv_w = 283, .box_w = 15, .box_h = 29, .ofs_x = 2, .ofs_y = 0},
    {.bitmap_index = 22655, .adv_w = 292, .box_w = 17, .box_h = 24, .ofs_x = 1, .ofs_y = 0},
    {.bitmap_index = 22785, .adv_w = 283, .box_w = 15, .box_h = 30, .ofs_x = 2, .ofs_y = 0},
    {.bitmap_index = 22844, .adv_w = 292, .box_w = 17, .box_h = 25, .ofs_x = 1, .ofs_y = 0},
    {.bitmap_index = 22974, .adv_w = 283, .box_w = 15, .box_h = 29, .ofs_x = 2, .ofs_y = -7},
    {.bitmap_index = 23053, .adv_w = 292, .box_w = 17, .box_h = 25, .ofs_x = 1, .ofs_y = -8},
    {.bitmap_index = 23209, .adv_w = 283, .box_w = 15, .box_h = 30, .ofs_x = 2, .ofs_y = 0},
    {.bitmap_index = 23298, .adv_w = 292, .box_w = 17, .box_h = 25, .ofs_x = 1, .ofs_y = 0},
    {.bitmap_index = 23458, .adv_w = 356, .box_w = 22, .box_h = 30, .ofs_x = 0, .ofs_y = 0},
    {.bitmap_index = 23675, .adv_w = 300, .box_w = 16, .box_h = 32, .ofs_x = 1, .ofs_y = -7},
    {.bitmap_index = 23864, .adv_w = 356, .box_w = 22, .box_h = 29, .ofs_x = 0, .ofs_y = 0},
    {.bitmap_index = 24081, .adv_w = 300, .box_w = 16, .box_h = 31, .ofs_x = 1, .ofs_y = -7},
    {.bitmap_index = 24266, .adv_w = 356, .box_w = 22, .box_h = 30, .ofs_x = 0, .ofs_y = 0},
    {.bitmap_index = 24456, .adv_w = 300, .box_w = 16, .box_h = 32, .ofs_x = 1, .ofs_y = -7},
    {.bitmap_index = 24614, .adv_w = 356, .box_w = 22, .box_h = 31, .ofs_x = 0, .ofs_y = -9},
    {.bitmap_index = 24821, .adv_w = 300, .box_w = 16, .box_h = 35, .ofs_x = 1, .ofs_y = -7},
    {.bitmap_index = 24999, .adv_w = 352, .box_w = 18, .box_h = 30, .ofs_x = 2, .ofs_y = 0},
    {.bitmap_index = 25081, .adv_w = 305, .box_w = 21, .box_h = 30, .ofs_x = -3, .ofs_y = 0},
    {.bitmap_index = 25207, .adv_w = 362, .box_w = 23, .box_h = 22, .ofs_x = 0, .ofs_y = 0},
    {.bitmap_index = 25272, .adv_w = 305, .box_w = 18, .box_h = 22, .ofs_x = 0, .ofs_y = 0},
    {.bitmap_index = 25357, .adv_w = 142, .box_w = 13, .box_h = 30, .ofs_x = -2, .ofs_y = 0},
    {.bitmap_index = 25414, .adv_w = 142, .box_w = 13, .box_h = 24, .ofs_x = -2, .ofs_y = 0},
    {.bitmap_index = 25468, .adv_w = 142, .box_w = 9, .box_h = 29, .ofs_x = 0, .ofs_y = 0},
    {.bitmap_index = 25495, .adv_w = 142, .box_w = 9, .box_h = 24, .ofs_x = 0, .ofs_y = 0},
    {.bitmap_index = 25518, .adv_w = 142, .box_w = 7, .box_h = 29, .ofs_x = 0, .ofs_y = -7},
    {.bitmap_index = 25554, .adv_w = 142, .box_w = 7, .box_h = 29, .ofs_x = 0, .ofs_y = -7},
    {.bitmap_index = 25603, .adv_w = 142, .box_w = 5, .box_h = 30, .ofs_x = 2, .ofs_y = 0},
    {.bitmap_index = 25624, .adv_w = 142, .box_w = 5, .box_h = 17, .ofs_x = 2, .ofs_y = 0},
    {.bitmap_index = 25631, .adv_w = 246, .box_w = 17, .box_h = 30, .ofs_x = 0, .ofs_y = 0},
    {.bitmap_index = 25728, .adv_w = 144, .box_w = 13, .box_h = 31, .ofs_x = -2, .ofs_y = -7},
    {.bitmap_index = 25804, .adv_w = 319, .box_w = 18, .box_h = 32, .ofs_x = 2, .ofs_y = -10},
    {.bitmap_index = 25971, .adv_w = 265, .box_w = 16, .box_h = 32, .ofs_x = 2, .ofs_y = -10},
    {.bitmap_index = 26100, .adv_w = 260, .box_w = 14, .box_h = 30, .ofs_x = 2, .ofs_y = 0},
    {.bitmap_index = 26157, .adv_w = 142, .box_w = 7, .box_h = 30, .ofs_x = 2, .ofs_y = 0},
    {.bitmap_index = 26192, .adv_w = 260, .box_w = 14, .box_h = 32, .ofs_x = 2, .ofs_y = -10},
    {.bitmap_index = 26248, .adv_w = 142, .box_w = 5, .box_h = 32, .ofs_x = 2, .ofs_y = -10},
    {.bitmap_index = 26277, .adv_w = 260, .box_w = 14, .box_h = 22, .ofs_x = 2, .ofs_y = 0},
    {.bitmap_index = 26324, .adv_w = 228, .box_w = 11, .box_h = 22, .ofs_x = 2, .ofs_y = 0},
    {.bitmap_index = 26358, .adv_w = 269, .box_w = 17, .box_h = 22, .ofs_x = 0, .ofs_y = 0},
    {.bitmap_index = 26428, .adv_w = 195, .box_w = 12, .box_h = 22, .ofs_x = 0, .ofs_y = 0},
    {.bitmap_index = 26474, .adv_w = 350, .box_w = 18, .box_h = 30, .ofs_x = 2, .ofs_y = 0},
    {.bitmap_index = 26622, .adv_w = 305, .box_w = 16, .box_h = 25, .ofs_x = 2, .ofs_y = 0},
    {.bitmap_index = 26720, .adv_w = 350, .box_w = 18, .box_h = 32, .ofs_x = 2, .ofs_y = -10},
    {.bitmap_index = 26867, .adv_w = 305, .box_w = 16, .box_h = 27, .ofs_x = 2, .ofs_y = -10},
    {.bitmap_index = 26966, .adv_w = 350, .box_w = 18, .box_h = 30, .ofs_x = 2, .ofs_y = 0},
    {.bitmap_index = 27124, .adv_w = 305, .box_w = 16, .box_h = 24, .ofs_x = 2, .ofs_y = 0},
    {.bitmap_index = 27230, .adv_w = 350, .box_w = 18, .box_h = 29, .ofs_x = 2, .ofs_y = -7},
    {.bitmap_index = 27374, .adv_w = 305, .box_w = 16, .box_h = 25, .ofs_x = 2, .ofs_y = -8},
    {.bitmap_index = 27468, .adv_w = 364, .box_w = 22, .box_h = 30, .ofs_x = 0, .ofs_y = 0},
    {.bitmap_index = 27656, .adv_w = 301, .box_w = 17, .box_h = 24, .ofs_x = 1, .ofs_y = 0},
    {.bitmap_index = 27788, .adv_w = 364, .box_w = 22, .box_h = 31, .ofs_x = 0, .ofs_y = 0},
    {.bitmap_index = 28013, .adv_w = 301, .box_w = 17, .box_h = 25, .ofs_x = 1, .ofs_y = 0},
    {.bitmap_index = 28181, .adv_w = 533, .box_w = 32, .box_h = 22, .ofs_x = 0, .ofs_y = 0},
    {.bitmap_index = 28376, .adv_w = 485, .box_w = 29, .box_h = 17, .ofs_x = 1, .ofs_y = 0},
    {.bitmap_index = 28561, .adv_w = 322, .box_w = 17, .box_h = 30, .ofs_x = 2, .ofs_y = 0},
    {.bitmap_index = 28718, .adv_w = 198, .box_w = 10, .box_h = 25, .ofs_x = 2, .ofs_y = 0},
    {.bitmap_index = 28783, .adv_w = 322, .box_w = 17, .box_h = 32, .ofs_x = 2, .ofs_y = -10},
    {.bitmap_index = 28939, .adv_w = 198, .box_w = 10, .box_h = 28, .ofs_x = 2, .ofs_y = -10},
    {.bitmap_index = 29006, .adv_w = 322, .box_w = 17, .box_h = 30, .ofs_x = 2, .ofs_y = 0},
    {.bitmap_index = 29171, .adv_w = 198, .box_w = 13, .box_h = 24, .ofs_x = 0, .ofs_y = 0},
    {.bitmap_index = 29249, .adv_w = 322, .box_w = 18, .box_h = 31, .ofs_x = 1, .ofs_y = 0},
    {.bitmap_index = 29445, .adv_w = 263, .box_w = 15, .box_h = 25, .ofs_x = 1, .ofs_y = 0},
    {.bitmap_index = 29587, .adv_w = 322, .box_w = 18, .box_h = 30, .ofs_x = 1, .ofs_y = 0},
    {.bitmap_index = 29786, .adv_w = 263, .box_w = 15, .box_h = 25, .ofs_x = 1, .ofs_y = 0},
    {.bitmap_index = 29940, .adv_w = 322, .box_w = 18, .box_h = 29, .ofs_x = 1, .ofs_y = -7},
    {.bitmap_index = 30139, .adv_w = 263, .box_w = 15, .box_h = 24, .ofs_x = 1, .ofs_y = -7},
    {.bitmap_index = 30285, .adv_w = 322, .box_w = 18, .box_h = 30, .ofs_x = 1, .ofs_y = 0},
    {.bitmap_index = 30485, .adv_w = 263, .box_w = 15, .box_h = 25, .ofs_x = 1, .ofs_y = 0},
    {.bitmap_index = 30639, .adv_w = 293, .box_w = 18, .box_h = 29, .ofs_x = 0, .ofs_y = -7},
    {.bitmap_index = 30712, .adv_w = 213, .box_w = 12, .box_h = 29, .ofs_x = 0, .ofs_y = -7},
    {.bitmap_index = 30803, .adv_w = 293, .box_w = 18, .box_h = 30, .ofs_x = 0, .ofs_y = 0},
    {.bitmap_index = 30884, .adv_w = 213, .box_w = 15, .box_h = 27, .ofs_x = 0, .ofs_y = 0},
    {.bitmap_index = 30977, .adv_w = 293, .box_w = 18, .box_h = 22, .ofs_x = 0, .ofs_y = 0},
    {.bitmap_index = 31025, .adv_w = 223, .box_w = 13, .box_h = 22, .ofs_x = 0, .ofs_y = 0},
    {.bitmap_index = 31107, .adv_w = 348, .box_w = 18, .box_h = 30, .ofs_x = 2, .ofs_y = 0},
    {.bitmap_index = 31228, .adv_w = 305, .box_w = 16, .box_h = 25, .ofs_x = 1, .ofs_y = 0},
    {.bitmap_index = 31335, .adv_w = 348, .box_w = 18, .box_h = 30, .ofs_x = 2, .ofs_y = 0},
    {.bitmap_index = 31427, .adv_w = 305, .box_w = 16, .box_h = 24, .ofs_x = 1, .ofs_y = 0},
    {.bitmap_index = 31504, .adv_w = 348, .box_w = 18, .box_h = 29, .ofs_x = 2, .ofs_y = 0},
    {.bitmap_index = 31620, .adv_w = 305, .box_w = 16, .box_h = 24, .ofs_x = 1, .ofs_y = 0},
    {.bitmap_index = 31720, .adv_w = 348, .box_w = 18, .box_h = 33, .ofs_x = 2, .ofs_y = 0},
    {.bitmap_index = 31857, .adv_w = 305, .box_w = 16, .box_h = 27, .ofs_x = 1, .ofs_y = 0},
    {.bitmap_index = 31974, .adv_w = 348, .box_w = 18, .box_h = 31, .ofs_x = 2, .ofs_y = 0},
    {.bitmap_index = 32104, .adv_w = 305, .box_w = 16, .box_h = 25, .ofs_x = 1, .ofs_y = 0},
    {.bitmap_index = 32216, .adv_w = 348, .box_w = 18, .box_h = 28, .ofs_x = 2, .ofs_y = -6},
    {.bitmap_index = 32326, .adv_w = 305, .box_w = 16, .box_h = 24, .ofs_x = 1, .ofs_y = -7},
    {.bitmap_index = 32423, .adv_w = 475, .box_w = 30, .box_h = 30, .ofs_x = 0, .ofs_y = 0},
    {.bitmap_index = 32732, .adv_w = 391, .box_w = 24, .box_h = 24, .ofs_x = 0, .ofs_y = 0},
    {.bitmap_index = 32949, .adv_w = 302, .box_w = 19, .box_h = 30, .ofs_x = 0, .ofs_y = 0},
    {.bitmap_index = 33102, .adv_w = 274, .box_w = 18, .box_h = 31, .ofs_x = 0, .ofs_y = -7},
    {.bitmap_index = 33300, .adv_w = 302, .box_w = 19, .box_h = 28, .ofs_x = 0, .ofs_y = 0},
    {.bitmap_index = 33427, .adv_w = 326, .box_w = 18, .box_h = 30, .ofs_x = 1, .ofs_y = 0},
    {.bitmap_index = 33578, .adv_w = 257, .box_w = 15, .box_h = 25, .ofs_x = 0, .ofs_y = 0},
    {.bitmap_index = 33694, .adv_w = 326, .box_w = 18, .box_h = 30, .ofs_x = 1, .ofs_y = 0},
    {.bitmap_index = 33823, .adv_w = 257, .box_w = 15, .box_h = 24, .ofs_x = 0, .ofs_y = 0},
    {.bitmap_index = 33922, .adv_w = 326, .box_w = 18, .box_h = 30, .ofs_x = 1, .ofs_y = 0},
    {.bitmap_index = 34081, .adv_w = 257, .box_w = 15, .box_h = 24, .ofs_x = 0, .ofs_y = 0},
    {.bitmap_index = 34204, .adv_w = 156, .box_w = 7, .box_h = 6, .ofs_x = 1, .ofs_y = 16},
    {.bitmap_index = 34226, .adv_w = 156, .box_w = 7, .box_h = 6, .ofs_x = 1, .ofs_y = -8},
    {.bitmap_index = 34248, .adv_w = 171, .box_w = 5, .box_h = 22, .ofs_x = 3, .ofs_y = -5},
    {.bitmap_index = 34281, .adv_w = 288, .box_w = 6, .box_h = 6, .ofs_x = 6, .ofs_y = 16},
    {.bitmap_index = 34300, .adv_w = 288, .box_w = 14, .box_h = 6, .ofs_x = 2, .ofs_y = 19},
    {.bitmap_index = 34335, .adv_w = 336, .box_w = 21, .box_h = 22, .ofs_x = 0, .ofs_y = 0},
    {.bitmap_index = 34506, .adv_w = 288, .box_w = 6, .box_h = 5, .ofs_x = 1, .ofs_y = 7},
    {.bitmap_index = 34521, .adv_w = 367, .box_w = 22, .box_h = 22, .ofs_x = 0, .ofs_y = 0},
    {.bitmap_index = 34597, .adv_w = 429, .box_w = 25, .box_h = 22, .ofs_x = 0, .ofs_y = 0},
    {.bitmap_index = 34665, .adv_w = 209, .box_w = 11, .box_h = 22, .ofs_x = 0, .ofs_y = 0},
    {.bitmap_index = 34703, .adv_w = 419, .box_w = 26, .box_h = 22, .ofs_x = 0, .ofs_y = 0},
    {.bitmap_index = 34904, .adv_w = 415, .box_w = 26, .box_h = 22, .ofs_x = 0, .ofs_y = 0},
    {.bitmap_index = 35039, .adv_w = 424, .box_w = 26, .box_h = 22, .ofs_x = 0, .ofs_y = 0},
    {.bitmap_index = 35232, .adv_w = 250, .box_w = 14, .box_h = 26, .ofs_x = 1, .ofs_y = 0},
    {.bitmap_index = 35316, .adv_w = 328, .box_w = 20, .box_h = 22, .ofs_x = 0, .ofs_y = 0},
    {.bitmap_index = 35470, .adv_w = 306, .box_w = 17, .box_h = 22, .ofs_x = 2, .ofs_y = 0},
    {.bitmap_index = 35585, .adv_w = 264, .box_w = 15, .box_h = 22, .ofs_x = 2, .ofs_y = 0},
    {.bitmap_index = 35612, .adv_w = 328, .box_w = 20, .box_h = 22, .ofs_x = 0, .ofs_y = 0},
    {.bitmap_index = 35765, .adv_w = 283, .box_w = 15, .box_h = 22, .ofs_x = 2, .ofs_y = 0},
    {.bitmap_index = 35808, .adv_w = 326, .box_w = 18, .box_h = 22, .ofs_x = 1, .ofs_y = 0},
    {.bitmap_index = 35919, .adv_w = 352, .box_w = 18, .box_h = 22, .ofs_x = 2, .ofs_y = 0},
    {.bitmap_index = 35951, .adv_w = 364, .box_w = 22, .box_h = 22, .ofs_x = 0, .ofs_y = 0},
    {.bitmap_index = 36125, .adv_w = 142, .box_w = 5, .box_h = 22, .ofs_x = 2, .ofs_y = 0},
    {.bitmap_index = 36134, .adv_w = 319, .box_w = 18, .box_h = 22, .ofs_x = 2, .ofs_y = 0},
    {.bitmap_index = 36261, .adv_w = 313, .box_w = 20, .box_h = 22, .ofs_x = 0, .ofs_y = 0},
    {.bitmap_index = 36418, .adv_w = 413, .box_w = 22, .box_h = 22, .ofs_x = 2, .ofs_y = 0},
    {.bitmap_index = 36565, .adv_w = 350, .box_w = 18, .box_h = 22, .ofs_x = 2, .ofs_y = 0},
    {.bitmap_index = 36673, .adv_w = 352, .box_w = 18, .box_h = 22, .ofs_x = 2, .ofs_y = 0},
    {.bitmap_index = 36723, .adv_w = 364, .box_w = 22, .box_h = 22, .ofs_x = 0, .ofs_y = 0},
    {.bitmap_index = 36892, .adv_w = 352, .box_w = 18, .box_h = 22, .ofs_x = 2, .ofs_y = 0},
    {.bitmap_index = 36921, .adv_w = 312, .box_w = 17, .box_h = 22, .ofs_x = 2, .ofs_y = 0},
    {.bitmap_index = 37011, .adv_w = 302, .box_w = 15, .box_h = 22, .ofs_x = 2, .ofs_y = 0},
    {.bitmap_index = 37101, .adv_w = 293, .box_w = 18, .box_h = 22, .ofs_x = 0, .ofs_y = 0},
    {.bitmap_index = 37133, .adv_w = 302, .box_w = 19, .box_h = 22, .ofs_x = 0, .ofs_y = 0},
    {.bitmap_index = 37236, .adv_w = 359, .box_w = 22, .box_h = 22, .ofs_x = 0, .ofs_y = 0},
    {.bitmap_index = 37394, .adv_w = 323, .box_w = 20, .box_h = 22, .ofs_x = 0, .ofs_y = 0},
    {.bitmap_index = 37556, .adv_w = 368, .box_w = 19, .box_h = 22, .ofs_x = 2, .ofs_y = 0},
    {.bitmap_index = 37635, .adv_w = 364, .box_w = 22, .box_h = 22, .ofs_x = 0, .ofs_y = 0},
    {.bitmap_index = 37794, .adv_w = 142, .box_w = 11, .box_h = 28, .ofs_x = -1, .ofs_y = 0},
    {.bitmap_index = 37829, .adv_w = 302, .box_w = 19, .box_h = 28, .ofs_x = 0, .ofs_y = 0},
    {.bitmap_index = 37956, .adv_w = 305, .box_w = 16, .box_h = 25, .ofs_x = 1, .ofs_y = 0},
    {.bitmap_index = 38093, .adv_w = 252, .box_w = 15, .box_h = 25, .ofs_x = 1, .ofs_y = 0},
    {.bitmap_index = 38229, .adv_w = 305, .box_w = 16, .box_h = 25, .ofs_x = 2, .ofs_y = 0},
    {.bitmap_index = 38327, .adv_w = 203, .box_w = 10, .box_h = 25, .ofs_x = 2, .ofs_y = 0},
    {.bitmap_index = 38386, .adv_w = 301, .box_w = 17, .box_h = 26, .ofs_x = 1, .ofs_y = 0},
    {.bitmap_index = 38500, .adv_w = 305, .box_w = 16, .box_h = 17, .ofs_x = 1, .ofs_y = 0},
    {.bitmap_index = 38602, .adv_w = 296, .box_w = 16, .box_h = 29, .ofs_x = 2, .ofs_y = -7},
    {.bitmap_index = 38739, .adv_w = 273, .box_w = 17, .box_h = 22, .ofs_x = 0, .ofs_y = -5},
    {.bitmap_index = 38856, .adv_w = 301, .box_w = 17, .box_h = 23, .ofs_x = 1, .ofs_y = 0},
    {.bitmap_index = 38999, .adv_w = 252, .box_w = 15, .box_h = 17, .ofs_x = 1, .ofs_y = 0},
    {.bitmap_index = 39103, .adv_w = 256, .box_w = 16, .box_h = 26, .ofs_x = 1, .ofs_y = -4},
    {.bitmap_index = 39236, .adv_w = 305, .box_w = 16, .box_h = 17, .ofs_x = 2, .ofs_y = 0},
    {.bitmap_index = 39298, .adv_w = 334, .box_w = 19, .box_h = 22, .ofs_x = 1, .ofs_y = 0},
    {.bitmap_index = 39450, .adv_w = 203, .box_w = 10, .box_h = 17, .ofs_x = 2, .ofs_y = 0},
    {.bitmap_index = 39480, .adv_w = 265, .box_w = 16, .box_h = 17, .ofs_x = 2, .ofs_y = 0},
    {.bitmap_index = 39569, .adv_w = 282, .box_w = 17, .box_h = 22, .ofs_x = 1, .ofs_y = 0},
    {.bitmap_index = 39704, .adv_w = 310, .box_w = 16, .box_h = 24, .ofs_x = 2, .ofs_y = -7},
    {.bitmap_index = 39765, .adv_w = 273, .box_w = 17, .box_h = 17, .ofs_x = 0, .ofs_y = 0},
    {.bitmap_index = 39878, .adv_w = 278, .box_w = 17, .box_h = 26, .ofs_x = 1, .ofs_y = -4},
    {.bitmap_index = 40034, .adv_w = 301, .box_w = 17, .box_h = 17, .ofs_x = 1, .ofs_y = 0},
    {.bitmap_index = 40150, .adv_w = 327, .box_w = 19, .box_h = 17, .ofs_x = 1, .ofs_y = 0},
    {.bitmap_index = 40185, .adv_w = 311, .box_w = 17, .box_h = 24, .ofs_x = 2, .ofs_y = -7},
    {.bitmap_index = 40309, .adv_w = 280, .box_w = 16, .box_h = 21, .ofs_x = 1, .ofs_y = -4},
    {.bitmap_index = 40429, .adv_w = 311, .box_w = 18, .box_h = 17, .ofs_x = 1, .ofs_y = 0},
    {.bitmap_index = 40547, .adv_w = 271, .box_w = 16, .box_h = 17, .ofs_x = 0, .ofs_y = 0},
    {.bitmap_index = 40601, .adv_w = 301, .box_w = 17, .box_h = 17, .ofs_x = 1, .ofs_y = 0},
    {.bitmap_index = 40663, .adv_w = 367, .box_w = 21, .box_h = 29, .ofs_x = 1, .ofs_y = -7},
    {.bitmap_index = 40824, .adv_w = 270, .box_w = 17, .box_h = 17, .ofs_x = 0, .ofs_y = 0},
    {.bitmap_index = 40936, .adv_w = 358, .box_w = 20, .box_h = 24, .ofs_x = 1, .ofs_y = -7},
    {.bitmap_index = 41022, .adv_w = 386, .box_w = 22, .box_h = 18, .ofs_x = 1, .ofs_y = 0},
    {.bitmap_index = 41171, .adv_w = 203, .box_w = 13, .box_h = 23, .ofs_x = -1, .ofs_y = 0},
    {.bitmap_index = 41228, .adv_w = 301, .box_w = 17, .box_h = 23, .ofs_x = 1, .ofs_y = 0},
    {.bitmap_index = 41315, .adv_w = 301, .box_w = 17, .box_h = 25, .ofs_x = 1, .ofs_y = 0},
    {.bitmap_index = 41469, .adv_w = 301, .box_w = 17, .box_h = 25, .ofs_x = 1, .ofs_y = 0},
    {.bitmap_index = 41571, .adv_w = 386, .box_w = 22, .box_h = 25, .ofs_x = 1, .ofs_y = 0},
    {.bitmap_index = 41754, .adv_w = 283, .box_w = 15, .box_h = 30, .ofs_x = 2, .ofs_y = 0},
    {.bitmap_index = 41830, .adv_w = 283, .box_w = 15, .box_h = 28, .ofs_x = 2, .ofs_y = 0},
    {.bitmap_index = 41898, .adv_w = 329, .box_w = 20, .box_h = 22, .ofs_x = 0, .ofs_y = 0},
    {.bitmap_index = 42016, .adv_w = 264, .box_w = 15, .box_h = 30, .ofs_x = 2, .ofs_y = 0},
    {.bitmap_index = 42076, .adv_w = 348, .box_w = 21, .box_h = 22, .ofs_x = 0, .ofs_y = 0},
    {.bitmap_index = 42236, .adv_w = 322, .box_w = 18, .box_h = 22, .ofs_x = 1, .ofs_y = 0},
    {.bitmap_index = 42394, .adv_w = 142, .box_w = 5, .box_h = 22, .ofs_x = 2, .ofs_y = 0},
    {.bitmap_index = 42403, .adv_w = 142, .box_w = 11, .box_h = 28, .ofs_x = -1, .ofs_y = 0},
    {.bitmap_index = 42438, .adv_w = 246, .box_w = 13, .box_h = 22, .ofs_x = 0, .ofs_y = 0},
    {.bitmap_index = 42486, .adv_w = 529, .box_w = 32, .box_h = 23, .ofs_x = 0, .ofs_y = -1},
    {.bitmap_index = 42671, .adv_w = 536, .box_w = 31, .box_h = 22, .ofs_x = 2, .ofs_y = 0},
    {.bitmap_index = 42781, .adv_w = 329, .box_w = 19, .box_h = 22, .ofs_x = 0, .ofs_y = 0},
    {.bitmap_index = 42862, .adv_w = 319, .box_w = 18, .box_h = 30, .ofs_x = 2, .ofs_y = 0},
    {.bitmap_index = 43029, .adv_w = 350, .box_w = 18, .box_h = 30, .ofs_x = 2, .ofs_y = 0},
    {.bitmap_index = 43175, .adv_w = 308, .box_w = 20, .box_h = 29, .ofs_x = 0, .ofs_y = 0},
    {.bitmap_index = 43374, .adv_w = 374, .box_w = 20, .box_h = 26, .ofs_x = 2, .ofs_y = -4},
    {.bitmap_index = 43421, .adv_w = 328, .box_w = 20, .box_h = 22, .ofs_x = 0, .ofs_y = 0},
    {.bitmap_index = 43575, .adv_w = 312, .box_w = 17, .box_h = 22, .ofs_x = 2, .ofs_y = 0},
    {.bitmap_index = 43663, .adv_w = 306, .box_w = 17, .box_h = 22, .ofs_x = 2, .ofs_y = 0},
    {.bitmap_index = 43778, .adv_w = 264, .box_w = 15, .box_h = 22, .ofs_x = 2, .ofs_y = 0},
    {.bitmap_index = 43805, .adv_w = 363, .box_w = 22, .box_h = 26, .ofs_x = 0, .ofs_y = -4},
    {.bitmap_index = 43929, .adv_w = 283, .box_w = 15, .box_h = 22, .ofs_x = 2, .ofs_y = 0},
    {.bitmap_index = 43972, .adv_w = 444, .box_w = 28, .box_h = 22, .ofs_x = 0, .ofs_y = 0},
    {.bitmap_index = 44189, .adv_w = 320, .box_w = 18, .box_h = 22, .ofs_x = 1, .ofs_y = 0},
    {.bitmap_index = 44332, .adv_w = 350, .box_w = 18, .box_h = 22, .ofs_x = 2, .ofs_y = 0},
    {.bitmap_index = 44439, .adv_w = 350, .box_w = 18, .box_h = 29, .ofs_x = 2, .ofs_y = 0},
    {.bitmap_index = 44589, .adv_w = 319, .box_w = 18, .box_h = 22, .ofs_x = 2, .ofs_y = 0},
    {.bitmap_index = 44716, .adv_w = 350, .box_w = 20, .box_h = 23, .ofs_x = 0, .ofs_y = -1},
    {.bitmap_index = 44836, .adv_w = 413, .box_w = 22, .box_h = 22, .ofs_x = 2, .ofs_y = 0},
    {.bitmap_index = 44983, .adv_w = 352, .box_w = 18, .box_h = 22, .ofs_x = 2, .ofs_y = 0},
    {.bitmap_index = 45015, .adv_w = 364, .box_w = 22, .box_h = 22, .ofs_x = 0, .ofs_y = 0},
    {.bitmap_index = 45184, .adv_w = 352, .box_w = 18, .box_h = 22, .ofs_x = 2, .ofs_y = 0},
    {.bitmap_index = 45213, .adv_w = 312, .box_w = 17, .box_h = 22, .ofs_x = 2, .ofs_y = 0},
    {.bitmap_index = 45303, .adv_w = 358, .box_w = 22, .box_h = 22, .ofs_x = 0, .ofs_y = 0},
    {.bitmap_index = 45465, .adv_w = 293, .box_w = 18, .box_h = 22, .ofs_x = 0, .ofs_y = 0},
    {.bitmap_index = 45497, .adv_w = 308, .box_w = 20, .box_h = 22, .ofs_x = 0, .ofs_y = 0},
    {.bitmap_index = 45650, .adv_w = 359, .box_w = 22, .box_h = 22, .ofs_x = 0, .ofs_y = 0},
    {.bitmap_index = 45808, .adv_w = 323, .box_w = 20, .box_h = 22, .ofs_x = 0, .ofs_y = 0},
    {.bitmap_index = 45970, .adv_w = 365, .box_w = 21, .box_h = 26, .ofs_x = 2, .ofs_y = -4},
    {.bitmap_index = 46022, .adv_w = 329, .box_w = 17, .box_h = 22, .ofs_x = 2, .ofs_y = 0},
    {.bitmap_index = 46096, .adv_w = 461, .box_w = 25, .box_h = 22, .ofs_x = 2, .ofs_y = 0},
    {.bitmap_index = 46141, .adv_w = 471, .box_w = 28, .box_h = 26, .ofs_x = 2, .ofs_y = -4},
    {.bitmap_index = 46207, .adv_w = 323, .box_w = 20, .box_h = 22, .ofs_x = 0, .ofs_y = 0},
    {.bitmap_index = 46303, .adv_w = 431, .box_w = 23, .box_h = 22, .ofs_x = 2, .ofs_y = 0},
    {.bitmap_index = 46402, .adv_w = 316, .box_w = 17, .box_h = 22, .ofs_x = 2, .ofs_y = 0},
    {.bitmap_index = 46488, .adv_w = 348, .box_w = 21, .box_h = 22, .ofs_x = 0, .ofs_y = 0},
    {.bitmap_index = 46646, .adv_w = 459, .box_w = 26, .box_h = 22, .ofs_x = 2, .ofs_y = 0},
    {.bitmap_index = 46832, .adv_w = 322, .box_w = 17, .box_h = 22, .ofs_x = 1, .ofs_y = 0},
    {.bitmap_index = 46946, .adv_w = 280, .box_w = 15, .box_h = 17, .ofs_x = 1, .ofs_y = 0},
    {.bitmap_index = 47052, .adv_w = 290, .box_w = 16, .box_h = 24, .ofs_x = 1, .ofs_y = 0},
    {.bitmap_index = 47204, .adv_w = 272, .box_w = 15, .box_h = 17, .ofs_x = 2, .ofs_y = 0},
    {.bitmap_index = 47288, .adv_w = 233, .box_w = 12, .box_h = 17, .ofs_x = 2, .ofs_y = 0},
    {.bitmap_index = 47307, .adv_w = 310, .box_w = 19, .box_h = 21, .ofs_x = 0, .ofs_y = -4},
    {.bitmap_index = 47407, .adv_w = 292, .box_w = 17, .box_h = 17, .ofs_x = 1, .ofs_y = 0},
    {.bitmap_index = 47521, .adv_w = 378, .box_w = 24, .box_h = 17, .ofs_x = 0, .ofs_y = 0},
    {.bitmap_index = 47675, .adv_w = 252, .box_w = 15, .box_h = 17, .ofs_x = 0, .ofs_y = 0},
    {.bitmap_index = 47778, .adv_w = 298, .box_w = 15, .box_h = 17, .ofs_x = 2, .ofs_y = 0},
    {.bitmap_index = 47854, .adv_w = 298, .box_w = 15, .box_h = 23, .ofs_x = 2, .ofs_y = 0},
    {.bitmap_index = 47965, .adv_w = 265, .box_w = 16, .box_h = 17, .ofs_x = 2, .ofs_y = 0},
    {.bitmap_index = 48054, .adv_w = 295, .box_w = 17, .box_h = 18, .ofs_x = 0, .ofs_y = -1},
    {.bitmap_index = 48142, .adv_w = 353, .box_w = 18, .box_h = 17, .ofs_x = 2, .ofs_y = 0},
    {.bitmap_index = 48239, .adv_w = 304, .box_w = 15, .box_h = 17, .ofs_x = 2, .ofs_y = 0},
    {.bitmap_index = 48268, .adv_w = 301, .box_w = 17, .box_h = 17, .ofs_x = 1, .ofs_y = 0},
    {.bitmap_index = 48384, .adv_w = 298, .box_w = 15, .box_h = 17, .ofs_x = 2, .ofs_y = 0},
    {.bitmap_index = 48407, .adv_w = 300, .box_w = 16, .box_h = 24, .ofs_x = 2, .ofs_y = -7},
    {.bitmap_index = 48518, .adv_w = 280, .box_w = 16, .box_h = 17, .ofs_x = 1, .ofs_y = 0},
    {.bitmap_index = 48629, .adv_w = 259, .box_w = 16, .box_h = 17, .ofs_x = 0, .ofs_y = 0},
    {.bitmap_index = 48658, .adv_w = 274, .box_w = 18, .box_h = 24, .ofs_x = 0, .ofs_y = -7},
    {.bitmap_index = 48813, .adv_w = 367, .box_w = 21, .box_h = 29, .ofs_x = 1, .ofs_y = -7},
    {.bitmap_index = 48974, .adv_w = 270, .box_w = 17, .box_h = 17, .ofs_x = 0, .ofs_y = 0},
    {.bitmap_index = 49086, .adv_w = 319, .box_w = 18, .box_h = 21, .ofs_x = 2, .ofs_y = -4},
    {.bitmap_index = 49126, .adv_w = 281, .box_w = 15, .box_h = 17, .ofs_x = 1, .ofs_y = 0},
    {.bitmap_index = 49181, .adv_w = 384, .box_w = 20, .box_h = 17, .ofs_x = 2, .ofs_y = 0},
    {.bitmap_index = 49214, .adv_w = 377, .box_w = 22, .box_h = 21, .ofs_x = 2, .ofs_y = -4},
    {.bitmap_index = 49260, .adv_w = 293, .box_w = 18, .box_h = 17, .ofs_x = 0, .ofs_y = 0},
    {.bitmap_index = 49340, .adv_w = 366, .box_w = 19, .box_h = 17, .ofs_x = 2, .ofs_y = 0},
    {.bitmap_index = 49414, .adv_w = 278, .box_w = 15, .box_h = 17, .ofs_x = 2, .ofs_y = 0},
    {.bitmap_index = 49478, .adv_w = 280, .box_w = 17, .box_h = 17, .ofs_x = 0, .ofs_y = 0},
    {.bitmap_index = 49588, .adv_w = 418, .box_w = 23, .box_h = 17, .ofs_x = 2, .ofs_y = 0},
    {.bitmap_index = 49724, .adv_w = 285, .box_w = 15, .box_h = 17, .ofs_x = 1, .ofs_y = 0},
    {.bitmap_index = 49808, .adv_w = 292, .box_w = 17, .box_h = 25, .ofs_x = 1, .ofs_y = 0},
    {.bitmap_index = 49959, .adv_w = 292, .box_w = 17, .box_h = 22, .ofs_x = 1, .ofs_y = 0},
    {.bitmap_index = 50094, .adv_w = 305, .box_w = 18, .box_h = 30, .ofs_x = 0, .ofs_y = -8},
    {.bitmap_index = 50213, .adv_w = 233, .box_w = 12, .box_h = 25, .ofs_x = 2, .ofs_y = 0},
    {.bitmap_index = 50264, .adv_w = 280, .box_w = 16, .box_h = 17, .ofs_x = 1, .ofs_y = 0},
    {.bitmap_index = 50375, .adv_w = 263, .box_w = 15, .box_h = 17, .ofs_x = 1, .ofs_y = 0},
    {.bitmap_index = 50485, .adv_w = 142, .box_w = 5, .box_h = 22, .ofs_x = 2, .ofs_y = 0},
    {.bitmap_index = 50501, .adv_w = 142, .box_w = 11, .box_h = 22, .ofs_x = -1, .ofs_y = 0},
    {.bitmap_index = 50533, .adv_w = 144, .box_w = 8, .box_h = 29, .ofs_x = -1, .ofs_y = -7},
    {.bitmap_index = 50572, .adv_w = 414, .box_w = 25, .box_h = 18, .ofs_x = 0, .ofs_y = -1},
    {.bitmap_index = 50708, .adv_w = 406, .box_w = 23, .box_h = 17, .ofs_x = 2, .ofs_y = 0},
    {.bitmap_index = 50796, .adv_w = 305, .box_w = 18, .box_h = 22, .ofs_x = 0, .ofs_y = 0},
    {.bitmap_index = 50881, .adv_w = 265, .box_w = 16, .box_h = 25, .ofs_x = 2, .ofs_y = 0},
    {.bitmap_index = 51006, .adv_w = 298, .box_w = 15, .box_h = 25, .ofs_x = 2, .ofs_y = 0},
    {.bitmap_index = 51116, .adv_w = 274, .box_w = 18, .box_h = 31, .ofs_x = 0, .ofs_y = -7},
    {.bitmap_index = 51315, .adv_w = 298, .box_w = 15, .box_h = 21, .ofs_x = 2, .ofs_y = -4},
    {.bitmap_index = 51352, .adv_w = 269, .box_w = 15, .box_h = 26, .ofs_x = 2, .ofs_y = 0},
    {.bitmap_index = 51390, .adv_w = 233, .box_w = 12, .box_h = 20, .ofs_x = 2, .ofs_y = 0},
    {.bitmap_index = 51416, .adv_w = 302, .box_w = 19, .box_h = 22, .ofs_x = 0, .ofs_y = 0},
    {.bitmap_index = 51519, .adv_w = 273, .box_w = 17, .box_h = 22, .ofs_x = 0, .ofs_y = -5},
    {.bitmap_index = 51636, .adv_w = 329, .box_w = 17, .box_h = 22, .ofs_x = 2, .ofs_y = 0},
    {.bitmap_index = 51704, .adv_w = 281, .box_w = 15, .box_h = 17, .ofs_x = 2, .ofs_y = 0},
    {.bitmap_index = 51755, .adv_w = 373, .box_w = 22, .box_h = 22, .ofs_x = 0, .ofs_y = 0},
    {.bitmap_index = 51919, .adv_w = 301, .box_w = 17, .box_h = 17, .ofs_x = 1, .ofs_y = 0},
    {.bitmap_index = 52029, .adv_w = 259, .box_w = 14, .box_h = 4, .ofs_x = 1, .ofs_y = 8},
    {.bitmap_index = 52041, .adv_w = 374, .box_w = 21, .box_h = 4, .ofs_x = 1, .ofs_y = 8},
    {.bitmap_index = 52053, .adv_w = 146, .box_w = 5, .box_h = 9, .ofs_x = 2, .ofs_y = 13},
    {.bitmap_index = 52072, .adv_w = 146, .box_w = 5, .box_h = 9, .ofs_x = 2, .ofs_y = 13},
    {.bitmap_index = 52090, .adv_w = 229, .box_w = 10, .box_h = 9, .ofs_x = 2, .ofs_y = 14},
    {.bitmap_index = 52124, .adv_w = 229, .box_w = 10, .box_h = 9, .ofs_x = 2, .ofs_y = 13},
    {.bitmap_index = 52158, .adv_w = 346, .box_w = 10, .box_h = 10, .ofs_x = 6, .ofs_y = 5},
    {.bitmap_index = 52196, .adv_w = 353, .box_w = 18, .box_h = 5, .ofs_x = 2, .ofs_y = 0},
    {.bitmap_index = 52216, .adv_w = 259, .box_w = 14, .box_h = 4, .ofs_x = 1, .ofs_y = 9}
};

/*---------------------
 *  CHARACTER MAPPING
 *--------------------*/

static const uint8_t glyph_id_ofs_list_3[] = {
    0, 1, 2, 3, 0, 0, 4, 5,
    6, 7, 0, 8, 9, 10, 11, 12,
    13, 0, 0, 14, 15, 16, 17, 18,
    19, 20, 21, 0, 22, 23, 24, 25
};

static const uint16_t unicode_list_5[] = {
    0x0, 0x1, 0xa, 0x10, 0x11, 0x12, 0x13, 0x14,
    0x15, 0x16, 0x18
};

static const uint16_t unicode_list_9[] = {
    0x0, 0x1, 0x1e, 0x1f, 0x2a, 0x2b, 0x58, 0x59,
    0x1b83, 0x1b84, 0x1b88, 0x1b89, 0x1b8c, 0x1b8d, 0x1b92, 0x1b96,
    0x1d82
};

/*Collect the unicode lists and glyph_id offsets*/
static const lv_font_fmt_txt_cmap_t cmaps[] =
{
    {
        .range_start = 32, .range_length = 95, .glyph_id_start = 1,
        .unicode_list = NULL, .glyph_id_ofs_list = NULL, .list_length = 0, .type = LV_FONT_FMT_TXT_CMAP_FORMAT0_TINY
    },
    {
        .range_start = 160, .range_length = 116, .glyph_id_start = 96,
        .unicode_list = NULL, .glyph_id_ofs_list = NULL, .list_length = 0, .type = LV_FONT_FMT_TXT_CMAP_FORMAT0_TINY
    },
    {
        .range_start = 278, .range_length = 22, .glyph_id_start = 212,
        .unicode_list = NULL, .glyph_id_ofs_list = NULL, .list_length = 0, .type = LV_FONT_FMT_TXT_CMAP_FORMAT0_TINY
    },
    {
        .range_start = 302, .range_length = 32, .glyph_id_start = 234,
        .unicode_list = NULL, .glyph_id_ofs_list = glyph_id_ofs_list_3, .list_length = 32, .type = LV_FONT_FMT_TXT_CMAP_FORMAT0_FULL
    },
    {
        .range_start = 336, .range_length = 47, .glyph_id_start = 260,
        .unicode_list = NULL, .glyph_id_ofs_list = NULL, .list_length = 0, .type = LV_FONT_FMT_TXT_CMAP_FORMAT0_TINY
    },
    {
        .range_start = 884, .range_length = 25, .glyph_id_start = 307,
        .unicode_list = unicode_list_5, .glyph_id_ofs_list = NULL, .list_length = 11, .type = LV_FONT_FMT_TXT_CMAP_SPARSE_TINY
    },
    {
        .range_start = 910, .range_length = 20, .glyph_id_start = 318,
        .unicode_list = NULL, .glyph_id_ofs_list = NULL, .list_length = 0, .type = LV_FONT_FMT_TXT_CMAP_FORMAT0_TINY
    },
    {
        .range_start = 931, .range_length = 44, .glyph_id_start = 338,
        .unicode_list = NULL, .glyph_id_ofs_list = NULL, .list_length = 0, .type = LV_FONT_FMT_TXT_CMAP_FORMAT0_TINY
    },
    {
        .range_start = 1024, .range_length = 96, .glyph_id_start = 382,
        .unicode_list = NULL, .glyph_id_ofs_list = NULL, .list_length = 0, .type = LV_FONT_FMT_TXT_CMAP_FORMAT0_TINY
    },
    {
        .range_start = 1168, .range_length = 7555, .glyph_id_start = 478,
        .unicode_list = unicode_list_9, .glyph_id_ofs_list = NULL, .list_length = 17, .type = LV_FONT_FMT_TXT_CMAP_SPARSE_TINY
    }
};

/*-----------------
 *    KERNING
 *----------------*/


/*Map glyph_ids to kern left classes*/
static const uint8_t kern_left_class_mapping[] =
{
    0, 0, 0, 1, 0, 2, 0, 0,
    3, 4, 0, 0, 0, 5, 6, 7,
    8, 0, 9, 10, 0, 11, 12, 13,
    14, 0, 0, 15, 0, 0, 0, 0,
    0, 0, 16, 17, 18, 19, 20, 21,
    22, 0, 23, 24, 25, 26, 0, 0,
    27, 28, 29, 30, 31, 32, 33, 34,
    34, 35, 36, 37, 4, 0, 0, 0,
    0, 0, 38, 39, 40, 23, 41, 42,
    43, 44, 45, 0, 46, 45, 47, 47,
    48, 48, 23, 49, 50, 51, 23, 52,
    52, 53, 54, 55, 4, 0, 0, 0,
    0, 0, 56, 0, 57, 58, 0, 0,
    0, 0, 0, 0, 0, 0, 0, 0,
    0, 0, 0, 0, 0, 0, 0, 0,
    0, 0, 0, 0, 0, 0, 0, 0,
    16, 16, 16, 16, 16, 16, 20, 18,
    20, 20, 20, 20, 0, 0, 0, 0,
    19, 0, 27, 27, 27, 27, 27, 0,
    27, 33, 33, 33, 33, 36, 59, 60,
    38, 38, 38, 38, 38, 38, 41, 40,
    41, 41, 41, 41, 45, 45, 45, 45,
    60, 0, 48, 48, 48, 48, 48, 0,
    48, 23, 23, 23, 23, 54, 61, 54,
    16, 38, 16, 38, 16, 38, 18, 40,
    18, 40, 18, 40, 18, 40, 19, 62,
    19, 0, 20, 41, 20, 41, 0, 41,
    20, 41, 22, 43, 22, 43, 22, 43,
    22, 43, 0, 44, 0, 44, 0, 45,
    0, 45, 0, 45, 0, 45, 24, 0,
    25, 46, 26, 0, 0, 0, 26, 62,
    26, 53, 0, 0, 0, 0, 0, 0,
    0, 0, 27, 48, 27, 48, 20, 41,
    0, 49, 30, 49, 30, 49, 0, 50,
    31, 50, 31, 50, 31, 50, 32, 51,
    32, 62, 35, 51, 33, 23, 33, 23,
    33, 23, 33, 23, 33, 23, 33, 23,
    34, 52, 36, 54, 36, 37, 55, 37,
    55, 37, 55, 62, 62, 0, 0, 0,
    16, 0, 20, 0, 0, 27, 36, 27,
    63, 16, 17, 32, 16, 0, 37, 0,
    27, 23, 25, 16, 0, 0, 0, 27,
    0, 0, 0, 32, 36, 27, 35, 0,
    27, 0, 36, 23, 53, 47, 63, 47,
    23, 0, 52, 48, 48, 53, 47, 27,
    63, 46, 64, 23, 52, 65, 48, 42,
    48, 40, 66, 51, 47, 48, 53, 44,
    48, 63, 47, 48, 47, 48, 20, 20,
    60, 0, 18, 0, 23, 0, 0, 67,
    67, 17, 0, 0, 0, 0, 16, 59,
    17, 32, 0, 20, 25, 17, 0, 0,
    25, 0, 0, 0, 27, 0, 59, 18,
    32, 36, 27, 35, 0, 0, 0, 0,
    17, 0, 17, 27, 27, 0, 38, 48,
    0, 49, 23, 41, 53, 0, 23, 23,
    46, 23, 23, 23, 48, 23, 61, 40,
    49, 54, 48, 53, 0, 23, 23, 0,
    60, 23, 60, 48, 48, 23, 41, 41,
    44, 0, 40, 0, 45, 45, 0, 60,
    60, 44, 0, 23, 54, 0, 32, 49,
    36, 52, 17, 0, 27, 48, 0, 0,
    0, 68, 69, 70, 0, 0, 0
};

/*Map glyph_ids to kern right classes*/
static const uint8_t kern_right_class_mapping[] =
{
    0, 1, 0, 2, 0, 3, 0, 0,
    4, 5, 6, 0, 0, 7, 8, 7,
    9, 0, 10, 11, 12, 13, 0, 0,
    0, 0, 14, 15, 16, 0, 0, 0,
    0, 0, 17, 0, 18, 0, 0, 0,
    19, 0, 20, 21, 0, 0, 0, 0,
    19, 0, 22, 0, 23, 24, 25, 26,
    26, 27, 28, 29, 5, 0, 6, 0,
    0, 0, 30, 20, 31, 31, 31, 32,
    33, 34, 35, 0, 34, 35, 36, 36,
    31, 36, 37, 38, 39, 40, 41, 42,
    42, 43, 44, 45, 5, 0, 6, 0,
    1, 0, 46, 0, 47, 48, 0, 0,
    0, 0, 0, 0, 0, 0, 0, 0,
    0, 0, 0, 0, 0, 0, 0, 0,
    0, 0, 0, 0, 0, 0, 0, 0,
    17, 17, 17, 17, 17, 17, 17, 19,
    0, 0, 0, 0, 0, 0, 0, 0,
    0, 49, 19, 19, 19, 19, 19, 0,
    19, 25, 25, 25, 25, 28, 0, 0,
    30, 30, 30, 30, 30, 30, 30, 31,
    50, 50, 50, 50, 35, 35, 35, 35,
    51, 20, 31, 31, 31, 31, 31, 0,
    31, 41, 41, 41, 41, 44, 52, 44,
    17, 30, 17, 30, 17, 30, 19, 31,
    18, 31, 19, 31, 19, 31, 0, 51,
    0, 51, 0, 50, 0, 50, 0, 50,
    0, 50, 19, 33, 19, 33, 53, 33,
    53, 33, 0, 34, 0, 34, 0, 35,
    0, 35, 0, 35, 0, 35, 21, 0,
    0, 34, 0, 54, 0, 54, 0, 54,
    0, 31, 49, 20, 49, 20, 49, 20,
    49, 20, 19, 31, 19, 31, 19, 31,
    0, 38, 0, 38, 0, 38, 0, 39,
    23, 39, 23, 39, 23, 39, 24, 40,
    24, 40, 27, 40, 25, 41, 25, 41,
    25, 41, 25, 41, 25, 41, 25, 41,
    26, 42, 28, 44, 28, 29, 45, 29,
    45, 29, 45, 55, 55, 0, 0, 0,
    17, 0, 0, 0, 0, 19, 28, 19,
    41, 17, 0, 0, 17, 0, 29, 0,
    19, 20, 0, 17, 0, 0, 0, 19,
    0, 0, 0, 24, 28, 19, 27, 0,
    19, 0, 28, 31, 56, 36, 41, 41,
    31, 0, 42, 31, 56, 31, 36, 19,
    41, 34, 57, 52, 42, 58, 31, 32,
    59, 31, 31, 60, 41, 31, 43, 41,
    31, 41, 41, 31, 41, 31, 0, 0,
    24, 0, 18, 0, 20, 0, 0, 27,
    0, 26, 0, 0, 0, 0, 17, 49,
    0, 0, 17, 0, 27, 19, 49, 49,
    0, 17, 0, 0, 19, 0, 0, 19,
    24, 27, 19, 27, 0, 0, 0, 0,
    24, 0, 0, 27, 0, 49, 30, 61,
    20, 38, 31, 50, 43, 43, 20, 20,
    34, 31, 36, 20, 31, 20, 52, 31,
    60, 44, 31, 43, 20, 20, 20, 20,
    0, 20, 20, 31, 20, 30, 50, 50,
    34, 0, 58, 0, 35, 35, 0, 20,
    20, 34, 0, 20, 44, 0, 0, 38,
    28, 42, 0, 20, 19, 31, 0, 0,
    0, 62, 63, 64, 0, 0, 0
};

/*Kern values between classes*/
static const int8_t kern_class_values[] =
{
    0, 0, 0, 0, 0, 0, -101, 0,
    0, 0, 0, 0, 0, 0, 0, 0,
    0, 0, 0, 0, 0, 0, 0, 0,
    0, 0, 0, 0, 0, 0, -14, 0,
    -14, 0, 0, 0, -14, 0, -14, 0,
    0, 0, 0, 0, 0, -14, 0, 0,
    0, 0, -14, 0, 0, 0, 0, 0,
    0, -14, 0, 0, 0, 0, 0, 0,
    0, 0, 7, 0, 0, -29, -12, 0,
    0, 0, 0, 0, 0, 0, 0, 0,
    0, 0, 0, 0, 0, 0, 0, 0,
    0, 0, 0, 0, 0, 0, 0, 0,
    0, 0, 0, 0, 0, 0, 0, 0,
    0, 0, 0, 0, 0, 0, 0, -14,
    0, 0, 0, 0, 0, 0, 0, 0,
    0, 0, 0, 0, 0, 0, 0, 0,
    0, 0, -29, 5, 0, 0, 0, 0,
    0, 0, 0, 0, -58, 0, 0, 0,
    0, 0, 0, 0, 0, 0, 0, 0,
    0, 0, 0, 0, 0, 0, 0, 0,
    0, 0, 0, 0, 0, 0, 0, 0,
    0, 0, 0, 0, 0, -14, 0, 0,
    0, 0, 0, 0, 0, 0, 0, 0,
    0, 0, 0, 0, 0, 5, 0, 0,
    0, 0, 0, 0, 0, 0, 0, 0,
    0, 0, 0, 0, 0, 0, 0, 0,
    0, 0, 0, 0, 0, 0, 0, 0,
    0, 0, 0, 0, 0, 0, 0, 0,
    0, 0, 0, 0, 0, 0, 0, 0,
    0, 0, 0, 0, 0, 0, -24, 0,
    0, 0, 0, 0, 0, 0, 0, 0,
    0, 0, 0, 0, 0, 0, 0, 0,
    0, 0, 0, 0, 0, 0, 0, 0,
    0, -58, 0, 0, 0, 0, 0, 0,
    0, 0, 0, 0, 0, 0, 0, 0,
    0, 0, 0, 0, 0, 0, 0, 0,
    0, 0, 0, 0, 0, 0, 0, 0,
    0, 0, 0, 0, 0, 0, 0, 0,
    0, 0, 0, 0, 0, 0, 0, 0,
    0, 0, 0, 0, 0, 0, 0, 0,
    0, 0, 0, 0, 0, 0, 0, 0,
    0, 0, 0, -19, -10, 0, 0, 0,
    -10, 0, 0, 0, -14, 0, 0, -38,
    0, -22, -24, -38, 0, 0, 0, 0,
    0, 0, 0, 0, 0, 0, 0, 0,
    0, 0, -10, 0, 0, 0, 0, -38,
    0, 0, 0, 0, 0, 0, 0, 0,
    0, 0, 0, 0, 0, 0, 0, 0,
    0, 0, 0, 0, 0, 0, 0, 0,
    0, -58, 0, 0, 0, 0, 0, 0,
    0, 0, 0, 0, 0, 0, 0, 0,
    0, 0, 0, 0, 0, 0, 0, 0,
    0, 0, 0, 0, 0, 0, 0, 0,
    0, 0, 0, 0, 0, 0, 0, 0,
    0, 0, 0, 0, 0, 0, 0, 0,
    0, 0, 0, 0, 0, 0, 0, -58,
    0, 0, 0, 0, 0, 0, 0, 0,
    -67, 0, 0, 0, 0, 0, 0, 0,
    0, 0, 0, 0, 0, 0, 0, 0,
    0, 0, 0, 0, 0, -14, -24, 0,
    0, 0, 0, -14, 0, 0, -14, 0,
    0, 0, -10, 0, 0, 0, 0, 0,
    0, 0, 0, 0, 0, 0, 0, 0,
    0, 0, 0, 0, 0, 0, 0, 0,
    0, 0, 0, 0, 0, 0, -19, 0,
    0, 0, 0, 0, 0, 0, 0, 0,
    0, 0, 0, 0, 0, 0, 0, 0,
    0, 0, 0, 0, 0, 0, 0, 0,
    0, 0, 0, 0, 0, 0, 0, 0,
    0, 0, 0, 0, 0, 0, 0, 0,
    0, 0, 0, 0, 0, 0, 0, 0,
    0, 0, 0, 0, 0, 0, 0, 0,
    0, 0, 0, 0, 0, 0, 0, 0,
    0, 0, 0, 0, -10, 0, 0, 0,
    -10, 0, 0, 0, 0, 0, 0, 0,
    0, 0, 0, 0, 0, 0, 0, 0,
    0, 0, 0, 0, 0, 0, 0, 0,
    0, 0, 0, 0, 0, 0, 0, 0,
    0, 0, 0, 0, 0, 0, 0, 0,
    0, 0, 0, 0, 0, 0, 0, 0,
    0, -14, 0, -14, 0, -19, -10, 0,
    0, 0, 0, 0, -10, -14, 0, 0,
    0, 0, 0, 0, 0, 0, 0, 0,
    0, 0, 0, 0, 0, 0, 0, 0,
    0, 0, 0, 0, 0, 0, 0, 0,
    0, 0, 0, 0, 0, 0, 0, -38,
    0, 0, 0, 0, 0, 0, 0, 0,
    0, 0, 0, 0, 0, -10, -14, -14,
    0, 0, 0, 0, 0, 0, 0, 0,
    0, 0, -12, 0, 0, 0, 0, 0,
    0, 0, 0, 0, 0, 0, 0, 0,
    0, 0, 0, 0, 0, 0, 0, 0,
    0, 0, 0, 0, 0, 0, 0, 0,
    0, 0, 0, 0, 0, 0, 0, 0,
    0, 0, 0, 0, 0, 0, 0, 0,
    0, 0, 0, 0, 0, 0, 0, 0,
    0, 0, 0, 0, 0, 0, 0, 0,
    0, -7, 0, 0, 0, -14, 0, 0,
    0, 0, 0, 0, 0, 0, 0, 0,
    0, 0, 0, 0, 0, 0, 0, 0,
    0, 0, 0, 0, 0, 0, 0, 0,
    0, 0, 0, 0, 0, 0, 0, 0,
    0, 0, 0, 0, 0, 0, 0, 0,
    0, 0, 0, 0, 0, 0, 0, 0,
    0, 0, 0, 0, 0, 0, 0, 0,
    0, 0, 0, 0, -19, 0, 0, 0,
    -19, 0, 0, 0, 0, 0, 0, 0,
    0, 0, 0, 0, 0, 0, 0, 0,
    0, 0, 0, 0, 0, 0, 0, 0,
    0, 0, 0, 0, 0, 0, 0, 0,
    0, 0, 0, 0, 0, 0, 0, 0,
    0, 0, 0, 0, 0, 0, 0, 0,
    0, 0, 0, 0, 0, 0, 0, 0,
    -38, 0, 0, 0, 0, 0, 0, 0,
    0, 0, 0, 0, 0, 0, 0, 0,
    0, 0, 0, 0, 0, 0, 0, 0,
    0, 0, 0, 0, 0, 0, 0, 0,
    0, 0, 0, 0, 0, 0, 0, 0,
    0, 0, 0, 0, 0, 0, 0, 0,
    0, 0, 0, 0, 0, 0, 0, 0,
    0, -48, -10, -48, 0, 0, 0, -19,
    0, 0, 0, 0, 14, 0, 0, 0,
    14, -10, -10, 0, 0, -10, -10, -29,
    -10, -34, 0, -29, 0, 0, 0, -12,
    0, 0, 0, 0, 0, 0, 0, -10,
    0, -19, 0, -24, 0, 0, -10, -29,
    0, 0, 0, 0, -10, 0, -48, 0,
    0, 0, 0, 0, 0, -38, -58, -38,
    0, 0, 0, 0, 0, 0, -14, 0,
    0, 0, 0, 0, 0, 0, 0, 0,
    0, 0, 0, 0, 0, 0, 0, -10,
    0, -14, -14, -14, 0, 0, 0, 0,
    0, 0, 0, 0, 0, 0, 0, 0,
    0, 0, 0, 0, 0, 0, 0, -14,
    0, 0, 0, 0, 0, 0, 0, 0,
    0, 0, 0, 0, 0, 0, 0, 0,
    0, 0, 14, 0, 0, -29, -24, 0,
    0, 0, 0, 0, -10, 0, 0, 0,
    -10, 0, 0, 0, 0, 0, 14, 0,
    0, -10, -14, -14, 0, 0, 0, 0,
    0, 0, 0, 0, 0, 0, 0, 0,
    0, 0, 0, 0, 0, 0, 0, -14,
    0, 0, 0, 0, 0, 0, 0, 0,
    0, 0, 0, 0, 0, 0, 0, 0,
    0, 0, 0, 0, 0, -29, -24, 0,
    0, 0, 0, 0, -10, 0, 0, 0,
    -10, 0, 0, 0, 0, 0, 0, -10,
    0, -14, -14, -14, -12, 0, 0, 0,
    0, 0, 0, 0, 0, 0, 0, 0,
    0, 0, 0, 0, 0, 0, 0, -14,
    0, 0, 0, 0, 0, 0, 0, 0,
    0, 0, 0, 0, 0, 0, 0, 0,
    0, 0, 0, 0, 0, 0, 0, 0,
    0, 0, 0, 0, 0, 0, 0, 0,
    0, -12, -14, 0, 0, -14, 0, 0,
    0, 0, 0, 0, 0, 0, 0, 0,
    0, 0, 0, 0, 0, 0, 0, 0,
    0, 0, 0, 0, 0, 0, -14, 0,
    0, 0, 0, 0, 0, 0, 0, 0,
    0, 0, 0, 0, 0, 0, 0, 0,
    0, 0, 0, 0, 0, 0, -55, 0,
    0, 0, 0, 0, -5, 0, 0, 0,
    -5, 0, 0, 0, -24, 0, 0, 0,
    0, 0, 0, 0, 0, -10, -7, 0,
    0, 0, 0, 0, -10, 0, 0, 0,
    0, 0, 0, 0, 0, -10, 0, 0,
    0, -10, 0, 0, 0, 0, 0, 0,
    0, -10, 0, 0, 0, 0, 0, 0,
    0, 0, 0, 0, 0, 0, -24, 0,
    0, 0, 0, 0, -10, 0, 0, 0,
    -10, 0, 0, 0, 0, 0, 0, -10,
    0, -14, -14, -14, 0, 0, 0, 0,
    0, 0, 0, 0, 0, 0, 0, 0,
    0, 0, 0, 0, 0, 0, 0, -14,
    0, 0, 0, 0, 0, 0, 0, 0,
    0, 0, 0, 0, 0, 0, 0, 0,
    0, 0, 0, 0, 0, 0, 0, 0,
    0, 0, 0, 0, 0, 0, 0, 0,
    0, 0, 0, 0, 0, 0, 0, 0,
    0, 0, 0, -19, 0, 0, 0, 0,
    0, 0, 0, 0, 0, 0, 0, 0,
    0, 0, 0, 0, 0, 0, 0, -19,
    0, 0, 0, 0, 0, 0, 0, 0,
    0, 0, 0, 0, 0, 0, 0, 0,
    0, 0, 0, 0, 0, 0, -24, 0,
    0, 0, 0, 0, -10, 0, 0, 0,
    -10, 0, 0, 0, 0, 0, 0, 0,
    0, 0, 0, 0, 0, 0, 0, 0,
    0, 0, 0, 0, 0, 0, 0, 0,
    0, 0, 0, 0, 0, 0, 0, 0,
    0, 0, 0, 0, 0, 0, 0, 0,
    0, 0, 0, 0, 0, 0, 0, 0,
    -10, 0, -14, 0, 0, 0, 0, -24,
    0, 0, 0, 0, 0, 0, 0, 0,
    0, -14, -19, 0, 0, -14, -14, 0,
    0, 0, 0, 0, 0, 0, -19, 0,
    -14, 0, 0, 0, -17, 0, -10, -15,
    -17, 0, 0, -22, 0, -17, -19, 0,
    0, -14, -17, 0, -14, 0, 0, 0,
    0, -17, 0, 0, 0, 0, -10, 0,
    -24, -58, 0, -58, 0, -14, 0, -38,
    0, 0, 0, 0, 0, 0, 0, 0,
    0, 0, -10, 0, 0, -10, 0, -48,
    0, -38, 0, -48, 0, 0, 0, -10,
    0, 0, 0, 0, 0, 0, 0, -12,
    0, -17, 0, -24, 0, 0, -10, -48,
    0, 0, 0, 0, 0, 0, -58, 0,
    0, 0, 0, 0, 0, -58, -58, -58,
    0, 0, 0, 0, 0, -29, -24, 0,
    0, 0, 0, 0, -10, 0, 0, 0,
    -10, 0, 0, 0, 0, 0, 0, -10,
    0, -14, -24, -14, 0, 0, 0, 0,
    0, 0, 0, 0, 0, 0, 0, 0,
    0, 0, -10, 0, 0, 0, 0, -14,
    0, 0, 0, 0, 0, 0, 0, 0,
    0, 0, 0, 0, 0, 0, 0, 0,
    0, 0, 0, 0, 0, -29, -77, 0,
    0, 0, 0, 0, -24, 0, 0, 0,
    -24, 0, 0, 0, -24, 0, 0, 0,
    0, 0, -14, 0, 0, -5, -5, 19,
    0, 0, 0, 0, 0, 0, 0, 0,
    0, 0, 0, 0, 0, 0, 0, 0,
    0, 0, 0, 0, 0, 0, 0, 0,
    0, 0, 0, 0, 0, 0, 0, 0,
    0, 0, 0, 0, 0, -29, -14, 0,
    0, 0, 0, 0, -10, 0, 0, 0,
    -10, 0, 0, 0, 0, 0, 0, -10,
    0, -14, -14, -14, 0, 0, 0, 0,
    0, 0, 0, 0, 0, 0, 0, 0,
    0, 0, -10, 0, 0, 0, 0, -14,
    0, 0, 0, 0, 0, 0, 0, 0,
    0, 0, 0, 0, 0, 0, 0, 0,
    0, 0, 0, 0, 0, 0, 0, 0,
    0, 0, 0, 0, 0, 0, 0, 0,
    0, -14, 0, 0, 0, 0, 0, 0,
    0, 0, 0, -7, 0, 0, 0, 0,
    0, 0, 0, 0, 0, 0, 0, 0,
    0, 0, 0, 0, 0, 0, 0, -7,
    14, 0, 0, 0, 0, 0, 0, 0,
    0, 0, 0, 0, 0, 0, 0, 0,
    0, 0, 7, 0, 0, -29, -12, 0,
    0, 0, 0, 0, 0, 0, 0, 0,
    0, 0, 0, 0, 0, 0, 7, 0,
    0, -10, -14, -14, 0, 0, 0, 0,
    0, 0, 0, 0, 0, 0, 0, 0,
    0, 0, 0, -5, 0, 0, 0, -14,
    0, 0, 0, 0, 0, 0, 0, 0,
    0, 0, 0, 0, 0, 0, 0, 0,
    -14, 0, 0, 0, 0, 0, -48, -48,
    0, 0, 0, 0, -10, 0, -48, -43,
    -10, 0, 0, 0, -38, 0, 0, 29,
    0, 0, 0, 14, 0, -34, -38, 0,
    -38, 0, 0, -24, -38, -24, -29, 0,
    -24, -29, -34, -34, -29, -34, 0, 14,
    0, -34, -34, -24, 0, 0, 0, -38,
    0, -34, 0, -14, 0, 0, 0, 19,
    0, 0, -14, 0, 0, 0, -10, 0,
    0, 0, 0, 0, -14, 0, 0, 0,
    -14, 0, 0, 0, 0, 0, -14, 0,
    0, 0, 0, 0, 0, 0, 0, 0,
    0, 0, 0, 0, 0, 0, 0, 0,
    0, 0, 0, 0, 0, 0, 0, 0,
    0, 0, 0, 0, 0, 0, 0, 0,
    0, 0, 0, 0, 0, 0, 0, 0,
    0, 0, -10, 0, 0, 0, -29, -22,
    0, 0, 0, 0, -34, 0, -24, -24,
    -34, -10, -10, 0, -14, -10, -10, 0,
    0, 0, 0, 0, 0, -22, -29, 0,
    -22, 0, -10, -14, -22, 0, -14, 0,
    -14, -14, -14, 0, -10, -22, -10, 0,
    0, -22, 0, -14, -10, 0, 0, 0,
    0, -22, 0, 0, 0, 0, 0, 0,
    0, 0, -10, 0, 0, 0, 0, -14,
    19, 0, 0, 0, 0, 0, 0, 0,
    0, -14, -14, 0, 0, -14, -10, 19,
    0, 0, 0, 0, 0, 0, -10, 0,
    0, 0, 0, 0, 0, 0, 0, 0,
    0, 0, 0, 0, 0, 0, -14, 0,
    0, 0, 0, 0, -14, 0, 0, 0,
    0, 0, 0, 0, 0, 0, 0, 0,
    -19, 0, -14, 0, 0, 0, -67, -48,
    0, 0, 0, 0, -34, 0, -17, -38,
    -34, -19, -19, -24, -38, -19, -14, 14,
    0, 0, -10, 15, 0, -38, -38, 0,
    -38, 0, 0, -24, -38, -19, -38, 0,
    -19, -17, -14, -17, -17, -38, -19, 15,
    0, -38, 0, -19, -19, 0, 0, 0,
    0, -38, 0, 0, -19, 0, 0, 0,
    0, 0, 0, 0, 0, 0, 0, 0,
    0, 0, 0, 0, 0, 0, 0, 0,
    0, 0, 0, 0, 0, 0, 0, 19,
    0, 0, 0, 0, 0, 0, 0, 0,
    0, 0, 0, 0, 0, 0, 0, 0,
    0, -29, 0, 0, 0, 0, 0, 0,
    0, 0, 0, 0, 0, 0, 0, 0,
    0, 0, 0, 0, 0, 0, 0, 0,
    0, -10, 0, -10, 0, -10, 0, 0,
    0, 0, 0, 0, 0, 0, 0, 0,
    0, 0, 0, 0, 0, 0, 0, -29,
    0, -14, 0, -29, 0, 0, 0, 0,
    0, 0, 0, 0, 0, 0, 0, 0,
    0, -10, 0, -14, 0, 0, 0, -29,
    0, 0, 0, 0, 0, 0, -10, 0,
    0, 0, 0, 0, 0, -14, -14, -10,
    0, -10, 0, -10, 0, -19, -10, 0,
    0, 0, 0, 0, -10, -14, 0, 0,
    -10, 0, 0, 0, 0, 0, 0, -29,
    0, -14, -10, -38, 0, 0, 0, 0,
    0, 0, 0, 0, 0, 0, -7, 0,
    0, -10, -10, -19, -10, 0, 0, -38,
    0, 0, 0, 0, 0, 0, -10, 0,
    -19, 0, 0, -5, 0, -14, -14, -10,
    0, -10, 0, -10, 0, -19, -10, 0,
    0, 0, 0, 0, 0, 0, 0, 0,
    0, 0, 0, 0, 0, 0, 0, -29,
    0, -14, 0, -29, 0, -5, -7, 0,
    0, 0, -7, 0, 0, 0, 0, 0,
    0, 0, 0, -10, 0, 0, 0, -29,
    0, 0, 0, 0, 0, 0, -10, 0,
    0, 0, 0, 0, 0, -14, -14, -10,
    0, 0, 0, 0, -19, -19, -10, 0,
    0, 0, 0, 0, 0, 0, 0, 0,
    0, 0, 0, 0, 0, 0, 0, -29,
    0, -14, 0, -29, 0, -5, 0, 0,
    0, 0, 0, -7, 0, 0, 0, 0,
    0, -10, -10, -5, 0, 0, 0, -29,
    0, 0, 0, 0, 0, 0, 0, 0,
    0, 0, 0, -10, 0, 0, 0, -14,
    0, 0, 0, 14, 0, 0, -24, 0,
    0, 0, 0, 0, 0, 0, 0, 0,
    0, 0, 0, 15, 0, 0, 0, 29,
    0, 0, 0, 0, 0, -7, -10, 0,
    0, 15, 7, 0, 0, 0, 0, 0,
    0, 0, 0, 0, 0, 0, 0, 0,
    0, 0, 0, 0, 0, 5, 14, 0,
    0, 0, 0, 0, 0, 14, 19, 14,
    0, 0, 0, 0, 0, 0, 0, 0,
    0, 0, 0, 0, 0, 0, 0, 0,
    0, 0, 0, 0, 0, 0, 0, -24,
    0, 0, 0, -24, 0, 0, 0, 0,
    0, 0, 0, 0, 0, 0, 0, 0,
    0, 0, 0, 0, 0, 0, 0, -24,
    0, 0, 0, 0, 0, 0, 0, 0,
    0, 0, 0, 0, 0, 0, -24, 0,
    0, -10, 0, -10, 0, -10, 0, 0,
    0, 0, 0, 0, 0, 0, 0, 0,
    0, 0, 0, 0, 0, 0, 0, -29,
    0, 0, 0, 0, 0, 0, 0, 0,
    0, 0, 0, 0, 0, 0, 0, 0,
    0, 0, 0, 0, 0, 0, 0, 0,
    0, 0, 0, 0, 0, 0, -10, 0,
    0, 0, 0, 0, 0, -10, -14, -10,
    0, 0, 0, -29, 0, 0, 0, 0,
    0, 0, 0, 0, 0, 0, 0, 0,
    0, 0, 0, 0, 0, 0, 0, 0,
    0, 0, 0, 0, 0, 0, 0, 0,
    0, 0, 0, 0, 0, 0, 0, 0,
    0, 0, 0, 0, 0, 0, 0, 0,
    0, 0, 0, 0, 0, 0, -29, 0,
    0, 0, 0, 0, 0, -29, 0, 0,
    0, 0, 0, 0, 0, 0, 0, -14,
    0, 0, 0, 0, 0, 0, 0, 0,
    0, 0, 0, 0, 0, 0, 0, 0,
    0, 0, 0, 0, 0, 0, -5, 0,
    0, 0, 0, 0, -14, 0, -5, 0,
    0, 0, 0, 0, 0, -10, 0, 0,
    0, -10, 0, 0, 0, 0, 0, 0,
    0, -10, 0, 0, 0, 0, 0, 0,
    0, -10, 0, -19, 0, -10, 0, 0,
    0, 0, 0, 0, 0, 0, 0, 0,
    0, 0, 0, 0, 0, 0, 0, -29,
    0, 0, 0, -34, 0, 0, -5, 0,
    0, 0, 0, 0, 0, 0, 0, 0,
    0, 0, 0, -10, 0, 0, 0, -34,
    0, 0, 0, 0, 0, 0, -19, 0,
    0, 0, 0, 0, 0, -19, -10, -10,
    0, -14, 0, -14, 0, -19, -10, 0,
    0, 0, 0, 0, -10, -14, 0, 0,
    -10, 0, 0, 0, 0, 0, 0, -29,
    0, -14, -10, -38, 0, 0, 0, 0,
    0, 0, 0, 0, 0, 0, -7, 0,
    0, -10, -10, -10, -10, 0, 0, -38,
    0, 0, 0, 0, 0, 0, -14, 0,
    -19, 0, 0, -5, 0, -10, -14, -14,
    0, 0, 0, 0, 0, -10, -38, 0,
    0, 0, 0, 0, 0, 0, 0, 0,
    0, 0, 0, 0, 0, 0, 0, 0,
    0, 0, 0, -10, 0, -5, -5, 0,
    -10, 0, 0, 0, 0, 0, -10, 0,
    0, 0, 0, -10, 0, 0, 0, -10,
    0, 0, 0, 0, 0, 0, 0, 0,
    0, 0, 0, 0, 0, 0, 0, 0,
    0, -10, 0, -10, 0, 0, 0, 0,
    0, 0, 0, 0, 0, 0, 0, 0,
    0, 0, 0, 0, 0, 0, 0, -24,
    0, -14, 0, -29, 0, 0, 0, 0,
    0, 0, 0, 0, 0, 0, 0, 0,
    0, -10, -10, -10, 0, 0, 0, -29,
    0, 0, 0, 0, 0, 0, -10, 0,
    0, 0, 0, 0, 0, -10, -14, -14,
    0, 0, 0, 0, 0, 0, 0, 0,
    0, 0, 0, 0, 0, 0, 0, 0,
    0, 0, 0, 0, 0, 0, 0, 0,
    0, 0, 0, -10, 0, 0, -14, 0,
    0, 0, 0, 0, 0, 0, 0, 0,
    0, 0, 0, -7, 0, 0, 0, -10,
    0, 0, 0, 0, 0, 0, 0, 0,
    0, 0, 0, 0, 0, 0, 0, 0,
    0, 0, 0, 0, -19, -10, -38, 0,
    0, 0, 0, 0, -19, 0, 0, 0,
    -19, 0, 0, 0, 0, 0, 0, -29,
    0, 0, 0, -17, 0, -14, -10, 0,
    -10, 0, 0, 0, -10, 0, -10, 0,
    0, 0, 0, -2, 0, 0, 0, -17,
    0, 0, 0, 0, 0, 0, 0, 0,
    0, 0, -14, 0, 0, 0, 0, 0,
    0, 0, 0, 0, 0, 0, 0, 0,
    0, 0, 0, 0, 0, 0, 0, 0,
    0, 0, 0, 0, 0, 0, 0, -24,
    0, 0, 0, -14, 0, -10, -10, 0,
    -10, 0, 0, 0, -10, 0, 0, 0,
    0, -5, 0, 0, 0, -10, 0, -14,
    0, -10, -10, 0, 0, 0, 0, 0,
    0, -10, 0, 0, 0, 0, 0, 0,
    0, 0, 0, 0, 0, 0, -38, 0,
    0, 0, 0, 0, -14, 0, 0, 0,
    -14, 0, 0, 0, 0, 0, 0, -19,
    0, 0, 0, -17, 0, -10, -10, 19,
    -10, 0, 0, 0, 0, 0, 0, 19,
    0, 0, 0, 0, 0, 0, 0, -17,
    0, 0, 0, 0, 0, 0, 0, 0,
    0, 0, 0, 0, 0, 0, 0, 14,
    0, 0, 0, 0, 0, 0, 0, 0,
    0, 0, 0, 0, 0, 0, 0, 0,
    0, 0, 0, 0, 0, 0, 0, -24,
    0, 0, 0, -17, 0, -14, -19, 0,
    0, 0, 0, 0, -14, 0, 0, 0,
    0, 0, 0, -5, 0, -14, 0, -17,
    0, -14, -14, 0, 0, 0, 0, 0,
    0, -14, 0, 0, 0, 0, 0, 0,
    0, -10, 0, -10, 0, -19, -10, 0,
    0, 0, 0, 0, 0, 0, 0, 0,
    0, 0, 0, 0, 0, 0, 0, 0,
    0, 0, 0, 0, 0, 0, 0, 0,
    0, 0, 0, 0, 0, 0, 0, 0,
    0, 0, 0, 0, 0, 0, 0, -29,
    0, 0, 0, 0, 0, 0, 0, 0,
    0, 0, 0, 0, 0, -14, -14, -10,
    0, 0, 0, 0, 0, -29, -24, 0,
    0, 0, 0, 0, -10, 0, 0, 0,
    0, 0, 0, 0, 0, 0, 0, 0,
    0, 0, 0, 0, 0, 0, 0, 0,
    0, 0, 0, 0, 0, 0, 0, 0,
    0, 0, 0, 0, 0, 0, 0, -14,
    0, 0, 0, 0, 0, 0, 0, 0,
    0, 0, 0, 0, 0, 0, 0, 0,
    -19, 0, -14, 0, 0, 0, -67, -48,
    0, 0, 0, 0, -34, 0, -17, -38,
    0, 0, 0, 0, 0, 0, 0, 0,
    0, 0, 0, 0, 0, 0, 0, 0,
    0, 0, 0, 0, 0, 0, 0, 0,
    0, 0, 0, 0, 0, -38, -19, 15,
    0, 0, 0, 0, 0, 0, 0, 0,
    0, 0, 0, 0, 0, 0, 0, 0,
    0, 0, 0, 0, 0, 0, 0, 0,
    0, 0, 0, 0, -29, 0, 0, 0,
    -29, 0, 0, 0, 0, 0, 0, 0,
    0, 0, 0, 0, 0, 0, 0, 0,
    0, 0, 0, 0, 0, 0, 0, 0,
    0, 0, 0, 0, 0, 0, 0, 0,
    0, 0, 0, 0, 0, 0, 0, 0,
    0, 0, 0, 0, 0, 0, 0, 0,
    0, 0, 0, 0, 0, 0, 0, 0,
    0, 0, 0, 0, -10, 0, 0, 0,
    -10, 0, 0, -7, 0, 0, 0, 0,
    0, 0, 0, 0, 0, 0, 0, 0,
    0, 0, 0, 0, 0, 0, 0, 0,
    0, 0, 0, 0, 0, 0, 0, 0,
    0, 0, 0, 0, 0, 0, 0, 0,
    0, 0, 0, 0, 0, 0, 0, 0,
    0, 0, 0, 0, 0, 0, 0, 0,
    0, 0, 0, 0, 0, 0, 0, 0,
    0, 0, 0, 0, 0, 0, 0, -29,
    0, 0, 0, -29, 0, 0, 0, 0,
    0, 0, 0, 0, 0, 0, 0, 0,
    0, 0, -10, -10, 0, 0, 0, -29,
    0, 0, 0, 0, 0, -5, 0, 0,
    0, 0, 0, 0, 0, 0, 0, 0,
    0, 0, -29, 5, 0, 0, 0, 0,
    0, 0, 0, 0, -58, 0, 0, 0,
    -58, 0, 0, 0, 0, 0, -29, 0,
    0, 0, 0, 0, 0, -14, -43, 0,
    -14, 0, 14, 0, -14, 0, -38, 0,
    0, 0, 0, 0, 0, -14, 0, 0,
    0, 0, -14, 0, 0, 0, 5, 0,
    0, -14, 0, 0, 0, 5, 0, 0,
    0, 0, 0, 0, 0, 0, 0, 0,
    0, 0, 0, 0, 0, 0, 0, 0,
    0, 0, 0, 0, 0, 0, 0, 0,
    0, 0, 0, 0, 0, 0, -14, -14,
    0, 0, 0, 0, 0, 0, 0, 0,
    0, -29, 0, 0, 0, 0, 0, 0,
    0, 0, 0, 0, 0, 0, 0, 0,
    0, 0, 0, -29, 0, 0, 0, 0,
    0, 0, 0, 0, 0, 0, 0, 0,
    0, 0, 0, 0, 0, 0, 0, 0,
    0, 0, 0, 0, 0, 0, 0, 0,
    0, 0, 0, 0, 0, 0, -14, 0,
    0, 0, 0, 0, 0, 0, 0, 0,
    0, 0, 0, 0, 0, 0, 0, 0,
    0, 0, 0, 0, 0, 0, 0, 0,
    0, 0, 0, -19, 0, 0, 0, 0,
    0, 0, 0, 0, 0, 0, 0, 0,
    0, 0, 0, 0, 0, 0, 0, 0,
    0, 0, 0, 0, 0, 0, 0, 0,
    0, 0, 0, 0, 0, 0, -14, 0,
    0, 0, 0, 0, 0, 0, 0, 0,
    -14, 0, 0, 0, 0, 0, 0, 0,
    0, 0, 0, 0, 0, 0, 0, 0,
    0, 0, 0, 0, 0, 0, 0, 0,
    0, 0, 0, 0, 0, 0, 0, 0,
    0, 0, 0, 0, 0, 0, 0, 0,
    0, 0, 0, 0, 0, 0, 0, 0,
    0, 0, 0, 0, 0, 0, 0, 0,
    0, 0, 0, 0, 0, 0, 0, 0,
    0, 0, 0, 0, 0, 0, 0, 0,
    0, 0, 0, 0, 0, 0, 0, 0,
    -7, 0, 0, -10, 0, 0, 0, 0,
    0, 0, 0, 0, 0, 0, 0, 0,
    0, 0, 0, 0, 0, 0, 0, 0,
    0, 0, 0, 0, 0, 0, 0, 0,
    0, 0, 0, 0, 0, 0, 0, 0,
    0, 0, 0, 0, 0, 0, 0, 0,
    0, 0, 0, -19, 0, 0, 0, 0,
    0, 0, 0, 0, 0, 0, 0, 0,
    0, 0, 0, 0, 0, 0, 0, 0,
    0, 0, -29, 5, 0, 0, 0, 0,
    0, 0, 0, 0, -58, 0, 0, 0,
    0, 0, 0, 0, 0, 0, 0, 0,
    0, 0, 0, 0, 0, 0, 0, 0,
    0, 0, 0, 0, 0, 0, 0, 0,
    0, 0, 0, 0, 0, -19, 0, 0,
    0, 0, 0, 0, 0, 0, 0, 0,
    0, 0, 0, 0, 0, 5, 0, 0,
    0, 0, 0, 0, 0, 0, 0, 0,
    0, 0, 0, 0, -58, 0, 0, 0,
    -58, 0, 0, 0, -58, 0, 0, 0,
    0, 0, 0, 0, 0, -14, -14, 0,
    -14, 0, 0, 0, -14, 0, -14, 14,
    0, 0, 0, 0, 0, -14, 0, 0,
    0, 0, -14, 0, 0, 0, 0, 0,
    0, -14, 0, 0, 0, 0, 0, 0,
    0, 0, 0, 0, 0, 0, -86, 0,
    0, 0, 0, 0, -58, 0, -67, -67,
    -58, 0, 0, 0, -48, 0, 0, 0,
    0, 0, 0, 0, 0, 0, -14, -14,
    -19, 0, 0, 0, -14, 0, -14, 0,
    0, 0, 0, 0, 0, -14, 0, 0,
    0, 0, -14, 0, 0, 0, 0, 0,
    0, -14, 0, 0, 0, 0, 0, 0
};


/*Collect the kern class' data in one place*/
static const lv_font_fmt_txt_kern_classes_t kern_classes =
{
    .class_pair_values   = kern_class_values,
    .left_class_mapping  = kern_left_class_mapping,
    .right_class_mapping = kern_right_class_mapping,
    .left_class_cnt      = 70,
    .right_class_cnt     = 64,
};

/*--------------------
 *  ALL CUSTOM DATA
 *--------------------*/

#if LVGL_VERSION_MAJOR == 8
/*Store all the custom data of the font*/
static  lv_font_fmt_txt_glyph_cache_t cache;
#endif

#if LVGL_VERSION_MAJOR >= 8
static const lv_font_fmt_txt_dsc_t font_dsc = {
#else
static lv_font_fmt_txt_dsc_t font_dsc = {
#endif
    .glyph_bitmap = glyph_bitmap,
    .glyph_dsc = glyph_dsc,
    .cmaps = cmaps,
    .kern_dsc = &kern_classes,
    .kern_scale = 16,
    .cmap_num = 10,
    .bpp = 4,
    .kern_classes = 1,
    .bitmap_format = 1,
#if LVGL_VERSION_MAJOR == 8
    .cache = &cache
#endif
};



/*-----------------
 *  PUBLIC FONT
 *----------------*/

/*Initialize a public general font descriptor*/
#if LVGL_VERSION_MAJOR >= 8
const lv_font_t font_h1 = {
#else
lv_font_t font_h1 = {
#endif
    .get_glyph_dsc = lv_font_get_glyph_dsc_fmt_txt,    /*Function pointer to get glyph's data*/
    .get_glyph_bitmap = lv_font_get_bitmap_fmt_txt,    /*Function pointer to get glyph's bitmap*/
    .line_height = 43,          /*The maximum line height required by the font*/
    .base_line = 10,             /*Baseline measured from the bottom of the line*/
#if !(LVGL_VERSION_MAJOR == 6 && LVGL_VERSION_MINOR == 0)
    .subpx = LV_FONT_SUBPX_NONE,
#endif
#if LV_VERSION_CHECK(7, 4, 0) || LVGL_VERSION_MAJOR >= 8
    .underline_position = -1,
    .underline_thickness = 1,
#endif
    .dsc = &font_dsc,          /*The custom font data. Will be accessed by `get_glyph_bitmap/dsc` */
#if LV_VERSION_CHECK(8, 2, 0) || LVGL_VERSION_MAJOR >= 9
    .fallback = NULL,
#endif
    .user_data = NULL,
};



#endif /*#if FONT_H1*/

